BOLSIG+ version: 03/2016
Collision input data:
--------------------------------------------------
C2H6                                                            
collisions.txt
 
 
 
Angular frequency / N (m3/s)               0.000    
Cosine of E-B field angle                  0.000    
Gas temperature (K)                        300.0    
Excitation temperature (K)                 300.0    
Transition energy (eV)                     0.000    
Ionization degree                          0.000    
Plasma density (1/m3)                     0.1000E+19
Ion charge parameter                       1.000    
Ion/neutral mass ratio                     1.000    
e-e momentum effects                       1.000    
Energy sharing                             1.000    
Growth model                               1.000    
Maxwellian mean energy (eV)                0.000    
# of grid points                           200.0    
Precision                                 0.1000E-09
Convergence                               0.1000E-03
Maximum # of iterations                    5000.    
Mole fraction C2H6                         1.000    
 
 
E/N (Td)    	Electric field / N (Td)                                         
0.1000E-02	0.1000E-02
0.1038E-02	0.1038E-02
0.1078E-02	0.1078E-02
0.1119E-02	0.1119E-02
0.1161E-02	0.1161E-02
0.1205E-02	0.1205E-02
0.1251E-02	0.1251E-02
0.1299E-02	0.1299E-02
0.1349E-02	0.1349E-02
0.1400E-02	0.1400E-02
0.1453E-02	0.1453E-02
0.1509E-02	0.1509E-02
0.1566E-02	0.1566E-02
0.1626E-02	0.1626E-02
0.1688E-02	0.1688E-02
0.1752E-02	0.1752E-02
0.1819E-02	0.1819E-02
0.1888E-02	0.1888E-02
0.1960E-02	0.1960E-02
0.2034E-02	0.2034E-02
0.2112E-02	0.2112E-02
0.2192E-02	0.2192E-02
0.2276E-02	0.2276E-02
0.2362E-02	0.2362E-02
0.2452E-02	0.2452E-02
0.2546E-02	0.2546E-02
0.2643E-02	0.2643E-02
0.2743E-02	0.2743E-02
0.2848E-02	0.2848E-02
0.2956E-02	0.2956E-02
0.3069E-02	0.3069E-02
0.3186E-02	0.3186E-02
0.3307E-02	0.3307E-02
0.3433E-02	0.3433E-02
0.3564E-02	0.3564E-02
0.3700E-02	0.3700E-02
0.3841E-02	0.3841E-02
0.3987E-02	0.3987E-02
0.4139E-02	0.4139E-02
0.4296E-02	0.4296E-02
0.4460E-02	0.4460E-02
0.4630E-02	0.4630E-02
0.4806E-02	0.4806E-02
0.4989E-02	0.4989E-02
0.5179E-02	0.5179E-02
0.5377E-02	0.5377E-02
0.5581E-02	0.5581E-02
0.5794E-02	0.5794E-02
0.6015E-02	0.6015E-02
0.6244E-02	0.6244E-02
0.6481E-02	0.6481E-02
0.6728E-02	0.6728E-02
0.6985E-02	0.6985E-02
0.7251E-02	0.7251E-02
0.7527E-02	0.7527E-02
0.7813E-02	0.7813E-02
0.8111E-02	0.8111E-02
0.8420E-02	0.8420E-02
0.8741E-02	0.8741E-02
0.9073E-02	0.9073E-02
0.9419E-02	0.9419E-02
0.9778E-02	0.9778E-02
0.1015E-01	0.1015E-01
0.1054E-01	0.1054E-01
0.1094E-01	0.1094E-01
0.1135E-01	0.1135E-01
0.1179E-01	0.1179E-01
0.1224E-01	0.1224E-01
0.1270E-01	0.1270E-01
0.1319E-01	0.1319E-01
0.1369E-01	0.1369E-01
0.1421E-01	0.1421E-01
0.1475E-01	0.1475E-01
0.1531E-01	0.1531E-01
0.1590E-01	0.1590E-01
0.1650E-01	0.1650E-01
0.1713E-01	0.1713E-01
0.1778E-01	0.1778E-01
0.1846E-01	0.1846E-01
0.1916E-01	0.1916E-01
0.1989E-01	0.1989E-01
0.2065E-01	0.2065E-01
0.2144E-01	0.2144E-01
0.2225E-01	0.2225E-01
0.2310E-01	0.2310E-01
0.2398E-01	0.2398E-01
0.2489E-01	0.2489E-01
0.2584E-01	0.2584E-01
0.2682E-01	0.2682E-01
0.2785E-01	0.2785E-01
0.2891E-01	0.2891E-01
0.3001E-01	0.3001E-01
0.3115E-01	0.3115E-01
0.3234E-01	0.3234E-01
0.3357E-01	0.3357E-01
0.3485E-01	0.3485E-01
0.3617E-01	0.3617E-01
0.3755E-01	0.3755E-01
0.3898E-01	0.3898E-01
0.4047E-01	0.4047E-01
0.4201E-01	0.4201E-01
0.4361E-01	0.4361E-01
0.4527E-01	0.4527E-01
0.4699E-01	0.4699E-01
0.4878E-01	0.4878E-01
0.5064E-01	0.5064E-01
0.5257E-01	0.5257E-01
0.5457E-01	0.5457E-01
0.5665E-01	0.5665E-01
0.5881E-01	0.5881E-01
0.6105E-01	0.6105E-01
0.6337E-01	0.6337E-01
0.6579E-01	0.6579E-01
0.6829E-01	0.6829E-01
0.7089E-01	0.7089E-01
0.7359E-01	0.7359E-01
0.7640E-01	0.7640E-01
0.7931E-01	0.7931E-01
0.8233E-01	0.8233E-01
0.8546E-01	0.8546E-01
0.8872E-01	0.8872E-01
0.9210E-01	0.9210E-01
0.9560E-01	0.9560E-01
0.9924E-01	0.9924E-01
0.1030	0.1030
0.1069	0.1069
0.1110	0.1110
0.1152	0.1152
0.1196	0.1196
0.1242	0.1242
0.1289	0.1289
0.1338	0.1338
0.1389	0.1389
0.1442	0.1442
0.1497	0.1497
0.1554	0.1554
0.1613	0.1613
0.1675	0.1675
0.1739	0.1739
0.1805	0.1805
0.1874	0.1874
0.1945	0.1945
0.2019	0.2019
0.2096	0.2096
0.2176	0.2176
0.2259	0.2259
0.2345	0.2345
0.2434	0.2434
0.2527	0.2527
0.2623	0.2623
0.2723	0.2723
0.2826	0.2826
0.2934	0.2934
0.3046	0.3046
0.3162	0.3162
0.3282	0.3282
0.3407	0.3407
0.3537	0.3537
0.3672	0.3672
0.3812	0.3812
0.3957	0.3957
0.4107	0.4107
0.4264	0.4264
0.4426	0.4426
0.4595	0.4595
0.4770	0.4770
0.4952	0.4952
0.5140	0.5140
0.5336	0.5336
0.5539	0.5539
0.5750	0.5750
0.5969	0.5969
0.6196	0.6196
0.6432	0.6432
0.6677	0.6677
0.6932	0.6932
0.7196	0.7196
0.7470	0.7470
0.7754	0.7754
0.8050	0.8050
0.8356	0.8356
0.8674	0.8674
0.9005	0.9005
0.9348	0.9348
0.9704	0.9704
1.007	1.007
1.046	1.046
1.086	1.086
1.127	1.127
1.170	1.170
1.214	1.214
1.261	1.261
1.309	1.309
1.358	1.358
1.410	1.410
1.464	1.464
1.520	1.520
1.578	1.578
1.638	1.638
1.700	1.700
1.765	1.765
1.832	1.832
1.902	1.902
1.974	1.974
2.049	2.049
2.127	2.127
2.208	2.208
2.293	2.293
2.380	2.380
2.470	2.470
2.565	2.565
2.662	2.662
2.764	2.764
2.869	2.869
2.978	2.978
3.092	3.092
3.209	3.209
3.332	3.332
3.458	3.458
3.590	3.590
3.727	3.727
3.869	3.869
4.016	4.016
4.169	4.169
4.328	4.328
4.493	4.493
4.664	4.664
4.841	4.841
5.026	5.026
5.217	5.217
5.416	5.416
5.622	5.622
5.836	5.836
6.059	6.059
6.289	6.289
6.529	6.529
6.778	6.778
7.036	7.036
7.304	7.304
7.582	7.582
7.871	7.871
8.170	8.170
8.482	8.482
8.805	8.805
9.140	9.140
9.488	9.488
9.849	9.849
10.22	10.22
10.61	10.61
11.02	11.02
11.44	11.44
11.87	11.87
12.33	12.33
12.80	12.80
13.28	13.28
13.79	13.79
14.31	14.31
14.86	14.86
15.42	15.42
16.01	16.01
16.62	16.62
17.25	17.25
17.91	17.91
18.59	18.59
19.30	19.30
20.04	20.04
20.80	20.80
21.59	21.59
22.42	22.42
23.27	23.27
24.16	24.16
25.08	25.08
26.03	26.03
27.02	27.02
28.05	28.05
29.12	29.12
30.23	30.23
31.38	31.38
32.57	32.57
33.82	33.82
35.10	35.10
36.44	36.44
37.83	37.83
39.27	39.27
40.76	40.76
42.32	42.32
43.93	43.93
45.60	45.60
47.34	47.34
49.14	49.14
51.01	51.01
52.96	52.96
54.97	54.97
57.07	57.07
59.24	59.24
61.50	61.50
63.84	63.84
66.27	66.27
68.79	68.79
71.41	71.41
74.13	74.13
76.96	76.96
79.89	79.89
82.93	82.93
86.09	86.09
89.37	89.37
92.77	92.77
96.31	96.31
99.97	99.97
103.8	103.8
107.7	107.7
111.8	111.8
116.1	116.1
120.5	120.5
125.1	125.1
129.9	129.9
134.8	134.8
140.0	140.0
145.3	145.3
150.8	150.8
156.6	156.6
162.5	162.5
168.7	168.7
175.1	175.1
181.8	181.8
188.7	188.7
195.9	195.9
203.4	203.4
211.1	211.1
219.2	219.2
227.5	227.5
236.2	236.2
245.2	245.2
254.5	254.5
264.2	264.2
274.3	274.3
284.7	284.7
295.6	295.6
306.8	306.8
318.5	318.5
330.6	330.6
343.2	343.2
356.3	356.3
369.9	369.9
384.0	384.0
398.6	398.6
413.8	413.8
429.5	429.5
445.9	445.9
462.9	462.9
480.5	480.5
498.8	498.8
517.8	517.8
537.5	537.5
558.0	558.0
579.2	579.2
601.3	601.3
624.2	624.2
648.0	648.0
672.6	672.6
698.3	698.3
724.9	724.9
752.5	752.5
781.1	781.1
810.9	810.9
841.8	841.8
873.8	873.8
907.1	907.1
941.6	941.6
977.5	977.5
1015.	1015.
1053.	1053.
1094.	1094.
1135.	1135.
1178.	1178.
1223.	1223.
1270.	1270.
1318.	1318.
1368.	1368.
1421.	1421.
1475.	1475.
1531.	1531.
1589.	1589.
1650.	1650.
1712.	1712.
1778.	1778.
1845.	1845.
1916.	1916.
1989.	1989.
2064.	2064.
2143.	2143.
2225.	2225.
2309.	2309.
2397.	2397.
2489.	2489.
2583.	2583.
2682.	2682.
2784.	2784.
2890.	2890.
3000.	3000.
 
 
E/N (Td)    	Grid type                                                       
0.1000E-02	2.000
0.1038E-02	3.000
0.1078E-02	3.000
0.1119E-02	3.000
0.1161E-02	3.000
0.1205E-02	3.000
0.1251E-02	3.000
0.1299E-02	3.000
0.1349E-02	3.000
0.1400E-02	3.000
0.1453E-02	3.000
0.1509E-02	3.000
0.1566E-02	3.000
0.1626E-02	3.000
0.1688E-02	3.000
0.1752E-02	3.000
0.1819E-02	3.000
0.1888E-02	3.000
0.1960E-02	3.000
0.2034E-02	3.000
0.2112E-02	3.000
0.2192E-02	3.000
0.2276E-02	3.000
0.2362E-02	3.000
0.2452E-02	3.000
0.2546E-02	3.000
0.2643E-02	3.000
0.2743E-02	3.000
0.2848E-02	3.000
0.2956E-02	3.000
0.3069E-02	3.000
0.3186E-02	3.000
0.3307E-02	3.000
0.3433E-02	3.000
0.3564E-02	3.000
0.3700E-02	3.000
0.3841E-02	3.000
0.3987E-02	3.000
0.4139E-02	3.000
0.4296E-02	3.000
0.4460E-02	3.000
0.4630E-02	3.000
0.4806E-02	3.000
0.4989E-02	3.000
0.5179E-02	3.000
0.5377E-02	3.000
0.5581E-02	3.000
0.5794E-02	3.000
0.6015E-02	3.000
0.6244E-02	3.000
0.6481E-02	3.000
0.6728E-02	3.000
0.6985E-02	3.000
0.7251E-02	3.000
0.7527E-02	3.000
0.7813E-02	3.000
0.8111E-02	3.000
0.8420E-02	3.000
0.8741E-02	3.000
0.9073E-02	3.000
0.9419E-02	3.000
0.9778E-02	3.000
0.1015E-01	3.000
0.1054E-01	3.000
0.1094E-01	3.000
0.1135E-01	3.000
0.1179E-01	3.000
0.1224E-01	3.000
0.1270E-01	3.000
0.1319E-01	3.000
0.1369E-01	3.000
0.1421E-01	3.000
0.1475E-01	3.000
0.1531E-01	3.000
0.1590E-01	3.000
0.1650E-01	3.000
0.1713E-01	3.000
0.1778E-01	3.000
0.1846E-01	3.000
0.1916E-01	3.000
0.1989E-01	3.000
0.2065E-01	3.000
0.2144E-01	3.000
0.2225E-01	3.000
0.2310E-01	3.000
0.2398E-01	3.000
0.2489E-01	3.000
0.2584E-01	3.000
0.2682E-01	3.000
0.2785E-01	3.000
0.2891E-01	3.000
0.3001E-01	3.000
0.3115E-01	3.000
0.3234E-01	3.000
0.3357E-01	3.000
0.3485E-01	3.000
0.3617E-01	3.000
0.3755E-01	3.000
0.3898E-01	3.000
0.4047E-01	3.000
0.4201E-01	3.000
0.4361E-01	3.000
0.4527E-01	3.000
0.4699E-01	3.000
0.4878E-01	3.000
0.5064E-01	3.000
0.5257E-01	3.000
0.5457E-01	3.000
0.5665E-01	3.000
0.5881E-01	3.000
0.6105E-01	3.000
0.6337E-01	3.000
0.6579E-01	3.000
0.6829E-01	3.000
0.7089E-01	3.000
0.7359E-01	3.000
0.7640E-01	3.000
0.7931E-01	3.000
0.8233E-01	3.000
0.8546E-01	3.000
0.8872E-01	3.000
0.9210E-01	3.000
0.9560E-01	3.000
0.9924E-01	3.000
0.1030	3.000
0.1069	3.000
0.1110	3.000
0.1152	3.000
0.1196	3.000
0.1242	3.000
0.1289	3.000
0.1338	3.000
0.1389	3.000
0.1442	3.000
0.1497	3.000
0.1554	3.000
0.1613	3.000
0.1675	3.000
0.1739	3.000
0.1805	3.000
0.1874	3.000
0.1945	3.000
0.2019	3.000
0.2096	3.000
0.2176	3.000
0.2259	3.000
0.2345	3.000
0.2434	3.000
0.2527	3.000
0.2623	3.000
0.2723	3.000
0.2826	3.000
0.2934	3.000
0.3046	3.000
0.3162	3.000
0.3282	3.000
0.3407	3.000
0.3537	3.000
0.3672	3.000
0.3812	3.000
0.3957	3.000
0.4107	3.000
0.4264	3.000
0.4426	3.000
0.4595	3.000
0.4770	3.000
0.4952	3.000
0.5140	3.000
0.5336	3.000
0.5539	3.000
0.5750	3.000
0.5969	3.000
0.6196	3.000
0.6432	3.000
0.6677	3.000
0.6932	3.000
0.7196	3.000
0.7470	3.000
0.7754	3.000
0.8050	3.000
0.8356	3.000
0.8674	3.000
0.9005	3.000
0.9348	3.000
0.9704	3.000
1.007	3.000
1.046	3.000
1.086	3.000
1.127	3.000
1.170	3.000
1.214	3.000
1.261	3.000
1.309	3.000
1.358	3.000
1.410	3.000
1.464	3.000
1.520	3.000
1.578	3.000
1.638	3.000
1.700	3.000
1.765	3.000
1.832	3.000
1.902	3.000
1.974	3.000
2.049	3.000
2.127	3.000
2.208	3.000
2.293	3.000
2.380	3.000
2.470	3.000
2.565	3.000
2.662	3.000
2.764	3.000
2.869	3.000
2.978	3.000
3.092	3.000
3.209	3.000
3.332	3.000
3.458	3.000
3.590	3.000
3.727	3.000
3.869	3.000
4.016	3.000
4.169	3.000
4.328	3.000
4.493	3.000
4.664	3.000
4.841	3.000
5.026	3.000
5.217	3.000
5.416	3.000
5.622	3.000
5.836	3.000
6.059	3.000
6.289	3.000
6.529	3.000
6.778	3.000
7.036	3.000
7.304	3.000
7.582	3.000
7.871	3.000
8.170	3.000
8.482	3.000
8.805	3.000
9.140	3.000
9.488	3.000
9.849	3.000
10.22	3.000
10.61	3.000
11.02	3.000
11.44	3.000
11.87	3.000
12.33	3.000
12.80	3.000
13.28	3.000
13.79	3.000
14.31	3.000
14.86	3.000
15.42	3.000
16.01	3.000
16.62	3.000
17.25	3.000
17.91	3.000
18.59	3.000
19.30	3.000
20.04	3.000
20.80	3.000
21.59	3.000
22.42	3.000
23.27	3.000
24.16	3.000
25.08	3.000
26.03	3.000
27.02	3.000
28.05	3.000
29.12	3.000
30.23	3.000
31.38	3.000
32.57	3.000
33.82	3.000
35.10	3.000
36.44	3.000
37.83	3.000
39.27	3.000
40.76	3.000
42.32	3.000
43.93	3.000
45.60	3.000
47.34	3.000
49.14	3.000
51.01	3.000
52.96	3.000
54.97	3.000
57.07	3.000
59.24	3.000
61.50	3.000
63.84	3.000
66.27	3.000
68.79	3.000
71.41	3.000
74.13	3.000
76.96	3.000
79.89	3.000
82.93	3.000
86.09	3.000
89.37	3.000
92.77	3.000
96.31	3.000
99.97	3.000
103.8	3.000
107.7	3.000
111.8	3.000
116.1	3.000
120.5	3.000
125.1	3.000
129.9	3.000
134.8	3.000
140.0	3.000
145.3	3.000
150.8	3.000
156.6	3.000
162.5	3.000
168.7	3.000
175.1	3.000
181.8	3.000
188.7	3.000
195.9	3.000
203.4	3.000
211.1	3.000
219.2	3.000
227.5	3.000
236.2	3.000
245.2	3.000
254.5	3.000
264.2	3.000
274.3	3.000
284.7	3.000
295.6	3.000
306.8	3.000
318.5	3.000
330.6	3.000
343.2	3.000
356.3	3.000
369.9	3.000
384.0	3.000
398.6	3.000
413.8	3.000
429.5	3.000
445.9	3.000
462.9	3.000
480.5	3.000
498.8	3.000
517.8	3.000
537.5	3.000
558.0	3.000
579.2	3.000
601.3	3.000
624.2	3.000
648.0	3.000
672.6	3.000
698.3	3.000
724.9	3.000
752.5	3.000
781.1	3.000
810.9	3.000
841.8	3.000
873.8	3.000
907.1	3.000
941.6	3.000
977.5	3.000
1015.	3.000
1053.	3.000
1094.	3.000
1135.	3.000
1178.	3.000
1223.	3.000
1270.	3.000
1318.	3.000
1368.	3.000
1421.	3.000
1475.	3.000
1531.	3.000
1589.	3.000
1650.	3.000
1712.	3.000
1778.	3.000
1845.	3.000
1916.	3.000
1989.	3.000
2064.	3.000
2143.	3.000
2225.	3.000
2309.	3.000
2397.	3.000
2489.	3.000
2583.	3.000
2682.	3.000
2784.	3.000
2890.	3.000
3000.	3.000
 
 
E/N (Td)    	Maximum energy                                                  
0.1000E-02	2000.
0.1038E-02	0.7500
0.1078E-02	0.7500
0.1119E-02	0.7500
0.1161E-02	0.7500
0.1205E-02	0.7500
0.1251E-02	0.7500
0.1299E-02	0.7500
0.1349E-02	0.7500
0.1400E-02	0.7500
0.1453E-02	0.7500
0.1509E-02	0.7500
0.1566E-02	0.7500
0.1626E-02	0.7500
0.1688E-02	0.7500
0.1752E-02	0.7500
0.1819E-02	0.7500
0.1888E-02	0.7500
0.1960E-02	0.7500
0.2034E-02	0.7500
0.2112E-02	0.7500
0.2192E-02	0.7500
0.2276E-02	0.7500
0.2362E-02	0.7500
0.2452E-02	0.7500
0.2546E-02	0.7500
0.2643E-02	0.7500
0.2743E-02	0.7500
0.2848E-02	0.7500
0.2956E-02	0.7500
0.3069E-02	0.7500
0.3186E-02	0.7500
0.3307E-02	0.7500
0.3433E-02	0.7500
0.3564E-02	0.7500
0.3700E-02	0.7500
0.3841E-02	0.7500
0.3987E-02	0.7500
0.4139E-02	0.7500
0.4296E-02	0.7500
0.4460E-02	0.7500
0.4630E-02	0.7500
0.4806E-02	0.7500
0.4989E-02	0.7500
0.5179E-02	0.7500
0.5377E-02	0.7500
0.5581E-02	0.7500
0.5794E-02	0.7500
0.6015E-02	0.7500
0.6244E-02	0.7500
0.6481E-02	0.7500
0.6728E-02	0.7500
0.6985E-02	0.7500
0.7251E-02	0.7500
0.7527E-02	0.7500
0.7813E-02	0.7500
0.8111E-02	0.7500
0.8420E-02	0.7500
0.8741E-02	0.7500
0.9073E-02	0.7500
0.9419E-02	0.7500
0.9778E-02	0.7500
0.1015E-01	0.7500
0.1054E-01	0.7500
0.1094E-01	0.7500
0.1135E-01	0.7500
0.1179E-01	0.7500
0.1224E-01	0.7500
0.1270E-01	0.7500
0.1319E-01	0.7500
0.1369E-01	0.7500
0.1421E-01	0.7500
0.1475E-01	0.7500
0.1531E-01	0.7500
0.1590E-01	0.7500
0.1650E-01	0.7500
0.1713E-01	0.7500
0.1778E-01	0.7500
0.1846E-01	0.7500
0.1916E-01	0.7500
0.1989E-01	0.7500
0.2065E-01	0.7500
0.2144E-01	0.7500
0.2225E-01	0.7500
0.2310E-01	0.7500
0.2398E-01	0.7500
0.2489E-01	0.7500
0.2584E-01	0.7500
0.2682E-01	0.7500
0.2785E-01	0.7500
0.2891E-01	0.7500
0.3001E-01	0.7500
0.3115E-01	0.7500
0.3234E-01	0.7500
0.3357E-01	0.7500
0.3485E-01	0.7500
0.3617E-01	0.7500
0.3755E-01	0.7500
0.3898E-01	0.7500
0.4047E-01	0.7500
0.4201E-01	0.7500
0.4361E-01	0.7500
0.4527E-01	0.7500
0.4699E-01	0.7500
0.4878E-01	0.7500
0.5064E-01	0.7500
0.5257E-01	0.7500
0.5457E-01	0.7500
0.5665E-01	0.7500
0.5881E-01	0.7500
0.6105E-01	0.7500
0.6337E-01	0.7500
0.6579E-01	0.7500
0.6829E-01	0.7500
0.7089E-01	0.7500
0.7359E-01	0.7500
0.7640E-01	0.7500
0.7931E-01	0.7500
0.8233E-01	0.7500
0.8546E-01	0.7500
0.8872E-01	0.7500
0.9210E-01	0.7500
0.9560E-01	0.7500
0.9924E-01	0.7500
0.1030	0.7500
0.1069	0.7500
0.1110	0.7500
0.1152	0.7500
0.1196	0.7500
0.1242	0.7500
0.1289	0.7500
0.1338	0.7500
0.1389	0.7500
0.1442	0.7500
0.1497	0.7500
0.1554	0.7500
0.1613	0.7500
0.1675	0.7500
0.1739	0.7500
0.1805	0.7500
0.1874	0.7500
0.1945	0.7500
0.2019	0.7500
0.2096	0.7500
0.2176	0.7500
0.2259	0.7500
0.2345	0.7500
0.2434	0.7500
0.2527	0.7500
0.2623	0.7500
0.2723	0.7500
0.2826	0.7500
0.2934	0.7500
0.3046	0.7500
0.3162	0.7500
0.3282	0.7500
0.3407	0.7500
0.3537	0.7500
0.3672	0.7500
0.3812	0.7500
0.3957	0.7500
0.4107	0.7500
0.4264	0.7500
0.4426	0.7500
0.4595	0.7500
0.4770	0.7500
0.4952	0.7500
0.5140	0.7500
0.5336	0.7500
0.5539	0.7500
0.5750	0.7500
0.5969	0.7500
0.6196	0.7500
0.6432	0.7500
0.6677	0.7500
0.6932	0.7500
0.7196	0.7500
0.7470	0.7500
0.7754	0.7500
0.8050	0.8933
0.8356	0.8933
0.8674	0.8933
0.9005	0.8933
0.9348	0.8933
0.9704	0.8933
1.007	0.8933
1.046	0.8933
1.086	0.8933
1.127	0.8933
1.170	0.8933
1.214	0.8933
1.261	1.064
1.309	1.064
1.358	1.064
1.410	1.064
1.464	1.064
1.520	1.064
1.578	1.064
1.638	1.064
1.700	1.267
1.765	1.267
1.832	1.267
1.902	1.267
1.974	1.267
2.049	1.267
2.127	1.509
2.208	1.509
2.293	1.509
2.380	1.509
2.470	1.509
2.565	1.509
2.662	1.797
2.764	1.797
2.869	1.797
2.978	1.797
3.092	1.797
3.209	2.141
3.332	2.141
3.458	2.141
3.590	2.141
3.727	2.141
3.869	2.549
4.016	2.549
4.169	2.549
4.328	2.549
4.493	2.549
4.664	3.036
4.841	3.036
5.026	3.036
5.217	3.036
5.416	3.036
5.622	3.616
5.836	3.616
6.059	3.616
6.289	3.616
6.529	3.616
6.778	4.307
7.036	4.307
7.304	4.307
7.582	4.307
7.871	4.307
8.170	5.130
8.482	5.130
8.805	5.130
9.140	5.130
9.488	5.130
9.849	6.109
10.22	6.109
10.61	6.109
11.02	6.109
11.44	6.109
11.87	6.109
12.33	7.276
12.80	7.276
13.28	7.276
13.79	7.276
14.31	7.276
14.86	8.666
15.42	8.666
16.01	8.666
16.62	8.666
17.25	8.666
17.91	10.32
18.59	10.32
19.30	10.32
20.04	10.32
20.80	10.32
21.59	10.32
22.42	12.29
23.27	12.29
24.16	12.29
25.08	12.29
26.03	12.29
27.02	12.29
28.05	14.62
29.12	14.62
30.23	14.62
31.38	14.62
32.57	14.62
33.82	14.62
35.10	14.62
36.44	14.62
37.83	17.37
39.27	17.37
40.76	17.37
42.32	17.37
43.93	17.37
45.60	17.37
47.34	17.37
49.14	17.37
51.01	17.37
52.96	20.62
54.97	20.62
57.07	20.62
59.24	20.62
61.50	20.62
63.84	20.62
66.27	20.62
68.79	20.62
71.41	20.62
74.13	20.62
76.96	24.46
79.89	24.46
82.93	24.46
86.09	24.46
89.37	24.46
92.77	24.46
96.31	24.46
99.97	24.46
103.8	24.46
107.7	24.46
111.8	29.01
116.1	29.01
120.5	29.01
125.1	29.01
129.9	29.01
134.8	29.01
140.0	29.01
145.3	29.01
150.8	29.01
156.6	34.38
162.5	34.38
168.7	34.38
175.1	34.38
181.8	34.38
188.7	34.38
195.9	34.38
203.4	34.38
211.1	34.38
219.2	40.72
227.5	40.72
236.2	40.72
245.2	40.72
254.5	40.72
264.2	40.72
274.3	40.72
284.7	48.23
295.6	48.23
306.8	48.23
318.5	48.23
330.6	48.23
343.2	48.23
356.3	48.23
369.9	57.10
384.0	57.10
398.6	57.10
413.8	57.10
429.5	57.10
445.9	57.10
462.9	67.58
480.5	67.58
498.8	67.58
517.8	67.58
537.5	67.58
558.0	79.98
579.2	79.98
601.3	79.98
624.2	79.98
648.0	79.98
672.6	94.63
698.3	94.63
724.9	94.63
752.5	94.63
781.1	94.63
810.9	111.9
841.8	111.9
873.8	111.9
907.1	111.9
941.6	132.4
977.5	132.4
1015.	132.4
1053.	132.4
1094.	132.4
1135.	156.6
1178.	156.6
1223.	156.6
1270.	156.6
1318.	185.2
1368.	185.2
1421.	185.2
1475.	219.0
1531.	219.0
1589.	219.0
1650.	219.0
1712.	259.0
1778.	259.0
1845.	259.0
1916.	259.0
1989.	306.3
2064.	306.3
2143.	306.3
2225.	362.1
2309.	362.1
2397.	362.1
2489.	428.1
2583.	428.1
2682.	428.1
2784.	506.2
2890.	506.2
3000.	506.2
 
 
E/N (Td)	Mean energy (eV)
0.1000E-02	0.3888E-01
0.1038E-02	0.3889E-01
0.1078E-02	0.3890E-01
0.1119E-02	0.3891E-01
0.1161E-02	0.3892E-01
0.1205E-02	0.3893E-01
0.1251E-02	0.3894E-01
0.1299E-02	0.3895E-01
0.1349E-02	0.3896E-01
0.1400E-02	0.3898E-01
0.1453E-02	0.3899E-01
0.1509E-02	0.3901E-01
0.1566E-02	0.3903E-01
0.1626E-02	0.3905E-01
0.1688E-02	0.3907E-01
0.1752E-02	0.3909E-01
0.1819E-02	0.3911E-01
0.1888E-02	0.3914E-01
0.1960E-02	0.3916E-01
0.2034E-02	0.3919E-01
0.2112E-02	0.3922E-01
0.2192E-02	0.3925E-01
0.2276E-02	0.3929E-01
0.2362E-02	0.3933E-01
0.2452E-02	0.3937E-01
0.2546E-02	0.3941E-01
0.2643E-02	0.3945E-01
0.2743E-02	0.3950E-01
0.2848E-02	0.3955E-01
0.2956E-02	0.3961E-01
0.3069E-02	0.3967E-01
0.3186E-02	0.3973E-01
0.3307E-02	0.3979E-01
0.3433E-02	0.3986E-01
0.3564E-02	0.3994E-01
0.3700E-02	0.4001E-01
0.3841E-02	0.4010E-01
0.3987E-02	0.4018E-01
0.4139E-02	0.4027E-01
0.4296E-02	0.4037E-01
0.4460E-02	0.4046E-01
0.4630E-02	0.4057E-01
0.4806E-02	0.4068E-01
0.4989E-02	0.4079E-01
0.5179E-02	0.4090E-01
0.5377E-02	0.4102E-01
0.5581E-02	0.4114E-01
0.5794E-02	0.4127E-01
0.6015E-02	0.4140E-01
0.6244E-02	0.4153E-01
0.6481E-02	0.4166E-01
0.6728E-02	0.4180E-01
0.6985E-02	0.4193E-01
0.7251E-02	0.4207E-01
0.7527E-02	0.4221E-01
0.7813E-02	0.4234E-01
0.8111E-02	0.4247E-01
0.8420E-02	0.4261E-01
0.8741E-02	0.4273E-01
0.9073E-02	0.4286E-01
0.9419E-02	0.4298E-01
0.9778E-02	0.4309E-01
0.1015E-01	0.4320E-01
0.1054E-01	0.4331E-01
0.1094E-01	0.4340E-01
0.1135E-01	0.4349E-01
0.1179E-01	0.4358E-01
0.1224E-01	0.4365E-01
0.1270E-01	0.4372E-01
0.1319E-01	0.4378E-01
0.1369E-01	0.4383E-01
0.1421E-01	0.4387E-01
0.1475E-01	0.4390E-01
0.1531E-01	0.4393E-01
0.1590E-01	0.4395E-01
0.1650E-01	0.4396E-01
0.1713E-01	0.4397E-01
0.1778E-01	0.4397E-01
0.1846E-01	0.4396E-01
0.1916E-01	0.4395E-01
0.1989E-01	0.4393E-01
0.2065E-01	0.4391E-01
0.2144E-01	0.4389E-01
0.2225E-01	0.4386E-01
0.2310E-01	0.4383E-01
0.2398E-01	0.4379E-01
0.2489E-01	0.4376E-01
0.2584E-01	0.4372E-01
0.2682E-01	0.4369E-01
0.2785E-01	0.4365E-01
0.2891E-01	0.4362E-01
0.3001E-01	0.4358E-01
0.3115E-01	0.4355E-01
0.3234E-01	0.4352E-01
0.3357E-01	0.4349E-01
0.3485E-01	0.4347E-01
0.3617E-01	0.4345E-01
0.3755E-01	0.4343E-01
0.3898E-01	0.4341E-01
0.4047E-01	0.4341E-01
0.4201E-01	0.4340E-01
0.4361E-01	0.4340E-01
0.4527E-01	0.4341E-01
0.4699E-01	0.4342E-01
0.4878E-01	0.4343E-01
0.5064E-01	0.4345E-01
0.5257E-01	0.4348E-01
0.5457E-01	0.4352E-01
0.5665E-01	0.4356E-01
0.5881E-01	0.4360E-01
0.6105E-01	0.4366E-01
0.6337E-01	0.4372E-01
0.6579E-01	0.4379E-01
0.6829E-01	0.4386E-01
0.7089E-01	0.4394E-01
0.7359E-01	0.4403E-01
0.7640E-01	0.4413E-01
0.7931E-01	0.4424E-01
0.8233E-01	0.4435E-01
0.8546E-01	0.4447E-01
0.8872E-01	0.4461E-01
0.9210E-01	0.4475E-01
0.9560E-01	0.4490E-01
0.9924E-01	0.4505E-01
0.1030	0.4522E-01
0.1069	0.4540E-01
0.1110	0.4559E-01
0.1152	0.4578E-01
0.1196	0.4599E-01
0.1242	0.4621E-01
0.1289	0.4644E-01
0.1338	0.4668E-01
0.1389	0.4693E-01
0.1442	0.4720E-01
0.1497	0.4747E-01
0.1554	0.4776E-01
0.1613	0.4807E-01
0.1675	0.4838E-01
0.1739	0.4872E-01
0.1805	0.4906E-01
0.1874	0.4942E-01
0.1945	0.4980E-01
0.2019	0.5019E-01
0.2096	0.5059E-01
0.2176	0.5102E-01
0.2259	0.5146E-01
0.2345	0.5192E-01
0.2434	0.5240E-01
0.2527	0.5290E-01
0.2623	0.5342E-01
0.2723	0.5396E-01
0.2826	0.5452E-01
0.2934	0.5510E-01
0.3046	0.5571E-01
0.3162	0.5633E-01
0.3282	0.5699E-01
0.3407	0.5767E-01
0.3537	0.5837E-01
0.3672	0.5910E-01
0.3812	0.5986E-01
0.3957	0.6065E-01
0.4107	0.6147E-01
0.4264	0.6232E-01
0.4426	0.6320E-01
0.4595	0.6412E-01
0.4770	0.6506E-01
0.4952	0.6604E-01
0.5140	0.6706E-01
0.5336	0.6812E-01
0.5539	0.6921E-01
0.5750	0.7034E-01
0.5969	0.7151E-01
0.6196	0.7273E-01
0.6432	0.7398E-01
0.6677	0.7528E-01
0.6932	0.7662E-01
0.7196	0.7801E-01
0.7470	0.7945E-01
0.7754	0.8096E-01
0.8050	0.8249E-01
0.8356	0.8408E-01
0.8674	0.8571E-01
0.9005	0.8740E-01
0.9348	0.8915E-01
0.9704	0.9095E-01
1.007	0.9280E-01
1.046	0.9472E-01
1.086	0.9669E-01
1.127	0.9873E-01
1.170	0.1008
1.214	0.1030
1.261	0.1052
1.309	0.1075
1.358	0.1099
1.410	0.1123
1.464	0.1148
1.520	0.1174
1.578	0.1201
1.638	0.1228
1.700	0.1256
1.765	0.1285
1.832	0.1314
1.902	0.1345
1.974	0.1376
2.049	0.1409
2.127	0.1442
2.208	0.1476
2.293	0.1511
2.380	0.1547
2.470	0.1584
2.565	0.1623
2.662	0.1662
2.764	0.1702
2.869	0.1744
2.978	0.1786
3.092	0.1831
3.209	0.1876
3.332	0.1922
3.458	0.1970
3.590	0.2019
3.727	0.2069
3.869	0.2122
4.016	0.2176
4.169	0.2232
4.328	0.2291
4.493	0.2352
4.664	0.2415
4.841	0.2480
5.026	0.2548
5.217	0.2619
5.416	0.2694
5.622	0.2772
5.836	0.2853
6.059	0.2938
6.289	0.3027
6.529	0.3122
6.778	0.3220
7.036	0.3325
7.304	0.3435
7.582	0.3551
7.871	0.3675
8.170	0.3805
8.482	0.3943
8.805	0.4090
9.140	0.4247
9.488	0.4414
9.849	0.4591
10.22	0.4780
10.61	0.4982
11.02	0.5197
11.44	0.5427
11.87	0.5671
12.33	0.5932
12.80	0.6211
13.28	0.6508
13.79	0.6825
14.31	0.7161
14.86	0.7519
15.42	0.7898
16.01	0.8300
16.62	0.8725
17.25	0.9174
17.91	0.9646
18.59	1.014
19.30	1.066
20.04	1.121
20.80	1.178
21.59	1.238
22.42	1.300
23.27	1.364
24.16	1.431
25.08	1.500
26.03	1.572
27.02	1.646
28.05	1.722
29.12	1.800
30.23	1.879
31.38	1.960
32.57	2.043
33.82	2.126
35.10	2.209
36.44	2.292
37.83	2.375
39.27	2.457
40.76	2.538
42.32	2.617
43.93	2.694
45.60	2.769
47.34	2.842
49.14	2.913
51.01	2.981
52.96	3.048
54.97	3.112
57.07	3.174
59.24	3.234
61.50	3.293
63.84	3.350
66.27	3.406
68.79	3.461
71.41	3.515
74.13	3.568
76.96	3.621
79.89	3.673
82.93	3.725
86.09	3.776
89.37	3.828
92.77	3.880
96.31	3.931
99.97	3.983
103.8	4.035
107.7	4.088
111.8	4.141
116.1	4.194
120.5	4.248
125.1	4.303
129.9	4.358
134.8	4.414
140.0	4.471
145.3	4.528
150.8	4.587
156.6	4.646
162.5	4.706
168.7	4.767
175.1	4.829
181.8	4.892
188.7	4.956
195.9	5.021
203.4	5.088
211.1	5.155
219.2	5.224
227.5	5.293
236.2	5.365
245.2	5.437
254.5	5.511
264.2	5.586
274.3	5.662
284.7	5.740
295.6	5.820
306.8	5.901
318.5	5.983
330.6	6.068
343.2	6.154
356.3	6.242
369.9	6.332
384.0	6.423
398.6	6.517
413.8	6.613
429.5	6.711
445.9	6.812
462.9	6.914
480.5	7.020
498.8	7.127
517.8	7.238
537.5	7.351
558.0	7.467
579.2	7.587
601.3	7.709
624.2	7.835
648.0	7.965
672.6	8.098
698.3	8.235
724.9	8.376
752.5	8.521
781.1	8.671
810.9	8.825
841.8	8.984
873.8	9.148
907.1	9.318
941.6	9.493
977.5	9.674
1015.	9.861
1053.	10.05
1094.	10.26
1135.	10.46
1178.	10.68
1223.	10.90
1270.	11.13
1318.	11.37
1368.	11.62
1421.	11.87
1475.	12.14
1531.	12.42
1589.	12.71
1650.	13.01
1712.	13.32
1778.	13.64
1845.	13.98
1916.	14.33
1989.	14.70
2064.	15.08
2143.	15.48
2225.	15.89
2309.	16.32
2397.	16.77
2489.	17.24
2583.	17.73
2682.	18.25
2784.	18.78
2890.	19.34
3000.	19.92
 
 
E/N (Td)	Mobility *N (1/m/V/s)
0.1000E-02	0.4164E+26
0.1038E-02	0.4168E+26
0.1078E-02	0.4169E+26
0.1119E-02	0.4169E+26
0.1161E-02	0.4170E+26
0.1205E-02	0.4171E+26
0.1251E-02	0.4171E+26
0.1299E-02	0.4172E+26
0.1349E-02	0.4173E+26
0.1400E-02	0.4174E+26
0.1453E-02	0.4175E+26
0.1509E-02	0.4176E+26
0.1566E-02	0.4177E+26
0.1626E-02	0.4178E+26
0.1688E-02	0.4179E+26
0.1752E-02	0.4180E+26
0.1819E-02	0.4181E+26
0.1888E-02	0.4183E+26
0.1960E-02	0.4184E+26
0.2034E-02	0.4186E+26
0.2112E-02	0.4188E+26
0.2192E-02	0.4190E+26
0.2276E-02	0.4192E+26
0.2362E-02	0.4194E+26
0.2452E-02	0.4196E+26
0.2546E-02	0.4198E+26
0.2643E-02	0.4201E+26
0.2743E-02	0.4203E+26
0.2848E-02	0.4206E+26
0.2956E-02	0.4209E+26
0.3069E-02	0.4212E+26
0.3186E-02	0.4215E+26
0.3307E-02	0.4219E+26
0.3433E-02	0.4222E+26
0.3564E-02	0.4226E+26
0.3700E-02	0.4230E+26
0.3841E-02	0.4234E+26
0.3987E-02	0.4238E+26
0.4139E-02	0.4242E+26
0.4296E-02	0.4247E+26
0.4460E-02	0.4251E+26
0.4630E-02	0.4256E+26
0.4806E-02	0.4261E+26
0.4989E-02	0.4265E+26
0.5179E-02	0.4270E+26
0.5377E-02	0.4275E+26
0.5581E-02	0.4280E+26
0.5794E-02	0.4284E+26
0.6015E-02	0.4289E+26
0.6244E-02	0.4293E+26
0.6481E-02	0.4298E+26
0.6728E-02	0.4302E+26
0.6985E-02	0.4305E+26
0.7251E-02	0.4309E+26
0.7527E-02	0.4312E+26
0.7813E-02	0.4315E+26
0.8111E-02	0.4317E+26
0.8420E-02	0.4319E+26
0.8741E-02	0.4321E+26
0.9073E-02	0.4322E+26
0.9419E-02	0.4322E+26
0.9778E-02	0.4322E+26
0.1015E-01	0.4321E+26
0.1054E-01	0.4320E+26
0.1094E-01	0.4317E+26
0.1135E-01	0.4315E+26
0.1179E-01	0.4312E+26
0.1224E-01	0.4308E+26
0.1270E-01	0.4303E+26
0.1319E-01	0.4298E+26
0.1369E-01	0.4293E+26
0.1421E-01	0.4286E+26
0.1475E-01	0.4280E+26
0.1531E-01	0.4273E+26
0.1590E-01	0.4265E+26
0.1650E-01	0.4257E+26
0.1713E-01	0.4249E+26
0.1778E-01	0.4240E+26
0.1846E-01	0.4231E+26
0.1916E-01	0.4222E+26
0.1989E-01	0.4213E+26
0.2065E-01	0.4203E+26
0.2144E-01	0.4194E+26
0.2225E-01	0.4184E+26
0.2310E-01	0.4174E+26
0.2398E-01	0.4165E+26
0.2489E-01	0.4155E+26
0.2584E-01	0.4146E+26
0.2682E-01	0.4137E+26
0.2785E-01	0.4128E+26
0.2891E-01	0.4119E+26
0.3001E-01	0.4110E+26
0.3115E-01	0.4102E+26
0.3234E-01	0.4094E+26
0.3357E-01	0.4086E+26
0.3485E-01	0.4079E+26
0.3617E-01	0.4072E+26
0.3755E-01	0.4065E+26
0.3898E-01	0.4059E+26
0.4047E-01	0.4053E+26
0.4201E-01	0.4048E+26
0.4361E-01	0.4042E+26
0.4527E-01	0.4038E+26
0.4699E-01	0.4033E+26
0.4878E-01	0.4030E+26
0.5064E-01	0.4026E+26
0.5257E-01	0.4023E+26
0.5457E-01	0.4020E+26
0.5665E-01	0.4018E+26
0.5881E-01	0.4016E+26
0.6105E-01	0.4015E+26
0.6337E-01	0.4014E+26
0.6579E-01	0.4013E+26
0.6829E-01	0.4013E+26
0.7089E-01	0.4013E+26
0.7359E-01	0.4013E+26
0.7640E-01	0.4014E+26
0.7931E-01	0.4015E+26
0.8233E-01	0.4017E+26
0.8546E-01	0.4018E+26
0.8872E-01	0.4021E+26
0.9210E-01	0.4023E+26
0.9560E-01	0.4025E+26
0.9924E-01	0.4028E+26
0.1030	0.4032E+26
0.1069	0.4035E+26
0.1110	0.4039E+26
0.1152	0.4043E+26
0.1196	0.4047E+26
0.1242	0.4051E+26
0.1289	0.4055E+26
0.1338	0.4060E+26
0.1389	0.4065E+26
0.1442	0.4070E+26
0.1497	0.4075E+26
0.1554	0.4080E+26
0.1613	0.4085E+26
0.1675	0.4091E+26
0.1739	0.4096E+26
0.1805	0.4101E+26
0.1874	0.4107E+26
0.1945	0.4112E+26
0.2019	0.4117E+26
0.2096	0.4122E+26
0.2176	0.4127E+26
0.2259	0.4132E+26
0.2345	0.4137E+26
0.2434	0.4141E+26
0.2527	0.4146E+26
0.2623	0.4149E+26
0.2723	0.4153E+26
0.2826	0.4156E+26
0.2934	0.4159E+26
0.3046	0.4161E+26
0.3162	0.4163E+26
0.3282	0.4164E+26
0.3407	0.4164E+26
0.3537	0.4164E+26
0.3672	0.4163E+26
0.3812	0.4161E+26
0.3957	0.4158E+26
0.4107	0.4154E+26
0.4264	0.4149E+26
0.4426	0.4143E+26
0.4595	0.4136E+26
0.4770	0.4127E+26
0.4952	0.4118E+26
0.5140	0.4106E+26
0.5336	0.4094E+26
0.5539	0.4079E+26
0.5750	0.4064E+26
0.5969	0.4046E+26
0.6196	0.4027E+26
0.6432	0.4006E+26
0.6677	0.3983E+26
0.6932	0.3958E+26
0.7196	0.3931E+26
0.7470	0.3902E+26
0.7754	0.3873E+26
0.8050	0.3841E+26
0.8356	0.3806E+26
0.8674	0.3769E+26
0.9005	0.3729E+26
0.9348	0.3688E+26
0.9704	0.3645E+26
1.007	0.3600E+26
1.046	0.3553E+26
1.086	0.3504E+26
1.127	0.3454E+26
1.170	0.3401E+26
1.214	0.3347E+26
1.261	0.3291E+26
1.309	0.3234E+26
1.358	0.3176E+26
1.410	0.3116E+26
1.464	0.3055E+26
1.520	0.2993E+26
1.578	0.2930E+26
1.638	0.2866E+26
1.700	0.2802E+26
1.765	0.2737E+26
1.832	0.2672E+26
1.902	0.2607E+26
1.974	0.2542E+26
2.049	0.2477E+26
2.127	0.2413E+26
2.208	0.2348E+26
2.293	0.2284E+26
2.380	0.2221E+26
2.470	0.2158E+26
2.565	0.2098E+26
2.662	0.2037E+26
2.764	0.1977E+26
2.869	0.1917E+26
2.978	0.1859E+26
3.092	0.1804E+26
3.209	0.1748E+26
3.332	0.1693E+26
3.458	0.1640E+26
3.590	0.1588E+26
3.727	0.1535E+26
3.869	0.1485E+26
4.016	0.1437E+26
4.169	0.1391E+26
4.328	0.1345E+26
4.493	0.1301E+26
4.664	0.1258E+26
4.841	0.1216E+26
5.026	0.1176E+26
5.217	0.1136E+26
5.416	0.1098E+26
5.622	0.1061E+26
5.836	0.1025E+26
6.059	0.9899E+25
6.289	0.9558E+25
6.529	0.9226E+25
6.778	0.8904E+25
7.036	0.8592E+25
7.304	0.8288E+25
7.582	0.7993E+25
7.871	0.7708E+25
8.170	0.7429E+25
8.482	0.7157E+25
8.805	0.6894E+25
9.140	0.6637E+25
9.488	0.6388E+25
9.849	0.6145E+25
10.22	0.5909E+25
10.61	0.5680E+25
11.02	0.5457E+25
11.44	0.5240E+25
11.87	0.5028E+25
12.33	0.4824E+25
12.80	0.4626E+25
13.28	0.4434E+25
13.79	0.4248E+25
14.31	0.4068E+25
14.86	0.3893E+25
15.42	0.3725E+25
16.01	0.3563E+25
16.62	0.3407E+25
17.25	0.3256E+25
17.91	0.3112E+25
18.59	0.2973E+25
19.30	0.2840E+25
20.04	0.2713E+25
20.80	0.2591E+25
21.59	0.2475E+25
22.42	0.2365E+25
23.27	0.2260E+25
24.16	0.2160E+25
25.08	0.2065E+25
26.03	0.1976E+25
27.02	0.1891E+25
28.05	0.1811E+25
29.12	0.1735E+25
30.23	0.1664E+25
31.38	0.1597E+25
32.57	0.1534E+25
33.82	0.1476E+25
35.10	0.1421E+25
36.44	0.1370E+25
37.83	0.1323E+25
39.27	0.1280E+25
40.76	0.1240E+25
42.32	0.1204E+25
43.93	0.1170E+25
45.60	0.1140E+25
47.34	0.1112E+25
49.14	0.1086E+25
51.01	0.1062E+25
52.96	0.1041E+25
54.97	0.1021E+25
57.07	0.1003E+25
59.24	0.9862E+24
61.50	0.9706E+24
63.84	0.9561E+24
66.27	0.9426E+24
68.79	0.9300E+24
71.41	0.9181E+24
74.13	0.9069E+24
76.96	0.8962E+24
79.89	0.8861E+24
82.93	0.8765E+24
86.09	0.8673E+24
89.37	0.8586E+24
92.77	0.8501E+24
96.31	0.8420E+24
99.97	0.8342E+24
103.8	0.8266E+24
107.7	0.8193E+24
111.8	0.8122E+24
116.1	0.8053E+24
120.5	0.7987E+24
125.1	0.7922E+24
129.9	0.7859E+24
134.8	0.7797E+24
140.0	0.7737E+24
145.3	0.7678E+24
150.8	0.7621E+24
156.6	0.7565E+24
162.5	0.7510E+24
168.7	0.7456E+24
175.1	0.7403E+24
181.8	0.7351E+24
188.7	0.7300E+24
195.9	0.7249E+24
203.4	0.7199E+24
211.1	0.7150E+24
219.2	0.7102E+24
227.5	0.7054E+24
236.2	0.7006E+24
245.2	0.6959E+24
254.5	0.6912E+24
264.2	0.6865E+24
274.3	0.6818E+24
284.7	0.6772E+24
295.6	0.6725E+24
306.8	0.6679E+24
318.5	0.6633E+24
330.6	0.6586E+24
343.2	0.6540E+24
356.3	0.6493E+24
369.9	0.6446E+24
384.0	0.6399E+24
398.6	0.6352E+24
413.8	0.6304E+24
429.5	0.6256E+24
445.9	0.6208E+24
462.9	0.6159E+24
480.5	0.6110E+24
498.8	0.6060E+24
517.8	0.6010E+24
537.5	0.5960E+24
558.0	0.5909E+24
579.2	0.5857E+24
601.3	0.5805E+24
624.2	0.5753E+24
648.0	0.5699E+24
672.6	0.5646E+24
698.3	0.5592E+24
724.9	0.5537E+24
752.5	0.5482E+24
781.1	0.5426E+24
810.9	0.5370E+24
841.8	0.5314E+24
873.8	0.5257E+24
907.1	0.5199E+24
941.6	0.5141E+24
977.5	0.5083E+24
1015.	0.5024E+24
1053.	0.4965E+24
1094.	0.4905E+24
1135.	0.4846E+24
1178.	0.4786E+24
1223.	0.4725E+24
1270.	0.4665E+24
1318.	0.4604E+24
1368.	0.4543E+24
1421.	0.4482E+24
1475.	0.4421E+24
1531.	0.4361E+24
1589.	0.4300E+24
1650.	0.4239E+24
1712.	0.4179E+24
1778.	0.4118E+24
1845.	0.4058E+24
1916.	0.3998E+24
1989.	0.3938E+24
2064.	0.3878E+24
2143.	0.3819E+24
2225.	0.3761E+24
2309.	0.3702E+24
2397.	0.3645E+24
2489.	0.3588E+24
2583.	0.3531E+24
2682.	0.3475E+24
2784.	0.3420E+24
2890.	0.3365E+24
3000.	0.3312E+24
 
 
E/N (Td)	Diffusion coefficient *N (1/m/s)
0.1000E-02	0.1081E+25
0.1038E-02	0.1084E+25
0.1078E-02	0.1084E+25
0.1119E-02	0.1085E+25
0.1161E-02	0.1086E+25
0.1205E-02	0.1086E+25
0.1251E-02	0.1087E+25
0.1299E-02	0.1087E+25
0.1349E-02	0.1088E+25
0.1400E-02	0.1089E+25
0.1453E-02	0.1090E+25
0.1509E-02	0.1091E+25
0.1566E-02	0.1092E+25
0.1626E-02	0.1093E+25
0.1688E-02	0.1094E+25
0.1752E-02	0.1095E+25
0.1819E-02	0.1096E+25
0.1888E-02	0.1098E+25
0.1960E-02	0.1099E+25
0.2034E-02	0.1101E+25
0.2112E-02	0.1103E+25
0.2192E-02	0.1105E+25
0.2276E-02	0.1106E+25
0.2362E-02	0.1109E+25
0.2452E-02	0.1111E+25
0.2546E-02	0.1113E+25
0.2643E-02	0.1116E+25
0.2743E-02	0.1119E+25
0.2848E-02	0.1121E+25
0.2956E-02	0.1125E+25
0.3069E-02	0.1128E+25
0.3186E-02	0.1131E+25
0.3307E-02	0.1135E+25
0.3433E-02	0.1139E+25
0.3564E-02	0.1143E+25
0.3700E-02	0.1147E+25
0.3841E-02	0.1152E+25
0.3987E-02	0.1157E+25
0.4139E-02	0.1162E+25
0.4296E-02	0.1167E+25
0.4460E-02	0.1173E+25
0.4630E-02	0.1179E+25
0.4806E-02	0.1185E+25
0.4989E-02	0.1192E+25
0.5179E-02	0.1198E+25
0.5377E-02	0.1205E+25
0.5581E-02	0.1212E+25
0.5794E-02	0.1219E+25
0.6015E-02	0.1227E+25
0.6244E-02	0.1234E+25
0.6481E-02	0.1242E+25
0.6728E-02	0.1250E+25
0.6985E-02	0.1258E+25
0.7251E-02	0.1266E+25
0.7527E-02	0.1274E+25
0.7813E-02	0.1282E+25
0.8111E-02	0.1290E+25
0.8420E-02	0.1298E+25
0.8741E-02	0.1306E+25
0.9073E-02	0.1314E+25
0.9419E-02	0.1321E+25
0.9778E-02	0.1329E+25
0.1015E-01	0.1336E+25
0.1054E-01	0.1342E+25
0.1094E-01	0.1349E+25
0.1135E-01	0.1355E+25
0.1179E-01	0.1361E+25
0.1224E-01	0.1366E+25
0.1270E-01	0.1371E+25
0.1319E-01	0.1376E+25
0.1369E-01	0.1380E+25
0.1421E-01	0.1384E+25
0.1475E-01	0.1387E+25
0.1531E-01	0.1391E+25
0.1590E-01	0.1393E+25
0.1650E-01	0.1396E+25
0.1713E-01	0.1398E+25
0.1778E-01	0.1399E+25
0.1846E-01	0.1401E+25
0.1916E-01	0.1402E+25
0.1989E-01	0.1403E+25
0.2065E-01	0.1403E+25
0.2144E-01	0.1404E+25
0.2225E-01	0.1404E+25
0.2310E-01	0.1404E+25
0.2398E-01	0.1404E+25
0.2489E-01	0.1403E+25
0.2584E-01	0.1403E+25
0.2682E-01	0.1403E+25
0.2785E-01	0.1402E+25
0.2891E-01	0.1402E+25
0.3001E-01	0.1401E+25
0.3115E-01	0.1401E+25
0.3234E-01	0.1400E+25
0.3357E-01	0.1400E+25
0.3485E-01	0.1400E+25
0.3617E-01	0.1399E+25
0.3755E-01	0.1399E+25
0.3898E-01	0.1399E+25
0.4047E-01	0.1399E+25
0.4201E-01	0.1400E+25
0.4361E-01	0.1400E+25
0.4527E-01	0.1401E+25
0.4699E-01	0.1402E+25
0.4878E-01	0.1403E+25
0.5064E-01	0.1404E+25
0.5257E-01	0.1405E+25
0.5457E-01	0.1407E+25
0.5665E-01	0.1409E+25
0.5881E-01	0.1411E+25
0.6105E-01	0.1413E+25
0.6337E-01	0.1416E+25
0.6579E-01	0.1419E+25
0.6829E-01	0.1422E+25
0.7089E-01	0.1425E+25
0.7359E-01	0.1429E+25
0.7640E-01	0.1433E+25
0.7931E-01	0.1437E+25
0.8233E-01	0.1442E+25
0.8546E-01	0.1446E+25
0.8872E-01	0.1452E+25
0.9210E-01	0.1457E+25
0.9560E-01	0.1463E+25
0.9924E-01	0.1469E+25
0.1030	0.1476E+25
0.1069	0.1483E+25
0.1110	0.1490E+25
0.1152	0.1498E+25
0.1196	0.1506E+25
0.1242	0.1514E+25
0.1289	0.1523E+25
0.1338	0.1533E+25
0.1389	0.1543E+25
0.1442	0.1553E+25
0.1497	0.1563E+25
0.1554	0.1575E+25
0.1613	0.1586E+25
0.1675	0.1598E+25
0.1739	0.1611E+25
0.1805	0.1624E+25
0.1874	0.1638E+25
0.1945	0.1652E+25
0.2019	0.1667E+25
0.2096	0.1682E+25
0.2176	0.1698E+25
0.2259	0.1714E+25
0.2345	0.1731E+25
0.2434	0.1749E+25
0.2527	0.1767E+25
0.2623	0.1786E+25
0.2723	0.1806E+25
0.2826	0.1826E+25
0.2934	0.1847E+25
0.3046	0.1868E+25
0.3162	0.1890E+25
0.3282	0.1913E+25
0.3407	0.1937E+25
0.3537	0.1961E+25
0.3672	0.1985E+25
0.3812	0.2011E+25
0.3957	0.2037E+25
0.4107	0.2063E+25
0.4264	0.2091E+25
0.4426	0.2119E+25
0.4595	0.2147E+25
0.4770	0.2176E+25
0.4952	0.2206E+25
0.5140	0.2236E+25
0.5336	0.2267E+25
0.5539	0.2298E+25
0.5750	0.2329E+25
0.5969	0.2361E+25
0.6196	0.2393E+25
0.6432	0.2426E+25
0.6677	0.2458E+25
0.6932	0.2491E+25
0.7196	0.2524E+25
0.7470	0.2557E+25
0.7754	0.2592E+25
0.8050	0.2625E+25
0.8356	0.2658E+25
0.8674	0.2690E+25
0.9005	0.2722E+25
0.9348	0.2754E+25
0.9704	0.2785E+25
1.007	0.2816E+25
1.046	0.2845E+25
1.086	0.2875E+25
1.127	0.2903E+25
1.170	0.2930E+25
1.214	0.2956E+25
1.261	0.2982E+25
1.309	0.3006E+25
1.358	0.3029E+25
1.410	0.3051E+25
1.464	0.3071E+25
1.520	0.3091E+25
1.578	0.3108E+25
1.638	0.3123E+25
1.700	0.3138E+25
1.765	0.3151E+25
1.832	0.3163E+25
1.902	0.3173E+25
1.974	0.3182E+25
2.049	0.3191E+25
2.127	0.3196E+25
2.208	0.3200E+25
2.293	0.3203E+25
2.380	0.3204E+25
2.470	0.3203E+25
2.565	0.3204E+25
2.662	0.3201E+25
2.764	0.3196E+25
2.869	0.3190E+25
2.978	0.3183E+25
3.092	0.3179E+25
3.209	0.3169E+25
3.332	0.3159E+25
3.458	0.3147E+25
3.590	0.3134E+25
3.727	0.3109E+25
3.869	0.3095E+25
4.016	0.3080E+25
4.169	0.3065E+25
4.328	0.3048E+25
4.493	0.3030E+25
4.664	0.3013E+25
4.841	0.2995E+25
5.026	0.2977E+25
5.217	0.2958E+25
5.416	0.2944E+25
5.622	0.2925E+25
5.836	0.2905E+25
6.059	0.2885E+25
6.289	0.2865E+25
6.529	0.2846E+25
6.778	0.2825E+25
7.036	0.2805E+25
7.304	0.2784E+25
7.582	0.2764E+25
7.871	0.2753E+25
8.170	0.2733E+25
8.482	0.2712E+25
8.805	0.2692E+25
9.140	0.2672E+25
9.488	0.2650E+25
9.849	0.2631E+25
10.22	0.2613E+25
10.61	0.2595E+25
11.02	0.2577E+25
11.44	0.2560E+25
11.87	0.2541E+25
12.33	0.2526E+25
12.80	0.2512E+25
13.28	0.2498E+25
13.79	0.2486E+25
14.31	0.2465E+25
14.86	0.2455E+25
15.42	0.2446E+25
16.01	0.2439E+25
16.62	0.2432E+25
17.25	0.2443E+25
17.91	0.2438E+25
18.59	0.2434E+25
19.30	0.2431E+25
20.04	0.2429E+25
20.80	0.2428E+25
21.59	0.2429E+25
22.42	0.2430E+25
23.27	0.2433E+25
24.16	0.2437E+25
25.08	0.2441E+25
26.03	0.2446E+25
27.02	0.2453E+25
28.05	0.2460E+25
29.12	0.2467E+25
30.23	0.2476E+25
31.38	0.2484E+25
32.57	0.2494E+25
33.82	0.2503E+25
35.10	0.2514E+25
36.44	0.2524E+25
37.83	0.2534E+25
39.27	0.2545E+25
40.76	0.2555E+25
42.32	0.2565E+25
43.93	0.2576E+25
45.60	0.2586E+25
47.34	0.2596E+25
49.14	0.2606E+25
51.01	0.2615E+25
52.96	0.2625E+25
54.97	0.2634E+25
57.07	0.2643E+25
59.24	0.2652E+25
61.50	0.2660E+25
63.84	0.2669E+25
66.27	0.2677E+25
68.79	0.2686E+25
71.41	0.2694E+25
74.13	0.2703E+25
76.96	0.2711E+25
79.89	0.2719E+25
82.93	0.2728E+25
86.09	0.2736E+25
89.37	0.2745E+25
92.77	0.2753E+25
96.31	0.2762E+25
99.97	0.2771E+25
103.8	0.2780E+25
107.7	0.2789E+25
111.8	0.2799E+25
116.1	0.2808E+25
120.5	0.2818E+25
125.1	0.2828E+25
129.9	0.2838E+25
134.8	0.2848E+25
140.0	0.2858E+25
145.3	0.2869E+25
150.8	0.2880E+25
156.6	0.2891E+25
162.5	0.2902E+25
168.7	0.2914E+25
175.1	0.2926E+25
181.8	0.2938E+25
188.7	0.2950E+25
195.9	0.2962E+25
203.4	0.2975E+25
211.1	0.2988E+25
219.2	0.3001E+25
227.5	0.3015E+25
236.2	0.3029E+25
245.2	0.3042E+25
254.5	0.3057E+25
264.2	0.3071E+25
274.3	0.3086E+25
284.7	0.3101E+25
295.6	0.3116E+25
306.8	0.3131E+25
318.5	0.3147E+25
330.6	0.3162E+25
343.2	0.3178E+25
356.3	0.3195E+25
369.9	0.3211E+25
384.0	0.3228E+25
398.6	0.3245E+25
413.8	0.3262E+25
429.5	0.3279E+25
445.9	0.3296E+25
462.9	0.3314E+25
480.5	0.3332E+25
498.8	0.3350E+25
517.8	0.3368E+25
537.5	0.3386E+25
558.0	0.3405E+25
579.2	0.3424E+25
601.3	0.3443E+25
624.2	0.3462E+25
648.0	0.3481E+25
672.6	0.3501E+25
698.3	0.3520E+25
724.9	0.3540E+25
752.5	0.3560E+25
781.1	0.3580E+25
810.9	0.3601E+25
841.8	0.3621E+25
873.8	0.3642E+25
907.1	0.3663E+25
941.6	0.3684E+25
977.5	0.3706E+25
1015.	0.3727E+25
1053.	0.3749E+25
1094.	0.3772E+25
1135.	0.3794E+25
1178.	0.3817E+25
1223.	0.3840E+25
1270.	0.3863E+25
1318.	0.3887E+25
1368.	0.3912E+25
1421.	0.3937E+25
1475.	0.3963E+25
1531.	0.3989E+25
1589.	0.4015E+25
1650.	0.4044E+25
1712.	0.4072E+25
1778.	0.4101E+25
1845.	0.4131E+25
1916.	0.4163E+25
1989.	0.4195E+25
2064.	0.4228E+25
2143.	0.4262E+25
2225.	0.4298E+25
2309.	0.4335E+25
2397.	0.4374E+25
2489.	0.4415E+25
2583.	0.4457E+25
2682.	0.4502E+25
2784.	0.4548E+25
2890.	0.4596E+25
3000.	0.4648E+25
 
 
E/N (Td)	Energy mobility *N (1/m/V/s)
0.1000E-02	0.8398E+26
0.1038E-02	0.8405E+26
0.1078E-02	0.8406E+26
0.1119E-02	0.8407E+26
0.1161E-02	0.8409E+26
0.1205E-02	0.8410E+26
0.1251E-02	0.8411E+26
0.1299E-02	0.8413E+26
0.1349E-02	0.8414E+26
0.1400E-02	0.8416E+26
0.1453E-02	0.8418E+26
0.1509E-02	0.8420E+26
0.1566E-02	0.8422E+26
0.1626E-02	0.8425E+26
0.1688E-02	0.8427E+26
0.1752E-02	0.8430E+26
0.1819E-02	0.8433E+26
0.1888E-02	0.8436E+26
0.1960E-02	0.8439E+26
0.2034E-02	0.8442E+26
0.2112E-02	0.8446E+26
0.2192E-02	0.8450E+26
0.2276E-02	0.8454E+26
0.2362E-02	0.8458E+26
0.2452E-02	0.8463E+26
0.2546E-02	0.8468E+26
0.2643E-02	0.8473E+26
0.2743E-02	0.8478E+26
0.2848E-02	0.8484E+26
0.2956E-02	0.8490E+26
0.3069E-02	0.8496E+26
0.3186E-02	0.8503E+26
0.3307E-02	0.8510E+26
0.3433E-02	0.8517E+26
0.3564E-02	0.8525E+26
0.3700E-02	0.8532E+26
0.3841E-02	0.8540E+26
0.3987E-02	0.8549E+26
0.4139E-02	0.8557E+26
0.4296E-02	0.8566E+26
0.4460E-02	0.8575E+26
0.4630E-02	0.8584E+26
0.4806E-02	0.8593E+26
0.4989E-02	0.8602E+26
0.5179E-02	0.8612E+26
0.5377E-02	0.8621E+26
0.5581E-02	0.8630E+26
0.5794E-02	0.8639E+26
0.6015E-02	0.8648E+26
0.6244E-02	0.8657E+26
0.6481E-02	0.8665E+26
0.6728E-02	0.8673E+26
0.6985E-02	0.8681E+26
0.7251E-02	0.8688E+26
0.7527E-02	0.8694E+26
0.7813E-02	0.8700E+26
0.8111E-02	0.8705E+26
0.8420E-02	0.8710E+26
0.8741E-02	0.8714E+26
0.9073E-02	0.8717E+26
0.9419E-02	0.8719E+26
0.9778E-02	0.8720E+26
0.1015E-01	0.8721E+26
0.1054E-01	0.8721E+26
0.1094E-01	0.8720E+26
0.1135E-01	0.8718E+26
0.1179E-01	0.8715E+26
0.1224E-01	0.8712E+26
0.1270E-01	0.8708E+26
0.1319E-01	0.8703E+26
0.1369E-01	0.8697E+26
0.1421E-01	0.8691E+26
0.1475E-01	0.8684E+26
0.1531E-01	0.8677E+26
0.1590E-01	0.8669E+26
0.1650E-01	0.8660E+26
0.1713E-01	0.8652E+26
0.1778E-01	0.8642E+26
0.1846E-01	0.8633E+26
0.1916E-01	0.8623E+26
0.1989E-01	0.8613E+26
0.2065E-01	0.8603E+26
0.2144E-01	0.8593E+26
0.2225E-01	0.8582E+26
0.2310E-01	0.8571E+26
0.2398E-01	0.8561E+26
0.2489E-01	0.8550E+26
0.2584E-01	0.8540E+26
0.2682E-01	0.8529E+26
0.2785E-01	0.8519E+26
0.2891E-01	0.8508E+26
0.3001E-01	0.8498E+26
0.3115E-01	0.8488E+26
0.3234E-01	0.8478E+26
0.3357E-01	0.8468E+26
0.3485E-01	0.8458E+26
0.3617E-01	0.8449E+26
0.3755E-01	0.8440E+26
0.3898E-01	0.8431E+26
0.4047E-01	0.8422E+26
0.4201E-01	0.8413E+26
0.4361E-01	0.8404E+26
0.4527E-01	0.8396E+26
0.4699E-01	0.8388E+26
0.4878E-01	0.8380E+26
0.5064E-01	0.8372E+26
0.5257E-01	0.8364E+26
0.5457E-01	0.8356E+26
0.5665E-01	0.8348E+26
0.5881E-01	0.8341E+26
0.6105E-01	0.8333E+26
0.6337E-01	0.8325E+26
0.6579E-01	0.8318E+26
0.6829E-01	0.8310E+26
0.7089E-01	0.8303E+26
0.7359E-01	0.8295E+26
0.7640E-01	0.8287E+26
0.7931E-01	0.8279E+26
0.8233E-01	0.8271E+26
0.8546E-01	0.8263E+26
0.8872E-01	0.8254E+26
0.9210E-01	0.8245E+26
0.9560E-01	0.8236E+26
0.9924E-01	0.8227E+26
0.1030	0.8217E+26
0.1069	0.8207E+26
0.1110	0.8197E+26
0.1152	0.8186E+26
0.1196	0.8175E+26
0.1242	0.8163E+26
0.1289	0.8151E+26
0.1338	0.8138E+26
0.1389	0.8124E+26
0.1442	0.8110E+26
0.1497	0.8095E+26
0.1554	0.8080E+26
0.1613	0.8063E+26
0.1675	0.8046E+26
0.1739	0.8028E+26
0.1805	0.8009E+26
0.1874	0.7989E+26
0.1945	0.7968E+26
0.2019	0.7946E+26
0.2096	0.7923E+26
0.2176	0.7898E+26
0.2259	0.7872E+26
0.2345	0.7845E+26
0.2434	0.7817E+26
0.2527	0.7787E+26
0.2623	0.7755E+26
0.2723	0.7722E+26
0.2826	0.7688E+26
0.2934	0.7651E+26
0.3046	0.7613E+26
0.3162	0.7573E+26
0.3282	0.7531E+26
0.3407	0.7487E+26
0.3537	0.7441E+26
0.3672	0.7393E+26
0.3812	0.7342E+26
0.3957	0.7290E+26
0.4107	0.7235E+26
0.4264	0.7177E+26
0.4426	0.7118E+26
0.4595	0.7056E+26
0.4770	0.6991E+26
0.4952	0.6924E+26
0.5140	0.6854E+26
0.5336	0.6781E+26
0.5539	0.6707E+26
0.5750	0.6629E+26
0.5969	0.6549E+26
0.6196	0.6466E+26
0.6432	0.6381E+26
0.6677	0.6294E+26
0.6932	0.6204E+26
0.7196	0.6112E+26
0.7470	0.6017E+26
0.7754	0.5922E+26
0.8050	0.5823E+26
0.8356	0.5723E+26
0.8674	0.5620E+26
0.9005	0.5516E+26
0.9348	0.5411E+26
0.9704	0.5303E+26
1.007	0.5195E+26
1.046	0.5086E+26
1.086	0.4976E+26
1.127	0.4865E+26
1.170	0.4753E+26
1.214	0.4642E+26
1.261	0.4530E+26
1.309	0.4418E+26
1.358	0.4306E+26
1.410	0.4195E+26
1.464	0.4084E+26
1.520	0.3974E+26
1.578	0.3865E+26
1.638	0.3757E+26
1.700	0.3650E+26
1.765	0.3545E+26
1.832	0.3441E+26
1.902	0.3339E+26
1.974	0.3239E+26
2.049	0.3140E+26
2.127	0.3044E+26
2.208	0.2950E+26
2.293	0.2858E+26
2.380	0.2768E+26
2.470	0.2680E+26
2.565	0.2596E+26
2.662	0.2513E+26
2.764	0.2432E+26
2.869	0.2353E+26
2.978	0.2276E+26
3.092	0.2203E+26
3.209	0.2131E+26
3.332	0.2061E+26
3.458	0.1993E+26
3.590	0.1928E+26
3.727	0.1863E+26
3.869	0.1802E+26
4.016	0.1742E+26
4.169	0.1685E+26
4.328	0.1629E+26
4.493	0.1575E+26
4.664	0.1522E+26
4.841	0.1471E+26
5.026	0.1422E+26
5.217	0.1374E+26
5.416	0.1328E+26
5.622	0.1282E+26
5.836	0.1238E+26
6.059	0.1196E+26
6.289	0.1154E+26
6.529	0.1114E+26
6.778	0.1074E+26
7.036	0.1036E+26
7.304	0.9988E+25
7.582	0.9625E+25
7.871	0.9272E+25
8.170	0.8927E+25
8.482	0.8592E+25
8.805	0.8265E+25
9.140	0.7947E+25
9.488	0.7637E+25
9.849	0.7336E+25
10.22	0.7043E+25
10.61	0.6758E+25
11.02	0.6482E+25
11.44	0.6214E+25
11.87	0.5954E+25
12.33	0.5703E+25
12.80	0.5461E+25
13.28	0.5227E+25
13.79	0.5002E+25
14.31	0.4785E+25
14.86	0.4577E+25
15.42	0.4378E+25
16.01	0.4187E+25
16.62	0.4005E+25
17.25	0.3832E+25
17.91	0.3666E+25
18.59	0.3509E+25
19.30	0.3360E+25
20.04	0.3218E+25
20.80	0.3084E+25
21.59	0.2957E+25
22.42	0.2836E+25
23.27	0.2723E+25
24.16	0.2615E+25
25.08	0.2513E+25
26.03	0.2418E+25
27.02	0.2327E+25
28.05	0.2242E+25
29.12	0.2162E+25
30.23	0.2087E+25
31.38	0.2017E+25
32.57	0.1951E+25
33.82	0.1889E+25
35.10	0.1833E+25
36.44	0.1780E+25
37.83	0.1731E+25
39.27	0.1686E+25
40.76	0.1645E+25
42.32	0.1607E+25
43.93	0.1572E+25
45.60	0.1541E+25
47.34	0.1512E+25
49.14	0.1485E+25
51.01	0.1461E+25
52.96	0.1438E+25
54.97	0.1418E+25
57.07	0.1398E+25
59.24	0.1381E+25
61.50	0.1364E+25
63.84	0.1349E+25
66.27	0.1335E+25
68.79	0.1321E+25
71.41	0.1308E+25
74.13	0.1296E+25
76.96	0.1285E+25
79.89	0.1274E+25
82.93	0.1263E+25
86.09	0.1253E+25
89.37	0.1243E+25
92.77	0.1234E+25
96.31	0.1225E+25
99.97	0.1216E+25
103.8	0.1207E+25
107.7	0.1199E+25
111.8	0.1190E+25
116.1	0.1182E+25
120.5	0.1175E+25
125.1	0.1167E+25
129.9	0.1159E+25
134.8	0.1152E+25
140.0	0.1145E+25
145.3	0.1137E+25
150.8	0.1130E+25
156.6	0.1123E+25
162.5	0.1116E+25
168.7	0.1109E+25
175.1	0.1103E+25
181.8	0.1096E+25
188.7	0.1089E+25
195.9	0.1083E+25
203.4	0.1076E+25
211.1	0.1069E+25
219.2	0.1063E+25
227.5	0.1056E+25
236.2	0.1050E+25
245.2	0.1043E+25
254.5	0.1037E+25
264.2	0.1030E+25
274.3	0.1023E+25
284.7	0.1017E+25
295.6	0.1010E+25
306.8	0.1004E+25
318.5	0.9968E+24
330.6	0.9900E+24
343.2	0.9832E+24
356.3	0.9762E+24
369.9	0.9692E+24
384.0	0.9622E+24
398.6	0.9550E+24
413.8	0.9478E+24
429.5	0.9405E+24
445.9	0.9331E+24
462.9	0.9256E+24
480.5	0.9180E+24
498.8	0.9103E+24
517.8	0.9025E+24
537.5	0.8946E+24
558.0	0.8866E+24
579.2	0.8785E+24
601.3	0.8703E+24
624.2	0.8620E+24
648.0	0.8536E+24
672.6	0.8452E+24
698.3	0.8366E+24
724.9	0.8280E+24
752.5	0.8192E+24
781.1	0.8104E+24
810.9	0.8016E+24
841.8	0.7926E+24
873.8	0.7836E+24
907.1	0.7746E+24
941.6	0.7655E+24
977.5	0.7564E+24
1015.	0.7472E+24
1053.	0.7380E+24
1094.	0.7287E+24
1135.	0.7195E+24
1178.	0.7103E+24
1223.	0.7010E+24
1270.	0.6918E+24
1318.	0.6826E+24
1368.	0.6734E+24
1421.	0.6642E+24
1475.	0.6551E+24
1531.	0.6460E+24
1589.	0.6369E+24
1650.	0.6281E+24
1712.	0.6191E+24
1778.	0.6103E+24
1845.	0.6015E+24
1916.	0.5928E+24
1989.	0.5842E+24
2064.	0.5756E+24
2143.	0.5672E+24
2225.	0.5588E+24
2309.	0.5506E+24
2397.	0.5425E+24
2489.	0.5345E+24
2583.	0.5265E+24
2682.	0.5188E+24
2784.	0.5111E+24
2890.	0.5035E+24
3000.	0.4961E+24
 
 
E/N (Td)	Energy diffusion coef. D*N (1/m/s)
0.1000E-02	0.2179E+25
0.1038E-02	0.2182E+25
0.1078E-02	0.2183E+25
0.1119E-02	0.2184E+25
0.1161E-02	0.2185E+25
0.1205E-02	0.2186E+25
0.1251E-02	0.2187E+25
0.1299E-02	0.2188E+25
0.1349E-02	0.2190E+25
0.1400E-02	0.2191E+25
0.1453E-02	0.2193E+25
0.1509E-02	0.2195E+25
0.1566E-02	0.2197E+25
0.1626E-02	0.2199E+25
0.1688E-02	0.2201E+25
0.1752E-02	0.2204E+25
0.1819E-02	0.2206E+25
0.1888E-02	0.2209E+25
0.1960E-02	0.2212E+25
0.2034E-02	0.2215E+25
0.2112E-02	0.2218E+25
0.2192E-02	0.2222E+25
0.2276E-02	0.2226E+25
0.2362E-02	0.2230E+25
0.2452E-02	0.2234E+25
0.2546E-02	0.2239E+25
0.2643E-02	0.2244E+25
0.2743E-02	0.2250E+25
0.2848E-02	0.2255E+25
0.2956E-02	0.2261E+25
0.3069E-02	0.2268E+25
0.3186E-02	0.2275E+25
0.3307E-02	0.2282E+25
0.3433E-02	0.2290E+25
0.3564E-02	0.2298E+25
0.3700E-02	0.2306E+25
0.3841E-02	0.2315E+25
0.3987E-02	0.2325E+25
0.4139E-02	0.2335E+25
0.4296E-02	0.2345E+25
0.4460E-02	0.2356E+25
0.4630E-02	0.2368E+25
0.4806E-02	0.2380E+25
0.4989E-02	0.2392E+25
0.5179E-02	0.2405E+25
0.5377E-02	0.2419E+25
0.5581E-02	0.2433E+25
0.5794E-02	0.2447E+25
0.6015E-02	0.2462E+25
0.6244E-02	0.2477E+25
0.6481E-02	0.2492E+25
0.6728E-02	0.2508E+25
0.6985E-02	0.2523E+25
0.7251E-02	0.2540E+25
0.7527E-02	0.2556E+25
0.7813E-02	0.2572E+25
0.8111E-02	0.2588E+25
0.8420E-02	0.2605E+25
0.8741E-02	0.2621E+25
0.9073E-02	0.2637E+25
0.9419E-02	0.2653E+25
0.9778E-02	0.2669E+25
0.1015E-01	0.2684E+25
0.1054E-01	0.2699E+25
0.1094E-01	0.2714E+25
0.1135E-01	0.2729E+25
0.1179E-01	0.2743E+25
0.1224E-01	0.2756E+25
0.1270E-01	0.2770E+25
0.1319E-01	0.2782E+25
0.1369E-01	0.2795E+25
0.1421E-01	0.2806E+25
0.1475E-01	0.2818E+25
0.1531E-01	0.2828E+25
0.1590E-01	0.2839E+25
0.1650E-01	0.2848E+25
0.1713E-01	0.2858E+25
0.1778E-01	0.2867E+25
0.1846E-01	0.2875E+25
0.1916E-01	0.2883E+25
0.1989E-01	0.2891E+25
0.2065E-01	0.2898E+25
0.2144E-01	0.2905E+25
0.2225E-01	0.2911E+25
0.2310E-01	0.2917E+25
0.2398E-01	0.2923E+25
0.2489E-01	0.2929E+25
0.2584E-01	0.2934E+25
0.2682E-01	0.2939E+25
0.2785E-01	0.2944E+25
0.2891E-01	0.2949E+25
0.3001E-01	0.2953E+25
0.3115E-01	0.2958E+25
0.3234E-01	0.2962E+25
0.3357E-01	0.2966E+25
0.3485E-01	0.2970E+25
0.3617E-01	0.2974E+25
0.3755E-01	0.2977E+25
0.3898E-01	0.2981E+25
0.4047E-01	0.2985E+25
0.4201E-01	0.2988E+25
0.4361E-01	0.2992E+25
0.4527E-01	0.2996E+25
0.4699E-01	0.2999E+25
0.4878E-01	0.3003E+25
0.5064E-01	0.3006E+25
0.5257E-01	0.3010E+25
0.5457E-01	0.3014E+25
0.5665E-01	0.3018E+25
0.5881E-01	0.3022E+25
0.6105E-01	0.3026E+25
0.6337E-01	0.3030E+25
0.6579E-01	0.3034E+25
0.6829E-01	0.3038E+25
0.7089E-01	0.3043E+25
0.7359E-01	0.3048E+25
0.7640E-01	0.3053E+25
0.7931E-01	0.3058E+25
0.8233E-01	0.3063E+25
0.8546E-01	0.3068E+25
0.8872E-01	0.3074E+25
0.9210E-01	0.3080E+25
0.9560E-01	0.3086E+25
0.9924E-01	0.3093E+25
0.1030	0.3099E+25
0.1069	0.3106E+25
0.1110	0.3113E+25
0.1152	0.3121E+25
0.1196	0.3129E+25
0.1242	0.3137E+25
0.1289	0.3145E+25
0.1338	0.3154E+25
0.1389	0.3163E+25
0.1442	0.3173E+25
0.1497	0.3183E+25
0.1554	0.3193E+25
0.1613	0.3203E+25
0.1675	0.3214E+25
0.1739	0.3226E+25
0.1805	0.3237E+25
0.1874	0.3249E+25
0.1945	0.3262E+25
0.2019	0.3274E+25
0.2096	0.3287E+25
0.2176	0.3301E+25
0.2259	0.3315E+25
0.2345	0.3329E+25
0.2434	0.3343E+25
0.2527	0.3358E+25
0.2623	0.3373E+25
0.2723	0.3388E+25
0.2826	0.3404E+25
0.2934	0.3420E+25
0.3046	0.3436E+25
0.3162	0.3452E+25
0.3282	0.3468E+25
0.3407	0.3485E+25
0.3537	0.3502E+25
0.3672	0.3518E+25
0.3812	0.3535E+25
0.3957	0.3552E+25
0.4107	0.3568E+25
0.4264	0.3585E+25
0.4426	0.3601E+25
0.4595	0.3617E+25
0.4770	0.3633E+25
0.4952	0.3648E+25
0.5140	0.3663E+25
0.5336	0.3678E+25
0.5539	0.3692E+25
0.5750	0.3705E+25
0.5969	0.3718E+25
0.6196	0.3729E+25
0.6432	0.3740E+25
0.6677	0.3751E+25
0.6932	0.3760E+25
0.7196	0.3768E+25
0.7470	0.3775E+25
0.7754	0.3782E+25
0.8050	0.3787E+25
0.8356	0.3791E+25
0.8674	0.3793E+25
0.9005	0.3794E+25
0.9348	0.3793E+25
0.9704	0.3791E+25
1.007	0.3788E+25
1.046	0.3783E+25
1.086	0.3776E+25
1.127	0.3768E+25
1.170	0.3759E+25
1.214	0.3747E+25
1.261	0.3735E+25
1.309	0.3721E+25
1.358	0.3705E+25
1.410	0.3688E+25
1.464	0.3670E+25
1.520	0.3650E+25
1.578	0.3629E+25
1.638	0.3605E+25
1.700	0.3582E+25
1.765	0.3557E+25
1.832	0.3532E+25
1.902	0.3505E+25
1.974	0.3477E+25
2.049	0.3449E+25
2.127	0.3420E+25
2.208	0.3390E+25
2.293	0.3360E+25
2.380	0.3329E+25
2.470	0.3297E+25
2.565	0.3268E+25
2.662	0.3236E+25
2.764	0.3204E+25
2.869	0.3171E+25
2.978	0.3139E+25
3.092	0.3110E+25
3.209	0.3078E+25
3.332	0.3046E+25
3.458	0.3014E+25
3.590	0.2982E+25
3.727	0.2941E+25
3.869	0.2910E+25
4.016	0.2880E+25
4.169	0.2850E+25
4.328	0.2820E+25
4.493	0.2790E+25
4.664	0.2761E+25
4.841	0.2733E+25
5.026	0.2706E+25
5.217	0.2679E+25
5.416	0.2656E+25
5.622	0.2630E+25
5.836	0.2606E+25
6.059	0.2582E+25
6.289	0.2558E+25
6.529	0.2535E+25
6.778	0.2513E+25
7.036	0.2493E+25
7.304	0.2473E+25
7.582	0.2454E+25
7.871	0.2440E+25
8.170	0.2423E+25
8.482	0.2407E+25
8.805	0.2392E+25
9.140	0.2378E+25
9.488	0.2365E+25
9.849	0.2355E+25
10.22	0.2345E+25
10.61	0.2337E+25
11.02	0.2330E+25
11.44	0.2325E+25
11.87	0.2319E+25
12.33	0.2317E+25
12.80	0.2316E+25
13.28	0.2316E+25
13.79	0.2318E+25
14.31	0.2319E+25
14.86	0.2323E+25
15.42	0.2329E+25
16.01	0.2336E+25
16.62	0.2344E+25
17.25	0.2355E+25
17.91	0.2365E+25
18.59	0.2376E+25
19.30	0.2387E+25
20.04	0.2399E+25
20.80	0.2412E+25
21.59	0.2425E+25
22.42	0.2439E+25
23.27	0.2453E+25
24.16	0.2467E+25
25.08	0.2482E+25
26.03	0.2497E+25
27.02	0.2513E+25
28.05	0.2529E+25
29.12	0.2544E+25
30.23	0.2560E+25
31.38	0.2576E+25
32.57	0.2592E+25
33.82	0.2608E+25
35.10	0.2624E+25
36.44	0.2640E+25
37.83	0.2655E+25
39.27	0.2670E+25
40.76	0.2685E+25
42.32	0.2700E+25
43.93	0.2714E+25
45.60	0.2729E+25
47.34	0.2742E+25
49.14	0.2756E+25
51.01	0.2769E+25
52.96	0.2782E+25
54.97	0.2795E+25
57.07	0.2807E+25
59.24	0.2820E+25
61.50	0.2832E+25
63.84	0.2844E+25
66.27	0.2856E+25
68.79	0.2869E+25
71.41	0.2881E+25
74.13	0.2893E+25
76.96	0.2906E+25
79.89	0.2918E+25
82.93	0.2931E+25
86.09	0.2944E+25
89.37	0.2957E+25
92.77	0.2970E+25
96.31	0.2984E+25
99.97	0.2998E+25
103.8	0.3012E+25
107.7	0.3026E+25
111.8	0.3041E+25
116.1	0.3056E+25
120.5	0.3071E+25
125.1	0.3087E+25
129.9	0.3103E+25
134.8	0.3120E+25
140.0	0.3137E+25
145.3	0.3154E+25
150.8	0.3172E+25
156.6	0.3190E+25
162.5	0.3209E+25
168.7	0.3228E+25
175.1	0.3247E+25
181.8	0.3267E+25
188.7	0.3287E+25
195.9	0.3307E+25
203.4	0.3328E+25
211.1	0.3350E+25
219.2	0.3372E+25
227.5	0.3394E+25
236.2	0.3416E+25
245.2	0.3439E+25
254.5	0.3463E+25
264.2	0.3486E+25
274.3	0.3510E+25
284.7	0.3535E+25
295.6	0.3560E+25
306.8	0.3585E+25
318.5	0.3610E+25
330.6	0.3636E+25
343.2	0.3662E+25
356.3	0.3688E+25
369.9	0.3714E+25
384.0	0.3741E+25
398.6	0.3768E+25
413.8	0.3796E+25
429.5	0.3823E+25
445.9	0.3851E+25
462.9	0.3879E+25
480.5	0.3907E+25
498.8	0.3936E+25
517.8	0.3965E+25
537.5	0.3993E+25
558.0	0.4022E+25
579.2	0.4052E+25
601.3	0.4081E+25
624.2	0.4111E+25
648.0	0.4141E+25
672.6	0.4171E+25
698.3	0.4202E+25
724.9	0.4232E+25
752.5	0.4263E+25
781.1	0.4295E+25
810.9	0.4327E+25
841.8	0.4359E+25
873.8	0.4391E+25
907.1	0.4425E+25
941.6	0.4458E+25
977.5	0.4493E+25
1015.	0.4528E+25
1053.	0.4563E+25
1094.	0.4600E+25
1135.	0.4637E+25
1178.	0.4676E+25
1223.	0.4716E+25
1270.	0.4756E+25
1318.	0.4798E+25
1368.	0.4842E+25
1421.	0.4887E+25
1475.	0.4934E+25
1531.	0.4983E+25
1589.	0.5034E+25
1650.	0.5089E+25
1712.	0.5144E+25
1778.	0.5202E+25
1845.	0.5262E+25
1916.	0.5325E+25
1989.	0.5392E+25
2064.	0.5461E+25
2143.	0.5534E+25
2225.	0.5611E+25
2309.	0.5691E+25
2397.	0.5776E+25
2489.	0.5865E+25
2583.	0.5959E+25
2682.	0.6058E+25
2784.	0.6161E+25
2890.	0.6270E+25
3000.	0.6386E+25
 
 
E/N (Td)	Total collision freq. /N (m3/s)
0.1000E-02	0.7774E-14
0.1038E-02	0.7773E-14
0.1078E-02	0.7773E-14
0.1119E-02	0.7772E-14
0.1161E-02	0.7771E-14
0.1205E-02	0.7770E-14
0.1251E-02	0.7769E-14
0.1299E-02	0.7768E-14
0.1349E-02	0.7767E-14
0.1400E-02	0.7766E-14
0.1453E-02	0.7765E-14
0.1509E-02	0.7764E-14
0.1566E-02	0.7762E-14
0.1626E-02	0.7761E-14
0.1688E-02	0.7759E-14
0.1752E-02	0.7757E-14
0.1819E-02	0.7755E-14
0.1888E-02	0.7753E-14
0.1960E-02	0.7751E-14
0.2034E-02	0.7749E-14
0.2112E-02	0.7746E-14
0.2192E-02	0.7744E-14
0.2276E-02	0.7741E-14
0.2362E-02	0.7738E-14
0.2452E-02	0.7735E-14
0.2546E-02	0.7731E-14
0.2643E-02	0.7728E-14
0.2743E-02	0.7724E-14
0.2848E-02	0.7720E-14
0.2956E-02	0.7715E-14
0.3069E-02	0.7711E-14
0.3186E-02	0.7706E-14
0.3307E-02	0.7701E-14
0.3433E-02	0.7696E-14
0.3564E-02	0.7690E-14
0.3700E-02	0.7684E-14
0.3841E-02	0.7678E-14
0.3987E-02	0.7671E-14
0.4139E-02	0.7664E-14
0.4296E-02	0.7657E-14
0.4460E-02	0.7650E-14
0.4630E-02	0.7642E-14
0.4806E-02	0.7635E-14
0.4989E-02	0.7627E-14
0.5179E-02	0.7618E-14
0.5377E-02	0.7610E-14
0.5581E-02	0.7602E-14
0.5794E-02	0.7593E-14
0.6015E-02	0.7584E-14
0.6244E-02	0.7576E-14
0.6481E-02	0.7567E-14
0.6728E-02	0.7559E-14
0.6985E-02	0.7550E-14
0.7251E-02	0.7542E-14
0.7527E-02	0.7534E-14
0.7813E-02	0.7527E-14
0.8111E-02	0.7520E-14
0.8420E-02	0.7513E-14
0.8741E-02	0.7507E-14
0.9073E-02	0.7502E-14
0.9419E-02	0.7497E-14
0.9778E-02	0.7493E-14
0.1015E-01	0.7490E-14
0.1054E-01	0.7487E-14
0.1094E-01	0.7486E-14
0.1135E-01	0.7485E-14
0.1179E-01	0.7485E-14
0.1224E-01	0.7486E-14
0.1270E-01	0.7488E-14
0.1319E-01	0.7491E-14
0.1369E-01	0.7495E-14
0.1421E-01	0.7500E-14
0.1475E-01	0.7505E-14
0.1531E-01	0.7512E-14
0.1590E-01	0.7519E-14
0.1650E-01	0.7527E-14
0.1713E-01	0.7535E-14
0.1778E-01	0.7544E-14
0.1846E-01	0.7554E-14
0.1916E-01	0.7564E-14
0.1989E-01	0.7575E-14
0.2065E-01	0.7586E-14
0.2144E-01	0.7597E-14
0.2225E-01	0.7608E-14
0.2310E-01	0.7620E-14
0.2398E-01	0.7631E-14
0.2489E-01	0.7643E-14
0.2584E-01	0.7654E-14
0.2682E-01	0.7666E-14
0.2785E-01	0.7677E-14
0.2891E-01	0.7688E-14
0.3001E-01	0.7698E-14
0.3115E-01	0.7708E-14
0.3234E-01	0.7718E-14
0.3357E-01	0.7727E-14
0.3485E-01	0.7736E-14
0.3617E-01	0.7744E-14
0.3755E-01	0.7752E-14
0.3898E-01	0.7758E-14
0.4047E-01	0.7765E-14
0.4201E-01	0.7770E-14
0.4361E-01	0.7775E-14
0.4527E-01	0.7779E-14
0.4699E-01	0.7782E-14
0.4878E-01	0.7784E-14
0.5064E-01	0.7786E-14
0.5257E-01	0.7786E-14
0.5457E-01	0.7786E-14
0.5665E-01	0.7785E-14
0.5881E-01	0.7783E-14
0.6105E-01	0.7781E-14
0.6337E-01	0.7777E-14
0.6579E-01	0.7773E-14
0.6829E-01	0.7767E-14
0.7089E-01	0.7761E-14
0.7359E-01	0.7754E-14
0.7640E-01	0.7746E-14
0.7931E-01	0.7737E-14
0.8233E-01	0.7727E-14
0.8546E-01	0.7716E-14
0.8872E-01	0.7704E-14
0.9210E-01	0.7692E-14
0.9560E-01	0.7678E-14
0.9924E-01	0.7664E-14
0.1030	0.7649E-14
0.1069	0.7633E-14
0.1110	0.7616E-14
0.1152	0.7598E-14
0.1196	0.7579E-14
0.1242	0.7559E-14
0.1289	0.7538E-14
0.1338	0.7517E-14
0.1389	0.7495E-14
0.1442	0.7471E-14
0.1497	0.7447E-14
0.1554	0.7422E-14
0.1613	0.7397E-14
0.1675	0.7370E-14
0.1739	0.7342E-14
0.1805	0.7314E-14
0.1874	0.7285E-14
0.1945	0.7255E-14
0.2019	0.7224E-14
0.2096	0.7193E-14
0.2176	0.7160E-14
0.2259	0.7127E-14
0.2345	0.7093E-14
0.2434	0.7059E-14
0.2527	0.7024E-14
0.2623	0.6988E-14
0.2723	0.6951E-14
0.2826	0.6914E-14
0.2934	0.6876E-14
0.3046	0.6838E-14
0.3162	0.6799E-14
0.3282	0.6759E-14
0.3407	0.6720E-14
0.3537	0.6679E-14
0.3672	0.6639E-14
0.3812	0.6598E-14
0.3957	0.6557E-14
0.4107	0.6516E-14
0.4264	0.6474E-14
0.4426	0.6433E-14
0.4595	0.6392E-14
0.4770	0.6350E-14
0.4952	0.6310E-14
0.5140	0.6269E-14
0.5336	0.6229E-14
0.5539	0.6190E-14
0.5750	0.6151E-14
0.5969	0.6113E-14
0.6196	0.6077E-14
0.6432	0.6041E-14
0.6677	0.6007E-14
0.6932	0.5974E-14
0.7196	0.5943E-14
0.7470	0.5913E-14
0.7754	0.5884E-14
0.8050	0.5859E-14
0.8356	0.5837E-14
0.8674	0.5817E-14
0.9005	0.5800E-14
0.9348	0.5786E-14
0.9704	0.5776E-14
1.007	0.5769E-14
1.046	0.5767E-14
1.086	0.5768E-14
1.127	0.5774E-14
1.170	0.5784E-14
1.214	0.5799E-14
1.261	0.5820E-14
1.309	0.5846E-14
1.358	0.5878E-14
1.410	0.5915E-14
1.464	0.5959E-14
1.520	0.6010E-14
1.578	0.6067E-14
1.638	0.6133E-14
1.700	0.6204E-14
1.765	0.6283E-14
1.832	0.6369E-14
1.902	0.6463E-14
1.974	0.6565E-14
2.049	0.6675E-14
2.127	0.6794E-14
2.208	0.6921E-14
2.293	0.7058E-14
2.380	0.7203E-14
2.470	0.7358E-14
2.565	0.7524E-14
2.662	0.7698E-14
2.764	0.7881E-14
2.869	0.8075E-14
2.978	0.8278E-14
3.092	0.8493E-14
3.209	0.8718E-14
3.332	0.8953E-14
3.458	0.9200E-14
3.590	0.9459E-14
3.727	0.9722E-14
3.869	0.1000E-13
4.016	0.1030E-13
4.169	0.1061E-13
4.328	0.1093E-13
4.493	0.1127E-13
4.664	0.1162E-13
4.841	0.1199E-13
5.026	0.1238E-13
5.217	0.1278E-13
5.416	0.1321E-13
5.622	0.1365E-13
5.836	0.1411E-13
6.059	0.1460E-13
6.289	0.1511E-13
6.529	0.1565E-13
6.778	0.1621E-13
7.036	0.1680E-13
7.304	0.1742E-13
7.582	0.1808E-13
7.871	0.1877E-13
8.170	0.1949E-13
8.482	0.2026E-13
8.805	0.2107E-13
9.140	0.2192E-13
9.488	0.2283E-13
9.849	0.2378E-13
10.22	0.2479E-13
10.61	0.2585E-13
11.02	0.2697E-13
11.44	0.2816E-13
11.87	0.2941E-13
12.33	0.3074E-13
12.80	0.3214E-13
13.28	0.3361E-13
13.79	0.3517E-13
14.31	0.3680E-13
14.86	0.3852E-13
15.42	0.4032E-13
16.01	0.4221E-13
16.62	0.4418E-13
17.25	0.4625E-13
17.91	0.4841E-13
18.59	0.5064E-13
19.30	0.5297E-13
20.04	0.5538E-13
20.80	0.5788E-13
21.59	0.6045E-13
22.42	0.6311E-13
23.27	0.6585E-13
24.16	0.6866E-13
25.08	0.7154E-13
26.03	0.7449E-13
27.02	0.7751E-13
28.05	0.8058E-13
29.12	0.8370E-13
30.23	0.8686E-13
31.38	0.9005E-13
32.57	0.9325E-13
33.82	0.9645E-13
35.10	0.9964E-13
36.44	0.1028E-12
37.83	0.1059E-12
39.27	0.1090E-12
40.76	0.1119E-12
42.32	0.1148E-12
43.93	0.1176E-12
45.60	0.1203E-12
47.34	0.1229E-12
49.14	0.1253E-12
51.01	0.1277E-12
52.96	0.1300E-12
54.97	0.1321E-12
57.07	0.1342E-12
59.24	0.1362E-12
61.50	0.1382E-12
63.84	0.1400E-12
66.27	0.1418E-12
68.79	0.1435E-12
71.41	0.1452E-12
74.13	0.1469E-12
76.96	0.1485E-12
79.89	0.1501E-12
82.93	0.1516E-12
86.09	0.1531E-12
89.37	0.1546E-12
92.77	0.1561E-12
96.31	0.1576E-12
99.97	0.1590E-12
103.8	0.1605E-12
107.7	0.1619E-12
111.8	0.1633E-12
116.1	0.1648E-12
120.5	0.1662E-12
125.1	0.1676E-12
129.9	0.1690E-12
134.8	0.1704E-12
140.0	0.1719E-12
145.3	0.1733E-12
150.8	0.1747E-12
156.6	0.1761E-12
162.5	0.1775E-12
168.7	0.1790E-12
175.1	0.1804E-12
181.8	0.1818E-12
188.7	0.1833E-12
195.9	0.1847E-12
203.4	0.1862E-12
211.1	0.1876E-12
219.2	0.1891E-12
227.5	0.1905E-12
236.2	0.1920E-12
245.2	0.1935E-12
254.5	0.1950E-12
264.2	0.1965E-12
274.3	0.1980E-12
284.7	0.1995E-12
295.6	0.2011E-12
306.8	0.2026E-12
318.5	0.2042E-12
330.6	0.2058E-12
343.2	0.2073E-12
356.3	0.2089E-12
369.9	0.2106E-12
384.0	0.2122E-12
398.6	0.2139E-12
413.8	0.2155E-12
429.5	0.2172E-12
445.9	0.2190E-12
462.9	0.2207E-12
480.5	0.2225E-12
498.8	0.2243E-12
517.8	0.2261E-12
537.5	0.2280E-12
558.0	0.2299E-12
579.2	0.2318E-12
601.3	0.2338E-12
624.2	0.2358E-12
648.0	0.2379E-12
672.6	0.2399E-12
698.3	0.2421E-12
724.9	0.2443E-12
752.5	0.2465E-12
781.1	0.2488E-12
810.9	0.2511E-12
841.8	0.2534E-12
873.8	0.2559E-12
907.1	0.2584E-12
941.6	0.2609E-12
977.5	0.2635E-12
1015.	0.2662E-12
1053.	0.2689E-12
1094.	0.2717E-12
1135.	0.2745E-12
1178.	0.2775E-12
1223.	0.2804E-12
1270.	0.2835E-12
1318.	0.2866E-12
1368.	0.2898E-12
1421.	0.2931E-12
1475.	0.2964E-12
1531.	0.2998E-12
1589.	0.3033E-12
1650.	0.3069E-12
1712.	0.3105E-12
1778.	0.3142E-12
1845.	0.3180E-12
1916.	0.3218E-12
1989.	0.3257E-12
2064.	0.3297E-12
2143.	0.3338E-12
2225.	0.3380E-12
2309.	0.3422E-12
2397.	0.3465E-12
2489.	0.3508E-12
2583.	0.3553E-12
2682.	0.3598E-12
2784.	0.3643E-12
2890.	0.3689E-12
3000.	0.3736E-12
 
 
E/N (Td)	Momentum frequency /N (m3/s)
0.1000E-02	0.4224E-14
0.1038E-02	0.4219E-14
0.1078E-02	0.4219E-14
0.1119E-02	0.4218E-14
0.1161E-02	0.4218E-14
0.1205E-02	0.4217E-14
0.1251E-02	0.4216E-14
0.1299E-02	0.4216E-14
0.1349E-02	0.4215E-14
0.1400E-02	0.4214E-14
0.1453E-02	0.4213E-14
0.1509E-02	0.4212E-14
0.1566E-02	0.4211E-14
0.1626E-02	0.4210E-14
0.1688E-02	0.4209E-14
0.1752E-02	0.4208E-14
0.1819E-02	0.4206E-14
0.1888E-02	0.4205E-14
0.1960E-02	0.4203E-14
0.2034E-02	0.4202E-14
0.2112E-02	0.4200E-14
0.2192E-02	0.4198E-14
0.2276E-02	0.4196E-14
0.2362E-02	0.4194E-14
0.2452E-02	0.4192E-14
0.2546E-02	0.4189E-14
0.2643E-02	0.4187E-14
0.2743E-02	0.4184E-14
0.2848E-02	0.4182E-14
0.2956E-02	0.4179E-14
0.3069E-02	0.4176E-14
0.3186E-02	0.4172E-14
0.3307E-02	0.4169E-14
0.3433E-02	0.4165E-14
0.3564E-02	0.4162E-14
0.3700E-02	0.4158E-14
0.3841E-02	0.4154E-14
0.3987E-02	0.4150E-14
0.4139E-02	0.4146E-14
0.4296E-02	0.4142E-14
0.4460E-02	0.4137E-14
0.4630E-02	0.4133E-14
0.4806E-02	0.4128E-14
0.4989E-02	0.4124E-14
0.5179E-02	0.4119E-14
0.5377E-02	0.4114E-14
0.5581E-02	0.4110E-14
0.5794E-02	0.4105E-14
0.6015E-02	0.4101E-14
0.6244E-02	0.4097E-14
0.6481E-02	0.4093E-14
0.6728E-02	0.4089E-14
0.6985E-02	0.4085E-14
0.7251E-02	0.4082E-14
0.7527E-02	0.4079E-14
0.7813E-02	0.4076E-14
0.8111E-02	0.4074E-14
0.8420E-02	0.4072E-14
0.8741E-02	0.4071E-14
0.9073E-02	0.4070E-14
0.9419E-02	0.4070E-14
0.9778E-02	0.4070E-14
0.1015E-01	0.4071E-14
0.1054E-01	0.4072E-14
0.1094E-01	0.4074E-14
0.1135E-01	0.4076E-14
0.1179E-01	0.4079E-14
0.1224E-01	0.4083E-14
0.1270E-01	0.4087E-14
0.1319E-01	0.4092E-14
0.1369E-01	0.4097E-14
0.1421E-01	0.4103E-14
0.1475E-01	0.4110E-14
0.1531E-01	0.4117E-14
0.1590E-01	0.4124E-14
0.1650E-01	0.4132E-14
0.1713E-01	0.4140E-14
0.1778E-01	0.4148E-14
0.1846E-01	0.4157E-14
0.1916E-01	0.4166E-14
0.1989E-01	0.4175E-14
0.2065E-01	0.4185E-14
0.2144E-01	0.4194E-14
0.2225E-01	0.4204E-14
0.2310E-01	0.4213E-14
0.2398E-01	0.4223E-14
0.2489E-01	0.4233E-14
0.2584E-01	0.4242E-14
0.2682E-01	0.4252E-14
0.2785E-01	0.4261E-14
0.2891E-01	0.4270E-14
0.3001E-01	0.4279E-14
0.3115E-01	0.4288E-14
0.3234E-01	0.4296E-14
0.3357E-01	0.4304E-14
0.3485E-01	0.4312E-14
0.3617E-01	0.4320E-14
0.3755E-01	0.4327E-14
0.3898E-01	0.4333E-14
0.4047E-01	0.4340E-14
0.4201E-01	0.4345E-14
0.4361E-01	0.4351E-14
0.4527E-01	0.4356E-14
0.4699E-01	0.4361E-14
0.4878E-01	0.4365E-14
0.5064E-01	0.4369E-14
0.5257E-01	0.4372E-14
0.5457E-01	0.4375E-14
0.5665E-01	0.4377E-14
0.5881E-01	0.4379E-14
0.6105E-01	0.4381E-14
0.6337E-01	0.4382E-14
0.6579E-01	0.4383E-14
0.6829E-01	0.4383E-14
0.7089E-01	0.4383E-14
0.7359E-01	0.4382E-14
0.7640E-01	0.4382E-14
0.7931E-01	0.4380E-14
0.8233E-01	0.4379E-14
0.8546E-01	0.4377E-14
0.8872E-01	0.4375E-14
0.9210E-01	0.4372E-14
0.9560E-01	0.4369E-14
0.9924E-01	0.4366E-14
0.1030	0.4363E-14
0.1069	0.4359E-14
0.1110	0.4355E-14
0.1152	0.4351E-14
0.1196	0.4346E-14
0.1242	0.4342E-14
0.1289	0.4337E-14
0.1338	0.4332E-14
0.1389	0.4327E-14
0.1442	0.4322E-14
0.1497	0.4316E-14
0.1554	0.4311E-14
0.1613	0.4305E-14
0.1675	0.4300E-14
0.1739	0.4294E-14
0.1805	0.4288E-14
0.1874	0.4283E-14
0.1945	0.4277E-14
0.2019	0.4272E-14
0.2096	0.4267E-14
0.2176	0.4261E-14
0.2259	0.4256E-14
0.2345	0.4252E-14
0.2434	0.4247E-14
0.2527	0.4243E-14
0.2623	0.4239E-14
0.2723	0.4235E-14
0.2826	0.4232E-14
0.2934	0.4229E-14
0.3046	0.4227E-14
0.3162	0.4225E-14
0.3282	0.4224E-14
0.3407	0.4224E-14
0.3537	0.4224E-14
0.3672	0.4225E-14
0.3812	0.4227E-14
0.3957	0.4230E-14
0.4107	0.4234E-14
0.4264	0.4239E-14
0.4426	0.4245E-14
0.4595	0.4253E-14
0.4770	0.4261E-14
0.4952	0.4272E-14
0.5140	0.4283E-14
0.5336	0.4296E-14
0.5539	0.4312E-14
0.5750	0.4328E-14
0.5969	0.4347E-14
0.6196	0.4368E-14
0.6432	0.4391E-14
0.6677	0.4416E-14
0.6932	0.4444E-14
0.7196	0.4474E-14
0.7470	0.4507E-14
0.7754	0.4541E-14
0.8050	0.4580E-14
0.8356	0.4622E-14
0.8674	0.4667E-14
0.9005	0.4716E-14
0.9348	0.4769E-14
0.9704	0.4825E-14
1.007	0.4885E-14
1.046	0.4950E-14
1.086	0.5019E-14
1.127	0.5093E-14
1.170	0.5171E-14
1.214	0.5255E-14
1.261	0.5344E-14
1.309	0.5438E-14
1.358	0.5538E-14
1.410	0.5645E-14
1.464	0.5757E-14
1.520	0.5876E-14
1.578	0.6002E-14
1.638	0.6138E-14
1.700	0.6278E-14
1.765	0.6426E-14
1.832	0.6582E-14
1.902	0.6746E-14
1.974	0.6918E-14
2.049	0.7099E-14
2.127	0.7290E-14
2.208	0.7490E-14
2.293	0.7699E-14
2.380	0.7919E-14
2.470	0.8149E-14
2.565	0.8384E-14
2.662	0.8635E-14
2.764	0.8898E-14
2.869	0.9173E-14
2.978	0.9459E-14
3.092	0.9751E-14
3.209	0.1006E-13
3.332	0.1039E-13
3.458	0.1073E-13
3.590	0.1108E-13
3.727	0.1146E-13
3.869	0.1184E-13
4.016	0.1224E-13
4.169	0.1265E-13
4.328	0.1307E-13
4.493	0.1352E-13
4.664	0.1398E-13
4.841	0.1446E-13
5.026	0.1496E-13
5.217	0.1548E-13
5.416	0.1601E-13
5.622	0.1657E-13
5.836	0.1716E-13
6.059	0.1777E-13
6.289	0.1840E-13
6.529	0.1906E-13
6.778	0.1975E-13
7.036	0.2047E-13
7.304	0.2122E-13
7.582	0.2200E-13
7.871	0.2282E-13
8.170	0.2368E-13
8.482	0.2457E-13
8.805	0.2551E-13
9.140	0.2650E-13
9.488	0.2754E-13
9.849	0.2862E-13
10.22	0.2977E-13
10.61	0.3097E-13
11.02	0.3223E-13
11.44	0.3356E-13
11.87	0.3498E-13
12.33	0.3646E-13
12.80	0.3802E-13
13.28	0.3967E-13
13.79	0.4140E-13
14.31	0.4324E-13
14.86	0.4517E-13
15.42	0.4721E-13
16.01	0.4937E-13
16.62	0.5163E-13
17.25	0.5402E-13
17.91	0.5653E-13
18.59	0.5916E-13
19.30	0.6193E-13
20.04	0.6484E-13
20.80	0.6788E-13
21.59	0.7105E-13
22.42	0.7437E-13
23.27	0.7783E-13
24.16	0.8142E-13
25.08	0.8516E-13
26.03	0.8902E-13
27.02	0.9302E-13
28.05	0.9714E-13
29.12	0.1014E-12
30.23	0.1057E-12
31.38	0.1102E-12
32.57	0.1147E-12
33.82	0.1192E-12
35.10	0.1238E-12
36.44	0.1284E-12
37.83	0.1329E-12
39.27	0.1374E-12
40.76	0.1418E-12
42.32	0.1461E-12
43.93	0.1503E-12
45.60	0.1543E-12
47.34	0.1582E-12
49.14	0.1620E-12
51.01	0.1655E-12
52.96	0.1690E-12
54.97	0.1722E-12
57.07	0.1754E-12
59.24	0.1783E-12
61.50	0.1812E-12
63.84	0.1840E-12
66.27	0.1866E-12
68.79	0.1891E-12
71.41	0.1916E-12
74.13	0.1939E-12
76.96	0.1962E-12
79.89	0.1985E-12
82.93	0.2007E-12
86.09	0.2028E-12
89.37	0.2049E-12
92.77	0.2069E-12
96.31	0.2089E-12
99.97	0.2108E-12
103.8	0.2128E-12
107.7	0.2147E-12
111.8	0.2166E-12
116.1	0.2184E-12
120.5	0.2202E-12
125.1	0.2220E-12
129.9	0.2238E-12
134.8	0.2256E-12
140.0	0.2273E-12
145.3	0.2291E-12
150.8	0.2308E-12
156.6	0.2325E-12
162.5	0.2342E-12
168.7	0.2359E-12
175.1	0.2376E-12
181.8	0.2393E-12
188.7	0.2410E-12
195.9	0.2426E-12
203.4	0.2443E-12
211.1	0.2460E-12
219.2	0.2477E-12
227.5	0.2494E-12
236.2	0.2511E-12
245.2	0.2528E-12
254.5	0.2545E-12
264.2	0.2562E-12
274.3	0.2580E-12
284.7	0.2597E-12
295.6	0.2615E-12
306.8	0.2633E-12
318.5	0.2652E-12
330.6	0.2670E-12
343.2	0.2689E-12
356.3	0.2709E-12
369.9	0.2729E-12
384.0	0.2749E-12
398.6	0.2769E-12
413.8	0.2790E-12
429.5	0.2811E-12
445.9	0.2833E-12
462.9	0.2856E-12
480.5	0.2879E-12
498.8	0.2902E-12
517.8	0.2926E-12
537.5	0.2951E-12
558.0	0.2977E-12
579.2	0.3003E-12
601.3	0.3030E-12
624.2	0.3057E-12
648.0	0.3086E-12
672.6	0.3115E-12
698.3	0.3145E-12
724.9	0.3176E-12
752.5	0.3208E-12
781.1	0.3241E-12
810.9	0.3275E-12
841.8	0.3310E-12
873.8	0.3346E-12
907.1	0.3383E-12
941.6	0.3421E-12
977.5	0.3460E-12
1015.	0.3501E-12
1053.	0.3543E-12
1094.	0.3586E-12
1135.	0.3630E-12
1178.	0.3675E-12
1223.	0.3722E-12
1270.	0.3771E-12
1318.	0.3820E-12
1368.	0.3871E-12
1421.	0.3924E-12
1475.	0.3978E-12
1531.	0.4034E-12
1589.	0.4091E-12
1650.	0.4149E-12
1712.	0.4209E-12
1778.	0.4271E-12
1845.	0.4335E-12
1916.	0.4400E-12
1989.	0.4466E-12
2064.	0.4535E-12
2143.	0.4605E-12
2225.	0.4677E-12
2309.	0.4751E-12
2397.	0.4826E-12
2489.	0.4903E-12
2583.	0.4981E-12
2682.	0.5061E-12
2784.	0.5143E-12
2890.	0.5226E-12
3000.	0.5311E-12
 
 
E/N (Td)	Total ionization freq. /N (m3/s)
0.1000E-02	0.000
0.1038E-02	0.000
0.1078E-02	0.000
0.1119E-02	0.000
0.1161E-02	0.000
0.1205E-02	0.000
0.1251E-02	0.000
0.1299E-02	0.000
0.1349E-02	0.000
0.1400E-02	0.000
0.1453E-02	0.000
0.1509E-02	0.000
0.1566E-02	0.000
0.1626E-02	0.000
0.1688E-02	0.000
0.1752E-02	0.000
0.1819E-02	0.000
0.1888E-02	0.000
0.1960E-02	0.000
0.2034E-02	0.000
0.2112E-02	0.000
0.2192E-02	0.000
0.2276E-02	0.000
0.2362E-02	0.000
0.2452E-02	0.000
0.2546E-02	0.000
0.2643E-02	0.000
0.2743E-02	0.000
0.2848E-02	0.000
0.2956E-02	0.000
0.3069E-02	0.000
0.3186E-02	0.000
0.3307E-02	0.000
0.3433E-02	0.000
0.3564E-02	0.000
0.3700E-02	0.000
0.3841E-02	0.000
0.3987E-02	0.000
0.4139E-02	0.000
0.4296E-02	0.000
0.4460E-02	0.000
0.4630E-02	0.000
0.4806E-02	0.000
0.4989E-02	0.000
0.5179E-02	0.000
0.5377E-02	0.000
0.5581E-02	0.000
0.5794E-02	0.000
0.6015E-02	0.000
0.6244E-02	0.000
0.6481E-02	0.000
0.6728E-02	0.000
0.6985E-02	0.000
0.7251E-02	0.000
0.7527E-02	0.000
0.7813E-02	0.000
0.8111E-02	0.000
0.8420E-02	0.000
0.8741E-02	0.000
0.9073E-02	0.000
0.9419E-02	0.000
0.9778E-02	0.000
0.1015E-01	0.000
0.1054E-01	0.000
0.1094E-01	0.000
0.1135E-01	0.000
0.1179E-01	0.000
0.1224E-01	0.000
0.1270E-01	0.000
0.1319E-01	0.000
0.1369E-01	0.000
0.1421E-01	0.000
0.1475E-01	0.000
0.1531E-01	0.000
0.1590E-01	0.000
0.1650E-01	0.000
0.1713E-01	0.000
0.1778E-01	0.000
0.1846E-01	0.000
0.1916E-01	0.000
0.1989E-01	0.000
0.2065E-01	0.000
0.2144E-01	0.000
0.2225E-01	0.000
0.2310E-01	0.000
0.2398E-01	0.000
0.2489E-01	0.000
0.2584E-01	0.000
0.2682E-01	0.000
0.2785E-01	0.000
0.2891E-01	0.000
0.3001E-01	0.000
0.3115E-01	0.000
0.3234E-01	0.000
0.3357E-01	0.000
0.3485E-01	0.000
0.3617E-01	0.000
0.3755E-01	0.000
0.3898E-01	0.000
0.4047E-01	0.000
0.4201E-01	0.000
0.4361E-01	0.000
0.4527E-01	0.000
0.4699E-01	0.000
0.4878E-01	0.000
0.5064E-01	0.000
0.5257E-01	0.000
0.5457E-01	0.000
0.5665E-01	0.000
0.5881E-01	0.000
0.6105E-01	0.000
0.6337E-01	0.000
0.6579E-01	0.000
0.6829E-01	0.000
0.7089E-01	0.000
0.7359E-01	0.000
0.7640E-01	0.000
0.7931E-01	0.000
0.8233E-01	0.000
0.8546E-01	0.000
0.8872E-01	0.000
0.9210E-01	0.000
0.9560E-01	0.000
0.9924E-01	0.000
0.1030	0.000
0.1069	0.000
0.1110	0.000
0.1152	0.000
0.1196	0.000
0.1242	0.000
0.1289	0.000
0.1338	0.000
0.1389	0.000
0.1442	0.000
0.1497	0.000
0.1554	0.000
0.1613	0.000
0.1675	0.000
0.1739	0.000
0.1805	0.000
0.1874	0.000
0.1945	0.000
0.2019	0.000
0.2096	0.000
0.2176	0.000
0.2259	0.000
0.2345	0.000
0.2434	0.000
0.2527	0.000
0.2623	0.000
0.2723	0.000
0.2826	0.000
0.2934	0.000
0.3046	0.000
0.3162	0.000
0.3282	0.000
0.3407	0.000
0.3537	0.000
0.3672	0.000
0.3812	0.000
0.3957	0.000
0.4107	0.000
0.4264	0.000
0.4426	0.000
0.4595	0.000
0.4770	0.000
0.4952	0.000
0.5140	0.000
0.5336	0.000
0.5539	0.000
0.5750	0.000
0.5969	0.000
0.6196	0.000
0.6432	0.000
0.6677	0.000
0.6932	0.000
0.7196	0.000
0.7470	0.000
0.7754	0.000
0.8050	0.000
0.8356	0.000
0.8674	0.000
0.9005	0.000
0.9348	0.000
0.9704	0.000
1.007	0.000
1.046	0.000
1.086	0.000
1.127	0.000
1.170	0.000
1.214	0.000
1.261	0.000
1.309	0.000
1.358	0.000
1.410	0.000
1.464	0.000
1.520	0.000
1.578	0.000
1.638	0.000
1.700	0.000
1.765	0.000
1.832	0.000
1.902	0.000
1.974	0.000
2.049	0.000
2.127	0.000
2.208	0.000
2.293	0.000
2.380	0.000
2.470	0.000
2.565	0.000
2.662	0.000
2.764	0.000
2.869	0.000
2.978	0.000
3.092	0.000
3.209	0.000
3.332	0.000
3.458	0.000
3.590	0.000
3.727	0.000
3.869	0.000
4.016	0.000
4.169	0.000
4.328	0.000
4.493	0.000
4.664	0.000
4.841	0.000
5.026	0.000
5.217	0.000
5.416	0.000
5.622	0.000
5.836	0.000
6.059	0.000
6.289	0.000
6.529	0.000
6.778	0.000
7.036	0.000
7.304	0.000
7.582	0.000
7.871	0.000
8.170	0.000
8.482	0.000
8.805	0.000
9.140	0.000
9.488	0.000
9.849	0.000
10.22	0.000
10.61	0.000
11.02	0.000
11.44	0.000
11.87	0.000
12.33	0.000
12.80	0.000
13.28	0.000
13.79	0.000
14.31	0.000
14.86	0.000
15.42	0.000
16.01	0.000
16.62	0.000
17.25	0.000
17.91	0.000
18.59	0.000
19.30	0.000
20.04	0.000
20.80	0.000
21.59	0.000
22.42	0.000
23.27	0.000
24.16	0.000
25.08	0.000
26.03	0.000
27.02	0.1101E-25
28.05	0.3610E-25
29.12	0.1116E-24
30.23	0.3263E-24
31.38	0.9037E-24
32.57	0.2377E-23
33.82	0.5948E-23
35.10	0.1420E-22
36.44	0.3266E-22
37.83	0.7142E-22
39.27	0.1500E-21
40.76	0.3032E-21
42.32	0.5909E-21
43.93	0.1113E-20
45.60	0.2030E-20
47.34	0.3593E-20
49.14	0.6180E-20
51.01	0.1037E-19
52.96	0.1694E-19
54.97	0.2704E-19
57.07	0.4225E-19
59.24	0.6468E-19
61.50	0.9716E-19
63.84	0.1434E-18
66.27	0.2081E-18
68.79	0.2974E-18
71.41	0.4187E-18
74.13	0.5818E-18
76.96	0.7977E-18
79.89	0.1081E-17
82.93	0.1447E-17
86.09	0.1917E-17
89.37	0.2514E-17
92.77	0.3265E-17
96.31	0.4203E-17
99.97	0.5364E-17
103.8	0.6790E-17
107.7	0.8529E-17
111.8	0.1064E-16
116.1	0.1317E-16
120.5	0.1620E-16
125.1	0.1981E-16
129.9	0.2407E-16
134.8	0.2908E-16
140.0	0.3495E-16
145.3	0.4179E-16
150.8	0.4971E-16
156.6	0.5887E-16
162.5	0.6940E-16
168.7	0.8146E-16
175.1	0.9523E-16
181.8	0.1109E-15
188.7	0.1286E-15
195.9	0.1487E-15
203.4	0.1713E-15
211.1	0.1967E-15
219.2	0.2252E-15
227.5	0.2570E-15
236.2	0.2924E-15
245.2	0.3319E-15
254.5	0.3756E-15
264.2	0.4241E-15
274.3	0.4776E-15
284.7	0.5367E-15
295.6	0.6017E-15
306.8	0.6732E-15
318.5	0.7516E-15
330.6	0.8375E-15
343.2	0.9315E-15
356.3	0.1034E-14
369.9	0.1146E-14
384.0	0.1268E-14
398.6	0.1400E-14
413.8	0.1544E-14
429.5	0.1701E-14
445.9	0.1870E-14
462.9	0.2054E-14
480.5	0.2252E-14
498.8	0.2466E-14
517.8	0.2697E-14
537.5	0.2947E-14
558.0	0.3215E-14
579.2	0.3504E-14
601.3	0.3815E-14
624.2	0.4149E-14
648.0	0.4507E-14
672.6	0.4892E-14
698.3	0.5304E-14
724.9	0.5745E-14
752.5	0.6217E-14
781.1	0.6722E-14
810.9	0.7261E-14
841.8	0.7837E-14
873.8	0.8451E-14
907.1	0.9106E-14
941.6	0.9804E-14
977.5	0.1055E-13
1015.	0.1134E-13
1053.	0.1218E-13
1094.	0.1307E-13
1135.	0.1401E-13
1178.	0.1502E-13
1223.	0.1608E-13
1270.	0.1721E-13
1318.	0.1840E-13
1368.	0.1966E-13
1421.	0.2099E-13
1475.	0.2239E-13
1531.	0.2388E-13
1589.	0.2544E-13
1650.	0.2709E-13
1712.	0.2882E-13
1778.	0.3064E-13
1845.	0.3256E-13
1916.	0.3457E-13
1989.	0.3668E-13
2064.	0.3889E-13
2143.	0.4120E-13
2225.	0.4363E-13
2309.	0.4616E-13
2397.	0.4881E-13
2489.	0.5157E-13
2583.	0.5445E-13
2682.	0.5745E-13
2784.	0.6057E-13
2890.	0.6382E-13
3000.	0.6720E-13
 
 
E/N (Td)	Total attachment freq. /N (m3/s)
0.1000E-02	0.000
0.1038E-02	0.000
0.1078E-02	0.000
0.1119E-02	0.000
0.1161E-02	0.000
0.1205E-02	0.000
0.1251E-02	0.000
0.1299E-02	0.000
0.1349E-02	0.000
0.1400E-02	0.000
0.1453E-02	0.000
0.1509E-02	0.000
0.1566E-02	0.000
0.1626E-02	0.000
0.1688E-02	0.000
0.1752E-02	0.000
0.1819E-02	0.000
0.1888E-02	0.000
0.1960E-02	0.000
0.2034E-02	0.000
0.2112E-02	0.000
0.2192E-02	0.000
0.2276E-02	0.000
0.2362E-02	0.000
0.2452E-02	0.000
0.2546E-02	0.000
0.2643E-02	0.000
0.2743E-02	0.000
0.2848E-02	0.000
0.2956E-02	0.000
0.3069E-02	0.000
0.3186E-02	0.000
0.3307E-02	0.000
0.3433E-02	0.000
0.3564E-02	0.000
0.3700E-02	0.000
0.3841E-02	0.000
0.3987E-02	0.000
0.4139E-02	0.000
0.4296E-02	0.000
0.4460E-02	0.000
0.4630E-02	0.000
0.4806E-02	0.000
0.4989E-02	0.000
0.5179E-02	0.000
0.5377E-02	0.000
0.5581E-02	0.000
0.5794E-02	0.000
0.6015E-02	0.000
0.6244E-02	0.000
0.6481E-02	0.000
0.6728E-02	0.000
0.6985E-02	0.000
0.7251E-02	0.000
0.7527E-02	0.000
0.7813E-02	0.000
0.8111E-02	0.000
0.8420E-02	0.000
0.8741E-02	0.000
0.9073E-02	0.000
0.9419E-02	0.000
0.9778E-02	0.000
0.1015E-01	0.000
0.1054E-01	0.000
0.1094E-01	0.000
0.1135E-01	0.000
0.1179E-01	0.000
0.1224E-01	0.000
0.1270E-01	0.000
0.1319E-01	0.000
0.1369E-01	0.000
0.1421E-01	0.000
0.1475E-01	0.000
0.1531E-01	0.000
0.1590E-01	0.000
0.1650E-01	0.000
0.1713E-01	0.000
0.1778E-01	0.000
0.1846E-01	0.000
0.1916E-01	0.000
0.1989E-01	0.000
0.2065E-01	0.000
0.2144E-01	0.000
0.2225E-01	0.000
0.2310E-01	0.000
0.2398E-01	0.000
0.2489E-01	0.000
0.2584E-01	0.000
0.2682E-01	0.000
0.2785E-01	0.000
0.2891E-01	0.000
0.3001E-01	0.000
0.3115E-01	0.000
0.3234E-01	0.000
0.3357E-01	0.000
0.3485E-01	0.000
0.3617E-01	0.000
0.3755E-01	0.000
0.3898E-01	0.000
0.4047E-01	0.000
0.4201E-01	0.000
0.4361E-01	0.000
0.4527E-01	0.000
0.4699E-01	0.000
0.4878E-01	0.000
0.5064E-01	0.000
0.5257E-01	0.000
0.5457E-01	0.000
0.5665E-01	0.000
0.5881E-01	0.000
0.6105E-01	0.000
0.6337E-01	0.000
0.6579E-01	0.000
0.6829E-01	0.000
0.7089E-01	0.000
0.7359E-01	0.000
0.7640E-01	0.000
0.7931E-01	0.000
0.8233E-01	0.000
0.8546E-01	0.000
0.8872E-01	0.000
0.9210E-01	0.000
0.9560E-01	0.000
0.9924E-01	0.000
0.1030	0.000
0.1069	0.000
0.1110	0.000
0.1152	0.000
0.1196	0.000
0.1242	0.000
0.1289	0.000
0.1338	0.000
0.1389	0.000
0.1442	0.000
0.1497	0.000
0.1554	0.000
0.1613	0.000
0.1675	0.000
0.1739	0.000
0.1805	0.000
0.1874	0.000
0.1945	0.000
0.2019	0.000
0.2096	0.000
0.2176	0.000
0.2259	0.000
0.2345	0.000
0.2434	0.000
0.2527	0.000
0.2623	0.000
0.2723	0.000
0.2826	0.000
0.2934	0.000
0.3046	0.000
0.3162	0.000
0.3282	0.000
0.3407	0.000
0.3537	0.000
0.3672	0.000
0.3812	0.000
0.3957	0.000
0.4107	0.000
0.4264	0.000
0.4426	0.000
0.4595	0.000
0.4770	0.000
0.4952	0.000
0.5140	0.000
0.5336	0.000
0.5539	0.000
0.5750	0.000
0.5969	0.000
0.6196	0.000
0.6432	0.000
0.6677	0.000
0.6932	0.000
0.7196	0.000
0.7470	0.000
0.7754	0.000
0.8050	0.000
0.8356	0.000
0.8674	0.000
0.9005	0.000
0.9348	0.000
0.9704	0.000
1.007	0.000
1.046	0.000
1.086	0.000
1.127	0.000
1.170	0.000
1.214	0.000
1.261	0.000
1.309	0.000
1.358	0.000
1.410	0.000
1.464	0.000
1.520	0.000
1.578	0.000
1.638	0.000
1.700	0.000
1.765	0.000
1.832	0.000
1.902	0.000
1.974	0.000
2.049	0.000
2.127	0.000
2.208	0.000
2.293	0.000
2.380	0.000
2.470	0.000
2.565	0.000
2.662	0.000
2.764	0.000
2.869	0.000
2.978	0.000
3.092	0.000
3.209	0.000
3.332	0.000
3.458	0.000
3.590	0.000
3.727	0.000
3.869	0.000
4.016	0.000
4.169	0.000
4.328	0.000
4.493	0.000
4.664	0.000
4.841	0.000
5.026	0.000
5.217	0.000
5.416	0.000
5.622	0.000
5.836	0.000
6.059	0.000
6.289	0.000
6.529	0.000
6.778	0.000
7.036	0.000
7.304	0.000
7.582	0.000
7.871	0.000
8.170	0.000
8.482	0.000
8.805	0.000
9.140	0.000
9.488	0.000
9.849	0.000
10.22	0.000
10.61	0.000
11.02	0.000
11.44	0.000
11.87	0.000
12.33	0.000
12.80	0.000
13.28	0.000
13.79	0.000
14.31	0.8585E-29
14.86	0.2927E-28
15.42	0.9483E-28
16.01	0.2922E-27
16.62	0.8576E-27
17.25	0.2442E-26
17.91	0.6545E-26
18.59	0.1678E-25
19.30	0.4119E-25
20.04	0.9698E-25
20.80	0.2192E-24
21.59	0.4771E-24
22.42	0.9978E-24
23.27	0.2011E-23
24.16	0.3911E-23
25.08	0.7347E-23
26.03	0.1335E-22
27.02	0.2350E-22
28.05	0.4007E-22
29.12	0.6632E-22
30.23	0.1066E-21
31.38	0.1668E-21
32.57	0.2541E-21
33.82	0.3774E-21
35.10	0.5472E-21
36.44	0.7753E-21
37.83	0.1075E-20
39.27	0.1460E-20
40.76	0.1946E-20
42.32	0.2547E-20
43.93	0.3278E-20
45.60	0.4153E-20
47.34	0.5187E-20
49.14	0.6392E-20
51.01	0.7781E-20
52.96	0.9364E-20
54.97	0.1115E-19
57.07	0.1316E-19
59.24	0.1538E-19
61.50	0.1784E-19
63.84	0.2054E-19
66.27	0.2348E-19
68.79	0.2667E-19
71.41	0.3011E-19
74.13	0.3381E-19
76.96	0.3777E-19
79.89	0.4200E-19
82.93	0.4649E-19
86.09	0.5124E-19
89.37	0.5626E-19
92.77	0.6154E-19
96.31	0.6708E-19
99.97	0.7288E-19
103.8	0.7892E-19
107.7	0.8522E-19
111.8	0.9175E-19
116.1	0.9852E-19
120.5	0.1055E-18
125.1	0.1127E-18
129.9	0.1201E-18
134.8	0.1277E-18
140.0	0.1355E-18
145.3	0.1435E-18
150.8	0.1516E-18
156.6	0.1599E-18
162.5	0.1683E-18
168.7	0.1768E-18
175.1	0.1854E-18
181.8	0.1940E-18
188.7	0.2028E-18
195.9	0.2116E-18
203.4	0.2204E-18
211.1	0.2292E-18
219.2	0.2381E-18
227.5	0.2469E-18
236.2	0.2557E-18
245.2	0.2644E-18
254.5	0.2730E-18
264.2	0.2816E-18
274.3	0.2900E-18
284.7	0.2984E-18
295.6	0.3066E-18
306.8	0.3146E-18
318.5	0.3225E-18
330.6	0.3302E-18
343.2	0.3377E-18
356.3	0.3450E-18
369.9	0.3521E-18
384.0	0.3590E-18
398.6	0.3657E-18
413.8	0.3721E-18
429.5	0.3782E-18
445.9	0.3841E-18
462.9	0.3897E-18
480.5	0.3951E-18
498.8	0.4002E-18
517.8	0.4050E-18
537.5	0.4095E-18
558.0	0.4138E-18
579.2	0.4177E-18
601.3	0.4214E-18
624.2	0.4248E-18
648.0	0.4279E-18
672.6	0.4308E-18
698.3	0.4333E-18
724.9	0.4356E-18
752.5	0.4375E-18
781.1	0.4392E-18
810.9	0.4406E-18
841.8	0.4418E-18
873.8	0.4426E-18
907.1	0.4432E-18
941.6	0.4435E-18
977.5	0.4435E-18
1015.	0.4432E-18
1053.	0.4427E-18
1094.	0.4419E-18
1135.	0.4408E-18
1178.	0.4394E-18
1223.	0.4378E-18
1270.	0.4358E-18
1318.	0.4337E-18
1368.	0.4312E-18
1421.	0.4285E-18
1475.	0.4256E-18
1531.	0.4223E-18
1589.	0.4189E-18
1650.	0.4152E-18
1712.	0.4112E-18
1778.	0.4071E-18
1845.	0.4027E-18
1916.	0.3980E-18
1989.	0.3932E-18
2064.	0.3882E-18
2143.	0.3830E-18
2225.	0.3777E-18
2309.	0.3721E-18
2397.	0.3664E-18
2489.	0.3606E-18
2583.	0.3546E-18
2682.	0.3486E-18
2784.	0.3424E-18
2890.	0.3361E-18
3000.	0.3297E-18
 
 
E/N (Td)	Townsend ioniz. coef. alpha/N (m2)
0.1000E-02	0.000
0.1038E-02	0.000
0.1078E-02	0.000
0.1119E-02	0.000
0.1161E-02	0.000
0.1205E-02	0.000
0.1251E-02	0.000
0.1299E-02	0.000
0.1349E-02	0.000
0.1400E-02	0.000
0.1453E-02	0.000
0.1509E-02	0.000
0.1566E-02	0.000
0.1626E-02	0.000
0.1688E-02	0.000
0.1752E-02	0.000
0.1819E-02	0.000
0.1888E-02	0.000
0.1960E-02	0.000
0.2034E-02	0.000
0.2112E-02	0.000
0.2192E-02	0.000
0.2276E-02	0.000
0.2362E-02	0.000
0.2452E-02	0.000
0.2546E-02	0.000
0.2643E-02	0.000
0.2743E-02	0.000
0.2848E-02	0.000
0.2956E-02	0.000
0.3069E-02	0.000
0.3186E-02	0.000
0.3307E-02	0.000
0.3433E-02	0.000
0.3564E-02	0.000
0.3700E-02	0.000
0.3841E-02	0.000
0.3987E-02	0.000
0.4139E-02	0.000
0.4296E-02	0.000
0.4460E-02	0.000
0.4630E-02	0.000
0.4806E-02	0.000
0.4989E-02	0.000
0.5179E-02	0.000
0.5377E-02	0.000
0.5581E-02	0.000
0.5794E-02	0.000
0.6015E-02	0.000
0.6244E-02	0.000
0.6481E-02	0.000
0.6728E-02	0.000
0.6985E-02	0.000
0.7251E-02	0.000
0.7527E-02	0.000
0.7813E-02	0.000
0.8111E-02	0.000
0.8420E-02	0.000
0.8741E-02	0.000
0.9073E-02	0.000
0.9419E-02	0.000
0.9778E-02	0.000
0.1015E-01	0.000
0.1054E-01	0.000
0.1094E-01	0.000
0.1135E-01	0.000
0.1179E-01	0.000
0.1224E-01	0.000
0.1270E-01	0.000
0.1319E-01	0.000
0.1369E-01	0.000
0.1421E-01	0.000
0.1475E-01	0.000
0.1531E-01	0.000
0.1590E-01	0.000
0.1650E-01	0.000
0.1713E-01	0.000
0.1778E-01	0.000
0.1846E-01	0.000
0.1916E-01	0.000
0.1989E-01	0.000
0.2065E-01	0.000
0.2144E-01	0.000
0.2225E-01	0.000
0.2310E-01	0.000
0.2398E-01	0.000
0.2489E-01	0.000
0.2584E-01	0.000
0.2682E-01	0.000
0.2785E-01	0.000
0.2891E-01	0.000
0.3001E-01	0.000
0.3115E-01	0.000
0.3234E-01	0.000
0.3357E-01	0.000
0.3485E-01	0.000
0.3617E-01	0.000
0.3755E-01	0.000
0.3898E-01	0.000
0.4047E-01	0.000
0.4201E-01	0.000
0.4361E-01	0.000
0.4527E-01	0.000
0.4699E-01	0.000
0.4878E-01	0.000
0.5064E-01	0.000
0.5257E-01	0.000
0.5457E-01	0.000
0.5665E-01	0.000
0.5881E-01	0.000
0.6105E-01	0.000
0.6337E-01	0.000
0.6579E-01	0.000
0.6829E-01	0.000
0.7089E-01	0.000
0.7359E-01	0.000
0.7640E-01	0.000
0.7931E-01	0.000
0.8233E-01	0.000
0.8546E-01	0.000
0.8872E-01	0.000
0.9210E-01	0.000
0.9560E-01	0.000
0.9924E-01	0.000
0.1030	0.000
0.1069	0.000
0.1110	0.000
0.1152	0.000
0.1196	0.000
0.1242	0.000
0.1289	0.000
0.1338	0.000
0.1389	0.000
0.1442	0.000
0.1497	0.000
0.1554	0.000
0.1613	0.000
0.1675	0.000
0.1739	0.000
0.1805	0.000
0.1874	0.000
0.1945	0.000
0.2019	0.000
0.2096	0.000
0.2176	0.000
0.2259	0.000
0.2345	0.000
0.2434	0.000
0.2527	0.000
0.2623	0.000
0.2723	0.000
0.2826	0.000
0.2934	0.000
0.3046	0.000
0.3162	0.000
0.3282	0.000
0.3407	0.000
0.3537	0.000
0.3672	0.000
0.3812	0.000
0.3957	0.000
0.4107	0.000
0.4264	0.000
0.4426	0.000
0.4595	0.000
0.4770	0.000
0.4952	0.000
0.5140	0.000
0.5336	0.000
0.5539	0.000
0.5750	0.000
0.5969	0.000
0.6196	0.000
0.6432	0.000
0.6677	0.000
0.6932	0.000
0.7196	0.000
0.7470	0.000
0.7754	0.000
0.8050	0.000
0.8356	0.000
0.8674	0.000
0.9005	0.000
0.9348	0.000
0.9704	0.000
1.007	0.000
1.046	0.000
1.086	0.000
1.127	0.000
1.170	0.000
1.214	0.000
1.261	0.000
1.309	0.000
1.358	0.000
1.410	0.000
1.464	0.000
1.520	0.000
1.578	0.000
1.638	0.000
1.700	0.000
1.765	0.000
1.832	0.000
1.902	0.000
1.974	0.000
2.049	0.000
2.127	0.000
2.208	0.000
2.293	0.000
2.380	0.000
2.470	0.000
2.565	0.000
2.662	0.000
2.764	0.000
2.869	0.000
2.978	0.000
3.092	0.000
3.209	0.000
3.332	0.000
3.458	0.000
3.590	0.000
3.727	0.000
3.869	0.000
4.016	0.000
4.169	0.000
4.328	0.000
4.493	0.000
4.664	0.000
4.841	0.000
5.026	0.000
5.217	0.000
5.416	0.000
5.622	0.000
5.836	0.000
6.059	0.000
6.289	0.000
6.529	0.000
6.778	0.000
7.036	0.000
7.304	0.000
7.582	0.000
7.871	0.000
8.170	0.000
8.482	0.000
8.805	0.000
9.140	0.000
9.488	0.000
9.849	0.000
10.22	0.000
10.61	0.000
11.02	0.000
11.44	0.000
11.87	0.000
12.33	0.000
12.80	0.000
13.28	0.000
13.79	0.000
14.31	0.000
14.86	0.000
15.42	0.000
16.01	0.000
16.62	0.000
17.25	0.000
17.91	0.000
18.59	0.000
19.30	0.000
20.04	0.000
20.80	0.000
21.59	0.000
22.42	0.000
23.27	0.000
24.16	0.000
25.08	0.000
26.03	0.000
27.02	0.2156E-30
28.05	0.7108E-30
29.12	0.2210E-29
30.23	0.6488E-29
31.38	0.1803E-28
32.57	0.4756E-28
33.82	0.1192E-27
35.10	0.2847E-27
36.44	0.6540E-27
37.83	0.1427E-26
39.27	0.2984E-26
40.76	0.5996E-26
42.32	0.1160E-25
43.93	0.2165E-25
45.60	0.3906E-25
47.34	0.6827E-25
49.14	0.1158E-24
51.01	0.1913E-24
52.96	0.3073E-24
54.97	0.4818E-24
57.07	0.7382E-24
59.24	0.1107E-23
61.50	0.1628E-23
63.84	0.2349E-23
66.27	0.3331E-23
68.79	0.4648E-23
71.41	0.6387E-23
74.13	0.8654E-23
76.96	0.1157E-22
79.89	0.1526E-22
82.93	0.1991E-22
86.09	0.2567E-22
89.37	0.3276E-22
92.77	0.4140E-22
96.31	0.5183E-22
99.97	0.6432E-22
103.8	0.7915E-22
107.7	0.9663E-22
111.8	0.1171E-21
116.1	0.1409E-21
120.5	0.1683E-21
125.1	0.1998E-21
129.9	0.2358E-21
134.8	0.2767E-21
140.0	0.3228E-21
145.3	0.3746E-21
150.8	0.4325E-21
156.6	0.4971E-21
162.5	0.5686E-21
168.7	0.6476E-21
175.1	0.7345E-21
181.8	0.8297E-21
188.7	0.9338E-21
195.9	0.1047E-20
203.4	0.1170E-20
211.1	0.1303E-20
219.2	0.1447E-20
227.5	0.1601E-20
236.2	0.1767E-20
245.2	0.1945E-20
254.5	0.2135E-20
264.2	0.2338E-20
274.3	0.2554E-20
284.7	0.2784E-20
295.6	0.3027E-20
306.8	0.3285E-20
318.5	0.3558E-20
330.6	0.3846E-20
343.2	0.4150E-20
356.3	0.4470E-20
369.9	0.4807E-20
384.0	0.5160E-20
398.6	0.5532E-20
413.8	0.5921E-20
429.5	0.6329E-20
445.9	0.6756E-20
462.9	0.7203E-20
480.5	0.7670E-20
498.8	0.8158E-20
517.8	0.8667E-20
537.5	0.9198E-20
558.0	0.9752E-20
579.2	0.1033E-19
601.3	0.1093E-19
624.2	0.1155E-19
648.0	0.1220E-19
672.6	0.1288E-19
698.3	0.1358E-19
724.9	0.1431E-19
752.5	0.1507E-19
781.1	0.1586E-19
810.9	0.1668E-19
841.8	0.1752E-19
873.8	0.1840E-19
907.1	0.1931E-19
941.6	0.2025E-19
977.5	0.2123E-19
1015.	0.2224E-19
1053.	0.2328E-19
1094.	0.2436E-19
1135.	0.2548E-19
1178.	0.2663E-19
1223.	0.2782E-19
1270.	0.2905E-19
1318.	0.3031E-19
1368.	0.3162E-19
1421.	0.3296E-19
1475.	0.3435E-19
1531.	0.3577E-19
1589.	0.3723E-19
1650.	0.3874E-19
1712.	0.4028E-19
1778.	0.4186E-19
1845.	0.4348E-19
1916.	0.4514E-19
1989.	0.4684E-19
2064.	0.4857E-19
2143.	0.5034E-19
2225.	0.5215E-19
2309.	0.5399E-19
2397.	0.5586E-19
2489.	0.5776E-19
2583.	0.5969E-19
2682.	0.6164E-19
2784.	0.6362E-19
2890.	0.6562E-19
3000.	0.6764E-19
 
 
E/N (Td)	Townsend attach. coef. eta/N (m2)
0.1000E-02	0.000
0.1038E-02	0.000
0.1078E-02	0.000
0.1119E-02	0.000
0.1161E-02	0.000
0.1205E-02	0.000
0.1251E-02	0.000
0.1299E-02	0.000
0.1349E-02	0.000
0.1400E-02	0.000
0.1453E-02	0.000
0.1509E-02	0.000
0.1566E-02	0.000
0.1626E-02	0.000
0.1688E-02	0.000
0.1752E-02	0.000
0.1819E-02	0.000
0.1888E-02	0.000
0.1960E-02	0.000
0.2034E-02	0.000
0.2112E-02	0.000
0.2192E-02	0.000
0.2276E-02	0.000
0.2362E-02	0.000
0.2452E-02	0.000
0.2546E-02	0.000
0.2643E-02	0.000
0.2743E-02	0.000
0.2848E-02	0.000
0.2956E-02	0.000
0.3069E-02	0.000
0.3186E-02	0.000
0.3307E-02	0.000
0.3433E-02	0.000
0.3564E-02	0.000
0.3700E-02	0.000
0.3841E-02	0.000
0.3987E-02	0.000
0.4139E-02	0.000
0.4296E-02	0.000
0.4460E-02	0.000
0.4630E-02	0.000
0.4806E-02	0.000
0.4989E-02	0.000
0.5179E-02	0.000
0.5377E-02	0.000
0.5581E-02	0.000
0.5794E-02	0.000
0.6015E-02	0.000
0.6244E-02	0.000
0.6481E-02	0.000
0.6728E-02	0.000
0.6985E-02	0.000
0.7251E-02	0.000
0.7527E-02	0.000
0.7813E-02	0.000
0.8111E-02	0.000
0.8420E-02	0.000
0.8741E-02	0.000
0.9073E-02	0.000
0.9419E-02	0.000
0.9778E-02	0.000
0.1015E-01	0.000
0.1054E-01	0.000
0.1094E-01	0.000
0.1135E-01	0.000
0.1179E-01	0.000
0.1224E-01	0.000
0.1270E-01	0.000
0.1319E-01	0.000
0.1369E-01	0.000
0.1421E-01	0.000
0.1475E-01	0.000
0.1531E-01	0.000
0.1590E-01	0.000
0.1650E-01	0.000
0.1713E-01	0.000
0.1778E-01	0.000
0.1846E-01	0.000
0.1916E-01	0.000
0.1989E-01	0.000
0.2065E-01	0.000
0.2144E-01	0.000
0.2225E-01	0.000
0.2310E-01	0.000
0.2398E-01	0.000
0.2489E-01	0.000
0.2584E-01	0.000
0.2682E-01	0.000
0.2785E-01	0.000
0.2891E-01	0.000
0.3001E-01	0.000
0.3115E-01	0.000
0.3234E-01	0.000
0.3357E-01	0.000
0.3485E-01	0.000
0.3617E-01	0.000
0.3755E-01	0.000
0.3898E-01	0.000
0.4047E-01	0.000
0.4201E-01	0.000
0.4361E-01	0.000
0.4527E-01	0.000
0.4699E-01	0.000
0.4878E-01	0.000
0.5064E-01	0.000
0.5257E-01	0.000
0.5457E-01	0.000
0.5665E-01	0.000
0.5881E-01	0.000
0.6105E-01	0.000
0.6337E-01	0.000
0.6579E-01	0.000
0.6829E-01	0.000
0.7089E-01	0.000
0.7359E-01	0.000
0.7640E-01	0.000
0.7931E-01	0.000
0.8233E-01	0.000
0.8546E-01	0.000
0.8872E-01	0.000
0.9210E-01	0.000
0.9560E-01	0.000
0.9924E-01	0.000
0.1030	0.000
0.1069	0.000
0.1110	0.000
0.1152	0.000
0.1196	0.000
0.1242	0.000
0.1289	0.000
0.1338	0.000
0.1389	0.000
0.1442	0.000
0.1497	0.000
0.1554	0.000
0.1613	0.000
0.1675	0.000
0.1739	0.000
0.1805	0.000
0.1874	0.000
0.1945	0.000
0.2019	0.000
0.2096	0.000
0.2176	0.000
0.2259	0.000
0.2345	0.000
0.2434	0.000
0.2527	0.000
0.2623	0.000
0.2723	0.000
0.2826	0.000
0.2934	0.000
0.3046	0.000
0.3162	0.000
0.3282	0.000
0.3407	0.000
0.3537	0.000
0.3672	0.000
0.3812	0.000
0.3957	0.000
0.4107	0.000
0.4264	0.000
0.4426	0.000
0.4595	0.000
0.4770	0.000
0.4952	0.000
0.5140	0.000
0.5336	0.000
0.5539	0.000
0.5750	0.000
0.5969	0.000
0.6196	0.000
0.6432	0.000
0.6677	0.000
0.6932	0.000
0.7196	0.000
0.7470	0.000
0.7754	0.000
0.8050	0.000
0.8356	0.000
0.8674	0.000
0.9005	0.000
0.9348	0.000
0.9704	0.000
1.007	0.000
1.046	0.000
1.086	0.000
1.127	0.000
1.170	0.000
1.214	0.000
1.261	0.000
1.309	0.000
1.358	0.000
1.410	0.000
1.464	0.000
1.520	0.000
1.578	0.000
1.638	0.000
1.700	0.000
1.765	0.000
1.832	0.000
1.902	0.000
1.974	0.000
2.049	0.000
2.127	0.000
2.208	0.000
2.293	0.000
2.380	0.000
2.470	0.000
2.565	0.000
2.662	0.000
2.764	0.000
2.869	0.000
2.978	0.000
3.092	0.000
3.209	0.000
3.332	0.000
3.458	0.000
3.590	0.000
3.727	0.000
3.869	0.000
4.016	0.000
4.169	0.000
4.328	0.000
4.493	0.000
4.664	0.000
4.841	0.000
5.026	0.000
5.217	0.000
5.416	0.000
5.622	0.000
5.836	0.000
6.059	0.000
6.289	0.000
6.529	0.000
6.778	0.000
7.036	0.000
7.304	0.000
7.582	0.000
7.871	0.000
8.170	0.000
8.482	0.000
8.805	0.000
9.140	0.000
9.488	0.000
9.849	0.000
10.22	0.000
10.61	0.000
11.02	0.000
11.44	0.000
11.87	0.000
12.33	0.000
12.80	0.000
13.28	0.000
13.79	0.000
14.31	0.1475E-33
14.86	0.5060E-33
15.42	0.1650E-32
16.01	0.5122E-32
16.62	0.1515E-31
17.25	0.4346E-31
17.91	0.1174E-30
18.59	0.3035E-30
19.30	0.7514E-30
20.04	0.1784E-29
20.80	0.4067E-29
21.59	0.8926E-29
22.42	0.1882E-28
23.27	0.3824E-28
24.16	0.7495E-28
25.08	0.1419E-27
26.03	0.2596E-27
27.02	0.4599E-27
28.05	0.7890E-27
29.12	0.1313E-26
30.23	0.2121E-26
31.38	0.3329E-26
32.57	0.5085E-26
33.82	0.7564E-26
35.10	0.1097E-25
36.44	0.1553E-25
37.83	0.2147E-25
39.27	0.2905E-25
40.76	0.3849E-25
42.32	0.4999E-25
43.93	0.6376E-25
45.60	0.7991E-25
47.34	0.9857E-25
49.14	0.1198E-24
51.01	0.1436E-24
52.96	0.1699E-24
54.97	0.1987E-24
57.07	0.2299E-24
59.24	0.2633E-24
61.50	0.2989E-24
63.84	0.3365E-24
66.27	0.3758E-24
68.79	0.4168E-24
71.41	0.4592E-24
74.13	0.5029E-24
76.96	0.5477E-24
79.89	0.5932E-24
82.93	0.6395E-24
86.09	0.6862E-24
89.37	0.7332E-24
92.77	0.7803E-24
96.31	0.8272E-24
99.97	0.8739E-24
103.8	0.9200E-24
107.7	0.9655E-24
111.8	0.1010E-23
116.1	0.1054E-23
120.5	0.1096E-23
125.1	0.1137E-23
129.9	0.1177E-23
134.8	0.1215E-23
140.0	0.1252E-23
145.3	0.1286E-23
150.8	0.1319E-23
156.6	0.1350E-23
162.5	0.1379E-23
168.7	0.1405E-23
175.1	0.1430E-23
181.8	0.1452E-23
188.7	0.1472E-23
195.9	0.1490E-23
203.4	0.1505E-23
211.1	0.1519E-23
219.2	0.1530E-23
227.5	0.1538E-23
236.2	0.1545E-23
245.2	0.1550E-23
254.5	0.1552E-23
264.2	0.1553E-23
274.3	0.1551E-23
284.7	0.1548E-23
295.6	0.1542E-23
306.8	0.1535E-23
318.5	0.1527E-23
330.6	0.1516E-23
343.2	0.1505E-23
356.3	0.1491E-23
369.9	0.1477E-23
384.0	0.1461E-23
398.6	0.1444E-23
413.8	0.1426E-23
429.5	0.1408E-23
445.9	0.1388E-23
462.9	0.1367E-23
480.5	0.1346E-23
498.8	0.1324E-23
517.8	0.1301E-23
537.5	0.1278E-23
558.0	0.1255E-23
579.2	0.1231E-23
601.3	0.1207E-23
624.2	0.1183E-23
648.0	0.1159E-23
672.6	0.1134E-23
698.3	0.1110E-23
724.9	0.1085E-23
752.5	0.1061E-23
781.1	0.1036E-23
810.9	0.1012E-23
841.8	0.9877E-24
873.8	0.9636E-24
907.1	0.9398E-24
941.6	0.9161E-24
977.5	0.8926E-24
1015.	0.8694E-24
1053.	0.8464E-24
1094.	0.8238E-24
1135.	0.8013E-24
1178.	0.7792E-24
1223.	0.7573E-24
1270.	0.7358E-24
1318.	0.7146E-24
1368.	0.6936E-24
1421.	0.6730E-24
1475.	0.6527E-24
1531.	0.6327E-24
1589.	0.6130E-24
1650.	0.5937E-24
1712.	0.5747E-24
1778.	0.5560E-24
1845.	0.5377E-24
1916.	0.5198E-24
1989.	0.5022E-24
2064.	0.4849E-24
2143.	0.4680E-24
2225.	0.4514E-24
2309.	0.4352E-24
2397.	0.4194E-24
2489.	0.4039E-24
2583.	0.3888E-24
2682.	0.3740E-24
2784.	0.3596E-24
2890.	0.3455E-24
3000.	0.3318E-24
 
 
E/N (Td)	Power /N (eV m3/s)
0.1000E-02	0.4164E-22
0.1038E-02	0.4492E-22
0.1078E-02	0.4841E-22
0.1119E-02	0.5218E-22
0.1161E-02	0.5624E-22
0.1205E-02	0.6061E-22
0.1251E-02	0.6532E-22
0.1299E-02	0.7041E-22
0.1349E-02	0.7589E-22
0.1400E-02	0.8179E-22
0.1453E-02	0.8816E-22
0.1509E-02	0.9503E-22
0.1566E-02	0.1024E-21
0.1626E-02	0.1104E-21
0.1688E-02	0.1190E-21
0.1752E-02	0.1283E-21
0.1819E-02	0.1383E-21
0.1888E-02	0.1491E-21
0.1960E-02	0.1607E-21
0.2034E-02	0.1733E-21
0.2112E-02	0.1868E-21
0.2192E-02	0.2014E-21
0.2276E-02	0.2171E-21
0.2362E-02	0.2341E-21
0.2452E-02	0.2524E-21
0.2546E-02	0.2721E-21
0.2643E-02	0.2934E-21
0.2743E-02	0.3164E-21
0.2848E-02	0.3412E-21
0.2956E-02	0.3679E-21
0.3069E-02	0.3968E-21
0.3186E-02	0.4279E-21
0.3307E-02	0.4615E-21
0.3433E-02	0.4977E-21
0.3564E-02	0.5368E-21
0.3700E-02	0.5790E-21
0.3841E-02	0.6245E-21
0.3987E-02	0.6737E-21
0.4139E-02	0.7267E-21
0.4296E-02	0.7839E-21
0.4460E-02	0.8457E-21
0.4630E-02	0.9123E-21
0.4806E-02	0.9842E-21
0.4989E-02	0.1062E-20
0.5179E-02	0.1145E-20
0.5377E-02	0.1236E-20
0.5581E-02	0.1333E-20
0.5794E-02	0.1438E-20
0.6015E-02	0.1551E-20
0.6244E-02	0.1674E-20
0.6481E-02	0.1805E-20
0.6728E-02	0.1947E-20
0.6985E-02	0.2100E-20
0.7251E-02	0.2265E-20
0.7527E-02	0.2443E-20
0.7813E-02	0.2634E-20
0.8111E-02	0.2840E-20
0.8420E-02	0.3062E-20
0.8741E-02	0.3301E-20
0.9073E-02	0.3558E-20
0.9419E-02	0.3834E-20
0.9778E-02	0.4132E-20
0.1015E-01	0.4452E-20
0.1054E-01	0.4796E-20
0.1094E-01	0.5165E-20
0.1135E-01	0.5563E-20
0.1179E-01	0.5990E-20
0.1224E-01	0.6449E-20
0.1270E-01	0.6943E-20
0.1319E-01	0.7473E-20
0.1369E-01	0.8042E-20
0.1421E-01	0.8654E-20
0.1475E-01	0.9311E-20
0.1531E-01	0.1002E-19
0.1590E-01	0.1078E-19
0.1650E-01	0.1159E-19
0.1713E-01	0.1247E-19
0.1778E-01	0.1341E-19
0.1846E-01	0.1442E-19
0.1916E-01	0.1550E-19
0.1989E-01	0.1667E-19
0.2065E-01	0.1792E-19
0.2144E-01	0.1927E-19
0.2225E-01	0.2072E-19
0.2310E-01	0.2227E-19
0.2398E-01	0.2395E-19
0.2489E-01	0.2575E-19
0.2584E-01	0.2768E-19
0.2682E-01	0.2977E-19
0.2785E-01	0.3201E-19
0.2891E-01	0.3442E-19
0.3001E-01	0.3701E-19
0.3115E-01	0.3980E-19
0.3234E-01	0.4281E-19
0.3357E-01	0.4605E-19
0.3485E-01	0.4953E-19
0.3617E-01	0.5328E-19
0.3755E-01	0.5733E-19
0.3898E-01	0.6168E-19
0.4047E-01	0.6637E-19
0.4201E-01	0.7143E-19
0.4361E-01	0.7688E-19
0.4527E-01	0.8275E-19
0.4699E-01	0.8908E-19
0.4878E-01	0.9590E-19
0.5064E-01	0.1033E-18
0.5257E-01	0.1112E-18
0.5457E-01	0.1197E-18
0.5665E-01	0.1290E-18
0.5881E-01	0.1389E-18
0.6105E-01	0.1496E-18
0.6337E-01	0.1612E-18
0.6579E-01	0.1737E-18
0.6829E-01	0.1872E-18
0.7089E-01	0.2017E-18
0.7359E-01	0.2174E-18
0.7640E-01	0.2343E-18
0.7931E-01	0.2525E-18
0.8233E-01	0.2722E-18
0.8546E-01	0.2935E-18
0.8872E-01	0.3164E-18
0.9210E-01	0.3412E-18
0.9560E-01	0.3679E-18
0.9924E-01	0.3968E-18
0.1030	0.4279E-18
0.1069	0.4615E-18
0.1110	0.4978E-18
0.1152	0.5370E-18
0.1196	0.5792E-18
0.1242	0.6248E-18
0.1289	0.6741E-18
0.1338	0.7273E-18
0.1389	0.7846E-18
0.1442	0.8466E-18
0.1497	0.9134E-18
0.1554	0.9856E-18
0.1613	0.1063E-17
0.1675	0.1147E-17
0.1739	0.1238E-17
0.1805	0.1336E-17
0.1874	0.1442E-17
0.1945	0.1555E-17
0.2019	0.1678E-17
0.2096	0.1811E-17
0.2176	0.1954E-17
0.2259	0.2108E-17
0.2345	0.2274E-17
0.2434	0.2453E-17
0.2527	0.2646E-17
0.2623	0.2855E-17
0.2723	0.3079E-17
0.2826	0.3320E-17
0.2934	0.3580E-17
0.3046	0.3860E-17
0.3162	0.4162E-17
0.3282	0.4486E-17
0.3407	0.4834E-17
0.3537	0.5209E-17
0.3672	0.5612E-17
0.3812	0.6045E-17
0.3957	0.6510E-17
0.4107	0.7008E-17
0.4264	0.7544E-17
0.4426	0.8117E-17
0.4595	0.8732E-17
0.4770	0.9391E-17
0.4952	0.1010E-16
0.5140	0.1085E-16
0.5336	0.1166E-16
0.5539	0.1252E-16
0.5750	0.1344E-16
0.5969	0.1442E-16
0.6196	0.1546E-16
0.6432	0.1657E-16
0.6677	0.1776E-16
0.6932	0.1902E-16
0.7196	0.2035E-16
0.7470	0.2177E-16
0.7754	0.2329E-16
0.8050	0.2489E-16
0.8356	0.2657E-16
0.8674	0.2836E-16
0.9005	0.3024E-16
0.9348	0.3223E-16
0.9704	0.3433E-16
1.007	0.3653E-16
1.046	0.3885E-16
1.086	0.4129E-16
1.127	0.4386E-16
1.170	0.4654E-16
1.214	0.4936E-16
1.261	0.5230E-16
1.309	0.5539E-16
1.358	0.5861E-16
1.410	0.6197E-16
1.464	0.6547E-16
1.520	0.6912E-16
1.578	0.7293E-16
1.638	0.7685E-16
1.700	0.8097E-16
1.765	0.8524E-16
1.832	0.8969E-16
1.902	0.9430E-16
1.974	0.9908E-16
2.049	0.1040E-15
2.127	0.1092E-15
2.208	0.1145E-15
2.293	0.1201E-15
2.380	0.1258E-15
2.470	0.1317E-15
2.565	0.1380E-15
2.662	0.1444E-15
2.764	0.1510E-15
2.869	0.1578E-15
2.978	0.1649E-15
3.092	0.1724E-15
3.209	0.1800E-15
3.332	0.1879E-15
3.458	0.1961E-15
3.590	0.2046E-15
3.727	0.2132E-15
3.869	0.2223E-15
4.016	0.2319E-15
4.169	0.2417E-15
4.328	0.2520E-15
4.493	0.2626E-15
4.664	0.2736E-15
4.841	0.2851E-15
5.026	0.2970E-15
5.217	0.3093E-15
5.416	0.3222E-15
5.622	0.3354E-15
5.836	0.3492E-15
6.059	0.3634E-15
6.289	0.3781E-15
6.529	0.3933E-15
6.778	0.4090E-15
7.036	0.4253E-15
7.304	0.4421E-15
7.582	0.4595E-15
7.871	0.4775E-15
8.170	0.4959E-15
8.482	0.5149E-15
8.805	0.5344E-15
9.140	0.5545E-15
9.488	0.5750E-15
9.849	0.5961E-15
10.22	0.6177E-15
10.61	0.6399E-15
11.02	0.6625E-15
11.44	0.6856E-15
11.87	0.7089E-15
12.33	0.7329E-15
12.80	0.7574E-15
13.28	0.7823E-15
13.79	0.8076E-15
14.31	0.8334E-15
14.86	0.8596E-15
15.42	0.8863E-15
16.01	0.9135E-15
16.62	0.9412E-15
17.25	0.9695E-15
17.91	0.9983E-15
18.59	0.1028E-14
19.30	0.1058E-14
20.04	0.1089E-14
20.80	0.1121E-14
21.59	0.1154E-14
22.42	0.1188E-14
23.27	0.1224E-14
24.16	0.1260E-14
25.08	0.1299E-14
26.03	0.1339E-14
27.02	0.1381E-14
28.05	0.1425E-14
29.12	0.1471E-14
30.23	0.1520E-14
31.38	0.1572E-14
32.57	0.1628E-14
33.82	0.1687E-14
35.10	0.1751E-14
36.44	0.1820E-14
37.83	0.1894E-14
39.27	0.1974E-14
40.76	0.2061E-14
42.32	0.2156E-14
43.93	0.2258E-14
45.60	0.2370E-14
47.34	0.2491E-14
49.14	0.2622E-14
51.01	0.2765E-14
52.96	0.2919E-14
54.97	0.3086E-14
57.07	0.3266E-14
59.24	0.3461E-14
61.50	0.3671E-14
63.84	0.3897E-14
66.27	0.4140E-14
68.79	0.4401E-14
71.41	0.4682E-14
74.13	0.4984E-14
76.96	0.5308E-14
79.89	0.5655E-14
82.93	0.6028E-14
86.09	0.6428E-14
89.37	0.6857E-14
92.77	0.7317E-14
96.31	0.7809E-14
99.97	0.8337E-14
103.8	0.8903E-14
107.7	0.9509E-14
111.8	0.1016E-13
116.1	0.1085E-13
120.5	0.1160E-13
125.1	0.1240E-13
129.9	0.1325E-13
134.8	0.1417E-13
140.0	0.1515E-13
145.3	0.1621E-13
150.8	0.1733E-13
156.6	0.1854E-13
162.5	0.1984E-13
168.7	0.2122E-13
175.1	0.2271E-13
181.8	0.2430E-13
188.7	0.2600E-13
195.9	0.2783E-13
203.4	0.2978E-13
211.1	0.3187E-13
219.2	0.3411E-13
227.5	0.3651E-13
236.2	0.3908E-13
245.2	0.4183E-13
254.5	0.4477E-13
264.2	0.4792E-13
274.3	0.5129E-13
284.7	0.5489E-13
295.6	0.5875E-13
306.8	0.6288E-13
318.5	0.6729E-13
330.6	0.7200E-13
343.2	0.7704E-13
356.3	0.8243E-13
369.9	0.8819E-13
384.0	0.9434E-13
398.6	0.1009E-12
413.8	0.1079E-12
429.5	0.1154E-12
445.9	0.1234E-12
462.9	0.1320E-12
480.5	0.1411E-12
498.8	0.1508E-12
517.8	0.1611E-12
537.5	0.1722E-12
558.0	0.1840E-12
579.2	0.1965E-12
601.3	0.2099E-12
624.2	0.2241E-12
648.0	0.2393E-12
672.6	0.2554E-12
698.3	0.2726E-12
724.9	0.2909E-12
752.5	0.3104E-12
781.1	0.3311E-12
810.9	0.3531E-12
841.8	0.3765E-12
873.8	0.4014E-12
907.1	0.4278E-12
941.6	0.4559E-12
977.5	0.4857E-12
1015.	0.5173E-12
1053.	0.5509E-12
1094.	0.5865E-12
1135.	0.6244E-12
1178.	0.6645E-12
1223.	0.7071E-12
1270.	0.7522E-12
1318.	0.8000E-12
1368.	0.8508E-12
1421.	0.9045E-12
1475.	0.9615E-12
1531.	0.1022E-11
1589.	0.1086E-11
1650.	0.1154E-11
1712.	0.1225E-11
1778.	0.1301E-11
1845.	0.1382E-11
1916.	0.1467E-11
1989.	0.1557E-11
2064.	0.1653E-11
2143.	0.1754E-11
2225.	0.1861E-11
2309.	0.1974E-11
2397.	0.2095E-11
2489.	0.2222E-11
2583.	0.2357E-11
2682.	0.2499E-11
2784.	0.2650E-11
2890.	0.2811E-11
3000.	0.2980E-11
 
 
E/N (Td)	Elastic power loss /N (eV m3/s)
0.1000E-02	0.1273E-22
0.1038E-02	0.1307E-22
0.1078E-02	0.1406E-22
0.1119E-02	0.1513E-22
0.1161E-02	0.1627E-22
0.1205E-02	0.1751E-22
0.1251E-02	0.1883E-22
0.1299E-02	0.2025E-22
0.1349E-02	0.2177E-22
0.1400E-02	0.2341E-22
0.1453E-02	0.2516E-22
0.1509E-02	0.2704E-22
0.1566E-02	0.2905E-22
0.1626E-02	0.3121E-22
0.1688E-02	0.3352E-22
0.1752E-02	0.3599E-22
0.1819E-02	0.3863E-22
0.1888E-02	0.4145E-22
0.1960E-02	0.4446E-22
0.2034E-02	0.4767E-22
0.2112E-02	0.5110E-22
0.2192E-02	0.5475E-22
0.2276E-02	0.5864E-22
0.2362E-02	0.6277E-22
0.2452E-02	0.6716E-22
0.2546E-02	0.7182E-22
0.2643E-02	0.7676E-22
0.2743E-02	0.8198E-22
0.2848E-02	0.8750E-22
0.2956E-02	0.9333E-22
0.3069E-02	0.9946E-22
0.3186E-02	0.1059E-21
0.3307E-02	0.1127E-21
0.3433E-02	0.1198E-21
0.3564E-02	0.1272E-21
0.3700E-02	0.1349E-21
0.3841E-02	0.1429E-21
0.3987E-02	0.1512E-21
0.4139E-02	0.1597E-21
0.4296E-02	0.1685E-21
0.4460E-02	0.1775E-21
0.4630E-02	0.1867E-21
0.4806E-02	0.1960E-21
0.4989E-02	0.2055E-21
0.5179E-02	0.2149E-21
0.5377E-02	0.2243E-21
0.5581E-02	0.2336E-21
0.5794E-02	0.2427E-21
0.6015E-02	0.2516E-21
0.6244E-02	0.2600E-21
0.6481E-02	0.2681E-21
0.6728E-02	0.2755E-21
0.6985E-02	0.2823E-21
0.7251E-02	0.2883E-21
0.7527E-02	0.2934E-21
0.7813E-02	0.2974E-21
0.8111E-02	0.3004E-21
0.8420E-02	0.3021E-21
0.8741E-02	0.3024E-21
0.9073E-02	0.3013E-21
0.9419E-02	0.2986E-21
0.9778E-02	0.2943E-21
0.1015E-01	0.2883E-21
0.1054E-01	0.2806E-21
0.1094E-01	0.2710E-21
0.1135E-01	0.2596E-21
0.1179E-01	0.2464E-21
0.1224E-01	0.2313E-21
0.1270E-01	0.2143E-21
0.1319E-01	0.1956E-21
0.1369E-01	0.1750E-21
0.1421E-01	0.1528E-21
0.1475E-01	0.1289E-21
0.1531E-01	0.1036E-21
0.1590E-01	0.7674E-22
0.1650E-01	0.4861E-22
0.1713E-01	0.1929E-22
0.1778E-01	-0.1108E-22
0.1846E-01	-0.4236E-22
0.1916E-01	-0.7440E-22
0.1989E-01	-0.1070E-21
0.2065E-01	-0.1401E-21
0.2144E-01	-0.1735E-21
0.2225E-01	-0.2070E-21
0.2310E-01	-0.2405E-21
0.2398E-01	-0.2738E-21
0.2489E-01	-0.3067E-21
0.2584E-01	-0.3392E-21
0.2682E-01	-0.3709E-21
0.2785E-01	-0.4019E-21
0.2891E-01	-0.4320E-21
0.3001E-01	-0.4610E-21
0.3115E-01	-0.4888E-21
0.3234E-01	-0.5153E-21
0.3357E-01	-0.5404E-21
0.3485E-01	-0.5640E-21
0.3617E-01	-0.5861E-21
0.3755E-01	-0.6064E-21
0.3898E-01	-0.6250E-21
0.4047E-01	-0.6418E-21
0.4201E-01	-0.6568E-21
0.4361E-01	-0.6698E-21
0.4527E-01	-0.6808E-21
0.4699E-01	-0.6899E-21
0.4878E-01	-0.6969E-21
0.5064E-01	-0.7019E-21
0.5257E-01	-0.7048E-21
0.5457E-01	-0.7056E-21
0.5665E-01	-0.7043E-21
0.5881E-01	-0.7010E-21
0.6105E-01	-0.6955E-21
0.6337E-01	-0.6879E-21
0.6579E-01	-0.6782E-21
0.6829E-01	-0.6665E-21
0.7089E-01	-0.6527E-21
0.7359E-01	-0.6368E-21
0.7640E-01	-0.6188E-21
0.7931E-01	-0.5988E-21
0.8233E-01	-0.5768E-21
0.8546E-01	-0.5527E-21
0.8872E-01	-0.5267E-21
0.9210E-01	-0.4987E-21
0.9560E-01	-0.4687E-21
0.9924E-01	-0.4367E-21
0.1030	-0.4028E-21
0.1069	-0.3670E-21
0.1110	-0.3292E-21
0.1152	-0.2895E-21
0.1196	-0.2480E-21
0.1242	-0.2045E-21
0.1289	-0.1592E-21
0.1338	-0.1119E-21
0.1389	-0.6284E-22
0.1442	-0.1185E-22
0.1497	0.4102E-22
0.1554	0.9579E-22
0.1613	0.1525E-21
0.1675	0.2110E-21
0.1739	0.2715E-21
0.1805	0.3340E-21
0.1874	0.3984E-21
0.1945	0.4648E-21
0.2019	0.5333E-21
0.2096	0.6039E-21
0.2176	0.6765E-21
0.2259	0.7514E-21
0.2345	0.8284E-21
0.2434	0.9078E-21
0.2527	0.9896E-21
0.2623	0.1074E-20
0.2723	0.1161E-20
0.2826	0.1250E-20
0.2934	0.1342E-20
0.3046	0.1438E-20
0.3162	0.1536E-20
0.3282	0.1638E-20
0.3407	0.1743E-20
0.3537	0.1852E-20
0.3672	0.1964E-20
0.3812	0.2081E-20
0.3957	0.2202E-20
0.4107	0.2329E-20
0.4264	0.2460E-20
0.4426	0.2597E-20
0.4595	0.2739E-20
0.4770	0.2888E-20
0.4952	0.3044E-20
0.5140	0.3208E-20
0.5336	0.3379E-20
0.5539	0.3559E-20
0.5750	0.3749E-20
0.5969	0.3949E-20
0.6196	0.4160E-20
0.6432	0.4384E-20
0.6677	0.4620E-20
0.6932	0.4871E-20
0.7196	0.5137E-20
0.7470	0.5420E-20
0.7754	0.5726E-20
0.8050	0.6047E-20
0.8356	0.6389E-20
0.8674	0.6755E-20
0.9005	0.7146E-20
0.9348	0.7565E-20
0.9704	0.8013E-20
1.007	0.8493E-20
1.046	0.9008E-20
1.086	0.9560E-20
1.127	0.1015E-19
1.170	0.1079E-19
1.214	0.1147E-19
1.261	0.1220E-19
1.309	0.1299E-19
1.358	0.1384E-19
1.410	0.1474E-19
1.464	0.1572E-19
1.520	0.1676E-19
1.578	0.1788E-19
1.638	0.1907E-19
1.700	0.2036E-19
1.765	0.2174E-19
1.832	0.2322E-19
1.902	0.2480E-19
1.974	0.2650E-19
2.049	0.2831E-19
2.127	0.3025E-19
2.208	0.3232E-19
2.293	0.3454E-19
2.380	0.3690E-19
2.470	0.3943E-19
2.565	0.4215E-19
2.662	0.4503E-19
2.764	0.4811E-19
2.869	0.5139E-19
2.978	0.5490E-19
3.092	0.5869E-19
3.209	0.6268E-19
3.332	0.6696E-19
3.458	0.7152E-19
3.590	0.7640E-19
3.727	0.8152E-19
3.869	0.8712E-19
4.016	0.9312E-19
4.169	0.9955E-19
4.328	0.1065E-18
4.493	0.1139E-18
4.664	0.1219E-18
4.841	0.1305E-18
5.026	0.1397E-18
5.217	0.1497E-18
5.416	0.1606E-18
5.622	0.1723E-18
5.836	0.1851E-18
6.059	0.1989E-18
6.289	0.2139E-18
6.529	0.2303E-18
6.778	0.2481E-18
7.036	0.2676E-18
7.304	0.2889E-18
7.582	0.3122E-18
7.871	0.3380E-18
8.170	0.3661E-18
8.482	0.3971E-18
8.805	0.4312E-18
9.140	0.4689E-18
9.488	0.5105E-18
9.849	0.5564E-18
10.22	0.6072E-18
10.61	0.6635E-18
11.02	0.7257E-18
11.44	0.7946E-18
11.87	0.8708E-18
12.33	0.9553E-18
12.80	0.1049E-17
13.28	0.1152E-17
13.79	0.1266E-17
14.31	0.1392E-17
14.86	0.1531E-17
15.42	0.1684E-17
16.01	0.1852E-17
16.62	0.2036E-17
17.25	0.2238E-17
17.91	0.2458E-17
18.59	0.2698E-17
19.30	0.2958E-17
20.04	0.3241E-17
20.80	0.3548E-17
21.59	0.3879E-17
22.42	0.4237E-17
23.27	0.4621E-17
24.16	0.5034E-17
25.08	0.5476E-17
26.03	0.5949E-17
27.02	0.6452E-17
28.05	0.6987E-17
29.12	0.7552E-17
30.23	0.8148E-17
31.38	0.8772E-17
32.57	0.9424E-17
33.82	0.1010E-16
35.10	0.1080E-16
36.44	0.1151E-16
37.83	0.1223E-16
39.27	0.1297E-16
40.76	0.1370E-16
42.32	0.1444E-16
43.93	0.1517E-16
45.60	0.1590E-16
47.34	0.1661E-16
49.14	0.1732E-16
51.01	0.1801E-16
52.96	0.1869E-16
54.97	0.1935E-16
57.07	0.2000E-16
59.24	0.2065E-16
61.50	0.2128E-16
63.84	0.2190E-16
66.27	0.2251E-16
68.79	0.2312E-16
71.41	0.2372E-16
74.13	0.2432E-16
76.96	0.2491E-16
79.89	0.2551E-16
82.93	0.2611E-16
86.09	0.2670E-16
89.37	0.2730E-16
92.77	0.2791E-16
96.31	0.2852E-16
99.97	0.2913E-16
103.8	0.2975E-16
107.7	0.3038E-16
111.8	0.3102E-16
116.1	0.3167E-16
120.5	0.3233E-16
125.1	0.3299E-16
129.9	0.3367E-16
134.8	0.3437E-16
140.0	0.3507E-16
145.3	0.3579E-16
150.8	0.3652E-16
156.6	0.3726E-16
162.5	0.3802E-16
168.7	0.3880E-16
175.1	0.3959E-16
181.8	0.4039E-16
188.7	0.4122E-16
195.9	0.4206E-16
203.4	0.4292E-16
211.1	0.4380E-16
219.2	0.4470E-16
227.5	0.4562E-16
236.2	0.4656E-16
245.2	0.4753E-16
254.5	0.4851E-16
264.2	0.4952E-16
274.3	0.5056E-16
284.7	0.5162E-16
295.6	0.5271E-16
306.8	0.5382E-16
318.5	0.5497E-16
330.6	0.5615E-16
343.2	0.5736E-16
356.3	0.5860E-16
369.9	0.5988E-16
384.0	0.6120E-16
398.6	0.6256E-16
413.8	0.6396E-16
429.5	0.6540E-16
445.9	0.6689E-16
462.9	0.6843E-16
480.5	0.7003E-16
498.8	0.7167E-16
517.8	0.7338E-16
537.5	0.7514E-16
558.0	0.7697E-16
579.2	0.7887E-16
601.3	0.8084E-16
624.2	0.8288E-16
648.0	0.8501E-16
672.6	0.8722E-16
698.3	0.8952E-16
724.9	0.9191E-16
752.5	0.9440E-16
781.1	0.9700E-16
810.9	0.9970E-16
841.8	0.1025E-15
873.8	0.1055E-15
907.1	0.1086E-15
941.6	0.1118E-15
977.5	0.1151E-15
1015.	0.1186E-15
1053.	0.1223E-15
1094.	0.1261E-15
1135.	0.1301E-15
1178.	0.1343E-15
1223.	0.1387E-15
1270.	0.1433E-15
1318.	0.1482E-15
1368.	0.1532E-15
1421.	0.1585E-15
1475.	0.1640E-15
1531.	0.1698E-15
1589.	0.1759E-15
1650.	0.1823E-15
1712.	0.1890E-15
1778.	0.1961E-15
1845.	0.2034E-15
1916.	0.2112E-15
1989.	0.2193E-15
2064.	0.2278E-15
2143.	0.2368E-15
2225.	0.2461E-15
2309.	0.2560E-15
2397.	0.2664E-15
2489.	0.2772E-15
2583.	0.2886E-15
2682.	0.3007E-15
2784.	0.3133E-15
2890.	0.3265E-15
3000.	0.3405E-15
 
 
E/N (Td)	Inelastic power loss /N (eV m3/s)
0.1000E-02	0.2923E-22
0.1038E-02	0.3169E-22
0.1078E-02	0.3418E-22
0.1119E-02	0.3686E-22
0.1161E-02	0.3976E-22
0.1205E-02	0.4288E-22
0.1251E-02	0.4626E-22
0.1299E-02	0.4990E-22
0.1349E-02	0.5384E-22
0.1400E-02	0.5809E-22
0.1453E-02	0.6268E-22
0.1509E-02	0.6764E-22
0.1566E-02	0.7300E-22
0.1626E-02	0.7879E-22
0.1688E-02	0.8506E-22
0.1752E-02	0.9183E-22
0.1819E-02	0.9916E-22
0.1888E-02	0.1071E-21
0.1960E-02	0.1157E-21
0.2034E-02	0.1249E-21
0.2112E-02	0.1350E-21
0.2192E-02	0.1459E-21
0.2276E-02	0.1577E-21
0.2362E-02	0.1704E-21
0.2452E-02	0.1843E-21
0.2546E-02	0.1993E-21
0.2643E-02	0.2156E-21
0.2743E-02	0.2332E-21
0.2848E-02	0.2524E-21
0.2956E-02	0.2732E-21
0.3069E-02	0.2958E-21
0.3186E-02	0.3204E-21
0.3307E-02	0.3471E-21
0.3433E-02	0.3761E-21
0.3564E-02	0.4077E-21
0.3700E-02	0.4421E-21
0.3841E-02	0.4794E-21
0.3987E-02	0.5201E-21
0.4139E-02	0.5644E-21
0.4296E-02	0.6126E-21
0.4460E-02	0.6652E-21
0.4630E-02	0.7224E-21
0.4806E-02	0.7848E-21
0.4989E-02	0.8527E-21
0.5179E-02	0.9267E-21
0.5377E-02	0.1007E-20
0.5581E-02	0.1095E-20
0.5794E-02	0.1191E-20
0.6015E-02	0.1295E-20
0.6244E-02	0.1408E-20
0.6481E-02	0.1532E-20
0.6728E-02	0.1666E-20
0.6985E-02	0.1812E-20
0.7251E-02	0.1971E-20
0.7527E-02	0.2143E-20
0.7813E-02	0.2330E-20
0.8111E-02	0.2533E-20
0.8420E-02	0.2753E-20
0.8741E-02	0.2991E-20
0.9073E-02	0.3249E-20
0.9419E-02	0.3527E-20
0.9778E-02	0.3829E-20
0.1015E-01	0.4155E-20
0.1054E-01	0.4506E-20
0.1094E-01	0.4886E-20
0.1135E-01	0.5295E-20
0.1179E-01	0.5735E-20
0.1224E-01	0.6209E-20
0.1270E-01	0.6720E-20
0.1319E-01	0.7269E-20
0.1369E-01	0.7859E-20
0.1421E-01	0.8493E-20
0.1475E-01	0.9175E-20
0.1531E-01	0.9906E-20
0.1590E-01	0.1069E-19
0.1650E-01	0.1154E-19
0.1713E-01	0.1244E-19
0.1778E-01	0.1341E-19
0.1846E-01	0.1445E-19
0.1916E-01	0.1557E-19
0.1989E-01	0.1677E-19
0.2065E-01	0.1806E-19
0.2144E-01	0.1944E-19
0.2225E-01	0.2092E-19
0.2310E-01	0.2251E-19
0.2398E-01	0.2422E-19
0.2489E-01	0.2605E-19
0.2584E-01	0.2802E-19
0.2682E-01	0.3014E-19
0.2785E-01	0.3241E-19
0.2891E-01	0.3485E-19
0.3001E-01	0.3748E-19
0.3115E-01	0.4030E-19
0.3234E-01	0.4333E-19
0.3357E-01	0.4659E-19
0.3485E-01	0.5010E-19
0.3617E-01	0.5388E-19
0.3755E-01	0.5794E-19
0.3898E-01	0.6231E-19
0.4047E-01	0.6702E-19
0.4201E-01	0.7209E-19
0.4361E-01	0.7755E-19
0.4527E-01	0.8343E-19
0.4699E-01	0.8977E-19
0.4878E-01	0.9660E-19
0.5064E-01	0.1040E-18
0.5257E-01	0.1119E-18
0.5457E-01	0.1204E-18
0.5665E-01	0.1297E-18
0.5881E-01	0.1396E-18
0.6105E-01	0.1503E-18
0.6337E-01	0.1619E-18
0.6579E-01	0.1744E-18
0.6829E-01	0.1878E-18
0.7089E-01	0.2023E-18
0.7359E-01	0.2180E-18
0.7640E-01	0.2349E-18
0.7931E-01	0.2531E-18
0.8233E-01	0.2728E-18
0.8546E-01	0.2940E-18
0.8872E-01	0.3170E-18
0.9210E-01	0.3417E-18
0.9560E-01	0.3684E-18
0.9924E-01	0.3972E-18
0.1030	0.4283E-18
0.1069	0.4619E-18
0.1110	0.4981E-18
0.1152	0.5372E-18
0.1196	0.5794E-18
0.1242	0.6250E-18
0.1289	0.6742E-18
0.1338	0.7273E-18
0.1389	0.7847E-18
0.1442	0.8465E-18
0.1497	0.9133E-18
0.1554	0.9854E-18
0.1613	0.1063E-17
0.1675	0.1147E-17
0.1739	0.1238E-17
0.1805	0.1336E-17
0.1874	0.1441E-17
0.1945	0.1555E-17
0.2019	0.1678E-17
0.2096	0.1810E-17
0.2176	0.1953E-17
0.2259	0.2107E-17
0.2345	0.2273E-17
0.2434	0.2452E-17
0.2527	0.2645E-17
0.2623	0.2853E-17
0.2723	0.3078E-17
0.2826	0.3319E-17
0.2934	0.3579E-17
0.3046	0.3859E-17
0.3162	0.4160E-17
0.3282	0.4484E-17
0.3407	0.4833E-17
0.3537	0.5207E-17
0.3672	0.5610E-17
0.3812	0.6043E-17
0.3957	0.6507E-17
0.4107	0.7006E-17
0.4264	0.7541E-17
0.4426	0.8115E-17
0.4595	0.8729E-17
0.4770	0.9388E-17
0.4952	0.1009E-16
0.5140	0.1085E-16
0.5336	0.1165E-16
0.5539	0.1251E-16
0.5750	0.1343E-16
0.5969	0.1441E-16
0.6196	0.1546E-16
0.6432	0.1657E-16
0.6677	0.1775E-16
0.6932	0.1901E-16
0.7196	0.2035E-16
0.7470	0.2177E-16
0.7754	0.2328E-16
0.8050	0.2488E-16
0.8356	0.2657E-16
0.8674	0.2835E-16
0.9005	0.3023E-16
0.9348	0.3222E-16
0.9704	0.3432E-16
1.007	0.3652E-16
1.046	0.3885E-16
1.086	0.4128E-16
1.127	0.4385E-16
1.170	0.4653E-16
1.214	0.4935E-16
1.261	0.5229E-16
1.309	0.5537E-16
1.358	0.5859E-16
1.410	0.6195E-16
1.464	0.6546E-16
1.520	0.6911E-16
1.578	0.7291E-16
1.638	0.7683E-16
1.700	0.8095E-16
1.765	0.8522E-16
1.832	0.8966E-16
1.902	0.9427E-16
1.974	0.9906E-16
2.049	0.1040E-15
2.127	0.1092E-15
2.208	0.1145E-15
2.293	0.1200E-15
2.380	0.1258E-15
2.470	0.1317E-15
2.565	0.1379E-15
2.662	0.1443E-15
2.764	0.1509E-15
2.869	0.1578E-15
2.978	0.1649E-15
3.092	0.1723E-15
3.209	0.1800E-15
3.332	0.1879E-15
3.458	0.1961E-15
3.590	0.2046E-15
3.727	0.2131E-15
3.869	0.2223E-15
4.016	0.2318E-15
4.169	0.2416E-15
4.328	0.2519E-15
4.493	0.2625E-15
4.664	0.2735E-15
4.841	0.2850E-15
5.026	0.2968E-15
5.217	0.3091E-15
5.416	0.3220E-15
5.622	0.3352E-15
5.836	0.3490E-15
6.059	0.3632E-15
6.289	0.3779E-15
6.529	0.3931E-15
6.778	0.4088E-15
7.036	0.4251E-15
7.304	0.4419E-15
7.582	0.4592E-15
7.871	0.4772E-15
8.170	0.4956E-15
8.482	0.5145E-15
8.805	0.5340E-15
9.140	0.5540E-15
9.488	0.5746E-15
9.849	0.5957E-15
10.22	0.6172E-15
10.61	0.6393E-15
11.02	0.6618E-15
11.44	0.6848E-15
11.87	0.7082E-15
12.33	0.7321E-15
12.80	0.7564E-15
13.28	0.7812E-15
13.79	0.8065E-15
14.31	0.8320E-15
14.86	0.8581E-15
15.42	0.8847E-15
16.01	0.9117E-15
16.62	0.9392E-15
17.25	0.9673E-15
17.91	0.9960E-15
18.59	0.1025E-14
19.30	0.1055E-14
20.04	0.1086E-14
20.80	0.1118E-14
21.59	0.1150E-14
22.42	0.1184E-14
23.27	0.1219E-14
24.16	0.1255E-14
25.08	0.1293E-14
26.03	0.1333E-14
27.02	0.1374E-14
28.05	0.1418E-14
29.12	0.1464E-14
30.23	0.1512E-14
31.38	0.1564E-14
32.57	0.1618E-14
33.82	0.1677E-14
35.10	0.1740E-14
36.44	0.1808E-14
37.83	0.1882E-14
39.27	0.1961E-14
40.76	0.2047E-14
42.32	0.2141E-14
43.93	0.2243E-14
45.60	0.2354E-14
47.34	0.2474E-14
49.14	0.2605E-14
51.01	0.2747E-14
52.96	0.2900E-14
54.97	0.3067E-14
57.07	0.3246E-14
59.24	0.3440E-14
61.50	0.3649E-14
63.84	0.3874E-14
66.27	0.4117E-14
68.79	0.4377E-14
71.41	0.4657E-14
74.13	0.4958E-14
76.96	0.5280E-14
79.89	0.5626E-14
82.93	0.5997E-14
86.09	0.6394E-14
89.37	0.6820E-14
92.77	0.7276E-14
96.31	0.7764E-14
99.97	0.8287E-14
103.8	0.8846E-14
107.7	0.9444E-14
111.8	0.1008E-13
116.1	0.1077E-13
120.5	0.1150E-13
125.1	0.1228E-13
129.9	0.1312E-13
134.8	0.1401E-13
140.0	0.1496E-13
145.3	0.1598E-13
150.8	0.1707E-13
156.6	0.1823E-13
162.5	0.1947E-13
168.7	0.2080E-13
175.1	0.2221E-13
181.8	0.2372E-13
188.7	0.2532E-13
195.9	0.2704E-13
203.4	0.2887E-13
211.1	0.3082E-13
219.2	0.3289E-13
227.5	0.3511E-13
236.2	0.3747E-13
245.2	0.3998E-13
254.5	0.4266E-13
264.2	0.4550E-13
274.3	0.4854E-13
284.7	0.5176E-13
295.6	0.5520E-13
306.8	0.5885E-13
318.5	0.6274E-13
330.6	0.6687E-13
343.2	0.7126E-13
356.3	0.7592E-13
369.9	0.8087E-13
384.0	0.8613E-13
398.6	0.9172E-13
413.8	0.9765E-13
429.5	0.1039E-12
445.9	0.1106E-12
462.9	0.1177E-12
480.5	0.1252E-12
498.8	0.1331E-12
517.8	0.1415E-12
537.5	0.1505E-12
558.0	0.1599E-12
579.2	0.1699E-12
601.3	0.1804E-12
624.2	0.1915E-12
648.0	0.2033E-12
672.6	0.2158E-12
698.3	0.2289E-12
724.9	0.2427E-12
752.5	0.2573E-12
781.1	0.2727E-12
810.9	0.2889E-12
841.8	0.3060E-12
873.8	0.3239E-12
907.1	0.3428E-12
941.6	0.3627E-12
977.5	0.3835E-12
1015.	0.4054E-12
1053.	0.4284E-12
1094.	0.4524E-12
1135.	0.4776E-12
1178.	0.5041E-12
1223.	0.5317E-12
1270.	0.5605E-12
1318.	0.5907E-12
1368.	0.6223E-12
1421.	0.6551E-12
1475.	0.6894E-12
1531.	0.7252E-12
1589.	0.7623E-12
1650.	0.8011E-12
1712.	0.8413E-12
1778.	0.8831E-12
1845.	0.9264E-12
1916.	0.9714E-12
1989.	0.1018E-11
2064.	0.1066E-11
2143.	0.1116E-11
2225.	0.1168E-11
2309.	0.1221E-11
2397.	0.1276E-11
2489.	0.1332E-11
2583.	0.1391E-11
2682.	0.1451E-11
2784.	0.1513E-11
2890.	0.1576E-11
3000.	0.1641E-11
 
 
E/N (Td)	Growth power /N (eV m3/s)
0.1000E-02	0.000
0.1038E-02	0.000
0.1078E-02	0.000
0.1119E-02	0.000
0.1161E-02	0.000
0.1205E-02	0.000
0.1251E-02	0.000
0.1299E-02	0.000
0.1349E-02	0.000
0.1400E-02	0.000
0.1453E-02	0.000
0.1509E-02	0.000
0.1566E-02	0.000
0.1626E-02	0.000
0.1688E-02	0.000
0.1752E-02	0.000
0.1819E-02	0.000
0.1888E-02	0.000
0.1960E-02	0.000
0.2034E-02	0.000
0.2112E-02	0.000
0.2192E-02	0.000
0.2276E-02	0.000
0.2362E-02	0.000
0.2452E-02	0.000
0.2546E-02	0.000
0.2643E-02	0.000
0.2743E-02	0.000
0.2848E-02	0.000
0.2956E-02	0.000
0.3069E-02	0.000
0.3186E-02	0.000
0.3307E-02	0.000
0.3433E-02	0.000
0.3564E-02	0.000
0.3700E-02	0.000
0.3841E-02	0.000
0.3987E-02	0.000
0.4139E-02	0.000
0.4296E-02	0.000
0.4460E-02	0.000
0.4630E-02	0.000
0.4806E-02	0.000
0.4989E-02	0.000
0.5179E-02	0.000
0.5377E-02	0.000
0.5581E-02	0.000
0.5794E-02	0.000
0.6015E-02	0.000
0.6244E-02	0.000
0.6481E-02	0.000
0.6728E-02	0.000
0.6985E-02	0.000
0.7251E-02	0.000
0.7527E-02	0.000
0.7813E-02	0.000
0.8111E-02	0.000
0.8420E-02	0.000
0.8741E-02	0.000
0.9073E-02	0.000
0.9419E-02	0.000
0.9778E-02	0.000
0.1015E-01	0.000
0.1054E-01	0.000
0.1094E-01	0.000
0.1135E-01	0.000
0.1179E-01	0.000
0.1224E-01	0.000
0.1270E-01	0.000
0.1319E-01	0.000
0.1369E-01	0.000
0.1421E-01	0.000
0.1475E-01	0.000
0.1531E-01	0.000
0.1590E-01	0.000
0.1650E-01	0.000
0.1713E-01	0.000
0.1778E-01	0.000
0.1846E-01	0.000
0.1916E-01	0.000
0.1989E-01	0.000
0.2065E-01	0.000
0.2144E-01	0.000
0.2225E-01	0.000
0.2310E-01	0.000
0.2398E-01	0.000
0.2489E-01	0.000
0.2584E-01	0.000
0.2682E-01	0.000
0.2785E-01	0.000
0.2891E-01	0.000
0.3001E-01	0.000
0.3115E-01	0.000
0.3234E-01	0.000
0.3357E-01	0.000
0.3485E-01	0.000
0.3617E-01	0.000
0.3755E-01	0.000
0.3898E-01	0.000
0.4047E-01	0.000
0.4201E-01	0.000
0.4361E-01	0.000
0.4527E-01	0.000
0.4699E-01	0.000
0.4878E-01	0.000
0.5064E-01	0.000
0.5257E-01	0.000
0.5457E-01	0.000
0.5665E-01	0.000
0.5881E-01	0.000
0.6105E-01	0.000
0.6337E-01	0.000
0.6579E-01	0.000
0.6829E-01	0.000
0.7089E-01	0.000
0.7359E-01	0.000
0.7640E-01	0.000
0.7931E-01	0.000
0.8233E-01	0.000
0.8546E-01	0.000
0.8872E-01	0.000
0.9210E-01	0.000
0.9560E-01	0.000
0.9924E-01	0.000
0.1030	0.000
0.1069	0.000
0.1110	0.000
0.1152	0.000
0.1196	0.000
0.1242	0.000
0.1289	0.000
0.1338	0.000
0.1389	0.000
0.1442	0.000
0.1497	0.000
0.1554	0.000
0.1613	0.000
0.1675	0.000
0.1739	0.000
0.1805	0.000
0.1874	0.000
0.1945	0.000
0.2019	0.000
0.2096	0.000
0.2176	0.000
0.2259	0.000
0.2345	0.000
0.2434	0.000
0.2527	0.000
0.2623	0.000
0.2723	0.000
0.2826	0.000
0.2934	0.000
0.3046	0.000
0.3162	0.000
0.3282	0.000
0.3407	0.000
0.3537	0.000
0.3672	0.000
0.3812	0.000
0.3957	0.000
0.4107	0.000
0.4264	0.000
0.4426	0.000
0.4595	0.000
0.4770	0.000
0.4952	0.000
0.5140	0.000
0.5336	0.000
0.5539	0.000
0.5750	0.000
0.5969	0.000
0.6196	0.000
0.6432	0.000
0.6677	0.000
0.6932	0.000
0.7196	0.000
0.7470	0.000
0.7754	0.000
0.8050	0.000
0.8356	0.000
0.8674	0.000
0.9005	0.000
0.9348	0.000
0.9704	0.000
1.007	0.000
1.046	0.000
1.086	0.000
1.127	0.000
1.170	0.000
1.214	0.000
1.261	0.000
1.309	0.000
1.358	0.000
1.410	0.000
1.464	0.000
1.520	0.000
1.578	0.000
1.638	0.000
1.700	0.000
1.765	0.000
1.832	0.000
1.902	0.000
1.974	0.000
2.049	0.000
2.127	0.000
2.208	0.000
2.293	0.000
2.380	0.000
2.470	0.000
2.565	0.000
2.662	0.000
2.764	0.000
2.869	0.000
2.978	0.000
3.092	0.000
3.209	0.000
3.332	0.000
3.458	0.000
3.590	0.000
3.727	0.000
3.869	0.000
4.016	0.000
4.169	0.000
4.328	0.000
4.493	0.000
4.664	0.000
4.841	0.000
5.026	0.000
5.217	0.000
5.416	0.000
5.622	0.000
5.836	0.000
6.059	0.000
6.289	0.000
6.529	0.000
6.778	0.000
7.036	0.000
7.304	0.000
7.582	0.000
7.871	0.000
8.170	0.000
8.482	0.000
8.805	0.000
9.140	0.000
9.488	0.000
9.849	0.000
10.22	0.000
10.61	0.000
11.02	0.000
11.44	0.000
11.87	0.000
12.33	0.000
12.80	0.000
13.28	0.000
13.79	0.000
14.31	-0.6148E-29
14.86	-0.2201E-28
15.42	-0.7490E-28
16.01	-0.2425E-27
16.62	-0.7482E-27
17.25	-0.2240E-26
17.91	-0.6313E-26
18.59	-0.1702E-25
19.30	-0.4393E-25
20.04	-0.1087E-24
20.80	-0.2583E-24
21.59	-0.5905E-24
22.42	-0.1297E-23
23.27	-0.2744E-23
24.16	-0.5597E-23
25.08	-0.1102E-22
26.03	-0.2099E-22
27.02	-0.3866E-22
28.05	-0.6893E-22
29.12	-0.1191E-21
30.23	-0.1998E-21
31.38	-0.3252E-21
32.57	-0.5142E-21
33.82	-0.7896E-21
35.10	-0.1177E-20
36.44	-0.1702E-20
37.83	-0.2384E-20
39.27	-0.3220E-20
40.76	-0.4169E-20
42.32	-0.5118E-20
43.93	-0.5832E-20
45.60	-0.5880E-20
47.34	-0.4531E-20
49.14	-0.6165E-21
51.01	0.7711E-20
52.96	0.2309E-19
54.97	0.4945E-19
57.07	0.9235E-19
59.24	0.1595E-18
61.50	0.2612E-18
63.84	0.4116E-18
66.27	0.6289E-18
68.79	0.9369E-18
71.41	0.1366E-17
74.13	0.1955E-17
76.96	0.2752E-17
79.89	0.3815E-17
82.93	0.5217E-17
86.09	0.7046E-17
89.37	0.9408E-17
92.77	0.1243E-16
96.31	0.1626E-16
99.97	0.2107E-16
103.8	0.2708E-16
107.7	0.3452E-16
111.8	0.4366E-16
116.1	0.5483E-16
120.5	0.6838E-16
125.1	0.8474E-16
129.9	0.1044E-15
134.8	0.1278E-15
140.0	0.1557E-15
145.3	0.1886E-15
150.8	0.2273E-15
156.6	0.2728E-15
162.5	0.3258E-15
168.7	0.3875E-15
175.1	0.4590E-15
181.8	0.5415E-15
188.7	0.6366E-15
195.9	0.7457E-15
203.4	0.8705E-15
211.1	0.1013E-14
219.2	0.1175E-14
227.5	0.1359E-14
236.2	0.1567E-14
245.2	0.1803E-14
254.5	0.2069E-14
264.2	0.2367E-14
274.3	0.2703E-14
284.7	0.3079E-14
295.6	0.3500E-14
306.8	0.3971E-14
318.5	0.4496E-14
330.6	0.5080E-14
343.2	0.5731E-14
356.3	0.6453E-14
369.9	0.7254E-14
384.0	0.8142E-14
398.6	0.9125E-14
413.8	0.1021E-13
429.5	0.1141E-13
445.9	0.1274E-13
462.9	0.1420E-13
480.5	0.1580E-13
498.8	0.1757E-13
517.8	0.1952E-13
537.5	0.2166E-13
558.0	0.2401E-13
579.2	0.2658E-13
601.3	0.2941E-13
624.2	0.3251E-13
648.0	0.3590E-13
672.6	0.3961E-13
698.3	0.4368E-13
724.9	0.4812E-13
752.5	0.5298E-13
781.1	0.5829E-13
810.9	0.6408E-13
841.8	0.7041E-13
873.8	0.7732E-13
907.1	0.8486E-13
941.6	0.9307E-13
977.5	0.1020E-12
1015.	0.1118E-12
1053.	0.1224E-12
1094.	0.1340E-12
1135.	0.1466E-12
1178.	0.1603E-12
1223.	0.1753E-12
1270.	0.1915E-12
1318.	0.2092E-12
1368.	0.2284E-12
1421.	0.2493E-12
1475.	0.2719E-12
1531.	0.2966E-12
1589.	0.3233E-12
1650.	0.3524E-12
1712.	0.3840E-12
1778.	0.4182E-12
1845.	0.4553E-12
1916.	0.4956E-12
1989.	0.5392E-12
2064.	0.5865E-12
2143.	0.6378E-12
2225.	0.6934E-12
2309.	0.7535E-12
2397.	0.8188E-12
2489.	0.8893E-12
2583.	0.9657E-12
2682.	0.1048E-11
2784.	0.1138E-11
2890.	0.1234E-11
3000.	0.1339E-11
 
 
E/N (Td)	Maximum energy
0.1000E-02	0.7500
0.1038E-02	0.7500
0.1078E-02	0.7500
0.1119E-02	0.7500
0.1161E-02	0.7500
0.1205E-02	0.7500
0.1251E-02	0.7500
0.1299E-02	0.7500
0.1349E-02	0.7500
0.1400E-02	0.7500
0.1453E-02	0.7500
0.1509E-02	0.7500
0.1566E-02	0.7500
0.1626E-02	0.7500
0.1688E-02	0.7500
0.1752E-02	0.7500
0.1819E-02	0.7500
0.1888E-02	0.7500
0.1960E-02	0.7500
0.2034E-02	0.7500
0.2112E-02	0.7500
0.2192E-02	0.7500
0.2276E-02	0.7500
0.2362E-02	0.7500
0.2452E-02	0.7500
0.2546E-02	0.7500
0.2643E-02	0.7500
0.2743E-02	0.7500
0.2848E-02	0.7500
0.2956E-02	0.7500
0.3069E-02	0.7500
0.3186E-02	0.7500
0.3307E-02	0.7500
0.3433E-02	0.7500
0.3564E-02	0.7500
0.3700E-02	0.7500
0.3841E-02	0.7500
0.3987E-02	0.7500
0.4139E-02	0.7500
0.4296E-02	0.7500
0.4460E-02	0.7500
0.4630E-02	0.7500
0.4806E-02	0.7500
0.4989E-02	0.7500
0.5179E-02	0.7500
0.5377E-02	0.7500
0.5581E-02	0.7500
0.5794E-02	0.7500
0.6015E-02	0.7500
0.6244E-02	0.7500
0.6481E-02	0.7500
0.6728E-02	0.7500
0.6985E-02	0.7500
0.7251E-02	0.7500
0.7527E-02	0.7500
0.7813E-02	0.7500
0.8111E-02	0.7500
0.8420E-02	0.7500
0.8741E-02	0.7500
0.9073E-02	0.7500
0.9419E-02	0.7500
0.9778E-02	0.7500
0.1015E-01	0.7500
0.1054E-01	0.7500
0.1094E-01	0.7500
0.1135E-01	0.7500
0.1179E-01	0.7500
0.1224E-01	0.7500
0.1270E-01	0.7500
0.1319E-01	0.7500
0.1369E-01	0.7500
0.1421E-01	0.7500
0.1475E-01	0.7500
0.1531E-01	0.7500
0.1590E-01	0.7500
0.1650E-01	0.7500
0.1713E-01	0.7500
0.1778E-01	0.7500
0.1846E-01	0.7500
0.1916E-01	0.7500
0.1989E-01	0.7500
0.2065E-01	0.7500
0.2144E-01	0.7500
0.2225E-01	0.7500
0.2310E-01	0.7500
0.2398E-01	0.7500
0.2489E-01	0.7500
0.2584E-01	0.7500
0.2682E-01	0.7500
0.2785E-01	0.7500
0.2891E-01	0.7500
0.3001E-01	0.7500
0.3115E-01	0.7500
0.3234E-01	0.7500
0.3357E-01	0.7500
0.3485E-01	0.7500
0.3617E-01	0.7500
0.3755E-01	0.7500
0.3898E-01	0.7500
0.4047E-01	0.7500
0.4201E-01	0.7500
0.4361E-01	0.7500
0.4527E-01	0.7500
0.4699E-01	0.7500
0.4878E-01	0.7500
0.5064E-01	0.7500
0.5257E-01	0.7500
0.5457E-01	0.7500
0.5665E-01	0.7500
0.5881E-01	0.7500
0.6105E-01	0.7500
0.6337E-01	0.7500
0.6579E-01	0.7500
0.6829E-01	0.7500
0.7089E-01	0.7500
0.7359E-01	0.7500
0.7640E-01	0.7500
0.7931E-01	0.7500
0.8233E-01	0.7500
0.8546E-01	0.7500
0.8872E-01	0.7500
0.9210E-01	0.7500
0.9560E-01	0.7500
0.9924E-01	0.7500
0.1030	0.7500
0.1069	0.7500
0.1110	0.7500
0.1152	0.7500
0.1196	0.7500
0.1242	0.7500
0.1289	0.7500
0.1338	0.7500
0.1389	0.7500
0.1442	0.7500
0.1497	0.7500
0.1554	0.7500
0.1613	0.7500
0.1675	0.7500
0.1739	0.7500
0.1805	0.7500
0.1874	0.7500
0.1945	0.7500
0.2019	0.7500
0.2096	0.7500
0.2176	0.7500
0.2259	0.7500
0.2345	0.7500
0.2434	0.7500
0.2527	0.7500
0.2623	0.7500
0.2723	0.7500
0.2826	0.7500
0.2934	0.7500
0.3046	0.7500
0.3162	0.7500
0.3282	0.7500
0.3407	0.7500
0.3537	0.7500
0.3672	0.7500
0.3812	0.7500
0.3957	0.7500
0.4107	0.7500
0.4264	0.7500
0.4426	0.7500
0.4595	0.7500
0.4770	0.7500
0.4952	0.7500
0.5140	0.7500
0.5336	0.7500
0.5539	0.7500
0.5750	0.7500
0.5969	0.7500
0.6196	0.7500
0.6432	0.7500
0.6677	0.7500
0.6932	0.7500
0.7196	0.7500
0.7470	0.7500
0.7754	0.8933
0.8050	0.8933
0.8356	0.8933
0.8674	0.8933
0.9005	0.8933
0.9348	0.8933
0.9704	0.8933
1.007	0.8933
1.046	0.8933
1.086	0.8933
1.127	0.8933
1.170	0.8933
1.214	1.064
1.261	1.064
1.309	1.064
1.358	1.064
1.410	1.064
1.464	1.064
1.520	1.064
1.578	1.064
1.638	1.267
1.700	1.267
1.765	1.267
1.832	1.267
1.902	1.267
1.974	1.267
2.049	1.509
2.127	1.509
2.208	1.509
2.293	1.509
2.380	1.509
2.470	1.509
2.565	1.797
2.662	1.797
2.764	1.797
2.869	1.797
2.978	1.797
3.092	2.141
3.209	2.141
3.332	2.141
3.458	2.141
3.590	2.141
3.727	2.549
3.869	2.549
4.016	2.549
4.169	2.549
4.328	2.549
4.493	3.036
4.664	3.036
4.841	3.036
5.026	3.036
5.217	3.036
5.416	3.616
5.622	3.616
5.836	3.616
6.059	3.616
6.289	3.616
6.529	4.307
6.778	4.307
7.036	4.307
7.304	4.307
7.582	4.307
7.871	5.130
8.170	5.130
8.482	5.130
8.805	5.130
9.140	5.130
9.488	6.109
9.849	6.109
10.22	6.109
10.61	6.109
11.02	6.109
11.44	6.109
11.87	7.276
12.33	7.276
12.80	7.276
13.28	7.276
13.79	7.276
14.31	8.666
14.86	8.666
15.42	8.666
16.01	8.666
16.62	8.666
17.25	10.32
17.91	10.32
18.59	10.32
19.30	10.32
20.04	10.32
20.80	10.32
21.59	12.29
22.42	12.29
23.27	12.29
24.16	12.29
25.08	12.29
26.03	12.29
27.02	14.62
28.05	14.62
29.12	14.62
30.23	14.62
31.38	14.62
32.57	14.62
33.82	14.62
35.10	14.62
36.44	17.37
37.83	17.37
39.27	17.37
40.76	17.37
42.32	17.37
43.93	17.37
45.60	17.37
47.34	17.37
49.14	17.37
51.01	20.62
52.96	20.62
54.97	20.62
57.07	20.62
59.24	20.62
61.50	20.62
63.84	20.62
66.27	20.62
68.79	20.62
71.41	20.62
74.13	24.46
76.96	24.46
79.89	24.46
82.93	24.46
86.09	24.46
89.37	24.46
92.77	24.46
96.31	24.46
99.97	24.46
103.8	24.46
107.7	29.01
111.8	29.01
116.1	29.01
120.5	29.01
125.1	29.01
129.9	29.01
134.8	29.01
140.0	29.01
145.3	29.01
150.8	34.38
156.6	34.38
162.5	34.38
168.7	34.38
175.1	34.38
181.8	34.38
188.7	34.38
195.9	34.38
203.4	34.38
211.1	40.72
219.2	40.72
227.5	40.72
236.2	40.72
245.2	40.72
254.5	40.72
264.2	40.72
274.3	48.23
284.7	48.23
295.6	48.23
306.8	48.23
318.5	48.23
330.6	48.23
343.2	48.23
356.3	57.10
369.9	57.10
384.0	57.10
398.6	57.10
413.8	57.10
429.5	57.10
445.9	67.58
462.9	67.58
480.5	67.58
498.8	67.58
517.8	67.58
537.5	79.98
558.0	79.98
579.2	79.98
601.3	79.98
624.2	79.98
648.0	94.63
672.6	94.63
698.3	94.63
724.9	94.63
752.5	94.63
781.1	111.9
810.9	111.9
841.8	111.9
873.8	111.9
907.1	132.4
941.6	132.4
977.5	132.4
1015.	132.4
1053.	132.4
1094.	156.6
1135.	156.6
1178.	156.6
1223.	156.6
1270.	185.2
1318.	185.2
1368.	185.2
1421.	219.0
1475.	219.0
1531.	219.0
1589.	219.0
1650.	259.0
1712.	259.0
1778.	259.0
1845.	259.0
1916.	306.3
1989.	306.3
2064.	306.3
2143.	362.1
2225.	362.1
2309.	362.1
2397.	428.1
2489.	428.1
2583.	428.1
2682.	506.2
2784.	506.2
2890.	506.2
3000.	598.4
 
 
E/N (Td)	# of iterations
0.1000E-02	17.00
0.1038E-02	6.000
0.1078E-02	6.000
0.1119E-02	6.000
0.1161E-02	6.000
0.1205E-02	6.000
0.1251E-02	6.000
0.1299E-02	6.000
0.1349E-02	6.000
0.1400E-02	6.000
0.1453E-02	6.000
0.1509E-02	6.000
0.1566E-02	6.000
0.1626E-02	6.000
0.1688E-02	6.000
0.1752E-02	6.000
0.1819E-02	6.000
0.1888E-02	6.000
0.1960E-02	6.000
0.2034E-02	6.000
0.2112E-02	6.000
0.2192E-02	6.000
0.2276E-02	6.000
0.2362E-02	6.000
0.2452E-02	6.000
0.2546E-02	6.000
0.2643E-02	6.000
0.2743E-02	6.000
0.2848E-02	6.000
0.2956E-02	6.000
0.3069E-02	6.000
0.3186E-02	6.000
0.3307E-02	6.000
0.3433E-02	6.000
0.3564E-02	6.000
0.3700E-02	6.000
0.3841E-02	6.000
0.3987E-02	6.000
0.4139E-02	6.000
0.4296E-02	6.000
0.4460E-02	6.000
0.4630E-02	6.000
0.4806E-02	6.000
0.4989E-02	6.000
0.5179E-02	6.000
0.5377E-02	6.000
0.5581E-02	6.000
0.5794E-02	7.000
0.6015E-02	7.000
0.6244E-02	7.000
0.6481E-02	7.000
0.6728E-02	7.000
0.6985E-02	7.000
0.7251E-02	7.000
0.7527E-02	7.000
0.7813E-02	7.000
0.8111E-02	7.000
0.8420E-02	7.000
0.8741E-02	7.000
0.9073E-02	7.000
0.9419E-02	7.000
0.9778E-02	7.000
0.1015E-01	7.000
0.1054E-01	7.000
0.1094E-01	6.000
0.1135E-01	6.000
0.1179E-01	6.000
0.1224E-01	6.000
0.1270E-01	6.000
0.1319E-01	6.000
0.1369E-01	6.000
0.1421E-01	6.000
0.1475E-01	6.000
0.1531E-01	6.000
0.1590E-01	6.000
0.1650E-01	6.000
0.1713E-01	6.000
0.1778E-01	6.000
0.1846E-01	6.000
0.1916E-01	6.000
0.1989E-01	6.000
0.2065E-01	6.000
0.2144E-01	6.000
0.2225E-01	6.000
0.2310E-01	6.000
0.2398E-01	6.000
0.2489E-01	6.000
0.2584E-01	6.000
0.2682E-01	6.000
0.2785E-01	6.000
0.2891E-01	6.000
0.3001E-01	6.000
0.3115E-01	6.000
0.3234E-01	6.000
0.3357E-01	6.000
0.3485E-01	6.000
0.3617E-01	5.000
0.3755E-01	5.000
0.3898E-01	5.000
0.4047E-01	5.000
0.4201E-01	5.000
0.4361E-01	5.000
0.4527E-01	5.000
0.4699E-01	5.000
0.4878E-01	5.000
0.5064E-01	5.000
0.5257E-01	5.000
0.5457E-01	5.000
0.5665E-01	5.000
0.5881E-01	5.000
0.6105E-01	5.000
0.6337E-01	5.000
0.6579E-01	5.000
0.6829E-01	5.000
0.7089E-01	5.000
0.7359E-01	5.000
0.7640E-01	5.000
0.7931E-01	5.000
0.8233E-01	5.000
0.8546E-01	5.000
0.8872E-01	5.000
0.9210E-01	5.000
0.9560E-01	5.000
0.9924E-01	5.000
0.1030	5.000
0.1069	5.000
0.1110	4.000
0.1152	4.000
0.1196	4.000
0.1242	4.000
0.1289	4.000
0.1338	4.000
0.1389	4.000
0.1442	4.000
0.1497	4.000
0.1554	4.000
0.1613	4.000
0.1675	4.000
0.1739	4.000
0.1805	4.000
0.1874	4.000
0.1945	4.000
0.2019	4.000
0.2096	4.000
0.2176	4.000
0.2259	4.000
0.2345	4.000
0.2434	4.000
0.2527	4.000
0.2623	4.000
0.2723	4.000
0.2826	4.000
0.2934	4.000
0.3046	4.000
0.3162	4.000
0.3282	4.000
0.3407	4.000
0.3537	4.000
0.3672	4.000
0.3812	4.000
0.3957	4.000
0.4107	4.000
0.4264	4.000
0.4426	4.000
0.4595	4.000
0.4770	4.000
0.4952	4.000
0.5140	4.000
0.5336	4.000
0.5539	4.000
0.5750	4.000
0.5969	4.000
0.6196	4.000
0.6432	4.000
0.6677	4.000
0.6932	4.000
0.7196	4.000
0.7470	4.000
0.7754	8.000
0.8050	4.000
0.8356	4.000
0.8674	4.000
0.9005	4.000
0.9348	4.000
0.9704	4.000
1.007	4.000
1.046	4.000
1.086	4.000
1.127	4.000
1.170	4.000
1.214	8.000
1.261	4.000
1.309	4.000
1.358	4.000
1.410	4.000
1.464	4.000
1.520	4.000
1.578	4.000
1.638	8.000
1.700	4.000
1.765	4.000
1.832	4.000
1.902	4.000
1.974	4.000
2.049	8.000
2.127	4.000
2.208	4.000
2.293	4.000
2.380	4.000
2.470	4.000
2.565	8.000
2.662	4.000
2.764	4.000
2.869	4.000
2.978	4.000
3.092	8.000
3.209	4.000
3.332	4.000
3.458	4.000
3.590	4.000
3.727	8.000
3.869	4.000
4.016	4.000
4.169	4.000
4.328	4.000
4.493	8.000
4.664	4.000
4.841	4.000
5.026	4.000
5.217	4.000
5.416	8.000
5.622	4.000
5.836	4.000
6.059	4.000
6.289	4.000
6.529	8.000
6.778	4.000
7.036	4.000
7.304	4.000
7.582	4.000
7.871	8.000
8.170	4.000
8.482	4.000
8.805	4.000
9.140	4.000
9.488	8.000
9.849	4.000
10.22	4.000
10.61	4.000
11.02	4.000
11.44	4.000
11.87	8.000
12.33	4.000
12.80	4.000
13.28	4.000
13.79	4.000
14.31	8.000
14.86	4.000
15.42	4.000
16.01	4.000
16.62	4.000
17.25	8.000
17.91	4.000
18.59	4.000
19.30	4.000
20.04	4.000
20.80	4.000
21.59	8.000
22.42	4.000
23.27	4.000
24.16	4.000
25.08	4.000
26.03	4.000
27.02	8.000
28.05	4.000
29.12	4.000
30.23	4.000
31.38	4.000
32.57	4.000
33.82	4.000
35.10	4.000
36.44	8.000
37.83	4.000
39.27	4.000
40.76	4.000
42.32	4.000
43.93	4.000
45.60	4.000
47.34	4.000
49.14	4.000
51.01	8.000
52.96	4.000
54.97	4.000
57.07	4.000
59.24	4.000
61.50	4.000
63.84	4.000
66.27	4.000
68.79	4.000
71.41	4.000
74.13	8.000
76.96	4.000
79.89	4.000
82.93	4.000
86.09	4.000
89.37	4.000
92.77	4.000
96.31	4.000
99.97	4.000
103.8	4.000
107.7	8.000
111.8	4.000
116.1	4.000
120.5	4.000
125.1	4.000
129.9	4.000
134.8	4.000
140.0	4.000
145.3	4.000
150.8	8.000
156.6	4.000
162.5	4.000
168.7	4.000
175.1	4.000
181.8	5.000
188.7	5.000
195.9	5.000
203.4	5.000
211.1	10.00
219.2	5.000
227.5	5.000
236.2	5.000
245.2	5.000
254.5	5.000
264.2	5.000
274.3	10.00
284.7	5.000
295.6	5.000
306.8	5.000
318.5	5.000
330.6	5.000
343.2	5.000
356.3	11.00
369.9	6.000
384.0	6.000
398.6	6.000
413.8	6.000
429.5	6.000
445.9	12.00
462.9	6.000
480.5	6.000
498.8	6.000
517.8	6.000
537.5	12.00
558.0	6.000
579.2	6.000
601.3	6.000
624.2	6.000
648.0	12.00
672.6	6.000
698.3	6.000
724.9	6.000
752.5	6.000
781.1	13.00
810.9	6.000
841.8	7.000
873.8	7.000
907.1	13.00
941.6	6.000
977.5	7.000
1015.	7.000
1053.	7.000
1094.	13.00
1135.	7.000
1178.	7.000
1223.	7.000
1270.	13.00
1318.	7.000
1368.	7.000
1421.	14.00
1475.	7.000
1531.	7.000
1589.	7.000
1650.	14.00
1712.	7.000
1778.	7.000
1845.	7.000
1916.	14.00
1989.	7.000
2064.	7.000
2143.	14.00
2225.	7.000
2309.	7.000
2397.	14.00
2489.	7.000
2583.	7.000
2682.	14.00
2784.	7.000
2890.	7.000
3000.	16.00
 
 
E/N (Td)	# of grid trials
0.1000E-02	2.000
0.1038E-02	1.000
0.1078E-02	1.000
0.1119E-02	1.000
0.1161E-02	1.000
0.1205E-02	1.000
0.1251E-02	1.000
0.1299E-02	1.000
0.1349E-02	1.000
0.1400E-02	1.000
0.1453E-02	1.000
0.1509E-02	1.000
0.1566E-02	1.000
0.1626E-02	1.000
0.1688E-02	1.000
0.1752E-02	1.000
0.1819E-02	1.000
0.1888E-02	1.000
0.1960E-02	1.000
0.2034E-02	1.000
0.2112E-02	1.000
0.2192E-02	1.000
0.2276E-02	1.000
0.2362E-02	1.000
0.2452E-02	1.000
0.2546E-02	1.000
0.2643E-02	1.000
0.2743E-02	1.000
0.2848E-02	1.000
0.2956E-02	1.000
0.3069E-02	1.000
0.3186E-02	1.000
0.3307E-02	1.000
0.3433E-02	1.000
0.3564E-02	1.000
0.3700E-02	1.000
0.3841E-02	1.000
0.3987E-02	1.000
0.4139E-02	1.000
0.4296E-02	1.000
0.4460E-02	1.000
0.4630E-02	1.000
0.4806E-02	1.000
0.4989E-02	1.000
0.5179E-02	1.000
0.5377E-02	1.000
0.5581E-02	1.000
0.5794E-02	1.000
0.6015E-02	1.000
0.6244E-02	1.000
0.6481E-02	1.000
0.6728E-02	1.000
0.6985E-02	1.000
0.7251E-02	1.000
0.7527E-02	1.000
0.7813E-02	1.000
0.8111E-02	1.000
0.8420E-02	1.000
0.8741E-02	1.000
0.9073E-02	1.000
0.9419E-02	1.000
0.9778E-02	1.000
0.1015E-01	1.000
0.1054E-01	1.000
0.1094E-01	1.000
0.1135E-01	1.000
0.1179E-01	1.000
0.1224E-01	1.000
0.1270E-01	1.000
0.1319E-01	1.000
0.1369E-01	1.000
0.1421E-01	1.000
0.1475E-01	1.000
0.1531E-01	1.000
0.1590E-01	1.000
0.1650E-01	1.000
0.1713E-01	1.000
0.1778E-01	1.000
0.1846E-01	1.000
0.1916E-01	1.000
0.1989E-01	1.000
0.2065E-01	1.000
0.2144E-01	1.000
0.2225E-01	1.000
0.2310E-01	1.000
0.2398E-01	1.000
0.2489E-01	1.000
0.2584E-01	1.000
0.2682E-01	1.000
0.2785E-01	1.000
0.2891E-01	1.000
0.3001E-01	1.000
0.3115E-01	1.000
0.3234E-01	1.000
0.3357E-01	1.000
0.3485E-01	1.000
0.3617E-01	1.000
0.3755E-01	1.000
0.3898E-01	1.000
0.4047E-01	1.000
0.4201E-01	1.000
0.4361E-01	1.000
0.4527E-01	1.000
0.4699E-01	1.000
0.4878E-01	1.000
0.5064E-01	1.000
0.5257E-01	1.000
0.5457E-01	1.000
0.5665E-01	1.000
0.5881E-01	1.000
0.6105E-01	1.000
0.6337E-01	1.000
0.6579E-01	1.000
0.6829E-01	1.000
0.7089E-01	1.000
0.7359E-01	1.000
0.7640E-01	1.000
0.7931E-01	1.000
0.8233E-01	1.000
0.8546E-01	1.000
0.8872E-01	1.000
0.9210E-01	1.000
0.9560E-01	1.000
0.9924E-01	1.000
0.1030	1.000
0.1069	1.000
0.1110	1.000
0.1152	1.000
0.1196	1.000
0.1242	1.000
0.1289	1.000
0.1338	1.000
0.1389	1.000
0.1442	1.000
0.1497	1.000
0.1554	1.000
0.1613	1.000
0.1675	1.000
0.1739	1.000
0.1805	1.000
0.1874	1.000
0.1945	1.000
0.2019	1.000
0.2096	1.000
0.2176	1.000
0.2259	1.000
0.2345	1.000
0.2434	1.000
0.2527	1.000
0.2623	1.000
0.2723	1.000
0.2826	1.000
0.2934	1.000
0.3046	1.000
0.3162	1.000
0.3282	1.000
0.3407	1.000
0.3537	1.000
0.3672	1.000
0.3812	1.000
0.3957	1.000
0.4107	1.000
0.4264	1.000
0.4426	1.000
0.4595	1.000
0.4770	1.000
0.4952	1.000
0.5140	1.000
0.5336	1.000
0.5539	1.000
0.5750	1.000
0.5969	1.000
0.6196	1.000
0.6432	1.000
0.6677	1.000
0.6932	1.000
0.7196	1.000
0.7470	1.000
0.7754	2.000
0.8050	1.000
0.8356	1.000
0.8674	1.000
0.9005	1.000
0.9348	1.000
0.9704	1.000
1.007	1.000
1.046	1.000
1.086	1.000
1.127	1.000
1.170	1.000
1.214	2.000
1.261	1.000
1.309	1.000
1.358	1.000
1.410	1.000
1.464	1.000
1.520	1.000
1.578	1.000
1.638	2.000
1.700	1.000
1.765	1.000
1.832	1.000
1.902	1.000
1.974	1.000
2.049	2.000
2.127	1.000
2.208	1.000
2.293	1.000
2.380	1.000
2.470	1.000
2.565	2.000
2.662	1.000
2.764	1.000
2.869	1.000
2.978	1.000
3.092	2.000
3.209	1.000
3.332	1.000
3.458	1.000
3.590	1.000
3.727	2.000
3.869	1.000
4.016	1.000
4.169	1.000
4.328	1.000
4.493	2.000
4.664	1.000
4.841	1.000
5.026	1.000
5.217	1.000
5.416	2.000
5.622	1.000
5.836	1.000
6.059	1.000
6.289	1.000
6.529	2.000
6.778	1.000
7.036	1.000
7.304	1.000
7.582	1.000
7.871	2.000
8.170	1.000
8.482	1.000
8.805	1.000
9.140	1.000
9.488	2.000
9.849	1.000
10.22	1.000
10.61	1.000
11.02	1.000
11.44	1.000
11.87	2.000
12.33	1.000
12.80	1.000
13.28	1.000
13.79	1.000
14.31	2.000
14.86	1.000
15.42	1.000
16.01	1.000
16.62	1.000
17.25	2.000
17.91	1.000
18.59	1.000
19.30	1.000
20.04	1.000
20.80	1.000
21.59	2.000
22.42	1.000
23.27	1.000
24.16	1.000
25.08	1.000
26.03	1.000
27.02	2.000
28.05	1.000
29.12	1.000
30.23	1.000
31.38	1.000
32.57	1.000
33.82	1.000
35.10	1.000
36.44	2.000
37.83	1.000
39.27	1.000
40.76	1.000
42.32	1.000
43.93	1.000
45.60	1.000
47.34	1.000
49.14	1.000
51.01	2.000
52.96	1.000
54.97	1.000
57.07	1.000
59.24	1.000
61.50	1.000
63.84	1.000
66.27	1.000
68.79	1.000
71.41	1.000
74.13	2.000
76.96	1.000
79.89	1.000
82.93	1.000
86.09	1.000
89.37	1.000
92.77	1.000
96.31	1.000
99.97	1.000
103.8	1.000
107.7	2.000
111.8	1.000
116.1	1.000
120.5	1.000
125.1	1.000
129.9	1.000
134.8	1.000
140.0	1.000
145.3	1.000
150.8	2.000
156.6	1.000
162.5	1.000
168.7	1.000
175.1	1.000
181.8	1.000
188.7	1.000
195.9	1.000
203.4	1.000
211.1	2.000
219.2	1.000
227.5	1.000
236.2	1.000
245.2	1.000
254.5	1.000
264.2	1.000
274.3	2.000
284.7	1.000
295.6	1.000
306.8	1.000
318.5	1.000
330.6	1.000
343.2	1.000
356.3	2.000
369.9	1.000
384.0	1.000
398.6	1.000
413.8	1.000
429.5	1.000
445.9	2.000
462.9	1.000
480.5	1.000
498.8	1.000
517.8	1.000
537.5	2.000
558.0	1.000
579.2	1.000
601.3	1.000
624.2	1.000
648.0	2.000
672.6	1.000
698.3	1.000
724.9	1.000
752.5	1.000
781.1	2.000
810.9	1.000
841.8	1.000
873.8	1.000
907.1	2.000
941.6	1.000
977.5	1.000
1015.	1.000
1053.	1.000
1094.	2.000
1135.	1.000
1178.	1.000
1223.	1.000
1270.	2.000
1318.	1.000
1368.	1.000
1421.	2.000
1475.	1.000
1531.	1.000
1589.	1.000
1650.	2.000
1712.	1.000
1778.	1.000
1845.	1.000
1916.	2.000
1989.	1.000
2064.	1.000
2143.	2.000
2225.	1.000
2309.	1.000
2397.	2.000
2489.	1.000
2583.	1.000
2682.	2.000
2784.	1.000
2890.	1.000
3000.	2.000
 
 
C1    C2H6    Attachment                                        
E/N (Td)	Rate coefficient (m3/s)
0.1000E-02	0.000
0.1038E-02	0.000
0.1078E-02	0.000
0.1119E-02	0.000
0.1161E-02	0.000
0.1205E-02	0.000
0.1251E-02	0.000
0.1299E-02	0.000
0.1349E-02	0.000
0.1400E-02	0.000
0.1453E-02	0.000
0.1509E-02	0.000
0.1566E-02	0.000
0.1626E-02	0.000
0.1688E-02	0.000
0.1752E-02	0.000
0.1819E-02	0.000
0.1888E-02	0.000
0.1960E-02	0.000
0.2034E-02	0.000
0.2112E-02	0.000
0.2192E-02	0.000
0.2276E-02	0.000
0.2362E-02	0.000
0.2452E-02	0.000
0.2546E-02	0.000
0.2643E-02	0.000
0.2743E-02	0.000
0.2848E-02	0.000
0.2956E-02	0.000
0.3069E-02	0.000
0.3186E-02	0.000
0.3307E-02	0.000
0.3433E-02	0.000
0.3564E-02	0.000
0.3700E-02	0.000
0.3841E-02	0.000
0.3987E-02	0.000
0.4139E-02	0.000
0.4296E-02	0.000
0.4460E-02	0.000
0.4630E-02	0.000
0.4806E-02	0.000
0.4989E-02	0.000
0.5179E-02	0.000
0.5377E-02	0.000
0.5581E-02	0.000
0.5794E-02	0.000
0.6015E-02	0.000
0.6244E-02	0.000
0.6481E-02	0.000
0.6728E-02	0.000
0.6985E-02	0.000
0.7251E-02	0.000
0.7527E-02	0.000
0.7813E-02	0.000
0.8111E-02	0.000
0.8420E-02	0.000
0.8741E-02	0.000
0.9073E-02	0.000
0.9419E-02	0.000
0.9778E-02	0.000
0.1015E-01	0.000
0.1054E-01	0.000
0.1094E-01	0.000
0.1135E-01	0.000
0.1179E-01	0.000
0.1224E-01	0.000
0.1270E-01	0.000
0.1319E-01	0.000
0.1369E-01	0.000
0.1421E-01	0.000
0.1475E-01	0.000
0.1531E-01	0.000
0.1590E-01	0.000
0.1650E-01	0.000
0.1713E-01	0.000
0.1778E-01	0.000
0.1846E-01	0.000
0.1916E-01	0.000
0.1989E-01	0.000
0.2065E-01	0.000
0.2144E-01	0.000
0.2225E-01	0.000
0.2310E-01	0.000
0.2398E-01	0.000
0.2489E-01	0.000
0.2584E-01	0.000
0.2682E-01	0.000
0.2785E-01	0.000
0.2891E-01	0.000
0.3001E-01	0.000
0.3115E-01	0.000
0.3234E-01	0.000
0.3357E-01	0.000
0.3485E-01	0.000
0.3617E-01	0.000
0.3755E-01	0.000
0.3898E-01	0.000
0.4047E-01	0.000
0.4201E-01	0.000
0.4361E-01	0.000
0.4527E-01	0.000
0.4699E-01	0.000
0.4878E-01	0.000
0.5064E-01	0.000
0.5257E-01	0.000
0.5457E-01	0.000
0.5665E-01	0.000
0.5881E-01	0.000
0.6105E-01	0.000
0.6337E-01	0.000
0.6579E-01	0.000
0.6829E-01	0.000
0.7089E-01	0.000
0.7359E-01	0.000
0.7640E-01	0.000
0.7931E-01	0.000
0.8233E-01	0.000
0.8546E-01	0.000
0.8872E-01	0.000
0.9210E-01	0.000
0.9560E-01	0.000
0.9924E-01	0.000
0.1030	0.000
0.1069	0.000
0.1110	0.000
0.1152	0.000
0.1196	0.000
0.1242	0.000
0.1289	0.000
0.1338	0.000
0.1389	0.000
0.1442	0.000
0.1497	0.000
0.1554	0.000
0.1613	0.000
0.1675	0.000
0.1739	0.000
0.1805	0.000
0.1874	0.000
0.1945	0.000
0.2019	0.000
0.2096	0.000
0.2176	0.000
0.2259	0.000
0.2345	0.000
0.2434	0.000
0.2527	0.000
0.2623	0.000
0.2723	0.000
0.2826	0.000
0.2934	0.000
0.3046	0.000
0.3162	0.000
0.3282	0.000
0.3407	0.000
0.3537	0.000
0.3672	0.000
0.3812	0.000
0.3957	0.000
0.4107	0.000
0.4264	0.000
0.4426	0.000
0.4595	0.000
0.4770	0.000
0.4952	0.000
0.5140	0.000
0.5336	0.000
0.5539	0.000
0.5750	0.000
0.5969	0.000
0.6196	0.000
0.6432	0.000
0.6677	0.000
0.6932	0.000
0.7196	0.000
0.7470	0.000
0.7754	0.000
0.8050	0.000
0.8356	0.000
0.8674	0.000
0.9005	0.000
0.9348	0.000
0.9704	0.000
1.007	0.000
1.046	0.000
1.086	0.000
1.127	0.000
1.170	0.000
1.214	0.000
1.261	0.000
1.309	0.000
1.358	0.000
1.410	0.000
1.464	0.000
1.520	0.000
1.578	0.000
1.638	0.000
1.700	0.000
1.765	0.000
1.832	0.000
1.902	0.000
1.974	0.000
2.049	0.000
2.127	0.000
2.208	0.000
2.293	0.000
2.380	0.000
2.470	0.000
2.565	0.000
2.662	0.000
2.764	0.000
2.869	0.000
2.978	0.000
3.092	0.000
3.209	0.000
3.332	0.000
3.458	0.000
3.590	0.000
3.727	0.000
3.869	0.000
4.016	0.000
4.169	0.000
4.328	0.000
4.493	0.000
4.664	0.000
4.841	0.000
5.026	0.000
5.217	0.000
5.416	0.000
5.622	0.000
5.836	0.000
6.059	0.000
6.289	0.000
6.529	0.000
6.778	0.000
7.036	0.000
7.304	0.000
7.582	0.000
7.871	0.000
8.170	0.000
8.482	0.000
8.805	0.000
9.140	0.000
9.488	0.000
9.849	0.000
10.22	0.000
10.61	0.000
11.02	0.000
11.44	0.000
11.87	0.000
12.33	0.000
12.80	0.000
13.28	0.000
13.79	0.000
14.31	0.8585E-29
14.86	0.2927E-28
15.42	0.9483E-28
16.01	0.2922E-27
16.62	0.8576E-27
17.25	0.2442E-26
17.91	0.6545E-26
18.59	0.1678E-25
19.30	0.4119E-25
20.04	0.9698E-25
20.80	0.2192E-24
21.59	0.4771E-24
22.42	0.9978E-24
23.27	0.2011E-23
24.16	0.3911E-23
25.08	0.7347E-23
26.03	0.1335E-22
27.02	0.2350E-22
28.05	0.4007E-22
29.12	0.6632E-22
30.23	0.1066E-21
31.38	0.1668E-21
32.57	0.2541E-21
33.82	0.3774E-21
35.10	0.5472E-21
36.44	0.7753E-21
37.83	0.1075E-20
39.27	0.1460E-20
40.76	0.1946E-20
42.32	0.2547E-20
43.93	0.3278E-20
45.60	0.4153E-20
47.34	0.5187E-20
49.14	0.6392E-20
51.01	0.7781E-20
52.96	0.9364E-20
54.97	0.1115E-19
57.07	0.1316E-19
59.24	0.1538E-19
61.50	0.1784E-19
63.84	0.2054E-19
66.27	0.2348E-19
68.79	0.2667E-19
71.41	0.3011E-19
74.13	0.3381E-19
76.96	0.3777E-19
79.89	0.4200E-19
82.93	0.4649E-19
86.09	0.5124E-19
89.37	0.5626E-19
92.77	0.6154E-19
96.31	0.6708E-19
99.97	0.7288E-19
103.8	0.7892E-19
107.7	0.8522E-19
111.8	0.9175E-19
116.1	0.9852E-19
120.5	0.1055E-18
125.1	0.1127E-18
129.9	0.1201E-18
134.8	0.1277E-18
140.0	0.1355E-18
145.3	0.1435E-18
150.8	0.1516E-18
156.6	0.1599E-18
162.5	0.1683E-18
168.7	0.1768E-18
175.1	0.1854E-18
181.8	0.1940E-18
188.7	0.2028E-18
195.9	0.2116E-18
203.4	0.2204E-18
211.1	0.2292E-18
219.2	0.2381E-18
227.5	0.2469E-18
236.2	0.2557E-18
245.2	0.2644E-18
254.5	0.2730E-18
264.2	0.2816E-18
274.3	0.2900E-18
284.7	0.2984E-18
295.6	0.3066E-18
306.8	0.3146E-18
318.5	0.3225E-18
330.6	0.3302E-18
343.2	0.3377E-18
356.3	0.3450E-18
369.9	0.3521E-18
384.0	0.3590E-18
398.6	0.3657E-18
413.8	0.3721E-18
429.5	0.3782E-18
445.9	0.3841E-18
462.9	0.3897E-18
480.5	0.3951E-18
498.8	0.4002E-18
517.8	0.4050E-18
537.5	0.4095E-18
558.0	0.4138E-18
579.2	0.4177E-18
601.3	0.4214E-18
624.2	0.4248E-18
648.0	0.4279E-18
672.6	0.4308E-18
698.3	0.4333E-18
724.9	0.4356E-18
752.5	0.4375E-18
781.1	0.4392E-18
810.9	0.4406E-18
841.8	0.4418E-18
873.8	0.4426E-18
907.1	0.4432E-18
941.6	0.4435E-18
977.5	0.4435E-18
1015.	0.4432E-18
1053.	0.4427E-18
1094.	0.4419E-18
1135.	0.4408E-18
1178.	0.4394E-18
1223.	0.4378E-18
1270.	0.4358E-18
1318.	0.4337E-18
1368.	0.4312E-18
1421.	0.4285E-18
1475.	0.4256E-18
1531.	0.4223E-18
1589.	0.4189E-18
1650.	0.4152E-18
1712.	0.4112E-18
1778.	0.4071E-18
1845.	0.4027E-18
1916.	0.3980E-18
1989.	0.3932E-18
2064.	0.3882E-18
2143.	0.3830E-18
2225.	0.3777E-18
2309.	0.3721E-18
2397.	0.3664E-18
2489.	0.3606E-18
2583.	0.3546E-18
2682.	0.3486E-18
2784.	0.3424E-18
2890.	0.3361E-18
3000.	0.3297E-18
 
 
C2    C2H6    Elastic                                           
E/N (Td)	Rate coefficient (m3/s)
0.1000E-02	0.7760E-14
0.1038E-02	0.7759E-14
0.1078E-02	0.7758E-14
0.1119E-02	0.7757E-14
0.1161E-02	0.7756E-14
0.1205E-02	0.7756E-14
0.1251E-02	0.7755E-14
0.1299E-02	0.7754E-14
0.1349E-02	0.7753E-14
0.1400E-02	0.7751E-14
0.1453E-02	0.7750E-14
0.1509E-02	0.7749E-14
0.1566E-02	0.7747E-14
0.1626E-02	0.7746E-14
0.1688E-02	0.7744E-14
0.1752E-02	0.7742E-14
0.1819E-02	0.7741E-14
0.1888E-02	0.7739E-14
0.1960E-02	0.7736E-14
0.2034E-02	0.7734E-14
0.2112E-02	0.7732E-14
0.2192E-02	0.7729E-14
0.2276E-02	0.7726E-14
0.2362E-02	0.7723E-14
0.2452E-02	0.7720E-14
0.2546E-02	0.7717E-14
0.2643E-02	0.7713E-14
0.2743E-02	0.7709E-14
0.2848E-02	0.7705E-14
0.2956E-02	0.7701E-14
0.3069E-02	0.7696E-14
0.3186E-02	0.7691E-14
0.3307E-02	0.7686E-14
0.3433E-02	0.7681E-14
0.3564E-02	0.7675E-14
0.3700E-02	0.7669E-14
0.3841E-02	0.7663E-14
0.3987E-02	0.7657E-14
0.4139E-02	0.7650E-14
0.4296E-02	0.7643E-14
0.4460E-02	0.7635E-14
0.4630E-02	0.7628E-14
0.4806E-02	0.7620E-14
0.4989E-02	0.7612E-14
0.5179E-02	0.7604E-14
0.5377E-02	0.7595E-14
0.5581E-02	0.7587E-14
0.5794E-02	0.7578E-14
0.6015E-02	0.7570E-14
0.6244E-02	0.7561E-14
0.6481E-02	0.7552E-14
0.6728E-02	0.7544E-14
0.6985E-02	0.7536E-14
0.7251E-02	0.7527E-14
0.7527E-02	0.7520E-14
0.7813E-02	0.7512E-14
0.8111E-02	0.7505E-14
0.8420E-02	0.7499E-14
0.8741E-02	0.7493E-14
0.9073E-02	0.7487E-14
0.9419E-02	0.7482E-14
0.9778E-02	0.7478E-14
0.1015E-01	0.7475E-14
0.1054E-01	0.7473E-14
0.1094E-01	0.7471E-14
0.1135E-01	0.7470E-14
0.1179E-01	0.7471E-14
0.1224E-01	0.7472E-14
0.1270E-01	0.7474E-14
0.1319E-01	0.7477E-14
0.1369E-01	0.7480E-14
0.1421E-01	0.7485E-14
0.1475E-01	0.7491E-14
0.1531E-01	0.7497E-14
0.1590E-01	0.7504E-14
0.1650E-01	0.7512E-14
0.1713E-01	0.7521E-14
0.1778E-01	0.7530E-14
0.1846E-01	0.7539E-14
0.1916E-01	0.7549E-14
0.1989E-01	0.7560E-14
0.2065E-01	0.7571E-14
0.2144E-01	0.7582E-14
0.2225E-01	0.7594E-14
0.2310E-01	0.7605E-14
0.2398E-01	0.7617E-14
0.2489E-01	0.7628E-14
0.2584E-01	0.7640E-14
0.2682E-01	0.7651E-14
0.2785E-01	0.7662E-14
0.2891E-01	0.7673E-14
0.3001E-01	0.7683E-14
0.3115E-01	0.7694E-14
0.3234E-01	0.7703E-14
0.3357E-01	0.7712E-14
0.3485E-01	0.7721E-14
0.3617E-01	0.7729E-14
0.3755E-01	0.7737E-14
0.3898E-01	0.7743E-14
0.4047E-01	0.7750E-14
0.4201E-01	0.7755E-14
0.4361E-01	0.7760E-14
0.4527E-01	0.7763E-14
0.4699E-01	0.7767E-14
0.4878E-01	0.7769E-14
0.5064E-01	0.7770E-14
0.5257E-01	0.7771E-14
0.5457E-01	0.7771E-14
0.5665E-01	0.7770E-14
0.5881E-01	0.7768E-14
0.6105E-01	0.7765E-14
0.6337E-01	0.7761E-14
0.6579E-01	0.7757E-14
0.6829E-01	0.7751E-14
0.7089E-01	0.7745E-14
0.7359E-01	0.7738E-14
0.7640E-01	0.7730E-14
0.7931E-01	0.7720E-14
0.8233E-01	0.7710E-14
0.8546E-01	0.7700E-14
0.8872E-01	0.7688E-14
0.9210E-01	0.7675E-14
0.9560E-01	0.7661E-14
0.9924E-01	0.7647E-14
0.1030	0.7631E-14
0.1069	0.7615E-14
0.1110	0.7598E-14
0.1152	0.7580E-14
0.1196	0.7561E-14
0.1242	0.7541E-14
0.1289	0.7520E-14
0.1338	0.7498E-14
0.1389	0.7475E-14
0.1442	0.7451E-14
0.1497	0.7427E-14
0.1554	0.7402E-14
0.1613	0.7375E-14
0.1675	0.7348E-14
0.1739	0.7320E-14
0.1805	0.7291E-14
0.1874	0.7261E-14
0.1945	0.7231E-14
0.2019	0.7199E-14
0.2096	0.7167E-14
0.2176	0.7134E-14
0.2259	0.7100E-14
0.2345	0.7065E-14
0.2434	0.7029E-14
0.2527	0.6993E-14
0.2623	0.6955E-14
0.2723	0.6917E-14
0.2826	0.6879E-14
0.2934	0.6839E-14
0.3046	0.6799E-14
0.3162	0.6758E-14
0.3282	0.6717E-14
0.3407	0.6675E-14
0.3537	0.6632E-14
0.3672	0.6589E-14
0.3812	0.6546E-14
0.3957	0.6502E-14
0.4107	0.6457E-14
0.4264	0.6413E-14
0.4426	0.6368E-14
0.4595	0.6323E-14
0.4770	0.6278E-14
0.4952	0.6232E-14
0.5140	0.6187E-14
0.5336	0.6142E-14
0.5539	0.6097E-14
0.5750	0.6053E-14
0.5969	0.6009E-14
0.6196	0.5966E-14
0.6432	0.5923E-14
0.6677	0.5882E-14
0.6932	0.5841E-14
0.7196	0.5801E-14
0.7470	0.5763E-14
0.7754	0.5725E-14
0.8050	0.5690E-14
0.8356	0.5657E-14
0.8674	0.5626E-14
0.9005	0.5597E-14
0.9348	0.5571E-14
0.9704	0.5548E-14
1.007	0.5528E-14
1.046	0.5510E-14
1.086	0.5496E-14
1.127	0.5486E-14
1.170	0.5480E-14
1.214	0.5478E-14
1.261	0.5480E-14
1.309	0.5487E-14
1.358	0.5499E-14
1.410	0.5516E-14
1.464	0.5539E-14
1.520	0.5567E-14
1.578	0.5601E-14
1.638	0.5644E-14
1.700	0.5690E-14
1.765	0.5743E-14
1.832	0.5803E-14
1.902	0.5870E-14
1.974	0.5944E-14
2.049	0.6025E-14
2.127	0.6114E-14
2.208	0.6211E-14
2.293	0.6317E-14
2.380	0.6430E-14
2.470	0.6552E-14
2.565	0.6685E-14
2.662	0.6824E-14
2.764	0.6972E-14
2.869	0.7130E-14
2.978	0.7297E-14
3.092	0.7474E-14
3.209	0.7660E-14
3.332	0.7857E-14
3.458	0.8064E-14
3.590	0.8282E-14
3.727	0.8506E-14
3.869	0.8747E-14
4.016	0.9000E-14
4.169	0.9265E-14
4.328	0.9544E-14
4.493	0.9836E-14
4.664	0.1014E-13
4.841	0.1046E-13
5.026	0.1080E-13
5.217	0.1116E-13
5.416	0.1153E-13
5.622	0.1192E-13
5.836	0.1234E-13
6.059	0.1277E-13
6.289	0.1322E-13
6.529	0.1370E-13
6.778	0.1421E-13
7.036	0.1474E-13
7.304	0.1531E-13
7.582	0.1590E-13
7.871	0.1653E-13
8.170	0.1720E-13
8.482	0.1790E-13
8.805	0.1865E-13
9.140	0.1943E-13
9.488	0.2027E-13
9.849	0.2116E-13
10.22	0.2209E-13
10.61	0.2309E-13
11.02	0.2414E-13
11.44	0.2526E-13
11.87	0.2644E-13
12.33	0.2769E-13
12.80	0.2901E-13
13.28	0.3041E-13
13.79	0.3189E-13
14.31	0.3344E-13
14.86	0.3508E-13
15.42	0.3680E-13
16.01	0.3861E-13
16.62	0.4050E-13
17.25	0.4248E-13
17.91	0.4454E-13
18.59	0.4668E-13
19.30	0.4891E-13
20.04	0.5122E-13
20.80	0.5361E-13
21.59	0.5608E-13
22.42	0.5863E-13
23.27	0.6124E-13
24.16	0.6393E-13
25.08	0.6668E-13
26.03	0.6950E-13
27.02	0.7237E-13
28.05	0.7529E-13
29.12	0.7825E-13
30.23	0.8124E-13
31.38	0.8426E-13
32.57	0.8728E-13
33.82	0.9030E-13
35.10	0.9329E-13
36.44	0.9625E-13
37.83	0.9916E-13
39.27	0.1020E-12
40.76	0.1048E-12
42.32	0.1075E-12
43.93	0.1100E-12
45.60	0.1125E-12
47.34	0.1149E-12
49.14	0.1172E-12
51.01	0.1194E-12
52.96	0.1214E-12
54.97	0.1234E-12
57.07	0.1253E-12
59.24	0.1271E-12
61.50	0.1289E-12
63.84	0.1306E-12
66.27	0.1322E-12
68.79	0.1338E-12
71.41	0.1353E-12
74.13	0.1367E-12
76.96	0.1382E-12
79.89	0.1396E-12
82.93	0.1409E-12
86.09	0.1423E-12
89.37	0.1436E-12
92.77	0.1449E-12
96.31	0.1462E-12
99.97	0.1474E-12
103.8	0.1487E-12
107.7	0.1499E-12
111.8	0.1512E-12
116.1	0.1524E-12
120.5	0.1536E-12
125.1	0.1548E-12
129.9	0.1560E-12
134.8	0.1572E-12
140.0	0.1584E-12
145.3	0.1596E-12
150.8	0.1607E-12
156.6	0.1619E-12
162.5	0.1631E-12
168.7	0.1642E-12
175.1	0.1654E-12
181.8	0.1665E-12
188.7	0.1677E-12
195.9	0.1688E-12
203.4	0.1699E-12
211.1	0.1711E-12
219.2	0.1722E-12
227.5	0.1733E-12
236.2	0.1744E-12
245.2	0.1755E-12
254.5	0.1766E-12
264.2	0.1777E-12
274.3	0.1788E-12
284.7	0.1799E-12
295.6	0.1809E-12
306.8	0.1820E-12
318.5	0.1831E-12
330.6	0.1841E-12
343.2	0.1851E-12
356.3	0.1862E-12
369.9	0.1872E-12
384.0	0.1882E-12
398.6	0.1892E-12
413.8	0.1902E-12
429.5	0.1912E-12
445.9	0.1922E-12
462.9	0.1931E-12
480.5	0.1941E-12
498.8	0.1950E-12
517.8	0.1959E-12
537.5	0.1968E-12
558.0	0.1977E-12
579.2	0.1986E-12
601.3	0.1995E-12
624.2	0.2004E-12
648.0	0.2012E-12
672.6	0.2020E-12
698.3	0.2029E-12
724.9	0.2036E-12
752.5	0.2044E-12
781.1	0.2052E-12
810.9	0.2059E-12
841.8	0.2066E-12
873.8	0.2073E-12
907.1	0.2080E-12
941.6	0.2086E-12
977.5	0.2092E-12
1015.	0.2098E-12
1053.	0.2103E-12
1094.	0.2108E-12
1135.	0.2113E-12
1178.	0.2118E-12
1223.	0.2122E-12
1270.	0.2126E-12
1318.	0.2129E-12
1368.	0.2132E-12
1421.	0.2134E-12
1475.	0.2136E-12
1531.	0.2138E-12
1589.	0.2139E-12
1650.	0.2139E-12
1712.	0.2139E-12
1778.	0.2139E-12
1845.	0.2138E-12
1916.	0.2136E-12
1989.	0.2134E-12
2064.	0.2131E-12
2143.	0.2127E-12
2225.	0.2123E-12
2309.	0.2119E-12
2397.	0.2113E-12
2489.	0.2107E-12
2583.	0.2100E-12
2682.	0.2093E-12
2784.	0.2085E-12
2890.	0.2076E-12
3000.	0.2067E-12
 
 
C3    C2H6    Excitation    0.16 eV                             
E/N (Td)	Rate coefficient (m3/s)
0.1000E-02	0.7348E-17
0.1038E-02	0.7348E-17
0.1078E-02	0.7348E-17
0.1119E-02	0.7348E-17
0.1161E-02	0.7348E-17
0.1205E-02	0.7348E-17
0.1251E-02	0.7348E-17
0.1299E-02	0.7348E-17
0.1349E-02	0.7348E-17
0.1400E-02	0.7348E-17
0.1453E-02	0.7348E-17
0.1509E-02	0.7347E-17
0.1566E-02	0.7347E-17
0.1626E-02	0.7347E-17
0.1688E-02	0.7347E-17
0.1752E-02	0.7347E-17
0.1819E-02	0.7347E-17
0.1888E-02	0.7347E-17
0.1960E-02	0.7346E-17
0.2034E-02	0.7346E-17
0.2112E-02	0.7346E-17
0.2192E-02	0.7346E-17
0.2276E-02	0.7346E-17
0.2362E-02	0.7345E-17
0.2452E-02	0.7345E-17
0.2546E-02	0.7345E-17
0.2643E-02	0.7345E-17
0.2743E-02	0.7344E-17
0.2848E-02	0.7344E-17
0.2956E-02	0.7344E-17
0.3069E-02	0.7343E-17
0.3186E-02	0.7343E-17
0.3307E-02	0.7342E-17
0.3433E-02	0.7342E-17
0.3564E-02	0.7342E-17
0.3700E-02	0.7341E-17
0.3841E-02	0.7341E-17
0.3987E-02	0.7340E-17
0.4139E-02	0.7340E-17
0.4296E-02	0.7339E-17
0.4460E-02	0.7339E-17
0.4630E-02	0.7338E-17
0.4806E-02	0.7338E-17
0.4989E-02	0.7338E-17
0.5179E-02	0.7337E-17
0.5377E-02	0.7337E-17
0.5581E-02	0.7336E-17
0.5794E-02	0.7336E-17
0.6015E-02	0.7336E-17
0.6244E-02	0.7335E-17
0.6481E-02	0.7335E-17
0.6728E-02	0.7335E-17
0.6985E-02	0.7335E-17
0.7251E-02	0.7335E-17
0.7527E-02	0.7336E-17
0.7813E-02	0.7336E-17
0.8111E-02	0.7336E-17
0.8420E-02	0.7337E-17
0.8741E-02	0.7338E-17
0.9073E-02	0.7339E-17
0.9419E-02	0.7340E-17
0.9778E-02	0.7342E-17
0.1015E-01	0.7343E-17
0.1054E-01	0.7345E-17
0.1094E-01	0.7348E-17
0.1135E-01	0.7350E-17
0.1179E-01	0.7353E-17
0.1224E-01	0.7356E-17
0.1270E-01	0.7359E-17
0.1319E-01	0.7363E-17
0.1369E-01	0.7367E-17
0.1421E-01	0.7372E-17
0.1475E-01	0.7377E-17
0.1531E-01	0.7382E-17
0.1590E-01	0.7388E-17
0.1650E-01	0.7394E-17
0.1713E-01	0.7401E-17
0.1778E-01	0.7408E-17
0.1846E-01	0.7415E-17
0.1916E-01	0.7423E-17
0.1989E-01	0.7432E-17
0.2065E-01	0.7442E-17
0.2144E-01	0.7451E-17
0.2225E-01	0.7462E-17
0.2310E-01	0.7473E-17
0.2398E-01	0.7485E-17
0.2489E-01	0.7498E-17
0.2584E-01	0.7512E-17
0.2682E-01	0.7526E-17
0.2785E-01	0.7542E-17
0.2891E-01	0.7559E-17
0.3001E-01	0.7576E-17
0.3115E-01	0.7595E-17
0.3234E-01	0.7616E-17
0.3357E-01	0.7637E-17
0.3485E-01	0.7660E-17
0.3617E-01	0.7685E-17
0.3755E-01	0.7711E-17
0.3898E-01	0.7740E-17
0.4047E-01	0.7770E-17
0.4201E-01	0.7803E-17
0.4361E-01	0.7838E-17
0.4527E-01	0.7875E-17
0.4699E-01	0.7916E-17
0.4878E-01	0.7959E-17
0.5064E-01	0.8006E-17
0.5257E-01	0.8056E-17
0.5457E-01	0.8110E-17
0.5665E-01	0.8167E-17
0.5881E-01	0.8230E-17
0.6105E-01	0.8297E-17
0.6337E-01	0.8369E-17
0.6579E-01	0.8447E-17
0.6829E-01	0.8531E-17
0.7089E-01	0.8622E-17
0.7359E-01	0.8720E-17
0.7640E-01	0.8825E-17
0.7931E-01	0.8938E-17
0.8233E-01	0.9061E-17
0.8546E-01	0.9193E-17
0.8872E-01	0.9335E-17
0.9210E-01	0.9489E-17
0.9560E-01	0.9655E-17
0.9924E-01	0.9834E-17
0.1030	0.1003E-16
0.1069	0.1024E-16
0.1110	0.1046E-16
0.1152	0.1070E-16
0.1196	0.1097E-16
0.1242	0.1125E-16
0.1289	0.1156E-16
0.1338	0.1189E-16
0.1389	0.1224E-16
0.1442	0.1263E-16
0.1497	0.1304E-16
0.1554	0.1349E-16
0.1613	0.1397E-16
0.1675	0.1450E-16
0.1739	0.1506E-16
0.1805	0.1567E-16
0.1874	0.1633E-16
0.1945	0.1704E-16
0.2019	0.1780E-16
0.2096	0.1863E-16
0.2176	0.1952E-16
0.2259	0.2048E-16
0.2345	0.2151E-16
0.2434	0.2263E-16
0.2527	0.2383E-16
0.2623	0.2513E-16
0.2723	0.2653E-16
0.2826	0.2804E-16
0.2934	0.2966E-16
0.3046	0.3141E-16
0.3162	0.3329E-16
0.3282	0.3531E-16
0.3407	0.3749E-16
0.3537	0.3983E-16
0.3672	0.4234E-16
0.3812	0.4504E-16
0.3957	0.4795E-16
0.4107	0.5106E-16
0.4264	0.5440E-16
0.4426	0.5799E-16
0.4595	0.6183E-16
0.4770	0.6594E-16
0.4952	0.7035E-16
0.5140	0.7506E-16
0.5336	0.8010E-16
0.5539	0.8548E-16
0.5750	0.9122E-16
0.5969	0.9734E-16
0.6196	0.1039E-15
0.6432	0.1108E-15
0.6677	0.1182E-15
0.6932	0.1261E-15
0.7196	0.1344E-15
0.7470	0.1433E-15
0.7754	0.1528E-15
0.8050	0.1627E-15
0.8356	0.1733E-15
0.8674	0.1844E-15
0.9005	0.1961E-15
0.9348	0.2085E-15
0.9704	0.2216E-15
1.007	0.2353E-15
1.046	0.2497E-15
1.086	0.2648E-15
1.127	0.2806E-15
1.170	0.2972E-15
1.214	0.3145E-15
1.261	0.3326E-15
1.309	0.3514E-15
1.358	0.3710E-15
1.410	0.3914E-15
1.464	0.4125E-15
1.520	0.4343E-15
1.578	0.4569E-15
1.638	0.4800E-15
1.700	0.5041E-15
1.765	0.5288E-15
1.832	0.5542E-15
1.902	0.5802E-15
1.974	0.6068E-15
2.049	0.6340E-15
2.127	0.6618E-15
2.208	0.6900E-15
2.293	0.7188E-15
2.380	0.7479E-15
2.470	0.7774E-15
2.565	0.8078E-15
2.662	0.8380E-15
2.764	0.8683E-15
2.869	0.8989E-15
2.978	0.9297E-15
3.092	0.9612E-15
3.209	0.9921E-15
3.332	0.1023E-14
3.458	0.1054E-14
3.590	0.1085E-14
3.727	0.1114E-14
3.869	0.1145E-14
4.016	0.1175E-14
4.169	0.1205E-14
4.328	0.1235E-14
4.493	0.1265E-14
4.664	0.1294E-14
4.841	0.1323E-14
5.026	0.1352E-14
5.217	0.1380E-14
5.416	0.1409E-14
5.622	0.1436E-14
5.836	0.1463E-14
6.059	0.1489E-14
6.289	0.1515E-14
6.529	0.1540E-14
6.778	0.1565E-14
7.036	0.1589E-14
7.304	0.1612E-14
7.582	0.1635E-14
7.871	0.1658E-14
8.170	0.1679E-14
8.482	0.1700E-14
8.805	0.1721E-14
9.140	0.1740E-14
9.488	0.1759E-14
9.849	0.1778E-14
10.22	0.1796E-14
10.61	0.1813E-14
11.02	0.1831E-14
11.44	0.1847E-14
11.87	0.1864E-14
12.33	0.1880E-14
12.80	0.1896E-14
13.28	0.1913E-14
13.79	0.1929E-14
14.31	0.1946E-14
14.86	0.1964E-14
15.42	0.1982E-14
16.01	0.2002E-14
16.62	0.2022E-14
17.25	0.2045E-14
17.91	0.2068E-14
18.59	0.2094E-14
19.30	0.2122E-14
20.04	0.2153E-14
20.80	0.2186E-14
21.59	0.2223E-14
22.42	0.2263E-14
23.27	0.2307E-14
24.16	0.2354E-14
25.08	0.2406E-14
26.03	0.2463E-14
27.02	0.2524E-14
28.05	0.2590E-14
29.12	0.2660E-14
30.23	0.2736E-14
31.38	0.2816E-14
32.57	0.2901E-14
33.82	0.2990E-14
35.10	0.3082E-14
36.44	0.3177E-14
37.83	0.3275E-14
39.27	0.3375E-14
40.76	0.3475E-14
42.32	0.3576E-14
43.93	0.3676E-14
45.60	0.3776E-14
47.34	0.3874E-14
49.14	0.3971E-14
51.01	0.4066E-14
52.96	0.4158E-14
54.97	0.4249E-14
57.07	0.4337E-14
59.24	0.4423E-14
61.50	0.4508E-14
63.84	0.4590E-14
66.27	0.4670E-14
68.79	0.4749E-14
71.41	0.4826E-14
74.13	0.4902E-14
76.96	0.4976E-14
79.89	0.5049E-14
82.93	0.5122E-14
86.09	0.5193E-14
89.37	0.5264E-14
92.77	0.5334E-14
96.31	0.5403E-14
99.97	0.5472E-14
103.8	0.5540E-14
107.7	0.5608E-14
111.8	0.5675E-14
116.1	0.5742E-14
120.5	0.5809E-14
125.1	0.5875E-14
129.9	0.5941E-14
134.8	0.6007E-14
140.0	0.6072E-14
145.3	0.6136E-14
150.8	0.6201E-14
156.6	0.6264E-14
162.5	0.6328E-14
168.7	0.6391E-14
175.1	0.6453E-14
181.8	0.6515E-14
188.7	0.6576E-14
195.9	0.6636E-14
203.4	0.6696E-14
211.1	0.6755E-14
219.2	0.6813E-14
227.5	0.6871E-14
236.2	0.6927E-14
245.2	0.6983E-14
254.5	0.7038E-14
264.2	0.7092E-14
274.3	0.7145E-14
284.7	0.7197E-14
295.6	0.7248E-14
306.8	0.7298E-14
318.5	0.7346E-14
330.6	0.7394E-14
343.2	0.7440E-14
356.3	0.7486E-14
369.9	0.7530E-14
384.0	0.7572E-14
398.6	0.7614E-14
413.8	0.7654E-14
429.5	0.7693E-14
445.9	0.7731E-14
462.9	0.7767E-14
480.5	0.7802E-14
498.8	0.7835E-14
517.8	0.7867E-14
537.5	0.7897E-14
558.0	0.7926E-14
579.2	0.7954E-14
601.3	0.7980E-14
624.2	0.8004E-14
648.0	0.8026E-14
672.6	0.8047E-14
698.3	0.8066E-14
724.9	0.8083E-14
752.5	0.8099E-14
781.1	0.8112E-14
810.9	0.8124E-14
841.8	0.8133E-14
873.8	0.8140E-14
907.1	0.8145E-14
941.6	0.8148E-14
977.5	0.8148E-14
1015.	0.8146E-14
1053.	0.8142E-14
1094.	0.8135E-14
1135.	0.8125E-14
1178.	0.8112E-14
1223.	0.8097E-14
1270.	0.8079E-14
1318.	0.8058E-14
1368.	0.8034E-14
1421.	0.8007E-14
1475.	0.7977E-14
1531.	0.7944E-14
1589.	0.7907E-14
1650.	0.7868E-14
1712.	0.7825E-14
1778.	0.7779E-14
1845.	0.7729E-14
1916.	0.7677E-14
1989.	0.7621E-14
2064.	0.7562E-14
2143.	0.7500E-14
2225.	0.7434E-14
2309.	0.7366E-14
2397.	0.7294E-14
2489.	0.7219E-14
2583.	0.7141E-14
2682.	0.7061E-14
2784.	0.6977E-14
2890.	0.6891E-14
3000.	0.6802E-14
 
 
C4    C2H6    Excitation    0.37 eV                             
E/N (Td)	Rate coefficient (m3/s)
0.1000E-02	0.7730E-21
0.1038E-02	0.7734E-21
0.1078E-02	0.7738E-21
0.1119E-02	0.7743E-21
0.1161E-02	0.7748E-21
0.1205E-02	0.7753E-21
0.1251E-02	0.7759E-21
0.1299E-02	0.7765E-21
0.1349E-02	0.7771E-21
0.1400E-02	0.7779E-21
0.1453E-02	0.7786E-21
0.1509E-02	0.7794E-21
0.1566E-02	0.7803E-21
0.1626E-02	0.7813E-21
0.1688E-02	0.7823E-21
0.1752E-02	0.7833E-21
0.1819E-02	0.7845E-21
0.1888E-02	0.7858E-21
0.1960E-02	0.7871E-21
0.2034E-02	0.7885E-21
0.2112E-02	0.7901E-21
0.2192E-02	0.7917E-21
0.2276E-02	0.7935E-21
0.2362E-02	0.7954E-21
0.2452E-02	0.7974E-21
0.2546E-02	0.7995E-21
0.2643E-02	0.8018E-21
0.2743E-02	0.8043E-21
0.2848E-02	0.8069E-21
0.2956E-02	0.8096E-21
0.3069E-02	0.8126E-21
0.3186E-02	0.8157E-21
0.3307E-02	0.8190E-21
0.3433E-02	0.8226E-21
0.3564E-02	0.8263E-21
0.3700E-02	0.8302E-21
0.3841E-02	0.8344E-21
0.3987E-02	0.8388E-21
0.4139E-02	0.8434E-21
0.4296E-02	0.8483E-21
0.4460E-02	0.8533E-21
0.4630E-02	0.8586E-21
0.4806E-02	0.8642E-21
0.4989E-02	0.8700E-21
0.5179E-02	0.8760E-21
0.5377E-02	0.8822E-21
0.5581E-02	0.8886E-21
0.5794E-02	0.8952E-21
0.6015E-02	0.9020E-21
0.6244E-02	0.9090E-21
0.6481E-02	0.9161E-21
0.6728E-02	0.9233E-21
0.6985E-02	0.9307E-21
0.7251E-02	0.9381E-21
0.7527E-02	0.9455E-21
0.7813E-02	0.9530E-21
0.8111E-02	0.9604E-21
0.8420E-02	0.9678E-21
0.8741E-02	0.9752E-21
0.9073E-02	0.9824E-21
0.9419E-02	0.9895E-21
0.9778E-02	0.9964E-21
0.1015E-01	0.1003E-20
0.1054E-01	0.1010E-20
0.1094E-01	0.1016E-20
0.1135E-01	0.1022E-20
0.1179E-01	0.1027E-20
0.1224E-01	0.1033E-20
0.1270E-01	0.1038E-20
0.1319E-01	0.1043E-20
0.1369E-01	0.1047E-20
0.1421E-01	0.1051E-20
0.1475E-01	0.1055E-20
0.1531E-01	0.1058E-20
0.1590E-01	0.1061E-20
0.1650E-01	0.1064E-20
0.1713E-01	0.1067E-20
0.1778E-01	0.1069E-20
0.1846E-01	0.1071E-20
0.1916E-01	0.1073E-20
0.1989E-01	0.1074E-20
0.2065E-01	0.1075E-20
0.2144E-01	0.1076E-20
0.2225E-01	0.1077E-20
0.2310E-01	0.1078E-20
0.2398E-01	0.1079E-20
0.2489E-01	0.1079E-20
0.2584E-01	0.1080E-20
0.2682E-01	0.1080E-20
0.2785E-01	0.1080E-20
0.2891E-01	0.1080E-20
0.3001E-01	0.1081E-20
0.3115E-01	0.1081E-20
0.3234E-01	0.1081E-20
0.3357E-01	0.1082E-20
0.3485E-01	0.1082E-20
0.3617E-01	0.1083E-20
0.3755E-01	0.1083E-20
0.3898E-01	0.1084E-20
0.4047E-01	0.1085E-20
0.4201E-01	0.1086E-20
0.4361E-01	0.1087E-20
0.4527E-01	0.1088E-20
0.4699E-01	0.1089E-20
0.4878E-01	0.1091E-20
0.5064E-01	0.1093E-20
0.5257E-01	0.1094E-20
0.5457E-01	0.1097E-20
0.5665E-01	0.1099E-20
0.5881E-01	0.1102E-20
0.6105E-01	0.1104E-20
0.6337E-01	0.1108E-20
0.6579E-01	0.1111E-20
0.6829E-01	0.1115E-20
0.7089E-01	0.1118E-20
0.7359E-01	0.1123E-20
0.7640E-01	0.1127E-20
0.7931E-01	0.1132E-20
0.8233E-01	0.1137E-20
0.8546E-01	0.1143E-20
0.8872E-01	0.1149E-20
0.9210E-01	0.1155E-20
0.9560E-01	0.1162E-20
0.9924E-01	0.1169E-20
0.1030	0.1177E-20
0.1069	0.1185E-20
0.1110	0.1194E-20
0.1152	0.1203E-20
0.1196	0.1213E-20
0.1242	0.1223E-20
0.1289	0.1234E-20
0.1338	0.1246E-20
0.1389	0.1259E-20
0.1442	0.1272E-20
0.1497	0.1287E-20
0.1554	0.1302E-20
0.1613	0.1319E-20
0.1675	0.1338E-20
0.1739	0.1357E-20
0.1805	0.1379E-20
0.1874	0.1403E-20
0.1945	0.1430E-20
0.2019	0.1459E-20
0.2096	0.1492E-20
0.2176	0.1529E-20
0.2259	0.1571E-20
0.2345	0.1618E-20
0.2434	0.1673E-20
0.2527	0.1735E-20
0.2623	0.1808E-20
0.2723	0.1891E-20
0.2826	0.1988E-20
0.2934	0.2100E-20
0.3046	0.2231E-20
0.3162	0.2384E-20
0.3282	0.2562E-20
0.3407	0.2769E-20
0.3537	0.3011E-20
0.3672	0.3293E-20
0.3812	0.3622E-20
0.3957	0.4004E-20
0.4107	0.4448E-20
0.4264	0.4965E-20
0.4426	0.5563E-20
0.4595	0.6258E-20
0.4770	0.7063E-20
0.4952	0.7997E-20
0.5140	0.9082E-20
0.5336	0.1034E-19
0.5539	0.1181E-19
0.5750	0.1354E-19
0.5969	0.1556E-19
0.6196	0.1796E-19
0.6432	0.2082E-19
0.6677	0.2425E-19
0.6932	0.2842E-19
0.7196	0.3351E-19
0.7470	0.3980E-19
0.7754	0.4765E-19
0.8050	0.5744E-19
0.8356	0.6975E-19
0.8674	0.8532E-19
0.9005	0.1050E-18
0.9348	0.1301E-18
0.9704	0.1619E-18
1.007	0.2022E-18
1.046	0.2532E-18
1.086	0.3177E-18
1.127	0.3987E-18
1.170	0.5003E-18
1.214	0.6273E-18
1.261	0.7848E-18
1.309	0.9794E-18
1.358	0.1219E-17
1.410	0.1512E-17
1.464	0.1868E-17
1.520	0.2300E-17
1.578	0.2819E-17
1.638	0.3441E-17
1.700	0.4183E-17
1.765	0.5063E-17
1.832	0.6102E-17
1.902	0.7321E-17
1.974	0.8745E-17
2.049	0.1040E-16
2.127	0.1232E-16
2.208	0.1453E-16
2.293	0.1706E-16
2.380	0.1995E-16
2.470	0.2324E-16
2.565	0.2698E-16
2.662	0.3118E-16
2.764	0.3590E-16
2.869	0.4118E-16
2.978	0.4707E-16
3.092	0.5365E-16
3.209	0.6090E-16
3.332	0.6890E-16
3.458	0.7770E-16
3.590	0.8735E-16
3.727	0.9777E-16
3.869	0.1093E-15
4.016	0.1218E-15
4.169	0.1354E-15
4.328	0.1500E-15
4.493	0.1659E-15
4.664	0.1829E-15
4.841	0.2013E-15
5.026	0.2209E-15
5.217	0.2419E-15
5.416	0.2644E-15
5.622	0.2883E-15
5.836	0.3137E-15
6.059	0.3406E-15
6.289	0.3692E-15
6.529	0.3993E-15
6.778	0.4311E-15
7.036	0.4646E-15
7.304	0.4997E-15
7.582	0.5366E-15
7.871	0.5753E-15
8.170	0.6156E-15
8.482	0.6577E-15
8.805	0.7014E-15
9.140	0.7469E-15
9.488	0.7941E-15
9.849	0.8428E-15
10.22	0.8932E-15
10.61	0.9451E-15
11.02	0.9984E-15
11.44	0.1053E-14
11.87	0.1109E-14
12.33	0.1167E-14
12.80	0.1225E-14
13.28	0.1285E-14
13.79	0.1346E-14
14.31	0.1407E-14
14.86	0.1470E-14
15.42	0.1534E-14
16.01	0.1598E-14
16.62	0.1663E-14
17.25	0.1730E-14
17.91	0.1797E-14
18.59	0.1864E-14
19.30	0.1933E-14
20.04	0.2003E-14
20.80	0.2074E-14
21.59	0.2146E-14
22.42	0.2220E-14
23.27	0.2295E-14
24.16	0.2372E-14
25.08	0.2451E-14
26.03	0.2532E-14
27.02	0.2616E-14
28.05	0.2701E-14
29.12	0.2789E-14
30.23	0.2880E-14
31.38	0.2972E-14
32.57	0.3066E-14
33.82	0.3162E-14
35.10	0.3259E-14
36.44	0.3357E-14
37.83	0.3455E-14
39.27	0.3553E-14
40.76	0.3651E-14
42.32	0.3747E-14
43.93	0.3841E-14
45.60	0.3934E-14
47.34	0.4024E-14
49.14	0.4112E-14
51.01	0.4197E-14
52.96	0.4280E-14
54.97	0.4360E-14
57.07	0.4438E-14
59.24	0.4513E-14
61.50	0.4587E-14
63.84	0.4658E-14
66.27	0.4727E-14
68.79	0.4795E-14
71.41	0.4861E-14
74.13	0.4926E-14
76.96	0.4990E-14
79.89	0.5052E-14
82.93	0.5114E-14
86.09	0.5175E-14
89.37	0.5235E-14
92.77	0.5294E-14
96.31	0.5353E-14
99.97	0.5412E-14
103.8	0.5469E-14
107.7	0.5527E-14
111.8	0.5584E-14
116.1	0.5641E-14
120.5	0.5697E-14
125.1	0.5753E-14
129.9	0.5809E-14
134.8	0.5865E-14
140.0	0.5920E-14
145.3	0.5975E-14
150.8	0.6029E-14
156.6	0.6083E-14
162.5	0.6137E-14
168.7	0.6191E-14
175.1	0.6243E-14
181.8	0.6296E-14
188.7	0.6348E-14
195.9	0.6399E-14
203.4	0.6450E-14
211.1	0.6500E-14
219.2	0.6550E-14
227.5	0.6599E-14
236.2	0.6647E-14
245.2	0.6694E-14
254.5	0.6741E-14
264.2	0.6786E-14
274.3	0.6831E-14
284.7	0.6875E-14
295.6	0.6918E-14
306.8	0.6960E-14
318.5	0.7000E-14
330.6	0.7040E-14
343.2	0.7079E-14
356.3	0.7116E-14
369.9	0.7152E-14
384.0	0.7187E-14
398.6	0.7220E-14
413.8	0.7253E-14
429.5	0.7283E-14
445.9	0.7313E-14
462.9	0.7341E-14
480.5	0.7367E-14
498.8	0.7392E-14
517.8	0.7415E-14
537.5	0.7436E-14
558.0	0.7456E-14
579.2	0.7474E-14
601.3	0.7490E-14
624.2	0.7504E-14
648.0	0.7516E-14
672.6	0.7527E-14
698.3	0.7535E-14
724.9	0.7541E-14
752.5	0.7545E-14
781.1	0.7547E-14
810.9	0.7547E-14
841.8	0.7544E-14
873.8	0.7539E-14
907.1	0.7531E-14
941.6	0.7521E-14
977.5	0.7508E-14
1015.	0.7493E-14
1053.	0.7475E-14
1094.	0.7454E-14
1135.	0.7431E-14
1178.	0.7405E-14
1223.	0.7375E-14
1270.	0.7343E-14
1318.	0.7308E-14
1368.	0.7271E-14
1421.	0.7230E-14
1475.	0.7186E-14
1531.	0.7139E-14
1589.	0.7089E-14
1650.	0.7037E-14
1712.	0.6981E-14
1778.	0.6922E-14
1845.	0.6861E-14
1916.	0.6796E-14
1989.	0.6729E-14
2064.	0.6659E-14
2143.	0.6587E-14
2225.	0.6511E-14
2309.	0.6433E-14
2397.	0.6353E-14
2489.	0.6270E-14
2583.	0.6185E-14
2682.	0.6098E-14
2784.	0.6009E-14
2890.	0.5918E-14
3000.	0.5825E-14
 
 
C5    C2H6    Excitation    10.12 eV                            
E/N (Td)	Rate coefficient (m3/s)
0.1000E-02	0.000
0.1038E-02	0.000
0.1078E-02	0.000
0.1119E-02	0.000
0.1161E-02	0.000
0.1205E-02	0.000
0.1251E-02	0.000
0.1299E-02	0.000
0.1349E-02	0.000
0.1400E-02	0.000
0.1453E-02	0.000
0.1509E-02	0.000
0.1566E-02	0.000
0.1626E-02	0.000
0.1688E-02	0.000
0.1752E-02	0.000
0.1819E-02	0.000
0.1888E-02	0.000
0.1960E-02	0.000
0.2034E-02	0.000
0.2112E-02	0.000
0.2192E-02	0.000
0.2276E-02	0.000
0.2362E-02	0.000
0.2452E-02	0.000
0.2546E-02	0.000
0.2643E-02	0.000
0.2743E-02	0.000
0.2848E-02	0.000
0.2956E-02	0.000
0.3069E-02	0.000
0.3186E-02	0.000
0.3307E-02	0.000
0.3433E-02	0.000
0.3564E-02	0.000
0.3700E-02	0.000
0.3841E-02	0.000
0.3987E-02	0.000
0.4139E-02	0.000
0.4296E-02	0.000
0.4460E-02	0.000
0.4630E-02	0.000
0.4806E-02	0.000
0.4989E-02	0.000
0.5179E-02	0.000
0.5377E-02	0.000
0.5581E-02	0.000
0.5794E-02	0.000
0.6015E-02	0.000
0.6244E-02	0.000
0.6481E-02	0.000
0.6728E-02	0.000
0.6985E-02	0.000
0.7251E-02	0.000
0.7527E-02	0.000
0.7813E-02	0.000
0.8111E-02	0.000
0.8420E-02	0.000
0.8741E-02	0.000
0.9073E-02	0.000
0.9419E-02	0.000
0.9778E-02	0.000
0.1015E-01	0.000
0.1054E-01	0.000
0.1094E-01	0.000
0.1135E-01	0.000
0.1179E-01	0.000
0.1224E-01	0.000
0.1270E-01	0.000
0.1319E-01	0.000
0.1369E-01	0.000
0.1421E-01	0.000
0.1475E-01	0.000
0.1531E-01	0.000
0.1590E-01	0.000
0.1650E-01	0.000
0.1713E-01	0.000
0.1778E-01	0.000
0.1846E-01	0.000
0.1916E-01	0.000
0.1989E-01	0.000
0.2065E-01	0.000
0.2144E-01	0.000
0.2225E-01	0.000
0.2310E-01	0.000
0.2398E-01	0.000
0.2489E-01	0.000
0.2584E-01	0.000
0.2682E-01	0.000
0.2785E-01	0.000
0.2891E-01	0.000
0.3001E-01	0.000
0.3115E-01	0.000
0.3234E-01	0.000
0.3357E-01	0.000
0.3485E-01	0.000
0.3617E-01	0.000
0.3755E-01	0.000
0.3898E-01	0.000
0.4047E-01	0.000
0.4201E-01	0.000
0.4361E-01	0.000
0.4527E-01	0.000
0.4699E-01	0.000
0.4878E-01	0.000
0.5064E-01	0.000
0.5257E-01	0.000
0.5457E-01	0.000
0.5665E-01	0.000
0.5881E-01	0.000
0.6105E-01	0.000
0.6337E-01	0.000
0.6579E-01	0.000
0.6829E-01	0.000
0.7089E-01	0.000
0.7359E-01	0.000
0.7640E-01	0.000
0.7931E-01	0.000
0.8233E-01	0.000
0.8546E-01	0.000
0.8872E-01	0.000
0.9210E-01	0.000
0.9560E-01	0.000
0.9924E-01	0.000
0.1030	0.000
0.1069	0.000
0.1110	0.000
0.1152	0.000
0.1196	0.000
0.1242	0.000
0.1289	0.000
0.1338	0.000
0.1389	0.000
0.1442	0.000
0.1497	0.000
0.1554	0.000
0.1613	0.000
0.1675	0.000
0.1739	0.000
0.1805	0.000
0.1874	0.000
0.1945	0.000
0.2019	0.000
0.2096	0.000
0.2176	0.000
0.2259	0.000
0.2345	0.000
0.2434	0.000
0.2527	0.000
0.2623	0.000
0.2723	0.000
0.2826	0.000
0.2934	0.000
0.3046	0.000
0.3162	0.000
0.3282	0.000
0.3407	0.000
0.3537	0.000
0.3672	0.000
0.3812	0.000
0.3957	0.000
0.4107	0.000
0.4264	0.000
0.4426	0.000
0.4595	0.000
0.4770	0.000
0.4952	0.000
0.5140	0.000
0.5336	0.000
0.5539	0.000
0.5750	0.000
0.5969	0.000
0.6196	0.000
0.6432	0.000
0.6677	0.000
0.6932	0.000
0.7196	0.000
0.7470	0.000
0.7754	0.000
0.8050	0.000
0.8356	0.000
0.8674	0.000
0.9005	0.000
0.9348	0.000
0.9704	0.000
1.007	0.000
1.046	0.000
1.086	0.000
1.127	0.000
1.170	0.000
1.214	0.000
1.261	0.000
1.309	0.000
1.358	0.000
1.410	0.000
1.464	0.000
1.520	0.000
1.578	0.000
1.638	0.000
1.700	0.000
1.765	0.000
1.832	0.000
1.902	0.000
1.974	0.000
2.049	0.000
2.127	0.000
2.208	0.000
2.293	0.000
2.380	0.000
2.470	0.000
2.565	0.000
2.662	0.000
2.764	0.000
2.869	0.000
2.978	0.000
3.092	0.000
3.209	0.000
3.332	0.000
3.458	0.000
3.590	0.000
3.727	0.000
3.869	0.000
4.016	0.000
4.169	0.000
4.328	0.000
4.493	0.000
4.664	0.000
4.841	0.000
5.026	0.000
5.217	0.000
5.416	0.000
5.622	0.000
5.836	0.000
6.059	0.000
6.289	0.000
6.529	0.000
6.778	0.000
7.036	0.000
7.304	0.000
7.582	0.000
7.871	0.000
8.170	0.000
8.482	0.000
8.805	0.000
9.140	0.000
9.488	0.000
9.849	0.000
10.22	0.000
10.61	0.000
11.02	0.000
11.44	0.000
11.87	0.000
12.33	0.000
12.80	0.000
13.28	0.000
13.79	0.000
14.31	0.000
14.86	0.000
15.42	0.000
16.01	0.000
16.62	0.000
17.25	0.3375E-28
17.91	0.1467E-27
18.59	0.5961E-27
19.30	0.2269E-26
20.04	0.8107E-26
20.80	0.2724E-25
21.59	0.2016E-24
22.42	0.6255E-24
23.27	0.1837E-23
24.16	0.5116E-23
25.08	0.1354E-22
26.03	0.3408E-22
27.02	0.8211E-22
28.05	0.1882E-21
29.12	0.4129E-21
30.23	0.8682E-21
31.38	0.1753E-20
32.57	0.3403E-20
33.82	0.6368E-20
35.10	0.1150E-19
36.44	0.2010E-19
37.83	0.3399E-19
39.27	0.5579E-19
40.76	0.8900E-19
42.32	0.1383E-18
43.93	0.2095E-18
45.60	0.3102E-18
47.34	0.4495E-18
49.14	0.6383E-18
51.01	0.8900E-18
52.96	0.1219E-17
54.97	0.1644E-17
57.07	0.2185E-17
59.24	0.2864E-17
61.50	0.3707E-17
63.84	0.4743E-17
66.27	0.6003E-17
68.79	0.7524E-17
71.41	0.9342E-17
74.13	0.1150E-16
76.96	0.1405E-16
79.89	0.1703E-16
82.93	0.2051E-16
86.09	0.2453E-16
89.37	0.2918E-16
92.77	0.3451E-16
96.31	0.4060E-16
99.97	0.4753E-16
103.8	0.5539E-16
107.7	0.6427E-16
111.8	0.7427E-16
116.1	0.8551E-16
120.5	0.9810E-16
125.1	0.1122E-15
129.9	0.1278E-15
134.8	0.1452E-15
140.0	0.1646E-15
145.3	0.1859E-15
150.8	0.2096E-15
156.6	0.2356E-15
162.5	0.2643E-15
168.7	0.2958E-15
175.1	0.3304E-15
181.8	0.3683E-15
188.7	0.4098E-15
195.9	0.4551E-15
203.4	0.5046E-15
211.1	0.5584E-15
219.2	0.6171E-15
227.5	0.6808E-15
236.2	0.7500E-15
245.2	0.8250E-15
254.5	0.9063E-15
264.2	0.9942E-15
274.3	0.1089E-14
284.7	0.1192E-14
295.6	0.1303E-14
306.8	0.1422E-14
318.5	0.1550E-14
330.6	0.1688E-14
343.2	0.1836E-14
356.3	0.1995E-14
369.9	0.2166E-14
384.0	0.2349E-14
398.6	0.2544E-14
413.8	0.2753E-14
429.5	0.2976E-14
445.9	0.3214E-14
462.9	0.3468E-14
480.5	0.3738E-14
498.8	0.4025E-14
517.8	0.4330E-14
537.5	0.4654E-14
558.0	0.4998E-14
579.2	0.5362E-14
601.3	0.5747E-14
624.2	0.6155E-14
648.0	0.6586E-14
672.6	0.7041E-14
698.3	0.7520E-14
724.9	0.8025E-14
752.5	0.8557E-14
781.1	0.9116E-14
810.9	0.9703E-14
841.8	0.1032E-13
873.8	0.1096E-13
907.1	0.1164E-13
941.6	0.1235E-13
977.5	0.1308E-13
1015.	0.1386E-13
1053.	0.1466E-13
1094.	0.1550E-13
1135.	0.1637E-13
1178.	0.1727E-13
1223.	0.1821E-13
1270.	0.1918E-13
1318.	0.2019E-13
1368.	0.2123E-13
1421.	0.2230E-13
1475.	0.2341E-13
1531.	0.2456E-13
1589.	0.2573E-13
1650.	0.2694E-13
1712.	0.2818E-13
1778.	0.2945E-13
1845.	0.3075E-13
1916.	0.3207E-13
1989.	0.3343E-13
2064.	0.3481E-13
2143.	0.3621E-13
2225.	0.3763E-13
2309.	0.3908E-13
2397.	0.4054E-13
2489.	0.4201E-13
2583.	0.4350E-13
2682.	0.4501E-13
2784.	0.4651E-13
2890.	0.4803E-13
3000.	0.4955E-13
 
 
C6    C2H6    Excitation    7.53 eV                             
E/N (Td)	Rate coefficient (m3/s)
0.1000E-02	0.000
0.1038E-02	0.000
0.1078E-02	0.000
0.1119E-02	0.000
0.1161E-02	0.000
0.1205E-02	0.000
0.1251E-02	0.000
0.1299E-02	0.000
0.1349E-02	0.000
0.1400E-02	0.000
0.1453E-02	0.000
0.1509E-02	0.000
0.1566E-02	0.000
0.1626E-02	0.000
0.1688E-02	0.000
0.1752E-02	0.000
0.1819E-02	0.000
0.1888E-02	0.000
0.1960E-02	0.000
0.2034E-02	0.000
0.2112E-02	0.000
0.2192E-02	0.000
0.2276E-02	0.000
0.2362E-02	0.000
0.2452E-02	0.000
0.2546E-02	0.000
0.2643E-02	0.000
0.2743E-02	0.000
0.2848E-02	0.000
0.2956E-02	0.000
0.3069E-02	0.000
0.3186E-02	0.000
0.3307E-02	0.000
0.3433E-02	0.000
0.3564E-02	0.000
0.3700E-02	0.000
0.3841E-02	0.000
0.3987E-02	0.000
0.4139E-02	0.000
0.4296E-02	0.000
0.4460E-02	0.000
0.4630E-02	0.000
0.4806E-02	0.000
0.4989E-02	0.000
0.5179E-02	0.000
0.5377E-02	0.000
0.5581E-02	0.000
0.5794E-02	0.000
0.6015E-02	0.000
0.6244E-02	0.000
0.6481E-02	0.000
0.6728E-02	0.000
0.6985E-02	0.000
0.7251E-02	0.000
0.7527E-02	0.000
0.7813E-02	0.000
0.8111E-02	0.000
0.8420E-02	0.000
0.8741E-02	0.000
0.9073E-02	0.000
0.9419E-02	0.000
0.9778E-02	0.000
0.1015E-01	0.000
0.1054E-01	0.000
0.1094E-01	0.000
0.1135E-01	0.000
0.1179E-01	0.000
0.1224E-01	0.000
0.1270E-01	0.000
0.1319E-01	0.000
0.1369E-01	0.000
0.1421E-01	0.000
0.1475E-01	0.000
0.1531E-01	0.000
0.1590E-01	0.000
0.1650E-01	0.000
0.1713E-01	0.000
0.1778E-01	0.000
0.1846E-01	0.000
0.1916E-01	0.000
0.1989E-01	0.000
0.2065E-01	0.000
0.2144E-01	0.000
0.2225E-01	0.000
0.2310E-01	0.000
0.2398E-01	0.000
0.2489E-01	0.000
0.2584E-01	0.000
0.2682E-01	0.000
0.2785E-01	0.000
0.2891E-01	0.000
0.3001E-01	0.000
0.3115E-01	0.000
0.3234E-01	0.000
0.3357E-01	0.000
0.3485E-01	0.000
0.3617E-01	0.000
0.3755E-01	0.000
0.3898E-01	0.000
0.4047E-01	0.000
0.4201E-01	0.000
0.4361E-01	0.000
0.4527E-01	0.000
0.4699E-01	0.000
0.4878E-01	0.000
0.5064E-01	0.000
0.5257E-01	0.000
0.5457E-01	0.000
0.5665E-01	0.000
0.5881E-01	0.000
0.6105E-01	0.000
0.6337E-01	0.000
0.6579E-01	0.000
0.6829E-01	0.000
0.7089E-01	0.000
0.7359E-01	0.000
0.7640E-01	0.000
0.7931E-01	0.000
0.8233E-01	0.000
0.8546E-01	0.000
0.8872E-01	0.000
0.9210E-01	0.000
0.9560E-01	0.000
0.9924E-01	0.000
0.1030	0.000
0.1069	0.000
0.1110	0.000
0.1152	0.000
0.1196	0.000
0.1242	0.000
0.1289	0.000
0.1338	0.000
0.1389	0.000
0.1442	0.000
0.1497	0.000
0.1554	0.000
0.1613	0.000
0.1675	0.000
0.1739	0.000
0.1805	0.000
0.1874	0.000
0.1945	0.000
0.2019	0.000
0.2096	0.000
0.2176	0.000
0.2259	0.000
0.2345	0.000
0.2434	0.000
0.2527	0.000
0.2623	0.000
0.2723	0.000
0.2826	0.000
0.2934	0.000
0.3046	0.000
0.3162	0.000
0.3282	0.000
0.3407	0.000
0.3537	0.000
0.3672	0.000
0.3812	0.000
0.3957	0.000
0.4107	0.000
0.4264	0.000
0.4426	0.000
0.4595	0.000
0.4770	0.000
0.4952	0.000
0.5140	0.000
0.5336	0.000
0.5539	0.000
0.5750	0.000
0.5969	0.000
0.6196	0.000
0.6432	0.000
0.6677	0.000
0.6932	0.000
0.7196	0.000
0.7470	0.000
0.7754	0.000
0.8050	0.000
0.8356	0.000
0.8674	0.000
0.9005	0.000
0.9348	0.000
0.9704	0.000
1.007	0.000
1.046	0.000
1.086	0.000
1.127	0.000
1.170	0.000
1.214	0.000
1.261	0.000
1.309	0.000
1.358	0.000
1.410	0.000
1.464	0.000
1.520	0.000
1.578	0.000
1.638	0.000
1.700	0.000
1.765	0.000
1.832	0.000
1.902	0.000
1.974	0.000
2.049	0.000
2.127	0.000
2.208	0.000
2.293	0.000
2.380	0.000
2.470	0.000
2.565	0.000
2.662	0.000
2.764	0.000
2.869	0.000
2.978	0.000
3.092	0.000
3.209	0.000
3.332	0.000
3.458	0.000
3.590	0.000
3.727	0.000
3.869	0.000
4.016	0.000
4.169	0.000
4.328	0.000
4.493	0.000
4.664	0.000
4.841	0.000
5.026	0.000
5.217	0.000
5.416	0.000
5.622	0.000
5.836	0.000
6.059	0.000
6.289	0.000
6.529	0.000
6.778	0.000
7.036	0.000
7.304	0.000
7.582	0.000
7.871	0.000
8.170	0.000
8.482	0.000
8.805	0.000
9.140	0.000
9.488	0.000
9.849	0.000
10.22	0.000
10.61	0.000
11.02	0.000
11.44	0.000
11.87	0.000
12.33	0.000
12.80	0.000
13.28	0.000
13.79	0.000
14.31	0.8336E-25
14.86	0.2860E-24
15.42	0.9315E-24
16.01	0.2885E-23
16.62	0.8503E-23
17.25	0.2427E-22
17.91	0.6522E-22
18.59	0.1676E-21
19.30	0.4123E-21
20.04	0.9720E-21
20.80	0.2199E-20
21.59	0.4788E-20
22.42	0.1001E-19
23.27	0.2017E-19
24.16	0.3919E-19
25.08	0.7351E-19
26.03	0.1333E-18
27.02	0.2341E-18
28.05	0.3980E-18
29.12	0.6566E-18
30.23	0.1052E-17
31.38	0.1639E-17
32.57	0.2485E-17
33.82	0.3672E-17
35.10	0.5296E-17
36.44	0.7463E-17
37.83	0.1029E-16
39.27	0.1389E-16
40.76	0.1839E-16
42.32	0.2392E-16
43.93	0.3058E-16
45.60	0.3850E-16
47.34	0.4777E-16
49.14	0.5850E-16
51.01	0.7077E-16
52.96	0.8467E-16
54.97	0.1003E-15
57.07	0.1177E-15
59.24	0.1369E-15
61.50	0.1581E-15
63.84	0.1813E-15
66.27	0.2065E-15
68.79	0.2339E-15
71.41	0.2635E-15
74.13	0.2955E-15
76.96	0.3298E-15
79.89	0.3666E-15
82.93	0.4060E-15
86.09	0.4481E-15
89.37	0.4929E-15
92.77	0.5406E-15
96.31	0.5913E-15
99.97	0.6451E-15
103.8	0.7021E-15
107.7	0.7623E-15
111.8	0.8261E-15
116.1	0.8933E-15
120.5	0.9642E-15
125.1	0.1039E-14
129.9	0.1117E-14
134.8	0.1200E-14
140.0	0.1287E-14
145.3	0.1378E-14
150.8	0.1473E-14
156.6	0.1573E-14
162.5	0.1677E-14
168.7	0.1786E-14
175.1	0.1900E-14
181.8	0.2019E-14
188.7	0.2143E-14
195.9	0.2272E-14
203.4	0.2407E-14
211.1	0.2547E-14
219.2	0.2692E-14
227.5	0.2843E-14
236.2	0.3000E-14
245.2	0.3163E-14
254.5	0.3332E-14
264.2	0.3507E-14
274.3	0.3688E-14
284.7	0.3876E-14
295.6	0.4070E-14
306.8	0.4271E-14
318.5	0.4479E-14
330.6	0.4695E-14
343.2	0.4917E-14
356.3	0.5147E-14
369.9	0.5384E-14
384.0	0.5629E-14
398.6	0.5882E-14
413.8	0.6144E-14
429.5	0.6413E-14
445.9	0.6692E-14
462.9	0.6979E-14
480.5	0.7275E-14
498.8	0.7581E-14
517.8	0.7897E-14
537.5	0.8222E-14
558.0	0.8557E-14
579.2	0.8903E-14
601.3	0.9260E-14
624.2	0.9628E-14
648.0	0.1001E-13
672.6	0.1040E-13
698.3	0.1080E-13
724.9	0.1122E-13
752.5	0.1164E-13
781.1	0.1208E-13
810.9	0.1254E-13
841.8	0.1301E-13
873.8	0.1349E-13
907.1	0.1398E-13
941.6	0.1449E-13
977.5	0.1502E-13
1015.	0.1556E-13
1053.	0.1611E-13
1094.	0.1668E-13
1135.	0.1727E-13
1178.	0.1787E-13
1223.	0.1848E-13
1270.	0.1911E-13
1318.	0.1976E-13
1368.	0.2042E-13
1421.	0.2110E-13
1475.	0.2180E-13
1531.	0.2251E-13
1589.	0.2324E-13
1650.	0.2398E-13
1712.	0.2474E-13
1778.	0.2551E-13
1845.	0.2629E-13
1916.	0.2709E-13
1989.	0.2791E-13
2064.	0.2874E-13
2143.	0.2958E-13
2225.	0.3043E-13
2309.	0.3129E-13
2397.	0.3217E-13
2489.	0.3305E-13
2583.	0.3394E-13
2682.	0.3485E-13
2784.	0.3576E-13
2890.	0.3668E-13
3000.	0.3760E-13
 
 
C7    C2H6    Ionization    12.70 eV                            
E/N (Td)	Rate coefficient (m3/s)
0.1000E-02	0.000
0.1038E-02	0.000
0.1078E-02	0.000
0.1119E-02	0.000
0.1161E-02	0.000
0.1205E-02	0.000
0.1251E-02	0.000
0.1299E-02	0.000
0.1349E-02	0.000
0.1400E-02	0.000
0.1453E-02	0.000
0.1509E-02	0.000
0.1566E-02	0.000
0.1626E-02	0.000
0.1688E-02	0.000
0.1752E-02	0.000
0.1819E-02	0.000
0.1888E-02	0.000
0.1960E-02	0.000
0.2034E-02	0.000
0.2112E-02	0.000
0.2192E-02	0.000
0.2276E-02	0.000
0.2362E-02	0.000
0.2452E-02	0.000
0.2546E-02	0.000
0.2643E-02	0.000
0.2743E-02	0.000
0.2848E-02	0.000
0.2956E-02	0.000
0.3069E-02	0.000
0.3186E-02	0.000
0.3307E-02	0.000
0.3433E-02	0.000
0.3564E-02	0.000
0.3700E-02	0.000
0.3841E-02	0.000
0.3987E-02	0.000
0.4139E-02	0.000
0.4296E-02	0.000
0.4460E-02	0.000
0.4630E-02	0.000
0.4806E-02	0.000
0.4989E-02	0.000
0.5179E-02	0.000
0.5377E-02	0.000
0.5581E-02	0.000
0.5794E-02	0.000
0.6015E-02	0.000
0.6244E-02	0.000
0.6481E-02	0.000
0.6728E-02	0.000
0.6985E-02	0.000
0.7251E-02	0.000
0.7527E-02	0.000
0.7813E-02	0.000
0.8111E-02	0.000
0.8420E-02	0.000
0.8741E-02	0.000
0.9073E-02	0.000
0.9419E-02	0.000
0.9778E-02	0.000
0.1015E-01	0.000
0.1054E-01	0.000
0.1094E-01	0.000
0.1135E-01	0.000
0.1179E-01	0.000
0.1224E-01	0.000
0.1270E-01	0.000
0.1319E-01	0.000
0.1369E-01	0.000
0.1421E-01	0.000
0.1475E-01	0.000
0.1531E-01	0.000
0.1590E-01	0.000
0.1650E-01	0.000
0.1713E-01	0.000
0.1778E-01	0.000
0.1846E-01	0.000
0.1916E-01	0.000
0.1989E-01	0.000
0.2065E-01	0.000
0.2144E-01	0.000
0.2225E-01	0.000
0.2310E-01	0.000
0.2398E-01	0.000
0.2489E-01	0.000
0.2584E-01	0.000
0.2682E-01	0.000
0.2785E-01	0.000
0.2891E-01	0.000
0.3001E-01	0.000
0.3115E-01	0.000
0.3234E-01	0.000
0.3357E-01	0.000
0.3485E-01	0.000
0.3617E-01	0.000
0.3755E-01	0.000
0.3898E-01	0.000
0.4047E-01	0.000
0.4201E-01	0.000
0.4361E-01	0.000
0.4527E-01	0.000
0.4699E-01	0.000
0.4878E-01	0.000
0.5064E-01	0.000
0.5257E-01	0.000
0.5457E-01	0.000
0.5665E-01	0.000
0.5881E-01	0.000
0.6105E-01	0.000
0.6337E-01	0.000
0.6579E-01	0.000
0.6829E-01	0.000
0.7089E-01	0.000
0.7359E-01	0.000
0.7640E-01	0.000
0.7931E-01	0.000
0.8233E-01	0.000
0.8546E-01	0.000
0.8872E-01	0.000
0.9210E-01	0.000
0.9560E-01	0.000
0.9924E-01	0.000
0.1030	0.000
0.1069	0.000
0.1110	0.000
0.1152	0.000
0.1196	0.000
0.1242	0.000
0.1289	0.000
0.1338	0.000
0.1389	0.000
0.1442	0.000
0.1497	0.000
0.1554	0.000
0.1613	0.000
0.1675	0.000
0.1739	0.000
0.1805	0.000
0.1874	0.000
0.1945	0.000
0.2019	0.000
0.2096	0.000
0.2176	0.000
0.2259	0.000
0.2345	0.000
0.2434	0.000
0.2527	0.000
0.2623	0.000
0.2723	0.000
0.2826	0.000
0.2934	0.000
0.3046	0.000
0.3162	0.000
0.3282	0.000
0.3407	0.000
0.3537	0.000
0.3672	0.000
0.3812	0.000
0.3957	0.000
0.4107	0.000
0.4264	0.000
0.4426	0.000
0.4595	0.000
0.4770	0.000
0.4952	0.000
0.5140	0.000
0.5336	0.000
0.5539	0.000
0.5750	0.000
0.5969	0.000
0.6196	0.000
0.6432	0.000
0.6677	0.000
0.6932	0.000
0.7196	0.000
0.7470	0.000
0.7754	0.000
0.8050	0.000
0.8356	0.000
0.8674	0.000
0.9005	0.000
0.9348	0.000
0.9704	0.000
1.007	0.000
1.046	0.000
1.086	0.000
1.127	0.000
1.170	0.000
1.214	0.000
1.261	0.000
1.309	0.000
1.358	0.000
1.410	0.000
1.464	0.000
1.520	0.000
1.578	0.000
1.638	0.000
1.700	0.000
1.765	0.000
1.832	0.000
1.902	0.000
1.974	0.000
2.049	0.000
2.127	0.000
2.208	0.000
2.293	0.000
2.380	0.000
2.470	0.000
2.565	0.000
2.662	0.000
2.764	0.000
2.869	0.000
2.978	0.000
3.092	0.000
3.209	0.000
3.332	0.000
3.458	0.000
3.590	0.000
3.727	0.000
3.869	0.000
4.016	0.000
4.169	0.000
4.328	0.000
4.493	0.000
4.664	0.000
4.841	0.000
5.026	0.000
5.217	0.000
5.416	0.000
5.622	0.000
5.836	0.000
6.059	0.000
6.289	0.000
6.529	0.000
6.778	0.000
7.036	0.000
7.304	0.000
7.582	0.000
7.871	0.000
8.170	0.000
8.482	0.000
8.805	0.000
9.140	0.000
9.488	0.000
9.849	0.000
10.22	0.000
10.61	0.000
11.02	0.000
11.44	0.000
11.87	0.000
12.33	0.000
12.80	0.000
13.28	0.000
13.79	0.000
14.31	0.000
14.86	0.000
15.42	0.000
16.01	0.000
16.62	0.000
17.25	0.000
17.91	0.000
18.59	0.000
19.30	0.000
20.04	0.000
20.80	0.000
21.59	0.000
22.42	0.000
23.27	0.000
24.16	0.000
25.08	0.000
26.03	0.000
27.02	0.1101E-25
28.05	0.3610E-25
29.12	0.1116E-24
30.23	0.3263E-24
31.38	0.9037E-24
32.57	0.2377E-23
33.82	0.5948E-23
35.10	0.1420E-22
36.44	0.3266E-22
37.83	0.7142E-22
39.27	0.1500E-21
40.76	0.3032E-21
42.32	0.5909E-21
43.93	0.1113E-20
45.60	0.2030E-20
47.34	0.3593E-20
49.14	0.6180E-20
51.01	0.1037E-19
52.96	0.1694E-19
54.97	0.2704E-19
57.07	0.4225E-19
59.24	0.6468E-19
61.50	0.9716E-19
63.84	0.1434E-18
66.27	0.2081E-18
68.79	0.2974E-18
71.41	0.4187E-18
74.13	0.5818E-18
76.96	0.7977E-18
79.89	0.1081E-17
82.93	0.1447E-17
86.09	0.1917E-17
89.37	0.2514E-17
92.77	0.3265E-17
96.31	0.4203E-17
99.97	0.5364E-17
103.8	0.6790E-17
107.7	0.8529E-17
111.8	0.1064E-16
116.1	0.1317E-16
120.5	0.1620E-16
125.1	0.1981E-16
129.9	0.2407E-16
134.8	0.2908E-16
140.0	0.3495E-16
145.3	0.4179E-16
150.8	0.4971E-16
156.6	0.5887E-16
162.5	0.6940E-16
168.7	0.8146E-16
175.1	0.9523E-16
181.8	0.1109E-15
188.7	0.1286E-15
195.9	0.1487E-15
203.4	0.1713E-15
211.1	0.1967E-15
219.2	0.2252E-15
227.5	0.2570E-15
236.2	0.2924E-15
245.2	0.3319E-15
254.5	0.3756E-15
264.2	0.4241E-15
274.3	0.4776E-15
284.7	0.5367E-15
295.6	0.6018E-15
306.8	0.6732E-15
318.5	0.7516E-15
330.6	0.8376E-15
343.2	0.9315E-15
356.3	0.1034E-14
369.9	0.1146E-14
384.0	0.1268E-14
398.6	0.1400E-14
413.8	0.1544E-14
429.5	0.1701E-14
445.9	0.1870E-14
462.9	0.2054E-14
480.5	0.2252E-14
498.8	0.2466E-14
517.8	0.2697E-14
537.5	0.2947E-14
558.0	0.3215E-14
579.2	0.3504E-14
601.3	0.3815E-14
624.2	0.4149E-14
648.0	0.4507E-14
672.6	0.4892E-14
698.3	0.5304E-14
724.9	0.5745E-14
752.5	0.6217E-14
781.1	0.6722E-14
810.9	0.7261E-14
841.8	0.7837E-14
873.8	0.8451E-14
907.1	0.9106E-14
941.6	0.9804E-14
977.5	0.1055E-13
1015.	0.1134E-13
1053.	0.1218E-13
1094.	0.1307E-13
1135.	0.1401E-13
1178.	0.1502E-13
1223.	0.1608E-13
1270.	0.1721E-13
1318.	0.1840E-13
1368.	0.1966E-13
1421.	0.2099E-13
1475.	0.2239E-13
1531.	0.2388E-13
1589.	0.2544E-13
1650.	0.2709E-13
1712.	0.2882E-13
1778.	0.3064E-13
1845.	0.3256E-13
1916.	0.3457E-13
1989.	0.3668E-13
2064.	0.3889E-13
2143.	0.4120E-13
2225.	0.4363E-13
2309.	0.4616E-13
2397.	0.4881E-13
2489.	0.5157E-13
2583.	0.5445E-13
2682.	0.5745E-13
2784.	0.6057E-13
2890.	0.6382E-13
3000.	0.6720E-13
 
 
C1    C2H6    Attachment                                        
E/N (Td)	Inverse rate coefficient (m2)
0.1000E-02	0.000
0.1038E-02	0.000
0.1078E-02	0.000
0.1119E-02	0.000
0.1161E-02	0.000
0.1205E-02	0.000
0.1251E-02	0.000
0.1299E-02	0.000
0.1349E-02	0.000
0.1400E-02	0.000
0.1453E-02	0.000
0.1509E-02	0.000
0.1566E-02	0.000
0.1626E-02	0.000
0.1688E-02	0.000
0.1752E-02	0.000
0.1819E-02	0.000
0.1888E-02	0.000
0.1960E-02	0.000
0.2034E-02	0.000
0.2112E-02	0.000
0.2192E-02	0.000
0.2276E-02	0.000
0.2362E-02	0.000
0.2452E-02	0.000
0.2546E-02	0.000
0.2643E-02	0.000
0.2743E-02	0.000
0.2848E-02	0.000
0.2956E-02	0.000
0.3069E-02	0.000
0.3186E-02	0.000
0.3307E-02	0.000
0.3433E-02	0.000
0.3564E-02	0.000
0.3700E-02	0.000
0.3841E-02	0.000
0.3987E-02	0.000
0.4139E-02	0.000
0.4296E-02	0.000
0.4460E-02	0.000
0.4630E-02	0.000
0.4806E-02	0.000
0.4989E-02	0.000
0.5179E-02	0.000
0.5377E-02	0.000
0.5581E-02	0.000
0.5794E-02	0.000
0.6015E-02	0.000
0.6244E-02	0.000
0.6481E-02	0.000
0.6728E-02	0.000
0.6985E-02	0.000
0.7251E-02	0.000
0.7527E-02	0.000
0.7813E-02	0.000
0.8111E-02	0.000
0.8420E-02	0.000
0.8741E-02	0.000
0.9073E-02	0.000
0.9419E-02	0.000
0.9778E-02	0.000
0.1015E-01	0.000
0.1054E-01	0.000
0.1094E-01	0.000
0.1135E-01	0.000
0.1179E-01	0.000
0.1224E-01	0.000
0.1270E-01	0.000
0.1319E-01	0.000
0.1369E-01	0.000
0.1421E-01	0.000
0.1475E-01	0.000
0.1531E-01	0.000
0.1590E-01	0.000
0.1650E-01	0.000
0.1713E-01	0.000
0.1778E-01	0.000
0.1846E-01	0.000
0.1916E-01	0.000
0.1989E-01	0.000
0.2065E-01	0.000
0.2144E-01	0.000
0.2225E-01	0.000
0.2310E-01	0.000
0.2398E-01	0.000
0.2489E-01	0.000
0.2584E-01	0.000
0.2682E-01	0.000
0.2785E-01	0.000
0.2891E-01	0.000
0.3001E-01	0.000
0.3115E-01	0.000
0.3234E-01	0.000
0.3357E-01	0.000
0.3485E-01	0.000
0.3617E-01	0.000
0.3755E-01	0.000
0.3898E-01	0.000
0.4047E-01	0.000
0.4201E-01	0.000
0.4361E-01	0.000
0.4527E-01	0.000
0.4699E-01	0.000
0.4878E-01	0.000
0.5064E-01	0.000
0.5257E-01	0.000
0.5457E-01	0.000
0.5665E-01	0.000
0.5881E-01	0.000
0.6105E-01	0.000
0.6337E-01	0.000
0.6579E-01	0.000
0.6829E-01	0.000
0.7089E-01	0.000
0.7359E-01	0.000
0.7640E-01	0.000
0.7931E-01	0.000
0.8233E-01	0.000
0.8546E-01	0.000
0.8872E-01	0.000
0.9210E-01	0.000
0.9560E-01	0.000
0.9924E-01	0.000
0.1030	0.000
0.1069	0.000
0.1110	0.000
0.1152	0.000
0.1196	0.000
0.1242	0.000
0.1289	0.000
0.1338	0.000
0.1389	0.000
0.1442	0.000
0.1497	0.000
0.1554	0.000
0.1613	0.000
0.1675	0.000
0.1739	0.000
0.1805	0.000
0.1874	0.000
0.1945	0.000
0.2019	0.000
0.2096	0.000
0.2176	0.000
0.2259	0.000
0.2345	0.000
0.2434	0.000
0.2527	0.000
0.2623	0.000
0.2723	0.000
0.2826	0.000
0.2934	0.000
0.3046	0.000
0.3162	0.000
0.3282	0.000
0.3407	0.000
0.3537	0.000
0.3672	0.000
0.3812	0.000
0.3957	0.000
0.4107	0.000
0.4264	0.000
0.4426	0.000
0.4595	0.000
0.4770	0.000
0.4952	0.000
0.5140	0.000
0.5336	0.000
0.5539	0.000
0.5750	0.000
0.5969	0.000
0.6196	0.000
0.6432	0.000
0.6677	0.000
0.6932	0.000
0.7196	0.000
0.7470	0.000
0.7754	0.000
0.8050	0.000
0.8356	0.000
0.8674	0.000
0.9005	0.000
0.9348	0.000
0.9704	0.000
1.007	0.000
1.046	0.000
1.086	0.000
1.127	0.000
1.170	0.000
1.214	0.000
1.261	0.000
1.309	0.000
1.358	0.000
1.410	0.000
1.464	0.000
1.520	0.000
1.578	0.000
1.638	0.000
1.700	0.000
1.765	0.000
1.832	0.000
1.902	0.000
1.974	0.000
2.049	0.000
2.127	0.000
2.208	0.000
2.293	0.000
2.380	0.000
2.470	0.000
2.565	0.000
2.662	0.000
2.764	0.000
2.869	0.000
2.978	0.000
3.092	0.000
3.209	0.000
3.332	0.000
3.458	0.000
3.590	0.000
3.727	0.000
3.869	0.000
4.016	0.000
4.169	0.000
4.328	0.000
4.493	0.000
4.664	0.000
4.841	0.000
5.026	0.000
5.217	0.000
5.416	0.000
5.622	0.000
5.836	0.000
6.059	0.000
6.289	0.000
6.529	0.000
6.778	0.000
7.036	0.000
7.304	0.000
7.582	0.000
7.871	0.000
8.170	0.000
8.482	0.000
8.805	0.000
9.140	0.000
9.488	0.000
9.849	0.000
10.22	0.000
10.61	0.000
11.02	0.000
11.44	0.000
11.87	0.000
12.33	0.000
12.80	0.000
13.28	0.000
13.79	0.000
14.31	0.000
14.86	0.000
15.42	0.000
16.01	0.000
16.62	0.000
17.25	0.000
17.91	0.000
18.59	0.000
19.30	0.000
20.04	0.000
20.80	0.000
21.59	0.000
22.42	0.000
23.27	0.000
24.16	0.000
25.08	0.000
26.03	0.000
27.02	0.000
28.05	0.000
29.12	0.000
30.23	0.000
31.38	0.000
32.57	0.000
33.82	0.000
35.10	0.000
36.44	0.000
37.83	0.000
39.27	0.000
40.76	0.000
42.32	0.000
43.93	0.000
45.60	0.000
47.34	0.000
49.14	0.000
51.01	0.000
52.96	0.000
54.97	0.000
57.07	0.000
59.24	0.000
61.50	0.000
63.84	0.000
66.27	0.000
68.79	0.000
71.41	0.000
74.13	0.000
76.96	0.000
79.89	0.000
82.93	0.000
86.09	0.000
89.37	0.000
92.77	0.000
96.31	0.000
99.97	0.000
103.8	0.000
107.7	0.000
111.8	0.000
116.1	0.000
120.5	0.000
125.1	0.000
129.9	0.000
134.8	0.000
140.0	0.000
145.3	0.000
150.8	0.000
156.6	0.000
162.5	0.000
168.7	0.000
175.1	0.000
181.8	0.000
188.7	0.000
195.9	0.000
203.4	0.000
211.1	0.000
219.2	0.000
227.5	0.000
236.2	0.000
245.2	0.000
254.5	0.000
264.2	0.000
274.3	0.000
284.7	0.000
295.6	0.000
306.8	0.000
318.5	0.000
330.6	0.000
343.2	0.000
356.3	0.000
369.9	0.000
384.0	0.000
398.6	0.000
413.8	0.000
429.5	0.000
445.9	0.000
462.9	0.000
480.5	0.000
498.8	0.000
517.8	0.000
537.5	0.000
558.0	0.000
579.2	0.000
601.3	0.000
624.2	0.000
648.0	0.000
672.6	0.000
698.3	0.000
724.9	0.000
752.5	0.000
781.1	0.000
810.9	0.000
841.8	0.000
873.8	0.000
907.1	0.000
941.6	0.000
977.5	0.000
1015.	0.000
1053.	0.000
1094.	0.000
1135.	0.000
1178.	0.000
1223.	0.000
1270.	0.000
1318.	0.000
1368.	0.000
1421.	0.000
1475.	0.000
1531.	0.000
1589.	0.000
1650.	0.000
1712.	0.000
1778.	0.000
1845.	0.000
1916.	0.000
1989.	0.000
2064.	0.000
2143.	0.000
2225.	0.000
2309.	0.000
2397.	0.000
2489.	0.000
2583.	0.000
2682.	0.000
2784.	0.000
2890.	0.000
3000.	0.000
 
 
C2    C2H6    Elastic                                           
E/N (Td)	Inverse rate coefficient (m2)
0.1000E-02	0.000
0.1038E-02	0.000
0.1078E-02	0.000
0.1119E-02	0.000
0.1161E-02	0.000
0.1205E-02	0.000
0.1251E-02	0.000
0.1299E-02	0.000
0.1349E-02	0.000
0.1400E-02	0.000
0.1453E-02	0.000
0.1509E-02	0.000
0.1566E-02	0.000
0.1626E-02	0.000
0.1688E-02	0.000
0.1752E-02	0.000
0.1819E-02	0.000
0.1888E-02	0.000
0.1960E-02	0.000
0.2034E-02	0.000
0.2112E-02	0.000
0.2192E-02	0.000
0.2276E-02	0.000
0.2362E-02	0.000
0.2452E-02	0.000
0.2546E-02	0.000
0.2643E-02	0.000
0.2743E-02	0.000
0.2848E-02	0.000
0.2956E-02	0.000
0.3069E-02	0.000
0.3186E-02	0.000
0.3307E-02	0.000
0.3433E-02	0.000
0.3564E-02	0.000
0.3700E-02	0.000
0.3841E-02	0.000
0.3987E-02	0.000
0.4139E-02	0.000
0.4296E-02	0.000
0.4460E-02	0.000
0.4630E-02	0.000
0.4806E-02	0.000
0.4989E-02	0.000
0.5179E-02	0.000
0.5377E-02	0.000
0.5581E-02	0.000
0.5794E-02	0.000
0.6015E-02	0.000
0.6244E-02	0.000
0.6481E-02	0.000
0.6728E-02	0.000
0.6985E-02	0.000
0.7251E-02	0.000
0.7527E-02	0.000
0.7813E-02	0.000
0.8111E-02	0.000
0.8420E-02	0.000
0.8741E-02	0.000
0.9073E-02	0.000
0.9419E-02	0.000
0.9778E-02	0.000
0.1015E-01	0.000
0.1054E-01	0.000
0.1094E-01	0.000
0.1135E-01	0.000
0.1179E-01	0.000
0.1224E-01	0.000
0.1270E-01	0.000
0.1319E-01	0.000
0.1369E-01	0.000
0.1421E-01	0.000
0.1475E-01	0.000
0.1531E-01	0.000
0.1590E-01	0.000
0.1650E-01	0.000
0.1713E-01	0.000
0.1778E-01	0.000
0.1846E-01	0.000
0.1916E-01	0.000
0.1989E-01	0.000
0.2065E-01	0.000
0.2144E-01	0.000
0.2225E-01	0.000
0.2310E-01	0.000
0.2398E-01	0.000
0.2489E-01	0.000
0.2584E-01	0.000
0.2682E-01	0.000
0.2785E-01	0.000
0.2891E-01	0.000
0.3001E-01	0.000
0.3115E-01	0.000
0.3234E-01	0.000
0.3357E-01	0.000
0.3485E-01	0.000
0.3617E-01	0.000
0.3755E-01	0.000
0.3898E-01	0.000
0.4047E-01	0.000
0.4201E-01	0.000
0.4361E-01	0.000
0.4527E-01	0.000
0.4699E-01	0.000
0.4878E-01	0.000
0.5064E-01	0.000
0.5257E-01	0.000
0.5457E-01	0.000
0.5665E-01	0.000
0.5881E-01	0.000
0.6105E-01	0.000
0.6337E-01	0.000
0.6579E-01	0.000
0.6829E-01	0.000
0.7089E-01	0.000
0.7359E-01	0.000
0.7640E-01	0.000
0.7931E-01	0.000
0.8233E-01	0.000
0.8546E-01	0.000
0.8872E-01	0.000
0.9210E-01	0.000
0.9560E-01	0.000
0.9924E-01	0.000
0.1030	0.000
0.1069	0.000
0.1110	0.000
0.1152	0.000
0.1196	0.000
0.1242	0.000
0.1289	0.000
0.1338	0.000
0.1389	0.000
0.1442	0.000
0.1497	0.000
0.1554	0.000
0.1613	0.000
0.1675	0.000
0.1739	0.000
0.1805	0.000
0.1874	0.000
0.1945	0.000
0.2019	0.000
0.2096	0.000
0.2176	0.000
0.2259	0.000
0.2345	0.000
0.2434	0.000
0.2527	0.000
0.2623	0.000
0.2723	0.000
0.2826	0.000
0.2934	0.000
0.3046	0.000
0.3162	0.000
0.3282	0.000
0.3407	0.000
0.3537	0.000
0.3672	0.000
0.3812	0.000
0.3957	0.000
0.4107	0.000
0.4264	0.000
0.4426	0.000
0.4595	0.000
0.4770	0.000
0.4952	0.000
0.5140	0.000
0.5336	0.000
0.5539	0.000
0.5750	0.000
0.5969	0.000
0.6196	0.000
0.6432	0.000
0.6677	0.000
0.6932	0.000
0.7196	0.000
0.7470	0.000
0.7754	0.000
0.8050	0.000
0.8356	0.000
0.8674	0.000
0.9005	0.000
0.9348	0.000
0.9704	0.000
1.007	0.000
1.046	0.000
1.086	0.000
1.127	0.000
1.170	0.000
1.214	0.000
1.261	0.000
1.309	0.000
1.358	0.000
1.410	0.000
1.464	0.000
1.520	0.000
1.578	0.000
1.638	0.000
1.700	0.000
1.765	0.000
1.832	0.000
1.902	0.000
1.974	0.000
2.049	0.000
2.127	0.000
2.208	0.000
2.293	0.000
2.380	0.000
2.470	0.000
2.565	0.000
2.662	0.000
2.764	0.000
2.869	0.000
2.978	0.000
3.092	0.000
3.209	0.000
3.332	0.000
3.458	0.000
3.590	0.000
3.727	0.000
3.869	0.000
4.016	0.000
4.169	0.000
4.328	0.000
4.493	0.000
4.664	0.000
4.841	0.000
5.026	0.000
5.217	0.000
5.416	0.000
5.622	0.000
5.836	0.000
6.059	0.000
6.289	0.000
6.529	0.000
6.778	0.000
7.036	0.000
7.304	0.000
7.582	0.000
7.871	0.000
8.170	0.000
8.482	0.000
8.805	0.000
9.140	0.000
9.488	0.000
9.849	0.000
10.22	0.000
10.61	0.000
11.02	0.000
11.44	0.000
11.87	0.000
12.33	0.000
12.80	0.000
13.28	0.000
13.79	0.000
14.31	0.000
14.86	0.000
15.42	0.000
16.01	0.000
16.62	0.000
17.25	0.000
17.91	0.000
18.59	0.000
19.30	0.000
20.04	0.000
20.80	0.000
21.59	0.000
22.42	0.000
23.27	0.000
24.16	0.000
25.08	0.000
26.03	0.000
27.02	0.000
28.05	0.000
29.12	0.000
30.23	0.000
31.38	0.000
32.57	0.000
33.82	0.000
35.10	0.000
36.44	0.000
37.83	0.000
39.27	0.000
40.76	0.000
42.32	0.000
43.93	0.000
45.60	0.000
47.34	0.000
49.14	0.000
51.01	0.000
52.96	0.000
54.97	0.000
57.07	0.000
59.24	0.000
61.50	0.000
63.84	0.000
66.27	0.000
68.79	0.000
71.41	0.000
74.13	0.000
76.96	0.000
79.89	0.000
82.93	0.000
86.09	0.000
89.37	0.000
92.77	0.000
96.31	0.000
99.97	0.000
103.8	0.000
107.7	0.000
111.8	0.000
116.1	0.000
120.5	0.000
125.1	0.000
129.9	0.000
134.8	0.000
140.0	0.000
145.3	0.000
150.8	0.000
156.6	0.000
162.5	0.000
168.7	0.000
175.1	0.000
181.8	0.000
188.7	0.000
195.9	0.000
203.4	0.000
211.1	0.000
219.2	0.000
227.5	0.000
236.2	0.000
245.2	0.000
254.5	0.000
264.2	0.000
274.3	0.000
284.7	0.000
295.6	0.000
306.8	0.000
318.5	0.000
330.6	0.000
343.2	0.000
356.3	0.000
369.9	0.000
384.0	0.000
398.6	0.000
413.8	0.000
429.5	0.000
445.9	0.000
462.9	0.000
480.5	0.000
498.8	0.000
517.8	0.000
537.5	0.000
558.0	0.000
579.2	0.000
601.3	0.000
624.2	0.000
648.0	0.000
672.6	0.000
698.3	0.000
724.9	0.000
752.5	0.000
781.1	0.000
810.9	0.000
841.8	0.000
873.8	0.000
907.1	0.000
941.6	0.000
977.5	0.000
1015.	0.000
1053.	0.000
1094.	0.000
1135.	0.000
1178.	0.000
1223.	0.000
1270.	0.000
1318.	0.000
1368.	0.000
1421.	0.000
1475.	0.000
1531.	0.000
1589.	0.000
1650.	0.000
1712.	0.000
1778.	0.000
1845.	0.000
1916.	0.000
1989.	0.000
2064.	0.000
2143.	0.000
2225.	0.000
2309.	0.000
2397.	0.000
2489.	0.000
2583.	0.000
2682.	0.000
2784.	0.000
2890.	0.000
3000.	0.000
 
 
C3    C2H6    Excitation    0.16 eV                             
E/N (Td)	Inverse rate coefficient (m2)
0.1000E-02	0.3581E-14
0.1038E-02	0.3581E-14
0.1078E-02	0.3581E-14
0.1119E-02	0.3581E-14
0.1161E-02	0.3581E-14
0.1205E-02	0.3581E-14
0.1251E-02	0.3581E-14
0.1299E-02	0.3581E-14
0.1349E-02	0.3581E-14
0.1400E-02	0.3581E-14
0.1453E-02	0.3581E-14
0.1509E-02	0.3580E-14
0.1566E-02	0.3580E-14
0.1626E-02	0.3580E-14
0.1688E-02	0.3580E-14
0.1752E-02	0.3580E-14
0.1819E-02	0.3580E-14
0.1888E-02	0.3580E-14
0.1960E-02	0.3580E-14
0.2034E-02	0.3580E-14
0.2112E-02	0.3580E-14
0.2192E-02	0.3579E-14
0.2276E-02	0.3579E-14
0.2362E-02	0.3579E-14
0.2452E-02	0.3579E-14
0.2546E-02	0.3579E-14
0.2643E-02	0.3579E-14
0.2743E-02	0.3578E-14
0.2848E-02	0.3578E-14
0.2956E-02	0.3578E-14
0.3069E-02	0.3578E-14
0.3186E-02	0.3577E-14
0.3307E-02	0.3577E-14
0.3433E-02	0.3577E-14
0.3564E-02	0.3577E-14
0.3700E-02	0.3576E-14
0.3841E-02	0.3576E-14
0.3987E-02	0.3576E-14
0.4139E-02	0.3575E-14
0.4296E-02	0.3575E-14
0.4460E-02	0.3574E-14
0.4630E-02	0.3574E-14
0.4806E-02	0.3574E-14
0.4989E-02	0.3573E-14
0.5179E-02	0.3573E-14
0.5377E-02	0.3572E-14
0.5581E-02	0.3572E-14
0.5794E-02	0.3572E-14
0.6015E-02	0.3571E-14
0.6244E-02	0.3571E-14
0.6481E-02	0.3570E-14
0.6728E-02	0.3570E-14
0.6985E-02	0.3569E-14
0.7251E-02	0.3569E-14
0.7527E-02	0.3568E-14
0.7813E-02	0.3568E-14
0.8111E-02	0.3568E-14
0.8420E-02	0.3567E-14
0.8741E-02	0.3567E-14
0.9073E-02	0.3567E-14
0.9419E-02	0.3567E-14
0.9778E-02	0.3566E-14
0.1015E-01	0.3566E-14
0.1054E-01	0.3566E-14
0.1094E-01	0.3566E-14
0.1135E-01	0.3566E-14
0.1179E-01	0.3566E-14
0.1224E-01	0.3566E-14
0.1270E-01	0.3566E-14
0.1319E-01	0.3566E-14
0.1369E-01	0.3567E-14
0.1421E-01	0.3567E-14
0.1475E-01	0.3567E-14
0.1531E-01	0.3568E-14
0.1590E-01	0.3568E-14
0.1650E-01	0.3568E-14
0.1713E-01	0.3569E-14
0.1778E-01	0.3569E-14
0.1846E-01	0.3570E-14
0.1916E-01	0.3570E-14
0.1989E-01	0.3571E-14
0.2065E-01	0.3572E-14
0.2144E-01	0.3572E-14
0.2225E-01	0.3573E-14
0.2310E-01	0.3574E-14
0.2398E-01	0.3574E-14
0.2489E-01	0.3575E-14
0.2584E-01	0.3576E-14
0.2682E-01	0.3576E-14
0.2785E-01	0.3577E-14
0.2891E-01	0.3578E-14
0.3001E-01	0.3578E-14
0.3115E-01	0.3579E-14
0.3234E-01	0.3579E-14
0.3357E-01	0.3580E-14
0.3485E-01	0.3580E-14
0.3617E-01	0.3581E-14
0.3755E-01	0.3582E-14
0.3898E-01	0.3582E-14
0.4047E-01	0.3582E-14
0.4201E-01	0.3583E-14
0.4361E-01	0.3583E-14
0.4527E-01	0.3584E-14
0.4699E-01	0.3584E-14
0.4878E-01	0.3584E-14
0.5064E-01	0.3584E-14
0.5257E-01	0.3585E-14
0.5457E-01	0.3585E-14
0.5665E-01	0.3585E-14
0.5881E-01	0.3585E-14
0.6105E-01	0.3585E-14
0.6337E-01	0.3585E-14
0.6579E-01	0.3585E-14
0.6829E-01	0.3585E-14
0.7089E-01	0.3585E-14
0.7359E-01	0.3584E-14
0.7640E-01	0.3584E-14
0.7931E-01	0.3584E-14
0.8233E-01	0.3583E-14
0.8546E-01	0.3583E-14
0.8872E-01	0.3582E-14
0.9210E-01	0.3582E-14
0.9560E-01	0.3581E-14
0.9924E-01	0.3581E-14
0.1030	0.3580E-14
0.1069	0.3579E-14
0.1110	0.3578E-14
0.1152	0.3577E-14
0.1196	0.3576E-14
0.1242	0.3575E-14
0.1289	0.3574E-14
0.1338	0.3573E-14
0.1389	0.3571E-14
0.1442	0.3570E-14
0.1497	0.3569E-14
0.1554	0.3567E-14
0.1613	0.3566E-14
0.1675	0.3564E-14
0.1739	0.3562E-14
0.1805	0.3561E-14
0.1874	0.3559E-14
0.1945	0.3557E-14
0.2019	0.3555E-14
0.2096	0.3553E-14
0.2176	0.3551E-14
0.2259	0.3549E-14
0.2345	0.3547E-14
0.2434	0.3544E-14
0.2527	0.3542E-14
0.2623	0.3539E-14
0.2723	0.3537E-14
0.2826	0.3534E-14
0.2934	0.3532E-14
0.3046	0.3529E-14
0.3162	0.3526E-14
0.3282	0.3524E-14
0.3407	0.3521E-14
0.3537	0.3518E-14
0.3672	0.3515E-14
0.3812	0.3512E-14
0.3957	0.3508E-14
0.4107	0.3505E-14
0.4264	0.3502E-14
0.4426	0.3499E-14
0.4595	0.3495E-14
0.4770	0.3492E-14
0.4952	0.3488E-14
0.5140	0.3485E-14
0.5336	0.3481E-14
0.5539	0.3477E-14
0.5750	0.3474E-14
0.5969	0.3470E-14
0.6196	0.3466E-14
0.6432	0.3462E-14
0.6677	0.3458E-14
0.6932	0.3454E-14
0.7196	0.3450E-14
0.7470	0.3445E-14
0.7754	0.3441E-14
0.8050	0.3436E-14
0.8356	0.3432E-14
0.8674	0.3427E-14
0.9005	0.3423E-14
0.9348	0.3418E-14
0.9704	0.3413E-14
1.007	0.3408E-14
1.046	0.3403E-14
1.086	0.3398E-14
1.127	0.3393E-14
1.170	0.3388E-14
1.214	0.3383E-14
1.261	0.3377E-14
1.309	0.3372E-14
1.358	0.3366E-14
1.410	0.3360E-14
1.464	0.3354E-14
1.520	0.3348E-14
1.578	0.3342E-14
1.638	0.3336E-14
1.700	0.3330E-14
1.765	0.3323E-14
1.832	0.3316E-14
1.902	0.3309E-14
1.974	0.3302E-14
2.049	0.3295E-14
2.127	0.3288E-14
2.208	0.3280E-14
2.293	0.3272E-14
2.380	0.3265E-14
2.470	0.3256E-14
2.565	0.3248E-14
2.662	0.3240E-14
2.764	0.3231E-14
2.869	0.3222E-14
2.978	0.3213E-14
3.092	0.3203E-14
3.209	0.3193E-14
3.332	0.3184E-14
3.458	0.3173E-14
3.590	0.3163E-14
3.727	0.3153E-14
3.869	0.3142E-14
4.016	0.3131E-14
4.169	0.3119E-14
4.328	0.3107E-14
4.493	0.3095E-14
4.664	0.3083E-14
4.841	0.3070E-14
5.026	0.3057E-14
5.217	0.3043E-14
5.416	0.3029E-14
5.622	0.3015E-14
5.836	0.3000E-14
6.059	0.2985E-14
6.289	0.2970E-14
6.529	0.2954E-14
6.778	0.2938E-14
7.036	0.2922E-14
7.304	0.2905E-14
7.582	0.2888E-14
7.871	0.2871E-14
8.170	0.2853E-14
8.482	0.2835E-14
8.805	0.2817E-14
9.140	0.2799E-14
9.488	0.2780E-14
9.849	0.2762E-14
10.22	0.2744E-14
10.61	0.2726E-14
11.02	0.2708E-14
11.44	0.2691E-14
11.87	0.2674E-14
12.33	0.2658E-14
12.80	0.2643E-14
13.28	0.2628E-14
13.79	0.2615E-14
14.31	0.2604E-14
14.86	0.2594E-14
15.42	0.2587E-14
16.01	0.2581E-14
16.62	0.2578E-14
17.25	0.2578E-14
17.91	0.2580E-14
18.59	0.2586E-14
19.30	0.2596E-14
20.04	0.2610E-14
20.80	0.2627E-14
21.59	0.2649E-14
22.42	0.2676E-14
23.27	0.2708E-14
24.16	0.2745E-14
25.08	0.2787E-14
26.03	0.2836E-14
27.02	0.2889E-14
28.05	0.2949E-14
29.12	0.3014E-14
30.23	0.3086E-14
31.38	0.3162E-14
32.57	0.3244E-14
33.82	0.3331E-14
35.10	0.3422E-14
36.44	0.3516E-14
37.83	0.3613E-14
39.27	0.3713E-14
40.76	0.3813E-14
42.32	0.3914E-14
43.93	0.4015E-14
45.60	0.4115E-14
47.34	0.4214E-14
49.14	0.4311E-14
51.01	0.4407E-14
52.96	0.4500E-14
54.97	0.4591E-14
57.07	0.4680E-14
59.24	0.4766E-14
61.50	0.4850E-14
63.84	0.4933E-14
66.27	0.5013E-14
68.79	0.5092E-14
71.41	0.5169E-14
74.13	0.5244E-14
76.96	0.5318E-14
79.89	0.5391E-14
82.93	0.5463E-14
86.09	0.5534E-14
89.37	0.5604E-14
92.77	0.5673E-14
96.31	0.5741E-14
99.97	0.5809E-14
103.8	0.5877E-14
107.7	0.5943E-14
111.8	0.6010E-14
116.1	0.6075E-14
120.5	0.6141E-14
125.1	0.6206E-14
129.9	0.6270E-14
134.8	0.6334E-14
140.0	0.6397E-14
145.3	0.6460E-14
150.8	0.6523E-14
156.6	0.6585E-14
162.5	0.6646E-14
168.7	0.6707E-14
175.1	0.6767E-14
181.8	0.6827E-14
188.7	0.6886E-14
195.9	0.6944E-14
203.4	0.7001E-14
211.1	0.7058E-14
219.2	0.7114E-14
227.5	0.7169E-14
236.2	0.7223E-14
245.2	0.7276E-14
254.5	0.7328E-14
264.2	0.7379E-14
274.3	0.7429E-14
284.7	0.7478E-14
295.6	0.7526E-14
306.8	0.7573E-14
318.5	0.7619E-14
330.6	0.7663E-14
343.2	0.7707E-14
356.3	0.7749E-14
369.9	0.7790E-14
384.0	0.7829E-14
398.6	0.7868E-14
413.8	0.7905E-14
429.5	0.7940E-14
445.9	0.7974E-14
462.9	0.8007E-14
480.5	0.8039E-14
498.8	0.8069E-14
517.8	0.8097E-14
537.5	0.8124E-14
558.0	0.8150E-14
579.2	0.8174E-14
601.3	0.8196E-14
624.2	0.8217E-14
648.0	0.8236E-14
672.6	0.8253E-14
698.3	0.8268E-14
724.9	0.8282E-14
752.5	0.8294E-14
781.1	0.8303E-14
810.9	0.8311E-14
841.8	0.8317E-14
873.8	0.8320E-14
907.1	0.8322E-14
941.6	0.8321E-14
977.5	0.8317E-14
1015.	0.8311E-14
1053.	0.8303E-14
1094.	0.8292E-14
1135.	0.8279E-14
1178.	0.8263E-14
1223.	0.8243E-14
1270.	0.8222E-14
1318.	0.8197E-14
1368.	0.8169E-14
1421.	0.8138E-14
1475.	0.8105E-14
1531.	0.8068E-14
1589.	0.8028E-14
1650.	0.7984E-14
1712.	0.7938E-14
1778.	0.7888E-14
1845.	0.7836E-14
1916.	0.7779E-14
1989.	0.7720E-14
2064.	0.7658E-14
2143.	0.7592E-14
2225.	0.7523E-14
2309.	0.7451E-14
2397.	0.7377E-14
2489.	0.7299E-14
2583.	0.7218E-14
2682.	0.7134E-14
2784.	0.7048E-14
2890.	0.6958E-14
3000.	0.6867E-14
 
 
C4    C2H6    Excitation    0.37 eV                             
E/N (Td)	Inverse rate coefficient (m2)
0.1000E-02	0.1312E-14
0.1038E-02	0.1313E-14
0.1078E-02	0.1313E-14
0.1119E-02	0.1313E-14
0.1161E-02	0.1313E-14
0.1205E-02	0.1313E-14
0.1251E-02	0.1313E-14
0.1299E-02	0.1313E-14
0.1349E-02	0.1314E-14
0.1400E-02	0.1314E-14
0.1453E-02	0.1314E-14
0.1509E-02	0.1314E-14
0.1566E-02	0.1314E-14
0.1626E-02	0.1315E-14
0.1688E-02	0.1315E-14
0.1752E-02	0.1315E-14
0.1819E-02	0.1315E-14
0.1888E-02	0.1316E-14
0.1960E-02	0.1316E-14
0.2034E-02	0.1316E-14
0.2112E-02	0.1317E-14
0.2192E-02	0.1317E-14
0.2276E-02	0.1318E-14
0.2362E-02	0.1318E-14
0.2452E-02	0.1319E-14
0.2546E-02	0.1319E-14
0.2643E-02	0.1320E-14
0.2743E-02	0.1320E-14
0.2848E-02	0.1321E-14
0.2956E-02	0.1322E-14
0.3069E-02	0.1322E-14
0.3186E-02	0.1323E-14
0.3307E-02	0.1324E-14
0.3433E-02	0.1325E-14
0.3564E-02	0.1326E-14
0.3700E-02	0.1327E-14
0.3841E-02	0.1328E-14
0.3987E-02	0.1329E-14
0.4139E-02	0.1330E-14
0.4296E-02	0.1331E-14
0.4460E-02	0.1332E-14
0.4630E-02	0.1333E-14
0.4806E-02	0.1335E-14
0.4989E-02	0.1336E-14
0.5179E-02	0.1337E-14
0.5377E-02	0.1339E-14
0.5581E-02	0.1340E-14
0.5794E-02	0.1342E-14
0.6015E-02	0.1343E-14
0.6244E-02	0.1345E-14
0.6481E-02	0.1346E-14
0.6728E-02	0.1347E-14
0.6985E-02	0.1349E-14
0.7251E-02	0.1350E-14
0.7527E-02	0.1352E-14
0.7813E-02	0.1353E-14
0.8111E-02	0.1354E-14
0.8420E-02	0.1356E-14
0.8741E-02	0.1357E-14
0.9073E-02	0.1358E-14
0.9419E-02	0.1359E-14
0.9778E-02	0.1360E-14
0.1015E-01	0.1361E-14
0.1054E-01	0.1361E-14
0.1094E-01	0.1362E-14
0.1135E-01	0.1362E-14
0.1179E-01	0.1363E-14
0.1224E-01	0.1363E-14
0.1270E-01	0.1363E-14
0.1319E-01	0.1363E-14
0.1369E-01	0.1363E-14
0.1421E-01	0.1363E-14
0.1475E-01	0.1362E-14
0.1531E-01	0.1362E-14
0.1590E-01	0.1361E-14
0.1650E-01	0.1360E-14
0.1713E-01	0.1359E-14
0.1778E-01	0.1358E-14
0.1846E-01	0.1357E-14
0.1916E-01	0.1356E-14
0.1989E-01	0.1355E-14
0.2065E-01	0.1354E-14
0.2144E-01	0.1352E-14
0.2225E-01	0.1351E-14
0.2310E-01	0.1350E-14
0.2398E-01	0.1348E-14
0.2489E-01	0.1347E-14
0.2584E-01	0.1345E-14
0.2682E-01	0.1344E-14
0.2785E-01	0.1343E-14
0.2891E-01	0.1342E-14
0.3001E-01	0.1340E-14
0.3115E-01	0.1339E-14
0.3234E-01	0.1338E-14
0.3357E-01	0.1337E-14
0.3485E-01	0.1336E-14
0.3617E-01	0.1335E-14
0.3755E-01	0.1334E-14
0.3898E-01	0.1333E-14
0.4047E-01	0.1333E-14
0.4201E-01	0.1332E-14
0.4361E-01	0.1332E-14
0.4527E-01	0.1332E-14
0.4699E-01	0.1331E-14
0.4878E-01	0.1331E-14
0.5064E-01	0.1331E-14
0.5257E-01	0.1331E-14
0.5457E-01	0.1332E-14
0.5665E-01	0.1332E-14
0.5881E-01	0.1333E-14
0.6105E-01	0.1333E-14
0.6337E-01	0.1334E-14
0.6579E-01	0.1335E-14
0.6829E-01	0.1336E-14
0.7089E-01	0.1337E-14
0.7359E-01	0.1338E-14
0.7640E-01	0.1340E-14
0.7931E-01	0.1341E-14
0.8233E-01	0.1343E-14
0.8546E-01	0.1345E-14
0.8872E-01	0.1347E-14
0.9210E-01	0.1349E-14
0.9560E-01	0.1351E-14
0.9924E-01	0.1354E-14
0.1030	0.1356E-14
0.1069	0.1359E-14
0.1110	0.1362E-14
0.1152	0.1365E-14
0.1196	0.1368E-14
0.1242	0.1371E-14
0.1289	0.1375E-14
0.1338	0.1378E-14
0.1389	0.1382E-14
0.1442	0.1386E-14
0.1497	0.1390E-14
0.1554	0.1394E-14
0.1613	0.1399E-14
0.1675	0.1403E-14
0.1739	0.1408E-14
0.1805	0.1413E-14
0.1874	0.1418E-14
0.1945	0.1423E-14
0.2019	0.1428E-14
0.2096	0.1434E-14
0.2176	0.1440E-14
0.2259	0.1446E-14
0.2345	0.1452E-14
0.2434	0.1458E-14
0.2527	0.1465E-14
0.2623	0.1472E-14
0.2723	0.1479E-14
0.2826	0.1486E-14
0.2934	0.1493E-14
0.3046	0.1501E-14
0.3162	0.1509E-14
0.3282	0.1517E-14
0.3407	0.1525E-14
0.3537	0.1533E-14
0.3672	0.1542E-14
0.3812	0.1551E-14
0.3957	0.1560E-14
0.4107	0.1570E-14
0.4264	0.1580E-14
0.4426	0.1589E-14
0.4595	0.1600E-14
0.4770	0.1610E-14
0.4952	0.1621E-14
0.5140	0.1632E-14
0.5336	0.1643E-14
0.5539	0.1655E-14
0.5750	0.1667E-14
0.5969	0.1679E-14
0.6196	0.1691E-14
0.6432	0.1704E-14
0.6677	0.1717E-14
0.6932	0.1730E-14
0.7196	0.1743E-14
0.7470	0.1757E-14
0.7754	0.1771E-14
0.8050	0.1786E-14
0.8356	0.1800E-14
0.8674	0.1815E-14
0.9005	0.1830E-14
0.9348	0.1845E-14
0.9704	0.1861E-14
1.007	0.1877E-14
1.046	0.1892E-14
1.086	0.1909E-14
1.127	0.1925E-14
1.170	0.1942E-14
1.214	0.1958E-14
1.261	0.1975E-14
1.309	0.1992E-14
1.358	0.2010E-14
1.410	0.2027E-14
1.464	0.2045E-14
1.520	0.2062E-14
1.578	0.2080E-14
1.638	0.2097E-14
1.700	0.2115E-14
1.765	0.2133E-14
1.832	0.2151E-14
1.902	0.2169E-14
1.974	0.2188E-14
2.049	0.2206E-14
2.127	0.2224E-14
2.208	0.2242E-14
2.293	0.2260E-14
2.380	0.2278E-14
2.470	0.2296E-14
2.565	0.2314E-14
2.662	0.2332E-14
2.764	0.2350E-14
2.869	0.2367E-14
2.978	0.2385E-14
3.092	0.2403E-14
3.209	0.2420E-14
3.332	0.2437E-14
3.458	0.2454E-14
3.590	0.2471E-14
3.727	0.2487E-14
3.869	0.2504E-14
4.016	0.2520E-14
4.169	0.2536E-14
4.328	0.2553E-14
4.493	0.2569E-14
4.664	0.2585E-14
4.841	0.2600E-14
5.026	0.2616E-14
5.217	0.2631E-14
5.416	0.2647E-14
5.622	0.2662E-14
5.836	0.2677E-14
6.059	0.2692E-14
6.289	0.2707E-14
6.529	0.2721E-14
6.778	0.2736E-14
7.036	0.2750E-14
7.304	0.2764E-14
7.582	0.2778E-14
7.871	0.2792E-14
8.170	0.2806E-14
8.482	0.2820E-14
8.805	0.2833E-14
9.140	0.2847E-14
9.488	0.2860E-14
9.849	0.2873E-14
10.22	0.2887E-14
10.61	0.2900E-14
11.02	0.2913E-14
11.44	0.2927E-14
11.87	0.2941E-14
12.33	0.2955E-14
12.80	0.2969E-14
13.28	0.2984E-14
13.79	0.3000E-14
14.31	0.3016E-14
14.86	0.3033E-14
15.42	0.3052E-14
16.01	0.3071E-14
16.62	0.3092E-14
17.25	0.3115E-14
17.91	0.3140E-14
18.59	0.3167E-14
19.30	0.3196E-14
20.04	0.3228E-14
20.80	0.3263E-14
21.59	0.3301E-14
22.42	0.3343E-14
23.27	0.3387E-14
24.16	0.3436E-14
25.08	0.3489E-14
26.03	0.3545E-14
27.02	0.3606E-14
28.05	0.3671E-14
29.12	0.3741E-14
30.23	0.3814E-14
31.38	0.3891E-14
32.57	0.3972E-14
33.82	0.4055E-14
35.10	0.4142E-14
36.44	0.4230E-14
37.83	0.4320E-14
39.27	0.4410E-14
40.76	0.4501E-14
42.32	0.4591E-14
43.93	0.4680E-14
45.60	0.4768E-14
47.34	0.4854E-14
49.14	0.4937E-14
51.01	0.5019E-14
52.96	0.5098E-14
54.97	0.5175E-14
57.07	0.5250E-14
59.24	0.5322E-14
61.50	0.5393E-14
63.84	0.5461E-14
66.27	0.5527E-14
68.79	0.5592E-14
71.41	0.5655E-14
74.13	0.5717E-14
76.96	0.5778E-14
79.89	0.5837E-14
82.93	0.5896E-14
86.09	0.5953E-14
89.37	0.6010E-14
92.77	0.6066E-14
96.31	0.6121E-14
99.97	0.6176E-14
103.8	0.6230E-14
107.7	0.6284E-14
111.8	0.6337E-14
116.1	0.6390E-14
120.5	0.6443E-14
125.1	0.6495E-14
129.9	0.6546E-14
134.8	0.6597E-14
140.0	0.6648E-14
145.3	0.6698E-14
150.8	0.6748E-14
156.6	0.6797E-14
162.5	0.6846E-14
168.7	0.6894E-14
175.1	0.6942E-14
181.8	0.6989E-14
188.7	0.7035E-14
195.9	0.7081E-14
203.4	0.7126E-14
211.1	0.7171E-14
219.2	0.7214E-14
227.5	0.7257E-14
236.2	0.7299E-14
245.2	0.7340E-14
254.5	0.7380E-14
264.2	0.7419E-14
274.3	0.7457E-14
284.7	0.7494E-14
295.6	0.7530E-14
306.8	0.7565E-14
318.5	0.7599E-14
330.6	0.7631E-14
343.2	0.7662E-14
356.3	0.7692E-14
369.9	0.7721E-14
384.0	0.7748E-14
398.6	0.7774E-14
413.8	0.7799E-14
429.5	0.7822E-14
445.9	0.7843E-14
462.9	0.7863E-14
480.5	0.7881E-14
498.8	0.7898E-14
517.8	0.7913E-14
537.5	0.7926E-14
558.0	0.7938E-14
579.2	0.7947E-14
601.3	0.7955E-14
624.2	0.7961E-14
648.0	0.7965E-14
672.6	0.7967E-14
698.3	0.7966E-14
724.9	0.7964E-14
752.5	0.7960E-14
781.1	0.7953E-14
810.9	0.7944E-14
841.8	0.7932E-14
873.8	0.7918E-14
907.1	0.7902E-14
941.6	0.7883E-14
977.5	0.7862E-14
1015.	0.7838E-14
1053.	0.7811E-14
1094.	0.7782E-14
1135.	0.7750E-14
1178.	0.7715E-14
1223.	0.7677E-14
1270.	0.7636E-14
1318.	0.7593E-14
1368.	0.7547E-14
1421.	0.7497E-14
1475.	0.7445E-14
1531.	0.7390E-14
1589.	0.7332E-14
1650.	0.7272E-14
1712.	0.7208E-14
1778.	0.7141E-14
1845.	0.7072E-14
1916.	0.7000E-14
1989.	0.6925E-14
2064.	0.6848E-14
2143.	0.6768E-14
2225.	0.6685E-14
2309.	0.6600E-14
2397.	0.6513E-14
2489.	0.6424E-14
2583.	0.6332E-14
2682.	0.6239E-14
2784.	0.6143E-14
2890.	0.6046E-14
3000.	0.5947E-14
 
 
C5    C2H6    Excitation    10.12 eV                            
E/N (Td)	Inverse rate coefficient (m2)
0.1000E-02	0.4370E-14
0.1038E-02	0.4374E-14
0.1078E-02	0.4375E-14
0.1119E-02	0.4375E-14
0.1161E-02	0.4376E-14
0.1205E-02	0.4376E-14
0.1251E-02	0.4377E-14
0.1299E-02	0.4377E-14
0.1349E-02	0.4378E-14
0.1400E-02	0.4379E-14
0.1453E-02	0.4380E-14
0.1509E-02	0.4381E-14
0.1566E-02	0.4381E-14
0.1626E-02	0.4382E-14
0.1688E-02	0.4383E-14
0.1752E-02	0.4385E-14
0.1819E-02	0.4386E-14
0.1888E-02	0.4387E-14
0.1960E-02	0.4389E-14
0.2034E-02	0.4390E-14
0.2112E-02	0.4392E-14
0.2192E-02	0.4393E-14
0.2276E-02	0.4395E-14
0.2362E-02	0.4397E-14
0.2452E-02	0.4399E-14
0.2546E-02	0.4401E-14
0.2643E-02	0.4404E-14
0.2743E-02	0.4406E-14
0.2848E-02	0.4409E-14
0.2956E-02	0.4412E-14
0.3069E-02	0.4415E-14
0.3186E-02	0.4418E-14
0.3307E-02	0.4421E-14
0.3433E-02	0.4425E-14
0.3564E-02	0.4429E-14
0.3700E-02	0.4433E-14
0.3841E-02	0.4437E-14
0.3987E-02	0.4441E-14
0.4139E-02	0.4446E-14
0.4296E-02	0.4451E-14
0.4460E-02	0.4456E-14
0.4630E-02	0.4461E-14
0.4806E-02	0.4466E-14
0.4989E-02	0.4472E-14
0.5179E-02	0.4477E-14
0.5377E-02	0.4483E-14
0.5581E-02	0.4489E-14
0.5794E-02	0.4496E-14
0.6015E-02	0.4502E-14
0.6244E-02	0.4508E-14
0.6481E-02	0.4515E-14
0.6728E-02	0.4521E-14
0.6985E-02	0.4528E-14
0.7251E-02	0.4534E-14
0.7527E-02	0.4540E-14
0.7813E-02	0.4546E-14
0.8111E-02	0.4552E-14
0.8420E-02	0.4558E-14
0.8741E-02	0.4564E-14
0.9073E-02	0.4569E-14
0.9419E-02	0.4574E-14
0.9778E-02	0.4579E-14
0.1015E-01	0.4583E-14
0.1054E-01	0.4587E-14
0.1094E-01	0.4590E-14
0.1135E-01	0.4593E-14
0.1179E-01	0.4596E-14
0.1224E-01	0.4598E-14
0.1270E-01	0.4599E-14
0.1319E-01	0.4600E-14
0.1369E-01	0.4601E-14
0.1421E-01	0.4601E-14
0.1475E-01	0.4601E-14
0.1531E-01	0.4600E-14
0.1590E-01	0.4599E-14
0.1650E-01	0.4597E-14
0.1713E-01	0.4595E-14
0.1778E-01	0.4592E-14
0.1846E-01	0.4589E-14
0.1916E-01	0.4586E-14
0.1989E-01	0.4583E-14
0.2065E-01	0.4579E-14
0.2144E-01	0.4576E-14
0.2225E-01	0.4572E-14
0.2310E-01	0.4568E-14
0.2398E-01	0.4564E-14
0.2489E-01	0.4560E-14
0.2584E-01	0.4555E-14
0.2682E-01	0.4551E-14
0.2785E-01	0.4547E-14
0.2891E-01	0.4543E-14
0.3001E-01	0.4540E-14
0.3115E-01	0.4536E-14
0.3234E-01	0.4533E-14
0.3357E-01	0.4529E-14
0.3485E-01	0.4526E-14
0.3617E-01	0.4524E-14
0.3755E-01	0.4521E-14
0.3898E-01	0.4519E-14
0.4047E-01	0.4517E-14
0.4201E-01	0.4516E-14
0.4361E-01	0.4515E-14
0.4527E-01	0.4514E-14
0.4699E-01	0.4514E-14
0.4878E-01	0.4514E-14
0.5064E-01	0.4514E-14
0.5257E-01	0.4515E-14
0.5457E-01	0.4516E-14
0.5665E-01	0.4518E-14
0.5881E-01	0.4520E-14
0.6105E-01	0.4523E-14
0.6337E-01	0.4526E-14
0.6579E-01	0.4530E-14
0.6829E-01	0.4534E-14
0.7089E-01	0.4538E-14
0.7359E-01	0.4543E-14
0.7640E-01	0.4549E-14
0.7931E-01	0.4555E-14
0.8233E-01	0.4562E-14
0.8546E-01	0.4569E-14
0.8872E-01	0.4576E-14
0.9210E-01	0.4584E-14
0.9560E-01	0.4593E-14
0.9924E-01	0.4602E-14
0.1030	0.4612E-14
0.1069	0.4622E-14
0.1110	0.4633E-14
0.1152	0.4644E-14
0.1196	0.4656E-14
0.1242	0.4669E-14
0.1289	0.4682E-14
0.1338	0.4696E-14
0.1389	0.4710E-14
0.1442	0.4725E-14
0.1497	0.4741E-14
0.1554	0.4757E-14
0.1613	0.4774E-14
0.1675	0.4792E-14
0.1739	0.4810E-14
0.1805	0.4829E-14
0.1874	0.4849E-14
0.1945	0.4869E-14
0.2019	0.4891E-14
0.2096	0.4913E-14
0.2176	0.4935E-14
0.2259	0.4959E-14
0.2345	0.4983E-14
0.2434	0.5009E-14
0.2527	0.5035E-14
0.2623	0.5062E-14
0.2723	0.5090E-14
0.2826	0.5119E-14
0.2934	0.5149E-14
0.3046	0.5179E-14
0.3162	0.5211E-14
0.3282	0.5244E-14
0.3407	0.5277E-14
0.3537	0.5312E-14
0.3672	0.5348E-14
0.3812	0.5385E-14
0.3957	0.5422E-14
0.4107	0.5462E-14
0.4264	0.5502E-14
0.4426	0.5543E-14
0.4595	0.5585E-14
0.4770	0.5629E-14
0.4952	0.5673E-14
0.5140	0.5719E-14
0.5336	0.5766E-14
0.5539	0.5814E-14
0.5750	0.5863E-14
0.5969	0.5913E-14
0.6196	0.5965E-14
0.6432	0.6017E-14
0.6677	0.6071E-14
0.6932	0.6126E-14
0.7196	0.6182E-14
0.7470	0.6238E-14
0.7754	0.6298E-14
0.8050	0.6357E-14
0.8356	0.6417E-14
0.8674	0.6477E-14
0.9005	0.6537E-14
0.9348	0.6600E-14
0.9704	0.6662E-14
1.007	0.6726E-14
1.046	0.6790E-14
1.086	0.6855E-14
1.127	0.6920E-14
1.170	0.6985E-14
1.214	0.7051E-14
1.261	0.7116E-14
1.309	0.7182E-14
1.358	0.7248E-14
1.410	0.7314E-14
1.464	0.7380E-14
1.520	0.7445E-14
1.578	0.7510E-14
1.638	0.7573E-14
1.700	0.7637E-14
1.765	0.7701E-14
1.832	0.7764E-14
1.902	0.7826E-14
1.974	0.7887E-14
2.049	0.7948E-14
2.127	0.8007E-14
2.208	0.8065E-14
2.293	0.8122E-14
2.380	0.8177E-14
2.470	0.8232E-14
2.565	0.8286E-14
2.662	0.8337E-14
2.764	0.8388E-14
2.869	0.8437E-14
2.978	0.8485E-14
3.092	0.8534E-14
3.209	0.8579E-14
3.332	0.8623E-14
3.458	0.8665E-14
3.590	0.8706E-14
3.727	0.8744E-14
3.869	0.8783E-14
4.016	0.8821E-14
4.169	0.8857E-14
4.328	0.8893E-14
4.493	0.8928E-14
4.664	0.8962E-14
4.841	0.8995E-14
5.026	0.9027E-14
5.217	0.9058E-14
5.416	0.9090E-14
5.622	0.9120E-14
5.836	0.9150E-14
6.059	0.9180E-14
6.289	0.9210E-14
6.529	0.9241E-14
6.778	0.9270E-14
7.036	0.9301E-14
7.304	0.9331E-14
7.582	0.9363E-14
7.871	0.9396E-14
8.170	0.9429E-14
8.482	0.9464E-14
8.805	0.9501E-14
9.140	0.9541E-14
9.488	0.9583E-14
9.849	0.9628E-14
10.22	0.9676E-14
10.61	0.9729E-14
11.02	0.9786E-14
11.44	0.9848E-14
11.87	0.9917E-14
12.33	0.9992E-14
12.80	0.1008E-13
13.28	0.1017E-13
13.79	0.1027E-13
14.31	0.1038E-13
14.86	0.1050E-13
15.42	0.1063E-13
16.01	0.1078E-13
16.62	0.1093E-13
17.25	0.1111E-13
17.91	0.1129E-13
18.59	0.1149E-13
19.30	0.1171E-13
20.04	0.1195E-13
20.80	0.1220E-13
21.59	0.1247E-13
22.42	0.1275E-13
23.27	0.1306E-13
24.16	0.1339E-13
25.08	0.1373E-13
26.03	0.1410E-13
27.02	0.1449E-13
28.05	0.1490E-13
29.12	0.1533E-13
30.23	0.1579E-13
31.38	0.1626E-13
32.57	0.1676E-13
33.82	0.1727E-13
35.10	0.1781E-13
36.44	0.1835E-13
37.83	0.1891E-13
39.27	0.1948E-13
40.76	0.2005E-13
42.32	0.2062E-13
43.93	0.2120E-13
45.60	0.2177E-13
47.34	0.2234E-13
49.14	0.2290E-13
51.01	0.2346E-13
52.96	0.2401E-13
54.97	0.2455E-13
57.07	0.2508E-13
59.24	0.2561E-13
61.50	0.2613E-13
63.84	0.2665E-13
66.27	0.2716E-13
68.79	0.2767E-13
71.41	0.2817E-13
74.13	0.2867E-13
76.96	0.2917E-13
79.89	0.2968E-13
82.93	0.3018E-13
86.09	0.3068E-13
89.37	0.3119E-13
92.77	0.3170E-13
96.31	0.3222E-13
99.97	0.3274E-13
103.8	0.3326E-13
107.7	0.3379E-13
111.8	0.3433E-13
116.1	0.3487E-13
120.5	0.3542E-13
125.1	0.3598E-13
129.9	0.3654E-13
134.8	0.3712E-13
140.0	0.3770E-13
145.3	0.3829E-13
150.8	0.3889E-13
156.6	0.3949E-13
162.5	0.4011E-13
168.7	0.4073E-13
175.1	0.4136E-13
181.8	0.4201E-13
188.7	0.4266E-13
195.9	0.4332E-13
203.4	0.4398E-13
211.1	0.4466E-13
219.2	0.4535E-13
227.5	0.4604E-13
236.2	0.4675E-13
245.2	0.4746E-13
254.5	0.4818E-13
264.2	0.4891E-13
274.3	0.4965E-13
284.7	0.5040E-13
295.6	0.5116E-13
306.8	0.5193E-13
318.5	0.5270E-13
330.6	0.5349E-13
343.2	0.5428E-13
356.3	0.5508E-13
369.9	0.5589E-13
384.0	0.5671E-13
398.6	0.5754E-13
413.8	0.5837E-13
429.5	0.5922E-13
445.9	0.6007E-13
462.9	0.6093E-13
480.5	0.6181E-13
498.8	0.6269E-13
517.8	0.6358E-13
537.5	0.6447E-13
558.0	0.6538E-13
579.2	0.6630E-13
601.3	0.6722E-13
624.2	0.6816E-13
648.0	0.6910E-13
672.6	0.7005E-13
698.3	0.7101E-13
724.9	0.7198E-13
752.5	0.7295E-13
781.1	0.7394E-13
810.9	0.7493E-13
841.8	0.7593E-13
873.8	0.7694E-13
907.1	0.7795E-13
941.6	0.7897E-13
977.5	0.7999E-13
1015.	0.8103E-13
1053.	0.8206E-13
1094.	0.8310E-13
1135.	0.8414E-13
1178.	0.8519E-13
1223.	0.8623E-13
1270.	0.8728E-13
1318.	0.8832E-13
1368.	0.8937E-13
1421.	0.9041E-13
1475.	0.9145E-13
1531.	0.9248E-13
1589.	0.9351E-13
1650.	0.9453E-13
1712.	0.9554E-13
1778.	0.9654E-13
1845.	0.9752E-13
1916.	0.9850E-13
1989.	0.9945E-13
2064.	0.1004E-12
2143.	0.1013E-12
2225.	0.1022E-12
2309.	0.1031E-12
2397.	0.1040E-12
2489.	0.1048E-12
2583.	0.1056E-12
2682.	0.1064E-12
2784.	0.1071E-12
2890.	0.1078E-12
3000.	0.1085E-12
 
 
C6    C2H6    Excitation    7.53 eV                             
E/N (Td)	Inverse rate coefficient (m2)
0.1000E-02	0.7929E-14
0.1038E-02	0.7929E-14
0.1078E-02	0.7930E-14
0.1119E-02	0.7931E-14
0.1161E-02	0.7931E-14
0.1205E-02	0.7932E-14
0.1251E-02	0.7933E-14
0.1299E-02	0.7934E-14
0.1349E-02	0.7935E-14
0.1400E-02	0.7935E-14
0.1453E-02	0.7937E-14
0.1509E-02	0.7938E-14
0.1566E-02	0.7939E-14
0.1626E-02	0.7940E-14
0.1688E-02	0.7941E-14
0.1752E-02	0.7943E-14
0.1819E-02	0.7944E-14
0.1888E-02	0.7946E-14
0.1960E-02	0.7948E-14
0.2034E-02	0.7950E-14
0.2112E-02	0.7952E-14
0.2192E-02	0.7954E-14
0.2276E-02	0.7956E-14
0.2362E-02	0.7959E-14
0.2452E-02	0.7962E-14
0.2546E-02	0.7964E-14
0.2643E-02	0.7967E-14
0.2743E-02	0.7971E-14
0.2848E-02	0.7974E-14
0.2956E-02	0.7978E-14
0.3069E-02	0.7981E-14
0.3186E-02	0.7989E-14
0.3307E-02	0.7993E-14
0.3433E-02	0.7997E-14
0.3564E-02	0.8002E-14
0.3700E-02	0.8007E-14
0.3841E-02	0.8012E-14
0.3987E-02	0.8017E-14
0.4139E-02	0.8023E-14
0.4296E-02	0.8030E-14
0.4460E-02	0.8036E-14
0.4630E-02	0.8042E-14
0.4806E-02	0.8049E-14
0.4989E-02	0.8055E-14
0.5179E-02	0.8062E-14
0.5377E-02	0.8070E-14
0.5581E-02	0.8077E-14
0.5794E-02	0.8084E-14
0.6015E-02	0.8091E-14
0.6244E-02	0.8098E-14
0.6481E-02	0.8105E-14
0.6728E-02	0.8112E-14
0.6985E-02	0.8119E-14
0.7251E-02	0.8126E-14
0.7527E-02	0.8132E-14
0.7813E-02	0.8138E-14
0.8111E-02	0.8144E-14
0.8420E-02	0.8149E-14
0.8741E-02	0.8154E-14
0.9073E-02	0.8158E-14
0.9419E-02	0.8162E-14
0.9778E-02	0.8165E-14
0.1015E-01	0.8167E-14
0.1054E-01	0.8169E-14
0.1094E-01	0.8170E-14
0.1135E-01	0.8171E-14
0.1179E-01	0.8170E-14
0.1224E-01	0.8169E-14
0.1270E-01	0.8167E-14
0.1319E-01	0.8165E-14
0.1369E-01	0.8161E-14
0.1421E-01	0.8157E-14
0.1475E-01	0.8152E-14
0.1531E-01	0.8147E-14
0.1590E-01	0.8141E-14
0.1650E-01	0.8134E-14
0.1713E-01	0.8127E-14
0.1778E-01	0.8119E-14
0.1846E-01	0.8110E-14
0.1916E-01	0.8102E-14
0.1989E-01	0.8093E-14
0.2065E-01	0.8084E-14
0.2144E-01	0.8074E-14
0.2225E-01	0.8065E-14
0.2310E-01	0.8055E-14
0.2398E-01	0.8046E-14
0.2489E-01	0.8036E-14
0.2584E-01	0.8026E-14
0.2682E-01	0.8017E-14
0.2785E-01	0.8008E-14
0.2891E-01	0.7999E-14
0.3001E-01	0.7990E-14
0.3115E-01	0.7982E-14
0.3234E-01	0.7974E-14
0.3357E-01	0.7966E-14
0.3485E-01	0.7959E-14
0.3617E-01	0.7953E-14
0.3755E-01	0.7947E-14
0.3898E-01	0.7941E-14
0.4047E-01	0.7936E-14
0.4201E-01	0.7932E-14
0.4361E-01	0.7929E-14
0.4527E-01	0.7926E-14
0.4699E-01	0.7923E-14
0.4878E-01	0.7922E-14
0.5064E-01	0.7921E-14
0.5257E-01	0.7920E-14
0.5457E-01	0.7921E-14
0.5665E-01	0.7922E-14
0.5881E-01	0.7924E-14
0.6105E-01	0.7926E-14
0.6337E-01	0.7930E-14
0.6579E-01	0.7934E-14
0.6829E-01	0.7939E-14
0.7089E-01	0.7944E-14
0.7359E-01	0.7950E-14
0.7640E-01	0.7958E-14
0.7931E-01	0.7965E-14
0.8233E-01	0.7974E-14
0.8546E-01	0.7983E-14
0.8872E-01	0.7993E-14
0.9210E-01	0.8004E-14
0.9560E-01	0.8015E-14
0.9924E-01	0.8028E-14
0.1030	0.8041E-14
0.1069	0.8055E-14
0.1110	0.8069E-14
0.1152	0.8084E-14
0.1196	0.8100E-14
0.1242	0.8117E-14
0.1289	0.8135E-14
0.1338	0.8153E-14
0.1389	0.8172E-14
0.1442	0.8192E-14
0.1497	0.8213E-14
0.1554	0.8234E-14
0.1613	0.8256E-14
0.1675	0.8279E-14
0.1739	0.8303E-14
0.1805	0.8327E-14
0.1874	0.8353E-14
0.1945	0.8379E-14
0.2019	0.8405E-14
0.2096	0.8433E-14
0.2176	0.8461E-14
0.2259	0.8490E-14
0.2345	0.8520E-14
0.2434	0.8551E-14
0.2527	0.8582E-14
0.2623	0.8615E-14
0.2723	0.8647E-14
0.2826	0.8681E-14
0.2934	0.8715E-14
0.3046	0.8750E-14
0.3162	0.8786E-14
0.3282	0.8823E-14
0.3407	0.8860E-14
0.3537	0.8899E-14
0.3672	0.8937E-14
0.3812	0.8977E-14
0.3957	0.9017E-14
0.4107	0.9058E-14
0.4264	0.9100E-14
0.4426	0.9139E-14
0.4595	0.9181E-14
0.4770	0.9225E-14
0.4952	0.9269E-14
0.5140	0.9313E-14
0.5336	0.9358E-14
0.5539	0.9403E-14
0.5750	0.9449E-14
0.5969	0.9495E-14
0.6196	0.9542E-14
0.6432	0.9588E-14
0.6677	0.9636E-14
0.6932	0.9683E-14
0.7196	0.9730E-14
0.7470	0.9778E-14
0.7754	0.9827E-14
0.8050	0.9874E-14
0.8356	0.9922E-14
0.8674	0.9969E-14
0.9005	0.1002E-13
0.9348	0.1006E-13
0.9704	0.1011E-13
1.007	0.1016E-13
1.046	0.1020E-13
1.086	0.1025E-13
1.127	0.1029E-13
1.170	0.1034E-13
1.214	0.1038E-13
1.261	0.1043E-13
1.309	0.1047E-13
1.358	0.1051E-13
1.410	0.1055E-13
1.464	0.1059E-13
1.520	0.1063E-13
1.578	0.1067E-13
1.638	0.1071E-13
1.700	0.1075E-13
1.765	0.1078E-13
1.832	0.1082E-13
1.902	0.1086E-13
1.974	0.1089E-13
2.049	0.1093E-13
2.127	0.1096E-13
2.208	0.1099E-13
2.293	0.1103E-13
2.380	0.1106E-13
2.470	0.1109E-13
2.565	0.1112E-13
2.662	0.1115E-13
2.764	0.1118E-13
2.869	0.1121E-13
2.978	0.1124E-13
3.092	0.1127E-13
3.209	0.1130E-13
3.332	0.1133E-13
3.458	0.1136E-13
3.590	0.1139E-13
3.727	0.1141E-13
3.869	0.1144E-13
4.016	0.1148E-13
4.169	0.1151E-13
4.328	0.1154E-13
4.493	0.1157E-13
4.664	0.1161E-13
4.841	0.1164E-13
5.026	0.1168E-13
5.217	0.1172E-13
5.416	0.1176E-13
5.622	0.1181E-13
5.836	0.1185E-13
6.059	0.1190E-13
6.289	0.1196E-13
6.529	0.1201E-13
6.778	0.1207E-13
7.036	0.1214E-13
7.304	0.1220E-13
7.582	0.1228E-13
7.871	0.1236E-13
8.170	0.1244E-13
8.482	0.1253E-13
8.805	0.1263E-13
9.140	0.1274E-13
9.488	0.1285E-13
9.849	0.1298E-13
10.22	0.1311E-13
10.61	0.1325E-13
11.02	0.1341E-13
11.44	0.1357E-13
11.87	0.1375E-13
12.33	0.1394E-13
12.80	0.1414E-13
13.28	0.1436E-13
13.79	0.1459E-13
14.31	0.1484E-13
14.86	0.1510E-13
15.42	0.1537E-13
16.01	0.1566E-13
16.62	0.1596E-13
17.25	0.1628E-13
17.91	0.1661E-13
18.59	0.1695E-13
19.30	0.1731E-13
20.04	0.1768E-13
20.80	0.1806E-13
21.59	0.1845E-13
22.42	0.1886E-13
23.27	0.1927E-13
24.16	0.1969E-13
25.08	0.2011E-13
26.03	0.2055E-13
27.02	0.2099E-13
28.05	0.2143E-13
29.12	0.2188E-13
30.23	0.2233E-13
31.38	0.2278E-13
32.57	0.2323E-13
33.82	0.2368E-13
35.10	0.2413E-13
36.44	0.2456E-13
37.83	0.2499E-13
39.27	0.2541E-13
40.76	0.2581E-13
42.32	0.2620E-13
43.93	0.2658E-13
45.60	0.2694E-13
47.34	0.2729E-13
49.14	0.2763E-13
51.01	0.2795E-13
52.96	0.2826E-13
54.97	0.2855E-13
57.07	0.2883E-13
59.24	0.2911E-13
61.50	0.2937E-13
63.84	0.2962E-13
66.27	0.2987E-13
68.79	0.3011E-13
71.41	0.3035E-13
74.13	0.3058E-13
76.96	0.3080E-13
79.89	0.3103E-13
82.93	0.3125E-13
86.09	0.3146E-13
89.37	0.3168E-13
92.77	0.3189E-13
96.31	0.3211E-13
99.97	0.3232E-13
103.8	0.3254E-13
107.7	0.3275E-13
111.8	0.3297E-13
116.1	0.3318E-13
120.5	0.3340E-13
125.1	0.3362E-13
129.9	0.3384E-13
134.8	0.3406E-13
140.0	0.3428E-13
145.3	0.3451E-13
150.8	0.3473E-13
156.6	0.3496E-13
162.5	0.3520E-13
168.7	0.3543E-13
175.1	0.3567E-13
181.8	0.3591E-13
188.7	0.3615E-13
195.9	0.3639E-13
203.4	0.3664E-13
211.1	0.3689E-13
219.2	0.3715E-13
227.5	0.3740E-13
236.2	0.3767E-13
245.2	0.3793E-13
254.5	0.3820E-13
264.2	0.3847E-13
274.3	0.3874E-13
284.7	0.3902E-13
295.6	0.3930E-13
306.8	0.3959E-13
318.5	0.3987E-13
330.6	0.4017E-13
343.2	0.4046E-13
356.3	0.4077E-13
369.9	0.4107E-13
384.0	0.4138E-13
398.6	0.4169E-13
413.8	0.4201E-13
429.5	0.4233E-13
445.9	0.4266E-13
462.9	0.4299E-13
480.5	0.4333E-13
498.8	0.4367E-13
517.8	0.4402E-13
537.5	0.4437E-13
558.0	0.4472E-13
579.2	0.4509E-13
601.3	0.4545E-13
624.2	0.4582E-13
648.0	0.4620E-13
672.6	0.4659E-13
698.3	0.4698E-13
724.9	0.4737E-13
752.5	0.4777E-13
781.1	0.4818E-13
810.9	0.4859E-13
841.8	0.4901E-13
873.8	0.4943E-13
907.1	0.4986E-13
941.6	0.5030E-13
977.5	0.5074E-13
1015.	0.5119E-13
1053.	0.5165E-13
1094.	0.5211E-13
1135.	0.5258E-13
1178.	0.5305E-13
1223.	0.5353E-13
1270.	0.5401E-13
1318.	0.5450E-13
1368.	0.5499E-13
1421.	0.5549E-13
1475.	0.5599E-13
1531.	0.5650E-13
1589.	0.5702E-13
1650.	0.5753E-13
1712.	0.5805E-13
1778.	0.5857E-13
1845.	0.5910E-13
1916.	0.5963E-13
1989.	0.6016E-13
2064.	0.6069E-13
2143.	0.6122E-13
2225.	0.6175E-13
2309.	0.6228E-13
2397.	0.6281E-13
2489.	0.6334E-13
2583.	0.6387E-13
2682.	0.6440E-13
2784.	0.6492E-13
2890.	0.6544E-13
3000.	0.6596E-13
 
 
C7    C2H6    Ionization    12.70 eV                            
E/N (Td)	Inverse rate coefficient (m2)
0.1000E-02	0.000
0.1038E-02	0.000
0.1078E-02	0.000
0.1119E-02	0.000
0.1161E-02	0.000
0.1205E-02	0.000
0.1251E-02	0.000
0.1299E-02	0.000
0.1349E-02	0.000
0.1400E-02	0.000
0.1453E-02	0.000
0.1509E-02	0.000
0.1566E-02	0.000
0.1626E-02	0.000
0.1688E-02	0.000
0.1752E-02	0.000
0.1819E-02	0.000
0.1888E-02	0.000
0.1960E-02	0.000
0.2034E-02	0.000
0.2112E-02	0.000
0.2192E-02	0.000
0.2276E-02	0.000
0.2362E-02	0.000
0.2452E-02	0.000
0.2546E-02	0.000
0.2643E-02	0.000
0.2743E-02	0.000
0.2848E-02	0.000
0.2956E-02	0.000
0.3069E-02	0.000
0.3186E-02	0.000
0.3307E-02	0.000
0.3433E-02	0.000
0.3564E-02	0.000
0.3700E-02	0.000
0.3841E-02	0.000
0.3987E-02	0.000
0.4139E-02	0.000
0.4296E-02	0.000
0.4460E-02	0.000
0.4630E-02	0.000
0.4806E-02	0.000
0.4989E-02	0.000
0.5179E-02	0.000
0.5377E-02	0.000
0.5581E-02	0.000
0.5794E-02	0.000
0.6015E-02	0.000
0.6244E-02	0.000
0.6481E-02	0.000
0.6728E-02	0.000
0.6985E-02	0.000
0.7251E-02	0.000
0.7527E-02	0.000
0.7813E-02	0.000
0.8111E-02	0.000
0.8420E-02	0.000
0.8741E-02	0.000
0.9073E-02	0.000
0.9419E-02	0.000
0.9778E-02	0.000
0.1015E-01	0.000
0.1054E-01	0.000
0.1094E-01	0.000
0.1135E-01	0.000
0.1179E-01	0.000
0.1224E-01	0.000
0.1270E-01	0.000
0.1319E-01	0.000
0.1369E-01	0.000
0.1421E-01	0.000
0.1475E-01	0.000
0.1531E-01	0.000
0.1590E-01	0.000
0.1650E-01	0.000
0.1713E-01	0.000
0.1778E-01	0.000
0.1846E-01	0.000
0.1916E-01	0.000
0.1989E-01	0.000
0.2065E-01	0.000
0.2144E-01	0.000
0.2225E-01	0.000
0.2310E-01	0.000
0.2398E-01	0.000
0.2489E-01	0.000
0.2584E-01	0.000
0.2682E-01	0.000
0.2785E-01	0.000
0.2891E-01	0.000
0.3001E-01	0.000
0.3115E-01	0.000
0.3234E-01	0.000
0.3357E-01	0.000
0.3485E-01	0.000
0.3617E-01	0.000
0.3755E-01	0.000
0.3898E-01	0.000
0.4047E-01	0.000
0.4201E-01	0.000
0.4361E-01	0.000
0.4527E-01	0.000
0.4699E-01	0.000
0.4878E-01	0.000
0.5064E-01	0.000
0.5257E-01	0.000
0.5457E-01	0.000
0.5665E-01	0.000
0.5881E-01	0.000
0.6105E-01	0.000
0.6337E-01	0.000
0.6579E-01	0.000
0.6829E-01	0.000
0.7089E-01	0.000
0.7359E-01	0.000
0.7640E-01	0.000
0.7931E-01	0.000
0.8233E-01	0.000
0.8546E-01	0.000
0.8872E-01	0.000
0.9210E-01	0.000
0.9560E-01	0.000
0.9924E-01	0.000
0.1030	0.000
0.1069	0.000
0.1110	0.000
0.1152	0.000
0.1196	0.000
0.1242	0.000
0.1289	0.000
0.1338	0.000
0.1389	0.000
0.1442	0.000
0.1497	0.000
0.1554	0.000
0.1613	0.000
0.1675	0.000
0.1739	0.000
0.1805	0.000
0.1874	0.000
0.1945	0.000
0.2019	0.000
0.2096	0.000
0.2176	0.000
0.2259	0.000
0.2345	0.000
0.2434	0.000
0.2527	0.000
0.2623	0.000
0.2723	0.000
0.2826	0.000
0.2934	0.000
0.3046	0.000
0.3162	0.000
0.3282	0.000
0.3407	0.000
0.3537	0.000
0.3672	0.000
0.3812	0.000
0.3957	0.000
0.4107	0.000
0.4264	0.000
0.4426	0.000
0.4595	0.000
0.4770	0.000
0.4952	0.000
0.5140	0.000
0.5336	0.000
0.5539	0.000
0.5750	0.000
0.5969	0.000
0.6196	0.000
0.6432	0.000
0.6677	0.000
0.6932	0.000
0.7196	0.000
0.7470	0.000
0.7754	0.000
0.8050	0.000
0.8356	0.000
0.8674	0.000
0.9005	0.000
0.9348	0.000
0.9704	0.000
1.007	0.000
1.046	0.000
1.086	0.000
1.127	0.000
1.170	0.000
1.214	0.000
1.261	0.000
1.309	0.000
1.358	0.000
1.410	0.000
1.464	0.000
1.520	0.000
1.578	0.000
1.638	0.000
1.700	0.000
1.765	0.000
1.832	0.000
1.902	0.000
1.974	0.000
2.049	0.000
2.127	0.000
2.208	0.000
2.293	0.000
2.380	0.000
2.470	0.000
2.565	0.000
2.662	0.000
2.764	0.000
2.869	0.000
2.978	0.000
3.092	0.000
3.209	0.000
3.332	0.000
3.458	0.000
3.590	0.000
3.727	0.000
3.869	0.000
4.016	0.000
4.169	0.000
4.328	0.000
4.493	0.000
4.664	0.000
4.841	0.000
5.026	0.000
5.217	0.000
5.416	0.000
5.622	0.000
5.836	0.000
6.059	0.000
6.289	0.000
6.529	0.000
6.778	0.000
7.036	0.000
7.304	0.000
7.582	0.000
7.871	0.000
8.170	0.000
8.482	0.000
8.805	0.000
9.140	0.000
9.488	0.000
9.849	0.000
10.22	0.000
10.61	0.000
11.02	0.000
11.44	0.000
11.87	0.000
12.33	0.000
12.80	0.000
13.28	0.000
13.79	0.000
14.31	0.000
14.86	0.000
15.42	0.000
16.01	0.000
16.62	0.000
17.25	0.000
17.91	0.000
18.59	0.000
19.30	0.000
20.04	0.000
20.80	0.000
21.59	0.000
22.42	0.000
23.27	0.000
24.16	0.000
25.08	0.000
26.03	0.000
27.02	0.000
28.05	0.000
29.12	0.000
30.23	0.000
31.38	0.000
32.57	0.000
33.82	0.000
35.10	0.000
36.44	0.000
37.83	0.000
39.27	0.000
40.76	0.000
42.32	0.000
43.93	0.000
45.60	0.000
47.34	0.000
49.14	0.000
51.01	0.000
52.96	0.000
54.97	0.000
57.07	0.000
59.24	0.000
61.50	0.000
63.84	0.000
66.27	0.000
68.79	0.000
71.41	0.000
74.13	0.000
76.96	0.000
79.89	0.000
82.93	0.000
86.09	0.000
89.37	0.000
92.77	0.000
96.31	0.000
99.97	0.000
103.8	0.000
107.7	0.000
111.8	0.000
116.1	0.000
120.5	0.000
125.1	0.000
129.9	0.000
134.8	0.000
140.0	0.000
145.3	0.000
150.8	0.000
156.6	0.000
162.5	0.000
168.7	0.000
175.1	0.000
181.8	0.000
188.7	0.000
195.9	0.000
203.4	0.000
211.1	0.000
219.2	0.000
227.5	0.000
236.2	0.000
245.2	0.000
254.5	0.000
264.2	0.000
274.3	0.000
284.7	0.000
295.6	0.000
306.8	0.000
318.5	0.000
330.6	0.000
343.2	0.000
356.3	0.000
369.9	0.000
384.0	0.000
398.6	0.000
413.8	0.000
429.5	0.000
445.9	0.000
462.9	0.000
480.5	0.000
498.8	0.000
517.8	0.000
537.5	0.000
558.0	0.000
579.2	0.000
601.3	0.000
624.2	0.000
648.0	0.000
672.6	0.000
698.3	0.000
724.9	0.000
752.5	0.000
781.1	0.000
810.9	0.000
841.8	0.000
873.8	0.000
907.1	0.000
941.6	0.000
977.5	0.000
1015.	0.000
1053.	0.000
1094.	0.000
1135.	0.000
1178.	0.000
1223.	0.000
1270.	0.000
1318.	0.000
1368.	0.000
1421.	0.000
1475.	0.000
1531.	0.000
1589.	0.000
1650.	0.000
1712.	0.000
1778.	0.000
1845.	0.000
1916.	0.000
1989.	0.000
2064.	0.000
2143.	0.000
2225.	0.000
2309.	0.000
2397.	0.000
2489.	0.000
2583.	0.000
2682.	0.000
2784.	0.000
2890.	0.000
3000.	0.000
 
 
C1    C2H6    Attachment                                        
E/N (Td)	Energy loss coefficient (eV m3/s)
0.1000E-02	0.000
0.1038E-02	0.000
0.1078E-02	0.000
0.1119E-02	0.000
0.1161E-02	0.000
0.1205E-02	0.000
0.1251E-02	0.000
0.1299E-02	0.000
0.1349E-02	0.000
0.1400E-02	0.000
0.1453E-02	0.000
0.1509E-02	0.000
0.1566E-02	0.000
0.1626E-02	0.000
0.1688E-02	0.000
0.1752E-02	0.000
0.1819E-02	0.000
0.1888E-02	0.000
0.1960E-02	0.000
0.2034E-02	0.000
0.2112E-02	0.000
0.2192E-02	0.000
0.2276E-02	0.000
0.2362E-02	0.000
0.2452E-02	0.000
0.2546E-02	0.000
0.2643E-02	0.000
0.2743E-02	0.000
0.2848E-02	0.000
0.2956E-02	0.000
0.3069E-02	0.000
0.3186E-02	0.000
0.3307E-02	0.000
0.3433E-02	0.000
0.3564E-02	0.000
0.3700E-02	0.000
0.3841E-02	0.000
0.3987E-02	0.000
0.4139E-02	0.000
0.4296E-02	0.000
0.4460E-02	0.000
0.4630E-02	0.000
0.4806E-02	0.000
0.4989E-02	0.000
0.5179E-02	0.000
0.5377E-02	0.000
0.5581E-02	0.000
0.5794E-02	0.000
0.6015E-02	0.000
0.6244E-02	0.000
0.6481E-02	0.000
0.6728E-02	0.000
0.6985E-02	0.000
0.7251E-02	0.000
0.7527E-02	0.000
0.7813E-02	0.000
0.8111E-02	0.000
0.8420E-02	0.000
0.8741E-02	0.000
0.9073E-02	0.000
0.9419E-02	0.000
0.9778E-02	0.000
0.1015E-01	0.000
0.1054E-01	0.000
0.1094E-01	0.000
0.1135E-01	0.000
0.1179E-01	0.000
0.1224E-01	0.000
0.1270E-01	0.000
0.1319E-01	0.000
0.1369E-01	0.000
0.1421E-01	0.000
0.1475E-01	0.000
0.1531E-01	0.000
0.1590E-01	0.000
0.1650E-01	0.000
0.1713E-01	0.000
0.1778E-01	0.000
0.1846E-01	0.000
0.1916E-01	0.000
0.1989E-01	0.000
0.2065E-01	0.000
0.2144E-01	0.000
0.2225E-01	0.000
0.2310E-01	0.000
0.2398E-01	0.000
0.2489E-01	0.000
0.2584E-01	0.000
0.2682E-01	0.000
0.2785E-01	0.000
0.2891E-01	0.000
0.3001E-01	0.000
0.3115E-01	0.000
0.3234E-01	0.000
0.3357E-01	0.000
0.3485E-01	0.000
0.3617E-01	0.000
0.3755E-01	0.000
0.3898E-01	0.000
0.4047E-01	0.000
0.4201E-01	0.000
0.4361E-01	0.000
0.4527E-01	0.000
0.4699E-01	0.000
0.4878E-01	0.000
0.5064E-01	0.000
0.5257E-01	0.000
0.5457E-01	0.000
0.5665E-01	0.000
0.5881E-01	0.000
0.6105E-01	0.000
0.6337E-01	0.000
0.6579E-01	0.000
0.6829E-01	0.000
0.7089E-01	0.000
0.7359E-01	0.000
0.7640E-01	0.000
0.7931E-01	0.000
0.8233E-01	0.000
0.8546E-01	0.000
0.8872E-01	0.000
0.9210E-01	0.000
0.9560E-01	0.000
0.9924E-01	0.000
0.1030	0.000
0.1069	0.000
0.1110	0.000
0.1152	0.000
0.1196	0.000
0.1242	0.000
0.1289	0.000
0.1338	0.000
0.1389	0.000
0.1442	0.000
0.1497	0.000
0.1554	0.000
0.1613	0.000
0.1675	0.000
0.1739	0.000
0.1805	0.000
0.1874	0.000
0.1945	0.000
0.2019	0.000
0.2096	0.000
0.2176	0.000
0.2259	0.000
0.2345	0.000
0.2434	0.000
0.2527	0.000
0.2623	0.000
0.2723	0.000
0.2826	0.000
0.2934	0.000
0.3046	0.000
0.3162	0.000
0.3282	0.000
0.3407	0.000
0.3537	0.000
0.3672	0.000
0.3812	0.000
0.3957	0.000
0.4107	0.000
0.4264	0.000
0.4426	0.000
0.4595	0.000
0.4770	0.000
0.4952	0.000
0.5140	0.000
0.5336	0.000
0.5539	0.000
0.5750	0.000
0.5969	0.000
0.6196	0.000
0.6432	0.000
0.6677	0.000
0.6932	0.000
0.7196	0.000
0.7470	0.000
0.7754	0.000
0.8050	0.000
0.8356	0.000
0.8674	0.000
0.9005	0.000
0.9348	0.000
0.9704	0.000
1.007	0.000
1.046	0.000
1.086	0.000
1.127	0.000
1.170	0.000
1.214	0.000
1.261	0.000
1.309	0.000
1.358	0.000
1.410	0.000
1.464	0.000
1.520	0.000
1.578	0.000
1.638	0.000
1.700	0.000
1.765	0.000
1.832	0.000
1.902	0.000
1.974	0.000
2.049	0.000
2.127	0.000
2.208	0.000
2.293	0.000
2.380	0.000
2.470	0.000
2.565	0.000
2.662	0.000
2.764	0.000
2.869	0.000
2.978	0.000
3.092	0.000
3.209	0.000
3.332	0.000
3.458	0.000
3.590	0.000
3.727	0.000
3.869	0.000
4.016	0.000
4.169	0.000
4.328	0.000
4.493	0.000
4.664	0.000
4.841	0.000
5.026	0.000
5.217	0.000
5.416	0.000
5.622	0.000
5.836	0.000
6.059	0.000
6.289	0.000
6.529	0.000
6.778	0.000
7.036	0.000
7.304	0.000
7.582	0.000
7.871	0.000
8.170	0.000
8.482	0.000
8.805	0.000
9.140	0.000
9.488	0.000
9.849	0.000
10.22	0.000
10.61	0.000
11.02	0.000
11.44	0.000
11.87	0.000
12.33	0.000
12.80	0.000
13.28	0.000
13.79	0.000
14.31	0.6696E-28
14.86	0.2287E-27
15.42	0.7424E-27
16.01	0.2292E-26
16.62	0.6738E-26
17.25	0.1928E-25
17.91	0.5180E-25
18.59	0.1332E-24
19.30	0.3278E-24
20.04	0.7742E-24
20.80	0.1756E-23
21.59	0.3833E-23
22.42	0.8043E-23
23.27	0.1627E-22
24.16	0.3175E-22
25.08	0.5988E-22
26.03	0.1092E-21
27.02	0.1931E-21
28.05	0.3306E-21
29.12	0.5496E-21
30.23	0.8878E-21
31.38	0.1395E-20
32.57	0.2135E-20
33.82	0.3187E-20
35.10	0.4644E-20
36.44	0.6615E-20
37.83	0.9219E-20
39.27	0.1259E-19
40.76	0.1686E-19
42.32	0.2219E-19
43.93	0.2871E-19
45.60	0.3658E-19
47.34	0.4593E-19
49.14	0.5690E-19
51.01	0.6963E-19
52.96	0.8425E-19
54.97	0.1009E-18
57.07	0.1196E-18
59.24	0.1406E-18
61.50	0.1638E-18
63.84	0.1895E-18
66.27	0.2177E-18
68.79	0.2484E-18
71.41	0.2818E-18
74.13	0.3178E-18
76.96	0.3566E-18
79.89	0.3982E-18
82.93	0.4426E-18
86.09	0.4898E-18
89.37	0.5399E-18
92.77	0.5929E-18
96.31	0.6486E-18
99.97	0.7073E-18
103.8	0.7687E-18
107.7	0.8328E-18
111.8	0.8996E-18
116.1	0.9691E-18
120.5	0.1041E-17
125.1	0.1116E-17
129.9	0.1193E-17
134.8	0.1272E-17
140.0	0.1353E-17
145.3	0.1437E-17
150.8	0.1522E-17
156.6	0.1609E-17
162.5	0.1697E-17
168.7	0.1788E-17
175.1	0.1879E-17
181.8	0.1971E-17
188.7	0.2065E-17
195.9	0.2159E-17
203.4	0.2254E-17
211.1	0.2349E-17
219.2	0.2445E-17
227.5	0.2540E-17
236.2	0.2636E-17
245.2	0.2731E-17
254.5	0.2825E-17
264.2	0.2919E-17
274.3	0.3012E-17
284.7	0.3104E-17
295.6	0.3195E-17
306.8	0.3285E-17
318.5	0.3373E-17
330.6	0.3459E-17
343.2	0.3544E-17
356.3	0.3626E-17
369.9	0.3707E-17
384.0	0.3785E-17
398.6	0.3861E-17
413.8	0.3935E-17
429.5	0.4006E-17
445.9	0.4075E-17
462.9	0.4141E-17
480.5	0.4205E-17
498.8	0.4265E-17
517.8	0.4323E-17
537.5	0.4378E-17
558.0	0.4431E-17
579.2	0.4480E-17
601.3	0.4527E-17
624.2	0.4571E-17
648.0	0.4612E-17
672.6	0.4650E-17
698.3	0.4686E-17
724.9	0.4718E-17
752.5	0.4748E-17
781.1	0.4775E-17
810.9	0.4799E-17
841.8	0.4821E-17
873.8	0.4839E-17
907.1	0.4856E-17
941.6	0.4869E-17
977.5	0.4880E-17
1015.	0.4888E-17
1053.	0.4893E-17
1094.	0.4896E-17
1135.	0.4896E-17
1178.	0.4894E-17
1223.	0.4889E-17
1270.	0.4882E-17
1318.	0.4873E-17
1368.	0.4861E-17
1421.	0.4846E-17
1475.	0.4830E-17
1531.	0.4811E-17
1589.	0.4791E-17
1650.	0.4768E-17
1712.	0.4743E-17
1778.	0.4717E-17
1845.	0.4689E-17
1916.	0.4659E-17
1989.	0.4627E-17
2064.	0.4595E-17
2143.	0.4561E-17
2225.	0.4526E-17
2309.	0.4490E-17
2397.	0.4454E-17
2489.	0.4417E-17
2583.	0.4379E-17
2682.	0.4342E-17
2784.	0.4304E-17
2890.	0.4266E-17
3000.	0.4228E-17
 
 
C2    C2H6    Elastic                                           
E/N (Td)	Energy loss coefficient (eV m3/s)
0.1000E-02	0.1268E-22
0.1038E-02	0.1302E-22
0.1078E-02	0.1401E-22
0.1119E-02	0.1507E-22
0.1161E-02	0.1622E-22
0.1205E-02	0.1744E-22
0.1251E-02	0.1876E-22
0.1299E-02	0.2018E-22
0.1349E-02	0.2169E-22
0.1400E-02	0.2332E-22
0.1453E-02	0.2507E-22
0.1509E-02	0.2694E-22
0.1566E-02	0.2895E-22
0.1626E-02	0.3110E-22
0.1688E-02	0.3340E-22
0.1752E-02	0.3586E-22
0.1819E-02	0.3849E-22
0.1888E-02	0.4130E-22
0.1960E-02	0.4430E-22
0.2034E-02	0.4751E-22
0.2112E-02	0.5092E-22
0.2192E-02	0.5456E-22
0.2276E-02	0.5844E-22
0.2362E-02	0.6256E-22
0.2452E-02	0.6694E-22
0.2546E-02	0.7158E-22
0.2643E-02	0.7651E-22
0.2743E-02	0.8172E-22
0.2848E-02	0.8722E-22
0.2956E-02	0.9303E-22
0.3069E-02	0.9915E-22
0.3186E-02	0.1056E-21
0.3307E-02	0.1123E-21
0.3433E-02	0.1194E-21
0.3564E-02	0.1268E-21
0.3700E-02	0.1345E-21
0.3841E-02	0.1425E-21
0.3987E-02	0.1508E-21
0.4139E-02	0.1593E-21
0.4296E-02	0.1681E-21
0.4460E-02	0.1771E-21
0.4630E-02	0.1863E-21
0.4806E-02	0.1956E-21
0.4989E-02	0.2050E-21
0.5179E-02	0.2145E-21
0.5377E-02	0.2239E-21
0.5581E-02	0.2332E-21
0.5794E-02	0.2424E-21
0.6015E-02	0.2513E-21
0.6244E-02	0.2598E-21
0.6481E-02	0.2679E-21
0.6728E-02	0.2754E-21
0.6985E-02	0.2823E-21
0.7251E-02	0.2884E-21
0.7527E-02	0.2936E-21
0.7813E-02	0.2978E-21
0.8111E-02	0.3008E-21
0.8420E-02	0.3027E-21
0.8741E-02	0.3032E-21
0.9073E-02	0.3023E-21
0.9419E-02	0.2998E-21
0.9778E-02	0.2958E-21
0.1015E-01	0.2901E-21
0.1054E-01	0.2826E-21
0.1094E-01	0.2733E-21
0.1135E-01	0.2623E-21
0.1179E-01	0.2494E-21
0.1224E-01	0.2346E-21
0.1270E-01	0.2180E-21
0.1319E-01	0.1997E-21
0.1369E-01	0.1796E-21
0.1421E-01	0.1578E-21
0.1475E-01	0.1344E-21
0.1531E-01	0.1095E-21
0.1590E-01	0.8324E-22
0.1650E-01	0.5564E-22
0.1713E-01	0.2686E-22
0.1778E-01	-0.2949E-23
0.1846E-01	-0.3366E-22
0.1916E-01	-0.6511E-22
0.1989E-01	-0.9716E-22
0.2065E-01	-0.1297E-21
0.2144E-01	-0.1624E-21
0.2225E-01	-0.1953E-21
0.2310E-01	-0.2281E-21
0.2398E-01	-0.2608E-21
0.2489E-01	-0.2931E-21
0.2584E-01	-0.3249E-21
0.2682E-01	-0.3560E-21
0.2785E-01	-0.3863E-21
0.2891E-01	-0.4157E-21
0.3001E-01	-0.4441E-21
0.3115E-01	-0.4712E-21
0.3234E-01	-0.4971E-21
0.3357E-01	-0.5215E-21
0.3485E-01	-0.5445E-21
0.3617E-01	-0.5658E-21
0.3755E-01	-0.5855E-21
0.3898E-01	-0.6035E-21
0.4047E-01	-0.6196E-21
0.4201E-01	-0.6338E-21
0.4361E-01	-0.6462E-21
0.4527E-01	-0.6565E-21
0.4699E-01	-0.6649E-21
0.4878E-01	-0.6712E-21
0.5064E-01	-0.6754E-21
0.5257E-01	-0.6776E-21
0.5457E-01	-0.6777E-21
0.5665E-01	-0.6756E-21
0.5881E-01	-0.6715E-21
0.6105E-01	-0.6652E-21
0.6337E-01	-0.6568E-21
0.6579E-01	-0.6463E-21
0.6829E-01	-0.6337E-21
0.7089E-01	-0.6190E-21
0.7359E-01	-0.6022E-21
0.7640E-01	-0.5833E-21
0.7931E-01	-0.5623E-21
0.8233E-01	-0.5393E-21
0.8546E-01	-0.5142E-21
0.8872E-01	-0.4871E-21
0.9210E-01	-0.4579E-21
0.9560E-01	-0.4268E-21
0.9924E-01	-0.3937E-21
0.1030	-0.3585E-21
0.1069	-0.3215E-21
0.1110	-0.2824E-21
0.1152	-0.2414E-21
0.1196	-0.1985E-21
0.1242	-0.1536E-21
0.1289	-0.1069E-21
0.1338	-0.5819E-22
0.1389	-0.7594E-23
0.1442	0.4491E-22
0.1497	0.9932E-22
0.1554	0.1556E-21
0.1613	0.2139E-21
0.1675	0.2740E-21
0.1739	0.3361E-21
0.1805	0.4001E-21
0.1874	0.4661E-21
0.1945	0.5340E-21
0.2019	0.6040E-21
0.2096	0.6759E-21
0.2176	0.7499E-21
0.2259	0.8260E-21
0.2345	0.9043E-21
0.2434	0.9847E-21
0.2527	0.1067E-20
0.2623	0.1152E-20
0.2723	0.1240E-20
0.2826	0.1329E-20
0.2934	0.1422E-20
0.3046	0.1517E-20
0.3162	0.1614E-20
0.3282	0.1715E-20
0.3407	0.1818E-20
0.3537	0.1925E-20
0.3672	0.2035E-20
0.3812	0.2149E-20
0.3957	0.2266E-20
0.4107	0.2387E-20
0.4264	0.2512E-20
0.4426	0.2642E-20
0.4595	0.2777E-20
0.4770	0.2917E-20
0.4952	0.3063E-20
0.5140	0.3214E-20
0.5336	0.3372E-20
0.5539	0.3537E-20
0.5750	0.3710E-20
0.5969	0.3890E-20
0.6196	0.4080E-20
0.6432	0.4279E-20
0.6677	0.4489E-20
0.6932	0.4710E-20
0.7196	0.4943E-20
0.7470	0.5189E-20
0.7754	0.5454E-20
0.8050	0.5731E-20
0.8356	0.6025E-20
0.8674	0.6338E-20
0.9005	0.6671E-20
0.9348	0.7026E-20
0.9704	0.7405E-20
1.007	0.7810E-20
1.046	0.8244E-20
1.086	0.8707E-20
1.127	0.9204E-20
1.170	0.9737E-20
1.214	0.1031E-19
1.261	0.1092E-19
1.309	0.1158E-19
1.358	0.1228E-19
1.410	0.1304E-19
1.464	0.1386E-19
1.520	0.1473E-19
1.578	0.1567E-19
1.638	0.1667E-19
1.700	0.1775E-19
1.765	0.1891E-19
1.832	0.2015E-19
1.902	0.2149E-19
1.974	0.2292E-19
2.049	0.2446E-19
2.127	0.2610E-19
2.208	0.2786E-19
2.293	0.2974E-19
2.380	0.3176E-19
2.470	0.3391E-19
2.565	0.3624E-19
2.662	0.3871E-19
2.764	0.4135E-19
2.869	0.4417E-19
2.978	0.4720E-19
3.092	0.5046E-19
3.209	0.5392E-19
3.332	0.5763E-19
3.458	0.6159E-19
3.590	0.6584E-19
3.727	0.7031E-19
3.869	0.7519E-19
4.016	0.8044E-19
4.169	0.8608E-19
4.328	0.9215E-19
4.493	0.9868E-19
4.664	0.1057E-18
4.841	0.1133E-18
5.026	0.1216E-18
5.217	0.1305E-18
5.416	0.1402E-18
5.622	0.1506E-18
5.836	0.1620E-18
6.059	0.1744E-18
6.289	0.1879E-18
6.529	0.2027E-18
6.778	0.2188E-18
7.036	0.2364E-18
7.304	0.2558E-18
7.582	0.2771E-18
7.871	0.3006E-18
8.170	0.3264E-18
8.482	0.3548E-18
8.805	0.3862E-18
9.140	0.4209E-18
9.488	0.4594E-18
9.849	0.5020E-18
10.22	0.5491E-18
10.61	0.6015E-18
11.02	0.6595E-18
11.44	0.7239E-18
11.87	0.7951E-18
12.33	0.8743E-18
12.80	0.9621E-18
13.28	0.1059E-17
13.79	0.1167E-17
14.31	0.1285E-17
14.86	0.1416E-17
15.42	0.1561E-17
16.01	0.1719E-17
16.62	0.1893E-17
17.25	0.2084E-17
17.91	0.2292E-17
18.59	0.2519E-17
19.30	0.2765E-17
20.04	0.3033E-17
20.80	0.3323E-17
21.59	0.3636E-17
22.42	0.3973E-17
23.27	0.4336E-17
24.16	0.4726E-17
25.08	0.5142E-17
26.03	0.5587E-17
27.02	0.6061E-17
28.05	0.6563E-17
29.12	0.7094E-17
30.23	0.7652E-17
31.38	0.8237E-17
32.57	0.8846E-17
33.82	0.9476E-17
35.10	0.1013E-16
36.44	0.1079E-16
37.83	0.1146E-16
39.27	0.1214E-16
40.76	0.1283E-16
42.32	0.1351E-16
43.93	0.1418E-16
45.60	0.1485E-16
47.34	0.1551E-16
49.14	0.1616E-16
51.01	0.1679E-16
52.96	0.1741E-16
54.97	0.1802E-16
57.07	0.1862E-16
59.24	0.1920E-16
61.50	0.1977E-16
63.84	0.2034E-16
66.27	0.2089E-16
68.79	0.2144E-16
71.41	0.2198E-16
74.13	0.2252E-16
76.96	0.2305E-16
79.89	0.2358E-16
82.93	0.2412E-16
86.09	0.2465E-16
89.37	0.2518E-16
92.77	0.2571E-16
96.31	0.2625E-16
99.97	0.2679E-16
103.8	0.2734E-16
107.7	0.2789E-16
111.8	0.2845E-16
116.1	0.2901E-16
120.5	0.2958E-16
125.1	0.3016E-16
129.9	0.3075E-16
134.8	0.3134E-16
140.0	0.3194E-16
145.3	0.3255E-16
150.8	0.3317E-16
156.6	0.3380E-16
162.5	0.3444E-16
168.7	0.3509E-16
175.1	0.3575E-16
181.8	0.3641E-16
188.7	0.3709E-16
195.9	0.3778E-16
203.4	0.3848E-16
211.1	0.3920E-16
219.2	0.3992E-16
227.5	0.4065E-16
236.2	0.4140E-16
245.2	0.4215E-16
254.5	0.4292E-16
264.2	0.4370E-16
274.3	0.4450E-16
284.7	0.4530E-16
295.6	0.4612E-16
306.8	0.4695E-16
318.5	0.4780E-16
330.6	0.4865E-16
343.2	0.4952E-16
356.3	0.5041E-16
369.9	0.5131E-16
384.0	0.5222E-16
398.6	0.5315E-16
413.8	0.5410E-16
429.5	0.5506E-16
445.9	0.5604E-16
462.9	0.5703E-16
480.5	0.5804E-16
498.8	0.5907E-16
517.8	0.6012E-16
537.5	0.6118E-16
558.0	0.6227E-16
579.2	0.6337E-16
601.3	0.6450E-16
624.2	0.6564E-16
648.0	0.6681E-16
672.6	0.6800E-16
698.3	0.6922E-16
724.9	0.7045E-16
752.5	0.7171E-16
781.1	0.7300E-16
810.9	0.7431E-16
841.8	0.7564E-16
873.8	0.7700E-16
907.1	0.7839E-16
941.6	0.7981E-16
977.5	0.8125E-16
1015.	0.8272E-16
1053.	0.8421E-16
1094.	0.8574E-16
1135.	0.8729E-16
1178.	0.8888E-16
1223.	0.9048E-16
1270.	0.9212E-16
1318.	0.9379E-16
1368.	0.9549E-16
1421.	0.9722E-16
1475.	0.9897E-16
1531.	0.1008E-15
1589.	0.1026E-15
1650.	0.1044E-15
1712.	0.1063E-15
1778.	0.1082E-15
1845.	0.1101E-15
1916.	0.1121E-15
1989.	0.1141E-15
2064.	0.1161E-15
2143.	0.1181E-15
2225.	0.1202E-15
2309.	0.1223E-15
2397.	0.1245E-15
2489.	0.1267E-15
2583.	0.1289E-15
2682.	0.1311E-15
2784.	0.1334E-15
2890.	0.1357E-15
3000.	0.1380E-15
 
 
C3    C2H6    Excitation    0.16 eV                             
E/N (Td)	Energy loss coefficient (eV m3/s)
0.1000E-02	0.2767E-22
0.1038E-02	0.2999E-22
0.1078E-02	0.3235E-22
0.1119E-02	0.3489E-22
0.1161E-02	0.3763E-22
0.1205E-02	0.4059E-22
0.1251E-02	0.4379E-22
0.1299E-02	0.4725E-22
0.1349E-02	0.5098E-22
0.1400E-02	0.5501E-22
0.1453E-02	0.5937E-22
0.1509E-02	0.6408E-22
0.1566E-02	0.6917E-22
0.1626E-02	0.7467E-22
0.1688E-02	0.8063E-22
0.1752E-02	0.8706E-22
0.1819E-02	0.9403E-22
0.1888E-02	0.1016E-21
0.1960E-02	0.1097E-21
0.2034E-02	0.1186E-21
0.2112E-02	0.1281E-21
0.2192E-02	0.1385E-21
0.2276E-02	0.1498E-21
0.2362E-02	0.1619E-21
0.2452E-02	0.1752E-21
0.2546E-02	0.1895E-21
0.2643E-02	0.2051E-21
0.2743E-02	0.2220E-21
0.2848E-02	0.2403E-21
0.2956E-02	0.2603E-21
0.3069E-02	0.2820E-21
0.3186E-02	0.3056E-21
0.3307E-02	0.3312E-21
0.3433E-02	0.3592E-21
0.3564E-02	0.3896E-21
0.3700E-02	0.4227E-21
0.3841E-02	0.4587E-21
0.3987E-02	0.4980E-21
0.4139E-02	0.5408E-21
0.4296E-02	0.5875E-21
0.4460E-02	0.6384E-21
0.4630E-02	0.6940E-21
0.4806E-02	0.7545E-21
0.4989E-02	0.8206E-21
0.5179E-02	0.8927E-21
0.5377E-02	0.9713E-21
0.5581E-02	0.1057E-20
0.5794E-02	0.1151E-20
0.6015E-02	0.1252E-20
0.6244E-02	0.1364E-20
0.6481E-02	0.1485E-20
0.6728E-02	0.1616E-20
0.6985E-02	0.1760E-20
0.7251E-02	0.1916E-20
0.7527E-02	0.2086E-20
0.7813E-02	0.2270E-20
0.8111E-02	0.2470E-20
0.8420E-02	0.2687E-20
0.8741E-02	0.2923E-20
0.9073E-02	0.3178E-20
0.9419E-02	0.3454E-20
0.9778E-02	0.3753E-20
0.1015E-01	0.4077E-20
0.1054E-01	0.4426E-20
0.1094E-01	0.4802E-20
0.1135E-01	0.5209E-20
0.1179E-01	0.5647E-20
0.1224E-01	0.6119E-20
0.1270E-01	0.6627E-20
0.1319E-01	0.7174E-20
0.1369E-01	0.7762E-20
0.1421E-01	0.8394E-20
0.1475E-01	0.9074E-20
0.1531E-01	0.9804E-20
0.1590E-01	0.1059E-19
0.1650E-01	0.1143E-19
0.1713E-01	0.1233E-19
0.1778E-01	0.1330E-19
0.1846E-01	0.1434E-19
0.1916E-01	0.1546E-19
0.1989E-01	0.1666E-19
0.2065E-01	0.1794E-19
0.2144E-01	0.1932E-19
0.2225E-01	0.2080E-19
0.2310E-01	0.2239E-19
0.2398E-01	0.2410E-19
0.2489E-01	0.2593E-19
0.2584E-01	0.2790E-19
0.2682E-01	0.3002E-19
0.2785E-01	0.3229E-19
0.2891E-01	0.3473E-19
0.3001E-01	0.3735E-19
0.3115E-01	0.4017E-19
0.3234E-01	0.4320E-19
0.3357E-01	0.4646E-19
0.3485E-01	0.4997E-19
0.3617E-01	0.5374E-19
0.3755E-01	0.5781E-19
0.3898E-01	0.6218E-19
0.4047E-01	0.6689E-19
0.4201E-01	0.7195E-19
0.4361E-01	0.7741E-19
0.4527E-01	0.8330E-19
0.4699E-01	0.8963E-19
0.4878E-01	0.9646E-19
0.5064E-01	0.1038E-18
0.5257E-01	0.1118E-18
0.5457E-01	0.1203E-18
0.5665E-01	0.1295E-18
0.5881E-01	0.1395E-18
0.6105E-01	0.1502E-18
0.6337E-01	0.1617E-18
0.6579E-01	0.1742E-18
0.6829E-01	0.1877E-18
0.7089E-01	0.2022E-18
0.7359E-01	0.2178E-18
0.7640E-01	0.2347E-18
0.7931E-01	0.2530E-18
0.8233E-01	0.2726E-18
0.8546E-01	0.2939E-18
0.8872E-01	0.3168E-18
0.9210E-01	0.3415E-18
0.9560E-01	0.3682E-18
0.9924E-01	0.3970E-18
0.1030	0.4281E-18
0.1069	0.4617E-18
0.1110	0.4979E-18
0.1152	0.5370E-18
0.1196	0.5792E-18
0.1242	0.6248E-18
0.1289	0.6740E-18
0.1338	0.7271E-18
0.1389	0.7844E-18
0.1442	0.8463E-18
0.1497	0.9131E-18
0.1554	0.9852E-18
0.1613	0.1063E-17
0.1675	0.1147E-17
0.1739	0.1238E-17
0.1805	0.1335E-17
0.1874	0.1441E-17
0.1945	0.1555E-17
0.2019	0.1677E-17
0.2096	0.1810E-17
0.2176	0.1953E-17
0.2259	0.2107E-17
0.2345	0.2273E-17
0.2434	0.2452E-17
0.2527	0.2645E-17
0.2623	0.2853E-17
0.2723	0.3077E-17
0.2826	0.3318E-17
0.2934	0.3578E-17
0.3046	0.3858E-17
0.3162	0.4159E-17
0.3282	0.4483E-17
0.3407	0.4832E-17
0.3537	0.5206E-17
0.3672	0.5609E-17
0.3812	0.6042E-17
0.3957	0.6506E-17
0.4107	0.7005E-17
0.4264	0.7539E-17
0.4426	0.8113E-17
0.4595	0.8727E-17
0.4770	0.9385E-17
0.4952	0.1009E-16
0.5140	0.1084E-16
0.5336	0.1165E-16
0.5539	0.1251E-16
0.5750	0.1343E-16
0.5969	0.1441E-16
0.6196	0.1545E-16
0.6432	0.1656E-16
0.6677	0.1774E-16
0.6932	0.1900E-16
0.7196	0.2034E-16
0.7470	0.2175E-16
0.7754	0.2327E-16
0.8050	0.2486E-16
0.8356	0.2654E-16
0.8674	0.2832E-16
0.9005	0.3020E-16
0.9348	0.3217E-16
0.9704	0.3426E-16
1.007	0.3645E-16
1.046	0.3875E-16
1.086	0.4117E-16
1.127	0.4370E-16
1.170	0.4635E-16
1.214	0.4912E-16
1.261	0.5200E-16
1.309	0.5501E-16
1.358	0.5814E-16
1.410	0.6139E-16
1.464	0.6476E-16
1.520	0.6826E-16
1.578	0.7187E-16
1.638	0.7556E-16
1.700	0.7940E-16
1.765	0.8335E-16
1.832	0.8740E-16
1.902	0.9156E-16
1.974	0.9582E-16
2.049	0.1002E-15
2.127	0.1046E-15
2.208	0.1091E-15
2.293	0.1137E-15
2.380	0.1184E-15
2.470	0.1231E-15
2.565	0.1279E-15
2.662	0.1327E-15
2.764	0.1376E-15
2.869	0.1425E-15
2.978	0.1474E-15
3.092	0.1524E-15
3.209	0.1574E-15
3.332	0.1623E-15
3.458	0.1672E-15
3.590	0.1722E-15
3.727	0.1768E-15
3.869	0.1817E-15
4.016	0.1866E-15
4.169	0.1914E-15
4.328	0.1962E-15
4.493	0.2010E-15
4.664	0.2057E-15
4.841	0.2103E-15
5.026	0.2149E-15
5.217	0.2194E-15
5.416	0.2239E-15
5.622	0.2283E-15
5.836	0.2326E-15
6.059	0.2368E-15
6.289	0.2409E-15
6.529	0.2450E-15
6.778	0.2489E-15
7.036	0.2528E-15
7.304	0.2565E-15
7.582	0.2602E-15
7.871	0.2638E-15
8.170	0.2672E-15
8.482	0.2706E-15
8.805	0.2738E-15
9.140	0.2770E-15
9.488	0.2800E-15
9.849	0.2830E-15
10.22	0.2859E-15
10.61	0.2887E-15
11.02	0.2914E-15
11.44	0.2941E-15
11.87	0.2967E-15
12.33	0.2993E-15
12.80	0.3019E-15
13.28	0.3046E-15
13.79	0.3072E-15
14.31	0.3099E-15
14.86	0.3128E-15
15.42	0.3157E-15
16.01	0.3188E-15
16.62	0.3221E-15
17.25	0.3257E-15
17.91	0.3295E-15
18.59	0.3336E-15
19.30	0.3381E-15
20.04	0.3430E-15
20.80	0.3484E-15
21.59	0.3542E-15
22.42	0.3606E-15
23.27	0.3676E-15
24.16	0.3752E-15
25.08	0.3835E-15
26.03	0.3925E-15
27.02	0.4022E-15
28.05	0.4127E-15
29.12	0.4240E-15
30.23	0.4361E-15
31.38	0.4489E-15
32.57	0.4624E-15
33.82	0.4766E-15
35.10	0.4913E-15
36.44	0.5066E-15
37.83	0.5222E-15
39.27	0.5380E-15
40.76	0.5541E-15
42.32	0.5702E-15
43.93	0.5862E-15
45.60	0.6021E-15
47.34	0.6178E-15
49.14	0.6332E-15
51.01	0.6483E-15
52.96	0.6631E-15
54.97	0.6776E-15
57.07	0.6917E-15
59.24	0.7054E-15
61.50	0.7189E-15
63.84	0.7320E-15
66.27	0.7448E-15
68.79	0.7574E-15
71.41	0.7697E-15
74.13	0.7818E-15
76.96	0.7937E-15
79.89	0.8054E-15
82.93	0.8169E-15
86.09	0.8284E-15
89.37	0.8396E-15
92.77	0.8508E-15
96.31	0.8619E-15
99.97	0.8729E-15
103.8	0.8838E-15
107.7	0.8946E-15
111.8	0.9054E-15
116.1	0.9161E-15
120.5	0.9267E-15
125.1	0.9373E-15
129.9	0.9478E-15
134.8	0.9583E-15
140.0	0.9687E-15
145.3	0.9790E-15
150.8	0.9893E-15
156.6	0.9995E-15
162.5	0.1010E-14
168.7	0.1020E-14
175.1	0.1030E-14
181.8	0.1039E-14
188.7	0.1049E-14
195.9	0.1059E-14
203.4	0.1068E-14
211.1	0.1078E-14
219.2	0.1087E-14
227.5	0.1096E-14
236.2	0.1105E-14
245.2	0.1114E-14
254.5	0.1123E-14
264.2	0.1132E-14
274.3	0.1140E-14
284.7	0.1149E-14
295.6	0.1157E-14
306.8	0.1165E-14
318.5	0.1172E-14
330.6	0.1180E-14
343.2	0.1188E-14
356.3	0.1195E-14
369.9	0.1202E-14
384.0	0.1209E-14
398.6	0.1215E-14
413.8	0.1222E-14
429.5	0.1228E-14
445.9	0.1234E-14
462.9	0.1240E-14
480.5	0.1245E-14
498.8	0.1251E-14
517.8	0.1256E-14
537.5	0.1261E-14
558.0	0.1265E-14
579.2	0.1270E-14
601.3	0.1274E-14
624.2	0.1278E-14
648.0	0.1282E-14
672.6	0.1285E-14
698.3	0.1288E-14
724.9	0.1291E-14
752.5	0.1293E-14
781.1	0.1295E-14
810.9	0.1297E-14
841.8	0.1299E-14
873.8	0.1300E-14
907.1	0.1301E-14
941.6	0.1301E-14
977.5	0.1301E-14
1015.	0.1301E-14
1053.	0.1300E-14
1094.	0.1299E-14
1135.	0.1298E-14
1178.	0.1296E-14
1223.	0.1293E-14
1270.	0.1291E-14
1318.	0.1287E-14
1368.	0.1283E-14
1421.	0.1279E-14
1475.	0.1274E-14
1531.	0.1269E-14
1589.	0.1263E-14
1650.	0.1257E-14
1712.	0.1250E-14
1778.	0.1243E-14
1845.	0.1235E-14
1916.	0.1227E-14
1989.	0.1218E-14
2064.	0.1209E-14
2143.	0.1199E-14
2225.	0.1188E-14
2309.	0.1177E-14
2397.	0.1166E-14
2489.	0.1154E-14
2583.	0.1142E-14
2682.	0.1129E-14
2784.	0.1115E-14
2890.	0.1102E-14
3000.	0.1088E-14
 
 
C4    C2H6    Excitation    0.37 eV                             
E/N (Td)	Energy loss coefficient (eV m3/s)
0.1000E-02	0.1614E-23
0.1038E-02	0.1749E-23
0.1078E-02	0.1884E-23
0.1119E-02	0.2028E-23
0.1161E-02	0.2184E-23
0.1205E-02	0.2352E-23
0.1251E-02	0.2532E-23
0.1299E-02	0.2725E-23
0.1349E-02	0.2933E-23
0.1400E-02	0.3157E-23
0.1453E-02	0.3398E-23
0.1509E-02	0.3656E-23
0.1566E-02	0.3933E-23
0.1626E-02	0.4231E-23
0.1688E-02	0.4551E-23
0.1752E-02	0.4895E-23
0.1819E-02	0.5263E-23
0.1888E-02	0.5658E-23
0.1960E-02	0.6082E-23
0.2034E-02	0.6536E-23
0.2112E-02	0.7022E-23
0.2192E-02	0.7543E-23
0.2276E-02	0.8100E-23
0.2362E-02	0.8696E-23
0.2452E-02	0.9333E-23
0.2546E-02	0.1001E-22
0.2643E-02	0.1074E-22
0.2743E-02	0.1152E-22
0.2848E-02	0.1234E-22
0.2956E-02	0.1322E-22
0.3069E-02	0.1416E-22
0.3186E-02	0.1516E-22
0.3307E-02	0.1621E-22
0.3433E-02	0.1733E-22
0.3564E-02	0.1852E-22
0.3700E-02	0.1978E-22
0.3841E-02	0.2111E-22
0.3987E-02	0.2251E-22
0.4139E-02	0.2398E-22
0.4296E-02	0.2553E-22
0.4460E-02	0.2716E-22
0.4630E-02	0.2886E-22
0.4806E-02	0.3064E-22
0.4989E-02	0.3250E-22
0.5179E-02	0.3443E-22
0.5377E-02	0.3644E-22
0.5581E-02	0.3851E-22
0.5794E-02	0.4066E-22
0.6015E-02	0.4287E-22
0.6244E-02	0.4513E-22
0.6481E-02	0.4745E-22
0.6728E-02	0.4981E-22
0.6985E-02	0.5222E-22
0.7251E-02	0.5465E-22
0.7527E-02	0.5711E-22
0.7813E-02	0.5958E-22
0.8111E-02	0.6206E-22
0.8420E-02	0.6453E-22
0.8741E-02	0.6699E-22
0.9073E-02	0.6943E-22
0.9419E-02	0.7183E-22
0.9778E-02	0.7420E-22
0.1015E-01	0.7651E-22
0.1054E-01	0.7876E-22
0.1094E-01	0.8094E-22
0.1135E-01	0.8306E-22
0.1179E-01	0.8509E-22
0.1224E-01	0.8704E-22
0.1270E-01	0.8890E-22
0.1319E-01	0.9067E-22
0.1369E-01	0.9235E-22
0.1421E-01	0.9393E-22
0.1475E-01	0.9541E-22
0.1531E-01	0.9681E-22
0.1590E-01	0.9810E-22
0.1650E-01	0.9931E-22
0.1713E-01	0.1004E-21
0.1778E-01	0.1015E-21
0.1846E-01	0.1024E-21
0.1916E-01	0.1033E-21
0.1989E-01	0.1041E-21
0.2065E-01	0.1048E-21
0.2144E-01	0.1055E-21
0.2225E-01	0.1061E-21
0.2310E-01	0.1067E-21
0.2398E-01	0.1072E-21
0.2489E-01	0.1077E-21
0.2584E-01	0.1082E-21
0.2682E-01	0.1086E-21
0.2785E-01	0.1090E-21
0.2891E-01	0.1094E-21
0.3001E-01	0.1098E-21
0.3115E-01	0.1101E-21
0.3234E-01	0.1105E-21
0.3357E-01	0.1108E-21
0.3485E-01	0.1112E-21
0.3617E-01	0.1116E-21
0.3755E-01	0.1120E-21
0.3898E-01	0.1124E-21
0.4047E-01	0.1128E-21
0.4201E-01	0.1133E-21
0.4361E-01	0.1138E-21
0.4527E-01	0.1143E-21
0.4699E-01	0.1149E-21
0.4878E-01	0.1155E-21
0.5064E-01	0.1161E-21
0.5257E-01	0.1168E-21
0.5457E-01	0.1175E-21
0.5665E-01	0.1183E-21
0.5881E-01	0.1192E-21
0.6105E-01	0.1201E-21
0.6337E-01	0.1211E-21
0.6579E-01	0.1221E-21
0.6829E-01	0.1232E-21
0.7089E-01	0.1244E-21
0.7359E-01	0.1257E-21
0.7640E-01	0.1271E-21
0.7931E-01	0.1286E-21
0.8233E-01	0.1301E-21
0.8546E-01	0.1318E-21
0.8872E-01	0.1336E-21
0.9210E-01	0.1355E-21
0.9560E-01	0.1375E-21
0.9924E-01	0.1396E-21
0.1030	0.1419E-21
0.1069	0.1444E-21
0.1110	0.1470E-21
0.1152	0.1497E-21
0.1196	0.1527E-21
0.1242	0.1559E-21
0.1289	0.1592E-21
0.1338	0.1629E-21
0.1389	0.1667E-21
0.1442	0.1709E-21
0.1497	0.1754E-21
0.1554	0.1803E-21
0.1613	0.1856E-21
0.1675	0.1914E-21
0.1739	0.1978E-21
0.1805	0.2048E-21
0.1874	0.2125E-21
0.1945	0.2212E-21
0.2019	0.2310E-21
0.2096	0.2419E-21
0.2176	0.2544E-21
0.2259	0.2687E-21
0.2345	0.2850E-21
0.2434	0.3038E-21
0.2527	0.3256E-21
0.2623	0.3509E-21
0.2723	0.3803E-21
0.2826	0.4146E-21
0.2934	0.4547E-21
0.3046	0.5016E-21
0.3162	0.5566E-21
0.3282	0.6208E-21
0.3407	0.6960E-21
0.3537	0.7840E-21
0.3672	0.8867E-21
0.3812	0.1007E-20
0.3957	0.1146E-20
0.4107	0.1309E-20
0.4264	0.1499E-20
0.4426	0.1719E-20
0.4595	0.1974E-20
0.4770	0.2271E-20
0.4952	0.2615E-20
0.5140	0.3015E-20
0.5336	0.3480E-20
0.5539	0.4023E-20
0.5750	0.4659E-20
0.5969	0.5408E-20
0.6196	0.6295E-20
0.6432	0.7353E-20
0.6677	0.8625E-20
0.6932	0.1017E-19
0.7196	0.1206E-19
0.7470	0.1438E-19
0.7754	0.1729E-19
0.8050	0.2092E-19
0.8356	0.2549E-19
0.8674	0.3126E-19
0.9005	0.3857E-19
0.9348	0.4786E-19
0.9704	0.5965E-19
1.007	0.7461E-19
1.046	0.9354E-19
1.086	0.1174E-18
1.127	0.1475E-18
1.170	0.1852E-18
1.214	0.2323E-18
1.261	0.2907E-18
1.309	0.3629E-18
1.358	0.4517E-18
1.410	0.5604E-18
1.464	0.6926E-18
1.520	0.8527E-18
1.578	0.1046E-17
1.638	0.1276E-17
1.700	0.1552E-17
1.765	0.1878E-17
1.832	0.2263E-17
1.902	0.2716E-17
1.974	0.3244E-17
2.049	0.3859E-17
2.127	0.4570E-17
2.208	0.5390E-17
2.293	0.6329E-17
2.380	0.7402E-17
2.470	0.8622E-17
2.565	0.1001E-16
2.662	0.1157E-16
2.764	0.1332E-16
2.869	0.1528E-16
2.978	0.1746E-16
3.092	0.1991E-16
3.209	0.2259E-16
3.332	0.2556E-16
3.458	0.2883E-16
3.590	0.3241E-16
3.727	0.3627E-16
3.869	0.4054E-16
4.016	0.4518E-16
4.169	0.5022E-16
4.328	0.5566E-16
4.493	0.6154E-16
4.664	0.6787E-16
4.841	0.7467E-16
5.026	0.8196E-16
5.217	0.8975E-16
5.416	0.9810E-16
5.622	0.1070E-15
5.836	0.1164E-15
6.059	0.1264E-15
6.289	0.1370E-15
6.529	0.1482E-15
6.778	0.1600E-15
7.036	0.1724E-15
7.304	0.1854E-15
7.582	0.1991E-15
7.871	0.2135E-15
8.170	0.2284E-15
8.482	0.2440E-15
8.805	0.2603E-15
9.140	0.2771E-15
9.488	0.2946E-15
9.849	0.3127E-15
10.22	0.3314E-15
10.61	0.3506E-15
11.02	0.3704E-15
11.44	0.3908E-15
11.87	0.4115E-15
12.33	0.4328E-15
12.80	0.4546E-15
13.28	0.4768E-15
13.79	0.4993E-15
14.31	0.5222E-15
14.86	0.5455E-15
15.42	0.5691E-15
16.01	0.5930E-15
16.62	0.6172E-15
17.25	0.6418E-15
17.91	0.6666E-15
18.59	0.6918E-15
19.30	0.7173E-15
20.04	0.7432E-15
20.80	0.7695E-15
21.59	0.7964E-15
22.42	0.8237E-15
23.27	0.8517E-15
24.16	0.8803E-15
25.08	0.9096E-15
26.03	0.9397E-15
27.02	0.9706E-15
28.05	0.1002E-14
29.12	0.1035E-14
30.23	0.1069E-14
31.38	0.1103E-14
32.57	0.1138E-14
33.82	0.1173E-14
35.10	0.1210E-14
36.44	0.1246E-14
37.83	0.1282E-14
39.27	0.1319E-14
40.76	0.1355E-14
42.32	0.1391E-14
43.93	0.1426E-14
45.60	0.1460E-14
47.34	0.1493E-14
49.14	0.1526E-14
51.01	0.1558E-14
52.96	0.1588E-14
54.97	0.1618E-14
57.07	0.1647E-14
59.24	0.1675E-14
61.50	0.1702E-14
63.84	0.1729E-14
66.27	0.1755E-14
68.79	0.1780E-14
71.41	0.1804E-14
74.13	0.1828E-14
76.96	0.1852E-14
79.89	0.1875E-14
82.93	0.1898E-14
86.09	0.1921E-14
89.37	0.1943E-14
92.77	0.1965E-14
96.31	0.1987E-14
99.97	0.2009E-14
103.8	0.2030E-14
107.7	0.2052E-14
111.8	0.2073E-14
116.1	0.2094E-14
120.5	0.2115E-14
125.1	0.2136E-14
129.9	0.2156E-14
134.8	0.2177E-14
140.0	0.2198E-14
145.3	0.2218E-14
150.8	0.2238E-14
156.6	0.2258E-14
162.5	0.2278E-14
168.7	0.2298E-14
175.1	0.2318E-14
181.8	0.2337E-14
188.7	0.2356E-14
195.9	0.2376E-14
203.4	0.2394E-14
211.1	0.2413E-14
219.2	0.2432E-14
227.5	0.2450E-14
236.2	0.2468E-14
245.2	0.2485E-14
254.5	0.2502E-14
264.2	0.2519E-14
274.3	0.2536E-14
284.7	0.2552E-14
295.6	0.2568E-14
306.8	0.2584E-14
318.5	0.2599E-14
330.6	0.2614E-14
343.2	0.2628E-14
356.3	0.2642E-14
369.9	0.2655E-14
384.0	0.2668E-14
398.6	0.2681E-14
413.8	0.2693E-14
429.5	0.2704E-14
445.9	0.2715E-14
462.9	0.2726E-14
480.5	0.2735E-14
498.8	0.2745E-14
517.8	0.2753E-14
537.5	0.2761E-14
558.0	0.2768E-14
579.2	0.2775E-14
601.3	0.2781E-14
624.2	0.2786E-14
648.0	0.2791E-14
672.6	0.2795E-14
698.3	0.2798E-14
724.9	0.2800E-14
752.5	0.2802E-14
781.1	0.2802E-14
810.9	0.2802E-14
841.8	0.2801E-14
873.8	0.2799E-14
907.1	0.2797E-14
941.6	0.2793E-14
977.5	0.2788E-14
1015.	0.2783E-14
1053.	0.2776E-14
1094.	0.2768E-14
1135.	0.2760E-14
1178.	0.2750E-14
1223.	0.2739E-14
1270.	0.2727E-14
1318.	0.2714E-14
1368.	0.2700E-14
1421.	0.2685E-14
1475.	0.2669E-14
1531.	0.2652E-14
1589.	0.2633E-14
1650.	0.2614E-14
1712.	0.2593E-14
1778.	0.2571E-14
1845.	0.2548E-14
1916.	0.2524E-14
1989.	0.2500E-14
2064.	0.2474E-14
2143.	0.2447E-14
2225.	0.2419E-14
2309.	0.2390E-14
2397.	0.2360E-14
2489.	0.2329E-14
2583.	0.2298E-14
2682.	0.2265E-14
2784.	0.2232E-14
2890.	0.2198E-14
3000.	0.2164E-14
 
 
C5    C2H6    Excitation    10.12 eV                            
E/N (Td)	Energy loss coefficient (eV m3/s)
0.1000E-02	-0.4375-183
0.1038E-02	-0.4379-183
0.1078E-02	-0.4379-183
0.1119E-02	-0.4380-183
0.1161E-02	-0.4380-183
0.1205E-02	-0.4381-183
0.1251E-02	-0.4381-183
0.1299E-02	-0.4382-183
0.1349E-02	-0.4383-183
0.1400E-02	-0.4384-183
0.1453E-02	-0.4384-183
0.1509E-02	-0.4385-183
0.1566E-02	-0.4386-183
0.1626E-02	-0.4387-183
0.1688E-02	-0.4388-183
0.1752E-02	-0.4389-183
0.1819E-02	-0.4391-183
0.1888E-02	-0.4392-183
0.1960E-02	-0.4393-183
0.2034E-02	-0.4395-183
0.2112E-02	-0.4396-183
0.2192E-02	-0.4398-183
0.2276E-02	-0.4400-183
0.2362E-02	-0.4402-183
0.2452E-02	-0.4404-183
0.2546E-02	-0.4406-183
0.2643E-02	-0.4408-183
0.2743E-02	-0.4411-183
0.2848E-02	-0.4414-183
0.2956E-02	-0.4416-183
0.3069E-02	-0.4419-183
0.3186E-02	-0.4423-183
0.3307E-02	-0.4426-183
0.3433E-02	-0.4430-183
0.3564E-02	-0.4433-183
0.3700E-02	-0.4437-183
0.3841E-02	-0.4442-183
0.3987E-02	-0.4446-183
0.4139E-02	-0.4450-183
0.4296E-02	-0.4455-183
0.4460E-02	-0.4460-183
0.4630E-02	-0.4465-183
0.4806E-02	-0.4471-183
0.4989E-02	-0.4476-183
0.5179E-02	-0.4482-183
0.5377E-02	-0.4488-183
0.5581E-02	-0.4494-183
0.5794E-02	-0.4500-183
0.6015E-02	-0.4507-183
0.6244E-02	-0.4513-183
0.6481E-02	-0.4520-183
0.6728E-02	-0.4526-183
0.6985E-02	-0.4532-183
0.7251E-02	-0.4539-183
0.7527E-02	-0.4545-183
0.7813E-02	-0.4551-183
0.8111E-02	-0.4557-183
0.8420E-02	-0.4563-183
0.8741E-02	-0.4569-183
0.9073E-02	-0.4574-183
0.9419E-02	-0.4579-183
0.9778E-02	-0.4584-183
0.1015E-01	-0.4588-183
0.1054E-01	-0.4592-183
0.1094E-01	-0.4595-183
0.1135E-01	-0.4598-183
0.1179E-01	-0.4601-183
0.1224E-01	-0.4603-183
0.1270E-01	-0.4604-183
0.1319E-01	-0.4605-183
0.1369E-01	-0.4606-183
0.1421E-01	-0.4606-183
0.1475E-01	-0.4606-183
0.1531E-01	-0.4605-183
0.1590E-01	-0.4603-183
0.1650E-01	-0.4602-183
0.1713E-01	-0.4600-183
0.1778E-01	-0.4597-183
0.1846E-01	-0.4594-183
0.1916E-01	-0.4591-183
0.1989E-01	-0.4588-183
0.2065E-01	-0.4584-183
0.2144E-01	-0.4581-183
0.2225E-01	-0.4577-183
0.2310E-01	-0.4573-183
0.2398E-01	-0.4569-183
0.2489E-01	-0.4565-183
0.2584E-01	-0.4560-183
0.2682E-01	-0.4556-183
0.2785E-01	-0.4552-183
0.2891E-01	-0.4548-183
0.3001E-01	-0.4544-183
0.3115E-01	-0.4541-183
0.3234E-01	-0.4537-183
0.3357E-01	-0.4534-183
0.3485E-01	-0.4531-183
0.3617E-01	-0.4528-183
0.3755E-01	-0.4526-183
0.3898E-01	-0.4524-183
0.4047E-01	-0.4522-183
0.4201E-01	-0.4521-183
0.4361E-01	-0.4520-183
0.4527E-01	-0.4519-183
0.4699E-01	-0.4519-183
0.4878E-01	-0.4519-183
0.5064E-01	-0.4519-183
0.5257E-01	-0.4520-183
0.5457E-01	-0.4521-183
0.5665E-01	-0.4523-183
0.5881E-01	-0.4525-183
0.6105E-01	-0.4528-183
0.6337E-01	-0.4531-183
0.6579E-01	-0.4535-183
0.6829E-01	-0.4539-183
0.7089E-01	-0.4543-183
0.7359E-01	-0.4548-183
0.7640E-01	-0.4554-183
0.7931E-01	-0.4560-183
0.8233E-01	-0.4566-183
0.8546E-01	-0.4573-183
0.8872E-01	-0.4581-183
0.9210E-01	-0.4589-183
0.9560E-01	-0.4598-183
0.9924E-01	-0.4607-183
0.1030	-0.4617-183
0.1069	-0.4627-183
0.1110	-0.4638-183
0.1152	-0.4649-183
0.1196	-0.4661-183
0.1242	-0.4674-183
0.1289	-0.4687-183
0.1338	-0.4701-183
0.1389	-0.4715-183
0.1442	-0.4730-183
0.1497	-0.4746-183
0.1554	-0.4762-183
0.1613	-0.4779-183
0.1675	-0.4797-183
0.1739	-0.4815-183
0.1805	-0.4834-183
0.1874	-0.4854-183
0.1945	-0.4874-183
0.2019	-0.4896-183
0.2096	-0.4918-183
0.2176	-0.4941-183
0.2259	-0.4964-183
0.2345	-0.4989-183
0.2434	-0.5014-183
0.2527	-0.5040-183
0.2623	-0.5067-183
0.2723	-0.5095-183
0.2826	-0.5124-183
0.2934	-0.5154-183
0.3046	-0.5185-183
0.3162	-0.5216-183
0.3282	-0.5249-183
0.3407	-0.5283-183
0.3537	-0.5318-183
0.3672	-0.5353-183
0.3812	-0.5390-183
0.3957	-0.5428-183
0.4107	-0.5467-183
0.4264	-0.5507-183
0.4426	-0.5549-183
0.4595	-0.5591-183
0.4770	-0.5635-183
0.4952	-0.5679-183
0.5140	-0.5725-183
0.5336	-0.5772-183
0.5539	-0.5820-183
0.5750	-0.5869-183
0.5969	-0.5920-183
0.6196	-0.5971-183
0.6432	-0.6024-183
0.6677	-0.6078-183
0.6932	-0.6132-183
0.7196	-0.6188-183
0.7470	-0.6245-183
0.7754	-0.6305-183
0.8050	-0.6364-183
0.8356	-0.6423-183
0.8674	-0.6484-183
0.9005	-0.6544-183
0.9348	-0.6607-183
0.9704	-0.6669-183
1.007	-0.6733-183
1.046	-0.6797-183
1.086	-0.6862-183
1.127	-0.6927-183
1.170	-0.6993-183
1.214	-0.7058-183
1.261	-0.7124-183
1.309	-0.7190-183
1.358	-0.7256-183
1.410	-0.7322-183
1.464	-0.7388-183
1.520	-0.7453-183
1.578	-0.7518-183
1.638	-0.7581-183
1.700	-0.7646-183
1.765	-0.7709-183
1.832	-0.7772-183
1.902	-0.7834-183
1.974	-0.7895-183
2.049	-0.7956-183
2.127	-0.8015-183
2.208	-0.8073-183
2.293	-0.8130-183
2.380	-0.8186-183
2.470	-0.8241-183
2.565	-0.8294-183
2.662	-0.8346-183
2.764	-0.8397-183
2.869	-0.8446-183
2.978	-0.8494-183
3.092	-0.8543-183
3.209	-0.8588-183
3.332	-0.8632-183
3.458	-0.8674-183
3.590	-0.8716-183
3.727	-0.8753-183
3.869	-0.8792-183
4.016	-0.8830-183
4.169	-0.8867-183
4.328	-0.8903-183
4.493	-0.8937-183
4.664	-0.8971-183
4.841	-0.9004-183
5.026	-0.9037-183
5.217	-0.9068-183
5.416	-0.9100-183
5.622	-0.9130-183
5.836	-0.9160-183
6.059	-0.9190-183
6.289	-0.9220-183
6.529	-0.9251-183
6.778	-0.9280-183
7.036	-0.9311-183
7.304	-0.9341-183
7.582	-0.9373-183
7.871	-0.9406-183
8.170	-0.9439-183
8.482	-0.9475-183
8.805	-0.9512-183
9.140	-0.9551-183
9.488	-0.9593-183
9.849	-0.9638-183
10.22	-0.9686-183
10.61	-0.9739-183
11.02	-0.9796-183
11.44	-0.9859-183
11.87	-0.9928-183
12.33	-0.1000-182
12.80	-0.1009-182
13.28	-0.1018-182
13.79	-0.1028-182
14.31	-0.1039-182
14.86	-0.1051-182
15.42	-0.1064-182
16.01	-0.1079-182
16.62	-0.1095-182
17.25	0.3415E-27
17.91	0.1484E-26
18.59	0.6032E-26
19.30	0.2296E-25
20.04	0.8205E-25
20.80	0.2757E-24
21.59	0.2040E-23
22.42	0.6330E-23
23.27	0.1859E-22
24.16	0.5177E-22
25.08	0.1370E-21
26.03	0.3449E-21
27.02	0.8310E-21
28.05	0.1905E-20
29.12	0.4179E-20
30.23	0.8786E-20
31.38	0.1774E-19
32.57	0.3444E-19
33.82	0.6445E-19
35.10	0.1164E-18
36.44	0.2034E-18
37.83	0.3440E-18
39.27	0.5646E-18
40.76	0.9007E-18
42.32	0.1399E-17
43.93	0.2120E-17
45.60	0.3139E-17
47.34	0.4549E-17
49.14	0.6460E-17
51.01	0.9007E-17
52.96	0.1234E-16
54.97	0.1664E-16
57.07	0.2211E-16
59.24	0.2898E-16
61.50	0.3752E-16
63.84	0.4800E-16
66.27	0.6076E-16
68.79	0.7614E-16
71.41	0.9455E-16
74.13	0.1164E-15
76.96	0.1422E-15
79.89	0.1724E-15
82.93	0.2075E-15
86.09	0.2483E-15
89.37	0.2953E-15
92.77	0.3492E-15
96.31	0.4108E-15
99.97	0.4810E-15
103.8	0.5605E-15
107.7	0.6504E-15
111.8	0.7517E-15
116.1	0.8654E-15
120.5	0.9928E-15
125.1	0.1135E-14
129.9	0.1294E-14
134.8	0.1470E-14
140.0	0.1665E-14
145.3	0.1882E-14
150.8	0.2121E-14
156.6	0.2385E-14
162.5	0.2675E-14
168.7	0.2994E-14
175.1	0.3344E-14
181.8	0.3728E-14
188.7	0.4147E-14
195.9	0.4606E-14
203.4	0.5106E-14
211.1	0.5652E-14
219.2	0.6245E-14
227.5	0.6890E-14
236.2	0.7590E-14
245.2	0.8350E-14
254.5	0.9172E-14
264.2	0.1006E-13
274.3	0.1102E-13
284.7	0.1206E-13
295.6	0.1318E-13
306.8	0.1439E-13
318.5	0.1569E-13
330.6	0.1709E-13
343.2	0.1859E-13
356.3	0.2020E-13
369.9	0.2192E-13
384.0	0.2377E-13
398.6	0.2575E-13
413.8	0.2786E-13
429.5	0.3012E-13
445.9	0.3253E-13
462.9	0.3509E-13
480.5	0.3783E-13
498.8	0.4073E-13
517.8	0.4382E-13
537.5	0.4710E-13
558.0	0.5058E-13
579.2	0.5427E-13
601.3	0.5817E-13
624.2	0.6229E-13
648.0	0.6665E-13
672.6	0.7126E-13
698.3	0.7611E-13
724.9	0.8122E-13
752.5	0.8660E-13
781.1	0.9226E-13
810.9	0.9820E-13
841.8	0.1044E-12
873.8	0.1110E-12
907.1	0.1178E-12
941.6	0.1250E-12
977.5	0.1324E-12
1015.	0.1402E-12
1053.	0.1484E-12
1094.	0.1568E-12
1135.	0.1656E-12
1178.	0.1748E-12
1223.	0.1843E-12
1270.	0.1941E-12
1318.	0.2043E-12
1368.	0.2148E-12
1421.	0.2257E-12
1475.	0.2370E-12
1531.	0.2485E-12
1589.	0.2604E-12
1650.	0.2726E-12
1712.	0.2852E-12
1778.	0.2980E-12
1845.	0.3112E-12
1916.	0.3246E-12
1989.	0.3383E-12
2064.	0.3523E-12
2143.	0.3665E-12
2225.	0.3809E-12
2309.	0.3955E-12
2397.	0.4103E-12
2489.	0.4252E-12
2583.	0.4403E-12
2682.	0.4555E-12
2784.	0.4708E-12
2890.	0.4861E-12
3000.	0.5015E-12
 
 
C6    C2H6    Excitation    7.53 eV                             
E/N (Td)	Energy loss coefficient (eV m3/s)
0.1000E-02	-0.1907-139
0.1038E-02	-0.1907-139
0.1078E-02	-0.1908-139
0.1119E-02	-0.1908-139
0.1161E-02	-0.1908-139
0.1205E-02	-0.1908-139
0.1251E-02	-0.1908-139
0.1299E-02	-0.1908-139
0.1349E-02	-0.1909-139
0.1400E-02	-0.1909-139
0.1453E-02	-0.1909-139
0.1509E-02	-0.1909-139
0.1566E-02	-0.1910-139
0.1626E-02	-0.1910-139
0.1688E-02	-0.1910-139
0.1752E-02	-0.1911-139
0.1819E-02	-0.1911-139
0.1888E-02	-0.1911-139
0.1960E-02	-0.1912-139
0.2034E-02	-0.1912-139
0.2112E-02	-0.1913-139
0.2192E-02	-0.1913-139
0.2276E-02	-0.1914-139
0.2362E-02	-0.1914-139
0.2452E-02	-0.1915-139
0.2546E-02	-0.1916-139
0.2643E-02	-0.1916-139
0.2743E-02	-0.1917-139
0.2848E-02	-0.1918-139
0.2956E-02	-0.1919-139
0.3069E-02	-0.1920-139
0.3186E-02	-0.1922-139
0.3307E-02	-0.1923-139
0.3433E-02	-0.1924-139
0.3564E-02	-0.1925-139
0.3700E-02	-0.1926-139
0.3841E-02	-0.1927-139
0.3987E-02	-0.1929-139
0.4139E-02	-0.1930-139
0.4296E-02	-0.1932-139
0.4460E-02	-0.1933-139
0.4630E-02	-0.1935-139
0.4806E-02	-0.1936-139
0.4989E-02	-0.1938-139
0.5179E-02	-0.1939-139
0.5377E-02	-0.1941-139
0.5581E-02	-0.1943-139
0.5794E-02	-0.1944-139
0.6015E-02	-0.1946-139
0.6244E-02	-0.1948-139
0.6481E-02	-0.1950-139
0.6728E-02	-0.1951-139
0.6985E-02	-0.1953-139
0.7251E-02	-0.1955-139
0.7527E-02	-0.1956-139
0.7813E-02	-0.1958-139
0.8111E-02	-0.1959-139
0.8420E-02	-0.1960-139
0.8741E-02	-0.1961-139
0.9073E-02	-0.1962-139
0.9419E-02	-0.1963-139
0.9778E-02	-0.1964-139
0.1015E-01	-0.1965-139
0.1054E-01	-0.1965-139
0.1094E-01	-0.1965-139
0.1135E-01	-0.1965-139
0.1179E-01	-0.1965-139
0.1224E-01	-0.1965-139
0.1270E-01	-0.1965-139
0.1319E-01	-0.1964-139
0.1369E-01	-0.1963-139
0.1421E-01	-0.1962-139
0.1475E-01	-0.1961-139
0.1531E-01	-0.1960-139
0.1590E-01	-0.1958-139
0.1650E-01	-0.1957-139
0.1713E-01	-0.1955-139
0.1778E-01	-0.1953-139
0.1846E-01	-0.1951-139
0.1916E-01	-0.1949-139
0.1989E-01	-0.1947-139
0.2065E-01	-0.1945-139
0.2144E-01	-0.1942-139
0.2225E-01	-0.1940-139
0.2310E-01	-0.1938-139
0.2398E-01	-0.1935-139
0.2489E-01	-0.1933-139
0.2584E-01	-0.1931-139
0.2682E-01	-0.1928-139
0.2785E-01	-0.1926-139
0.2891E-01	-0.1924-139
0.3001E-01	-0.1922-139
0.3115E-01	-0.1920-139
0.3234E-01	-0.1918-139
0.3357E-01	-0.1916-139
0.3485E-01	-0.1915-139
0.3617E-01	-0.1913-139
0.3755E-01	-0.1912-139
0.3898E-01	-0.1910-139
0.4047E-01	-0.1909-139
0.4201E-01	-0.1908-139
0.4361E-01	-0.1907-139
0.4527E-01	-0.1906-139
0.4699E-01	-0.1906-139
0.4878E-01	-0.1905-139
0.5064E-01	-0.1905-139
0.5257E-01	-0.1905-139
0.5457E-01	-0.1905-139
0.5665E-01	-0.1906-139
0.5881E-01	-0.1906-139
0.6105E-01	-0.1907-139
0.6337E-01	-0.1907-139
0.6579E-01	-0.1908-139
0.6829E-01	-0.1910-139
0.7089E-01	-0.1911-139
0.7359E-01	-0.1912-139
0.7640E-01	-0.1914-139
0.7931E-01	-0.1916-139
0.8233E-01	-0.1918-139
0.8546E-01	-0.1920-139
0.8872E-01	-0.1923-139
0.9210E-01	-0.1925-139
0.9560E-01	-0.1928-139
0.9924E-01	-0.1931-139
0.1030	-0.1934-139
0.1069	-0.1937-139
0.1110	-0.1941-139
0.1152	-0.1945-139
0.1196	-0.1948-139
0.1242	-0.1953-139
0.1289	-0.1957-139
0.1338	-0.1961-139
0.1389	-0.1966-139
0.1442	-0.1971-139
0.1497	-0.1976-139
0.1554	-0.1981-139
0.1613	-0.1986-139
0.1675	-0.1992-139
0.1739	-0.1997-139
0.1805	-0.2003-139
0.1874	-0.2009-139
0.1945	-0.2015-139
0.2019	-0.2022-139
0.2096	-0.2029-139
0.2176	-0.2035-139
0.2259	-0.2042-139
0.2345	-0.2050-139
0.2434	-0.2057-139
0.2527	-0.2064-139
0.2623	-0.2072-139
0.2723	-0.2080-139
0.2826	-0.2088-139
0.2934	-0.2096-139
0.3046	-0.2105-139
0.3162	-0.2114-139
0.3282	-0.2122-139
0.3407	-0.2131-139
0.3537	-0.2140-139
0.3672	-0.2150-139
0.3812	-0.2159-139
0.3957	-0.2169-139
0.4107	-0.2179-139
0.4264	-0.2189-139
0.4426	-0.2198-139
0.4595	-0.2208-139
0.4770	-0.2219-139
0.4952	-0.2230-139
0.5140	-0.2240-139
0.5336	-0.2251-139
0.5539	-0.2262-139
0.5750	-0.2273-139
0.5969	-0.2284-139
0.6196	-0.2295-139
0.6432	-0.2306-139
0.6677	-0.2318-139
0.6932	-0.2329-139
0.7196	-0.2341-139
0.7470	-0.2352-139
0.7754	-0.2364-139
0.8050	-0.2375-139
0.8356	-0.2387-139
0.8674	-0.2398-139
0.9005	-0.2409-139
0.9348	-0.2421-139
0.9704	-0.2432-139
1.007	-0.2443-139
1.046	-0.2454-139
1.086	-0.2465-139
1.127	-0.2476-139
1.170	-0.2487-139
1.214	-0.2497-139
1.261	-0.2508-139
1.309	-0.2518-139
1.358	-0.2528-139
1.410	-0.2538-139
1.464	-0.2548-139
1.520	-0.2558-139
1.578	-0.2567-139
1.638	-0.2576-139
1.700	-0.2585-139
1.765	-0.2594-139
1.832	-0.2603-139
1.902	-0.2612-139
1.974	-0.2620-139
2.049	-0.2629-139
2.127	-0.2637-139
2.208	-0.2644-139
2.293	-0.2652-139
2.380	-0.2660-139
2.470	-0.2667-139
2.565	-0.2675-139
2.662	-0.2682-139
2.764	-0.2689-139
2.869	-0.2696-139
2.978	-0.2703-139
3.092	-0.2711-139
3.209	-0.2718-139
3.332	-0.2725-139
3.458	-0.2732-139
3.590	-0.2739-139
3.727	-0.2746-139
3.869	-0.2753-139
4.016	-0.2760-139
4.169	-0.2768-139
4.328	-0.2776-139
4.493	-0.2784-139
4.664	-0.2792-139
4.841	-0.2801-139
5.026	-0.2810-139
5.217	-0.2820-139
5.416	-0.2830-139
5.622	-0.2840-139
5.836	-0.2851-139
6.059	-0.2863-139
6.289	-0.2876-139
6.529	-0.2890-139
6.778	-0.2904-139
7.036	-0.2919-139
7.304	-0.2936-139
7.582	-0.2953-139
7.871	-0.2972-139
8.170	-0.2993-139
8.482	-0.3015-139
8.805	-0.3038-139
9.140	-0.3064-139
9.488	-0.3092-139
9.849	-0.3121-139
10.22	-0.3153-139
10.61	-0.3188-139
11.02	-0.3225-139
11.44	-0.3265-139
11.87	-0.3307-139
12.33	-0.3353-139
12.80	-0.3402-139
13.28	-0.3454-139
13.79	-0.3510-139
14.31	0.6277E-24
14.86	0.2153E-23
15.42	0.7014E-23
16.01	0.2172E-22
16.62	0.6403E-22
17.25	0.1827E-21
17.91	0.4911E-21
18.59	0.1262E-20
19.30	0.3105E-20
20.04	0.7320E-20
20.80	0.1656E-19
21.59	0.3606E-19
22.42	0.7540E-19
23.27	0.1519E-18
24.16	0.2951E-18
25.08	0.5535E-18
26.03	0.1004E-17
27.02	0.1763E-17
28.05	0.2997E-17
29.12	0.4944E-17
30.23	0.7921E-17
31.38	0.1234E-16
32.57	0.1871E-16
33.82	0.2765E-16
35.10	0.3988E-16
36.44	0.5620E-16
37.83	0.7746E-16
39.27	0.1046E-15
40.76	0.1385E-15
42.32	0.1801E-15
43.93	0.2303E-15
45.60	0.2899E-15
47.34	0.3597E-15
49.14	0.4405E-15
51.01	0.5329E-15
52.96	0.6376E-15
54.97	0.7552E-15
57.07	0.8861E-15
59.24	0.1031E-14
61.50	0.1191E-14
63.84	0.1365E-14
66.27	0.1555E-14
68.79	0.1761E-14
71.41	0.1985E-14
74.13	0.2225E-14
76.96	0.2484E-14
79.89	0.2761E-14
82.93	0.3058E-14
86.09	0.3374E-14
89.37	0.3712E-14
92.77	0.4071E-14
96.31	0.4453E-14
99.97	0.4858E-14
103.8	0.5287E-14
107.7	0.5741E-14
111.8	0.6221E-14
116.1	0.6727E-14
120.5	0.7261E-14
125.1	0.7823E-14
129.9	0.8415E-14
134.8	0.9037E-14
140.0	0.9690E-14
145.3	0.1037E-13
150.8	0.1109E-13
156.6	0.1184E-13
162.5	0.1263E-13
168.7	0.1345E-13
175.1	0.1431E-13
181.8	0.1521E-13
188.7	0.1614E-13
195.9	0.1711E-13
203.4	0.1812E-13
211.1	0.1918E-13
219.2	0.2027E-13
227.5	0.2141E-13
236.2	0.2259E-13
245.2	0.2382E-13
254.5	0.2509E-13
264.2	0.2641E-13
274.3	0.2777E-13
284.7	0.2919E-13
295.6	0.3065E-13
306.8	0.3217E-13
318.5	0.3373E-13
330.6	0.3535E-13
343.2	0.3703E-13
356.3	0.3876E-13
369.9	0.4054E-13
384.0	0.4239E-13
398.6	0.4430E-13
413.8	0.4626E-13
429.5	0.4830E-13
445.9	0.5039E-13
462.9	0.5256E-13
480.5	0.5479E-13
498.8	0.5709E-13
517.8	0.5947E-13
537.5	0.6192E-13
558.0	0.6444E-13
579.2	0.6705E-13
601.3	0.6973E-13
624.2	0.7250E-13
648.0	0.7536E-13
672.6	0.7830E-13
698.3	0.8134E-13
724.9	0.8446E-13
752.5	0.8769E-13
781.1	0.9100E-13
810.9	0.9442E-13
841.8	0.9794E-13
873.8	0.1016E-12
907.1	0.1053E-12
941.6	0.1091E-12
977.5	0.1131E-12
1015.	0.1171E-12
1053.	0.1213E-12
1094.	0.1256E-12
1135.	0.1300E-12
1178.	0.1345E-12
1223.	0.1392E-12
1270.	0.1439E-12
1318.	0.1488E-12
1368.	0.1538E-12
1421.	0.1589E-12
1475.	0.1642E-12
1531.	0.1695E-12
1589.	0.1750E-12
1650.	0.1806E-12
1712.	0.1863E-12
1778.	0.1921E-12
1845.	0.1980E-12
1916.	0.2040E-12
1989.	0.2102E-12
2064.	0.2164E-12
2143.	0.2227E-12
2225.	0.2291E-12
2309.	0.2357E-12
2397.	0.2422E-12
2489.	0.2489E-12
2583.	0.2556E-12
2682.	0.2624E-12
2784.	0.2693E-12
2890.	0.2762E-12
3000.	0.2832E-12
 
 
C7    C2H6    Ionization    12.70 eV                            
E/N (Td)	Energy loss coefficient (eV m3/s)
0.1000E-02	0.000
0.1038E-02	0.000
0.1078E-02	0.000
0.1119E-02	0.000
0.1161E-02	0.000
0.1205E-02	0.000
0.1251E-02	0.000
0.1299E-02	0.000
0.1349E-02	0.000
0.1400E-02	0.000
0.1453E-02	0.000
0.1509E-02	0.000
0.1566E-02	0.000
0.1626E-02	0.000
0.1688E-02	0.000
0.1752E-02	0.000
0.1819E-02	0.000
0.1888E-02	0.000
0.1960E-02	0.000
0.2034E-02	0.000
0.2112E-02	0.000
0.2192E-02	0.000
0.2276E-02	0.000
0.2362E-02	0.000
0.2452E-02	0.000
0.2546E-02	0.000
0.2643E-02	0.000
0.2743E-02	0.000
0.2848E-02	0.000
0.2956E-02	0.000
0.3069E-02	0.000
0.3186E-02	0.000
0.3307E-02	0.000
0.3433E-02	0.000
0.3564E-02	0.000
0.3700E-02	0.000
0.3841E-02	0.000
0.3987E-02	0.000
0.4139E-02	0.000
0.4296E-02	0.000
0.4460E-02	0.000
0.4630E-02	0.000
0.4806E-02	0.000
0.4989E-02	0.000
0.5179E-02	0.000
0.5377E-02	0.000
0.5581E-02	0.000
0.5794E-02	0.000
0.6015E-02	0.000
0.6244E-02	0.000
0.6481E-02	0.000
0.6728E-02	0.000
0.6985E-02	0.000
0.7251E-02	0.000
0.7527E-02	0.000
0.7813E-02	0.000
0.8111E-02	0.000
0.8420E-02	0.000
0.8741E-02	0.000
0.9073E-02	0.000
0.9419E-02	0.000
0.9778E-02	0.000
0.1015E-01	0.000
0.1054E-01	0.000
0.1094E-01	0.000
0.1135E-01	0.000
0.1179E-01	0.000
0.1224E-01	0.000
0.1270E-01	0.000
0.1319E-01	0.000
0.1369E-01	0.000
0.1421E-01	0.000
0.1475E-01	0.000
0.1531E-01	0.000
0.1590E-01	0.000
0.1650E-01	0.000
0.1713E-01	0.000
0.1778E-01	0.000
0.1846E-01	0.000
0.1916E-01	0.000
0.1989E-01	0.000
0.2065E-01	0.000
0.2144E-01	0.000
0.2225E-01	0.000
0.2310E-01	0.000
0.2398E-01	0.000
0.2489E-01	0.000
0.2584E-01	0.000
0.2682E-01	0.000
0.2785E-01	0.000
0.2891E-01	0.000
0.3001E-01	0.000
0.3115E-01	0.000
0.3234E-01	0.000
0.3357E-01	0.000
0.3485E-01	0.000
0.3617E-01	0.000
0.3755E-01	0.000
0.3898E-01	0.000
0.4047E-01	0.000
0.4201E-01	0.000
0.4361E-01	0.000
0.4527E-01	0.000
0.4699E-01	0.000
0.4878E-01	0.000
0.5064E-01	0.000
0.5257E-01	0.000
0.5457E-01	0.000
0.5665E-01	0.000
0.5881E-01	0.000
0.6105E-01	0.000
0.6337E-01	0.000
0.6579E-01	0.000
0.6829E-01	0.000
0.7089E-01	0.000
0.7359E-01	0.000
0.7640E-01	0.000
0.7931E-01	0.000
0.8233E-01	0.000
0.8546E-01	0.000
0.8872E-01	0.000
0.9210E-01	0.000
0.9560E-01	0.000
0.9924E-01	0.000
0.1030	0.000
0.1069	0.000
0.1110	0.000
0.1152	0.000
0.1196	0.000
0.1242	0.000
0.1289	0.000
0.1338	0.000
0.1389	0.000
0.1442	0.000
0.1497	0.000
0.1554	0.000
0.1613	0.000
0.1675	0.000
0.1739	0.000
0.1805	0.000
0.1874	0.000
0.1945	0.000
0.2019	0.000
0.2096	0.000
0.2176	0.000
0.2259	0.000
0.2345	0.000
0.2434	0.000
0.2527	0.000
0.2623	0.000
0.2723	0.000
0.2826	0.000
0.2934	0.000
0.3046	0.000
0.3162	0.000
0.3282	0.000
0.3407	0.000
0.3537	0.000
0.3672	0.000
0.3812	0.000
0.3957	0.000
0.4107	0.000
0.4264	0.000
0.4426	0.000
0.4595	0.000
0.4770	0.000
0.4952	0.000
0.5140	0.000
0.5336	0.000
0.5539	0.000
0.5750	0.000
0.5969	0.000
0.6196	0.000
0.6432	0.000
0.6677	0.000
0.6932	0.000
0.7196	0.000
0.7470	0.000
0.7754	0.000
0.8050	0.000
0.8356	0.000
0.8674	0.000
0.9005	0.000
0.9348	0.000
0.9704	0.000
1.007	0.000
1.046	0.000
1.086	0.000
1.127	0.000
1.170	0.000
1.214	0.000
1.261	0.000
1.309	0.000
1.358	0.000
1.410	0.000
1.464	0.000
1.520	0.000
1.578	0.000
1.638	0.000
1.700	0.000
1.765	0.000
1.832	0.000
1.902	0.000
1.974	0.000
2.049	0.000
2.127	0.000
2.208	0.000
2.293	0.000
2.380	0.000
2.470	0.000
2.565	0.000
2.662	0.000
2.764	0.000
2.869	0.000
2.978	0.000
3.092	0.000
3.209	0.000
3.332	0.000
3.458	0.000
3.590	0.000
3.727	0.000
3.869	0.000
4.016	0.000
4.169	0.000
4.328	0.000
4.493	0.000
4.664	0.000
4.841	0.000
5.026	0.000
5.217	0.000
5.416	0.000
5.622	0.000
5.836	0.000
6.059	0.000
6.289	0.000
6.529	0.000
6.778	0.000
7.036	0.000
7.304	0.000
7.582	0.000
7.871	0.000
8.170	0.000
8.482	0.000
8.805	0.000
9.140	0.000
9.488	0.000
9.849	0.000
10.22	0.000
10.61	0.000
11.02	0.000
11.44	0.000
11.87	0.000
12.33	0.000
12.80	0.000
13.28	0.000
13.79	0.000
14.31	0.000
14.86	0.000
15.42	0.000
16.01	0.000
16.62	0.000
17.25	0.000
17.91	0.000
18.59	0.000
19.30	0.000
20.04	0.000
20.80	0.000
21.59	0.000
22.42	0.000
23.27	0.000
24.16	0.000
25.08	0.000
26.03	0.000
27.02	0.1399E-24
28.05	0.4585E-24
29.12	0.1418E-23
30.23	0.4144E-23
31.38	0.1148E-22
32.57	0.3018E-22
33.82	0.7555E-22
35.10	0.1803E-21
36.44	0.4147E-21
37.83	0.9071E-21
39.27	0.1905E-20
40.76	0.3850E-20
42.32	0.7504E-20
43.93	0.1414E-19
45.60	0.2578E-19
47.34	0.4563E-19
49.14	0.7849E-19
51.01	0.1317E-18
52.96	0.2151E-18
54.97	0.3435E-18
57.07	0.5366E-18
59.24	0.8215E-18
61.50	0.1234E-17
63.84	0.1821E-17
66.27	0.2643E-17
68.79	0.3777E-17
71.41	0.5318E-17
74.13	0.7389E-17
76.96	0.1013E-16
79.89	0.1372E-16
82.93	0.1838E-16
86.09	0.2435E-16
89.37	0.3193E-16
92.77	0.4147E-16
96.31	0.5338E-16
99.97	0.6812E-16
103.8	0.8623E-16
107.7	0.1083E-15
111.8	0.1351E-15
116.1	0.1673E-15
120.5	0.2058E-15
125.1	0.2515E-15
129.9	0.3057E-15
134.8	0.3693E-15
140.0	0.4439E-15
145.3	0.5307E-15
150.8	0.6314E-15
156.6	0.7477E-15
162.5	0.8814E-15
168.7	0.1035E-14
175.1	0.1209E-14
181.8	0.1408E-14
188.7	0.1634E-14
195.9	0.1889E-14
203.4	0.2176E-14
211.1	0.2498E-14
219.2	0.2860E-14
227.5	0.3264E-14
236.2	0.3714E-14
245.2	0.4215E-14
254.5	0.4771E-14
264.2	0.5386E-14
274.3	0.6066E-14
284.7	0.6817E-14
295.6	0.7643E-14
306.8	0.8550E-14
318.5	0.9546E-14
330.6	0.1064E-13
343.2	0.1183E-13
356.3	0.1313E-13
369.9	0.1455E-13
384.0	0.1610E-13
398.6	0.1779E-13
413.8	0.1962E-13
429.5	0.2160E-13
445.9	0.2375E-13
462.9	0.2608E-13
480.5	0.2860E-13
498.8	0.3132E-13
517.8	0.3426E-13
537.5	0.3742E-13
558.0	0.4083E-13
579.2	0.4451E-13
601.3	0.4845E-13
624.2	0.5269E-13
648.0	0.5725E-13
672.6	0.6213E-13
698.3	0.6736E-13
724.9	0.7297E-13
752.5	0.7896E-13
781.1	0.8537E-13
810.9	0.9222E-13
841.8	0.9954E-13
873.8	0.1073E-12
907.1	0.1157E-12
941.6	0.1245E-12
977.5	0.1339E-12
1015.	0.1440E-12
1053.	0.1546E-12
1094.	0.1660E-12
1135.	0.1780E-12
1178.	0.1907E-12
1223.	0.2042E-12
1270.	0.2185E-12
1318.	0.2337E-12
1368.	0.2497E-12
1421.	0.2666E-12
1475.	0.2844E-12
1531.	0.3033E-12
1589.	0.3231E-12
1650.	0.3441E-12
1712.	0.3661E-12
1778.	0.3892E-12
1845.	0.4135E-12
1916.	0.4391E-12
1989.	0.4659E-12
2064.	0.4939E-12
2143.	0.5233E-12
2225.	0.5541E-12
2309.	0.5863E-12
2397.	0.6199E-12
2489.	0.6550E-12
2583.	0.6915E-12
2682.	0.7297E-12
2784.	0.7693E-12
2890.	0.8106E-12
3000.	0.8535E-12
 
 
C2H6                                                            
E/N (Td)	Inelastic energy loss coefficient (eV m3/s)
0.1000E-02	0.2928E-22
0.1038E-02	0.3174E-22
0.1078E-02	0.3423E-22
0.1119E-02	0.3692E-22
0.1161E-02	0.3982E-22
0.1205E-02	0.4295E-22
0.1251E-02	0.4632E-22
0.1299E-02	0.4997E-22
0.1349E-02	0.5391E-22
0.1400E-02	0.5817E-22
0.1453E-02	0.6277E-22
0.1509E-02	0.6774E-22
0.1566E-02	0.7310E-22
0.1626E-02	0.7890E-22
0.1688E-02	0.8518E-22
0.1752E-02	0.9196E-22
0.1819E-02	0.9929E-22
0.1888E-02	0.1072E-21
0.1960E-02	0.1158E-21
0.2034E-02	0.1251E-21
0.2112E-02	0.1352E-21
0.2192E-02	0.1461E-21
0.2276E-02	0.1579E-21
0.2362E-02	0.1706E-21
0.2452E-02	0.1845E-21
0.2546E-02	0.1995E-21
0.2643E-02	0.2158E-21
0.2743E-02	0.2335E-21
0.2848E-02	0.2527E-21
0.2956E-02	0.2735E-21
0.3069E-02	0.2961E-21
0.3186E-02	0.3207E-21
0.3307E-02	0.3474E-21
0.3433E-02	0.3765E-21
0.3564E-02	0.4081E-21
0.3700E-02	0.4424E-21
0.3841E-02	0.4798E-21
0.3987E-02	0.5205E-21
0.4139E-02	0.5648E-21
0.4296E-02	0.6131E-21
0.4460E-02	0.6656E-21
0.4630E-02	0.7228E-21
0.4806E-02	0.7852E-21
0.4989E-02	0.8531E-21
0.5179E-02	0.9271E-21
0.5377E-02	0.1008E-20
0.5581E-02	0.1096E-20
0.5794E-02	0.1191E-20
0.6015E-02	0.1295E-20
0.6244E-02	0.1409E-20
0.6481E-02	0.1532E-20
0.6728E-02	0.1666E-20
0.6985E-02	0.1812E-20
0.7251E-02	0.1970E-20
0.7527E-02	0.2143E-20
0.7813E-02	0.2329E-20
0.8111E-02	0.2532E-20
0.8420E-02	0.2752E-20
0.8741E-02	0.2990E-20
0.9073E-02	0.3248E-20
0.9419E-02	0.3526E-20
0.9778E-02	0.3828E-20
0.1015E-01	0.4153E-20
0.1054E-01	0.4504E-20
0.1094E-01	0.4883E-20
0.1135E-01	0.5292E-20
0.1179E-01	0.5732E-20
0.1224E-01	0.6206E-20
0.1270E-01	0.6716E-20
0.1319E-01	0.7265E-20
0.1369E-01	0.7854E-20
0.1421E-01	0.8488E-20
0.1475E-01	0.9169E-20
0.1531E-01	0.9900E-20
0.1590E-01	0.1069E-19
0.1650E-01	0.1153E-19
0.1713E-01	0.1243E-19
0.1778E-01	0.1340E-19
0.1846E-01	0.1444E-19
0.1916E-01	0.1556E-19
0.1989E-01	0.1676E-19
0.2065E-01	0.1805E-19
0.2144E-01	0.1943E-19
0.2225E-01	0.2091E-19
0.2310E-01	0.2250E-19
0.2398E-01	0.2421E-19
0.2489E-01	0.2604E-19
0.2584E-01	0.2801E-19
0.2682E-01	0.3012E-19
0.2785E-01	0.3240E-19
0.2891E-01	0.3484E-19
0.3001E-01	0.3746E-19
0.3115E-01	0.4028E-19
0.3234E-01	0.4331E-19
0.3357E-01	0.4657E-19
0.3485E-01	0.5008E-19
0.3617E-01	0.5386E-19
0.3755E-01	0.5792E-19
0.3898E-01	0.6229E-19
0.4047E-01	0.6700E-19
0.4201E-01	0.7207E-19
0.4361E-01	0.7753E-19
0.4527E-01	0.8341E-19
0.4699E-01	0.8975E-19
0.4878E-01	0.9658E-19
0.5064E-01	0.1039E-18
0.5257E-01	0.1119E-18
0.5457E-01	0.1204E-18
0.5665E-01	0.1296E-18
0.5881E-01	0.1396E-18
0.6105E-01	0.1503E-18
0.6337E-01	0.1619E-18
0.6579E-01	0.1743E-18
0.6829E-01	0.1878E-18
0.7089E-01	0.2023E-18
0.7359E-01	0.2180E-18
0.7640E-01	0.2349E-18
0.7931E-01	0.2531E-18
0.8233E-01	0.2728E-18
0.8546E-01	0.2940E-18
0.8872E-01	0.3169E-18
0.9210E-01	0.3417E-18
0.9560E-01	0.3683E-18
0.9924E-01	0.3972E-18
0.1030	0.4283E-18
0.1069	0.4618E-18
0.1110	0.4981E-18
0.1152	0.5372E-18
0.1196	0.5794E-18
0.1242	0.6250E-18
0.1289	0.6742E-18
0.1338	0.7273E-18
0.1389	0.7846E-18
0.1442	0.8465E-18
0.1497	0.9133E-18
0.1554	0.9854E-18
0.1613	0.1063E-17
0.1675	0.1147E-17
0.1739	0.1238E-17
0.1805	0.1336E-17
0.1874	0.1441E-17
0.1945	0.1555E-17
0.2019	0.1678E-17
0.2096	0.1810E-17
0.2176	0.1953E-17
0.2259	0.2107E-17
0.2345	0.2273E-17
0.2434	0.2452E-17
0.2527	0.2645E-17
0.2623	0.2853E-17
0.2723	0.3077E-17
0.2826	0.3319E-17
0.2934	0.3579E-17
0.3046	0.3859E-17
0.3162	0.4160E-17
0.3282	0.4484E-17
0.3407	0.4832E-17
0.3537	0.5207E-17
0.3672	0.5610E-17
0.3812	0.6043E-17
0.3957	0.6507E-17
0.4107	0.7006E-17
0.4264	0.7541E-17
0.4426	0.8114E-17
0.4595	0.8729E-17
0.4770	0.9388E-17
0.4952	0.1009E-16
0.5140	0.1085E-16
0.5336	0.1165E-16
0.5539	0.1251E-16
0.5750	0.1343E-16
0.5969	0.1441E-16
0.6196	0.1546E-16
0.6432	0.1657E-16
0.6677	0.1775E-16
0.6932	0.1901E-16
0.7196	0.2035E-16
0.7470	0.2177E-16
0.7754	0.2329E-16
0.8050	0.2488E-16
0.8356	0.2657E-16
0.8674	0.2835E-16
0.9005	0.3023E-16
0.9348	0.3222E-16
0.9704	0.3432E-16
1.007	0.3652E-16
1.046	0.3885E-16
1.086	0.4129E-16
1.127	0.4385E-16
1.170	0.4653E-16
1.214	0.4935E-16
1.261	0.5229E-16
1.309	0.5537E-16
1.358	0.5859E-16
1.410	0.6195E-16
1.464	0.6546E-16
1.520	0.6911E-16
1.578	0.7291E-16
1.638	0.7683E-16
1.700	0.8095E-16
1.765	0.8522E-16
1.832	0.8967E-16
1.902	0.9428E-16
1.974	0.9906E-16
2.049	0.1040E-15
2.127	0.1092E-15
2.208	0.1145E-15
2.293	0.1200E-15
2.380	0.1258E-15
2.470	0.1317E-15
2.565	0.1379E-15
2.662	0.1443E-15
2.764	0.1509E-15
2.869	0.1578E-15
2.978	0.1649E-15
3.092	0.1723E-15
3.209	0.1800E-15
3.332	0.1879E-15
3.458	0.1961E-15
3.590	0.2046E-15
3.727	0.2131E-15
3.869	0.2223E-15
4.016	0.2318E-15
4.169	0.2416E-15
4.328	0.2519E-15
4.493	0.2625E-15
4.664	0.2735E-15
4.841	0.2850E-15
5.026	0.2968E-15
5.217	0.3092E-15
5.416	0.3220E-15
5.622	0.3353E-15
5.836	0.3490E-15
6.059	0.3632E-15
6.289	0.3779E-15
6.529	0.3931E-15
6.778	0.4089E-15
7.036	0.4251E-15
7.304	0.4419E-15
7.582	0.4593E-15
7.871	0.4772E-15
8.170	0.4956E-15
8.482	0.5146E-15
8.805	0.5341E-15
9.140	0.5541E-15
9.488	0.5747E-15
9.849	0.5957E-15
10.22	0.6173E-15
10.61	0.6393E-15
11.02	0.6619E-15
11.44	0.6849E-15
11.87	0.7082E-15
12.33	0.7322E-15
12.80	0.7565E-15
13.28	0.7813E-15
13.79	0.8066E-15
14.31	0.8321E-15
14.86	0.8582E-15
15.42	0.8848E-15
16.01	0.9118E-15
16.62	0.9393E-15
17.25	0.9675E-15
17.91	0.9961E-15
18.59	0.1025E-14
19.30	0.1055E-14
20.04	0.1086E-14
20.80	0.1118E-14
21.59	0.1151E-14
22.42	0.1184E-14
23.27	0.1219E-14
24.16	0.1256E-14
25.08	0.1294E-14
26.03	0.1333E-14
27.02	0.1375E-14
28.05	0.1418E-14
29.12	0.1464E-14
30.23	0.1513E-14
31.38	0.1564E-14
32.57	0.1619E-14
33.82	0.1678E-14
35.10	0.1741E-14
36.44	0.1809E-14
37.83	0.1882E-14
39.27	0.1962E-14
40.76	0.2048E-14
42.32	0.2142E-14
43.93	0.2244E-14
45.60	0.2355E-14
47.34	0.2476E-14
49.14	0.2606E-14
51.01	0.2748E-14
52.96	0.2902E-14
54.97	0.3068E-14
57.07	0.3248E-14
59.24	0.3442E-14
61.50	0.3651E-14
63.84	0.3876E-14
66.27	0.4118E-14
68.79	0.4379E-14
71.41	0.4659E-14
74.13	0.4959E-14
76.96	0.5282E-14
79.89	0.5628E-14
82.93	0.5999E-14
86.09	0.6397E-14
89.37	0.6822E-14
92.77	0.7278E-14
96.31	0.7767E-14
99.97	0.8289E-14
103.8	0.8849E-14
107.7	0.9446E-14
111.8	0.1009E-13
116.1	0.1077E-13
120.5	0.1150E-13
125.1	0.1228E-13
129.9	0.1312E-13
134.8	0.1401E-13
140.0	0.1497E-13
145.3	0.1599E-13
150.8	0.1707E-13
156.6	0.1824E-13
162.5	0.1948E-13
168.7	0.2080E-13
175.1	0.2221E-13
181.8	0.2372E-13
188.7	0.2533E-13
195.9	0.2704E-13
203.4	0.2887E-13
211.1	0.3082E-13
219.2	0.3290E-13
227.5	0.3511E-13
236.2	0.3747E-13
245.2	0.3998E-13
254.5	0.4266E-13
264.2	0.4551E-13
274.3	0.4854E-13
284.7	0.5177E-13
295.6	0.5520E-13
306.8	0.5886E-13
318.5	0.6274E-13
330.6	0.6687E-13
343.2	0.7126E-13
356.3	0.7593E-13
369.9	0.8088E-13
384.0	0.8614E-13
398.6	0.9173E-13
413.8	0.9766E-13
429.5	0.1040E-12
445.9	0.1106E-12
462.9	0.1177E-12
480.5	0.1252E-12
498.8	0.1331E-12
517.8	0.1416E-12
537.5	0.1505E-12
558.0	0.1599E-12
579.2	0.1699E-12
601.3	0.1804E-12
624.2	0.1916E-12
648.0	0.2033E-12
672.6	0.2158E-12
698.3	0.2289E-12
724.9	0.2427E-12
752.5	0.2574E-12
781.1	0.2727E-12
810.9	0.2889E-12
841.8	0.3060E-12
873.8	0.3240E-12
907.1	0.3429E-12
941.6	0.3627E-12
977.5	0.3836E-12
1015.	0.4054E-12
1053.	0.4284E-12
1094.	0.4525E-12
1135.	0.4777E-12
1178.	0.5041E-12
1223.	0.5317E-12
1270.	0.5606E-12
1318.	0.5908E-12
1368.	0.6223E-12
1421.	0.6552E-12
1475.	0.6895E-12
1531.	0.7252E-12
1589.	0.7624E-12
1650.	0.8012E-12
1712.	0.8414E-12
1778.	0.8832E-12
1845.	0.9265E-12
1916.	0.9715E-12
1989.	0.1018E-11
2064.	0.1066E-11
2143.	0.1116E-11
2225.	0.1168E-11
2309.	0.1221E-11
2397.	0.1276E-11
2489.	0.1333E-11
2583.	0.1391E-11
2682.	0.1451E-11
2784.	0.1513E-11
2890.	0.1576E-11
3000.	0.1641E-11
 
 
