BOLSIG+ version: 03/2016
Collision input data:
--------------------------------------------------
C3H6                                                            
collisions.txt
 
 
 
Angular frequency / N (m3/s)               0.000    
Cosine of E-B field angle                  0.000    
Gas temperature (K)                        300.0    
Excitation temperature (K)                 300.0    
Transition energy (eV)                     0.000    
Ionization degree                          0.000    
Plasma density (1/m3)                     0.1000E+19
Ion charge parameter                       1.000    
Ion/neutral mass ratio                     1.000    
e-e momentum effects                       1.000    
Energy sharing                             1.000    
Growth model                               1.000    
Maxwellian mean energy (eV)                0.000    
# of grid points                           200.0    
Precision                                 0.1000E-09
Convergence                               0.1000E-03
Maximum # of iterations                    5000.    
Mole fraction C3H6                         1.000    
 
 
E/N (Td)    	Electric field / N (Td)                                         
0.1000E-02	0.1000E-02
0.1038E-02	0.1038E-02
0.1078E-02	0.1078E-02
0.1119E-02	0.1119E-02
0.1161E-02	0.1161E-02
0.1205E-02	0.1205E-02
0.1251E-02	0.1251E-02
0.1299E-02	0.1299E-02
0.1349E-02	0.1349E-02
0.1400E-02	0.1400E-02
0.1453E-02	0.1453E-02
0.1509E-02	0.1509E-02
0.1566E-02	0.1566E-02
0.1626E-02	0.1626E-02
0.1688E-02	0.1688E-02
0.1752E-02	0.1752E-02
0.1819E-02	0.1819E-02
0.1888E-02	0.1888E-02
0.1960E-02	0.1960E-02
0.2034E-02	0.2034E-02
0.2112E-02	0.2112E-02
0.2192E-02	0.2192E-02
0.2276E-02	0.2276E-02
0.2362E-02	0.2362E-02
0.2452E-02	0.2452E-02
0.2546E-02	0.2546E-02
0.2643E-02	0.2643E-02
0.2743E-02	0.2743E-02
0.2848E-02	0.2848E-02
0.2956E-02	0.2956E-02
0.3069E-02	0.3069E-02
0.3186E-02	0.3186E-02
0.3307E-02	0.3307E-02
0.3433E-02	0.3433E-02
0.3564E-02	0.3564E-02
0.3700E-02	0.3700E-02
0.3841E-02	0.3841E-02
0.3987E-02	0.3987E-02
0.4139E-02	0.4139E-02
0.4296E-02	0.4296E-02
0.4460E-02	0.4460E-02
0.4630E-02	0.4630E-02
0.4806E-02	0.4806E-02
0.4989E-02	0.4989E-02
0.5179E-02	0.5179E-02
0.5377E-02	0.5377E-02
0.5581E-02	0.5581E-02
0.5794E-02	0.5794E-02
0.6015E-02	0.6015E-02
0.6244E-02	0.6244E-02
0.6481E-02	0.6481E-02
0.6728E-02	0.6728E-02
0.6985E-02	0.6985E-02
0.7251E-02	0.7251E-02
0.7527E-02	0.7527E-02
0.7813E-02	0.7813E-02
0.8111E-02	0.8111E-02
0.8420E-02	0.8420E-02
0.8741E-02	0.8741E-02
0.9073E-02	0.9073E-02
0.9419E-02	0.9419E-02
0.9778E-02	0.9778E-02
0.1015E-01	0.1015E-01
0.1054E-01	0.1054E-01
0.1094E-01	0.1094E-01
0.1135E-01	0.1135E-01
0.1179E-01	0.1179E-01
0.1224E-01	0.1224E-01
0.1270E-01	0.1270E-01
0.1319E-01	0.1319E-01
0.1369E-01	0.1369E-01
0.1421E-01	0.1421E-01
0.1475E-01	0.1475E-01
0.1531E-01	0.1531E-01
0.1590E-01	0.1590E-01
0.1650E-01	0.1650E-01
0.1713E-01	0.1713E-01
0.1778E-01	0.1778E-01
0.1846E-01	0.1846E-01
0.1916E-01	0.1916E-01
0.1989E-01	0.1989E-01
0.2065E-01	0.2065E-01
0.2144E-01	0.2144E-01
0.2225E-01	0.2225E-01
0.2310E-01	0.2310E-01
0.2398E-01	0.2398E-01
0.2489E-01	0.2489E-01
0.2584E-01	0.2584E-01
0.2682E-01	0.2682E-01
0.2785E-01	0.2785E-01
0.2891E-01	0.2891E-01
0.3001E-01	0.3001E-01
0.3115E-01	0.3115E-01
0.3234E-01	0.3234E-01
0.3357E-01	0.3357E-01
0.3485E-01	0.3485E-01
0.3617E-01	0.3617E-01
0.3755E-01	0.3755E-01
0.3898E-01	0.3898E-01
0.4047E-01	0.4047E-01
0.4201E-01	0.4201E-01
0.4361E-01	0.4361E-01
0.4527E-01	0.4527E-01
0.4699E-01	0.4699E-01
0.4878E-01	0.4878E-01
0.5064E-01	0.5064E-01
0.5257E-01	0.5257E-01
0.5457E-01	0.5457E-01
0.5665E-01	0.5665E-01
0.5881E-01	0.5881E-01
0.6105E-01	0.6105E-01
0.6337E-01	0.6337E-01
0.6579E-01	0.6579E-01
0.6829E-01	0.6829E-01
0.7089E-01	0.7089E-01
0.7359E-01	0.7359E-01
0.7640E-01	0.7640E-01
0.7931E-01	0.7931E-01
0.8233E-01	0.8233E-01
0.8546E-01	0.8546E-01
0.8872E-01	0.8872E-01
0.9210E-01	0.9210E-01
0.9560E-01	0.9560E-01
0.9924E-01	0.9924E-01
0.1030	0.1030
0.1069	0.1069
0.1110	0.1110
0.1152	0.1152
0.1196	0.1196
0.1242	0.1242
0.1289	0.1289
0.1338	0.1338
0.1389	0.1389
0.1442	0.1442
0.1497	0.1497
0.1554	0.1554
0.1613	0.1613
0.1675	0.1675
0.1739	0.1739
0.1805	0.1805
0.1874	0.1874
0.1945	0.1945
0.2019	0.2019
0.2096	0.2096
0.2176	0.2176
0.2259	0.2259
0.2345	0.2345
0.2434	0.2434
0.2527	0.2527
0.2623	0.2623
0.2723	0.2723
0.2826	0.2826
0.2934	0.2934
0.3046	0.3046
0.3162	0.3162
0.3282	0.3282
0.3407	0.3407
0.3537	0.3537
0.3672	0.3672
0.3812	0.3812
0.3957	0.3957
0.4107	0.4107
0.4264	0.4264
0.4426	0.4426
0.4595	0.4595
0.4770	0.4770
0.4952	0.4952
0.5140	0.5140
0.5336	0.5336
0.5539	0.5539
0.5750	0.5750
0.5969	0.5969
0.6196	0.6196
0.6432	0.6432
0.6677	0.6677
0.6932	0.6932
0.7196	0.7196
0.7470	0.7470
0.7754	0.7754
0.8050	0.8050
0.8356	0.8356
0.8674	0.8674
0.9005	0.9005
0.9348	0.9348
0.9704	0.9704
1.007	1.007
1.046	1.046
1.086	1.086
1.127	1.127
1.170	1.170
1.214	1.214
1.261	1.261
1.309	1.309
1.358	1.358
1.410	1.410
1.464	1.464
1.520	1.520
1.578	1.578
1.638	1.638
1.700	1.700
1.765	1.765
1.832	1.832
1.902	1.902
1.974	1.974
2.049	2.049
2.127	2.127
2.208	2.208
2.293	2.293
2.380	2.380
2.470	2.470
2.565	2.565
2.662	2.662
2.764	2.764
2.869	2.869
2.978	2.978
3.092	3.092
3.209	3.209
3.332	3.332
3.458	3.458
3.590	3.590
3.727	3.727
3.869	3.869
4.016	4.016
4.169	4.169
4.328	4.328
4.493	4.493
4.664	4.664
4.841	4.841
5.026	5.026
5.217	5.217
5.416	5.416
5.622	5.622
5.836	5.836
6.059	6.059
6.289	6.289
6.529	6.529
6.778	6.778
7.036	7.036
7.304	7.304
7.582	7.582
7.871	7.871
8.170	8.170
8.482	8.482
8.805	8.805
9.140	9.140
9.488	9.488
9.849	9.849
10.22	10.22
10.61	10.61
11.02	11.02
11.44	11.44
11.87	11.87
12.33	12.33
12.80	12.80
13.28	13.28
13.79	13.79
14.31	14.31
14.86	14.86
15.42	15.42
16.01	16.01
16.62	16.62
17.25	17.25
17.91	17.91
18.59	18.59
19.30	19.30
20.04	20.04
20.80	20.80
21.59	21.59
22.42	22.42
23.27	23.27
24.16	24.16
25.08	25.08
26.03	26.03
27.02	27.02
28.05	28.05
29.12	29.12
30.23	30.23
31.38	31.38
32.57	32.57
33.82	33.82
35.10	35.10
36.44	36.44
37.83	37.83
39.27	39.27
40.76	40.76
42.32	42.32
43.93	43.93
45.60	45.60
47.34	47.34
49.14	49.14
51.01	51.01
52.96	52.96
54.97	54.97
57.07	57.07
59.24	59.24
61.50	61.50
63.84	63.84
66.27	66.27
68.79	68.79
71.41	71.41
74.13	74.13
76.96	76.96
79.89	79.89
82.93	82.93
86.09	86.09
89.37	89.37
92.77	92.77
96.31	96.31
99.97	99.97
103.8	103.8
107.7	107.7
111.8	111.8
116.1	116.1
120.5	120.5
125.1	125.1
129.9	129.9
134.8	134.8
140.0	140.0
145.3	145.3
150.8	150.8
156.6	156.6
162.5	162.5
168.7	168.7
175.1	175.1
181.8	181.8
188.7	188.7
195.9	195.9
203.4	203.4
211.1	211.1
219.2	219.2
227.5	227.5
236.2	236.2
245.2	245.2
254.5	254.5
264.2	264.2
274.3	274.3
284.7	284.7
295.6	295.6
306.8	306.8
318.5	318.5
330.6	330.6
343.2	343.2
356.3	356.3
369.9	369.9
384.0	384.0
398.6	398.6
413.8	413.8
429.5	429.5
445.9	445.9
462.9	462.9
480.5	480.5
498.8	498.8
517.8	517.8
537.5	537.5
558.0	558.0
579.2	579.2
601.3	601.3
624.2	624.2
648.0	648.0
672.6	672.6
698.3	698.3
724.9	724.9
752.5	752.5
781.1	781.1
810.9	810.9
841.8	841.8
873.8	873.8
907.1	907.1
941.6	941.6
977.5	977.5
1015.	1015.
1053.	1053.
1094.	1094.
1135.	1135.
1178.	1178.
1223.	1223.
1270.	1270.
1318.	1318.
1368.	1368.
1421.	1421.
1475.	1475.
1531.	1531.
1589.	1589.
1650.	1650.
1712.	1712.
1778.	1778.
1845.	1845.
1916.	1916.
1989.	1989.
2064.	2064.
2143.	2143.
2225.	2225.
2309.	2309.
2397.	2397.
2489.	2489.
2583.	2583.
2682.	2682.
2784.	2784.
2890.	2890.
3000.	3000.
 
 
E/N (Td)    	Grid type                                                       
0.1000E-02	2.000
0.1038E-02	3.000
0.1078E-02	3.000
0.1119E-02	3.000
0.1161E-02	3.000
0.1205E-02	3.000
0.1251E-02	3.000
0.1299E-02	3.000
0.1349E-02	3.000
0.1400E-02	3.000
0.1453E-02	3.000
0.1509E-02	3.000
0.1566E-02	3.000
0.1626E-02	3.000
0.1688E-02	3.000
0.1752E-02	3.000
0.1819E-02	3.000
0.1888E-02	3.000
0.1960E-02	3.000
0.2034E-02	3.000
0.2112E-02	3.000
0.2192E-02	3.000
0.2276E-02	3.000
0.2362E-02	3.000
0.2452E-02	3.000
0.2546E-02	3.000
0.2643E-02	3.000
0.2743E-02	3.000
0.2848E-02	3.000
0.2956E-02	3.000
0.3069E-02	3.000
0.3186E-02	3.000
0.3307E-02	3.000
0.3433E-02	3.000
0.3564E-02	3.000
0.3700E-02	3.000
0.3841E-02	3.000
0.3987E-02	3.000
0.4139E-02	3.000
0.4296E-02	3.000
0.4460E-02	3.000
0.4630E-02	3.000
0.4806E-02	3.000
0.4989E-02	3.000
0.5179E-02	3.000
0.5377E-02	3.000
0.5581E-02	3.000
0.5794E-02	3.000
0.6015E-02	3.000
0.6244E-02	3.000
0.6481E-02	3.000
0.6728E-02	3.000
0.6985E-02	3.000
0.7251E-02	3.000
0.7527E-02	3.000
0.7813E-02	3.000
0.8111E-02	3.000
0.8420E-02	3.000
0.8741E-02	3.000
0.9073E-02	3.000
0.9419E-02	3.000
0.9778E-02	3.000
0.1015E-01	3.000
0.1054E-01	3.000
0.1094E-01	3.000
0.1135E-01	3.000
0.1179E-01	3.000
0.1224E-01	3.000
0.1270E-01	3.000
0.1319E-01	3.000
0.1369E-01	3.000
0.1421E-01	3.000
0.1475E-01	3.000
0.1531E-01	3.000
0.1590E-01	3.000
0.1650E-01	3.000
0.1713E-01	3.000
0.1778E-01	3.000
0.1846E-01	3.000
0.1916E-01	3.000
0.1989E-01	3.000
0.2065E-01	3.000
0.2144E-01	3.000
0.2225E-01	3.000
0.2310E-01	3.000
0.2398E-01	3.000
0.2489E-01	3.000
0.2584E-01	3.000
0.2682E-01	3.000
0.2785E-01	3.000
0.2891E-01	3.000
0.3001E-01	3.000
0.3115E-01	3.000
0.3234E-01	3.000
0.3357E-01	3.000
0.3485E-01	3.000
0.3617E-01	3.000
0.3755E-01	3.000
0.3898E-01	3.000
0.4047E-01	3.000
0.4201E-01	3.000
0.4361E-01	3.000
0.4527E-01	3.000
0.4699E-01	3.000
0.4878E-01	3.000
0.5064E-01	3.000
0.5257E-01	3.000
0.5457E-01	3.000
0.5665E-01	3.000
0.5881E-01	3.000
0.6105E-01	3.000
0.6337E-01	3.000
0.6579E-01	3.000
0.6829E-01	3.000
0.7089E-01	3.000
0.7359E-01	3.000
0.7640E-01	3.000
0.7931E-01	3.000
0.8233E-01	3.000
0.8546E-01	3.000
0.8872E-01	3.000
0.9210E-01	3.000
0.9560E-01	3.000
0.9924E-01	3.000
0.1030	3.000
0.1069	3.000
0.1110	3.000
0.1152	3.000
0.1196	3.000
0.1242	3.000
0.1289	3.000
0.1338	3.000
0.1389	3.000
0.1442	3.000
0.1497	3.000
0.1554	3.000
0.1613	3.000
0.1675	3.000
0.1739	3.000
0.1805	3.000
0.1874	3.000
0.1945	3.000
0.2019	3.000
0.2096	3.000
0.2176	3.000
0.2259	3.000
0.2345	3.000
0.2434	3.000
0.2527	3.000
0.2623	3.000
0.2723	3.000
0.2826	3.000
0.2934	3.000
0.3046	3.000
0.3162	3.000
0.3282	3.000
0.3407	3.000
0.3537	3.000
0.3672	3.000
0.3812	3.000
0.3957	3.000
0.4107	3.000
0.4264	3.000
0.4426	3.000
0.4595	3.000
0.4770	3.000
0.4952	3.000
0.5140	3.000
0.5336	3.000
0.5539	3.000
0.5750	3.000
0.5969	3.000
0.6196	3.000
0.6432	3.000
0.6677	3.000
0.6932	3.000
0.7196	3.000
0.7470	3.000
0.7754	3.000
0.8050	3.000
0.8356	3.000
0.8674	3.000
0.9005	3.000
0.9348	3.000
0.9704	3.000
1.007	3.000
1.046	3.000
1.086	3.000
1.127	3.000
1.170	3.000
1.214	3.000
1.261	3.000
1.309	3.000
1.358	3.000
1.410	3.000
1.464	3.000
1.520	3.000
1.578	3.000
1.638	3.000
1.700	3.000
1.765	3.000
1.832	3.000
1.902	3.000
1.974	3.000
2.049	3.000
2.127	3.000
2.208	3.000
2.293	3.000
2.380	3.000
2.470	3.000
2.565	3.000
2.662	3.000
2.764	3.000
2.869	3.000
2.978	3.000
3.092	3.000
3.209	3.000
3.332	3.000
3.458	3.000
3.590	3.000
3.727	3.000
3.869	3.000
4.016	3.000
4.169	3.000
4.328	3.000
4.493	3.000
4.664	3.000
4.841	3.000
5.026	3.000
5.217	3.000
5.416	3.000
5.622	3.000
5.836	3.000
6.059	3.000
6.289	3.000
6.529	3.000
6.778	3.000
7.036	3.000
7.304	3.000
7.582	3.000
7.871	3.000
8.170	3.000
8.482	3.000
8.805	3.000
9.140	3.000
9.488	3.000
9.849	3.000
10.22	3.000
10.61	3.000
11.02	3.000
11.44	3.000
11.87	3.000
12.33	3.000
12.80	3.000
13.28	3.000
13.79	3.000
14.31	3.000
14.86	3.000
15.42	3.000
16.01	3.000
16.62	3.000
17.25	3.000
17.91	3.000
18.59	3.000
19.30	3.000
20.04	3.000
20.80	3.000
21.59	3.000
22.42	3.000
23.27	3.000
24.16	3.000
25.08	3.000
26.03	3.000
27.02	3.000
28.05	3.000
29.12	3.000
30.23	3.000
31.38	3.000
32.57	3.000
33.82	3.000
35.10	3.000
36.44	3.000
37.83	3.000
39.27	3.000
40.76	3.000
42.32	3.000
43.93	3.000
45.60	3.000
47.34	3.000
49.14	3.000
51.01	3.000
52.96	3.000
54.97	3.000
57.07	3.000
59.24	3.000
61.50	3.000
63.84	3.000
66.27	3.000
68.79	3.000
71.41	3.000
74.13	3.000
76.96	3.000
79.89	3.000
82.93	3.000
86.09	3.000
89.37	3.000
92.77	3.000
96.31	3.000
99.97	3.000
103.8	3.000
107.7	3.000
111.8	3.000
116.1	3.000
120.5	3.000
125.1	3.000
129.9	3.000
134.8	3.000
140.0	3.000
145.3	3.000
150.8	3.000
156.6	3.000
162.5	3.000
168.7	3.000
175.1	3.000
181.8	3.000
188.7	3.000
195.9	3.000
203.4	3.000
211.1	3.000
219.2	3.000
227.5	3.000
236.2	3.000
245.2	3.000
254.5	3.000
264.2	3.000
274.3	3.000
284.7	3.000
295.6	3.000
306.8	3.000
318.5	3.000
330.6	3.000
343.2	3.000
356.3	3.000
369.9	3.000
384.0	3.000
398.6	3.000
413.8	3.000
429.5	3.000
445.9	3.000
462.9	3.000
480.5	3.000
498.8	3.000
517.8	3.000
537.5	3.000
558.0	3.000
579.2	3.000
601.3	3.000
624.2	3.000
648.0	3.000
672.6	3.000
698.3	3.000
724.9	3.000
752.5	3.000
781.1	3.000
810.9	3.000
841.8	3.000
873.8	3.000
907.1	3.000
941.6	3.000
977.5	3.000
1015.	3.000
1053.	3.000
1094.	3.000
1135.	3.000
1178.	3.000
1223.	3.000
1270.	3.000
1318.	3.000
1368.	3.000
1421.	3.000
1475.	3.000
1531.	3.000
1589.	3.000
1650.	3.000
1712.	3.000
1778.	3.000
1845.	3.000
1916.	3.000
1989.	3.000
2064.	3.000
2143.	3.000
2225.	3.000
2309.	3.000
2397.	3.000
2489.	3.000
2583.	3.000
2682.	3.000
2784.	3.000
2890.	3.000
3000.	3.000
 
 
E/N (Td)    	Maximum energy                                                  
0.1000E-02	2000.
0.1038E-02	0.7072
0.1078E-02	0.7072
0.1119E-02	0.7072
0.1161E-02	0.7072
0.1205E-02	0.7072
0.1251E-02	0.7072
0.1299E-02	0.7072
0.1349E-02	0.7072
0.1400E-02	0.7072
0.1453E-02	0.7072
0.1509E-02	0.7072
0.1566E-02	0.7072
0.1626E-02	0.7072
0.1688E-02	0.7072
0.1752E-02	0.7072
0.1819E-02	0.7072
0.1888E-02	0.7072
0.1960E-02	0.7072
0.2034E-02	0.7072
0.2112E-02	0.7072
0.2192E-02	0.7072
0.2276E-02	0.7072
0.2362E-02	0.7072
0.2452E-02	0.7072
0.2546E-02	0.7072
0.2643E-02	0.7072
0.2743E-02	0.7072
0.2848E-02	0.7072
0.2956E-02	0.7072
0.3069E-02	0.7072
0.3186E-02	0.7072
0.3307E-02	0.7072
0.3433E-02	0.7072
0.3564E-02	0.7072
0.3700E-02	0.7072
0.3841E-02	0.7072
0.3987E-02	0.7072
0.4139E-02	0.7072
0.4296E-02	0.7072
0.4460E-02	0.7072
0.4630E-02	0.7072
0.4806E-02	0.7072
0.4989E-02	0.7072
0.5179E-02	0.7072
0.5377E-02	0.7072
0.5581E-02	0.7072
0.5794E-02	0.7072
0.6015E-02	0.7072
0.6244E-02	0.7072
0.6481E-02	0.7072
0.6728E-02	0.7072
0.6985E-02	0.7072
0.7251E-02	0.7072
0.7527E-02	0.7072
0.7813E-02	0.7072
0.8111E-02	0.7072
0.8420E-02	0.7072
0.8741E-02	0.7072
0.9073E-02	0.7072
0.9419E-02	0.7072
0.9778E-02	0.7072
0.1015E-01	0.7072
0.1054E-01	0.7072
0.1094E-01	0.7072
0.1135E-01	0.7072
0.1179E-01	0.7072
0.1224E-01	0.7072
0.1270E-01	0.7072
0.1319E-01	0.7072
0.1369E-01	0.7072
0.1421E-01	0.7072
0.1475E-01	0.7072
0.1531E-01	0.7072
0.1590E-01	0.7072
0.1650E-01	0.7072
0.1713E-01	0.7072
0.1778E-01	0.7072
0.1846E-01	0.7072
0.1916E-01	0.7072
0.1989E-01	0.7072
0.2065E-01	0.7072
0.2144E-01	0.7072
0.2225E-01	0.7072
0.2310E-01	0.7072
0.2398E-01	0.7072
0.2489E-01	0.7072
0.2584E-01	0.7072
0.2682E-01	0.7072
0.2785E-01	0.7072
0.2891E-01	0.7072
0.3001E-01	0.7072
0.3115E-01	0.7072
0.3234E-01	0.7072
0.3357E-01	0.7072
0.3485E-01	0.7072
0.3617E-01	0.7072
0.3755E-01	0.7072
0.3898E-01	0.7072
0.4047E-01	0.7072
0.4201E-01	0.7072
0.4361E-01	0.7072
0.4527E-01	0.7072
0.4699E-01	0.7072
0.4878E-01	0.7072
0.5064E-01	0.7072
0.5257E-01	0.7072
0.5457E-01	0.7072
0.5665E-01	0.7072
0.5881E-01	0.7072
0.6105E-01	0.7072
0.6337E-01	0.7072
0.6579E-01	0.7072
0.6829E-01	0.7072
0.7089E-01	0.7072
0.7359E-01	0.7072
0.7640E-01	0.7072
0.7931E-01	0.7072
0.8233E-01	0.7072
0.8546E-01	0.7072
0.8872E-01	0.7072
0.9210E-01	0.7072
0.9560E-01	0.7072
0.9924E-01	0.7072
0.1030	0.7072
0.1069	0.7072
0.1110	0.7072
0.1152	0.7072
0.1196	0.7072
0.1242	0.7072
0.1289	0.7072
0.1338	0.7072
0.1389	0.7072
0.1442	0.7072
0.1497	0.7072
0.1554	0.7072
0.1613	0.7072
0.1675	0.7072
0.1739	0.7072
0.1805	0.7072
0.1874	0.7072
0.1945	0.7072
0.2019	0.7072
0.2096	0.7072
0.2176	0.7072
0.2259	0.7072
0.2345	0.7072
0.2434	0.7072
0.2527	0.7072
0.2623	0.7072
0.2723	0.7072
0.2826	0.7072
0.2934	0.7072
0.3046	0.7072
0.3162	0.7072
0.3282	0.7072
0.3407	0.7072
0.3537	0.7072
0.3672	0.7072
0.3812	0.7072
0.3957	0.7072
0.4107	0.7072
0.4264	0.7072
0.4426	0.7072
0.4595	0.7072
0.4770	0.7072
0.4952	0.7072
0.5140	0.7072
0.5336	0.7072
0.5539	0.7072
0.5750	0.7072
0.5969	0.7072
0.6196	0.7072
0.6432	0.7072
0.6677	0.7072
0.6932	0.7072
0.7196	0.7072
0.7470	0.7072
0.7754	0.7072
0.8050	0.7072
0.8356	0.7072
0.8674	0.7072
0.9005	0.7072
0.9348	0.7072
0.9704	0.7072
1.007	0.7072
1.046	0.7072
1.086	0.7072
1.127	0.7072
1.170	0.7072
1.214	0.7072
1.261	0.7072
1.309	0.7072
1.358	0.7072
1.410	0.7072
1.464	0.7072
1.520	0.7072
1.578	0.7072
1.638	0.7072
1.700	0.8423
1.765	0.8423
1.832	0.8423
1.902	0.8423
1.974	0.8423
2.049	0.8423
2.127	0.8423
2.208	0.8423
2.293	0.8423
2.380	0.8423
2.470	0.8423
2.565	1.003
2.662	1.003
2.764	1.003
2.869	1.003
2.978	1.003
3.092	1.003
3.209	1.003
3.332	1.003
3.458	1.195
3.590	1.195
3.727	1.195
3.869	1.195
4.016	1.195
4.169	1.423
4.328	1.423
4.493	1.423
4.664	1.423
4.841	1.423
5.026	1.695
5.217	1.695
5.416	1.695
5.622	1.695
5.836	1.695
6.059	2.019
6.289	2.019
6.529	2.019
6.778	2.019
7.036	2.404
7.304	2.404
7.582	2.404
7.871	2.404
8.170	2.863
8.482	2.863
8.805	2.863
9.140	2.863
9.488	3.410
9.849	3.410
10.22	3.410
10.61	4.062
11.02	4.062
11.44	4.062
11.87	4.837
12.33	4.837
12.80	4.837
13.28	4.837
13.79	4.837
14.31	5.761
14.86	5.761
15.42	5.761
16.01	5.761
16.62	5.761
17.25	5.761
17.91	5.761
18.59	6.862
19.30	6.862
20.04	6.862
20.80	6.862
21.59	6.862
22.42	6.862
23.27	8.172
24.16	8.172
25.08	8.172
26.03	8.172
27.02	8.172
28.05	8.172
29.12	9.733
30.23	9.733
31.38	9.733
32.57	9.733
33.82	9.733
35.10	9.733
36.44	9.733
37.83	9.733
39.27	11.59
40.76	11.59
42.32	11.59
43.93	11.59
45.60	11.59
47.34	11.59
49.14	11.59
51.01	11.59
52.96	11.59
54.97	13.79
57.07	13.79
59.24	13.79
61.50	13.79
63.84	13.79
66.27	13.79
68.79	13.79
71.41	16.39
74.13	16.39
76.96	16.39
79.89	16.39
82.93	16.39
86.09	16.39
89.37	16.39
92.77	16.39
96.31	19.47
99.97	19.47
103.8	19.47
107.7	19.47
111.8	19.47
116.1	19.47
120.5	19.47
125.1	23.10
129.9	23.10
134.8	23.10
140.0	23.10
145.3	23.10
150.8	23.10
156.6	23.10
162.5	23.10
168.7	27.39
175.1	27.39
181.8	27.39
188.7	27.39
195.9	27.39
203.4	27.39
211.1	27.39
219.2	32.47
227.5	32.47
236.2	32.47
245.2	32.47
254.5	32.47
264.2	32.47
274.3	32.47
284.7	38.47
295.6	38.47
306.8	38.47
318.5	38.47
330.6	38.47
343.2	38.47
356.3	45.57
369.9	45.57
384.0	45.57
398.6	45.57
413.8	45.57
429.5	45.57
445.9	53.95
462.9	53.95
480.5	53.95
498.8	53.95
517.8	53.95
537.5	53.95
558.0	63.87
579.2	63.87
601.3	63.87
624.2	63.87
648.0	63.87
672.6	63.87
698.3	75.59
724.9	75.59
752.5	75.59
781.1	75.59
810.9	75.59
841.8	89.44
873.8	89.44
907.1	89.44
941.6	89.44
977.5	89.44
1015.	105.8
1053.	105.8
1094.	105.8
1135.	105.8
1178.	105.8
1223.	125.2
1270.	125.2
1318.	125.2
1368.	125.2
1421.	148.0
1475.	148.0
1531.	148.0
1589.	148.0
1650.	175.1
1712.	175.1
1778.	175.1
1845.	175.1
1916.	207.1
1989.	207.1
2064.	207.1
2143.	207.1
2225.	244.8
2309.	244.8
2397.	244.8
2489.	244.8
2583.	289.5
2682.	289.5
2784.	289.5
2890.	342.3
3000.	342.3
 
 
E/N (Td)	Mean energy (eV)
0.1000E-02	0.3878E-01
0.1038E-02	0.3878E-01
0.1078E-02	0.3878E-01
0.1119E-02	0.3878E-01
0.1161E-02	0.3878E-01
0.1205E-02	0.3878E-01
0.1251E-02	0.3878E-01
0.1299E-02	0.3878E-01
0.1349E-02	0.3878E-01
0.1400E-02	0.3878E-01
0.1453E-02	0.3878E-01
0.1509E-02	0.3878E-01
0.1566E-02	0.3878E-01
0.1626E-02	0.3878E-01
0.1688E-02	0.3878E-01
0.1752E-02	0.3878E-01
0.1819E-02	0.3878E-01
0.1888E-02	0.3878E-01
0.1960E-02	0.3878E-01
0.2034E-02	0.3878E-01
0.2112E-02	0.3878E-01
0.2192E-02	0.3878E-01
0.2276E-02	0.3878E-01
0.2362E-02	0.3878E-01
0.2452E-02	0.3878E-01
0.2546E-02	0.3878E-01
0.2643E-02	0.3878E-01
0.2743E-02	0.3878E-01
0.2848E-02	0.3878E-01
0.2956E-02	0.3878E-01
0.3069E-02	0.3878E-01
0.3186E-02	0.3878E-01
0.3307E-02	0.3878E-01
0.3433E-02	0.3878E-01
0.3564E-02	0.3878E-01
0.3700E-02	0.3878E-01
0.3841E-02	0.3878E-01
0.3987E-02	0.3878E-01
0.4139E-02	0.3878E-01
0.4296E-02	0.3878E-01
0.4460E-02	0.3878E-01
0.4630E-02	0.3878E-01
0.4806E-02	0.3878E-01
0.4989E-02	0.3878E-01
0.5179E-02	0.3879E-01
0.5377E-02	0.3879E-01
0.5581E-02	0.3879E-01
0.5794E-02	0.3879E-01
0.6015E-02	0.3879E-01
0.6244E-02	0.3879E-01
0.6481E-02	0.3879E-01
0.6728E-02	0.3879E-01
0.6985E-02	0.3879E-01
0.7251E-02	0.3879E-01
0.7527E-02	0.3879E-01
0.7813E-02	0.3879E-01
0.8111E-02	0.3879E-01
0.8420E-02	0.3880E-01
0.8741E-02	0.3880E-01
0.9073E-02	0.3880E-01
0.9419E-02	0.3880E-01
0.9778E-02	0.3880E-01
0.1015E-01	0.3880E-01
0.1054E-01	0.3881E-01
0.1094E-01	0.3881E-01
0.1135E-01	0.3881E-01
0.1179E-01	0.3881E-01
0.1224E-01	0.3882E-01
0.1270E-01	0.3882E-01
0.1319E-01	0.3882E-01
0.1369E-01	0.3882E-01
0.1421E-01	0.3883E-01
0.1475E-01	0.3883E-01
0.1531E-01	0.3883E-01
0.1590E-01	0.3884E-01
0.1650E-01	0.3884E-01
0.1713E-01	0.3885E-01
0.1778E-01	0.3885E-01
0.1846E-01	0.3886E-01
0.1916E-01	0.3886E-01
0.1989E-01	0.3887E-01
0.2065E-01	0.3887E-01
0.2144E-01	0.3888E-01
0.2225E-01	0.3889E-01
0.2310E-01	0.3890E-01
0.2398E-01	0.3890E-01
0.2489E-01	0.3891E-01
0.2584E-01	0.3892E-01
0.2682E-01	0.3893E-01
0.2785E-01	0.3894E-01
0.2891E-01	0.3895E-01
0.3001E-01	0.3896E-01
0.3115E-01	0.3897E-01
0.3234E-01	0.3898E-01
0.3357E-01	0.3899E-01
0.3485E-01	0.3900E-01
0.3617E-01	0.3901E-01
0.3755E-01	0.3902E-01
0.3898E-01	0.3904E-01
0.4047E-01	0.3905E-01
0.4201E-01	0.3906E-01
0.4361E-01	0.3908E-01
0.4527E-01	0.3909E-01
0.4699E-01	0.3910E-01
0.4878E-01	0.3912E-01
0.5064E-01	0.3913E-01
0.5257E-01	0.3914E-01
0.5457E-01	0.3916E-01
0.5665E-01	0.3917E-01
0.5881E-01	0.3918E-01
0.6105E-01	0.3920E-01
0.6337E-01	0.3921E-01
0.6579E-01	0.3922E-01
0.6829E-01	0.3923E-01
0.7089E-01	0.3925E-01
0.7359E-01	0.3926E-01
0.7640E-01	0.3927E-01
0.7931E-01	0.3928E-01
0.8233E-01	0.3930E-01
0.8546E-01	0.3931E-01
0.8872E-01	0.3932E-01
0.9210E-01	0.3933E-01
0.9560E-01	0.3934E-01
0.9924E-01	0.3935E-01
0.1030	0.3936E-01
0.1069	0.3937E-01
0.1110	0.3938E-01
0.1152	0.3939E-01
0.1196	0.3940E-01
0.1242	0.3941E-01
0.1289	0.3942E-01
0.1338	0.3943E-01
0.1389	0.3944E-01
0.1442	0.3945E-01
0.1497	0.3946E-01
0.1554	0.3947E-01
0.1613	0.3948E-01
0.1675	0.3949E-01
0.1739	0.3950E-01
0.1805	0.3951E-01
0.1874	0.3953E-01
0.1945	0.3954E-01
0.2019	0.3955E-01
0.2096	0.3957E-01
0.2176	0.3958E-01
0.2259	0.3959E-01
0.2345	0.3961E-01
0.2434	0.3963E-01
0.2527	0.3964E-01
0.2623	0.3966E-01
0.2723	0.3968E-01
0.2826	0.3970E-01
0.2934	0.3973E-01
0.3046	0.3975E-01
0.3162	0.3977E-01
0.3282	0.3980E-01
0.3407	0.3983E-01
0.3537	0.3986E-01
0.3672	0.3989E-01
0.3812	0.3993E-01
0.3957	0.3996E-01
0.4107	0.4000E-01
0.4264	0.4004E-01
0.4426	0.4009E-01
0.4595	0.4014E-01
0.4770	0.4019E-01
0.4952	0.4024E-01
0.5140	0.4030E-01
0.5336	0.4036E-01
0.5539	0.4043E-01
0.5750	0.4050E-01
0.5969	0.4057E-01
0.6196	0.4065E-01
0.6432	0.4074E-01
0.6677	0.4083E-01
0.6932	0.4093E-01
0.7196	0.4103E-01
0.7470	0.4114E-01
0.7754	0.4126E-01
0.8050	0.4139E-01
0.8356	0.4152E-01
0.8674	0.4167E-01
0.9005	0.4182E-01
0.9348	0.4199E-01
0.9704	0.4216E-01
1.007	0.4235E-01
1.046	0.4255E-01
1.086	0.4276E-01
1.127	0.4299E-01
1.170	0.4323E-01
1.214	0.4349E-01
1.261	0.4377E-01
1.309	0.4406E-01
1.358	0.4438E-01
1.410	0.4472E-01
1.464	0.4508E-01
1.520	0.4547E-01
1.578	0.4588E-01
1.638	0.4632E-01
1.700	0.4680E-01
1.765	0.4731E-01
1.832	0.4786E-01
1.902	0.4845E-01
1.974	0.4908E-01
2.049	0.4977E-01
2.127	0.5050E-01
2.208	0.5129E-01
2.293	0.5214E-01
2.380	0.5306E-01
2.470	0.5406E-01
2.565	0.5514E-01
2.662	0.5631E-01
2.764	0.5757E-01
2.869	0.5894E-01
2.978	0.6042E-01
3.092	0.6204E-01
3.209	0.6379E-01
3.332	0.6568E-01
3.458	0.6775E-01
3.590	0.7000E-01
3.727	0.7244E-01
3.869	0.7509E-01
4.016	0.7798E-01
4.169	0.8111E-01
4.328	0.8449E-01
4.493	0.8816E-01
4.664	0.9212E-01
4.841	0.9639E-01
5.026	0.1010
5.217	0.1060
5.416	0.1113
5.622	0.1170
5.836	0.1232
6.059	0.1297
6.289	0.1367
6.529	0.1441
6.778	0.1520
7.036	0.1604
7.304	0.1693
7.582	0.1787
7.871	0.1889
8.170	0.1996
8.482	0.2109
8.805	0.2228
9.140	0.2356
9.488	0.2491
9.849	0.2633
10.22	0.2783
10.61	0.2943
11.02	0.3113
11.44	0.3292
11.87	0.3483
12.33	0.3685
12.80	0.3898
13.28	0.4124
13.79	0.4365
14.31	0.4617
14.86	0.4884
15.42	0.5166
16.01	0.5464
16.62	0.5778
17.25	0.6109
17.91	0.6459
18.59	0.6824
19.30	0.7206
20.04	0.7602
20.80	0.8012
21.59	0.8433
22.42	0.8860
23.27	0.9292
24.16	0.9726
25.08	1.016
26.03	1.058
27.02	1.100
28.05	1.141
29.12	1.180
30.23	1.218
31.38	1.255
32.57	1.290
33.82	1.324
35.10	1.357
36.44	1.388
37.83	1.419
39.27	1.448
40.76	1.476
42.32	1.503
43.93	1.530
45.60	1.556
47.34	1.582
49.14	1.607
51.01	1.632
52.96	1.656
54.97	1.681
57.07	1.705
59.24	1.729
61.50	1.754
63.84	1.778
66.27	1.803
68.79	1.828
71.41	1.854
74.13	1.879
76.96	1.906
79.89	1.933
82.93	1.960
86.09	1.988
89.37	2.017
92.77	2.047
96.31	2.078
99.97	2.109
103.8	2.142
107.7	2.176
111.8	2.210
116.1	2.246
120.5	2.283
125.1	2.322
129.9	2.361
134.8	2.402
140.0	2.444
145.3	2.488
150.8	2.533
156.6	2.580
162.5	2.628
168.7	2.678
175.1	2.729
181.8	2.782
188.7	2.836
195.9	2.892
203.4	2.950
211.1	3.009
219.2	3.070
227.5	3.133
236.2	3.197
245.2	3.263
254.5	3.331
264.2	3.401
274.3	3.473
284.7	3.546
295.6	3.621
306.8	3.699
318.5	3.778
330.6	3.860
343.2	3.943
356.3	4.029
369.9	4.116
384.0	4.207
398.6	4.299
413.8	4.394
429.5	4.491
445.9	4.591
462.9	4.693
480.5	4.799
498.8	4.907
517.8	5.017
537.5	5.131
558.0	5.248
579.2	5.368
601.3	5.491
624.2	5.618
648.0	5.748
672.6	5.882
698.3	6.020
724.9	6.161
752.5	6.306
781.1	6.455
810.9	6.608
841.8	6.765
873.8	6.927
907.1	7.094
941.6	7.266
977.5	7.442
1015.	7.624
1053.	7.811
1094.	8.003
1135.	8.202
1178.	8.406
1223.	8.616
1270.	8.832
1318.	9.055
1368.	9.286
1421.	9.524
1475.	9.768
1531.	10.02
1589.	10.28
1650.	10.55
1712.	10.83
1778.	11.12
1845.	11.41
1916.	11.72
1989.	12.04
2064.	12.36
2143.	12.70
2225.	13.05
2309.	13.41
2397.	13.79
2489.	14.18
2583.	14.58
2682.	15.00
2784.	15.43
2890.	15.88
3000.	16.34
 
 
E/N (Td)	Mobility *N (1/m/V/s)
0.1000E-02	0.7989E+25
0.1038E-02	0.7984E+25
0.1078E-02	0.7984E+25
0.1119E-02	0.7984E+25
0.1161E-02	0.7984E+25
0.1205E-02	0.7984E+25
0.1251E-02	0.7984E+25
0.1299E-02	0.7984E+25
0.1349E-02	0.7984E+25
0.1400E-02	0.7984E+25
0.1453E-02	0.7984E+25
0.1509E-02	0.7984E+25
0.1566E-02	0.7984E+25
0.1626E-02	0.7984E+25
0.1688E-02	0.7984E+25
0.1752E-02	0.7984E+25
0.1819E-02	0.7984E+25
0.1888E-02	0.7984E+25
0.1960E-02	0.7984E+25
0.2034E-02	0.7984E+25
0.2112E-02	0.7984E+25
0.2192E-02	0.7984E+25
0.2276E-02	0.7984E+25
0.2362E-02	0.7984E+25
0.2452E-02	0.7984E+25
0.2546E-02	0.7984E+25
0.2643E-02	0.7984E+25
0.2743E-02	0.7984E+25
0.2848E-02	0.7984E+25
0.2956E-02	0.7984E+25
0.3069E-02	0.7984E+25
0.3186E-02	0.7984E+25
0.3307E-02	0.7984E+25
0.3433E-02	0.7985E+25
0.3564E-02	0.7985E+25
0.3700E-02	0.7985E+25
0.3841E-02	0.7985E+25
0.3987E-02	0.7985E+25
0.4139E-02	0.7985E+25
0.4296E-02	0.7985E+25
0.4460E-02	0.7985E+25
0.4630E-02	0.7985E+25
0.4806E-02	0.7985E+25
0.4989E-02	0.7985E+25
0.5179E-02	0.7985E+25
0.5377E-02	0.7985E+25
0.5581E-02	0.7985E+25
0.5794E-02	0.7985E+25
0.6015E-02	0.7985E+25
0.6244E-02	0.7985E+25
0.6481E-02	0.7985E+25
0.6728E-02	0.7985E+25
0.6985E-02	0.7985E+25
0.7251E-02	0.7985E+25
0.7527E-02	0.7985E+25
0.7813E-02	0.7985E+25
0.8111E-02	0.7985E+25
0.8420E-02	0.7985E+25
0.8741E-02	0.7985E+25
0.9073E-02	0.7985E+25
0.9419E-02	0.7985E+25
0.9778E-02	0.7985E+25
0.1015E-01	0.7985E+25
0.1054E-01	0.7985E+25
0.1094E-01	0.7985E+25
0.1135E-01	0.7985E+25
0.1179E-01	0.7985E+25
0.1224E-01	0.7985E+25
0.1270E-01	0.7985E+25
0.1319E-01	0.7985E+25
0.1369E-01	0.7985E+25
0.1421E-01	0.7985E+25
0.1475E-01	0.7985E+25
0.1531E-01	0.7986E+25
0.1590E-01	0.7986E+25
0.1650E-01	0.7986E+25
0.1713E-01	0.7986E+25
0.1778E-01	0.7986E+25
0.1846E-01	0.7986E+25
0.1916E-01	0.7986E+25
0.1989E-01	0.7986E+25
0.2065E-01	0.7986E+25
0.2144E-01	0.7987E+25
0.2225E-01	0.7987E+25
0.2310E-01	0.7987E+25
0.2398E-01	0.7987E+25
0.2489E-01	0.7987E+25
0.2584E-01	0.7987E+25
0.2682E-01	0.7988E+25
0.2785E-01	0.7988E+25
0.2891E-01	0.7988E+25
0.3001E-01	0.7988E+25
0.3115E-01	0.7988E+25
0.3234E-01	0.7989E+25
0.3357E-01	0.7989E+25
0.3485E-01	0.7989E+25
0.3617E-01	0.7989E+25
0.3755E-01	0.7990E+25
0.3898E-01	0.7990E+25
0.4047E-01	0.7990E+25
0.4201E-01	0.7991E+25
0.4361E-01	0.7991E+25
0.4527E-01	0.7991E+25
0.4699E-01	0.7992E+25
0.4878E-01	0.7992E+25
0.5064E-01	0.7992E+25
0.5257E-01	0.7993E+25
0.5457E-01	0.7993E+25
0.5665E-01	0.7993E+25
0.5881E-01	0.7993E+25
0.6105E-01	0.7994E+25
0.6337E-01	0.7994E+25
0.6579E-01	0.7994E+25
0.6829E-01	0.7995E+25
0.7089E-01	0.7995E+25
0.7359E-01	0.7995E+25
0.7640E-01	0.7995E+25
0.7931E-01	0.7996E+25
0.8233E-01	0.7996E+25
0.8546E-01	0.7996E+25
0.8872E-01	0.7996E+25
0.9210E-01	0.7996E+25
0.9560E-01	0.7996E+25
0.9924E-01	0.7996E+25
0.1030	0.7996E+25
0.1069	0.7997E+25
0.1110	0.7997E+25
0.1152	0.7997E+25
0.1196	0.7996E+25
0.1242	0.7996E+25
0.1289	0.7996E+25
0.1338	0.7996E+25
0.1389	0.7996E+25
0.1442	0.7996E+25
0.1497	0.7996E+25
0.1554	0.7995E+25
0.1613	0.7995E+25
0.1675	0.7995E+25
0.1739	0.7994E+25
0.1805	0.7994E+25
0.1874	0.7993E+25
0.1945	0.7993E+25
0.2019	0.7992E+25
0.2096	0.7992E+25
0.2176	0.7991E+25
0.2259	0.7991E+25
0.2345	0.7990E+25
0.2434	0.7989E+25
0.2527	0.7988E+25
0.2623	0.7987E+25
0.2723	0.7986E+25
0.2826	0.7985E+25
0.2934	0.7984E+25
0.3046	0.7983E+25
0.3162	0.7982E+25
0.3282	0.7981E+25
0.3407	0.7979E+25
0.3537	0.7978E+25
0.3672	0.7976E+25
0.3812	0.7975E+25
0.3957	0.7973E+25
0.4107	0.7971E+25
0.4264	0.7969E+25
0.4426	0.7968E+25
0.4595	0.7965E+25
0.4770	0.7963E+25
0.4952	0.7961E+25
0.5140	0.7959E+25
0.5336	0.7956E+25
0.5539	0.7953E+25
0.5750	0.7951E+25
0.5969	0.7948E+25
0.6196	0.7945E+25
0.6432	0.7941E+25
0.6677	0.7938E+25
0.6932	0.7934E+25
0.7196	0.7930E+25
0.7470	0.7926E+25
0.7754	0.7922E+25
0.8050	0.7918E+25
0.8356	0.7913E+25
0.8674	0.7908E+25
0.9005	0.7903E+25
0.9348	0.7897E+25
0.9704	0.7892E+25
1.007	0.7885E+25
1.046	0.7879E+25
1.086	0.7872E+25
1.127	0.7865E+25
1.170	0.7857E+25
1.214	0.7849E+25
1.261	0.7840E+25
1.309	0.7831E+25
1.358	0.7821E+25
1.410	0.7811E+25
1.464	0.7800E+25
1.520	0.7788E+25
1.578	0.7775E+25
1.638	0.7764E+25
1.700	0.7750E+25
1.765	0.7734E+25
1.832	0.7717E+25
1.902	0.7700E+25
1.974	0.7681E+25
2.049	0.7660E+25
2.127	0.7638E+25
2.208	0.7614E+25
2.293	0.7588E+25
2.380	0.7561E+25
2.470	0.7538E+25
2.565	0.7506E+25
2.662	0.7471E+25
2.764	0.7433E+25
2.869	0.7391E+25
2.978	0.7347E+25
3.092	0.7299E+25
3.209	0.7247E+25
3.332	0.7188E+25
3.458	0.7127E+25
3.590	0.7062E+25
3.727	0.6991E+25
3.869	0.6915E+25
4.016	0.6837E+25
4.169	0.6748E+25
4.328	0.6654E+25
4.493	0.6553E+25
4.664	0.6445E+25
4.841	0.6327E+25
5.026	0.6207E+25
5.217	0.6081E+25
5.416	0.5949E+25
5.622	0.5811E+25
5.836	0.5675E+25
6.059	0.5526E+25
6.289	0.5372E+25
6.529	0.5215E+25
6.778	0.5050E+25
7.036	0.4888E+25
7.304	0.4725E+25
7.582	0.4560E+25
7.871	0.4400E+25
8.170	0.4235E+25
8.482	0.4072E+25
8.805	0.3910E+25
9.140	0.3751E+25
9.488	0.3595E+25
9.849	0.3441E+25
10.22	0.3289E+25
10.61	0.3144E+25
11.02	0.3003E+25
11.44	0.2868E+25
11.87	0.2737E+25
12.33	0.2610E+25
12.80	0.2489E+25
13.28	0.2373E+25
13.79	0.2261E+25
14.31	0.2155E+25
14.86	0.2054E+25
15.42	0.1959E+25
16.01	0.1868E+25
16.62	0.1782E+25
17.25	0.1701E+25
17.91	0.1625E+25
18.59	0.1553E+25
19.30	0.1486E+25
20.04	0.1422E+25
20.80	0.1363E+25
21.59	0.1308E+25
22.42	0.1257E+25
23.27	0.1210E+25
24.16	0.1167E+25
25.08	0.1128E+25
26.03	0.1091E+25
27.02	0.1058E+25
28.05	0.1028E+25
29.12	0.1001E+25
30.23	0.9762E+24
31.38	0.9537E+24
32.57	0.9331E+24
33.82	0.9144E+24
35.10	0.8972E+24
36.44	0.8814E+24
37.83	0.8670E+24
39.27	0.8536E+24
40.76	0.8412E+24
42.32	0.8297E+24
43.93	0.8189E+24
45.60	0.8088E+24
47.34	0.7994E+24
49.14	0.7904E+24
51.01	0.7819E+24
52.96	0.7738E+24
54.97	0.7661E+24
57.07	0.7587E+24
59.24	0.7516E+24
61.50	0.7447E+24
63.84	0.7380E+24
66.27	0.7316E+24
68.79	0.7252E+24
71.41	0.7191E+24
74.13	0.7131E+24
76.96	0.7072E+24
79.89	0.7014E+24
82.93	0.6957E+24
86.09	0.6900E+24
89.37	0.6845E+24
92.77	0.6789E+24
96.31	0.6734E+24
99.97	0.6680E+24
103.8	0.6626E+24
107.7	0.6572E+24
111.8	0.6518E+24
116.1	0.6464E+24
120.5	0.6411E+24
125.1	0.6358E+24
129.9	0.6304E+24
134.8	0.6251E+24
140.0	0.6198E+24
145.3	0.6144E+24
150.8	0.6091E+24
156.6	0.6038E+24
162.5	0.5985E+24
168.7	0.5932E+24
175.1	0.5879E+24
181.8	0.5826E+24
188.7	0.5773E+24
195.9	0.5720E+24
203.4	0.5667E+24
211.1	0.5615E+24
219.2	0.5563E+24
227.5	0.5510E+24
236.2	0.5458E+24
245.2	0.5407E+24
254.5	0.5355E+24
264.2	0.5304E+24
274.3	0.5253E+24
284.7	0.5202E+24
295.6	0.5151E+24
306.8	0.5101E+24
318.5	0.5051E+24
330.6	0.5001E+24
343.2	0.4952E+24
356.3	0.4903E+24
369.9	0.4854E+24
384.0	0.4805E+24
398.6	0.4757E+24
413.8	0.4709E+24
429.5	0.4661E+24
445.9	0.4613E+24
462.9	0.4566E+24
480.5	0.4519E+24
498.8	0.4472E+24
517.8	0.4426E+24
537.5	0.4379E+24
558.0	0.4333E+24
579.2	0.4288E+24
601.3	0.4242E+24
624.2	0.4197E+24
648.0	0.4152E+24
672.6	0.4109E+24
698.3	0.4064E+24
724.9	0.4020E+24
752.5	0.3976E+24
781.1	0.3932E+24
810.9	0.3887E+24
841.8	0.3844E+24
873.8	0.3801E+24
907.1	0.3758E+24
941.6	0.3716E+24
977.5	0.3674E+24
1015.	0.3632E+24
1053.	0.3590E+24
1094.	0.3548E+24
1135.	0.3507E+24
1178.	0.3465E+24
1223.	0.3424E+24
1270.	0.3383E+24
1318.	0.3343E+24
1368.	0.3303E+24
1421.	0.3262E+24
1475.	0.3222E+24
1531.	0.3183E+24
1589.	0.3142E+24
1650.	0.3103E+24
1712.	0.3064E+24
1778.	0.3025E+24
1845.	0.2987E+24
1916.	0.2949E+24
1989.	0.2911E+24
2064.	0.2873E+24
2143.	0.2834E+24
2225.	0.2797E+24
2309.	0.2759E+24
2397.	0.2722E+24
2489.	0.2685E+24
2583.	0.2648E+24
2682.	0.2612E+24
2784.	0.2576E+24
2890.	0.2540E+24
3000.	0.2504E+24
 
 
E/N (Td)	Diffusion coefficient *N (1/m/s)
0.1000E-02	0.2066E+24
0.1038E-02	0.2067E+24
0.1078E-02	0.2067E+24
0.1119E-02	0.2067E+24
0.1161E-02	0.2067E+24
0.1205E-02	0.2067E+24
0.1251E-02	0.2067E+24
0.1299E-02	0.2067E+24
0.1349E-02	0.2067E+24
0.1400E-02	0.2067E+24
0.1453E-02	0.2067E+24
0.1509E-02	0.2067E+24
0.1566E-02	0.2067E+24
0.1626E-02	0.2067E+24
0.1688E-02	0.2067E+24
0.1752E-02	0.2067E+24
0.1819E-02	0.2067E+24
0.1888E-02	0.2067E+24
0.1960E-02	0.2067E+24
0.2034E-02	0.2067E+24
0.2112E-02	0.2067E+24
0.2192E-02	0.2067E+24
0.2276E-02	0.2067E+24
0.2362E-02	0.2067E+24
0.2452E-02	0.2067E+24
0.2546E-02	0.2067E+24
0.2643E-02	0.2067E+24
0.2743E-02	0.2067E+24
0.2848E-02	0.2067E+24
0.2956E-02	0.2067E+24
0.3069E-02	0.2068E+24
0.3186E-02	0.2068E+24
0.3307E-02	0.2068E+24
0.3433E-02	0.2068E+24
0.3564E-02	0.2068E+24
0.3700E-02	0.2068E+24
0.3841E-02	0.2068E+24
0.3987E-02	0.2068E+24
0.4139E-02	0.2068E+24
0.4296E-02	0.2068E+24
0.4460E-02	0.2068E+24
0.4630E-02	0.2068E+24
0.4806E-02	0.2068E+24
0.4989E-02	0.2068E+24
0.5179E-02	0.2068E+24
0.5377E-02	0.2068E+24
0.5581E-02	0.2068E+24
0.5794E-02	0.2068E+24
0.6015E-02	0.2068E+24
0.6244E-02	0.2068E+24
0.6481E-02	0.2068E+24
0.6728E-02	0.2068E+24
0.6985E-02	0.2068E+24
0.7251E-02	0.2068E+24
0.7527E-02	0.2068E+24
0.7813E-02	0.2068E+24
0.8111E-02	0.2068E+24
0.8420E-02	0.2068E+24
0.8741E-02	0.2068E+24
0.9073E-02	0.2068E+24
0.9419E-02	0.2069E+24
0.9778E-02	0.2069E+24
0.1015E-01	0.2069E+24
0.1054E-01	0.2069E+24
0.1094E-01	0.2069E+24
0.1135E-01	0.2069E+24
0.1179E-01	0.2069E+24
0.1224E-01	0.2069E+24
0.1270E-01	0.2069E+24
0.1319E-01	0.2070E+24
0.1369E-01	0.2070E+24
0.1421E-01	0.2070E+24
0.1475E-01	0.2070E+24
0.1531E-01	0.2070E+24
0.1590E-01	0.2071E+24
0.1650E-01	0.2071E+24
0.1713E-01	0.2071E+24
0.1778E-01	0.2071E+24
0.1846E-01	0.2071E+24
0.1916E-01	0.2072E+24
0.1989E-01	0.2072E+24
0.2065E-01	0.2072E+24
0.2144E-01	0.2073E+24
0.2225E-01	0.2073E+24
0.2310E-01	0.2073E+24
0.2398E-01	0.2074E+24
0.2489E-01	0.2074E+24
0.2584E-01	0.2075E+24
0.2682E-01	0.2075E+24
0.2785E-01	0.2076E+24
0.2891E-01	0.2076E+24
0.3001E-01	0.2077E+24
0.3115E-01	0.2077E+24
0.3234E-01	0.2078E+24
0.3357E-01	0.2078E+24
0.3485E-01	0.2079E+24
0.3617E-01	0.2080E+24
0.3755E-01	0.2080E+24
0.3898E-01	0.2081E+24
0.4047E-01	0.2082E+24
0.4201E-01	0.2082E+24
0.4361E-01	0.2083E+24
0.4527E-01	0.2084E+24
0.4699E-01	0.2084E+24
0.4878E-01	0.2085E+24
0.5064E-01	0.2086E+24
0.5257E-01	0.2086E+24
0.5457E-01	0.2087E+24
0.5665E-01	0.2088E+24
0.5881E-01	0.2089E+24
0.6105E-01	0.2089E+24
0.6337E-01	0.2090E+24
0.6579E-01	0.2091E+24
0.6829E-01	0.2091E+24
0.7089E-01	0.2092E+24
0.7359E-01	0.2093E+24
0.7640E-01	0.2093E+24
0.7931E-01	0.2094E+24
0.8233E-01	0.2095E+24
0.8546E-01	0.2095E+24
0.8872E-01	0.2096E+24
0.9210E-01	0.2096E+24
0.9560E-01	0.2097E+24
0.9924E-01	0.2097E+24
0.1030	0.2098E+24
0.1069	0.2099E+24
0.1110	0.2099E+24
0.1152	0.2100E+24
0.1196	0.2100E+24
0.1242	0.2101E+24
0.1289	0.2101E+24
0.1338	0.2102E+24
0.1389	0.2102E+24
0.1442	0.2103E+24
0.1497	0.2103E+24
0.1554	0.2104E+24
0.1613	0.2104E+24
0.1675	0.2105E+24
0.1739	0.2105E+24
0.1805	0.2106E+24
0.1874	0.2106E+24
0.1945	0.2107E+24
0.2019	0.2108E+24
0.2096	0.2108E+24
0.2176	0.2109E+24
0.2259	0.2110E+24
0.2345	0.2110E+24
0.2434	0.2111E+24
0.2527	0.2112E+24
0.2623	0.2113E+24
0.2723	0.2114E+24
0.2826	0.2115E+24
0.2934	0.2116E+24
0.3046	0.2117E+24
0.3162	0.2118E+24
0.3282	0.2120E+24
0.3407	0.2121E+24
0.3537	0.2122E+24
0.3672	0.2124E+24
0.3812	0.2126E+24
0.3957	0.2127E+24
0.4107	0.2129E+24
0.4264	0.2131E+24
0.4426	0.2133E+24
0.4595	0.2135E+24
0.4770	0.2138E+24
0.4952	0.2140E+24
0.5140	0.2143E+24
0.5336	0.2146E+24
0.5539	0.2149E+24
0.5750	0.2152E+24
0.5969	0.2156E+24
0.6196	0.2160E+24
0.6432	0.2164E+24
0.6677	0.2168E+24
0.6932	0.2172E+24
0.7196	0.2177E+24
0.7470	0.2182E+24
0.7754	0.2188E+24
0.8050	0.2193E+24
0.8356	0.2200E+24
0.8674	0.2206E+24
0.9005	0.2213E+24
0.9348	0.2221E+24
0.9704	0.2229E+24
1.007	0.2237E+24
1.046	0.2246E+24
1.086	0.2256E+24
1.127	0.2266E+24
1.170	0.2277E+24
1.214	0.2288E+24
1.261	0.2300E+24
1.309	0.2313E+24
1.358	0.2327E+24
1.410	0.2342E+24
1.464	0.2358E+24
1.520	0.2374E+24
1.578	0.2392E+24
1.638	0.2412E+24
1.700	0.2432E+24
1.765	0.2454E+24
1.832	0.2477E+24
1.902	0.2501E+24
1.974	0.2527E+24
2.049	0.2554E+24
2.127	0.2584E+24
2.208	0.2615E+24
2.293	0.2648E+24
2.380	0.2684E+24
2.470	0.2726E+24
2.565	0.2766E+24
2.662	0.2809E+24
2.764	0.2855E+24
2.869	0.2904E+24
2.978	0.2956E+24
3.092	0.3011E+24
3.209	0.3070E+24
3.332	0.3131E+24
3.458	0.3198E+24
3.590	0.3268E+24
3.727	0.3342E+24
3.869	0.3420E+24
4.016	0.3506E+24
4.169	0.3592E+24
4.328	0.3683E+24
4.493	0.3777E+24
4.664	0.3875E+24
4.841	0.3977E+24
5.026	0.4082E+24
5.217	0.4191E+24
5.416	0.4302E+24
5.622	0.4416E+24
5.836	0.4541E+24
6.059	0.4657E+24
6.289	0.4775E+24
6.529	0.4892E+24
6.778	0.5002E+24
7.036	0.5119E+24
7.304	0.5235E+24
7.582	0.5350E+24
7.871	0.5474E+24
8.170	0.5584E+24
8.482	0.5691E+24
8.805	0.5796E+24
9.140	0.5908E+24
9.488	0.6007E+24
9.849	0.6103E+24
10.22	0.6190E+24
10.61	0.6281E+24
11.02	0.6371E+24
11.44	0.6457E+24
11.87	0.6543E+24
12.33	0.6627E+24
12.80	0.6710E+24
13.28	0.6792E+24
13.79	0.6880E+24
14.31	0.6961E+24
14.86	0.7043E+24
15.42	0.7125E+24
16.01	0.7209E+24
16.62	0.7295E+24
17.25	0.7382E+24
17.91	0.7483E+24
18.59	0.7575E+24
19.30	0.7669E+24
20.04	0.7767E+24
20.80	0.7866E+24
21.59	0.7968E+24
22.42	0.8063E+24
23.27	0.8168E+24
24.16	0.8272E+24
25.08	0.8376E+24
26.03	0.8478E+24
27.02	0.8579E+24
28.05	0.8678E+24
29.12	0.8773E+24
30.23	0.8864E+24
31.38	0.8953E+24
32.57	0.9038E+24
33.82	0.9119E+24
35.10	0.9198E+24
36.44	0.9273E+24
37.83	0.9346E+24
39.27	0.9416E+24
40.76	0.9483E+24
42.32	0.9549E+24
43.93	0.9612E+24
45.60	0.9675E+24
47.34	0.9735E+24
49.14	0.9795E+24
51.01	0.9853E+24
52.96	0.9911E+24
54.97	0.9968E+24
57.07	0.1003E+25
59.24	0.1008E+25
61.50	0.1014E+25
63.84	0.1020E+25
66.27	0.1025E+25
68.79	0.1031E+25
71.41	0.1037E+25
74.13	0.1043E+25
76.96	0.1049E+25
79.89	0.1055E+25
82.93	0.1061E+25
86.09	0.1067E+25
89.37	0.1074E+25
92.77	0.1080E+25
96.31	0.1087E+25
99.97	0.1094E+25
103.8	0.1101E+25
107.7	0.1109E+25
111.8	0.1116E+25
116.1	0.1124E+25
120.5	0.1132E+25
125.1	0.1140E+25
129.9	0.1148E+25
134.8	0.1157E+25
140.0	0.1166E+25
145.3	0.1175E+25
150.8	0.1184E+25
156.6	0.1194E+25
162.5	0.1204E+25
168.7	0.1214E+25
175.1	0.1224E+25
181.8	0.1235E+25
188.7	0.1246E+25
195.9	0.1257E+25
203.4	0.1268E+25
211.1	0.1280E+25
219.2	0.1292E+25
227.5	0.1304E+25
236.2	0.1316E+25
245.2	0.1329E+25
254.5	0.1341E+25
264.2	0.1355E+25
274.3	0.1368E+25
284.7	0.1381E+25
295.6	0.1395E+25
306.8	0.1409E+25
318.5	0.1423E+25
330.6	0.1438E+25
343.2	0.1453E+25
356.3	0.1468E+25
369.9	0.1483E+25
384.0	0.1498E+25
398.6	0.1514E+25
413.8	0.1530E+25
429.5	0.1546E+25
445.9	0.1563E+25
462.9	0.1579E+25
480.5	0.1596E+25
498.8	0.1614E+25
517.8	0.1631E+25
537.5	0.1649E+25
558.0	0.1667E+25
579.2	0.1685E+25
601.3	0.1704E+25
624.2	0.1723E+25
648.0	0.1742E+25
672.6	0.1762E+25
698.3	0.1782E+25
724.9	0.1802E+25
752.5	0.1823E+25
781.1	0.1843E+25
810.9	0.1864E+25
841.8	0.1885E+25
873.8	0.1907E+25
907.1	0.1929E+25
941.6	0.1951E+25
977.5	0.1974E+25
1015.	0.1997E+25
1053.	0.2021E+25
1094.	0.2044E+25
1135.	0.2068E+25
1178.	0.2093E+25
1223.	0.2118E+25
1270.	0.2143E+25
1318.	0.2168E+25
1368.	0.2195E+25
1421.	0.2221E+25
1475.	0.2248E+25
1531.	0.2275E+25
1589.	0.2302E+25
1650.	0.2330E+25
1712.	0.2359E+25
1778.	0.2388E+25
1845.	0.2419E+25
1916.	0.2449E+25
1989.	0.2479E+25
2064.	0.2510E+25
2143.	0.2542E+25
2225.	0.2574E+25
2309.	0.2607E+25
2397.	0.2641E+25
2489.	0.2674E+25
2583.	0.2709E+25
2682.	0.2745E+25
2784.	0.2782E+25
2890.	0.2819E+25
3000.	0.2857E+25
 
 
E/N (Td)	Energy mobility *N (1/m/V/s)
0.1000E-02	0.1256E+26
0.1038E-02	0.1256E+26
0.1078E-02	0.1256E+26
0.1119E-02	0.1256E+26
0.1161E-02	0.1256E+26
0.1205E-02	0.1256E+26
0.1251E-02	0.1256E+26
0.1299E-02	0.1256E+26
0.1349E-02	0.1256E+26
0.1400E-02	0.1256E+26
0.1453E-02	0.1256E+26
0.1509E-02	0.1256E+26
0.1566E-02	0.1256E+26
0.1626E-02	0.1256E+26
0.1688E-02	0.1256E+26
0.1752E-02	0.1256E+26
0.1819E-02	0.1256E+26
0.1888E-02	0.1256E+26
0.1960E-02	0.1256E+26
0.2034E-02	0.1256E+26
0.2112E-02	0.1256E+26
0.2192E-02	0.1256E+26
0.2276E-02	0.1256E+26
0.2362E-02	0.1256E+26
0.2452E-02	0.1256E+26
0.2546E-02	0.1256E+26
0.2643E-02	0.1256E+26
0.2743E-02	0.1256E+26
0.2848E-02	0.1256E+26
0.2956E-02	0.1256E+26
0.3069E-02	0.1256E+26
0.3186E-02	0.1256E+26
0.3307E-02	0.1256E+26
0.3433E-02	0.1256E+26
0.3564E-02	0.1256E+26
0.3700E-02	0.1256E+26
0.3841E-02	0.1256E+26
0.3987E-02	0.1256E+26
0.4139E-02	0.1256E+26
0.4296E-02	0.1256E+26
0.4460E-02	0.1256E+26
0.4630E-02	0.1256E+26
0.4806E-02	0.1256E+26
0.4989E-02	0.1256E+26
0.5179E-02	0.1256E+26
0.5377E-02	0.1256E+26
0.5581E-02	0.1256E+26
0.5794E-02	0.1256E+26
0.6015E-02	0.1256E+26
0.6244E-02	0.1256E+26
0.6481E-02	0.1256E+26
0.6728E-02	0.1256E+26
0.6985E-02	0.1256E+26
0.7251E-02	0.1256E+26
0.7527E-02	0.1256E+26
0.7813E-02	0.1256E+26
0.8111E-02	0.1256E+26
0.8420E-02	0.1256E+26
0.8741E-02	0.1256E+26
0.9073E-02	0.1256E+26
0.9419E-02	0.1256E+26
0.9778E-02	0.1256E+26
0.1015E-01	0.1256E+26
0.1054E-01	0.1256E+26
0.1094E-01	0.1256E+26
0.1135E-01	0.1256E+26
0.1179E-01	0.1256E+26
0.1224E-01	0.1256E+26
0.1270E-01	0.1256E+26
0.1319E-01	0.1256E+26
0.1369E-01	0.1256E+26
0.1421E-01	0.1256E+26
0.1475E-01	0.1256E+26
0.1531E-01	0.1256E+26
0.1590E-01	0.1256E+26
0.1650E-01	0.1256E+26
0.1713E-01	0.1256E+26
0.1778E-01	0.1256E+26
0.1846E-01	0.1256E+26
0.1916E-01	0.1256E+26
0.1989E-01	0.1256E+26
0.2065E-01	0.1256E+26
0.2144E-01	0.1256E+26
0.2225E-01	0.1256E+26
0.2310E-01	0.1256E+26
0.2398E-01	0.1256E+26
0.2489E-01	0.1256E+26
0.2584E-01	0.1256E+26
0.2682E-01	0.1256E+26
0.2785E-01	0.1256E+26
0.2891E-01	0.1257E+26
0.3001E-01	0.1257E+26
0.3115E-01	0.1257E+26
0.3234E-01	0.1257E+26
0.3357E-01	0.1257E+26
0.3485E-01	0.1257E+26
0.3617E-01	0.1257E+26
0.3755E-01	0.1257E+26
0.3898E-01	0.1257E+26
0.4047E-01	0.1257E+26
0.4201E-01	0.1257E+26
0.4361E-01	0.1257E+26
0.4527E-01	0.1257E+26
0.4699E-01	0.1257E+26
0.4878E-01	0.1257E+26
0.5064E-01	0.1257E+26
0.5257E-01	0.1257E+26
0.5457E-01	0.1257E+26
0.5665E-01	0.1257E+26
0.5881E-01	0.1257E+26
0.6105E-01	0.1258E+26
0.6337E-01	0.1258E+26
0.6579E-01	0.1258E+26
0.6829E-01	0.1258E+26
0.7089E-01	0.1258E+26
0.7359E-01	0.1258E+26
0.7640E-01	0.1258E+26
0.7931E-01	0.1258E+26
0.8233E-01	0.1258E+26
0.8546E-01	0.1258E+26
0.8872E-01	0.1258E+26
0.9210E-01	0.1258E+26
0.9560E-01	0.1258E+26
0.9924E-01	0.1258E+26
0.1030	0.1258E+26
0.1069	0.1258E+26
0.1110	0.1258E+26
0.1152	0.1258E+26
0.1196	0.1258E+26
0.1242	0.1258E+26
0.1289	0.1258E+26
0.1338	0.1258E+26
0.1389	0.1258E+26
0.1442	0.1258E+26
0.1497	0.1258E+26
0.1554	0.1258E+26
0.1613	0.1258E+26
0.1675	0.1258E+26
0.1739	0.1258E+26
0.1805	0.1258E+26
0.1874	0.1258E+26
0.1945	0.1258E+26
0.2019	0.1258E+26
0.2096	0.1258E+26
0.2176	0.1258E+26
0.2259	0.1257E+26
0.2345	0.1257E+26
0.2434	0.1257E+26
0.2527	0.1257E+26
0.2623	0.1257E+26
0.2723	0.1257E+26
0.2826	0.1257E+26
0.2934	0.1257E+26
0.3046	0.1257E+26
0.3162	0.1257E+26
0.3282	0.1256E+26
0.3407	0.1256E+26
0.3537	0.1256E+26
0.3672	0.1256E+26
0.3812	0.1256E+26
0.3957	0.1256E+26
0.4107	0.1255E+26
0.4264	0.1255E+26
0.4426	0.1255E+26
0.4595	0.1255E+26
0.4770	0.1254E+26
0.4952	0.1254E+26
0.5140	0.1254E+26
0.5336	0.1253E+26
0.5539	0.1253E+26
0.5750	0.1252E+26
0.5969	0.1252E+26
0.6196	0.1252E+26
0.6432	0.1251E+26
0.6677	0.1250E+26
0.6932	0.1250E+26
0.7196	0.1249E+26
0.7470	0.1249E+26
0.7754	0.1248E+26
0.8050	0.1247E+26
0.8356	0.1246E+26
0.8674	0.1245E+26
0.9005	0.1244E+26
0.9348	0.1243E+26
0.9704	0.1242E+26
1.007	0.1241E+26
1.046	0.1239E+26
1.086	0.1238E+26
1.127	0.1236E+26
1.170	0.1235E+26
1.214	0.1233E+26
1.261	0.1231E+26
1.309	0.1229E+26
1.358	0.1227E+26
1.410	0.1224E+26
1.464	0.1222E+26
1.520	0.1219E+26
1.578	0.1216E+26
1.638	0.1213E+26
1.700	0.1209E+26
1.765	0.1205E+26
1.832	0.1201E+26
1.902	0.1197E+26
1.974	0.1192E+26
2.049	0.1186E+26
2.127	0.1180E+26
2.208	0.1174E+26
2.293	0.1167E+26
2.380	0.1160E+26
2.470	0.1153E+26
2.565	0.1144E+26
2.662	0.1134E+26
2.764	0.1124E+26
2.869	0.1113E+26
2.978	0.1101E+26
3.092	0.1088E+26
3.209	0.1074E+26
3.332	0.1059E+26
3.458	0.1043E+26
3.590	0.1026E+26
3.727	0.1008E+26
3.869	0.9893E+25
4.016	0.9697E+25
4.169	0.9486E+25
4.328	0.9266E+25
4.493	0.9038E+25
4.664	0.8802E+25
4.841	0.8557E+25
5.026	0.8309E+25
5.217	0.8056E+25
5.416	0.7800E+25
5.622	0.7542E+25
5.836	0.7288E+25
6.059	0.7029E+25
6.289	0.6771E+25
6.529	0.6515E+25
6.778	0.6262E+25
7.036	0.6014E+25
7.304	0.5771E+25
7.582	0.5533E+25
7.871	0.5302E+25
8.170	0.5076E+25
8.482	0.4856E+25
8.805	0.4643E+25
9.140	0.4438E+25
9.488	0.4240E+25
9.849	0.4049E+25
10.22	0.3865E+25
10.61	0.3690E+25
11.02	0.3522E+25
11.44	0.3362E+25
11.87	0.3210E+25
12.33	0.3065E+25
12.80	0.2927E+25
13.28	0.2796E+25
13.79	0.2673E+25
14.31	0.2556E+25
14.86	0.2446E+25
15.42	0.2342E+25
16.01	0.2244E+25
16.62	0.2152E+25
17.25	0.2066E+25
17.91	0.1985E+25
18.59	0.1909E+25
19.30	0.1839E+25
20.04	0.1773E+25
20.80	0.1712E+25
21.59	0.1656E+25
22.42	0.1605E+25
23.27	0.1558E+25
24.16	0.1515E+25
25.08	0.1476E+25
26.03	0.1441E+25
27.02	0.1409E+25
28.05	0.1380E+25
29.12	0.1354E+25
30.23	0.1331E+25
31.38	0.1309E+25
32.57	0.1290E+25
33.82	0.1272E+25
35.10	0.1255E+25
36.44	0.1240E+25
37.83	0.1226E+25
39.27	0.1213E+25
40.76	0.1201E+25
42.32	0.1190E+25
43.93	0.1179E+25
45.60	0.1169E+25
47.34	0.1159E+25
49.14	0.1150E+25
51.01	0.1141E+25
52.96	0.1132E+25
54.97	0.1124E+25
57.07	0.1116E+25
59.24	0.1108E+25
61.50	0.1100E+25
63.84	0.1092E+25
66.27	0.1084E+25
68.79	0.1076E+25
71.41	0.1069E+25
74.13	0.1061E+25
76.96	0.1054E+25
79.89	0.1046E+25
82.93	0.1038E+25
86.09	0.1031E+25
89.37	0.1023E+25
92.77	0.1016E+25
96.31	0.1008E+25
99.97	0.1000E+25
103.8	0.9923E+24
107.7	0.9844E+24
111.8	0.9765E+24
116.1	0.9685E+24
120.5	0.9605E+24
125.1	0.9524E+24
129.9	0.9443E+24
134.8	0.9361E+24
140.0	0.9278E+24
145.3	0.9196E+24
150.8	0.9113E+24
156.6	0.9029E+24
162.5	0.8946E+24
168.7	0.8862E+24
175.1	0.8779E+24
181.8	0.8695E+24
188.7	0.8612E+24
195.9	0.8528E+24
203.4	0.8445E+24
211.1	0.8363E+24
219.2	0.8280E+24
227.5	0.8198E+24
236.2	0.8117E+24
245.2	0.8036E+24
254.5	0.7955E+24
264.2	0.7875E+24
274.3	0.7795E+24
284.7	0.7717E+24
295.6	0.7638E+24
306.8	0.7561E+24
318.5	0.7484E+24
330.6	0.7408E+24
343.2	0.7332E+24
356.3	0.7257E+24
369.9	0.7183E+24
384.0	0.7109E+24
398.6	0.7036E+24
413.8	0.6964E+24
429.5	0.6892E+24
445.9	0.6821E+24
462.9	0.6750E+24
480.5	0.6681E+24
498.8	0.6612E+24
517.8	0.6543E+24
537.5	0.6475E+24
558.0	0.6408E+24
579.2	0.6341E+24
601.3	0.6275E+24
624.2	0.6210E+24
648.0	0.6145E+24
672.6	0.6082E+24
698.3	0.6018E+24
724.9	0.5954E+24
752.5	0.5892E+24
781.1	0.5829E+24
810.9	0.5766E+24
841.8	0.5705E+24
873.8	0.5644E+24
907.1	0.5583E+24
941.6	0.5523E+24
977.5	0.5463E+24
1015.	0.5404E+24
1053.	0.5345E+24
1094.	0.5286E+24
1135.	0.5227E+24
1178.	0.5169E+24
1223.	0.5110E+24
1270.	0.5053E+24
1318.	0.4995E+24
1368.	0.4939E+24
1421.	0.4881E+24
1475.	0.4825E+24
1531.	0.4768E+24
1589.	0.4711E+24
1650.	0.4655E+24
1712.	0.4598E+24
1778.	0.4542E+24
1845.	0.4488E+24
1916.	0.4433E+24
1989.	0.4377E+24
2064.	0.4322E+24
2143.	0.4267E+24
2225.	0.4212E+24
2309.	0.4157E+24
2397.	0.4103E+24
2489.	0.4049E+24
2583.	0.3996E+24
2682.	0.3942E+24
2784.	0.3889E+24
2890.	0.3837E+24
3000.	0.3784E+24
 
 
E/N (Td)	Energy diffusion coef. D*N (1/m/s)
0.1000E-02	0.3246E+24
0.1038E-02	0.3245E+24
0.1078E-02	0.3245E+24
0.1119E-02	0.3245E+24
0.1161E-02	0.3245E+24
0.1205E-02	0.3245E+24
0.1251E-02	0.3245E+24
0.1299E-02	0.3245E+24
0.1349E-02	0.3245E+24
0.1400E-02	0.3245E+24
0.1453E-02	0.3245E+24
0.1509E-02	0.3245E+24
0.1566E-02	0.3245E+24
0.1626E-02	0.3245E+24
0.1688E-02	0.3245E+24
0.1752E-02	0.3245E+24
0.1819E-02	0.3245E+24
0.1888E-02	0.3245E+24
0.1960E-02	0.3245E+24
0.2034E-02	0.3245E+24
0.2112E-02	0.3245E+24
0.2192E-02	0.3245E+24
0.2276E-02	0.3245E+24
0.2362E-02	0.3245E+24
0.2452E-02	0.3245E+24
0.2546E-02	0.3245E+24
0.2643E-02	0.3245E+24
0.2743E-02	0.3245E+24
0.2848E-02	0.3245E+24
0.2956E-02	0.3245E+24
0.3069E-02	0.3245E+24
0.3186E-02	0.3245E+24
0.3307E-02	0.3245E+24
0.3433E-02	0.3245E+24
0.3564E-02	0.3245E+24
0.3700E-02	0.3245E+24
0.3841E-02	0.3245E+24
0.3987E-02	0.3245E+24
0.4139E-02	0.3245E+24
0.4296E-02	0.3245E+24
0.4460E-02	0.3245E+24
0.4630E-02	0.3245E+24
0.4806E-02	0.3245E+24
0.4989E-02	0.3245E+24
0.5179E-02	0.3245E+24
0.5377E-02	0.3245E+24
0.5581E-02	0.3245E+24
0.5794E-02	0.3245E+24
0.6015E-02	0.3245E+24
0.6244E-02	0.3245E+24
0.6481E-02	0.3245E+24
0.6728E-02	0.3245E+24
0.6985E-02	0.3245E+24
0.7251E-02	0.3245E+24
0.7527E-02	0.3245E+24
0.7813E-02	0.3245E+24
0.8111E-02	0.3245E+24
0.8420E-02	0.3245E+24
0.8741E-02	0.3245E+24
0.9073E-02	0.3245E+24
0.9419E-02	0.3245E+24
0.9778E-02	0.3245E+24
0.1015E-01	0.3245E+24
0.1054E-01	0.3245E+24
0.1094E-01	0.3245E+24
0.1135E-01	0.3245E+24
0.1179E-01	0.3245E+24
0.1224E-01	0.3246E+24
0.1270E-01	0.3246E+24
0.1319E-01	0.3246E+24
0.1369E-01	0.3246E+24
0.1421E-01	0.3246E+24
0.1475E-01	0.3246E+24
0.1531E-01	0.3246E+24
0.1590E-01	0.3246E+24
0.1650E-01	0.3246E+24
0.1713E-01	0.3246E+24
0.1778E-01	0.3246E+24
0.1846E-01	0.3246E+24
0.1916E-01	0.3246E+24
0.1989E-01	0.3246E+24
0.2065E-01	0.3247E+24
0.2144E-01	0.3247E+24
0.2225E-01	0.3247E+24
0.2310E-01	0.3247E+24
0.2398E-01	0.3247E+24
0.2489E-01	0.3247E+24
0.2584E-01	0.3248E+24
0.2682E-01	0.3248E+24
0.2785E-01	0.3248E+24
0.2891E-01	0.3248E+24
0.3001E-01	0.3248E+24
0.3115E-01	0.3249E+24
0.3234E-01	0.3249E+24
0.3357E-01	0.3249E+24
0.3485E-01	0.3249E+24
0.3617E-01	0.3250E+24
0.3755E-01	0.3250E+24
0.3898E-01	0.3250E+24
0.4047E-01	0.3251E+24
0.4201E-01	0.3251E+24
0.4361E-01	0.3251E+24
0.4527E-01	0.3252E+24
0.4699E-01	0.3252E+24
0.4878E-01	0.3252E+24
0.5064E-01	0.3253E+24
0.5257E-01	0.3253E+24
0.5457E-01	0.3253E+24
0.5665E-01	0.3254E+24
0.5881E-01	0.3254E+24
0.6105E-01	0.3255E+24
0.6337E-01	0.3255E+24
0.6579E-01	0.3256E+24
0.6829E-01	0.3256E+24
0.7089E-01	0.3256E+24
0.7359E-01	0.3257E+24
0.7640E-01	0.3257E+24
0.7931E-01	0.3258E+24
0.8233E-01	0.3258E+24
0.8546E-01	0.3258E+24
0.8872E-01	0.3259E+24
0.9210E-01	0.3259E+24
0.9560E-01	0.3260E+24
0.9924E-01	0.3260E+24
0.1030	0.3260E+24
0.1069	0.3261E+24
0.1110	0.3261E+24
0.1152	0.3262E+24
0.1196	0.3262E+24
0.1242	0.3262E+24
0.1289	0.3263E+24
0.1338	0.3263E+24
0.1389	0.3264E+24
0.1442	0.3264E+24
0.1497	0.3264E+24
0.1554	0.3265E+24
0.1613	0.3265E+24
0.1675	0.3266E+24
0.1739	0.3266E+24
0.1805	0.3267E+24
0.1874	0.3267E+24
0.1945	0.3268E+24
0.2019	0.3268E+24
0.2096	0.3269E+24
0.2176	0.3270E+24
0.2259	0.3270E+24
0.2345	0.3271E+24
0.2434	0.3272E+24
0.2527	0.3272E+24
0.2623	0.3273E+24
0.2723	0.3274E+24
0.2826	0.3275E+24
0.2934	0.3276E+24
0.3046	0.3277E+24
0.3162	0.3278E+24
0.3282	0.3279E+24
0.3407	0.3281E+24
0.3537	0.3282E+24
0.3672	0.3284E+24
0.3812	0.3285E+24
0.3957	0.3287E+24
0.4107	0.3289E+24
0.4264	0.3291E+24
0.4426	0.3293E+24
0.4595	0.3295E+24
0.4770	0.3298E+24
0.4952	0.3300E+24
0.5140	0.3303E+24
0.5336	0.3306E+24
0.5539	0.3309E+24
0.5750	0.3313E+24
0.5969	0.3317E+24
0.6196	0.3321E+24
0.6432	0.3325E+24
0.6677	0.3330E+24
0.6932	0.3335E+24
0.7196	0.3340E+24
0.7470	0.3346E+24
0.7754	0.3352E+24
0.8050	0.3359E+24
0.8356	0.3366E+24
0.8674	0.3374E+24
0.9005	0.3383E+24
0.9348	0.3392E+24
0.9704	0.3401E+24
1.007	0.3412E+24
1.046	0.3423E+24
1.086	0.3435E+24
1.127	0.3448E+24
1.170	0.3462E+24
1.214	0.3477E+24
1.261	0.3493E+24
1.309	0.3510E+24
1.358	0.3529E+24
1.410	0.3549E+24
1.464	0.3570E+24
1.520	0.3593E+24
1.578	0.3618E+24
1.638	0.3645E+24
1.700	0.3673E+24
1.765	0.3703E+24
1.832	0.3736E+24
1.902	0.3771E+24
1.974	0.3808E+24
2.049	0.3848E+24
2.127	0.3891E+24
2.208	0.3937E+24
2.293	0.3986E+24
2.380	0.4038E+24
2.470	0.4097E+24
2.565	0.4155E+24
2.662	0.4218E+24
2.764	0.4284E+24
2.869	0.4355E+24
2.978	0.4429E+24
3.092	0.4507E+24
3.209	0.4588E+24
3.332	0.4673E+24
3.458	0.4762E+24
3.590	0.4854E+24
3.727	0.4950E+24
3.869	0.5048E+24
4.016	0.5151E+24
4.169	0.5254E+24
4.328	0.5357E+24
4.493	0.5462E+24
4.664	0.5566E+24
4.841	0.5669E+24
5.026	0.5772E+24
5.217	0.5874E+24
5.416	0.5973E+24
5.622	0.6070E+24
5.836	0.6169E+24
6.059	0.6260E+24
6.289	0.6347E+24
6.529	0.6430E+24
6.778	0.6507E+24
7.036	0.6583E+24
7.304	0.6657E+24
7.582	0.6727E+24
7.871	0.6797E+24
8.170	0.6861E+24
8.482	0.6923E+24
8.805	0.6983E+24
9.140	0.7043E+24
9.488	0.7100E+24
9.849	0.7157E+24
10.22	0.7210E+24
10.61	0.7268E+24
11.02	0.7326E+24
11.44	0.7386E+24
11.87	0.7448E+24
12.33	0.7512E+24
12.80	0.7579E+24
13.28	0.7649E+24
13.79	0.7724E+24
14.31	0.7803E+24
14.86	0.7886E+24
15.42	0.7976E+24
16.01	0.8071E+24
16.62	0.8173E+24
17.25	0.8282E+24
17.91	0.8397E+24
18.59	0.8519E+24
19.30	0.8647E+24
20.04	0.8779E+24
20.80	0.8916E+24
21.59	0.9055E+24
22.42	0.9195E+24
23.27	0.9335E+24
24.16	0.9473E+24
25.08	0.9608E+24
26.03	0.9740E+24
27.02	0.9867E+24
28.05	0.9989E+24
29.12	0.1011E+25
30.23	0.1022E+25
31.38	0.1032E+25
32.57	0.1043E+25
33.82	0.1052E+25
35.10	0.1062E+25
36.44	0.1070E+25
37.83	0.1079E+25
39.27	0.1087E+25
40.76	0.1095E+25
42.32	0.1103E+25
43.93	0.1110E+25
45.60	0.1118E+25
47.34	0.1125E+25
49.14	0.1132E+25
51.01	0.1139E+25
52.96	0.1146E+25
54.97	0.1153E+25
57.07	0.1160E+25
59.24	0.1167E+25
61.50	0.1174E+25
63.84	0.1182E+25
66.27	0.1189E+25
68.79	0.1196E+25
71.41	0.1204E+25
74.13	0.1211E+25
76.96	0.1219E+25
79.89	0.1227E+25
82.93	0.1236E+25
86.09	0.1244E+25
89.37	0.1253E+25
92.77	0.1262E+25
96.31	0.1271E+25
99.97	0.1281E+25
103.8	0.1291E+25
107.7	0.1301E+25
111.8	0.1312E+25
116.1	0.1323E+25
120.5	0.1334E+25
125.1	0.1346E+25
129.9	0.1358E+25
134.8	0.1370E+25
140.0	0.1383E+25
145.3	0.1396E+25
150.8	0.1409E+25
156.6	0.1423E+25
162.5	0.1437E+25
168.7	0.1451E+25
175.1	0.1466E+25
181.8	0.1481E+25
188.7	0.1497E+25
195.9	0.1512E+25
203.4	0.1528E+25
211.1	0.1545E+25
219.2	0.1561E+25
227.5	0.1578E+25
236.2	0.1596E+25
245.2	0.1613E+25
254.5	0.1631E+25
264.2	0.1649E+25
274.3	0.1668E+25
284.7	0.1687E+25
295.6	0.1706E+25
306.8	0.1725E+25
318.5	0.1745E+25
330.6	0.1765E+25
343.2	0.1785E+25
356.3	0.1806E+25
369.9	0.1827E+25
384.0	0.1849E+25
398.6	0.1870E+25
413.8	0.1893E+25
429.5	0.1915E+25
445.9	0.1938E+25
462.9	0.1961E+25
480.5	0.1985E+25
498.8	0.2009E+25
517.8	0.2034E+25
537.5	0.2058E+25
558.0	0.2084E+25
579.2	0.2110E+25
601.3	0.2136E+25
624.2	0.2163E+25
648.0	0.2190E+25
672.6	0.2218E+25
698.3	0.2247E+25
724.9	0.2275E+25
752.5	0.2305E+25
781.1	0.2334E+25
810.9	0.2364E+25
841.8	0.2395E+25
873.8	0.2426E+25
907.1	0.2458E+25
941.6	0.2491E+25
977.5	0.2525E+25
1015.	0.2559E+25
1053.	0.2593E+25
1094.	0.2628E+25
1135.	0.2664E+25
1178.	0.2700E+25
1223.	0.2738E+25
1270.	0.2776E+25
1318.	0.2815E+25
1368.	0.2855E+25
1421.	0.2895E+25
1475.	0.2936E+25
1531.	0.2978E+25
1589.	0.3020E+25
1650.	0.3064E+25
1712.	0.3109E+25
1778.	0.3155E+25
1845.	0.3203E+25
1916.	0.3251E+25
1989.	0.3300E+25
2064.	0.3349E+25
2143.	0.3400E+25
2225.	0.3452E+25
2309.	0.3505E+25
2397.	0.3560E+25
2489.	0.3616E+25
2583.	0.3673E+25
2682.	0.3732E+25
2784.	0.3792E+25
2890.	0.3854E+25
3000.	0.3918E+25
 
 
E/N (Td)	Total collision freq. /N (m3/s)
0.1000E-02	0.2045E-13
0.1038E-02	0.2045E-13
0.1078E-02	0.2045E-13
0.1119E-02	0.2045E-13
0.1161E-02	0.2045E-13
0.1205E-02	0.2045E-13
0.1251E-02	0.2045E-13
0.1299E-02	0.2045E-13
0.1349E-02	0.2045E-13
0.1400E-02	0.2045E-13
0.1453E-02	0.2045E-13
0.1509E-02	0.2045E-13
0.1566E-02	0.2045E-13
0.1626E-02	0.2045E-13
0.1688E-02	0.2045E-13
0.1752E-02	0.2045E-13
0.1819E-02	0.2045E-13
0.1888E-02	0.2045E-13
0.1960E-02	0.2045E-13
0.2034E-02	0.2045E-13
0.2112E-02	0.2045E-13
0.2192E-02	0.2045E-13
0.2276E-02	0.2045E-13
0.2362E-02	0.2045E-13
0.2452E-02	0.2045E-13
0.2546E-02	0.2045E-13
0.2643E-02	0.2045E-13
0.2743E-02	0.2045E-13
0.2848E-02	0.2045E-13
0.2956E-02	0.2045E-13
0.3069E-02	0.2045E-13
0.3186E-02	0.2045E-13
0.3307E-02	0.2045E-13
0.3433E-02	0.2045E-13
0.3564E-02	0.2045E-13
0.3700E-02	0.2045E-13
0.3841E-02	0.2045E-13
0.3987E-02	0.2045E-13
0.4139E-02	0.2045E-13
0.4296E-02	0.2045E-13
0.4460E-02	0.2045E-13
0.4630E-02	0.2045E-13
0.4806E-02	0.2045E-13
0.4989E-02	0.2045E-13
0.5179E-02	0.2045E-13
0.5377E-02	0.2045E-13
0.5581E-02	0.2045E-13
0.5794E-02	0.2045E-13
0.6015E-02	0.2045E-13
0.6244E-02	0.2045E-13
0.6481E-02	0.2045E-13
0.6728E-02	0.2045E-13
0.6985E-02	0.2045E-13
0.7251E-02	0.2045E-13
0.7527E-02	0.2045E-13
0.7813E-02	0.2045E-13
0.8111E-02	0.2045E-13
0.8420E-02	0.2045E-13
0.8741E-02	0.2045E-13
0.9073E-02	0.2045E-13
0.9419E-02	0.2045E-13
0.9778E-02	0.2045E-13
0.1015E-01	0.2045E-13
0.1054E-01	0.2045E-13
0.1094E-01	0.2045E-13
0.1135E-01	0.2045E-13
0.1179E-01	0.2045E-13
0.1224E-01	0.2045E-13
0.1270E-01	0.2045E-13
0.1319E-01	0.2045E-13
0.1369E-01	0.2045E-13
0.1421E-01	0.2045E-13
0.1475E-01	0.2045E-13
0.1531E-01	0.2045E-13
0.1590E-01	0.2045E-13
0.1650E-01	0.2045E-13
0.1713E-01	0.2045E-13
0.1778E-01	0.2045E-13
0.1846E-01	0.2045E-13
0.1916E-01	0.2045E-13
0.1989E-01	0.2045E-13
0.2065E-01	0.2045E-13
0.2144E-01	0.2045E-13
0.2225E-01	0.2045E-13
0.2310E-01	0.2045E-13
0.2398E-01	0.2045E-13
0.2489E-01	0.2045E-13
0.2584E-01	0.2046E-13
0.2682E-01	0.2046E-13
0.2785E-01	0.2046E-13
0.2891E-01	0.2046E-13
0.3001E-01	0.2046E-13
0.3115E-01	0.2046E-13
0.3234E-01	0.2046E-13
0.3357E-01	0.2046E-13
0.3485E-01	0.2046E-13
0.3617E-01	0.2046E-13
0.3755E-01	0.2046E-13
0.3898E-01	0.2046E-13
0.4047E-01	0.2046E-13
0.4201E-01	0.2046E-13
0.4361E-01	0.2046E-13
0.4527E-01	0.2046E-13
0.4699E-01	0.2046E-13
0.4878E-01	0.2046E-13
0.5064E-01	0.2046E-13
0.5257E-01	0.2047E-13
0.5457E-01	0.2047E-13
0.5665E-01	0.2047E-13
0.5881E-01	0.2047E-13
0.6105E-01	0.2047E-13
0.6337E-01	0.2047E-13
0.6579E-01	0.2047E-13
0.6829E-01	0.2047E-13
0.7089E-01	0.2047E-13
0.7359E-01	0.2047E-13
0.7640E-01	0.2047E-13
0.7931E-01	0.2047E-13
0.8233E-01	0.2047E-13
0.8546E-01	0.2047E-13
0.8872E-01	0.2047E-13
0.9210E-01	0.2047E-13
0.9560E-01	0.2047E-13
0.9924E-01	0.2047E-13
0.1030	0.2047E-13
0.1069	0.2047E-13
0.1110	0.2047E-13
0.1152	0.2047E-13
0.1196	0.2047E-13
0.1242	0.2047E-13
0.1289	0.2047E-13
0.1338	0.2048E-13
0.1389	0.2048E-13
0.1442	0.2048E-13
0.1497	0.2048E-13
0.1554	0.2048E-13
0.1613	0.2048E-13
0.1675	0.2048E-13
0.1739	0.2048E-13
0.1805	0.2048E-13
0.1874	0.2048E-13
0.1945	0.2048E-13
0.2019	0.2048E-13
0.2096	0.2049E-13
0.2176	0.2049E-13
0.2259	0.2049E-13
0.2345	0.2049E-13
0.2434	0.2049E-13
0.2527	0.2049E-13
0.2623	0.2050E-13
0.2723	0.2050E-13
0.2826	0.2050E-13
0.2934	0.2050E-13
0.3046	0.2051E-13
0.3162	0.2051E-13
0.3282	0.2051E-13
0.3407	0.2051E-13
0.3537	0.2052E-13
0.3672	0.2052E-13
0.3812	0.2052E-13
0.3957	0.2053E-13
0.4107	0.2053E-13
0.4264	0.2054E-13
0.4426	0.2054E-13
0.4595	0.2055E-13
0.4770	0.2055E-13
0.4952	0.2056E-13
0.5140	0.2056E-13
0.5336	0.2057E-13
0.5539	0.2057E-13
0.5750	0.2058E-13
0.5969	0.2059E-13
0.6196	0.2059E-13
0.6432	0.2060E-13
0.6677	0.2061E-13
0.6932	0.2062E-13
0.7196	0.2063E-13
0.7470	0.2064E-13
0.7754	0.2065E-13
0.8050	0.2066E-13
0.8356	0.2067E-13
0.8674	0.2068E-13
0.9005	0.2069E-13
0.9348	0.2071E-13
0.9704	0.2072E-13
1.007	0.2073E-13
1.046	0.2075E-13
1.086	0.2076E-13
1.127	0.2078E-13
1.170	0.2080E-13
1.214	0.2082E-13
1.261	0.2084E-13
1.309	0.2086E-13
1.358	0.2088E-13
1.410	0.2091E-13
1.464	0.2093E-13
1.520	0.2096E-13
1.578	0.2099E-13
1.638	0.2102E-13
1.700	0.2105E-13
1.765	0.2108E-13
1.832	0.2112E-13
1.902	0.2116E-13
1.974	0.2120E-13
2.049	0.2125E-13
2.127	0.2130E-13
2.208	0.2135E-13
2.293	0.2141E-13
2.380	0.2148E-13
2.470	0.2155E-13
2.565	0.2162E-13
2.662	0.2170E-13
2.764	0.2179E-13
2.869	0.2189E-13
2.978	0.2200E-13
3.092	0.2212E-13
3.209	0.2225E-13
3.332	0.2240E-13
3.458	0.2256E-13
3.590	0.2274E-13
3.727	0.2294E-13
3.869	0.2316E-13
4.016	0.2341E-13
4.169	0.2368E-13
4.328	0.2398E-13
4.493	0.2432E-13
4.664	0.2469E-13
4.841	0.2509E-13
5.026	0.2555E-13
5.217	0.2604E-13
5.416	0.2659E-13
5.622	0.2719E-13
5.836	0.2785E-13
6.059	0.2857E-13
6.289	0.2935E-13
6.529	0.3021E-13
6.778	0.3112E-13
7.036	0.3212E-13
7.304	0.3320E-13
7.582	0.3437E-13
7.871	0.3564E-13
8.170	0.3699E-13
8.482	0.3843E-13
8.805	0.3998E-13
9.140	0.4165E-13
9.488	0.4342E-13
9.849	0.4530E-13
10.22	0.4729E-13
10.61	0.4941E-13
11.02	0.5165E-13
11.44	0.5402E-13
11.87	0.5652E-13
12.33	0.5915E-13
12.80	0.6191E-13
13.28	0.6480E-13
13.79	0.6784E-13
14.31	0.7099E-13
14.86	0.7427E-13
15.42	0.7767E-13
16.01	0.8120E-13
16.62	0.8484E-13
17.25	0.8860E-13
17.91	0.9249E-13
18.59	0.9645E-13
19.30	0.1005E-12
20.04	0.1046E-12
20.80	0.1087E-12
21.59	0.1128E-12
22.42	0.1169E-12
23.27	0.1210E-12
24.16	0.1250E-12
25.08	0.1288E-12
26.03	0.1326E-12
27.02	0.1361E-12
28.05	0.1396E-12
29.12	0.1429E-12
30.23	0.1460E-12
31.38	0.1489E-12
32.57	0.1517E-12
33.82	0.1543E-12
35.10	0.1568E-12
36.44	0.1592E-12
37.83	0.1615E-12
39.27	0.1636E-12
40.76	0.1657E-12
42.32	0.1676E-12
43.93	0.1695E-12
45.60	0.1713E-12
47.34	0.1731E-12
49.14	0.1748E-12
51.01	0.1765E-12
52.96	0.1781E-12
54.97	0.1797E-12
57.07	0.1812E-12
59.24	0.1828E-12
61.50	0.1843E-12
63.84	0.1859E-12
66.27	0.1874E-12
68.79	0.1889E-12
71.41	0.1904E-12
74.13	0.1920E-12
76.96	0.1935E-12
79.89	0.1950E-12
82.93	0.1966E-12
86.09	0.1982E-12
89.37	0.1998E-12
92.77	0.2015E-12
96.31	0.2031E-12
99.97	0.2048E-12
103.8	0.2065E-12
107.7	0.2083E-12
111.8	0.2101E-12
116.1	0.2119E-12
120.5	0.2138E-12
125.1	0.2157E-12
129.9	0.2176E-12
134.8	0.2196E-12
140.0	0.2216E-12
145.3	0.2237E-12
150.8	0.2258E-12
156.6	0.2280E-12
162.5	0.2302E-12
168.7	0.2324E-12
175.1	0.2347E-12
181.8	0.2370E-12
188.7	0.2394E-12
195.9	0.2418E-12
203.4	0.2443E-12
211.1	0.2467E-12
219.2	0.2493E-12
227.5	0.2518E-12
236.2	0.2545E-12
245.2	0.2571E-12
254.5	0.2598E-12
264.2	0.2625E-12
274.3	0.2653E-12
284.7	0.2681E-12
295.6	0.2709E-12
306.8	0.2738E-12
318.5	0.2767E-12
330.6	0.2796E-12
343.2	0.2826E-12
356.3	0.2856E-12
369.9	0.2887E-12
384.0	0.2917E-12
398.6	0.2949E-12
413.8	0.2980E-12
429.5	0.3012E-12
445.9	0.3045E-12
462.9	0.3077E-12
480.5	0.3110E-12
498.8	0.3144E-12
517.8	0.3178E-12
537.5	0.3212E-12
558.0	0.3247E-12
579.2	0.3282E-12
601.3	0.3317E-12
624.2	0.3353E-12
648.0	0.3390E-12
672.6	0.3426E-12
698.3	0.3463E-12
724.9	0.3501E-12
752.5	0.3539E-12
781.1	0.3577E-12
810.9	0.3616E-12
841.8	0.3655E-12
873.8	0.3694E-12
907.1	0.3734E-12
941.6	0.3775E-12
977.5	0.3816E-12
1015.	0.3857E-12
1053.	0.3899E-12
1094.	0.3941E-12
1135.	0.3983E-12
1178.	0.4026E-12
1223.	0.4070E-12
1270.	0.4113E-12
1318.	0.4158E-12
1368.	0.4203E-12
1421.	0.4248E-12
1475.	0.4294E-12
1531.	0.4340E-12
1589.	0.4386E-12
1650.	0.4434E-12
1712.	0.4481E-12
1778.	0.4530E-12
1845.	0.4579E-12
1916.	0.4628E-12
1989.	0.4678E-12
2064.	0.4728E-12
2143.	0.4779E-12
2225.	0.4831E-12
2309.	0.4883E-12
2397.	0.4936E-12
2489.	0.4990E-12
2583.	0.5044E-12
2682.	0.5099E-12
2784.	0.5154E-12
2890.	0.5210E-12
3000.	0.5267E-12
 
 
E/N (Td)	Momentum frequency /N (m3/s)
0.1000E-02	0.2202E-13
0.1038E-02	0.2203E-13
0.1078E-02	0.2203E-13
0.1119E-02	0.2203E-13
0.1161E-02	0.2203E-13
0.1205E-02	0.2203E-13
0.1251E-02	0.2203E-13
0.1299E-02	0.2203E-13
0.1349E-02	0.2203E-13
0.1400E-02	0.2203E-13
0.1453E-02	0.2203E-13
0.1509E-02	0.2203E-13
0.1566E-02	0.2203E-13
0.1626E-02	0.2203E-13
0.1688E-02	0.2203E-13
0.1752E-02	0.2203E-13
0.1819E-02	0.2203E-13
0.1888E-02	0.2203E-13
0.1960E-02	0.2203E-13
0.2034E-02	0.2203E-13
0.2112E-02	0.2203E-13
0.2192E-02	0.2203E-13
0.2276E-02	0.2203E-13
0.2362E-02	0.2203E-13
0.2452E-02	0.2203E-13
0.2546E-02	0.2203E-13
0.2643E-02	0.2203E-13
0.2743E-02	0.2203E-13
0.2848E-02	0.2203E-13
0.2956E-02	0.2203E-13
0.3069E-02	0.2203E-13
0.3186E-02	0.2203E-13
0.3307E-02	0.2203E-13
0.3433E-02	0.2203E-13
0.3564E-02	0.2203E-13
0.3700E-02	0.2203E-13
0.3841E-02	0.2203E-13
0.3987E-02	0.2203E-13
0.4139E-02	0.2203E-13
0.4296E-02	0.2203E-13
0.4460E-02	0.2203E-13
0.4630E-02	0.2203E-13
0.4806E-02	0.2203E-13
0.4989E-02	0.2203E-13
0.5179E-02	0.2203E-13
0.5377E-02	0.2203E-13
0.5581E-02	0.2203E-13
0.5794E-02	0.2203E-13
0.6015E-02	0.2203E-13
0.6244E-02	0.2203E-13
0.6481E-02	0.2203E-13
0.6728E-02	0.2203E-13
0.6985E-02	0.2203E-13
0.7251E-02	0.2203E-13
0.7527E-02	0.2203E-13
0.7813E-02	0.2203E-13
0.8111E-02	0.2203E-13
0.8420E-02	0.2203E-13
0.8741E-02	0.2203E-13
0.9073E-02	0.2203E-13
0.9419E-02	0.2203E-13
0.9778E-02	0.2203E-13
0.1015E-01	0.2203E-13
0.1054E-01	0.2203E-13
0.1094E-01	0.2203E-13
0.1135E-01	0.2203E-13
0.1179E-01	0.2203E-13
0.1224E-01	0.2203E-13
0.1270E-01	0.2203E-13
0.1319E-01	0.2203E-13
0.1369E-01	0.2203E-13
0.1421E-01	0.2203E-13
0.1475E-01	0.2203E-13
0.1531E-01	0.2203E-13
0.1590E-01	0.2203E-13
0.1650E-01	0.2202E-13
0.1713E-01	0.2202E-13
0.1778E-01	0.2202E-13
0.1846E-01	0.2202E-13
0.1916E-01	0.2202E-13
0.1989E-01	0.2202E-13
0.2065E-01	0.2202E-13
0.2144E-01	0.2202E-13
0.2225E-01	0.2202E-13
0.2310E-01	0.2202E-13
0.2398E-01	0.2202E-13
0.2489E-01	0.2202E-13
0.2584E-01	0.2202E-13
0.2682E-01	0.2202E-13
0.2785E-01	0.2202E-13
0.2891E-01	0.2202E-13
0.3001E-01	0.2202E-13
0.3115E-01	0.2202E-13
0.3234E-01	0.2202E-13
0.3357E-01	0.2202E-13
0.3485E-01	0.2202E-13
0.3617E-01	0.2201E-13
0.3755E-01	0.2201E-13
0.3898E-01	0.2201E-13
0.4047E-01	0.2201E-13
0.4201E-01	0.2201E-13
0.4361E-01	0.2201E-13
0.4527E-01	0.2201E-13
0.4699E-01	0.2201E-13
0.4878E-01	0.2201E-13
0.5064E-01	0.2201E-13
0.5257E-01	0.2201E-13
0.5457E-01	0.2201E-13
0.5665E-01	0.2200E-13
0.5881E-01	0.2200E-13
0.6105E-01	0.2200E-13
0.6337E-01	0.2200E-13
0.6579E-01	0.2200E-13
0.6829E-01	0.2200E-13
0.7089E-01	0.2200E-13
0.7359E-01	0.2200E-13
0.7640E-01	0.2200E-13
0.7931E-01	0.2200E-13
0.8233E-01	0.2200E-13
0.8546E-01	0.2200E-13
0.8872E-01	0.2200E-13
0.9210E-01	0.2200E-13
0.9560E-01	0.2200E-13
0.9924E-01	0.2200E-13
0.1030	0.2200E-13
0.1069	0.2200E-13
0.1110	0.2200E-13
0.1152	0.2200E-13
0.1196	0.2200E-13
0.1242	0.2200E-13
0.1289	0.2200E-13
0.1338	0.2200E-13
0.1389	0.2200E-13
0.1442	0.2200E-13
0.1497	0.2200E-13
0.1554	0.2200E-13
0.1613	0.2200E-13
0.1675	0.2200E-13
0.1739	0.2200E-13
0.1805	0.2200E-13
0.1874	0.2200E-13
0.1945	0.2200E-13
0.2019	0.2201E-13
0.2096	0.2201E-13
0.2176	0.2201E-13
0.2259	0.2201E-13
0.2345	0.2201E-13
0.2434	0.2202E-13
0.2527	0.2202E-13
0.2623	0.2202E-13
0.2723	0.2202E-13
0.2826	0.2203E-13
0.2934	0.2203E-13
0.3046	0.2203E-13
0.3162	0.2204E-13
0.3282	0.2204E-13
0.3407	0.2204E-13
0.3537	0.2205E-13
0.3672	0.2205E-13
0.3812	0.2206E-13
0.3957	0.2206E-13
0.4107	0.2206E-13
0.4264	0.2207E-13
0.4426	0.2208E-13
0.4595	0.2208E-13
0.4770	0.2209E-13
0.4952	0.2209E-13
0.5140	0.2210E-13
0.5336	0.2211E-13
0.5539	0.2211E-13
0.5750	0.2212E-13
0.5969	0.2213E-13
0.6196	0.2214E-13
0.6432	0.2215E-13
0.6677	0.2216E-13
0.6932	0.2217E-13
0.7196	0.2218E-13
0.7470	0.2219E-13
0.7754	0.2220E-13
0.8050	0.2221E-13
0.8356	0.2223E-13
0.8674	0.2224E-13
0.9005	0.2226E-13
0.9348	0.2227E-13
0.9704	0.2229E-13
1.007	0.2231E-13
1.046	0.2232E-13
1.086	0.2234E-13
1.127	0.2236E-13
1.170	0.2239E-13
1.214	0.2241E-13
1.261	0.2243E-13
1.309	0.2246E-13
1.358	0.2249E-13
1.410	0.2252E-13
1.464	0.2255E-13
1.520	0.2259E-13
1.578	0.2262E-13
1.638	0.2265E-13
1.700	0.2270E-13
1.765	0.2274E-13
1.832	0.2279E-13
1.902	0.2284E-13
1.974	0.2290E-13
2.049	0.2296E-13
2.127	0.2303E-13
2.208	0.2310E-13
2.293	0.2318E-13
2.380	0.2326E-13
2.470	0.2333E-13
2.565	0.2343E-13
2.662	0.2354E-13
2.764	0.2366E-13
2.869	0.2380E-13
2.978	0.2394E-13
3.092	0.2410E-13
3.209	0.2427E-13
3.332	0.2447E-13
3.458	0.2468E-13
3.590	0.2491E-13
3.727	0.2516E-13
3.869	0.2544E-13
4.016	0.2573E-13
4.169	0.2606E-13
4.328	0.2643E-13
4.493	0.2684E-13
4.664	0.2729E-13
4.841	0.2780E-13
5.026	0.2833E-13
5.217	0.2892E-13
5.416	0.2957E-13
5.622	0.3027E-13
5.836	0.3099E-13
6.059	0.3183E-13
6.289	0.3274E-13
6.529	0.3372E-13
6.778	0.3483E-13
7.036	0.3598E-13
7.304	0.3723E-13
7.582	0.3857E-13
7.871	0.3998E-13
8.170	0.4153E-13
8.482	0.4320E-13
8.805	0.4499E-13
9.140	0.4689E-13
9.488	0.4893E-13
9.849	0.5111E-13
10.22	0.5348E-13
10.61	0.5595E-13
11.02	0.5857E-13
11.44	0.6133E-13
11.87	0.6427E-13
12.33	0.6738E-13
12.80	0.7066E-13
13.28	0.7412E-13
13.79	0.7780E-13
14.31	0.8162E-13
14.86	0.8562E-13
15.42	0.8980E-13
16.01	0.9416E-13
16.62	0.9869E-13
17.25	0.1034E-12
17.91	0.1082E-12
18.59	0.1132E-12
19.30	0.1184E-12
20.04	0.1237E-12
20.80	0.1290E-12
21.59	0.1344E-12
22.42	0.1399E-12
23.27	0.1453E-12
24.16	0.1507E-12
25.08	0.1560E-12
26.03	0.1612E-12
27.02	0.1662E-12
28.05	0.1710E-12
29.12	0.1757E-12
30.23	0.1802E-12
31.38	0.1844E-12
32.57	0.1885E-12
33.82	0.1924E-12
35.10	0.1960E-12
36.44	0.1995E-12
37.83	0.2029E-12
39.27	0.2061E-12
40.76	0.2091E-12
42.32	0.2120E-12
43.93	0.2148E-12
45.60	0.2175E-12
47.34	0.2200E-12
49.14	0.2225E-12
51.01	0.2249E-12
52.96	0.2273E-12
54.97	0.2296E-12
57.07	0.2318E-12
59.24	0.2340E-12
61.50	0.2362E-12
63.84	0.2383E-12
66.27	0.2404E-12
68.79	0.2425E-12
71.41	0.2446E-12
74.13	0.2467E-12
76.96	0.2487E-12
79.89	0.2508E-12
82.93	0.2528E-12
86.09	0.2549E-12
89.37	0.2570E-12
92.77	0.2591E-12
96.31	0.2612E-12
99.97	0.2633E-12
103.8	0.2655E-12
107.7	0.2676E-12
111.8	0.2698E-12
116.1	0.2721E-12
120.5	0.2743E-12
125.1	0.2767E-12
129.9	0.2790E-12
134.8	0.2814E-12
140.0	0.2838E-12
145.3	0.2862E-12
150.8	0.2887E-12
156.6	0.2913E-12
162.5	0.2939E-12
168.7	0.2965E-12
175.1	0.2992E-12
181.8	0.3019E-12
188.7	0.3047E-12
195.9	0.3075E-12
203.4	0.3103E-12
211.1	0.3132E-12
219.2	0.3162E-12
227.5	0.3192E-12
236.2	0.3222E-12
245.2	0.3253E-12
254.5	0.3284E-12
264.2	0.3316E-12
274.3	0.3348E-12
284.7	0.3381E-12
295.6	0.3414E-12
306.8	0.3448E-12
318.5	0.3482E-12
330.6	0.3517E-12
343.2	0.3552E-12
356.3	0.3588E-12
369.9	0.3624E-12
384.0	0.3660E-12
398.6	0.3698E-12
413.8	0.3735E-12
429.5	0.3774E-12
445.9	0.3813E-12
462.9	0.3852E-12
480.5	0.3892E-12
498.8	0.3933E-12
517.8	0.3974E-12
537.5	0.4016E-12
558.0	0.4059E-12
579.2	0.4102E-12
601.3	0.4146E-12
624.2	0.4191E-12
648.0	0.4236E-12
672.6	0.4281E-12
698.3	0.4328E-12
724.9	0.4375E-12
752.5	0.4424E-12
781.1	0.4473E-12
810.9	0.4524E-12
841.8	0.4575E-12
873.8	0.4627E-12
907.1	0.4680E-12
941.6	0.4733E-12
977.5	0.4788E-12
1015.	0.4843E-12
1053.	0.4900E-12
1094.	0.4957E-12
1135.	0.5016E-12
1178.	0.5076E-12
1223.	0.5137E-12
1270.	0.5199E-12
1318.	0.5262E-12
1368.	0.5326E-12
1421.	0.5391E-12
1475.	0.5458E-12
1531.	0.5526E-12
1589.	0.5597E-12
1650.	0.5668E-12
1712.	0.5740E-12
1778.	0.5814E-12
1845.	0.5888E-12
1916.	0.5964E-12
1989.	0.6043E-12
2064.	0.6123E-12
2143.	0.6205E-12
2225.	0.6289E-12
2309.	0.6374E-12
2397.	0.6461E-12
2489.	0.6551E-12
2583.	0.6641E-12
2682.	0.6734E-12
2784.	0.6828E-12
2890.	0.6924E-12
3000.	0.7023E-12
 
 
E/N (Td)	Total ionization freq. /N (m3/s)
0.1000E-02	0.000
0.1038E-02	0.000
0.1078E-02	0.000
0.1119E-02	0.000
0.1161E-02	0.000
0.1205E-02	0.000
0.1251E-02	0.000
0.1299E-02	0.000
0.1349E-02	0.000
0.1400E-02	0.000
0.1453E-02	0.000
0.1509E-02	0.000
0.1566E-02	0.000
0.1626E-02	0.000
0.1688E-02	0.000
0.1752E-02	0.000
0.1819E-02	0.000
0.1888E-02	0.000
0.1960E-02	0.000
0.2034E-02	0.000
0.2112E-02	0.000
0.2192E-02	0.000
0.2276E-02	0.000
0.2362E-02	0.000
0.2452E-02	0.000
0.2546E-02	0.000
0.2643E-02	0.000
0.2743E-02	0.000
0.2848E-02	0.000
0.2956E-02	0.000
0.3069E-02	0.000
0.3186E-02	0.000
0.3307E-02	0.000
0.3433E-02	0.000
0.3564E-02	0.000
0.3700E-02	0.000
0.3841E-02	0.000
0.3987E-02	0.000
0.4139E-02	0.000
0.4296E-02	0.000
0.4460E-02	0.000
0.4630E-02	0.000
0.4806E-02	0.000
0.4989E-02	0.000
0.5179E-02	0.000
0.5377E-02	0.000
0.5581E-02	0.000
0.5794E-02	0.000
0.6015E-02	0.000
0.6244E-02	0.000
0.6481E-02	0.000
0.6728E-02	0.000
0.6985E-02	0.000
0.7251E-02	0.000
0.7527E-02	0.000
0.7813E-02	0.000
0.8111E-02	0.000
0.8420E-02	0.000
0.8741E-02	0.000
0.9073E-02	0.000
0.9419E-02	0.000
0.9778E-02	0.000
0.1015E-01	0.000
0.1054E-01	0.000
0.1094E-01	0.000
0.1135E-01	0.000
0.1179E-01	0.000
0.1224E-01	0.000
0.1270E-01	0.000
0.1319E-01	0.000
0.1369E-01	0.000
0.1421E-01	0.000
0.1475E-01	0.000
0.1531E-01	0.000
0.1590E-01	0.000
0.1650E-01	0.000
0.1713E-01	0.000
0.1778E-01	0.000
0.1846E-01	0.000
0.1916E-01	0.000
0.1989E-01	0.000
0.2065E-01	0.000
0.2144E-01	0.000
0.2225E-01	0.000
0.2310E-01	0.000
0.2398E-01	0.000
0.2489E-01	0.000
0.2584E-01	0.000
0.2682E-01	0.000
0.2785E-01	0.000
0.2891E-01	0.000
0.3001E-01	0.000
0.3115E-01	0.000
0.3234E-01	0.000
0.3357E-01	0.000
0.3485E-01	0.000
0.3617E-01	0.000
0.3755E-01	0.000
0.3898E-01	0.000
0.4047E-01	0.000
0.4201E-01	0.000
0.4361E-01	0.000
0.4527E-01	0.000
0.4699E-01	0.000
0.4878E-01	0.000
0.5064E-01	0.000
0.5257E-01	0.000
0.5457E-01	0.000
0.5665E-01	0.000
0.5881E-01	0.000
0.6105E-01	0.000
0.6337E-01	0.000
0.6579E-01	0.000
0.6829E-01	0.000
0.7089E-01	0.000
0.7359E-01	0.000
0.7640E-01	0.000
0.7931E-01	0.000
0.8233E-01	0.000
0.8546E-01	0.000
0.8872E-01	0.000
0.9210E-01	0.000
0.9560E-01	0.000
0.9924E-01	0.000
0.1030	0.000
0.1069	0.000
0.1110	0.000
0.1152	0.000
0.1196	0.000
0.1242	0.000
0.1289	0.000
0.1338	0.000
0.1389	0.000
0.1442	0.000
0.1497	0.000
0.1554	0.000
0.1613	0.000
0.1675	0.000
0.1739	0.000
0.1805	0.000
0.1874	0.000
0.1945	0.000
0.2019	0.000
0.2096	0.000
0.2176	0.000
0.2259	0.000
0.2345	0.000
0.2434	0.000
0.2527	0.000
0.2623	0.000
0.2723	0.000
0.2826	0.000
0.2934	0.000
0.3046	0.000
0.3162	0.000
0.3282	0.000
0.3407	0.000
0.3537	0.000
0.3672	0.000
0.3812	0.000
0.3957	0.000
0.4107	0.000
0.4264	0.000
0.4426	0.000
0.4595	0.000
0.4770	0.000
0.4952	0.000
0.5140	0.000
0.5336	0.000
0.5539	0.000
0.5750	0.000
0.5969	0.000
0.6196	0.000
0.6432	0.000
0.6677	0.000
0.6932	0.000
0.7196	0.000
0.7470	0.000
0.7754	0.000
0.8050	0.000
0.8356	0.000
0.8674	0.000
0.9005	0.000
0.9348	0.000
0.9704	0.000
1.007	0.000
1.046	0.000
1.086	0.000
1.127	0.000
1.170	0.000
1.214	0.000
1.261	0.000
1.309	0.000
1.358	0.000
1.410	0.000
1.464	0.000
1.520	0.000
1.578	0.000
1.638	0.000
1.700	0.000
1.765	0.000
1.832	0.000
1.902	0.000
1.974	0.000
2.049	0.000
2.127	0.000
2.208	0.000
2.293	0.000
2.380	0.000
2.470	0.000
2.565	0.000
2.662	0.000
2.764	0.000
2.869	0.000
2.978	0.000
3.092	0.000
3.209	0.000
3.332	0.000
3.458	0.000
3.590	0.000
3.727	0.000
3.869	0.000
4.016	0.000
4.169	0.000
4.328	0.000
4.493	0.000
4.664	0.000
4.841	0.000
5.026	0.000
5.217	0.000
5.416	0.000
5.622	0.000
5.836	0.000
6.059	0.000
6.289	0.000
6.529	0.000
6.778	0.000
7.036	0.000
7.304	0.000
7.582	0.000
7.871	0.000
8.170	0.000
8.482	0.000
8.805	0.000
9.140	0.000
9.488	0.000
9.849	0.000
10.22	0.000
10.61	0.000
11.02	0.000
11.44	0.000
11.87	0.000
12.33	0.000
12.80	0.000
13.28	0.000
13.79	0.000
14.31	0.000
14.86	0.000
15.42	0.000
16.01	0.000
16.62	0.000
17.25	0.000
17.91	0.000
18.59	0.000
19.30	0.000
20.04	0.000
20.80	0.000
21.59	0.000
22.42	0.000
23.27	0.000
24.16	0.000
25.08	0.000
26.03	0.000
27.02	0.000
28.05	0.2343E-32
29.12	0.7566E-32
30.23	0.2315E-31
31.38	0.6734E-31
32.57	0.1867E-30
33.82	0.4949E-30
35.10	0.1257E-29
36.44	0.3065E-29
37.83	0.3635E-25
39.27	0.8757E-25
40.76	0.2038E-24
42.32	0.4593E-24
43.93	0.1003E-23
45.60	0.2128E-23
47.34	0.4389E-23
49.14	0.8815E-23
51.01	0.1726E-22
52.96	0.3322E-22
54.97	0.6209E-22
57.07	0.1135E-21
59.24	0.2033E-21
61.50	0.3569E-21
63.84	0.6147E-21
66.27	0.1040E-20
68.79	0.1730E-20
71.41	0.2829E-20
74.13	0.4551E-20
76.96	0.7213E-20
79.89	0.1126E-19
82.93	0.1735E-19
86.09	0.2636E-19
89.37	0.3955E-19
92.77	0.5865E-19
96.31	0.8588E-19
99.97	0.1243E-18
103.8	0.1780E-18
107.7	0.2522E-18
111.8	0.3538E-18
116.1	0.4914E-18
120.5	0.6762E-18
125.1	0.9219E-18
129.9	0.1246E-17
134.8	0.1670E-17
140.0	0.2219E-17
145.3	0.2926E-17
150.8	0.3830E-17
156.6	0.4975E-17
162.5	0.6417E-17
168.7	0.8220E-17
175.1	0.1046E-16
181.8	0.1322E-16
188.7	0.1661E-16
195.9	0.2075E-16
203.4	0.2576E-16
211.1	0.3181E-16
219.2	0.3906E-16
227.5	0.4772E-16
236.2	0.5800E-16
245.2	0.7016E-16
254.5	0.8447E-16
264.2	0.1012E-15
274.3	0.1208E-15
284.7	0.1436E-15
295.6	0.1699E-15
306.8	0.2003E-15
318.5	0.2353E-15
330.6	0.2753E-15
343.2	0.3210E-15
356.3	0.3731E-15
369.9	0.4321E-15
384.0	0.4989E-15
398.6	0.5743E-15
413.8	0.6591E-15
429.5	0.7542E-15
445.9	0.8607E-15
462.9	0.9796E-15
480.5	0.1112E-14
498.8	0.1259E-14
517.8	0.1422E-14
537.5	0.1602E-14
558.0	0.1801E-14
579.2	0.2019E-14
601.3	0.2260E-14
624.2	0.2523E-14
648.0	0.2811E-14
672.6	0.3127E-14
698.3	0.3470E-14
724.9	0.3844E-14
752.5	0.4249E-14
781.1	0.4689E-14
810.9	0.5163E-14
841.8	0.5677E-14
873.8	0.6232E-14
907.1	0.6830E-14
941.6	0.7472E-14
977.5	0.8163E-14
1015.	0.8904E-14
1053.	0.9696E-14
1094.	0.1054E-13
1135.	0.1145E-13
1178.	0.1241E-13
1223.	0.1344E-13
1270.	0.1454E-13
1318.	0.1570E-13
1368.	0.1694E-13
1421.	0.1825E-13
1475.	0.1964E-13
1531.	0.2111E-13
1589.	0.2265E-13
1650.	0.2429E-13
1712.	0.2602E-13
1778.	0.2784E-13
1845.	0.2976E-13
1916.	0.3178E-13
1989.	0.3389E-13
2064.	0.3611E-13
2143.	0.3844E-13
2225.	0.4087E-13
2309.	0.4342E-13
2397.	0.4609E-13
2489.	0.4887E-13
2583.	0.5178E-13
2682.	0.5481E-13
2784.	0.5797E-13
2890.	0.6125E-13
3000.	0.6467E-13
 
 
E/N (Td)	Total attachment freq. /N (m3/s)
0.1000E-02	0.000
0.1038E-02	0.000
0.1078E-02	0.000
0.1119E-02	0.000
0.1161E-02	0.000
0.1205E-02	0.000
0.1251E-02	0.000
0.1299E-02	0.000
0.1349E-02	0.000
0.1400E-02	0.000
0.1453E-02	0.000
0.1509E-02	0.000
0.1566E-02	0.000
0.1626E-02	0.000
0.1688E-02	0.000
0.1752E-02	0.000
0.1819E-02	0.000
0.1888E-02	0.000
0.1960E-02	0.000
0.2034E-02	0.000
0.2112E-02	0.000
0.2192E-02	0.000
0.2276E-02	0.000
0.2362E-02	0.000
0.2452E-02	0.000
0.2546E-02	0.000
0.2643E-02	0.000
0.2743E-02	0.000
0.2848E-02	0.000
0.2956E-02	0.000
0.3069E-02	0.000
0.3186E-02	0.000
0.3307E-02	0.000
0.3433E-02	0.000
0.3564E-02	0.000
0.3700E-02	0.000
0.3841E-02	0.000
0.3987E-02	0.000
0.4139E-02	0.000
0.4296E-02	0.000
0.4460E-02	0.000
0.4630E-02	0.000
0.4806E-02	0.000
0.4989E-02	0.000
0.5179E-02	0.000
0.5377E-02	0.000
0.5581E-02	0.000
0.5794E-02	0.000
0.6015E-02	0.000
0.6244E-02	0.000
0.6481E-02	0.000
0.6728E-02	0.000
0.6985E-02	0.000
0.7251E-02	0.000
0.7527E-02	0.000
0.7813E-02	0.000
0.8111E-02	0.000
0.8420E-02	0.000
0.8741E-02	0.000
0.9073E-02	0.000
0.9419E-02	0.000
0.9778E-02	0.000
0.1015E-01	0.000
0.1054E-01	0.000
0.1094E-01	0.000
0.1135E-01	0.000
0.1179E-01	0.000
0.1224E-01	0.000
0.1270E-01	0.000
0.1319E-01	0.000
0.1369E-01	0.000
0.1421E-01	0.000
0.1475E-01	0.000
0.1531E-01	0.000
0.1590E-01	0.000
0.1650E-01	0.000
0.1713E-01	0.000
0.1778E-01	0.000
0.1846E-01	0.000
0.1916E-01	0.000
0.1989E-01	0.000
0.2065E-01	0.000
0.2144E-01	0.000
0.2225E-01	0.000
0.2310E-01	0.000
0.2398E-01	0.000
0.2489E-01	0.000
0.2584E-01	0.000
0.2682E-01	0.000
0.2785E-01	0.000
0.2891E-01	0.000
0.3001E-01	0.000
0.3115E-01	0.000
0.3234E-01	0.000
0.3357E-01	0.000
0.3485E-01	0.000
0.3617E-01	0.000
0.3755E-01	0.000
0.3898E-01	0.000
0.4047E-01	0.000
0.4201E-01	0.000
0.4361E-01	0.000
0.4527E-01	0.000
0.4699E-01	0.000
0.4878E-01	0.000
0.5064E-01	0.000
0.5257E-01	0.000
0.5457E-01	0.000
0.5665E-01	0.000
0.5881E-01	0.000
0.6105E-01	0.000
0.6337E-01	0.000
0.6579E-01	0.000
0.6829E-01	0.000
0.7089E-01	0.000
0.7359E-01	0.000
0.7640E-01	0.000
0.7931E-01	0.000
0.8233E-01	0.000
0.8546E-01	0.000
0.8872E-01	0.000
0.9210E-01	0.000
0.9560E-01	0.000
0.9924E-01	0.000
0.1030	0.000
0.1069	0.000
0.1110	0.000
0.1152	0.000
0.1196	0.000
0.1242	0.000
0.1289	0.000
0.1338	0.000
0.1389	0.000
0.1442	0.000
0.1497	0.000
0.1554	0.000
0.1613	0.000
0.1675	0.000
0.1739	0.000
0.1805	0.000
0.1874	0.000
0.1945	0.000
0.2019	0.000
0.2096	0.000
0.2176	0.000
0.2259	0.000
0.2345	0.000
0.2434	0.000
0.2527	0.000
0.2623	0.000
0.2723	0.000
0.2826	0.000
0.2934	0.000
0.3046	0.000
0.3162	0.000
0.3282	0.000
0.3407	0.000
0.3537	0.000
0.3672	0.000
0.3812	0.000
0.3957	0.000
0.4107	0.000
0.4264	0.000
0.4426	0.000
0.4595	0.000
0.4770	0.000
0.4952	0.000
0.5140	0.000
0.5336	0.000
0.5539	0.000
0.5750	0.000
0.5969	0.000
0.6196	0.000
0.6432	0.000
0.6677	0.000
0.6932	0.000
0.7196	0.000
0.7470	0.000
0.7754	0.000
0.8050	0.000
0.8356	0.000
0.8674	0.000
0.9005	0.000
0.9348	0.000
0.9704	0.000
1.007	0.000
1.046	0.000
1.086	0.000
1.127	0.000
1.170	0.000
1.214	0.000
1.261	0.000
1.309	0.000
1.358	0.000
1.410	0.000
1.464	0.000
1.520	0.000
1.578	0.000
1.638	0.000
1.700	0.000
1.765	0.000
1.832	0.000
1.902	0.000
1.974	0.000
2.049	0.000
2.127	0.000
2.208	0.000
2.293	0.000
2.380	0.000
2.470	0.000
2.565	0.000
2.662	0.000
2.764	0.000
2.869	0.000
2.978	0.000
3.092	0.000
3.209	0.000
3.332	0.000
3.458	0.000
3.590	0.000
3.727	0.000
3.869	0.000
4.016	0.000
4.169	0.000
4.328	0.000
4.493	0.000
4.664	0.000
4.841	0.000
5.026	0.000
5.217	0.000
5.416	0.000
5.622	0.000
5.836	0.000
6.059	0.000
6.289	0.000
6.529	0.000
6.778	0.000
7.036	0.000
7.304	0.000
7.582	0.000
7.871	0.000
8.170	0.000
8.482	0.000
8.805	0.000
9.140	0.000
9.488	0.000
9.849	0.000
10.22	0.000
10.61	0.000
11.02	0.000
11.44	0.000
11.87	0.000
12.33	0.000
12.80	0.000
13.28	0.000
13.79	0.2029E-29
14.31	0.7276E-29
14.86	0.2442E-28
15.42	0.7688E-28
16.01	0.2276E-27
16.62	0.6353E-27
17.25	0.1675E-26
17.91	0.4518E-26
18.59	0.1086E-25
19.30	0.2488E-25
20.04	0.5448E-25
20.80	0.1143E-24
21.59	0.2300E-24
22.42	0.4463E-24
23.27	0.8337E-24
24.16	0.1505E-23
25.08	0.2634E-23
26.03	0.4474E-23
27.02	0.7394E-23
28.05	0.1193E-22
29.12	0.1877E-22
30.23	0.2888E-22
31.38	0.4355E-22
32.57	0.6445E-22
33.82	0.9370E-22
35.10	0.1340E-21
36.44	0.1888E-21
37.83	0.2624E-21
39.27	0.3596E-21
40.76	0.4868E-21
42.32	0.6512E-21
43.93	0.8617E-21
45.60	0.1128E-20
47.34	0.1463E-20
49.14	0.1880E-20
51.01	0.2395E-20
52.96	0.3026E-20
54.97	0.3792E-20
57.07	0.4717E-20
59.24	0.5827E-20
61.50	0.7148E-20
63.84	0.8713E-20
66.27	0.1056E-19
68.79	0.1271E-19
71.41	0.1522E-19
74.13	0.1813E-19
76.96	0.2149E-19
79.89	0.2533E-19
82.93	0.2972E-19
86.09	0.3472E-19
89.37	0.4037E-19
92.77	0.4673E-19
96.31	0.5387E-19
99.97	0.6185E-19
103.8	0.7073E-19
107.7	0.8057E-19
111.8	0.9143E-19
116.1	0.1034E-18
120.5	0.1165E-18
125.1	0.1307E-18
129.9	0.1462E-18
134.8	0.1630E-18
140.0	0.1811E-18
145.3	0.2005E-18
150.8	0.2213E-18
156.6	0.2434E-18
162.5	0.2670E-18
168.7	0.2918E-18
175.1	0.3180E-18
181.8	0.3456E-18
188.7	0.3744E-18
195.9	0.4044E-18
203.4	0.4355E-18
211.1	0.4677E-18
219.2	0.5010E-18
227.5	0.5351E-18
236.2	0.5700E-18
245.2	0.6057E-18
254.5	0.6420E-18
264.2	0.6787E-18
274.3	0.7158E-18
284.7	0.7532E-18
295.6	0.7906E-18
306.8	0.8281E-18
318.5	0.8655E-18
330.6	0.9026E-18
343.2	0.9393E-18
356.3	0.9755E-18
369.9	0.1011E-17
384.0	0.1046E-17
398.6	0.1080E-17
413.8	0.1113E-17
429.5	0.1146E-17
445.9	0.1177E-17
462.9	0.1207E-17
480.5	0.1235E-17
498.8	0.1263E-17
517.8	0.1289E-17
537.5	0.1313E-17
558.0	0.1336E-17
579.2	0.1358E-17
601.3	0.1378E-17
624.2	0.1396E-17
648.0	0.1413E-17
672.6	0.1428E-17
698.3	0.1441E-17
724.9	0.1453E-17
752.5	0.1463E-17
781.1	0.1472E-17
810.9	0.1479E-17
841.8	0.1484E-17
873.8	0.1488E-17
907.1	0.1490E-17
941.6	0.1490E-17
977.5	0.1489E-17
1015.	0.1487E-17
1053.	0.1483E-17
1094.	0.1477E-17
1135.	0.1470E-17
1178.	0.1462E-17
1223.	0.1452E-17
1270.	0.1441E-17
1318.	0.1429E-17
1368.	0.1415E-17
1421.	0.1401E-17
1475.	0.1385E-17
1531.	0.1368E-17
1589.	0.1350E-17
1650.	0.1332E-17
1712.	0.1312E-17
1778.	0.1291E-17
1845.	0.1270E-17
1916.	0.1248E-17
1989.	0.1226E-17
2064.	0.1202E-17
2143.	0.1179E-17
2225.	0.1155E-17
2309.	0.1130E-17
2397.	0.1105E-17
2489.	0.1080E-17
2583.	0.1055E-17
2682.	0.1029E-17
2784.	0.1004E-17
2890.	0.9778E-18
3000.	0.9520E-18
 
 
E/N (Td)	Townsend ioniz. coef. alpha/N (m2)
0.1000E-02	0.000
0.1038E-02	0.000
0.1078E-02	0.000
0.1119E-02	0.000
0.1161E-02	0.000
0.1205E-02	0.000
0.1251E-02	0.000
0.1299E-02	0.000
0.1349E-02	0.000
0.1400E-02	0.000
0.1453E-02	0.000
0.1509E-02	0.000
0.1566E-02	0.000
0.1626E-02	0.000
0.1688E-02	0.000
0.1752E-02	0.000
0.1819E-02	0.000
0.1888E-02	0.000
0.1960E-02	0.000
0.2034E-02	0.000
0.2112E-02	0.000
0.2192E-02	0.000
0.2276E-02	0.000
0.2362E-02	0.000
0.2452E-02	0.000
0.2546E-02	0.000
0.2643E-02	0.000
0.2743E-02	0.000
0.2848E-02	0.000
0.2956E-02	0.000
0.3069E-02	0.000
0.3186E-02	0.000
0.3307E-02	0.000
0.3433E-02	0.000
0.3564E-02	0.000
0.3700E-02	0.000
0.3841E-02	0.000
0.3987E-02	0.000
0.4139E-02	0.000
0.4296E-02	0.000
0.4460E-02	0.000
0.4630E-02	0.000
0.4806E-02	0.000
0.4989E-02	0.000
0.5179E-02	0.000
0.5377E-02	0.000
0.5581E-02	0.000
0.5794E-02	0.000
0.6015E-02	0.000
0.6244E-02	0.000
0.6481E-02	0.000
0.6728E-02	0.000
0.6985E-02	0.000
0.7251E-02	0.000
0.7527E-02	0.000
0.7813E-02	0.000
0.8111E-02	0.000
0.8420E-02	0.000
0.8741E-02	0.000
0.9073E-02	0.000
0.9419E-02	0.000
0.9778E-02	0.000
0.1015E-01	0.000
0.1054E-01	0.000
0.1094E-01	0.000
0.1135E-01	0.000
0.1179E-01	0.000
0.1224E-01	0.000
0.1270E-01	0.000
0.1319E-01	0.000
0.1369E-01	0.000
0.1421E-01	0.000
0.1475E-01	0.000
0.1531E-01	0.000
0.1590E-01	0.000
0.1650E-01	0.000
0.1713E-01	0.000
0.1778E-01	0.000
0.1846E-01	0.000
0.1916E-01	0.000
0.1989E-01	0.000
0.2065E-01	0.000
0.2144E-01	0.000
0.2225E-01	0.000
0.2310E-01	0.000
0.2398E-01	0.000
0.2489E-01	0.000
0.2584E-01	0.000
0.2682E-01	0.000
0.2785E-01	0.000
0.2891E-01	0.000
0.3001E-01	0.000
0.3115E-01	0.000
0.3234E-01	0.000
0.3357E-01	0.000
0.3485E-01	0.000
0.3617E-01	0.000
0.3755E-01	0.000
0.3898E-01	0.000
0.4047E-01	0.000
0.4201E-01	0.000
0.4361E-01	0.000
0.4527E-01	0.000
0.4699E-01	0.000
0.4878E-01	0.000
0.5064E-01	0.000
0.5257E-01	0.000
0.5457E-01	0.000
0.5665E-01	0.000
0.5881E-01	0.000
0.6105E-01	0.000
0.6337E-01	0.000
0.6579E-01	0.000
0.6829E-01	0.000
0.7089E-01	0.000
0.7359E-01	0.000
0.7640E-01	0.000
0.7931E-01	0.000
0.8233E-01	0.000
0.8546E-01	0.000
0.8872E-01	0.000
0.9210E-01	0.000
0.9560E-01	0.000
0.9924E-01	0.000
0.1030	0.000
0.1069	0.000
0.1110	0.000
0.1152	0.000
0.1196	0.000
0.1242	0.000
0.1289	0.000
0.1338	0.000
0.1389	0.000
0.1442	0.000
0.1497	0.000
0.1554	0.000
0.1613	0.000
0.1675	0.000
0.1739	0.000
0.1805	0.000
0.1874	0.000
0.1945	0.000
0.2019	0.000
0.2096	0.000
0.2176	0.000
0.2259	0.000
0.2345	0.000
0.2434	0.000
0.2527	0.000
0.2623	0.000
0.2723	0.000
0.2826	0.000
0.2934	0.000
0.3046	0.000
0.3162	0.000
0.3282	0.000
0.3407	0.000
0.3537	0.000
0.3672	0.000
0.3812	0.000
0.3957	0.000
0.4107	0.000
0.4264	0.000
0.4426	0.000
0.4595	0.000
0.4770	0.000
0.4952	0.000
0.5140	0.000
0.5336	0.000
0.5539	0.000
0.5750	0.000
0.5969	0.000
0.6196	0.000
0.6432	0.000
0.6677	0.000
0.6932	0.000
0.7196	0.000
0.7470	0.000
0.7754	0.000
0.8050	0.000
0.8356	0.000
0.8674	0.000
0.9005	0.000
0.9348	0.000
0.9704	0.000
1.007	0.000
1.046	0.000
1.086	0.000
1.127	0.000
1.170	0.000
1.214	0.000
1.261	0.000
1.309	0.000
1.358	0.000
1.410	0.000
1.464	0.000
1.520	0.000
1.578	0.000
1.638	0.000
1.700	0.000
1.765	0.000
1.832	0.000
1.902	0.000
1.974	0.000
2.049	0.000
2.127	0.000
2.208	0.000
2.293	0.000
2.380	0.000
2.470	0.000
2.565	0.000
2.662	0.000
2.764	0.000
2.869	0.000
2.978	0.000
3.092	0.000
3.209	0.000
3.332	0.000
3.458	0.000
3.590	0.000
3.727	0.000
3.869	0.000
4.016	0.000
4.169	0.000
4.328	0.000
4.493	0.000
4.664	0.000
4.841	0.000
5.026	0.000
5.217	0.000
5.416	0.000
5.622	0.000
5.836	0.000
6.059	0.000
6.289	0.000
6.529	0.000
6.778	0.000
7.036	0.000
7.304	0.000
7.582	0.000
7.871	0.000
8.170	0.000
8.482	0.000
8.805	0.000
9.140	0.000
9.488	0.000
9.849	0.000
10.22	0.000
10.61	0.000
11.02	0.000
11.44	0.000
11.87	0.000
12.33	0.000
12.80	0.000
13.28	0.000
13.79	0.000
14.31	0.000
14.86	0.000
15.42	0.000
16.01	0.000
16.62	0.000
17.25	0.000
17.91	0.000
18.59	0.000
19.30	0.000
20.04	0.000
20.80	0.000
21.59	0.000
22.42	0.000
23.27	0.000
24.16	0.000
25.08	0.000
26.03	0.000
27.02	0.000
28.05	0.8124E-37
29.12	0.2595E-36
30.23	0.7845E-36
31.38	0.2250E-35
32.57	0.6143E-35
33.82	0.1601E-34
35.10	0.3990E-34
36.44	0.9543E-34
37.83	0.1108E-29
39.27	0.2612E-29
40.76	0.5944E-29
42.32	0.1308E-28
43.93	0.2789E-28
45.60	0.5770E-28
47.34	0.1160E-27
49.14	0.2269E-27
51.01	0.4327E-27
52.96	0.8107E-27
54.97	0.1474E-26
57.07	0.2622E-26
59.24	0.4566E-26
61.50	0.7793E-26
63.84	0.1305E-25
66.27	0.2145E-25
68.79	0.3468E-25
71.41	0.5509E-25
74.13	0.8610E-25
76.96	0.1325E-24
79.89	0.2010E-24
82.93	0.3007E-24
86.09	0.4438E-24
89.37	0.6466E-24
92.77	0.9312E-24
96.31	0.1324E-23
99.97	0.1862E-23
103.8	0.2589E-23
107.7	0.3563E-23
111.8	0.4854E-23
116.1	0.6548E-23
120.5	0.8752E-23
125.1	0.1159E-22
129.9	0.1522E-22
134.8	0.1981E-22
140.0	0.2558E-22
145.3	0.3278E-22
150.8	0.4169E-22
156.6	0.5262E-22
162.5	0.6597E-22
168.7	0.8213E-22
175.1	0.1016E-21
181.8	0.1248E-21
188.7	0.1525E-21
195.9	0.1851E-21
203.4	0.2235E-21
211.1	0.2683E-21
219.2	0.3204E-21
227.5	0.3806E-21
236.2	0.4499E-21
245.2	0.5293E-21
254.5	0.6198E-21
264.2	0.7225E-21
274.3	0.8387E-21
284.7	0.9694E-21
295.6	0.1116E-20
306.8	0.1280E-20
318.5	0.1462E-20
330.6	0.1665E-20
343.2	0.1889E-20
356.3	0.2136E-20
369.9	0.2407E-20
384.0	0.2704E-20
398.6	0.3029E-20
413.8	0.3383E-20
429.5	0.3768E-20
445.9	0.4184E-20
462.9	0.4635E-20
480.5	0.5121E-20
498.8	0.5643E-20
517.8	0.6204E-20
537.5	0.6805E-20
558.0	0.7447E-20
579.2	0.8131E-20
601.3	0.8858E-20
624.2	0.9631E-20
648.0	0.1045E-19
672.6	0.1132E-19
698.3	0.1223E-19
724.9	0.1319E-19
752.5	0.1420E-19
781.1	0.1527E-19
810.9	0.1638E-19
841.8	0.1755E-19
873.8	0.1876E-19
907.1	0.2003E-19
941.6	0.2136E-19
977.5	0.2273E-19
1015.	0.2416E-19
1053.	0.2564E-19
1094.	0.2718E-19
1135.	0.2877E-19
1178.	0.3040E-19
1223.	0.3210E-19
1270.	0.3384E-19
1318.	0.3564E-19
1368.	0.3749E-19
1421.	0.3938E-19
1475.	0.4133E-19
1531.	0.4332E-19
1589.	0.4536E-19
1650.	0.4745E-19
1712.	0.4959E-19
1778.	0.5177E-19
1845.	0.5399E-19
1916.	0.5625E-19
1989.	0.5856E-19
2064.	0.6090E-19
2143.	0.6328E-19
2225.	0.6569E-19
2309.	0.6814E-19
2397.	0.7062E-19
2489.	0.7314E-19
2583.	0.7568E-19
2682.	0.7824E-19
2784.	0.8083E-19
2890.	0.8344E-19
3000.	0.8607E-19
 
 
E/N (Td)	Townsend attach. coef. eta/N (m2)
0.1000E-02	0.000
0.1038E-02	0.000
0.1078E-02	0.000
0.1119E-02	0.000
0.1161E-02	0.000
0.1205E-02	0.000
0.1251E-02	0.000
0.1299E-02	0.000
0.1349E-02	0.000
0.1400E-02	0.000
0.1453E-02	0.000
0.1509E-02	0.000
0.1566E-02	0.000
0.1626E-02	0.000
0.1688E-02	0.000
0.1752E-02	0.000
0.1819E-02	0.000
0.1888E-02	0.000
0.1960E-02	0.000
0.2034E-02	0.000
0.2112E-02	0.000
0.2192E-02	0.000
0.2276E-02	0.000
0.2362E-02	0.000
0.2452E-02	0.000
0.2546E-02	0.000
0.2643E-02	0.000
0.2743E-02	0.000
0.2848E-02	0.000
0.2956E-02	0.000
0.3069E-02	0.000
0.3186E-02	0.000
0.3307E-02	0.000
0.3433E-02	0.000
0.3564E-02	0.000
0.3700E-02	0.000
0.3841E-02	0.000
0.3987E-02	0.000
0.4139E-02	0.000
0.4296E-02	0.000
0.4460E-02	0.000
0.4630E-02	0.000
0.4806E-02	0.000
0.4989E-02	0.000
0.5179E-02	0.000
0.5377E-02	0.000
0.5581E-02	0.000
0.5794E-02	0.000
0.6015E-02	0.000
0.6244E-02	0.000
0.6481E-02	0.000
0.6728E-02	0.000
0.6985E-02	0.000
0.7251E-02	0.000
0.7527E-02	0.000
0.7813E-02	0.000
0.8111E-02	0.000
0.8420E-02	0.000
0.8741E-02	0.000
0.9073E-02	0.000
0.9419E-02	0.000
0.9778E-02	0.000
0.1015E-01	0.000
0.1054E-01	0.000
0.1094E-01	0.000
0.1135E-01	0.000
0.1179E-01	0.000
0.1224E-01	0.000
0.1270E-01	0.000
0.1319E-01	0.000
0.1369E-01	0.000
0.1421E-01	0.000
0.1475E-01	0.000
0.1531E-01	0.000
0.1590E-01	0.000
0.1650E-01	0.000
0.1713E-01	0.000
0.1778E-01	0.000
0.1846E-01	0.000
0.1916E-01	0.000
0.1989E-01	0.000
0.2065E-01	0.000
0.2144E-01	0.000
0.2225E-01	0.000
0.2310E-01	0.000
0.2398E-01	0.000
0.2489E-01	0.000
0.2584E-01	0.000
0.2682E-01	0.000
0.2785E-01	0.000
0.2891E-01	0.000
0.3001E-01	0.000
0.3115E-01	0.000
0.3234E-01	0.000
0.3357E-01	0.000
0.3485E-01	0.000
0.3617E-01	0.000
0.3755E-01	0.000
0.3898E-01	0.000
0.4047E-01	0.000
0.4201E-01	0.000
0.4361E-01	0.000
0.4527E-01	0.000
0.4699E-01	0.000
0.4878E-01	0.000
0.5064E-01	0.000
0.5257E-01	0.000
0.5457E-01	0.000
0.5665E-01	0.000
0.5881E-01	0.000
0.6105E-01	0.000
0.6337E-01	0.000
0.6579E-01	0.000
0.6829E-01	0.000
0.7089E-01	0.000
0.7359E-01	0.000
0.7640E-01	0.000
0.7931E-01	0.000
0.8233E-01	0.000
0.8546E-01	0.000
0.8872E-01	0.000
0.9210E-01	0.000
0.9560E-01	0.000
0.9924E-01	0.000
0.1030	0.000
0.1069	0.000
0.1110	0.000
0.1152	0.000
0.1196	0.000
0.1242	0.000
0.1289	0.000
0.1338	0.000
0.1389	0.000
0.1442	0.000
0.1497	0.000
0.1554	0.000
0.1613	0.000
0.1675	0.000
0.1739	0.000
0.1805	0.000
0.1874	0.000
0.1945	0.000
0.2019	0.000
0.2096	0.000
0.2176	0.000
0.2259	0.000
0.2345	0.000
0.2434	0.000
0.2527	0.000
0.2623	0.000
0.2723	0.000
0.2826	0.000
0.2934	0.000
0.3046	0.000
0.3162	0.000
0.3282	0.000
0.3407	0.000
0.3537	0.000
0.3672	0.000
0.3812	0.000
0.3957	0.000
0.4107	0.000
0.4264	0.000
0.4426	0.000
0.4595	0.000
0.4770	0.000
0.4952	0.000
0.5140	0.000
0.5336	0.000
0.5539	0.000
0.5750	0.000
0.5969	0.000
0.6196	0.000
0.6432	0.000
0.6677	0.000
0.6932	0.000
0.7196	0.000
0.7470	0.000
0.7754	0.000
0.8050	0.000
0.8356	0.000
0.8674	0.000
0.9005	0.000
0.9348	0.000
0.9704	0.000
1.007	0.000
1.046	0.000
1.086	0.000
1.127	0.000
1.170	0.000
1.214	0.000
1.261	0.000
1.309	0.000
1.358	0.000
1.410	0.000
1.464	0.000
1.520	0.000
1.578	0.000
1.638	0.000
1.700	0.000
1.765	0.000
1.832	0.000
1.902	0.000
1.974	0.000
2.049	0.000
2.127	0.000
2.208	0.000
2.293	0.000
2.380	0.000
2.470	0.000
2.565	0.000
2.662	0.000
2.764	0.000
2.869	0.000
2.978	0.000
3.092	0.000
3.209	0.000
3.332	0.000
3.458	0.000
3.590	0.000
3.727	0.000
3.869	0.000
4.016	0.000
4.169	0.000
4.328	0.000
4.493	0.000
4.664	0.000
4.841	0.000
5.026	0.000
5.217	0.000
5.416	0.000
5.622	0.000
5.836	0.000
6.059	0.000
6.289	0.000
6.529	0.000
6.778	0.000
7.036	0.000
7.304	0.000
7.582	0.000
7.871	0.000
8.170	0.000
8.482	0.000
8.805	0.000
9.140	0.000
9.488	0.000
9.849	0.000
10.22	0.000
10.61	0.000
11.02	0.000
11.44	0.000
11.87	0.000
12.33	0.000
12.80	0.000
13.28	0.000
13.79	0.6509E-34
14.31	0.2359E-33
14.86	0.8000E-33
15.42	0.2545E-32
16.01	0.7610E-32
16.62	0.2144E-31
17.25	0.5707E-31
17.91	0.1552E-30
18.59	0.3760E-30
19.30	0.8678E-30
20.04	0.1912E-29
20.80	0.4029E-29
21.59	0.8142E-29
22.42	0.1584E-28
23.27	0.2961E-28
24.16	0.5340E-28
25.08	0.9316E-28
26.03	0.1575E-27
27.02	0.2585E-27
28.05	0.4136E-27
29.12	0.6438E-27
30.23	0.9787E-27
31.38	0.1455E-26
32.57	0.2120E-26
33.82	0.3031E-26
35.10	0.4256E-26
36.44	0.5879E-26
37.83	0.8002E-26
39.27	0.1073E-25
40.76	0.1420E-25
42.32	0.1855E-25
43.93	0.2395E-25
45.60	0.3059E-25
47.34	0.3867E-25
49.14	0.4841E-25
51.01	0.6004E-25
52.96	0.7384E-25
54.97	0.9005E-25
57.07	0.1090E-24
59.24	0.1309E-24
61.50	0.1561E-24
63.84	0.1849E-24
66.27	0.2177E-24
68.79	0.2548E-24
71.41	0.2965E-24
74.13	0.3430E-24
76.96	0.3948E-24
79.89	0.4521E-24
82.93	0.5152E-24
86.09	0.5844E-24
89.37	0.6599E-24
92.77	0.7419E-24
96.31	0.8306E-24
99.97	0.9262E-24
103.8	0.1029E-23
107.7	0.1138E-23
111.8	0.1254E-23
116.1	0.1377E-23
120.5	0.1507E-23
125.1	0.1643E-23
129.9	0.1786E-23
134.8	0.1934E-23
140.0	0.2088E-23
145.3	0.2246E-23
150.8	0.2409E-23
156.6	0.2575E-23
162.5	0.2745E-23
168.7	0.2916E-23
175.1	0.3089E-23
181.8	0.3263E-23
188.7	0.3436E-23
195.9	0.3608E-23
203.4	0.3778E-23
211.1	0.3945E-23
219.2	0.4109E-23
227.5	0.4268E-23
236.2	0.4422E-23
245.2	0.4569E-23
254.5	0.4710E-23
264.2	0.4843E-23
274.3	0.4969E-23
284.7	0.5085E-23
295.6	0.5193E-23
306.8	0.5291E-23
318.5	0.5380E-23
330.6	0.5458E-23
343.2	0.5527E-23
356.3	0.5585E-23
369.9	0.5633E-23
384.0	0.5670E-23
398.6	0.5698E-23
413.8	0.5715E-23
429.5	0.5723E-23
445.9	0.5721E-23
462.9	0.5709E-23
480.5	0.5689E-23
498.8	0.5660E-23
517.8	0.5623E-23
537.5	0.5578E-23
558.0	0.5526E-23
579.2	0.5466E-23
601.3	0.5400E-23
624.2	0.5328E-23
648.0	0.5251E-23
672.6	0.5167E-23
698.3	0.5079E-23
724.9	0.4987E-23
752.5	0.4892E-23
781.1	0.4793E-23
810.9	0.4692E-23
841.8	0.4587E-23
873.8	0.4480E-23
907.1	0.4370E-23
941.6	0.4260E-23
977.5	0.4147E-23
1015.	0.4035E-23
1053.	0.3921E-23
1094.	0.3807E-23
1135.	0.3693E-23
1178.	0.3580E-23
1223.	0.3467E-23
1270.	0.3355E-23
1318.	0.3243E-23
1368.	0.3131E-23
1421.	0.3022E-23
1475.	0.2914E-23
1531.	0.2808E-23
1589.	0.2704E-23
1650.	0.2601E-23
1712.	0.2500E-23
1778.	0.2401E-23
1845.	0.2304E-23
1916.	0.2209E-23
1989.	0.2117E-23
2064.	0.2028E-23
2143.	0.1941E-23
2225.	0.1856E-23
2309.	0.1774E-23
2397.	0.1694E-23
2489.	0.1617E-23
2583.	0.1542E-23
2682.	0.1470E-23
2784.	0.1399E-23
2890.	0.1332E-23
3000.	0.1267E-23
 
 
E/N (Td)	Power /N (eV m3/s)
0.1000E-02	0.7989E-23
0.1038E-02	0.8604E-23
0.1078E-02	0.9272E-23
0.1119E-02	0.9992E-23
0.1161E-02	0.1077E-22
0.1205E-02	0.1160E-22
0.1251E-02	0.1250E-22
0.1299E-02	0.1347E-22
0.1349E-02	0.1452E-22
0.1400E-02	0.1565E-22
0.1453E-02	0.1686E-22
0.1509E-02	0.1817E-22
0.1566E-02	0.1958E-22
0.1626E-02	0.2110E-22
0.1688E-02	0.2274E-22
0.1752E-02	0.2450E-22
0.1819E-02	0.2641E-22
0.1888E-02	0.2846E-22
0.1960E-02	0.3067E-22
0.2034E-02	0.3305E-22
0.2112E-02	0.3561E-22
0.2192E-02	0.3837E-22
0.2276E-02	0.4135E-22
0.2362E-02	0.4456E-22
0.2452E-02	0.4802E-22
0.2546E-02	0.5175E-22
0.2643E-02	0.5577E-22
0.2743E-02	0.6010E-22
0.2848E-02	0.6476E-22
0.2956E-02	0.6979E-22
0.3069E-02	0.7521E-22
0.3186E-02	0.8104E-22
0.3307E-02	0.8733E-22
0.3433E-02	0.9411E-22
0.3564E-02	0.1014E-21
0.3700E-02	0.1093E-21
0.3841E-02	0.1178E-21
0.3987E-02	0.1269E-21
0.4139E-02	0.1368E-21
0.4296E-02	0.1474E-21
0.4460E-02	0.1588E-21
0.4630E-02	0.1712E-21
0.4806E-02	0.1844E-21
0.4989E-02	0.1988E-21
0.5179E-02	0.2142E-21
0.5377E-02	0.2308E-21
0.5581E-02	0.2487E-21
0.5794E-02	0.2680E-21
0.6015E-02	0.2888E-21
0.6244E-02	0.3113E-21
0.6481E-02	0.3354E-21
0.6728E-02	0.3615E-21
0.6985E-02	0.3895E-21
0.7251E-02	0.4198E-21
0.7527E-02	0.4523E-21
0.7813E-02	0.4875E-21
0.8111E-02	0.5253E-21
0.8420E-02	0.5661E-21
0.8741E-02	0.6100E-21
0.9073E-02	0.6574E-21
0.9419E-02	0.7084E-21
0.9778E-02	0.7634E-21
0.1015E-01	0.8226E-21
0.1054E-01	0.8865E-21
0.1094E-01	0.9553E-21
0.1135E-01	0.1029E-20
0.1179E-01	0.1109E-20
0.1224E-01	0.1196E-20
0.1270E-01	0.1288E-20
0.1319E-01	0.1388E-20
0.1369E-01	0.1496E-20
0.1421E-01	0.1612E-20
0.1475E-01	0.1737E-20
0.1531E-01	0.1872E-20
0.1590E-01	0.2018E-20
0.1650E-01	0.2174E-20
0.1713E-01	0.2343E-20
0.1778E-01	0.2525E-20
0.1846E-01	0.2721E-20
0.1916E-01	0.2932E-20
0.1989E-01	0.3160E-20
0.2065E-01	0.3405E-20
0.2144E-01	0.3670E-20
0.2225E-01	0.3955E-20
0.2310E-01	0.4262E-20
0.2398E-01	0.4593E-20
0.2489E-01	0.4949E-20
0.2584E-01	0.5334E-20
0.2682E-01	0.5748E-20
0.2785E-01	0.6194E-20
0.2891E-01	0.6675E-20
0.3001E-01	0.7193E-20
0.3115E-01	0.7752E-20
0.3234E-01	0.8354E-20
0.3357E-01	0.9003E-20
0.3485E-01	0.9702E-20
0.3617E-01	0.1046E-19
0.3755E-01	0.1127E-19
0.3898E-01	0.1214E-19
0.4047E-01	0.1309E-19
0.4201E-01	0.1410E-19
0.4361E-01	0.1520E-19
0.4527E-01	0.1638E-19
0.4699E-01	0.1765E-19
0.4878E-01	0.1902E-19
0.5064E-01	0.2050E-19
0.5257E-01	0.2209E-19
0.5457E-01	0.2380E-19
0.5665E-01	0.2565E-19
0.5881E-01	0.2764E-19
0.6105E-01	0.2979E-19
0.6337E-01	0.3211E-19
0.6579E-01	0.3460E-19
0.6829E-01	0.3729E-19
0.7089E-01	0.4018E-19
0.7359E-01	0.4330E-19
0.7640E-01	0.4666E-19
0.7931E-01	0.5029E-19
0.8233E-01	0.5419E-19
0.8546E-01	0.5840E-19
0.8872E-01	0.6293E-19
0.9210E-01	0.6782E-19
0.9560E-01	0.7309E-19
0.9924E-01	0.7876E-19
0.1030	0.8487E-19
0.1069	0.9146E-19
0.1110	0.9856E-19
0.1152	0.1062E-18
0.1196	0.1145E-18
0.1242	0.1233E-18
0.1289	0.1329E-18
0.1338	0.1432E-18
0.1389	0.1543E-18
0.1442	0.1663E-18
0.1497	0.1792E-18
0.1554	0.1931E-18
0.1613	0.2081E-18
0.1675	0.2243E-18
0.1739	0.2417E-18
0.1805	0.2604E-18
0.1874	0.2806E-18
0.1945	0.3024E-18
0.2019	0.3258E-18
0.2096	0.3511E-18
0.2176	0.3783E-18
0.2259	0.4076E-18
0.2345	0.4392E-18
0.2434	0.4733E-18
0.2527	0.5100E-18
0.2623	0.5495E-18
0.2723	0.5921E-18
0.2826	0.6379E-18
0.2934	0.6874E-18
0.3046	0.7406E-18
0.3162	0.7980E-18
0.3282	0.8598E-18
0.3407	0.9264E-18
0.3537	0.9981E-18
0.3672	0.1075E-17
0.3812	0.1159E-17
0.3957	0.1248E-17
0.4107	0.1345E-17
0.4264	0.1449E-17
0.4426	0.1561E-17
0.4595	0.1682E-17
0.4770	0.1812E-17
0.4952	0.1952E-17
0.5140	0.2103E-17
0.5336	0.2265E-17
0.5539	0.2440E-17
0.5750	0.2629E-17
0.5969	0.2832E-17
0.6196	0.3050E-17
0.6432	0.3286E-17
0.6677	0.3539E-17
0.6932	0.3812E-17
0.7196	0.4106E-17
0.7470	0.4423E-17
0.7754	0.4764E-17
0.8050	0.5130E-17
0.8356	0.5525E-17
0.8674	0.5951E-17
0.9005	0.6408E-17
0.9348	0.6901E-17
0.9704	0.7431E-17
1.007	0.8002E-17
1.046	0.8616E-17
1.086	0.9276E-17
1.127	0.9987E-17
1.170	0.1075E-16
1.214	0.1157E-16
1.261	0.1246E-16
1.309	0.1341E-16
1.358	0.1443E-16
1.410	0.1553E-16
1.464	0.1671E-16
1.520	0.1798E-16
1.578	0.1935E-16
1.638	0.2082E-16
1.700	0.2240E-16
1.765	0.2409E-16
1.832	0.2590E-16
1.902	0.2785E-16
1.974	0.2993E-16
2.049	0.3217E-16
2.127	0.3457E-16
2.208	0.3713E-16
2.293	0.3988E-16
2.380	0.4282E-16
2.470	0.4601E-16
2.565	0.4936E-16
2.662	0.5295E-16
2.764	0.5677E-16
2.869	0.6084E-16
2.978	0.6516E-16
3.092	0.6976E-16
3.209	0.7464E-16
3.332	0.7978E-16
3.458	0.8525E-16
3.590	0.9102E-16
3.727	0.9710E-16
3.869	0.1035E-15
4.016	0.1103E-15
4.169	0.1173E-15
4.328	0.1246E-15
4.493	0.1323E-15
4.664	0.1402E-15
4.841	0.1483E-15
5.026	0.1568E-15
5.217	0.1655E-15
5.416	0.1745E-15
5.622	0.1837E-15
5.836	0.1933E-15
6.059	0.2028E-15
6.289	0.2125E-15
6.529	0.2223E-15
6.778	0.2320E-15
7.036	0.2420E-15
7.304	0.2520E-15
7.582	0.2621E-15
7.871	0.2726E-15
8.170	0.2827E-15
8.482	0.2929E-15
8.805	0.3031E-15
9.140	0.3134E-15
9.488	0.3236E-15
9.849	0.3339E-15
10.22	0.3438E-15
10.61	0.3542E-15
11.02	0.3646E-15
11.44	0.3752E-15
11.87	0.3858E-15
12.33	0.3966E-15
12.80	0.4075E-15
13.28	0.4186E-15
13.79	0.4298E-15
14.31	0.4415E-15
14.86	0.4536E-15
15.42	0.4660E-15
16.01	0.4789E-15
16.62	0.4924E-15
17.25	0.5065E-15
17.91	0.5215E-15
18.59	0.5370E-15
19.30	0.5535E-15
20.04	0.5710E-15
20.80	0.5898E-15
21.59	0.6100E-15
22.42	0.6316E-15
23.27	0.6553E-15
24.16	0.6810E-15
25.08	0.7090E-15
26.03	0.7395E-15
27.02	0.7729E-15
28.05	0.8091E-15
29.12	0.8488E-15
30.23	0.8920E-15
31.38	0.9391E-15
32.57	0.9901E-15
33.82	0.1046E-14
35.10	0.1106E-14
36.44	0.1170E-14
37.83	0.1241E-14
39.27	0.1316E-14
40.76	0.1398E-14
42.32	0.1486E-14
43.93	0.1580E-14
45.60	0.1682E-14
47.34	0.1791E-14
49.14	0.1909E-14
51.01	0.2035E-14
52.96	0.2170E-14
54.97	0.2315E-14
57.07	0.2471E-14
59.24	0.2637E-14
61.50	0.2816E-14
63.84	0.3008E-14
66.27	0.3213E-14
68.79	0.3432E-14
71.41	0.3667E-14
74.13	0.3919E-14
76.96	0.4188E-14
79.89	0.4476E-14
82.93	0.4785E-14
86.09	0.5114E-14
89.37	0.5466E-14
92.77	0.5843E-14
96.31	0.6246E-14
99.97	0.6676E-14
103.8	0.7136E-14
107.7	0.7627E-14
111.8	0.8152E-14
116.1	0.8713E-14
120.5	0.9312E-14
125.1	0.9951E-14
129.9	0.1063E-13
134.8	0.1136E-13
140.0	0.1214E-13
145.3	0.1297E-13
150.8	0.1386E-13
156.6	0.1480E-13
162.5	0.1581E-13
168.7	0.1688E-13
175.1	0.1803E-13
181.8	0.1926E-13
188.7	0.2056E-13
195.9	0.2196E-13
203.4	0.2344E-13
211.1	0.2503E-13
219.2	0.2672E-13
227.5	0.2852E-13
236.2	0.3045E-13
245.2	0.3250E-13
254.5	0.3469E-13
264.2	0.3702E-13
274.3	0.3951E-13
284.7	0.4217E-13
295.6	0.4500E-13
306.8	0.4802E-13
318.5	0.5124E-13
330.6	0.5467E-13
343.2	0.5834E-13
356.3	0.6224E-13
369.9	0.6640E-13
384.0	0.7084E-13
398.6	0.7557E-13
413.8	0.8061E-13
429.5	0.8599E-13
445.9	0.9172E-13
462.9	0.9782E-13
480.5	0.1043E-12
498.8	0.1113E-12
517.8	0.1187E-12
537.5	0.1265E-12
558.0	0.1349E-12
579.2	0.1439E-12
601.3	0.1534E-12
624.2	0.1635E-12
648.0	0.1743E-12
672.6	0.1859E-12
698.3	0.1982E-12
724.9	0.2112E-12
752.5	0.2251E-12
781.1	0.2399E-12
810.9	0.2556E-12
841.8	0.2724E-12
873.8	0.2902E-12
907.1	0.3092E-12
941.6	0.3295E-12
977.5	0.3510E-12
1015.	0.3739E-12
1053.	0.3983E-12
1094.	0.4243E-12
1135.	0.4518E-12
1178.	0.4811E-12
1223.	0.5124E-12
1270.	0.5455E-12
1318.	0.5808E-12
1368.	0.6184E-12
1421.	0.6583E-12
1475.	0.7008E-12
1531.	0.7458E-12
1589.	0.7936E-12
1650.	0.8445E-12
1712.	0.8986E-12
1778.	0.9560E-12
1845.	0.1017E-11
1916.	0.1082E-11
1989.	0.1151E-11
2064.	0.1224E-11
2143.	0.1302E-11
2225.	0.1384E-11
2309.	0.1472E-11
2397.	0.1564E-11
2489.	0.1663E-11
2583.	0.1767E-11
2682.	0.1878E-11
2784.	0.1996E-11
2890.	0.2121E-11
3000.	0.2254E-11
 
 
E/N (Td)	Elastic power loss /N (eV m3/s)
0.1000E-02	0.3463E-23
0.1038E-02	-0.1850E-24
0.1078E-02	-0.1722E-24
0.1119E-02	-0.1583E-24
0.1161E-02	-0.1434E-24
0.1205E-02	-0.1273E-24
0.1251E-02	-0.1100E-24
0.1299E-02	-0.9128E-25
0.1349E-02	-0.7116E-25
0.1400E-02	-0.4947E-25
0.1453E-02	-0.2611E-25
0.1509E-02	-0.9281E-27
0.1566E-02	0.2620E-25
0.1626E-02	0.5543E-25
0.1688E-02	0.8693E-25
0.1752E-02	0.1209E-24
0.1819E-02	0.1574E-24
0.1888E-02	0.1968E-24
0.1960E-02	0.2393E-24
0.2034E-02	0.2850E-24
0.2112E-02	0.3343E-24
0.2192E-02	0.3874E-24
0.2276E-02	0.4446E-24
0.2362E-02	0.5062E-24
0.2452E-02	0.5726E-24
0.2546E-02	0.6441E-24
0.2643E-02	0.7211E-24
0.2743E-02	0.8041E-24
0.2848E-02	0.8935E-24
0.2956E-02	0.9898E-24
0.3069E-02	0.1094E-23
0.3186E-02	0.1205E-23
0.3307E-02	0.1326E-23
0.3433E-02	0.1455E-23
0.3564E-02	0.1595E-23
0.3700E-02	0.1745E-23
0.3841E-02	0.1907E-23
0.3987E-02	0.2082E-23
0.4139E-02	0.2269E-23
0.4296E-02	0.2471E-23
0.4460E-02	0.2689E-23
0.4630E-02	0.2923E-23
0.4806E-02	0.3176E-23
0.4989E-02	0.3447E-23
0.5179E-02	0.3739E-23
0.5377E-02	0.4054E-23
0.5581E-02	0.4392E-23
0.5794E-02	0.4757E-23
0.6015E-02	0.5148E-23
0.6244E-02	0.5570E-23
0.6481E-02	0.6023E-23
0.6728E-02	0.6511E-23
0.6985E-02	0.7035E-23
0.7251E-02	0.7599E-23
0.7527E-02	0.8205E-23
0.7813E-02	0.8856E-23
0.8111E-02	0.9555E-23
0.8420E-02	0.1031E-22
0.8741E-02	0.1111E-22
0.9073E-02	0.1198E-22
0.9419E-02	0.1291E-22
0.9778E-02	0.1391E-22
0.1015E-01	0.1498E-22
0.1054E-01	0.1613E-22
0.1094E-01	0.1736E-22
0.1135E-01	0.1868E-22
0.1179E-01	0.2009E-22
0.1224E-01	0.2160E-22
0.1270E-01	0.2322E-22
0.1319E-01	0.2495E-22
0.1369E-01	0.2680E-22
0.1421E-01	0.2877E-22
0.1475E-01	0.3088E-22
0.1531E-01	0.3313E-22
0.1590E-01	0.3552E-22
0.1650E-01	0.3808E-22
0.1713E-01	0.4079E-22
0.1778E-01	0.4368E-22
0.1846E-01	0.4675E-22
0.1916E-01	0.5000E-22
0.1989E-01	0.5345E-22
0.2065E-01	0.5710E-22
0.2144E-01	0.6096E-22
0.2225E-01	0.6503E-22
0.2310E-01	0.6933E-22
0.2398E-01	0.7385E-22
0.2489E-01	0.7860E-22
0.2584E-01	0.8358E-22
0.2682E-01	0.8880E-22
0.2785E-01	0.9417E-22
0.2891E-01	0.9987E-22
0.3001E-01	0.1058E-21
0.3115E-01	0.1120E-21
0.3234E-01	0.1183E-21
0.3357E-01	0.1249E-21
0.3485E-01	0.1317E-21
0.3617E-01	0.1387E-21
0.3755E-01	0.1459E-21
0.3898E-01	0.1533E-21
0.4047E-01	0.1608E-21
0.4201E-01	0.1685E-21
0.4361E-01	0.1762E-21
0.4527E-01	0.1840E-21
0.4699E-01	0.1920E-21
0.4878E-01	0.1999E-21
0.5064E-01	0.2080E-21
0.5257E-01	0.2160E-21
0.5457E-01	0.2240E-21
0.5665E-01	0.2320E-21
0.5881E-01	0.2398E-21
0.6105E-01	0.2477E-21
0.6337E-01	0.2554E-21
0.6579E-01	0.2631E-21
0.6829E-01	0.2706E-21
0.7089E-01	0.2780E-21
0.7359E-01	0.2852E-21
0.7640E-01	0.2923E-21
0.7931E-01	0.2993E-21
0.8233E-01	0.3061E-21
0.8546E-01	0.3127E-21
0.8872E-01	0.3192E-21
0.9210E-01	0.3255E-21
0.9560E-01	0.3317E-21
0.9924E-01	0.3377E-21
0.1030	0.3437E-21
0.1069	0.3495E-21
0.1110	0.3552E-21
0.1152	0.3608E-21
0.1196	0.3663E-21
0.1242	0.3718E-21
0.1289	0.3773E-21
0.1338	0.3827E-21
0.1389	0.3882E-21
0.1442	0.3936E-21
0.1497	0.3991E-21
0.1554	0.4047E-21
0.1613	0.4104E-21
0.1675	0.4162E-21
0.1739	0.4221E-21
0.1805	0.4282E-21
0.1874	0.4345E-21
0.1945	0.4411E-21
0.2019	0.4479E-21
0.2096	0.4550E-21
0.2176	0.4624E-21
0.2259	0.4702E-21
0.2345	0.4784E-21
0.2434	0.4870E-21
0.2527	0.4961E-21
0.2623	0.5058E-21
0.2723	0.5160E-21
0.2826	0.5269E-21
0.2934	0.5384E-21
0.3046	0.5507E-21
0.3162	0.5638E-21
0.3282	0.5777E-21
0.3407	0.5926E-21
0.3537	0.6084E-21
0.3672	0.6253E-21
0.3812	0.6434E-21
0.3957	0.6627E-21
0.4107	0.6834E-21
0.4264	0.7055E-21
0.4426	0.7291E-21
0.4595	0.7543E-21
0.4770	0.7813E-21
0.4952	0.8102E-21
0.5140	0.8411E-21
0.5336	0.8742E-21
0.5539	0.9097E-21
0.5750	0.9476E-21
0.5969	0.9882E-21
0.6196	0.1032E-20
0.6432	0.1078E-20
0.6677	0.1128E-20
0.6932	0.1181E-20
0.7196	0.1238E-20
0.7470	0.1299E-20
0.7754	0.1365E-20
0.8050	0.1435E-20
0.8356	0.1510E-20
0.8674	0.1590E-20
0.9005	0.1676E-20
0.9348	0.1768E-20
0.9704	0.1867E-20
1.007	0.1973E-20
1.046	0.2087E-20
1.086	0.2208E-20
1.127	0.2339E-20
1.170	0.2479E-20
1.214	0.2629E-20
1.261	0.2791E-20
1.309	0.2965E-20
1.358	0.3151E-20
1.410	0.3352E-20
1.464	0.3569E-20
1.520	0.3802E-20
1.578	0.4053E-20
1.638	0.4328E-20
1.700	0.4621E-20
1.765	0.4939E-20
1.832	0.5283E-20
1.902	0.5656E-20
1.974	0.6062E-20
2.049	0.6503E-20
2.127	0.6983E-20
2.208	0.7507E-20
2.293	0.8081E-20
2.380	0.8708E-20
2.470	0.9402E-20
2.565	0.1016E-19
2.662	0.1099E-19
2.764	0.1191E-19
2.869	0.1293E-19
2.978	0.1406E-19
3.092	0.1531E-19
3.209	0.1670E-19
3.332	0.1825E-19
3.458	0.1997E-19
3.590	0.2190E-19
3.727	0.2405E-19
3.869	0.2646E-19
4.016	0.2918E-19
4.169	0.3221E-19
4.328	0.3561E-19
4.493	0.3942E-19
4.664	0.4369E-19
4.841	0.4849E-19
5.026	0.5387E-19
5.217	0.5990E-19
5.416	0.6667E-19
5.622	0.7425E-19
5.836	0.8283E-19
6.059	0.9235E-19
6.289	0.1030E-18
6.529	0.1149E-18
6.778	0.1282E-18
7.036	0.1431E-18
7.304	0.1598E-18
7.582	0.1785E-18
7.871	0.1996E-18
8.170	0.2230E-18
8.482	0.2491E-18
8.805	0.2783E-18
9.140	0.3111E-18
9.488	0.3475E-18
9.849	0.3881E-18
10.22	0.4331E-18
10.61	0.4834E-18
11.02	0.5393E-18
11.44	0.6014E-18
11.87	0.6701E-18
12.33	0.7462E-18
12.80	0.8303E-18
13.28	0.9230E-18
13.79	0.1026E-17
14.31	0.1138E-17
14.86	0.1262E-17
15.42	0.1397E-17
16.01	0.1546E-17
16.62	0.1708E-17
17.25	0.1885E-17
17.91	0.2079E-17
18.59	0.2287E-17
19.30	0.2511E-17
20.04	0.2751E-17
20.80	0.3005E-17
21.59	0.3272E-17
22.42	0.3550E-17
23.27	0.3836E-17
24.16	0.4129E-17
25.08	0.4424E-17
26.03	0.4721E-17
27.02	0.5016E-17
28.05	0.5308E-17
29.12	0.5595E-17
30.23	0.5875E-17
31.38	0.6149E-17
32.57	0.6415E-17
33.82	0.6673E-17
35.10	0.6924E-17
36.44	0.7168E-17
37.83	0.7406E-17
39.27	0.7637E-17
40.76	0.7863E-17
42.32	0.8084E-17
43.93	0.8302E-17
45.60	0.8516E-17
47.34	0.8728E-17
49.14	0.8938E-17
51.01	0.9147E-17
52.96	0.9356E-17
54.97	0.9566E-17
57.07	0.9777E-17
59.24	0.9990E-17
61.50	0.1021E-16
63.84	0.1043E-16
66.27	0.1065E-16
68.79	0.1088E-16
71.41	0.1111E-16
74.13	0.1135E-16
76.96	0.1160E-16
79.89	0.1185E-16
82.93	0.1212E-16
86.09	0.1239E-16
89.37	0.1267E-16
92.77	0.1296E-16
96.31	0.1327E-16
99.97	0.1358E-16
103.8	0.1391E-16
107.7	0.1425E-16
111.8	0.1461E-16
116.1	0.1498E-16
120.5	0.1537E-16
125.1	0.1578E-16
129.9	0.1620E-16
134.8	0.1664E-16
140.0	0.1710E-16
145.3	0.1758E-16
150.8	0.1808E-16
156.6	0.1860E-16
162.5	0.1914E-16
168.7	0.1970E-16
175.1	0.2029E-16
181.8	0.2090E-16
188.7	0.2153E-16
195.9	0.2219E-16
203.4	0.2288E-16
211.1	0.2359E-16
219.2	0.2433E-16
227.5	0.2509E-16
236.2	0.2589E-16
245.2	0.2671E-16
254.5	0.2756E-16
264.2	0.2844E-16
274.3	0.2936E-16
284.7	0.3031E-16
295.6	0.3129E-16
306.8	0.3230E-16
318.5	0.3336E-16
330.6	0.3444E-16
343.2	0.3557E-16
356.3	0.3674E-16
369.9	0.3795E-16
384.0	0.3920E-16
398.6	0.4050E-16
413.8	0.4184E-16
429.5	0.4323E-16
445.9	0.4467E-16
462.9	0.4616E-16
480.5	0.4770E-16
498.8	0.4930E-16
517.8	0.5096E-16
537.5	0.5267E-16
558.0	0.5445E-16
579.2	0.5629E-16
601.3	0.5820E-16
624.2	0.6017E-16
648.0	0.6222E-16
672.6	0.6435E-16
698.3	0.6655E-16
724.9	0.6884E-16
752.5	0.7120E-16
781.1	0.7365E-16
810.9	0.7618E-16
841.8	0.7881E-16
873.8	0.8155E-16
907.1	0.8438E-16
941.6	0.8732E-16
977.5	0.9038E-16
1015.	0.9355E-16
1053.	0.9683E-16
1094.	0.1002E-15
1135.	0.1038E-15
1178.	0.1075E-15
1223.	0.1113E-15
1270.	0.1153E-15
1318.	0.1194E-15
1368.	0.1237E-15
1421.	0.1282E-15
1475.	0.1329E-15
1531.	0.1377E-15
1589.	0.1428E-15
1650.	0.1480E-15
1712.	0.1535E-15
1778.	0.1592E-15
1845.	0.1652E-15
1916.	0.1714E-15
1989.	0.1779E-15
2064.	0.1847E-15
2143.	0.1917E-15
2225.	0.1991E-15
2309.	0.2068E-15
2397.	0.2149E-15
2489.	0.2232E-15
2583.	0.2320E-15
2682.	0.2412E-15
2784.	0.2508E-15
2890.	0.2609E-15
3000.	0.2714E-15
 
 
E/N (Td)	Inelastic power loss /N (eV m3/s)
0.1000E-02	0.1844E-22
0.1038E-02	0.1283E-22
0.1078E-02	0.1348E-22
0.1119E-02	0.1418E-22
0.1161E-02	0.1494E-22
0.1205E-02	0.1576E-22
0.1251E-02	0.1664E-22
0.1299E-02	0.1758E-22
0.1349E-02	0.1861E-22
0.1400E-02	0.1971E-22
0.1453E-02	0.2089E-22
0.1509E-02	0.2217E-22
0.1566E-02	0.2355E-22
0.1626E-02	0.2503E-22
0.1688E-02	0.2663E-22
0.1752E-02	0.2836E-22
0.1819E-02	0.3022E-22
0.1888E-02	0.3222E-22
0.1960E-02	0.3438E-22
0.2034E-02	0.3670E-22
0.2112E-02	0.3921E-22
0.2192E-02	0.4191E-22
0.2276E-02	0.4482E-22
0.2362E-02	0.4795E-22
0.2452E-02	0.5133E-22
0.2546E-02	0.5497E-22
0.2643E-02	0.5890E-22
0.2743E-02	0.6313E-22
0.2848E-02	0.6769E-22
0.2956E-02	0.7260E-22
0.3069E-02	0.7789E-22
0.3186E-02	0.8359E-22
0.3307E-02	0.8974E-22
0.3433E-02	0.9636E-22
0.3564E-02	0.1035E-21
0.3700E-02	0.1112E-21
0.3841E-02	0.1195E-21
0.3987E-02	0.1284E-21
0.4139E-02	0.1380E-21
0.4296E-02	0.1484E-21
0.4460E-02	0.1596E-21
0.4630E-02	0.1716E-21
0.4806E-02	0.1846E-21
0.4989E-02	0.1986E-21
0.5179E-02	0.2137E-21
0.5377E-02	0.2299E-21
0.5581E-02	0.2474E-21
0.5794E-02	0.2663E-21
0.6015E-02	0.2866E-21
0.6244E-02	0.3086E-21
0.6481E-02	0.3322E-21
0.6728E-02	0.3576E-21
0.6985E-02	0.3851E-21
0.7251E-02	0.4146E-21
0.7527E-02	0.4465E-21
0.7813E-02	0.4808E-21
0.8111E-02	0.5178E-21
0.8420E-02	0.5577E-21
0.8741E-02	0.6006E-21
0.9073E-02	0.6470E-21
0.9419E-02	0.6969E-21
0.9778E-02	0.7507E-21
0.1015E-01	0.8086E-21
0.1054E-01	0.8711E-21
0.1094E-01	0.9385E-21
0.1135E-01	0.1011E-20
0.1179E-01	0.1089E-20
0.1224E-01	0.1174E-20
0.1270E-01	0.1264E-20
0.1319E-01	0.1362E-20
0.1369E-01	0.1468E-20
0.1421E-01	0.1582E-20
0.1475E-01	0.1704E-20
0.1531E-01	0.1837E-20
0.1590E-01	0.1979E-20
0.1650E-01	0.2133E-20
0.1713E-01	0.2298E-20
0.1778E-01	0.2477E-20
0.1846E-01	0.2669E-20
0.1916E-01	0.2876E-20
0.1989E-01	0.3100E-20
0.2065E-01	0.3341E-20
0.2144E-01	0.3601E-20
0.2225E-01	0.3881E-20
0.2310E-01	0.4183E-20
0.2398E-01	0.4508E-20
0.2489E-01	0.4859E-20
0.2584E-01	0.5238E-20
0.2682E-01	0.5646E-20
0.2785E-01	0.6087E-20
0.2891E-01	0.6561E-20
0.3001E-01	0.7072E-20
0.3115E-01	0.7623E-20
0.3234E-01	0.8218E-20
0.3357E-01	0.8859E-20
0.3485E-01	0.9550E-20
0.3617E-01	0.1029E-19
0.3755E-01	0.1110E-19
0.3898E-01	0.1196E-19
0.4047E-01	0.1290E-19
0.4201E-01	0.1391E-19
0.4361E-01	0.1499E-19
0.4527E-01	0.1616E-19
0.4699E-01	0.1743E-19
0.4878E-01	0.1879E-19
0.5064E-01	0.2025E-19
0.5257E-01	0.2184E-19
0.5457E-01	0.2354E-19
0.5665E-01	0.2538E-19
0.5881E-01	0.2736E-19
0.6105E-01	0.2950E-19
0.6337E-01	0.3181E-19
0.6579E-01	0.3429E-19
0.6829E-01	0.3697E-19
0.7089E-01	0.3985E-19
0.7359E-01	0.4297E-19
0.7640E-01	0.4632E-19
0.7931E-01	0.4993E-19
0.8233E-01	0.5383E-19
0.8546E-01	0.5803E-19
0.8872E-01	0.6256E-19
0.9210E-01	0.6743E-19
0.9560E-01	0.7269E-19
0.9924E-01	0.7836E-19
0.1030	0.8446E-19
0.1069	0.9104E-19
0.1110	0.9813E-19
0.1152	0.1058E-18
0.1196	0.1140E-18
0.1242	0.1229E-18
0.1289	0.1325E-18
0.1338	0.1428E-18
0.1389	0.1539E-18
0.1442	0.1658E-18
0.1497	0.1787E-18
0.1554	0.1926E-18
0.1613	0.2076E-18
0.1675	0.2237E-18
0.1739	0.2411E-18
0.1805	0.2599E-18
0.1874	0.2801E-18
0.1945	0.3018E-18
0.2019	0.3252E-18
0.2096	0.3505E-18
0.2176	0.3777E-18
0.2259	0.4070E-18
0.2345	0.4386E-18
0.2434	0.4726E-18
0.2527	0.5093E-18
0.2623	0.5488E-18
0.2723	0.5914E-18
0.2826	0.6373E-18
0.2934	0.6867E-18
0.3046	0.7399E-18
0.3162	0.7973E-18
0.3282	0.8590E-18
0.3407	0.9256E-18
0.3537	0.9973E-18
0.3672	0.1075E-17
0.3812	0.1158E-17
0.3957	0.1247E-17
0.4107	0.1344E-17
0.4264	0.1448E-17
0.4426	0.1560E-17
0.4595	0.1681E-17
0.4770	0.1811E-17
0.4952	0.1951E-17
0.5140	0.2102E-17
0.5336	0.2264E-17
0.5539	0.2439E-17
0.5750	0.2628E-17
0.5969	0.2831E-17
0.6196	0.3049E-17
0.6432	0.3285E-17
0.6677	0.3538E-17
0.6932	0.3811E-17
0.7196	0.4105E-17
0.7470	0.4421E-17
0.7754	0.4762E-17
0.8050	0.5129E-17
0.8356	0.5524E-17
0.8674	0.5949E-17
0.9005	0.6406E-17
0.9348	0.6899E-17
0.9704	0.7429E-17
1.007	0.7999E-17
1.046	0.8613E-17
1.086	0.9274E-17
1.127	0.9985E-17
1.170	0.1075E-16
1.214	0.1157E-16
1.261	0.1246E-16
1.309	0.1341E-16
1.358	0.1443E-16
1.410	0.1553E-16
1.464	0.1671E-16
1.520	0.1798E-16
1.578	0.1934E-16
1.638	0.2082E-16
1.700	0.2239E-16
1.765	0.2408E-16
1.832	0.2589E-16
1.902	0.2784E-16
1.974	0.2993E-16
2.049	0.3216E-16
2.127	0.3456E-16
2.208	0.3713E-16
2.293	0.3987E-16
2.380	0.4281E-16
2.470	0.4600E-16
2.565	0.4935E-16
2.662	0.5293E-16
2.764	0.5675E-16
2.869	0.6082E-16
2.978	0.6515E-16
3.092	0.6974E-16
3.209	0.7462E-16
3.332	0.7975E-16
3.458	0.8521E-16
3.590	0.9098E-16
3.727	0.9706E-16
3.869	0.1035E-15
4.016	0.1102E-15
4.169	0.1172E-15
4.328	0.1246E-15
4.493	0.1322E-15
4.664	0.1401E-15
4.841	0.1483E-15
5.026	0.1568E-15
5.217	0.1655E-15
5.416	0.1745E-15
5.622	0.1836E-15
5.836	0.1932E-15
6.059	0.2027E-15
6.289	0.2124E-15
6.529	0.2222E-15
6.778	0.2318E-15
7.036	0.2418E-15
7.304	0.2518E-15
7.582	0.2619E-15
7.871	0.2723E-15
8.170	0.2824E-15
8.482	0.2926E-15
8.805	0.3028E-15
9.140	0.3132E-15
9.488	0.3234E-15
9.849	0.3336E-15
10.22	0.3436E-15
10.61	0.3539E-15
11.02	0.3642E-15
11.44	0.3745E-15
11.87	0.3851E-15
12.33	0.3957E-15
12.80	0.4066E-15
13.28	0.4176E-15
13.79	0.4291E-15
14.31	0.4407E-15
14.86	0.4526E-15
15.42	0.4649E-15
16.01	0.4776E-15
16.62	0.4909E-15
17.25	0.5048E-15
17.91	0.5195E-15
18.59	0.5348E-15
19.30	0.5510E-15
20.04	0.5683E-15
20.80	0.5868E-15
21.59	0.6068E-15
22.42	0.6282E-15
23.27	0.6515E-15
24.16	0.6769E-15
25.08	0.7046E-15
26.03	0.7349E-15
27.02	0.7679E-15
28.05	0.8041E-15
29.12	0.8434E-15
30.23	0.8864E-15
31.38	0.9331E-15
32.57	0.9839E-15
33.82	0.1039E-14
35.10	0.1099E-14
36.44	0.1163E-14
37.83	0.1233E-14
39.27	0.1309E-14
40.76	0.1390E-14
42.32	0.1478E-14
43.93	0.1572E-14
45.60	0.1674E-14
47.34	0.1783E-14
49.14	0.1900E-14
51.01	0.2026E-14
52.96	0.2161E-14
54.97	0.2306E-14
57.07	0.2461E-14
59.24	0.2628E-14
61.50	0.2806E-14
63.84	0.2997E-14
66.27	0.3202E-14
68.79	0.3422E-14
71.41	0.3656E-14
74.13	0.3908E-14
76.96	0.4177E-14
79.89	0.4465E-14
82.93	0.4772E-14
86.09	0.5102E-14
89.37	0.5454E-14
92.77	0.5830E-14
96.31	0.6233E-14
99.97	0.6663E-14
103.8	0.7122E-14
107.7	0.7613E-14
111.8	0.8137E-14
116.1	0.8697E-14
120.5	0.9295E-14
125.1	0.9933E-14
129.9	0.1061E-13
134.8	0.1134E-13
140.0	0.1212E-13
145.3	0.1295E-13
150.8	0.1383E-13
156.6	0.1477E-13
162.5	0.1577E-13
168.7	0.1684E-13
175.1	0.1798E-13
181.8	0.1920E-13
188.7	0.2050E-13
195.9	0.2188E-13
203.4	0.2335E-13
211.1	0.2491E-13
219.2	0.2658E-13
227.5	0.2835E-13
236.2	0.3024E-13
245.2	0.3225E-13
254.5	0.3438E-13
264.2	0.3665E-13
274.3	0.3907E-13
284.7	0.4163E-13
295.6	0.4436E-13
306.8	0.4725E-13
318.5	0.5032E-13
330.6	0.5358E-13
343.2	0.5704E-13
356.3	0.6070E-13
369.9	0.6459E-13
384.0	0.6871E-13
398.6	0.7306E-13
413.8	0.7768E-13
429.5	0.8256E-13
445.9	0.8773E-13
462.9	0.9319E-13
480.5	0.9895E-13
498.8	0.1050E-12
517.8	0.1115E-12
537.5	0.1183E-12
558.0	0.1254E-12
579.2	0.1330E-12
601.3	0.1409E-12
624.2	0.1493E-12
648.0	0.1581E-12
672.6	0.1674E-12
698.3	0.1772E-12
724.9	0.1875E-12
752.5	0.1983E-12
781.1	0.2096E-12
810.9	0.2214E-12
841.8	0.2339E-12
873.8	0.2470E-12
907.1	0.2607E-12
941.6	0.2751E-12
977.5	0.2902E-12
1015.	0.3060E-12
1053.	0.3225E-12
1094.	0.3398E-12
1135.	0.3578E-12
1178.	0.3767E-12
1223.	0.3964E-12
1270.	0.4170E-12
1318.	0.4385E-12
1368.	0.4610E-12
1421.	0.4844E-12
1475.	0.5088E-12
1531.	0.5342E-12
1589.	0.5605E-12
1650.	0.5881E-12
1712.	0.6167E-12
1778.	0.6464E-12
1845.	0.6775E-12
1916.	0.7096E-12
1989.	0.7429E-12
2064.	0.7775E-12
2143.	0.8133E-12
2225.	0.8504E-12
2309.	0.8889E-12
2397.	0.9287E-12
2489.	0.9698E-12
2583.	0.1012E-11
2682.	0.1056E-11
2784.	0.1102E-11
2890.	0.1149E-11
3000.	0.1197E-11
 
 
E/N (Td)	Growth power /N (eV m3/s)
0.1000E-02	0.000
0.1038E-02	0.000
0.1078E-02	0.000
0.1119E-02	0.000
0.1161E-02	0.000
0.1205E-02	0.000
0.1251E-02	0.000
0.1299E-02	0.000
0.1349E-02	0.000
0.1400E-02	0.000
0.1453E-02	0.000
0.1509E-02	0.000
0.1566E-02	0.000
0.1626E-02	0.000
0.1688E-02	0.000
0.1752E-02	0.000
0.1819E-02	0.000
0.1888E-02	0.000
0.1960E-02	0.000
0.2034E-02	0.000
0.2112E-02	0.000
0.2192E-02	0.000
0.2276E-02	0.000
0.2362E-02	0.000
0.2452E-02	0.000
0.2546E-02	0.000
0.2643E-02	0.000
0.2743E-02	0.000
0.2848E-02	0.000
0.2956E-02	0.000
0.3069E-02	0.000
0.3186E-02	0.000
0.3307E-02	0.000
0.3433E-02	0.000
0.3564E-02	0.000
0.3700E-02	0.000
0.3841E-02	0.000
0.3987E-02	0.000
0.4139E-02	0.000
0.4296E-02	0.000
0.4460E-02	0.000
0.4630E-02	0.000
0.4806E-02	0.000
0.4989E-02	0.000
0.5179E-02	0.000
0.5377E-02	0.000
0.5581E-02	0.000
0.5794E-02	0.000
0.6015E-02	0.000
0.6244E-02	0.000
0.6481E-02	0.000
0.6728E-02	0.000
0.6985E-02	0.000
0.7251E-02	0.000
0.7527E-02	0.000
0.7813E-02	0.000
0.8111E-02	0.000
0.8420E-02	0.000
0.8741E-02	0.000
0.9073E-02	0.000
0.9419E-02	0.000
0.9778E-02	0.000
0.1015E-01	0.000
0.1054E-01	0.000
0.1094E-01	0.000
0.1135E-01	0.000
0.1179E-01	0.000
0.1224E-01	0.000
0.1270E-01	0.000
0.1319E-01	0.000
0.1369E-01	0.000
0.1421E-01	0.000
0.1475E-01	0.000
0.1531E-01	0.000
0.1590E-01	0.000
0.1650E-01	0.000
0.1713E-01	0.000
0.1778E-01	0.000
0.1846E-01	0.000
0.1916E-01	0.000
0.1989E-01	0.000
0.2065E-01	0.000
0.2144E-01	0.000
0.2225E-01	0.000
0.2310E-01	0.000
0.2398E-01	0.000
0.2489E-01	0.000
0.2584E-01	0.000
0.2682E-01	0.000
0.2785E-01	0.000
0.2891E-01	0.000
0.3001E-01	0.000
0.3115E-01	0.000
0.3234E-01	0.000
0.3357E-01	0.000
0.3485E-01	0.000
0.3617E-01	0.000
0.3755E-01	0.000
0.3898E-01	0.000
0.4047E-01	0.000
0.4201E-01	0.000
0.4361E-01	0.000
0.4527E-01	0.000
0.4699E-01	0.000
0.4878E-01	0.000
0.5064E-01	0.000
0.5257E-01	0.000
0.5457E-01	0.000
0.5665E-01	0.000
0.5881E-01	0.000
0.6105E-01	0.000
0.6337E-01	0.000
0.6579E-01	0.000
0.6829E-01	0.000
0.7089E-01	0.000
0.7359E-01	0.000
0.7640E-01	0.000
0.7931E-01	0.000
0.8233E-01	0.000
0.8546E-01	0.000
0.8872E-01	0.000
0.9210E-01	0.000
0.9560E-01	0.000
0.9924E-01	0.000
0.1030	0.000
0.1069	0.000
0.1110	0.000
0.1152	0.000
0.1196	0.000
0.1242	0.000
0.1289	0.000
0.1338	0.000
0.1389	0.000
0.1442	0.000
0.1497	0.000
0.1554	0.000
0.1613	0.000
0.1675	0.000
0.1739	0.000
0.1805	0.000
0.1874	0.000
0.1945	0.000
0.2019	0.000
0.2096	0.000
0.2176	0.000
0.2259	0.000
0.2345	0.000
0.2434	0.000
0.2527	0.000
0.2623	0.000
0.2723	0.000
0.2826	0.000
0.2934	0.000
0.3046	0.000
0.3162	0.000
0.3282	0.000
0.3407	0.000
0.3537	0.000
0.3672	0.000
0.3812	0.000
0.3957	0.000
0.4107	0.000
0.4264	0.000
0.4426	0.000
0.4595	0.000
0.4770	0.000
0.4952	0.000
0.5140	0.000
0.5336	0.000
0.5539	0.000
0.5750	0.000
0.5969	0.000
0.6196	0.000
0.6432	0.000
0.6677	0.000
0.6932	0.000
0.7196	0.000
0.7470	0.000
0.7754	0.000
0.8050	0.000
0.8356	0.000
0.8674	0.000
0.9005	0.000
0.9348	0.000
0.9704	0.000
1.007	0.000
1.046	0.000
1.086	0.000
1.127	0.000
1.170	0.000
1.214	0.000
1.261	0.000
1.309	0.000
1.358	0.000
1.410	0.000
1.464	0.000
1.520	0.000
1.578	0.000
1.638	0.000
1.700	0.000
1.765	0.000
1.832	0.000
1.902	0.000
1.974	0.000
2.049	0.000
2.127	0.000
2.208	0.000
2.293	0.000
2.380	0.000
2.470	0.000
2.565	0.000
2.662	0.000
2.764	0.000
2.869	0.000
2.978	0.000
3.092	0.000
3.209	0.000
3.332	0.000
3.458	0.000
3.590	0.000
3.727	0.000
3.869	0.000
4.016	0.000
4.169	0.000
4.328	0.000
4.493	0.000
4.664	0.000
4.841	0.000
5.026	0.000
5.217	0.000
5.416	0.000
5.622	0.000
5.836	0.000
6.059	0.000
6.289	0.000
6.529	0.000
6.778	0.000
7.036	0.000
7.304	0.000
7.582	0.000
7.871	0.000
8.170	0.000
8.482	0.000
8.805	0.000
9.140	0.000
9.488	0.000
9.849	0.000
10.22	0.000
10.61	0.000
11.02	0.000
11.44	0.000
11.87	0.000
12.33	0.000
12.80	0.000
13.28	0.000
13.79	-0.8856E-30
14.31	-0.3360E-29
14.86	-0.1193E-28
15.42	-0.3972E-28
16.01	-0.1244E-27
16.62	-0.3670E-27
17.25	-0.1023E-26
17.91	-0.2918E-26
18.59	-0.7411E-26
19.30	-0.1793E-25
20.04	-0.4142E-25
20.80	-0.9154E-25
21.59	-0.1940E-24
22.42	-0.3954E-24
23.27	-0.7747E-24
24.16	-0.1464E-23
25.08	-0.2675E-23
26.03	-0.4735E-23
27.02	-0.8133E-23
28.05	-0.1361E-22
29.12	-0.2214E-22
30.23	-0.3518E-22
31.38	-0.5465E-22
32.57	-0.8315E-22
33.82	-0.1241E-21
35.10	-0.1819E-21
36.44	-0.2621E-21
37.83	-0.3722E-21
39.27	-0.5206E-21
40.76	-0.7182E-21
42.32	-0.9784E-21
43.93	-0.1317E-20
45.60	-0.1753E-20
47.34	-0.2308E-20
49.14	-0.3007E-20
51.01	-0.3880E-20
52.96	-0.4957E-20
54.97	-0.6269E-20
57.07	-0.7850E-20
59.24	-0.9725E-20
61.50	-0.1191E-19
63.84	-0.1440E-19
66.27	-0.1716E-19
68.79	-0.2008E-19
71.41	-0.2298E-19
74.13	-0.2553E-19
76.96	-0.2720E-19
79.89	-0.2719E-19
82.93	-0.2426E-19
86.09	-0.1661E-19
89.37	-0.1642E-20
92.77	0.2440E-19
96.31	0.6651E-19
99.97	0.1318E-18
103.8	0.2298E-18
107.7	0.3735E-18
111.8	0.5799E-18
116.1	0.8716E-18
120.5	0.1278E-17
125.1	0.1837E-17
129.9	0.2597E-17
134.8	0.3619E-17
140.0	0.4982E-17
145.3	0.6782E-17
150.8	0.9141E-17
156.6	0.1221E-16
162.5	0.1616E-16
168.7	0.2123E-16
175.1	0.2767E-16
181.8	0.3582E-16
188.7	0.4605E-16
195.9	0.5883E-16
203.4	0.7470E-16
211.1	0.9431E-16
219.2	0.1184E-15
227.5	0.1478E-15
236.2	0.1836E-15
245.2	0.2270E-15
254.5	0.2793E-15
264.2	0.3420E-15
274.3	0.4171E-15
284.7	0.5065E-15
295.6	0.6126E-15
306.8	0.7380E-15
318.5	0.8857E-15
330.6	0.1059E-14
343.2	0.1262E-14
356.3	0.1499E-14
369.9	0.1775E-14
384.0	0.2095E-14
398.6	0.2464E-14
413.8	0.2891E-14
429.5	0.3382E-14
445.9	0.3946E-14
462.9	0.4592E-14
480.5	0.5330E-14
498.8	0.6171E-14
517.8	0.7128E-14
537.5	0.8213E-14
558.0	0.9443E-14
579.2	0.1083E-13
601.3	0.1240E-13
624.2	0.1417E-13
648.0	0.1615E-13
672.6	0.1839E-13
698.3	0.2088E-13
724.9	0.2367E-13
752.5	0.2679E-13
781.1	0.3026E-13
810.9	0.3411E-13
841.8	0.3840E-13
873.8	0.4316E-13
907.1	0.4844E-13
941.6	0.5428E-13
977.5	0.6075E-13
1015.	0.6787E-13
1053.	0.7573E-13
1094.	0.8438E-13
1135.	0.9390E-13
1178.	0.1043E-12
1223.	0.1158E-12
1270.	0.1284E-12
1318.	0.1422E-12
1368.	0.1573E-12
1421.	0.1738E-12
1475.	0.1919E-12
1531.	0.2115E-12
1589.	0.2329E-12
1650.	0.2563E-12
1712.	0.2818E-12
1778.	0.3095E-12
1845.	0.3397E-12
1916.	0.3725E-12
1989.	0.4080E-12
2064.	0.4465E-12
2143.	0.4883E-12
2225.	0.5335E-12
2309.	0.5826E-12
2397.	0.6356E-12
2489.	0.6929E-12
2583.	0.7550E-12
2682.	0.8220E-12
2784.	0.8944E-12
2890.	0.9725E-12
3000.	0.1057E-11
 
 
E/N (Td)	Maximum energy
0.1000E-02	0.7072
0.1038E-02	0.7072
0.1078E-02	0.7072
0.1119E-02	0.7072
0.1161E-02	0.7072
0.1205E-02	0.7072
0.1251E-02	0.7072
0.1299E-02	0.7072
0.1349E-02	0.7072
0.1400E-02	0.7072
0.1453E-02	0.7072
0.1509E-02	0.7072
0.1566E-02	0.7072
0.1626E-02	0.7072
0.1688E-02	0.7072
0.1752E-02	0.7072
0.1819E-02	0.7072
0.1888E-02	0.7072
0.1960E-02	0.7072
0.2034E-02	0.7072
0.2112E-02	0.7072
0.2192E-02	0.7072
0.2276E-02	0.7072
0.2362E-02	0.7072
0.2452E-02	0.7072
0.2546E-02	0.7072
0.2643E-02	0.7072
0.2743E-02	0.7072
0.2848E-02	0.7072
0.2956E-02	0.7072
0.3069E-02	0.7072
0.3186E-02	0.7072
0.3307E-02	0.7072
0.3433E-02	0.7072
0.3564E-02	0.7072
0.3700E-02	0.7072
0.3841E-02	0.7072
0.3987E-02	0.7072
0.4139E-02	0.7072
0.4296E-02	0.7072
0.4460E-02	0.7072
0.4630E-02	0.7072
0.4806E-02	0.7072
0.4989E-02	0.7072
0.5179E-02	0.7072
0.5377E-02	0.7072
0.5581E-02	0.7072
0.5794E-02	0.7072
0.6015E-02	0.7072
0.6244E-02	0.7072
0.6481E-02	0.7072
0.6728E-02	0.7072
0.6985E-02	0.7072
0.7251E-02	0.7072
0.7527E-02	0.7072
0.7813E-02	0.7072
0.8111E-02	0.7072
0.8420E-02	0.7072
0.8741E-02	0.7072
0.9073E-02	0.7072
0.9419E-02	0.7072
0.9778E-02	0.7072
0.1015E-01	0.7072
0.1054E-01	0.7072
0.1094E-01	0.7072
0.1135E-01	0.7072
0.1179E-01	0.7072
0.1224E-01	0.7072
0.1270E-01	0.7072
0.1319E-01	0.7072
0.1369E-01	0.7072
0.1421E-01	0.7072
0.1475E-01	0.7072
0.1531E-01	0.7072
0.1590E-01	0.7072
0.1650E-01	0.7072
0.1713E-01	0.7072
0.1778E-01	0.7072
0.1846E-01	0.7072
0.1916E-01	0.7072
0.1989E-01	0.7072
0.2065E-01	0.7072
0.2144E-01	0.7072
0.2225E-01	0.7072
0.2310E-01	0.7072
0.2398E-01	0.7072
0.2489E-01	0.7072
0.2584E-01	0.7072
0.2682E-01	0.7072
0.2785E-01	0.7072
0.2891E-01	0.7072
0.3001E-01	0.7072
0.3115E-01	0.7072
0.3234E-01	0.7072
0.3357E-01	0.7072
0.3485E-01	0.7072
0.3617E-01	0.7072
0.3755E-01	0.7072
0.3898E-01	0.7072
0.4047E-01	0.7072
0.4201E-01	0.7072
0.4361E-01	0.7072
0.4527E-01	0.7072
0.4699E-01	0.7072
0.4878E-01	0.7072
0.5064E-01	0.7072
0.5257E-01	0.7072
0.5457E-01	0.7072
0.5665E-01	0.7072
0.5881E-01	0.7072
0.6105E-01	0.7072
0.6337E-01	0.7072
0.6579E-01	0.7072
0.6829E-01	0.7072
0.7089E-01	0.7072
0.7359E-01	0.7072
0.7640E-01	0.7072
0.7931E-01	0.7072
0.8233E-01	0.7072
0.8546E-01	0.7072
0.8872E-01	0.7072
0.9210E-01	0.7072
0.9560E-01	0.7072
0.9924E-01	0.7072
0.1030	0.7072
0.1069	0.7072
0.1110	0.7072
0.1152	0.7072
0.1196	0.7072
0.1242	0.7072
0.1289	0.7072
0.1338	0.7072
0.1389	0.7072
0.1442	0.7072
0.1497	0.7072
0.1554	0.7072
0.1613	0.7072
0.1675	0.7072
0.1739	0.7072
0.1805	0.7072
0.1874	0.7072
0.1945	0.7072
0.2019	0.7072
0.2096	0.7072
0.2176	0.7072
0.2259	0.7072
0.2345	0.7072
0.2434	0.7072
0.2527	0.7072
0.2623	0.7072
0.2723	0.7072
0.2826	0.7072
0.2934	0.7072
0.3046	0.7072
0.3162	0.7072
0.3282	0.7072
0.3407	0.7072
0.3537	0.7072
0.3672	0.7072
0.3812	0.7072
0.3957	0.7072
0.4107	0.7072
0.4264	0.7072
0.4426	0.7072
0.4595	0.7072
0.4770	0.7072
0.4952	0.7072
0.5140	0.7072
0.5336	0.7072
0.5539	0.7072
0.5750	0.7072
0.5969	0.7072
0.6196	0.7072
0.6432	0.7072
0.6677	0.7072
0.6932	0.7072
0.7196	0.7072
0.7470	0.7072
0.7754	0.7072
0.8050	0.7072
0.8356	0.7072
0.8674	0.7072
0.9005	0.7072
0.9348	0.7072
0.9704	0.7072
1.007	0.7072
1.046	0.7072
1.086	0.7072
1.127	0.7072
1.170	0.7072
1.214	0.7072
1.261	0.7072
1.309	0.7072
1.358	0.7072
1.410	0.7072
1.464	0.7072
1.520	0.7072
1.578	0.7072
1.638	0.8423
1.700	0.8423
1.765	0.8423
1.832	0.8423
1.902	0.8423
1.974	0.8423
2.049	0.8423
2.127	0.8423
2.208	0.8423
2.293	0.8423
2.380	0.8423
2.470	1.003
2.565	1.003
2.662	1.003
2.764	1.003
2.869	1.003
2.978	1.003
3.092	1.003
3.209	1.003
3.332	1.195
3.458	1.195
3.590	1.195
3.727	1.195
3.869	1.195
4.016	1.423
4.169	1.423
4.328	1.423
4.493	1.423
4.664	1.423
4.841	1.695
5.026	1.695
5.217	1.695
5.416	1.695
5.622	1.695
5.836	2.019
6.059	2.019
6.289	2.019
6.529	2.019
6.778	2.404
7.036	2.404
7.304	2.404
7.582	2.404
7.871	2.863
8.170	2.863
8.482	2.863
8.805	2.863
9.140	3.410
9.488	3.410
9.849	3.410
10.22	4.062
10.61	4.062
11.02	4.062
11.44	4.837
11.87	4.837
12.33	4.837
12.80	4.837
13.28	4.837
13.79	5.761
14.31	5.761
14.86	5.761
15.42	5.761
16.01	5.761
16.62	5.761
17.25	5.761
17.91	6.862
18.59	6.862
19.30	6.862
20.04	6.862
20.80	6.862
21.59	6.862
22.42	8.172
23.27	8.172
24.16	8.172
25.08	8.172
26.03	8.172
27.02	8.172
28.05	9.733
29.12	9.733
30.23	9.733
31.38	9.733
32.57	9.733
33.82	9.733
35.10	9.733
36.44	9.733
37.83	11.59
39.27	11.59
40.76	11.59
42.32	11.59
43.93	11.59
45.60	11.59
47.34	11.59
49.14	11.59
51.01	11.59
52.96	13.79
54.97	13.79
57.07	13.79
59.24	13.79
61.50	13.79
63.84	13.79
66.27	13.79
68.79	16.39
71.41	16.39
74.13	16.39
76.96	16.39
79.89	16.39
82.93	16.39
86.09	16.39
89.37	16.39
92.77	19.47
96.31	19.47
99.97	19.47
103.8	19.47
107.7	19.47
111.8	19.47
116.1	19.47
120.5	23.10
125.1	23.10
129.9	23.10
134.8	23.10
140.0	23.10
145.3	23.10
150.8	23.10
156.6	23.10
162.5	27.39
168.7	27.39
175.1	27.39
181.8	27.39
188.7	27.39
195.9	27.39
203.4	27.39
211.1	32.47
219.2	32.47
227.5	32.47
236.2	32.47
245.2	32.47
254.5	32.47
264.2	32.47
274.3	38.47
284.7	38.47
295.6	38.47
306.8	38.47
318.5	38.47
330.6	38.47
343.2	45.57
356.3	45.57
369.9	45.57
384.0	45.57
398.6	45.57
413.8	45.57
429.5	53.95
445.9	53.95
462.9	53.95
480.5	53.95
498.8	53.95
517.8	53.95
537.5	63.87
558.0	63.87
579.2	63.87
601.3	63.87
624.2	63.87
648.0	63.87
672.6	75.59
698.3	75.59
724.9	75.59
752.5	75.59
781.1	75.59
810.9	89.44
841.8	89.44
873.8	89.44
907.1	89.44
941.6	89.44
977.5	105.8
1015.	105.8
1053.	105.8
1094.	105.8
1135.	105.8
1178.	125.2
1223.	125.2
1270.	125.2
1318.	125.2
1368.	148.0
1421.	148.0
1475.	148.0
1531.	148.0
1589.	175.1
1650.	175.1
1712.	175.1
1778.	175.1
1845.	207.1
1916.	207.1
1989.	207.1
2064.	207.1
2143.	244.8
2225.	244.8
2309.	244.8
2397.	244.8
2489.	289.5
2583.	289.5
2682.	289.5
2784.	342.3
2890.	342.3
3000.	342.3
 
 
E/N (Td)	# of iterations
0.1000E-02	34.00
0.1038E-02	14.00
0.1078E-02	14.00
0.1119E-02	14.00
0.1161E-02	14.00
0.1205E-02	14.00
0.1251E-02	14.00
0.1299E-02	14.00
0.1349E-02	14.00
0.1400E-02	14.00
0.1453E-02	14.00
0.1509E-02	14.00
0.1566E-02	14.00
0.1626E-02	14.00
0.1688E-02	14.00
0.1752E-02	14.00
0.1819E-02	14.00
0.1888E-02	14.00
0.1960E-02	14.00
0.2034E-02	14.00
0.2112E-02	14.00
0.2192E-02	14.00
0.2276E-02	14.00
0.2362E-02	14.00
0.2452E-02	14.00
0.2546E-02	14.00
0.2643E-02	14.00
0.2743E-02	14.00
0.2848E-02	14.00
0.2956E-02	14.00
0.3069E-02	14.00
0.3186E-02	14.00
0.3307E-02	14.00
0.3433E-02	14.00
0.3564E-02	14.00
0.3700E-02	14.00
0.3841E-02	14.00
0.3987E-02	14.00
0.4139E-02	14.00
0.4296E-02	14.00
0.4460E-02	14.00
0.4630E-02	14.00
0.4806E-02	14.00
0.4989E-02	14.00
0.5179E-02	14.00
0.5377E-02	14.00
0.5581E-02	14.00
0.5794E-02	14.00
0.6015E-02	14.00
0.6244E-02	14.00
0.6481E-02	14.00
0.6728E-02	14.00
0.6985E-02	14.00
0.7251E-02	14.00
0.7527E-02	14.00
0.7813E-02	14.00
0.8111E-02	14.00
0.8420E-02	14.00
0.8741E-02	14.00
0.9073E-02	14.00
0.9419E-02	14.00
0.9778E-02	14.00
0.1015E-01	14.00
0.1054E-01	14.00
0.1094E-01	14.00
0.1135E-01	14.00
0.1179E-01	14.00
0.1224E-01	14.00
0.1270E-01	14.00
0.1319E-01	14.00
0.1369E-01	14.00
0.1421E-01	14.00
0.1475E-01	14.00
0.1531E-01	14.00
0.1590E-01	14.00
0.1650E-01	14.00
0.1713E-01	14.00
0.1778E-01	14.00
0.1846E-01	14.00
0.1916E-01	14.00
0.1989E-01	14.00
0.2065E-01	14.00
0.2144E-01	14.00
0.2225E-01	14.00
0.2310E-01	14.00
0.2398E-01	14.00
0.2489E-01	14.00
0.2584E-01	14.00
0.2682E-01	14.00
0.2785E-01	13.00
0.2891E-01	13.00
0.3001E-01	13.00
0.3115E-01	13.00
0.3234E-01	13.00
0.3357E-01	13.00
0.3485E-01	13.00
0.3617E-01	13.00
0.3755E-01	13.00
0.3898E-01	13.00
0.4047E-01	13.00
0.4201E-01	13.00
0.4361E-01	13.00
0.4527E-01	12.00
0.4699E-01	12.00
0.4878E-01	12.00
0.5064E-01	12.00
0.5257E-01	12.00
0.5457E-01	12.00
0.5665E-01	12.00
0.5881E-01	11.00
0.6105E-01	11.00
0.6337E-01	11.00
0.6579E-01	11.00
0.6829E-01	11.00
0.7089E-01	10.00
0.7359E-01	10.00
0.7640E-01	10.00
0.7931E-01	10.00
0.8233E-01	10.00
0.8546E-01	9.000
0.8872E-01	9.000
0.9210E-01	9.000
0.9560E-01	9.000
0.9924E-01	9.000
0.1030	9.000
0.1069	8.000
0.1110	8.000
0.1152	8.000
0.1196	8.000
0.1242	8.000
0.1289	8.000
0.1338	7.000
0.1389	7.000
0.1442	7.000
0.1497	7.000
0.1554	7.000
0.1613	7.000
0.1675	7.000
0.1739	6.000
0.1805	6.000
0.1874	6.000
0.1945	6.000
0.2019	6.000
0.2096	6.000
0.2176	6.000
0.2259	6.000
0.2345	6.000
0.2434	6.000
0.2527	5.000
0.2623	5.000
0.2723	5.000
0.2826	5.000
0.2934	5.000
0.3046	5.000
0.3162	5.000
0.3282	5.000
0.3407	5.000
0.3537	5.000
0.3672	5.000
0.3812	5.000
0.3957	5.000
0.4107	5.000
0.4264	5.000
0.4426	5.000
0.4595	5.000
0.4770	4.000
0.4952	4.000
0.5140	4.000
0.5336	4.000
0.5539	4.000
0.5750	4.000
0.5969	4.000
0.6196	4.000
0.6432	4.000
0.6677	4.000
0.6932	4.000
0.7196	4.000
0.7470	4.000
0.7754	4.000
0.8050	4.000
0.8356	4.000
0.8674	4.000
0.9005	4.000
0.9348	4.000
0.9704	4.000
1.007	4.000
1.046	4.000
1.086	4.000
1.127	4.000
1.170	4.000
1.214	4.000
1.261	4.000
1.309	4.000
1.358	4.000
1.410	4.000
1.464	4.000
1.520	4.000
1.578	4.000
1.638	8.000
1.700	4.000
1.765	4.000
1.832	4.000
1.902	4.000
1.974	4.000
2.049	4.000
2.127	4.000
2.208	4.000
2.293	4.000
2.380	4.000
2.470	8.000
2.565	4.000
2.662	4.000
2.764	4.000
2.869	4.000
2.978	4.000
3.092	4.000
3.209	4.000
3.332	8.000
3.458	4.000
3.590	4.000
3.727	4.000
3.869	4.000
4.016	8.000
4.169	4.000
4.328	4.000
4.493	4.000
4.664	4.000
4.841	8.000
5.026	4.000
5.217	4.000
5.416	4.000
5.622	4.000
5.836	8.000
6.059	4.000
6.289	4.000
6.529	4.000
6.778	8.000
7.036	4.000
7.304	4.000
7.582	4.000
7.871	8.000
8.170	4.000
8.482	4.000
8.805	4.000
9.140	8.000
9.488	4.000
9.849	4.000
10.22	8.000
10.61	4.000
11.02	4.000
11.44	8.000
11.87	4.000
12.33	4.000
12.80	4.000
13.28	4.000
13.79	8.000
14.31	4.000
14.86	4.000
15.42	4.000
16.01	4.000
16.62	4.000
17.25	4.000
17.91	8.000
18.59	4.000
19.30	4.000
20.04	4.000
20.80	4.000
21.59	4.000
22.42	8.000
23.27	4.000
24.16	4.000
25.08	4.000
26.03	4.000
27.02	4.000
28.05	8.000
29.12	4.000
30.23	4.000
31.38	4.000
32.57	4.000
33.82	4.000
35.10	4.000
36.44	4.000
37.83	8.000
39.27	4.000
40.76	4.000
42.32	4.000
43.93	4.000
45.60	4.000
47.34	4.000
49.14	4.000
51.01	4.000
52.96	8.000
54.97	4.000
57.07	4.000
59.24	4.000
61.50	4.000
63.84	4.000
66.27	4.000
68.79	8.000
71.41	4.000
74.13	4.000
76.96	4.000
79.89	4.000
82.93	4.000
86.09	4.000
89.37	4.000
92.77	8.000
96.31	4.000
99.97	4.000
103.8	4.000
107.7	4.000
111.8	4.000
116.1	4.000
120.5	8.000
125.1	4.000
129.9	4.000
134.8	4.000
140.0	4.000
145.3	4.000
150.8	4.000
156.6	4.000
162.5	8.000
168.7	4.000
175.1	4.000
181.8	4.000
188.7	4.000
195.9	4.000
203.4	4.000
211.1	8.000
219.2	4.000
227.5	4.000
236.2	4.000
245.2	4.000
254.5	4.000
264.2	4.000
274.3	8.000
284.7	4.000
295.6	4.000
306.8	4.000
318.5	5.000
330.6	5.000
343.2	10.00
356.3	5.000
369.9	5.000
384.0	5.000
398.6	5.000
413.8	5.000
429.5	10.00
445.9	5.000
462.9	5.000
480.5	5.000
498.8	5.000
517.8	5.000
537.5	10.00
558.0	5.000
579.2	5.000
601.3	5.000
624.2	6.000
648.0	6.000
672.6	12.00
698.3	6.000
724.9	6.000
752.5	6.000
781.1	6.000
810.9	12.00
841.8	6.000
873.8	6.000
907.1	6.000
941.6	6.000
977.5	12.00
1015.	6.000
1053.	6.000
1094.	6.000
1135.	6.000
1178.	12.00
1223.	6.000
1270.	6.000
1318.	6.000
1368.	12.00
1421.	6.000
1475.	6.000
1531.	6.000
1589.	12.00
1650.	6.000
1712.	6.000
1778.	6.000
1845.	13.00
1916.	7.000
1989.	7.000
2064.	7.000
2143.	13.00
2225.	7.000
2309.	7.000
2397.	7.000
2489.	14.00
2583.	7.000
2682.	7.000
2784.	13.00
2890.	6.000
3000.	6.000
 
 
E/N (Td)	# of grid trials
0.1000E-02	3.000
0.1038E-02	1.000
0.1078E-02	1.000
0.1119E-02	1.000
0.1161E-02	1.000
0.1205E-02	1.000
0.1251E-02	1.000
0.1299E-02	1.000
0.1349E-02	1.000
0.1400E-02	1.000
0.1453E-02	1.000
0.1509E-02	1.000
0.1566E-02	1.000
0.1626E-02	1.000
0.1688E-02	1.000
0.1752E-02	1.000
0.1819E-02	1.000
0.1888E-02	1.000
0.1960E-02	1.000
0.2034E-02	1.000
0.2112E-02	1.000
0.2192E-02	1.000
0.2276E-02	1.000
0.2362E-02	1.000
0.2452E-02	1.000
0.2546E-02	1.000
0.2643E-02	1.000
0.2743E-02	1.000
0.2848E-02	1.000
0.2956E-02	1.000
0.3069E-02	1.000
0.3186E-02	1.000
0.3307E-02	1.000
0.3433E-02	1.000
0.3564E-02	1.000
0.3700E-02	1.000
0.3841E-02	1.000
0.3987E-02	1.000
0.4139E-02	1.000
0.4296E-02	1.000
0.4460E-02	1.000
0.4630E-02	1.000
0.4806E-02	1.000
0.4989E-02	1.000
0.5179E-02	1.000
0.5377E-02	1.000
0.5581E-02	1.000
0.5794E-02	1.000
0.6015E-02	1.000
0.6244E-02	1.000
0.6481E-02	1.000
0.6728E-02	1.000
0.6985E-02	1.000
0.7251E-02	1.000
0.7527E-02	1.000
0.7813E-02	1.000
0.8111E-02	1.000
0.8420E-02	1.000
0.8741E-02	1.000
0.9073E-02	1.000
0.9419E-02	1.000
0.9778E-02	1.000
0.1015E-01	1.000
0.1054E-01	1.000
0.1094E-01	1.000
0.1135E-01	1.000
0.1179E-01	1.000
0.1224E-01	1.000
0.1270E-01	1.000
0.1319E-01	1.000
0.1369E-01	1.000
0.1421E-01	1.000
0.1475E-01	1.000
0.1531E-01	1.000
0.1590E-01	1.000
0.1650E-01	1.000
0.1713E-01	1.000
0.1778E-01	1.000
0.1846E-01	1.000
0.1916E-01	1.000
0.1989E-01	1.000
0.2065E-01	1.000
0.2144E-01	1.000
0.2225E-01	1.000
0.2310E-01	1.000
0.2398E-01	1.000
0.2489E-01	1.000
0.2584E-01	1.000
0.2682E-01	1.000
0.2785E-01	1.000
0.2891E-01	1.000
0.3001E-01	1.000
0.3115E-01	1.000
0.3234E-01	1.000
0.3357E-01	1.000
0.3485E-01	1.000
0.3617E-01	1.000
0.3755E-01	1.000
0.3898E-01	1.000
0.4047E-01	1.000
0.4201E-01	1.000
0.4361E-01	1.000
0.4527E-01	1.000
0.4699E-01	1.000
0.4878E-01	1.000
0.5064E-01	1.000
0.5257E-01	1.000
0.5457E-01	1.000
0.5665E-01	1.000
0.5881E-01	1.000
0.6105E-01	1.000
0.6337E-01	1.000
0.6579E-01	1.000
0.6829E-01	1.000
0.7089E-01	1.000
0.7359E-01	1.000
0.7640E-01	1.000
0.7931E-01	1.000
0.8233E-01	1.000
0.8546E-01	1.000
0.8872E-01	1.000
0.9210E-01	1.000
0.9560E-01	1.000
0.9924E-01	1.000
0.1030	1.000
0.1069	1.000
0.1110	1.000
0.1152	1.000
0.1196	1.000
0.1242	1.000
0.1289	1.000
0.1338	1.000
0.1389	1.000
0.1442	1.000
0.1497	1.000
0.1554	1.000
0.1613	1.000
0.1675	1.000
0.1739	1.000
0.1805	1.000
0.1874	1.000
0.1945	1.000
0.2019	1.000
0.2096	1.000
0.2176	1.000
0.2259	1.000
0.2345	1.000
0.2434	1.000
0.2527	1.000
0.2623	1.000
0.2723	1.000
0.2826	1.000
0.2934	1.000
0.3046	1.000
0.3162	1.000
0.3282	1.000
0.3407	1.000
0.3537	1.000
0.3672	1.000
0.3812	1.000
0.3957	1.000
0.4107	1.000
0.4264	1.000
0.4426	1.000
0.4595	1.000
0.4770	1.000
0.4952	1.000
0.5140	1.000
0.5336	1.000
0.5539	1.000
0.5750	1.000
0.5969	1.000
0.6196	1.000
0.6432	1.000
0.6677	1.000
0.6932	1.000
0.7196	1.000
0.7470	1.000
0.7754	1.000
0.8050	1.000
0.8356	1.000
0.8674	1.000
0.9005	1.000
0.9348	1.000
0.9704	1.000
1.007	1.000
1.046	1.000
1.086	1.000
1.127	1.000
1.170	1.000
1.214	1.000
1.261	1.000
1.309	1.000
1.358	1.000
1.410	1.000
1.464	1.000
1.520	1.000
1.578	1.000
1.638	2.000
1.700	1.000
1.765	1.000
1.832	1.000
1.902	1.000
1.974	1.000
2.049	1.000
2.127	1.000
2.208	1.000
2.293	1.000
2.380	1.000
2.470	2.000
2.565	1.000
2.662	1.000
2.764	1.000
2.869	1.000
2.978	1.000
3.092	1.000
3.209	1.000
3.332	2.000
3.458	1.000
3.590	1.000
3.727	1.000
3.869	1.000
4.016	2.000
4.169	1.000
4.328	1.000
4.493	1.000
4.664	1.000
4.841	2.000
5.026	1.000
5.217	1.000
5.416	1.000
5.622	1.000
5.836	2.000
6.059	1.000
6.289	1.000
6.529	1.000
6.778	2.000
7.036	1.000
7.304	1.000
7.582	1.000
7.871	2.000
8.170	1.000
8.482	1.000
8.805	1.000
9.140	2.000
9.488	1.000
9.849	1.000
10.22	2.000
10.61	1.000
11.02	1.000
11.44	2.000
11.87	1.000
12.33	1.000
12.80	1.000
13.28	1.000
13.79	2.000
14.31	1.000
14.86	1.000
15.42	1.000
16.01	1.000
16.62	1.000
17.25	1.000
17.91	2.000
18.59	1.000
19.30	1.000
20.04	1.000
20.80	1.000
21.59	1.000
22.42	2.000
23.27	1.000
24.16	1.000
25.08	1.000
26.03	1.000
27.02	1.000
28.05	2.000
29.12	1.000
30.23	1.000
31.38	1.000
32.57	1.000
33.82	1.000
35.10	1.000
36.44	1.000
37.83	2.000
39.27	1.000
40.76	1.000
42.32	1.000
43.93	1.000
45.60	1.000
47.34	1.000
49.14	1.000
51.01	1.000
52.96	2.000
54.97	1.000
57.07	1.000
59.24	1.000
61.50	1.000
63.84	1.000
66.27	1.000
68.79	2.000
71.41	1.000
74.13	1.000
76.96	1.000
79.89	1.000
82.93	1.000
86.09	1.000
89.37	1.000
92.77	2.000
96.31	1.000
99.97	1.000
103.8	1.000
107.7	1.000
111.8	1.000
116.1	1.000
120.5	2.000
125.1	1.000
129.9	1.000
134.8	1.000
140.0	1.000
145.3	1.000
150.8	1.000
156.6	1.000
162.5	2.000
168.7	1.000
175.1	1.000
181.8	1.000
188.7	1.000
195.9	1.000
203.4	1.000
211.1	2.000
219.2	1.000
227.5	1.000
236.2	1.000
245.2	1.000
254.5	1.000
264.2	1.000
274.3	2.000
284.7	1.000
295.6	1.000
306.8	1.000
318.5	1.000
330.6	1.000
343.2	2.000
356.3	1.000
369.9	1.000
384.0	1.000
398.6	1.000
413.8	1.000
429.5	2.000
445.9	1.000
462.9	1.000
480.5	1.000
498.8	1.000
517.8	1.000
537.5	2.000
558.0	1.000
579.2	1.000
601.3	1.000
624.2	1.000
648.0	1.000
672.6	2.000
698.3	1.000
724.9	1.000
752.5	1.000
781.1	1.000
810.9	2.000
841.8	1.000
873.8	1.000
907.1	1.000
941.6	1.000
977.5	2.000
1015.	1.000
1053.	1.000
1094.	1.000
1135.	1.000
1178.	2.000
1223.	1.000
1270.	1.000
1318.	1.000
1368.	2.000
1421.	1.000
1475.	1.000
1531.	1.000
1589.	2.000
1650.	1.000
1712.	1.000
1778.	1.000
1845.	2.000
1916.	1.000
1989.	1.000
2064.	1.000
2143.	2.000
2225.	1.000
2309.	1.000
2397.	1.000
2489.	2.000
2583.	1.000
2682.	1.000
2784.	2.000
2890.	1.000
3000.	1.000
 
 
C1    C3H6    Attachment                                        
E/N (Td)	Rate coefficient (m3/s)
0.1000E-02	0.000
0.1038E-02	0.000
0.1078E-02	0.000
0.1119E-02	0.000
0.1161E-02	0.000
0.1205E-02	0.000
0.1251E-02	0.000
0.1299E-02	0.000
0.1349E-02	0.000
0.1400E-02	0.000
0.1453E-02	0.000
0.1509E-02	0.000
0.1566E-02	0.000
0.1626E-02	0.000
0.1688E-02	0.000
0.1752E-02	0.000
0.1819E-02	0.000
0.1888E-02	0.000
0.1960E-02	0.000
0.2034E-02	0.000
0.2112E-02	0.000
0.2192E-02	0.000
0.2276E-02	0.000
0.2362E-02	0.000
0.2452E-02	0.000
0.2546E-02	0.000
0.2643E-02	0.000
0.2743E-02	0.000
0.2848E-02	0.000
0.2956E-02	0.000
0.3069E-02	0.000
0.3186E-02	0.000
0.3307E-02	0.000
0.3433E-02	0.000
0.3564E-02	0.000
0.3700E-02	0.000
0.3841E-02	0.000
0.3987E-02	0.000
0.4139E-02	0.000
0.4296E-02	0.000
0.4460E-02	0.000
0.4630E-02	0.000
0.4806E-02	0.000
0.4989E-02	0.000
0.5179E-02	0.000
0.5377E-02	0.000
0.5581E-02	0.000
0.5794E-02	0.000
0.6015E-02	0.000
0.6244E-02	0.000
0.6481E-02	0.000
0.6728E-02	0.000
0.6985E-02	0.000
0.7251E-02	0.000
0.7527E-02	0.000
0.7813E-02	0.000
0.8111E-02	0.000
0.8420E-02	0.000
0.8741E-02	0.000
0.9073E-02	0.000
0.9419E-02	0.000
0.9778E-02	0.000
0.1015E-01	0.000
0.1054E-01	0.000
0.1094E-01	0.000
0.1135E-01	0.000
0.1179E-01	0.000
0.1224E-01	0.000
0.1270E-01	0.000
0.1319E-01	0.000
0.1369E-01	0.000
0.1421E-01	0.000
0.1475E-01	0.000
0.1531E-01	0.000
0.1590E-01	0.000
0.1650E-01	0.000
0.1713E-01	0.000
0.1778E-01	0.000
0.1846E-01	0.000
0.1916E-01	0.000
0.1989E-01	0.000
0.2065E-01	0.000
0.2144E-01	0.000
0.2225E-01	0.000
0.2310E-01	0.000
0.2398E-01	0.000
0.2489E-01	0.000
0.2584E-01	0.000
0.2682E-01	0.000
0.2785E-01	0.000
0.2891E-01	0.000
0.3001E-01	0.000
0.3115E-01	0.000
0.3234E-01	0.000
0.3357E-01	0.000
0.3485E-01	0.000
0.3617E-01	0.000
0.3755E-01	0.000
0.3898E-01	0.000
0.4047E-01	0.000
0.4201E-01	0.000
0.4361E-01	0.000
0.4527E-01	0.000
0.4699E-01	0.000
0.4878E-01	0.000
0.5064E-01	0.000
0.5257E-01	0.000
0.5457E-01	0.000
0.5665E-01	0.000
0.5881E-01	0.000
0.6105E-01	0.000
0.6337E-01	0.000
0.6579E-01	0.000
0.6829E-01	0.000
0.7089E-01	0.000
0.7359E-01	0.000
0.7640E-01	0.000
0.7931E-01	0.000
0.8233E-01	0.000
0.8546E-01	0.000
0.8872E-01	0.000
0.9210E-01	0.000
0.9560E-01	0.000
0.9924E-01	0.000
0.1030	0.000
0.1069	0.000
0.1110	0.000
0.1152	0.000
0.1196	0.000
0.1242	0.000
0.1289	0.000
0.1338	0.000
0.1389	0.000
0.1442	0.000
0.1497	0.000
0.1554	0.000
0.1613	0.000
0.1675	0.000
0.1739	0.000
0.1805	0.000
0.1874	0.000
0.1945	0.000
0.2019	0.000
0.2096	0.000
0.2176	0.000
0.2259	0.000
0.2345	0.000
0.2434	0.000
0.2527	0.000
0.2623	0.000
0.2723	0.000
0.2826	0.000
0.2934	0.000
0.3046	0.000
0.3162	0.000
0.3282	0.000
0.3407	0.000
0.3537	0.000
0.3672	0.000
0.3812	0.000
0.3957	0.000
0.4107	0.000
0.4264	0.000
0.4426	0.000
0.4595	0.000
0.4770	0.000
0.4952	0.000
0.5140	0.000
0.5336	0.000
0.5539	0.000
0.5750	0.000
0.5969	0.000
0.6196	0.000
0.6432	0.000
0.6677	0.000
0.6932	0.000
0.7196	0.000
0.7470	0.000
0.7754	0.000
0.8050	0.000
0.8356	0.000
0.8674	0.000
0.9005	0.000
0.9348	0.000
0.9704	0.000
1.007	0.000
1.046	0.000
1.086	0.000
1.127	0.000
1.170	0.000
1.214	0.000
1.261	0.000
1.309	0.000
1.358	0.000
1.410	0.000
1.464	0.000
1.520	0.000
1.578	0.000
1.638	0.000
1.700	0.000
1.765	0.000
1.832	0.000
1.902	0.000
1.974	0.000
2.049	0.000
2.127	0.000
2.208	0.000
2.293	0.000
2.380	0.000
2.470	0.000
2.565	0.000
2.662	0.000
2.764	0.000
2.869	0.000
2.978	0.000
3.092	0.000
3.209	0.000
3.332	0.000
3.458	0.000
3.590	0.000
3.727	0.000
3.869	0.000
4.016	0.000
4.169	0.000
4.328	0.000
4.493	0.000
4.664	0.000
4.841	0.000
5.026	0.000
5.217	0.000
5.416	0.000
5.622	0.000
5.836	0.000
6.059	0.000
6.289	0.000
6.529	0.000
6.778	0.000
7.036	0.000
7.304	0.000
7.582	0.000
7.871	0.000
8.170	0.000
8.482	0.000
8.805	0.000
9.140	0.000
9.488	0.000
9.849	0.000
10.22	0.000
10.61	0.000
11.02	0.000
11.44	0.000
11.87	0.000
12.33	0.000
12.80	0.000
13.28	0.000
13.79	0.2029E-29
14.31	0.7276E-29
14.86	0.2442E-28
15.42	0.7688E-28
16.01	0.2276E-27
16.62	0.6353E-27
17.25	0.1675E-26
17.91	0.4518E-26
18.59	0.1086E-25
19.30	0.2488E-25
20.04	0.5448E-25
20.80	0.1143E-24
21.59	0.2300E-24
22.42	0.4463E-24
23.27	0.8337E-24
24.16	0.1505E-23
25.08	0.2634E-23
26.03	0.4474E-23
27.02	0.7394E-23
28.05	0.1193E-22
29.12	0.1877E-22
30.23	0.2888E-22
31.38	0.4355E-22
32.57	0.6445E-22
33.82	0.9370E-22
35.10	0.1340E-21
36.44	0.1888E-21
37.83	0.2624E-21
39.27	0.3596E-21
40.76	0.4868E-21
42.32	0.6512E-21
43.93	0.8617E-21
45.60	0.1128E-20
47.34	0.1463E-20
49.14	0.1880E-20
51.01	0.2395E-20
52.96	0.3026E-20
54.97	0.3792E-20
57.07	0.4717E-20
59.24	0.5827E-20
61.50	0.7148E-20
63.84	0.8713E-20
66.27	0.1056E-19
68.79	0.1271E-19
71.41	0.1522E-19
74.13	0.1813E-19
76.96	0.2149E-19
79.89	0.2533E-19
82.93	0.2972E-19
86.09	0.3472E-19
89.37	0.4037E-19
92.77	0.4673E-19
96.31	0.5387E-19
99.97	0.6185E-19
103.8	0.7073E-19
107.7	0.8057E-19
111.8	0.9143E-19
116.1	0.1034E-18
120.5	0.1165E-18
125.1	0.1307E-18
129.9	0.1462E-18
134.8	0.1630E-18
140.0	0.1811E-18
145.3	0.2005E-18
150.8	0.2213E-18
156.6	0.2434E-18
162.5	0.2670E-18
168.7	0.2918E-18
175.1	0.3180E-18
181.8	0.3456E-18
188.7	0.3744E-18
195.9	0.4044E-18
203.4	0.4355E-18
211.1	0.4677E-18
219.2	0.5010E-18
227.5	0.5351E-18
236.2	0.5700E-18
245.2	0.6057E-18
254.5	0.6420E-18
264.2	0.6787E-18
274.3	0.7158E-18
284.7	0.7532E-18
295.6	0.7906E-18
306.8	0.8281E-18
318.5	0.8655E-18
330.6	0.9026E-18
343.2	0.9393E-18
356.3	0.9755E-18
369.9	0.1011E-17
384.0	0.1046E-17
398.6	0.1080E-17
413.8	0.1113E-17
429.5	0.1146E-17
445.9	0.1177E-17
462.9	0.1207E-17
480.5	0.1235E-17
498.8	0.1263E-17
517.8	0.1289E-17
537.5	0.1313E-17
558.0	0.1336E-17
579.2	0.1358E-17
601.3	0.1378E-17
624.2	0.1396E-17
648.0	0.1413E-17
672.6	0.1428E-17
698.3	0.1441E-17
724.9	0.1453E-17
752.5	0.1463E-17
781.1	0.1472E-17
810.9	0.1479E-17
841.8	0.1484E-17
873.8	0.1488E-17
907.1	0.1490E-17
941.6	0.1490E-17
977.5	0.1489E-17
1015.	0.1487E-17
1053.	0.1483E-17
1094.	0.1477E-17
1135.	0.1470E-17
1178.	0.1462E-17
1223.	0.1452E-17
1270.	0.1441E-17
1318.	0.1429E-17
1368.	0.1415E-17
1421.	0.1401E-17
1475.	0.1385E-17
1531.	0.1368E-17
1589.	0.1350E-17
1650.	0.1332E-17
1712.	0.1312E-17
1778.	0.1291E-17
1845.	0.1270E-17
1916.	0.1248E-17
1989.	0.1226E-17
2064.	0.1202E-17
2143.	0.1179E-17
2225.	0.1155E-17
2309.	0.1130E-17
2397.	0.1105E-17
2489.	0.1080E-17
2583.	0.1055E-17
2682.	0.1029E-17
2784.	0.1004E-17
2890.	0.9778E-18
3000.	0.9520E-18
 
 
C2    C3H6    Elastic                                           
E/N (Td)	Rate coefficient (m3/s)
0.1000E-02	0.1913E-13
0.1038E-02	0.1913E-13
0.1078E-02	0.1913E-13
0.1119E-02	0.1913E-13
0.1161E-02	0.1913E-13
0.1205E-02	0.1913E-13
0.1251E-02	0.1913E-13
0.1299E-02	0.1913E-13
0.1349E-02	0.1913E-13
0.1400E-02	0.1913E-13
0.1453E-02	0.1913E-13
0.1509E-02	0.1913E-13
0.1566E-02	0.1913E-13
0.1626E-02	0.1913E-13
0.1688E-02	0.1913E-13
0.1752E-02	0.1913E-13
0.1819E-02	0.1913E-13
0.1888E-02	0.1913E-13
0.1960E-02	0.1913E-13
0.2034E-02	0.1913E-13
0.2112E-02	0.1913E-13
0.2192E-02	0.1913E-13
0.2276E-02	0.1913E-13
0.2362E-02	0.1913E-13
0.2452E-02	0.1913E-13
0.2546E-02	0.1913E-13
0.2643E-02	0.1913E-13
0.2743E-02	0.1913E-13
0.2848E-02	0.1913E-13
0.2956E-02	0.1913E-13
0.3069E-02	0.1913E-13
0.3186E-02	0.1913E-13
0.3307E-02	0.1913E-13
0.3433E-02	0.1913E-13
0.3564E-02	0.1913E-13
0.3700E-02	0.1913E-13
0.3841E-02	0.1913E-13
0.3987E-02	0.1913E-13
0.4139E-02	0.1913E-13
0.4296E-02	0.1913E-13
0.4460E-02	0.1913E-13
0.4630E-02	0.1913E-13
0.4806E-02	0.1913E-13
0.4989E-02	0.1913E-13
0.5179E-02	0.1913E-13
0.5377E-02	0.1913E-13
0.5581E-02	0.1913E-13
0.5794E-02	0.1913E-13
0.6015E-02	0.1913E-13
0.6244E-02	0.1913E-13
0.6481E-02	0.1913E-13
0.6728E-02	0.1913E-13
0.6985E-02	0.1913E-13
0.7251E-02	0.1913E-13
0.7527E-02	0.1913E-13
0.7813E-02	0.1913E-13
0.8111E-02	0.1913E-13
0.8420E-02	0.1913E-13
0.8741E-02	0.1913E-13
0.9073E-02	0.1913E-13
0.9419E-02	0.1913E-13
0.9778E-02	0.1913E-13
0.1015E-01	0.1913E-13
0.1054E-01	0.1913E-13
0.1094E-01	0.1913E-13
0.1135E-01	0.1913E-13
0.1179E-01	0.1913E-13
0.1224E-01	0.1913E-13
0.1270E-01	0.1913E-13
0.1319E-01	0.1913E-13
0.1369E-01	0.1913E-13
0.1421E-01	0.1913E-13
0.1475E-01	0.1913E-13
0.1531E-01	0.1913E-13
0.1590E-01	0.1913E-13
0.1650E-01	0.1913E-13
0.1713E-01	0.1914E-13
0.1778E-01	0.1914E-13
0.1846E-01	0.1914E-13
0.1916E-01	0.1914E-13
0.1989E-01	0.1914E-13
0.2065E-01	0.1914E-13
0.2144E-01	0.1914E-13
0.2225E-01	0.1914E-13
0.2310E-01	0.1914E-13
0.2398E-01	0.1914E-13
0.2489E-01	0.1914E-13
0.2584E-01	0.1914E-13
0.2682E-01	0.1914E-13
0.2785E-01	0.1914E-13
0.2891E-01	0.1914E-13
0.3001E-01	0.1914E-13
0.3115E-01	0.1914E-13
0.3234E-01	0.1914E-13
0.3357E-01	0.1914E-13
0.3485E-01	0.1915E-13
0.3617E-01	0.1915E-13
0.3755E-01	0.1915E-13
0.3898E-01	0.1915E-13
0.4047E-01	0.1915E-13
0.4201E-01	0.1915E-13
0.4361E-01	0.1915E-13
0.4527E-01	0.1915E-13
0.4699E-01	0.1915E-13
0.4878E-01	0.1915E-13
0.5064E-01	0.1915E-13
0.5257E-01	0.1915E-13
0.5457E-01	0.1915E-13
0.5665E-01	0.1915E-13
0.5881E-01	0.1915E-13
0.6105E-01	0.1915E-13
0.6337E-01	0.1915E-13
0.6579E-01	0.1916E-13
0.6829E-01	0.1916E-13
0.7089E-01	0.1916E-13
0.7359E-01	0.1916E-13
0.7640E-01	0.1916E-13
0.7931E-01	0.1916E-13
0.8233E-01	0.1916E-13
0.8546E-01	0.1916E-13
0.8872E-01	0.1916E-13
0.9210E-01	0.1916E-13
0.9560E-01	0.1916E-13
0.9924E-01	0.1916E-13
0.1030	0.1916E-13
0.1069	0.1916E-13
0.1110	0.1916E-13
0.1152	0.1916E-13
0.1196	0.1916E-13
0.1242	0.1916E-13
0.1289	0.1916E-13
0.1338	0.1916E-13
0.1389	0.1916E-13
0.1442	0.1916E-13
0.1497	0.1916E-13
0.1554	0.1917E-13
0.1613	0.1917E-13
0.1675	0.1917E-13
0.1739	0.1917E-13
0.1805	0.1917E-13
0.1874	0.1917E-13
0.1945	0.1917E-13
0.2019	0.1917E-13
0.2096	0.1917E-13
0.2176	0.1917E-13
0.2259	0.1917E-13
0.2345	0.1918E-13
0.2434	0.1918E-13
0.2527	0.1918E-13
0.2623	0.1918E-13
0.2723	0.1918E-13
0.2826	0.1918E-13
0.2934	0.1918E-13
0.3046	0.1919E-13
0.3162	0.1919E-13
0.3282	0.1919E-13
0.3407	0.1919E-13
0.3537	0.1920E-13
0.3672	0.1920E-13
0.3812	0.1920E-13
0.3957	0.1920E-13
0.4107	0.1921E-13
0.4264	0.1921E-13
0.4426	0.1921E-13
0.4595	0.1922E-13
0.4770	0.1922E-13
0.4952	0.1922E-13
0.5140	0.1923E-13
0.5336	0.1923E-13
0.5539	0.1923E-13
0.5750	0.1924E-13
0.5969	0.1924E-13
0.6196	0.1925E-13
0.6432	0.1925E-13
0.6677	0.1926E-13
0.6932	0.1926E-13
0.7196	0.1927E-13
0.7470	0.1927E-13
0.7754	0.1928E-13
0.8050	0.1929E-13
0.8356	0.1929E-13
0.8674	0.1930E-13
0.9005	0.1931E-13
0.9348	0.1931E-13
0.9704	0.1932E-13
1.007	0.1933E-13
1.046	0.1934E-13
1.086	0.1934E-13
1.127	0.1935E-13
1.170	0.1936E-13
1.214	0.1937E-13
1.261	0.1938E-13
1.309	0.1939E-13
1.358	0.1940E-13
1.410	0.1941E-13
1.464	0.1942E-13
1.520	0.1943E-13
1.578	0.1944E-13
1.638	0.1945E-13
1.700	0.1946E-13
1.765	0.1948E-13
1.832	0.1949E-13
1.902	0.1951E-13
1.974	0.1952E-13
2.049	0.1954E-13
2.127	0.1956E-13
2.208	0.1958E-13
2.293	0.1960E-13
2.380	0.1963E-13
2.470	0.1965E-13
2.565	0.1969E-13
2.662	0.1972E-13
2.764	0.1976E-13
2.869	0.1981E-13
2.978	0.1986E-13
3.092	0.1992E-13
3.209	0.1999E-13
3.332	0.2007E-13
3.458	0.2016E-13
3.590	0.2026E-13
3.727	0.2038E-13
3.869	0.2051E-13
4.016	0.2067E-13
4.169	0.2085E-13
4.328	0.2105E-13
4.493	0.2129E-13
4.664	0.2155E-13
4.841	0.2185E-13
5.026	0.2219E-13
5.217	0.2257E-13
5.416	0.2299E-13
5.622	0.2347E-13
5.836	0.2400E-13
6.059	0.2459E-13
6.289	0.2524E-13
6.529	0.2596E-13
6.778	0.2674E-13
7.036	0.2760E-13
7.304	0.2854E-13
7.582	0.2956E-13
7.871	0.3069E-13
8.170	0.3189E-13
8.482	0.3319E-13
8.805	0.3460E-13
9.140	0.3612E-13
9.488	0.3774E-13
9.849	0.3947E-13
10.22	0.4131E-13
10.61	0.4328E-13
11.02	0.4537E-13
11.44	0.4758E-13
11.87	0.4993E-13
12.33	0.5240E-13
12.80	0.5499E-13
13.28	0.5771E-13
13.79	0.6058E-13
14.31	0.6355E-13
14.86	0.6664E-13
15.42	0.6985E-13
16.01	0.7318E-13
16.62	0.7662E-13
17.25	0.8017E-13
17.91	0.8383E-13
18.59	0.8756E-13
19.30	0.9136E-13
20.04	0.9521E-13
20.80	0.9909E-13
21.59	0.1030E-12
22.42	0.1068E-12
23.27	0.1106E-12
24.16	0.1144E-12
25.08	0.1180E-12
26.03	0.1215E-12
27.02	0.1249E-12
28.05	0.1281E-12
29.12	0.1311E-12
30.23	0.1341E-12
31.38	0.1368E-12
32.57	0.1394E-12
33.82	0.1419E-12
35.10	0.1443E-12
36.44	0.1465E-12
37.83	0.1486E-12
39.27	0.1506E-12
40.76	0.1525E-12
42.32	0.1543E-12
43.93	0.1561E-12
45.60	0.1578E-12
47.34	0.1594E-12
49.14	0.1610E-12
51.01	0.1626E-12
52.96	0.1641E-12
54.97	0.1656E-12
57.07	0.1670E-12
59.24	0.1685E-12
61.50	0.1699E-12
63.84	0.1713E-12
66.27	0.1727E-12
68.79	0.1741E-12
71.41	0.1755E-12
74.13	0.1769E-12
76.96	0.1783E-12
79.89	0.1797E-12
82.93	0.1812E-12
86.09	0.1826E-12
89.37	0.1841E-12
92.77	0.1856E-12
96.31	0.1871E-12
99.97	0.1886E-12
103.8	0.1902E-12
107.7	0.1918E-12
111.8	0.1934E-12
116.1	0.1950E-12
120.5	0.1967E-12
125.1	0.1984E-12
129.9	0.2001E-12
134.8	0.2019E-12
140.0	0.2037E-12
145.3	0.2056E-12
150.8	0.2074E-12
156.6	0.2093E-12
162.5	0.2113E-12
168.7	0.2132E-12
175.1	0.2152E-12
181.8	0.2173E-12
188.7	0.2194E-12
195.9	0.2215E-12
203.4	0.2236E-12
211.1	0.2257E-12
219.2	0.2279E-12
227.5	0.2301E-12
236.2	0.2324E-12
245.2	0.2346E-12
254.5	0.2369E-12
264.2	0.2392E-12
274.3	0.2416E-12
284.7	0.2439E-12
295.6	0.2463E-12
306.8	0.2487E-12
318.5	0.2511E-12
330.6	0.2535E-12
343.2	0.2560E-12
356.3	0.2584E-12
369.9	0.2609E-12
384.0	0.2634E-12
398.6	0.2659E-12
413.8	0.2684E-12
429.5	0.2709E-12
445.9	0.2735E-12
462.9	0.2760E-12
480.5	0.2786E-12
498.8	0.2812E-12
517.8	0.2837E-12
537.5	0.2863E-12
558.0	0.2889E-12
579.2	0.2915E-12
601.3	0.2940E-12
624.2	0.2966E-12
648.0	0.2992E-12
672.6	0.3018E-12
698.3	0.3044E-12
724.9	0.3069E-12
752.5	0.3095E-12
781.1	0.3120E-12
810.9	0.3145E-12
841.8	0.3170E-12
873.8	0.3195E-12
907.1	0.3219E-12
941.6	0.3244E-12
977.5	0.3268E-12
1015.	0.3291E-12
1053.	0.3315E-12
1094.	0.3338E-12
1135.	0.3360E-12
1178.	0.3383E-12
1223.	0.3404E-12
1270.	0.3426E-12
1318.	0.3447E-12
1368.	0.3467E-12
1421.	0.3487E-12
1475.	0.3506E-12
1531.	0.3525E-12
1589.	0.3543E-12
1650.	0.3560E-12
1712.	0.3577E-12
1778.	0.3593E-12
1845.	0.3609E-12
1916.	0.3624E-12
1989.	0.3638E-12
2064.	0.3651E-12
2143.	0.3663E-12
2225.	0.3675E-12
2309.	0.3686E-12
2397.	0.3696E-12
2489.	0.3705E-12
2583.	0.3714E-12
2682.	0.3721E-12
2784.	0.3728E-12
2890.	0.3734E-12
3000.	0.3739E-12
 
 
C3    C3H6    Excitation    0.070 eV                            
E/N (Td)	Rate coefficient (m3/s)
0.1000E-02	0.7020E-15
0.1038E-02	0.7020E-15
0.1078E-02	0.7020E-15
0.1119E-02	0.7020E-15
0.1161E-02	0.7020E-15
0.1205E-02	0.7020E-15
0.1251E-02	0.7020E-15
0.1299E-02	0.7020E-15
0.1349E-02	0.7020E-15
0.1400E-02	0.7020E-15
0.1453E-02	0.7020E-15
0.1509E-02	0.7020E-15
0.1566E-02	0.7020E-15
0.1626E-02	0.7020E-15
0.1688E-02	0.7020E-15
0.1752E-02	0.7020E-15
0.1819E-02	0.7020E-15
0.1888E-02	0.7020E-15
0.1960E-02	0.7020E-15
0.2034E-02	0.7020E-15
0.2112E-02	0.7020E-15
0.2192E-02	0.7020E-15
0.2276E-02	0.7020E-15
0.2362E-02	0.7020E-15
0.2452E-02	0.7020E-15
0.2546E-02	0.7020E-15
0.2643E-02	0.7020E-15
0.2743E-02	0.7020E-15
0.2848E-02	0.7020E-15
0.2956E-02	0.7020E-15
0.3069E-02	0.7020E-15
0.3186E-02	0.7020E-15
0.3307E-02	0.7020E-15
0.3433E-02	0.7020E-15
0.3564E-02	0.7020E-15
0.3700E-02	0.7020E-15
0.3841E-02	0.7020E-15
0.3987E-02	0.7020E-15
0.4139E-02	0.7020E-15
0.4296E-02	0.7020E-15
0.4460E-02	0.7020E-15
0.4630E-02	0.7020E-15
0.4806E-02	0.7020E-15
0.4989E-02	0.7020E-15
0.5179E-02	0.7020E-15
0.5377E-02	0.7020E-15
0.5581E-02	0.7020E-15
0.5794E-02	0.7020E-15
0.6015E-02	0.7020E-15
0.6244E-02	0.7020E-15
0.6481E-02	0.7020E-15
0.6728E-02	0.7019E-15
0.6985E-02	0.7019E-15
0.7251E-02	0.7019E-15
0.7527E-02	0.7019E-15
0.7813E-02	0.7019E-15
0.8111E-02	0.7019E-15
0.8420E-02	0.7019E-15
0.8741E-02	0.7019E-15
0.9073E-02	0.7019E-15
0.9419E-02	0.7019E-15
0.9778E-02	0.7019E-15
0.1015E-01	0.7019E-15
0.1054E-01	0.7019E-15
0.1094E-01	0.7019E-15
0.1135E-01	0.7018E-15
0.1179E-01	0.7018E-15
0.1224E-01	0.7018E-15
0.1270E-01	0.7018E-15
0.1319E-01	0.7018E-15
0.1369E-01	0.7018E-15
0.1421E-01	0.7018E-15
0.1475E-01	0.7017E-15
0.1531E-01	0.7017E-15
0.1590E-01	0.7017E-15
0.1650E-01	0.7017E-15
0.1713E-01	0.7017E-15
0.1778E-01	0.7016E-15
0.1846E-01	0.7016E-15
0.1916E-01	0.7016E-15
0.1989E-01	0.7016E-15
0.2065E-01	0.7015E-15
0.2144E-01	0.7015E-15
0.2225E-01	0.7015E-15
0.2310E-01	0.7014E-15
0.2398E-01	0.7014E-15
0.2489E-01	0.7014E-15
0.2584E-01	0.7013E-15
0.2682E-01	0.7013E-15
0.2785E-01	0.7012E-15
0.2891E-01	0.7012E-15
0.3001E-01	0.7011E-15
0.3115E-01	0.7011E-15
0.3234E-01	0.7010E-15
0.3357E-01	0.7010E-15
0.3485E-01	0.7009E-15
0.3617E-01	0.7009E-15
0.3755E-01	0.7008E-15
0.3898E-01	0.7008E-15
0.4047E-01	0.7007E-15
0.4201E-01	0.7007E-15
0.4361E-01	0.7006E-15
0.4527E-01	0.7006E-15
0.4699E-01	0.7006E-15
0.4878E-01	0.7005E-15
0.5064E-01	0.7005E-15
0.5257E-01	0.7004E-15
0.5457E-01	0.7004E-15
0.5665E-01	0.7003E-15
0.5881E-01	0.7003E-15
0.6105E-01	0.7003E-15
0.6337E-01	0.7003E-15
0.6579E-01	0.7002E-15
0.6829E-01	0.7002E-15
0.7089E-01	0.7002E-15
0.7359E-01	0.7002E-15
0.7640E-01	0.7002E-15
0.7931E-01	0.7002E-15
0.8233E-01	0.7002E-15
0.8546E-01	0.7002E-15
0.8872E-01	0.7002E-15
0.9210E-01	0.7003E-15
0.9560E-01	0.7003E-15
0.9924E-01	0.7003E-15
0.1030	0.7004E-15
0.1069	0.7004E-15
0.1110	0.7005E-15
0.1152	0.7006E-15
0.1196	0.7007E-15
0.1242	0.7008E-15
0.1289	0.7009E-15
0.1338	0.7010E-15
0.1389	0.7011E-15
0.1442	0.7013E-15
0.1497	0.7014E-15
0.1554	0.7016E-15
0.1613	0.7018E-15
0.1675	0.7020E-15
0.1739	0.7022E-15
0.1805	0.7025E-15
0.1874	0.7027E-15
0.1945	0.7030E-15
0.2019	0.7033E-15
0.2096	0.7037E-15
0.2176	0.7040E-15
0.2259	0.7044E-15
0.2345	0.7049E-15
0.2434	0.7053E-15
0.2527	0.7058E-15
0.2623	0.7064E-15
0.2723	0.7069E-15
0.2826	0.7076E-15
0.2934	0.7082E-15
0.3046	0.7090E-15
0.3162	0.7097E-15
0.3282	0.7106E-15
0.3407	0.7115E-15
0.3537	0.7125E-15
0.3672	0.7135E-15
0.3812	0.7147E-15
0.3957	0.7159E-15
0.4107	0.7172E-15
0.4264	0.7187E-15
0.4426	0.7202E-15
0.4595	0.7219E-15
0.4770	0.7237E-15
0.4952	0.7256E-15
0.5140	0.7277E-15
0.5336	0.7300E-15
0.5539	0.7324E-15
0.5750	0.7350E-15
0.5969	0.7378E-15
0.6196	0.7409E-15
0.6432	0.7441E-15
0.6677	0.7477E-15
0.6932	0.7515E-15
0.7196	0.7556E-15
0.7470	0.7600E-15
0.7754	0.7648E-15
0.8050	0.7700E-15
0.8356	0.7755E-15
0.8674	0.7815E-15
0.9005	0.7880E-15
0.9348	0.7949E-15
0.9704	0.8024E-15
1.007	0.8105E-15
1.046	0.8192E-15
1.086	0.8286E-15
1.127	0.8387E-15
1.170	0.8496E-15
1.214	0.8613E-15
1.261	0.8740E-15
1.309	0.8876E-15
1.358	0.9022E-15
1.410	0.9180E-15
1.464	0.9349E-15
1.520	0.9532E-15
1.578	0.9728E-15
1.638	0.9940E-15
1.700	0.1017E-14
1.765	0.1041E-14
1.832	0.1067E-14
1.902	0.1095E-14
1.974	0.1126E-14
2.049	0.1158E-14
2.127	0.1193E-14
2.208	0.1230E-14
2.293	0.1270E-14
2.380	0.1313E-14
2.470	0.1359E-14
2.565	0.1408E-14
2.662	0.1460E-14
2.764	0.1516E-14
2.869	0.1576E-14
2.978	0.1639E-14
3.092	0.1706E-14
3.209	0.1777E-14
3.332	0.1852E-14
3.458	0.1933E-14
3.590	0.2017E-14
3.727	0.2106E-14
3.869	0.2200E-14
4.016	0.2300E-14
4.169	0.2403E-14
4.328	0.2511E-14
4.493	0.2623E-14
4.664	0.2740E-14
4.841	0.2861E-14
5.026	0.2986E-14
5.217	0.3115E-14
5.416	0.3248E-14
5.622	0.3384E-14
5.836	0.3527E-14
6.059	0.3669E-14
6.289	0.3813E-14
6.529	0.3960E-14
6.778	0.4104E-14
7.036	0.4254E-14
7.304	0.4405E-14
7.582	0.4558E-14
7.871	0.4714E-14
8.170	0.4868E-14
8.482	0.5023E-14
8.805	0.5178E-14
9.140	0.5337E-14
9.488	0.5494E-14
9.849	0.5650E-14
10.22	0.5806E-14
10.61	0.5965E-14
11.02	0.6125E-14
11.44	0.6285E-14
11.87	0.6450E-14
12.33	0.6617E-14
12.80	0.6788E-14
13.28	0.6962E-14
13.79	0.7143E-14
14.31	0.7326E-14
14.86	0.7514E-14
15.42	0.7709E-14
16.01	0.7911E-14
16.62	0.8121E-14
17.25	0.8338E-14
17.91	0.8565E-14
18.59	0.8796E-14
19.30	0.9035E-14
20.04	0.9279E-14
20.80	0.9527E-14
21.59	0.9776E-14
22.42	0.1002E-13
23.27	0.1027E-13
24.16	0.1052E-13
25.08	0.1075E-13
26.03	0.1098E-13
27.02	0.1120E-13
28.05	0.1141E-13
29.12	0.1161E-13
30.23	0.1180E-13
31.38	0.1198E-13
32.57	0.1214E-13
33.82	0.1230E-13
35.10	0.1244E-13
36.44	0.1258E-13
37.83	0.1271E-13
39.27	0.1283E-13
40.76	0.1294E-13
42.32	0.1305E-13
43.93	0.1315E-13
45.60	0.1324E-13
47.34	0.1333E-13
49.14	0.1342E-13
51.01	0.1350E-13
52.96	0.1358E-13
54.97	0.1365E-13
57.07	0.1372E-13
59.24	0.1379E-13
61.50	0.1386E-13
63.84	0.1392E-13
66.27	0.1398E-13
68.79	0.1404E-13
71.41	0.1410E-13
74.13	0.1416E-13
76.96	0.1421E-13
79.89	0.1427E-13
82.93	0.1432E-13
86.09	0.1437E-13
89.37	0.1442E-13
92.77	0.1447E-13
96.31	0.1451E-13
99.97	0.1455E-13
103.8	0.1460E-13
107.7	0.1464E-13
111.8	0.1468E-13
116.1	0.1472E-13
120.5	0.1475E-13
125.1	0.1479E-13
129.9	0.1482E-13
134.8	0.1485E-13
140.0	0.1488E-13
145.3	0.1491E-13
150.8	0.1493E-13
156.6	0.1495E-13
162.5	0.1497E-13
168.7	0.1499E-13
175.1	0.1501E-13
181.8	0.1502E-13
188.7	0.1503E-13
195.9	0.1504E-13
203.4	0.1505E-13
211.1	0.1505E-13
219.2	0.1505E-13
227.5	0.1505E-13
236.2	0.1505E-13
245.2	0.1504E-13
254.5	0.1504E-13
264.2	0.1502E-13
274.3	0.1501E-13
284.7	0.1500E-13
295.6	0.1498E-13
306.8	0.1496E-13
318.5	0.1493E-13
330.6	0.1491E-13
343.2	0.1488E-13
356.3	0.1485E-13
369.9	0.1482E-13
384.0	0.1478E-13
398.6	0.1475E-13
413.8	0.1471E-13
429.5	0.1466E-13
445.9	0.1462E-13
462.9	0.1457E-13
480.5	0.1453E-13
498.8	0.1448E-13
517.8	0.1442E-13
537.5	0.1437E-13
558.0	0.1431E-13
579.2	0.1425E-13
601.3	0.1419E-13
624.2	0.1413E-13
648.0	0.1407E-13
672.6	0.1400E-13
698.3	0.1393E-13
724.9	0.1386E-13
752.5	0.1379E-13
781.1	0.1372E-13
810.9	0.1365E-13
841.8	0.1357E-13
873.8	0.1349E-13
907.1	0.1341E-13
941.6	0.1333E-13
977.5	0.1325E-13
1015.	0.1317E-13
1053.	0.1309E-13
1094.	0.1300E-13
1135.	0.1291E-13
1178.	0.1283E-13
1223.	0.1274E-13
1270.	0.1265E-13
1318.	0.1256E-13
1368.	0.1246E-13
1421.	0.1237E-13
1475.	0.1228E-13
1531.	0.1219E-13
1589.	0.1209E-13
1650.	0.1200E-13
1712.	0.1190E-13
1778.	0.1180E-13
1845.	0.1170E-13
1916.	0.1161E-13
1989.	0.1151E-13
2064.	0.1141E-13
2143.	0.1131E-13
2225.	0.1121E-13
2309.	0.1111E-13
2397.	0.1100E-13
2489.	0.1090E-13
2583.	0.1080E-13
2682.	0.1070E-13
2784.	0.1059E-13
2890.	0.1049E-13
3000.	0.1038E-13
 
 
C4    C3H6    Excitation    3.60 eV                             
E/N (Td)	Rate coefficient (m3/s)
0.1000E-02	0.000
0.1038E-02	0.000
0.1078E-02	0.000
0.1119E-02	0.000
0.1161E-02	0.000
0.1205E-02	0.000
0.1251E-02	0.000
0.1299E-02	0.000
0.1349E-02	0.000
0.1400E-02	0.000
0.1453E-02	0.000
0.1509E-02	0.000
0.1566E-02	0.000
0.1626E-02	0.000
0.1688E-02	0.000
0.1752E-02	0.000
0.1819E-02	0.000
0.1888E-02	0.000
0.1960E-02	0.000
0.2034E-02	0.000
0.2112E-02	0.000
0.2192E-02	0.000
0.2276E-02	0.000
0.2362E-02	0.000
0.2452E-02	0.000
0.2546E-02	0.000
0.2643E-02	0.000
0.2743E-02	0.000
0.2848E-02	0.000
0.2956E-02	0.000
0.3069E-02	0.000
0.3186E-02	0.000
0.3307E-02	0.000
0.3433E-02	0.000
0.3564E-02	0.000
0.3700E-02	0.000
0.3841E-02	0.000
0.3987E-02	0.000
0.4139E-02	0.000
0.4296E-02	0.000
0.4460E-02	0.000
0.4630E-02	0.000
0.4806E-02	0.000
0.4989E-02	0.000
0.5179E-02	0.000
0.5377E-02	0.000
0.5581E-02	0.000
0.5794E-02	0.000
0.6015E-02	0.000
0.6244E-02	0.000
0.6481E-02	0.000
0.6728E-02	0.000
0.6985E-02	0.000
0.7251E-02	0.000
0.7527E-02	0.000
0.7813E-02	0.000
0.8111E-02	0.000
0.8420E-02	0.000
0.8741E-02	0.000
0.9073E-02	0.000
0.9419E-02	0.000
0.9778E-02	0.000
0.1015E-01	0.000
0.1054E-01	0.000
0.1094E-01	0.000
0.1135E-01	0.000
0.1179E-01	0.000
0.1224E-01	0.000
0.1270E-01	0.000
0.1319E-01	0.000
0.1369E-01	0.000
0.1421E-01	0.000
0.1475E-01	0.000
0.1531E-01	0.000
0.1590E-01	0.000
0.1650E-01	0.000
0.1713E-01	0.000
0.1778E-01	0.000
0.1846E-01	0.000
0.1916E-01	0.000
0.1989E-01	0.000
0.2065E-01	0.000
0.2144E-01	0.000
0.2225E-01	0.000
0.2310E-01	0.000
0.2398E-01	0.000
0.2489E-01	0.000
0.2584E-01	0.000
0.2682E-01	0.000
0.2785E-01	0.000
0.2891E-01	0.000
0.3001E-01	0.000
0.3115E-01	0.000
0.3234E-01	0.000
0.3357E-01	0.000
0.3485E-01	0.000
0.3617E-01	0.000
0.3755E-01	0.000
0.3898E-01	0.000
0.4047E-01	0.000
0.4201E-01	0.000
0.4361E-01	0.000
0.4527E-01	0.000
0.4699E-01	0.000
0.4878E-01	0.000
0.5064E-01	0.000
0.5257E-01	0.000
0.5457E-01	0.000
0.5665E-01	0.000
0.5881E-01	0.000
0.6105E-01	0.000
0.6337E-01	0.000
0.6579E-01	0.000
0.6829E-01	0.000
0.7089E-01	0.000
0.7359E-01	0.000
0.7640E-01	0.000
0.7931E-01	0.000
0.8233E-01	0.000
0.8546E-01	0.000
0.8872E-01	0.000
0.9210E-01	0.000
0.9560E-01	0.000
0.9924E-01	0.000
0.1030	0.000
0.1069	0.000
0.1110	0.000
0.1152	0.000
0.1196	0.000
0.1242	0.000
0.1289	0.000
0.1338	0.000
0.1389	0.000
0.1442	0.000
0.1497	0.000
0.1554	0.000
0.1613	0.000
0.1675	0.000
0.1739	0.000
0.1805	0.000
0.1874	0.000
0.1945	0.000
0.2019	0.000
0.2096	0.000
0.2176	0.000
0.2259	0.000
0.2345	0.000
0.2434	0.000
0.2527	0.000
0.2623	0.000
0.2723	0.000
0.2826	0.000
0.2934	0.000
0.3046	0.000
0.3162	0.000
0.3282	0.000
0.3407	0.000
0.3537	0.000
0.3672	0.000
0.3812	0.000
0.3957	0.000
0.4107	0.000
0.4264	0.000
0.4426	0.000
0.4595	0.000
0.4770	0.000
0.4952	0.000
0.5140	0.000
0.5336	0.000
0.5539	0.000
0.5750	0.000
0.5969	0.000
0.6196	0.000
0.6432	0.000
0.6677	0.000
0.6932	0.000
0.7196	0.000
0.7470	0.000
0.7754	0.000
0.8050	0.000
0.8356	0.000
0.8674	0.000
0.9005	0.000
0.9348	0.000
0.9704	0.000
1.007	0.000
1.046	0.000
1.086	0.000
1.127	0.000
1.170	0.000
1.214	0.000
1.261	0.000
1.309	0.000
1.358	0.000
1.410	0.000
1.464	0.000
1.520	0.000
1.578	0.000
1.638	0.000
1.700	0.000
1.765	0.000
1.832	0.000
1.902	0.000
1.974	0.000
2.049	0.000
2.127	0.000
2.208	0.000
2.293	0.000
2.380	0.000
2.470	0.000
2.565	0.000
2.662	0.000
2.764	0.000
2.869	0.000
2.978	0.000
3.092	0.000
3.209	0.000
3.332	0.000
3.458	0.000
3.590	0.000
3.727	0.000
3.869	0.000
4.016	0.000
4.169	0.000
4.328	0.000
4.493	0.000
4.664	0.000
4.841	0.000
5.026	0.000
5.217	0.000
5.416	0.000
5.622	0.000
5.836	0.000
6.059	0.000
6.289	0.000
6.529	0.000
6.778	0.000
7.036	0.000
7.304	0.000
7.582	0.000
7.871	0.000
8.170	0.000
8.482	0.000
8.805	0.000
9.140	0.000
9.488	0.000
9.849	0.000
10.22	0.2637E-24
10.61	0.9948E-24
11.02	0.3517E-23
11.44	0.1346E-22
11.87	0.4239E-22
12.33	0.1257E-21
12.80	0.3514E-21
13.28	0.9281E-21
13.79	0.2324E-20
14.31	0.5504E-20
14.86	0.1238E-19
15.42	0.2649E-19
16.01	0.5407E-19
16.62	0.1054E-18
17.25	0.1968E-18
17.91	0.3525E-18
18.59	0.6063E-18
19.30	0.1004E-17
20.04	0.1605E-17
20.80	0.2479E-17
21.59	0.3710E-17
22.42	0.5390E-17
23.27	0.7617E-17
24.16	0.1049E-16
25.08	0.1412E-16
26.03	0.1859E-16
27.02	0.2399E-16
28.05	0.3042E-16
29.12	0.3795E-16
30.23	0.4666E-16
31.38	0.5661E-16
32.57	0.6788E-16
33.82	0.8053E-16
35.10	0.9463E-16
36.44	0.1103E-15
37.83	0.1275E-15
39.27	0.1464E-15
40.76	0.1670E-15
42.32	0.1896E-15
43.93	0.2140E-15
45.60	0.2406E-15
47.34	0.2693E-15
49.14	0.3004E-15
51.01	0.3339E-15
52.96	0.3701E-15
54.97	0.4090E-15
57.07	0.4509E-15
59.24	0.4959E-15
61.50	0.5442E-15
63.84	0.5960E-15
66.27	0.6516E-15
68.79	0.7111E-15
71.41	0.7748E-15
74.13	0.8429E-15
76.96	0.9158E-15
79.89	0.9935E-15
82.93	0.1076E-14
86.09	0.1165E-14
89.37	0.1259E-14
92.77	0.1359E-14
96.31	0.1465E-14
99.97	0.1578E-14
103.8	0.1697E-14
107.7	0.1823E-14
111.8	0.1956E-14
116.1	0.2097E-14
120.5	0.2244E-14
125.1	0.2399E-14
129.9	0.2561E-14
134.8	0.2731E-14
140.0	0.2908E-14
145.3	0.3093E-14
150.8	0.3284E-14
156.6	0.3483E-14
162.5	0.3688E-14
168.7	0.3900E-14
175.1	0.4118E-14
181.8	0.4341E-14
188.7	0.4570E-14
195.9	0.4803E-14
203.4	0.5041E-14
211.1	0.5282E-14
219.2	0.5527E-14
227.5	0.5774E-14
236.2	0.6023E-14
245.2	0.6273E-14
254.5	0.6523E-14
264.2	0.6773E-14
274.3	0.7022E-14
284.7	0.7269E-14
295.6	0.7515E-14
306.8	0.7757E-14
318.5	0.7995E-14
330.6	0.8229E-14
343.2	0.8458E-14
356.3	0.8681E-14
369.9	0.8898E-14
384.0	0.9108E-14
398.6	0.9311E-14
413.8	0.9506E-14
429.5	0.9693E-14
445.9	0.9871E-14
462.9	0.1004E-13
480.5	0.1020E-13
498.8	0.1035E-13
517.8	0.1049E-13
537.5	0.1062E-13
558.0	0.1074E-13
579.2	0.1084E-13
601.3	0.1094E-13
624.2	0.1103E-13
648.0	0.1110E-13
672.6	0.1117E-13
698.3	0.1122E-13
724.9	0.1126E-13
752.5	0.1130E-13
781.1	0.1132E-13
810.9	0.1133E-13
841.8	0.1133E-13
873.8	0.1131E-13
907.1	0.1129E-13
941.6	0.1126E-13
977.5	0.1122E-13
1015.	0.1117E-13
1053.	0.1110E-13
1094.	0.1103E-13
1135.	0.1095E-13
1178.	0.1087E-13
1223.	0.1077E-13
1270.	0.1066E-13
1318.	0.1055E-13
1368.	0.1043E-13
1421.	0.1030E-13
1475.	0.1017E-13
1531.	0.1003E-13
1589.	0.9880E-14
1650.	0.9728E-14
1712.	0.9570E-14
1778.	0.9407E-14
1845.	0.9239E-14
1916.	0.9068E-14
1989.	0.8894E-14
2064.	0.8716E-14
2143.	0.8536E-14
2225.	0.8353E-14
2309.	0.8167E-14
2397.	0.7980E-14
2489.	0.7792E-14
2583.	0.7603E-14
2682.	0.7413E-14
2784.	0.7222E-14
2890.	0.7031E-14
3000.	0.6841E-14
 
 
C5    C3H6    Excitation    7.65 eV                             
E/N (Td)	Rate coefficient (m3/s)
0.1000E-02	0.000
0.1038E-02	0.000
0.1078E-02	0.000
0.1119E-02	0.000
0.1161E-02	0.000
0.1205E-02	0.000
0.1251E-02	0.000
0.1299E-02	0.000
0.1349E-02	0.000
0.1400E-02	0.000
0.1453E-02	0.000
0.1509E-02	0.000
0.1566E-02	0.000
0.1626E-02	0.000
0.1688E-02	0.000
0.1752E-02	0.000
0.1819E-02	0.000
0.1888E-02	0.000
0.1960E-02	0.000
0.2034E-02	0.000
0.2112E-02	0.000
0.2192E-02	0.000
0.2276E-02	0.000
0.2362E-02	0.000
0.2452E-02	0.000
0.2546E-02	0.000
0.2643E-02	0.000
0.2743E-02	0.000
0.2848E-02	0.000
0.2956E-02	0.000
0.3069E-02	0.000
0.3186E-02	0.000
0.3307E-02	0.000
0.3433E-02	0.000
0.3564E-02	0.000
0.3700E-02	0.000
0.3841E-02	0.000
0.3987E-02	0.000
0.4139E-02	0.000
0.4296E-02	0.000
0.4460E-02	0.000
0.4630E-02	0.000
0.4806E-02	0.000
0.4989E-02	0.000
0.5179E-02	0.000
0.5377E-02	0.000
0.5581E-02	0.000
0.5794E-02	0.000
0.6015E-02	0.000
0.6244E-02	0.000
0.6481E-02	0.000
0.6728E-02	0.000
0.6985E-02	0.000
0.7251E-02	0.000
0.7527E-02	0.000
0.7813E-02	0.000
0.8111E-02	0.000
0.8420E-02	0.000
0.8741E-02	0.000
0.9073E-02	0.000
0.9419E-02	0.000
0.9778E-02	0.000
0.1015E-01	0.000
0.1054E-01	0.000
0.1094E-01	0.000
0.1135E-01	0.000
0.1179E-01	0.000
0.1224E-01	0.000
0.1270E-01	0.000
0.1319E-01	0.000
0.1369E-01	0.000
0.1421E-01	0.000
0.1475E-01	0.000
0.1531E-01	0.000
0.1590E-01	0.000
0.1650E-01	0.000
0.1713E-01	0.000
0.1778E-01	0.000
0.1846E-01	0.000
0.1916E-01	0.000
0.1989E-01	0.000
0.2065E-01	0.000
0.2144E-01	0.000
0.2225E-01	0.000
0.2310E-01	0.000
0.2398E-01	0.000
0.2489E-01	0.000
0.2584E-01	0.000
0.2682E-01	0.000
0.2785E-01	0.000
0.2891E-01	0.000
0.3001E-01	0.000
0.3115E-01	0.000
0.3234E-01	0.000
0.3357E-01	0.000
0.3485E-01	0.000
0.3617E-01	0.000
0.3755E-01	0.000
0.3898E-01	0.000
0.4047E-01	0.000
0.4201E-01	0.000
0.4361E-01	0.000
0.4527E-01	0.000
0.4699E-01	0.000
0.4878E-01	0.000
0.5064E-01	0.000
0.5257E-01	0.000
0.5457E-01	0.000
0.5665E-01	0.000
0.5881E-01	0.000
0.6105E-01	0.000
0.6337E-01	0.000
0.6579E-01	0.000
0.6829E-01	0.000
0.7089E-01	0.000
0.7359E-01	0.000
0.7640E-01	0.000
0.7931E-01	0.000
0.8233E-01	0.000
0.8546E-01	0.000
0.8872E-01	0.000
0.9210E-01	0.000
0.9560E-01	0.000
0.9924E-01	0.000
0.1030	0.000
0.1069	0.000
0.1110	0.000
0.1152	0.000
0.1196	0.000
0.1242	0.000
0.1289	0.000
0.1338	0.000
0.1389	0.000
0.1442	0.000
0.1497	0.000
0.1554	0.000
0.1613	0.000
0.1675	0.000
0.1739	0.000
0.1805	0.000
0.1874	0.000
0.1945	0.000
0.2019	0.000
0.2096	0.000
0.2176	0.000
0.2259	0.000
0.2345	0.000
0.2434	0.000
0.2527	0.000
0.2623	0.000
0.2723	0.000
0.2826	0.000
0.2934	0.000
0.3046	0.000
0.3162	0.000
0.3282	0.000
0.3407	0.000
0.3537	0.000
0.3672	0.000
0.3812	0.000
0.3957	0.000
0.4107	0.000
0.4264	0.000
0.4426	0.000
0.4595	0.000
0.4770	0.000
0.4952	0.000
0.5140	0.000
0.5336	0.000
0.5539	0.000
0.5750	0.000
0.5969	0.000
0.6196	0.000
0.6432	0.000
0.6677	0.000
0.6932	0.000
0.7196	0.000
0.7470	0.000
0.7754	0.000
0.8050	0.000
0.8356	0.000
0.8674	0.000
0.9005	0.000
0.9348	0.000
0.9704	0.000
1.007	0.000
1.046	0.000
1.086	0.000
1.127	0.000
1.170	0.000
1.214	0.000
1.261	0.000
1.309	0.000
1.358	0.000
1.410	0.000
1.464	0.000
1.520	0.000
1.578	0.000
1.638	0.000
1.700	0.000
1.765	0.000
1.832	0.000
1.902	0.000
1.974	0.000
2.049	0.000
2.127	0.000
2.208	0.000
2.293	0.000
2.380	0.000
2.470	0.000
2.565	0.000
2.662	0.000
2.764	0.000
2.869	0.000
2.978	0.000
3.092	0.000
3.209	0.000
3.332	0.000
3.458	0.000
3.590	0.000
3.727	0.000
3.869	0.000
4.016	0.000
4.169	0.000
4.328	0.000
4.493	0.000
4.664	0.000
4.841	0.000
5.026	0.000
5.217	0.000
5.416	0.000
5.622	0.000
5.836	0.000
6.059	0.000
6.289	0.000
6.529	0.000
6.778	0.000
7.036	0.000
7.304	0.000
7.582	0.000
7.871	0.000
8.170	0.000
8.482	0.000
8.805	0.000
9.140	0.000
9.488	0.000
9.849	0.000
10.22	0.000
10.61	0.000
11.02	0.000
11.44	0.000
11.87	0.000
12.33	0.000
12.80	0.000
13.28	0.000
13.79	0.000
14.31	0.000
14.86	0.000
15.42	0.000
16.01	0.000
16.62	0.000
17.25	0.000
17.91	0.000
18.59	0.000
19.30	0.000
20.04	0.000
20.80	0.000
21.59	0.000
22.42	0.1118E-27
23.27	0.3605E-27
24.16	0.1094E-26
25.08	0.3138E-26
26.03	0.8529E-26
27.02	0.2204E-25
28.05	0.5351E-24
29.12	0.1320E-23
30.23	0.3123E-23
31.38	0.7105E-23
32.57	0.1558E-22
33.82	0.3302E-22
35.10	0.6774E-22
36.44	0.1348E-21
37.83	0.2614E-21
39.27	0.4918E-21
40.76	0.9021E-21
42.32	0.1615E-20
43.93	0.2827E-20
45.60	0.4843E-20
47.34	0.8130E-20
49.14	0.1338E-19
51.01	0.2163E-19
52.96	0.3440E-19
54.97	0.5374E-19
57.07	0.8264E-19
59.24	0.1252E-18
61.50	0.1869E-18
63.84	0.2754E-18
66.27	0.4004E-18
68.79	0.5752E-18
71.41	0.8163E-18
74.13	0.1145E-17
76.96	0.1590E-17
79.89	0.2183E-17
82.93	0.2969E-17
86.09	0.4000E-17
89.37	0.5339E-17
92.77	0.7066E-17
96.31	0.9270E-17
99.97	0.1206E-16
103.8	0.1558E-16
107.7	0.1996E-16
111.8	0.2539E-16
116.1	0.3207E-16
120.5	0.4024E-16
125.1	0.5016E-16
129.9	0.6212E-16
134.8	0.7646E-16
140.0	0.9356E-16
145.3	0.1138E-15
150.8	0.1377E-15
156.6	0.1657E-15
162.5	0.1983E-15
168.7	0.2361E-15
175.1	0.2798E-15
181.8	0.3299E-15
188.7	0.3871E-15
195.9	0.4523E-15
203.4	0.5261E-15
211.1	0.6094E-15
219.2	0.7030E-15
227.5	0.8076E-15
236.2	0.9242E-15
245.2	0.1054E-14
254.5	0.1197E-14
264.2	0.1355E-14
274.3	0.1528E-14
284.7	0.1718E-14
295.6	0.1925E-14
306.8	0.2151E-14
318.5	0.2396E-14
330.6	0.2661E-14
343.2	0.2948E-14
356.3	0.3256E-14
369.9	0.3587E-14
384.0	0.3941E-14
398.6	0.4320E-14
413.8	0.4724E-14
429.5	0.5153E-14
445.9	0.5609E-14
462.9	0.6093E-14
480.5	0.6604E-14
498.8	0.7143E-14
517.8	0.7712E-14
537.5	0.8309E-14
558.0	0.8936E-14
579.2	0.9594E-14
601.3	0.1028E-13
624.2	0.1100E-13
648.0	0.1175E-13
672.6	0.1254E-13
698.3	0.1336E-13
724.9	0.1420E-13
752.5	0.1508E-13
781.1	0.1600E-13
810.9	0.1694E-13
841.8	0.1791E-13
873.8	0.1893E-13
907.1	0.1997E-13
941.6	0.2105E-13
977.5	0.2216E-13
1015.	0.2331E-13
1053.	0.2449E-13
1094.	0.2571E-13
1135.	0.2695E-13
1178.	0.2824E-13
1223.	0.2955E-13
1270.	0.3090E-13
1318.	0.3229E-13
1368.	0.3371E-13
1421.	0.3516E-13
1475.	0.3665E-13
1531.	0.3817E-13
1589.	0.3971E-13
1650.	0.4130E-13
1712.	0.4292E-13
1778.	0.4457E-13
1845.	0.4626E-13
1916.	0.4798E-13
1989.	0.4973E-13
2064.	0.5151E-13
2143.	0.5332E-13
2225.	0.5516E-13
2309.	0.5703E-13
2397.	0.5893E-13
2489.	0.6086E-13
2583.	0.6282E-13
2682.	0.6480E-13
2784.	0.6682E-13
2890.	0.6886E-13
3000.	0.7093E-13
 
 
C6    C3H6    Ionization    9.73 eV                             
E/N (Td)	Rate coefficient (m3/s)
0.1000E-02	0.000
0.1038E-02	0.000
0.1078E-02	0.000
0.1119E-02	0.000
0.1161E-02	0.000
0.1205E-02	0.000
0.1251E-02	0.000
0.1299E-02	0.000
0.1349E-02	0.000
0.1400E-02	0.000
0.1453E-02	0.000
0.1509E-02	0.000
0.1566E-02	0.000
0.1626E-02	0.000
0.1688E-02	0.000
0.1752E-02	0.000
0.1819E-02	0.000
0.1888E-02	0.000
0.1960E-02	0.000
0.2034E-02	0.000
0.2112E-02	0.000
0.2192E-02	0.000
0.2276E-02	0.000
0.2362E-02	0.000
0.2452E-02	0.000
0.2546E-02	0.000
0.2643E-02	0.000
0.2743E-02	0.000
0.2848E-02	0.000
0.2956E-02	0.000
0.3069E-02	0.000
0.3186E-02	0.000
0.3307E-02	0.000
0.3433E-02	0.000
0.3564E-02	0.000
0.3700E-02	0.000
0.3841E-02	0.000
0.3987E-02	0.000
0.4139E-02	0.000
0.4296E-02	0.000
0.4460E-02	0.000
0.4630E-02	0.000
0.4806E-02	0.000
0.4989E-02	0.000
0.5179E-02	0.000
0.5377E-02	0.000
0.5581E-02	0.000
0.5794E-02	0.000
0.6015E-02	0.000
0.6244E-02	0.000
0.6481E-02	0.000
0.6728E-02	0.000
0.6985E-02	0.000
0.7251E-02	0.000
0.7527E-02	0.000
0.7813E-02	0.000
0.8111E-02	0.000
0.8420E-02	0.000
0.8741E-02	0.000
0.9073E-02	0.000
0.9419E-02	0.000
0.9778E-02	0.000
0.1015E-01	0.000
0.1054E-01	0.000
0.1094E-01	0.000
0.1135E-01	0.000
0.1179E-01	0.000
0.1224E-01	0.000
0.1270E-01	0.000
0.1319E-01	0.000
0.1369E-01	0.000
0.1421E-01	0.000
0.1475E-01	0.000
0.1531E-01	0.000
0.1590E-01	0.000
0.1650E-01	0.000
0.1713E-01	0.000
0.1778E-01	0.000
0.1846E-01	0.000
0.1916E-01	0.000
0.1989E-01	0.000
0.2065E-01	0.000
0.2144E-01	0.000
0.2225E-01	0.000
0.2310E-01	0.000
0.2398E-01	0.000
0.2489E-01	0.000
0.2584E-01	0.000
0.2682E-01	0.000
0.2785E-01	0.000
0.2891E-01	0.000
0.3001E-01	0.000
0.3115E-01	0.000
0.3234E-01	0.000
0.3357E-01	0.000
0.3485E-01	0.000
0.3617E-01	0.000
0.3755E-01	0.000
0.3898E-01	0.000
0.4047E-01	0.000
0.4201E-01	0.000
0.4361E-01	0.000
0.4527E-01	0.000
0.4699E-01	0.000
0.4878E-01	0.000
0.5064E-01	0.000
0.5257E-01	0.000
0.5457E-01	0.000
0.5665E-01	0.000
0.5881E-01	0.000
0.6105E-01	0.000
0.6337E-01	0.000
0.6579E-01	0.000
0.6829E-01	0.000
0.7089E-01	0.000
0.7359E-01	0.000
0.7640E-01	0.000
0.7931E-01	0.000
0.8233E-01	0.000
0.8546E-01	0.000
0.8872E-01	0.000
0.9210E-01	0.000
0.9560E-01	0.000
0.9924E-01	0.000
0.1030	0.000
0.1069	0.000
0.1110	0.000
0.1152	0.000
0.1196	0.000
0.1242	0.000
0.1289	0.000
0.1338	0.000
0.1389	0.000
0.1442	0.000
0.1497	0.000
0.1554	0.000
0.1613	0.000
0.1675	0.000
0.1739	0.000
0.1805	0.000
0.1874	0.000
0.1945	0.000
0.2019	0.000
0.2096	0.000
0.2176	0.000
0.2259	0.000
0.2345	0.000
0.2434	0.000
0.2527	0.000
0.2623	0.000
0.2723	0.000
0.2826	0.000
0.2934	0.000
0.3046	0.000
0.3162	0.000
0.3282	0.000
0.3407	0.000
0.3537	0.000
0.3672	0.000
0.3812	0.000
0.3957	0.000
0.4107	0.000
0.4264	0.000
0.4426	0.000
0.4595	0.000
0.4770	0.000
0.4952	0.000
0.5140	0.000
0.5336	0.000
0.5539	0.000
0.5750	0.000
0.5969	0.000
0.6196	0.000
0.6432	0.000
0.6677	0.000
0.6932	0.000
0.7196	0.000
0.7470	0.000
0.7754	0.000
0.8050	0.000
0.8356	0.000
0.8674	0.000
0.9005	0.000
0.9348	0.000
0.9704	0.000
1.007	0.000
1.046	0.000
1.086	0.000
1.127	0.000
1.170	0.000
1.214	0.000
1.261	0.000
1.309	0.000
1.358	0.000
1.410	0.000
1.464	0.000
1.520	0.000
1.578	0.000
1.638	0.000
1.700	0.000
1.765	0.000
1.832	0.000
1.902	0.000
1.974	0.000
2.049	0.000
2.127	0.000
2.208	0.000
2.293	0.000
2.380	0.000
2.470	0.000
2.565	0.000
2.662	0.000
2.764	0.000
2.869	0.000
2.978	0.000
3.092	0.000
3.209	0.000
3.332	0.000
3.458	0.000
3.590	0.000
3.727	0.000
3.869	0.000
4.016	0.000
4.169	0.000
4.328	0.000
4.493	0.000
4.664	0.000
4.841	0.000
5.026	0.000
5.217	0.000
5.416	0.000
5.622	0.000
5.836	0.000
6.059	0.000
6.289	0.000
6.529	0.000
6.778	0.000
7.036	0.000
7.304	0.000
7.582	0.000
7.871	0.000
8.170	0.000
8.482	0.000
8.805	0.000
9.140	0.000
9.488	0.000
9.849	0.000
10.22	0.000
10.61	0.000
11.02	0.000
11.44	0.000
11.87	0.000
12.33	0.000
12.80	0.000
13.28	0.000
13.79	0.000
14.31	0.000
14.86	0.000
15.42	0.000
16.01	0.000
16.62	0.000
17.25	0.000
17.91	0.000
18.59	0.000
19.30	0.000
20.04	0.000
20.80	0.000
21.59	0.000
22.42	0.000
23.27	0.000
24.16	0.000
25.08	0.000
26.03	0.000
27.02	0.000
28.05	0.2343E-32
29.12	0.7566E-32
30.23	0.2315E-31
31.38	0.6734E-31
32.57	0.1867E-30
33.82	0.4949E-30
35.10	0.1257E-29
36.44	0.3065E-29
37.83	0.3635E-25
39.27	0.8757E-25
40.76	0.2038E-24
42.32	0.4593E-24
43.93	0.1003E-23
45.60	0.2128E-23
47.34	0.4389E-23
49.14	0.8815E-23
51.01	0.1726E-22
52.96	0.3322E-22
54.97	0.6209E-22
57.07	0.1135E-21
59.24	0.2033E-21
61.50	0.3569E-21
63.84	0.6147E-21
66.27	0.1040E-20
68.79	0.1730E-20
71.41	0.2829E-20
74.13	0.4551E-20
76.96	0.7213E-20
79.89	0.1126E-19
82.93	0.1735E-19
86.09	0.2636E-19
89.37	0.3955E-19
92.77	0.5865E-19
96.31	0.8588E-19
99.97	0.1243E-18
103.8	0.1780E-18
107.7	0.2522E-18
111.8	0.3538E-18
116.1	0.4914E-18
120.5	0.6762E-18
125.1	0.9219E-18
129.9	0.1246E-17
134.8	0.1670E-17
140.0	0.2219E-17
145.3	0.2926E-17
150.8	0.3830E-17
156.6	0.4975E-17
162.5	0.6417E-17
168.7	0.8220E-17
175.1	0.1046E-16
181.8	0.1322E-16
188.7	0.1661E-16
195.9	0.2075E-16
203.4	0.2576E-16
211.1	0.3181E-16
219.2	0.3906E-16
227.5	0.4772E-16
236.2	0.5800E-16
245.2	0.7016E-16
254.5	0.8447E-16
264.2	0.1012E-15
274.3	0.1208E-15
284.7	0.1436E-15
295.6	0.1699E-15
306.8	0.2003E-15
318.5	0.2353E-15
330.6	0.2753E-15
343.2	0.3210E-15
356.3	0.3731E-15
369.9	0.4321E-15
384.0	0.4989E-15
398.6	0.5743E-15
413.8	0.6591E-15
429.5	0.7542E-15
445.9	0.8607E-15
462.9	0.9796E-15
480.5	0.1112E-14
498.8	0.1259E-14
517.8	0.1422E-14
537.5	0.1602E-14
558.0	0.1801E-14
579.2	0.2019E-14
601.3	0.2260E-14
624.2	0.2523E-14
648.0	0.2811E-14
672.6	0.3127E-14
698.3	0.3470E-14
724.9	0.3844E-14
752.5	0.4249E-14
781.1	0.4689E-14
810.9	0.5163E-14
841.8	0.5677E-14
873.8	0.6232E-14
907.1	0.6830E-14
941.6	0.7472E-14
977.5	0.8163E-14
1015.	0.8904E-14
1053.	0.9696E-14
1094.	0.1054E-13
1135.	0.1145E-13
1178.	0.1241E-13
1223.	0.1344E-13
1270.	0.1454E-13
1318.	0.1570E-13
1368.	0.1694E-13
1421.	0.1825E-13
1475.	0.1964E-13
1531.	0.2111E-13
1589.	0.2265E-13
1650.	0.2429E-13
1712.	0.2602E-13
1778.	0.2784E-13
1845.	0.2976E-13
1916.	0.3178E-13
1989.	0.3389E-13
2064.	0.3611E-13
2143.	0.3844E-13
2225.	0.4087E-13
2309.	0.4342E-13
2397.	0.4609E-13
2489.	0.4887E-13
2583.	0.5178E-13
2682.	0.5481E-13
2784.	0.5797E-13
2890.	0.6125E-13
3000.	0.6467E-13
 
 
C1    C3H6    Attachment                                        
E/N (Td)	Inverse rate coefficient (m2)
0.1000E-02	0.000
0.1038E-02	0.000
0.1078E-02	0.000
0.1119E-02	0.000
0.1161E-02	0.000
0.1205E-02	0.000
0.1251E-02	0.000
0.1299E-02	0.000
0.1349E-02	0.000
0.1400E-02	0.000
0.1453E-02	0.000
0.1509E-02	0.000
0.1566E-02	0.000
0.1626E-02	0.000
0.1688E-02	0.000
0.1752E-02	0.000
0.1819E-02	0.000
0.1888E-02	0.000
0.1960E-02	0.000
0.2034E-02	0.000
0.2112E-02	0.000
0.2192E-02	0.000
0.2276E-02	0.000
0.2362E-02	0.000
0.2452E-02	0.000
0.2546E-02	0.000
0.2643E-02	0.000
0.2743E-02	0.000
0.2848E-02	0.000
0.2956E-02	0.000
0.3069E-02	0.000
0.3186E-02	0.000
0.3307E-02	0.000
0.3433E-02	0.000
0.3564E-02	0.000
0.3700E-02	0.000
0.3841E-02	0.000
0.3987E-02	0.000
0.4139E-02	0.000
0.4296E-02	0.000
0.4460E-02	0.000
0.4630E-02	0.000
0.4806E-02	0.000
0.4989E-02	0.000
0.5179E-02	0.000
0.5377E-02	0.000
0.5581E-02	0.000
0.5794E-02	0.000
0.6015E-02	0.000
0.6244E-02	0.000
0.6481E-02	0.000
0.6728E-02	0.000
0.6985E-02	0.000
0.7251E-02	0.000
0.7527E-02	0.000
0.7813E-02	0.000
0.8111E-02	0.000
0.8420E-02	0.000
0.8741E-02	0.000
0.9073E-02	0.000
0.9419E-02	0.000
0.9778E-02	0.000
0.1015E-01	0.000
0.1054E-01	0.000
0.1094E-01	0.000
0.1135E-01	0.000
0.1179E-01	0.000
0.1224E-01	0.000
0.1270E-01	0.000
0.1319E-01	0.000
0.1369E-01	0.000
0.1421E-01	0.000
0.1475E-01	0.000
0.1531E-01	0.000
0.1590E-01	0.000
0.1650E-01	0.000
0.1713E-01	0.000
0.1778E-01	0.000
0.1846E-01	0.000
0.1916E-01	0.000
0.1989E-01	0.000
0.2065E-01	0.000
0.2144E-01	0.000
0.2225E-01	0.000
0.2310E-01	0.000
0.2398E-01	0.000
0.2489E-01	0.000
0.2584E-01	0.000
0.2682E-01	0.000
0.2785E-01	0.000
0.2891E-01	0.000
0.3001E-01	0.000
0.3115E-01	0.000
0.3234E-01	0.000
0.3357E-01	0.000
0.3485E-01	0.000
0.3617E-01	0.000
0.3755E-01	0.000
0.3898E-01	0.000
0.4047E-01	0.000
0.4201E-01	0.000
0.4361E-01	0.000
0.4527E-01	0.000
0.4699E-01	0.000
0.4878E-01	0.000
0.5064E-01	0.000
0.5257E-01	0.000
0.5457E-01	0.000
0.5665E-01	0.000
0.5881E-01	0.000
0.6105E-01	0.000
0.6337E-01	0.000
0.6579E-01	0.000
0.6829E-01	0.000
0.7089E-01	0.000
0.7359E-01	0.000
0.7640E-01	0.000
0.7931E-01	0.000
0.8233E-01	0.000
0.8546E-01	0.000
0.8872E-01	0.000
0.9210E-01	0.000
0.9560E-01	0.000
0.9924E-01	0.000
0.1030	0.000
0.1069	0.000
0.1110	0.000
0.1152	0.000
0.1196	0.000
0.1242	0.000
0.1289	0.000
0.1338	0.000
0.1389	0.000
0.1442	0.000
0.1497	0.000
0.1554	0.000
0.1613	0.000
0.1675	0.000
0.1739	0.000
0.1805	0.000
0.1874	0.000
0.1945	0.000
0.2019	0.000
0.2096	0.000
0.2176	0.000
0.2259	0.000
0.2345	0.000
0.2434	0.000
0.2527	0.000
0.2623	0.000
0.2723	0.000
0.2826	0.000
0.2934	0.000
0.3046	0.000
0.3162	0.000
0.3282	0.000
0.3407	0.000
0.3537	0.000
0.3672	0.000
0.3812	0.000
0.3957	0.000
0.4107	0.000
0.4264	0.000
0.4426	0.000
0.4595	0.000
0.4770	0.000
0.4952	0.000
0.5140	0.000
0.5336	0.000
0.5539	0.000
0.5750	0.000
0.5969	0.000
0.6196	0.000
0.6432	0.000
0.6677	0.000
0.6932	0.000
0.7196	0.000
0.7470	0.000
0.7754	0.000
0.8050	0.000
0.8356	0.000
0.8674	0.000
0.9005	0.000
0.9348	0.000
0.9704	0.000
1.007	0.000
1.046	0.000
1.086	0.000
1.127	0.000
1.170	0.000
1.214	0.000
1.261	0.000
1.309	0.000
1.358	0.000
1.410	0.000
1.464	0.000
1.520	0.000
1.578	0.000
1.638	0.000
1.700	0.000
1.765	0.000
1.832	0.000
1.902	0.000
1.974	0.000
2.049	0.000
2.127	0.000
2.208	0.000
2.293	0.000
2.380	0.000
2.470	0.000
2.565	0.000
2.662	0.000
2.764	0.000
2.869	0.000
2.978	0.000
3.092	0.000
3.209	0.000
3.332	0.000
3.458	0.000
3.590	0.000
3.727	0.000
3.869	0.000
4.016	0.000
4.169	0.000
4.328	0.000
4.493	0.000
4.664	0.000
4.841	0.000
5.026	0.000
5.217	0.000
5.416	0.000
5.622	0.000
5.836	0.000
6.059	0.000
6.289	0.000
6.529	0.000
6.778	0.000
7.036	0.000
7.304	0.000
7.582	0.000
7.871	0.000
8.170	0.000
8.482	0.000
8.805	0.000
9.140	0.000
9.488	0.000
9.849	0.000
10.22	0.000
10.61	0.000
11.02	0.000
11.44	0.000
11.87	0.000
12.33	0.000
12.80	0.000
13.28	0.000
13.79	0.000
14.31	0.000
14.86	0.000
15.42	0.000
16.01	0.000
16.62	0.000
17.25	0.000
17.91	0.000
18.59	0.000
19.30	0.000
20.04	0.000
20.80	0.000
21.59	0.000
22.42	0.000
23.27	0.000
24.16	0.000
25.08	0.000
26.03	0.000
27.02	0.000
28.05	0.000
29.12	0.000
30.23	0.000
31.38	0.000
32.57	0.000
33.82	0.000
35.10	0.000
36.44	0.000
37.83	0.000
39.27	0.000
40.76	0.000
42.32	0.000
43.93	0.000
45.60	0.000
47.34	0.000
49.14	0.000
51.01	0.000
52.96	0.000
54.97	0.000
57.07	0.000
59.24	0.000
61.50	0.000
63.84	0.000
66.27	0.000
68.79	0.000
71.41	0.000
74.13	0.000
76.96	0.000
79.89	0.000
82.93	0.000
86.09	0.000
89.37	0.000
92.77	0.000
96.31	0.000
99.97	0.000
103.8	0.000
107.7	0.000
111.8	0.000
116.1	0.000
120.5	0.000
125.1	0.000
129.9	0.000
134.8	0.000
140.0	0.000
145.3	0.000
150.8	0.000
156.6	0.000
162.5	0.000
168.7	0.000
175.1	0.000
181.8	0.000
188.7	0.000
195.9	0.000
203.4	0.000
211.1	0.000
219.2	0.000
227.5	0.000
236.2	0.000
245.2	0.000
254.5	0.000
264.2	0.000
274.3	0.000
284.7	0.000
295.6	0.000
306.8	0.000
318.5	0.000
330.6	0.000
343.2	0.000
356.3	0.000
369.9	0.000
384.0	0.000
398.6	0.000
413.8	0.000
429.5	0.000
445.9	0.000
462.9	0.000
480.5	0.000
498.8	0.000
517.8	0.000
537.5	0.000
558.0	0.000
579.2	0.000
601.3	0.000
624.2	0.000
648.0	0.000
672.6	0.000
698.3	0.000
724.9	0.000
752.5	0.000
781.1	0.000
810.9	0.000
841.8	0.000
873.8	0.000
907.1	0.000
941.6	0.000
977.5	0.000
1015.	0.000
1053.	0.000
1094.	0.000
1135.	0.000
1178.	0.000
1223.	0.000
1270.	0.000
1318.	0.000
1368.	0.000
1421.	0.000
1475.	0.000
1531.	0.000
1589.	0.000
1650.	0.000
1712.	0.000
1778.	0.000
1845.	0.000
1916.	0.000
1989.	0.000
2064.	0.000
2143.	0.000
2225.	0.000
2309.	0.000
2397.	0.000
2489.	0.000
2583.	0.000
2682.	0.000
2784.	0.000
2890.	0.000
3000.	0.000
 
 
C2    C3H6    Elastic                                           
E/N (Td)	Inverse rate coefficient (m2)
0.1000E-02	0.000
0.1038E-02	0.000
0.1078E-02	0.000
0.1119E-02	0.000
0.1161E-02	0.000
0.1205E-02	0.000
0.1251E-02	0.000
0.1299E-02	0.000
0.1349E-02	0.000
0.1400E-02	0.000
0.1453E-02	0.000
0.1509E-02	0.000
0.1566E-02	0.000
0.1626E-02	0.000
0.1688E-02	0.000
0.1752E-02	0.000
0.1819E-02	0.000
0.1888E-02	0.000
0.1960E-02	0.000
0.2034E-02	0.000
0.2112E-02	0.000
0.2192E-02	0.000
0.2276E-02	0.000
0.2362E-02	0.000
0.2452E-02	0.000
0.2546E-02	0.000
0.2643E-02	0.000
0.2743E-02	0.000
0.2848E-02	0.000
0.2956E-02	0.000
0.3069E-02	0.000
0.3186E-02	0.000
0.3307E-02	0.000
0.3433E-02	0.000
0.3564E-02	0.000
0.3700E-02	0.000
0.3841E-02	0.000
0.3987E-02	0.000
0.4139E-02	0.000
0.4296E-02	0.000
0.4460E-02	0.000
0.4630E-02	0.000
0.4806E-02	0.000
0.4989E-02	0.000
0.5179E-02	0.000
0.5377E-02	0.000
0.5581E-02	0.000
0.5794E-02	0.000
0.6015E-02	0.000
0.6244E-02	0.000
0.6481E-02	0.000
0.6728E-02	0.000
0.6985E-02	0.000
0.7251E-02	0.000
0.7527E-02	0.000
0.7813E-02	0.000
0.8111E-02	0.000
0.8420E-02	0.000
0.8741E-02	0.000
0.9073E-02	0.000
0.9419E-02	0.000
0.9778E-02	0.000
0.1015E-01	0.000
0.1054E-01	0.000
0.1094E-01	0.000
0.1135E-01	0.000
0.1179E-01	0.000
0.1224E-01	0.000
0.1270E-01	0.000
0.1319E-01	0.000
0.1369E-01	0.000
0.1421E-01	0.000
0.1475E-01	0.000
0.1531E-01	0.000
0.1590E-01	0.000
0.1650E-01	0.000
0.1713E-01	0.000
0.1778E-01	0.000
0.1846E-01	0.000
0.1916E-01	0.000
0.1989E-01	0.000
0.2065E-01	0.000
0.2144E-01	0.000
0.2225E-01	0.000
0.2310E-01	0.000
0.2398E-01	0.000
0.2489E-01	0.000
0.2584E-01	0.000
0.2682E-01	0.000
0.2785E-01	0.000
0.2891E-01	0.000
0.3001E-01	0.000
0.3115E-01	0.000
0.3234E-01	0.000
0.3357E-01	0.000
0.3485E-01	0.000
0.3617E-01	0.000
0.3755E-01	0.000
0.3898E-01	0.000
0.4047E-01	0.000
0.4201E-01	0.000
0.4361E-01	0.000
0.4527E-01	0.000
0.4699E-01	0.000
0.4878E-01	0.000
0.5064E-01	0.000
0.5257E-01	0.000
0.5457E-01	0.000
0.5665E-01	0.000
0.5881E-01	0.000
0.6105E-01	0.000
0.6337E-01	0.000
0.6579E-01	0.000
0.6829E-01	0.000
0.7089E-01	0.000
0.7359E-01	0.000
0.7640E-01	0.000
0.7931E-01	0.000
0.8233E-01	0.000
0.8546E-01	0.000
0.8872E-01	0.000
0.9210E-01	0.000
0.9560E-01	0.000
0.9924E-01	0.000
0.1030	0.000
0.1069	0.000
0.1110	0.000
0.1152	0.000
0.1196	0.000
0.1242	0.000
0.1289	0.000
0.1338	0.000
0.1389	0.000
0.1442	0.000
0.1497	0.000
0.1554	0.000
0.1613	0.000
0.1675	0.000
0.1739	0.000
0.1805	0.000
0.1874	0.000
0.1945	0.000
0.2019	0.000
0.2096	0.000
0.2176	0.000
0.2259	0.000
0.2345	0.000
0.2434	0.000
0.2527	0.000
0.2623	0.000
0.2723	0.000
0.2826	0.000
0.2934	0.000
0.3046	0.000
0.3162	0.000
0.3282	0.000
0.3407	0.000
0.3537	0.000
0.3672	0.000
0.3812	0.000
0.3957	0.000
0.4107	0.000
0.4264	0.000
0.4426	0.000
0.4595	0.000
0.4770	0.000
0.4952	0.000
0.5140	0.000
0.5336	0.000
0.5539	0.000
0.5750	0.000
0.5969	0.000
0.6196	0.000
0.6432	0.000
0.6677	0.000
0.6932	0.000
0.7196	0.000
0.7470	0.000
0.7754	0.000
0.8050	0.000
0.8356	0.000
0.8674	0.000
0.9005	0.000
0.9348	0.000
0.9704	0.000
1.007	0.000
1.046	0.000
1.086	0.000
1.127	0.000
1.170	0.000
1.214	0.000
1.261	0.000
1.309	0.000
1.358	0.000
1.410	0.000
1.464	0.000
1.520	0.000
1.578	0.000
1.638	0.000
1.700	0.000
1.765	0.000
1.832	0.000
1.902	0.000
1.974	0.000
2.049	0.000
2.127	0.000
2.208	0.000
2.293	0.000
2.380	0.000
2.470	0.000
2.565	0.000
2.662	0.000
2.764	0.000
2.869	0.000
2.978	0.000
3.092	0.000
3.209	0.000
3.332	0.000
3.458	0.000
3.590	0.000
3.727	0.000
3.869	0.000
4.016	0.000
4.169	0.000
4.328	0.000
4.493	0.000
4.664	0.000
4.841	0.000
5.026	0.000
5.217	0.000
5.416	0.000
5.622	0.000
5.836	0.000
6.059	0.000
6.289	0.000
6.529	0.000
6.778	0.000
7.036	0.000
7.304	0.000
7.582	0.000
7.871	0.000
8.170	0.000
8.482	0.000
8.805	0.000
9.140	0.000
9.488	0.000
9.849	0.000
10.22	0.000
10.61	0.000
11.02	0.000
11.44	0.000
11.87	0.000
12.33	0.000
12.80	0.000
13.28	0.000
13.79	0.000
14.31	0.000
14.86	0.000
15.42	0.000
16.01	0.000
16.62	0.000
17.25	0.000
17.91	0.000
18.59	0.000
19.30	0.000
20.04	0.000
20.80	0.000
21.59	0.000
22.42	0.000
23.27	0.000
24.16	0.000
25.08	0.000
26.03	0.000
27.02	0.000
28.05	0.000
29.12	0.000
30.23	0.000
31.38	0.000
32.57	0.000
33.82	0.000
35.10	0.000
36.44	0.000
37.83	0.000
39.27	0.000
40.76	0.000
42.32	0.000
43.93	0.000
45.60	0.000
47.34	0.000
49.14	0.000
51.01	0.000
52.96	0.000
54.97	0.000
57.07	0.000
59.24	0.000
61.50	0.000
63.84	0.000
66.27	0.000
68.79	0.000
71.41	0.000
74.13	0.000
76.96	0.000
79.89	0.000
82.93	0.000
86.09	0.000
89.37	0.000
92.77	0.000
96.31	0.000
99.97	0.000
103.8	0.000
107.7	0.000
111.8	0.000
116.1	0.000
120.5	0.000
125.1	0.000
129.9	0.000
134.8	0.000
140.0	0.000
145.3	0.000
150.8	0.000
156.6	0.000
162.5	0.000
168.7	0.000
175.1	0.000
181.8	0.000
188.7	0.000
195.9	0.000
203.4	0.000
211.1	0.000
219.2	0.000
227.5	0.000
236.2	0.000
245.2	0.000
254.5	0.000
264.2	0.000
274.3	0.000
284.7	0.000
295.6	0.000
306.8	0.000
318.5	0.000
330.6	0.000
343.2	0.000
356.3	0.000
369.9	0.000
384.0	0.000
398.6	0.000
413.8	0.000
429.5	0.000
445.9	0.000
462.9	0.000
480.5	0.000
498.8	0.000
517.8	0.000
537.5	0.000
558.0	0.000
579.2	0.000
601.3	0.000
624.2	0.000
648.0	0.000
672.6	0.000
698.3	0.000
724.9	0.000
752.5	0.000
781.1	0.000
810.9	0.000
841.8	0.000
873.8	0.000
907.1	0.000
941.6	0.000
977.5	0.000
1015.	0.000
1053.	0.000
1094.	0.000
1135.	0.000
1178.	0.000
1223.	0.000
1270.	0.000
1318.	0.000
1368.	0.000
1421.	0.000
1475.	0.000
1531.	0.000
1589.	0.000
1650.	0.000
1712.	0.000
1778.	0.000
1845.	0.000
1916.	0.000
1989.	0.000
2064.	0.000
2143.	0.000
2225.	0.000
2309.	0.000
2397.	0.000
2489.	0.000
2583.	0.000
2682.	0.000
2784.	0.000
2890.	0.000
3000.	0.000
 
 
C3    C3H6    Excitation    0.070 eV                            
E/N (Td)	Inverse rate coefficient (m2)
0.1000E-02	0.1053E-13
0.1038E-02	0.1053E-13
0.1078E-02	0.1053E-13
0.1119E-02	0.1053E-13
0.1161E-02	0.1053E-13
0.1205E-02	0.1053E-13
0.1251E-02	0.1053E-13
0.1299E-02	0.1053E-13
0.1349E-02	0.1053E-13
0.1400E-02	0.1053E-13
0.1453E-02	0.1053E-13
0.1509E-02	0.1053E-13
0.1566E-02	0.1053E-13
0.1626E-02	0.1053E-13
0.1688E-02	0.1053E-13
0.1752E-02	0.1053E-13
0.1819E-02	0.1053E-13
0.1888E-02	0.1053E-13
0.1960E-02	0.1053E-13
0.2034E-02	0.1053E-13
0.2112E-02	0.1053E-13
0.2192E-02	0.1053E-13
0.2276E-02	0.1053E-13
0.2362E-02	0.1053E-13
0.2452E-02	0.1053E-13
0.2546E-02	0.1053E-13
0.2643E-02	0.1053E-13
0.2743E-02	0.1053E-13
0.2848E-02	0.1053E-13
0.2956E-02	0.1053E-13
0.3069E-02	0.1053E-13
0.3186E-02	0.1053E-13
0.3307E-02	0.1053E-13
0.3433E-02	0.1053E-13
0.3564E-02	0.1053E-13
0.3700E-02	0.1053E-13
0.3841E-02	0.1053E-13
0.3987E-02	0.1053E-13
0.4139E-02	0.1053E-13
0.4296E-02	0.1053E-13
0.4460E-02	0.1053E-13
0.4630E-02	0.1053E-13
0.4806E-02	0.1053E-13
0.4989E-02	0.1053E-13
0.5179E-02	0.1053E-13
0.5377E-02	0.1053E-13
0.5581E-02	0.1053E-13
0.5794E-02	0.1053E-13
0.6015E-02	0.1053E-13
0.6244E-02	0.1053E-13
0.6481E-02	0.1053E-13
0.6728E-02	0.1053E-13
0.6985E-02	0.1052E-13
0.7251E-02	0.1052E-13
0.7527E-02	0.1052E-13
0.7813E-02	0.1052E-13
0.8111E-02	0.1052E-13
0.8420E-02	0.1052E-13
0.8741E-02	0.1052E-13
0.9073E-02	0.1052E-13
0.9419E-02	0.1052E-13
0.9778E-02	0.1052E-13
0.1015E-01	0.1052E-13
0.1054E-01	0.1052E-13
0.1094E-01	0.1052E-13
0.1135E-01	0.1052E-13
0.1179E-01	0.1052E-13
0.1224E-01	0.1052E-13
0.1270E-01	0.1052E-13
0.1319E-01	0.1052E-13
0.1369E-01	0.1052E-13
0.1421E-01	0.1052E-13
0.1475E-01	0.1052E-13
0.1531E-01	0.1052E-13
0.1590E-01	0.1052E-13
0.1650E-01	0.1052E-13
0.1713E-01	0.1052E-13
0.1778E-01	0.1052E-13
0.1846E-01	0.1052E-13
0.1916E-01	0.1052E-13
0.1989E-01	0.1052E-13
0.2065E-01	0.1052E-13
0.2144E-01	0.1052E-13
0.2225E-01	0.1052E-13
0.2310E-01	0.1052E-13
0.2398E-01	0.1052E-13
0.2489E-01	0.1052E-13
0.2584E-01	0.1051E-13
0.2682E-01	0.1051E-13
0.2785E-01	0.1051E-13
0.2891E-01	0.1051E-13
0.3001E-01	0.1051E-13
0.3115E-01	0.1051E-13
0.3234E-01	0.1051E-13
0.3357E-01	0.1051E-13
0.3485E-01	0.1051E-13
0.3617E-01	0.1051E-13
0.3755E-01	0.1051E-13
0.3898E-01	0.1051E-13
0.4047E-01	0.1050E-13
0.4201E-01	0.1050E-13
0.4361E-01	0.1050E-13
0.4527E-01	0.1050E-13
0.4699E-01	0.1050E-13
0.4878E-01	0.1050E-13
0.5064E-01	0.1050E-13
0.5257E-01	0.1050E-13
0.5457E-01	0.1050E-13
0.5665E-01	0.1050E-13
0.5881E-01	0.1049E-13
0.6105E-01	0.1049E-13
0.6337E-01	0.1049E-13
0.6579E-01	0.1049E-13
0.6829E-01	0.1049E-13
0.7089E-01	0.1049E-13
0.7359E-01	0.1049E-13
0.7640E-01	0.1049E-13
0.7931E-01	0.1049E-13
0.8233E-01	0.1049E-13
0.8546E-01	0.1049E-13
0.8872E-01	0.1049E-13
0.9210E-01	0.1048E-13
0.9560E-01	0.1048E-13
0.9924E-01	0.1048E-13
0.1030	0.1048E-13
0.1069	0.1048E-13
0.1110	0.1048E-13
0.1152	0.1048E-13
0.1196	0.1048E-13
0.1242	0.1048E-13
0.1289	0.1048E-13
0.1338	0.1048E-13
0.1389	0.1048E-13
0.1442	0.1048E-13
0.1497	0.1048E-13
0.1554	0.1048E-13
0.1613	0.1048E-13
0.1675	0.1047E-13
0.1739	0.1047E-13
0.1805	0.1047E-13
0.1874	0.1047E-13
0.1945	0.1047E-13
0.2019	0.1047E-13
0.2096	0.1047E-13
0.2176	0.1047E-13
0.2259	0.1047E-13
0.2345	0.1047E-13
0.2434	0.1047E-13
0.2527	0.1047E-13
0.2623	0.1047E-13
0.2723	0.1046E-13
0.2826	0.1046E-13
0.2934	0.1046E-13
0.3046	0.1046E-13
0.3162	0.1046E-13
0.3282	0.1046E-13
0.3407	0.1046E-13
0.3537	0.1046E-13
0.3672	0.1045E-13
0.3812	0.1045E-13
0.3957	0.1045E-13
0.4107	0.1045E-13
0.4264	0.1045E-13
0.4426	0.1044E-13
0.4595	0.1044E-13
0.4770	0.1044E-13
0.4952	0.1043E-13
0.5140	0.1043E-13
0.5336	0.1043E-13
0.5539	0.1042E-13
0.5750	0.1042E-13
0.5969	0.1042E-13
0.6196	0.1041E-13
0.6432	0.1041E-13
0.6677	0.1040E-13
0.6932	0.1040E-13
0.7196	0.1039E-13
0.7470	0.1039E-13
0.7754	0.1038E-13
0.8050	0.1037E-13
0.8356	0.1037E-13
0.8674	0.1036E-13
0.9005	0.1035E-13
0.9348	0.1034E-13
0.9704	0.1033E-13
1.007	0.1033E-13
1.046	0.1032E-13
1.086	0.1031E-13
1.127	0.1029E-13
1.170	0.1028E-13
1.214	0.1027E-13
1.261	0.1026E-13
1.309	0.1024E-13
1.358	0.1023E-13
1.410	0.1022E-13
1.464	0.1020E-13
1.520	0.1018E-13
1.578	0.1017E-13
1.638	0.1015E-13
1.700	0.1013E-13
1.765	0.1011E-13
1.832	0.1009E-13
1.902	0.1006E-13
1.974	0.1004E-13
2.049	0.1002E-13
2.127	0.9990E-14
2.208	0.9963E-14
2.293	0.9934E-14
2.380	0.9904E-14
2.470	0.9872E-14
2.565	0.9838E-14
2.662	0.9803E-14
2.764	0.9766E-14
2.869	0.9727E-14
2.978	0.9687E-14
3.092	0.9645E-14
3.209	0.9600E-14
3.332	0.9554E-14
3.458	0.9507E-14
3.590	0.9457E-14
3.727	0.9405E-14
3.869	0.9352E-14
4.016	0.9297E-14
4.169	0.9241E-14
4.328	0.9185E-14
4.493	0.9127E-14
4.664	0.9069E-14
4.841	0.9012E-14
5.026	0.8954E-14
5.217	0.8898E-14
5.416	0.8843E-14
5.622	0.8789E-14
5.836	0.8738E-14
6.059	0.8690E-14
6.289	0.8645E-14
6.529	0.8605E-14
6.778	0.8570E-14
7.036	0.8539E-14
7.304	0.8512E-14
7.582	0.8491E-14
7.871	0.8474E-14
8.170	0.8465E-14
8.482	0.8462E-14
8.805	0.8464E-14
9.140	0.8473E-14
9.488	0.8489E-14
9.849	0.8511E-14
10.22	0.8541E-14
10.61	0.8578E-14
11.02	0.8621E-14
11.44	0.8673E-14
11.87	0.8732E-14
12.33	0.8799E-14
12.80	0.8875E-14
13.28	0.8959E-14
13.79	0.9053E-14
14.31	0.9158E-14
14.86	0.9272E-14
15.42	0.9398E-14
16.01	0.9535E-14
16.62	0.9683E-14
17.25	0.9843E-14
17.91	0.1001E-13
18.59	0.1020E-13
19.30	0.1039E-13
20.04	0.1059E-13
20.80	0.1079E-13
21.59	0.1100E-13
22.42	0.1122E-13
23.27	0.1143E-13
24.16	0.1164E-13
25.08	0.1185E-13
26.03	0.1205E-13
27.02	0.1224E-13
28.05	0.1243E-13
29.12	0.1260E-13
30.23	0.1277E-13
31.38	0.1292E-13
32.57	0.1307E-13
33.82	0.1321E-13
35.10	0.1333E-13
36.44	0.1345E-13
37.83	0.1357E-13
39.27	0.1367E-13
40.76	0.1377E-13
42.32	0.1387E-13
43.93	0.1395E-13
45.60	0.1404E-13
47.34	0.1412E-13
49.14	0.1419E-13
51.01	0.1426E-13
52.96	0.1433E-13
54.97	0.1439E-13
57.07	0.1446E-13
59.24	0.1452E-13
61.50	0.1457E-13
63.84	0.1463E-13
66.27	0.1468E-13
68.79	0.1473E-13
71.41	0.1478E-13
74.13	0.1483E-13
76.96	0.1488E-13
79.89	0.1492E-13
82.93	0.1497E-13
86.09	0.1501E-13
89.37	0.1505E-13
92.77	0.1509E-13
96.31	0.1512E-13
99.97	0.1516E-13
103.8	0.1519E-13
107.7	0.1522E-13
111.8	0.1526E-13
116.1	0.1528E-13
120.5	0.1531E-13
125.1	0.1534E-13
129.9	0.1536E-13
134.8	0.1538E-13
140.0	0.1540E-13
145.3	0.1542E-13
150.8	0.1544E-13
156.6	0.1545E-13
162.5	0.1546E-13
168.7	0.1547E-13
175.1	0.1548E-13
181.8	0.1548E-13
188.7	0.1548E-13
195.9	0.1548E-13
203.4	0.1548E-13
211.1	0.1548E-13
219.2	0.1547E-13
227.5	0.1546E-13
236.2	0.1545E-13
245.2	0.1543E-13
254.5	0.1542E-13
264.2	0.1540E-13
274.3	0.1538E-13
284.7	0.1535E-13
295.6	0.1533E-13
306.8	0.1530E-13
318.5	0.1527E-13
330.6	0.1523E-13
343.2	0.1520E-13
356.3	0.1516E-13
369.9	0.1512E-13
384.0	0.1508E-13
398.6	0.1503E-13
413.8	0.1498E-13
429.5	0.1494E-13
445.9	0.1489E-13
462.9	0.1483E-13
480.5	0.1478E-13
498.8	0.1472E-13
517.8	0.1466E-13
537.5	0.1460E-13
558.0	0.1454E-13
579.2	0.1447E-13
601.3	0.1441E-13
624.2	0.1434E-13
648.0	0.1427E-13
672.6	0.1420E-13
698.3	0.1412E-13
724.9	0.1405E-13
752.5	0.1397E-13
781.1	0.1389E-13
810.9	0.1381E-13
841.8	0.1373E-13
873.8	0.1365E-13
907.1	0.1357E-13
941.6	0.1348E-13
977.5	0.1339E-13
1015.	0.1331E-13
1053.	0.1322E-13
1094.	0.1313E-13
1135.	0.1304E-13
1178.	0.1295E-13
1223.	0.1285E-13
1270.	0.1276E-13
1318.	0.1267E-13
1368.	0.1257E-13
1421.	0.1248E-13
1475.	0.1238E-13
1531.	0.1228E-13
1589.	0.1218E-13
1650.	0.1208E-13
1712.	0.1199E-13
1778.	0.1189E-13
1845.	0.1178E-13
1916.	0.1168E-13
1989.	0.1158E-13
2064.	0.1148E-13
2143.	0.1138E-13
2225.	0.1127E-13
2309.	0.1117E-13
2397.	0.1107E-13
2489.	0.1096E-13
2583.	0.1086E-13
2682.	0.1075E-13
2784.	0.1065E-13
2890.	0.1054E-13
3000.	0.1043E-13
 
 
C4    C3H6    Excitation    3.60 eV                             
E/N (Td)	Inverse rate coefficient (m2)
0.1000E-02	0.1280E-14
0.1038E-02	0.1280E-14
0.1078E-02	0.1280E-14
0.1119E-02	0.1280E-14
0.1161E-02	0.1280E-14
0.1205E-02	0.1280E-14
0.1251E-02	0.1280E-14
0.1299E-02	0.1280E-14
0.1349E-02	0.1280E-14
0.1400E-02	0.1280E-14
0.1453E-02	0.1280E-14
0.1509E-02	0.1280E-14
0.1566E-02	0.1280E-14
0.1626E-02	0.1280E-14
0.1688E-02	0.1280E-14
0.1752E-02	0.1280E-14
0.1819E-02	0.1280E-14
0.1888E-02	0.1280E-14
0.1960E-02	0.1280E-14
0.2034E-02	0.1280E-14
0.2112E-02	0.1280E-14
0.2192E-02	0.1280E-14
0.2276E-02	0.1280E-14
0.2362E-02	0.1280E-14
0.2452E-02	0.1280E-14
0.2546E-02	0.1280E-14
0.2643E-02	0.1280E-14
0.2743E-02	0.1280E-14
0.2848E-02	0.1280E-14
0.2956E-02	0.1280E-14
0.3069E-02	0.1280E-14
0.3186E-02	0.1280E-14
0.3307E-02	0.1280E-14
0.3433E-02	0.1280E-14
0.3564E-02	0.1280E-14
0.3700E-02	0.1280E-14
0.3841E-02	0.1280E-14
0.3987E-02	0.1280E-14
0.4139E-02	0.1280E-14
0.4296E-02	0.1280E-14
0.4460E-02	0.1280E-14
0.4630E-02	0.1280E-14
0.4806E-02	0.1281E-14
0.4989E-02	0.1281E-14
0.5179E-02	0.1281E-14
0.5377E-02	0.1281E-14
0.5581E-02	0.1281E-14
0.5794E-02	0.1281E-14
0.6015E-02	0.1281E-14
0.6244E-02	0.1281E-14
0.6481E-02	0.1281E-14
0.6728E-02	0.1281E-14
0.6985E-02	0.1281E-14
0.7251E-02	0.1281E-14
0.7527E-02	0.1281E-14
0.7813E-02	0.1281E-14
0.8111E-02	0.1281E-14
0.8420E-02	0.1281E-14
0.8741E-02	0.1281E-14
0.9073E-02	0.1281E-14
0.9419E-02	0.1281E-14
0.9778E-02	0.1281E-14
0.1015E-01	0.1281E-14
0.1054E-01	0.1281E-14
0.1094E-01	0.1281E-14
0.1135E-01	0.1281E-14
0.1179E-01	0.1281E-14
0.1224E-01	0.1281E-14
0.1270E-01	0.1281E-14
0.1319E-01	0.1281E-14
0.1369E-01	0.1281E-14
0.1421E-01	0.1281E-14
0.1475E-01	0.1281E-14
0.1531E-01	0.1282E-14
0.1590E-01	0.1282E-14
0.1650E-01	0.1282E-14
0.1713E-01	0.1282E-14
0.1778E-01	0.1282E-14
0.1846E-01	0.1282E-14
0.1916E-01	0.1282E-14
0.1989E-01	0.1282E-14
0.2065E-01	0.1282E-14
0.2144E-01	0.1283E-14
0.2225E-01	0.1283E-14
0.2310E-01	0.1283E-14
0.2398E-01	0.1283E-14
0.2489E-01	0.1283E-14
0.2584E-01	0.1283E-14
0.2682E-01	0.1283E-14
0.2785E-01	0.1284E-14
0.2891E-01	0.1284E-14
0.3001E-01	0.1284E-14
0.3115E-01	0.1284E-14
0.3234E-01	0.1284E-14
0.3357E-01	0.1285E-14
0.3485E-01	0.1285E-14
0.3617E-01	0.1285E-14
0.3755E-01	0.1285E-14
0.3898E-01	0.1286E-14
0.4047E-01	0.1286E-14
0.4201E-01	0.1286E-14
0.4361E-01	0.1286E-14
0.4527E-01	0.1287E-14
0.4699E-01	0.1287E-14
0.4878E-01	0.1287E-14
0.5064E-01	0.1287E-14
0.5257E-01	0.1288E-14
0.5457E-01	0.1288E-14
0.5665E-01	0.1288E-14
0.5881E-01	0.1289E-14
0.6105E-01	0.1289E-14
0.6337E-01	0.1289E-14
0.6579E-01	0.1289E-14
0.6829E-01	0.1290E-14
0.7089E-01	0.1290E-14
0.7359E-01	0.1290E-14
0.7640E-01	0.1290E-14
0.7931E-01	0.1290E-14
0.8233E-01	0.1291E-14
0.8546E-01	0.1291E-14
0.8872E-01	0.1291E-14
0.9210E-01	0.1291E-14
0.9560E-01	0.1292E-14
0.9924E-01	0.1292E-14
0.1030	0.1292E-14
0.1069	0.1292E-14
0.1110	0.1292E-14
0.1152	0.1292E-14
0.1196	0.1293E-14
0.1242	0.1293E-14
0.1289	0.1293E-14
0.1338	0.1293E-14
0.1389	0.1293E-14
0.1442	0.1294E-14
0.1497	0.1294E-14
0.1554	0.1294E-14
0.1613	0.1294E-14
0.1675	0.1294E-14
0.1739	0.1295E-14
0.1805	0.1295E-14
0.1874	0.1295E-14
0.1945	0.1295E-14
0.2019	0.1296E-14
0.2096	0.1296E-14
0.2176	0.1296E-14
0.2259	0.1296E-14
0.2345	0.1297E-14
0.2434	0.1297E-14
0.2527	0.1297E-14
0.2623	0.1298E-14
0.2723	0.1298E-14
0.2826	0.1298E-14
0.2934	0.1299E-14
0.3046	0.1299E-14
0.3162	0.1300E-14
0.3282	0.1300E-14
0.3407	0.1301E-14
0.3537	0.1301E-14
0.3672	0.1302E-14
0.3812	0.1303E-14
0.3957	0.1303E-14
0.4107	0.1304E-14
0.4264	0.1305E-14
0.4426	0.1306E-14
0.4595	0.1307E-14
0.4770	0.1308E-14
0.4952	0.1309E-14
0.5140	0.1310E-14
0.5336	0.1311E-14
0.5539	0.1312E-14
0.5750	0.1313E-14
0.5969	0.1315E-14
0.6196	0.1316E-14
0.6432	0.1318E-14
0.6677	0.1319E-14
0.6932	0.1321E-14
0.7196	0.1323E-14
0.7470	0.1325E-14
0.7754	0.1327E-14
0.8050	0.1329E-14
0.8356	0.1332E-14
0.8674	0.1334E-14
0.9005	0.1337E-14
0.9348	0.1340E-14
0.9704	0.1343E-14
1.007	0.1346E-14
1.046	0.1350E-14
1.086	0.1353E-14
1.127	0.1357E-14
1.170	0.1361E-14
1.214	0.1366E-14
1.261	0.1370E-14
1.309	0.1375E-14
1.358	0.1380E-14
1.410	0.1386E-14
1.464	0.1392E-14
1.520	0.1398E-14
1.578	0.1405E-14
1.638	0.1412E-14
1.700	0.1419E-14
1.765	0.1428E-14
1.832	0.1436E-14
1.902	0.1445E-14
1.974	0.1455E-14
2.049	0.1466E-14
2.127	0.1477E-14
2.208	0.1490E-14
2.293	0.1503E-14
2.380	0.1517E-14
2.470	0.1533E-14
2.565	0.1549E-14
2.662	0.1568E-14
2.764	0.1588E-14
2.869	0.1609E-14
2.978	0.1633E-14
3.092	0.1660E-14
3.209	0.1689E-14
3.332	0.1722E-14
3.458	0.1758E-14
3.590	0.1799E-14
3.727	0.1845E-14
3.869	0.1897E-14
4.016	0.1957E-14
4.169	0.2024E-14
4.328	0.2101E-14
4.493	0.2188E-14
4.664	0.2288E-14
4.841	0.2402E-14
5.026	0.2532E-14
5.217	0.2681E-14
5.416	0.2849E-14
5.622	0.3040E-14
5.836	0.3257E-14
6.059	0.3500E-14
6.289	0.3772E-14
6.529	0.4074E-14
6.778	0.4408E-14
7.036	0.4778E-14
7.304	0.5185E-14
7.582	0.5628E-14
7.871	0.6115E-14
8.170	0.6634E-14
8.482	0.7191E-14
8.805	0.7785E-14
9.140	0.8420E-14
9.488	0.9085E-14
9.849	0.9781E-14
10.22	0.1050E-13
10.61	0.1126E-13
11.02	0.1204E-13
11.44	0.1284E-13
11.87	0.1365E-13
12.33	0.1449E-13
12.80	0.1533E-13
13.28	0.1618E-13
13.79	0.1704E-13
14.31	0.1789E-13
14.86	0.1874E-13
15.42	0.1959E-13
16.01	0.2042E-13
16.62	0.2124E-13
17.25	0.2205E-13
17.91	0.2285E-13
18.59	0.2362E-13
19.30	0.2437E-13
20.04	0.2510E-13
20.80	0.2580E-13
21.59	0.2646E-13
22.42	0.2709E-13
23.27	0.2769E-13
24.16	0.2825E-13
25.08	0.2878E-13
26.03	0.2926E-13
27.02	0.2971E-13
28.05	0.3013E-13
29.12	0.3052E-13
30.23	0.3087E-13
31.38	0.3119E-13
32.57	0.3148E-13
33.82	0.3175E-13
35.10	0.3200E-13
36.44	0.3223E-13
37.83	0.3244E-13
39.27	0.3263E-13
40.76	0.3281E-13
42.32	0.3297E-13
43.93	0.3313E-13
45.60	0.3327E-13
47.34	0.3340E-13
49.14	0.3353E-13
51.01	0.3364E-13
52.96	0.3375E-13
54.97	0.3385E-13
57.07	0.3395E-13
59.24	0.3404E-13
61.50	0.3412E-13
63.84	0.3420E-13
66.27	0.3427E-13
68.79	0.3434E-13
71.41	0.3441E-13
74.13	0.3447E-13
76.96	0.3452E-13
79.89	0.3457E-13
82.93	0.3462E-13
86.09	0.3466E-13
89.37	0.3470E-13
92.77	0.3473E-13
96.31	0.3476E-13
99.97	0.3478E-13
103.8	0.3480E-13
107.7	0.3481E-13
111.8	0.3481E-13
116.1	0.3481E-13
120.5	0.3480E-13
125.1	0.3478E-13
129.9	0.3476E-13
134.8	0.3472E-13
140.0	0.3468E-13
145.3	0.3463E-13
150.8	0.3458E-13
156.6	0.3451E-13
162.5	0.3443E-13
168.7	0.3435E-13
175.1	0.3425E-13
181.8	0.3414E-13
188.7	0.3403E-13
195.9	0.3390E-13
203.4	0.3376E-13
211.1	0.3361E-13
219.2	0.3345E-13
227.5	0.3327E-13
236.2	0.3309E-13
245.2	0.3289E-13
254.5	0.3268E-13
264.2	0.3247E-13
274.3	0.3224E-13
284.7	0.3199E-13
295.6	0.3174E-13
306.8	0.3148E-13
318.5	0.3120E-13
330.6	0.3092E-13
343.2	0.3062E-13
356.3	0.3031E-13
369.9	0.3000E-13
384.0	0.2967E-13
398.6	0.2934E-13
413.8	0.2899E-13
429.5	0.2864E-13
445.9	0.2828E-13
462.9	0.2791E-13
480.5	0.2753E-13
498.8	0.2715E-13
517.8	0.2676E-13
537.5	0.2636E-13
558.0	0.2596E-13
579.2	0.2555E-13
601.3	0.2514E-13
624.2	0.2472E-13
648.0	0.2430E-13
672.6	0.2387E-13
698.3	0.2344E-13
724.9	0.2301E-13
752.5	0.2257E-13
781.1	0.2214E-13
810.9	0.2170E-13
841.8	0.2126E-13
873.8	0.2082E-13
907.1	0.2038E-13
941.6	0.1994E-13
977.5	0.1950E-13
1015.	0.1906E-13
1053.	0.1863E-13
1094.	0.1819E-13
1135.	0.1776E-13
1178.	0.1733E-13
1223.	0.1690E-13
1270.	0.1647E-13
1318.	0.1605E-13
1368.	0.1563E-13
1421.	0.1522E-13
1475.	0.1481E-13
1531.	0.1440E-13
1589.	0.1401E-13
1650.	0.1361E-13
1712.	0.1322E-13
1778.	0.1284E-13
1845.	0.1246E-13
1916.	0.1208E-13
1989.	0.1172E-13
2064.	0.1136E-13
2143.	0.1100E-13
2225.	0.1066E-13
2309.	0.1031E-13
2397.	0.9980E-14
2489.	0.9654E-14
2583.	0.9333E-14
2682.	0.9019E-14
2784.	0.8711E-14
2890.	0.8411E-14
3000.	0.8117E-14
 
 
C5    C3H6    Excitation    7.65 eV                             
E/N (Td)	Inverse rate coefficient (m2)
0.1000E-02	0.6830E-18
0.1038E-02	0.6830E-18
0.1078E-02	0.6830E-18
0.1119E-02	0.6830E-18
0.1161E-02	0.6830E-18
0.1205E-02	0.6830E-18
0.1251E-02	0.6830E-18
0.1299E-02	0.6830E-18
0.1349E-02	0.6830E-18
0.1400E-02	0.6830E-18
0.1453E-02	0.6830E-18
0.1509E-02	0.6830E-18
0.1566E-02	0.6830E-18
0.1626E-02	0.6830E-18
0.1688E-02	0.6830E-18
0.1752E-02	0.6830E-18
0.1819E-02	0.6830E-18
0.1888E-02	0.6830E-18
0.1960E-02	0.6830E-18
0.2034E-02	0.6830E-18
0.2112E-02	0.6830E-18
0.2192E-02	0.6830E-18
0.2276E-02	0.6830E-18
0.2362E-02	0.6830E-18
0.2452E-02	0.6830E-18
0.2546E-02	0.6830E-18
0.2643E-02	0.6830E-18
0.2743E-02	0.6830E-18
0.2848E-02	0.6830E-18
0.2956E-02	0.6830E-18
0.3069E-02	0.6830E-18
0.3186E-02	0.6830E-18
0.3307E-02	0.6830E-18
0.3433E-02	0.6830E-18
0.3564E-02	0.6830E-18
0.3700E-02	0.6830E-18
0.3841E-02	0.6830E-18
0.3987E-02	0.6830E-18
0.4139E-02	0.6830E-18
0.4296E-02	0.6830E-18
0.4460E-02	0.6830E-18
0.4630E-02	0.6830E-18
0.4806E-02	0.6830E-18
0.4989E-02	0.6830E-18
0.5179E-02	0.6830E-18
0.5377E-02	0.6830E-18
0.5581E-02	0.6830E-18
0.5794E-02	0.6830E-18
0.6015E-02	0.6830E-18
0.6244E-02	0.6830E-18
0.6481E-02	0.6830E-18
0.6728E-02	0.6830E-18
0.6985E-02	0.6830E-18
0.7251E-02	0.6830E-18
0.7527E-02	0.6829E-18
0.7813E-02	0.6829E-18
0.8111E-02	0.6829E-18
0.8420E-02	0.6829E-18
0.8741E-02	0.6829E-18
0.9073E-02	0.6829E-18
0.9419E-02	0.6829E-18
0.9778E-02	0.6829E-18
0.1015E-01	0.6829E-18
0.1054E-01	0.6828E-18
0.1094E-01	0.6828E-18
0.1135E-01	0.6828E-18
0.1179E-01	0.6828E-18
0.1224E-01	0.6828E-18
0.1270E-01	0.6828E-18
0.1319E-01	0.6827E-18
0.1369E-01	0.6827E-18
0.1421E-01	0.6827E-18
0.1475E-01	0.6827E-18
0.1531E-01	0.6826E-18
0.1590E-01	0.6826E-18
0.1650E-01	0.6826E-18
0.1713E-01	0.6826E-18
0.1778E-01	0.6832E-18
0.1846E-01	0.6831E-18
0.1916E-01	0.6831E-18
0.1989E-01	0.6831E-18
0.2065E-01	0.6830E-18
0.2144E-01	0.6830E-18
0.2225E-01	0.6829E-18
0.2310E-01	0.6831E-18
0.2398E-01	0.6831E-18
0.2489E-01	0.6830E-18
0.2584E-01	0.6830E-18
0.2682E-01	0.6829E-18
0.2785E-01	0.6828E-18
0.2891E-01	0.6828E-18
0.3001E-01	0.6827E-18
0.3115E-01	0.6827E-18
0.3234E-01	0.6826E-18
0.3357E-01	0.6825E-18
0.3485E-01	0.6824E-18
0.3617E-01	0.6824E-18
0.3755E-01	0.6823E-18
0.3898E-01	0.6822E-18
0.4047E-01	0.6821E-18
0.4201E-01	0.6821E-18
0.4361E-01	0.6819E-18
0.4527E-01	0.6819E-18
0.4699E-01	0.6818E-18
0.4878E-01	0.6817E-18
0.5064E-01	0.6816E-18
0.5257E-01	0.6815E-18
0.5457E-01	0.6815E-18
0.5665E-01	0.6814E-18
0.5881E-01	0.6813E-18
0.6105E-01	0.6812E-18
0.6337E-01	0.6812E-18
0.6579E-01	0.6811E-18
0.6829E-01	0.6810E-18
0.7089E-01	0.6809E-18
0.7359E-01	0.6809E-18
0.7640E-01	0.6808E-18
0.7931E-01	0.6808E-18
0.8233E-01	0.6807E-18
0.8546E-01	0.6806E-18
0.8872E-01	0.6806E-18
0.9210E-01	0.6805E-18
0.9560E-01	0.6805E-18
0.9924E-01	0.6804E-18
0.1030	0.6804E-18
0.1069	0.6803E-18
0.1110	0.6803E-18
0.1152	0.6803E-18
0.1196	0.6802E-18
0.1242	0.6802E-18
0.1289	0.6802E-18
0.1338	0.6801E-18
0.1389	0.6801E-18
0.1442	0.6801E-18
0.1497	0.6801E-18
0.1554	0.6801E-18
0.1613	0.6800E-18
0.1675	0.6800E-18
0.1739	0.6800E-18
0.1805	0.6800E-18
0.1874	0.6800E-18
0.1945	0.6800E-18
0.2019	0.6800E-18
0.2096	0.6800E-18
0.2176	0.6799E-18
0.2259	0.6799E-18
0.2345	0.6799E-18
0.2434	0.6799E-18
0.2527	0.6799E-18
0.2623	0.6799E-18
0.2723	0.6799E-18
0.2826	0.6799E-18
0.2934	0.6799E-18
0.3046	0.6799E-18
0.3162	0.6799E-18
0.3282	0.6793E-18
0.3407	0.6793E-18
0.3537	0.6793E-18
0.3672	0.6793E-18
0.3812	0.6793E-18
0.3957	0.6793E-18
0.4107	0.6793E-18
0.4264	0.6794E-18
0.4426	0.6794E-18
0.4595	0.6794E-18
0.4770	0.6794E-18
0.4952	0.6795E-18
0.5140	0.6795E-18
0.5336	0.6795E-18
0.5539	0.6794E-18
0.5750	0.6795E-18
0.5969	0.6795E-18
0.6196	0.6796E-18
0.6432	0.6797E-18
0.6677	0.6797E-18
0.6932	0.6798E-18
0.7196	0.6800E-18
0.7470	0.6801E-18
0.7754	0.6803E-18
0.8050	0.6805E-18
0.8356	0.6807E-18
0.8674	0.6810E-18
0.9005	0.6813E-18
0.9348	0.6817E-18
0.9704	0.6821E-18
1.007	0.6826E-18
1.046	0.6833E-18
1.086	0.6840E-18
1.127	0.6849E-18
1.170	0.6859E-18
1.214	0.6871E-18
1.261	0.6886E-18
1.309	0.6904E-18
1.358	0.6925E-18
1.410	0.6950E-18
1.464	0.6980E-18
1.520	0.7017E-18
1.578	0.7062E-18
1.638	0.7117E-18
1.700	0.7184E-18
1.765	0.7266E-18
1.832	0.7369E-18
1.902	0.7496E-18
1.974	0.7656E-18
2.049	0.7857E-18
2.127	0.8113E-18
2.208	0.8440E-18
2.293	0.8861E-18
2.380	0.9406E-18
2.470	0.1012E-17
2.565	0.1106E-17
2.662	0.1230E-17
2.764	0.1395E-17
2.869	0.1617E-17
2.978	0.1915E-17
3.092	0.2319E-17
3.209	0.2867E-17
3.332	0.3615E-17
3.458	0.4636E-17
3.590	0.6033E-17
3.727	0.7945E-17
3.869	0.1056E-16
4.016	0.1416E-16
4.169	0.1904E-16
4.328	0.2569E-16
4.493	0.3470E-16
4.664	0.4684E-16
4.841	0.6316E-16
5.026	0.8489E-16
5.217	0.1136E-15
5.416	0.1514E-15
5.622	0.2007E-15
5.836	0.2648E-15
6.059	0.3464E-15
6.289	0.4500E-15
6.529	0.5802E-15
6.778	0.7418E-15
7.036	0.9413E-15
7.304	0.1185E-14
7.582	0.1478E-14
7.871	0.1832E-14
8.170	0.2247E-14
8.482	0.2734E-14
8.805	0.3297E-14
9.140	0.3948E-14
9.488	0.4683E-14
9.849	0.5510E-14
10.22	0.6431E-14
10.61	0.7450E-14
11.02	0.8566E-14
11.44	0.9779E-14
11.87	0.1108E-13
12.33	0.1248E-13
12.80	0.1396E-13
13.28	0.1551E-13
13.79	0.1715E-13
14.31	0.1884E-13
14.86	0.2059E-13
15.42	0.2239E-13
16.01	0.2423E-13
16.62	0.2610E-13
17.25	0.2799E-13
17.91	0.2991E-13
18.59	0.3182E-13
19.30	0.3373E-13
20.04	0.3562E-13
20.80	0.3748E-13
21.59	0.3931E-13
22.42	0.4108E-13
23.27	0.4280E-13
24.16	0.4445E-13
25.08	0.4603E-13
26.03	0.4753E-13
27.02	0.4895E-13
28.05	0.5028E-13
29.12	0.5153E-13
30.23	0.5270E-13
31.38	0.5380E-13
32.57	0.5482E-13
33.82	0.5578E-13
35.10	0.5668E-13
36.44	0.5752E-13
37.83	0.5831E-13
39.27	0.5906E-13
40.76	0.5976E-13
42.32	0.6043E-13
43.93	0.6107E-13
45.60	0.6168E-13
47.34	0.6226E-13
49.14	0.6282E-13
51.01	0.6336E-13
52.96	0.6388E-13
54.97	0.6439E-13
57.07	0.6488E-13
59.24	0.6537E-13
61.50	0.6584E-13
63.84	0.6631E-13
66.27	0.6678E-13
68.79	0.6723E-13
71.41	0.6769E-13
74.13	0.6814E-13
76.96	0.6859E-13
79.89	0.6904E-13
82.93	0.6949E-13
86.09	0.6995E-13
89.37	0.7040E-13
92.77	0.7086E-13
96.31	0.7132E-13
99.97	0.7178E-13
103.8	0.7225E-13
107.7	0.7272E-13
111.8	0.7320E-13
116.1	0.7368E-13
120.5	0.7417E-13
125.1	0.7466E-13
129.9	0.7516E-13
134.8	0.7567E-13
140.0	0.7618E-13
145.3	0.7670E-13
150.8	0.7722E-13
156.6	0.7776E-13
162.5	0.7830E-13
168.7	0.7884E-13
175.1	0.7939E-13
181.8	0.7995E-13
188.7	0.8051E-13
195.9	0.8108E-13
203.4	0.8165E-13
211.1	0.8223E-13
219.2	0.8281E-13
227.5	0.8340E-13
236.2	0.8399E-13
245.2	0.8459E-13
254.5	0.8519E-13
264.2	0.8580E-13
274.3	0.8641E-13
284.7	0.8703E-13
295.6	0.8765E-13
306.8	0.8827E-13
318.5	0.8890E-13
330.6	0.8953E-13
343.2	0.9017E-13
356.3	0.9081E-13
369.9	0.9145E-13
384.0	0.9210E-13
398.6	0.9276E-13
413.8	0.9341E-13
429.5	0.9408E-13
445.9	0.9475E-13
462.9	0.9543E-13
480.5	0.9611E-13
498.8	0.9680E-13
517.8	0.9749E-13
537.5	0.9819E-13
558.0	0.9890E-13
579.2	0.9961E-13
601.3	0.1003E-12
624.2	0.1011E-12
648.0	0.1018E-12
672.6	0.1026E-12
698.3	0.1033E-12
724.9	0.1041E-12
752.5	0.1048E-12
781.1	0.1056E-12
810.9	0.1064E-12
841.8	0.1072E-12
873.8	0.1080E-12
907.1	0.1088E-12
941.6	0.1097E-12
977.5	0.1105E-12
1015.	0.1114E-12
1053.	0.1122E-12
1094.	0.1131E-12
1135.	0.1140E-12
1178.	0.1149E-12
1223.	0.1158E-12
1270.	0.1167E-12
1318.	0.1176E-12
1368.	0.1186E-12
1421.	0.1195E-12
1475.	0.1205E-12
1531.	0.1215E-12
1589.	0.1225E-12
1650.	0.1235E-12
1712.	0.1245E-12
1778.	0.1255E-12
1845.	0.1266E-12
1916.	0.1276E-12
1989.	0.1287E-12
2064.	0.1298E-12
2143.	0.1309E-12
2225.	0.1320E-12
2309.	0.1332E-12
2397.	0.1343E-12
2489.	0.1355E-12
2583.	0.1366E-12
2682.	0.1378E-12
2784.	0.1390E-12
2890.	0.1402E-12
3000.	0.1414E-12
 
 
C6    C3H6    Ionization    9.73 eV                             
E/N (Td)	Inverse rate coefficient (m2)
0.1000E-02	0.000
0.1038E-02	0.000
0.1078E-02	0.000
0.1119E-02	0.000
0.1161E-02	0.000
0.1205E-02	0.000
0.1251E-02	0.000
0.1299E-02	0.000
0.1349E-02	0.000
0.1400E-02	0.000
0.1453E-02	0.000
0.1509E-02	0.000
0.1566E-02	0.000
0.1626E-02	0.000
0.1688E-02	0.000
0.1752E-02	0.000
0.1819E-02	0.000
0.1888E-02	0.000
0.1960E-02	0.000
0.2034E-02	0.000
0.2112E-02	0.000
0.2192E-02	0.000
0.2276E-02	0.000
0.2362E-02	0.000
0.2452E-02	0.000
0.2546E-02	0.000
0.2643E-02	0.000
0.2743E-02	0.000
0.2848E-02	0.000
0.2956E-02	0.000
0.3069E-02	0.000
0.3186E-02	0.000
0.3307E-02	0.000
0.3433E-02	0.000
0.3564E-02	0.000
0.3700E-02	0.000
0.3841E-02	0.000
0.3987E-02	0.000
0.4139E-02	0.000
0.4296E-02	0.000
0.4460E-02	0.000
0.4630E-02	0.000
0.4806E-02	0.000
0.4989E-02	0.000
0.5179E-02	0.000
0.5377E-02	0.000
0.5581E-02	0.000
0.5794E-02	0.000
0.6015E-02	0.000
0.6244E-02	0.000
0.6481E-02	0.000
0.6728E-02	0.000
0.6985E-02	0.000
0.7251E-02	0.000
0.7527E-02	0.000
0.7813E-02	0.000
0.8111E-02	0.000
0.8420E-02	0.000
0.8741E-02	0.000
0.9073E-02	0.000
0.9419E-02	0.000
0.9778E-02	0.000
0.1015E-01	0.000
0.1054E-01	0.000
0.1094E-01	0.000
0.1135E-01	0.000
0.1179E-01	0.000
0.1224E-01	0.000
0.1270E-01	0.000
0.1319E-01	0.000
0.1369E-01	0.000
0.1421E-01	0.000
0.1475E-01	0.000
0.1531E-01	0.000
0.1590E-01	0.000
0.1650E-01	0.000
0.1713E-01	0.000
0.1778E-01	0.000
0.1846E-01	0.000
0.1916E-01	0.000
0.1989E-01	0.000
0.2065E-01	0.000
0.2144E-01	0.000
0.2225E-01	0.000
0.2310E-01	0.000
0.2398E-01	0.000
0.2489E-01	0.000
0.2584E-01	0.000
0.2682E-01	0.000
0.2785E-01	0.000
0.2891E-01	0.000
0.3001E-01	0.000
0.3115E-01	0.000
0.3234E-01	0.000
0.3357E-01	0.000
0.3485E-01	0.000
0.3617E-01	0.000
0.3755E-01	0.000
0.3898E-01	0.000
0.4047E-01	0.000
0.4201E-01	0.000
0.4361E-01	0.000
0.4527E-01	0.000
0.4699E-01	0.000
0.4878E-01	0.000
0.5064E-01	0.000
0.5257E-01	0.000
0.5457E-01	0.000
0.5665E-01	0.000
0.5881E-01	0.000
0.6105E-01	0.000
0.6337E-01	0.000
0.6579E-01	0.000
0.6829E-01	0.000
0.7089E-01	0.000
0.7359E-01	0.000
0.7640E-01	0.000
0.7931E-01	0.000
0.8233E-01	0.000
0.8546E-01	0.000
0.8872E-01	0.000
0.9210E-01	0.000
0.9560E-01	0.000
0.9924E-01	0.000
0.1030	0.000
0.1069	0.000
0.1110	0.000
0.1152	0.000
0.1196	0.000
0.1242	0.000
0.1289	0.000
0.1338	0.000
0.1389	0.000
0.1442	0.000
0.1497	0.000
0.1554	0.000
0.1613	0.000
0.1675	0.000
0.1739	0.000
0.1805	0.000
0.1874	0.000
0.1945	0.000
0.2019	0.000
0.2096	0.000
0.2176	0.000
0.2259	0.000
0.2345	0.000
0.2434	0.000
0.2527	0.000
0.2623	0.000
0.2723	0.000
0.2826	0.000
0.2934	0.000
0.3046	0.000
0.3162	0.000
0.3282	0.000
0.3407	0.000
0.3537	0.000
0.3672	0.000
0.3812	0.000
0.3957	0.000
0.4107	0.000
0.4264	0.000
0.4426	0.000
0.4595	0.000
0.4770	0.000
0.4952	0.000
0.5140	0.000
0.5336	0.000
0.5539	0.000
0.5750	0.000
0.5969	0.000
0.6196	0.000
0.6432	0.000
0.6677	0.000
0.6932	0.000
0.7196	0.000
0.7470	0.000
0.7754	0.000
0.8050	0.000
0.8356	0.000
0.8674	0.000
0.9005	0.000
0.9348	0.000
0.9704	0.000
1.007	0.000
1.046	0.000
1.086	0.000
1.127	0.000
1.170	0.000
1.214	0.000
1.261	0.000
1.309	0.000
1.358	0.000
1.410	0.000
1.464	0.000
1.520	0.000
1.578	0.000
1.638	0.000
1.700	0.000
1.765	0.000
1.832	0.000
1.902	0.000
1.974	0.000
2.049	0.000
2.127	0.000
2.208	0.000
2.293	0.000
2.380	0.000
2.470	0.000
2.565	0.000
2.662	0.000
2.764	0.000
2.869	0.000
2.978	0.000
3.092	0.000
3.209	0.000
3.332	0.000
3.458	0.000
3.590	0.000
3.727	0.000
3.869	0.000
4.016	0.000
4.169	0.000
4.328	0.000
4.493	0.000
4.664	0.000
4.841	0.000
5.026	0.000
5.217	0.000
5.416	0.000
5.622	0.000
5.836	0.000
6.059	0.000
6.289	0.000
6.529	0.000
6.778	0.000
7.036	0.000
7.304	0.000
7.582	0.000
7.871	0.000
8.170	0.000
8.482	0.000
8.805	0.000
9.140	0.000
9.488	0.000
9.849	0.000
10.22	0.000
10.61	0.000
11.02	0.000
11.44	0.000
11.87	0.000
12.33	0.000
12.80	0.000
13.28	0.000
13.79	0.000
14.31	0.000
14.86	0.000
15.42	0.000
16.01	0.000
16.62	0.000
17.25	0.000
17.91	0.000
18.59	0.000
19.30	0.000
20.04	0.000
20.80	0.000
21.59	0.000
22.42	0.000
23.27	0.000
24.16	0.000
25.08	0.000
26.03	0.000
27.02	0.000
28.05	0.000
29.12	0.000
30.23	0.000
31.38	0.000
32.57	0.000
33.82	0.000
35.10	0.000
36.44	0.000
37.83	0.000
39.27	0.000
40.76	0.000
42.32	0.000
43.93	0.000
45.60	0.000
47.34	0.000
49.14	0.000
51.01	0.000
52.96	0.000
54.97	0.000
57.07	0.000
59.24	0.000
61.50	0.000
63.84	0.000
66.27	0.000
68.79	0.000
71.41	0.000
74.13	0.000
76.96	0.000
79.89	0.000
82.93	0.000
86.09	0.000
89.37	0.000
92.77	0.000
96.31	0.000
99.97	0.000
103.8	0.000
107.7	0.000
111.8	0.000
116.1	0.000
120.5	0.000
125.1	0.000
129.9	0.000
134.8	0.000
140.0	0.000
145.3	0.000
150.8	0.000
156.6	0.000
162.5	0.000
168.7	0.000
175.1	0.000
181.8	0.000
188.7	0.000
195.9	0.000
203.4	0.000
211.1	0.000
219.2	0.000
227.5	0.000
236.2	0.000
245.2	0.000
254.5	0.000
264.2	0.000
274.3	0.000
284.7	0.000
295.6	0.000
306.8	0.000
318.5	0.000
330.6	0.000
343.2	0.000
356.3	0.000
369.9	0.000
384.0	0.000
398.6	0.000
413.8	0.000
429.5	0.000
445.9	0.000
462.9	0.000
480.5	0.000
498.8	0.000
517.8	0.000
537.5	0.000
558.0	0.000
579.2	0.000
601.3	0.000
624.2	0.000
648.0	0.000
672.6	0.000
698.3	0.000
724.9	0.000
752.5	0.000
781.1	0.000
810.9	0.000
841.8	0.000
873.8	0.000
907.1	0.000
941.6	0.000
977.5	0.000
1015.	0.000
1053.	0.000
1094.	0.000
1135.	0.000
1178.	0.000
1223.	0.000
1270.	0.000
1318.	0.000
1368.	0.000
1421.	0.000
1475.	0.000
1531.	0.000
1589.	0.000
1650.	0.000
1712.	0.000
1778.	0.000
1845.	0.000
1916.	0.000
1989.	0.000
2064.	0.000
2143.	0.000
2225.	0.000
2309.	0.000
2397.	0.000
2489.	0.000
2583.	0.000
2682.	0.000
2784.	0.000
2890.	0.000
3000.	0.000
 
 
C1    C3H6    Attachment                                        
E/N (Td)	Energy loss coefficient (eV m3/s)
0.1000E-02	0.000
0.1038E-02	0.000
0.1078E-02	0.000
0.1119E-02	0.000
0.1161E-02	0.000
0.1205E-02	0.000
0.1251E-02	0.000
0.1299E-02	0.000
0.1349E-02	0.000
0.1400E-02	0.000
0.1453E-02	0.000
0.1509E-02	0.000
0.1566E-02	0.000
0.1626E-02	0.000
0.1688E-02	0.000
0.1752E-02	0.000
0.1819E-02	0.000
0.1888E-02	0.000
0.1960E-02	0.000
0.2034E-02	0.000
0.2112E-02	0.000
0.2192E-02	0.000
0.2276E-02	0.000
0.2362E-02	0.000
0.2452E-02	0.000
0.2546E-02	0.000
0.2643E-02	0.000
0.2743E-02	0.000
0.2848E-02	0.000
0.2956E-02	0.000
0.3069E-02	0.000
0.3186E-02	0.000
0.3307E-02	0.000
0.3433E-02	0.000
0.3564E-02	0.000
0.3700E-02	0.000
0.3841E-02	0.000
0.3987E-02	0.000
0.4139E-02	0.000
0.4296E-02	0.000
0.4460E-02	0.000
0.4630E-02	0.000
0.4806E-02	0.000
0.4989E-02	0.000
0.5179E-02	0.000
0.5377E-02	0.000
0.5581E-02	0.000
0.5794E-02	0.000
0.6015E-02	0.000
0.6244E-02	0.000
0.6481E-02	0.000
0.6728E-02	0.000
0.6985E-02	0.000
0.7251E-02	0.000
0.7527E-02	0.000
0.7813E-02	0.000
0.8111E-02	0.000
0.8420E-02	0.000
0.8741E-02	0.000
0.9073E-02	0.000
0.9419E-02	0.000
0.9778E-02	0.000
0.1015E-01	0.000
0.1054E-01	0.000
0.1094E-01	0.000
0.1135E-01	0.000
0.1179E-01	0.000
0.1224E-01	0.000
0.1270E-01	0.000
0.1319E-01	0.000
0.1369E-01	0.000
0.1421E-01	0.000
0.1475E-01	0.000
0.1531E-01	0.000
0.1590E-01	0.000
0.1650E-01	0.000
0.1713E-01	0.000
0.1778E-01	0.000
0.1846E-01	0.000
0.1916E-01	0.000
0.1989E-01	0.000
0.2065E-01	0.000
0.2144E-01	0.000
0.2225E-01	0.000
0.2310E-01	0.000
0.2398E-01	0.000
0.2489E-01	0.000
0.2584E-01	0.000
0.2682E-01	0.000
0.2785E-01	0.000
0.2891E-01	0.000
0.3001E-01	0.000
0.3115E-01	0.000
0.3234E-01	0.000
0.3357E-01	0.000
0.3485E-01	0.000
0.3617E-01	0.000
0.3755E-01	0.000
0.3898E-01	0.000
0.4047E-01	0.000
0.4201E-01	0.000
0.4361E-01	0.000
0.4527E-01	0.000
0.4699E-01	0.000
0.4878E-01	0.000
0.5064E-01	0.000
0.5257E-01	0.000
0.5457E-01	0.000
0.5665E-01	0.000
0.5881E-01	0.000
0.6105E-01	0.000
0.6337E-01	0.000
0.6579E-01	0.000
0.6829E-01	0.000
0.7089E-01	0.000
0.7359E-01	0.000
0.7640E-01	0.000
0.7931E-01	0.000
0.8233E-01	0.000
0.8546E-01	0.000
0.8872E-01	0.000
0.9210E-01	0.000
0.9560E-01	0.000
0.9924E-01	0.000
0.1030	0.000
0.1069	0.000
0.1110	0.000
0.1152	0.000
0.1196	0.000
0.1242	0.000
0.1289	0.000
0.1338	0.000
0.1389	0.000
0.1442	0.000
0.1497	0.000
0.1554	0.000
0.1613	0.000
0.1675	0.000
0.1739	0.000
0.1805	0.000
0.1874	0.000
0.1945	0.000
0.2019	0.000
0.2096	0.000
0.2176	0.000
0.2259	0.000
0.2345	0.000
0.2434	0.000
0.2527	0.000
0.2623	0.000
0.2723	0.000
0.2826	0.000
0.2934	0.000
0.3046	0.000
0.3162	0.000
0.3282	0.000
0.3407	0.000
0.3537	0.000
0.3672	0.000
0.3812	0.000
0.3957	0.000
0.4107	0.000
0.4264	0.000
0.4426	0.000
0.4595	0.000
0.4770	0.000
0.4952	0.000
0.5140	0.000
0.5336	0.000
0.5539	0.000
0.5750	0.000
0.5969	0.000
0.6196	0.000
0.6432	0.000
0.6677	0.000
0.6932	0.000
0.7196	0.000
0.7470	0.000
0.7754	0.000
0.8050	0.000
0.8356	0.000
0.8674	0.000
0.9005	0.000
0.9348	0.000
0.9704	0.000
1.007	0.000
1.046	0.000
1.086	0.000
1.127	0.000
1.170	0.000
1.214	0.000
1.261	0.000
1.309	0.000
1.358	0.000
1.410	0.000
1.464	0.000
1.520	0.000
1.578	0.000
1.638	0.000
1.700	0.000
1.765	0.000
1.832	0.000
1.902	0.000
1.974	0.000
2.049	0.000
2.127	0.000
2.208	0.000
2.293	0.000
2.380	0.000
2.470	0.000
2.565	0.000
2.662	0.000
2.764	0.000
2.869	0.000
2.978	0.000
3.092	0.000
3.209	0.000
3.332	0.000
3.458	0.000
3.590	0.000
3.727	0.000
3.869	0.000
4.016	0.000
4.169	0.000
4.328	0.000
4.493	0.000
4.664	0.000
4.841	0.000
5.026	0.000
5.217	0.000
5.416	0.000
5.622	0.000
5.836	0.000
6.059	0.000
6.289	0.000
6.529	0.000
6.778	0.000
7.036	0.000
7.304	0.000
7.582	0.000
7.871	0.000
8.170	0.000
8.482	0.000
8.805	0.000
9.140	0.000
9.488	0.000
9.849	0.000
10.22	0.000
10.61	0.000
11.02	0.000
11.44	0.000
11.87	0.000
12.33	0.000
12.80	0.000
13.28	0.000
13.79	0.1067E-28
14.31	0.3835E-28
14.86	0.1290E-27
15.42	0.4071E-27
16.01	0.1208E-26
16.62	0.3380E-26
17.25	0.8933E-26
17.91	0.2440E-25
18.59	0.5889E-25
19.30	0.1355E-24
20.04	0.2979E-24
20.80	0.6275E-24
21.59	0.1269E-23
22.42	0.2473E-23
23.27	0.4641E-23
24.16	0.8418E-23
25.08	0.1479E-22
26.03	0.2524E-22
27.02	0.4190E-22
28.05	0.6791E-22
29.12	0.1073E-21
30.23	0.1658E-21
31.38	0.2511E-21
32.57	0.3731E-21
33.82	0.5448E-21
35.10	0.7824E-21
36.44	0.1107E-20
37.83	0.1544E-20
39.27	0.2124E-20
40.76	0.2886E-20
42.32	0.3875E-20
43.93	0.5145E-20
45.60	0.6762E-20
47.34	0.8801E-20
49.14	0.1135E-19
51.01	0.1451E-19
52.96	0.1839E-19
54.97	0.2313E-19
57.07	0.2887E-19
59.24	0.3579E-19
61.50	0.4406E-19
63.84	0.5390E-19
66.27	0.6552E-19
68.79	0.7920E-19
71.41	0.9519E-19
74.13	0.1138E-18
76.96	0.1353E-18
79.89	0.1602E-18
82.93	0.1886E-18
86.09	0.2211E-18
89.37	0.2581E-18
92.77	0.3000E-18
96.31	0.3472E-18
99.97	0.4002E-18
103.8	0.4595E-18
107.7	0.5255E-18
111.8	0.5988E-18
116.1	0.6798E-18
120.5	0.7690E-18
125.1	0.8667E-18
129.9	0.9735E-18
134.8	0.1090E-17
140.0	0.1216E-17
145.3	0.1352E-17
150.8	0.1498E-17
156.6	0.1654E-17
162.5	0.1822E-17
168.7	0.1999E-17
175.1	0.2188E-17
181.8	0.2386E-17
188.7	0.2595E-17
195.9	0.2814E-17
203.4	0.3042E-17
211.1	0.3280E-17
219.2	0.3526E-17
227.5	0.3780E-17
236.2	0.4041E-17
245.2	0.4309E-17
254.5	0.4583E-17
264.2	0.4862E-17
274.3	0.5145E-17
284.7	0.5431E-17
295.6	0.5720E-17
306.8	0.6009E-17
318.5	0.6300E-17
330.6	0.6590E-17
343.2	0.6878E-17
356.3	0.7164E-17
369.9	0.7447E-17
384.0	0.7726E-17
398.6	0.7999E-17
413.8	0.8266E-17
429.5	0.8527E-17
445.9	0.8780E-17
462.9	0.9025E-17
480.5	0.9261E-17
498.8	0.9488E-17
517.8	0.9704E-17
537.5	0.9910E-17
558.0	0.1011E-16
579.2	0.1029E-16
601.3	0.1046E-16
624.2	0.1062E-16
648.0	0.1077E-16
672.6	0.1090E-16
698.3	0.1103E-16
724.9	0.1114E-16
752.5	0.1123E-16
781.1	0.1132E-16
810.9	0.1139E-16
841.8	0.1145E-16
873.8	0.1149E-16
907.1	0.1153E-16
941.6	0.1155E-16
977.5	0.1156E-16
1015.	0.1155E-16
1053.	0.1154E-16
1094.	0.1151E-16
1135.	0.1147E-16
1178.	0.1142E-16
1223.	0.1136E-16
1270.	0.1128E-16
1318.	0.1120E-16
1368.	0.1110E-16
1421.	0.1100E-16
1475.	0.1089E-16
1531.	0.1077E-16
1589.	0.1064E-16
1650.	0.1050E-16
1712.	0.1036E-16
1778.	0.1020E-16
1845.	0.1005E-16
1916.	0.9880E-17
1989.	0.9710E-17
2064.	0.9534E-17
2143.	0.9357E-17
2225.	0.9172E-17
2309.	0.8984E-17
2397.	0.8793E-17
2489.	0.8599E-17
2583.	0.8403E-17
2682.	0.8204E-17
2784.	0.8004E-17
2890.	0.7803E-17
3000.	0.7602E-17
 
 
C2    C3H6    Elastic                                           
E/N (Td)	Energy loss coefficient (eV m3/s)
0.1000E-02	0.3105E-23
0.1038E-02	-0.4906E-24
0.1078E-02	-0.4787E-24
0.1119E-02	-0.4659E-24
0.1161E-02	-0.4521E-24
0.1205E-02	-0.4372E-24
0.1251E-02	-0.4212E-24
0.1299E-02	-0.4039E-24
0.1349E-02	-0.3853E-24
0.1400E-02	-0.3653E-24
0.1453E-02	-0.3437E-24
0.1509E-02	-0.3204E-24
0.1566E-02	-0.2954E-24
0.1626E-02	-0.2684E-24
0.1688E-02	-0.2392E-24
0.1752E-02	-0.2079E-24
0.1819E-02	-0.1741E-24
0.1888E-02	-0.1377E-24
0.1960E-02	-0.9844E-25
0.2034E-02	-0.5617E-25
0.2112E-02	-0.1063E-25
0.2192E-02	0.3844E-25
0.2276E-02	0.9131E-25
0.2362E-02	0.1483E-24
0.2452E-02	0.2096E-24
0.2546E-02	0.2757E-24
0.2643E-02	0.3469E-24
0.2743E-02	0.4237E-24
0.2848E-02	0.5063E-24
0.2956E-02	0.5954E-24
0.3069E-02	0.6913E-24
0.3186E-02	0.7946E-24
0.3307E-02	0.9058E-24
0.3433E-02	0.1026E-23
0.3564E-02	0.1155E-23
0.3700E-02	0.1294E-23
0.3841E-02	0.1444E-23
0.3987E-02	0.1605E-23
0.4139E-02	0.1778E-23
0.4296E-02	0.1965E-23
0.4460E-02	0.2167E-23
0.4630E-02	0.2383E-23
0.4806E-02	0.2617E-23
0.4989E-02	0.2868E-23
0.5179E-02	0.3138E-23
0.5377E-02	0.3429E-23
0.5581E-02	0.3743E-23
0.5794E-02	0.4080E-23
0.6015E-02	0.4442E-23
0.6244E-02	0.4833E-23
0.6481E-02	0.5252E-23
0.6728E-02	0.5704E-23
0.6985E-02	0.6190E-23
0.7251E-02	0.6712E-23
0.7527E-02	0.7273E-23
0.7813E-02	0.7876E-23
0.8111E-02	0.8525E-23
0.8420E-02	0.9222E-23
0.8741E-02	0.9970E-23
0.9073E-02	0.1077E-22
0.9419E-02	0.1164E-22
0.9778E-02	0.1256E-22
0.1015E-01	0.1356E-22
0.1054E-01	0.1462E-22
0.1094E-01	0.1577E-22
0.1135E-01	0.1699E-22
0.1179E-01	0.1831E-22
0.1224E-01	0.1971E-22
0.1270E-01	0.2122E-22
0.1319E-01	0.2283E-22
0.1369E-01	0.2455E-22
0.1421E-01	0.2640E-22
0.1475E-01	0.2836E-22
0.1531E-01	0.3046E-22
0.1590E-01	0.3270E-22
0.1650E-01	0.3509E-22
0.1713E-01	0.3764E-22
0.1778E-01	0.4034E-22
0.1846E-01	0.4322E-22
0.1916E-01	0.4628E-22
0.1989E-01	0.4952E-22
0.2065E-01	0.5295E-22
0.2144E-01	0.5659E-22
0.2225E-01	0.6043E-22
0.2310E-01	0.6449E-22
0.2398E-01	0.6877E-22
0.2489E-01	0.7327E-22
0.2584E-01	0.7800E-22
0.2682E-01	0.8297E-22
0.2785E-01	0.8801E-22
0.2891E-01	0.9344E-22
0.3001E-01	0.9912E-22
0.3115E-01	0.1050E-21
0.3234E-01	0.1111E-21
0.3357E-01	0.1175E-21
0.3485E-01	0.1241E-21
0.3617E-01	0.1308E-21
0.3755E-01	0.1378E-21
0.3898E-01	0.1450E-21
0.4047E-01	0.1523E-21
0.4201E-01	0.1598E-21
0.4361E-01	0.1674E-21
0.4527E-01	0.1750E-21
0.4699E-01	0.1828E-21
0.4878E-01	0.1907E-21
0.5064E-01	0.1986E-21
0.5257E-01	0.2066E-21
0.5457E-01	0.2145E-21
0.5665E-01	0.2225E-21
0.5881E-01	0.2304E-21
0.6105E-01	0.2382E-21
0.6337E-01	0.2460E-21
0.6579E-01	0.2537E-21
0.6829E-01	0.2614E-21
0.7089E-01	0.2688E-21
0.7359E-01	0.2762E-21
0.7640E-01	0.2834E-21
0.7931E-01	0.2905E-21
0.8233E-01	0.2974E-21
0.8546E-01	0.3042E-21
0.8872E-01	0.3109E-21
0.9210E-01	0.3174E-21
0.9560E-01	0.3237E-21
0.9924E-01	0.3300E-21
0.1030	0.3361E-21
0.1069	0.3420E-21
0.1110	0.3479E-21
0.1152	0.3537E-21
0.1196	0.3594E-21
0.1242	0.3651E-21
0.1289	0.3707E-21
0.1338	0.3763E-21
0.1389	0.3819E-21
0.1442	0.3875E-21
0.1497	0.3931E-21
0.1554	0.3988E-21
0.1613	0.4046E-21
0.1675	0.4105E-21
0.1739	0.4165E-21
0.1805	0.4227E-21
0.1874	0.4291E-21
0.1945	0.4357E-21
0.2019	0.4425E-21
0.2096	0.4497E-21
0.2176	0.4571E-21
0.2259	0.4649E-21
0.2345	0.4732E-21
0.2434	0.4818E-21
0.2527	0.4909E-21
0.2623	0.5005E-21
0.2723	0.5107E-21
0.2826	0.5215E-21
0.2934	0.5329E-21
0.3046	0.5451E-21
0.3162	0.5580E-21
0.3282	0.5718E-21
0.3407	0.5865E-21
0.3537	0.6021E-21
0.3672	0.6187E-21
0.3812	0.6365E-21
0.3957	0.6555E-21
0.4107	0.6757E-21
0.4264	0.6974E-21
0.4426	0.7205E-21
0.4595	0.7451E-21
0.4770	0.7715E-21
0.4952	0.7996E-21
0.5140	0.8297E-21
0.5336	0.8619E-21
0.5539	0.8962E-21
0.5750	0.9329E-21
0.5969	0.9721E-21
0.6196	0.1014E-20
0.6432	0.1059E-20
0.6677	0.1107E-20
0.6932	0.1158E-20
0.7196	0.1212E-20
0.7470	0.1270E-20
0.7754	0.1333E-20
0.8050	0.1399E-20
0.8356	0.1470E-20
0.8674	0.1546E-20
0.9005	0.1627E-20
0.9348	0.1713E-20
0.9704	0.1806E-20
1.007	0.1904E-20
1.046	0.2010E-20
1.086	0.2122E-20
1.127	0.2243E-20
1.170	0.2371E-20
1.214	0.2509E-20
1.261	0.2656E-20
1.309	0.2813E-20
1.358	0.2982E-20
1.410	0.3162E-20
1.464	0.3356E-20
1.520	0.3563E-20
1.578	0.3786E-20
1.638	0.4026E-20
1.700	0.4283E-20
1.765	0.4560E-20
1.832	0.4859E-20
1.902	0.5181E-20
1.974	0.5529E-20
2.049	0.5906E-20
2.127	0.6315E-20
2.208	0.6760E-20
2.293	0.7243E-20
2.380	0.7771E-20
2.470	0.8351E-20
2.565	0.8984E-20
2.662	0.9679E-20
2.764	0.1044E-19
2.869	0.1129E-19
2.978	0.1222E-19
3.092	0.1326E-19
3.209	0.1441E-19
3.332	0.1569E-19
3.458	0.1712E-19
3.590	0.1872E-19
3.727	0.2051E-19
3.869	0.2252E-19
4.016	0.2479E-19
4.169	0.2733E-19
4.328	0.3018E-19
4.493	0.3340E-19
4.664	0.3702E-19
4.841	0.4109E-19
5.026	0.4568E-19
5.217	0.5085E-19
5.416	0.5667E-19
5.622	0.6322E-19
5.836	0.7066E-19
6.059	0.7895E-19
6.289	0.8827E-19
6.529	0.9875E-19
6.778	0.1104E-18
7.036	0.1237E-18
7.304	0.1385E-18
7.582	0.1552E-18
7.871	0.1741E-18
8.170	0.1951E-18
8.482	0.2186E-18
8.805	0.2451E-18
9.140	0.2749E-18
9.488	0.3080E-18
9.849	0.3450E-18
10.22	0.3863E-18
10.61	0.4324E-18
11.02	0.4837E-18
11.44	0.5408E-18
11.87	0.6042E-18
12.33	0.6744E-18
12.80	0.7521E-18
13.28	0.8378E-18
13.79	0.9328E-18
14.31	0.1037E-17
14.86	0.1151E-17
15.42	0.1277E-17
16.01	0.1414E-17
16.62	0.1565E-17
17.25	0.1729E-17
17.91	0.1907E-17
18.59	0.2100E-17
19.30	0.2308E-17
20.04	0.2530E-17
20.80	0.2765E-17
21.59	0.3012E-17
22.42	0.3269E-17
23.27	0.3535E-17
24.16	0.3806E-17
25.08	0.4080E-17
26.03	0.4355E-17
27.02	0.4628E-17
28.05	0.4899E-17
29.12	0.5164E-17
30.23	0.5424E-17
31.38	0.5678E-17
32.57	0.5925E-17
33.82	0.6164E-17
35.10	0.6397E-17
36.44	0.6623E-17
37.83	0.6843E-17
39.27	0.7057E-17
40.76	0.7267E-17
42.32	0.7471E-17
43.93	0.7672E-17
45.60	0.7870E-17
47.34	0.8066E-17
49.14	0.8260E-17
51.01	0.8453E-17
52.96	0.8646E-17
54.97	0.8839E-17
57.07	0.9033E-17
59.24	0.9229E-17
61.50	0.9427E-17
63.84	0.9628E-17
66.27	0.9833E-17
68.79	0.1004E-16
71.41	0.1026E-16
74.13	0.1048E-16
76.96	0.1070E-16
79.89	0.1093E-16
82.93	0.1117E-16
86.09	0.1142E-16
89.37	0.1168E-16
92.77	0.1194E-16
96.31	0.1222E-16
99.97	0.1250E-16
103.8	0.1280E-16
107.7	0.1311E-16
111.8	0.1343E-16
116.1	0.1377E-16
120.5	0.1412E-16
125.1	0.1448E-16
129.9	0.1486E-16
134.8	0.1525E-16
140.0	0.1567E-16
145.3	0.1609E-16
150.8	0.1654E-16
156.6	0.1700E-16
162.5	0.1749E-16
168.7	0.1799E-16
175.1	0.1851E-16
181.8	0.1905E-16
188.7	0.1961E-16
195.9	0.2019E-16
203.4	0.2080E-16
211.1	0.2142E-16
219.2	0.2207E-16
227.5	0.2274E-16
236.2	0.2343E-16
245.2	0.2415E-16
254.5	0.2489E-16
264.2	0.2565E-16
274.3	0.2644E-16
284.7	0.2726E-16
295.6	0.2810E-16
306.8	0.2897E-16
318.5	0.2987E-16
330.6	0.3079E-16
343.2	0.3175E-16
356.3	0.3273E-16
369.9	0.3374E-16
384.0	0.3479E-16
398.6	0.3587E-16
413.8	0.3698E-16
429.5	0.3812E-16
445.9	0.3930E-16
462.9	0.4051E-16
480.5	0.4176E-16
498.8	0.4305E-16
517.8	0.4437E-16
537.5	0.4573E-16
558.0	0.4714E-16
579.2	0.4858E-16
601.3	0.5006E-16
624.2	0.5158E-16
648.0	0.5315E-16
672.6	0.5476E-16
698.3	0.5641E-16
724.9	0.5811E-16
752.5	0.5985E-16
781.1	0.6163E-16
810.9	0.6346E-16
841.8	0.6533E-16
873.8	0.6726E-16
907.1	0.6923E-16
941.6	0.7125E-16
977.5	0.7333E-16
1015.	0.7545E-16
1053.	0.7762E-16
1094.	0.7985E-16
1135.	0.8213E-16
1178.	0.8446E-16
1223.	0.8684E-16
1270.	0.8928E-16
1318.	0.9178E-16
1368.	0.9434E-16
1421.	0.9695E-16
1475.	0.9963E-16
1531.	0.1024E-15
1589.	0.1051E-15
1650.	0.1080E-15
1712.	0.1109E-15
1778.	0.1139E-15
1845.	0.1170E-15
1916.	0.1201E-15
1989.	0.1233E-15
2064.	0.1266E-15
2143.	0.1299E-15
2225.	0.1333E-15
2309.	0.1368E-15
2397.	0.1403E-15
2489.	0.1440E-15
2583.	0.1477E-15
2682.	0.1515E-15
2784.	0.1554E-15
2890.	0.1594E-15
3000.	0.1635E-15
 
 
C3    C3H6    Excitation    0.070 eV                            
E/N (Td)	Energy loss coefficient (eV m3/s)
0.1000E-02	0.1880E-22
0.1038E-02	0.1313E-22
0.1078E-02	0.1379E-22
0.1119E-02	0.1449E-22
0.1161E-02	0.1525E-22
0.1205E-02	0.1607E-22
0.1251E-02	0.1695E-22
0.1299E-02	0.1790E-22
0.1349E-02	0.1892E-22
0.1400E-02	0.2002E-22
0.1453E-02	0.2121E-22
0.1509E-02	0.2249E-22
0.1566E-02	0.2387E-22
0.1626E-02	0.2536E-22
0.1688E-02	0.2696E-22
0.1752E-02	0.2869E-22
0.1819E-02	0.3055E-22
0.1888E-02	0.3255E-22
0.1960E-02	0.3471E-22
0.2034E-02	0.3704E-22
0.2112E-02	0.3955E-22
0.2192E-02	0.4226E-22
0.2276E-02	0.4517E-22
0.2362E-02	0.4831E-22
0.2452E-02	0.5170E-22
0.2546E-02	0.5534E-22
0.2643E-02	0.5927E-22
0.2743E-02	0.6351E-22
0.2848E-02	0.6807E-22
0.2956E-02	0.7299E-22
0.3069E-02	0.7829E-22
0.3186E-02	0.8400E-22
0.3307E-02	0.9016E-22
0.3433E-02	0.9679E-22
0.3564E-02	0.1039E-21
0.3700E-02	0.1116E-21
0.3841E-02	0.1199E-21
0.3987E-02	0.1289E-21
0.4139E-02	0.1385E-21
0.4296E-02	0.1489E-21
0.4460E-02	0.1601E-21
0.4630E-02	0.1722E-21
0.4806E-02	0.1852E-21
0.4989E-02	0.1992E-21
0.5179E-02	0.2143E-21
0.5377E-02	0.2306E-21
0.5581E-02	0.2481E-21
0.5794E-02	0.2670E-21
0.6015E-02	0.2874E-21
0.6244E-02	0.3093E-21
0.6481E-02	0.3329E-21
0.6728E-02	0.3584E-21
0.6985E-02	0.3859E-21
0.7251E-02	0.4155E-21
0.7527E-02	0.4474E-21
0.7813E-02	0.4818E-21
0.8111E-02	0.5188E-21
0.8420E-02	0.5588E-21
0.8741E-02	0.6018E-21
0.9073E-02	0.6482E-21
0.9419E-02	0.6981E-21
0.9778E-02	0.7520E-21
0.1015E-01	0.8101E-21
0.1054E-01	0.8726E-21
0.1094E-01	0.9401E-21
0.1135E-01	0.1013E-20
0.1179E-01	0.1091E-20
0.1224E-01	0.1175E-20
0.1270E-01	0.1266E-20
0.1319E-01	0.1365E-20
0.1369E-01	0.1470E-20
0.1421E-01	0.1584E-20
0.1475E-01	0.1707E-20
0.1531E-01	0.1839E-20
0.1590E-01	0.1982E-20
0.1650E-01	0.2136E-20
0.1713E-01	0.2301E-20
0.1778E-01	0.2480E-20
0.1846E-01	0.2673E-20
0.1916E-01	0.2880E-20
0.1989E-01	0.3104E-20
0.2065E-01	0.3345E-20
0.2144E-01	0.3605E-20
0.2225E-01	0.3886E-20
0.2310E-01	0.4188E-20
0.2398E-01	0.4513E-20
0.2489E-01	0.4865E-20
0.2584E-01	0.5243E-20
0.2682E-01	0.5651E-20
0.2785E-01	0.6093E-20
0.2891E-01	0.6567E-20
0.3001E-01	0.7079E-20
0.3115E-01	0.7630E-20
0.3234E-01	0.8225E-20
0.3357E-01	0.8866E-20
0.3485E-01	0.9557E-20
0.3617E-01	0.1030E-19
0.3755E-01	0.1111E-19
0.3898E-01	0.1197E-19
0.4047E-01	0.1291E-19
0.4201E-01	0.1391E-19
0.4361E-01	0.1500E-19
0.4527E-01	0.1617E-19
0.4699E-01	0.1743E-19
0.4878E-01	0.1880E-19
0.5064E-01	0.2026E-19
0.5257E-01	0.2185E-19
0.5457E-01	0.2355E-19
0.5665E-01	0.2539E-19
0.5881E-01	0.2737E-19
0.6105E-01	0.2951E-19
0.6337E-01	0.3182E-19
0.6579E-01	0.3430E-19
0.6829E-01	0.3698E-19
0.7089E-01	0.3986E-19
0.7359E-01	0.4297E-19
0.7640E-01	0.4633E-19
0.7931E-01	0.4994E-19
0.8233E-01	0.5384E-19
0.8546E-01	0.5804E-19
0.8872E-01	0.6256E-19
0.9210E-01	0.6744E-19
0.9560E-01	0.7270E-19
0.9924E-01	0.7836E-19
0.1030	0.8447E-19
0.1069	0.9105E-19
0.1110	0.9814E-19
0.1152	0.1058E-18
0.1196	0.1140E-18
0.1242	0.1229E-18
0.1289	0.1325E-18
0.1338	0.1428E-18
0.1389	0.1539E-18
0.1442	0.1658E-18
0.1497	0.1787E-18
0.1554	0.1926E-18
0.1613	0.2076E-18
0.1675	0.2237E-18
0.1739	0.2411E-18
0.1805	0.2599E-18
0.1874	0.2801E-18
0.1945	0.3018E-18
0.2019	0.3252E-18
0.2096	0.3505E-18
0.2176	0.3777E-18
0.2259	0.4070E-18
0.2345	0.4386E-18
0.2434	0.4727E-18
0.2527	0.5093E-18
0.2623	0.5488E-18
0.2723	0.5914E-18
0.2826	0.6373E-18
0.2934	0.6867E-18
0.3046	0.7399E-18
0.3162	0.7973E-18
0.3282	0.8590E-18
0.3407	0.9256E-18
0.3537	0.9973E-18
0.3672	0.1075E-17
0.3812	0.1158E-17
0.3957	0.1247E-17
0.4107	0.1344E-17
0.4264	0.1448E-17
0.4426	0.1560E-17
0.4595	0.1681E-17
0.4770	0.1811E-17
0.4952	0.1951E-17
0.5140	0.2102E-17
0.5336	0.2264E-17
0.5539	0.2439E-17
0.5750	0.2628E-17
0.5969	0.2831E-17
0.6196	0.3049E-17
0.6432	0.3285E-17
0.6677	0.3538E-17
0.6932	0.3811E-17
0.7196	0.4105E-17
0.7470	0.4421E-17
0.7754	0.4762E-17
0.8050	0.5129E-17
0.8356	0.5524E-17
0.8674	0.5949E-17
0.9005	0.6406E-17
0.9348	0.6899E-17
0.9704	0.7429E-17
1.007	0.8000E-17
1.046	0.8613E-17
1.086	0.9274E-17
1.127	0.9985E-17
1.170	0.1075E-16
1.214	0.1157E-16
1.261	0.1246E-16
1.309	0.1341E-16
1.358	0.1443E-16
1.410	0.1553E-16
1.464	0.1671E-16
1.520	0.1798E-16
1.578	0.1934E-16
1.638	0.2082E-16
1.700	0.2239E-16
1.765	0.2408E-16
1.832	0.2589E-16
1.902	0.2784E-16
1.974	0.2993E-16
2.049	0.3216E-16
2.127	0.3456E-16
2.208	0.3713E-16
2.293	0.3987E-16
2.380	0.4281E-16
2.470	0.4600E-16
2.565	0.4935E-16
2.662	0.5294E-16
2.764	0.5675E-16
2.869	0.6082E-16
2.978	0.6515E-16
3.092	0.6975E-16
3.209	0.7462E-16
3.332	0.7975E-16
3.458	0.8522E-16
3.590	0.9099E-16
3.727	0.9706E-16
3.869	0.1035E-15
4.016	0.1102E-15
4.169	0.1172E-15
4.328	0.1246E-15
4.493	0.1322E-15
4.664	0.1401E-15
4.841	0.1483E-15
5.026	0.1568E-15
5.217	0.1655E-15
5.416	0.1745E-15
5.622	0.1836E-15
5.836	0.1932E-15
6.059	0.2027E-15
6.289	0.2124E-15
6.529	0.2222E-15
6.778	0.2318E-15
7.036	0.2418E-15
7.304	0.2518E-15
7.582	0.2619E-15
7.871	0.2723E-15
8.170	0.2825E-15
8.482	0.2926E-15
8.805	0.3028E-15
9.140	0.3132E-15
9.488	0.3234E-15
9.849	0.3336E-15
10.22	0.3436E-15
10.61	0.3539E-15
11.02	0.3643E-15
11.44	0.3746E-15
11.87	0.3851E-15
12.33	0.3958E-15
12.80	0.4067E-15
13.28	0.4177E-15
13.79	0.4292E-15
14.31	0.4408E-15
14.86	0.4526E-15
15.42	0.4649E-15
16.01	0.4776E-15
16.62	0.4907E-15
17.25	0.5042E-15
17.91	0.5184E-15
18.59	0.5328E-15
19.30	0.5476E-15
20.04	0.5628E-15
20.80	0.5782E-15
21.59	0.5937E-15
22.42	0.6090E-15
23.27	0.6244E-15
24.16	0.6395E-15
25.08	0.6541E-15
26.03	0.6683E-15
27.02	0.6819E-15
28.05	0.6949E-15
29.12	0.7072E-15
30.23	0.7188E-15
31.38	0.7298E-15
32.57	0.7400E-15
33.82	0.7496E-15
35.10	0.7587E-15
36.44	0.7671E-15
37.83	0.7750E-15
39.27	0.7824E-15
40.76	0.7894E-15
42.32	0.7960E-15
43.93	0.8022E-15
45.60	0.8081E-15
47.34	0.8137E-15
49.14	0.8190E-15
51.01	0.8240E-15
52.96	0.8289E-15
54.97	0.8335E-15
57.07	0.8379E-15
59.24	0.8422E-15
61.50	0.8463E-15
63.84	0.8503E-15
66.27	0.8542E-15
68.79	0.8579E-15
71.41	0.8615E-15
74.13	0.8651E-15
76.96	0.8685E-15
79.89	0.8718E-15
82.93	0.8750E-15
86.09	0.8781E-15
89.37	0.8811E-15
92.77	0.8841E-15
96.31	0.8869E-15
99.97	0.8897E-15
103.8	0.8923E-15
107.7	0.8949E-15
111.8	0.8974E-15
116.1	0.8997E-15
120.5	0.9020E-15
125.1	0.9042E-15
129.9	0.9062E-15
134.8	0.9081E-15
140.0	0.9100E-15
145.3	0.9117E-15
150.8	0.9132E-15
156.6	0.9147E-15
162.5	0.9160E-15
168.7	0.9172E-15
175.1	0.9182E-15
181.8	0.9191E-15
188.7	0.9198E-15
195.9	0.9204E-15
203.4	0.9209E-15
211.1	0.9212E-15
219.2	0.9214E-15
227.5	0.9214E-15
236.2	0.9212E-15
245.2	0.9209E-15
254.5	0.9205E-15
264.2	0.9199E-15
274.3	0.9191E-15
284.7	0.9182E-15
295.6	0.9172E-15
306.8	0.9160E-15
318.5	0.9146E-15
330.6	0.9131E-15
343.2	0.9115E-15
356.3	0.9097E-15
369.9	0.9077E-15
384.0	0.9057E-15
398.6	0.9035E-15
413.8	0.9011E-15
429.5	0.8986E-15
445.9	0.8960E-15
462.9	0.8932E-15
480.5	0.8903E-15
498.8	0.8873E-15
517.8	0.8841E-15
537.5	0.8809E-15
558.0	0.8775E-15
579.2	0.8739E-15
601.3	0.8703E-15
624.2	0.8665E-15
648.0	0.8626E-15
672.6	0.8586E-15
698.3	0.8545E-15
724.9	0.8503E-15
752.5	0.8460E-15
781.1	0.8416E-15
810.9	0.8371E-15
841.8	0.8325E-15
873.8	0.8278E-15
907.1	0.8231E-15
941.6	0.8182E-15
977.5	0.8133E-15
1015.	0.8082E-15
1053.	0.8031E-15
1094.	0.7980E-15
1135.	0.7927E-15
1178.	0.7874E-15
1223.	0.7820E-15
1270.	0.7766E-15
1318.	0.7711E-15
1368.	0.7655E-15
1421.	0.7599E-15
1475.	0.7543E-15
1531.	0.7485E-15
1589.	0.7428E-15
1650.	0.7370E-15
1712.	0.7312E-15
1778.	0.7253E-15
1845.	0.7194E-15
1916.	0.7134E-15
1989.	0.7074E-15
2064.	0.7013E-15
2143.	0.6953E-15
2225.	0.6892E-15
2309.	0.6830E-15
2397.	0.6769E-15
2489.	0.6707E-15
2583.	0.6645E-15
2682.	0.6582E-15
2784.	0.6519E-15
2890.	0.6456E-15
3000.	0.6393E-15
 
 
C4    C3H6    Excitation    3.60 eV                             
E/N (Td)	Energy loss coefficient (eV m3/s)
0.1000E-02	-0.1541E-74
0.1038E-02	-0.1540E-74
0.1078E-02	-0.1540E-74
0.1119E-02	-0.1540E-74
0.1161E-02	-0.1540E-74
0.1205E-02	-0.1540E-74
0.1251E-02	-0.1540E-74
0.1299E-02	-0.1540E-74
0.1349E-02	-0.1540E-74
0.1400E-02	-0.1540E-74
0.1453E-02	-0.1540E-74
0.1509E-02	-0.1540E-74
0.1566E-02	-0.1540E-74
0.1626E-02	-0.1540E-74
0.1688E-02	-0.1540E-74
0.1752E-02	-0.1540E-74
0.1819E-02	-0.1540E-74
0.1888E-02	-0.1541E-74
0.1960E-02	-0.1541E-74
0.2034E-02	-0.1541E-74
0.2112E-02	-0.1541E-74
0.2192E-02	-0.1541E-74
0.2276E-02	-0.1541E-74
0.2362E-02	-0.1541E-74
0.2452E-02	-0.1541E-74
0.2546E-02	-0.1541E-74
0.2643E-02	-0.1541E-74
0.2743E-02	-0.1541E-74
0.2848E-02	-0.1541E-74
0.2956E-02	-0.1541E-74
0.3069E-02	-0.1541E-74
0.3186E-02	-0.1541E-74
0.3307E-02	-0.1541E-74
0.3433E-02	-0.1541E-74
0.3564E-02	-0.1541E-74
0.3700E-02	-0.1541E-74
0.3841E-02	-0.1541E-74
0.3987E-02	-0.1541E-74
0.4139E-02	-0.1541E-74
0.4296E-02	-0.1541E-74
0.4460E-02	-0.1541E-74
0.4630E-02	-0.1541E-74
0.4806E-02	-0.1541E-74
0.4989E-02	-0.1541E-74
0.5179E-02	-0.1541E-74
0.5377E-02	-0.1541E-74
0.5581E-02	-0.1541E-74
0.5794E-02	-0.1541E-74
0.6015E-02	-0.1541E-74
0.6244E-02	-0.1541E-74
0.6481E-02	-0.1541E-74
0.6728E-02	-0.1541E-74
0.6985E-02	-0.1541E-74
0.7251E-02	-0.1541E-74
0.7527E-02	-0.1541E-74
0.7813E-02	-0.1541E-74
0.8111E-02	-0.1541E-74
0.8420E-02	-0.1541E-74
0.8741E-02	-0.1541E-74
0.9073E-02	-0.1541E-74
0.9419E-02	-0.1541E-74
0.9778E-02	-0.1541E-74
0.1015E-01	-0.1541E-74
0.1054E-01	-0.1541E-74
0.1094E-01	-0.1541E-74
0.1135E-01	-0.1541E-74
0.1179E-01	-0.1541E-74
0.1224E-01	-0.1541E-74
0.1270E-01	-0.1541E-74
0.1319E-01	-0.1542E-74
0.1369E-01	-0.1542E-74
0.1421E-01	-0.1542E-74
0.1475E-01	-0.1542E-74
0.1531E-01	-0.1542E-74
0.1590E-01	-0.1542E-74
0.1650E-01	-0.1542E-74
0.1713E-01	-0.1542E-74
0.1778E-01	-0.1542E-74
0.1846E-01	-0.1542E-74
0.1916E-01	-0.1543E-74
0.1989E-01	-0.1543E-74
0.2065E-01	-0.1543E-74
0.2144E-01	-0.1543E-74
0.2225E-01	-0.1543E-74
0.2310E-01	-0.1543E-74
0.2398E-01	-0.1544E-74
0.2489E-01	-0.1544E-74
0.2584E-01	-0.1544E-74
0.2682E-01	-0.1544E-74
0.2785E-01	-0.1544E-74
0.2891E-01	-0.1545E-74
0.3001E-01	-0.1545E-74
0.3115E-01	-0.1545E-74
0.3234E-01	-0.1545E-74
0.3357E-01	-0.1546E-74
0.3485E-01	-0.1546E-74
0.3617E-01	-0.1546E-74
0.3755E-01	-0.1547E-74
0.3898E-01	-0.1547E-74
0.4047E-01	-0.1547E-74
0.4201E-01	-0.1547E-74
0.4361E-01	-0.1548E-74
0.4527E-01	-0.1548E-74
0.4699E-01	-0.1548E-74
0.4878E-01	-0.1549E-74
0.5064E-01	-0.1549E-74
0.5257E-01	-0.1549E-74
0.5457E-01	-0.1550E-74
0.5665E-01	-0.1550E-74
0.5881E-01	-0.1550E-74
0.6105E-01	-0.1551E-74
0.6337E-01	-0.1551E-74
0.6579E-01	-0.1551E-74
0.6829E-01	-0.1551E-74
0.7089E-01	-0.1552E-74
0.7359E-01	-0.1552E-74
0.7640E-01	-0.1552E-74
0.7931E-01	-0.1553E-74
0.8233E-01	-0.1553E-74
0.8546E-01	-0.1553E-74
0.8872E-01	-0.1553E-74
0.9210E-01	-0.1554E-74
0.9560E-01	-0.1554E-74
0.9924E-01	-0.1554E-74
0.1030	-0.1554E-74
0.1069	-0.1555E-74
0.1110	-0.1555E-74
0.1152	-0.1555E-74
0.1196	-0.1555E-74
0.1242	-0.1555E-74
0.1289	-0.1556E-74
0.1338	-0.1556E-74
0.1389	-0.1556E-74
0.1442	-0.1556E-74
0.1497	-0.1557E-74
0.1554	-0.1557E-74
0.1613	-0.1557E-74
0.1675	-0.1557E-74
0.1739	-0.1558E-74
0.1805	-0.1558E-74
0.1874	-0.1558E-74
0.1945	-0.1558E-74
0.2019	-0.1559E-74
0.2096	-0.1559E-74
0.2176	-0.1559E-74
0.2259	-0.1560E-74
0.2345	-0.1560E-74
0.2434	-0.1560E-74
0.2527	-0.1561E-74
0.2623	-0.1561E-74
0.2723	-0.1562E-74
0.2826	-0.1562E-74
0.2934	-0.1563E-74
0.3046	-0.1563E-74
0.3162	-0.1564E-74
0.3282	-0.1564E-74
0.3407	-0.1565E-74
0.3537	-0.1566E-74
0.3672	-0.1567E-74
0.3812	-0.1567E-74
0.3957	-0.1568E-74
0.4107	-0.1569E-74
0.4264	-0.1570E-74
0.4426	-0.1571E-74
0.4595	-0.1572E-74
0.4770	-0.1573E-74
0.4952	-0.1574E-74
0.5140	-0.1576E-74
0.5336	-0.1577E-74
0.5539	-0.1579E-74
0.5750	-0.1580E-74
0.5969	-0.1582E-74
0.6196	-0.1584E-74
0.6432	-0.1586E-74
0.6677	-0.1587E-74
0.6932	-0.1590E-74
0.7196	-0.1592E-74
0.7470	-0.1594E-74
0.7754	-0.1597E-74
0.8050	-0.1600E-74
0.8356	-0.1602E-74
0.8674	-0.1605E-74
0.9005	-0.1609E-74
0.9348	-0.1612E-74
0.9704	-0.1616E-74
1.007	-0.1620E-74
1.046	-0.1624E-74
1.086	-0.1628E-74
1.127	-0.1633E-74
1.170	-0.1638E-74
1.214	-0.1643E-74
1.261	-0.1648E-74
1.309	-0.1654E-74
1.358	-0.1661E-74
1.410	-0.1667E-74
1.464	-0.1674E-74
1.520	-0.1682E-74
1.578	-0.1690E-74
1.638	-0.1699E-74
1.700	-0.1708E-74
1.765	-0.1717E-74
1.832	-0.1728E-74
1.902	-0.1739E-74
1.974	-0.1751E-74
2.049	-0.1764E-74
2.127	-0.1777E-74
2.208	-0.1792E-74
2.293	-0.1808E-74
2.380	-0.1825E-74
2.470	-0.1844E-74
2.565	-0.1864E-74
2.662	-0.1886E-74
2.764	-0.1910E-74
2.869	-0.1936E-74
2.978	-0.1965E-74
3.092	-0.1997E-74
3.209	-0.2032E-74
3.332	-0.2071E-74
3.458	-0.2115E-74
3.590	-0.2165E-74
3.727	-0.2220E-74
3.869	-0.2283E-74
4.016	-0.2354E-74
4.169	-0.2435E-74
4.328	-0.2528E-74
4.493	-0.2633E-74
4.664	-0.2753E-74
4.841	-0.2890E-74
5.026	-0.3047E-74
5.217	-0.3225E-74
5.416	-0.3428E-74
5.622	-0.3657E-74
5.836	-0.3919E-74
6.059	-0.4211E-74
6.289	-0.4538E-74
6.529	-0.4902E-74
6.778	-0.5303E-74
7.036	-0.5749E-74
7.304	-0.6238E-74
7.582	-0.6772E-74
7.871	-0.7357E-74
8.170	-0.7982E-74
8.482	-0.8652E-74
8.805	-0.9366E-74
9.140	-0.1013E-73
9.488	-0.1093E-73
9.849	-0.1177E-73
10.22	0.9492E-24
10.61	0.3581E-23
11.02	0.1266E-22
11.44	0.4844E-22
11.87	0.1526E-21
12.33	0.4525E-21
12.80	0.1265E-20
13.28	0.3341E-20
13.79	0.8368E-20
14.31	0.1981E-19
14.86	0.4456E-19
15.42	0.9538E-19
16.01	0.1947E-18
16.62	0.3795E-18
17.25	0.7083E-18
17.91	0.1269E-17
18.59	0.2183E-17
19.30	0.3615E-17
20.04	0.5777E-17
20.80	0.8925E-17
21.59	0.1336E-16
22.42	0.1941E-16
23.27	0.2742E-16
24.16	0.3777E-16
25.08	0.5082E-16
26.03	0.6691E-16
27.02	0.8637E-16
28.05	0.1095E-15
29.12	0.1366E-15
30.23	0.1680E-15
31.38	0.2038E-15
32.57	0.2444E-15
33.82	0.2899E-15
35.10	0.3407E-15
36.44	0.3969E-15
37.83	0.4589E-15
39.27	0.5269E-15
40.76	0.6013E-15
42.32	0.6824E-15
43.93	0.7705E-15
45.60	0.8662E-15
47.34	0.9697E-15
49.14	0.1082E-14
51.01	0.1202E-14
52.96	0.1332E-14
54.97	0.1473E-14
57.07	0.1623E-14
59.24	0.1785E-14
61.50	0.1959E-14
63.84	0.2146E-14
66.27	0.2346E-14
68.79	0.2560E-14
71.41	0.2789E-14
74.13	0.3035E-14
76.96	0.3297E-14
79.89	0.3577E-14
82.93	0.3875E-14
86.09	0.4194E-14
89.37	0.4532E-14
92.77	0.4892E-14
96.31	0.5275E-14
99.97	0.5680E-14
103.8	0.6109E-14
107.7	0.6563E-14
111.8	0.7043E-14
116.1	0.7548E-14
120.5	0.8079E-14
125.1	0.8637E-14
129.9	0.9221E-14
134.8	0.9833E-14
140.0	0.1047E-13
145.3	0.1113E-13
150.8	0.1182E-13
156.6	0.1254E-13
162.5	0.1328E-13
168.7	0.1404E-13
175.1	0.1482E-13
181.8	0.1563E-13
188.7	0.1645E-13
195.9	0.1729E-13
203.4	0.1815E-13
211.1	0.1902E-13
219.2	0.1990E-13
227.5	0.2079E-13
236.2	0.2168E-13
245.2	0.2258E-13
254.5	0.2348E-13
264.2	0.2438E-13
274.3	0.2528E-13
284.7	0.2617E-13
295.6	0.2705E-13
306.8	0.2792E-13
318.5	0.2878E-13
330.6	0.2962E-13
343.2	0.3045E-13
356.3	0.3125E-13
369.9	0.3203E-13
384.0	0.3279E-13
398.6	0.3352E-13
413.8	0.3422E-13
429.5	0.3490E-13
445.9	0.3554E-13
462.9	0.3615E-13
480.5	0.3672E-13
498.8	0.3726E-13
517.8	0.3776E-13
537.5	0.3822E-13
558.0	0.3865E-13
579.2	0.3904E-13
601.3	0.3939E-13
624.2	0.3970E-13
648.0	0.3998E-13
672.6	0.4021E-13
698.3	0.4040E-13
724.9	0.4055E-13
752.5	0.4067E-13
781.1	0.4074E-13
810.9	0.4078E-13
841.8	0.4077E-13
873.8	0.4073E-13
907.1	0.4065E-13
941.6	0.4054E-13
977.5	0.4039E-13
1015.	0.4020E-13
1053.	0.3998E-13
1094.	0.3972E-13
1135.	0.3944E-13
1178.	0.3912E-13
1223.	0.3877E-13
1270.	0.3839E-13
1318.	0.3798E-13
1368.	0.3755E-13
1421.	0.3709E-13
1475.	0.3660E-13
1531.	0.3610E-13
1589.	0.3557E-13
1650.	0.3502E-13
1712.	0.3445E-13
1778.	0.3387E-13
1845.	0.3326E-13
1916.	0.3265E-13
1989.	0.3202E-13
2064.	0.3138E-13
2143.	0.3073E-13
2225.	0.3007E-13
2309.	0.2940E-13
2397.	0.2873E-13
2489.	0.2805E-13
2583.	0.2737E-13
2682.	0.2669E-13
2784.	0.2600E-13
2890.	0.2531E-13
3000.	0.2463E-13
 
 
C5    C3H6    Excitation    7.65 eV                             
E/N (Td)	Energy loss coefficient (eV m3/s)
0.1000E-02	-0.1609-145
0.1038E-02	-0.1609-145
0.1078E-02	-0.1609-145
0.1119E-02	-0.1609-145
0.1161E-02	-0.1609-145
0.1205E-02	-0.1609-145
0.1251E-02	-0.1609-145
0.1299E-02	-0.1609-145
0.1349E-02	-0.1609-145
0.1400E-02	-0.1609-145
0.1453E-02	-0.1609-145
0.1509E-02	-0.1609-145
0.1566E-02	-0.1609-145
0.1626E-02	-0.1609-145
0.1688E-02	-0.1609-145
0.1752E-02	-0.1609-145
0.1819E-02	-0.1609-145
0.1888E-02	-0.1609-145
0.1960E-02	-0.1609-145
0.2034E-02	-0.1609-145
0.2112E-02	-0.1609-145
0.2192E-02	-0.1609-145
0.2276E-02	-0.1609-145
0.2362E-02	-0.1609-145
0.2452E-02	-0.1609-145
0.2546E-02	-0.1609-145
0.2643E-02	-0.1609-145
0.2743E-02	-0.1609-145
0.2848E-02	-0.1609-145
0.2956E-02	-0.1609-145
0.3069E-02	-0.1609-145
0.3186E-02	-0.1609-145
0.3307E-02	-0.1609-145
0.3433E-02	-0.1609-145
0.3564E-02	-0.1609-145
0.3700E-02	-0.1609-145
0.3841E-02	-0.1609-145
0.3987E-02	-0.1609-145
0.4139E-02	-0.1609-145
0.4296E-02	-0.1609-145
0.4460E-02	-0.1609-145
0.4630E-02	-0.1609-145
0.4806E-02	-0.1609-145
0.4989E-02	-0.1609-145
0.5179E-02	-0.1609-145
0.5377E-02	-0.1609-145
0.5581E-02	-0.1609-145
0.5794E-02	-0.1609-145
0.6015E-02	-0.1609-145
0.6244E-02	-0.1609-145
0.6481E-02	-0.1609-145
0.6728E-02	-0.1609-145
0.6985E-02	-0.1609-145
0.7251E-02	-0.1609-145
0.7527E-02	-0.1609-145
0.7813E-02	-0.1609-145
0.8111E-02	-0.1609-145
0.8420E-02	-0.1609-145
0.8741E-02	-0.1609-145
0.9073E-02	-0.1609-145
0.9419E-02	-0.1609-145
0.9778E-02	-0.1609-145
0.1015E-01	-0.1609-145
0.1054E-01	-0.1609-145
0.1094E-01	-0.1609-145
0.1135E-01	-0.1609-145
0.1179E-01	-0.1609-145
0.1224E-01	-0.1609-145
0.1270E-01	-0.1609-145
0.1319E-01	-0.1609-145
0.1369E-01	-0.1609-145
0.1421E-01	-0.1608-145
0.1475E-01	-0.1608-145
0.1531E-01	-0.1608-145
0.1590E-01	-0.1608-145
0.1650E-01	-0.1608-145
0.1713E-01	-0.1608-145
0.1778E-01	-0.1610-145
0.1846E-01	-0.1610-145
0.1916E-01	-0.1609-145
0.1989E-01	-0.1609-145
0.2065E-01	-0.1609-145
0.2144E-01	-0.1609-145
0.2225E-01	-0.1609-145
0.2310E-01	-0.1609-145
0.2398E-01	-0.1609-145
0.2489E-01	-0.1609-145
0.2584E-01	-0.1609-145
0.2682E-01	-0.1609-145
0.2785E-01	-0.1609-145
0.2891E-01	-0.1609-145
0.3001E-01	-0.1609-145
0.3115E-01	-0.1608-145
0.3234E-01	-0.1608-145
0.3357E-01	-0.1608-145
0.3485E-01	-0.1608-145
0.3617E-01	-0.1608-145
0.3755E-01	-0.1608-145
0.3898E-01	-0.1607-145
0.4047E-01	-0.1607-145
0.4201E-01	-0.1607-145
0.4361E-01	-0.1607-145
0.4527E-01	-0.1607-145
0.4699E-01	-0.1606-145
0.4878E-01	-0.1606-145
0.5064E-01	-0.1606-145
0.5257E-01	-0.1606-145
0.5457E-01	-0.1606-145
0.5665E-01	-0.1605-145
0.5881E-01	-0.1605-145
0.6105E-01	-0.1605-145
0.6337E-01	-0.1605-145
0.6579E-01	-0.1605-145
0.6829E-01	-0.1605-145
0.7089E-01	-0.1604-145
0.7359E-01	-0.1604-145
0.7640E-01	-0.1604-145
0.7931E-01	-0.1604-145
0.8233E-01	-0.1604-145
0.8546E-01	-0.1604-145
0.8872E-01	-0.1604-145
0.9210E-01	-0.1603-145
0.9560E-01	-0.1603-145
0.9924E-01	-0.1603-145
0.1030	-0.1603-145
0.1069	-0.1603-145
0.1110	-0.1603-145
0.1152	-0.1603-145
0.1196	-0.1603-145
0.1242	-0.1603-145
0.1289	-0.1603-145
0.1338	-0.1602-145
0.1389	-0.1602-145
0.1442	-0.1602-145
0.1497	-0.1602-145
0.1554	-0.1602-145
0.1613	-0.1602-145
0.1675	-0.1602-145
0.1739	-0.1602-145
0.1805	-0.1602-145
0.1874	-0.1602-145
0.1945	-0.1602-145
0.2019	-0.1602-145
0.2096	-0.1602-145
0.2176	-0.1602-145
0.2259	-0.1602-145
0.2345	-0.1602-145
0.2434	-0.1602-145
0.2527	-0.1602-145
0.2623	-0.1602-145
0.2723	-0.1602-145
0.2826	-0.1602-145
0.2934	-0.1602-145
0.3046	-0.1602-145
0.3162	-0.1602-145
0.3282	-0.1600-145
0.3407	-0.1600-145
0.3537	-0.1600-145
0.3672	-0.1601-145
0.3812	-0.1601-145
0.3957	-0.1601-145
0.4107	-0.1601-145
0.4264	-0.1601-145
0.4426	-0.1601-145
0.4595	-0.1601-145
0.4770	-0.1601-145
0.4952	-0.1601-145
0.5140	-0.1601-145
0.5336	-0.1601-145
0.5539	-0.1601-145
0.5750	-0.1601-145
0.5969	-0.1601-145
0.6196	-0.1601-145
0.6432	-0.1601-145
0.6677	-0.1602-145
0.6932	-0.1602-145
0.7196	-0.1602-145
0.7470	-0.1602-145
0.7754	-0.1603-145
0.8050	-0.1603-145
0.8356	-0.1604-145
0.8674	-0.1604-145
0.9005	-0.1605-145
0.9348	-0.1606-145
0.9704	-0.1607-145
1.007	-0.1608-145
1.046	-0.1610-145
1.086	-0.1612-145
1.127	-0.1614-145
1.170	-0.1616-145
1.214	-0.1619-145
1.261	-0.1622-145
1.309	-0.1627-145
1.358	-0.1632-145
1.410	-0.1637-145
1.464	-0.1645-145
1.520	-0.1653-145
1.578	-0.1664-145
1.638	-0.1677-145
1.700	-0.1693-145
1.765	-0.1712-145
1.832	-0.1736-145
1.902	-0.1766-145
1.974	-0.1804-145
2.049	-0.1851-145
2.127	-0.1911-145
2.208	-0.1988-145
2.293	-0.2088-145
2.380	-0.2216-145
2.470	-0.2385-145
2.565	-0.2606-145
2.662	-0.2898-145
2.764	-0.3288-145
2.869	-0.3810-145
2.978	-0.4512-145
3.092	-0.5463-145
3.209	-0.6754-145
3.332	-0.8518-145
3.458	-0.1092-144
3.590	-0.1421-144
3.727	-0.1872-144
3.869	-0.2489-144
4.016	-0.3336-144
4.169	-0.4487-144
4.328	-0.6053-144
4.493	-0.8175-144
4.664	-0.1104-143
4.841	-0.1488-143
5.026	-0.2000-143
5.217	-0.2678-143
5.416	-0.3568-143
5.622	-0.4729-143
5.836	-0.6238-143
6.059	-0.8161-143
6.289	-0.1060-142
6.529	-0.1367-142
6.778	-0.1748-142
7.036	-0.2218-142
7.304	-0.2791-142
7.582	-0.3483-142
7.871	-0.4316-142
8.170	-0.5295-142
8.482	-0.6441-142
8.805	-0.7769-142
9.140	-0.9301-142
9.488	-0.1103-141
9.849	-0.1298-141
10.22	-0.1515-141
10.61	-0.1755-141
11.02	-0.2018-141
11.44	-0.2304-141
11.87	-0.2611-141
12.33	-0.2940-141
12.80	-0.3288-141
13.28	-0.3655-141
13.79	-0.4041-141
14.31	-0.4440-141
14.86	-0.4852-141
15.42	-0.5275-141
16.01	-0.5708-141
16.62	-0.6149-141
17.25	-0.6595-141
17.91	-0.7047-141
18.59	-0.7497-141
19.30	-0.7947-141
20.04	-0.8392-141
20.80	-0.8832-141
21.59	-0.9262-141
22.42	0.8555E-27
23.27	0.2758E-26
24.16	0.8371E-26
25.08	0.2401E-25
26.03	0.6525E-25
27.02	0.1686E-24
28.05	0.4093E-23
29.12	0.1010E-22
30.23	0.2389E-22
31.38	0.5435E-22
32.57	0.1192E-21
33.82	0.2526E-21
35.10	0.5182E-21
36.44	0.1031E-20
37.83	0.1999E-20
39.27	0.3762E-20
40.76	0.6901E-20
42.32	0.1236E-19
43.93	0.2163E-19
45.60	0.3705E-19
47.34	0.6219E-19
49.14	0.1024E-18
51.01	0.1655E-18
52.96	0.2632E-18
54.97	0.4111E-18
57.07	0.6322E-18
59.24	0.9577E-18
61.50	0.1430E-17
63.84	0.2107E-17
66.27	0.3063E-17
68.79	0.4401E-17
71.41	0.6245E-17
74.13	0.8762E-17
76.96	0.1216E-16
79.89	0.1670E-16
82.93	0.2272E-16
86.09	0.3060E-16
89.37	0.4085E-16
92.77	0.5406E-16
96.31	0.7092E-16
99.97	0.9229E-16
103.8	0.1192E-15
107.7	0.1527E-15
111.8	0.1942E-15
116.1	0.2454E-15
120.5	0.3078E-15
125.1	0.3837E-15
129.9	0.4752E-15
134.8	0.5850E-15
140.0	0.7158E-15
145.3	0.8708E-15
150.8	0.1053E-14
156.6	0.1267E-14
162.5	0.1517E-14
168.7	0.1806E-14
175.1	0.2140E-14
181.8	0.2524E-14
188.7	0.2962E-14
195.9	0.3460E-14
203.4	0.4025E-14
211.1	0.4662E-14
219.2	0.5378E-14
227.5	0.6178E-14
236.2	0.7070E-14
245.2	0.8060E-14
254.5	0.9156E-14
264.2	0.1036E-13
274.3	0.1169E-13
284.7	0.1314E-13
295.6	0.1473E-13
306.8	0.1646E-13
318.5	0.1833E-13
330.6	0.2036E-13
343.2	0.2255E-13
356.3	0.2491E-13
369.9	0.2744E-13
384.0	0.3015E-13
398.6	0.3305E-13
413.8	0.3614E-13
429.5	0.3942E-13
445.9	0.4291E-13
462.9	0.4661E-13
480.5	0.5052E-13
498.8	0.5465E-13
517.8	0.5900E-13
537.5	0.6356E-13
558.0	0.6837E-13
579.2	0.7340E-13
601.3	0.7867E-13
624.2	0.8418E-13
648.0	0.8992E-13
672.6	0.9594E-13
698.3	0.1022E-12
724.9	0.1087E-12
752.5	0.1154E-12
781.1	0.1224E-12
810.9	0.1296E-12
841.8	0.1371E-12
873.8	0.1448E-12
907.1	0.1528E-12
941.6	0.1610E-12
977.5	0.1696E-12
1015.	0.1783E-12
1053.	0.1874E-12
1094.	0.1967E-12
1135.	0.2062E-12
1178.	0.2160E-12
1223.	0.2261E-12
1270.	0.2364E-12
1318.	0.2470E-12
1368.	0.2579E-12
1421.	0.2690E-12
1475.	0.2804E-12
1531.	0.2920E-12
1589.	0.3038E-12
1650.	0.3159E-12
1712.	0.3283E-12
1778.	0.3410E-12
1845.	0.3539E-12
1916.	0.3671E-12
1989.	0.3805E-12
2064.	0.3941E-12
2143.	0.4079E-12
2225.	0.4220E-12
2309.	0.4363E-12
2397.	0.4509E-12
2489.	0.4656E-12
2583.	0.4806E-12
2682.	0.4958E-12
2784.	0.5112E-12
2890.	0.5268E-12
3000.	0.5426E-12
 
 
C6    C3H6    Ionization    9.73 eV                             
E/N (Td)	Energy loss coefficient (eV m3/s)
0.1000E-02	0.000
0.1038E-02	0.000
0.1078E-02	0.000
0.1119E-02	0.000
0.1161E-02	0.000
0.1205E-02	0.000
0.1251E-02	0.000
0.1299E-02	0.000
0.1349E-02	0.000
0.1400E-02	0.000
0.1453E-02	0.000
0.1509E-02	0.000
0.1566E-02	0.000
0.1626E-02	0.000
0.1688E-02	0.000
0.1752E-02	0.000
0.1819E-02	0.000
0.1888E-02	0.000
0.1960E-02	0.000
0.2034E-02	0.000
0.2112E-02	0.000
0.2192E-02	0.000
0.2276E-02	0.000
0.2362E-02	0.000
0.2452E-02	0.000
0.2546E-02	0.000
0.2643E-02	0.000
0.2743E-02	0.000
0.2848E-02	0.000
0.2956E-02	0.000
0.3069E-02	0.000
0.3186E-02	0.000
0.3307E-02	0.000
0.3433E-02	0.000
0.3564E-02	0.000
0.3700E-02	0.000
0.3841E-02	0.000
0.3987E-02	0.000
0.4139E-02	0.000
0.4296E-02	0.000
0.4460E-02	0.000
0.4630E-02	0.000
0.4806E-02	0.000
0.4989E-02	0.000
0.5179E-02	0.000
0.5377E-02	0.000
0.5581E-02	0.000
0.5794E-02	0.000
0.6015E-02	0.000
0.6244E-02	0.000
0.6481E-02	0.000
0.6728E-02	0.000
0.6985E-02	0.000
0.7251E-02	0.000
0.7527E-02	0.000
0.7813E-02	0.000
0.8111E-02	0.000
0.8420E-02	0.000
0.8741E-02	0.000
0.9073E-02	0.000
0.9419E-02	0.000
0.9778E-02	0.000
0.1015E-01	0.000
0.1054E-01	0.000
0.1094E-01	0.000
0.1135E-01	0.000
0.1179E-01	0.000
0.1224E-01	0.000
0.1270E-01	0.000
0.1319E-01	0.000
0.1369E-01	0.000
0.1421E-01	0.000
0.1475E-01	0.000
0.1531E-01	0.000
0.1590E-01	0.000
0.1650E-01	0.000
0.1713E-01	0.000
0.1778E-01	0.000
0.1846E-01	0.000
0.1916E-01	0.000
0.1989E-01	0.000
0.2065E-01	0.000
0.2144E-01	0.000
0.2225E-01	0.000
0.2310E-01	0.000
0.2398E-01	0.000
0.2489E-01	0.000
0.2584E-01	0.000
0.2682E-01	0.000
0.2785E-01	0.000
0.2891E-01	0.000
0.3001E-01	0.000
0.3115E-01	0.000
0.3234E-01	0.000
0.3357E-01	0.000
0.3485E-01	0.000
0.3617E-01	0.000
0.3755E-01	0.000
0.3898E-01	0.000
0.4047E-01	0.000
0.4201E-01	0.000
0.4361E-01	0.000
0.4527E-01	0.000
0.4699E-01	0.000
0.4878E-01	0.000
0.5064E-01	0.000
0.5257E-01	0.000
0.5457E-01	0.000
0.5665E-01	0.000
0.5881E-01	0.000
0.6105E-01	0.000
0.6337E-01	0.000
0.6579E-01	0.000
0.6829E-01	0.000
0.7089E-01	0.000
0.7359E-01	0.000
0.7640E-01	0.000
0.7931E-01	0.000
0.8233E-01	0.000
0.8546E-01	0.000
0.8872E-01	0.000
0.9210E-01	0.000
0.9560E-01	0.000
0.9924E-01	0.000
0.1030	0.000
0.1069	0.000
0.1110	0.000
0.1152	0.000
0.1196	0.000
0.1242	0.000
0.1289	0.000
0.1338	0.000
0.1389	0.000
0.1442	0.000
0.1497	0.000
0.1554	0.000
0.1613	0.000
0.1675	0.000
0.1739	0.000
0.1805	0.000
0.1874	0.000
0.1945	0.000
0.2019	0.000
0.2096	0.000
0.2176	0.000
0.2259	0.000
0.2345	0.000
0.2434	0.000
0.2527	0.000
0.2623	0.000
0.2723	0.000
0.2826	0.000
0.2934	0.000
0.3046	0.000
0.3162	0.000
0.3282	0.000
0.3407	0.000
0.3537	0.000
0.3672	0.000
0.3812	0.000
0.3957	0.000
0.4107	0.000
0.4264	0.000
0.4426	0.000
0.4595	0.000
0.4770	0.000
0.4952	0.000
0.5140	0.000
0.5336	0.000
0.5539	0.000
0.5750	0.000
0.5969	0.000
0.6196	0.000
0.6432	0.000
0.6677	0.000
0.6932	0.000
0.7196	0.000
0.7470	0.000
0.7754	0.000
0.8050	0.000
0.8356	0.000
0.8674	0.000
0.9005	0.000
0.9348	0.000
0.9704	0.000
1.007	0.000
1.046	0.000
1.086	0.000
1.127	0.000
1.170	0.000
1.214	0.000
1.261	0.000
1.309	0.000
1.358	0.000
1.410	0.000
1.464	0.000
1.520	0.000
1.578	0.000
1.638	0.000
1.700	0.000
1.765	0.000
1.832	0.000
1.902	0.000
1.974	0.000
2.049	0.000
2.127	0.000
2.208	0.000
2.293	0.000
2.380	0.000
2.470	0.000
2.565	0.000
2.662	0.000
2.764	0.000
2.869	0.000
2.978	0.000
3.092	0.000
3.209	0.000
3.332	0.000
3.458	0.000
3.590	0.000
3.727	0.000
3.869	0.000
4.016	0.000
4.169	0.000
4.328	0.000
4.493	0.000
4.664	0.000
4.841	0.000
5.026	0.000
5.217	0.000
5.416	0.000
5.622	0.000
5.836	0.000
6.059	0.000
6.289	0.000
6.529	0.000
6.778	0.000
7.036	0.000
7.304	0.000
7.582	0.000
7.871	0.000
8.170	0.000
8.482	0.000
8.805	0.000
9.140	0.000
9.488	0.000
9.849	0.000
10.22	0.000
10.61	0.000
11.02	0.000
11.44	0.000
11.87	0.000
12.33	0.000
12.80	0.000
13.28	0.000
13.79	0.000
14.31	0.000
14.86	0.000
15.42	0.000
16.01	0.000
16.62	0.000
17.25	0.000
17.91	0.000
18.59	0.000
19.30	0.000
20.04	0.000
20.80	0.000
21.59	0.000
22.42	0.000
23.27	0.000
24.16	0.000
25.08	0.000
26.03	0.000
27.02	0.000
28.05	0.2280E-31
29.12	0.7362E-31
30.23	0.2253E-30
31.38	0.6552E-30
32.57	0.1817E-29
33.82	0.4815E-29
35.10	0.1223E-28
36.44	0.2982E-28
37.83	0.3537E-24
39.27	0.8521E-24
40.76	0.1983E-23
42.32	0.4469E-23
43.93	0.9762E-23
45.60	0.2071E-22
47.34	0.4271E-22
49.14	0.8577E-22
51.01	0.1679E-21
52.96	0.3232E-21
54.97	0.6041E-21
57.07	0.1105E-20
59.24	0.1978E-20
61.50	0.3473E-20
63.84	0.5981E-20
66.27	0.1012E-19
68.79	0.1684E-19
71.41	0.2753E-19
74.13	0.4429E-19
76.96	0.7018E-19
79.89	0.1096E-18
82.93	0.1688E-18
86.09	0.2565E-18
89.37	0.3848E-18
92.77	0.5707E-18
96.31	0.8356E-18
99.97	0.1210E-17
103.8	0.1732E-17
107.7	0.2454E-17
111.8	0.3443E-17
116.1	0.4781E-17
120.5	0.6580E-17
125.1	0.8971E-17
129.9	0.1212E-16
134.8	0.1625E-16
140.0	0.2159E-16
145.3	0.2847E-16
150.8	0.3726E-16
156.6	0.4840E-16
162.5	0.6244E-16
168.7	0.7998E-16
175.1	0.1018E-15
181.8	0.1287E-15
188.7	0.1616E-15
195.9	0.2019E-15
203.4	0.2506E-15
211.1	0.3095E-15
219.2	0.3801E-15
227.5	0.4643E-15
236.2	0.5644E-15
245.2	0.6827E-15
254.5	0.8219E-15
264.2	0.9851E-15
274.3	0.1176E-14
284.7	0.1397E-14
295.6	0.1653E-14
306.8	0.1949E-14
318.5	0.2289E-14
330.6	0.2679E-14
343.2	0.3124E-14
356.3	0.3630E-14
369.9	0.4205E-14
384.0	0.4855E-14
398.6	0.5588E-14
413.8	0.6414E-14
429.5	0.7339E-14
445.9	0.8375E-14
462.9	0.9532E-14
480.5	0.1082E-13
498.8	0.1225E-13
517.8	0.1383E-13
537.5	0.1559E-13
558.0	0.1752E-13
579.2	0.1965E-13
601.3	0.2199E-13
624.2	0.2455E-13
648.0	0.2736E-13
672.6	0.3043E-13
698.3	0.3377E-13
724.9	0.3740E-13
752.5	0.4135E-13
781.1	0.4563E-13
810.9	0.5024E-13
841.8	0.5524E-13
873.8	0.6064E-13
907.1	0.6646E-13
941.6	0.7271E-13
977.5	0.7943E-13
1015.	0.8664E-13
1053.	0.9435E-13
1094.	0.1026E-12
1135.	0.1114E-12
1178.	0.1208E-12
1223.	0.1308E-12
1270.	0.1415E-12
1318.	0.1528E-12
1368.	0.1648E-12
1421.	0.1776E-12
1475.	0.1911E-12
1531.	0.2054E-12
1589.	0.2204E-12
1650.	0.2364E-12
1712.	0.2532E-12
1778.	0.2709E-12
1845.	0.2896E-12
1916.	0.3092E-12
1989.	0.3298E-12
2064.	0.3514E-12
2143.	0.3740E-12
2225.	0.3977E-12
2309.	0.4225E-12
2397.	0.4485E-12
2489.	0.4755E-12
2583.	0.5038E-12
2682.	0.5333E-12
2784.	0.5641E-12
2890.	0.5960E-12
3000.	0.6293E-12
 
 
C3H6                                                            
E/N (Td)	Inelastic energy loss coefficient (eV m3/s)
0.1000E-02	0.1880E-22
0.1038E-02	0.1313E-22
0.1078E-02	0.1379E-22
0.1119E-02	0.1449E-22
0.1161E-02	0.1525E-22
0.1205E-02	0.1607E-22
0.1251E-02	0.1695E-22
0.1299E-02	0.1790E-22
0.1349E-02	0.1892E-22
0.1400E-02	0.2002E-22
0.1453E-02	0.2121E-22
0.1509E-02	0.2249E-22
0.1566E-02	0.2387E-22
0.1626E-02	0.2536E-22
0.1688E-02	0.2696E-22
0.1752E-02	0.2869E-22
0.1819E-02	0.3055E-22
0.1888E-02	0.3255E-22
0.1960E-02	0.3471E-22
0.2034E-02	0.3704E-22
0.2112E-02	0.3955E-22
0.2192E-02	0.4226E-22
0.2276E-02	0.4517E-22
0.2362E-02	0.4831E-22
0.2452E-02	0.5170E-22
0.2546E-02	0.5534E-22
0.2643E-02	0.5927E-22
0.2743E-02	0.6351E-22
0.2848E-02	0.6807E-22
0.2956E-02	0.7299E-22
0.3069E-02	0.7829E-22
0.3186E-02	0.8400E-22
0.3307E-02	0.9016E-22
0.3433E-02	0.9679E-22
0.3564E-02	0.1039E-21
0.3700E-02	0.1116E-21
0.3841E-02	0.1199E-21
0.3987E-02	0.1289E-21
0.4139E-02	0.1385E-21
0.4296E-02	0.1489E-21
0.4460E-02	0.1601E-21
0.4630E-02	0.1722E-21
0.4806E-02	0.1852E-21
0.4989E-02	0.1992E-21
0.5179E-02	0.2143E-21
0.5377E-02	0.2306E-21
0.5581E-02	0.2481E-21
0.5794E-02	0.2670E-21
0.6015E-02	0.2874E-21
0.6244E-02	0.3093E-21
0.6481E-02	0.3329E-21
0.6728E-02	0.3584E-21
0.6985E-02	0.3859E-21
0.7251E-02	0.4155E-21
0.7527E-02	0.4474E-21
0.7813E-02	0.4818E-21
0.8111E-02	0.5188E-21
0.8420E-02	0.5588E-21
0.8741E-02	0.6018E-21
0.9073E-02	0.6482E-21
0.9419E-02	0.6981E-21
0.9778E-02	0.7520E-21
0.1015E-01	0.8101E-21
0.1054E-01	0.8726E-21
0.1094E-01	0.9401E-21
0.1135E-01	0.1013E-20
0.1179E-01	0.1091E-20
0.1224E-01	0.1175E-20
0.1270E-01	0.1266E-20
0.1319E-01	0.1365E-20
0.1369E-01	0.1470E-20
0.1421E-01	0.1584E-20
0.1475E-01	0.1707E-20
0.1531E-01	0.1839E-20
0.1590E-01	0.1982E-20
0.1650E-01	0.2136E-20
0.1713E-01	0.2301E-20
0.1778E-01	0.2480E-20
0.1846E-01	0.2673E-20
0.1916E-01	0.2880E-20
0.1989E-01	0.3104E-20
0.2065E-01	0.3345E-20
0.2144E-01	0.3605E-20
0.2225E-01	0.3886E-20
0.2310E-01	0.4188E-20
0.2398E-01	0.4513E-20
0.2489E-01	0.4865E-20
0.2584E-01	0.5243E-20
0.2682E-01	0.5651E-20
0.2785E-01	0.6093E-20
0.2891E-01	0.6567E-20
0.3001E-01	0.7079E-20
0.3115E-01	0.7630E-20
0.3234E-01	0.8225E-20
0.3357E-01	0.8866E-20
0.3485E-01	0.9557E-20
0.3617E-01	0.1030E-19
0.3755E-01	0.1111E-19
0.3898E-01	0.1197E-19
0.4047E-01	0.1291E-19
0.4201E-01	0.1391E-19
0.4361E-01	0.1500E-19
0.4527E-01	0.1617E-19
0.4699E-01	0.1743E-19
0.4878E-01	0.1880E-19
0.5064E-01	0.2026E-19
0.5257E-01	0.2185E-19
0.5457E-01	0.2355E-19
0.5665E-01	0.2539E-19
0.5881E-01	0.2737E-19
0.6105E-01	0.2951E-19
0.6337E-01	0.3182E-19
0.6579E-01	0.3430E-19
0.6829E-01	0.3698E-19
0.7089E-01	0.3986E-19
0.7359E-01	0.4297E-19
0.7640E-01	0.4633E-19
0.7931E-01	0.4994E-19
0.8233E-01	0.5384E-19
0.8546E-01	0.5804E-19
0.8872E-01	0.6256E-19
0.9210E-01	0.6744E-19
0.9560E-01	0.7270E-19
0.9924E-01	0.7836E-19
0.1030	0.8447E-19
0.1069	0.9105E-19
0.1110	0.9814E-19
0.1152	0.1058E-18
0.1196	0.1140E-18
0.1242	0.1229E-18
0.1289	0.1325E-18
0.1338	0.1428E-18
0.1389	0.1539E-18
0.1442	0.1658E-18
0.1497	0.1787E-18
0.1554	0.1926E-18
0.1613	0.2076E-18
0.1675	0.2237E-18
0.1739	0.2411E-18
0.1805	0.2599E-18
0.1874	0.2801E-18
0.1945	0.3018E-18
0.2019	0.3252E-18
0.2096	0.3505E-18
0.2176	0.3777E-18
0.2259	0.4070E-18
0.2345	0.4386E-18
0.2434	0.4727E-18
0.2527	0.5093E-18
0.2623	0.5488E-18
0.2723	0.5914E-18
0.2826	0.6373E-18
0.2934	0.6867E-18
0.3046	0.7399E-18
0.3162	0.7973E-18
0.3282	0.8590E-18
0.3407	0.9256E-18
0.3537	0.9973E-18
0.3672	0.1075E-17
0.3812	0.1158E-17
0.3957	0.1247E-17
0.4107	0.1344E-17
0.4264	0.1448E-17
0.4426	0.1560E-17
0.4595	0.1681E-17
0.4770	0.1811E-17
0.4952	0.1951E-17
0.5140	0.2102E-17
0.5336	0.2264E-17
0.5539	0.2439E-17
0.5750	0.2628E-17
0.5969	0.2831E-17
0.6196	0.3049E-17
0.6432	0.3285E-17
0.6677	0.3538E-17
0.6932	0.3811E-17
0.7196	0.4105E-17
0.7470	0.4421E-17
0.7754	0.4762E-17
0.8050	0.5129E-17
0.8356	0.5524E-17
0.8674	0.5949E-17
0.9005	0.6406E-17
0.9348	0.6899E-17
0.9704	0.7429E-17
1.007	0.8000E-17
1.046	0.8613E-17
1.086	0.9274E-17
1.127	0.9985E-17
1.170	0.1075E-16
1.214	0.1157E-16
1.261	0.1246E-16
1.309	0.1341E-16
1.358	0.1443E-16
1.410	0.1553E-16
1.464	0.1671E-16
1.520	0.1798E-16
1.578	0.1934E-16
1.638	0.2082E-16
1.700	0.2239E-16
1.765	0.2408E-16
1.832	0.2589E-16
1.902	0.2784E-16
1.974	0.2993E-16
2.049	0.3216E-16
2.127	0.3456E-16
2.208	0.3713E-16
2.293	0.3987E-16
2.380	0.4281E-16
2.470	0.4600E-16
2.565	0.4935E-16
2.662	0.5294E-16
2.764	0.5675E-16
2.869	0.6082E-16
2.978	0.6515E-16
3.092	0.6975E-16
3.209	0.7462E-16
3.332	0.7975E-16
3.458	0.8522E-16
3.590	0.9099E-16
3.727	0.9706E-16
3.869	0.1035E-15
4.016	0.1102E-15
4.169	0.1172E-15
4.328	0.1246E-15
4.493	0.1322E-15
4.664	0.1401E-15
4.841	0.1483E-15
5.026	0.1568E-15
5.217	0.1655E-15
5.416	0.1745E-15
5.622	0.1836E-15
5.836	0.1932E-15
6.059	0.2027E-15
6.289	0.2124E-15
6.529	0.2222E-15
6.778	0.2318E-15
7.036	0.2418E-15
7.304	0.2518E-15
7.582	0.2619E-15
7.871	0.2723E-15
8.170	0.2825E-15
8.482	0.2926E-15
8.805	0.3028E-15
9.140	0.3132E-15
9.488	0.3234E-15
9.849	0.3336E-15
10.22	0.3436E-15
10.61	0.3539E-15
11.02	0.3643E-15
11.44	0.3746E-15
11.87	0.3851E-15
12.33	0.3958E-15
12.80	0.4067E-15
13.28	0.4177E-15
13.79	0.4292E-15
14.31	0.4408E-15
14.86	0.4527E-15
15.42	0.4650E-15
16.01	0.4778E-15
16.62	0.4910E-15
17.25	0.5049E-15
17.91	0.5196E-15
18.59	0.5350E-15
19.30	0.5513E-15
20.04	0.5686E-15
20.80	0.5871E-15
21.59	0.6070E-15
22.42	0.6284E-15
23.27	0.6518E-15
24.16	0.6772E-15
25.08	0.7050E-15
26.03	0.7352E-15
27.02	0.7683E-15
28.05	0.8045E-15
29.12	0.8439E-15
30.23	0.8868E-15
31.38	0.9336E-15
32.57	0.9844E-15
33.82	0.1040E-14
35.10	0.1099E-14
36.44	0.1164E-14
37.83	0.1234E-14
39.27	0.1309E-14
40.76	0.1391E-14
42.32	0.1478E-14
43.93	0.1573E-14
45.60	0.1674E-14
47.34	0.1783E-14
49.14	0.1901E-14
51.01	0.2026E-14
52.96	0.2162E-14
54.97	0.2306E-14
57.07	0.2462E-14
59.24	0.2628E-14
61.50	0.2807E-14
63.84	0.2998E-14
66.27	0.3203E-14
68.79	0.3422E-14
71.41	0.3657E-14
74.13	0.3909E-14
76.96	0.4178E-14
79.89	0.4466E-14
82.93	0.4773E-14
86.09	0.5103E-14
89.37	0.5455E-14
92.77	0.5831E-14
96.31	0.6234E-14
99.97	0.6664E-14
103.8	0.7123E-14
107.7	0.7614E-14
111.8	0.8138E-14
116.1	0.8698E-14
120.5	0.9296E-14
125.1	0.9935E-14
129.9	0.1062E-13
134.8	0.1134E-13
140.0	0.1212E-13
145.3	0.1295E-13
150.8	0.1383E-13
156.6	0.1477E-13
162.5	0.1577E-13
168.7	0.1685E-13
175.1	0.1799E-13
181.8	0.1920E-13
188.7	0.2050E-13
195.9	0.2188E-13
203.4	0.2335E-13
211.1	0.2491E-13
219.2	0.2658E-13
227.5	0.2835E-13
236.2	0.3024E-13
245.2	0.3225E-13
254.5	0.3439E-13
264.2	0.3666E-13
274.3	0.3907E-13
284.7	0.4163E-13
295.6	0.4436E-13
306.8	0.4725E-13
318.5	0.5032E-13
330.6	0.5358E-13
343.2	0.5704E-13
356.3	0.6071E-13
369.9	0.6459E-13
384.0	0.6871E-13
398.6	0.7307E-13
413.8	0.7768E-13
429.5	0.8257E-13
445.9	0.8773E-13
462.9	0.9319E-13
480.5	0.9896E-13
498.8	0.1051E-12
517.8	0.1115E-12
537.5	0.1183E-12
558.0	0.1254E-12
579.2	0.1330E-12
601.3	0.1409E-12
624.2	0.1493E-12
648.0	0.1581E-12
672.6	0.1674E-12
698.3	0.1772E-12
724.9	0.1875E-12
752.5	0.1983E-12
781.1	0.2096E-12
810.9	0.2214E-12
841.8	0.2339E-12
873.8	0.2470E-12
907.1	0.2607E-12
941.6	0.2751E-12
977.5	0.2902E-12
1015.	0.3060E-12
1053.	0.3225E-12
1094.	0.3398E-12
1135.	0.3579E-12
1178.	0.3767E-12
1223.	0.3965E-12
1270.	0.4171E-12
1318.	0.4386E-12
1368.	0.4610E-12
1421.	0.4844E-12
1475.	0.5088E-12
1531.	0.5342E-12
1589.	0.5606E-12
1650.	0.5881E-12
1712.	0.6167E-12
1778.	0.6465E-12
1845.	0.6775E-12
1916.	0.7097E-12
1989.	0.7430E-12
2064.	0.7776E-12
2143.	0.8133E-12
2225.	0.8505E-12
2309.	0.8890E-12
2397.	0.9288E-12
2489.	0.9699E-12
2583.	0.1012E-11
2682.	0.1056E-11
2784.	0.1102E-11
2890.	0.1149E-11
3000.	0.1197E-11
 
 
