BOLSIG+ version: 03/2016
Collision input data:
--------------------------------------------------
C5F10O                                                          
collisions.txt
 
 
 
Angular frequency / N (m3/s)               0.000    
Cosine of E-B field angle                  0.000    
Gas temperature (K)                        300.0    
Excitation temperature (K)                 300.0    
Transition energy (eV)                     0.000    
Ionization degree                          0.000    
Plasma density (1/m3)                     0.1000E+19
Ion charge parameter                       1.000    
Ion/neutral mass ratio                     1.000    
e-e momentum effects                       1.000    
Energy sharing                             1.000    
Growth model                               1.000    
Maxwellian mean energy (eV)                0.000    
# of grid points                           200.0    
Precision                                 0.1000E-09
Convergence                               0.1000E-03
Maximum # of iterations                    5000.    
Mole fraction C5F10O                       1.000    
 
 
E/N (Td)    	Electric field / N (Td)                                         
0.1000E-02	0.1000E-02
0.1038E-02	0.1038E-02
0.1078E-02	0.1078E-02
0.1119E-02	0.1119E-02
0.1161E-02	0.1161E-02
0.1205E-02	0.1205E-02
0.1251E-02	0.1251E-02
0.1299E-02	0.1299E-02
0.1349E-02	0.1349E-02
0.1400E-02	0.1400E-02
0.1453E-02	0.1453E-02
0.1509E-02	0.1509E-02
0.1566E-02	0.1566E-02
0.1626E-02	0.1626E-02
0.1688E-02	0.1688E-02
0.1752E-02	0.1752E-02
0.1819E-02	0.1819E-02
0.1888E-02	0.1888E-02
0.1960E-02	0.1960E-02
0.2034E-02	0.2034E-02
0.2112E-02	0.2112E-02
0.2192E-02	0.2192E-02
0.2276E-02	0.2276E-02
0.2362E-02	0.2362E-02
0.2452E-02	0.2452E-02
0.2546E-02	0.2546E-02
0.2643E-02	0.2643E-02
0.2743E-02	0.2743E-02
0.2848E-02	0.2848E-02
0.2956E-02	0.2956E-02
0.3069E-02	0.3069E-02
0.3186E-02	0.3186E-02
0.3307E-02	0.3307E-02
0.3433E-02	0.3433E-02
0.3564E-02	0.3564E-02
0.3700E-02	0.3700E-02
0.3841E-02	0.3841E-02
0.3987E-02	0.3987E-02
0.4139E-02	0.4139E-02
0.4296E-02	0.4296E-02
0.4460E-02	0.4460E-02
0.4630E-02	0.4630E-02
0.4806E-02	0.4806E-02
0.4989E-02	0.4989E-02
0.5179E-02	0.5179E-02
0.5377E-02	0.5377E-02
0.5581E-02	0.5581E-02
0.5794E-02	0.5794E-02
0.6015E-02	0.6015E-02
0.6244E-02	0.6244E-02
0.6481E-02	0.6481E-02
0.6728E-02	0.6728E-02
0.6985E-02	0.6985E-02
0.7251E-02	0.7251E-02
0.7527E-02	0.7527E-02
0.7813E-02	0.7813E-02
0.8111E-02	0.8111E-02
0.8420E-02	0.8420E-02
0.8741E-02	0.8741E-02
0.9073E-02	0.9073E-02
0.9419E-02	0.9419E-02
0.9778E-02	0.9778E-02
0.1015E-01	0.1015E-01
0.1054E-01	0.1054E-01
0.1094E-01	0.1094E-01
0.1135E-01	0.1135E-01
0.1179E-01	0.1179E-01
0.1224E-01	0.1224E-01
0.1270E-01	0.1270E-01
0.1319E-01	0.1319E-01
0.1369E-01	0.1369E-01
0.1421E-01	0.1421E-01
0.1475E-01	0.1475E-01
0.1531E-01	0.1531E-01
0.1590E-01	0.1590E-01
0.1650E-01	0.1650E-01
0.1713E-01	0.1713E-01
0.1778E-01	0.1778E-01
0.1846E-01	0.1846E-01
0.1916E-01	0.1916E-01
0.1989E-01	0.1989E-01
0.2065E-01	0.2065E-01
0.2144E-01	0.2144E-01
0.2225E-01	0.2225E-01
0.2310E-01	0.2310E-01
0.2398E-01	0.2398E-01
0.2489E-01	0.2489E-01
0.2584E-01	0.2584E-01
0.2682E-01	0.2682E-01
0.2785E-01	0.2785E-01
0.2891E-01	0.2891E-01
0.3001E-01	0.3001E-01
0.3115E-01	0.3115E-01
0.3234E-01	0.3234E-01
0.3357E-01	0.3357E-01
0.3485E-01	0.3485E-01
0.3617E-01	0.3617E-01
0.3755E-01	0.3755E-01
0.3898E-01	0.3898E-01
0.4047E-01	0.4047E-01
0.4201E-01	0.4201E-01
0.4361E-01	0.4361E-01
0.4527E-01	0.4527E-01
0.4699E-01	0.4699E-01
0.4878E-01	0.4878E-01
0.5064E-01	0.5064E-01
0.5257E-01	0.5257E-01
0.5457E-01	0.5457E-01
0.5665E-01	0.5665E-01
0.5881E-01	0.5881E-01
0.6105E-01	0.6105E-01
0.6337E-01	0.6337E-01
0.6579E-01	0.6579E-01
0.6829E-01	0.6829E-01
0.7089E-01	0.7089E-01
0.7359E-01	0.7359E-01
0.7640E-01	0.7640E-01
0.7931E-01	0.7931E-01
0.8233E-01	0.8233E-01
0.8546E-01	0.8546E-01
0.8872E-01	0.8872E-01
0.9210E-01	0.9210E-01
0.9560E-01	0.9560E-01
0.9924E-01	0.9924E-01
0.1030	0.1030
0.1069	0.1069
0.1110	0.1110
0.1152	0.1152
0.1196	0.1196
0.1242	0.1242
0.1289	0.1289
0.1338	0.1338
0.1389	0.1389
0.1442	0.1442
0.1497	0.1497
0.1554	0.1554
0.1613	0.1613
0.1675	0.1675
0.1739	0.1739
0.1805	0.1805
0.1874	0.1874
0.1945	0.1945
0.2019	0.2019
0.2096	0.2096
0.2176	0.2176
0.2259	0.2259
0.2345	0.2345
0.2434	0.2434
0.2527	0.2527
0.2623	0.2623
0.2723	0.2723
0.2826	0.2826
0.2934	0.2934
0.3046	0.3046
0.3162	0.3162
0.3282	0.3282
0.3407	0.3407
0.3537	0.3537
0.3672	0.3672
0.3812	0.3812
0.3957	0.3957
0.4107	0.4107
0.4264	0.4264
0.4426	0.4426
0.4595	0.4595
0.4770	0.4770
0.4952	0.4952
0.5140	0.5140
0.5336	0.5336
0.5539	0.5539
0.5750	0.5750
0.5969	0.5969
0.6196	0.6196
0.6432	0.6432
0.6677	0.6677
0.6932	0.6932
0.7196	0.7196
0.7470	0.7470
0.7754	0.7754
0.8050	0.8050
0.8356	0.8356
0.8674	0.8674
0.9005	0.9005
0.9348	0.9348
0.9704	0.9704
1.007	1.007
1.046	1.046
1.086	1.086
1.127	1.127
1.170	1.170
1.214	1.214
1.261	1.261
1.309	1.309
1.358	1.358
1.410	1.410
1.464	1.464
1.520	1.520
1.578	1.578
1.638	1.638
1.700	1.700
1.765	1.765
1.832	1.832
1.902	1.902
1.974	1.974
2.049	2.049
2.127	2.127
2.208	2.208
2.293	2.293
2.380	2.380
2.470	2.470
2.565	2.565
2.662	2.662
2.764	2.764
2.869	2.869
2.978	2.978
3.092	3.092
3.209	3.209
3.332	3.332
3.458	3.458
3.590	3.590
3.727	3.727
3.869	3.869
4.016	4.016
4.169	4.169
4.328	4.328
4.493	4.493
4.664	4.664
4.841	4.841
5.026	5.026
5.217	5.217
5.416	5.416
5.622	5.622
5.836	5.836
6.059	6.059
6.289	6.289
6.529	6.529
6.778	6.778
7.036	7.036
7.304	7.304
7.582	7.582
7.871	7.871
8.170	8.170
8.482	8.482
8.805	8.805
9.140	9.140
9.488	9.488
9.849	9.849
10.22	10.22
10.61	10.61
11.02	11.02
11.44	11.44
11.87	11.87
12.33	12.33
12.80	12.80
13.28	13.28
13.79	13.79
14.31	14.31
14.86	14.86
15.42	15.42
16.01	16.01
16.62	16.62
17.25	17.25
17.91	17.91
18.59	18.59
19.30	19.30
20.04	20.04
20.80	20.80
21.59	21.59
22.42	22.42
23.27	23.27
24.16	24.16
25.08	25.08
26.03	26.03
27.02	27.02
28.05	28.05
29.12	29.12
30.23	30.23
31.38	31.38
32.57	32.57
33.82	33.82
35.10	35.10
36.44	36.44
37.83	37.83
39.27	39.27
40.76	40.76
42.32	42.32
43.93	43.93
45.60	45.60
47.34	47.34
49.14	49.14
51.01	51.01
52.96	52.96
54.97	54.97
57.07	57.07
59.24	59.24
61.50	61.50
63.84	63.84
66.27	66.27
68.79	68.79
71.41	71.41
74.13	74.13
76.96	76.96
79.89	79.89
82.93	82.93
86.09	86.09
89.37	89.37
92.77	92.77
96.31	96.31
99.97	99.97
103.8	103.8
107.7	107.7
111.8	111.8
116.1	116.1
120.5	120.5
125.1	125.1
129.9	129.9
134.8	134.8
140.0	140.0
145.3	145.3
150.8	150.8
156.6	156.6
162.5	162.5
168.7	168.7
175.1	175.1
181.8	181.8
188.7	188.7
195.9	195.9
203.4	203.4
211.1	211.1
219.2	219.2
227.5	227.5
236.2	236.2
245.2	245.2
254.5	254.5
264.2	264.2
274.3	274.3
284.7	284.7
295.6	295.6
306.8	306.8
318.5	318.5
330.6	330.6
343.2	343.2
356.3	356.3
369.9	369.9
384.0	384.0
398.6	398.6
413.8	413.8
429.5	429.5
445.9	445.9
462.9	462.9
480.5	480.5
498.8	498.8
517.8	517.8
537.5	537.5
558.0	558.0
579.2	579.2
601.3	601.3
624.2	624.2
648.0	648.0
672.6	672.6
698.3	698.3
724.9	724.9
752.5	752.5
781.1	781.1
810.9	810.9
841.8	841.8
873.8	873.8
907.1	907.1
941.6	941.6
977.5	977.5
1015.	1015.
1053.	1053.
1094.	1094.
1135.	1135.
1178.	1178.
1223.	1223.
1270.	1270.
1318.	1318.
1368.	1368.
1421.	1421.
1475.	1475.
1531.	1531.
1589.	1589.
1650.	1650.
1712.	1712.
1778.	1778.
1845.	1845.
1916.	1916.
1989.	1989.
2064.	2064.
2143.	2143.
2225.	2225.
2309.	2309.
2397.	2397.
2489.	2489.
2583.	2583.
2682.	2682.
2784.	2784.
2890.	2890.
3000.	3000.
 
 
E/N (Td)    	Grid type                                                       
0.1000E-02	2.000
0.1038E-02	3.000
0.1078E-02	3.000
0.1119E-02	3.000
0.1161E-02	3.000
0.1205E-02	3.000
0.1251E-02	3.000
0.1299E-02	3.000
0.1349E-02	3.000
0.1400E-02	3.000
0.1453E-02	3.000
0.1509E-02	3.000
0.1566E-02	3.000
0.1626E-02	3.000
0.1688E-02	3.000
0.1752E-02	3.000
0.1819E-02	3.000
0.1888E-02	3.000
0.1960E-02	3.000
0.2034E-02	3.000
0.2112E-02	3.000
0.2192E-02	3.000
0.2276E-02	3.000
0.2362E-02	3.000
0.2452E-02	3.000
0.2546E-02	3.000
0.2643E-02	3.000
0.2743E-02	3.000
0.2848E-02	3.000
0.2956E-02	3.000
0.3069E-02	3.000
0.3186E-02	3.000
0.3307E-02	3.000
0.3433E-02	3.000
0.3564E-02	3.000
0.3700E-02	3.000
0.3841E-02	3.000
0.3987E-02	3.000
0.4139E-02	3.000
0.4296E-02	3.000
0.4460E-02	3.000
0.4630E-02	3.000
0.4806E-02	3.000
0.4989E-02	3.000
0.5179E-02	3.000
0.5377E-02	3.000
0.5581E-02	3.000
0.5794E-02	3.000
0.6015E-02	3.000
0.6244E-02	3.000
0.6481E-02	3.000
0.6728E-02	3.000
0.6985E-02	3.000
0.7251E-02	3.000
0.7527E-02	3.000
0.7813E-02	3.000
0.8111E-02	3.000
0.8420E-02	3.000
0.8741E-02	3.000
0.9073E-02	3.000
0.9419E-02	3.000
0.9778E-02	3.000
0.1015E-01	3.000
0.1054E-01	3.000
0.1094E-01	3.000
0.1135E-01	3.000
0.1179E-01	3.000
0.1224E-01	3.000
0.1270E-01	3.000
0.1319E-01	3.000
0.1369E-01	3.000
0.1421E-01	3.000
0.1475E-01	3.000
0.1531E-01	3.000
0.1590E-01	3.000
0.1650E-01	3.000
0.1713E-01	3.000
0.1778E-01	3.000
0.1846E-01	3.000
0.1916E-01	3.000
0.1989E-01	3.000
0.2065E-01	3.000
0.2144E-01	3.000
0.2225E-01	3.000
0.2310E-01	3.000
0.2398E-01	3.000
0.2489E-01	3.000
0.2584E-01	3.000
0.2682E-01	3.000
0.2785E-01	3.000
0.2891E-01	3.000
0.3001E-01	3.000
0.3115E-01	3.000
0.3234E-01	3.000
0.3357E-01	3.000
0.3485E-01	3.000
0.3617E-01	3.000
0.3755E-01	3.000
0.3898E-01	3.000
0.4047E-01	3.000
0.4201E-01	3.000
0.4361E-01	3.000
0.4527E-01	3.000
0.4699E-01	3.000
0.4878E-01	3.000
0.5064E-01	3.000
0.5257E-01	3.000
0.5457E-01	3.000
0.5665E-01	3.000
0.5881E-01	3.000
0.6105E-01	3.000
0.6337E-01	3.000
0.6579E-01	3.000
0.6829E-01	3.000
0.7089E-01	3.000
0.7359E-01	3.000
0.7640E-01	3.000
0.7931E-01	3.000
0.8233E-01	3.000
0.8546E-01	3.000
0.8872E-01	3.000
0.9210E-01	3.000
0.9560E-01	3.000
0.9924E-01	3.000
0.1030	3.000
0.1069	3.000
0.1110	3.000
0.1152	3.000
0.1196	3.000
0.1242	3.000
0.1289	3.000
0.1338	3.000
0.1389	3.000
0.1442	3.000
0.1497	3.000
0.1554	3.000
0.1613	3.000
0.1675	3.000
0.1739	3.000
0.1805	3.000
0.1874	3.000
0.1945	3.000
0.2019	3.000
0.2096	3.000
0.2176	3.000
0.2259	3.000
0.2345	3.000
0.2434	3.000
0.2527	3.000
0.2623	3.000
0.2723	3.000
0.2826	3.000
0.2934	3.000
0.3046	3.000
0.3162	3.000
0.3282	3.000
0.3407	3.000
0.3537	3.000
0.3672	3.000
0.3812	3.000
0.3957	3.000
0.4107	3.000
0.4264	3.000
0.4426	3.000
0.4595	3.000
0.4770	3.000
0.4952	3.000
0.5140	3.000
0.5336	3.000
0.5539	3.000
0.5750	3.000
0.5969	3.000
0.6196	3.000
0.6432	3.000
0.6677	3.000
0.6932	3.000
0.7196	3.000
0.7470	3.000
0.7754	3.000
0.8050	3.000
0.8356	3.000
0.8674	3.000
0.9005	3.000
0.9348	3.000
0.9704	3.000
1.007	3.000
1.046	3.000
1.086	3.000
1.127	3.000
1.170	3.000
1.214	3.000
1.261	3.000
1.309	3.000
1.358	3.000
1.410	3.000
1.464	3.000
1.520	3.000
1.578	3.000
1.638	3.000
1.700	3.000
1.765	3.000
1.832	3.000
1.902	3.000
1.974	3.000
2.049	3.000
2.127	3.000
2.208	3.000
2.293	3.000
2.380	3.000
2.470	3.000
2.565	3.000
2.662	3.000
2.764	3.000
2.869	3.000
2.978	3.000
3.092	3.000
3.209	3.000
3.332	3.000
3.458	3.000
3.590	3.000
3.727	3.000
3.869	3.000
4.016	3.000
4.169	3.000
4.328	3.000
4.493	3.000
4.664	3.000
4.841	3.000
5.026	3.000
5.217	3.000
5.416	3.000
5.622	3.000
5.836	3.000
6.059	3.000
6.289	3.000
6.529	3.000
6.778	3.000
7.036	3.000
7.304	3.000
7.582	3.000
7.871	3.000
8.170	3.000
8.482	3.000
8.805	3.000
9.140	3.000
9.488	3.000
9.849	3.000
10.22	3.000
10.61	3.000
11.02	3.000
11.44	3.000
11.87	3.000
12.33	3.000
12.80	3.000
13.28	3.000
13.79	3.000
14.31	3.000
14.86	3.000
15.42	3.000
16.01	3.000
16.62	3.000
17.25	3.000
17.91	3.000
18.59	3.000
19.30	3.000
20.04	3.000
20.80	3.000
21.59	3.000
22.42	3.000
23.27	3.000
24.16	3.000
25.08	3.000
26.03	3.000
27.02	3.000
28.05	3.000
29.12	3.000
30.23	3.000
31.38	3.000
32.57	3.000
33.82	3.000
35.10	3.000
36.44	3.000
37.83	3.000
39.27	3.000
40.76	3.000
42.32	3.000
43.93	3.000
45.60	3.000
47.34	3.000
49.14	3.000
51.01	3.000
52.96	3.000
54.97	3.000
57.07	3.000
59.24	3.000
61.50	3.000
63.84	3.000
66.27	3.000
68.79	3.000
71.41	3.000
74.13	3.000
76.96	3.000
79.89	3.000
82.93	3.000
86.09	3.000
89.37	3.000
92.77	3.000
96.31	3.000
99.97	3.000
103.8	3.000
107.7	3.000
111.8	3.000
116.1	3.000
120.5	3.000
125.1	3.000
129.9	3.000
134.8	3.000
140.0	3.000
145.3	3.000
150.8	3.000
156.6	3.000
162.5	3.000
168.7	3.000
175.1	3.000
181.8	3.000
188.7	3.000
195.9	3.000
203.4	3.000
211.1	3.000
219.2	3.000
227.5	3.000
236.2	3.000
245.2	3.000
254.5	3.000
264.2	3.000
274.3	3.000
284.7	3.000
295.6	3.000
306.8	3.000
318.5	3.000
330.6	3.000
343.2	3.000
356.3	3.000
369.9	3.000
384.0	3.000
398.6	3.000
413.8	3.000
429.5	3.000
445.9	3.000
462.9	3.000
480.5	3.000
498.8	3.000
517.8	3.000
537.5	3.000
558.0	3.000
579.2	3.000
601.3	3.000
624.2	3.000
648.0	3.000
672.6	3.000
698.3	3.000
724.9	3.000
752.5	3.000
781.1	3.000
810.9	3.000
841.8	3.000
873.8	3.000
907.1	3.000
941.6	3.000
977.5	3.000
1015.	3.000
1053.	3.000
1094.	3.000
1135.	3.000
1178.	3.000
1223.	3.000
1270.	3.000
1318.	3.000
1368.	3.000
1421.	3.000
1475.	3.000
1531.	3.000
1589.	3.000
1650.	3.000
1712.	3.000
1778.	3.000
1845.	3.000
1916.	3.000
1989.	3.000
2064.	3.000
2143.	3.000
2225.	3.000
2309.	3.000
2397.	3.000
2489.	3.000
2583.	3.000
2682.	3.000
2784.	3.000
2890.	3.000
3000.	3.000
 
 
E/N (Td)    	Maximum energy                                                  
0.1000E-02	2000.
0.1038E-02	0.2702E-02
0.1078E-02	0.2702E-02
0.1119E-02	0.2702E-02
0.1161E-02	0.2702E-02
0.1205E-02	0.2702E-02
0.1251E-02	0.2702E-02
0.1299E-02	0.2702E-02
0.1349E-02	0.2702E-02
0.1400E-02	0.2702E-02
0.1453E-02	0.2702E-02
0.1509E-02	0.3218E-02
0.1566E-02	0.3218E-02
0.1626E-02	0.3218E-02
0.1688E-02	0.3218E-02
0.1752E-02	0.3218E-02
0.1819E-02	0.3218E-02
0.1888E-02	0.3218E-02
0.1960E-02	0.3218E-02
0.2034E-02	0.3218E-02
0.2112E-02	0.3218E-02
0.2192E-02	0.3218E-02
0.2276E-02	0.3218E-02
0.2362E-02	0.3218E-02
0.2452E-02	0.3218E-02
0.2546E-02	0.3218E-02
0.2643E-02	0.3218E-02
0.2743E-02	0.3218E-02
0.2848E-02	0.3218E-02
0.2956E-02	0.3218E-02
0.3069E-02	0.3218E-02
0.3186E-02	0.3218E-02
0.3307E-02	0.3218E-02
0.3433E-02	0.3833E-02
0.3564E-02	0.3833E-02
0.3700E-02	0.3833E-02
0.3841E-02	0.3833E-02
0.3987E-02	0.3833E-02
0.4139E-02	0.3833E-02
0.4296E-02	0.3833E-02
0.4460E-02	0.3833E-02
0.4630E-02	0.3833E-02
0.4806E-02	0.3833E-02
0.4989E-02	0.3833E-02
0.5179E-02	0.3833E-02
0.5377E-02	0.3833E-02
0.5581E-02	0.3833E-02
0.5794E-02	0.4565E-02
0.6015E-02	0.4565E-02
0.6244E-02	0.4565E-02
0.6481E-02	0.4565E-02
0.6728E-02	0.4565E-02
0.6985E-02	0.4565E-02
0.7251E-02	0.4565E-02
0.7527E-02	0.4565E-02
0.7813E-02	0.4565E-02
0.8111E-02	0.4565E-02
0.8420E-02	0.4565E-02
0.8741E-02	0.5437E-02
0.9073E-02	0.5437E-02
0.9419E-02	0.5437E-02
0.9778E-02	0.5437E-02
0.1015E-01	0.5437E-02
0.1054E-01	0.5437E-02
0.1094E-01	0.5437E-02
0.1135E-01	0.5437E-02
0.1179E-01	0.5437E-02
0.1224E-01	0.5437E-02
0.1270E-01	0.6476E-02
0.1319E-01	0.6476E-02
0.1369E-01	0.6476E-02
0.1421E-01	0.6476E-02
0.1475E-01	0.6476E-02
0.1531E-01	0.6476E-02
0.1590E-01	0.6476E-02
0.1650E-01	0.6476E-02
0.1713E-01	0.7713E-02
0.1778E-01	0.7713E-02
0.1846E-01	0.7713E-02
0.1916E-01	0.7713E-02
0.1989E-01	0.7713E-02
0.2065E-01	0.7713E-02
0.2144E-01	0.7713E-02
0.2225E-01	0.9186E-02
0.2310E-01	0.9186E-02
0.2398E-01	0.9186E-02
0.2489E-01	0.9186E-02
0.2584E-01	0.9186E-02
0.2682E-01	0.9186E-02
0.2785E-01	0.9186E-02
0.2891E-01	0.1094E-01
0.3001E-01	0.1094E-01
0.3115E-01	0.1094E-01
0.3234E-01	0.1094E-01
0.3357E-01	0.1094E-01
0.3485E-01	0.1094E-01
0.3617E-01	0.1094E-01
0.3755E-01	0.1303E-01
0.3898E-01	0.1303E-01
0.4047E-01	0.1303E-01
0.4201E-01	0.1303E-01
0.4361E-01	0.1303E-01
0.4527E-01	0.1303E-01
0.4699E-01	0.1552E-01
0.4878E-01	0.1552E-01
0.5064E-01	0.1552E-01
0.5257E-01	0.1552E-01
0.5457E-01	0.1552E-01
0.5665E-01	0.1552E-01
0.5881E-01	0.1848E-01
0.6105E-01	0.1848E-01
0.6337E-01	0.1848E-01
0.6579E-01	0.1848E-01
0.6829E-01	0.1848E-01
0.7089E-01	0.2201E-01
0.7359E-01	0.2201E-01
0.7640E-01	0.2201E-01
0.7931E-01	0.2201E-01
0.8233E-01	0.2201E-01
0.8546E-01	0.2622E-01
0.8872E-01	0.2622E-01
0.9210E-01	0.2622E-01
0.9560E-01	0.2622E-01
0.9924E-01	0.2622E-01
0.1030	0.2622E-01
0.1069	0.3122E-01
0.1110	0.3122E-01
0.1152	0.3122E-01
0.1196	0.3122E-01
0.1242	0.3719E-01
0.1289	0.3719E-01
0.1338	0.3719E-01
0.1389	0.3719E-01
0.1442	0.3719E-01
0.1497	0.4429E-01
0.1554	0.4429E-01
0.1613	0.4429E-01
0.1675	0.4429E-01
0.1739	0.5275E-01
0.1805	0.5275E-01
0.1874	0.5275E-01
0.1945	0.5275E-01
0.2019	0.5275E-01
0.2096	0.6283E-01
0.2176	0.6283E-01
0.2259	0.6283E-01
0.2345	0.6283E-01
0.2434	0.7483E-01
0.2527	0.7483E-01
0.2623	0.7483E-01
0.2723	0.7483E-01
0.2826	0.8912E-01
0.2934	0.8912E-01
0.3046	0.8912E-01
0.3162	0.8912E-01
0.3282	0.1061
0.3407	0.1061
0.3537	0.1061
0.3672	0.1264
0.3812	0.1264
0.3957	0.1264
0.4107	0.1264
0.4264	0.1506
0.4426	0.1506
0.4595	0.1506
0.4770	0.1793
0.4952	0.1793
0.5140	0.1793
0.5336	0.2136
0.5539	0.2136
0.5750	0.2136
0.5969	0.2136
0.6196	0.2543
0.6432	0.2543
0.6677	0.2543
0.6932	0.3029
0.7196	0.3029
0.7470	0.3029
0.7754	0.3608
0.8050	0.3608
0.8356	0.3608
0.8674	0.4297
0.9005	0.4297
0.9348	0.4297
0.9704	0.5118
1.007	0.5118
1.046	0.5118
1.086	0.5118
1.127	0.6095
1.170	0.6095
1.214	0.6095
1.261	0.6095
1.309	0.7259
1.358	0.7259
1.410	0.7259
1.464	0.7259
1.520	0.8646
1.578	0.8646
1.638	0.8646
1.700	0.8646
1.765	0.8646
1.832	1.030
1.902	0.9198
1.974	0.9786
2.049	0.9786
2.127	1.165
2.208	1.041
2.293	1.240
2.380	1.240
2.470	1.108
2.565	1.329
2.662	1.329
2.764	1.329
2.869	1.329
2.978	1.329
3.092	1.414
3.209	1.414
3.332	1.414
3.458	1.504
3.590	1.504
3.727	1.504
3.869	1.504
4.016	1.504
4.169	1.805
4.328	1.805
4.493	1.805
4.664	1.805
4.841	1.805
5.026	1.805
5.217	1.805
5.416	1.805
5.622	1.805
5.836	2.150
6.059	2.150
6.289	2.150
6.529	2.150
6.778	2.150
7.036	2.150
7.304	2.150
7.582	2.150
7.871	2.150
8.170	2.150
8.482	2.560
8.805	2.560
9.140	2.560
9.488	2.560
9.849	2.560
10.22	2.560
10.61	2.560
11.02	2.560
11.44	2.560
11.87	2.560
12.33	2.560
12.80	2.560
13.28	2.560
13.79	2.560
14.31	2.560
14.86	2.560
15.42	3.049
16.01	3.049
16.62	3.049
17.25	3.049
17.91	3.049
18.59	3.049
19.30	3.049
20.04	3.049
20.80	3.049
21.59	3.049
22.42	3.049
23.27	3.049
24.16	3.049
25.08	3.049
26.03	3.632
27.02	3.632
28.05	3.632
29.12	3.632
30.23	3.632
31.38	3.632
32.57	3.632
33.82	4.326
35.10	4.326
36.44	4.326
37.83	4.326
39.27	5.152
40.76	5.152
42.32	6.136
43.93	6.136
45.60	6.136
47.34	7.308
49.14	7.308
51.01	8.703
52.96	8.703
54.97	10.37
57.07	10.37
59.24	10.37
61.50	12.34
63.84	12.34
66.27	12.34
68.79	12.34
71.41	14.68
74.13	14.68
76.96	14.68
79.89	14.68
82.93	17.44
86.09	17.44
89.37	17.44
92.77	17.44
96.31	17.44
99.97	17.44
103.8	20.71
107.7	20.71
111.8	20.71
116.1	20.71
120.5	20.71
125.1	20.71
129.9	20.71
134.8	20.71
140.0	20.71
145.3	20.71
150.8	24.56
156.6	24.56
162.5	24.56
168.7	24.56
175.1	24.56
181.8	24.56
188.7	24.56
195.9	24.56
203.4	24.56
211.1	24.56
219.2	24.56
227.5	29.13
236.2	29.13
245.2	29.13
254.5	29.13
264.2	29.13
274.3	29.13
284.7	29.13
295.6	29.13
306.8	29.13
318.5	34.52
330.6	34.52
343.2	34.52
356.3	34.52
369.9	34.52
384.0	34.52
398.6	34.52
413.8	34.52
429.5	40.89
445.9	40.89
462.9	40.89
480.5	40.89
498.8	40.89
517.8	40.89
537.5	40.89
558.0	40.89
579.2	48.43
601.3	48.43
624.2	48.43
648.0	48.43
672.6	48.43
698.3	48.43
724.9	57.34
752.5	57.34
781.1	57.34
810.9	57.34
841.8	57.34
873.8	67.86
907.1	67.86
941.6	67.86
977.5	67.86
1015.	67.86
1053.	80.31
1094.	80.31
1135.	80.31
1178.	80.31
1223.	80.31
1270.	95.02
1318.	95.02
1368.	95.02
1421.	95.02
1475.	95.02
1531.	112.4
1589.	112.4
1650.	112.4
1712.	112.4
1778.	133.0
1845.	133.0
1916.	133.0
1989.	133.0
2064.	157.3
2143.	157.3
2225.	157.3
2309.	157.3
2397.	186.0
2489.	186.0
2583.	186.0
2682.	219.9
2784.	219.9
2890.	219.9
3000.	219.9
 
 
E/N (Td)	Mean energy (eV)
0.1000E-02	0.5640E-04
0.1038E-02	0.5847E-04
0.1078E-02	0.5898E-04
0.1119E-02	0.5953E-04
0.1161E-02	0.6011E-04
0.1205E-02	0.6072E-04
0.1251E-02	0.6137E-04
0.1299E-02	0.6205E-04
0.1349E-02	0.6277E-04
0.1400E-02	0.6353E-04
0.1453E-02	0.6471E-04
0.1509E-02	0.6552E-04
0.1566E-02	0.6637E-04
0.1626E-02	0.6727E-04
0.1688E-02	0.6822E-04
0.1752E-02	0.6921E-04
0.1819E-02	0.7025E-04
0.1888E-02	0.7135E-04
0.1960E-02	0.7249E-04
0.2034E-02	0.7369E-04
0.2112E-02	0.7495E-04
0.2192E-02	0.7626E-04
0.2276E-02	0.7763E-04
0.2362E-02	0.7907E-04
0.2452E-02	0.8056E-04
0.2546E-02	0.8212E-04
0.2643E-02	0.8375E-04
0.2743E-02	0.8544E-04
0.2848E-02	0.8721E-04
0.2956E-02	0.8904E-04
0.3069E-02	0.9096E-04
0.3186E-02	0.9295E-04
0.3307E-02	0.9506E-04
0.3433E-02	0.9720E-04
0.3564E-02	0.9944E-04
0.3700E-02	0.1018E-03
0.3841E-02	0.1042E-03
0.3987E-02	0.1067E-03
0.4139E-02	0.1093E-03
0.4296E-02	0.1120E-03
0.4460E-02	0.1148E-03
0.4630E-02	0.1178E-03
0.4806E-02	0.1208E-03
0.4989E-02	0.1240E-03
0.5179E-02	0.1273E-03
0.5377E-02	0.1307E-03
0.5581E-02	0.1342E-03
0.5794E-02	0.1379E-03
0.6015E-02	0.1417E-03
0.6244E-02	0.1457E-03
0.6481E-02	0.1498E-03
0.6728E-02	0.1541E-03
0.6985E-02	0.1586E-03
0.7251E-02	0.1632E-03
0.7527E-02	0.1680E-03
0.7813E-02	0.1730E-03
0.8111E-02	0.1782E-03
0.8420E-02	0.1835E-03
0.8741E-02	0.1891E-03
0.9073E-02	0.1949E-03
0.9419E-02	0.2009E-03
0.9778E-02	0.2071E-03
0.1015E-01	0.2136E-03
0.1054E-01	0.2204E-03
0.1094E-01	0.2273E-03
0.1135E-01	0.2346E-03
0.1179E-01	0.2421E-03
0.1224E-01	0.2499E-03
0.1270E-01	0.2581E-03
0.1319E-01	0.2665E-03
0.1369E-01	0.2752E-03
0.1421E-01	0.2843E-03
0.1475E-01	0.2938E-03
0.1531E-01	0.3035E-03
0.1590E-01	0.3137E-03
0.1650E-01	0.3242E-03
0.1713E-01	0.3352E-03
0.1778E-01	0.3466E-03
0.1846E-01	0.3584E-03
0.1916E-01	0.3706E-03
0.1989E-01	0.3834E-03
0.2065E-01	0.3966E-03
0.2144E-01	0.4103E-03
0.2225E-01	0.4245E-03
0.2310E-01	0.4393E-03
0.2398E-01	0.4546E-03
0.2489E-01	0.4705E-03
0.2584E-01	0.4871E-03
0.2682E-01	0.5042E-03
0.2785E-01	0.5220E-03
0.2891E-01	0.5405E-03
0.3001E-01	0.5597E-03
0.3115E-01	0.5797E-03
0.3234E-01	0.6004E-03
0.3357E-01	0.6218E-03
0.3485E-01	0.6441E-03
0.3617E-01	0.6672E-03
0.3755E-01	0.6913E-03
0.3898E-01	0.7162E-03
0.4047E-01	0.7421E-03
0.4201E-01	0.7690E-03
0.4361E-01	0.7969E-03
0.4527E-01	0.8258E-03
0.4699E-01	0.8559E-03
0.4878E-01	0.8871E-03
0.5064E-01	0.9195E-03
0.5257E-01	0.9532E-03
0.5457E-01	0.9881E-03
0.5665E-01	0.1024E-02
0.5881E-01	0.1062E-02
0.6105E-01	0.1101E-02
0.6337E-01	0.1142E-02
0.6579E-01	0.1184E-02
0.6829E-01	0.1227E-02
0.7089E-01	0.1273E-02
0.7359E-01	0.1320E-02
0.7640E-01	0.1369E-02
0.7931E-01	0.1419E-02
0.8233E-01	0.1472E-02
0.8546E-01	0.1527E-02
0.8872E-01	0.1584E-02
0.9210E-01	0.1642E-02
0.9560E-01	0.1704E-02
0.9924E-01	0.1767E-02
0.1030	0.1833E-02
0.1069	0.1901E-02
0.1110	0.1972E-02
0.1152	0.2046E-02
0.1196	0.2123E-02
0.1242	0.2202E-02
0.1289	0.2285E-02
0.1338	0.2370E-02
0.1389	0.2459E-02
0.1442	0.2551E-02
0.1497	0.2647E-02
0.1554	0.2746E-02
0.1613	0.2849E-02
0.1675	0.2956E-02
0.1739	0.3067E-02
0.1805	0.3183E-02
0.1874	0.3303E-02
0.1945	0.3427E-02
0.2019	0.3556E-02
0.2096	0.3690E-02
0.2176	0.3829E-02
0.2259	0.3974E-02
0.2345	0.4124E-02
0.2434	0.4280E-02
0.2527	0.4442E-02
0.2623	0.4611E-02
0.2723	0.4786E-02
0.2826	0.4968E-02
0.2934	0.5158E-02
0.3046	0.5356E-02
0.3162	0.5562E-02
0.3282	0.5777E-02
0.3407	0.6001E-02
0.3537	0.6235E-02
0.3672	0.6479E-02
0.3812	0.6735E-02
0.3957	0.7002E-02
0.4107	0.7282E-02
0.4264	0.7575E-02
0.4426	0.7882E-02
0.4595	0.8204E-02
0.4770	0.8543E-02
0.4952	0.8899E-02
0.5140	0.9273E-02
0.5336	0.9668E-02
0.5539	0.1008E-01
0.5750	0.1052E-01
0.5969	0.1099E-01
0.6196	0.1148E-01
0.6432	0.1200E-01
0.6677	0.1255E-01
0.6932	0.1313E-01
0.7196	0.1375E-01
0.7470	0.1441E-01
0.7754	0.1512E-01
0.8050	0.1587E-01
0.8356	0.1667E-01
0.8674	0.1753E-01
0.9005	0.1844E-01
0.9348	0.1942E-01
0.9704	0.2048E-01
1.007	0.2161E-01
1.046	0.2284E-01
1.086	0.2416E-01
1.127	0.2559E-01
1.170	0.2713E-01
1.214	0.2880E-01
1.261	0.3061E-01
1.309	0.3258E-01
1.358	0.3472E-01
1.410	0.3705E-01
1.464	0.3958E-01
1.520	0.4234E-01
1.578	0.4534E-01
1.638	0.4859E-01
1.700	0.5212E-01
1.765	0.5590E-01
1.832	0.6008E-01
1.902	0.6449E-01
1.974	0.6917E-01
2.049	0.7421E-01
2.127	0.7955E-01
2.208	0.8511E-01
2.293	0.9095E-01
2.380	0.9703E-01
2.470	0.1033
2.565	0.1096
2.662	0.1161
2.764	0.1226
2.869	0.1292
2.978	0.1359
3.092	0.1424
3.209	0.1489
3.332	0.1554
3.458	0.1618
3.590	0.1681
3.727	0.1744
3.869	0.1806
4.016	0.1867
4.169	0.1928
4.328	0.1988
4.493	0.2048
4.664	0.2107
4.841	0.2166
5.026	0.2225
5.217	0.2284
5.416	0.2343
5.622	0.2401
5.836	0.2460
6.059	0.2519
6.289	0.2579
6.529	0.2638
6.778	0.2698
7.036	0.2759
7.304	0.2820
7.582	0.2881
7.871	0.2943
8.170	0.3006
8.482	0.3069
8.805	0.3133
9.140	0.3198
9.488	0.3263
9.849	0.3329
10.22	0.3397
10.61	0.3465
11.02	0.3534
11.44	0.3604
11.87	0.3674
12.33	0.3746
12.80	0.3819
13.28	0.3894
13.79	0.3969
14.31	0.4045
14.86	0.4123
15.42	0.4202
16.01	0.4283
16.62	0.4365
17.25	0.4448
17.91	0.4533
18.59	0.4619
19.30	0.4708
20.04	0.4798
20.80	0.4889
21.59	0.4983
22.42	0.5079
23.27	0.5177
24.16	0.5276
25.08	0.5378
26.03	0.5483
27.02	0.5590
28.05	0.5699
29.12	0.5810
30.23	0.5924
31.38	0.6040
32.57	0.6159
33.82	0.6280
35.10	0.6403
36.44	0.6528
37.83	0.6656
39.27	0.6785
40.76	0.6916
42.32	0.7049
43.93	0.7184
45.60	0.7319
47.34	0.7456
49.14	0.7593
51.01	0.7732
52.96	0.7870
54.97	0.8009
57.07	0.8148
59.24	0.8287
61.50	0.8425
63.84	0.8563
66.27	0.8701
68.79	0.8838
71.41	0.8975
74.13	0.9111
76.96	0.9248
79.89	0.9384
82.93	0.9522
86.09	0.9661
89.37	0.9803
92.77	0.9951
96.31	1.011
99.97	1.029
103.8	1.050
107.7	1.079
111.8	1.124
116.1	1.205
120.5	1.349
125.1	1.547
129.9	1.765
134.8	1.982
140.0	2.192
145.3	2.392
150.8	2.582
156.6	2.762
162.5	2.932
168.7	3.093
175.1	3.245
181.8	3.390
188.7	3.527
195.9	3.658
203.4	3.784
211.1	3.905
219.2	4.023
227.5	4.137
236.2	4.250
245.2	4.361
254.5	4.471
264.2	4.580
274.3	4.689
284.7	4.798
295.6	4.906
306.8	5.013
318.5	5.119
330.6	5.225
343.2	5.330
356.3	5.433
369.9	5.535
384.0	5.635
398.6	5.734
413.8	5.831
429.5	5.927
445.9	6.021
462.9	6.113
480.5	6.203
498.8	6.292
517.8	6.380
537.5	6.466
558.0	6.551
579.2	6.635
601.3	6.718
624.2	6.800
648.0	6.881
672.6	6.962
698.3	7.042
724.9	7.123
752.5	7.204
781.1	7.285
810.9	7.366
841.8	7.449
873.8	7.532
907.1	7.617
941.6	7.703
977.5	7.791
1015.	7.880
1053.	7.971
1094.	8.065
1135.	8.161
1178.	8.260
1223.	8.361
1270.	8.466
1318.	8.574
1368.	8.686
1421.	8.802
1475.	8.922
1531.	9.046
1589.	9.175
1650.	9.309
1712.	9.447
1778.	9.592
1845.	9.742
1916.	9.898
1989.	10.06
2064.	10.23
2143.	10.40
2225.	10.59
2309.	10.78
2397.	10.98
2489.	11.18
2583.	11.40
2682.	11.62
2784.	11.86
2890.	12.10
3000.	12.36
 
 
E/N (Td)	Mobility *N (1/m/V/s)
0.1000E-02	0.4771E+26
0.1038E-02	0.4567E+26
0.1078E-02	0.4542E+26
0.1119E-02	0.4515E+26
0.1161E-02	0.4487E+26
0.1205E-02	0.4458E+26
0.1251E-02	0.4428E+26
0.1299E-02	0.4396E+26
0.1349E-02	0.4364E+26
0.1400E-02	0.4330E+26
0.1453E-02	0.4259E+26
0.1509E-02	0.4227E+26
0.1566E-02	0.4193E+26
0.1626E-02	0.4158E+26
0.1688E-02	0.4122E+26
0.1752E-02	0.4085E+26
0.1819E-02	0.4047E+26
0.1888E-02	0.4009E+26
0.1960E-02	0.3969E+26
0.2034E-02	0.3929E+26
0.2112E-02	0.3888E+26
0.2192E-02	0.3846E+26
0.2276E-02	0.3804E+26
0.2362E-02	0.3762E+26
0.2452E-02	0.3719E+26
0.2546E-02	0.3675E+26
0.2643E-02	0.3631E+26
0.2743E-02	0.3587E+26
0.2848E-02	0.3543E+26
0.2956E-02	0.3498E+26
0.3069E-02	0.3454E+26
0.3186E-02	0.3409E+26
0.3307E-02	0.3360E+26
0.3433E-02	0.3316E+26
0.3564E-02	0.3272E+26
0.3700E-02	0.3228E+26
0.3841E-02	0.3184E+26
0.3987E-02	0.3139E+26
0.4139E-02	0.3096E+26
0.4296E-02	0.3052E+26
0.4460E-02	0.3008E+26
0.4630E-02	0.2965E+26
0.4806E-02	0.2922E+26
0.4989E-02	0.2879E+26
0.5179E-02	0.2836E+26
0.5377E-02	0.2794E+26
0.5581E-02	0.2751E+26
0.5794E-02	0.2710E+26
0.6015E-02	0.2668E+26
0.6244E-02	0.2628E+26
0.6481E-02	0.2587E+26
0.6728E-02	0.2547E+26
0.6985E-02	0.2507E+26
0.7251E-02	0.2468E+26
0.7527E-02	0.2429E+26
0.7813E-02	0.2390E+26
0.8111E-02	0.2352E+26
0.8420E-02	0.2314E+26
0.8741E-02	0.2277E+26
0.9073E-02	0.2240E+26
0.9419E-02	0.2203E+26
0.9778E-02	0.2167E+26
0.1015E-01	0.2132E+26
0.1054E-01	0.2096E+26
0.1094E-01	0.2062E+26
0.1135E-01	0.2027E+26
0.1179E-01	0.1993E+26
0.1224E-01	0.1960E+26
0.1270E-01	0.1927E+26
0.1319E-01	0.1895E+26
0.1369E-01	0.1863E+26
0.1421E-01	0.1831E+26
0.1475E-01	0.1800E+26
0.1531E-01	0.1769E+26
0.1590E-01	0.1739E+26
0.1650E-01	0.1709E+26
0.1713E-01	0.1679E+26
0.1778E-01	0.1650E+26
0.1846E-01	0.1622E+26
0.1916E-01	0.1594E+26
0.1989E-01	0.1566E+26
0.2065E-01	0.1539E+26
0.2144E-01	0.1512E+26
0.2225E-01	0.1485E+26
0.2310E-01	0.1459E+26
0.2398E-01	0.1434E+26
0.2489E-01	0.1408E+26
0.2584E-01	0.1384E+26
0.2682E-01	0.1359E+26
0.2785E-01	0.1335E+26
0.2891E-01	0.1312E+26
0.3001E-01	0.1288E+26
0.3115E-01	0.1265E+26
0.3234E-01	0.1243E+26
0.3357E-01	0.1221E+26
0.3485E-01	0.1199E+26
0.3617E-01	0.1177E+26
0.3755E-01	0.1156E+26
0.3898E-01	0.1136E+26
0.4047E-01	0.1115E+26
0.4201E-01	0.1095E+26
0.4361E-01	0.1076E+26
0.4527E-01	0.1056E+26
0.4699E-01	0.1037E+26
0.4878E-01	0.1018E+26
0.5064E-01	0.1000E+26
0.5257E-01	0.9820E+25
0.5457E-01	0.9642E+25
0.5665E-01	0.9468E+25
0.5881E-01	0.9296E+25
0.6105E-01	0.9128E+25
0.6337E-01	0.8962E+25
0.6579E-01	0.8799E+25
0.6829E-01	0.8640E+25
0.7089E-01	0.8483E+25
0.7359E-01	0.8328E+25
0.7640E-01	0.8177E+25
0.7931E-01	0.8028E+25
0.8233E-01	0.7881E+25
0.8546E-01	0.7738E+25
0.8872E-01	0.7596E+25
0.9210E-01	0.7458E+25
0.9560E-01	0.7322E+25
0.9924E-01	0.7188E+25
0.1030	0.7056E+25
0.1069	0.6927E+25
0.1110	0.6801E+25
0.1152	0.6676E+25
0.1196	0.6554E+25
0.1242	0.6434E+25
0.1289	0.6317E+25
0.1338	0.6201E+25
0.1389	0.6088E+25
0.1442	0.5976E+25
0.1497	0.5867E+25
0.1554	0.5760E+25
0.1613	0.5655E+25
0.1675	0.5552E+25
0.1739	0.5451E+25
0.1805	0.5352E+25
0.1874	0.5255E+25
0.1945	0.5160E+25
0.2019	0.5067E+25
0.2096	0.4976E+25
0.2176	0.4886E+25
0.2259	0.4799E+25
0.2345	0.4714E+25
0.2434	0.4630E+25
0.2527	0.4548E+25
0.2623	0.4468E+25
0.2723	0.4390E+25
0.2826	0.4314E+25
0.2934	0.4239E+25
0.3046	0.4166E+25
0.3162	0.4094E+25
0.3282	0.4024E+25
0.3407	0.3956E+25
0.3537	0.3889E+25
0.3672	0.3823E+25
0.3812	0.3759E+25
0.3957	0.3697E+25
0.4107	0.3635E+25
0.4264	0.3575E+25
0.4426	0.3516E+25
0.4595	0.3458E+25
0.4770	0.3401E+25
0.4952	0.3345E+25
0.5140	0.3290E+25
0.5336	0.3236E+25
0.5539	0.3183E+25
0.5750	0.3131E+25
0.5969	0.3079E+25
0.6196	0.3028E+25
0.6432	0.2978E+25
0.6677	0.2928E+25
0.6932	0.2879E+25
0.7196	0.2831E+25
0.7470	0.2783E+25
0.7754	0.2735E+25
0.8050	0.2688E+25
0.8356	0.2641E+25
0.8674	0.2595E+25
0.9005	0.2548E+25
0.9348	0.2502E+25
0.9704	0.2457E+25
1.007	0.2411E+25
1.046	0.2366E+25
1.086	0.2321E+25
1.127	0.2277E+25
1.170	0.2232E+25
1.214	0.2187E+25
1.261	0.2143E+25
1.309	0.2098E+25
1.358	0.2054E+25
1.410	0.2009E+25
1.464	0.1965E+25
1.520	0.1921E+25
1.578	0.1877E+25
1.638	0.1833E+25
1.700	0.1790E+25
1.765	0.1747E+25
1.832	0.1704E+25
1.902	0.1662E+25
1.974	0.1619E+25
2.049	0.1578E+25
2.127	0.1539E+25
2.208	0.1499E+25
2.293	0.1461E+25
2.380	0.1425E+25
2.470	0.1390E+25
2.565	0.1356E+25
2.662	0.1324E+25
2.764	0.1293E+25
2.869	0.1265E+25
2.978	0.1238E+25
3.092	0.1213E+25
3.209	0.1189E+25
3.332	0.1167E+25
3.458	0.1146E+25
3.590	0.1126E+25
3.727	0.1108E+25
3.869	0.1091E+25
4.016	0.1075E+25
4.169	0.1059E+25
4.328	0.1045E+25
4.493	0.1031E+25
4.664	0.1019E+25
4.841	0.1006E+25
5.026	0.9946E+24
5.217	0.9834E+24
5.416	0.9727E+24
5.622	0.9625E+24
5.836	0.9526E+24
6.059	0.9431E+24
6.289	0.9339E+24
6.529	0.9250E+24
6.778	0.9164E+24
7.036	0.9080E+24
7.304	0.8998E+24
7.582	0.8919E+24
7.871	0.8842E+24
8.170	0.8766E+24
8.482	0.8692E+24
8.805	0.8620E+24
9.140	0.8549E+24
9.488	0.8479E+24
9.849	0.8411E+24
10.22	0.8343E+24
10.61	0.8277E+24
11.02	0.8212E+24
11.44	0.8148E+24
11.87	0.8085E+24
12.33	0.8023E+24
12.80	0.7961E+24
13.28	0.7901E+24
13.79	0.7841E+24
14.31	0.7781E+24
14.86	0.7722E+24
15.42	0.7664E+24
16.01	0.7607E+24
16.62	0.7550E+24
17.25	0.7493E+24
17.91	0.7437E+24
18.59	0.7381E+24
19.30	0.7326E+24
20.04	0.7271E+24
20.80	0.7216E+24
21.59	0.7161E+24
22.42	0.7107E+24
23.27	0.7053E+24
24.16	0.6998E+24
25.08	0.6944E+24
26.03	0.6890E+24
27.02	0.6836E+24
28.05	0.6782E+24
29.12	0.6728E+24
30.23	0.6674E+24
31.38	0.6619E+24
32.57	0.6565E+24
33.82	0.6510E+24
35.10	0.6456E+24
36.44	0.6401E+24
37.83	0.6347E+24
39.27	0.6292E+24
40.76	0.6237E+24
42.32	0.6183E+24
43.93	0.6129E+24
45.60	0.6075E+24
47.34	0.6021E+24
49.14	0.5967E+24
51.01	0.5914E+24
52.96	0.5861E+24
54.97	0.5809E+24
57.07	0.5757E+24
59.24	0.5708E+24
61.50	0.5656E+24
63.84	0.5607E+24
66.27	0.5558E+24
68.79	0.5510E+24
71.41	0.5463E+24
74.13	0.5415E+24
76.96	0.5369E+24
79.89	0.5325E+24
82.93	0.5280E+24
86.09	0.5236E+24
89.37	0.5192E+24
92.77	0.5147E+24
96.31	0.5104E+24
99.97	0.5060E+24
103.8	0.5015E+24
107.7	0.4966E+24
111.8	0.4909E+24
116.1	0.4834E+24
120.5	0.4728E+24
125.1	0.4600E+24
129.9	0.4467E+24
134.8	0.4341E+24
140.0	0.4224E+24
145.3	0.4116E+24
150.8	0.4017E+24
156.6	0.3927E+24
162.5	0.3843E+24
168.7	0.3766E+24
175.1	0.3696E+24
181.8	0.3630E+24
188.7	0.3569E+24
195.9	0.3511E+24
203.4	0.3457E+24
211.1	0.3406E+24
219.2	0.3357E+24
227.5	0.3309E+24
236.2	0.3264E+24
245.2	0.3219E+24
254.5	0.3176E+24
264.2	0.3133E+24
274.3	0.3092E+24
284.7	0.3052E+24
295.6	0.3012E+24
306.8	0.2974E+24
318.5	0.2937E+24
330.6	0.2901E+24
343.2	0.2865E+24
356.3	0.2831E+24
369.9	0.2798E+24
384.0	0.2767E+24
398.6	0.2736E+24
413.8	0.2706E+24
429.5	0.2678E+24
445.9	0.2650E+24
462.9	0.2624E+24
480.5	0.2599E+24
498.8	0.2574E+24
517.8	0.2551E+24
537.5	0.2528E+24
558.0	0.2506E+24
579.2	0.2485E+24
601.3	0.2465E+24
624.2	0.2445E+24
648.0	0.2426E+24
672.6	0.2407E+24
698.3	0.2389E+24
724.9	0.2371E+24
752.5	0.2354E+24
781.1	0.2337E+24
810.9	0.2320E+24
841.8	0.2304E+24
873.8	0.2287E+24
907.1	0.2271E+24
941.6	0.2256E+24
977.5	0.2240E+24
1015.	0.2224E+24
1053.	0.2208E+24
1094.	0.2193E+24
1135.	0.2177E+24
1178.	0.2161E+24
1223.	0.2146E+24
1270.	0.2130E+24
1318.	0.2114E+24
1368.	0.2098E+24
1421.	0.2082E+24
1475.	0.2065E+24
1531.	0.2049E+24
1589.	0.2032E+24
1650.	0.2015E+24
1712.	0.1998E+24
1778.	0.1980E+24
1845.	0.1963E+24
1916.	0.1945E+24
1989.	0.1927E+24
2064.	0.1909E+24
2143.	0.1891E+24
2225.	0.1873E+24
2309.	0.1854E+24
2397.	0.1836E+24
2489.	0.1817E+24
2583.	0.1797E+24
2682.	0.1778E+24
2784.	0.1759E+24
2890.	0.1740E+24
3000.	0.1720E+24
 
 
E/N (Td)	Diffusion coefficient *N (1/m/s)
0.1000E-02	0.1502E+22
0.1038E-02	0.1547E+22
0.1078E-02	0.1554E+22
0.1119E-02	0.1562E+22
0.1161E-02	0.1570E+22
0.1205E-02	0.1578E+22
0.1251E-02	0.1587E+22
0.1299E-02	0.1597E+22
0.1349E-02	0.1606E+22
0.1400E-02	0.1617E+22
0.1453E-02	0.1637E+22
0.1509E-02	0.1648E+22
0.1566E-02	0.1659E+22
0.1626E-02	0.1671E+22
0.1688E-02	0.1683E+22
0.1752E-02	0.1696E+22
0.1819E-02	0.1709E+22
0.1888E-02	0.1723E+22
0.1960E-02	0.1738E+22
0.2034E-02	0.1753E+22
0.2112E-02	0.1768E+22
0.2192E-02	0.1785E+22
0.2276E-02	0.1801E+22
0.2362E-02	0.1819E+22
0.2452E-02	0.1837E+22
0.2546E-02	0.1855E+22
0.2643E-02	0.1874E+22
0.2743E-02	0.1894E+22
0.2848E-02	0.1915E+22
0.2956E-02	0.1936E+22
0.3069E-02	0.1957E+22
0.3186E-02	0.1980E+22
0.3307E-02	0.2006E+22
0.3433E-02	0.2029E+22
0.3564E-02	0.2053E+22
0.3700E-02	0.2078E+22
0.3841E-02	0.2103E+22
0.3987E-02	0.2130E+22
0.4139E-02	0.2157E+22
0.4296E-02	0.2184E+22
0.4460E-02	0.2212E+22
0.4630E-02	0.2241E+22
0.4806E-02	0.2271E+22
0.4989E-02	0.2302E+22
0.5179E-02	0.2333E+22
0.5377E-02	0.2365E+22
0.5581E-02	0.2400E+22
0.5794E-02	0.2434E+22
0.6015E-02	0.2468E+22
0.6244E-02	0.2504E+22
0.6481E-02	0.2540E+22
0.6728E-02	0.2577E+22
0.6985E-02	0.2615E+22
0.7251E-02	0.2653E+22
0.7527E-02	0.2693E+22
0.7813E-02	0.2734E+22
0.8111E-02	0.2775E+22
0.8420E-02	0.2819E+22
0.8741E-02	0.2862E+22
0.9073E-02	0.2907E+22
0.9419E-02	0.2952E+22
0.9778E-02	0.2999E+22
0.1015E-01	0.3046E+22
0.1054E-01	0.3095E+22
0.1094E-01	0.3144E+22
0.1135E-01	0.3195E+22
0.1179E-01	0.3247E+22
0.1224E-01	0.3301E+22
0.1270E-01	0.3355E+22
0.1319E-01	0.3410E+22
0.1369E-01	0.3466E+22
0.1421E-01	0.3524E+22
0.1475E-01	0.3582E+22
0.1531E-01	0.3642E+22
0.1590E-01	0.3704E+22
0.1650E-01	0.3767E+22
0.1713E-01	0.3831E+22
0.1778E-01	0.3896E+22
0.1846E-01	0.3963E+22
0.1916E-01	0.4030E+22
0.1989E-01	0.4100E+22
0.2065E-01	0.4170E+22
0.2144E-01	0.4243E+22
0.2225E-01	0.4317E+22
0.2310E-01	0.4392E+22
0.2398E-01	0.4469E+22
0.2489E-01	0.4547E+22
0.2584E-01	0.4627E+22
0.2682E-01	0.4708E+22
0.2785E-01	0.4792E+22
0.2891E-01	0.4877E+22
0.3001E-01	0.4963E+22
0.3115E-01	0.5051E+22
0.3234E-01	0.5141E+22
0.3357E-01	0.5233E+22
0.3485E-01	0.5327E+22
0.3617E-01	0.5423E+22
0.3755E-01	0.5520E+22
0.3898E-01	0.5619E+22
0.4047E-01	0.5720E+22
0.4201E-01	0.5823E+22
0.4361E-01	0.5929E+22
0.4527E-01	0.6037E+22
0.4699E-01	0.6146E+22
0.4878E-01	0.6257E+22
0.5064E-01	0.6371E+22
0.5257E-01	0.6487E+22
0.5457E-01	0.6605E+22
0.5665E-01	0.6726E+22
0.5881E-01	0.6849E+22
0.6105E-01	0.6974E+22
0.6337E-01	0.7102E+22
0.6579E-01	0.7232E+22
0.6829E-01	0.7365E+22
0.7089E-01	0.7501E+22
0.7359E-01	0.7638E+22
0.7640E-01	0.7779E+22
0.7931E-01	0.7922E+22
0.8233E-01	0.8069E+22
0.8546E-01	0.8218E+22
0.8872E-01	0.8369E+22
0.9210E-01	0.8524E+22
0.9560E-01	0.8681E+22
0.9924E-01	0.8842E+22
0.1030	0.9006E+22
0.1069	0.9173E+22
0.1110	0.9343E+22
0.1152	0.9517E+22
0.1196	0.9694E+22
0.1242	0.9874E+22
0.1289	0.1006E+23
0.1338	0.1025E+23
0.1389	0.1044E+23
0.1442	0.1063E+23
0.1497	0.1083E+23
0.1554	0.1103E+23
0.1613	0.1124E+23
0.1675	0.1145E+23
0.1739	0.1167E+23
0.1805	0.1188E+23
0.1874	0.1211E+23
0.1945	0.1234E+23
0.2019	0.1257E+23
0.2096	0.1281E+23
0.2176	0.1305E+23
0.2259	0.1330E+23
0.2345	0.1356E+23
0.2434	0.1382E+23
0.2527	0.1409E+23
0.2623	0.1436E+23
0.2723	0.1465E+23
0.2826	0.1494E+23
0.2934	0.1523E+23
0.3046	0.1554E+23
0.3162	0.1585E+23
0.3282	0.1617E+23
0.3407	0.1651E+23
0.3537	0.1685E+23
0.3672	0.1720E+23
0.3812	0.1757E+23
0.3957	0.1794E+23
0.4107	0.1833E+23
0.4264	0.1874E+23
0.4426	0.1915E+23
0.4595	0.1959E+23
0.4770	0.2003E+23
0.4952	0.2050E+23
0.5140	0.2099E+23
0.5336	0.2149E+23
0.5539	0.2201E+23
0.5750	0.2255E+23
0.5969	0.2313E+23
0.6196	0.2372E+23
0.6432	0.2433E+23
0.6677	0.2499E+23
0.6932	0.2566E+23
0.7196	0.2637E+23
0.7470	0.2712E+23
0.7754	0.2790E+23
0.8050	0.2871E+23
0.8356	0.2958E+23
0.8674	0.3048E+23
0.9005	0.3143E+23
0.9348	0.3243E+23
0.9704	0.3348E+23
1.007	0.3460E+23
1.046	0.3577E+23
1.086	0.3704E+23
1.127	0.3836E+23
1.170	0.3976E+23
1.214	0.4124E+23
1.261	0.4283E+23
1.309	0.4451E+23
1.358	0.4629E+23
1.410	0.4819E+23
1.464	0.5024E+23
1.520	0.5238E+23
1.578	0.5467E+23
1.638	0.5710E+23
1.700	0.5967E+23
1.765	0.6239E+23
1.832	0.6535E+23
1.902	0.6837E+23
1.974	0.7146E+23
2.049	0.7480E+23
2.127	0.7826E+23
2.208	0.8177E+23
2.293	0.8539E+23
2.380	0.8911E+23
2.470	0.9289E+23
2.565	0.9656E+23
2.662	0.1003E+24
2.764	0.1040E+24
2.869	0.1077E+24
2.978	0.1114E+24
3.092	0.1149E+24
3.209	0.1184E+24
3.332	0.1219E+24
3.458	0.1252E+24
3.590	0.1284E+24
3.727	0.1316E+24
3.869	0.1347E+24
4.016	0.1378E+24
4.169	0.1407E+24
4.328	0.1436E+24
4.493	0.1464E+24
4.664	0.1492E+24
4.841	0.1519E+24
5.026	0.1546E+24
5.217	0.1573E+24
5.416	0.1599E+24
5.622	0.1625E+24
5.836	0.1651E+24
6.059	0.1677E+24
6.289	0.1702E+24
6.529	0.1727E+24
6.778	0.1753E+24
7.036	0.1778E+24
7.304	0.1803E+24
7.582	0.1828E+24
7.871	0.1853E+24
8.170	0.1878E+24
8.482	0.1903E+24
8.805	0.1928E+24
9.140	0.1954E+24
9.488	0.1979E+24
9.849	0.2004E+24
10.22	0.2030E+24
10.61	0.2056E+24
11.02	0.2081E+24
11.44	0.2107E+24
11.87	0.2133E+24
12.33	0.2160E+24
12.80	0.2186E+24
13.28	0.2212E+24
13.79	0.2239E+24
14.31	0.2266E+24
14.86	0.2293E+24
15.42	0.2321E+24
16.01	0.2348E+24
16.62	0.2376E+24
17.25	0.2404E+24
17.91	0.2433E+24
18.59	0.2462E+24
19.30	0.2491E+24
20.04	0.2520E+24
20.80	0.2550E+24
21.59	0.2580E+24
22.42	0.2611E+24
23.27	0.2642E+24
24.16	0.2673E+24
25.08	0.2705E+24
26.03	0.2737E+24
27.02	0.2770E+24
28.05	0.2803E+24
29.12	0.2837E+24
30.23	0.2871E+24
31.38	0.2905E+24
32.57	0.2941E+24
33.82	0.2976E+24
35.10	0.3012E+24
36.44	0.3048E+24
37.83	0.3085E+24
39.27	0.3122E+24
40.76	0.3159E+24
42.32	0.3196E+24
43.93	0.3234E+24
45.60	0.3272E+24
47.34	0.3309E+24
49.14	0.3347E+24
51.01	0.3384E+24
52.96	0.3422E+24
54.97	0.3459E+24
57.07	0.3495E+24
59.24	0.3533E+24
61.50	0.3567E+24
63.84	0.3603E+24
66.27	0.3638E+24
68.79	0.3674E+24
71.41	0.3708E+24
74.13	0.3740E+24
76.96	0.3773E+24
79.89	0.3807E+24
82.93	0.3839E+24
86.09	0.3871E+24
89.37	0.3903E+24
92.77	0.3934E+24
96.31	0.3968E+24
99.97	0.4006E+24
103.8	0.4046E+24
107.7	0.4098E+24
111.8	0.4172E+24
116.1	0.4300E+24
120.5	0.4518E+24
125.1	0.4813E+24
129.9	0.5134E+24
134.8	0.5451E+24
140.0	0.5754E+24
145.3	0.6042E+24
150.8	0.6312E+24
156.6	0.6567E+24
162.5	0.6805E+24
168.7	0.7030E+24
175.1	0.7240E+24
181.8	0.7439E+24
188.7	0.7627E+24
195.9	0.7805E+24
203.4	0.7976E+24
211.1	0.8139E+24
219.2	0.8298E+24
227.5	0.8452E+24
236.2	0.8603E+24
245.2	0.8752E+24
254.5	0.8897E+24
264.2	0.9043E+24
274.3	0.9188E+24
284.7	0.9331E+24
295.6	0.9474E+24
306.8	0.9616E+24
318.5	0.9756E+24
330.6	0.9894E+24
343.2	0.1003E+25
356.3	0.1016E+25
369.9	0.1030E+25
384.0	0.1043E+25
398.6	0.1055E+25
413.8	0.1068E+25
429.5	0.1080E+25
445.9	0.1091E+25
462.9	0.1103E+25
480.5	0.1114E+25
498.8	0.1125E+25
517.8	0.1135E+25
537.5	0.1146E+25
558.0	0.1156E+25
579.2	0.1166E+25
601.3	0.1175E+25
624.2	0.1184E+25
648.0	0.1194E+25
672.6	0.1202E+25
698.3	0.1211E+25
724.9	0.1220E+25
752.5	0.1228E+25
781.1	0.1237E+25
810.9	0.1245E+25
841.8	0.1253E+25
873.8	0.1261E+25
907.1	0.1269E+25
941.6	0.1277E+25
977.5	0.1285E+25
1015.	0.1293E+25
1053.	0.1301E+25
1094.	0.1309E+25
1135.	0.1317E+25
1178.	0.1325E+25
1223.	0.1333E+25
1270.	0.1341E+25
1318.	0.1349E+25
1368.	0.1357E+25
1421.	0.1366E+25
1475.	0.1374E+25
1531.	0.1383E+25
1589.	0.1391E+25
1650.	0.1400E+25
1712.	0.1409E+25
1778.	0.1418E+25
1845.	0.1427E+25
1916.	0.1437E+25
1989.	0.1446E+25
2064.	0.1456E+25
2143.	0.1466E+25
2225.	0.1476E+25
2309.	0.1486E+25
2397.	0.1497E+25
2489.	0.1508E+25
2583.	0.1519E+25
2682.	0.1531E+25
2784.	0.1542E+25
2890.	0.1554E+25
3000.	0.1567E+25
 
 
E/N (Td)	Energy mobility *N (1/m/V/s)
0.1000E-02	0.5316E+26
0.1038E-02	0.5285E+26
0.1078E-02	0.5263E+26
0.1119E-02	0.5240E+26
0.1161E-02	0.5216E+26
0.1205E-02	0.5192E+26
0.1251E-02	0.5166E+26
0.1299E-02	0.5139E+26
0.1349E-02	0.5111E+26
0.1400E-02	0.5083E+26
0.1453E-02	0.5054E+26
0.1509E-02	0.5024E+26
0.1566E-02	0.4993E+26
0.1626E-02	0.4961E+26
0.1688E-02	0.4928E+26
0.1752E-02	0.4894E+26
0.1819E-02	0.4859E+26
0.1888E-02	0.4824E+26
0.1960E-02	0.4787E+26
0.2034E-02	0.4750E+26
0.2112E-02	0.4712E+26
0.2192E-02	0.4673E+26
0.2276E-02	0.4634E+26
0.2362E-02	0.4594E+26
0.2452E-02	0.4553E+26
0.2546E-02	0.4512E+26
0.2643E-02	0.4470E+26
0.2743E-02	0.4427E+26
0.2848E-02	0.4384E+26
0.2956E-02	0.4341E+26
0.3069E-02	0.4297E+26
0.3186E-02	0.4253E+26
0.3307E-02	0.4214E+26
0.3433E-02	0.4169E+26
0.3564E-02	0.4123E+26
0.3700E-02	0.4078E+26
0.3841E-02	0.4032E+26
0.3987E-02	0.3986E+26
0.4139E-02	0.3940E+26
0.4296E-02	0.3893E+26
0.4460E-02	0.3847E+26
0.4630E-02	0.3800E+26
0.4806E-02	0.3754E+26
0.4989E-02	0.3707E+26
0.5179E-02	0.3661E+26
0.5377E-02	0.3614E+26
0.5581E-02	0.3570E+26
0.5794E-02	0.3524E+26
0.6015E-02	0.3477E+26
0.6244E-02	0.3431E+26
0.6481E-02	0.3384E+26
0.6728E-02	0.3338E+26
0.6985E-02	0.3292E+26
0.7251E-02	0.3246E+26
0.7527E-02	0.3201E+26
0.7813E-02	0.3156E+26
0.8111E-02	0.3110E+26
0.8420E-02	0.3067E+26
0.8741E-02	0.3023E+26
0.9073E-02	0.2978E+26
0.9419E-02	0.2934E+26
0.9778E-02	0.2890E+26
0.1015E-01	0.2847E+26
0.1054E-01	0.2804E+26
0.1094E-01	0.2761E+26
0.1135E-01	0.2719E+26
0.1179E-01	0.2677E+26
0.1224E-01	0.2637E+26
0.1270E-01	0.2595E+26
0.1319E-01	0.2555E+26
0.1369E-01	0.2514E+26
0.1421E-01	0.2474E+26
0.1475E-01	0.2435E+26
0.1531E-01	0.2396E+26
0.1590E-01	0.2357E+26
0.1650E-01	0.2320E+26
0.1713E-01	0.2282E+26
0.1778E-01	0.2244E+26
0.1846E-01	0.2208E+26
0.1916E-01	0.2171E+26
0.1989E-01	0.2135E+26
0.2065E-01	0.2100E+26
0.2144E-01	0.2065E+26
0.2225E-01	0.2031E+26
0.2310E-01	0.1996E+26
0.2398E-01	0.1963E+26
0.2489E-01	0.1929E+26
0.2584E-01	0.1897E+26
0.2682E-01	0.1864E+26
0.2785E-01	0.1833E+26
0.2891E-01	0.1801E+26
0.3001E-01	0.1770E+26
0.3115E-01	0.1740E+26
0.3234E-01	0.1710E+26
0.3357E-01	0.1680E+26
0.3485E-01	0.1651E+26
0.3617E-01	0.1623E+26
0.3755E-01	0.1594E+26
0.3898E-01	0.1566E+26
0.4047E-01	0.1539E+26
0.4201E-01	0.1512E+26
0.4361E-01	0.1485E+26
0.4527E-01	0.1459E+26
0.4699E-01	0.1434E+26
0.4878E-01	0.1408E+26
0.5064E-01	0.1383E+26
0.5257E-01	0.1359E+26
0.5457E-01	0.1335E+26
0.5665E-01	0.1311E+26
0.5881E-01	0.1288E+26
0.6105E-01	0.1265E+26
0.6337E-01	0.1242E+26
0.6579E-01	0.1220E+26
0.6829E-01	0.1198E+26
0.7089E-01	0.1177E+26
0.7359E-01	0.1156E+26
0.7640E-01	0.1135E+26
0.7931E-01	0.1114E+26
0.8233E-01	0.1094E+26
0.8546E-01	0.1075E+26
0.8872E-01	0.1055E+26
0.9210E-01	0.1036E+26
0.9560E-01	0.1017E+26
0.9924E-01	0.9990E+25
0.1030	0.9811E+25
0.1069	0.9633E+25
0.1110	0.9459E+25
0.1152	0.9287E+25
0.1196	0.9121E+25
0.1242	0.8956E+25
0.1289	0.8793E+25
0.1338	0.8635E+25
0.1389	0.8479E+25
0.1442	0.8327E+25
0.1497	0.8177E+25
0.1554	0.8030E+25
0.1613	0.7887E+25
0.1675	0.7747E+25
0.1739	0.7609E+25
0.1805	0.7474E+25
0.1874	0.7342E+25
0.1945	0.7213E+25
0.2019	0.7088E+25
0.2096	0.6965E+25
0.2176	0.6844E+25
0.2259	0.6726E+25
0.2345	0.6612E+25
0.2434	0.6499E+25
0.2527	0.6390E+25
0.2623	0.6282E+25
0.2723	0.6178E+25
0.2826	0.6075E+25
0.2934	0.5975E+25
0.3046	0.5877E+25
0.3162	0.5781E+25
0.3282	0.5687E+25
0.3407	0.5595E+25
0.3537	0.5505E+25
0.3672	0.5416E+25
0.3812	0.5329E+25
0.3957	0.5243E+25
0.4107	0.5160E+25
0.4264	0.5077E+25
0.4426	0.4996E+25
0.4595	0.4916E+25
0.4770	0.4837E+25
0.4952	0.4758E+25
0.5140	0.4682E+25
0.5336	0.4605E+25
0.5539	0.4529E+25
0.5750	0.4454E+25
0.5969	0.4381E+25
0.6196	0.4307E+25
0.6432	0.4234E+25
0.6677	0.4162E+25
0.6932	0.4090E+25
0.7196	0.4018E+25
0.7470	0.3948E+25
0.7754	0.3877E+25
0.8050	0.3806E+25
0.8356	0.3736E+25
0.8674	0.3666E+25
0.9005	0.3596E+25
0.9348	0.3527E+25
0.9704	0.3457E+25
1.007	0.3387E+25
1.046	0.3318E+25
1.086	0.3250E+25
1.127	0.3180E+25
1.170	0.3111E+25
1.214	0.3042E+25
1.261	0.2974E+25
1.309	0.2906E+25
1.358	0.2837E+25
1.410	0.2770E+25
1.464	0.2703E+25
1.520	0.2637E+25
1.578	0.2571E+25
1.638	0.2506E+25
1.700	0.2443E+25
1.765	0.2382E+25
1.832	0.2322E+25
1.902	0.2264E+25
1.974	0.2206E+25
2.049	0.2153E+25
2.127	0.2101E+25
2.208	0.2052E+25
2.293	0.2005E+25
2.380	0.1962E+25
2.470	0.1921E+25
2.565	0.1882E+25
2.662	0.1845E+25
2.764	0.1812E+25
2.869	0.1780E+25
2.978	0.1751E+25
3.092	0.1723E+25
3.209	0.1698E+25
3.332	0.1674E+25
3.458	0.1651E+25
3.590	0.1630E+25
3.727	0.1610E+25
3.869	0.1591E+25
4.016	0.1574E+25
4.169	0.1556E+25
4.328	0.1540E+25
4.493	0.1524E+25
4.664	0.1509E+25
4.841	0.1495E+25
5.026	0.1481E+25
5.217	0.1467E+25
5.416	0.1454E+25
5.622	0.1441E+25
5.836	0.1429E+25
6.059	0.1417E+25
6.289	0.1405E+25
6.529	0.1393E+25
6.778	0.1382E+25
7.036	0.1371E+25
7.304	0.1360E+25
7.582	0.1349E+25
7.871	0.1338E+25
8.170	0.1328E+25
8.482	0.1318E+25
8.805	0.1308E+25
9.140	0.1298E+25
9.488	0.1288E+25
9.849	0.1278E+25
10.22	0.1268E+25
10.61	0.1259E+25
11.02	0.1249E+25
11.44	0.1240E+25
11.87	0.1231E+25
12.33	0.1221E+25
12.80	0.1212E+25
13.28	0.1203E+25
13.79	0.1194E+25
14.31	0.1186E+25
14.86	0.1177E+25
15.42	0.1168E+25
16.01	0.1159E+25
16.62	0.1151E+25
17.25	0.1142E+25
17.91	0.1134E+25
18.59	0.1125E+25
19.30	0.1117E+25
20.04	0.1108E+25
20.80	0.1100E+25
21.59	0.1091E+25
22.42	0.1083E+25
23.27	0.1075E+25
24.16	0.1066E+25
25.08	0.1058E+25
26.03	0.1050E+25
27.02	0.1041E+25
28.05	0.1033E+25
29.12	0.1025E+25
30.23	0.1016E+25
31.38	0.1008E+25
32.57	0.1000E+25
33.82	0.9918E+24
35.10	0.9837E+24
36.44	0.9755E+24
37.83	0.9675E+24
39.27	0.9595E+24
40.76	0.9515E+24
42.32	0.9436E+24
43.93	0.9358E+24
45.60	0.9281E+24
47.34	0.9204E+24
49.14	0.9129E+24
51.01	0.9054E+24
52.96	0.8980E+24
54.97	0.8907E+24
57.07	0.8835E+24
59.24	0.8768E+24
61.50	0.8695E+24
63.84	0.8626E+24
66.27	0.8558E+24
68.79	0.8493E+24
71.41	0.8427E+24
74.13	0.8358E+24
76.96	0.8293E+24
79.89	0.8232E+24
82.93	0.8167E+24
86.09	0.8102E+24
89.37	0.8037E+24
92.77	0.7966E+24
96.31	0.7895E+24
99.97	0.7819E+24
103.8	0.7727E+24
107.7	0.7608E+24
111.8	0.7434E+24
116.1	0.7151E+24
120.5	0.6733E+24
125.1	0.6284E+24
129.9	0.5906E+24
134.8	0.5608E+24
140.0	0.5375E+24
145.3	0.5189E+24
150.8	0.5038E+24
156.6	0.4913E+24
162.5	0.4808E+24
168.7	0.4718E+24
175.1	0.4640E+24
181.8	0.4572E+24
188.7	0.4512E+24
195.9	0.4459E+24
203.4	0.4411E+24
211.1	0.4367E+24
219.2	0.4326E+24
227.5	0.4289E+24
236.2	0.4254E+24
245.2	0.4220E+24
254.5	0.4188E+24
264.2	0.4158E+24
274.3	0.4129E+24
284.7	0.4101E+24
295.6	0.4073E+24
306.8	0.4047E+24
318.5	0.4022E+24
330.6	0.3997E+24
343.2	0.3973E+24
356.3	0.3949E+24
369.9	0.3926E+24
384.0	0.3904E+24
398.6	0.3882E+24
413.8	0.3860E+24
429.5	0.3839E+24
445.9	0.3818E+24
462.9	0.3797E+24
480.5	0.3777E+24
498.8	0.3757E+24
517.8	0.3737E+24
537.5	0.3717E+24
558.0	0.3697E+24
579.2	0.3677E+24
601.3	0.3658E+24
624.2	0.3638E+24
648.0	0.3619E+24
672.6	0.3599E+24
698.3	0.3579E+24
724.9	0.3559E+24
752.5	0.3540E+24
781.1	0.3519E+24
810.9	0.3499E+24
841.8	0.3478E+24
873.8	0.3457E+24
907.1	0.3436E+24
941.6	0.3415E+24
977.5	0.3393E+24
1015.	0.3371E+24
1053.	0.3349E+24
1094.	0.3326E+24
1135.	0.3303E+24
1178.	0.3279E+24
1223.	0.3256E+24
1270.	0.3232E+24
1318.	0.3207E+24
1368.	0.3182E+24
1421.	0.3156E+24
1475.	0.3131E+24
1531.	0.3105E+24
1589.	0.3078E+24
1650.	0.3051E+24
1712.	0.3023E+24
1778.	0.2996E+24
1845.	0.2968E+24
1916.	0.2940E+24
1989.	0.2912E+24
2064.	0.2883E+24
2143.	0.2854E+24
2225.	0.2825E+24
2309.	0.2797E+24
2397.	0.2768E+24
2489.	0.2739E+24
2583.	0.2709E+24
2682.	0.2680E+24
2784.	0.2651E+24
2890.	0.2623E+24
3000.	0.2594E+24
 
 
E/N (Td)	Energy diffusion coef. D*N (1/m/s)
0.1000E-02	0.2346E+22
0.1038E-02	0.2375E+22
0.1078E-02	0.2382E+22
0.1119E-02	0.2390E+22
0.1161E-02	0.2398E+22
0.1205E-02	0.2407E+22
0.1251E-02	0.2416E+22
0.1299E-02	0.2425E+22
0.1349E-02	0.2436E+22
0.1400E-02	0.2446E+22
0.1453E-02	0.2463E+22
0.1509E-02	0.2474E+22
0.1566E-02	0.2486E+22
0.1626E-02	0.2499E+22
0.1688E-02	0.2512E+22
0.1752E-02	0.2525E+22
0.1819E-02	0.2539E+22
0.1888E-02	0.2554E+22
0.1960E-02	0.2570E+22
0.2034E-02	0.2586E+22
0.2112E-02	0.2602E+22
0.2192E-02	0.2620E+22
0.2276E-02	0.2638E+22
0.2362E-02	0.2657E+22
0.2452E-02	0.2676E+22
0.2546E-02	0.2697E+22
0.2643E-02	0.2718E+22
0.2743E-02	0.2739E+22
0.2848E-02	0.2762E+22
0.2956E-02	0.2785E+22
0.3069E-02	0.2809E+22
0.3186E-02	0.2834E+22
0.3307E-02	0.2861E+22
0.3433E-02	0.2888E+22
0.3564E-02	0.2915E+22
0.3700E-02	0.2943E+22
0.3841E-02	0.2972E+22
0.3987E-02	0.3002E+22
0.4139E-02	0.3033E+22
0.4296E-02	0.3065E+22
0.4460E-02	0.3097E+22
0.4630E-02	0.3131E+22
0.4806E-02	0.3166E+22
0.4989E-02	0.3201E+22
0.5179E-02	0.3238E+22
0.5377E-02	0.3276E+22
0.5581E-02	0.3315E+22
0.5794E-02	0.3355E+22
0.6015E-02	0.3396E+22
0.6244E-02	0.3438E+22
0.6481E-02	0.3481E+22
0.6728E-02	0.3525E+22
0.6985E-02	0.3570E+22
0.7251E-02	0.3617E+22
0.7527E-02	0.3664E+22
0.7813E-02	0.3713E+22
0.8111E-02	0.3764E+22
0.8420E-02	0.3815E+22
0.8741E-02	0.3868E+22
0.9073E-02	0.3922E+22
0.9419E-02	0.3978E+22
0.9778E-02	0.4034E+22
0.1015E-01	0.4092E+22
0.1054E-01	0.4152E+22
0.1094E-01	0.4213E+22
0.1135E-01	0.4275E+22
0.1179E-01	0.4339E+22
0.1224E-01	0.4404E+22
0.1270E-01	0.4471E+22
0.1319E-01	0.4539E+22
0.1369E-01	0.4609E+22
0.1421E-01	0.4680E+22
0.1475E-01	0.4753E+22
0.1531E-01	0.4828E+22
0.1590E-01	0.4904E+22
0.1650E-01	0.4982E+22
0.1713E-01	0.5062E+22
0.1778E-01	0.5143E+22
0.1846E-01	0.5227E+22
0.1916E-01	0.5312E+22
0.1989E-01	0.5398E+22
0.2065E-01	0.5487E+22
0.2144E-01	0.5578E+22
0.2225E-01	0.5670E+22
0.2310E-01	0.5765E+22
0.2398E-01	0.5862E+22
0.2489E-01	0.5960E+22
0.2584E-01	0.6061E+22
0.2682E-01	0.6164E+22
0.2785E-01	0.6268E+22
0.2891E-01	0.6376E+22
0.3001E-01	0.6485E+22
0.3115E-01	0.6596E+22
0.3234E-01	0.6710E+22
0.3357E-01	0.6827E+22
0.3485E-01	0.6945E+22
0.3617E-01	0.7066E+22
0.3755E-01	0.7189E+22
0.3898E-01	0.7315E+22
0.4047E-01	0.7444E+22
0.4201E-01	0.7575E+22
0.4361E-01	0.7709E+22
0.4527E-01	0.7845E+22
0.4699E-01	0.7984E+22
0.4878E-01	0.8126E+22
0.5064E-01	0.8271E+22
0.5257E-01	0.8419E+22
0.5457E-01	0.8569E+22
0.5665E-01	0.8723E+22
0.5881E-01	0.8880E+22
0.6105E-01	0.9039E+22
0.6337E-01	0.9202E+22
0.6579E-01	0.9368E+22
0.6829E-01	0.9538E+22
0.7089E-01	0.9710E+22
0.7359E-01	0.9887E+22
0.7640E-01	0.1007E+23
0.7931E-01	0.1025E+23
0.8233E-01	0.1044E+23
0.8546E-01	0.1063E+23
0.8872E-01	0.1082E+23
0.9210E-01	0.1102E+23
0.9560E-01	0.1122E+23
0.9924E-01	0.1143E+23
0.1030	0.1164E+23
0.1069	0.1185E+23
0.1110	0.1207E+23
0.1152	0.1229E+23
0.1196	0.1252E+23
0.1242	0.1275E+23
0.1289	0.1298E+23
0.1338	0.1323E+23
0.1389	0.1347E+23
0.1442	0.1372E+23
0.1497	0.1398E+23
0.1554	0.1424E+23
0.1613	0.1451E+23
0.1675	0.1479E+23
0.1739	0.1507E+23
0.1805	0.1535E+23
0.1874	0.1565E+23
0.1945	0.1595E+23
0.2019	0.1626E+23
0.2096	0.1658E+23
0.2176	0.1691E+23
0.2259	0.1724E+23
0.2345	0.1759E+23
0.2434	0.1795E+23
0.2527	0.1831E+23
0.2623	0.1869E+23
0.2723	0.1908E+23
0.2826	0.1949E+23
0.2934	0.1990E+23
0.3046	0.2034E+23
0.3162	0.2078E+23
0.3282	0.2125E+23
0.3407	0.2173E+23
0.3537	0.2222E+23
0.3672	0.2274E+23
0.3812	0.2328E+23
0.3957	0.2383E+23
0.4107	0.2441E+23
0.4264	0.2502E+23
0.4426	0.2565E+23
0.4595	0.2630E+23
0.4770	0.2698E+23
0.4952	0.2770E+23
0.5140	0.2844E+23
0.5336	0.2922E+23
0.5539	0.3003E+23
0.5750	0.3088E+23
0.5969	0.3177E+23
0.6196	0.3271E+23
0.6432	0.3368E+23
0.6677	0.3471E+23
0.6932	0.3579E+23
0.7196	0.3692E+23
0.7470	0.3811E+23
0.7754	0.3937E+23
0.8050	0.4069E+23
0.8356	0.4208E+23
0.8674	0.4355E+23
0.9005	0.4510E+23
0.9348	0.4674E+23
0.9704	0.4848E+23
1.007	0.5032E+23
1.046	0.5227E+23
1.086	0.5435E+23
1.127	0.5654E+23
1.170	0.5887E+23
1.214	0.6135E+23
1.261	0.6399E+23
1.309	0.6678E+23
1.358	0.6974E+23
1.410	0.7287E+23
1.464	0.7619E+23
1.520	0.7968E+23
1.578	0.8335E+23
1.638	0.8719E+23
1.700	0.9119E+23
1.765	0.9533E+23
1.832	0.9972E+23
1.902	0.1041E+24
1.974	0.1085E+24
2.049	0.1131E+24
2.127	0.1177E+24
2.208	0.1223E+24
2.293	0.1268E+24
2.380	0.1314E+24
2.470	0.1359E+24
2.565	0.1402E+24
2.662	0.1445E+24
2.764	0.1487E+24
2.869	0.1528E+24
2.978	0.1568E+24
3.092	0.1606E+24
3.209	0.1643E+24
3.332	0.1680E+24
3.458	0.1715E+24
3.590	0.1750E+24
3.727	0.1783E+24
3.869	0.1816E+24
4.016	0.1849E+24
4.169	0.1880E+24
4.328	0.1911E+24
4.493	0.1942E+24
4.664	0.1973E+24
4.841	0.2003E+24
5.026	0.2033E+24
5.217	0.2062E+24
5.416	0.2092E+24
5.622	0.2121E+24
5.836	0.2151E+24
6.059	0.2180E+24
6.289	0.2209E+24
6.529	0.2239E+24
6.778	0.2268E+24
7.036	0.2297E+24
7.304	0.2327E+24
7.582	0.2356E+24
7.871	0.2386E+24
8.170	0.2415E+24
8.482	0.2445E+24
8.805	0.2475E+24
9.140	0.2505E+24
9.488	0.2536E+24
9.849	0.2566E+24
10.22	0.2597E+24
10.61	0.2628E+24
11.02	0.2659E+24
11.44	0.2690E+24
11.87	0.2722E+24
12.33	0.2753E+24
12.80	0.2785E+24
13.28	0.2818E+24
13.79	0.2850E+24
14.31	0.2883E+24
14.86	0.2916E+24
15.42	0.2950E+24
16.01	0.2983E+24
16.62	0.3017E+24
17.25	0.3052E+24
17.91	0.3087E+24
18.59	0.3122E+24
19.30	0.3158E+24
20.04	0.3193E+24
20.80	0.3230E+24
21.59	0.3267E+24
22.42	0.3304E+24
23.27	0.3341E+24
24.16	0.3379E+24
25.08	0.3418E+24
26.03	0.3457E+24
27.02	0.3496E+24
28.05	0.3535E+24
29.12	0.3575E+24
30.23	0.3615E+24
31.38	0.3655E+24
32.57	0.3695E+24
33.82	0.3736E+24
35.10	0.3776E+24
36.44	0.3817E+24
37.83	0.3857E+24
39.27	0.3898E+24
40.76	0.3938E+24
42.32	0.3977E+24
43.93	0.4017E+24
45.60	0.4056E+24
47.34	0.4095E+24
49.14	0.4132E+24
51.01	0.4170E+24
52.96	0.4207E+24
54.97	0.4243E+24
57.07	0.4279E+24
59.24	0.4316E+24
61.50	0.4348E+24
63.84	0.4381E+24
66.27	0.4414E+24
68.79	0.4450E+24
71.41	0.4481E+24
74.13	0.4510E+24
76.96	0.4541E+24
79.89	0.4576E+24
82.93	0.4607E+24
86.09	0.4640E+24
89.37	0.4676E+24
92.77	0.4712E+24
96.31	0.4760E+24
99.97	0.4827E+24
103.8	0.4919E+24
107.7	0.5072E+24
111.8	0.5352E+24
116.1	0.5884E+24
120.5	0.6749E+24
125.1	0.7725E+24
129.9	0.8580E+24
134.8	0.9274E+24
140.0	0.9838E+24
145.3	0.1031E+25
150.8	0.1070E+25
156.6	0.1104E+25
162.5	0.1134E+25
168.7	0.1160E+25
175.1	0.1184E+25
181.8	0.1205E+25
188.7	0.1225E+25
195.9	0.1242E+25
203.4	0.1259E+25
211.1	0.1274E+25
219.2	0.1288E+25
227.5	0.1301E+25
236.2	0.1313E+25
245.2	0.1325E+25
254.5	0.1336E+25
264.2	0.1347E+25
274.3	0.1357E+25
284.7	0.1367E+25
295.6	0.1376E+25
306.8	0.1385E+25
318.5	0.1394E+25
330.6	0.1402E+25
343.2	0.1411E+25
356.3	0.1419E+25
369.9	0.1427E+25
384.0	0.1434E+25
398.6	0.1442E+25
413.8	0.1449E+25
429.5	0.1456E+25
445.9	0.1463E+25
462.9	0.1470E+25
480.5	0.1477E+25
498.8	0.1483E+25
517.8	0.1490E+25
537.5	0.1496E+25
558.0	0.1503E+25
579.2	0.1509E+25
601.3	0.1515E+25
624.2	0.1522E+25
648.0	0.1528E+25
672.6	0.1534E+25
698.3	0.1541E+25
724.9	0.1547E+25
752.5	0.1553E+25
781.1	0.1560E+25
810.9	0.1566E+25
841.8	0.1573E+25
873.8	0.1580E+25
907.1	0.1586E+25
941.6	0.1594E+25
977.5	0.1601E+25
1015.	0.1608E+25
1053.	0.1615E+25
1094.	0.1623E+25
1135.	0.1631E+25
1178.	0.1639E+25
1223.	0.1647E+25
1270.	0.1656E+25
1318.	0.1664E+25
1368.	0.1673E+25
1421.	0.1683E+25
1475.	0.1692E+25
1531.	0.1702E+25
1589.	0.1713E+25
1650.	0.1723E+25
1712.	0.1734E+25
1778.	0.1746E+25
1845.	0.1758E+25
1916.	0.1770E+25
1989.	0.1784E+25
2064.	0.1797E+25
2143.	0.1812E+25
2225.	0.1827E+25
2309.	0.1843E+25
2397.	0.1859E+25
2489.	0.1876E+25
2583.	0.1895E+25
2682.	0.1914E+25
2784.	0.1934E+25
2890.	0.1955E+25
3000.	0.1978E+25
 
 
E/N (Td)	Total collision freq. /N (m3/s)
0.1000E-02	0.3461E-14
0.1038E-02	0.3533E-14
0.1078E-02	0.3551E-14
0.1119E-02	0.3569E-14
0.1161E-02	0.3588E-14
0.1205E-02	0.3608E-14
0.1251E-02	0.3630E-14
0.1299E-02	0.3652E-14
0.1349E-02	0.3675E-14
0.1400E-02	0.3700E-14
0.1453E-02	0.3738E-14
0.1509E-02	0.3764E-14
0.1566E-02	0.3790E-14
0.1626E-02	0.3819E-14
0.1688E-02	0.3848E-14
0.1752E-02	0.3878E-14
0.1819E-02	0.3910E-14
0.1888E-02	0.3943E-14
0.1960E-02	0.3978E-14
0.2034E-02	0.4014E-14
0.2112E-02	0.4051E-14
0.2192E-02	0.4089E-14
0.2276E-02	0.4129E-14
0.2362E-02	0.4170E-14
0.2452E-02	0.4212E-14
0.2546E-02	0.4256E-14
0.2643E-02	0.4301E-14
0.2743E-02	0.4348E-14
0.2848E-02	0.4396E-14
0.2956E-02	0.4445E-14
0.3069E-02	0.4496E-14
0.3186E-02	0.4549E-14
0.3307E-02	0.4603E-14
0.3433E-02	0.4658E-14
0.3564E-02	0.4714E-14
0.3700E-02	0.4773E-14
0.3841E-02	0.4832E-14
0.3987E-02	0.4894E-14
0.4139E-02	0.4956E-14
0.4296E-02	0.5021E-14
0.4460E-02	0.5087E-14
0.4630E-02	0.5155E-14
0.4806E-02	0.5224E-14
0.4989E-02	0.5296E-14
0.5179E-02	0.5369E-14
0.5377E-02	0.5444E-14
0.5581E-02	0.5519E-14
0.5794E-02	0.5598E-14
0.6015E-02	0.5678E-14
0.6244E-02	0.5760E-14
0.6481E-02	0.5845E-14
0.6728E-02	0.5931E-14
0.6985E-02	0.6019E-14
0.7251E-02	0.6109E-14
0.7527E-02	0.6201E-14
0.7813E-02	0.6295E-14
0.8111E-02	0.6392E-14
0.8420E-02	0.6489E-14
0.8741E-02	0.6590E-14
0.9073E-02	0.6693E-14
0.9419E-02	0.6799E-14
0.9778E-02	0.6906E-14
0.1015E-01	0.7016E-14
0.1054E-01	0.7129E-14
0.1094E-01	0.7243E-14
0.1135E-01	0.7361E-14
0.1179E-01	0.7481E-14
0.1224E-01	0.7602E-14
0.1270E-01	0.7727E-14
0.1319E-01	0.7855E-14
0.1369E-01	0.7985E-14
0.1421E-01	0.8119E-14
0.1475E-01	0.8255E-14
0.1531E-01	0.8393E-14
0.1590E-01	0.8535E-14
0.1650E-01	0.8679E-14
0.1713E-01	0.8827E-14
0.1778E-01	0.8977E-14
0.1846E-01	0.9131E-14
0.1916E-01	0.9288E-14
0.1989E-01	0.9449E-14
0.2065E-01	0.9612E-14
0.2144E-01	0.9778E-14
0.2225E-01	0.9949E-14
0.2310E-01	0.1012E-13
0.2398E-01	0.1030E-13
0.2489E-01	0.1048E-13
0.2584E-01	0.1066E-13
0.2682E-01	0.1085E-13
0.2785E-01	0.1104E-13
0.2891E-01	0.1124E-13
0.3001E-01	0.1144E-13
0.3115E-01	0.1164E-13
0.3234E-01	0.1185E-13
0.3357E-01	0.1206E-13
0.3485E-01	0.1228E-13
0.3617E-01	0.1250E-13
0.3755E-01	0.1272E-13
0.3898E-01	0.1295E-13
0.4047E-01	0.1319E-13
0.4201E-01	0.1342E-13
0.4361E-01	0.1367E-13
0.4527E-01	0.1391E-13
0.4699E-01	0.1417E-13
0.4878E-01	0.1442E-13
0.5064E-01	0.1469E-13
0.5257E-01	0.1495E-13
0.5457E-01	0.1523E-13
0.5665E-01	0.1551E-13
0.5881E-01	0.1579E-13
0.6105E-01	0.1608E-13
0.6337E-01	0.1637E-13
0.6579E-01	0.1667E-13
0.6829E-01	0.1698E-13
0.7089E-01	0.1729E-13
0.7359E-01	0.1761E-13
0.7640E-01	0.1793E-13
0.7931E-01	0.1826E-13
0.8233E-01	0.1860E-13
0.8546E-01	0.1894E-13
0.8872E-01	0.1929E-13
0.9210E-01	0.1965E-13
0.9560E-01	0.2001E-13
0.9924E-01	0.2039E-13
0.1030	0.2076E-13
0.1069	0.2115E-13
0.1110	0.2154E-13
0.1152	0.2194E-13
0.1196	0.2234E-13
0.1242	0.2276E-13
0.1289	0.2318E-13
0.1338	0.2361E-13
0.1389	0.2405E-13
0.1442	0.2450E-13
0.1497	0.2495E-13
0.1554	0.2542E-13
0.1613	0.2589E-13
0.1675	0.2636E-13
0.1739	0.2685E-13
0.1805	0.2735E-13
0.1874	0.2785E-13
0.1945	0.2837E-13
0.2019	0.2889E-13
0.2096	0.2942E-13
0.2176	0.2996E-13
0.2259	0.3051E-13
0.2345	0.3106E-13
0.2434	0.3163E-13
0.2527	0.3220E-13
0.2623	0.3278E-13
0.2723	0.3337E-13
0.2826	0.3397E-13
0.2934	0.3458E-13
0.3046	0.3520E-13
0.3162	0.3583E-13
0.3282	0.3646E-13
0.3407	0.3711E-13
0.3537	0.3776E-13
0.3672	0.3843E-13
0.3812	0.3911E-13
0.3957	0.3980E-13
0.4107	0.4049E-13
0.4264	0.4120E-13
0.4426	0.4193E-13
0.4595	0.4266E-13
0.4770	0.4341E-13
0.4952	0.4417E-13
0.5140	0.4495E-13
0.5336	0.4574E-13
0.5539	0.4655E-13
0.5750	0.4738E-13
0.5969	0.4822E-13
0.6196	0.4909E-13
0.6432	0.4997E-13
0.6677	0.5087E-13
0.6932	0.5180E-13
0.7196	0.5275E-13
0.7470	0.5373E-13
0.7754	0.5473E-13
0.8050	0.5576E-13
0.8356	0.5682E-13
0.8674	0.5791E-13
0.9005	0.5904E-13
0.9348	0.6020E-13
0.9704	0.6140E-13
1.007	0.6264E-13
1.046	0.6393E-13
1.086	0.6526E-13
1.127	0.6665E-13
1.170	0.6808E-13
1.214	0.6958E-13
1.261	0.7112E-13
1.309	0.7274E-13
1.358	0.7442E-13
1.410	0.7618E-13
1.464	0.7800E-13
1.520	0.7991E-13
1.578	0.8189E-13
1.638	0.8396E-13
1.700	0.8611E-13
1.765	0.8831E-13
1.832	0.9066E-13
1.902	0.9303E-13
1.974	0.9546E-13
2.049	0.9797E-13
2.127	0.1005E-12
2.208	0.1031E-12
2.293	0.1057E-12
2.380	0.1084E-12
2.470	0.1110E-12
2.565	0.1136E-12
2.662	0.1162E-12
2.764	0.1187E-12
2.869	0.1211E-12
2.978	0.1235E-12
3.092	0.1258E-12
3.209	0.1281E-12
3.332	0.1303E-12
3.458	0.1324E-12
3.590	0.1344E-12
3.727	0.1364E-12
3.869	0.1383E-12
4.016	0.1401E-12
4.169	0.1419E-12
4.328	0.1436E-12
4.493	0.1453E-12
4.664	0.1469E-12
4.841	0.1485E-12
5.026	0.1501E-12
5.217	0.1516E-12
5.416	0.1531E-12
5.622	0.1546E-12
5.836	0.1560E-12
6.059	0.1574E-12
6.289	0.1589E-12
6.529	0.1603E-12
6.778	0.1616E-12
7.036	0.1630E-12
7.304	0.1644E-12
7.582	0.1657E-12
7.871	0.1671E-12
8.170	0.1684E-12
8.482	0.1698E-12
8.805	0.1711E-12
9.140	0.1725E-12
9.488	0.1738E-12
9.849	0.1751E-12
10.22	0.1765E-12
10.61	0.1778E-12
11.02	0.1792E-12
11.44	0.1805E-12
11.87	0.1818E-12
12.33	0.1832E-12
12.80	0.1845E-12
13.28	0.1859E-12
13.79	0.1873E-12
14.31	0.1886E-12
14.86	0.1900E-12
15.42	0.1914E-12
16.01	0.1928E-12
16.62	0.1942E-12
17.25	0.1956E-12
17.91	0.1971E-12
18.59	0.1985E-12
19.30	0.2000E-12
20.04	0.2014E-12
20.80	0.2029E-12
21.59	0.2044E-12
22.42	0.2059E-12
23.27	0.2075E-12
24.16	0.2090E-12
25.08	0.2106E-12
26.03	0.2122E-12
27.02	0.2138E-12
28.05	0.2155E-12
29.12	0.2171E-12
30.23	0.2188E-12
31.38	0.2205E-12
32.57	0.2223E-12
33.82	0.2240E-12
35.10	0.2258E-12
36.44	0.2276E-12
37.83	0.2294E-12
39.27	0.2312E-12
40.76	0.2331E-12
42.32	0.2349E-12
43.93	0.2368E-12
45.60	0.2387E-12
47.34	0.2406E-12
49.14	0.2425E-12
51.01	0.2443E-12
52.96	0.2462E-12
54.97	0.2481E-12
57.07	0.2500E-12
59.24	0.2519E-12
61.50	0.2537E-12
63.84	0.2556E-12
66.27	0.2574E-12
68.79	0.2593E-12
71.41	0.2611E-12
74.13	0.2629E-12
76.96	0.2647E-12
79.89	0.2665E-12
82.93	0.2684E-12
86.09	0.2702E-12
89.37	0.2720E-12
92.77	0.2739E-12
96.31	0.2758E-12
99.97	0.2779E-12
103.8	0.2802E-12
107.7	0.2830E-12
111.8	0.2868E-12
116.1	0.2928E-12
120.5	0.3027E-12
125.1	0.3156E-12
129.9	0.3295E-12
134.8	0.3431E-12
140.0	0.3560E-12
145.3	0.3682E-12
150.8	0.3795E-12
156.6	0.3901E-12
162.5	0.4000E-12
168.7	0.4093E-12
175.1	0.4180E-12
181.8	0.4261E-12
188.7	0.4338E-12
195.9	0.4411E-12
203.4	0.4481E-12
211.1	0.4548E-12
219.2	0.4613E-12
227.5	0.4676E-12
236.2	0.4737E-12
245.2	0.4798E-12
254.5	0.4858E-12
264.2	0.4917E-12
274.3	0.4975E-12
284.7	0.5033E-12
295.6	0.5091E-12
306.8	0.5147E-12
318.5	0.5203E-12
330.6	0.5258E-12
343.2	0.5312E-12
356.3	0.5364E-12
369.9	0.5416E-12
384.0	0.5466E-12
398.6	0.5515E-12
413.8	0.5563E-12
429.5	0.5609E-12
445.9	0.5654E-12
462.9	0.5697E-12
480.5	0.5740E-12
498.8	0.5781E-12
517.8	0.5821E-12
537.5	0.5860E-12
558.0	0.5898E-12
579.2	0.5935E-12
601.3	0.5972E-12
624.2	0.6007E-12
648.0	0.6042E-12
672.6	0.6076E-12
698.3	0.6110E-12
724.9	0.6144E-12
752.5	0.6177E-12
781.1	0.6210E-12
810.9	0.6243E-12
841.8	0.6276E-12
873.8	0.6309E-12
907.1	0.6342E-12
941.6	0.6376E-12
977.5	0.6410E-12
1015.	0.6445E-12
1053.	0.6480E-12
1094.	0.6515E-12
1135.	0.6551E-12
1178.	0.6588E-12
1223.	0.6626E-12
1270.	0.6664E-12
1318.	0.6704E-12
1368.	0.6745E-12
1421.	0.6786E-12
1475.	0.6829E-12
1531.	0.6874E-12
1589.	0.6919E-12
1650.	0.6966E-12
1712.	0.7014E-12
1778.	0.7064E-12
1845.	0.7115E-12
1916.	0.7167E-12
1989.	0.7221E-12
2064.	0.7277E-12
2143.	0.7335E-12
2225.	0.7394E-12
2309.	0.7454E-12
2397.	0.7517E-12
2489.	0.7581E-12
2583.	0.7647E-12
2682.	0.7714E-12
2784.	0.7784E-12
2890.	0.7855E-12
3000.	0.7928E-12
 
 
E/N (Td)	Momentum frequency /N (m3/s)
0.1000E-02	0.3687E-14
0.1038E-02	0.3851E-14
0.1078E-02	0.3873E-14
0.1119E-02	0.3896E-14
0.1161E-02	0.3920E-14
0.1205E-02	0.3945E-14
0.1251E-02	0.3972E-14
0.1299E-02	0.4001E-14
0.1349E-02	0.4031E-14
0.1400E-02	0.4062E-14
0.1453E-02	0.4129E-14
0.1509E-02	0.4161E-14
0.1566E-02	0.4195E-14
0.1626E-02	0.4230E-14
0.1688E-02	0.4267E-14
0.1752E-02	0.4305E-14
0.1819E-02	0.4346E-14
0.1888E-02	0.4388E-14
0.1960E-02	0.4431E-14
0.2034E-02	0.4477E-14
0.2112E-02	0.4524E-14
0.2192E-02	0.4573E-14
0.2276E-02	0.4623E-14
0.2362E-02	0.4676E-14
0.2452E-02	0.4730E-14
0.2546E-02	0.4786E-14
0.2643E-02	0.4844E-14
0.2743E-02	0.4903E-14
0.2848E-02	0.4965E-14
0.2956E-02	0.5028E-14
0.3069E-02	0.5093E-14
0.3186E-02	0.5160E-14
0.3307E-02	0.5234E-14
0.3433E-02	0.5304E-14
0.3564E-02	0.5376E-14
0.3700E-02	0.5449E-14
0.3841E-02	0.5525E-14
0.3987E-02	0.5602E-14
0.4139E-02	0.5682E-14
0.4296E-02	0.5763E-14
0.4460E-02	0.5847E-14
0.4630E-02	0.5932E-14
0.4806E-02	0.6020E-14
0.4989E-02	0.6110E-14
0.5179E-02	0.6201E-14
0.5377E-02	0.6295E-14
0.5581E-02	0.6393E-14
0.5794E-02	0.6491E-14
0.6015E-02	0.6591E-14
0.6244E-02	0.6694E-14
0.6481E-02	0.6799E-14
0.6728E-02	0.6906E-14
0.6985E-02	0.7016E-14
0.7251E-02	0.7128E-14
0.7527E-02	0.7242E-14
0.7813E-02	0.7359E-14
0.8111E-02	0.7479E-14
0.8420E-02	0.7601E-14
0.8741E-02	0.7726E-14
0.9073E-02	0.7853E-14
0.9419E-02	0.7983E-14
0.9778E-02	0.8116E-14
0.1015E-01	0.8252E-14
0.1054E-01	0.8390E-14
0.1094E-01	0.8531E-14
0.1135E-01	0.8676E-14
0.1179E-01	0.8823E-14
0.1224E-01	0.8973E-14
0.1270E-01	0.9127E-14
0.1319E-01	0.9283E-14
0.1369E-01	0.9443E-14
0.1421E-01	0.9606E-14
0.1475E-01	0.9773E-14
0.1531E-01	0.9942E-14
0.1590E-01	0.1012E-13
0.1650E-01	0.1029E-13
0.1713E-01	0.1047E-13
0.1778E-01	0.1066E-13
0.1846E-01	0.1084E-13
0.1916E-01	0.1104E-13
0.1989E-01	0.1123E-13
0.2065E-01	0.1143E-13
0.2144E-01	0.1163E-13
0.2225E-01	0.1184E-13
0.2310E-01	0.1205E-13
0.2398E-01	0.1227E-13
0.2489E-01	0.1249E-13
0.2584E-01	0.1271E-13
0.2682E-01	0.1294E-13
0.2785E-01	0.1317E-13
0.2891E-01	0.1341E-13
0.3001E-01	0.1365E-13
0.3115E-01	0.1390E-13
0.3234E-01	0.1415E-13
0.3357E-01	0.1441E-13
0.3485E-01	0.1467E-13
0.3617E-01	0.1494E-13
0.3755E-01	0.1521E-13
0.3898E-01	0.1549E-13
0.4047E-01	0.1577E-13
0.4201E-01	0.1606E-13
0.4361E-01	0.1635E-13
0.4527E-01	0.1665E-13
0.4699E-01	0.1696E-13
0.4878E-01	0.1727E-13
0.5064E-01	0.1759E-13
0.5257E-01	0.1791E-13
0.5457E-01	0.1824E-13
0.5665E-01	0.1858E-13
0.5881E-01	0.1892E-13
0.6105E-01	0.1927E-13
0.6337E-01	0.1963E-13
0.6579E-01	0.1999E-13
0.6829E-01	0.2036E-13
0.7089E-01	0.2073E-13
0.7359E-01	0.2112E-13
0.7640E-01	0.2151E-13
0.7931E-01	0.2191E-13
0.8233E-01	0.2232E-13
0.8546E-01	0.2273E-13
0.8872E-01	0.2315E-13
0.9210E-01	0.2358E-13
0.9560E-01	0.2402E-13
0.9924E-01	0.2447E-13
0.1030	0.2493E-13
0.1069	0.2539E-13
0.1110	0.2586E-13
0.1152	0.2634E-13
0.1196	0.2684E-13
0.1242	0.2734E-13
0.1289	0.2785E-13
0.1338	0.2836E-13
0.1389	0.2889E-13
0.1442	0.2943E-13
0.1497	0.2998E-13
0.1554	0.3054E-13
0.1613	0.3110E-13
0.1675	0.3168E-13
0.1739	0.3227E-13
0.1805	0.3286E-13
0.1874	0.3347E-13
0.1945	0.3409E-13
0.2019	0.3471E-13
0.2096	0.3535E-13
0.2176	0.3599E-13
0.2259	0.3665E-13
0.2345	0.3731E-13
0.2434	0.3799E-13
0.2527	0.3867E-13
0.2623	0.3936E-13
0.2723	0.4006E-13
0.2826	0.4078E-13
0.2934	0.4149E-13
0.3046	0.4222E-13
0.3162	0.4296E-13
0.3282	0.4371E-13
0.3407	0.4446E-13
0.3537	0.4523E-13
0.3672	0.4600E-13
0.3812	0.4679E-13
0.3957	0.4758E-13
0.4107	0.4838E-13
0.4264	0.4920E-13
0.4426	0.5003E-13
0.4595	0.5087E-13
0.4770	0.5172E-13
0.4952	0.5258E-13
0.5140	0.5346E-13
0.5336	0.5435E-13
0.5539	0.5526E-13
0.5750	0.5618E-13
0.5969	0.5713E-13
0.6196	0.5809E-13
0.6432	0.5907E-13
0.6677	0.6006E-13
0.6932	0.6109E-13
0.7196	0.6214E-13
0.7470	0.6321E-13
0.7754	0.6431E-13
0.8050	0.6544E-13
0.8356	0.6660E-13
0.8674	0.6779E-13
0.9005	0.6902E-13
0.9348	0.7028E-13
0.9704	0.7159E-13
1.007	0.7294E-13
1.046	0.7433E-13
1.086	0.7576E-13
1.127	0.7726E-13
1.170	0.7881E-13
1.214	0.8042E-13
1.261	0.8209E-13
1.309	0.8383E-13
1.358	0.8564E-13
1.410	0.8753E-13
1.464	0.8949E-13
1.520	0.9155E-13
1.578	0.9370E-13
1.638	0.9594E-13
1.700	0.9828E-13
1.765	0.1007E-12
1.832	0.1032E-12
1.902	0.1058E-12
1.974	0.1086E-12
2.049	0.1114E-12
2.127	0.1143E-12
2.208	0.1173E-12
2.293	0.1204E-12
2.380	0.1234E-12
2.470	0.1266E-12
2.565	0.1297E-12
2.662	0.1329E-12
2.764	0.1360E-12
2.869	0.1391E-12
2.978	0.1421E-12
3.092	0.1451E-12
3.209	0.1480E-12
3.332	0.1507E-12
3.458	0.1535E-12
3.590	0.1562E-12
3.727	0.1588E-12
3.869	0.1613E-12
4.016	0.1637E-12
4.169	0.1660E-12
4.328	0.1683E-12
4.493	0.1705E-12
4.664	0.1727E-12
4.841	0.1748E-12
5.026	0.1768E-12
5.217	0.1789E-12
5.416	0.1808E-12
5.622	0.1827E-12
5.836	0.1846E-12
6.059	0.1865E-12
6.289	0.1883E-12
6.529	0.1901E-12
6.778	0.1919E-12
7.036	0.1937E-12
7.304	0.1955E-12
7.582	0.1972E-12
7.871	0.1989E-12
8.170	0.2006E-12
8.482	0.2024E-12
8.805	0.2041E-12
9.140	0.2057E-12
9.488	0.2074E-12
9.849	0.2091E-12
10.22	0.2108E-12
10.61	0.2125E-12
11.02	0.2142E-12
11.44	0.2159E-12
11.87	0.2175E-12
12.33	0.2192E-12
12.80	0.2209E-12
13.28	0.2226E-12
13.79	0.2243E-12
14.31	0.2260E-12
14.86	0.2278E-12
15.42	0.2295E-12
16.01	0.2312E-12
16.62	0.2330E-12
17.25	0.2347E-12
17.91	0.2365E-12
18.59	0.2383E-12
19.30	0.2401E-12
20.04	0.2419E-12
20.80	0.2437E-12
21.59	0.2456E-12
22.42	0.2475E-12
23.27	0.2494E-12
24.16	0.2513E-12
25.08	0.2533E-12
26.03	0.2553E-12
27.02	0.2573E-12
28.05	0.2593E-12
29.12	0.2614E-12
30.23	0.2636E-12
31.38	0.2657E-12
32.57	0.2679E-12
33.82	0.2702E-12
35.10	0.2724E-12
36.44	0.2748E-12
37.83	0.2771E-12
39.27	0.2795E-12
40.76	0.2820E-12
42.32	0.2845E-12
43.93	0.2870E-12
45.60	0.2895E-12
47.34	0.2921E-12
49.14	0.2948E-12
51.01	0.2974E-12
52.96	0.3001E-12
54.97	0.3028E-12
57.07	0.3055E-12
59.24	0.3082E-12
61.50	0.3110E-12
63.84	0.3137E-12
66.27	0.3165E-12
68.79	0.3192E-12
71.41	0.3220E-12
74.13	0.3248E-12
76.96	0.3276E-12
79.89	0.3303E-12
82.93	0.3331E-12
86.09	0.3359E-12
89.37	0.3388E-12
92.77	0.3417E-12
96.31	0.3446E-12
99.97	0.3476E-12
103.8	0.3507E-12
107.7	0.3542E-12
111.8	0.3583E-12
116.1	0.3639E-12
120.5	0.3720E-12
125.1	0.3824E-12
129.9	0.3937E-12
134.8	0.4051E-12
140.0	0.4164E-12
145.3	0.4273E-12
150.8	0.4378E-12
156.6	0.4479E-12
162.5	0.4577E-12
168.7	0.4670E-12
175.1	0.4759E-12
181.8	0.4846E-12
188.7	0.4929E-12
195.9	0.5009E-12
203.4	0.5088E-12
211.1	0.5164E-12
219.2	0.5240E-12
227.5	0.5315E-12
236.2	0.5389E-12
245.2	0.5464E-12
254.5	0.5538E-12
264.2	0.5613E-12
274.3	0.5688E-12
284.7	0.5763E-12
295.6	0.5838E-12
306.8	0.5914E-12
318.5	0.5989E-12
330.6	0.6064E-12
343.2	0.6138E-12
356.3	0.6212E-12
369.9	0.6285E-12
384.0	0.6357E-12
398.6	0.6429E-12
413.8	0.6499E-12
429.5	0.6568E-12
445.9	0.6636E-12
462.9	0.6702E-12
480.5	0.6768E-12
498.8	0.6832E-12
517.8	0.6895E-12
537.5	0.6957E-12
558.0	0.7018E-12
579.2	0.7077E-12
601.3	0.7136E-12
624.2	0.7194E-12
648.0	0.7251E-12
672.6	0.7307E-12
698.3	0.7363E-12
724.9	0.7418E-12
752.5	0.7472E-12
781.1	0.7527E-12
810.9	0.7581E-12
841.8	0.7635E-12
873.8	0.7689E-12
907.1	0.7744E-12
941.6	0.7798E-12
977.5	0.7853E-12
1015.	0.7908E-12
1053.	0.7964E-12
1094.	0.8021E-12
1135.	0.8079E-12
1178.	0.8138E-12
1223.	0.8197E-12
1270.	0.8258E-12
1318.	0.8320E-12
1368.	0.8384E-12
1421.	0.8450E-12
1475.	0.8516E-12
1531.	0.8585E-12
1589.	0.8655E-12
1650.	0.8728E-12
1712.	0.8805E-12
1778.	0.8881E-12
1845.	0.8960E-12
1916.	0.9042E-12
1989.	0.9125E-12
2064.	0.9211E-12
2143.	0.9300E-12
2225.	0.9392E-12
2309.	0.9485E-12
2397.	0.9582E-12
2489.	0.9682E-12
2583.	0.9785E-12
2682.	0.9891E-12
2784.	0.9999E-12
2890.	0.1011E-11
3000.	0.1022E-11
 
 
E/N (Td)	Total ionization freq. /N (m3/s)
0.1000E-02	0.000
0.1038E-02	0.000
0.1078E-02	0.000
0.1119E-02	0.000
0.1161E-02	0.000
0.1205E-02	0.000
0.1251E-02	0.000
0.1299E-02	0.000
0.1349E-02	0.000
0.1400E-02	0.000
0.1453E-02	0.000
0.1509E-02	0.000
0.1566E-02	0.000
0.1626E-02	0.000
0.1688E-02	0.000
0.1752E-02	0.000
0.1819E-02	0.000
0.1888E-02	0.000
0.1960E-02	0.000
0.2034E-02	0.000
0.2112E-02	0.000
0.2192E-02	0.000
0.2276E-02	0.000
0.2362E-02	0.000
0.2452E-02	0.000
0.2546E-02	0.000
0.2643E-02	0.000
0.2743E-02	0.000
0.2848E-02	0.000
0.2956E-02	0.000
0.3069E-02	0.000
0.3186E-02	0.000
0.3307E-02	0.000
0.3433E-02	0.000
0.3564E-02	0.000
0.3700E-02	0.000
0.3841E-02	0.000
0.3987E-02	0.000
0.4139E-02	0.000
0.4296E-02	0.000
0.4460E-02	0.000
0.4630E-02	0.000
0.4806E-02	0.000
0.4989E-02	0.000
0.5179E-02	0.000
0.5377E-02	0.000
0.5581E-02	0.000
0.5794E-02	0.000
0.6015E-02	0.000
0.6244E-02	0.000
0.6481E-02	0.000
0.6728E-02	0.000
0.6985E-02	0.000
0.7251E-02	0.000
0.7527E-02	0.000
0.7813E-02	0.000
0.8111E-02	0.000
0.8420E-02	0.000
0.8741E-02	0.000
0.9073E-02	0.000
0.9419E-02	0.000
0.9778E-02	0.000
0.1015E-01	0.000
0.1054E-01	0.000
0.1094E-01	0.000
0.1135E-01	0.000
0.1179E-01	0.000
0.1224E-01	0.000
0.1270E-01	0.000
0.1319E-01	0.000
0.1369E-01	0.000
0.1421E-01	0.000
0.1475E-01	0.000
0.1531E-01	0.000
0.1590E-01	0.000
0.1650E-01	0.000
0.1713E-01	0.000
0.1778E-01	0.000
0.1846E-01	0.000
0.1916E-01	0.000
0.1989E-01	0.000
0.2065E-01	0.000
0.2144E-01	0.000
0.2225E-01	0.000
0.2310E-01	0.000
0.2398E-01	0.000
0.2489E-01	0.000
0.2584E-01	0.000
0.2682E-01	0.000
0.2785E-01	0.000
0.2891E-01	0.000
0.3001E-01	0.000
0.3115E-01	0.000
0.3234E-01	0.000
0.3357E-01	0.000
0.3485E-01	0.000
0.3617E-01	0.000
0.3755E-01	0.000
0.3898E-01	0.000
0.4047E-01	0.000
0.4201E-01	0.000
0.4361E-01	0.000
0.4527E-01	0.000
0.4699E-01	0.000
0.4878E-01	0.000
0.5064E-01	0.000
0.5257E-01	0.000
0.5457E-01	0.000
0.5665E-01	0.000
0.5881E-01	0.000
0.6105E-01	0.000
0.6337E-01	0.000
0.6579E-01	0.000
0.6829E-01	0.000
0.7089E-01	0.000
0.7359E-01	0.000
0.7640E-01	0.000
0.7931E-01	0.000
0.8233E-01	0.000
0.8546E-01	0.000
0.8872E-01	0.000
0.9210E-01	0.000
0.9560E-01	0.000
0.9924E-01	0.000
0.1030	0.000
0.1069	0.000
0.1110	0.000
0.1152	0.000
0.1196	0.000
0.1242	0.000
0.1289	0.000
0.1338	0.000
0.1389	0.000
0.1442	0.000
0.1497	0.000
0.1554	0.000
0.1613	0.000
0.1675	0.000
0.1739	0.000
0.1805	0.000
0.1874	0.000
0.1945	0.000
0.2019	0.000
0.2096	0.000
0.2176	0.000
0.2259	0.000
0.2345	0.000
0.2434	0.000
0.2527	0.000
0.2623	0.000
0.2723	0.000
0.2826	0.000
0.2934	0.000
0.3046	0.000
0.3162	0.000
0.3282	0.000
0.3407	0.000
0.3537	0.000
0.3672	0.000
0.3812	0.000
0.3957	0.000
0.4107	0.000
0.4264	0.000
0.4426	0.000
0.4595	0.000
0.4770	0.000
0.4952	0.000
0.5140	0.000
0.5336	0.000
0.5539	0.000
0.5750	0.000
0.5969	0.000
0.6196	0.000
0.6432	0.000
0.6677	0.000
0.6932	0.000
0.7196	0.000
0.7470	0.000
0.7754	0.000
0.8050	0.000
0.8356	0.000
0.8674	0.000
0.9005	0.000
0.9348	0.000
0.9704	0.000
1.007	0.000
1.046	0.000
1.086	0.000
1.127	0.000
1.170	0.000
1.214	0.000
1.261	0.000
1.309	0.000
1.358	0.000
1.410	0.000
1.464	0.000
1.520	0.000
1.578	0.000
1.638	0.000
1.700	0.000
1.765	0.000
1.832	0.000
1.902	0.000
1.974	0.000
2.049	0.000
2.127	0.000
2.208	0.000
2.293	0.000
2.380	0.000
2.470	0.000
2.565	0.000
2.662	0.000
2.764	0.000
2.869	0.000
2.978	0.000
3.092	0.000
3.209	0.000
3.332	0.000
3.458	0.000
3.590	0.000
3.727	0.000
3.869	0.000
4.016	0.000
4.169	0.000
4.328	0.000
4.493	0.000
4.664	0.000
4.841	0.000
5.026	0.000
5.217	0.000
5.416	0.000
5.622	0.000
5.836	0.000
6.059	0.000
6.289	0.000
6.529	0.000
6.778	0.000
7.036	0.000
7.304	0.000
7.582	0.000
7.871	0.000
8.170	0.000
8.482	0.000
8.805	0.000
9.140	0.000
9.488	0.000
9.849	0.000
10.22	0.000
10.61	0.000
11.02	0.000
11.44	0.000
11.87	0.000
12.33	0.000
12.80	0.000
13.28	0.000
13.79	0.000
14.31	0.000
14.86	0.000
15.42	0.000
16.01	0.000
16.62	0.000
17.25	0.000
17.91	0.000
18.59	0.000
19.30	0.000
20.04	0.000
20.80	0.000
21.59	0.000
22.42	0.000
23.27	0.000
24.16	0.000
25.08	0.000
26.03	0.000
27.02	0.000
28.05	0.000
29.12	0.000
30.23	0.000
31.38	0.000
32.57	0.000
33.82	0.000
35.10	0.000
36.44	0.000
37.83	0.000
39.27	0.000
40.76	0.000
42.32	0.000
43.93	0.000
45.60	0.000
47.34	0.000
49.14	0.000
51.01	0.000
52.96	0.000
54.97	0.000
57.07	0.000
59.24	0.7838E-26
61.50	0.2238E-25
63.84	0.6373E-25
66.27	0.1760E-24
68.79	0.6075E-24
71.41	0.1623E-23
74.13	0.4153E-23
76.96	0.1062E-22
79.89	0.2768E-22
82.93	0.6826E-22
86.09	0.1659E-21
89.37	0.3987E-21
92.77	0.9401E-21
96.31	0.2239E-20
99.97	0.5420E-20
103.8	0.1312E-19
107.7	0.3261E-19
111.8	0.8454E-19
116.1	0.2253E-18
120.5	0.5668E-18
125.1	0.1189E-17
129.9	0.2099E-17
134.8	0.3307E-17
140.0	0.4838E-17
145.3	0.6732E-17
150.8	0.9021E-17
156.6	0.1175E-16
162.5	0.1495E-16
168.7	0.1865E-16
175.1	0.2288E-16
181.8	0.2766E-16
188.7	0.3302E-16
195.9	0.3896E-16
203.4	0.4552E-16
211.1	0.5270E-16
219.2	0.6053E-16
227.5	0.6904E-16
236.2	0.7825E-16
245.2	0.8822E-16
254.5	0.9897E-16
264.2	0.1106E-15
274.3	0.1231E-15
284.7	0.1366E-15
295.6	0.1512E-15
306.8	0.1670E-15
318.5	0.1840E-15
330.6	0.2024E-15
343.2	0.2222E-15
356.3	0.2438E-15
369.9	0.2671E-15
384.0	0.2924E-15
398.6	0.3199E-15
413.8	0.3498E-15
429.5	0.3825E-15
445.9	0.4180E-15
462.9	0.4569E-15
480.5	0.4995E-15
498.8	0.5461E-15
517.8	0.5972E-15
537.5	0.6534E-15
558.0	0.7151E-15
579.2	0.7831E-15
601.3	0.8579E-15
624.2	0.9404E-15
648.0	0.1031E-14
672.6	0.1131E-14
698.3	0.1242E-14
724.9	0.1364E-14
752.5	0.1499E-14
781.1	0.1647E-14
810.9	0.1811E-14
841.8	0.1991E-14
873.8	0.2189E-14
907.1	0.2408E-14
941.6	0.2649E-14
977.5	0.2914E-14
1015.	0.3204E-14
1053.	0.3523E-14
1094.	0.3872E-14
1135.	0.4254E-14
1178.	0.4671E-14
1223.	0.5128E-14
1270.	0.5627E-14
1318.	0.6170E-14
1368.	0.6761E-14
1421.	0.7404E-14
1475.	0.8104E-14
1531.	0.8861E-14
1589.	0.9682E-14
1650.	0.1057E-13
1712.	0.1153E-13
1778.	0.1257E-13
1845.	0.1368E-13
1916.	0.1489E-13
1989.	0.1618E-13
2064.	0.1758E-13
2143.	0.1907E-13
2225.	0.2067E-13
2309.	0.2238E-13
2397.	0.2422E-13
2489.	0.2617E-13
2583.	0.2826E-13
2682.	0.3048E-13
2784.	0.3285E-13
2890.	0.3537E-13
3000.	0.3805E-13
 
 
E/N (Td)	Total attachment freq. /N (m3/s)
0.1000E-02	0.2443E-16
0.1038E-02	0.2494E-16
0.1078E-02	0.2506E-16
0.1119E-02	0.2519E-16
0.1161E-02	0.2533E-16
0.1205E-02	0.2547E-16
0.1251E-02	0.2562E-16
0.1299E-02	0.2578E-16
0.1349E-02	0.2595E-16
0.1400E-02	0.2612E-16
0.1453E-02	0.2639E-16
0.1509E-02	0.2657E-16
0.1566E-02	0.2676E-16
0.1626E-02	0.2696E-16
0.1688E-02	0.2716E-16
0.1752E-02	0.2738E-16
0.1819E-02	0.2760E-16
0.1888E-02	0.2784E-16
0.1960E-02	0.2808E-16
0.2034E-02	0.2833E-16
0.2112E-02	0.2860E-16
0.2192E-02	0.2887E-16
0.2276E-02	0.2915E-16
0.2362E-02	0.2944E-16
0.2452E-02	0.2974E-16
0.2546E-02	0.3005E-16
0.2643E-02	0.3037E-16
0.2743E-02	0.3069E-16
0.2848E-02	0.3103E-16
0.2956E-02	0.3138E-16
0.3069E-02	0.3174E-16
0.3186E-02	0.3211E-16
0.3307E-02	0.3249E-16
0.3433E-02	0.3288E-16
0.3564E-02	0.3328E-16
0.3700E-02	0.3369E-16
0.3841E-02	0.3411E-16
0.3987E-02	0.3455E-16
0.4139E-02	0.3499E-16
0.4296E-02	0.3545E-16
0.4460E-02	0.3591E-16
0.4630E-02	0.3639E-16
0.4806E-02	0.3688E-16
0.4989E-02	0.3739E-16
0.5179E-02	0.3790E-16
0.5377E-02	0.3843E-16
0.5581E-02	0.3896E-16
0.5794E-02	0.3952E-16
0.6015E-02	0.4009E-16
0.6244E-02	0.4067E-16
0.6481E-02	0.4126E-16
0.6728E-02	0.4187E-16
0.6985E-02	0.4249E-16
0.7251E-02	0.4312E-16
0.7527E-02	0.4378E-16
0.7813E-02	0.4444E-16
0.8111E-02	0.4512E-16
0.8420E-02	0.4581E-16
0.8741E-02	0.4652E-16
0.9073E-02	0.4725E-16
0.9419E-02	0.4799E-16
0.9778E-02	0.4875E-16
0.1015E-01	0.4953E-16
0.1054E-01	0.5032E-16
0.1094E-01	0.5113E-16
0.1135E-01	0.5196E-16
0.1179E-01	0.5281E-16
0.1224E-01	0.5367E-16
0.1270E-01	0.5455E-16
0.1319E-01	0.5545E-16
0.1369E-01	0.5637E-16
0.1421E-01	0.5731E-16
0.1475E-01	0.5827E-16
0.1531E-01	0.5925E-16
0.1590E-01	0.6025E-16
0.1650E-01	0.6127E-16
0.1713E-01	0.6231E-16
0.1778E-01	0.6338E-16
0.1846E-01	0.6446E-16
0.1916E-01	0.6557E-16
0.1989E-01	0.6670E-16
0.2065E-01	0.6786E-16
0.2144E-01	0.6903E-16
0.2225E-01	0.7023E-16
0.2310E-01	0.7146E-16
0.2398E-01	0.7271E-16
0.2489E-01	0.7399E-16
0.2584E-01	0.7529E-16
0.2682E-01	0.7662E-16
0.2785E-01	0.7797E-16
0.2891E-01	0.7935E-16
0.3001E-01	0.8076E-16
0.3115E-01	0.8220E-16
0.3234E-01	0.8366E-16
0.3357E-01	0.8516E-16
0.3485E-01	0.8668E-16
0.3617E-01	0.8823E-16
0.3755E-01	0.8982E-16
0.3898E-01	0.9144E-16
0.4047E-01	0.9309E-16
0.4201E-01	0.9477E-16
0.4361E-01	0.9648E-16
0.4527E-01	0.9823E-16
0.4699E-01	0.1000E-15
0.4878E-01	0.1018E-15
0.5064E-01	0.1037E-15
0.5257E-01	0.1056E-15
0.5457E-01	0.1075E-15
0.5665E-01	0.1095E-15
0.5881E-01	0.1115E-15
0.6105E-01	0.1135E-15
0.6337E-01	0.1156E-15
0.6579E-01	0.1177E-15
0.6829E-01	0.1199E-15
0.7089E-01	0.1221E-15
0.7359E-01	0.1243E-15
0.7640E-01	0.1266E-15
0.7931E-01	0.1289E-15
0.8233E-01	0.1313E-15
0.8546E-01	0.1337E-15
0.8872E-01	0.1362E-15
0.9210E-01	0.1387E-15
0.9560E-01	0.1413E-15
0.9924E-01	0.1439E-15
0.1030	0.1466E-15
0.1069	0.1493E-15
0.1110	0.1521E-15
0.1152	0.1549E-15
0.1196	0.1578E-15
0.1242	0.1607E-15
0.1289	0.1637E-15
0.1338	0.1667E-15
0.1389	0.1698E-15
0.1442	0.1730E-15
0.1497	0.1762E-15
0.1554	0.1795E-15
0.1613	0.1828E-15
0.1675	0.1863E-15
0.1739	0.1897E-15
0.1805	0.1933E-15
0.1874	0.1969E-15
0.1945	0.2006E-15
0.2019	0.2043E-15
0.2096	0.2081E-15
0.2176	0.2120E-15
0.2259	0.2160E-15
0.2345	0.2200E-15
0.2434	0.2242E-15
0.2527	0.2284E-15
0.2623	0.2327E-15
0.2723	0.2370E-15
0.2826	0.2415E-15
0.2934	0.2460E-15
0.3046	0.2506E-15
0.3162	0.2553E-15
0.3282	0.2602E-15
0.3407	0.2651E-15
0.3537	0.2701E-15
0.3672	0.2752E-15
0.3812	0.2804E-15
0.3957	0.2857E-15
0.4107	0.2911E-15
0.4264	0.2966E-15
0.4426	0.3023E-15
0.4595	0.3080E-15
0.4770	0.3139E-15
0.4952	0.3199E-15
0.5140	0.3259E-15
0.5336	0.3322E-15
0.5539	0.3385E-15
0.5750	0.3450E-15
0.5969	0.3516E-15
0.6196	0.3583E-15
0.6432	0.3652E-15
0.6677	0.3722E-15
0.6932	0.3793E-15
0.7196	0.3865E-15
0.7470	0.3939E-15
0.7754	0.4014E-15
0.8050	0.4090E-15
0.8356	0.4167E-15
0.8674	0.4246E-15
0.9005	0.4326E-15
0.9348	0.4406E-15
0.9704	0.4488E-15
1.007	0.4571E-15
1.046	0.4655E-15
1.086	0.4740E-15
1.127	0.4826E-15
1.170	0.4913E-15
1.214	0.5000E-15
1.261	0.5088E-15
1.309	0.5176E-15
1.358	0.5265E-15
1.410	0.5354E-15
1.464	0.5443E-15
1.520	0.5533E-15
1.578	0.5622E-15
1.638	0.5711E-15
1.700	0.5800E-15
1.765	0.5887E-15
1.832	0.5976E-15
1.902	0.6062E-15
1.974	0.6146E-15
2.049	0.6231E-15
2.127	0.6314E-15
2.208	0.6395E-15
2.293	0.6474E-15
2.380	0.6553E-15
2.470	0.6629E-15
2.565	0.6702E-15
2.662	0.6775E-15
2.764	0.6845E-15
2.869	0.6913E-15
2.978	0.6981E-15
3.092	0.7046E-15
3.209	0.7110E-15
3.332	0.7173E-15
3.458	0.7234E-15
3.590	0.7295E-15
3.727	0.7356E-15
3.869	0.7416E-15
4.016	0.7476E-15
4.169	0.7536E-15
4.328	0.7597E-15
4.493	0.7658E-15
4.664	0.7721E-15
4.841	0.7784E-15
5.026	0.7849E-15
5.217	0.7915E-15
5.416	0.7983E-15
5.622	0.8053E-15
5.836	0.8125E-15
6.059	0.8199E-15
6.289	0.8276E-15
6.529	0.8356E-15
6.778	0.8438E-15
7.036	0.8524E-15
7.304	0.8613E-15
7.582	0.8706E-15
7.871	0.8803E-15
8.170	0.8904E-15
8.482	0.9010E-15
8.805	0.9120E-15
9.140	0.9235E-15
9.488	0.9355E-15
9.849	0.9480E-15
10.22	0.9612E-15
10.61	0.9750E-15
11.02	0.9894E-15
11.44	0.1004E-14
11.87	0.1020E-14
12.33	0.1037E-14
12.80	0.1054E-14
13.28	0.1072E-14
13.79	0.1091E-14
14.31	0.1111E-14
14.86	0.1132E-14
15.42	0.1154E-14
16.01	0.1178E-14
16.62	0.1202E-14
17.25	0.1227E-14
17.91	0.1254E-14
18.59	0.1282E-14
19.30	0.1311E-14
20.04	0.1342E-14
20.80	0.1374E-14
21.59	0.1407E-14
22.42	0.1443E-14
23.27	0.1479E-14
24.16	0.1518E-14
25.08	0.1558E-14
26.03	0.1600E-14
27.02	0.1644E-14
28.05	0.1689E-14
29.12	0.1737E-14
30.23	0.1786E-14
31.38	0.1837E-14
32.57	0.1890E-14
33.82	0.1945E-14
35.10	0.2001E-14
36.44	0.2059E-14
37.83	0.2119E-14
39.27	0.2180E-14
40.76	0.2243E-14
42.32	0.2307E-14
43.93	0.2372E-14
45.60	0.2439E-14
47.34	0.2506E-14
49.14	0.2574E-14
51.01	0.2643E-14
52.96	0.2712E-14
54.97	0.2782E-14
57.07	0.2851E-14
59.24	0.2921E-14
61.50	0.2991E-14
63.84	0.3060E-14
66.27	0.3129E-14
68.79	0.3198E-14
71.41	0.3266E-14
74.13	0.3334E-14
76.96	0.3400E-14
79.89	0.3466E-14
82.93	0.3531E-14
86.09	0.3595E-14
89.37	0.3658E-14
92.77	0.3720E-14
96.31	0.3781E-14
99.97	0.3839E-14
103.8	0.3895E-14
107.7	0.3946E-14
111.8	0.3987E-14
116.1	0.4008E-14
120.5	0.3992E-14
125.1	0.3943E-14
129.9	0.3877E-14
134.8	0.3806E-14
140.0	0.3735E-14
145.3	0.3665E-14
150.8	0.3599E-14
156.6	0.3536E-14
162.5	0.3477E-14
168.7	0.3421E-14
175.1	0.3369E-14
181.8	0.3320E-14
188.7	0.3274E-14
195.9	0.3231E-14
203.4	0.3188E-14
211.1	0.3147E-14
219.2	0.3107E-14
227.5	0.3066E-14
236.2	0.3025E-14
245.2	0.2983E-14
254.5	0.2940E-14
264.2	0.2895E-14
274.3	0.2849E-14
284.7	0.2802E-14
295.6	0.2753E-14
306.8	0.2703E-14
318.5	0.2653E-14
330.6	0.2602E-14
343.2	0.2550E-14
356.3	0.2499E-14
369.9	0.2447E-14
384.0	0.2396E-14
398.6	0.2346E-14
413.8	0.2296E-14
429.5	0.2247E-14
445.9	0.2199E-14
462.9	0.2153E-14
480.5	0.2107E-14
498.8	0.2062E-14
517.8	0.2019E-14
537.5	0.1977E-14
558.0	0.1936E-14
579.2	0.1897E-14
601.3	0.1858E-14
624.2	0.1821E-14
648.0	0.1785E-14
672.6	0.1750E-14
698.3	0.1716E-14
724.9	0.1683E-14
752.5	0.1651E-14
781.1	0.1620E-14
810.9	0.1590E-14
841.8	0.1560E-14
873.8	0.1531E-14
907.1	0.1503E-14
941.6	0.1476E-14
977.5	0.1449E-14
1015.	0.1422E-14
1053.	0.1396E-14
1094.	0.1371E-14
1135.	0.1346E-14
1178.	0.1321E-14
1223.	0.1297E-14
1270.	0.1273E-14
1318.	0.1249E-14
1368.	0.1225E-14
1421.	0.1202E-14
1475.	0.1179E-14
1531.	0.1156E-14
1589.	0.1133E-14
1650.	0.1111E-14
1712.	0.1088E-14
1778.	0.1066E-14
1845.	0.1044E-14
1916.	0.1022E-14
1989.	0.1001E-14
2064.	0.9789E-15
2143.	0.9574E-15
2225.	0.9360E-15
2309.	0.9148E-15
2397.	0.8938E-15
2489.	0.8728E-15
2583.	0.8521E-15
2682.	0.8314E-15
2784.	0.8110E-15
2890.	0.7907E-15
3000.	0.7706E-15
 
 
E/N (Td)	Townsend ioniz. coef. alpha/N (m2)
0.1000E-02	0.000
0.1038E-02	0.000
0.1078E-02	0.000
0.1119E-02	0.000
0.1161E-02	0.000
0.1205E-02	0.000
0.1251E-02	0.000
0.1299E-02	0.000
0.1349E-02	0.000
0.1400E-02	0.000
0.1453E-02	0.000
0.1509E-02	0.000
0.1566E-02	0.000
0.1626E-02	0.000
0.1688E-02	0.000
0.1752E-02	0.000
0.1819E-02	0.000
0.1888E-02	0.000
0.1960E-02	0.000
0.2034E-02	0.000
0.2112E-02	0.000
0.2192E-02	0.000
0.2276E-02	0.000
0.2362E-02	0.000
0.2452E-02	0.000
0.2546E-02	0.000
0.2643E-02	0.000
0.2743E-02	0.000
0.2848E-02	0.000
0.2956E-02	0.000
0.3069E-02	0.000
0.3186E-02	0.000
0.3307E-02	0.000
0.3433E-02	0.000
0.3564E-02	0.000
0.3700E-02	0.000
0.3841E-02	0.000
0.3987E-02	0.000
0.4139E-02	0.000
0.4296E-02	0.000
0.4460E-02	0.000
0.4630E-02	0.000
0.4806E-02	0.000
0.4989E-02	0.000
0.5179E-02	0.000
0.5377E-02	0.000
0.5581E-02	0.000
0.5794E-02	0.000
0.6015E-02	0.000
0.6244E-02	0.000
0.6481E-02	0.000
0.6728E-02	0.000
0.6985E-02	0.000
0.7251E-02	0.000
0.7527E-02	0.000
0.7813E-02	0.000
0.8111E-02	0.000
0.8420E-02	0.000
0.8741E-02	0.000
0.9073E-02	0.000
0.9419E-02	0.000
0.9778E-02	0.000
0.1015E-01	0.000
0.1054E-01	0.000
0.1094E-01	0.000
0.1135E-01	0.000
0.1179E-01	0.000
0.1224E-01	0.000
0.1270E-01	0.000
0.1319E-01	0.000
0.1369E-01	0.000
0.1421E-01	0.000
0.1475E-01	0.000
0.1531E-01	0.000
0.1590E-01	0.000
0.1650E-01	0.000
0.1713E-01	0.000
0.1778E-01	0.000
0.1846E-01	0.000
0.1916E-01	0.000
0.1989E-01	0.000
0.2065E-01	0.000
0.2144E-01	0.000
0.2225E-01	0.000
0.2310E-01	0.000
0.2398E-01	0.000
0.2489E-01	0.000
0.2584E-01	0.000
0.2682E-01	0.000
0.2785E-01	0.000
0.2891E-01	0.000
0.3001E-01	0.000
0.3115E-01	0.000
0.3234E-01	0.000
0.3357E-01	0.000
0.3485E-01	0.000
0.3617E-01	0.000
0.3755E-01	0.000
0.3898E-01	0.000
0.4047E-01	0.000
0.4201E-01	0.000
0.4361E-01	0.000
0.4527E-01	0.000
0.4699E-01	0.000
0.4878E-01	0.000
0.5064E-01	0.000
0.5257E-01	0.000
0.5457E-01	0.000
0.5665E-01	0.000
0.5881E-01	0.000
0.6105E-01	0.000
0.6337E-01	0.000
0.6579E-01	0.000
0.6829E-01	0.000
0.7089E-01	0.000
0.7359E-01	0.000
0.7640E-01	0.000
0.7931E-01	0.000
0.8233E-01	0.000
0.8546E-01	0.000
0.8872E-01	0.000
0.9210E-01	0.000
0.9560E-01	0.000
0.9924E-01	0.000
0.1030	0.000
0.1069	0.000
0.1110	0.000
0.1152	0.000
0.1196	0.000
0.1242	0.000
0.1289	0.000
0.1338	0.000
0.1389	0.000
0.1442	0.000
0.1497	0.000
0.1554	0.000
0.1613	0.000
0.1675	0.000
0.1739	0.000
0.1805	0.000
0.1874	0.000
0.1945	0.000
0.2019	0.000
0.2096	0.000
0.2176	0.000
0.2259	0.000
0.2345	0.000
0.2434	0.000
0.2527	0.000
0.2623	0.000
0.2723	0.000
0.2826	0.000
0.2934	0.000
0.3046	0.000
0.3162	0.000
0.3282	0.000
0.3407	0.000
0.3537	0.000
0.3672	0.000
0.3812	0.000
0.3957	0.000
0.4107	0.000
0.4264	0.000
0.4426	0.000
0.4595	0.000
0.4770	0.000
0.4952	0.000
0.5140	0.000
0.5336	0.000
0.5539	0.000
0.5750	0.000
0.5969	0.000
0.6196	0.000
0.6432	0.000
0.6677	0.000
0.6932	0.000
0.7196	0.000
0.7470	0.000
0.7754	0.000
0.8050	0.000
0.8356	0.000
0.8674	0.000
0.9005	0.000
0.9348	0.000
0.9704	0.000
1.007	0.000
1.046	0.000
1.086	0.000
1.127	0.000
1.170	0.000
1.214	0.000
1.261	0.000
1.309	0.000
1.358	0.000
1.410	0.000
1.464	0.000
1.520	0.000
1.578	0.000
1.638	0.000
1.700	0.000
1.765	0.000
1.832	0.000
1.902	0.000
1.974	0.000
2.049	0.000
2.127	0.000
2.208	0.000
2.293	0.000
2.380	0.000
2.470	0.000
2.565	0.000
2.662	0.000
2.764	0.000
2.869	0.000
2.978	0.000
3.092	0.000
3.209	0.000
3.332	0.000
3.458	0.000
3.590	0.000
3.727	0.000
3.869	0.000
4.016	0.000
4.169	0.000
4.328	0.000
4.493	0.000
4.664	0.000
4.841	0.000
5.026	0.000
5.217	0.000
5.416	0.000
5.622	0.000
5.836	0.000
6.059	0.000
6.289	0.000
6.529	0.000
6.778	0.000
7.036	0.000
7.304	0.000
7.582	0.000
7.871	0.000
8.170	0.000
8.482	0.000
8.805	0.000
9.140	0.000
9.488	0.000
9.849	0.000
10.22	0.000
10.61	0.000
11.02	0.000
11.44	0.000
11.87	0.000
12.33	0.000
12.80	0.000
13.28	0.000
13.79	0.000
14.31	0.000
14.86	0.000
15.42	0.000
16.01	0.000
16.62	0.000
17.25	0.000
17.91	0.000
18.59	0.000
19.30	0.000
20.04	0.000
20.80	0.000
21.59	0.000
22.42	0.000
23.27	0.000
24.16	0.000
25.08	0.000
26.03	0.000
27.02	0.000
28.05	0.000
29.12	0.000
30.23	0.000
31.38	0.000
32.57	0.000
33.82	0.000
35.10	0.000
36.44	0.000
37.83	0.000
39.27	0.000
40.76	0.000
42.32	0.000
43.93	0.000
45.60	0.000
47.34	0.000
49.14	0.000
51.01	0.000
52.96	0.000
54.97	0.000
57.07	0.000
59.24	0.2318E-30
61.50	0.6434E-30
63.84	0.1781E-29
66.27	0.4779E-29
68.79	0.1603E-28
71.41	0.4160E-28
74.13	0.1035E-27
76.96	0.2570E-27
79.89	0.6507E-27
82.93	0.1559E-26
86.09	0.3681E-26
89.37	0.8594E-26
92.77	0.1969E-25
96.31	0.4556E-25
99.97	0.1071E-24
103.8	0.2520E-24
107.7	0.6096E-24
111.8	0.1540E-23
116.1	0.4015E-23
120.5	0.9946E-23
125.1	0.2066E-22
129.9	0.3618E-22
134.8	0.5650E-22
140.0	0.8184E-22
145.3	0.1126E-21
150.8	0.1489E-21
156.6	0.1911E-21
162.5	0.2393E-21
168.7	0.2935E-21
175.1	0.3535E-21
181.8	0.4192E-21
188.7	0.4903E-21
195.9	0.5664E-21
203.4	0.6474E-21
211.1	0.7329E-21
219.2	0.8227E-21
227.5	0.9169E-21
236.2	0.1015E-20
245.2	0.1118E-20
254.5	0.1224E-20
264.2	0.1336E-20
274.3	0.1452E-20
284.7	0.1572E-20
295.6	0.1698E-20
306.8	0.1830E-20
318.5	0.1967E-20
330.6	0.2110E-20
343.2	0.2260E-20
356.3	0.2416E-20
369.9	0.2580E-20
384.0	0.2753E-20
398.6	0.2934E-20
413.8	0.3124E-20
429.5	0.3325E-20
445.9	0.3537E-20
462.9	0.3762E-20
480.5	0.4000E-20
498.8	0.4253E-20
517.8	0.4522E-20
537.5	0.4808E-20
558.0	0.5114E-20
579.2	0.5440E-20
601.3	0.5789E-20
624.2	0.6162E-20
648.0	0.6561E-20
672.6	0.6988E-20
698.3	0.7447E-20
724.9	0.7937E-20
752.5	0.8462E-20
781.1	0.9024E-20
810.9	0.9625E-20
841.8	0.1027E-19
873.8	0.1095E-19
907.1	0.1169E-19
941.6	0.1247E-19
977.5	0.1331E-19
1015.	0.1420E-19
1053.	0.1514E-19
1094.	0.1615E-19
1135.	0.1721E-19
1178.	0.1834E-19
1223.	0.1954E-19
1270.	0.2080E-19
1318.	0.2214E-19
1368.	0.2355E-19
1421.	0.2504E-19
1475.	0.2661E-19
1531.	0.2825E-19
1589.	0.2998E-19
1650.	0.3180E-19
1712.	0.3370E-19
1778.	0.3569E-19
1845.	0.3778E-19
1916.	0.3995E-19
1989.	0.4222E-19
2064.	0.4459E-19
2143.	0.4705E-19
2225.	0.4961E-19
2309.	0.5227E-19
2397.	0.5503E-19
2489.	0.5789E-19
2583.	0.6086E-19
2682.	0.6392E-19
2784.	0.6709E-19
2890.	0.7035E-19
3000.	0.7372E-19
 
 
E/N (Td)	Townsend attach. coef. eta/N (m2)
0.1000E-02	0.5121E-18
0.1038E-02	0.5261E-18
0.1078E-02	0.5121E-18
0.1119E-02	0.4988E-18
0.1161E-02	0.4861E-18
0.1205E-02	0.4740E-18
0.1251E-02	0.4624E-18
0.1299E-02	0.4514E-18
0.1349E-02	0.4409E-18
0.1400E-02	0.4309E-18
0.1453E-02	0.4263E-18
0.1509E-02	0.4167E-18
0.1566E-02	0.4075E-18
0.1626E-02	0.3988E-18
0.1688E-02	0.3905E-18
0.1752E-02	0.3826E-18
0.1819E-02	0.3750E-18
0.1888E-02	0.3679E-18
0.1960E-02	0.3610E-18
0.2034E-02	0.3545E-18
0.2112E-02	0.3483E-18
0.2192E-02	0.3423E-18
0.2276E-02	0.3367E-18
0.2362E-02	0.3312E-18
0.2452E-02	0.3261E-18
0.2546E-02	0.3211E-18
0.2643E-02	0.3164E-18
0.2743E-02	0.3119E-18
0.2848E-02	0.3076E-18
0.2956E-02	0.3034E-18
0.3069E-02	0.2995E-18
0.3186E-02	0.2957E-18
0.3307E-02	0.2924E-18
0.3433E-02	0.2888E-18
0.3564E-02	0.2854E-18
0.3700E-02	0.2821E-18
0.3841E-02	0.2790E-18
0.3987E-02	0.2760E-18
0.4139E-02	0.2731E-18
0.4296E-02	0.2703E-18
0.4460E-02	0.2677E-18
0.4630E-02	0.2651E-18
0.4806E-02	0.2627E-18
0.4989E-02	0.2603E-18
0.5179E-02	0.2580E-18
0.5377E-02	0.2558E-18
0.5581E-02	0.2537E-18
0.5794E-02	0.2517E-18
0.6015E-02	0.2498E-18
0.6244E-02	0.2479E-18
0.6481E-02	0.2461E-18
0.6728E-02	0.2443E-18
0.6985E-02	0.2426E-18
0.7251E-02	0.2410E-18
0.7527E-02	0.2395E-18
0.7813E-02	0.2380E-18
0.8111E-02	0.2365E-18
0.8420E-02	0.2351E-18
0.8741E-02	0.2338E-18
0.9073E-02	0.2325E-18
0.9419E-02	0.2313E-18
0.9778E-02	0.2301E-18
0.1015E-01	0.2289E-18
0.1054E-01	0.2278E-18
0.1094E-01	0.2268E-18
0.1135E-01	0.2257E-18
0.1179E-01	0.2247E-18
0.1224E-01	0.2238E-18
0.1270E-01	0.2229E-18
0.1319E-01	0.2220E-18
0.1369E-01	0.2211E-18
0.1421E-01	0.2203E-18
0.1475E-01	0.2195E-18
0.1531E-01	0.2187E-18
0.1590E-01	0.2180E-18
0.1650E-01	0.2173E-18
0.1713E-01	0.2166E-18
0.1778E-01	0.2160E-18
0.1846E-01	0.2153E-18
0.1916E-01	0.2147E-18
0.1989E-01	0.2141E-18
0.2065E-01	0.2136E-18
0.2144E-01	0.2130E-18
0.2225E-01	0.2125E-18
0.2310E-01	0.2120E-18
0.2398E-01	0.2115E-18
0.2489E-01	0.2110E-18
0.2584E-01	0.2106E-18
0.2682E-01	0.2101E-18
0.2785E-01	0.2097E-18
0.2891E-01	0.2093E-18
0.3001E-01	0.2089E-18
0.3115E-01	0.2085E-18
0.3234E-01	0.2082E-18
0.3357E-01	0.2078E-18
0.3485E-01	0.2075E-18
0.3617E-01	0.2072E-18
0.3755E-01	0.2068E-18
0.3898E-01	0.2065E-18
0.4047E-01	0.2063E-18
0.4201E-01	0.2060E-18
0.4361E-01	0.2057E-18
0.4527E-01	0.2054E-18
0.4699E-01	0.2052E-18
0.4878E-01	0.2050E-18
0.5064E-01	0.2047E-18
0.5257E-01	0.2045E-18
0.5457E-01	0.2043E-18
0.5665E-01	0.2041E-18
0.5881E-01	0.2039E-18
0.6105E-01	0.2037E-18
0.6337E-01	0.2035E-18
0.6579E-01	0.2033E-18
0.6829E-01	0.2031E-18
0.7089E-01	0.2030E-18
0.7359E-01	0.2028E-18
0.7640E-01	0.2027E-18
0.7931E-01	0.2025E-18
0.8233E-01	0.2024E-18
0.8546E-01	0.2022E-18
0.8872E-01	0.2021E-18
0.9210E-01	0.2020E-18
0.9560E-01	0.2019E-18
0.9924E-01	0.2017E-18
0.1030	0.2016E-18
0.1069	0.2015E-18
0.1110	0.2014E-18
0.1152	0.2013E-18
0.1196	0.2012E-18
0.1242	0.2011E-18
0.1289	0.2010E-18
0.1338	0.2009E-18
0.1389	0.2008E-18
0.1442	0.2007E-18
0.1497	0.2006E-18
0.1554	0.2005E-18
0.1613	0.2004E-18
0.1675	0.2003E-18
0.1739	0.2002E-18
0.1805	0.2001E-18
0.1874	0.2000E-18
0.1945	0.1999E-18
0.2019	0.1997E-18
0.2096	0.1996E-18
0.2176	0.1994E-18
0.2259	0.1993E-18
0.2345	0.1991E-18
0.2434	0.1989E-18
0.2527	0.1987E-18
0.2623	0.1985E-18
0.2723	0.1983E-18
0.2826	0.1981E-18
0.2934	0.1978E-18
0.3046	0.1975E-18
0.3162	0.1973E-18
0.3282	0.1970E-18
0.3407	0.1967E-18
0.3537	0.1963E-18
0.3672	0.1960E-18
0.3812	0.1957E-18
0.3957	0.1953E-18
0.4107	0.1950E-18
0.4264	0.1946E-18
0.4426	0.1942E-18
0.4595	0.1939E-18
0.4770	0.1935E-18
0.4952	0.1931E-18
0.5140	0.1927E-18
0.5336	0.1924E-18
0.5539	0.1920E-18
0.5750	0.1917E-18
0.5969	0.1913E-18
0.6196	0.1910E-18
0.6432	0.1907E-18
0.6677	0.1903E-18
0.6932	0.1900E-18
0.7196	0.1898E-18
0.7470	0.1895E-18
0.7754	0.1893E-18
0.8050	0.1890E-18
0.8356	0.1888E-18
0.8674	0.1886E-18
0.9005	0.1885E-18
0.9348	0.1883E-18
0.9704	0.1882E-18
1.007	0.1882E-18
1.046	0.1881E-18
1.086	0.1881E-18
1.127	0.1881E-18
1.170	0.1882E-18
1.214	0.1883E-18
1.261	0.1884E-18
1.309	0.1885E-18
1.358	0.1887E-18
1.410	0.1890E-18
1.464	0.1892E-18
1.520	0.1895E-18
1.578	0.1899E-18
1.638	0.1902E-18
1.700	0.1906E-18
1.765	0.1910E-18
1.832	0.1914E-18
1.902	0.1918E-18
1.974	0.1923E-18
2.049	0.1926E-18
2.127	0.1929E-18
2.208	0.1932E-18
2.293	0.1933E-18
2.380	0.1933E-18
2.470	0.1931E-18
2.565	0.1928E-18
2.662	0.1922E-18
2.764	0.1915E-18
2.869	0.1905E-18
2.978	0.1893E-18
3.092	0.1880E-18
3.209	0.1863E-18
3.332	0.1845E-18
3.458	0.1826E-18
3.590	0.1804E-18
3.727	0.1781E-18
3.869	0.1757E-18
4.016	0.1732E-18
4.169	0.1706E-18
4.328	0.1680E-18
4.493	0.1653E-18
4.664	0.1625E-18
4.841	0.1598E-18
5.026	0.1570E-18
5.217	0.1543E-18
5.416	0.1515E-18
5.622	0.1488E-18
5.836	0.1461E-18
6.059	0.1435E-18
6.289	0.1409E-18
6.529	0.1384E-18
6.778	0.1359E-18
7.036	0.1334E-18
7.304	0.1311E-18
7.582	0.1287E-18
7.871	0.1265E-18
8.170	0.1243E-18
8.482	0.1222E-18
8.805	0.1202E-18
9.140	0.1182E-18
9.488	0.1163E-18
9.849	0.1144E-18
10.22	0.1127E-18
10.61	0.1110E-18
11.02	0.1093E-18
11.44	0.1078E-18
11.87	0.1063E-18
12.33	0.1049E-18
12.80	0.1035E-18
13.28	0.1022E-18
13.79	0.1010E-18
14.31	0.9979E-19
14.86	0.9869E-19
15.42	0.9766E-19
16.01	0.9668E-19
16.62	0.9576E-19
17.25	0.9491E-19
17.91	0.9412E-19
18.59	0.9338E-19
19.30	0.9271E-19
20.04	0.9209E-19
20.80	0.9152E-19
21.59	0.9101E-19
22.42	0.9055E-19
23.27	0.9015E-19
24.16	0.8979E-19
25.08	0.8948E-19
26.03	0.8921E-19
27.02	0.8899E-19
28.05	0.8880E-19
29.12	0.8865E-19
30.23	0.8854E-19
31.38	0.8844E-19
32.57	0.8838E-19
33.82	0.8833E-19
35.10	0.8830E-19
36.44	0.8828E-19
37.83	0.8826E-19
39.27	0.8824E-19
40.76	0.8822E-19
42.32	0.8818E-19
43.93	0.8812E-19
45.60	0.8804E-19
47.34	0.8793E-19
49.14	0.8779E-19
51.01	0.8761E-19
52.96	0.8738E-19
54.97	0.8711E-19
57.07	0.8679E-19
59.24	0.8639E-19
61.50	0.8599E-19
63.84	0.8550E-19
66.27	0.8497E-19
68.79	0.8436E-19
71.41	0.8372E-19
74.13	0.8304E-19
76.96	0.8230E-19
79.89	0.8148E-19
82.93	0.8065E-19
86.09	0.7977E-19
89.37	0.7885E-19
92.77	0.7791E-19
96.31	0.7692E-19
99.97	0.7589E-19
103.8	0.7484E-19
107.7	0.7376E-19
111.8	0.7263E-19
116.1	0.7142E-19
120.5	0.7006E-19
125.1	0.6852E-19
129.9	0.6682E-19
134.8	0.6503E-19
140.0	0.6317E-19
145.3	0.6129E-19
150.8	0.5940E-19
156.6	0.5752E-19
162.5	0.5566E-19
168.7	0.5384E-19
175.1	0.5205E-19
181.8	0.5031E-19
188.7	0.4861E-19
195.9	0.4696E-19
203.4	0.4535E-19
211.1	0.4377E-19
219.2	0.4223E-19
227.5	0.4072E-19
236.2	0.3924E-19
245.2	0.3779E-19
254.5	0.3637E-19
264.2	0.3497E-19
274.3	0.3359E-19
284.7	0.3224E-19
295.6	0.3092E-19
306.8	0.2962E-19
318.5	0.2836E-19
330.6	0.2713E-19
343.2	0.2593E-19
356.3	0.2477E-19
369.9	0.2364E-19
384.0	0.2256E-19
398.6	0.2151E-19
413.8	0.2050E-19
429.5	0.1954E-19
445.9	0.1861E-19
462.9	0.1772E-19
480.5	0.1687E-19
498.8	0.1606E-19
517.8	0.1529E-19
537.5	0.1455E-19
558.0	0.1385E-19
579.2	0.1318E-19
601.3	0.1254E-19
624.2	0.1193E-19
648.0	0.1136E-19
672.6	0.1081E-19
698.3	0.1029E-19
724.9	0.9794E-20
752.5	0.9323E-20
781.1	0.8876E-20
810.9	0.8451E-20
841.8	0.8046E-20
873.8	0.7662E-20
907.1	0.7296E-20
941.6	0.6948E-20
977.5	0.6617E-20
1015.	0.6302E-20
1053.	0.6003E-20
1094.	0.5718E-20
1135.	0.5446E-20
1178.	0.5187E-20
1223.	0.4941E-20
1270.	0.4706E-20
1318.	0.4482E-20
1368.	0.4269E-20
1421.	0.4065E-20
1475.	0.3871E-20
1531.	0.3686E-20
1589.	0.3510E-20
1650.	0.3342E-20
1712.	0.3182E-20
1778.	0.3029E-20
1845.	0.2883E-20
1916.	0.2743E-20
1989.	0.2610E-20
2064.	0.2483E-20
2143.	0.2362E-20
2225.	0.2247E-20
2309.	0.2136E-20
2397.	0.2031E-20
2489.	0.1931E-20
2583.	0.1835E-20
2682.	0.1743E-20
2784.	0.1656E-20
2890.	0.1573E-20
3000.	0.1493E-20
 
 
E/N (Td)	Power /N (eV m3/s)
0.1000E-02	0.4771E-22
0.1038E-02	0.4922E-22
0.1078E-02	0.5274E-22
0.1119E-02	0.5650E-22
0.1161E-02	0.6051E-22
0.1205E-02	0.6478E-22
0.1251E-02	0.6934E-22
0.1299E-02	0.7419E-22
0.1349E-02	0.7936E-22
0.1400E-02	0.8486E-22
0.1453E-02	0.8995E-22
0.1509E-02	0.9619E-22
0.1566E-02	0.1028E-21
0.1626E-02	0.1099E-21
0.1688E-02	0.1174E-21
0.1752E-02	0.1254E-21
0.1819E-02	0.1339E-21
0.1888E-02	0.1429E-21
0.1960E-02	0.1524E-21
0.2034E-02	0.1626E-21
0.2112E-02	0.1734E-21
0.2192E-02	0.1849E-21
0.2276E-02	0.1970E-21
0.2362E-02	0.2099E-21
0.2452E-02	0.2237E-21
0.2546E-02	0.2382E-21
0.2643E-02	0.2536E-21
0.2743E-02	0.2700E-21
0.2848E-02	0.2873E-21
0.2956E-02	0.3058E-21
0.3069E-02	0.3253E-21
0.3186E-02	0.3460E-21
0.3307E-02	0.3675E-21
0.3433E-02	0.3909E-21
0.3564E-02	0.4156E-21
0.3700E-02	0.4418E-21
0.3841E-02	0.4696E-21
0.3987E-02	0.4990E-21
0.4139E-02	0.5302E-21
0.4296E-02	0.5633E-21
0.4460E-02	0.5984E-21
0.4630E-02	0.6355E-21
0.4806E-02	0.6749E-21
0.4989E-02	0.7166E-21
0.5179E-02	0.7608E-21
0.5377E-02	0.8076E-21
0.5581E-02	0.8571E-21
0.5794E-02	0.9096E-21
0.6015E-02	0.9653E-21
0.6244E-02	0.1024E-20
0.6481E-02	0.1087E-20
0.6728E-02	0.1153E-20
0.6985E-02	0.1223E-20
0.7251E-02	0.1297E-20
0.7527E-02	0.1376E-20
0.7813E-02	0.1459E-20
0.8111E-02	0.1547E-20
0.8420E-02	0.1640E-20
0.8741E-02	0.1739E-20
0.9073E-02	0.1844E-20
0.9419E-02	0.1955E-20
0.9778E-02	0.2072E-20
0.1015E-01	0.2196E-20
0.1054E-01	0.2327E-20
0.1094E-01	0.2467E-20
0.1135E-01	0.2614E-20
0.1179E-01	0.2770E-20
0.1224E-01	0.2935E-20
0.1270E-01	0.3109E-20
0.1319E-01	0.3294E-20
0.1369E-01	0.3490E-20
0.1421E-01	0.3697E-20
0.1475E-01	0.3916E-20
0.1531E-01	0.4148E-20
0.1590E-01	0.4393E-20
0.1650E-01	0.4653E-20
0.1713E-01	0.4928E-20
0.1778E-01	0.5218E-20
0.1846E-01	0.5526E-20
0.1916E-01	0.5852E-20
0.1989E-01	0.6196E-20
0.2065E-01	0.6561E-20
0.2144E-01	0.6947E-20
0.2225E-01	0.7355E-20
0.2310E-01	0.7787E-20
0.2398E-01	0.8244E-20
0.2489E-01	0.8728E-20
0.2584E-01	0.9239E-20
0.2682E-01	0.9781E-20
0.2785E-01	0.1035E-19
0.2891E-01	0.1096E-19
0.3001E-01	0.1160E-19
0.3115E-01	0.1228E-19
0.3234E-01	0.1300E-19
0.3357E-01	0.1376E-19
0.3485E-01	0.1456E-19
0.3617E-01	0.1541E-19
0.3755E-01	0.1631E-19
0.3898E-01	0.1726E-19
0.4047E-01	0.1826E-19
0.4201E-01	0.1933E-19
0.4361E-01	0.2045E-19
0.4527E-01	0.2164E-19
0.4699E-01	0.2290E-19
0.4878E-01	0.2424E-19
0.5064E-01	0.2565E-19
0.5257E-01	0.2714E-19
0.5457E-01	0.2872E-19
0.5665E-01	0.3039E-19
0.5881E-01	0.3215E-19
0.6105E-01	0.3402E-19
0.6337E-01	0.3599E-19
0.6579E-01	0.3808E-19
0.6829E-01	0.4029E-19
0.7089E-01	0.4263E-19
0.7359E-01	0.4511E-19
0.7640E-01	0.4772E-19
0.7931E-01	0.5049E-19
0.8233E-01	0.5342E-19
0.8546E-01	0.5651E-19
0.8872E-01	0.5979E-19
0.9210E-01	0.6325E-19
0.9560E-01	0.6692E-19
0.9924E-01	0.7080E-19
0.1030	0.7490E-19
0.1069	0.7924E-19
0.1110	0.8382E-19
0.1152	0.8868E-19
0.1196	0.9381E-19
0.1242	0.9925E-19
0.1289	0.1050E-18
0.1338	0.1111E-18
0.1389	0.1175E-18
0.1442	0.1243E-18
0.1497	0.1315E-18
0.1554	0.1391E-18
0.1613	0.1472E-18
0.1675	0.1557E-18
0.1739	0.1648E-18
0.1805	0.1743E-18
0.1874	0.1845E-18
0.1945	0.1952E-18
0.2019	0.2065E-18
0.2096	0.2186E-18
0.2176	0.2313E-18
0.2259	0.2448E-18
0.2345	0.2591E-18
0.2434	0.2743E-18
0.2527	0.2903E-18
0.2623	0.3074E-18
0.2723	0.3254E-18
0.2826	0.3446E-18
0.2934	0.3649E-18
0.3046	0.3864E-18
0.3162	0.4093E-18
0.3282	0.4335E-18
0.3407	0.4592E-18
0.3537	0.4865E-18
0.3672	0.5155E-18
0.3812	0.5462E-18
0.3957	0.5787E-18
0.4107	0.6133E-18
0.4264	0.6499E-18
0.4426	0.6888E-18
0.4595	0.7300E-18
0.4770	0.7738E-18
0.4952	0.8201E-18
0.5140	0.8693E-18
0.5336	0.9214E-18
0.5539	0.9766E-18
0.5750	0.1035E-17
0.5969	0.1097E-17
0.6196	0.1163E-17
0.6432	0.1232E-17
0.6677	0.1306E-17
0.6932	0.1383E-17
0.7196	0.1466E-17
0.7470	0.1553E-17
0.7754	0.1645E-17
0.8050	0.1742E-17
0.8356	0.1844E-17
0.8674	0.1952E-17
0.9005	0.2066E-17
0.9348	0.2187E-17
0.9704	0.2313E-17
1.007	0.2447E-17
1.046	0.2588E-17
1.086	0.2736E-17
1.127	0.2891E-17
1.170	0.3054E-17
1.214	0.3225E-17
1.261	0.3405E-17
1.309	0.3593E-17
1.358	0.3790E-17
1.410	0.3996E-17
1.464	0.4212E-17
1.520	0.4437E-17
1.578	0.4671E-17
1.638	0.4916E-17
1.700	0.5172E-17
1.765	0.5439E-17
1.832	0.5719E-17
1.902	0.6010E-17
1.974	0.6311E-17
2.049	0.6628E-17
2.127	0.6963E-17
2.208	0.7310E-17
2.293	0.7679E-17
2.380	0.8069E-17
2.470	0.8482E-17
2.565	0.8916E-17
2.662	0.9382E-17
2.764	0.9879E-17
2.869	0.1041E-16
2.978	0.1098E-16
3.092	0.1159E-16
3.209	0.1224E-16
3.332	0.1295E-16
3.458	0.1370E-16
3.590	0.1452E-16
3.727	0.1539E-16
3.869	0.1633E-16
4.016	0.1734E-16
4.169	0.1841E-16
4.328	0.1957E-16
4.493	0.2082E-16
4.664	0.2215E-16
4.841	0.2359E-16
5.026	0.2512E-16
5.217	0.2677E-16
5.416	0.2853E-16
5.622	0.3042E-16
5.836	0.3245E-16
6.059	0.3462E-16
6.289	0.3694E-16
6.529	0.3943E-16
6.778	0.4209E-16
7.036	0.4495E-16
7.304	0.4800E-16
7.582	0.5127E-16
7.871	0.5477E-16
8.170	0.5852E-16
8.482	0.6253E-16
8.805	0.6682E-16
9.140	0.7141E-16
9.488	0.7633E-16
9.849	0.8159E-16
10.22	0.8722E-16
10.61	0.9325E-16
11.02	0.9970E-16
11.44	0.1066E-15
11.87	0.1140E-15
12.33	0.1219E-15
12.80	0.1303E-15
13.28	0.1394E-15
13.79	0.1491E-15
14.31	0.1594E-15
14.86	0.1705E-15
15.42	0.1823E-15
16.01	0.1950E-15
16.62	0.2086E-15
17.25	0.2231E-15
17.91	0.2386E-15
18.59	0.2552E-15
19.30	0.2730E-15
20.04	0.2919E-15
20.80	0.3122E-15
21.59	0.3339E-15
22.42	0.3571E-15
23.27	0.3819E-15
24.16	0.4083E-15
25.08	0.4366E-15
26.03	0.4669E-15
27.02	0.4992E-15
28.05	0.5337E-15
29.12	0.5705E-15
30.23	0.6098E-15
31.38	0.6518E-15
32.57	0.6966E-15
33.82	0.7445E-15
35.10	0.7955E-15
36.44	0.8500E-15
37.83	0.9082E-15
39.27	0.9703E-15
40.76	0.1037E-14
42.32	0.1107E-14
43.93	0.1183E-14
45.60	0.1263E-14
47.34	0.1349E-14
49.14	0.1441E-14
51.01	0.1539E-14
52.96	0.1644E-14
54.97	0.1755E-14
57.07	0.1875E-14
59.24	0.2003E-14
61.50	0.2139E-14
63.84	0.2285E-14
66.27	0.2441E-14
68.79	0.2608E-14
71.41	0.2786E-14
74.13	0.2976E-14
76.96	0.3180E-14
79.89	0.3398E-14
82.93	0.3631E-14
86.09	0.3880E-14
89.37	0.4146E-14
92.77	0.4430E-14
96.31	0.4734E-14
99.97	0.5058E-14
103.8	0.5401E-14
107.7	0.5764E-14
111.8	0.6140E-14
116.1	0.6515E-14
120.5	0.6867E-14
125.1	0.7199E-14
129.9	0.7535E-14
134.8	0.7891E-14
140.0	0.8274E-14
145.3	0.8688E-14
150.8	0.9138E-14
156.6	0.9624E-14
162.5	0.1015E-13
168.7	0.1072E-13
175.1	0.1134E-13
181.8	0.1200E-13
188.7	0.1271E-13
195.9	0.1348E-13
203.4	0.1430E-13
211.1	0.1518E-13
219.2	0.1612E-13
227.5	0.1713E-13
236.2	0.1821E-13
245.2	0.1935E-13
254.5	0.2057E-13
264.2	0.2187E-13
274.3	0.2326E-13
284.7	0.2474E-13
295.6	0.2632E-13
306.8	0.2800E-13
318.5	0.2979E-13
330.6	0.3171E-13
343.2	0.3376E-13
356.3	0.3594E-13
369.9	0.3828E-13
384.0	0.4079E-13
398.6	0.4347E-13
413.8	0.4633E-13
429.5	0.4940E-13
445.9	0.5269E-13
462.9	0.5622E-13
480.5	0.6000E-13
498.8	0.6405E-13
517.8	0.6839E-13
537.5	0.7305E-13
558.0	0.7803E-13
579.2	0.8338E-13
601.3	0.8911E-13
624.2	0.9526E-13
648.0	0.1018E-12
672.6	0.1089E-12
698.3	0.1165E-12
724.9	0.1246E-12
752.5	0.1333E-12
781.1	0.1426E-12
810.9	0.1525E-12
841.8	0.1632E-12
873.8	0.1747E-12
907.1	0.1869E-12
941.6	0.2000E-12
977.5	0.2140E-12
1015.	0.2290E-12
1053.	0.2450E-12
1094.	0.2622E-12
1135.	0.2805E-12
1178.	0.3001E-12
1223.	0.3211E-12
1270.	0.3434E-12
1318.	0.3673E-12
1368.	0.3928E-12
1421.	0.4201E-12
1475.	0.4491E-12
1531.	0.4801E-12
1589.	0.5132E-12
1650.	0.5484E-12
1712.	0.5858E-12
1778.	0.6258E-12
1845.	0.6685E-12
1916.	0.7139E-12
1989.	0.7623E-12
2064.	0.8137E-12
2143.	0.8685E-12
2225.	0.9268E-12
2309.	0.9889E-12
2397.	0.1055E-11
2489.	0.1125E-11
2583.	0.1200E-11
2682.	0.1279E-11
2784.	0.1363E-11
2890.	0.1453E-11
3000.	0.1548E-11
 
 
E/N (Td)	Elastic power loss /N (eV m3/s)
0.1000E-02	-0.7316E-21
0.1038E-02	-0.7474E-21
0.1078E-02	-0.7510E-21
0.1119E-02	-0.7549E-21
0.1161E-02	-0.7589E-21
0.1205E-02	-0.7632E-21
0.1251E-02	-0.7676E-21
0.1299E-02	-0.7723E-21
0.1349E-02	-0.7772E-21
0.1400E-02	-0.7824E-21
0.1453E-02	-0.7903E-21
0.1509E-02	-0.7957E-21
0.1566E-02	-0.8014E-21
0.1626E-02	-0.8073E-21
0.1688E-02	-0.8134E-21
0.1752E-02	-0.8198E-21
0.1819E-02	-0.8265E-21
0.1888E-02	-0.8334E-21
0.1960E-02	-0.8407E-21
0.2034E-02	-0.8482E-21
0.2112E-02	-0.8559E-21
0.2192E-02	-0.8640E-21
0.2276E-02	-0.8723E-21
0.2362E-02	-0.8809E-21
0.2452E-02	-0.8898E-21
0.2546E-02	-0.8990E-21
0.2643E-02	-0.9085E-21
0.2743E-02	-0.9182E-21
0.2848E-02	-0.9283E-21
0.2956E-02	-0.9386E-21
0.3069E-02	-0.9493E-21
0.3186E-02	-0.9603E-21
0.3307E-02	-0.9716E-21
0.3433E-02	-0.9831E-21
0.3564E-02	-0.9950E-21
0.3700E-02	-0.1007E-20
0.3841E-02	-0.1020E-20
0.3987E-02	-0.1033E-20
0.4139E-02	-0.1046E-20
0.4296E-02	-0.1059E-20
0.4460E-02	-0.1073E-20
0.4630E-02	-0.1087E-20
0.4806E-02	-0.1102E-20
0.4989E-02	-0.1117E-20
0.5179E-02	-0.1132E-20
0.5377E-02	-0.1148E-20
0.5581E-02	-0.1164E-20
0.5794E-02	-0.1180E-20
0.6015E-02	-0.1197E-20
0.6244E-02	-0.1214E-20
0.6481E-02	-0.1232E-20
0.6728E-02	-0.1250E-20
0.6985E-02	-0.1268E-20
0.7251E-02	-0.1287E-20
0.7527E-02	-0.1306E-20
0.7813E-02	-0.1326E-20
0.8111E-02	-0.1346E-20
0.8420E-02	-0.1366E-20
0.8741E-02	-0.1388E-20
0.9073E-02	-0.1409E-20
0.9419E-02	-0.1431E-20
0.9778E-02	-0.1454E-20
0.1015E-01	-0.1476E-20
0.1054E-01	-0.1500E-20
0.1094E-01	-0.1524E-20
0.1135E-01	-0.1548E-20
0.1179E-01	-0.1573E-20
0.1224E-01	-0.1598E-20
0.1270E-01	-0.1624E-20
0.1319E-01	-0.1651E-20
0.1369E-01	-0.1678E-20
0.1421E-01	-0.1706E-20
0.1475E-01	-0.1734E-20
0.1531E-01	-0.1763E-20
0.1590E-01	-0.1792E-20
0.1650E-01	-0.1821E-20
0.1713E-01	-0.1852E-20
0.1778E-01	-0.1883E-20
0.1846E-01	-0.1915E-20
0.1916E-01	-0.1947E-20
0.1989E-01	-0.1980E-20
0.2065E-01	-0.2014E-20
0.2144E-01	-0.2048E-20
0.2225E-01	-0.2083E-20
0.2310E-01	-0.2118E-20
0.2398E-01	-0.2155E-20
0.2489E-01	-0.2192E-20
0.2584E-01	-0.2229E-20
0.2682E-01	-0.2268E-20
0.2785E-01	-0.2307E-20
0.2891E-01	-0.2346E-20
0.3001E-01	-0.2387E-20
0.3115E-01	-0.2428E-20
0.3234E-01	-0.2470E-20
0.3357E-01	-0.2513E-20
0.3485E-01	-0.2557E-20
0.3617E-01	-0.2601E-20
0.3755E-01	-0.2646E-20
0.3898E-01	-0.2692E-20
0.4047E-01	-0.2739E-20
0.4201E-01	-0.2787E-20
0.4361E-01	-0.2835E-20
0.4527E-01	-0.2884E-20
0.4699E-01	-0.2934E-20
0.4878E-01	-0.2985E-20
0.5064E-01	-0.3037E-20
0.5257E-01	-0.3090E-20
0.5457E-01	-0.3143E-20
0.5665E-01	-0.3197E-20
0.5881E-01	-0.3253E-20
0.6105E-01	-0.3309E-20
0.6337E-01	-0.3366E-20
0.6579E-01	-0.3424E-20
0.6829E-01	-0.3483E-20
0.7089E-01	-0.3543E-20
0.7359E-01	-0.3604E-20
0.7640E-01	-0.3666E-20
0.7931E-01	-0.3729E-20
0.8233E-01	-0.3792E-20
0.8546E-01	-0.3856E-20
0.8872E-01	-0.3922E-20
0.9210E-01	-0.3988E-20
0.9560E-01	-0.4056E-20
0.9924E-01	-0.4124E-20
0.1030	-0.4193E-20
0.1069	-0.4263E-20
0.1110	-0.4334E-20
0.1152	-0.4406E-20
0.1196	-0.4478E-20
0.1242	-0.4551E-20
0.1289	-0.4625E-20
0.1338	-0.4700E-20
0.1389	-0.4775E-20
0.1442	-0.4851E-20
0.1497	-0.4928E-20
0.1554	-0.5005E-20
0.1613	-0.5082E-20
0.1675	-0.5159E-20
0.1739	-0.5238E-20
0.1805	-0.5316E-20
0.1874	-0.5394E-20
0.1945	-0.5472E-20
0.2019	-0.5550E-20
0.2096	-0.5628E-20
0.2176	-0.5705E-20
0.2259	-0.5782E-20
0.2345	-0.5857E-20
0.2434	-0.5933E-20
0.2527	-0.6008E-20
0.2623	-0.6081E-20
0.2723	-0.6153E-20
0.2826	-0.6224E-20
0.2934	-0.6293E-20
0.3046	-0.6361E-20
0.3162	-0.6426E-20
0.3282	-0.6490E-20
0.3407	-0.6552E-20
0.3537	-0.6611E-20
0.3672	-0.6668E-20
0.3812	-0.6723E-20
0.3957	-0.6774E-20
0.4107	-0.6822E-20
0.4264	-0.6866E-20
0.4426	-0.6908E-20
0.4595	-0.6943E-20
0.4770	-0.6976E-20
0.4952	-0.7003E-20
0.5140	-0.7024E-20
0.5336	-0.7041E-20
0.5539	-0.7051E-20
0.5750	-0.7054E-20
0.5969	-0.7047E-20
0.6196	-0.7034E-20
0.6432	-0.7011E-20
0.6677	-0.6975E-20
0.6932	-0.6930E-20
0.7196	-0.6872E-20
0.7470	-0.6797E-20
0.7754	-0.6708E-20
0.8050	-0.6600E-20
0.8356	-0.6470E-20
0.8674	-0.6319E-20
0.9005	-0.6142E-20
0.9348	-0.5933E-20
0.9704	-0.5695E-20
1.007	-0.5418E-20
1.046	-0.5100E-20
1.086	-0.4729E-20
1.127	-0.4308E-20
1.170	-0.3825E-20
1.214	-0.3272E-20
1.261	-0.2637E-20
1.309	-0.1913E-20
1.358	-0.1087E-20
1.410	-0.1454E-21
1.464	0.9295E-21
1.520	0.2147E-20
1.578	0.3527E-20
1.638	0.5086E-20
1.700	0.6842E-20
1.765	0.8800E-20
1.832	0.1103E-19
1.902	0.1346E-19
1.974	0.1613E-19
2.049	0.1908E-19
2.127	0.2231E-19
2.208	0.2576E-19
2.293	0.2947E-19
2.380	0.3343E-19
2.470	0.3761E-19
2.565	0.4192E-19
2.662	0.4643E-19
2.764	0.5109E-19
2.869	0.5587E-19
2.978	0.6076E-19
3.092	0.6568E-19
3.209	0.7068E-19
3.332	0.7575E-19
3.458	0.8080E-19
3.590	0.8591E-19
3.727	0.9103E-19
3.869	0.9618E-19
4.016	0.1014E-18
4.169	0.1065E-18
4.328	0.1118E-18
4.493	0.1170E-18
4.664	0.1223E-18
4.841	0.1276E-18
5.026	0.1330E-18
5.217	0.1385E-18
5.416	0.1440E-18
5.622	0.1495E-18
5.836	0.1552E-18
6.059	0.1609E-18
6.289	0.1667E-18
6.529	0.1726E-18
6.778	0.1787E-18
7.036	0.1848E-18
7.304	0.1910E-18
7.582	0.1973E-18
7.871	0.2038E-18
8.170	0.2104E-18
8.482	0.2171E-18
8.805	0.2240E-18
9.140	0.2310E-18
9.488	0.2381E-18
9.849	0.2454E-18
10.22	0.2529E-18
10.61	0.2605E-18
11.02	0.2683E-18
11.44	0.2763E-18
11.87	0.2845E-18
12.33	0.2928E-18
12.80	0.3014E-18
13.28	0.3102E-18
13.79	0.3191E-18
14.31	0.3283E-18
14.86	0.3378E-18
15.42	0.3474E-18
16.01	0.3573E-18
16.62	0.3675E-18
17.25	0.3780E-18
17.91	0.3887E-18
18.59	0.3997E-18
19.30	0.4111E-18
20.04	0.4227E-18
20.80	0.4347E-18
21.59	0.4471E-18
22.42	0.4598E-18
23.27	0.4729E-18
24.16	0.4864E-18
25.08	0.5002E-18
26.03	0.5145E-18
27.02	0.5293E-18
28.05	0.5444E-18
29.12	0.5600E-18
30.23	0.5761E-18
31.38	0.5926E-18
32.57	0.6096E-18
33.82	0.6271E-18
35.10	0.6450E-18
36.44	0.6633E-18
37.83	0.6821E-18
39.27	0.7013E-18
40.76	0.7209E-18
42.32	0.7409E-18
43.93	0.7612E-18
45.60	0.7819E-18
47.34	0.8029E-18
49.14	0.8242E-18
51.01	0.8457E-18
52.96	0.8675E-18
54.97	0.8895E-18
57.07	0.9117E-18
59.24	0.9340E-18
61.50	0.9565E-18
63.84	0.9792E-18
66.27	0.1002E-17
68.79	0.1025E-17
71.41	0.1048E-17
74.13	0.1072E-17
76.96	0.1095E-17
79.89	0.1119E-17
82.93	0.1144E-17
86.09	0.1169E-17
89.37	0.1196E-17
92.77	0.1224E-17
96.31	0.1256E-17
99.97	0.1294E-17
103.8	0.1342E-17
107.7	0.1411E-17
111.8	0.1527E-17
116.1	0.1750E-17
120.5	0.2157E-17
125.1	0.2726E-17
129.9	0.3356E-17
134.8	0.3992E-17
140.0	0.4612E-17
145.3	0.5209E-17
150.8	0.5779E-17
156.6	0.6324E-17
162.5	0.6843E-17
168.7	0.7338E-17
175.1	0.7810E-17
181.8	0.8260E-17
188.7	0.8690E-17
195.9	0.9102E-17
203.4	0.9500E-17
211.1	0.9884E-17
219.2	0.1026E-16
227.5	0.1063E-16
236.2	0.1099E-16
245.2	0.1134E-16
254.5	0.1170E-16
264.2	0.1205E-16
274.3	0.1240E-16
284.7	0.1275E-16
295.6	0.1310E-16
306.8	0.1345E-16
318.5	0.1380E-16
330.6	0.1415E-16
343.2	0.1449E-16
356.3	0.1484E-16
369.9	0.1518E-16
384.0	0.1551E-16
398.6	0.1585E-16
413.8	0.1618E-16
429.5	0.1651E-16
445.9	0.1683E-16
462.9	0.1716E-16
480.5	0.1748E-16
498.8	0.1779E-16
517.8	0.1811E-16
537.5	0.1842E-16
558.0	0.1874E-16
579.2	0.1905E-16
601.3	0.1937E-16
624.2	0.1968E-16
648.0	0.2000E-16
672.6	0.2032E-16
698.3	0.2064E-16
724.9	0.2097E-16
752.5	0.2130E-16
781.1	0.2164E-16
810.9	0.2198E-16
841.8	0.2234E-16
873.8	0.2270E-16
907.1	0.2308E-16
941.6	0.2346E-16
977.5	0.2386E-16
1015.	0.2427E-16
1053.	0.2470E-16
1094.	0.2514E-16
1135.	0.2560E-16
1178.	0.2608E-16
1223.	0.2657E-16
1270.	0.2709E-16
1318.	0.2763E-16
1368.	0.2820E-16
1421.	0.2879E-16
1475.	0.2941E-16
1531.	0.3006E-16
1589.	0.3074E-16
1650.	0.3145E-16
1712.	0.3219E-16
1778.	0.3297E-16
1845.	0.3378E-16
1916.	0.3464E-16
1989.	0.3554E-16
2064.	0.3648E-16
2143.	0.3746E-16
2225.	0.3850E-16
2309.	0.3958E-16
2397.	0.4072E-16
2489.	0.4191E-16
2583.	0.4316E-16
2682.	0.4446E-16
2784.	0.4583E-16
2890.	0.4727E-16
3000.	0.4877E-16
 
 
E/N (Td)	Inelastic power loss /N (eV m3/s)
0.1000E-02	0.2158E-20
0.1038E-02	0.2264E-20
0.1078E-02	0.2291E-20
0.1119E-02	0.2320E-20
0.1161E-02	0.2351E-20
0.1205E-02	0.2383E-20
0.1251E-02	0.2418E-20
0.1299E-02	0.2454E-20
0.1349E-02	0.2493E-20
0.1400E-02	0.2534E-20
0.1453E-02	0.2599E-20
0.1509E-02	0.2643E-20
0.1566E-02	0.2691E-20
0.1626E-02	0.2741E-20
0.1688E-02	0.2794E-20
0.1752E-02	0.2850E-20
0.1819E-02	0.2909E-20
0.1888E-02	0.2972E-20
0.1960E-02	0.3038E-20
0.2034E-02	0.3107E-20
0.2112E-02	0.3181E-20
0.2192E-02	0.3258E-20
0.2276E-02	0.3340E-20
0.2362E-02	0.3426E-20
0.2452E-02	0.3517E-20
0.2546E-02	0.3612E-20
0.2643E-02	0.3712E-20
0.2743E-02	0.3817E-20
0.2848E-02	0.3928E-20
0.2956E-02	0.4045E-20
0.3069E-02	0.4168E-20
0.3186E-02	0.4297E-20
0.3307E-02	0.4436E-20
0.3433E-02	0.4578E-20
0.3564E-02	0.4728E-20
0.3700E-02	0.4885E-20
0.3841E-02	0.5050E-20
0.3987E-02	0.5224E-20
0.4139E-02	0.5407E-20
0.4296E-02	0.5599E-20
0.4460E-02	0.5802E-20
0.4630E-02	0.6014E-20
0.4806E-02	0.6238E-20
0.4989E-02	0.6474E-20
0.5179E-02	0.6722E-20
0.5377E-02	0.6982E-20
0.5581E-02	0.7258E-20
0.5794E-02	0.7546E-20
0.6015E-02	0.7850E-20
0.6244E-02	0.8170E-20
0.6481E-02	0.8506E-20
0.6728E-02	0.8861E-20
0.6985E-02	0.9234E-20
0.7251E-02	0.9627E-20
0.7527E-02	0.1004E-19
0.7813E-02	0.1048E-19
0.8111E-02	0.1094E-19
0.8420E-02	0.1142E-19
0.8741E-02	0.1193E-19
0.9073E-02	0.1247E-19
0.9419E-02	0.1303E-19
0.9778E-02	0.1363E-19
0.1015E-01	0.1426E-19
0.1054E-01	0.1492E-19
0.1094E-01	0.1562E-19
0.1135E-01	0.1636E-19
0.1179E-01	0.1713E-19
0.1224E-01	0.1795E-19
0.1270E-01	0.1882E-19
0.1319E-01	0.1973E-19
0.1369E-01	0.2069E-19
0.1421E-01	0.2170E-19
0.1475E-01	0.2277E-19
0.1531E-01	0.2390E-19
0.1590E-01	0.2509E-19
0.1650E-01	0.2635E-19
0.1713E-01	0.2767E-19
0.1778E-01	0.2907E-19
0.1846E-01	0.3055E-19
0.1916E-01	0.3211E-19
0.1989E-01	0.3375E-19
0.2065E-01	0.3549E-19
0.2144E-01	0.3732E-19
0.2225E-01	0.3926E-19
0.2310E-01	0.4130E-19
0.2398E-01	0.4346E-19
0.2489E-01	0.4574E-19
0.2584E-01	0.4814E-19
0.2682E-01	0.5069E-19
0.2785E-01	0.5337E-19
0.2891E-01	0.5620E-19
0.3001E-01	0.5920E-19
0.3115E-01	0.6236E-19
0.3234E-01	0.6570E-19
0.3357E-01	0.6923E-19
0.3485E-01	0.7296E-19
0.3617E-01	0.7689E-19
0.3755E-01	0.8105E-19
0.3898E-01	0.8545E-19
0.4047E-01	0.9009E-19
0.4201E-01	0.9500E-19
0.4361E-01	0.1002E-18
0.4527E-01	0.1057E-18
0.4699E-01	0.1114E-18
0.4878E-01	0.1176E-18
0.5064E-01	0.1240E-18
0.5257E-01	0.1309E-18
0.5457E-01	0.1381E-18
0.5665E-01	0.1457E-18
0.5881E-01	0.1538E-18
0.6105E-01	0.1623E-18
0.6337E-01	0.1713E-18
0.6579E-01	0.1808E-18
0.6829E-01	0.1909E-18
0.7089E-01	0.2015E-18
0.7359E-01	0.2128E-18
0.7640E-01	0.2247E-18
0.7931E-01	0.2372E-18
0.8233E-01	0.2505E-18
0.8546E-01	0.2646E-18
0.8872E-01	0.2794E-18
0.9210E-01	0.2951E-18
0.9560E-01	0.3117E-18
0.9924E-01	0.3292E-18
0.1030	0.3478E-18
0.1069	0.3674E-18
0.1110	0.3881E-18
0.1152	0.4100E-18
0.1196	0.4332E-18
0.1242	0.4577E-18
0.1289	0.4836E-18
0.1338	0.5110E-18
0.1389	0.5399E-18
0.1442	0.5705E-18
0.1497	0.6029E-18
0.1554	0.6371E-18
0.1613	0.6733E-18
0.1675	0.7115E-18
0.1739	0.7520E-18
0.1805	0.7948E-18
0.1874	0.8401E-18
0.1945	0.8880E-18
0.2019	0.9386E-18
0.2096	0.9922E-18
0.2176	0.1049E-17
0.2259	0.1109E-17
0.2345	0.1172E-17
0.2434	0.1240E-17
0.2527	0.1311E-17
0.2623	0.1386E-17
0.2723	0.1466E-17
0.2826	0.1551E-17
0.2934	0.1640E-17
0.3046	0.1735E-17
0.3162	0.1836E-17
0.3282	0.1943E-17
0.3407	0.2057E-17
0.3537	0.2177E-17
0.3672	0.2305E-17
0.3812	0.2441E-17
0.3957	0.2586E-17
0.4107	0.2740E-17
0.4264	0.2904E-17
0.4426	0.3078E-17
0.4595	0.3264E-17
0.4770	0.3462E-17
0.4952	0.3674E-17
0.5140	0.3899E-17
0.5336	0.4140E-17
0.5539	0.4398E-17
0.5750	0.4674E-17
0.5969	0.4968E-17
0.6196	0.5283E-17
0.6432	0.5621E-17
0.6677	0.5983E-17
0.6932	0.6372E-17
0.7196	0.6790E-17
0.7470	0.7238E-17
0.7754	0.7720E-17
0.8050	0.8240E-17
0.8356	0.8798E-17
0.8674	0.9401E-17
0.9005	0.1005E-16
0.9348	0.1075E-16
0.9704	0.1151E-16
1.007	0.1233E-16
1.046	0.1323E-16
1.086	0.1419E-16
1.127	0.1525E-16
1.170	0.1639E-16
1.214	0.1763E-16
1.261	0.1898E-16
1.309	0.2046E-16
1.358	0.2207E-16
1.410	0.2384E-16
1.464	0.2576E-16
1.520	0.2786E-16
1.578	0.3016E-16
1.638	0.3266E-16
1.700	0.3539E-16
1.765	0.3834E-16
1.832	0.4162E-16
1.902	0.4509E-16
1.974	0.4881E-16
2.049	0.5285E-16
2.127	0.5717E-16
2.208	0.6172E-16
2.293	0.6653E-16
2.380	0.7162E-16
2.470	0.7692E-16
2.565	0.8234E-16
2.662	0.8798E-16
2.764	0.9378E-16
2.869	0.9970E-16
2.978	0.1058E-15
3.092	0.1118E-15
3.209	0.1180E-15
3.332	0.1243E-15
3.458	0.1307E-15
3.590	0.1371E-15
3.727	0.1436E-15
3.869	0.1502E-15
4.016	0.1568E-15
4.169	0.1636E-15
4.328	0.1705E-15
4.493	0.1775E-15
4.664	0.1847E-15
4.841	0.1921E-15
5.026	0.1996E-15
5.217	0.2074E-15
5.416	0.2154E-15
5.622	0.2236E-15
5.836	0.2322E-15
6.059	0.2410E-15
6.289	0.2502E-15
6.529	0.2597E-15
6.778	0.2696E-15
7.036	0.2799E-15
7.304	0.2907E-15
7.582	0.3019E-15
7.871	0.3137E-15
8.170	0.3259E-15
8.482	0.3388E-15
8.805	0.3523E-15
9.140	0.3665E-15
9.488	0.3814E-15
9.849	0.3970E-15
10.22	0.4135E-15
10.61	0.4308E-15
11.02	0.4490E-15
11.44	0.4683E-15
11.87	0.4886E-15
12.33	0.5100E-15
12.80	0.5327E-15
13.28	0.5566E-15
13.79	0.5819E-15
14.31	0.6087E-15
14.86	0.6371E-15
15.42	0.6672E-15
16.01	0.6990E-15
16.62	0.7327E-15
17.25	0.7686E-15
17.91	0.8066E-15
18.59	0.8469E-15
19.30	0.8897E-15
20.04	0.9352E-15
20.80	0.9835E-15
21.59	0.1035E-14
22.42	0.1089E-14
23.27	0.1147E-14
24.16	0.1209E-14
25.08	0.1274E-14
26.03	0.1344E-14
27.02	0.1417E-14
28.05	0.1496E-14
29.12	0.1579E-14
30.23	0.1667E-14
31.38	0.1761E-14
32.57	0.1860E-14
33.82	0.1965E-14
35.10	0.2076E-14
36.44	0.2194E-14
37.83	0.2318E-14
39.27	0.2449E-14
40.76	0.2587E-14
42.32	0.2733E-14
43.93	0.2886E-14
45.60	0.3048E-14
47.34	0.3217E-14
49.14	0.3395E-14
51.01	0.3582E-14
52.96	0.3777E-14
54.97	0.3983E-14
57.07	0.4197E-14
59.24	0.4423E-14
61.50	0.4658E-14
63.84	0.4905E-14
66.27	0.5163E-14
68.79	0.5433E-14
71.41	0.5716E-14
74.13	0.6012E-14
76.96	0.6323E-14
79.89	0.6650E-14
82.93	0.6993E-14
86.09	0.7353E-14
89.37	0.7732E-14
92.77	0.8131E-14
96.31	0.8555E-14
99.97	0.9006E-14
103.8	0.9490E-14
107.7	0.1002E-13
111.8	0.1062E-13
116.1	0.1134E-13
120.5	0.1225E-13
125.1	0.1329E-13
129.9	0.1437E-13
134.8	0.1542E-13
140.0	0.1644E-13
145.3	0.1743E-13
150.8	0.1840E-13
156.6	0.1935E-13
162.5	0.2029E-13
168.7	0.2124E-13
175.1	0.2219E-13
181.8	0.2315E-13
188.7	0.2413E-13
195.9	0.2514E-13
203.4	0.2618E-13
211.1	0.2726E-13
219.2	0.2837E-13
227.5	0.2952E-13
236.2	0.3072E-13
245.2	0.3196E-13
254.5	0.3326E-13
264.2	0.3462E-13
274.3	0.3603E-13
284.7	0.3751E-13
295.6	0.3907E-13
306.8	0.4070E-13
318.5	0.4242E-13
330.6	0.4423E-13
343.2	0.4615E-13
356.3	0.4818E-13
369.9	0.5033E-13
384.0	0.5263E-13
398.6	0.5507E-13
413.8	0.5767E-13
429.5	0.6044E-13
445.9	0.6340E-13
462.9	0.6657E-13
480.5	0.6995E-13
498.8	0.7357E-13
517.8	0.7745E-13
537.5	0.8159E-13
558.0	0.8601E-13
579.2	0.9075E-13
601.3	0.9582E-13
624.2	0.1012E-12
648.0	0.1070E-12
672.6	0.1132E-12
698.3	0.1198E-12
724.9	0.1268E-12
752.5	0.1343E-12
781.1	0.1424E-12
810.9	0.1509E-12
841.8	0.1600E-12
873.8	0.1697E-12
907.1	0.1800E-12
941.6	0.1909E-12
977.5	0.2026E-12
1015.	0.2149E-12
1053.	0.2281E-12
1094.	0.2420E-12
1135.	0.2568E-12
1178.	0.2724E-12
1223.	0.2890E-12
1270.	0.3066E-12
1318.	0.3251E-12
1368.	0.3447E-12
1421.	0.3654E-12
1475.	0.3873E-12
1531.	0.4104E-12
1589.	0.4347E-12
1650.	0.4603E-12
1712.	0.4872E-12
1778.	0.5155E-12
1845.	0.5453E-12
1916.	0.5766E-12
1989.	0.6095E-12
2064.	0.6439E-12
2143.	0.6800E-12
2225.	0.7179E-12
2309.	0.7575E-12
2397.	0.7988E-12
2489.	0.8421E-12
2583.	0.8871E-12
2682.	0.9342E-12
2784.	0.9833E-12
2890.	0.1034E-11
3000.	0.1088E-11
 
 
E/N (Td)	Growth power /N (eV m3/s)
0.1000E-02	-0.1379E-20
0.1038E-02	-0.1461E-20
0.1078E-02	-0.1481E-20
0.1119E-02	-0.1502E-20
0.1161E-02	-0.1525E-20
0.1205E-02	-0.1549E-20
0.1251E-02	-0.1575E-20
0.1299E-02	-0.1602E-20
0.1349E-02	-0.1631E-20
0.1400E-02	-0.1661E-20
0.1453E-02	-0.1711E-20
0.1509E-02	-0.1744E-20
0.1566E-02	-0.1779E-20
0.1626E-02	-0.1816E-20
0.1688E-02	-0.1856E-20
0.1752E-02	-0.1898E-20
0.1819E-02	-0.1942E-20
0.1888E-02	-0.1989E-20
0.1960E-02	-0.2038E-20
0.2034E-02	-0.2090E-20
0.2112E-02	-0.2146E-20
0.2192E-02	-0.2204E-20
0.2276E-02	-0.2265E-20
0.2362E-02	-0.2330E-20
0.2452E-02	-0.2398E-20
0.2546E-02	-0.2470E-20
0.2643E-02	-0.2545E-20
0.2743E-02	-0.2625E-20
0.2848E-02	-0.2708E-20
0.2956E-02	-0.2796E-20
0.3069E-02	-0.2889E-20
0.3186E-02	-0.2986E-20
0.3307E-02	-0.3091E-20
0.3433E-02	-0.3199E-20
0.3564E-02	-0.3312E-20
0.3700E-02	-0.3431E-20
0.3841E-02	-0.3556E-20
0.3987E-02	-0.3688E-20
0.4139E-02	-0.3827E-20
0.4296E-02	-0.3973E-20
0.4460E-02	-0.4126E-20
0.4630E-02	-0.4288E-20
0.4806E-02	-0.4458E-20
0.4989E-02	-0.4637E-20
0.5179E-02	-0.4825E-20
0.5377E-02	-0.5024E-20
0.5581E-02	-0.5233E-20
0.5794E-02	-0.5452E-20
0.6015E-02	-0.5684E-20
0.6244E-02	-0.5928E-20
0.6481E-02	-0.6184E-20
0.6728E-02	-0.6455E-20
0.6985E-02	-0.6740E-20
0.7251E-02	-0.7040E-20
0.7527E-02	-0.7356E-20
0.7813E-02	-0.7689E-20
0.8111E-02	-0.8040E-20
0.8420E-02	-0.8410E-20
0.8741E-02	-0.8800E-20
0.9073E-02	-0.9211E-20
0.9419E-02	-0.9644E-20
0.9778E-02	-0.1010E-19
0.1015E-01	-0.1058E-19
0.1054E-01	-0.1109E-19
0.1094E-01	-0.1163E-19
0.1135E-01	-0.1219E-19
0.1179E-01	-0.1279E-19
0.1224E-01	-0.1342E-19
0.1270E-01	-0.1408E-19
0.1319E-01	-0.1478E-19
0.1369E-01	-0.1552E-19
0.1421E-01	-0.1630E-19
0.1475E-01	-0.1712E-19
0.1531E-01	-0.1799E-19
0.1590E-01	-0.1890E-19
0.1650E-01	-0.1987E-19
0.1713E-01	-0.2089E-19
0.1778E-01	-0.2197E-19
0.1846E-01	-0.2310E-19
0.1916E-01	-0.2431E-19
0.1989E-01	-0.2557E-19
0.2065E-01	-0.2691E-19
0.2144E-01	-0.2832E-19
0.2225E-01	-0.2982E-19
0.2310E-01	-0.3139E-19
0.2398E-01	-0.3306E-19
0.2489E-01	-0.3482E-19
0.2584E-01	-0.3667E-19
0.2682E-01	-0.3864E-19
0.2785E-01	-0.4070E-19
0.2891E-01	-0.4289E-19
0.3001E-01	-0.4521E-19
0.3115E-01	-0.4765E-19
0.3234E-01	-0.5023E-19
0.3357E-01	-0.5296E-19
0.3485E-01	-0.5584E-19
0.3617E-01	-0.5888E-19
0.3755E-01	-0.6210E-19
0.3898E-01	-0.6549E-19
0.4047E-01	-0.6909E-19
0.4201E-01	-0.7288E-19
0.4361E-01	-0.7689E-19
0.4527E-01	-0.8113E-19
0.4699E-01	-0.8561E-19
0.4878E-01	-0.9034E-19
0.5064E-01	-0.9535E-19
0.5257E-01	-0.1006E-18
0.5457E-01	-0.1062E-18
0.5665E-01	-0.1121E-18
0.5881E-01	-0.1184E-18
0.6105E-01	-0.1250E-18
0.6337E-01	-0.1320E-18
0.6579E-01	-0.1393E-18
0.6829E-01	-0.1471E-18
0.7089E-01	-0.1554E-18
0.7359E-01	-0.1641E-18
0.7640E-01	-0.1733E-18
0.7931E-01	-0.1830E-18
0.8233E-01	-0.1933E-18
0.8546E-01	-0.2042E-18
0.8872E-01	-0.2157E-18
0.9210E-01	-0.2279E-18
0.9560E-01	-0.2407E-18
0.9924E-01	-0.2543E-18
0.1030	-0.2687E-18
0.1069	-0.2839E-18
0.1110	-0.2999E-18
0.1152	-0.3169E-18
0.1196	-0.3349E-18
0.1242	-0.3539E-18
0.1289	-0.3740E-18
0.1338	-0.3952E-18
0.1389	-0.4176E-18
0.1442	-0.4413E-18
0.1497	-0.4664E-18
0.1554	-0.4930E-18
0.1613	-0.5210E-18
0.1675	-0.5506E-18
0.1739	-0.5820E-18
0.1805	-0.6152E-18
0.1874	-0.6503E-18
0.1945	-0.6874E-18
0.2019	-0.7265E-18
0.2096	-0.7680E-18
0.2176	-0.8119E-18
0.2259	-0.8583E-18
0.2345	-0.9074E-18
0.2434	-0.9594E-18
0.2527	-0.1014E-17
0.2623	-0.1073E-17
0.2723	-0.1134E-17
0.2826	-0.1200E-17
0.2934	-0.1269E-17
0.3046	-0.1343E-17
0.3162	-0.1420E-17
0.3282	-0.1503E-17
0.3407	-0.1591E-17
0.3537	-0.1684E-17
0.3672	-0.1783E-17
0.3812	-0.1888E-17
0.3957	-0.2001E-17
0.4107	-0.2120E-17
0.4264	-0.2247E-17
0.4426	-0.2383E-17
0.4595	-0.2527E-17
0.4770	-0.2682E-17
0.4952	-0.2847E-17
0.5140	-0.3023E-17
0.5336	-0.3212E-17
0.5539	-0.3414E-17
0.5750	-0.3631E-17
0.5969	-0.3863E-17
0.6196	-0.4113E-17
0.6432	-0.4382E-17
0.6677	-0.4671E-17
0.6932	-0.4982E-17
0.7196	-0.5317E-17
0.7470	-0.5678E-17
0.7754	-0.6069E-17
0.8050	-0.6491E-17
0.8356	-0.6947E-17
0.8674	-0.7442E-17
0.9005	-0.7979E-17
0.9348	-0.8559E-17
0.9704	-0.9192E-17
1.007	-0.9882E-17
1.046	-0.1063E-16
1.086	-0.1145E-16
1.127	-0.1235E-16
1.170	-0.1333E-16
1.214	-0.1440E-16
1.261	-0.1558E-16
1.309	-0.1687E-16
1.358	-0.1828E-16
1.410	-0.1984E-16
1.464	-0.2155E-16
1.520	-0.2343E-16
1.578	-0.2549E-16
1.638	-0.2775E-16
1.700	-0.3023E-16
1.765	-0.3291E-16
1.832	-0.3591E-16
1.902	-0.3910E-16
1.974	-0.4251E-16
2.049	-0.4624E-16
2.127	-0.5023E-16
2.208	-0.5443E-16
2.293	-0.5889E-16
2.380	-0.6358E-16
2.470	-0.6847E-16
2.565	-0.7347E-16
2.662	-0.7865E-16
2.764	-0.8395E-16
2.869	-0.8934E-16
2.978	-0.9484E-16
3.092	-0.1003E-15
3.209	-0.1059E-15
3.332	-0.1115E-15
3.458	-0.1170E-15
3.590	-0.1227E-15
3.727	-0.1283E-15
3.869	-0.1339E-15
4.016	-0.1396E-15
4.169	-0.1453E-15
4.328	-0.1510E-15
4.493	-0.1568E-15
4.664	-0.1627E-15
4.841	-0.1686E-15
5.026	-0.1746E-15
5.217	-0.1808E-15
5.416	-0.1870E-15
5.622	-0.1934E-15
5.836	-0.1999E-15
6.059	-0.2066E-15
6.289	-0.2134E-15
6.529	-0.2205E-15
6.778	-0.2277E-15
7.036	-0.2352E-15
7.304	-0.2429E-15
7.582	-0.2508E-15
7.871	-0.2591E-15
8.170	-0.2676E-15
8.482	-0.2765E-15
8.805	-0.2857E-15
9.140	-0.2953E-15
9.488	-0.3053E-15
9.849	-0.3157E-15
10.22	-0.3265E-15
10.61	-0.3378E-15
11.02	-0.3496E-15
11.44	-0.3620E-15
11.87	-0.3749E-15
12.33	-0.3884E-15
12.80	-0.4026E-15
13.28	-0.4176E-15
13.79	-0.4332E-15
14.31	-0.4496E-15
14.86	-0.4669E-15
15.42	-0.4851E-15
16.01	-0.5043E-15
16.62	-0.5245E-15
17.25	-0.5458E-15
17.91	-0.5683E-15
18.59	-0.5921E-15
19.30	-0.6171E-15
20.04	-0.6436E-15
20.80	-0.6717E-15
21.59	-0.7013E-15
22.42	-0.7327E-15
23.27	-0.7658E-15
24.16	-0.8009E-15
25.08	-0.8380E-15
26.03	-0.8773E-15
27.02	-0.9188E-15
28.05	-0.9627E-15
29.12	-0.1009E-14
30.23	-0.1058E-14
31.38	-0.1110E-14
32.57	-0.1164E-14
33.82	-0.1221E-14
35.10	-0.1281E-14
36.44	-0.1344E-14
37.83	-0.1410E-14
39.27	-0.1479E-14
40.76	-0.1551E-14
42.32	-0.1626E-14
43.93	-0.1704E-14
45.60	-0.1785E-14
47.34	-0.1869E-14
49.14	-0.1955E-14
51.01	-0.2043E-14
52.96	-0.2135E-14
54.97	-0.2228E-14
57.07	-0.2323E-14
59.24	-0.2421E-14
61.50	-0.2520E-14
63.84	-0.2621E-14
66.27	-0.2723E-14
68.79	-0.2826E-14
71.41	-0.2931E-14
74.13	-0.3037E-14
76.96	-0.3145E-14
79.89	-0.3253E-14
82.93	-0.3362E-14
86.09	-0.3474E-14
89.37	-0.3587E-14
92.77	-0.3702E-14
96.31	-0.3822E-14
99.97	-0.3950E-14
103.8	-0.4090E-14
107.7	-0.4257E-14
111.8	-0.4480E-14
116.1	-0.4829E-14
120.5	-0.5386E-14
125.1	-0.6099E-14
129.9	-0.6838E-14
134.8	-0.7537E-14
140.0	-0.8175E-14
145.3	-0.8752E-14
150.8	-0.9270E-14
156.6	-0.9734E-14
162.5	-0.1015E-13
168.7	-0.1052E-13
175.1	-0.1086E-13
181.8	-0.1116E-13
188.7	-0.1143E-13
195.9	-0.1168E-13
203.4	-0.1189E-13
211.1	-0.1208E-13
219.2	-0.1225E-13
227.5	-0.1240E-13
236.2	-0.1252E-13
245.2	-0.1262E-13
254.5	-0.1270E-13
264.2	-0.1276E-13
274.3	-0.1278E-13
284.7	-0.1279E-13
295.6	-0.1276E-13
306.8	-0.1271E-13
318.5	-0.1264E-13
330.6	-0.1254E-13
343.2	-0.1241E-13
356.3	-0.1225E-13
369.9	-0.1207E-13
384.0	-0.1186E-13
398.6	-0.1162E-13
413.8	-0.1135E-13
429.5	-0.1105E-13
445.9	-0.1072E-13
462.9	-0.1037E-13
480.5	-0.9971E-14
498.8	-0.9541E-14
517.8	-0.9072E-14
537.5	-0.8559E-14
558.0	-0.8000E-14
579.2	-0.7389E-14
601.3	-0.6721E-14
624.2	-0.5990E-14
648.0	-0.5187E-14
672.6	-0.4307E-14
698.3	-0.3338E-14
724.9	-0.2273E-14
752.5	-0.1099E-14
781.1	0.1970E-15
810.9	0.1628E-14
841.8	0.3209E-14
873.8	0.4957E-14
907.1	0.6892E-14
941.6	0.9041E-14
977.5	0.1141E-13
1015.	0.1404E-13
1053.	0.1695E-13
1094.	0.2017E-13
1135.	0.2373E-13
1178.	0.2767E-13
1223.	0.3204E-13
1270.	0.3686E-13
1318.	0.4219E-13
1368.	0.4809E-13
1421.	0.5459E-13
1475.	0.6179E-13
1531.	0.6971E-13
1589.	0.7844E-13
1650.	0.8807E-13
1712.	0.9865E-13
1778.	0.1103E-12
1845.	0.1231E-12
1916.	0.1372E-12
1989.	0.1528E-12
2064.	0.1698E-12
2143.	0.1885E-12
2225.	0.2090E-12
2309.	0.2314E-12
2397.	0.2561E-12
2489.	0.2830E-12
2583.	0.3125E-12
2682.	0.3447E-12
2784.	0.3800E-12
2890.	0.4186E-12
3000.	0.4607E-12
 
 
E/N (Td)	Maximum energy
0.1000E-02	0.2702E-02
0.1038E-02	0.2702E-02
0.1078E-02	0.2702E-02
0.1119E-02	0.2702E-02
0.1161E-02	0.2702E-02
0.1205E-02	0.2702E-02
0.1251E-02	0.2702E-02
0.1299E-02	0.2702E-02
0.1349E-02	0.2702E-02
0.1400E-02	0.2702E-02
0.1453E-02	0.3218E-02
0.1509E-02	0.3218E-02
0.1566E-02	0.3218E-02
0.1626E-02	0.3218E-02
0.1688E-02	0.3218E-02
0.1752E-02	0.3218E-02
0.1819E-02	0.3218E-02
0.1888E-02	0.3218E-02
0.1960E-02	0.3218E-02
0.2034E-02	0.3218E-02
0.2112E-02	0.3218E-02
0.2192E-02	0.3218E-02
0.2276E-02	0.3218E-02
0.2362E-02	0.3218E-02
0.2452E-02	0.3218E-02
0.2546E-02	0.3218E-02
0.2643E-02	0.3218E-02
0.2743E-02	0.3218E-02
0.2848E-02	0.3218E-02
0.2956E-02	0.3218E-02
0.3069E-02	0.3218E-02
0.3186E-02	0.3218E-02
0.3307E-02	0.3833E-02
0.3433E-02	0.3833E-02
0.3564E-02	0.3833E-02
0.3700E-02	0.3833E-02
0.3841E-02	0.3833E-02
0.3987E-02	0.3833E-02
0.4139E-02	0.3833E-02
0.4296E-02	0.3833E-02
0.4460E-02	0.3833E-02
0.4630E-02	0.3833E-02
0.4806E-02	0.3833E-02
0.4989E-02	0.3833E-02
0.5179E-02	0.3833E-02
0.5377E-02	0.3833E-02
0.5581E-02	0.4565E-02
0.5794E-02	0.4565E-02
0.6015E-02	0.4565E-02
0.6244E-02	0.4565E-02
0.6481E-02	0.4565E-02
0.6728E-02	0.4565E-02
0.6985E-02	0.4565E-02
0.7251E-02	0.4565E-02
0.7527E-02	0.4565E-02
0.7813E-02	0.4565E-02
0.8111E-02	0.4565E-02
0.8420E-02	0.5437E-02
0.8741E-02	0.5437E-02
0.9073E-02	0.5437E-02
0.9419E-02	0.5437E-02
0.9778E-02	0.5437E-02
0.1015E-01	0.5437E-02
0.1054E-01	0.5437E-02
0.1094E-01	0.5437E-02
0.1135E-01	0.5437E-02
0.1179E-01	0.5437E-02
0.1224E-01	0.6476E-02
0.1270E-01	0.6476E-02
0.1319E-01	0.6476E-02
0.1369E-01	0.6476E-02
0.1421E-01	0.6476E-02
0.1475E-01	0.6476E-02
0.1531E-01	0.6476E-02
0.1590E-01	0.6476E-02
0.1650E-01	0.7713E-02
0.1713E-01	0.7713E-02
0.1778E-01	0.7713E-02
0.1846E-01	0.7713E-02
0.1916E-01	0.7713E-02
0.1989E-01	0.7713E-02
0.2065E-01	0.7713E-02
0.2144E-01	0.9186E-02
0.2225E-01	0.9186E-02
0.2310E-01	0.9186E-02
0.2398E-01	0.9186E-02
0.2489E-01	0.9186E-02
0.2584E-01	0.9186E-02
0.2682E-01	0.9186E-02
0.2785E-01	0.1094E-01
0.2891E-01	0.1094E-01
0.3001E-01	0.1094E-01
0.3115E-01	0.1094E-01
0.3234E-01	0.1094E-01
0.3357E-01	0.1094E-01
0.3485E-01	0.1094E-01
0.3617E-01	0.1303E-01
0.3755E-01	0.1303E-01
0.3898E-01	0.1303E-01
0.4047E-01	0.1303E-01
0.4201E-01	0.1303E-01
0.4361E-01	0.1303E-01
0.4527E-01	0.1552E-01
0.4699E-01	0.1552E-01
0.4878E-01	0.1552E-01
0.5064E-01	0.1552E-01
0.5257E-01	0.1552E-01
0.5457E-01	0.1552E-01
0.5665E-01	0.1848E-01
0.5881E-01	0.1848E-01
0.6105E-01	0.1848E-01
0.6337E-01	0.1848E-01
0.6579E-01	0.1848E-01
0.6829E-01	0.2201E-01
0.7089E-01	0.2201E-01
0.7359E-01	0.2201E-01
0.7640E-01	0.2201E-01
0.7931E-01	0.2201E-01
0.8233E-01	0.2622E-01
0.8546E-01	0.2622E-01
0.8872E-01	0.2622E-01
0.9210E-01	0.2622E-01
0.9560E-01	0.2622E-01
0.9924E-01	0.2622E-01
0.1030	0.3122E-01
0.1069	0.3122E-01
0.1110	0.3122E-01
0.1152	0.3122E-01
0.1196	0.3719E-01
0.1242	0.3719E-01
0.1289	0.3719E-01
0.1338	0.3719E-01
0.1389	0.3719E-01
0.1442	0.4429E-01
0.1497	0.4429E-01
0.1554	0.4429E-01
0.1613	0.4429E-01
0.1675	0.5275E-01
0.1739	0.5275E-01
0.1805	0.5275E-01
0.1874	0.5275E-01
0.1945	0.5275E-01
0.2019	0.6283E-01
0.2096	0.6283E-01
0.2176	0.6283E-01
0.2259	0.6283E-01
0.2345	0.7483E-01
0.2434	0.7483E-01
0.2527	0.7483E-01
0.2623	0.7483E-01
0.2723	0.8912E-01
0.2826	0.8912E-01
0.2934	0.8912E-01
0.3046	0.8912E-01
0.3162	0.1061
0.3282	0.1061
0.3407	0.1061
0.3537	0.1264
0.3672	0.1264
0.3812	0.1264
0.3957	0.1264
0.4107	0.1506
0.4264	0.1506
0.4426	0.1506
0.4595	0.1793
0.4770	0.1793
0.4952	0.1793
0.5140	0.2136
0.5336	0.2136
0.5539	0.2136
0.5750	0.2136
0.5969	0.2543
0.6196	0.2543
0.6432	0.2543
0.6677	0.3029
0.6932	0.3029
0.7196	0.3029
0.7470	0.3608
0.7754	0.3608
0.8050	0.3608
0.8356	0.4297
0.8674	0.4297
0.9005	0.4297
0.9348	0.5118
0.9704	0.5118
1.007	0.5118
1.046	0.5118
1.086	0.6095
1.127	0.6095
1.170	0.6095
1.214	0.6095
1.261	0.7259
1.309	0.7259
1.358	0.7259
1.410	0.7259
1.464	0.8646
1.520	0.8646
1.578	0.8646
1.638	0.8646
1.700	0.8646
1.765	1.030
1.832	0.9198
1.902	0.9786
1.974	0.9786
2.049	1.165
2.127	1.041
2.208	1.240
2.293	1.240
2.380	1.108
2.470	1.329
2.565	1.329
2.662	1.329
2.764	1.329
2.869	1.329
2.978	1.414
3.092	1.414
3.209	1.414
3.332	1.504
3.458	1.504
3.590	1.504
3.727	1.504
3.869	1.504
4.016	1.805
4.169	1.805
4.328	1.805
4.493	1.805
4.664	1.805
4.841	1.805
5.026	1.805
5.217	1.805
5.416	1.805
5.622	2.150
5.836	2.150
6.059	2.150
6.289	2.150
6.529	2.150
6.778	2.150
7.036	2.150
7.304	2.150
7.582	2.150
7.871	2.150
8.170	2.560
8.482	2.560
8.805	2.560
9.140	2.560
9.488	2.560
9.849	2.560
10.22	2.560
10.61	2.560
11.02	2.560
11.44	2.560
11.87	2.560
12.33	2.560
12.80	2.560
13.28	2.560
13.79	2.560
14.31	2.560
14.86	3.049
15.42	3.049
16.01	3.049
16.62	3.049
17.25	3.049
17.91	3.049
18.59	3.049
19.30	3.049
20.04	3.049
20.80	3.049
21.59	3.049
22.42	3.049
23.27	3.049
24.16	3.049
25.08	3.632
26.03	3.632
27.02	3.632
28.05	3.632
29.12	3.632
30.23	3.632
31.38	3.632
32.57	4.326
33.82	4.326
35.10	4.326
36.44	4.326
37.83	5.152
39.27	5.152
40.76	6.136
42.32	6.136
43.93	6.136
45.60	7.308
47.34	7.308
49.14	8.703
51.01	8.703
52.96	10.37
54.97	10.37
57.07	10.37
59.24	12.34
61.50	12.34
63.84	12.34
66.27	12.34
68.79	14.68
71.41	14.68
74.13	14.68
76.96	14.68
79.89	17.44
82.93	17.44
86.09	17.44
89.37	17.44
92.77	17.44
96.31	17.44
99.97	20.71
103.8	20.71
107.7	20.71
111.8	20.71
116.1	20.71
120.5	20.71
125.1	20.71
129.9	20.71
134.8	20.71
140.0	20.71
145.3	24.56
150.8	24.56
156.6	24.56
162.5	24.56
168.7	24.56
175.1	24.56
181.8	24.56
188.7	24.56
195.9	24.56
203.4	24.56
211.1	24.56
219.2	29.13
227.5	29.13
236.2	29.13
245.2	29.13
254.5	29.13
264.2	29.13
274.3	29.13
284.7	29.13
295.6	29.13
306.8	34.52
318.5	34.52
330.6	34.52
343.2	34.52
356.3	34.52
369.9	34.52
384.0	34.52
398.6	34.52
413.8	40.89
429.5	40.89
445.9	40.89
462.9	40.89
480.5	40.89
498.8	40.89
517.8	40.89
537.5	40.89
558.0	48.43
579.2	48.43
601.3	48.43
624.2	48.43
648.0	48.43
672.6	48.43
698.3	57.34
724.9	57.34
752.5	57.34
781.1	57.34
810.9	57.34
841.8	67.86
873.8	67.86
907.1	67.86
941.6	67.86
977.5	67.86
1015.	80.31
1053.	80.31
1094.	80.31
1135.	80.31
1178.	80.31
1223.	95.02
1270.	95.02
1318.	95.02
1368.	95.02
1421.	95.02
1475.	112.4
1531.	112.4
1589.	112.4
1650.	112.4
1712.	133.0
1778.	133.0
1845.	133.0
1916.	133.0
1989.	157.3
2064.	157.3
2143.	157.3
2225.	157.3
2309.	186.0
2397.	186.0
2489.	186.0
2583.	219.9
2682.	219.9
2784.	219.9
2890.	219.9
3000.	260.1
 
 
E/N (Td)	# of iterations
0.1000E-02	104.0
0.1038E-02	23.00
0.1078E-02	23.00
0.1119E-02	23.00
0.1161E-02	23.00
0.1205E-02	23.00
0.1251E-02	23.00
0.1299E-02	23.00
0.1349E-02	23.00
0.1400E-02	23.00
0.1453E-02	46.00
0.1509E-02	23.00
0.1566E-02	23.00
0.1626E-02	23.00
0.1688E-02	23.00
0.1752E-02	23.00
0.1819E-02	23.00
0.1888E-02	23.00
0.1960E-02	23.00
0.2034E-02	23.00
0.2112E-02	23.00
0.2192E-02	23.00
0.2276E-02	23.00
0.2362E-02	23.00
0.2452E-02	23.00
0.2546E-02	23.00
0.2643E-02	23.00
0.2743E-02	23.00
0.2848E-02	23.00
0.2956E-02	23.00
0.3069E-02	23.00
0.3186E-02	23.00
0.3307E-02	46.00
0.3433E-02	23.00
0.3564E-02	23.00
0.3700E-02	23.00
0.3841E-02	23.00
0.3987E-02	23.00
0.4139E-02	23.00
0.4296E-02	23.00
0.4460E-02	23.00
0.4630E-02	23.00
0.4806E-02	23.00
0.4989E-02	23.00
0.5179E-02	23.00
0.5377E-02	23.00
0.5581E-02	46.00
0.5794E-02	23.00
0.6015E-02	23.00
0.6244E-02	23.00
0.6481E-02	23.00
0.6728E-02	23.00
0.6985E-02	23.00
0.7251E-02	23.00
0.7527E-02	23.00
0.7813E-02	23.00
0.8111E-02	23.00
0.8420E-02	46.00
0.8741E-02	23.00
0.9073E-02	23.00
0.9419E-02	23.00
0.9778E-02	23.00
0.1015E-01	23.00
0.1054E-01	23.00
0.1094E-01	23.00
0.1135E-01	23.00
0.1179E-01	23.00
0.1224E-01	46.00
0.1270E-01	23.00
0.1319E-01	23.00
0.1369E-01	23.00
0.1421E-01	23.00
0.1475E-01	23.00
0.1531E-01	23.00
0.1590E-01	22.00
0.1650E-01	45.00
0.1713E-01	23.00
0.1778E-01	23.00
0.1846E-01	23.00
0.1916E-01	23.00
0.1989E-01	22.00
0.2065E-01	22.00
0.2144E-01	45.00
0.2225E-01	23.00
0.2310E-01	23.00
0.2398E-01	22.00
0.2489E-01	22.00
0.2584E-01	22.00
0.2682E-01	21.00
0.2785E-01	43.00
0.2891E-01	23.00
0.3001E-01	22.00
0.3115E-01	22.00
0.3234E-01	21.00
0.3357E-01	20.00
0.3485E-01	19.00
0.3617E-01	38.00
0.3755E-01	22.00
0.3898E-01	21.00
0.4047E-01	20.00
0.4201E-01	19.00
0.4361E-01	17.00
0.4527E-01	43.00
0.4699E-01	21.00
0.4878E-01	20.00
0.5064E-01	18.00
0.5257E-01	19.00
0.5457E-01	21.00
0.5665E-01	43.00
0.5881E-01	20.00
0.6105E-01	18.00
0.6337E-01	20.00
0.6579E-01	21.00
0.6829E-01	43.00
0.7089E-01	20.00
0.7359E-01	18.00
0.7640E-01	20.00
0.7931E-01	22.00
0.8233E-01	43.00
0.8546E-01	20.00
0.8872E-01	17.00
0.9210E-01	21.00
0.9560E-01	22.00
0.9924E-01	23.00
0.1030	42.00
0.1069	18.00
0.1110	21.00
0.1152	22.00
0.1196	44.00
0.1242	19.00
0.1289	20.00
0.1338	22.00
0.1389	23.00
0.1442	43.00
0.1497	18.00
0.1554	21.00
0.1613	22.00
0.1675	45.00
0.1739	20.00
0.1805	18.00
0.1874	22.00
0.1945	23.00
0.2019	45.00
0.2096	20.00
0.2176	19.00
0.2259	22.00
0.2345	46.00
0.2434	22.00
0.2527	20.00
0.2623	21.00
0.2723	47.00
0.2826	23.00
0.2934	22.00
0.3046	21.00
0.3162	47.00
0.3282	25.00
0.3407	24.00
0.3537	49.00
0.3672	26.00
0.3812	26.00
0.3957	26.00
0.4107	53.00
0.4264	28.00
0.4426	27.00
0.4595	56.00
0.4770	29.00
0.4952	29.00
0.5140	60.00
0.5336	31.00
0.5539	31.00
0.5750	31.00
0.5969	64.00
0.6196	33.00
0.6432	33.00
0.6677	68.00
0.6932	35.00
0.7196	35.00
0.7470	72.00
0.7754	37.00
0.8050	38.00
0.8356	77.00
0.8674	39.00
0.9005	39.00
0.9348	81.00
0.9704	41.00
1.007	41.00
1.046	42.00
1.086	84.00
1.127	43.00
1.170	43.00
1.214	43.00
1.261	88.00
1.309	44.00
1.358	44.00
1.410	44.00
1.464	89.00
1.520	45.00
1.578	44.00
1.638	44.00
1.700	42.00
1.765	87.00
1.832	2579.
1.902	2615.
1.974	35.00
2.049	80.00
2.127	2585.
2.208	74.00
2.293	41.00
2.380	2590.
2.470	2542.
2.565	43.00
2.662	45.00
2.764	44.00
2.869	44.00
2.978	2632.
3.092	43.00
3.209	43.00
3.332	2627.
3.458	41.00
3.590	40.00
3.727	40.00
3.869	40.00
4.016	2537.
4.169	36.00
4.328	35.00
4.493	34.00
4.664	33.00
4.841	33.00
5.026	32.00
5.217	31.00
5.416	32.00
5.622	59.00
5.836	28.00
6.059	28.00
6.289	27.00
6.529	26.00
6.778	26.00
7.036	25.00
7.304	24.00
7.582	24.00
7.871	23.00
8.170	45.00
8.482	22.00
8.805	21.00
9.140	21.00
9.488	20.00
9.849	20.00
10.22	20.00
10.61	19.00
11.02	19.00
11.44	18.00
11.87	18.00
12.33	18.00
12.80	17.00
13.28	17.00
13.79	17.00
14.31	16.00
14.86	32.00
15.42	16.00
16.01	15.00
16.62	15.00
17.25	15.00
17.91	15.00
18.59	15.00
19.30	14.00
20.04	14.00
20.80	14.00
21.59	14.00
22.42	14.00
23.27	13.00
24.16	13.00
25.08	26.00
26.03	13.00
27.02	13.00
28.05	13.00
29.12	13.00
30.23	13.00
31.38	12.00
32.57	24.00
33.82	12.00
35.10	12.00
36.44	12.00
37.83	24.00
39.27	12.00
40.76	24.00
42.32	12.00
43.93	12.00
45.60	26.00
47.34	14.00
49.14	32.00
51.01	18.00
52.96	38.00
54.97	21.00
57.07	21.00
59.24	44.00
61.50	23.00
63.84	24.00
66.27	24.00
68.79	51.00
71.41	27.00
74.13	28.00
76.96	29.00
79.89	62.00
82.93	34.00
86.09	35.00
89.37	37.00
92.77	39.00
96.31	41.00
99.97	94.00
103.8	55.00
107.7	59.00
111.8	40.00
116.1	78.00
120.5	87.00
125.1	78.00
129.9	65.00
134.8	55.00
140.0	47.00
145.3	81.00
150.8	35.00
156.6	32.00
162.5	29.00
168.7	27.00
175.1	24.00
181.8	23.00
188.7	21.00
195.9	19.00
203.4	18.00
211.1	17.00
219.2	31.00
227.5	15.00
236.2	14.00
245.2	13.00
254.5	12.00
264.2	11.00
274.3	11.00
284.7	10.00
295.6	10.00
306.8	18.00
318.5	9.000
330.6	8.000
343.2	8.000
356.3	8.000
369.9	7.000
384.0	7.000
398.6	7.000
413.8	14.00
429.5	6.000
445.9	6.000
462.9	6.000
480.5	6.000
498.8	6.000
517.8	6.000
537.5	6.000
558.0	10.00
579.2	5.000
601.3	5.000
624.2	5.000
648.0	5.000
672.6	5.000
698.3	10.00
724.9	5.000
752.5	5.000
781.1	5.000
810.9	5.000
841.8	10.00
873.8	5.000
907.1	5.000
941.6	5.000
977.5	5.000
1015.	10.00
1053.	5.000
1094.	5.000
1135.	5.000
1178.	5.000
1223.	10.00
1270.	5.000
1318.	6.000
1368.	6.000
1421.	6.000
1475.	11.00
1531.	6.000
1589.	6.000
1650.	6.000
1712.	12.00
1778.	6.000
1845.	6.000
1916.	6.000
1989.	12.00
2064.	6.000
2143.	6.000
2225.	6.000
2309.	12.00
2397.	6.000
2489.	6.000
2583.	12.00
2682.	6.000
2784.	6.000
2890.	6.000
3000.	13.00
 
 
E/N (Td)	# of grid trials
0.1000E-02	3.000
0.1038E-02	1.000
0.1078E-02	1.000
0.1119E-02	1.000
0.1161E-02	1.000
0.1205E-02	1.000
0.1251E-02	1.000
0.1299E-02	1.000
0.1349E-02	1.000
0.1400E-02	1.000
0.1453E-02	2.000
0.1509E-02	1.000
0.1566E-02	1.000
0.1626E-02	1.000
0.1688E-02	1.000
0.1752E-02	1.000
0.1819E-02	1.000
0.1888E-02	1.000
0.1960E-02	1.000
0.2034E-02	1.000
0.2112E-02	1.000
0.2192E-02	1.000
0.2276E-02	1.000
0.2362E-02	1.000
0.2452E-02	1.000
0.2546E-02	1.000
0.2643E-02	1.000
0.2743E-02	1.000
0.2848E-02	1.000
0.2956E-02	1.000
0.3069E-02	1.000
0.3186E-02	1.000
0.3307E-02	2.000
0.3433E-02	1.000
0.3564E-02	1.000
0.3700E-02	1.000
0.3841E-02	1.000
0.3987E-02	1.000
0.4139E-02	1.000
0.4296E-02	1.000
0.4460E-02	1.000
0.4630E-02	1.000
0.4806E-02	1.000
0.4989E-02	1.000
0.5179E-02	1.000
0.5377E-02	1.000
0.5581E-02	2.000
0.5794E-02	1.000
0.6015E-02	1.000
0.6244E-02	1.000
0.6481E-02	1.000
0.6728E-02	1.000
0.6985E-02	1.000
0.7251E-02	1.000
0.7527E-02	1.000
0.7813E-02	1.000
0.8111E-02	1.000
0.8420E-02	2.000
0.8741E-02	1.000
0.9073E-02	1.000
0.9419E-02	1.000
0.9778E-02	1.000
0.1015E-01	1.000
0.1054E-01	1.000
0.1094E-01	1.000
0.1135E-01	1.000
0.1179E-01	1.000
0.1224E-01	2.000
0.1270E-01	1.000
0.1319E-01	1.000
0.1369E-01	1.000
0.1421E-01	1.000
0.1475E-01	1.000
0.1531E-01	1.000
0.1590E-01	1.000
0.1650E-01	2.000
0.1713E-01	1.000
0.1778E-01	1.000
0.1846E-01	1.000
0.1916E-01	1.000
0.1989E-01	1.000
0.2065E-01	1.000
0.2144E-01	2.000
0.2225E-01	1.000
0.2310E-01	1.000
0.2398E-01	1.000
0.2489E-01	1.000
0.2584E-01	1.000
0.2682E-01	1.000
0.2785E-01	2.000
0.2891E-01	1.000
0.3001E-01	1.000
0.3115E-01	1.000
0.3234E-01	1.000
0.3357E-01	1.000
0.3485E-01	1.000
0.3617E-01	2.000
0.3755E-01	1.000
0.3898E-01	1.000
0.4047E-01	1.000
0.4201E-01	1.000
0.4361E-01	1.000
0.4527E-01	2.000
0.4699E-01	1.000
0.4878E-01	1.000
0.5064E-01	1.000
0.5257E-01	1.000
0.5457E-01	1.000
0.5665E-01	2.000
0.5881E-01	1.000
0.6105E-01	1.000
0.6337E-01	1.000
0.6579E-01	1.000
0.6829E-01	2.000
0.7089E-01	1.000
0.7359E-01	1.000
0.7640E-01	1.000
0.7931E-01	1.000
0.8233E-01	2.000
0.8546E-01	1.000
0.8872E-01	1.000
0.9210E-01	1.000
0.9560E-01	1.000
0.9924E-01	1.000
0.1030	2.000
0.1069	1.000
0.1110	1.000
0.1152	1.000
0.1196	2.000
0.1242	1.000
0.1289	1.000
0.1338	1.000
0.1389	1.000
0.1442	2.000
0.1497	1.000
0.1554	1.000
0.1613	1.000
0.1675	2.000
0.1739	1.000
0.1805	1.000
0.1874	1.000
0.1945	1.000
0.2019	2.000
0.2096	1.000
0.2176	1.000
0.2259	1.000
0.2345	2.000
0.2434	1.000
0.2527	1.000
0.2623	1.000
0.2723	2.000
0.2826	1.000
0.2934	1.000
0.3046	1.000
0.3162	2.000
0.3282	1.000
0.3407	1.000
0.3537	2.000
0.3672	1.000
0.3812	1.000
0.3957	1.000
0.4107	2.000
0.4264	1.000
0.4426	1.000
0.4595	2.000
0.4770	1.000
0.4952	1.000
0.5140	2.000
0.5336	1.000
0.5539	1.000
0.5750	1.000
0.5969	2.000
0.6196	1.000
0.6432	1.000
0.6677	2.000
0.6932	1.000
0.7196	1.000
0.7470	2.000
0.7754	1.000
0.8050	1.000
0.8356	2.000
0.8674	1.000
0.9005	1.000
0.9348	2.000
0.9704	1.000
1.007	1.000
1.046	1.000
1.086	2.000
1.127	1.000
1.170	1.000
1.214	1.000
1.261	2.000
1.309	1.000
1.358	1.000
1.410	1.000
1.464	2.000
1.520	1.000
1.578	1.000
1.638	1.000
1.700	1.000
1.765	2.000
1.832	3.000
1.902	4.000
1.974	1.000
2.049	2.000
2.127	3.000
2.208	2.000
2.293	1.000
2.380	3.000
2.470	2.000
2.565	1.000
2.662	1.000
2.764	1.000
2.869	1.000
2.978	4.000
3.092	1.000
3.209	1.000
3.332	4.000
3.458	1.000
3.590	1.000
3.727	1.000
3.869	1.000
4.016	2.000
4.169	1.000
4.328	1.000
4.493	1.000
4.664	1.000
4.841	1.000
5.026	1.000
5.217	1.000
5.416	1.000
5.622	2.000
5.836	1.000
6.059	1.000
6.289	1.000
6.529	1.000
6.778	1.000
7.036	1.000
7.304	1.000
7.582	1.000
7.871	1.000
8.170	2.000
8.482	1.000
8.805	1.000
9.140	1.000
9.488	1.000
9.849	1.000
10.22	1.000
10.61	1.000
11.02	1.000
11.44	1.000
11.87	1.000
12.33	1.000
12.80	1.000
13.28	1.000
13.79	1.000
14.31	1.000
14.86	2.000
15.42	1.000
16.01	1.000
16.62	1.000
17.25	1.000
17.91	1.000
18.59	1.000
19.30	1.000
20.04	1.000
20.80	1.000
21.59	1.000
22.42	1.000
23.27	1.000
24.16	1.000
25.08	2.000
26.03	1.000
27.02	1.000
28.05	1.000
29.12	1.000
30.23	1.000
31.38	1.000
32.57	2.000
33.82	1.000
35.10	1.000
36.44	1.000
37.83	2.000
39.27	1.000
40.76	2.000
42.32	1.000
43.93	1.000
45.60	2.000
47.34	1.000
49.14	2.000
51.01	1.000
52.96	2.000
54.97	1.000
57.07	1.000
59.24	2.000
61.50	1.000
63.84	1.000
66.27	1.000
68.79	2.000
71.41	1.000
74.13	1.000
76.96	1.000
79.89	2.000
82.93	1.000
86.09	1.000
89.37	1.000
92.77	1.000
96.31	1.000
99.97	2.000
103.8	1.000
107.7	1.000
111.8	1.000
116.1	1.000
120.5	1.000
125.1	1.000
129.9	1.000
134.8	1.000
140.0	1.000
145.3	2.000
150.8	1.000
156.6	1.000
162.5	1.000
168.7	1.000
175.1	1.000
181.8	1.000
188.7	1.000
195.9	1.000
203.4	1.000
211.1	1.000
219.2	2.000
227.5	1.000
236.2	1.000
245.2	1.000
254.5	1.000
264.2	1.000
274.3	1.000
284.7	1.000
295.6	1.000
306.8	2.000
318.5	1.000
330.6	1.000
343.2	1.000
356.3	1.000
369.9	1.000
384.0	1.000
398.6	1.000
413.8	2.000
429.5	1.000
445.9	1.000
462.9	1.000
480.5	1.000
498.8	1.000
517.8	1.000
537.5	1.000
558.0	2.000
579.2	1.000
601.3	1.000
624.2	1.000
648.0	1.000
672.6	1.000
698.3	2.000
724.9	1.000
752.5	1.000
781.1	1.000
810.9	1.000
841.8	2.000
873.8	1.000
907.1	1.000
941.6	1.000
977.5	1.000
1015.	2.000
1053.	1.000
1094.	1.000
1135.	1.000
1178.	1.000
1223.	2.000
1270.	1.000
1318.	1.000
1368.	1.000
1421.	1.000
1475.	2.000
1531.	1.000
1589.	1.000
1650.	1.000
1712.	2.000
1778.	1.000
1845.	1.000
1916.	1.000
1989.	2.000
2064.	1.000
2143.	1.000
2225.	1.000
2309.	2.000
2397.	1.000
2489.	1.000
2583.	2.000
2682.	1.000
2784.	1.000
2890.	1.000
3000.	2.000
 
 
C1    C5F10O    Attachment                                      
E/N (Td)	Rate coefficient (m3/s)
0.1000E-02	0.2443E-16
0.1038E-02	0.2494E-16
0.1078E-02	0.2506E-16
0.1119E-02	0.2519E-16
0.1161E-02	0.2533E-16
0.1205E-02	0.2547E-16
0.1251E-02	0.2562E-16
0.1299E-02	0.2578E-16
0.1349E-02	0.2595E-16
0.1400E-02	0.2612E-16
0.1453E-02	0.2639E-16
0.1509E-02	0.2657E-16
0.1566E-02	0.2676E-16
0.1626E-02	0.2696E-16
0.1688E-02	0.2716E-16
0.1752E-02	0.2738E-16
0.1819E-02	0.2760E-16
0.1888E-02	0.2784E-16
0.1960E-02	0.2808E-16
0.2034E-02	0.2833E-16
0.2112E-02	0.2860E-16
0.2192E-02	0.2887E-16
0.2276E-02	0.2915E-16
0.2362E-02	0.2944E-16
0.2452E-02	0.2974E-16
0.2546E-02	0.3005E-16
0.2643E-02	0.3037E-16
0.2743E-02	0.3069E-16
0.2848E-02	0.3103E-16
0.2956E-02	0.3138E-16
0.3069E-02	0.3174E-16
0.3186E-02	0.3211E-16
0.3307E-02	0.3249E-16
0.3433E-02	0.3288E-16
0.3564E-02	0.3328E-16
0.3700E-02	0.3369E-16
0.3841E-02	0.3411E-16
0.3987E-02	0.3455E-16
0.4139E-02	0.3499E-16
0.4296E-02	0.3545E-16
0.4460E-02	0.3591E-16
0.4630E-02	0.3639E-16
0.4806E-02	0.3688E-16
0.4989E-02	0.3739E-16
0.5179E-02	0.3790E-16
0.5377E-02	0.3843E-16
0.5581E-02	0.3896E-16
0.5794E-02	0.3952E-16
0.6015E-02	0.4009E-16
0.6244E-02	0.4067E-16
0.6481E-02	0.4126E-16
0.6728E-02	0.4187E-16
0.6985E-02	0.4249E-16
0.7251E-02	0.4312E-16
0.7527E-02	0.4378E-16
0.7813E-02	0.4444E-16
0.8111E-02	0.4512E-16
0.8420E-02	0.4581E-16
0.8741E-02	0.4652E-16
0.9073E-02	0.4725E-16
0.9419E-02	0.4799E-16
0.9778E-02	0.4875E-16
0.1015E-01	0.4953E-16
0.1054E-01	0.5032E-16
0.1094E-01	0.5113E-16
0.1135E-01	0.5196E-16
0.1179E-01	0.5281E-16
0.1224E-01	0.5367E-16
0.1270E-01	0.5455E-16
0.1319E-01	0.5545E-16
0.1369E-01	0.5637E-16
0.1421E-01	0.5731E-16
0.1475E-01	0.5827E-16
0.1531E-01	0.5925E-16
0.1590E-01	0.6025E-16
0.1650E-01	0.6127E-16
0.1713E-01	0.6231E-16
0.1778E-01	0.6338E-16
0.1846E-01	0.6446E-16
0.1916E-01	0.6557E-16
0.1989E-01	0.6670E-16
0.2065E-01	0.6786E-16
0.2144E-01	0.6903E-16
0.2225E-01	0.7023E-16
0.2310E-01	0.7146E-16
0.2398E-01	0.7271E-16
0.2489E-01	0.7399E-16
0.2584E-01	0.7529E-16
0.2682E-01	0.7662E-16
0.2785E-01	0.7797E-16
0.2891E-01	0.7935E-16
0.3001E-01	0.8076E-16
0.3115E-01	0.8220E-16
0.3234E-01	0.8366E-16
0.3357E-01	0.8516E-16
0.3485E-01	0.8668E-16
0.3617E-01	0.8823E-16
0.3755E-01	0.8982E-16
0.3898E-01	0.9144E-16
0.4047E-01	0.9309E-16
0.4201E-01	0.9477E-16
0.4361E-01	0.9648E-16
0.4527E-01	0.9823E-16
0.4699E-01	0.1000E-15
0.4878E-01	0.1018E-15
0.5064E-01	0.1037E-15
0.5257E-01	0.1056E-15
0.5457E-01	0.1075E-15
0.5665E-01	0.1095E-15
0.5881E-01	0.1115E-15
0.6105E-01	0.1135E-15
0.6337E-01	0.1156E-15
0.6579E-01	0.1177E-15
0.6829E-01	0.1199E-15
0.7089E-01	0.1221E-15
0.7359E-01	0.1243E-15
0.7640E-01	0.1266E-15
0.7931E-01	0.1289E-15
0.8233E-01	0.1313E-15
0.8546E-01	0.1337E-15
0.8872E-01	0.1362E-15
0.9210E-01	0.1387E-15
0.9560E-01	0.1413E-15
0.9924E-01	0.1439E-15
0.1030	0.1466E-15
0.1069	0.1493E-15
0.1110	0.1521E-15
0.1152	0.1549E-15
0.1196	0.1578E-15
0.1242	0.1607E-15
0.1289	0.1637E-15
0.1338	0.1667E-15
0.1389	0.1698E-15
0.1442	0.1730E-15
0.1497	0.1762E-15
0.1554	0.1795E-15
0.1613	0.1828E-15
0.1675	0.1863E-15
0.1739	0.1897E-15
0.1805	0.1933E-15
0.1874	0.1969E-15
0.1945	0.2006E-15
0.2019	0.2043E-15
0.2096	0.2081E-15
0.2176	0.2120E-15
0.2259	0.2160E-15
0.2345	0.2200E-15
0.2434	0.2242E-15
0.2527	0.2284E-15
0.2623	0.2327E-15
0.2723	0.2370E-15
0.2826	0.2415E-15
0.2934	0.2460E-15
0.3046	0.2506E-15
0.3162	0.2553E-15
0.3282	0.2602E-15
0.3407	0.2651E-15
0.3537	0.2701E-15
0.3672	0.2752E-15
0.3812	0.2804E-15
0.3957	0.2857E-15
0.4107	0.2911E-15
0.4264	0.2966E-15
0.4426	0.3023E-15
0.4595	0.3080E-15
0.4770	0.3139E-15
0.4952	0.3199E-15
0.5140	0.3259E-15
0.5336	0.3322E-15
0.5539	0.3385E-15
0.5750	0.3450E-15
0.5969	0.3516E-15
0.6196	0.3583E-15
0.6432	0.3652E-15
0.6677	0.3722E-15
0.6932	0.3793E-15
0.7196	0.3865E-15
0.7470	0.3939E-15
0.7754	0.4014E-15
0.8050	0.4090E-15
0.8356	0.4167E-15
0.8674	0.4246E-15
0.9005	0.4326E-15
0.9348	0.4406E-15
0.9704	0.4488E-15
1.007	0.4571E-15
1.046	0.4655E-15
1.086	0.4740E-15
1.127	0.4826E-15
1.170	0.4913E-15
1.214	0.5000E-15
1.261	0.5088E-15
1.309	0.5176E-15
1.358	0.5265E-15
1.410	0.5354E-15
1.464	0.5443E-15
1.520	0.5533E-15
1.578	0.5622E-15
1.638	0.5711E-15
1.700	0.5800E-15
1.765	0.5887E-15
1.832	0.5976E-15
1.902	0.6062E-15
1.974	0.6146E-15
2.049	0.6231E-15
2.127	0.6314E-15
2.208	0.6395E-15
2.293	0.6474E-15
2.380	0.6553E-15
2.470	0.6629E-15
2.565	0.6702E-15
2.662	0.6775E-15
2.764	0.6845E-15
2.869	0.6913E-15
2.978	0.6981E-15
3.092	0.7046E-15
3.209	0.7110E-15
3.332	0.7173E-15
3.458	0.7234E-15
3.590	0.7295E-15
3.727	0.7356E-15
3.869	0.7416E-15
4.016	0.7476E-15
4.169	0.7536E-15
4.328	0.7597E-15
4.493	0.7658E-15
4.664	0.7721E-15
4.841	0.7784E-15
5.026	0.7849E-15
5.217	0.7915E-15
5.416	0.7983E-15
5.622	0.8053E-15
5.836	0.8125E-15
6.059	0.8199E-15
6.289	0.8276E-15
6.529	0.8356E-15
6.778	0.8438E-15
7.036	0.8524E-15
7.304	0.8613E-15
7.582	0.8706E-15
7.871	0.8803E-15
8.170	0.8904E-15
8.482	0.9010E-15
8.805	0.9120E-15
9.140	0.9235E-15
9.488	0.9355E-15
9.849	0.9481E-15
10.22	0.9612E-15
10.61	0.9750E-15
11.02	0.9894E-15
11.44	0.1004E-14
11.87	0.1020E-14
12.33	0.1037E-14
12.80	0.1054E-14
13.28	0.1072E-14
13.79	0.1091E-14
14.31	0.1111E-14
14.86	0.1132E-14
15.42	0.1154E-14
16.01	0.1178E-14
16.62	0.1202E-14
17.25	0.1227E-14
17.91	0.1254E-14
18.59	0.1282E-14
19.30	0.1311E-14
20.04	0.1342E-14
20.80	0.1374E-14
21.59	0.1407E-14
22.42	0.1443E-14
23.27	0.1479E-14
24.16	0.1518E-14
25.08	0.1558E-14
26.03	0.1600E-14
27.02	0.1644E-14
28.05	0.1689E-14
29.12	0.1737E-14
30.23	0.1786E-14
31.38	0.1837E-14
32.57	0.1890E-14
33.82	0.1945E-14
35.10	0.2001E-14
36.44	0.2059E-14
37.83	0.2119E-14
39.27	0.2180E-14
40.76	0.2243E-14
42.32	0.2307E-14
43.93	0.2372E-14
45.60	0.2439E-14
47.34	0.2506E-14
49.14	0.2574E-14
51.01	0.2643E-14
52.96	0.2712E-14
54.97	0.2782E-14
57.07	0.2851E-14
59.24	0.2921E-14
61.50	0.2991E-14
63.84	0.3060E-14
66.27	0.3129E-14
68.79	0.3198E-14
71.41	0.3266E-14
74.13	0.3334E-14
76.96	0.3400E-14
79.89	0.3466E-14
82.93	0.3531E-14
86.09	0.3595E-14
89.37	0.3658E-14
92.77	0.3720E-14
96.31	0.3781E-14
99.97	0.3839E-14
103.8	0.3895E-14
107.7	0.3946E-14
111.8	0.3987E-14
116.1	0.4008E-14
120.5	0.3992E-14
125.1	0.3943E-14
129.9	0.3877E-14
134.8	0.3806E-14
140.0	0.3735E-14
145.3	0.3665E-14
150.8	0.3599E-14
156.6	0.3536E-14
162.5	0.3477E-14
168.7	0.3421E-14
175.1	0.3369E-14
181.8	0.3320E-14
188.7	0.3274E-14
195.9	0.3230E-14
203.4	0.3188E-14
211.1	0.3147E-14
219.2	0.3107E-14
227.5	0.3066E-14
236.2	0.3025E-14
245.2	0.2983E-14
254.5	0.2940E-14
264.2	0.2895E-14
274.3	0.2849E-14
284.7	0.2802E-14
295.6	0.2753E-14
306.8	0.2703E-14
318.5	0.2653E-14
330.6	0.2601E-14
343.2	0.2550E-14
356.3	0.2499E-14
369.9	0.2447E-14
384.0	0.2396E-14
398.6	0.2346E-14
413.8	0.2296E-14
429.5	0.2247E-14
445.9	0.2199E-14
462.9	0.2153E-14
480.5	0.2107E-14
498.8	0.2062E-14
517.8	0.2019E-14
537.5	0.1977E-14
558.0	0.1936E-14
579.2	0.1897E-14
601.3	0.1858E-14
624.2	0.1821E-14
648.0	0.1785E-14
672.6	0.1750E-14
698.3	0.1716E-14
724.9	0.1683E-14
752.5	0.1651E-14
781.1	0.1620E-14
810.9	0.1590E-14
841.8	0.1560E-14
873.8	0.1531E-14
907.1	0.1503E-14
941.6	0.1476E-14
977.5	0.1449E-14
1015.	0.1422E-14
1053.	0.1396E-14
1094.	0.1371E-14
1135.	0.1346E-14
1178.	0.1321E-14
1223.	0.1297E-14
1270.	0.1273E-14
1318.	0.1249E-14
1368.	0.1225E-14
1421.	0.1202E-14
1475.	0.1179E-14
1531.	0.1156E-14
1589.	0.1133E-14
1650.	0.1111E-14
1712.	0.1088E-14
1778.	0.1066E-14
1845.	0.1044E-14
1916.	0.1022E-14
1989.	0.1001E-14
2064.	0.9789E-15
2143.	0.9574E-15
2225.	0.9360E-15
2309.	0.9148E-15
2397.	0.8938E-15
2489.	0.8728E-15
2583.	0.8521E-15
2682.	0.8314E-15
2784.	0.8110E-15
2890.	0.7907E-15
3000.	0.7706E-15
 
 
C2    C5F10O    Elastic                                         
E/N (Td)	Rate coefficient (m3/s)
0.1000E-02	0.3437E-14
0.1038E-02	0.3508E-14
0.1078E-02	0.3525E-14
0.1119E-02	0.3544E-14
0.1161E-02	0.3563E-14
0.1205E-02	0.3583E-14
0.1251E-02	0.3604E-14
0.1299E-02	0.3626E-14
0.1349E-02	0.3649E-14
0.1400E-02	0.3674E-14
0.1453E-02	0.3712E-14
0.1509E-02	0.3737E-14
0.1566E-02	0.3764E-14
0.1626E-02	0.3792E-14
0.1688E-02	0.3821E-14
0.1752E-02	0.3851E-14
0.1819E-02	0.3883E-14
0.1888E-02	0.3916E-14
0.1960E-02	0.3950E-14
0.2034E-02	0.3985E-14
0.2112E-02	0.4022E-14
0.2192E-02	0.4060E-14
0.2276E-02	0.4100E-14
0.2362E-02	0.4140E-14
0.2452E-02	0.4183E-14
0.2546E-02	0.4226E-14
0.2643E-02	0.4271E-14
0.2743E-02	0.4317E-14
0.2848E-02	0.4365E-14
0.2956E-02	0.4414E-14
0.3069E-02	0.4465E-14
0.3186E-02	0.4516E-14
0.3307E-02	0.4570E-14
0.3433E-02	0.4625E-14
0.3564E-02	0.4681E-14
0.3700E-02	0.4739E-14
0.3841E-02	0.4798E-14
0.3987E-02	0.4859E-14
0.4139E-02	0.4921E-14
0.4296E-02	0.4985E-14
0.4460E-02	0.5051E-14
0.4630E-02	0.5119E-14
0.4806E-02	0.5188E-14
0.4989E-02	0.5258E-14
0.5179E-02	0.5331E-14
0.5377E-02	0.5405E-14
0.5581E-02	0.5481E-14
0.5794E-02	0.5558E-14
0.6015E-02	0.5638E-14
0.6244E-02	0.5720E-14
0.6481E-02	0.5803E-14
0.6728E-02	0.5889E-14
0.6985E-02	0.5976E-14
0.7251E-02	0.6066E-14
0.7527E-02	0.6157E-14
0.7813E-02	0.6251E-14
0.8111E-02	0.6347E-14
0.8420E-02	0.6444E-14
0.8741E-02	0.6544E-14
0.9073E-02	0.6646E-14
0.9419E-02	0.6751E-14
0.9778E-02	0.6857E-14
0.1015E-01	0.6967E-14
0.1054E-01	0.7078E-14
0.1094E-01	0.7192E-14
0.1135E-01	0.7309E-14
0.1179E-01	0.7428E-14
0.1224E-01	0.7549E-14
0.1270E-01	0.7673E-14
0.1319E-01	0.7800E-14
0.1369E-01	0.7929E-14
0.1421E-01	0.8061E-14
0.1475E-01	0.8196E-14
0.1531E-01	0.8334E-14
0.1590E-01	0.8475E-14
0.1650E-01	0.8618E-14
0.1713E-01	0.8764E-14
0.1778E-01	0.8914E-14
0.1846E-01	0.9067E-14
0.1916E-01	0.9223E-14
0.1989E-01	0.9382E-14
0.2065E-01	0.9544E-14
0.2144E-01	0.9709E-14
0.2225E-01	0.9878E-14
0.2310E-01	0.1005E-13
0.2398E-01	0.1023E-13
0.2489E-01	0.1041E-13
0.2584E-01	0.1059E-13
0.2682E-01	0.1078E-13
0.2785E-01	0.1097E-13
0.2891E-01	0.1116E-13
0.3001E-01	0.1136E-13
0.3115E-01	0.1156E-13
0.3234E-01	0.1177E-13
0.3357E-01	0.1198E-13
0.3485E-01	0.1219E-13
0.3617E-01	0.1241E-13
0.3755E-01	0.1263E-13
0.3898E-01	0.1286E-13
0.4047E-01	0.1309E-13
0.4201E-01	0.1333E-13
0.4361E-01	0.1357E-13
0.4527E-01	0.1382E-13
0.4699E-01	0.1407E-13
0.4878E-01	0.1432E-13
0.5064E-01	0.1458E-13
0.5257E-01	0.1485E-13
0.5457E-01	0.1512E-13
0.5665E-01	0.1540E-13
0.5881E-01	0.1568E-13
0.6105E-01	0.1596E-13
0.6337E-01	0.1626E-13
0.6579E-01	0.1656E-13
0.6829E-01	0.1686E-13
0.7089E-01	0.1717E-13
0.7359E-01	0.1748E-13
0.7640E-01	0.1781E-13
0.7931E-01	0.1814E-13
0.8233E-01	0.1847E-13
0.8546E-01	0.1881E-13
0.8872E-01	0.1916E-13
0.9210E-01	0.1951E-13
0.9560E-01	0.1987E-13
0.9924E-01	0.2024E-13
0.1030	0.2062E-13
0.1069	0.2100E-13
0.1110	0.2139E-13
0.1152	0.2178E-13
0.1196	0.2219E-13
0.1242	0.2260E-13
0.1289	0.2302E-13
0.1338	0.2345E-13
0.1389	0.2388E-13
0.1442	0.2432E-13
0.1497	0.2478E-13
0.1554	0.2524E-13
0.1613	0.2570E-13
0.1675	0.2618E-13
0.1739	0.2666E-13
0.1805	0.2716E-13
0.1874	0.2766E-13
0.1945	0.2817E-13
0.2019	0.2868E-13
0.2096	0.2921E-13
0.2176	0.2975E-13
0.2259	0.3029E-13
0.2345	0.3084E-13
0.2434	0.3140E-13
0.2527	0.3197E-13
0.2623	0.3255E-13
0.2723	0.3314E-13
0.2826	0.3373E-13
0.2934	0.3434E-13
0.3046	0.3495E-13
0.3162	0.3557E-13
0.3282	0.3620E-13
0.3407	0.3684E-13
0.3537	0.3749E-13
0.3672	0.3816E-13
0.3812	0.3883E-13
0.3957	0.3951E-13
0.4107	0.4020E-13
0.4264	0.4091E-13
0.4426	0.4162E-13
0.4595	0.4235E-13
0.4770	0.4310E-13
0.4952	0.4385E-13
0.5140	0.4462E-13
0.5336	0.4541E-13
0.5539	0.4621E-13
0.5750	0.4704E-13
0.5969	0.4787E-13
0.6196	0.4873E-13
0.6432	0.4960E-13
0.6677	0.5050E-13
0.6932	0.5142E-13
0.7196	0.5237E-13
0.7470	0.5333E-13
0.7754	0.5433E-13
0.8050	0.5535E-13
0.8356	0.5640E-13
0.8674	0.5749E-13
0.9005	0.5861E-13
0.9348	0.5976E-13
0.9704	0.6095E-13
1.007	0.6219E-13
1.046	0.6347E-13
1.086	0.6479E-13
1.127	0.6617E-13
1.170	0.6759E-13
1.214	0.6908E-13
1.261	0.7061E-13
1.309	0.7222E-13
1.358	0.7390E-13
1.410	0.7564E-13
1.464	0.7746E-13
1.520	0.7935E-13
1.578	0.8133E-13
1.638	0.8339E-13
1.700	0.8553E-13
1.765	0.8772E-13
1.832	0.9006E-13
1.902	0.9243E-13
1.974	0.9484E-13
2.049	0.9735E-13
2.127	0.9992E-13
2.208	0.1025E-12
2.293	0.1051E-12
2.380	0.1077E-12
2.470	0.1104E-12
2.565	0.1129E-12
2.662	0.1155E-12
2.764	0.1180E-12
2.869	0.1204E-12
2.978	0.1228E-12
3.092	0.1251E-12
3.209	0.1274E-12
3.332	0.1296E-12
3.458	0.1317E-12
3.590	0.1337E-12
3.727	0.1356E-12
3.869	0.1375E-12
4.016	0.1394E-12
4.169	0.1411E-12
4.328	0.1428E-12
4.493	0.1445E-12
4.664	0.1461E-12
4.841	0.1477E-12
5.026	0.1493E-12
5.217	0.1508E-12
5.416	0.1523E-12
5.622	0.1538E-12
5.836	0.1552E-12
6.059	0.1566E-12
6.289	0.1580E-12
6.529	0.1594E-12
6.778	0.1608E-12
7.036	0.1622E-12
7.304	0.1635E-12
7.582	0.1649E-12
7.871	0.1662E-12
8.170	0.1676E-12
8.482	0.1689E-12
8.805	0.1702E-12
9.140	0.1715E-12
9.488	0.1729E-12
9.849	0.1742E-12
10.22	0.1755E-12
10.61	0.1768E-12
11.02	0.1782E-12
11.44	0.1795E-12
11.87	0.1808E-12
12.33	0.1822E-12
12.80	0.1835E-12
13.28	0.1848E-12
13.79	0.1862E-12
14.31	0.1875E-12
14.86	0.1889E-12
15.42	0.1903E-12
16.01	0.1916E-12
16.62	0.1930E-12
17.25	0.1944E-12
17.91	0.1958E-12
18.59	0.1972E-12
19.30	0.1987E-12
20.04	0.2001E-12
20.80	0.2015E-12
21.59	0.2030E-12
22.42	0.2045E-12
23.27	0.2060E-12
24.16	0.2075E-12
25.08	0.2090E-12
26.03	0.2106E-12
27.02	0.2122E-12
28.05	0.2137E-12
29.12	0.2154E-12
30.23	0.2170E-12
31.38	0.2186E-12
32.57	0.2203E-12
33.82	0.2220E-12
35.10	0.2237E-12
36.44	0.2254E-12
37.83	0.2272E-12
39.27	0.2289E-12
40.76	0.2307E-12
42.32	0.2324E-12
43.93	0.2342E-12
45.60	0.2360E-12
47.34	0.2378E-12
49.14	0.2396E-12
51.01	0.2413E-12
52.96	0.2431E-12
54.97	0.2449E-12
57.07	0.2466E-12
59.24	0.2483E-12
61.50	0.2501E-12
63.84	0.2518E-12
66.27	0.2534E-12
68.79	0.2551E-12
71.41	0.2567E-12
74.13	0.2584E-12
76.96	0.2600E-12
79.89	0.2616E-12
82.93	0.2631E-12
86.09	0.2647E-12
89.37	0.2663E-12
92.77	0.2679E-12
96.31	0.2696E-12
99.97	0.2714E-12
103.8	0.2733E-12
107.7	0.2757E-12
111.8	0.2791E-12
116.1	0.2847E-12
120.5	0.2939E-12
125.1	0.3061E-12
129.9	0.3192E-12
134.8	0.3320E-12
140.0	0.3443E-12
145.3	0.3557E-12
150.8	0.3664E-12
156.6	0.3764E-12
162.5	0.3856E-12
168.7	0.3943E-12
175.1	0.4023E-12
181.8	0.4099E-12
188.7	0.4169E-12
195.9	0.4236E-12
203.4	0.4300E-12
211.1	0.4361E-12
219.2	0.4420E-12
227.5	0.4477E-12
236.2	0.4532E-12
245.2	0.4587E-12
254.5	0.4641E-12
264.2	0.4695E-12
274.3	0.4748E-12
284.7	0.4800E-12
295.6	0.4852E-12
306.8	0.4904E-12
318.5	0.4954E-12
330.6	0.5004E-12
343.2	0.5053E-12
356.3	0.5101E-12
369.9	0.5147E-12
384.0	0.5193E-12
398.6	0.5237E-12
413.8	0.5280E-12
429.5	0.5322E-12
445.9	0.5362E-12
462.9	0.5401E-12
480.5	0.5438E-12
498.8	0.5475E-12
517.8	0.5510E-12
537.5	0.5544E-12
558.0	0.5577E-12
579.2	0.5608E-12
601.3	0.5639E-12
624.2	0.5669E-12
648.0	0.5697E-12
672.6	0.5725E-12
698.3	0.5752E-12
724.9	0.5778E-12
752.5	0.5804E-12
781.1	0.5829E-12
810.9	0.5853E-12
841.8	0.5877E-12
873.8	0.5900E-12
907.1	0.5924E-12
941.6	0.5946E-12
977.5	0.5969E-12
1015.	0.5991E-12
1053.	0.6013E-12
1094.	0.6034E-12
1135.	0.6056E-12
1178.	0.6077E-12
1223.	0.6098E-12
1270.	0.6119E-12
1318.	0.6140E-12
1368.	0.6161E-12
1421.	0.6182E-12
1475.	0.6203E-12
1531.	0.6223E-12
1589.	0.6244E-12
1650.	0.6265E-12
1712.	0.6285E-12
1778.	0.6306E-12
1845.	0.6326E-12
1916.	0.6346E-12
1989.	0.6367E-12
2064.	0.6387E-12
2143.	0.6407E-12
2225.	0.6426E-12
2309.	0.6446E-12
2397.	0.6465E-12
2489.	0.6484E-12
2583.	0.6502E-12
2682.	0.6521E-12
2784.	0.6539E-12
2890.	0.6556E-12
3000.	0.6573E-12
 
 
C3    C5F10O    Excitation    1.29 eV                           
E/N (Td)	Rate coefficient (m3/s)
0.1000E-02	0.000
0.1038E-02	0.000
0.1078E-02	0.000
0.1119E-02	0.000
0.1161E-02	0.000
0.1205E-02	0.000
0.1251E-02	0.000
0.1299E-02	0.000
0.1349E-02	0.000
0.1400E-02	0.000
0.1453E-02	0.000
0.1509E-02	0.000
0.1566E-02	0.000
0.1626E-02	0.000
0.1688E-02	0.000
0.1752E-02	0.000
0.1819E-02	0.000
0.1888E-02	0.000
0.1960E-02	0.000
0.2034E-02	0.000
0.2112E-02	0.000
0.2192E-02	0.000
0.2276E-02	0.000
0.2362E-02	0.000
0.2452E-02	0.000
0.2546E-02	0.000
0.2643E-02	0.000
0.2743E-02	0.000
0.2848E-02	0.000
0.2956E-02	0.000
0.3069E-02	0.000
0.3186E-02	0.000
0.3307E-02	0.000
0.3433E-02	0.000
0.3564E-02	0.000
0.3700E-02	0.000
0.3841E-02	0.000
0.3987E-02	0.000
0.4139E-02	0.000
0.4296E-02	0.000
0.4460E-02	0.000
0.4630E-02	0.000
0.4806E-02	0.000
0.4989E-02	0.000
0.5179E-02	0.000
0.5377E-02	0.000
0.5581E-02	0.000
0.5794E-02	0.000
0.6015E-02	0.000
0.6244E-02	0.000
0.6481E-02	0.000
0.6728E-02	0.000
0.6985E-02	0.000
0.7251E-02	0.000
0.7527E-02	0.000
0.7813E-02	0.000
0.8111E-02	0.000
0.8420E-02	0.000
0.8741E-02	0.000
0.9073E-02	0.000
0.9419E-02	0.000
0.9778E-02	0.000
0.1015E-01	0.000
0.1054E-01	0.000
0.1094E-01	0.000
0.1135E-01	0.000
0.1179E-01	0.000
0.1224E-01	0.000
0.1270E-01	0.000
0.1319E-01	0.000
0.1369E-01	0.000
0.1421E-01	0.000
0.1475E-01	0.000
0.1531E-01	0.000
0.1590E-01	0.000
0.1650E-01	0.000
0.1713E-01	0.000
0.1778E-01	0.000
0.1846E-01	0.000
0.1916E-01	0.000
0.1989E-01	0.000
0.2065E-01	0.000
0.2144E-01	0.000
0.2225E-01	0.000
0.2310E-01	0.000
0.2398E-01	0.000
0.2489E-01	0.000
0.2584E-01	0.000
0.2682E-01	0.000
0.2785E-01	0.000
0.2891E-01	0.000
0.3001E-01	0.000
0.3115E-01	0.000
0.3234E-01	0.000
0.3357E-01	0.000
0.3485E-01	0.000
0.3617E-01	0.000
0.3755E-01	0.000
0.3898E-01	0.000
0.4047E-01	0.000
0.4201E-01	0.000
0.4361E-01	0.000
0.4527E-01	0.000
0.4699E-01	0.000
0.4878E-01	0.000
0.5064E-01	0.000
0.5257E-01	0.000
0.5457E-01	0.000
0.5665E-01	0.000
0.5881E-01	0.000
0.6105E-01	0.000
0.6337E-01	0.000
0.6579E-01	0.000
0.6829E-01	0.000
0.7089E-01	0.000
0.7359E-01	0.000
0.7640E-01	0.000
0.7931E-01	0.000
0.8233E-01	0.000
0.8546E-01	0.000
0.8872E-01	0.000
0.9210E-01	0.000
0.9560E-01	0.000
0.9924E-01	0.000
0.1030	0.000
0.1069	0.000
0.1110	0.000
0.1152	0.000
0.1196	0.000
0.1242	0.000
0.1289	0.000
0.1338	0.000
0.1389	0.000
0.1442	0.000
0.1497	0.000
0.1554	0.000
0.1613	0.000
0.1675	0.000
0.1739	0.000
0.1805	0.000
0.1874	0.000
0.1945	0.000
0.2019	0.000
0.2096	0.000
0.2176	0.000
0.2259	0.000
0.2345	0.000
0.2434	0.000
0.2527	0.000
0.2623	0.000
0.2723	0.000
0.2826	0.000
0.2934	0.000
0.3046	0.000
0.3162	0.000
0.3282	0.000
0.3407	0.000
0.3537	0.000
0.3672	0.000
0.3812	0.000
0.3957	0.000
0.4107	0.000
0.4264	0.000
0.4426	0.000
0.4595	0.000
0.4770	0.000
0.4952	0.000
0.5140	0.000
0.5336	0.000
0.5539	0.000
0.5750	0.000
0.5969	0.000
0.6196	0.000
0.6432	0.000
0.6677	0.000
0.6932	0.000
0.7196	0.000
0.7470	0.000
0.7754	0.000
0.8050	0.000
0.8356	0.000
0.8674	0.000
0.9005	0.000
0.9348	0.000
0.9704	0.000
1.007	0.000
1.046	0.000
1.086	0.000
1.127	0.000
1.170	0.000
1.214	0.000
1.261	0.000
1.309	0.000
1.358	0.000
1.410	0.000
1.464	0.000
1.520	0.000
1.578	0.000
1.638	0.000
1.700	0.000
1.765	0.000
1.832	0.000
1.902	0.000
1.974	0.000
2.049	0.000
2.127	0.000
2.208	0.000
2.293	0.000
2.380	0.000
2.470	0.3525E-33
2.565	0.1076E-32
2.662	0.3211E-32
2.764	0.9109E-32
2.869	0.2472E-31
2.978	0.1532E-30
3.092	0.3888E-30
3.209	0.9664E-30
3.332	0.3341E-29
3.458	0.7874E-29
3.590	0.1827E-28
3.727	0.4107E-28
3.869	0.8976E-28
4.016	0.3114E-27
4.169	0.6873E-27
4.328	0.1513E-26
4.493	0.3276E-26
4.664	0.6976E-26
4.841	0.1462E-25
5.026	0.3007E-25
5.217	0.6088E-25
5.416	0.1212E-24
5.622	0.2762E-24
5.836	0.5494E-24
6.059	0.1078E-23
6.289	0.2087E-23
6.529	0.3988E-23
6.778	0.7512E-23
7.036	0.1395E-22
7.304	0.2558E-22
7.582	0.4619E-22
7.871	0.8225E-22
8.170	0.1448E-21
8.482	0.2508E-21
8.805	0.4282E-21
9.140	0.7211E-21
9.488	0.1198E-20
9.849	0.1964E-20
10.22	0.3176E-20
10.61	0.5069E-20
11.02	0.7985E-20
11.44	0.1242E-19
11.87	0.1909E-19
12.33	0.2897E-19
12.80	0.4346E-19
13.28	0.6444E-19
13.79	0.9448E-19
14.31	0.1370E-18
14.86	0.1966E-18
15.42	0.2790E-18
16.01	0.3920E-18
16.62	0.5454E-18
17.25	0.7515E-18
17.91	0.1026E-17
18.59	0.1388E-17
19.30	0.1861E-17
20.04	0.2474E-17
20.80	0.3262E-17
21.59	0.4268E-17
22.42	0.5539E-17
23.27	0.7135E-17
24.16	0.9126E-17
25.08	0.1159E-16
26.03	0.1462E-16
27.02	0.1831E-16
28.05	0.2280E-16
29.12	0.2821E-16
30.23	0.3469E-16
31.38	0.4241E-16
32.57	0.5156E-16
33.82	0.6234E-16
35.10	0.7497E-16
36.44	0.8970E-16
37.83	0.1068E-15
39.27	0.1265E-15
40.76	0.1492E-15
42.32	0.1751E-15
43.93	0.2046E-15
45.60	0.2381E-15
47.34	0.2758E-15
49.14	0.3183E-15
51.01	0.3659E-15
52.96	0.4190E-15
54.97	0.4781E-15
57.07	0.5437E-15
59.24	0.6165E-15
61.50	0.6961E-15
63.84	0.7839E-15
66.27	0.8803E-15
68.79	0.9860E-15
71.41	0.1101E-14
74.13	0.1226E-14
76.96	0.1363E-14
79.89	0.1512E-14
82.93	0.1674E-14
86.09	0.1849E-14
89.37	0.2039E-14
92.77	0.2245E-14
96.31	0.2470E-14
99.97	0.2718E-14
103.8	0.2991E-14
107.7	0.3302E-14
111.8	0.3674E-14
116.1	0.4155E-14
120.5	0.4806E-14
125.1	0.5590E-14
129.9	0.6412E-14
134.8	0.7225E-14
140.0	0.8014E-14
145.3	0.8775E-14
150.8	0.9510E-14
156.6	0.1022E-13
162.5	0.1092E-13
168.7	0.1159E-13
175.1	0.1226E-13
181.8	0.1291E-13
188.7	0.1355E-13
195.9	0.1418E-13
203.4	0.1481E-13
211.1	0.1543E-13
219.2	0.1604E-13
227.5	0.1664E-13
236.2	0.1724E-13
245.2	0.1782E-13
254.5	0.1840E-13
264.2	0.1896E-13
274.3	0.1951E-13
284.7	0.2004E-13
295.6	0.2056E-13
306.8	0.2106E-13
318.5	0.2154E-13
330.6	0.2200E-13
343.2	0.2244E-13
356.3	0.2286E-13
369.9	0.2326E-13
384.0	0.2365E-13
398.6	0.2401E-13
413.8	0.2436E-13
429.5	0.2469E-13
445.9	0.2501E-13
462.9	0.2532E-13
480.5	0.2561E-13
498.8	0.2589E-13
517.8	0.2616E-13
537.5	0.2642E-13
558.0	0.2667E-13
579.2	0.2692E-13
601.3	0.2716E-13
624.2	0.2740E-13
648.0	0.2764E-13
672.6	0.2788E-13
698.3	0.2812E-13
724.9	0.2836E-13
752.5	0.2861E-13
781.1	0.2886E-13
810.9	0.2912E-13
841.8	0.2939E-13
873.8	0.2966E-13
907.1	0.2995E-13
941.6	0.3025E-13
977.5	0.3056E-13
1015.	0.3089E-13
1053.	0.3124E-13
1094.	0.3160E-13
1135.	0.3198E-13
1178.	0.3238E-13
1223.	0.3281E-13
1270.	0.3326E-13
1318.	0.3374E-13
1368.	0.3424E-13
1421.	0.3477E-13
1475.	0.3533E-13
1531.	0.3593E-13
1589.	0.3656E-13
1650.	0.3722E-13
1712.	0.3791E-13
1778.	0.3865E-13
1845.	0.3942E-13
1916.	0.4023E-13
1989.	0.4109E-13
2064.	0.4198E-13
2143.	0.4292E-13
2225.	0.4390E-13
2309.	0.4492E-13
2397.	0.4599E-13
2489.	0.4710E-13
2583.	0.4826E-13
2682.	0.4945E-13
2784.	0.5070E-13
2890.	0.5198E-13
3000.	0.5330E-13
 
 
C4    C5F10O    Excitation    13.83 eV                          
E/N (Td)	Rate coefficient (m3/s)
0.1000E-02	0.000
0.1038E-02	0.000
0.1078E-02	0.000
0.1119E-02	0.000
0.1161E-02	0.000
0.1205E-02	0.000
0.1251E-02	0.000
0.1299E-02	0.000
0.1349E-02	0.000
0.1400E-02	0.000
0.1453E-02	0.000
0.1509E-02	0.000
0.1566E-02	0.000
0.1626E-02	0.000
0.1688E-02	0.000
0.1752E-02	0.000
0.1819E-02	0.000
0.1888E-02	0.000
0.1960E-02	0.000
0.2034E-02	0.000
0.2112E-02	0.000
0.2192E-02	0.000
0.2276E-02	0.000
0.2362E-02	0.000
0.2452E-02	0.000
0.2546E-02	0.000
0.2643E-02	0.000
0.2743E-02	0.000
0.2848E-02	0.000
0.2956E-02	0.000
0.3069E-02	0.000
0.3186E-02	0.000
0.3307E-02	0.000
0.3433E-02	0.000
0.3564E-02	0.000
0.3700E-02	0.000
0.3841E-02	0.000
0.3987E-02	0.000
0.4139E-02	0.000
0.4296E-02	0.000
0.4460E-02	0.000
0.4630E-02	0.000
0.4806E-02	0.000
0.4989E-02	0.000
0.5179E-02	0.000
0.5377E-02	0.000
0.5581E-02	0.000
0.5794E-02	0.000
0.6015E-02	0.000
0.6244E-02	0.000
0.6481E-02	0.000
0.6728E-02	0.000
0.6985E-02	0.000
0.7251E-02	0.000
0.7527E-02	0.000
0.7813E-02	0.000
0.8111E-02	0.000
0.8420E-02	0.000
0.8741E-02	0.000
0.9073E-02	0.000
0.9419E-02	0.000
0.9778E-02	0.000
0.1015E-01	0.000
0.1054E-01	0.000
0.1094E-01	0.000
0.1135E-01	0.000
0.1179E-01	0.000
0.1224E-01	0.000
0.1270E-01	0.000
0.1319E-01	0.000
0.1369E-01	0.000
0.1421E-01	0.000
0.1475E-01	0.000
0.1531E-01	0.000
0.1590E-01	0.000
0.1650E-01	0.000
0.1713E-01	0.000
0.1778E-01	0.000
0.1846E-01	0.000
0.1916E-01	0.000
0.1989E-01	0.000
0.2065E-01	0.000
0.2144E-01	0.000
0.2225E-01	0.000
0.2310E-01	0.000
0.2398E-01	0.000
0.2489E-01	0.000
0.2584E-01	0.000
0.2682E-01	0.000
0.2785E-01	0.000
0.2891E-01	0.000
0.3001E-01	0.000
0.3115E-01	0.000
0.3234E-01	0.000
0.3357E-01	0.000
0.3485E-01	0.000
0.3617E-01	0.000
0.3755E-01	0.000
0.3898E-01	0.000
0.4047E-01	0.000
0.4201E-01	0.000
0.4361E-01	0.000
0.4527E-01	0.000
0.4699E-01	0.000
0.4878E-01	0.000
0.5064E-01	0.000
0.5257E-01	0.000
0.5457E-01	0.000
0.5665E-01	0.000
0.5881E-01	0.000
0.6105E-01	0.000
0.6337E-01	0.000
0.6579E-01	0.000
0.6829E-01	0.000
0.7089E-01	0.000
0.7359E-01	0.000
0.7640E-01	0.000
0.7931E-01	0.000
0.8233E-01	0.000
0.8546E-01	0.000
0.8872E-01	0.000
0.9210E-01	0.000
0.9560E-01	0.000
0.9924E-01	0.000
0.1030	0.000
0.1069	0.000
0.1110	0.000
0.1152	0.000
0.1196	0.000
0.1242	0.000
0.1289	0.000
0.1338	0.000
0.1389	0.000
0.1442	0.000
0.1497	0.000
0.1554	0.000
0.1613	0.000
0.1675	0.000
0.1739	0.000
0.1805	0.000
0.1874	0.000
0.1945	0.000
0.2019	0.000
0.2096	0.000
0.2176	0.000
0.2259	0.000
0.2345	0.000
0.2434	0.000
0.2527	0.000
0.2623	0.000
0.2723	0.000
0.2826	0.000
0.2934	0.000
0.3046	0.000
0.3162	0.000
0.3282	0.000
0.3407	0.000
0.3537	0.000
0.3672	0.000
0.3812	0.000
0.3957	0.000
0.4107	0.000
0.4264	0.000
0.4426	0.000
0.4595	0.000
0.4770	0.000
0.4952	0.000
0.5140	0.000
0.5336	0.000
0.5539	0.000
0.5750	0.000
0.5969	0.000
0.6196	0.000
0.6432	0.000
0.6677	0.000
0.6932	0.000
0.7196	0.000
0.7470	0.000
0.7754	0.000
0.8050	0.000
0.8356	0.000
0.8674	0.000
0.9005	0.000
0.9348	0.000
0.9704	0.000
1.007	0.000
1.046	0.000
1.086	0.000
1.127	0.000
1.170	0.000
1.214	0.000
1.261	0.000
1.309	0.000
1.358	0.000
1.410	0.000
1.464	0.000
1.520	0.000
1.578	0.000
1.638	0.000
1.700	0.000
1.765	0.000
1.832	0.000
1.902	0.000
1.974	0.000
2.049	0.000
2.127	0.000
2.208	0.000
2.293	0.000
2.380	0.000
2.470	0.000
2.565	0.000
2.662	0.000
2.764	0.000
2.869	0.000
2.978	0.000
3.092	0.000
3.209	0.000
3.332	0.000
3.458	0.000
3.590	0.000
3.727	0.000
3.869	0.000
4.016	0.000
4.169	0.000
4.328	0.000
4.493	0.000
4.664	0.000
4.841	0.000
5.026	0.000
5.217	0.000
5.416	0.000
5.622	0.000
5.836	0.000
6.059	0.000
6.289	0.000
6.529	0.000
6.778	0.000
7.036	0.000
7.304	0.000
7.582	0.000
7.871	0.000
8.170	0.000
8.482	0.000
8.805	0.000
9.140	0.000
9.488	0.000
9.849	0.000
10.22	0.000
10.61	0.000
11.02	0.000
11.44	0.000
11.87	0.000
12.33	0.000
12.80	0.000
13.28	0.000
13.79	0.000
14.31	0.000
14.86	0.000
15.42	0.000
16.01	0.000
16.62	0.000
17.25	0.000
17.91	0.000
18.59	0.000
19.30	0.000
20.04	0.000
20.80	0.000
21.59	0.000
22.42	0.000
23.27	0.000
24.16	0.000
25.08	0.000
26.03	0.000
27.02	0.000
28.05	0.000
29.12	0.000
30.23	0.000
31.38	0.000
32.57	0.000
33.82	0.000
35.10	0.000
36.44	0.000
37.83	0.000
39.27	0.000
40.76	0.000
42.32	0.000
43.93	0.000
45.60	0.000
47.34	0.000
49.14	0.000
51.01	0.000
52.96	0.000
54.97	0.000
57.07	0.000
59.24	0.000
61.50	0.000
63.84	0.000
66.27	0.000
68.79	0.1914E-29
71.41	0.6265E-29
74.13	0.1939E-28
76.96	0.5957E-28
79.89	0.3319E-24
82.93	0.1119E-23
86.09	0.3675E-23
89.37	0.1178E-22
92.77	0.3642E-22
96.31	0.1131E-21
99.97	0.3583E-21
103.8	0.1104E-20
107.7	0.3457E-20
111.8	0.1116E-19
116.1	0.3658E-19
120.5	0.1118E-18
125.1	0.2819E-18
129.9	0.5923E-18
134.8	0.1101E-17
140.0	0.1883E-17
145.3	0.3043E-17
150.8	0.4696E-17
156.6	0.6992E-17
162.5	0.1010E-16
168.7	0.1422E-16
175.1	0.1956E-16
181.8	0.2636E-16
188.7	0.3488E-16
195.9	0.4539E-16
203.4	0.5817E-16
211.1	0.7353E-16
219.2	0.9179E-16
227.5	0.1133E-15
236.2	0.1384E-15
245.2	0.1674E-15
254.5	0.2008E-15
264.2	0.2390E-15
274.3	0.2824E-15
284.7	0.3316E-15
295.6	0.3870E-15
306.8	0.4491E-15
318.5	0.5185E-15
330.6	0.5956E-15
343.2	0.6810E-15
356.3	0.7754E-15
369.9	0.8793E-15
384.0	0.9933E-15
398.6	0.1118E-14
413.8	0.1254E-14
429.5	0.1402E-14
445.9	0.1563E-14
462.9	0.1738E-14
480.5	0.1926E-14
498.8	0.2129E-14
517.8	0.2348E-14
537.5	0.2583E-14
558.0	0.2835E-14
579.2	0.3105E-14
601.3	0.3394E-14
624.2	0.3702E-14
648.0	0.4030E-14
672.6	0.4380E-14
698.3	0.4751E-14
724.9	0.5145E-14
752.5	0.5563E-14
781.1	0.6005E-14
810.9	0.6473E-14
841.8	0.6967E-14
873.8	0.7488E-14
907.1	0.8037E-14
941.6	0.8614E-14
977.5	0.9222E-14
1015.	0.9859E-14
1053.	0.1053E-13
1094.	0.1123E-13
1135.	0.1196E-13
1178.	0.1273E-13
1223.	0.1353E-13
1270.	0.1437E-13
1318.	0.1524E-13
1368.	0.1614E-13
1421.	0.1708E-13
1475.	0.1806E-13
1531.	0.1908E-13
1589.	0.2013E-13
1650.	0.2122E-13
1712.	0.2234E-13
1778.	0.2350E-13
1845.	0.2470E-13
1916.	0.2594E-13
1989.	0.2721E-13
2064.	0.2852E-13
2143.	0.2987E-13
2225.	0.3124E-13
2309.	0.3266E-13
2397.	0.3410E-13
2489.	0.3557E-13
2583.	0.3707E-13
2682.	0.3861E-13
2784.	0.4016E-13
2890.	0.4175E-13
3000.	0.4335E-13
 
 
C5    C5F10O    Ionization    10.97 eV                          
E/N (Td)	Rate coefficient (m3/s)
0.1000E-02	0.000
0.1038E-02	0.000
0.1078E-02	0.000
0.1119E-02	0.000
0.1161E-02	0.000
0.1205E-02	0.000
0.1251E-02	0.000
0.1299E-02	0.000
0.1349E-02	0.000
0.1400E-02	0.000
0.1453E-02	0.000
0.1509E-02	0.000
0.1566E-02	0.000
0.1626E-02	0.000
0.1688E-02	0.000
0.1752E-02	0.000
0.1819E-02	0.000
0.1888E-02	0.000
0.1960E-02	0.000
0.2034E-02	0.000
0.2112E-02	0.000
0.2192E-02	0.000
0.2276E-02	0.000
0.2362E-02	0.000
0.2452E-02	0.000
0.2546E-02	0.000
0.2643E-02	0.000
0.2743E-02	0.000
0.2848E-02	0.000
0.2956E-02	0.000
0.3069E-02	0.000
0.3186E-02	0.000
0.3307E-02	0.000
0.3433E-02	0.000
0.3564E-02	0.000
0.3700E-02	0.000
0.3841E-02	0.000
0.3987E-02	0.000
0.4139E-02	0.000
0.4296E-02	0.000
0.4460E-02	0.000
0.4630E-02	0.000
0.4806E-02	0.000
0.4989E-02	0.000
0.5179E-02	0.000
0.5377E-02	0.000
0.5581E-02	0.000
0.5794E-02	0.000
0.6015E-02	0.000
0.6244E-02	0.000
0.6481E-02	0.000
0.6728E-02	0.000
0.6985E-02	0.000
0.7251E-02	0.000
0.7527E-02	0.000
0.7813E-02	0.000
0.8111E-02	0.000
0.8420E-02	0.000
0.8741E-02	0.000
0.9073E-02	0.000
0.9419E-02	0.000
0.9778E-02	0.000
0.1015E-01	0.000
0.1054E-01	0.000
0.1094E-01	0.000
0.1135E-01	0.000
0.1179E-01	0.000
0.1224E-01	0.000
0.1270E-01	0.000
0.1319E-01	0.000
0.1369E-01	0.000
0.1421E-01	0.000
0.1475E-01	0.000
0.1531E-01	0.000
0.1590E-01	0.000
0.1650E-01	0.000
0.1713E-01	0.000
0.1778E-01	0.000
0.1846E-01	0.000
0.1916E-01	0.000
0.1989E-01	0.000
0.2065E-01	0.000
0.2144E-01	0.000
0.2225E-01	0.000
0.2310E-01	0.000
0.2398E-01	0.000
0.2489E-01	0.000
0.2584E-01	0.000
0.2682E-01	0.000
0.2785E-01	0.000
0.2891E-01	0.000
0.3001E-01	0.000
0.3115E-01	0.000
0.3234E-01	0.000
0.3357E-01	0.000
0.3485E-01	0.000
0.3617E-01	0.000
0.3755E-01	0.000
0.3898E-01	0.000
0.4047E-01	0.000
0.4201E-01	0.000
0.4361E-01	0.000
0.4527E-01	0.000
0.4699E-01	0.000
0.4878E-01	0.000
0.5064E-01	0.000
0.5257E-01	0.000
0.5457E-01	0.000
0.5665E-01	0.000
0.5881E-01	0.000
0.6105E-01	0.000
0.6337E-01	0.000
0.6579E-01	0.000
0.6829E-01	0.000
0.7089E-01	0.000
0.7359E-01	0.000
0.7640E-01	0.000
0.7931E-01	0.000
0.8233E-01	0.000
0.8546E-01	0.000
0.8872E-01	0.000
0.9210E-01	0.000
0.9560E-01	0.000
0.9924E-01	0.000
0.1030	0.000
0.1069	0.000
0.1110	0.000
0.1152	0.000
0.1196	0.000
0.1242	0.000
0.1289	0.000
0.1338	0.000
0.1389	0.000
0.1442	0.000
0.1497	0.000
0.1554	0.000
0.1613	0.000
0.1675	0.000
0.1739	0.000
0.1805	0.000
0.1874	0.000
0.1945	0.000
0.2019	0.000
0.2096	0.000
0.2176	0.000
0.2259	0.000
0.2345	0.000
0.2434	0.000
0.2527	0.000
0.2623	0.000
0.2723	0.000
0.2826	0.000
0.2934	0.000
0.3046	0.000
0.3162	0.000
0.3282	0.000
0.3407	0.000
0.3537	0.000
0.3672	0.000
0.3812	0.000
0.3957	0.000
0.4107	0.000
0.4264	0.000
0.4426	0.000
0.4595	0.000
0.4770	0.000
0.4952	0.000
0.5140	0.000
0.5336	0.000
0.5539	0.000
0.5750	0.000
0.5969	0.000
0.6196	0.000
0.6432	0.000
0.6677	0.000
0.6932	0.000
0.7196	0.000
0.7470	0.000
0.7754	0.000
0.8050	0.000
0.8356	0.000
0.8674	0.000
0.9005	0.000
0.9348	0.000
0.9704	0.000
1.007	0.000
1.046	0.000
1.086	0.000
1.127	0.000
1.170	0.000
1.214	0.000
1.261	0.000
1.309	0.000
1.358	0.000
1.410	0.000
1.464	0.000
1.520	0.000
1.578	0.000
1.638	0.000
1.700	0.000
1.765	0.000
1.832	0.000
1.902	0.000
1.974	0.000
2.049	0.000
2.127	0.000
2.208	0.000
2.293	0.000
2.380	0.000
2.470	0.000
2.565	0.000
2.662	0.000
2.764	0.000
2.869	0.000
2.978	0.000
3.092	0.000
3.209	0.000
3.332	0.000
3.458	0.000
3.590	0.000
3.727	0.000
3.869	0.000
4.016	0.000
4.169	0.000
4.328	0.000
4.493	0.000
4.664	0.000
4.841	0.000
5.026	0.000
5.217	0.000
5.416	0.000
5.622	0.000
5.836	0.000
6.059	0.000
6.289	0.000
6.529	0.000
6.778	0.000
7.036	0.000
7.304	0.000
7.582	0.000
7.871	0.000
8.170	0.000
8.482	0.000
8.805	0.000
9.140	0.000
9.488	0.000
9.849	0.000
10.22	0.000
10.61	0.000
11.02	0.000
11.44	0.000
11.87	0.000
12.33	0.000
12.80	0.000
13.28	0.000
13.79	0.000
14.31	0.000
14.86	0.000
15.42	0.000
16.01	0.000
16.62	0.000
17.25	0.000
17.91	0.000
18.59	0.000
19.30	0.000
20.04	0.000
20.80	0.000
21.59	0.000
22.42	0.000
23.27	0.000
24.16	0.000
25.08	0.000
26.03	0.000
27.02	0.000
28.05	0.000
29.12	0.000
30.23	0.000
31.38	0.000
32.57	0.000
33.82	0.000
35.10	0.000
36.44	0.000
37.83	0.000
39.27	0.000
40.76	0.000
42.32	0.000
43.93	0.000
45.60	0.000
47.34	0.000
49.14	0.000
51.01	0.000
52.96	0.000
54.97	0.000
57.07	0.000
59.24	0.7837E-26
61.50	0.2238E-25
63.84	0.6373E-25
66.27	0.1760E-24
68.79	0.6075E-24
71.41	0.1623E-23
74.13	0.4153E-23
76.96	0.1062E-22
79.89	0.2767E-22
82.93	0.6825E-22
86.09	0.1659E-21
89.37	0.3987E-21
92.77	0.9400E-21
96.31	0.2239E-20
99.97	0.5419E-20
103.8	0.1311E-19
107.7	0.3261E-19
111.8	0.8452E-19
116.1	0.2254E-18
120.5	0.5669E-18
125.1	0.1189E-17
129.9	0.2099E-17
134.8	0.3307E-17
140.0	0.4839E-17
145.3	0.6733E-17
150.8	0.9022E-17
156.6	0.1175E-16
162.5	0.1495E-16
168.7	0.1865E-16
175.1	0.2288E-16
181.8	0.2767E-16
188.7	0.3302E-16
195.9	0.3897E-16
203.4	0.4552E-16
211.1	0.5270E-16
219.2	0.6053E-16
227.5	0.6904E-16
236.2	0.7826E-16
245.2	0.8822E-16
254.5	0.9898E-16
264.2	0.1106E-15
274.3	0.1231E-15
284.7	0.1366E-15
295.6	0.1512E-15
306.8	0.1670E-15
318.5	0.1840E-15
330.6	0.2024E-15
343.2	0.2222E-15
356.3	0.2438E-15
369.9	0.2671E-15
384.0	0.2924E-15
398.6	0.3199E-15
413.8	0.3498E-15
429.5	0.3825E-15
445.9	0.4180E-15
462.9	0.4569E-15
480.5	0.4995E-15
498.8	0.5461E-15
517.8	0.5972E-15
537.5	0.6534E-15
558.0	0.7151E-15
579.2	0.7831E-15
601.3	0.8579E-15
624.2	0.9404E-15
648.0	0.1031E-14
672.6	0.1131E-14
698.3	0.1242E-14
724.9	0.1364E-14
752.5	0.1499E-14
781.1	0.1647E-14
810.9	0.1811E-14
841.8	0.1991E-14
873.8	0.2189E-14
907.1	0.2408E-14
941.6	0.2649E-14
977.5	0.2914E-14
1015.	0.3204E-14
1053.	0.3523E-14
1094.	0.3872E-14
1135.	0.4254E-14
1178.	0.4671E-14
1223.	0.5128E-14
1270.	0.5627E-14
1318.	0.6170E-14
1368.	0.6761E-14
1421.	0.7404E-14
1475.	0.8104E-14
1531.	0.8861E-14
1589.	0.9682E-14
1650.	0.1057E-13
1712.	0.1153E-13
1778.	0.1257E-13
1845.	0.1368E-13
1916.	0.1489E-13
1989.	0.1618E-13
2064.	0.1758E-13
2143.	0.1907E-13
2225.	0.2067E-13
2309.	0.2238E-13
2397.	0.2422E-13
2489.	0.2617E-13
2583.	0.2826E-13
2682.	0.3048E-13
2784.	0.3285E-13
2890.	0.3537E-13
3000.	0.3805E-13
 
 
C1    C5F10O    Attachment                                      
E/N (Td)	Inverse rate coefficient (m2)
0.1000E-02	0.000
0.1038E-02	0.000
0.1078E-02	0.000
0.1119E-02	0.000
0.1161E-02	0.000
0.1205E-02	0.000
0.1251E-02	0.000
0.1299E-02	0.000
0.1349E-02	0.000
0.1400E-02	0.000
0.1453E-02	0.000
0.1509E-02	0.000
0.1566E-02	0.000
0.1626E-02	0.000
0.1688E-02	0.000
0.1752E-02	0.000
0.1819E-02	0.000
0.1888E-02	0.000
0.1960E-02	0.000
0.2034E-02	0.000
0.2112E-02	0.000
0.2192E-02	0.000
0.2276E-02	0.000
0.2362E-02	0.000
0.2452E-02	0.000
0.2546E-02	0.000
0.2643E-02	0.000
0.2743E-02	0.000
0.2848E-02	0.000
0.2956E-02	0.000
0.3069E-02	0.000
0.3186E-02	0.000
0.3307E-02	0.000
0.3433E-02	0.000
0.3564E-02	0.000
0.3700E-02	0.000
0.3841E-02	0.000
0.3987E-02	0.000
0.4139E-02	0.000
0.4296E-02	0.000
0.4460E-02	0.000
0.4630E-02	0.000
0.4806E-02	0.000
0.4989E-02	0.000
0.5179E-02	0.000
0.5377E-02	0.000
0.5581E-02	0.000
0.5794E-02	0.000
0.6015E-02	0.000
0.6244E-02	0.000
0.6481E-02	0.000
0.6728E-02	0.000
0.6985E-02	0.000
0.7251E-02	0.000
0.7527E-02	0.000
0.7813E-02	0.000
0.8111E-02	0.000
0.8420E-02	0.000
0.8741E-02	0.000
0.9073E-02	0.000
0.9419E-02	0.000
0.9778E-02	0.000
0.1015E-01	0.000
0.1054E-01	0.000
0.1094E-01	0.000
0.1135E-01	0.000
0.1179E-01	0.000
0.1224E-01	0.000
0.1270E-01	0.000
0.1319E-01	0.000
0.1369E-01	0.000
0.1421E-01	0.000
0.1475E-01	0.000
0.1531E-01	0.000
0.1590E-01	0.000
0.1650E-01	0.000
0.1713E-01	0.000
0.1778E-01	0.000
0.1846E-01	0.000
0.1916E-01	0.000
0.1989E-01	0.000
0.2065E-01	0.000
0.2144E-01	0.000
0.2225E-01	0.000
0.2310E-01	0.000
0.2398E-01	0.000
0.2489E-01	0.000
0.2584E-01	0.000
0.2682E-01	0.000
0.2785E-01	0.000
0.2891E-01	0.000
0.3001E-01	0.000
0.3115E-01	0.000
0.3234E-01	0.000
0.3357E-01	0.000
0.3485E-01	0.000
0.3617E-01	0.000
0.3755E-01	0.000
0.3898E-01	0.000
0.4047E-01	0.000
0.4201E-01	0.000
0.4361E-01	0.000
0.4527E-01	0.000
0.4699E-01	0.000
0.4878E-01	0.000
0.5064E-01	0.000
0.5257E-01	0.000
0.5457E-01	0.000
0.5665E-01	0.000
0.5881E-01	0.000
0.6105E-01	0.000
0.6337E-01	0.000
0.6579E-01	0.000
0.6829E-01	0.000
0.7089E-01	0.000
0.7359E-01	0.000
0.7640E-01	0.000
0.7931E-01	0.000
0.8233E-01	0.000
0.8546E-01	0.000
0.8872E-01	0.000
0.9210E-01	0.000
0.9560E-01	0.000
0.9924E-01	0.000
0.1030	0.000
0.1069	0.000
0.1110	0.000
0.1152	0.000
0.1196	0.000
0.1242	0.000
0.1289	0.000
0.1338	0.000
0.1389	0.000
0.1442	0.000
0.1497	0.000
0.1554	0.000
0.1613	0.000
0.1675	0.000
0.1739	0.000
0.1805	0.000
0.1874	0.000
0.1945	0.000
0.2019	0.000
0.2096	0.000
0.2176	0.000
0.2259	0.000
0.2345	0.000
0.2434	0.000
0.2527	0.000
0.2623	0.000
0.2723	0.000
0.2826	0.000
0.2934	0.000
0.3046	0.000
0.3162	0.000
0.3282	0.000
0.3407	0.000
0.3537	0.000
0.3672	0.000
0.3812	0.000
0.3957	0.000
0.4107	0.000
0.4264	0.000
0.4426	0.000
0.4595	0.000
0.4770	0.000
0.4952	0.000
0.5140	0.000
0.5336	0.000
0.5539	0.000
0.5750	0.000
0.5969	0.000
0.6196	0.000
0.6432	0.000
0.6677	0.000
0.6932	0.000
0.7196	0.000
0.7470	0.000
0.7754	0.000
0.8050	0.000
0.8356	0.000
0.8674	0.000
0.9005	0.000
0.9348	0.000
0.9704	0.000
1.007	0.000
1.046	0.000
1.086	0.000
1.127	0.000
1.170	0.000
1.214	0.000
1.261	0.000
1.309	0.000
1.358	0.000
1.410	0.000
1.464	0.000
1.520	0.000
1.578	0.000
1.638	0.000
1.700	0.000
1.765	0.000
1.832	0.000
1.902	0.000
1.974	0.000
2.049	0.000
2.127	0.000
2.208	0.000
2.293	0.000
2.380	0.000
2.470	0.000
2.565	0.000
2.662	0.000
2.764	0.000
2.869	0.000
2.978	0.000
3.092	0.000
3.209	0.000
3.332	0.000
3.458	0.000
3.590	0.000
3.727	0.000
3.869	0.000
4.016	0.000
4.169	0.000
4.328	0.000
4.493	0.000
4.664	0.000
4.841	0.000
5.026	0.000
5.217	0.000
5.416	0.000
5.622	0.000
5.836	0.000
6.059	0.000
6.289	0.000
6.529	0.000
6.778	0.000
7.036	0.000
7.304	0.000
7.582	0.000
7.871	0.000
8.170	0.000
8.482	0.000
8.805	0.000
9.140	0.000
9.488	0.000
9.849	0.000
10.22	0.000
10.61	0.000
11.02	0.000
11.44	0.000
11.87	0.000
12.33	0.000
12.80	0.000
13.28	0.000
13.79	0.000
14.31	0.000
14.86	0.000
15.42	0.000
16.01	0.000
16.62	0.000
17.25	0.000
17.91	0.000
18.59	0.000
19.30	0.000
20.04	0.000
20.80	0.000
21.59	0.000
22.42	0.000
23.27	0.000
24.16	0.000
25.08	0.000
26.03	0.000
27.02	0.000
28.05	0.000
29.12	0.000
30.23	0.000
31.38	0.000
32.57	0.000
33.82	0.000
35.10	0.000
36.44	0.000
37.83	0.000
39.27	0.000
40.76	0.000
42.32	0.000
43.93	0.000
45.60	0.000
47.34	0.000
49.14	0.000
51.01	0.000
52.96	0.000
54.97	0.000
57.07	0.000
59.24	0.000
61.50	0.000
63.84	0.000
66.27	0.000
68.79	0.000
71.41	0.000
74.13	0.000
76.96	0.000
79.89	0.000
82.93	0.000
86.09	0.000
89.37	0.000
92.77	0.000
96.31	0.000
99.97	0.000
103.8	0.000
107.7	0.000
111.8	0.000
116.1	0.000
120.5	0.000
125.1	0.000
129.9	0.000
134.8	0.000
140.0	0.000
145.3	0.000
150.8	0.000
156.6	0.000
162.5	0.000
168.7	0.000
175.1	0.000
181.8	0.000
188.7	0.000
195.9	0.000
203.4	0.000
211.1	0.000
219.2	0.000
227.5	0.000
236.2	0.000
245.2	0.000
254.5	0.000
264.2	0.000
274.3	0.000
284.7	0.000
295.6	0.000
306.8	0.000
318.5	0.000
330.6	0.000
343.2	0.000
356.3	0.000
369.9	0.000
384.0	0.000
398.6	0.000
413.8	0.000
429.5	0.000
445.9	0.000
462.9	0.000
480.5	0.000
498.8	0.000
517.8	0.000
537.5	0.000
558.0	0.000
579.2	0.000
601.3	0.000
624.2	0.000
648.0	0.000
672.6	0.000
698.3	0.000
724.9	0.000
752.5	0.000
781.1	0.000
810.9	0.000
841.8	0.000
873.8	0.000
907.1	0.000
941.6	0.000
977.5	0.000
1015.	0.000
1053.	0.000
1094.	0.000
1135.	0.000
1178.	0.000
1223.	0.000
1270.	0.000
1318.	0.000
1368.	0.000
1421.	0.000
1475.	0.000
1531.	0.000
1589.	0.000
1650.	0.000
1712.	0.000
1778.	0.000
1845.	0.000
1916.	0.000
1989.	0.000
2064.	0.000
2143.	0.000
2225.	0.000
2309.	0.000
2397.	0.000
2489.	0.000
2583.	0.000
2682.	0.000
2784.	0.000
2890.	0.000
3000.	0.000
 
 
C2    C5F10O    Elastic                                         
E/N (Td)	Inverse rate coefficient (m2)
0.1000E-02	0.000
0.1038E-02	0.000
0.1078E-02	0.000
0.1119E-02	0.000
0.1161E-02	0.000
0.1205E-02	0.000
0.1251E-02	0.000
0.1299E-02	0.000
0.1349E-02	0.000
0.1400E-02	0.000
0.1453E-02	0.000
0.1509E-02	0.000
0.1566E-02	0.000
0.1626E-02	0.000
0.1688E-02	0.000
0.1752E-02	0.000
0.1819E-02	0.000
0.1888E-02	0.000
0.1960E-02	0.000
0.2034E-02	0.000
0.2112E-02	0.000
0.2192E-02	0.000
0.2276E-02	0.000
0.2362E-02	0.000
0.2452E-02	0.000
0.2546E-02	0.000
0.2643E-02	0.000
0.2743E-02	0.000
0.2848E-02	0.000
0.2956E-02	0.000
0.3069E-02	0.000
0.3186E-02	0.000
0.3307E-02	0.000
0.3433E-02	0.000
0.3564E-02	0.000
0.3700E-02	0.000
0.3841E-02	0.000
0.3987E-02	0.000
0.4139E-02	0.000
0.4296E-02	0.000
0.4460E-02	0.000
0.4630E-02	0.000
0.4806E-02	0.000
0.4989E-02	0.000
0.5179E-02	0.000
0.5377E-02	0.000
0.5581E-02	0.000
0.5794E-02	0.000
0.6015E-02	0.000
0.6244E-02	0.000
0.6481E-02	0.000
0.6728E-02	0.000
0.6985E-02	0.000
0.7251E-02	0.000
0.7527E-02	0.000
0.7813E-02	0.000
0.8111E-02	0.000
0.8420E-02	0.000
0.8741E-02	0.000
0.9073E-02	0.000
0.9419E-02	0.000
0.9778E-02	0.000
0.1015E-01	0.000
0.1054E-01	0.000
0.1094E-01	0.000
0.1135E-01	0.000
0.1179E-01	0.000
0.1224E-01	0.000
0.1270E-01	0.000
0.1319E-01	0.000
0.1369E-01	0.000
0.1421E-01	0.000
0.1475E-01	0.000
0.1531E-01	0.000
0.1590E-01	0.000
0.1650E-01	0.000
0.1713E-01	0.000
0.1778E-01	0.000
0.1846E-01	0.000
0.1916E-01	0.000
0.1989E-01	0.000
0.2065E-01	0.000
0.2144E-01	0.000
0.2225E-01	0.000
0.2310E-01	0.000
0.2398E-01	0.000
0.2489E-01	0.000
0.2584E-01	0.000
0.2682E-01	0.000
0.2785E-01	0.000
0.2891E-01	0.000
0.3001E-01	0.000
0.3115E-01	0.000
0.3234E-01	0.000
0.3357E-01	0.000
0.3485E-01	0.000
0.3617E-01	0.000
0.3755E-01	0.000
0.3898E-01	0.000
0.4047E-01	0.000
0.4201E-01	0.000
0.4361E-01	0.000
0.4527E-01	0.000
0.4699E-01	0.000
0.4878E-01	0.000
0.5064E-01	0.000
0.5257E-01	0.000
0.5457E-01	0.000
0.5665E-01	0.000
0.5881E-01	0.000
0.6105E-01	0.000
0.6337E-01	0.000
0.6579E-01	0.000
0.6829E-01	0.000
0.7089E-01	0.000
0.7359E-01	0.000
0.7640E-01	0.000
0.7931E-01	0.000
0.8233E-01	0.000
0.8546E-01	0.000
0.8872E-01	0.000
0.9210E-01	0.000
0.9560E-01	0.000
0.9924E-01	0.000
0.1030	0.000
0.1069	0.000
0.1110	0.000
0.1152	0.000
0.1196	0.000
0.1242	0.000
0.1289	0.000
0.1338	0.000
0.1389	0.000
0.1442	0.000
0.1497	0.000
0.1554	0.000
0.1613	0.000
0.1675	0.000
0.1739	0.000
0.1805	0.000
0.1874	0.000
0.1945	0.000
0.2019	0.000
0.2096	0.000
0.2176	0.000
0.2259	0.000
0.2345	0.000
0.2434	0.000
0.2527	0.000
0.2623	0.000
0.2723	0.000
0.2826	0.000
0.2934	0.000
0.3046	0.000
0.3162	0.000
0.3282	0.000
0.3407	0.000
0.3537	0.000
0.3672	0.000
0.3812	0.000
0.3957	0.000
0.4107	0.000
0.4264	0.000
0.4426	0.000
0.4595	0.000
0.4770	0.000
0.4952	0.000
0.5140	0.000
0.5336	0.000
0.5539	0.000
0.5750	0.000
0.5969	0.000
0.6196	0.000
0.6432	0.000
0.6677	0.000
0.6932	0.000
0.7196	0.000
0.7470	0.000
0.7754	0.000
0.8050	0.000
0.8356	0.000
0.8674	0.000
0.9005	0.000
0.9348	0.000
0.9704	0.000
1.007	0.000
1.046	0.000
1.086	0.000
1.127	0.000
1.170	0.000
1.214	0.000
1.261	0.000
1.309	0.000
1.358	0.000
1.410	0.000
1.464	0.000
1.520	0.000
1.578	0.000
1.638	0.000
1.700	0.000
1.765	0.000
1.832	0.000
1.902	0.000
1.974	0.000
2.049	0.000
2.127	0.000
2.208	0.000
2.293	0.000
2.380	0.000
2.470	0.000
2.565	0.000
2.662	0.000
2.764	0.000
2.869	0.000
2.978	0.000
3.092	0.000
3.209	0.000
3.332	0.000
3.458	0.000
3.590	0.000
3.727	0.000
3.869	0.000
4.016	0.000
4.169	0.000
4.328	0.000
4.493	0.000
4.664	0.000
4.841	0.000
5.026	0.000
5.217	0.000
5.416	0.000
5.622	0.000
5.836	0.000
6.059	0.000
6.289	0.000
6.529	0.000
6.778	0.000
7.036	0.000
7.304	0.000
7.582	0.000
7.871	0.000
8.170	0.000
8.482	0.000
8.805	0.000
9.140	0.000
9.488	0.000
9.849	0.000
10.22	0.000
10.61	0.000
11.02	0.000
11.44	0.000
11.87	0.000
12.33	0.000
12.80	0.000
13.28	0.000
13.79	0.000
14.31	0.000
14.86	0.000
15.42	0.000
16.01	0.000
16.62	0.000
17.25	0.000
17.91	0.000
18.59	0.000
19.30	0.000
20.04	0.000
20.80	0.000
21.59	0.000
22.42	0.000
23.27	0.000
24.16	0.000
25.08	0.000
26.03	0.000
27.02	0.000
28.05	0.000
29.12	0.000
30.23	0.000
31.38	0.000
32.57	0.000
33.82	0.000
35.10	0.000
36.44	0.000
37.83	0.000
39.27	0.000
40.76	0.000
42.32	0.000
43.93	0.000
45.60	0.000
47.34	0.000
49.14	0.000
51.01	0.000
52.96	0.000
54.97	0.000
57.07	0.000
59.24	0.000
61.50	0.000
63.84	0.000
66.27	0.000
68.79	0.000
71.41	0.000
74.13	0.000
76.96	0.000
79.89	0.000
82.93	0.000
86.09	0.000
89.37	0.000
92.77	0.000
96.31	0.000
99.97	0.000
103.8	0.000
107.7	0.000
111.8	0.000
116.1	0.000
120.5	0.000
125.1	0.000
129.9	0.000
134.8	0.000
140.0	0.000
145.3	0.000
150.8	0.000
156.6	0.000
162.5	0.000
168.7	0.000
175.1	0.000
181.8	0.000
188.7	0.000
195.9	0.000
203.4	0.000
211.1	0.000
219.2	0.000
227.5	0.000
236.2	0.000
245.2	0.000
254.5	0.000
264.2	0.000
274.3	0.000
284.7	0.000
295.6	0.000
306.8	0.000
318.5	0.000
330.6	0.000
343.2	0.000
356.3	0.000
369.9	0.000
384.0	0.000
398.6	0.000
413.8	0.000
429.5	0.000
445.9	0.000
462.9	0.000
480.5	0.000
498.8	0.000
517.8	0.000
537.5	0.000
558.0	0.000
579.2	0.000
601.3	0.000
624.2	0.000
648.0	0.000
672.6	0.000
698.3	0.000
724.9	0.000
752.5	0.000
781.1	0.000
810.9	0.000
841.8	0.000
873.8	0.000
907.1	0.000
941.6	0.000
977.5	0.000
1015.	0.000
1053.	0.000
1094.	0.000
1135.	0.000
1178.	0.000
1223.	0.000
1270.	0.000
1318.	0.000
1368.	0.000
1421.	0.000
1475.	0.000
1531.	0.000
1589.	0.000
1650.	0.000
1712.	0.000
1778.	0.000
1845.	0.000
1916.	0.000
1989.	0.000
2064.	0.000
2143.	0.000
2225.	0.000
2309.	0.000
2397.	0.000
2489.	0.000
2583.	0.000
2682.	0.000
2784.	0.000
2890.	0.000
3000.	0.000
 
 
C3    C5F10O    Excitation    1.29 eV                           
E/N (Td)	Inverse rate coefficient (m2)
0.1000E-02	0.6759E-21
0.1038E-02	0.6970E-21
0.1078E-02	0.7002E-21
0.1119E-02	0.7037E-21
0.1161E-02	0.7073E-21
0.1205E-02	0.7111E-21
0.1251E-02	0.7151E-21
0.1299E-02	0.7193E-21
0.1349E-02	0.7237E-21
0.1400E-02	0.7283E-21
0.1453E-02	0.7377E-21
0.1509E-02	0.7425E-21
0.1566E-02	0.7475E-21
0.1626E-02	0.7528E-21
0.1688E-02	0.7583E-21
0.1752E-02	0.7641E-21
0.1819E-02	0.7701E-21
0.1888E-02	0.7764E-21
0.1960E-02	0.7829E-21
0.2034E-02	0.7896E-21
0.2112E-02	0.7967E-21
0.2192E-02	0.8039E-21
0.2276E-02	0.8115E-21
0.2362E-02	0.8193E-21
0.2452E-02	0.8274E-21
0.2546E-02	0.8358E-21
0.2643E-02	0.8444E-21
0.2743E-02	0.8533E-21
0.2848E-02	0.8625E-21
0.2956E-02	0.8720E-21
0.3069E-02	0.8817E-21
0.3186E-02	0.8918E-21
0.3307E-02	0.9036E-21
0.3433E-02	0.9141E-21
0.3564E-02	0.9249E-21
0.3700E-02	0.9361E-21
0.3841E-02	0.9475E-21
0.3987E-02	0.9593E-21
0.4139E-02	0.9714E-21
0.4296E-02	0.9838E-21
0.4460E-02	0.9966E-21
0.4630E-02	0.1010E-20
0.4806E-02	0.1023E-20
0.4989E-02	0.1037E-20
0.5179E-02	0.1051E-20
0.5377E-02	0.1065E-20
0.5581E-02	0.1081E-20
0.5794E-02	0.1096E-20
0.6015E-02	0.1112E-20
0.6244E-02	0.1128E-20
0.6481E-02	0.1144E-20
0.6728E-02	0.1161E-20
0.6985E-02	0.1178E-20
0.7251E-02	0.1195E-20
0.7527E-02	0.1213E-20
0.7813E-02	0.1231E-20
0.8111E-02	0.1250E-20
0.8420E-02	0.1270E-20
0.8741E-02	0.1289E-20
0.9073E-02	0.1309E-20
0.9419E-02	0.1330E-20
0.9778E-02	0.1351E-20
0.1015E-01	0.1372E-20
0.1054E-01	0.1394E-20
0.1094E-01	0.1416E-20
0.1135E-01	0.1439E-20
0.1179E-01	0.1463E-20
0.1224E-01	0.1487E-20
0.1270E-01	0.1511E-20
0.1319E-01	0.1536E-20
0.1369E-01	0.1561E-20
0.1421E-01	0.1587E-20
0.1475E-01	0.1614E-20
0.1531E-01	0.1641E-20
0.1590E-01	0.1668E-20
0.1650E-01	0.1697E-20
0.1713E-01	0.1726E-20
0.1778E-01	0.1755E-20
0.1846E-01	0.1785E-20
0.1916E-01	0.1816E-20
0.1989E-01	0.1847E-20
0.2065E-01	0.1879E-20
0.2144E-01	0.1912E-20
0.2225E-01	0.1945E-20
0.2310E-01	0.1979E-20
0.2398E-01	0.2013E-20
0.2489E-01	0.2049E-20
0.2584E-01	0.2085E-20
0.2682E-01	0.2121E-20
0.2785E-01	0.2159E-20
0.2891E-01	0.2197E-20
0.3001E-01	0.2236E-20
0.3115E-01	0.2276E-20
0.3234E-01	0.2317E-20
0.3357E-01	0.2358E-20
0.3485E-01	0.2400E-20
0.3617E-01	0.2444E-20
0.3755E-01	0.2488E-20
0.3898E-01	0.2532E-20
0.4047E-01	0.2578E-20
0.4201E-01	0.2625E-20
0.4361E-01	0.2672E-20
0.4527E-01	0.2721E-20
0.4699E-01	0.2770E-20
0.4878E-01	0.2820E-20
0.5064E-01	0.2872E-20
0.5257E-01	0.2924E-20
0.5457E-01	0.2977E-20
0.5665E-01	0.3032E-20
0.5881E-01	0.3088E-20
0.6105E-01	0.3144E-20
0.6337E-01	0.3202E-20
0.6579E-01	0.3261E-20
0.6829E-01	0.3321E-20
0.7089E-01	0.3382E-20
0.7359E-01	0.3444E-20
0.7640E-01	0.3508E-20
0.7931E-01	0.3573E-20
0.8233E-01	0.3639E-20
0.8546E-01	0.3706E-20
0.8872E-01	0.3775E-20
0.9210E-01	0.3845E-20
0.9560E-01	0.3916E-20
0.9924E-01	0.3989E-20
0.1030	0.4063E-20
0.1069	0.4139E-20
0.1110	0.4216E-20
0.1152	0.4294E-20
0.1196	0.4375E-20
0.1242	0.4456E-20
0.1289	0.4539E-20
0.1338	0.4624E-20
0.1389	0.4710E-20
0.1442	0.4799E-20
0.1497	0.4889E-20
0.1554	0.4980E-20
0.1613	0.5073E-20
0.1675	0.5169E-20
0.1739	0.5266E-20
0.1805	0.5364E-20
0.1874	0.5465E-20
0.1945	0.5567E-20
0.2019	0.5672E-20
0.2096	0.5778E-20
0.2176	0.5887E-20
0.2259	0.5998E-20
0.2345	0.6111E-20
0.2434	0.6226E-20
0.2527	0.6344E-20
0.2623	0.6464E-20
0.2723	0.6586E-20
0.2826	0.6711E-20
0.2934	0.6839E-20
0.3046	0.6969E-20
0.3162	0.7102E-20
0.3282	0.7239E-20
0.3407	0.7378E-20
0.3537	0.7521E-20
0.3672	0.7667E-20
0.3812	0.7817E-20
0.3957	0.7972E-20
0.4107	0.8130E-20
0.4264	0.8293E-20
0.4426	0.8460E-20
0.4595	0.8631E-20
0.4770	0.8808E-20
0.4952	0.8991E-20
0.5140	0.9178E-20
0.5336	0.9372E-20
0.5539	0.9573E-20
0.5750	0.9781E-20
0.5969	0.9996E-20
0.6196	0.1022E-19
0.6432	0.1046E-19
0.6677	0.1070E-19
0.6932	0.1096E-19
0.7196	0.1123E-19
0.7470	0.1152E-19
0.7754	0.1183E-19
0.8050	0.1217E-19
0.8356	0.1253E-19
0.8674	0.1294E-19
0.9005	0.1339E-19
0.9348	0.1391E-19
0.9704	0.1451E-19
1.007	0.1523E-19
1.046	0.1609E-19
1.086	0.1716E-19
1.127	0.1851E-19
1.170	0.2026E-19
1.214	0.2257E-19
1.261	0.2571E-19
1.309	0.3006E-19
1.358	0.3616E-19
1.410	0.4487E-19
1.464	0.5744E-19
1.520	0.7568E-19
1.578	0.1023E-18
1.638	0.1410E-18
1.700	0.1974E-18
1.765	0.2787E-18
1.832	0.3977E-18
1.902	0.5654E-18
1.974	0.7998E-18
2.049	0.1131E-17
2.127	0.1588E-17
2.208	0.2205E-17
2.293	0.3035E-17
2.380	0.4139E-17
2.470	0.5583E-17
2.565	0.7423E-17
2.662	0.9782E-17
2.764	0.1275E-16
2.869	0.1644E-16
2.978	0.2101E-16
3.092	0.2653E-16
3.209	0.3324E-16
3.332	0.4133E-16
3.458	0.5089E-16
3.590	0.6226E-16
3.727	0.7566E-16
3.869	0.9137E-16
4.016	0.1097E-15
4.169	0.1310E-15
4.328	0.1556E-15
4.493	0.1840E-15
4.664	0.2166E-15
4.841	0.2539E-15
5.026	0.2965E-15
5.217	0.3450E-15
5.416	0.4000E-15
5.622	0.4623E-15
5.836	0.5324E-15
6.059	0.6114E-15
6.289	0.7000E-15
6.529	0.7990E-15
6.778	0.9096E-15
7.036	0.1033E-14
7.304	0.1169E-14
7.582	0.1320E-14
7.871	0.1487E-14
8.170	0.1671E-14
8.482	0.1873E-14
8.805	0.2094E-14
9.140	0.2336E-14
9.488	0.2599E-14
9.849	0.2886E-14
10.22	0.3197E-14
10.61	0.3534E-14
11.02	0.3898E-14
11.44	0.4290E-14
11.87	0.4712E-14
12.33	0.5164E-14
12.80	0.5647E-14
13.28	0.6164E-14
13.79	0.6715E-14
14.31	0.7300E-14
14.86	0.7921E-14
15.42	0.8578E-14
16.01	0.9273E-14
16.62	0.1000E-13
17.25	0.1078E-13
17.91	0.1159E-13
18.59	0.1243E-13
19.30	0.1332E-13
20.04	0.1425E-13
20.80	0.1522E-13
21.59	0.1622E-13
22.42	0.1727E-13
23.27	0.1835E-13
24.16	0.1948E-13
25.08	0.2064E-13
26.03	0.2184E-13
27.02	0.2307E-13
28.05	0.2434E-13
29.12	0.2564E-13
30.23	0.2697E-13
31.38	0.2834E-13
32.57	0.2973E-13
33.82	0.3115E-13
35.10	0.3259E-13
36.44	0.3405E-13
37.83	0.3553E-13
39.27	0.3702E-13
40.76	0.3852E-13
42.32	0.4003E-13
43.93	0.4154E-13
45.60	0.4305E-13
47.34	0.4456E-13
49.14	0.4605E-13
51.01	0.4754E-13
52.96	0.4900E-13
54.97	0.5044E-13
57.07	0.5187E-13
59.24	0.5326E-13
61.50	0.5462E-13
63.84	0.5595E-13
66.27	0.5724E-13
68.79	0.5850E-13
71.41	0.5971E-13
74.13	0.6089E-13
76.96	0.6202E-13
79.89	0.6310E-13
82.93	0.6414E-13
86.09	0.6514E-13
89.37	0.6608E-13
92.77	0.6698E-13
96.31	0.6782E-13
99.97	0.6860E-13
103.8	0.6931E-13
107.7	0.6991E-13
111.8	0.7033E-13
116.1	0.7040E-13
120.5	0.6990E-13
125.1	0.6890E-13
129.9	0.6767E-13
134.8	0.6640E-13
140.0	0.6515E-13
145.3	0.6396E-13
150.8	0.6283E-13
156.6	0.6177E-13
162.5	0.6078E-13
168.7	0.5986E-13
175.1	0.5899E-13
181.8	0.5818E-13
188.7	0.5742E-13
195.9	0.5668E-13
203.4	0.5597E-13
211.1	0.5528E-13
219.2	0.5459E-13
227.5	0.5391E-13
236.2	0.5322E-13
245.2	0.5253E-13
254.5	0.5183E-13
264.2	0.5112E-13
274.3	0.5041E-13
284.7	0.4969E-13
295.6	0.4898E-13
306.8	0.4826E-13
318.5	0.4756E-13
330.6	0.4687E-13
343.2	0.4620E-13
356.3	0.4555E-13
369.9	0.4492E-13
384.0	0.4432E-13
398.6	0.4375E-13
413.8	0.4321E-13
429.5	0.4270E-13
445.9	0.4222E-13
462.9	0.4177E-13
480.5	0.4136E-13
498.8	0.4098E-13
517.8	0.4064E-13
537.5	0.4033E-13
558.0	0.4005E-13
579.2	0.3981E-13
601.3	0.3960E-13
624.2	0.3942E-13
648.0	0.3927E-13
672.6	0.3915E-13
698.3	0.3907E-13
724.9	0.3901E-13
752.5	0.3899E-13
781.1	0.3899E-13
810.9	0.3903E-13
841.8	0.3909E-13
873.8	0.3919E-13
907.1	0.3931E-13
941.6	0.3947E-13
977.5	0.3966E-13
1015.	0.3987E-13
1053.	0.4012E-13
1094.	0.4040E-13
1135.	0.4071E-13
1178.	0.4105E-13
1223.	0.4143E-13
1270.	0.4185E-13
1318.	0.4229E-13
1368.	0.4278E-13
1421.	0.4330E-13
1475.	0.4386E-13
1531.	0.4445E-13
1589.	0.4509E-13
1650.	0.4577E-13
1712.	0.4649E-13
1778.	0.4725E-13
1845.	0.4805E-13
1916.	0.4889E-13
1989.	0.4978E-13
2064.	0.5072E-13
2143.	0.5169E-13
2225.	0.5271E-13
2309.	0.5378E-13
2397.	0.5489E-13
2489.	0.5604E-13
2583.	0.5724E-13
2682.	0.5847E-13
2784.	0.5975E-13
2890.	0.6107E-13
3000.	0.6242E-13
 
 
C4    C5F10O    Excitation    13.83 eV                          
E/N (Td)	Inverse rate coefficient (m2)
0.1000E-02	0.3823E-20
0.1038E-02	0.4005E-20
0.1078E-02	0.4043E-20
0.1119E-02	0.4082E-20
0.1161E-02	0.4124E-20
0.1205E-02	0.4169E-20
0.1251E-02	0.4215E-20
0.1299E-02	0.4264E-20
0.1349E-02	0.4316E-20
0.1400E-02	0.4370E-20
0.1453E-02	0.4467E-20
0.1509E-02	0.4524E-20
0.1566E-02	0.4583E-20
0.1626E-02	0.4646E-20
0.1688E-02	0.4712E-20
0.1752E-02	0.4780E-20
0.1819E-02	0.4852E-20
0.1888E-02	0.4926E-20
0.1960E-02	0.5004E-20
0.2034E-02	0.5085E-20
0.2112E-02	0.5169E-20
0.2192E-02	0.5256E-20
0.2276E-02	0.5346E-20
0.2362E-02	0.5439E-20
0.2452E-02	0.5536E-20
0.2546E-02	0.5636E-20
0.2643E-02	0.5739E-20
0.2743E-02	0.5846E-20
0.2848E-02	0.5955E-20
0.2956E-02	0.6068E-20
0.3069E-02	0.6185E-20
0.3186E-02	0.6304E-20
0.3307E-02	0.6438E-20
0.3433E-02	0.6563E-20
0.3564E-02	0.6693E-20
0.3700E-02	0.6825E-20
0.3841E-02	0.6962E-20
0.3987E-02	0.7102E-20
0.4139E-02	0.7245E-20
0.4296E-02	0.7392E-20
0.4460E-02	0.7542E-20
0.4630E-02	0.7696E-20
0.4806E-02	0.7854E-20
0.4989E-02	0.8015E-20
0.5179E-02	0.8180E-20
0.5377E-02	0.8349E-20
0.5581E-02	0.8527E-20
0.5794E-02	0.8703E-20
0.6015E-02	0.8883E-20
0.6244E-02	0.9066E-20
0.6481E-02	0.9254E-20
0.6728E-02	0.9446E-20
0.6985E-02	0.9641E-20
0.7251E-02	0.9841E-20
0.7527E-02	0.1004E-19
0.7813E-02	0.1025E-19
0.8111E-02	0.1046E-19
0.8420E-02	0.1069E-19
0.8741E-02	0.1091E-19
0.9073E-02	0.1113E-19
0.9419E-02	0.1136E-19
0.9778E-02	0.1159E-19
0.1015E-01	0.1183E-19
0.1054E-01	0.1207E-19
0.1094E-01	0.1232E-19
0.1135E-01	0.1257E-19
0.1179E-01	0.1283E-19
0.1224E-01	0.1309E-19
0.1270E-01	0.1336E-19
0.1319E-01	0.1363E-19
0.1369E-01	0.1391E-19
0.1421E-01	0.1419E-19
0.1475E-01	0.1448E-19
0.1531E-01	0.1477E-19
0.1590E-01	0.1507E-19
0.1650E-01	0.1537E-19
0.1713E-01	0.1568E-19
0.1778E-01	0.1600E-19
0.1846E-01	0.1632E-19
0.1916E-01	0.1664E-19
0.1989E-01	0.1698E-19
0.2065E-01	0.1731E-19
0.2144E-01	0.1766E-19
0.2225E-01	0.1801E-19
0.2310E-01	0.1837E-19
0.2398E-01	0.1873E-19
0.2489E-01	0.1910E-19
0.2584E-01	0.1948E-19
0.2682E-01	0.1987E-19
0.2785E-01	0.2026E-19
0.2891E-01	0.2066E-19
0.3001E-01	0.2106E-19
0.3115E-01	0.2148E-19
0.3234E-01	0.2190E-19
0.3357E-01	0.2233E-19
0.3485E-01	0.2276E-19
0.3617E-01	0.2321E-19
0.3755E-01	0.2366E-19
0.3898E-01	0.2413E-19
0.4047E-01	0.2460E-19
0.4201E-01	0.2507E-19
0.4361E-01	0.2556E-19
0.4527E-01	0.2606E-19
0.4699E-01	0.2657E-19
0.4878E-01	0.2708E-19
0.5064E-01	0.2760E-19
0.5257E-01	0.2814E-19
0.5457E-01	0.2868E-19
0.5665E-01	0.2924E-19
0.5881E-01	0.2980E-19
0.6105E-01	0.3038E-19
0.6337E-01	0.3096E-19
0.6579E-01	0.3156E-19
0.6829E-01	0.3217E-19
0.7089E-01	0.3279E-19
0.7359E-01	0.3342E-19
0.7640E-01	0.3406E-19
0.7931E-01	0.3471E-19
0.8233E-01	0.3538E-19
0.8546E-01	0.3606E-19
0.8872E-01	0.3675E-19
0.9210E-01	0.3745E-19
0.9560E-01	0.3817E-19
0.9924E-01	0.3890E-19
0.1030	0.3965E-19
0.1069	0.4040E-19
0.1110	0.4118E-19
0.1152	0.4196E-19
0.1196	0.4277E-19
0.1242	0.4358E-19
0.1289	0.4441E-19
0.1338	0.4526E-19
0.1389	0.4612E-19
0.1442	0.4700E-19
0.1497	0.4790E-19
0.1554	0.4881E-19
0.1613	0.4973E-19
0.1675	0.5068E-19
0.1739	0.5165E-19
0.1805	0.5263E-19
0.1874	0.5363E-19
0.1945	0.5464E-19
0.2019	0.5569E-19
0.2096	0.5674E-19
0.2176	0.5782E-19
0.2259	0.5891E-19
0.2345	0.6004E-19
0.2434	0.6118E-19
0.2527	0.6234E-19
0.2623	0.6352E-19
0.2723	0.6474E-19
0.2826	0.6597E-19
0.2934	0.6723E-19
0.3046	0.6851E-19
0.3162	0.6983E-19
0.3282	0.7117E-19
0.3407	0.7254E-19
0.3537	0.7395E-19
0.3672	0.7539E-19
0.3812	0.7686E-19
0.3957	0.7836E-19
0.4107	0.7992E-19
0.4264	0.8150E-19
0.4426	0.8313E-19
0.4595	0.8481E-19
0.4770	0.8653E-19
0.4952	0.8830E-19
0.5140	0.9013E-19
0.5336	0.9201E-19
0.5539	0.9394E-19
0.5750	0.9594E-19
0.5969	0.9802E-19
0.6196	0.1001E-18
0.6432	0.1024E-18
0.6677	0.1047E-18
0.6932	0.1070E-18
0.7196	0.1095E-18
0.7470	0.1121E-18
0.7754	0.1147E-18
0.8050	0.1174E-18
0.8356	0.1203E-18
0.8674	0.1233E-18
0.9005	0.1264E-18
0.9348	0.1297E-18
0.9704	0.1331E-18
1.007	0.1367E-18
1.046	0.1404E-18
1.086	0.1443E-18
1.127	0.1484E-18
1.170	0.1527E-18
1.214	0.1573E-18
1.261	0.1621E-18
1.309	0.1671E-18
1.358	0.1724E-18
1.410	0.1780E-18
1.464	0.1839E-18
1.520	0.1901E-18
1.578	0.1966E-18
1.638	0.2035E-18
1.700	0.2108E-18
1.765	0.2184E-18
1.832	0.2263E-18
1.902	0.2345E-18
1.974	0.2433E-18
2.049	0.2523E-18
2.127	0.2613E-18
2.208	0.2709E-18
2.293	0.2804E-18
2.380	0.2902E-18
2.470	0.3000E-18
2.565	0.3098E-18
2.662	0.3196E-18
2.764	0.3294E-18
2.869	0.3391E-18
2.978	0.3488E-18
3.092	0.3584E-18
3.209	0.3681E-18
3.332	0.3780E-18
3.458	0.3881E-18
3.590	0.3988E-18
3.727	0.4102E-18
3.869	0.4226E-18
4.016	0.4365E-18
4.169	0.4522E-18
4.328	0.4703E-18
4.493	0.4915E-18
4.664	0.5166E-18
4.841	0.5464E-18
5.026	0.5820E-18
5.217	0.6244E-18
5.416	0.6751E-18
5.622	0.7356E-18
5.836	0.8074E-18
6.059	0.8926E-18
6.289	0.9930E-18
6.529	0.1111E-17
6.778	0.1249E-17
7.036	0.1410E-17
7.304	0.1596E-17
7.582	0.1811E-17
7.871	0.2057E-17
8.170	0.2340E-17
8.482	0.2661E-17
8.805	0.3026E-17
9.140	0.3439E-17
9.488	0.3904E-17
9.849	0.4427E-17
10.22	0.5013E-17
10.61	0.5668E-17
11.02	0.6400E-17
11.44	0.7216E-17
11.87	0.8125E-17
12.33	0.9137E-17
12.80	0.1026E-16
13.28	0.1152E-16
13.79	0.1292E-16
14.31	0.1449E-16
14.86	0.1625E-16
15.42	0.1822E-16
16.01	0.2044E-16
16.62	0.2293E-16
17.25	0.2576E-16
17.91	0.2896E-16
18.59	0.3258E-16
19.30	0.3670E-16
20.04	0.4138E-16
20.80	0.4671E-16
21.59	0.5277E-16
22.42	0.5966E-16
23.27	0.6748E-16
24.16	0.7636E-16
25.08	0.8642E-16
26.03	0.9779E-16
27.02	0.1106E-15
28.05	0.1250E-15
29.12	0.1412E-15
30.23	0.1593E-15
31.38	0.1795E-15
32.57	0.2019E-15
33.82	0.2267E-15
35.10	0.2542E-15
36.44	0.2844E-15
37.83	0.3175E-15
39.27	0.3538E-15
40.76	0.3933E-15
42.32	0.4362E-15
43.93	0.4828E-15
45.60	0.5331E-15
47.34	0.5874E-15
49.14	0.6458E-15
51.01	0.7086E-15
52.96	0.7759E-15
54.97	0.8479E-15
57.07	0.9251E-15
59.24	0.1008E-14
61.50	0.1097E-14
63.84	0.1192E-14
66.27	0.1294E-14
68.79	0.1406E-14
71.41	0.1527E-14
74.13	0.1658E-14
76.96	0.1805E-14
79.89	0.1971E-14
82.93	0.2159E-14
86.09	0.2379E-14
89.37	0.2641E-14
92.77	0.2961E-14
96.31	0.3380E-14
99.97	0.3965E-14
103.8	0.4813E-14
107.7	0.6178E-14
111.8	0.8640E-14
116.1	0.1345E-13
120.5	0.2216E-13
125.1	0.3393E-13
129.9	0.4645E-13
134.8	0.5845E-13
140.0	0.6954E-13
145.3	0.7966E-13
150.8	0.8879E-13
156.6	0.9705E-13
162.5	0.1045E-12
168.7	0.1113E-12
175.1	0.1174E-12
181.8	0.1231E-12
188.7	0.1284E-12
195.9	0.1333E-12
203.4	0.1380E-12
211.1	0.1425E-12
219.2	0.1469E-12
227.5	0.1513E-12
236.2	0.1557E-12
245.2	0.1600E-12
254.5	0.1644E-12
264.2	0.1688E-12
274.3	0.1733E-12
284.7	0.1777E-12
295.6	0.1821E-12
306.8	0.1865E-12
318.5	0.1909E-12
330.6	0.1951E-12
343.2	0.1993E-12
356.3	0.2034E-12
369.9	0.2073E-12
384.0	0.2111E-12
398.6	0.2147E-12
413.8	0.2182E-12
429.5	0.2215E-12
445.9	0.2247E-12
462.9	0.2277E-12
480.5	0.2305E-12
498.8	0.2331E-12
517.8	0.2356E-12
537.5	0.2379E-12
558.0	0.2400E-12
579.2	0.2420E-12
601.3	0.2438E-12
624.2	0.2455E-12
648.0	0.2470E-12
672.6	0.2484E-12
698.3	0.2497E-12
724.9	0.2508E-12
752.5	0.2518E-12
781.1	0.2527E-12
810.9	0.2535E-12
841.8	0.2542E-12
873.8	0.2547E-12
907.1	0.2552E-12
941.6	0.2556E-12
977.5	0.2559E-12
1015.	0.2561E-12
1053.	0.2562E-12
1094.	0.2562E-12
1135.	0.2561E-12
1178.	0.2560E-12
1223.	0.2558E-12
1270.	0.2555E-12
1318.	0.2551E-12
1368.	0.2547E-12
1421.	0.2542E-12
1475.	0.2536E-12
1531.	0.2530E-12
1589.	0.2523E-12
1650.	0.2516E-12
1712.	0.2508E-12
1778.	0.2499E-12
1845.	0.2490E-12
1916.	0.2480E-12
1989.	0.2470E-12
2064.	0.2459E-12
2143.	0.2448E-12
2225.	0.2437E-12
2309.	0.2424E-12
2397.	0.2412E-12
2489.	0.2399E-12
2583.	0.2385E-12
2682.	0.2372E-12
2784.	0.2357E-12
2890.	0.2343E-12
3000.	0.2328E-12
 
 
C5    C5F10O    Ionization    10.97 eV                          
E/N (Td)	Inverse rate coefficient (m2)
0.1000E-02	0.000
0.1038E-02	0.000
0.1078E-02	0.000
0.1119E-02	0.000
0.1161E-02	0.000
0.1205E-02	0.000
0.1251E-02	0.000
0.1299E-02	0.000
0.1349E-02	0.000
0.1400E-02	0.000
0.1453E-02	0.000
0.1509E-02	0.000
0.1566E-02	0.000
0.1626E-02	0.000
0.1688E-02	0.000
0.1752E-02	0.000
0.1819E-02	0.000
0.1888E-02	0.000
0.1960E-02	0.000
0.2034E-02	0.000
0.2112E-02	0.000
0.2192E-02	0.000
0.2276E-02	0.000
0.2362E-02	0.000
0.2452E-02	0.000
0.2546E-02	0.000
0.2643E-02	0.000
0.2743E-02	0.000
0.2848E-02	0.000
0.2956E-02	0.000
0.3069E-02	0.000
0.3186E-02	0.000
0.3307E-02	0.000
0.3433E-02	0.000
0.3564E-02	0.000
0.3700E-02	0.000
0.3841E-02	0.000
0.3987E-02	0.000
0.4139E-02	0.000
0.4296E-02	0.000
0.4460E-02	0.000
0.4630E-02	0.000
0.4806E-02	0.000
0.4989E-02	0.000
0.5179E-02	0.000
0.5377E-02	0.000
0.5581E-02	0.000
0.5794E-02	0.000
0.6015E-02	0.000
0.6244E-02	0.000
0.6481E-02	0.000
0.6728E-02	0.000
0.6985E-02	0.000
0.7251E-02	0.000
0.7527E-02	0.000
0.7813E-02	0.000
0.8111E-02	0.000
0.8420E-02	0.000
0.8741E-02	0.000
0.9073E-02	0.000
0.9419E-02	0.000
0.9778E-02	0.000
0.1015E-01	0.000
0.1054E-01	0.000
0.1094E-01	0.000
0.1135E-01	0.000
0.1179E-01	0.000
0.1224E-01	0.000
0.1270E-01	0.000
0.1319E-01	0.000
0.1369E-01	0.000
0.1421E-01	0.000
0.1475E-01	0.000
0.1531E-01	0.000
0.1590E-01	0.000
0.1650E-01	0.000
0.1713E-01	0.000
0.1778E-01	0.000
0.1846E-01	0.000
0.1916E-01	0.000
0.1989E-01	0.000
0.2065E-01	0.000
0.2144E-01	0.000
0.2225E-01	0.000
0.2310E-01	0.000
0.2398E-01	0.000
0.2489E-01	0.000
0.2584E-01	0.000
0.2682E-01	0.000
0.2785E-01	0.000
0.2891E-01	0.000
0.3001E-01	0.000
0.3115E-01	0.000
0.3234E-01	0.000
0.3357E-01	0.000
0.3485E-01	0.000
0.3617E-01	0.000
0.3755E-01	0.000
0.3898E-01	0.000
0.4047E-01	0.000
0.4201E-01	0.000
0.4361E-01	0.000
0.4527E-01	0.000
0.4699E-01	0.000
0.4878E-01	0.000
0.5064E-01	0.000
0.5257E-01	0.000
0.5457E-01	0.000
0.5665E-01	0.000
0.5881E-01	0.000
0.6105E-01	0.000
0.6337E-01	0.000
0.6579E-01	0.000
0.6829E-01	0.000
0.7089E-01	0.000
0.7359E-01	0.000
0.7640E-01	0.000
0.7931E-01	0.000
0.8233E-01	0.000
0.8546E-01	0.000
0.8872E-01	0.000
0.9210E-01	0.000
0.9560E-01	0.000
0.9924E-01	0.000
0.1030	0.000
0.1069	0.000
0.1110	0.000
0.1152	0.000
0.1196	0.000
0.1242	0.000
0.1289	0.000
0.1338	0.000
0.1389	0.000
0.1442	0.000
0.1497	0.000
0.1554	0.000
0.1613	0.000
0.1675	0.000
0.1739	0.000
0.1805	0.000
0.1874	0.000
0.1945	0.000
0.2019	0.000
0.2096	0.000
0.2176	0.000
0.2259	0.000
0.2345	0.000
0.2434	0.000
0.2527	0.000
0.2623	0.000
0.2723	0.000
0.2826	0.000
0.2934	0.000
0.3046	0.000
0.3162	0.000
0.3282	0.000
0.3407	0.000
0.3537	0.000
0.3672	0.000
0.3812	0.000
0.3957	0.000
0.4107	0.000
0.4264	0.000
0.4426	0.000
0.4595	0.000
0.4770	0.000
0.4952	0.000
0.5140	0.000
0.5336	0.000
0.5539	0.000
0.5750	0.000
0.5969	0.000
0.6196	0.000
0.6432	0.000
0.6677	0.000
0.6932	0.000
0.7196	0.000
0.7470	0.000
0.7754	0.000
0.8050	0.000
0.8356	0.000
0.8674	0.000
0.9005	0.000
0.9348	0.000
0.9704	0.000
1.007	0.000
1.046	0.000
1.086	0.000
1.127	0.000
1.170	0.000
1.214	0.000
1.261	0.000
1.309	0.000
1.358	0.000
1.410	0.000
1.464	0.000
1.520	0.000
1.578	0.000
1.638	0.000
1.700	0.000
1.765	0.000
1.832	0.000
1.902	0.000
1.974	0.000
2.049	0.000
2.127	0.000
2.208	0.000
2.293	0.000
2.380	0.000
2.470	0.000
2.565	0.000
2.662	0.000
2.764	0.000
2.869	0.000
2.978	0.000
3.092	0.000
3.209	0.000
3.332	0.000
3.458	0.000
3.590	0.000
3.727	0.000
3.869	0.000
4.016	0.000
4.169	0.000
4.328	0.000
4.493	0.000
4.664	0.000
4.841	0.000
5.026	0.000
5.217	0.000
5.416	0.000
5.622	0.000
5.836	0.000
6.059	0.000
6.289	0.000
6.529	0.000
6.778	0.000
7.036	0.000
7.304	0.000
7.582	0.000
7.871	0.000
8.170	0.000
8.482	0.000
8.805	0.000
9.140	0.000
9.488	0.000
9.849	0.000
10.22	0.000
10.61	0.000
11.02	0.000
11.44	0.000
11.87	0.000
12.33	0.000
12.80	0.000
13.28	0.000
13.79	0.000
14.31	0.000
14.86	0.000
15.42	0.000
16.01	0.000
16.62	0.000
17.25	0.000
17.91	0.000
18.59	0.000
19.30	0.000
20.04	0.000
20.80	0.000
21.59	0.000
22.42	0.000
23.27	0.000
24.16	0.000
25.08	0.000
26.03	0.000
27.02	0.000
28.05	0.000
29.12	0.000
30.23	0.000
31.38	0.000
32.57	0.000
33.82	0.000
35.10	0.000
36.44	0.000
37.83	0.000
39.27	0.000
40.76	0.000
42.32	0.000
43.93	0.000
45.60	0.000
47.34	0.000
49.14	0.000
51.01	0.000
52.96	0.000
54.97	0.000
57.07	0.000
59.24	0.000
61.50	0.000
63.84	0.000
66.27	0.000
68.79	0.000
71.41	0.000
74.13	0.000
76.96	0.000
79.89	0.000
82.93	0.000
86.09	0.000
89.37	0.000
92.77	0.000
96.31	0.000
99.97	0.000
103.8	0.000
107.7	0.000
111.8	0.000
116.1	0.000
120.5	0.000
125.1	0.000
129.9	0.000
134.8	0.000
140.0	0.000
145.3	0.000
150.8	0.000
156.6	0.000
162.5	0.000
168.7	0.000
175.1	0.000
181.8	0.000
188.7	0.000
195.9	0.000
203.4	0.000
211.1	0.000
219.2	0.000
227.5	0.000
236.2	0.000
245.2	0.000
254.5	0.000
264.2	0.000
274.3	0.000
284.7	0.000
295.6	0.000
306.8	0.000
318.5	0.000
330.6	0.000
343.2	0.000
356.3	0.000
369.9	0.000
384.0	0.000
398.6	0.000
413.8	0.000
429.5	0.000
445.9	0.000
462.9	0.000
480.5	0.000
498.8	0.000
517.8	0.000
537.5	0.000
558.0	0.000
579.2	0.000
601.3	0.000
624.2	0.000
648.0	0.000
672.6	0.000
698.3	0.000
724.9	0.000
752.5	0.000
781.1	0.000
810.9	0.000
841.8	0.000
873.8	0.000
907.1	0.000
941.6	0.000
977.5	0.000
1015.	0.000
1053.	0.000
1094.	0.000
1135.	0.000
1178.	0.000
1223.	0.000
1270.	0.000
1318.	0.000
1368.	0.000
1421.	0.000
1475.	0.000
1531.	0.000
1589.	0.000
1650.	0.000
1712.	0.000
1778.	0.000
1845.	0.000
1916.	0.000
1989.	0.000
2064.	0.000
2143.	0.000
2225.	0.000
2309.	0.000
2397.	0.000
2489.	0.000
2583.	0.000
2682.	0.000
2784.	0.000
2890.	0.000
3000.	0.000
 
 
C1    C5F10O    Attachment                                      
E/N (Td)	Energy loss coefficient (eV m3/s)
0.1000E-02	0.2158E-20
0.1038E-02	0.2264E-20
0.1078E-02	0.2291E-20
0.1119E-02	0.2320E-20
0.1161E-02	0.2351E-20
0.1205E-02	0.2383E-20
0.1251E-02	0.2418E-20
0.1299E-02	0.2454E-20
0.1349E-02	0.2493E-20
0.1400E-02	0.2534E-20
0.1453E-02	0.2599E-20
0.1509E-02	0.2643E-20
0.1566E-02	0.2691E-20
0.1626E-02	0.2741E-20
0.1688E-02	0.2794E-20
0.1752E-02	0.2850E-20
0.1819E-02	0.2909E-20
0.1888E-02	0.2972E-20
0.1960E-02	0.3038E-20
0.2034E-02	0.3107E-20
0.2112E-02	0.3181E-20
0.2192E-02	0.3258E-20
0.2276E-02	0.3340E-20
0.2362E-02	0.3426E-20
0.2452E-02	0.3517E-20
0.2546E-02	0.3612E-20
0.2643E-02	0.3712E-20
0.2743E-02	0.3817E-20
0.2848E-02	0.3928E-20
0.2956E-02	0.4045E-20
0.3069E-02	0.4168E-20
0.3186E-02	0.4297E-20
0.3307E-02	0.4436E-20
0.3433E-02	0.4578E-20
0.3564E-02	0.4728E-20
0.3700E-02	0.4885E-20
0.3841E-02	0.5050E-20
0.3987E-02	0.5224E-20
0.4139E-02	0.5407E-20
0.4296E-02	0.5599E-20
0.4460E-02	0.5802E-20
0.4630E-02	0.6014E-20
0.4806E-02	0.6238E-20
0.4989E-02	0.6474E-20
0.5179E-02	0.6722E-20
0.5377E-02	0.6982E-20
0.5581E-02	0.7258E-20
0.5794E-02	0.7546E-20
0.6015E-02	0.7850E-20
0.6244E-02	0.8170E-20
0.6481E-02	0.8506E-20
0.6728E-02	0.8861E-20
0.6985E-02	0.9234E-20
0.7251E-02	0.9627E-20
0.7527E-02	0.1004E-19
0.7813E-02	0.1048E-19
0.8111E-02	0.1094E-19
0.8420E-02	0.1142E-19
0.8741E-02	0.1193E-19
0.9073E-02	0.1247E-19
0.9419E-02	0.1303E-19
0.9778E-02	0.1363E-19
0.1015E-01	0.1426E-19
0.1054E-01	0.1492E-19
0.1094E-01	0.1562E-19
0.1135E-01	0.1636E-19
0.1179E-01	0.1713E-19
0.1224E-01	0.1795E-19
0.1270E-01	0.1882E-19
0.1319E-01	0.1973E-19
0.1369E-01	0.2069E-19
0.1421E-01	0.2170E-19
0.1475E-01	0.2277E-19
0.1531E-01	0.2390E-19
0.1590E-01	0.2509E-19
0.1650E-01	0.2635E-19
0.1713E-01	0.2767E-19
0.1778E-01	0.2907E-19
0.1846E-01	0.3055E-19
0.1916E-01	0.3211E-19
0.1989E-01	0.3375E-19
0.2065E-01	0.3549E-19
0.2144E-01	0.3732E-19
0.2225E-01	0.3926E-19
0.2310E-01	0.4130E-19
0.2398E-01	0.4346E-19
0.2489E-01	0.4574E-19
0.2584E-01	0.4814E-19
0.2682E-01	0.5069E-19
0.2785E-01	0.5337E-19
0.2891E-01	0.5620E-19
0.3001E-01	0.5920E-19
0.3115E-01	0.6236E-19
0.3234E-01	0.6570E-19
0.3357E-01	0.6923E-19
0.3485E-01	0.7296E-19
0.3617E-01	0.7689E-19
0.3755E-01	0.8105E-19
0.3898E-01	0.8545E-19
0.4047E-01	0.9009E-19
0.4201E-01	0.9500E-19
0.4361E-01	0.1002E-18
0.4527E-01	0.1057E-18
0.4699E-01	0.1114E-18
0.4878E-01	0.1176E-18
0.5064E-01	0.1240E-18
0.5257E-01	0.1309E-18
0.5457E-01	0.1381E-18
0.5665E-01	0.1457E-18
0.5881E-01	0.1538E-18
0.6105E-01	0.1623E-18
0.6337E-01	0.1713E-18
0.6579E-01	0.1808E-18
0.6829E-01	0.1909E-18
0.7089E-01	0.2015E-18
0.7359E-01	0.2128E-18
0.7640E-01	0.2247E-18
0.7931E-01	0.2372E-18
0.8233E-01	0.2505E-18
0.8546E-01	0.2646E-18
0.8872E-01	0.2794E-18
0.9210E-01	0.2951E-18
0.9560E-01	0.3117E-18
0.9924E-01	0.3292E-18
0.1030	0.3478E-18
0.1069	0.3674E-18
0.1110	0.3881E-18
0.1152	0.4100E-18
0.1196	0.4332E-18
0.1242	0.4577E-18
0.1289	0.4836E-18
0.1338	0.5110E-18
0.1389	0.5399E-18
0.1442	0.5705E-18
0.1497	0.6029E-18
0.1554	0.6371E-18
0.1613	0.6733E-18
0.1675	0.7115E-18
0.1739	0.7520E-18
0.1805	0.7948E-18
0.1874	0.8401E-18
0.1945	0.8880E-18
0.2019	0.9386E-18
0.2096	0.9922E-18
0.2176	0.1049E-17
0.2259	0.1109E-17
0.2345	0.1172E-17
0.2434	0.1240E-17
0.2527	0.1311E-17
0.2623	0.1386E-17
0.2723	0.1466E-17
0.2826	0.1551E-17
0.2934	0.1640E-17
0.3046	0.1735E-17
0.3162	0.1836E-17
0.3282	0.1943E-17
0.3407	0.2057E-17
0.3537	0.2177E-17
0.3672	0.2305E-17
0.3812	0.2441E-17
0.3957	0.2586E-17
0.4107	0.2740E-17
0.4264	0.2904E-17
0.4426	0.3078E-17
0.4595	0.3264E-17
0.4770	0.3462E-17
0.4952	0.3674E-17
0.5140	0.3899E-17
0.5336	0.4140E-17
0.5539	0.4398E-17
0.5750	0.4674E-17
0.5969	0.4968E-17
0.6196	0.5283E-17
0.6432	0.5621E-17
0.6677	0.5983E-17
0.6932	0.6372E-17
0.7196	0.6790E-17
0.7470	0.7238E-17
0.7754	0.7720E-17
0.8050	0.8240E-17
0.8356	0.8798E-17
0.8674	0.9401E-17
0.9005	0.1005E-16
0.9348	0.1075E-16
0.9704	0.1151E-16
1.007	0.1233E-16
1.046	0.1323E-16
1.086	0.1419E-16
1.127	0.1525E-16
1.170	0.1639E-16
1.214	0.1763E-16
1.261	0.1898E-16
1.309	0.2046E-16
1.358	0.2207E-16
1.410	0.2384E-16
1.464	0.2576E-16
1.520	0.2786E-16
1.578	0.3016E-16
1.638	0.3266E-16
1.700	0.3539E-16
1.765	0.3834E-16
1.832	0.4162E-16
1.902	0.4509E-16
1.974	0.4881E-16
2.049	0.5285E-16
2.127	0.5717E-16
2.208	0.6172E-16
2.293	0.6653E-16
2.380	0.7162E-16
2.470	0.7692E-16
2.565	0.8234E-16
2.662	0.8798E-16
2.764	0.9378E-16
2.869	0.9970E-16
2.978	0.1058E-15
3.092	0.1118E-15
3.209	0.1180E-15
3.332	0.1243E-15
3.458	0.1307E-15
3.590	0.1371E-15
3.727	0.1436E-15
3.869	0.1502E-15
4.016	0.1568E-15
4.169	0.1636E-15
4.328	0.1705E-15
4.493	0.1775E-15
4.664	0.1847E-15
4.841	0.1921E-15
5.026	0.1996E-15
5.217	0.2074E-15
5.416	0.2154E-15
5.622	0.2236E-15
5.836	0.2322E-15
6.059	0.2410E-15
6.289	0.2502E-15
6.529	0.2597E-15
6.778	0.2696E-15
7.036	0.2799E-15
7.304	0.2907E-15
7.582	0.3019E-15
7.871	0.3137E-15
8.170	0.3259E-15
8.482	0.3388E-15
8.805	0.3523E-15
9.140	0.3665E-15
9.488	0.3814E-15
9.849	0.3970E-15
10.22	0.4135E-15
10.61	0.4308E-15
11.02	0.4490E-15
11.44	0.4683E-15
11.87	0.4886E-15
12.33	0.5100E-15
12.80	0.5326E-15
13.28	0.5565E-15
13.79	0.5818E-15
14.31	0.6086E-15
14.86	0.6368E-15
15.42	0.6668E-15
16.01	0.6985E-15
16.62	0.7320E-15
17.25	0.7676E-15
17.91	0.8052E-15
18.59	0.8451E-15
19.30	0.8873E-15
20.04	0.9320E-15
20.80	0.9792E-15
21.59	0.1029E-14
22.42	0.1082E-14
23.27	0.1138E-14
24.16	0.1197E-14
25.08	0.1259E-14
26.03	0.1325E-14
27.02	0.1394E-14
28.05	0.1466E-14
29.12	0.1543E-14
30.23	0.1623E-14
31.38	0.1706E-14
32.57	0.1793E-14
33.82	0.1885E-14
35.10	0.1979E-14
36.44	0.2078E-14
37.83	0.2180E-14
39.27	0.2286E-14
40.76	0.2395E-14
42.32	0.2507E-14
43.93	0.2622E-14
45.60	0.2740E-14
47.34	0.2861E-14
49.14	0.2984E-14
51.01	0.3110E-14
52.96	0.3237E-14
54.97	0.3366E-14
57.07	0.3496E-14
59.24	0.3628E-14
61.50	0.3760E-14
63.84	0.3893E-14
66.27	0.4027E-14
68.79	0.4161E-14
71.41	0.4296E-14
74.13	0.4430E-14
76.96	0.4565E-14
79.89	0.4699E-14
82.93	0.4834E-14
86.09	0.4968E-14
89.37	0.5102E-14
92.77	0.5235E-14
96.31	0.5368E-14
99.97	0.5501E-14
103.8	0.5631E-14
107.7	0.5759E-14
111.8	0.5879E-14
116.1	0.5979E-14
120.5	0.6043E-14
125.1	0.6068E-14
129.9	0.6067E-14
134.8	0.6051E-14
140.0	0.6028E-14
145.3	0.6000E-14
150.8	0.5969E-14
156.6	0.5939E-14
162.5	0.5909E-14
168.7	0.5881E-14
175.1	0.5855E-14
181.8	0.5832E-14
188.7	0.5812E-14
195.9	0.5794E-14
203.4	0.5777E-14
211.1	0.5761E-14
219.2	0.5746E-14
227.5	0.5729E-14
236.2	0.5711E-14
245.2	0.5691E-14
254.5	0.5668E-14
264.2	0.5641E-14
274.3	0.5611E-14
284.7	0.5577E-14
295.6	0.5539E-14
306.8	0.5497E-14
318.5	0.5452E-14
330.6	0.5403E-14
343.2	0.5352E-14
356.3	0.5298E-14
369.9	0.5242E-14
384.0	0.5184E-14
398.6	0.5125E-14
413.8	0.5064E-14
429.5	0.5003E-14
445.9	0.4941E-14
462.9	0.4878E-14
480.5	0.4815E-14
498.8	0.4753E-14
517.8	0.4690E-14
537.5	0.4628E-14
558.0	0.4566E-14
579.2	0.4504E-14
601.3	0.4443E-14
624.2	0.4383E-14
648.0	0.4322E-14
672.6	0.4263E-14
698.3	0.4204E-14
724.9	0.4146E-14
752.5	0.4088E-14
781.1	0.4031E-14
810.9	0.3974E-14
841.8	0.3917E-14
873.8	0.3861E-14
907.1	0.3805E-14
941.6	0.3750E-14
977.5	0.3694E-14
1015.	0.3639E-14
1053.	0.3584E-14
1094.	0.3530E-14
1135.	0.3475E-14
1178.	0.3420E-14
1223.	0.3366E-14
1270.	0.3312E-14
1318.	0.3257E-14
1368.	0.3203E-14
1421.	0.3148E-14
1475.	0.3094E-14
1531.	0.3039E-14
1589.	0.2985E-14
1650.	0.2930E-14
1712.	0.2876E-14
1778.	0.2821E-14
1845.	0.2766E-14
1916.	0.2712E-14
1989.	0.2657E-14
2064.	0.2603E-14
2143.	0.2549E-14
2225.	0.2494E-14
2309.	0.2440E-14
2397.	0.2386E-14
2489.	0.2332E-14
2583.	0.2279E-14
2682.	0.2225E-14
2784.	0.2172E-14
2890.	0.2119E-14
3000.	0.2067E-14
 
 
C2    C5F10O    Elastic                                         
E/N (Td)	Energy loss coefficient (eV m3/s)
0.1000E-02	-0.7316E-21
0.1038E-02	-0.7474E-21
0.1078E-02	-0.7510E-21
0.1119E-02	-0.7549E-21
0.1161E-02	-0.7589E-21
0.1205E-02	-0.7632E-21
0.1251E-02	-0.7676E-21
0.1299E-02	-0.7723E-21
0.1349E-02	-0.7772E-21
0.1400E-02	-0.7824E-21
0.1453E-02	-0.7903E-21
0.1509E-02	-0.7957E-21
0.1566E-02	-0.8014E-21
0.1626E-02	-0.8073E-21
0.1688E-02	-0.8134E-21
0.1752E-02	-0.8198E-21
0.1819E-02	-0.8265E-21
0.1888E-02	-0.8334E-21
0.1960E-02	-0.8407E-21
0.2034E-02	-0.8482E-21
0.2112E-02	-0.8559E-21
0.2192E-02	-0.8640E-21
0.2276E-02	-0.8723E-21
0.2362E-02	-0.8809E-21
0.2452E-02	-0.8898E-21
0.2546E-02	-0.8990E-21
0.2643E-02	-0.9085E-21
0.2743E-02	-0.9182E-21
0.2848E-02	-0.9283E-21
0.2956E-02	-0.9386E-21
0.3069E-02	-0.9493E-21
0.3186E-02	-0.9603E-21
0.3307E-02	-0.9716E-21
0.3433E-02	-0.9831E-21
0.3564E-02	-0.9950E-21
0.3700E-02	-0.1007E-20
0.3841E-02	-0.1020E-20
0.3987E-02	-0.1033E-20
0.4139E-02	-0.1046E-20
0.4296E-02	-0.1059E-20
0.4460E-02	-0.1073E-20
0.4630E-02	-0.1087E-20
0.4806E-02	-0.1102E-20
0.4989E-02	-0.1117E-20
0.5179E-02	-0.1132E-20
0.5377E-02	-0.1148E-20
0.5581E-02	-0.1164E-20
0.5794E-02	-0.1180E-20
0.6015E-02	-0.1197E-20
0.6244E-02	-0.1214E-20
0.6481E-02	-0.1232E-20
0.6728E-02	-0.1250E-20
0.6985E-02	-0.1268E-20
0.7251E-02	-0.1287E-20
0.7527E-02	-0.1306E-20
0.7813E-02	-0.1326E-20
0.8111E-02	-0.1346E-20
0.8420E-02	-0.1366E-20
0.8741E-02	-0.1388E-20
0.9073E-02	-0.1409E-20
0.9419E-02	-0.1431E-20
0.9778E-02	-0.1454E-20
0.1015E-01	-0.1476E-20
0.1054E-01	-0.1500E-20
0.1094E-01	-0.1524E-20
0.1135E-01	-0.1548E-20
0.1179E-01	-0.1573E-20
0.1224E-01	-0.1598E-20
0.1270E-01	-0.1624E-20
0.1319E-01	-0.1651E-20
0.1369E-01	-0.1678E-20
0.1421E-01	-0.1706E-20
0.1475E-01	-0.1734E-20
0.1531E-01	-0.1763E-20
0.1590E-01	-0.1792E-20
0.1650E-01	-0.1821E-20
0.1713E-01	-0.1852E-20
0.1778E-01	-0.1883E-20
0.1846E-01	-0.1915E-20
0.1916E-01	-0.1947E-20
0.1989E-01	-0.1980E-20
0.2065E-01	-0.2014E-20
0.2144E-01	-0.2048E-20
0.2225E-01	-0.2083E-20
0.2310E-01	-0.2118E-20
0.2398E-01	-0.2155E-20
0.2489E-01	-0.2192E-20
0.2584E-01	-0.2229E-20
0.2682E-01	-0.2268E-20
0.2785E-01	-0.2307E-20
0.2891E-01	-0.2346E-20
0.3001E-01	-0.2387E-20
0.3115E-01	-0.2428E-20
0.3234E-01	-0.2470E-20
0.3357E-01	-0.2513E-20
0.3485E-01	-0.2557E-20
0.3617E-01	-0.2601E-20
0.3755E-01	-0.2646E-20
0.3898E-01	-0.2692E-20
0.4047E-01	-0.2739E-20
0.4201E-01	-0.2787E-20
0.4361E-01	-0.2835E-20
0.4527E-01	-0.2884E-20
0.4699E-01	-0.2934E-20
0.4878E-01	-0.2985E-20
0.5064E-01	-0.3037E-20
0.5257E-01	-0.3090E-20
0.5457E-01	-0.3143E-20
0.5665E-01	-0.3197E-20
0.5881E-01	-0.3253E-20
0.6105E-01	-0.3309E-20
0.6337E-01	-0.3366E-20
0.6579E-01	-0.3424E-20
0.6829E-01	-0.3483E-20
0.7089E-01	-0.3543E-20
0.7359E-01	-0.3604E-20
0.7640E-01	-0.3666E-20
0.7931E-01	-0.3729E-20
0.8233E-01	-0.3792E-20
0.8546E-01	-0.3856E-20
0.8872E-01	-0.3922E-20
0.9210E-01	-0.3988E-20
0.9560E-01	-0.4056E-20
0.9924E-01	-0.4124E-20
0.1030	-0.4193E-20
0.1069	-0.4263E-20
0.1110	-0.4334E-20
0.1152	-0.4406E-20
0.1196	-0.4478E-20
0.1242	-0.4551E-20
0.1289	-0.4625E-20
0.1338	-0.4700E-20
0.1389	-0.4775E-20
0.1442	-0.4851E-20
0.1497	-0.4928E-20
0.1554	-0.5005E-20
0.1613	-0.5082E-20
0.1675	-0.5159E-20
0.1739	-0.5238E-20
0.1805	-0.5316E-20
0.1874	-0.5394E-20
0.1945	-0.5472E-20
0.2019	-0.5550E-20
0.2096	-0.5628E-20
0.2176	-0.5705E-20
0.2259	-0.5782E-20
0.2345	-0.5857E-20
0.2434	-0.5933E-20
0.2527	-0.6008E-20
0.2623	-0.6081E-20
0.2723	-0.6153E-20
0.2826	-0.6224E-20
0.2934	-0.6293E-20
0.3046	-0.6361E-20
0.3162	-0.6426E-20
0.3282	-0.6490E-20
0.3407	-0.6552E-20
0.3537	-0.6611E-20
0.3672	-0.6668E-20
0.3812	-0.6723E-20
0.3957	-0.6774E-20
0.4107	-0.6822E-20
0.4264	-0.6866E-20
0.4426	-0.6908E-20
0.4595	-0.6943E-20
0.4770	-0.6976E-20
0.4952	-0.7003E-20
0.5140	-0.7024E-20
0.5336	-0.7041E-20
0.5539	-0.7051E-20
0.5750	-0.7054E-20
0.5969	-0.7047E-20
0.6196	-0.7034E-20
0.6432	-0.7011E-20
0.6677	-0.6975E-20
0.6932	-0.6930E-20
0.7196	-0.6872E-20
0.7470	-0.6797E-20
0.7754	-0.6708E-20
0.8050	-0.6600E-20
0.8356	-0.6470E-20
0.8674	-0.6319E-20
0.9005	-0.6142E-20
0.9348	-0.5933E-20
0.9704	-0.5695E-20
1.007	-0.5418E-20
1.046	-0.5100E-20
1.086	-0.4729E-20
1.127	-0.4308E-20
1.170	-0.3825E-20
1.214	-0.3272E-20
1.261	-0.2637E-20
1.309	-0.1913E-20
1.358	-0.1087E-20
1.410	-0.1454E-21
1.464	0.9295E-21
1.520	0.2147E-20
1.578	0.3527E-20
1.638	0.5086E-20
1.700	0.6842E-20
1.765	0.8800E-20
1.832	0.1103E-19
1.902	0.1346E-19
1.974	0.1613E-19
2.049	0.1908E-19
2.127	0.2231E-19
2.208	0.2576E-19
2.293	0.2947E-19
2.380	0.3343E-19
2.470	0.3761E-19
2.565	0.4192E-19
2.662	0.4643E-19
2.764	0.5109E-19
2.869	0.5587E-19
2.978	0.6076E-19
3.092	0.6568E-19
3.209	0.7068E-19
3.332	0.7575E-19
3.458	0.8080E-19
3.590	0.8591E-19
3.727	0.9103E-19
3.869	0.9618E-19
4.016	0.1014E-18
4.169	0.1065E-18
4.328	0.1118E-18
4.493	0.1170E-18
4.664	0.1223E-18
4.841	0.1276E-18
5.026	0.1330E-18
5.217	0.1385E-18
5.416	0.1440E-18
5.622	0.1495E-18
5.836	0.1552E-18
6.059	0.1609E-18
6.289	0.1667E-18
6.529	0.1726E-18
6.778	0.1787E-18
7.036	0.1848E-18
7.304	0.1910E-18
7.582	0.1973E-18
7.871	0.2038E-18
8.170	0.2104E-18
8.482	0.2171E-18
8.805	0.2240E-18
9.140	0.2310E-18
9.488	0.2381E-18
9.849	0.2454E-18
10.22	0.2529E-18
10.61	0.2605E-18
11.02	0.2683E-18
11.44	0.2763E-18
11.87	0.2845E-18
12.33	0.2928E-18
12.80	0.3014E-18
13.28	0.3102E-18
13.79	0.3191E-18
14.31	0.3283E-18
14.86	0.3378E-18
15.42	0.3474E-18
16.01	0.3573E-18
16.62	0.3675E-18
17.25	0.3780E-18
17.91	0.3887E-18
18.59	0.3997E-18
19.30	0.4111E-18
20.04	0.4227E-18
20.80	0.4347E-18
21.59	0.4471E-18
22.42	0.4598E-18
23.27	0.4728E-18
24.16	0.4863E-18
25.08	0.5002E-18
26.03	0.5144E-18
27.02	0.5291E-18
28.05	0.5443E-18
29.12	0.5599E-18
30.23	0.5759E-18
31.38	0.5923E-18
32.57	0.6093E-18
33.82	0.6266E-18
35.10	0.6444E-18
36.44	0.6627E-18
37.83	0.6813E-18
39.27	0.7004E-18
40.76	0.7198E-18
42.32	0.7396E-18
43.93	0.7597E-18
45.60	0.7801E-18
47.34	0.8008E-18
49.14	0.8218E-18
51.01	0.8429E-18
52.96	0.8642E-18
54.97	0.8857E-18
57.07	0.9074E-18
59.24	0.9291E-18
61.50	0.9509E-18
63.84	0.9728E-18
66.27	0.9948E-18
68.79	0.1017E-17
71.41	0.1039E-17
74.13	0.1061E-17
76.96	0.1084E-17
79.89	0.1106E-17
82.93	0.1130E-17
86.09	0.1153E-17
89.37	0.1178E-17
92.77	0.1204E-17
96.31	0.1234E-17
99.97	0.1269E-17
103.8	0.1314E-17
107.7	0.1379E-17
111.8	0.1491E-17
116.1	0.1705E-17
120.5	0.2099E-17
125.1	0.2650E-17
129.9	0.3261E-17
134.8	0.3876E-17
140.0	0.4475E-17
145.3	0.5052E-17
150.8	0.5602E-17
156.6	0.6127E-17
162.5	0.6627E-17
168.7	0.7102E-17
175.1	0.7553E-17
181.8	0.7984E-17
188.7	0.8394E-17
195.9	0.8787E-17
203.4	0.9164E-17
211.1	0.9528E-17
219.2	0.9883E-17
227.5	0.1023E-16
236.2	0.1057E-16
245.2	0.1090E-16
254.5	0.1124E-16
264.2	0.1157E-16
274.3	0.1190E-16
284.7	0.1222E-16
295.6	0.1255E-16
306.8	0.1288E-16
318.5	0.1320E-16
330.6	0.1352E-16
343.2	0.1384E-16
356.3	0.1416E-16
369.9	0.1447E-16
384.0	0.1478E-16
398.6	0.1509E-16
413.8	0.1539E-16
429.5	0.1569E-16
445.9	0.1598E-16
462.9	0.1627E-16
480.5	0.1655E-16
498.8	0.1683E-16
517.8	0.1711E-16
537.5	0.1738E-16
558.0	0.1766E-16
579.2	0.1792E-16
601.3	0.1819E-16
624.2	0.1845E-16
648.0	0.1871E-16
672.6	0.1898E-16
698.3	0.1924E-16
724.9	0.1950E-16
752.5	0.1977E-16
781.1	0.2003E-16
810.9	0.2030E-16
841.8	0.2057E-16
873.8	0.2085E-16
907.1	0.2113E-16
941.6	0.2141E-16
977.5	0.2170E-16
1015.	0.2199E-16
1053.	0.2230E-16
1094.	0.2261E-16
1135.	0.2292E-16
1178.	0.2325E-16
1223.	0.2359E-16
1270.	0.2393E-16
1318.	0.2429E-16
1368.	0.2465E-16
1421.	0.2503E-16
1475.	0.2543E-16
1531.	0.2583E-16
1589.	0.2625E-16
1650.	0.2668E-16
1712.	0.2713E-16
1778.	0.2759E-16
1845.	0.2807E-16
1916.	0.2857E-16
1989.	0.2908E-16
2064.	0.2961E-16
2143.	0.3016E-16
2225.	0.3073E-16
2309.	0.3132E-16
2397.	0.3193E-16
2489.	0.3256E-16
2583.	0.3321E-16
2682.	0.3388E-16
2784.	0.3458E-16
2890.	0.3529E-16
3000.	0.3604E-16
 
 
C3    C5F10O    Excitation    1.29 eV                           
E/N (Td)	Energy loss coefficient (eV m3/s)
0.1000E-02	-0.1869E-42
0.1038E-02	-0.1928E-42
0.1078E-02	-0.1937E-42
0.1119E-02	-0.1946E-42
0.1161E-02	-0.1956E-42
0.1205E-02	-0.1967E-42
0.1251E-02	-0.1978E-42
0.1299E-02	-0.1990E-42
0.1349E-02	-0.2002E-42
0.1400E-02	-0.2015E-42
0.1453E-02	-0.2040E-42
0.1509E-02	-0.2054E-42
0.1566E-02	-0.2068E-42
0.1626E-02	-0.2082E-42
0.1688E-02	-0.2097E-42
0.1752E-02	-0.2113E-42
0.1819E-02	-0.2130E-42
0.1888E-02	-0.2147E-42
0.1960E-02	-0.2165E-42
0.2034E-02	-0.2184E-42
0.2112E-02	-0.2203E-42
0.2192E-02	-0.2224E-42
0.2276E-02	-0.2245E-42
0.2362E-02	-0.2266E-42
0.2452E-02	-0.2289E-42
0.2546E-02	-0.2312E-42
0.2643E-02	-0.2336E-42
0.2743E-02	-0.2360E-42
0.2848E-02	-0.2386E-42
0.2956E-02	-0.2412E-42
0.3069E-02	-0.2439E-42
0.3186E-02	-0.2467E-42
0.3307E-02	-0.2499E-42
0.3433E-02	-0.2528E-42
0.3564E-02	-0.2558E-42
0.3700E-02	-0.2589E-42
0.3841E-02	-0.2621E-42
0.3987E-02	-0.2653E-42
0.4139E-02	-0.2687E-42
0.4296E-02	-0.2721E-42
0.4460E-02	-0.2756E-42
0.4630E-02	-0.2793E-42
0.4806E-02	-0.2830E-42
0.4989E-02	-0.2868E-42
0.5179E-02	-0.2907E-42
0.5377E-02	-0.2947E-42
0.5581E-02	-0.2990E-42
0.5794E-02	-0.3032E-42
0.6015E-02	-0.3075E-42
0.6244E-02	-0.3119E-42
0.6481E-02	-0.3164E-42
0.6728E-02	-0.3210E-42
0.6985E-02	-0.3258E-42
0.7251E-02	-0.3306E-42
0.7527E-02	-0.3355E-42
0.7813E-02	-0.3406E-42
0.8111E-02	-0.3458E-42
0.8420E-02	-0.3512E-42
0.8741E-02	-0.3566E-42
0.9073E-02	-0.3622E-42
0.9419E-02	-0.3678E-42
0.9778E-02	-0.3736E-42
0.1015E-01	-0.3795E-42
0.1054E-01	-0.3856E-42
0.1094E-01	-0.3918E-42
0.1135E-01	-0.3981E-42
0.1179E-01	-0.4045E-42
0.1224E-01	-0.4112E-42
0.1270E-01	-0.4180E-42
0.1319E-01	-0.4248E-42
0.1369E-01	-0.4319E-42
0.1421E-01	-0.4390E-42
0.1475E-01	-0.4464E-42
0.1531E-01	-0.4538E-42
0.1590E-01	-0.4615E-42
0.1650E-01	-0.4694E-42
0.1713E-01	-0.4773E-42
0.1778E-01	-0.4855E-42
0.1846E-01	-0.4938E-42
0.1916E-01	-0.5022E-42
0.1989E-01	-0.5109E-42
0.2065E-01	-0.5197E-42
0.2144E-01	-0.5288E-42
0.2225E-01	-0.5380E-42
0.2310E-01	-0.5473E-42
0.2398E-01	-0.5569E-42
0.2489E-01	-0.5667E-42
0.2584E-01	-0.5766E-42
0.2682E-01	-0.5868E-42
0.2785E-01	-0.5972E-42
0.2891E-01	-0.6078E-42
0.3001E-01	-0.6186E-42
0.3115E-01	-0.6296E-42
0.3234E-01	-0.6408E-42
0.3357E-01	-0.6522E-42
0.3485E-01	-0.6639E-42
0.3617E-01	-0.6759E-42
0.3755E-01	-0.6880E-42
0.3898E-01	-0.7004E-42
0.4047E-01	-0.7130E-42
0.4201E-01	-0.7259E-42
0.4361E-01	-0.7391E-42
0.4527E-01	-0.7525E-42
0.4699E-01	-0.7662E-42
0.4878E-01	-0.7801E-42
0.5064E-01	-0.7943E-42
0.5257E-01	-0.8088E-42
0.5457E-01	-0.8236E-42
0.5665E-01	-0.8387E-42
0.5881E-01	-0.8540E-42
0.6105E-01	-0.8697E-42
0.6337E-01	-0.8856E-42
0.6579E-01	-0.9019E-42
0.6829E-01	-0.9186E-42
0.7089E-01	-0.9355E-42
0.7359E-01	-0.9527E-42
0.7640E-01	-0.9703E-42
0.7931E-01	-0.9882E-42
0.8233E-01	-0.1007E-41
0.8546E-01	-0.1025E-41
0.8872E-01	-0.1044E-41
0.9210E-01	-0.1063E-41
0.9560E-01	-0.1083E-41
0.9924E-01	-0.1103E-41
0.1030	-0.1124E-41
0.1069	-0.1145E-41
0.1110	-0.1166E-41
0.1152	-0.1188E-41
0.1196	-0.1210E-41
0.1242	-0.1233E-41
0.1289	-0.1256E-41
0.1338	-0.1279E-41
0.1389	-0.1303E-41
0.1442	-0.1327E-41
0.1497	-0.1352E-41
0.1554	-0.1377E-41
0.1613	-0.1403E-41
0.1675	-0.1430E-41
0.1739	-0.1456E-41
0.1805	-0.1484E-41
0.1874	-0.1512E-41
0.1945	-0.1540E-41
0.2019	-0.1569E-41
0.2096	-0.1598E-41
0.2176	-0.1628E-41
0.2259	-0.1659E-41
0.2345	-0.1690E-41
0.2434	-0.1722E-41
0.2527	-0.1755E-41
0.2623	-0.1788E-41
0.2723	-0.1822E-41
0.2826	-0.1856E-41
0.2934	-0.1892E-41
0.3046	-0.1928E-41
0.3162	-0.1964E-41
0.3282	-0.2002E-41
0.3407	-0.2041E-41
0.3537	-0.2080E-41
0.3672	-0.2121E-41
0.3812	-0.2162E-41
0.3957	-0.2205E-41
0.4107	-0.2249E-41
0.4264	-0.2294E-41
0.4426	-0.2340E-41
0.4595	-0.2387E-41
0.4770	-0.2436E-41
0.4952	-0.2487E-41
0.5140	-0.2539E-41
0.5336	-0.2592E-41
0.5539	-0.2648E-41
0.5750	-0.2705E-41
0.5969	-0.2765E-41
0.6196	-0.2827E-41
0.6432	-0.2892E-41
0.6677	-0.2960E-41
0.6932	-0.3031E-41
0.7196	-0.3106E-41
0.7470	-0.3186E-41
0.7754	-0.3272E-41
0.8050	-0.3365E-41
0.8356	-0.3466E-41
0.8674	-0.3578E-41
0.9005	-0.3704E-41
0.9348	-0.3847E-41
0.9704	-0.4014E-41
1.007	-0.4211E-41
1.046	-0.4450E-41
1.086	-0.4746E-41
1.127	-0.5119E-41
1.170	-0.5603E-41
1.214	-0.6244E-41
1.261	-0.7113E-41
1.309	-0.8314E-41
1.358	-0.1000E-40
1.410	-0.1241E-40
1.464	-0.1589E-40
1.520	-0.2093E-40
1.578	-0.2828E-40
1.638	-0.3900E-40
1.700	-0.5460E-40
1.765	-0.7709E-40
1.832	-0.1100E-39
1.902	-0.1564E-39
1.974	-0.2212E-39
2.049	-0.3127E-39
2.127	-0.4392E-39
2.208	-0.6098E-39
2.293	-0.8394E-39
2.380	-0.1145E-38
2.470	0.4547E-33
2.565	0.1387E-32
2.662	0.4142E-32
2.764	0.1175E-31
2.869	0.3188E-31
2.978	0.1975E-30
3.092	0.5015E-30
3.209	0.1247E-29
3.332	0.4310E-29
3.458	0.1016E-28
3.590	0.2356E-28
3.727	0.5297E-28
3.869	0.1158E-27
4.016	0.4017E-27
4.169	0.8865E-27
4.328	0.1952E-26
4.493	0.4226E-26
4.664	0.8998E-26
4.841	0.1886E-25
5.026	0.3879E-25
5.217	0.7853E-25
5.416	0.1564E-24
5.622	0.3563E-24
5.836	0.7087E-24
6.059	0.1391E-23
6.289	0.2693E-23
6.529	0.5144E-23
6.778	0.9690E-23
7.036	0.1800E-22
7.304	0.3299E-22
7.582	0.5958E-22
7.871	0.1061E-21
8.170	0.1868E-21
8.482	0.3234E-21
8.805	0.5523E-21
9.140	0.9302E-21
9.488	0.1545E-20
9.849	0.2533E-20
10.22	0.4097E-20
10.61	0.6538E-20
11.02	0.1030E-19
11.44	0.1602E-19
11.87	0.2462E-19
12.33	0.3737E-19
12.80	0.5606E-19
13.28	0.8313E-19
13.79	0.1219E-18
14.31	0.1767E-18
14.86	0.2536E-18
15.42	0.3599E-18
16.01	0.5057E-18
16.62	0.7035E-18
17.25	0.9694E-18
17.91	0.1323E-17
18.59	0.1790E-17
19.30	0.2401E-17
20.04	0.3192E-17
20.80	0.4208E-17
21.59	0.5505E-17
22.42	0.7145E-17
23.27	0.9204E-17
24.16	0.1177E-16
25.08	0.1495E-16
26.03	0.1885E-16
27.02	0.2362E-16
28.05	0.2941E-16
29.12	0.3638E-16
30.23	0.4474E-16
31.38	0.5470E-16
32.57	0.6650E-16
33.82	0.8041E-16
35.10	0.9670E-16
36.44	0.1157E-15
37.83	0.1377E-15
39.27	0.1632E-15
40.76	0.1924E-15
42.32	0.2259E-15
43.93	0.2639E-15
45.60	0.3071E-15
47.34	0.3558E-15
49.14	0.4106E-15
51.01	0.4720E-15
52.96	0.5405E-15
54.97	0.6167E-15
57.07	0.7013E-15
59.24	0.7952E-15
61.50	0.8978E-15
63.84	0.1011E-14
66.27	0.1135E-14
68.79	0.1272E-14
71.41	0.1420E-14
74.13	0.1582E-14
76.96	0.1758E-14
79.89	0.1951E-14
82.93	0.2159E-14
86.09	0.2385E-14
89.37	0.2630E-14
92.77	0.2896E-14
96.31	0.3186E-14
99.97	0.3505E-14
103.8	0.3858E-14
107.7	0.4260E-14
111.8	0.4739E-14
116.1	0.5360E-14
120.5	0.6200E-14
125.1	0.7210E-14
129.9	0.8271E-14
134.8	0.9320E-14
140.0	0.1034E-13
145.3	0.1132E-13
150.8	0.1227E-13
156.6	0.1319E-13
162.5	0.1408E-13
168.7	0.1496E-13
175.1	0.1581E-13
181.8	0.1665E-13
188.7	0.1748E-13
195.9	0.1829E-13
203.4	0.1910E-13
211.1	0.1990E-13
219.2	0.2069E-13
227.5	0.2147E-13
236.2	0.2224E-13
245.2	0.2299E-13
254.5	0.2373E-13
264.2	0.2446E-13
274.3	0.2517E-13
284.7	0.2585E-13
295.6	0.2652E-13
306.8	0.2716E-13
318.5	0.2778E-13
330.6	0.2837E-13
343.2	0.2894E-13
356.3	0.2949E-13
369.9	0.3001E-13
384.0	0.3050E-13
398.6	0.3097E-13
413.8	0.3142E-13
429.5	0.3185E-13
445.9	0.3226E-13
462.9	0.3265E-13
480.5	0.3303E-13
498.8	0.3339E-13
517.8	0.3374E-13
537.5	0.3408E-13
558.0	0.3440E-13
579.2	0.3472E-13
601.3	0.3504E-13
624.2	0.3535E-13
648.0	0.3566E-13
672.6	0.3597E-13
698.3	0.3627E-13
724.9	0.3659E-13
752.5	0.3690E-13
781.1	0.3723E-13
810.9	0.3756E-13
841.8	0.3791E-13
873.8	0.3826E-13
907.1	0.3863E-13
941.6	0.3902E-13
977.5	0.3942E-13
1015.	0.3985E-13
1053.	0.4029E-13
1094.	0.4076E-13
1135.	0.4125E-13
1178.	0.4177E-13
1223.	0.4232E-13
1270.	0.4290E-13
1318.	0.4352E-13
1368.	0.4417E-13
1421.	0.4485E-13
1475.	0.4558E-13
1531.	0.4635E-13
1589.	0.4715E-13
1650.	0.4801E-13
1712.	0.4891E-13
1778.	0.4985E-13
1845.	0.5085E-13
1916.	0.5190E-13
1989.	0.5300E-13
2064.	0.5416E-13
2143.	0.5536E-13
2225.	0.5663E-13
2309.	0.5795E-13
2397.	0.5933E-13
2489.	0.6076E-13
2583.	0.6225E-13
2682.	0.6379E-13
2784.	0.6539E-13
2890.	0.6705E-13
3000.	0.6876E-13
 
 
C4    C5F10O    Excitation    13.83 eV                          
E/N (Td)	Energy loss coefficient (eV m3/s)
0.1000E-02	-0.2873-251
0.1038E-02	-0.3010-251
0.1078E-02	-0.3038-251
0.1119E-02	-0.3068-251
0.1161E-02	-0.3100-251
0.1205E-02	-0.3133-251
0.1251E-02	-0.3168-251
0.1299E-02	-0.3205-251
0.1349E-02	-0.3244-251
0.1400E-02	-0.3284-251
0.1453E-02	-0.3357-251
0.1509E-02	-0.3400-251
0.1566E-02	-0.3445-251
0.1626E-02	-0.3492-251
0.1688E-02	-0.3541-251
0.1752E-02	-0.3593-251
0.1819E-02	-0.3646-251
0.1888E-02	-0.3702-251
0.1960E-02	-0.3761-251
0.2034E-02	-0.3822-251
0.2112E-02	-0.3885-251
0.2192E-02	-0.3950-251
0.2276E-02	-0.4018-251
0.2362E-02	-0.4088-251
0.2452E-02	-0.4161-251
0.2546E-02	-0.4236-251
0.2643E-02	-0.4313-251
0.2743E-02	-0.4393-251
0.2848E-02	-0.4476-251
0.2956E-02	-0.4561-251
0.3069E-02	-0.4648-251
0.3186E-02	-0.4738-251
0.3307E-02	-0.4838-251
0.3433E-02	-0.4933-251
0.3564E-02	-0.5030-251
0.3700E-02	-0.5130-251
0.3841E-02	-0.5232-251
0.3987E-02	-0.5337-251
0.4139E-02	-0.5445-251
0.4296E-02	-0.5555-251
0.4460E-02	-0.5668-251
0.4630E-02	-0.5784-251
0.4806E-02	-0.5903-251
0.4989E-02	-0.6024-251
0.5179E-02	-0.6148-251
0.5377E-02	-0.6275-251
0.5581E-02	-0.6408-251
0.5794E-02	-0.6541-251
0.6015E-02	-0.6676-251
0.6244E-02	-0.6814-251
0.6481E-02	-0.6955-251
0.6728E-02	-0.7099-251
0.6985E-02	-0.7246-251
0.7251E-02	-0.7396-251
0.7527E-02	-0.7549-251
0.7813E-02	-0.7705-251
0.8111E-02	-0.7864-251
0.8420E-02	-0.8031-251
0.8741E-02	-0.8196-251
0.9073E-02	-0.8365-251
0.9419E-02	-0.8537-251
0.9778E-02	-0.8712-251
0.1015E-01	-0.8891-251
0.1054E-01	-0.9073-251
0.1094E-01	-0.9259-251
0.1135E-01	-0.9449-251
0.1179E-01	-0.9642-251
0.1224E-01	-0.9841-251
0.1270E-01	-0.1004-250
0.1319E-01	-0.1025-250
0.1369E-01	-0.1045-250
0.1421E-01	-0.1066-250
0.1475E-01	-0.1088-250
0.1531E-01	-0.1110-250
0.1590E-01	-0.1132-250
0.1650E-01	-0.1155-250
0.1713E-01	-0.1179-250
0.1778E-01	-0.1202-250
0.1846E-01	-0.1226-250
0.1916E-01	-0.1251-250
0.1989E-01	-0.1276-250
0.2065E-01	-0.1301-250
0.2144E-01	-0.1327-250
0.2225E-01	-0.1354-250
0.2310E-01	-0.1381-250
0.2398E-01	-0.1408-250
0.2489E-01	-0.1436-250
0.2584E-01	-0.1464-250
0.2682E-01	-0.1493-250
0.2785E-01	-0.1523-250
0.2891E-01	-0.1553-250
0.3001E-01	-0.1583-250
0.3115E-01	-0.1614-250
0.3234E-01	-0.1646-250
0.3357E-01	-0.1678-250
0.3485E-01	-0.1711-250
0.3617E-01	-0.1745-250
0.3755E-01	-0.1779-250
0.3898E-01	-0.1813-250
0.4047E-01	-0.1848-250
0.4201E-01	-0.1884-250
0.4361E-01	-0.1921-250
0.4527E-01	-0.1959-250
0.4699E-01	-0.1997-250
0.4878E-01	-0.2035-250
0.5064E-01	-0.2075-250
0.5257E-01	-0.2115-250
0.5457E-01	-0.2156-250
0.5665E-01	-0.2197-250
0.5881E-01	-0.2240-250
0.6105E-01	-0.2283-250
0.6337E-01	-0.2327-250
0.6579E-01	-0.2372-250
0.6829E-01	-0.2418-250
0.7089E-01	-0.2464-250
0.7359E-01	-0.2511-250
0.7640E-01	-0.2560-250
0.7931E-01	-0.2609-250
0.8233E-01	-0.2659-250
0.8546E-01	-0.2710-250
0.8872E-01	-0.2762-250
0.9210E-01	-0.2815-250
0.9560E-01	-0.2869-250
0.9924E-01	-0.2924-250
0.1030	-0.2980-250
0.1069	-0.3037-250
0.1110	-0.3095-250
0.1152	-0.3154-250
0.1196	-0.3214-250
0.1242	-0.3275-250
0.1289	-0.3338-250
0.1338	-0.3401-250
0.1389	-0.3466-250
0.1442	-0.3532-250
0.1497	-0.3600-250
0.1554	-0.3668-250
0.1613	-0.3738-250
0.1675	-0.3809-250
0.1739	-0.3882-250
0.1805	-0.3955-250
0.1874	-0.4030-250
0.1945	-0.4107-250
0.2019	-0.4185-250
0.2096	-0.4264-250
0.2176	-0.4345-250
0.2259	-0.4428-250
0.2345	-0.4512-250
0.2434	-0.4598-250
0.2527	-0.4685-250
0.2623	-0.4774-250
0.2723	-0.4865-250
0.2826	-0.4958-250
0.2934	-0.5052-250
0.3046	-0.5149-250
0.3162	-0.5248-250
0.3282	-0.5349-250
0.3407	-0.5452-250
0.3537	-0.5558-250
0.3672	-0.5666-250
0.3812	-0.5776-250
0.3957	-0.5890-250
0.4107	-0.6006-250
0.4264	-0.6125-250
0.4426	-0.6248-250
0.4595	-0.6374-250
0.4770	-0.6503-250
0.4952	-0.6636-250
0.5140	-0.6774-250
0.5336	-0.6915-250
0.5539	-0.7060-250
0.5750	-0.7210-250
0.5969	-0.7367-250
0.6196	-0.7527-250
0.6432	-0.7692-250
0.6677	-0.7866-250
0.6932	-0.8043-250
0.7196	-0.8228-250
0.7470	-0.8421-250
0.7754	-0.8620-250
0.8050	-0.8827-250
0.8356	-0.9045-250
0.8674	-0.9269-250
0.9005	-0.9503-250
0.9348	-0.9749-250
0.9704	-0.1000-249
1.007	-0.1027-249
1.046	-0.1055-249
1.086	-0.1085-249
1.127	-0.1116-249
1.170	-0.1148-249
1.214	-0.1182-249
1.261	-0.1218-249
1.309	-0.1256-249
1.358	-0.1296-249
1.410	-0.1337-249
1.464	-0.1382-249
1.520	-0.1429-249
1.578	-0.1478-249
1.638	-0.1530-249
1.700	-0.1584-249
1.765	-0.1641-249
1.832	-0.1700-249
1.902	-0.1763-249
1.974	-0.1828-249
2.049	-0.1896-249
2.127	-0.1964-249
2.208	-0.2036-249
2.293	-0.2108-249
2.380	-0.2181-249
2.470	-0.2255-249
2.565	-0.2328-249
2.662	-0.2402-249
2.764	-0.2475-249
2.869	-0.2548-249
2.978	-0.2621-249
3.092	-0.2694-249
3.209	-0.2767-249
3.332	-0.2841-249
3.458	-0.2917-249
3.590	-0.2997-249
3.727	-0.3083-249
3.869	-0.3176-249
4.016	-0.3281-249
4.169	-0.3398-249
4.328	-0.3535-249
4.493	-0.3694-249
4.664	-0.3883-249
4.841	-0.4107-249
5.026	-0.4374-249
5.217	-0.4693-249
5.416	-0.5074-249
5.622	-0.5528-249
5.836	-0.6068-249
6.059	-0.6708-249
6.289	-0.7463-249
6.529	-0.8349-249
6.778	-0.9386-249
7.036	-0.1059-248
7.304	-0.1199-248
7.582	-0.1361-248
7.871	-0.1546-248
8.170	-0.1758-248
8.482	-0.2000-248
8.805	-0.2274-248
9.140	-0.2585-248
9.488	-0.2934-248
9.849	-0.3327-248
10.22	-0.3768-248
10.61	-0.4260-248
11.02	-0.4810-248
11.44	-0.5423-248
11.87	-0.6106-248
12.33	-0.6867-248
12.80	-0.7715-248
13.28	-0.8659-248
13.79	-0.9714-248
14.31	-0.1089-247
14.86	-0.1221-247
15.42	-0.1369-247
16.01	-0.1536-247
16.62	-0.1724-247
17.25	-0.1936-247
17.91	-0.2176-247
18.59	-0.2449-247
19.30	-0.2758-247
20.04	-0.3110-247
20.80	-0.3511-247
21.59	-0.3966-247
22.42	-0.4484-247
23.27	-0.5072-247
24.16	-0.5739-247
25.08	-0.6495-247
26.03	-0.7349-247
27.02	-0.8313-247
28.05	-0.9396-247
29.12	-0.1061-246
30.23	-0.1197-246
31.38	-0.1349-246
32.57	-0.1517-246
33.82	-0.1704-246
35.10	-0.1910-246
36.44	-0.2137-246
37.83	-0.2386-246
39.27	-0.2659-246
40.76	-0.2956-246
42.32	-0.3279-246
43.93	-0.3629-246
45.60	-0.4007-246
47.34	-0.4415-246
49.14	-0.4854-246
51.01	-0.5325-246
52.96	-0.5831-246
54.97	-0.6373-246
57.07	-0.6953-246
59.24	-0.7577-246
61.50	-0.8241-246
63.84	-0.8957-246
66.27	-0.9728-246
68.79	0.2647E-28
71.41	0.8663E-28
74.13	0.2681E-27
76.96	0.8237E-27
79.89	0.4589E-23
82.93	0.1548E-22
86.09	0.5081E-22
89.37	0.1629E-21
92.77	0.5036E-21
96.31	0.1563E-20
99.97	0.4954E-20
103.8	0.1527E-19
107.7	0.4780E-19
111.8	0.1542E-18
116.1	0.5058E-18
120.5	0.1546E-17
125.1	0.3898E-17
129.9	0.8190E-17
134.8	0.1522E-16
140.0	0.2604E-16
145.3	0.4207E-16
150.8	0.6492E-16
156.6	0.9667E-16
162.5	0.1397E-15
168.7	0.1966E-15
175.1	0.2704E-15
181.8	0.3645E-15
188.7	0.4823E-15
195.9	0.6275E-15
203.4	0.8043E-15
211.1	0.1017E-14
219.2	0.1269E-14
227.5	0.1566E-14
236.2	0.1913E-14
245.2	0.2315E-14
254.5	0.2776E-14
264.2	0.3304E-14
274.3	0.3905E-14
284.7	0.4585E-14
295.6	0.5351E-14
306.8	0.6210E-14
318.5	0.7168E-14
330.6	0.8234E-14
343.2	0.9416E-14
356.3	0.1072E-13
369.9	0.1216E-13
384.0	0.1373E-13
398.6	0.1546E-13
413.8	0.1734E-13
429.5	0.1939E-13
445.9	0.2161E-13
462.9	0.2402E-13
480.5	0.2663E-13
498.8	0.2944E-13
517.8	0.3246E-13
537.5	0.3572E-13
558.0	0.3920E-13
579.2	0.4293E-13
601.3	0.4692E-13
624.2	0.5118E-13
648.0	0.5572E-13
672.6	0.6055E-13
698.3	0.6569E-13
724.9	0.7114E-13
752.5	0.7692E-13
781.1	0.8303E-13
810.9	0.8950E-13
841.8	0.9633E-13
873.8	0.1035E-12
907.1	0.1111E-12
941.6	0.1191E-12
977.5	0.1275E-12
1015.	0.1363E-12
1053.	0.1456E-12
1094.	0.1552E-12
1135.	0.1654E-12
1178.	0.1760E-12
1223.	0.1871E-12
1270.	0.1986E-12
1318.	0.2107E-12
1368.	0.2232E-12
1421.	0.2362E-12
1475.	0.2498E-12
1531.	0.2638E-12
1589.	0.2783E-12
1650.	0.2934E-12
1712.	0.3089E-12
1778.	0.3250E-12
1845.	0.3416E-12
1916.	0.3587E-12
1989.	0.3763E-12
2064.	0.3944E-12
2143.	0.4129E-12
2225.	0.4320E-12
2309.	0.4515E-12
2397.	0.4715E-12
2489.	0.4919E-12
2583.	0.5126E-12
2682.	0.5338E-12
2784.	0.5553E-12
2890.	0.5772E-12
3000.	0.5994E-12
 
 
C5    C5F10O    Ionization    10.97 eV                          
E/N (Td)	Energy loss coefficient (eV m3/s)
0.1000E-02	0.000
0.1038E-02	0.000
0.1078E-02	0.000
0.1119E-02	0.000
0.1161E-02	0.000
0.1205E-02	0.000
0.1251E-02	0.000
0.1299E-02	0.000
0.1349E-02	0.000
0.1400E-02	0.000
0.1453E-02	0.000
0.1509E-02	0.000
0.1566E-02	0.000
0.1626E-02	0.000
0.1688E-02	0.000
0.1752E-02	0.000
0.1819E-02	0.000
0.1888E-02	0.000
0.1960E-02	0.000
0.2034E-02	0.000
0.2112E-02	0.000
0.2192E-02	0.000
0.2276E-02	0.000
0.2362E-02	0.000
0.2452E-02	0.000
0.2546E-02	0.000
0.2643E-02	0.000
0.2743E-02	0.000
0.2848E-02	0.000
0.2956E-02	0.000
0.3069E-02	0.000
0.3186E-02	0.000
0.3307E-02	0.000
0.3433E-02	0.000
0.3564E-02	0.000
0.3700E-02	0.000
0.3841E-02	0.000
0.3987E-02	0.000
0.4139E-02	0.000
0.4296E-02	0.000
0.4460E-02	0.000
0.4630E-02	0.000
0.4806E-02	0.000
0.4989E-02	0.000
0.5179E-02	0.000
0.5377E-02	0.000
0.5581E-02	0.000
0.5794E-02	0.000
0.6015E-02	0.000
0.6244E-02	0.000
0.6481E-02	0.000
0.6728E-02	0.000
0.6985E-02	0.000
0.7251E-02	0.000
0.7527E-02	0.000
0.7813E-02	0.000
0.8111E-02	0.000
0.8420E-02	0.000
0.8741E-02	0.000
0.9073E-02	0.000
0.9419E-02	0.000
0.9778E-02	0.000
0.1015E-01	0.000
0.1054E-01	0.000
0.1094E-01	0.000
0.1135E-01	0.000
0.1179E-01	0.000
0.1224E-01	0.000
0.1270E-01	0.000
0.1319E-01	0.000
0.1369E-01	0.000
0.1421E-01	0.000
0.1475E-01	0.000
0.1531E-01	0.000
0.1590E-01	0.000
0.1650E-01	0.000
0.1713E-01	0.000
0.1778E-01	0.000
0.1846E-01	0.000
0.1916E-01	0.000
0.1989E-01	0.000
0.2065E-01	0.000
0.2144E-01	0.000
0.2225E-01	0.000
0.2310E-01	0.000
0.2398E-01	0.000
0.2489E-01	0.000
0.2584E-01	0.000
0.2682E-01	0.000
0.2785E-01	0.000
0.2891E-01	0.000
0.3001E-01	0.000
0.3115E-01	0.000
0.3234E-01	0.000
0.3357E-01	0.000
0.3485E-01	0.000
0.3617E-01	0.000
0.3755E-01	0.000
0.3898E-01	0.000
0.4047E-01	0.000
0.4201E-01	0.000
0.4361E-01	0.000
0.4527E-01	0.000
0.4699E-01	0.000
0.4878E-01	0.000
0.5064E-01	0.000
0.5257E-01	0.000
0.5457E-01	0.000
0.5665E-01	0.000
0.5881E-01	0.000
0.6105E-01	0.000
0.6337E-01	0.000
0.6579E-01	0.000
0.6829E-01	0.000
0.7089E-01	0.000
0.7359E-01	0.000
0.7640E-01	0.000
0.7931E-01	0.000
0.8233E-01	0.000
0.8546E-01	0.000
0.8872E-01	0.000
0.9210E-01	0.000
0.9560E-01	0.000
0.9924E-01	0.000
0.1030	0.000
0.1069	0.000
0.1110	0.000
0.1152	0.000
0.1196	0.000
0.1242	0.000
0.1289	0.000
0.1338	0.000
0.1389	0.000
0.1442	0.000
0.1497	0.000
0.1554	0.000
0.1613	0.000
0.1675	0.000
0.1739	0.000
0.1805	0.000
0.1874	0.000
0.1945	0.000
0.2019	0.000
0.2096	0.000
0.2176	0.000
0.2259	0.000
0.2345	0.000
0.2434	0.000
0.2527	0.000
0.2623	0.000
0.2723	0.000
0.2826	0.000
0.2934	0.000
0.3046	0.000
0.3162	0.000
0.3282	0.000
0.3407	0.000
0.3537	0.000
0.3672	0.000
0.3812	0.000
0.3957	0.000
0.4107	0.000
0.4264	0.000
0.4426	0.000
0.4595	0.000
0.4770	0.000
0.4952	0.000
0.5140	0.000
0.5336	0.000
0.5539	0.000
0.5750	0.000
0.5969	0.000
0.6196	0.000
0.6432	0.000
0.6677	0.000
0.6932	0.000
0.7196	0.000
0.7470	0.000
0.7754	0.000
0.8050	0.000
0.8356	0.000
0.8674	0.000
0.9005	0.000
0.9348	0.000
0.9704	0.000
1.007	0.000
1.046	0.000
1.086	0.000
1.127	0.000
1.170	0.000
1.214	0.000
1.261	0.000
1.309	0.000
1.358	0.000
1.410	0.000
1.464	0.000
1.520	0.000
1.578	0.000
1.638	0.000
1.700	0.000
1.765	0.000
1.832	0.000
1.902	0.000
1.974	0.000
2.049	0.000
2.127	0.000
2.208	0.000
2.293	0.000
2.380	0.000
2.470	0.000
2.565	0.000
2.662	0.000
2.764	0.000
2.869	0.000
2.978	0.000
3.092	0.000
3.209	0.000
3.332	0.000
3.458	0.000
3.590	0.000
3.727	0.000
3.869	0.000
4.016	0.000
4.169	0.000
4.328	0.000
4.493	0.000
4.664	0.000
4.841	0.000
5.026	0.000
5.217	0.000
5.416	0.000
5.622	0.000
5.836	0.000
6.059	0.000
6.289	0.000
6.529	0.000
6.778	0.000
7.036	0.000
7.304	0.000
7.582	0.000
7.871	0.000
8.170	0.000
8.482	0.000
8.805	0.000
9.140	0.000
9.488	0.000
9.849	0.000
10.22	0.000
10.61	0.000
11.02	0.000
11.44	0.000
11.87	0.000
12.33	0.000
12.80	0.000
13.28	0.000
13.79	0.000
14.31	0.000
14.86	0.000
15.42	0.000
16.01	0.000
16.62	0.000
17.25	0.000
17.91	0.000
18.59	0.000
19.30	0.000
20.04	0.000
20.80	0.000
21.59	0.000
22.42	0.000
23.27	0.000
24.16	0.000
25.08	0.000
26.03	0.000
27.02	0.000
28.05	0.000
29.12	0.000
30.23	0.000
31.38	0.000
32.57	0.000
33.82	0.000
35.10	0.000
36.44	0.000
37.83	0.000
39.27	0.000
40.76	0.000
42.32	0.000
43.93	0.000
45.60	0.000
47.34	0.000
49.14	0.000
51.01	0.000
52.96	0.000
54.97	0.000
57.07	0.000
59.24	0.8598E-25
61.50	0.2455E-24
63.84	0.6991E-24
66.27	0.1931E-23
68.79	0.6664E-23
71.41	0.1780E-22
74.13	0.4556E-22
76.96	0.1165E-21
79.89	0.3036E-21
82.93	0.7487E-21
86.09	0.1820E-20
89.37	0.4373E-20
92.77	0.1031E-19
96.31	0.2456E-19
99.97	0.5945E-19
103.8	0.1439E-18
107.7	0.3577E-18
111.8	0.9272E-18
116.1	0.2472E-17
120.5	0.6218E-17
125.1	0.1304E-16
129.9	0.2303E-16
134.8	0.3628E-16
140.0	0.5309E-16
145.3	0.7386E-16
150.8	0.9898E-16
156.6	0.1289E-15
162.5	0.1640E-15
168.7	0.2046E-15
175.1	0.2510E-15
181.8	0.3035E-15
188.7	0.3623E-15
195.9	0.4275E-15
203.4	0.4994E-15
211.1	0.5781E-15
219.2	0.6640E-15
227.5	0.7574E-15
236.2	0.8585E-15
245.2	0.9678E-15
254.5	0.1086E-14
264.2	0.1213E-14
274.3	0.1351E-14
284.7	0.1499E-14
295.6	0.1659E-14
306.8	0.1832E-14
318.5	0.2018E-14
330.6	0.2220E-14
343.2	0.2438E-14
356.3	0.2674E-14
369.9	0.2930E-14
384.0	0.3208E-14
398.6	0.3509E-14
413.8	0.3838E-14
429.5	0.4196E-14
445.9	0.4586E-14
462.9	0.5012E-14
480.5	0.5479E-14
498.8	0.5991E-14
517.8	0.6552E-14
537.5	0.7168E-14
558.0	0.7845E-14
579.2	0.8590E-14
601.3	0.9411E-14
624.2	0.1032E-13
648.0	0.1131E-13
672.6	0.1241E-13
698.3	0.1363E-13
724.9	0.1497E-13
752.5	0.1644E-13
781.1	0.1807E-13
810.9	0.1986E-13
841.8	0.2184E-13
873.8	0.2402E-13
907.1	0.2642E-13
941.6	0.2906E-13
977.5	0.3196E-13
1015.	0.3515E-13
1053.	0.3864E-13
1094.	0.4247E-13
1135.	0.4666E-13
1178.	0.5124E-13
1223.	0.5626E-13
1270.	0.6172E-13
1318.	0.6768E-13
1368.	0.7417E-13
1421.	0.8122E-13
1475.	0.8890E-13
1531.	0.9721E-13
1589.	0.1062E-12
1650.	0.1160E-12
1712.	0.1265E-12
1778.	0.1378E-12
1845.	0.1501E-12
1916.	0.1633E-12
1989.	0.1775E-12
2064.	0.1928E-12
2143.	0.2092E-12
2225.	0.2267E-12
2309.	0.2456E-12
2397.	0.2657E-12
2489.	0.2871E-12
2583.	0.3100E-12
2682.	0.3344E-12
2784.	0.3604E-12
2890.	0.3880E-12
3000.	0.4174E-12
 
 
C5F10O                                                          
E/N (Td)	Inelastic energy loss coefficient (eV m3/s)
0.1000E-02	0.2158E-20
0.1038E-02	0.2264E-20
0.1078E-02	0.2291E-20
0.1119E-02	0.2320E-20
0.1161E-02	0.2351E-20
0.1205E-02	0.2383E-20
0.1251E-02	0.2418E-20
0.1299E-02	0.2454E-20
0.1349E-02	0.2493E-20
0.1400E-02	0.2534E-20
0.1453E-02	0.2599E-20
0.1509E-02	0.2643E-20
0.1566E-02	0.2691E-20
0.1626E-02	0.2741E-20
0.1688E-02	0.2794E-20
0.1752E-02	0.2850E-20
0.1819E-02	0.2909E-20
0.1888E-02	0.2972E-20
0.1960E-02	0.3038E-20
0.2034E-02	0.3107E-20
0.2112E-02	0.3181E-20
0.2192E-02	0.3258E-20
0.2276E-02	0.3340E-20
0.2362E-02	0.3426E-20
0.2452E-02	0.3517E-20
0.2546E-02	0.3612E-20
0.2643E-02	0.3712E-20
0.2743E-02	0.3817E-20
0.2848E-02	0.3928E-20
0.2956E-02	0.4045E-20
0.3069E-02	0.4168E-20
0.3186E-02	0.4297E-20
0.3307E-02	0.4436E-20
0.3433E-02	0.4578E-20
0.3564E-02	0.4728E-20
0.3700E-02	0.4885E-20
0.3841E-02	0.5050E-20
0.3987E-02	0.5224E-20
0.4139E-02	0.5407E-20
0.4296E-02	0.5599E-20
0.4460E-02	0.5802E-20
0.4630E-02	0.6014E-20
0.4806E-02	0.6238E-20
0.4989E-02	0.6474E-20
0.5179E-02	0.6722E-20
0.5377E-02	0.6982E-20
0.5581E-02	0.7258E-20
0.5794E-02	0.7546E-20
0.6015E-02	0.7850E-20
0.6244E-02	0.8170E-20
0.6481E-02	0.8506E-20
0.6728E-02	0.8861E-20
0.6985E-02	0.9234E-20
0.7251E-02	0.9627E-20
0.7527E-02	0.1004E-19
0.7813E-02	0.1048E-19
0.8111E-02	0.1094E-19
0.8420E-02	0.1142E-19
0.8741E-02	0.1193E-19
0.9073E-02	0.1247E-19
0.9419E-02	0.1303E-19
0.9778E-02	0.1363E-19
0.1015E-01	0.1426E-19
0.1054E-01	0.1492E-19
0.1094E-01	0.1562E-19
0.1135E-01	0.1636E-19
0.1179E-01	0.1713E-19
0.1224E-01	0.1795E-19
0.1270E-01	0.1882E-19
0.1319E-01	0.1973E-19
0.1369E-01	0.2069E-19
0.1421E-01	0.2170E-19
0.1475E-01	0.2277E-19
0.1531E-01	0.2390E-19
0.1590E-01	0.2509E-19
0.1650E-01	0.2635E-19
0.1713E-01	0.2767E-19
0.1778E-01	0.2907E-19
0.1846E-01	0.3055E-19
0.1916E-01	0.3211E-19
0.1989E-01	0.3375E-19
0.2065E-01	0.3549E-19
0.2144E-01	0.3732E-19
0.2225E-01	0.3926E-19
0.2310E-01	0.4130E-19
0.2398E-01	0.4346E-19
0.2489E-01	0.4574E-19
0.2584E-01	0.4814E-19
0.2682E-01	0.5069E-19
0.2785E-01	0.5337E-19
0.2891E-01	0.5620E-19
0.3001E-01	0.5920E-19
0.3115E-01	0.6236E-19
0.3234E-01	0.6570E-19
0.3357E-01	0.6923E-19
0.3485E-01	0.7296E-19
0.3617E-01	0.7689E-19
0.3755E-01	0.8105E-19
0.3898E-01	0.8545E-19
0.4047E-01	0.9009E-19
0.4201E-01	0.9500E-19
0.4361E-01	0.1002E-18
0.4527E-01	0.1057E-18
0.4699E-01	0.1114E-18
0.4878E-01	0.1176E-18
0.5064E-01	0.1240E-18
0.5257E-01	0.1309E-18
0.5457E-01	0.1381E-18
0.5665E-01	0.1457E-18
0.5881E-01	0.1538E-18
0.6105E-01	0.1623E-18
0.6337E-01	0.1713E-18
0.6579E-01	0.1808E-18
0.6829E-01	0.1909E-18
0.7089E-01	0.2015E-18
0.7359E-01	0.2128E-18
0.7640E-01	0.2247E-18
0.7931E-01	0.2372E-18
0.8233E-01	0.2505E-18
0.8546E-01	0.2646E-18
0.8872E-01	0.2794E-18
0.9210E-01	0.2951E-18
0.9560E-01	0.3117E-18
0.9924E-01	0.3292E-18
0.1030	0.3478E-18
0.1069	0.3674E-18
0.1110	0.3881E-18
0.1152	0.4100E-18
0.1196	0.4332E-18
0.1242	0.4577E-18
0.1289	0.4836E-18
0.1338	0.5110E-18
0.1389	0.5399E-18
0.1442	0.5705E-18
0.1497	0.6029E-18
0.1554	0.6371E-18
0.1613	0.6733E-18
0.1675	0.7115E-18
0.1739	0.7520E-18
0.1805	0.7948E-18
0.1874	0.8401E-18
0.1945	0.8880E-18
0.2019	0.9386E-18
0.2096	0.9922E-18
0.2176	0.1049E-17
0.2259	0.1109E-17
0.2345	0.1172E-17
0.2434	0.1240E-17
0.2527	0.1311E-17
0.2623	0.1386E-17
0.2723	0.1466E-17
0.2826	0.1551E-17
0.2934	0.1640E-17
0.3046	0.1735E-17
0.3162	0.1836E-17
0.3282	0.1943E-17
0.3407	0.2057E-17
0.3537	0.2177E-17
0.3672	0.2305E-17
0.3812	0.2441E-17
0.3957	0.2586E-17
0.4107	0.2740E-17
0.4264	0.2904E-17
0.4426	0.3078E-17
0.4595	0.3264E-17
0.4770	0.3462E-17
0.4952	0.3674E-17
0.5140	0.3899E-17
0.5336	0.4140E-17
0.5539	0.4398E-17
0.5750	0.4674E-17
0.5969	0.4968E-17
0.6196	0.5283E-17
0.6432	0.5621E-17
0.6677	0.5983E-17
0.6932	0.6372E-17
0.7196	0.6790E-17
0.7470	0.7238E-17
0.7754	0.7720E-17
0.8050	0.8240E-17
0.8356	0.8798E-17
0.8674	0.9401E-17
0.9005	0.1005E-16
0.9348	0.1075E-16
0.9704	0.1151E-16
1.007	0.1233E-16
1.046	0.1323E-16
1.086	0.1419E-16
1.127	0.1525E-16
1.170	0.1639E-16
1.214	0.1763E-16
1.261	0.1898E-16
1.309	0.2046E-16
1.358	0.2207E-16
1.410	0.2384E-16
1.464	0.2576E-16
1.520	0.2786E-16
1.578	0.3016E-16
1.638	0.3266E-16
1.700	0.3539E-16
1.765	0.3834E-16
1.832	0.4162E-16
1.902	0.4509E-16
1.974	0.4881E-16
2.049	0.5285E-16
2.127	0.5717E-16
2.208	0.6172E-16
2.293	0.6653E-16
2.380	0.7162E-16
2.470	0.7692E-16
2.565	0.8234E-16
2.662	0.8798E-16
2.764	0.9378E-16
2.869	0.9970E-16
2.978	0.1058E-15
3.092	0.1118E-15
3.209	0.1180E-15
3.332	0.1243E-15
3.458	0.1307E-15
3.590	0.1371E-15
3.727	0.1436E-15
3.869	0.1502E-15
4.016	0.1568E-15
4.169	0.1636E-15
4.328	0.1705E-15
4.493	0.1775E-15
4.664	0.1847E-15
4.841	0.1921E-15
5.026	0.1996E-15
5.217	0.2074E-15
5.416	0.2154E-15
5.622	0.2236E-15
5.836	0.2322E-15
6.059	0.2410E-15
6.289	0.2502E-15
6.529	0.2597E-15
6.778	0.2696E-15
7.036	0.2799E-15
7.304	0.2907E-15
7.582	0.3019E-15
7.871	0.3137E-15
8.170	0.3259E-15
8.482	0.3388E-15
8.805	0.3523E-15
9.140	0.3665E-15
9.488	0.3814E-15
9.849	0.3970E-15
10.22	0.4135E-15
10.61	0.4308E-15
11.02	0.4490E-15
11.44	0.4683E-15
11.87	0.4886E-15
12.33	0.5100E-15
12.80	0.5327E-15
13.28	0.5566E-15
13.79	0.5819E-15
14.31	0.6087E-15
14.86	0.6371E-15
15.42	0.6672E-15
16.01	0.6990E-15
16.62	0.7327E-15
17.25	0.7686E-15
17.91	0.8066E-15
18.59	0.8469E-15
19.30	0.8897E-15
20.04	0.9352E-15
20.80	0.9835E-15
21.59	0.1035E-14
22.42	0.1089E-14
23.27	0.1147E-14
24.16	0.1209E-14
25.08	0.1274E-14
26.03	0.1344E-14
27.02	0.1417E-14
28.05	0.1496E-14
29.12	0.1579E-14
30.23	0.1667E-14
31.38	0.1761E-14
32.57	0.1860E-14
33.82	0.1965E-14
35.10	0.2076E-14
36.44	0.2194E-14
37.83	0.2318E-14
39.27	0.2449E-14
40.76	0.2587E-14
42.32	0.2733E-14
43.93	0.2886E-14
45.60	0.3048E-14
47.34	0.3217E-14
49.14	0.3395E-14
51.01	0.3582E-14
52.96	0.3777E-14
54.97	0.3983E-14
57.07	0.4197E-14
59.24	0.4423E-14
61.50	0.4658E-14
63.84	0.4905E-14
66.27	0.5163E-14
68.79	0.5433E-14
71.41	0.5716E-14
74.13	0.6012E-14
76.96	0.6323E-14
79.89	0.6650E-14
82.93	0.6993E-14
86.09	0.7353E-14
89.37	0.7732E-14
92.77	0.8131E-14
96.31	0.8555E-14
99.97	0.9006E-14
103.8	0.9490E-14
107.7	0.1002E-13
111.8	0.1062E-13
116.1	0.1134E-13
120.5	0.1225E-13
125.1	0.1329E-13
129.9	0.1437E-13
134.8	0.1542E-13
140.0	0.1644E-13
145.3	0.1743E-13
150.8	0.1840E-13
156.6	0.1935E-13
162.5	0.2029E-13
168.7	0.2124E-13
175.1	0.2219E-13
181.8	0.2315E-13
188.7	0.2413E-13
195.9	0.2514E-13
203.4	0.2618E-13
211.1	0.2726E-13
219.2	0.2837E-13
227.5	0.2952E-13
236.2	0.3072E-13
245.2	0.3196E-13
254.5	0.3326E-13
264.2	0.3462E-13
274.3	0.3603E-13
284.7	0.3751E-13
295.6	0.3907E-13
306.8	0.4070E-13
318.5	0.4242E-13
330.6	0.4423E-13
343.2	0.4615E-13
356.3	0.4818E-13
369.9	0.5034E-13
384.0	0.5263E-13
398.6	0.5507E-13
413.8	0.5767E-13
429.5	0.6044E-13
445.9	0.6340E-13
462.9	0.6657E-13
480.5	0.6995E-13
498.8	0.7357E-13
517.8	0.7745E-13
537.5	0.8159E-13
558.0	0.8601E-13
579.2	0.9075E-13
601.3	0.9582E-13
624.2	0.1012E-12
648.0	0.1070E-12
672.6	0.1132E-12
698.3	0.1198E-12
724.9	0.1268E-12
752.5	0.1343E-12
781.1	0.1424E-12
810.9	0.1509E-12
841.8	0.1600E-12
873.8	0.1697E-12
907.1	0.1800E-12
941.6	0.1909E-12
977.5	0.2026E-12
1015.	0.2149E-12
1053.	0.2281E-12
1094.	0.2420E-12
1135.	0.2568E-12
1178.	0.2724E-12
1223.	0.2890E-12
1270.	0.3066E-12
1318.	0.3251E-12
1368.	0.3447E-12
1421.	0.3654E-12
1475.	0.3873E-12
1531.	0.4104E-12
1589.	0.4347E-12
1650.	0.4603E-12
1712.	0.4872E-12
1778.	0.5155E-12
1845.	0.5453E-12
1916.	0.5766E-12
1989.	0.6095E-12
2064.	0.6439E-12
2143.	0.6800E-12
2225.	0.7179E-12
2309.	0.7575E-12
2397.	0.7988E-12
2489.	0.8421E-12
2583.	0.8871E-12
2682.	0.9342E-12
2784.	0.9833E-12
2890.	0.1034E-11
3000.	0.1088E-11
 
 
