BOLSIG+ version: 03/2016
Collision input data:
--------------------------------------------------
CH4                                                             
collisions.txt
 
 
 
Angular frequency / N (m3/s)               0.000    
Cosine of E-B field angle                  0.000    
Gas temperature (K)                        300.0    
Excitation temperature (K)                 300.0    
Transition energy (eV)                     0.000    
Ionization degree                          0.000    
Plasma density (1/m3)                     0.1000E+19
Ion charge parameter                       1.000    
Ion/neutral mass ratio                     1.000    
e-e momentum effects                       1.000    
Energy sharing                             1.000    
Growth model                               1.000    
Maxwellian mean energy (eV)                0.000    
# of grid points                           200.0    
Precision                                 0.1000E-09
Convergence                               0.1000E-03
Maximum # of iterations                    5000.    
Mole fraction CH4                          1.000    
 
 
E/N (Td)    	Electric field / N (Td)                                         
0.1000E-02	0.1000E-02
0.1038E-02	0.1038E-02
0.1078E-02	0.1078E-02
0.1119E-02	0.1119E-02
0.1161E-02	0.1161E-02
0.1205E-02	0.1205E-02
0.1251E-02	0.1251E-02
0.1299E-02	0.1299E-02
0.1349E-02	0.1349E-02
0.1400E-02	0.1400E-02
0.1453E-02	0.1453E-02
0.1509E-02	0.1509E-02
0.1566E-02	0.1566E-02
0.1626E-02	0.1626E-02
0.1688E-02	0.1688E-02
0.1752E-02	0.1752E-02
0.1819E-02	0.1819E-02
0.1888E-02	0.1888E-02
0.1960E-02	0.1960E-02
0.2034E-02	0.2034E-02
0.2112E-02	0.2112E-02
0.2192E-02	0.2192E-02
0.2276E-02	0.2276E-02
0.2362E-02	0.2362E-02
0.2452E-02	0.2452E-02
0.2546E-02	0.2546E-02
0.2643E-02	0.2643E-02
0.2743E-02	0.2743E-02
0.2848E-02	0.2848E-02
0.2956E-02	0.2956E-02
0.3069E-02	0.3069E-02
0.3186E-02	0.3186E-02
0.3307E-02	0.3307E-02
0.3433E-02	0.3433E-02
0.3564E-02	0.3564E-02
0.3700E-02	0.3700E-02
0.3841E-02	0.3841E-02
0.3987E-02	0.3987E-02
0.4139E-02	0.4139E-02
0.4296E-02	0.4296E-02
0.4460E-02	0.4460E-02
0.4630E-02	0.4630E-02
0.4806E-02	0.4806E-02
0.4989E-02	0.4989E-02
0.5179E-02	0.5179E-02
0.5377E-02	0.5377E-02
0.5581E-02	0.5581E-02
0.5794E-02	0.5794E-02
0.6015E-02	0.6015E-02
0.6244E-02	0.6244E-02
0.6481E-02	0.6481E-02
0.6728E-02	0.6728E-02
0.6985E-02	0.6985E-02
0.7251E-02	0.7251E-02
0.7527E-02	0.7527E-02
0.7813E-02	0.7813E-02
0.8111E-02	0.8111E-02
0.8420E-02	0.8420E-02
0.8741E-02	0.8741E-02
0.9073E-02	0.9073E-02
0.9419E-02	0.9419E-02
0.9778E-02	0.9778E-02
0.1015E-01	0.1015E-01
0.1054E-01	0.1054E-01
0.1094E-01	0.1094E-01
0.1135E-01	0.1135E-01
0.1179E-01	0.1179E-01
0.1224E-01	0.1224E-01
0.1270E-01	0.1270E-01
0.1319E-01	0.1319E-01
0.1369E-01	0.1369E-01
0.1421E-01	0.1421E-01
0.1475E-01	0.1475E-01
0.1531E-01	0.1531E-01
0.1590E-01	0.1590E-01
0.1650E-01	0.1650E-01
0.1713E-01	0.1713E-01
0.1778E-01	0.1778E-01
0.1846E-01	0.1846E-01
0.1916E-01	0.1916E-01
0.1989E-01	0.1989E-01
0.2065E-01	0.2065E-01
0.2144E-01	0.2144E-01
0.2225E-01	0.2225E-01
0.2310E-01	0.2310E-01
0.2398E-01	0.2398E-01
0.2489E-01	0.2489E-01
0.2584E-01	0.2584E-01
0.2682E-01	0.2682E-01
0.2785E-01	0.2785E-01
0.2891E-01	0.2891E-01
0.3001E-01	0.3001E-01
0.3115E-01	0.3115E-01
0.3234E-01	0.3234E-01
0.3357E-01	0.3357E-01
0.3485E-01	0.3485E-01
0.3617E-01	0.3617E-01
0.3755E-01	0.3755E-01
0.3898E-01	0.3898E-01
0.4047E-01	0.4047E-01
0.4201E-01	0.4201E-01
0.4361E-01	0.4361E-01
0.4527E-01	0.4527E-01
0.4699E-01	0.4699E-01
0.4878E-01	0.4878E-01
0.5064E-01	0.5064E-01
0.5257E-01	0.5257E-01
0.5457E-01	0.5457E-01
0.5665E-01	0.5665E-01
0.5881E-01	0.5881E-01
0.6105E-01	0.6105E-01
0.6337E-01	0.6337E-01
0.6579E-01	0.6579E-01
0.6829E-01	0.6829E-01
0.7089E-01	0.7089E-01
0.7359E-01	0.7359E-01
0.7640E-01	0.7640E-01
0.7931E-01	0.7931E-01
0.8233E-01	0.8233E-01
0.8546E-01	0.8546E-01
0.8872E-01	0.8872E-01
0.9210E-01	0.9210E-01
0.9560E-01	0.9560E-01
0.9924E-01	0.9924E-01
0.1030	0.1030
0.1069	0.1069
0.1110	0.1110
0.1152	0.1152
0.1196	0.1196
0.1242	0.1242
0.1289	0.1289
0.1338	0.1338
0.1389	0.1389
0.1442	0.1442
0.1497	0.1497
0.1554	0.1554
0.1613	0.1613
0.1675	0.1675
0.1739	0.1739
0.1805	0.1805
0.1874	0.1874
0.1945	0.1945
0.2019	0.2019
0.2096	0.2096
0.2176	0.2176
0.2259	0.2259
0.2345	0.2345
0.2434	0.2434
0.2527	0.2527
0.2623	0.2623
0.2723	0.2723
0.2826	0.2826
0.2934	0.2934
0.3046	0.3046
0.3162	0.3162
0.3282	0.3282
0.3407	0.3407
0.3537	0.3537
0.3672	0.3672
0.3812	0.3812
0.3957	0.3957
0.4107	0.4107
0.4264	0.4264
0.4426	0.4426
0.4595	0.4595
0.4770	0.4770
0.4952	0.4952
0.5140	0.5140
0.5336	0.5336
0.5539	0.5539
0.5750	0.5750
0.5969	0.5969
0.6196	0.6196
0.6432	0.6432
0.6677	0.6677
0.6932	0.6932
0.7196	0.7196
0.7470	0.7470
0.7754	0.7754
0.8050	0.8050
0.8356	0.8356
0.8674	0.8674
0.9005	0.9005
0.9348	0.9348
0.9704	0.9704
1.007	1.007
1.046	1.046
1.086	1.086
1.127	1.127
1.170	1.170
1.214	1.214
1.261	1.261
1.309	1.309
1.358	1.358
1.410	1.410
1.464	1.464
1.520	1.520
1.578	1.578
1.638	1.638
1.700	1.700
1.765	1.765
1.832	1.832
1.902	1.902
1.974	1.974
2.049	2.049
2.127	2.127
2.208	2.208
2.293	2.293
2.380	2.380
2.470	2.470
2.565	2.565
2.662	2.662
2.764	2.764
2.869	2.869
2.978	2.978
3.092	3.092
3.209	3.209
3.332	3.332
3.458	3.458
3.590	3.590
3.727	3.727
3.869	3.869
4.016	4.016
4.169	4.169
4.328	4.328
4.493	4.493
4.664	4.664
4.841	4.841
5.026	5.026
5.217	5.217
5.416	5.416
5.622	5.622
5.836	5.836
6.059	6.059
6.289	6.289
6.529	6.529
6.778	6.778
7.036	7.036
7.304	7.304
7.582	7.582
7.871	7.871
8.170	8.170
8.482	8.482
8.805	8.805
9.140	9.140
9.488	9.488
9.849	9.849
10.22	10.22
10.61	10.61
11.02	11.02
11.44	11.44
11.87	11.87
12.33	12.33
12.80	12.80
13.28	13.28
13.79	13.79
14.31	14.31
14.86	14.86
15.42	15.42
16.01	16.01
16.62	16.62
17.25	17.25
17.91	17.91
18.59	18.59
19.30	19.30
20.04	20.04
20.80	20.80
21.59	21.59
22.42	22.42
23.27	23.27
24.16	24.16
25.08	25.08
26.03	26.03
27.02	27.02
28.05	28.05
29.12	29.12
30.23	30.23
31.38	31.38
32.57	32.57
33.82	33.82
35.10	35.10
36.44	36.44
37.83	37.83
39.27	39.27
40.76	40.76
42.32	42.32
43.93	43.93
45.60	45.60
47.34	47.34
49.14	49.14
51.01	51.01
52.96	52.96
54.97	54.97
57.07	57.07
59.24	59.24
61.50	61.50
63.84	63.84
66.27	66.27
68.79	68.79
71.41	71.41
74.13	74.13
76.96	76.96
79.89	79.89
82.93	82.93
86.09	86.09
89.37	89.37
92.77	92.77
96.31	96.31
99.97	99.97
103.8	103.8
107.7	107.7
111.8	111.8
116.1	116.1
120.5	120.5
125.1	125.1
129.9	129.9
134.8	134.8
140.0	140.0
145.3	145.3
150.8	150.8
156.6	156.6
162.5	162.5
168.7	168.7
175.1	175.1
181.8	181.8
188.7	188.7
195.9	195.9
203.4	203.4
211.1	211.1
219.2	219.2
227.5	227.5
236.2	236.2
245.2	245.2
254.5	254.5
264.2	264.2
274.3	274.3
284.7	284.7
295.6	295.6
306.8	306.8
318.5	318.5
330.6	330.6
343.2	343.2
356.3	356.3
369.9	369.9
384.0	384.0
398.6	398.6
413.8	413.8
429.5	429.5
445.9	445.9
462.9	462.9
480.5	480.5
498.8	498.8
517.8	517.8
537.5	537.5
558.0	558.0
579.2	579.2
601.3	601.3
624.2	624.2
648.0	648.0
672.6	672.6
698.3	698.3
724.9	724.9
752.5	752.5
781.1	781.1
810.9	810.9
841.8	841.8
873.8	873.8
907.1	907.1
941.6	941.6
977.5	977.5
1015.	1015.
1053.	1053.
1094.	1094.
1135.	1135.
1178.	1178.
1223.	1223.
1270.	1270.
1318.	1318.
1368.	1368.
1421.	1421.
1475.	1475.
1531.	1531.
1589.	1589.
1650.	1650.
1712.	1712.
1778.	1778.
1845.	1845.
1916.	1916.
1989.	1989.
2064.	2064.
2143.	2143.
2225.	2225.
2309.	2309.
2397.	2397.
2489.	2489.
2583.	2583.
2682.	2682.
2784.	2784.
2890.	2890.
3000.	3000.
 
 
E/N (Td)    	Grid type                                                       
0.1000E-02	2.000
0.1038E-02	3.000
0.1078E-02	3.000
0.1119E-02	3.000
0.1161E-02	3.000
0.1205E-02	3.000
0.1251E-02	3.000
0.1299E-02	3.000
0.1349E-02	3.000
0.1400E-02	3.000
0.1453E-02	3.000
0.1509E-02	3.000
0.1566E-02	3.000
0.1626E-02	3.000
0.1688E-02	3.000
0.1752E-02	3.000
0.1819E-02	3.000
0.1888E-02	3.000
0.1960E-02	3.000
0.2034E-02	3.000
0.2112E-02	3.000
0.2192E-02	3.000
0.2276E-02	3.000
0.2362E-02	3.000
0.2452E-02	3.000
0.2546E-02	3.000
0.2643E-02	3.000
0.2743E-02	3.000
0.2848E-02	3.000
0.2956E-02	3.000
0.3069E-02	3.000
0.3186E-02	3.000
0.3307E-02	3.000
0.3433E-02	3.000
0.3564E-02	3.000
0.3700E-02	3.000
0.3841E-02	3.000
0.3987E-02	3.000
0.4139E-02	3.000
0.4296E-02	3.000
0.4460E-02	3.000
0.4630E-02	3.000
0.4806E-02	3.000
0.4989E-02	3.000
0.5179E-02	3.000
0.5377E-02	3.000
0.5581E-02	3.000
0.5794E-02	3.000
0.6015E-02	3.000
0.6244E-02	3.000
0.6481E-02	3.000
0.6728E-02	3.000
0.6985E-02	3.000
0.7251E-02	3.000
0.7527E-02	3.000
0.7813E-02	3.000
0.8111E-02	3.000
0.8420E-02	3.000
0.8741E-02	3.000
0.9073E-02	3.000
0.9419E-02	3.000
0.9778E-02	3.000
0.1015E-01	3.000
0.1054E-01	3.000
0.1094E-01	3.000
0.1135E-01	3.000
0.1179E-01	3.000
0.1224E-01	3.000
0.1270E-01	3.000
0.1319E-01	3.000
0.1369E-01	3.000
0.1421E-01	3.000
0.1475E-01	3.000
0.1531E-01	3.000
0.1590E-01	3.000
0.1650E-01	3.000
0.1713E-01	3.000
0.1778E-01	3.000
0.1846E-01	3.000
0.1916E-01	3.000
0.1989E-01	3.000
0.2065E-01	3.000
0.2144E-01	3.000
0.2225E-01	3.000
0.2310E-01	3.000
0.2398E-01	3.000
0.2489E-01	3.000
0.2584E-01	3.000
0.2682E-01	3.000
0.2785E-01	3.000
0.2891E-01	3.000
0.3001E-01	3.000
0.3115E-01	3.000
0.3234E-01	3.000
0.3357E-01	3.000
0.3485E-01	3.000
0.3617E-01	3.000
0.3755E-01	3.000
0.3898E-01	3.000
0.4047E-01	3.000
0.4201E-01	3.000
0.4361E-01	3.000
0.4527E-01	3.000
0.4699E-01	3.000
0.4878E-01	3.000
0.5064E-01	3.000
0.5257E-01	3.000
0.5457E-01	3.000
0.5665E-01	3.000
0.5881E-01	3.000
0.6105E-01	3.000
0.6337E-01	3.000
0.6579E-01	3.000
0.6829E-01	3.000
0.7089E-01	3.000
0.7359E-01	3.000
0.7640E-01	3.000
0.7931E-01	3.000
0.8233E-01	3.000
0.8546E-01	3.000
0.8872E-01	3.000
0.9210E-01	3.000
0.9560E-01	3.000
0.9924E-01	3.000
0.1030	3.000
0.1069	3.000
0.1110	3.000
0.1152	3.000
0.1196	3.000
0.1242	3.000
0.1289	3.000
0.1338	3.000
0.1389	3.000
0.1442	3.000
0.1497	3.000
0.1554	3.000
0.1613	3.000
0.1675	3.000
0.1739	3.000
0.1805	3.000
0.1874	3.000
0.1945	3.000
0.2019	3.000
0.2096	3.000
0.2176	3.000
0.2259	3.000
0.2345	3.000
0.2434	3.000
0.2527	3.000
0.2623	3.000
0.2723	3.000
0.2826	3.000
0.2934	3.000
0.3046	3.000
0.3162	3.000
0.3282	3.000
0.3407	3.000
0.3537	3.000
0.3672	3.000
0.3812	3.000
0.3957	3.000
0.4107	3.000
0.4264	3.000
0.4426	3.000
0.4595	3.000
0.4770	3.000
0.4952	3.000
0.5140	3.000
0.5336	3.000
0.5539	3.000
0.5750	3.000
0.5969	3.000
0.6196	3.000
0.6432	3.000
0.6677	3.000
0.6932	3.000
0.7196	3.000
0.7470	3.000
0.7754	3.000
0.8050	3.000
0.8356	3.000
0.8674	3.000
0.9005	3.000
0.9348	3.000
0.9704	3.000
1.007	3.000
1.046	3.000
1.086	3.000
1.127	3.000
1.170	3.000
1.214	3.000
1.261	3.000
1.309	3.000
1.358	3.000
1.410	3.000
1.464	3.000
1.520	3.000
1.578	3.000
1.638	3.000
1.700	3.000
1.765	3.000
1.832	3.000
1.902	3.000
1.974	3.000
2.049	3.000
2.127	3.000
2.208	3.000
2.293	3.000
2.380	3.000
2.470	3.000
2.565	3.000
2.662	3.000
2.764	3.000
2.869	3.000
2.978	3.000
3.092	3.000
3.209	3.000
3.332	3.000
3.458	3.000
3.590	3.000
3.727	3.000
3.869	3.000
4.016	3.000
4.169	3.000
4.328	3.000
4.493	3.000
4.664	3.000
4.841	3.000
5.026	3.000
5.217	3.000
5.416	3.000
5.622	3.000
5.836	3.000
6.059	3.000
6.289	3.000
6.529	3.000
6.778	3.000
7.036	3.000
7.304	3.000
7.582	3.000
7.871	3.000
8.170	3.000
8.482	3.000
8.805	3.000
9.140	3.000
9.488	3.000
9.849	3.000
10.22	3.000
10.61	3.000
11.02	3.000
11.44	3.000
11.87	3.000
12.33	3.000
12.80	3.000
13.28	3.000
13.79	3.000
14.31	3.000
14.86	3.000
15.42	3.000
16.01	3.000
16.62	3.000
17.25	3.000
17.91	3.000
18.59	3.000
19.30	3.000
20.04	3.000
20.80	3.000
21.59	3.000
22.42	3.000
23.27	3.000
24.16	3.000
25.08	3.000
26.03	3.000
27.02	3.000
28.05	3.000
29.12	3.000
30.23	3.000
31.38	3.000
32.57	3.000
33.82	3.000
35.10	3.000
36.44	3.000
37.83	3.000
39.27	3.000
40.76	3.000
42.32	3.000
43.93	3.000
45.60	3.000
47.34	3.000
49.14	3.000
51.01	3.000
52.96	3.000
54.97	3.000
57.07	3.000
59.24	3.000
61.50	3.000
63.84	3.000
66.27	3.000
68.79	3.000
71.41	3.000
74.13	3.000
76.96	3.000
79.89	3.000
82.93	3.000
86.09	3.000
89.37	3.000
92.77	3.000
96.31	3.000
99.97	3.000
103.8	3.000
107.7	3.000
111.8	3.000
116.1	3.000
120.5	3.000
125.1	3.000
129.9	3.000
134.8	3.000
140.0	3.000
145.3	3.000
150.8	3.000
156.6	3.000
162.5	3.000
168.7	3.000
175.1	3.000
181.8	3.000
188.7	3.000
195.9	3.000
203.4	3.000
211.1	3.000
219.2	3.000
227.5	3.000
236.2	3.000
245.2	3.000
254.5	3.000
264.2	3.000
274.3	3.000
284.7	3.000
295.6	3.000
306.8	3.000
318.5	3.000
330.6	3.000
343.2	3.000
356.3	3.000
369.9	3.000
384.0	3.000
398.6	3.000
413.8	3.000
429.5	3.000
445.9	3.000
462.9	3.000
480.5	3.000
498.8	3.000
517.8	3.000
537.5	3.000
558.0	3.000
579.2	3.000
601.3	3.000
624.2	3.000
648.0	3.000
672.6	3.000
698.3	3.000
724.9	3.000
752.5	3.000
781.1	3.000
810.9	3.000
841.8	3.000
873.8	3.000
907.1	3.000
941.6	3.000
977.5	3.000
1015.	3.000
1053.	3.000
1094.	3.000
1135.	3.000
1178.	3.000
1223.	3.000
1270.	3.000
1318.	3.000
1368.	3.000
1421.	3.000
1475.	3.000
1531.	3.000
1589.	3.000
1650.	3.000
1712.	3.000
1778.	3.000
1845.	3.000
1916.	3.000
1989.	3.000
2064.	3.000
2143.	3.000
2225.	3.000
2309.	3.000
2397.	3.000
2489.	3.000
2583.	3.000
2682.	3.000
2784.	3.000
2890.	3.000
3000.	3.000
 
 
E/N (Td)    	Maximum energy                                                  
0.1000E-02	2000.
0.1038E-02	0.7500
0.1078E-02	0.7500
0.1119E-02	0.7500
0.1161E-02	0.7500
0.1205E-02	0.7500
0.1251E-02	0.7500
0.1299E-02	0.7500
0.1349E-02	0.7500
0.1400E-02	0.7500
0.1453E-02	0.7500
0.1509E-02	0.7500
0.1566E-02	0.7500
0.1626E-02	0.7500
0.1688E-02	0.7500
0.1752E-02	0.7500
0.1819E-02	0.7500
0.1888E-02	0.7500
0.1960E-02	0.7500
0.2034E-02	0.7500
0.2112E-02	0.7500
0.2192E-02	0.7500
0.2276E-02	0.7500
0.2362E-02	0.7500
0.2452E-02	0.7500
0.2546E-02	0.7500
0.2643E-02	0.7500
0.2743E-02	0.7500
0.2848E-02	0.7500
0.2956E-02	0.7500
0.3069E-02	0.7500
0.3186E-02	0.7500
0.3307E-02	0.7500
0.3433E-02	0.7500
0.3564E-02	0.7500
0.3700E-02	0.7500
0.3841E-02	0.7500
0.3987E-02	0.7500
0.4139E-02	0.7500
0.4296E-02	0.7500
0.4460E-02	0.7500
0.4630E-02	0.7500
0.4806E-02	0.7500
0.4989E-02	0.7500
0.5179E-02	0.7500
0.5377E-02	0.7500
0.5581E-02	0.7500
0.5794E-02	0.7500
0.6015E-02	0.7500
0.6244E-02	0.7500
0.6481E-02	0.7500
0.6728E-02	0.7500
0.6985E-02	0.7500
0.7251E-02	0.7500
0.7527E-02	0.7500
0.7813E-02	0.7500
0.8111E-02	0.7500
0.8420E-02	0.7500
0.8741E-02	0.7500
0.9073E-02	0.7500
0.9419E-02	0.7500
0.9778E-02	0.7500
0.1015E-01	0.7500
0.1054E-01	0.7500
0.1094E-01	0.7500
0.1135E-01	0.7500
0.1179E-01	0.7500
0.1224E-01	0.7500
0.1270E-01	0.7500
0.1319E-01	0.7500
0.1369E-01	0.7500
0.1421E-01	0.7500
0.1475E-01	0.7500
0.1531E-01	0.7500
0.1590E-01	0.7500
0.1650E-01	0.7500
0.1713E-01	0.7500
0.1778E-01	0.7500
0.1846E-01	0.7500
0.1916E-01	0.7500
0.1989E-01	0.7500
0.2065E-01	0.7500
0.2144E-01	0.7500
0.2225E-01	0.7500
0.2310E-01	0.7500
0.2398E-01	0.7500
0.2489E-01	0.7500
0.2584E-01	0.7500
0.2682E-01	0.7500
0.2785E-01	0.7500
0.2891E-01	0.7500
0.3001E-01	0.7500
0.3115E-01	0.7500
0.3234E-01	0.7500
0.3357E-01	0.7500
0.3485E-01	0.7500
0.3617E-01	0.7500
0.3755E-01	0.7500
0.3898E-01	0.7500
0.4047E-01	0.7500
0.4201E-01	0.7500
0.4361E-01	0.7500
0.4527E-01	0.7500
0.4699E-01	0.7500
0.4878E-01	0.7500
0.5064E-01	0.7500
0.5257E-01	0.7500
0.5457E-01	0.7500
0.5665E-01	0.7500
0.5881E-01	0.7500
0.6105E-01	0.7500
0.6337E-01	0.7500
0.6579E-01	0.7500
0.6829E-01	0.7500
0.7089E-01	0.7500
0.7359E-01	0.7500
0.7640E-01	0.7500
0.7931E-01	0.7500
0.8233E-01	0.7500
0.8546E-01	0.7500
0.8872E-01	0.7500
0.9210E-01	0.7500
0.9560E-01	0.7500
0.9924E-01	0.7500
0.1030	0.7500
0.1069	0.7500
0.1110	0.7500
0.1152	0.7500
0.1196	0.7500
0.1242	0.7500
0.1289	0.7500
0.1338	0.7500
0.1389	0.7500
0.1442	0.7500
0.1497	0.7500
0.1554	0.7500
0.1613	0.7500
0.1675	0.7500
0.1739	0.7500
0.1805	0.7500
0.1874	0.7500
0.1945	0.7500
0.2019	0.7500
0.2096	0.7500
0.2176	0.7500
0.2259	0.7500
0.2345	0.7500
0.2434	0.7500
0.2527	0.7500
0.2623	0.7500
0.2723	0.7500
0.2826	0.7500
0.2934	0.7500
0.3046	0.7500
0.3162	0.7500
0.3282	0.7500
0.3407	0.7500
0.3537	0.8933
0.3672	0.8933
0.3812	0.8933
0.3957	0.8933
0.4107	0.8933
0.4264	0.8933
0.4426	0.8933
0.4595	0.8933
0.4770	0.8933
0.4952	0.8933
0.5140	1.064
0.5336	1.064
0.5539	1.064
0.5750	1.064
0.5969	1.064
0.6196	1.064
0.6432	1.064
0.6677	1.064
0.6932	1.267
0.7196	1.267
0.7470	1.267
0.7754	1.267
0.8050	1.267
0.8356	1.267
0.8674	1.267
0.9005	1.267
0.9348	1.509
0.9704	1.509
1.007	1.509
1.046	1.509
1.086	1.509
1.127	1.509
1.170	1.509
1.214	1.797
1.261	1.797
1.309	1.797
1.358	1.797
1.410	1.797
1.464	1.797
1.520	1.797
1.578	1.797
1.638	2.141
1.700	2.141
1.765	2.141
1.832	2.141
1.902	2.141
1.974	2.141
2.049	2.141
2.127	2.549
2.208	2.549
2.293	2.549
2.380	2.549
2.470	2.549
2.565	2.549
2.662	2.549
2.764	3.036
2.869	3.036
2.978	3.036
3.092	3.036
3.209	3.036
3.332	3.036
3.458	3.036
3.590	3.616
3.727	3.616
3.869	3.616
4.016	3.616
4.169	3.616
4.328	3.616
4.493	3.616
4.664	4.307
4.841	4.307
5.026	4.307
5.217	4.307
5.416	4.307
5.622	4.307
5.836	4.307
6.059	5.130
6.289	5.130
6.529	5.130
6.778	5.130
7.036	5.130
7.304	5.130
7.582	6.109
7.871	6.109
8.170	6.109
8.482	6.109
8.805	6.109
9.140	6.109
9.488	7.276
9.849	7.276
10.22	7.276
10.61	7.276
11.02	7.276
11.44	7.276
11.87	7.276
12.33	8.666
12.80	8.666
13.28	8.666
13.79	8.666
14.31	8.666
14.86	10.32
15.42	10.32
16.01	10.32
16.62	10.32
17.25	10.32
17.91	12.29
18.59	12.29
19.30	12.29
20.04	12.29
20.80	12.29
21.59	12.29
22.42	14.62
23.27	14.62
24.16	14.62
25.08	14.62
26.03	14.62
27.02	14.62
28.05	14.62
29.12	17.37
30.23	17.37
31.38	17.37
32.57	17.37
33.82	17.37
35.10	17.37
36.44	17.37
37.83	17.37
39.27	20.62
40.76	20.62
42.32	20.62
43.93	20.62
45.60	20.62
47.34	20.62
49.14	20.62
51.01	20.62
52.96	20.62
54.97	24.46
57.07	24.46
59.24	24.46
61.50	24.46
63.84	24.46
66.27	24.46
68.79	24.46
71.41	24.46
74.13	29.01
76.96	29.01
79.89	29.01
82.93	29.01
86.09	29.01
89.37	29.01
92.77	29.01
96.31	29.01
99.97	34.38
103.8	34.38
107.7	34.38
111.8	34.38
116.1	34.38
120.5	34.38
125.1	34.38
129.9	34.38
134.8	40.72
140.0	40.72
145.3	40.72
150.8	40.72
156.6	40.72
162.5	40.72
168.7	48.23
175.1	48.23
181.8	48.23
188.7	48.23
195.9	48.23
203.4	48.23
211.1	57.10
219.2	57.10
227.5	57.10
236.2	57.10
245.2	57.10
254.5	67.58
264.2	67.58
274.3	67.58
284.7	67.58
295.6	67.58
306.8	79.98
318.5	79.98
330.6	79.98
343.2	79.98
356.3	94.63
369.9	94.63
384.0	94.63
398.6	94.63
413.8	94.63
429.5	111.9
445.9	111.9
462.9	111.9
480.5	111.9
498.8	132.4
517.8	132.4
537.5	132.4
558.0	156.6
579.2	156.6
601.3	156.6
624.2	156.6
648.0	185.2
672.6	185.2
698.3	185.2
724.9	219.0
752.5	219.0
781.1	219.0
810.9	219.0
841.8	259.0
873.8	259.0
907.1	259.0
941.6	306.3
977.5	306.3
1015.	306.3
1053.	362.1
1094.	362.1
1135.	362.1
1178.	428.1
1223.	428.1
1270.	428.1
1318.	506.2
1368.	506.2
1421.	506.2
1475.	598.4
1531.	598.4
1589.	598.4
1650.	707.5
1712.	707.5
1778.	836.4
1845.	836.4
1916.	836.4
1989.	988.8
2064.	988.8
2143.	988.8
2225.	1169.
2309.	1169.
2397.	1169.
2489.	1382.
2583.	1382.
2682.	1382.
2784.	1633.
2890.	1633.
3000.	1931.
 
 
E/N (Td)	Mean energy (eV)
0.1000E-02	0.3880E-01
0.1038E-02	0.3881E-01
0.1078E-02	0.3881E-01
0.1119E-02	0.3881E-01
0.1161E-02	0.3882E-01
0.1205E-02	0.3882E-01
0.1251E-02	0.3882E-01
0.1299E-02	0.3882E-01
0.1349E-02	0.3883E-01
0.1400E-02	0.3883E-01
0.1453E-02	0.3884E-01
0.1509E-02	0.3884E-01
0.1566E-02	0.3885E-01
0.1626E-02	0.3885E-01
0.1688E-02	0.3886E-01
0.1752E-02	0.3886E-01
0.1819E-02	0.3887E-01
0.1888E-02	0.3888E-01
0.1960E-02	0.3888E-01
0.2034E-02	0.3889E-01
0.2112E-02	0.3890E-01
0.2192E-02	0.3891E-01
0.2276E-02	0.3892E-01
0.2362E-02	0.3893E-01
0.2452E-02	0.3894E-01
0.2546E-02	0.3895E-01
0.2643E-02	0.3897E-01
0.2743E-02	0.3898E-01
0.2848E-02	0.3900E-01
0.2956E-02	0.3901E-01
0.3069E-02	0.3903E-01
0.3186E-02	0.3905E-01
0.3307E-02	0.3907E-01
0.3433E-02	0.3909E-01
0.3564E-02	0.3911E-01
0.3700E-02	0.3914E-01
0.3841E-02	0.3916E-01
0.3987E-02	0.3919E-01
0.4139E-02	0.3922E-01
0.4296E-02	0.3926E-01
0.4460E-02	0.3929E-01
0.4630E-02	0.3933E-01
0.4806E-02	0.3937E-01
0.4989E-02	0.3941E-01
0.5179E-02	0.3945E-01
0.5377E-02	0.3950E-01
0.5581E-02	0.3955E-01
0.5794E-02	0.3960E-01
0.6015E-02	0.3966E-01
0.6244E-02	0.3972E-01
0.6481E-02	0.3978E-01
0.6728E-02	0.3985E-01
0.6985E-02	0.3992E-01
0.7251E-02	0.3999E-01
0.7527E-02	0.4007E-01
0.7813E-02	0.4015E-01
0.8111E-02	0.4023E-01
0.8420E-02	0.4032E-01
0.8741E-02	0.4041E-01
0.9073E-02	0.4050E-01
0.9419E-02	0.4060E-01
0.9778E-02	0.4070E-01
0.1015E-01	0.4080E-01
0.1054E-01	0.4091E-01
0.1094E-01	0.4102E-01
0.1135E-01	0.4113E-01
0.1179E-01	0.4124E-01
0.1224E-01	0.4136E-01
0.1270E-01	0.4147E-01
0.1319E-01	0.4159E-01
0.1369E-01	0.4170E-01
0.1421E-01	0.4182E-01
0.1475E-01	0.4193E-01
0.1531E-01	0.4204E-01
0.1590E-01	0.4215E-01
0.1650E-01	0.4226E-01
0.1713E-01	0.4236E-01
0.1778E-01	0.4247E-01
0.1846E-01	0.4256E-01
0.1916E-01	0.4266E-01
0.1989E-01	0.4275E-01
0.2065E-01	0.4283E-01
0.2144E-01	0.4292E-01
0.2225E-01	0.4299E-01
0.2310E-01	0.4306E-01
0.2398E-01	0.4313E-01
0.2489E-01	0.4320E-01
0.2584E-01	0.4325E-01
0.2682E-01	0.4331E-01
0.2785E-01	0.4336E-01
0.2891E-01	0.4341E-01
0.3001E-01	0.4346E-01
0.3115E-01	0.4350E-01
0.3234E-01	0.4354E-01
0.3357E-01	0.4358E-01
0.3485E-01	0.4362E-01
0.3617E-01	0.4366E-01
0.3755E-01	0.4370E-01
0.3898E-01	0.4373E-01
0.4047E-01	0.4377E-01
0.4201E-01	0.4381E-01
0.4361E-01	0.4386E-01
0.4527E-01	0.4390E-01
0.4699E-01	0.4395E-01
0.4878E-01	0.4400E-01
0.5064E-01	0.4405E-01
0.5257E-01	0.4411E-01
0.5457E-01	0.4417E-01
0.5665E-01	0.4424E-01
0.5881E-01	0.4431E-01
0.6105E-01	0.4439E-01
0.6337E-01	0.4447E-01
0.6579E-01	0.4456E-01
0.6829E-01	0.4465E-01
0.7089E-01	0.4475E-01
0.7359E-01	0.4486E-01
0.7640E-01	0.4497E-01
0.7931E-01	0.4509E-01
0.8233E-01	0.4522E-01
0.8546E-01	0.4535E-01
0.8872E-01	0.4549E-01
0.9210E-01	0.4565E-01
0.9560E-01	0.4580E-01
0.9924E-01	0.4597E-01
0.1030	0.4615E-01
0.1069	0.4633E-01
0.1110	0.4653E-01
0.1152	0.4673E-01
0.1196	0.4695E-01
0.1242	0.4717E-01
0.1289	0.4741E-01
0.1338	0.4765E-01
0.1389	0.4791E-01
0.1442	0.4818E-01
0.1497	0.4846E-01
0.1554	0.4875E-01
0.1613	0.4906E-01
0.1675	0.4937E-01
0.1739	0.4971E-01
0.1805	0.5005E-01
0.1874	0.5042E-01
0.1945	0.5079E-01
0.2019	0.5119E-01
0.2096	0.5160E-01
0.2176	0.5203E-01
0.2259	0.5248E-01
0.2345	0.5295E-01
0.2434	0.5344E-01
0.2527	0.5395E-01
0.2623	0.5449E-01
0.2723	0.5505E-01
0.2826	0.5564E-01
0.2934	0.5626E-01
0.3046	0.5691E-01
0.3162	0.5759E-01
0.3282	0.5831E-01
0.3407	0.5908E-01
0.3537	0.5987E-01
0.3672	0.6071E-01
0.3812	0.6160E-01
0.3957	0.6254E-01
0.4107	0.6353E-01
0.4264	0.6458E-01
0.4426	0.6570E-01
0.4595	0.6688E-01
0.4770	0.6813E-01
0.4952	0.6945E-01
0.5140	0.7086E-01
0.5336	0.7236E-01
0.5539	0.7395E-01
0.5750	0.7564E-01
0.5969	0.7744E-01
0.6196	0.7935E-01
0.6432	0.8137E-01
0.6677	0.8351E-01
0.6932	0.8578E-01
0.7196	0.8819E-01
0.7470	0.9073E-01
0.7754	0.9342E-01
0.8050	0.9627E-01
0.8356	0.9926E-01
0.8674	0.1024
0.9005	0.1058
0.9348	0.1092
0.9704	0.1129
1.007	0.1168
1.046	0.1208
1.086	0.1250
1.127	0.1295
1.170	0.1341
1.214	0.1389
1.261	0.1440
1.309	0.1492
1.358	0.1547
1.410	0.1604
1.464	0.1664
1.520	0.1726
1.578	0.1790
1.638	0.1856
1.700	0.1926
1.765	0.1998
1.832	0.2072
1.902	0.2150
1.974	0.2230
2.049	0.2313
2.127	0.2399
2.208	0.2488
2.293	0.2580
2.380	0.2676
2.470	0.2774
2.565	0.2876
2.662	0.2980
2.764	0.3089
2.869	0.3201
2.978	0.3318
3.092	0.3437
3.209	0.3561
3.332	0.3688
3.458	0.3821
3.590	0.3956
3.727	0.4095
3.869	0.4239
4.016	0.4387
4.169	0.4539
4.328	0.4696
4.493	0.4859
4.664	0.5024
4.841	0.5195
5.026	0.5371
5.217	0.5551
5.416	0.5736
5.622	0.5927
5.836	0.6124
6.059	0.6325
6.289	0.6532
6.529	0.6744
6.778	0.6962
7.036	0.7186
7.304	0.7414
7.582	0.7650
7.871	0.7892
8.170	0.8141
8.482	0.8396
8.805	0.8658
9.140	0.8926
9.488	0.9202
9.849	0.9485
10.22	0.9776
10.61	1.007
11.02	1.038
11.44	1.070
11.87	1.102
12.33	1.135
12.80	1.169
13.28	1.205
13.79	1.241
14.31	1.278
14.86	1.317
15.42	1.356
16.01	1.397
16.62	1.440
17.25	1.483
17.91	1.529
18.59	1.576
19.30	1.624
20.04	1.675
20.80	1.727
21.59	1.781
22.42	1.837
23.27	1.896
24.16	1.957
25.08	2.020
26.03	2.085
27.02	2.153
28.05	2.223
29.12	2.295
30.23	2.370
31.38	2.446
32.57	2.524
33.82	2.603
35.10	2.684
36.44	2.765
37.83	2.847
39.27	2.928
40.76	3.009
42.32	3.089
43.93	3.168
45.60	3.246
47.34	3.322
49.14	3.397
51.01	3.470
52.96	3.542
54.97	3.612
57.07	3.680
59.24	3.747
61.50	3.813
63.84	3.878
66.27	3.941
68.79	4.004
71.41	4.065
74.13	4.127
76.96	4.187
79.89	4.247
82.93	4.307
86.09	4.366
89.37	4.425
92.77	4.484
96.31	4.543
99.97	4.603
103.8	4.662
107.7	4.721
111.8	4.781
116.1	4.841
120.5	4.902
125.1	4.963
129.9	5.025
134.8	5.087
140.0	5.150
145.3	5.214
150.8	5.279
156.6	5.345
162.5	5.411
168.7	5.479
175.1	5.548
181.8	5.618
188.7	5.689
195.9	5.762
203.4	5.837
211.1	5.913
219.2	5.990
227.5	6.070
236.2	6.152
245.2	6.235
254.5	6.321
264.2	6.409
274.3	6.500
284.7	6.593
295.6	6.689
306.8	6.788
318.5	6.890
330.6	6.996
343.2	7.105
356.3	7.218
369.9	7.335
384.0	7.455
398.6	7.581
413.8	7.711
429.5	7.846
445.9	7.986
462.9	8.131
480.5	8.283
498.8	8.441
517.8	8.605
537.5	8.776
558.0	8.954
579.2	9.140
601.3	9.335
624.2	9.537
648.0	9.750
672.6	9.971
698.3	10.20
724.9	10.45
752.5	10.70
781.1	10.97
810.9	11.25
841.8	11.54
873.8	11.85
907.1	12.17
941.6	12.51
977.5	12.86
1015.	13.23
1053.	13.62
1094.	14.03
1135.	14.47
1178.	14.92
1223.	15.40
1270.	15.90
1318.	16.43
1368.	16.98
1421.	17.56
1475.	18.17
1531.	18.82
1589.	19.50
1650.	20.21
1712.	20.96
1778.	21.75
1845.	22.58
1916.	23.46
1989.	24.38
2064.	25.35
2143.	26.37
2225.	27.44
2309.	28.58
2397.	29.77
2489.	31.03
2583.	32.35
2682.	33.75
2784.	35.22
2890.	36.77
3000.	38.41
 
 
E/N (Td)	Mobility *N (1/m/V/s)
0.1000E-02	0.3084E+26
0.1038E-02	0.3085E+26
0.1078E-02	0.3085E+26
0.1119E-02	0.3085E+26
0.1161E-02	0.3086E+26
0.1205E-02	0.3086E+26
0.1251E-02	0.3086E+26
0.1299E-02	0.3086E+26
0.1349E-02	0.3086E+26
0.1400E-02	0.3087E+26
0.1453E-02	0.3087E+26
0.1509E-02	0.3087E+26
0.1566E-02	0.3087E+26
0.1626E-02	0.3088E+26
0.1688E-02	0.3088E+26
0.1752E-02	0.3088E+26
0.1819E-02	0.3089E+26
0.1888E-02	0.3089E+26
0.1960E-02	0.3090E+26
0.2034E-02	0.3090E+26
0.2112E-02	0.3091E+26
0.2192E-02	0.3091E+26
0.2276E-02	0.3092E+26
0.2362E-02	0.3093E+26
0.2452E-02	0.3093E+26
0.2546E-02	0.3094E+26
0.2643E-02	0.3095E+26
0.2743E-02	0.3096E+26
0.2848E-02	0.3097E+26
0.2956E-02	0.3098E+26
0.3069E-02	0.3099E+26
0.3186E-02	0.3100E+26
0.3307E-02	0.3101E+26
0.3433E-02	0.3103E+26
0.3564E-02	0.3104E+26
0.3700E-02	0.3105E+26
0.3841E-02	0.3107E+26
0.3987E-02	0.3109E+26
0.4139E-02	0.3111E+26
0.4296E-02	0.3113E+26
0.4460E-02	0.3115E+26
0.4630E-02	0.3117E+26
0.4806E-02	0.3120E+26
0.4989E-02	0.3122E+26
0.5179E-02	0.3125E+26
0.5377E-02	0.3128E+26
0.5581E-02	0.3131E+26
0.5794E-02	0.3134E+26
0.6015E-02	0.3138E+26
0.6244E-02	0.3141E+26
0.6481E-02	0.3145E+26
0.6728E-02	0.3149E+26
0.6985E-02	0.3154E+26
0.7251E-02	0.3158E+26
0.7527E-02	0.3163E+26
0.7813E-02	0.3168E+26
0.8111E-02	0.3173E+26
0.8420E-02	0.3178E+26
0.8741E-02	0.3184E+26
0.9073E-02	0.3190E+26
0.9419E-02	0.3196E+26
0.9778E-02	0.3202E+26
0.1015E-01	0.3208E+26
0.1054E-01	0.3215E+26
0.1094E-01	0.3222E+26
0.1135E-01	0.3229E+26
0.1179E-01	0.3236E+26
0.1224E-01	0.3243E+26
0.1270E-01	0.3250E+26
0.1319E-01	0.3257E+26
0.1369E-01	0.3264E+26
0.1421E-01	0.3271E+26
0.1475E-01	0.3278E+26
0.1531E-01	0.3285E+26
0.1590E-01	0.3292E+26
0.1650E-01	0.3298E+26
0.1713E-01	0.3305E+26
0.1778E-01	0.3311E+26
0.1846E-01	0.3317E+26
0.1916E-01	0.3323E+26
0.1989E-01	0.3328E+26
0.2065E-01	0.3333E+26
0.2144E-01	0.3338E+26
0.2225E-01	0.3343E+26
0.2310E-01	0.3347E+26
0.2398E-01	0.3351E+26
0.2489E-01	0.3355E+26
0.2584E-01	0.3358E+26
0.2682E-01	0.3361E+26
0.2785E-01	0.3364E+26
0.2891E-01	0.3367E+26
0.3001E-01	0.3369E+26
0.3115E-01	0.3372E+26
0.3234E-01	0.3374E+26
0.3357E-01	0.3376E+26
0.3485E-01	0.3377E+26
0.3617E-01	0.3379E+26
0.3755E-01	0.3381E+26
0.3898E-01	0.3382E+26
0.4047E-01	0.3384E+26
0.4201E-01	0.3385E+26
0.4361E-01	0.3387E+26
0.4527E-01	0.3388E+26
0.4699E-01	0.3390E+26
0.4878E-01	0.3392E+26
0.5064E-01	0.3394E+26
0.5257E-01	0.3396E+26
0.5457E-01	0.3398E+26
0.5665E-01	0.3400E+26
0.5881E-01	0.3403E+26
0.6105E-01	0.3406E+26
0.6337E-01	0.3409E+26
0.6579E-01	0.3412E+26
0.6829E-01	0.3415E+26
0.7089E-01	0.3419E+26
0.7359E-01	0.3423E+26
0.7640E-01	0.3427E+26
0.7931E-01	0.3432E+26
0.8233E-01	0.3437E+26
0.8546E-01	0.3442E+26
0.8872E-01	0.3447E+26
0.9210E-01	0.3453E+26
0.9560E-01	0.3459E+26
0.9924E-01	0.3466E+26
0.1030	0.3472E+26
0.1069	0.3480E+26
0.1110	0.3487E+26
0.1152	0.3495E+26
0.1196	0.3503E+26
0.1242	0.3511E+26
0.1289	0.3520E+26
0.1338	0.3530E+26
0.1389	0.3539E+26
0.1442	0.3549E+26
0.1497	0.3560E+26
0.1554	0.3570E+26
0.1613	0.3582E+26
0.1675	0.3593E+26
0.1739	0.3605E+26
0.1805	0.3618E+26
0.1874	0.3631E+26
0.1945	0.3644E+26
0.2019	0.3658E+26
0.2096	0.3672E+26
0.2176	0.3687E+26
0.2259	0.3702E+26
0.2345	0.3717E+26
0.2434	0.3733E+26
0.2527	0.3750E+26
0.2623	0.3767E+26
0.2723	0.3784E+26
0.2826	0.3802E+26
0.2934	0.3821E+26
0.3046	0.3840E+26
0.3162	0.3860E+26
0.3282	0.3880E+26
0.3407	0.3901E+26
0.3537	0.3922E+26
0.3672	0.3944E+26
0.3812	0.3966E+26
0.3957	0.3989E+26
0.4107	0.4012E+26
0.4264	0.4036E+26
0.4426	0.4060E+26
0.4595	0.4085E+26
0.4770	0.4110E+26
0.4952	0.4138E+26
0.5140	0.4164E+26
0.5336	0.4190E+26
0.5539	0.4216E+26
0.5750	0.4242E+26
0.5969	0.4268E+26
0.6196	0.4294E+26
0.6432	0.4320E+26
0.6677	0.4348E+26
0.6932	0.4373E+26
0.7196	0.4397E+26
0.7470	0.4420E+26
0.7754	0.4442E+26
0.8050	0.4463E+26
0.8356	0.4482E+26
0.8674	0.4500E+26
0.9005	0.4515E+26
0.9348	0.4529E+26
0.9704	0.4540E+26
1.007	0.4548E+26
1.046	0.4554E+26
1.086	0.4557E+26
1.127	0.4557E+26
1.170	0.4551E+26
1.214	0.4544E+26
1.261	0.4533E+26
1.309	0.4518E+26
1.358	0.4499E+26
1.410	0.4476E+26
1.464	0.4448E+26
1.520	0.4417E+26
1.578	0.4380E+26
1.638	0.4340E+26
1.700	0.4295E+26
1.765	0.4246E+26
1.832	0.4193E+26
1.902	0.4135E+26
1.974	0.4073E+26
2.049	0.4009E+26
2.127	0.3940E+26
2.208	0.3867E+26
2.293	0.3790E+26
2.380	0.3710E+26
2.470	0.3628E+26
2.565	0.3543E+26
2.662	0.3453E+26
2.764	0.3363E+26
2.869	0.3272E+26
2.978	0.3179E+26
3.092	0.3085E+26
3.209	0.2990E+26
3.332	0.2894E+26
3.458	0.2799E+26
3.590	0.2704E+26
3.727	0.2608E+26
3.869	0.2513E+26
4.016	0.2419E+26
4.169	0.2326E+26
4.328	0.2234E+26
4.493	0.2144E+26
4.664	0.2055E+26
4.841	0.1968E+26
5.026	0.1883E+26
5.217	0.1801E+26
5.416	0.1720E+26
5.622	0.1642E+26
5.836	0.1566E+26
6.059	0.1493E+26
6.289	0.1422E+26
6.529	0.1353E+26
6.778	0.1288E+26
7.036	0.1224E+26
7.304	0.1163E+26
7.582	0.1105E+26
7.871	0.1049E+26
8.170	0.9949E+25
8.482	0.9436E+25
8.805	0.8946E+25
9.140	0.8478E+25
9.488	0.8032E+25
9.849	0.7607E+25
10.22	0.7203E+25
10.61	0.6818E+25
11.02	0.6453E+25
11.44	0.6106E+25
11.87	0.5776E+25
12.33	0.5464E+25
12.80	0.5168E+25
13.28	0.4887E+25
13.79	0.4622E+25
14.31	0.4371E+25
14.86	0.4134E+25
15.42	0.3909E+25
16.01	0.3698E+25
16.62	0.3498E+25
17.25	0.3309E+25
17.91	0.3132E+25
18.59	0.2964E+25
19.30	0.2807E+25
20.04	0.2658E+25
20.80	0.2519E+25
21.59	0.2387E+25
22.42	0.2264E+25
23.27	0.2149E+25
24.16	0.2040E+25
25.08	0.1938E+25
26.03	0.1843E+25
27.02	0.1754E+25
28.05	0.1671E+25
29.12	0.1594E+25
30.23	0.1521E+25
31.38	0.1454E+25
32.57	0.1392E+25
33.82	0.1335E+25
35.10	0.1282E+25
36.44	0.1233E+25
37.83	0.1189E+25
39.27	0.1148E+25
40.76	0.1110E+25
42.32	0.1076E+25
43.93	0.1045E+25
45.60	0.1017E+25
47.34	0.9911E+24
49.14	0.9676E+24
51.01	0.9462E+24
52.96	0.9266E+24
54.97	0.9087E+24
57.07	0.8923E+24
59.24	0.8772E+24
61.50	0.8633E+24
63.84	0.8505E+24
66.27	0.8386E+24
68.79	0.8275E+24
71.41	0.8173E+24
74.13	0.8077E+24
76.96	0.7987E+24
79.89	0.7903E+24
82.93	0.7825E+24
86.09	0.7751E+24
89.37	0.7681E+24
92.77	0.7615E+24
96.31	0.7553E+24
99.97	0.7495E+24
103.8	0.7439E+24
107.7	0.7387E+24
111.8	0.7337E+24
116.1	0.7290E+24
120.5	0.7245E+24
125.1	0.7202E+24
129.9	0.7161E+24
134.8	0.7122E+24
140.0	0.7084E+24
145.3	0.7049E+24
150.8	0.7014E+24
156.6	0.6981E+24
162.5	0.6950E+24
168.7	0.6919E+24
175.1	0.6889E+24
181.8	0.6860E+24
188.7	0.6832E+24
195.9	0.6805E+24
203.4	0.6778E+24
211.1	0.6752E+24
219.2	0.6727E+24
227.5	0.6701E+24
236.2	0.6676E+24
245.2	0.6652E+24
254.5	0.6627E+24
264.2	0.6602E+24
274.3	0.6578E+24
284.7	0.6554E+24
295.6	0.6529E+24
306.8	0.6504E+24
318.5	0.6480E+24
330.6	0.6455E+24
343.2	0.6430E+24
356.3	0.6404E+24
369.9	0.6379E+24
384.0	0.6353E+24
398.6	0.6327E+24
413.8	0.6300E+24
429.5	0.6273E+24
445.9	0.6246E+24
462.9	0.6218E+24
480.5	0.6191E+24
498.8	0.6162E+24
517.8	0.6134E+24
537.5	0.6105E+24
558.0	0.6075E+24
579.2	0.6045E+24
601.3	0.6015E+24
624.2	0.5984E+24
648.0	0.5953E+24
672.6	0.5922E+24
698.3	0.5892E+24
724.9	0.5860E+24
752.5	0.5827E+24
781.1	0.5794E+24
810.9	0.5761E+24
841.8	0.5728E+24
873.8	0.5694E+24
907.1	0.5660E+24
941.6	0.5625E+24
977.5	0.5590E+24
1015.	0.5555E+24
1053.	0.5519E+24
1094.	0.5483E+24
1135.	0.5447E+24
1178.	0.5411E+24
1223.	0.5374E+24
1270.	0.5338E+24
1318.	0.5301E+24
1368.	0.5264E+24
1421.	0.5226E+24
1475.	0.5188E+24
1531.	0.5151E+24
1589.	0.5113E+24
1650.	0.5075E+24
1712.	0.5037E+24
1778.	0.4999E+24
1845.	0.4961E+24
1916.	0.4923E+24
1989.	0.4885E+24
2064.	0.4847E+24
2143.	0.4809E+24
2225.	0.4772E+24
2309.	0.4734E+24
2397.	0.4697E+24
2489.	0.4660E+24
2583.	0.4623E+24
2682.	0.4586E+24
2784.	0.4550E+24
2890.	0.4514E+24
3000.	0.4478E+24
 
 
E/N (Td)	Diffusion coefficient *N (1/m/s)
0.1000E-02	0.7983E+24
0.1038E-02	0.7996E+24
0.1078E-02	0.7996E+24
0.1119E-02	0.7997E+24
0.1161E-02	0.7998E+24
0.1205E-02	0.7999E+24
0.1251E-02	0.8000E+24
0.1299E-02	0.8001E+24
0.1349E-02	0.8003E+24
0.1400E-02	0.8004E+24
0.1453E-02	0.8006E+24
0.1509E-02	0.8007E+24
0.1566E-02	0.8009E+24
0.1626E-02	0.8011E+24
0.1688E-02	0.8013E+24
0.1752E-02	0.8015E+24
0.1819E-02	0.8017E+24
0.1888E-02	0.8020E+24
0.1960E-02	0.8022E+24
0.2034E-02	0.8025E+24
0.2112E-02	0.8028E+24
0.2192E-02	0.8031E+24
0.2276E-02	0.8035E+24
0.2362E-02	0.8039E+24
0.2452E-02	0.8043E+24
0.2546E-02	0.8047E+24
0.2643E-02	0.8052E+24
0.2743E-02	0.8057E+24
0.2848E-02	0.8062E+24
0.2956E-02	0.8068E+24
0.3069E-02	0.8074E+24
0.3186E-02	0.8081E+24
0.3307E-02	0.8088E+24
0.3433E-02	0.8096E+24
0.3564E-02	0.8104E+24
0.3700E-02	0.8113E+24
0.3841E-02	0.8123E+24
0.3987E-02	0.8133E+24
0.4139E-02	0.8144E+24
0.4296E-02	0.8155E+24
0.4460E-02	0.8168E+24
0.4630E-02	0.8181E+24
0.4806E-02	0.8195E+24
0.4989E-02	0.8210E+24
0.5179E-02	0.8226E+24
0.5377E-02	0.8243E+24
0.5581E-02	0.8261E+24
0.5794E-02	0.8281E+24
0.6015E-02	0.8301E+24
0.6244E-02	0.8323E+24
0.6481E-02	0.8346E+24
0.6728E-02	0.8370E+24
0.6985E-02	0.8395E+24
0.7251E-02	0.8422E+24
0.7527E-02	0.8451E+24
0.7813E-02	0.8480E+24
0.8111E-02	0.8511E+24
0.8420E-02	0.8544E+24
0.8741E-02	0.8578E+24
0.9073E-02	0.8613E+24
0.9419E-02	0.8650E+24
0.9778E-02	0.8688E+24
0.1015E-01	0.8727E+24
0.1054E-01	0.8768E+24
0.1094E-01	0.8810E+24
0.1135E-01	0.8852E+24
0.1179E-01	0.8896E+24
0.1224E-01	0.8940E+24
0.1270E-01	0.8985E+24
0.1319E-01	0.9031E+24
0.1369E-01	0.9076E+24
0.1421E-01	0.9122E+24
0.1475E-01	0.9168E+24
0.1531E-01	0.9214E+24
0.1590E-01	0.9260E+24
0.1650E-01	0.9305E+24
0.1713E-01	0.9349E+24
0.1778E-01	0.9393E+24
0.1846E-01	0.9436E+24
0.1916E-01	0.9477E+24
0.1989E-01	0.9518E+24
0.2065E-01	0.9557E+24
0.2144E-01	0.9595E+24
0.2225E-01	0.9631E+24
0.2310E-01	0.9666E+24
0.2398E-01	0.9700E+24
0.2489E-01	0.9732E+24
0.2584E-01	0.9763E+24
0.2682E-01	0.9792E+24
0.2785E-01	0.9820E+24
0.2891E-01	0.9847E+24
0.3001E-01	0.9873E+24
0.3115E-01	0.9897E+24
0.3234E-01	0.9921E+24
0.3357E-01	0.9944E+24
0.3485E-01	0.9966E+24
0.3617E-01	0.9988E+24
0.3755E-01	0.1001E+25
0.3898E-01	0.1003E+25
0.4047E-01	0.1005E+25
0.4201E-01	0.1007E+25
0.4361E-01	0.1010E+25
0.4527E-01	0.1012E+25
0.4699E-01	0.1014E+25
0.4878E-01	0.1016E+25
0.5064E-01	0.1019E+25
0.5257E-01	0.1021E+25
0.5457E-01	0.1024E+25
0.5665E-01	0.1026E+25
0.5881E-01	0.1029E+25
0.6105E-01	0.1032E+25
0.6337E-01	0.1035E+25
0.6579E-01	0.1038E+25
0.6829E-01	0.1042E+25
0.7089E-01	0.1046E+25
0.7359E-01	0.1049E+25
0.7640E-01	0.1053E+25
0.7931E-01	0.1058E+25
0.8233E-01	0.1062E+25
0.8546E-01	0.1067E+25
0.8872E-01	0.1072E+25
0.9210E-01	0.1077E+25
0.9560E-01	0.1082E+25
0.9924E-01	0.1088E+25
0.1030	0.1094E+25
0.1069	0.1100E+25
0.1110	0.1107E+25
0.1152	0.1114E+25
0.1196	0.1121E+25
0.1242	0.1129E+25
0.1289	0.1137E+25
0.1338	0.1146E+25
0.1389	0.1155E+25
0.1442	0.1164E+25
0.1497	0.1174E+25
0.1554	0.1184E+25
0.1613	0.1194E+25
0.1675	0.1206E+25
0.1739	0.1217E+25
0.1805	0.1230E+25
0.1874	0.1243E+25
0.1945	0.1256E+25
0.2019	0.1270E+25
0.2096	0.1285E+25
0.2176	0.1300E+25
0.2259	0.1317E+25
0.2345	0.1334E+25
0.2434	0.1352E+25
0.2527	0.1371E+25
0.2623	0.1391E+25
0.2723	0.1411E+25
0.2826	0.1433E+25
0.2934	0.1457E+25
0.3046	0.1481E+25
0.3162	0.1507E+25
0.3282	0.1534E+25
0.3407	0.1564E+25
0.3537	0.1595E+25
0.3672	0.1627E+25
0.3812	0.1661E+25
0.3957	0.1697E+25
0.4107	0.1736E+25
0.4264	0.1777E+25
0.4426	0.1821E+25
0.4595	0.1867E+25
0.4770	0.1916E+25
0.4952	0.1970E+25
0.5140	0.2025E+25
0.5336	0.2084E+25
0.5539	0.2147E+25
0.5750	0.2213E+25
0.5969	0.2283E+25
0.6196	0.2358E+25
0.6432	0.2436E+25
0.6677	0.2522E+25
0.6932	0.2609E+25
0.7196	0.2702E+25
0.7470	0.2798E+25
0.7754	0.2900E+25
0.8050	0.3006E+25
0.8356	0.3117E+25
0.8674	0.3232E+25
0.9005	0.3354E+25
0.9348	0.3478E+25
0.9704	0.3607E+25
1.007	0.3741E+25
1.046	0.3878E+25
1.086	0.4019E+25
1.127	0.4164E+25
1.170	0.4309E+25
1.214	0.4460E+25
1.261	0.4613E+25
1.309	0.4769E+25
1.358	0.4927E+25
1.410	0.5086E+25
1.464	0.5246E+25
1.520	0.5407E+25
1.578	0.5568E+25
1.638	0.5728E+25
1.700	0.5888E+25
1.765	0.6047E+25
1.832	0.6203E+25
1.902	0.6358E+25
1.974	0.6510E+25
2.049	0.6664E+25
2.127	0.6809E+25
2.208	0.6950E+25
2.293	0.7087E+25
2.380	0.7218E+25
2.470	0.7344E+25
2.565	0.7465E+25
2.662	0.7569E+25
2.764	0.7677E+25
2.869	0.7779E+25
2.978	0.7873E+25
3.092	0.7961E+25
3.209	0.8041E+25
3.332	0.8114E+25
3.458	0.8183E+25
3.590	0.8240E+25
3.727	0.8289E+25
3.869	0.8331E+25
4.016	0.8365E+25
4.169	0.8391E+25
4.328	0.8411E+25
4.493	0.8432E+25
4.664	0.8437E+25
4.841	0.8434E+25
5.026	0.8425E+25
5.217	0.8409E+25
5.416	0.8386E+25
5.622	0.8358E+25
5.836	0.8327E+25
6.059	0.8287E+25
6.289	0.8242E+25
6.529	0.8191E+25
6.778	0.8135E+25
7.036	0.8076E+25
7.304	0.8011E+25
7.582	0.7943E+25
7.871	0.7871E+25
8.170	0.7796E+25
8.482	0.7718E+25
8.805	0.7637E+25
9.140	0.7547E+25
9.488	0.7461E+25
9.849	0.7373E+25
10.22	0.7283E+25
10.61	0.7192E+25
11.02	0.7098E+25
11.44	0.7004E+25
11.87	0.6900E+25
12.33	0.6803E+25
12.80	0.6706E+25
13.28	0.6608E+25
13.79	0.6509E+25
14.31	0.6420E+25
14.86	0.6320E+25
15.42	0.6220E+25
16.01	0.6121E+25
16.62	0.6021E+25
17.25	0.5924E+25
17.91	0.5826E+25
18.59	0.5727E+25
19.30	0.5630E+25
20.04	0.5533E+25
20.80	0.5438E+25
21.59	0.5346E+25
22.42	0.5252E+25
23.27	0.5160E+25
24.16	0.5070E+25
25.08	0.4981E+25
26.03	0.4894E+25
27.02	0.4809E+25
28.05	0.4729E+25
29.12	0.4649E+25
30.23	0.4572E+25
31.38	0.4497E+25
32.57	0.4426E+25
33.82	0.4359E+25
35.10	0.4294E+25
36.44	0.4234E+25
37.83	0.4178E+25
39.27	0.4125E+25
40.76	0.4076E+25
42.32	0.4031E+25
43.93	0.3989E+25
45.60	0.3951E+25
47.34	0.3916E+25
49.14	0.3884E+25
51.01	0.3855E+25
52.96	0.3829E+25
54.97	0.3805E+25
57.07	0.3784E+25
59.24	0.3764E+25
61.50	0.3746E+25
63.84	0.3730E+25
66.27	0.3715E+25
68.79	0.3702E+25
71.41	0.3688E+25
74.13	0.3677E+25
76.96	0.3667E+25
79.89	0.3659E+25
82.93	0.3651E+25
86.09	0.3644E+25
89.37	0.3638E+25
92.77	0.3633E+25
96.31	0.3629E+25
99.97	0.3625E+25
103.8	0.3622E+25
107.7	0.3620E+25
111.8	0.3619E+25
116.1	0.3618E+25
120.5	0.3618E+25
125.1	0.3619E+25
129.9	0.3620E+25
134.8	0.3622E+25
140.0	0.3624E+25
145.3	0.3627E+25
150.8	0.3631E+25
156.6	0.3635E+25
162.5	0.3639E+25
168.7	0.3645E+25
175.1	0.3651E+25
181.8	0.3657E+25
188.7	0.3665E+25
195.9	0.3672E+25
203.4	0.3681E+25
211.1	0.3690E+25
219.2	0.3700E+25
227.5	0.3710E+25
236.2	0.3720E+25
245.2	0.3732E+25
254.5	0.3744E+25
264.2	0.3756E+25
274.3	0.3769E+25
284.7	0.3783E+25
295.6	0.3799E+25
306.8	0.3814E+25
318.5	0.3830E+25
330.6	0.3847E+25
343.2	0.3864E+25
356.3	0.3883E+25
369.9	0.3903E+25
384.0	0.3924E+25
398.6	0.3946E+25
413.8	0.3969E+25
429.5	0.3994E+25
445.9	0.4020E+25
462.9	0.4047E+25
480.5	0.4077E+25
498.8	0.4108E+25
517.8	0.4141E+25
537.5	0.4176E+25
558.0	0.4213E+25
579.2	0.4252E+25
601.3	0.4294E+25
624.2	0.4339E+25
648.0	0.4386E+25
672.6	0.4435E+25
698.3	0.4489E+25
724.9	0.4545E+25
752.5	0.4605E+25
781.1	0.4667E+25
810.9	0.4734E+25
841.8	0.4804E+25
873.8	0.4879E+25
907.1	0.4958E+25
941.6	0.5041E+25
977.5	0.5129E+25
1015.	0.5222E+25
1053.	0.5320E+25
1094.	0.5424E+25
1135.	0.5533E+25
1178.	0.5649E+25
1223.	0.5770E+25
1270.	0.5899E+25
1318.	0.6034E+25
1368.	0.6176E+25
1421.	0.6325E+25
1475.	0.6482E+25
1531.	0.6647E+25
1589.	0.6823E+25
1650.	0.7005E+25
1712.	0.7197E+25
1778.	0.7398E+25
1845.	0.7610E+25
1916.	0.7833E+25
1989.	0.8066E+25
2064.	0.8310E+25
2143.	0.8568E+25
2225.	0.8837E+25
2309.	0.9120E+25
2397.	0.9419E+25
2489.	0.9730E+25
2583.	0.1006E+26
2682.	0.1040E+26
2784.	0.1076E+26
2890.	0.1115E+26
3000.	0.1155E+26
 
 
E/N (Td)	Energy mobility *N (1/m/V/s)
0.1000E-02	0.6400E+26
0.1038E-02	0.6402E+26
0.1078E-02	0.6402E+26
0.1119E-02	0.6403E+26
0.1161E-02	0.6403E+26
0.1205E-02	0.6403E+26
0.1251E-02	0.6404E+26
0.1299E-02	0.6404E+26
0.1349E-02	0.6405E+26
0.1400E-02	0.6405E+26
0.1453E-02	0.6406E+26
0.1509E-02	0.6407E+26
0.1566E-02	0.6407E+26
0.1626E-02	0.6408E+26
0.1688E-02	0.6409E+26
0.1752E-02	0.6410E+26
0.1819E-02	0.6411E+26
0.1888E-02	0.6412E+26
0.1960E-02	0.6413E+26
0.2034E-02	0.6414E+26
0.2112E-02	0.6415E+26
0.2192E-02	0.6416E+26
0.2276E-02	0.6418E+26
0.2362E-02	0.6419E+26
0.2452E-02	0.6421E+26
0.2546E-02	0.6423E+26
0.2643E-02	0.6425E+26
0.2743E-02	0.6427E+26
0.2848E-02	0.6429E+26
0.2956E-02	0.6431E+26
0.3069E-02	0.6434E+26
0.3186E-02	0.6436E+26
0.3307E-02	0.6439E+26
0.3433E-02	0.6442E+26
0.3564E-02	0.6446E+26
0.3700E-02	0.6449E+26
0.3841E-02	0.6453E+26
0.3987E-02	0.6457E+26
0.4139E-02	0.6461E+26
0.4296E-02	0.6466E+26
0.4460E-02	0.6471E+26
0.4630E-02	0.6476E+26
0.4806E-02	0.6482E+26
0.4989E-02	0.6488E+26
0.5179E-02	0.6494E+26
0.5377E-02	0.6501E+26
0.5581E-02	0.6508E+26
0.5794E-02	0.6516E+26
0.6015E-02	0.6524E+26
0.6244E-02	0.6532E+26
0.6481E-02	0.6541E+26
0.6728E-02	0.6551E+26
0.6985E-02	0.6561E+26
0.7251E-02	0.6571E+26
0.7527E-02	0.6582E+26
0.7813E-02	0.6594E+26
0.8111E-02	0.6606E+26
0.8420E-02	0.6618E+26
0.8741E-02	0.6631E+26
0.9073E-02	0.6645E+26
0.9419E-02	0.6659E+26
0.9778E-02	0.6674E+26
0.1015E-01	0.6689E+26
0.1054E-01	0.6704E+26
0.1094E-01	0.6720E+26
0.1135E-01	0.6736E+26
0.1179E-01	0.6752E+26
0.1224E-01	0.6769E+26
0.1270E-01	0.6786E+26
0.1319E-01	0.6803E+26
0.1369E-01	0.6820E+26
0.1421E-01	0.6838E+26
0.1475E-01	0.6855E+26
0.1531E-01	0.6872E+26
0.1590E-01	0.6889E+26
0.1650E-01	0.6906E+26
0.1713E-01	0.6923E+26
0.1778E-01	0.6939E+26
0.1846E-01	0.6955E+26
0.1916E-01	0.6971E+26
0.1989E-01	0.6986E+26
0.2065E-01	0.7001E+26
0.2144E-01	0.7015E+26
0.2225E-01	0.7029E+26
0.2310E-01	0.7042E+26
0.2398E-01	0.7055E+26
0.2489E-01	0.7068E+26
0.2584E-01	0.7079E+26
0.2682E-01	0.7091E+26
0.2785E-01	0.7101E+26
0.2891E-01	0.7111E+26
0.3001E-01	0.7121E+26
0.3115E-01	0.7130E+26
0.3234E-01	0.7139E+26
0.3357E-01	0.7147E+26
0.3485E-01	0.7155E+26
0.3617E-01	0.7163E+26
0.3755E-01	0.7170E+26
0.3898E-01	0.7177E+26
0.4047E-01	0.7183E+26
0.4201E-01	0.7190E+26
0.4361E-01	0.7196E+26
0.4527E-01	0.7201E+26
0.4699E-01	0.7207E+26
0.4878E-01	0.7212E+26
0.5064E-01	0.7218E+26
0.5257E-01	0.7223E+26
0.5457E-01	0.7228E+26
0.5665E-01	0.7233E+26
0.5881E-01	0.7238E+26
0.6105E-01	0.7243E+26
0.6337E-01	0.7248E+26
0.6579E-01	0.7253E+26
0.6829E-01	0.7259E+26
0.7089E-01	0.7264E+26
0.7359E-01	0.7269E+26
0.7640E-01	0.7275E+26
0.7931E-01	0.7280E+26
0.8233E-01	0.7286E+26
0.8546E-01	0.7292E+26
0.8872E-01	0.7298E+26
0.9210E-01	0.7304E+26
0.9560E-01	0.7311E+26
0.9924E-01	0.7317E+26
0.1030	0.7324E+26
0.1069	0.7332E+26
0.1110	0.7339E+26
0.1152	0.7347E+26
0.1196	0.7355E+26
0.1242	0.7364E+26
0.1289	0.7372E+26
0.1338	0.7381E+26
0.1389	0.7391E+26
0.1442	0.7401E+26
0.1497	0.7411E+26
0.1554	0.7422E+26
0.1613	0.7433E+26
0.1675	0.7445E+26
0.1739	0.7458E+26
0.1805	0.7470E+26
0.1874	0.7484E+26
0.1945	0.7498E+26
0.2019	0.7512E+26
0.2096	0.7528E+26
0.2176	0.7544E+26
0.2259	0.7560E+26
0.2345	0.7578E+26
0.2434	0.7596E+26
0.2527	0.7615E+26
0.2623	0.7635E+26
0.2723	0.7656E+26
0.2826	0.7677E+26
0.2934	0.7700E+26
0.3046	0.7723E+26
0.3162	0.7748E+26
0.3282	0.7773E+26
0.3407	0.7799E+26
0.3537	0.7826E+26
0.3672	0.7854E+26
0.3812	0.7882E+26
0.3957	0.7911E+26
0.4107	0.7941E+26
0.4264	0.7970E+26
0.4426	0.8000E+26
0.4595	0.8030E+26
0.4770	0.8059E+26
0.4952	0.8094E+26
0.5140	0.8122E+26
0.5336	0.8147E+26
0.5539	0.8171E+26
0.5750	0.8193E+26
0.5969	0.8212E+26
0.6196	0.8228E+26
0.6432	0.8240E+26
0.6677	0.8254E+26
0.6932	0.8257E+26
0.7196	0.8255E+26
0.7470	0.8248E+26
0.7754	0.8235E+26
0.8050	0.8216E+26
0.8356	0.8190E+26
0.8674	0.8157E+26
0.9005	0.8117E+26
0.9348	0.8071E+26
0.9704	0.8017E+26
1.007	0.7955E+26
1.046	0.7886E+26
1.086	0.7810E+26
1.127	0.7726E+26
1.170	0.7632E+26
1.214	0.7534E+26
1.261	0.7430E+26
1.309	0.7319E+26
1.358	0.7201E+26
1.410	0.7078E+26
1.464	0.6949E+26
1.520	0.6814E+26
1.578	0.6675E+26
1.638	0.6531E+26
1.700	0.6383E+26
1.765	0.6232E+26
1.832	0.6077E+26
1.902	0.5920E+26
1.974	0.5760E+26
2.049	0.5601E+26
2.127	0.5438E+26
2.208	0.5274E+26
2.293	0.5110E+26
2.380	0.4946E+26
2.470	0.4782E+26
2.565	0.4619E+26
2.662	0.4456E+26
2.764	0.4296E+26
2.869	0.4138E+26
2.978	0.3982E+26
3.092	0.3828E+26
3.209	0.3677E+26
3.332	0.3530E+26
3.458	0.3385E+26
3.590	0.3244E+26
3.727	0.3107E+26
3.869	0.2973E+26
4.016	0.2843E+26
4.169	0.2717E+26
4.328	0.2594E+26
4.493	0.2477E+26
4.664	0.2362E+26
4.841	0.2252E+26
5.026	0.2146E+26
5.217	0.2044E+26
5.416	0.1946E+26
5.622	0.1851E+26
5.836	0.1761E+26
6.059	0.1674E+26
6.289	0.1591E+26
6.529	0.1511E+26
6.778	0.1435E+26
7.036	0.1362E+26
7.304	0.1293E+26
7.582	0.1226E+26
7.871	0.1163E+26
8.170	0.1103E+26
8.482	0.1046E+26
8.805	0.9912E+25
9.140	0.9394E+25
9.488	0.8901E+25
9.849	0.8432E+25
10.22	0.7988E+25
10.61	0.7566E+25
11.02	0.7166E+25
11.44	0.6787E+25
11.87	0.6428E+25
12.33	0.6088E+25
12.80	0.5766E+25
13.28	0.5462E+25
13.79	0.5175E+25
14.31	0.4903E+25
14.86	0.4647E+25
15.42	0.4406E+25
16.01	0.4178E+25
16.62	0.3963E+25
17.25	0.3761E+25
17.91	0.3570E+25
18.59	0.3391E+25
19.30	0.3223E+25
20.04	0.3065E+25
20.80	0.2917E+25
21.59	0.2778E+25
22.42	0.2648E+25
23.27	0.2526E+25
24.16	0.2412E+25
25.08	0.2306E+25
26.03	0.2207E+25
27.02	0.2114E+25
28.05	0.2029E+25
29.12	0.1949E+25
30.23	0.1875E+25
31.38	0.1807E+25
32.57	0.1745E+25
33.82	0.1687E+25
35.10	0.1635E+25
36.44	0.1587E+25
37.83	0.1543E+25
39.27	0.1504E+25
40.76	0.1468E+25
42.32	0.1435E+25
43.93	0.1406E+25
45.60	0.1380E+25
47.34	0.1356E+25
49.14	0.1334E+25
51.01	0.1314E+25
52.96	0.1297E+25
54.97	0.1280E+25
57.07	0.1266E+25
59.24	0.1252E+25
61.50	0.1240E+25
63.84	0.1228E+25
66.27	0.1218E+25
68.79	0.1208E+25
71.41	0.1199E+25
74.13	0.1190E+25
76.96	0.1182E+25
79.89	0.1175E+25
82.93	0.1168E+25
86.09	0.1161E+25
89.37	0.1155E+25
92.77	0.1149E+25
96.31	0.1143E+25
99.97	0.1138E+25
103.8	0.1133E+25
107.7	0.1128E+25
111.8	0.1123E+25
116.1	0.1118E+25
120.5	0.1114E+25
125.1	0.1110E+25
129.9	0.1106E+25
134.8	0.1102E+25
140.0	0.1098E+25
145.3	0.1094E+25
150.8	0.1091E+25
156.6	0.1087E+25
162.5	0.1084E+25
168.7	0.1080E+25
175.1	0.1077E+25
181.8	0.1074E+25
188.7	0.1070E+25
195.9	0.1067E+25
203.4	0.1064E+25
211.1	0.1061E+25
219.2	0.1057E+25
227.5	0.1054E+25
236.2	0.1051E+25
245.2	0.1048E+25
254.5	0.1045E+25
264.2	0.1041E+25
274.3	0.1038E+25
284.7	0.1035E+25
295.6	0.1031E+25
306.8	0.1028E+25
318.5	0.1024E+25
330.6	0.1021E+25
343.2	0.1017E+25
356.3	0.1014E+25
369.9	0.1010E+25
384.0	0.1006E+25
398.6	0.1003E+25
413.8	0.9986E+24
429.5	0.9947E+24
445.9	0.9908E+24
462.9	0.9868E+24
480.5	0.9827E+24
498.8	0.9786E+24
517.8	0.9744E+24
537.5	0.9702E+24
558.0	0.9660E+24
579.2	0.9617E+24
601.3	0.9573E+24
624.2	0.9529E+24
648.0	0.9484E+24
672.6	0.9439E+24
698.3	0.9398E+24
724.9	0.9352E+24
752.5	0.9305E+24
781.1	0.9259E+24
810.9	0.9212E+24
841.8	0.9165E+24
873.8	0.9118E+24
907.1	0.9070E+24
941.6	0.9022E+24
977.5	0.8974E+24
1015.	0.8925E+24
1053.	0.8876E+24
1094.	0.8827E+24
1135.	0.8778E+24
1178.	0.8728E+24
1223.	0.8678E+24
1270.	0.8629E+24
1318.	0.8578E+24
1368.	0.8527E+24
1421.	0.8477E+24
1475.	0.8425E+24
1531.	0.8374E+24
1589.	0.8323E+24
1650.	0.8270E+24
1712.	0.8218E+24
1778.	0.8166E+24
1845.	0.8113E+24
1916.	0.8061E+24
1989.	0.8008E+24
2064.	0.7955E+24
2143.	0.7903E+24
2225.	0.7850E+24
2309.	0.7797E+24
2397.	0.7745E+24
2489.	0.7693E+24
2583.	0.7641E+24
2682.	0.7590E+24
2784.	0.7539E+24
2890.	0.7489E+24
3000.	0.7439E+24
 
 
E/N (Td)	Energy diffusion coef. D*N (1/m/s)
0.1000E-02	0.1656E+25
0.1038E-02	0.1656E+25
0.1078E-02	0.1656E+25
0.1119E-02	0.1656E+25
0.1161E-02	0.1656E+25
0.1205E-02	0.1657E+25
0.1251E-02	0.1657E+25
0.1299E-02	0.1657E+25
0.1349E-02	0.1657E+25
0.1400E-02	0.1658E+25
0.1453E-02	0.1658E+25
0.1509E-02	0.1658E+25
0.1566E-02	0.1658E+25
0.1626E-02	0.1659E+25
0.1688E-02	0.1659E+25
0.1752E-02	0.1659E+25
0.1819E-02	0.1660E+25
0.1888E-02	0.1660E+25
0.1960E-02	0.1661E+25
0.2034E-02	0.1661E+25
0.2112E-02	0.1662E+25
0.2192E-02	0.1662E+25
0.2276E-02	0.1663E+25
0.2362E-02	0.1664E+25
0.2452E-02	0.1665E+25
0.2546E-02	0.1665E+25
0.2643E-02	0.1666E+25
0.2743E-02	0.1667E+25
0.2848E-02	0.1668E+25
0.2956E-02	0.1669E+25
0.3069E-02	0.1670E+25
0.3186E-02	0.1672E+25
0.3307E-02	0.1673E+25
0.3433E-02	0.1674E+25
0.3564E-02	0.1676E+25
0.3700E-02	0.1677E+25
0.3841E-02	0.1679E+25
0.3987E-02	0.1681E+25
0.4139E-02	0.1683E+25
0.4296E-02	0.1685E+25
0.4460E-02	0.1687E+25
0.4630E-02	0.1690E+25
0.4806E-02	0.1692E+25
0.4989E-02	0.1695E+25
0.5179E-02	0.1698E+25
0.5377E-02	0.1701E+25
0.5581E-02	0.1704E+25
0.5794E-02	0.1708E+25
0.6015E-02	0.1712E+25
0.6244E-02	0.1716E+25
0.6481E-02	0.1720E+25
0.6728E-02	0.1724E+25
0.6985E-02	0.1729E+25
0.7251E-02	0.1734E+25
0.7527E-02	0.1739E+25
0.7813E-02	0.1745E+25
0.8111E-02	0.1750E+25
0.8420E-02	0.1756E+25
0.8741E-02	0.1763E+25
0.9073E-02	0.1769E+25
0.9419E-02	0.1776E+25
0.9778E-02	0.1783E+25
0.1015E-01	0.1790E+25
0.1054E-01	0.1798E+25
0.1094E-01	0.1806E+25
0.1135E-01	0.1814E+25
0.1179E-01	0.1822E+25
0.1224E-01	0.1830E+25
0.1270E-01	0.1839E+25
0.1319E-01	0.1847E+25
0.1369E-01	0.1856E+25
0.1421E-01	0.1865E+25
0.1475E-01	0.1874E+25
0.1531E-01	0.1883E+25
0.1590E-01	0.1892E+25
0.1650E-01	0.1902E+25
0.1713E-01	0.1911E+25
0.1778E-01	0.1920E+25
0.1846E-01	0.1929E+25
0.1916E-01	0.1938E+25
0.1989E-01	0.1946E+25
0.2065E-01	0.1955E+25
0.2144E-01	0.1963E+25
0.2225E-01	0.1972E+25
0.2310E-01	0.1980E+25
0.2398E-01	0.1988E+25
0.2489E-01	0.1996E+25
0.2584E-01	0.2003E+25
0.2682E-01	0.2011E+25
0.2785E-01	0.2018E+25
0.2891E-01	0.2025E+25
0.3001E-01	0.2032E+25
0.3115E-01	0.2039E+25
0.3234E-01	0.2045E+25
0.3357E-01	0.2051E+25
0.3485E-01	0.2058E+25
0.3617E-01	0.2064E+25
0.3755E-01	0.2070E+25
0.3898E-01	0.2075E+25
0.4047E-01	0.2081E+25
0.4201E-01	0.2087E+25
0.4361E-01	0.2092E+25
0.4527E-01	0.2098E+25
0.4699E-01	0.2103E+25
0.4878E-01	0.2109E+25
0.5064E-01	0.2114E+25
0.5257E-01	0.2120E+25
0.5457E-01	0.2126E+25
0.5665E-01	0.2131E+25
0.5881E-01	0.2137E+25
0.6105E-01	0.2143E+25
0.6337E-01	0.2148E+25
0.6579E-01	0.2155E+25
0.6829E-01	0.2161E+25
0.7089E-01	0.2167E+25
0.7359E-01	0.2174E+25
0.7640E-01	0.2180E+25
0.7931E-01	0.2187E+25
0.8233E-01	0.2195E+25
0.8546E-01	0.2202E+25
0.8872E-01	0.2210E+25
0.9210E-01	0.2218E+25
0.9560E-01	0.2227E+25
0.9924E-01	0.2235E+25
0.1030	0.2245E+25
0.1069	0.2254E+25
0.1110	0.2264E+25
0.1152	0.2275E+25
0.1196	0.2286E+25
0.1242	0.2298E+25
0.1289	0.2310E+25
0.1338	0.2323E+25
0.1389	0.2336E+25
0.1442	0.2350E+25
0.1497	0.2365E+25
0.1554	0.2381E+25
0.1613	0.2397E+25
0.1675	0.2415E+25
0.1739	0.2433E+25
0.1805	0.2452E+25
0.1874	0.2473E+25
0.1945	0.2494E+25
0.2019	0.2517E+25
0.2096	0.2541E+25
0.2176	0.2566E+25
0.2259	0.2593E+25
0.2345	0.2622E+25
0.2434	0.2652E+25
0.2527	0.2684E+25
0.2623	0.2719E+25
0.2723	0.2756E+25
0.2826	0.2795E+25
0.2934	0.2837E+25
0.3046	0.2881E+25
0.3162	0.2929E+25
0.3282	0.2980E+25
0.3407	0.3036E+25
0.3537	0.3095E+25
0.3672	0.3158E+25
0.3812	0.3226E+25
0.3957	0.3298E+25
0.4107	0.3376E+25
0.4264	0.3459E+25
0.4426	0.3548E+25
0.4595	0.3643E+25
0.4770	0.3744E+25
0.4952	0.3855E+25
0.5140	0.3969E+25
0.5336	0.4090E+25
0.5539	0.4218E+25
0.5750	0.4352E+25
0.5969	0.4492E+25
0.6196	0.4639E+25
0.6432	0.4792E+25
0.6677	0.4955E+25
0.6932	0.5119E+25
0.7196	0.5287E+25
0.7470	0.5460E+25
0.7754	0.5637E+25
0.8050	0.5816E+25
0.8356	0.5997E+25
0.8674	0.6180E+25
0.9005	0.6364E+25
0.9348	0.6548E+25
0.9704	0.6731E+25
1.007	0.6913E+25
1.046	0.7092E+25
1.086	0.7269E+25
1.127	0.7441E+25
1.170	0.7603E+25
1.214	0.7767E+25
1.261	0.7926E+25
1.309	0.8079E+25
1.358	0.8225E+25
1.410	0.8365E+25
1.464	0.8497E+25
1.520	0.8622E+25
1.578	0.8736E+25
1.638	0.8844E+25
1.700	0.8944E+25
1.765	0.9036E+25
1.832	0.9119E+25
1.902	0.9194E+25
1.974	0.9259E+25
2.049	0.9324E+25
2.127	0.9372E+25
2.208	0.9411E+25
2.293	0.9440E+25
2.380	0.9462E+25
2.470	0.9474E+25
2.565	0.9479E+25
2.662	0.9466E+25
2.764	0.9455E+25
2.869	0.9435E+25
2.978	0.9408E+25
3.092	0.9374E+25
3.209	0.9332E+25
3.332	0.9284E+25
3.458	0.9228E+25
3.590	0.9168E+25
3.727	0.9101E+25
3.869	0.9029E+25
4.016	0.8952E+25
4.169	0.8870E+25
4.328	0.8784E+25
4.493	0.8701E+25
4.664	0.8606E+25
4.841	0.8508E+25
5.026	0.8406E+25
5.217	0.8302E+25
5.416	0.8194E+25
5.622	0.8085E+25
5.836	0.7971E+25
6.059	0.7857E+25
6.289	0.7742E+25
6.529	0.7625E+25
6.778	0.7506E+25
7.036	0.7387E+25
7.304	0.7265E+25
7.582	0.7145E+25
7.871	0.7023E+25
8.170	0.6902E+25
8.482	0.6780E+25
8.805	0.6659E+25
9.140	0.6536E+25
9.488	0.6415E+25
9.849	0.6294E+25
10.22	0.6174E+25
10.61	0.6055E+25
11.02	0.5936E+25
11.44	0.5819E+25
11.87	0.5700E+25
12.33	0.5584E+25
12.80	0.5470E+25
13.28	0.5358E+25
13.79	0.5247E+25
14.31	0.5138E+25
14.86	0.5030E+25
15.42	0.4924E+25
16.01	0.4819E+25
16.62	0.4717E+25
17.25	0.4617E+25
17.91	0.4519E+25
18.59	0.4424E+25
19.30	0.4331E+25
20.04	0.4240E+25
20.80	0.4153E+25
21.59	0.4069E+25
22.42	0.3987E+25
23.27	0.3909E+25
24.16	0.3834E+25
25.08	0.3762E+25
26.03	0.3695E+25
27.02	0.3631E+25
28.05	0.3571E+25
29.12	0.3515E+25
30.23	0.3464E+25
31.38	0.3416E+25
32.57	0.3373E+25
33.82	0.3335E+25
35.10	0.3300E+25
36.44	0.3270E+25
37.83	0.3244E+25
39.27	0.3221E+25
40.76	0.3202E+25
42.32	0.3187E+25
43.93	0.3174E+25
45.60	0.3164E+25
47.34	0.3157E+25
49.14	0.3152E+25
51.01	0.3149E+25
52.96	0.3148E+25
54.97	0.3149E+25
57.07	0.3151E+25
59.24	0.3154E+25
61.50	0.3158E+25
63.84	0.3164E+25
66.27	0.3170E+25
68.79	0.3178E+25
71.41	0.3186E+25
74.13	0.3195E+25
76.96	0.3205E+25
79.89	0.3215E+25
82.93	0.3226E+25
86.09	0.3238E+25
89.37	0.3251E+25
92.77	0.3264E+25
96.31	0.3278E+25
99.97	0.3293E+25
103.8	0.3308E+25
107.7	0.3324E+25
111.8	0.3341E+25
116.1	0.3358E+25
120.5	0.3376E+25
125.1	0.3395E+25
129.9	0.3414E+25
134.8	0.3435E+25
140.0	0.3456E+25
145.3	0.3478E+25
150.8	0.3501E+25
156.6	0.3524E+25
162.5	0.3549E+25
168.7	0.3574E+25
175.1	0.3601E+25
181.8	0.3628E+25
188.7	0.3657E+25
195.9	0.3686E+25
203.4	0.3717E+25
211.1	0.3749E+25
219.2	0.3782E+25
227.5	0.3816E+25
236.2	0.3851E+25
245.2	0.3888E+25
254.5	0.3926E+25
264.2	0.3965E+25
274.3	0.4006E+25
284.7	0.4049E+25
295.6	0.4093E+25
306.8	0.4138E+25
318.5	0.4186E+25
330.6	0.4235E+25
343.2	0.4287E+25
356.3	0.4340E+25
369.9	0.4396E+25
384.0	0.4453E+25
398.6	0.4514E+25
413.8	0.4576E+25
429.5	0.4642E+25
445.9	0.4711E+25
462.9	0.4782E+25
480.5	0.4857E+25
498.8	0.4936E+25
517.8	0.5018E+25
537.5	0.5104E+25
558.0	0.5194E+25
579.2	0.5289E+25
601.3	0.5389E+25
624.2	0.5493E+25
648.0	0.5603E+25
672.6	0.5719E+25
698.3	0.5844E+25
724.9	0.5973E+25
752.5	0.6108E+25
781.1	0.6250E+25
810.9	0.6401E+25
841.8	0.6559E+25
873.8	0.6726E+25
907.1	0.6902E+25
941.6	0.7088E+25
977.5	0.7284E+25
1015.	0.7491E+25
1053.	0.7709E+25
1094.	0.7938E+25
1135.	0.8181E+25
1178.	0.8436E+25
1223.	0.8705E+25
1270.	0.8990E+25
1318.	0.9288E+25
1368.	0.9601E+25
1421.	0.9933E+25
1475.	0.1028E+26
1531.	0.1065E+26
1589.	0.1103E+26
1650.	0.1144E+26
1712.	0.1186E+26
1778.	0.1231E+26
1845.	0.1278E+26
1916.	0.1327E+26
1989.	0.1379E+26
2064.	0.1433E+26
2143.	0.1491E+26
2225.	0.1551E+26
2309.	0.1615E+26
2397.	0.1682E+26
2489.	0.1753E+26
2583.	0.1827E+26
2682.	0.1906E+26
2784.	0.1989E+26
2890.	0.2077E+26
3000.	0.2169E+26
 
 
E/N (Td)	Total collision freq. /N (m3/s)
0.1000E-02	0.8263E-14
0.1038E-02	0.8263E-14
0.1078E-02	0.8263E-14
0.1119E-02	0.8263E-14
0.1161E-02	0.8263E-14
0.1205E-02	0.8262E-14
0.1251E-02	0.8262E-14
0.1299E-02	0.8262E-14
0.1349E-02	0.8262E-14
0.1400E-02	0.8261E-14
0.1453E-02	0.8261E-14
0.1509E-02	0.8261E-14
0.1566E-02	0.8261E-14
0.1626E-02	0.8260E-14
0.1688E-02	0.8260E-14
0.1752E-02	0.8259E-14
0.1819E-02	0.8259E-14
0.1888E-02	0.8258E-14
0.1960E-02	0.8258E-14
0.2034E-02	0.8257E-14
0.2112E-02	0.8257E-14
0.2192E-02	0.8256E-14
0.2276E-02	0.8255E-14
0.2362E-02	0.8255E-14
0.2452E-02	0.8254E-14
0.2546E-02	0.8253E-14
0.2643E-02	0.8252E-14
0.2743E-02	0.8251E-14
0.2848E-02	0.8250E-14
0.2956E-02	0.8249E-14
0.3069E-02	0.8247E-14
0.3186E-02	0.8246E-14
0.3307E-02	0.8245E-14
0.3433E-02	0.8243E-14
0.3564E-02	0.8242E-14
0.3700E-02	0.8240E-14
0.3841E-02	0.8238E-14
0.3987E-02	0.8236E-14
0.4139E-02	0.8234E-14
0.4296E-02	0.8231E-14
0.4460E-02	0.8229E-14
0.4630E-02	0.8226E-14
0.4806E-02	0.8224E-14
0.4989E-02	0.8221E-14
0.5179E-02	0.8217E-14
0.5377E-02	0.8214E-14
0.5581E-02	0.8210E-14
0.5794E-02	0.8207E-14
0.6015E-02	0.8203E-14
0.6244E-02	0.8198E-14
0.6481E-02	0.8194E-14
0.6728E-02	0.8189E-14
0.6985E-02	0.8184E-14
0.7251E-02	0.8179E-14
0.7527E-02	0.8173E-14
0.7813E-02	0.8168E-14
0.8111E-02	0.8162E-14
0.8420E-02	0.8155E-14
0.8741E-02	0.8149E-14
0.9073E-02	0.8142E-14
0.9419E-02	0.8135E-14
0.9778E-02	0.8128E-14
0.1015E-01	0.8120E-14
0.1054E-01	0.8112E-14
0.1094E-01	0.8104E-14
0.1135E-01	0.8096E-14
0.1179E-01	0.8088E-14
0.1224E-01	0.8080E-14
0.1270E-01	0.8071E-14
0.1319E-01	0.8063E-14
0.1369E-01	0.8054E-14
0.1421E-01	0.8046E-14
0.1475E-01	0.8038E-14
0.1531E-01	0.8029E-14
0.1590E-01	0.8021E-14
0.1650E-01	0.8013E-14
0.1713E-01	0.8005E-14
0.1778E-01	0.7998E-14
0.1846E-01	0.7990E-14
0.1916E-01	0.7983E-14
0.1989E-01	0.7977E-14
0.2065E-01	0.7970E-14
0.2144E-01	0.7964E-14
0.2225E-01	0.7958E-14
0.2310E-01	0.7953E-14
0.2398E-01	0.7948E-14
0.2489E-01	0.7943E-14
0.2584E-01	0.7939E-14
0.2682E-01	0.7935E-14
0.2785E-01	0.7932E-14
0.2891E-01	0.7929E-14
0.3001E-01	0.7926E-14
0.3115E-01	0.7923E-14
0.3234E-01	0.7921E-14
0.3357E-01	0.7918E-14
0.3485E-01	0.7916E-14
0.3617E-01	0.7914E-14
0.3755E-01	0.7913E-14
0.3898E-01	0.7911E-14
0.4047E-01	0.7909E-14
0.4201E-01	0.7908E-14
0.4361E-01	0.7906E-14
0.4527E-01	0.7905E-14
0.4699E-01	0.7903E-14
0.4878E-01	0.7901E-14
0.5064E-01	0.7899E-14
0.5257E-01	0.7897E-14
0.5457E-01	0.7895E-14
0.5665E-01	0.7892E-14
0.5881E-01	0.7889E-14
0.6105E-01	0.7886E-14
0.6337E-01	0.7883E-14
0.6579E-01	0.7879E-14
0.6829E-01	0.7875E-14
0.7089E-01	0.7870E-14
0.7359E-01	0.7865E-14
0.7640E-01	0.7860E-14
0.7931E-01	0.7854E-14
0.8233E-01	0.7848E-14
0.8546E-01	0.7842E-14
0.8872E-01	0.7835E-14
0.9210E-01	0.7827E-14
0.9560E-01	0.7819E-14
0.9924E-01	0.7810E-14
0.1030	0.7801E-14
0.1069	0.7791E-14
0.1110	0.7781E-14
0.1152	0.7770E-14
0.1196	0.7758E-14
0.1242	0.7746E-14
0.1289	0.7734E-14
0.1338	0.7720E-14
0.1389	0.7706E-14
0.1442	0.7691E-14
0.1497	0.7676E-14
0.1554	0.7660E-14
0.1613	0.7643E-14
0.1675	0.7625E-14
0.1739	0.7607E-14
0.1805	0.7588E-14
0.1874	0.7568E-14
0.1945	0.7548E-14
0.2019	0.7527E-14
0.2096	0.7505E-14
0.2176	0.7482E-14
0.2259	0.7458E-14
0.2345	0.7433E-14
0.2434	0.7408E-14
0.2527	0.7382E-14
0.2623	0.7355E-14
0.2723	0.7326E-14
0.2826	0.7297E-14
0.2934	0.7268E-14
0.3046	0.7237E-14
0.3162	0.7205E-14
0.3282	0.7172E-14
0.3407	0.7137E-14
0.3537	0.7102E-14
0.3672	0.7066E-14
0.3812	0.7028E-14
0.3957	0.6990E-14
0.4107	0.6950E-14
0.4264	0.6909E-14
0.4426	0.6867E-14
0.4595	0.6824E-14
0.4770	0.6779E-14
0.4952	0.6733E-14
0.5140	0.6686E-14
0.5336	0.6637E-14
0.5539	0.6587E-14
0.5750	0.6536E-14
0.5969	0.6483E-14
0.6196	0.6429E-14
0.6432	0.6374E-14
0.6677	0.6318E-14
0.6932	0.6260E-14
0.7196	0.6202E-14
0.7470	0.6142E-14
0.7754	0.6081E-14
0.8050	0.6020E-14
0.8356	0.5958E-14
0.8674	0.5895E-14
0.9005	0.5831E-14
0.9348	0.5769E-14
0.9704	0.5706E-14
1.007	0.5644E-14
1.046	0.5582E-14
1.086	0.5521E-14
1.127	0.5461E-14
1.170	0.5400E-14
1.214	0.5343E-14
1.261	0.5288E-14
1.309	0.5236E-14
1.358	0.5186E-14
1.410	0.5139E-14
1.464	0.5095E-14
1.520	0.5056E-14
1.578	0.5020E-14
1.638	0.4989E-14
1.700	0.4962E-14
1.765	0.4941E-14
1.832	0.4926E-14
1.902	0.4917E-14
1.974	0.4914E-14
2.049	0.4919E-14
2.127	0.4931E-14
2.208	0.4951E-14
2.293	0.4980E-14
2.380	0.5017E-14
2.470	0.5065E-14
2.565	0.5122E-14
2.662	0.5190E-14
2.764	0.5268E-14
2.869	0.5359E-14
2.978	0.5461E-14
3.092	0.5576E-14
3.209	0.5704E-14
3.332	0.5847E-14
3.458	0.6003E-14
3.590	0.6175E-14
3.727	0.6363E-14
3.869	0.6568E-14
4.016	0.6790E-14
4.169	0.7031E-14
4.328	0.7290E-14
4.493	0.7571E-14
4.664	0.7871E-14
4.841	0.8193E-14
5.026	0.8537E-14
5.217	0.8906E-14
5.416	0.9300E-14
5.622	0.9720E-14
5.836	0.1017E-13
6.059	0.1065E-13
6.289	0.1115E-13
6.529	0.1169E-13
6.778	0.1227E-13
7.036	0.1287E-13
7.304	0.1352E-13
7.582	0.1421E-13
7.871	0.1493E-13
8.170	0.1570E-13
8.482	0.1652E-13
8.805	0.1738E-13
9.140	0.1829E-13
9.488	0.1926E-13
9.849	0.2028E-13
10.22	0.2136E-13
10.61	0.2250E-13
11.02	0.2370E-13
11.44	0.2497E-13
11.87	0.2630E-13
12.33	0.2771E-13
12.80	0.2920E-13
13.28	0.3076E-13
13.79	0.3240E-13
14.31	0.3413E-13
14.86	0.3595E-13
15.42	0.3785E-13
16.01	0.3985E-13
16.62	0.4194E-13
17.25	0.4413E-13
17.91	0.4642E-13
18.59	0.4882E-13
19.30	0.5132E-13
20.04	0.5393E-13
20.80	0.5664E-13
21.59	0.5947E-13
22.42	0.6240E-13
23.27	0.6544E-13
24.16	0.6858E-13
25.08	0.7182E-13
26.03	0.7517E-13
27.02	0.7860E-13
28.05	0.8211E-13
29.12	0.8570E-13
30.23	0.8934E-13
31.38	0.9303E-13
32.57	0.9674E-13
33.82	0.1005E-12
35.10	0.1042E-12
36.44	0.1078E-12
37.83	0.1114E-12
39.27	0.1150E-12
40.76	0.1184E-12
42.32	0.1218E-12
43.93	0.1250E-12
45.60	0.1282E-12
47.34	0.1312E-12
49.14	0.1340E-12
51.01	0.1368E-12
52.96	0.1395E-12
54.97	0.1420E-12
57.07	0.1444E-12
59.24	0.1468E-12
61.50	0.1490E-12
63.84	0.1512E-12
66.27	0.1533E-12
68.79	0.1553E-12
71.41	0.1572E-12
74.13	0.1591E-12
76.96	0.1609E-12
79.89	0.1627E-12
82.93	0.1645E-12
86.09	0.1661E-12
89.37	0.1678E-12
92.77	0.1694E-12
96.31	0.1710E-12
99.97	0.1725E-12
103.8	0.1741E-12
107.7	0.1756E-12
111.8	0.1770E-12
116.1	0.1785E-12
120.5	0.1799E-12
125.1	0.1813E-12
129.9	0.1827E-12
134.8	0.1840E-12
140.0	0.1854E-12
145.3	0.1867E-12
150.8	0.1881E-12
156.6	0.1894E-12
162.5	0.1907E-12
168.7	0.1919E-12
175.1	0.1932E-12
181.8	0.1945E-12
188.7	0.1957E-12
195.9	0.1970E-12
203.4	0.1982E-12
211.1	0.1995E-12
219.2	0.2007E-12
227.5	0.2019E-12
236.2	0.2032E-12
245.2	0.2044E-12
254.5	0.2056E-12
264.2	0.2069E-12
274.3	0.2081E-12
284.7	0.2094E-12
295.6	0.2106E-12
306.8	0.2119E-12
318.5	0.2132E-12
330.6	0.2144E-12
343.2	0.2157E-12
356.3	0.2170E-12
369.9	0.2183E-12
384.0	0.2197E-12
398.6	0.2210E-12
413.8	0.2224E-12
429.5	0.2237E-12
445.9	0.2251E-12
462.9	0.2265E-12
480.5	0.2280E-12
498.8	0.2294E-12
517.8	0.2309E-12
537.5	0.2323E-12
558.0	0.2338E-12
579.2	0.2353E-12
601.3	0.2368E-12
624.2	0.2384E-12
648.0	0.2399E-12
672.6	0.2415E-12
698.3	0.2431E-12
724.9	0.2447E-12
752.5	0.2463E-12
781.1	0.2480E-12
810.9	0.2496E-12
841.8	0.2513E-12
873.8	0.2529E-12
907.1	0.2546E-12
941.6	0.2563E-12
977.5	0.2580E-12
1015.	0.2597E-12
1053.	0.2614E-12
1094.	0.2631E-12
1135.	0.2648E-12
1178.	0.2665E-12
1223.	0.2682E-12
1270.	0.2698E-12
1318.	0.2715E-12
1368.	0.2732E-12
1421.	0.2749E-12
1475.	0.2765E-12
1531.	0.2782E-12
1589.	0.2798E-12
1650.	0.2814E-12
1712.	0.2830E-12
1778.	0.2846E-12
1845.	0.2861E-12
1916.	0.2877E-12
1989.	0.2892E-12
2064.	0.2906E-12
2143.	0.2921E-12
2225.	0.2935E-12
2309.	0.2949E-12
2397.	0.2963E-12
2489.	0.2976E-12
2583.	0.2989E-12
2682.	0.3001E-12
2784.	0.3014E-12
2890.	0.3025E-12
3000.	0.3037E-12
 
 
E/N (Td)	Momentum frequency /N (m3/s)
0.1000E-02	0.5703E-14
0.1038E-02	0.5701E-14
0.1078E-02	0.5701E-14
0.1119E-02	0.5701E-14
0.1161E-02	0.5700E-14
0.1205E-02	0.5700E-14
0.1251E-02	0.5700E-14
0.1299E-02	0.5699E-14
0.1349E-02	0.5699E-14
0.1400E-02	0.5698E-14
0.1453E-02	0.5698E-14
0.1509E-02	0.5697E-14
0.1566E-02	0.5697E-14
0.1626E-02	0.5696E-14
0.1688E-02	0.5696E-14
0.1752E-02	0.5695E-14
0.1819E-02	0.5694E-14
0.1888E-02	0.5693E-14
0.1960E-02	0.5693E-14
0.2034E-02	0.5692E-14
0.2112E-02	0.5691E-14
0.2192E-02	0.5690E-14
0.2276E-02	0.5688E-14
0.2362E-02	0.5687E-14
0.2452E-02	0.5686E-14
0.2546E-02	0.5685E-14
0.2643E-02	0.5683E-14
0.2743E-02	0.5681E-14
0.2848E-02	0.5680E-14
0.2956E-02	0.5678E-14
0.3069E-02	0.5676E-14
0.3186E-02	0.5674E-14
0.3307E-02	0.5671E-14
0.3433E-02	0.5669E-14
0.3564E-02	0.5666E-14
0.3700E-02	0.5664E-14
0.3841E-02	0.5661E-14
0.3987E-02	0.5658E-14
0.4139E-02	0.5654E-14
0.4296E-02	0.5650E-14
0.4460E-02	0.5647E-14
0.4630E-02	0.5643E-14
0.4806E-02	0.5638E-14
0.4989E-02	0.5633E-14
0.5179E-02	0.5629E-14
0.5377E-02	0.5623E-14
0.5581E-02	0.5618E-14
0.5794E-02	0.5612E-14
0.6015E-02	0.5606E-14
0.6244E-02	0.5599E-14
0.6481E-02	0.5592E-14
0.6728E-02	0.5585E-14
0.6985E-02	0.5577E-14
0.7251E-02	0.5569E-14
0.7527E-02	0.5561E-14
0.7813E-02	0.5552E-14
0.8111E-02	0.5543E-14
0.8420E-02	0.5534E-14
0.8741E-02	0.5524E-14
0.9073E-02	0.5514E-14
0.9419E-02	0.5504E-14
0.9778E-02	0.5493E-14
0.1015E-01	0.5482E-14
0.1054E-01	0.5471E-14
0.1094E-01	0.5459E-14
0.1135E-01	0.5448E-14
0.1179E-01	0.5436E-14
0.1224E-01	0.5424E-14
0.1270E-01	0.5412E-14
0.1319E-01	0.5401E-14
0.1369E-01	0.5389E-14
0.1421E-01	0.5377E-14
0.1475E-01	0.5366E-14
0.1531E-01	0.5354E-14
0.1590E-01	0.5343E-14
0.1650E-01	0.5333E-14
0.1713E-01	0.5322E-14
0.1778E-01	0.5312E-14
0.1846E-01	0.5303E-14
0.1916E-01	0.5293E-14
0.1989E-01	0.5285E-14
0.2065E-01	0.5276E-14
0.2144E-01	0.5269E-14
0.2225E-01	0.5261E-14
0.2310E-01	0.5255E-14
0.2398E-01	0.5248E-14
0.2489E-01	0.5243E-14
0.2584E-01	0.5237E-14
0.2682E-01	0.5232E-14
0.2785E-01	0.5228E-14
0.2891E-01	0.5224E-14
0.3001E-01	0.5220E-14
0.3115E-01	0.5217E-14
0.3234E-01	0.5213E-14
0.3357E-01	0.5210E-14
0.3485E-01	0.5208E-14
0.3617E-01	0.5205E-14
0.3755E-01	0.5203E-14
0.3898E-01	0.5200E-14
0.4047E-01	0.5198E-14
0.4201E-01	0.5196E-14
0.4361E-01	0.5193E-14
0.4527E-01	0.5191E-14
0.4699E-01	0.5188E-14
0.4878E-01	0.5185E-14
0.5064E-01	0.5183E-14
0.5257E-01	0.5179E-14
0.5457E-01	0.5176E-14
0.5665E-01	0.5172E-14
0.5881E-01	0.5169E-14
0.6105E-01	0.5164E-14
0.6337E-01	0.5160E-14
0.6579E-01	0.5155E-14
0.6829E-01	0.5150E-14
0.7089E-01	0.5144E-14
0.7359E-01	0.5138E-14
0.7640E-01	0.5132E-14
0.7931E-01	0.5125E-14
0.8233E-01	0.5118E-14
0.8546E-01	0.5110E-14
0.8872E-01	0.5102E-14
0.9210E-01	0.5093E-14
0.9560E-01	0.5084E-14
0.9924E-01	0.5075E-14
0.1030	0.5065E-14
0.1069	0.5055E-14
0.1110	0.5044E-14
0.1152	0.5033E-14
0.1196	0.5021E-14
0.1242	0.5009E-14
0.1289	0.4996E-14
0.1338	0.4983E-14
0.1389	0.4970E-14
0.1442	0.4956E-14
0.1497	0.4941E-14
0.1554	0.4926E-14
0.1613	0.4911E-14
0.1675	0.4895E-14
0.1739	0.4879E-14
0.1805	0.4862E-14
0.1874	0.4844E-14
0.1945	0.4827E-14
0.2019	0.4809E-14
0.2096	0.4790E-14
0.2176	0.4771E-14
0.2259	0.4752E-14
0.2345	0.4732E-14
0.2434	0.4711E-14
0.2527	0.4690E-14
0.2623	0.4669E-14
0.2723	0.4648E-14
0.2826	0.4626E-14
0.2934	0.4603E-14
0.3046	0.4580E-14
0.3162	0.4557E-14
0.3282	0.4533E-14
0.3407	0.4509E-14
0.3537	0.4484E-14
0.3672	0.4460E-14
0.3812	0.4435E-14
0.3957	0.4409E-14
0.4107	0.4384E-14
0.4264	0.4358E-14
0.4426	0.4332E-14
0.4595	0.4306E-14
0.4770	0.4279E-14
0.4952	0.4250E-14
0.5140	0.4224E-14
0.5336	0.4198E-14
0.5539	0.4172E-14
0.5750	0.4146E-14
0.5969	0.4121E-14
0.6196	0.4096E-14
0.6432	0.4071E-14
0.6677	0.4045E-14
0.6932	0.4022E-14
0.7196	0.4000E-14
0.7470	0.3979E-14
0.7754	0.3959E-14
0.8050	0.3941E-14
0.8356	0.3924E-14
0.8674	0.3909E-14
0.9005	0.3895E-14
0.9348	0.3884E-14
0.9704	0.3874E-14
1.007	0.3867E-14
1.046	0.3862E-14
1.086	0.3860E-14
1.127	0.3860E-14
1.170	0.3865E-14
1.214	0.3871E-14
1.261	0.3880E-14
1.309	0.3893E-14
1.358	0.3910E-14
1.410	0.3930E-14
1.464	0.3954E-14
1.520	0.3982E-14
1.578	0.4015E-14
1.638	0.4053E-14
1.700	0.4095E-14
1.765	0.4142E-14
1.832	0.4195E-14
1.902	0.4253E-14
1.974	0.4318E-14
2.049	0.4387E-14
2.127	0.4465E-14
2.208	0.4549E-14
2.293	0.4641E-14
2.380	0.4740E-14
2.470	0.4848E-14
2.565	0.4965E-14
2.662	0.5094E-14
2.764	0.5230E-14
2.869	0.5376E-14
2.978	0.5533E-14
3.092	0.5702E-14
3.209	0.5883E-14
3.332	0.6077E-14
3.458	0.6283E-14
3.590	0.6506E-14
3.727	0.6744E-14
3.869	0.6999E-14
4.016	0.7272E-14
4.169	0.7563E-14
4.328	0.7874E-14
4.493	0.8204E-14
4.664	0.8558E-14
4.841	0.8936E-14
5.026	0.9338E-14
5.217	0.9768E-14
5.416	0.1022E-13
5.622	0.1071E-13
5.836	0.1123E-13
6.059	0.1178E-13
6.289	0.1237E-13
6.529	0.1299E-13
6.778	0.1366E-13
7.036	0.1437E-13
7.304	0.1512E-13
7.582	0.1592E-13
7.871	0.1677E-13
8.170	0.1768E-13
8.482	0.1864E-13
8.805	0.1966E-13
9.140	0.2075E-13
9.488	0.2190E-13
9.849	0.2312E-13
10.22	0.2442E-13
10.61	0.2580E-13
11.02	0.2726E-13
11.44	0.2881E-13
11.87	0.3045E-13
12.33	0.3219E-13
12.80	0.3404E-13
13.28	0.3599E-13
13.79	0.3805E-13
14.31	0.4024E-13
14.86	0.4255E-13
15.42	0.4499E-13
16.01	0.4757E-13
16.62	0.5028E-13
17.25	0.5315E-13
17.91	0.5616E-13
18.59	0.5934E-13
19.30	0.6267E-13
20.04	0.6617E-13
20.80	0.6983E-13
21.59	0.7367E-13
22.42	0.7768E-13
23.27	0.8186E-13
24.16	0.8621E-13
25.08	0.9073E-13
26.03	0.9542E-13
27.02	0.1003E-12
28.05	0.1052E-12
29.12	0.1104E-12
30.23	0.1156E-12
31.38	0.1209E-12
32.57	0.1263E-12
33.82	0.1318E-12
35.10	0.1372E-12
36.44	0.1426E-12
37.83	0.1480E-12
39.27	0.1533E-12
40.76	0.1584E-12
42.32	0.1634E-12
43.93	0.1683E-12
45.60	0.1730E-12
47.34	0.1775E-12
49.14	0.1818E-12
51.01	0.1859E-12
52.96	0.1898E-12
54.97	0.1936E-12
57.07	0.1971E-12
59.24	0.2005E-12
61.50	0.2037E-12
63.84	0.2068E-12
66.27	0.2097E-12
68.79	0.2125E-12
71.41	0.2152E-12
74.13	0.2178E-12
76.96	0.2202E-12
79.89	0.2225E-12
82.93	0.2248E-12
86.09	0.2269E-12
89.37	0.2290E-12
92.77	0.2310E-12
96.31	0.2329E-12
99.97	0.2347E-12
103.8	0.2364E-12
107.7	0.2381E-12
111.8	0.2397E-12
116.1	0.2413E-12
120.5	0.2428E-12
125.1	0.2442E-12
129.9	0.2456E-12
134.8	0.2470E-12
140.0	0.2483E-12
145.3	0.2495E-12
150.8	0.2508E-12
156.6	0.2519E-12
162.5	0.2531E-12
168.7	0.2542E-12
175.1	0.2553E-12
181.8	0.2564E-12
188.7	0.2574E-12
195.9	0.2585E-12
203.4	0.2595E-12
211.1	0.2605E-12
219.2	0.2615E-12
227.5	0.2625E-12
236.2	0.2634E-12
245.2	0.2644E-12
254.5	0.2654E-12
264.2	0.2664E-12
274.3	0.2674E-12
284.7	0.2684E-12
295.6	0.2694E-12
306.8	0.2704E-12
318.5	0.2714E-12
330.6	0.2725E-12
343.2	0.2736E-12
356.3	0.2746E-12
369.9	0.2757E-12
384.0	0.2769E-12
398.6	0.2780E-12
413.8	0.2792E-12
429.5	0.2804E-12
445.9	0.2816E-12
462.9	0.2828E-12
480.5	0.2841E-12
498.8	0.2854E-12
517.8	0.2868E-12
537.5	0.2881E-12
558.0	0.2895E-12
579.2	0.2909E-12
601.3	0.2924E-12
624.2	0.2939E-12
648.0	0.2954E-12
672.6	0.2970E-12
698.3	0.2985E-12
724.9	0.3002E-12
752.5	0.3018E-12
781.1	0.3035E-12
810.9	0.3053E-12
841.8	0.3071E-12
873.8	0.3089E-12
907.1	0.3108E-12
941.6	0.3127E-12
977.5	0.3146E-12
1015.	0.3166E-12
1053.	0.3187E-12
1094.	0.3208E-12
1135.	0.3229E-12
1178.	0.3251E-12
1223.	0.3273E-12
1270.	0.3295E-12
1318.	0.3318E-12
1368.	0.3342E-12
1421.	0.3366E-12
1475.	0.3390E-12
1531.	0.3415E-12
1589.	0.3440E-12
1650.	0.3465E-12
1712.	0.3492E-12
1778.	0.3518E-12
1845.	0.3545E-12
1916.	0.3573E-12
1989.	0.3600E-12
2064.	0.3629E-12
2143.	0.3657E-12
2225.	0.3686E-12
2309.	0.3715E-12
2397.	0.3745E-12
2489.	0.3775E-12
2583.	0.3805E-12
2682.	0.3835E-12
2784.	0.3866E-12
2890.	0.3897E-12
3000.	0.3928E-12
 
 
E/N (Td)	Total ionization freq. /N (m3/s)
0.1000E-02	0.000
0.1038E-02	0.000
0.1078E-02	0.000
0.1119E-02	0.000
0.1161E-02	0.000
0.1205E-02	0.000
0.1251E-02	0.000
0.1299E-02	0.000
0.1349E-02	0.000
0.1400E-02	0.000
0.1453E-02	0.000
0.1509E-02	0.000
0.1566E-02	0.000
0.1626E-02	0.000
0.1688E-02	0.000
0.1752E-02	0.000
0.1819E-02	0.000
0.1888E-02	0.000
0.1960E-02	0.000
0.2034E-02	0.000
0.2112E-02	0.000
0.2192E-02	0.000
0.2276E-02	0.000
0.2362E-02	0.000
0.2452E-02	0.000
0.2546E-02	0.000
0.2643E-02	0.000
0.2743E-02	0.000
0.2848E-02	0.000
0.2956E-02	0.000
0.3069E-02	0.000
0.3186E-02	0.000
0.3307E-02	0.000
0.3433E-02	0.000
0.3564E-02	0.000
0.3700E-02	0.000
0.3841E-02	0.000
0.3987E-02	0.000
0.4139E-02	0.000
0.4296E-02	0.000
0.4460E-02	0.000
0.4630E-02	0.000
0.4806E-02	0.000
0.4989E-02	0.000
0.5179E-02	0.000
0.5377E-02	0.000
0.5581E-02	0.000
0.5794E-02	0.000
0.6015E-02	0.000
0.6244E-02	0.000
0.6481E-02	0.000
0.6728E-02	0.000
0.6985E-02	0.000
0.7251E-02	0.000
0.7527E-02	0.000
0.7813E-02	0.000
0.8111E-02	0.000
0.8420E-02	0.000
0.8741E-02	0.000
0.9073E-02	0.000
0.9419E-02	0.000
0.9778E-02	0.000
0.1015E-01	0.000
0.1054E-01	0.000
0.1094E-01	0.000
0.1135E-01	0.000
0.1179E-01	0.000
0.1224E-01	0.000
0.1270E-01	0.000
0.1319E-01	0.000
0.1369E-01	0.000
0.1421E-01	0.000
0.1475E-01	0.000
0.1531E-01	0.000
0.1590E-01	0.000
0.1650E-01	0.000
0.1713E-01	0.000
0.1778E-01	0.000
0.1846E-01	0.000
0.1916E-01	0.000
0.1989E-01	0.000
0.2065E-01	0.000
0.2144E-01	0.000
0.2225E-01	0.000
0.2310E-01	0.000
0.2398E-01	0.000
0.2489E-01	0.000
0.2584E-01	0.000
0.2682E-01	0.000
0.2785E-01	0.000
0.2891E-01	0.000
0.3001E-01	0.000
0.3115E-01	0.000
0.3234E-01	0.000
0.3357E-01	0.000
0.3485E-01	0.000
0.3617E-01	0.000
0.3755E-01	0.000
0.3898E-01	0.000
0.4047E-01	0.000
0.4201E-01	0.000
0.4361E-01	0.000
0.4527E-01	0.000
0.4699E-01	0.000
0.4878E-01	0.000
0.5064E-01	0.000
0.5257E-01	0.000
0.5457E-01	0.000
0.5665E-01	0.000
0.5881E-01	0.000
0.6105E-01	0.000
0.6337E-01	0.000
0.6579E-01	0.000
0.6829E-01	0.000
0.7089E-01	0.000
0.7359E-01	0.000
0.7640E-01	0.000
0.7931E-01	0.000
0.8233E-01	0.000
0.8546E-01	0.000
0.8872E-01	0.000
0.9210E-01	0.000
0.9560E-01	0.000
0.9924E-01	0.000
0.1030	0.000
0.1069	0.000
0.1110	0.000
0.1152	0.000
0.1196	0.000
0.1242	0.000
0.1289	0.000
0.1338	0.000
0.1389	0.000
0.1442	0.000
0.1497	0.000
0.1554	0.000
0.1613	0.000
0.1675	0.000
0.1739	0.000
0.1805	0.000
0.1874	0.000
0.1945	0.000
0.2019	0.000
0.2096	0.000
0.2176	0.000
0.2259	0.000
0.2345	0.000
0.2434	0.000
0.2527	0.000
0.2623	0.000
0.2723	0.000
0.2826	0.000
0.2934	0.000
0.3046	0.000
0.3162	0.000
0.3282	0.000
0.3407	0.000
0.3537	0.000
0.3672	0.000
0.3812	0.000
0.3957	0.000
0.4107	0.000
0.4264	0.000
0.4426	0.000
0.4595	0.000
0.4770	0.000
0.4952	0.000
0.5140	0.000
0.5336	0.000
0.5539	0.000
0.5750	0.000
0.5969	0.000
0.6196	0.000
0.6432	0.000
0.6677	0.000
0.6932	0.000
0.7196	0.000
0.7470	0.000
0.7754	0.000
0.8050	0.000
0.8356	0.000
0.8674	0.000
0.9005	0.000
0.9348	0.000
0.9704	0.000
1.007	0.000
1.046	0.000
1.086	0.000
1.127	0.000
1.170	0.000
1.214	0.000
1.261	0.000
1.309	0.000
1.358	0.000
1.410	0.000
1.464	0.000
1.520	0.000
1.578	0.000
1.638	0.000
1.700	0.000
1.765	0.000
1.832	0.000
1.902	0.000
1.974	0.000
2.049	0.000
2.127	0.000
2.208	0.000
2.293	0.000
2.380	0.000
2.470	0.000
2.565	0.000
2.662	0.000
2.764	0.000
2.869	0.000
2.978	0.000
3.092	0.000
3.209	0.000
3.332	0.000
3.458	0.000
3.590	0.000
3.727	0.000
3.869	0.000
4.016	0.000
4.169	0.000
4.328	0.000
4.493	0.000
4.664	0.000
4.841	0.000
5.026	0.000
5.217	0.000
5.416	0.000
5.622	0.000
5.836	0.000
6.059	0.000
6.289	0.000
6.529	0.000
6.778	0.000
7.036	0.000
7.304	0.000
7.582	0.000
7.871	0.000
8.170	0.000
8.482	0.000
8.805	0.000
9.140	0.000
9.488	0.000
9.849	0.000
10.22	0.000
10.61	0.000
11.02	0.000
11.44	0.000
11.87	0.000
12.33	0.000
12.80	0.000
13.28	0.000
13.79	0.000
14.31	0.000
14.86	0.000
15.42	0.000
16.01	0.000
16.62	0.000
17.25	0.000
17.91	0.000
18.59	0.000
19.30	0.000
20.04	0.000
20.80	0.000
21.59	0.1747E-26
22.42	0.6098E-26
23.27	0.2006E-25
24.16	0.6233E-25
25.08	0.1833E-24
26.03	0.5109E-24
27.02	0.1353E-23
28.05	0.3496E-23
29.12	0.8437E-23
30.23	0.1947E-22
31.38	0.4304E-22
32.57	0.9131E-22
33.82	0.1863E-21
35.10	0.3661E-21
36.44	0.6944E-21
37.83	0.1276E-20
39.27	0.2267E-20
40.76	0.3910E-20
42.32	0.6557E-20
43.93	0.1071E-19
45.60	0.1708E-19
47.34	0.2661E-19
49.14	0.4060E-19
51.01	0.6071E-19
52.96	0.8917E-19
54.97	0.1287E-18
57.07	0.1828E-18
59.24	0.2558E-18
61.50	0.3530E-18
63.84	0.4811E-18
66.27	0.6478E-18
68.79	0.8626E-18
71.41	0.1137E-17
74.13	0.1484E-17
76.96	0.1919E-17
79.89	0.2460E-17
82.93	0.3128E-17
86.09	0.3948E-17
89.37	0.4947E-17
92.77	0.6158E-17
96.31	0.7616E-17
99.97	0.9362E-17
103.8	0.1144E-16
107.7	0.1391E-16
111.8	0.1682E-16
116.1	0.2024E-16
120.5	0.2424E-16
125.1	0.2890E-16
129.9	0.3432E-16
134.8	0.4058E-16
140.0	0.4780E-16
145.3	0.5610E-16
150.8	0.6560E-16
156.6	0.7645E-16
162.5	0.8881E-16
168.7	0.1029E-15
175.1	0.1187E-15
181.8	0.1367E-15
188.7	0.1570E-15
195.9	0.1797E-15
203.4	0.2053E-15
211.1	0.2339E-15
219.2	0.2659E-15
227.5	0.3016E-15
236.2	0.3413E-15
245.2	0.3855E-15
254.5	0.4344E-15
264.2	0.4887E-15
274.3	0.5487E-15
284.7	0.6149E-15
295.6	0.6879E-15
306.8	0.7682E-15
318.5	0.8566E-15
330.6	0.9535E-15
343.2	0.1060E-14
356.3	0.1176E-14
369.9	0.1303E-14
384.0	0.1442E-14
398.6	0.1594E-14
413.8	0.1759E-14
429.5	0.1938E-14
445.9	0.2134E-14
462.9	0.2346E-14
480.5	0.2576E-14
498.8	0.2825E-14
517.8	0.3094E-14
537.5	0.3386E-14
558.0	0.3701E-14
579.2	0.4041E-14
601.3	0.4407E-14
624.2	0.4801E-14
648.0	0.5225E-14
672.6	0.5680E-14
698.3	0.6171E-14
724.9	0.6695E-14
752.5	0.7256E-14
781.1	0.7857E-14
810.9	0.8499E-14
841.8	0.9184E-14
873.8	0.9914E-14
907.1	0.1069E-13
941.6	0.1152E-13
977.5	0.1240E-13
1015.	0.1333E-13
1053.	0.1431E-13
1094.	0.1536E-13
1135.	0.1646E-13
1178.	0.1763E-13
1223.	0.1885E-13
1270.	0.2015E-13
1318.	0.2150E-13
1368.	0.2293E-13
1421.	0.2442E-13
1475.	0.2598E-13
1531.	0.2761E-13
1589.	0.2932E-13
1650.	0.3109E-13
1712.	0.3293E-13
1778.	0.3485E-13
1845.	0.3684E-13
1916.	0.3890E-13
1989.	0.4103E-13
2064.	0.4324E-13
2143.	0.4551E-13
2225.	0.4785E-13
2309.	0.5026E-13
2397.	0.5273E-13
2489.	0.5527E-13
2583.	0.5787E-13
2682.	0.6052E-13
2784.	0.6324E-13
2890.	0.6601E-13
3000.	0.6884E-13
 
 
E/N (Td)	Total attachment freq. /N (m3/s)
0.1000E-02	0.000
0.1038E-02	0.000
0.1078E-02	0.000
0.1119E-02	0.000
0.1161E-02	0.000
0.1205E-02	0.000
0.1251E-02	0.000
0.1299E-02	0.000
0.1349E-02	0.000
0.1400E-02	0.000
0.1453E-02	0.000
0.1509E-02	0.000
0.1566E-02	0.000
0.1626E-02	0.000
0.1688E-02	0.000
0.1752E-02	0.000
0.1819E-02	0.000
0.1888E-02	0.000
0.1960E-02	0.000
0.2034E-02	0.000
0.2112E-02	0.000
0.2192E-02	0.000
0.2276E-02	0.000
0.2362E-02	0.000
0.2452E-02	0.000
0.2546E-02	0.000
0.2643E-02	0.000
0.2743E-02	0.000
0.2848E-02	0.000
0.2956E-02	0.000
0.3069E-02	0.000
0.3186E-02	0.000
0.3307E-02	0.000
0.3433E-02	0.000
0.3564E-02	0.000
0.3700E-02	0.000
0.3841E-02	0.000
0.3987E-02	0.000
0.4139E-02	0.000
0.4296E-02	0.000
0.4460E-02	0.000
0.4630E-02	0.000
0.4806E-02	0.000
0.4989E-02	0.000
0.5179E-02	0.000
0.5377E-02	0.000
0.5581E-02	0.000
0.5794E-02	0.000
0.6015E-02	0.000
0.6244E-02	0.000
0.6481E-02	0.000
0.6728E-02	0.000
0.6985E-02	0.000
0.7251E-02	0.000
0.7527E-02	0.000
0.7813E-02	0.000
0.8111E-02	0.000
0.8420E-02	0.000
0.8741E-02	0.000
0.9073E-02	0.000
0.9419E-02	0.000
0.9778E-02	0.000
0.1015E-01	0.000
0.1054E-01	0.000
0.1094E-01	0.000
0.1135E-01	0.000
0.1179E-01	0.000
0.1224E-01	0.000
0.1270E-01	0.000
0.1319E-01	0.000
0.1369E-01	0.000
0.1421E-01	0.000
0.1475E-01	0.000
0.1531E-01	0.000
0.1590E-01	0.000
0.1650E-01	0.000
0.1713E-01	0.000
0.1778E-01	0.000
0.1846E-01	0.000
0.1916E-01	0.000
0.1989E-01	0.000
0.2065E-01	0.000
0.2144E-01	0.000
0.2225E-01	0.000
0.2310E-01	0.000
0.2398E-01	0.000
0.2489E-01	0.000
0.2584E-01	0.000
0.2682E-01	0.000
0.2785E-01	0.000
0.2891E-01	0.000
0.3001E-01	0.000
0.3115E-01	0.000
0.3234E-01	0.000
0.3357E-01	0.000
0.3485E-01	0.000
0.3617E-01	0.000
0.3755E-01	0.000
0.3898E-01	0.000
0.4047E-01	0.000
0.4201E-01	0.000
0.4361E-01	0.000
0.4527E-01	0.000
0.4699E-01	0.000
0.4878E-01	0.000
0.5064E-01	0.000
0.5257E-01	0.000
0.5457E-01	0.000
0.5665E-01	0.000
0.5881E-01	0.000
0.6105E-01	0.000
0.6337E-01	0.000
0.6579E-01	0.000
0.6829E-01	0.000
0.7089E-01	0.000
0.7359E-01	0.000
0.7640E-01	0.000
0.7931E-01	0.000
0.8233E-01	0.000
0.8546E-01	0.000
0.8872E-01	0.000
0.9210E-01	0.000
0.9560E-01	0.000
0.9924E-01	0.000
0.1030	0.000
0.1069	0.000
0.1110	0.000
0.1152	0.000
0.1196	0.000
0.1242	0.000
0.1289	0.000
0.1338	0.000
0.1389	0.000
0.1442	0.000
0.1497	0.000
0.1554	0.000
0.1613	0.000
0.1675	0.000
0.1739	0.000
0.1805	0.000
0.1874	0.000
0.1945	0.000
0.2019	0.000
0.2096	0.000
0.2176	0.000
0.2259	0.000
0.2345	0.000
0.2434	0.000
0.2527	0.000
0.2623	0.000
0.2723	0.000
0.2826	0.000
0.2934	0.000
0.3046	0.000
0.3162	0.000
0.3282	0.000
0.3407	0.000
0.3537	0.000
0.3672	0.000
0.3812	0.000
0.3957	0.000
0.4107	0.000
0.4264	0.000
0.4426	0.000
0.4595	0.000
0.4770	0.000
0.4952	0.000
0.5140	0.000
0.5336	0.000
0.5539	0.000
0.5750	0.000
0.5969	0.000
0.6196	0.000
0.6432	0.000
0.6677	0.000
0.6932	0.000
0.7196	0.000
0.7470	0.000
0.7754	0.000
0.8050	0.000
0.8356	0.000
0.8674	0.000
0.9005	0.000
0.9348	0.000
0.9704	0.000
1.007	0.000
1.046	0.000
1.086	0.000
1.127	0.000
1.170	0.000
1.214	0.000
1.261	0.000
1.309	0.000
1.358	0.000
1.410	0.000
1.464	0.000
1.520	0.000
1.578	0.000
1.638	0.000
1.700	0.000
1.765	0.000
1.832	0.000
1.902	0.000
1.974	0.000
2.049	0.000
2.127	0.000
2.208	0.000
2.293	0.000
2.380	0.000
2.470	0.000
2.565	0.000
2.662	0.000
2.764	0.000
2.869	0.000
2.978	0.000
3.092	0.000
3.209	0.000
3.332	0.000
3.458	0.000
3.590	0.000
3.727	0.000
3.869	0.000
4.016	0.000
4.169	0.000
4.328	0.000
4.493	0.000
4.664	0.000
4.841	0.000
5.026	0.000
5.217	0.000
5.416	0.000
5.622	0.000
5.836	0.000
6.059	0.000
6.289	0.000
6.529	0.000
6.778	0.000
7.036	0.000
7.304	0.000
7.582	0.000
7.871	0.000
8.170	0.000
8.482	0.000
8.805	0.000
9.140	0.000
9.488	0.000
9.849	0.000
10.22	0.000
10.61	0.000
11.02	0.000
11.44	0.000
11.87	0.1779E-28
12.33	0.6466E-28
12.80	0.2234E-27
13.28	0.7346E-27
13.79	0.2301E-26
14.31	0.7374E-26
14.86	0.2128E-25
15.42	0.5882E-25
16.01	0.1558E-24
16.62	0.3962E-24
17.25	0.9701E-24
17.91	0.2278E-23
18.59	0.5149E-23
19.30	0.1122E-22
20.04	0.2357E-22
20.80	0.4782E-22
21.59	0.9384E-22
22.42	0.1779E-21
23.27	0.3265E-21
24.16	0.5804E-21
25.08	0.1001E-20
26.03	0.1675E-20
27.02	0.2722E-20
28.05	0.4302E-20
29.12	0.6615E-20
30.23	0.9906E-20
31.38	0.1446E-19
32.57	0.2060E-19
33.82	0.2867E-19
35.10	0.3900E-19
36.44	0.5194E-19
37.83	0.6779E-19
39.27	0.8680E-19
40.76	0.1092E-18
42.32	0.1350E-18
43.93	0.1644E-18
45.60	0.1972E-18
47.34	0.2336E-18
49.14	0.2732E-18
51.01	0.3160E-18
52.96	0.3617E-18
54.97	0.4102E-18
57.07	0.4612E-18
59.24	0.5144E-18
61.50	0.5697E-18
63.84	0.6269E-18
66.27	0.6856E-18
68.79	0.7459E-18
71.41	0.8074E-18
74.13	0.8700E-18
76.96	0.9335E-18
79.89	0.9978E-18
82.93	0.1063E-17
86.09	0.1128E-17
89.37	0.1194E-17
92.77	0.1261E-17
96.31	0.1327E-17
99.97	0.1394E-17
103.8	0.1461E-17
107.7	0.1527E-17
111.8	0.1593E-17
116.1	0.1660E-17
120.5	0.1725E-17
125.1	0.1791E-17
129.9	0.1855E-17
134.8	0.1919E-17
140.0	0.1983E-17
145.3	0.2045E-17
150.8	0.2106E-17
156.6	0.2167E-17
162.5	0.2226E-17
168.7	0.2284E-17
175.1	0.2341E-17
181.8	0.2396E-17
188.7	0.2450E-17
195.9	0.2502E-17
203.4	0.2552E-17
211.1	0.2601E-17
219.2	0.2648E-17
227.5	0.2693E-17
236.2	0.2736E-17
245.2	0.2776E-17
254.5	0.2815E-17
264.2	0.2852E-17
274.3	0.2886E-17
284.7	0.2919E-17
295.6	0.2949E-17
306.8	0.2976E-17
318.5	0.3002E-17
330.6	0.3025E-17
343.2	0.3046E-17
356.3	0.3065E-17
369.9	0.3081E-17
384.0	0.3096E-17
398.6	0.3108E-17
413.8	0.3117E-17
429.5	0.3125E-17
445.9	0.3130E-17
462.9	0.3133E-17
480.5	0.3134E-17
498.8	0.3133E-17
517.8	0.3130E-17
537.5	0.3124E-17
558.0	0.3116E-17
579.2	0.3106E-17
601.3	0.3094E-17
624.2	0.3079E-17
648.0	0.3063E-17
672.6	0.3044E-17
698.3	0.3023E-17
724.9	0.2999E-17
752.5	0.2974E-17
781.1	0.2946E-17
810.9	0.2916E-17
841.8	0.2884E-17
873.8	0.2850E-17
907.1	0.2814E-17
941.6	0.2776E-17
977.5	0.2736E-17
1015.	0.2694E-17
1053.	0.2650E-17
1094.	0.2604E-17
1135.	0.2557E-17
1178.	0.2508E-17
1223.	0.2457E-17
1270.	0.2405E-17
1318.	0.2352E-17
1368.	0.2298E-17
1421.	0.2243E-17
1475.	0.2187E-17
1531.	0.2130E-17
1589.	0.2073E-17
1650.	0.2015E-17
1712.	0.1956E-17
1778.	0.1898E-17
1845.	0.1839E-17
1916.	0.1781E-17
1989.	0.1722E-17
2064.	0.1664E-17
2143.	0.1606E-17
2225.	0.1548E-17
2309.	0.1492E-17
2397.	0.1435E-17
2489.	0.1380E-17
2583.	0.1325E-17
2682.	0.1272E-17
2784.	0.1219E-17
2890.	0.1168E-17
3000.	0.1117E-17
 
 
E/N (Td)	Townsend ioniz. coef. alpha/N (m2)
0.1000E-02	0.000
0.1038E-02	0.000
0.1078E-02	0.000
0.1119E-02	0.000
0.1161E-02	0.000
0.1205E-02	0.000
0.1251E-02	0.000
0.1299E-02	0.000
0.1349E-02	0.000
0.1400E-02	0.000
0.1453E-02	0.000
0.1509E-02	0.000
0.1566E-02	0.000
0.1626E-02	0.000
0.1688E-02	0.000
0.1752E-02	0.000
0.1819E-02	0.000
0.1888E-02	0.000
0.1960E-02	0.000
0.2034E-02	0.000
0.2112E-02	0.000
0.2192E-02	0.000
0.2276E-02	0.000
0.2362E-02	0.000
0.2452E-02	0.000
0.2546E-02	0.000
0.2643E-02	0.000
0.2743E-02	0.000
0.2848E-02	0.000
0.2956E-02	0.000
0.3069E-02	0.000
0.3186E-02	0.000
0.3307E-02	0.000
0.3433E-02	0.000
0.3564E-02	0.000
0.3700E-02	0.000
0.3841E-02	0.000
0.3987E-02	0.000
0.4139E-02	0.000
0.4296E-02	0.000
0.4460E-02	0.000
0.4630E-02	0.000
0.4806E-02	0.000
0.4989E-02	0.000
0.5179E-02	0.000
0.5377E-02	0.000
0.5581E-02	0.000
0.5794E-02	0.000
0.6015E-02	0.000
0.6244E-02	0.000
0.6481E-02	0.000
0.6728E-02	0.000
0.6985E-02	0.000
0.7251E-02	0.000
0.7527E-02	0.000
0.7813E-02	0.000
0.8111E-02	0.000
0.8420E-02	0.000
0.8741E-02	0.000
0.9073E-02	0.000
0.9419E-02	0.000
0.9778E-02	0.000
0.1015E-01	0.000
0.1054E-01	0.000
0.1094E-01	0.000
0.1135E-01	0.000
0.1179E-01	0.000
0.1224E-01	0.000
0.1270E-01	0.000
0.1319E-01	0.000
0.1369E-01	0.000
0.1421E-01	0.000
0.1475E-01	0.000
0.1531E-01	0.000
0.1590E-01	0.000
0.1650E-01	0.000
0.1713E-01	0.000
0.1778E-01	0.000
0.1846E-01	0.000
0.1916E-01	0.000
0.1989E-01	0.000
0.2065E-01	0.000
0.2144E-01	0.000
0.2225E-01	0.000
0.2310E-01	0.000
0.2398E-01	0.000
0.2489E-01	0.000
0.2584E-01	0.000
0.2682E-01	0.000
0.2785E-01	0.000
0.2891E-01	0.000
0.3001E-01	0.000
0.3115E-01	0.000
0.3234E-01	0.000
0.3357E-01	0.000
0.3485E-01	0.000
0.3617E-01	0.000
0.3755E-01	0.000
0.3898E-01	0.000
0.4047E-01	0.000
0.4201E-01	0.000
0.4361E-01	0.000
0.4527E-01	0.000
0.4699E-01	0.000
0.4878E-01	0.000
0.5064E-01	0.000
0.5257E-01	0.000
0.5457E-01	0.000
0.5665E-01	0.000
0.5881E-01	0.000
0.6105E-01	0.000
0.6337E-01	0.000
0.6579E-01	0.000
0.6829E-01	0.000
0.7089E-01	0.000
0.7359E-01	0.000
0.7640E-01	0.000
0.7931E-01	0.000
0.8233E-01	0.000
0.8546E-01	0.000
0.8872E-01	0.000
0.9210E-01	0.000
0.9560E-01	0.000
0.9924E-01	0.000
0.1030	0.000
0.1069	0.000
0.1110	0.000
0.1152	0.000
0.1196	0.000
0.1242	0.000
0.1289	0.000
0.1338	0.000
0.1389	0.000
0.1442	0.000
0.1497	0.000
0.1554	0.000
0.1613	0.000
0.1675	0.000
0.1739	0.000
0.1805	0.000
0.1874	0.000
0.1945	0.000
0.2019	0.000
0.2096	0.000
0.2176	0.000
0.2259	0.000
0.2345	0.000
0.2434	0.000
0.2527	0.000
0.2623	0.000
0.2723	0.000
0.2826	0.000
0.2934	0.000
0.3046	0.000
0.3162	0.000
0.3282	0.000
0.3407	0.000
0.3537	0.000
0.3672	0.000
0.3812	0.000
0.3957	0.000
0.4107	0.000
0.4264	0.000
0.4426	0.000
0.4595	0.000
0.4770	0.000
0.4952	0.000
0.5140	0.000
0.5336	0.000
0.5539	0.000
0.5750	0.000
0.5969	0.000
0.6196	0.000
0.6432	0.000
0.6677	0.000
0.6932	0.000
0.7196	0.000
0.7470	0.000
0.7754	0.000
0.8050	0.000
0.8356	0.000
0.8674	0.000
0.9005	0.000
0.9348	0.000
0.9704	0.000
1.007	0.000
1.046	0.000
1.086	0.000
1.127	0.000
1.170	0.000
1.214	0.000
1.261	0.000
1.309	0.000
1.358	0.000
1.410	0.000
1.464	0.000
1.520	0.000
1.578	0.000
1.638	0.000
1.700	0.000
1.765	0.000
1.832	0.000
1.902	0.000
1.974	0.000
2.049	0.000
2.127	0.000
2.208	0.000
2.293	0.000
2.380	0.000
2.470	0.000
2.565	0.000
2.662	0.000
2.764	0.000
2.869	0.000
2.978	0.000
3.092	0.000
3.209	0.000
3.332	0.000
3.458	0.000
3.590	0.000
3.727	0.000
3.869	0.000
4.016	0.000
4.169	0.000
4.328	0.000
4.493	0.000
4.664	0.000
4.841	0.000
5.026	0.000
5.217	0.000
5.416	0.000
5.622	0.000
5.836	0.000
6.059	0.000
6.289	0.000
6.529	0.000
6.778	0.000
7.036	0.000
7.304	0.000
7.582	0.000
7.871	0.000
8.170	0.000
8.482	0.000
8.805	0.000
9.140	0.000
9.488	0.000
9.849	0.000
10.22	0.000
10.61	0.000
11.02	0.000
11.44	0.000
11.87	0.000
12.33	0.000
12.80	0.000
13.28	0.000
13.79	0.000
14.31	0.000
14.86	0.000
15.42	0.000
16.01	0.000
16.62	0.000
17.25	0.000
17.91	0.000
18.59	0.000
19.30	0.000
20.04	0.000
20.80	0.000
21.59	0.3389E-31
22.42	0.1202E-30
23.27	0.4013E-30
24.16	0.1265E-29
25.08	0.3770E-29
26.03	0.1065E-28
27.02	0.2854E-28
28.05	0.7457E-28
29.12	0.1818E-27
30.23	0.4233E-27
31.38	0.9429E-27
32.57	0.2013E-26
33.82	0.4126E-26
35.10	0.8135E-26
36.44	0.1545E-25
37.83	0.2837E-25
39.27	0.5030E-25
40.76	0.8638E-25
42.32	0.1440E-24
43.93	0.2334E-24
45.60	0.3683E-24
47.34	0.5673E-24
49.14	0.8538E-24
51.01	0.1258E-23
52.96	0.1817E-23
54.97	0.2576E-23
57.07	0.3589E-23
59.24	0.4922E-23
61.50	0.6650E-23
63.84	0.8861E-23
66.27	0.1166E-22
68.79	0.1515E-22
71.41	0.1948E-22
74.13	0.2478E-22
76.96	0.3121E-22
79.89	0.3896E-22
82.93	0.4821E-22
86.09	0.5917E-22
89.37	0.7207E-22
92.77	0.8716E-22
96.31	0.1047E-21
99.97	0.1250E-21
103.8	0.1482E-21
107.7	0.1748E-21
111.8	0.2050E-21
116.1	0.2392E-21
120.5	0.2777E-21
125.1	0.3208E-21
129.9	0.3690E-21
134.8	0.4227E-21
140.0	0.4821E-21
145.3	0.5478E-21
150.8	0.6201E-21
156.6	0.6995E-21
162.5	0.7863E-21
168.7	0.8811E-21
175.1	0.9842E-21
181.8	0.1096E-20
188.7	0.1217E-20
195.9	0.1348E-20
203.4	0.1489E-20
211.1	0.1641E-20
219.2	0.1804E-20
227.5	0.1978E-20
236.2	0.2165E-20
245.2	0.2364E-20
254.5	0.2576E-20
264.2	0.2801E-20
274.3	0.3041E-20
284.7	0.3295E-20
295.6	0.3565E-20
306.8	0.3850E-20
318.5	0.4150E-20
330.6	0.4468E-20
343.2	0.4802E-20
356.3	0.5154E-20
369.9	0.5524E-20
384.0	0.5913E-20
398.6	0.6320E-20
413.8	0.6747E-20
429.5	0.7194E-20
445.9	0.7662E-20
462.9	0.8150E-20
480.5	0.8659E-20
498.8	0.9190E-20
517.8	0.9744E-20
537.5	0.1032E-19
558.0	0.1092E-19
579.2	0.1154E-19
601.3	0.1218E-19
624.2	0.1285E-19
648.0	0.1354E-19
672.6	0.1426E-19
698.3	0.1500E-19
724.9	0.1576E-19
752.5	0.1655E-19
781.1	0.1736E-19
810.9	0.1819E-19
841.8	0.1905E-19
873.8	0.1993E-19
907.1	0.2083E-19
941.6	0.2175E-19
977.5	0.2269E-19
1015.	0.2364E-19
1053.	0.2462E-19
1094.	0.2561E-19
1135.	0.2662E-19
1178.	0.2764E-19
1223.	0.2868E-19
1270.	0.2972E-19
1318.	0.3077E-19
1368.	0.3183E-19
1421.	0.3289E-19
1475.	0.3396E-19
1531.	0.3502E-19
1589.	0.3608E-19
1650.	0.3713E-19
1712.	0.3818E-19
1778.	0.3922E-19
1845.	0.4024E-19
1916.	0.4125E-19
1989.	0.4224E-19
2064.	0.4321E-19
2143.	0.4416E-19
2225.	0.4508E-19
2309.	0.4597E-19
2397.	0.4683E-19
2489.	0.4766E-19
2583.	0.4845E-19
2682.	0.4921E-19
2784.	0.4993E-19
2890.	0.5061E-19
3000.	0.5124E-19
 
 
E/N (Td)	Townsend attach. coef. eta/N (m2)
0.1000E-02	0.000
0.1038E-02	0.000
0.1078E-02	0.000
0.1119E-02	0.000
0.1161E-02	0.000
0.1205E-02	0.000
0.1251E-02	0.000
0.1299E-02	0.000
0.1349E-02	0.000
0.1400E-02	0.000
0.1453E-02	0.000
0.1509E-02	0.000
0.1566E-02	0.000
0.1626E-02	0.000
0.1688E-02	0.000
0.1752E-02	0.000
0.1819E-02	0.000
0.1888E-02	0.000
0.1960E-02	0.000
0.2034E-02	0.000
0.2112E-02	0.000
0.2192E-02	0.000
0.2276E-02	0.000
0.2362E-02	0.000
0.2452E-02	0.000
0.2546E-02	0.000
0.2643E-02	0.000
0.2743E-02	0.000
0.2848E-02	0.000
0.2956E-02	0.000
0.3069E-02	0.000
0.3186E-02	0.000
0.3307E-02	0.000
0.3433E-02	0.000
0.3564E-02	0.000
0.3700E-02	0.000
0.3841E-02	0.000
0.3987E-02	0.000
0.4139E-02	0.000
0.4296E-02	0.000
0.4460E-02	0.000
0.4630E-02	0.000
0.4806E-02	0.000
0.4989E-02	0.000
0.5179E-02	0.000
0.5377E-02	0.000
0.5581E-02	0.000
0.5794E-02	0.000
0.6015E-02	0.000
0.6244E-02	0.000
0.6481E-02	0.000
0.6728E-02	0.000
0.6985E-02	0.000
0.7251E-02	0.000
0.7527E-02	0.000
0.7813E-02	0.000
0.8111E-02	0.000
0.8420E-02	0.000
0.8741E-02	0.000
0.9073E-02	0.000
0.9419E-02	0.000
0.9778E-02	0.000
0.1015E-01	0.000
0.1054E-01	0.000
0.1094E-01	0.000
0.1135E-01	0.000
0.1179E-01	0.000
0.1224E-01	0.000
0.1270E-01	0.000
0.1319E-01	0.000
0.1369E-01	0.000
0.1421E-01	0.000
0.1475E-01	0.000
0.1531E-01	0.000
0.1590E-01	0.000
0.1650E-01	0.000
0.1713E-01	0.000
0.1778E-01	0.000
0.1846E-01	0.000
0.1916E-01	0.000
0.1989E-01	0.000
0.2065E-01	0.000
0.2144E-01	0.000
0.2225E-01	0.000
0.2310E-01	0.000
0.2398E-01	0.000
0.2489E-01	0.000
0.2584E-01	0.000
0.2682E-01	0.000
0.2785E-01	0.000
0.2891E-01	0.000
0.3001E-01	0.000
0.3115E-01	0.000
0.3234E-01	0.000
0.3357E-01	0.000
0.3485E-01	0.000
0.3617E-01	0.000
0.3755E-01	0.000
0.3898E-01	0.000
0.4047E-01	0.000
0.4201E-01	0.000
0.4361E-01	0.000
0.4527E-01	0.000
0.4699E-01	0.000
0.4878E-01	0.000
0.5064E-01	0.000
0.5257E-01	0.000
0.5457E-01	0.000
0.5665E-01	0.000
0.5881E-01	0.000
0.6105E-01	0.000
0.6337E-01	0.000
0.6579E-01	0.000
0.6829E-01	0.000
0.7089E-01	0.000
0.7359E-01	0.000
0.7640E-01	0.000
0.7931E-01	0.000
0.8233E-01	0.000
0.8546E-01	0.000
0.8872E-01	0.000
0.9210E-01	0.000
0.9560E-01	0.000
0.9924E-01	0.000
0.1030	0.000
0.1069	0.000
0.1110	0.000
0.1152	0.000
0.1196	0.000
0.1242	0.000
0.1289	0.000
0.1338	0.000
0.1389	0.000
0.1442	0.000
0.1497	0.000
0.1554	0.000
0.1613	0.000
0.1675	0.000
0.1739	0.000
0.1805	0.000
0.1874	0.000
0.1945	0.000
0.2019	0.000
0.2096	0.000
0.2176	0.000
0.2259	0.000
0.2345	0.000
0.2434	0.000
0.2527	0.000
0.2623	0.000
0.2723	0.000
0.2826	0.000
0.2934	0.000
0.3046	0.000
0.3162	0.000
0.3282	0.000
0.3407	0.000
0.3537	0.000
0.3672	0.000
0.3812	0.000
0.3957	0.000
0.4107	0.000
0.4264	0.000
0.4426	0.000
0.4595	0.000
0.4770	0.000
0.4952	0.000
0.5140	0.000
0.5336	0.000
0.5539	0.000
0.5750	0.000
0.5969	0.000
0.6196	0.000
0.6432	0.000
0.6677	0.000
0.6932	0.000
0.7196	0.000
0.7470	0.000
0.7754	0.000
0.8050	0.000
0.8356	0.000
0.8674	0.000
0.9005	0.000
0.9348	0.000
0.9704	0.000
1.007	0.000
1.046	0.000
1.086	0.000
1.127	0.000
1.170	0.000
1.214	0.000
1.261	0.000
1.309	0.000
1.358	0.000
1.410	0.000
1.464	0.000
1.520	0.000
1.578	0.000
1.638	0.000
1.700	0.000
1.765	0.000
1.832	0.000
1.902	0.000
1.974	0.000
2.049	0.000
2.127	0.000
2.208	0.000
2.293	0.000
2.380	0.000
2.470	0.000
2.565	0.000
2.662	0.000
2.764	0.000
2.869	0.000
2.978	0.000
3.092	0.000
3.209	0.000
3.332	0.000
3.458	0.000
3.590	0.000
3.727	0.000
3.869	0.000
4.016	0.000
4.169	0.000
4.328	0.000
4.493	0.000
4.664	0.000
4.841	0.000
5.026	0.000
5.217	0.000
5.416	0.000
5.622	0.000
5.836	0.000
6.059	0.000
6.289	0.000
6.529	0.000
6.778	0.000
7.036	0.000
7.304	0.000
7.582	0.000
7.871	0.000
8.170	0.000
8.482	0.000
8.805	0.000
9.140	0.000
9.488	0.000
9.849	0.000
10.22	0.000
10.61	0.000
11.02	0.000
11.44	0.000
11.87	0.2594E-33
12.33	0.9602E-33
12.80	0.3379E-32
13.28	0.1132E-31
13.79	0.3611E-31
14.31	0.1179E-30
14.86	0.3465E-30
15.42	0.9754E-30
16.01	0.2632E-29
16.62	0.6815E-29
17.25	0.1699E-28
17.91	0.4061E-28
18.59	0.9342E-28
19.30	0.2071E-27
20.04	0.4425E-27
20.80	0.9127E-27
21.59	0.1820E-26
22.42	0.3505E-26
23.27	0.6530E-26
24.16	0.1178E-25
25.08	0.2059E-25
26.03	0.3490E-25
27.02	0.5742E-25
28.05	0.9177E-25
29.12	0.1425E-24
30.23	0.2154E-24
31.38	0.3169E-24
32.57	0.4542E-24
33.82	0.6351E-24
35.10	0.8667E-24
36.44	0.1156E-23
37.83	0.1508E-23
39.27	0.1926E-23
40.76	0.2412E-23
42.32	0.2964E-23
43.93	0.3580E-23
45.60	0.4254E-23
47.34	0.4979E-23
49.14	0.5746E-23
51.01	0.6547E-23
52.96	0.7372E-23
54.97	0.8211E-23
57.07	0.9056E-23
59.24	0.9899E-23
61.50	0.1073E-22
63.84	0.1155E-22
66.27	0.1234E-22
68.79	0.1310E-22
71.41	0.1383E-22
74.13	0.1453E-22
76.96	0.1519E-22
79.89	0.1580E-22
82.93	0.1638E-22
86.09	0.1691E-22
89.37	0.1740E-22
92.77	0.1784E-22
96.31	0.1825E-22
99.97	0.1860E-22
103.8	0.1892E-22
107.7	0.1919E-22
111.8	0.1942E-22
116.1	0.1961E-22
120.5	0.1976E-22
125.1	0.1987E-22
129.9	0.1995E-22
134.8	0.1999E-22
140.0	0.2000E-22
145.3	0.1997E-22
150.8	0.1991E-22
156.6	0.1982E-22
162.5	0.1971E-22
168.7	0.1957E-22
175.1	0.1940E-22
181.8	0.1921E-22
188.7	0.1900E-22
195.9	0.1877E-22
203.4	0.1851E-22
211.1	0.1825E-22
219.2	0.1796E-22
227.5	0.1766E-22
236.2	0.1735E-22
245.2	0.1703E-22
254.5	0.1669E-22
264.2	0.1635E-22
274.3	0.1600E-22
284.7	0.1564E-22
295.6	0.1528E-22
306.8	0.1491E-22
318.5	0.1455E-22
330.6	0.1418E-22
343.2	0.1380E-22
356.3	0.1343E-22
369.9	0.1306E-22
384.0	0.1269E-22
398.6	0.1232E-22
413.8	0.1196E-22
429.5	0.1160E-22
445.9	0.1124E-22
462.9	0.1089E-22
480.5	0.1054E-22
498.8	0.1019E-22
517.8	0.9854E-23
537.5	0.9521E-23
558.0	0.9193E-23
579.2	0.8870E-23
601.3	0.8554E-23
624.2	0.8244E-23
648.0	0.7939E-23
672.6	0.7641E-23
698.3	0.7348E-23
724.9	0.7062E-23
752.5	0.6783E-23
781.1	0.6510E-23
810.9	0.6243E-23
841.8	0.5983E-23
873.8	0.5729E-23
907.1	0.5482E-23
941.6	0.5241E-23
977.5	0.5006E-23
1015.	0.4779E-23
1053.	0.4557E-23
1094.	0.4343E-23
1135.	0.4135E-23
1178.	0.3933E-23
1223.	0.3738E-23
1270.	0.3548E-23
1318.	0.3366E-23
1368.	0.3190E-23
1421.	0.3021E-23
1475.	0.2858E-23
1531.	0.2702E-23
1589.	0.2551E-23
1650.	0.2406E-23
1712.	0.2268E-23
1778.	0.2136E-23
1845.	0.2009E-23
1916.	0.1888E-23
1989.	0.1773E-23
2064.	0.1663E-23
2143.	0.1558E-23
2225.	0.1459E-23
2309.	0.1364E-23
2397.	0.1275E-23
2489.	0.1190E-23
2583.	0.1110E-23
2682.	0.1034E-23
2784.	0.9627E-24
2890.	0.8953E-24
3000.	0.8317E-24
 
 
E/N (Td)	Power /N (eV m3/s)
0.1000E-02	0.3084E-22
0.1038E-02	0.3325E-22
0.1078E-02	0.3583E-22
0.1119E-02	0.3861E-22
0.1161E-02	0.4161E-22
0.1205E-02	0.4484E-22
0.1251E-02	0.4833E-22
0.1299E-02	0.5208E-22
0.1349E-02	0.5613E-22
0.1400E-02	0.6049E-22
0.1453E-02	0.6519E-22
0.1509E-02	0.7026E-22
0.1566E-02	0.7572E-22
0.1626E-02	0.8160E-22
0.1688E-02	0.8795E-22
0.1752E-02	0.9479E-22
0.1819E-02	0.1022E-21
0.1888E-02	0.1101E-21
0.1960E-02	0.1187E-21
0.2034E-02	0.1279E-21
0.2112E-02	0.1378E-21
0.2192E-02	0.1486E-21
0.2276E-02	0.1601E-21
0.2362E-02	0.1726E-21
0.2452E-02	0.1860E-21
0.2546E-02	0.2005E-21
0.2643E-02	0.2162E-21
0.2743E-02	0.2330E-21
0.2848E-02	0.2512E-21
0.2956E-02	0.2708E-21
0.3069E-02	0.2919E-21
0.3186E-02	0.3146E-21
0.3307E-02	0.3392E-21
0.3433E-02	0.3657E-21
0.3564E-02	0.3943E-21
0.3700E-02	0.4251E-21
0.3841E-02	0.4583E-21
0.3987E-02	0.4942E-21
0.4139E-02	0.5328E-21
0.4296E-02	0.5746E-21
0.4460E-02	0.6196E-21
0.4630E-02	0.6682E-21
0.4806E-02	0.7206E-21
0.4989E-02	0.7772E-21
0.5179E-02	0.8382E-21
0.5377E-02	0.9042E-21
0.5581E-02	0.9753E-21
0.5794E-02	0.1052E-20
0.6015E-02	0.1135E-20
0.6244E-02	0.1225E-20
0.6481E-02	0.1321E-20
0.6728E-02	0.1426E-20
0.6985E-02	0.1538E-20
0.7251E-02	0.1660E-20
0.7527E-02	0.1792E-20
0.7813E-02	0.1934E-20
0.8111E-02	0.2087E-20
0.8420E-02	0.2253E-20
0.8741E-02	0.2432E-20
0.9073E-02	0.2626E-20
0.9419E-02	0.2835E-20
0.9778E-02	0.3061E-20
0.1015E-01	0.3306E-20
0.1054E-01	0.3569E-20
0.1094E-01	0.3855E-20
0.1135E-01	0.4163E-20
0.1179E-01	0.4495E-20
0.1224E-01	0.4855E-20
0.1270E-01	0.5243E-20
0.1319E-01	0.5662E-20
0.1369E-01	0.6115E-20
0.1421E-01	0.6604E-20
0.1475E-01	0.7132E-20
0.1531E-01	0.7702E-20
0.1590E-01	0.8317E-20
0.1650E-01	0.8980E-20
0.1713E-01	0.9696E-20
0.1778E-01	0.1047E-19
0.1846E-01	0.1130E-19
0.1916E-01	0.1220E-19
0.1989E-01	0.1317E-19
0.2065E-01	0.1421E-19
0.2144E-01	0.1534E-19
0.2225E-01	0.1655E-19
0.2310E-01	0.1786E-19
0.2398E-01	0.1927E-19
0.2489E-01	0.2079E-19
0.2584E-01	0.2243E-19
0.2682E-01	0.2419E-19
0.2785E-01	0.2609E-19
0.2891E-01	0.2814E-19
0.3001E-01	0.3034E-19
0.3115E-01	0.3272E-19
0.3234E-01	0.3528E-19
0.3357E-01	0.3804E-19
0.3485E-01	0.4101E-19
0.3617E-01	0.4422E-19
0.3755E-01	0.4767E-19
0.3898E-01	0.5140E-19
0.4047E-01	0.5541E-19
0.4201E-01	0.5974E-19
0.4361E-01	0.6441E-19
0.4527E-01	0.6944E-19
0.4699E-01	0.7487E-19
0.4878E-01	0.8072E-19
0.5064E-01	0.8703E-19
0.5257E-01	0.9385E-19
0.5457E-01	0.1012E-18
0.5665E-01	0.1091E-18
0.5881E-01	0.1177E-18
0.6105E-01	0.1269E-18
0.6337E-01	0.1369E-18
0.6579E-01	0.1477E-18
0.6829E-01	0.1593E-18
0.7089E-01	0.1718E-18
0.7359E-01	0.1854E-18
0.7640E-01	0.2000E-18
0.7931E-01	0.2159E-18
0.8233E-01	0.2329E-18
0.8546E-01	0.2514E-18
0.8872E-01	0.2713E-18
0.9210E-01	0.2929E-18
0.9560E-01	0.3162E-18
0.9924E-01	0.3414E-18
0.1030	0.3686E-18
0.1069	0.3980E-18
0.1110	0.4298E-18
0.1152	0.4642E-18
0.1196	0.5014E-18
0.1242	0.5416E-18
0.1289	0.5851E-18
0.1338	0.6322E-18
0.1389	0.6832E-18
0.1442	0.7383E-18
0.1497	0.7979E-18
0.1554	0.8625E-18
0.1613	0.9323E-18
0.1675	0.1008E-17
0.1739	0.1090E-17
0.1805	0.1178E-17
0.1874	0.1274E-17
0.1945	0.1378E-17
0.2019	0.1491E-17
0.2096	0.1613E-17
0.2176	0.1745E-17
0.2259	0.1888E-17
0.2345	0.2043E-17
0.2434	0.2212E-17
0.2527	0.2394E-17
0.2623	0.2591E-17
0.2723	0.2805E-17
0.2826	0.3038E-17
0.2934	0.3289E-17
0.3046	0.3562E-17
0.3162	0.3859E-17
0.3282	0.4180E-17
0.3407	0.4529E-17
0.3537	0.4907E-17
0.3672	0.5317E-17
0.3812	0.5762E-17
0.3957	0.6245E-17
0.4107	0.6769E-17
0.4264	0.7338E-17
0.4426	0.7955E-17
0.4595	0.8625E-17
0.4770	0.9351E-17
0.4952	0.1015E-16
0.5140	0.1100E-16
0.5336	0.1193E-16
0.5539	0.1294E-16
0.5750	0.1403E-16
0.5969	0.1521E-16
0.6196	0.1649E-16
0.6432	0.1788E-16
0.6677	0.1939E-16
0.6932	0.2101E-16
0.7196	0.2277E-16
0.7470	0.2466E-16
0.7754	0.2671E-16
0.8050	0.2892E-16
0.8356	0.3130E-16
0.8674	0.3386E-16
0.9005	0.3661E-16
0.9348	0.3957E-16
0.9704	0.4275E-16
1.007	0.4615E-16
1.046	0.4980E-16
1.086	0.5370E-16
1.127	0.5786E-16
1.170	0.6228E-16
1.214	0.6700E-16
1.261	0.7203E-16
1.309	0.7736E-16
1.358	0.8302E-16
1.410	0.8900E-16
1.464	0.9532E-16
1.520	0.1020E-15
1.578	0.1090E-15
1.638	0.1164E-15
1.700	0.1241E-15
1.765	0.1322E-15
1.832	0.1407E-15
1.902	0.1495E-15
1.974	0.1588E-15
2.049	0.1684E-15
2.127	0.1783E-15
2.208	0.1886E-15
2.293	0.1992E-15
2.380	0.2101E-15
2.470	0.2214E-15
2.565	0.2330E-15
2.662	0.2447E-15
2.764	0.2569E-15
2.869	0.2693E-15
2.978	0.2819E-15
3.092	0.2948E-15
3.209	0.3079E-15
3.332	0.3212E-15
3.458	0.3348E-15
3.590	0.3485E-15
3.727	0.3622E-15
3.869	0.3761E-15
4.016	0.3901E-15
4.169	0.4042E-15
4.328	0.4184E-15
4.493	0.4328E-15
4.664	0.4470E-15
4.841	0.4614E-15
5.026	0.4758E-15
5.217	0.4902E-15
5.416	0.5046E-15
5.622	0.5190E-15
5.836	0.5336E-15
6.059	0.5480E-15
6.289	0.5625E-15
6.529	0.5770E-15
6.778	0.5915E-15
7.036	0.6060E-15
7.304	0.6204E-15
7.582	0.6350E-15
7.871	0.6495E-15
8.170	0.6642E-15
8.482	0.6788E-15
8.805	0.6935E-15
9.140	0.7082E-15
9.488	0.7230E-15
9.849	0.7380E-15
10.22	0.7530E-15
10.61	0.7681E-15
11.02	0.7834E-15
11.44	0.7988E-15
11.87	0.8143E-15
12.33	0.8301E-15
12.80	0.8460E-15
13.28	0.8622E-15
13.79	0.8787E-15
14.31	0.8955E-15
14.86	0.9126E-15
15.42	0.9301E-15
16.01	0.9480E-15
16.62	0.9664E-15
17.25	0.9853E-15
17.91	0.1005E-14
18.59	0.1025E-14
19.30	0.1046E-14
20.04	0.1067E-14
20.80	0.1090E-14
21.59	0.1113E-14
22.42	0.1138E-14
23.27	0.1163E-14
24.16	0.1190E-14
25.08	0.1219E-14
26.03	0.1249E-14
27.02	0.1281E-14
28.05	0.1315E-14
29.12	0.1351E-14
30.23	0.1390E-14
31.38	0.1432E-14
32.57	0.1477E-14
33.82	0.1526E-14
35.10	0.1580E-14
36.44	0.1638E-14
37.83	0.1701E-14
39.27	0.1770E-14
40.76	0.1845E-14
42.32	0.1927E-14
43.93	0.2017E-14
45.60	0.2115E-14
47.34	0.2221E-14
49.14	0.2337E-14
51.01	0.2462E-14
52.96	0.2599E-14
54.97	0.2746E-14
57.07	0.2906E-14
59.24	0.3078E-14
61.50	0.3265E-14
63.84	0.3466E-14
66.27	0.3683E-14
68.79	0.3916E-14
71.41	0.4168E-14
74.13	0.4439E-14
76.96	0.4730E-14
79.89	0.5044E-14
82.93	0.5381E-14
86.09	0.5744E-14
89.37	0.6135E-14
92.77	0.6554E-14
96.31	0.7005E-14
99.97	0.7491E-14
103.8	0.8012E-14
107.7	0.8573E-14
111.8	0.9177E-14
116.1	0.9825E-14
120.5	0.1052E-13
125.1	0.1127E-13
129.9	0.1208E-13
134.8	0.1294E-13
140.0	0.1388E-13
145.3	0.1488E-13
150.8	0.1595E-13
156.6	0.1711E-13
162.5	0.1836E-13
168.7	0.1969E-13
175.1	0.2113E-13
181.8	0.2268E-13
188.7	0.2434E-13
195.9	0.2612E-13
203.4	0.2804E-13
211.1	0.3010E-13
219.2	0.3231E-13
227.5	0.3469E-13
236.2	0.3724E-13
245.2	0.3998E-13
254.5	0.4293E-13
264.2	0.4609E-13
274.3	0.4948E-13
284.7	0.5313E-13
295.6	0.5703E-13
306.8	0.6123E-13
318.5	0.6573E-13
330.6	0.7056E-13
343.2	0.7575E-13
356.3	0.8130E-13
369.9	0.8727E-13
384.0	0.9366E-13
398.6	0.1005E-12
413.8	0.1079E-12
429.5	0.1157E-12
445.9	0.1242E-12
462.9	0.1332E-12
480.5	0.1429E-12
498.8	0.1533E-12
517.8	0.1644E-12
537.5	0.1764E-12
558.0	0.1891E-12
579.2	0.2028E-12
601.3	0.2175E-12
624.2	0.2332E-12
648.0	0.2500E-12
672.6	0.2679E-12
698.3	0.2873E-12
724.9	0.3079E-12
752.5	0.3299E-12
781.1	0.3535E-12
810.9	0.3788E-12
841.8	0.4058E-12
873.8	0.4347E-12
907.1	0.4657E-12
941.6	0.4988E-12
977.5	0.5341E-12
1015.	0.5720E-12
1053.	0.6124E-12
1094.	0.6557E-12
1135.	0.7019E-12
1178.	0.7513E-12
1223.	0.8042E-12
1270.	0.8607E-12
1318.	0.9211E-12
1368.	0.9856E-12
1421.	0.1055E-11
1475.	0.1128E-11
1531.	0.1207E-11
1589.	0.1291E-11
1650.	0.1381E-11
1712.	0.1477E-11
1778.	0.1580E-11
1845.	0.1689E-11
1916.	0.1807E-11
1989.	0.1932E-11
2064.	0.2066E-11
2143.	0.2209E-11
2225.	0.2361E-11
2309.	0.2525E-11
2397.	0.2699E-11
2489.	0.2886E-11
2583.	0.3085E-11
2682.	0.3298E-11
2784.	0.3526E-11
2890.	0.3770E-11
3000.	0.4030E-11
 
 
E/N (Td)	Elastic power loss /N (eV m3/s)
0.1000E-02	0.1233E-22
0.1038E-02	0.1233E-22
0.1078E-02	0.1329E-22
0.1119E-02	0.1431E-22
0.1161E-02	0.1542E-22
0.1205E-02	0.1661E-22
0.1251E-02	0.1789E-22
0.1299E-02	0.1926E-22
0.1349E-02	0.2075E-22
0.1400E-02	0.2234E-22
0.1453E-02	0.2406E-22
0.1509E-02	0.2591E-22
0.1566E-02	0.2791E-22
0.1626E-02	0.3005E-22
0.1688E-02	0.3235E-22
0.1752E-02	0.3483E-22
0.1819E-02	0.3750E-22
0.1888E-02	0.4036E-22
0.1960E-02	0.4345E-22
0.2034E-02	0.4676E-22
0.2112E-02	0.5032E-22
0.2192E-02	0.5415E-22
0.2276E-02	0.5827E-22
0.2362E-02	0.6268E-22
0.2452E-02	0.6743E-22
0.2546E-02	0.7252E-22
0.2643E-02	0.7799E-22
0.2743E-02	0.8385E-22
0.2848E-02	0.9015E-22
0.2956E-02	0.9689E-22
0.3069E-02	0.1041E-21
0.3186E-02	0.1119E-21
0.3307E-02	0.1202E-21
0.3433E-02	0.1290E-21
0.3564E-02	0.1385E-21
0.3700E-02	0.1487E-21
0.3841E-02	0.1595E-21
0.3987E-02	0.1711E-21
0.4139E-02	0.1835E-21
0.4296E-02	0.1966E-21
0.4460E-02	0.2107E-21
0.4630E-02	0.2256E-21
0.4806E-02	0.2415E-21
0.4989E-02	0.2583E-21
0.5179E-02	0.2762E-21
0.5377E-02	0.2952E-21
0.5581E-02	0.3152E-21
0.5794E-02	0.3365E-21
0.6015E-02	0.3588E-21
0.6244E-02	0.3824E-21
0.6481E-02	0.4072E-21
0.6728E-02	0.4333E-21
0.6985E-02	0.4605E-21
0.7251E-02	0.4891E-21
0.7527E-02	0.5189E-21
0.7813E-02	0.5498E-21
0.8111E-02	0.5820E-21
0.8420E-02	0.6153E-21
0.8741E-02	0.6497E-21
0.9073E-02	0.6850E-21
0.9419E-02	0.7213E-21
0.9778E-02	0.7583E-21
0.1015E-01	0.7961E-21
0.1054E-01	0.8343E-21
0.1094E-01	0.8729E-21
0.1135E-01	0.9117E-21
0.1179E-01	0.9505E-21
0.1224E-01	0.9891E-21
0.1270E-01	0.1027E-20
0.1319E-01	0.1065E-20
0.1369E-01	0.1102E-20
0.1421E-01	0.1137E-20
0.1475E-01	0.1172E-20
0.1531E-01	0.1204E-20
0.1590E-01	0.1236E-20
0.1650E-01	0.1265E-20
0.1713E-01	0.1292E-20
0.1778E-01	0.1317E-20
0.1846E-01	0.1340E-20
0.1916E-01	0.1360E-20
0.1989E-01	0.1378E-20
0.2065E-01	0.1393E-20
0.2144E-01	0.1406E-20
0.2225E-01	0.1417E-20
0.2310E-01	0.1425E-20
0.2398E-01	0.1431E-20
0.2489E-01	0.1435E-20
0.2584E-01	0.1437E-20
0.2682E-01	0.1437E-20
0.2785E-01	0.1436E-20
0.2891E-01	0.1433E-20
0.3001E-01	0.1430E-20
0.3115E-01	0.1425E-20
0.3234E-01	0.1421E-20
0.3357E-01	0.1416E-20
0.3485E-01	0.1411E-20
0.3617E-01	0.1407E-20
0.3755E-01	0.1403E-20
0.3898E-01	0.1401E-20
0.4047E-01	0.1399E-20
0.4201E-01	0.1399E-20
0.4361E-01	0.1401E-20
0.4527E-01	0.1405E-20
0.4699E-01	0.1411E-20
0.4878E-01	0.1419E-20
0.5064E-01	0.1430E-20
0.5257E-01	0.1443E-20
0.5457E-01	0.1459E-20
0.5665E-01	0.1479E-20
0.5881E-01	0.1501E-20
0.6105E-01	0.1527E-20
0.6337E-01	0.1556E-20
0.6579E-01	0.1588E-20
0.6829E-01	0.1624E-20
0.7089E-01	0.1664E-20
0.7359E-01	0.1707E-20
0.7640E-01	0.1754E-20
0.7931E-01	0.1804E-20
0.8233E-01	0.1858E-20
0.8546E-01	0.1916E-20
0.8872E-01	0.1978E-20
0.9210E-01	0.2044E-20
0.9560E-01	0.2113E-20
0.9924E-01	0.2187E-20
0.1030	0.2264E-20
0.1069	0.2345E-20
0.1110	0.2430E-20
0.1152	0.2518E-20
0.1196	0.2611E-20
0.1242	0.2708E-20
0.1289	0.2808E-20
0.1338	0.2912E-20
0.1389	0.3020E-20
0.1442	0.3133E-20
0.1497	0.3249E-20
0.1554	0.3369E-20
0.1613	0.3493E-20
0.1675	0.3621E-20
0.1739	0.3753E-20
0.1805	0.3889E-20
0.1874	0.4029E-20
0.1945	0.4173E-20
0.2019	0.4321E-20
0.2096	0.4474E-20
0.2176	0.4632E-20
0.2259	0.4793E-20
0.2345	0.4960E-20
0.2434	0.5131E-20
0.2527	0.5307E-20
0.2623	0.5488E-20
0.2723	0.5674E-20
0.2826	0.5866E-20
0.2934	0.6064E-20
0.3046	0.6268E-20
0.3162	0.6479E-20
0.3282	0.6697E-20
0.3407	0.6928E-20
0.3537	0.7161E-20
0.3672	0.7402E-20
0.3812	0.7652E-20
0.3957	0.7911E-20
0.4107	0.8181E-20
0.4264	0.8462E-20
0.4426	0.8755E-20
0.4595	0.9061E-20
0.4770	0.9380E-20
0.4952	0.9714E-20
0.5140	0.1006E-19
0.5336	0.1043E-19
0.5539	0.1082E-19
0.5750	0.1122E-19
0.5969	0.1165E-19
0.6196	0.1210E-19
0.6432	0.1257E-19
0.6677	0.1308E-19
0.6932	0.1361E-19
0.7196	0.1417E-19
0.7470	0.1476E-19
0.7754	0.1539E-19
0.8050	0.1606E-19
0.8356	0.1678E-19
0.8674	0.1753E-19
0.9005	0.1834E-19
0.9348	0.1920E-19
0.9704	0.2012E-19
1.007	0.2111E-19
1.046	0.2216E-19
1.086	0.2328E-19
1.127	0.2450E-19
1.170	0.2580E-19
1.214	0.2720E-19
1.261	0.2870E-19
1.309	0.3033E-19
1.358	0.3209E-19
1.410	0.3399E-19
1.464	0.3605E-19
1.520	0.3828E-19
1.578	0.4069E-19
1.638	0.4332E-19
1.700	0.4618E-19
1.765	0.4929E-19
1.832	0.5267E-19
1.902	0.5636E-19
1.974	0.6037E-19
2.049	0.6477E-19
2.127	0.6954E-19
2.208	0.7475E-19
2.293	0.8043E-19
2.380	0.8663E-19
2.470	0.9339E-19
2.565	0.1008E-18
2.662	0.1088E-18
2.764	0.1175E-18
2.869	0.1271E-18
2.978	0.1376E-18
3.092	0.1490E-18
3.209	0.1615E-18
3.332	0.1750E-18
3.458	0.1899E-18
3.590	0.2060E-18
3.727	0.2236E-18
3.869	0.2428E-18
4.016	0.2637E-18
4.169	0.2865E-18
4.328	0.3114E-18
4.493	0.3386E-18
4.664	0.3681E-18
4.841	0.4002E-18
5.026	0.4352E-18
5.217	0.4733E-18
5.416	0.5148E-18
5.622	0.5600E-18
5.836	0.6093E-18
6.059	0.6629E-18
6.289	0.7212E-18
6.529	0.7847E-18
6.778	0.8537E-18
7.036	0.9289E-18
7.304	0.1010E-17
7.582	0.1099E-17
7.871	0.1196E-17
8.170	0.1301E-17
8.482	0.1415E-17
8.805	0.1539E-17
9.140	0.1674E-17
9.488	0.1820E-17
9.849	0.1979E-17
10.22	0.2151E-17
10.61	0.2338E-17
11.02	0.2540E-17
11.44	0.2760E-17
11.87	0.2998E-17
12.33	0.3255E-17
12.80	0.3534E-17
13.28	0.3836E-17
13.79	0.4162E-17
14.31	0.4516E-17
14.86	0.4897E-17
15.42	0.5309E-17
16.01	0.5754E-17
16.62	0.6234E-17
17.25	0.6752E-17
17.91	0.7310E-17
18.59	0.7912E-17
19.30	0.8559E-17
20.04	0.9255E-17
20.80	0.1000E-16
21.59	0.1081E-16
22.42	0.1167E-16
23.27	0.1259E-16
24.16	0.1357E-16
25.08	0.1462E-16
26.03	0.1574E-16
27.02	0.1693E-16
28.05	0.1818E-16
29.12	0.1950E-16
30.23	0.2089E-16
31.38	0.2234E-16
32.57	0.2385E-16
33.82	0.2541E-16
35.10	0.2702E-16
36.44	0.2866E-16
37.83	0.3032E-16
39.27	0.3200E-16
40.76	0.3369E-16
42.32	0.3537E-16
43.93	0.3705E-16
45.60	0.3871E-16
47.34	0.4035E-16
49.14	0.4197E-16
51.01	0.4356E-16
52.96	0.4513E-16
54.97	0.4667E-16
57.07	0.4817E-16
59.24	0.4966E-16
61.50	0.5112E-16
63.84	0.5255E-16
66.27	0.5397E-16
68.79	0.5536E-16
71.41	0.5674E-16
74.13	0.5811E-16
76.96	0.5947E-16
79.89	0.6081E-16
82.93	0.6215E-16
86.09	0.6349E-16
89.37	0.6482E-16
92.77	0.6615E-16
96.31	0.6748E-16
99.97	0.6882E-16
103.8	0.7015E-16
107.7	0.7150E-16
111.8	0.7285E-16
116.1	0.7421E-16
120.5	0.7558E-16
125.1	0.7696E-16
129.9	0.7836E-16
134.8	0.7977E-16
140.0	0.8120E-16
145.3	0.8264E-16
150.8	0.8411E-16
156.6	0.8559E-16
162.5	0.8710E-16
168.7	0.8864E-16
175.1	0.9020E-16
181.8	0.9179E-16
188.7	0.9341E-16
195.9	0.9506E-16
203.4	0.9675E-16
211.1	0.9847E-16
219.2	0.1002E-15
227.5	0.1020E-15
236.2	0.1039E-15
245.2	0.1058E-15
254.5	0.1078E-15
264.2	0.1098E-15
274.3	0.1118E-15
284.7	0.1140E-15
295.6	0.1162E-15
306.8	0.1184E-15
318.5	0.1208E-15
330.6	0.1232E-15
343.2	0.1257E-15
356.3	0.1283E-15
369.9	0.1310E-15
384.0	0.1338E-15
398.6	0.1367E-15
413.8	0.1397E-15
429.5	0.1428E-15
445.9	0.1460E-15
462.9	0.1494E-15
480.5	0.1529E-15
498.8	0.1566E-15
517.8	0.1605E-15
537.5	0.1645E-15
558.0	0.1686E-15
579.2	0.1730E-15
601.3	0.1775E-15
624.2	0.1823E-15
648.0	0.1873E-15
672.6	0.1925E-15
698.3	0.1980E-15
724.9	0.2037E-15
752.5	0.2097E-15
781.1	0.2160E-15
810.9	0.2226E-15
841.8	0.2295E-15
873.8	0.2367E-15
907.1	0.2443E-15
941.6	0.2522E-15
977.5	0.2606E-15
1015.	0.2694E-15
1053.	0.2786E-15
1094.	0.2882E-15
1135.	0.2984E-15
1178.	0.3091E-15
1223.	0.3202E-15
1270.	0.3320E-15
1318.	0.3444E-15
1368.	0.3573E-15
1421.	0.3710E-15
1475.	0.3853E-15
1531.	0.4003E-15
1589.	0.4161E-15
1650.	0.4327E-15
1712.	0.4502E-15
1778.	0.4685E-15
1845.	0.4877E-15
1916.	0.5080E-15
1989.	0.5292E-15
2064.	0.5516E-15
2143.	0.5751E-15
2225.	0.5997E-15
2309.	0.6257E-15
2397.	0.6530E-15
2489.	0.6817E-15
2583.	0.7118E-15
2682.	0.7436E-15
2784.	0.7769E-15
2890.	0.8121E-15
3000.	0.8490E-15
 
 
E/N (Td)	Inelastic power loss /N (eV m3/s)
0.1000E-02	0.1875E-22
0.1038E-02	0.2085E-22
0.1078E-02	0.2247E-22
0.1119E-02	0.2422E-22
0.1161E-02	0.2611E-22
0.1205E-02	0.2815E-22
0.1251E-02	0.3035E-22
0.1299E-02	0.3271E-22
0.1349E-02	0.3527E-22
0.1400E-02	0.3802E-22
0.1453E-02	0.4100E-22
0.1509E-02	0.4420E-22
0.1566E-02	0.4766E-22
0.1626E-02	0.5139E-22
0.1688E-02	0.5542E-22
0.1752E-02	0.5977E-22
0.1819E-02	0.6446E-22
0.1888E-02	0.6952E-22
0.1960E-02	0.7498E-22
0.2034E-02	0.8088E-22
0.2112E-02	0.8725E-22
0.2192E-02	0.9413E-22
0.2276E-02	0.1016E-21
0.2362E-02	0.1096E-21
0.2452E-02	0.1182E-21
0.2546E-02	0.1276E-21
0.2643E-02	0.1377E-21
0.2743E-02	0.1487E-21
0.2848E-02	0.1605E-21
0.2956E-02	0.1733E-21
0.3069E-02	0.1872E-21
0.3186E-02	0.2022E-21
0.3307E-02	0.2184E-21
0.3433E-02	0.2359E-21
0.3564E-02	0.2549E-21
0.3700E-02	0.2756E-21
0.3841E-02	0.2979E-21
0.3987E-02	0.3221E-21
0.4139E-02	0.3483E-21
0.4296E-02	0.3768E-21
0.4460E-02	0.4077E-21
0.4630E-02	0.4413E-21
0.4806E-02	0.4777E-21
0.4989E-02	0.5173E-21
0.5179E-02	0.5604E-21
0.5377E-02	0.6072E-21
0.5581E-02	0.6581E-21
0.5794E-02	0.7136E-21
0.6015E-02	0.7740E-21
0.6244E-02	0.8398E-21
0.6481E-02	0.9115E-21
0.6728E-02	0.9896E-21
0.6985E-02	0.1075E-20
0.7251E-02	0.1168E-20
0.7527E-02	0.1270E-20
0.7813E-02	0.1380E-20
0.8111E-02	0.1501E-20
0.8420E-02	0.1634E-20
0.8741E-02	0.1778E-20
0.9073E-02	0.1936E-20
0.9419E-02	0.2109E-20
0.9778E-02	0.2298E-20
0.1015E-01	0.2504E-20
0.1054E-01	0.2729E-20
0.1094E-01	0.2975E-20
0.1135E-01	0.3244E-20
0.1179E-01	0.3538E-20
0.1224E-01	0.3858E-20
0.1270E-01	0.4208E-20
0.1319E-01	0.4589E-20
0.1369E-01	0.5005E-20
0.1421E-01	0.5458E-20
0.1475E-01	0.5951E-20
0.1531E-01	0.6487E-20
0.1590E-01	0.7071E-20
0.1650E-01	0.7705E-20
0.1713E-01	0.8394E-20
0.1778E-01	0.9141E-20
0.1846E-01	0.9951E-20
0.1916E-01	0.1083E-19
0.1989E-01	0.1178E-19
0.2065E-01	0.1281E-19
0.2144E-01	0.1392E-19
0.2225E-01	0.1512E-19
0.2310E-01	0.1642E-19
0.2398E-01	0.1783E-19
0.2489E-01	0.1934E-19
0.2584E-01	0.2098E-19
0.2682E-01	0.2274E-19
0.2785E-01	0.2464E-19
0.2891E-01	0.2669E-19
0.3001E-01	0.2890E-19
0.3115E-01	0.3128E-19
0.3234E-01	0.3385E-19
0.3357E-01	0.3661E-19
0.3485E-01	0.3959E-19
0.3617E-01	0.4280E-19
0.3755E-01	0.4626E-19
0.3898E-01	0.4999E-19
0.4047E-01	0.5401E-19
0.4201E-01	0.5833E-19
0.4361E-01	0.6300E-19
0.4527E-01	0.6803E-19
0.4699E-01	0.7345E-19
0.4878E-01	0.7930E-19
0.5064E-01	0.8560E-19
0.5257E-01	0.9240E-19
0.5457E-01	0.9973E-19
0.5665E-01	0.1076E-18
0.5881E-01	0.1162E-18
0.6105E-01	0.1254E-18
0.6337E-01	0.1353E-18
0.6579E-01	0.1461E-18
0.6829E-01	0.1577E-18
0.7089E-01	0.1702E-18
0.7359E-01	0.1837E-18
0.7640E-01	0.1983E-18
0.7931E-01	0.2140E-18
0.8233E-01	0.2311E-18
0.8546E-01	0.2495E-18
0.8872E-01	0.2694E-18
0.9210E-01	0.2908E-18
0.9560E-01	0.3141E-18
0.9924E-01	0.3392E-18
0.1030	0.3663E-18
0.1069	0.3956E-18
0.1110	0.4274E-18
0.1152	0.4617E-18
0.1196	0.4988E-18
0.1242	0.5389E-18
0.1289	0.5823E-18
0.1338	0.6293E-18
0.1389	0.6801E-18
0.1442	0.7351E-18
0.1497	0.7946E-18
0.1554	0.8591E-18
0.1613	0.9288E-18
0.1675	0.1004E-17
0.1739	0.1086E-17
0.1805	0.1175E-17
0.1874	0.1270E-17
0.1945	0.1374E-17
0.2019	0.1487E-17
0.2096	0.1609E-17
0.2176	0.1740E-17
0.2259	0.1884E-17
0.2345	0.2038E-17
0.2434	0.2206E-17
0.2527	0.2388E-17
0.2623	0.2586E-17
0.2723	0.2800E-17
0.2826	0.3032E-17
0.2934	0.3283E-17
0.3046	0.3556E-17
0.3162	0.3852E-17
0.3282	0.4173E-17
0.3407	0.4522E-17
0.3537	0.4899E-17
0.3672	0.5309E-17
0.3812	0.5754E-17
0.3957	0.6237E-17
0.4107	0.6761E-17
0.4264	0.7329E-17
0.4426	0.7946E-17
0.4595	0.8615E-17
0.4770	0.9341E-17
0.4952	0.1014E-16
0.5140	0.1099E-16
0.5336	0.1192E-16
0.5539	0.1292E-16
0.5750	0.1401E-16
0.5969	0.1520E-16
0.6196	0.1648E-16
0.6432	0.1786E-16
0.6677	0.1938E-16
0.6932	0.2100E-16
0.7196	0.2275E-16
0.7470	0.2465E-16
0.7754	0.2670E-16
0.8050	0.2890E-16
0.8356	0.3128E-16
0.8674	0.3384E-16
0.9005	0.3659E-16
0.9348	0.3955E-16
0.9704	0.4273E-16
1.007	0.4613E-16
1.046	0.4978E-16
1.086	0.5368E-16
1.127	0.5784E-16
1.170	0.6225E-16
1.214	0.6698E-16
1.261	0.7200E-16
1.309	0.7733E-16
1.358	0.8299E-16
1.410	0.8897E-16
1.464	0.9529E-16
1.520	0.1020E-15
1.578	0.1090E-15
1.638	0.1163E-15
1.700	0.1241E-15
1.765	0.1322E-15
1.832	0.1407E-15
1.902	0.1495E-15
1.974	0.1587E-15
2.049	0.1683E-15
2.127	0.1782E-15
2.208	0.1885E-15
2.293	0.1991E-15
2.380	0.2101E-15
2.470	0.2213E-15
2.565	0.2329E-15
2.662	0.2446E-15
2.764	0.2567E-15
2.869	0.2691E-15
2.978	0.2818E-15
3.092	0.2947E-15
3.209	0.3078E-15
3.332	0.3211E-15
3.458	0.3346E-15
3.590	0.3483E-15
3.727	0.3620E-15
3.869	0.3759E-15
4.016	0.3899E-15
4.169	0.4039E-15
4.328	0.4181E-15
4.493	0.4324E-15
4.664	0.4467E-15
4.841	0.4610E-15
5.026	0.4753E-15
5.217	0.4897E-15
5.416	0.5041E-15
5.622	0.5185E-15
5.836	0.5330E-15
6.059	0.5474E-15
6.289	0.5618E-15
6.529	0.5762E-15
6.778	0.5906E-15
7.036	0.6051E-15
7.304	0.6194E-15
7.582	0.6339E-15
7.871	0.6484E-15
8.170	0.6629E-15
8.482	0.6774E-15
8.805	0.6920E-15
9.140	0.7066E-15
9.488	0.7213E-15
9.849	0.7360E-15
10.22	0.7509E-15
10.61	0.7658E-15
11.02	0.7808E-15
11.44	0.7960E-15
11.87	0.8113E-15
12.33	0.8268E-15
12.80	0.8425E-15
13.28	0.8584E-15
13.79	0.8746E-15
14.31	0.8910E-15
14.86	0.9078E-15
15.42	0.9248E-15
16.01	0.9423E-15
16.62	0.9602E-15
17.25	0.9786E-15
17.91	0.9975E-15
18.59	0.1017E-14
19.30	0.1037E-14
20.04	0.1058E-14
20.80	0.1080E-14
21.59	0.1102E-14
22.42	0.1126E-14
23.27	0.1151E-14
24.16	0.1177E-14
25.08	0.1204E-14
26.03	0.1233E-14
27.02	0.1264E-14
28.05	0.1297E-14
29.12	0.1332E-14
30.23	0.1369E-14
31.38	0.1410E-14
32.57	0.1454E-14
33.82	0.1501E-14
35.10	0.1553E-14
36.44	0.1609E-14
37.83	0.1671E-14
39.27	0.1738E-14
40.76	0.1812E-14
42.32	0.1892E-14
43.93	0.1980E-14
45.60	0.2076E-14
47.34	0.2181E-14
49.14	0.2295E-14
51.01	0.2420E-14
52.96	0.2554E-14
54.97	0.2700E-14
57.07	0.2859E-14
59.24	0.3030E-14
61.50	0.3215E-14
63.84	0.3414E-14
66.27	0.3629E-14
68.79	0.3861E-14
71.41	0.4110E-14
74.13	0.4378E-14
76.96	0.4667E-14
79.89	0.4977E-14
82.93	0.5310E-14
86.09	0.5669E-14
89.37	0.6053E-14
92.77	0.6466E-14
96.31	0.6909E-14
99.97	0.7385E-14
103.8	0.7896E-14
107.7	0.8443E-14
111.8	0.9031E-14
116.1	0.9661E-14
120.5	0.1034E-13
125.1	0.1106E-13
129.9	0.1184E-13
134.8	0.1267E-13
140.0	0.1356E-13
145.3	0.1451E-13
150.8	0.1554E-13
156.6	0.1663E-13
162.5	0.1780E-13
168.7	0.1905E-13
175.1	0.2040E-13
181.8	0.2183E-13
188.7	0.2337E-13
195.9	0.2501E-13
203.4	0.2676E-13
211.1	0.2863E-13
219.2	0.3063E-13
227.5	0.3277E-13
236.2	0.3506E-13
245.2	0.3749E-13
254.5	0.4009E-13
264.2	0.4287E-13
274.3	0.4582E-13
284.7	0.4898E-13
295.6	0.5234E-13
306.8	0.5592E-13
318.5	0.5973E-13
330.6	0.6379E-13
343.2	0.6811E-13
356.3	0.7271E-13
369.9	0.7760E-13
384.0	0.8279E-13
398.6	0.8832E-13
413.8	0.9418E-13
429.5	0.1004E-12
445.9	0.1070E-12
462.9	0.1140E-12
480.5	0.1215E-12
498.8	0.1293E-12
517.8	0.1377E-12
537.5	0.1465E-12
558.0	0.1559E-12
579.2	0.1658E-12
601.3	0.1762E-12
624.2	0.1872E-12
648.0	0.1989E-12
672.6	0.2111E-12
698.3	0.2241E-12
724.9	0.2378E-12
752.5	0.2521E-12
781.1	0.2672E-12
810.9	0.2830E-12
841.8	0.2997E-12
873.8	0.3171E-12
907.1	0.3354E-12
941.6	0.3545E-12
977.5	0.3745E-12
1015.	0.3954E-12
1053.	0.4172E-12
1094.	0.4399E-12
1135.	0.4635E-12
1178.	0.4881E-12
1223.	0.5136E-12
1270.	0.5402E-12
1318.	0.5676E-12
1368.	0.5961E-12
1421.	0.6254E-12
1475.	0.6557E-12
1531.	0.6870E-12
1589.	0.7192E-12
1650.	0.7524E-12
1712.	0.7863E-12
1778.	0.8212E-12
1845.	0.8570E-12
1916.	0.8936E-12
1989.	0.9310E-12
2064.	0.9692E-12
2143.	0.1008E-11
2225.	0.1048E-11
2309.	0.1088E-11
2397.	0.1129E-11
2489.	0.1170E-11
2583.	0.1213E-11
2682.	0.1255E-11
2784.	0.1298E-11
2890.	0.1342E-11
3000.	0.1385E-11
 
 
E/N (Td)	Growth power /N (eV m3/s)
0.1000E-02	0.000
0.1038E-02	0.000
0.1078E-02	0.000
0.1119E-02	0.000
0.1161E-02	0.000
0.1205E-02	0.000
0.1251E-02	0.000
0.1299E-02	0.000
0.1349E-02	0.000
0.1400E-02	0.000
0.1453E-02	0.000
0.1509E-02	0.000
0.1566E-02	0.000
0.1626E-02	0.000
0.1688E-02	0.000
0.1752E-02	0.000
0.1819E-02	0.000
0.1888E-02	0.000
0.1960E-02	0.000
0.2034E-02	0.000
0.2112E-02	0.000
0.2192E-02	0.000
0.2276E-02	0.000
0.2362E-02	0.000
0.2452E-02	0.000
0.2546E-02	0.000
0.2643E-02	0.000
0.2743E-02	0.000
0.2848E-02	0.000
0.2956E-02	0.000
0.3069E-02	0.000
0.3186E-02	0.000
0.3307E-02	0.000
0.3433E-02	0.000
0.3564E-02	0.000
0.3700E-02	0.000
0.3841E-02	0.000
0.3987E-02	0.000
0.4139E-02	0.000
0.4296E-02	0.000
0.4460E-02	0.000
0.4630E-02	0.000
0.4806E-02	0.000
0.4989E-02	0.000
0.5179E-02	0.000
0.5377E-02	0.000
0.5581E-02	0.000
0.5794E-02	0.000
0.6015E-02	0.000
0.6244E-02	0.000
0.6481E-02	0.000
0.6728E-02	0.000
0.6985E-02	0.000
0.7251E-02	0.000
0.7527E-02	0.000
0.7813E-02	0.000
0.8111E-02	0.000
0.8420E-02	0.000
0.8741E-02	0.000
0.9073E-02	0.000
0.9419E-02	0.000
0.9778E-02	0.000
0.1015E-01	0.000
0.1054E-01	0.000
0.1094E-01	0.000
0.1135E-01	0.000
0.1179E-01	0.000
0.1224E-01	0.000
0.1270E-01	0.000
0.1319E-01	0.000
0.1369E-01	0.000
0.1421E-01	0.000
0.1475E-01	0.000
0.1531E-01	0.000
0.1590E-01	0.000
0.1650E-01	0.000
0.1713E-01	0.000
0.1778E-01	0.000
0.1846E-01	0.000
0.1916E-01	0.000
0.1989E-01	0.000
0.2065E-01	0.000
0.2144E-01	0.000
0.2225E-01	0.000
0.2310E-01	0.000
0.2398E-01	0.000
0.2489E-01	0.000
0.2584E-01	0.000
0.2682E-01	0.000
0.2785E-01	0.000
0.2891E-01	0.000
0.3001E-01	0.000
0.3115E-01	0.000
0.3234E-01	0.000
0.3357E-01	0.000
0.3485E-01	0.000
0.3617E-01	0.000
0.3755E-01	0.000
0.3898E-01	0.000
0.4047E-01	0.000
0.4201E-01	0.000
0.4361E-01	0.000
0.4527E-01	0.000
0.4699E-01	0.000
0.4878E-01	0.000
0.5064E-01	0.000
0.5257E-01	0.000
0.5457E-01	0.000
0.5665E-01	0.000
0.5881E-01	0.000
0.6105E-01	0.000
0.6337E-01	0.000
0.6579E-01	0.000
0.6829E-01	0.000
0.7089E-01	0.000
0.7359E-01	0.000
0.7640E-01	0.000
0.7931E-01	0.000
0.8233E-01	0.000
0.8546E-01	0.000
0.8872E-01	0.000
0.9210E-01	0.000
0.9560E-01	0.000
0.9924E-01	0.000
0.1030	0.000
0.1069	0.000
0.1110	0.000
0.1152	0.000
0.1196	0.000
0.1242	0.000
0.1289	0.000
0.1338	0.000
0.1389	0.000
0.1442	0.000
0.1497	0.000
0.1554	0.000
0.1613	0.000
0.1675	0.000
0.1739	0.000
0.1805	0.000
0.1874	0.000
0.1945	0.000
0.2019	0.000
0.2096	0.000
0.2176	0.000
0.2259	0.000
0.2345	0.000
0.2434	0.000
0.2527	0.000
0.2623	0.000
0.2723	0.000
0.2826	0.000
0.2934	0.000
0.3046	0.000
0.3162	0.000
0.3282	0.000
0.3407	0.000
0.3537	0.000
0.3672	0.000
0.3812	0.000
0.3957	0.000
0.4107	0.000
0.4264	0.000
0.4426	0.000
0.4595	0.000
0.4770	0.000
0.4952	0.000
0.5140	0.000
0.5336	0.000
0.5539	0.000
0.5750	0.000
0.5969	0.000
0.6196	0.000
0.6432	0.000
0.6677	0.000
0.6932	0.000
0.7196	0.000
0.7470	0.000
0.7754	0.000
0.8050	0.000
0.8356	0.000
0.8674	0.000
0.9005	0.000
0.9348	0.000
0.9704	0.000
1.007	0.000
1.046	0.000
1.086	0.000
1.127	0.000
1.170	0.000
1.214	0.000
1.261	0.000
1.309	0.000
1.358	0.000
1.410	0.000
1.464	0.000
1.520	0.000
1.578	0.000
1.638	0.000
1.700	0.000
1.765	0.000
1.832	0.000
1.902	0.000
1.974	0.000
2.049	0.000
2.127	0.000
2.208	0.000
2.293	0.000
2.380	0.000
2.470	0.000
2.565	0.000
2.662	0.000
2.764	0.000
2.869	0.000
2.978	0.000
3.092	0.000
3.209	0.000
3.332	0.000
3.458	0.000
3.590	0.000
3.727	0.000
3.869	0.000
4.016	0.000
4.169	0.000
4.328	0.000
4.493	0.000
4.664	0.000
4.841	0.000
5.026	0.000
5.217	0.000
5.416	0.000
5.622	0.000
5.836	0.000
6.059	0.000
6.289	0.000
6.529	0.000
6.778	0.000
7.036	0.000
7.304	0.000
7.582	0.000
7.871	0.000
8.170	0.000
8.482	0.000
8.805	0.000
9.140	0.000
9.488	0.000
9.849	0.000
10.22	0.000
10.61	0.000
11.02	0.000
11.44	0.000
11.87	-0.1960E-28
12.33	-0.7340E-28
12.80	-0.2613E-27
13.28	-0.8848E-27
13.79	-0.2855E-26
14.31	-0.9426E-26
14.86	-0.2802E-25
15.42	-0.7978E-25
16.01	-0.2178E-24
16.62	-0.5705E-24
17.25	-0.1439E-23
17.91	-0.3482E-23
18.59	-0.8113E-23
19.30	-0.1822E-22
20.04	-0.3947E-22
20.80	-0.8257E-22
21.59	-0.1671E-21
22.42	-0.3269E-21
23.27	-0.6189E-21
24.16	-0.1136E-20
25.08	-0.2021E-20
26.03	-0.3491E-20
27.02	-0.5857E-20
28.05	-0.9555E-20
29.12	-0.1516E-19
30.23	-0.2343E-19
31.38	-0.3527E-19
32.57	-0.5177E-19
33.82	-0.7415E-19
35.10	-0.1037E-18
36.44	-0.1417E-18
37.83	-0.1894E-18
39.27	-0.2475E-18
40.76	-0.3167E-18
42.32	-0.3967E-18
43.93	-0.4868E-18
45.60	-0.5848E-18
47.34	-0.6875E-18
49.14	-0.7902E-18
51.01	-0.8859E-18
52.96	-0.9653E-18
54.97	-0.1017E-17
57.07	-0.1024E-17
59.24	-0.9692E-18
61.50	-0.8262E-18
63.84	-0.5652E-18
66.27	-0.1491E-18
68.79	0.4674E-18
71.41	0.1340E-17
74.13	0.2533E-17
76.96	0.4125E-17
79.89	0.6209E-17
82.93	0.8894E-17
86.09	0.1231E-16
89.37	0.1661E-16
92.77	0.2196E-16
96.31	0.2857E-16
99.97	0.3668E-16
103.8	0.4654E-16
107.7	0.5846E-16
111.8	0.7280E-16
116.1	0.8996E-16
120.5	0.1104E-15
125.1	0.1346E-15
129.9	0.1631E-15
134.8	0.1967E-15
140.0	0.2360E-15
145.3	0.2819E-15
150.8	0.3352E-15
156.6	0.3970E-15
162.5	0.4686E-15
168.7	0.5510E-15
175.1	0.6458E-15
181.8	0.7546E-15
188.7	0.8791E-15
195.9	0.1021E-14
203.4	0.1183E-14
211.1	0.1368E-14
219.2	0.1577E-14
227.5	0.1814E-14
236.2	0.2083E-14
245.2	0.2386E-14
254.5	0.2728E-14
264.2	0.3114E-14
274.3	0.3548E-14
284.7	0.4035E-14
295.6	0.4582E-14
306.8	0.5195E-14
318.5	0.5882E-14
330.6	0.6650E-14
343.2	0.7509E-14
356.3	0.8468E-14
369.9	0.9537E-14
384.0	0.1073E-13
398.6	0.1206E-13
413.8	0.1354E-13
429.5	0.1518E-13
445.9	0.1701E-13
462.9	0.1905E-13
480.5	0.2131E-13
498.8	0.2382E-13
517.8	0.2660E-13
537.5	0.2969E-13
558.0	0.3311E-13
579.2	0.3691E-13
601.3	0.4111E-13
624.2	0.4576E-13
648.0	0.5091E-13
672.6	0.5661E-13
698.3	0.6295E-13
724.9	0.6992E-13
752.5	0.7763E-13
781.1	0.8615E-13
810.9	0.9557E-13
841.8	0.1060E-12
873.8	0.1174E-12
907.1	0.1301E-12
941.6	0.1440E-12
977.5	0.1594E-12
1015.	0.1764E-12
1053.	0.1950E-12
1094.	0.2156E-12
1135.	0.2382E-12
1178.	0.2630E-12
1223.	0.2903E-12
1270.	0.3203E-12
1318.	0.3532E-12
1368.	0.3893E-12
1421.	0.4289E-12
1475.	0.4723E-12
1531.	0.5197E-12
1589.	0.5718E-12
1650.	0.6285E-12
1712.	0.6906E-12
1778.	0.7583E-12
1845.	0.8322E-12
1916.	0.9129E-12
1989.	0.1001E-11
2064.	0.1096E-11
2143.	0.1200E-11
2225.	0.1314E-11
2309.	0.1437E-11
2397.	0.1570E-11
2489.	0.1715E-11
2583.	0.1873E-11
2682.	0.2043E-11
2784.	0.2228E-11
2890.	0.2428E-11
3000.	0.2645E-11
 
 
E/N (Td)	Maximum energy
0.1000E-02	0.7500
0.1038E-02	0.7500
0.1078E-02	0.7500
0.1119E-02	0.7500
0.1161E-02	0.7500
0.1205E-02	0.7500
0.1251E-02	0.7500
0.1299E-02	0.7500
0.1349E-02	0.7500
0.1400E-02	0.7500
0.1453E-02	0.7500
0.1509E-02	0.7500
0.1566E-02	0.7500
0.1626E-02	0.7500
0.1688E-02	0.7500
0.1752E-02	0.7500
0.1819E-02	0.7500
0.1888E-02	0.7500
0.1960E-02	0.7500
0.2034E-02	0.7500
0.2112E-02	0.7500
0.2192E-02	0.7500
0.2276E-02	0.7500
0.2362E-02	0.7500
0.2452E-02	0.7500
0.2546E-02	0.7500
0.2643E-02	0.7500
0.2743E-02	0.7500
0.2848E-02	0.7500
0.2956E-02	0.7500
0.3069E-02	0.7500
0.3186E-02	0.7500
0.3307E-02	0.7500
0.3433E-02	0.7500
0.3564E-02	0.7500
0.3700E-02	0.7500
0.3841E-02	0.7500
0.3987E-02	0.7500
0.4139E-02	0.7500
0.4296E-02	0.7500
0.4460E-02	0.7500
0.4630E-02	0.7500
0.4806E-02	0.7500
0.4989E-02	0.7500
0.5179E-02	0.7500
0.5377E-02	0.7500
0.5581E-02	0.7500
0.5794E-02	0.7500
0.6015E-02	0.7500
0.6244E-02	0.7500
0.6481E-02	0.7500
0.6728E-02	0.7500
0.6985E-02	0.7500
0.7251E-02	0.7500
0.7527E-02	0.7500
0.7813E-02	0.7500
0.8111E-02	0.7500
0.8420E-02	0.7500
0.8741E-02	0.7500
0.9073E-02	0.7500
0.9419E-02	0.7500
0.9778E-02	0.7500
0.1015E-01	0.7500
0.1054E-01	0.7500
0.1094E-01	0.7500
0.1135E-01	0.7500
0.1179E-01	0.7500
0.1224E-01	0.7500
0.1270E-01	0.7500
0.1319E-01	0.7500
0.1369E-01	0.7500
0.1421E-01	0.7500
0.1475E-01	0.7500
0.1531E-01	0.7500
0.1590E-01	0.7500
0.1650E-01	0.7500
0.1713E-01	0.7500
0.1778E-01	0.7500
0.1846E-01	0.7500
0.1916E-01	0.7500
0.1989E-01	0.7500
0.2065E-01	0.7500
0.2144E-01	0.7500
0.2225E-01	0.7500
0.2310E-01	0.7500
0.2398E-01	0.7500
0.2489E-01	0.7500
0.2584E-01	0.7500
0.2682E-01	0.7500
0.2785E-01	0.7500
0.2891E-01	0.7500
0.3001E-01	0.7500
0.3115E-01	0.7500
0.3234E-01	0.7500
0.3357E-01	0.7500
0.3485E-01	0.7500
0.3617E-01	0.7500
0.3755E-01	0.7500
0.3898E-01	0.7500
0.4047E-01	0.7500
0.4201E-01	0.7500
0.4361E-01	0.7500
0.4527E-01	0.7500
0.4699E-01	0.7500
0.4878E-01	0.7500
0.5064E-01	0.7500
0.5257E-01	0.7500
0.5457E-01	0.7500
0.5665E-01	0.7500
0.5881E-01	0.7500
0.6105E-01	0.7500
0.6337E-01	0.7500
0.6579E-01	0.7500
0.6829E-01	0.7500
0.7089E-01	0.7500
0.7359E-01	0.7500
0.7640E-01	0.7500
0.7931E-01	0.7500
0.8233E-01	0.7500
0.8546E-01	0.7500
0.8872E-01	0.7500
0.9210E-01	0.7500
0.9560E-01	0.7500
0.9924E-01	0.7500
0.1030	0.7500
0.1069	0.7500
0.1110	0.7500
0.1152	0.7500
0.1196	0.7500
0.1242	0.7500
0.1289	0.7500
0.1338	0.7500
0.1389	0.7500
0.1442	0.7500
0.1497	0.7500
0.1554	0.7500
0.1613	0.7500
0.1675	0.7500
0.1739	0.7500
0.1805	0.7500
0.1874	0.7500
0.1945	0.7500
0.2019	0.7500
0.2096	0.7500
0.2176	0.7500
0.2259	0.7500
0.2345	0.7500
0.2434	0.7500
0.2527	0.7500
0.2623	0.7500
0.2723	0.7500
0.2826	0.7500
0.2934	0.7500
0.3046	0.7500
0.3162	0.7500
0.3282	0.7500
0.3407	0.8933
0.3537	0.8933
0.3672	0.8933
0.3812	0.8933
0.3957	0.8933
0.4107	0.8933
0.4264	0.8933
0.4426	0.8933
0.4595	0.8933
0.4770	0.8933
0.4952	1.064
0.5140	1.064
0.5336	1.064
0.5539	1.064
0.5750	1.064
0.5969	1.064
0.6196	1.064
0.6432	1.064
0.6677	1.267
0.6932	1.267
0.7196	1.267
0.7470	1.267
0.7754	1.267
0.8050	1.267
0.8356	1.267
0.8674	1.267
0.9005	1.509
0.9348	1.509
0.9704	1.509
1.007	1.509
1.046	1.509
1.086	1.509
1.127	1.509
1.170	1.797
1.214	1.797
1.261	1.797
1.309	1.797
1.358	1.797
1.410	1.797
1.464	1.797
1.520	1.797
1.578	2.141
1.638	2.141
1.700	2.141
1.765	2.141
1.832	2.141
1.902	2.141
1.974	2.141
2.049	2.549
2.127	2.549
2.208	2.549
2.293	2.549
2.380	2.549
2.470	2.549
2.565	2.549
2.662	3.036
2.764	3.036
2.869	3.036
2.978	3.036
3.092	3.036
3.209	3.036
3.332	3.036
3.458	3.616
3.590	3.616
3.727	3.616
3.869	3.616
4.016	3.616
4.169	3.616
4.328	3.616
4.493	4.307
4.664	4.307
4.841	4.307
5.026	4.307
5.217	4.307
5.416	4.307
5.622	4.307
5.836	5.130
6.059	5.130
6.289	5.130
6.529	5.130
6.778	5.130
7.036	5.130
7.304	6.109
7.582	6.109
7.871	6.109
8.170	6.109
8.482	6.109
8.805	6.109
9.140	7.276
9.488	7.276
9.849	7.276
10.22	7.276
10.61	7.276
11.02	7.276
11.44	7.276
11.87	8.666
12.33	8.666
12.80	8.666
13.28	8.666
13.79	8.666
14.31	10.32
14.86	10.32
15.42	10.32
16.01	10.32
16.62	10.32
17.25	12.29
17.91	12.29
18.59	12.29
19.30	12.29
20.04	12.29
20.80	12.29
21.59	14.62
22.42	14.62
23.27	14.62
24.16	14.62
25.08	14.62
26.03	14.62
27.02	14.62
28.05	17.37
29.12	17.37
30.23	17.37
31.38	17.37
32.57	17.37
33.82	17.37
35.10	17.37
36.44	17.37
37.83	20.62
39.27	20.62
40.76	20.62
42.32	20.62
43.93	20.62
45.60	20.62
47.34	20.62
49.14	20.62
51.01	20.62
52.96	24.46
54.97	24.46
57.07	24.46
59.24	24.46
61.50	24.46
63.84	24.46
66.27	24.46
68.79	24.46
71.41	29.01
74.13	29.01
76.96	29.01
79.89	29.01
82.93	29.01
86.09	29.01
89.37	29.01
92.77	29.01
96.31	34.38
99.97	34.38
103.8	34.38
107.7	34.38
111.8	34.38
116.1	34.38
120.5	34.38
125.1	34.38
129.9	40.72
134.8	40.72
140.0	40.72
145.3	40.72
150.8	40.72
156.6	40.72
162.5	48.23
168.7	48.23
175.1	48.23
181.8	48.23
188.7	48.23
195.9	48.23
203.4	57.10
211.1	57.10
219.2	57.10
227.5	57.10
236.2	57.10
245.2	67.58
254.5	67.58
264.2	67.58
274.3	67.58
284.7	67.58
295.6	79.98
306.8	79.98
318.5	79.98
330.6	79.98
343.2	94.63
356.3	94.63
369.9	94.63
384.0	94.63
398.6	94.63
413.8	111.9
429.5	111.9
445.9	111.9
462.9	111.9
480.5	132.4
498.8	132.4
517.8	132.4
537.5	156.6
558.0	156.6
579.2	156.6
601.3	156.6
624.2	185.2
648.0	185.2
672.6	185.2
698.3	219.0
724.9	219.0
752.5	219.0
781.1	219.0
810.9	259.0
841.8	259.0
873.8	259.0
907.1	306.3
941.6	306.3
977.5	306.3
1015.	362.1
1053.	362.1
1094.	362.1
1135.	428.1
1178.	428.1
1223.	428.1
1270.	506.2
1318.	506.2
1368.	506.2
1421.	598.4
1475.	598.4
1531.	598.4
1589.	707.5
1650.	707.5
1712.	836.4
1778.	836.4
1845.	836.4
1916.	988.8
1989.	988.8
2064.	988.8
2143.	1169.
2225.	1169.
2309.	1169.
2397.	1382.
2489.	1382.
2583.	1382.
2682.	1633.
2784.	1633.
2890.	1931.
3000.	1931.
 
 
E/N (Td)	# of iterations
0.1000E-02	17.00
0.1038E-02	5.000
0.1078E-02	5.000
0.1119E-02	5.000
0.1161E-02	5.000
0.1205E-02	5.000
0.1251E-02	5.000
0.1299E-02	5.000
0.1349E-02	5.000
0.1400E-02	5.000
0.1453E-02	5.000
0.1509E-02	5.000
0.1566E-02	5.000
0.1626E-02	5.000
0.1688E-02	5.000
0.1752E-02	5.000
0.1819E-02	5.000
0.1888E-02	5.000
0.1960E-02	5.000
0.2034E-02	5.000
0.2112E-02	5.000
0.2192E-02	5.000
0.2276E-02	5.000
0.2362E-02	5.000
0.2452E-02	5.000
0.2546E-02	5.000
0.2643E-02	5.000
0.2743E-02	5.000
0.2848E-02	5.000
0.2956E-02	5.000
0.3069E-02	5.000
0.3186E-02	5.000
0.3307E-02	5.000
0.3433E-02	5.000
0.3564E-02	5.000
0.3700E-02	5.000
0.3841E-02	5.000
0.3987E-02	5.000
0.4139E-02	5.000
0.4296E-02	5.000
0.4460E-02	5.000
0.4630E-02	5.000
0.4806E-02	5.000
0.4989E-02	5.000
0.5179E-02	5.000
0.5377E-02	5.000
0.5581E-02	5.000
0.5794E-02	5.000
0.6015E-02	5.000
0.6244E-02	5.000
0.6481E-02	5.000
0.6728E-02	5.000
0.6985E-02	5.000
0.7251E-02	5.000
0.7527E-02	5.000
0.7813E-02	5.000
0.8111E-02	5.000
0.8420E-02	5.000
0.8741E-02	5.000
0.9073E-02	5.000
0.9419E-02	5.000
0.9778E-02	5.000
0.1015E-01	5.000
0.1054E-01	5.000
0.1094E-01	5.000
0.1135E-01	5.000
0.1179E-01	5.000
0.1224E-01	5.000
0.1270E-01	5.000
0.1319E-01	5.000
0.1369E-01	5.000
0.1421E-01	5.000
0.1475E-01	5.000
0.1531E-01	5.000
0.1590E-01	5.000
0.1650E-01	5.000
0.1713E-01	5.000
0.1778E-01	5.000
0.1846E-01	5.000
0.1916E-01	5.000
0.1989E-01	5.000
0.2065E-01	5.000
0.2144E-01	5.000
0.2225E-01	5.000
0.2310E-01	5.000
0.2398E-01	5.000
0.2489E-01	5.000
0.2584E-01	5.000
0.2682E-01	5.000
0.2785E-01	5.000
0.2891E-01	5.000
0.3001E-01	5.000
0.3115E-01	5.000
0.3234E-01	5.000
0.3357E-01	5.000
0.3485E-01	5.000
0.3617E-01	5.000
0.3755E-01	5.000
0.3898E-01	5.000
0.4047E-01	5.000
0.4201E-01	5.000
0.4361E-01	5.000
0.4527E-01	5.000
0.4699E-01	5.000
0.4878E-01	5.000
0.5064E-01	5.000
0.5257E-01	5.000
0.5457E-01	5.000
0.5665E-01	5.000
0.5881E-01	5.000
0.6105E-01	4.000
0.6337E-01	4.000
0.6579E-01	4.000
0.6829E-01	4.000
0.7089E-01	4.000
0.7359E-01	4.000
0.7640E-01	4.000
0.7931E-01	4.000
0.8233E-01	4.000
0.8546E-01	4.000
0.8872E-01	4.000
0.9210E-01	4.000
0.9560E-01	4.000
0.9924E-01	4.000
0.1030	4.000
0.1069	4.000
0.1110	4.000
0.1152	4.000
0.1196	4.000
0.1242	4.000
0.1289	4.000
0.1338	4.000
0.1389	4.000
0.1442	4.000
0.1497	4.000
0.1554	4.000
0.1613	4.000
0.1675	4.000
0.1739	4.000
0.1805	4.000
0.1874	4.000
0.1945	4.000
0.2019	4.000
0.2096	4.000
0.2176	4.000
0.2259	4.000
0.2345	4.000
0.2434	4.000
0.2527	4.000
0.2623	4.000
0.2723	4.000
0.2826	4.000
0.2934	4.000
0.3046	4.000
0.3162	4.000
0.3282	4.000
0.3407	8.000
0.3537	4.000
0.3672	4.000
0.3812	4.000
0.3957	4.000
0.4107	4.000
0.4264	4.000
0.4426	4.000
0.4595	4.000
0.4770	4.000
0.4952	8.000
0.5140	4.000
0.5336	4.000
0.5539	4.000
0.5750	4.000
0.5969	4.000
0.6196	4.000
0.6432	4.000
0.6677	8.000
0.6932	4.000
0.7196	4.000
0.7470	4.000
0.7754	4.000
0.8050	4.000
0.8356	4.000
0.8674	4.000
0.9005	8.000
0.9348	4.000
0.9704	4.000
1.007	4.000
1.046	4.000
1.086	4.000
1.127	4.000
1.170	8.000
1.214	4.000
1.261	4.000
1.309	4.000
1.358	4.000
1.410	4.000
1.464	4.000
1.520	4.000
1.578	8.000
1.638	4.000
1.700	4.000
1.765	4.000
1.832	4.000
1.902	4.000
1.974	4.000
2.049	8.000
2.127	4.000
2.208	4.000
2.293	4.000
2.380	4.000
2.470	4.000
2.565	4.000
2.662	8.000
2.764	4.000
2.869	4.000
2.978	4.000
3.092	4.000
3.209	4.000
3.332	4.000
3.458	8.000
3.590	4.000
3.727	4.000
3.869	4.000
4.016	4.000
4.169	4.000
4.328	4.000
4.493	8.000
4.664	4.000
4.841	4.000
5.026	4.000
5.217	4.000
5.416	4.000
5.622	4.000
5.836	8.000
6.059	4.000
6.289	4.000
6.529	4.000
6.778	4.000
7.036	4.000
7.304	8.000
7.582	4.000
7.871	4.000
8.170	4.000
8.482	4.000
8.805	4.000
9.140	8.000
9.488	4.000
9.849	4.000
10.22	4.000
10.61	4.000
11.02	4.000
11.44	4.000
11.87	8.000
12.33	4.000
12.80	4.000
13.28	4.000
13.79	4.000
14.31	8.000
14.86	4.000
15.42	4.000
16.01	4.000
16.62	4.000
17.25	8.000
17.91	4.000
18.59	4.000
19.30	4.000
20.04	4.000
20.80	4.000
21.59	8.000
22.42	4.000
23.27	4.000
24.16	4.000
25.08	4.000
26.03	4.000
27.02	4.000
28.05	8.000
29.12	4.000
30.23	4.000
31.38	4.000
32.57	4.000
33.82	4.000
35.10	4.000
36.44	4.000
37.83	8.000
39.27	4.000
40.76	4.000
42.32	4.000
43.93	4.000
45.60	4.000
47.34	4.000
49.14	4.000
51.01	4.000
52.96	8.000
54.97	4.000
57.07	4.000
59.24	4.000
61.50	4.000
63.84	4.000
66.27	4.000
68.79	4.000
71.41	8.000
74.13	4.000
76.96	4.000
79.89	4.000
82.93	4.000
86.09	4.000
89.37	4.000
92.77	4.000
96.31	8.000
99.97	4.000
103.8	4.000
107.7	4.000
111.8	4.000
116.1	4.000
120.5	4.000
125.1	4.000
129.9	8.000
134.8	4.000
140.0	4.000
145.3	4.000
150.8	4.000
156.6	5.000
162.5	10.00
168.7	5.000
175.1	5.000
181.8	5.000
188.7	5.000
195.9	5.000
203.4	10.00
211.1	5.000
219.2	5.000
227.5	5.000
236.2	5.000
245.2	10.00
254.5	5.000
264.2	5.000
274.3	5.000
284.7	5.000
295.6	10.00
306.8	5.000
318.5	5.000
330.6	5.000
343.2	11.00
356.3	5.000
369.9	5.000
384.0	6.000
398.6	6.000
413.8	11.00
429.5	5.000
445.9	6.000
462.9	6.000
480.5	11.00
498.8	5.000
517.8	5.000
537.5	11.00
558.0	5.000
579.2	6.000
601.3	6.000
624.2	12.00
648.0	6.000
672.6	6.000
698.3	13.00
724.9	7.000
752.5	7.000
781.1	7.000
810.9	13.00
841.8	7.000
873.8	7.000
907.1	14.00
941.6	7.000
977.5	7.000
1015.	13.00
1053.	6.000
1094.	6.000
1135.	13.00
1178.	7.000
1223.	7.000
1270.	16.00
1318.	8.000
1368.	8.000
1421.	16.00
1475.	8.000
1531.	8.000
1589.	15.00
1650.	7.000
1712.	15.00
1778.	9.000
1845.	9.000
1916.	18.00
1989.	9.000
2064.	9.000
2143.	18.00
2225.	9.000
2309.	9.000
2397.	17.00
2489.	8.000
2583.	8.000
2682.	17.00
2784.	9.000
2890.	18.00
3000.	9.000
 
 
E/N (Td)	# of grid trials
0.1000E-02	2.000
0.1038E-02	1.000
0.1078E-02	1.000
0.1119E-02	1.000
0.1161E-02	1.000
0.1205E-02	1.000
0.1251E-02	1.000
0.1299E-02	1.000
0.1349E-02	1.000
0.1400E-02	1.000
0.1453E-02	1.000
0.1509E-02	1.000
0.1566E-02	1.000
0.1626E-02	1.000
0.1688E-02	1.000
0.1752E-02	1.000
0.1819E-02	1.000
0.1888E-02	1.000
0.1960E-02	1.000
0.2034E-02	1.000
0.2112E-02	1.000
0.2192E-02	1.000
0.2276E-02	1.000
0.2362E-02	1.000
0.2452E-02	1.000
0.2546E-02	1.000
0.2643E-02	1.000
0.2743E-02	1.000
0.2848E-02	1.000
0.2956E-02	1.000
0.3069E-02	1.000
0.3186E-02	1.000
0.3307E-02	1.000
0.3433E-02	1.000
0.3564E-02	1.000
0.3700E-02	1.000
0.3841E-02	1.000
0.3987E-02	1.000
0.4139E-02	1.000
0.4296E-02	1.000
0.4460E-02	1.000
0.4630E-02	1.000
0.4806E-02	1.000
0.4989E-02	1.000
0.5179E-02	1.000
0.5377E-02	1.000
0.5581E-02	1.000
0.5794E-02	1.000
0.6015E-02	1.000
0.6244E-02	1.000
0.6481E-02	1.000
0.6728E-02	1.000
0.6985E-02	1.000
0.7251E-02	1.000
0.7527E-02	1.000
0.7813E-02	1.000
0.8111E-02	1.000
0.8420E-02	1.000
0.8741E-02	1.000
0.9073E-02	1.000
0.9419E-02	1.000
0.9778E-02	1.000
0.1015E-01	1.000
0.1054E-01	1.000
0.1094E-01	1.000
0.1135E-01	1.000
0.1179E-01	1.000
0.1224E-01	1.000
0.1270E-01	1.000
0.1319E-01	1.000
0.1369E-01	1.000
0.1421E-01	1.000
0.1475E-01	1.000
0.1531E-01	1.000
0.1590E-01	1.000
0.1650E-01	1.000
0.1713E-01	1.000
0.1778E-01	1.000
0.1846E-01	1.000
0.1916E-01	1.000
0.1989E-01	1.000
0.2065E-01	1.000
0.2144E-01	1.000
0.2225E-01	1.000
0.2310E-01	1.000
0.2398E-01	1.000
0.2489E-01	1.000
0.2584E-01	1.000
0.2682E-01	1.000
0.2785E-01	1.000
0.2891E-01	1.000
0.3001E-01	1.000
0.3115E-01	1.000
0.3234E-01	1.000
0.3357E-01	1.000
0.3485E-01	1.000
0.3617E-01	1.000
0.3755E-01	1.000
0.3898E-01	1.000
0.4047E-01	1.000
0.4201E-01	1.000
0.4361E-01	1.000
0.4527E-01	1.000
0.4699E-01	1.000
0.4878E-01	1.000
0.5064E-01	1.000
0.5257E-01	1.000
0.5457E-01	1.000
0.5665E-01	1.000
0.5881E-01	1.000
0.6105E-01	1.000
0.6337E-01	1.000
0.6579E-01	1.000
0.6829E-01	1.000
0.7089E-01	1.000
0.7359E-01	1.000
0.7640E-01	1.000
0.7931E-01	1.000
0.8233E-01	1.000
0.8546E-01	1.000
0.8872E-01	1.000
0.9210E-01	1.000
0.9560E-01	1.000
0.9924E-01	1.000
0.1030	1.000
0.1069	1.000
0.1110	1.000
0.1152	1.000
0.1196	1.000
0.1242	1.000
0.1289	1.000
0.1338	1.000
0.1389	1.000
0.1442	1.000
0.1497	1.000
0.1554	1.000
0.1613	1.000
0.1675	1.000
0.1739	1.000
0.1805	1.000
0.1874	1.000
0.1945	1.000
0.2019	1.000
0.2096	1.000
0.2176	1.000
0.2259	1.000
0.2345	1.000
0.2434	1.000
0.2527	1.000
0.2623	1.000
0.2723	1.000
0.2826	1.000
0.2934	1.000
0.3046	1.000
0.3162	1.000
0.3282	1.000
0.3407	2.000
0.3537	1.000
0.3672	1.000
0.3812	1.000
0.3957	1.000
0.4107	1.000
0.4264	1.000
0.4426	1.000
0.4595	1.000
0.4770	1.000
0.4952	2.000
0.5140	1.000
0.5336	1.000
0.5539	1.000
0.5750	1.000
0.5969	1.000
0.6196	1.000
0.6432	1.000
0.6677	2.000
0.6932	1.000
0.7196	1.000
0.7470	1.000
0.7754	1.000
0.8050	1.000
0.8356	1.000
0.8674	1.000
0.9005	2.000
0.9348	1.000
0.9704	1.000
1.007	1.000
1.046	1.000
1.086	1.000
1.127	1.000
1.170	2.000
1.214	1.000
1.261	1.000
1.309	1.000
1.358	1.000
1.410	1.000
1.464	1.000
1.520	1.000
1.578	2.000
1.638	1.000
1.700	1.000
1.765	1.000
1.832	1.000
1.902	1.000
1.974	1.000
2.049	2.000
2.127	1.000
2.208	1.000
2.293	1.000
2.380	1.000
2.470	1.000
2.565	1.000
2.662	2.000
2.764	1.000
2.869	1.000
2.978	1.000
3.092	1.000
3.209	1.000
3.332	1.000
3.458	2.000
3.590	1.000
3.727	1.000
3.869	1.000
4.016	1.000
4.169	1.000
4.328	1.000
4.493	2.000
4.664	1.000
4.841	1.000
5.026	1.000
5.217	1.000
5.416	1.000
5.622	1.000
5.836	2.000
6.059	1.000
6.289	1.000
6.529	1.000
6.778	1.000
7.036	1.000
7.304	2.000
7.582	1.000
7.871	1.000
8.170	1.000
8.482	1.000
8.805	1.000
9.140	2.000
9.488	1.000
9.849	1.000
10.22	1.000
10.61	1.000
11.02	1.000
11.44	1.000
11.87	2.000
12.33	1.000
12.80	1.000
13.28	1.000
13.79	1.000
14.31	2.000
14.86	1.000
15.42	1.000
16.01	1.000
16.62	1.000
17.25	2.000
17.91	1.000
18.59	1.000
19.30	1.000
20.04	1.000
20.80	1.000
21.59	2.000
22.42	1.000
23.27	1.000
24.16	1.000
25.08	1.000
26.03	1.000
27.02	1.000
28.05	2.000
29.12	1.000
30.23	1.000
31.38	1.000
32.57	1.000
33.82	1.000
35.10	1.000
36.44	1.000
37.83	2.000
39.27	1.000
40.76	1.000
42.32	1.000
43.93	1.000
45.60	1.000
47.34	1.000
49.14	1.000
51.01	1.000
52.96	2.000
54.97	1.000
57.07	1.000
59.24	1.000
61.50	1.000
63.84	1.000
66.27	1.000
68.79	1.000
71.41	2.000
74.13	1.000
76.96	1.000
79.89	1.000
82.93	1.000
86.09	1.000
89.37	1.000
92.77	1.000
96.31	2.000
99.97	1.000
103.8	1.000
107.7	1.000
111.8	1.000
116.1	1.000
120.5	1.000
125.1	1.000
129.9	2.000
134.8	1.000
140.0	1.000
145.3	1.000
150.8	1.000
156.6	1.000
162.5	2.000
168.7	1.000
175.1	1.000
181.8	1.000
188.7	1.000
195.9	1.000
203.4	2.000
211.1	1.000
219.2	1.000
227.5	1.000
236.2	1.000
245.2	2.000
254.5	1.000
264.2	1.000
274.3	1.000
284.7	1.000
295.6	2.000
306.8	1.000
318.5	1.000
330.6	1.000
343.2	2.000
356.3	1.000
369.9	1.000
384.0	1.000
398.6	1.000
413.8	2.000
429.5	1.000
445.9	1.000
462.9	1.000
480.5	2.000
498.8	1.000
517.8	1.000
537.5	2.000
558.0	1.000
579.2	1.000
601.3	1.000
624.2	2.000
648.0	1.000
672.6	1.000
698.3	2.000
724.9	1.000
752.5	1.000
781.1	1.000
810.9	2.000
841.8	1.000
873.8	1.000
907.1	2.000
941.6	1.000
977.5	1.000
1015.	2.000
1053.	1.000
1094.	1.000
1135.	2.000
1178.	1.000
1223.	1.000
1270.	2.000
1318.	1.000
1368.	1.000
1421.	2.000
1475.	1.000
1531.	1.000
1589.	2.000
1650.	1.000
1712.	2.000
1778.	1.000
1845.	1.000
1916.	2.000
1989.	1.000
2064.	1.000
2143.	2.000
2225.	1.000
2309.	1.000
2397.	2.000
2489.	1.000
2583.	1.000
2682.	2.000
2784.	1.000
2890.	2.000
3000.	1.000
 
 
C1    CH4    Attachment                                         
E/N (Td)	Rate coefficient (m3/s)
0.1000E-02	0.000
0.1038E-02	0.000
0.1078E-02	0.000
0.1119E-02	0.000
0.1161E-02	0.000
0.1205E-02	0.000
0.1251E-02	0.000
0.1299E-02	0.000
0.1349E-02	0.000
0.1400E-02	0.000
0.1453E-02	0.000
0.1509E-02	0.000
0.1566E-02	0.000
0.1626E-02	0.000
0.1688E-02	0.000
0.1752E-02	0.000
0.1819E-02	0.000
0.1888E-02	0.000
0.1960E-02	0.000
0.2034E-02	0.000
0.2112E-02	0.000
0.2192E-02	0.000
0.2276E-02	0.000
0.2362E-02	0.000
0.2452E-02	0.000
0.2546E-02	0.000
0.2643E-02	0.000
0.2743E-02	0.000
0.2848E-02	0.000
0.2956E-02	0.000
0.3069E-02	0.000
0.3186E-02	0.000
0.3307E-02	0.000
0.3433E-02	0.000
0.3564E-02	0.000
0.3700E-02	0.000
0.3841E-02	0.000
0.3987E-02	0.000
0.4139E-02	0.000
0.4296E-02	0.000
0.4460E-02	0.000
0.4630E-02	0.000
0.4806E-02	0.000
0.4989E-02	0.000
0.5179E-02	0.000
0.5377E-02	0.000
0.5581E-02	0.000
0.5794E-02	0.000
0.6015E-02	0.000
0.6244E-02	0.000
0.6481E-02	0.000
0.6728E-02	0.000
0.6985E-02	0.000
0.7251E-02	0.000
0.7527E-02	0.000
0.7813E-02	0.000
0.8111E-02	0.000
0.8420E-02	0.000
0.8741E-02	0.000
0.9073E-02	0.000
0.9419E-02	0.000
0.9778E-02	0.000
0.1015E-01	0.000
0.1054E-01	0.000
0.1094E-01	0.000
0.1135E-01	0.000
0.1179E-01	0.000
0.1224E-01	0.000
0.1270E-01	0.000
0.1319E-01	0.000
0.1369E-01	0.000
0.1421E-01	0.000
0.1475E-01	0.000
0.1531E-01	0.000
0.1590E-01	0.000
0.1650E-01	0.000
0.1713E-01	0.000
0.1778E-01	0.000
0.1846E-01	0.000
0.1916E-01	0.000
0.1989E-01	0.000
0.2065E-01	0.000
0.2144E-01	0.000
0.2225E-01	0.000
0.2310E-01	0.000
0.2398E-01	0.000
0.2489E-01	0.000
0.2584E-01	0.000
0.2682E-01	0.000
0.2785E-01	0.000
0.2891E-01	0.000
0.3001E-01	0.000
0.3115E-01	0.000
0.3234E-01	0.000
0.3357E-01	0.000
0.3485E-01	0.000
0.3617E-01	0.000
0.3755E-01	0.000
0.3898E-01	0.000
0.4047E-01	0.000
0.4201E-01	0.000
0.4361E-01	0.000
0.4527E-01	0.000
0.4699E-01	0.000
0.4878E-01	0.000
0.5064E-01	0.000
0.5257E-01	0.000
0.5457E-01	0.000
0.5665E-01	0.000
0.5881E-01	0.000
0.6105E-01	0.000
0.6337E-01	0.000
0.6579E-01	0.000
0.6829E-01	0.000
0.7089E-01	0.000
0.7359E-01	0.000
0.7640E-01	0.000
0.7931E-01	0.000
0.8233E-01	0.000
0.8546E-01	0.000
0.8872E-01	0.000
0.9210E-01	0.000
0.9560E-01	0.000
0.9924E-01	0.000
0.1030	0.000
0.1069	0.000
0.1110	0.000
0.1152	0.000
0.1196	0.000
0.1242	0.000
0.1289	0.000
0.1338	0.000
0.1389	0.000
0.1442	0.000
0.1497	0.000
0.1554	0.000
0.1613	0.000
0.1675	0.000
0.1739	0.000
0.1805	0.000
0.1874	0.000
0.1945	0.000
0.2019	0.000
0.2096	0.000
0.2176	0.000
0.2259	0.000
0.2345	0.000
0.2434	0.000
0.2527	0.000
0.2623	0.000
0.2723	0.000
0.2826	0.000
0.2934	0.000
0.3046	0.000
0.3162	0.000
0.3282	0.000
0.3407	0.000
0.3537	0.000
0.3672	0.000
0.3812	0.000
0.3957	0.000
0.4107	0.000
0.4264	0.000
0.4426	0.000
0.4595	0.000
0.4770	0.000
0.4952	0.000
0.5140	0.000
0.5336	0.000
0.5539	0.000
0.5750	0.000
0.5969	0.000
0.6196	0.000
0.6432	0.000
0.6677	0.000
0.6932	0.000
0.7196	0.000
0.7470	0.000
0.7754	0.000
0.8050	0.000
0.8356	0.000
0.8674	0.000
0.9005	0.000
0.9348	0.000
0.9704	0.000
1.007	0.000
1.046	0.000
1.086	0.000
1.127	0.000
1.170	0.000
1.214	0.000
1.261	0.000
1.309	0.000
1.358	0.000
1.410	0.000
1.464	0.000
1.520	0.000
1.578	0.000
1.638	0.000
1.700	0.000
1.765	0.000
1.832	0.000
1.902	0.000
1.974	0.000
2.049	0.000
2.127	0.000
2.208	0.000
2.293	0.000
2.380	0.000
2.470	0.000
2.565	0.000
2.662	0.000
2.764	0.000
2.869	0.000
2.978	0.000
3.092	0.000
3.209	0.000
3.332	0.000
3.458	0.000
3.590	0.000
3.727	0.000
3.869	0.000
4.016	0.000
4.169	0.000
4.328	0.000
4.493	0.000
4.664	0.000
4.841	0.000
5.026	0.000
5.217	0.000
5.416	0.000
5.622	0.000
5.836	0.000
6.059	0.000
6.289	0.000
6.529	0.000
6.778	0.000
7.036	0.000
7.304	0.000
7.582	0.000
7.871	0.000
8.170	0.000
8.482	0.000
8.805	0.000
9.140	0.000
9.488	0.000
9.849	0.000
10.22	0.000
10.61	0.000
11.02	0.000
11.44	0.000
11.87	0.1779E-28
12.33	0.6466E-28
12.80	0.2234E-27
13.28	0.7346E-27
13.79	0.2301E-26
14.31	0.7374E-26
14.86	0.2128E-25
15.42	0.5882E-25
16.01	0.1558E-24
16.62	0.3962E-24
17.25	0.9701E-24
17.91	0.2278E-23
18.59	0.5149E-23
19.30	0.1122E-22
20.04	0.2357E-22
20.80	0.4782E-22
21.59	0.9384E-22
22.42	0.1779E-21
23.27	0.3265E-21
24.16	0.5804E-21
25.08	0.1001E-20
26.03	0.1675E-20
27.02	0.2722E-20
28.05	0.4302E-20
29.12	0.6615E-20
30.23	0.9906E-20
31.38	0.1446E-19
32.57	0.2060E-19
33.82	0.2867E-19
35.10	0.3900E-19
36.44	0.5194E-19
37.83	0.6779E-19
39.27	0.8680E-19
40.76	0.1092E-18
42.32	0.1350E-18
43.93	0.1644E-18
45.60	0.1972E-18
47.34	0.2336E-18
49.14	0.2732E-18
51.01	0.3160E-18
52.96	0.3617E-18
54.97	0.4102E-18
57.07	0.4612E-18
59.24	0.5144E-18
61.50	0.5697E-18
63.84	0.6269E-18
66.27	0.6856E-18
68.79	0.7459E-18
71.41	0.8074E-18
74.13	0.8700E-18
76.96	0.9335E-18
79.89	0.9978E-18
82.93	0.1063E-17
86.09	0.1128E-17
89.37	0.1194E-17
92.77	0.1261E-17
96.31	0.1327E-17
99.97	0.1394E-17
103.8	0.1461E-17
107.7	0.1527E-17
111.8	0.1593E-17
116.1	0.1660E-17
120.5	0.1725E-17
125.1	0.1791E-17
129.9	0.1855E-17
134.8	0.1919E-17
140.0	0.1983E-17
145.3	0.2045E-17
150.8	0.2106E-17
156.6	0.2167E-17
162.5	0.2226E-17
168.7	0.2284E-17
175.1	0.2341E-17
181.8	0.2396E-17
188.7	0.2450E-17
195.9	0.2502E-17
203.4	0.2552E-17
211.1	0.2601E-17
219.2	0.2648E-17
227.5	0.2693E-17
236.2	0.2736E-17
245.2	0.2776E-17
254.5	0.2815E-17
264.2	0.2852E-17
274.3	0.2886E-17
284.7	0.2919E-17
295.6	0.2949E-17
306.8	0.2976E-17
318.5	0.3002E-17
330.6	0.3025E-17
343.2	0.3046E-17
356.3	0.3065E-17
369.9	0.3081E-17
384.0	0.3096E-17
398.6	0.3108E-17
413.8	0.3117E-17
429.5	0.3125E-17
445.9	0.3130E-17
462.9	0.3133E-17
480.5	0.3134E-17
498.8	0.3133E-17
517.8	0.3130E-17
537.5	0.3124E-17
558.0	0.3116E-17
579.2	0.3106E-17
601.3	0.3094E-17
624.2	0.3079E-17
648.0	0.3063E-17
672.6	0.3044E-17
698.3	0.3023E-17
724.9	0.2999E-17
752.5	0.2974E-17
781.1	0.2946E-17
810.9	0.2916E-17
841.8	0.2884E-17
873.8	0.2850E-17
907.1	0.2814E-17
941.6	0.2776E-17
977.5	0.2736E-17
1015.	0.2694E-17
1053.	0.2650E-17
1094.	0.2604E-17
1135.	0.2557E-17
1178.	0.2508E-17
1223.	0.2457E-17
1270.	0.2405E-17
1318.	0.2352E-17
1368.	0.2298E-17
1421.	0.2243E-17
1475.	0.2187E-17
1531.	0.2130E-17
1589.	0.2073E-17
1650.	0.2015E-17
1712.	0.1956E-17
1778.	0.1898E-17
1845.	0.1839E-17
1916.	0.1781E-17
1989.	0.1722E-17
2064.	0.1664E-17
2143.	0.1606E-17
2225.	0.1548E-17
2309.	0.1492E-17
2397.	0.1435E-17
2489.	0.1380E-17
2583.	0.1325E-17
2682.	0.1272E-17
2784.	0.1219E-17
2890.	0.1168E-17
3000.	0.1117E-17
 
 
C2    CH4    Elastic                                            
E/N (Td)	Rate coefficient (m3/s)
0.1000E-02	0.8253E-14
0.1038E-02	0.8253E-14
0.1078E-02	0.8252E-14
0.1119E-02	0.8252E-14
0.1161E-02	0.8252E-14
0.1205E-02	0.8252E-14
0.1251E-02	0.8252E-14
0.1299E-02	0.8251E-14
0.1349E-02	0.8251E-14
0.1400E-02	0.8251E-14
0.1453E-02	0.8251E-14
0.1509E-02	0.8250E-14
0.1566E-02	0.8250E-14
0.1626E-02	0.8250E-14
0.1688E-02	0.8249E-14
0.1752E-02	0.8249E-14
0.1819E-02	0.8248E-14
0.1888E-02	0.8248E-14
0.1960E-02	0.8247E-14
0.2034E-02	0.8247E-14
0.2112E-02	0.8246E-14
0.2192E-02	0.8246E-14
0.2276E-02	0.8245E-14
0.2362E-02	0.8244E-14
0.2452E-02	0.8243E-14
0.2546E-02	0.8242E-14
0.2643E-02	0.8241E-14
0.2743E-02	0.8240E-14
0.2848E-02	0.8239E-14
0.2956E-02	0.8238E-14
0.3069E-02	0.8237E-14
0.3186E-02	0.8236E-14
0.3307E-02	0.8234E-14
0.3433E-02	0.8233E-14
0.3564E-02	0.8231E-14
0.3700E-02	0.8229E-14
0.3841E-02	0.8227E-14
0.3987E-02	0.8225E-14
0.4139E-02	0.8223E-14
0.4296E-02	0.8221E-14
0.4460E-02	0.8218E-14
0.4630E-02	0.8216E-14
0.4806E-02	0.8213E-14
0.4989E-02	0.8210E-14
0.5179E-02	0.8207E-14
0.5377E-02	0.8204E-14
0.5581E-02	0.8200E-14
0.5794E-02	0.8196E-14
0.6015E-02	0.8192E-14
0.6244E-02	0.8188E-14
0.6481E-02	0.8183E-14
0.6728E-02	0.8179E-14
0.6985E-02	0.8174E-14
0.7251E-02	0.8169E-14
0.7527E-02	0.8163E-14
0.7813E-02	0.8157E-14
0.8111E-02	0.8151E-14
0.8420E-02	0.8145E-14
0.8741E-02	0.8138E-14
0.9073E-02	0.8132E-14
0.9419E-02	0.8124E-14
0.9778E-02	0.8117E-14
0.1015E-01	0.8110E-14
0.1054E-01	0.8102E-14
0.1094E-01	0.8094E-14
0.1135E-01	0.8086E-14
0.1179E-01	0.8078E-14
0.1224E-01	0.8069E-14
0.1270E-01	0.8061E-14
0.1319E-01	0.8053E-14
0.1369E-01	0.8044E-14
0.1421E-01	0.8036E-14
0.1475E-01	0.8027E-14
0.1531E-01	0.8019E-14
0.1590E-01	0.8011E-14
0.1650E-01	0.8003E-14
0.1713E-01	0.7995E-14
0.1778E-01	0.7987E-14
0.1846E-01	0.7980E-14
0.1916E-01	0.7973E-14
0.1989E-01	0.7966E-14
0.2065E-01	0.7960E-14
0.2144E-01	0.7954E-14
0.2225E-01	0.7948E-14
0.2310E-01	0.7943E-14
0.2398E-01	0.7938E-14
0.2489E-01	0.7933E-14
0.2584E-01	0.7929E-14
0.2682E-01	0.7925E-14
0.2785E-01	0.7922E-14
0.2891E-01	0.7918E-14
0.3001E-01	0.7915E-14
0.3115E-01	0.7913E-14
0.3234E-01	0.7910E-14
0.3357E-01	0.7908E-14
0.3485E-01	0.7906E-14
0.3617E-01	0.7904E-14
0.3755E-01	0.7902E-14
0.3898E-01	0.7901E-14
0.4047E-01	0.7899E-14
0.4201E-01	0.7897E-14
0.4361E-01	0.7896E-14
0.4527E-01	0.7894E-14
0.4699E-01	0.7892E-14
0.4878E-01	0.7890E-14
0.5064E-01	0.7888E-14
0.5257E-01	0.7886E-14
0.5457E-01	0.7884E-14
0.5665E-01	0.7881E-14
0.5881E-01	0.7878E-14
0.6105E-01	0.7875E-14
0.6337E-01	0.7872E-14
0.6579E-01	0.7868E-14
0.6829E-01	0.7864E-14
0.7089E-01	0.7859E-14
0.7359E-01	0.7854E-14
0.7640E-01	0.7849E-14
0.7931E-01	0.7843E-14
0.8233E-01	0.7837E-14
0.8546E-01	0.7830E-14
0.8872E-01	0.7823E-14
0.9210E-01	0.7815E-14
0.9560E-01	0.7807E-14
0.9924E-01	0.7798E-14
0.1030	0.7789E-14
0.1069	0.7779E-14
0.1110	0.7768E-14
0.1152	0.7757E-14
0.1196	0.7745E-14
0.1242	0.7733E-14
0.1289	0.7720E-14
0.1338	0.7706E-14
0.1389	0.7692E-14
0.1442	0.7677E-14
0.1497	0.7661E-14
0.1554	0.7644E-14
0.1613	0.7627E-14
0.1675	0.7609E-14
0.1739	0.7591E-14
0.1805	0.7571E-14
0.1874	0.7551E-14
0.1945	0.7529E-14
0.2019	0.7508E-14
0.2096	0.7485E-14
0.2176	0.7461E-14
0.2259	0.7436E-14
0.2345	0.7411E-14
0.2434	0.7384E-14
0.2527	0.7357E-14
0.2623	0.7329E-14
0.2723	0.7299E-14
0.2826	0.7269E-14
0.2934	0.7237E-14
0.3046	0.7205E-14
0.3162	0.7171E-14
0.3282	0.7136E-14
0.3407	0.7099E-14
0.3537	0.7062E-14
0.3672	0.7023E-14
0.3812	0.6983E-14
0.3957	0.6942E-14
0.4107	0.6899E-14
0.4264	0.6855E-14
0.4426	0.6809E-14
0.4595	0.6761E-14
0.4770	0.6712E-14
0.4952	0.6662E-14
0.5140	0.6610E-14
0.5336	0.6556E-14
0.5539	0.6500E-14
0.5750	0.6443E-14
0.5969	0.6383E-14
0.6196	0.6322E-14
0.6432	0.6260E-14
0.6677	0.6196E-14
0.6932	0.6130E-14
0.7196	0.6062E-14
0.7470	0.5992E-14
0.7754	0.5922E-14
0.8050	0.5849E-14
0.8356	0.5776E-14
0.8674	0.5701E-14
0.9005	0.5624E-14
0.9348	0.5548E-14
0.9704	0.5471E-14
1.007	0.5393E-14
1.046	0.5316E-14
1.086	0.5238E-14
1.127	0.5160E-14
1.170	0.5082E-14
1.214	0.5006E-14
1.261	0.4931E-14
1.309	0.4857E-14
1.358	0.4785E-14
1.410	0.4715E-14
1.464	0.4648E-14
1.520	0.4583E-14
1.578	0.4522E-14
1.638	0.4464E-14
1.700	0.4410E-14
1.765	0.4360E-14
1.832	0.4315E-14
1.902	0.4275E-14
1.974	0.4241E-14
2.049	0.4213E-14
2.127	0.4191E-14
2.208	0.4176E-14
2.293	0.4169E-14
2.380	0.4170E-14
2.470	0.4180E-14
2.565	0.4198E-14
2.662	0.4228E-14
2.764	0.4266E-14
2.869	0.4315E-14
2.978	0.4375E-14
3.092	0.4447E-14
3.209	0.4532E-14
3.332	0.4630E-14
3.458	0.4741E-14
3.590	0.4868E-14
3.727	0.5009E-14
3.869	0.5167E-14
4.016	0.5342E-14
4.169	0.5534E-14
4.328	0.5745E-14
4.493	0.5977E-14
4.664	0.6228E-14
4.841	0.6500E-14
5.026	0.6794E-14
5.217	0.7113E-14
5.416	0.7456E-14
5.622	0.7825E-14
5.836	0.8221E-14
6.059	0.8647E-14
6.289	0.9102E-14
6.529	0.9590E-14
6.778	0.1011E-13
7.036	0.1067E-13
7.304	0.1126E-13
7.582	0.1189E-13
7.871	0.1256E-13
8.170	0.1328E-13
8.482	0.1404E-13
8.805	0.1485E-13
9.140	0.1571E-13
9.488	0.1662E-13
9.849	0.1759E-13
10.22	0.1861E-13
10.61	0.1969E-13
11.02	0.2084E-13
11.44	0.2205E-13
11.87	0.2333E-13
12.33	0.2468E-13
12.80	0.2611E-13
13.28	0.2761E-13
13.79	0.2919E-13
14.31	0.3086E-13
14.86	0.3261E-13
15.42	0.3445E-13
16.01	0.3638E-13
16.62	0.3841E-13
17.25	0.4053E-13
17.91	0.4275E-13
18.59	0.4508E-13
19.30	0.4750E-13
20.04	0.5003E-13
20.80	0.5267E-13
21.59	0.5541E-13
22.42	0.5825E-13
23.27	0.6120E-13
24.16	0.6424E-13
25.08	0.6739E-13
26.03	0.7063E-13
27.02	0.7395E-13
28.05	0.7734E-13
29.12	0.8081E-13
30.23	0.8432E-13
31.38	0.8787E-13
32.57	0.9144E-13
33.82	0.9501E-13
35.10	0.9856E-13
36.44	0.1021E-12
37.83	0.1055E-12
39.27	0.1089E-12
40.76	0.1122E-12
42.32	0.1154E-12
43.93	0.1185E-12
45.60	0.1214E-12
47.34	0.1243E-12
49.14	0.1270E-12
51.01	0.1296E-12
52.96	0.1321E-12
54.97	0.1345E-12
57.07	0.1368E-12
59.24	0.1390E-12
61.50	0.1411E-12
63.84	0.1431E-12
66.27	0.1451E-12
68.79	0.1469E-12
71.41	0.1488E-12
74.13	0.1505E-12
76.96	0.1522E-12
79.89	0.1538E-12
82.93	0.1554E-12
86.09	0.1570E-12
89.37	0.1585E-12
92.77	0.1600E-12
96.31	0.1614E-12
99.97	0.1628E-12
103.8	0.1642E-12
107.7	0.1656E-12
111.8	0.1669E-12
116.1	0.1682E-12
120.5	0.1694E-12
125.1	0.1707E-12
129.9	0.1719E-12
134.8	0.1731E-12
140.0	0.1743E-12
145.3	0.1754E-12
150.8	0.1766E-12
156.6	0.1777E-12
162.5	0.1788E-12
168.7	0.1799E-12
175.1	0.1809E-12
181.8	0.1820E-12
188.7	0.1830E-12
195.9	0.1840E-12
203.4	0.1850E-12
211.1	0.1860E-12
219.2	0.1869E-12
227.5	0.1879E-12
236.2	0.1888E-12
245.2	0.1897E-12
254.5	0.1907E-12
264.2	0.1915E-12
274.3	0.1924E-12
284.7	0.1933E-12
295.6	0.1941E-12
306.8	0.1950E-12
318.5	0.1958E-12
330.6	0.1966E-12
343.2	0.1974E-12
356.3	0.1982E-12
369.9	0.1989E-12
384.0	0.1997E-12
398.6	0.2004E-12
413.8	0.2011E-12
429.5	0.2018E-12
445.9	0.2025E-12
462.9	0.2032E-12
480.5	0.2038E-12
498.8	0.2044E-12
517.8	0.2050E-12
537.5	0.2055E-12
558.0	0.2060E-12
579.2	0.2065E-12
601.3	0.2070E-12
624.2	0.2074E-12
648.0	0.2078E-12
672.6	0.2081E-12
698.3	0.2084E-12
724.9	0.2086E-12
752.5	0.2088E-12
781.1	0.2090E-12
810.9	0.2091E-12
841.8	0.2091E-12
873.8	0.2091E-12
907.1	0.2090E-12
941.6	0.2088E-12
977.5	0.2086E-12
1015.	0.2083E-12
1053.	0.2079E-12
1094.	0.2075E-12
1135.	0.2070E-12
1178.	0.2064E-12
1223.	0.2057E-12
1270.	0.2050E-12
1318.	0.2041E-12
1368.	0.2032E-12
1421.	0.2022E-12
1475.	0.2011E-12
1531.	0.1999E-12
1589.	0.1987E-12
1650.	0.1973E-12
1712.	0.1959E-12
1778.	0.1944E-12
1845.	0.1928E-12
1916.	0.1911E-12
1989.	0.1894E-12
2064.	0.1875E-12
2143.	0.1856E-12
2225.	0.1836E-12
2309.	0.1816E-12
2397.	0.1794E-12
2489.	0.1773E-12
2583.	0.1750E-12
2682.	0.1727E-12
2784.	0.1703E-12
2890.	0.1679E-12
3000.	0.1654E-12
 
 
C3    CH4    Excitation    0.16 eV                              
E/N (Td)	Rate coefficient (m3/s)
0.1000E-02	0.5270E-17
0.1038E-02	0.5270E-17
0.1078E-02	0.5270E-17
0.1119E-02	0.5270E-17
0.1161E-02	0.5270E-17
0.1205E-02	0.5270E-17
0.1251E-02	0.5270E-17
0.1299E-02	0.5269E-17
0.1349E-02	0.5269E-17
0.1400E-02	0.5269E-17
0.1453E-02	0.5269E-17
0.1509E-02	0.5269E-17
0.1566E-02	0.5269E-17
0.1626E-02	0.5269E-17
0.1688E-02	0.5268E-17
0.1752E-02	0.5268E-17
0.1819E-02	0.5268E-17
0.1888E-02	0.5268E-17
0.1960E-02	0.5268E-17
0.2034E-02	0.5267E-17
0.2112E-02	0.5267E-17
0.2192E-02	0.5267E-17
0.2276E-02	0.5267E-17
0.2362E-02	0.5266E-17
0.2452E-02	0.5266E-17
0.2546E-02	0.5266E-17
0.2643E-02	0.5265E-17
0.2743E-02	0.5265E-17
0.2848E-02	0.5264E-17
0.2956E-02	0.5264E-17
0.3069E-02	0.5263E-17
0.3186E-02	0.5263E-17
0.3307E-02	0.5262E-17
0.3433E-02	0.5262E-17
0.3564E-02	0.5261E-17
0.3700E-02	0.5260E-17
0.3841E-02	0.5259E-17
0.3987E-02	0.5259E-17
0.4139E-02	0.5258E-17
0.4296E-02	0.5257E-17
0.4460E-02	0.5256E-17
0.4630E-02	0.5255E-17
0.4806E-02	0.5254E-17
0.4989E-02	0.5252E-17
0.5179E-02	0.5251E-17
0.5377E-02	0.5250E-17
0.5581E-02	0.5248E-17
0.5794E-02	0.5247E-17
0.6015E-02	0.5245E-17
0.6244E-02	0.5244E-17
0.6481E-02	0.5242E-17
0.6728E-02	0.5240E-17
0.6985E-02	0.5238E-17
0.7251E-02	0.5236E-17
0.7527E-02	0.5234E-17
0.7813E-02	0.5232E-17
0.8111E-02	0.5230E-17
0.8420E-02	0.5227E-17
0.8741E-02	0.5225E-17
0.9073E-02	0.5222E-17
0.9419E-02	0.5220E-17
0.9778E-02	0.5217E-17
0.1015E-01	0.5215E-17
0.1054E-01	0.5212E-17
0.1094E-01	0.5210E-17
0.1135E-01	0.5207E-17
0.1179E-01	0.5205E-17
0.1224E-01	0.5203E-17
0.1270E-01	0.5200E-17
0.1319E-01	0.5198E-17
0.1369E-01	0.5196E-17
0.1421E-01	0.5194E-17
0.1475E-01	0.5193E-17
0.1531E-01	0.5192E-17
0.1590E-01	0.5191E-17
0.1650E-01	0.5190E-17
0.1713E-01	0.5190E-17
0.1778E-01	0.5190E-17
0.1846E-01	0.5191E-17
0.1916E-01	0.5192E-17
0.1989E-01	0.5194E-17
0.2065E-01	0.5197E-17
0.2144E-01	0.5200E-17
0.2225E-01	0.5204E-17
0.2310E-01	0.5208E-17
0.2398E-01	0.5214E-17
0.2489E-01	0.5220E-17
0.2584E-01	0.5227E-17
0.2682E-01	0.5235E-17
0.2785E-01	0.5244E-17
0.2891E-01	0.5255E-17
0.3001E-01	0.5266E-17
0.3115E-01	0.5279E-17
0.3234E-01	0.5293E-17
0.3357E-01	0.5308E-17
0.3485E-01	0.5325E-17
0.3617E-01	0.5343E-17
0.3755E-01	0.5363E-17
0.3898E-01	0.5385E-17
0.4047E-01	0.5409E-17
0.4201E-01	0.5434E-17
0.4361E-01	0.5462E-17
0.4527E-01	0.5492E-17
0.4699E-01	0.5525E-17
0.4878E-01	0.5561E-17
0.5064E-01	0.5599E-17
0.5257E-01	0.5640E-17
0.5457E-01	0.5685E-17
0.5665E-01	0.5733E-17
0.5881E-01	0.5785E-17
0.6105E-01	0.5842E-17
0.6337E-01	0.5903E-17
0.6579E-01	0.5969E-17
0.6829E-01	0.6040E-17
0.7089E-01	0.6117E-17
0.7359E-01	0.6200E-17
0.7640E-01	0.6289E-17
0.7931E-01	0.6386E-17
0.8233E-01	0.6491E-17
0.8546E-01	0.6604E-17
0.8872E-01	0.6726E-17
0.9210E-01	0.6858E-17
0.9560E-01	0.7001E-17
0.9924E-01	0.7156E-17
0.1030	0.7323E-17
0.1069	0.7504E-17
0.1110	0.7699E-17
0.1152	0.7910E-17
0.1196	0.8139E-17
0.1242	0.8387E-17
0.1289	0.8654E-17
0.1338	0.8944E-17
0.1389	0.9258E-17
0.1442	0.9597E-17
0.1497	0.9965E-17
0.1554	0.1036E-16
0.1613	0.1079E-16
0.1675	0.1126E-16
0.1739	0.1177E-16
0.1805	0.1231E-16
0.1874	0.1291E-16
0.1945	0.1355E-16
0.2019	0.1424E-16
0.2096	0.1500E-16
0.2176	0.1581E-16
0.2259	0.1670E-16
0.2345	0.1766E-16
0.2434	0.1869E-16
0.2527	0.1982E-16
0.2623	0.2104E-16
0.2723	0.2236E-16
0.2826	0.2378E-16
0.2934	0.2533E-16
0.3046	0.2700E-16
0.3162	0.2881E-16
0.3282	0.3077E-16
0.3407	0.3289E-16
0.3537	0.3517E-16
0.3672	0.3764E-16
0.3812	0.4029E-16
0.3957	0.4316E-16
0.4107	0.4624E-16
0.4264	0.4956E-16
0.4426	0.5312E-16
0.4595	0.5694E-16
0.4770	0.6104E-16
0.4952	0.6545E-16
0.5140	0.7012E-16
0.5336	0.7510E-16
0.5539	0.8041E-16
0.5750	0.8603E-16
0.5969	0.9200E-16
0.6196	0.9830E-16
0.6432	0.1050E-15
0.6677	0.1120E-15
0.6932	0.1194E-15
0.7196	0.1271E-15
0.7470	0.1352E-15
0.7754	0.1436E-15
0.8050	0.1523E-15
0.8356	0.1614E-15
0.8674	0.1707E-15
0.9005	0.1804E-15
0.9348	0.1904E-15
0.9704	0.2006E-15
1.007	0.2111E-15
1.046	0.2219E-15
1.086	0.2328E-15
1.127	0.2440E-15
1.170	0.2552E-15
1.214	0.2667E-15
1.261	0.2784E-15
1.309	0.2901E-15
1.358	0.3019E-15
1.410	0.3138E-15
1.464	0.3258E-15
1.520	0.3379E-15
1.578	0.3500E-15
1.638	0.3621E-15
1.700	0.3742E-15
1.765	0.3864E-15
1.832	0.3985E-15
1.902	0.4107E-15
1.974	0.4230E-15
2.049	0.4351E-15
2.127	0.4474E-15
2.208	0.4598E-15
2.293	0.4723E-15
2.380	0.4849E-15
2.470	0.4976E-15
2.565	0.5104E-15
2.662	0.5232E-15
2.764	0.5364E-15
2.869	0.5499E-15
2.978	0.5637E-15
3.092	0.5777E-15
3.209	0.5921E-15
3.332	0.6069E-15
3.458	0.6222E-15
3.590	0.6378E-15
3.727	0.6537E-15
3.869	0.6701E-15
4.016	0.6870E-15
4.169	0.7044E-15
4.328	0.7222E-15
4.493	0.7407E-15
4.664	0.7595E-15
4.841	0.7790E-15
5.026	0.7989E-15
5.217	0.8193E-15
5.416	0.8402E-15
5.622	0.8616E-15
5.836	0.8837E-15
6.059	0.9061E-15
6.289	0.9288E-15
6.529	0.9520E-15
6.778	0.9756E-15
7.036	0.9996E-15
7.304	0.1024E-14
7.582	0.1049E-14
7.871	0.1074E-14
8.170	0.1099E-14
8.482	0.1125E-14
8.805	0.1150E-14
9.140	0.1177E-14
9.488	0.1203E-14
9.849	0.1230E-14
10.22	0.1257E-14
10.61	0.1284E-14
11.02	0.1311E-14
11.44	0.1339E-14
11.87	0.1366E-14
12.33	0.1395E-14
12.80	0.1423E-14
13.28	0.1452E-14
13.79	0.1481E-14
14.31	0.1511E-14
14.86	0.1541E-14
15.42	0.1571E-14
16.01	0.1603E-14
16.62	0.1634E-14
17.25	0.1667E-14
17.91	0.1701E-14
18.59	0.1735E-14
19.30	0.1771E-14
20.04	0.1808E-14
20.80	0.1846E-14
21.59	0.1886E-14
22.42	0.1928E-14
23.27	0.1971E-14
24.16	0.2017E-14
25.08	0.2065E-14
26.03	0.2116E-14
27.02	0.2169E-14
28.05	0.2226E-14
29.12	0.2285E-14
30.23	0.2347E-14
31.38	0.2413E-14
32.57	0.2481E-14
33.82	0.2552E-14
35.10	0.2625E-14
36.44	0.2700E-14
37.83	0.2777E-14
39.27	0.2854E-14
40.76	0.2933E-14
42.32	0.3011E-14
43.93	0.3090E-14
45.60	0.3167E-14
47.34	0.3244E-14
49.14	0.3319E-14
51.01	0.3393E-14
52.96	0.3465E-14
54.97	0.3535E-14
57.07	0.3604E-14
59.24	0.3670E-14
61.50	0.3735E-14
63.84	0.3798E-14
66.27	0.3859E-14
68.79	0.3919E-14
71.41	0.3977E-14
74.13	0.4034E-14
76.96	0.4089E-14
79.89	0.4143E-14
82.93	0.4195E-14
86.09	0.4247E-14
89.37	0.4297E-14
92.77	0.4346E-14
96.31	0.4394E-14
99.97	0.4441E-14
103.8	0.4487E-14
107.7	0.4532E-14
111.8	0.4576E-14
116.1	0.4619E-14
120.5	0.4661E-14
125.1	0.4702E-14
129.9	0.4742E-14
134.8	0.4781E-14
140.0	0.4820E-14
145.3	0.4857E-14
150.8	0.4894E-14
156.6	0.4930E-14
162.5	0.4965E-14
168.7	0.4998E-14
175.1	0.5031E-14
181.8	0.5064E-14
188.7	0.5095E-14
195.9	0.5125E-14
203.4	0.5154E-14
211.1	0.5183E-14
219.2	0.5211E-14
227.5	0.5237E-14
236.2	0.5263E-14
245.2	0.5288E-14
254.5	0.5312E-14
264.2	0.5336E-14
274.3	0.5358E-14
284.7	0.5380E-14
295.6	0.5401E-14
306.8	0.5421E-14
318.5	0.5440E-14
330.6	0.5458E-14
343.2	0.5476E-14
356.3	0.5493E-14
369.9	0.5509E-14
384.0	0.5524E-14
398.6	0.5539E-14
413.8	0.5552E-14
429.5	0.5565E-14
445.9	0.5577E-14
462.9	0.5588E-14
480.5	0.5599E-14
498.8	0.5608E-14
517.8	0.5617E-14
537.5	0.5625E-14
558.0	0.5631E-14
579.2	0.5637E-14
601.3	0.5642E-14
624.2	0.5645E-14
648.0	0.5648E-14
672.6	0.5649E-14
698.3	0.5649E-14
724.9	0.5648E-14
752.5	0.5646E-14
781.1	0.5642E-14
810.9	0.5637E-14
841.8	0.5631E-14
873.8	0.5623E-14
907.1	0.5614E-14
941.6	0.5603E-14
977.5	0.5591E-14
1015.	0.5577E-14
1053.	0.5562E-14
1094.	0.5545E-14
1135.	0.5526E-14
1178.	0.5506E-14
1223.	0.5484E-14
1270.	0.5461E-14
1318.	0.5435E-14
1368.	0.5408E-14
1421.	0.5380E-14
1475.	0.5349E-14
1531.	0.5317E-14
1589.	0.5283E-14
1650.	0.5248E-14
1712.	0.5211E-14
1778.	0.5172E-14
1845.	0.5131E-14
1916.	0.5089E-14
1989.	0.5045E-14
2064.	0.4999E-14
2143.	0.4952E-14
2225.	0.4903E-14
2309.	0.4852E-14
2397.	0.4800E-14
2489.	0.4746E-14
2583.	0.4691E-14
2682.	0.4634E-14
2784.	0.4576E-14
2890.	0.4516E-14
3000.	0.4455E-14
 
 
C4    CH4    Excitation    0.37 eV                              
E/N (Td)	Rate coefficient (m3/s)
0.1000E-02	0.1586E-20
0.1038E-02	0.1586E-20
0.1078E-02	0.1586E-20
0.1119E-02	0.1586E-20
0.1161E-02	0.1587E-20
0.1205E-02	0.1587E-20
0.1251E-02	0.1587E-20
0.1299E-02	0.1587E-20
0.1349E-02	0.1587E-20
0.1400E-02	0.1587E-20
0.1453E-02	0.1588E-20
0.1509E-02	0.1588E-20
0.1566E-02	0.1588E-20
0.1626E-02	0.1588E-20
0.1688E-02	0.1589E-20
0.1752E-02	0.1589E-20
0.1819E-02	0.1589E-20
0.1888E-02	0.1590E-20
0.1960E-02	0.1590E-20
0.2034E-02	0.1590E-20
0.2112E-02	0.1591E-20
0.2192E-02	0.1591E-20
0.2276E-02	0.1592E-20
0.2362E-02	0.1592E-20
0.2452E-02	0.1593E-20
0.2546E-02	0.1593E-20
0.2643E-02	0.1594E-20
0.2743E-02	0.1595E-20
0.2848E-02	0.1596E-20
0.2956E-02	0.1596E-20
0.3069E-02	0.1597E-20
0.3186E-02	0.1598E-20
0.3307E-02	0.1599E-20
0.3433E-02	0.1600E-20
0.3564E-02	0.1601E-20
0.3700E-02	0.1603E-20
0.3841E-02	0.1604E-20
0.3987E-02	0.1605E-20
0.4139E-02	0.1607E-20
0.4296E-02	0.1608E-20
0.4460E-02	0.1610E-20
0.4630E-02	0.1612E-20
0.4806E-02	0.1614E-20
0.4989E-02	0.1616E-20
0.5179E-02	0.1618E-20
0.5377E-02	0.1621E-20
0.5581E-02	0.1623E-20
0.5794E-02	0.1626E-20
0.6015E-02	0.1629E-20
0.6244E-02	0.1632E-20
0.6481E-02	0.1635E-20
0.6728E-02	0.1638E-20
0.6985E-02	0.1641E-20
0.7251E-02	0.1645E-20
0.7527E-02	0.1649E-20
0.7813E-02	0.1653E-20
0.8111E-02	0.1657E-20
0.8420E-02	0.1662E-20
0.8741E-02	0.1666E-20
0.9073E-02	0.1671E-20
0.9419E-02	0.1676E-20
0.9778E-02	0.1681E-20
0.1015E-01	0.1686E-20
0.1054E-01	0.1691E-20
0.1094E-01	0.1697E-20
0.1135E-01	0.1702E-20
0.1179E-01	0.1708E-20
0.1224E-01	0.1714E-20
0.1270E-01	0.1720E-20
0.1319E-01	0.1726E-20
0.1369E-01	0.1732E-20
0.1421E-01	0.1737E-20
0.1475E-01	0.1743E-20
0.1531E-01	0.1749E-20
0.1590E-01	0.1755E-20
0.1650E-01	0.1761E-20
0.1713E-01	0.1766E-20
0.1778E-01	0.1772E-20
0.1846E-01	0.1777E-20
0.1916E-01	0.1782E-20
0.1989E-01	0.1787E-20
0.2065E-01	0.1792E-20
0.2144E-01	0.1797E-20
0.2225E-01	0.1802E-20
0.2310E-01	0.1806E-20
0.2398E-01	0.1810E-20
0.2489E-01	0.1815E-20
0.2584E-01	0.1819E-20
0.2682E-01	0.1823E-20
0.2785E-01	0.1827E-20
0.2891E-01	0.1831E-20
0.3001E-01	0.1834E-20
0.3115E-01	0.1838E-20
0.3234E-01	0.1842E-20
0.3357E-01	0.1846E-20
0.3485E-01	0.1851E-20
0.3617E-01	0.1855E-20
0.3755E-01	0.1859E-20
0.3898E-01	0.1864E-20
0.4047E-01	0.1869E-20
0.4201E-01	0.1875E-20
0.4361E-01	0.1881E-20
0.4527E-01	0.1888E-20
0.4699E-01	0.1895E-20
0.4878E-01	0.1902E-20
0.5064E-01	0.1911E-20
0.5257E-01	0.1920E-20
0.5457E-01	0.1931E-20
0.5665E-01	0.1943E-20
0.5881E-01	0.1956E-20
0.6105E-01	0.1970E-20
0.6337E-01	0.1986E-20
0.6579E-01	0.2005E-20
0.6829E-01	0.2026E-20
0.7089E-01	0.2049E-20
0.7359E-01	0.2076E-20
0.7640E-01	0.2106E-20
0.7931E-01	0.2141E-20
0.8233E-01	0.2181E-20
0.8546E-01	0.2226E-20
0.8872E-01	0.2279E-20
0.9210E-01	0.2339E-20
0.9560E-01	0.2408E-20
0.9924E-01	0.2488E-20
0.1030	0.2580E-20
0.1069	0.2687E-20
0.1110	0.2810E-20
0.1152	0.2953E-20
0.1196	0.3117E-20
0.1242	0.3308E-20
0.1289	0.3528E-20
0.1338	0.3783E-20
0.1389	0.4077E-20
0.1442	0.4418E-20
0.1497	0.4813E-20
0.1554	0.5270E-20
0.1613	0.5800E-20
0.1675	0.6415E-20
0.1739	0.7131E-20
0.1805	0.7965E-20
0.1874	0.8942E-20
0.1945	0.1009E-19
0.2019	0.1144E-19
0.2096	0.1305E-19
0.2176	0.1497E-19
0.2259	0.1729E-19
0.2345	0.2009E-19
0.2434	0.2351E-19
0.2527	0.2773E-19
0.2623	0.3294E-19
0.2723	0.3945E-19
0.2826	0.4759E-19
0.2934	0.5784E-19
0.3046	0.7077E-19
0.3162	0.8713E-19
0.3282	0.1078E-18
0.3407	0.1342E-18
0.3537	0.1674E-18
0.3672	0.2093E-18
0.3812	0.2621E-18
0.3957	0.3285E-18
0.4107	0.4116E-18
0.4264	0.5154E-18
0.4426	0.6443E-18
0.4595	0.8038E-18
0.4770	0.1000E-17
0.4952	0.1242E-17
0.5140	0.1537E-17
0.5336	0.1894E-17
0.5539	0.2326E-17
0.5750	0.2846E-17
0.5969	0.3468E-17
0.6196	0.4208E-17
0.6432	0.5086E-17
0.6677	0.6126E-17
0.6932	0.7341E-17
0.7196	0.8761E-17
0.7470	0.1041E-16
0.7754	0.1232E-16
0.8050	0.1452E-16
0.8356	0.1704E-16
0.8674	0.1992E-16
0.9005	0.2320E-16
0.9348	0.2690E-16
0.9704	0.3106E-16
1.007	0.3574E-16
1.046	0.4096E-16
1.086	0.4677E-16
1.127	0.5322E-16
1.170	0.6029E-16
1.214	0.6811E-16
1.261	0.7669E-16
1.309	0.8604E-16
1.358	0.9622E-16
1.410	0.1073E-15
1.464	0.1192E-15
1.520	0.1320E-15
1.578	0.1457E-15
1.638	0.1605E-15
1.700	0.1762E-15
1.765	0.1928E-15
1.832	0.2105E-15
1.902	0.2291E-15
1.974	0.2487E-15
2.049	0.2695E-15
2.127	0.2910E-15
2.208	0.3134E-15
2.293	0.3368E-15
2.380	0.3609E-15
2.470	0.3859E-15
2.565	0.4117E-15
2.662	0.4378E-15
2.764	0.4650E-15
2.869	0.4927E-15
2.978	0.5210E-15
3.092	0.5498E-15
3.209	0.5790E-15
3.332	0.6086E-15
3.458	0.6387E-15
3.590	0.6688E-15
3.727	0.6991E-15
3.869	0.7296E-15
4.016	0.7602E-15
4.169	0.7908E-15
4.328	0.8213E-15
4.493	0.8522E-15
4.664	0.8827E-15
4.841	0.9130E-15
5.026	0.9433E-15
5.217	0.9733E-15
5.416	0.1003E-14
5.622	0.1033E-14
5.836	0.1063E-14
6.059	0.1092E-14
6.289	0.1121E-14
6.529	0.1150E-14
6.778	0.1179E-14
7.036	0.1208E-14
7.304	0.1236E-14
7.582	0.1265E-14
7.871	0.1293E-14
8.170	0.1322E-14
8.482	0.1350E-14
8.805	0.1378E-14
9.140	0.1406E-14
9.488	0.1435E-14
9.849	0.1463E-14
10.22	0.1492E-14
10.61	0.1521E-14
11.02	0.1550E-14
11.44	0.1579E-14
11.87	0.1608E-14
12.33	0.1638E-14
12.80	0.1668E-14
13.28	0.1699E-14
13.79	0.1730E-14
14.31	0.1762E-14
14.86	0.1794E-14
15.42	0.1827E-14
16.01	0.1861E-14
16.62	0.1896E-14
17.25	0.1932E-14
17.91	0.1968E-14
18.59	0.2006E-14
19.30	0.2046E-14
20.04	0.2086E-14
20.80	0.2129E-14
21.59	0.2173E-14
22.42	0.2218E-14
23.27	0.2266E-14
24.16	0.2317E-14
25.08	0.2369E-14
26.03	0.2425E-14
27.02	0.2482E-14
28.05	0.2543E-14
29.12	0.2607E-14
30.23	0.2673E-14
31.38	0.2742E-14
32.57	0.2814E-14
33.82	0.2887E-14
35.10	0.2963E-14
36.44	0.3040E-14
37.83	0.3118E-14
39.27	0.3197E-14
40.76	0.3275E-14
42.32	0.3353E-14
43.93	0.3430E-14
45.60	0.3506E-14
47.34	0.3580E-14
49.14	0.3652E-14
51.01	0.3723E-14
52.96	0.3791E-14
54.97	0.3856E-14
57.07	0.3920E-14
59.24	0.3981E-14
61.50	0.4041E-14
63.84	0.4098E-14
66.27	0.4153E-14
68.79	0.4206E-14
71.41	0.4257E-14
74.13	0.4307E-14
76.96	0.4355E-14
79.89	0.4401E-14
82.93	0.4446E-14
86.09	0.4489E-14
89.37	0.4531E-14
92.77	0.4572E-14
96.31	0.4611E-14
99.97	0.4650E-14
103.8	0.4687E-14
107.7	0.4722E-14
111.8	0.4757E-14
116.1	0.4790E-14
120.5	0.4823E-14
125.1	0.4854E-14
129.9	0.4884E-14
134.8	0.4913E-14
140.0	0.4940E-14
145.3	0.4967E-14
150.8	0.4993E-14
156.6	0.5017E-14
162.5	0.5040E-14
168.7	0.5062E-14
175.1	0.5083E-14
181.8	0.5103E-14
188.7	0.5122E-14
195.9	0.5139E-14
203.4	0.5156E-14
211.1	0.5171E-14
219.2	0.5185E-14
227.5	0.5198E-14
236.2	0.5210E-14
245.2	0.5220E-14
254.5	0.5229E-14
264.2	0.5238E-14
274.3	0.5244E-14
284.7	0.5250E-14
295.6	0.5255E-14
306.8	0.5258E-14
318.5	0.5260E-14
330.6	0.5261E-14
343.2	0.5260E-14
356.3	0.5258E-14
369.9	0.5255E-14
384.0	0.5250E-14
398.6	0.5244E-14
413.8	0.5236E-14
429.5	0.5227E-14
445.9	0.5217E-14
462.9	0.5204E-14
480.5	0.5190E-14
498.8	0.5175E-14
517.8	0.5157E-14
537.5	0.5138E-14
558.0	0.5117E-14
579.2	0.5094E-14
601.3	0.5068E-14
624.2	0.5041E-14
648.0	0.5012E-14
672.6	0.4980E-14
698.3	0.4947E-14
724.9	0.4911E-14
752.5	0.4872E-14
781.1	0.4832E-14
810.9	0.4789E-14
841.8	0.4743E-14
873.8	0.4695E-14
907.1	0.4645E-14
941.6	0.4592E-14
977.5	0.4537E-14
1015.	0.4480E-14
1053.	0.4420E-14
1094.	0.4358E-14
1135.	0.4294E-14
1178.	0.4228E-14
1223.	0.4159E-14
1270.	0.4089E-14
1318.	0.4016E-14
1368.	0.3942E-14
1421.	0.3867E-14
1475.	0.3789E-14
1531.	0.3711E-14
1589.	0.3631E-14
1650.	0.3550E-14
1712.	0.3468E-14
1778.	0.3385E-14
1845.	0.3301E-14
1916.	0.3217E-14
1989.	0.3133E-14
2064.	0.3048E-14
2143.	0.2963E-14
2225.	0.2878E-14
2309.	0.2794E-14
2397.	0.2710E-14
2489.	0.2626E-14
2583.	0.2543E-14
2682.	0.2461E-14
2784.	0.2380E-14
2890.	0.2300E-14
3000.	0.2221E-14
 
 
C5    CH4    Excitation    7.90 eV                              
E/N (Td)	Rate coefficient (m3/s)
0.1000E-02	0.000
0.1038E-02	0.000
0.1078E-02	0.000
0.1119E-02	0.000
0.1161E-02	0.000
0.1205E-02	0.000
0.1251E-02	0.000
0.1299E-02	0.000
0.1349E-02	0.000
0.1400E-02	0.000
0.1453E-02	0.000
0.1509E-02	0.000
0.1566E-02	0.000
0.1626E-02	0.000
0.1688E-02	0.000
0.1752E-02	0.000
0.1819E-02	0.000
0.1888E-02	0.000
0.1960E-02	0.000
0.2034E-02	0.000
0.2112E-02	0.000
0.2192E-02	0.000
0.2276E-02	0.000
0.2362E-02	0.000
0.2452E-02	0.000
0.2546E-02	0.000
0.2643E-02	0.000
0.2743E-02	0.000
0.2848E-02	0.000
0.2956E-02	0.000
0.3069E-02	0.000
0.3186E-02	0.000
0.3307E-02	0.000
0.3433E-02	0.000
0.3564E-02	0.000
0.3700E-02	0.000
0.3841E-02	0.000
0.3987E-02	0.000
0.4139E-02	0.000
0.4296E-02	0.000
0.4460E-02	0.000
0.4630E-02	0.000
0.4806E-02	0.000
0.4989E-02	0.000
0.5179E-02	0.000
0.5377E-02	0.000
0.5581E-02	0.000
0.5794E-02	0.000
0.6015E-02	0.000
0.6244E-02	0.000
0.6481E-02	0.000
0.6728E-02	0.000
0.6985E-02	0.000
0.7251E-02	0.000
0.7527E-02	0.000
0.7813E-02	0.000
0.8111E-02	0.000
0.8420E-02	0.000
0.8741E-02	0.000
0.9073E-02	0.000
0.9419E-02	0.000
0.9778E-02	0.000
0.1015E-01	0.000
0.1054E-01	0.000
0.1094E-01	0.000
0.1135E-01	0.000
0.1179E-01	0.000
0.1224E-01	0.000
0.1270E-01	0.000
0.1319E-01	0.000
0.1369E-01	0.000
0.1421E-01	0.000
0.1475E-01	0.000
0.1531E-01	0.000
0.1590E-01	0.000
0.1650E-01	0.000
0.1713E-01	0.000
0.1778E-01	0.000
0.1846E-01	0.000
0.1916E-01	0.000
0.1989E-01	0.000
0.2065E-01	0.000
0.2144E-01	0.000
0.2225E-01	0.000
0.2310E-01	0.000
0.2398E-01	0.000
0.2489E-01	0.000
0.2584E-01	0.000
0.2682E-01	0.000
0.2785E-01	0.000
0.2891E-01	0.000
0.3001E-01	0.000
0.3115E-01	0.000
0.3234E-01	0.000
0.3357E-01	0.000
0.3485E-01	0.000
0.3617E-01	0.000
0.3755E-01	0.000
0.3898E-01	0.000
0.4047E-01	0.000
0.4201E-01	0.000
0.4361E-01	0.000
0.4527E-01	0.000
0.4699E-01	0.000
0.4878E-01	0.000
0.5064E-01	0.000
0.5257E-01	0.000
0.5457E-01	0.000
0.5665E-01	0.000
0.5881E-01	0.000
0.6105E-01	0.000
0.6337E-01	0.000
0.6579E-01	0.000
0.6829E-01	0.000
0.7089E-01	0.000
0.7359E-01	0.000
0.7640E-01	0.000
0.7931E-01	0.000
0.8233E-01	0.000
0.8546E-01	0.000
0.8872E-01	0.000
0.9210E-01	0.000
0.9560E-01	0.000
0.9924E-01	0.000
0.1030	0.000
0.1069	0.000
0.1110	0.000
0.1152	0.000
0.1196	0.000
0.1242	0.000
0.1289	0.000
0.1338	0.000
0.1389	0.000
0.1442	0.000
0.1497	0.000
0.1554	0.000
0.1613	0.000
0.1675	0.000
0.1739	0.000
0.1805	0.000
0.1874	0.000
0.1945	0.000
0.2019	0.000
0.2096	0.000
0.2176	0.000
0.2259	0.000
0.2345	0.000
0.2434	0.000
0.2527	0.000
0.2623	0.000
0.2723	0.000
0.2826	0.000
0.2934	0.000
0.3046	0.000
0.3162	0.000
0.3282	0.000
0.3407	0.000
0.3537	0.000
0.3672	0.000
0.3812	0.000
0.3957	0.000
0.4107	0.000
0.4264	0.000
0.4426	0.000
0.4595	0.000
0.4770	0.000
0.4952	0.000
0.5140	0.000
0.5336	0.000
0.5539	0.000
0.5750	0.000
0.5969	0.000
0.6196	0.000
0.6432	0.000
0.6677	0.000
0.6932	0.000
0.7196	0.000
0.7470	0.000
0.7754	0.000
0.8050	0.000
0.8356	0.000
0.8674	0.000
0.9005	0.000
0.9348	0.000
0.9704	0.000
1.007	0.000
1.046	0.000
1.086	0.000
1.127	0.000
1.170	0.000
1.214	0.000
1.261	0.000
1.309	0.000
1.358	0.000
1.410	0.000
1.464	0.000
1.520	0.000
1.578	0.000
1.638	0.000
1.700	0.000
1.765	0.000
1.832	0.000
1.902	0.000
1.974	0.000
2.049	0.000
2.127	0.000
2.208	0.000
2.293	0.000
2.380	0.000
2.470	0.000
2.565	0.000
2.662	0.000
2.764	0.000
2.869	0.000
2.978	0.000
3.092	0.000
3.209	0.000
3.332	0.000
3.458	0.000
3.590	0.000
3.727	0.000
3.869	0.000
4.016	0.000
4.169	0.000
4.328	0.000
4.493	0.000
4.664	0.000
4.841	0.000
5.026	0.000
5.217	0.000
5.416	0.000
5.622	0.000
5.836	0.000
6.059	0.000
6.289	0.000
6.529	0.000
6.778	0.000
7.036	0.000
7.304	0.000
7.582	0.000
7.871	0.000
8.170	0.000
8.482	0.000
8.805	0.000
9.140	0.000
9.488	0.000
9.849	0.000
10.22	0.000
10.61	0.000
11.02	0.000
11.44	0.000
11.87	0.6785E-27
12.33	0.2543E-26
12.80	0.9043E-26
13.28	0.3056E-25
13.79	0.9823E-25
14.31	0.3606E-24
14.86	0.1083E-23
15.42	0.3112E-23
16.01	0.8577E-23
16.62	0.2269E-22
17.25	0.5794E-22
17.91	0.1417E-21
18.59	0.3336E-21
19.30	0.7570E-21
20.04	0.1658E-20
20.80	0.3505E-20
21.59	0.7171E-20
22.42	0.1417E-19
23.27	0.2712E-19
24.16	0.5028E-19
25.08	0.9041E-19
26.03	0.1578E-18
27.02	0.2675E-18
28.05	0.4409E-18
29.12	0.7071E-18
30.23	0.1104E-17
31.38	0.1682E-17
32.57	0.2498E-17
33.82	0.3626E-17
35.10	0.5144E-17
36.44	0.7145E-17
37.83	0.9725E-17
39.27	0.1299E-16
40.76	0.1703E-16
42.32	0.2197E-16
43.93	0.2789E-16
45.60	0.3491E-16
47.34	0.4312E-16
49.14	0.5261E-16
51.01	0.6348E-16
52.96	0.7581E-16
54.97	0.8969E-16
57.07	0.1052E-15
59.24	0.1225E-15
61.50	0.1416E-15
63.84	0.1626E-15
66.27	0.1857E-15
68.79	0.2109E-15
71.41	0.2383E-15
74.13	0.2682E-15
76.96	0.3006E-15
79.89	0.3356E-15
82.93	0.3735E-15
86.09	0.4144E-15
89.37	0.4584E-15
92.77	0.5057E-15
96.31	0.5565E-15
99.97	0.6111E-15
103.8	0.6696E-15
107.7	0.7322E-15
111.8	0.7993E-15
116.1	0.8709E-15
120.5	0.9475E-15
125.1	0.1029E-14
129.9	0.1116E-14
134.8	0.1209E-14
140.0	0.1308E-14
145.3	0.1413E-14
150.8	0.1525E-14
156.6	0.1644E-14
162.5	0.1770E-14
168.7	0.1904E-14
175.1	0.2046E-14
181.8	0.2197E-14
188.7	0.2356E-14
195.9	0.2525E-14
203.4	0.2704E-14
211.1	0.2893E-14
219.2	0.3093E-14
227.5	0.3304E-14
236.2	0.3527E-14
245.2	0.3763E-14
254.5	0.4011E-14
264.2	0.4272E-14
274.3	0.4548E-14
284.7	0.4838E-14
295.6	0.5144E-14
306.8	0.5465E-14
318.5	0.5803E-14
330.6	0.6158E-14
343.2	0.6531E-14
356.3	0.6923E-14
369.9	0.7334E-14
384.0	0.7765E-14
398.6	0.8216E-14
413.8	0.8689E-14
429.5	0.9184E-14
445.9	0.9702E-14
462.9	0.1024E-13
480.5	0.1081E-13
498.8	0.1140E-13
517.8	0.1202E-13
537.5	0.1266E-13
558.0	0.1333E-13
579.2	0.1403E-13
601.3	0.1475E-13
624.2	0.1551E-13
648.0	0.1629E-13
672.6	0.1710E-13
698.3	0.1795E-13
724.9	0.1882E-13
752.5	0.1972E-13
781.1	0.2065E-13
810.9	0.2161E-13
841.8	0.2260E-13
873.8	0.2362E-13
907.1	0.2466E-13
941.6	0.2573E-13
977.5	0.2683E-13
1015.	0.2796E-13
1053.	0.2911E-13
1094.	0.3028E-13
1135.	0.3148E-13
1178.	0.3269E-13
1223.	0.3393E-13
1270.	0.3518E-13
1318.	0.3644E-13
1368.	0.3772E-13
1421.	0.3900E-13
1475.	0.4029E-13
1531.	0.4159E-13
1589.	0.4289E-13
1650.	0.4419E-13
1712.	0.4549E-13
1778.	0.4678E-13
1845.	0.4806E-13
1916.	0.4933E-13
1989.	0.5059E-13
2064.	0.5183E-13
2143.	0.5305E-13
2225.	0.5425E-13
2309.	0.5543E-13
2397.	0.5657E-13
2489.	0.5769E-13
2583.	0.5878E-13
2682.	0.5983E-13
2784.	0.6085E-13
2890.	0.6183E-13
3000.	0.6277E-13
 
 
C6    CH4    Ionization    12.90 eV                             
E/N (Td)	Rate coefficient (m3/s)
0.1000E-02	0.000
0.1038E-02	0.000
0.1078E-02	0.000
0.1119E-02	0.000
0.1161E-02	0.000
0.1205E-02	0.000
0.1251E-02	0.000
0.1299E-02	0.000
0.1349E-02	0.000
0.1400E-02	0.000
0.1453E-02	0.000
0.1509E-02	0.000
0.1566E-02	0.000
0.1626E-02	0.000
0.1688E-02	0.000
0.1752E-02	0.000
0.1819E-02	0.000
0.1888E-02	0.000
0.1960E-02	0.000
0.2034E-02	0.000
0.2112E-02	0.000
0.2192E-02	0.000
0.2276E-02	0.000
0.2362E-02	0.000
0.2452E-02	0.000
0.2546E-02	0.000
0.2643E-02	0.000
0.2743E-02	0.000
0.2848E-02	0.000
0.2956E-02	0.000
0.3069E-02	0.000
0.3186E-02	0.000
0.3307E-02	0.000
0.3433E-02	0.000
0.3564E-02	0.000
0.3700E-02	0.000
0.3841E-02	0.000
0.3987E-02	0.000
0.4139E-02	0.000
0.4296E-02	0.000
0.4460E-02	0.000
0.4630E-02	0.000
0.4806E-02	0.000
0.4989E-02	0.000
0.5179E-02	0.000
0.5377E-02	0.000
0.5581E-02	0.000
0.5794E-02	0.000
0.6015E-02	0.000
0.6244E-02	0.000
0.6481E-02	0.000
0.6728E-02	0.000
0.6985E-02	0.000
0.7251E-02	0.000
0.7527E-02	0.000
0.7813E-02	0.000
0.8111E-02	0.000
0.8420E-02	0.000
0.8741E-02	0.000
0.9073E-02	0.000
0.9419E-02	0.000
0.9778E-02	0.000
0.1015E-01	0.000
0.1054E-01	0.000
0.1094E-01	0.000
0.1135E-01	0.000
0.1179E-01	0.000
0.1224E-01	0.000
0.1270E-01	0.000
0.1319E-01	0.000
0.1369E-01	0.000
0.1421E-01	0.000
0.1475E-01	0.000
0.1531E-01	0.000
0.1590E-01	0.000
0.1650E-01	0.000
0.1713E-01	0.000
0.1778E-01	0.000
0.1846E-01	0.000
0.1916E-01	0.000
0.1989E-01	0.000
0.2065E-01	0.000
0.2144E-01	0.000
0.2225E-01	0.000
0.2310E-01	0.000
0.2398E-01	0.000
0.2489E-01	0.000
0.2584E-01	0.000
0.2682E-01	0.000
0.2785E-01	0.000
0.2891E-01	0.000
0.3001E-01	0.000
0.3115E-01	0.000
0.3234E-01	0.000
0.3357E-01	0.000
0.3485E-01	0.000
0.3617E-01	0.000
0.3755E-01	0.000
0.3898E-01	0.000
0.4047E-01	0.000
0.4201E-01	0.000
0.4361E-01	0.000
0.4527E-01	0.000
0.4699E-01	0.000
0.4878E-01	0.000
0.5064E-01	0.000
0.5257E-01	0.000
0.5457E-01	0.000
0.5665E-01	0.000
0.5881E-01	0.000
0.6105E-01	0.000
0.6337E-01	0.000
0.6579E-01	0.000
0.6829E-01	0.000
0.7089E-01	0.000
0.7359E-01	0.000
0.7640E-01	0.000
0.7931E-01	0.000
0.8233E-01	0.000
0.8546E-01	0.000
0.8872E-01	0.000
0.9210E-01	0.000
0.9560E-01	0.000
0.9924E-01	0.000
0.1030	0.000
0.1069	0.000
0.1110	0.000
0.1152	0.000
0.1196	0.000
0.1242	0.000
0.1289	0.000
0.1338	0.000
0.1389	0.000
0.1442	0.000
0.1497	0.000
0.1554	0.000
0.1613	0.000
0.1675	0.000
0.1739	0.000
0.1805	0.000
0.1874	0.000
0.1945	0.000
0.2019	0.000
0.2096	0.000
0.2176	0.000
0.2259	0.000
0.2345	0.000
0.2434	0.000
0.2527	0.000
0.2623	0.000
0.2723	0.000
0.2826	0.000
0.2934	0.000
0.3046	0.000
0.3162	0.000
0.3282	0.000
0.3407	0.000
0.3537	0.000
0.3672	0.000
0.3812	0.000
0.3957	0.000
0.4107	0.000
0.4264	0.000
0.4426	0.000
0.4595	0.000
0.4770	0.000
0.4952	0.000
0.5140	0.000
0.5336	0.000
0.5539	0.000
0.5750	0.000
0.5969	0.000
0.6196	0.000
0.6432	0.000
0.6677	0.000
0.6932	0.000
0.7196	0.000
0.7470	0.000
0.7754	0.000
0.8050	0.000
0.8356	0.000
0.8674	0.000
0.9005	0.000
0.9348	0.000
0.9704	0.000
1.007	0.000
1.046	0.000
1.086	0.000
1.127	0.000
1.170	0.000
1.214	0.000
1.261	0.000
1.309	0.000
1.358	0.000
1.410	0.000
1.464	0.000
1.520	0.000
1.578	0.000
1.638	0.000
1.700	0.000
1.765	0.000
1.832	0.000
1.902	0.000
1.974	0.000
2.049	0.000
2.127	0.000
2.208	0.000
2.293	0.000
2.380	0.000
2.470	0.000
2.565	0.000
2.662	0.000
2.764	0.000
2.869	0.000
2.978	0.000
3.092	0.000
3.209	0.000
3.332	0.000
3.458	0.000
3.590	0.000
3.727	0.000
3.869	0.000
4.016	0.000
4.169	0.000
4.328	0.000
4.493	0.000
4.664	0.000
4.841	0.000
5.026	0.000
5.217	0.000
5.416	0.000
5.622	0.000
5.836	0.000
6.059	0.000
6.289	0.000
6.529	0.000
6.778	0.000
7.036	0.000
7.304	0.000
7.582	0.000
7.871	0.000
8.170	0.000
8.482	0.000
8.805	0.000
9.140	0.000
9.488	0.000
9.849	0.000
10.22	0.000
10.61	0.000
11.02	0.000
11.44	0.000
11.87	0.000
12.33	0.000
12.80	0.000
13.28	0.000
13.79	0.000
14.31	0.000
14.86	0.000
15.42	0.000
16.01	0.000
16.62	0.000
17.25	0.000
17.91	0.000
18.59	0.000
19.30	0.000
20.04	0.000
20.80	0.000
21.59	0.1747E-26
22.42	0.6098E-26
23.27	0.2006E-25
24.16	0.6233E-25
25.08	0.1833E-24
26.03	0.5109E-24
27.02	0.1353E-23
28.05	0.3496E-23
29.12	0.8437E-23
30.23	0.1947E-22
31.38	0.4304E-22
32.57	0.9131E-22
33.82	0.1863E-21
35.10	0.3661E-21
36.44	0.6944E-21
37.83	0.1276E-20
39.27	0.2267E-20
40.76	0.3910E-20
42.32	0.6557E-20
43.93	0.1071E-19
45.60	0.1708E-19
47.34	0.2661E-19
49.14	0.4060E-19
51.01	0.6071E-19
52.96	0.8917E-19
54.97	0.1287E-18
57.07	0.1828E-18
59.24	0.2558E-18
61.50	0.3530E-18
63.84	0.4811E-18
66.27	0.6478E-18
68.79	0.8626E-18
71.41	0.1137E-17
74.13	0.1484E-17
76.96	0.1919E-17
79.89	0.2460E-17
82.93	0.3128E-17
86.09	0.3948E-17
89.37	0.4947E-17
92.77	0.6158E-17
96.31	0.7616E-17
99.97	0.9362E-17
103.8	0.1144E-16
107.7	0.1391E-16
111.8	0.1682E-16
116.1	0.2024E-16
120.5	0.2424E-16
125.1	0.2890E-16
129.9	0.3432E-16
134.8	0.4058E-16
140.0	0.4780E-16
145.3	0.5610E-16
150.8	0.6560E-16
156.6	0.7645E-16
162.5	0.8881E-16
168.7	0.1029E-15
175.1	0.1187E-15
181.8	0.1367E-15
188.7	0.1570E-15
195.9	0.1797E-15
203.4	0.2053E-15
211.1	0.2339E-15
219.2	0.2659E-15
227.5	0.3016E-15
236.2	0.3413E-15
245.2	0.3855E-15
254.5	0.4344E-15
264.2	0.4887E-15
274.3	0.5487E-15
284.7	0.6149E-15
295.6	0.6879E-15
306.8	0.7682E-15
318.5	0.8566E-15
330.6	0.9535E-15
343.2	0.1060E-14
356.3	0.1176E-14
369.9	0.1303E-14
384.0	0.1442E-14
398.6	0.1594E-14
413.8	0.1759E-14
429.5	0.1938E-14
445.9	0.2134E-14
462.9	0.2346E-14
480.5	0.2576E-14
498.8	0.2825E-14
517.8	0.3094E-14
537.5	0.3386E-14
558.0	0.3701E-14
579.2	0.4041E-14
601.3	0.4407E-14
624.2	0.4801E-14
648.0	0.5225E-14
672.6	0.5680E-14
698.3	0.6171E-14
724.9	0.6695E-14
752.5	0.7256E-14
781.1	0.7857E-14
810.9	0.8499E-14
841.8	0.9184E-14
873.8	0.9914E-14
907.1	0.1069E-13
941.6	0.1152E-13
977.5	0.1240E-13
1015.	0.1333E-13
1053.	0.1431E-13
1094.	0.1536E-13
1135.	0.1646E-13
1178.	0.1763E-13
1223.	0.1885E-13
1270.	0.2015E-13
1318.	0.2150E-13
1368.	0.2293E-13
1421.	0.2442E-13
1475.	0.2598E-13
1531.	0.2761E-13
1589.	0.2932E-13
1650.	0.3109E-13
1712.	0.3293E-13
1778.	0.3485E-13
1845.	0.3684E-13
1916.	0.3890E-13
1989.	0.4104E-13
2064.	0.4324E-13
2143.	0.4551E-13
2225.	0.4785E-13
2309.	0.5026E-13
2397.	0.5273E-13
2489.	0.5527E-13
2583.	0.5787E-13
2682.	0.6052E-13
2784.	0.6324E-13
2890.	0.6601E-13
3000.	0.6884E-13
 
 
C1    CH4    Attachment                                         
E/N (Td)	Inverse rate coefficient (m2)
0.1000E-02	0.000
0.1038E-02	0.000
0.1078E-02	0.000
0.1119E-02	0.000
0.1161E-02	0.000
0.1205E-02	0.000
0.1251E-02	0.000
0.1299E-02	0.000
0.1349E-02	0.000
0.1400E-02	0.000
0.1453E-02	0.000
0.1509E-02	0.000
0.1566E-02	0.000
0.1626E-02	0.000
0.1688E-02	0.000
0.1752E-02	0.000
0.1819E-02	0.000
0.1888E-02	0.000
0.1960E-02	0.000
0.2034E-02	0.000
0.2112E-02	0.000
0.2192E-02	0.000
0.2276E-02	0.000
0.2362E-02	0.000
0.2452E-02	0.000
0.2546E-02	0.000
0.2643E-02	0.000
0.2743E-02	0.000
0.2848E-02	0.000
0.2956E-02	0.000
0.3069E-02	0.000
0.3186E-02	0.000
0.3307E-02	0.000
0.3433E-02	0.000
0.3564E-02	0.000
0.3700E-02	0.000
0.3841E-02	0.000
0.3987E-02	0.000
0.4139E-02	0.000
0.4296E-02	0.000
0.4460E-02	0.000
0.4630E-02	0.000
0.4806E-02	0.000
0.4989E-02	0.000
0.5179E-02	0.000
0.5377E-02	0.000
0.5581E-02	0.000
0.5794E-02	0.000
0.6015E-02	0.000
0.6244E-02	0.000
0.6481E-02	0.000
0.6728E-02	0.000
0.6985E-02	0.000
0.7251E-02	0.000
0.7527E-02	0.000
0.7813E-02	0.000
0.8111E-02	0.000
0.8420E-02	0.000
0.8741E-02	0.000
0.9073E-02	0.000
0.9419E-02	0.000
0.9778E-02	0.000
0.1015E-01	0.000
0.1054E-01	0.000
0.1094E-01	0.000
0.1135E-01	0.000
0.1179E-01	0.000
0.1224E-01	0.000
0.1270E-01	0.000
0.1319E-01	0.000
0.1369E-01	0.000
0.1421E-01	0.000
0.1475E-01	0.000
0.1531E-01	0.000
0.1590E-01	0.000
0.1650E-01	0.000
0.1713E-01	0.000
0.1778E-01	0.000
0.1846E-01	0.000
0.1916E-01	0.000
0.1989E-01	0.000
0.2065E-01	0.000
0.2144E-01	0.000
0.2225E-01	0.000
0.2310E-01	0.000
0.2398E-01	0.000
0.2489E-01	0.000
0.2584E-01	0.000
0.2682E-01	0.000
0.2785E-01	0.000
0.2891E-01	0.000
0.3001E-01	0.000
0.3115E-01	0.000
0.3234E-01	0.000
0.3357E-01	0.000
0.3485E-01	0.000
0.3617E-01	0.000
0.3755E-01	0.000
0.3898E-01	0.000
0.4047E-01	0.000
0.4201E-01	0.000
0.4361E-01	0.000
0.4527E-01	0.000
0.4699E-01	0.000
0.4878E-01	0.000
0.5064E-01	0.000
0.5257E-01	0.000
0.5457E-01	0.000
0.5665E-01	0.000
0.5881E-01	0.000
0.6105E-01	0.000
0.6337E-01	0.000
0.6579E-01	0.000
0.6829E-01	0.000
0.7089E-01	0.000
0.7359E-01	0.000
0.7640E-01	0.000
0.7931E-01	0.000
0.8233E-01	0.000
0.8546E-01	0.000
0.8872E-01	0.000
0.9210E-01	0.000
0.9560E-01	0.000
0.9924E-01	0.000
0.1030	0.000
0.1069	0.000
0.1110	0.000
0.1152	0.000
0.1196	0.000
0.1242	0.000
0.1289	0.000
0.1338	0.000
0.1389	0.000
0.1442	0.000
0.1497	0.000
0.1554	0.000
0.1613	0.000
0.1675	0.000
0.1739	0.000
0.1805	0.000
0.1874	0.000
0.1945	0.000
0.2019	0.000
0.2096	0.000
0.2176	0.000
0.2259	0.000
0.2345	0.000
0.2434	0.000
0.2527	0.000
0.2623	0.000
0.2723	0.000
0.2826	0.000
0.2934	0.000
0.3046	0.000
0.3162	0.000
0.3282	0.000
0.3407	0.000
0.3537	0.000
0.3672	0.000
0.3812	0.000
0.3957	0.000
0.4107	0.000
0.4264	0.000
0.4426	0.000
0.4595	0.000
0.4770	0.000
0.4952	0.000
0.5140	0.000
0.5336	0.000
0.5539	0.000
0.5750	0.000
0.5969	0.000
0.6196	0.000
0.6432	0.000
0.6677	0.000
0.6932	0.000
0.7196	0.000
0.7470	0.000
0.7754	0.000
0.8050	0.000
0.8356	0.000
0.8674	0.000
0.9005	0.000
0.9348	0.000
0.9704	0.000
1.007	0.000
1.046	0.000
1.086	0.000
1.127	0.000
1.170	0.000
1.214	0.000
1.261	0.000
1.309	0.000
1.358	0.000
1.410	0.000
1.464	0.000
1.520	0.000
1.578	0.000
1.638	0.000
1.700	0.000
1.765	0.000
1.832	0.000
1.902	0.000
1.974	0.000
2.049	0.000
2.127	0.000
2.208	0.000
2.293	0.000
2.380	0.000
2.470	0.000
2.565	0.000
2.662	0.000
2.764	0.000
2.869	0.000
2.978	0.000
3.092	0.000
3.209	0.000
3.332	0.000
3.458	0.000
3.590	0.000
3.727	0.000
3.869	0.000
4.016	0.000
4.169	0.000
4.328	0.000
4.493	0.000
4.664	0.000
4.841	0.000
5.026	0.000
5.217	0.000
5.416	0.000
5.622	0.000
5.836	0.000
6.059	0.000
6.289	0.000
6.529	0.000
6.778	0.000
7.036	0.000
7.304	0.000
7.582	0.000
7.871	0.000
8.170	0.000
8.482	0.000
8.805	0.000
9.140	0.000
9.488	0.000
9.849	0.000
10.22	0.000
10.61	0.000
11.02	0.000
11.44	0.000
11.87	0.000
12.33	0.000
12.80	0.000
13.28	0.000
13.79	0.000
14.31	0.000
14.86	0.000
15.42	0.000
16.01	0.000
16.62	0.000
17.25	0.000
17.91	0.000
18.59	0.000
19.30	0.000
20.04	0.000
20.80	0.000
21.59	0.000
22.42	0.000
23.27	0.000
24.16	0.000
25.08	0.000
26.03	0.000
27.02	0.000
28.05	0.000
29.12	0.000
30.23	0.000
31.38	0.000
32.57	0.000
33.82	0.000
35.10	0.000
36.44	0.000
37.83	0.000
39.27	0.000
40.76	0.000
42.32	0.000
43.93	0.000
45.60	0.000
47.34	0.000
49.14	0.000
51.01	0.000
52.96	0.000
54.97	0.000
57.07	0.000
59.24	0.000
61.50	0.000
63.84	0.000
66.27	0.000
68.79	0.000
71.41	0.000
74.13	0.000
76.96	0.000
79.89	0.000
82.93	0.000
86.09	0.000
89.37	0.000
92.77	0.000
96.31	0.000
99.97	0.000
103.8	0.000
107.7	0.000
111.8	0.000
116.1	0.000
120.5	0.000
125.1	0.000
129.9	0.000
134.8	0.000
140.0	0.000
145.3	0.000
150.8	0.000
156.6	0.000
162.5	0.000
168.7	0.000
175.1	0.000
181.8	0.000
188.7	0.000
195.9	0.000
203.4	0.000
211.1	0.000
219.2	0.000
227.5	0.000
236.2	0.000
245.2	0.000
254.5	0.000
264.2	0.000
274.3	0.000
284.7	0.000
295.6	0.000
306.8	0.000
318.5	0.000
330.6	0.000
343.2	0.000
356.3	0.000
369.9	0.000
384.0	0.000
398.6	0.000
413.8	0.000
429.5	0.000
445.9	0.000
462.9	0.000
480.5	0.000
498.8	0.000
517.8	0.000
537.5	0.000
558.0	0.000
579.2	0.000
601.3	0.000
624.2	0.000
648.0	0.000
672.6	0.000
698.3	0.000
724.9	0.000
752.5	0.000
781.1	0.000
810.9	0.000
841.8	0.000
873.8	0.000
907.1	0.000
941.6	0.000
977.5	0.000
1015.	0.000
1053.	0.000
1094.	0.000
1135.	0.000
1178.	0.000
1223.	0.000
1270.	0.000
1318.	0.000
1368.	0.000
1421.	0.000
1475.	0.000
1531.	0.000
1589.	0.000
1650.	0.000
1712.	0.000
1778.	0.000
1845.	0.000
1916.	0.000
1989.	0.000
2064.	0.000
2143.	0.000
2225.	0.000
2309.	0.000
2397.	0.000
2489.	0.000
2583.	0.000
2682.	0.000
2784.	0.000
2890.	0.000
3000.	0.000
 
 
C2    CH4    Elastic                                            
E/N (Td)	Inverse rate coefficient (m2)
0.1000E-02	0.000
0.1038E-02	0.000
0.1078E-02	0.000
0.1119E-02	0.000
0.1161E-02	0.000
0.1205E-02	0.000
0.1251E-02	0.000
0.1299E-02	0.000
0.1349E-02	0.000
0.1400E-02	0.000
0.1453E-02	0.000
0.1509E-02	0.000
0.1566E-02	0.000
0.1626E-02	0.000
0.1688E-02	0.000
0.1752E-02	0.000
0.1819E-02	0.000
0.1888E-02	0.000
0.1960E-02	0.000
0.2034E-02	0.000
0.2112E-02	0.000
0.2192E-02	0.000
0.2276E-02	0.000
0.2362E-02	0.000
0.2452E-02	0.000
0.2546E-02	0.000
0.2643E-02	0.000
0.2743E-02	0.000
0.2848E-02	0.000
0.2956E-02	0.000
0.3069E-02	0.000
0.3186E-02	0.000
0.3307E-02	0.000
0.3433E-02	0.000
0.3564E-02	0.000
0.3700E-02	0.000
0.3841E-02	0.000
0.3987E-02	0.000
0.4139E-02	0.000
0.4296E-02	0.000
0.4460E-02	0.000
0.4630E-02	0.000
0.4806E-02	0.000
0.4989E-02	0.000
0.5179E-02	0.000
0.5377E-02	0.000
0.5581E-02	0.000
0.5794E-02	0.000
0.6015E-02	0.000
0.6244E-02	0.000
0.6481E-02	0.000
0.6728E-02	0.000
0.6985E-02	0.000
0.7251E-02	0.000
0.7527E-02	0.000
0.7813E-02	0.000
0.8111E-02	0.000
0.8420E-02	0.000
0.8741E-02	0.000
0.9073E-02	0.000
0.9419E-02	0.000
0.9778E-02	0.000
0.1015E-01	0.000
0.1054E-01	0.000
0.1094E-01	0.000
0.1135E-01	0.000
0.1179E-01	0.000
0.1224E-01	0.000
0.1270E-01	0.000
0.1319E-01	0.000
0.1369E-01	0.000
0.1421E-01	0.000
0.1475E-01	0.000
0.1531E-01	0.000
0.1590E-01	0.000
0.1650E-01	0.000
0.1713E-01	0.000
0.1778E-01	0.000
0.1846E-01	0.000
0.1916E-01	0.000
0.1989E-01	0.000
0.2065E-01	0.000
0.2144E-01	0.000
0.2225E-01	0.000
0.2310E-01	0.000
0.2398E-01	0.000
0.2489E-01	0.000
0.2584E-01	0.000
0.2682E-01	0.000
0.2785E-01	0.000
0.2891E-01	0.000
0.3001E-01	0.000
0.3115E-01	0.000
0.3234E-01	0.000
0.3357E-01	0.000
0.3485E-01	0.000
0.3617E-01	0.000
0.3755E-01	0.000
0.3898E-01	0.000
0.4047E-01	0.000
0.4201E-01	0.000
0.4361E-01	0.000
0.4527E-01	0.000
0.4699E-01	0.000
0.4878E-01	0.000
0.5064E-01	0.000
0.5257E-01	0.000
0.5457E-01	0.000
0.5665E-01	0.000
0.5881E-01	0.000
0.6105E-01	0.000
0.6337E-01	0.000
0.6579E-01	0.000
0.6829E-01	0.000
0.7089E-01	0.000
0.7359E-01	0.000
0.7640E-01	0.000
0.7931E-01	0.000
0.8233E-01	0.000
0.8546E-01	0.000
0.8872E-01	0.000
0.9210E-01	0.000
0.9560E-01	0.000
0.9924E-01	0.000
0.1030	0.000
0.1069	0.000
0.1110	0.000
0.1152	0.000
0.1196	0.000
0.1242	0.000
0.1289	0.000
0.1338	0.000
0.1389	0.000
0.1442	0.000
0.1497	0.000
0.1554	0.000
0.1613	0.000
0.1675	0.000
0.1739	0.000
0.1805	0.000
0.1874	0.000
0.1945	0.000
0.2019	0.000
0.2096	0.000
0.2176	0.000
0.2259	0.000
0.2345	0.000
0.2434	0.000
0.2527	0.000
0.2623	0.000
0.2723	0.000
0.2826	0.000
0.2934	0.000
0.3046	0.000
0.3162	0.000
0.3282	0.000
0.3407	0.000
0.3537	0.000
0.3672	0.000
0.3812	0.000
0.3957	0.000
0.4107	0.000
0.4264	0.000
0.4426	0.000
0.4595	0.000
0.4770	0.000
0.4952	0.000
0.5140	0.000
0.5336	0.000
0.5539	0.000
0.5750	0.000
0.5969	0.000
0.6196	0.000
0.6432	0.000
0.6677	0.000
0.6932	0.000
0.7196	0.000
0.7470	0.000
0.7754	0.000
0.8050	0.000
0.8356	0.000
0.8674	0.000
0.9005	0.000
0.9348	0.000
0.9704	0.000
1.007	0.000
1.046	0.000
1.086	0.000
1.127	0.000
1.170	0.000
1.214	0.000
1.261	0.000
1.309	0.000
1.358	0.000
1.410	0.000
1.464	0.000
1.520	0.000
1.578	0.000
1.638	0.000
1.700	0.000
1.765	0.000
1.832	0.000
1.902	0.000
1.974	0.000
2.049	0.000
2.127	0.000
2.208	0.000
2.293	0.000
2.380	0.000
2.470	0.000
2.565	0.000
2.662	0.000
2.764	0.000
2.869	0.000
2.978	0.000
3.092	0.000
3.209	0.000
3.332	0.000
3.458	0.000
3.590	0.000
3.727	0.000
3.869	0.000
4.016	0.000
4.169	0.000
4.328	0.000
4.493	0.000
4.664	0.000
4.841	0.000
5.026	0.000
5.217	0.000
5.416	0.000
5.622	0.000
5.836	0.000
6.059	0.000
6.289	0.000
6.529	0.000
6.778	0.000
7.036	0.000
7.304	0.000
7.582	0.000
7.871	0.000
8.170	0.000
8.482	0.000
8.805	0.000
9.140	0.000
9.488	0.000
9.849	0.000
10.22	0.000
10.61	0.000
11.02	0.000
11.44	0.000
11.87	0.000
12.33	0.000
12.80	0.000
13.28	0.000
13.79	0.000
14.31	0.000
14.86	0.000
15.42	0.000
16.01	0.000
16.62	0.000
17.25	0.000
17.91	0.000
18.59	0.000
19.30	0.000
20.04	0.000
20.80	0.000
21.59	0.000
22.42	0.000
23.27	0.000
24.16	0.000
25.08	0.000
26.03	0.000
27.02	0.000
28.05	0.000
29.12	0.000
30.23	0.000
31.38	0.000
32.57	0.000
33.82	0.000
35.10	0.000
36.44	0.000
37.83	0.000
39.27	0.000
40.76	0.000
42.32	0.000
43.93	0.000
45.60	0.000
47.34	0.000
49.14	0.000
51.01	0.000
52.96	0.000
54.97	0.000
57.07	0.000
59.24	0.000
61.50	0.000
63.84	0.000
66.27	0.000
68.79	0.000
71.41	0.000
74.13	0.000
76.96	0.000
79.89	0.000
82.93	0.000
86.09	0.000
89.37	0.000
92.77	0.000
96.31	0.000
99.97	0.000
103.8	0.000
107.7	0.000
111.8	0.000
116.1	0.000
120.5	0.000
125.1	0.000
129.9	0.000
134.8	0.000
140.0	0.000
145.3	0.000
150.8	0.000
156.6	0.000
162.5	0.000
168.7	0.000
175.1	0.000
181.8	0.000
188.7	0.000
195.9	0.000
203.4	0.000
211.1	0.000
219.2	0.000
227.5	0.000
236.2	0.000
245.2	0.000
254.5	0.000
264.2	0.000
274.3	0.000
284.7	0.000
295.6	0.000
306.8	0.000
318.5	0.000
330.6	0.000
343.2	0.000
356.3	0.000
369.9	0.000
384.0	0.000
398.6	0.000
413.8	0.000
429.5	0.000
445.9	0.000
462.9	0.000
480.5	0.000
498.8	0.000
517.8	0.000
537.5	0.000
558.0	0.000
579.2	0.000
601.3	0.000
624.2	0.000
648.0	0.000
672.6	0.000
698.3	0.000
724.9	0.000
752.5	0.000
781.1	0.000
810.9	0.000
841.8	0.000
873.8	0.000
907.1	0.000
941.6	0.000
977.5	0.000
1015.	0.000
1053.	0.000
1094.	0.000
1135.	0.000
1178.	0.000
1223.	0.000
1270.	0.000
1318.	0.000
1368.	0.000
1421.	0.000
1475.	0.000
1531.	0.000
1589.	0.000
1650.	0.000
1712.	0.000
1778.	0.000
1845.	0.000
1916.	0.000
1989.	0.000
2064.	0.000
2143.	0.000
2225.	0.000
2309.	0.000
2397.	0.000
2489.	0.000
2583.	0.000
2682.	0.000
2784.	0.000
2890.	0.000
3000.	0.000
 
 
C3    CH4    Excitation    0.16 eV                              
E/N (Td)	Inverse rate coefficient (m2)
0.1000E-02	0.2471E-14
0.1038E-02	0.2471E-14
0.1078E-02	0.2471E-14
0.1119E-02	0.2471E-14
0.1161E-02	0.2471E-14
0.1205E-02	0.2471E-14
0.1251E-02	0.2470E-14
0.1299E-02	0.2470E-14
0.1349E-02	0.2470E-14
0.1400E-02	0.2470E-14
0.1453E-02	0.2470E-14
0.1509E-02	0.2470E-14
0.1566E-02	0.2470E-14
0.1626E-02	0.2470E-14
0.1688E-02	0.2470E-14
0.1752E-02	0.2470E-14
0.1819E-02	0.2470E-14
0.1888E-02	0.2470E-14
0.1960E-02	0.2469E-14
0.2034E-02	0.2469E-14
0.2112E-02	0.2469E-14
0.2192E-02	0.2469E-14
0.2276E-02	0.2469E-14
0.2362E-02	0.2469E-14
0.2452E-02	0.2469E-14
0.2546E-02	0.2468E-14
0.2643E-02	0.2468E-14
0.2743E-02	0.2468E-14
0.2848E-02	0.2468E-14
0.2956E-02	0.2467E-14
0.3069E-02	0.2467E-14
0.3186E-02	0.2467E-14
0.3307E-02	0.2467E-14
0.3433E-02	0.2466E-14
0.3564E-02	0.2466E-14
0.3700E-02	0.2465E-14
0.3841E-02	0.2465E-14
0.3987E-02	0.2465E-14
0.4139E-02	0.2464E-14
0.4296E-02	0.2464E-14
0.4460E-02	0.2463E-14
0.4630E-02	0.2462E-14
0.4806E-02	0.2462E-14
0.4989E-02	0.2461E-14
0.5179E-02	0.2460E-14
0.5377E-02	0.2460E-14
0.5581E-02	0.2459E-14
0.5794E-02	0.2458E-14
0.6015E-02	0.2457E-14
0.6244E-02	0.2456E-14
0.6481E-02	0.2455E-14
0.6728E-02	0.2454E-14
0.6985E-02	0.2453E-14
0.7251E-02	0.2452E-14
0.7527E-02	0.2450E-14
0.7813E-02	0.2449E-14
0.8111E-02	0.2447E-14
0.8420E-02	0.2446E-14
0.8741E-02	0.2444E-14
0.9073E-02	0.2443E-14
0.9419E-02	0.2441E-14
0.9778E-02	0.2439E-14
0.1015E-01	0.2438E-14
0.1054E-01	0.2436E-14
0.1094E-01	0.2434E-14
0.1135E-01	0.2432E-14
0.1179E-01	0.2430E-14
0.1224E-01	0.2428E-14
0.1270E-01	0.2426E-14
0.1319E-01	0.2424E-14
0.1369E-01	0.2422E-14
0.1421E-01	0.2419E-14
0.1475E-01	0.2417E-14
0.1531E-01	0.2415E-14
0.1590E-01	0.2413E-14
0.1650E-01	0.2411E-14
0.1713E-01	0.2409E-14
0.1778E-01	0.2407E-14
0.1846E-01	0.2405E-14
0.1916E-01	0.2403E-14
0.1989E-01	0.2401E-14
0.2065E-01	0.2399E-14
0.2144E-01	0.2397E-14
0.2225E-01	0.2395E-14
0.2310E-01	0.2394E-14
0.2398E-01	0.2392E-14
0.2489E-01	0.2390E-14
0.2584E-01	0.2389E-14
0.2682E-01	0.2388E-14
0.2785E-01	0.2386E-14
0.2891E-01	0.2385E-14
0.3001E-01	0.2384E-14
0.3115E-01	0.2383E-14
0.3234E-01	0.2382E-14
0.3357E-01	0.2381E-14
0.3485E-01	0.2380E-14
0.3617E-01	0.2379E-14
0.3755E-01	0.2378E-14
0.3898E-01	0.2377E-14
0.4047E-01	0.2376E-14
0.4201E-01	0.2376E-14
0.4361E-01	0.2375E-14
0.4527E-01	0.2374E-14
0.4699E-01	0.2374E-14
0.4878E-01	0.2373E-14
0.5064E-01	0.2372E-14
0.5257E-01	0.2372E-14
0.5457E-01	0.2371E-14
0.5665E-01	0.2370E-14
0.5881E-01	0.2369E-14
0.6105E-01	0.2369E-14
0.6337E-01	0.2368E-14
0.6579E-01	0.2367E-14
0.6829E-01	0.2366E-14
0.7089E-01	0.2365E-14
0.7359E-01	0.2364E-14
0.7640E-01	0.2363E-14
0.7931E-01	0.2362E-14
0.8233E-01	0.2361E-14
0.8546E-01	0.2360E-14
0.8872E-01	0.2358E-14
0.9210E-01	0.2357E-14
0.9560E-01	0.2355E-14
0.9924E-01	0.2354E-14
0.1030	0.2352E-14
0.1069	0.2350E-14
0.1110	0.2348E-14
0.1152	0.2346E-14
0.1196	0.2344E-14
0.1242	0.2341E-14
0.1289	0.2339E-14
0.1338	0.2336E-14
0.1389	0.2333E-14
0.1442	0.2330E-14
0.1497	0.2327E-14
0.1554	0.2324E-14
0.1613	0.2320E-14
0.1675	0.2317E-14
0.1739	0.2313E-14
0.1805	0.2309E-14
0.1874	0.2305E-14
0.1945	0.2300E-14
0.2019	0.2295E-14
0.2096	0.2291E-14
0.2176	0.2285E-14
0.2259	0.2280E-14
0.2345	0.2274E-14
0.2434	0.2269E-14
0.2527	0.2262E-14
0.2623	0.2256E-14
0.2723	0.2249E-14
0.2826	0.2242E-14
0.2934	0.2235E-14
0.3046	0.2227E-14
0.3162	0.2219E-14
0.3282	0.2211E-14
0.3407	0.2202E-14
0.3537	0.2193E-14
0.3672	0.2183E-14
0.3812	0.2173E-14
0.3957	0.2163E-14
0.4107	0.2152E-14
0.4264	0.2141E-14
0.4426	0.2129E-14
0.4595	0.2117E-14
0.4770	0.2104E-14
0.4952	0.2091E-14
0.5140	0.2077E-14
0.5336	0.2063E-14
0.5539	0.2048E-14
0.5750	0.2032E-14
0.5969	0.2016E-14
0.6196	0.1999E-14
0.6432	0.1982E-14
0.6677	0.1964E-14
0.6932	0.1946E-14
0.7196	0.1927E-14
0.7470	0.1907E-14
0.7754	0.1887E-14
0.8050	0.1866E-14
0.8356	0.1844E-14
0.8674	0.1822E-14
0.9005	0.1800E-14
0.9348	0.1777E-14
0.9704	0.1754E-14
1.007	0.1731E-14
1.046	0.1707E-14
1.086	0.1683E-14
1.127	0.1659E-14
1.170	0.1634E-14
1.214	0.1610E-14
1.261	0.1585E-14
1.309	0.1561E-14
1.358	0.1537E-14
1.410	0.1513E-14
1.464	0.1490E-14
1.520	0.1466E-14
1.578	0.1444E-14
1.638	0.1421E-14
1.700	0.1399E-14
1.765	0.1378E-14
1.832	0.1358E-14
1.902	0.1338E-14
1.974	0.1319E-14
2.049	0.1301E-14
2.127	0.1284E-14
2.208	0.1268E-14
2.293	0.1254E-14
2.380	0.1240E-14
2.470	0.1227E-14
2.565	0.1216E-14
2.662	0.1206E-14
2.764	0.1197E-14
2.869	0.1190E-14
2.978	0.1184E-14
3.092	0.1179E-14
3.209	0.1175E-14
3.332	0.1173E-14
3.458	0.1171E-14
3.590	0.1172E-14
3.727	0.1173E-14
3.869	0.1176E-14
4.016	0.1181E-14
4.169	0.1186E-14
4.328	0.1193E-14
4.493	0.1201E-14
4.664	0.1209E-14
4.841	0.1219E-14
5.026	0.1230E-14
5.217	0.1242E-14
5.416	0.1255E-14
5.622	0.1269E-14
5.836	0.1283E-14
6.059	0.1298E-14
6.289	0.1314E-14
6.529	0.1331E-14
6.778	0.1348E-14
7.036	0.1366E-14
7.304	0.1385E-14
7.582	0.1404E-14
7.871	0.1423E-14
8.170	0.1443E-14
8.482	0.1463E-14
8.805	0.1484E-14
9.140	0.1505E-14
9.488	0.1526E-14
9.849	0.1548E-14
10.22	0.1570E-14
10.61	0.1593E-14
11.02	0.1615E-14
11.44	0.1638E-14
11.87	0.1662E-14
12.33	0.1686E-14
12.80	0.1710E-14
13.28	0.1734E-14
13.79	0.1760E-14
14.31	0.1785E-14
14.86	0.1812E-14
15.42	0.1839E-14
16.01	0.1866E-14
16.62	0.1895E-14
17.25	0.1924E-14
17.91	0.1955E-14
18.59	0.1986E-14
19.30	0.2019E-14
20.04	0.2054E-14
20.80	0.2089E-14
21.59	0.2127E-14
22.42	0.2167E-14
23.27	0.2209E-14
24.16	0.2253E-14
25.08	0.2300E-14
26.03	0.2349E-14
27.02	0.2402E-14
28.05	0.2458E-14
29.12	0.2517E-14
30.23	0.2579E-14
31.38	0.2644E-14
32.57	0.2713E-14
33.82	0.2784E-14
35.10	0.2858E-14
36.44	0.2934E-14
37.83	0.3011E-14
39.27	0.3090E-14
40.76	0.3169E-14
42.32	0.3249E-14
43.93	0.3328E-14
45.60	0.3406E-14
47.34	0.3483E-14
49.14	0.3558E-14
51.01	0.3632E-14
52.96	0.3705E-14
54.97	0.3775E-14
57.07	0.3843E-14
59.24	0.3910E-14
61.50	0.3974E-14
63.84	0.4037E-14
66.27	0.4097E-14
68.79	0.4156E-14
71.41	0.4214E-14
74.13	0.4270E-14
76.96	0.4324E-14
79.89	0.4377E-14
82.93	0.4428E-14
86.09	0.4478E-14
89.37	0.4527E-14
92.77	0.4575E-14
96.31	0.4622E-14
99.97	0.4668E-14
103.8	0.4712E-14
107.7	0.4756E-14
111.8	0.4798E-14
116.1	0.4839E-14
120.5	0.4880E-14
125.1	0.4920E-14
129.9	0.4958E-14
134.8	0.4996E-14
140.0	0.5032E-14
145.3	0.5068E-14
150.8	0.5103E-14
156.6	0.5137E-14
162.5	0.5170E-14
168.7	0.5202E-14
175.1	0.5233E-14
181.8	0.5263E-14
188.7	0.5292E-14
195.9	0.5320E-14
203.4	0.5347E-14
211.1	0.5374E-14
219.2	0.5399E-14
227.5	0.5424E-14
236.2	0.5447E-14
245.2	0.5470E-14
254.5	0.5492E-14
264.2	0.5513E-14
274.3	0.5533E-14
284.7	0.5553E-14
295.6	0.5571E-14
306.8	0.5589E-14
318.5	0.5606E-14
330.6	0.5622E-14
343.2	0.5637E-14
356.3	0.5651E-14
369.9	0.5665E-14
384.0	0.5678E-14
398.6	0.5690E-14
413.8	0.5701E-14
429.5	0.5712E-14
445.9	0.5721E-14
462.9	0.5730E-14
480.5	0.5738E-14
498.8	0.5745E-14
517.8	0.5751E-14
537.5	0.5756E-14
558.0	0.5760E-14
579.2	0.5763E-14
601.3	0.5765E-14
624.2	0.5766E-14
648.0	0.5766E-14
672.6	0.5765E-14
698.3	0.5762E-14
724.9	0.5759E-14
752.5	0.5754E-14
781.1	0.5747E-14
810.9	0.5740E-14
841.8	0.5731E-14
873.8	0.5720E-14
907.1	0.5709E-14
941.6	0.5695E-14
977.5	0.5680E-14
1015.	0.5664E-14
1053.	0.5646E-14
1094.	0.5627E-14
1135.	0.5606E-14
1178.	0.5583E-14
1223.	0.5558E-14
1270.	0.5532E-14
1318.	0.5505E-14
1368.	0.5475E-14
1421.	0.5444E-14
1475.	0.5412E-14
1531.	0.5377E-14
1589.	0.5341E-14
1650.	0.5303E-14
1712.	0.5264E-14
1778.	0.5223E-14
1845.	0.5180E-14
1916.	0.5136E-14
1989.	0.5090E-14
2064.	0.5042E-14
2143.	0.4993E-14
2225.	0.4942E-14
2309.	0.4890E-14
2397.	0.4836E-14
2489.	0.4781E-14
2583.	0.4724E-14
2682.	0.4666E-14
2784.	0.4606E-14
2890.	0.4545E-14
3000.	0.4482E-14
 
 
C4    CH4    Excitation    0.37 eV                              
E/N (Td)	Inverse rate coefficient (m2)
0.1000E-02	0.2604E-14
0.1038E-02	0.2604E-14
0.1078E-02	0.2604E-14
0.1119E-02	0.2604E-14
0.1161E-02	0.2604E-14
0.1205E-02	0.2604E-14
0.1251E-02	0.2604E-14
0.1299E-02	0.2604E-14
0.1349E-02	0.2604E-14
0.1400E-02	0.2604E-14
0.1453E-02	0.2604E-14
0.1509E-02	0.2604E-14
0.1566E-02	0.2604E-14
0.1626E-02	0.2604E-14
0.1688E-02	0.2604E-14
0.1752E-02	0.2604E-14
0.1819E-02	0.2605E-14
0.1888E-02	0.2605E-14
0.1960E-02	0.2605E-14
0.2034E-02	0.2605E-14
0.2112E-02	0.2605E-14
0.2192E-02	0.2605E-14
0.2276E-02	0.2605E-14
0.2362E-02	0.2605E-14
0.2452E-02	0.2605E-14
0.2546E-02	0.2606E-14
0.2643E-02	0.2606E-14
0.2743E-02	0.2606E-14
0.2848E-02	0.2606E-14
0.2956E-02	0.2606E-14
0.3069E-02	0.2606E-14
0.3186E-02	0.2607E-14
0.3307E-02	0.2607E-14
0.3433E-02	0.2607E-14
0.3564E-02	0.2607E-14
0.3700E-02	0.2608E-14
0.3841E-02	0.2608E-14
0.3987E-02	0.2608E-14
0.4139E-02	0.2609E-14
0.4296E-02	0.2609E-14
0.4460E-02	0.2610E-14
0.4630E-02	0.2610E-14
0.4806E-02	0.2611E-14
0.4989E-02	0.2611E-14
0.5179E-02	0.2612E-14
0.5377E-02	0.2612E-14
0.5581E-02	0.2613E-14
0.5794E-02	0.2613E-14
0.6015E-02	0.2614E-14
0.6244E-02	0.2615E-14
0.6481E-02	0.2615E-14
0.6728E-02	0.2616E-14
0.6985E-02	0.2617E-14
0.7251E-02	0.2618E-14
0.7527E-02	0.2619E-14
0.7813E-02	0.2620E-14
0.8111E-02	0.2620E-14
0.8420E-02	0.2621E-14
0.8741E-02	0.2622E-14
0.9073E-02	0.2623E-14
0.9419E-02	0.2624E-14
0.9778E-02	0.2625E-14
0.1015E-01	0.2627E-14
0.1054E-01	0.2628E-14
0.1094E-01	0.2629E-14
0.1135E-01	0.2630E-14
0.1179E-01	0.2631E-14
0.1224E-01	0.2632E-14
0.1270E-01	0.2633E-14
0.1319E-01	0.2634E-14
0.1369E-01	0.2635E-14
0.1421E-01	0.2636E-14
0.1475E-01	0.2637E-14
0.1531E-01	0.2638E-14
0.1590E-01	0.2639E-14
0.1650E-01	0.2639E-14
0.1713E-01	0.2640E-14
0.1778E-01	0.2641E-14
0.1846E-01	0.2641E-14
0.1916E-01	0.2642E-14
0.1989E-01	0.2642E-14
0.2065E-01	0.2642E-14
0.2144E-01	0.2643E-14
0.2225E-01	0.2643E-14
0.2310E-01	0.2643E-14
0.2398E-01	0.2643E-14
0.2489E-01	0.2643E-14
0.2584E-01	0.2643E-14
0.2682E-01	0.2643E-14
0.2785E-01	0.2642E-14
0.2891E-01	0.2642E-14
0.3001E-01	0.2642E-14
0.3115E-01	0.2642E-14
0.3234E-01	0.2642E-14
0.3357E-01	0.2641E-14
0.3485E-01	0.2641E-14
0.3617E-01	0.2641E-14
0.3755E-01	0.2641E-14
0.3898E-01	0.2641E-14
0.4047E-01	0.2640E-14
0.4201E-01	0.2640E-14
0.4361E-01	0.2640E-14
0.4527E-01	0.2641E-14
0.4699E-01	0.2641E-14
0.4878E-01	0.2641E-14
0.5064E-01	0.2641E-14
0.5257E-01	0.2642E-14
0.5457E-01	0.2642E-14
0.5665E-01	0.2643E-14
0.5881E-01	0.2643E-14
0.6105E-01	0.2644E-14
0.6337E-01	0.2645E-14
0.6579E-01	0.2646E-14
0.6829E-01	0.2647E-14
0.7089E-01	0.2648E-14
0.7359E-01	0.2650E-14
0.7640E-01	0.2651E-14
0.7931E-01	0.2653E-14
0.8233E-01	0.2654E-14
0.8546E-01	0.2656E-14
0.8872E-01	0.2658E-14
0.9210E-01	0.2660E-14
0.9560E-01	0.2662E-14
0.9924E-01	0.2665E-14
0.1030	0.2667E-14
0.1069	0.2669E-14
0.1110	0.2672E-14
0.1152	0.2675E-14
0.1196	0.2677E-14
0.1242	0.2680E-14
0.1289	0.2683E-14
0.1338	0.2686E-14
0.1389	0.2689E-14
0.1442	0.2693E-14
0.1497	0.2696E-14
0.1554	0.2699E-14
0.1613	0.2703E-14
0.1675	0.2707E-14
0.1739	0.2710E-14
0.1805	0.2714E-14
0.1874	0.2718E-14
0.1945	0.2722E-14
0.2019	0.2726E-14
0.2096	0.2730E-14
0.2176	0.2734E-14
0.2259	0.2738E-14
0.2345	0.2742E-14
0.2434	0.2746E-14
0.2527	0.2751E-14
0.2623	0.2755E-14
0.2723	0.2759E-14
0.2826	0.2764E-14
0.2934	0.2768E-14
0.3046	0.2773E-14
0.3162	0.2777E-14
0.3282	0.2781E-14
0.3407	0.2786E-14
0.3537	0.2790E-14
0.3672	0.2794E-14
0.3812	0.2799E-14
0.3957	0.2803E-14
0.4107	0.2807E-14
0.4264	0.2811E-14
0.4426	0.2815E-14
0.4595	0.2819E-14
0.4770	0.2822E-14
0.4952	0.2825E-14
0.5140	0.2829E-14
0.5336	0.2832E-14
0.5539	0.2835E-14
0.5750	0.2837E-14
0.5969	0.2840E-14
0.6196	0.2842E-14
0.6432	0.2844E-14
0.6677	0.2845E-14
0.6932	0.2846E-14
0.7196	0.2847E-14
0.7470	0.2847E-14
0.7754	0.2847E-14
0.8050	0.2847E-14
0.8356	0.2846E-14
0.8674	0.2844E-14
0.9005	0.2842E-14
0.9348	0.2840E-14
0.9704	0.2837E-14
1.007	0.2833E-14
1.046	0.2829E-14
1.086	0.2824E-14
1.127	0.2819E-14
1.170	0.2813E-14
1.214	0.2807E-14
1.261	0.2800E-14
1.309	0.2792E-14
1.358	0.2784E-14
1.410	0.2775E-14
1.464	0.2766E-14
1.520	0.2756E-14
1.578	0.2746E-14
1.638	0.2735E-14
1.700	0.2724E-14
1.765	0.2712E-14
1.832	0.2700E-14
1.902	0.2687E-14
1.974	0.2675E-14
2.049	0.2661E-14
2.127	0.2648E-14
2.208	0.2635E-14
2.293	0.2621E-14
2.380	0.2607E-14
2.470	0.2593E-14
2.565	0.2579E-14
2.662	0.2565E-14
2.764	0.2551E-14
2.869	0.2538E-14
2.978	0.2524E-14
3.092	0.2511E-14
3.209	0.2498E-14
3.332	0.2485E-14
3.458	0.2472E-14
3.590	0.2460E-14
3.727	0.2449E-14
3.869	0.2438E-14
4.016	0.2428E-14
4.169	0.2418E-14
4.328	0.2409E-14
4.493	0.2400E-14
4.664	0.2392E-14
4.841	0.2385E-14
5.026	0.2378E-14
5.217	0.2373E-14
5.416	0.2368E-14
5.622	0.2364E-14
5.836	0.2360E-14
6.059	0.2358E-14
6.289	0.2356E-14
6.529	0.2356E-14
6.778	0.2356E-14
7.036	0.2357E-14
7.304	0.2358E-14
7.582	0.2361E-14
7.871	0.2364E-14
8.170	0.2369E-14
8.482	0.2374E-14
8.805	0.2380E-14
9.140	0.2387E-14
9.488	0.2395E-14
9.849	0.2404E-14
10.22	0.2414E-14
10.61	0.2424E-14
11.02	0.2436E-14
11.44	0.2448E-14
11.87	0.2462E-14
12.33	0.2476E-14
12.80	0.2492E-14
13.28	0.2508E-14
13.79	0.2526E-14
14.31	0.2545E-14
14.86	0.2564E-14
15.42	0.2586E-14
16.01	0.2608E-14
16.62	0.2632E-14
17.25	0.2657E-14
17.91	0.2684E-14
18.59	0.2713E-14
19.30	0.2743E-14
20.04	0.2775E-14
20.80	0.2810E-14
21.59	0.2846E-14
22.42	0.2885E-14
23.27	0.2927E-14
24.16	0.2972E-14
25.08	0.3019E-14
26.03	0.3070E-14
27.02	0.3123E-14
28.05	0.3180E-14
29.12	0.3241E-14
30.23	0.3305E-14
31.38	0.3372E-14
32.57	0.3441E-14
33.82	0.3514E-14
35.10	0.3588E-14
36.44	0.3664E-14
37.83	0.3741E-14
39.27	0.3818E-14
40.76	0.3895E-14
42.32	0.3972E-14
43.93	0.4047E-14
45.60	0.4121E-14
47.34	0.4193E-14
49.14	0.4263E-14
51.01	0.4331E-14
52.96	0.4396E-14
54.97	0.4459E-14
57.07	0.4519E-14
59.24	0.4577E-14
61.50	0.4633E-14
63.84	0.4686E-14
66.27	0.4737E-14
68.79	0.4786E-14
71.41	0.4833E-14
74.13	0.4879E-14
76.96	0.4922E-14
79.89	0.4964E-14
82.93	0.5004E-14
86.09	0.5043E-14
89.37	0.5080E-14
92.77	0.5116E-14
96.31	0.5150E-14
99.97	0.5183E-14
103.8	0.5215E-14
107.7	0.5246E-14
111.8	0.5275E-14
116.1	0.5303E-14
120.5	0.5330E-14
125.1	0.5356E-14
129.9	0.5381E-14
134.8	0.5404E-14
140.0	0.5426E-14
145.3	0.5447E-14
150.8	0.5467E-14
156.6	0.5486E-14
162.5	0.5503E-14
168.7	0.5520E-14
175.1	0.5535E-14
181.8	0.5549E-14
188.7	0.5561E-14
195.9	0.5573E-14
203.4	0.5583E-14
211.1	0.5592E-14
219.2	0.5600E-14
227.5	0.5607E-14
236.2	0.5613E-14
245.2	0.5617E-14
254.5	0.5620E-14
264.2	0.5622E-14
274.3	0.5623E-14
284.7	0.5622E-14
295.6	0.5620E-14
306.8	0.5617E-14
318.5	0.5613E-14
330.6	0.5607E-14
343.2	0.5600E-14
356.3	0.5592E-14
369.9	0.5582E-14
384.0	0.5571E-14
398.6	0.5558E-14
413.8	0.5544E-14
429.5	0.5528E-14
445.9	0.5511E-14
462.9	0.5492E-14
480.5	0.5472E-14
498.8	0.5449E-14
517.8	0.5425E-14
537.5	0.5399E-14
558.0	0.5371E-14
579.2	0.5341E-14
601.3	0.5310E-14
624.2	0.5276E-14
648.0	0.5239E-14
672.6	0.5201E-14
698.3	0.5161E-14
724.9	0.5118E-14
752.5	0.5073E-14
781.1	0.5026E-14
810.9	0.4976E-14
841.8	0.4924E-14
873.8	0.4869E-14
907.1	0.4813E-14
941.6	0.4754E-14
977.5	0.4692E-14
1015.	0.4628E-14
1053.	0.4563E-14
1094.	0.4495E-14
1135.	0.4424E-14
1178.	0.4352E-14
1223.	0.4278E-14
1270.	0.4202E-14
1318.	0.4124E-14
1368.	0.4045E-14
1421.	0.3964E-14
1475.	0.3882E-14
1531.	0.3798E-14
1589.	0.3713E-14
1650.	0.3628E-14
1712.	0.3541E-14
1778.	0.3454E-14
1845.	0.3367E-14
1916.	0.3279E-14
1989.	0.3190E-14
2064.	0.3102E-14
2143.	0.3014E-14
2225.	0.2926E-14
2309.	0.2838E-14
2397.	0.2751E-14
2489.	0.2665E-14
2583.	0.2579E-14
2682.	0.2495E-14
2784.	0.2411E-14
2890.	0.2329E-14
3000.	0.2247E-14
 
 
C5    CH4    Excitation    7.90 eV                              
E/N (Td)	Inverse rate coefficient (m2)
0.1000E-02	0.3100E-14
0.1038E-02	0.3102E-14
0.1078E-02	0.3102E-14
0.1119E-02	0.3102E-14
0.1161E-02	0.3102E-14
0.1205E-02	0.3102E-14
0.1251E-02	0.3102E-14
0.1299E-02	0.3102E-14
0.1349E-02	0.3102E-14
0.1400E-02	0.3102E-14
0.1453E-02	0.3101E-14
0.1509E-02	0.3101E-14
0.1566E-02	0.3101E-14
0.1626E-02	0.3101E-14
0.1688E-02	0.3101E-14
0.1752E-02	0.3101E-14
0.1819E-02	0.3101E-14
0.1888E-02	0.3100E-14
0.1960E-02	0.3100E-14
0.2034E-02	0.3100E-14
0.2112E-02	0.3100E-14
0.2192E-02	0.3100E-14
0.2276E-02	0.3099E-14
0.2362E-02	0.3099E-14
0.2452E-02	0.3099E-14
0.2546E-02	0.3099E-14
0.2643E-02	0.3098E-14
0.2743E-02	0.3098E-14
0.2848E-02	0.3098E-14
0.2956E-02	0.3097E-14
0.3069E-02	0.3097E-14
0.3186E-02	0.3096E-14
0.3307E-02	0.3096E-14
0.3433E-02	0.3095E-14
0.3564E-02	0.3095E-14
0.3700E-02	0.3094E-14
0.3841E-02	0.3094E-14
0.3987E-02	0.3093E-14
0.4139E-02	0.3092E-14
0.4296E-02	0.3091E-14
0.4460E-02	0.3091E-14
0.4630E-02	0.3090E-14
0.4806E-02	0.3089E-14
0.4989E-02	0.3088E-14
0.5179E-02	0.3087E-14
0.5377E-02	0.3086E-14
0.5581E-02	0.3085E-14
0.5794E-02	0.3083E-14
0.6015E-02	0.3082E-14
0.6244E-02	0.3081E-14
0.6481E-02	0.3079E-14
0.6728E-02	0.3078E-14
0.6985E-02	0.3076E-14
0.7251E-02	0.3075E-14
0.7527E-02	0.3073E-14
0.7813E-02	0.3071E-14
0.8111E-02	0.3069E-14
0.8420E-02	0.3067E-14
0.8741E-02	0.3065E-14
0.9073E-02	0.3063E-14
0.9419E-02	0.3061E-14
0.9778E-02	0.3059E-14
0.1015E-01	0.3056E-14
0.1054E-01	0.3054E-14
0.1094E-01	0.3052E-14
0.1135E-01	0.3049E-14
0.1179E-01	0.3047E-14
0.1224E-01	0.3045E-14
0.1270E-01	0.3042E-14
0.1319E-01	0.3040E-14
0.1369E-01	0.3038E-14
0.1421E-01	0.3035E-14
0.1475E-01	0.3033E-14
0.1531E-01	0.3031E-14
0.1590E-01	0.3029E-14
0.1650E-01	0.3027E-14
0.1713E-01	0.3025E-14
0.1778E-01	0.3023E-14
0.1846E-01	0.3022E-14
0.1916E-01	0.3020E-14
0.1989E-01	0.3019E-14
0.2065E-01	0.3018E-14
0.2144E-01	0.3017E-14
0.2225E-01	0.3016E-14
0.2310E-01	0.3015E-14
0.2398E-01	0.3015E-14
0.2489E-01	0.3014E-14
0.2584E-01	0.3014E-14
0.2682E-01	0.3014E-14
0.2785E-01	0.3014E-14
0.2891E-01	0.3014E-14
0.3001E-01	0.3014E-14
0.3115E-01	0.3014E-14
0.3234E-01	0.3014E-14
0.3357E-01	0.3014E-14
0.3485E-01	0.3014E-14
0.3617E-01	0.3015E-14
0.3755E-01	0.3015E-14
0.3898E-01	0.3015E-14
0.4047E-01	0.3015E-14
0.4201E-01	0.3015E-14
0.4361E-01	0.3015E-14
0.4527E-01	0.3015E-14
0.4699E-01	0.3015E-14
0.4878E-01	0.3014E-14
0.5064E-01	0.3014E-14
0.5257E-01	0.3013E-14
0.5457E-01	0.3013E-14
0.5665E-01	0.3012E-14
0.5881E-01	0.3011E-14
0.6105E-01	0.3009E-14
0.6337E-01	0.3008E-14
0.6579E-01	0.3006E-14
0.6829E-01	0.3004E-14
0.7089E-01	0.3002E-14
0.7359E-01	0.3000E-14
0.7640E-01	0.2997E-14
0.7931E-01	0.2995E-14
0.8233E-01	0.2987E-14
0.8546E-01	0.2984E-14
0.8872E-01	0.2981E-14
0.9210E-01	0.2978E-14
0.9560E-01	0.2974E-14
0.9924E-01	0.2970E-14
0.1030	0.2966E-14
0.1069	0.2961E-14
0.1110	0.2957E-14
0.1152	0.2952E-14
0.1196	0.2947E-14
0.1242	0.2941E-14
0.1289	0.2936E-14
0.1338	0.2930E-14
0.1389	0.2924E-14
0.1442	0.2917E-14
0.1497	0.2911E-14
0.1554	0.2904E-14
0.1613	0.2897E-14
0.1675	0.2890E-14
0.1739	0.2883E-14
0.1805	0.2875E-14
0.1874	0.2867E-14
0.1945	0.2859E-14
0.2019	0.2850E-14
0.2096	0.2842E-14
0.2176	0.2833E-14
0.2259	0.2824E-14
0.2345	0.2814E-14
0.2434	0.2804E-14
0.2527	0.2795E-14
0.2623	0.2784E-14
0.2723	0.2774E-14
0.2826	0.2763E-14
0.2934	0.2752E-14
0.3046	0.2741E-14
0.3162	0.2730E-14
0.3282	0.2718E-14
0.3407	0.2706E-14
0.3537	0.2694E-14
0.3672	0.2681E-14
0.3812	0.2668E-14
0.3957	0.2655E-14
0.4107	0.2642E-14
0.4264	0.2628E-14
0.4426	0.2614E-14
0.4595	0.2599E-14
0.4770	0.2585E-14
0.4952	0.2570E-14
0.5140	0.2554E-14
0.5336	0.2539E-14
0.5539	0.2523E-14
0.5750	0.2506E-14
0.5969	0.2490E-14
0.6196	0.2473E-14
0.6432	0.2456E-14
0.6677	0.2439E-14
0.6932	0.2421E-14
0.7196	0.2403E-14
0.7470	0.2385E-14
0.7754	0.2367E-14
0.8050	0.2349E-14
0.8356	0.2331E-14
0.8674	0.2313E-14
0.9005	0.2294E-14
0.9348	0.2276E-14
0.9704	0.2258E-14
1.007	0.2241E-14
1.046	0.2224E-14
1.086	0.2207E-14
1.127	0.2190E-14
1.170	0.2173E-14
1.214	0.2158E-14
1.261	0.2143E-14
1.309	0.2129E-14
1.358	0.2116E-14
1.410	0.2103E-14
1.464	0.2092E-14
1.520	0.2082E-14
1.578	0.2073E-14
1.638	0.2065E-14
1.700	0.2058E-14
1.765	0.2052E-14
1.832	0.2048E-14
1.902	0.2046E-14
1.974	0.2045E-14
2.049	0.2045E-14
2.127	0.2048E-14
2.208	0.2052E-14
2.293	0.2058E-14
2.380	0.2066E-14
2.470	0.2076E-14
2.565	0.2088E-14
2.662	0.2102E-14
2.764	0.2119E-14
2.869	0.2137E-14
2.978	0.2158E-14
3.092	0.2181E-14
3.209	0.2206E-14
3.332	0.2234E-14
3.458	0.2264E-14
3.590	0.2297E-14
3.727	0.2332E-14
3.869	0.2370E-14
4.016	0.2411E-14
4.169	0.2454E-14
4.328	0.2501E-14
4.493	0.2550E-14
4.664	0.2602E-14
4.841	0.2657E-14
5.026	0.2715E-14
5.217	0.2776E-14
5.416	0.2841E-14
5.622	0.2908E-14
5.836	0.2979E-14
6.059	0.3054E-14
6.289	0.3132E-14
6.529	0.3215E-14
6.778	0.3301E-14
7.036	0.3391E-14
7.304	0.3485E-14
7.582	0.3584E-14
7.871	0.3688E-14
8.170	0.3797E-14
8.482	0.3910E-14
8.805	0.4029E-14
9.140	0.4153E-14
9.488	0.4284E-14
9.849	0.4420E-14
10.22	0.4563E-14
10.61	0.4712E-14
11.02	0.4869E-14
11.44	0.5033E-14
11.87	0.5205E-14
12.33	0.5386E-14
12.80	0.5575E-14
13.28	0.5775E-14
13.79	0.5985E-14
14.31	0.6206E-14
14.86	0.6439E-14
15.42	0.6685E-14
16.01	0.6945E-14
16.62	0.7220E-14
17.25	0.7511E-14
17.91	0.7820E-14
18.59	0.8148E-14
19.30	0.8497E-14
20.04	0.8867E-14
20.80	0.9260E-14
21.59	0.9677E-14
22.42	0.1012E-13
23.27	0.1059E-13
24.16	0.1109E-13
25.08	0.1161E-13
26.03	0.1217E-13
27.02	0.1275E-13
28.05	0.1336E-13
29.12	0.1399E-13
30.23	0.1465E-13
31.38	0.1533E-13
32.57	0.1603E-13
33.82	0.1674E-13
35.10	0.1746E-13
36.44	0.1819E-13
37.83	0.1893E-13
39.27	0.1965E-13
40.76	0.2038E-13
42.32	0.2109E-13
43.93	0.2179E-13
45.60	0.2248E-13
47.34	0.2315E-13
49.14	0.2380E-13
51.01	0.2443E-13
52.96	0.2505E-13
54.97	0.2565E-13
57.07	0.2624E-13
59.24	0.2680E-13
61.50	0.2736E-13
63.84	0.2790E-13
66.27	0.2843E-13
68.79	0.2895E-13
71.41	0.2946E-13
74.13	0.2996E-13
76.96	0.3045E-13
79.89	0.3093E-13
82.93	0.3141E-13
86.09	0.3189E-13
89.37	0.3236E-13
92.77	0.3283E-13
96.31	0.3329E-13
99.97	0.3375E-13
103.8	0.3422E-13
107.7	0.3467E-13
111.8	0.3513E-13
116.1	0.3559E-13
120.5	0.3605E-13
125.1	0.3651E-13
129.9	0.3697E-13
134.8	0.3743E-13
140.0	0.3789E-13
145.3	0.3836E-13
150.8	0.3882E-13
156.6	0.3929E-13
162.5	0.3977E-13
168.7	0.4024E-13
175.1	0.4072E-13
181.8	0.4120E-13
188.7	0.4169E-13
195.9	0.4218E-13
203.4	0.4268E-13
211.1	0.4318E-13
219.2	0.4369E-13
227.5	0.4420E-13
236.2	0.4472E-13
245.2	0.4525E-13
254.5	0.4578E-13
264.2	0.4632E-13
274.3	0.4687E-13
284.7	0.4743E-13
295.6	0.4799E-13
306.8	0.4856E-13
318.5	0.4914E-13
330.6	0.4973E-13
343.2	0.5033E-13
356.3	0.5094E-13
369.9	0.5156E-13
384.0	0.5219E-13
398.6	0.5283E-13
413.8	0.5348E-13
429.5	0.5414E-13
445.9	0.5481E-13
462.9	0.5549E-13
480.5	0.5618E-13
498.8	0.5689E-13
517.8	0.5760E-13
537.5	0.5832E-13
558.0	0.5906E-13
579.2	0.5980E-13
601.3	0.6055E-13
624.2	0.6131E-13
648.0	0.6208E-13
672.6	0.6286E-13
698.3	0.6365E-13
724.9	0.6445E-13
752.5	0.6525E-13
781.1	0.6605E-13
810.9	0.6686E-13
841.8	0.6767E-13
873.8	0.6849E-13
907.1	0.6931E-13
941.6	0.7013E-13
977.5	0.7094E-13
1015.	0.7176E-13
1053.	0.7257E-13
1094.	0.7337E-13
1135.	0.7417E-13
1178.	0.7496E-13
1223.	0.7574E-13
1270.	0.7651E-13
1318.	0.7727E-13
1368.	0.7801E-13
1421.	0.7874E-13
1475.	0.7945E-13
1531.	0.8014E-13
1589.	0.8081E-13
1650.	0.8145E-13
1712.	0.8207E-13
1778.	0.8267E-13
1845.	0.8324E-13
1916.	0.8378E-13
1989.	0.8430E-13
2064.	0.8478E-13
2143.	0.8523E-13
2225.	0.8565E-13
2309.	0.8604E-13
2397.	0.8639E-13
2489.	0.8670E-13
2583.	0.8698E-13
2682.	0.8722E-13
2784.	0.8743E-13
2890.	0.8760E-13
3000.	0.8773E-13
 
 
C6    CH4    Ionization    12.90 eV                             
E/N (Td)	Inverse rate coefficient (m2)
0.1000E-02	0.000
0.1038E-02	0.000
0.1078E-02	0.000
0.1119E-02	0.000
0.1161E-02	0.000
0.1205E-02	0.000
0.1251E-02	0.000
0.1299E-02	0.000
0.1349E-02	0.000
0.1400E-02	0.000
0.1453E-02	0.000
0.1509E-02	0.000
0.1566E-02	0.000
0.1626E-02	0.000
0.1688E-02	0.000
0.1752E-02	0.000
0.1819E-02	0.000
0.1888E-02	0.000
0.1960E-02	0.000
0.2034E-02	0.000
0.2112E-02	0.000
0.2192E-02	0.000
0.2276E-02	0.000
0.2362E-02	0.000
0.2452E-02	0.000
0.2546E-02	0.000
0.2643E-02	0.000
0.2743E-02	0.000
0.2848E-02	0.000
0.2956E-02	0.000
0.3069E-02	0.000
0.3186E-02	0.000
0.3307E-02	0.000
0.3433E-02	0.000
0.3564E-02	0.000
0.3700E-02	0.000
0.3841E-02	0.000
0.3987E-02	0.000
0.4139E-02	0.000
0.4296E-02	0.000
0.4460E-02	0.000
0.4630E-02	0.000
0.4806E-02	0.000
0.4989E-02	0.000
0.5179E-02	0.000
0.5377E-02	0.000
0.5581E-02	0.000
0.5794E-02	0.000
0.6015E-02	0.000
0.6244E-02	0.000
0.6481E-02	0.000
0.6728E-02	0.000
0.6985E-02	0.000
0.7251E-02	0.000
0.7527E-02	0.000
0.7813E-02	0.000
0.8111E-02	0.000
0.8420E-02	0.000
0.8741E-02	0.000
0.9073E-02	0.000
0.9419E-02	0.000
0.9778E-02	0.000
0.1015E-01	0.000
0.1054E-01	0.000
0.1094E-01	0.000
0.1135E-01	0.000
0.1179E-01	0.000
0.1224E-01	0.000
0.1270E-01	0.000
0.1319E-01	0.000
0.1369E-01	0.000
0.1421E-01	0.000
0.1475E-01	0.000
0.1531E-01	0.000
0.1590E-01	0.000
0.1650E-01	0.000
0.1713E-01	0.000
0.1778E-01	0.000
0.1846E-01	0.000
0.1916E-01	0.000
0.1989E-01	0.000
0.2065E-01	0.000
0.2144E-01	0.000
0.2225E-01	0.000
0.2310E-01	0.000
0.2398E-01	0.000
0.2489E-01	0.000
0.2584E-01	0.000
0.2682E-01	0.000
0.2785E-01	0.000
0.2891E-01	0.000
0.3001E-01	0.000
0.3115E-01	0.000
0.3234E-01	0.000
0.3357E-01	0.000
0.3485E-01	0.000
0.3617E-01	0.000
0.3755E-01	0.000
0.3898E-01	0.000
0.4047E-01	0.000
0.4201E-01	0.000
0.4361E-01	0.000
0.4527E-01	0.000
0.4699E-01	0.000
0.4878E-01	0.000
0.5064E-01	0.000
0.5257E-01	0.000
0.5457E-01	0.000
0.5665E-01	0.000
0.5881E-01	0.000
0.6105E-01	0.000
0.6337E-01	0.000
0.6579E-01	0.000
0.6829E-01	0.000
0.7089E-01	0.000
0.7359E-01	0.000
0.7640E-01	0.000
0.7931E-01	0.000
0.8233E-01	0.000
0.8546E-01	0.000
0.8872E-01	0.000
0.9210E-01	0.000
0.9560E-01	0.000
0.9924E-01	0.000
0.1030	0.000
0.1069	0.000
0.1110	0.000
0.1152	0.000
0.1196	0.000
0.1242	0.000
0.1289	0.000
0.1338	0.000
0.1389	0.000
0.1442	0.000
0.1497	0.000
0.1554	0.000
0.1613	0.000
0.1675	0.000
0.1739	0.000
0.1805	0.000
0.1874	0.000
0.1945	0.000
0.2019	0.000
0.2096	0.000
0.2176	0.000
0.2259	0.000
0.2345	0.000
0.2434	0.000
0.2527	0.000
0.2623	0.000
0.2723	0.000
0.2826	0.000
0.2934	0.000
0.3046	0.000
0.3162	0.000
0.3282	0.000
0.3407	0.000
0.3537	0.000
0.3672	0.000
0.3812	0.000
0.3957	0.000
0.4107	0.000
0.4264	0.000
0.4426	0.000
0.4595	0.000
0.4770	0.000
0.4952	0.000
0.5140	0.000
0.5336	0.000
0.5539	0.000
0.5750	0.000
0.5969	0.000
0.6196	0.000
0.6432	0.000
0.6677	0.000
0.6932	0.000
0.7196	0.000
0.7470	0.000
0.7754	0.000
0.8050	0.000
0.8356	0.000
0.8674	0.000
0.9005	0.000
0.9348	0.000
0.9704	0.000
1.007	0.000
1.046	0.000
1.086	0.000
1.127	0.000
1.170	0.000
1.214	0.000
1.261	0.000
1.309	0.000
1.358	0.000
1.410	0.000
1.464	0.000
1.520	0.000
1.578	0.000
1.638	0.000
1.700	0.000
1.765	0.000
1.832	0.000
1.902	0.000
1.974	0.000
2.049	0.000
2.127	0.000
2.208	0.000
2.293	0.000
2.380	0.000
2.470	0.000
2.565	0.000
2.662	0.000
2.764	0.000
2.869	0.000
2.978	0.000
3.092	0.000
3.209	0.000
3.332	0.000
3.458	0.000
3.590	0.000
3.727	0.000
3.869	0.000
4.016	0.000
4.169	0.000
4.328	0.000
4.493	0.000
4.664	0.000
4.841	0.000
5.026	0.000
5.217	0.000
5.416	0.000
5.622	0.000
5.836	0.000
6.059	0.000
6.289	0.000
6.529	0.000
6.778	0.000
7.036	0.000
7.304	0.000
7.582	0.000
7.871	0.000
8.170	0.000
8.482	0.000
8.805	0.000
9.140	0.000
9.488	0.000
9.849	0.000
10.22	0.000
10.61	0.000
11.02	0.000
11.44	0.000
11.87	0.000
12.33	0.000
12.80	0.000
13.28	0.000
13.79	0.000
14.31	0.000
14.86	0.000
15.42	0.000
16.01	0.000
16.62	0.000
17.25	0.000
17.91	0.000
18.59	0.000
19.30	0.000
20.04	0.000
20.80	0.000
21.59	0.000
22.42	0.000
23.27	0.000
24.16	0.000
25.08	0.000
26.03	0.000
27.02	0.000
28.05	0.000
29.12	0.000
30.23	0.000
31.38	0.000
32.57	0.000
33.82	0.000
35.10	0.000
36.44	0.000
37.83	0.000
39.27	0.000
40.76	0.000
42.32	0.000
43.93	0.000
45.60	0.000
47.34	0.000
49.14	0.000
51.01	0.000
52.96	0.000
54.97	0.000
57.07	0.000
59.24	0.000
61.50	0.000
63.84	0.000
66.27	0.000
68.79	0.000
71.41	0.000
74.13	0.000
76.96	0.000
79.89	0.000
82.93	0.000
86.09	0.000
89.37	0.000
92.77	0.000
96.31	0.000
99.97	0.000
103.8	0.000
107.7	0.000
111.8	0.000
116.1	0.000
120.5	0.000
125.1	0.000
129.9	0.000
134.8	0.000
140.0	0.000
145.3	0.000
150.8	0.000
156.6	0.000
162.5	0.000
168.7	0.000
175.1	0.000
181.8	0.000
188.7	0.000
195.9	0.000
203.4	0.000
211.1	0.000
219.2	0.000
227.5	0.000
236.2	0.000
245.2	0.000
254.5	0.000
264.2	0.000
274.3	0.000
284.7	0.000
295.6	0.000
306.8	0.000
318.5	0.000
330.6	0.000
343.2	0.000
356.3	0.000
369.9	0.000
384.0	0.000
398.6	0.000
413.8	0.000
429.5	0.000
445.9	0.000
462.9	0.000
480.5	0.000
498.8	0.000
517.8	0.000
537.5	0.000
558.0	0.000
579.2	0.000
601.3	0.000
624.2	0.000
648.0	0.000
672.6	0.000
698.3	0.000
724.9	0.000
752.5	0.000
781.1	0.000
810.9	0.000
841.8	0.000
873.8	0.000
907.1	0.000
941.6	0.000
977.5	0.000
1015.	0.000
1053.	0.000
1094.	0.000
1135.	0.000
1178.	0.000
1223.	0.000
1270.	0.000
1318.	0.000
1368.	0.000
1421.	0.000
1475.	0.000
1531.	0.000
1589.	0.000
1650.	0.000
1712.	0.000
1778.	0.000
1845.	0.000
1916.	0.000
1989.	0.000
2064.	0.000
2143.	0.000
2225.	0.000
2309.	0.000
2397.	0.000
2489.	0.000
2583.	0.000
2682.	0.000
2784.	0.000
2890.	0.000
3000.	0.000
 
 
C1    CH4    Attachment                                         
E/N (Td)	Energy loss coefficient (eV m3/s)
0.1000E-02	0.000
0.1038E-02	0.000
0.1078E-02	0.000
0.1119E-02	0.000
0.1161E-02	0.000
0.1205E-02	0.000
0.1251E-02	0.000
0.1299E-02	0.000
0.1349E-02	0.000
0.1400E-02	0.000
0.1453E-02	0.000
0.1509E-02	0.000
0.1566E-02	0.000
0.1626E-02	0.000
0.1688E-02	0.000
0.1752E-02	0.000
0.1819E-02	0.000
0.1888E-02	0.000
0.1960E-02	0.000
0.2034E-02	0.000
0.2112E-02	0.000
0.2192E-02	0.000
0.2276E-02	0.000
0.2362E-02	0.000
0.2452E-02	0.000
0.2546E-02	0.000
0.2643E-02	0.000
0.2743E-02	0.000
0.2848E-02	0.000
0.2956E-02	0.000
0.3069E-02	0.000
0.3186E-02	0.000
0.3307E-02	0.000
0.3433E-02	0.000
0.3564E-02	0.000
0.3700E-02	0.000
0.3841E-02	0.000
0.3987E-02	0.000
0.4139E-02	0.000
0.4296E-02	0.000
0.4460E-02	0.000
0.4630E-02	0.000
0.4806E-02	0.000
0.4989E-02	0.000
0.5179E-02	0.000
0.5377E-02	0.000
0.5581E-02	0.000
0.5794E-02	0.000
0.6015E-02	0.000
0.6244E-02	0.000
0.6481E-02	0.000
0.6728E-02	0.000
0.6985E-02	0.000
0.7251E-02	0.000
0.7527E-02	0.000
0.7813E-02	0.000
0.8111E-02	0.000
0.8420E-02	0.000
0.8741E-02	0.000
0.9073E-02	0.000
0.9419E-02	0.000
0.9778E-02	0.000
0.1015E-01	0.000
0.1054E-01	0.000
0.1094E-01	0.000
0.1135E-01	0.000
0.1179E-01	0.000
0.1224E-01	0.000
0.1270E-01	0.000
0.1319E-01	0.000
0.1369E-01	0.000
0.1421E-01	0.000
0.1475E-01	0.000
0.1531E-01	0.000
0.1590E-01	0.000
0.1650E-01	0.000
0.1713E-01	0.000
0.1778E-01	0.000
0.1846E-01	0.000
0.1916E-01	0.000
0.1989E-01	0.000
0.2065E-01	0.000
0.2144E-01	0.000
0.2225E-01	0.000
0.2310E-01	0.000
0.2398E-01	0.000
0.2489E-01	0.000
0.2584E-01	0.000
0.2682E-01	0.000
0.2785E-01	0.000
0.2891E-01	0.000
0.3001E-01	0.000
0.3115E-01	0.000
0.3234E-01	0.000
0.3357E-01	0.000
0.3485E-01	0.000
0.3617E-01	0.000
0.3755E-01	0.000
0.3898E-01	0.000
0.4047E-01	0.000
0.4201E-01	0.000
0.4361E-01	0.000
0.4527E-01	0.000
0.4699E-01	0.000
0.4878E-01	0.000
0.5064E-01	0.000
0.5257E-01	0.000
0.5457E-01	0.000
0.5665E-01	0.000
0.5881E-01	0.000
0.6105E-01	0.000
0.6337E-01	0.000
0.6579E-01	0.000
0.6829E-01	0.000
0.7089E-01	0.000
0.7359E-01	0.000
0.7640E-01	0.000
0.7931E-01	0.000
0.8233E-01	0.000
0.8546E-01	0.000
0.8872E-01	0.000
0.9210E-01	0.000
0.9560E-01	0.000
0.9924E-01	0.000
0.1030	0.000
0.1069	0.000
0.1110	0.000
0.1152	0.000
0.1196	0.000
0.1242	0.000
0.1289	0.000
0.1338	0.000
0.1389	0.000
0.1442	0.000
0.1497	0.000
0.1554	0.000
0.1613	0.000
0.1675	0.000
0.1739	0.000
0.1805	0.000
0.1874	0.000
0.1945	0.000
0.2019	0.000
0.2096	0.000
0.2176	0.000
0.2259	0.000
0.2345	0.000
0.2434	0.000
0.2527	0.000
0.2623	0.000
0.2723	0.000
0.2826	0.000
0.2934	0.000
0.3046	0.000
0.3162	0.000
0.3282	0.000
0.3407	0.000
0.3537	0.000
0.3672	0.000
0.3812	0.000
0.3957	0.000
0.4107	0.000
0.4264	0.000
0.4426	0.000
0.4595	0.000
0.4770	0.000
0.4952	0.000
0.5140	0.000
0.5336	0.000
0.5539	0.000
0.5750	0.000
0.5969	0.000
0.6196	0.000
0.6432	0.000
0.6677	0.000
0.6932	0.000
0.7196	0.000
0.7470	0.000
0.7754	0.000
0.8050	0.000
0.8356	0.000
0.8674	0.000
0.9005	0.000
0.9348	0.000
0.9704	0.000
1.007	0.000
1.046	0.000
1.086	0.000
1.127	0.000
1.170	0.000
1.214	0.000
1.261	0.000
1.309	0.000
1.358	0.000
1.410	0.000
1.464	0.000
1.520	0.000
1.578	0.000
1.638	0.000
1.700	0.000
1.765	0.000
1.832	0.000
1.902	0.000
1.974	0.000
2.049	0.000
2.127	0.000
2.208	0.000
2.293	0.000
2.380	0.000
2.470	0.000
2.565	0.000
2.662	0.000
2.764	0.000
2.869	0.000
2.978	0.000
3.092	0.000
3.209	0.000
3.332	0.000
3.458	0.000
3.590	0.000
3.727	0.000
3.869	0.000
4.016	0.000
4.169	0.000
4.328	0.000
4.493	0.000
4.664	0.000
4.841	0.000
5.026	0.000
5.217	0.000
5.416	0.000
5.622	0.000
5.836	0.000
6.059	0.000
6.289	0.000
6.529	0.000
6.778	0.000
7.036	0.000
7.304	0.000
7.582	0.000
7.871	0.000
8.170	0.000
8.482	0.000
8.805	0.000
9.140	0.000
9.488	0.000
9.849	0.000
10.22	0.000
10.61	0.000
11.02	0.000
11.44	0.000
11.87	0.1431E-27
12.33	0.5211E-27
12.80	0.1803E-26
13.28	0.5938E-26
13.79	0.1863E-25
14.31	0.6025E-25
14.86	0.1744E-24
15.42	0.4833E-24
16.01	0.1284E-23
16.62	0.3276E-23
17.25	0.8046E-23
17.91	0.1895E-22
18.59	0.4299E-22
19.30	0.9398E-22
20.04	0.1982E-21
20.80	0.4034E-21
21.59	0.7947E-21
22.42	0.1512E-20
23.27	0.2785E-20
24.16	0.4969E-20
25.08	0.8600E-20
26.03	0.1444E-19
27.02	0.2356E-19
28.05	0.3738E-19
29.12	0.5769E-19
30.23	0.8670E-19
31.38	0.1270E-18
32.57	0.1816E-18
33.82	0.2536E-18
35.10	0.3462E-18
36.44	0.4626E-18
37.83	0.6057E-18
39.27	0.7780E-18
40.76	0.9816E-18
42.32	0.1218E-17
43.93	0.1487E-17
45.60	0.1790E-17
47.34	0.2126E-17
49.14	0.2493E-17
51.01	0.2892E-17
52.96	0.3319E-17
54.97	0.3774E-17
57.07	0.4253E-17
59.24	0.4756E-17
61.50	0.5280E-17
63.84	0.5824E-17
66.27	0.6384E-17
68.79	0.6961E-17
71.41	0.7551E-17
74.13	0.8153E-17
76.96	0.8766E-17
79.89	0.9389E-17
82.93	0.1002E-16
86.09	0.1066E-16
89.37	0.1130E-16
92.77	0.1195E-16
96.31	0.1260E-16
99.97	0.1326E-16
103.8	0.1391E-16
107.7	0.1457E-16
111.8	0.1523E-16
116.1	0.1588E-16
120.5	0.1654E-16
125.1	0.1719E-16
129.9	0.1783E-16
134.8	0.1847E-16
140.0	0.1911E-16
145.3	0.1973E-16
150.8	0.2035E-16
156.6	0.2096E-16
162.5	0.2156E-16
168.7	0.2215E-16
175.1	0.2273E-16
181.8	0.2329E-16
188.7	0.2384E-16
195.9	0.2437E-16
203.4	0.2489E-16
211.1	0.2539E-16
219.2	0.2587E-16
227.5	0.2634E-16
236.2	0.2678E-16
245.2	0.2721E-16
254.5	0.2761E-16
264.2	0.2800E-16
274.3	0.2836E-16
284.7	0.2870E-16
295.6	0.2902E-16
306.8	0.2931E-16
318.5	0.2959E-16
330.6	0.2984E-16
343.2	0.3007E-16
356.3	0.3028E-16
369.9	0.3046E-16
384.0	0.3062E-16
398.6	0.3076E-16
413.8	0.3088E-16
429.5	0.3097E-16
445.9	0.3104E-16
462.9	0.3109E-16
480.5	0.3112E-16
498.8	0.3113E-16
517.8	0.3111E-16
537.5	0.3107E-16
558.0	0.3101E-16
579.2	0.3092E-16
601.3	0.3082E-16
624.2	0.3069E-16
648.0	0.3054E-16
672.6	0.3036E-16
698.3	0.3017E-16
724.9	0.2995E-16
752.5	0.2971E-16
781.1	0.2945E-16
810.9	0.2916E-16
841.8	0.2885E-16
873.8	0.2852E-16
907.1	0.2817E-16
941.6	0.2780E-16
977.5	0.2741E-16
1015.	0.2700E-16
1053.	0.2657E-16
1094.	0.2612E-16
1135.	0.2565E-16
1178.	0.2517E-16
1223.	0.2467E-16
1270.	0.2417E-16
1318.	0.2364E-16
1368.	0.2311E-16
1421.	0.2256E-16
1475.	0.2200E-16
1531.	0.2144E-16
1589.	0.2087E-16
1650.	0.2029E-16
1712.	0.1971E-16
1778.	0.1913E-16
1845.	0.1854E-16
1916.	0.1795E-16
1989.	0.1736E-16
2064.	0.1678E-16
2143.	0.1621E-16
2225.	0.1563E-16
2309.	0.1506E-16
2397.	0.1450E-16
2489.	0.1394E-16
2583.	0.1339E-16
2682.	0.1286E-16
2784.	0.1233E-16
2890.	0.1180E-16
3000.	0.1129E-16
 
 
C2    CH4    Elastic                                            
E/N (Td)	Energy loss coefficient (eV m3/s)
0.1000E-02	0.1231E-22
0.1038E-02	0.1231E-22
0.1078E-02	0.1327E-22
0.1119E-02	0.1429E-22
0.1161E-02	0.1539E-22
0.1205E-02	0.1658E-22
0.1251E-02	0.1786E-22
0.1299E-02	0.1923E-22
0.1349E-02	0.2072E-22
0.1400E-02	0.2231E-22
0.1453E-02	0.2403E-22
0.1509E-02	0.2588E-22
0.1566E-02	0.2786E-22
0.1626E-02	0.3000E-22
0.1688E-02	0.3230E-22
0.1752E-02	0.3478E-22
0.1819E-02	0.3744E-22
0.1888E-02	0.4031E-22
0.1960E-02	0.4338E-22
0.2034E-02	0.4669E-22
0.2112E-02	0.5025E-22
0.2192E-02	0.5407E-22
0.2276E-02	0.5818E-22
0.2362E-02	0.6259E-22
0.2452E-02	0.6733E-22
0.2546E-02	0.7242E-22
0.2643E-02	0.7788E-22
0.2743E-02	0.8373E-22
0.2848E-02	0.9002E-22
0.2956E-02	0.9675E-22
0.3069E-02	0.1040E-21
0.3186E-02	0.1117E-21
0.3307E-02	0.1200E-21
0.3433E-02	0.1289E-21
0.3564E-02	0.1383E-21
0.3700E-02	0.1485E-21
0.3841E-02	0.1593E-21
0.3987E-02	0.1709E-21
0.4139E-02	0.1832E-21
0.4296E-02	0.1964E-21
0.4460E-02	0.2104E-21
0.4630E-02	0.2253E-21
0.4806E-02	0.2412E-21
0.4989E-02	0.2580E-21
0.5179E-02	0.2759E-21
0.5377E-02	0.2948E-21
0.5581E-02	0.3149E-21
0.5794E-02	0.3361E-21
0.6015E-02	0.3584E-21
0.6244E-02	0.3820E-21
0.6481E-02	0.4068E-21
0.6728E-02	0.4328E-21
0.6985E-02	0.4601E-21
0.7251E-02	0.4886E-21
0.7527E-02	0.5184E-21
0.7813E-02	0.5494E-21
0.8111E-02	0.5815E-21
0.8420E-02	0.6148E-21
0.8741E-02	0.6492E-21
0.9073E-02	0.6846E-21
0.9419E-02	0.7209E-21
0.9778E-02	0.7580E-21
0.1015E-01	0.7958E-21
0.1054E-01	0.8341E-21
0.1094E-01	0.8727E-21
0.1135E-01	0.9116E-21
0.1179E-01	0.9505E-21
0.1224E-01	0.9892E-21
0.1270E-01	0.1028E-20
0.1319E-01	0.1065E-20
0.1369E-01	0.1102E-20
0.1421E-01	0.1138E-20
0.1475E-01	0.1172E-20
0.1531E-01	0.1206E-20
0.1590E-01	0.1237E-20
0.1650E-01	0.1266E-20
0.1713E-01	0.1294E-20
0.1778E-01	0.1319E-20
0.1846E-01	0.1342E-20
0.1916E-01	0.1363E-20
0.1989E-01	0.1381E-20
0.2065E-01	0.1397E-20
0.2144E-01	0.1410E-20
0.2225E-01	0.1421E-20
0.2310E-01	0.1430E-20
0.2398E-01	0.1436E-20
0.2489E-01	0.1441E-20
0.2584E-01	0.1443E-20
0.2682E-01	0.1444E-20
0.2785E-01	0.1443E-20
0.2891E-01	0.1441E-20
0.3001E-01	0.1439E-20
0.3115E-01	0.1435E-20
0.3234E-01	0.1431E-20
0.3357E-01	0.1427E-20
0.3485E-01	0.1423E-20
0.3617E-01	0.1419E-20
0.3755E-01	0.1416E-20
0.3898E-01	0.1414E-20
0.4047E-01	0.1414E-20
0.4201E-01	0.1414E-20
0.4361E-01	0.1417E-20
0.4527E-01	0.1421E-20
0.4699E-01	0.1428E-20
0.4878E-01	0.1437E-20
0.5064E-01	0.1449E-20
0.5257E-01	0.1463E-20
0.5457E-01	0.1480E-20
0.5665E-01	0.1500E-20
0.5881E-01	0.1523E-20
0.6105E-01	0.1550E-20
0.6337E-01	0.1580E-20
0.6579E-01	0.1613E-20
0.6829E-01	0.1650E-20
0.7089E-01	0.1691E-20
0.7359E-01	0.1735E-20
0.7640E-01	0.1783E-20
0.7931E-01	0.1834E-20
0.8233E-01	0.1889E-20
0.8546E-01	0.1948E-20
0.8872E-01	0.2011E-20
0.9210E-01	0.2078E-20
0.9560E-01	0.2149E-20
0.9924E-01	0.2223E-20
0.1030	0.2302E-20
0.1069	0.2384E-20
0.1110	0.2470E-20
0.1152	0.2560E-20
0.1196	0.2654E-20
0.1242	0.2751E-20
0.1289	0.2853E-20
0.1338	0.2958E-20
0.1389	0.3067E-20
0.1442	0.3180E-20
0.1497	0.3297E-20
0.1554	0.3418E-20
0.1613	0.3543E-20
0.1675	0.3671E-20
0.1739	0.3803E-20
0.1805	0.3939E-20
0.1874	0.4079E-20
0.1945	0.4223E-20
0.2019	0.4371E-20
0.2096	0.4522E-20
0.2176	0.4678E-20
0.2259	0.4838E-20
0.2345	0.5001E-20
0.2434	0.5169E-20
0.2527	0.5341E-20
0.2623	0.5517E-20
0.2723	0.5698E-20
0.2826	0.5883E-20
0.2934	0.6073E-20
0.3046	0.6268E-20
0.3162	0.6467E-20
0.3282	0.6672E-20
0.3407	0.6889E-20
0.3537	0.7105E-20
0.3672	0.7327E-20
0.3812	0.7556E-20
0.3957	0.7791E-20
0.4107	0.8033E-20
0.4264	0.8283E-20
0.4426	0.8541E-20
0.4595	0.8807E-20
0.4770	0.9083E-20
0.4952	0.9367E-20
0.5140	0.9662E-20
0.5336	0.9969E-20
0.5539	0.1029E-19
0.5750	0.1062E-19
0.5969	0.1096E-19
0.6196	0.1132E-19
0.6432	0.1169E-19
0.6677	0.1208E-19
0.6932	0.1249E-19
0.7196	0.1291E-19
0.7470	0.1336E-19
0.7754	0.1382E-19
0.8050	0.1431E-19
0.8356	0.1483E-19
0.8674	0.1537E-19
0.9005	0.1595E-19
0.9348	0.1655E-19
0.9704	0.1719E-19
1.007	0.1787E-19
1.046	0.1860E-19
1.086	0.1937E-19
1.127	0.2019E-19
1.170	0.2107E-19
1.214	0.2202E-19
1.261	0.2303E-19
1.309	0.2413E-19
1.358	0.2531E-19
1.410	0.2659E-19
1.464	0.2798E-19
1.520	0.2949E-19
1.578	0.3113E-19
1.638	0.3293E-19
1.700	0.3489E-19
1.765	0.3705E-19
1.832	0.3941E-19
1.902	0.4200E-19
1.974	0.4484E-19
2.049	0.4798E-19
2.127	0.5142E-19
2.208	0.5520E-19
2.293	0.5937E-19
2.380	0.6396E-19
2.470	0.6901E-19
2.565	0.7458E-19
2.662	0.8065E-19
2.764	0.8740E-19
2.869	0.9483E-19
2.978	0.1030E-18
3.092	0.1120E-18
3.209	0.1219E-18
3.332	0.1328E-18
3.458	0.1448E-18
3.590	0.1580E-18
3.727	0.1724E-18
3.869	0.1883E-18
4.016	0.2057E-18
4.169	0.2249E-18
4.328	0.2459E-18
4.493	0.2690E-18
4.664	0.2943E-18
4.841	0.3220E-18
5.026	0.3524E-18
5.217	0.3856E-18
5.416	0.4221E-18
5.622	0.4619E-18
5.836	0.5057E-18
6.059	0.5535E-18
6.289	0.6057E-18
6.529	0.6628E-18
6.778	0.7253E-18
7.036	0.7935E-18
7.304	0.8679E-18
7.582	0.9493E-18
7.871	0.1038E-17
8.170	0.1135E-17
8.482	0.1241E-17
8.805	0.1356E-17
9.140	0.1481E-17
9.488	0.1618E-17
9.849	0.1766E-17
10.22	0.1928E-17
10.61	0.2103E-17
11.02	0.2294E-17
11.44	0.2502E-17
11.87	0.2727E-17
12.33	0.2971E-17
12.80	0.3236E-17
13.28	0.3523E-17
13.79	0.3834E-17
14.31	0.4172E-17
14.86	0.4536E-17
15.42	0.4930E-17
16.01	0.5356E-17
16.62	0.5816E-17
17.25	0.6312E-17
17.91	0.6848E-17
18.59	0.7425E-17
19.30	0.8046E-17
20.04	0.8714E-17
20.80	0.9433E-17
21.59	0.1020E-16
22.42	0.1103E-16
23.27	0.1191E-16
24.16	0.1286E-16
25.08	0.1387E-16
26.03	0.1494E-16
27.02	0.1607E-16
28.05	0.1727E-16
29.12	0.1854E-16
30.23	0.1986E-16
31.38	0.2125E-16
32.57	0.2269E-16
33.82	0.2417E-16
35.10	0.2569E-16
36.44	0.2725E-16
37.83	0.2883E-16
39.27	0.3042E-16
40.76	0.3201E-16
42.32	0.3360E-16
43.93	0.3518E-16
45.60	0.3675E-16
47.34	0.3829E-16
49.14	0.3981E-16
51.01	0.4131E-16
52.96	0.4277E-16
54.97	0.4421E-16
57.07	0.4562E-16
59.24	0.4701E-16
61.50	0.4837E-16
63.84	0.4971E-16
66.27	0.5102E-16
68.79	0.5232E-16
71.41	0.5360E-16
74.13	0.5486E-16
76.96	0.5612E-16
79.89	0.5736E-16
82.93	0.5859E-16
86.09	0.5982E-16
89.37	0.6104E-16
92.77	0.6226E-16
96.31	0.6348E-16
99.97	0.6469E-16
103.8	0.6591E-16
107.7	0.6713E-16
111.8	0.6835E-16
116.1	0.6957E-16
120.5	0.7080E-16
125.1	0.7204E-16
129.9	0.7328E-16
134.8	0.7454E-16
140.0	0.7580E-16
145.3	0.7707E-16
150.8	0.7835E-16
156.6	0.7964E-16
162.5	0.8095E-16
168.7	0.8227E-16
175.1	0.8361E-16
181.8	0.8496E-16
188.7	0.8633E-16
195.9	0.8772E-16
203.4	0.8913E-16
211.1	0.9055E-16
219.2	0.9200E-16
227.5	0.9348E-16
236.2	0.9497E-16
245.2	0.9650E-16
254.5	0.9804E-16
264.2	0.9962E-16
274.3	0.1012E-15
284.7	0.1029E-15
295.6	0.1045E-15
306.8	0.1062E-15
318.5	0.1080E-15
330.6	0.1098E-15
343.2	0.1116E-15
356.3	0.1134E-15
369.9	0.1153E-15
384.0	0.1173E-15
398.6	0.1192E-15
413.8	0.1213E-15
429.5	0.1234E-15
445.9	0.1255E-15
462.9	0.1277E-15
480.5	0.1299E-15
498.8	0.1322E-15
517.8	0.1345E-15
537.5	0.1369E-15
558.0	0.1394E-15
579.2	0.1419E-15
601.3	0.1445E-15
624.2	0.1471E-15
648.0	0.1498E-15
672.6	0.1526E-15
698.3	0.1555E-15
724.9	0.1584E-15
752.5	0.1613E-15
781.1	0.1644E-15
810.9	0.1675E-15
841.8	0.1706E-15
873.8	0.1739E-15
907.1	0.1772E-15
941.6	0.1806E-15
977.5	0.1840E-15
1015.	0.1875E-15
1053.	0.1911E-15
1094.	0.1947E-15
1135.	0.1984E-15
1178.	0.2022E-15
1223.	0.2060E-15
1270.	0.2099E-15
1318.	0.2139E-15
1368.	0.2179E-15
1421.	0.2220E-15
1475.	0.2261E-15
1531.	0.2303E-15
1589.	0.2345E-15
1650.	0.2389E-15
1712.	0.2432E-15
1778.	0.2476E-15
1845.	0.2521E-15
1916.	0.2567E-15
1989.	0.2613E-15
2064.	0.2659E-15
2143.	0.2706E-15
2225.	0.2754E-15
2309.	0.2802E-15
2397.	0.2851E-15
2489.	0.2901E-15
2583.	0.2951E-15
2682.	0.3003E-15
2784.	0.3055E-15
2890.	0.3108E-15
3000.	0.3161E-15
 
 
C3    CH4    Excitation    0.16 eV                              
E/N (Td)	Energy loss coefficient (eV m3/s)
0.1000E-02	0.1837E-22
0.1038E-02	0.2041E-22
0.1078E-02	0.2200E-22
0.1119E-02	0.2371E-22
0.1161E-02	0.2556E-22
0.1205E-02	0.2755E-22
0.1251E-02	0.2970E-22
0.1299E-02	0.3202E-22
0.1349E-02	0.3452E-22
0.1400E-02	0.3722E-22
0.1453E-02	0.4013E-22
0.1509E-02	0.4327E-22
0.1566E-02	0.4666E-22
0.1626E-02	0.5031E-22
0.1688E-02	0.5425E-22
0.1752E-02	0.5851E-22
0.1819E-02	0.6310E-22
0.1888E-02	0.6806E-22
0.1960E-02	0.7341E-22
0.2034E-02	0.7919E-22
0.2112E-02	0.8543E-22
0.2192E-02	0.9217E-22
0.2276E-02	0.9945E-22
0.2362E-02	0.1073E-21
0.2452E-02	0.1158E-21
0.2546E-02	0.1250E-21
0.2643E-02	0.1349E-21
0.2743E-02	0.1456E-21
0.2848E-02	0.1572E-21
0.2956E-02	0.1698E-21
0.3069E-02	0.1834E-21
0.3186E-02	0.1981E-21
0.3307E-02	0.2140E-21
0.3433E-02	0.2312E-21
0.3564E-02	0.2499E-21
0.3700E-02	0.2701E-21
0.3841E-02	0.2920E-21
0.3987E-02	0.3158E-21
0.4139E-02	0.3416E-21
0.4296E-02	0.3696E-21
0.4460E-02	0.4000E-21
0.4630E-02	0.4329E-21
0.4806E-02	0.4688E-21
0.4989E-02	0.5078E-21
0.5179E-02	0.5501E-21
0.5377E-02	0.5962E-21
0.5581E-02	0.6464E-21
0.5794E-02	0.7010E-21
0.6015E-02	0.7605E-21
0.6244E-02	0.8254E-21
0.6481E-02	0.8961E-21
0.6728E-02	0.9732E-21
0.6985E-02	0.1057E-20
0.7251E-02	0.1149E-20
0.7527E-02	0.1250E-20
0.7813E-02	0.1359E-20
0.8111E-02	0.1479E-20
0.8420E-02	0.1610E-20
0.8741E-02	0.1753E-20
0.9073E-02	0.1909E-20
0.9419E-02	0.2080E-20
0.9778E-02	0.2267E-20
0.1015E-01	0.2472E-20
0.1054E-01	0.2695E-20
0.1094E-01	0.2940E-20
0.1135E-01	0.3206E-20
0.1179E-01	0.3498E-20
0.1224E-01	0.3817E-20
0.1270E-01	0.4164E-20
0.1319E-01	0.4543E-20
0.1369E-01	0.4957E-20
0.1421E-01	0.5408E-20
0.1475E-01	0.5899E-20
0.1531E-01	0.6433E-20
0.1590E-01	0.7015E-20
0.1650E-01	0.7646E-20
0.1713E-01	0.8333E-20
0.1778E-01	0.9078E-20
0.1846E-01	0.9886E-20
0.1916E-01	0.1076E-19
0.1989E-01	0.1171E-19
0.2065E-01	0.1274E-19
0.2144E-01	0.1385E-19
0.2225E-01	0.1505E-19
0.2310E-01	0.1635E-19
0.2398E-01	0.1775E-19
0.2489E-01	0.1926E-19
0.2584E-01	0.2089E-19
0.2682E-01	0.2265E-19
0.2785E-01	0.2455E-19
0.2891E-01	0.2660E-19
0.3001E-01	0.2881E-19
0.3115E-01	0.3119E-19
0.3234E-01	0.3375E-19
0.3357E-01	0.3651E-19
0.3485E-01	0.3949E-19
0.3617E-01	0.4270E-19
0.3755E-01	0.4616E-19
0.3898E-01	0.4988E-19
0.4047E-01	0.5389E-19
0.4201E-01	0.5822E-19
0.4361E-01	0.6288E-19
0.4527E-01	0.6791E-19
0.4699E-01	0.7333E-19
0.4878E-01	0.7917E-19
0.5064E-01	0.8547E-19
0.5257E-01	0.9226E-19
0.5457E-01	0.9959E-19
0.5665E-01	0.1075E-18
0.5881E-01	0.1160E-18
0.6105E-01	0.1252E-18
0.6337E-01	0.1352E-18
0.6579E-01	0.1459E-18
0.6829E-01	0.1575E-18
0.7089E-01	0.1700E-18
0.7359E-01	0.1835E-18
0.7640E-01	0.1981E-18
0.7931E-01	0.2138E-18
0.8233E-01	0.2308E-18
0.8546E-01	0.2492E-18
0.8872E-01	0.2691E-18
0.9210E-01	0.2905E-18
0.9560E-01	0.3137E-18
0.9924E-01	0.3388E-18
0.1030	0.3659E-18
0.1069	0.3952E-18
0.1110	0.4269E-18
0.1152	0.4611E-18
0.1196	0.4982E-18
0.1242	0.5382E-18
0.1289	0.5816E-18
0.1338	0.6285E-18
0.1389	0.6792E-18
0.1442	0.7340E-18
0.1497	0.7934E-18
0.1554	0.8577E-18
0.1613	0.9272E-18
0.1675	0.1002E-17
0.1739	0.1084E-17
0.1805	0.1172E-17
0.1874	0.1268E-17
0.1945	0.1371E-17
0.2019	0.1483E-17
0.2096	0.1604E-17
0.2176	0.1736E-17
0.2259	0.1878E-17
0.2345	0.2032E-17
0.2434	0.2198E-17
0.2527	0.2379E-17
0.2623	0.2574E-17
0.2723	0.2786E-17
0.2826	0.3015E-17
0.2934	0.3263E-17
0.3046	0.3531E-17
0.3162	0.3820E-17
0.3282	0.4134E-17
0.3407	0.4473E-17
0.3537	0.4838E-17
0.3672	0.5233E-17
0.3812	0.5658E-17
0.3957	0.6116E-17
0.4107	0.6609E-17
0.4264	0.7139E-17
0.4426	0.7708E-17
0.4595	0.8319E-17
0.4770	0.8972E-17
0.4952	0.9677E-17
0.5140	0.1042E-16
0.5336	0.1122E-16
0.5539	0.1206E-16
0.5750	0.1296E-16
0.5969	0.1391E-16
0.6196	0.1492E-16
0.6432	0.1598E-16
0.6677	0.1711E-16
0.6932	0.1828E-16
0.7196	0.1951E-16
0.7470	0.2080E-16
0.7754	0.2214E-16
0.8050	0.2353E-16
0.8356	0.2498E-16
0.8674	0.2648E-16
0.9005	0.2801E-16
0.9348	0.2960E-16
0.9704	0.3124E-16
1.007	0.3291E-16
1.046	0.3463E-16
1.086	0.3637E-16
1.127	0.3815E-16
1.170	0.3995E-16
1.214	0.4178E-16
1.261	0.4363E-16
1.309	0.4550E-16
1.358	0.4739E-16
1.410	0.4929E-16
1.464	0.5120E-16
1.520	0.5311E-16
1.578	0.5505E-16
1.638	0.5698E-16
1.700	0.5891E-16
1.765	0.6084E-16
1.832	0.6278E-16
1.902	0.6472E-16
1.974	0.6667E-16
2.049	0.6861E-16
2.127	0.7057E-16
2.208	0.7254E-16
2.293	0.7452E-16
2.380	0.7652E-16
2.470	0.7854E-16
2.565	0.8058E-16
2.662	0.8261E-16
2.764	0.8472E-16
2.869	0.8686E-16
2.978	0.8905E-16
3.092	0.9128E-16
3.209	0.9357E-16
3.332	0.9591E-16
3.458	0.9835E-16
3.590	0.1008E-15
3.727	0.1033E-15
3.869	0.1059E-15
4.016	0.1086E-15
4.169	0.1114E-15
4.328	0.1142E-15
4.493	0.1171E-15
4.664	0.1201E-15
4.841	0.1232E-15
5.026	0.1264E-15
5.217	0.1296E-15
5.416	0.1329E-15
5.622	0.1363E-15
5.836	0.1398E-15
6.059	0.1434E-15
6.289	0.1470E-15
6.529	0.1507E-15
6.778	0.1544E-15
7.036	0.1582E-15
7.304	0.1621E-15
7.582	0.1660E-15
7.871	0.1699E-15
8.170	0.1740E-15
8.482	0.1780E-15
8.805	0.1821E-15
9.140	0.1863E-15
9.488	0.1904E-15
9.849	0.1947E-15
10.22	0.1989E-15
10.61	0.2032E-15
11.02	0.2076E-15
11.44	0.2120E-15
11.87	0.2164E-15
12.33	0.2208E-15
12.80	0.2253E-15
13.28	0.2299E-15
13.79	0.2345E-15
14.31	0.2392E-15
14.86	0.2440E-15
15.42	0.2489E-15
16.01	0.2538E-15
16.62	0.2589E-15
17.25	0.2641E-15
17.91	0.2694E-15
18.59	0.2749E-15
19.30	0.2805E-15
20.04	0.2864E-15
20.80	0.2925E-15
21.59	0.2988E-15
22.42	0.3054E-15
23.27	0.3123E-15
24.16	0.3196E-15
25.08	0.3273E-15
26.03	0.3353E-15
27.02	0.3438E-15
28.05	0.3527E-15
29.12	0.3621E-15
30.23	0.3720E-15
31.38	0.3824E-15
32.57	0.3932E-15
33.82	0.4045E-15
35.10	0.4161E-15
36.44	0.4280E-15
37.83	0.4402E-15
39.27	0.4526E-15
40.76	0.4650E-15
42.32	0.4775E-15
43.93	0.4900E-15
45.60	0.5023E-15
47.34	0.5145E-15
49.14	0.5264E-15
51.01	0.5381E-15
52.96	0.5496E-15
54.97	0.5608E-15
57.07	0.5717E-15
59.24	0.5822E-15
61.50	0.5926E-15
63.84	0.6026E-15
66.27	0.6123E-15
68.79	0.6218E-15
71.41	0.6311E-15
74.13	0.6401E-15
76.96	0.6489E-15
79.89	0.6574E-15
82.93	0.6658E-15
86.09	0.6739E-15
89.37	0.6819E-15
92.77	0.6897E-15
96.31	0.6974E-15
99.97	0.7048E-15
103.8	0.7121E-15
107.7	0.7193E-15
111.8	0.7263E-15
116.1	0.7331E-15
120.5	0.7398E-15
125.1	0.7464E-15
129.9	0.7528E-15
134.8	0.7591E-15
140.0	0.7652E-15
145.3	0.7712E-15
150.8	0.7770E-15
156.6	0.7827E-15
162.5	0.7882E-15
168.7	0.7936E-15
175.1	0.7989E-15
181.8	0.8040E-15
188.7	0.8090E-15
195.9	0.8138E-15
203.4	0.8185E-15
211.1	0.8231E-15
219.2	0.8275E-15
227.5	0.8318E-15
236.2	0.8359E-15
245.2	0.8399E-15
254.5	0.8438E-15
264.2	0.8475E-15
274.3	0.8511E-15
284.7	0.8546E-15
295.6	0.8579E-15
306.8	0.8611E-15
318.5	0.8642E-15
330.6	0.8672E-15
343.2	0.8700E-15
356.3	0.8727E-15
369.9	0.8753E-15
384.0	0.8778E-15
398.6	0.8801E-15
413.8	0.8823E-15
429.5	0.8844E-15
445.9	0.8864E-15
462.9	0.8882E-15
480.5	0.8899E-15
498.8	0.8914E-15
517.8	0.8929E-15
537.5	0.8941E-15
558.0	0.8952E-15
579.2	0.8962E-15
601.3	0.8970E-15
624.2	0.8976E-15
648.0	0.8981E-15
672.6	0.8984E-15
698.3	0.8985E-15
724.9	0.8984E-15
752.5	0.8981E-15
781.1	0.8976E-15
810.9	0.8969E-15
841.8	0.8960E-15
873.8	0.8948E-15
907.1	0.8934E-15
941.6	0.8918E-15
977.5	0.8900E-15
1015.	0.8879E-15
1053.	0.8856E-15
1094.	0.8830E-15
1135.	0.8801E-15
1178.	0.8770E-15
1223.	0.8737E-15
1270.	0.8700E-15
1318.	0.8661E-15
1368.	0.8620E-15
1421.	0.8576E-15
1475.	0.8529E-15
1531.	0.8479E-15
1589.	0.8427E-15
1650.	0.8372E-15
1712.	0.8314E-15
1778.	0.8254E-15
1845.	0.8191E-15
1916.	0.8125E-15
1989.	0.8057E-15
2064.	0.7986E-15
2143.	0.7913E-15
2225.	0.7837E-15
2309.	0.7758E-15
2397.	0.7677E-15
2489.	0.7594E-15
2583.	0.7508E-15
2682.	0.7420E-15
2784.	0.7329E-15
2890.	0.7236E-15
3000.	0.7141E-15
 
 
C4    CH4    Excitation    0.37 eV                              
E/N (Td)	Energy loss coefficient (eV m3/s)
0.1000E-02	0.3938E-24
0.1038E-02	0.4610E-24
0.1078E-02	0.4968E-24
0.1119E-02	0.5353E-24
0.1161E-02	0.5769E-24
0.1205E-02	0.6216E-24
0.1251E-02	0.6697E-24
0.1299E-02	0.7216E-24
0.1349E-02	0.7774E-24
0.1400E-02	0.8375E-24
0.1453E-02	0.9022E-24
0.1509E-02	0.9718E-24
0.1566E-02	0.1047E-23
0.1626E-02	0.1128E-23
0.1688E-02	0.1214E-23
0.1752E-02	0.1308E-23
0.1819E-02	0.1408E-23
0.1888E-02	0.1516E-23
0.1960E-02	0.1633E-23
0.2034E-02	0.1758E-23
0.2112E-02	0.1893E-23
0.2192E-02	0.2037E-23
0.2276E-02	0.2193E-23
0.2362E-02	0.2360E-23
0.2452E-02	0.2540E-23
0.2546E-02	0.2733E-23
0.2643E-02	0.2940E-23
0.2743E-02	0.3163E-23
0.2848E-02	0.3402E-23
0.2956E-02	0.3658E-23
0.3069E-02	0.3933E-23
0.3186E-02	0.4229E-23
0.3307E-02	0.4545E-23
0.3433E-02	0.4884E-23
0.3564E-02	0.5248E-23
0.3700E-02	0.5637E-23
0.3841E-02	0.6053E-23
0.3987E-02	0.6498E-23
0.4139E-02	0.6975E-23
0.4296E-02	0.7483E-23
0.4460E-02	0.8026E-23
0.4630E-02	0.8606E-23
0.4806E-02	0.9224E-23
0.4989E-02	0.9882E-23
0.5179E-02	0.1058E-22
0.5377E-02	0.1133E-22
0.5581E-02	0.1212E-22
0.5794E-02	0.1296E-22
0.6015E-02	0.1385E-22
0.6244E-02	0.1479E-22
0.6481E-02	0.1579E-22
0.6728E-02	0.1684E-22
0.6985E-02	0.1794E-22
0.7251E-02	0.1911E-22
0.7527E-02	0.2034E-22
0.7813E-02	0.2162E-22
0.8111E-02	0.2297E-22
0.8420E-02	0.2437E-22
0.8741E-02	0.2583E-22
0.9073E-02	0.2736E-22
0.9419E-02	0.2894E-22
0.9778E-02	0.3057E-22
0.1015E-01	0.3226E-22
0.1054E-01	0.3400E-22
0.1094E-01	0.3578E-22
0.1135E-01	0.3761E-22
0.1179E-01	0.3947E-22
0.1224E-01	0.4137E-22
0.1270E-01	0.4329E-22
0.1319E-01	0.4524E-22
0.1369E-01	0.4720E-22
0.1421E-01	0.4916E-22
0.1475E-01	0.5113E-22
0.1531E-01	0.5310E-22
0.1590E-01	0.5506E-22
0.1650E-01	0.5699E-22
0.1713E-01	0.5891E-22
0.1778E-01	0.6080E-22
0.1846E-01	0.6266E-22
0.1916E-01	0.6449E-22
0.1989E-01	0.6627E-22
0.2065E-01	0.6802E-22
0.2144E-01	0.6973E-22
0.2225E-01	0.7140E-22
0.2310E-01	0.7303E-22
0.2398E-01	0.7462E-22
0.2489E-01	0.7618E-22
0.2584E-01	0.7771E-22
0.2682E-01	0.7922E-22
0.2785E-01	0.8072E-22
0.2891E-01	0.8220E-22
0.3001E-01	0.8369E-22
0.3115E-01	0.8519E-22
0.3234E-01	0.8671E-22
0.3357E-01	0.8826E-22
0.3485E-01	0.8986E-22
0.3617E-01	0.9152E-22
0.3755E-01	0.9325E-22
0.3898E-01	0.9508E-22
0.4047E-01	0.9701E-22
0.4201E-01	0.9907E-22
0.4361E-01	0.1013E-21
0.4527E-01	0.1037E-21
0.4699E-01	0.1063E-21
0.4878E-01	0.1091E-21
0.5064E-01	0.1122E-21
0.5257E-01	0.1156E-21
0.5457E-01	0.1194E-21
0.5665E-01	0.1236E-21
0.5881E-01	0.1282E-21
0.6105E-01	0.1334E-21
0.6337E-01	0.1393E-21
0.6579E-01	0.1458E-21
0.6829E-01	0.1533E-21
0.7089E-01	0.1617E-21
0.7359E-01	0.1713E-21
0.7640E-01	0.1822E-21
0.7931E-01	0.1947E-21
0.8233E-01	0.2090E-21
0.8546E-01	0.2255E-21
0.8872E-01	0.2444E-21
0.9210E-01	0.2662E-21
0.9560E-01	0.2914E-21
0.9924E-01	0.3205E-21
0.1030	0.3541E-21
0.1069	0.3930E-21
0.1110	0.4380E-21
0.1152	0.4900E-21
0.1196	0.5503E-21
0.1242	0.6202E-21
0.1289	0.7010E-21
0.1338	0.7946E-21
0.1389	0.9029E-21
0.1442	0.1028E-20
0.1497	0.1174E-20
0.1554	0.1342E-20
0.1613	0.1537E-20
0.1675	0.1764E-20
0.1739	0.2028E-20
0.1805	0.2336E-20
0.1874	0.2696E-20
0.1945	0.3120E-20
0.2019	0.3620E-20
0.2096	0.4214E-20
0.2176	0.4924E-20
0.2259	0.5779E-20
0.2345	0.6816E-20
0.2434	0.8082E-20
0.2527	0.9639E-20
0.2623	0.1157E-19
0.2723	0.1397E-19
0.2826	0.1699E-19
0.2934	0.2078E-19
0.3046	0.2556E-19
0.3162	0.3161E-19
0.3282	0.3928E-19
0.3407	0.4902E-19
0.3537	0.6130E-19
0.3672	0.7681E-19
0.3812	0.9636E-19
0.3957	0.1209E-18
0.4107	0.1517E-18
0.4264	0.1901E-18
0.4426	0.2378E-18
0.4595	0.2968E-18
0.4770	0.3695E-18
0.4952	0.4590E-18
0.5140	0.5679E-18
0.5336	0.7002E-18
0.5539	0.8601E-18
0.5750	0.1052E-17
0.5969	0.1282E-17
0.6196	0.1556E-17
0.6432	0.1881E-17
0.6677	0.2266E-17
0.6932	0.2716E-17
0.7196	0.3241E-17
0.7470	0.3852E-17
0.7754	0.4558E-17
0.8050	0.5372E-17
0.8356	0.6304E-17
0.8674	0.7369E-17
0.9005	0.8582E-17
0.9348	0.9951E-17
0.9704	0.1149E-16
1.007	0.1322E-16
1.046	0.1516E-16
1.086	0.1731E-16
1.127	0.1969E-16
1.170	0.2231E-16
1.214	0.2520E-16
1.261	0.2837E-16
1.309	0.3184E-16
1.358	0.3560E-16
1.410	0.3969E-16
1.464	0.4410E-16
1.520	0.4885E-16
1.578	0.5393E-16
1.638	0.5938E-16
1.700	0.6518E-16
1.765	0.7135E-16
1.832	0.7788E-16
1.902	0.8478E-16
1.974	0.9204E-16
2.049	0.9971E-16
2.127	0.1077E-15
2.208	0.1160E-15
2.293	0.1246E-15
2.380	0.1336E-15
2.470	0.1428E-15
2.565	0.1523E-15
2.662	0.1620E-15
2.764	0.1721E-15
2.869	0.1823E-15
2.978	0.1928E-15
3.092	0.2034E-15
3.209	0.2143E-15
3.332	0.2252E-15
3.458	0.2363E-15
3.590	0.2475E-15
3.727	0.2587E-15
3.869	0.2700E-15
4.016	0.2813E-15
4.169	0.2926E-15
4.328	0.3039E-15
4.493	0.3154E-15
4.664	0.3266E-15
4.841	0.3379E-15
5.026	0.3491E-15
5.217	0.3602E-15
5.416	0.3712E-15
5.622	0.3822E-15
5.836	0.3933E-15
6.059	0.4041E-15
6.289	0.4149E-15
6.529	0.4257E-15
6.778	0.4364E-15
7.036	0.4470E-15
7.304	0.4575E-15
7.582	0.4681E-15
7.871	0.4786E-15
8.170	0.4891E-15
8.482	0.4996E-15
8.805	0.5100E-15
9.140	0.5205E-15
9.488	0.5310E-15
9.849	0.5416E-15
10.22	0.5521E-15
10.61	0.5628E-15
11.02	0.5735E-15
11.44	0.5843E-15
11.87	0.5952E-15
12.33	0.6063E-15
12.80	0.6175E-15
13.28	0.6288E-15
13.79	0.6404E-15
14.31	0.6521E-15
14.86	0.6641E-15
15.42	0.6764E-15
16.01	0.6889E-15
16.62	0.7017E-15
17.25	0.7150E-15
17.91	0.7286E-15
18.59	0.7426E-15
19.30	0.7571E-15
20.04	0.7722E-15
20.80	0.7879E-15
21.59	0.8042E-15
22.42	0.8212E-15
23.27	0.8389E-15
24.16	0.8576E-15
25.08	0.8771E-15
26.03	0.8975E-15
27.02	0.9190E-15
28.05	0.9415E-15
29.12	0.9650E-15
30.23	0.9896E-15
31.38	0.1015E-14
32.57	0.1042E-14
33.82	0.1069E-14
35.10	0.1097E-14
36.44	0.1126E-14
37.83	0.1154E-14
39.27	0.1184E-14
40.76	0.1213E-14
42.32	0.1242E-14
43.93	0.1270E-14
45.60	0.1298E-14
47.34	0.1326E-14
49.14	0.1352E-14
51.01	0.1379E-14
52.96	0.1404E-14
54.97	0.1428E-14
57.07	0.1452E-14
59.24	0.1474E-14
61.50	0.1496E-14
63.84	0.1518E-14
66.27	0.1538E-14
68.79	0.1558E-14
71.41	0.1577E-14
74.13	0.1595E-14
76.96	0.1613E-14
79.89	0.1630E-14
82.93	0.1647E-14
86.09	0.1663E-14
89.37	0.1678E-14
92.77	0.1693E-14
96.31	0.1708E-14
99.97	0.1722E-14
103.8	0.1736E-14
107.7	0.1749E-14
111.8	0.1762E-14
116.1	0.1774E-14
120.5	0.1786E-14
125.1	0.1798E-14
129.9	0.1809E-14
134.8	0.1820E-14
140.0	0.1830E-14
145.3	0.1840E-14
150.8	0.1849E-14
156.6	0.1858E-14
162.5	0.1867E-14
168.7	0.1875E-14
175.1	0.1883E-14
181.8	0.1890E-14
188.7	0.1897E-14
195.9	0.1904E-14
203.4	0.1910E-14
211.1	0.1916E-14
219.2	0.1921E-14
227.5	0.1926E-14
236.2	0.1930E-14
245.2	0.1934E-14
254.5	0.1937E-14
264.2	0.1940E-14
274.3	0.1943E-14
284.7	0.1945E-14
295.6	0.1947E-14
306.8	0.1948E-14
318.5	0.1949E-14
330.6	0.1949E-14
343.2	0.1949E-14
356.3	0.1948E-14
369.9	0.1947E-14
384.0	0.1945E-14
398.6	0.1943E-14
413.8	0.1940E-14
429.5	0.1937E-14
445.9	0.1933E-14
462.9	0.1929E-14
480.5	0.1923E-14
498.8	0.1918E-14
517.8	0.1911E-14
537.5	0.1904E-14
558.0	0.1896E-14
579.2	0.1888E-14
601.3	0.1878E-14
624.2	0.1868E-14
648.0	0.1858E-14
672.6	0.1846E-14
698.3	0.1833E-14
724.9	0.1820E-14
752.5	0.1806E-14
781.1	0.1791E-14
810.9	0.1775E-14
841.8	0.1758E-14
873.8	0.1740E-14
907.1	0.1722E-14
941.6	0.1702E-14
977.5	0.1682E-14
1015.	0.1661E-14
1053.	0.1639E-14
1094.	0.1616E-14
1135.	0.1592E-14
1178.	0.1567E-14
1223.	0.1542E-14
1270.	0.1516E-14
1318.	0.1489E-14
1368.	0.1462E-14
1421.	0.1434E-14
1475.	0.1405E-14
1531.	0.1376E-14
1589.	0.1346E-14
1650.	0.1316E-14
1712.	0.1286E-14
1778.	0.1255E-14
1845.	0.1224E-14
1916.	0.1193E-14
1989.	0.1162E-14
2064.	0.1130E-14
2143.	0.1099E-14
2225.	0.1068E-14
2309.	0.1036E-14
2397.	0.1005E-14
2489.	0.9742E-15
2583.	0.9435E-15
2682.	0.9131E-15
2784.	0.8830E-15
2890.	0.8533E-15
3000.	0.8240E-15
 
 
C5    CH4    Excitation    7.90 eV                              
E/N (Td)	Energy loss coefficient (eV m3/s)
0.1000E-02	-0.4762-146
0.1038E-02	-0.4765-146
0.1078E-02	-0.4765-146
0.1119E-02	-0.4765-146
0.1161E-02	-0.4765-146
0.1205E-02	-0.4765-146
0.1251E-02	-0.4765-146
0.1299E-02	-0.4765-146
0.1349E-02	-0.4765-146
0.1400E-02	-0.4764-146
0.1453E-02	-0.4764-146
0.1509E-02	-0.4764-146
0.1566E-02	-0.4764-146
0.1626E-02	-0.4764-146
0.1688E-02	-0.4764-146
0.1752E-02	-0.4763-146
0.1819E-02	-0.4763-146
0.1888E-02	-0.4763-146
0.1960E-02	-0.4763-146
0.2034E-02	-0.4762-146
0.2112E-02	-0.4762-146
0.2192E-02	-0.4762-146
0.2276E-02	-0.4761-146
0.2362E-02	-0.4761-146
0.2452E-02	-0.4760-146
0.2546E-02	-0.4760-146
0.2643E-02	-0.4759-146
0.2743E-02	-0.4759-146
0.2848E-02	-0.4758-146
0.2956E-02	-0.4758-146
0.3069E-02	-0.4757-146
0.3186E-02	-0.4756-146
0.3307E-02	-0.4756-146
0.3433E-02	-0.4755-146
0.3564E-02	-0.4754-146
0.3700E-02	-0.4753-146
0.3841E-02	-0.4752-146
0.3987E-02	-0.4751-146
0.4139E-02	-0.4750-146
0.4296E-02	-0.4749-146
0.4460E-02	-0.4748-146
0.4630E-02	-0.4746-146
0.4806E-02	-0.4745-146
0.4989E-02	-0.4743-146
0.5179E-02	-0.4742-146
0.5377E-02	-0.4740-146
0.5581E-02	-0.4739-146
0.5794E-02	-0.4737-146
0.6015E-02	-0.4735-146
0.6244E-02	-0.4733-146
0.6481E-02	-0.4730-146
0.6728E-02	-0.4728-146
0.6985E-02	-0.4726-146
0.7251E-02	-0.4723-146
0.7527E-02	-0.4721-146
0.7813E-02	-0.4718-146
0.8111E-02	-0.4715-146
0.8420E-02	-0.4712-146
0.8741E-02	-0.4709-146
0.9073E-02	-0.4706-146
0.9419E-02	-0.4702-146
0.9778E-02	-0.4699-146
0.1015E-01	-0.4695-146
0.1054E-01	-0.4692-146
0.1094E-01	-0.4688-146
0.1135E-01	-0.4684-146
0.1179E-01	-0.4681-146
0.1224E-01	-0.4677-146
0.1270E-01	-0.4673-146
0.1319E-01	-0.4670-146
0.1369E-01	-0.4666-146
0.1421E-01	-0.4663-146
0.1475E-01	-0.4659-146
0.1531E-01	-0.4656-146
0.1590E-01	-0.4653-146
0.1650E-01	-0.4650-146
0.1713E-01	-0.4647-146
0.1778E-01	-0.4644-146
0.1846E-01	-0.4642-146
0.1916E-01	-0.4640-146
0.1989E-01	-0.4638-146
0.2065E-01	-0.4636-146
0.2144E-01	-0.4634-146
0.2225E-01	-0.4633-146
0.2310E-01	-0.4632-146
0.2398E-01	-0.4631-146
0.2489E-01	-0.4630-146
0.2584E-01	-0.4630-146
0.2682E-01	-0.4629-146
0.2785E-01	-0.4629-146
0.2891E-01	-0.4629-146
0.3001E-01	-0.4629-146
0.3115E-01	-0.4630-146
0.3234E-01	-0.4630-146
0.3357E-01	-0.4630-146
0.3485E-01	-0.4631-146
0.3617E-01	-0.4631-146
0.3755E-01	-0.4631-146
0.3898E-01	-0.4632-146
0.4047E-01	-0.4632-146
0.4201E-01	-0.4632-146
0.4361E-01	-0.4632-146
0.4527E-01	-0.4632-146
0.4699E-01	-0.4631-146
0.4878E-01	-0.4631-146
0.5064E-01	-0.4630-146
0.5257E-01	-0.4629-146
0.5457E-01	-0.4628-146
0.5665E-01	-0.4626-146
0.5881E-01	-0.4625-146
0.6105E-01	-0.4623-146
0.6337E-01	-0.4620-146
0.6579E-01	-0.4618-146
0.6829E-01	-0.4615-146
0.7089E-01	-0.4612-146
0.7359E-01	-0.4608-146
0.7640E-01	-0.4604-146
0.7931E-01	-0.4600-146
0.8233E-01	-0.4589-146
0.8546E-01	-0.4584-146
0.8872E-01	-0.4579-146
0.9210E-01	-0.4574-146
0.9560E-01	-0.4568-146
0.9924E-01	-0.4562-146
0.1030	-0.4556-146
0.1069	-0.4549-146
0.1110	-0.4542-146
0.1152	-0.4534-146
0.1196	-0.4526-146
0.1242	-0.4518-146
0.1289	-0.4510-146
0.1338	-0.4501-146
0.1389	-0.4491-146
0.1442	-0.4482-146
0.1497	-0.4472-146
0.1554	-0.4461-146
0.1613	-0.4450-146
0.1675	-0.4439-146
0.1739	-0.4428-146
0.1805	-0.4416-146
0.1874	-0.4404-146
0.1945	-0.4391-146
0.2019	-0.4379-146
0.2096	-0.4365-146
0.2176	-0.4352-146
0.2259	-0.4337-146
0.2345	-0.4323-146
0.2434	-0.4308-146
0.2527	-0.4293-146
0.2623	-0.4277-146
0.2723	-0.4261-146
0.2826	-0.4245-146
0.2934	-0.4228-146
0.3046	-0.4211-146
0.3162	-0.4193-146
0.3282	-0.4175-146
0.3407	-0.4157-146
0.3537	-0.4138-146
0.3672	-0.4118-146
0.3812	-0.4099-146
0.3957	-0.4079-146
0.4107	-0.4058-146
0.4264	-0.4037-146
0.4426	-0.4015-146
0.4595	-0.3993-146
0.4770	-0.3970-146
0.4952	-0.3948-146
0.5140	-0.3924-146
0.5336	-0.3900-146
0.5539	-0.3875-146
0.5750	-0.3850-146
0.5969	-0.3825-146
0.6196	-0.3799-146
0.6432	-0.3773-146
0.6677	-0.3746-146
0.6932	-0.3719-146
0.7196	-0.3692-146
0.7470	-0.3664-146
0.7754	-0.3637-146
0.8050	-0.3609-146
0.8356	-0.3581-146
0.8674	-0.3553-146
0.9005	-0.3524-146
0.9348	-0.3497-146
0.9704	-0.3469-146
1.007	-0.3442-146
1.046	-0.3416-146
1.086	-0.3390-146
1.127	-0.3364-146
1.170	-0.3339-146
1.214	-0.3315-146
1.261	-0.3292-146
1.309	-0.3271-146
1.358	-0.3250-146
1.410	-0.3231-146
1.464	-0.3214-146
1.520	-0.3198-146
1.578	-0.3184-146
1.638	-0.3172-146
1.700	-0.3161-146
1.765	-0.3153-146
1.832	-0.3146-146
1.902	-0.3142-146
1.974	-0.3141-146
2.049	-0.3142-146
2.127	-0.3146-146
2.208	-0.3152-146
2.293	-0.3162-146
2.380	-0.3174-146
2.470	-0.3189-146
2.565	-0.3207-146
2.662	-0.3229-146
2.764	-0.3254-146
2.869	-0.3283-146
2.978	-0.3315-146
3.092	-0.3350-146
3.209	-0.3389-146
3.332	-0.3432-146
3.458	-0.3478-146
3.590	-0.3528-146
3.727	-0.3583-146
3.869	-0.3641-146
4.016	-0.3704-146
4.169	-0.3770-146
4.328	-0.3841-146
4.493	-0.3917-146
4.664	-0.3997-146
4.841	-0.4082-146
5.026	-0.4171-146
5.217	-0.4265-146
5.416	-0.4363-146
5.622	-0.4467-146
5.836	-0.4577-146
6.059	-0.4692-146
6.289	-0.4812-146
6.529	-0.4938-146
6.778	-0.5071-146
7.036	-0.5209-146
7.304	-0.5354-146
7.582	-0.5506-146
7.871	-0.5665-146
8.170	-0.5832-146
8.482	-0.6007-146
8.805	-0.6189-146
9.140	-0.6380-146
9.488	-0.6580-146
9.849	-0.6790-146
10.22	-0.7009-146
10.61	-0.7239-146
11.02	-0.7479-146
11.44	-0.7732-146
11.87	0.5360E-26
12.33	0.2009E-25
12.80	0.7144E-25
13.28	0.2414E-24
13.79	0.7761E-24
14.31	0.2849E-23
14.86	0.8553E-23
15.42	0.2459E-22
16.01	0.6777E-22
16.62	0.1793E-21
17.25	0.4578E-21
17.91	0.1119E-20
18.59	0.2635E-20
19.30	0.5981E-20
20.04	0.1310E-19
20.80	0.2769E-19
21.59	0.5666E-19
22.42	0.1120E-18
23.27	0.2143E-18
24.16	0.3972E-18
25.08	0.7143E-18
26.03	0.1247E-17
27.02	0.2113E-17
28.05	0.3484E-17
29.12	0.5587E-17
30.23	0.8726E-17
31.38	0.1329E-16
32.57	0.1974E-16
33.82	0.2864E-16
35.10	0.4064E-16
36.44	0.5645E-16
37.83	0.7683E-16
39.27	0.1026E-15
40.76	0.1346E-15
42.32	0.1735E-15
43.93	0.2204E-15
45.60	0.2758E-15
47.34	0.3407E-15
49.14	0.4157E-15
51.01	0.5015E-15
52.96	0.5989E-15
54.97	0.7086E-15
57.07	0.8313E-15
59.24	0.9677E-15
61.50	0.1119E-14
63.84	0.1285E-14
66.27	0.1467E-14
68.79	0.1666E-14
71.41	0.1883E-14
74.13	0.2119E-14
76.96	0.2375E-14
79.89	0.2652E-14
82.93	0.2951E-14
86.09	0.3274E-14
89.37	0.3622E-14
92.77	0.3995E-14
96.31	0.4397E-14
99.97	0.4828E-14
103.8	0.5290E-14
107.7	0.5785E-14
111.8	0.6315E-14
116.1	0.6881E-14
120.5	0.7486E-14
125.1	0.8131E-14
129.9	0.8819E-14
134.8	0.9552E-14
140.0	0.1033E-13
145.3	0.1116E-13
150.8	0.1205E-13
156.6	0.1299E-13
162.5	0.1398E-13
168.7	0.1504E-13
175.1	0.1617E-13
181.8	0.1736E-13
188.7	0.1862E-13
195.9	0.1995E-13
203.4	0.2136E-13
211.1	0.2286E-13
219.2	0.2444E-13
227.5	0.2611E-13
236.2	0.2787E-13
245.2	0.2973E-13
254.5	0.3169E-13
264.2	0.3376E-13
274.3	0.3593E-13
284.7	0.3823E-13
295.6	0.4064E-13
306.8	0.4318E-13
318.5	0.4585E-13
330.6	0.4866E-13
343.2	0.5160E-13
356.3	0.5470E-13
369.9	0.5795E-13
384.0	0.6135E-13
398.6	0.6492E-13
413.8	0.6865E-13
429.5	0.7257E-13
445.9	0.7666E-13
462.9	0.8094E-13
480.5	0.8541E-13
498.8	0.9008E-13
517.8	0.9495E-13
537.5	0.1000E-12
558.0	0.1053E-12
579.2	0.1108E-12
601.3	0.1166E-12
624.2	0.1225E-12
648.0	0.1287E-12
672.6	0.1351E-12
698.3	0.1418E-12
724.9	0.1487E-12
752.5	0.1558E-12
781.1	0.1631E-12
810.9	0.1707E-12
841.8	0.1786E-12
873.8	0.1866E-12
907.1	0.1949E-12
941.6	0.2033E-12
977.5	0.2120E-12
1015.	0.2209E-12
1053.	0.2300E-12
1094.	0.2393E-12
1135.	0.2487E-12
1178.	0.2583E-12
1223.	0.2681E-12
1270.	0.2780E-12
1318.	0.2879E-12
1368.	0.2980E-12
1421.	0.3082E-12
1475.	0.3184E-12
1531.	0.3287E-12
1589.	0.3389E-12
1650.	0.3492E-12
1712.	0.3595E-12
1778.	0.3697E-12
1845.	0.3798E-12
1916.	0.3898E-12
1989.	0.3998E-12
2064.	0.4096E-12
2143.	0.4192E-12
2225.	0.4287E-12
2309.	0.4380E-12
2397.	0.4471E-12
2489.	0.4559E-12
2583.	0.4645E-12
2682.	0.4728E-12
2784.	0.4809E-12
2890.	0.4886E-12
3000.	0.4961E-12
 
 
C6    CH4    Ionization    12.90 eV                             
E/N (Td)	Energy loss coefficient (eV m3/s)
0.1000E-02	0.000
0.1038E-02	0.000
0.1078E-02	0.000
0.1119E-02	0.000
0.1161E-02	0.000
0.1205E-02	0.000
0.1251E-02	0.000
0.1299E-02	0.000
0.1349E-02	0.000
0.1400E-02	0.000
0.1453E-02	0.000
0.1509E-02	0.000
0.1566E-02	0.000
0.1626E-02	0.000
0.1688E-02	0.000
0.1752E-02	0.000
0.1819E-02	0.000
0.1888E-02	0.000
0.1960E-02	0.000
0.2034E-02	0.000
0.2112E-02	0.000
0.2192E-02	0.000
0.2276E-02	0.000
0.2362E-02	0.000
0.2452E-02	0.000
0.2546E-02	0.000
0.2643E-02	0.000
0.2743E-02	0.000
0.2848E-02	0.000
0.2956E-02	0.000
0.3069E-02	0.000
0.3186E-02	0.000
0.3307E-02	0.000
0.3433E-02	0.000
0.3564E-02	0.000
0.3700E-02	0.000
0.3841E-02	0.000
0.3987E-02	0.000
0.4139E-02	0.000
0.4296E-02	0.000
0.4460E-02	0.000
0.4630E-02	0.000
0.4806E-02	0.000
0.4989E-02	0.000
0.5179E-02	0.000
0.5377E-02	0.000
0.5581E-02	0.000
0.5794E-02	0.000
0.6015E-02	0.000
0.6244E-02	0.000
0.6481E-02	0.000
0.6728E-02	0.000
0.6985E-02	0.000
0.7251E-02	0.000
0.7527E-02	0.000
0.7813E-02	0.000
0.8111E-02	0.000
0.8420E-02	0.000
0.8741E-02	0.000
0.9073E-02	0.000
0.9419E-02	0.000
0.9778E-02	0.000
0.1015E-01	0.000
0.1054E-01	0.000
0.1094E-01	0.000
0.1135E-01	0.000
0.1179E-01	0.000
0.1224E-01	0.000
0.1270E-01	0.000
0.1319E-01	0.000
0.1369E-01	0.000
0.1421E-01	0.000
0.1475E-01	0.000
0.1531E-01	0.000
0.1590E-01	0.000
0.1650E-01	0.000
0.1713E-01	0.000
0.1778E-01	0.000
0.1846E-01	0.000
0.1916E-01	0.000
0.1989E-01	0.000
0.2065E-01	0.000
0.2144E-01	0.000
0.2225E-01	0.000
0.2310E-01	0.000
0.2398E-01	0.000
0.2489E-01	0.000
0.2584E-01	0.000
0.2682E-01	0.000
0.2785E-01	0.000
0.2891E-01	0.000
0.3001E-01	0.000
0.3115E-01	0.000
0.3234E-01	0.000
0.3357E-01	0.000
0.3485E-01	0.000
0.3617E-01	0.000
0.3755E-01	0.000
0.3898E-01	0.000
0.4047E-01	0.000
0.4201E-01	0.000
0.4361E-01	0.000
0.4527E-01	0.000
0.4699E-01	0.000
0.4878E-01	0.000
0.5064E-01	0.000
0.5257E-01	0.000
0.5457E-01	0.000
0.5665E-01	0.000
0.5881E-01	0.000
0.6105E-01	0.000
0.6337E-01	0.000
0.6579E-01	0.000
0.6829E-01	0.000
0.7089E-01	0.000
0.7359E-01	0.000
0.7640E-01	0.000
0.7931E-01	0.000
0.8233E-01	0.000
0.8546E-01	0.000
0.8872E-01	0.000
0.9210E-01	0.000
0.9560E-01	0.000
0.9924E-01	0.000
0.1030	0.000
0.1069	0.000
0.1110	0.000
0.1152	0.000
0.1196	0.000
0.1242	0.000
0.1289	0.000
0.1338	0.000
0.1389	0.000
0.1442	0.000
0.1497	0.000
0.1554	0.000
0.1613	0.000
0.1675	0.000
0.1739	0.000
0.1805	0.000
0.1874	0.000
0.1945	0.000
0.2019	0.000
0.2096	0.000
0.2176	0.000
0.2259	0.000
0.2345	0.000
0.2434	0.000
0.2527	0.000
0.2623	0.000
0.2723	0.000
0.2826	0.000
0.2934	0.000
0.3046	0.000
0.3162	0.000
0.3282	0.000
0.3407	0.000
0.3537	0.000
0.3672	0.000
0.3812	0.000
0.3957	0.000
0.4107	0.000
0.4264	0.000
0.4426	0.000
0.4595	0.000
0.4770	0.000
0.4952	0.000
0.5140	0.000
0.5336	0.000
0.5539	0.000
0.5750	0.000
0.5969	0.000
0.6196	0.000
0.6432	0.000
0.6677	0.000
0.6932	0.000
0.7196	0.000
0.7470	0.000
0.7754	0.000
0.8050	0.000
0.8356	0.000
0.8674	0.000
0.9005	0.000
0.9348	0.000
0.9704	0.000
1.007	0.000
1.046	0.000
1.086	0.000
1.127	0.000
1.170	0.000
1.214	0.000
1.261	0.000
1.309	0.000
1.358	0.000
1.410	0.000
1.464	0.000
1.520	0.000
1.578	0.000
1.638	0.000
1.700	0.000
1.765	0.000
1.832	0.000
1.902	0.000
1.974	0.000
2.049	0.000
2.127	0.000
2.208	0.000
2.293	0.000
2.380	0.000
2.470	0.000
2.565	0.000
2.662	0.000
2.764	0.000
2.869	0.000
2.978	0.000
3.092	0.000
3.209	0.000
3.332	0.000
3.458	0.000
3.590	0.000
3.727	0.000
3.869	0.000
4.016	0.000
4.169	0.000
4.328	0.000
4.493	0.000
4.664	0.000
4.841	0.000
5.026	0.000
5.217	0.000
5.416	0.000
5.622	0.000
5.836	0.000
6.059	0.000
6.289	0.000
6.529	0.000
6.778	0.000
7.036	0.000
7.304	0.000
7.582	0.000
7.871	0.000
8.170	0.000
8.482	0.000
8.805	0.000
9.140	0.000
9.488	0.000
9.849	0.000
10.22	0.000
10.61	0.000
11.02	0.000
11.44	0.000
11.87	0.000
12.33	0.000
12.80	0.000
13.28	0.000
13.79	0.000
14.31	0.000
14.86	0.000
15.42	0.000
16.01	0.000
16.62	0.000
17.25	0.000
17.91	0.000
18.59	0.000
19.30	0.000
20.04	0.000
20.80	0.000
21.59	0.2254E-25
22.42	0.7867E-25
23.27	0.2588E-24
24.16	0.8041E-24
25.08	0.2364E-23
26.03	0.6591E-23
27.02	0.1746E-22
28.05	0.4510E-22
29.12	0.1088E-21
30.23	0.2512E-21
31.38	0.5552E-21
32.57	0.1178E-20
33.82	0.2403E-20
35.10	0.4723E-20
36.44	0.8959E-20
37.83	0.1646E-19
39.27	0.2924E-19
40.76	0.5044E-19
42.32	0.8460E-19
43.93	0.1382E-18
45.60	0.2203E-18
47.34	0.3433E-18
49.14	0.5237E-18
51.01	0.7832E-18
52.96	0.1150E-17
54.97	0.1660E-17
57.07	0.2358E-17
59.24	0.3300E-17
61.50	0.4555E-17
63.84	0.6207E-17
66.27	0.8357E-17
68.79	0.1113E-16
71.41	0.1467E-16
74.13	0.1914E-16
76.96	0.2475E-16
79.89	0.3173E-16
82.93	0.4036E-16
86.09	0.5093E-16
89.37	0.6382E-16
92.77	0.7944E-16
96.31	0.9826E-16
99.97	0.1208E-15
103.8	0.1476E-15
107.7	0.1794E-15
111.8	0.2170E-15
116.1	0.2611E-15
120.5	0.3127E-15
125.1	0.3729E-15
129.9	0.4428E-15
134.8	0.5236E-15
140.0	0.6167E-15
145.3	0.7237E-15
150.8	0.8463E-15
156.6	0.9863E-15
162.5	0.1146E-14
168.7	0.1327E-14
175.1	0.1532E-14
181.8	0.1764E-14
188.7	0.2025E-14
195.9	0.2319E-14
203.4	0.2649E-14
211.1	0.3018E-14
219.2	0.3430E-14
227.5	0.3891E-14
236.2	0.4403E-14
245.2	0.4973E-14
254.5	0.5605E-14
264.2	0.6305E-14
274.3	0.7079E-14
284.7	0.7933E-14
295.6	0.8875E-14
306.8	0.9911E-14
318.5	0.1105E-13
330.6	0.1230E-13
343.2	0.1367E-13
356.3	0.1517E-13
369.9	0.1682E-13
384.0	0.1861E-13
398.6	0.2056E-13
413.8	0.2269E-13
429.5	0.2501E-13
445.9	0.2753E-13
462.9	0.3026E-13
480.5	0.3323E-13
498.8	0.3644E-13
517.8	0.3992E-13
537.5	0.4369E-13
558.0	0.4775E-13
579.2	0.5213E-13
601.3	0.5685E-13
624.2	0.6194E-13
648.0	0.6741E-13
672.6	0.7328E-13
698.3	0.7962E-13
724.9	0.8638E-13
752.5	0.9362E-13
781.1	0.1014E-12
810.9	0.1097E-12
841.8	0.1185E-12
873.8	0.1279E-12
907.1	0.1379E-12
941.6	0.1486E-12
977.5	0.1599E-12
1015.	0.1720E-12
1053.	0.1847E-12
1094.	0.1982E-12
1135.	0.2124E-12
1178.	0.2274E-12
1223.	0.2432E-12
1270.	0.2599E-12
1318.	0.2774E-12
1368.	0.2958E-12
1421.	0.3151E-12
1475.	0.3352E-12
1531.	0.3563E-12
1589.	0.3783E-12
1650.	0.4012E-12
1712.	0.4250E-12
1778.	0.4497E-12
1845.	0.4754E-12
1916.	0.5020E-12
1989.	0.5295E-12
2064.	0.5579E-12
2143.	0.5872E-12
2225.	0.6174E-12
2309.	0.6485E-12
2397.	0.6804E-12
2489.	0.7132E-12
2583.	0.7467E-12
2682.	0.7810E-12
2784.	0.8161E-12
2890.	0.8519E-12
3000.	0.8883E-12
 
 
CH4                                                             
E/N (Td)	Inelastic energy loss coefficient (eV m3/s)
0.1000E-02	0.1877E-22
0.1038E-02	0.2087E-22
0.1078E-02	0.2249E-22
0.1119E-02	0.2425E-22
0.1161E-02	0.2614E-22
0.1205E-02	0.2817E-22
0.1251E-02	0.3037E-22
0.1299E-02	0.3274E-22
0.1349E-02	0.3530E-22
0.1400E-02	0.3806E-22
0.1453E-02	0.4103E-22
0.1509E-02	0.4424E-22
0.1566E-02	0.4770E-22
0.1626E-02	0.5144E-22
0.1688E-02	0.5547E-22
0.1752E-02	0.5982E-22
0.1819E-02	0.6451E-22
0.1888E-02	0.6958E-22
0.1960E-02	0.7504E-22
0.2034E-02	0.8095E-22
0.2112E-02	0.8732E-22
0.2192E-02	0.9420E-22
0.2276E-02	0.1016E-21
0.2362E-02	0.1097E-21
0.2452E-02	0.1183E-21
0.2546E-02	0.1277E-21
0.2643E-02	0.1379E-21
0.2743E-02	0.1488E-21
0.2848E-02	0.1607E-21
0.2956E-02	0.1735E-21
0.3069E-02	0.1873E-21
0.3186E-02	0.2023E-21
0.3307E-02	0.2185E-21
0.3433E-02	0.2361E-21
0.3564E-02	0.2551E-21
0.3700E-02	0.2758E-21
0.3841E-02	0.2981E-21
0.3987E-02	0.3223E-21
0.4139E-02	0.3486E-21
0.4296E-02	0.3771E-21
0.4460E-02	0.4080E-21
0.4630E-02	0.4416E-21
0.4806E-02	0.4780E-21
0.4989E-02	0.5176E-21
0.5179E-02	0.5607E-21
0.5377E-02	0.6075E-21
0.5581E-02	0.6585E-21
0.5794E-02	0.7140E-21
0.6015E-02	0.7744E-21
0.6244E-02	0.8402E-21
0.6481E-02	0.9119E-21
0.6728E-02	0.9901E-21
0.6985E-02	0.1075E-20
0.7251E-02	0.1168E-20
0.7527E-02	0.1270E-20
0.7813E-02	0.1381E-20
0.8111E-02	0.1502E-20
0.8420E-02	0.1634E-20
0.8741E-02	0.1779E-20
0.9073E-02	0.1937E-20
0.9419E-02	0.2109E-20
0.9778E-02	0.2298E-20
0.1015E-01	0.2504E-20
0.1054E-01	0.2729E-20
0.1094E-01	0.2975E-20
0.1135E-01	0.3244E-20
0.1179E-01	0.3538E-20
0.1224E-01	0.3858E-20
0.1270E-01	0.4207E-20
0.1319E-01	0.4589E-20
0.1369E-01	0.5004E-20
0.1421E-01	0.5457E-20
0.1475E-01	0.5950E-20
0.1531E-01	0.6486E-20
0.1590E-01	0.7070E-20
0.1650E-01	0.7703E-20
0.1713E-01	0.8392E-20
0.1778E-01	0.9138E-20
0.1846E-01	0.9948E-20
0.1916E-01	0.1083E-19
0.1989E-01	0.1178E-19
0.2065E-01	0.1280E-19
0.2144E-01	0.1392E-19
0.2225E-01	0.1512E-19
0.2310E-01	0.1642E-19
0.2398E-01	0.1782E-19
0.2489E-01	0.1934E-19
0.2584E-01	0.2097E-19
0.2682E-01	0.2273E-19
0.2785E-01	0.2463E-19
0.2891E-01	0.2668E-19
0.3001E-01	0.2889E-19
0.3115E-01	0.3127E-19
0.3234E-01	0.3384E-19
0.3357E-01	0.3660E-19
0.3485E-01	0.3958E-19
0.3617E-01	0.4279E-19
0.3755E-01	0.4625E-19
0.3898E-01	0.4998E-19
0.4047E-01	0.5399E-19
0.4201E-01	0.5832E-19
0.4361E-01	0.6298E-19
0.4527E-01	0.6801E-19
0.4699E-01	0.7343E-19
0.4878E-01	0.7928E-19
0.5064E-01	0.8558E-19
0.5257E-01	0.9238E-19
0.5457E-01	0.9971E-19
0.5665E-01	0.1076E-18
0.5881E-01	0.1162E-18
0.6105E-01	0.1254E-18
0.6337E-01	0.1353E-18
0.6579E-01	0.1461E-18
0.6829E-01	0.1576E-18
0.7089E-01	0.1702E-18
0.7359E-01	0.1837E-18
0.7640E-01	0.1983E-18
0.7931E-01	0.2140E-18
0.8233E-01	0.2310E-18
0.8546E-01	0.2494E-18
0.8872E-01	0.2693E-18
0.9210E-01	0.2908E-18
0.9560E-01	0.3140E-18
0.9924E-01	0.3391E-18
0.1030	0.3663E-18
0.1069	0.3956E-18
0.1110	0.4273E-18
0.1152	0.4616E-18
0.1196	0.4987E-18
0.1242	0.5389E-18
0.1289	0.5823E-18
0.1338	0.6293E-18
0.1389	0.6801E-18
0.1442	0.7351E-18
0.1497	0.7946E-18
0.1554	0.8590E-18
0.1613	0.9288E-18
0.1675	0.1004E-17
0.1739	0.1086E-17
0.1805	0.1175E-17
0.1874	0.1270E-17
0.1945	0.1374E-17
0.2019	0.1487E-17
0.2096	0.1608E-17
0.2176	0.1740E-17
0.2259	0.1883E-17
0.2345	0.2038E-17
0.2434	0.2206E-17
0.2527	0.2388E-17
0.2623	0.2586E-17
0.2723	0.2800E-17
0.2826	0.3032E-17
0.2934	0.3283E-17
0.3046	0.3556E-17
0.3162	0.3852E-17
0.3282	0.4173E-17
0.3407	0.4522E-17
0.3537	0.4899E-17
0.3672	0.5309E-17
0.3812	0.5754E-17
0.3957	0.6237E-17
0.4107	0.6761E-17
0.4264	0.7329E-17
0.4426	0.7946E-17
0.4595	0.8615E-17
0.4770	0.9342E-17
0.4952	0.1014E-16
0.5140	0.1099E-16
0.5336	0.1192E-16
0.5539	0.1292E-16
0.5750	0.1402E-16
0.5969	0.1520E-16
0.6196	0.1648E-16
0.6432	0.1786E-16
0.6677	0.1938E-16
0.6932	0.2100E-16
0.7196	0.2275E-16
0.7470	0.2465E-16
0.7754	0.2670E-16
0.8050	0.2890E-16
0.8356	0.3128E-16
0.8674	0.3384E-16
0.9005	0.3660E-16
0.9348	0.3956E-16
0.9704	0.4273E-16
1.007	0.4614E-16
1.046	0.4978E-16
1.086	0.5368E-16
1.127	0.5784E-16
1.170	0.6226E-16
1.214	0.6698E-16
1.261	0.7201E-16
1.309	0.7734E-16
1.358	0.8299E-16
1.410	0.8898E-16
1.464	0.9530E-16
1.520	0.1020E-15
1.578	0.1090E-15
1.638	0.1164E-15
1.700	0.1241E-15
1.765	0.1322E-15
1.832	0.1407E-15
1.902	0.1495E-15
1.974	0.1587E-15
2.049	0.1683E-15
2.127	0.1782E-15
2.208	0.1885E-15
2.293	0.1991E-15
2.380	0.2101E-15
2.470	0.2213E-15
2.565	0.2329E-15
2.662	0.2446E-15
2.764	0.2568E-15
2.869	0.2692E-15
2.978	0.2818E-15
3.092	0.2947E-15
3.209	0.3078E-15
3.332	0.3211E-15
3.458	0.3347E-15
3.590	0.3483E-15
3.727	0.3621E-15
3.869	0.3759E-15
4.016	0.3899E-15
4.169	0.4040E-15
4.328	0.4181E-15
4.493	0.4325E-15
4.664	0.4468E-15
4.841	0.4611E-15
5.026	0.4754E-15
5.217	0.4898E-15
5.416	0.5042E-15
5.622	0.5186E-15
5.836	0.5331E-15
6.059	0.5475E-15
6.289	0.5619E-15
6.529	0.5763E-15
6.778	0.5908E-15
7.036	0.6052E-15
7.304	0.6196E-15
7.582	0.6340E-15
7.871	0.6485E-15
8.170	0.6630E-15
8.482	0.6776E-15
8.805	0.6922E-15
9.140	0.7068E-15
9.488	0.7215E-15
9.849	0.7362E-15
10.22	0.7511E-15
10.61	0.7660E-15
11.02	0.7811E-15
11.44	0.7963E-15
11.87	0.8116E-15
12.33	0.8271E-15
12.80	0.8428E-15
13.28	0.8587E-15
13.79	0.8749E-15
14.31	0.8914E-15
14.86	0.9081E-15
15.42	0.9252E-15
16.01	0.9427E-15
16.62	0.9606E-15
17.25	0.9790E-15
17.91	0.9979E-15
18.59	0.1017E-14
19.30	0.1038E-14
20.04	0.1059E-14
20.80	0.1080E-14
21.59	0.1103E-14
22.42	0.1127E-14
23.27	0.1151E-14
24.16	0.1178E-14
25.08	0.1205E-14
26.03	0.1234E-14
27.02	0.1265E-14
28.05	0.1298E-14
29.12	0.1333E-14
30.23	0.1370E-14
31.38	0.1411E-14
32.57	0.1455E-14
33.82	0.1502E-14
35.10	0.1554E-14
36.44	0.1611E-14
37.83	0.1672E-14
39.27	0.1740E-14
40.76	0.1813E-14
42.32	0.1894E-14
43.93	0.1982E-14
45.60	0.2078E-14
47.34	0.2183E-14
49.14	0.2298E-14
51.01	0.2422E-14
52.96	0.2557E-14
54.97	0.2703E-14
57.07	0.2861E-14
59.24	0.3032E-14
61.50	0.3217E-14
63.84	0.3417E-14
66.27	0.3632E-14
68.79	0.3864E-14
71.41	0.4113E-14
74.13	0.4381E-14
76.96	0.4670E-14
79.89	0.4980E-14
82.93	0.5314E-14
86.09	0.5672E-14
89.37	0.6057E-14
92.77	0.6470E-14
96.31	0.6913E-14
99.97	0.7389E-14
103.8	0.7900E-14
107.7	0.8448E-14
111.8	0.9035E-14
116.1	0.9665E-14
120.5	0.1034E-13
125.1	0.1107E-13
129.9	0.1184E-13
134.8	0.1267E-13
140.0	0.1356E-13
145.3	0.1452E-13
150.8	0.1554E-13
156.6	0.1664E-13
162.5	0.1781E-13
168.7	0.1906E-13
175.1	0.2040E-13
181.8	0.2184E-13
188.7	0.2337E-13
195.9	0.2501E-13
203.4	0.2677E-13
211.1	0.2864E-13
219.2	0.3064E-13
227.5	0.3278E-13
236.2	0.3506E-13
245.2	0.3750E-13
254.5	0.4010E-13
264.2	0.4288E-13
274.3	0.4584E-13
284.7	0.4899E-13
295.6	0.5235E-13
306.8	0.5593E-13
318.5	0.5974E-13
330.6	0.6380E-13
343.2	0.6813E-13
356.3	0.7272E-13
369.9	0.7761E-13
384.0	0.8281E-13
398.6	0.8833E-13
413.8	0.9420E-13
429.5	0.1004E-12
445.9	0.1070E-12
462.9	0.1141E-12
480.5	0.1215E-12
498.8	0.1294E-12
517.8	0.1377E-12
537.5	0.1465E-12
558.0	0.1559E-12
579.2	0.1658E-12
601.3	0.1762E-12
624.2	0.1873E-12
648.0	0.1989E-12
672.6	0.2112E-12
698.3	0.2242E-12
724.9	0.2378E-12
752.5	0.2522E-12
781.1	0.2672E-12
810.9	0.2831E-12
841.8	0.2997E-12
873.8	0.3172E-12
907.1	0.3354E-12
941.6	0.3546E-12
977.5	0.3746E-12
1015.	0.3955E-12
1053.	0.4173E-12
1094.	0.4400E-12
1135.	0.4636E-12
1178.	0.4882E-12
1223.	0.5138E-12
1270.	0.5403E-12
1318.	0.5678E-12
1368.	0.5962E-12
1421.	0.6256E-12
1475.	0.6559E-12
1531.	0.6872E-12
1589.	0.7194E-12
1650.	0.7526E-12
1712.	0.7865E-12
1778.	0.8215E-12
1845.	0.8572E-12
1916.	0.8938E-12
1989.	0.9313E-12
2064.	0.9694E-12
2143.	0.1008E-11
2225.	0.1048E-11
2309.	0.1088E-11
2397.	0.1129E-11
2489.	0.1171E-11
2583.	0.1213E-11
2682.	0.1256E-11
2784.	0.1299E-11
2890.	0.1342E-11
3000.	0.1386E-11
 
 
