BOLSIG+ version: 03/2016
Collision input data:
--------------------------------------------------
Mg                                                              
collisions.txt
 
 
 
Angular frequency / N (m3/s)               0.000    
Cosine of E-B field angle                  0.000    
Gas temperature (K)                        300.0    
Excitation temperature (K)                 300.0    
Transition energy (eV)                     0.000    
Ionization degree                          0.000    
Plasma density (1/m3)                     0.1000E+19
Ion charge parameter                       1.000    
Ion/neutral mass ratio                     1.000    
e-e momentum effects                       1.000    
Energy sharing                             1.000    
Growth model                               1.000    
Maxwellian mean energy (eV)                0.000    
# of grid points                           200.0    
Precision                                 0.1000E-09
Convergence                               0.1000E-03
Maximum # of iterations                    5000.    
Mole fraction Mg                           1.000    
 
 
E/N (Td)    	Electric field / N (Td)                                         
0.1000E-02	0.1000E-02
0.1038E-02	0.1038E-02
0.1078E-02	0.1078E-02
0.1119E-02	0.1119E-02
0.1161E-02	0.1161E-02
0.1205E-02	0.1205E-02
0.1251E-02	0.1251E-02
0.1299E-02	0.1299E-02
0.1349E-02	0.1349E-02
0.1400E-02	0.1400E-02
0.1453E-02	0.1453E-02
0.1509E-02	0.1509E-02
0.1566E-02	0.1566E-02
0.1626E-02	0.1626E-02
0.1688E-02	0.1688E-02
0.1752E-02	0.1752E-02
0.1819E-02	0.1819E-02
0.1888E-02	0.1888E-02
0.1960E-02	0.1960E-02
0.2034E-02	0.2034E-02
0.2112E-02	0.2112E-02
0.2192E-02	0.2192E-02
0.2276E-02	0.2276E-02
0.2362E-02	0.2362E-02
0.2452E-02	0.2452E-02
0.2546E-02	0.2546E-02
0.2643E-02	0.2643E-02
0.2743E-02	0.2743E-02
0.2848E-02	0.2848E-02
0.2956E-02	0.2956E-02
0.3069E-02	0.3069E-02
0.3186E-02	0.3186E-02
0.3307E-02	0.3307E-02
0.3433E-02	0.3433E-02
0.3564E-02	0.3564E-02
0.3700E-02	0.3700E-02
0.3841E-02	0.3841E-02
0.3987E-02	0.3987E-02
0.4139E-02	0.4139E-02
0.4296E-02	0.4296E-02
0.4460E-02	0.4460E-02
0.4630E-02	0.4630E-02
0.4806E-02	0.4806E-02
0.4989E-02	0.4989E-02
0.5179E-02	0.5179E-02
0.5377E-02	0.5377E-02
0.5581E-02	0.5581E-02
0.5794E-02	0.5794E-02
0.6015E-02	0.6015E-02
0.6244E-02	0.6244E-02
0.6481E-02	0.6481E-02
0.6728E-02	0.6728E-02
0.6985E-02	0.6985E-02
0.7251E-02	0.7251E-02
0.7527E-02	0.7527E-02
0.7813E-02	0.7813E-02
0.8111E-02	0.8111E-02
0.8420E-02	0.8420E-02
0.8741E-02	0.8741E-02
0.9073E-02	0.9073E-02
0.9419E-02	0.9419E-02
0.9778E-02	0.9778E-02
0.1015E-01	0.1015E-01
0.1054E-01	0.1054E-01
0.1094E-01	0.1094E-01
0.1135E-01	0.1135E-01
0.1179E-01	0.1179E-01
0.1224E-01	0.1224E-01
0.1270E-01	0.1270E-01
0.1319E-01	0.1319E-01
0.1369E-01	0.1369E-01
0.1421E-01	0.1421E-01
0.1475E-01	0.1475E-01
0.1531E-01	0.1531E-01
0.1590E-01	0.1590E-01
0.1650E-01	0.1650E-01
0.1713E-01	0.1713E-01
0.1778E-01	0.1778E-01
0.1846E-01	0.1846E-01
0.1916E-01	0.1916E-01
0.1989E-01	0.1989E-01
0.2065E-01	0.2065E-01
0.2144E-01	0.2144E-01
0.2225E-01	0.2225E-01
0.2310E-01	0.2310E-01
0.2398E-01	0.2398E-01
0.2489E-01	0.2489E-01
0.2584E-01	0.2584E-01
0.2682E-01	0.2682E-01
0.2785E-01	0.2785E-01
0.2891E-01	0.2891E-01
0.3001E-01	0.3001E-01
0.3115E-01	0.3115E-01
0.3234E-01	0.3234E-01
0.3357E-01	0.3357E-01
0.3485E-01	0.3485E-01
0.3617E-01	0.3617E-01
0.3755E-01	0.3755E-01
0.3898E-01	0.3898E-01
0.4047E-01	0.4047E-01
0.4201E-01	0.4201E-01
0.4361E-01	0.4361E-01
0.4527E-01	0.4527E-01
0.4699E-01	0.4699E-01
0.4878E-01	0.4878E-01
0.5064E-01	0.5064E-01
0.5257E-01	0.5257E-01
0.5457E-01	0.5457E-01
0.5665E-01	0.5665E-01
0.5881E-01	0.5881E-01
0.6105E-01	0.6105E-01
0.6337E-01	0.6337E-01
0.6579E-01	0.6579E-01
0.6829E-01	0.6829E-01
0.7089E-01	0.7089E-01
0.7359E-01	0.7359E-01
0.7640E-01	0.7640E-01
0.7931E-01	0.7931E-01
0.8233E-01	0.8233E-01
0.8546E-01	0.8546E-01
0.8872E-01	0.8872E-01
0.9210E-01	0.9210E-01
0.9560E-01	0.9560E-01
0.9924E-01	0.9924E-01
0.1030	0.1030
0.1069	0.1069
0.1110	0.1110
0.1152	0.1152
0.1196	0.1196
0.1242	0.1242
0.1289	0.1289
0.1338	0.1338
0.1389	0.1389
0.1442	0.1442
0.1497	0.1497
0.1554	0.1554
0.1613	0.1613
0.1675	0.1675
0.1739	0.1739
0.1805	0.1805
0.1874	0.1874
0.1945	0.1945
0.2019	0.2019
0.2096	0.2096
0.2176	0.2176
0.2259	0.2259
0.2345	0.2345
0.2434	0.2434
0.2527	0.2527
0.2623	0.2623
0.2723	0.2723
0.2826	0.2826
0.2934	0.2934
0.3046	0.3046
0.3162	0.3162
0.3282	0.3282
0.3407	0.3407
0.3537	0.3537
0.3672	0.3672
0.3812	0.3812
0.3957	0.3957
0.4107	0.4107
0.4264	0.4264
0.4426	0.4426
0.4595	0.4595
0.4770	0.4770
0.4952	0.4952
0.5140	0.5140
0.5336	0.5336
0.5539	0.5539
0.5750	0.5750
0.5969	0.5969
0.6196	0.6196
0.6432	0.6432
0.6677	0.6677
0.6932	0.6932
0.7196	0.7196
0.7470	0.7470
0.7754	0.7754
0.8050	0.8050
0.8356	0.8356
0.8674	0.8674
0.9005	0.9005
0.9348	0.9348
0.9704	0.9704
1.007	1.007
1.046	1.046
1.086	1.086
1.127	1.127
1.170	1.170
1.214	1.214
1.261	1.261
1.309	1.309
1.358	1.358
1.410	1.410
1.464	1.464
1.520	1.520
1.578	1.578
1.638	1.638
1.700	1.700
1.765	1.765
1.832	1.832
1.902	1.902
1.974	1.974
2.049	2.049
2.127	2.127
2.208	2.208
2.293	2.293
2.380	2.380
2.470	2.470
2.565	2.565
2.662	2.662
2.764	2.764
2.869	2.869
2.978	2.978
3.092	3.092
3.209	3.209
3.332	3.332
3.458	3.458
3.590	3.590
3.727	3.727
3.869	3.869
4.016	4.016
4.169	4.169
4.328	4.328
4.493	4.493
4.664	4.664
4.841	4.841
5.026	5.026
5.217	5.217
5.416	5.416
5.622	5.622
5.836	5.836
6.059	6.059
6.289	6.289
6.529	6.529
6.778	6.778
7.036	7.036
7.304	7.304
7.582	7.582
7.871	7.871
8.170	8.170
8.482	8.482
8.805	8.805
9.140	9.140
9.488	9.488
9.849	9.849
10.22	10.22
10.61	10.61
11.02	11.02
11.44	11.44
11.87	11.87
12.33	12.33
12.80	12.80
13.28	13.28
13.79	13.79
14.31	14.31
14.86	14.86
15.42	15.42
16.01	16.01
16.62	16.62
17.25	17.25
17.91	17.91
18.59	18.59
19.30	19.30
20.04	20.04
20.80	20.80
21.59	21.59
22.42	22.42
23.27	23.27
24.16	24.16
25.08	25.08
26.03	26.03
27.02	27.02
28.05	28.05
29.12	29.12
30.23	30.23
31.38	31.38
32.57	32.57
33.82	33.82
35.10	35.10
36.44	36.44
37.83	37.83
39.27	39.27
40.76	40.76
42.32	42.32
43.93	43.93
45.60	45.60
47.34	47.34
49.14	49.14
51.01	51.01
52.96	52.96
54.97	54.97
57.07	57.07
59.24	59.24
61.50	61.50
63.84	63.84
66.27	66.27
68.79	68.79
71.41	71.41
74.13	74.13
76.96	76.96
79.89	79.89
82.93	82.93
86.09	86.09
89.37	89.37
92.77	92.77
96.31	96.31
99.97	99.97
103.8	103.8
107.7	107.7
111.8	111.8
116.1	116.1
120.5	120.5
125.1	125.1
129.9	129.9
134.8	134.8
140.0	140.0
145.3	145.3
150.8	150.8
156.6	156.6
162.5	162.5
168.7	168.7
175.1	175.1
181.8	181.8
188.7	188.7
195.9	195.9
203.4	203.4
211.1	211.1
219.2	219.2
227.5	227.5
236.2	236.2
245.2	245.2
254.5	254.5
264.2	264.2
274.3	274.3
284.7	284.7
295.6	295.6
306.8	306.8
318.5	318.5
330.6	330.6
343.2	343.2
356.3	356.3
369.9	369.9
384.0	384.0
398.6	398.6
413.8	413.8
429.5	429.5
445.9	445.9
462.9	462.9
480.5	480.5
498.8	498.8
517.8	517.8
537.5	537.5
558.0	558.0
579.2	579.2
601.3	601.3
624.2	624.2
648.0	648.0
672.6	672.6
698.3	698.3
724.9	724.9
752.5	752.5
781.1	781.1
810.9	810.9
841.8	841.8
873.8	873.8
907.1	907.1
941.6	941.6
977.5	977.5
1015.	1015.
1053.	1053.
1094.	1094.
1135.	1135.
1178.	1178.
1223.	1223.
1270.	1270.
1318.	1318.
1368.	1368.
1421.	1421.
1475.	1475.
1531.	1531.
1589.	1589.
1650.	1650.
1712.	1712.
1778.	1778.
1845.	1845.
1916.	1916.
1989.	1989.
2064.	2064.
2143.	2143.
2225.	2225.
2309.	2309.
2397.	2397.
2489.	2489.
2583.	2583.
2682.	2682.
2784.	2784.
2890.	2890.
3000.	3000.
 
 
E/N (Td)    	Grid type                                                       
0.1000E-02	2.000
0.1038E-02	3.000
0.1078E-02	3.000
0.1119E-02	3.000
0.1161E-02	3.000
0.1205E-02	3.000
0.1251E-02	3.000
0.1299E-02	3.000
0.1349E-02	3.000
0.1400E-02	3.000
0.1453E-02	3.000
0.1509E-02	3.000
0.1566E-02	3.000
0.1626E-02	3.000
0.1688E-02	3.000
0.1752E-02	3.000
0.1819E-02	3.000
0.1888E-02	3.000
0.1960E-02	3.000
0.2034E-02	3.000
0.2112E-02	3.000
0.2192E-02	3.000
0.2276E-02	3.000
0.2362E-02	3.000
0.2452E-02	3.000
0.2546E-02	3.000
0.2643E-02	3.000
0.2743E-02	3.000
0.2848E-02	3.000
0.2956E-02	3.000
0.3069E-02	3.000
0.3186E-02	3.000
0.3307E-02	3.000
0.3433E-02	3.000
0.3564E-02	3.000
0.3700E-02	3.000
0.3841E-02	3.000
0.3987E-02	3.000
0.4139E-02	3.000
0.4296E-02	3.000
0.4460E-02	3.000
0.4630E-02	3.000
0.4806E-02	3.000
0.4989E-02	3.000
0.5179E-02	3.000
0.5377E-02	3.000
0.5581E-02	3.000
0.5794E-02	3.000
0.6015E-02	3.000
0.6244E-02	3.000
0.6481E-02	3.000
0.6728E-02	3.000
0.6985E-02	3.000
0.7251E-02	3.000
0.7527E-02	3.000
0.7813E-02	3.000
0.8111E-02	3.000
0.8420E-02	3.000
0.8741E-02	3.000
0.9073E-02	3.000
0.9419E-02	3.000
0.9778E-02	3.000
0.1015E-01	3.000
0.1054E-01	3.000
0.1094E-01	3.000
0.1135E-01	3.000
0.1179E-01	3.000
0.1224E-01	3.000
0.1270E-01	3.000
0.1319E-01	3.000
0.1369E-01	3.000
0.1421E-01	3.000
0.1475E-01	3.000
0.1531E-01	3.000
0.1590E-01	3.000
0.1650E-01	3.000
0.1713E-01	3.000
0.1778E-01	3.000
0.1846E-01	3.000
0.1916E-01	3.000
0.1989E-01	3.000
0.2065E-01	3.000
0.2144E-01	3.000
0.2225E-01	3.000
0.2310E-01	3.000
0.2398E-01	3.000
0.2489E-01	3.000
0.2584E-01	3.000
0.2682E-01	3.000
0.2785E-01	3.000
0.2891E-01	3.000
0.3001E-01	3.000
0.3115E-01	3.000
0.3234E-01	3.000
0.3357E-01	3.000
0.3485E-01	3.000
0.3617E-01	3.000
0.3755E-01	3.000
0.3898E-01	3.000
0.4047E-01	3.000
0.4201E-01	3.000
0.4361E-01	3.000
0.4527E-01	3.000
0.4699E-01	3.000
0.4878E-01	3.000
0.5064E-01	3.000
0.5257E-01	3.000
0.5457E-01	3.000
0.5665E-01	3.000
0.5881E-01	3.000
0.6105E-01	3.000
0.6337E-01	3.000
0.6579E-01	3.000
0.6829E-01	3.000
0.7089E-01	3.000
0.7359E-01	3.000
0.7640E-01	3.000
0.7931E-01	3.000
0.8233E-01	3.000
0.8546E-01	3.000
0.8872E-01	3.000
0.9210E-01	3.000
0.9560E-01	3.000
0.9924E-01	3.000
0.1030	3.000
0.1069	3.000
0.1110	3.000
0.1152	3.000
0.1196	3.000
0.1242	3.000
0.1289	3.000
0.1338	3.000
0.1389	3.000
0.1442	3.000
0.1497	3.000
0.1554	3.000
0.1613	3.000
0.1675	3.000
0.1739	3.000
0.1805	3.000
0.1874	3.000
0.1945	3.000
0.2019	3.000
0.2096	3.000
0.2176	3.000
0.2259	3.000
0.2345	3.000
0.2434	3.000
0.2527	3.000
0.2623	3.000
0.2723	3.000
0.2826	3.000
0.2934	3.000
0.3046	3.000
0.3162	3.000
0.3282	3.000
0.3407	3.000
0.3537	3.000
0.3672	3.000
0.3812	3.000
0.3957	3.000
0.4107	3.000
0.4264	3.000
0.4426	3.000
0.4595	3.000
0.4770	3.000
0.4952	3.000
0.5140	3.000
0.5336	3.000
0.5539	3.000
0.5750	3.000
0.5969	3.000
0.6196	3.000
0.6432	3.000
0.6677	3.000
0.6932	3.000
0.7196	3.000
0.7470	3.000
0.7754	3.000
0.8050	3.000
0.8356	3.000
0.8674	3.000
0.9005	3.000
0.9348	3.000
0.9704	3.000
1.007	3.000
1.046	3.000
1.086	3.000
1.127	3.000
1.170	3.000
1.214	3.000
1.261	3.000
1.309	3.000
1.358	3.000
1.410	3.000
1.464	3.000
1.520	3.000
1.578	3.000
1.638	3.000
1.700	3.000
1.765	3.000
1.832	3.000
1.902	3.000
1.974	3.000
2.049	3.000
2.127	3.000
2.208	3.000
2.293	3.000
2.380	3.000
2.470	3.000
2.565	3.000
2.662	3.000
2.764	3.000
2.869	3.000
2.978	3.000
3.092	3.000
3.209	3.000
3.332	3.000
3.458	3.000
3.590	3.000
3.727	3.000
3.869	3.000
4.016	3.000
4.169	3.000
4.328	3.000
4.493	3.000
4.664	3.000
4.841	3.000
5.026	3.000
5.217	3.000
5.416	3.000
5.622	3.000
5.836	3.000
6.059	3.000
6.289	3.000
6.529	3.000
6.778	3.000
7.036	3.000
7.304	3.000
7.582	3.000
7.871	3.000
8.170	3.000
8.482	3.000
8.805	3.000
9.140	3.000
9.488	3.000
9.849	3.000
10.22	3.000
10.61	3.000
11.02	3.000
11.44	3.000
11.87	3.000
12.33	3.000
12.80	3.000
13.28	3.000
13.79	3.000
14.31	3.000
14.86	3.000
15.42	3.000
16.01	3.000
16.62	3.000
17.25	3.000
17.91	3.000
18.59	3.000
19.30	3.000
20.04	3.000
20.80	3.000
21.59	3.000
22.42	3.000
23.27	3.000
24.16	3.000
25.08	3.000
26.03	3.000
27.02	3.000
28.05	3.000
29.12	3.000
30.23	3.000
31.38	3.000
32.57	3.000
33.82	3.000
35.10	3.000
36.44	3.000
37.83	3.000
39.27	3.000
40.76	3.000
42.32	3.000
43.93	3.000
45.60	3.000
47.34	3.000
49.14	3.000
51.01	3.000
52.96	3.000
54.97	3.000
57.07	3.000
59.24	3.000
61.50	3.000
63.84	3.000
66.27	3.000
68.79	3.000
71.41	3.000
74.13	3.000
76.96	3.000
79.89	3.000
82.93	3.000
86.09	3.000
89.37	3.000
92.77	3.000
96.31	3.000
99.97	3.000
103.8	3.000
107.7	3.000
111.8	3.000
116.1	3.000
120.5	3.000
125.1	3.000
129.9	3.000
134.8	3.000
140.0	3.000
145.3	3.000
150.8	3.000
156.6	3.000
162.5	3.000
168.7	3.000
175.1	3.000
181.8	3.000
188.7	3.000
195.9	3.000
203.4	3.000
211.1	3.000
219.2	3.000
227.5	3.000
236.2	3.000
245.2	3.000
254.5	3.000
264.2	3.000
274.3	3.000
284.7	3.000
295.6	3.000
306.8	3.000
318.5	3.000
330.6	3.000
343.2	3.000
356.3	3.000
369.9	3.000
384.0	3.000
398.6	3.000
413.8	3.000
429.5	3.000
445.9	3.000
462.9	3.000
480.5	3.000
498.8	3.000
517.8	3.000
537.5	3.000
558.0	3.000
579.2	3.000
601.3	3.000
624.2	3.000
648.0	3.000
672.6	3.000
698.3	3.000
724.9	3.000
752.5	3.000
781.1	3.000
810.9	3.000
841.8	3.000
873.8	3.000
907.1	3.000
941.6	3.000
977.5	3.000
1015.	3.000
1053.	3.000
1094.	3.000
1135.	3.000
1178.	3.000
1223.	3.000
1270.	3.000
1318.	3.000
1368.	3.000
1421.	3.000
1475.	3.000
1531.	3.000
1589.	3.000
1650.	3.000
1712.	3.000
1778.	3.000
1845.	3.000
1916.	3.000
1989.	3.000
2064.	3.000
2143.	3.000
2225.	3.000
2309.	3.000
2397.	3.000
2489.	3.000
2583.	3.000
2682.	3.000
2784.	3.000
2890.	3.000
3000.	3.000
 
 
E/N (Td)    	Maximum energy                                                  
0.1000E-02	2000.
0.1038E-02	0.6442
0.1078E-02	0.6442
0.1119E-02	0.6442
0.1161E-02	0.6442
0.1205E-02	0.6442
0.1251E-02	0.6442
0.1299E-02	0.6442
0.1349E-02	0.6442
0.1400E-02	0.6442
0.1453E-02	0.6442
0.1509E-02	0.6442
0.1566E-02	0.6442
0.1626E-02	0.6442
0.1688E-02	0.6442
0.1752E-02	0.6442
0.1819E-02	0.6442
0.1888E-02	0.6442
0.1960E-02	0.6442
0.2034E-02	0.6442
0.2112E-02	0.6442
0.2192E-02	0.6442
0.2276E-02	0.6442
0.2362E-02	0.6442
0.2452E-02	0.6442
0.2546E-02	0.6442
0.2643E-02	0.6442
0.2743E-02	0.6442
0.2848E-02	0.6442
0.2956E-02	0.6442
0.3069E-02	0.6442
0.3186E-02	0.6442
0.3307E-02	0.6442
0.3433E-02	0.6442
0.3564E-02	0.6442
0.3700E-02	0.6442
0.3841E-02	0.6442
0.3987E-02	0.6442
0.4139E-02	0.6442
0.4296E-02	0.6442
0.4460E-02	0.6442
0.4630E-02	0.6442
0.4806E-02	0.6442
0.4989E-02	0.6442
0.5179E-02	0.6442
0.5377E-02	0.6442
0.5581E-02	0.6442
0.5794E-02	0.6442
0.6015E-02	0.6442
0.6244E-02	0.6442
0.6481E-02	0.6442
0.6728E-02	0.6442
0.6985E-02	0.6442
0.7251E-02	0.6442
0.7527E-02	0.6442
0.7813E-02	0.6442
0.8111E-02	0.6442
0.8420E-02	0.6442
0.8741E-02	0.6442
0.9073E-02	0.6442
0.9419E-02	0.6442
0.9778E-02	0.6442
0.1015E-01	0.6442
0.1054E-01	0.6442
0.1094E-01	0.6442
0.1135E-01	0.6442
0.1179E-01	0.6442
0.1224E-01	0.6442
0.1270E-01	0.6442
0.1319E-01	0.6442
0.1369E-01	0.6442
0.1421E-01	0.6442
0.1475E-01	0.6442
0.1531E-01	0.6442
0.1590E-01	0.6442
0.1650E-01	0.6442
0.1713E-01	0.6442
0.1778E-01	0.6442
0.1846E-01	0.6442
0.1916E-01	0.6442
0.1989E-01	0.6442
0.2065E-01	0.6442
0.2144E-01	0.6442
0.2225E-01	0.6442
0.2310E-01	0.6442
0.2398E-01	0.6442
0.2489E-01	0.6442
0.2584E-01	0.6442
0.2682E-01	0.6442
0.2785E-01	0.6442
0.2891E-01	0.6442
0.3001E-01	0.6442
0.3115E-01	0.6442
0.3234E-01	0.6442
0.3357E-01	0.7672
0.3485E-01	0.7672
0.3617E-01	0.7672
0.3755E-01	0.7672
0.3898E-01	0.7672
0.4047E-01	0.7672
0.4201E-01	0.7672
0.4361E-01	0.7672
0.4527E-01	0.7672
0.4699E-01	0.7672
0.4878E-01	0.7672
0.5064E-01	0.7672
0.5257E-01	0.7672
0.5457E-01	0.7672
0.5665E-01	0.7672
0.5881E-01	0.7672
0.6105E-01	0.7672
0.6337E-01	0.7672
0.6579E-01	0.7672
0.6829E-01	0.7672
0.7089E-01	0.7672
0.7359E-01	0.7672
0.7640E-01	0.7672
0.7931E-01	0.7672
0.8233E-01	0.7672
0.8546E-01	0.7672
0.8872E-01	0.7672
0.9210E-01	0.7672
0.9560E-01	0.7672
0.9924E-01	0.7672
0.1030	0.7672
0.1069	0.7672
0.1110	0.7672
0.1152	0.7672
0.1196	0.7672
0.1242	0.7672
0.1289	0.9137
0.1338	0.9137
0.1389	0.9137
0.1442	0.9137
0.1497	0.9137
0.1554	0.9137
0.1613	0.9137
0.1675	0.9137
0.1739	0.9137
0.1805	0.9137
0.1874	0.9137
0.1945	0.9137
0.2019	0.9137
0.2096	0.9137
0.2176	0.9137
0.2259	0.9137
0.2345	0.9137
0.2434	0.9137
0.2527	0.9137
0.2623	0.9137
0.2723	0.9137
0.2826	1.088
0.2934	1.088
0.3046	1.088
0.3162	1.088
0.3282	1.088
0.3407	1.088
0.3537	1.088
0.3672	1.088
0.3812	1.088
0.3957	1.088
0.4107	1.088
0.4264	1.088
0.4426	1.088
0.4595	1.088
0.4770	1.088
0.4952	1.088
0.5140	1.296
0.5336	1.296
0.5539	1.296
0.5750	1.296
0.5969	1.296
0.6196	1.296
0.6432	1.296
0.6677	1.296
0.6932	1.296
0.7196	1.296
0.7470	1.296
0.7754	1.296
0.8050	1.296
0.8356	1.544
0.8674	1.544
0.9005	1.544
0.9348	1.544
0.9704	1.544
1.007	1.544
1.046	1.544
1.086	1.544
1.127	1.544
1.170	1.544
1.214	1.839
1.261	1.839
1.309	1.839
1.358	1.839
1.410	1.839
1.464	1.839
1.520	1.839
1.578	1.839
1.638	1.839
1.700	2.190
1.765	2.190
1.832	2.190
1.902	2.190
1.974	2.190
2.049	2.190
2.127	2.190
2.208	2.608
2.293	2.608
2.380	2.608
2.470	2.608
2.565	2.608
2.662	2.608
2.764	3.106
2.869	3.106
2.978	3.106
3.092	3.106
3.209	3.106
3.332	3.106
3.458	3.106
3.590	3.106
3.727	3.106
3.869	3.106
4.016	3.106
4.169	3.106
4.328	3.106
4.493	3.106
4.664	3.106
4.841	3.106
5.026	3.106
5.217	3.106
5.416	3.106
5.622	3.106
5.836	3.106
6.059	3.106
6.289	3.106
6.529	3.106
6.778	3.106
7.036	3.106
7.304	3.106
7.582	3.106
7.871	3.699
8.170	3.699
8.482	3.699
8.805	3.699
9.140	3.699
9.488	3.699
9.849	3.699
10.22	3.699
10.61	3.699
11.02	3.699
11.44	3.699
11.87	3.699
12.33	3.699
12.80	3.699
13.28	3.699
13.79	3.699
14.31	3.699
14.86	3.699
15.42	3.699
16.01	3.699
16.62	3.699
17.25	3.699
17.91	3.699
18.59	3.699
19.30	3.699
20.04	4.406
20.80	4.406
21.59	4.406
22.42	4.406
23.27	4.406
24.16	4.406
25.08	4.406
26.03	4.406
27.02	4.406
28.05	4.406
29.12	4.406
30.23	4.406
31.38	5.247
32.57	5.247
33.82	5.247
35.10	5.247
36.44	5.247
37.83	5.247
39.27	5.247
40.76	5.247
42.32	5.247
43.93	5.247
45.60	5.247
47.34	6.250
49.14	6.250
51.01	6.250
52.96	6.250
54.97	6.250
57.07	6.250
59.24	6.250
61.50	6.250
63.84	6.250
66.27	7.443
68.79	7.443
71.41	7.443
74.13	7.443
76.96	7.443
79.89	7.443
82.93	7.443
86.09	7.443
89.37	7.443
92.77	8.865
96.31	8.865
99.97	8.865
103.8	8.865
107.7	8.865
111.8	8.865
116.1	8.865
120.5	8.865
125.1	8.865
129.9	10.56
134.8	10.56
140.0	10.56
145.3	10.56
150.8	10.56
156.6	10.56
162.5	10.56
168.7	10.56
175.1	12.57
181.8	12.57
188.7	12.57
195.9	12.57
203.4	12.57
211.1	12.57
219.2	14.95
227.5	14.95
236.2	14.95
245.2	14.95
254.5	14.95
264.2	14.95
274.3	17.76
284.7	17.76
295.6	17.76
306.8	17.76
318.5	17.76
330.6	21.08
343.2	21.08
356.3	21.08
369.9	25.01
384.0	25.01
398.6	25.01
413.8	29.65
429.5	29.65
445.9	29.65
462.9	35.14
480.5	35.14
498.8	41.63
517.8	41.63
537.5	41.63
558.0	49.30
579.2	49.30
601.3	58.36
624.2	58.36
648.0	69.08
672.6	69.08
698.3	81.74
724.9	81.74
752.5	96.71
781.1	96.71
810.9	114.4
841.8	135.3
873.8	135.3
907.1	160.1
941.6	160.1
977.5	189.3
1015.	223.9
1053.	223.9
1094.	264.7
1135.	313.0
1178.	313.0
1223.	370.1
1270.	437.5
1318.	437.5
1368.	517.3
1421.	611.5
1475.	611.5
1531.	723.0
1589.	723.0
1650.	854.7
1712.	854.7
1778.	854.7
1845.	1010.
1916.	1010.
1989.	1194.
2064.	1194.
2143.	1194.
2225.	1412.
2309.	1412.
2397.	1412.
2489.	1669.
2583.	1669.
2682.	1669.
2784.	1973.
2890.	1973.
3000.	1973.
 
 
E/N (Td)	Mean energy (eV)
0.1000E-02	0.3880E-01
0.1038E-02	0.3881E-01
0.1078E-02	0.3881E-01
0.1119E-02	0.3881E-01
0.1161E-02	0.3881E-01
0.1205E-02	0.3882E-01
0.1251E-02	0.3882E-01
0.1299E-02	0.3882E-01
0.1349E-02	0.3883E-01
0.1400E-02	0.3883E-01
0.1453E-02	0.3883E-01
0.1509E-02	0.3884E-01
0.1566E-02	0.3884E-01
0.1626E-02	0.3885E-01
0.1688E-02	0.3885E-01
0.1752E-02	0.3886E-01
0.1819E-02	0.3887E-01
0.1888E-02	0.3887E-01
0.1960E-02	0.3888E-01
0.2034E-02	0.3889E-01
0.2112E-02	0.3890E-01
0.2192E-02	0.3891E-01
0.2276E-02	0.3892E-01
0.2362E-02	0.3893E-01
0.2452E-02	0.3894E-01
0.2546E-02	0.3895E-01
0.2643E-02	0.3896E-01
0.2743E-02	0.3898E-01
0.2848E-02	0.3899E-01
0.2956E-02	0.3901E-01
0.3069E-02	0.3902E-01
0.3186E-02	0.3904E-01
0.3307E-02	0.3906E-01
0.3433E-02	0.3908E-01
0.3564E-02	0.3911E-01
0.3700E-02	0.3913E-01
0.3841E-02	0.3916E-01
0.3987E-02	0.3919E-01
0.4139E-02	0.3922E-01
0.4296E-02	0.3925E-01
0.4460E-02	0.3928E-01
0.4630E-02	0.3932E-01
0.4806E-02	0.3936E-01
0.4989E-02	0.3940E-01
0.5179E-02	0.3945E-01
0.5377E-02	0.3950E-01
0.5581E-02	0.3955E-01
0.5794E-02	0.3961E-01
0.6015E-02	0.3967E-01
0.6244E-02	0.3973E-01
0.6481E-02	0.3980E-01
0.6728E-02	0.3987E-01
0.6985E-02	0.3995E-01
0.7251E-02	0.4003E-01
0.7527E-02	0.4012E-01
0.7813E-02	0.4021E-01
0.8111E-02	0.4031E-01
0.8420E-02	0.4041E-01
0.8741E-02	0.4052E-01
0.9073E-02	0.4064E-01
0.9419E-02	0.4077E-01
0.9778E-02	0.4090E-01
0.1015E-01	0.4104E-01
0.1054E-01	0.4119E-01
0.1094E-01	0.4134E-01
0.1135E-01	0.4151E-01
0.1179E-01	0.4169E-01
0.1224E-01	0.4187E-01
0.1270E-01	0.4207E-01
0.1319E-01	0.4227E-01
0.1369E-01	0.4249E-01
0.1421E-01	0.4272E-01
0.1475E-01	0.4296E-01
0.1531E-01	0.4321E-01
0.1590E-01	0.4348E-01
0.1650E-01	0.4376E-01
0.1713E-01	0.4405E-01
0.1778E-01	0.4435E-01
0.1846E-01	0.4467E-01
0.1916E-01	0.4501E-01
0.1989E-01	0.4536E-01
0.2065E-01	0.4572E-01
0.2144E-01	0.4611E-01
0.2225E-01	0.4651E-01
0.2310E-01	0.4692E-01
0.2398E-01	0.4736E-01
0.2489E-01	0.4781E-01
0.2584E-01	0.4828E-01
0.2682E-01	0.4876E-01
0.2785E-01	0.4927E-01
0.2891E-01	0.4980E-01
0.3001E-01	0.5034E-01
0.3115E-01	0.5091E-01
0.3234E-01	0.5149E-01
0.3357E-01	0.5210E-01
0.3485E-01	0.5273E-01
0.3617E-01	0.5338E-01
0.3755E-01	0.5405E-01
0.3898E-01	0.5475E-01
0.4047E-01	0.5547E-01
0.4201E-01	0.5621E-01
0.4361E-01	0.5697E-01
0.4527E-01	0.5775E-01
0.4699E-01	0.5856E-01
0.4878E-01	0.5940E-01
0.5064E-01	0.6025E-01
0.5257E-01	0.6113E-01
0.5457E-01	0.6204E-01
0.5665E-01	0.6297E-01
0.5881E-01	0.6392E-01
0.6105E-01	0.6490E-01
0.6337E-01	0.6591E-01
0.6579E-01	0.6694E-01
0.6829E-01	0.6800E-01
0.7089E-01	0.6908E-01
0.7359E-01	0.7019E-01
0.7640E-01	0.7133E-01
0.7931E-01	0.7250E-01
0.8233E-01	0.7369E-01
0.8546E-01	0.7491E-01
0.8872E-01	0.7617E-01
0.9210E-01	0.7745E-01
0.9560E-01	0.7876E-01
0.9924E-01	0.8011E-01
0.1030	0.8149E-01
0.1069	0.8291E-01
0.1110	0.8436E-01
0.1152	0.8585E-01
0.1196	0.8738E-01
0.1242	0.8895E-01
0.1289	0.9056E-01
0.1338	0.9222E-01
0.1389	0.9392E-01
0.1442	0.9567E-01
0.1497	0.9747E-01
0.1554	0.9932E-01
0.1613	0.1012
0.1675	0.1032
0.1739	0.1052
0.1805	0.1072
0.1874	0.1094
0.1945	0.1115
0.2019	0.1138
0.2096	0.1161
0.2176	0.1185
0.2259	0.1209
0.2345	0.1234
0.2434	0.1259
0.2527	0.1285
0.2623	0.1312
0.2723	0.1340
0.2826	0.1368
0.2934	0.1396
0.3046	0.1426
0.3162	0.1456
0.3282	0.1486
0.3407	0.1518
0.3537	0.1550
0.3672	0.1582
0.3812	0.1616
0.3957	0.1650
0.4107	0.1684
0.4264	0.1720
0.4426	0.1756
0.4595	0.1793
0.4770	0.1830
0.4952	0.1868
0.5140	0.1907
0.5336	0.1947
0.5539	0.1988
0.5750	0.2029
0.5969	0.2071
0.6196	0.2114
0.6432	0.2157
0.6677	0.2202
0.6932	0.2247
0.7196	0.2294
0.7470	0.2341
0.7754	0.2389
0.8050	0.2437
0.8356	0.2487
0.8674	0.2538
0.9005	0.2590
0.9348	0.2643
0.9704	0.2696
1.007	0.2751
1.046	0.2807
1.086	0.2864
1.127	0.2922
1.170	0.2981
1.214	0.3041
1.261	0.3103
1.309	0.3165
1.358	0.3229
1.410	0.3294
1.464	0.3361
1.520	0.3429
1.578	0.3498
1.638	0.3567
1.700	0.3639
1.765	0.3712
1.832	0.3787
1.902	0.3863
1.974	0.3941
2.049	0.4014
2.127	0.4099
2.208	0.4182
2.293	0.4267
2.380	0.4354
2.470	0.4442
2.565	0.4526
2.662	0.4625
2.764	0.4721
2.869	0.4820
2.978	0.4922
3.092	0.5019
3.209	0.5127
3.332	0.5240
3.458	0.5357
3.590	0.5479
3.727	0.5606
3.869	0.5738
4.016	0.5877
4.169	0.6022
4.328	0.6174
4.493	0.6332
4.664	0.6498
4.841	0.6676
5.026	0.6854
5.217	0.7038
5.416	0.7228
5.622	0.7422
5.836	0.7618
6.059	0.7815
6.289	0.8009
6.529	0.8198
6.778	0.8382
7.036	0.8557
7.304	0.8723
7.582	0.8879
7.871	0.9024
8.170	0.9158
8.482	0.9281
8.805	0.9393
9.140	0.9495
9.488	0.9588
9.849	0.9672
10.22	0.9748
10.61	0.9816
11.02	0.9878
11.44	0.9934
11.87	0.9985
12.33	1.003
12.80	1.007
13.28	1.011
13.79	1.015
14.31	1.018
14.86	1.021
15.42	1.024
16.01	1.027
16.62	1.029
17.25	1.032
17.91	1.034
18.59	1.036
19.30	1.038
20.04	1.040
20.80	1.042
21.59	1.044
22.42	1.046
23.27	1.048
24.16	1.050
25.08	1.052
26.03	1.053
27.02	1.055
28.05	1.057
29.12	1.059
30.23	1.061
31.38	1.063
32.57	1.065
33.82	1.066
35.10	1.068
36.44	1.070
37.83	1.072
39.27	1.075
40.76	1.077
42.32	1.079
43.93	1.081
45.60	1.084
47.34	1.086
49.14	1.088
51.01	1.091
52.96	1.094
54.97	1.096
57.07	1.099
59.24	1.102
61.50	1.105
63.84	1.108
66.27	1.112
68.79	1.115
71.41	1.119
74.13	1.123
76.96	1.126
79.89	1.131
82.93	1.135
86.09	1.139
89.37	1.144
92.77	1.149
96.31	1.154
99.97	1.159
103.8	1.165
107.7	1.171
111.8	1.177
116.1	1.184
120.5	1.190
125.1	1.197
129.9	1.205
134.8	1.213
140.0	1.221
145.3	1.230
150.8	1.239
156.6	1.248
162.5	1.258
168.7	1.269
175.1	1.280
181.8	1.292
188.7	1.304
195.9	1.317
203.4	1.331
211.1	1.345
219.2	1.360
227.5	1.376
236.2	1.393
245.2	1.410
254.5	1.429
264.2	1.448
274.3	1.469
284.7	1.490
295.6	1.512
306.8	1.536
318.5	1.561
330.6	1.587
343.2	1.614
356.3	1.643
369.9	1.673
384.0	1.704
398.6	1.737
413.8	1.772
429.5	1.808
445.9	1.845
462.9	1.885
480.5	1.926
498.8	1.969
517.8	2.014
537.5	2.060
558.0	2.109
579.2	2.160
601.3	2.212
624.2	2.267
648.0	2.324
672.6	2.384
698.3	2.445
724.9	2.510
752.5	2.577
781.1	2.647
810.9	2.720
841.8	2.796
873.8	2.876
907.1	2.960
941.6	3.050
977.5	3.144
1015.	3.244
1053.	3.353
1094.	3.470
1135.	3.597
1178.	3.737
1223.	3.891
1270.	4.064
1318.	4.259
1368.	4.482
1421.	4.734
1475.	5.015
1531.	5.345
1589.	5.725
1650.	6.159
1712.	6.655
1778.	7.221
1845.	7.859
1916.	8.582
1989.	9.387
2064.	10.28
2143.	11.27
2225.	12.37
2309.	13.58
2397.	14.91
2489.	16.36
2583.	17.94
2682.	19.69
2784.	21.58
2890.	23.64
3000.	25.87
 
 
E/N (Td)	Mobility *N (1/m/V/s)
0.1000E-02	0.1230E+26
0.1038E-02	0.1229E+26
0.1078E-02	0.1229E+26
0.1119E-02	0.1229E+26
0.1161E-02	0.1229E+26
0.1205E-02	0.1229E+26
0.1251E-02	0.1228E+26
0.1299E-02	0.1228E+26
0.1349E-02	0.1228E+26
0.1400E-02	0.1228E+26
0.1453E-02	0.1228E+26
0.1509E-02	0.1227E+26
0.1566E-02	0.1227E+26
0.1626E-02	0.1227E+26
0.1688E-02	0.1227E+26
0.1752E-02	0.1226E+26
0.1819E-02	0.1226E+26
0.1888E-02	0.1226E+26
0.1960E-02	0.1225E+26
0.2034E-02	0.1225E+26
0.2112E-02	0.1225E+26
0.2192E-02	0.1224E+26
0.2276E-02	0.1224E+26
0.2362E-02	0.1223E+26
0.2452E-02	0.1223E+26
0.2546E-02	0.1222E+26
0.2643E-02	0.1221E+26
0.2743E-02	0.1221E+26
0.2848E-02	0.1220E+26
0.2956E-02	0.1219E+26
0.3069E-02	0.1218E+26
0.3186E-02	0.1218E+26
0.3307E-02	0.1217E+26
0.3433E-02	0.1216E+26
0.3564E-02	0.1214E+26
0.3700E-02	0.1213E+26
0.3841E-02	0.1212E+26
0.3987E-02	0.1211E+26
0.4139E-02	0.1209E+26
0.4296E-02	0.1208E+26
0.4460E-02	0.1206E+26
0.4630E-02	0.1205E+26
0.4806E-02	0.1203E+26
0.4989E-02	0.1201E+26
0.5179E-02	0.1199E+26
0.5377E-02	0.1197E+26
0.5581E-02	0.1194E+26
0.5794E-02	0.1192E+26
0.6015E-02	0.1189E+26
0.6244E-02	0.1187E+26
0.6481E-02	0.1184E+26
0.6728E-02	0.1181E+26
0.6985E-02	0.1178E+26
0.7251E-02	0.1174E+26
0.7527E-02	0.1171E+26
0.7813E-02	0.1167E+26
0.8111E-02	0.1163E+26
0.8420E-02	0.1159E+26
0.8741E-02	0.1155E+26
0.9073E-02	0.1150E+26
0.9419E-02	0.1145E+26
0.9778E-02	0.1140E+26
0.1015E-01	0.1135E+26
0.1054E-01	0.1130E+26
0.1094E-01	0.1124E+26
0.1135E-01	0.1118E+26
0.1179E-01	0.1112E+26
0.1224E-01	0.1106E+26
0.1270E-01	0.1100E+26
0.1319E-01	0.1093E+26
0.1369E-01	0.1086E+26
0.1421E-01	0.1079E+26
0.1475E-01	0.1071E+26
0.1531E-01	0.1063E+26
0.1590E-01	0.1055E+26
0.1650E-01	0.1047E+26
0.1713E-01	0.1039E+26
0.1778E-01	0.1030E+26
0.1846E-01	0.1021E+26
0.1916E-01	0.1012E+26
0.1989E-01	0.1003E+26
0.2065E-01	0.9935E+25
0.2144E-01	0.9837E+25
0.2225E-01	0.9738E+25
0.2310E-01	0.9637E+25
0.2398E-01	0.9534E+25
0.2489E-01	0.9429E+25
0.2584E-01	0.9322E+25
0.2682E-01	0.9213E+25
0.2785E-01	0.9104E+25
0.2891E-01	0.8992E+25
0.3001E-01	0.8879E+25
0.3115E-01	0.8765E+25
0.3234E-01	0.8649E+25
0.3357E-01	0.8532E+25
0.3485E-01	0.8415E+25
0.3617E-01	0.8296E+25
0.3755E-01	0.8177E+25
0.3898E-01	0.8057E+25
0.4047E-01	0.7936E+25
0.4201E-01	0.7815E+25
0.4361E-01	0.7694E+25
0.4527E-01	0.7572E+25
0.4699E-01	0.7450E+25
0.4878E-01	0.7327E+25
0.5064E-01	0.7205E+25
0.5257E-01	0.7083E+25
0.5457E-01	0.6961E+25
0.5665E-01	0.6839E+25
0.5881E-01	0.6718E+25
0.6105E-01	0.6598E+25
0.6337E-01	0.6478E+25
0.6579E-01	0.6358E+25
0.6829E-01	0.6240E+25
0.7089E-01	0.6122E+25
0.7359E-01	0.6006E+25
0.7640E-01	0.5891E+25
0.7931E-01	0.5776E+25
0.8233E-01	0.5664E+25
0.8546E-01	0.5552E+25
0.8872E-01	0.5442E+25
0.9210E-01	0.5334E+25
0.9560E-01	0.5227E+25
0.9924E-01	0.5121E+25
0.1030	0.5018E+25
0.1069	0.4916E+25
0.1110	0.4816E+25
0.1152	0.4718E+25
0.1196	0.4621E+25
0.1242	0.4526E+25
0.1289	0.4433E+25
0.1338	0.4342E+25
0.1389	0.4252E+25
0.1442	0.4164E+25
0.1497	0.4078E+25
0.1554	0.3994E+25
0.1613	0.3911E+25
0.1675	0.3829E+25
0.1739	0.3749E+25
0.1805	0.3671E+25
0.1874	0.3594E+25
0.1945	0.3518E+25
0.2019	0.3443E+25
0.2096	0.3370E+25
0.2176	0.3298E+25
0.2259	0.3227E+25
0.2345	0.3157E+25
0.2434	0.3089E+25
0.2527	0.3021E+25
0.2623	0.2955E+25
0.2723	0.2889E+25
0.2826	0.2825E+25
0.2934	0.2762E+25
0.3046	0.2699E+25
0.3162	0.2638E+25
0.3282	0.2578E+25
0.3407	0.2518E+25
0.3537	0.2460E+25
0.3672	0.2403E+25
0.3812	0.2346E+25
0.3957	0.2291E+25
0.4107	0.2237E+25
0.4264	0.2183E+25
0.4426	0.2131E+25
0.4595	0.2080E+25
0.4770	0.2029E+25
0.4952	0.1980E+25
0.5140	0.1932E+25
0.5336	0.1884E+25
0.5539	0.1838E+25
0.5750	0.1793E+25
0.5969	0.1748E+25
0.6196	0.1705E+25
0.6432	0.1662E+25
0.6677	0.1621E+25
0.6932	0.1580E+25
0.7196	0.1541E+25
0.7470	0.1502E+25
0.7754	0.1464E+25
0.8050	0.1427E+25
0.8356	0.1391E+25
0.8674	0.1355E+25
0.9005	0.1321E+25
0.9348	0.1287E+25
0.9704	0.1254E+25
1.007	0.1222E+25
1.046	0.1191E+25
1.086	0.1160E+25
1.127	0.1130E+25
1.170	0.1101E+25
1.214	0.1073E+25
1.261	0.1045E+25
1.309	0.1018E+25
1.358	0.9915E+24
1.410	0.9657E+24
1.464	0.9406E+24
1.520	0.9162E+24
1.578	0.8923E+24
1.638	0.8690E+24
1.700	0.8463E+24
1.765	0.8242E+24
1.832	0.8027E+24
1.902	0.7817E+24
1.974	0.7613E+24
2.049	0.7413E+24
2.127	0.7220E+24
2.208	0.7032E+24
2.293	0.6850E+24
2.380	0.6672E+24
2.470	0.6500E+24
2.565	0.6332E+24
2.662	0.6172E+24
2.764	0.6015E+24
2.869	0.5864E+24
2.978	0.5718E+24
3.092	0.5576E+24
3.209	0.5440E+24
3.332	0.5309E+24
3.458	0.5183E+24
3.590	0.5062E+24
3.727	0.4946E+24
3.869	0.4834E+24
4.016	0.4726E+24
4.169	0.4624E+24
4.328	0.4525E+24
4.493	0.4431E+24
4.664	0.4341E+24
4.841	0.4257E+24
5.026	0.4176E+24
5.217	0.4101E+24
5.416	0.4031E+24
5.622	0.3966E+24
5.836	0.3908E+24
6.059	0.3855E+24
6.289	0.3809E+24
6.529	0.3770E+24
6.778	0.3737E+24
7.036	0.3710E+24
7.304	0.3689E+24
7.582	0.3674E+24
7.871	0.3663E+24
8.170	0.3656E+24
8.482	0.3652E+24
8.805	0.3652E+24
9.140	0.3654E+24
9.488	0.3658E+24
9.849	0.3663E+24
10.22	0.3669E+24
10.61	0.3676E+24
11.02	0.3683E+24
11.44	0.3691E+24
11.87	0.3698E+24
12.33	0.3705E+24
12.80	0.3712E+24
13.28	0.3719E+24
13.79	0.3725E+24
14.31	0.3731E+24
14.86	0.3736E+24
15.42	0.3740E+24
16.01	0.3744E+24
16.62	0.3748E+24
17.25	0.3750E+24
17.91	0.3753E+24
18.59	0.3755E+24
19.30	0.3756E+24
20.04	0.3757E+24
20.80	0.3757E+24
21.59	0.3757E+24
22.42	0.3756E+24
23.27	0.3755E+24
24.16	0.3754E+24
25.08	0.3752E+24
26.03	0.3749E+24
27.02	0.3747E+24
28.05	0.3744E+24
29.12	0.3740E+24
30.23	0.3737E+24
31.38	0.3733E+24
32.57	0.3728E+24
33.82	0.3724E+24
35.10	0.3719E+24
36.44	0.3714E+24
37.83	0.3708E+24
39.27	0.3703E+24
40.76	0.3697E+24
42.32	0.3691E+24
43.93	0.3684E+24
45.60	0.3678E+24
47.34	0.3671E+24
49.14	0.3664E+24
51.01	0.3657E+24
52.96	0.3649E+24
54.97	0.3642E+24
57.07	0.3634E+24
59.24	0.3626E+24
61.50	0.3618E+24
63.84	0.3610E+24
66.27	0.3602E+24
68.79	0.3593E+24
71.41	0.3585E+24
74.13	0.3576E+24
76.96	0.3567E+24
79.89	0.3558E+24
82.93	0.3549E+24
86.09	0.3539E+24
89.37	0.3530E+24
92.77	0.3521E+24
96.31	0.3511E+24
99.97	0.3502E+24
103.8	0.3492E+24
107.7	0.3482E+24
111.8	0.3473E+24
116.1	0.3463E+24
120.5	0.3453E+24
125.1	0.3443E+24
129.9	0.3433E+24
134.8	0.3423E+24
140.0	0.3414E+24
145.3	0.3404E+24
150.8	0.3394E+24
156.6	0.3385E+24
162.5	0.3375E+24
168.7	0.3366E+24
175.1	0.3356E+24
181.8	0.3347E+24
188.7	0.3338E+24
195.9	0.3328E+24
203.4	0.3319E+24
211.1	0.3310E+24
219.2	0.3302E+24
227.5	0.3293E+24
236.2	0.3284E+24
245.2	0.3276E+24
254.5	0.3268E+24
264.2	0.3260E+24
274.3	0.3252E+24
284.7	0.3245E+24
295.6	0.3237E+24
306.8	0.3230E+24
318.5	0.3223E+24
330.6	0.3216E+24
343.2	0.3209E+24
356.3	0.3203E+24
369.9	0.3197E+24
384.0	0.3191E+24
398.6	0.3185E+24
413.8	0.3179E+24
429.5	0.3173E+24
445.9	0.3168E+24
462.9	0.3163E+24
480.5	0.3158E+24
498.8	0.3153E+24
517.8	0.3148E+24
537.5	0.3144E+24
558.0	0.3139E+24
579.2	0.3134E+24
601.3	0.3130E+24
624.2	0.3126E+24
648.0	0.3121E+24
672.6	0.3117E+24
698.3	0.3113E+24
724.9	0.3109E+24
752.5	0.3106E+24
781.1	0.3102E+24
810.9	0.3099E+24
841.8	0.3097E+24
873.8	0.3094E+24
907.1	0.3093E+24
941.6	0.3096E+24
977.5	0.3097E+24
1015.	0.3099E+24
1053.	0.3105E+24
1094.	0.3112E+24
1135.	0.3122E+24
1178.	0.3136E+24
1223.	0.3151E+24
1270.	0.3172E+24
1318.	0.3200E+24
1368.	0.3231E+24
1421.	0.3268E+24
1475.	0.3304E+24
1531.	0.3352E+24
1589.	0.3407E+24
1650.	0.3467E+24
1712.	0.3533E+24
1778.	0.3604E+24
1845.	0.3679E+24
1916.	0.3759E+24
1989.	0.3840E+24
2064.	0.3923E+24
2143.	0.4004E+24
2225.	0.4088E+24
2309.	0.4172E+24
2397.	0.4256E+24
2489.	0.4338E+24
2583.	0.4417E+24
2682.	0.4495E+24
2784.	0.4571E+24
2890.	0.4643E+24
3000.	0.4710E+24
 
 
E/N (Td)	Diffusion coefficient *N (1/m/s)
0.1000E-02	0.3186E+24
0.1038E-02	0.3186E+24
0.1078E-02	0.3186E+24
0.1119E-02	0.3186E+24
0.1161E-02	0.3186E+24
0.1205E-02	0.3186E+24
0.1251E-02	0.3187E+24
0.1299E-02	0.3187E+24
0.1349E-02	0.3187E+24
0.1400E-02	0.3187E+24
0.1453E-02	0.3187E+24
0.1509E-02	0.3187E+24
0.1566E-02	0.3187E+24
0.1626E-02	0.3187E+24
0.1688E-02	0.3188E+24
0.1752E-02	0.3188E+24
0.1819E-02	0.3188E+24
0.1888E-02	0.3188E+24
0.1960E-02	0.3188E+24
0.2034E-02	0.3189E+24
0.2112E-02	0.3189E+24
0.2192E-02	0.3189E+24
0.2276E-02	0.3190E+24
0.2362E-02	0.3190E+24
0.2452E-02	0.3190E+24
0.2546E-02	0.3191E+24
0.2643E-02	0.3191E+24
0.2743E-02	0.3191E+24
0.2848E-02	0.3192E+24
0.2956E-02	0.3192E+24
0.3069E-02	0.3193E+24
0.3186E-02	0.3194E+24
0.3307E-02	0.3194E+24
0.3433E-02	0.3195E+24
0.3564E-02	0.3196E+24
0.3700E-02	0.3196E+24
0.3841E-02	0.3197E+24
0.3987E-02	0.3198E+24
0.4139E-02	0.3199E+24
0.4296E-02	0.3200E+24
0.4460E-02	0.3201E+24
0.4630E-02	0.3202E+24
0.4806E-02	0.3203E+24
0.4989E-02	0.3205E+24
0.5179E-02	0.3206E+24
0.5377E-02	0.3207E+24
0.5581E-02	0.3209E+24
0.5794E-02	0.3211E+24
0.6015E-02	0.3212E+24
0.6244E-02	0.3214E+24
0.6481E-02	0.3216E+24
0.6728E-02	0.3218E+24
0.6985E-02	0.3221E+24
0.7251E-02	0.3223E+24
0.7527E-02	0.3225E+24
0.7813E-02	0.3228E+24
0.8111E-02	0.3231E+24
0.8420E-02	0.3234E+24
0.8741E-02	0.3237E+24
0.9073E-02	0.3240E+24
0.9419E-02	0.3243E+24
0.9778E-02	0.3247E+24
0.1015E-01	0.3251E+24
0.1054E-01	0.3254E+24
0.1094E-01	0.3259E+24
0.1135E-01	0.3263E+24
0.1179E-01	0.3267E+24
0.1224E-01	0.3272E+24
0.1270E-01	0.3277E+24
0.1319E-01	0.3282E+24
0.1369E-01	0.3287E+24
0.1421E-01	0.3293E+24
0.1475E-01	0.3298E+24
0.1531E-01	0.3304E+24
0.1590E-01	0.3310E+24
0.1650E-01	0.3317E+24
0.1713E-01	0.3323E+24
0.1778E-01	0.3330E+24
0.1846E-01	0.3337E+24
0.1916E-01	0.3344E+24
0.1989E-01	0.3351E+24
0.2065E-01	0.3358E+24
0.2144E-01	0.3366E+24
0.2225E-01	0.3374E+24
0.2310E-01	0.3381E+24
0.2398E-01	0.3390E+24
0.2489E-01	0.3398E+24
0.2584E-01	0.3406E+24
0.2682E-01	0.3415E+24
0.2785E-01	0.3423E+24
0.2891E-01	0.3432E+24
0.3001E-01	0.3441E+24
0.3115E-01	0.3449E+24
0.3234E-01	0.3458E+24
0.3357E-01	0.3467E+24
0.3485E-01	0.3476E+24
0.3617E-01	0.3485E+24
0.3755E-01	0.3494E+24
0.3898E-01	0.3503E+24
0.4047E-01	0.3511E+24
0.4201E-01	0.3520E+24
0.4361E-01	0.3529E+24
0.4527E-01	0.3538E+24
0.4699E-01	0.3547E+24
0.4878E-01	0.3555E+24
0.5064E-01	0.3564E+24
0.5257E-01	0.3572E+24
0.5457E-01	0.3580E+24
0.5665E-01	0.3588E+24
0.5881E-01	0.3596E+24
0.6105E-01	0.3603E+24
0.6337E-01	0.3611E+24
0.6579E-01	0.3618E+24
0.6829E-01	0.3625E+24
0.7089E-01	0.3631E+24
0.7359E-01	0.3638E+24
0.7640E-01	0.3644E+24
0.7931E-01	0.3650E+24
0.8233E-01	0.3655E+24
0.8546E-01	0.3661E+24
0.8872E-01	0.3666E+24
0.9210E-01	0.3670E+24
0.9560E-01	0.3675E+24
0.9924E-01	0.3679E+24
0.1030	0.3683E+24
0.1069	0.3687E+24
0.1110	0.3691E+24
0.1152	0.3694E+24
0.1196	0.3697E+24
0.1242	0.3700E+24
0.1289	0.3703E+24
0.1338	0.3706E+24
0.1389	0.3708E+24
0.1442	0.3710E+24
0.1497	0.3713E+24
0.1554	0.3715E+24
0.1613	0.3717E+24
0.1675	0.3719E+24
0.1739	0.3720E+24
0.1805	0.3722E+24
0.1874	0.3724E+24
0.1945	0.3725E+24
0.2019	0.3726E+24
0.2096	0.3728E+24
0.2176	0.3729E+24
0.2259	0.3730E+24
0.2345	0.3731E+24
0.2434	0.3732E+24
0.2527	0.3733E+24
0.2623	0.3733E+24
0.2723	0.3733E+24
0.2826	0.3733E+24
0.2934	0.3734E+24
0.3046	0.3734E+24
0.3162	0.3733E+24
0.3282	0.3733E+24
0.3407	0.3732E+24
0.3537	0.3731E+24
0.3672	0.3730E+24
0.3812	0.3729E+24
0.3957	0.3727E+24
0.4107	0.3726E+24
0.4264	0.3723E+24
0.4426	0.3721E+24
0.4595	0.3718E+24
0.4770	0.3715E+24
0.4952	0.3711E+24
0.5140	0.3708E+24
0.5336	0.3704E+24
0.5539	0.3700E+24
0.5750	0.3695E+24
0.5969	0.3691E+24
0.6196	0.3685E+24
0.6432	0.3680E+24
0.6677	0.3674E+24
0.6932	0.3668E+24
0.7196	0.3662E+24
0.7470	0.3655E+24
0.7754	0.3648E+24
0.8050	0.3642E+24
0.8356	0.3635E+24
0.8674	0.3627E+24
0.9005	0.3619E+24
0.9348	0.3610E+24
0.9704	0.3601E+24
1.007	0.3592E+24
1.046	0.3583E+24
1.086	0.3574E+24
1.127	0.3564E+24
1.170	0.3553E+24
1.214	0.3542E+24
1.261	0.3532E+24
1.309	0.3521E+24
1.358	0.3510E+24
1.410	0.3499E+24
1.464	0.3488E+24
1.520	0.3476E+24
1.578	0.3464E+24
1.638	0.3452E+24
1.700	0.3440E+24
1.765	0.3427E+24
1.832	0.3414E+24
1.902	0.3402E+24
1.974	0.3389E+24
2.049	0.3375E+24
2.127	0.3363E+24
2.208	0.3349E+24
2.293	0.3336E+24
2.380	0.3322E+24
2.470	0.3308E+24
2.565	0.3294E+24
2.662	0.3280E+24
2.764	0.3266E+24
2.869	0.3253E+24
2.978	0.3239E+24
3.092	0.3224E+24
3.209	0.3211E+24
3.332	0.3198E+24
3.458	0.3185E+24
3.590	0.3172E+24
3.727	0.3160E+24
3.869	0.3148E+24
4.016	0.3137E+24
4.169	0.3126E+24
4.328	0.3117E+24
4.493	0.3108E+24
4.664	0.3100E+24
4.841	0.3094E+24
5.026	0.3089E+24
5.217	0.3084E+24
5.416	0.3082E+24
5.622	0.3080E+24
5.836	0.3080E+24
6.059	0.3081E+24
6.289	0.3084E+24
6.529	0.3087E+24
6.778	0.3092E+24
7.036	0.3097E+24
7.304	0.3103E+24
7.582	0.3109E+24
7.871	0.3115E+24
8.170	0.3122E+24
8.482	0.3129E+24
8.805	0.3136E+24
9.140	0.3143E+24
9.488	0.3150E+24
9.849	0.3156E+24
10.22	0.3162E+24
10.61	0.3168E+24
11.02	0.3173E+24
11.44	0.3178E+24
11.87	0.3183E+24
12.33	0.3188E+24
12.80	0.3192E+24
13.28	0.3196E+24
13.79	0.3200E+24
14.31	0.3204E+24
14.86	0.3207E+24
15.42	0.3210E+24
16.01	0.3214E+24
16.62	0.3216E+24
17.25	0.3219E+24
17.91	0.3222E+24
18.59	0.3224E+24
19.30	0.3226E+24
20.04	0.3229E+24
20.80	0.3231E+24
21.59	0.3233E+24
22.42	0.3235E+24
23.27	0.3237E+24
24.16	0.3239E+24
25.08	0.3241E+24
26.03	0.3243E+24
27.02	0.3245E+24
28.05	0.3246E+24
29.12	0.3248E+24
30.23	0.3250E+24
31.38	0.3251E+24
32.57	0.3253E+24
33.82	0.3255E+24
35.10	0.3257E+24
36.44	0.3258E+24
37.83	0.3260E+24
39.27	0.3262E+24
40.76	0.3264E+24
42.32	0.3266E+24
43.93	0.3267E+24
45.60	0.3268E+24
47.34	0.3270E+24
49.14	0.3272E+24
51.01	0.3274E+24
52.96	0.3277E+24
54.97	0.3279E+24
57.07	0.3281E+24
59.24	0.3283E+24
61.50	0.3286E+24
63.84	0.3286E+24
66.27	0.3288E+24
68.79	0.3291E+24
71.41	0.3294E+24
74.13	0.3297E+24
76.96	0.3301E+24
79.89	0.3304E+24
82.93	0.3308E+24
86.09	0.3312E+24
89.37	0.3320E+24
92.77	0.3324E+24
96.31	0.3329E+24
99.97	0.3334E+24
103.8	0.3339E+24
107.7	0.3345E+24
111.8	0.3351E+24
116.1	0.3357E+24
120.5	0.3364E+24
125.1	0.3366E+24
129.9	0.3373E+24
134.8	0.3382E+24
140.0	0.3391E+24
145.3	0.3400E+24
150.8	0.3411E+24
156.6	0.3422E+24
162.5	0.3433E+24
168.7	0.3446E+24
175.1	0.3460E+24
181.8	0.3474E+24
188.7	0.3490E+24
195.9	0.3506E+24
203.4	0.3524E+24
211.1	0.3542E+24
219.2	0.3562E+24
227.5	0.3584E+24
236.2	0.3607E+24
245.2	0.3631E+24
254.5	0.3658E+24
264.2	0.3686E+24
274.3	0.3716E+24
284.7	0.3747E+24
295.6	0.3781E+24
306.8	0.3817E+24
318.5	0.3855E+24
330.6	0.3896E+24
343.2	0.3939E+24
356.3	0.3985E+24
369.9	0.4033E+24
384.0	0.4085E+24
398.6	0.4139E+24
413.8	0.4196E+24
429.5	0.4256E+24
445.9	0.4321E+24
462.9	0.4388E+24
480.5	0.4458E+24
498.8	0.4533E+24
517.8	0.4611E+24
537.5	0.4694E+24
558.0	0.4779E+24
579.2	0.4870E+24
601.3	0.4964E+24
624.2	0.5063E+24
648.0	0.5166E+24
672.6	0.5274E+24
698.3	0.5388E+24
724.9	0.5507E+24
752.5	0.5632E+24
781.1	0.5764E+24
810.9	0.5905E+24
841.8	0.6054E+24
873.8	0.6212E+24
907.1	0.6387E+24
941.6	0.6588E+24
977.5	0.6800E+24
1015.	0.7038E+24
1053.	0.7313E+24
1094.	0.7627E+24
1135.	0.7989E+24
1178.	0.8420E+24
1223.	0.8926E+24
1270.	0.9527E+24
1318.	0.1026E+25
1368.	0.1114E+25
1421.	0.1217E+25
1475.	0.1334E+25
1531.	0.1479E+25
1589.	0.1651E+25
1650.	0.1851E+25
1712.	0.2081E+25
1778.	0.2346E+25
1845.	0.2645E+25
1916.	0.2983E+25
1989.	0.3356E+25
2064.	0.3766E+25
2143.	0.4216E+25
2225.	0.4707E+25
2309.	0.5239E+25
2397.	0.5820E+25
2489.	0.6442E+25
2583.	0.7112E+25
2682.	0.7843E+25
2784.	0.8621E+25
2890.	0.9460E+25
3000.	0.1036E+26
 
 
E/N (Td)	Energy mobility *N (1/m/V/s)
0.1000E-02	0.1412E+26
0.1038E-02	0.1413E+26
0.1078E-02	0.1413E+26
0.1119E-02	0.1413E+26
0.1161E-02	0.1413E+26
0.1205E-02	0.1413E+26
0.1251E-02	0.1413E+26
0.1299E-02	0.1413E+26
0.1349E-02	0.1413E+26
0.1400E-02	0.1412E+26
0.1453E-02	0.1412E+26
0.1509E-02	0.1412E+26
0.1566E-02	0.1412E+26
0.1626E-02	0.1412E+26
0.1688E-02	0.1412E+26
0.1752E-02	0.1412E+26
0.1819E-02	0.1412E+26
0.1888E-02	0.1411E+26
0.1960E-02	0.1411E+26
0.2034E-02	0.1411E+26
0.2112E-02	0.1411E+26
0.2192E-02	0.1410E+26
0.2276E-02	0.1410E+26
0.2362E-02	0.1410E+26
0.2452E-02	0.1410E+26
0.2546E-02	0.1409E+26
0.2643E-02	0.1409E+26
0.2743E-02	0.1409E+26
0.2848E-02	0.1408E+26
0.2956E-02	0.1408E+26
0.3069E-02	0.1407E+26
0.3186E-02	0.1407E+26
0.3307E-02	0.1406E+26
0.3433E-02	0.1406E+26
0.3564E-02	0.1405E+26
0.3700E-02	0.1405E+26
0.3841E-02	0.1404E+26
0.3987E-02	0.1403E+26
0.4139E-02	0.1402E+26
0.4296E-02	0.1401E+26
0.4460E-02	0.1401E+26
0.4630E-02	0.1400E+26
0.4806E-02	0.1399E+26
0.4989E-02	0.1397E+26
0.5179E-02	0.1396E+26
0.5377E-02	0.1395E+26
0.5581E-02	0.1394E+26
0.5794E-02	0.1392E+26
0.6015E-02	0.1391E+26
0.6244E-02	0.1389E+26
0.6481E-02	0.1387E+26
0.6728E-02	0.1385E+26
0.6985E-02	0.1383E+26
0.7251E-02	0.1381E+26
0.7527E-02	0.1379E+26
0.7813E-02	0.1376E+26
0.8111E-02	0.1374E+26
0.8420E-02	0.1371E+26
0.8741E-02	0.1368E+26
0.9073E-02	0.1365E+26
0.9419E-02	0.1362E+26
0.9778E-02	0.1358E+26
0.1015E-01	0.1355E+26
0.1054E-01	0.1351E+26
0.1094E-01	0.1347E+26
0.1135E-01	0.1343E+26
0.1179E-01	0.1338E+26
0.1224E-01	0.1333E+26
0.1270E-01	0.1328E+26
0.1319E-01	0.1323E+26
0.1369E-01	0.1318E+26
0.1421E-01	0.1312E+26
0.1475E-01	0.1306E+26
0.1531E-01	0.1300E+26
0.1590E-01	0.1293E+26
0.1650E-01	0.1286E+26
0.1713E-01	0.1279E+26
0.1778E-01	0.1272E+26
0.1846E-01	0.1264E+26
0.1916E-01	0.1256E+26
0.1989E-01	0.1248E+26
0.2065E-01	0.1239E+26
0.2144E-01	0.1230E+26
0.2225E-01	0.1221E+26
0.2310E-01	0.1211E+26
0.2398E-01	0.1202E+26
0.2489E-01	0.1192E+26
0.2584E-01	0.1181E+26
0.2682E-01	0.1171E+26
0.2785E-01	0.1160E+26
0.2891E-01	0.1149E+26
0.3001E-01	0.1137E+26
0.3115E-01	0.1126E+26
0.3234E-01	0.1114E+26
0.3357E-01	0.1101E+26
0.3485E-01	0.1089E+26
0.3617E-01	0.1077E+26
0.3755E-01	0.1064E+26
0.3898E-01	0.1051E+26
0.4047E-01	0.1038E+26
0.4201E-01	0.1024E+26
0.4361E-01	0.1011E+26
0.4527E-01	0.9975E+25
0.4699E-01	0.9838E+25
0.4878E-01	0.9700E+25
0.5064E-01	0.9562E+25
0.5257E-01	0.9423E+25
0.5457E-01	0.9283E+25
0.5665E-01	0.9143E+25
0.5881E-01	0.9003E+25
0.6105E-01	0.8862E+25
0.6337E-01	0.8722E+25
0.6579E-01	0.8582E+25
0.6829E-01	0.8443E+25
0.7089E-01	0.8304E+25
0.7359E-01	0.8166E+25
0.7640E-01	0.8028E+25
0.7931E-01	0.7892E+25
0.8233E-01	0.7757E+25
0.8546E-01	0.7622E+25
0.8872E-01	0.7490E+25
0.9210E-01	0.7358E+25
0.9560E-01	0.7228E+25
0.9924E-01	0.7099E+25
0.1030	0.6972E+25
0.1069	0.6847E+25
0.1110	0.6723E+25
0.1152	0.6601E+25
0.1196	0.6480E+25
0.1242	0.6361E+25
0.1289	0.6243E+25
0.1338	0.6127E+25
0.1389	0.6013E+25
0.1442	0.5900E+25
0.1497	0.5789E+25
0.1554	0.5678E+25
0.1613	0.5570E+25
0.1675	0.5462E+25
0.1739	0.5356E+25
0.1805	0.5251E+25
0.1874	0.5147E+25
0.1945	0.5045E+25
0.2019	0.4943E+25
0.2096	0.4843E+25
0.2176	0.4744E+25
0.2259	0.4646E+25
0.2345	0.4549E+25
0.2434	0.4454E+25
0.2527	0.4359E+25
0.2623	0.4266E+25
0.2723	0.4174E+25
0.2826	0.4083E+25
0.2934	0.3994E+25
0.3046	0.3905E+25
0.3162	0.3818E+25
0.3282	0.3732E+25
0.3407	0.3648E+25
0.3537	0.3565E+25
0.3672	0.3483E+25
0.3812	0.3403E+25
0.3957	0.3324E+25
0.4107	0.3247E+25
0.4264	0.3170E+25
0.4426	0.3096E+25
0.4595	0.3022E+25
0.4770	0.2950E+25
0.4952	0.2880E+25
0.5140	0.2811E+25
0.5336	0.2743E+25
0.5539	0.2677E+25
0.5750	0.2612E+25
0.5969	0.2548E+25
0.6196	0.2486E+25
0.6432	0.2425E+25
0.6677	0.2365E+25
0.6932	0.2307E+25
0.7196	0.2250E+25
0.7470	0.2194E+25
0.7754	0.2140E+25
0.8050	0.2086E+25
0.8356	0.2034E+25
0.8674	0.1983E+25
0.9005	0.1934E+25
0.9348	0.1885E+25
0.9704	0.1838E+25
1.007	0.1791E+25
1.046	0.1746E+25
1.086	0.1702E+25
1.127	0.1659E+25
1.170	0.1617E+25
1.214	0.1575E+25
1.261	0.1535E+25
1.309	0.1496E+25
1.358	0.1458E+25
1.410	0.1420E+25
1.464	0.1384E+25
1.520	0.1348E+25
1.578	0.1313E+25
1.638	0.1280E+25
1.700	0.1246E+25
1.765	0.1214E+25
1.832	0.1183E+25
1.902	0.1152E+25
1.974	0.1122E+25
2.049	0.1095E+25
2.127	0.1066E+25
2.208	0.1038E+25
2.293	0.1012E+25
2.380	0.9862E+24
2.470	0.9613E+24
2.565	0.9386E+24
2.662	0.9143E+24
2.764	0.8918E+24
2.869	0.8701E+24
2.978	0.8491E+24
3.092	0.8304E+24
3.209	0.8111E+24
3.332	0.7925E+24
3.458	0.7747E+24
3.590	0.7576E+24
3.727	0.7413E+24
3.869	0.7256E+24
4.016	0.7105E+24
4.169	0.6961E+24
4.328	0.6824E+24
4.493	0.6693E+24
4.664	0.6568E+24
4.841	0.6445E+24
5.026	0.6336E+24
5.217	0.6231E+24
5.416	0.6133E+24
5.622	0.6042E+24
5.836	0.5958E+24
6.059	0.5881E+24
6.289	0.5811E+24
6.529	0.5749E+24
6.778	0.5694E+24
7.036	0.5645E+24
7.304	0.5603E+24
7.582	0.5566E+24
7.871	0.5535E+24
8.170	0.5508E+24
8.482	0.5485E+24
8.805	0.5466E+24
9.140	0.5450E+24
9.488	0.5436E+24
9.849	0.5425E+24
10.22	0.5416E+24
10.61	0.5408E+24
11.02	0.5401E+24
11.44	0.5396E+24
11.87	0.5391E+24
12.33	0.5387E+24
12.80	0.5384E+24
13.28	0.5381E+24
13.79	0.5379E+24
14.31	0.5377E+24
14.86	0.5375E+24
15.42	0.5373E+24
16.01	0.5372E+24
16.62	0.5370E+24
17.25	0.5369E+24
17.91	0.5368E+24
18.59	0.5366E+24
19.30	0.5365E+24
20.04	0.5364E+24
20.80	0.5362E+24
21.59	0.5361E+24
22.42	0.5359E+24
23.27	0.5358E+24
24.16	0.5356E+24
25.08	0.5355E+24
26.03	0.5353E+24
27.02	0.5351E+24
28.05	0.5349E+24
29.12	0.5347E+24
30.23	0.5345E+24
31.38	0.5343E+24
32.57	0.5341E+24
33.82	0.5339E+24
35.10	0.5336E+24
36.44	0.5334E+24
37.83	0.5331E+24
39.27	0.5328E+24
40.76	0.5326E+24
42.32	0.5323E+24
43.93	0.5320E+24
45.60	0.5317E+24
47.34	0.5313E+24
49.14	0.5310E+24
51.01	0.5307E+24
52.96	0.5303E+24
54.97	0.5299E+24
57.07	0.5296E+24
59.24	0.5292E+24
61.50	0.5288E+24
63.84	0.5284E+24
66.27	0.5280E+24
68.79	0.5275E+24
71.41	0.5271E+24
74.13	0.5266E+24
76.96	0.5262E+24
79.89	0.5257E+24
82.93	0.5252E+24
86.09	0.5247E+24
89.37	0.5242E+24
92.77	0.5237E+24
96.31	0.5232E+24
99.97	0.5226E+24
103.8	0.5221E+24
107.7	0.5215E+24
111.8	0.5210E+24
116.1	0.5204E+24
120.5	0.5199E+24
125.1	0.5193E+24
129.9	0.5188E+24
134.8	0.5182E+24
140.0	0.5177E+24
145.3	0.5172E+24
150.8	0.5166E+24
156.6	0.5161E+24
162.5	0.5156E+24
168.7	0.5151E+24
175.1	0.5147E+24
181.8	0.5142E+24
188.7	0.5138E+24
195.9	0.5134E+24
203.4	0.5130E+24
211.1	0.5126E+24
219.2	0.5123E+24
227.5	0.5119E+24
236.2	0.5117E+24
245.2	0.5114E+24
254.5	0.5112E+24
264.2	0.5110E+24
274.3	0.5108E+24
284.7	0.5107E+24
295.6	0.5106E+24
306.8	0.5105E+24
318.5	0.5105E+24
330.6	0.5104E+24
343.2	0.5104E+24
356.3	0.5104E+24
369.9	0.5104E+24
384.0	0.5105E+24
398.6	0.5105E+24
413.8	0.5105E+24
429.5	0.5106E+24
445.9	0.5106E+24
462.9	0.5107E+24
480.5	0.5107E+24
498.8	0.5107E+24
517.8	0.5107E+24
537.5	0.5107E+24
558.0	0.5107E+24
579.2	0.5107E+24
601.3	0.5106E+24
624.2	0.5106E+24
648.0	0.5107E+24
672.6	0.5108E+24
698.3	0.5109E+24
724.9	0.5113E+24
752.5	0.5118E+24
781.1	0.5126E+24
810.9	0.5137E+24
841.8	0.5153E+24
873.8	0.5174E+24
907.1	0.5202E+24
941.6	0.5246E+24
977.5	0.5295E+24
1015.	0.5357E+24
1053.	0.5437E+24
1094.	0.5534E+24
1135.	0.5651E+24
1178.	0.5796E+24
1223.	0.5965E+24
1270.	0.6163E+24
1318.	0.6396E+24
1368.	0.6665E+24
1421.	0.6952E+24
1475.	0.7239E+24
1531.	0.7571E+24
1589.	0.7917E+24
1650.	0.8263E+24
1712.	0.8603E+24
1778.	0.8932E+24
1845.	0.9233E+24
1916.	0.9511E+24
1989.	0.9749E+24
2064.	0.9951E+24
2143.	0.1012E+25
2225.	0.1025E+25
2309.	0.1035E+25
2397.	0.1043E+25
2489.	0.1047E+25
2583.	0.1050E+25
2682.	0.1050E+25
2784.	0.1049E+25
2890.	0.1047E+25
3000.	0.1043E+25
 
 
E/N (Td)	Energy diffusion coef. D*N (1/m/s)
0.1000E-02	0.3654E+24
0.1038E-02	0.3652E+24
0.1078E-02	0.3652E+24
0.1119E-02	0.3652E+24
0.1161E-02	0.3652E+24
0.1205E-02	0.3652E+24
0.1251E-02	0.3652E+24
0.1299E-02	0.3652E+24
0.1349E-02	0.3652E+24
0.1400E-02	0.3652E+24
0.1453E-02	0.3652E+24
0.1509E-02	0.3652E+24
0.1566E-02	0.3652E+24
0.1626E-02	0.3652E+24
0.1688E-02	0.3652E+24
0.1752E-02	0.3652E+24
0.1819E-02	0.3652E+24
0.1888E-02	0.3652E+24
0.1960E-02	0.3653E+24
0.2034E-02	0.3653E+24
0.2112E-02	0.3653E+24
0.2192E-02	0.3653E+24
0.2276E-02	0.3653E+24
0.2362E-02	0.3653E+24
0.2452E-02	0.3653E+24
0.2546E-02	0.3653E+24
0.2643E-02	0.3653E+24
0.2743E-02	0.3654E+24
0.2848E-02	0.3654E+24
0.2956E-02	0.3654E+24
0.3069E-02	0.3654E+24
0.3186E-02	0.3654E+24
0.3307E-02	0.3654E+24
0.3433E-02	0.3655E+24
0.3564E-02	0.3655E+24
0.3700E-02	0.3655E+24
0.3841E-02	0.3655E+24
0.3987E-02	0.3656E+24
0.4139E-02	0.3656E+24
0.4296E-02	0.3656E+24
0.4460E-02	0.3657E+24
0.4630E-02	0.3657E+24
0.4806E-02	0.3658E+24
0.4989E-02	0.3658E+24
0.5179E-02	0.3658E+24
0.5377E-02	0.3659E+24
0.5581E-02	0.3660E+24
0.5794E-02	0.3660E+24
0.6015E-02	0.3661E+24
0.6244E-02	0.3661E+24
0.6481E-02	0.3662E+24
0.6728E-02	0.3663E+24
0.6985E-02	0.3664E+24
0.7251E-02	0.3665E+24
0.7527E-02	0.3665E+24
0.7813E-02	0.3666E+24
0.8111E-02	0.3667E+24
0.8420E-02	0.3669E+24
0.8741E-02	0.3670E+24
0.9073E-02	0.3671E+24
0.9419E-02	0.3672E+24
0.9778E-02	0.3674E+24
0.1015E-01	0.3675E+24
0.1054E-01	0.3676E+24
0.1094E-01	0.3678E+24
0.1135E-01	0.3680E+24
0.1179E-01	0.3682E+24
0.1224E-01	0.3683E+24
0.1270E-01	0.3685E+24
0.1319E-01	0.3687E+24
0.1369E-01	0.3689E+24
0.1421E-01	0.3692E+24
0.1475E-01	0.3694E+24
0.1531E-01	0.3696E+24
0.1590E-01	0.3699E+24
0.1650E-01	0.3701E+24
0.1713E-01	0.3704E+24
0.1778E-01	0.3707E+24
0.1846E-01	0.3710E+24
0.1916E-01	0.3713E+24
0.1989E-01	0.3716E+24
0.2065E-01	0.3719E+24
0.2144E-01	0.3722E+24
0.2225E-01	0.3725E+24
0.2310E-01	0.3728E+24
0.2398E-01	0.3732E+24
0.2489E-01	0.3735E+24
0.2584E-01	0.3739E+24
0.2682E-01	0.3742E+24
0.2785E-01	0.3746E+24
0.2891E-01	0.3749E+24
0.3001E-01	0.3753E+24
0.3115E-01	0.3756E+24
0.3234E-01	0.3759E+24
0.3357E-01	0.3762E+24
0.3485E-01	0.3766E+24
0.3617E-01	0.3769E+24
0.3755E-01	0.3772E+24
0.3898E-01	0.3776E+24
0.4047E-01	0.3779E+24
0.4201E-01	0.3782E+24
0.4361E-01	0.3785E+24
0.4527E-01	0.3788E+24
0.4699E-01	0.3790E+24
0.4878E-01	0.3793E+24
0.5064E-01	0.3795E+24
0.5257E-01	0.3797E+24
0.5457E-01	0.3799E+24
0.5665E-01	0.3801E+24
0.5881E-01	0.3803E+24
0.6105E-01	0.3804E+24
0.6337E-01	0.3805E+24
0.6579E-01	0.3807E+24
0.6829E-01	0.3807E+24
0.7089E-01	0.3808E+24
0.7359E-01	0.3809E+24
0.7640E-01	0.3809E+24
0.7931E-01	0.3809E+24
0.8233E-01	0.3809E+24
0.8546E-01	0.3809E+24
0.8872E-01	0.3808E+24
0.9210E-01	0.3808E+24
0.9560E-01	0.3807E+24
0.9924E-01	0.3806E+24
0.1030	0.3805E+24
0.1069	0.3804E+24
0.1110	0.3803E+24
0.1152	0.3802E+24
0.1196	0.3801E+24
0.1242	0.3799E+24
0.1289	0.3798E+24
0.1338	0.3797E+24
0.1389	0.3796E+24
0.1442	0.3794E+24
0.1497	0.3793E+24
0.1554	0.3792E+24
0.1613	0.3790E+24
0.1675	0.3789E+24
0.1739	0.3788E+24
0.1805	0.3787E+24
0.1874	0.3785E+24
0.1945	0.3784E+24
0.2019	0.3783E+24
0.2096	0.3781E+24
0.2176	0.3780E+24
0.2259	0.3778E+24
0.2345	0.3776E+24
0.2434	0.3774E+24
0.2527	0.3772E+24
0.2623	0.3770E+24
0.2723	0.3767E+24
0.2826	0.3765E+24
0.2934	0.3762E+24
0.3046	0.3759E+24
0.3162	0.3755E+24
0.3282	0.3752E+24
0.3407	0.3748E+24
0.3537	0.3744E+24
0.3672	0.3739E+24
0.3812	0.3734E+24
0.3957	0.3729E+24
0.4107	0.3723E+24
0.4264	0.3717E+24
0.4426	0.3711E+24
0.4595	0.3704E+24
0.4770	0.3697E+24
0.4952	0.3690E+24
0.5140	0.3682E+24
0.5336	0.3674E+24
0.5539	0.3665E+24
0.5750	0.3656E+24
0.5969	0.3647E+24
0.6196	0.3638E+24
0.6432	0.3628E+24
0.6677	0.3618E+24
0.6932	0.3607E+24
0.7196	0.3596E+24
0.7470	0.3585E+24
0.7754	0.3574E+24
0.8050	0.3563E+24
0.8356	0.3551E+24
0.8674	0.3538E+24
0.9005	0.3526E+24
0.9348	0.3513E+24
0.9704	0.3500E+24
1.007	0.3486E+24
1.046	0.3472E+24
1.086	0.3459E+24
1.127	0.3444E+24
1.170	0.3430E+24
1.214	0.3415E+24
1.261	0.3400E+24
1.309	0.3385E+24
1.358	0.3370E+24
1.410	0.3355E+24
1.464	0.3339E+24
1.520	0.3323E+24
1.578	0.3307E+24
1.638	0.3292E+24
1.700	0.3276E+24
1.765	0.3259E+24
1.832	0.3243E+24
1.902	0.3226E+24
1.974	0.3210E+24
2.049	0.3197E+24
2.127	0.3177E+24
2.208	0.3161E+24
2.293	0.3144E+24
2.380	0.3127E+24
2.470	0.3110E+24
2.565	0.3098E+24
2.662	0.3078E+24
2.764	0.3062E+24
2.869	0.3047E+24
2.978	0.3031E+24
3.092	0.3021E+24
3.209	0.3008E+24
3.332	0.2995E+24
3.458	0.2983E+24
3.590	0.2972E+24
3.727	0.2962E+24
3.869	0.2953E+24
4.016	0.2946E+24
4.169	0.2941E+24
4.328	0.2938E+24
4.493	0.2936E+24
4.664	0.2937E+24
4.841	0.2938E+24
5.026	0.2945E+24
5.217	0.2953E+24
5.416	0.2963E+24
5.622	0.2975E+24
5.836	0.2989E+24
6.059	0.3004E+24
6.289	0.3020E+24
6.529	0.3038E+24
6.778	0.3055E+24
7.036	0.3073E+24
7.304	0.3091E+24
7.582	0.3109E+24
7.871	0.3126E+24
8.170	0.3142E+24
8.482	0.3158E+24
8.805	0.3173E+24
9.140	0.3187E+24
9.488	0.3200E+24
9.849	0.3213E+24
10.22	0.3224E+24
10.61	0.3235E+24
11.02	0.3246E+24
11.44	0.3255E+24
11.87	0.3264E+24
12.33	0.3272E+24
12.80	0.3280E+24
13.28	0.3288E+24
13.79	0.3294E+24
14.31	0.3301E+24
14.86	0.3307E+24
15.42	0.3313E+24
16.01	0.3318E+24
16.62	0.3324E+24
17.25	0.3329E+24
17.91	0.3333E+24
18.59	0.3338E+24
19.30	0.3343E+24
20.04	0.3347E+24
20.80	0.3351E+24
21.59	0.3355E+24
22.42	0.3359E+24
23.27	0.3363E+24
24.16	0.3367E+24
25.08	0.3371E+24
26.03	0.3374E+24
27.02	0.3378E+24
28.05	0.3382E+24
29.12	0.3385E+24
30.23	0.3389E+24
31.38	0.3392E+24
32.57	0.3396E+24
33.82	0.3400E+24
35.10	0.3404E+24
36.44	0.3408E+24
37.83	0.3411E+24
39.27	0.3415E+24
40.76	0.3419E+24
42.32	0.3424E+24
43.93	0.3428E+24
45.60	0.3432E+24
47.34	0.3436E+24
49.14	0.3441E+24
51.01	0.3446E+24
52.96	0.3451E+24
54.97	0.3456E+24
57.07	0.3461E+24
59.24	0.3467E+24
61.50	0.3473E+24
63.84	0.3478E+24
66.27	0.3485E+24
68.79	0.3491E+24
71.41	0.3498E+24
74.13	0.3506E+24
76.96	0.3513E+24
79.89	0.3521E+24
82.93	0.3530E+24
86.09	0.3539E+24
89.37	0.3549E+24
92.77	0.3560E+24
96.31	0.3570E+24
99.97	0.3582E+24
103.8	0.3594E+24
107.7	0.3607E+24
111.8	0.3621E+24
116.1	0.3636E+24
120.5	0.3652E+24
125.1	0.3668E+24
129.9	0.3686E+24
134.8	0.3705E+24
140.0	0.3726E+24
145.3	0.3748E+24
150.8	0.3772E+24
156.6	0.3797E+24
162.5	0.3824E+24
168.7	0.3854E+24
175.1	0.3885E+24
181.8	0.3918E+24
188.7	0.3953E+24
195.9	0.3991E+24
203.4	0.4032E+24
211.1	0.4075E+24
219.2	0.4121E+24
227.5	0.4171E+24
236.2	0.4223E+24
245.2	0.4279E+24
254.5	0.4338E+24
264.2	0.4402E+24
274.3	0.4469E+24
284.7	0.4540E+24
295.6	0.4615E+24
306.8	0.4694E+24
318.5	0.4778E+24
330.6	0.4866E+24
343.2	0.4960E+24
356.3	0.5058E+24
369.9	0.5161E+24
384.0	0.5270E+24
398.6	0.5383E+24
413.8	0.5502E+24
429.5	0.5626E+24
445.9	0.5757E+24
462.9	0.5893E+24
480.5	0.6034E+24
498.8	0.6182E+24
517.8	0.6335E+24
537.5	0.6496E+24
558.0	0.6663E+24
579.2	0.6837E+24
601.3	0.7019E+24
624.2	0.7210E+24
648.0	0.7411E+24
672.6	0.7624E+24
698.3	0.7851E+24
724.9	0.8096E+24
752.5	0.8362E+24
781.1	0.8657E+24
810.9	0.8988E+24
841.8	0.9366E+24
873.8	0.9805E+24
907.1	0.1033E+25
941.6	0.1099E+25
977.5	0.1177E+25
1015.	0.1273E+25
1053.	0.1396E+25
1094.	0.1550E+25
1135.	0.1745E+25
1178.	0.1995E+25
1223.	0.2309E+25
1270.	0.2704E+25
1318.	0.3202E+25
1368.	0.3826E+25
1421.	0.4572E+25
1475.	0.5432E+25
1531.	0.6483E+25
1589.	0.7701E+25
1650.	0.9073E+25
1712.	0.1059E+26
1778.	0.1225E+26
1845.	0.1401E+26
1916.	0.1588E+26
1989.	0.1779E+26
2064.	0.1974E+26
2143.	0.2174E+26
2225.	0.2376E+26
2309.	0.2579E+26
2397.	0.2786E+26
2489.	0.2995E+26
2583.	0.3207E+26
2682.	0.3427E+26
2784.	0.3651E+26
2890.	0.3882E+26
3000.	0.4125E+26
 
 
E/N (Td)	Total collision freq. /N (m3/s)
0.1000E-02	0.1277E-13
0.1038E-02	0.1277E-13
0.1078E-02	0.1277E-13
0.1119E-02	0.1277E-13
0.1161E-02	0.1277E-13
0.1205E-02	0.1277E-13
0.1251E-02	0.1277E-13
0.1299E-02	0.1277E-13
0.1349E-02	0.1277E-13
0.1400E-02	0.1277E-13
0.1453E-02	0.1278E-13
0.1509E-02	0.1278E-13
0.1566E-02	0.1278E-13
0.1626E-02	0.1278E-13
0.1688E-02	0.1278E-13
0.1752E-02	0.1278E-13
0.1819E-02	0.1278E-13
0.1888E-02	0.1279E-13
0.1960E-02	0.1279E-13
0.2034E-02	0.1279E-13
0.2112E-02	0.1279E-13
0.2192E-02	0.1280E-13
0.2276E-02	0.1280E-13
0.2362E-02	0.1280E-13
0.2452E-02	0.1280E-13
0.2546E-02	0.1281E-13
0.2643E-02	0.1281E-13
0.2743E-02	0.1281E-13
0.2848E-02	0.1282E-13
0.2956E-02	0.1282E-13
0.3069E-02	0.1283E-13
0.3186E-02	0.1283E-13
0.3307E-02	0.1284E-13
0.3433E-02	0.1284E-13
0.3564E-02	0.1285E-13
0.3700E-02	0.1286E-13
0.3841E-02	0.1286E-13
0.3987E-02	0.1287E-13
0.4139E-02	0.1288E-13
0.4296E-02	0.1289E-13
0.4460E-02	0.1290E-13
0.4630E-02	0.1291E-13
0.4806E-02	0.1292E-13
0.4989E-02	0.1293E-13
0.5179E-02	0.1294E-13
0.5377E-02	0.1296E-13
0.5581E-02	0.1297E-13
0.5794E-02	0.1299E-13
0.6015E-02	0.1300E-13
0.6244E-02	0.1302E-13
0.6481E-02	0.1304E-13
0.6728E-02	0.1306E-13
0.6985E-02	0.1308E-13
0.7251E-02	0.1310E-13
0.7527E-02	0.1313E-13
0.7813E-02	0.1315E-13
0.8111E-02	0.1318E-13
0.8420E-02	0.1321E-13
0.8741E-02	0.1324E-13
0.9073E-02	0.1327E-13
0.9419E-02	0.1330E-13
0.9778E-02	0.1334E-13
0.1015E-01	0.1338E-13
0.1054E-01	0.1342E-13
0.1094E-01	0.1346E-13
0.1135E-01	0.1351E-13
0.1179E-01	0.1356E-13
0.1224E-01	0.1361E-13
0.1270E-01	0.1366E-13
0.1319E-01	0.1372E-13
0.1369E-01	0.1378E-13
0.1421E-01	0.1384E-13
0.1475E-01	0.1391E-13
0.1531E-01	0.1397E-13
0.1590E-01	0.1405E-13
0.1650E-01	0.1412E-13
0.1713E-01	0.1420E-13
0.1778E-01	0.1429E-13
0.1846E-01	0.1438E-13
0.1916E-01	0.1447E-13
0.1989E-01	0.1457E-13
0.2065E-01	0.1467E-13
0.2144E-01	0.1477E-13
0.2225E-01	0.1488E-13
0.2310E-01	0.1500E-13
0.2398E-01	0.1512E-13
0.2489E-01	0.1525E-13
0.2584E-01	0.1538E-13
0.2682E-01	0.1551E-13
0.2785E-01	0.1565E-13
0.2891E-01	0.1580E-13
0.3001E-01	0.1596E-13
0.3115E-01	0.1612E-13
0.3234E-01	0.1628E-13
0.3357E-01	0.1645E-13
0.3485E-01	0.1663E-13
0.3617E-01	0.1682E-13
0.3755E-01	0.1701E-13
0.3898E-01	0.1721E-13
0.4047E-01	0.1741E-13
0.4201E-01	0.1763E-13
0.4361E-01	0.1785E-13
0.4527E-01	0.1808E-13
0.4699E-01	0.1831E-13
0.4878E-01	0.1856E-13
0.5064E-01	0.1881E-13
0.5257E-01	0.1907E-13
0.5457E-01	0.1933E-13
0.5665E-01	0.1961E-13
0.5881E-01	0.1989E-13
0.6105E-01	0.2019E-13
0.6337E-01	0.2049E-13
0.6579E-01	0.2080E-13
0.6829E-01	0.2112E-13
0.7089E-01	0.2145E-13
0.7359E-01	0.2179E-13
0.7640E-01	0.2214E-13
0.7931E-01	0.2249E-13
0.8233E-01	0.2286E-13
0.8546E-01	0.2324E-13
0.8872E-01	0.2363E-13
0.9210E-01	0.2402E-13
0.9560E-01	0.2443E-13
0.9924E-01	0.2485E-13
0.1030	0.2528E-13
0.1069	0.2573E-13
0.1110	0.2618E-13
0.1152	0.2665E-13
0.1196	0.2713E-13
0.1242	0.2762E-13
0.1289	0.2813E-13
0.1338	0.2865E-13
0.1389	0.2919E-13
0.1442	0.2974E-13
0.1497	0.3030E-13
0.1554	0.3088E-13
0.1613	0.3148E-13
0.1675	0.3210E-13
0.1739	0.3273E-13
0.1805	0.3338E-13
0.1874	0.3405E-13
0.1945	0.3473E-13
0.2019	0.3544E-13
0.2096	0.3617E-13
0.2176	0.3691E-13
0.2259	0.3768E-13
0.2345	0.3847E-13
0.2434	0.3928E-13
0.2527	0.4012E-13
0.2623	0.4097E-13
0.2723	0.4185E-13
0.2826	0.4276E-13
0.2934	0.4368E-13
0.3046	0.4464E-13
0.3162	0.4562E-13
0.3282	0.4662E-13
0.3407	0.4765E-13
0.3537	0.4871E-13
0.3672	0.4980E-13
0.3812	0.5091E-13
0.3957	0.5206E-13
0.4107	0.5323E-13
0.4264	0.5444E-13
0.4426	0.5568E-13
0.4595	0.5695E-13
0.4770	0.5825E-13
0.4952	0.5959E-13
0.5140	0.6097E-13
0.5336	0.6238E-13
0.5539	0.6383E-13
0.5750	0.6532E-13
0.5969	0.6685E-13
0.6196	0.6842E-13
0.6432	0.7003E-13
0.6677	0.7168E-13
0.6932	0.7338E-13
0.7196	0.7513E-13
0.7470	0.7692E-13
0.7754	0.7876E-13
0.8050	0.8065E-13
0.8356	0.8260E-13
0.8674	0.8459E-13
0.9005	0.8664E-13
0.9348	0.8874E-13
0.9704	0.9091E-13
1.007	0.9313E-13
1.046	0.9541E-13
1.086	0.9776E-13
1.127	0.1002E-12
1.170	0.1026E-12
1.214	0.1052E-12
1.261	0.1078E-12
1.309	0.1105E-12
1.358	0.1132E-12
1.410	0.1161E-12
1.464	0.1190E-12
1.520	0.1220E-12
1.578	0.1251E-12
1.638	0.1282E-12
1.700	0.1315E-12
1.765	0.1348E-12
1.832	0.1383E-12
1.902	0.1418E-12
1.974	0.1454E-12
2.049	0.1491E-12
2.127	0.1529E-12
2.208	0.1569E-12
2.293	0.1609E-12
2.380	0.1651E-12
2.470	0.1693E-12
2.565	0.1737E-12
2.662	0.1782E-12
2.764	0.1829E-12
2.869	0.1876E-12
2.978	0.1926E-12
3.092	0.1976E-12
3.209	0.2027E-12
3.332	0.2081E-12
3.458	0.2136E-12
3.590	0.2192E-12
3.727	0.2250E-12
3.869	0.2309E-12
4.016	0.2370E-12
4.169	0.2433E-12
4.328	0.2497E-12
4.493	0.2563E-12
4.664	0.2630E-12
4.841	0.2698E-12
5.026	0.2767E-12
5.217	0.2836E-12
5.416	0.2905E-12
5.622	0.2974E-12
5.836	0.3041E-12
6.059	0.3107E-12
6.289	0.3170E-12
6.529	0.3230E-12
6.778	0.3286E-12
7.036	0.3339E-12
7.304	0.3387E-12
7.582	0.3431E-12
7.871	0.3471E-12
8.170	0.3507E-12
8.482	0.3539E-12
8.805	0.3568E-12
9.140	0.3593E-12
9.488	0.3615E-12
9.849	0.3635E-12
10.22	0.3652E-12
10.61	0.3667E-12
11.02	0.3680E-12
11.44	0.3692E-12
11.87	0.3702E-12
12.33	0.3711E-12
12.80	0.3719E-12
13.28	0.3727E-12
13.79	0.3733E-12
14.31	0.3739E-12
14.86	0.3744E-12
15.42	0.3749E-12
16.01	0.3754E-12
16.62	0.3758E-12
17.25	0.3762E-12
17.91	0.3766E-12
18.59	0.3770E-12
19.30	0.3773E-12
20.04	0.3776E-12
20.80	0.3780E-12
21.59	0.3783E-12
22.42	0.3786E-12
23.27	0.3789E-12
24.16	0.3793E-12
25.08	0.3796E-12
26.03	0.3799E-12
27.02	0.3802E-12
28.05	0.3806E-12
29.12	0.3809E-12
30.23	0.3812E-12
31.38	0.3816E-12
32.57	0.3820E-12
33.82	0.3823E-12
35.10	0.3827E-12
36.44	0.3831E-12
37.83	0.3835E-12
39.27	0.3839E-12
40.76	0.3843E-12
42.32	0.3848E-12
43.93	0.3852E-12
45.60	0.3857E-12
47.34	0.3862E-12
49.14	0.3867E-12
51.01	0.3872E-12
52.96	0.3877E-12
54.97	0.3883E-12
57.07	0.3888E-12
59.24	0.3894E-12
61.50	0.3900E-12
63.84	0.3907E-12
66.27	0.3913E-12
68.79	0.3920E-12
71.41	0.3927E-12
74.13	0.3935E-12
76.96	0.3942E-12
79.89	0.3950E-12
82.93	0.3959E-12
86.09	0.3967E-12
89.37	0.3976E-12
92.77	0.3985E-12
96.31	0.3995E-12
99.97	0.4005E-12
103.8	0.4015E-12
107.7	0.4025E-12
111.8	0.4036E-12
116.1	0.4048E-12
120.5	0.4059E-12
125.1	0.4071E-12
129.9	0.4083E-12
134.8	0.4096E-12
140.0	0.4109E-12
145.3	0.4123E-12
150.8	0.4137E-12
156.6	0.4151E-12
162.5	0.4166E-12
168.7	0.4182E-12
175.1	0.4197E-12
181.8	0.4213E-12
188.7	0.4230E-12
195.9	0.4247E-12
203.4	0.4264E-12
211.1	0.4282E-12
219.2	0.4300E-12
227.5	0.4318E-12
236.2	0.4337E-12
245.2	0.4357E-12
254.5	0.4376E-12
264.2	0.4397E-12
274.3	0.4417E-12
284.7	0.4438E-12
295.6	0.4460E-12
306.8	0.4481E-12
318.5	0.4503E-12
330.6	0.4526E-12
343.2	0.4548E-12
356.3	0.4571E-12
369.9	0.4594E-12
384.0	0.4618E-12
398.6	0.4641E-12
413.8	0.4665E-12
429.5	0.4689E-12
445.9	0.4713E-12
462.9	0.4737E-12
480.5	0.4761E-12
498.8	0.4785E-12
517.8	0.4809E-12
537.5	0.4833E-12
558.0	0.4857E-12
579.2	0.4880E-12
601.3	0.4904E-12
624.2	0.4927E-12
648.0	0.4951E-12
672.6	0.4974E-12
698.3	0.4996E-12
724.9	0.5018E-12
752.5	0.5040E-12
781.1	0.5062E-12
810.9	0.5083E-12
841.8	0.5104E-12
873.8	0.5123E-12
907.1	0.5143E-12
941.6	0.5162E-12
977.5	0.5179E-12
1015.	0.5196E-12
1053.	0.5212E-12
1094.	0.5227E-12
1135.	0.5240E-12
1178.	0.5252E-12
1223.	0.5262E-12
1270.	0.5269E-12
1318.	0.5273E-12
1368.	0.5275E-12
1421.	0.5274E-12
1475.	0.5269E-12
1531.	0.5259E-12
1589.	0.5244E-12
1650.	0.5224E-12
1712.	0.5199E-12
1778.	0.5167E-12
1845.	0.5130E-12
1916.	0.5087E-12
1989.	0.5038E-12
2064.	0.4983E-12
2143.	0.4923E-12
2225.	0.4858E-12
2309.	0.4787E-12
2397.	0.4710E-12
2489.	0.4630E-12
2583.	0.4545E-12
2682.	0.4454E-12
2784.	0.4362E-12
2890.	0.4266E-12
3000.	0.4169E-12
 
 
E/N (Td)	Momentum frequency /N (m3/s)
0.1000E-02	0.1429E-13
0.1038E-02	0.1431E-13
0.1078E-02	0.1431E-13
0.1119E-02	0.1431E-13
0.1161E-02	0.1431E-13
0.1205E-02	0.1432E-13
0.1251E-02	0.1432E-13
0.1299E-02	0.1432E-13
0.1349E-02	0.1432E-13
0.1400E-02	0.1432E-13
0.1453E-02	0.1433E-13
0.1509E-02	0.1433E-13
0.1566E-02	0.1433E-13
0.1626E-02	0.1433E-13
0.1688E-02	0.1434E-13
0.1752E-02	0.1434E-13
0.1819E-02	0.1434E-13
0.1888E-02	0.1435E-13
0.1960E-02	0.1435E-13
0.2034E-02	0.1436E-13
0.2112E-02	0.1436E-13
0.2192E-02	0.1437E-13
0.2276E-02	0.1437E-13
0.2362E-02	0.1438E-13
0.2452E-02	0.1439E-13
0.2546E-02	0.1439E-13
0.2643E-02	0.1440E-13
0.2743E-02	0.1441E-13
0.2848E-02	0.1442E-13
0.2956E-02	0.1443E-13
0.3069E-02	0.1444E-13
0.3186E-02	0.1445E-13
0.3307E-02	0.1446E-13
0.3433E-02	0.1447E-13
0.3564E-02	0.1448E-13
0.3700E-02	0.1450E-13
0.3841E-02	0.1451E-13
0.3987E-02	0.1453E-13
0.4139E-02	0.1454E-13
0.4296E-02	0.1456E-13
0.4460E-02	0.1458E-13
0.4630E-02	0.1460E-13
0.4806E-02	0.1462E-13
0.4989E-02	0.1465E-13
0.5179E-02	0.1467E-13
0.5377E-02	0.1470E-13
0.5581E-02	0.1473E-13
0.5794E-02	0.1476E-13
0.6015E-02	0.1479E-13
0.6244E-02	0.1482E-13
0.6481E-02	0.1486E-13
0.6728E-02	0.1490E-13
0.6985E-02	0.1494E-13
0.7251E-02	0.1498E-13
0.7527E-02	0.1503E-13
0.7813E-02	0.1507E-13
0.8111E-02	0.1512E-13
0.8420E-02	0.1518E-13
0.8741E-02	0.1523E-13
0.9073E-02	0.1529E-13
0.9419E-02	0.1536E-13
0.9778E-02	0.1542E-13
0.1015E-01	0.1549E-13
0.1054E-01	0.1557E-13
0.1094E-01	0.1564E-13
0.1135E-01	0.1573E-13
0.1179E-01	0.1581E-13
0.1224E-01	0.1590E-13
0.1270E-01	0.1600E-13
0.1319E-01	0.1609E-13
0.1369E-01	0.1620E-13
0.1421E-01	0.1631E-13
0.1475E-01	0.1642E-13
0.1531E-01	0.1654E-13
0.1590E-01	0.1666E-13
0.1650E-01	0.1679E-13
0.1713E-01	0.1693E-13
0.1778E-01	0.1707E-13
0.1846E-01	0.1722E-13
0.1916E-01	0.1737E-13
0.1989E-01	0.1754E-13
0.2065E-01	0.1770E-13
0.2144E-01	0.1788E-13
0.2225E-01	0.1806E-13
0.2310E-01	0.1825E-13
0.2398E-01	0.1845E-13
0.2489E-01	0.1865E-13
0.2584E-01	0.1887E-13
0.2682E-01	0.1909E-13
0.2785E-01	0.1932E-13
0.2891E-01	0.1956E-13
0.3001E-01	0.1981E-13
0.3115E-01	0.2007E-13
0.3234E-01	0.2034E-13
0.3357E-01	0.2061E-13
0.3485E-01	0.2090E-13
0.3617E-01	0.2120E-13
0.3755E-01	0.2151E-13
0.3898E-01	0.2183E-13
0.4047E-01	0.2216E-13
0.4201E-01	0.2251E-13
0.4361E-01	0.2286E-13
0.4527E-01	0.2323E-13
0.4699E-01	0.2361E-13
0.4878E-01	0.2400E-13
0.5064E-01	0.2441E-13
0.5257E-01	0.2483E-13
0.5457E-01	0.2527E-13
0.5665E-01	0.2572E-13
0.5881E-01	0.2618E-13
0.6105E-01	0.2666E-13
0.6337E-01	0.2715E-13
0.6579E-01	0.2766E-13
0.6829E-01	0.2819E-13
0.7089E-01	0.2873E-13
0.7359E-01	0.2929E-13
0.7640E-01	0.2986E-13
0.7931E-01	0.3045E-13
0.8233E-01	0.3106E-13
0.8546E-01	0.3168E-13
0.8872E-01	0.3232E-13
0.9210E-01	0.3298E-13
0.9560E-01	0.3365E-13
0.9924E-01	0.3434E-13
0.1030	0.3505E-13
0.1069	0.3578E-13
0.1110	0.3652E-13
0.1152	0.3728E-13
0.1196	0.3806E-13
0.1242	0.3886E-13
0.1289	0.3968E-13
0.1338	0.4051E-13
0.1389	0.4136E-13
0.1442	0.4224E-13
0.1497	0.4313E-13
0.1554	0.4404E-13
0.1613	0.4498E-13
0.1675	0.4593E-13
0.1739	0.4691E-13
0.1805	0.4791E-13
0.1874	0.4894E-13
0.1945	0.5000E-13
0.2019	0.5108E-13
0.2096	0.5219E-13
0.2176	0.5333E-13
0.2259	0.5450E-13
0.2345	0.5570E-13
0.2434	0.5694E-13
0.2527	0.5821E-13
0.2623	0.5952E-13
0.2723	0.6087E-13
0.2826	0.6226E-13
0.2934	0.6369E-13
0.3046	0.6516E-13
0.3162	0.6668E-13
0.3282	0.6824E-13
0.3407	0.6985E-13
0.3537	0.7150E-13
0.3672	0.7321E-13
0.3812	0.7496E-13
0.3957	0.7677E-13
0.4107	0.7864E-13
0.4264	0.8056E-13
0.4426	0.8254E-13
0.4595	0.8457E-13
0.4770	0.8667E-13
0.4952	0.8883E-13
0.5140	0.9105E-13
0.5336	0.9333E-13
0.5539	0.9569E-13
0.5750	0.9811E-13
0.5969	0.1006E-12
0.6196	0.1032E-12
0.6432	0.1058E-12
0.6677	0.1085E-12
0.6932	0.1113E-12
0.7196	0.1142E-12
0.7470	0.1171E-12
0.7754	0.1201E-12
0.8050	0.1233E-12
0.8356	0.1265E-12
0.8674	0.1298E-12
0.9005	0.1332E-12
0.9348	0.1367E-12
0.9704	0.1402E-12
1.007	0.1439E-12
1.046	0.1477E-12
1.086	0.1516E-12
1.127	0.1556E-12
1.170	0.1597E-12
1.214	0.1640E-12
1.261	0.1683E-12
1.309	0.1728E-12
1.358	0.1774E-12
1.410	0.1821E-12
1.464	0.1870E-12
1.520	0.1920E-12
1.578	0.1971E-12
1.638	0.2024E-12
1.700	0.2078E-12
1.765	0.2134E-12
1.832	0.2191E-12
1.902	0.2250E-12
1.974	0.2310E-12
2.049	0.2373E-12
2.127	0.2436E-12
2.208	0.2501E-12
2.293	0.2568E-12
2.380	0.2636E-12
2.470	0.2706E-12
2.565	0.2778E-12
2.662	0.2850E-12
2.764	0.2924E-12
2.869	0.2999E-12
2.978	0.3076E-12
3.092	0.3154E-12
3.209	0.3233E-12
3.332	0.3313E-12
3.458	0.3393E-12
3.590	0.3474E-12
3.727	0.3556E-12
3.869	0.3639E-12
4.016	0.3721E-12
4.169	0.3804E-12
4.328	0.3887E-12
4.493	0.3970E-12
4.664	0.4052E-12
4.841	0.4132E-12
5.026	0.4212E-12
5.217	0.4289E-12
5.416	0.4364E-12
5.622	0.4435E-12
5.836	0.4501E-12
6.059	0.4562E-12
6.289	0.4617E-12
6.529	0.4665E-12
6.778	0.4706E-12
7.036	0.4740E-12
7.304	0.4767E-12
7.582	0.4788E-12
7.871	0.4802E-12
8.170	0.4811E-12
8.482	0.4816E-12
8.805	0.4816E-12
9.140	0.4814E-12
9.488	0.4809E-12
9.849	0.4802E-12
10.22	0.4794E-12
10.61	0.4785E-12
11.02	0.4775E-12
11.44	0.4766E-12
11.87	0.4756E-12
12.33	0.4747E-12
12.80	0.4738E-12
13.28	0.4730E-12
13.79	0.4722E-12
14.31	0.4715E-12
14.86	0.4708E-12
15.42	0.4702E-12
16.01	0.4697E-12
16.62	0.4693E-12
17.25	0.4690E-12
17.91	0.4687E-12
18.59	0.4684E-12
19.30	0.4683E-12
20.04	0.4682E-12
20.80	0.4681E-12
21.59	0.4682E-12
22.42	0.4682E-12
23.27	0.4684E-12
24.16	0.4686E-12
25.08	0.4688E-12
26.03	0.4691E-12
27.02	0.4694E-12
28.05	0.4698E-12
29.12	0.4702E-12
30.23	0.4707E-12
31.38	0.4712E-12
32.57	0.4718E-12
33.82	0.4723E-12
35.10	0.4729E-12
36.44	0.4736E-12
37.83	0.4743E-12
39.27	0.4750E-12
40.76	0.4758E-12
42.32	0.4766E-12
43.93	0.4774E-12
45.60	0.4782E-12
47.34	0.4791E-12
49.14	0.4800E-12
51.01	0.4810E-12
52.96	0.4819E-12
54.97	0.4829E-12
57.07	0.4840E-12
59.24	0.4850E-12
61.50	0.4861E-12
63.84	0.4872E-12
66.27	0.4883E-12
68.79	0.4895E-12
71.41	0.4907E-12
74.13	0.4919E-12
76.96	0.4931E-12
79.89	0.4944E-12
82.93	0.4956E-12
86.09	0.4969E-12
89.37	0.4982E-12
92.77	0.4996E-12
96.31	0.5009E-12
99.97	0.5023E-12
103.8	0.5037E-12
107.7	0.5051E-12
111.8	0.5065E-12
116.1	0.5079E-12
120.5	0.5094E-12
125.1	0.5109E-12
129.9	0.5123E-12
134.8	0.5138E-12
140.0	0.5152E-12
145.3	0.5167E-12
150.8	0.5182E-12
156.6	0.5197E-12
162.5	0.5211E-12
168.7	0.5226E-12
175.1	0.5241E-12
181.8	0.5255E-12
188.7	0.5270E-12
195.9	0.5284E-12
203.4	0.5299E-12
211.1	0.5313E-12
219.2	0.5327E-12
227.5	0.5341E-12
236.2	0.5355E-12
245.2	0.5369E-12
254.5	0.5382E-12
264.2	0.5395E-12
274.3	0.5408E-12
284.7	0.5420E-12
295.6	0.5433E-12
306.8	0.5445E-12
318.5	0.5457E-12
330.6	0.5469E-12
343.2	0.5480E-12
356.3	0.5491E-12
369.9	0.5502E-12
384.0	0.5512E-12
398.6	0.5523E-12
413.8	0.5533E-12
429.5	0.5542E-12
445.9	0.5551E-12
462.9	0.5561E-12
480.5	0.5570E-12
498.8	0.5578E-12
517.8	0.5587E-12
537.5	0.5595E-12
558.0	0.5603E-12
579.2	0.5611E-12
601.3	0.5619E-12
624.2	0.5627E-12
648.0	0.5635E-12
672.6	0.5642E-12
698.3	0.5650E-12
724.9	0.5657E-12
752.5	0.5663E-12
781.1	0.5669E-12
810.9	0.5675E-12
841.8	0.5680E-12
873.8	0.5685E-12
907.1	0.5686E-12
941.6	0.5682E-12
977.5	0.5680E-12
1015.	0.5675E-12
1053.	0.5664E-12
1094.	0.5652E-12
1135.	0.5634E-12
1178.	0.5609E-12
1223.	0.5581E-12
1270.	0.5544E-12
1318.	0.5497E-12
1368.	0.5443E-12
1421.	0.5383E-12
1475.	0.5324E-12
1531.	0.5247E-12
1589.	0.5163E-12
1650.	0.5073E-12
1712.	0.4979E-12
1778.	0.4880E-12
1845.	0.4780E-12
1916.	0.4679E-12
1989.	0.4580E-12
2064.	0.4484E-12
2143.	0.4392E-12
2225.	0.4302E-12
2309.	0.4216E-12
2397.	0.4132E-12
2489.	0.4055E-12
2583.	0.3982E-12
2682.	0.3913E-12
2784.	0.3848E-12
2890.	0.3788E-12
3000.	0.3734E-12
 
 
E/N (Td)	Total ionization freq. /N (m3/s)
0.1000E-02	0.000
0.1038E-02	0.000
0.1078E-02	0.000
0.1119E-02	0.000
0.1161E-02	0.000
0.1205E-02	0.000
0.1251E-02	0.000
0.1299E-02	0.000
0.1349E-02	0.000
0.1400E-02	0.000
0.1453E-02	0.000
0.1509E-02	0.000
0.1566E-02	0.000
0.1626E-02	0.000
0.1688E-02	0.000
0.1752E-02	0.000
0.1819E-02	0.000
0.1888E-02	0.000
0.1960E-02	0.000
0.2034E-02	0.000
0.2112E-02	0.000
0.2192E-02	0.000
0.2276E-02	0.000
0.2362E-02	0.000
0.2452E-02	0.000
0.2546E-02	0.000
0.2643E-02	0.000
0.2743E-02	0.000
0.2848E-02	0.000
0.2956E-02	0.000
0.3069E-02	0.000
0.3186E-02	0.000
0.3307E-02	0.000
0.3433E-02	0.000
0.3564E-02	0.000
0.3700E-02	0.000
0.3841E-02	0.000
0.3987E-02	0.000
0.4139E-02	0.000
0.4296E-02	0.000
0.4460E-02	0.000
0.4630E-02	0.000
0.4806E-02	0.000
0.4989E-02	0.000
0.5179E-02	0.000
0.5377E-02	0.000
0.5581E-02	0.000
0.5794E-02	0.000
0.6015E-02	0.000
0.6244E-02	0.000
0.6481E-02	0.000
0.6728E-02	0.000
0.6985E-02	0.000
0.7251E-02	0.000
0.7527E-02	0.000
0.7813E-02	0.000
0.8111E-02	0.000
0.8420E-02	0.000
0.8741E-02	0.000
0.9073E-02	0.000
0.9419E-02	0.000
0.9778E-02	0.000
0.1015E-01	0.000
0.1054E-01	0.000
0.1094E-01	0.000
0.1135E-01	0.000
0.1179E-01	0.000
0.1224E-01	0.000
0.1270E-01	0.000
0.1319E-01	0.000
0.1369E-01	0.000
0.1421E-01	0.000
0.1475E-01	0.000
0.1531E-01	0.000
0.1590E-01	0.000
0.1650E-01	0.000
0.1713E-01	0.000
0.1778E-01	0.000
0.1846E-01	0.000
0.1916E-01	0.000
0.1989E-01	0.000
0.2065E-01	0.000
0.2144E-01	0.000
0.2225E-01	0.000
0.2310E-01	0.000
0.2398E-01	0.000
0.2489E-01	0.000
0.2584E-01	0.000
0.2682E-01	0.000
0.2785E-01	0.000
0.2891E-01	0.000
0.3001E-01	0.000
0.3115E-01	0.000
0.3234E-01	0.000
0.3357E-01	0.000
0.3485E-01	0.000
0.3617E-01	0.000
0.3755E-01	0.000
0.3898E-01	0.000
0.4047E-01	0.000
0.4201E-01	0.000
0.4361E-01	0.000
0.4527E-01	0.000
0.4699E-01	0.000
0.4878E-01	0.000
0.5064E-01	0.000
0.5257E-01	0.000
0.5457E-01	0.000
0.5665E-01	0.000
0.5881E-01	0.000
0.6105E-01	0.000
0.6337E-01	0.000
0.6579E-01	0.000
0.6829E-01	0.000
0.7089E-01	0.000
0.7359E-01	0.000
0.7640E-01	0.000
0.7931E-01	0.000
0.8233E-01	0.000
0.8546E-01	0.000
0.8872E-01	0.000
0.9210E-01	0.000
0.9560E-01	0.000
0.9924E-01	0.000
0.1030	0.000
0.1069	0.000
0.1110	0.000
0.1152	0.000
0.1196	0.000
0.1242	0.000
0.1289	0.000
0.1338	0.000
0.1389	0.000
0.1442	0.000
0.1497	0.000
0.1554	0.000
0.1613	0.000
0.1675	0.000
0.1739	0.000
0.1805	0.000
0.1874	0.000
0.1945	0.000
0.2019	0.000
0.2096	0.000
0.2176	0.000
0.2259	0.000
0.2345	0.000
0.2434	0.000
0.2527	0.000
0.2623	0.000
0.2723	0.000
0.2826	0.000
0.2934	0.000
0.3046	0.000
0.3162	0.000
0.3282	0.000
0.3407	0.000
0.3537	0.000
0.3672	0.000
0.3812	0.000
0.3957	0.000
0.4107	0.000
0.4264	0.000
0.4426	0.000
0.4595	0.000
0.4770	0.000
0.4952	0.000
0.5140	0.000
0.5336	0.000
0.5539	0.000
0.5750	0.000
0.5969	0.000
0.6196	0.000
0.6432	0.000
0.6677	0.000
0.6932	0.000
0.7196	0.000
0.7470	0.000
0.7754	0.000
0.8050	0.000
0.8356	0.000
0.8674	0.000
0.9005	0.000
0.9348	0.000
0.9704	0.000
1.007	0.000
1.046	0.000
1.086	0.000
1.127	0.000
1.170	0.000
1.214	0.000
1.261	0.000
1.309	0.000
1.358	0.000
1.410	0.000
1.464	0.000
1.520	0.000
1.578	0.000
1.638	0.000
1.700	0.000
1.765	0.000
1.832	0.000
1.902	0.000
1.974	0.000
2.049	0.000
2.127	0.000
2.208	0.000
2.293	0.000
2.380	0.000
2.470	0.000
2.565	0.000
2.662	0.000
2.764	0.000
2.869	0.000
2.978	0.000
3.092	0.000
3.209	0.000
3.332	0.000
3.458	0.000
3.590	0.000
3.727	0.000
3.869	0.000
4.016	0.000
4.169	0.000
4.328	0.000
4.493	0.000
4.664	0.000
4.841	0.000
5.026	0.000
5.217	0.000
5.416	0.000
5.622	0.000
5.836	0.000
6.059	0.000
6.289	0.000
6.529	0.000
6.778	0.000
7.036	0.000
7.304	0.000
7.582	0.000
7.871	0.000
8.170	0.000
8.482	0.000
8.805	0.000
9.140	0.000
9.488	0.000
9.849	0.000
10.22	0.000
10.61	0.000
11.02	0.000
11.44	0.000
11.87	0.000
12.33	0.000
12.80	0.000
13.28	0.000
13.79	0.000
14.31	0.000
14.86	0.000
15.42	0.000
16.01	0.000
16.62	0.000
17.25	0.000
17.91	0.000
18.59	0.000
19.30	0.000
20.04	0.000
20.80	0.000
21.59	0.000
22.42	0.000
23.27	0.000
24.16	0.000
25.08	0.000
26.03	0.000
27.02	0.000
28.05	0.000
29.12	0.000
30.23	0.000
31.38	0.000
32.57	0.000
33.82	0.000
35.10	0.000
36.44	0.000
37.83	0.000
39.27	0.000
40.76	0.000
42.32	0.000
43.93	0.000
45.60	0.000
47.34	0.000
49.14	0.000
51.01	0.000
52.96	0.000
54.97	0.000
57.07	0.000
59.24	0.000
61.50	0.000
63.84	0.000
66.27	0.000
68.79	0.000
71.41	0.000
74.13	0.000
76.96	0.000
79.89	0.000
82.93	0.000
86.09	0.000
89.37	0.1076E-24
92.77	0.2521E-24
96.31	0.5744E-24
99.97	0.1274E-23
103.8	0.2755E-23
107.7	0.5810E-23
111.8	0.1196E-22
116.1	0.2406E-22
120.5	0.4732E-22
125.1	0.9269E-22
129.9	0.1752E-21
134.8	0.3246E-21
140.0	0.5901E-21
145.3	0.1053E-20
150.8	0.1847E-20
156.6	0.3184E-20
162.5	0.5400E-20
168.7	0.9026E-20
175.1	0.1484E-19
181.8	0.2403E-19
188.7	0.3837E-19
195.9	0.6044E-19
203.4	0.9395E-19
211.1	0.1443E-18
219.2	0.2188E-18
227.5	0.3278E-18
236.2	0.4854E-18
245.2	0.7111E-18
254.5	0.1031E-17
264.2	0.1479E-17
274.3	0.2101E-17
284.7	0.2955E-17
295.6	0.4117E-17
306.8	0.5687E-17
318.5	0.7787E-17
330.6	0.1057E-16
343.2	0.1424E-16
356.3	0.1903E-16
369.9	0.2523E-16
384.0	0.3320E-16
398.6	0.4338E-16
413.8	0.5629E-16
429.5	0.7253E-16
445.9	0.9288E-16
462.9	0.1181E-15
480.5	0.1493E-15
498.8	0.1876E-15
517.8	0.2343E-15
537.5	0.2909E-15
558.0	0.3591E-15
579.2	0.4410E-15
601.3	0.5386E-15
624.2	0.6543E-15
648.0	0.7908E-15
672.6	0.9512E-15
698.3	0.1139E-14
724.9	0.1357E-14
752.5	0.1609E-14
781.1	0.1900E-14
810.9	0.2234E-14
841.8	0.2616E-14
873.8	0.3051E-14
907.1	0.3547E-14
941.6	0.4117E-14
977.5	0.4752E-14
1015.	0.5467E-14
1053.	0.6276E-14
1094.	0.7180E-14
1135.	0.8191E-14
1178.	0.9326E-14
1223.	0.1058E-13
1270.	0.1199E-13
1318.	0.1355E-13
1368.	0.1529E-13
1421.	0.1719E-13
1475.	0.1922E-13
1531.	0.2150E-13
1589.	0.2398E-13
1650.	0.2666E-13
1712.	0.2953E-13
1778.	0.3259E-13
1845.	0.3582E-13
1916.	0.3922E-13
1989.	0.4275E-13
2064.	0.4640E-13
2143.	0.5012E-13
2225.	0.5394E-13
2309.	0.5782E-13
2397.	0.6174E-13
2489.	0.6565E-13
2583.	0.6955E-13
2682.	0.7342E-13
2784.	0.7723E-13
2890.	0.8098E-13
3000.	0.8460E-13
 
 
E/N (Td)	Townsend ioniz. coef. alpha/N (m2)
0.1000E-02	0.000
0.1038E-02	0.000
0.1078E-02	0.000
0.1119E-02	0.000
0.1161E-02	0.000
0.1205E-02	0.000
0.1251E-02	0.000
0.1299E-02	0.000
0.1349E-02	0.000
0.1400E-02	0.000
0.1453E-02	0.000
0.1509E-02	0.000
0.1566E-02	0.000
0.1626E-02	0.000
0.1688E-02	0.000
0.1752E-02	0.000
0.1819E-02	0.000
0.1888E-02	0.000
0.1960E-02	0.000
0.2034E-02	0.000
0.2112E-02	0.000
0.2192E-02	0.000
0.2276E-02	0.000
0.2362E-02	0.000
0.2452E-02	0.000
0.2546E-02	0.000
0.2643E-02	0.000
0.2743E-02	0.000
0.2848E-02	0.000
0.2956E-02	0.000
0.3069E-02	0.000
0.3186E-02	0.000
0.3307E-02	0.000
0.3433E-02	0.000
0.3564E-02	0.000
0.3700E-02	0.000
0.3841E-02	0.000
0.3987E-02	0.000
0.4139E-02	0.000
0.4296E-02	0.000
0.4460E-02	0.000
0.4630E-02	0.000
0.4806E-02	0.000
0.4989E-02	0.000
0.5179E-02	0.000
0.5377E-02	0.000
0.5581E-02	0.000
0.5794E-02	0.000
0.6015E-02	0.000
0.6244E-02	0.000
0.6481E-02	0.000
0.6728E-02	0.000
0.6985E-02	0.000
0.7251E-02	0.000
0.7527E-02	0.000
0.7813E-02	0.000
0.8111E-02	0.000
0.8420E-02	0.000
0.8741E-02	0.000
0.9073E-02	0.000
0.9419E-02	0.000
0.9778E-02	0.000
0.1015E-01	0.000
0.1054E-01	0.000
0.1094E-01	0.000
0.1135E-01	0.000
0.1179E-01	0.000
0.1224E-01	0.000
0.1270E-01	0.000
0.1319E-01	0.000
0.1369E-01	0.000
0.1421E-01	0.000
0.1475E-01	0.000
0.1531E-01	0.000
0.1590E-01	0.000
0.1650E-01	0.000
0.1713E-01	0.000
0.1778E-01	0.000
0.1846E-01	0.000
0.1916E-01	0.000
0.1989E-01	0.000
0.2065E-01	0.000
0.2144E-01	0.000
0.2225E-01	0.000
0.2310E-01	0.000
0.2398E-01	0.000
0.2489E-01	0.000
0.2584E-01	0.000
0.2682E-01	0.000
0.2785E-01	0.000
0.2891E-01	0.000
0.3001E-01	0.000
0.3115E-01	0.000
0.3234E-01	0.000
0.3357E-01	0.000
0.3485E-01	0.000
0.3617E-01	0.000
0.3755E-01	0.000
0.3898E-01	0.000
0.4047E-01	0.000
0.4201E-01	0.000
0.4361E-01	0.000
0.4527E-01	0.000
0.4699E-01	0.000
0.4878E-01	0.000
0.5064E-01	0.000
0.5257E-01	0.000
0.5457E-01	0.000
0.5665E-01	0.000
0.5881E-01	0.000
0.6105E-01	0.000
0.6337E-01	0.000
0.6579E-01	0.000
0.6829E-01	0.000
0.7089E-01	0.000
0.7359E-01	0.000
0.7640E-01	0.000
0.7931E-01	0.000
0.8233E-01	0.000
0.8546E-01	0.000
0.8872E-01	0.000
0.9210E-01	0.000
0.9560E-01	0.000
0.9924E-01	0.000
0.1030	0.000
0.1069	0.000
0.1110	0.000
0.1152	0.000
0.1196	0.000
0.1242	0.000
0.1289	0.000
0.1338	0.000
0.1389	0.000
0.1442	0.000
0.1497	0.000
0.1554	0.000
0.1613	0.000
0.1675	0.000
0.1739	0.000
0.1805	0.000
0.1874	0.000
0.1945	0.000
0.2019	0.000
0.2096	0.000
0.2176	0.000
0.2259	0.000
0.2345	0.000
0.2434	0.000
0.2527	0.000
0.2623	0.000
0.2723	0.000
0.2826	0.000
0.2934	0.000
0.3046	0.000
0.3162	0.000
0.3282	0.000
0.3407	0.000
0.3537	0.000
0.3672	0.000
0.3812	0.000
0.3957	0.000
0.4107	0.000
0.4264	0.000
0.4426	0.000
0.4595	0.000
0.4770	0.000
0.4952	0.000
0.5140	0.000
0.5336	0.000
0.5539	0.000
0.5750	0.000
0.5969	0.000
0.6196	0.000
0.6432	0.000
0.6677	0.000
0.6932	0.000
0.7196	0.000
0.7470	0.000
0.7754	0.000
0.8050	0.000
0.8356	0.000
0.8674	0.000
0.9005	0.000
0.9348	0.000
0.9704	0.000
1.007	0.000
1.046	0.000
1.086	0.000
1.127	0.000
1.170	0.000
1.214	0.000
1.261	0.000
1.309	0.000
1.358	0.000
1.410	0.000
1.464	0.000
1.520	0.000
1.578	0.000
1.638	0.000
1.700	0.000
1.765	0.000
1.832	0.000
1.902	0.000
1.974	0.000
2.049	0.000
2.127	0.000
2.208	0.000
2.293	0.000
2.380	0.000
2.470	0.000
2.565	0.000
2.662	0.000
2.764	0.000
2.869	0.000
2.978	0.000
3.092	0.000
3.209	0.000
3.332	0.000
3.458	0.000
3.590	0.000
3.727	0.000
3.869	0.000
4.016	0.000
4.169	0.000
4.328	0.000
4.493	0.000
4.664	0.000
4.841	0.000
5.026	0.000
5.217	0.000
5.416	0.000
5.622	0.000
5.836	0.000
6.059	0.000
6.289	0.000
6.529	0.000
6.778	0.000
7.036	0.000
7.304	0.000
7.582	0.000
7.871	0.000
8.170	0.000
8.482	0.000
8.805	0.000
9.140	0.000
9.488	0.000
9.849	0.000
10.22	0.000
10.61	0.000
11.02	0.000
11.44	0.000
11.87	0.000
12.33	0.000
12.80	0.000
13.28	0.000
13.79	0.000
14.31	0.000
14.86	0.000
15.42	0.000
16.01	0.000
16.62	0.000
17.25	0.000
17.91	0.000
18.59	0.000
19.30	0.000
20.04	0.000
20.80	0.000
21.59	0.000
22.42	0.000
23.27	0.000
24.16	0.000
25.08	0.000
26.03	0.000
27.02	0.000
28.05	0.000
29.12	0.000
30.23	0.000
31.38	0.000
32.57	0.000
33.82	0.000
35.10	0.000
36.44	0.000
37.83	0.000
39.27	0.000
40.76	0.000
42.32	0.000
43.93	0.000
45.60	0.000
47.34	0.000
49.14	0.000
51.01	0.000
52.96	0.000
54.97	0.000
57.07	0.000
59.24	0.000
61.50	0.000
63.84	0.000
66.27	0.000
68.79	0.000
71.41	0.000
74.13	0.000
76.96	0.000
79.89	0.000
82.93	0.000
86.09	0.000
89.37	0.3410E-29
92.77	0.7717E-29
96.31	0.1699E-28
99.97	0.3640E-28
103.8	0.7602E-28
107.7	0.1549E-27
111.8	0.3080E-27
116.1	0.5985E-27
120.5	0.1137E-26
125.1	0.2152E-26
129.9	0.3929E-26
134.8	0.7033E-26
140.0	0.1235E-25
145.3	0.2130E-25
150.8	0.3608E-25
156.6	0.6009E-25
162.5	0.9844E-25
168.7	0.1590E-24
175.1	0.2524E-24
181.8	0.3949E-24
188.7	0.6091E-24
195.9	0.9268E-24
203.4	0.1392E-23
211.1	0.2065E-23
219.2	0.3024E-23
227.5	0.4375E-23
236.2	0.6258E-23
245.2	0.8853E-23
254.5	0.1239E-22
264.2	0.1717E-22
274.3	0.2355E-22
284.7	0.3198E-22
295.6	0.4303E-22
306.8	0.5738E-22
318.5	0.7586E-22
330.6	0.9942E-22
343.2	0.1292E-21
356.3	0.1667E-21
369.9	0.2133E-21
384.0	0.2710E-21
398.6	0.3418E-21
413.8	0.4279E-21
429.5	0.5321E-21
445.9	0.6575E-21
462.9	0.8069E-21
480.5	0.9842E-21
498.8	0.1193E-20
517.8	0.1437E-20
537.5	0.1722E-20
558.0	0.2050E-20
579.2	0.2429E-20
601.3	0.2862E-20
624.2	0.3354E-20
648.0	0.3910E-20
672.6	0.4536E-20
698.3	0.5237E-20
724.9	0.6019E-20
752.5	0.6884E-20
781.1	0.7840E-20
810.9	0.8890E-20
841.8	0.1004E-19
873.8	0.1129E-19
907.1	0.1264E-19
941.6	0.1412E-19
977.5	0.1570E-19
1015.	0.1738E-19
1053.	0.1919E-19
1094.	0.2110E-19
1135.	0.2311E-19
1178.	0.2524E-19
1223.	0.2746E-19
1270.	0.2976E-19
1318.	0.3214E-19
1368.	0.3457E-19
1421.	0.3703E-19
1475.	0.3946E-19
1531.	0.4191E-19
1589.	0.4430E-19
1650.	0.4661E-19
1712.	0.4881E-19
1778.	0.5087E-19
1845.	0.5276E-19
1916.	0.5447E-19
1989.	0.5598E-19
2064.	0.5730E-19
2143.	0.5841E-19
2225.	0.5931E-19
2309.	0.6001E-19
2397.	0.6050E-19
2489.	0.6082E-19
2583.	0.6095E-19
2682.	0.6090E-19
2784.	0.6070E-19
2890.	0.6035E-19
3000.	0.5988E-19
 
 
E/N (Td)	Power /N (eV m3/s)
0.1000E-02	0.1230E-22
0.1038E-02	0.1324E-22
0.1078E-02	0.1427E-22
0.1119E-02	0.1538E-22
0.1161E-02	0.1657E-22
0.1205E-02	0.1785E-22
0.1251E-02	0.1924E-22
0.1299E-02	0.2073E-22
0.1349E-02	0.2233E-22
0.1400E-02	0.2406E-22
0.1453E-02	0.2593E-22
0.1509E-02	0.2793E-22
0.1566E-02	0.3010E-22
0.1626E-02	0.3243E-22
0.1688E-02	0.3494E-22
0.1752E-02	0.3764E-22
0.1819E-02	0.4055E-22
0.1888E-02	0.4369E-22
0.1960E-02	0.4706E-22
0.2034E-02	0.5070E-22
0.2112E-02	0.5462E-22
0.2192E-02	0.5884E-22
0.2276E-02	0.6338E-22
0.2362E-02	0.6827E-22
0.2452E-02	0.7354E-22
0.2546E-02	0.7921E-22
0.2643E-02	0.8531E-22
0.2743E-02	0.9188E-22
0.2848E-02	0.9896E-22
0.2956E-02	0.1066E-21
0.3069E-02	0.1148E-21
0.3186E-02	0.1236E-21
0.3307E-02	0.1331E-21
0.3433E-02	0.1433E-21
0.3564E-02	0.1543E-21
0.3700E-02	0.1661E-21
0.3841E-02	0.1788E-21
0.3987E-02	0.1925E-21
0.4139E-02	0.2072E-21
0.4296E-02	0.2230E-21
0.4460E-02	0.2399E-21
0.4630E-02	0.2582E-21
0.4806E-02	0.2778E-21
0.4989E-02	0.2989E-21
0.5179E-02	0.3216E-21
0.5377E-02	0.3459E-21
0.5581E-02	0.3720E-21
0.5794E-02	0.4001E-21
0.6015E-02	0.4302E-21
0.6244E-02	0.4626E-21
0.6481E-02	0.4973E-21
0.6728E-02	0.5345E-21
0.6985E-02	0.5744E-21
0.7251E-02	0.6173E-21
0.7527E-02	0.6632E-21
0.7813E-02	0.7124E-21
0.8111E-02	0.7651E-21
0.8420E-02	0.8216E-21
0.8741E-02	0.8820E-21
0.9073E-02	0.9468E-21
0.9419E-02	0.1016E-20
0.9778E-02	0.1090E-20
0.1015E-01	0.1170E-20
0.1054E-01	0.1254E-20
0.1094E-01	0.1345E-20
0.1135E-01	0.1442E-20
0.1179E-01	0.1545E-20
0.1224E-01	0.1656E-20
0.1270E-01	0.1774E-20
0.1319E-01	0.1900E-20
0.1369E-01	0.2034E-20
0.1421E-01	0.2178E-20
0.1475E-01	0.2331E-20
0.1531E-01	0.2493E-20
0.1590E-01	0.2667E-20
0.1650E-01	0.2852E-20
0.1713E-01	0.3048E-20
0.1778E-01	0.3258E-20
0.1846E-01	0.3480E-20
0.1916E-01	0.3717E-20
0.1989E-01	0.3969E-20
0.2065E-01	0.4236E-20
0.2144E-01	0.4520E-20
0.2225E-01	0.4822E-20
0.2310E-01	0.5142E-20
0.2398E-01	0.5482E-20
0.2489E-01	0.5842E-20
0.2584E-01	0.6225E-20
0.2682E-01	0.6630E-20
0.2785E-01	0.7059E-20
0.2891E-01	0.7514E-20
0.3001E-01	0.7996E-20
0.3115E-01	0.8505E-20
0.3234E-01	0.9044E-20
0.3357E-01	0.9615E-20
0.3485E-01	0.1022E-19
0.3617E-01	0.1086E-19
0.3755E-01	0.1153E-19
0.3898E-01	0.1224E-19
0.4047E-01	0.1300E-19
0.4201E-01	0.1379E-19
0.4361E-01	0.1463E-19
0.4527E-01	0.1552E-19
0.4699E-01	0.1645E-19
0.4878E-01	0.1744E-19
0.5064E-01	0.1848E-19
0.5257E-01	0.1957E-19
0.5457E-01	0.2073E-19
0.5665E-01	0.2195E-19
0.5881E-01	0.2323E-19
0.6105E-01	0.2459E-19
0.6337E-01	0.2602E-19
0.6579E-01	0.2752E-19
0.6829E-01	0.2910E-19
0.7089E-01	0.3077E-19
0.7359E-01	0.3253E-19
0.7640E-01	0.3438E-19
0.7931E-01	0.3633E-19
0.8233E-01	0.3839E-19
0.8546E-01	0.4055E-19
0.8872E-01	0.4283E-19
0.9210E-01	0.4524E-19
0.9560E-01	0.4777E-19
0.9924E-01	0.5044E-19
0.1030	0.5326E-19
0.1069	0.5623E-19
0.1110	0.5936E-19
0.1152	0.6266E-19
0.1196	0.6614E-19
0.1242	0.6981E-19
0.1289	0.7368E-19
0.1338	0.7777E-19
0.1389	0.8208E-19
0.1442	0.8662E-19
0.1497	0.9141E-19
0.1554	0.9647E-19
0.1613	0.1018E-18
0.1675	0.1074E-18
0.1739	0.1133E-18
0.1805	0.1196E-18
0.1874	0.1261E-18
0.1945	0.1331E-18
0.2019	0.1404E-18
0.2096	0.1480E-18
0.2176	0.1561E-18
0.2259	0.1646E-18
0.2345	0.1736E-18
0.2434	0.1830E-18
0.2527	0.1929E-18
0.2623	0.2033E-18
0.2723	0.2142E-18
0.2826	0.2257E-18
0.2934	0.2377E-18
0.3046	0.2504E-18
0.3162	0.2637E-18
0.3282	0.2777E-18
0.3407	0.2924E-18
0.3537	0.3077E-18
0.3672	0.3239E-18
0.3812	0.3409E-18
0.3957	0.3587E-18
0.4107	0.3773E-18
0.4264	0.3969E-18
0.4426	0.4175E-18
0.4595	0.4391E-18
0.4770	0.4617E-18
0.4952	0.4855E-18
0.5140	0.5104E-18
0.5336	0.5365E-18
0.5539	0.5640E-18
0.5750	0.5928E-18
0.5969	0.6230E-18
0.6196	0.6546E-18
0.6432	0.6879E-18
0.6677	0.7228E-18
0.6932	0.7593E-18
0.7196	0.7977E-18
0.7470	0.8380E-18
0.7754	0.8802E-18
0.8050	0.9245E-18
0.8356	0.9710E-18
0.8674	0.1020E-17
0.9005	0.1071E-17
0.9348	0.1125E-17
0.9704	0.1181E-17
1.007	0.1240E-17
1.046	0.1302E-17
1.086	0.1367E-17
1.127	0.1435E-17
1.170	0.1507E-17
1.214	0.1582E-17
1.261	0.1660E-17
1.309	0.1743E-17
1.358	0.1830E-17
1.410	0.1920E-17
1.464	0.2016E-17
1.520	0.2116E-17
1.578	0.2221E-17
1.638	0.2330E-17
1.700	0.2446E-17
1.765	0.2567E-17
1.832	0.2694E-17
1.902	0.2827E-17
1.974	0.2967E-17
2.049	0.3113E-17
2.127	0.3268E-17
2.208	0.3430E-17
2.293	0.3600E-17
2.380	0.3779E-17
2.470	0.3967E-17
2.565	0.4165E-17
2.662	0.4374E-17
2.764	0.4594E-17
2.869	0.4827E-17
2.978	0.5072E-17
3.092	0.5330E-17
3.209	0.5603E-17
3.332	0.5893E-17
3.458	0.6200E-17
3.590	0.6525E-17
3.727	0.6869E-17
3.869	0.7235E-17
4.016	0.7624E-17
4.169	0.8036E-17
4.328	0.8476E-17
4.493	0.8944E-17
4.664	0.9443E-17
4.841	0.9977E-17
5.026	0.1055E-16
5.217	0.1116E-16
5.416	0.1182E-16
5.622	0.1254E-16
5.836	0.1331E-16
6.059	0.1415E-16
6.289	0.1507E-16
6.529	0.1607E-16
6.778	0.1717E-16
7.036	0.1837E-16
7.304	0.1968E-16
7.582	0.2112E-16
7.871	0.2269E-16
8.170	0.2440E-16
8.482	0.2627E-16
8.805	0.2831E-16
9.140	0.3052E-16
9.488	0.3293E-16
9.849	0.3553E-16
10.22	0.3836E-16
10.61	0.4141E-16
11.02	0.4472E-16
11.44	0.4828E-16
11.87	0.5214E-16
12.33	0.5629E-16
12.80	0.6078E-16
13.28	0.6561E-16
13.79	0.7082E-16
14.31	0.7643E-16
14.86	0.8248E-16
15.42	0.8899E-16
16.01	0.9600E-16
16.62	0.1035E-15
17.25	0.1117E-15
17.91	0.1204E-15
18.59	0.1298E-15
19.30	0.1399E-15
20.04	0.1508E-15
20.80	0.1626E-15
21.59	0.1752E-15
22.42	0.1887E-15
23.27	0.2033E-15
24.16	0.2190E-15
25.08	0.2359E-15
26.03	0.2540E-15
27.02	0.2736E-15
28.05	0.2946E-15
29.12	0.3172E-15
30.23	0.3414E-15
31.38	0.3675E-15
32.57	0.3956E-15
33.82	0.4258E-15
35.10	0.4583E-15
36.44	0.4931E-15
37.83	0.5307E-15
39.27	0.5710E-15
40.76	0.6143E-15
42.32	0.6609E-15
43.93	0.7110E-15
45.60	0.7648E-15
47.34	0.8226E-15
49.14	0.8848E-15
51.01	0.9516E-15
52.96	0.1023E-14
54.97	0.1101E-14
57.07	0.1184E-14
59.24	0.1273E-14
61.50	0.1368E-14
63.84	0.1471E-14
66.27	0.1582E-14
68.79	0.1701E-14
71.41	0.1828E-14
74.13	0.1965E-14
76.96	0.2112E-14
79.89	0.2271E-14
82.93	0.2441E-14
86.09	0.2623E-14
89.37	0.2819E-14
92.77	0.3030E-14
96.31	0.3257E-14
99.97	0.3500E-14
103.8	0.3761E-14
107.7	0.4042E-14
111.8	0.4343E-14
116.1	0.4667E-14
120.5	0.5015E-14
125.1	0.5389E-14
129.9	0.5791E-14
134.8	0.6222E-14
140.0	0.6686E-14
145.3	0.7185E-14
150.8	0.7720E-14
156.6	0.8296E-14
162.5	0.8915E-14
168.7	0.9580E-14
175.1	0.1029E-13
181.8	0.1106E-13
188.7	0.1189E-13
195.9	0.1278E-13
203.4	0.1373E-13
211.1	0.1476E-13
219.2	0.1586E-13
227.5	0.1705E-13
236.2	0.1832E-13
245.2	0.1969E-13
254.5	0.2117E-13
264.2	0.2276E-13
274.3	0.2447E-13
284.7	0.2630E-13
295.6	0.2828E-13
306.8	0.3041E-13
318.5	0.3270E-13
330.6	0.3516E-13
343.2	0.3781E-13
356.3	0.4066E-13
369.9	0.4373E-13
384.0	0.4704E-13
398.6	0.5059E-13
413.8	0.5442E-13
429.5	0.5855E-13
445.9	0.6299E-13
462.9	0.6777E-13
480.5	0.7290E-13
498.8	0.7844E-13
517.8	0.8440E-13
537.5	0.9082E-13
558.0	0.9773E-13
579.2	0.1052E-12
601.3	0.1132E-12
624.2	0.1218E-12
648.0	0.1311E-12
672.6	0.1410E-12
698.3	0.1518E-12
724.9	0.1634E-12
752.5	0.1758E-12
781.1	0.1893E-12
810.9	0.2038E-12
841.8	0.2194E-12
873.8	0.2362E-12
907.1	0.2545E-12
941.6	0.2745E-12
977.5	0.2959E-12
1015.	0.3191E-12
1053.	0.3445E-12
1094.	0.3721E-12
1135.	0.4023E-12
1178.	0.4354E-12
1223.	0.4716E-12
1270.	0.5116E-12
1318.	0.5560E-12
1368.	0.6051E-12
1421.	0.6594E-12
1475.	0.7184E-12
1531.	0.7855E-12
1589.	0.8603E-12
1650.	0.9435E-12
1712.	0.1036E-11
1778.	0.1139E-11
1845.	0.1253E-11
1916.	0.1379E-11
1989.	0.1519E-11
2064.	0.1672E-11
2143.	0.1839E-11
2225.	0.2023E-11
2309.	0.2225E-11
2397.	0.2446E-11
2489.	0.2686E-11
2583.	0.2948E-11
2682.	0.3233E-11
2784.	0.3542E-11
2890.	0.3878E-11
3000.	0.4239E-11
 
 
E/N (Td)	Elastic power loss /N (eV m3/s)
0.1000E-02	0.1231E-22
0.1038E-02	0.1333E-22
0.1078E-02	0.1436E-22
0.1119E-02	0.1547E-22
0.1161E-02	0.1667E-22
0.1205E-02	0.1797E-22
0.1251E-02	0.1936E-22
0.1299E-02	0.2086E-22
0.1349E-02	0.2247E-22
0.1400E-02	0.2421E-22
0.1453E-02	0.2609E-22
0.1509E-02	0.2811E-22
0.1566E-02	0.3028E-22
0.1626E-02	0.3263E-22
0.1688E-02	0.3515E-22
0.1752E-02	0.3787E-22
0.1819E-02	0.4080E-22
0.1888E-02	0.4395E-22
0.1960E-02	0.4735E-22
0.2034E-02	0.5101E-22
0.2112E-02	0.5495E-22
0.2192E-02	0.5919E-22
0.2276E-02	0.6376E-22
0.2362E-02	0.6868E-22
0.2452E-02	0.7397E-22
0.2546E-02	0.7967E-22
0.2643E-02	0.8581E-22
0.2743E-02	0.9242E-22
0.2848E-02	0.9953E-22
0.2956E-02	0.1072E-21
0.3069E-02	0.1154E-21
0.3186E-02	0.1243E-21
0.3307E-02	0.1338E-21
0.3433E-02	0.1441E-21
0.3564E-02	0.1551E-21
0.3700E-02	0.1670E-21
0.3841E-02	0.1798E-21
0.3987E-02	0.1935E-21
0.4139E-02	0.2083E-21
0.4296E-02	0.2241E-21
0.4460E-02	0.2412E-21
0.4630E-02	0.2595E-21
0.4806E-02	0.2792E-21
0.4989E-02	0.3004E-21
0.5179E-02	0.3231E-21
0.5377E-02	0.3476E-21
0.5581E-02	0.3738E-21
0.5794E-02	0.4020E-21
0.6015E-02	0.4322E-21
0.6244E-02	0.4646E-21
0.6481E-02	0.4994E-21
0.6728E-02	0.5368E-21
0.6985E-02	0.5768E-21
0.7251E-02	0.6197E-21
0.7527E-02	0.6657E-21
0.7813E-02	0.7150E-21
0.8111E-02	0.7679E-21
0.8420E-02	0.8245E-21
0.8741E-02	0.8851E-21
0.9073E-02	0.9499E-21
0.9419E-02	0.1019E-20
0.9778E-02	0.1094E-20
0.1015E-01	0.1173E-20
0.1054E-01	0.1258E-20
0.1094E-01	0.1349E-20
0.1135E-01	0.1446E-20
0.1179E-01	0.1549E-20
0.1224E-01	0.1660E-20
0.1270E-01	0.1778E-20
0.1319E-01	0.1904E-20
0.1369E-01	0.2039E-20
0.1421E-01	0.2182E-20
0.1475E-01	0.2335E-20
0.1531E-01	0.2498E-20
0.1590E-01	0.2671E-20
0.1650E-01	0.2856E-20
0.1713E-01	0.3053E-20
0.1778E-01	0.3262E-20
0.1846E-01	0.3485E-20
0.1916E-01	0.3722E-20
0.1989E-01	0.3974E-20
0.2065E-01	0.4241E-20
0.2144E-01	0.4525E-20
0.2225E-01	0.4827E-20
0.2310E-01	0.5147E-20
0.2398E-01	0.5487E-20
0.2489E-01	0.5848E-20
0.2584E-01	0.6230E-20
0.2682E-01	0.6635E-20
0.2785E-01	0.7064E-20
0.2891E-01	0.7519E-20
0.3001E-01	0.8001E-20
0.3115E-01	0.8511E-20
0.3234E-01	0.9051E-20
0.3357E-01	0.9622E-20
0.3485E-01	0.1023E-19
0.3617E-01	0.1086E-19
0.3755E-01	0.1154E-19
0.3898E-01	0.1225E-19
0.4047E-01	0.1300E-19
0.4201E-01	0.1380E-19
0.4361E-01	0.1464E-19
0.4527E-01	0.1552E-19
0.4699E-01	0.1646E-19
0.4878E-01	0.1745E-19
0.5064E-01	0.1849E-19
0.5257E-01	0.1958E-19
0.5457E-01	0.2074E-19
0.5665E-01	0.2196E-19
0.5881E-01	0.2324E-19
0.6105E-01	0.2460E-19
0.6337E-01	0.2602E-19
0.6579E-01	0.2753E-19
0.6829E-01	0.2911E-19
0.7089E-01	0.3078E-19
0.7359E-01	0.3254E-19
0.7640E-01	0.3439E-19
0.7931E-01	0.3634E-19
0.8233E-01	0.3840E-19
0.8546E-01	0.4056E-19
0.8872E-01	0.4285E-19
0.9210E-01	0.4525E-19
0.9560E-01	0.4779E-19
0.9924E-01	0.5046E-19
0.1030	0.5327E-19
0.1069	0.5624E-19
0.1110	0.5937E-19
0.1152	0.6268E-19
0.1196	0.6616E-19
0.1242	0.6984E-19
0.1289	0.7371E-19
0.1338	0.7779E-19
0.1389	0.8210E-19
0.1442	0.8665E-19
0.1497	0.9144E-19
0.1554	0.9649E-19
0.1613	0.1018E-18
0.1675	0.1074E-18
0.1739	0.1134E-18
0.1805	0.1196E-18
0.1874	0.1262E-18
0.1945	0.1331E-18
0.2019	0.1404E-18
0.2096	0.1481E-18
0.2176	0.1562E-18
0.2259	0.1647E-18
0.2345	0.1736E-18
0.2434	0.1830E-18
0.2527	0.1929E-18
0.2623	0.2033E-18
0.2723	0.2142E-18
0.2826	0.2257E-18
0.2934	0.2378E-18
0.3046	0.2505E-18
0.3162	0.2638E-18
0.3282	0.2777E-18
0.3407	0.2924E-18
0.3537	0.3078E-18
0.3672	0.3240E-18
0.3812	0.3409E-18
0.3957	0.3587E-18
0.4107	0.3774E-18
0.4264	0.3970E-18
0.4426	0.4176E-18
0.4595	0.4391E-18
0.4770	0.4618E-18
0.4952	0.4855E-18
0.5140	0.5104E-18
0.5336	0.5366E-18
0.5539	0.5640E-18
0.5750	0.5928E-18
0.5969	0.6230E-18
0.6196	0.6547E-18
0.6432	0.6879E-18
0.6677	0.7228E-18
0.6932	0.7594E-18
0.7196	0.7978E-18
0.7470	0.8380E-18
0.7754	0.8803E-18
0.8050	0.9247E-18
0.8356	0.9712E-18
0.8674	0.1020E-17
0.9005	0.1071E-17
0.9348	0.1125E-17
0.9704	0.1181E-17
1.007	0.1240E-17
1.046	0.1302E-17
1.086	0.1367E-17
1.127	0.1435E-17
1.170	0.1507E-17
1.214	0.1582E-17
1.261	0.1661E-17
1.309	0.1743E-17
1.358	0.1830E-17
1.410	0.1921E-17
1.464	0.2016E-17
1.520	0.2116E-17
1.578	0.2221E-17
1.638	0.2331E-17
1.700	0.2446E-17
1.765	0.2567E-17
1.832	0.2694E-17
1.902	0.2827E-17
1.974	0.2967E-17
2.049	0.3114E-17
2.127	0.3268E-17
2.208	0.3430E-17
2.293	0.3601E-17
2.380	0.3780E-17
2.470	0.3968E-17
2.565	0.4165E-17
2.662	0.4375E-17
2.764	0.4595E-17
2.869	0.4828E-17
2.978	0.5073E-17
3.092	0.5331E-17
3.209	0.5604E-17
3.332	0.5894E-17
3.458	0.6201E-17
3.590	0.6526E-17
3.727	0.6870E-17
3.869	0.7235E-17
4.016	0.7623E-17
4.169	0.8034E-17
4.328	0.8469E-17
4.493	0.8930E-17
4.664	0.9416E-17
4.841	0.9930E-17
5.026	0.1047E-16
5.217	0.1103E-16
5.416	0.1161E-16
5.622	0.1220E-16
5.836	0.1280E-16
6.059	0.1341E-16
6.289	0.1401E-16
6.529	0.1460E-16
6.778	0.1518E-16
7.036	0.1573E-16
7.304	0.1625E-16
7.582	0.1675E-16
7.871	0.1721E-16
8.170	0.1764E-16
8.482	0.1803E-16
8.805	0.1840E-16
9.140	0.1873E-16
9.488	0.1903E-16
9.849	0.1930E-16
10.22	0.1955E-16
10.61	0.1977E-16
11.02	0.1997E-16
11.44	0.2016E-16
11.87	0.2033E-16
12.33	0.2048E-16
12.80	0.2062E-16
13.28	0.2075E-16
13.79	0.2086E-16
14.31	0.2097E-16
14.86	0.2107E-16
15.42	0.2117E-16
16.01	0.2126E-16
16.62	0.2134E-16
17.25	0.2142E-16
17.91	0.2149E-16
18.59	0.2156E-16
19.30	0.2163E-16
20.04	0.2170E-16
20.80	0.2176E-16
21.59	0.2182E-16
22.42	0.2189E-16
23.27	0.2194E-16
24.16	0.2200E-16
25.08	0.2206E-16
26.03	0.2212E-16
27.02	0.2218E-16
28.05	0.2223E-16
29.12	0.2229E-16
30.23	0.2235E-16
31.38	0.2241E-16
32.57	0.2247E-16
33.82	0.2253E-16
35.10	0.2259E-16
36.44	0.2265E-16
37.83	0.2271E-16
39.27	0.2277E-16
40.76	0.2284E-16
42.32	0.2291E-16
43.93	0.2298E-16
45.60	0.2305E-16
47.34	0.2312E-16
49.14	0.2320E-16
51.01	0.2327E-16
52.96	0.2335E-16
54.97	0.2344E-16
57.07	0.2352E-16
59.24	0.2361E-16
61.50	0.2371E-16
63.84	0.2380E-16
66.27	0.2390E-16
68.79	0.2401E-16
71.41	0.2411E-16
74.13	0.2423E-16
76.96	0.2435E-16
79.89	0.2447E-16
82.93	0.2460E-16
86.09	0.2473E-16
89.37	0.2487E-16
92.77	0.2502E-16
96.31	0.2518E-16
99.97	0.2534E-16
103.8	0.2551E-16
107.7	0.2568E-16
111.8	0.2587E-16
116.1	0.2606E-16
120.5	0.2627E-16
125.1	0.2648E-16
129.9	0.2670E-16
134.8	0.2694E-16
140.0	0.2718E-16
145.3	0.2744E-16
150.8	0.2771E-16
156.6	0.2800E-16
162.5	0.2830E-16
168.7	0.2861E-16
175.1	0.2894E-16
181.8	0.2928E-16
188.7	0.2965E-16
195.9	0.3002E-16
203.4	0.3042E-16
211.1	0.3084E-16
219.2	0.3128E-16
227.5	0.3173E-16
236.2	0.3221E-16
245.2	0.3272E-16
254.5	0.3325E-16
264.2	0.3380E-16
274.3	0.3438E-16
284.7	0.3499E-16
295.6	0.3563E-16
306.8	0.3629E-16
318.5	0.3699E-16
330.6	0.3772E-16
343.2	0.3848E-16
356.3	0.3927E-16
369.9	0.4011E-16
384.0	0.4098E-16
398.6	0.4188E-16
413.8	0.4283E-16
429.5	0.4382E-16
445.9	0.4485E-16
462.9	0.4592E-16
480.5	0.4704E-16
498.8	0.4820E-16
517.8	0.4941E-16
537.5	0.5067E-16
558.0	0.5198E-16
579.2	0.5334E-16
601.3	0.5475E-16
624.2	0.5622E-16
648.0	0.5775E-16
672.6	0.5933E-16
698.3	0.6097E-16
724.9	0.6267E-16
752.5	0.6443E-16
781.1	0.6627E-16
810.9	0.6817E-16
841.8	0.7014E-16
873.8	0.7218E-16
907.1	0.7431E-16
941.6	0.7654E-16
977.5	0.7884E-16
1015.	0.8123E-16
1053.	0.8374E-16
1094.	0.8635E-16
1135.	0.8907E-16
1178.	0.9193E-16
1223.	0.9493E-16
1270.	0.9809E-16
1318.	0.1014E-15
1368.	0.1050E-15
1421.	0.1088E-15
1475.	0.1127E-15
1531.	0.1170E-15
1589.	0.1216E-15
1650.	0.1266E-15
1712.	0.1319E-15
1778.	0.1376E-15
1845.	0.1438E-15
1916.	0.1505E-15
1989.	0.1576E-15
2064.	0.1652E-15
2143.	0.1734E-15
2225.	0.1823E-15
2309.	0.1917E-15
2397.	0.2020E-15
2489.	0.2130E-15
2583.	0.2248E-15
2682.	0.2376E-15
2784.	0.2514E-15
2890.	0.2664E-15
3000.	0.2827E-15
 
 
E/N (Td)	Inelastic power loss /N (eV m3/s)
0.1000E-02	-0.8294E-58
0.1038E-02	-0.8295E-58
0.1078E-02	-0.8295E-58
0.1119E-02	-0.8295E-58
0.1161E-02	-0.8296E-58
0.1205E-02	-0.8296E-58
0.1251E-02	-0.8296E-58
0.1299E-02	-0.8297E-58
0.1349E-02	-0.8297E-58
0.1400E-02	-0.8298E-58
0.1453E-02	-0.8298E-58
0.1509E-02	-0.8299E-58
0.1566E-02	-0.8300E-58
0.1626E-02	-0.8300E-58
0.1688E-02	-0.8301E-58
0.1752E-02	-0.8302E-58
0.1819E-02	-0.8302E-58
0.1888E-02	-0.8303E-58
0.1960E-02	-0.8304E-58
0.2034E-02	-0.8305E-58
0.2112E-02	-0.8306E-58
0.2192E-02	-0.8308E-58
0.2276E-02	-0.8309E-58
0.2362E-02	-0.8310E-58
0.2452E-02	-0.8312E-58
0.2546E-02	-0.8313E-58
0.2643E-02	-0.8315E-58
0.2743E-02	-0.8317E-58
0.2848E-02	-0.8319E-58
0.2956E-02	-0.8321E-58
0.3069E-02	-0.8323E-58
0.3186E-02	-0.8326E-58
0.3307E-02	-0.8328E-58
0.3433E-02	-0.8331E-58
0.3564E-02	-0.8334E-58
0.3700E-02	-0.8337E-58
0.3841E-02	-0.8341E-58
0.3987E-02	-0.8345E-58
0.4139E-02	-0.8349E-58
0.4296E-02	-0.8353E-58
0.4460E-02	-0.8357E-58
0.4630E-02	-0.8362E-58
0.4806E-02	-0.8367E-58
0.4989E-02	-0.8373E-58
0.5179E-02	-0.8379E-58
0.5377E-02	-0.8385E-58
0.5581E-02	-0.8392E-58
0.5794E-02	-0.8399E-58
0.6015E-02	-0.8407E-58
0.6244E-02	-0.8415E-58
0.6481E-02	-0.8424E-58
0.6728E-02	-0.8433E-58
0.6985E-02	-0.8443E-58
0.7251E-02	-0.8453E-58
0.7527E-02	-0.8464E-58
0.7813E-02	-0.8476E-58
0.8111E-02	-0.8489E-58
0.8420E-02	-0.8502E-58
0.8741E-02	-0.8516E-58
0.9073E-02	-0.8531E-58
0.9419E-02	-0.8546E-58
0.9778E-02	-0.8563E-58
0.1015E-01	-0.8580E-58
0.1054E-01	-0.8599E-58
0.1094E-01	-0.8618E-58
0.1135E-01	-0.8639E-58
0.1179E-01	-0.8660E-58
0.1224E-01	-0.8683E-58
0.1270E-01	-0.8707E-58
0.1319E-01	-0.8732E-58
0.1369E-01	-0.8758E-58
0.1421E-01	-0.8785E-58
0.1475E-01	-0.8814E-58
0.1531E-01	-0.8844E-58
0.1590E-01	-0.8875E-58
0.1650E-01	-0.8908E-58
0.1713E-01	-0.8943E-58
0.1778E-01	-0.8978E-58
0.1846E-01	-0.9016E-58
0.1916E-01	-0.9054E-58
0.1989E-01	-0.9095E-58
0.2065E-01	-0.9137E-58
0.2144E-01	-0.9180E-58
0.2225E-01	-0.9225E-58
0.2310E-01	-0.9272E-58
0.2398E-01	-0.9321E-58
0.2489E-01	-0.9371E-58
0.2584E-01	-0.9423E-58
0.2682E-01	-0.9477E-58
0.2785E-01	-0.9532E-58
0.2891E-01	-0.9590E-58
0.3001E-01	-0.9649E-58
0.3115E-01	-0.9709E-58
0.3234E-01	-0.9772E-58
0.3357E-01	-0.9836E-58
0.3485E-01	-0.9902E-58
0.3617E-01	-0.9970E-58
0.3755E-01	-0.1004E-57
0.3898E-01	-0.1011E-57
0.4047E-01	-0.1019E-57
0.4201E-01	-0.1026E-57
0.4361E-01	-0.1034E-57
0.4527E-01	-0.1042E-57
0.4699E-01	-0.1050E-57
0.4878E-01	-0.1058E-57
0.5064E-01	-0.1066E-57
0.5257E-01	-0.1075E-57
0.5457E-01	-0.1084E-57
0.5665E-01	-0.1093E-57
0.5881E-01	-0.1102E-57
0.6105E-01	-0.1111E-57
0.6337E-01	-0.1121E-57
0.6579E-01	-0.1130E-57
0.6829E-01	-0.1140E-57
0.7089E-01	-0.1150E-57
0.7359E-01	-0.1160E-57
0.7640E-01	-0.1170E-57
0.7931E-01	-0.1181E-57
0.8233E-01	-0.1191E-57
0.8546E-01	-0.1202E-57
0.8872E-01	-0.1213E-57
0.9210E-01	-0.1224E-57
0.9560E-01	-0.1236E-57
0.9924E-01	-0.1247E-57
0.1030	-0.1259E-57
0.1069	-0.1271E-57
0.1110	-0.1283E-57
0.1152	-0.1295E-57
0.1196	-0.1308E-57
0.1242	-0.1321E-57
0.1289	-0.1334E-57
0.1338	-0.1347E-57
0.1389	-0.1360E-57
0.1442	-0.1374E-57
0.1497	-0.1388E-57
0.1554	-0.1402E-57
0.1613	-0.1416E-57
0.1675	-0.1431E-57
0.1739	-0.1446E-57
0.1805	-0.1461E-57
0.1874	-0.1477E-57
0.1945	-0.1492E-57
0.2019	-0.1508E-57
0.2096	-0.1524E-57
0.2176	-0.1541E-57
0.2259	-0.1557E-57
0.2345	-0.1574E-57
0.2434	-0.1591E-57
0.2527	-0.1608E-57
0.2623	-0.1625E-57
0.2723	-0.1643E-57
0.2826	-0.1660E-57
0.2934	-0.1677E-57
0.3046	-0.1695E-57
0.3162	-0.1712E-57
0.3282	-0.1729E-57
0.3407	-0.1747E-57
0.3537	-0.1764E-57
0.3672	-0.1781E-57
0.3812	-0.1797E-57
0.3957	-0.1814E-57
0.4107	-0.1830E-57
0.4264	-0.1846E-57
0.4426	-0.1861E-57
0.4595	-0.1876E-57
0.4770	-0.1891E-57
0.4952	-0.1905E-57
0.5140	-0.1919E-57
0.5336	-0.1933E-57
0.5539	-0.1945E-57
0.5750	-0.1958E-57
0.5969	-0.1969E-57
0.6196	-0.1981E-57
0.6432	-0.1991E-57
0.6677	-0.2001E-57
0.6932	-0.2010E-57
0.7196	-0.2019E-57
0.7470	-0.2027E-57
0.7754	-0.2035E-57
0.8050	-0.2041E-57
0.8356	-0.2048E-57
0.8674	-0.2053E-57
0.9005	-0.2058E-57
0.9348	-0.2062E-57
0.9704	-0.2066E-57
1.007	-0.2069E-57
1.046	-0.2071E-57
1.086	-0.2073E-57
1.127	-0.2074E-57
1.170	-0.2075E-57
1.214	-0.2075E-57
1.261	-0.2075E-57
1.309	-0.2074E-57
1.358	-0.2072E-57
1.410	-0.2070E-57
1.464	-0.2068E-57
1.520	-0.2065E-57
1.578	-0.2061E-57
1.638	-0.2057E-57
1.700	-0.2053E-57
1.765	-0.2048E-57
1.832	-0.2043E-57
1.902	-0.2038E-57
1.974	-0.2032E-57
2.049	-0.2025E-57
2.127	-0.2019E-57
2.208	-0.2011E-57
2.293	-0.2004E-57
2.380	-0.1996E-57
2.470	-0.1988E-57
2.565	-0.1979E-57
2.662	0.3641E-25
2.764	0.1205E-24
2.869	0.3830E-24
2.978	0.1167E-23
3.092	0.3410E-23
3.209	0.9541E-23
3.332	0.2557E-22
3.458	0.6559E-22
3.590	0.1611E-21
3.727	0.3792E-21
3.869	0.8550E-21
4.016	0.1849E-20
4.169	0.3837E-20
4.328	0.7648E-20
4.493	0.1466E-19
4.664	0.2703E-19
4.841	0.4803E-19
5.026	0.8234E-19
5.217	0.1363E-18
5.416	0.2183E-18
5.622	0.3386E-18
5.836	0.5095E-18
6.059	0.7448E-18
6.289	0.1060E-17
6.529	0.1470E-17
6.778	0.1991E-17
7.036	0.2638E-17
7.304	0.3426E-17
7.582	0.4368E-17
7.871	0.5477E-17
8.170	0.6764E-17
8.482	0.8239E-17
8.805	0.9914E-17
9.140	0.1180E-16
9.488	0.1390E-16
9.849	0.1624E-16
10.22	0.1881E-16
10.61	0.2164E-16
11.02	0.2474E-16
11.44	0.2813E-16
11.87	0.3181E-16
12.33	0.3581E-16
12.80	0.4016E-16
13.28	0.4486E-16
13.79	0.4995E-16
14.31	0.5546E-16
14.86	0.6140E-16
15.42	0.6782E-16
16.01	0.7474E-16
16.62	0.8220E-16
17.25	0.9024E-16
17.91	0.9891E-16
18.59	0.1083E-15
19.30	0.1183E-15
20.04	0.1291E-15
20.80	0.1408E-15
21.59	0.1533E-15
22.42	0.1668E-15
23.27	0.1814E-15
24.16	0.1970E-15
25.08	0.2138E-15
26.03	0.2319E-15
27.02	0.2514E-15
28.05	0.2723E-15
29.12	0.2949E-15
30.23	0.3191E-15
31.38	0.3451E-15
32.57	0.3732E-15
33.82	0.4033E-15
35.10	0.4357E-15
36.44	0.4705E-15
37.83	0.5079E-15
39.27	0.5482E-15
40.76	0.5915E-15
42.32	0.6380E-15
43.93	0.6880E-15
45.60	0.7417E-15
47.34	0.7995E-15
49.14	0.8616E-15
51.01	0.9284E-15
52.96	0.1000E-14
54.97	0.1077E-14
57.07	0.1160E-14
59.24	0.1249E-14
61.50	0.1345E-14
63.84	0.1447E-14
66.27	0.1558E-14
68.79	0.1676E-14
71.41	0.1804E-14
74.13	0.1941E-14
76.96	0.2088E-14
79.89	0.2246E-14
82.93	0.2416E-14
86.09	0.2598E-14
89.37	0.2795E-14
92.77	0.3005E-14
96.31	0.3231E-14
99.97	0.3474E-14
103.8	0.3736E-14
107.7	0.4016E-14
111.8	0.4317E-14
116.1	0.4641E-14
120.5	0.4989E-14
125.1	0.5362E-14
129.9	0.5764E-14
134.8	0.6195E-14
140.0	0.6659E-14
145.3	0.7157E-14
150.8	0.7693E-14
156.6	0.8268E-14
162.5	0.8886E-14
168.7	0.9551E-14
175.1	0.1027E-13
181.8	0.1103E-13
188.7	0.1186E-13
195.9	0.1275E-13
203.4	0.1370E-13
211.1	0.1472E-13
219.2	0.1583E-13
227.5	0.1701E-13
236.2	0.1829E-13
245.2	0.1966E-13
254.5	0.2114E-13
264.2	0.2272E-13
274.3	0.2443E-13
284.7	0.2626E-13
295.6	0.2824E-13
306.8	0.3036E-13
318.5	0.3265E-13
330.6	0.3510E-13
343.2	0.3775E-13
356.3	0.4059E-13
369.9	0.4365E-13
384.0	0.4694E-13
398.6	0.5048E-13
413.8	0.5428E-13
429.5	0.5837E-13
445.9	0.6277E-13
462.9	0.6750E-13
480.5	0.7257E-13
498.8	0.7802E-13
517.8	0.8388E-13
537.5	0.9017E-13
558.0	0.9692E-13
579.2	0.1042E-12
601.3	0.1119E-12
624.2	0.1202E-12
648.0	0.1292E-12
672.6	0.1387E-12
698.3	0.1489E-12
724.9	0.1599E-12
752.5	0.1716E-12
781.1	0.1842E-12
810.9	0.1976E-12
841.8	0.2120E-12
873.8	0.2274E-12
907.1	0.2439E-12
941.6	0.2619E-12
977.5	0.2809E-12
1015.	0.3013E-12
1053.	0.3234E-12
1094.	0.3471E-12
1135.	0.3727E-12
1178.	0.4005E-12
1223.	0.4303E-12
1270.	0.4627E-12
1318.	0.4981E-12
1368.	0.5365E-12
1421.	0.5779E-12
1475.	0.6219E-12
1531.	0.6705E-12
1589.	0.7230E-12
1650.	0.7793E-12
1712.	0.8395E-12
1778.	0.9036E-12
1845.	0.9713E-12
1916.	0.1043E-11
1989.	0.1117E-11
2064.	0.1194E-11
2143.	0.1274E-11
2225.	0.1356E-11
2309.	0.1440E-11
2397.	0.1526E-11
2489.	0.1612E-11
2583.	0.1700E-11
2682.	0.1787E-11
2784.	0.1876E-11
2890.	0.1963E-11
3000.	0.2050E-11
 
 
E/N (Td)	Growth power /N (eV m3/s)
0.1000E-02	0.000
0.1038E-02	0.000
0.1078E-02	0.000
0.1119E-02	0.000
0.1161E-02	0.000
0.1205E-02	0.000
0.1251E-02	0.000
0.1299E-02	0.000
0.1349E-02	0.000
0.1400E-02	0.000
0.1453E-02	0.000
0.1509E-02	0.000
0.1566E-02	0.000
0.1626E-02	0.000
0.1688E-02	0.000
0.1752E-02	0.000
0.1819E-02	0.000
0.1888E-02	0.000
0.1960E-02	0.000
0.2034E-02	0.000
0.2112E-02	0.000
0.2192E-02	0.000
0.2276E-02	0.000
0.2362E-02	0.000
0.2452E-02	0.000
0.2546E-02	0.000
0.2643E-02	0.000
0.2743E-02	0.000
0.2848E-02	0.000
0.2956E-02	0.000
0.3069E-02	0.000
0.3186E-02	0.000
0.3307E-02	0.000
0.3433E-02	0.000
0.3564E-02	0.000
0.3700E-02	0.000
0.3841E-02	0.000
0.3987E-02	0.000
0.4139E-02	0.000
0.4296E-02	0.000
0.4460E-02	0.000
0.4630E-02	0.000
0.4806E-02	0.000
0.4989E-02	0.000
0.5179E-02	0.000
0.5377E-02	0.000
0.5581E-02	0.000
0.5794E-02	0.000
0.6015E-02	0.000
0.6244E-02	0.000
0.6481E-02	0.000
0.6728E-02	0.000
0.6985E-02	0.000
0.7251E-02	0.000
0.7527E-02	0.000
0.7813E-02	0.000
0.8111E-02	0.000
0.8420E-02	0.000
0.8741E-02	0.000
0.9073E-02	0.000
0.9419E-02	0.000
0.9778E-02	0.000
0.1015E-01	0.000
0.1054E-01	0.000
0.1094E-01	0.000
0.1135E-01	0.000
0.1179E-01	0.000
0.1224E-01	0.000
0.1270E-01	0.000
0.1319E-01	0.000
0.1369E-01	0.000
0.1421E-01	0.000
0.1475E-01	0.000
0.1531E-01	0.000
0.1590E-01	0.000
0.1650E-01	0.000
0.1713E-01	0.000
0.1778E-01	0.000
0.1846E-01	0.000
0.1916E-01	0.000
0.1989E-01	0.000
0.2065E-01	0.000
0.2144E-01	0.000
0.2225E-01	0.000
0.2310E-01	0.000
0.2398E-01	0.000
0.2489E-01	0.000
0.2584E-01	0.000
0.2682E-01	0.000
0.2785E-01	0.000
0.2891E-01	0.000
0.3001E-01	0.000
0.3115E-01	0.000
0.3234E-01	0.000
0.3357E-01	0.000
0.3485E-01	0.000
0.3617E-01	0.000
0.3755E-01	0.000
0.3898E-01	0.000
0.4047E-01	0.000
0.4201E-01	0.000
0.4361E-01	0.000
0.4527E-01	0.000
0.4699E-01	0.000
0.4878E-01	0.000
0.5064E-01	0.000
0.5257E-01	0.000
0.5457E-01	0.000
0.5665E-01	0.000
0.5881E-01	0.000
0.6105E-01	0.000
0.6337E-01	0.000
0.6579E-01	0.000
0.6829E-01	0.000
0.7089E-01	0.000
0.7359E-01	0.000
0.7640E-01	0.000
0.7931E-01	0.000
0.8233E-01	0.000
0.8546E-01	0.000
0.8872E-01	0.000
0.9210E-01	0.000
0.9560E-01	0.000
0.9924E-01	0.000
0.1030	0.000
0.1069	0.000
0.1110	0.000
0.1152	0.000
0.1196	0.000
0.1242	0.000
0.1289	0.000
0.1338	0.000
0.1389	0.000
0.1442	0.000
0.1497	0.000
0.1554	0.000
0.1613	0.000
0.1675	0.000
0.1739	0.000
0.1805	0.000
0.1874	0.000
0.1945	0.000
0.2019	0.000
0.2096	0.000
0.2176	0.000
0.2259	0.000
0.2345	0.000
0.2434	0.000
0.2527	0.000
0.2623	0.000
0.2723	0.000
0.2826	0.000
0.2934	0.000
0.3046	0.000
0.3162	0.000
0.3282	0.000
0.3407	0.000
0.3537	0.000
0.3672	0.000
0.3812	0.000
0.3957	0.000
0.4107	0.000
0.4264	0.000
0.4426	0.000
0.4595	0.000
0.4770	0.000
0.4952	0.000
0.5140	0.000
0.5336	0.000
0.5539	0.000
0.5750	0.000
0.5969	0.000
0.6196	0.000
0.6432	0.000
0.6677	0.000
0.6932	0.000
0.7196	0.000
0.7470	0.000
0.7754	0.000
0.8050	0.000
0.8356	0.000
0.8674	0.000
0.9005	0.000
0.9348	0.000
0.9704	0.000
1.007	0.000
1.046	0.000
1.086	0.000
1.127	0.000
1.170	0.000
1.214	0.000
1.261	0.000
1.309	0.000
1.358	0.000
1.410	0.000
1.464	0.000
1.520	0.000
1.578	0.000
1.638	0.000
1.700	0.000
1.765	0.000
1.832	0.000
1.902	0.000
1.974	0.000
2.049	0.000
2.127	0.000
2.208	0.000
2.293	0.000
2.380	0.000
2.470	0.000
2.565	0.000
2.662	0.000
2.764	0.000
2.869	0.000
2.978	0.000
3.092	0.000
3.209	0.000
3.332	0.000
3.458	0.000
3.590	0.000
3.727	0.000
3.869	0.000
4.016	0.000
4.169	0.000
4.328	0.000
4.493	0.000
4.664	0.000
4.841	0.000
5.026	0.000
5.217	0.000
5.416	0.000
5.622	0.000
5.836	0.000
6.059	0.000
6.289	0.000
6.529	0.000
6.778	0.000
7.036	0.000
7.304	0.000
7.582	0.000
7.871	0.000
8.170	0.000
8.482	0.000
8.805	0.000
9.140	0.000
9.488	0.000
9.849	0.000
10.22	0.000
10.61	0.000
11.02	0.000
11.44	0.000
11.87	0.000
12.33	0.000
12.80	0.000
13.28	0.000
13.79	0.000
14.31	0.000
14.86	0.000
15.42	0.000
16.01	0.000
16.62	0.000
17.25	0.000
17.91	0.000
18.59	0.000
19.30	0.000
20.04	0.000
20.80	0.000
21.59	0.000
22.42	0.000
23.27	0.000
24.16	0.000
25.08	0.000
26.03	0.000
27.02	0.000
28.05	0.000
29.12	0.000
30.23	0.000
31.38	0.000
32.57	0.000
33.82	0.000
35.10	0.000
36.44	0.000
37.83	0.000
39.27	0.000
40.76	0.000
42.32	0.000
43.93	0.000
45.60	0.000
47.34	0.000
49.14	0.000
51.01	0.000
52.96	0.000
54.97	0.000
57.07	0.000
59.24	0.000
61.50	0.000
63.84	0.000
66.27	0.000
68.79	0.000
71.41	0.000
74.13	0.000
76.96	0.000
79.89	0.000
82.93	0.000
86.09	0.000
89.37	0.1231E-24
92.77	0.2896E-24
96.31	0.6628E-24
99.97	0.1477E-23
103.8	0.3210E-23
107.7	0.6803E-23
111.8	0.1408E-22
116.1	0.2847E-22
120.5	0.5633E-22
125.1	0.1110E-21
129.9	0.2111E-21
134.8	0.3937E-21
140.0	0.7205E-21
145.3	0.1295E-20
150.8	0.2288E-20
156.6	0.3975E-20
162.5	0.6796E-20
168.7	0.1146E-19
175.1	0.1899E-19
181.8	0.3105E-19
188.7	0.5005E-19
195.9	0.7962E-19
203.4	0.1250E-18
211.1	0.1941E-18
219.2	0.2976E-18
227.5	0.4510E-18
236.2	0.6761E-18
245.2	0.1003E-17
254.5	0.1472E-17
264.2	0.2142E-17
274.3	0.3085E-17
284.7	0.4402E-17
295.6	0.6227E-17
306.8	0.8735E-17
318.5	0.1216E-16
330.6	0.1678E-16
343.2	0.2298E-16
356.3	0.3126E-16
369.9	0.4220E-16
384.0	0.5658E-16
398.6	0.7537E-16
413.8	0.9973E-16
429.5	0.1311E-15
445.9	0.1714E-15
462.9	0.2227E-15
480.5	0.2876E-15
498.8	0.3694E-15
517.8	0.4718E-15
537.5	0.5995E-15
558.0	0.7575E-15
579.2	0.9526E-15
601.3	0.1192E-14
624.2	0.1484E-14
648.0	0.1838E-14
672.6	0.2268E-14
698.3	0.2785E-14
724.9	0.3405E-14
752.5	0.4147E-14
781.1	0.5030E-14
810.9	0.6078E-14
841.8	0.7318E-14
873.8	0.8778E-14
907.1	0.1050E-13
941.6	0.1256E-13
977.5	0.1495E-13
1015.	0.1775E-13
1053.	0.2106E-13
1094.	0.2493E-13
1135.	0.2948E-13
1178.	0.3488E-13
1223.	0.4123E-13
1270.	0.4876E-13
1318.	0.5779E-13
1368.	0.6858E-13
1421.	0.8145E-13
1475.	0.9652E-13
1531.	0.1151E-12
1589.	0.1375E-12
1650.	0.1644E-12
1712.	0.1967E-12
1778.	0.2356E-12
1845.	0.2818E-12
1916.	0.3370E-12
1989.	0.4017E-12
2064.	0.4776E-12
2143.	0.5657E-12
2225.	0.6680E-12
2309.	0.7857E-12
2397.	0.9213E-12
2489.	0.1075E-11
2583.	0.1249E-11
2682.	0.1447E-11
2784.	0.1668E-11
2890.	0.1916E-11
3000.	0.2191E-11
 
 
E/N (Td)	Maximum energy
0.1000E-02	0.6442
0.1038E-02	0.6442
0.1078E-02	0.6442
0.1119E-02	0.6442
0.1161E-02	0.6442
0.1205E-02	0.6442
0.1251E-02	0.6442
0.1299E-02	0.6442
0.1349E-02	0.6442
0.1400E-02	0.6442
0.1453E-02	0.6442
0.1509E-02	0.6442
0.1566E-02	0.6442
0.1626E-02	0.6442
0.1688E-02	0.6442
0.1752E-02	0.6442
0.1819E-02	0.6442
0.1888E-02	0.6442
0.1960E-02	0.6442
0.2034E-02	0.6442
0.2112E-02	0.6442
0.2192E-02	0.6442
0.2276E-02	0.6442
0.2362E-02	0.6442
0.2452E-02	0.6442
0.2546E-02	0.6442
0.2643E-02	0.6442
0.2743E-02	0.6442
0.2848E-02	0.6442
0.2956E-02	0.6442
0.3069E-02	0.6442
0.3186E-02	0.6442
0.3307E-02	0.6442
0.3433E-02	0.6442
0.3564E-02	0.6442
0.3700E-02	0.6442
0.3841E-02	0.6442
0.3987E-02	0.6442
0.4139E-02	0.6442
0.4296E-02	0.6442
0.4460E-02	0.6442
0.4630E-02	0.6442
0.4806E-02	0.6442
0.4989E-02	0.6442
0.5179E-02	0.6442
0.5377E-02	0.6442
0.5581E-02	0.6442
0.5794E-02	0.6442
0.6015E-02	0.6442
0.6244E-02	0.6442
0.6481E-02	0.6442
0.6728E-02	0.6442
0.6985E-02	0.6442
0.7251E-02	0.6442
0.7527E-02	0.6442
0.7813E-02	0.6442
0.8111E-02	0.6442
0.8420E-02	0.6442
0.8741E-02	0.6442
0.9073E-02	0.6442
0.9419E-02	0.6442
0.9778E-02	0.6442
0.1015E-01	0.6442
0.1054E-01	0.6442
0.1094E-01	0.6442
0.1135E-01	0.6442
0.1179E-01	0.6442
0.1224E-01	0.6442
0.1270E-01	0.6442
0.1319E-01	0.6442
0.1369E-01	0.6442
0.1421E-01	0.6442
0.1475E-01	0.6442
0.1531E-01	0.6442
0.1590E-01	0.6442
0.1650E-01	0.6442
0.1713E-01	0.6442
0.1778E-01	0.6442
0.1846E-01	0.6442
0.1916E-01	0.6442
0.1989E-01	0.6442
0.2065E-01	0.6442
0.2144E-01	0.6442
0.2225E-01	0.6442
0.2310E-01	0.6442
0.2398E-01	0.6442
0.2489E-01	0.6442
0.2584E-01	0.6442
0.2682E-01	0.6442
0.2785E-01	0.6442
0.2891E-01	0.6442
0.3001E-01	0.6442
0.3115E-01	0.6442
0.3234E-01	0.7672
0.3357E-01	0.7672
0.3485E-01	0.7672
0.3617E-01	0.7672
0.3755E-01	0.7672
0.3898E-01	0.7672
0.4047E-01	0.7672
0.4201E-01	0.7672
0.4361E-01	0.7672
0.4527E-01	0.7672
0.4699E-01	0.7672
0.4878E-01	0.7672
0.5064E-01	0.7672
0.5257E-01	0.7672
0.5457E-01	0.7672
0.5665E-01	0.7672
0.5881E-01	0.7672
0.6105E-01	0.7672
0.6337E-01	0.7672
0.6579E-01	0.7672
0.6829E-01	0.7672
0.7089E-01	0.7672
0.7359E-01	0.7672
0.7640E-01	0.7672
0.7931E-01	0.7672
0.8233E-01	0.7672
0.8546E-01	0.7672
0.8872E-01	0.7672
0.9210E-01	0.7672
0.9560E-01	0.7672
0.9924E-01	0.7672
0.1030	0.7672
0.1069	0.7672
0.1110	0.7672
0.1152	0.7672
0.1196	0.7672
0.1242	0.9137
0.1289	0.9137
0.1338	0.9137
0.1389	0.9137
0.1442	0.9137
0.1497	0.9137
0.1554	0.9137
0.1613	0.9137
0.1675	0.9137
0.1739	0.9137
0.1805	0.9137
0.1874	0.9137
0.1945	0.9137
0.2019	0.9137
0.2096	0.9137
0.2176	0.9137
0.2259	0.9137
0.2345	0.9137
0.2434	0.9137
0.2527	0.9137
0.2623	0.9137
0.2723	1.088
0.2826	1.088
0.2934	1.088
0.3046	1.088
0.3162	1.088
0.3282	1.088
0.3407	1.088
0.3537	1.088
0.3672	1.088
0.3812	1.088
0.3957	1.088
0.4107	1.088
0.4264	1.088
0.4426	1.088
0.4595	1.088
0.4770	1.088
0.4952	1.296
0.5140	1.296
0.5336	1.296
0.5539	1.296
0.5750	1.296
0.5969	1.296
0.6196	1.296
0.6432	1.296
0.6677	1.296
0.6932	1.296
0.7196	1.296
0.7470	1.296
0.7754	1.296
0.8050	1.544
0.8356	1.544
0.8674	1.544
0.9005	1.544
0.9348	1.544
0.9704	1.544
1.007	1.544
1.046	1.544
1.086	1.544
1.127	1.544
1.170	1.839
1.214	1.839
1.261	1.839
1.309	1.839
1.358	1.839
1.410	1.839
1.464	1.839
1.520	1.839
1.578	1.839
1.638	2.190
1.700	2.190
1.765	2.190
1.832	2.190
1.902	2.190
1.974	2.190
2.049	2.190
2.127	2.608
2.208	2.608
2.293	2.608
2.380	2.608
2.470	2.608
2.565	2.608
2.662	3.106
2.764	3.106
2.869	3.106
2.978	3.106
3.092	3.106
3.209	3.106
3.332	3.106
3.458	3.106
3.590	3.106
3.727	3.106
3.869	3.106
4.016	3.106
4.169	3.106
4.328	3.106
4.493	3.106
4.664	3.106
4.841	3.106
5.026	3.106
5.217	3.106
5.416	3.106
5.622	3.106
5.836	3.106
6.059	3.106
6.289	3.106
6.529	3.106
6.778	3.106
7.036	3.106
7.304	3.106
7.582	3.699
7.871	3.699
8.170	3.699
8.482	3.699
8.805	3.699
9.140	3.699
9.488	3.699
9.849	3.699
10.22	3.699
10.61	3.699
11.02	3.699
11.44	3.699
11.87	3.699
12.33	3.699
12.80	3.699
13.28	3.699
13.79	3.699
14.31	3.699
14.86	3.699
15.42	3.699
16.01	3.699
16.62	3.699
17.25	3.699
17.91	3.699
18.59	3.699
19.30	4.406
20.04	4.406
20.80	4.406
21.59	4.406
22.42	4.406
23.27	4.406
24.16	4.406
25.08	4.406
26.03	4.406
27.02	4.406
28.05	4.406
29.12	4.406
30.23	5.247
31.38	5.247
32.57	5.247
33.82	5.247
35.10	5.247
36.44	5.247
37.83	5.247
39.27	5.247
40.76	5.247
42.32	5.247
43.93	5.247
45.60	6.250
47.34	6.250
49.14	6.250
51.01	6.250
52.96	6.250
54.97	6.250
57.07	6.250
59.24	6.250
61.50	6.250
63.84	7.443
66.27	7.443
68.79	7.443
71.41	7.443
74.13	7.443
76.96	7.443
79.89	7.443
82.93	7.443
86.09	7.443
89.37	8.865
92.77	8.865
96.31	8.865
99.97	8.865
103.8	8.865
107.7	8.865
111.8	8.865
116.1	8.865
120.5	8.865
125.1	10.56
129.9	10.56
134.8	10.56
140.0	10.56
145.3	10.56
150.8	10.56
156.6	10.56
162.5	10.56
168.7	12.57
175.1	12.57
181.8	12.57
188.7	12.57
195.9	12.57
203.4	12.57
211.1	14.95
219.2	14.95
227.5	14.95
236.2	14.95
245.2	14.95
254.5	14.95
264.2	17.76
274.3	17.76
284.7	17.76
295.6	17.76
306.8	17.76
318.5	21.08
330.6	21.08
343.2	21.08
356.3	25.01
369.9	25.01
384.0	25.01
398.6	29.65
413.8	29.65
429.5	29.65
445.9	35.14
462.9	35.14
480.5	41.63
498.8	41.63
517.8	41.63
537.5	49.30
558.0	49.30
579.2	58.36
601.3	58.36
624.2	69.08
648.0	69.08
672.6	81.74
698.3	81.74
724.9	96.71
752.5	96.71
781.1	114.4
810.9	135.3
841.8	135.3
873.8	160.1
907.1	160.1
941.6	189.3
977.5	223.9
1015.	223.9
1053.	264.7
1094.	313.0
1135.	313.0
1178.	370.1
1223.	437.5
1270.	437.5
1318.	517.3
1368.	611.5
1421.	611.5
1475.	723.0
1531.	723.0
1589.	854.7
1650.	854.7
1712.	854.7
1778.	1010.
1845.	1010.
1916.	1194.
1989.	1194.
2064.	1194.
2143.	1412.
2225.	1412.
2309.	1412.
2397.	1669.
2489.	1669.
2583.	1669.
2682.	1973.
2784.	1973.
2890.	1973.
3000.	2333.
 
 
E/N (Td)	# of iterations
0.1000E-02	23.00
0.1038E-02	3.000
0.1078E-02	3.000
0.1119E-02	3.000
0.1161E-02	3.000
0.1205E-02	3.000
0.1251E-02	3.000
0.1299E-02	3.000
0.1349E-02	3.000
0.1400E-02	3.000
0.1453E-02	3.000
0.1509E-02	3.000
0.1566E-02	3.000
0.1626E-02	3.000
0.1688E-02	3.000
0.1752E-02	3.000
0.1819E-02	3.000
0.1888E-02	3.000
0.1960E-02	3.000
0.2034E-02	3.000
0.2112E-02	3.000
0.2192E-02	3.000
0.2276E-02	3.000
0.2362E-02	3.000
0.2452E-02	3.000
0.2546E-02	3.000
0.2643E-02	3.000
0.2743E-02	3.000
0.2848E-02	3.000
0.2956E-02	3.000
0.3069E-02	3.000
0.3186E-02	3.000
0.3307E-02	3.000
0.3433E-02	3.000
0.3564E-02	3.000
0.3700E-02	3.000
0.3841E-02	3.000
0.3987E-02	3.000
0.4139E-02	3.000
0.4296E-02	3.000
0.4460E-02	3.000
0.4630E-02	3.000
0.4806E-02	3.000
0.4989E-02	3.000
0.5179E-02	3.000
0.5377E-02	3.000
0.5581E-02	3.000
0.5794E-02	3.000
0.6015E-02	3.000
0.6244E-02	3.000
0.6481E-02	3.000
0.6728E-02	3.000
0.6985E-02	3.000
0.7251E-02	3.000
0.7527E-02	3.000
0.7813E-02	3.000
0.8111E-02	3.000
0.8420E-02	3.000
0.8741E-02	3.000
0.9073E-02	3.000
0.9419E-02	3.000
0.9778E-02	3.000
0.1015E-01	3.000
0.1054E-01	3.000
0.1094E-01	3.000
0.1135E-01	3.000
0.1179E-01	4.000
0.1224E-01	4.000
0.1270E-01	4.000
0.1319E-01	4.000
0.1369E-01	4.000
0.1421E-01	4.000
0.1475E-01	4.000
0.1531E-01	4.000
0.1590E-01	4.000
0.1650E-01	4.000
0.1713E-01	4.000
0.1778E-01	4.000
0.1846E-01	4.000
0.1916E-01	4.000
0.1989E-01	4.000
0.2065E-01	4.000
0.2144E-01	4.000
0.2225E-01	3.000
0.2310E-01	3.000
0.2398E-01	3.000
0.2489E-01	3.000
0.2584E-01	3.000
0.2682E-01	3.000
0.2785E-01	3.000
0.2891E-01	3.000
0.3001E-01	3.000
0.3115E-01	3.000
0.3234E-01	7.000
0.3357E-01	4.000
0.3485E-01	4.000
0.3617E-01	4.000
0.3755E-01	4.000
0.3898E-01	4.000
0.4047E-01	4.000
0.4201E-01	4.000
0.4361E-01	3.000
0.4527E-01	3.000
0.4699E-01	3.000
0.4878E-01	3.000
0.5064E-01	3.000
0.5257E-01	3.000
0.5457E-01	3.000
0.5665E-01	3.000
0.5881E-01	3.000
0.6105E-01	3.000
0.6337E-01	3.000
0.6579E-01	3.000
0.6829E-01	3.000
0.7089E-01	3.000
0.7359E-01	3.000
0.7640E-01	3.000
0.7931E-01	3.000
0.8233E-01	3.000
0.8546E-01	3.000
0.8872E-01	3.000
0.9210E-01	3.000
0.9560E-01	3.000
0.9924E-01	3.000
0.1030	3.000
0.1069	3.000
0.1110	3.000
0.1152	3.000
0.1196	3.000
0.1242	6.000
0.1289	3.000
0.1338	3.000
0.1389	3.000
0.1442	3.000
0.1497	3.000
0.1554	3.000
0.1613	3.000
0.1675	3.000
0.1739	3.000
0.1805	3.000
0.1874	3.000
0.1945	3.000
0.2019	3.000
0.2096	3.000
0.2176	3.000
0.2259	3.000
0.2345	3.000
0.2434	3.000
0.2527	3.000
0.2623	4.000
0.2723	7.000
0.2826	3.000
0.2934	3.000
0.3046	3.000
0.3162	3.000
0.3282	3.000
0.3407	3.000
0.3537	4.000
0.3672	4.000
0.3812	4.000
0.3957	4.000
0.4107	4.000
0.4264	4.000
0.4426	4.000
0.4595	4.000
0.4770	4.000
0.4952	8.000
0.5140	4.000
0.5336	4.000
0.5539	4.000
0.5750	4.000
0.5969	4.000
0.6196	4.000
0.6432	4.000
0.6677	4.000
0.6932	4.000
0.7196	4.000
0.7470	4.000
0.7754	4.000
0.8050	8.000
0.8356	4.000
0.8674	4.000
0.9005	4.000
0.9348	4.000
0.9704	4.000
1.007	4.000
1.046	4.000
1.086	4.000
1.127	4.000
1.170	8.000
1.214	4.000
1.261	4.000
1.309	4.000
1.358	4.000
1.410	4.000
1.464	4.000
1.520	4.000
1.578	4.000
1.638	8.000
1.700	4.000
1.765	4.000
1.832	4.000
1.902	4.000
1.974	4.000
2.049	3.000
2.127	7.000
2.208	4.000
2.293	4.000
2.380	4.000
2.470	4.000
2.565	3.000
2.662	7.000
2.764	4.000
2.869	4.000
2.978	4.000
3.092	5.000
3.209	5.000
3.332	5.000
3.458	5.000
3.590	5.000
3.727	5.000
3.869	5.000
4.016	5.000
4.169	5.000
4.328	5.000
4.493	5.000
4.664	6.000
4.841	5.000
5.026	5.000
5.217	5.000
5.416	5.000
5.622	5.000
5.836	5.000
6.059	5.000
6.289	5.000
6.529	5.000
6.778	5.000
7.036	5.000
7.304	5.000
7.582	11.00
7.871	5.000
8.170	5.000
8.482	5.000
8.805	5.000
9.140	5.000
9.488	5.000
9.849	5.000
10.22	5.000
10.61	5.000
11.02	5.000
11.44	5.000
11.87	5.000
12.33	5.000
12.80	5.000
13.28	5.000
13.79	5.000
14.31	5.000
14.86	5.000
15.42	5.000
16.01	5.000
16.62	5.000
17.25	5.000
17.91	5.000
18.59	5.000
19.30	10.00
20.04	5.000
20.80	5.000
21.59	5.000
22.42	5.000
23.27	5.000
24.16	4.000
25.08	4.000
26.03	4.000
27.02	4.000
28.05	4.000
29.12	4.000
30.23	8.000
31.38	4.000
32.57	4.000
33.82	4.000
35.10	4.000
36.44	4.000
37.83	4.000
39.27	4.000
40.76	4.000
42.32	4.000
43.93	4.000
45.60	8.000
47.34	4.000
49.14	4.000
51.01	4.000
52.96	4.000
54.97	4.000
57.07	4.000
59.24	4.000
61.50	4.000
63.84	8.000
66.27	4.000
68.79	4.000
71.41	4.000
74.13	4.000
76.96	4.000
79.89	4.000
82.93	4.000
86.09	4.000
89.37	8.000
92.77	4.000
96.31	4.000
99.97	4.000
103.8	4.000
107.7	4.000
111.8	4.000
116.1	4.000
120.5	4.000
125.1	8.000
129.9	4.000
134.8	4.000
140.0	4.000
145.3	4.000
150.8	4.000
156.6	4.000
162.5	4.000
168.7	8.000
175.1	4.000
181.8	4.000
188.7	4.000
195.9	4.000
203.4	4.000
211.1	8.000
219.2	4.000
227.5	4.000
236.2	4.000
245.2	4.000
254.5	4.000
264.2	8.000
274.3	4.000
284.7	4.000
295.6	4.000
306.8	4.000
318.5	8.000
330.6	4.000
343.2	4.000
356.3	8.000
369.9	4.000
384.0	4.000
398.6	8.000
413.8	4.000
429.5	4.000
445.9	8.000
462.9	4.000
480.5	9.000
498.8	5.000
517.8	5.000
537.5	10.00
558.0	5.000
579.2	10.00
601.3	5.000
624.2	10.00
648.0	5.000
672.6	10.00
698.3	5.000
724.9	10.00
752.5	5.000
781.1	11.00
810.9	12.00
841.8	6.000
873.8	12.00
907.1	6.000
941.6	13.00
977.5	14.00
1015.	7.000
1053.	14.00
1094.	14.00
1135.	7.000
1178.	16.00
1223.	16.00
1270.	8.000
1318.	16.00
1368.	17.00
1421.	9.000
1475.	18.00
1531.	9.000
1589.	20.00
1650.	10.00
1712.	10.00
1778.	20.00
1845.	10.00
1916.	21.00
1989.	10.00
2064.	10.00
2143.	21.00
2225.	10.00
2309.	10.00
2397.	21.00
2489.	10.00
2583.	10.00
2682.	21.00
2784.	11.00
2890.	11.00
3000.	22.00
 
 
E/N (Td)	# of grid trials
0.1000E-02	5.000
0.1038E-02	1.000
0.1078E-02	1.000
0.1119E-02	1.000
0.1161E-02	1.000
0.1205E-02	1.000
0.1251E-02	1.000
0.1299E-02	1.000
0.1349E-02	1.000
0.1400E-02	1.000
0.1453E-02	1.000
0.1509E-02	1.000
0.1566E-02	1.000
0.1626E-02	1.000
0.1688E-02	1.000
0.1752E-02	1.000
0.1819E-02	1.000
0.1888E-02	1.000
0.1960E-02	1.000
0.2034E-02	1.000
0.2112E-02	1.000
0.2192E-02	1.000
0.2276E-02	1.000
0.2362E-02	1.000
0.2452E-02	1.000
0.2546E-02	1.000
0.2643E-02	1.000
0.2743E-02	1.000
0.2848E-02	1.000
0.2956E-02	1.000
0.3069E-02	1.000
0.3186E-02	1.000
0.3307E-02	1.000
0.3433E-02	1.000
0.3564E-02	1.000
0.3700E-02	1.000
0.3841E-02	1.000
0.3987E-02	1.000
0.4139E-02	1.000
0.4296E-02	1.000
0.4460E-02	1.000
0.4630E-02	1.000
0.4806E-02	1.000
0.4989E-02	1.000
0.5179E-02	1.000
0.5377E-02	1.000
0.5581E-02	1.000
0.5794E-02	1.000
0.6015E-02	1.000
0.6244E-02	1.000
0.6481E-02	1.000
0.6728E-02	1.000
0.6985E-02	1.000
0.7251E-02	1.000
0.7527E-02	1.000
0.7813E-02	1.000
0.8111E-02	1.000
0.8420E-02	1.000
0.8741E-02	1.000
0.9073E-02	1.000
0.9419E-02	1.000
0.9778E-02	1.000
0.1015E-01	1.000
0.1054E-01	1.000
0.1094E-01	1.000
0.1135E-01	1.000
0.1179E-01	1.000
0.1224E-01	1.000
0.1270E-01	1.000
0.1319E-01	1.000
0.1369E-01	1.000
0.1421E-01	1.000
0.1475E-01	1.000
0.1531E-01	1.000
0.1590E-01	1.000
0.1650E-01	1.000
0.1713E-01	1.000
0.1778E-01	1.000
0.1846E-01	1.000
0.1916E-01	1.000
0.1989E-01	1.000
0.2065E-01	1.000
0.2144E-01	1.000
0.2225E-01	1.000
0.2310E-01	1.000
0.2398E-01	1.000
0.2489E-01	1.000
0.2584E-01	1.000
0.2682E-01	1.000
0.2785E-01	1.000
0.2891E-01	1.000
0.3001E-01	1.000
0.3115E-01	1.000
0.3234E-01	2.000
0.3357E-01	1.000
0.3485E-01	1.000
0.3617E-01	1.000
0.3755E-01	1.000
0.3898E-01	1.000
0.4047E-01	1.000
0.4201E-01	1.000
0.4361E-01	1.000
0.4527E-01	1.000
0.4699E-01	1.000
0.4878E-01	1.000
0.5064E-01	1.000
0.5257E-01	1.000
0.5457E-01	1.000
0.5665E-01	1.000
0.5881E-01	1.000
0.6105E-01	1.000
0.6337E-01	1.000
0.6579E-01	1.000
0.6829E-01	1.000
0.7089E-01	1.000
0.7359E-01	1.000
0.7640E-01	1.000
0.7931E-01	1.000
0.8233E-01	1.000
0.8546E-01	1.000
0.8872E-01	1.000
0.9210E-01	1.000
0.9560E-01	1.000
0.9924E-01	1.000
0.1030	1.000
0.1069	1.000
0.1110	1.000
0.1152	1.000
0.1196	1.000
0.1242	2.000
0.1289	1.000
0.1338	1.000
0.1389	1.000
0.1442	1.000
0.1497	1.000
0.1554	1.000
0.1613	1.000
0.1675	1.000
0.1739	1.000
0.1805	1.000
0.1874	1.000
0.1945	1.000
0.2019	1.000
0.2096	1.000
0.2176	1.000
0.2259	1.000
0.2345	1.000
0.2434	1.000
0.2527	1.000
0.2623	1.000
0.2723	2.000
0.2826	1.000
0.2934	1.000
0.3046	1.000
0.3162	1.000
0.3282	1.000
0.3407	1.000
0.3537	1.000
0.3672	1.000
0.3812	1.000
0.3957	1.000
0.4107	1.000
0.4264	1.000
0.4426	1.000
0.4595	1.000
0.4770	1.000
0.4952	2.000
0.5140	1.000
0.5336	1.000
0.5539	1.000
0.5750	1.000
0.5969	1.000
0.6196	1.000
0.6432	1.000
0.6677	1.000
0.6932	1.000
0.7196	1.000
0.7470	1.000
0.7754	1.000
0.8050	2.000
0.8356	1.000
0.8674	1.000
0.9005	1.000
0.9348	1.000
0.9704	1.000
1.007	1.000
1.046	1.000
1.086	1.000
1.127	1.000
1.170	2.000
1.214	1.000
1.261	1.000
1.309	1.000
1.358	1.000
1.410	1.000
1.464	1.000
1.520	1.000
1.578	1.000
1.638	2.000
1.700	1.000
1.765	1.000
1.832	1.000
1.902	1.000
1.974	1.000
2.049	1.000
2.127	2.000
2.208	1.000
2.293	1.000
2.380	1.000
2.470	1.000
2.565	1.000
2.662	2.000
2.764	1.000
2.869	1.000
2.978	1.000
3.092	1.000
3.209	1.000
3.332	1.000
3.458	1.000
3.590	1.000
3.727	1.000
3.869	1.000
4.016	1.000
4.169	1.000
4.328	1.000
4.493	1.000
4.664	1.000
4.841	1.000
5.026	1.000
5.217	1.000
5.416	1.000
5.622	1.000
5.836	1.000
6.059	1.000
6.289	1.000
6.529	1.000
6.778	1.000
7.036	1.000
7.304	1.000
7.582	2.000
7.871	1.000
8.170	1.000
8.482	1.000
8.805	1.000
9.140	1.000
9.488	1.000
9.849	1.000
10.22	1.000
10.61	1.000
11.02	1.000
11.44	1.000
11.87	1.000
12.33	1.000
12.80	1.000
13.28	1.000
13.79	1.000
14.31	1.000
14.86	1.000
15.42	1.000
16.01	1.000
16.62	1.000
17.25	1.000
17.91	1.000
18.59	1.000
19.30	2.000
20.04	1.000
20.80	1.000
21.59	1.000
22.42	1.000
23.27	1.000
24.16	1.000
25.08	1.000
26.03	1.000
27.02	1.000
28.05	1.000
29.12	1.000
30.23	2.000
31.38	1.000
32.57	1.000
33.82	1.000
35.10	1.000
36.44	1.000
37.83	1.000
39.27	1.000
40.76	1.000
42.32	1.000
43.93	1.000
45.60	2.000
47.34	1.000
49.14	1.000
51.01	1.000
52.96	1.000
54.97	1.000
57.07	1.000
59.24	1.000
61.50	1.000
63.84	2.000
66.27	1.000
68.79	1.000
71.41	1.000
74.13	1.000
76.96	1.000
79.89	1.000
82.93	1.000
86.09	1.000
89.37	2.000
92.77	1.000
96.31	1.000
99.97	1.000
103.8	1.000
107.7	1.000
111.8	1.000
116.1	1.000
120.5	1.000
125.1	2.000
129.9	1.000
134.8	1.000
140.0	1.000
145.3	1.000
150.8	1.000
156.6	1.000
162.5	1.000
168.7	2.000
175.1	1.000
181.8	1.000
188.7	1.000
195.9	1.000
203.4	1.000
211.1	2.000
219.2	1.000
227.5	1.000
236.2	1.000
245.2	1.000
254.5	1.000
264.2	2.000
274.3	1.000
284.7	1.000
295.6	1.000
306.8	1.000
318.5	2.000
330.6	1.000
343.2	1.000
356.3	2.000
369.9	1.000
384.0	1.000
398.6	2.000
413.8	1.000
429.5	1.000
445.9	2.000
462.9	1.000
480.5	2.000
498.8	1.000
517.8	1.000
537.5	2.000
558.0	1.000
579.2	2.000
601.3	1.000
624.2	2.000
648.0	1.000
672.6	2.000
698.3	1.000
724.9	2.000
752.5	1.000
781.1	2.000
810.9	2.000
841.8	1.000
873.8	2.000
907.1	1.000
941.6	2.000
977.5	2.000
1015.	1.000
1053.	2.000
1094.	2.000
1135.	1.000
1178.	2.000
1223.	2.000
1270.	1.000
1318.	2.000
1368.	2.000
1421.	1.000
1475.	2.000
1531.	1.000
1589.	2.000
1650.	1.000
1712.	1.000
1778.	2.000
1845.	1.000
1916.	2.000
1989.	1.000
2064.	1.000
2143.	2.000
2225.	1.000
2309.	1.000
2397.	2.000
2489.	1.000
2583.	1.000
2682.	2.000
2784.	1.000
2890.	1.000
3000.	2.000
 
 
C1    Mg    Effective (momentum)                                
E/N (Td)	Rate coefficient (m3/s)
0.1000E-02	0.1277E-13
0.1038E-02	0.1277E-13
0.1078E-02	0.1277E-13
0.1119E-02	0.1277E-13
0.1161E-02	0.1277E-13
0.1205E-02	0.1277E-13
0.1251E-02	0.1277E-13
0.1299E-02	0.1277E-13
0.1349E-02	0.1277E-13
0.1400E-02	0.1277E-13
0.1453E-02	0.1278E-13
0.1509E-02	0.1278E-13
0.1566E-02	0.1278E-13
0.1626E-02	0.1278E-13
0.1688E-02	0.1278E-13
0.1752E-02	0.1278E-13
0.1819E-02	0.1278E-13
0.1888E-02	0.1279E-13
0.1960E-02	0.1279E-13
0.2034E-02	0.1279E-13
0.2112E-02	0.1279E-13
0.2192E-02	0.1280E-13
0.2276E-02	0.1280E-13
0.2362E-02	0.1280E-13
0.2452E-02	0.1280E-13
0.2546E-02	0.1281E-13
0.2643E-02	0.1281E-13
0.2743E-02	0.1281E-13
0.2848E-02	0.1282E-13
0.2956E-02	0.1282E-13
0.3069E-02	0.1283E-13
0.3186E-02	0.1283E-13
0.3307E-02	0.1284E-13
0.3433E-02	0.1284E-13
0.3564E-02	0.1285E-13
0.3700E-02	0.1286E-13
0.3841E-02	0.1286E-13
0.3987E-02	0.1287E-13
0.4139E-02	0.1288E-13
0.4296E-02	0.1289E-13
0.4460E-02	0.1290E-13
0.4630E-02	0.1291E-13
0.4806E-02	0.1292E-13
0.4989E-02	0.1293E-13
0.5179E-02	0.1294E-13
0.5377E-02	0.1296E-13
0.5581E-02	0.1297E-13
0.5794E-02	0.1299E-13
0.6015E-02	0.1300E-13
0.6244E-02	0.1302E-13
0.6481E-02	0.1304E-13
0.6728E-02	0.1306E-13
0.6985E-02	0.1308E-13
0.7251E-02	0.1310E-13
0.7527E-02	0.1313E-13
0.7813E-02	0.1315E-13
0.8111E-02	0.1318E-13
0.8420E-02	0.1321E-13
0.8741E-02	0.1324E-13
0.9073E-02	0.1327E-13
0.9419E-02	0.1330E-13
0.9778E-02	0.1334E-13
0.1015E-01	0.1338E-13
0.1054E-01	0.1342E-13
0.1094E-01	0.1346E-13
0.1135E-01	0.1351E-13
0.1179E-01	0.1356E-13
0.1224E-01	0.1361E-13
0.1270E-01	0.1366E-13
0.1319E-01	0.1372E-13
0.1369E-01	0.1378E-13
0.1421E-01	0.1384E-13
0.1475E-01	0.1391E-13
0.1531E-01	0.1397E-13
0.1590E-01	0.1405E-13
0.1650E-01	0.1412E-13
0.1713E-01	0.1420E-13
0.1778E-01	0.1429E-13
0.1846E-01	0.1438E-13
0.1916E-01	0.1447E-13
0.1989E-01	0.1457E-13
0.2065E-01	0.1467E-13
0.2144E-01	0.1477E-13
0.2225E-01	0.1488E-13
0.2310E-01	0.1500E-13
0.2398E-01	0.1512E-13
0.2489E-01	0.1525E-13
0.2584E-01	0.1538E-13
0.2682E-01	0.1551E-13
0.2785E-01	0.1565E-13
0.2891E-01	0.1580E-13
0.3001E-01	0.1596E-13
0.3115E-01	0.1612E-13
0.3234E-01	0.1628E-13
0.3357E-01	0.1645E-13
0.3485E-01	0.1663E-13
0.3617E-01	0.1682E-13
0.3755E-01	0.1701E-13
0.3898E-01	0.1721E-13
0.4047E-01	0.1741E-13
0.4201E-01	0.1763E-13
0.4361E-01	0.1785E-13
0.4527E-01	0.1808E-13
0.4699E-01	0.1831E-13
0.4878E-01	0.1856E-13
0.5064E-01	0.1881E-13
0.5257E-01	0.1907E-13
0.5457E-01	0.1933E-13
0.5665E-01	0.1961E-13
0.5881E-01	0.1989E-13
0.6105E-01	0.2019E-13
0.6337E-01	0.2049E-13
0.6579E-01	0.2080E-13
0.6829E-01	0.2112E-13
0.7089E-01	0.2145E-13
0.7359E-01	0.2179E-13
0.7640E-01	0.2214E-13
0.7931E-01	0.2249E-13
0.8233E-01	0.2286E-13
0.8546E-01	0.2324E-13
0.8872E-01	0.2363E-13
0.9210E-01	0.2402E-13
0.9560E-01	0.2443E-13
0.9924E-01	0.2485E-13
0.1030	0.2528E-13
0.1069	0.2573E-13
0.1110	0.2618E-13
0.1152	0.2665E-13
0.1196	0.2713E-13
0.1242	0.2762E-13
0.1289	0.2813E-13
0.1338	0.2865E-13
0.1389	0.2919E-13
0.1442	0.2974E-13
0.1497	0.3030E-13
0.1554	0.3088E-13
0.1613	0.3148E-13
0.1675	0.3210E-13
0.1739	0.3273E-13
0.1805	0.3338E-13
0.1874	0.3405E-13
0.1945	0.3473E-13
0.2019	0.3544E-13
0.2096	0.3617E-13
0.2176	0.3691E-13
0.2259	0.3768E-13
0.2345	0.3847E-13
0.2434	0.3928E-13
0.2527	0.4012E-13
0.2623	0.4097E-13
0.2723	0.4185E-13
0.2826	0.4276E-13
0.2934	0.4368E-13
0.3046	0.4464E-13
0.3162	0.4562E-13
0.3282	0.4662E-13
0.3407	0.4765E-13
0.3537	0.4871E-13
0.3672	0.4980E-13
0.3812	0.5091E-13
0.3957	0.5206E-13
0.4107	0.5323E-13
0.4264	0.5444E-13
0.4426	0.5568E-13
0.4595	0.5695E-13
0.4770	0.5825E-13
0.4952	0.5959E-13
0.5140	0.6097E-13
0.5336	0.6238E-13
0.5539	0.6383E-13
0.5750	0.6532E-13
0.5969	0.6685E-13
0.6196	0.6842E-13
0.6432	0.7003E-13
0.6677	0.7168E-13
0.6932	0.7338E-13
0.7196	0.7513E-13
0.7470	0.7692E-13
0.7754	0.7876E-13
0.8050	0.8065E-13
0.8356	0.8260E-13
0.8674	0.8459E-13
0.9005	0.8664E-13
0.9348	0.8874E-13
0.9704	0.9091E-13
1.007	0.9313E-13
1.046	0.9541E-13
1.086	0.9776E-13
1.127	0.1002E-12
1.170	0.1026E-12
1.214	0.1052E-12
1.261	0.1078E-12
1.309	0.1105E-12
1.358	0.1132E-12
1.410	0.1161E-12
1.464	0.1190E-12
1.520	0.1220E-12
1.578	0.1251E-12
1.638	0.1282E-12
1.700	0.1315E-12
1.765	0.1348E-12
1.832	0.1383E-12
1.902	0.1418E-12
1.974	0.1454E-12
2.049	0.1491E-12
2.127	0.1529E-12
2.208	0.1569E-12
2.293	0.1609E-12
2.380	0.1651E-12
2.470	0.1693E-12
2.565	0.1737E-12
2.662	0.1782E-12
2.764	0.1829E-12
2.869	0.1876E-12
2.978	0.1926E-12
3.092	0.1976E-12
3.209	0.2027E-12
3.332	0.2081E-12
3.458	0.2136E-12
3.590	0.2192E-12
3.727	0.2250E-12
3.869	0.2309E-12
4.016	0.2370E-12
4.169	0.2433E-12
4.328	0.2497E-12
4.493	0.2563E-12
4.664	0.2630E-12
4.841	0.2698E-12
5.026	0.2767E-12
5.217	0.2836E-12
5.416	0.2905E-12
5.622	0.2974E-12
5.836	0.3041E-12
6.059	0.3107E-12
6.289	0.3170E-12
6.529	0.3230E-12
6.778	0.3286E-12
7.036	0.3339E-12
7.304	0.3387E-12
7.582	0.3431E-12
7.871	0.3471E-12
8.170	0.3507E-12
8.482	0.3539E-12
8.805	0.3568E-12
9.140	0.3593E-12
9.488	0.3615E-12
9.849	0.3635E-12
10.22	0.3652E-12
10.61	0.3667E-12
11.02	0.3680E-12
11.44	0.3692E-12
11.87	0.3702E-12
12.33	0.3711E-12
12.80	0.3719E-12
13.28	0.3727E-12
13.79	0.3733E-12
14.31	0.3739E-12
14.86	0.3744E-12
15.42	0.3749E-12
16.01	0.3754E-12
16.62	0.3758E-12
17.25	0.3762E-12
17.91	0.3766E-12
18.59	0.3770E-12
19.30	0.3773E-12
20.04	0.3776E-12
20.80	0.3780E-12
21.59	0.3783E-12
22.42	0.3786E-12
23.27	0.3789E-12
24.16	0.3793E-12
25.08	0.3796E-12
26.03	0.3799E-12
27.02	0.3802E-12
28.05	0.3806E-12
29.12	0.3809E-12
30.23	0.3812E-12
31.38	0.3816E-12
32.57	0.3820E-12
33.82	0.3823E-12
35.10	0.3827E-12
36.44	0.3831E-12
37.83	0.3835E-12
39.27	0.3839E-12
40.76	0.3843E-12
42.32	0.3848E-12
43.93	0.3852E-12
45.60	0.3857E-12
47.34	0.3862E-12
49.14	0.3867E-12
51.01	0.3872E-12
52.96	0.3877E-12
54.97	0.3883E-12
57.07	0.3888E-12
59.24	0.3894E-12
61.50	0.3900E-12
63.84	0.3907E-12
66.27	0.3913E-12
68.79	0.3920E-12
71.41	0.3927E-12
74.13	0.3935E-12
76.96	0.3942E-12
79.89	0.3950E-12
82.93	0.3959E-12
86.09	0.3967E-12
89.37	0.3976E-12
92.77	0.3985E-12
96.31	0.3995E-12
99.97	0.4005E-12
103.8	0.4015E-12
107.7	0.4025E-12
111.8	0.4036E-12
116.1	0.4048E-12
120.5	0.4059E-12
125.1	0.4071E-12
129.9	0.4083E-12
134.8	0.4096E-12
140.0	0.4109E-12
145.3	0.4123E-12
150.8	0.4137E-12
156.6	0.4151E-12
162.5	0.4166E-12
168.7	0.4182E-12
175.1	0.4197E-12
181.8	0.4213E-12
188.7	0.4230E-12
195.9	0.4247E-12
203.4	0.4264E-12
211.1	0.4282E-12
219.2	0.4300E-12
227.5	0.4318E-12
236.2	0.4337E-12
245.2	0.4357E-12
254.5	0.4376E-12
264.2	0.4397E-12
274.3	0.4417E-12
284.7	0.4438E-12
295.6	0.4460E-12
306.8	0.4481E-12
318.5	0.4503E-12
330.6	0.4526E-12
343.2	0.4548E-12
356.3	0.4571E-12
369.9	0.4594E-12
384.0	0.4618E-12
398.6	0.4641E-12
413.8	0.4665E-12
429.5	0.4689E-12
445.9	0.4713E-12
462.9	0.4737E-12
480.5	0.4761E-12
498.8	0.4785E-12
517.8	0.4809E-12
537.5	0.4833E-12
558.0	0.4857E-12
579.2	0.4880E-12
601.3	0.4904E-12
624.2	0.4927E-12
648.0	0.4951E-12
672.6	0.4974E-12
698.3	0.4996E-12
724.9	0.5018E-12
752.5	0.5040E-12
781.1	0.5062E-12
810.9	0.5083E-12
841.8	0.5104E-12
873.8	0.5123E-12
907.1	0.5143E-12
941.6	0.5162E-12
977.5	0.5179E-12
1015.	0.5196E-12
1053.	0.5212E-12
1094.	0.5227E-12
1135.	0.5240E-12
1178.	0.5252E-12
1223.	0.5262E-12
1270.	0.5269E-12
1318.	0.5273E-12
1368.	0.5275E-12
1421.	0.5274E-12
1475.	0.5269E-12
1531.	0.5259E-12
1589.	0.5244E-12
1650.	0.5224E-12
1712.	0.5199E-12
1778.	0.5167E-12
1845.	0.5130E-12
1916.	0.5087E-12
1989.	0.5038E-12
2064.	0.4983E-12
2143.	0.4923E-12
2225.	0.4858E-12
2309.	0.4787E-12
2397.	0.4710E-12
2489.	0.4630E-12
2583.	0.4545E-12
2682.	0.4454E-12
2784.	0.4362E-12
2890.	0.4266E-12
3000.	0.4169E-12
 
 
C2    Mg    Excitation    2.71 eV                               
E/N (Td)	Rate coefficient (m3/s)
0.1000E-02	0.000
0.1038E-02	0.000
0.1078E-02	0.000
0.1119E-02	0.000
0.1161E-02	0.000
0.1205E-02	0.000
0.1251E-02	0.000
0.1299E-02	0.000
0.1349E-02	0.000
0.1400E-02	0.000
0.1453E-02	0.000
0.1509E-02	0.000
0.1566E-02	0.000
0.1626E-02	0.000
0.1688E-02	0.000
0.1752E-02	0.000
0.1819E-02	0.000
0.1888E-02	0.000
0.1960E-02	0.000
0.2034E-02	0.000
0.2112E-02	0.000
0.2192E-02	0.000
0.2276E-02	0.000
0.2362E-02	0.000
0.2452E-02	0.000
0.2546E-02	0.000
0.2643E-02	0.000
0.2743E-02	0.000
0.2848E-02	0.000
0.2956E-02	0.000
0.3069E-02	0.000
0.3186E-02	0.000
0.3307E-02	0.000
0.3433E-02	0.000
0.3564E-02	0.000
0.3700E-02	0.000
0.3841E-02	0.000
0.3987E-02	0.000
0.4139E-02	0.000
0.4296E-02	0.000
0.4460E-02	0.000
0.4630E-02	0.000
0.4806E-02	0.000
0.4989E-02	0.000
0.5179E-02	0.000
0.5377E-02	0.000
0.5581E-02	0.000
0.5794E-02	0.000
0.6015E-02	0.000
0.6244E-02	0.000
0.6481E-02	0.000
0.6728E-02	0.000
0.6985E-02	0.000
0.7251E-02	0.000
0.7527E-02	0.000
0.7813E-02	0.000
0.8111E-02	0.000
0.8420E-02	0.000
0.8741E-02	0.000
0.9073E-02	0.000
0.9419E-02	0.000
0.9778E-02	0.000
0.1015E-01	0.000
0.1054E-01	0.000
0.1094E-01	0.000
0.1135E-01	0.000
0.1179E-01	0.000
0.1224E-01	0.000
0.1270E-01	0.000
0.1319E-01	0.000
0.1369E-01	0.000
0.1421E-01	0.000
0.1475E-01	0.000
0.1531E-01	0.000
0.1590E-01	0.000
0.1650E-01	0.000
0.1713E-01	0.000
0.1778E-01	0.000
0.1846E-01	0.000
0.1916E-01	0.000
0.1989E-01	0.000
0.2065E-01	0.000
0.2144E-01	0.000
0.2225E-01	0.000
0.2310E-01	0.000
0.2398E-01	0.000
0.2489E-01	0.000
0.2584E-01	0.000
0.2682E-01	0.000
0.2785E-01	0.000
0.2891E-01	0.000
0.3001E-01	0.000
0.3115E-01	0.000
0.3234E-01	0.000
0.3357E-01	0.000
0.3485E-01	0.000
0.3617E-01	0.000
0.3755E-01	0.000
0.3898E-01	0.000
0.4047E-01	0.000
0.4201E-01	0.000
0.4361E-01	0.000
0.4527E-01	0.000
0.4699E-01	0.000
0.4878E-01	0.000
0.5064E-01	0.000
0.5257E-01	0.000
0.5457E-01	0.000
0.5665E-01	0.000
0.5881E-01	0.000
0.6105E-01	0.000
0.6337E-01	0.000
0.6579E-01	0.000
0.6829E-01	0.000
0.7089E-01	0.000
0.7359E-01	0.000
0.7640E-01	0.000
0.7931E-01	0.000
0.8233E-01	0.000
0.8546E-01	0.000
0.8872E-01	0.000
0.9210E-01	0.000
0.9560E-01	0.000
0.9924E-01	0.000
0.1030	0.000
0.1069	0.000
0.1110	0.000
0.1152	0.000
0.1196	0.000
0.1242	0.000
0.1289	0.000
0.1338	0.000
0.1389	0.000
0.1442	0.000
0.1497	0.000
0.1554	0.000
0.1613	0.000
0.1675	0.000
0.1739	0.000
0.1805	0.000
0.1874	0.000
0.1945	0.000
0.2019	0.000
0.2096	0.000
0.2176	0.000
0.2259	0.000
0.2345	0.000
0.2434	0.000
0.2527	0.000
0.2623	0.000
0.2723	0.000
0.2826	0.000
0.2934	0.000
0.3046	0.000
0.3162	0.000
0.3282	0.000
0.3407	0.000
0.3537	0.000
0.3672	0.000
0.3812	0.000
0.3957	0.000
0.4107	0.000
0.4264	0.000
0.4426	0.000
0.4595	0.000
0.4770	0.000
0.4952	0.000
0.5140	0.000
0.5336	0.000
0.5539	0.000
0.5750	0.000
0.5969	0.000
0.6196	0.000
0.6432	0.000
0.6677	0.000
0.6932	0.000
0.7196	0.000
0.7470	0.000
0.7754	0.000
0.8050	0.000
0.8356	0.000
0.8674	0.000
0.9005	0.000
0.9348	0.000
0.9704	0.000
1.007	0.000
1.046	0.000
1.086	0.000
1.127	0.000
1.170	0.000
1.214	0.000
1.261	0.000
1.309	0.000
1.358	0.000
1.410	0.000
1.464	0.000
1.520	0.000
1.578	0.000
1.638	0.000
1.700	0.000
1.765	0.000
1.832	0.000
1.902	0.000
1.974	0.000
2.049	0.000
2.127	0.000
2.208	0.000
2.293	0.000
2.380	0.000
2.470	0.000
2.565	0.000
2.662	0.1343E-25
2.764	0.4447E-25
2.869	0.1413E-24
2.978	0.4308E-24
3.092	0.1258E-23
3.209	0.3521E-23
3.332	0.9434E-23
3.458	0.2420E-22
3.590	0.5946E-22
3.727	0.1399E-21
3.869	0.3155E-21
4.016	0.6823E-21
4.169	0.1416E-20
4.328	0.2822E-20
4.493	0.5408E-20
4.664	0.9973E-20
4.841	0.1772E-19
5.026	0.3038E-19
5.217	0.5030E-19
5.416	0.8055E-19
5.622	0.1249E-18
5.836	0.1880E-18
6.059	0.2748E-18
6.289	0.3910E-18
6.529	0.5423E-18
6.778	0.7346E-18
7.036	0.9734E-18
7.304	0.1264E-17
7.582	0.1612E-17
7.871	0.2021E-17
8.170	0.2496E-17
8.482	0.3040E-17
8.805	0.3658E-17
9.140	0.4353E-17
9.488	0.5130E-17
9.849	0.5991E-17
10.22	0.6941E-17
10.61	0.7986E-17
11.02	0.9130E-17
11.44	0.1038E-16
11.87	0.1174E-16
12.33	0.1322E-16
12.80	0.1482E-16
13.28	0.1655E-16
13.79	0.1843E-16
14.31	0.2046E-16
14.86	0.2266E-16
15.42	0.2502E-16
16.01	0.2758E-16
16.62	0.3033E-16
17.25	0.3330E-16
17.91	0.3650E-16
18.59	0.3995E-16
19.30	0.4366E-16
20.04	0.4765E-16
20.80	0.5195E-16
21.59	0.5658E-16
22.42	0.6157E-16
23.27	0.6693E-16
24.16	0.7270E-16
25.08	0.7891E-16
26.03	0.8558E-16
27.02	0.9277E-16
28.05	0.1005E-15
29.12	0.1088E-15
30.23	0.1177E-15
31.38	0.1274E-15
32.57	0.1377E-15
33.82	0.1488E-15
35.10	0.1608E-15
36.44	0.1736E-15
37.83	0.1874E-15
39.27	0.2023E-15
40.76	0.2183E-15
42.32	0.2354E-15
43.93	0.2539E-15
45.60	0.2737E-15
47.34	0.2950E-15
49.14	0.3179E-15
51.01	0.3426E-15
52.96	0.3690E-15
54.97	0.3975E-15
57.07	0.4280E-15
59.24	0.4609E-15
61.50	0.4962E-15
63.84	0.5341E-15
66.27	0.5748E-15
68.79	0.6185E-15
71.41	0.6655E-15
74.13	0.7160E-15
76.96	0.7702E-15
79.89	0.8284E-15
82.93	0.8909E-15
86.09	0.9580E-15
89.37	0.1030E-14
92.77	0.1107E-14
96.31	0.1190E-14
99.97	0.1279E-14
103.8	0.1375E-14
107.7	0.1477E-14
111.8	0.1586E-14
116.1	0.1704E-14
120.5	0.1829E-14
125.1	0.1963E-14
129.9	0.2107E-14
134.8	0.2261E-14
140.0	0.2425E-14
145.3	0.2600E-14
150.8	0.2787E-14
156.6	0.2987E-14
162.5	0.3199E-14
168.7	0.3425E-14
175.1	0.3666E-14
181.8	0.3921E-14
188.7	0.4192E-14
195.9	0.4480E-14
203.4	0.4785E-14
211.1	0.5107E-14
219.2	0.5449E-14
227.5	0.5809E-14
236.2	0.6189E-14
245.2	0.6590E-14
254.5	0.7012E-14
264.2	0.7456E-14
274.3	0.7922E-14
284.7	0.8410E-14
295.6	0.8922E-14
306.8	0.9457E-14
318.5	0.1001E-13
330.6	0.1060E-13
343.2	0.1120E-13
356.3	0.1184E-13
369.9	0.1249E-13
384.0	0.1317E-13
398.6	0.1387E-13
413.8	0.1460E-13
429.5	0.1534E-13
445.9	0.1611E-13
462.9	0.1691E-13
480.5	0.1771E-13
498.8	0.1854E-13
517.8	0.1939E-13
537.5	0.2026E-13
558.0	0.2113E-13
579.2	0.2202E-13
601.3	0.2292E-13
624.2	0.2383E-13
648.0	0.2475E-13
672.6	0.2567E-13
698.3	0.2660E-13
724.9	0.2753E-13
752.5	0.2845E-13
781.1	0.2938E-13
810.9	0.3029E-13
841.8	0.3120E-13
873.8	0.3210E-13
907.1	0.3299E-13
941.6	0.3387E-13
977.5	0.3472E-13
1015.	0.3556E-13
1053.	0.3638E-13
1094.	0.3717E-13
1135.	0.3794E-13
1178.	0.3866E-13
1223.	0.3936E-13
1270.	0.4002E-13
1318.	0.4062E-13
1368.	0.4118E-13
1421.	0.4169E-13
1475.	0.4214E-13
1531.	0.4251E-13
1589.	0.4281E-13
1650.	0.4303E-13
1712.	0.4315E-13
1778.	0.4318E-13
1845.	0.4312E-13
1916.	0.4294E-13
1989.	0.4269E-13
2064.	0.4234E-13
2143.	0.4190E-13
2225.	0.4137E-13
2309.	0.4074E-13
2397.	0.4002E-13
2489.	0.3922E-13
2583.	0.3835E-13
2682.	0.3737E-13
2784.	0.3635E-13
2890.	0.3526E-13
3000.	0.3416E-13
 
 
C3    Mg    Excitation    4.33 eV                               
E/N (Td)	Rate coefficient (m3/s)
0.1000E-02	0.000
0.1038E-02	0.000
0.1078E-02	0.000
0.1119E-02	0.000
0.1161E-02	0.000
0.1205E-02	0.000
0.1251E-02	0.000
0.1299E-02	0.000
0.1349E-02	0.000
0.1400E-02	0.000
0.1453E-02	0.000
0.1509E-02	0.000
0.1566E-02	0.000
0.1626E-02	0.000
0.1688E-02	0.000
0.1752E-02	0.000
0.1819E-02	0.000
0.1888E-02	0.000
0.1960E-02	0.000
0.2034E-02	0.000
0.2112E-02	0.000
0.2192E-02	0.000
0.2276E-02	0.000
0.2362E-02	0.000
0.2452E-02	0.000
0.2546E-02	0.000
0.2643E-02	0.000
0.2743E-02	0.000
0.2848E-02	0.000
0.2956E-02	0.000
0.3069E-02	0.000
0.3186E-02	0.000
0.3307E-02	0.000
0.3433E-02	0.000
0.3564E-02	0.000
0.3700E-02	0.000
0.3841E-02	0.000
0.3987E-02	0.000
0.4139E-02	0.000
0.4296E-02	0.000
0.4460E-02	0.000
0.4630E-02	0.000
0.4806E-02	0.000
0.4989E-02	0.000
0.5179E-02	0.000
0.5377E-02	0.000
0.5581E-02	0.000
0.5794E-02	0.000
0.6015E-02	0.000
0.6244E-02	0.000
0.6481E-02	0.000
0.6728E-02	0.000
0.6985E-02	0.000
0.7251E-02	0.000
0.7527E-02	0.000
0.7813E-02	0.000
0.8111E-02	0.000
0.8420E-02	0.000
0.8741E-02	0.000
0.9073E-02	0.000
0.9419E-02	0.000
0.9778E-02	0.000
0.1015E-01	0.000
0.1054E-01	0.000
0.1094E-01	0.000
0.1135E-01	0.000
0.1179E-01	0.000
0.1224E-01	0.000
0.1270E-01	0.000
0.1319E-01	0.000
0.1369E-01	0.000
0.1421E-01	0.000
0.1475E-01	0.000
0.1531E-01	0.000
0.1590E-01	0.000
0.1650E-01	0.000
0.1713E-01	0.000
0.1778E-01	0.000
0.1846E-01	0.000
0.1916E-01	0.000
0.1989E-01	0.000
0.2065E-01	0.000
0.2144E-01	0.000
0.2225E-01	0.000
0.2310E-01	0.000
0.2398E-01	0.000
0.2489E-01	0.000
0.2584E-01	0.000
0.2682E-01	0.000
0.2785E-01	0.000
0.2891E-01	0.000
0.3001E-01	0.000
0.3115E-01	0.000
0.3234E-01	0.000
0.3357E-01	0.000
0.3485E-01	0.000
0.3617E-01	0.000
0.3755E-01	0.000
0.3898E-01	0.000
0.4047E-01	0.000
0.4201E-01	0.000
0.4361E-01	0.000
0.4527E-01	0.000
0.4699E-01	0.000
0.4878E-01	0.000
0.5064E-01	0.000
0.5257E-01	0.000
0.5457E-01	0.000
0.5665E-01	0.000
0.5881E-01	0.000
0.6105E-01	0.000
0.6337E-01	0.000
0.6579E-01	0.000
0.6829E-01	0.000
0.7089E-01	0.000
0.7359E-01	0.000
0.7640E-01	0.000
0.7931E-01	0.000
0.8233E-01	0.000
0.8546E-01	0.000
0.8872E-01	0.000
0.9210E-01	0.000
0.9560E-01	0.000
0.9924E-01	0.000
0.1030	0.000
0.1069	0.000
0.1110	0.000
0.1152	0.000
0.1196	0.000
0.1242	0.000
0.1289	0.000
0.1338	0.000
0.1389	0.000
0.1442	0.000
0.1497	0.000
0.1554	0.000
0.1613	0.000
0.1675	0.000
0.1739	0.000
0.1805	0.000
0.1874	0.000
0.1945	0.000
0.2019	0.000
0.2096	0.000
0.2176	0.000
0.2259	0.000
0.2345	0.000
0.2434	0.000
0.2527	0.000
0.2623	0.000
0.2723	0.000
0.2826	0.000
0.2934	0.000
0.3046	0.000
0.3162	0.000
0.3282	0.000
0.3407	0.000
0.3537	0.000
0.3672	0.000
0.3812	0.000
0.3957	0.000
0.4107	0.000
0.4264	0.000
0.4426	0.000
0.4595	0.000
0.4770	0.000
0.4952	0.000
0.5140	0.000
0.5336	0.000
0.5539	0.000
0.5750	0.000
0.5969	0.000
0.6196	0.000
0.6432	0.000
0.6677	0.000
0.6932	0.000
0.7196	0.000
0.7470	0.000
0.7754	0.000
0.8050	0.000
0.8356	0.000
0.8674	0.000
0.9005	0.000
0.9348	0.000
0.9704	0.000
1.007	0.000
1.046	0.000
1.086	0.000
1.127	0.000
1.170	0.000
1.214	0.000
1.261	0.000
1.309	0.000
1.358	0.000
1.410	0.000
1.464	0.000
1.520	0.000
1.578	0.000
1.638	0.000
1.700	0.000
1.765	0.000
1.832	0.000
1.902	0.000
1.974	0.000
2.049	0.000
2.127	0.000
2.208	0.000
2.293	0.000
2.380	0.000
2.470	0.000
2.565	0.000
2.662	0.000
2.764	0.000
2.869	0.000
2.978	0.000
3.092	0.000
3.209	0.000
3.332	0.000
3.458	0.000
3.590	0.000
3.727	0.000
3.869	0.000
4.016	0.000
4.169	0.000
4.328	0.000
4.493	0.000
4.664	0.000
4.841	0.000
5.026	0.000
5.217	0.000
5.416	0.000
5.622	0.000
5.836	0.000
6.059	0.000
6.289	0.000
6.529	0.000
6.778	0.000
7.036	0.000
7.304	0.000
7.582	0.000
7.871	0.000
8.170	0.000
8.482	0.000
8.805	0.000
9.140	0.000
9.488	0.000
9.849	0.000
10.22	0.000
10.61	0.000
11.02	0.000
11.44	0.000
11.87	0.000
12.33	0.000
12.80	0.000
13.28	0.000
13.79	0.000
14.31	0.000
14.86	0.000
15.42	0.000
16.01	0.000
16.62	0.000
17.25	0.000
17.91	0.000
18.59	0.000
19.30	0.9045E-30
20.04	0.2799E-29
20.80	0.8323E-29
21.59	0.2382E-28
22.42	0.6568E-28
23.27	0.1748E-27
24.16	0.4492E-27
25.08	0.1117E-26
26.03	0.2689E-26
27.02	0.6276E-26
28.05	0.1422E-25
29.12	0.3130E-25
30.23	0.2138E-24
31.38	0.4654E-24
32.57	0.9879E-24
33.82	0.2047E-23
35.10	0.4143E-23
36.44	0.8198E-23
37.83	0.1588E-22
39.27	0.3011E-22
40.76	0.5596E-22
42.32	0.1020E-21
43.93	0.1824E-21
45.60	0.3222E-21
47.34	0.5562E-21
49.14	0.9440E-21
51.01	0.1577E-20
52.96	0.2593E-20
54.97	0.4200E-20
57.07	0.6706E-20
59.24	0.1056E-19
61.50	0.1641E-19
63.84	0.2523E-19
66.27	0.3820E-19
68.79	0.5716E-19
71.41	0.8455E-19
74.13	0.1237E-18
76.96	0.1790E-18
79.89	0.2563E-18
82.93	0.3634E-18
86.09	0.5103E-18
89.37	0.7111E-18
92.77	0.9804E-18
96.31	0.1340E-17
99.97	0.1817E-17
103.8	0.2443E-17
107.7	0.3260E-17
111.8	0.4317E-17
116.1	0.5676E-17
120.5	0.7412E-17
125.1	0.9620E-17
129.9	0.1240E-16
134.8	0.1588E-16
140.0	0.2021E-16
145.3	0.2557E-16
150.8	0.3218E-16
156.6	0.4028E-16
162.5	0.5016E-16
168.7	0.6215E-16
175.1	0.7662E-16
181.8	0.9401E-16
188.7	0.1148E-15
195.9	0.1396E-15
203.4	0.1691E-15
211.1	0.2039E-15
219.2	0.2449E-15
227.5	0.2929E-15
236.2	0.3491E-15
245.2	0.4146E-15
254.5	0.4907E-15
264.2	0.5787E-15
274.3	0.6802E-15
284.7	0.7969E-15
295.6	0.9307E-15
306.8	0.1084E-14
318.5	0.1258E-14
330.6	0.1456E-14
343.2	0.1680E-14
356.3	0.1934E-14
369.9	0.2219E-14
384.0	0.2540E-14
398.6	0.2900E-14
413.8	0.3302E-14
429.5	0.3749E-14
445.9	0.4248E-14
462.9	0.4800E-14
480.5	0.5409E-14
498.8	0.6082E-14
517.8	0.6823E-14
537.5	0.7635E-14
558.0	0.8523E-14
579.2	0.9494E-14
601.3	0.1055E-13
624.2	0.1170E-13
648.0	0.1294E-13
672.6	0.1429E-13
698.3	0.1574E-13
724.9	0.1731E-13
752.5	0.1899E-13
781.1	0.2080E-13
810.9	0.2274E-13
841.8	0.2482E-13
873.8	0.2704E-13
907.1	0.2943E-13
941.6	0.3201E-13
977.5	0.3475E-13
1015.	0.3769E-13
1053.	0.4085E-13
1094.	0.4423E-13
1135.	0.4788E-13
1178.	0.5183E-13
1223.	0.5607E-13
1270.	0.6067E-13
1318.	0.6571E-13
1368.	0.7115E-13
1421.	0.7706E-13
1475.	0.8334E-13
1531.	0.9030E-13
1589.	0.9786E-13
1650.	0.1060E-12
1712.	0.1148E-12
1778.	0.1241E-12
1845.	0.1341E-12
1916.	0.1447E-12
1989.	0.1558E-12
2064.	0.1675E-12
2143.	0.1795E-12
2225.	0.1921E-12
2309.	0.2050E-12
2397.	0.2183E-12
2489.	0.2319E-12
2583.	0.2458E-12
2682.	0.2599E-12
2784.	0.2741E-12
2890.	0.2885E-12
3000.	0.3028E-12
 
 
C4    Mg    Ionization    7.64 eV                               
E/N (Td)	Rate coefficient (m3/s)
0.1000E-02	0.000
0.1038E-02	0.000
0.1078E-02	0.000
0.1119E-02	0.000
0.1161E-02	0.000
0.1205E-02	0.000
0.1251E-02	0.000
0.1299E-02	0.000
0.1349E-02	0.000
0.1400E-02	0.000
0.1453E-02	0.000
0.1509E-02	0.000
0.1566E-02	0.000
0.1626E-02	0.000
0.1688E-02	0.000
0.1752E-02	0.000
0.1819E-02	0.000
0.1888E-02	0.000
0.1960E-02	0.000
0.2034E-02	0.000
0.2112E-02	0.000
0.2192E-02	0.000
0.2276E-02	0.000
0.2362E-02	0.000
0.2452E-02	0.000
0.2546E-02	0.000
0.2643E-02	0.000
0.2743E-02	0.000
0.2848E-02	0.000
0.2956E-02	0.000
0.3069E-02	0.000
0.3186E-02	0.000
0.3307E-02	0.000
0.3433E-02	0.000
0.3564E-02	0.000
0.3700E-02	0.000
0.3841E-02	0.000
0.3987E-02	0.000
0.4139E-02	0.000
0.4296E-02	0.000
0.4460E-02	0.000
0.4630E-02	0.000
0.4806E-02	0.000
0.4989E-02	0.000
0.5179E-02	0.000
0.5377E-02	0.000
0.5581E-02	0.000
0.5794E-02	0.000
0.6015E-02	0.000
0.6244E-02	0.000
0.6481E-02	0.000
0.6728E-02	0.000
0.6985E-02	0.000
0.7251E-02	0.000
0.7527E-02	0.000
0.7813E-02	0.000
0.8111E-02	0.000
0.8420E-02	0.000
0.8741E-02	0.000
0.9073E-02	0.000
0.9419E-02	0.000
0.9778E-02	0.000
0.1015E-01	0.000
0.1054E-01	0.000
0.1094E-01	0.000
0.1135E-01	0.000
0.1179E-01	0.000
0.1224E-01	0.000
0.1270E-01	0.000
0.1319E-01	0.000
0.1369E-01	0.000
0.1421E-01	0.000
0.1475E-01	0.000
0.1531E-01	0.000
0.1590E-01	0.000
0.1650E-01	0.000
0.1713E-01	0.000
0.1778E-01	0.000
0.1846E-01	0.000
0.1916E-01	0.000
0.1989E-01	0.000
0.2065E-01	0.000
0.2144E-01	0.000
0.2225E-01	0.000
0.2310E-01	0.000
0.2398E-01	0.000
0.2489E-01	0.000
0.2584E-01	0.000
0.2682E-01	0.000
0.2785E-01	0.000
0.2891E-01	0.000
0.3001E-01	0.000
0.3115E-01	0.000
0.3234E-01	0.000
0.3357E-01	0.000
0.3485E-01	0.000
0.3617E-01	0.000
0.3755E-01	0.000
0.3898E-01	0.000
0.4047E-01	0.000
0.4201E-01	0.000
0.4361E-01	0.000
0.4527E-01	0.000
0.4699E-01	0.000
0.4878E-01	0.000
0.5064E-01	0.000
0.5257E-01	0.000
0.5457E-01	0.000
0.5665E-01	0.000
0.5881E-01	0.000
0.6105E-01	0.000
0.6337E-01	0.000
0.6579E-01	0.000
0.6829E-01	0.000
0.7089E-01	0.000
0.7359E-01	0.000
0.7640E-01	0.000
0.7931E-01	0.000
0.8233E-01	0.000
0.8546E-01	0.000
0.8872E-01	0.000
0.9210E-01	0.000
0.9560E-01	0.000
0.9924E-01	0.000
0.1030	0.000
0.1069	0.000
0.1110	0.000
0.1152	0.000
0.1196	0.000
0.1242	0.000
0.1289	0.000
0.1338	0.000
0.1389	0.000
0.1442	0.000
0.1497	0.000
0.1554	0.000
0.1613	0.000
0.1675	0.000
0.1739	0.000
0.1805	0.000
0.1874	0.000
0.1945	0.000
0.2019	0.000
0.2096	0.000
0.2176	0.000
0.2259	0.000
0.2345	0.000
0.2434	0.000
0.2527	0.000
0.2623	0.000
0.2723	0.000
0.2826	0.000
0.2934	0.000
0.3046	0.000
0.3162	0.000
0.3282	0.000
0.3407	0.000
0.3537	0.000
0.3672	0.000
0.3812	0.000
0.3957	0.000
0.4107	0.000
0.4264	0.000
0.4426	0.000
0.4595	0.000
0.4770	0.000
0.4952	0.000
0.5140	0.000
0.5336	0.000
0.5539	0.000
0.5750	0.000
0.5969	0.000
0.6196	0.000
0.6432	0.000
0.6677	0.000
0.6932	0.000
0.7196	0.000
0.7470	0.000
0.7754	0.000
0.8050	0.000
0.8356	0.000
0.8674	0.000
0.9005	0.000
0.9348	0.000
0.9704	0.000
1.007	0.000
1.046	0.000
1.086	0.000
1.127	0.000
1.170	0.000
1.214	0.000
1.261	0.000
1.309	0.000
1.358	0.000
1.410	0.000
1.464	0.000
1.520	0.000
1.578	0.000
1.638	0.000
1.700	0.000
1.765	0.000
1.832	0.000
1.902	0.000
1.974	0.000
2.049	0.000
2.127	0.000
2.208	0.000
2.293	0.000
2.380	0.000
2.470	0.000
2.565	0.000
2.662	0.000
2.764	0.000
2.869	0.000
2.978	0.000
3.092	0.000
3.209	0.000
3.332	0.000
3.458	0.000
3.590	0.000
3.727	0.000
3.869	0.000
4.016	0.000
4.169	0.000
4.328	0.000
4.493	0.000
4.664	0.000
4.841	0.000
5.026	0.000
5.217	0.000
5.416	0.000
5.622	0.000
5.836	0.000
6.059	0.000
6.289	0.000
6.529	0.000
6.778	0.000
7.036	0.000
7.304	0.000
7.582	0.000
7.871	0.000
8.170	0.000
8.482	0.000
8.805	0.000
9.140	0.000
9.488	0.000
9.849	0.000
10.22	0.000
10.61	0.000
11.02	0.000
11.44	0.000
11.87	0.000
12.33	0.000
12.80	0.000
13.28	0.000
13.79	0.000
14.31	0.000
14.86	0.000
15.42	0.000
16.01	0.000
16.62	0.000
17.25	0.000
17.91	0.000
18.59	0.000
19.30	0.000
20.04	0.000
20.80	0.000
21.59	0.000
22.42	0.000
23.27	0.000
24.16	0.000
25.08	0.000
26.03	0.000
27.02	0.000
28.05	0.000
29.12	0.000
30.23	0.000
31.38	0.000
32.57	0.000
33.82	0.000
35.10	0.000
36.44	0.000
37.83	0.000
39.27	0.000
40.76	0.000
42.32	0.000
43.93	0.000
45.60	0.000
47.34	0.000
49.14	0.000
51.01	0.000
52.96	0.000
54.97	0.000
57.07	0.000
59.24	0.000
61.50	0.000
63.84	0.000
66.27	0.000
68.79	0.000
71.41	0.000
74.13	0.000
76.96	0.000
79.89	0.000
82.93	0.000
86.09	0.000
89.37	0.1076E-24
92.77	0.2521E-24
96.31	0.5744E-24
99.97	0.1274E-23
103.8	0.2755E-23
107.7	0.5810E-23
111.8	0.1196E-22
116.1	0.2406E-22
120.5	0.4732E-22
125.1	0.9269E-22
129.9	0.1752E-21
134.8	0.3246E-21
140.0	0.5901E-21
145.3	0.1053E-20
150.8	0.1847E-20
156.6	0.3184E-20
162.5	0.5400E-20
168.7	0.9026E-20
175.1	0.1484E-19
181.8	0.2403E-19
188.7	0.3837E-19
195.9	0.6044E-19
203.4	0.9395E-19
211.1	0.1443E-18
219.2	0.2188E-18
227.5	0.3278E-18
236.2	0.4854E-18
245.2	0.7111E-18
254.5	0.1031E-17
264.2	0.1479E-17
274.3	0.2101E-17
284.7	0.2955E-17
295.6	0.4117E-17
306.8	0.5687E-17
318.5	0.7787E-17
330.6	0.1057E-16
343.2	0.1424E-16
356.3	0.1903E-16
369.9	0.2523E-16
384.0	0.3320E-16
398.6	0.4338E-16
413.8	0.5629E-16
429.5	0.7253E-16
445.9	0.9288E-16
462.9	0.1181E-15
480.5	0.1493E-15
498.8	0.1876E-15
517.8	0.2343E-15
537.5	0.2909E-15
558.0	0.3591E-15
579.2	0.4410E-15
601.3	0.5386E-15
624.2	0.6543E-15
648.0	0.7908E-15
672.6	0.9512E-15
698.3	0.1139E-14
724.9	0.1357E-14
752.5	0.1609E-14
781.1	0.1900E-14
810.9	0.2234E-14
841.8	0.2616E-14
873.8	0.3051E-14
907.1	0.3547E-14
941.6	0.4117E-14
977.5	0.4752E-14
1015.	0.5467E-14
1053.	0.6276E-14
1094.	0.7180E-14
1135.	0.8191E-14
1178.	0.9326E-14
1223.	0.1058E-13
1270.	0.1199E-13
1318.	0.1355E-13
1368.	0.1529E-13
1421.	0.1719E-13
1475.	0.1922E-13
1531.	0.2150E-13
1589.	0.2398E-13
1650.	0.2666E-13
1712.	0.2953E-13
1778.	0.3259E-13
1845.	0.3582E-13
1916.	0.3922E-13
1989.	0.4275E-13
2064.	0.4640E-13
2143.	0.5012E-13
2225.	0.5394E-13
2309.	0.5782E-13
2397.	0.6174E-13
2489.	0.6565E-13
2583.	0.6955E-13
2682.	0.7342E-13
2784.	0.7723E-13
2890.	0.8098E-13
3000.	0.8460E-13
 
 
C1    Mg    Effective (momentum)                                
E/N (Td)	Inverse rate coefficient (m2)
0.1000E-02	0.000
0.1038E-02	0.000
0.1078E-02	0.000
0.1119E-02	0.000
0.1161E-02	0.000
0.1205E-02	0.000
0.1251E-02	0.000
0.1299E-02	0.000
0.1349E-02	0.000
0.1400E-02	0.000
0.1453E-02	0.000
0.1509E-02	0.000
0.1566E-02	0.000
0.1626E-02	0.000
0.1688E-02	0.000
0.1752E-02	0.000
0.1819E-02	0.000
0.1888E-02	0.000
0.1960E-02	0.000
0.2034E-02	0.000
0.2112E-02	0.000
0.2192E-02	0.000
0.2276E-02	0.000
0.2362E-02	0.000
0.2452E-02	0.000
0.2546E-02	0.000
0.2643E-02	0.000
0.2743E-02	0.000
0.2848E-02	0.000
0.2956E-02	0.000
0.3069E-02	0.000
0.3186E-02	0.000
0.3307E-02	0.000
0.3433E-02	0.000
0.3564E-02	0.000
0.3700E-02	0.000
0.3841E-02	0.000
0.3987E-02	0.000
0.4139E-02	0.000
0.4296E-02	0.000
0.4460E-02	0.000
0.4630E-02	0.000
0.4806E-02	0.000
0.4989E-02	0.000
0.5179E-02	0.000
0.5377E-02	0.000
0.5581E-02	0.000
0.5794E-02	0.000
0.6015E-02	0.000
0.6244E-02	0.000
0.6481E-02	0.000
0.6728E-02	0.000
0.6985E-02	0.000
0.7251E-02	0.000
0.7527E-02	0.000
0.7813E-02	0.000
0.8111E-02	0.000
0.8420E-02	0.000
0.8741E-02	0.000
0.9073E-02	0.000
0.9419E-02	0.000
0.9778E-02	0.000
0.1015E-01	0.000
0.1054E-01	0.000
0.1094E-01	0.000
0.1135E-01	0.000
0.1179E-01	0.000
0.1224E-01	0.000
0.1270E-01	0.000
0.1319E-01	0.000
0.1369E-01	0.000
0.1421E-01	0.000
0.1475E-01	0.000
0.1531E-01	0.000
0.1590E-01	0.000
0.1650E-01	0.000
0.1713E-01	0.000
0.1778E-01	0.000
0.1846E-01	0.000
0.1916E-01	0.000
0.1989E-01	0.000
0.2065E-01	0.000
0.2144E-01	0.000
0.2225E-01	0.000
0.2310E-01	0.000
0.2398E-01	0.000
0.2489E-01	0.000
0.2584E-01	0.000
0.2682E-01	0.000
0.2785E-01	0.000
0.2891E-01	0.000
0.3001E-01	0.000
0.3115E-01	0.000
0.3234E-01	0.000
0.3357E-01	0.000
0.3485E-01	0.000
0.3617E-01	0.000
0.3755E-01	0.000
0.3898E-01	0.000
0.4047E-01	0.000
0.4201E-01	0.000
0.4361E-01	0.000
0.4527E-01	0.000
0.4699E-01	0.000
0.4878E-01	0.000
0.5064E-01	0.000
0.5257E-01	0.000
0.5457E-01	0.000
0.5665E-01	0.000
0.5881E-01	0.000
0.6105E-01	0.000
0.6337E-01	0.000
0.6579E-01	0.000
0.6829E-01	0.000
0.7089E-01	0.000
0.7359E-01	0.000
0.7640E-01	0.000
0.7931E-01	0.000
0.8233E-01	0.000
0.8546E-01	0.000
0.8872E-01	0.000
0.9210E-01	0.000
0.9560E-01	0.000
0.9924E-01	0.000
0.1030	0.000
0.1069	0.000
0.1110	0.000
0.1152	0.000
0.1196	0.000
0.1242	0.000
0.1289	0.000
0.1338	0.000
0.1389	0.000
0.1442	0.000
0.1497	0.000
0.1554	0.000
0.1613	0.000
0.1675	0.000
0.1739	0.000
0.1805	0.000
0.1874	0.000
0.1945	0.000
0.2019	0.000
0.2096	0.000
0.2176	0.000
0.2259	0.000
0.2345	0.000
0.2434	0.000
0.2527	0.000
0.2623	0.000
0.2723	0.000
0.2826	0.000
0.2934	0.000
0.3046	0.000
0.3162	0.000
0.3282	0.000
0.3407	0.000
0.3537	0.000
0.3672	0.000
0.3812	0.000
0.3957	0.000
0.4107	0.000
0.4264	0.000
0.4426	0.000
0.4595	0.000
0.4770	0.000
0.4952	0.000
0.5140	0.000
0.5336	0.000
0.5539	0.000
0.5750	0.000
0.5969	0.000
0.6196	0.000
0.6432	0.000
0.6677	0.000
0.6932	0.000
0.7196	0.000
0.7470	0.000
0.7754	0.000
0.8050	0.000
0.8356	0.000
0.8674	0.000
0.9005	0.000
0.9348	0.000
0.9704	0.000
1.007	0.000
1.046	0.000
1.086	0.000
1.127	0.000
1.170	0.000
1.214	0.000
1.261	0.000
1.309	0.000
1.358	0.000
1.410	0.000
1.464	0.000
1.520	0.000
1.578	0.000
1.638	0.000
1.700	0.000
1.765	0.000
1.832	0.000
1.902	0.000
1.974	0.000
2.049	0.000
2.127	0.000
2.208	0.000
2.293	0.000
2.380	0.000
2.470	0.000
2.565	0.000
2.662	0.000
2.764	0.000
2.869	0.000
2.978	0.000
3.092	0.000
3.209	0.000
3.332	0.000
3.458	0.000
3.590	0.000
3.727	0.000
3.869	0.000
4.016	0.000
4.169	0.000
4.328	0.000
4.493	0.000
4.664	0.000
4.841	0.000
5.026	0.000
5.217	0.000
5.416	0.000
5.622	0.000
5.836	0.000
6.059	0.000
6.289	0.000
6.529	0.000
6.778	0.000
7.036	0.000
7.304	0.000
7.582	0.000
7.871	0.000
8.170	0.000
8.482	0.000
8.805	0.000
9.140	0.000
9.488	0.000
9.849	0.000
10.22	0.000
10.61	0.000
11.02	0.000
11.44	0.000
11.87	0.000
12.33	0.000
12.80	0.000
13.28	0.000
13.79	0.000
14.31	0.000
14.86	0.000
15.42	0.000
16.01	0.000
16.62	0.000
17.25	0.000
17.91	0.000
18.59	0.000
19.30	0.000
20.04	0.000
20.80	0.000
21.59	0.000
22.42	0.000
23.27	0.000
24.16	0.000
25.08	0.000
26.03	0.000
27.02	0.000
28.05	0.000
29.12	0.000
30.23	0.000
31.38	0.000
32.57	0.000
33.82	0.000
35.10	0.000
36.44	0.000
37.83	0.000
39.27	0.000
40.76	0.000
42.32	0.000
43.93	0.000
45.60	0.000
47.34	0.000
49.14	0.000
51.01	0.000
52.96	0.000
54.97	0.000
57.07	0.000
59.24	0.000
61.50	0.000
63.84	0.000
66.27	0.000
68.79	0.000
71.41	0.000
74.13	0.000
76.96	0.000
79.89	0.000
82.93	0.000
86.09	0.000
89.37	0.000
92.77	0.000
96.31	0.000
99.97	0.000
103.8	0.000
107.7	0.000
111.8	0.000
116.1	0.000
120.5	0.000
125.1	0.000
129.9	0.000
134.8	0.000
140.0	0.000
145.3	0.000
150.8	0.000
156.6	0.000
162.5	0.000
168.7	0.000
175.1	0.000
181.8	0.000
188.7	0.000
195.9	0.000
203.4	0.000
211.1	0.000
219.2	0.000
227.5	0.000
236.2	0.000
245.2	0.000
254.5	0.000
264.2	0.000
274.3	0.000
284.7	0.000
295.6	0.000
306.8	0.000
318.5	0.000
330.6	0.000
343.2	0.000
356.3	0.000
369.9	0.000
384.0	0.000
398.6	0.000
413.8	0.000
429.5	0.000
445.9	0.000
462.9	0.000
480.5	0.000
498.8	0.000
517.8	0.000
537.5	0.000
558.0	0.000
579.2	0.000
601.3	0.000
624.2	0.000
648.0	0.000
672.6	0.000
698.3	0.000
724.9	0.000
752.5	0.000
781.1	0.000
810.9	0.000
841.8	0.000
873.8	0.000
907.1	0.000
941.6	0.000
977.5	0.000
1015.	0.000
1053.	0.000
1094.	0.000
1135.	0.000
1178.	0.000
1223.	0.000
1270.	0.000
1318.	0.000
1368.	0.000
1421.	0.000
1475.	0.000
1531.	0.000
1589.	0.000
1650.	0.000
1712.	0.000
1778.	0.000
1845.	0.000
1916.	0.000
1989.	0.000
2064.	0.000
2143.	0.000
2225.	0.000
2309.	0.000
2397.	0.000
2489.	0.000
2583.	0.000
2682.	0.000
2784.	0.000
2890.	0.000
3000.	0.000
 
 
C2    Mg    Excitation    2.71 eV                               
E/N (Td)	Inverse rate coefficient (m2)
0.1000E-02	0.1025E-12
0.1038E-02	0.1025E-12
0.1078E-02	0.1025E-12
0.1119E-02	0.1025E-12
0.1161E-02	0.1025E-12
0.1205E-02	0.1025E-12
0.1251E-02	0.1025E-12
0.1299E-02	0.1025E-12
0.1349E-02	0.1026E-12
0.1400E-02	0.1026E-12
0.1453E-02	0.1026E-12
0.1509E-02	0.1026E-12
0.1566E-02	0.1026E-12
0.1626E-02	0.1026E-12
0.1688E-02	0.1026E-12
0.1752E-02	0.1026E-12
0.1819E-02	0.1026E-12
0.1888E-02	0.1026E-12
0.1960E-02	0.1026E-12
0.2034E-02	0.1027E-12
0.2112E-02	0.1027E-12
0.2192E-02	0.1027E-12
0.2276E-02	0.1027E-12
0.2362E-02	0.1027E-12
0.2452E-02	0.1027E-12
0.2546E-02	0.1028E-12
0.2643E-02	0.1028E-12
0.2743E-02	0.1028E-12
0.2848E-02	0.1028E-12
0.2956E-02	0.1028E-12
0.3069E-02	0.1029E-12
0.3186E-02	0.1029E-12
0.3307E-02	0.1029E-12
0.3433E-02	0.1030E-12
0.3564E-02	0.1030E-12
0.3700E-02	0.1030E-12
0.3841E-02	0.1031E-12
0.3987E-02	0.1031E-12
0.4139E-02	0.1032E-12
0.4296E-02	0.1032E-12
0.4460E-02	0.1033E-12
0.4630E-02	0.1034E-12
0.4806E-02	0.1034E-12
0.4989E-02	0.1035E-12
0.5179E-02	0.1036E-12
0.5377E-02	0.1036E-12
0.5581E-02	0.1037E-12
0.5794E-02	0.1038E-12
0.6015E-02	0.1039E-12
0.6244E-02	0.1040E-12
0.6481E-02	0.1041E-12
0.6728E-02	0.1042E-12
0.6985E-02	0.1044E-12
0.7251E-02	0.1045E-12
0.7527E-02	0.1046E-12
0.7813E-02	0.1048E-12
0.8111E-02	0.1049E-12
0.8420E-02	0.1051E-12
0.8741E-02	0.1053E-12
0.9073E-02	0.1054E-12
0.9419E-02	0.1056E-12
0.9778E-02	0.1058E-12
0.1015E-01	0.1061E-12
0.1054E-01	0.1063E-12
0.1094E-01	0.1065E-12
0.1135E-01	0.1068E-12
0.1179E-01	0.1070E-12
0.1224E-01	0.1073E-12
0.1270E-01	0.1076E-12
0.1319E-01	0.1079E-12
0.1369E-01	0.1082E-12
0.1421E-01	0.1086E-12
0.1475E-01	0.1089E-12
0.1531E-01	0.1093E-12
0.1590E-01	0.1097E-12
0.1650E-01	0.1101E-12
0.1713E-01	0.1105E-12
0.1778E-01	0.1110E-12
0.1846E-01	0.1114E-12
0.1916E-01	0.1119E-12
0.1989E-01	0.1124E-12
0.2065E-01	0.1129E-12
0.2144E-01	0.1135E-12
0.2225E-01	0.1140E-12
0.2310E-01	0.1146E-12
0.2398E-01	0.1152E-12
0.2489E-01	0.1158E-12
0.2584E-01	0.1165E-12
0.2682E-01	0.1171E-12
0.2785E-01	0.1178E-12
0.2891E-01	0.1185E-12
0.3001E-01	0.1193E-12
0.3115E-01	0.1200E-12
0.3234E-01	0.1208E-12
0.3357E-01	0.1216E-12
0.3485E-01	0.1224E-12
0.3617E-01	0.1232E-12
0.3755E-01	0.1241E-12
0.3898E-01	0.1250E-12
0.4047E-01	0.1259E-12
0.4201E-01	0.1268E-12
0.4361E-01	0.1278E-12
0.4527E-01	0.1287E-12
0.4699E-01	0.1297E-12
0.4878E-01	0.1308E-12
0.5064E-01	0.1318E-12
0.5257E-01	0.1329E-12
0.5457E-01	0.1340E-12
0.5665E-01	0.1351E-12
0.5881E-01	0.1362E-12
0.6105E-01	0.1373E-12
0.6337E-01	0.1385E-12
0.6579E-01	0.1397E-12
0.6829E-01	0.1409E-12
0.7089E-01	0.1421E-12
0.7359E-01	0.1434E-12
0.7640E-01	0.1447E-12
0.7931E-01	0.1460E-12
0.8233E-01	0.1473E-12
0.8546E-01	0.1486E-12
0.8872E-01	0.1500E-12
0.9210E-01	0.1513E-12
0.9560E-01	0.1527E-12
0.9924E-01	0.1542E-12
0.1030	0.1556E-12
0.1069	0.1571E-12
0.1110	0.1586E-12
0.1152	0.1601E-12
0.1196	0.1616E-12
0.1242	0.1632E-12
0.1289	0.1648E-12
0.1338	0.1664E-12
0.1389	0.1681E-12
0.1442	0.1698E-12
0.1497	0.1715E-12
0.1554	0.1733E-12
0.1613	0.1751E-12
0.1675	0.1769E-12
0.1739	0.1787E-12
0.1805	0.1806E-12
0.1874	0.1825E-12
0.1945	0.1844E-12
0.2019	0.1864E-12
0.2096	0.1884E-12
0.2176	0.1904E-12
0.2259	0.1925E-12
0.2345	0.1945E-12
0.2434	0.1966E-12
0.2527	0.1987E-12
0.2623	0.2009E-12
0.2723	0.2030E-12
0.2826	0.2052E-12
0.2934	0.2073E-12
0.3046	0.2095E-12
0.3162	0.2116E-12
0.3282	0.2137E-12
0.3407	0.2159E-12
0.3537	0.2180E-12
0.3672	0.2201E-12
0.3812	0.2221E-12
0.3957	0.2242E-12
0.4107	0.2262E-12
0.4264	0.2281E-12
0.4426	0.2300E-12
0.4595	0.2319E-12
0.4770	0.2337E-12
0.4952	0.2355E-12
0.5140	0.2372E-12
0.5336	0.2389E-12
0.5539	0.2405E-12
0.5750	0.2420E-12
0.5969	0.2434E-12
0.6196	0.2448E-12
0.6432	0.2461E-12
0.6677	0.2473E-12
0.6932	0.2485E-12
0.7196	0.2496E-12
0.7470	0.2506E-12
0.7754	0.2515E-12
0.8050	0.2523E-12
0.8356	0.2531E-12
0.8674	0.2538E-12
0.9005	0.2544E-12
0.9348	0.2549E-12
0.9704	0.2553E-12
1.007	0.2557E-12
1.046	0.2560E-12
1.086	0.2562E-12
1.127	0.2564E-12
1.170	0.2565E-12
1.214	0.2565E-12
1.261	0.2564E-12
1.309	0.2563E-12
1.358	0.2561E-12
1.410	0.2559E-12
1.464	0.2556E-12
1.520	0.2552E-12
1.578	0.2548E-12
1.638	0.2543E-12
1.700	0.2538E-12
1.765	0.2532E-12
1.832	0.2525E-12
1.902	0.2518E-12
1.974	0.2511E-12
2.049	0.2503E-12
2.127	0.2495E-12
2.208	0.2486E-12
2.293	0.2477E-12
2.380	0.2467E-12
2.470	0.2457E-12
2.565	0.2446E-12
2.662	0.2436E-12
2.764	0.2424E-12
2.869	0.2412E-12
2.978	0.2400E-12
3.092	0.2387E-12
3.209	0.2374E-12
3.332	0.2360E-12
3.458	0.2346E-12
3.590	0.2331E-12
3.727	0.2316E-12
3.869	0.2300E-12
4.016	0.2284E-12
4.169	0.2267E-12
4.328	0.2249E-12
4.493	0.2231E-12
4.664	0.2212E-12
4.841	0.2193E-12
5.026	0.2173E-12
5.217	0.2153E-12
5.416	0.2133E-12
5.622	0.2113E-12
5.836	0.2093E-12
6.059	0.2073E-12
6.289	0.2054E-12
6.529	0.2035E-12
6.778	0.2018E-12
7.036	0.2001E-12
7.304	0.1985E-12
7.582	0.1971E-12
7.871	0.1958E-12
8.170	0.1946E-12
8.482	0.1935E-12
8.805	0.1925E-12
9.140	0.1917E-12
9.488	0.1909E-12
9.849	0.1902E-12
10.22	0.1895E-12
10.61	0.1890E-12
11.02	0.1885E-12
11.44	0.1881E-12
11.87	0.1877E-12
12.33	0.1873E-12
12.80	0.1870E-12
13.28	0.1867E-12
13.79	0.1864E-12
14.31	0.1862E-12
14.86	0.1860E-12
15.42	0.1858E-12
16.01	0.1856E-12
16.62	0.1854E-12
17.25	0.1853E-12
17.91	0.1851E-12
18.59	0.1850E-12
19.30	0.1848E-12
20.04	0.1847E-12
20.80	0.1846E-12
21.59	0.1845E-12
22.42	0.1843E-12
23.27	0.1842E-12
24.16	0.1841E-12
25.08	0.1840E-12
26.03	0.1839E-12
27.02	0.1838E-12
28.05	0.1836E-12
29.12	0.1835E-12
30.23	0.1834E-12
31.38	0.1833E-12
32.57	0.1832E-12
33.82	0.1831E-12
35.10	0.1829E-12
36.44	0.1828E-12
37.83	0.1827E-12
39.27	0.1826E-12
40.76	0.1824E-12
42.32	0.1823E-12
43.93	0.1821E-12
45.60	0.1820E-12
47.34	0.1818E-12
49.14	0.1817E-12
51.01	0.1815E-12
52.96	0.1813E-12
54.97	0.1811E-12
57.07	0.1810E-12
59.24	0.1808E-12
61.50	0.1806E-12
63.84	0.1804E-12
66.27	0.1801E-12
68.79	0.1799E-12
71.41	0.1797E-12
74.13	0.1794E-12
76.96	0.1792E-12
79.89	0.1789E-12
82.93	0.1786E-12
86.09	0.1784E-12
89.37	0.1781E-12
92.77	0.1777E-12
96.31	0.1774E-12
99.97	0.1771E-12
103.8	0.1767E-12
107.7	0.1764E-12
111.8	0.1760E-12
116.1	0.1756E-12
120.5	0.1752E-12
125.1	0.1748E-12
129.9	0.1743E-12
134.8	0.1739E-12
140.0	0.1734E-12
145.3	0.1729E-12
150.8	0.1724E-12
156.6	0.1719E-12
162.5	0.1713E-12
168.7	0.1708E-12
175.1	0.1702E-12
181.8	0.1696E-12
188.7	0.1689E-12
195.9	0.1683E-12
203.4	0.1676E-12
211.1	0.1670E-12
219.2	0.1662E-12
227.5	0.1655E-12
236.2	0.1648E-12
245.2	0.1640E-12
254.5	0.1632E-12
264.2	0.1623E-12
274.3	0.1615E-12
284.7	0.1606E-12
295.6	0.1597E-12
306.8	0.1588E-12
318.5	0.1579E-12
330.6	0.1569E-12
343.2	0.1559E-12
356.3	0.1549E-12
369.9	0.1538E-12
384.0	0.1528E-12
398.6	0.1517E-12
413.8	0.1506E-12
429.5	0.1495E-12
445.9	0.1483E-12
462.9	0.1472E-12
480.5	0.1460E-12
498.8	0.1448E-12
517.8	0.1436E-12
537.5	0.1423E-12
558.0	0.1411E-12
579.2	0.1398E-12
601.3	0.1386E-12
624.2	0.1373E-12
648.0	0.1360E-12
672.6	0.1347E-12
698.3	0.1334E-12
724.9	0.1321E-12
752.5	0.1308E-12
781.1	0.1294E-12
810.9	0.1281E-12
841.8	0.1268E-12
873.8	0.1254E-12
907.1	0.1241E-12
941.6	0.1227E-12
977.5	0.1213E-12
1015.	0.1199E-12
1053.	0.1184E-12
1094.	0.1170E-12
1135.	0.1155E-12
1178.	0.1140E-12
1223.	0.1124E-12
1270.	0.1108E-12
1318.	0.1091E-12
1368.	0.1074E-12
1421.	0.1056E-12
1475.	0.1037E-12
1531.	0.1017E-12
1589.	0.9965E-13
1650.	0.9750E-13
1712.	0.9524E-13
1778.	0.9290E-13
1845.	0.9047E-13
1916.	0.8797E-13
1989.	0.8538E-13
2064.	0.8273E-13
2143.	0.8002E-13
2225.	0.7726E-13
2309.	0.7446E-13
2397.	0.7162E-13
2489.	0.6877E-13
2583.	0.6590E-13
2682.	0.6305E-13
2784.	0.6018E-13
2890.	0.5731E-13
3000.	0.5448E-13
 
 
C3    Mg    Excitation    4.33 eV                               
E/N (Td)	Inverse rate coefficient (m2)
0.1000E-02	0.3669E-13
0.1038E-02	0.3669E-13
0.1078E-02	0.3669E-13
0.1119E-02	0.3669E-13
0.1161E-02	0.3669E-13
0.1205E-02	0.3669E-13
0.1251E-02	0.3670E-13
0.1299E-02	0.3670E-13
0.1349E-02	0.3670E-13
0.1400E-02	0.3670E-13
0.1453E-02	0.3670E-13
0.1509E-02	0.3671E-13
0.1566E-02	0.3671E-13
0.1626E-02	0.3671E-13
0.1688E-02	0.3672E-13
0.1752E-02	0.3672E-13
0.1819E-02	0.3672E-13
0.1888E-02	0.3673E-13
0.1960E-02	0.3673E-13
0.2034E-02	0.3674E-13
0.2112E-02	0.3674E-13
0.2192E-02	0.3675E-13
0.2276E-02	0.3675E-13
0.2362E-02	0.3676E-13
0.2452E-02	0.3676E-13
0.2546E-02	0.3677E-13
0.2643E-02	0.3678E-13
0.2743E-02	0.3679E-13
0.2848E-02	0.3679E-13
0.2956E-02	0.3680E-13
0.3069E-02	0.3681E-13
0.3186E-02	0.3683E-13
0.3307E-02	0.3684E-13
0.3433E-02	0.3685E-13
0.3564E-02	0.3686E-13
0.3700E-02	0.3688E-13
0.3841E-02	0.3689E-13
0.3987E-02	0.3691E-13
0.4139E-02	0.3693E-13
0.4296E-02	0.3694E-13
0.4460E-02	0.3696E-13
0.4630E-02	0.3699E-13
0.4806E-02	0.3701E-13
0.4989E-02	0.3703E-13
0.5179E-02	0.3706E-13
0.5377E-02	0.3709E-13
0.5581E-02	0.3712E-13
0.5794E-02	0.3715E-13
0.6015E-02	0.3718E-13
0.6244E-02	0.3722E-13
0.6481E-02	0.3725E-13
0.6728E-02	0.3730E-13
0.6985E-02	0.3734E-13
0.7251E-02	0.3738E-13
0.7527E-02	0.3743E-13
0.7813E-02	0.3748E-13
0.8111E-02	0.3754E-13
0.8420E-02	0.3760E-13
0.8741E-02	0.3766E-13
0.9073E-02	0.3772E-13
0.9419E-02	0.3779E-13
0.9778E-02	0.3786E-13
0.1015E-01	0.3794E-13
0.1054E-01	0.3802E-13
0.1094E-01	0.3811E-13
0.1135E-01	0.3820E-13
0.1179E-01	0.3829E-13
0.1224E-01	0.3839E-13
0.1270E-01	0.3849E-13
0.1319E-01	0.3860E-13
0.1369E-01	0.3872E-13
0.1421E-01	0.3884E-13
0.1475E-01	0.3896E-13
0.1531E-01	0.3910E-13
0.1590E-01	0.3923E-13
0.1650E-01	0.3938E-13
0.1713E-01	0.3953E-13
0.1778E-01	0.3968E-13
0.1846E-01	0.3985E-13
0.1916E-01	0.4002E-13
0.1989E-01	0.4019E-13
0.2065E-01	0.4038E-13
0.2144E-01	0.4057E-13
0.2225E-01	0.4076E-13
0.2310E-01	0.4097E-13
0.2398E-01	0.4118E-13
0.2489E-01	0.4140E-13
0.2584E-01	0.4163E-13
0.2682E-01	0.4186E-13
0.2785E-01	0.4210E-13
0.2891E-01	0.4235E-13
0.3001E-01	0.4261E-13
0.3115E-01	0.4288E-13
0.3234E-01	0.4315E-13
0.3357E-01	0.4343E-13
0.3485E-01	0.4372E-13
0.3617E-01	0.4401E-13
0.3755E-01	0.4432E-13
0.3898E-01	0.4463E-13
0.4047E-01	0.4495E-13
0.4201E-01	0.4528E-13
0.4361E-01	0.4561E-13
0.4527E-01	0.4596E-13
0.4699E-01	0.4631E-13
0.4878E-01	0.4666E-13
0.5064E-01	0.4703E-13
0.5257E-01	0.4740E-13
0.5457E-01	0.4778E-13
0.5665E-01	0.4817E-13
0.5881E-01	0.4857E-13
0.6105E-01	0.4897E-13
0.6337E-01	0.4938E-13
0.6579E-01	0.4980E-13
0.6829E-01	0.5022E-13
0.7089E-01	0.5065E-13
0.7359E-01	0.5109E-13
0.7640E-01	0.5153E-13
0.7931E-01	0.5199E-13
0.8233E-01	0.5245E-13
0.8546E-01	0.5291E-13
0.8872E-01	0.5339E-13
0.9210E-01	0.5387E-13
0.9560E-01	0.5436E-13
0.9924E-01	0.5485E-13
0.1030	0.5536E-13
0.1069	0.5587E-13
0.1110	0.5639E-13
0.1152	0.5692E-13
0.1196	0.5746E-13
0.1242	0.5800E-13
0.1289	0.5856E-13
0.1338	0.5913E-13
0.1389	0.5970E-13
0.1442	0.6029E-13
0.1497	0.6089E-13
0.1554	0.6150E-13
0.1613	0.6212E-13
0.1675	0.6275E-13
0.1739	0.6339E-13
0.1805	0.6404E-13
0.1874	0.6471E-13
0.1945	0.6538E-13
0.2019	0.6607E-13
0.2096	0.6677E-13
0.2176	0.6748E-13
0.2259	0.6820E-13
0.2345	0.6893E-13
0.2434	0.6967E-13
0.2527	0.7041E-13
0.2623	0.7117E-13
0.2723	0.7194E-13
0.2826	0.7271E-13
0.2934	0.7349E-13
0.3046	0.7428E-13
0.3162	0.7507E-13
0.3282	0.7587E-13
0.3407	0.7668E-13
0.3537	0.7749E-13
0.3672	0.7830E-13
0.3812	0.7911E-13
0.3957	0.7993E-13
0.4107	0.8075E-13
0.4264	0.8158E-13
0.4426	0.8241E-13
0.4595	0.8323E-13
0.4770	0.8406E-13
0.4952	0.8489E-13
0.5140	0.8573E-13
0.5336	0.8656E-13
0.5539	0.8740E-13
0.5750	0.8824E-13
0.5969	0.8908E-13
0.6196	0.8992E-13
0.6432	0.9077E-13
0.6677	0.9162E-13
0.6932	0.9247E-13
0.7196	0.9333E-13
0.7470	0.9419E-13
0.7754	0.9506E-13
0.8050	0.9594E-13
0.8356	0.9682E-13
0.8674	0.9771E-13
0.9005	0.9860E-13
0.9348	0.9951E-13
0.9704	0.1004E-12
1.007	0.1013E-12
1.046	0.1023E-12
1.086	0.1032E-12
1.127	0.1042E-12
1.170	0.1051E-12
1.214	0.1061E-12
1.261	0.1071E-12
1.309	0.1081E-12
1.358	0.1091E-12
1.410	0.1101E-12
1.464	0.1112E-12
1.520	0.1122E-12
1.578	0.1133E-12
1.638	0.1143E-12
1.700	0.1154E-12
1.765	0.1165E-12
1.832	0.1176E-12
1.902	0.1187E-12
1.974	0.1198E-12
2.049	0.1209E-12
2.127	0.1221E-12
2.208	0.1233E-12
2.293	0.1244E-12
2.380	0.1256E-12
2.470	0.1267E-12
2.565	0.1279E-12
2.662	0.1291E-12
2.764	0.1303E-12
2.869	0.1315E-12
2.978	0.1327E-12
3.092	0.1340E-12
3.209	0.1352E-12
3.332	0.1365E-12
3.458	0.1378E-12
3.590	0.1392E-12
3.727	0.1405E-12
3.869	0.1419E-12
4.016	0.1434E-12
4.169	0.1449E-12
4.328	0.1464E-12
4.493	0.1480E-12
4.664	0.1496E-12
4.841	0.1513E-12
5.026	0.1530E-12
5.217	0.1547E-12
5.416	0.1565E-12
5.622	0.1583E-12
5.836	0.1601E-12
6.059	0.1618E-12
6.289	0.1635E-12
6.529	0.1652E-12
6.778	0.1668E-12
7.036	0.1683E-12
7.304	0.1697E-12
7.582	0.1711E-12
7.871	0.1723E-12
8.170	0.1734E-12
8.482	0.1744E-12
8.805	0.1753E-12
9.140	0.1761E-12
9.488	0.1769E-12
9.849	0.1775E-12
10.22	0.1781E-12
10.61	0.1787E-12
11.02	0.1792E-12
11.44	0.1796E-12
11.87	0.1800E-12
12.33	0.1803E-12
12.80	0.1806E-12
13.28	0.1809E-12
13.79	0.1812E-12
14.31	0.1815E-12
14.86	0.1817E-12
15.42	0.1819E-12
16.01	0.1821E-12
16.62	0.1823E-12
17.25	0.1825E-12
17.91	0.1826E-12
18.59	0.1828E-12
19.30	0.1830E-12
20.04	0.1831E-12
20.80	0.1833E-12
21.59	0.1834E-12
22.42	0.1836E-12
23.27	0.1837E-12
24.16	0.1838E-12
25.08	0.1840E-12
26.03	0.1841E-12
27.02	0.1843E-12
28.05	0.1844E-12
29.12	0.1846E-12
30.23	0.1847E-12
31.38	0.1849E-12
32.57	0.1850E-12
33.82	0.1852E-12
35.10	0.1854E-12
36.44	0.1855E-12
37.83	0.1857E-12
39.27	0.1859E-12
40.76	0.1861E-12
42.32	0.1862E-12
43.93	0.1864E-12
45.60	0.1866E-12
47.34	0.1868E-12
49.14	0.1870E-12
51.01	0.1873E-12
52.96	0.1875E-12
54.97	0.1877E-12
57.07	0.1879E-12
59.24	0.1882E-12
61.50	0.1885E-12
63.84	0.1887E-12
66.27	0.1890E-12
68.79	0.1893E-12
71.41	0.1896E-12
74.13	0.1899E-12
76.96	0.1902E-12
79.89	0.1906E-12
82.93	0.1909E-12
86.09	0.1913E-12
89.37	0.1917E-12
92.77	0.1921E-12
96.31	0.1925E-12
99.97	0.1930E-12
103.8	0.1934E-12
107.7	0.1939E-12
111.8	0.1944E-12
116.1	0.1949E-12
120.5	0.1955E-12
125.1	0.1961E-12
129.9	0.1967E-12
134.8	0.1973E-12
140.0	0.1979E-12
145.3	0.1986E-12
150.8	0.1993E-12
156.6	0.2001E-12
162.5	0.2009E-12
168.7	0.2017E-12
175.1	0.2025E-12
181.8	0.2034E-12
188.7	0.2044E-12
195.9	0.2053E-12
203.4	0.2063E-12
211.1	0.2074E-12
219.2	0.2085E-12
227.5	0.2096E-12
236.2	0.2108E-12
245.2	0.2121E-12
254.5	0.2134E-12
264.2	0.2148E-12
274.3	0.2162E-12
284.7	0.2176E-12
295.6	0.2192E-12
306.8	0.2207E-12
318.5	0.2224E-12
330.6	0.2241E-12
343.2	0.2258E-12
356.3	0.2277E-12
369.9	0.2295E-12
384.0	0.2315E-12
398.6	0.2335E-12
413.8	0.2356E-12
429.5	0.2377E-12
445.9	0.2399E-12
462.9	0.2421E-12
480.5	0.2444E-12
498.8	0.2468E-12
517.8	0.2492E-12
537.5	0.2517E-12
558.0	0.2542E-12
579.2	0.2568E-12
601.3	0.2594E-12
624.2	0.2620E-12
648.0	0.2647E-12
672.6	0.2674E-12
698.3	0.2702E-12
724.9	0.2730E-12
752.5	0.2759E-12
781.1	0.2787E-12
810.9	0.2816E-12
841.8	0.2846E-12
873.8	0.2875E-12
907.1	0.2906E-12
941.6	0.2937E-12
977.5	0.2968E-12
1015.	0.2999E-12
1053.	0.3032E-12
1094.	0.3065E-12
1135.	0.3099E-12
1178.	0.3133E-12
1223.	0.3170E-12
1270.	0.3207E-12
1318.	0.3246E-12
1368.	0.3288E-12
1421.	0.3331E-12
1475.	0.3375E-12
1531.	0.3423E-12
1589.	0.3474E-12
1650.	0.3527E-12
1712.	0.3583E-12
1778.	0.3642E-12
1845.	0.3704E-12
1916.	0.3768E-12
1989.	0.3835E-12
2064.	0.3905E-12
2143.	0.3976E-12
2225.	0.4049E-12
2309.	0.4124E-12
2397.	0.4201E-12
2489.	0.4278E-12
2583.	0.4356E-12
2682.	0.4435E-12
2784.	0.4514E-12
2890.	0.4594E-12
3000.	0.4673E-12
 
 
C4    Mg    Ionization    7.64 eV                               
E/N (Td)	Inverse rate coefficient (m2)
0.1000E-02	0.000
0.1038E-02	0.000
0.1078E-02	0.000
0.1119E-02	0.000
0.1161E-02	0.000
0.1205E-02	0.000
0.1251E-02	0.000
0.1299E-02	0.000
0.1349E-02	0.000
0.1400E-02	0.000
0.1453E-02	0.000
0.1509E-02	0.000
0.1566E-02	0.000
0.1626E-02	0.000
0.1688E-02	0.000
0.1752E-02	0.000
0.1819E-02	0.000
0.1888E-02	0.000
0.1960E-02	0.000
0.2034E-02	0.000
0.2112E-02	0.000
0.2192E-02	0.000
0.2276E-02	0.000
0.2362E-02	0.000
0.2452E-02	0.000
0.2546E-02	0.000
0.2643E-02	0.000
0.2743E-02	0.000
0.2848E-02	0.000
0.2956E-02	0.000
0.3069E-02	0.000
0.3186E-02	0.000
0.3307E-02	0.000
0.3433E-02	0.000
0.3564E-02	0.000
0.3700E-02	0.000
0.3841E-02	0.000
0.3987E-02	0.000
0.4139E-02	0.000
0.4296E-02	0.000
0.4460E-02	0.000
0.4630E-02	0.000
0.4806E-02	0.000
0.4989E-02	0.000
0.5179E-02	0.000
0.5377E-02	0.000
0.5581E-02	0.000
0.5794E-02	0.000
0.6015E-02	0.000
0.6244E-02	0.000
0.6481E-02	0.000
0.6728E-02	0.000
0.6985E-02	0.000
0.7251E-02	0.000
0.7527E-02	0.000
0.7813E-02	0.000
0.8111E-02	0.000
0.8420E-02	0.000
0.8741E-02	0.000
0.9073E-02	0.000
0.9419E-02	0.000
0.9778E-02	0.000
0.1015E-01	0.000
0.1054E-01	0.000
0.1094E-01	0.000
0.1135E-01	0.000
0.1179E-01	0.000
0.1224E-01	0.000
0.1270E-01	0.000
0.1319E-01	0.000
0.1369E-01	0.000
0.1421E-01	0.000
0.1475E-01	0.000
0.1531E-01	0.000
0.1590E-01	0.000
0.1650E-01	0.000
0.1713E-01	0.000
0.1778E-01	0.000
0.1846E-01	0.000
0.1916E-01	0.000
0.1989E-01	0.000
0.2065E-01	0.000
0.2144E-01	0.000
0.2225E-01	0.000
0.2310E-01	0.000
0.2398E-01	0.000
0.2489E-01	0.000
0.2584E-01	0.000
0.2682E-01	0.000
0.2785E-01	0.000
0.2891E-01	0.000
0.3001E-01	0.000
0.3115E-01	0.000
0.3234E-01	0.000
0.3357E-01	0.000
0.3485E-01	0.000
0.3617E-01	0.000
0.3755E-01	0.000
0.3898E-01	0.000
0.4047E-01	0.000
0.4201E-01	0.000
0.4361E-01	0.000
0.4527E-01	0.000
0.4699E-01	0.000
0.4878E-01	0.000
0.5064E-01	0.000
0.5257E-01	0.000
0.5457E-01	0.000
0.5665E-01	0.000
0.5881E-01	0.000
0.6105E-01	0.000
0.6337E-01	0.000
0.6579E-01	0.000
0.6829E-01	0.000
0.7089E-01	0.000
0.7359E-01	0.000
0.7640E-01	0.000
0.7931E-01	0.000
0.8233E-01	0.000
0.8546E-01	0.000
0.8872E-01	0.000
0.9210E-01	0.000
0.9560E-01	0.000
0.9924E-01	0.000
0.1030	0.000
0.1069	0.000
0.1110	0.000
0.1152	0.000
0.1196	0.000
0.1242	0.000
0.1289	0.000
0.1338	0.000
0.1389	0.000
0.1442	0.000
0.1497	0.000
0.1554	0.000
0.1613	0.000
0.1675	0.000
0.1739	0.000
0.1805	0.000
0.1874	0.000
0.1945	0.000
0.2019	0.000
0.2096	0.000
0.2176	0.000
0.2259	0.000
0.2345	0.000
0.2434	0.000
0.2527	0.000
0.2623	0.000
0.2723	0.000
0.2826	0.000
0.2934	0.000
0.3046	0.000
0.3162	0.000
0.3282	0.000
0.3407	0.000
0.3537	0.000
0.3672	0.000
0.3812	0.000
0.3957	0.000
0.4107	0.000
0.4264	0.000
0.4426	0.000
0.4595	0.000
0.4770	0.000
0.4952	0.000
0.5140	0.000
0.5336	0.000
0.5539	0.000
0.5750	0.000
0.5969	0.000
0.6196	0.000
0.6432	0.000
0.6677	0.000
0.6932	0.000
0.7196	0.000
0.7470	0.000
0.7754	0.000
0.8050	0.000
0.8356	0.000
0.8674	0.000
0.9005	0.000
0.9348	0.000
0.9704	0.000
1.007	0.000
1.046	0.000
1.086	0.000
1.127	0.000
1.170	0.000
1.214	0.000
1.261	0.000
1.309	0.000
1.358	0.000
1.410	0.000
1.464	0.000
1.520	0.000
1.578	0.000
1.638	0.000
1.700	0.000
1.765	0.000
1.832	0.000
1.902	0.000
1.974	0.000
2.049	0.000
2.127	0.000
2.208	0.000
2.293	0.000
2.380	0.000
2.470	0.000
2.565	0.000
2.662	0.000
2.764	0.000
2.869	0.000
2.978	0.000
3.092	0.000
3.209	0.000
3.332	0.000
3.458	0.000
3.590	0.000
3.727	0.000
3.869	0.000
4.016	0.000
4.169	0.000
4.328	0.000
4.493	0.000
4.664	0.000
4.841	0.000
5.026	0.000
5.217	0.000
5.416	0.000
5.622	0.000
5.836	0.000
6.059	0.000
6.289	0.000
6.529	0.000
6.778	0.000
7.036	0.000
7.304	0.000
7.582	0.000
7.871	0.000
8.170	0.000
8.482	0.000
8.805	0.000
9.140	0.000
9.488	0.000
9.849	0.000
10.22	0.000
10.61	0.000
11.02	0.000
11.44	0.000
11.87	0.000
12.33	0.000
12.80	0.000
13.28	0.000
13.79	0.000
14.31	0.000
14.86	0.000
15.42	0.000
16.01	0.000
16.62	0.000
17.25	0.000
17.91	0.000
18.59	0.000
19.30	0.000
20.04	0.000
20.80	0.000
21.59	0.000
22.42	0.000
23.27	0.000
24.16	0.000
25.08	0.000
26.03	0.000
27.02	0.000
28.05	0.000
29.12	0.000
30.23	0.000
31.38	0.000
32.57	0.000
33.82	0.000
35.10	0.000
36.44	0.000
37.83	0.000
39.27	0.000
40.76	0.000
42.32	0.000
43.93	0.000
45.60	0.000
47.34	0.000
49.14	0.000
51.01	0.000
52.96	0.000
54.97	0.000
57.07	0.000
59.24	0.000
61.50	0.000
63.84	0.000
66.27	0.000
68.79	0.000
71.41	0.000
74.13	0.000
76.96	0.000
79.89	0.000
82.93	0.000
86.09	0.000
89.37	0.000
92.77	0.000
96.31	0.000
99.97	0.000
103.8	0.000
107.7	0.000
111.8	0.000
116.1	0.000
120.5	0.000
125.1	0.000
129.9	0.000
134.8	0.000
140.0	0.000
145.3	0.000
150.8	0.000
156.6	0.000
162.5	0.000
168.7	0.000
175.1	0.000
181.8	0.000
188.7	0.000
195.9	0.000
203.4	0.000
211.1	0.000
219.2	0.000
227.5	0.000
236.2	0.000
245.2	0.000
254.5	0.000
264.2	0.000
274.3	0.000
284.7	0.000
295.6	0.000
306.8	0.000
318.5	0.000
330.6	0.000
343.2	0.000
356.3	0.000
369.9	0.000
384.0	0.000
398.6	0.000
413.8	0.000
429.5	0.000
445.9	0.000
462.9	0.000
480.5	0.000
498.8	0.000
517.8	0.000
537.5	0.000
558.0	0.000
579.2	0.000
601.3	0.000
624.2	0.000
648.0	0.000
672.6	0.000
698.3	0.000
724.9	0.000
752.5	0.000
781.1	0.000
810.9	0.000
841.8	0.000
873.8	0.000
907.1	0.000
941.6	0.000
977.5	0.000
1015.	0.000
1053.	0.000
1094.	0.000
1135.	0.000
1178.	0.000
1223.	0.000
1270.	0.000
1318.	0.000
1368.	0.000
1421.	0.000
1475.	0.000
1531.	0.000
1589.	0.000
1650.	0.000
1712.	0.000
1778.	0.000
1845.	0.000
1916.	0.000
1989.	0.000
2064.	0.000
2143.	0.000
2225.	0.000
2309.	0.000
2397.	0.000
2489.	0.000
2583.	0.000
2682.	0.000
2784.	0.000
2890.	0.000
3000.	0.000
 
 
C1    Mg    Effective (momentum)                                
E/N (Td)	Energy loss coefficient (eV m3/s)
0.1000E-02	0.1231E-22
0.1038E-02	0.1333E-22
0.1078E-02	0.1436E-22
0.1119E-02	0.1547E-22
0.1161E-02	0.1667E-22
0.1205E-02	0.1797E-22
0.1251E-02	0.1936E-22
0.1299E-02	0.2086E-22
0.1349E-02	0.2247E-22
0.1400E-02	0.2421E-22
0.1453E-02	0.2609E-22
0.1509E-02	0.2811E-22
0.1566E-02	0.3028E-22
0.1626E-02	0.3263E-22
0.1688E-02	0.3515E-22
0.1752E-02	0.3787E-22
0.1819E-02	0.4080E-22
0.1888E-02	0.4395E-22
0.1960E-02	0.4735E-22
0.2034E-02	0.5101E-22
0.2112E-02	0.5495E-22
0.2192E-02	0.5919E-22
0.2276E-02	0.6376E-22
0.2362E-02	0.6868E-22
0.2452E-02	0.7397E-22
0.2546E-02	0.7967E-22
0.2643E-02	0.8581E-22
0.2743E-02	0.9242E-22
0.2848E-02	0.9953E-22
0.2956E-02	0.1072E-21
0.3069E-02	0.1154E-21
0.3186E-02	0.1243E-21
0.3307E-02	0.1338E-21
0.3433E-02	0.1441E-21
0.3564E-02	0.1551E-21
0.3700E-02	0.1670E-21
0.3841E-02	0.1798E-21
0.3987E-02	0.1935E-21
0.4139E-02	0.2083E-21
0.4296E-02	0.2241E-21
0.4460E-02	0.2412E-21
0.4630E-02	0.2595E-21
0.4806E-02	0.2792E-21
0.4989E-02	0.3004E-21
0.5179E-02	0.3231E-21
0.5377E-02	0.3476E-21
0.5581E-02	0.3738E-21
0.5794E-02	0.4020E-21
0.6015E-02	0.4322E-21
0.6244E-02	0.4646E-21
0.6481E-02	0.4994E-21
0.6728E-02	0.5368E-21
0.6985E-02	0.5768E-21
0.7251E-02	0.6197E-21
0.7527E-02	0.6657E-21
0.7813E-02	0.7150E-21
0.8111E-02	0.7679E-21
0.8420E-02	0.8245E-21
0.8741E-02	0.8851E-21
0.9073E-02	0.9499E-21
0.9419E-02	0.1019E-20
0.9778E-02	0.1094E-20
0.1015E-01	0.1173E-20
0.1054E-01	0.1258E-20
0.1094E-01	0.1349E-20
0.1135E-01	0.1446E-20
0.1179E-01	0.1549E-20
0.1224E-01	0.1660E-20
0.1270E-01	0.1778E-20
0.1319E-01	0.1904E-20
0.1369E-01	0.2039E-20
0.1421E-01	0.2182E-20
0.1475E-01	0.2335E-20
0.1531E-01	0.2498E-20
0.1590E-01	0.2671E-20
0.1650E-01	0.2856E-20
0.1713E-01	0.3053E-20
0.1778E-01	0.3262E-20
0.1846E-01	0.3485E-20
0.1916E-01	0.3722E-20
0.1989E-01	0.3974E-20
0.2065E-01	0.4241E-20
0.2144E-01	0.4525E-20
0.2225E-01	0.4827E-20
0.2310E-01	0.5147E-20
0.2398E-01	0.5487E-20
0.2489E-01	0.5848E-20
0.2584E-01	0.6230E-20
0.2682E-01	0.6635E-20
0.2785E-01	0.7064E-20
0.2891E-01	0.7519E-20
0.3001E-01	0.8001E-20
0.3115E-01	0.8511E-20
0.3234E-01	0.9051E-20
0.3357E-01	0.9622E-20
0.3485E-01	0.1023E-19
0.3617E-01	0.1086E-19
0.3755E-01	0.1154E-19
0.3898E-01	0.1225E-19
0.4047E-01	0.1300E-19
0.4201E-01	0.1380E-19
0.4361E-01	0.1464E-19
0.4527E-01	0.1552E-19
0.4699E-01	0.1646E-19
0.4878E-01	0.1745E-19
0.5064E-01	0.1849E-19
0.5257E-01	0.1958E-19
0.5457E-01	0.2074E-19
0.5665E-01	0.2196E-19
0.5881E-01	0.2324E-19
0.6105E-01	0.2460E-19
0.6337E-01	0.2602E-19
0.6579E-01	0.2753E-19
0.6829E-01	0.2911E-19
0.7089E-01	0.3078E-19
0.7359E-01	0.3254E-19
0.7640E-01	0.3439E-19
0.7931E-01	0.3634E-19
0.8233E-01	0.3840E-19
0.8546E-01	0.4056E-19
0.8872E-01	0.4285E-19
0.9210E-01	0.4525E-19
0.9560E-01	0.4779E-19
0.9924E-01	0.5046E-19
0.1030	0.5327E-19
0.1069	0.5624E-19
0.1110	0.5937E-19
0.1152	0.6268E-19
0.1196	0.6616E-19
0.1242	0.6984E-19
0.1289	0.7371E-19
0.1338	0.7779E-19
0.1389	0.8210E-19
0.1442	0.8665E-19
0.1497	0.9144E-19
0.1554	0.9649E-19
0.1613	0.1018E-18
0.1675	0.1074E-18
0.1739	0.1134E-18
0.1805	0.1196E-18
0.1874	0.1262E-18
0.1945	0.1331E-18
0.2019	0.1404E-18
0.2096	0.1481E-18
0.2176	0.1562E-18
0.2259	0.1647E-18
0.2345	0.1736E-18
0.2434	0.1830E-18
0.2527	0.1929E-18
0.2623	0.2033E-18
0.2723	0.2142E-18
0.2826	0.2257E-18
0.2934	0.2378E-18
0.3046	0.2505E-18
0.3162	0.2638E-18
0.3282	0.2777E-18
0.3407	0.2924E-18
0.3537	0.3078E-18
0.3672	0.3240E-18
0.3812	0.3409E-18
0.3957	0.3587E-18
0.4107	0.3774E-18
0.4264	0.3970E-18
0.4426	0.4176E-18
0.4595	0.4391E-18
0.4770	0.4618E-18
0.4952	0.4855E-18
0.5140	0.5104E-18
0.5336	0.5366E-18
0.5539	0.5640E-18
0.5750	0.5928E-18
0.5969	0.6230E-18
0.6196	0.6547E-18
0.6432	0.6879E-18
0.6677	0.7228E-18
0.6932	0.7594E-18
0.7196	0.7978E-18
0.7470	0.8380E-18
0.7754	0.8803E-18
0.8050	0.9247E-18
0.8356	0.9712E-18
0.8674	0.1020E-17
0.9005	0.1071E-17
0.9348	0.1125E-17
0.9704	0.1181E-17
1.007	0.1240E-17
1.046	0.1302E-17
1.086	0.1367E-17
1.127	0.1435E-17
1.170	0.1507E-17
1.214	0.1582E-17
1.261	0.1661E-17
1.309	0.1743E-17
1.358	0.1830E-17
1.410	0.1921E-17
1.464	0.2016E-17
1.520	0.2116E-17
1.578	0.2221E-17
1.638	0.2331E-17
1.700	0.2446E-17
1.765	0.2567E-17
1.832	0.2694E-17
1.902	0.2827E-17
1.974	0.2967E-17
2.049	0.3114E-17
2.127	0.3268E-17
2.208	0.3430E-17
2.293	0.3601E-17
2.380	0.3780E-17
2.470	0.3968E-17
2.565	0.4165E-17
2.662	0.4375E-17
2.764	0.4595E-17
2.869	0.4828E-17
2.978	0.5073E-17
3.092	0.5331E-17
3.209	0.5604E-17
3.332	0.5894E-17
3.458	0.6201E-17
3.590	0.6526E-17
3.727	0.6870E-17
3.869	0.7235E-17
4.016	0.7623E-17
4.169	0.8034E-17
4.328	0.8469E-17
4.493	0.8930E-17
4.664	0.9416E-17
4.841	0.9930E-17
5.026	0.1047E-16
5.217	0.1103E-16
5.416	0.1161E-16
5.622	0.1220E-16
5.836	0.1280E-16
6.059	0.1341E-16
6.289	0.1401E-16
6.529	0.1460E-16
6.778	0.1518E-16
7.036	0.1573E-16
7.304	0.1625E-16
7.582	0.1675E-16
7.871	0.1721E-16
8.170	0.1764E-16
8.482	0.1803E-16
8.805	0.1840E-16
9.140	0.1873E-16
9.488	0.1903E-16
9.849	0.1930E-16
10.22	0.1955E-16
10.61	0.1977E-16
11.02	0.1997E-16
11.44	0.2016E-16
11.87	0.2033E-16
12.33	0.2048E-16
12.80	0.2062E-16
13.28	0.2075E-16
13.79	0.2086E-16
14.31	0.2097E-16
14.86	0.2107E-16
15.42	0.2117E-16
16.01	0.2126E-16
16.62	0.2134E-16
17.25	0.2142E-16
17.91	0.2149E-16
18.59	0.2156E-16
19.30	0.2163E-16
20.04	0.2170E-16
20.80	0.2176E-16
21.59	0.2182E-16
22.42	0.2189E-16
23.27	0.2194E-16
24.16	0.2200E-16
25.08	0.2206E-16
26.03	0.2212E-16
27.02	0.2218E-16
28.05	0.2223E-16
29.12	0.2229E-16
30.23	0.2235E-16
31.38	0.2241E-16
32.57	0.2247E-16
33.82	0.2253E-16
35.10	0.2259E-16
36.44	0.2265E-16
37.83	0.2271E-16
39.27	0.2277E-16
40.76	0.2284E-16
42.32	0.2291E-16
43.93	0.2298E-16
45.60	0.2305E-16
47.34	0.2312E-16
49.14	0.2320E-16
51.01	0.2327E-16
52.96	0.2335E-16
54.97	0.2344E-16
57.07	0.2352E-16
59.24	0.2361E-16
61.50	0.2371E-16
63.84	0.2380E-16
66.27	0.2390E-16
68.79	0.2401E-16
71.41	0.2411E-16
74.13	0.2423E-16
76.96	0.2435E-16
79.89	0.2447E-16
82.93	0.2460E-16
86.09	0.2473E-16
89.37	0.2487E-16
92.77	0.2502E-16
96.31	0.2518E-16
99.97	0.2534E-16
103.8	0.2551E-16
107.7	0.2568E-16
111.8	0.2587E-16
116.1	0.2606E-16
120.5	0.2627E-16
125.1	0.2648E-16
129.9	0.2670E-16
134.8	0.2694E-16
140.0	0.2718E-16
145.3	0.2744E-16
150.8	0.2771E-16
156.6	0.2800E-16
162.5	0.2830E-16
168.7	0.2861E-16
175.1	0.2894E-16
181.8	0.2928E-16
188.7	0.2965E-16
195.9	0.3002E-16
203.4	0.3042E-16
211.1	0.3084E-16
219.2	0.3128E-16
227.5	0.3173E-16
236.2	0.3221E-16
245.2	0.3272E-16
254.5	0.3325E-16
264.2	0.3380E-16
274.3	0.3438E-16
284.7	0.3499E-16
295.6	0.3563E-16
306.8	0.3629E-16
318.5	0.3699E-16
330.6	0.3772E-16
343.2	0.3848E-16
356.3	0.3927E-16
369.9	0.4011E-16
384.0	0.4098E-16
398.6	0.4188E-16
413.8	0.4283E-16
429.5	0.4382E-16
445.9	0.4485E-16
462.9	0.4592E-16
480.5	0.4704E-16
498.8	0.4820E-16
517.8	0.4941E-16
537.5	0.5067E-16
558.0	0.5198E-16
579.2	0.5334E-16
601.3	0.5475E-16
624.2	0.5622E-16
648.0	0.5775E-16
672.6	0.5933E-16
698.3	0.6097E-16
724.9	0.6267E-16
752.5	0.6443E-16
781.1	0.6627E-16
810.9	0.6817E-16
841.8	0.7014E-16
873.8	0.7218E-16
907.1	0.7431E-16
941.6	0.7654E-16
977.5	0.7884E-16
1015.	0.8123E-16
1053.	0.8374E-16
1094.	0.8635E-16
1135.	0.8907E-16
1178.	0.9193E-16
1223.	0.9493E-16
1270.	0.9809E-16
1318.	0.1014E-15
1368.	0.1050E-15
1421.	0.1088E-15
1475.	0.1127E-15
1531.	0.1170E-15
1589.	0.1216E-15
1650.	0.1266E-15
1712.	0.1319E-15
1778.	0.1376E-15
1845.	0.1438E-15
1916.	0.1505E-15
1989.	0.1576E-15
2064.	0.1652E-15
2143.	0.1734E-15
2225.	0.1823E-15
2309.	0.1917E-15
2397.	0.2020E-15
2489.	0.2130E-15
2583.	0.2248E-15
2682.	0.2376E-15
2784.	0.2514E-15
2890.	0.2664E-15
3000.	0.2827E-15
 
 
C2    Mg    Excitation    2.71 eV                               
E/N (Td)	Energy loss coefficient (eV m3/s)
0.1000E-02	-0.8294E-58
0.1038E-02	-0.8295E-58
0.1078E-02	-0.8295E-58
0.1119E-02	-0.8295E-58
0.1161E-02	-0.8296E-58
0.1205E-02	-0.8296E-58
0.1251E-02	-0.8296E-58
0.1299E-02	-0.8297E-58
0.1349E-02	-0.8297E-58
0.1400E-02	-0.8298E-58
0.1453E-02	-0.8298E-58
0.1509E-02	-0.8299E-58
0.1566E-02	-0.8300E-58
0.1626E-02	-0.8300E-58
0.1688E-02	-0.8301E-58
0.1752E-02	-0.8302E-58
0.1819E-02	-0.8302E-58
0.1888E-02	-0.8303E-58
0.1960E-02	-0.8304E-58
0.2034E-02	-0.8305E-58
0.2112E-02	-0.8306E-58
0.2192E-02	-0.8308E-58
0.2276E-02	-0.8309E-58
0.2362E-02	-0.8310E-58
0.2452E-02	-0.8312E-58
0.2546E-02	-0.8313E-58
0.2643E-02	-0.8315E-58
0.2743E-02	-0.8317E-58
0.2848E-02	-0.8319E-58
0.2956E-02	-0.8321E-58
0.3069E-02	-0.8323E-58
0.3186E-02	-0.8326E-58
0.3307E-02	-0.8328E-58
0.3433E-02	-0.8331E-58
0.3564E-02	-0.8334E-58
0.3700E-02	-0.8337E-58
0.3841E-02	-0.8341E-58
0.3987E-02	-0.8345E-58
0.4139E-02	-0.8349E-58
0.4296E-02	-0.8353E-58
0.4460E-02	-0.8357E-58
0.4630E-02	-0.8362E-58
0.4806E-02	-0.8367E-58
0.4989E-02	-0.8373E-58
0.5179E-02	-0.8379E-58
0.5377E-02	-0.8385E-58
0.5581E-02	-0.8392E-58
0.5794E-02	-0.8399E-58
0.6015E-02	-0.8407E-58
0.6244E-02	-0.8415E-58
0.6481E-02	-0.8424E-58
0.6728E-02	-0.8433E-58
0.6985E-02	-0.8443E-58
0.7251E-02	-0.8453E-58
0.7527E-02	-0.8464E-58
0.7813E-02	-0.8476E-58
0.8111E-02	-0.8489E-58
0.8420E-02	-0.8502E-58
0.8741E-02	-0.8516E-58
0.9073E-02	-0.8531E-58
0.9419E-02	-0.8546E-58
0.9778E-02	-0.8563E-58
0.1015E-01	-0.8580E-58
0.1054E-01	-0.8599E-58
0.1094E-01	-0.8618E-58
0.1135E-01	-0.8639E-58
0.1179E-01	-0.8660E-58
0.1224E-01	-0.8683E-58
0.1270E-01	-0.8707E-58
0.1319E-01	-0.8732E-58
0.1369E-01	-0.8758E-58
0.1421E-01	-0.8785E-58
0.1475E-01	-0.8814E-58
0.1531E-01	-0.8844E-58
0.1590E-01	-0.8875E-58
0.1650E-01	-0.8908E-58
0.1713E-01	-0.8943E-58
0.1778E-01	-0.8978E-58
0.1846E-01	-0.9016E-58
0.1916E-01	-0.9054E-58
0.1989E-01	-0.9095E-58
0.2065E-01	-0.9137E-58
0.2144E-01	-0.9180E-58
0.2225E-01	-0.9225E-58
0.2310E-01	-0.9272E-58
0.2398E-01	-0.9321E-58
0.2489E-01	-0.9371E-58
0.2584E-01	-0.9423E-58
0.2682E-01	-0.9477E-58
0.2785E-01	-0.9532E-58
0.2891E-01	-0.9590E-58
0.3001E-01	-0.9649E-58
0.3115E-01	-0.9709E-58
0.3234E-01	-0.9772E-58
0.3357E-01	-0.9836E-58
0.3485E-01	-0.9902E-58
0.3617E-01	-0.9970E-58
0.3755E-01	-0.1004E-57
0.3898E-01	-0.1011E-57
0.4047E-01	-0.1019E-57
0.4201E-01	-0.1026E-57
0.4361E-01	-0.1034E-57
0.4527E-01	-0.1042E-57
0.4699E-01	-0.1050E-57
0.4878E-01	-0.1058E-57
0.5064E-01	-0.1066E-57
0.5257E-01	-0.1075E-57
0.5457E-01	-0.1084E-57
0.5665E-01	-0.1093E-57
0.5881E-01	-0.1102E-57
0.6105E-01	-0.1111E-57
0.6337E-01	-0.1121E-57
0.6579E-01	-0.1130E-57
0.6829E-01	-0.1140E-57
0.7089E-01	-0.1150E-57
0.7359E-01	-0.1160E-57
0.7640E-01	-0.1170E-57
0.7931E-01	-0.1181E-57
0.8233E-01	-0.1191E-57
0.8546E-01	-0.1202E-57
0.8872E-01	-0.1213E-57
0.9210E-01	-0.1224E-57
0.9560E-01	-0.1236E-57
0.9924E-01	-0.1247E-57
0.1030	-0.1259E-57
0.1069	-0.1271E-57
0.1110	-0.1283E-57
0.1152	-0.1295E-57
0.1196	-0.1308E-57
0.1242	-0.1321E-57
0.1289	-0.1334E-57
0.1338	-0.1347E-57
0.1389	-0.1360E-57
0.1442	-0.1374E-57
0.1497	-0.1388E-57
0.1554	-0.1402E-57
0.1613	-0.1416E-57
0.1675	-0.1431E-57
0.1739	-0.1446E-57
0.1805	-0.1461E-57
0.1874	-0.1477E-57
0.1945	-0.1492E-57
0.2019	-0.1508E-57
0.2096	-0.1524E-57
0.2176	-0.1541E-57
0.2259	-0.1557E-57
0.2345	-0.1574E-57
0.2434	-0.1591E-57
0.2527	-0.1608E-57
0.2623	-0.1625E-57
0.2723	-0.1643E-57
0.2826	-0.1660E-57
0.2934	-0.1677E-57
0.3046	-0.1695E-57
0.3162	-0.1712E-57
0.3282	-0.1729E-57
0.3407	-0.1747E-57
0.3537	-0.1764E-57
0.3672	-0.1781E-57
0.3812	-0.1797E-57
0.3957	-0.1814E-57
0.4107	-0.1830E-57
0.4264	-0.1846E-57
0.4426	-0.1861E-57
0.4595	-0.1876E-57
0.4770	-0.1891E-57
0.4952	-0.1905E-57
0.5140	-0.1919E-57
0.5336	-0.1933E-57
0.5539	-0.1945E-57
0.5750	-0.1958E-57
0.5969	-0.1969E-57
0.6196	-0.1981E-57
0.6432	-0.1991E-57
0.6677	-0.2001E-57
0.6932	-0.2010E-57
0.7196	-0.2019E-57
0.7470	-0.2027E-57
0.7754	-0.2035E-57
0.8050	-0.2041E-57
0.8356	-0.2048E-57
0.8674	-0.2053E-57
0.9005	-0.2058E-57
0.9348	-0.2062E-57
0.9704	-0.2066E-57
1.007	-0.2069E-57
1.046	-0.2071E-57
1.086	-0.2073E-57
1.127	-0.2074E-57
1.170	-0.2075E-57
1.214	-0.2075E-57
1.261	-0.2075E-57
1.309	-0.2074E-57
1.358	-0.2072E-57
1.410	-0.2070E-57
1.464	-0.2068E-57
1.520	-0.2065E-57
1.578	-0.2061E-57
1.638	-0.2057E-57
1.700	-0.2053E-57
1.765	-0.2048E-57
1.832	-0.2043E-57
1.902	-0.2038E-57
1.974	-0.2032E-57
2.049	-0.2025E-57
2.127	-0.2019E-57
2.208	-0.2011E-57
2.293	-0.2004E-57
2.380	-0.1996E-57
2.470	-0.1988E-57
2.565	-0.1979E-57
2.662	0.3641E-25
2.764	0.1205E-24
2.869	0.3830E-24
2.978	0.1167E-23
3.092	0.3410E-23
3.209	0.9541E-23
3.332	0.2557E-22
3.458	0.6559E-22
3.590	0.1611E-21
3.727	0.3792E-21
3.869	0.8550E-21
4.016	0.1849E-20
4.169	0.3837E-20
4.328	0.7648E-20
4.493	0.1466E-19
4.664	0.2703E-19
4.841	0.4803E-19
5.026	0.8234E-19
5.217	0.1363E-18
5.416	0.2183E-18
5.622	0.3386E-18
5.836	0.5095E-18
6.059	0.7448E-18
6.289	0.1060E-17
6.529	0.1470E-17
6.778	0.1991E-17
7.036	0.2638E-17
7.304	0.3426E-17
7.582	0.4368E-17
7.871	0.5477E-17
8.170	0.6764E-17
8.482	0.8239E-17
8.805	0.9914E-17
9.140	0.1180E-16
9.488	0.1390E-16
9.849	0.1624E-16
10.22	0.1881E-16
10.61	0.2164E-16
11.02	0.2474E-16
11.44	0.2813E-16
11.87	0.3181E-16
12.33	0.3581E-16
12.80	0.4016E-16
13.28	0.4486E-16
13.79	0.4995E-16
14.31	0.5546E-16
14.86	0.6140E-16
15.42	0.6782E-16
16.01	0.7474E-16
16.62	0.8220E-16
17.25	0.9024E-16
17.91	0.9891E-16
18.59	0.1083E-15
19.30	0.1183E-15
20.04	0.1291E-15
20.80	0.1408E-15
21.59	0.1533E-15
22.42	0.1668E-15
23.27	0.1814E-15
24.16	0.1970E-15
25.08	0.2138E-15
26.03	0.2319E-15
27.02	0.2514E-15
28.05	0.2723E-15
29.12	0.2949E-15
30.23	0.3191E-15
31.38	0.3451E-15
32.57	0.3732E-15
33.82	0.4033E-15
35.10	0.4357E-15
36.44	0.4705E-15
37.83	0.5079E-15
39.27	0.5482E-15
40.76	0.5915E-15
42.32	0.6380E-15
43.93	0.6880E-15
45.60	0.7417E-15
47.34	0.7995E-15
49.14	0.8616E-15
51.01	0.9283E-15
52.96	0.1000E-14
54.97	0.1077E-14
57.07	0.1160E-14
59.24	0.1249E-14
61.50	0.1345E-14
63.84	0.1447E-14
66.27	0.1558E-14
68.79	0.1676E-14
71.41	0.1804E-14
74.13	0.1940E-14
76.96	0.2087E-14
79.89	0.2245E-14
82.93	0.2414E-14
86.09	0.2596E-14
89.37	0.2792E-14
92.77	0.3001E-14
96.31	0.3226E-14
99.97	0.3467E-14
103.8	0.3725E-14
107.7	0.4002E-14
111.8	0.4299E-14
116.1	0.4617E-14
120.5	0.4957E-14
125.1	0.5321E-14
129.9	0.5710E-14
134.8	0.6127E-14
140.0	0.6572E-14
145.3	0.7047E-14
150.8	0.7553E-14
156.6	0.8094E-14
162.5	0.8669E-14
168.7	0.9282E-14
175.1	0.9934E-14
181.8	0.1063E-13
188.7	0.1136E-13
195.9	0.1214E-13
203.4	0.1297E-13
211.1	0.1384E-13
219.2	0.1477E-13
227.5	0.1574E-13
236.2	0.1677E-13
245.2	0.1786E-13
254.5	0.1900E-13
264.2	0.2021E-13
274.3	0.2147E-13
284.7	0.2279E-13
295.6	0.2418E-13
306.8	0.2563E-13
318.5	0.2714E-13
330.6	0.2872E-13
343.2	0.3036E-13
356.3	0.3208E-13
369.9	0.3385E-13
384.0	0.3569E-13
398.6	0.3759E-13
413.8	0.3956E-13
429.5	0.4158E-13
445.9	0.4367E-13
462.9	0.4581E-13
480.5	0.4801E-13
498.8	0.5025E-13
517.8	0.5255E-13
537.5	0.5489E-13
558.0	0.5727E-13
579.2	0.5968E-13
601.3	0.6212E-13
624.2	0.6459E-13
648.0	0.6708E-13
672.6	0.6958E-13
698.3	0.7209E-13
724.9	0.7460E-13
752.5	0.7711E-13
781.1	0.7961E-13
810.9	0.8210E-13
841.8	0.8457E-13
873.8	0.8699E-13
907.1	0.8940E-13
941.6	0.9178E-13
977.5	0.9409E-13
1015.	0.9637E-13
1053.	0.9860E-13
1094.	0.1007E-12
1135.	0.1028E-12
1178.	0.1048E-12
1223.	0.1067E-12
1270.	0.1084E-12
1318.	0.1101E-12
1368.	0.1116E-12
1421.	0.1130E-12
1475.	0.1142E-12
1531.	0.1152E-12
1589.	0.1160E-12
1650.	0.1166E-12
1712.	0.1169E-12
1778.	0.1170E-12
1845.	0.1168E-12
1916.	0.1164E-12
1989.	0.1157E-12
2064.	0.1147E-12
2143.	0.1136E-12
2225.	0.1121E-12
2309.	0.1104E-12
2397.	0.1085E-12
2489.	0.1063E-12
2583.	0.1039E-12
2682.	0.1013E-12
2784.	0.9850E-13
2890.	0.9557E-13
3000.	0.9256E-13
 
 
C3    Mg    Excitation    4.33 eV                               
E/N (Td)	Energy loss coefficient (eV m3/s)
0.1000E-02	-0.2896E-85
0.1038E-02	-0.2896E-85
0.1078E-02	-0.2896E-85
0.1119E-02	-0.2897E-85
0.1161E-02	-0.2897E-85
0.1205E-02	-0.2897E-85
0.1251E-02	-0.2897E-85
0.1299E-02	-0.2897E-85
0.1349E-02	-0.2897E-85
0.1400E-02	-0.2897E-85
0.1453E-02	-0.2898E-85
0.1509E-02	-0.2898E-85
0.1566E-02	-0.2898E-85
0.1626E-02	-0.2898E-85
0.1688E-02	-0.2898E-85
0.1752E-02	-0.2899E-85
0.1819E-02	-0.2899E-85
0.1888E-02	-0.2899E-85
0.1960E-02	-0.2900E-85
0.2034E-02	-0.2900E-85
0.2112E-02	-0.2900E-85
0.2192E-02	-0.2901E-85
0.2276E-02	-0.2901E-85
0.2362E-02	-0.2902E-85
0.2452E-02	-0.2902E-85
0.2546E-02	-0.2903E-85
0.2643E-02	-0.2903E-85
0.2743E-02	-0.2904E-85
0.2848E-02	-0.2905E-85
0.2956E-02	-0.2905E-85
0.3069E-02	-0.2906E-85
0.3186E-02	-0.2907E-85
0.3307E-02	-0.2908E-85
0.3433E-02	-0.2909E-85
0.3564E-02	-0.2910E-85
0.3700E-02	-0.2911E-85
0.3841E-02	-0.2912E-85
0.3987E-02	-0.2914E-85
0.4139E-02	-0.2915E-85
0.4296E-02	-0.2916E-85
0.4460E-02	-0.2918E-85
0.4630E-02	-0.2920E-85
0.4806E-02	-0.2922E-85
0.4989E-02	-0.2923E-85
0.5179E-02	-0.2926E-85
0.5377E-02	-0.2928E-85
0.5581E-02	-0.2930E-85
0.5794E-02	-0.2933E-85
0.6015E-02	-0.2935E-85
0.6244E-02	-0.2938E-85
0.6481E-02	-0.2941E-85
0.6728E-02	-0.2944E-85
0.6985E-02	-0.2948E-85
0.7251E-02	-0.2951E-85
0.7527E-02	-0.2955E-85
0.7813E-02	-0.2959E-85
0.8111E-02	-0.2963E-85
0.8420E-02	-0.2968E-85
0.8741E-02	-0.2973E-85
0.9073E-02	-0.2978E-85
0.9419E-02	-0.2983E-85
0.9778E-02	-0.2989E-85
0.1015E-01	-0.2995E-85
0.1054E-01	-0.3002E-85
0.1094E-01	-0.3008E-85
0.1135E-01	-0.3015E-85
0.1179E-01	-0.3023E-85
0.1224E-01	-0.3031E-85
0.1270E-01	-0.3039E-85
0.1319E-01	-0.3048E-85
0.1369E-01	-0.3057E-85
0.1421E-01	-0.3066E-85
0.1475E-01	-0.3076E-85
0.1531E-01	-0.3086E-85
0.1590E-01	-0.3097E-85
0.1650E-01	-0.3109E-85
0.1713E-01	-0.3120E-85
0.1778E-01	-0.3133E-85
0.1846E-01	-0.3146E-85
0.1916E-01	-0.3159E-85
0.1989E-01	-0.3173E-85
0.2065E-01	-0.3187E-85
0.2144E-01	-0.3202E-85
0.2225E-01	-0.3218E-85
0.2310E-01	-0.3234E-85
0.2398E-01	-0.3251E-85
0.2489E-01	-0.3268E-85
0.2584E-01	-0.3286E-85
0.2682E-01	-0.3305E-85
0.2785E-01	-0.3324E-85
0.2891E-01	-0.3344E-85
0.3001E-01	-0.3364E-85
0.3115E-01	-0.3385E-85
0.3234E-01	-0.3406E-85
0.3357E-01	-0.3428E-85
0.3485E-01	-0.3451E-85
0.3617E-01	-0.3475E-85
0.3755E-01	-0.3499E-85
0.3898E-01	-0.3523E-85
0.4047E-01	-0.3548E-85
0.4201E-01	-0.3574E-85
0.4361E-01	-0.3601E-85
0.4527E-01	-0.3628E-85
0.4699E-01	-0.3656E-85
0.4878E-01	-0.3684E-85
0.5064E-01	-0.3713E-85
0.5257E-01	-0.3742E-85
0.5457E-01	-0.3772E-85
0.5665E-01	-0.3803E-85
0.5881E-01	-0.3834E-85
0.6105E-01	-0.3866E-85
0.6337E-01	-0.3898E-85
0.6579E-01	-0.3931E-85
0.6829E-01	-0.3965E-85
0.7089E-01	-0.3999E-85
0.7359E-01	-0.4033E-85
0.7640E-01	-0.4068E-85
0.7931E-01	-0.4104E-85
0.8233E-01	-0.4140E-85
0.8546E-01	-0.4177E-85
0.8872E-01	-0.4214E-85
0.9210E-01	-0.4252E-85
0.9560E-01	-0.4291E-85
0.9924E-01	-0.4330E-85
0.1030	-0.4370E-85
0.1069	-0.4410E-85
0.1110	-0.4452E-85
0.1152	-0.4493E-85
0.1196	-0.4536E-85
0.1242	-0.4579E-85
0.1289	-0.4623E-85
0.1338	-0.4668E-85
0.1389	-0.4713E-85
0.1442	-0.4760E-85
0.1497	-0.4807E-85
0.1554	-0.4855E-85
0.1613	-0.4904E-85
0.1675	-0.4954E-85
0.1739	-0.5004E-85
0.1805	-0.5056E-85
0.1874	-0.5108E-85
0.1945	-0.5162E-85
0.2019	-0.5216E-85
0.2096	-0.5271E-85
0.2176	-0.5327E-85
0.2259	-0.5384E-85
0.2345	-0.5441E-85
0.2434	-0.5500E-85
0.2527	-0.5559E-85
0.2623	-0.5619E-85
0.2723	-0.5679E-85
0.2826	-0.5740E-85
0.2934	-0.5802E-85
0.3046	-0.5864E-85
0.3162	-0.5927E-85
0.3282	-0.5990E-85
0.3407	-0.6053E-85
0.3537	-0.6117E-85
0.3672	-0.6181E-85
0.3812	-0.6246E-85
0.3957	-0.6310E-85
0.4107	-0.6375E-85
0.4264	-0.6440E-85
0.4426	-0.6505E-85
0.4595	-0.6571E-85
0.4770	-0.6636E-85
0.4952	-0.6702E-85
0.5140	-0.6768E-85
0.5336	-0.6833E-85
0.5539	-0.6900E-85
0.5750	-0.6966E-85
0.5969	-0.7032E-85
0.6196	-0.7099E-85
0.6432	-0.7166E-85
0.6677	-0.7233E-85
0.6932	-0.7300E-85
0.7196	-0.7368E-85
0.7470	-0.7436E-85
0.7754	-0.7505E-85
0.8050	-0.7574E-85
0.8356	-0.7643E-85
0.8674	-0.7713E-85
0.9005	-0.7784E-85
0.9348	-0.7856E-85
0.9704	-0.7928E-85
1.007	-0.8000E-85
1.046	-0.8074E-85
1.086	-0.8149E-85
1.127	-0.8224E-85
1.170	-0.8300E-85
1.214	-0.8377E-85
1.261	-0.8455E-85
1.309	-0.8534E-85
1.358	-0.8614E-85
1.410	-0.8695E-85
1.464	-0.8776E-85
1.520	-0.8859E-85
1.578	-0.8942E-85
1.638	-0.9027E-85
1.700	-0.9112E-85
1.765	-0.9198E-85
1.832	-0.9285E-85
1.902	-0.9373E-85
1.974	-0.9461E-85
2.049	-0.9548E-85
2.127	-0.9640E-85
2.208	-0.9730E-85
2.293	-0.9821E-85
2.380	-0.9912E-85
2.470	-0.1000E-84
2.565	-0.1010E-84
2.662	-0.1019E-84
2.764	-0.1029E-84
2.869	-0.1038E-84
2.978	-0.1048E-84
3.092	-0.1058E-84
3.209	-0.1068E-84
3.332	-0.1078E-84
3.458	-0.1088E-84
3.590	-0.1099E-84
3.727	-0.1109E-84
3.869	-0.1121E-84
4.016	-0.1132E-84
4.169	-0.1144E-84
4.328	-0.1156E-84
4.493	-0.1168E-84
4.664	-0.1181E-84
4.841	-0.1194E-84
5.026	-0.1208E-84
5.217	-0.1222E-84
5.416	-0.1235E-84
5.622	-0.1250E-84
5.836	-0.1264E-84
6.059	-0.1277E-84
6.289	-0.1291E-84
6.529	-0.1304E-84
6.778	-0.1317E-84
7.036	-0.1329E-84
7.304	-0.1340E-84
7.582	-0.1350E-84
7.871	-0.1360E-84
8.170	-0.1369E-84
8.482	-0.1377E-84
8.805	-0.1384E-84
9.140	-0.1390E-84
9.488	-0.1396E-84
9.849	-0.1402E-84
10.22	-0.1406E-84
10.61	-0.1411E-84
11.02	-0.1414E-84
11.44	-0.1418E-84
11.87	-0.1421E-84
12.33	-0.1424E-84
12.80	-0.1426E-84
13.28	-0.1428E-84
13.79	-0.1431E-84
14.31	-0.1432E-84
14.86	-0.1434E-84
15.42	-0.1436E-84
16.01	-0.1438E-84
16.62	-0.1439E-84
17.25	-0.1440E-84
17.91	-0.1442E-84
18.59	-0.1443E-84
19.30	0.3916E-29
20.04	0.1212E-28
20.80	0.3604E-28
21.59	0.1031E-27
22.42	0.2844E-27
23.27	0.7567E-27
24.16	0.1945E-26
25.08	0.4836E-26
26.03	0.1164E-25
27.02	0.2718E-25
28.05	0.6156E-25
29.12	0.1355E-24
30.23	0.9258E-24
31.38	0.2015E-23
32.57	0.4278E-23
33.82	0.8863E-23
35.10	0.1794E-22
36.44	0.3550E-22
37.83	0.6874E-22
39.27	0.1304E-21
40.76	0.2423E-21
42.32	0.4416E-21
43.93	0.7900E-21
45.60	0.1395E-20
47.34	0.2408E-20
49.14	0.4087E-20
51.01	0.6827E-20
52.96	0.1123E-19
54.97	0.1818E-19
57.07	0.2904E-19
59.24	0.4572E-19
61.50	0.7104E-19
63.84	0.1092E-18
66.27	0.1654E-18
68.79	0.2475E-18
71.41	0.3661E-18
74.13	0.5355E-18
76.96	0.7749E-18
79.89	0.1110E-17
82.93	0.1574E-17
86.09	0.2210E-17
89.37	0.3079E-17
92.77	0.4245E-17
96.31	0.5803E-17
99.97	0.7866E-17
103.8	0.1058E-16
107.7	0.1411E-16
111.8	0.1869E-16
116.1	0.2458E-16
120.5	0.3210E-16
125.1	0.4166E-16
129.9	0.5368E-16
134.8	0.6874E-16
140.0	0.8750E-16
145.3	0.1107E-15
150.8	0.1394E-15
156.6	0.1744E-15
162.5	0.2172E-15
168.7	0.2691E-15
175.1	0.3318E-15
181.8	0.4071E-15
188.7	0.4972E-15
195.9	0.6046E-15
203.4	0.7320E-15
211.1	0.8828E-15
219.2	0.1060E-14
227.5	0.1268E-14
236.2	0.1512E-14
245.2	0.1795E-14
254.5	0.2125E-14
264.2	0.2506E-14
274.3	0.2945E-14
284.7	0.3451E-14
295.6	0.4030E-14
306.8	0.4692E-14
318.5	0.5446E-14
330.6	0.6303E-14
343.2	0.7275E-14
356.3	0.8373E-14
369.9	0.9610E-14
384.0	0.1100E-13
398.6	0.1256E-13
413.8	0.1430E-13
429.5	0.1623E-13
445.9	0.1839E-13
462.9	0.2078E-13
480.5	0.2342E-13
498.8	0.2634E-13
517.8	0.2954E-13
537.5	0.3306E-13
558.0	0.3691E-13
579.2	0.4111E-13
601.3	0.4568E-13
624.2	0.5065E-13
648.0	0.5604E-13
672.6	0.6187E-13
698.3	0.6816E-13
724.9	0.7494E-13
752.5	0.8223E-13
781.1	0.9007E-13
810.9	0.9848E-13
841.8	0.1075E-12
873.8	0.1171E-12
907.1	0.1274E-12
941.6	0.1386E-12
977.5	0.1505E-12
1015.	0.1632E-12
1053.	0.1769E-12
1094.	0.1915E-12
1135.	0.2073E-12
1178.	0.2244E-12
1223.	0.2428E-12
1270.	0.2627E-12
1318.	0.2845E-12
1368.	0.3081E-12
1421.	0.3337E-12
1475.	0.3609E-12
1531.	0.3910E-12
1589.	0.4237E-12
1650.	0.4590E-12
1712.	0.4969E-12
1778.	0.5376E-12
1845.	0.5807E-12
1916.	0.6266E-12
1989.	0.6747E-12
2064.	0.7251E-12
2143.	0.7773E-12
2225.	0.8316E-12
2309.	0.8876E-12
2397.	0.9454E-12
2489.	0.1004E-11
2583.	0.1064E-11
2682.	0.1125E-11
2784.	0.1187E-11
2890.	0.1249E-11
3000.	0.1311E-11
 
 
C4    Mg    Ionization    7.64 eV                               
E/N (Td)	Energy loss coefficient (eV m3/s)
0.1000E-02	0.000
0.1038E-02	0.000
0.1078E-02	0.000
0.1119E-02	0.000
0.1161E-02	0.000
0.1205E-02	0.000
0.1251E-02	0.000
0.1299E-02	0.000
0.1349E-02	0.000
0.1400E-02	0.000
0.1453E-02	0.000
0.1509E-02	0.000
0.1566E-02	0.000
0.1626E-02	0.000
0.1688E-02	0.000
0.1752E-02	0.000
0.1819E-02	0.000
0.1888E-02	0.000
0.1960E-02	0.000
0.2034E-02	0.000
0.2112E-02	0.000
0.2192E-02	0.000
0.2276E-02	0.000
0.2362E-02	0.000
0.2452E-02	0.000
0.2546E-02	0.000
0.2643E-02	0.000
0.2743E-02	0.000
0.2848E-02	0.000
0.2956E-02	0.000
0.3069E-02	0.000
0.3186E-02	0.000
0.3307E-02	0.000
0.3433E-02	0.000
0.3564E-02	0.000
0.3700E-02	0.000
0.3841E-02	0.000
0.3987E-02	0.000
0.4139E-02	0.000
0.4296E-02	0.000
0.4460E-02	0.000
0.4630E-02	0.000
0.4806E-02	0.000
0.4989E-02	0.000
0.5179E-02	0.000
0.5377E-02	0.000
0.5581E-02	0.000
0.5794E-02	0.000
0.6015E-02	0.000
0.6244E-02	0.000
0.6481E-02	0.000
0.6728E-02	0.000
0.6985E-02	0.000
0.7251E-02	0.000
0.7527E-02	0.000
0.7813E-02	0.000
0.8111E-02	0.000
0.8420E-02	0.000
0.8741E-02	0.000
0.9073E-02	0.000
0.9419E-02	0.000
0.9778E-02	0.000
0.1015E-01	0.000
0.1054E-01	0.000
0.1094E-01	0.000
0.1135E-01	0.000
0.1179E-01	0.000
0.1224E-01	0.000
0.1270E-01	0.000
0.1319E-01	0.000
0.1369E-01	0.000
0.1421E-01	0.000
0.1475E-01	0.000
0.1531E-01	0.000
0.1590E-01	0.000
0.1650E-01	0.000
0.1713E-01	0.000
0.1778E-01	0.000
0.1846E-01	0.000
0.1916E-01	0.000
0.1989E-01	0.000
0.2065E-01	0.000
0.2144E-01	0.000
0.2225E-01	0.000
0.2310E-01	0.000
0.2398E-01	0.000
0.2489E-01	0.000
0.2584E-01	0.000
0.2682E-01	0.000
0.2785E-01	0.000
0.2891E-01	0.000
0.3001E-01	0.000
0.3115E-01	0.000
0.3234E-01	0.000
0.3357E-01	0.000
0.3485E-01	0.000
0.3617E-01	0.000
0.3755E-01	0.000
0.3898E-01	0.000
0.4047E-01	0.000
0.4201E-01	0.000
0.4361E-01	0.000
0.4527E-01	0.000
0.4699E-01	0.000
0.4878E-01	0.000
0.5064E-01	0.000
0.5257E-01	0.000
0.5457E-01	0.000
0.5665E-01	0.000
0.5881E-01	0.000
0.6105E-01	0.000
0.6337E-01	0.000
0.6579E-01	0.000
0.6829E-01	0.000
0.7089E-01	0.000
0.7359E-01	0.000
0.7640E-01	0.000
0.7931E-01	0.000
0.8233E-01	0.000
0.8546E-01	0.000
0.8872E-01	0.000
0.9210E-01	0.000
0.9560E-01	0.000
0.9924E-01	0.000
0.1030	0.000
0.1069	0.000
0.1110	0.000
0.1152	0.000
0.1196	0.000
0.1242	0.000
0.1289	0.000
0.1338	0.000
0.1389	0.000
0.1442	0.000
0.1497	0.000
0.1554	0.000
0.1613	0.000
0.1675	0.000
0.1739	0.000
0.1805	0.000
0.1874	0.000
0.1945	0.000
0.2019	0.000
0.2096	0.000
0.2176	0.000
0.2259	0.000
0.2345	0.000
0.2434	0.000
0.2527	0.000
0.2623	0.000
0.2723	0.000
0.2826	0.000
0.2934	0.000
0.3046	0.000
0.3162	0.000
0.3282	0.000
0.3407	0.000
0.3537	0.000
0.3672	0.000
0.3812	0.000
0.3957	0.000
0.4107	0.000
0.4264	0.000
0.4426	0.000
0.4595	0.000
0.4770	0.000
0.4952	0.000
0.5140	0.000
0.5336	0.000
0.5539	0.000
0.5750	0.000
0.5969	0.000
0.6196	0.000
0.6432	0.000
0.6677	0.000
0.6932	0.000
0.7196	0.000
0.7470	0.000
0.7754	0.000
0.8050	0.000
0.8356	0.000
0.8674	0.000
0.9005	0.000
0.9348	0.000
0.9704	0.000
1.007	0.000
1.046	0.000
1.086	0.000
1.127	0.000
1.170	0.000
1.214	0.000
1.261	0.000
1.309	0.000
1.358	0.000
1.410	0.000
1.464	0.000
1.520	0.000
1.578	0.000
1.638	0.000
1.700	0.000
1.765	0.000
1.832	0.000
1.902	0.000
1.974	0.000
2.049	0.000
2.127	0.000
2.208	0.000
2.293	0.000
2.380	0.000
2.470	0.000
2.565	0.000
2.662	0.000
2.764	0.000
2.869	0.000
2.978	0.000
3.092	0.000
3.209	0.000
3.332	0.000
3.458	0.000
3.590	0.000
3.727	0.000
3.869	0.000
4.016	0.000
4.169	0.000
4.328	0.000
4.493	0.000
4.664	0.000
4.841	0.000
5.026	0.000
5.217	0.000
5.416	0.000
5.622	0.000
5.836	0.000
6.059	0.000
6.289	0.000
6.529	0.000
6.778	0.000
7.036	0.000
7.304	0.000
7.582	0.000
7.871	0.000
8.170	0.000
8.482	0.000
8.805	0.000
9.140	0.000
9.488	0.000
9.849	0.000
10.22	0.000
10.61	0.000
11.02	0.000
11.44	0.000
11.87	0.000
12.33	0.000
12.80	0.000
13.28	0.000
13.79	0.000
14.31	0.000
14.86	0.000
15.42	0.000
16.01	0.000
16.62	0.000
17.25	0.000
17.91	0.000
18.59	0.000
19.30	0.000
20.04	0.000
20.80	0.000
21.59	0.000
22.42	0.000
23.27	0.000
24.16	0.000
25.08	0.000
26.03	0.000
27.02	0.000
28.05	0.000
29.12	0.000
30.23	0.000
31.38	0.000
32.57	0.000
33.82	0.000
35.10	0.000
36.44	0.000
37.83	0.000
39.27	0.000
40.76	0.000
42.32	0.000
43.93	0.000
45.60	0.000
47.34	0.000
49.14	0.000
51.01	0.000
52.96	0.000
54.97	0.000
57.07	0.000
59.24	0.000
61.50	0.000
63.84	0.000
66.27	0.000
68.79	0.000
71.41	0.000
74.13	0.000
76.96	0.000
79.89	0.000
82.93	0.000
86.09	0.000
89.37	0.8220E-24
92.77	0.1926E-23
96.31	0.4388E-23
99.97	0.9735E-23
103.8	0.2105E-22
107.7	0.4439E-22
111.8	0.9138E-22
116.1	0.1838E-21
120.5	0.3615E-21
125.1	0.7082E-21
129.9	0.1338E-20
134.8	0.2480E-20
140.0	0.4508E-20
145.3	0.8047E-20
150.8	0.1411E-19
156.6	0.2433E-19
162.5	0.4125E-19
168.7	0.6896E-19
175.1	0.1133E-18
181.8	0.1836E-18
188.7	0.2932E-18
195.9	0.4618E-18
203.4	0.7178E-18
211.1	0.1103E-17
219.2	0.1672E-17
227.5	0.2504E-17
236.2	0.3709E-17
245.2	0.5433E-17
254.5	0.7874E-17
264.2	0.1130E-16
274.3	0.1605E-16
284.7	0.2257E-16
295.6	0.3146E-16
306.8	0.4345E-16
318.5	0.5949E-16
330.6	0.8077E-16
343.2	0.1088E-15
356.3	0.1454E-15
369.9	0.1927E-15
384.0	0.2536E-15
398.6	0.3315E-15
413.8	0.4300E-15
429.5	0.5542E-15
445.9	0.7096E-15
462.9	0.9025E-15
480.5	0.1141E-14
498.8	0.1433E-14
517.8	0.1790E-14
537.5	0.2222E-14
558.0	0.2744E-14
579.2	0.3369E-14
601.3	0.4115E-14
624.2	0.4999E-14
648.0	0.6042E-14
672.6	0.7267E-14
698.3	0.8698E-14
724.9	0.1036E-13
752.5	0.1229E-13
781.1	0.1451E-13
810.9	0.1707E-13
841.8	0.1999E-13
873.8	0.2331E-13
907.1	0.2710E-13
941.6	0.3145E-13
977.5	0.3631E-13
1015.	0.4177E-13
1053.	0.4795E-13
1094.	0.5485E-13
1135.	0.6258E-13
1178.	0.7125E-13
1223.	0.8087E-13
1270.	0.9158E-13
1318.	0.1036E-12
1368.	0.1168E-12
1421.	0.1313E-12
1475.	0.1469E-12
1531.	0.1643E-12
1589.	0.1832E-12
1650.	0.2037E-12
1712.	0.2256E-12
1778.	0.2490E-12
1845.	0.2737E-12
1916.	0.2996E-12
1989.	0.3266E-12
2064.	0.3545E-12
2143.	0.3829E-12
2225.	0.4121E-12
2309.	0.4417E-12
2397.	0.4717E-12
2489.	0.5016E-12
2583.	0.5314E-12
2682.	0.5609E-12
2784.	0.5901E-12
2890.	0.6187E-12
3000.	0.6464E-12
 
 
Mg                                                              
E/N (Td)	Inelastic energy loss coefficient (eV m3/s)
0.1000E-02	-0.8294E-58
0.1038E-02	-0.8295E-58
0.1078E-02	-0.8295E-58
0.1119E-02	-0.8295E-58
0.1161E-02	-0.8296E-58
0.1205E-02	-0.8296E-58
0.1251E-02	-0.8296E-58
0.1299E-02	-0.8297E-58
0.1349E-02	-0.8297E-58
0.1400E-02	-0.8298E-58
0.1453E-02	-0.8298E-58
0.1509E-02	-0.8299E-58
0.1566E-02	-0.8300E-58
0.1626E-02	-0.8300E-58
0.1688E-02	-0.8301E-58
0.1752E-02	-0.8302E-58
0.1819E-02	-0.8302E-58
0.1888E-02	-0.8303E-58
0.1960E-02	-0.8304E-58
0.2034E-02	-0.8305E-58
0.2112E-02	-0.8306E-58
0.2192E-02	-0.8308E-58
0.2276E-02	-0.8309E-58
0.2362E-02	-0.8310E-58
0.2452E-02	-0.8312E-58
0.2546E-02	-0.8313E-58
0.2643E-02	-0.8315E-58
0.2743E-02	-0.8317E-58
0.2848E-02	-0.8319E-58
0.2956E-02	-0.8321E-58
0.3069E-02	-0.8323E-58
0.3186E-02	-0.8326E-58
0.3307E-02	-0.8328E-58
0.3433E-02	-0.8331E-58
0.3564E-02	-0.8334E-58
0.3700E-02	-0.8337E-58
0.3841E-02	-0.8341E-58
0.3987E-02	-0.8345E-58
0.4139E-02	-0.8349E-58
0.4296E-02	-0.8353E-58
0.4460E-02	-0.8357E-58
0.4630E-02	-0.8362E-58
0.4806E-02	-0.8367E-58
0.4989E-02	-0.8373E-58
0.5179E-02	-0.8379E-58
0.5377E-02	-0.8385E-58
0.5581E-02	-0.8392E-58
0.5794E-02	-0.8399E-58
0.6015E-02	-0.8407E-58
0.6244E-02	-0.8415E-58
0.6481E-02	-0.8424E-58
0.6728E-02	-0.8433E-58
0.6985E-02	-0.8443E-58
0.7251E-02	-0.8453E-58
0.7527E-02	-0.8464E-58
0.7813E-02	-0.8476E-58
0.8111E-02	-0.8489E-58
0.8420E-02	-0.8502E-58
0.8741E-02	-0.8516E-58
0.9073E-02	-0.8531E-58
0.9419E-02	-0.8546E-58
0.9778E-02	-0.8563E-58
0.1015E-01	-0.8580E-58
0.1054E-01	-0.8599E-58
0.1094E-01	-0.8618E-58
0.1135E-01	-0.8639E-58
0.1179E-01	-0.8660E-58
0.1224E-01	-0.8683E-58
0.1270E-01	-0.8707E-58
0.1319E-01	-0.8732E-58
0.1369E-01	-0.8758E-58
0.1421E-01	-0.8785E-58
0.1475E-01	-0.8814E-58
0.1531E-01	-0.8844E-58
0.1590E-01	-0.8875E-58
0.1650E-01	-0.8908E-58
0.1713E-01	-0.8943E-58
0.1778E-01	-0.8978E-58
0.1846E-01	-0.9016E-58
0.1916E-01	-0.9054E-58
0.1989E-01	-0.9095E-58
0.2065E-01	-0.9137E-58
0.2144E-01	-0.9180E-58
0.2225E-01	-0.9225E-58
0.2310E-01	-0.9272E-58
0.2398E-01	-0.9321E-58
0.2489E-01	-0.9371E-58
0.2584E-01	-0.9423E-58
0.2682E-01	-0.9477E-58
0.2785E-01	-0.9532E-58
0.2891E-01	-0.9590E-58
0.3001E-01	-0.9649E-58
0.3115E-01	-0.9709E-58
0.3234E-01	-0.9772E-58
0.3357E-01	-0.9836E-58
0.3485E-01	-0.9902E-58
0.3617E-01	-0.9970E-58
0.3755E-01	-0.1004E-57
0.3898E-01	-0.1011E-57
0.4047E-01	-0.1019E-57
0.4201E-01	-0.1026E-57
0.4361E-01	-0.1034E-57
0.4527E-01	-0.1042E-57
0.4699E-01	-0.1050E-57
0.4878E-01	-0.1058E-57
0.5064E-01	-0.1066E-57
0.5257E-01	-0.1075E-57
0.5457E-01	-0.1084E-57
0.5665E-01	-0.1093E-57
0.5881E-01	-0.1102E-57
0.6105E-01	-0.1111E-57
0.6337E-01	-0.1121E-57
0.6579E-01	-0.1130E-57
0.6829E-01	-0.1140E-57
0.7089E-01	-0.1150E-57
0.7359E-01	-0.1160E-57
0.7640E-01	-0.1170E-57
0.7931E-01	-0.1181E-57
0.8233E-01	-0.1191E-57
0.8546E-01	-0.1202E-57
0.8872E-01	-0.1213E-57
0.9210E-01	-0.1224E-57
0.9560E-01	-0.1236E-57
0.9924E-01	-0.1247E-57
0.1030	-0.1259E-57
0.1069	-0.1271E-57
0.1110	-0.1283E-57
0.1152	-0.1295E-57
0.1196	-0.1308E-57
0.1242	-0.1321E-57
0.1289	-0.1334E-57
0.1338	-0.1347E-57
0.1389	-0.1360E-57
0.1442	-0.1374E-57
0.1497	-0.1388E-57
0.1554	-0.1402E-57
0.1613	-0.1416E-57
0.1675	-0.1431E-57
0.1739	-0.1446E-57
0.1805	-0.1461E-57
0.1874	-0.1477E-57
0.1945	-0.1492E-57
0.2019	-0.1508E-57
0.2096	-0.1524E-57
0.2176	-0.1541E-57
0.2259	-0.1557E-57
0.2345	-0.1574E-57
0.2434	-0.1591E-57
0.2527	-0.1608E-57
0.2623	-0.1625E-57
0.2723	-0.1643E-57
0.2826	-0.1660E-57
0.2934	-0.1677E-57
0.3046	-0.1695E-57
0.3162	-0.1712E-57
0.3282	-0.1729E-57
0.3407	-0.1747E-57
0.3537	-0.1764E-57
0.3672	-0.1781E-57
0.3812	-0.1797E-57
0.3957	-0.1814E-57
0.4107	-0.1830E-57
0.4264	-0.1846E-57
0.4426	-0.1861E-57
0.4595	-0.1876E-57
0.4770	-0.1891E-57
0.4952	-0.1905E-57
0.5140	-0.1919E-57
0.5336	-0.1933E-57
0.5539	-0.1945E-57
0.5750	-0.1958E-57
0.5969	-0.1969E-57
0.6196	-0.1981E-57
0.6432	-0.1991E-57
0.6677	-0.2001E-57
0.6932	-0.2010E-57
0.7196	-0.2019E-57
0.7470	-0.2027E-57
0.7754	-0.2035E-57
0.8050	-0.2041E-57
0.8356	-0.2048E-57
0.8674	-0.2053E-57
0.9005	-0.2058E-57
0.9348	-0.2062E-57
0.9704	-0.2066E-57
1.007	-0.2069E-57
1.046	-0.2071E-57
1.086	-0.2073E-57
1.127	-0.2074E-57
1.170	-0.2075E-57
1.214	-0.2075E-57
1.261	-0.2075E-57
1.309	-0.2074E-57
1.358	-0.2072E-57
1.410	-0.2070E-57
1.464	-0.2068E-57
1.520	-0.2065E-57
1.578	-0.2061E-57
1.638	-0.2057E-57
1.700	-0.2053E-57
1.765	-0.2048E-57
1.832	-0.2043E-57
1.902	-0.2038E-57
1.974	-0.2032E-57
2.049	-0.2025E-57
2.127	-0.2019E-57
2.208	-0.2011E-57
2.293	-0.2004E-57
2.380	-0.1996E-57
2.470	-0.1988E-57
2.565	-0.1979E-57
2.662	0.3641E-25
2.764	0.1205E-24
2.869	0.3830E-24
2.978	0.1167E-23
3.092	0.3410E-23
3.209	0.9541E-23
3.332	0.2557E-22
3.458	0.6559E-22
3.590	0.1611E-21
3.727	0.3792E-21
3.869	0.8550E-21
4.016	0.1849E-20
4.169	0.3837E-20
4.328	0.7648E-20
4.493	0.1466E-19
4.664	0.2703E-19
4.841	0.4803E-19
5.026	0.8234E-19
5.217	0.1363E-18
5.416	0.2183E-18
5.622	0.3386E-18
5.836	0.5095E-18
6.059	0.7448E-18
6.289	0.1060E-17
6.529	0.1470E-17
6.778	0.1991E-17
7.036	0.2638E-17
7.304	0.3426E-17
7.582	0.4368E-17
7.871	0.5477E-17
8.170	0.6764E-17
8.482	0.8239E-17
8.805	0.9914E-17
9.140	0.1180E-16
9.488	0.1390E-16
9.849	0.1624E-16
10.22	0.1881E-16
10.61	0.2164E-16
11.02	0.2474E-16
11.44	0.2813E-16
11.87	0.3181E-16
12.33	0.3581E-16
12.80	0.4016E-16
13.28	0.4486E-16
13.79	0.4995E-16
14.31	0.5546E-16
14.86	0.6140E-16
15.42	0.6782E-16
16.01	0.7474E-16
16.62	0.8220E-16
17.25	0.9024E-16
17.91	0.9891E-16
18.59	0.1083E-15
19.30	0.1183E-15
20.04	0.1291E-15
20.80	0.1408E-15
21.59	0.1533E-15
22.42	0.1668E-15
23.27	0.1814E-15
24.16	0.1970E-15
25.08	0.2138E-15
26.03	0.2319E-15
27.02	0.2514E-15
28.05	0.2723E-15
29.12	0.2949E-15
30.23	0.3191E-15
31.38	0.3451E-15
32.57	0.3732E-15
33.82	0.4033E-15
35.10	0.4357E-15
36.44	0.4705E-15
37.83	0.5079E-15
39.27	0.5482E-15
40.76	0.5915E-15
42.32	0.6380E-15
43.93	0.6880E-15
45.60	0.7417E-15
47.34	0.7995E-15
49.14	0.8616E-15
51.01	0.9284E-15
52.96	0.1000E-14
54.97	0.1077E-14
57.07	0.1160E-14
59.24	0.1249E-14
61.50	0.1345E-14
63.84	0.1447E-14
66.27	0.1558E-14
68.79	0.1676E-14
71.41	0.1804E-14
74.13	0.1941E-14
76.96	0.2088E-14
79.89	0.2246E-14
82.93	0.2416E-14
86.09	0.2598E-14
89.37	0.2795E-14
92.77	0.3005E-14
96.31	0.3231E-14
99.97	0.3474E-14
103.8	0.3736E-14
107.7	0.4016E-14
111.8	0.4317E-14
116.1	0.4641E-14
120.5	0.4989E-14
125.1	0.5362E-14
129.9	0.5764E-14
134.8	0.6195E-14
140.0	0.6659E-14
145.3	0.7157E-14
150.8	0.7693E-14
156.6	0.8268E-14
162.5	0.8886E-14
168.7	0.9551E-14
175.1	0.1027E-13
181.8	0.1103E-13
188.7	0.1186E-13
195.9	0.1275E-13
203.4	0.1370E-13
211.1	0.1472E-13
219.2	0.1583E-13
227.5	0.1701E-13
236.2	0.1829E-13
245.2	0.1966E-13
254.5	0.2114E-13
264.2	0.2272E-13
274.3	0.2443E-13
284.7	0.2626E-13
295.6	0.2824E-13
306.8	0.3036E-13
318.5	0.3265E-13
330.6	0.3510E-13
343.2	0.3775E-13
356.3	0.4059E-13
369.9	0.4365E-13
384.0	0.4694E-13
398.6	0.5048E-13
413.8	0.5428E-13
429.5	0.5837E-13
445.9	0.6277E-13
462.9	0.6750E-13
480.5	0.7257E-13
498.8	0.7802E-13
517.8	0.8388E-13
537.5	0.9017E-13
558.0	0.9692E-13
579.2	0.1042E-12
601.3	0.1119E-12
624.2	0.1202E-12
648.0	0.1292E-12
672.6	0.1387E-12
698.3	0.1489E-12
724.9	0.1599E-12
752.5	0.1716E-12
781.1	0.1842E-12
810.9	0.1976E-12
841.8	0.2120E-12
873.8	0.2274E-12
907.1	0.2439E-12
941.6	0.2619E-12
977.5	0.2809E-12
1015.	0.3013E-12
1053.	0.3234E-12
1094.	0.3471E-12
1135.	0.3727E-12
1178.	0.4005E-12
1223.	0.4303E-12
1270.	0.4627E-12
1318.	0.4981E-12
1368.	0.5365E-12
1421.	0.5779E-12
1475.	0.6219E-12
1531.	0.6705E-12
1589.	0.7230E-12
1650.	0.7793E-12
1712.	0.8395E-12
1778.	0.9036E-12
1845.	0.9713E-12
1916.	0.1043E-11
1989.	0.1117E-11
2064.	0.1194E-11
2143.	0.1274E-11
2225.	0.1356E-11
2309.	0.1440E-11
2397.	0.1526E-11
2489.	0.1612E-11
2583.	0.1700E-11
2682.	0.1787E-11
2784.	0.1876E-11
2890.	0.1963E-11
3000.	0.2050E-11
 
 
