BOLSIG+ version: 03/2016
Collision input data:
--------------------------------------------------
N2O                                                             
collisions.txt
 
 
 
Angular frequency / N (m3/s)               0.000    
Cosine of E-B field angle                  0.000    
Gas temperature (K)                        300.0    
Excitation temperature (K)                 300.0    
Transition energy (eV)                     0.000    
Ionization degree                          0.000    
Plasma density (1/m3)                     0.1000E+19
Ion charge parameter                       1.000    
Ion/neutral mass ratio                     1.000    
e-e momentum effects                       1.000    
Energy sharing                             1.000    
Growth model                               1.000    
Maxwellian mean energy (eV)                0.000    
# of grid points                           200.0    
Precision                                 0.1000E-09
Convergence                               0.1000E-03
Maximum # of iterations                    5000.    
Mole fraction N2O                          1.000    
 
 
E/N (Td)    	Electric field / N (Td)                                         
0.1000E-02	0.1000E-02
0.1038E-02	0.1038E-02
0.1078E-02	0.1078E-02
0.1119E-02	0.1119E-02
0.1161E-02	0.1161E-02
0.1205E-02	0.1205E-02
0.1251E-02	0.1251E-02
0.1299E-02	0.1299E-02
0.1349E-02	0.1349E-02
0.1400E-02	0.1400E-02
0.1453E-02	0.1453E-02
0.1509E-02	0.1509E-02
0.1566E-02	0.1566E-02
0.1626E-02	0.1626E-02
0.1688E-02	0.1688E-02
0.1752E-02	0.1752E-02
0.1819E-02	0.1819E-02
0.1888E-02	0.1888E-02
0.1960E-02	0.1960E-02
0.2034E-02	0.2034E-02
0.2112E-02	0.2112E-02
0.2192E-02	0.2192E-02
0.2276E-02	0.2276E-02
0.2362E-02	0.2362E-02
0.2452E-02	0.2452E-02
0.2546E-02	0.2546E-02
0.2643E-02	0.2643E-02
0.2743E-02	0.2743E-02
0.2848E-02	0.2848E-02
0.2956E-02	0.2956E-02
0.3069E-02	0.3069E-02
0.3186E-02	0.3186E-02
0.3307E-02	0.3307E-02
0.3433E-02	0.3433E-02
0.3564E-02	0.3564E-02
0.3700E-02	0.3700E-02
0.3841E-02	0.3841E-02
0.3987E-02	0.3987E-02
0.4139E-02	0.4139E-02
0.4296E-02	0.4296E-02
0.4460E-02	0.4460E-02
0.4630E-02	0.4630E-02
0.4806E-02	0.4806E-02
0.4989E-02	0.4989E-02
0.5179E-02	0.5179E-02
0.5377E-02	0.5377E-02
0.5581E-02	0.5581E-02
0.5794E-02	0.5794E-02
0.6015E-02	0.6015E-02
0.6244E-02	0.6244E-02
0.6481E-02	0.6481E-02
0.6728E-02	0.6728E-02
0.6985E-02	0.6985E-02
0.7251E-02	0.7251E-02
0.7527E-02	0.7527E-02
0.7813E-02	0.7813E-02
0.8111E-02	0.8111E-02
0.8420E-02	0.8420E-02
0.8741E-02	0.8741E-02
0.9073E-02	0.9073E-02
0.9419E-02	0.9419E-02
0.9778E-02	0.9778E-02
0.1015E-01	0.1015E-01
0.1054E-01	0.1054E-01
0.1094E-01	0.1094E-01
0.1135E-01	0.1135E-01
0.1179E-01	0.1179E-01
0.1224E-01	0.1224E-01
0.1270E-01	0.1270E-01
0.1319E-01	0.1319E-01
0.1369E-01	0.1369E-01
0.1421E-01	0.1421E-01
0.1475E-01	0.1475E-01
0.1531E-01	0.1531E-01
0.1590E-01	0.1590E-01
0.1650E-01	0.1650E-01
0.1713E-01	0.1713E-01
0.1778E-01	0.1778E-01
0.1846E-01	0.1846E-01
0.1916E-01	0.1916E-01
0.1989E-01	0.1989E-01
0.2065E-01	0.2065E-01
0.2144E-01	0.2144E-01
0.2225E-01	0.2225E-01
0.2310E-01	0.2310E-01
0.2398E-01	0.2398E-01
0.2489E-01	0.2489E-01
0.2584E-01	0.2584E-01
0.2682E-01	0.2682E-01
0.2785E-01	0.2785E-01
0.2891E-01	0.2891E-01
0.3001E-01	0.3001E-01
0.3115E-01	0.3115E-01
0.3234E-01	0.3234E-01
0.3357E-01	0.3357E-01
0.3485E-01	0.3485E-01
0.3617E-01	0.3617E-01
0.3755E-01	0.3755E-01
0.3898E-01	0.3898E-01
0.4047E-01	0.4047E-01
0.4201E-01	0.4201E-01
0.4361E-01	0.4361E-01
0.4527E-01	0.4527E-01
0.4699E-01	0.4699E-01
0.4878E-01	0.4878E-01
0.5064E-01	0.5064E-01
0.5257E-01	0.5257E-01
0.5457E-01	0.5457E-01
0.5665E-01	0.5665E-01
0.5881E-01	0.5881E-01
0.6105E-01	0.6105E-01
0.6337E-01	0.6337E-01
0.6579E-01	0.6579E-01
0.6829E-01	0.6829E-01
0.7089E-01	0.7089E-01
0.7359E-01	0.7359E-01
0.7640E-01	0.7640E-01
0.7931E-01	0.7931E-01
0.8233E-01	0.8233E-01
0.8546E-01	0.8546E-01
0.8872E-01	0.8872E-01
0.9210E-01	0.9210E-01
0.9560E-01	0.9560E-01
0.9924E-01	0.9924E-01
0.1030	0.1030
0.1069	0.1069
0.1110	0.1110
0.1152	0.1152
0.1196	0.1196
0.1242	0.1242
0.1289	0.1289
0.1338	0.1338
0.1389	0.1389
0.1442	0.1442
0.1497	0.1497
0.1554	0.1554
0.1613	0.1613
0.1675	0.1675
0.1739	0.1739
0.1805	0.1805
0.1874	0.1874
0.1945	0.1945
0.2019	0.2019
0.2096	0.2096
0.2176	0.2176
0.2259	0.2259
0.2345	0.2345
0.2434	0.2434
0.2527	0.2527
0.2623	0.2623
0.2723	0.2723
0.2826	0.2826
0.2934	0.2934
0.3046	0.3046
0.3162	0.3162
0.3282	0.3282
0.3407	0.3407
0.3537	0.3537
0.3672	0.3672
0.3812	0.3812
0.3957	0.3957
0.4107	0.4107
0.4264	0.4264
0.4426	0.4426
0.4595	0.4595
0.4770	0.4770
0.4952	0.4952
0.5140	0.5140
0.5336	0.5336
0.5539	0.5539
0.5750	0.5750
0.5969	0.5969
0.6196	0.6196
0.6432	0.6432
0.6677	0.6677
0.6932	0.6932
0.7196	0.7196
0.7470	0.7470
0.7754	0.7754
0.8050	0.8050
0.8356	0.8356
0.8674	0.8674
0.9005	0.9005
0.9348	0.9348
0.9704	0.9704
1.007	1.007
1.046	1.046
1.086	1.086
1.127	1.127
1.170	1.170
1.214	1.214
1.261	1.261
1.309	1.309
1.358	1.358
1.410	1.410
1.464	1.464
1.520	1.520
1.578	1.578
1.638	1.638
1.700	1.700
1.765	1.765
1.832	1.832
1.902	1.902
1.974	1.974
2.049	2.049
2.127	2.127
2.208	2.208
2.293	2.293
2.380	2.380
2.470	2.470
2.565	2.565
2.662	2.662
2.764	2.764
2.869	2.869
2.978	2.978
3.092	3.092
3.209	3.209
3.332	3.332
3.458	3.458
3.590	3.590
3.727	3.727
3.869	3.869
4.016	4.016
4.169	4.169
4.328	4.328
4.493	4.493
4.664	4.664
4.841	4.841
5.026	5.026
5.217	5.217
5.416	5.416
5.622	5.622
5.836	5.836
6.059	6.059
6.289	6.289
6.529	6.529
6.778	6.778
7.036	7.036
7.304	7.304
7.582	7.582
7.871	7.871
8.170	8.170
8.482	8.482
8.805	8.805
9.140	9.140
9.488	9.488
9.849	9.849
10.22	10.22
10.61	10.61
11.02	11.02
11.44	11.44
11.87	11.87
12.33	12.33
12.80	12.80
13.28	13.28
13.79	13.79
14.31	14.31
14.86	14.86
15.42	15.42
16.01	16.01
16.62	16.62
17.25	17.25
17.91	17.91
18.59	18.59
19.30	19.30
20.04	20.04
20.80	20.80
21.59	21.59
22.42	22.42
23.27	23.27
24.16	24.16
25.08	25.08
26.03	26.03
27.02	27.02
28.05	28.05
29.12	29.12
30.23	30.23
31.38	31.38
32.57	32.57
33.82	33.82
35.10	35.10
36.44	36.44
37.83	37.83
39.27	39.27
40.76	40.76
42.32	42.32
43.93	43.93
45.60	45.60
47.34	47.34
49.14	49.14
51.01	51.01
52.96	52.96
54.97	54.97
57.07	57.07
59.24	59.24
61.50	61.50
63.84	63.84
66.27	66.27
68.79	68.79
71.41	71.41
74.13	74.13
76.96	76.96
79.89	79.89
82.93	82.93
86.09	86.09
89.37	89.37
92.77	92.77
96.31	96.31
99.97	99.97
103.8	103.8
107.7	107.7
111.8	111.8
116.1	116.1
120.5	120.5
125.1	125.1
129.9	129.9
134.8	134.8
140.0	140.0
145.3	145.3
150.8	150.8
156.6	156.6
162.5	162.5
168.7	168.7
175.1	175.1
181.8	181.8
188.7	188.7
195.9	195.9
203.4	203.4
211.1	211.1
219.2	219.2
227.5	227.5
236.2	236.2
245.2	245.2
254.5	254.5
264.2	264.2
274.3	274.3
284.7	284.7
295.6	295.6
306.8	306.8
318.5	318.5
330.6	330.6
343.2	343.2
356.3	356.3
369.9	369.9
384.0	384.0
398.6	398.6
413.8	413.8
429.5	429.5
445.9	445.9
462.9	462.9
480.5	480.5
498.8	498.8
517.8	517.8
537.5	537.5
558.0	558.0
579.2	579.2
601.3	601.3
624.2	624.2
648.0	648.0
672.6	672.6
698.3	698.3
724.9	724.9
752.5	752.5
781.1	781.1
810.9	810.9
841.8	841.8
873.8	873.8
907.1	907.1
941.6	941.6
977.5	977.5
1015.	1015.
1053.	1053.
1094.	1094.
1135.	1135.
1178.	1178.
1223.	1223.
1270.	1270.
1318.	1318.
1368.	1368.
1421.	1421.
1475.	1475.
1531.	1531.
1589.	1589.
1650.	1650.
1712.	1712.
1778.	1778.
1845.	1845.
1916.	1916.
1989.	1989.
2064.	2064.
2143.	2143.
2225.	2225.
2309.	2309.
2397.	2397.
2489.	2489.
2583.	2583.
2682.	2682.
2784.	2784.
2890.	2890.
3000.	3000.
 
 
E/N (Td)    	Grid type                                                       
0.1000E-02	2.000
0.1038E-02	3.000
0.1078E-02	3.000
0.1119E-02	3.000
0.1161E-02	3.000
0.1205E-02	3.000
0.1251E-02	3.000
0.1299E-02	3.000
0.1349E-02	3.000
0.1400E-02	3.000
0.1453E-02	3.000
0.1509E-02	3.000
0.1566E-02	3.000
0.1626E-02	3.000
0.1688E-02	3.000
0.1752E-02	3.000
0.1819E-02	3.000
0.1888E-02	3.000
0.1960E-02	3.000
0.2034E-02	3.000
0.2112E-02	3.000
0.2192E-02	3.000
0.2276E-02	3.000
0.2362E-02	3.000
0.2452E-02	3.000
0.2546E-02	3.000
0.2643E-02	3.000
0.2743E-02	3.000
0.2848E-02	3.000
0.2956E-02	3.000
0.3069E-02	3.000
0.3186E-02	3.000
0.3307E-02	3.000
0.3433E-02	3.000
0.3564E-02	3.000
0.3700E-02	3.000
0.3841E-02	3.000
0.3987E-02	3.000
0.4139E-02	3.000
0.4296E-02	3.000
0.4460E-02	3.000
0.4630E-02	3.000
0.4806E-02	3.000
0.4989E-02	3.000
0.5179E-02	3.000
0.5377E-02	3.000
0.5581E-02	3.000
0.5794E-02	3.000
0.6015E-02	3.000
0.6244E-02	3.000
0.6481E-02	3.000
0.6728E-02	3.000
0.6985E-02	3.000
0.7251E-02	3.000
0.7527E-02	3.000
0.7813E-02	3.000
0.8111E-02	3.000
0.8420E-02	3.000
0.8741E-02	3.000
0.9073E-02	3.000
0.9419E-02	3.000
0.9778E-02	3.000
0.1015E-01	3.000
0.1054E-01	3.000
0.1094E-01	3.000
0.1135E-01	3.000
0.1179E-01	3.000
0.1224E-01	3.000
0.1270E-01	3.000
0.1319E-01	3.000
0.1369E-01	3.000
0.1421E-01	3.000
0.1475E-01	3.000
0.1531E-01	3.000
0.1590E-01	3.000
0.1650E-01	3.000
0.1713E-01	3.000
0.1778E-01	3.000
0.1846E-01	3.000
0.1916E-01	3.000
0.1989E-01	3.000
0.2065E-01	3.000
0.2144E-01	3.000
0.2225E-01	3.000
0.2310E-01	3.000
0.2398E-01	3.000
0.2489E-01	3.000
0.2584E-01	3.000
0.2682E-01	3.000
0.2785E-01	3.000
0.2891E-01	3.000
0.3001E-01	3.000
0.3115E-01	3.000
0.3234E-01	3.000
0.3357E-01	3.000
0.3485E-01	3.000
0.3617E-01	3.000
0.3755E-01	3.000
0.3898E-01	3.000
0.4047E-01	3.000
0.4201E-01	3.000
0.4361E-01	3.000
0.4527E-01	3.000
0.4699E-01	3.000
0.4878E-01	3.000
0.5064E-01	3.000
0.5257E-01	3.000
0.5457E-01	3.000
0.5665E-01	3.000
0.5881E-01	3.000
0.6105E-01	3.000
0.6337E-01	3.000
0.6579E-01	3.000
0.6829E-01	3.000
0.7089E-01	3.000
0.7359E-01	3.000
0.7640E-01	3.000
0.7931E-01	3.000
0.8233E-01	3.000
0.8546E-01	3.000
0.8872E-01	3.000
0.9210E-01	3.000
0.9560E-01	3.000
0.9924E-01	3.000
0.1030	3.000
0.1069	3.000
0.1110	3.000
0.1152	3.000
0.1196	3.000
0.1242	3.000
0.1289	3.000
0.1338	3.000
0.1389	3.000
0.1442	3.000
0.1497	3.000
0.1554	3.000
0.1613	3.000
0.1675	3.000
0.1739	3.000
0.1805	3.000
0.1874	3.000
0.1945	3.000
0.2019	3.000
0.2096	3.000
0.2176	3.000
0.2259	3.000
0.2345	3.000
0.2434	3.000
0.2527	3.000
0.2623	3.000
0.2723	3.000
0.2826	3.000
0.2934	3.000
0.3046	3.000
0.3162	3.000
0.3282	3.000
0.3407	3.000
0.3537	3.000
0.3672	3.000
0.3812	3.000
0.3957	3.000
0.4107	3.000
0.4264	3.000
0.4426	3.000
0.4595	3.000
0.4770	3.000
0.4952	3.000
0.5140	3.000
0.5336	3.000
0.5539	3.000
0.5750	3.000
0.5969	3.000
0.6196	3.000
0.6432	3.000
0.6677	3.000
0.6932	3.000
0.7196	3.000
0.7470	3.000
0.7754	3.000
0.8050	3.000
0.8356	3.000
0.8674	3.000
0.9005	3.000
0.9348	3.000
0.9704	3.000
1.007	3.000
1.046	3.000
1.086	3.000
1.127	3.000
1.170	3.000
1.214	3.000
1.261	3.000
1.309	3.000
1.358	3.000
1.410	3.000
1.464	3.000
1.520	3.000
1.578	3.000
1.638	3.000
1.700	3.000
1.765	3.000
1.832	3.000
1.902	3.000
1.974	3.000
2.049	3.000
2.127	3.000
2.208	3.000
2.293	3.000
2.380	3.000
2.470	3.000
2.565	3.000
2.662	3.000
2.764	3.000
2.869	3.000
2.978	3.000
3.092	3.000
3.209	3.000
3.332	3.000
3.458	3.000
3.590	3.000
3.727	3.000
3.869	3.000
4.016	3.000
4.169	3.000
4.328	3.000
4.493	3.000
4.664	3.000
4.841	3.000
5.026	3.000
5.217	3.000
5.416	3.000
5.622	3.000
5.836	3.000
6.059	3.000
6.289	3.000
6.529	3.000
6.778	3.000
7.036	3.000
7.304	3.000
7.582	3.000
7.871	3.000
8.170	3.000
8.482	3.000
8.805	3.000
9.140	3.000
9.488	3.000
9.849	3.000
10.22	3.000
10.61	3.000
11.02	3.000
11.44	3.000
11.87	3.000
12.33	3.000
12.80	3.000
13.28	3.000
13.79	3.000
14.31	3.000
14.86	3.000
15.42	3.000
16.01	3.000
16.62	3.000
17.25	3.000
17.91	3.000
18.59	3.000
19.30	3.000
20.04	3.000
20.80	3.000
21.59	3.000
22.42	3.000
23.27	3.000
24.16	3.000
25.08	3.000
26.03	3.000
27.02	3.000
28.05	3.000
29.12	3.000
30.23	3.000
31.38	3.000
32.57	3.000
33.82	3.000
35.10	3.000
36.44	3.000
37.83	3.000
39.27	3.000
40.76	3.000
42.32	3.000
43.93	3.000
45.60	3.000
47.34	3.000
49.14	3.000
51.01	3.000
52.96	3.000
54.97	3.000
57.07	3.000
59.24	3.000
61.50	3.000
63.84	3.000
66.27	3.000
68.79	3.000
71.41	3.000
74.13	3.000
76.96	3.000
79.89	3.000
82.93	3.000
86.09	3.000
89.37	3.000
92.77	3.000
96.31	3.000
99.97	3.000
103.8	3.000
107.7	3.000
111.8	3.000
116.1	3.000
120.5	3.000
125.1	3.000
129.9	3.000
134.8	3.000
140.0	3.000
145.3	3.000
150.8	3.000
156.6	3.000
162.5	3.000
168.7	3.000
175.1	3.000
181.8	3.000
188.7	3.000
195.9	3.000
203.4	3.000
211.1	3.000
219.2	3.000
227.5	3.000
236.2	3.000
245.2	3.000
254.5	3.000
264.2	3.000
274.3	3.000
284.7	3.000
295.6	3.000
306.8	3.000
318.5	3.000
330.6	3.000
343.2	3.000
356.3	3.000
369.9	3.000
384.0	3.000
398.6	3.000
413.8	3.000
429.5	3.000
445.9	3.000
462.9	3.000
480.5	3.000
498.8	3.000
517.8	3.000
537.5	3.000
558.0	3.000
579.2	3.000
601.3	3.000
624.2	3.000
648.0	3.000
672.6	3.000
698.3	3.000
724.9	3.000
752.5	3.000
781.1	3.000
810.9	3.000
841.8	3.000
873.8	3.000
907.1	3.000
941.6	3.000
977.5	3.000
1015.	3.000
1053.	3.000
1094.	3.000
1135.	3.000
1178.	3.000
1223.	3.000
1270.	3.000
1318.	3.000
1368.	3.000
1421.	3.000
1475.	3.000
1531.	3.000
1589.	3.000
1650.	3.000
1712.	3.000
1778.	3.000
1845.	3.000
1916.	3.000
1989.	3.000
2064.	3.000
2143.	3.000
2225.	3.000
2309.	3.000
2397.	3.000
2489.	3.000
2583.	3.000
2682.	3.000
2784.	3.000
2890.	3.000
3000.	3.000
 
 
E/N (Td)    	Maximum energy                                                  
0.1000E-02	2000.
0.1038E-02	0.7500
0.1078E-02	0.7500
0.1119E-02	0.7500
0.1161E-02	0.7500
0.1205E-02	0.7500
0.1251E-02	0.7500
0.1299E-02	0.7500
0.1349E-02	0.7500
0.1400E-02	0.7500
0.1453E-02	0.7500
0.1509E-02	0.7500
0.1566E-02	0.7500
0.1626E-02	0.7500
0.1688E-02	0.7500
0.1752E-02	0.7500
0.1819E-02	0.7500
0.1888E-02	0.7500
0.1960E-02	0.7500
0.2034E-02	0.7500
0.2112E-02	0.7500
0.2192E-02	0.7500
0.2276E-02	0.7500
0.2362E-02	0.7500
0.2452E-02	0.7500
0.2546E-02	0.7500
0.2643E-02	0.7500
0.2743E-02	0.7500
0.2848E-02	0.7500
0.2956E-02	0.7500
0.3069E-02	0.7500
0.3186E-02	0.7500
0.3307E-02	0.7500
0.3433E-02	0.7500
0.3564E-02	0.7500
0.3700E-02	0.7500
0.3841E-02	0.7500
0.3987E-02	0.7500
0.4139E-02	0.7500
0.4296E-02	0.7500
0.4460E-02	0.7500
0.4630E-02	0.7500
0.4806E-02	0.7500
0.4989E-02	0.7500
0.5179E-02	0.7500
0.5377E-02	0.7500
0.5581E-02	0.7500
0.5794E-02	0.7500
0.6015E-02	0.7500
0.6244E-02	0.7500
0.6481E-02	0.7500
0.6728E-02	0.7500
0.6985E-02	0.7500
0.7251E-02	0.7500
0.7527E-02	0.7500
0.7813E-02	0.7500
0.8111E-02	0.7500
0.8420E-02	0.7500
0.8741E-02	0.7500
0.9073E-02	0.7500
0.9419E-02	0.7500
0.9778E-02	0.7500
0.1015E-01	0.7500
0.1054E-01	0.7500
0.1094E-01	0.7500
0.1135E-01	0.7500
0.1179E-01	0.7500
0.1224E-01	0.7500
0.1270E-01	0.7500
0.1319E-01	0.7500
0.1369E-01	0.7500
0.1421E-01	0.7500
0.1475E-01	0.7500
0.1531E-01	0.7500
0.1590E-01	0.7500
0.1650E-01	0.7500
0.1713E-01	0.7500
0.1778E-01	0.7500
0.1846E-01	0.7500
0.1916E-01	0.7500
0.1989E-01	0.7500
0.2065E-01	0.7500
0.2144E-01	0.7500
0.2225E-01	0.7500
0.2310E-01	0.7500
0.2398E-01	0.7500
0.2489E-01	0.7500
0.2584E-01	0.7500
0.2682E-01	0.7500
0.2785E-01	0.7500
0.2891E-01	0.7500
0.3001E-01	0.7500
0.3115E-01	0.7500
0.3234E-01	0.7500
0.3357E-01	0.7500
0.3485E-01	0.7500
0.3617E-01	0.7500
0.3755E-01	0.7500
0.3898E-01	0.7500
0.4047E-01	0.7500
0.4201E-01	0.7500
0.4361E-01	0.7500
0.4527E-01	0.7500
0.4699E-01	0.7500
0.4878E-01	0.7500
0.5064E-01	0.7500
0.5257E-01	0.7500
0.5457E-01	0.7500
0.5665E-01	0.7500
0.5881E-01	0.7500
0.6105E-01	0.7500
0.6337E-01	0.7500
0.6579E-01	0.7500
0.6829E-01	0.7500
0.7089E-01	0.7500
0.7359E-01	0.7500
0.7640E-01	0.7500
0.7931E-01	0.7500
0.8233E-01	0.7500
0.8546E-01	0.7500
0.8872E-01	0.7500
0.9210E-01	0.7500
0.9560E-01	0.7500
0.9924E-01	0.7500
0.1030	0.7500
0.1069	0.7500
0.1110	0.7500
0.1152	0.7500
0.1196	0.7500
0.1242	0.7500
0.1289	0.7500
0.1338	0.7500
0.1389	0.7500
0.1442	0.7500
0.1497	0.7500
0.1554	0.7500
0.1613	0.7500
0.1675	0.7500
0.1739	0.7500
0.1805	0.7500
0.1874	0.7500
0.1945	0.7500
0.2019	0.7500
0.2096	0.7500
0.2176	0.7500
0.2259	0.7500
0.2345	0.7500
0.2434	0.7500
0.2527	0.7500
0.2623	0.7500
0.2723	0.7500
0.2826	0.7500
0.2934	0.7500
0.3046	0.7500
0.3162	0.7500
0.3282	0.7500
0.3407	0.7500
0.3537	0.7500
0.3672	0.7500
0.3812	0.7500
0.3957	0.7500
0.4107	0.7500
0.4264	0.7500
0.4426	0.7500
0.4595	0.7500
0.4770	0.7500
0.4952	0.7500
0.5140	0.7500
0.5336	0.7500
0.5539	0.7500
0.5750	0.7500
0.5969	0.7500
0.6196	0.7500
0.6432	0.7500
0.6677	0.7500
0.6932	0.7500
0.7196	0.7500
0.7470	0.7500
0.7754	0.7500
0.8050	0.7500
0.8356	0.7500
0.8674	0.7500
0.9005	0.7500
0.9348	0.7500
0.9704	0.7500
1.007	0.7500
1.046	0.7500
1.086	0.7500
1.127	0.7500
1.170	0.8933
1.214	0.8933
1.261	0.8933
1.309	0.8933
1.358	0.8933
1.410	0.8933
1.464	0.8933
1.520	0.8933
1.578	1.064
1.638	1.064
1.700	1.064
1.765	1.064
1.832	1.064
1.902	1.064
1.974	1.064
2.049	1.267
2.127	1.267
2.208	1.267
2.293	1.267
2.380	1.267
2.470	1.509
2.565	1.509
2.662	1.509
2.764	1.509
2.869	1.509
2.978	1.509
3.092	1.797
3.209	1.797
3.332	1.797
3.458	1.797
3.590	1.797
3.727	2.141
3.869	2.141
4.016	2.141
4.169	2.141
4.328	2.141
4.493	2.141
4.664	2.549
4.841	2.549
5.026	2.549
5.217	2.549
5.416	2.549
5.622	2.549
5.836	2.549
6.059	2.549
6.289	3.036
6.529	3.036
6.778	3.036
7.036	3.036
7.304	3.616
7.582	3.616
7.871	3.616
8.170	4.307
8.482	4.307
8.805	4.307
9.140	5.130
9.488	5.130
9.849	5.130
10.22	5.130
10.61	6.109
11.02	6.109
11.44	6.109
11.87	6.109
12.33	6.109
12.80	7.276
13.28	7.276
13.79	7.276
14.31	7.276
14.86	7.276
15.42	8.666
16.01	8.666
16.62	8.666
17.25	8.666
17.91	8.666
18.59	10.32
19.30	10.32
20.04	10.32
20.80	10.32
21.59	12.29
22.42	12.29
23.27	12.29
24.16	12.29
25.08	12.29
26.03	12.29
27.02	14.62
28.05	14.62
29.12	14.62
30.23	14.62
31.38	14.62
32.57	14.62
33.82	17.37
35.10	17.37
36.44	17.37
37.83	17.37
39.27	17.37
40.76	17.37
42.32	17.37
43.93	17.37
45.60	20.62
47.34	20.62
49.14	20.62
51.01	20.62
52.96	20.62
54.97	20.62
57.07	20.62
59.24	20.62
61.50	24.46
63.84	24.46
66.27	24.46
68.79	24.46
71.41	24.46
74.13	24.46
76.96	24.46
79.89	24.46
82.93	24.46
86.09	29.01
89.37	29.01
92.77	29.01
96.31	29.01
99.97	29.01
103.8	29.01
107.7	29.01
111.8	29.01
116.1	34.38
120.5	34.38
125.1	34.38
129.9	34.38
134.8	34.38
140.0	34.38
145.3	34.38
150.8	34.38
156.6	40.72
162.5	40.72
168.7	40.72
175.1	40.72
181.8	40.72
188.7	40.72
195.9	40.72
203.4	40.72
211.1	48.23
219.2	48.23
227.5	48.23
236.2	48.23
245.2	48.23
254.5	48.23
264.2	57.10
274.3	57.10
284.7	57.10
295.6	57.10
306.8	57.10
318.5	57.10
330.6	67.58
343.2	67.58
356.3	67.58
369.9	67.58
384.0	67.58
398.6	67.58
413.8	79.98
429.5	79.98
445.9	79.98
462.9	79.98
480.5	79.98
498.8	94.63
517.8	94.63
537.5	94.63
558.0	94.63
579.2	111.9
601.3	111.9
624.2	111.9
648.0	111.9
672.6	132.4
698.3	132.4
724.9	132.4
752.5	132.4
781.1	156.6
810.9	156.6
841.8	156.6
873.8	156.6
907.1	185.2
941.6	185.2
977.5	185.2
1015.	219.0
1053.	219.0
1094.	219.0
1135.	219.0
1178.	259.0
1223.	259.0
1270.	259.0
1318.	306.3
1368.	306.3
1421.	306.3
1475.	362.1
1531.	362.1
1589.	362.1
1650.	428.1
1712.	428.1
1778.	428.1
1845.	506.2
1916.	506.2
1989.	506.2
2064.	598.4
2143.	598.4
2225.	598.4
2309.	707.5
2397.	707.5
2489.	836.4
2583.	836.4
2682.	836.4
2784.	988.8
2890.	988.8
3000.	988.8
 
 
E/N (Td)	Mean energy (eV)
0.1000E-02	0.3878E-01
0.1038E-02	0.3878E-01
0.1078E-02	0.3878E-01
0.1119E-02	0.3878E-01
0.1161E-02	0.3878E-01
0.1205E-02	0.3878E-01
0.1251E-02	0.3878E-01
0.1299E-02	0.3878E-01
0.1349E-02	0.3878E-01
0.1400E-02	0.3878E-01
0.1453E-02	0.3878E-01
0.1509E-02	0.3878E-01
0.1566E-02	0.3878E-01
0.1626E-02	0.3878E-01
0.1688E-02	0.3878E-01
0.1752E-02	0.3878E-01
0.1819E-02	0.3878E-01
0.1888E-02	0.3878E-01
0.1960E-02	0.3878E-01
0.2034E-02	0.3878E-01
0.2112E-02	0.3878E-01
0.2192E-02	0.3878E-01
0.2276E-02	0.3878E-01
0.2362E-02	0.3878E-01
0.2452E-02	0.3878E-01
0.2546E-02	0.3878E-01
0.2643E-02	0.3878E-01
0.2743E-02	0.3878E-01
0.2848E-02	0.3878E-01
0.2956E-02	0.3878E-01
0.3069E-02	0.3878E-01
0.3186E-02	0.3878E-01
0.3307E-02	0.3878E-01
0.3433E-02	0.3878E-01
0.3564E-02	0.3878E-01
0.3700E-02	0.3878E-01
0.3841E-02	0.3878E-01
0.3987E-02	0.3878E-01
0.4139E-02	0.3878E-01
0.4296E-02	0.3878E-01
0.4460E-02	0.3878E-01
0.4630E-02	0.3878E-01
0.4806E-02	0.3878E-01
0.4989E-02	0.3878E-01
0.5179E-02	0.3879E-01
0.5377E-02	0.3879E-01
0.5581E-02	0.3879E-01
0.5794E-02	0.3879E-01
0.6015E-02	0.3879E-01
0.6244E-02	0.3879E-01
0.6481E-02	0.3879E-01
0.6728E-02	0.3879E-01
0.6985E-02	0.3879E-01
0.7251E-02	0.3879E-01
0.7527E-02	0.3879E-01
0.7813E-02	0.3879E-01
0.8111E-02	0.3879E-01
0.8420E-02	0.3880E-01
0.8741E-02	0.3880E-01
0.9073E-02	0.3880E-01
0.9419E-02	0.3880E-01
0.9778E-02	0.3880E-01
0.1015E-01	0.3880E-01
0.1054E-01	0.3880E-01
0.1094E-01	0.3881E-01
0.1135E-01	0.3881E-01
0.1179E-01	0.3881E-01
0.1224E-01	0.3881E-01
0.1270E-01	0.3882E-01
0.1319E-01	0.3882E-01
0.1369E-01	0.3882E-01
0.1421E-01	0.3882E-01
0.1475E-01	0.3883E-01
0.1531E-01	0.3883E-01
0.1590E-01	0.3884E-01
0.1650E-01	0.3884E-01
0.1713E-01	0.3884E-01
0.1778E-01	0.3885E-01
0.1846E-01	0.3885E-01
0.1916E-01	0.3886E-01
0.1989E-01	0.3887E-01
0.2065E-01	0.3887E-01
0.2144E-01	0.3888E-01
0.2225E-01	0.3889E-01
0.2310E-01	0.3889E-01
0.2398E-01	0.3890E-01
0.2489E-01	0.3891E-01
0.2584E-01	0.3892E-01
0.2682E-01	0.3893E-01
0.2785E-01	0.3894E-01
0.2891E-01	0.3895E-01
0.3001E-01	0.3896E-01
0.3115E-01	0.3897E-01
0.3234E-01	0.3898E-01
0.3357E-01	0.3900E-01
0.3485E-01	0.3901E-01
0.3617E-01	0.3903E-01
0.3755E-01	0.3904E-01
0.3898E-01	0.3906E-01
0.4047E-01	0.3907E-01
0.4201E-01	0.3909E-01
0.4361E-01	0.3911E-01
0.4527E-01	0.3913E-01
0.4699E-01	0.3915E-01
0.4878E-01	0.3917E-01
0.5064E-01	0.3919E-01
0.5257E-01	0.3921E-01
0.5457E-01	0.3923E-01
0.5665E-01	0.3926E-01
0.5881E-01	0.3928E-01
0.6105E-01	0.3930E-01
0.6337E-01	0.3933E-01
0.6579E-01	0.3935E-01
0.6829E-01	0.3938E-01
0.7089E-01	0.3941E-01
0.7359E-01	0.3944E-01
0.7640E-01	0.3946E-01
0.7931E-01	0.3949E-01
0.8233E-01	0.3952E-01
0.8546E-01	0.3955E-01
0.8872E-01	0.3959E-01
0.9210E-01	0.3962E-01
0.9560E-01	0.3965E-01
0.9924E-01	0.3969E-01
0.1030	0.3972E-01
0.1069	0.3976E-01
0.1110	0.3980E-01
0.1152	0.3984E-01
0.1196	0.3989E-01
0.1242	0.3993E-01
0.1289	0.3998E-01
0.1338	0.4003E-01
0.1389	0.4008E-01
0.1442	0.4013E-01
0.1497	0.4019E-01
0.1554	0.4025E-01
0.1613	0.4031E-01
0.1675	0.4038E-01
0.1739	0.4045E-01
0.1805	0.4053E-01
0.1874	0.4061E-01
0.1945	0.4069E-01
0.2019	0.4078E-01
0.2096	0.4088E-01
0.2176	0.4098E-01
0.2259	0.4109E-01
0.2345	0.4120E-01
0.2434	0.4132E-01
0.2527	0.4145E-01
0.2623	0.4158E-01
0.2723	0.4173E-01
0.2826	0.4188E-01
0.2934	0.4204E-01
0.3046	0.4221E-01
0.3162	0.4240E-01
0.3282	0.4259E-01
0.3407	0.4279E-01
0.3537	0.4301E-01
0.3672	0.4324E-01
0.3812	0.4348E-01
0.3957	0.4374E-01
0.4107	0.4401E-01
0.4264	0.4430E-01
0.4426	0.4461E-01
0.4595	0.4493E-01
0.4770	0.4527E-01
0.4952	0.4563E-01
0.5140	0.4601E-01
0.5336	0.4641E-01
0.5539	0.4683E-01
0.5750	0.4728E-01
0.5969	0.4775E-01
0.6196	0.4825E-01
0.6432	0.4877E-01
0.6677	0.4932E-01
0.6932	0.4991E-01
0.7196	0.5052E-01
0.7470	0.5116E-01
0.7754	0.5183E-01
0.8050	0.5254E-01
0.8356	0.5328E-01
0.8674	0.5405E-01
0.9005	0.5487E-01
0.9348	0.5572E-01
0.9704	0.5660E-01
1.007	0.5753E-01
1.046	0.5850E-01
1.086	0.5951E-01
1.127	0.6056E-01
1.170	0.6165E-01
1.214	0.6279E-01
1.261	0.6397E-01
1.309	0.6519E-01
1.358	0.6646E-01
1.410	0.6778E-01
1.464	0.6914E-01
1.520	0.7055E-01
1.578	0.7201E-01
1.638	0.7351E-01
1.700	0.7507E-01
1.765	0.7667E-01
1.832	0.7833E-01
1.902	0.8003E-01
1.974	0.8180E-01
2.049	0.8362E-01
2.127	0.8550E-01
2.208	0.8745E-01
2.293	0.8946E-01
2.380	0.9154E-01
2.470	0.9370E-01
2.565	0.9593E-01
2.662	0.9825E-01
2.764	0.1007
2.869	0.1032
2.978	0.1058
3.092	0.1085
3.209	0.1114
3.332	0.1143
3.458	0.1175
3.590	0.1208
3.727	0.1242
3.869	0.1279
4.016	0.1317
4.169	0.1358
4.328	0.1401
4.493	0.1447
4.664	0.1496
4.841	0.1548
5.026	0.1604
5.217	0.1663
5.416	0.1727
5.622	0.1795
5.836	0.1869
6.059	0.1947
6.289	0.2032
6.529	0.2123
6.778	0.2221
7.036	0.2326
7.304	0.2439
7.582	0.2561
7.871	0.2692
8.170	0.2832
8.482	0.2982
8.805	0.3143
9.140	0.3315
9.488	0.3497
9.849	0.3691
10.22	0.3900
10.61	0.4117
11.02	0.4346
11.44	0.4586
11.87	0.4838
12.33	0.5096
12.80	0.5369
13.28	0.5652
13.79	0.5944
14.31	0.6245
14.86	0.6558
15.42	0.6877
16.01	0.7204
16.62	0.7539
17.25	0.7883
17.91	0.8238
18.59	0.8598
19.30	0.8966
20.04	0.9343
20.80	0.9726
21.59	1.012
22.42	1.052
23.27	1.092
24.16	1.133
25.08	1.175
26.03	1.217
27.02	1.259
28.05	1.301
29.12	1.343
30.23	1.386
31.38	1.428
32.57	1.471
33.82	1.513
35.10	1.555
36.44	1.598
37.83	1.640
39.27	1.682
40.76	1.725
42.32	1.768
43.93	1.811
45.60	1.855
47.34	1.899
49.14	1.944
51.01	1.990
52.96	2.037
54.97	2.084
57.07	2.134
59.24	2.184
61.50	2.236
63.84	2.290
66.27	2.346
68.79	2.403
71.41	2.463
74.13	2.525
76.96	2.590
79.89	2.657
82.93	2.727
86.09	2.800
89.37	2.876
92.77	2.955
96.31	3.037
99.97	3.122
103.8	3.210
107.7	3.302
111.8	3.396
116.1	3.494
120.5	3.594
125.1	3.698
129.9	3.804
134.8	3.913
140.0	4.025
145.3	4.139
150.8	4.255
156.6	4.374
162.5	4.494
168.7	4.617
175.1	4.741
181.8	4.867
188.7	4.994
195.9	5.123
203.4	5.252
211.1	5.384
219.2	5.516
227.5	5.649
236.2	5.783
245.2	5.919
254.5	6.055
264.2	6.193
274.3	6.332
284.7	6.471
295.6	6.613
306.8	6.755
318.5	6.899
330.6	7.044
343.2	7.191
356.3	7.340
369.9	7.491
384.0	7.643
398.6	7.798
413.8	7.956
429.5	8.115
445.9	8.278
462.9	8.443
480.5	8.612
498.8	8.784
517.8	8.959
537.5	9.138
558.0	9.321
579.2	9.509
601.3	9.701
624.2	9.897
648.0	10.10
672.6	10.31
698.3	10.52
724.9	10.74
752.5	10.96
781.1	11.20
810.9	11.44
841.8	11.68
873.8	11.94
907.1	12.20
941.6	12.47
977.5	12.76
1015.	13.05
1053.	13.35
1094.	13.66
1135.	13.99
1178.	14.33
1223.	14.68
1270.	15.05
1318.	15.43
1368.	15.83
1421.	16.24
1475.	16.68
1531.	17.13
1589.	17.60
1650.	18.09
1712.	18.61
1778.	19.15
1845.	19.72
1916.	20.31
1989.	20.93
2064.	21.58
2143.	22.26
2225.	22.98
2309.	23.73
2397.	24.52
2489.	25.36
2583.	26.23
2682.	27.15
2784.	28.11
2890.	29.12
3000.	30.19
 
 
E/N (Td)	Mobility *N (1/m/V/s)
0.1000E-02	0.7064E+25
0.1038E-02	0.7067E+25
0.1078E-02	0.7067E+25
0.1119E-02	0.7067E+25
0.1161E-02	0.7067E+25
0.1205E-02	0.7067E+25
0.1251E-02	0.7067E+25
0.1299E-02	0.7067E+25
0.1349E-02	0.7067E+25
0.1400E-02	0.7067E+25
0.1453E-02	0.7067E+25
0.1509E-02	0.7067E+25
0.1566E-02	0.7067E+25
0.1626E-02	0.7067E+25
0.1688E-02	0.7067E+25
0.1752E-02	0.7067E+25
0.1819E-02	0.7067E+25
0.1888E-02	0.7067E+25
0.1960E-02	0.7067E+25
0.2034E-02	0.7067E+25
0.2112E-02	0.7067E+25
0.2192E-02	0.7067E+25
0.2276E-02	0.7067E+25
0.2362E-02	0.7067E+25
0.2452E-02	0.7067E+25
0.2546E-02	0.7067E+25
0.2643E-02	0.7067E+25
0.2743E-02	0.7067E+25
0.2848E-02	0.7067E+25
0.2956E-02	0.7067E+25
0.3069E-02	0.7067E+25
0.3186E-02	0.7067E+25
0.3307E-02	0.7067E+25
0.3433E-02	0.7067E+25
0.3564E-02	0.7067E+25
0.3700E-02	0.7067E+25
0.3841E-02	0.7067E+25
0.3987E-02	0.7067E+25
0.4139E-02	0.7067E+25
0.4296E-02	0.7067E+25
0.4460E-02	0.7067E+25
0.4630E-02	0.7067E+25
0.4806E-02	0.7067E+25
0.4989E-02	0.7067E+25
0.5179E-02	0.7067E+25
0.5377E-02	0.7067E+25
0.5581E-02	0.7067E+25
0.5794E-02	0.7067E+25
0.6015E-02	0.7067E+25
0.6244E-02	0.7067E+25
0.6481E-02	0.7067E+25
0.6728E-02	0.7067E+25
0.6985E-02	0.7067E+25
0.7251E-02	0.7067E+25
0.7527E-02	0.7067E+25
0.7813E-02	0.7067E+25
0.8111E-02	0.7067E+25
0.8420E-02	0.7067E+25
0.8741E-02	0.7067E+25
0.9073E-02	0.7067E+25
0.9419E-02	0.7067E+25
0.9778E-02	0.7067E+25
0.1015E-01	0.7067E+25
0.1054E-01	0.7067E+25
0.1094E-01	0.7067E+25
0.1135E-01	0.7067E+25
0.1179E-01	0.7067E+25
0.1224E-01	0.7067E+25
0.1270E-01	0.7067E+25
0.1319E-01	0.7067E+25
0.1369E-01	0.7068E+25
0.1421E-01	0.7068E+25
0.1475E-01	0.7068E+25
0.1531E-01	0.7068E+25
0.1590E-01	0.7068E+25
0.1650E-01	0.7068E+25
0.1713E-01	0.7068E+25
0.1778E-01	0.7068E+25
0.1846E-01	0.7068E+25
0.1916E-01	0.7068E+25
0.1989E-01	0.7069E+25
0.2065E-01	0.7069E+25
0.2144E-01	0.7069E+25
0.2225E-01	0.7069E+25
0.2310E-01	0.7069E+25
0.2398E-01	0.7069E+25
0.2489E-01	0.7070E+25
0.2584E-01	0.7070E+25
0.2682E-01	0.7070E+25
0.2785E-01	0.7070E+25
0.2891E-01	0.7070E+25
0.3001E-01	0.7071E+25
0.3115E-01	0.7071E+25
0.3234E-01	0.7071E+25
0.3357E-01	0.7072E+25
0.3485E-01	0.7072E+25
0.3617E-01	0.7072E+25
0.3755E-01	0.7073E+25
0.3898E-01	0.7073E+25
0.4047E-01	0.7073E+25
0.4201E-01	0.7074E+25
0.4361E-01	0.7074E+25
0.4527E-01	0.7074E+25
0.4699E-01	0.7075E+25
0.4878E-01	0.7075E+25
0.5064E-01	0.7076E+25
0.5257E-01	0.7076E+25
0.5457E-01	0.7077E+25
0.5665E-01	0.7077E+25
0.5881E-01	0.7078E+25
0.6105E-01	0.7078E+25
0.6337E-01	0.7079E+25
0.6579E-01	0.7079E+25
0.6829E-01	0.7080E+25
0.7089E-01	0.7080E+25
0.7359E-01	0.7081E+25
0.7640E-01	0.7082E+25
0.7931E-01	0.7082E+25
0.8233E-01	0.7083E+25
0.8546E-01	0.7084E+25
0.8872E-01	0.7084E+25
0.9210E-01	0.7085E+25
0.9560E-01	0.7086E+25
0.9924E-01	0.7086E+25
0.1030	0.7087E+25
0.1069	0.7088E+25
0.1110	0.7089E+25
0.1152	0.7090E+25
0.1196	0.7091E+25
0.1242	0.7092E+25
0.1289	0.7093E+25
0.1338	0.7094E+25
0.1389	0.7095E+25
0.1442	0.7096E+25
0.1497	0.7098E+25
0.1554	0.7099E+25
0.1613	0.7100E+25
0.1675	0.7102E+25
0.1739	0.7104E+25
0.1805	0.7105E+25
0.1874	0.7107E+25
0.1945	0.7109E+25
0.2019	0.7111E+25
0.2096	0.7113E+25
0.2176	0.7116E+25
0.2259	0.7118E+25
0.2345	0.7121E+25
0.2434	0.7123E+25
0.2527	0.7126E+25
0.2623	0.7129E+25
0.2723	0.7133E+25
0.2826	0.7136E+25
0.2934	0.7140E+25
0.3046	0.7144E+25
0.3162	0.7148E+25
0.3282	0.7152E+25
0.3407	0.7157E+25
0.3537	0.7162E+25
0.3672	0.7167E+25
0.3812	0.7172E+25
0.3957	0.7178E+25
0.4107	0.7184E+25
0.4264	0.7191E+25
0.4426	0.7198E+25
0.4595	0.7205E+25
0.4770	0.7213E+25
0.4952	0.7222E+25
0.5140	0.7230E+25
0.5336	0.7240E+25
0.5539	0.7250E+25
0.5750	0.7261E+25
0.5969	0.7272E+25
0.6196	0.7284E+25
0.6432	0.7297E+25
0.6677	0.7310E+25
0.6932	0.7325E+25
0.7196	0.7340E+25
0.7470	0.7356E+25
0.7754	0.7374E+25
0.8050	0.7392E+25
0.8356	0.7412E+25
0.8674	0.7433E+25
0.9005	0.7455E+25
0.9348	0.7478E+25
0.9704	0.7502E+25
1.007	0.7528E+25
1.046	0.7556E+25
1.086	0.7585E+25
1.127	0.7616E+25
1.170	0.7648E+25
1.214	0.7681E+25
1.261	0.7716E+25
1.309	0.7752E+25
1.358	0.7790E+25
1.410	0.7830E+25
1.464	0.7871E+25
1.520	0.7915E+25
1.578	0.7958E+25
1.638	0.8003E+25
1.700	0.8050E+25
1.765	0.8097E+25
1.832	0.8145E+25
1.902	0.8195E+25
1.974	0.8246E+25
2.049	0.8297E+25
2.127	0.8349E+25
2.208	0.8402E+25
2.293	0.8455E+25
2.380	0.8509E+25
2.470	0.8563E+25
2.565	0.8617E+25
2.662	0.8671E+25
2.764	0.8725E+25
2.869	0.8778E+25
2.978	0.8831E+25
3.092	0.8884E+25
3.209	0.8935E+25
3.332	0.8986E+25
3.458	0.9035E+25
3.590	0.9083E+25
3.727	0.9129E+25
3.869	0.9172E+25
4.016	0.9213E+25
4.169	0.9251E+25
4.328	0.9285E+25
4.493	0.9315E+25
4.664	0.9341E+25
4.841	0.9363E+25
5.026	0.9379E+25
5.217	0.9389E+25
5.416	0.9392E+25
5.622	0.9388E+25
5.836	0.9376E+25
6.059	0.9357E+25
6.289	0.9327E+25
6.529	0.9287E+25
6.778	0.9235E+25
7.036	0.9174E+25
7.304	0.9099E+25
7.582	0.9012E+25
7.871	0.8914E+25
8.170	0.8800E+25
8.482	0.8673E+25
8.805	0.8537E+25
9.140	0.8383E+25
9.488	0.8216E+25
9.849	0.8038E+25
10.22	0.7855E+25
10.61	0.7654E+25
11.02	0.7443E+25
11.44	0.7225E+25
11.87	0.7001E+25
12.33	0.6765E+25
12.80	0.6533E+25
13.28	0.6298E+25
13.79	0.6064E+25
14.31	0.5830E+25
14.86	0.5600E+25
15.42	0.5373E+25
16.01	0.5150E+25
16.62	0.4933E+25
17.25	0.4724E+25
17.91	0.4523E+25
18.59	0.4329E+25
19.30	0.4144E+25
20.04	0.3968E+25
20.80	0.3801E+25
21.59	0.3645E+25
22.42	0.3498E+25
23.27	0.3362E+25
24.16	0.3234E+25
25.08	0.3116E+25
26.03	0.3007E+25
27.02	0.2906E+25
28.05	0.2813E+25
29.12	0.2728E+25
30.23	0.2649E+25
31.38	0.2577E+25
32.57	0.2511E+25
33.82	0.2450E+25
35.10	0.2393E+25
36.44	0.2341E+25
37.83	0.2293E+25
39.27	0.2249E+25
40.76	0.2207E+25
42.32	0.2168E+25
43.93	0.2132E+25
45.60	0.2098E+25
47.34	0.2065E+25
49.14	0.2034E+25
51.01	0.2005E+25
52.96	0.1977E+25
54.97	0.1950E+25
57.07	0.1924E+25
59.24	0.1898E+25
61.50	0.1873E+25
63.84	0.1849E+25
66.27	0.1825E+25
68.79	0.1802E+25
71.41	0.1778E+25
74.13	0.1755E+25
76.96	0.1732E+25
79.89	0.1709E+25
82.93	0.1686E+25
86.09	0.1663E+25
89.37	0.1640E+25
92.77	0.1617E+25
96.31	0.1593E+25
99.97	0.1570E+25
103.8	0.1546E+25
107.7	0.1523E+25
111.8	0.1499E+25
116.1	0.1476E+25
120.5	0.1452E+25
125.1	0.1428E+25
129.9	0.1405E+25
134.8	0.1381E+25
140.0	0.1358E+25
145.3	0.1334E+25
150.8	0.1311E+25
156.6	0.1288E+25
162.5	0.1266E+25
168.7	0.1243E+25
175.1	0.1221E+25
181.8	0.1199E+25
188.7	0.1178E+25
195.9	0.1157E+25
203.4	0.1137E+25
211.1	0.1117E+25
219.2	0.1097E+25
227.5	0.1078E+25
236.2	0.1059E+25
245.2	0.1041E+25
254.5	0.1023E+25
264.2	0.1005E+25
274.3	0.9882E+24
284.7	0.9716E+24
295.6	0.9554E+24
306.8	0.9397E+24
318.5	0.9243E+24
330.6	0.9092E+24
343.2	0.8946E+24
356.3	0.8803E+24
369.9	0.8663E+24
384.0	0.8527E+24
398.6	0.8393E+24
413.8	0.8263E+24
429.5	0.8135E+24
445.9	0.8010E+24
462.9	0.7887E+24
480.5	0.7767E+24
498.8	0.7649E+24
517.8	0.7533E+24
537.5	0.7419E+24
558.0	0.7307E+24
579.2	0.7197E+24
601.3	0.7088E+24
624.2	0.6982E+24
648.0	0.6876E+24
672.6	0.6772E+24
698.3	0.6670E+24
724.9	0.6569E+24
752.5	0.6469E+24
781.1	0.6371E+24
810.9	0.6274E+24
841.8	0.6178E+24
873.8	0.6083E+24
907.1	0.5989E+24
941.6	0.5897E+24
977.5	0.5806E+24
1015.	0.5715E+24
1053.	0.5626E+24
1094.	0.5538E+24
1135.	0.5451E+24
1178.	0.5365E+24
1223.	0.5281E+24
1270.	0.5198E+24
1318.	0.5115E+24
1368.	0.5034E+24
1421.	0.4954E+24
1475.	0.4876E+24
1531.	0.4798E+24
1589.	0.4722E+24
1650.	0.4647E+24
1712.	0.4574E+24
1778.	0.4501E+24
1845.	0.4430E+24
1916.	0.4361E+24
1989.	0.4293E+24
2064.	0.4227E+24
2143.	0.4162E+24
2225.	0.4098E+24
2309.	0.4036E+24
2397.	0.3975E+24
2489.	0.3916E+24
2583.	0.3859E+24
2682.	0.3803E+24
2784.	0.3748E+24
2890.	0.3695E+24
3000.	0.3644E+24
 
 
E/N (Td)	Diffusion coefficient *N (1/m/s)
0.1000E-02	0.1827E+24
0.1038E-02	0.1830E+24
0.1078E-02	0.1830E+24
0.1119E-02	0.1830E+24
0.1161E-02	0.1830E+24
0.1205E-02	0.1830E+24
0.1251E-02	0.1830E+24
0.1299E-02	0.1830E+24
0.1349E-02	0.1830E+24
0.1400E-02	0.1830E+24
0.1453E-02	0.1830E+24
0.1509E-02	0.1830E+24
0.1566E-02	0.1830E+24
0.1626E-02	0.1830E+24
0.1688E-02	0.1830E+24
0.1752E-02	0.1830E+24
0.1819E-02	0.1830E+24
0.1888E-02	0.1830E+24
0.1960E-02	0.1830E+24
0.2034E-02	0.1830E+24
0.2112E-02	0.1830E+24
0.2192E-02	0.1830E+24
0.2276E-02	0.1830E+24
0.2362E-02	0.1830E+24
0.2452E-02	0.1830E+24
0.2546E-02	0.1830E+24
0.2643E-02	0.1830E+24
0.2743E-02	0.1830E+24
0.2848E-02	0.1830E+24
0.2956E-02	0.1830E+24
0.3069E-02	0.1830E+24
0.3186E-02	0.1830E+24
0.3307E-02	0.1830E+24
0.3433E-02	0.1830E+24
0.3564E-02	0.1830E+24
0.3700E-02	0.1830E+24
0.3841E-02	0.1830E+24
0.3987E-02	0.1830E+24
0.4139E-02	0.1830E+24
0.4296E-02	0.1830E+24
0.4460E-02	0.1830E+24
0.4630E-02	0.1830E+24
0.4806E-02	0.1830E+24
0.4989E-02	0.1830E+24
0.5179E-02	0.1830E+24
0.5377E-02	0.1830E+24
0.5581E-02	0.1830E+24
0.5794E-02	0.1830E+24
0.6015E-02	0.1831E+24
0.6244E-02	0.1831E+24
0.6481E-02	0.1831E+24
0.6728E-02	0.1831E+24
0.6985E-02	0.1831E+24
0.7251E-02	0.1831E+24
0.7527E-02	0.1831E+24
0.7813E-02	0.1831E+24
0.8111E-02	0.1831E+24
0.8420E-02	0.1831E+24
0.8741E-02	0.1831E+24
0.9073E-02	0.1831E+24
0.9419E-02	0.1831E+24
0.9778E-02	0.1831E+24
0.1015E-01	0.1831E+24
0.1054E-01	0.1831E+24
0.1094E-01	0.1831E+24
0.1135E-01	0.1832E+24
0.1179E-01	0.1832E+24
0.1224E-01	0.1832E+24
0.1270E-01	0.1832E+24
0.1319E-01	0.1832E+24
0.1369E-01	0.1832E+24
0.1421E-01	0.1832E+24
0.1475E-01	0.1833E+24
0.1531E-01	0.1833E+24
0.1590E-01	0.1833E+24
0.1650E-01	0.1833E+24
0.1713E-01	0.1833E+24
0.1778E-01	0.1834E+24
0.1846E-01	0.1834E+24
0.1916E-01	0.1834E+24
0.1989E-01	0.1834E+24
0.2065E-01	0.1835E+24
0.2144E-01	0.1835E+24
0.2225E-01	0.1835E+24
0.2310E-01	0.1836E+24
0.2398E-01	0.1836E+24
0.2489E-01	0.1837E+24
0.2584E-01	0.1837E+24
0.2682E-01	0.1837E+24
0.2785E-01	0.1838E+24
0.2891E-01	0.1838E+24
0.3001E-01	0.1839E+24
0.3115E-01	0.1840E+24
0.3234E-01	0.1840E+24
0.3357E-01	0.1841E+24
0.3485E-01	0.1842E+24
0.3617E-01	0.1842E+24
0.3755E-01	0.1843E+24
0.3898E-01	0.1844E+24
0.4047E-01	0.1845E+24
0.4201E-01	0.1846E+24
0.4361E-01	0.1846E+24
0.4527E-01	0.1847E+24
0.4699E-01	0.1848E+24
0.4878E-01	0.1849E+24
0.5064E-01	0.1850E+24
0.5257E-01	0.1852E+24
0.5457E-01	0.1853E+24
0.5665E-01	0.1854E+24
0.5881E-01	0.1855E+24
0.6105E-01	0.1856E+24
0.6337E-01	0.1857E+24
0.6579E-01	0.1859E+24
0.6829E-01	0.1860E+24
0.7089E-01	0.1861E+24
0.7359E-01	0.1863E+24
0.7640E-01	0.1864E+24
0.7931E-01	0.1866E+24
0.8233E-01	0.1867E+24
0.8546E-01	0.1869E+24
0.8872E-01	0.1870E+24
0.9210E-01	0.1872E+24
0.9560E-01	0.1874E+24
0.9924E-01	0.1876E+24
0.1030	0.1877E+24
0.1069	0.1879E+24
0.1110	0.1881E+24
0.1152	0.1883E+24
0.1196	0.1886E+24
0.1242	0.1888E+24
0.1289	0.1890E+24
0.1338	0.1893E+24
0.1389	0.1895E+24
0.1442	0.1898E+24
0.1497	0.1901E+24
0.1554	0.1904E+24
0.1613	0.1907E+24
0.1675	0.1911E+24
0.1739	0.1914E+24
0.1805	0.1918E+24
0.1874	0.1922E+24
0.1945	0.1927E+24
0.2019	0.1931E+24
0.2096	0.1936E+24
0.2176	0.1941E+24
0.2259	0.1947E+24
0.2345	0.1953E+24
0.2434	0.1959E+24
0.2527	0.1965E+24
0.2623	0.1972E+24
0.2723	0.1980E+24
0.2826	0.1988E+24
0.2934	0.1996E+24
0.3046	0.2005E+24
0.3162	0.2015E+24
0.3282	0.2025E+24
0.3407	0.2035E+24
0.3537	0.2047E+24
0.3672	0.2059E+24
0.3812	0.2071E+24
0.3957	0.2085E+24
0.4107	0.2099E+24
0.4264	0.2114E+24
0.4426	0.2131E+24
0.4595	0.2148E+24
0.4770	0.2166E+24
0.4952	0.2185E+24
0.5140	0.2205E+24
0.5336	0.2227E+24
0.5539	0.2250E+24
0.5750	0.2274E+24
0.5969	0.2300E+24
0.6196	0.2327E+24
0.6432	0.2356E+24
0.6677	0.2386E+24
0.6932	0.2419E+24
0.7196	0.2453E+24
0.7470	0.2489E+24
0.7754	0.2527E+24
0.8050	0.2567E+24
0.8356	0.2609E+24
0.8674	0.2654E+24
0.9005	0.2701E+24
0.9348	0.2751E+24
0.9704	0.2803E+24
1.007	0.2858E+24
1.046	0.2916E+24
1.086	0.2977E+24
1.127	0.3043E+24
1.170	0.3110E+24
1.214	0.3180E+24
1.261	0.3254E+24
1.309	0.3331E+24
1.358	0.3412E+24
1.410	0.3497E+24
1.464	0.3585E+24
1.520	0.3680E+24
1.578	0.3776E+24
1.638	0.3876E+24
1.700	0.3980E+24
1.765	0.4089E+24
1.832	0.4202E+24
1.902	0.4320E+24
1.974	0.4445E+24
2.049	0.4572E+24
2.127	0.4705E+24
2.208	0.4843E+24
2.293	0.4987E+24
2.380	0.5139E+24
2.470	0.5295E+24
2.565	0.5457E+24
2.662	0.5626E+24
2.764	0.5802E+24
2.869	0.5986E+24
2.978	0.6180E+24
3.092	0.6380E+24
3.209	0.6590E+24
3.332	0.6808E+24
3.458	0.7037E+24
3.590	0.7282E+24
3.727	0.7533E+24
3.869	0.7796E+24
4.016	0.8072E+24
4.169	0.8362E+24
4.328	0.8665E+24
4.493	0.8987E+24
4.664	0.9321E+24
4.841	0.9672E+24
5.026	0.1004E+25
5.217	0.1043E+25
5.416	0.1083E+25
5.622	0.1125E+25
5.836	0.1169E+25
6.059	0.1216E+25
6.289	0.1265E+25
6.529	0.1315E+25
6.778	0.1366E+25
7.036	0.1421E+25
7.304	0.1476E+25
7.582	0.1533E+25
7.871	0.1593E+25
8.170	0.1653E+25
8.482	0.1714E+25
8.805	0.1777E+25
9.140	0.1839E+25
9.488	0.1901E+25
9.849	0.1963E+25
10.22	0.2029E+25
10.61	0.2090E+25
11.02	0.2149E+25
11.44	0.2207E+25
11.87	0.2263E+25
12.33	0.2312E+25
12.80	0.2364E+25
13.28	0.2414E+25
13.79	0.2460E+25
14.31	0.2504E+25
14.86	0.2548E+25
15.42	0.2586E+25
16.01	0.2621E+25
16.62	0.2653E+25
17.25	0.2683E+25
17.91	0.2713E+25
18.59	0.2738E+25
19.30	0.2762E+25
20.04	0.2783E+25
20.80	0.2802E+25
21.59	0.2821E+25
22.42	0.2839E+25
23.27	0.2855E+25
24.16	0.2872E+25
25.08	0.2888E+25
26.03	0.2903E+25
27.02	0.2918E+25
28.05	0.2934E+25
29.12	0.2949E+25
30.23	0.2965E+25
31.38	0.2980E+25
32.57	0.2996E+25
33.82	0.3013E+25
35.10	0.3029E+25
36.44	0.3047E+25
37.83	0.3064E+25
39.27	0.3082E+25
40.76	0.3100E+25
42.32	0.3119E+25
43.93	0.3138E+25
45.60	0.3158E+25
47.34	0.3178E+25
49.14	0.3199E+25
51.01	0.3221E+25
52.96	0.3243E+25
54.97	0.3266E+25
57.07	0.3289E+25
59.24	0.3314E+25
61.50	0.3339E+25
63.84	0.3365E+25
66.27	0.3392E+25
68.79	0.3419E+25
71.41	0.3448E+25
74.13	0.3478E+25
76.96	0.3508E+25
79.89	0.3540E+25
82.93	0.3572E+25
86.09	0.3605E+25
89.37	0.3640E+25
92.77	0.3675E+25
96.31	0.3711E+25
99.97	0.3748E+25
103.8	0.3786E+25
107.7	0.3824E+25
111.8	0.3863E+25
116.1	0.3903E+25
120.5	0.3943E+25
125.1	0.3984E+25
129.9	0.4025E+25
134.8	0.4066E+25
140.0	0.4108E+25
145.3	0.4150E+25
150.8	0.4191E+25
156.6	0.4233E+25
162.5	0.4274E+25
168.7	0.4315E+25
175.1	0.4356E+25
181.8	0.4397E+25
188.7	0.4437E+25
195.9	0.4476E+25
203.4	0.4516E+25
211.1	0.4554E+25
219.2	0.4592E+25
227.5	0.4629E+25
236.2	0.4666E+25
245.2	0.4702E+25
254.5	0.4737E+25
264.2	0.4772E+25
274.3	0.4806E+25
284.7	0.4840E+25
295.6	0.4873E+25
306.8	0.4905E+25
318.5	0.4937E+25
330.6	0.4968E+25
343.2	0.4999E+25
356.3	0.5029E+25
369.9	0.5059E+25
384.0	0.5089E+25
398.6	0.5118E+25
413.8	0.5147E+25
429.5	0.5175E+25
445.9	0.5203E+25
462.9	0.5231E+25
480.5	0.5258E+25
498.8	0.5286E+25
517.8	0.5313E+25
537.5	0.5340E+25
558.0	0.5366E+25
579.2	0.5393E+25
601.3	0.5419E+25
624.2	0.5446E+25
648.0	0.5473E+25
672.6	0.5499E+25
698.3	0.5526E+25
724.9	0.5553E+25
752.5	0.5579E+25
781.1	0.5606E+25
810.9	0.5634E+25
841.8	0.5661E+25
873.8	0.5689E+25
907.1	0.5718E+25
941.6	0.5747E+25
977.5	0.5776E+25
1015.	0.5806E+25
1053.	0.5837E+25
1094.	0.5869E+25
1135.	0.5902E+25
1178.	0.5936E+25
1223.	0.5971E+25
1270.	0.6010E+25
1318.	0.6046E+25
1368.	0.6086E+25
1421.	0.6130E+25
1475.	0.6173E+25
1531.	0.6220E+25
1589.	0.6269E+25
1650.	0.6320E+25
1712.	0.6374E+25
1778.	0.6432E+25
1845.	0.6494E+25
1916.	0.6559E+25
1989.	0.6629E+25
2064.	0.6703E+25
2143.	0.6781E+25
2225.	0.6866E+25
2309.	0.6955E+25
2397.	0.7051E+25
2489.	0.7153E+25
2583.	0.7262E+25
2682.	0.7379E+25
2784.	0.7503E+25
2890.	0.7636E+25
3000.	0.7779E+25
 
 
E/N (Td)	Energy mobility *N (1/m/V/s)
0.1000E-02	0.1239E+26
0.1038E-02	0.1239E+26
0.1078E-02	0.1239E+26
0.1119E-02	0.1239E+26
0.1161E-02	0.1239E+26
0.1205E-02	0.1239E+26
0.1251E-02	0.1239E+26
0.1299E-02	0.1239E+26
0.1349E-02	0.1239E+26
0.1400E-02	0.1239E+26
0.1453E-02	0.1239E+26
0.1509E-02	0.1239E+26
0.1566E-02	0.1239E+26
0.1626E-02	0.1239E+26
0.1688E-02	0.1239E+26
0.1752E-02	0.1239E+26
0.1819E-02	0.1239E+26
0.1888E-02	0.1239E+26
0.1960E-02	0.1239E+26
0.2034E-02	0.1239E+26
0.2112E-02	0.1239E+26
0.2192E-02	0.1239E+26
0.2276E-02	0.1239E+26
0.2362E-02	0.1239E+26
0.2452E-02	0.1239E+26
0.2546E-02	0.1239E+26
0.2643E-02	0.1239E+26
0.2743E-02	0.1239E+26
0.2848E-02	0.1239E+26
0.2956E-02	0.1239E+26
0.3069E-02	0.1239E+26
0.3186E-02	0.1239E+26
0.3307E-02	0.1239E+26
0.3433E-02	0.1239E+26
0.3564E-02	0.1239E+26
0.3700E-02	0.1239E+26
0.3841E-02	0.1239E+26
0.3987E-02	0.1239E+26
0.4139E-02	0.1239E+26
0.4296E-02	0.1239E+26
0.4460E-02	0.1239E+26
0.4630E-02	0.1239E+26
0.4806E-02	0.1239E+26
0.4989E-02	0.1239E+26
0.5179E-02	0.1239E+26
0.5377E-02	0.1239E+26
0.5581E-02	0.1239E+26
0.5794E-02	0.1239E+26
0.6015E-02	0.1239E+26
0.6244E-02	0.1239E+26
0.6481E-02	0.1239E+26
0.6728E-02	0.1239E+26
0.6985E-02	0.1239E+26
0.7251E-02	0.1239E+26
0.7527E-02	0.1239E+26
0.7813E-02	0.1239E+26
0.8111E-02	0.1239E+26
0.8420E-02	0.1239E+26
0.8741E-02	0.1239E+26
0.9073E-02	0.1239E+26
0.9419E-02	0.1239E+26
0.9778E-02	0.1239E+26
0.1015E-01	0.1239E+26
0.1054E-01	0.1239E+26
0.1094E-01	0.1239E+26
0.1135E-01	0.1239E+26
0.1179E-01	0.1240E+26
0.1224E-01	0.1240E+26
0.1270E-01	0.1240E+26
0.1319E-01	0.1240E+26
0.1369E-01	0.1240E+26
0.1421E-01	0.1240E+26
0.1475E-01	0.1240E+26
0.1531E-01	0.1240E+26
0.1590E-01	0.1240E+26
0.1650E-01	0.1240E+26
0.1713E-01	0.1240E+26
0.1778E-01	0.1240E+26
0.1846E-01	0.1240E+26
0.1916E-01	0.1240E+26
0.1989E-01	0.1240E+26
0.2065E-01	0.1240E+26
0.2144E-01	0.1240E+26
0.2225E-01	0.1240E+26
0.2310E-01	0.1240E+26
0.2398E-01	0.1240E+26
0.2489E-01	0.1240E+26
0.2584E-01	0.1240E+26
0.2682E-01	0.1240E+26
0.2785E-01	0.1240E+26
0.2891E-01	0.1240E+26
0.3001E-01	0.1240E+26
0.3115E-01	0.1240E+26
0.3234E-01	0.1240E+26
0.3357E-01	0.1240E+26
0.3485E-01	0.1240E+26
0.3617E-01	0.1240E+26
0.3755E-01	0.1240E+26
0.3898E-01	0.1240E+26
0.4047E-01	0.1240E+26
0.4201E-01	0.1240E+26
0.4361E-01	0.1240E+26
0.4527E-01	0.1240E+26
0.4699E-01	0.1240E+26
0.4878E-01	0.1240E+26
0.5064E-01	0.1240E+26
0.5257E-01	0.1240E+26
0.5457E-01	0.1240E+26
0.5665E-01	0.1240E+26
0.5881E-01	0.1240E+26
0.6105E-01	0.1240E+26
0.6337E-01	0.1240E+26
0.6579E-01	0.1241E+26
0.6829E-01	0.1241E+26
0.7089E-01	0.1241E+26
0.7359E-01	0.1241E+26
0.7640E-01	0.1241E+26
0.7931E-01	0.1241E+26
0.8233E-01	0.1241E+26
0.8546E-01	0.1241E+26
0.8872E-01	0.1241E+26
0.9210E-01	0.1241E+26
0.9560E-01	0.1241E+26
0.9924E-01	0.1241E+26
0.1030	0.1242E+26
0.1069	0.1242E+26
0.1110	0.1242E+26
0.1152	0.1242E+26
0.1196	0.1242E+26
0.1242	0.1242E+26
0.1289	0.1242E+26
0.1338	0.1242E+26
0.1389	0.1243E+26
0.1442	0.1243E+26
0.1497	0.1243E+26
0.1554	0.1243E+26
0.1613	0.1243E+26
0.1675	0.1244E+26
0.1739	0.1244E+26
0.1805	0.1244E+26
0.1874	0.1244E+26
0.1945	0.1245E+26
0.2019	0.1245E+26
0.2096	0.1245E+26
0.2176	0.1246E+26
0.2259	0.1246E+26
0.2345	0.1246E+26
0.2434	0.1247E+26
0.2527	0.1247E+26
0.2623	0.1248E+26
0.2723	0.1248E+26
0.2826	0.1249E+26
0.2934	0.1250E+26
0.3046	0.1250E+26
0.3162	0.1251E+26
0.3282	0.1252E+26
0.3407	0.1253E+26
0.3537	0.1254E+26
0.3672	0.1255E+26
0.3812	0.1256E+26
0.3957	0.1257E+26
0.4107	0.1258E+26
0.4264	0.1259E+26
0.4426	0.1261E+26
0.4595	0.1262E+26
0.4770	0.1264E+26
0.4952	0.1266E+26
0.5140	0.1268E+26
0.5336	0.1270E+26
0.5539	0.1272E+26
0.5750	0.1274E+26
0.5969	0.1277E+26
0.6196	0.1280E+26
0.6432	0.1283E+26
0.6677	0.1286E+26
0.6932	0.1290E+26
0.7196	0.1293E+26
0.7470	0.1297E+26
0.7754	0.1302E+26
0.8050	0.1306E+26
0.8356	0.1311E+26
0.8674	0.1316E+26
0.9005	0.1322E+26
0.9348	0.1328E+26
0.9704	0.1334E+26
1.007	0.1340E+26
1.046	0.1347E+26
1.086	0.1354E+26
1.127	0.1362E+26
1.170	0.1370E+26
1.214	0.1378E+26
1.261	0.1387E+26
1.309	0.1396E+26
1.358	0.1405E+26
1.410	0.1414E+26
1.464	0.1424E+26
1.520	0.1434E+26
1.578	0.1444E+26
1.638	0.1454E+26
1.700	0.1464E+26
1.765	0.1475E+26
1.832	0.1485E+26
1.902	0.1495E+26
1.974	0.1506E+26
2.049	0.1516E+26
2.127	0.1526E+26
2.208	0.1536E+26
2.293	0.1546E+26
2.380	0.1556E+26
2.470	0.1566E+26
2.565	0.1575E+26
2.662	0.1583E+26
2.764	0.1592E+26
2.869	0.1600E+26
2.978	0.1607E+26
3.092	0.1614E+26
3.209	0.1620E+26
3.332	0.1625E+26
3.458	0.1630E+26
3.590	0.1633E+26
3.727	0.1636E+26
3.869	0.1637E+26
4.016	0.1638E+26
4.169	0.1637E+26
4.328	0.1634E+26
4.493	0.1631E+26
4.664	0.1625E+26
4.841	0.1618E+26
5.026	0.1608E+26
5.217	0.1597E+26
5.416	0.1584E+26
5.622	0.1568E+26
5.836	0.1550E+26
6.059	0.1530E+26
6.289	0.1508E+26
6.529	0.1483E+26
6.778	0.1456E+26
7.036	0.1426E+26
7.304	0.1395E+26
7.582	0.1361E+26
7.871	0.1326E+26
8.170	0.1289E+26
8.482	0.1250E+26
8.805	0.1210E+26
9.140	0.1169E+26
9.488	0.1128E+26
9.849	0.1086E+26
10.22	0.1044E+26
10.61	0.1002E+26
11.02	0.9610E+25
11.44	0.9202E+25
11.87	0.8804E+25
12.33	0.8415E+25
12.80	0.8040E+25
13.28	0.7680E+25
13.79	0.7334E+25
14.31	0.7003E+25
14.86	0.6689E+25
15.42	0.6390E+25
16.01	0.6108E+25
16.62	0.5841E+25
17.25	0.5590E+25
17.91	0.5356E+25
18.59	0.5137E+25
19.30	0.4932E+25
20.04	0.4743E+25
20.80	0.4567E+25
21.59	0.4406E+25
22.42	0.4258E+25
23.27	0.4123E+25
24.16	0.3999E+25
25.08	0.3887E+25
26.03	0.3784E+25
27.02	0.3691E+25
28.05	0.3607E+25
29.12	0.3530E+25
30.23	0.3460E+25
31.38	0.3397E+25
32.57	0.3338E+25
33.82	0.3284E+25
35.10	0.3235E+25
36.44	0.3188E+25
37.83	0.3145E+25
39.27	0.3104E+25
40.76	0.3065E+25
42.32	0.3028E+25
43.93	0.2993E+25
45.60	0.2958E+25
47.34	0.2924E+25
49.14	0.2891E+25
51.01	0.2859E+25
52.96	0.2826E+25
54.97	0.2794E+25
57.07	0.2761E+25
59.24	0.2729E+25
61.50	0.2696E+25
63.84	0.2662E+25
66.27	0.2628E+25
68.79	0.2594E+25
71.41	0.2559E+25
74.13	0.2524E+25
76.96	0.2488E+25
79.89	0.2451E+25
82.93	0.2414E+25
86.09	0.2377E+25
89.37	0.2339E+25
92.77	0.2301E+25
96.31	0.2263E+25
99.97	0.2224E+25
103.8	0.2186E+25
107.7	0.2147E+25
111.8	0.2109E+25
116.1	0.2070E+25
120.5	0.2033E+25
125.1	0.1995E+25
129.9	0.1958E+25
134.8	0.1922E+25
140.0	0.1886E+25
145.3	0.1851E+25
150.8	0.1816E+25
156.6	0.1783E+25
162.5	0.1750E+25
168.7	0.1718E+25
175.1	0.1687E+25
181.8	0.1657E+25
188.7	0.1627E+25
195.9	0.1599E+25
203.4	0.1571E+25
211.1	0.1544E+25
219.2	0.1518E+25
227.5	0.1493E+25
236.2	0.1469E+25
245.2	0.1445E+25
254.5	0.1422E+25
264.2	0.1399E+25
274.3	0.1377E+25
284.7	0.1356E+25
295.6	0.1336E+25
306.8	0.1315E+25
318.5	0.1296E+25
330.6	0.1277E+25
343.2	0.1258E+25
356.3	0.1240E+25
369.9	0.1222E+25
384.0	0.1204E+25
398.6	0.1187E+25
413.8	0.1170E+25
429.5	0.1154E+25
445.9	0.1138E+25
462.9	0.1122E+25
480.5	0.1106E+25
498.8	0.1090E+25
517.8	0.1075E+25
537.5	0.1060E+25
558.0	0.1045E+25
579.2	0.1031E+25
601.3	0.1016E+25
624.2	0.1002E+25
648.0	0.9875E+24
672.6	0.9735E+24
698.3	0.9597E+24
724.9	0.9460E+24
752.5	0.9324E+24
781.1	0.9190E+24
810.9	0.9058E+24
841.8	0.8926E+24
873.8	0.8796E+24
907.1	0.8668E+24
941.6	0.8541E+24
977.5	0.8416E+24
1015.	0.8293E+24
1053.	0.8171E+24
1094.	0.8050E+24
1135.	0.7932E+24
1178.	0.7815E+24
1223.	0.7700E+24
1270.	0.7589E+24
1318.	0.7476E+24
1368.	0.7368E+24
1421.	0.7263E+24
1475.	0.7159E+24
1531.	0.7056E+24
1589.	0.6957E+24
1650.	0.6859E+24
1712.	0.6764E+24
1778.	0.6671E+24
1845.	0.6581E+24
1916.	0.6493E+24
1989.	0.6408E+24
2064.	0.6325E+24
2143.	0.6245E+24
2225.	0.6168E+24
2309.	0.6092E+24
2397.	0.6020E+24
2489.	0.5949E+24
2583.	0.5881E+24
2682.	0.5816E+24
2784.	0.5752E+24
2890.	0.5691E+24
3000.	0.5632E+24
 
 
E/N (Td)	Energy diffusion coef. D*N (1/m/s)
0.1000E-02	0.3204E+24
0.1038E-02	0.3204E+24
0.1078E-02	0.3204E+24
0.1119E-02	0.3204E+24
0.1161E-02	0.3204E+24
0.1205E-02	0.3204E+24
0.1251E-02	0.3204E+24
0.1299E-02	0.3204E+24
0.1349E-02	0.3204E+24
0.1400E-02	0.3204E+24
0.1453E-02	0.3204E+24
0.1509E-02	0.3204E+24
0.1566E-02	0.3204E+24
0.1626E-02	0.3204E+24
0.1688E-02	0.3204E+24
0.1752E-02	0.3204E+24
0.1819E-02	0.3204E+24
0.1888E-02	0.3204E+24
0.1960E-02	0.3204E+24
0.2034E-02	0.3204E+24
0.2112E-02	0.3204E+24
0.2192E-02	0.3204E+24
0.2276E-02	0.3204E+24
0.2362E-02	0.3204E+24
0.2452E-02	0.3204E+24
0.2546E-02	0.3204E+24
0.2643E-02	0.3204E+24
0.2743E-02	0.3204E+24
0.2848E-02	0.3204E+24
0.2956E-02	0.3204E+24
0.3069E-02	0.3204E+24
0.3186E-02	0.3204E+24
0.3307E-02	0.3204E+24
0.3433E-02	0.3204E+24
0.3564E-02	0.3204E+24
0.3700E-02	0.3204E+24
0.3841E-02	0.3204E+24
0.3987E-02	0.3204E+24
0.4139E-02	0.3204E+24
0.4296E-02	0.3204E+24
0.4460E-02	0.3204E+24
0.4630E-02	0.3204E+24
0.4806E-02	0.3204E+24
0.4989E-02	0.3204E+24
0.5179E-02	0.3204E+24
0.5377E-02	0.3204E+24
0.5581E-02	0.3204E+24
0.5794E-02	0.3204E+24
0.6015E-02	0.3204E+24
0.6244E-02	0.3204E+24
0.6481E-02	0.3204E+24
0.6728E-02	0.3204E+24
0.6985E-02	0.3204E+24
0.7251E-02	0.3204E+24
0.7527E-02	0.3204E+24
0.7813E-02	0.3204E+24
0.8111E-02	0.3204E+24
0.8420E-02	0.3204E+24
0.8741E-02	0.3204E+24
0.9073E-02	0.3204E+24
0.9419E-02	0.3204E+24
0.9778E-02	0.3204E+24
0.1015E-01	0.3204E+24
0.1054E-01	0.3204E+24
0.1094E-01	0.3204E+24
0.1135E-01	0.3204E+24
0.1179E-01	0.3204E+24
0.1224E-01	0.3204E+24
0.1270E-01	0.3204E+24
0.1319E-01	0.3204E+24
0.1369E-01	0.3204E+24
0.1421E-01	0.3204E+24
0.1475E-01	0.3205E+24
0.1531E-01	0.3205E+24
0.1590E-01	0.3205E+24
0.1650E-01	0.3205E+24
0.1713E-01	0.3205E+24
0.1778E-01	0.3205E+24
0.1846E-01	0.3205E+24
0.1916E-01	0.3205E+24
0.1989E-01	0.3205E+24
0.2065E-01	0.3205E+24
0.2144E-01	0.3206E+24
0.2225E-01	0.3206E+24
0.2310E-01	0.3206E+24
0.2398E-01	0.3206E+24
0.2489E-01	0.3206E+24
0.2584E-01	0.3207E+24
0.2682E-01	0.3207E+24
0.2785E-01	0.3207E+24
0.2891E-01	0.3207E+24
0.3001E-01	0.3208E+24
0.3115E-01	0.3208E+24
0.3234E-01	0.3208E+24
0.3357E-01	0.3209E+24
0.3485E-01	0.3209E+24
0.3617E-01	0.3209E+24
0.3755E-01	0.3210E+24
0.3898E-01	0.3210E+24
0.4047E-01	0.3211E+24
0.4201E-01	0.3211E+24
0.4361E-01	0.3212E+24
0.4527E-01	0.3212E+24
0.4699E-01	0.3213E+24
0.4878E-01	0.3214E+24
0.5064E-01	0.3214E+24
0.5257E-01	0.3215E+24
0.5457E-01	0.3216E+24
0.5665E-01	0.3217E+24
0.5881E-01	0.3217E+24
0.6105E-01	0.3218E+24
0.6337E-01	0.3219E+24
0.6579E-01	0.3220E+24
0.6829E-01	0.3221E+24
0.7089E-01	0.3222E+24
0.7359E-01	0.3223E+24
0.7640E-01	0.3225E+24
0.7931E-01	0.3226E+24
0.8233E-01	0.3227E+24
0.8546E-01	0.3229E+24
0.8872E-01	0.3230E+24
0.9210E-01	0.3232E+24
0.9560E-01	0.3233E+24
0.9924E-01	0.3235E+24
0.1030	0.3237E+24
0.1069	0.3238E+24
0.1110	0.3240E+24
0.1152	0.3242E+24
0.1196	0.3245E+24
0.1242	0.3247E+24
0.1289	0.3249E+24
0.1338	0.3252E+24
0.1389	0.3255E+24
0.1442	0.3258E+24
0.1497	0.3261E+24
0.1554	0.3264E+24
0.1613	0.3268E+24
0.1675	0.3272E+24
0.1739	0.3276E+24
0.1805	0.3280E+24
0.1874	0.3285E+24
0.1945	0.3290E+24
0.2019	0.3295E+24
0.2096	0.3301E+24
0.2176	0.3307E+24
0.2259	0.3313E+24
0.2345	0.3320E+24
0.2434	0.3328E+24
0.2527	0.3336E+24
0.2623	0.3345E+24
0.2723	0.3354E+24
0.2826	0.3364E+24
0.2934	0.3375E+24
0.3046	0.3386E+24
0.3162	0.3399E+24
0.3282	0.3412E+24
0.3407	0.3426E+24
0.3537	0.3442E+24
0.3672	0.3458E+24
0.3812	0.3476E+24
0.3957	0.3495E+24
0.4107	0.3515E+24
0.4264	0.3537E+24
0.4426	0.3561E+24
0.4595	0.3586E+24
0.4770	0.3613E+24
0.4952	0.3642E+24
0.5140	0.3673E+24
0.5336	0.3707E+24
0.5539	0.3743E+24
0.5750	0.3781E+24
0.5969	0.3822E+24
0.6196	0.3866E+24
0.6432	0.3913E+24
0.6677	0.3963E+24
0.6932	0.4017E+24
0.7196	0.4074E+24
0.7470	0.4136E+24
0.7754	0.4201E+24
0.8050	0.4271E+24
0.8356	0.4345E+24
0.8674	0.4424E+24
0.9005	0.4507E+24
0.9348	0.4596E+24
0.9704	0.4690E+24
1.007	0.4790E+24
1.046	0.4895E+24
1.086	0.5007E+24
1.127	0.5125E+24
1.170	0.5249E+24
1.214	0.5379E+24
1.261	0.5516E+24
1.309	0.5659E+24
1.358	0.5809E+24
1.410	0.5967E+24
1.464	0.6131E+24
1.520	0.6304E+24
1.578	0.6483E+24
1.638	0.6669E+24
1.700	0.6863E+24
1.765	0.7065E+24
1.832	0.7275E+24
1.902	0.7493E+24
1.974	0.7721E+24
2.049	0.7956E+24
2.127	0.8201E+24
2.208	0.8454E+24
2.293	0.8718E+24
2.380	0.8994E+24
2.470	0.9278E+24
2.565	0.9573E+24
2.662	0.9880E+24
2.764	0.1020E+25
2.869	0.1053E+25
2.978	0.1088E+25
3.092	0.1124E+25
3.209	0.1161E+25
3.332	0.1200E+25
3.458	0.1241E+25
3.590	0.1283E+25
3.727	0.1327E+25
3.869	0.1372E+25
4.016	0.1420E+25
4.169	0.1469E+25
4.328	0.1520E+25
4.493	0.1573E+25
4.664	0.1628E+25
4.841	0.1684E+25
5.026	0.1742E+25
5.217	0.1802E+25
5.416	0.1863E+25
5.622	0.1925E+25
5.836	0.1988E+25
6.059	0.2052E+25
6.289	0.2116E+25
6.529	0.2180E+25
6.778	0.2244E+25
7.036	0.2308E+25
7.304	0.2370E+25
7.582	0.2430E+25
7.871	0.2490E+25
8.170	0.2547E+25
8.482	0.2601E+25
8.805	0.2653E+25
9.140	0.2701E+25
9.488	0.2746E+25
9.849	0.2787E+25
10.22	0.2826E+25
10.61	0.2860E+25
11.02	0.2889E+25
11.44	0.2915E+25
11.87	0.2938E+25
12.33	0.2954E+25
12.80	0.2970E+25
13.28	0.2983E+25
13.79	0.2994E+25
14.31	0.3002E+25
14.86	0.3009E+25
15.42	0.3013E+25
16.01	0.3017E+25
16.62	0.3019E+25
17.25	0.3021E+25
17.91	0.3024E+25
18.59	0.3027E+25
19.30	0.3031E+25
20.04	0.3035E+25
20.80	0.3041E+25
21.59	0.3049E+25
22.42	0.3058E+25
23.27	0.3070E+25
24.16	0.3083E+25
25.08	0.3098E+25
26.03	0.3116E+25
27.02	0.3135E+25
28.05	0.3155E+25
29.12	0.3178E+25
30.23	0.3201E+25
31.38	0.3226E+25
32.57	0.3252E+25
33.82	0.3280E+25
35.10	0.3308E+25
36.44	0.3337E+25
37.83	0.3367E+25
39.27	0.3398E+25
40.76	0.3430E+25
42.32	0.3463E+25
43.93	0.3496E+25
45.60	0.3530E+25
47.34	0.3565E+25
49.14	0.3601E+25
51.01	0.3638E+25
52.96	0.3676E+25
54.97	0.3714E+25
57.07	0.3754E+25
59.24	0.3794E+25
61.50	0.3835E+25
63.84	0.3877E+25
66.27	0.3921E+25
68.79	0.3965E+25
71.41	0.4010E+25
74.13	0.4055E+25
76.96	0.4102E+25
79.89	0.4149E+25
82.93	0.4197E+25
86.09	0.4245E+25
89.37	0.4294E+25
92.77	0.4343E+25
96.31	0.4392E+25
99.97	0.4442E+25
103.8	0.4491E+25
107.7	0.4541E+25
111.8	0.4590E+25
116.1	0.4638E+25
120.5	0.4687E+25
125.1	0.4734E+25
129.9	0.4781E+25
134.8	0.4827E+25
140.0	0.4873E+25
145.3	0.4918E+25
150.8	0.4961E+25
156.6	0.5004E+25
162.5	0.5046E+25
168.7	0.5087E+25
175.1	0.5127E+25
181.8	0.5167E+25
188.7	0.5205E+25
195.9	0.5242E+25
203.4	0.5279E+25
211.1	0.5315E+25
219.2	0.5350E+25
227.5	0.5384E+25
236.2	0.5418E+25
245.2	0.5451E+25
254.5	0.5483E+25
264.2	0.5515E+25
274.3	0.5547E+25
284.7	0.5578E+25
295.6	0.5609E+25
306.8	0.5639E+25
318.5	0.5670E+25
330.6	0.5700E+25
343.2	0.5730E+25
356.3	0.5759E+25
369.9	0.5789E+25
384.0	0.5819E+25
398.6	0.5848E+25
413.8	0.5878E+25
429.5	0.5908E+25
445.9	0.5938E+25
462.9	0.5968E+25
480.5	0.5998E+25
498.8	0.6029E+25
517.8	0.6060E+25
537.5	0.6092E+25
558.0	0.6123E+25
579.2	0.6156E+25
601.3	0.6189E+25
624.2	0.6223E+25
648.0	0.6257E+25
672.6	0.6292E+25
698.3	0.6328E+25
724.9	0.6365E+25
752.5	0.6403E+25
781.1	0.6443E+25
810.9	0.6483E+25
841.8	0.6526E+25
873.8	0.6569E+25
907.1	0.6615E+25
941.6	0.6662E+25
977.5	0.6712E+25
1015.	0.6765E+25
1053.	0.6820E+25
1094.	0.6878E+25
1135.	0.6939E+25
1178.	0.7004E+25
1223.	0.7073E+25
1270.	0.7150E+25
1318.	0.7225E+25
1368.	0.7308E+25
1421.	0.7402E+25
1475.	0.7497E+25
1531.	0.7600E+25
1589.	0.7710E+25
1650.	0.7828E+25
1712.	0.7954E+25
1778.	0.8090E+25
1845.	0.8236E+25
1916.	0.8392E+25
1989.	0.8561E+25
2064.	0.8741E+25
2143.	0.8933E+25
2225.	0.9141E+25
2309.	0.9363E+25
2397.	0.9601E+25
2489.	0.9854E+25
2583.	0.1012E+26
2682.	0.1042E+26
2784.	0.1072E+26
2890.	0.1105E+26
3000.	0.1141E+26
 
 
E/N (Td)	Total collision freq. /N (m3/s)
0.1000E-02	0.2671E-13
0.1038E-02	0.2671E-13
0.1078E-02	0.2671E-13
0.1119E-02	0.2671E-13
0.1161E-02	0.2671E-13
0.1205E-02	0.2671E-13
0.1251E-02	0.2671E-13
0.1299E-02	0.2671E-13
0.1349E-02	0.2671E-13
0.1400E-02	0.2671E-13
0.1453E-02	0.2671E-13
0.1509E-02	0.2671E-13
0.1566E-02	0.2671E-13
0.1626E-02	0.2671E-13
0.1688E-02	0.2671E-13
0.1752E-02	0.2671E-13
0.1819E-02	0.2671E-13
0.1888E-02	0.2671E-13
0.1960E-02	0.2671E-13
0.2034E-02	0.2671E-13
0.2112E-02	0.2671E-13
0.2192E-02	0.2671E-13
0.2276E-02	0.2671E-13
0.2362E-02	0.2671E-13
0.2452E-02	0.2671E-13
0.2546E-02	0.2671E-13
0.2643E-02	0.2671E-13
0.2743E-02	0.2671E-13
0.2848E-02	0.2671E-13
0.2956E-02	0.2671E-13
0.3069E-02	0.2671E-13
0.3186E-02	0.2671E-13
0.3307E-02	0.2671E-13
0.3433E-02	0.2671E-13
0.3564E-02	0.2671E-13
0.3700E-02	0.2671E-13
0.3841E-02	0.2671E-13
0.3987E-02	0.2671E-13
0.4139E-02	0.2671E-13
0.4296E-02	0.2671E-13
0.4460E-02	0.2671E-13
0.4630E-02	0.2671E-13
0.4806E-02	0.2671E-13
0.4989E-02	0.2671E-13
0.5179E-02	0.2671E-13
0.5377E-02	0.2671E-13
0.5581E-02	0.2671E-13
0.5794E-02	0.2671E-13
0.6015E-02	0.2671E-13
0.6244E-02	0.2671E-13
0.6481E-02	0.2671E-13
0.6728E-02	0.2671E-13
0.6985E-02	0.2671E-13
0.7251E-02	0.2670E-13
0.7527E-02	0.2670E-13
0.7813E-02	0.2670E-13
0.8111E-02	0.2670E-13
0.8420E-02	0.2670E-13
0.8741E-02	0.2670E-13
0.9073E-02	0.2670E-13
0.9419E-02	0.2670E-13
0.9778E-02	0.2670E-13
0.1015E-01	0.2670E-13
0.1054E-01	0.2670E-13
0.1094E-01	0.2670E-13
0.1135E-01	0.2670E-13
0.1179E-01	0.2670E-13
0.1224E-01	0.2670E-13
0.1270E-01	0.2670E-13
0.1319E-01	0.2670E-13
0.1369E-01	0.2670E-13
0.1421E-01	0.2670E-13
0.1475E-01	0.2670E-13
0.1531E-01	0.2670E-13
0.1590E-01	0.2670E-13
0.1650E-01	0.2670E-13
0.1713E-01	0.2670E-13
0.1778E-01	0.2670E-13
0.1846E-01	0.2670E-13
0.1916E-01	0.2670E-13
0.1989E-01	0.2670E-13
0.2065E-01	0.2670E-13
0.2144E-01	0.2670E-13
0.2225E-01	0.2670E-13
0.2310E-01	0.2670E-13
0.2398E-01	0.2670E-13
0.2489E-01	0.2670E-13
0.2584E-01	0.2669E-13
0.2682E-01	0.2669E-13
0.2785E-01	0.2669E-13
0.2891E-01	0.2669E-13
0.3001E-01	0.2669E-13
0.3115E-01	0.2669E-13
0.3234E-01	0.2669E-13
0.3357E-01	0.2669E-13
0.3485E-01	0.2669E-13
0.3617E-01	0.2669E-13
0.3755E-01	0.2668E-13
0.3898E-01	0.2668E-13
0.4047E-01	0.2668E-13
0.4201E-01	0.2668E-13
0.4361E-01	0.2668E-13
0.4527E-01	0.2668E-13
0.4699E-01	0.2668E-13
0.4878E-01	0.2667E-13
0.5064E-01	0.2667E-13
0.5257E-01	0.2667E-13
0.5457E-01	0.2667E-13
0.5665E-01	0.2667E-13
0.5881E-01	0.2667E-13
0.6105E-01	0.2666E-13
0.6337E-01	0.2666E-13
0.6579E-01	0.2666E-13
0.6829E-01	0.2666E-13
0.7089E-01	0.2666E-13
0.7359E-01	0.2666E-13
0.7640E-01	0.2665E-13
0.7931E-01	0.2665E-13
0.8233E-01	0.2665E-13
0.8546E-01	0.2665E-13
0.8872E-01	0.2664E-13
0.9210E-01	0.2664E-13
0.9560E-01	0.2664E-13
0.9924E-01	0.2664E-13
0.1030	0.2663E-13
0.1069	0.2663E-13
0.1110	0.2663E-13
0.1152	0.2663E-13
0.1196	0.2662E-13
0.1242	0.2662E-13
0.1289	0.2662E-13
0.1338	0.2661E-13
0.1389	0.2661E-13
0.1442	0.2660E-13
0.1497	0.2660E-13
0.1554	0.2660E-13
0.1613	0.2659E-13
0.1675	0.2659E-13
0.1739	0.2658E-13
0.1805	0.2657E-13
0.1874	0.2657E-13
0.1945	0.2656E-13
0.2019	0.2656E-13
0.2096	0.2655E-13
0.2176	0.2654E-13
0.2259	0.2653E-13
0.2345	0.2653E-13
0.2434	0.2652E-13
0.2527	0.2651E-13
0.2623	0.2650E-13
0.2723	0.2649E-13
0.2826	0.2648E-13
0.2934	0.2647E-13
0.3046	0.2645E-13
0.3162	0.2644E-13
0.3282	0.2643E-13
0.3407	0.2642E-13
0.3537	0.2640E-13
0.3672	0.2639E-13
0.3812	0.2637E-13
0.3957	0.2636E-13
0.4107	0.2634E-13
0.4264	0.2632E-13
0.4426	0.2630E-13
0.4595	0.2628E-13
0.4770	0.2626E-13
0.4952	0.2624E-13
0.5140	0.2622E-13
0.5336	0.2619E-13
0.5539	0.2617E-13
0.5750	0.2614E-13
0.5969	0.2612E-13
0.6196	0.2609E-13
0.6432	0.2606E-13
0.6677	0.2603E-13
0.6932	0.2600E-13
0.7196	0.2597E-13
0.7470	0.2593E-13
0.7754	0.2590E-13
0.8050	0.2586E-13
0.8356	0.2582E-13
0.8674	0.2578E-13
0.9005	0.2574E-13
0.9348	0.2570E-13
0.9704	0.2565E-13
1.007	0.2561E-13
1.046	0.2556E-13
1.086	0.2551E-13
1.127	0.2545E-13
1.170	0.2540E-13
1.214	0.2534E-13
1.261	0.2529E-13
1.309	0.2523E-13
1.358	0.2517E-13
1.410	0.2510E-13
1.464	0.2504E-13
1.520	0.2497E-13
1.578	0.2490E-13
1.638	0.2483E-13
1.700	0.2475E-13
1.765	0.2468E-13
1.832	0.2460E-13
1.902	0.2452E-13
1.974	0.2444E-13
2.049	0.2436E-13
2.127	0.2427E-13
2.208	0.2418E-13
2.293	0.2409E-13
2.380	0.2400E-13
2.470	0.2391E-13
2.565	0.2381E-13
2.662	0.2372E-13
2.764	0.2362E-13
2.869	0.2352E-13
2.978	0.2341E-13
3.092	0.2331E-13
3.209	0.2320E-13
3.332	0.2310E-13
3.458	0.2299E-13
3.590	0.2287E-13
3.727	0.2276E-13
3.869	0.2264E-13
4.016	0.2253E-13
4.169	0.2241E-13
4.328	0.2230E-13
4.493	0.2218E-13
4.664	0.2206E-13
4.841	0.2195E-13
5.026	0.2184E-13
5.217	0.2172E-13
5.416	0.2162E-13
5.622	0.2152E-13
5.836	0.2142E-13
6.059	0.2133E-13
6.289	0.2125E-13
6.529	0.2119E-13
6.778	0.2114E-13
7.036	0.2110E-13
7.304	0.2108E-13
7.582	0.2109E-13
7.871	0.2113E-13
8.170	0.2119E-13
8.482	0.2129E-13
8.805	0.2142E-13
9.140	0.2160E-13
9.488	0.2182E-13
9.849	0.2209E-13
10.22	0.2242E-13
10.61	0.2279E-13
11.02	0.2323E-13
11.44	0.2373E-13
11.87	0.2428E-13
12.33	0.2490E-13
12.80	0.2558E-13
13.28	0.2633E-13
13.79	0.2714E-13
14.31	0.2801E-13
14.86	0.2895E-13
15.42	0.2994E-13
16.01	0.3099E-13
16.62	0.3209E-13
17.25	0.3324E-13
17.91	0.3445E-13
18.59	0.3569E-13
19.30	0.3698E-13
20.04	0.3830E-13
20.80	0.3964E-13
21.59	0.4101E-13
22.42	0.4239E-13
23.27	0.4379E-13
24.16	0.4519E-13
25.08	0.4658E-13
26.03	0.4796E-13
27.02	0.4933E-13
28.05	0.5067E-13
29.12	0.5200E-13
30.23	0.5329E-13
31.38	0.5456E-13
32.57	0.5580E-13
33.82	0.5701E-13
35.10	0.5819E-13
36.44	0.5934E-13
37.83	0.6046E-13
39.27	0.6156E-13
40.76	0.6264E-13
42.32	0.6369E-13
43.93	0.6473E-13
45.60	0.6575E-13
47.34	0.6676E-13
49.14	0.6776E-13
51.01	0.6876E-13
52.96	0.6975E-13
54.97	0.7074E-13
57.07	0.7174E-13
59.24	0.7274E-13
61.50	0.7376E-13
63.84	0.7479E-13
66.27	0.7583E-13
68.79	0.7690E-13
71.41	0.7799E-13
74.13	0.7911E-13
76.96	0.8025E-13
79.89	0.8142E-13
82.93	0.8263E-13
86.09	0.8388E-13
89.37	0.8516E-13
92.77	0.8649E-13
96.31	0.8785E-13
99.97	0.8926E-13
103.8	0.9071E-13
107.7	0.9220E-13
111.8	0.9373E-13
116.1	0.9531E-13
120.5	0.9693E-13
125.1	0.9859E-13
129.9	0.1003E-12
134.8	0.1020E-12
140.0	0.1038E-12
145.3	0.1056E-12
150.8	0.1074E-12
156.6	0.1093E-12
162.5	0.1112E-12
168.7	0.1131E-12
175.1	0.1151E-12
181.8	0.1170E-12
188.7	0.1190E-12
195.9	0.1210E-12
203.4	0.1230E-12
211.1	0.1250E-12
219.2	0.1271E-12
227.5	0.1291E-12
236.2	0.1312E-12
245.2	0.1333E-12
254.5	0.1353E-12
264.2	0.1374E-12
274.3	0.1395E-12
284.7	0.1416E-12
295.6	0.1438E-12
306.8	0.1459E-12
318.5	0.1480E-12
330.6	0.1502E-12
343.2	0.1524E-12
356.3	0.1545E-12
369.9	0.1567E-12
384.0	0.1589E-12
398.6	0.1612E-12
413.8	0.1634E-12
429.5	0.1657E-12
445.9	0.1680E-12
462.9	0.1703E-12
480.5	0.1727E-12
498.8	0.1751E-12
517.8	0.1775E-12
537.5	0.1799E-12
558.0	0.1824E-12
579.2	0.1849E-12
601.3	0.1875E-12
624.2	0.1901E-12
648.0	0.1927E-12
672.6	0.1954E-12
698.3	0.1981E-12
724.9	0.2009E-12
752.5	0.2037E-12
781.1	0.2066E-12
810.9	0.2095E-12
841.8	0.2125E-12
873.8	0.2155E-12
907.1	0.2186E-12
941.6	0.2218E-12
977.5	0.2250E-12
1015.	0.2282E-12
1053.	0.2316E-12
1094.	0.2350E-12
1135.	0.2385E-12
1178.	0.2420E-12
1223.	0.2456E-12
1270.	0.2493E-12
1318.	0.2530E-12
1368.	0.2568E-12
1421.	0.2607E-12
1475.	0.2646E-12
1531.	0.2686E-12
1589.	0.2726E-12
1650.	0.2767E-12
1712.	0.2809E-12
1778.	0.2851E-12
1845.	0.2894E-12
1916.	0.2937E-12
1989.	0.2981E-12
2064.	0.3025E-12
2143.	0.3070E-12
2225.	0.3115E-12
2309.	0.3160E-12
2397.	0.3205E-12
2489.	0.3251E-12
2583.	0.3297E-12
2682.	0.3343E-12
2784.	0.3389E-12
2890.	0.3434E-12
3000.	0.3480E-12
 
 
E/N (Td)	Momentum frequency /N (m3/s)
0.1000E-02	0.2490E-13
0.1038E-02	0.2489E-13
0.1078E-02	0.2489E-13
0.1119E-02	0.2489E-13
0.1161E-02	0.2489E-13
0.1205E-02	0.2489E-13
0.1251E-02	0.2489E-13
0.1299E-02	0.2489E-13
0.1349E-02	0.2489E-13
0.1400E-02	0.2489E-13
0.1453E-02	0.2489E-13
0.1509E-02	0.2489E-13
0.1566E-02	0.2489E-13
0.1626E-02	0.2489E-13
0.1688E-02	0.2489E-13
0.1752E-02	0.2489E-13
0.1819E-02	0.2489E-13
0.1888E-02	0.2489E-13
0.1960E-02	0.2489E-13
0.2034E-02	0.2489E-13
0.2112E-02	0.2489E-13
0.2192E-02	0.2489E-13
0.2276E-02	0.2489E-13
0.2362E-02	0.2489E-13
0.2452E-02	0.2489E-13
0.2546E-02	0.2489E-13
0.2643E-02	0.2489E-13
0.2743E-02	0.2489E-13
0.2848E-02	0.2489E-13
0.2956E-02	0.2489E-13
0.3069E-02	0.2489E-13
0.3186E-02	0.2489E-13
0.3307E-02	0.2489E-13
0.3433E-02	0.2489E-13
0.3564E-02	0.2489E-13
0.3700E-02	0.2489E-13
0.3841E-02	0.2489E-13
0.3987E-02	0.2489E-13
0.4139E-02	0.2489E-13
0.4296E-02	0.2489E-13
0.4460E-02	0.2489E-13
0.4630E-02	0.2489E-13
0.4806E-02	0.2489E-13
0.4989E-02	0.2489E-13
0.5179E-02	0.2489E-13
0.5377E-02	0.2489E-13
0.5581E-02	0.2489E-13
0.5794E-02	0.2489E-13
0.6015E-02	0.2489E-13
0.6244E-02	0.2489E-13
0.6481E-02	0.2489E-13
0.6728E-02	0.2489E-13
0.6985E-02	0.2489E-13
0.7251E-02	0.2489E-13
0.7527E-02	0.2489E-13
0.7813E-02	0.2489E-13
0.8111E-02	0.2489E-13
0.8420E-02	0.2489E-13
0.8741E-02	0.2489E-13
0.9073E-02	0.2489E-13
0.9419E-02	0.2489E-13
0.9778E-02	0.2489E-13
0.1015E-01	0.2489E-13
0.1054E-01	0.2489E-13
0.1094E-01	0.2489E-13
0.1135E-01	0.2489E-13
0.1179E-01	0.2489E-13
0.1224E-01	0.2489E-13
0.1270E-01	0.2489E-13
0.1319E-01	0.2489E-13
0.1369E-01	0.2489E-13
0.1421E-01	0.2489E-13
0.1475E-01	0.2489E-13
0.1531E-01	0.2489E-13
0.1590E-01	0.2489E-13
0.1650E-01	0.2488E-13
0.1713E-01	0.2488E-13
0.1778E-01	0.2488E-13
0.1846E-01	0.2488E-13
0.1916E-01	0.2488E-13
0.1989E-01	0.2488E-13
0.2065E-01	0.2488E-13
0.2144E-01	0.2488E-13
0.2225E-01	0.2488E-13
0.2310E-01	0.2488E-13
0.2398E-01	0.2488E-13
0.2489E-01	0.2488E-13
0.2584E-01	0.2488E-13
0.2682E-01	0.2488E-13
0.2785E-01	0.2488E-13
0.2891E-01	0.2488E-13
0.3001E-01	0.2488E-13
0.3115E-01	0.2487E-13
0.3234E-01	0.2487E-13
0.3357E-01	0.2487E-13
0.3485E-01	0.2487E-13
0.3617E-01	0.2487E-13
0.3755E-01	0.2487E-13
0.3898E-01	0.2487E-13
0.4047E-01	0.2487E-13
0.4201E-01	0.2486E-13
0.4361E-01	0.2486E-13
0.4527E-01	0.2486E-13
0.4699E-01	0.2486E-13
0.4878E-01	0.2486E-13
0.5064E-01	0.2486E-13
0.5257E-01	0.2486E-13
0.5457E-01	0.2485E-13
0.5665E-01	0.2485E-13
0.5881E-01	0.2485E-13
0.6105E-01	0.2485E-13
0.6337E-01	0.2485E-13
0.6579E-01	0.2484E-13
0.6829E-01	0.2484E-13
0.7089E-01	0.2484E-13
0.7359E-01	0.2484E-13
0.7640E-01	0.2484E-13
0.7931E-01	0.2483E-13
0.8233E-01	0.2483E-13
0.8546E-01	0.2483E-13
0.8872E-01	0.2483E-13
0.9210E-01	0.2483E-13
0.9560E-01	0.2482E-13
0.9924E-01	0.2482E-13
0.1030	0.2482E-13
0.1069	0.2481E-13
0.1110	0.2481E-13
0.1152	0.2481E-13
0.1196	0.2480E-13
0.1242	0.2480E-13
0.1289	0.2480E-13
0.1338	0.2479E-13
0.1389	0.2479E-13
0.1442	0.2479E-13
0.1497	0.2478E-13
0.1554	0.2478E-13
0.1613	0.2477E-13
0.1675	0.2477E-13
0.1739	0.2476E-13
0.1805	0.2475E-13
0.1874	0.2475E-13
0.1945	0.2474E-13
0.2019	0.2473E-13
0.2096	0.2473E-13
0.2176	0.2472E-13
0.2259	0.2471E-13
0.2345	0.2470E-13
0.2434	0.2469E-13
0.2527	0.2468E-13
0.2623	0.2467E-13
0.2723	0.2466E-13
0.2826	0.2465E-13
0.2934	0.2463E-13
0.3046	0.2462E-13
0.3162	0.2461E-13
0.3282	0.2459E-13
0.3407	0.2458E-13
0.3537	0.2456E-13
0.3672	0.2454E-13
0.3812	0.2452E-13
0.3957	0.2450E-13
0.4107	0.2448E-13
0.4264	0.2446E-13
0.4426	0.2444E-13
0.4595	0.2441E-13
0.4770	0.2438E-13
0.4952	0.2436E-13
0.5140	0.2433E-13
0.5336	0.2429E-13
0.5539	0.2426E-13
0.5750	0.2422E-13
0.5969	0.2419E-13
0.6196	0.2415E-13
0.6432	0.2410E-13
0.6677	0.2406E-13
0.6932	0.2401E-13
0.7196	0.2396E-13
0.7470	0.2391E-13
0.7754	0.2385E-13
0.8050	0.2379E-13
0.8356	0.2373E-13
0.8674	0.2366E-13
0.9005	0.2359E-13
0.9348	0.2352E-13
0.9704	0.2344E-13
1.007	0.2336E-13
1.046	0.2328E-13
1.086	0.2319E-13
1.127	0.2309E-13
1.170	0.2300E-13
1.214	0.2290E-13
1.261	0.2279E-13
1.309	0.2269E-13
1.358	0.2258E-13
1.410	0.2246E-13
1.464	0.2235E-13
1.520	0.2222E-13
1.578	0.2210E-13
1.638	0.2198E-13
1.700	0.2185E-13
1.765	0.2172E-13
1.832	0.2159E-13
1.902	0.2146E-13
1.974	0.2133E-13
2.049	0.2120E-13
2.127	0.2107E-13
2.208	0.2093E-13
2.293	0.2080E-13
2.380	0.2067E-13
2.470	0.2054E-13
2.565	0.2041E-13
2.662	0.2028E-13
2.764	0.2016E-13
2.869	0.2004E-13
2.978	0.1992E-13
3.092	0.1980E-13
3.209	0.1968E-13
3.332	0.1957E-13
3.458	0.1947E-13
3.590	0.1936E-13
3.727	0.1927E-13
3.869	0.1918E-13
4.016	0.1909E-13
4.169	0.1901E-13
4.328	0.1894E-13
4.493	0.1888E-13
4.664	0.1883E-13
4.841	0.1879E-13
5.026	0.1875E-13
5.217	0.1873E-13
5.416	0.1873E-13
5.622	0.1873E-13
5.836	0.1876E-13
6.059	0.1880E-13
6.289	0.1886E-13
6.529	0.1894E-13
6.778	0.1904E-13
7.036	0.1917E-13
7.304	0.1933E-13
7.582	0.1952E-13
7.871	0.1973E-13
8.170	0.1999E-13
8.482	0.2028E-13
8.805	0.2060E-13
9.140	0.2098E-13
9.488	0.2141E-13
9.849	0.2188E-13
10.22	0.2239E-13
10.61	0.2298E-13
11.02	0.2363E-13
11.44	0.2434E-13
11.87	0.2512E-13
12.33	0.2600E-13
12.80	0.2692E-13
13.28	0.2793E-13
13.79	0.2901E-13
14.31	0.3017E-13
14.86	0.3141E-13
15.42	0.3274E-13
16.01	0.3415E-13
16.62	0.3565E-13
17.25	0.3724E-13
17.91	0.3889E-13
18.59	0.4063E-13
19.30	0.4245E-13
20.04	0.4433E-13
20.80	0.4627E-13
21.59	0.4825E-13
22.42	0.5027E-13
23.27	0.5232E-13
24.16	0.5438E-13
25.08	0.5644E-13
26.03	0.5850E-13
27.02	0.6053E-13
28.05	0.6252E-13
29.12	0.6448E-13
30.23	0.6639E-13
31.38	0.6825E-13
32.57	0.7006E-13
33.82	0.7180E-13
35.10	0.7349E-13
36.44	0.7512E-13
37.83	0.7669E-13
39.27	0.7821E-13
40.76	0.7968E-13
42.32	0.8111E-13
43.93	0.8250E-13
45.60	0.8385E-13
47.34	0.8516E-13
49.14	0.8645E-13
51.01	0.8772E-13
52.96	0.8897E-13
54.97	0.9020E-13
57.07	0.9143E-13
59.24	0.9266E-13
61.50	0.9389E-13
63.84	0.9512E-13
66.27	0.9637E-13
68.79	0.9763E-13
71.41	0.9891E-13
74.13	0.1002E-12
76.96	0.1016E-12
79.89	0.1029E-12
82.93	0.1043E-12
86.09	0.1058E-12
89.37	0.1073E-12
92.77	0.1088E-12
96.31	0.1104E-12
99.97	0.1120E-12
103.8	0.1137E-12
107.7	0.1155E-12
111.8	0.1173E-12
116.1	0.1192E-12
120.5	0.1211E-12
125.1	0.1232E-12
129.9	0.1252E-12
134.8	0.1274E-12
140.0	0.1296E-12
145.3	0.1318E-12
150.8	0.1341E-12
156.6	0.1365E-12
162.5	0.1390E-12
168.7	0.1415E-12
175.1	0.1440E-12
181.8	0.1466E-12
188.7	0.1493E-12
195.9	0.1520E-12
203.4	0.1547E-12
211.1	0.1575E-12
219.2	0.1603E-12
227.5	0.1632E-12
236.2	0.1661E-12
245.2	0.1690E-12
254.5	0.1720E-12
264.2	0.1750E-12
274.3	0.1780E-12
284.7	0.1810E-12
295.6	0.1841E-12
306.8	0.1872E-12
318.5	0.1903E-12
330.6	0.1934E-12
343.2	0.1966E-12
356.3	0.1998E-12
369.9	0.2030E-12
384.0	0.2063E-12
398.6	0.2096E-12
413.8	0.2129E-12
429.5	0.2162E-12
445.9	0.2196E-12
462.9	0.2230E-12
480.5	0.2265E-12
498.8	0.2299E-12
517.8	0.2335E-12
537.5	0.2371E-12
558.0	0.2407E-12
579.2	0.2444E-12
601.3	0.2481E-12
624.2	0.2519E-12
648.0	0.2558E-12
672.6	0.2597E-12
698.3	0.2637E-12
724.9	0.2677E-12
752.5	0.2719E-12
781.1	0.2761E-12
810.9	0.2803E-12
841.8	0.2847E-12
873.8	0.2891E-12
907.1	0.2937E-12
941.6	0.2983E-12
977.5	0.3030E-12
1015.	0.3077E-12
1053.	0.3126E-12
1094.	0.3176E-12
1135.	0.3227E-12
1178.	0.3278E-12
1223.	0.3331E-12
1270.	0.3384E-12
1318.	0.3439E-12
1368.	0.3494E-12
1421.	0.3550E-12
1475.	0.3607E-12
1531.	0.3666E-12
1589.	0.3725E-12
1650.	0.3785E-12
1712.	0.3846E-12
1778.	0.3907E-12
1845.	0.3970E-12
1916.	0.4033E-12
1989.	0.4097E-12
2064.	0.4161E-12
2143.	0.4226E-12
2225.	0.4292E-12
2309.	0.4358E-12
2397.	0.4424E-12
2489.	0.4491E-12
2583.	0.4558E-12
2682.	0.4625E-12
2784.	0.4692E-12
2890.	0.4760E-12
3000.	0.4827E-12
 
 
E/N (Td)	Total ionization freq. /N (m3/s)
0.1000E-02	0.000
0.1038E-02	0.000
0.1078E-02	0.000
0.1119E-02	0.000
0.1161E-02	0.000
0.1205E-02	0.000
0.1251E-02	0.000
0.1299E-02	0.000
0.1349E-02	0.000
0.1400E-02	0.000
0.1453E-02	0.000
0.1509E-02	0.000
0.1566E-02	0.000
0.1626E-02	0.000
0.1688E-02	0.000
0.1752E-02	0.000
0.1819E-02	0.000
0.1888E-02	0.000
0.1960E-02	0.000
0.2034E-02	0.000
0.2112E-02	0.000
0.2192E-02	0.000
0.2276E-02	0.000
0.2362E-02	0.000
0.2452E-02	0.000
0.2546E-02	0.000
0.2643E-02	0.000
0.2743E-02	0.000
0.2848E-02	0.000
0.2956E-02	0.000
0.3069E-02	0.000
0.3186E-02	0.000
0.3307E-02	0.000
0.3433E-02	0.000
0.3564E-02	0.000
0.3700E-02	0.000
0.3841E-02	0.000
0.3987E-02	0.000
0.4139E-02	0.000
0.4296E-02	0.000
0.4460E-02	0.000
0.4630E-02	0.000
0.4806E-02	0.000
0.4989E-02	0.000
0.5179E-02	0.000
0.5377E-02	0.000
0.5581E-02	0.000
0.5794E-02	0.000
0.6015E-02	0.000
0.6244E-02	0.000
0.6481E-02	0.000
0.6728E-02	0.000
0.6985E-02	0.000
0.7251E-02	0.000
0.7527E-02	0.000
0.7813E-02	0.000
0.8111E-02	0.000
0.8420E-02	0.000
0.8741E-02	0.000
0.9073E-02	0.000
0.9419E-02	0.000
0.9778E-02	0.000
0.1015E-01	0.000
0.1054E-01	0.000
0.1094E-01	0.000
0.1135E-01	0.000
0.1179E-01	0.000
0.1224E-01	0.000
0.1270E-01	0.000
0.1319E-01	0.000
0.1369E-01	0.000
0.1421E-01	0.000
0.1475E-01	0.000
0.1531E-01	0.000
0.1590E-01	0.000
0.1650E-01	0.000
0.1713E-01	0.000
0.1778E-01	0.000
0.1846E-01	0.000
0.1916E-01	0.000
0.1989E-01	0.000
0.2065E-01	0.000
0.2144E-01	0.000
0.2225E-01	0.000
0.2310E-01	0.000
0.2398E-01	0.000
0.2489E-01	0.000
0.2584E-01	0.000
0.2682E-01	0.000
0.2785E-01	0.000
0.2891E-01	0.000
0.3001E-01	0.000
0.3115E-01	0.000
0.3234E-01	0.000
0.3357E-01	0.000
0.3485E-01	0.000
0.3617E-01	0.000
0.3755E-01	0.000
0.3898E-01	0.000
0.4047E-01	0.000
0.4201E-01	0.000
0.4361E-01	0.000
0.4527E-01	0.000
0.4699E-01	0.000
0.4878E-01	0.000
0.5064E-01	0.000
0.5257E-01	0.000
0.5457E-01	0.000
0.5665E-01	0.000
0.5881E-01	0.000
0.6105E-01	0.000
0.6337E-01	0.000
0.6579E-01	0.000
0.6829E-01	0.000
0.7089E-01	0.000
0.7359E-01	0.000
0.7640E-01	0.000
0.7931E-01	0.000
0.8233E-01	0.000
0.8546E-01	0.000
0.8872E-01	0.000
0.9210E-01	0.000
0.9560E-01	0.000
0.9924E-01	0.000
0.1030	0.000
0.1069	0.000
0.1110	0.000
0.1152	0.000
0.1196	0.000
0.1242	0.000
0.1289	0.000
0.1338	0.000
0.1389	0.000
0.1442	0.000
0.1497	0.000
0.1554	0.000
0.1613	0.000
0.1675	0.000
0.1739	0.000
0.1805	0.000
0.1874	0.000
0.1945	0.000
0.2019	0.000
0.2096	0.000
0.2176	0.000
0.2259	0.000
0.2345	0.000
0.2434	0.000
0.2527	0.000
0.2623	0.000
0.2723	0.000
0.2826	0.000
0.2934	0.000
0.3046	0.000
0.3162	0.000
0.3282	0.000
0.3407	0.000
0.3537	0.000
0.3672	0.000
0.3812	0.000
0.3957	0.000
0.4107	0.000
0.4264	0.000
0.4426	0.000
0.4595	0.000
0.4770	0.000
0.4952	0.000
0.5140	0.000
0.5336	0.000
0.5539	0.000
0.5750	0.000
0.5969	0.000
0.6196	0.000
0.6432	0.000
0.6677	0.000
0.6932	0.000
0.7196	0.000
0.7470	0.000
0.7754	0.000
0.8050	0.000
0.8356	0.000
0.8674	0.000
0.9005	0.000
0.9348	0.000
0.9704	0.000
1.007	0.000
1.046	0.000
1.086	0.000
1.127	0.000
1.170	0.000
1.214	0.000
1.261	0.000
1.309	0.000
1.358	0.000
1.410	0.000
1.464	0.000
1.520	0.000
1.578	0.000
1.638	0.000
1.700	0.000
1.765	0.000
1.832	0.000
1.902	0.000
1.974	0.000
2.049	0.000
2.127	0.000
2.208	0.000
2.293	0.000
2.380	0.000
2.470	0.000
2.565	0.000
2.662	0.000
2.764	0.000
2.869	0.000
2.978	0.000
3.092	0.000
3.209	0.000
3.332	0.000
3.458	0.000
3.590	0.000
3.727	0.000
3.869	0.000
4.016	0.000
4.169	0.000
4.328	0.000
4.493	0.000
4.664	0.000
4.841	0.000
5.026	0.000
5.217	0.000
5.416	0.000
5.622	0.000
5.836	0.000
6.059	0.000
6.289	0.000
6.529	0.000
6.778	0.000
7.036	0.000
7.304	0.000
7.582	0.000
7.871	0.000
8.170	0.000
8.482	0.000
8.805	0.000
9.140	0.000
9.488	0.000
9.849	0.000
10.22	0.000
10.61	0.000
11.02	0.000
11.44	0.000
11.87	0.000
12.33	0.000
12.80	0.000
13.28	0.000
13.79	0.000
14.31	0.000
14.86	0.000
15.42	0.000
16.01	0.000
16.62	0.000
17.25	0.000
17.91	0.000
18.59	0.000
19.30	0.000
20.04	0.000
20.80	0.000
21.59	0.000
22.42	0.000
23.27	0.000
24.16	0.000
25.08	0.000
26.03	0.1209E-25
27.02	0.3157E-25
28.05	0.7918E-25
29.12	0.1912E-24
30.23	0.4451E-24
31.38	0.1001E-23
32.57	0.2276E-23
33.82	0.4830E-23
35.10	0.9960E-23
36.44	0.1998E-22
37.83	0.3904E-22
39.27	0.7441E-22
40.76	0.1385E-21
42.32	0.2521E-21
43.93	0.4496E-21
45.60	0.7846E-21
47.34	0.1343E-20
49.14	0.2256E-20
51.01	0.3724E-20
52.96	0.6042E-20
54.97	0.9646E-20
57.07	0.1516E-19
59.24	0.2348E-19
61.50	0.3584E-19
63.84	0.5395E-19
66.27	0.8014E-19
68.79	0.1175E-18
71.41	0.1702E-18
74.13	0.2437E-18
76.96	0.3448E-18
79.89	0.4825E-18
82.93	0.6681E-18
86.09	0.9152E-18
89.37	0.1241E-17
92.77	0.1667E-17
96.31	0.2218E-17
99.97	0.2924E-17
103.8	0.3820E-17
107.7	0.4949E-17
111.8	0.6358E-17
116.1	0.8102E-17
120.5	0.1024E-16
125.1	0.1286E-16
129.9	0.1602E-16
134.8	0.1981E-16
140.0	0.2435E-16
145.3	0.2972E-16
150.8	0.3606E-16
156.6	0.4348E-16
162.5	0.5213E-16
168.7	0.6215E-16
175.1	0.7370E-16
181.8	0.8695E-16
188.7	0.1021E-15
195.9	0.1193E-15
203.4	0.1388E-15
211.1	0.1608E-15
219.2	0.1855E-15
227.5	0.2132E-15
236.2	0.2441E-15
245.2	0.2785E-15
254.5	0.3167E-15
264.2	0.3590E-15
274.3	0.4057E-15
284.7	0.4571E-15
295.6	0.5137E-15
306.8	0.5757E-15
318.5	0.6436E-15
330.6	0.7179E-15
343.2	0.7988E-15
356.3	0.8870E-15
369.9	0.9828E-15
384.0	0.1087E-14
398.6	0.1200E-14
413.8	0.1322E-14
429.5	0.1454E-14
445.9	0.1597E-14
462.9	0.1750E-14
480.5	0.1916E-14
498.8	0.2095E-14
517.8	0.2286E-14
537.5	0.2493E-14
558.0	0.2714E-14
579.2	0.2951E-14
601.3	0.3205E-14
624.2	0.3477E-14
648.0	0.3768E-14
672.6	0.4079E-14
698.3	0.4411E-14
724.9	0.4766E-14
752.5	0.5144E-14
781.1	0.5547E-14
810.9	0.5976E-14
841.8	0.6433E-14
873.8	0.6919E-14
907.1	0.7436E-14
941.6	0.7986E-14
977.5	0.8570E-14
1015.	0.9190E-14
1053.	0.9848E-14
1094.	0.1055E-13
1135.	0.1129E-13
1178.	0.1207E-13
1223.	0.1290E-13
1270.	0.1378E-13
1318.	0.1471E-13
1368.	0.1569E-13
1421.	0.1674E-13
1475.	0.1783E-13
1531.	0.1899E-13
1589.	0.2022E-13
1650.	0.2151E-13
1712.	0.2287E-13
1778.	0.2430E-13
1845.	0.2580E-13
1916.	0.2738E-13
1989.	0.2905E-13
2064.	0.3079E-13
2143.	0.3262E-13
2225.	0.3454E-13
2309.	0.3654E-13
2397.	0.3864E-13
2489.	0.4083E-13
2583.	0.4311E-13
2682.	0.4549E-13
2784.	0.4797E-13
2890.	0.5055E-13
3000.	0.5323E-13
 
 
E/N (Td)	Total attachment freq. /N (m3/s)
0.1000E-02	0.1287E-23
0.1038E-02	0.1287E-23
0.1078E-02	0.1287E-23
0.1119E-02	0.1287E-23
0.1161E-02	0.1287E-23
0.1205E-02	0.1287E-23
0.1251E-02	0.1287E-23
0.1299E-02	0.1287E-23
0.1349E-02	0.1287E-23
0.1400E-02	0.1287E-23
0.1453E-02	0.1287E-23
0.1509E-02	0.1287E-23
0.1566E-02	0.1287E-23
0.1626E-02	0.1287E-23
0.1688E-02	0.1287E-23
0.1752E-02	0.1287E-23
0.1819E-02	0.1287E-23
0.1888E-02	0.1287E-23
0.1960E-02	0.1287E-23
0.2034E-02	0.1287E-23
0.2112E-02	0.1287E-23
0.2192E-02	0.1287E-23
0.2276E-02	0.1287E-23
0.2362E-02	0.1287E-23
0.2452E-02	0.1287E-23
0.2546E-02	0.1287E-23
0.2643E-02	0.1287E-23
0.2743E-02	0.1287E-23
0.2848E-02	0.1287E-23
0.2956E-02	0.1287E-23
0.3069E-02	0.1287E-23
0.3186E-02	0.1287E-23
0.3307E-02	0.1287E-23
0.3433E-02	0.1287E-23
0.3564E-02	0.1287E-23
0.3700E-02	0.1287E-23
0.3841E-02	0.1287E-23
0.3987E-02	0.1287E-23
0.4139E-02	0.1287E-23
0.4296E-02	0.1287E-23
0.4460E-02	0.1287E-23
0.4630E-02	0.1287E-23
0.4806E-02	0.1287E-23
0.4989E-02	0.1287E-23
0.5179E-02	0.1287E-23
0.5377E-02	0.1287E-23
0.5581E-02	0.1287E-23
0.5794E-02	0.1287E-23
0.6015E-02	0.1287E-23
0.6244E-02	0.1287E-23
0.6481E-02	0.1287E-23
0.6728E-02	0.1287E-23
0.6985E-02	0.1287E-23
0.7251E-02	0.1287E-23
0.7527E-02	0.1288E-23
0.7813E-02	0.1288E-23
0.8111E-02	0.1288E-23
0.8420E-02	0.1288E-23
0.8741E-02	0.1288E-23
0.9073E-02	0.1288E-23
0.9419E-02	0.1288E-23
0.9778E-02	0.1288E-23
0.1015E-01	0.1288E-23
0.1054E-01	0.1288E-23
0.1094E-01	0.1288E-23
0.1135E-01	0.1288E-23
0.1179E-01	0.1289E-23
0.1224E-01	0.1289E-23
0.1270E-01	0.1289E-23
0.1319E-01	0.1289E-23
0.1369E-01	0.1289E-23
0.1421E-01	0.1289E-23
0.1475E-01	0.1289E-23
0.1531E-01	0.1290E-23
0.1590E-01	0.1290E-23
0.1650E-01	0.1290E-23
0.1713E-01	0.1290E-23
0.1778E-01	0.1291E-23
0.1846E-01	0.1291E-23
0.1916E-01	0.1291E-23
0.1989E-01	0.1292E-23
0.2065E-01	0.1292E-23
0.2144E-01	0.1292E-23
0.2225E-01	0.1293E-23
0.2310E-01	0.1293E-23
0.2398E-01	0.1294E-23
0.2489E-01	0.1294E-23
0.2584E-01	0.1295E-23
0.2682E-01	0.1295E-23
0.2785E-01	0.1296E-23
0.2891E-01	0.1296E-23
0.3001E-01	0.1297E-23
0.3115E-01	0.1298E-23
0.3234E-01	0.1299E-23
0.3357E-01	0.1299E-23
0.3485E-01	0.1300E-23
0.3617E-01	0.1301E-23
0.3755E-01	0.1302E-23
0.3898E-01	0.1303E-23
0.4047E-01	0.1304E-23
0.4201E-01	0.1305E-23
0.4361E-01	0.1306E-23
0.4527E-01	0.1308E-23
0.4699E-01	0.1309E-23
0.4878E-01	0.1310E-23
0.5064E-01	0.1312E-23
0.5257E-01	0.1313E-23
0.5457E-01	0.1315E-23
0.5665E-01	0.1317E-23
0.5881E-01	0.1318E-23
0.6105E-01	0.1320E-23
0.6337E-01	0.1322E-23
0.6579E-01	0.1324E-23
0.6829E-01	0.1326E-23
0.7089E-01	0.1328E-23
0.7359E-01	0.1331E-23
0.7640E-01	0.1333E-23
0.7931E-01	0.1336E-23
0.8233E-01	0.1338E-23
0.8546E-01	0.1341E-23
0.8872E-01	0.1344E-23
0.9210E-01	0.1347E-23
0.9560E-01	0.1351E-23
0.9924E-01	0.1354E-23
0.1030	0.1358E-23
0.1069	0.1361E-23
0.1110	0.1366E-23
0.1152	0.1370E-23
0.1196	0.1375E-23
0.1242	0.1379E-23
0.1289	0.1385E-23
0.1338	0.1390E-23
0.1389	0.1396E-23
0.1442	0.1403E-23
0.1497	0.1409E-23
0.1554	0.1417E-23
0.1613	0.1425E-23
0.1675	0.1433E-23
0.1739	0.1442E-23
0.1805	0.1452E-23
0.1874	0.1462E-23
0.1945	0.1473E-23
0.2019	0.1486E-23
0.2096	0.1499E-23
0.2176	0.1513E-23
0.2259	0.1528E-23
0.2345	0.1545E-23
0.2434	0.1563E-23
0.2527	0.1582E-23
0.2623	0.1603E-23
0.2723	0.1626E-23
0.2826	0.1651E-23
0.2934	0.1678E-23
0.3046	0.1708E-23
0.3162	0.1740E-23
0.3282	0.1775E-23
0.3407	0.1814E-23
0.3537	0.1856E-23
0.3672	0.1902E-23
0.3812	0.1953E-23
0.3957	0.2010E-23
0.4107	0.2072E-23
0.4264	0.2140E-23
0.4426	0.2216E-23
0.4595	0.2300E-23
0.4770	0.2394E-23
0.4952	0.2499E-23
0.5140	0.2616E-23
0.5336	0.2747E-23
0.5539	0.2895E-23
0.5750	0.3062E-23
0.5969	0.3252E-23
0.6196	0.3469E-23
0.6432	0.3718E-23
0.6677	0.4005E-23
0.6932	0.4339E-23
0.7196	0.4731E-23
0.7470	0.5194E-23
0.7754	0.5747E-23
0.8050	0.6414E-23
0.8356	0.7227E-23
0.8674	0.8230E-23
0.9005	0.9479E-23
0.9348	0.1105E-22
0.9704	0.1305E-22
1.007	0.1562E-22
1.046	0.1894E-22
1.086	0.2325E-22
1.127	0.2890E-22
1.170	0.3629E-22
1.214	0.4599E-22
1.261	0.5872E-22
1.309	0.7542E-22
1.358	0.9731E-22
1.410	0.1259E-21
1.464	0.1631E-21
1.520	0.2116E-21
1.578	0.2739E-21
1.638	0.3541E-21
1.700	0.4566E-21
1.765	0.5871E-21
1.832	0.7523E-21
1.902	0.9603E-21
1.974	0.1221E-20
2.049	0.1546E-20
2.127	0.1949E-20
2.208	0.2446E-20
2.293	0.3056E-20
2.380	0.3805E-20
2.470	0.4713E-20
2.565	0.5813E-20
2.662	0.7139E-20
2.764	0.8732E-20
2.869	0.1064E-19
2.978	0.1291E-19
3.092	0.1561E-19
3.209	0.1880E-19
3.332	0.2257E-19
3.458	0.2699E-19
3.590	0.3218E-19
3.727	0.3822E-19
3.869	0.4526E-19
4.016	0.5343E-19
4.169	0.6289E-19
4.328	0.7379E-19
4.493	0.8635E-19
4.664	0.1007E-18
4.841	0.1172E-18
5.026	0.1360E-18
5.217	0.1573E-18
5.416	0.1815E-18
5.622	0.2089E-18
5.836	0.2398E-18
6.059	0.2747E-18
6.289	0.3137E-18
6.529	0.3573E-18
6.778	0.4060E-18
7.036	0.4603E-18
7.304	0.5204E-18
7.582	0.5870E-18
7.871	0.6610E-18
8.170	0.7421E-18
8.482	0.8314E-18
8.805	0.9298E-18
9.140	0.1037E-17
9.488	0.1154E-17
9.849	0.1282E-17
10.22	0.1423E-17
10.61	0.1573E-17
11.02	0.1737E-17
11.44	0.1913E-17
11.87	0.2103E-17
12.33	0.2305E-17
12.80	0.2523E-17
13.28	0.2756E-17
13.79	0.3004E-17
14.31	0.3266E-17
14.86	0.3544E-17
15.42	0.3834E-17
16.01	0.4137E-17
16.62	0.4451E-17
17.25	0.4774E-17
17.91	0.5107E-17
18.59	0.5444E-17
19.30	0.5784E-17
20.04	0.6124E-17
20.80	0.6461E-17
21.59	0.6793E-17
22.42	0.7117E-17
23.27	0.7430E-17
24.16	0.7730E-17
25.08	0.8014E-17
26.03	0.8281E-17
27.02	0.8530E-17
28.05	0.8760E-17
29.12	0.8970E-17
30.23	0.9161E-17
31.38	0.9332E-17
32.57	0.9484E-17
33.82	0.9617E-17
35.10	0.9733E-17
36.44	0.9832E-17
37.83	0.9915E-17
39.27	0.9982E-17
40.76	0.1004E-16
42.32	0.1008E-16
43.93	0.1010E-16
45.60	0.1012E-16
47.34	0.1012E-16
49.14	0.1012E-16
51.01	0.1011E-16
52.96	0.1008E-16
54.97	0.1005E-16
57.07	0.1001E-16
59.24	0.9966E-17
61.50	0.9913E-17
63.84	0.9855E-17
66.27	0.9791E-17
68.79	0.9722E-17
71.41	0.9649E-17
74.13	0.9572E-17
76.96	0.9492E-17
79.89	0.9408E-17
82.93	0.9323E-17
86.09	0.9235E-17
89.37	0.9147E-17
92.77	0.9057E-17
96.31	0.8967E-17
99.97	0.8877E-17
103.8	0.8787E-17
107.7	0.8698E-17
111.8	0.8610E-17
116.1	0.8524E-17
120.5	0.8439E-17
125.1	0.8356E-17
129.9	0.8276E-17
134.8	0.8197E-17
140.0	0.8121E-17
145.3	0.8047E-17
150.8	0.7975E-17
156.6	0.7906E-17
162.5	0.7838E-17
168.7	0.7773E-17
175.1	0.7710E-17
181.8	0.7649E-17
188.7	0.7589E-17
195.9	0.7531E-17
203.4	0.7474E-17
211.1	0.7418E-17
219.2	0.7362E-17
227.5	0.7308E-17
236.2	0.7253E-17
245.2	0.7199E-17
254.5	0.7145E-17
264.2	0.7091E-17
274.3	0.7036E-17
284.7	0.6980E-17
295.6	0.6924E-17
306.8	0.6867E-17
318.5	0.6809E-17
330.6	0.6750E-17
343.2	0.6690E-17
356.3	0.6629E-17
369.9	0.6566E-17
384.0	0.6502E-17
398.6	0.6437E-17
413.8	0.6370E-17
429.5	0.6302E-17
445.9	0.6233E-17
462.9	0.6162E-17
480.5	0.6090E-17
498.8	0.6017E-17
517.8	0.5942E-17
537.5	0.5866E-17
558.0	0.5789E-17
579.2	0.5710E-17
601.3	0.5630E-17
624.2	0.5549E-17
648.0	0.5467E-17
672.6	0.5384E-17
698.3	0.5300E-17
724.9	0.5215E-17
752.5	0.5130E-17
781.1	0.5043E-17
810.9	0.4955E-17
841.8	0.4867E-17
873.8	0.4778E-17
907.1	0.4688E-17
941.6	0.4598E-17
977.5	0.4507E-17
1015.	0.4416E-17
1053.	0.4324E-17
1094.	0.4232E-17
1135.	0.4140E-17
1178.	0.4047E-17
1223.	0.3955E-17
1270.	0.3862E-17
1318.	0.3769E-17
1368.	0.3676E-17
1421.	0.3583E-17
1475.	0.3491E-17
1531.	0.3399E-17
1589.	0.3307E-17
1650.	0.3216E-17
1712.	0.3125E-17
1778.	0.3035E-17
1845.	0.2945E-17
1916.	0.2856E-17
1989.	0.2768E-17
2064.	0.2681E-17
2143.	0.2595E-17
2225.	0.2510E-17
2309.	0.2426E-17
2397.	0.2343E-17
2489.	0.2262E-17
2583.	0.2181E-17
2682.	0.2103E-17
2784.	0.2025E-17
2890.	0.1949E-17
3000.	0.1875E-17
 
 
E/N (Td)	Townsend ioniz. coef. alpha/N (m2)
0.1000E-02	0.000
0.1038E-02	0.000
0.1078E-02	0.000
0.1119E-02	0.000
0.1161E-02	0.000
0.1205E-02	0.000
0.1251E-02	0.000
0.1299E-02	0.000
0.1349E-02	0.000
0.1400E-02	0.000
0.1453E-02	0.000
0.1509E-02	0.000
0.1566E-02	0.000
0.1626E-02	0.000
0.1688E-02	0.000
0.1752E-02	0.000
0.1819E-02	0.000
0.1888E-02	0.000
0.1960E-02	0.000
0.2034E-02	0.000
0.2112E-02	0.000
0.2192E-02	0.000
0.2276E-02	0.000
0.2362E-02	0.000
0.2452E-02	0.000
0.2546E-02	0.000
0.2643E-02	0.000
0.2743E-02	0.000
0.2848E-02	0.000
0.2956E-02	0.000
0.3069E-02	0.000
0.3186E-02	0.000
0.3307E-02	0.000
0.3433E-02	0.000
0.3564E-02	0.000
0.3700E-02	0.000
0.3841E-02	0.000
0.3987E-02	0.000
0.4139E-02	0.000
0.4296E-02	0.000
0.4460E-02	0.000
0.4630E-02	0.000
0.4806E-02	0.000
0.4989E-02	0.000
0.5179E-02	0.000
0.5377E-02	0.000
0.5581E-02	0.000
0.5794E-02	0.000
0.6015E-02	0.000
0.6244E-02	0.000
0.6481E-02	0.000
0.6728E-02	0.000
0.6985E-02	0.000
0.7251E-02	0.000
0.7527E-02	0.000
0.7813E-02	0.000
0.8111E-02	0.000
0.8420E-02	0.000
0.8741E-02	0.000
0.9073E-02	0.000
0.9419E-02	0.000
0.9778E-02	0.000
0.1015E-01	0.000
0.1054E-01	0.000
0.1094E-01	0.000
0.1135E-01	0.000
0.1179E-01	0.000
0.1224E-01	0.000
0.1270E-01	0.000
0.1319E-01	0.000
0.1369E-01	0.000
0.1421E-01	0.000
0.1475E-01	0.000
0.1531E-01	0.000
0.1590E-01	0.000
0.1650E-01	0.000
0.1713E-01	0.000
0.1778E-01	0.000
0.1846E-01	0.000
0.1916E-01	0.000
0.1989E-01	0.000
0.2065E-01	0.000
0.2144E-01	0.000
0.2225E-01	0.000
0.2310E-01	0.000
0.2398E-01	0.000
0.2489E-01	0.000
0.2584E-01	0.000
0.2682E-01	0.000
0.2785E-01	0.000
0.2891E-01	0.000
0.3001E-01	0.000
0.3115E-01	0.000
0.3234E-01	0.000
0.3357E-01	0.000
0.3485E-01	0.000
0.3617E-01	0.000
0.3755E-01	0.000
0.3898E-01	0.000
0.4047E-01	0.000
0.4201E-01	0.000
0.4361E-01	0.000
0.4527E-01	0.000
0.4699E-01	0.000
0.4878E-01	0.000
0.5064E-01	0.000
0.5257E-01	0.000
0.5457E-01	0.000
0.5665E-01	0.000
0.5881E-01	0.000
0.6105E-01	0.000
0.6337E-01	0.000
0.6579E-01	0.000
0.6829E-01	0.000
0.7089E-01	0.000
0.7359E-01	0.000
0.7640E-01	0.000
0.7931E-01	0.000
0.8233E-01	0.000
0.8546E-01	0.000
0.8872E-01	0.000
0.9210E-01	0.000
0.9560E-01	0.000
0.9924E-01	0.000
0.1030	0.000
0.1069	0.000
0.1110	0.000
0.1152	0.000
0.1196	0.000
0.1242	0.000
0.1289	0.000
0.1338	0.000
0.1389	0.000
0.1442	0.000
0.1497	0.000
0.1554	0.000
0.1613	0.000
0.1675	0.000
0.1739	0.000
0.1805	0.000
0.1874	0.000
0.1945	0.000
0.2019	0.000
0.2096	0.000
0.2176	0.000
0.2259	0.000
0.2345	0.000
0.2434	0.000
0.2527	0.000
0.2623	0.000
0.2723	0.000
0.2826	0.000
0.2934	0.000
0.3046	0.000
0.3162	0.000
0.3282	0.000
0.3407	0.000
0.3537	0.000
0.3672	0.000
0.3812	0.000
0.3957	0.000
0.4107	0.000
0.4264	0.000
0.4426	0.000
0.4595	0.000
0.4770	0.000
0.4952	0.000
0.5140	0.000
0.5336	0.000
0.5539	0.000
0.5750	0.000
0.5969	0.000
0.6196	0.000
0.6432	0.000
0.6677	0.000
0.6932	0.000
0.7196	0.000
0.7470	0.000
0.7754	0.000
0.8050	0.000
0.8356	0.000
0.8674	0.000
0.9005	0.000
0.9348	0.000
0.9704	0.000
1.007	0.000
1.046	0.000
1.086	0.000
1.127	0.000
1.170	0.000
1.214	0.000
1.261	0.000
1.309	0.000
1.358	0.000
1.410	0.000
1.464	0.000
1.520	0.000
1.578	0.000
1.638	0.000
1.700	0.000
1.765	0.000
1.832	0.000
1.902	0.000
1.974	0.000
2.049	0.000
2.127	0.000
2.208	0.000
2.293	0.000
2.380	0.000
2.470	0.000
2.565	0.000
2.662	0.000
2.764	0.000
2.869	0.000
2.978	0.000
3.092	0.000
3.209	0.000
3.332	0.000
3.458	0.000
3.590	0.000
3.727	0.000
3.869	0.000
4.016	0.000
4.169	0.000
4.328	0.000
4.493	0.000
4.664	0.000
4.841	0.000
5.026	0.000
5.217	0.000
5.416	0.000
5.622	0.000
5.836	0.000
6.059	0.000
6.289	0.000
6.529	0.000
6.778	0.000
7.036	0.000
7.304	0.000
7.582	0.000
7.871	0.000
8.170	0.000
8.482	0.000
8.805	0.000
9.140	0.000
9.488	0.000
9.849	0.000
10.22	0.000
10.61	0.000
11.02	0.000
11.44	0.000
11.87	0.000
12.33	0.000
12.80	0.000
13.28	0.000
13.79	0.000
14.31	0.000
14.86	0.000
15.42	0.000
16.01	0.000
16.62	0.000
17.25	0.000
17.91	0.000
18.59	0.000
19.30	0.000
20.04	0.000
20.80	0.000
21.59	0.000
22.42	0.000
23.27	0.000
24.16	0.000
25.08	0.000
26.03	0.1545E-30
27.02	0.4021E-30
28.05	0.1003E-29
29.12	0.2407E-29
30.23	0.5558E-29
31.38	0.1238E-28
32.57	0.2783E-28
33.82	0.5831E-28
35.10	0.1186E-27
36.44	0.2342E-27
37.83	0.4500E-27
39.27	0.8427E-27
40.76	0.1539E-26
42.32	0.2747E-26
43.93	0.4800E-26
45.60	0.8202E-26
47.34	0.1374E-25
49.14	0.2257E-25
51.01	0.3640E-25
52.96	0.5771E-25
54.97	0.8999E-25
57.07	0.1381E-24
59.24	0.2088E-24
61.50	0.3111E-24
63.84	0.4571E-24
66.27	0.6626E-24
68.79	0.9483E-24
71.41	0.1341E-23
74.13	0.1873E-23
76.96	0.2587E-23
79.89	0.3534E-23
82.93	0.4778E-23
86.09	0.6393E-23
89.37	0.8470E-23
92.77	0.1112E-22
96.31	0.1445E-22
99.97	0.1863E-22
103.8	0.2380E-22
107.7	0.3016E-22
111.8	0.3792E-22
116.1	0.4729E-22
120.5	0.5855E-22
125.1	0.7195E-22
129.9	0.8780E-22
134.8	0.1064E-21
140.0	0.1282E-21
145.3	0.1533E-21
150.8	0.1824E-21
156.6	0.2156E-21
162.5	0.2534E-21
168.7	0.2963E-21
175.1	0.3446E-21
181.8	0.3987E-21
188.7	0.4591E-21
195.9	0.5262E-21
203.4	0.6003E-21
211.1	0.6820E-21
219.2	0.7716E-21
227.5	0.8694E-21
236.2	0.9760E-21
245.2	0.1092E-20
254.5	0.1217E-20
264.2	0.1352E-20
274.3	0.1497E-20
284.7	0.1652E-20
295.6	0.1819E-20
306.8	0.1997E-20
318.5	0.2186E-20
330.6	0.2388E-20
343.2	0.2602E-20
356.3	0.2828E-20
369.9	0.3067E-20
384.0	0.3320E-20
398.6	0.3586E-20
413.8	0.3866E-20
429.5	0.4161E-20
445.9	0.4470E-20
462.9	0.4795E-20
480.5	0.5134E-20
498.8	0.5490E-20
517.8	0.5862E-20
537.5	0.6251E-20
558.0	0.6656E-20
579.2	0.7079E-20
601.3	0.7520E-20
624.2	0.7979E-20
648.0	0.8457E-20
672.6	0.8954E-20
698.3	0.9471E-20
724.9	0.1001E-19
752.5	0.1057E-19
781.1	0.1115E-19
810.9	0.1175E-19
841.8	0.1237E-19
873.8	0.1302E-19
907.1	0.1369E-19
941.6	0.1438E-19
977.5	0.1510E-19
1015.	0.1585E-19
1053.	0.1662E-19
1094.	0.1741E-19
1135.	0.1824E-19
1178.	0.1909E-19
1223.	0.1997E-19
1270.	0.2088E-19
1318.	0.2182E-19
1368.	0.2278E-19
1421.	0.2378E-19
1475.	0.2480E-19
1531.	0.2586E-19
1589.	0.2694E-19
1650.	0.2805E-19
1712.	0.2920E-19
1778.	0.3036E-19
1845.	0.3156E-19
1916.	0.3278E-19
1989.	0.3402E-19
2064.	0.3529E-19
2143.	0.3658E-19
2225.	0.3788E-19
2309.	0.3921E-19
2397.	0.4054E-19
2489.	0.4189E-19
2583.	0.4325E-19
2682.	0.4461E-19
2784.	0.4597E-19
2890.	0.4733E-19
3000.	0.4869E-19
 
 
E/N (Td)	Townsend attach. coef. eta/N (m2)
0.1000E-02	0.1822E-24
0.1038E-02	0.1754E-24
0.1078E-02	0.1690E-24
0.1119E-02	0.1628E-24
0.1161E-02	0.1568E-24
0.1205E-02	0.1511E-24
0.1251E-02	0.1455E-24
0.1299E-02	0.1402E-24
0.1349E-02	0.1350E-24
0.1400E-02	0.1301E-24
0.1453E-02	0.1253E-24
0.1509E-02	0.1207E-24
0.1566E-02	0.1163E-24
0.1626E-02	0.1120E-24
0.1688E-02	0.1079E-24
0.1752E-02	0.1039E-24
0.1819E-02	0.1001E-24
0.1888E-02	0.9646E-25
0.1960E-02	0.9292E-25
0.2034E-02	0.8951E-25
0.2112E-02	0.8623E-25
0.2192E-02	0.8307E-25
0.2276E-02	0.8002E-25
0.2362E-02	0.7708E-25
0.2452E-02	0.7426E-25
0.2546E-02	0.7153E-25
0.2643E-02	0.6891E-25
0.2743E-02	0.6638E-25
0.2848E-02	0.6394E-25
0.2956E-02	0.6160E-25
0.3069E-02	0.5934E-25
0.3186E-02	0.5716E-25
0.3307E-02	0.5507E-25
0.3433E-02	0.5305E-25
0.3564E-02	0.5110E-25
0.3700E-02	0.4923E-25
0.3841E-02	0.4742E-25
0.3987E-02	0.4568E-25
0.4139E-02	0.4401E-25
0.4296E-02	0.4239E-25
0.4460E-02	0.4084E-25
0.4630E-02	0.3934E-25
0.4806E-02	0.3790E-25
0.4989E-02	0.3651E-25
0.5179E-02	0.3517E-25
0.5377E-02	0.3388E-25
0.5581E-02	0.3264E-25
0.5794E-02	0.3144E-25
0.6015E-02	0.3029E-25
0.6244E-02	0.2918E-25
0.6481E-02	0.2811E-25
0.6728E-02	0.2708E-25
0.6985E-02	0.2608E-25
0.7251E-02	0.2513E-25
0.7527E-02	0.2421E-25
0.7813E-02	0.2332E-25
0.8111E-02	0.2246E-25
0.8420E-02	0.2164E-25
0.8741E-02	0.2085E-25
0.9073E-02	0.2008E-25
0.9419E-02	0.1935E-25
0.9778E-02	0.1864E-25
0.1015E-01	0.1796E-25
0.1054E-01	0.1730E-25
0.1094E-01	0.1667E-25
0.1135E-01	0.1606E-25
0.1179E-01	0.1547E-25
0.1224E-01	0.1490E-25
0.1270E-01	0.1436E-25
0.1319E-01	0.1383E-25
0.1369E-01	0.1333E-25
0.1421E-01	0.1284E-25
0.1475E-01	0.1237E-25
0.1531E-01	0.1192E-25
0.1590E-01	0.1148E-25
0.1650E-01	0.1106E-25
0.1713E-01	0.1066E-25
0.1778E-01	0.1027E-25
0.1846E-01	0.9894E-26
0.1916E-01	0.9534E-26
0.1989E-01	0.9186E-26
0.2065E-01	0.8851E-26
0.2144E-01	0.8529E-26
0.2225E-01	0.8218E-26
0.2310E-01	0.7919E-26
0.2398E-01	0.7631E-26
0.2489E-01	0.7354E-26
0.2584E-01	0.7087E-26
0.2682E-01	0.6829E-26
0.2785E-01	0.6582E-26
0.2891E-01	0.6343E-26
0.3001E-01	0.6113E-26
0.3115E-01	0.5892E-26
0.3234E-01	0.5679E-26
0.3357E-01	0.5474E-26
0.3485E-01	0.5276E-26
0.3617E-01	0.5086E-26
0.3755E-01	0.4903E-26
0.3898E-01	0.4726E-26
0.4047E-01	0.4556E-26
0.4201E-01	0.4393E-26
0.4361E-01	0.4235E-26
0.4527E-01	0.4083E-26
0.4699E-01	0.3937E-26
0.4878E-01	0.3797E-26
0.5064E-01	0.3661E-26
0.5257E-01	0.3531E-26
0.5457E-01	0.3405E-26
0.5665E-01	0.3284E-26
0.5881E-01	0.3168E-26
0.6105E-01	0.3055E-26
0.6337E-01	0.2947E-26
0.6579E-01	0.2843E-26
0.6829E-01	0.2743E-26
0.7089E-01	0.2647E-26
0.7359E-01	0.2554E-26
0.7640E-01	0.2464E-26
0.7931E-01	0.2378E-26
0.8233E-01	0.2295E-26
0.8546E-01	0.2216E-26
0.8872E-01	0.2139E-26
0.9210E-01	0.2065E-26
0.9560E-01	0.1994E-26
0.9924E-01	0.1925E-26
0.1030	0.1859E-26
0.1069	0.1796E-26
0.1110	0.1735E-26
0.1152	0.1677E-26
0.1196	0.1620E-26
0.1242	0.1566E-26
0.1289	0.1514E-26
0.1338	0.1464E-26
0.1389	0.1416E-26
0.1442	0.1370E-26
0.1497	0.1326E-26
0.1554	0.1284E-26
0.1613	0.1244E-26
0.1675	0.1205E-26
0.1739	0.1168E-26
0.1805	0.1132E-26
0.1874	0.1098E-26
0.1945	0.1066E-26
0.2019	0.1035E-26
0.2096	0.1005E-26
0.2176	0.9772E-27
0.2259	0.9505E-27
0.2345	0.9252E-27
0.2434	0.9013E-27
0.2527	0.8786E-27
0.2623	0.8573E-27
0.2723	0.8373E-27
0.2826	0.8185E-27
0.2934	0.8010E-27
0.3046	0.7848E-27
0.3162	0.7698E-27
0.3282	0.7562E-27
0.3407	0.7438E-27
0.3537	0.7327E-27
0.3672	0.7229E-27
0.3812	0.7145E-27
0.3957	0.7075E-27
0.4107	0.7020E-27
0.4264	0.6980E-27
0.4426	0.6955E-27
0.4595	0.6948E-27
0.4770	0.6958E-27
0.4952	0.6988E-27
0.5140	0.7038E-27
0.5336	0.7111E-27
0.5539	0.7209E-27
0.5750	0.7335E-27
0.5969	0.7493E-27
0.6196	0.7687E-27
0.6432	0.7922E-27
0.6677	0.8205E-27
0.6932	0.8547E-27
0.7196	0.8957E-27
0.7470	0.9452E-27
0.7754	0.1005E-26
0.8050	0.1078E-26
0.8356	0.1167E-26
0.8674	0.1276E-26
0.9005	0.1412E-26
0.9348	0.1581E-26
0.9704	0.1793E-26
1.007	0.2060E-26
1.046	0.2397E-26
1.086	0.2824E-26
1.127	0.3368E-26
1.170	0.4056E-26
1.214	0.4930E-26
1.261	0.6037E-26
1.309	0.7435E-26
1.358	0.9195E-26
1.410	0.1140E-25
1.464	0.1416E-25
1.520	0.1759E-25
1.578	0.2182E-25
1.638	0.2702E-25
1.700	0.3337E-25
1.765	0.4109E-25
1.832	0.5041E-25
1.902	0.6162E-25
1.974	0.7503E-25
2.049	0.9093E-25
2.127	0.1097E-24
2.208	0.1318E-24
2.293	0.1577E-24
2.380	0.1879E-24
2.470	0.2228E-24
2.565	0.2630E-24
2.662	0.3093E-24
2.764	0.3622E-24
2.869	0.4224E-24
2.978	0.4910E-24
3.092	0.5684E-24
3.209	0.6557E-24
3.332	0.7538E-24
3.458	0.8638E-24
3.590	0.9867E-24
3.727	0.1124E-23
3.869	0.1276E-23
4.016	0.1444E-23
4.169	0.1631E-23
4.328	0.1836E-23
4.493	0.2063E-23
4.664	0.2312E-23
4.841	0.2585E-23
5.026	0.2884E-23
5.217	0.3211E-23
5.416	0.3569E-23
5.622	0.3958E-23
5.836	0.4382E-23
6.059	0.4845E-23
6.289	0.5347E-23
6.529	0.5893E-23
6.778	0.6486E-23
7.036	0.7131E-23
7.304	0.7831E-23
7.582	0.8592E-23
7.871	0.9422E-23
8.170	0.1032E-22
8.482	0.1130E-22
8.805	0.1237E-22
9.140	0.1353E-22
9.488	0.1480E-22
9.849	0.1619E-22
10.22	0.1771E-22
10.61	0.1937E-22
11.02	0.2118E-22
11.44	0.2315E-22
11.87	0.2530E-22
12.33	0.2764E-22
12.80	0.3019E-22
13.28	0.3295E-22
13.79	0.3593E-22
14.31	0.3914E-22
14.86	0.4259E-22
15.42	0.4627E-22
16.01	0.5017E-22
16.62	0.5427E-22
17.25	0.5858E-22
17.91	0.6305E-22
18.59	0.6764E-22
19.30	0.7232E-22
20.04	0.7703E-22
20.80	0.8171E-22
21.59	0.8631E-22
22.42	0.9076E-22
23.27	0.9499E-22
24.16	0.9894E-22
25.08	0.1026E-21
26.03	0.1058E-21
27.02	0.1086E-21
28.05	0.1110E-21
29.12	0.1129E-21
30.23	0.1144E-21
31.38	0.1154E-21
32.57	0.1160E-21
33.82	0.1161E-21
35.10	0.1158E-21
36.44	0.1152E-21
37.83	0.1143E-21
39.27	0.1130E-21
40.76	0.1115E-21
42.32	0.1098E-21
43.93	0.1079E-21
45.60	0.1058E-21
47.34	0.1036E-21
49.14	0.1012E-21
51.01	0.9879E-22
52.96	0.9630E-22
54.97	0.9377E-22
57.07	0.9120E-22
59.24	0.8863E-22
61.50	0.8605E-22
63.84	0.8349E-22
66.27	0.8095E-22
68.79	0.7844E-22
71.41	0.7598E-22
74.13	0.7357E-22
76.96	0.7121E-22
79.89	0.6891E-22
82.93	0.6668E-22
86.09	0.6451E-22
89.37	0.6242E-22
92.77	0.6039E-22
96.31	0.5844E-22
99.97	0.5656E-22
103.8	0.5475E-22
107.7	0.5302E-22
111.8	0.5135E-22
116.1	0.4976E-22
120.5	0.4823E-22
125.1	0.4677E-22
129.9	0.4537E-22
134.8	0.4403E-22
140.0	0.4274E-22
145.3	0.4151E-22
150.8	0.4033E-22
156.6	0.3920E-22
162.5	0.3811E-22
168.7	0.3706E-22
175.1	0.3605E-22
181.8	0.3508E-22
188.7	0.3413E-22
195.9	0.3322E-22
203.4	0.3233E-22
211.1	0.3146E-22
219.2	0.3062E-22
227.5	0.2980E-22
236.2	0.2900E-22
245.2	0.2822E-22
254.5	0.2745E-22
264.2	0.2670E-22
274.3	0.2596E-22
284.7	0.2523E-22
295.6	0.2452E-22
306.8	0.2382E-22
318.5	0.2313E-22
330.6	0.2245E-22
343.2	0.2179E-22
356.3	0.2113E-22
369.9	0.2049E-22
384.0	0.1986E-22
398.6	0.1924E-22
413.8	0.1863E-22
429.5	0.1804E-22
445.9	0.1745E-22
462.9	0.1688E-22
480.5	0.1632E-22
498.8	0.1577E-22
517.8	0.1523E-22
537.5	0.1471E-22
558.0	0.1420E-22
579.2	0.1370E-22
601.3	0.1321E-22
624.2	0.1273E-22
648.0	0.1227E-22
672.6	0.1182E-22
698.3	0.1138E-22
724.9	0.1095E-22
752.5	0.1054E-22
781.1	0.1013E-22
810.9	0.9740E-23
841.8	0.9359E-23
873.8	0.8989E-23
907.1	0.8629E-23
941.6	0.8280E-23
977.5	0.7942E-23
1015.	0.7614E-23
1053.	0.7296E-23
1094.	0.6988E-23
1135.	0.6690E-23
1178.	0.6401E-23
1223.	0.6122E-23
1270.	0.5851E-23
1318.	0.5590E-23
1368.	0.5337E-23
1421.	0.5092E-23
1475.	0.4855E-23
1531.	0.4627E-23
1589.	0.4407E-23
1650.	0.4195E-23
1712.	0.3990E-23
1778.	0.3792E-23
1845.	0.3602E-23
1916.	0.3419E-23
1989.	0.3242E-23
2064.	0.3073E-23
2143.	0.2910E-23
2225.	0.2753E-23
2309.	0.2603E-23
2397.	0.2459E-23
2489.	0.2321E-23
2583.	0.2188E-23
2682.	0.2062E-23
2784.	0.1941E-23
2890.	0.1825E-23
3000.	0.1715E-23
 
 
E/N (Td)	Power /N (eV m3/s)
0.1000E-02	0.7064E-23
0.1038E-02	0.7615E-23
0.1078E-02	0.8206E-23
0.1119E-02	0.8843E-23
0.1161E-02	0.9530E-23
0.1205E-02	0.1027E-22
0.1251E-02	0.1107E-22
0.1299E-02	0.1193E-22
0.1349E-02	0.1285E-22
0.1400E-02	0.1385E-22
0.1453E-02	0.1492E-22
0.1509E-02	0.1608E-22
0.1566E-02	0.1733E-22
0.1626E-02	0.1868E-22
0.1688E-02	0.2013E-22
0.1752E-02	0.2169E-22
0.1819E-02	0.2337E-22
0.1888E-02	0.2519E-22
0.1960E-02	0.2714E-22
0.2034E-02	0.2925E-22
0.2112E-02	0.3152E-22
0.2192E-02	0.3396E-22
0.2276E-02	0.3660E-22
0.2362E-02	0.3944E-22
0.2452E-02	0.4250E-22
0.2546E-02	0.4580E-22
0.2643E-02	0.4936E-22
0.2743E-02	0.5319E-22
0.2848E-02	0.5732E-22
0.2956E-02	0.6177E-22
0.3069E-02	0.6656E-22
0.3186E-02	0.7173E-22
0.3307E-02	0.7729E-22
0.3433E-02	0.8329E-22
0.3564E-02	0.8976E-22
0.3700E-02	0.9673E-22
0.3841E-02	0.1042E-21
0.3987E-02	0.1123E-21
0.4139E-02	0.1210E-21
0.4296E-02	0.1304E-21
0.4460E-02	0.1406E-21
0.4630E-02	0.1515E-21
0.4806E-02	0.1632E-21
0.4989E-02	0.1759E-21
0.5179E-02	0.1896E-21
0.5377E-02	0.2043E-21
0.5581E-02	0.2201E-21
0.5794E-02	0.2372E-21
0.6015E-02	0.2556E-21
0.6244E-02	0.2755E-21
0.6481E-02	0.2969E-21
0.6728E-02	0.3199E-21
0.6985E-02	0.3447E-21
0.7251E-02	0.3715E-21
0.7527E-02	0.4003E-21
0.7813E-02	0.4314E-21
0.8111E-02	0.4649E-21
0.8420E-02	0.5010E-21
0.8741E-02	0.5399E-21
0.9073E-02	0.5818E-21
0.9419E-02	0.6270E-21
0.9778E-02	0.6756E-21
0.1015E-01	0.7281E-21
0.1054E-01	0.7846E-21
0.1094E-01	0.8455E-21
0.1135E-01	0.9111E-21
0.1179E-01	0.9819E-21
0.1224E-01	0.1058E-20
0.1270E-01	0.1140E-20
0.1319E-01	0.1229E-20
0.1369E-01	0.1324E-20
0.1421E-01	0.1427E-20
0.1475E-01	0.1538E-20
0.1531E-01	0.1657E-20
0.1590E-01	0.1786E-20
0.1650E-01	0.1924E-20
0.1713E-01	0.2074E-20
0.1778E-01	0.2235E-20
0.1846E-01	0.2408E-20
0.1916E-01	0.2595E-20
0.1989E-01	0.2797E-20
0.2065E-01	0.3014E-20
0.2144E-01	0.3248E-20
0.2225E-01	0.3500E-20
0.2310E-01	0.3772E-20
0.2398E-01	0.4065E-20
0.2489E-01	0.4381E-20
0.2584E-01	0.4721E-20
0.2682E-01	0.5087E-20
0.2785E-01	0.5482E-20
0.2891E-01	0.5908E-20
0.3001E-01	0.6367E-20
0.3115E-01	0.6862E-20
0.3234E-01	0.7394E-20
0.3357E-01	0.7969E-20
0.3485E-01	0.8588E-20
0.3617E-01	0.9255E-20
0.3755E-01	0.9974E-20
0.3898E-01	0.1075E-19
0.4047E-01	0.1158E-19
0.4201E-01	0.1248E-19
0.4361E-01	0.1345E-19
0.4527E-01	0.1450E-19
0.4699E-01	0.1562E-19
0.4878E-01	0.1684E-19
0.5064E-01	0.1815E-19
0.5257E-01	0.1956E-19
0.5457E-01	0.2108E-19
0.5665E-01	0.2271E-19
0.5881E-01	0.2448E-19
0.6105E-01	0.2638E-19
0.6337E-01	0.2843E-19
0.6579E-01	0.3064E-19
0.6829E-01	0.3302E-19
0.7089E-01	0.3559E-19
0.7359E-01	0.3835E-19
0.7640E-01	0.4133E-19
0.7931E-01	0.4454E-19
0.8233E-01	0.4801E-19
0.8546E-01	0.5174E-19
0.8872E-01	0.5576E-19
0.9210E-01	0.6009E-19
0.9560E-01	0.6476E-19
0.9924E-01	0.6980E-19
0.1030	0.7522E-19
0.1069	0.8107E-19
0.1110	0.8738E-19
0.1152	0.9417E-19
0.1196	0.1015E-18
0.1242	0.1094E-18
0.1289	0.1179E-18
0.1338	0.1271E-18
0.1389	0.1370E-18
0.1442	0.1476E-18
0.1497	0.1591E-18
0.1554	0.1715E-18
0.1613	0.1848E-18
0.1675	0.1992E-18
0.1739	0.2147E-18
0.1805	0.2315E-18
0.1874	0.2495E-18
0.1945	0.2689E-18
0.2019	0.2899E-18
0.2096	0.3125E-18
0.2176	0.3368E-18
0.2259	0.3631E-18
0.2345	0.3914E-18
0.2434	0.4220E-18
0.2527	0.4549E-18
0.2623	0.4905E-18
0.2723	0.5288E-18
0.2826	0.5701E-18
0.2934	0.6147E-18
0.3046	0.6627E-18
0.3162	0.7146E-18
0.3282	0.7705E-18
0.3407	0.8309E-18
0.3537	0.8960E-18
0.3672	0.9662E-18
0.3812	0.1042E-17
0.3957	0.1124E-17
0.4107	0.1212E-17
0.4264	0.1307E-17
0.4426	0.1410E-17
0.4595	0.1521E-17
0.4770	0.1641E-17
0.4952	0.1771E-17
0.5140	0.1910E-17
0.5336	0.2061E-17
0.5539	0.2224E-17
0.5750	0.2401E-17
0.5969	0.2591E-17
0.6196	0.2797E-17
0.6432	0.3019E-17
0.6677	0.3259E-17
0.6932	0.3519E-17
0.7196	0.3801E-17
0.7470	0.4105E-17
0.7754	0.4434E-17
0.8050	0.4790E-17
0.8356	0.5175E-17
0.8674	0.5593E-17
0.9005	0.6045E-17
0.9348	0.6534E-17
0.9704	0.7065E-17
1.007	0.7639E-17
1.046	0.8262E-17
1.086	0.8938E-17
1.127	0.9671E-17
1.170	0.1047E-16
1.214	0.1133E-16
1.261	0.1226E-16
1.309	0.1328E-16
1.358	0.1438E-16
1.410	0.1557E-16
1.464	0.1687E-16
1.520	0.1828E-16
1.578	0.1981E-16
1.638	0.2146E-16
1.700	0.2326E-16
1.765	0.2522E-16
1.832	0.2734E-16
1.902	0.2964E-16
1.974	0.3214E-16
2.049	0.3485E-16
2.127	0.3779E-16
2.208	0.4097E-16
2.293	0.4443E-16
2.380	0.4819E-16
2.470	0.5226E-16
2.565	0.5667E-16
2.662	0.6145E-16
2.764	0.6663E-16
2.869	0.7225E-16
2.978	0.7833E-16
3.092	0.8491E-16
3.209	0.9203E-16
3.332	0.9973E-16
3.458	0.1081E-15
3.590	0.1171E-15
3.727	0.1268E-15
3.869	0.1373E-15
4.016	0.1486E-15
4.169	0.1608E-15
4.328	0.1739E-15
4.493	0.1880E-15
4.664	0.2032E-15
4.841	0.2195E-15
5.026	0.2369E-15
5.217	0.2556E-15
5.416	0.2755E-15
5.622	0.2968E-15
5.836	0.3194E-15
6.059	0.3435E-15
6.289	0.3689E-15
6.529	0.3959E-15
6.778	0.4242E-15
7.036	0.4541E-15
7.304	0.4854E-15
7.582	0.5180E-15
7.871	0.5522E-15
8.170	0.5875E-15
8.482	0.6239E-15
8.805	0.6618E-15
9.140	0.7003E-15
9.488	0.7397E-15
9.849	0.7798E-15
10.22	0.8212E-15
10.61	0.8622E-15
11.02	0.9037E-15
11.44	0.9453E-15
11.87	0.9870E-15
12.33	0.1028E-14
12.80	0.1069E-14
13.28	0.1111E-14
13.79	0.1153E-14
14.31	0.1194E-14
14.86	0.1236E-14
15.42	0.1278E-14
16.01	0.1320E-14
16.62	0.1363E-14
17.25	0.1406E-14
17.91	0.1451E-14
18.59	0.1497E-14
19.30	0.1544E-14
20.04	0.1593E-14
20.80	0.1645E-14
21.59	0.1700E-14
22.42	0.1758E-14
23.27	0.1820E-14
24.16	0.1887E-14
25.08	0.1959E-14
26.03	0.2037E-14
27.02	0.2122E-14
28.05	0.2213E-14
29.12	0.2313E-14
30.23	0.2421E-14
31.38	0.2538E-14
32.57	0.2664E-14
33.82	0.2801E-14
35.10	0.2949E-14
36.44	0.3109E-14
37.83	0.3282E-14
39.27	0.3468E-14
40.76	0.3668E-14
42.32	0.3883E-14
43.93	0.4114E-14
45.60	0.4362E-14
47.34	0.4628E-14
49.14	0.4913E-14
51.01	0.5218E-14
52.96	0.5544E-14
54.97	0.5893E-14
57.07	0.6265E-14
59.24	0.6661E-14
61.50	0.7085E-14
63.84	0.7535E-14
66.27	0.8015E-14
68.79	0.8526E-14
71.41	0.9069E-14
74.13	0.9645E-14
76.96	0.1026E-13
79.89	0.1091E-13
82.93	0.1160E-13
86.09	0.1232E-13
89.37	0.1310E-13
92.77	0.1391E-13
96.31	0.1478E-13
99.97	0.1569E-13
103.8	0.1666E-13
107.7	0.1768E-13
111.8	0.1875E-13
116.1	0.1989E-13
120.5	0.2109E-13
125.1	0.2235E-13
129.9	0.2369E-13
134.8	0.2510E-13
140.0	0.2659E-13
145.3	0.2816E-13
150.8	0.2982E-13
156.6	0.3158E-13
162.5	0.3343E-13
168.7	0.3539E-13
175.1	0.3746E-13
181.8	0.3965E-13
188.7	0.4197E-13
195.9	0.4442E-13
203.4	0.4702E-13
211.1	0.4977E-13
219.2	0.5269E-13
227.5	0.5579E-13
236.2	0.5907E-13
245.2	0.6255E-13
254.5	0.6625E-13
264.2	0.7017E-13
274.3	0.7434E-13
284.7	0.7876E-13
295.6	0.8346E-13
306.8	0.8846E-13
318.5	0.9376E-13
330.6	0.9940E-13
343.2	0.1054E-12
356.3	0.1118E-12
369.9	0.1185E-12
384.0	0.1257E-12
398.6	0.1333E-12
413.8	0.1415E-12
429.5	0.1501E-12
445.9	0.1592E-12
462.9	0.1690E-12
480.5	0.1793E-12
498.8	0.1903E-12
517.8	0.2020E-12
537.5	0.2144E-12
558.0	0.2275E-12
579.2	0.2415E-12
601.3	0.2563E-12
624.2	0.2720E-12
648.0	0.2887E-12
672.6	0.3064E-12
698.3	0.3252E-12
724.9	0.3452E-12
752.5	0.3663E-12
781.1	0.3887E-12
810.9	0.4125E-12
841.8	0.4377E-12
873.8	0.4645E-12
907.1	0.4928E-12
941.6	0.5229E-12
977.5	0.5547E-12
1015.	0.5885E-12
1053.	0.6243E-12
1094.	0.6622E-12
1135.	0.7024E-12
1178.	0.7450E-12
1223.	0.7902E-12
1270.	0.8382E-12
1318.	0.8888E-12
1368.	0.9426E-12
1421.	0.9998E-12
1475.	0.1060E-11
1531.	0.1124E-11
1589.	0.1192E-11
1650.	0.1265E-11
1712.	0.1341E-11
1778.	0.1422E-11
1845.	0.1509E-11
1916.	0.1600E-11
1989.	0.1698E-11
2064.	0.1801E-11
2143.	0.1911E-11
2225.	0.2028E-11
2309.	0.2152E-11
2397.	0.2285E-11
2489.	0.2425E-11
2583.	0.2575E-11
2682.	0.2735E-11
2784.	0.2905E-11
2890.	0.3086E-11
3000.	0.3280E-11
 
 
E/N (Td)	Elastic power loss /N (eV m3/s)
0.1000E-02	0.3073E-23
0.1038E-02	0.1635E-24
0.1078E-02	0.1765E-24
0.1119E-02	0.1905E-24
0.1161E-02	0.2056E-24
0.1205E-02	0.2218E-24
0.1251E-02	0.2393E-24
0.1299E-02	0.2582E-24
0.1349E-02	0.2785E-24
0.1400E-02	0.3004E-24
0.1453E-02	0.3240E-24
0.1509E-02	0.3494E-24
0.1566E-02	0.3769E-24
0.1626E-02	0.4064E-24
0.1688E-02	0.4382E-24
0.1752E-02	0.4725E-24
0.1819E-02	0.5094E-24
0.1888E-02	0.5492E-24
0.1960E-02	0.5921E-24
0.2034E-02	0.6383E-24
0.2112E-02	0.6881E-24
0.2192E-02	0.7418E-24
0.2276E-02	0.7996E-24
0.2362E-02	0.8619E-24
0.2452E-02	0.9290E-24
0.2546E-02	0.1001E-23
0.2643E-02	0.1079E-23
0.2743E-02	0.1163E-23
0.2848E-02	0.1254E-23
0.2956E-02	0.1351E-23
0.3069E-02	0.1456E-23
0.3186E-02	0.1569E-23
0.3307E-02	0.1691E-23
0.3433E-02	0.1822E-23
0.3564E-02	0.1963E-23
0.3700E-02	0.2116E-23
0.3841E-02	0.2280E-23
0.3987E-02	0.2457E-23
0.4139E-02	0.2647E-23
0.4296E-02	0.2852E-23
0.4460E-02	0.3073E-23
0.4630E-02	0.3310E-23
0.4806E-02	0.3567E-23
0.4989E-02	0.3842E-23
0.5179E-02	0.4139E-23
0.5377E-02	0.4459E-23
0.5581E-02	0.4803E-23
0.5794E-02	0.5174E-23
0.6015E-02	0.5573E-23
0.6244E-02	0.6003E-23
0.6481E-02	0.6465E-23
0.6728E-02	0.6963E-23
0.6985E-02	0.7498E-23
0.7251E-02	0.8075E-23
0.7527E-02	0.8695E-23
0.7813E-02	0.9362E-23
0.8111E-02	0.1008E-22
0.8420E-02	0.1085E-22
0.8741E-02	0.1168E-22
0.9073E-02	0.1257E-22
0.9419E-02	0.1353E-22
0.9778E-02	0.1456E-22
0.1015E-01	0.1567E-22
0.1054E-01	0.1686E-22
0.1094E-01	0.1814E-22
0.1135E-01	0.1952E-22
0.1179E-01	0.2099E-22
0.1224E-01	0.2257E-22
0.1270E-01	0.2427E-22
0.1319E-01	0.2609E-22
0.1369E-01	0.2805E-22
0.1421E-01	0.3014E-22
0.1475E-01	0.3238E-22
0.1531E-01	0.3479E-22
0.1590E-01	0.3736E-22
0.1650E-01	0.4011E-22
0.1713E-01	0.4305E-22
0.1778E-01	0.4620E-22
0.1846E-01	0.4956E-22
0.1916E-01	0.5315E-22
0.1989E-01	0.5697E-22
0.2065E-01	0.6105E-22
0.2144E-01	0.6540E-22
0.2225E-01	0.7002E-22
0.2310E-01	0.7494E-22
0.2398E-01	0.8017E-22
0.2489E-01	0.8571E-22
0.2584E-01	0.9160E-22
0.2682E-01	0.9783E-22
0.2785E-01	0.1044E-21
0.2891E-01	0.1114E-21
0.3001E-01	0.1187E-21
0.3115E-01	0.1265E-21
0.3234E-01	0.1346E-21
0.3357E-01	0.1432E-21
0.3485E-01	0.1522E-21
0.3617E-01	0.1617E-21
0.3755E-01	0.1715E-21
0.3898E-01	0.1819E-21
0.4047E-01	0.1926E-21
0.4201E-01	0.2038E-21
0.4361E-01	0.2155E-21
0.4527E-01	0.2276E-21
0.4699E-01	0.2402E-21
0.4878E-01	0.2532E-21
0.5064E-01	0.2666E-21
0.5257E-01	0.2805E-21
0.5457E-01	0.2948E-21
0.5665E-01	0.3096E-21
0.5881E-01	0.3247E-21
0.6105E-01	0.3403E-21
0.6337E-01	0.3563E-21
0.6579E-01	0.3728E-21
0.6829E-01	0.3897E-21
0.7089E-01	0.4070E-21
0.7359E-01	0.4248E-21
0.7640E-01	0.4430E-21
0.7931E-01	0.4618E-21
0.8233E-01	0.4811E-21
0.8546E-01	0.5010E-21
0.8872E-01	0.5215E-21
0.9210E-01	0.5427E-21
0.9560E-01	0.5645E-21
0.9924E-01	0.5872E-21
0.1030	0.6107E-21
0.1069	0.6351E-21
0.1110	0.6606E-21
0.1152	0.6871E-21
0.1196	0.7148E-21
0.1242	0.7438E-21
0.1289	0.7742E-21
0.1338	0.8061E-21
0.1389	0.8397E-21
0.1442	0.8750E-21
0.1497	0.9122E-21
0.1554	0.9515E-21
0.1613	0.9929E-21
0.1675	0.1037E-20
0.1739	0.1083E-20
0.1805	0.1132E-20
0.1874	0.1184E-20
0.1945	0.1239E-20
0.2019	0.1297E-20
0.2096	0.1359E-20
0.2176	0.1424E-20
0.2259	0.1493E-20
0.2345	0.1566E-20
0.2434	0.1644E-20
0.2527	0.1726E-20
0.2623	0.1813E-20
0.2723	0.1906E-20
0.2826	0.2003E-20
0.2934	0.2107E-20
0.3046	0.2216E-20
0.3162	0.2332E-20
0.3282	0.2455E-20
0.3407	0.2584E-20
0.3537	0.2721E-20
0.3672	0.2866E-20
0.3812	0.3019E-20
0.3957	0.3181E-20
0.4107	0.3351E-20
0.4264	0.3531E-20
0.4426	0.3721E-20
0.4595	0.3921E-20
0.4770	0.4133E-20
0.4952	0.4355E-20
0.5140	0.4589E-20
0.5336	0.4836E-20
0.5539	0.5096E-20
0.5750	0.5368E-20
0.5969	0.5655E-20
0.6196	0.5956E-20
0.6432	0.6273E-20
0.6677	0.6604E-20
0.6932	0.6951E-20
0.7196	0.7315E-20
0.7470	0.7696E-20
0.7754	0.8094E-20
0.8050	0.8509E-20
0.8356	0.8943E-20
0.8674	0.9394E-20
0.9005	0.9865E-20
0.9348	0.1035E-19
0.9704	0.1086E-19
1.007	0.1139E-19
1.046	0.1193E-19
1.086	0.1250E-19
1.127	0.1308E-19
1.170	0.1369E-19
1.214	0.1431E-19
1.261	0.1495E-19
1.309	0.1561E-19
1.358	0.1629E-19
1.410	0.1698E-19
1.464	0.1769E-19
1.520	0.1843E-19
1.578	0.1918E-19
1.638	0.1994E-19
1.700	0.2072E-19
1.765	0.2152E-19
1.832	0.2234E-19
1.902	0.2317E-19
1.974	0.2402E-19
2.049	0.2489E-19
2.127	0.2578E-19
2.208	0.2669E-19
2.293	0.2762E-19
2.380	0.2857E-19
2.470	0.2955E-19
2.565	0.3055E-19
2.662	0.3158E-19
2.764	0.3265E-19
2.869	0.3374E-19
2.978	0.3488E-19
3.092	0.3606E-19
3.209	0.3728E-19
3.332	0.3856E-19
3.458	0.3989E-19
3.590	0.4131E-19
3.727	0.4279E-19
3.869	0.4435E-19
4.016	0.4601E-19
4.169	0.4778E-19
4.328	0.4967E-19
4.493	0.5170E-19
4.664	0.5391E-19
4.841	0.5630E-19
5.026	0.5890E-19
5.217	0.6176E-19
5.416	0.6489E-19
5.622	0.6836E-19
5.836	0.7220E-19
6.059	0.7648E-19
6.289	0.8125E-19
6.529	0.8659E-19
6.778	0.9259E-19
7.036	0.9935E-19
7.304	0.1070E-18
7.582	0.1155E-18
7.871	0.1252E-18
8.170	0.1362E-18
8.482	0.1485E-18
8.805	0.1624E-18
9.140	0.1780E-18
9.488	0.1955E-18
9.849	0.2151E-18
10.22	0.2372E-18
10.61	0.2616E-18
11.02	0.2885E-18
11.44	0.3183E-18
11.87	0.3510E-18
12.33	0.3865E-18
12.80	0.4255E-18
13.28	0.4680E-18
13.79	0.5140E-18
14.31	0.5638E-18
14.86	0.6177E-18
15.42	0.6753E-18
16.01	0.7371E-18
16.62	0.8032E-18
17.25	0.8739E-18
17.91	0.9496E-18
18.59	0.1030E-17
19.30	0.1114E-17
20.04	0.1204E-17
20.80	0.1298E-17
21.59	0.1397E-17
22.42	0.1500E-17
23.27	0.1607E-17
24.16	0.1718E-17
25.08	0.1832E-17
26.03	0.1949E-17
27.02	0.2068E-17
28.05	0.2189E-17
29.12	0.2312E-17
30.23	0.2437E-17
31.38	0.2562E-17
32.57	0.2689E-17
33.82	0.2817E-17
35.10	0.2945E-17
36.44	0.3075E-17
37.83	0.3207E-17
39.27	0.3339E-17
40.76	0.3474E-17
42.32	0.3610E-17
43.93	0.3750E-17
45.60	0.3892E-17
47.34	0.4038E-17
49.14	0.4188E-17
51.01	0.4343E-17
52.96	0.4503E-17
54.97	0.4670E-17
57.07	0.4844E-17
59.24	0.5025E-17
61.50	0.5216E-17
63.84	0.5416E-17
66.27	0.5626E-17
68.79	0.5849E-17
71.41	0.6084E-17
74.13	0.6333E-17
76.96	0.6596E-17
79.89	0.6876E-17
82.93	0.7173E-17
86.09	0.7487E-17
89.37	0.7820E-17
92.77	0.8174E-17
96.31	0.8548E-17
99.97	0.8943E-17
103.8	0.9361E-17
107.7	0.9802E-17
111.8	0.1027E-16
116.1	0.1075E-16
120.5	0.1127E-16
125.1	0.1180E-16
129.9	0.1236E-16
134.8	0.1295E-16
140.0	0.1356E-16
145.3	0.1419E-16
150.8	0.1485E-16
156.6	0.1553E-16
162.5	0.1623E-16
168.7	0.1696E-16
175.1	0.1771E-16
181.8	0.1848E-16
188.7	0.1927E-16
195.9	0.2009E-16
203.4	0.2093E-16
211.1	0.2179E-16
219.2	0.2267E-16
227.5	0.2357E-16
236.2	0.2450E-16
245.2	0.2545E-16
254.5	0.2642E-16
264.2	0.2742E-16
274.3	0.2844E-16
284.7	0.2948E-16
295.6	0.3055E-16
306.8	0.3165E-16
318.5	0.3278E-16
330.6	0.3393E-16
343.2	0.3512E-16
356.3	0.3634E-16
369.9	0.3760E-16
384.0	0.3889E-16
398.6	0.4022E-16
413.8	0.4159E-16
429.5	0.4301E-16
445.9	0.4447E-16
462.9	0.4597E-16
480.5	0.4753E-16
498.8	0.4914E-16
517.8	0.5081E-16
537.5	0.5254E-16
558.0	0.5433E-16
579.2	0.5619E-16
601.3	0.5812E-16
624.2	0.6012E-16
648.0	0.6220E-16
672.6	0.6437E-16
698.3	0.6663E-16
724.9	0.6898E-16
752.5	0.7144E-16
781.1	0.7399E-16
810.9	0.7666E-16
841.8	0.7945E-16
873.8	0.8236E-16
907.1	0.8541E-16
941.6	0.8860E-16
977.5	0.9193E-16
1015.	0.9542E-16
1053.	0.9908E-16
1094.	0.1029E-15
1135.	0.1069E-15
1178.	0.1111E-15
1223.	0.1156E-15
1270.	0.1202E-15
1318.	0.1251E-15
1368.	0.1302E-15
1421.	0.1355E-15
1475.	0.1412E-15
1531.	0.1471E-15
1589.	0.1533E-15
1650.	0.1598E-15
1712.	0.1667E-15
1778.	0.1739E-15
1845.	0.1815E-15
1916.	0.1894E-15
1989.	0.1978E-15
2064.	0.2066E-15
2143.	0.2158E-15
2225.	0.2255E-15
2309.	0.2357E-15
2397.	0.2464E-15
2489.	0.2577E-15
2583.	0.2695E-15
2682.	0.2819E-15
2784.	0.2949E-15
2890.	0.3086E-15
3000.	0.3229E-15
 
 
E/N (Td)	Inelastic power loss /N (eV m3/s)
0.1000E-02	0.5357E-23
0.1038E-02	0.7507E-23
0.1078E-02	0.8084E-23
0.1119E-02	0.8705E-23
0.1161E-02	0.9376E-23
0.1205E-02	0.1010E-22
0.1251E-02	0.1088E-22
0.1299E-02	0.1171E-22
0.1349E-02	0.1262E-22
0.1400E-02	0.1359E-22
0.1453E-02	0.1464E-22
0.1509E-02	0.1577E-22
0.1566E-02	0.1699E-22
0.1626E-02	0.1830E-22
0.1688E-02	0.1972E-22
0.1752E-02	0.2124E-22
0.1819E-02	0.2289E-22
0.1888E-02	0.2466E-22
0.1960E-02	0.2657E-22
0.2034E-02	0.2862E-22
0.2112E-02	0.3084E-22
0.2192E-02	0.3323E-22
0.2276E-02	0.3580E-22
0.2362E-02	0.3858E-22
0.2452E-02	0.4157E-22
0.2546E-02	0.4479E-22
0.2643E-02	0.4826E-22
0.2743E-02	0.5200E-22
0.2848E-02	0.5603E-22
0.2956E-02	0.6037E-22
0.3069E-02	0.6505E-22
0.3186E-02	0.7010E-22
0.3307E-02	0.7553E-22
0.3433E-02	0.8139E-22
0.3564E-02	0.8770E-22
0.3700E-02	0.9451E-22
0.3841E-02	0.1018E-21
0.3987E-02	0.1097E-21
0.4139E-02	0.1183E-21
0.4296E-02	0.1274E-21
0.4460E-02	0.1373E-21
0.4630E-02	0.1480E-21
0.4806E-02	0.1594E-21
0.4989E-02	0.1718E-21
0.5179E-02	0.1852E-21
0.5377E-02	0.1995E-21
0.5581E-02	0.2150E-21
0.5794E-02	0.2317E-21
0.6015E-02	0.2497E-21
0.6244E-02	0.2691E-21
0.6481E-02	0.2899E-21
0.6728E-02	0.3124E-21
0.6985E-02	0.3367E-21
0.7251E-02	0.3628E-21
0.7527E-02	0.3910E-21
0.7813E-02	0.4214E-21
0.8111E-02	0.4541E-21
0.8420E-02	0.4893E-21
0.8741E-02	0.5273E-21
0.9073E-02	0.5683E-21
0.9419E-02	0.6124E-21
0.9778E-02	0.6600E-21
0.1015E-01	0.7112E-21
0.1054E-01	0.7664E-21
0.1094E-01	0.8260E-21
0.1135E-01	0.8901E-21
0.1179E-01	0.9593E-21
0.1224E-01	0.1034E-20
0.1270E-01	0.1114E-20
0.1319E-01	0.1201E-20
0.1369E-01	0.1294E-20
0.1421E-01	0.1394E-20
0.1475E-01	0.1503E-20
0.1531E-01	0.1620E-20
0.1590E-01	0.1746E-20
0.1650E-01	0.1881E-20
0.1713E-01	0.2027E-20
0.1778E-01	0.2185E-20
0.1846E-01	0.2355E-20
0.1916E-01	0.2538E-20
0.1989E-01	0.2735E-20
0.2065E-01	0.2948E-20
0.2144E-01	0.3178E-20
0.2225E-01	0.3425E-20
0.2310E-01	0.3691E-20
0.2398E-01	0.3979E-20
0.2489E-01	0.4288E-20
0.2584E-01	0.4622E-20
0.2682E-01	0.4982E-20
0.2785E-01	0.5370E-20
0.2891E-01	0.5788E-20
0.3001E-01	0.6239E-20
0.3115E-01	0.6726E-20
0.3234E-01	0.7250E-20
0.3357E-01	0.7815E-20
0.3485E-01	0.8424E-20
0.3617E-01	0.9081E-20
0.3755E-01	0.9790E-20
0.3898E-01	0.1055E-19
0.4047E-01	0.1138E-19
0.4201E-01	0.1226E-19
0.4361E-01	0.1322E-19
0.4527E-01	0.1425E-19
0.4699E-01	0.1537E-19
0.4878E-01	0.1657E-19
0.5064E-01	0.1786E-19
0.5257E-01	0.1926E-19
0.5457E-01	0.2076E-19
0.5665E-01	0.2238E-19
0.5881E-01	0.2413E-19
0.6105E-01	0.2602E-19
0.6337E-01	0.2805E-19
0.6579E-01	0.3024E-19
0.6829E-01	0.3261E-19
0.7089E-01	0.3515E-19
0.7359E-01	0.3790E-19
0.7640E-01	0.4086E-19
0.7931E-01	0.4405E-19
0.8233E-01	0.4750E-19
0.8546E-01	0.5121E-19
0.8872E-01	0.5521E-19
0.9210E-01	0.5952E-19
0.9560E-01	0.6417E-19
0.9924E-01	0.6918E-19
0.1030	0.7458E-19
0.1069	0.8041E-19
0.1110	0.8668E-19
0.1152	0.9345E-19
0.1196	0.1007E-18
0.1242	0.1086E-18
0.1289	0.1171E-18
0.1338	0.1262E-18
0.1389	0.1361E-18
0.1442	0.1467E-18
0.1497	0.1582E-18
0.1554	0.1705E-18
0.1613	0.1838E-18
0.1675	0.1981E-18
0.1739	0.2136E-18
0.1805	0.2303E-18
0.1874	0.2483E-18
0.1945	0.2677E-18
0.2019	0.2886E-18
0.2096	0.3111E-18
0.2176	0.3354E-18
0.2259	0.3616E-18
0.2345	0.3898E-18
0.2434	0.4203E-18
0.2527	0.4532E-18
0.2623	0.4886E-18
0.2723	0.5268E-18
0.2826	0.5681E-18
0.2934	0.6125E-18
0.3046	0.6605E-18
0.3162	0.7122E-18
0.3282	0.7681E-18
0.3407	0.8283E-18
0.3537	0.8932E-18
0.3672	0.9634E-18
0.3812	0.1039E-17
0.3957	0.1121E-17
0.4107	0.1209E-17
0.4264	0.1304E-17
0.4426	0.1407E-17
0.4595	0.1517E-17
0.4770	0.1637E-17
0.4952	0.1766E-17
0.5140	0.1906E-17
0.5336	0.2057E-17
0.5539	0.2219E-17
0.5750	0.2395E-17
0.5969	0.2585E-17
0.6196	0.2791E-17
0.6432	0.3013E-17
0.6677	0.3253E-17
0.6932	0.3513E-17
0.7196	0.3793E-17
0.7470	0.4097E-17
0.7754	0.4426E-17
0.8050	0.4781E-17
0.8356	0.5166E-17
0.8674	0.5583E-17
0.9005	0.6035E-17
0.9348	0.6524E-17
0.9704	0.7054E-17
1.007	0.7628E-17
1.046	0.8251E-17
1.086	0.8925E-17
1.127	0.9658E-17
1.170	0.1045E-16
1.214	0.1131E-16
1.261	0.1225E-16
1.309	0.1326E-16
1.358	0.1436E-16
1.410	0.1555E-16
1.464	0.1685E-16
1.520	0.1826E-16
1.578	0.1979E-16
1.638	0.2144E-16
1.700	0.2324E-16
1.765	0.2519E-16
1.832	0.2731E-16
1.902	0.2961E-16
1.974	0.3211E-16
2.049	0.3482E-16
2.127	0.3776E-16
2.208	0.4095E-16
2.293	0.4441E-16
2.380	0.4816E-16
2.470	0.5223E-16
2.565	0.5664E-16
2.662	0.6142E-16
2.764	0.6660E-16
2.869	0.7221E-16
2.978	0.7830E-16
3.092	0.8488E-16
3.209	0.9200E-16
3.332	0.9970E-16
3.458	0.1080E-15
3.590	0.1170E-15
3.727	0.1268E-15
3.869	0.1372E-15
4.016	0.1486E-15
4.169	0.1607E-15
4.328	0.1739E-15
4.493	0.1880E-15
4.664	0.2032E-15
4.841	0.2194E-15
5.026	0.2369E-15
5.217	0.2555E-15
5.416	0.2755E-15
5.622	0.2967E-15
5.836	0.3194E-15
6.059	0.3435E-15
6.289	0.3689E-15
6.529	0.3959E-15
6.778	0.4242E-15
7.036	0.4541E-15
7.304	0.4854E-15
7.582	0.5181E-15
7.871	0.5523E-15
8.170	0.5875E-15
8.482	0.6240E-15
8.805	0.6619E-15
9.140	0.7005E-15
9.488	0.7399E-15
9.849	0.7800E-15
10.22	0.8216E-15
10.61	0.8627E-15
11.02	0.9042E-15
11.44	0.9459E-15
11.87	0.9877E-15
12.33	0.1029E-14
12.80	0.1070E-14
13.28	0.1112E-14
13.79	0.1154E-14
14.31	0.1196E-14
14.86	0.1238E-14
15.42	0.1280E-14
16.01	0.1323E-14
16.62	0.1366E-14
17.25	0.1409E-14
17.91	0.1454E-14
18.59	0.1500E-14
19.30	0.1548E-14
20.04	0.1598E-14
20.80	0.1650E-14
21.59	0.1705E-14
22.42	0.1764E-14
23.27	0.1827E-14
24.16	0.1894E-14
25.08	0.1967E-14
26.03	0.2046E-14
27.02	0.2131E-14
28.05	0.2223E-14
29.12	0.2323E-14
30.23	0.2431E-14
31.38	0.2548E-14
32.57	0.2675E-14
33.82	0.2813E-14
35.10	0.2962E-14
36.44	0.3122E-14
37.83	0.3295E-14
39.27	0.3481E-14
40.76	0.3682E-14
42.32	0.3897E-14
43.93	0.4129E-14
45.60	0.4377E-14
47.34	0.4643E-14
49.14	0.4929E-14
51.01	0.5234E-14
52.96	0.5560E-14
54.97	0.5909E-14
57.07	0.6281E-14
59.24	0.6678E-14
61.50	0.7101E-14
63.84	0.7552E-14
66.27	0.8033E-14
68.79	0.8543E-14
71.41	0.9086E-14
74.13	0.9663E-14
76.96	0.1027E-13
79.89	0.1092E-13
82.93	0.1161E-13
86.09	0.1234E-13
89.37	0.1311E-13
92.77	0.1393E-13
96.31	0.1479E-13
99.97	0.1570E-13
103.8	0.1666E-13
107.7	0.1768E-13
111.8	0.1875E-13
116.1	0.1988E-13
120.5	0.2107E-13
125.1	0.2233E-13
129.9	0.2365E-13
134.8	0.2504E-13
140.0	0.2651E-13
145.3	0.2806E-13
150.8	0.2969E-13
156.6	0.3140E-13
162.5	0.3321E-13
168.7	0.3512E-13
175.1	0.3713E-13
181.8	0.3924E-13
188.7	0.4147E-13
195.9	0.4383E-13
203.4	0.4631E-13
211.1	0.4893E-13
219.2	0.5169E-13
227.5	0.5460E-13
236.2	0.5768E-13
245.2	0.6092E-13
254.5	0.6435E-13
264.2	0.6797E-13
274.3	0.7179E-13
284.7	0.7582E-13
295.6	0.8008E-13
306.8	0.8458E-13
318.5	0.8934E-13
330.6	0.9436E-13
343.2	0.9966E-13
356.3	0.1053E-12
369.9	0.1112E-12
384.0	0.1174E-12
398.6	0.1240E-12
413.8	0.1310E-12
429.5	0.1383E-12
445.9	0.1460E-12
462.9	0.1542E-12
480.5	0.1628E-12
498.8	0.1719E-12
517.8	0.1815E-12
537.5	0.1916E-12
558.0	0.2022E-12
579.2	0.2134E-12
601.3	0.2252E-12
624.2	0.2376E-12
648.0	0.2506E-12
672.6	0.2644E-12
698.3	0.2788E-12
724.9	0.2940E-12
752.5	0.3099E-12
781.1	0.3266E-12
810.9	0.3442E-12
841.8	0.3626E-12
873.8	0.3819E-12
907.1	0.4021E-12
941.6	0.4232E-12
977.5	0.4454E-12
1015.	0.4686E-12
1053.	0.4928E-12
1094.	0.5181E-12
1135.	0.5445E-12
1178.	0.5720E-12
1223.	0.6007E-12
1270.	0.6307E-12
1318.	0.6618E-12
1368.	0.6941E-12
1421.	0.7278E-12
1475.	0.7628E-12
1531.	0.7990E-12
1589.	0.8365E-12
1650.	0.8754E-12
1712.	0.9156E-12
1778.	0.9571E-12
1845.	0.1000E-11
1916.	0.1044E-11
1989.	0.1090E-11
2064.	0.1137E-11
2143.	0.1185E-11
2225.	0.1234E-11
2309.	0.1285E-11
2397.	0.1337E-11
2489.	0.1390E-11
2583.	0.1444E-11
2682.	0.1500E-11
2784.	0.1556E-11
2890.	0.1614E-11
3000.	0.1672E-11
 
 
E/N (Td)	Growth power /N (eV m3/s)
0.1000E-02	-0.4991E-25
0.1038E-02	-0.4991E-25
0.1078E-02	-0.4991E-25
0.1119E-02	-0.4991E-25
0.1161E-02	-0.4991E-25
0.1205E-02	-0.4991E-25
0.1251E-02	-0.4991E-25
0.1299E-02	-0.4991E-25
0.1349E-02	-0.4991E-25
0.1400E-02	-0.4991E-25
0.1453E-02	-0.4991E-25
0.1509E-02	-0.4991E-25
0.1566E-02	-0.4991E-25
0.1626E-02	-0.4991E-25
0.1688E-02	-0.4991E-25
0.1752E-02	-0.4991E-25
0.1819E-02	-0.4991E-25
0.1888E-02	-0.4991E-25
0.1960E-02	-0.4991E-25
0.2034E-02	-0.4991E-25
0.2112E-02	-0.4991E-25
0.2192E-02	-0.4991E-25
0.2276E-02	-0.4991E-25
0.2362E-02	-0.4991E-25
0.2452E-02	-0.4991E-25
0.2546E-02	-0.4991E-25
0.2643E-02	-0.4991E-25
0.2743E-02	-0.4991E-25
0.2848E-02	-0.4991E-25
0.2956E-02	-0.4991E-25
0.3069E-02	-0.4991E-25
0.3186E-02	-0.4991E-25
0.3307E-02	-0.4991E-25
0.3433E-02	-0.4992E-25
0.3564E-02	-0.4992E-25
0.3700E-02	-0.4992E-25
0.3841E-02	-0.4992E-25
0.3987E-02	-0.4992E-25
0.4139E-02	-0.4992E-25
0.4296E-02	-0.4992E-25
0.4460E-02	-0.4992E-25
0.4630E-02	-0.4992E-25
0.4806E-02	-0.4992E-25
0.4989E-02	-0.4993E-25
0.5179E-02	-0.4993E-25
0.5377E-02	-0.4993E-25
0.5581E-02	-0.4993E-25
0.5794E-02	-0.4993E-25
0.6015E-02	-0.4993E-25
0.6244E-02	-0.4994E-25
0.6481E-02	-0.4994E-25
0.6728E-02	-0.4994E-25
0.6985E-02	-0.4994E-25
0.7251E-02	-0.4995E-25
0.7527E-02	-0.4995E-25
0.7813E-02	-0.4995E-25
0.8111E-02	-0.4996E-25
0.8420E-02	-0.4996E-25
0.8741E-02	-0.4997E-25
0.9073E-02	-0.4997E-25
0.9419E-02	-0.4998E-25
0.9778E-02	-0.4998E-25
0.1015E-01	-0.4999E-25
0.1054E-01	-0.4999E-25
0.1094E-01	-0.5000E-25
0.1135E-01	-0.5001E-25
0.1179E-01	-0.5001E-25
0.1224E-01	-0.5002E-25
0.1270E-01	-0.5003E-25
0.1319E-01	-0.5004E-25
0.1369E-01	-0.5005E-25
0.1421E-01	-0.5006E-25
0.1475E-01	-0.5007E-25
0.1531E-01	-0.5009E-25
0.1590E-01	-0.5010E-25
0.1650E-01	-0.5011E-25
0.1713E-01	-0.5013E-25
0.1778E-01	-0.5015E-25
0.1846E-01	-0.5016E-25
0.1916E-01	-0.5018E-25
0.1989E-01	-0.5020E-25
0.2065E-01	-0.5023E-25
0.2144E-01	-0.5025E-25
0.2225E-01	-0.5027E-25
0.2310E-01	-0.5030E-25
0.2398E-01	-0.5033E-25
0.2489E-01	-0.5036E-25
0.2584E-01	-0.5039E-25
0.2682E-01	-0.5042E-25
0.2785E-01	-0.5046E-25
0.2891E-01	-0.5050E-25
0.3001E-01	-0.5054E-25
0.3115E-01	-0.5058E-25
0.3234E-01	-0.5063E-25
0.3357E-01	-0.5068E-25
0.3485E-01	-0.5073E-25
0.3617E-01	-0.5078E-25
0.3755E-01	-0.5084E-25
0.3898E-01	-0.5090E-25
0.4047E-01	-0.5096E-25
0.4201E-01	-0.5103E-25
0.4361E-01	-0.5110E-25
0.4527E-01	-0.5117E-25
0.4699E-01	-0.5125E-25
0.4878E-01	-0.5133E-25
0.5064E-01	-0.5142E-25
0.5257E-01	-0.5150E-25
0.5457E-01	-0.5160E-25
0.5665E-01	-0.5169E-25
0.5881E-01	-0.5179E-25
0.6105E-01	-0.5190E-25
0.6337E-01	-0.5200E-25
0.6579E-01	-0.5212E-25
0.6829E-01	-0.5223E-25
0.7089E-01	-0.5236E-25
0.7359E-01	-0.5249E-25
0.7640E-01	-0.5262E-25
0.7931E-01	-0.5276E-25
0.8233E-01	-0.5290E-25
0.8546E-01	-0.5306E-25
0.8872E-01	-0.5322E-25
0.9210E-01	-0.5338E-25
0.9560E-01	-0.5356E-25
0.9924E-01	-0.5374E-25
0.1030	-0.5394E-25
0.1069	-0.5414E-25
0.1110	-0.5436E-25
0.1152	-0.5459E-25
0.1196	-0.5483E-25
0.1242	-0.5509E-25
0.1289	-0.5536E-25
0.1338	-0.5565E-25
0.1389	-0.5596E-25
0.1442	-0.5630E-25
0.1497	-0.5665E-25
0.1554	-0.5703E-25
0.1613	-0.5743E-25
0.1675	-0.5787E-25
0.1739	-0.5834E-25
0.1805	-0.5884E-25
0.1874	-0.5938E-25
0.1945	-0.5996E-25
0.2019	-0.6059E-25
0.2096	-0.6127E-25
0.2176	-0.6200E-25
0.2259	-0.6279E-25
0.2345	-0.6365E-25
0.2434	-0.6457E-25
0.2527	-0.6558E-25
0.2623	-0.6667E-25
0.2723	-0.6786E-25
0.2826	-0.6915E-25
0.2934	-0.7056E-25
0.3046	-0.7209E-25
0.3162	-0.7377E-25
0.3282	-0.7561E-25
0.3407	-0.7762E-25
0.3537	-0.7983E-25
0.3672	-0.8226E-25
0.3812	-0.8494E-25
0.3957	-0.8790E-25
0.4107	-0.9118E-25
0.4264	-0.9481E-25
0.4426	-0.9885E-25
0.4595	-0.1034E-24
0.4770	-0.1084E-24
0.4952	-0.1140E-24
0.5140	-0.1204E-24
0.5336	-0.1275E-24
0.5539	-0.1356E-24
0.5750	-0.1448E-24
0.5969	-0.1553E-24
0.6196	-0.1674E-24
0.6432	-0.1813E-24
0.6677	-0.1976E-24
0.6932	-0.2166E-24
0.7196	-0.2390E-24
0.7470	-0.2657E-24
0.7754	-0.2979E-24
0.8050	-0.3370E-24
0.8356	-0.3851E-24
0.8674	-0.4449E-24
0.9005	-0.5201E-24
0.9348	-0.6158E-24
0.9704	-0.7389E-24
1.007	-0.8986E-24
1.046	-0.1108E-23
1.086	-0.1384E-23
1.127	-0.1750E-23
1.170	-0.2237E-23
1.214	-0.2888E-23
1.261	-0.3756E-23
1.309	-0.4917E-23
1.358	-0.6467E-23
1.410	-0.8533E-23
1.464	-0.1128E-22
1.520	-0.1493E-22
1.578	-0.1973E-22
1.638	-0.2603E-22
1.700	-0.3428E-22
1.765	-0.4502E-22
1.832	-0.5892E-22
1.902	-0.7686E-22
1.974	-0.9991E-22
2.049	-0.1293E-21
2.127	-0.1667E-21
2.208	-0.2139E-21
2.293	-0.2734E-21
2.380	-0.3483E-21
2.470	-0.4416E-21
2.565	-0.5576E-21
2.662	-0.7014E-21
2.764	-0.8790E-21
2.869	-0.1098E-20
2.978	-0.1366E-20
3.092	-0.1694E-20
3.209	-0.2094E-20
3.332	-0.2580E-20
3.458	-0.3170E-20
3.590	-0.3886E-20
3.727	-0.4749E-20
3.869	-0.5788E-20
4.016	-0.7039E-20
4.169	-0.8541E-20
4.328	-0.1034E-19
4.493	-0.1250E-19
4.664	-0.1507E-19
4.841	-0.1814E-19
5.026	-0.2181E-19
5.217	-0.2617E-19
5.416	-0.3135E-19
5.622	-0.3751E-19
5.836	-0.4481E-19
6.059	-0.5349E-19
6.289	-0.6374E-19
6.529	-0.7586E-19
6.778	-0.9016E-19
7.036	-0.1071E-18
7.304	-0.1270E-18
7.582	-0.1503E-18
7.871	-0.1779E-18
8.170	-0.2102E-18
8.482	-0.2479E-18
8.805	-0.2923E-18
9.140	-0.3438E-18
9.488	-0.4037E-18
9.849	-0.4732E-18
10.22	-0.5548E-18
10.61	-0.6478E-18
11.02	-0.7548E-18
11.44	-0.8774E-18
11.87	-0.1017E-17
12.33	-0.1175E-17
12.80	-0.1355E-17
13.28	-0.1558E-17
13.79	-0.1786E-17
14.31	-0.2040E-17
14.86	-0.2324E-17
15.42	-0.2637E-17
16.01	-0.2980E-17
16.62	-0.3356E-17
17.25	-0.3764E-17
17.91	-0.4207E-17
18.59	-0.4681E-17
19.30	-0.5186E-17
20.04	-0.5722E-17
20.80	-0.6285E-17
21.59	-0.6874E-17
22.42	-0.7485E-17
23.27	-0.8115E-17
24.16	-0.8760E-17
25.08	-0.9415E-17
26.03	-0.1007E-16
27.02	-0.1074E-16
28.05	-0.1140E-16
29.12	-0.1205E-16
30.23	-0.1269E-16
31.38	-0.1333E-16
32.57	-0.1395E-16
33.82	-0.1455E-16
35.10	-0.1514E-16
36.44	-0.1571E-16
37.83	-0.1626E-16
39.27	-0.1679E-16
40.76	-0.1731E-16
42.32	-0.1781E-16
43.93	-0.1830E-16
45.60	-0.1877E-16
47.34	-0.1923E-16
49.14	-0.1967E-16
51.01	-0.2010E-16
52.96	-0.2052E-16
54.97	-0.2093E-16
57.07	-0.2133E-16
59.24	-0.2171E-16
61.50	-0.2209E-16
63.84	-0.2244E-16
66.27	-0.2278E-16
68.79	-0.2308E-16
71.41	-0.2335E-16
74.13	-0.2356E-16
76.96	-0.2369E-16
79.89	-0.2372E-16
82.93	-0.2361E-16
86.09	-0.2330E-16
89.37	-0.2274E-16
92.77	-0.2184E-16
96.31	-0.2050E-16
99.97	-0.1859E-16
103.8	-0.1595E-16
107.7	-0.1238E-16
111.8	-0.7651E-17
116.1	-0.1475E-17
120.5	0.6488E-17
125.1	0.1664E-16
129.9	0.2945E-16
134.8	0.4547E-16
140.0	0.6532E-16
145.3	0.8972E-16
150.8	0.1195E-15
156.6	0.1556E-15
162.5	0.1991E-15
168.7	0.2511E-15
175.1	0.3129E-15
181.8	0.3860E-15
188.7	0.4720E-15
195.9	0.5726E-15
203.4	0.6898E-15
211.1	0.8257E-15
219.2	0.9826E-15
227.5	0.1163E-14
236.2	0.1370E-14
245.2	0.1606E-14
254.5	0.1875E-14
264.2	0.2179E-14
274.3	0.2524E-14
284.7	0.2913E-14
295.6	0.3351E-14
306.8	0.3843E-14
318.5	0.4394E-14
330.6	0.5010E-14
343.2	0.5697E-14
356.3	0.6462E-14
369.9	0.7313E-14
384.0	0.8258E-14
398.6	0.9306E-14
413.8	0.1047E-13
429.5	0.1175E-13
445.9	0.1317E-13
462.9	0.1473E-13
480.5	0.1645E-13
498.8	0.1835E-13
517.8	0.2043E-13
537.5	0.2273E-13
558.0	0.2524E-13
579.2	0.2801E-13
601.3	0.3104E-13
624.2	0.3436E-13
648.0	0.3800E-13
672.6	0.4199E-13
698.3	0.4635E-13
724.9	0.5112E-13
752.5	0.5634E-13
781.1	0.6205E-13
810.9	0.6829E-13
841.8	0.7510E-13
873.8	0.8255E-13
907.1	0.9068E-13
941.6	0.9956E-13
977.5	0.1093E-12
1015.	0.1199E-12
1053.	0.1314E-12
1094.	0.1441E-12
1135.	0.1579E-12
1178.	0.1729E-12
1223.	0.1894E-12
1270.	0.2074E-12
1318.	0.2269E-12
1368.	0.2484E-12
1421.	0.2718E-12
1475.	0.2974E-12
1531.	0.3253E-12
1589.	0.3558E-12
1650.	0.3892E-12
1712.	0.4256E-12
1778.	0.4653E-12
1845.	0.5087E-12
1916.	0.5562E-12
1989.	0.6080E-12
2064.	0.6646E-12
2143.	0.7264E-12
2225.	0.7939E-12
2309.	0.8675E-12
2397.	0.9478E-12
2489.	0.1035E-11
2583.	0.1131E-11
2682.	0.1235E-11
2784.	0.1349E-11
2890.	0.1473E-11
3000.	0.1608E-11
 
 
E/N (Td)	Maximum energy
0.1000E-02	0.7500
0.1038E-02	0.7500
0.1078E-02	0.7500
0.1119E-02	0.7500
0.1161E-02	0.7500
0.1205E-02	0.7500
0.1251E-02	0.7500
0.1299E-02	0.7500
0.1349E-02	0.7500
0.1400E-02	0.7500
0.1453E-02	0.7500
0.1509E-02	0.7500
0.1566E-02	0.7500
0.1626E-02	0.7500
0.1688E-02	0.7500
0.1752E-02	0.7500
0.1819E-02	0.7500
0.1888E-02	0.7500
0.1960E-02	0.7500
0.2034E-02	0.7500
0.2112E-02	0.7500
0.2192E-02	0.7500
0.2276E-02	0.7500
0.2362E-02	0.7500
0.2452E-02	0.7500
0.2546E-02	0.7500
0.2643E-02	0.7500
0.2743E-02	0.7500
0.2848E-02	0.7500
0.2956E-02	0.7500
0.3069E-02	0.7500
0.3186E-02	0.7500
0.3307E-02	0.7500
0.3433E-02	0.7500
0.3564E-02	0.7500
0.3700E-02	0.7500
0.3841E-02	0.7500
0.3987E-02	0.7500
0.4139E-02	0.7500
0.4296E-02	0.7500
0.4460E-02	0.7500
0.4630E-02	0.7500
0.4806E-02	0.7500
0.4989E-02	0.7500
0.5179E-02	0.7500
0.5377E-02	0.7500
0.5581E-02	0.7500
0.5794E-02	0.7500
0.6015E-02	0.7500
0.6244E-02	0.7500
0.6481E-02	0.7500
0.6728E-02	0.7500
0.6985E-02	0.7500
0.7251E-02	0.7500
0.7527E-02	0.7500
0.7813E-02	0.7500
0.8111E-02	0.7500
0.8420E-02	0.7500
0.8741E-02	0.7500
0.9073E-02	0.7500
0.9419E-02	0.7500
0.9778E-02	0.7500
0.1015E-01	0.7500
0.1054E-01	0.7500
0.1094E-01	0.7500
0.1135E-01	0.7500
0.1179E-01	0.7500
0.1224E-01	0.7500
0.1270E-01	0.7500
0.1319E-01	0.7500
0.1369E-01	0.7500
0.1421E-01	0.7500
0.1475E-01	0.7500
0.1531E-01	0.7500
0.1590E-01	0.7500
0.1650E-01	0.7500
0.1713E-01	0.7500
0.1778E-01	0.7500
0.1846E-01	0.7500
0.1916E-01	0.7500
0.1989E-01	0.7500
0.2065E-01	0.7500
0.2144E-01	0.7500
0.2225E-01	0.7500
0.2310E-01	0.7500
0.2398E-01	0.7500
0.2489E-01	0.7500
0.2584E-01	0.7500
0.2682E-01	0.7500
0.2785E-01	0.7500
0.2891E-01	0.7500
0.3001E-01	0.7500
0.3115E-01	0.7500
0.3234E-01	0.7500
0.3357E-01	0.7500
0.3485E-01	0.7500
0.3617E-01	0.7500
0.3755E-01	0.7500
0.3898E-01	0.7500
0.4047E-01	0.7500
0.4201E-01	0.7500
0.4361E-01	0.7500
0.4527E-01	0.7500
0.4699E-01	0.7500
0.4878E-01	0.7500
0.5064E-01	0.7500
0.5257E-01	0.7500
0.5457E-01	0.7500
0.5665E-01	0.7500
0.5881E-01	0.7500
0.6105E-01	0.7500
0.6337E-01	0.7500
0.6579E-01	0.7500
0.6829E-01	0.7500
0.7089E-01	0.7500
0.7359E-01	0.7500
0.7640E-01	0.7500
0.7931E-01	0.7500
0.8233E-01	0.7500
0.8546E-01	0.7500
0.8872E-01	0.7500
0.9210E-01	0.7500
0.9560E-01	0.7500
0.9924E-01	0.7500
0.1030	0.7500
0.1069	0.7500
0.1110	0.7500
0.1152	0.7500
0.1196	0.7500
0.1242	0.7500
0.1289	0.7500
0.1338	0.7500
0.1389	0.7500
0.1442	0.7500
0.1497	0.7500
0.1554	0.7500
0.1613	0.7500
0.1675	0.7500
0.1739	0.7500
0.1805	0.7500
0.1874	0.7500
0.1945	0.7500
0.2019	0.7500
0.2096	0.7500
0.2176	0.7500
0.2259	0.7500
0.2345	0.7500
0.2434	0.7500
0.2527	0.7500
0.2623	0.7500
0.2723	0.7500
0.2826	0.7500
0.2934	0.7500
0.3046	0.7500
0.3162	0.7500
0.3282	0.7500
0.3407	0.7500
0.3537	0.7500
0.3672	0.7500
0.3812	0.7500
0.3957	0.7500
0.4107	0.7500
0.4264	0.7500
0.4426	0.7500
0.4595	0.7500
0.4770	0.7500
0.4952	0.7500
0.5140	0.7500
0.5336	0.7500
0.5539	0.7500
0.5750	0.7500
0.5969	0.7500
0.6196	0.7500
0.6432	0.7500
0.6677	0.7500
0.6932	0.7500
0.7196	0.7500
0.7470	0.7500
0.7754	0.7500
0.8050	0.7500
0.8356	0.7500
0.8674	0.7500
0.9005	0.7500
0.9348	0.7500
0.9704	0.7500
1.007	0.7500
1.046	0.7500
1.086	0.7500
1.127	0.8933
1.170	0.8933
1.214	0.8933
1.261	0.8933
1.309	0.8933
1.358	0.8933
1.410	0.8933
1.464	0.8933
1.520	1.064
1.578	1.064
1.638	1.064
1.700	1.064
1.765	1.064
1.832	1.064
1.902	1.064
1.974	1.267
2.049	1.267
2.127	1.267
2.208	1.267
2.293	1.267
2.380	1.509
2.470	1.509
2.565	1.509
2.662	1.509
2.764	1.509
2.869	1.509
2.978	1.797
3.092	1.797
3.209	1.797
3.332	1.797
3.458	1.797
3.590	2.141
3.727	2.141
3.869	2.141
4.016	2.141
4.169	2.141
4.328	2.141
4.493	2.549
4.664	2.549
4.841	2.549
5.026	2.549
5.217	2.549
5.416	2.549
5.622	2.549
5.836	2.549
6.059	3.036
6.289	3.036
6.529	3.036
6.778	3.036
7.036	3.616
7.304	3.616
7.582	3.616
7.871	4.307
8.170	4.307
8.482	4.307
8.805	5.130
9.140	5.130
9.488	5.130
9.849	5.130
10.22	6.109
10.61	6.109
11.02	6.109
11.44	6.109
11.87	6.109
12.33	7.276
12.80	7.276
13.28	7.276
13.79	7.276
14.31	7.276
14.86	8.666
15.42	8.666
16.01	8.666
16.62	8.666
17.25	8.666
17.91	10.32
18.59	10.32
19.30	10.32
20.04	10.32
20.80	12.29
21.59	12.29
22.42	12.29
23.27	12.29
24.16	12.29
25.08	12.29
26.03	14.62
27.02	14.62
28.05	14.62
29.12	14.62
30.23	14.62
31.38	14.62
32.57	17.37
33.82	17.37
35.10	17.37
36.44	17.37
37.83	17.37
39.27	17.37
40.76	17.37
42.32	17.37
43.93	20.62
45.60	20.62
47.34	20.62
49.14	20.62
51.01	20.62
52.96	20.62
54.97	20.62
57.07	20.62
59.24	24.46
61.50	24.46
63.84	24.46
66.27	24.46
68.79	24.46
71.41	24.46
74.13	24.46
76.96	24.46
79.89	24.46
82.93	29.01
86.09	29.01
89.37	29.01
92.77	29.01
96.31	29.01
99.97	29.01
103.8	29.01
107.7	29.01
111.8	34.38
116.1	34.38
120.5	34.38
125.1	34.38
129.9	34.38
134.8	34.38
140.0	34.38
145.3	34.38
150.8	40.72
156.6	40.72
162.5	40.72
168.7	40.72
175.1	40.72
181.8	40.72
188.7	40.72
195.9	40.72
203.4	48.23
211.1	48.23
219.2	48.23
227.5	48.23
236.2	48.23
245.2	48.23
254.5	57.10
264.2	57.10
274.3	57.10
284.7	57.10
295.6	57.10
306.8	57.10
318.5	67.58
330.6	67.58
343.2	67.58
356.3	67.58
369.9	67.58
384.0	67.58
398.6	79.98
413.8	79.98
429.5	79.98
445.9	79.98
462.9	79.98
480.5	94.63
498.8	94.63
517.8	94.63
537.5	94.63
558.0	111.9
579.2	111.9
601.3	111.9
624.2	111.9
648.0	132.4
672.6	132.4
698.3	132.4
724.9	132.4
752.5	156.6
781.1	156.6
810.9	156.6
841.8	156.6
873.8	185.2
907.1	185.2
941.6	185.2
977.5	219.0
1015.	219.0
1053.	219.0
1094.	219.0
1135.	259.0
1178.	259.0
1223.	259.0
1270.	306.3
1318.	306.3
1368.	306.3
1421.	362.1
1475.	362.1
1531.	362.1
1589.	428.1
1650.	428.1
1712.	428.1
1778.	506.2
1845.	506.2
1916.	506.2
1989.	598.4
2064.	598.4
2143.	598.4
2225.	707.5
2309.	707.5
2397.	836.4
2489.	836.4
2583.	836.4
2682.	988.8
2784.	988.8
2890.	988.8
3000.	1169.
 
 
E/N (Td)	# of iterations
0.1000E-02	15.00
0.1038E-02	6.000
0.1078E-02	6.000
0.1119E-02	6.000
0.1161E-02	6.000
0.1205E-02	6.000
0.1251E-02	6.000
0.1299E-02	6.000
0.1349E-02	6.000
0.1400E-02	6.000
0.1453E-02	6.000
0.1509E-02	6.000
0.1566E-02	6.000
0.1626E-02	6.000
0.1688E-02	6.000
0.1752E-02	6.000
0.1819E-02	6.000
0.1888E-02	6.000
0.1960E-02	6.000
0.2034E-02	6.000
0.2112E-02	6.000
0.2192E-02	6.000
0.2276E-02	6.000
0.2362E-02	6.000
0.2452E-02	6.000
0.2546E-02	6.000
0.2643E-02	6.000
0.2743E-02	6.000
0.2848E-02	6.000
0.2956E-02	6.000
0.3069E-02	6.000
0.3186E-02	6.000
0.3307E-02	6.000
0.3433E-02	6.000
0.3564E-02	6.000
0.3700E-02	6.000
0.3841E-02	6.000
0.3987E-02	6.000
0.4139E-02	6.000
0.4296E-02	6.000
0.4460E-02	6.000
0.4630E-02	6.000
0.4806E-02	6.000
0.4989E-02	6.000
0.5179E-02	6.000
0.5377E-02	6.000
0.5581E-02	6.000
0.5794E-02	6.000
0.6015E-02	6.000
0.6244E-02	6.000
0.6481E-02	6.000
0.6728E-02	6.000
0.6985E-02	6.000
0.7251E-02	6.000
0.7527E-02	6.000
0.7813E-02	6.000
0.8111E-02	6.000
0.8420E-02	6.000
0.8741E-02	6.000
0.9073E-02	6.000
0.9419E-02	6.000
0.9778E-02	6.000
0.1015E-01	6.000
0.1054E-01	6.000
0.1094E-01	6.000
0.1135E-01	6.000
0.1179E-01	6.000
0.1224E-01	6.000
0.1270E-01	6.000
0.1319E-01	6.000
0.1369E-01	6.000
0.1421E-01	6.000
0.1475E-01	6.000
0.1531E-01	6.000
0.1590E-01	6.000
0.1650E-01	6.000
0.1713E-01	6.000
0.1778E-01	6.000
0.1846E-01	6.000
0.1916E-01	6.000
0.1989E-01	6.000
0.2065E-01	6.000
0.2144E-01	6.000
0.2225E-01	6.000
0.2310E-01	6.000
0.2398E-01	6.000
0.2489E-01	6.000
0.2584E-01	6.000
0.2682E-01	6.000
0.2785E-01	6.000
0.2891E-01	6.000
0.3001E-01	6.000
0.3115E-01	6.000
0.3234E-01	6.000
0.3357E-01	6.000
0.3485E-01	6.000
0.3617E-01	6.000
0.3755E-01	6.000
0.3898E-01	6.000
0.4047E-01	6.000
0.4201E-01	6.000
0.4361E-01	6.000
0.4527E-01	6.000
0.4699E-01	6.000
0.4878E-01	6.000
0.5064E-01	6.000
0.5257E-01	6.000
0.5457E-01	6.000
0.5665E-01	5.000
0.5881E-01	5.000
0.6105E-01	5.000
0.6337E-01	5.000
0.6579E-01	5.000
0.6829E-01	5.000
0.7089E-01	5.000
0.7359E-01	5.000
0.7640E-01	5.000
0.7931E-01	5.000
0.8233E-01	5.000
0.8546E-01	5.000
0.8872E-01	5.000
0.9210E-01	5.000
0.9560E-01	5.000
0.9924E-01	5.000
0.1030	5.000
0.1069	5.000
0.1110	5.000
0.1152	5.000
0.1196	5.000
0.1242	5.000
0.1289	5.000
0.1338	5.000
0.1389	5.000
0.1442	5.000
0.1497	5.000
0.1554	5.000
0.1613	5.000
0.1675	5.000
0.1739	5.000
0.1805	5.000
0.1874	5.000
0.1945	5.000
0.2019	5.000
0.2096	4.000
0.2176	4.000
0.2259	4.000
0.2345	4.000
0.2434	4.000
0.2527	4.000
0.2623	4.000
0.2723	4.000
0.2826	4.000
0.2934	4.000
0.3046	4.000
0.3162	4.000
0.3282	4.000
0.3407	4.000
0.3537	4.000
0.3672	4.000
0.3812	4.000
0.3957	4.000
0.4107	4.000
0.4264	4.000
0.4426	4.000
0.4595	4.000
0.4770	4.000
0.4952	4.000
0.5140	4.000
0.5336	4.000
0.5539	4.000
0.5750	4.000
0.5969	4.000
0.6196	4.000
0.6432	4.000
0.6677	4.000
0.6932	4.000
0.7196	4.000
0.7470	4.000
0.7754	4.000
0.8050	4.000
0.8356	4.000
0.8674	4.000
0.9005	4.000
0.9348	4.000
0.9704	4.000
1.007	4.000
1.046	4.000
1.086	4.000
1.127	8.000
1.170	4.000
1.214	4.000
1.261	4.000
1.309	4.000
1.358	4.000
1.410	4.000
1.464	4.000
1.520	8.000
1.578	4.000
1.638	4.000
1.700	4.000
1.765	4.000
1.832	4.000
1.902	4.000
1.974	8.000
2.049	4.000
2.127	4.000
2.208	4.000
2.293	4.000
2.380	8.000
2.470	4.000
2.565	4.000
2.662	4.000
2.764	4.000
2.869	4.000
2.978	8.000
3.092	4.000
3.209	4.000
3.332	4.000
3.458	3.000
3.590	8.000
3.727	4.000
3.869	4.000
4.016	4.000
4.169	4.000
4.328	4.000
4.493	8.000
4.664	4.000
4.841	4.000
5.026	4.000
5.217	4.000
5.416	4.000
5.622	4.000
5.836	4.000
6.059	8.000
6.289	4.000
6.529	4.000
6.778	4.000
7.036	8.000
7.304	4.000
7.582	4.000
7.871	8.000
8.170	4.000
8.482	4.000
8.805	8.000
9.140	4.000
9.488	4.000
9.849	4.000
10.22	8.000
10.61	4.000
11.02	4.000
11.44	4.000
11.87	4.000
12.33	8.000
12.80	4.000
13.28	4.000
13.79	4.000
14.31	4.000
14.86	8.000
15.42	4.000
16.01	4.000
16.62	4.000
17.25	4.000
17.91	8.000
18.59	4.000
19.30	4.000
20.04	4.000
20.80	8.000
21.59	4.000
22.42	4.000
23.27	4.000
24.16	4.000
25.08	4.000
26.03	8.000
27.02	4.000
28.05	4.000
29.12	4.000
30.23	4.000
31.38	4.000
32.57	8.000
33.82	4.000
35.10	4.000
36.44	4.000
37.83	4.000
39.27	4.000
40.76	4.000
42.32	4.000
43.93	8.000
45.60	4.000
47.34	4.000
49.14	4.000
51.01	4.000
52.96	4.000
54.97	4.000
57.07	4.000
59.24	8.000
61.50	4.000
63.84	4.000
66.27	4.000
68.79	4.000
71.41	4.000
74.13	4.000
76.96	4.000
79.89	4.000
82.93	8.000
86.09	4.000
89.37	4.000
92.77	4.000
96.31	4.000
99.97	4.000
103.8	4.000
107.7	4.000
111.8	8.000
116.1	4.000
120.5	4.000
125.1	4.000
129.9	4.000
134.8	4.000
140.0	4.000
145.3	4.000
150.8	8.000
156.6	4.000
162.5	4.000
168.7	4.000
175.1	4.000
181.8	4.000
188.7	4.000
195.9	4.000
203.4	9.000
211.1	5.000
219.2	5.000
227.5	5.000
236.2	5.000
245.2	5.000
254.5	10.00
264.2	5.000
274.3	5.000
284.7	5.000
295.6	5.000
306.8	5.000
318.5	10.00
330.6	5.000
343.2	5.000
356.3	5.000
369.9	5.000
384.0	5.000
398.6	10.00
413.8	5.000
429.5	6.000
445.9	6.000
462.9	6.000
480.5	12.00
498.8	6.000
517.8	6.000
537.5	6.000
558.0	12.00
579.2	6.000
601.3	6.000
624.2	6.000
648.0	12.00
672.6	6.000
698.3	6.000
724.9	6.000
752.5	12.00
781.1	6.000
810.9	6.000
841.8	6.000
873.8	12.00
907.1	6.000
941.6	6.000
977.5	12.00
1015.	6.000
1053.	6.000
1094.	6.000
1135.	12.00
1178.	6.000
1223.	6.000
1270.	13.00
1318.	7.000
1368.	7.000
1421.	14.00
1475.	7.000
1531.	7.000
1589.	13.00
1650.	6.000
1712.	6.000
1778.	13.00
1845.	7.000
1916.	7.000
1989.	14.00
2064.	7.000
2143.	7.000
2225.	14.00
2309.	7.000
2397.	14.00
2489.	7.000
2583.	7.000
2682.	15.00
2784.	8.000
2890.	8.000
3000.	16.00
 
 
E/N (Td)	# of grid trials
0.1000E-02	2.000
0.1038E-02	1.000
0.1078E-02	1.000
0.1119E-02	1.000
0.1161E-02	1.000
0.1205E-02	1.000
0.1251E-02	1.000
0.1299E-02	1.000
0.1349E-02	1.000
0.1400E-02	1.000
0.1453E-02	1.000
0.1509E-02	1.000
0.1566E-02	1.000
0.1626E-02	1.000
0.1688E-02	1.000
0.1752E-02	1.000
0.1819E-02	1.000
0.1888E-02	1.000
0.1960E-02	1.000
0.2034E-02	1.000
0.2112E-02	1.000
0.2192E-02	1.000
0.2276E-02	1.000
0.2362E-02	1.000
0.2452E-02	1.000
0.2546E-02	1.000
0.2643E-02	1.000
0.2743E-02	1.000
0.2848E-02	1.000
0.2956E-02	1.000
0.3069E-02	1.000
0.3186E-02	1.000
0.3307E-02	1.000
0.3433E-02	1.000
0.3564E-02	1.000
0.3700E-02	1.000
0.3841E-02	1.000
0.3987E-02	1.000
0.4139E-02	1.000
0.4296E-02	1.000
0.4460E-02	1.000
0.4630E-02	1.000
0.4806E-02	1.000
0.4989E-02	1.000
0.5179E-02	1.000
0.5377E-02	1.000
0.5581E-02	1.000
0.5794E-02	1.000
0.6015E-02	1.000
0.6244E-02	1.000
0.6481E-02	1.000
0.6728E-02	1.000
0.6985E-02	1.000
0.7251E-02	1.000
0.7527E-02	1.000
0.7813E-02	1.000
0.8111E-02	1.000
0.8420E-02	1.000
0.8741E-02	1.000
0.9073E-02	1.000
0.9419E-02	1.000
0.9778E-02	1.000
0.1015E-01	1.000
0.1054E-01	1.000
0.1094E-01	1.000
0.1135E-01	1.000
0.1179E-01	1.000
0.1224E-01	1.000
0.1270E-01	1.000
0.1319E-01	1.000
0.1369E-01	1.000
0.1421E-01	1.000
0.1475E-01	1.000
0.1531E-01	1.000
0.1590E-01	1.000
0.1650E-01	1.000
0.1713E-01	1.000
0.1778E-01	1.000
0.1846E-01	1.000
0.1916E-01	1.000
0.1989E-01	1.000
0.2065E-01	1.000
0.2144E-01	1.000
0.2225E-01	1.000
0.2310E-01	1.000
0.2398E-01	1.000
0.2489E-01	1.000
0.2584E-01	1.000
0.2682E-01	1.000
0.2785E-01	1.000
0.2891E-01	1.000
0.3001E-01	1.000
0.3115E-01	1.000
0.3234E-01	1.000
0.3357E-01	1.000
0.3485E-01	1.000
0.3617E-01	1.000
0.3755E-01	1.000
0.3898E-01	1.000
0.4047E-01	1.000
0.4201E-01	1.000
0.4361E-01	1.000
0.4527E-01	1.000
0.4699E-01	1.000
0.4878E-01	1.000
0.5064E-01	1.000
0.5257E-01	1.000
0.5457E-01	1.000
0.5665E-01	1.000
0.5881E-01	1.000
0.6105E-01	1.000
0.6337E-01	1.000
0.6579E-01	1.000
0.6829E-01	1.000
0.7089E-01	1.000
0.7359E-01	1.000
0.7640E-01	1.000
0.7931E-01	1.000
0.8233E-01	1.000
0.8546E-01	1.000
0.8872E-01	1.000
0.9210E-01	1.000
0.9560E-01	1.000
0.9924E-01	1.000
0.1030	1.000
0.1069	1.000
0.1110	1.000
0.1152	1.000
0.1196	1.000
0.1242	1.000
0.1289	1.000
0.1338	1.000
0.1389	1.000
0.1442	1.000
0.1497	1.000
0.1554	1.000
0.1613	1.000
0.1675	1.000
0.1739	1.000
0.1805	1.000
0.1874	1.000
0.1945	1.000
0.2019	1.000
0.2096	1.000
0.2176	1.000
0.2259	1.000
0.2345	1.000
0.2434	1.000
0.2527	1.000
0.2623	1.000
0.2723	1.000
0.2826	1.000
0.2934	1.000
0.3046	1.000
0.3162	1.000
0.3282	1.000
0.3407	1.000
0.3537	1.000
0.3672	1.000
0.3812	1.000
0.3957	1.000
0.4107	1.000
0.4264	1.000
0.4426	1.000
0.4595	1.000
0.4770	1.000
0.4952	1.000
0.5140	1.000
0.5336	1.000
0.5539	1.000
0.5750	1.000
0.5969	1.000
0.6196	1.000
0.6432	1.000
0.6677	1.000
0.6932	1.000
0.7196	1.000
0.7470	1.000
0.7754	1.000
0.8050	1.000
0.8356	1.000
0.8674	1.000
0.9005	1.000
0.9348	1.000
0.9704	1.000
1.007	1.000
1.046	1.000
1.086	1.000
1.127	2.000
1.170	1.000
1.214	1.000
1.261	1.000
1.309	1.000
1.358	1.000
1.410	1.000
1.464	1.000
1.520	2.000
1.578	1.000
1.638	1.000
1.700	1.000
1.765	1.000
1.832	1.000
1.902	1.000
1.974	2.000
2.049	1.000
2.127	1.000
2.208	1.000
2.293	1.000
2.380	2.000
2.470	1.000
2.565	1.000
2.662	1.000
2.764	1.000
2.869	1.000
2.978	2.000
3.092	1.000
3.209	1.000
3.332	1.000
3.458	1.000
3.590	2.000
3.727	1.000
3.869	1.000
4.016	1.000
4.169	1.000
4.328	1.000
4.493	2.000
4.664	1.000
4.841	1.000
5.026	1.000
5.217	1.000
5.416	1.000
5.622	1.000
5.836	1.000
6.059	2.000
6.289	1.000
6.529	1.000
6.778	1.000
7.036	2.000
7.304	1.000
7.582	1.000
7.871	2.000
8.170	1.000
8.482	1.000
8.805	2.000
9.140	1.000
9.488	1.000
9.849	1.000
10.22	2.000
10.61	1.000
11.02	1.000
11.44	1.000
11.87	1.000
12.33	2.000
12.80	1.000
13.28	1.000
13.79	1.000
14.31	1.000
14.86	2.000
15.42	1.000
16.01	1.000
16.62	1.000
17.25	1.000
17.91	2.000
18.59	1.000
19.30	1.000
20.04	1.000
20.80	2.000
21.59	1.000
22.42	1.000
23.27	1.000
24.16	1.000
25.08	1.000
26.03	2.000
27.02	1.000
28.05	1.000
29.12	1.000
30.23	1.000
31.38	1.000
32.57	2.000
33.82	1.000
35.10	1.000
36.44	1.000
37.83	1.000
39.27	1.000
40.76	1.000
42.32	1.000
43.93	2.000
45.60	1.000
47.34	1.000
49.14	1.000
51.01	1.000
52.96	1.000
54.97	1.000
57.07	1.000
59.24	2.000
61.50	1.000
63.84	1.000
66.27	1.000
68.79	1.000
71.41	1.000
74.13	1.000
76.96	1.000
79.89	1.000
82.93	2.000
86.09	1.000
89.37	1.000
92.77	1.000
96.31	1.000
99.97	1.000
103.8	1.000
107.7	1.000
111.8	2.000
116.1	1.000
120.5	1.000
125.1	1.000
129.9	1.000
134.8	1.000
140.0	1.000
145.3	1.000
150.8	2.000
156.6	1.000
162.5	1.000
168.7	1.000
175.1	1.000
181.8	1.000
188.7	1.000
195.9	1.000
203.4	2.000
211.1	1.000
219.2	1.000
227.5	1.000
236.2	1.000
245.2	1.000
254.5	2.000
264.2	1.000
274.3	1.000
284.7	1.000
295.6	1.000
306.8	1.000
318.5	2.000
330.6	1.000
343.2	1.000
356.3	1.000
369.9	1.000
384.0	1.000
398.6	2.000
413.8	1.000
429.5	1.000
445.9	1.000
462.9	1.000
480.5	2.000
498.8	1.000
517.8	1.000
537.5	1.000
558.0	2.000
579.2	1.000
601.3	1.000
624.2	1.000
648.0	2.000
672.6	1.000
698.3	1.000
724.9	1.000
752.5	2.000
781.1	1.000
810.9	1.000
841.8	1.000
873.8	2.000
907.1	1.000
941.6	1.000
977.5	2.000
1015.	1.000
1053.	1.000
1094.	1.000
1135.	2.000
1178.	1.000
1223.	1.000
1270.	2.000
1318.	1.000
1368.	1.000
1421.	2.000
1475.	1.000
1531.	1.000
1589.	2.000
1650.	1.000
1712.	1.000
1778.	2.000
1845.	1.000
1916.	1.000
1989.	2.000
2064.	1.000
2143.	1.000
2225.	2.000
2309.	1.000
2397.	2.000
2489.	1.000
2583.	1.000
2682.	2.000
2784.	1.000
2890.	1.000
3000.	2.000
 
 
C1    N2O    Attachment                                         
E/N (Td)	Rate coefficient (m3/s)
0.1000E-02	0.1287E-23
0.1038E-02	0.1287E-23
0.1078E-02	0.1287E-23
0.1119E-02	0.1287E-23
0.1161E-02	0.1287E-23
0.1205E-02	0.1287E-23
0.1251E-02	0.1287E-23
0.1299E-02	0.1287E-23
0.1349E-02	0.1287E-23
0.1400E-02	0.1287E-23
0.1453E-02	0.1287E-23
0.1509E-02	0.1287E-23
0.1566E-02	0.1287E-23
0.1626E-02	0.1287E-23
0.1688E-02	0.1287E-23
0.1752E-02	0.1287E-23
0.1819E-02	0.1287E-23
0.1888E-02	0.1287E-23
0.1960E-02	0.1287E-23
0.2034E-02	0.1287E-23
0.2112E-02	0.1287E-23
0.2192E-02	0.1287E-23
0.2276E-02	0.1287E-23
0.2362E-02	0.1287E-23
0.2452E-02	0.1287E-23
0.2546E-02	0.1287E-23
0.2643E-02	0.1287E-23
0.2743E-02	0.1287E-23
0.2848E-02	0.1287E-23
0.2956E-02	0.1287E-23
0.3069E-02	0.1287E-23
0.3186E-02	0.1287E-23
0.3307E-02	0.1287E-23
0.3433E-02	0.1287E-23
0.3564E-02	0.1287E-23
0.3700E-02	0.1287E-23
0.3841E-02	0.1287E-23
0.3987E-02	0.1287E-23
0.4139E-02	0.1287E-23
0.4296E-02	0.1287E-23
0.4460E-02	0.1287E-23
0.4630E-02	0.1287E-23
0.4806E-02	0.1287E-23
0.4989E-02	0.1287E-23
0.5179E-02	0.1287E-23
0.5377E-02	0.1287E-23
0.5581E-02	0.1287E-23
0.5794E-02	0.1287E-23
0.6015E-02	0.1287E-23
0.6244E-02	0.1287E-23
0.6481E-02	0.1287E-23
0.6728E-02	0.1287E-23
0.6985E-02	0.1287E-23
0.7251E-02	0.1287E-23
0.7527E-02	0.1288E-23
0.7813E-02	0.1288E-23
0.8111E-02	0.1288E-23
0.8420E-02	0.1288E-23
0.8741E-02	0.1288E-23
0.9073E-02	0.1288E-23
0.9419E-02	0.1288E-23
0.9778E-02	0.1288E-23
0.1015E-01	0.1288E-23
0.1054E-01	0.1288E-23
0.1094E-01	0.1288E-23
0.1135E-01	0.1288E-23
0.1179E-01	0.1289E-23
0.1224E-01	0.1289E-23
0.1270E-01	0.1289E-23
0.1319E-01	0.1289E-23
0.1369E-01	0.1289E-23
0.1421E-01	0.1289E-23
0.1475E-01	0.1289E-23
0.1531E-01	0.1290E-23
0.1590E-01	0.1290E-23
0.1650E-01	0.1290E-23
0.1713E-01	0.1290E-23
0.1778E-01	0.1291E-23
0.1846E-01	0.1291E-23
0.1916E-01	0.1291E-23
0.1989E-01	0.1292E-23
0.2065E-01	0.1292E-23
0.2144E-01	0.1292E-23
0.2225E-01	0.1293E-23
0.2310E-01	0.1293E-23
0.2398E-01	0.1294E-23
0.2489E-01	0.1294E-23
0.2584E-01	0.1295E-23
0.2682E-01	0.1295E-23
0.2785E-01	0.1296E-23
0.2891E-01	0.1296E-23
0.3001E-01	0.1297E-23
0.3115E-01	0.1298E-23
0.3234E-01	0.1299E-23
0.3357E-01	0.1299E-23
0.3485E-01	0.1300E-23
0.3617E-01	0.1301E-23
0.3755E-01	0.1302E-23
0.3898E-01	0.1303E-23
0.4047E-01	0.1304E-23
0.4201E-01	0.1305E-23
0.4361E-01	0.1306E-23
0.4527E-01	0.1308E-23
0.4699E-01	0.1309E-23
0.4878E-01	0.1310E-23
0.5064E-01	0.1312E-23
0.5257E-01	0.1313E-23
0.5457E-01	0.1315E-23
0.5665E-01	0.1317E-23
0.5881E-01	0.1318E-23
0.6105E-01	0.1320E-23
0.6337E-01	0.1322E-23
0.6579E-01	0.1324E-23
0.6829E-01	0.1326E-23
0.7089E-01	0.1328E-23
0.7359E-01	0.1331E-23
0.7640E-01	0.1333E-23
0.7931E-01	0.1336E-23
0.8233E-01	0.1338E-23
0.8546E-01	0.1341E-23
0.8872E-01	0.1344E-23
0.9210E-01	0.1347E-23
0.9560E-01	0.1351E-23
0.9924E-01	0.1354E-23
0.1030	0.1358E-23
0.1069	0.1361E-23
0.1110	0.1366E-23
0.1152	0.1370E-23
0.1196	0.1375E-23
0.1242	0.1379E-23
0.1289	0.1385E-23
0.1338	0.1390E-23
0.1389	0.1396E-23
0.1442	0.1403E-23
0.1497	0.1409E-23
0.1554	0.1417E-23
0.1613	0.1425E-23
0.1675	0.1433E-23
0.1739	0.1442E-23
0.1805	0.1452E-23
0.1874	0.1462E-23
0.1945	0.1473E-23
0.2019	0.1486E-23
0.2096	0.1499E-23
0.2176	0.1513E-23
0.2259	0.1528E-23
0.2345	0.1545E-23
0.2434	0.1563E-23
0.2527	0.1582E-23
0.2623	0.1603E-23
0.2723	0.1626E-23
0.2826	0.1651E-23
0.2934	0.1678E-23
0.3046	0.1708E-23
0.3162	0.1740E-23
0.3282	0.1775E-23
0.3407	0.1814E-23
0.3537	0.1856E-23
0.3672	0.1902E-23
0.3812	0.1953E-23
0.3957	0.2010E-23
0.4107	0.2072E-23
0.4264	0.2140E-23
0.4426	0.2216E-23
0.4595	0.2300E-23
0.4770	0.2394E-23
0.4952	0.2499E-23
0.5140	0.2616E-23
0.5336	0.2747E-23
0.5539	0.2895E-23
0.5750	0.3062E-23
0.5969	0.3252E-23
0.6196	0.3469E-23
0.6432	0.3718E-23
0.6677	0.4005E-23
0.6932	0.4339E-23
0.7196	0.4731E-23
0.7470	0.5194E-23
0.7754	0.5747E-23
0.8050	0.6414E-23
0.8356	0.7227E-23
0.8674	0.8230E-23
0.9005	0.9479E-23
0.9348	0.1105E-22
0.9704	0.1305E-22
1.007	0.1562E-22
1.046	0.1894E-22
1.086	0.2325E-22
1.127	0.2890E-22
1.170	0.3629E-22
1.214	0.4599E-22
1.261	0.5872E-22
1.309	0.7542E-22
1.358	0.9731E-22
1.410	0.1259E-21
1.464	0.1631E-21
1.520	0.2116E-21
1.578	0.2739E-21
1.638	0.3541E-21
1.700	0.4566E-21
1.765	0.5871E-21
1.832	0.7523E-21
1.902	0.9603E-21
1.974	0.1221E-20
2.049	0.1546E-20
2.127	0.1949E-20
2.208	0.2446E-20
2.293	0.3056E-20
2.380	0.3805E-20
2.470	0.4713E-20
2.565	0.5813E-20
2.662	0.7139E-20
2.764	0.8732E-20
2.869	0.1064E-19
2.978	0.1291E-19
3.092	0.1561E-19
3.209	0.1880E-19
3.332	0.2257E-19
3.458	0.2699E-19
3.590	0.3218E-19
3.727	0.3822E-19
3.869	0.4526E-19
4.016	0.5343E-19
4.169	0.6289E-19
4.328	0.7379E-19
4.493	0.8635E-19
4.664	0.1007E-18
4.841	0.1172E-18
5.026	0.1360E-18
5.217	0.1573E-18
5.416	0.1815E-18
5.622	0.2089E-18
5.836	0.2398E-18
6.059	0.2747E-18
6.289	0.3137E-18
6.529	0.3573E-18
6.778	0.4060E-18
7.036	0.4603E-18
7.304	0.5204E-18
7.582	0.5870E-18
7.871	0.6610E-18
8.170	0.7421E-18
8.482	0.8314E-18
8.805	0.9298E-18
9.140	0.1037E-17
9.488	0.1154E-17
9.849	0.1282E-17
10.22	0.1423E-17
10.61	0.1573E-17
11.02	0.1737E-17
11.44	0.1913E-17
11.87	0.2103E-17
12.33	0.2305E-17
12.80	0.2523E-17
13.28	0.2756E-17
13.79	0.3004E-17
14.31	0.3266E-17
14.86	0.3544E-17
15.42	0.3834E-17
16.01	0.4137E-17
16.62	0.4451E-17
17.25	0.4774E-17
17.91	0.5107E-17
18.59	0.5444E-17
19.30	0.5784E-17
20.04	0.6124E-17
20.80	0.6461E-17
21.59	0.6793E-17
22.42	0.7117E-17
23.27	0.7430E-17
24.16	0.7730E-17
25.08	0.8014E-17
26.03	0.8281E-17
27.02	0.8530E-17
28.05	0.8760E-17
29.12	0.8970E-17
30.23	0.9161E-17
31.38	0.9332E-17
32.57	0.9484E-17
33.82	0.9617E-17
35.10	0.9733E-17
36.44	0.9832E-17
37.83	0.9915E-17
39.27	0.9982E-17
40.76	0.1004E-16
42.32	0.1008E-16
43.93	0.1010E-16
45.60	0.1012E-16
47.34	0.1012E-16
49.14	0.1012E-16
51.01	0.1011E-16
52.96	0.1008E-16
54.97	0.1005E-16
57.07	0.1001E-16
59.24	0.9966E-17
61.50	0.9913E-17
63.84	0.9855E-17
66.27	0.9791E-17
68.79	0.9722E-17
71.41	0.9649E-17
74.13	0.9572E-17
76.96	0.9492E-17
79.89	0.9408E-17
82.93	0.9323E-17
86.09	0.9235E-17
89.37	0.9147E-17
92.77	0.9057E-17
96.31	0.8967E-17
99.97	0.8877E-17
103.8	0.8787E-17
107.7	0.8698E-17
111.8	0.8610E-17
116.1	0.8524E-17
120.5	0.8439E-17
125.1	0.8356E-17
129.9	0.8276E-17
134.8	0.8197E-17
140.0	0.8121E-17
145.3	0.8047E-17
150.8	0.7975E-17
156.6	0.7906E-17
162.5	0.7838E-17
168.7	0.7773E-17
175.1	0.7710E-17
181.8	0.7649E-17
188.7	0.7589E-17
195.9	0.7531E-17
203.4	0.7474E-17
211.1	0.7418E-17
219.2	0.7362E-17
227.5	0.7308E-17
236.2	0.7253E-17
245.2	0.7199E-17
254.5	0.7145E-17
264.2	0.7091E-17
274.3	0.7036E-17
284.7	0.6980E-17
295.6	0.6924E-17
306.8	0.6867E-17
318.5	0.6809E-17
330.6	0.6750E-17
343.2	0.6690E-17
356.3	0.6629E-17
369.9	0.6566E-17
384.0	0.6502E-17
398.6	0.6437E-17
413.8	0.6370E-17
429.5	0.6302E-17
445.9	0.6233E-17
462.9	0.6162E-17
480.5	0.6090E-17
498.8	0.6017E-17
517.8	0.5942E-17
537.5	0.5866E-17
558.0	0.5789E-17
579.2	0.5710E-17
601.3	0.5630E-17
624.2	0.5549E-17
648.0	0.5467E-17
672.6	0.5384E-17
698.3	0.5300E-17
724.9	0.5215E-17
752.5	0.5130E-17
781.1	0.5043E-17
810.9	0.4955E-17
841.8	0.4867E-17
873.8	0.4778E-17
907.1	0.4688E-17
941.6	0.4598E-17
977.5	0.4507E-17
1015.	0.4416E-17
1053.	0.4324E-17
1094.	0.4232E-17
1135.	0.4140E-17
1178.	0.4047E-17
1223.	0.3955E-17
1270.	0.3862E-17
1318.	0.3769E-17
1368.	0.3676E-17
1421.	0.3583E-17
1475.	0.3491E-17
1531.	0.3399E-17
1589.	0.3307E-17
1650.	0.3216E-17
1712.	0.3125E-17
1778.	0.3035E-17
1845.	0.2945E-17
1916.	0.2856E-17
1989.	0.2768E-17
2064.	0.2681E-17
2143.	0.2595E-17
2225.	0.2510E-17
2309.	0.2426E-17
2397.	0.2343E-17
2489.	0.2262E-17
2583.	0.2181E-17
2682.	0.2103E-17
2784.	0.2025E-17
2890.	0.1949E-17
3000.	0.1875E-17
 
 
C2    N2O    Elastic                                            
E/N (Td)	Rate coefficient (m3/s)
0.1000E-02	0.2661E-13
0.1038E-02	0.2661E-13
0.1078E-02	0.2661E-13
0.1119E-02	0.2661E-13
0.1161E-02	0.2661E-13
0.1205E-02	0.2661E-13
0.1251E-02	0.2661E-13
0.1299E-02	0.2661E-13
0.1349E-02	0.2661E-13
0.1400E-02	0.2661E-13
0.1453E-02	0.2661E-13
0.1509E-02	0.2661E-13
0.1566E-02	0.2661E-13
0.1626E-02	0.2661E-13
0.1688E-02	0.2661E-13
0.1752E-02	0.2661E-13
0.1819E-02	0.2661E-13
0.1888E-02	0.2661E-13
0.1960E-02	0.2661E-13
0.2034E-02	0.2661E-13
0.2112E-02	0.2661E-13
0.2192E-02	0.2661E-13
0.2276E-02	0.2661E-13
0.2362E-02	0.2661E-13
0.2452E-02	0.2661E-13
0.2546E-02	0.2661E-13
0.2643E-02	0.2661E-13
0.2743E-02	0.2661E-13
0.2848E-02	0.2661E-13
0.2956E-02	0.2661E-13
0.3069E-02	0.2661E-13
0.3186E-02	0.2661E-13
0.3307E-02	0.2661E-13
0.3433E-02	0.2661E-13
0.3564E-02	0.2661E-13
0.3700E-02	0.2661E-13
0.3841E-02	0.2661E-13
0.3987E-02	0.2661E-13
0.4139E-02	0.2661E-13
0.4296E-02	0.2661E-13
0.4460E-02	0.2661E-13
0.4630E-02	0.2661E-13
0.4806E-02	0.2661E-13
0.4989E-02	0.2661E-13
0.5179E-02	0.2661E-13
0.5377E-02	0.2661E-13
0.5581E-02	0.2661E-13
0.5794E-02	0.2661E-13
0.6015E-02	0.2661E-13
0.6244E-02	0.2661E-13
0.6481E-02	0.2661E-13
0.6728E-02	0.2661E-13
0.6985E-02	0.2661E-13
0.7251E-02	0.2661E-13
0.7527E-02	0.2661E-13
0.7813E-02	0.2661E-13
0.8111E-02	0.2661E-13
0.8420E-02	0.2661E-13
0.8741E-02	0.2661E-13
0.9073E-02	0.2661E-13
0.9419E-02	0.2661E-13
0.9778E-02	0.2661E-13
0.1015E-01	0.2661E-13
0.1054E-01	0.2661E-13
0.1094E-01	0.2661E-13
0.1135E-01	0.2661E-13
0.1179E-01	0.2661E-13
0.1224E-01	0.2661E-13
0.1270E-01	0.2661E-13
0.1319E-01	0.2661E-13
0.1369E-01	0.2661E-13
0.1421E-01	0.2661E-13
0.1475E-01	0.2661E-13
0.1531E-01	0.2661E-13
0.1590E-01	0.2661E-13
0.1650E-01	0.2661E-13
0.1713E-01	0.2661E-13
0.1778E-01	0.2661E-13
0.1846E-01	0.2661E-13
0.1916E-01	0.2661E-13
0.1989E-01	0.2660E-13
0.2065E-01	0.2660E-13
0.2144E-01	0.2660E-13
0.2225E-01	0.2660E-13
0.2310E-01	0.2660E-13
0.2398E-01	0.2660E-13
0.2489E-01	0.2660E-13
0.2584E-01	0.2660E-13
0.2682E-01	0.2660E-13
0.2785E-01	0.2660E-13
0.2891E-01	0.2660E-13
0.3001E-01	0.2660E-13
0.3115E-01	0.2660E-13
0.3234E-01	0.2660E-13
0.3357E-01	0.2659E-13
0.3485E-01	0.2659E-13
0.3617E-01	0.2659E-13
0.3755E-01	0.2659E-13
0.3898E-01	0.2659E-13
0.4047E-01	0.2659E-13
0.4201E-01	0.2659E-13
0.4361E-01	0.2659E-13
0.4527E-01	0.2658E-13
0.4699E-01	0.2658E-13
0.4878E-01	0.2658E-13
0.5064E-01	0.2658E-13
0.5257E-01	0.2658E-13
0.5457E-01	0.2658E-13
0.5665E-01	0.2657E-13
0.5881E-01	0.2657E-13
0.6105E-01	0.2657E-13
0.6337E-01	0.2657E-13
0.6579E-01	0.2657E-13
0.6829E-01	0.2656E-13
0.7089E-01	0.2656E-13
0.7359E-01	0.2656E-13
0.7640E-01	0.2656E-13
0.7931E-01	0.2656E-13
0.8233E-01	0.2655E-13
0.8546E-01	0.2655E-13
0.8872E-01	0.2655E-13
0.9210E-01	0.2655E-13
0.9560E-01	0.2654E-13
0.9924E-01	0.2654E-13
0.1030	0.2654E-13
0.1069	0.2654E-13
0.1110	0.2653E-13
0.1152	0.2653E-13
0.1196	0.2653E-13
0.1242	0.2652E-13
0.1289	0.2652E-13
0.1338	0.2652E-13
0.1389	0.2651E-13
0.1442	0.2651E-13
0.1497	0.2650E-13
0.1554	0.2650E-13
0.1613	0.2649E-13
0.1675	0.2649E-13
0.1739	0.2648E-13
0.1805	0.2648E-13
0.1874	0.2647E-13
0.1945	0.2647E-13
0.2019	0.2646E-13
0.2096	0.2645E-13
0.2176	0.2644E-13
0.2259	0.2644E-13
0.2345	0.2643E-13
0.2434	0.2642E-13
0.2527	0.2641E-13
0.2623	0.2640E-13
0.2723	0.2639E-13
0.2826	0.2638E-13
0.2934	0.2637E-13
0.3046	0.2635E-13
0.3162	0.2634E-13
0.3282	0.2633E-13
0.3407	0.2631E-13
0.3537	0.2630E-13
0.3672	0.2628E-13
0.3812	0.2627E-13
0.3957	0.2625E-13
0.4107	0.2623E-13
0.4264	0.2621E-13
0.4426	0.2619E-13
0.4595	0.2617E-13
0.4770	0.2615E-13
0.4952	0.2613E-13
0.5140	0.2610E-13
0.5336	0.2608E-13
0.5539	0.2605E-13
0.5750	0.2602E-13
0.5969	0.2600E-13
0.6196	0.2597E-13
0.6432	0.2593E-13
0.6677	0.2590E-13
0.6932	0.2587E-13
0.7196	0.2583E-13
0.7470	0.2579E-13
0.7754	0.2576E-13
0.8050	0.2572E-13
0.8356	0.2567E-13
0.8674	0.2563E-13
0.9005	0.2558E-13
0.9348	0.2554E-13
0.9704	0.2549E-13
1.007	0.2543E-13
1.046	0.2538E-13
1.086	0.2532E-13
1.127	0.2526E-13
1.170	0.2520E-13
1.214	0.2514E-13
1.261	0.2508E-13
1.309	0.2501E-13
1.358	0.2494E-13
1.410	0.2486E-13
1.464	0.2479E-13
1.520	0.2471E-13
1.578	0.2463E-13
1.638	0.2455E-13
1.700	0.2446E-13
1.765	0.2437E-13
1.832	0.2428E-13
1.902	0.2419E-13
1.974	0.2409E-13
2.049	0.2399E-13
2.127	0.2389E-13
2.208	0.2378E-13
2.293	0.2368E-13
2.380	0.2356E-13
2.470	0.2345E-13
2.565	0.2333E-13
2.662	0.2321E-13
2.764	0.2308E-13
2.869	0.2295E-13
2.978	0.2282E-13
3.092	0.2268E-13
3.209	0.2254E-13
3.332	0.2240E-13
3.458	0.2225E-13
3.590	0.2209E-13
3.727	0.2194E-13
3.869	0.2177E-13
4.016	0.2161E-13
4.169	0.2144E-13
4.328	0.2126E-13
4.493	0.2108E-13
4.664	0.2090E-13
4.841	0.2071E-13
5.026	0.2053E-13
5.217	0.2034E-13
5.416	0.2014E-13
5.622	0.1995E-13
5.836	0.1976E-13
6.059	0.1958E-13
6.289	0.1939E-13
6.529	0.1922E-13
6.778	0.1905E-13
7.036	0.1889E-13
7.304	0.1875E-13
7.582	0.1862E-13
7.871	0.1852E-13
8.170	0.1844E-13
8.482	0.1840E-13
8.805	0.1838E-13
9.140	0.1840E-13
9.488	0.1847E-13
9.849	0.1858E-13
10.22	0.1874E-13
10.61	0.1896E-13
11.02	0.1923E-13
11.44	0.1956E-13
11.87	0.1996E-13
12.33	0.2041E-13
12.80	0.2093E-13
13.28	0.2152E-13
13.79	0.2216E-13
14.31	0.2287E-13
14.86	0.2364E-13
15.42	0.2446E-13
16.01	0.2534E-13
16.62	0.2628E-13
17.25	0.2726E-13
17.91	0.2830E-13
18.59	0.2937E-13
19.30	0.3048E-13
20.04	0.3163E-13
20.80	0.3280E-13
21.59	0.3400E-13
22.42	0.3522E-13
23.27	0.3645E-13
24.16	0.3768E-13
25.08	0.3892E-13
26.03	0.4014E-13
27.02	0.4136E-13
28.05	0.4257E-13
29.12	0.4375E-13
30.23	0.4492E-13
31.38	0.4606E-13
32.57	0.4718E-13
33.82	0.4827E-13
35.10	0.4934E-13
36.44	0.5038E-13
37.83	0.5140E-13
39.27	0.5240E-13
40.76	0.5338E-13
42.32	0.5434E-13
43.93	0.5528E-13
45.60	0.5622E-13
47.34	0.5714E-13
49.14	0.5805E-13
51.01	0.5896E-13
52.96	0.5986E-13
54.97	0.6076E-13
57.07	0.6167E-13
59.24	0.6258E-13
61.50	0.6350E-13
63.84	0.6443E-13
66.27	0.6538E-13
68.79	0.6634E-13
71.41	0.6732E-13
74.13	0.6833E-13
76.96	0.6936E-13
79.89	0.7042E-13
82.93	0.7150E-13
86.09	0.7262E-13
89.37	0.7377E-13
92.77	0.7495E-13
96.31	0.7617E-13
99.97	0.7743E-13
103.8	0.7872E-13
107.7	0.8005E-13
111.8	0.8142E-13
116.1	0.8282E-13
120.5	0.8426E-13
125.1	0.8574E-13
129.9	0.8724E-13
134.8	0.8878E-13
140.0	0.9034E-13
145.3	0.9193E-13
150.8	0.9355E-13
156.6	0.9519E-13
162.5	0.9684E-13
168.7	0.9852E-13
175.1	0.1002E-12
181.8	0.1019E-12
188.7	0.1036E-12
195.9	0.1053E-12
203.4	0.1070E-12
211.1	0.1088E-12
219.2	0.1105E-12
227.5	0.1122E-12
236.2	0.1139E-12
245.2	0.1156E-12
254.5	0.1173E-12
264.2	0.1190E-12
274.3	0.1207E-12
284.7	0.1224E-12
295.6	0.1240E-12
306.8	0.1257E-12
318.5	0.1273E-12
330.6	0.1290E-12
343.2	0.1306E-12
356.3	0.1322E-12
369.9	0.1338E-12
384.0	0.1354E-12
398.6	0.1370E-12
413.8	0.1385E-12
429.5	0.1401E-12
445.9	0.1416E-12
462.9	0.1431E-12
480.5	0.1446E-12
498.8	0.1461E-12
517.8	0.1476E-12
537.5	0.1491E-12
558.0	0.1505E-12
579.2	0.1519E-12
601.3	0.1533E-12
624.2	0.1547E-12
648.0	0.1561E-12
672.6	0.1575E-12
698.3	0.1588E-12
724.9	0.1601E-12
752.5	0.1614E-12
781.1	0.1627E-12
810.9	0.1640E-12
841.8	0.1652E-12
873.8	0.1664E-12
907.1	0.1676E-12
941.6	0.1687E-12
977.5	0.1699E-12
1015.	0.1710E-12
1053.	0.1720E-12
1094.	0.1730E-12
1135.	0.1740E-12
1178.	0.1750E-12
1223.	0.1759E-12
1270.	0.1768E-12
1318.	0.1776E-12
1368.	0.1784E-12
1421.	0.1791E-12
1475.	0.1798E-12
1531.	0.1805E-12
1589.	0.1811E-12
1650.	0.1816E-12
1712.	0.1821E-12
1778.	0.1825E-12
1845.	0.1829E-12
1916.	0.1832E-12
1989.	0.1834E-12
2064.	0.1836E-12
2143.	0.1837E-12
2225.	0.1837E-12
2309.	0.1837E-12
2397.	0.1836E-12
2489.	0.1834E-12
2583.	0.1831E-12
2682.	0.1828E-12
2784.	0.1824E-12
2890.	0.1819E-12
3000.	0.1814E-12
 
 
C3    N2O    Excitation    0.073 eV                             
E/N (Td)	Rate coefficient (m3/s)
0.1000E-02	0.4552E-16
0.1038E-02	0.4552E-16
0.1078E-02	0.4552E-16
0.1119E-02	0.4552E-16
0.1161E-02	0.4552E-16
0.1205E-02	0.4552E-16
0.1251E-02	0.4552E-16
0.1299E-02	0.4552E-16
0.1349E-02	0.4552E-16
0.1400E-02	0.4552E-16
0.1453E-02	0.4552E-16
0.1509E-02	0.4552E-16
0.1566E-02	0.4552E-16
0.1626E-02	0.4552E-16
0.1688E-02	0.4552E-16
0.1752E-02	0.4552E-16
0.1819E-02	0.4552E-16
0.1888E-02	0.4552E-16
0.1960E-02	0.4552E-16
0.2034E-02	0.4552E-16
0.2112E-02	0.4552E-16
0.2192E-02	0.4552E-16
0.2276E-02	0.4552E-16
0.2362E-02	0.4552E-16
0.2452E-02	0.4552E-16
0.2546E-02	0.4552E-16
0.2643E-02	0.4552E-16
0.2743E-02	0.4552E-16
0.2848E-02	0.4552E-16
0.2956E-02	0.4552E-16
0.3069E-02	0.4552E-16
0.3186E-02	0.4552E-16
0.3307E-02	0.4552E-16
0.3433E-02	0.4552E-16
0.3564E-02	0.4552E-16
0.3700E-02	0.4552E-16
0.3841E-02	0.4552E-16
0.3987E-02	0.4552E-16
0.4139E-02	0.4552E-16
0.4296E-02	0.4552E-16
0.4460E-02	0.4552E-16
0.4630E-02	0.4552E-16
0.4806E-02	0.4552E-16
0.4989E-02	0.4552E-16
0.5179E-02	0.4552E-16
0.5377E-02	0.4552E-16
0.5581E-02	0.4552E-16
0.5794E-02	0.4552E-16
0.6015E-02	0.4552E-16
0.6244E-02	0.4552E-16
0.6481E-02	0.4552E-16
0.6728E-02	0.4552E-16
0.6985E-02	0.4552E-16
0.7251E-02	0.4552E-16
0.7527E-02	0.4552E-16
0.7813E-02	0.4552E-16
0.8111E-02	0.4552E-16
0.8420E-02	0.4552E-16
0.8741E-02	0.4552E-16
0.9073E-02	0.4552E-16
0.9419E-02	0.4552E-16
0.9778E-02	0.4552E-16
0.1015E-01	0.4552E-16
0.1054E-01	0.4552E-16
0.1094E-01	0.4552E-16
0.1135E-01	0.4552E-16
0.1179E-01	0.4552E-16
0.1224E-01	0.4552E-16
0.1270E-01	0.4552E-16
0.1319E-01	0.4553E-16
0.1369E-01	0.4553E-16
0.1421E-01	0.4553E-16
0.1475E-01	0.4553E-16
0.1531E-01	0.4553E-16
0.1590E-01	0.4553E-16
0.1650E-01	0.4553E-16
0.1713E-01	0.4553E-16
0.1778E-01	0.4553E-16
0.1846E-01	0.4553E-16
0.1916E-01	0.4553E-16
0.1989E-01	0.4554E-16
0.2065E-01	0.4554E-16
0.2144E-01	0.4554E-16
0.2225E-01	0.4554E-16
0.2310E-01	0.4554E-16
0.2398E-01	0.4555E-16
0.2489E-01	0.4555E-16
0.2584E-01	0.4555E-16
0.2682E-01	0.4555E-16
0.2785E-01	0.4556E-16
0.2891E-01	0.4556E-16
0.3001E-01	0.4556E-16
0.3115E-01	0.4557E-16
0.3234E-01	0.4557E-16
0.3357E-01	0.4558E-16
0.3485E-01	0.4558E-16
0.3617E-01	0.4559E-16
0.3755E-01	0.4560E-16
0.3898E-01	0.4560E-16
0.4047E-01	0.4561E-16
0.4201E-01	0.4562E-16
0.4361E-01	0.4563E-16
0.4527E-01	0.4564E-16
0.4699E-01	0.4565E-16
0.4878E-01	0.4566E-16
0.5064E-01	0.4567E-16
0.5257E-01	0.4569E-16
0.5457E-01	0.4570E-16
0.5665E-01	0.4572E-16
0.5881E-01	0.4574E-16
0.6105E-01	0.4576E-16
0.6337E-01	0.4578E-16
0.6579E-01	0.4580E-16
0.6829E-01	0.4583E-16
0.7089E-01	0.4585E-16
0.7359E-01	0.4588E-16
0.7640E-01	0.4592E-16
0.7931E-01	0.4595E-16
0.8233E-01	0.4599E-16
0.8546E-01	0.4603E-16
0.8872E-01	0.4607E-16
0.9210E-01	0.4612E-16
0.9560E-01	0.4617E-16
0.9924E-01	0.4623E-16
0.1030	0.4629E-16
0.1069	0.4636E-16
0.1110	0.4643E-16
0.1152	0.4650E-16
0.1196	0.4658E-16
0.1242	0.4667E-16
0.1289	0.4677E-16
0.1338	0.4687E-16
0.1389	0.4698E-16
0.1442	0.4710E-16
0.1497	0.4723E-16
0.1554	0.4737E-16
0.1613	0.4752E-16
0.1675	0.4768E-16
0.1739	0.4785E-16
0.1805	0.4804E-16
0.1874	0.4824E-16
0.1945	0.4846E-16
0.2019	0.4869E-16
0.2096	0.4894E-16
0.2176	0.4921E-16
0.2259	0.4950E-16
0.2345	0.4982E-16
0.2434	0.5015E-16
0.2527	0.5052E-16
0.2623	0.5090E-16
0.2723	0.5132E-16
0.2826	0.5177E-16
0.2934	0.5226E-16
0.3046	0.5278E-16
0.3162	0.5334E-16
0.3282	0.5394E-16
0.3407	0.5459E-16
0.3537	0.5528E-16
0.3672	0.5603E-16
0.3812	0.5683E-16
0.3957	0.5769E-16
0.4107	0.5861E-16
0.4264	0.5959E-16
0.4426	0.6065E-16
0.4595	0.6178E-16
0.4770	0.6299E-16
0.4952	0.6428E-16
0.5140	0.6566E-16
0.5336	0.6713E-16
0.5539	0.6870E-16
0.5750	0.7038E-16
0.5969	0.7215E-16
0.6196	0.7404E-16
0.6432	0.7605E-16
0.6677	0.7818E-16
0.6932	0.8042E-16
0.7196	0.8280E-16
0.7470	0.8531E-16
0.7754	0.8795E-16
0.8050	0.9073E-16
0.8356	0.9365E-16
0.8674	0.9671E-16
0.9005	0.9991E-16
0.9348	0.1033E-15
0.9704	0.1067E-15
1.007	0.1104E-15
1.046	0.1141E-15
1.086	0.1181E-15
1.127	0.1221E-15
1.170	0.1263E-15
1.214	0.1306E-15
1.261	0.1350E-15
1.309	0.1396E-15
1.358	0.1442E-15
1.410	0.1490E-15
1.464	0.1539E-15
1.520	0.1589E-15
1.578	0.1639E-15
1.638	0.1691E-15
1.700	0.1743E-15
1.765	0.1796E-15
1.832	0.1850E-15
1.902	0.1904E-15
1.974	0.1959E-15
2.049	0.2014E-15
2.127	0.2070E-15
2.208	0.2126E-15
2.293	0.2183E-15
2.380	0.2240E-15
2.470	0.2298E-15
2.565	0.2355E-15
2.662	0.2413E-15
2.764	0.2472E-15
2.869	0.2530E-15
2.978	0.2589E-15
3.092	0.2649E-15
3.209	0.2708E-15
3.332	0.2768E-15
3.458	0.2828E-15
3.590	0.2888E-15
3.727	0.2948E-15
3.869	0.3009E-15
4.016	0.3070E-15
4.169	0.3131E-15
4.328	0.3192E-15
4.493	0.3253E-15
4.664	0.3314E-15
4.841	0.3376E-15
5.026	0.3437E-15
5.217	0.3499E-15
5.416	0.3560E-15
5.622	0.3622E-15
5.836	0.3683E-15
6.059	0.3744E-15
6.289	0.3804E-15
6.529	0.3863E-15
6.778	0.3922E-15
7.036	0.3980E-15
7.304	0.4037E-15
7.582	0.4093E-15
7.871	0.4146E-15
8.170	0.4198E-15
8.482	0.4249E-15
8.805	0.4297E-15
9.140	0.4343E-15
9.488	0.4386E-15
9.849	0.4426E-15
10.22	0.4464E-15
10.61	0.4498E-15
11.02	0.4529E-15
11.44	0.4556E-15
11.87	0.4580E-15
12.33	0.4601E-15
12.80	0.4618E-15
13.28	0.4632E-15
13.79	0.4642E-15
14.31	0.4650E-15
14.86	0.4654E-15
15.42	0.4655E-15
16.01	0.4653E-15
16.62	0.4649E-15
17.25	0.4643E-15
17.91	0.4634E-15
18.59	0.4623E-15
19.30	0.4611E-15
20.04	0.4596E-15
20.80	0.4580E-15
21.59	0.4563E-15
22.42	0.4544E-15
23.27	0.4525E-15
24.16	0.4505E-15
25.08	0.4484E-15
26.03	0.4463E-15
27.02	0.4441E-15
28.05	0.4419E-15
29.12	0.4398E-15
30.23	0.4376E-15
31.38	0.4354E-15
32.57	0.4333E-15
33.82	0.4311E-15
35.10	0.4290E-15
36.44	0.4269E-15
37.83	0.4249E-15
39.27	0.4228E-15
40.76	0.4208E-15
42.32	0.4188E-15
43.93	0.4169E-15
45.60	0.4149E-15
47.34	0.4130E-15
49.14	0.4111E-15
51.01	0.4091E-15
52.96	0.4072E-15
54.97	0.4053E-15
57.07	0.4034E-15
59.24	0.4015E-15
61.50	0.3995E-15
63.84	0.3976E-15
66.27	0.3956E-15
68.79	0.3936E-15
71.41	0.3916E-15
74.13	0.3896E-15
76.96	0.3875E-15
79.89	0.3855E-15
82.93	0.3833E-15
86.09	0.3812E-15
89.37	0.3790E-15
92.77	0.3768E-15
96.31	0.3746E-15
99.97	0.3723E-15
103.8	0.3700E-15
107.7	0.3677E-15
111.8	0.3654E-15
116.1	0.3630E-15
120.5	0.3606E-15
125.1	0.3582E-15
129.9	0.3558E-15
134.8	0.3534E-15
140.0	0.3510E-15
145.3	0.3486E-15
150.8	0.3462E-15
156.6	0.3438E-15
162.5	0.3414E-15
168.7	0.3391E-15
175.1	0.3368E-15
181.8	0.3344E-15
188.7	0.3322E-15
195.9	0.3299E-15
203.4	0.3277E-15
211.1	0.3255E-15
219.2	0.3234E-15
227.5	0.3213E-15
236.2	0.3192E-15
245.2	0.3172E-15
254.5	0.3152E-15
264.2	0.3132E-15
274.3	0.3113E-15
284.7	0.3094E-15
295.6	0.3076E-15
306.8	0.3058E-15
318.5	0.3040E-15
330.6	0.3023E-15
343.2	0.3006E-15
356.3	0.2989E-15
369.9	0.2973E-15
384.0	0.2957E-15
398.6	0.2941E-15
413.8	0.2926E-15
429.5	0.2910E-15
445.9	0.2895E-15
462.9	0.2880E-15
480.5	0.2865E-15
498.8	0.2850E-15
517.8	0.2836E-15
537.5	0.2821E-15
558.0	0.2807E-15
579.2	0.2793E-15
601.3	0.2779E-15
624.2	0.2764E-15
648.0	0.2750E-15
672.6	0.2736E-15
698.3	0.2722E-15
724.9	0.2708E-15
752.5	0.2693E-15
781.1	0.2679E-15
810.9	0.2665E-15
841.8	0.2650E-15
873.8	0.2636E-15
907.1	0.2621E-15
941.6	0.2607E-15
977.5	0.2592E-15
1015.	0.2577E-15
1053.	0.2562E-15
1094.	0.2547E-15
1135.	0.2532E-15
1178.	0.2516E-15
1223.	0.2501E-15
1270.	0.2485E-15
1318.	0.2470E-15
1368.	0.2454E-15
1421.	0.2438E-15
1475.	0.2422E-15
1531.	0.2406E-15
1589.	0.2390E-15
1650.	0.2374E-15
1712.	0.2357E-15
1778.	0.2341E-15
1845.	0.2324E-15
1916.	0.2307E-15
1989.	0.2291E-15
2064.	0.2274E-15
2143.	0.2257E-15
2225.	0.2239E-15
2309.	0.2222E-15
2397.	0.2205E-15
2489.	0.2188E-15
2583.	0.2170E-15
2682.	0.2152E-15
2784.	0.2135E-15
2890.	0.2117E-15
3000.	0.2099E-15
 
 
C4    N2O    Excitation    0.16 eV                              
E/N (Td)	Rate coefficient (m3/s)
0.1000E-02	0.3774E-17
0.1038E-02	0.3774E-17
0.1078E-02	0.3774E-17
0.1119E-02	0.3774E-17
0.1161E-02	0.3774E-17
0.1205E-02	0.3774E-17
0.1251E-02	0.3774E-17
0.1299E-02	0.3774E-17
0.1349E-02	0.3774E-17
0.1400E-02	0.3774E-17
0.1453E-02	0.3774E-17
0.1509E-02	0.3774E-17
0.1566E-02	0.3774E-17
0.1626E-02	0.3774E-17
0.1688E-02	0.3774E-17
0.1752E-02	0.3774E-17
0.1819E-02	0.3774E-17
0.1888E-02	0.3774E-17
0.1960E-02	0.3774E-17
0.2034E-02	0.3774E-17
0.2112E-02	0.3774E-17
0.2192E-02	0.3774E-17
0.2276E-02	0.3774E-17
0.2362E-02	0.3774E-17
0.2452E-02	0.3774E-17
0.2546E-02	0.3774E-17
0.2643E-02	0.3774E-17
0.2743E-02	0.3774E-17
0.2848E-02	0.3774E-17
0.2956E-02	0.3774E-17
0.3069E-02	0.3774E-17
0.3186E-02	0.3774E-17
0.3307E-02	0.3774E-17
0.3433E-02	0.3774E-17
0.3564E-02	0.3774E-17
0.3700E-02	0.3774E-17
0.3841E-02	0.3774E-17
0.3987E-02	0.3774E-17
0.4139E-02	0.3774E-17
0.4296E-02	0.3774E-17
0.4460E-02	0.3774E-17
0.4630E-02	0.3774E-17
0.4806E-02	0.3774E-17
0.4989E-02	0.3774E-17
0.5179E-02	0.3774E-17
0.5377E-02	0.3774E-17
0.5581E-02	0.3774E-17
0.5794E-02	0.3774E-17
0.6015E-02	0.3774E-17
0.6244E-02	0.3774E-17
0.6481E-02	0.3774E-17
0.6728E-02	0.3774E-17
0.6985E-02	0.3775E-17
0.7251E-02	0.3775E-17
0.7527E-02	0.3775E-17
0.7813E-02	0.3775E-17
0.8111E-02	0.3775E-17
0.8420E-02	0.3775E-17
0.8741E-02	0.3775E-17
0.9073E-02	0.3775E-17
0.9419E-02	0.3775E-17
0.9778E-02	0.3775E-17
0.1015E-01	0.3775E-17
0.1054E-01	0.3775E-17
0.1094E-01	0.3775E-17
0.1135E-01	0.3776E-17
0.1179E-01	0.3776E-17
0.1224E-01	0.3776E-17
0.1270E-01	0.3776E-17
0.1319E-01	0.3776E-17
0.1369E-01	0.3776E-17
0.1421E-01	0.3777E-17
0.1475E-01	0.3777E-17
0.1531E-01	0.3777E-17
0.1590E-01	0.3777E-17
0.1650E-01	0.3777E-17
0.1713E-01	0.3778E-17
0.1778E-01	0.3778E-17
0.1846E-01	0.3778E-17
0.1916E-01	0.3779E-17
0.1989E-01	0.3779E-17
0.2065E-01	0.3779E-17
0.2144E-01	0.3780E-17
0.2225E-01	0.3780E-17
0.2310E-01	0.3781E-17
0.2398E-01	0.3781E-17
0.2489E-01	0.3782E-17
0.2584E-01	0.3782E-17
0.2682E-01	0.3783E-17
0.2785E-01	0.3783E-17
0.2891E-01	0.3784E-17
0.3001E-01	0.3785E-17
0.3115E-01	0.3785E-17
0.3234E-01	0.3786E-17
0.3357E-01	0.3787E-17
0.3485E-01	0.3788E-17
0.3617E-01	0.3789E-17
0.3755E-01	0.3790E-17
0.3898E-01	0.3791E-17
0.4047E-01	0.3792E-17
0.4201E-01	0.3793E-17
0.4361E-01	0.3795E-17
0.4527E-01	0.3796E-17
0.4699E-01	0.3797E-17
0.4878E-01	0.3799E-17
0.5064E-01	0.3801E-17
0.5257E-01	0.3802E-17
0.5457E-01	0.3804E-17
0.5665E-01	0.3806E-17
0.5881E-01	0.3808E-17
0.6105E-01	0.3810E-17
0.6337E-01	0.3813E-17
0.6579E-01	0.3815E-17
0.6829E-01	0.3818E-17
0.7089E-01	0.3821E-17
0.7359E-01	0.3824E-17
0.7640E-01	0.3828E-17
0.7931E-01	0.3831E-17
0.8233E-01	0.3835E-17
0.8546E-01	0.3839E-17
0.8872E-01	0.3844E-17
0.9210E-01	0.3849E-17
0.9560E-01	0.3854E-17
0.9924E-01	0.3860E-17
0.1030	0.3866E-17
0.1069	0.3872E-17
0.1110	0.3880E-17
0.1152	0.3887E-17
0.1196	0.3896E-17
0.1242	0.3905E-17
0.1289	0.3915E-17
0.1338	0.3926E-17
0.1389	0.3937E-17
0.1442	0.3950E-17
0.1497	0.3963E-17
0.1554	0.3978E-17
0.1613	0.3994E-17
0.1675	0.4012E-17
0.1739	0.4031E-17
0.1805	0.4051E-17
0.1874	0.4074E-17
0.1945	0.4098E-17
0.2019	0.4124E-17
0.2096	0.4153E-17
0.2176	0.4184E-17
0.2259	0.4218E-17
0.2345	0.4254E-17
0.2434	0.4294E-17
0.2527	0.4338E-17
0.2623	0.4385E-17
0.2723	0.4436E-17
0.2826	0.4492E-17
0.2934	0.4554E-17
0.3046	0.4620E-17
0.3162	0.4693E-17
0.3282	0.4772E-17
0.3407	0.4859E-17
0.3537	0.4954E-17
0.3672	0.5058E-17
0.3812	0.5171E-17
0.3957	0.5296E-17
0.4107	0.5433E-17
0.4264	0.5583E-17
0.4426	0.5749E-17
0.4595	0.5931E-17
0.4770	0.6132E-17
0.4952	0.6355E-17
0.5140	0.6600E-17
0.5336	0.6872E-17
0.5539	0.7173E-17
0.5750	0.7507E-17
0.5969	0.7878E-17
0.6196	0.8290E-17
0.6432	0.8748E-17
0.6677	0.9257E-17
0.6932	0.9824E-17
0.7196	0.1045E-16
0.7470	0.1115E-16
0.7754	0.1193E-16
0.8050	0.1280E-16
0.8356	0.1376E-16
0.8674	0.1482E-16
0.9005	0.1599E-16
0.9348	0.1729E-16
0.9704	0.1873E-16
1.007	0.2031E-16
1.046	0.2205E-16
1.086	0.2395E-16
1.127	0.2604E-16
1.170	0.2831E-16
1.214	0.3079E-16
1.261	0.3348E-16
1.309	0.3639E-16
1.358	0.3954E-16
1.410	0.4294E-16
1.464	0.4659E-16
1.520	0.5051E-16
1.578	0.5470E-16
1.638	0.5918E-16
1.700	0.6394E-16
1.765	0.6901E-16
1.832	0.7438E-16
1.902	0.8007E-16
1.974	0.8610E-16
2.049	0.9245E-16
2.127	0.9913E-16
2.208	0.1062E-15
2.293	0.1136E-15
2.380	0.1213E-15
2.470	0.1294E-15
2.565	0.1380E-15
2.662	0.1469E-15
2.764	0.1562E-15
2.869	0.1659E-15
2.978	0.1761E-15
3.092	0.1867E-15
3.209	0.1978E-15
3.332	0.2093E-15
3.458	0.2214E-15
3.590	0.2339E-15
3.727	0.2470E-15
3.869	0.2606E-15
4.016	0.2747E-15
4.169	0.2895E-15
4.328	0.3048E-15
4.493	0.3206E-15
4.664	0.3371E-15
4.841	0.3542E-15
5.026	0.3720E-15
5.217	0.3903E-15
5.416	0.4093E-15
5.622	0.4289E-15
5.836	0.4492E-15
6.059	0.4700E-15
6.289	0.4914E-15
6.529	0.5134E-15
6.778	0.5359E-15
7.036	0.5590E-15
7.304	0.5824E-15
7.582	0.6062E-15
7.871	0.6304E-15
8.170	0.6549E-15
8.482	0.6797E-15
8.805	0.7050E-15
9.140	0.7301E-15
9.488	0.7555E-15
9.849	0.7812E-15
10.22	0.8075E-15
10.61	0.8337E-15
11.02	0.8604E-15
11.44	0.8877E-15
11.87	0.9159E-15
12.33	0.9446E-15
12.80	0.9752E-15
13.28	0.1007E-14
13.79	0.1042E-14
14.31	0.1078E-14
14.86	0.1118E-14
15.42	0.1160E-14
16.01	0.1205E-14
16.62	0.1253E-14
17.25	0.1305E-14
17.91	0.1360E-14
18.59	0.1418E-14
19.30	0.1478E-14
20.04	0.1541E-14
20.80	0.1605E-14
21.59	0.1671E-14
22.42	0.1737E-14
23.27	0.1803E-14
24.16	0.1868E-14
25.08	0.1931E-14
26.03	0.1993E-14
27.02	0.2052E-14
28.05	0.2108E-14
29.12	0.2161E-14
30.23	0.2211E-14
31.38	0.2257E-14
32.57	0.2299E-14
33.82	0.2338E-14
35.10	0.2373E-14
36.44	0.2404E-14
37.83	0.2432E-14
39.27	0.2456E-14
40.76	0.2478E-14
42.32	0.2496E-14
43.93	0.2511E-14
45.60	0.2523E-14
47.34	0.2533E-14
49.14	0.2540E-14
51.01	0.2545E-14
52.96	0.2547E-14
54.97	0.2547E-14
57.07	0.2545E-14
59.24	0.2541E-14
61.50	0.2535E-14
63.84	0.2527E-14
66.27	0.2517E-14
68.79	0.2505E-14
71.41	0.2491E-14
74.13	0.2476E-14
76.96	0.2459E-14
79.89	0.2441E-14
82.93	0.2421E-14
86.09	0.2400E-14
89.37	0.2377E-14
92.77	0.2353E-14
96.31	0.2328E-14
99.97	0.2301E-14
103.8	0.2274E-14
107.7	0.2246E-14
111.8	0.2216E-14
116.1	0.2186E-14
120.5	0.2156E-14
125.1	0.2125E-14
129.9	0.2093E-14
134.8	0.2061E-14
140.0	0.2029E-14
145.3	0.1997E-14
150.8	0.1965E-14
156.6	0.1933E-14
162.5	0.1901E-14
168.7	0.1869E-14
175.1	0.1838E-14
181.8	0.1807E-14
188.7	0.1777E-14
195.9	0.1747E-14
203.4	0.1718E-14
211.1	0.1689E-14
219.2	0.1661E-14
227.5	0.1634E-14
236.2	0.1607E-14
245.2	0.1581E-14
254.5	0.1556E-14
264.2	0.1531E-14
274.3	0.1507E-14
284.7	0.1484E-14
295.6	0.1461E-14
306.8	0.1440E-14
318.5	0.1418E-14
330.6	0.1398E-14
343.2	0.1378E-14
356.3	0.1358E-14
369.9	0.1339E-14
384.0	0.1321E-14
398.6	0.1303E-14
413.8	0.1285E-14
429.5	0.1269E-14
445.9	0.1252E-14
462.9	0.1236E-14
480.5	0.1220E-14
498.8	0.1205E-14
517.8	0.1190E-14
537.5	0.1175E-14
558.0	0.1161E-14
579.2	0.1147E-14
601.3	0.1133E-14
624.2	0.1120E-14
648.0	0.1106E-14
672.6	0.1093E-14
698.3	0.1080E-14
724.9	0.1068E-14
752.5	0.1055E-14
781.1	0.1043E-14
810.9	0.1031E-14
841.8	0.1019E-14
873.8	0.1008E-14
907.1	0.9960E-15
941.6	0.9845E-15
977.5	0.9732E-15
1015.	0.9620E-15
1053.	0.9509E-15
1094.	0.9399E-15
1135.	0.9290E-15
1178.	0.9183E-15
1223.	0.9076E-15
1270.	0.8971E-15
1318.	0.8866E-15
1368.	0.8762E-15
1421.	0.8659E-15
1475.	0.8557E-15
1531.	0.8456E-15
1589.	0.8356E-15
1650.	0.8256E-15
1712.	0.8158E-15
1778.	0.8060E-15
1845.	0.7963E-15
1916.	0.7867E-15
1989.	0.7771E-15
2064.	0.7676E-15
2143.	0.7582E-15
2225.	0.7489E-15
2309.	0.7397E-15
2397.	0.7305E-15
2489.	0.7214E-15
2583.	0.7124E-15
2682.	0.7035E-15
2784.	0.6946E-15
2890.	0.6858E-15
3000.	0.6771E-15
 
 
C5    N2O    Excitation    0.28 eV                              
E/N (Td)	Rate coefficient (m3/s)
0.1000E-02	0.1736E-18
0.1038E-02	0.1736E-18
0.1078E-02	0.1736E-18
0.1119E-02	0.1736E-18
0.1161E-02	0.1736E-18
0.1205E-02	0.1736E-18
0.1251E-02	0.1736E-18
0.1299E-02	0.1736E-18
0.1349E-02	0.1736E-18
0.1400E-02	0.1736E-18
0.1453E-02	0.1736E-18
0.1509E-02	0.1736E-18
0.1566E-02	0.1736E-18
0.1626E-02	0.1736E-18
0.1688E-02	0.1736E-18
0.1752E-02	0.1736E-18
0.1819E-02	0.1736E-18
0.1888E-02	0.1736E-18
0.1960E-02	0.1736E-18
0.2034E-02	0.1736E-18
0.2112E-02	0.1736E-18
0.2192E-02	0.1736E-18
0.2276E-02	0.1736E-18
0.2362E-02	0.1736E-18
0.2452E-02	0.1736E-18
0.2546E-02	0.1736E-18
0.2643E-02	0.1736E-18
0.2743E-02	0.1736E-18
0.2848E-02	0.1736E-18
0.2956E-02	0.1736E-18
0.3069E-02	0.1736E-18
0.3186E-02	0.1736E-18
0.3307E-02	0.1736E-18
0.3433E-02	0.1736E-18
0.3564E-02	0.1736E-18
0.3700E-02	0.1736E-18
0.3841E-02	0.1736E-18
0.3987E-02	0.1736E-18
0.4139E-02	0.1736E-18
0.4296E-02	0.1736E-18
0.4460E-02	0.1736E-18
0.4630E-02	0.1736E-18
0.4806E-02	0.1736E-18
0.4989E-02	0.1736E-18
0.5179E-02	0.1736E-18
0.5377E-02	0.1736E-18
0.5581E-02	0.1736E-18
0.5794E-02	0.1736E-18
0.6015E-02	0.1736E-18
0.6244E-02	0.1736E-18
0.6481E-02	0.1736E-18
0.6728E-02	0.1736E-18
0.6985E-02	0.1736E-18
0.7251E-02	0.1736E-18
0.7527E-02	0.1736E-18
0.7813E-02	0.1737E-18
0.8111E-02	0.1737E-18
0.8420E-02	0.1737E-18
0.8741E-02	0.1737E-18
0.9073E-02	0.1737E-18
0.9419E-02	0.1737E-18
0.9778E-02	0.1737E-18
0.1015E-01	0.1737E-18
0.1054E-01	0.1737E-18
0.1094E-01	0.1737E-18
0.1135E-01	0.1737E-18
0.1179E-01	0.1737E-18
0.1224E-01	0.1738E-18
0.1270E-01	0.1738E-18
0.1319E-01	0.1738E-18
0.1369E-01	0.1738E-18
0.1421E-01	0.1738E-18
0.1475E-01	0.1738E-18
0.1531E-01	0.1739E-18
0.1590E-01	0.1739E-18
0.1650E-01	0.1739E-18
0.1713E-01	0.1739E-18
0.1778E-01	0.1739E-18
0.1846E-01	0.1740E-18
0.1916E-01	0.1740E-18
0.1989E-01	0.1740E-18
0.2065E-01	0.1741E-18
0.2144E-01	0.1741E-18
0.2225E-01	0.1741E-18
0.2310E-01	0.1742E-18
0.2398E-01	0.1742E-18
0.2489E-01	0.1743E-18
0.2584E-01	0.1743E-18
0.2682E-01	0.1744E-18
0.2785E-01	0.1744E-18
0.2891E-01	0.1745E-18
0.3001E-01	0.1745E-18
0.3115E-01	0.1746E-18
0.3234E-01	0.1747E-18
0.3357E-01	0.1747E-18
0.3485E-01	0.1748E-18
0.3617E-01	0.1749E-18
0.3755E-01	0.1750E-18
0.3898E-01	0.1751E-18
0.4047E-01	0.1752E-18
0.4201E-01	0.1753E-18
0.4361E-01	0.1754E-18
0.4527E-01	0.1755E-18
0.4699E-01	0.1756E-18
0.4878E-01	0.1758E-18
0.5064E-01	0.1759E-18
0.5257E-01	0.1761E-18
0.5457E-01	0.1762E-18
0.5665E-01	0.1764E-18
0.5881E-01	0.1765E-18
0.6105E-01	0.1767E-18
0.6337E-01	0.1769E-18
0.6579E-01	0.1771E-18
0.6829E-01	0.1773E-18
0.7089E-01	0.1775E-18
0.7359E-01	0.1777E-18
0.7640E-01	0.1779E-18
0.7931E-01	0.1781E-18
0.8233E-01	0.1784E-18
0.8546E-01	0.1787E-18
0.8872E-01	0.1789E-18
0.9210E-01	0.1792E-18
0.9560E-01	0.1795E-18
0.9924E-01	0.1799E-18
0.1030	0.1802E-18
0.1069	0.1806E-18
0.1110	0.1809E-18
0.1152	0.1813E-18
0.1196	0.1818E-18
0.1242	0.1822E-18
0.1289	0.1827E-18
0.1338	0.1832E-18
0.1389	0.1838E-18
0.1442	0.1844E-18
0.1497	0.1850E-18
0.1554	0.1857E-18
0.1613	0.1865E-18
0.1675	0.1872E-18
0.1739	0.1881E-18
0.1805	0.1890E-18
0.1874	0.1900E-18
0.1945	0.1911E-18
0.2019	0.1922E-18
0.2096	0.1935E-18
0.2176	0.1948E-18
0.2259	0.1963E-18
0.2345	0.1979E-18
0.2434	0.1996E-18
0.2527	0.2015E-18
0.2623	0.2036E-18
0.2723	0.2059E-18
0.2826	0.2083E-18
0.2934	0.2111E-18
0.3046	0.2141E-18
0.3162	0.2174E-18
0.3282	0.2210E-18
0.3407	0.2251E-18
0.3537	0.2296E-18
0.3672	0.2345E-18
0.3812	0.2401E-18
0.3957	0.2462E-18
0.4107	0.2531E-18
0.4264	0.2609E-18
0.4426	0.2696E-18
0.4595	0.2794E-18
0.4770	0.2904E-18
0.4952	0.3029E-18
0.5140	0.3172E-18
0.5336	0.3334E-18
0.5539	0.3520E-18
0.5750	0.3733E-18
0.5969	0.3979E-18
0.6196	0.4263E-18
0.6432	0.4594E-18
0.6677	0.4979E-18
0.6932	0.5431E-18
0.7196	0.5962E-18
0.7470	0.6588E-18
0.7754	0.7329E-18
0.8050	0.8208E-18
0.8356	0.9253E-18
0.8674	0.1050E-17
0.9005	0.1199E-17
0.9348	0.1376E-17
0.9704	0.1588E-17
1.007	0.1842E-17
1.046	0.2144E-17
1.086	0.2505E-17
1.127	0.2935E-17
1.170	0.3446E-17
1.214	0.4051E-17
1.261	0.4767E-17
1.309	0.5612E-17
1.358	0.6605E-17
1.410	0.7769E-17
1.464	0.9129E-17
1.520	0.1072E-16
1.578	0.1256E-16
1.638	0.1469E-16
1.700	0.1714E-16
1.765	0.1996E-16
1.832	0.2319E-16
1.902	0.2687E-16
1.974	0.3107E-16
2.049	0.3583E-16
2.127	0.4122E-16
2.208	0.4730E-16
2.293	0.5414E-16
2.380	0.6185E-16
2.470	0.7045E-16
2.565	0.8007E-16
2.662	0.9079E-16
2.764	0.1027E-15
2.869	0.1160E-15
2.978	0.1306E-15
3.092	0.1469E-15
3.209	0.1648E-15
3.332	0.1845E-15
3.458	0.2062E-15
3.590	0.2301E-15
3.727	0.2563E-15
3.869	0.2849E-15
4.016	0.3162E-15
4.169	0.3503E-15
4.328	0.3875E-15
4.493	0.4279E-15
4.664	0.4718E-15
4.841	0.5193E-15
5.026	0.5707E-15
5.217	0.6261E-15
5.416	0.6858E-15
5.622	0.7499E-15
5.836	0.8186E-15
6.059	0.8923E-15
6.289	0.9706E-15
6.529	0.1054E-14
6.778	0.1142E-14
7.036	0.1235E-14
7.304	0.1334E-14
7.582	0.1437E-14
7.871	0.1545E-14
8.170	0.1657E-14
8.482	0.1773E-14
8.805	0.1894E-14
9.140	0.2018E-14
9.488	0.2145E-14
9.849	0.2274E-14
10.22	0.2407E-14
10.61	0.2540E-14
11.02	0.2673E-14
11.44	0.2807E-14
11.87	0.2941E-14
12.33	0.3070E-14
12.80	0.3203E-14
13.28	0.3334E-14
13.79	0.3463E-14
14.31	0.3591E-14
14.86	0.3718E-14
15.42	0.3842E-14
16.01	0.3964E-14
16.62	0.4083E-14
17.25	0.4201E-14
17.91	0.4317E-14
18.59	0.4430E-14
19.30	0.4541E-14
20.04	0.4648E-14
20.80	0.4753E-14
21.59	0.4855E-14
22.42	0.4954E-14
23.27	0.5049E-14
24.16	0.5140E-14
25.08	0.5228E-14
26.03	0.5310E-14
27.02	0.5389E-14
28.05	0.5462E-14
29.12	0.5531E-14
30.23	0.5596E-14
31.38	0.5656E-14
32.57	0.5711E-14
33.82	0.5761E-14
35.10	0.5808E-14
36.44	0.5850E-14
37.83	0.5888E-14
39.27	0.5922E-14
40.76	0.5953E-14
42.32	0.5980E-14
43.93	0.6004E-14
45.60	0.6025E-14
47.34	0.6043E-14
49.14	0.6057E-14
51.01	0.6069E-14
52.96	0.6079E-14
54.97	0.6085E-14
57.07	0.6090E-14
59.24	0.6091E-14
61.50	0.6091E-14
63.84	0.6088E-14
66.27	0.6083E-14
68.79	0.6076E-14
71.41	0.6066E-14
74.13	0.6055E-14
76.96	0.6041E-14
79.89	0.6025E-14
82.93	0.6008E-14
86.09	0.5988E-14
89.37	0.5967E-14
92.77	0.5943E-14
96.31	0.5918E-14
99.97	0.5892E-14
103.8	0.5863E-14
107.7	0.5833E-14
111.8	0.5802E-14
116.1	0.5769E-14
120.5	0.5736E-14
125.1	0.5701E-14
129.9	0.5665E-14
134.8	0.5628E-14
140.0	0.5591E-14
145.3	0.5553E-14
150.8	0.5515E-14
156.6	0.5476E-14
162.5	0.5437E-14
168.7	0.5398E-14
175.1	0.5359E-14
181.8	0.5320E-14
188.7	0.5281E-14
195.9	0.5242E-14
203.4	0.5204E-14
211.1	0.5166E-14
219.2	0.5129E-14
227.5	0.5092E-14
236.2	0.5056E-14
245.2	0.5020E-14
254.5	0.4985E-14
264.2	0.4951E-14
274.3	0.4917E-14
284.7	0.4884E-14
295.6	0.4851E-14
306.8	0.4819E-14
318.5	0.4788E-14
330.6	0.4757E-14
343.2	0.4727E-14
356.3	0.4697E-14
369.9	0.4668E-14
384.0	0.4639E-14
398.6	0.4611E-14
413.8	0.4584E-14
429.5	0.4556E-14
445.9	0.4529E-14
462.9	0.4503E-14
480.5	0.4477E-14
498.8	0.4451E-14
517.8	0.4425E-14
537.5	0.4400E-14
558.0	0.4375E-14
579.2	0.4350E-14
601.3	0.4325E-14
624.2	0.4300E-14
648.0	0.4275E-14
672.6	0.4251E-14
698.3	0.4226E-14
724.9	0.4202E-14
752.5	0.4177E-14
781.1	0.4153E-14
810.9	0.4128E-14
841.8	0.4103E-14
873.8	0.4079E-14
907.1	0.4054E-14
941.6	0.4029E-14
977.5	0.4004E-14
1015.	0.3979E-14
1053.	0.3953E-14
1094.	0.3928E-14
1135.	0.3902E-14
1178.	0.3877E-14
1223.	0.3851E-14
1270.	0.3825E-14
1318.	0.3799E-14
1368.	0.3772E-14
1421.	0.3746E-14
1475.	0.3719E-14
1531.	0.3692E-14
1589.	0.3665E-14
1650.	0.3638E-14
1712.	0.3611E-14
1778.	0.3583E-14
1845.	0.3556E-14
1916.	0.3528E-14
1989.	0.3500E-14
2064.	0.3472E-14
2143.	0.3444E-14
2225.	0.3416E-14
2309.	0.3387E-14
2397.	0.3358E-14
2489.	0.3329E-14
2583.	0.3300E-14
2682.	0.3271E-14
2784.	0.3242E-14
2890.	0.3213E-14
3000.	0.3183E-14
 
 
C6    N2O    Excitation    4.05 eV                              
E/N (Td)	Rate coefficient (m3/s)
0.1000E-02	0.000
0.1038E-02	0.000
0.1078E-02	0.000
0.1119E-02	0.000
0.1161E-02	0.000
0.1205E-02	0.000
0.1251E-02	0.000
0.1299E-02	0.000
0.1349E-02	0.000
0.1400E-02	0.000
0.1453E-02	0.000
0.1509E-02	0.000
0.1566E-02	0.000
0.1626E-02	0.000
0.1688E-02	0.000
0.1752E-02	0.000
0.1819E-02	0.000
0.1888E-02	0.000
0.1960E-02	0.000
0.2034E-02	0.000
0.2112E-02	0.000
0.2192E-02	0.000
0.2276E-02	0.000
0.2362E-02	0.000
0.2452E-02	0.000
0.2546E-02	0.000
0.2643E-02	0.000
0.2743E-02	0.000
0.2848E-02	0.000
0.2956E-02	0.000
0.3069E-02	0.000
0.3186E-02	0.000
0.3307E-02	0.000
0.3433E-02	0.000
0.3564E-02	0.000
0.3700E-02	0.000
0.3841E-02	0.000
0.3987E-02	0.000
0.4139E-02	0.000
0.4296E-02	0.000
0.4460E-02	0.000
0.4630E-02	0.000
0.4806E-02	0.000
0.4989E-02	0.000
0.5179E-02	0.000
0.5377E-02	0.000
0.5581E-02	0.000
0.5794E-02	0.000
0.6015E-02	0.000
0.6244E-02	0.000
0.6481E-02	0.000
0.6728E-02	0.000
0.6985E-02	0.000
0.7251E-02	0.000
0.7527E-02	0.000
0.7813E-02	0.000
0.8111E-02	0.000
0.8420E-02	0.000
0.8741E-02	0.000
0.9073E-02	0.000
0.9419E-02	0.000
0.9778E-02	0.000
0.1015E-01	0.000
0.1054E-01	0.000
0.1094E-01	0.000
0.1135E-01	0.000
0.1179E-01	0.000
0.1224E-01	0.000
0.1270E-01	0.000
0.1319E-01	0.000
0.1369E-01	0.000
0.1421E-01	0.000
0.1475E-01	0.000
0.1531E-01	0.000
0.1590E-01	0.000
0.1650E-01	0.000
0.1713E-01	0.000
0.1778E-01	0.000
0.1846E-01	0.000
0.1916E-01	0.000
0.1989E-01	0.000
0.2065E-01	0.000
0.2144E-01	0.000
0.2225E-01	0.000
0.2310E-01	0.000
0.2398E-01	0.000
0.2489E-01	0.000
0.2584E-01	0.000
0.2682E-01	0.000
0.2785E-01	0.000
0.2891E-01	0.000
0.3001E-01	0.000
0.3115E-01	0.000
0.3234E-01	0.000
0.3357E-01	0.000
0.3485E-01	0.000
0.3617E-01	0.000
0.3755E-01	0.000
0.3898E-01	0.000
0.4047E-01	0.000
0.4201E-01	0.000
0.4361E-01	0.000
0.4527E-01	0.000
0.4699E-01	0.000
0.4878E-01	0.000
0.5064E-01	0.000
0.5257E-01	0.000
0.5457E-01	0.000
0.5665E-01	0.000
0.5881E-01	0.000
0.6105E-01	0.000
0.6337E-01	0.000
0.6579E-01	0.000
0.6829E-01	0.000
0.7089E-01	0.000
0.7359E-01	0.000
0.7640E-01	0.000
0.7931E-01	0.000
0.8233E-01	0.000
0.8546E-01	0.000
0.8872E-01	0.000
0.9210E-01	0.000
0.9560E-01	0.000
0.9924E-01	0.000
0.1030	0.000
0.1069	0.000
0.1110	0.000
0.1152	0.000
0.1196	0.000
0.1242	0.000
0.1289	0.000
0.1338	0.000
0.1389	0.000
0.1442	0.000
0.1497	0.000
0.1554	0.000
0.1613	0.000
0.1675	0.000
0.1739	0.000
0.1805	0.000
0.1874	0.000
0.1945	0.000
0.2019	0.000
0.2096	0.000
0.2176	0.000
0.2259	0.000
0.2345	0.000
0.2434	0.000
0.2527	0.000
0.2623	0.000
0.2723	0.000
0.2826	0.000
0.2934	0.000
0.3046	0.000
0.3162	0.000
0.3282	0.000
0.3407	0.000
0.3537	0.000
0.3672	0.000
0.3812	0.000
0.3957	0.000
0.4107	0.000
0.4264	0.000
0.4426	0.000
0.4595	0.000
0.4770	0.000
0.4952	0.000
0.5140	0.000
0.5336	0.000
0.5539	0.000
0.5750	0.000
0.5969	0.000
0.6196	0.000
0.6432	0.000
0.6677	0.000
0.6932	0.000
0.7196	0.000
0.7470	0.000
0.7754	0.000
0.8050	0.000
0.8356	0.000
0.8674	0.000
0.9005	0.000
0.9348	0.000
0.9704	0.000
1.007	0.000
1.046	0.000
1.086	0.000
1.127	0.000
1.170	0.000
1.214	0.000
1.261	0.000
1.309	0.000
1.358	0.000
1.410	0.000
1.464	0.000
1.520	0.000
1.578	0.000
1.638	0.000
1.700	0.000
1.765	0.000
1.832	0.000
1.902	0.000
1.974	0.000
2.049	0.000
2.127	0.000
2.208	0.000
2.293	0.000
2.380	0.000
2.470	0.000
2.565	0.000
2.662	0.000
2.764	0.000
2.869	0.000
2.978	0.000
3.092	0.000
3.209	0.000
3.332	0.000
3.458	0.000
3.590	0.000
3.727	0.000
3.869	0.000
4.016	0.000
4.169	0.000
4.328	0.000
4.493	0.000
4.664	0.000
4.841	0.000
5.026	0.000
5.217	0.000
5.416	0.000
5.622	0.000
5.836	0.000
6.059	0.000
6.289	0.000
6.529	0.000
6.778	0.000
7.036	0.000
7.304	0.000
7.582	0.000
7.871	0.2235E-24
8.170	0.6534E-24
8.482	0.1832E-23
8.805	0.7904E-23
9.140	0.2090E-22
9.488	0.5314E-22
9.849	0.1302E-21
10.22	0.3088E-21
10.61	0.7026E-21
11.02	0.1544E-20
11.44	0.3277E-20
11.87	0.6726E-20
12.33	0.1338E-19
12.80	0.2576E-19
13.28	0.4808E-19
13.79	0.8710E-19
14.31	0.1533E-18
14.86	0.2630E-18
15.42	0.4380E-18
16.01	0.7107E-18
16.62	0.1125E-17
17.25	0.1737E-17
17.91	0.2625E-17
18.59	0.3872E-17
19.30	0.5591E-17
20.04	0.7910E-17
20.80	0.1097E-16
21.59	0.1494E-16
22.42	0.1999E-16
23.27	0.2629E-16
24.16	0.3404E-16
25.08	0.4343E-16
26.03	0.5465E-16
27.02	0.6788E-16
28.05	0.8330E-16
29.12	0.1011E-15
30.23	0.1214E-15
31.38	0.1444E-15
32.57	0.1703E-15
33.82	0.1992E-15
35.10	0.2313E-15
36.44	0.2667E-15
37.83	0.3057E-15
39.27	0.3483E-15
40.76	0.3948E-15
42.32	0.4453E-15
43.93	0.5001E-15
45.60	0.5593E-15
47.34	0.6232E-15
49.14	0.6919E-15
51.01	0.7657E-15
52.96	0.8448E-15
54.97	0.9294E-15
57.07	0.1020E-14
59.24	0.1116E-14
61.50	0.1219E-14
63.84	0.1327E-14
66.27	0.1443E-14
68.79	0.1565E-14
71.41	0.1694E-14
74.13	0.1829E-14
76.96	0.1972E-14
79.89	0.2121E-14
82.93	0.2278E-14
86.09	0.2441E-14
89.37	0.2611E-14
92.77	0.2787E-14
96.31	0.2969E-14
99.97	0.3158E-14
103.8	0.3351E-14
107.7	0.3549E-14
111.8	0.3752E-14
116.1	0.3958E-14
120.5	0.4168E-14
125.1	0.4380E-14
129.9	0.4594E-14
134.8	0.4809E-14
140.0	0.5025E-14
145.3	0.5241E-14
150.8	0.5456E-14
156.6	0.5669E-14
162.5	0.5880E-14
168.7	0.6089E-14
175.1	0.6294E-14
181.8	0.6495E-14
188.7	0.6693E-14
195.9	0.6885E-14
203.4	0.7073E-14
211.1	0.7256E-14
219.2	0.7433E-14
227.5	0.7604E-14
236.2	0.7770E-14
245.2	0.7930E-14
254.5	0.8084E-14
264.2	0.8231E-14
274.3	0.8373E-14
284.7	0.8509E-14
295.6	0.8639E-14
306.8	0.8763E-14
318.5	0.8881E-14
330.6	0.8993E-14
343.2	0.9100E-14
356.3	0.9202E-14
369.9	0.9298E-14
384.0	0.9389E-14
398.6	0.9474E-14
413.8	0.9555E-14
429.5	0.9631E-14
445.9	0.9702E-14
462.9	0.9769E-14
480.5	0.9831E-14
498.8	0.9889E-14
517.8	0.9942E-14
537.5	0.9991E-14
558.0	0.1004E-13
579.2	0.1008E-13
601.3	0.1011E-13
624.2	0.1015E-13
648.0	0.1018E-13
672.6	0.1020E-13
698.3	0.1022E-13
724.9	0.1024E-13
752.5	0.1026E-13
781.1	0.1027E-13
810.9	0.1028E-13
841.8	0.1028E-13
873.8	0.1028E-13
907.1	0.1028E-13
941.6	0.1027E-13
977.5	0.1026E-13
1015.	0.1025E-13
1053.	0.1023E-13
1094.	0.1021E-13
1135.	0.1019E-13
1178.	0.1016E-13
1223.	0.1013E-13
1270.	0.1010E-13
1318.	0.1006E-13
1368.	0.1002E-13
1421.	0.9978E-14
1475.	0.9932E-14
1531.	0.9882E-14
1589.	0.9830E-14
1650.	0.9774E-14
1712.	0.9715E-14
1778.	0.9653E-14
1845.	0.9588E-14
1916.	0.9520E-14
1989.	0.9449E-14
2064.	0.9375E-14
2143.	0.9299E-14
2225.	0.9219E-14
2309.	0.9137E-14
2397.	0.9052E-14
2489.	0.8965E-14
2583.	0.8876E-14
2682.	0.8784E-14
2784.	0.8690E-14
2890.	0.8593E-14
3000.	0.8495E-14
 
 
C7    N2O    Excitation    8.50 eV                              
E/N (Td)	Rate coefficient (m3/s)
0.1000E-02	0.000
0.1038E-02	0.000
0.1078E-02	0.000
0.1119E-02	0.000
0.1161E-02	0.000
0.1205E-02	0.000
0.1251E-02	0.000
0.1299E-02	0.000
0.1349E-02	0.000
0.1400E-02	0.000
0.1453E-02	0.000
0.1509E-02	0.000
0.1566E-02	0.000
0.1626E-02	0.000
0.1688E-02	0.000
0.1752E-02	0.000
0.1819E-02	0.000
0.1888E-02	0.000
0.1960E-02	0.000
0.2034E-02	0.000
0.2112E-02	0.000
0.2192E-02	0.000
0.2276E-02	0.000
0.2362E-02	0.000
0.2452E-02	0.000
0.2546E-02	0.000
0.2643E-02	0.000
0.2743E-02	0.000
0.2848E-02	0.000
0.2956E-02	0.000
0.3069E-02	0.000
0.3186E-02	0.000
0.3307E-02	0.000
0.3433E-02	0.000
0.3564E-02	0.000
0.3700E-02	0.000
0.3841E-02	0.000
0.3987E-02	0.000
0.4139E-02	0.000
0.4296E-02	0.000
0.4460E-02	0.000
0.4630E-02	0.000
0.4806E-02	0.000
0.4989E-02	0.000
0.5179E-02	0.000
0.5377E-02	0.000
0.5581E-02	0.000
0.5794E-02	0.000
0.6015E-02	0.000
0.6244E-02	0.000
0.6481E-02	0.000
0.6728E-02	0.000
0.6985E-02	0.000
0.7251E-02	0.000
0.7527E-02	0.000
0.7813E-02	0.000
0.8111E-02	0.000
0.8420E-02	0.000
0.8741E-02	0.000
0.9073E-02	0.000
0.9419E-02	0.000
0.9778E-02	0.000
0.1015E-01	0.000
0.1054E-01	0.000
0.1094E-01	0.000
0.1135E-01	0.000
0.1179E-01	0.000
0.1224E-01	0.000
0.1270E-01	0.000
0.1319E-01	0.000
0.1369E-01	0.000
0.1421E-01	0.000
0.1475E-01	0.000
0.1531E-01	0.000
0.1590E-01	0.000
0.1650E-01	0.000
0.1713E-01	0.000
0.1778E-01	0.000
0.1846E-01	0.000
0.1916E-01	0.000
0.1989E-01	0.000
0.2065E-01	0.000
0.2144E-01	0.000
0.2225E-01	0.000
0.2310E-01	0.000
0.2398E-01	0.000
0.2489E-01	0.000
0.2584E-01	0.000
0.2682E-01	0.000
0.2785E-01	0.000
0.2891E-01	0.000
0.3001E-01	0.000
0.3115E-01	0.000
0.3234E-01	0.000
0.3357E-01	0.000
0.3485E-01	0.000
0.3617E-01	0.000
0.3755E-01	0.000
0.3898E-01	0.000
0.4047E-01	0.000
0.4201E-01	0.000
0.4361E-01	0.000
0.4527E-01	0.000
0.4699E-01	0.000
0.4878E-01	0.000
0.5064E-01	0.000
0.5257E-01	0.000
0.5457E-01	0.000
0.5665E-01	0.000
0.5881E-01	0.000
0.6105E-01	0.000
0.6337E-01	0.000
0.6579E-01	0.000
0.6829E-01	0.000
0.7089E-01	0.000
0.7359E-01	0.000
0.7640E-01	0.000
0.7931E-01	0.000
0.8233E-01	0.000
0.8546E-01	0.000
0.8872E-01	0.000
0.9210E-01	0.000
0.9560E-01	0.000
0.9924E-01	0.000
0.1030	0.000
0.1069	0.000
0.1110	0.000
0.1152	0.000
0.1196	0.000
0.1242	0.000
0.1289	0.000
0.1338	0.000
0.1389	0.000
0.1442	0.000
0.1497	0.000
0.1554	0.000
0.1613	0.000
0.1675	0.000
0.1739	0.000
0.1805	0.000
0.1874	0.000
0.1945	0.000
0.2019	0.000
0.2096	0.000
0.2176	0.000
0.2259	0.000
0.2345	0.000
0.2434	0.000
0.2527	0.000
0.2623	0.000
0.2723	0.000
0.2826	0.000
0.2934	0.000
0.3046	0.000
0.3162	0.000
0.3282	0.000
0.3407	0.000
0.3537	0.000
0.3672	0.000
0.3812	0.000
0.3957	0.000
0.4107	0.000
0.4264	0.000
0.4426	0.000
0.4595	0.000
0.4770	0.000
0.4952	0.000
0.5140	0.000
0.5336	0.000
0.5539	0.000
0.5750	0.000
0.5969	0.000
0.6196	0.000
0.6432	0.000
0.6677	0.000
0.6932	0.000
0.7196	0.000
0.7470	0.000
0.7754	0.000
0.8050	0.000
0.8356	0.000
0.8674	0.000
0.9005	0.000
0.9348	0.000
0.9704	0.000
1.007	0.000
1.046	0.000
1.086	0.000
1.127	0.000
1.170	0.000
1.214	0.000
1.261	0.000
1.309	0.000
1.358	0.000
1.410	0.000
1.464	0.000
1.520	0.000
1.578	0.000
1.638	0.000
1.700	0.000
1.765	0.000
1.832	0.000
1.902	0.000
1.974	0.000
2.049	0.000
2.127	0.000
2.208	0.000
2.293	0.000
2.380	0.000
2.470	0.000
2.565	0.000
2.662	0.000
2.764	0.000
2.869	0.000
2.978	0.000
3.092	0.000
3.209	0.000
3.332	0.000
3.458	0.000
3.590	0.000
3.727	0.000
3.869	0.000
4.016	0.000
4.169	0.000
4.328	0.000
4.493	0.000
4.664	0.000
4.841	0.000
5.026	0.000
5.217	0.000
5.416	0.000
5.622	0.000
5.836	0.000
6.059	0.000
6.289	0.000
6.529	0.000
6.778	0.000
7.036	0.000
7.304	0.000
7.582	0.000
7.871	0.000
8.170	0.000
8.482	0.000
8.805	0.000
9.140	0.000
9.488	0.000
9.849	0.000
10.22	0.000
10.61	0.000
11.02	0.000
11.44	0.000
11.87	0.000
12.33	0.000
12.80	0.000
13.28	0.000
13.79	0.000
14.31	0.000
14.86	0.1447E-27
15.42	0.4413E-27
16.01	0.1278E-26
16.62	0.3525E-26
17.25	0.9266E-26
17.91	0.1264E-24
18.59	0.3198E-24
19.30	0.7761E-24
20.04	0.1809E-23
20.80	0.4131E-23
21.59	0.8953E-23
22.42	0.1874E-22
23.27	0.3795E-22
24.16	0.7444E-22
25.08	0.1417E-21
26.03	0.2626E-21
27.02	0.4728E-21
28.05	0.8300E-21
29.12	0.1422E-20
30.23	0.2382E-20
31.38	0.3906E-20
32.57	0.6279E-20
33.82	0.9897E-20
35.10	0.1532E-19
36.44	0.2332E-19
37.83	0.3494E-19
39.27	0.5155E-19
40.76	0.7500E-19
42.32	0.1077E-18
43.93	0.1526E-18
45.60	0.2137E-18
47.34	0.2958E-18
49.14	0.4051E-18
51.01	0.5490E-18
52.96	0.7368E-18
54.97	0.9796E-18
57.07	0.1291E-17
59.24	0.1686E-17
61.50	0.2185E-17
63.84	0.2808E-17
66.27	0.3582E-17
68.79	0.4536E-17
71.41	0.5703E-17
74.13	0.7121E-17
76.96	0.8832E-17
79.89	0.1088E-16
82.93	0.1333E-16
86.09	0.1622E-16
89.37	0.1962E-16
92.77	0.2360E-16
96.31	0.2823E-16
99.97	0.3357E-16
103.8	0.3972E-16
107.7	0.4674E-16
111.8	0.5472E-16
116.1	0.6375E-16
120.5	0.7391E-16
125.1	0.8529E-16
129.9	0.9798E-16
134.8	0.1121E-15
140.0	0.1276E-15
145.3	0.1447E-15
150.8	0.1635E-15
156.6	0.1840E-15
162.5	0.2063E-15
168.7	0.2304E-15
175.1	0.2566E-15
181.8	0.2847E-15
188.7	0.3150E-15
195.9	0.3475E-15
203.4	0.3822E-15
211.1	0.4192E-15
219.2	0.4587E-15
227.5	0.5006E-15
236.2	0.5451E-15
245.2	0.5922E-15
254.5	0.6420E-15
264.2	0.6947E-15
274.3	0.7503E-15
284.7	0.8089E-15
295.6	0.8706E-15
306.8	0.9355E-15
318.5	0.1004E-14
330.6	0.1075E-14
343.2	0.1150E-14
356.3	0.1229E-14
369.9	0.1312E-14
384.0	0.1399E-14
398.6	0.1489E-14
413.8	0.1584E-14
429.5	0.1684E-14
445.9	0.1788E-14
462.9	0.1897E-14
480.5	0.2010E-14
498.8	0.2129E-14
517.8	0.2253E-14
537.5	0.2382E-14
558.0	0.2517E-14
579.2	0.2658E-14
601.3	0.2805E-14
624.2	0.2959E-14
648.0	0.3118E-14
672.6	0.3285E-14
698.3	0.3458E-14
724.9	0.3639E-14
752.5	0.3826E-14
781.1	0.4022E-14
810.9	0.4224E-14
841.8	0.4435E-14
873.8	0.4654E-14
907.1	0.4881E-14
941.6	0.5116E-14
977.5	0.5360E-14
1015.	0.5612E-14
1053.	0.5873E-14
1094.	0.6143E-14
1135.	0.6421E-14
1178.	0.6708E-14
1223.	0.7003E-14
1270.	0.7307E-14
1318.	0.7620E-14
1368.	0.7940E-14
1421.	0.8270E-14
1475.	0.8606E-14
1531.	0.8950E-14
1589.	0.9302E-14
1650.	0.9660E-14
1712.	0.1002E-13
1778.	0.1039E-13
1845.	0.1077E-13
1916.	0.1115E-13
1989.	0.1153E-13
2064.	0.1192E-13
2143.	0.1231E-13
2225.	0.1270E-13
2309.	0.1309E-13
2397.	0.1348E-13
2489.	0.1387E-13
2583.	0.1426E-13
2682.	0.1464E-13
2784.	0.1502E-13
2890.	0.1540E-13
3000.	0.1577E-13
 
 
C8    N2O    Excitation    9.60 eV                              
E/N (Td)	Rate coefficient (m3/s)
0.1000E-02	0.000
0.1038E-02	0.000
0.1078E-02	0.000
0.1119E-02	0.000
0.1161E-02	0.000
0.1205E-02	0.000
0.1251E-02	0.000
0.1299E-02	0.000
0.1349E-02	0.000
0.1400E-02	0.000
0.1453E-02	0.000
0.1509E-02	0.000
0.1566E-02	0.000
0.1626E-02	0.000
0.1688E-02	0.000
0.1752E-02	0.000
0.1819E-02	0.000
0.1888E-02	0.000
0.1960E-02	0.000
0.2034E-02	0.000
0.2112E-02	0.000
0.2192E-02	0.000
0.2276E-02	0.000
0.2362E-02	0.000
0.2452E-02	0.000
0.2546E-02	0.000
0.2643E-02	0.000
0.2743E-02	0.000
0.2848E-02	0.000
0.2956E-02	0.000
0.3069E-02	0.000
0.3186E-02	0.000
0.3307E-02	0.000
0.3433E-02	0.000
0.3564E-02	0.000
0.3700E-02	0.000
0.3841E-02	0.000
0.3987E-02	0.000
0.4139E-02	0.000
0.4296E-02	0.000
0.4460E-02	0.000
0.4630E-02	0.000
0.4806E-02	0.000
0.4989E-02	0.000
0.5179E-02	0.000
0.5377E-02	0.000
0.5581E-02	0.000
0.5794E-02	0.000
0.6015E-02	0.000
0.6244E-02	0.000
0.6481E-02	0.000
0.6728E-02	0.000
0.6985E-02	0.000
0.7251E-02	0.000
0.7527E-02	0.000
0.7813E-02	0.000
0.8111E-02	0.000
0.8420E-02	0.000
0.8741E-02	0.000
0.9073E-02	0.000
0.9419E-02	0.000
0.9778E-02	0.000
0.1015E-01	0.000
0.1054E-01	0.000
0.1094E-01	0.000
0.1135E-01	0.000
0.1179E-01	0.000
0.1224E-01	0.000
0.1270E-01	0.000
0.1319E-01	0.000
0.1369E-01	0.000
0.1421E-01	0.000
0.1475E-01	0.000
0.1531E-01	0.000
0.1590E-01	0.000
0.1650E-01	0.000
0.1713E-01	0.000
0.1778E-01	0.000
0.1846E-01	0.000
0.1916E-01	0.000
0.1989E-01	0.000
0.2065E-01	0.000
0.2144E-01	0.000
0.2225E-01	0.000
0.2310E-01	0.000
0.2398E-01	0.000
0.2489E-01	0.000
0.2584E-01	0.000
0.2682E-01	0.000
0.2785E-01	0.000
0.2891E-01	0.000
0.3001E-01	0.000
0.3115E-01	0.000
0.3234E-01	0.000
0.3357E-01	0.000
0.3485E-01	0.000
0.3617E-01	0.000
0.3755E-01	0.000
0.3898E-01	0.000
0.4047E-01	0.000
0.4201E-01	0.000
0.4361E-01	0.000
0.4527E-01	0.000
0.4699E-01	0.000
0.4878E-01	0.000
0.5064E-01	0.000
0.5257E-01	0.000
0.5457E-01	0.000
0.5665E-01	0.000
0.5881E-01	0.000
0.6105E-01	0.000
0.6337E-01	0.000
0.6579E-01	0.000
0.6829E-01	0.000
0.7089E-01	0.000
0.7359E-01	0.000
0.7640E-01	0.000
0.7931E-01	0.000
0.8233E-01	0.000
0.8546E-01	0.000
0.8872E-01	0.000
0.9210E-01	0.000
0.9560E-01	0.000
0.9924E-01	0.000
0.1030	0.000
0.1069	0.000
0.1110	0.000
0.1152	0.000
0.1196	0.000
0.1242	0.000
0.1289	0.000
0.1338	0.000
0.1389	0.000
0.1442	0.000
0.1497	0.000
0.1554	0.000
0.1613	0.000
0.1675	0.000
0.1739	0.000
0.1805	0.000
0.1874	0.000
0.1945	0.000
0.2019	0.000
0.2096	0.000
0.2176	0.000
0.2259	0.000
0.2345	0.000
0.2434	0.000
0.2527	0.000
0.2623	0.000
0.2723	0.000
0.2826	0.000
0.2934	0.000
0.3046	0.000
0.3162	0.000
0.3282	0.000
0.3407	0.000
0.3537	0.000
0.3672	0.000
0.3812	0.000
0.3957	0.000
0.4107	0.000
0.4264	0.000
0.4426	0.000
0.4595	0.000
0.4770	0.000
0.4952	0.000
0.5140	0.000
0.5336	0.000
0.5539	0.000
0.5750	0.000
0.5969	0.000
0.6196	0.000
0.6432	0.000
0.6677	0.000
0.6932	0.000
0.7196	0.000
0.7470	0.000
0.7754	0.000
0.8050	0.000
0.8356	0.000
0.8674	0.000
0.9005	0.000
0.9348	0.000
0.9704	0.000
1.007	0.000
1.046	0.000
1.086	0.000
1.127	0.000
1.170	0.000
1.214	0.000
1.261	0.000
1.309	0.000
1.358	0.000
1.410	0.000
1.464	0.000
1.520	0.000
1.578	0.000
1.638	0.000
1.700	0.000
1.765	0.000
1.832	0.000
1.902	0.000
1.974	0.000
2.049	0.000
2.127	0.000
2.208	0.000
2.293	0.000
2.380	0.000
2.470	0.000
2.565	0.000
2.662	0.000
2.764	0.000
2.869	0.000
2.978	0.000
3.092	0.000
3.209	0.000
3.332	0.000
3.458	0.000
3.590	0.000
3.727	0.000
3.869	0.000
4.016	0.000
4.169	0.000
4.328	0.000
4.493	0.000
4.664	0.000
4.841	0.000
5.026	0.000
5.217	0.000
5.416	0.000
5.622	0.000
5.836	0.000
6.059	0.000
6.289	0.000
6.529	0.000
6.778	0.000
7.036	0.000
7.304	0.000
7.582	0.000
7.871	0.000
8.170	0.000
8.482	0.000
8.805	0.000
9.140	0.000
9.488	0.000
9.849	0.000
10.22	0.000
10.61	0.000
11.02	0.000
11.44	0.000
11.87	0.000
12.33	0.000
12.80	0.000
13.28	0.000
13.79	0.000
14.31	0.000
14.86	0.000
15.42	0.000
16.01	0.000
16.62	0.000
17.25	0.000
17.91	0.6237E-27
18.59	0.1811E-26
19.30	0.5005E-26
20.04	0.1319E-25
20.80	0.1338E-24
21.59	0.3450E-24
22.42	0.8543E-24
23.27	0.2034E-23
24.16	0.4668E-23
25.08	0.1034E-22
26.03	0.2270E-22
27.02	0.4722E-22
28.05	0.9533E-22
29.12	0.1870E-21
30.23	0.3569E-21
31.38	0.6639E-21
32.57	0.1206E-20
33.82	0.2139E-20
35.10	0.3710E-20
36.44	0.6302E-20
37.83	0.1050E-19
39.27	0.1715E-19
40.76	0.2754E-19
42.32	0.4346E-19
43.93	0.6754E-19
45.60	0.1033E-18
47.34	0.1557E-18
49.14	0.2314E-18
51.01	0.3395E-18
52.96	0.4917E-18
54.97	0.7035E-18
57.07	0.9949E-18
59.24	0.1392E-17
61.50	0.1925E-17
63.84	0.2636E-17
66.27	0.3574E-17
68.79	0.4800E-17
71.41	0.6385E-17
74.13	0.8419E-17
76.96	0.1101E-16
79.89	0.1426E-16
82.93	0.1834E-16
86.09	0.2340E-16
89.37	0.2961E-16
92.77	0.3720E-16
96.31	0.4640E-16
99.97	0.5747E-16
103.8	0.7070E-16
107.7	0.8639E-16
111.8	0.1049E-15
116.1	0.1265E-15
120.5	0.1517E-15
125.1	0.1809E-15
129.9	0.2144E-15
134.8	0.2528E-15
140.0	0.2964E-15
145.3	0.3458E-15
150.8	0.4014E-15
156.6	0.4638E-15
162.5	0.5333E-15
168.7	0.6106E-15
175.1	0.6962E-15
181.8	0.7905E-15
188.7	0.8941E-15
195.9	0.1008E-14
203.4	0.1131E-14
211.1	0.1266E-14
219.2	0.1412E-14
227.5	0.1571E-14
236.2	0.1742E-14
245.2	0.1926E-14
254.5	0.2124E-14
264.2	0.2336E-14
274.3	0.2564E-14
284.7	0.2807E-14
295.6	0.3067E-14
306.8	0.3344E-14
318.5	0.3639E-14
330.6	0.3953E-14
343.2	0.4286E-14
356.3	0.4639E-14
369.9	0.5014E-14
384.0	0.5410E-14
398.6	0.5830E-14
413.8	0.6273E-14
429.5	0.6741E-14
445.9	0.7235E-14
462.9	0.7756E-14
480.5	0.8305E-14
498.8	0.8884E-14
517.8	0.9492E-14
537.5	0.1013E-13
558.0	0.1081E-13
579.2	0.1151E-13
601.3	0.1225E-13
624.2	0.1303E-13
648.0	0.1385E-13
672.6	0.1470E-13
698.3	0.1560E-13
724.9	0.1654E-13
752.5	0.1752E-13
781.1	0.1854E-13
810.9	0.1961E-13
841.8	0.2073E-13
873.8	0.2189E-13
907.1	0.2310E-13
941.6	0.2436E-13
977.5	0.2568E-13
1015.	0.2704E-13
1053.	0.2846E-13
1094.	0.2993E-13
1135.	0.3145E-13
1178.	0.3302E-13
1223.	0.3465E-13
1270.	0.3633E-13
1318.	0.3806E-13
1368.	0.3985E-13
1421.	0.4169E-13
1475.	0.4357E-13
1531.	0.4551E-13
1589.	0.4749E-13
1650.	0.4951E-13
1712.	0.5157E-13
1778.	0.5368E-13
1845.	0.5582E-13
1916.	0.5799E-13
1989.	0.6020E-13
2064.	0.6242E-13
2143.	0.6467E-13
2225.	0.6694E-13
2309.	0.6922E-13
2397.	0.7151E-13
2489.	0.7379E-13
2583.	0.7608E-13
2682.	0.7836E-13
2784.	0.8062E-13
2890.	0.8286E-13
3000.	0.8508E-13
 
 
C9    N2O    Ionization    12.89 eV                             
E/N (Td)	Rate coefficient (m3/s)
0.1000E-02	0.000
0.1038E-02	0.000
0.1078E-02	0.000
0.1119E-02	0.000
0.1161E-02	0.000
0.1205E-02	0.000
0.1251E-02	0.000
0.1299E-02	0.000
0.1349E-02	0.000
0.1400E-02	0.000
0.1453E-02	0.000
0.1509E-02	0.000
0.1566E-02	0.000
0.1626E-02	0.000
0.1688E-02	0.000
0.1752E-02	0.000
0.1819E-02	0.000
0.1888E-02	0.000
0.1960E-02	0.000
0.2034E-02	0.000
0.2112E-02	0.000
0.2192E-02	0.000
0.2276E-02	0.000
0.2362E-02	0.000
0.2452E-02	0.000
0.2546E-02	0.000
0.2643E-02	0.000
0.2743E-02	0.000
0.2848E-02	0.000
0.2956E-02	0.000
0.3069E-02	0.000
0.3186E-02	0.000
0.3307E-02	0.000
0.3433E-02	0.000
0.3564E-02	0.000
0.3700E-02	0.000
0.3841E-02	0.000
0.3987E-02	0.000
0.4139E-02	0.000
0.4296E-02	0.000
0.4460E-02	0.000
0.4630E-02	0.000
0.4806E-02	0.000
0.4989E-02	0.000
0.5179E-02	0.000
0.5377E-02	0.000
0.5581E-02	0.000
0.5794E-02	0.000
0.6015E-02	0.000
0.6244E-02	0.000
0.6481E-02	0.000
0.6728E-02	0.000
0.6985E-02	0.000
0.7251E-02	0.000
0.7527E-02	0.000
0.7813E-02	0.000
0.8111E-02	0.000
0.8420E-02	0.000
0.8741E-02	0.000
0.9073E-02	0.000
0.9419E-02	0.000
0.9778E-02	0.000
0.1015E-01	0.000
0.1054E-01	0.000
0.1094E-01	0.000
0.1135E-01	0.000
0.1179E-01	0.000
0.1224E-01	0.000
0.1270E-01	0.000
0.1319E-01	0.000
0.1369E-01	0.000
0.1421E-01	0.000
0.1475E-01	0.000
0.1531E-01	0.000
0.1590E-01	0.000
0.1650E-01	0.000
0.1713E-01	0.000
0.1778E-01	0.000
0.1846E-01	0.000
0.1916E-01	0.000
0.1989E-01	0.000
0.2065E-01	0.000
0.2144E-01	0.000
0.2225E-01	0.000
0.2310E-01	0.000
0.2398E-01	0.000
0.2489E-01	0.000
0.2584E-01	0.000
0.2682E-01	0.000
0.2785E-01	0.000
0.2891E-01	0.000
0.3001E-01	0.000
0.3115E-01	0.000
0.3234E-01	0.000
0.3357E-01	0.000
0.3485E-01	0.000
0.3617E-01	0.000
0.3755E-01	0.000
0.3898E-01	0.000
0.4047E-01	0.000
0.4201E-01	0.000
0.4361E-01	0.000
0.4527E-01	0.000
0.4699E-01	0.000
0.4878E-01	0.000
0.5064E-01	0.000
0.5257E-01	0.000
0.5457E-01	0.000
0.5665E-01	0.000
0.5881E-01	0.000
0.6105E-01	0.000
0.6337E-01	0.000
0.6579E-01	0.000
0.6829E-01	0.000
0.7089E-01	0.000
0.7359E-01	0.000
0.7640E-01	0.000
0.7931E-01	0.000
0.8233E-01	0.000
0.8546E-01	0.000
0.8872E-01	0.000
0.9210E-01	0.000
0.9560E-01	0.000
0.9924E-01	0.000
0.1030	0.000
0.1069	0.000
0.1110	0.000
0.1152	0.000
0.1196	0.000
0.1242	0.000
0.1289	0.000
0.1338	0.000
0.1389	0.000
0.1442	0.000
0.1497	0.000
0.1554	0.000
0.1613	0.000
0.1675	0.000
0.1739	0.000
0.1805	0.000
0.1874	0.000
0.1945	0.000
0.2019	0.000
0.2096	0.000
0.2176	0.000
0.2259	0.000
0.2345	0.000
0.2434	0.000
0.2527	0.000
0.2623	0.000
0.2723	0.000
0.2826	0.000
0.2934	0.000
0.3046	0.000
0.3162	0.000
0.3282	0.000
0.3407	0.000
0.3537	0.000
0.3672	0.000
0.3812	0.000
0.3957	0.000
0.4107	0.000
0.4264	0.000
0.4426	0.000
0.4595	0.000
0.4770	0.000
0.4952	0.000
0.5140	0.000
0.5336	0.000
0.5539	0.000
0.5750	0.000
0.5969	0.000
0.6196	0.000
0.6432	0.000
0.6677	0.000
0.6932	0.000
0.7196	0.000
0.7470	0.000
0.7754	0.000
0.8050	0.000
0.8356	0.000
0.8674	0.000
0.9005	0.000
0.9348	0.000
0.9704	0.000
1.007	0.000
1.046	0.000
1.086	0.000
1.127	0.000
1.170	0.000
1.214	0.000
1.261	0.000
1.309	0.000
1.358	0.000
1.410	0.000
1.464	0.000
1.520	0.000
1.578	0.000
1.638	0.000
1.700	0.000
1.765	0.000
1.832	0.000
1.902	0.000
1.974	0.000
2.049	0.000
2.127	0.000
2.208	0.000
2.293	0.000
2.380	0.000
2.470	0.000
2.565	0.000
2.662	0.000
2.764	0.000
2.869	0.000
2.978	0.000
3.092	0.000
3.209	0.000
3.332	0.000
3.458	0.000
3.590	0.000
3.727	0.000
3.869	0.000
4.016	0.000
4.169	0.000
4.328	0.000
4.493	0.000
4.664	0.000
4.841	0.000
5.026	0.000
5.217	0.000
5.416	0.000
5.622	0.000
5.836	0.000
6.059	0.000
6.289	0.000
6.529	0.000
6.778	0.000
7.036	0.000
7.304	0.000
7.582	0.000
7.871	0.000
8.170	0.000
8.482	0.000
8.805	0.000
9.140	0.000
9.488	0.000
9.849	0.000
10.22	0.000
10.61	0.000
11.02	0.000
11.44	0.000
11.87	0.000
12.33	0.000
12.80	0.000
13.28	0.000
13.79	0.000
14.31	0.000
14.86	0.000
15.42	0.000
16.01	0.000
16.62	0.000
17.25	0.000
17.91	0.000
18.59	0.000
19.30	0.000
20.04	0.000
20.80	0.000
21.59	0.000
22.42	0.000
23.27	0.000
24.16	0.000
25.08	0.000
26.03	0.1209E-25
27.02	0.3157E-25
28.05	0.7918E-25
29.12	0.1912E-24
30.23	0.4451E-24
31.38	0.1001E-23
32.57	0.2276E-23
33.82	0.4830E-23
35.10	0.9960E-23
36.44	0.1998E-22
37.83	0.3904E-22
39.27	0.7441E-22
40.76	0.1385E-21
42.32	0.2521E-21
43.93	0.4496E-21
45.60	0.7846E-21
47.34	0.1343E-20
49.14	0.2256E-20
51.01	0.3724E-20
52.96	0.6042E-20
54.97	0.9646E-20
57.07	0.1516E-19
59.24	0.2348E-19
61.50	0.3584E-19
63.84	0.5395E-19
66.27	0.8014E-19
68.79	0.1175E-18
71.41	0.1702E-18
74.13	0.2437E-18
76.96	0.3448E-18
79.89	0.4825E-18
82.93	0.6681E-18
86.09	0.9152E-18
89.37	0.1241E-17
92.77	0.1667E-17
96.31	0.2218E-17
99.97	0.2924E-17
103.8	0.3820E-17
107.7	0.4949E-17
111.8	0.6358E-17
116.1	0.8102E-17
120.5	0.1024E-16
125.1	0.1286E-16
129.9	0.1602E-16
134.8	0.1981E-16
140.0	0.2435E-16
145.3	0.2972E-16
150.8	0.3606E-16
156.6	0.4348E-16
162.5	0.5213E-16
168.7	0.6215E-16
175.1	0.7370E-16
181.8	0.8695E-16
188.7	0.1021E-15
195.9	0.1193E-15
203.4	0.1388E-15
211.1	0.1608E-15
219.2	0.1855E-15
227.5	0.2132E-15
236.2	0.2441E-15
245.2	0.2785E-15
254.5	0.3167E-15
264.2	0.3590E-15
274.3	0.4057E-15
284.7	0.4571E-15
295.6	0.5137E-15
306.8	0.5757E-15
318.5	0.6436E-15
330.6	0.7179E-15
343.2	0.7988E-15
356.3	0.8870E-15
369.9	0.9828E-15
384.0	0.1087E-14
398.6	0.1200E-14
413.8	0.1322E-14
429.5	0.1454E-14
445.9	0.1597E-14
462.9	0.1750E-14
480.5	0.1916E-14
498.8	0.2095E-14
517.8	0.2286E-14
537.5	0.2493E-14
558.0	0.2714E-14
579.2	0.2951E-14
601.3	0.3205E-14
624.2	0.3477E-14
648.0	0.3768E-14
672.6	0.4079E-14
698.3	0.4411E-14
724.9	0.4766E-14
752.5	0.5144E-14
781.1	0.5547E-14
810.9	0.5976E-14
841.8	0.6433E-14
873.8	0.6919E-14
907.1	0.7436E-14
941.6	0.7986E-14
977.5	0.8570E-14
1015.	0.9190E-14
1053.	0.9848E-14
1094.	0.1055E-13
1135.	0.1129E-13
1178.	0.1207E-13
1223.	0.1290E-13
1270.	0.1378E-13
1318.	0.1471E-13
1368.	0.1569E-13
1421.	0.1674E-13
1475.	0.1783E-13
1531.	0.1899E-13
1589.	0.2022E-13
1650.	0.2151E-13
1712.	0.2287E-13
1778.	0.2430E-13
1845.	0.2580E-13
1916.	0.2738E-13
1989.	0.2905E-13
2064.	0.3079E-13
2143.	0.3262E-13
2225.	0.3454E-13
2309.	0.3654E-13
2397.	0.3864E-13
2489.	0.4083E-13
2583.	0.4311E-13
2682.	0.4549E-13
2784.	0.4797E-13
2890.	0.5055E-13
3000.	0.5323E-13
 
 
C1    N2O    Attachment                                         
E/N (Td)	Inverse rate coefficient (m2)
0.1000E-02	0.000
0.1038E-02	0.000
0.1078E-02	0.000
0.1119E-02	0.000
0.1161E-02	0.000
0.1205E-02	0.000
0.1251E-02	0.000
0.1299E-02	0.000
0.1349E-02	0.000
0.1400E-02	0.000
0.1453E-02	0.000
0.1509E-02	0.000
0.1566E-02	0.000
0.1626E-02	0.000
0.1688E-02	0.000
0.1752E-02	0.000
0.1819E-02	0.000
0.1888E-02	0.000
0.1960E-02	0.000
0.2034E-02	0.000
0.2112E-02	0.000
0.2192E-02	0.000
0.2276E-02	0.000
0.2362E-02	0.000
0.2452E-02	0.000
0.2546E-02	0.000
0.2643E-02	0.000
0.2743E-02	0.000
0.2848E-02	0.000
0.2956E-02	0.000
0.3069E-02	0.000
0.3186E-02	0.000
0.3307E-02	0.000
0.3433E-02	0.000
0.3564E-02	0.000
0.3700E-02	0.000
0.3841E-02	0.000
0.3987E-02	0.000
0.4139E-02	0.000
0.4296E-02	0.000
0.4460E-02	0.000
0.4630E-02	0.000
0.4806E-02	0.000
0.4989E-02	0.000
0.5179E-02	0.000
0.5377E-02	0.000
0.5581E-02	0.000
0.5794E-02	0.000
0.6015E-02	0.000
0.6244E-02	0.000
0.6481E-02	0.000
0.6728E-02	0.000
0.6985E-02	0.000
0.7251E-02	0.000
0.7527E-02	0.000
0.7813E-02	0.000
0.8111E-02	0.000
0.8420E-02	0.000
0.8741E-02	0.000
0.9073E-02	0.000
0.9419E-02	0.000
0.9778E-02	0.000
0.1015E-01	0.000
0.1054E-01	0.000
0.1094E-01	0.000
0.1135E-01	0.000
0.1179E-01	0.000
0.1224E-01	0.000
0.1270E-01	0.000
0.1319E-01	0.000
0.1369E-01	0.000
0.1421E-01	0.000
0.1475E-01	0.000
0.1531E-01	0.000
0.1590E-01	0.000
0.1650E-01	0.000
0.1713E-01	0.000
0.1778E-01	0.000
0.1846E-01	0.000
0.1916E-01	0.000
0.1989E-01	0.000
0.2065E-01	0.000
0.2144E-01	0.000
0.2225E-01	0.000
0.2310E-01	0.000
0.2398E-01	0.000
0.2489E-01	0.000
0.2584E-01	0.000
0.2682E-01	0.000
0.2785E-01	0.000
0.2891E-01	0.000
0.3001E-01	0.000
0.3115E-01	0.000
0.3234E-01	0.000
0.3357E-01	0.000
0.3485E-01	0.000
0.3617E-01	0.000
0.3755E-01	0.000
0.3898E-01	0.000
0.4047E-01	0.000
0.4201E-01	0.000
0.4361E-01	0.000
0.4527E-01	0.000
0.4699E-01	0.000
0.4878E-01	0.000
0.5064E-01	0.000
0.5257E-01	0.000
0.5457E-01	0.000
0.5665E-01	0.000
0.5881E-01	0.000
0.6105E-01	0.000
0.6337E-01	0.000
0.6579E-01	0.000
0.6829E-01	0.000
0.7089E-01	0.000
0.7359E-01	0.000
0.7640E-01	0.000
0.7931E-01	0.000
0.8233E-01	0.000
0.8546E-01	0.000
0.8872E-01	0.000
0.9210E-01	0.000
0.9560E-01	0.000
0.9924E-01	0.000
0.1030	0.000
0.1069	0.000
0.1110	0.000
0.1152	0.000
0.1196	0.000
0.1242	0.000
0.1289	0.000
0.1338	0.000
0.1389	0.000
0.1442	0.000
0.1497	0.000
0.1554	0.000
0.1613	0.000
0.1675	0.000
0.1739	0.000
0.1805	0.000
0.1874	0.000
0.1945	0.000
0.2019	0.000
0.2096	0.000
0.2176	0.000
0.2259	0.000
0.2345	0.000
0.2434	0.000
0.2527	0.000
0.2623	0.000
0.2723	0.000
0.2826	0.000
0.2934	0.000
0.3046	0.000
0.3162	0.000
0.3282	0.000
0.3407	0.000
0.3537	0.000
0.3672	0.000
0.3812	0.000
0.3957	0.000
0.4107	0.000
0.4264	0.000
0.4426	0.000
0.4595	0.000
0.4770	0.000
0.4952	0.000
0.5140	0.000
0.5336	0.000
0.5539	0.000
0.5750	0.000
0.5969	0.000
0.6196	0.000
0.6432	0.000
0.6677	0.000
0.6932	0.000
0.7196	0.000
0.7470	0.000
0.7754	0.000
0.8050	0.000
0.8356	0.000
0.8674	0.000
0.9005	0.000
0.9348	0.000
0.9704	0.000
1.007	0.000
1.046	0.000
1.086	0.000
1.127	0.000
1.170	0.000
1.214	0.000
1.261	0.000
1.309	0.000
1.358	0.000
1.410	0.000
1.464	0.000
1.520	0.000
1.578	0.000
1.638	0.000
1.700	0.000
1.765	0.000
1.832	0.000
1.902	0.000
1.974	0.000
2.049	0.000
2.127	0.000
2.208	0.000
2.293	0.000
2.380	0.000
2.470	0.000
2.565	0.000
2.662	0.000
2.764	0.000
2.869	0.000
2.978	0.000
3.092	0.000
3.209	0.000
3.332	0.000
3.458	0.000
3.590	0.000
3.727	0.000
3.869	0.000
4.016	0.000
4.169	0.000
4.328	0.000
4.493	0.000
4.664	0.000
4.841	0.000
5.026	0.000
5.217	0.000
5.416	0.000
5.622	0.000
5.836	0.000
6.059	0.000
6.289	0.000
6.529	0.000
6.778	0.000
7.036	0.000
7.304	0.000
7.582	0.000
7.871	0.000
8.170	0.000
8.482	0.000
8.805	0.000
9.140	0.000
9.488	0.000
9.849	0.000
10.22	0.000
10.61	0.000
11.02	0.000
11.44	0.000
11.87	0.000
12.33	0.000
12.80	0.000
13.28	0.000
13.79	0.000
14.31	0.000
14.86	0.000
15.42	0.000
16.01	0.000
16.62	0.000
17.25	0.000
17.91	0.000
18.59	0.000
19.30	0.000
20.04	0.000
20.80	0.000
21.59	0.000
22.42	0.000
23.27	0.000
24.16	0.000
25.08	0.000
26.03	0.000
27.02	0.000
28.05	0.000
29.12	0.000
30.23	0.000
31.38	0.000
32.57	0.000
33.82	0.000
35.10	0.000
36.44	0.000
37.83	0.000
39.27	0.000
40.76	0.000
42.32	0.000
43.93	0.000
45.60	0.000
47.34	0.000
49.14	0.000
51.01	0.000
52.96	0.000
54.97	0.000
57.07	0.000
59.24	0.000
61.50	0.000
63.84	0.000
66.27	0.000
68.79	0.000
71.41	0.000
74.13	0.000
76.96	0.000
79.89	0.000
82.93	0.000
86.09	0.000
89.37	0.000
92.77	0.000
96.31	0.000
99.97	0.000
103.8	0.000
107.7	0.000
111.8	0.000
116.1	0.000
120.5	0.000
125.1	0.000
129.9	0.000
134.8	0.000
140.0	0.000
145.3	0.000
150.8	0.000
156.6	0.000
162.5	0.000
168.7	0.000
175.1	0.000
181.8	0.000
188.7	0.000
195.9	0.000
203.4	0.000
211.1	0.000
219.2	0.000
227.5	0.000
236.2	0.000
245.2	0.000
254.5	0.000
264.2	0.000
274.3	0.000
284.7	0.000
295.6	0.000
306.8	0.000
318.5	0.000
330.6	0.000
343.2	0.000
356.3	0.000
369.9	0.000
384.0	0.000
398.6	0.000
413.8	0.000
429.5	0.000
445.9	0.000
462.9	0.000
480.5	0.000
498.8	0.000
517.8	0.000
537.5	0.000
558.0	0.000
579.2	0.000
601.3	0.000
624.2	0.000
648.0	0.000
672.6	0.000
698.3	0.000
724.9	0.000
752.5	0.000
781.1	0.000
810.9	0.000
841.8	0.000
873.8	0.000
907.1	0.000
941.6	0.000
977.5	0.000
1015.	0.000
1053.	0.000
1094.	0.000
1135.	0.000
1178.	0.000
1223.	0.000
1270.	0.000
1318.	0.000
1368.	0.000
1421.	0.000
1475.	0.000
1531.	0.000
1589.	0.000
1650.	0.000
1712.	0.000
1778.	0.000
1845.	0.000
1916.	0.000
1989.	0.000
2064.	0.000
2143.	0.000
2225.	0.000
2309.	0.000
2397.	0.000
2489.	0.000
2583.	0.000
2682.	0.000
2784.	0.000
2890.	0.000
3000.	0.000
 
 
C2    N2O    Elastic                                            
E/N (Td)	Inverse rate coefficient (m2)
0.1000E-02	0.000
0.1038E-02	0.000
0.1078E-02	0.000
0.1119E-02	0.000
0.1161E-02	0.000
0.1205E-02	0.000
0.1251E-02	0.000
0.1299E-02	0.000
0.1349E-02	0.000
0.1400E-02	0.000
0.1453E-02	0.000
0.1509E-02	0.000
0.1566E-02	0.000
0.1626E-02	0.000
0.1688E-02	0.000
0.1752E-02	0.000
0.1819E-02	0.000
0.1888E-02	0.000
0.1960E-02	0.000
0.2034E-02	0.000
0.2112E-02	0.000
0.2192E-02	0.000
0.2276E-02	0.000
0.2362E-02	0.000
0.2452E-02	0.000
0.2546E-02	0.000
0.2643E-02	0.000
0.2743E-02	0.000
0.2848E-02	0.000
0.2956E-02	0.000
0.3069E-02	0.000
0.3186E-02	0.000
0.3307E-02	0.000
0.3433E-02	0.000
0.3564E-02	0.000
0.3700E-02	0.000
0.3841E-02	0.000
0.3987E-02	0.000
0.4139E-02	0.000
0.4296E-02	0.000
0.4460E-02	0.000
0.4630E-02	0.000
0.4806E-02	0.000
0.4989E-02	0.000
0.5179E-02	0.000
0.5377E-02	0.000
0.5581E-02	0.000
0.5794E-02	0.000
0.6015E-02	0.000
0.6244E-02	0.000
0.6481E-02	0.000
0.6728E-02	0.000
0.6985E-02	0.000
0.7251E-02	0.000
0.7527E-02	0.000
0.7813E-02	0.000
0.8111E-02	0.000
0.8420E-02	0.000
0.8741E-02	0.000
0.9073E-02	0.000
0.9419E-02	0.000
0.9778E-02	0.000
0.1015E-01	0.000
0.1054E-01	0.000
0.1094E-01	0.000
0.1135E-01	0.000
0.1179E-01	0.000
0.1224E-01	0.000
0.1270E-01	0.000
0.1319E-01	0.000
0.1369E-01	0.000
0.1421E-01	0.000
0.1475E-01	0.000
0.1531E-01	0.000
0.1590E-01	0.000
0.1650E-01	0.000
0.1713E-01	0.000
0.1778E-01	0.000
0.1846E-01	0.000
0.1916E-01	0.000
0.1989E-01	0.000
0.2065E-01	0.000
0.2144E-01	0.000
0.2225E-01	0.000
0.2310E-01	0.000
0.2398E-01	0.000
0.2489E-01	0.000
0.2584E-01	0.000
0.2682E-01	0.000
0.2785E-01	0.000
0.2891E-01	0.000
0.3001E-01	0.000
0.3115E-01	0.000
0.3234E-01	0.000
0.3357E-01	0.000
0.3485E-01	0.000
0.3617E-01	0.000
0.3755E-01	0.000
0.3898E-01	0.000
0.4047E-01	0.000
0.4201E-01	0.000
0.4361E-01	0.000
0.4527E-01	0.000
0.4699E-01	0.000
0.4878E-01	0.000
0.5064E-01	0.000
0.5257E-01	0.000
0.5457E-01	0.000
0.5665E-01	0.000
0.5881E-01	0.000
0.6105E-01	0.000
0.6337E-01	0.000
0.6579E-01	0.000
0.6829E-01	0.000
0.7089E-01	0.000
0.7359E-01	0.000
0.7640E-01	0.000
0.7931E-01	0.000
0.8233E-01	0.000
0.8546E-01	0.000
0.8872E-01	0.000
0.9210E-01	0.000
0.9560E-01	0.000
0.9924E-01	0.000
0.1030	0.000
0.1069	0.000
0.1110	0.000
0.1152	0.000
0.1196	0.000
0.1242	0.000
0.1289	0.000
0.1338	0.000
0.1389	0.000
0.1442	0.000
0.1497	0.000
0.1554	0.000
0.1613	0.000
0.1675	0.000
0.1739	0.000
0.1805	0.000
0.1874	0.000
0.1945	0.000
0.2019	0.000
0.2096	0.000
0.2176	0.000
0.2259	0.000
0.2345	0.000
0.2434	0.000
0.2527	0.000
0.2623	0.000
0.2723	0.000
0.2826	0.000
0.2934	0.000
0.3046	0.000
0.3162	0.000
0.3282	0.000
0.3407	0.000
0.3537	0.000
0.3672	0.000
0.3812	0.000
0.3957	0.000
0.4107	0.000
0.4264	0.000
0.4426	0.000
0.4595	0.000
0.4770	0.000
0.4952	0.000
0.5140	0.000
0.5336	0.000
0.5539	0.000
0.5750	0.000
0.5969	0.000
0.6196	0.000
0.6432	0.000
0.6677	0.000
0.6932	0.000
0.7196	0.000
0.7470	0.000
0.7754	0.000
0.8050	0.000
0.8356	0.000
0.8674	0.000
0.9005	0.000
0.9348	0.000
0.9704	0.000
1.007	0.000
1.046	0.000
1.086	0.000
1.127	0.000
1.170	0.000
1.214	0.000
1.261	0.000
1.309	0.000
1.358	0.000
1.410	0.000
1.464	0.000
1.520	0.000
1.578	0.000
1.638	0.000
1.700	0.000
1.765	0.000
1.832	0.000
1.902	0.000
1.974	0.000
2.049	0.000
2.127	0.000
2.208	0.000
2.293	0.000
2.380	0.000
2.470	0.000
2.565	0.000
2.662	0.000
2.764	0.000
2.869	0.000
2.978	0.000
3.092	0.000
3.209	0.000
3.332	0.000
3.458	0.000
3.590	0.000
3.727	0.000
3.869	0.000
4.016	0.000
4.169	0.000
4.328	0.000
4.493	0.000
4.664	0.000
4.841	0.000
5.026	0.000
5.217	0.000
5.416	0.000
5.622	0.000
5.836	0.000
6.059	0.000
6.289	0.000
6.529	0.000
6.778	0.000
7.036	0.000
7.304	0.000
7.582	0.000
7.871	0.000
8.170	0.000
8.482	0.000
8.805	0.000
9.140	0.000
9.488	0.000
9.849	0.000
10.22	0.000
10.61	0.000
11.02	0.000
11.44	0.000
11.87	0.000
12.33	0.000
12.80	0.000
13.28	0.000
13.79	0.000
14.31	0.000
14.86	0.000
15.42	0.000
16.01	0.000
16.62	0.000
17.25	0.000
17.91	0.000
18.59	0.000
19.30	0.000
20.04	0.000
20.80	0.000
21.59	0.000
22.42	0.000
23.27	0.000
24.16	0.000
25.08	0.000
26.03	0.000
27.02	0.000
28.05	0.000
29.12	0.000
30.23	0.000
31.38	0.000
32.57	0.000
33.82	0.000
35.10	0.000
36.44	0.000
37.83	0.000
39.27	0.000
40.76	0.000
42.32	0.000
43.93	0.000
45.60	0.000
47.34	0.000
49.14	0.000
51.01	0.000
52.96	0.000
54.97	0.000
57.07	0.000
59.24	0.000
61.50	0.000
63.84	0.000
66.27	0.000
68.79	0.000
71.41	0.000
74.13	0.000
76.96	0.000
79.89	0.000
82.93	0.000
86.09	0.000
89.37	0.000
92.77	0.000
96.31	0.000
99.97	0.000
103.8	0.000
107.7	0.000
111.8	0.000
116.1	0.000
120.5	0.000
125.1	0.000
129.9	0.000
134.8	0.000
140.0	0.000
145.3	0.000
150.8	0.000
156.6	0.000
162.5	0.000
168.7	0.000
175.1	0.000
181.8	0.000
188.7	0.000
195.9	0.000
203.4	0.000
211.1	0.000
219.2	0.000
227.5	0.000
236.2	0.000
245.2	0.000
254.5	0.000
264.2	0.000
274.3	0.000
284.7	0.000
295.6	0.000
306.8	0.000
318.5	0.000
330.6	0.000
343.2	0.000
356.3	0.000
369.9	0.000
384.0	0.000
398.6	0.000
413.8	0.000
429.5	0.000
445.9	0.000
462.9	0.000
480.5	0.000
498.8	0.000
517.8	0.000
537.5	0.000
558.0	0.000
579.2	0.000
601.3	0.000
624.2	0.000
648.0	0.000
672.6	0.000
698.3	0.000
724.9	0.000
752.5	0.000
781.1	0.000
810.9	0.000
841.8	0.000
873.8	0.000
907.1	0.000
941.6	0.000
977.5	0.000
1015.	0.000
1053.	0.000
1094.	0.000
1135.	0.000
1178.	0.000
1223.	0.000
1270.	0.000
1318.	0.000
1368.	0.000
1421.	0.000
1475.	0.000
1531.	0.000
1589.	0.000
1650.	0.000
1712.	0.000
1778.	0.000
1845.	0.000
1916.	0.000
1989.	0.000
2064.	0.000
2143.	0.000
2225.	0.000
2309.	0.000
2397.	0.000
2489.	0.000
2583.	0.000
2682.	0.000
2784.	0.000
2890.	0.000
3000.	0.000
 
 
C3    N2O    Excitation    0.073 eV                             
E/N (Td)	Inverse rate coefficient (m2)
0.1000E-02	0.7665E-15
0.1038E-02	0.7665E-15
0.1078E-02	0.7665E-15
0.1119E-02	0.7665E-15
0.1161E-02	0.7665E-15
0.1205E-02	0.7665E-15
0.1251E-02	0.7665E-15
0.1299E-02	0.7665E-15
0.1349E-02	0.7665E-15
0.1400E-02	0.7665E-15
0.1453E-02	0.7665E-15
0.1509E-02	0.7665E-15
0.1566E-02	0.7665E-15
0.1626E-02	0.7665E-15
0.1688E-02	0.7665E-15
0.1752E-02	0.7665E-15
0.1819E-02	0.7665E-15
0.1888E-02	0.7665E-15
0.1960E-02	0.7665E-15
0.2034E-02	0.7665E-15
0.2112E-02	0.7665E-15
0.2192E-02	0.7665E-15
0.2276E-02	0.7665E-15
0.2362E-02	0.7665E-15
0.2452E-02	0.7665E-15
0.2546E-02	0.7665E-15
0.2643E-02	0.7665E-15
0.2743E-02	0.7665E-15
0.2848E-02	0.7665E-15
0.2956E-02	0.7665E-15
0.3069E-02	0.7665E-15
0.3186E-02	0.7665E-15
0.3307E-02	0.7665E-15
0.3433E-02	0.7665E-15
0.3564E-02	0.7665E-15
0.3700E-02	0.7665E-15
0.3841E-02	0.7665E-15
0.3987E-02	0.7665E-15
0.4139E-02	0.7665E-15
0.4296E-02	0.7665E-15
0.4460E-02	0.7665E-15
0.4630E-02	0.7665E-15
0.4806E-02	0.7665E-15
0.4989E-02	0.7665E-15
0.5179E-02	0.7665E-15
0.5377E-02	0.7665E-15
0.5581E-02	0.7665E-15
0.5794E-02	0.7665E-15
0.6015E-02	0.7665E-15
0.6244E-02	0.7664E-15
0.6481E-02	0.7664E-15
0.6728E-02	0.7664E-15
0.6985E-02	0.7664E-15
0.7251E-02	0.7664E-15
0.7527E-02	0.7664E-15
0.7813E-02	0.7664E-15
0.8111E-02	0.7664E-15
0.8420E-02	0.7664E-15
0.8741E-02	0.7664E-15
0.9073E-02	0.7664E-15
0.9419E-02	0.7664E-15
0.9778E-02	0.7664E-15
0.1015E-01	0.7664E-15
0.1054E-01	0.7664E-15
0.1094E-01	0.7664E-15
0.1135E-01	0.7664E-15
0.1179E-01	0.7664E-15
0.1224E-01	0.7664E-15
0.1270E-01	0.7664E-15
0.1319E-01	0.7664E-15
0.1369E-01	0.7664E-15
0.1421E-01	0.7664E-15
0.1475E-01	0.7664E-15
0.1531E-01	0.7664E-15
0.1590E-01	0.7664E-15
0.1650E-01	0.7664E-15
0.1713E-01	0.7664E-15
0.1778E-01	0.7664E-15
0.1846E-01	0.7664E-15
0.1916E-01	0.7664E-15
0.1989E-01	0.7664E-15
0.2065E-01	0.7663E-15
0.2144E-01	0.7663E-15
0.2225E-01	0.7663E-15
0.2310E-01	0.7663E-15
0.2398E-01	0.7663E-15
0.2489E-01	0.7663E-15
0.2584E-01	0.7663E-15
0.2682E-01	0.7663E-15
0.2785E-01	0.7663E-15
0.2891E-01	0.7662E-15
0.3001E-01	0.7662E-15
0.3115E-01	0.7662E-15
0.3234E-01	0.7662E-15
0.3357E-01	0.7662E-15
0.3485E-01	0.7662E-15
0.3617E-01	0.7662E-15
0.3755E-01	0.7661E-15
0.3898E-01	0.7661E-15
0.4047E-01	0.7661E-15
0.4201E-01	0.7661E-15
0.4361E-01	0.7661E-15
0.4527E-01	0.7660E-15
0.4699E-01	0.7660E-15
0.4878E-01	0.7660E-15
0.5064E-01	0.7660E-15
0.5257E-01	0.7659E-15
0.5457E-01	0.7659E-15
0.5665E-01	0.7659E-15
0.5881E-01	0.7658E-15
0.6105E-01	0.7658E-15
0.6337E-01	0.7658E-15
0.6579E-01	0.7658E-15
0.6829E-01	0.7657E-15
0.7089E-01	0.7657E-15
0.7359E-01	0.7657E-15
0.7640E-01	0.7656E-15
0.7931E-01	0.7656E-15
0.8233E-01	0.7656E-15
0.8546E-01	0.7655E-15
0.8872E-01	0.7655E-15
0.9210E-01	0.7655E-15
0.9560E-01	0.7654E-15
0.9924E-01	0.7654E-15
0.1030	0.7653E-15
0.1069	0.7653E-15
0.1110	0.7653E-15
0.1152	0.7652E-15
0.1196	0.7652E-15
0.1242	0.7651E-15
0.1289	0.7651E-15
0.1338	0.7650E-15
0.1389	0.7650E-15
0.1442	0.7649E-15
0.1497	0.7649E-15
0.1554	0.7648E-15
0.1613	0.7648E-15
0.1675	0.7647E-15
0.1739	0.7646E-15
0.1805	0.7646E-15
0.1874	0.7645E-15
0.1945	0.7644E-15
0.2019	0.7643E-15
0.2096	0.7642E-15
0.2176	0.7642E-15
0.2259	0.7641E-15
0.2345	0.7639E-15
0.2434	0.7638E-15
0.2527	0.7637E-15
0.2623	0.7636E-15
0.2723	0.7635E-15
0.2826	0.7633E-15
0.2934	0.7632E-15
0.3046	0.7630E-15
0.3162	0.7628E-15
0.3282	0.7626E-15
0.3407	0.7625E-15
0.3537	0.7623E-15
0.3672	0.7620E-15
0.3812	0.7618E-15
0.3957	0.7616E-15
0.4107	0.7613E-15
0.4264	0.7610E-15
0.4426	0.7608E-15
0.4595	0.7605E-15
0.4770	0.7601E-15
0.4952	0.7598E-15
0.5140	0.7594E-15
0.5336	0.7591E-15
0.5539	0.7587E-15
0.5750	0.7583E-15
0.5969	0.7578E-15
0.6196	0.7574E-15
0.6432	0.7569E-15
0.6677	0.7564E-15
0.6932	0.7559E-15
0.7196	0.7553E-15
0.7470	0.7547E-15
0.7754	0.7541E-15
0.8050	0.7535E-15
0.8356	0.7528E-15
0.8674	0.7521E-15
0.9005	0.7514E-15
0.9348	0.7507E-15
0.9704	0.7499E-15
1.007	0.7491E-15
1.046	0.7483E-15
1.086	0.7474E-15
1.127	0.7466E-15
1.170	0.7456E-15
1.214	0.7447E-15
1.261	0.7437E-15
1.309	0.7427E-15
1.358	0.7417E-15
1.410	0.7406E-15
1.464	0.7396E-15
1.520	0.7384E-15
1.578	0.7373E-15
1.638	0.7361E-15
1.700	0.7350E-15
1.765	0.7337E-15
1.832	0.7325E-15
1.902	0.7312E-15
1.974	0.7299E-15
2.049	0.7286E-15
2.127	0.7272E-15
2.208	0.7259E-15
2.293	0.7244E-15
2.380	0.7230E-15
2.470	0.7215E-15
2.565	0.7200E-15
2.662	0.7185E-15
2.764	0.7169E-15
2.869	0.7153E-15
2.978	0.7136E-15
3.092	0.7119E-15
3.209	0.7102E-15
3.332	0.7084E-15
3.458	0.7065E-15
3.590	0.7046E-15
3.727	0.7026E-15
3.869	0.7006E-15
4.016	0.6985E-15
4.169	0.6963E-15
4.328	0.6941E-15
4.493	0.6918E-15
4.664	0.6893E-15
4.841	0.6868E-15
5.026	0.6842E-15
5.217	0.6815E-15
5.416	0.6787E-15
5.622	0.6758E-15
5.836	0.6727E-15
6.059	0.6695E-15
6.289	0.6662E-15
6.529	0.6628E-15
6.778	0.6592E-15
7.036	0.6555E-15
7.304	0.6516E-15
7.582	0.6475E-15
7.871	0.6433E-15
8.170	0.6390E-15
8.482	0.6345E-15
8.805	0.6298E-15
9.140	0.6250E-15
9.488	0.6201E-15
9.849	0.6150E-15
10.22	0.6097E-15
10.61	0.6044E-15
11.02	0.5990E-15
11.44	0.5936E-15
11.87	0.5881E-15
12.33	0.5826E-15
12.80	0.5770E-15
13.28	0.5714E-15
13.79	0.5658E-15
14.31	0.5602E-15
14.86	0.5547E-15
15.42	0.5492E-15
16.01	0.5438E-15
16.62	0.5384E-15
17.25	0.5331E-15
17.91	0.5279E-15
18.59	0.5228E-15
19.30	0.5178E-15
20.04	0.5129E-15
20.80	0.5081E-15
21.59	0.5034E-15
22.42	0.4988E-15
23.27	0.4943E-15
24.16	0.4900E-15
25.08	0.4858E-15
26.03	0.4817E-15
27.02	0.4777E-15
28.05	0.4738E-15
29.12	0.4701E-15
30.23	0.4665E-15
31.38	0.4630E-15
32.57	0.4597E-15
33.82	0.4564E-15
35.10	0.4533E-15
36.44	0.4502E-15
37.83	0.4473E-15
39.27	0.4444E-15
40.76	0.4416E-15
42.32	0.4389E-15
43.93	0.4363E-15
45.60	0.4337E-15
47.34	0.4311E-15
49.14	0.4286E-15
51.01	0.4261E-15
52.96	0.4237E-15
54.97	0.4213E-15
57.07	0.4189E-15
59.24	0.4165E-15
61.50	0.4141E-15
63.84	0.4118E-15
66.27	0.4094E-15
68.79	0.4070E-15
71.41	0.4046E-15
74.13	0.4022E-15
76.96	0.3998E-15
79.89	0.3973E-15
82.93	0.3949E-15
86.09	0.3924E-15
89.37	0.3899E-15
92.77	0.3874E-15
96.31	0.3848E-15
99.97	0.3822E-15
103.8	0.3796E-15
107.7	0.3770E-15
111.8	0.3744E-15
116.1	0.3717E-15
120.5	0.3690E-15
125.1	0.3664E-15
129.9	0.3637E-15
134.8	0.3610E-15
140.0	0.3584E-15
145.3	0.3557E-15
150.8	0.3531E-15
156.6	0.3504E-15
162.5	0.3478E-15
168.7	0.3453E-15
175.1	0.3427E-15
181.8	0.3402E-15
188.7	0.3377E-15
195.9	0.3353E-15
203.4	0.3329E-15
211.1	0.3305E-15
219.2	0.3282E-15
227.5	0.3259E-15
236.2	0.3237E-15
245.2	0.3215E-15
254.5	0.3194E-15
264.2	0.3173E-15
274.3	0.3153E-15
284.7	0.3133E-15
295.6	0.3113E-15
306.8	0.3094E-15
318.5	0.3076E-15
330.6	0.3057E-15
343.2	0.3039E-15
356.3	0.3022E-15
369.9	0.3004E-15
384.0	0.2987E-15
398.6	0.2970E-15
413.8	0.2954E-15
429.5	0.2938E-15
445.9	0.2922E-15
462.9	0.2906E-15
480.5	0.2891E-15
498.8	0.2875E-15
517.8	0.2860E-15
537.5	0.2845E-15
558.0	0.2830E-15
579.2	0.2815E-15
601.3	0.2800E-15
624.2	0.2785E-15
648.0	0.2771E-15
672.6	0.2756E-15
698.3	0.2741E-15
724.9	0.2726E-15
752.5	0.2712E-15
781.1	0.2697E-15
810.9	0.2682E-15
841.8	0.2667E-15
873.8	0.2652E-15
907.1	0.2637E-15
941.6	0.2622E-15
977.5	0.2607E-15
1015.	0.2592E-15
1053.	0.2576E-15
1094.	0.2561E-15
1135.	0.2545E-15
1178.	0.2530E-15
1223.	0.2514E-15
1270.	0.2498E-15
1318.	0.2482E-15
1368.	0.2466E-15
1421.	0.2450E-15
1475.	0.2433E-15
1531.	0.2417E-15
1589.	0.2400E-15
1650.	0.2384E-15
1712.	0.2367E-15
1778.	0.2350E-15
1845.	0.2333E-15
1916.	0.2316E-15
1989.	0.2299E-15
2064.	0.2282E-15
2143.	0.2265E-15
2225.	0.2247E-15
2309.	0.2230E-15
2397.	0.2212E-15
2489.	0.2195E-15
2583.	0.2177E-15
2682.	0.2159E-15
2784.	0.2141E-15
2890.	0.2123E-15
3000.	0.2105E-15
 
 
C4    N2O    Excitation    0.16 eV                              
E/N (Td)	Inverse rate coefficient (m2)
0.1000E-02	0.1769E-14
0.1038E-02	0.1769E-14
0.1078E-02	0.1769E-14
0.1119E-02	0.1769E-14
0.1161E-02	0.1769E-14
0.1205E-02	0.1769E-14
0.1251E-02	0.1769E-14
0.1299E-02	0.1769E-14
0.1349E-02	0.1769E-14
0.1400E-02	0.1769E-14
0.1453E-02	0.1769E-14
0.1509E-02	0.1769E-14
0.1566E-02	0.1769E-14
0.1626E-02	0.1769E-14
0.1688E-02	0.1769E-14
0.1752E-02	0.1769E-14
0.1819E-02	0.1769E-14
0.1888E-02	0.1769E-14
0.1960E-02	0.1769E-14
0.2034E-02	0.1769E-14
0.2112E-02	0.1769E-14
0.2192E-02	0.1769E-14
0.2276E-02	0.1769E-14
0.2362E-02	0.1769E-14
0.2452E-02	0.1769E-14
0.2546E-02	0.1769E-14
0.2643E-02	0.1769E-14
0.2743E-02	0.1769E-14
0.2848E-02	0.1769E-14
0.2956E-02	0.1769E-14
0.3069E-02	0.1769E-14
0.3186E-02	0.1769E-14
0.3307E-02	0.1769E-14
0.3433E-02	0.1769E-14
0.3564E-02	0.1769E-14
0.3700E-02	0.1769E-14
0.3841E-02	0.1769E-14
0.3987E-02	0.1769E-14
0.4139E-02	0.1769E-14
0.4296E-02	0.1769E-14
0.4460E-02	0.1769E-14
0.4630E-02	0.1769E-14
0.4806E-02	0.1769E-14
0.4989E-02	0.1769E-14
0.5179E-02	0.1769E-14
0.5377E-02	0.1769E-14
0.5581E-02	0.1769E-14
0.5794E-02	0.1769E-14
0.6015E-02	0.1769E-14
0.6244E-02	0.1769E-14
0.6481E-02	0.1769E-14
0.6728E-02	0.1769E-14
0.6985E-02	0.1769E-14
0.7251E-02	0.1769E-14
0.7527E-02	0.1769E-14
0.7813E-02	0.1769E-14
0.8111E-02	0.1769E-14
0.8420E-02	0.1769E-14
0.8741E-02	0.1769E-14
0.9073E-02	0.1769E-14
0.9419E-02	0.1769E-14
0.9778E-02	0.1769E-14
0.1015E-01	0.1769E-14
0.1054E-01	0.1769E-14
0.1094E-01	0.1769E-14
0.1135E-01	0.1769E-14
0.1179E-01	0.1769E-14
0.1224E-01	0.1769E-14
0.1270E-01	0.1769E-14
0.1319E-01	0.1769E-14
0.1369E-01	0.1769E-14
0.1421E-01	0.1769E-14
0.1475E-01	0.1769E-14
0.1531E-01	0.1769E-14
0.1590E-01	0.1769E-14
0.1650E-01	0.1769E-14
0.1713E-01	0.1769E-14
0.1778E-01	0.1769E-14
0.1846E-01	0.1769E-14
0.1916E-01	0.1769E-14
0.1989E-01	0.1769E-14
0.2065E-01	0.1769E-14
0.2144E-01	0.1769E-14
0.2225E-01	0.1769E-14
0.2310E-01	0.1769E-14
0.2398E-01	0.1769E-14
0.2489E-01	0.1769E-14
0.2584E-01	0.1769E-14
0.2682E-01	0.1769E-14
0.2785E-01	0.1769E-14
0.2891E-01	0.1769E-14
0.3001E-01	0.1769E-14
0.3115E-01	0.1769E-14
0.3234E-01	0.1769E-14
0.3357E-01	0.1769E-14
0.3485E-01	0.1769E-14
0.3617E-01	0.1769E-14
0.3755E-01	0.1769E-14
0.3898E-01	0.1769E-14
0.4047E-01	0.1769E-14
0.4201E-01	0.1769E-14
0.4361E-01	0.1769E-14
0.4527E-01	0.1769E-14
0.4699E-01	0.1769E-14
0.4878E-01	0.1769E-14
0.5064E-01	0.1769E-14
0.5257E-01	0.1769E-14
0.5457E-01	0.1769E-14
0.5665E-01	0.1769E-14
0.5881E-01	0.1769E-14
0.6105E-01	0.1769E-14
0.6337E-01	0.1769E-14
0.6579E-01	0.1769E-14
0.6829E-01	0.1769E-14
0.7089E-01	0.1769E-14
0.7359E-01	0.1768E-14
0.7640E-01	0.1768E-14
0.7931E-01	0.1768E-14
0.8233E-01	0.1768E-14
0.8546E-01	0.1768E-14
0.8872E-01	0.1768E-14
0.9210E-01	0.1768E-14
0.9560E-01	0.1768E-14
0.9924E-01	0.1768E-14
0.1030	0.1768E-14
0.1069	0.1768E-14
0.1110	0.1768E-14
0.1152	0.1768E-14
0.1196	0.1768E-14
0.1242	0.1768E-14
0.1289	0.1768E-14
0.1338	0.1768E-14
0.1389	0.1768E-14
0.1442	0.1768E-14
0.1497	0.1768E-14
0.1554	0.1768E-14
0.1613	0.1768E-14
0.1675	0.1768E-14
0.1739	0.1768E-14
0.1805	0.1768E-14
0.1874	0.1768E-14
0.1945	0.1768E-14
0.2019	0.1768E-14
0.2096	0.1768E-14
0.2176	0.1768E-14
0.2259	0.1768E-14
0.2345	0.1768E-14
0.2434	0.1767E-14
0.2527	0.1767E-14
0.2623	0.1767E-14
0.2723	0.1767E-14
0.2826	0.1767E-14
0.2934	0.1767E-14
0.3046	0.1767E-14
0.3162	0.1767E-14
0.3282	0.1767E-14
0.3407	0.1767E-14
0.3537	0.1767E-14
0.3672	0.1766E-14
0.3812	0.1766E-14
0.3957	0.1766E-14
0.4107	0.1766E-14
0.4264	0.1766E-14
0.4426	0.1766E-14
0.4595	0.1765E-14
0.4770	0.1765E-14
0.4952	0.1765E-14
0.5140	0.1764E-14
0.5336	0.1764E-14
0.5539	0.1764E-14
0.5750	0.1764E-14
0.5969	0.1763E-14
0.6196	0.1763E-14
0.6432	0.1762E-14
0.6677	0.1762E-14
0.6932	0.1761E-14
0.7196	0.1761E-14
0.7470	0.1760E-14
0.7754	0.1760E-14
0.8050	0.1759E-14
0.8356	0.1758E-14
0.8674	0.1758E-14
0.9005	0.1757E-14
0.9348	0.1756E-14
0.9704	0.1756E-14
1.007	0.1755E-14
1.046	0.1754E-14
1.086	0.1753E-14
1.127	0.1752E-14
1.170	0.1751E-14
1.214	0.1750E-14
1.261	0.1749E-14
1.309	0.1748E-14
1.358	0.1747E-14
1.410	0.1745E-14
1.464	0.1744E-14
1.520	0.1743E-14
1.578	0.1742E-14
1.638	0.1740E-14
1.700	0.1739E-14
1.765	0.1737E-14
1.832	0.1736E-14
1.902	0.1734E-14
1.974	0.1733E-14
2.049	0.1731E-14
2.127	0.1729E-14
2.208	0.1728E-14
2.293	0.1726E-14
2.380	0.1724E-14
2.470	0.1722E-14
2.565	0.1720E-14
2.662	0.1718E-14
2.764	0.1716E-14
2.869	0.1714E-14
2.978	0.1712E-14
3.092	0.1709E-14
3.209	0.1707E-14
3.332	0.1704E-14
3.458	0.1702E-14
3.590	0.1699E-14
3.727	0.1696E-14
3.869	0.1693E-14
4.016	0.1690E-14
4.169	0.1687E-14
4.328	0.1683E-14
4.493	0.1680E-14
4.664	0.1676E-14
4.841	0.1672E-14
5.026	0.1668E-14
5.217	0.1664E-14
5.416	0.1659E-14
5.622	0.1654E-14
5.836	0.1649E-14
6.059	0.1644E-14
6.289	0.1638E-14
6.529	0.1632E-14
6.778	0.1626E-14
7.036	0.1620E-14
7.304	0.1613E-14
7.582	0.1606E-14
7.871	0.1599E-14
8.170	0.1592E-14
8.482	0.1585E-14
8.805	0.1579E-14
9.140	0.1572E-14
9.488	0.1567E-14
9.849	0.1562E-14
10.22	0.1558E-14
10.61	0.1555E-14
11.02	0.1555E-14
11.44	0.1557E-14
11.87	0.1562E-14
12.33	0.1570E-14
12.80	0.1582E-14
13.28	0.1598E-14
13.79	0.1618E-14
14.31	0.1644E-14
14.86	0.1674E-14
15.42	0.1710E-14
16.01	0.1751E-14
16.62	0.1797E-14
17.25	0.1848E-14
17.91	0.1903E-14
18.59	0.1962E-14
19.30	0.2024E-14
20.04	0.2089E-14
20.80	0.2155E-14
21.59	0.2221E-14
22.42	0.2287E-14
23.27	0.2352E-14
24.16	0.2414E-14
25.08	0.2474E-14
26.03	0.2531E-14
27.02	0.2583E-14
28.05	0.2632E-14
29.12	0.2676E-14
30.23	0.2716E-14
31.38	0.2752E-14
32.57	0.2783E-14
33.82	0.2810E-14
35.10	0.2833E-14
36.44	0.2852E-14
37.83	0.2867E-14
39.27	0.2879E-14
40.76	0.2887E-14
42.32	0.2893E-14
43.93	0.2895E-14
45.60	0.2895E-14
47.34	0.2893E-14
49.14	0.2888E-14
51.01	0.2880E-14
52.96	0.2871E-14
54.97	0.2860E-14
57.07	0.2846E-14
59.24	0.2831E-14
61.50	0.2815E-14
63.84	0.2796E-14
66.27	0.2776E-14
68.79	0.2754E-14
71.41	0.2731E-14
74.13	0.2706E-14
76.96	0.2680E-14
79.89	0.2653E-14
82.93	0.2624E-14
86.09	0.2594E-14
89.37	0.2563E-14
92.77	0.2531E-14
96.31	0.2498E-14
99.97	0.2464E-14
103.8	0.2429E-14
107.7	0.2394E-14
111.8	0.2357E-14
116.1	0.2321E-14
120.5	0.2284E-14
125.1	0.2246E-14
129.9	0.2209E-14
134.8	0.2171E-14
140.0	0.2134E-14
145.3	0.2096E-14
150.8	0.2059E-14
156.6	0.2022E-14
162.5	0.1986E-14
168.7	0.1950E-14
175.1	0.1914E-14
181.8	0.1880E-14
188.7	0.1845E-14
195.9	0.1812E-14
203.4	0.1779E-14
211.1	0.1748E-14
219.2	0.1717E-14
227.5	0.1687E-14
236.2	0.1657E-14
245.2	0.1629E-14
254.5	0.1601E-14
264.2	0.1574E-14
274.3	0.1549E-14
284.7	0.1523E-14
295.6	0.1499E-14
306.8	0.1475E-14
318.5	0.1453E-14
330.6	0.1430E-14
343.2	0.1409E-14
356.3	0.1388E-14
369.9	0.1368E-14
384.0	0.1348E-14
398.6	0.1329E-14
413.8	0.1311E-14
429.5	0.1293E-14
445.9	0.1275E-14
462.9	0.1258E-14
480.5	0.1242E-14
498.8	0.1225E-14
517.8	0.1210E-14
537.5	0.1194E-14
558.0	0.1179E-14
579.2	0.1164E-14
601.3	0.1150E-14
624.2	0.1136E-14
648.0	0.1122E-14
672.6	0.1108E-14
698.3	0.1095E-14
724.9	0.1082E-14
752.5	0.1069E-14
781.1	0.1056E-14
810.9	0.1044E-14
841.8	0.1032E-14
873.8	0.1019E-14
907.1	0.1007E-14
941.6	0.9956E-15
977.5	0.9839E-15
1015.	0.9723E-15
1053.	0.9609E-15
1094.	0.9495E-15
1135.	0.9384E-15
1178.	0.9273E-15
1223.	0.9163E-15
1270.	0.9055E-15
1318.	0.8947E-15
1368.	0.8841E-15
1421.	0.8735E-15
1475.	0.8631E-15
1531.	0.8527E-15
1589.	0.8424E-15
1650.	0.8322E-15
1712.	0.8222E-15
1778.	0.8121E-15
1845.	0.8022E-15
1916.	0.7924E-15
1989.	0.7826E-15
2064.	0.7730E-15
2143.	0.7634E-15
2225.	0.7539E-15
2309.	0.7444E-15
2397.	0.7351E-15
2489.	0.7258E-15
2583.	0.7167E-15
2682.	0.7076E-15
2784.	0.6986E-15
2890.	0.6896E-15
3000.	0.6808E-15
 
 
C5    N2O    Excitation    0.28 eV                              
E/N (Td)	Inverse rate coefficient (m2)
0.1000E-02	0.7516E-14
0.1038E-02	0.7516E-14
0.1078E-02	0.7516E-14
0.1119E-02	0.7516E-14
0.1161E-02	0.7516E-14
0.1205E-02	0.7516E-14
0.1251E-02	0.7516E-14
0.1299E-02	0.7516E-14
0.1349E-02	0.7516E-14
0.1400E-02	0.7516E-14
0.1453E-02	0.7516E-14
0.1509E-02	0.7516E-14
0.1566E-02	0.7516E-14
0.1626E-02	0.7516E-14
0.1688E-02	0.7516E-14
0.1752E-02	0.7516E-14
0.1819E-02	0.7516E-14
0.1888E-02	0.7516E-14
0.1960E-02	0.7516E-14
0.2034E-02	0.7516E-14
0.2112E-02	0.7516E-14
0.2192E-02	0.7516E-14
0.2276E-02	0.7516E-14
0.2362E-02	0.7516E-14
0.2452E-02	0.7516E-14
0.2546E-02	0.7516E-14
0.2643E-02	0.7516E-14
0.2743E-02	0.7516E-14
0.2848E-02	0.7516E-14
0.2956E-02	0.7516E-14
0.3069E-02	0.7516E-14
0.3186E-02	0.7516E-14
0.3307E-02	0.7516E-14
0.3433E-02	0.7516E-14
0.3564E-02	0.7516E-14
0.3700E-02	0.7516E-14
0.3841E-02	0.7516E-14
0.3987E-02	0.7516E-14
0.4139E-02	0.7516E-14
0.4296E-02	0.7516E-14
0.4460E-02	0.7516E-14
0.4630E-02	0.7516E-14
0.4806E-02	0.7516E-14
0.4989E-02	0.7516E-14
0.5179E-02	0.7516E-14
0.5377E-02	0.7516E-14
0.5581E-02	0.7516E-14
0.5794E-02	0.7516E-14
0.6015E-02	0.7516E-14
0.6244E-02	0.7516E-14
0.6481E-02	0.7516E-14
0.6728E-02	0.7516E-14
0.6985E-02	0.7516E-14
0.7251E-02	0.7517E-14
0.7527E-02	0.7517E-14
0.7813E-02	0.7517E-14
0.8111E-02	0.7517E-14
0.8420E-02	0.7517E-14
0.8741E-02	0.7517E-14
0.9073E-02	0.7517E-14
0.9419E-02	0.7517E-14
0.9778E-02	0.7517E-14
0.1015E-01	0.7517E-14
0.1054E-01	0.7517E-14
0.1094E-01	0.7517E-14
0.1135E-01	0.7517E-14
0.1179E-01	0.7517E-14
0.1224E-01	0.7517E-14
0.1270E-01	0.7517E-14
0.1319E-01	0.7517E-14
0.1369E-01	0.7517E-14
0.1421E-01	0.7517E-14
0.1475E-01	0.7517E-14
0.1531E-01	0.7517E-14
0.1590E-01	0.7517E-14
0.1650E-01	0.7517E-14
0.1713E-01	0.7517E-14
0.1778E-01	0.7518E-14
0.1846E-01	0.7518E-14
0.1916E-01	0.7518E-14
0.1989E-01	0.7518E-14
0.2065E-01	0.7518E-14
0.2144E-01	0.7518E-14
0.2225E-01	0.7518E-14
0.2310E-01	0.7518E-14
0.2398E-01	0.7518E-14
0.2489E-01	0.7518E-14
0.2584E-01	0.7519E-14
0.2682E-01	0.7519E-14
0.2785E-01	0.7519E-14
0.2891E-01	0.7519E-14
0.3001E-01	0.7519E-14
0.3115E-01	0.7519E-14
0.3234E-01	0.7520E-14
0.3357E-01	0.7520E-14
0.3485E-01	0.7520E-14
0.3617E-01	0.7520E-14
0.3755E-01	0.7520E-14
0.3898E-01	0.7520E-14
0.4047E-01	0.7521E-14
0.4201E-01	0.7521E-14
0.4361E-01	0.7521E-14
0.4527E-01	0.7521E-14
0.4699E-01	0.7521E-14
0.4878E-01	0.7522E-14
0.5064E-01	0.7522E-14
0.5257E-01	0.7522E-14
0.5457E-01	0.7522E-14
0.5665E-01	0.7523E-14
0.5881E-01	0.7523E-14
0.6105E-01	0.7523E-14
0.6337E-01	0.7523E-14
0.6579E-01	0.7524E-14
0.6829E-01	0.7524E-14
0.7089E-01	0.7524E-14
0.7359E-01	0.7525E-14
0.7640E-01	0.7525E-14
0.7931E-01	0.7525E-14
0.8233E-01	0.7526E-14
0.8546E-01	0.7526E-14
0.8872E-01	0.7526E-14
0.9210E-01	0.7527E-14
0.9560E-01	0.7527E-14
0.9924E-01	0.7528E-14
0.1030	0.7528E-14
0.1069	0.7529E-14
0.1110	0.7530E-14
0.1152	0.7530E-14
0.1196	0.7531E-14
0.1242	0.7532E-14
0.1289	0.7533E-14
0.1338	0.7534E-14
0.1389	0.7535E-14
0.1442	0.7536E-14
0.1497	0.7537E-14
0.1554	0.7539E-14
0.1613	0.7540E-14
0.1675	0.7542E-14
0.1739	0.7543E-14
0.1805	0.7545E-14
0.1874	0.7547E-14
0.1945	0.7548E-14
0.2019	0.7550E-14
0.2096	0.7552E-14
0.2176	0.7554E-14
0.2259	0.7557E-14
0.2345	0.7559E-14
0.2434	0.7561E-14
0.2527	0.7564E-14
0.2623	0.7566E-14
0.2723	0.7569E-14
0.2826	0.7572E-14
0.2934	0.7575E-14
0.3046	0.7578E-14
0.3162	0.7581E-14
0.3282	0.7584E-14
0.3407	0.7587E-14
0.3537	0.7590E-14
0.3672	0.7594E-14
0.3812	0.7597E-14
0.3957	0.7601E-14
0.4107	0.7604E-14
0.4264	0.7608E-14
0.4426	0.7612E-14
0.4595	0.7615E-14
0.4770	0.7619E-14
0.4952	0.7623E-14
0.5140	0.7627E-14
0.5336	0.7630E-14
0.5539	0.7634E-14
0.5750	0.7638E-14
0.5969	0.7642E-14
0.6196	0.7645E-14
0.6432	0.7649E-14
0.6677	0.7653E-14
0.6932	0.7656E-14
0.7196	0.7660E-14
0.7470	0.7664E-14
0.7754	0.7667E-14
0.8050	0.7670E-14
0.8356	0.7674E-14
0.8674	0.7677E-14
0.9005	0.7680E-14
0.9348	0.7683E-14
0.9704	0.7685E-14
1.007	0.7688E-14
1.046	0.7690E-14
1.086	0.7693E-14
1.127	0.7695E-14
1.170	0.7697E-14
1.214	0.7698E-14
1.261	0.7700E-14
1.309	0.7701E-14
1.358	0.7702E-14
1.410	0.7703E-14
1.464	0.7704E-14
1.520	0.7705E-14
1.578	0.7705E-14
1.638	0.7705E-14
1.700	0.7705E-14
1.765	0.7704E-14
1.832	0.7703E-14
1.902	0.7702E-14
1.974	0.7700E-14
2.049	0.7699E-14
2.127	0.7697E-14
2.208	0.7695E-14
2.293	0.7693E-14
2.380	0.7690E-14
2.470	0.7687E-14
2.565	0.7684E-14
2.662	0.7680E-14
2.764	0.7676E-14
2.869	0.7672E-14
2.978	0.7668E-14
3.092	0.7663E-14
3.209	0.7658E-14
3.332	0.7652E-14
3.458	0.7646E-14
3.590	0.7640E-14
3.727	0.7633E-14
3.869	0.7625E-14
4.016	0.7617E-14
4.169	0.7609E-14
4.328	0.7600E-14
4.493	0.7590E-14
4.664	0.7579E-14
4.841	0.7568E-14
5.026	0.7556E-14
5.217	0.7544E-14
5.416	0.7530E-14
5.622	0.7516E-14
5.836	0.7500E-14
6.059	0.7484E-14
6.289	0.7466E-14
6.529	0.7448E-14
6.778	0.7428E-14
7.036	0.7407E-14
7.304	0.7386E-14
7.582	0.7363E-14
7.871	0.7339E-14
8.170	0.7314E-14
8.482	0.7288E-14
8.805	0.7261E-14
9.140	0.7234E-14
9.488	0.7207E-14
9.849	0.7180E-14
10.22	0.7152E-14
10.61	0.7126E-14
11.02	0.7101E-14
11.44	0.7078E-14
11.87	0.7056E-14
12.33	0.7038E-14
12.80	0.7022E-14
13.28	0.7009E-14
13.79	0.7000E-14
14.31	0.6994E-14
14.86	0.6993E-14
15.42	0.6995E-14
16.01	0.7002E-14
16.62	0.7013E-14
17.25	0.7028E-14
17.91	0.7046E-14
18.59	0.7067E-14
19.30	0.7091E-14
20.04	0.7116E-14
20.80	0.7143E-14
21.59	0.7170E-14
22.42	0.7197E-14
23.27	0.7224E-14
24.16	0.7249E-14
25.08	0.7273E-14
26.03	0.7295E-14
27.02	0.7314E-14
28.05	0.7330E-14
29.12	0.7344E-14
30.23	0.7355E-14
31.38	0.7363E-14
32.57	0.7368E-14
33.82	0.7370E-14
35.10	0.7370E-14
36.44	0.7367E-14
37.83	0.7361E-14
39.27	0.7353E-14
40.76	0.7343E-14
42.32	0.7331E-14
43.93	0.7317E-14
45.60	0.7300E-14
47.34	0.7282E-14
49.14	0.7262E-14
51.01	0.7240E-14
52.96	0.7216E-14
54.97	0.7191E-14
57.07	0.7163E-14
59.24	0.7135E-14
61.50	0.7104E-14
63.84	0.7072E-14
66.27	0.7038E-14
68.79	0.7003E-14
71.41	0.6966E-14
74.13	0.6927E-14
76.96	0.6887E-14
79.89	0.6845E-14
82.93	0.6802E-14
86.09	0.6757E-14
89.37	0.6711E-14
92.77	0.6664E-14
96.31	0.6615E-14
99.97	0.6565E-14
103.8	0.6513E-14
107.7	0.6461E-14
111.8	0.6408E-14
116.1	0.6354E-14
120.5	0.6299E-14
125.1	0.6244E-14
129.9	0.6188E-14
134.8	0.6132E-14
140.0	0.6076E-14
145.3	0.6020E-14
150.8	0.5964E-14
156.6	0.5908E-14
162.5	0.5852E-14
168.7	0.5798E-14
175.1	0.5743E-14
181.8	0.5690E-14
188.7	0.5637E-14
195.9	0.5585E-14
203.4	0.5534E-14
211.1	0.5484E-14
219.2	0.5435E-14
227.5	0.5387E-14
236.2	0.5340E-14
245.2	0.5294E-14
254.5	0.5249E-14
264.2	0.5205E-14
274.3	0.5163E-14
284.7	0.5121E-14
295.6	0.5080E-14
306.8	0.5041E-14
318.5	0.5002E-14
330.6	0.4964E-14
343.2	0.4927E-14
356.3	0.4891E-14
369.9	0.4856E-14
384.0	0.4822E-14
398.6	0.4788E-14
413.8	0.4755E-14
429.5	0.4723E-14
445.9	0.4691E-14
462.9	0.4660E-14
480.5	0.4629E-14
498.8	0.4598E-14
517.8	0.4569E-14
537.5	0.4539E-14
558.0	0.4510E-14
579.2	0.4481E-14
601.3	0.4453E-14
624.2	0.4424E-14
648.0	0.4396E-14
672.6	0.4368E-14
698.3	0.4340E-14
724.9	0.4313E-14
752.5	0.4285E-14
781.1	0.4257E-14
810.9	0.4230E-14
841.8	0.4202E-14
873.8	0.4175E-14
907.1	0.4147E-14
941.6	0.4120E-14
977.5	0.4092E-14
1015.	0.4064E-14
1053.	0.4037E-14
1094.	0.4009E-14
1135.	0.3981E-14
1178.	0.3953E-14
1223.	0.3925E-14
1270.	0.3896E-14
1318.	0.3868E-14
1368.	0.3840E-14
1421.	0.3811E-14
1475.	0.3783E-14
1531.	0.3754E-14
1589.	0.3725E-14
1650.	0.3696E-14
1712.	0.3667E-14
1778.	0.3638E-14
1845.	0.3608E-14
1916.	0.3579E-14
1989.	0.3549E-14
2064.	0.3519E-14
2143.	0.3490E-14
2225.	0.3460E-14
2309.	0.3430E-14
2397.	0.3399E-14
2489.	0.3369E-14
2583.	0.3339E-14
2682.	0.3308E-14
2784.	0.3278E-14
2890.	0.3247E-14
3000.	0.3216E-14
 
 
C6    N2O    Excitation    4.05 eV                              
E/N (Td)	Inverse rate coefficient (m2)
0.1000E-02	0.6178E-14
0.1038E-02	0.6178E-14
0.1078E-02	0.6178E-14
0.1119E-02	0.6178E-14
0.1161E-02	0.6178E-14
0.1205E-02	0.6178E-14
0.1251E-02	0.6178E-14
0.1299E-02	0.6178E-14
0.1349E-02	0.6178E-14
0.1400E-02	0.6178E-14
0.1453E-02	0.6178E-14
0.1509E-02	0.6178E-14
0.1566E-02	0.6178E-14
0.1626E-02	0.6178E-14
0.1688E-02	0.6178E-14
0.1752E-02	0.6178E-14
0.1819E-02	0.6178E-14
0.1888E-02	0.6178E-14
0.1960E-02	0.6178E-14
0.2034E-02	0.6178E-14
0.2112E-02	0.6178E-14
0.2192E-02	0.6178E-14
0.2276E-02	0.6178E-14
0.2362E-02	0.6178E-14
0.2452E-02	0.6178E-14
0.2546E-02	0.6178E-14
0.2643E-02	0.6178E-14
0.2743E-02	0.6178E-14
0.2848E-02	0.6178E-14
0.2956E-02	0.6178E-14
0.3069E-02	0.6178E-14
0.3186E-02	0.6178E-14
0.3307E-02	0.6178E-14
0.3433E-02	0.6178E-14
0.3564E-02	0.6178E-14
0.3700E-02	0.6178E-14
0.3841E-02	0.6178E-14
0.3987E-02	0.6178E-14
0.4139E-02	0.6178E-14
0.4296E-02	0.6178E-14
0.4460E-02	0.6178E-14
0.4630E-02	0.6178E-14
0.4806E-02	0.6178E-14
0.4989E-02	0.6178E-14
0.5179E-02	0.6178E-14
0.5377E-02	0.6178E-14
0.5581E-02	0.6178E-14
0.5794E-02	0.6178E-14
0.6015E-02	0.6178E-14
0.6244E-02	0.6178E-14
0.6481E-02	0.6178E-14
0.6728E-02	0.6179E-14
0.6985E-02	0.6179E-14
0.7251E-02	0.6179E-14
0.7527E-02	0.6179E-14
0.7813E-02	0.6179E-14
0.8111E-02	0.6179E-14
0.8420E-02	0.6179E-14
0.8741E-02	0.6179E-14
0.9073E-02	0.6179E-14
0.9419E-02	0.6180E-14
0.9778E-02	0.6180E-14
0.1015E-01	0.6180E-14
0.1054E-01	0.6180E-14
0.1094E-01	0.6180E-14
0.1135E-01	0.6180E-14
0.1179E-01	0.6181E-14
0.1224E-01	0.6181E-14
0.1270E-01	0.6181E-14
0.1319E-01	0.6181E-14
0.1369E-01	0.6182E-14
0.1421E-01	0.6182E-14
0.1475E-01	0.6182E-14
0.1531E-01	0.6183E-14
0.1590E-01	0.6183E-14
0.1650E-01	0.6183E-14
0.1713E-01	0.6184E-14
0.1778E-01	0.6184E-14
0.1846E-01	0.6185E-14
0.1916E-01	0.6185E-14
0.1989E-01	0.6186E-14
0.2065E-01	0.6187E-14
0.2144E-01	0.6187E-14
0.2225E-01	0.6188E-14
0.2310E-01	0.6189E-14
0.2398E-01	0.6189E-14
0.2489E-01	0.6190E-14
0.2584E-01	0.6191E-14
0.2682E-01	0.6192E-14
0.2785E-01	0.6193E-14
0.2891E-01	0.6194E-14
0.3001E-01	0.6195E-14
0.3115E-01	0.6196E-14
0.3234E-01	0.6197E-14
0.3357E-01	0.6199E-14
0.3485E-01	0.6200E-14
0.3617E-01	0.6201E-14
0.3755E-01	0.6203E-14
0.3898E-01	0.6204E-14
0.4047E-01	0.6206E-14
0.4201E-01	0.6207E-14
0.4361E-01	0.6209E-14
0.4527E-01	0.6211E-14
0.4699E-01	0.6213E-14
0.4878E-01	0.6214E-14
0.5064E-01	0.6216E-14
0.5257E-01	0.6218E-14
0.5457E-01	0.6220E-14
0.5665E-01	0.6223E-14
0.5881E-01	0.6225E-14
0.6105E-01	0.6227E-14
0.6337E-01	0.6229E-14
0.6579E-01	0.6231E-14
0.6829E-01	0.6234E-14
0.7089E-01	0.6236E-14
0.7359E-01	0.6239E-14
0.7640E-01	0.6241E-14
0.7931E-01	0.6244E-14
0.8233E-01	0.6247E-14
0.8546E-01	0.6250E-14
0.8872E-01	0.6252E-14
0.9210E-01	0.6255E-14
0.9560E-01	0.6258E-14
0.9924E-01	0.6262E-14
0.1030	0.6265E-14
0.1069	0.6268E-14
0.1110	0.6272E-14
0.1152	0.6275E-14
0.1196	0.6279E-14
0.1242	0.6283E-14
0.1289	0.6287E-14
0.1338	0.6292E-14
0.1389	0.6297E-14
0.1442	0.6301E-14
0.1497	0.6307E-14
0.1554	0.6312E-14
0.1613	0.6318E-14
0.1675	0.6324E-14
0.1739	0.6330E-14
0.1805	0.6337E-14
0.1874	0.6344E-14
0.1945	0.6351E-14
0.2019	0.6359E-14
0.2096	0.6368E-14
0.2176	0.6377E-14
0.2259	0.6386E-14
0.2345	0.6396E-14
0.2434	0.6407E-14
0.2527	0.6418E-14
0.2623	0.6429E-14
0.2723	0.6442E-14
0.2826	0.6455E-14
0.2934	0.6469E-14
0.3046	0.6483E-14
0.3162	0.6499E-14
0.3282	0.6515E-14
0.3407	0.6532E-14
0.3537	0.6550E-14
0.3672	0.6569E-14
0.3812	0.6589E-14
0.3957	0.6611E-14
0.4107	0.6633E-14
0.4264	0.6656E-14
0.4426	0.6681E-14
0.4595	0.6707E-14
0.4770	0.6734E-14
0.4952	0.6762E-14
0.5140	0.6792E-14
0.5336	0.6823E-14
0.5539	0.6856E-14
0.5750	0.6891E-14
0.5969	0.6927E-14
0.6196	0.6964E-14
0.6432	0.7004E-14
0.6677	0.7045E-14
0.6932	0.7088E-14
0.7196	0.7133E-14
0.7470	0.7179E-14
0.7754	0.7228E-14
0.8050	0.7279E-14
0.8356	0.7331E-14
0.8674	0.7386E-14
0.9005	0.7443E-14
0.9348	0.7502E-14
0.9704	0.7562E-14
1.007	0.7626E-14
1.046	0.7691E-14
1.086	0.7758E-14
1.127	0.7828E-14
1.170	0.7899E-14
1.214	0.7973E-14
1.261	0.8049E-14
1.309	0.8127E-14
1.358	0.8207E-14
1.410	0.8288E-14
1.464	0.8372E-14
1.520	0.8459E-14
1.578	0.8547E-14
1.638	0.8637E-14
1.700	0.8729E-14
1.765	0.8823E-14
1.832	0.8919E-14
1.902	0.9016E-14
1.974	0.9116E-14
2.049	0.9218E-14
2.127	0.9322E-14
2.208	0.9428E-14
2.293	0.9537E-14
2.380	0.9648E-14
2.470	0.9761E-14
2.565	0.9877E-14
2.662	0.9996E-14
2.764	0.1012E-13
2.869	0.1024E-13
2.978	0.1037E-13
3.092	0.1050E-13
3.209	0.1064E-13
3.332	0.1078E-13
3.458	0.1092E-13
3.590	0.1107E-13
3.727	0.1123E-13
3.869	0.1139E-13
4.016	0.1155E-13
4.169	0.1173E-13
4.328	0.1190E-13
4.493	0.1209E-13
4.664	0.1228E-13
4.841	0.1248E-13
5.026	0.1269E-13
5.217	0.1291E-13
5.416	0.1314E-13
5.622	0.1338E-13
5.836	0.1363E-13
6.059	0.1389E-13
6.289	0.1416E-13
6.529	0.1444E-13
6.778	0.1473E-13
7.036	0.1503E-13
7.304	0.1535E-13
7.582	0.1567E-13
7.871	0.1600E-13
8.170	0.1635E-13
8.482	0.1670E-13
8.805	0.1706E-13
9.140	0.1742E-13
9.488	0.1779E-13
9.849	0.1816E-13
10.22	0.1854E-13
10.61	0.1891E-13
11.02	0.1928E-13
11.44	0.1965E-13
11.87	0.2001E-13
12.33	0.2035E-13
12.80	0.2069E-13
13.28	0.2102E-13
13.79	0.2134E-13
14.31	0.2164E-13
14.86	0.2194E-13
15.42	0.2221E-13
16.01	0.2247E-13
16.62	0.2271E-13
17.25	0.2293E-13
17.91	0.2314E-13
18.59	0.2333E-13
19.30	0.2351E-13
20.04	0.2367E-13
20.80	0.2381E-13
21.59	0.2394E-13
22.42	0.2405E-13
23.27	0.2415E-13
24.16	0.2424E-13
25.08	0.2431E-13
26.03	0.2437E-13
27.02	0.2442E-13
28.05	0.2446E-13
29.12	0.2450E-13
30.23	0.2452E-13
31.38	0.2454E-13
32.57	0.2455E-13
33.82	0.2455E-13
35.10	0.2455E-13
36.44	0.2454E-13
37.83	0.2453E-13
39.27	0.2451E-13
40.76	0.2449E-13
42.32	0.2446E-13
43.93	0.2443E-13
45.60	0.2440E-13
47.34	0.2436E-13
49.14	0.2432E-13
51.01	0.2428E-13
52.96	0.2423E-13
54.97	0.2418E-13
57.07	0.2413E-13
59.24	0.2407E-13
61.50	0.2401E-13
63.84	0.2395E-13
66.27	0.2388E-13
68.79	0.2381E-13
71.41	0.2373E-13
74.13	0.2365E-13
76.96	0.2357E-13
79.89	0.2348E-13
82.93	0.2339E-13
86.09	0.2329E-13
89.37	0.2319E-13
92.77	0.2308E-13
96.31	0.2297E-13
99.97	0.2286E-13
103.8	0.2274E-13
107.7	0.2262E-13
111.8	0.2250E-13
116.1	0.2237E-13
120.5	0.2224E-13
125.1	0.2210E-13
129.9	0.2196E-13
134.8	0.2182E-13
140.0	0.2168E-13
145.3	0.2153E-13
150.8	0.2139E-13
156.6	0.2124E-13
162.5	0.2109E-13
168.7	0.2094E-13
175.1	0.2079E-13
181.8	0.2064E-13
188.7	0.2048E-13
195.9	0.2033E-13
203.4	0.2018E-13
211.1	0.2003E-13
219.2	0.1988E-13
227.5	0.1973E-13
236.2	0.1958E-13
245.2	0.1944E-13
254.5	0.1929E-13
264.2	0.1915E-13
274.3	0.1900E-13
284.7	0.1886E-13
295.6	0.1872E-13
306.8	0.1858E-13
318.5	0.1844E-13
330.6	0.1830E-13
343.2	0.1816E-13
356.3	0.1802E-13
369.9	0.1788E-13
384.0	0.1775E-13
398.6	0.1761E-13
413.8	0.1748E-13
429.5	0.1735E-13
445.9	0.1721E-13
462.9	0.1708E-13
480.5	0.1695E-13
498.8	0.1681E-13
517.8	0.1668E-13
537.5	0.1655E-13
558.0	0.1642E-13
579.2	0.1629E-13
601.3	0.1615E-13
624.2	0.1602E-13
648.0	0.1589E-13
672.6	0.1576E-13
698.3	0.1562E-13
724.9	0.1549E-13
752.5	0.1535E-13
781.1	0.1522E-13
810.9	0.1508E-13
841.8	0.1495E-13
873.8	0.1481E-13
907.1	0.1468E-13
941.6	0.1454E-13
977.5	0.1440E-13
1015.	0.1426E-13
1053.	0.1412E-13
1094.	0.1398E-13
1135.	0.1384E-13
1178.	0.1369E-13
1223.	0.1355E-13
1270.	0.1340E-13
1318.	0.1326E-13
1368.	0.1311E-13
1421.	0.1297E-13
1475.	0.1282E-13
1531.	0.1267E-13
1589.	0.1252E-13
1650.	0.1237E-13
1712.	0.1221E-13
1778.	0.1206E-13
1845.	0.1191E-13
1916.	0.1175E-13
1989.	0.1160E-13
2064.	0.1144E-13
2143.	0.1128E-13
2225.	0.1112E-13
2309.	0.1097E-13
2397.	0.1081E-13
2489.	0.1065E-13
2583.	0.1049E-13
2682.	0.1033E-13
2784.	0.1017E-13
2890.	0.1001E-13
3000.	0.9848E-14
 
 
C7    N2O    Excitation    8.50 eV                              
E/N (Td)	Inverse rate coefficient (m2)
0.1000E-02	0.4785E-15
0.1038E-02	0.4789E-15
0.1078E-02	0.4789E-15
0.1119E-02	0.4789E-15
0.1161E-02	0.4789E-15
0.1205E-02	0.4789E-15
0.1251E-02	0.4789E-15
0.1299E-02	0.4789E-15
0.1349E-02	0.4789E-15
0.1400E-02	0.4789E-15
0.1453E-02	0.4789E-15
0.1509E-02	0.4789E-15
0.1566E-02	0.4789E-15
0.1626E-02	0.4789E-15
0.1688E-02	0.4789E-15
0.1752E-02	0.4789E-15
0.1819E-02	0.4789E-15
0.1888E-02	0.4789E-15
0.1960E-02	0.4789E-15
0.2034E-02	0.4789E-15
0.2112E-02	0.4789E-15
0.2192E-02	0.4789E-15
0.2276E-02	0.4789E-15
0.2362E-02	0.4789E-15
0.2452E-02	0.4789E-15
0.2546E-02	0.4789E-15
0.2643E-02	0.4789E-15
0.2743E-02	0.4789E-15
0.2848E-02	0.4789E-15
0.2956E-02	0.4789E-15
0.3069E-02	0.4789E-15
0.3186E-02	0.4789E-15
0.3307E-02	0.4789E-15
0.3433E-02	0.4789E-15
0.3564E-02	0.4789E-15
0.3700E-02	0.4790E-15
0.3841E-02	0.4790E-15
0.3987E-02	0.4790E-15
0.4139E-02	0.4790E-15
0.4296E-02	0.4790E-15
0.4460E-02	0.4790E-15
0.4630E-02	0.4790E-15
0.4806E-02	0.4790E-15
0.4989E-02	0.4790E-15
0.5179E-02	0.4790E-15
0.5377E-02	0.4790E-15
0.5581E-02	0.4790E-15
0.5794E-02	0.4790E-15
0.6015E-02	0.4790E-15
0.6244E-02	0.4790E-15
0.6481E-02	0.4790E-15
0.6728E-02	0.4790E-15
0.6985E-02	0.4790E-15
0.7251E-02	0.4790E-15
0.7527E-02	0.4790E-15
0.7813E-02	0.4790E-15
0.8111E-02	0.4790E-15
0.8420E-02	0.4791E-15
0.8741E-02	0.4791E-15
0.9073E-02	0.4791E-15
0.9419E-02	0.4791E-15
0.9778E-02	0.4791E-15
0.1015E-01	0.4791E-15
0.1054E-01	0.4791E-15
0.1094E-01	0.4791E-15
0.1135E-01	0.4791E-15
0.1179E-01	0.4792E-15
0.1224E-01	0.4792E-15
0.1270E-01	0.4792E-15
0.1319E-01	0.4792E-15
0.1369E-01	0.4792E-15
0.1421E-01	0.4793E-15
0.1475E-01	0.4793E-15
0.1531E-01	0.4793E-15
0.1590E-01	0.4794E-15
0.1650E-01	0.4794E-15
0.1713E-01	0.4794E-15
0.1778E-01	0.4795E-15
0.1846E-01	0.4795E-15
0.1916E-01	0.4795E-15
0.1989E-01	0.4796E-15
0.2065E-01	0.4796E-15
0.2144E-01	0.4797E-15
0.2225E-01	0.4797E-15
0.2310E-01	0.4798E-15
0.2398E-01	0.4798E-15
0.2489E-01	0.4799E-15
0.2584E-01	0.4800E-15
0.2682E-01	0.4800E-15
0.2785E-01	0.4801E-15
0.2891E-01	0.4802E-15
0.3001E-01	0.4803E-15
0.3115E-01	0.4804E-15
0.3234E-01	0.4805E-15
0.3357E-01	0.4805E-15
0.3485E-01	0.4806E-15
0.3617E-01	0.4808E-15
0.3755E-01	0.4809E-15
0.3898E-01	0.4810E-15
0.4047E-01	0.4811E-15
0.4201E-01	0.4812E-15
0.4361E-01	0.4814E-15
0.4527E-01	0.4815E-15
0.4699E-01	0.4816E-15
0.4878E-01	0.4818E-15
0.5064E-01	0.4819E-15
0.5257E-01	0.4821E-15
0.5457E-01	0.4822E-15
0.5665E-01	0.4824E-15
0.5881E-01	0.4826E-15
0.6105E-01	0.4827E-15
0.6337E-01	0.4829E-15
0.6579E-01	0.4831E-15
0.6829E-01	0.4833E-15
0.7089E-01	0.4835E-15
0.7359E-01	0.4836E-15
0.7640E-01	0.4838E-15
0.7931E-01	0.4840E-15
0.8233E-01	0.4842E-15
0.8546E-01	0.4844E-15
0.8872E-01	0.4846E-15
0.9210E-01	0.4849E-15
0.9560E-01	0.4851E-15
0.9924E-01	0.4853E-15
0.1030	0.4856E-15
0.1069	0.4858E-15
0.1110	0.4861E-15
0.1152	0.4864E-15
0.1196	0.4867E-15
0.1242	0.4870E-15
0.1289	0.4873E-15
0.1338	0.4877E-15
0.1389	0.4880E-15
0.1442	0.4884E-15
0.1497	0.4887E-15
0.1554	0.4892E-15
0.1613	0.4896E-15
0.1675	0.4901E-15
0.1739	0.4905E-15
0.1805	0.4911E-15
0.1874	0.4916E-15
0.1945	0.4922E-15
0.2019	0.4928E-15
0.2096	0.4934E-15
0.2176	0.4941E-15
0.2259	0.4948E-15
0.2345	0.4956E-15
0.2434	0.4964E-15
0.2527	0.4972E-15
0.2623	0.4981E-15
0.2723	0.4990E-15
0.2826	0.5000E-15
0.2934	0.5010E-15
0.3046	0.5021E-15
0.3162	0.5033E-15
0.3282	0.5044E-15
0.3407	0.5057E-15
0.3537	0.5071E-15
0.3672	0.5085E-15
0.3812	0.5101E-15
0.3957	0.5117E-15
0.4107	0.5134E-15
0.4264	0.5152E-15
0.4426	0.5171E-15
0.4595	0.5191E-15
0.4770	0.5211E-15
0.4952	0.5233E-15
0.5140	0.5256E-15
0.5336	0.5280E-15
0.5539	0.5305E-15
0.5750	0.5332E-15
0.5969	0.5359E-15
0.6196	0.5388E-15
0.6432	0.5418E-15
0.6677	0.5450E-15
0.6932	0.5483E-15
0.7196	0.5517E-15
0.7470	0.5553E-15
0.7754	0.5590E-15
0.8050	0.5629E-15
0.8356	0.5670E-15
0.8674	0.5711E-15
0.9005	0.5755E-15
0.9348	0.5800E-15
0.9704	0.5847E-15
1.007	0.5895E-15
1.046	0.5945E-15
1.086	0.5997E-15
1.127	0.6050E-15
1.170	0.6105E-15
1.214	0.6162E-15
1.261	0.6220E-15
1.309	0.6280E-15
1.358	0.6341E-15
1.410	0.6404E-15
1.464	0.6468E-15
1.520	0.6535E-15
1.578	0.6602E-15
1.638	0.6671E-15
1.700	0.6742E-15
1.765	0.6814E-15
1.832	0.6887E-15
1.902	0.6962E-15
1.974	0.7038E-15
2.049	0.7116E-15
2.127	0.7195E-15
2.208	0.7276E-15
2.293	0.7358E-15
2.380	0.7442E-15
2.470	0.7528E-15
2.565	0.7615E-15
2.662	0.7704E-15
2.764	0.7795E-15
2.869	0.7888E-15
2.978	0.7982E-15
3.092	0.8079E-15
3.209	0.8178E-15
3.332	0.8280E-15
3.458	0.8384E-15
3.590	0.8491E-15
3.727	0.8600E-15
3.869	0.8713E-15
4.016	0.8828E-15
4.169	0.8946E-15
4.328	0.9068E-15
4.493	0.9193E-15
4.664	0.9322E-15
4.841	0.9456E-15
5.026	0.9593E-15
5.217	0.9735E-15
5.416	0.9882E-15
5.622	0.1003E-14
5.836	0.1019E-14
6.059	0.1035E-14
6.289	0.1052E-14
6.529	0.1069E-14
6.778	0.1087E-14
7.036	0.1106E-14
7.304	0.1125E-14
7.582	0.1144E-14
7.871	0.1165E-14
8.170	0.1186E-14
8.482	0.1207E-14
8.805	0.1230E-14
9.140	0.1253E-14
9.488	0.1277E-14
9.849	0.1301E-14
10.22	0.1327E-14
10.61	0.1353E-14
11.02	0.1379E-14
11.44	0.1406E-14
11.87	0.1434E-14
12.33	0.1462E-14
12.80	0.1491E-14
13.28	0.1520E-14
13.79	0.1551E-14
14.31	0.1581E-14
14.86	0.1613E-14
15.42	0.1645E-14
16.01	0.1677E-14
16.62	0.1710E-14
17.25	0.1744E-14
17.91	0.1779E-14
18.59	0.1815E-14
19.30	0.1851E-14
20.04	0.1889E-14
20.80	0.1927E-14
21.59	0.1966E-14
22.42	0.2006E-14
23.27	0.2047E-14
24.16	0.2089E-14
25.08	0.2131E-14
26.03	0.2174E-14
27.02	0.2217E-14
28.05	0.2261E-14
29.12	0.2305E-14
30.23	0.2350E-14
31.38	0.2394E-14
32.57	0.2439E-14
33.82	0.2484E-14
35.10	0.2530E-14
36.44	0.2575E-14
37.83	0.2621E-14
39.27	0.2668E-14
40.76	0.2715E-14
42.32	0.2762E-14
43.93	0.2810E-14
45.60	0.2859E-14
47.34	0.2909E-14
49.14	0.2960E-14
51.01	0.3012E-14
52.96	0.3065E-14
54.97	0.3120E-14
57.07	0.3177E-14
59.24	0.3236E-14
61.50	0.3297E-14
63.84	0.3361E-14
66.27	0.3427E-14
68.79	0.3496E-14
71.41	0.3568E-14
74.13	0.3643E-14
76.96	0.3721E-14
79.89	0.3803E-14
82.93	0.3889E-14
86.09	0.3979E-14
89.37	0.4072E-14
92.77	0.4170E-14
96.31	0.4272E-14
99.97	0.4378E-14
103.8	0.4489E-14
107.7	0.4604E-14
111.8	0.4723E-14
116.1	0.4846E-14
120.5	0.4974E-14
125.1	0.5106E-14
129.9	0.5242E-14
134.8	0.5381E-14
140.0	0.5524E-14
145.3	0.5671E-14
150.8	0.5821E-14
156.6	0.5974E-14
162.5	0.6130E-14
168.7	0.6289E-14
175.1	0.6450E-14
181.8	0.6613E-14
188.7	0.6779E-14
195.9	0.6947E-14
203.4	0.7116E-14
211.1	0.7288E-14
219.2	0.7460E-14
227.5	0.7635E-14
236.2	0.7811E-14
245.2	0.7988E-14
254.5	0.8166E-14
264.2	0.8346E-14
274.3	0.8528E-14
284.7	0.8710E-14
295.6	0.8895E-14
306.8	0.9080E-14
318.5	0.9267E-14
330.6	0.9456E-14
343.2	0.9647E-14
356.3	0.9839E-14
369.9	0.1003E-13
384.0	0.1023E-13
398.6	0.1043E-13
413.8	0.1063E-13
429.5	0.1083E-13
445.9	0.1104E-13
462.9	0.1124E-13
480.5	0.1145E-13
498.8	0.1167E-13
517.8	0.1188E-13
537.5	0.1210E-13
558.0	0.1232E-13
579.2	0.1255E-13
601.3	0.1278E-13
624.2	0.1301E-13
648.0	0.1325E-13
672.6	0.1348E-13
698.3	0.1373E-13
724.9	0.1397E-13
752.5	0.1422E-13
781.1	0.1448E-13
810.9	0.1474E-13
841.8	0.1500E-13
873.8	0.1526E-13
907.1	0.1553E-13
941.6	0.1580E-13
977.5	0.1608E-13
1015.	0.1636E-13
1053.	0.1664E-13
1094.	0.1693E-13
1135.	0.1721E-13
1178.	0.1750E-13
1223.	0.1780E-13
1270.	0.1809E-13
1318.	0.1839E-13
1368.	0.1869E-13
1421.	0.1899E-13
1475.	0.1929E-13
1531.	0.1959E-13
1589.	0.1988E-13
1650.	0.2018E-13
1712.	0.2048E-13
1778.	0.2077E-13
1845.	0.2106E-13
1916.	0.2135E-13
1989.	0.2164E-13
2064.	0.2192E-13
2143.	0.2219E-13
2225.	0.2246E-13
2309.	0.2272E-13
2397.	0.2298E-13
2489.	0.2322E-13
2583.	0.2346E-13
2682.	0.2369E-13
2784.	0.2390E-13
2890.	0.2411E-13
3000.	0.2431E-13
 
 
C8    N2O    Excitation    9.60 eV                              
E/N (Td)	Inverse rate coefficient (m2)
0.1000E-02	0.9900E-22
0.1038E-02	0.9909E-22
0.1078E-02	0.9909E-22
0.1119E-02	0.9909E-22
0.1161E-02	0.9909E-22
0.1205E-02	0.9909E-22
0.1251E-02	0.9909E-22
0.1299E-02	0.9909E-22
0.1349E-02	0.9909E-22
0.1400E-02	0.9909E-22
0.1453E-02	0.9909E-22
0.1509E-02	0.9909E-22
0.1566E-02	0.9909E-22
0.1626E-02	0.9909E-22
0.1688E-02	0.9909E-22
0.1752E-02	0.9909E-22
0.1819E-02	0.9909E-22
0.1888E-02	0.9909E-22
0.1960E-02	0.9909E-22
0.2034E-02	0.9909E-22
0.2112E-02	0.9909E-22
0.2192E-02	0.9909E-22
0.2276E-02	0.9909E-22
0.2362E-02	0.9909E-22
0.2452E-02	0.9909E-22
0.2546E-02	0.9909E-22
0.2643E-02	0.9909E-22
0.2743E-02	0.9909E-22
0.2848E-02	0.9909E-22
0.2956E-02	0.9909E-22
0.3069E-02	0.9909E-22
0.3186E-02	0.9909E-22
0.3307E-02	0.9909E-22
0.3433E-02	0.9909E-22
0.3564E-02	0.9910E-22
0.3700E-02	0.9910E-22
0.3841E-02	0.9910E-22
0.3987E-02	0.9910E-22
0.4139E-02	0.9910E-22
0.4296E-02	0.9910E-22
0.4460E-02	0.9910E-22
0.4630E-02	0.9910E-22
0.4806E-02	0.9910E-22
0.4989E-02	0.9910E-22
0.5179E-02	0.9910E-22
0.5377E-02	0.9911E-22
0.5581E-02	0.9911E-22
0.5794E-02	0.9911E-22
0.6015E-02	0.9911E-22
0.6244E-02	0.9911E-22
0.6481E-02	0.9911E-22
0.6728E-02	0.9912E-22
0.6985E-02	0.9912E-22
0.7251E-02	0.9912E-22
0.7527E-02	0.9912E-22
0.7813E-02	0.9913E-22
0.8111E-02	0.9913E-22
0.8420E-02	0.9913E-22
0.8741E-02	0.9913E-22
0.9073E-02	0.9914E-22
0.9419E-02	0.9914E-22
0.9778E-02	0.9915E-22
0.1015E-01	0.9915E-22
0.1054E-01	0.9916E-22
0.1094E-01	0.9916E-22
0.1135E-01	0.9917E-22
0.1179E-01	0.9917E-22
0.1224E-01	0.9918E-22
0.1270E-01	0.9919E-22
0.1319E-01	0.9920E-22
0.1369E-01	0.9920E-22
0.1421E-01	0.9921E-22
0.1475E-01	0.9922E-22
0.1531E-01	0.9923E-22
0.1590E-01	0.9924E-22
0.1650E-01	0.9926E-22
0.1713E-01	0.9927E-22
0.1778E-01	0.9928E-22
0.1846E-01	0.9930E-22
0.1916E-01	0.9931E-22
0.1989E-01	0.9933E-22
0.2065E-01	0.9935E-22
0.2144E-01	0.9937E-22
0.2225E-01	0.9939E-22
0.2310E-01	0.9941E-22
0.2398E-01	0.9944E-22
0.2489E-01	0.9946E-22
0.2584E-01	0.9949E-22
0.2682E-01	0.9952E-22
0.2785E-01	0.9955E-22
0.2891E-01	0.9959E-22
0.3001E-01	0.9963E-22
0.3115E-01	0.9967E-22
0.3234E-01	0.9971E-22
0.3357E-01	0.9975E-22
0.3485E-01	0.9980E-22
0.3617E-01	0.9985E-22
0.3755E-01	0.9991E-22
0.3898E-01	0.9997E-22
0.4047E-01	0.1000E-21
0.4201E-01	0.1001E-21
0.4361E-01	0.1002E-21
0.4527E-01	0.1002E-21
0.4699E-01	0.1003E-21
0.4878E-01	0.1004E-21
0.5064E-01	0.1005E-21
0.5257E-01	0.1006E-21
0.5457E-01	0.1007E-21
0.5665E-01	0.1008E-21
0.5881E-01	0.1009E-21
0.6105E-01	0.1010E-21
0.6337E-01	0.1012E-21
0.6579E-01	0.1013E-21
0.6829E-01	0.1015E-21
0.7089E-01	0.1016E-21
0.7359E-01	0.1018E-21
0.7640E-01	0.1019E-21
0.7931E-01	0.1021E-21
0.8233E-01	0.1023E-21
0.8546E-01	0.1025E-21
0.8872E-01	0.1027E-21
0.9210E-01	0.1030E-21
0.9560E-01	0.1032E-21
0.9924E-01	0.1035E-21
0.1030	0.1038E-21
0.1069	0.1041E-21
0.1110	0.1044E-21
0.1152	0.1047E-21
0.1196	0.1051E-21
0.1242	0.1055E-21
0.1289	0.1059E-21
0.1338	0.1064E-21
0.1389	0.1068E-21
0.1442	0.1073E-21
0.1497	0.1079E-21
0.1554	0.1085E-21
0.1613	0.1091E-21
0.1675	0.1098E-21
0.1739	0.1106E-21
0.1805	0.1114E-21
0.1874	0.1122E-21
0.1945	0.1132E-21
0.2019	0.1142E-21
0.2096	0.1153E-21
0.2176	0.1165E-21
0.2259	0.1177E-21
0.2345	0.1191E-21
0.2434	0.1206E-21
0.2527	0.1223E-21
0.2623	0.1240E-21
0.2723	0.1260E-21
0.2826	0.1281E-21
0.2934	0.1303E-21
0.3046	0.1328E-21
0.3162	0.1356E-21
0.3282	0.1386E-21
0.3407	0.1418E-21
0.3537	0.1454E-21
0.3672	0.1494E-21
0.3812	0.1537E-21
0.3957	0.1585E-21
0.4107	0.1638E-21
0.4264	0.1697E-21
0.4426	0.1762E-21
0.4595	0.1835E-21
0.4770	0.1916E-21
0.4952	0.2007E-21
0.5140	0.2109E-21
0.5336	0.2224E-21
0.5539	0.2354E-21
0.5750	0.2501E-21
0.5969	0.2668E-21
0.6196	0.2859E-21
0.6432	0.3079E-21
0.6677	0.3333E-21
0.6932	0.3628E-21
0.7196	0.3974E-21
0.7470	0.4381E-21
0.7754	0.4867E-21
0.8050	0.5451E-21
0.8356	0.6160E-21
0.8674	0.7032E-21
0.9005	0.8116E-21
0.9348	0.9481E-21
0.9704	0.1122E-20
1.007	0.1346E-20
1.046	0.1638E-20
1.086	0.2022E-20
1.127	0.2533E-20
1.170	0.3210E-20
1.214	0.4115E-20
1.261	0.5328E-20
1.309	0.6955E-20
1.358	0.9136E-20
1.410	0.1206E-19
1.464	0.1596E-19
1.520	0.2116E-19
1.578	0.2804E-19
1.638	0.3713E-19
1.700	0.4906E-19
1.765	0.6466E-19
1.832	0.8493E-19
1.902	0.1111E-18
1.974	0.1449E-18
2.049	0.1881E-18
2.127	0.2430E-18
2.208	0.3124E-18
2.293	0.3999E-18
2.380	0.5098E-18
2.470	0.6466E-18
2.565	0.8162E-18
2.662	0.1026E-17
2.764	0.1284E-17
2.869	0.1599E-17
2.978	0.1985E-17
3.092	0.2454E-17
3.209	0.3020E-17
3.332	0.3704E-17
3.458	0.4525E-17
3.590	0.5510E-17
3.727	0.6684E-17
3.869	0.8082E-17
4.016	0.9739E-17
4.169	0.1170E-16
4.328	0.1401E-16
4.493	0.1673E-16
4.664	0.1991E-16
4.841	0.2363E-16
5.026	0.2796E-16
5.217	0.3300E-16
5.416	0.3884E-16
5.622	0.4559E-16
5.836	0.5336E-16
6.059	0.6233E-16
6.289	0.7258E-16
6.529	0.8431E-16
6.778	0.9770E-16
7.036	0.1130E-15
7.304	0.1303E-15
7.582	0.1499E-15
7.871	0.1721E-15
8.170	0.1971E-15
8.482	0.2253E-15
8.805	0.2570E-15
9.140	0.2924E-15
9.488	0.3320E-15
9.849	0.3760E-15
10.22	0.4256E-15
10.61	0.4800E-15
11.02	0.5402E-15
11.44	0.6065E-15
11.87	0.6795E-15
12.33	0.7588E-15
12.80	0.8463E-15
13.28	0.9419E-15
13.79	0.1046E-14
14.31	0.1159E-14
14.86	0.1282E-14
15.42	0.1415E-14
16.01	0.1559E-14
16.62	0.1715E-14
17.25	0.1882E-14
17.91	0.2064E-14
18.59	0.2257E-14
19.30	0.2465E-14
20.04	0.2686E-14
20.80	0.2921E-14
21.59	0.3169E-14
22.42	0.3430E-14
23.27	0.3704E-14
24.16	0.3989E-14
25.08	0.4285E-14
26.03	0.4590E-14
27.02	0.4902E-14
28.05	0.5222E-14
29.12	0.5547E-14
30.23	0.5877E-14
31.38	0.6211E-14
32.57	0.6549E-14
33.82	0.6889E-14
35.10	0.7231E-14
36.44	0.7576E-14
37.83	0.7924E-14
39.27	0.8274E-14
40.76	0.8627E-14
42.32	0.8984E-14
43.93	0.9344E-14
45.60	0.9709E-14
47.34	0.1008E-13
49.14	0.1046E-13
51.01	0.1084E-13
52.96	0.1124E-13
54.97	0.1164E-13
57.07	0.1205E-13
59.24	0.1248E-13
61.50	0.1292E-13
63.84	0.1337E-13
66.27	0.1384E-13
68.79	0.1432E-13
71.41	0.1483E-13
74.13	0.1535E-13
76.96	0.1589E-13
79.89	0.1646E-13
82.93	0.1704E-13
86.09	0.1765E-13
89.37	0.1828E-13
92.77	0.1894E-13
96.31	0.1962E-13
99.97	0.2033E-13
103.8	0.2107E-13
107.7	0.2182E-13
111.8	0.2261E-13
116.1	0.2341E-13
120.5	0.2425E-13
125.1	0.2510E-13
129.9	0.2598E-13
134.8	0.2688E-13
140.0	0.2779E-13
145.3	0.2873E-13
150.8	0.2969E-13
156.6	0.3066E-13
162.5	0.3164E-13
168.7	0.3264E-13
175.1	0.3366E-13
181.8	0.3468E-13
188.7	0.3572E-13
195.9	0.3676E-13
203.4	0.3782E-13
211.1	0.3888E-13
219.2	0.3995E-13
227.5	0.4102E-13
236.2	0.4210E-13
245.2	0.4319E-13
254.5	0.4428E-13
264.2	0.4538E-13
274.3	0.4649E-13
284.7	0.4760E-13
295.6	0.4872E-13
306.8	0.4985E-13
318.5	0.5098E-13
330.6	0.5212E-13
343.2	0.5327E-13
356.3	0.5443E-13
369.9	0.5560E-13
384.0	0.5678E-13
398.6	0.5796E-13
413.8	0.5916E-13
429.5	0.6037E-13
445.9	0.6160E-13
462.9	0.6284E-13
480.5	0.6409E-13
498.8	0.6536E-13
517.8	0.6664E-13
537.5	0.6794E-13
558.0	0.6925E-13
579.2	0.7059E-13
601.3	0.7194E-13
624.2	0.7331E-13
648.0	0.7470E-13
672.6	0.7610E-13
698.3	0.7753E-13
724.9	0.7898E-13
752.5	0.8044E-13
781.1	0.8193E-13
810.9	0.8344E-13
841.8	0.8497E-13
873.8	0.8651E-13
907.1	0.8808E-13
941.6	0.8967E-13
977.5	0.9127E-13
1015.	0.9289E-13
1053.	0.9453E-13
1094.	0.9619E-13
1135.	0.9786E-13
1178.	0.9954E-13
1223.	0.1012E-12
1270.	0.1029E-12
1318.	0.1047E-12
1368.	0.1064E-12
1421.	0.1081E-12
1475.	0.1098E-12
1531.	0.1116E-12
1589.	0.1133E-12
1650.	0.1150E-12
1712.	0.1168E-12
1778.	0.1185E-12
1845.	0.1201E-12
1916.	0.1218E-12
1989.	0.1235E-12
2064.	0.1251E-12
2143.	0.1267E-12
2225.	0.1283E-12
2309.	0.1298E-12
2397.	0.1313E-12
2489.	0.1327E-12
2583.	0.1341E-12
2682.	0.1355E-12
2784.	0.1368E-12
2890.	0.1380E-12
3000.	0.1392E-12
 
 
C9    N2O    Ionization    12.89 eV                             
E/N (Td)	Inverse rate coefficient (m2)
0.1000E-02	0.000
0.1038E-02	0.000
0.1078E-02	0.000
0.1119E-02	0.000
0.1161E-02	0.000
0.1205E-02	0.000
0.1251E-02	0.000
0.1299E-02	0.000
0.1349E-02	0.000
0.1400E-02	0.000
0.1453E-02	0.000
0.1509E-02	0.000
0.1566E-02	0.000
0.1626E-02	0.000
0.1688E-02	0.000
0.1752E-02	0.000
0.1819E-02	0.000
0.1888E-02	0.000
0.1960E-02	0.000
0.2034E-02	0.000
0.2112E-02	0.000
0.2192E-02	0.000
0.2276E-02	0.000
0.2362E-02	0.000
0.2452E-02	0.000
0.2546E-02	0.000
0.2643E-02	0.000
0.2743E-02	0.000
0.2848E-02	0.000
0.2956E-02	0.000
0.3069E-02	0.000
0.3186E-02	0.000
0.3307E-02	0.000
0.3433E-02	0.000
0.3564E-02	0.000
0.3700E-02	0.000
0.3841E-02	0.000
0.3987E-02	0.000
0.4139E-02	0.000
0.4296E-02	0.000
0.4460E-02	0.000
0.4630E-02	0.000
0.4806E-02	0.000
0.4989E-02	0.000
0.5179E-02	0.000
0.5377E-02	0.000
0.5581E-02	0.000
0.5794E-02	0.000
0.6015E-02	0.000
0.6244E-02	0.000
0.6481E-02	0.000
0.6728E-02	0.000
0.6985E-02	0.000
0.7251E-02	0.000
0.7527E-02	0.000
0.7813E-02	0.000
0.8111E-02	0.000
0.8420E-02	0.000
0.8741E-02	0.000
0.9073E-02	0.000
0.9419E-02	0.000
0.9778E-02	0.000
0.1015E-01	0.000
0.1054E-01	0.000
0.1094E-01	0.000
0.1135E-01	0.000
0.1179E-01	0.000
0.1224E-01	0.000
0.1270E-01	0.000
0.1319E-01	0.000
0.1369E-01	0.000
0.1421E-01	0.000
0.1475E-01	0.000
0.1531E-01	0.000
0.1590E-01	0.000
0.1650E-01	0.000
0.1713E-01	0.000
0.1778E-01	0.000
0.1846E-01	0.000
0.1916E-01	0.000
0.1989E-01	0.000
0.2065E-01	0.000
0.2144E-01	0.000
0.2225E-01	0.000
0.2310E-01	0.000
0.2398E-01	0.000
0.2489E-01	0.000
0.2584E-01	0.000
0.2682E-01	0.000
0.2785E-01	0.000
0.2891E-01	0.000
0.3001E-01	0.000
0.3115E-01	0.000
0.3234E-01	0.000
0.3357E-01	0.000
0.3485E-01	0.000
0.3617E-01	0.000
0.3755E-01	0.000
0.3898E-01	0.000
0.4047E-01	0.000
0.4201E-01	0.000
0.4361E-01	0.000
0.4527E-01	0.000
0.4699E-01	0.000
0.4878E-01	0.000
0.5064E-01	0.000
0.5257E-01	0.000
0.5457E-01	0.000
0.5665E-01	0.000
0.5881E-01	0.000
0.6105E-01	0.000
0.6337E-01	0.000
0.6579E-01	0.000
0.6829E-01	0.000
0.7089E-01	0.000
0.7359E-01	0.000
0.7640E-01	0.000
0.7931E-01	0.000
0.8233E-01	0.000
0.8546E-01	0.000
0.8872E-01	0.000
0.9210E-01	0.000
0.9560E-01	0.000
0.9924E-01	0.000
0.1030	0.000
0.1069	0.000
0.1110	0.000
0.1152	0.000
0.1196	0.000
0.1242	0.000
0.1289	0.000
0.1338	0.000
0.1389	0.000
0.1442	0.000
0.1497	0.000
0.1554	0.000
0.1613	0.000
0.1675	0.000
0.1739	0.000
0.1805	0.000
0.1874	0.000
0.1945	0.000
0.2019	0.000
0.2096	0.000
0.2176	0.000
0.2259	0.000
0.2345	0.000
0.2434	0.000
0.2527	0.000
0.2623	0.000
0.2723	0.000
0.2826	0.000
0.2934	0.000
0.3046	0.000
0.3162	0.000
0.3282	0.000
0.3407	0.000
0.3537	0.000
0.3672	0.000
0.3812	0.000
0.3957	0.000
0.4107	0.000
0.4264	0.000
0.4426	0.000
0.4595	0.000
0.4770	0.000
0.4952	0.000
0.5140	0.000
0.5336	0.000
0.5539	0.000
0.5750	0.000
0.5969	0.000
0.6196	0.000
0.6432	0.000
0.6677	0.000
0.6932	0.000
0.7196	0.000
0.7470	0.000
0.7754	0.000
0.8050	0.000
0.8356	0.000
0.8674	0.000
0.9005	0.000
0.9348	0.000
0.9704	0.000
1.007	0.000
1.046	0.000
1.086	0.000
1.127	0.000
1.170	0.000
1.214	0.000
1.261	0.000
1.309	0.000
1.358	0.000
1.410	0.000
1.464	0.000
1.520	0.000
1.578	0.000
1.638	0.000
1.700	0.000
1.765	0.000
1.832	0.000
1.902	0.000
1.974	0.000
2.049	0.000
2.127	0.000
2.208	0.000
2.293	0.000
2.380	0.000
2.470	0.000
2.565	0.000
2.662	0.000
2.764	0.000
2.869	0.000
2.978	0.000
3.092	0.000
3.209	0.000
3.332	0.000
3.458	0.000
3.590	0.000
3.727	0.000
3.869	0.000
4.016	0.000
4.169	0.000
4.328	0.000
4.493	0.000
4.664	0.000
4.841	0.000
5.026	0.000
5.217	0.000
5.416	0.000
5.622	0.000
5.836	0.000
6.059	0.000
6.289	0.000
6.529	0.000
6.778	0.000
7.036	0.000
7.304	0.000
7.582	0.000
7.871	0.000
8.170	0.000
8.482	0.000
8.805	0.000
9.140	0.000
9.488	0.000
9.849	0.000
10.22	0.000
10.61	0.000
11.02	0.000
11.44	0.000
11.87	0.000
12.33	0.000
12.80	0.000
13.28	0.000
13.79	0.000
14.31	0.000
14.86	0.000
15.42	0.000
16.01	0.000
16.62	0.000
17.25	0.000
17.91	0.000
18.59	0.000
19.30	0.000
20.04	0.000
20.80	0.000
21.59	0.000
22.42	0.000
23.27	0.000
24.16	0.000
25.08	0.000
26.03	0.000
27.02	0.000
28.05	0.000
29.12	0.000
30.23	0.000
31.38	0.000
32.57	0.000
33.82	0.000
35.10	0.000
36.44	0.000
37.83	0.000
39.27	0.000
40.76	0.000
42.32	0.000
43.93	0.000
45.60	0.000
47.34	0.000
49.14	0.000
51.01	0.000
52.96	0.000
54.97	0.000
57.07	0.000
59.24	0.000
61.50	0.000
63.84	0.000
66.27	0.000
68.79	0.000
71.41	0.000
74.13	0.000
76.96	0.000
79.89	0.000
82.93	0.000
86.09	0.000
89.37	0.000
92.77	0.000
96.31	0.000
99.97	0.000
103.8	0.000
107.7	0.000
111.8	0.000
116.1	0.000
120.5	0.000
125.1	0.000
129.9	0.000
134.8	0.000
140.0	0.000
145.3	0.000
150.8	0.000
156.6	0.000
162.5	0.000
168.7	0.000
175.1	0.000
181.8	0.000
188.7	0.000
195.9	0.000
203.4	0.000
211.1	0.000
219.2	0.000
227.5	0.000
236.2	0.000
245.2	0.000
254.5	0.000
264.2	0.000
274.3	0.000
284.7	0.000
295.6	0.000
306.8	0.000
318.5	0.000
330.6	0.000
343.2	0.000
356.3	0.000
369.9	0.000
384.0	0.000
398.6	0.000
413.8	0.000
429.5	0.000
445.9	0.000
462.9	0.000
480.5	0.000
498.8	0.000
517.8	0.000
537.5	0.000
558.0	0.000
579.2	0.000
601.3	0.000
624.2	0.000
648.0	0.000
672.6	0.000
698.3	0.000
724.9	0.000
752.5	0.000
781.1	0.000
810.9	0.000
841.8	0.000
873.8	0.000
907.1	0.000
941.6	0.000
977.5	0.000
1015.	0.000
1053.	0.000
1094.	0.000
1135.	0.000
1178.	0.000
1223.	0.000
1270.	0.000
1318.	0.000
1368.	0.000
1421.	0.000
1475.	0.000
1531.	0.000
1589.	0.000
1650.	0.000
1712.	0.000
1778.	0.000
1845.	0.000
1916.	0.000
1989.	0.000
2064.	0.000
2143.	0.000
2225.	0.000
2309.	0.000
2397.	0.000
2489.	0.000
2583.	0.000
2682.	0.000
2784.	0.000
2890.	0.000
3000.	0.000
 
 
C1    N2O    Attachment                                         
E/N (Td)	Energy loss coefficient (eV m3/s)
0.1000E-02	0.5485E-24
0.1038E-02	0.5485E-24
0.1078E-02	0.5485E-24
0.1119E-02	0.5485E-24
0.1161E-02	0.5485E-24
0.1205E-02	0.5485E-24
0.1251E-02	0.5485E-24
0.1299E-02	0.5485E-24
0.1349E-02	0.5485E-24
0.1400E-02	0.5485E-24
0.1453E-02	0.5485E-24
0.1509E-02	0.5485E-24
0.1566E-02	0.5485E-24
0.1626E-02	0.5485E-24
0.1688E-02	0.5485E-24
0.1752E-02	0.5485E-24
0.1819E-02	0.5485E-24
0.1888E-02	0.5485E-24
0.1960E-02	0.5485E-24
0.2034E-02	0.5485E-24
0.2112E-02	0.5485E-24
0.2192E-02	0.5485E-24
0.2276E-02	0.5485E-24
0.2362E-02	0.5485E-24
0.2452E-02	0.5485E-24
0.2546E-02	0.5485E-24
0.2643E-02	0.5485E-24
0.2743E-02	0.5485E-24
0.2848E-02	0.5485E-24
0.2956E-02	0.5485E-24
0.3069E-02	0.5485E-24
0.3186E-02	0.5485E-24
0.3307E-02	0.5485E-24
0.3433E-02	0.5485E-24
0.3564E-02	0.5485E-24
0.3700E-02	0.5485E-24
0.3841E-02	0.5485E-24
0.3987E-02	0.5486E-24
0.4139E-02	0.5486E-24
0.4296E-02	0.5486E-24
0.4460E-02	0.5486E-24
0.4630E-02	0.5486E-24
0.4806E-02	0.5486E-24
0.4989E-02	0.5486E-24
0.5179E-02	0.5486E-24
0.5377E-02	0.5486E-24
0.5581E-02	0.5486E-24
0.5794E-02	0.5486E-24
0.6015E-02	0.5487E-24
0.6244E-02	0.5487E-24
0.6481E-02	0.5487E-24
0.6728E-02	0.5487E-24
0.6985E-02	0.5487E-24
0.7251E-02	0.5487E-24
0.7527E-02	0.5488E-24
0.7813E-02	0.5488E-24
0.8111E-02	0.5488E-24
0.8420E-02	0.5488E-24
0.8741E-02	0.5489E-24
0.9073E-02	0.5489E-24
0.9419E-02	0.5489E-24
0.9778E-02	0.5490E-24
0.1015E-01	0.5490E-24
0.1054E-01	0.5490E-24
0.1094E-01	0.5491E-24
0.1135E-01	0.5491E-24
0.1179E-01	0.5492E-24
0.1224E-01	0.5492E-24
0.1270E-01	0.5493E-24
0.1319E-01	0.5494E-24
0.1369E-01	0.5494E-24
0.1421E-01	0.5495E-24
0.1475E-01	0.5496E-24
0.1531E-01	0.5497E-24
0.1590E-01	0.5498E-24
0.1650E-01	0.5499E-24
0.1713E-01	0.5500E-24
0.1778E-01	0.5501E-24
0.1846E-01	0.5502E-24
0.1916E-01	0.5503E-24
0.1989E-01	0.5505E-24
0.2065E-01	0.5506E-24
0.2144E-01	0.5508E-24
0.2225E-01	0.5509E-24
0.2310E-01	0.5511E-24
0.2398E-01	0.5513E-24
0.2489E-01	0.5515E-24
0.2584E-01	0.5517E-24
0.2682E-01	0.5520E-24
0.2785E-01	0.5522E-24
0.2891E-01	0.5525E-24
0.3001E-01	0.5528E-24
0.3115E-01	0.5531E-24
0.3234E-01	0.5534E-24
0.3357E-01	0.5537E-24
0.3485E-01	0.5541E-24
0.3617E-01	0.5544E-24
0.3755E-01	0.5548E-24
0.3898E-01	0.5553E-24
0.4047E-01	0.5557E-24
0.4201E-01	0.5562E-24
0.4361E-01	0.5567E-24
0.4527E-01	0.5572E-24
0.4699E-01	0.5578E-24
0.4878E-01	0.5583E-24
0.5064E-01	0.5589E-24
0.5257E-01	0.5596E-24
0.5457E-01	0.5603E-24
0.5665E-01	0.5610E-24
0.5881E-01	0.5617E-24
0.6105E-01	0.5625E-24
0.6337E-01	0.5633E-24
0.6579E-01	0.5641E-24
0.6829E-01	0.5650E-24
0.7089E-01	0.5659E-24
0.7359E-01	0.5669E-24
0.7640E-01	0.5679E-24
0.7931E-01	0.5690E-24
0.8233E-01	0.5702E-24
0.8546E-01	0.5713E-24
0.8872E-01	0.5726E-24
0.9210E-01	0.5739E-24
0.9560E-01	0.5753E-24
0.9924E-01	0.5768E-24
0.1030	0.5783E-24
0.1069	0.5800E-24
0.1110	0.5817E-24
0.1152	0.5836E-24
0.1196	0.5855E-24
0.1242	0.5876E-24
0.1289	0.5899E-24
0.1338	0.5923E-24
0.1389	0.5948E-24
0.1442	0.5975E-24
0.1497	0.6005E-24
0.1554	0.6036E-24
0.1613	0.6069E-24
0.1675	0.6105E-24
0.1739	0.6144E-24
0.1805	0.6186E-24
0.1874	0.6230E-24
0.1945	0.6279E-24
0.2019	0.6331E-24
0.2096	0.6387E-24
0.2176	0.6448E-24
0.2259	0.6513E-24
0.2345	0.6584E-24
0.2434	0.6661E-24
0.2527	0.6745E-24
0.2623	0.6835E-24
0.2723	0.6934E-24
0.2826	0.7041E-24
0.2934	0.7157E-24
0.3046	0.7284E-24
0.3162	0.7423E-24
0.3282	0.7575E-24
0.3407	0.7741E-24
0.3537	0.7923E-24
0.3672	0.8122E-24
0.3812	0.8342E-24
0.3957	0.8584E-24
0.4107	0.8851E-24
0.4264	0.9146E-24
0.4426	0.9474E-24
0.4595	0.9837E-24
0.4770	0.1024E-23
0.4952	0.1069E-23
0.5140	0.1120E-23
0.5336	0.1177E-23
0.5539	0.1241E-23
0.5750	0.1313E-23
0.5969	0.1395E-23
0.6196	0.1489E-23
0.6432	0.1597E-23
0.6677	0.1721E-23
0.6932	0.1866E-23
0.7196	0.2036E-23
0.7470	0.2236E-23
0.7754	0.2476E-23
0.8050	0.2764E-23
0.8356	0.3116E-23
0.8674	0.3550E-23
0.9005	0.4091E-23
0.9348	0.4771E-23
0.9704	0.5637E-23
1.007	0.6749E-23
1.046	0.8186E-23
1.086	0.1006E-22
1.127	0.1252E-22
1.170	0.1573E-22
1.214	0.1997E-22
1.261	0.2555E-22
1.309	0.3289E-22
1.358	0.4255E-22
1.410	0.5521E-22
1.464	0.7177E-22
1.520	0.9345E-22
1.578	0.1215E-21
1.638	0.1577E-21
1.700	0.2043E-21
1.765	0.2640E-21
1.832	0.3400E-21
1.902	0.4363E-21
1.974	0.5581E-21
2.049	0.7107E-21
2.127	0.9015E-21
2.208	0.1139E-20
2.293	0.1432E-20
2.380	0.1796E-20
2.470	0.2240E-20
2.565	0.2784E-20
2.662	0.3446E-20
2.764	0.4250E-20
2.869	0.5221E-20
2.978	0.6394E-20
3.092	0.7800E-20
3.209	0.9484E-20
3.332	0.1149E-19
3.458	0.1388E-19
3.590	0.1673E-19
3.727	0.2009E-19
3.869	0.2406E-19
4.016	0.2874E-19
4.169	0.3423E-19
4.328	0.4068E-19
4.493	0.4823E-19
4.664	0.5704E-19
4.841	0.6731E-19
5.026	0.7925E-19
5.217	0.9312E-19
5.416	0.1092E-18
5.622	0.1278E-18
5.836	0.1493E-18
6.059	0.1742E-18
6.289	0.2028E-18
6.529	0.2357E-18
6.778	0.2735E-18
7.036	0.3171E-18
7.304	0.3670E-18
7.582	0.4242E-18
7.871	0.4901E-18
8.170	0.5652E-18
8.482	0.6511E-18
8.805	0.7498E-18
9.140	0.8619E-18
9.488	0.9897E-18
9.849	0.1135E-17
10.22	0.1302E-17
10.61	0.1489E-17
11.02	0.1700E-17
11.44	0.1937E-17
11.87	0.2204E-17
12.33	0.2498E-17
12.80	0.2828E-17
13.28	0.3193E-17
13.79	0.3594E-17
14.31	0.4032E-17
14.86	0.4511E-17
15.42	0.5026E-17
16.01	0.5579E-17
16.62	0.6168E-17
17.25	0.6791E-17
17.91	0.7448E-17
18.59	0.8129E-17
19.30	0.8832E-17
20.04	0.9552E-17
20.80	0.1028E-16
21.59	0.1101E-16
22.42	0.1175E-16
23.27	0.1247E-16
24.16	0.1317E-16
25.08	0.1386E-16
26.03	0.1452E-16
27.02	0.1515E-16
28.05	0.1574E-16
29.12	0.1630E-16
30.23	0.1682E-16
31.38	0.1730E-16
32.57	0.1775E-16
33.82	0.1815E-16
35.10	0.1852E-16
36.44	0.1886E-16
37.83	0.1916E-16
39.27	0.1942E-16
40.76	0.1966E-16
42.32	0.1987E-16
43.93	0.2006E-16
45.60	0.2022E-16
47.34	0.2036E-16
49.14	0.2048E-16
51.01	0.2059E-16
52.96	0.2069E-16
54.97	0.2077E-16
57.07	0.2085E-16
59.24	0.2092E-16
61.50	0.2100E-16
63.84	0.2107E-16
66.27	0.2115E-16
68.79	0.2124E-16
71.41	0.2134E-16
74.13	0.2145E-16
76.96	0.2158E-16
79.89	0.2174E-16
82.93	0.2191E-16
86.09	0.2211E-16
89.37	0.2234E-16
92.77	0.2260E-16
96.31	0.2289E-16
99.97	0.2322E-16
103.8	0.2357E-16
107.7	0.2397E-16
111.8	0.2439E-16
116.1	0.2485E-16
120.5	0.2534E-16
125.1	0.2586E-16
129.9	0.2641E-16
134.8	0.2699E-16
140.0	0.2759E-16
145.3	0.2821E-16
150.8	0.2884E-16
156.6	0.2949E-16
162.5	0.3014E-16
168.7	0.3080E-16
175.1	0.3147E-16
181.8	0.3212E-16
188.7	0.3278E-16
195.9	0.3342E-16
203.4	0.3405E-16
211.1	0.3466E-16
219.2	0.3525E-16
227.5	0.3582E-16
236.2	0.3636E-16
245.2	0.3688E-16
254.5	0.3737E-16
264.2	0.3782E-16
274.3	0.3825E-16
284.7	0.3864E-16
295.6	0.3899E-16
306.8	0.3931E-16
318.5	0.3960E-16
330.6	0.3985E-16
343.2	0.4006E-16
356.3	0.4023E-16
369.9	0.4037E-16
384.0	0.4048E-16
398.6	0.4055E-16
413.8	0.4059E-16
429.5	0.4059E-16
445.9	0.4055E-16
462.9	0.4049E-16
480.5	0.4040E-16
498.8	0.4027E-16
517.8	0.4011E-16
537.5	0.3993E-16
558.0	0.3971E-16
579.2	0.3947E-16
601.3	0.3921E-16
624.2	0.3891E-16
648.0	0.3860E-16
672.6	0.3826E-16
698.3	0.3789E-16
724.9	0.3751E-16
752.5	0.3711E-16
781.1	0.3668E-16
810.9	0.3624E-16
841.8	0.3578E-16
873.8	0.3529E-16
907.1	0.3480E-16
941.6	0.3428E-16
977.5	0.3376E-16
1015.	0.3322E-16
1053.	0.3266E-16
1094.	0.3209E-16
1135.	0.3152E-16
1178.	0.3093E-16
1223.	0.3033E-16
1270.	0.2972E-16
1318.	0.2910E-16
1368.	0.2847E-16
1421.	0.2785E-16
1475.	0.2721E-16
1531.	0.2657E-16
1589.	0.2592E-16
1650.	0.2528E-16
1712.	0.2462E-16
1778.	0.2397E-16
1845.	0.2332E-16
1916.	0.2267E-16
1989.	0.2203E-16
2064.	0.2138E-16
2143.	0.2074E-16
2225.	0.2010E-16
2309.	0.1946E-16
2397.	0.1883E-16
2489.	0.1821E-16
2583.	0.1759E-16
2682.	0.1699E-16
2784.	0.1639E-16
2890.	0.1580E-16
3000.	0.1522E-16
 
 
C2    N2O    Elastic                                            
E/N (Td)	Energy loss coefficient (eV m3/s)
0.1000E-02	0.3055E-23
0.1038E-02	0.1628E-24
0.1078E-02	0.1757E-24
0.1119E-02	0.1897E-24
0.1161E-02	0.2047E-24
0.1205E-02	0.2208E-24
0.1251E-02	0.2383E-24
0.1299E-02	0.2571E-24
0.1349E-02	0.2773E-24
0.1400E-02	0.2991E-24
0.1453E-02	0.3226E-24
0.1509E-02	0.3479E-24
0.1566E-02	0.3752E-24
0.1626E-02	0.4046E-24
0.1688E-02	0.4363E-24
0.1752E-02	0.4705E-24
0.1819E-02	0.5072E-24
0.1888E-02	0.5469E-24
0.1960E-02	0.5896E-24
0.2034E-02	0.6356E-24
0.2112E-02	0.6852E-24
0.2192E-02	0.7386E-24
0.2276E-02	0.7962E-24
0.2362E-02	0.8582E-24
0.2452E-02	0.9251E-24
0.2546E-02	0.9971E-24
0.2643E-02	0.1075E-23
0.2743E-02	0.1158E-23
0.2848E-02	0.1248E-23
0.2956E-02	0.1345E-23
0.3069E-02	0.1450E-23
0.3186E-02	0.1562E-23
0.3307E-02	0.1684E-23
0.3433E-02	0.1814E-23
0.3564E-02	0.1955E-23
0.3700E-02	0.2107E-23
0.3841E-02	0.2270E-23
0.3987E-02	0.2446E-23
0.4139E-02	0.2636E-23
0.4296E-02	0.2840E-23
0.4460E-02	0.3060E-23
0.4630E-02	0.3297E-23
0.4806E-02	0.3552E-23
0.4989E-02	0.3826E-23
0.5179E-02	0.4122E-23
0.5377E-02	0.4440E-23
0.5581E-02	0.4783E-23
0.5794E-02	0.5153E-23
0.6015E-02	0.5550E-23
0.6244E-02	0.5978E-23
0.6481E-02	0.6438E-23
0.6728E-02	0.6934E-23
0.6985E-02	0.7467E-23
0.7251E-02	0.8041E-23
0.7527E-02	0.8659E-23
0.7813E-02	0.9323E-23
0.8111E-02	0.1004E-22
0.8420E-02	0.1081E-22
0.8741E-02	0.1163E-22
0.9073E-02	0.1252E-22
0.9419E-02	0.1348E-22
0.9778E-02	0.1450E-22
0.1015E-01	0.1561E-22
0.1054E-01	0.1679E-22
0.1094E-01	0.1807E-22
0.1135E-01	0.1944E-22
0.1179E-01	0.2091E-22
0.1224E-01	0.2248E-22
0.1270E-01	0.2417E-22
0.1319E-01	0.2599E-22
0.1369E-01	0.2793E-22
0.1421E-01	0.3002E-22
0.1475E-01	0.3225E-22
0.1531E-01	0.3465E-22
0.1590E-01	0.3721E-22
0.1650E-01	0.3995E-22
0.1713E-01	0.4288E-22
0.1778E-01	0.4602E-22
0.1846E-01	0.4936E-22
0.1916E-01	0.5294E-22
0.1989E-01	0.5675E-22
0.2065E-01	0.6082E-22
0.2144E-01	0.6515E-22
0.2225E-01	0.6975E-22
0.2310E-01	0.7466E-22
0.2398E-01	0.7986E-22
0.2489E-01	0.8539E-22
0.2584E-01	0.9125E-22
0.2682E-01	0.9746E-22
0.2785E-01	0.1040E-21
0.2891E-01	0.1110E-21
0.3001E-01	0.1183E-21
0.3115E-01	0.1260E-21
0.3234E-01	0.1342E-21
0.3357E-01	0.1427E-21
0.3485E-01	0.1517E-21
0.3617E-01	0.1611E-21
0.3755E-01	0.1710E-21
0.3898E-01	0.1813E-21
0.4047E-01	0.1920E-21
0.4201E-01	0.2032E-21
0.4361E-01	0.2148E-21
0.4527E-01	0.2269E-21
0.4699E-01	0.2395E-21
0.4878E-01	0.2525E-21
0.5064E-01	0.2659E-21
0.5257E-01	0.2797E-21
0.5457E-01	0.2940E-21
0.5665E-01	0.3087E-21
0.5881E-01	0.3239E-21
0.6105E-01	0.3395E-21
0.6337E-01	0.3555E-21
0.6579E-01	0.3719E-21
0.6829E-01	0.3888E-21
0.7089E-01	0.4061E-21
0.7359E-01	0.4239E-21
0.7640E-01	0.4421E-21
0.7931E-01	0.4609E-21
0.8233E-01	0.4802E-21
0.8546E-01	0.5001E-21
0.8872E-01	0.5206E-21
0.9210E-01	0.5418E-21
0.9560E-01	0.5636E-21
0.9924E-01	0.5863E-21
0.1030	0.6098E-21
0.1069	0.6342E-21
0.1110	0.6597E-21
0.1152	0.6862E-21
0.1196	0.7139E-21
0.1242	0.7429E-21
0.1289	0.7733E-21
0.1338	0.8053E-21
0.1389	0.8388E-21
0.1442	0.8741E-21
0.1497	0.9113E-21
0.1554	0.9506E-21
0.1613	0.9920E-21
0.1675	0.1036E-20
0.1739	0.1082E-20
0.1805	0.1131E-20
0.1874	0.1183E-20
0.1945	0.1238E-20
0.2019	0.1296E-20
0.2096	0.1358E-20
0.2176	0.1423E-20
0.2259	0.1492E-20
0.2345	0.1565E-20
0.2434	0.1643E-20
0.2527	0.1725E-20
0.2623	0.1812E-20
0.2723	0.1904E-20
0.2826	0.2001E-20
0.2934	0.2105E-20
0.3046	0.2214E-20
0.3162	0.2329E-20
0.3282	0.2452E-20
0.3407	0.2581E-20
0.3537	0.2717E-20
0.3672	0.2862E-20
0.3812	0.3014E-20
0.3957	0.3175E-20
0.4107	0.3345E-20
0.4264	0.3524E-20
0.4426	0.3713E-20
0.4595	0.3912E-20
0.4770	0.4122E-20
0.4952	0.4343E-20
0.5140	0.4576E-20
0.5336	0.4821E-20
0.5539	0.5078E-20
0.5750	0.5349E-20
0.5969	0.5633E-20
0.6196	0.5932E-20
0.6432	0.6245E-20
0.6677	0.6573E-20
0.6932	0.6916E-20
0.7196	0.7276E-20
0.7470	0.7652E-20
0.7754	0.8044E-20
0.8050	0.8454E-20
0.8356	0.8880E-20
0.8674	0.9325E-20
0.9005	0.9787E-20
0.9348	0.1027E-19
0.9704	0.1076E-19
1.007	0.1128E-19
1.046	0.1181E-19
1.086	0.1237E-19
1.127	0.1293E-19
1.170	0.1352E-19
1.214	0.1412E-19
1.261	0.1474E-19
1.309	0.1538E-19
1.358	0.1603E-19
1.410	0.1670E-19
1.464	0.1738E-19
1.520	0.1809E-19
1.578	0.1880E-19
1.638	0.1952E-19
1.700	0.2026E-19
1.765	0.2101E-19
1.832	0.2177E-19
1.902	0.2255E-19
1.974	0.2333E-19
2.049	0.2413E-19
2.127	0.2494E-19
2.208	0.2576E-19
2.293	0.2659E-19
2.380	0.2744E-19
2.470	0.2830E-19
2.565	0.2917E-19
2.662	0.3006E-19
2.764	0.3096E-19
2.869	0.3188E-19
2.978	0.3282E-19
3.092	0.3377E-19
3.209	0.3476E-19
3.332	0.3577E-19
3.458	0.3681E-19
3.590	0.3790E-19
3.727	0.3902E-19
3.869	0.4018E-19
4.016	0.4140E-19
4.169	0.4268E-19
4.328	0.4403E-19
4.493	0.4547E-19
4.664	0.4701E-19
4.841	0.4867E-19
5.026	0.5047E-19
5.217	0.5243E-19
5.416	0.5459E-19
5.622	0.5697E-19
5.836	0.5962E-19
6.059	0.6259E-19
6.289	0.6593E-19
6.529	0.6970E-19
6.778	0.7397E-19
7.036	0.7885E-19
7.304	0.8439E-19
7.582	0.9073E-19
7.871	0.9800E-19
8.170	0.1063E-18
8.482	0.1157E-18
8.805	0.1266E-18
9.140	0.1389E-18
9.488	0.1528E-18
9.849	0.1686E-18
10.22	0.1865E-18
10.61	0.2064E-18
11.02	0.2287E-18
11.44	0.2534E-18
11.87	0.2807E-18
12.33	0.3106E-18
12.80	0.3436E-18
13.28	0.3796E-18
13.79	0.4187E-18
14.31	0.4611E-18
14.86	0.5072E-18
15.42	0.5565E-18
16.01	0.6095E-18
16.62	0.6664E-18
17.25	0.7272E-18
17.91	0.7925E-18
18.59	0.8616E-18
19.30	0.9350E-18
20.04	0.1013E-17
20.80	0.1094E-17
21.59	0.1180E-17
22.42	0.1270E-17
23.27	0.1364E-17
24.16	0.1461E-17
25.08	0.1560E-17
26.03	0.1663E-17
27.02	0.1768E-17
28.05	0.1875E-17
29.12	0.1983E-17
30.23	0.2093E-17
31.38	0.2204E-17
32.57	0.2317E-17
33.82	0.2430E-17
35.10	0.2544E-17
36.44	0.2659E-17
37.83	0.2776E-17
39.27	0.2893E-17
40.76	0.3012E-17
42.32	0.3133E-17
43.93	0.3257E-17
45.60	0.3382E-17
47.34	0.3511E-17
49.14	0.3644E-17
51.01	0.3781E-17
52.96	0.3922E-17
54.97	0.4069E-17
57.07	0.4222E-17
59.24	0.4381E-17
61.50	0.4549E-17
63.84	0.4725E-17
66.27	0.4910E-17
68.79	0.5105E-17
71.41	0.5311E-17
74.13	0.5530E-17
76.96	0.5761E-17
79.89	0.6006E-17
82.93	0.6267E-17
86.09	0.6543E-17
89.37	0.6835E-17
92.77	0.7145E-17
96.31	0.7473E-17
99.97	0.7820E-17
103.8	0.8186E-17
107.7	0.8572E-17
111.8	0.8979E-17
116.1	0.9406E-17
120.5	0.9853E-17
125.1	0.1032E-16
129.9	0.1081E-16
134.8	0.1132E-16
140.0	0.1185E-16
145.3	0.1240E-16
150.8	0.1297E-16
156.6	0.1356E-16
162.5	0.1416E-16
168.7	0.1479E-16
175.1	0.1543E-16
181.8	0.1609E-16
188.7	0.1676E-16
195.9	0.1745E-16
203.4	0.1816E-16
211.1	0.1888E-16
219.2	0.1961E-16
227.5	0.2036E-16
236.2	0.2112E-16
245.2	0.2190E-16
254.5	0.2269E-16
264.2	0.2349E-16
274.3	0.2430E-16
284.7	0.2513E-16
295.6	0.2597E-16
306.8	0.2682E-16
318.5	0.2769E-16
330.6	0.2857E-16
343.2	0.2947E-16
356.3	0.3038E-16
369.9	0.3130E-16
384.0	0.3224E-16
398.6	0.3319E-16
413.8	0.3416E-16
429.5	0.3515E-16
445.9	0.3615E-16
462.9	0.3718E-16
480.5	0.3822E-16
498.8	0.3928E-16
517.8	0.4035E-16
537.5	0.4145E-16
558.0	0.4257E-16
579.2	0.4372E-16
601.3	0.4488E-16
624.2	0.4607E-16
648.0	0.4728E-16
672.6	0.4852E-16
698.3	0.4978E-16
724.9	0.5107E-16
752.5	0.5239E-16
781.1	0.5373E-16
810.9	0.5510E-16
841.8	0.5651E-16
873.8	0.5794E-16
907.1	0.5941E-16
941.6	0.6091E-16
977.5	0.6245E-16
1015.	0.6402E-16
1053.	0.6562E-16
1094.	0.6726E-16
1135.	0.6894E-16
1178.	0.7066E-16
1223.	0.7242E-16
1270.	0.7423E-16
1318.	0.7607E-16
1368.	0.7796E-16
1421.	0.7990E-16
1475.	0.8187E-16
1531.	0.8390E-16
1589.	0.8598E-16
1650.	0.8810E-16
1712.	0.9027E-16
1778.	0.9250E-16
1845.	0.9478E-16
1916.	0.9711E-16
1989.	0.9950E-16
2064.	0.1019E-15
2143.	0.1045E-15
2225.	0.1070E-15
2309.	0.1096E-15
2397.	0.1123E-15
2489.	0.1151E-15
2583.	0.1179E-15
2682.	0.1208E-15
2784.	0.1237E-15
2890.	0.1268E-15
3000.	0.1299E-15
 
 
C3    N2O    Excitation    0.073 eV                             
E/N (Td)	Energy loss coefficient (eV m3/s)
0.1000E-02	0.1348E-23
0.1038E-02	0.4626E-23
0.1078E-02	0.4992E-23
0.1119E-02	0.5386E-23
0.1161E-02	0.5811E-23
0.1205E-02	0.6269E-23
0.1251E-02	0.6762E-23
0.1299E-02	0.7293E-23
0.1349E-02	0.7866E-23
0.1400E-02	0.8483E-23
0.1453E-02	0.9149E-23
0.1509E-02	0.9865E-23
0.1566E-02	0.1064E-22
0.1626E-02	0.1147E-22
0.1688E-02	0.1237E-22
0.1752E-02	0.1333E-22
0.1819E-02	0.1438E-22
0.1888E-02	0.1550E-22
0.1960E-02	0.1671E-22
0.2034E-02	0.1801E-22
0.2112E-02	0.1942E-22
0.2192E-02	0.2093E-22
0.2276E-02	0.2257E-22
0.2362E-02	0.2433E-22
0.2452E-02	0.2622E-22
0.2546E-02	0.2826E-22
0.2643E-02	0.3047E-22
0.2743E-02	0.3284E-22
0.2848E-02	0.3540E-22
0.2956E-02	0.3815E-22
0.3069E-02	0.4112E-22
0.3186E-02	0.4433E-22
0.3307E-02	0.4778E-22
0.3433E-02	0.5150E-22
0.3564E-02	0.5550E-22
0.3700E-02	0.5983E-22
0.3841E-02	0.6448E-22
0.3987E-02	0.6950E-22
0.4139E-02	0.7491E-22
0.4296E-02	0.8074E-22
0.4460E-02	0.8703E-22
0.4630E-02	0.9380E-22
0.4806E-02	0.1011E-21
0.4989E-02	0.1090E-21
0.5179E-02	0.1175E-21
0.5377E-02	0.1266E-21
0.5581E-02	0.1365E-21
0.5794E-02	0.1471E-21
0.6015E-02	0.1586E-21
0.6244E-02	0.1709E-21
0.6481E-02	0.1843E-21
0.6728E-02	0.1986E-21
0.6985E-02	0.2141E-21
0.7251E-02	0.2308E-21
0.7527E-02	0.2489E-21
0.7813E-02	0.2683E-21
0.8111E-02	0.2893E-21
0.8420E-02	0.3119E-21
0.8741E-02	0.3362E-21
0.9073E-02	0.3625E-21
0.9419E-02	0.3909E-21
0.9778E-02	0.4215E-21
0.1015E-01	0.4546E-21
0.1054E-01	0.4902E-21
0.1094E-01	0.5287E-21
0.1135E-01	0.5702E-21
0.1179E-01	0.6150E-21
0.1224E-01	0.6633E-21
0.1270E-01	0.7156E-21
0.1319E-01	0.7719E-21
0.1369E-01	0.8328E-21
0.1421E-01	0.8986E-21
0.1475E-01	0.9696E-21
0.1531E-01	0.1046E-20
0.1590E-01	0.1129E-20
0.1650E-01	0.1219E-20
0.1713E-01	0.1316E-20
0.1778E-01	0.1421E-20
0.1846E-01	0.1534E-20
0.1916E-01	0.1656E-20
0.1989E-01	0.1789E-20
0.2065E-01	0.1932E-20
0.2144E-01	0.2087E-20
0.2225E-01	0.2255E-20
0.2310E-01	0.2437E-20
0.2398E-01	0.2633E-20
0.2489E-01	0.2847E-20
0.2584E-01	0.3077E-20
0.2682E-01	0.3327E-20
0.2785E-01	0.3598E-20
0.2891E-01	0.3892E-20
0.3001E-01	0.4210E-20
0.3115E-01	0.4555E-20
0.3234E-01	0.4930E-20
0.3357E-01	0.5335E-20
0.3485E-01	0.5775E-20
0.3617E-01	0.6252E-20
0.3755E-01	0.6770E-20
0.3898E-01	0.7331E-20
0.4047E-01	0.7940E-20
0.4201E-01	0.8600E-20
0.4361E-01	0.9317E-20
0.4527E-01	0.1009E-19
0.4699E-01	0.1093E-19
0.4878E-01	0.1185E-19
0.5064E-01	0.1284E-19
0.5257E-01	0.1391E-19
0.5457E-01	0.1507E-19
0.5665E-01	0.1633E-19
0.5881E-01	0.1769E-19
0.6105E-01	0.1916E-19
0.6337E-01	0.2076E-19
0.6579E-01	0.2248E-19
0.6829E-01	0.2435E-19
0.7089E-01	0.2637E-19
0.7359E-01	0.2855E-19
0.7640E-01	0.3090E-19
0.7931E-01	0.3345E-19
0.8233E-01	0.3619E-19
0.8546E-01	0.3916E-19
0.8872E-01	0.4235E-19
0.9210E-01	0.4581E-19
0.9560E-01	0.4953E-19
0.9924E-01	0.5354E-19
0.1030	0.5787E-19
0.1069	0.6253E-19
0.1110	0.6756E-19
0.1152	0.7298E-19
0.1196	0.7881E-19
0.1242	0.8510E-19
0.1289	0.9187E-19
0.1338	0.9916E-19
0.1389	0.1070E-18
0.1442	0.1155E-18
0.1497	0.1246E-18
0.1554	0.1344E-18
0.1613	0.1449E-18
0.1675	0.1563E-18
0.1739	0.1685E-18
0.1805	0.1817E-18
0.1874	0.1958E-18
0.1945	0.2111E-18
0.2019	0.2275E-18
0.2096	0.2452E-18
0.2176	0.2642E-18
0.2259	0.2846E-18
0.2345	0.3066E-18
0.2434	0.3302E-18
0.2527	0.3557E-18
0.2623	0.3830E-18
0.2723	0.4125E-18
0.2826	0.4441E-18
0.2934	0.4781E-18
0.3046	0.5147E-18
0.3162	0.5539E-18
0.3282	0.5961E-18
0.3407	0.6415E-18
0.3537	0.6901E-18
0.3672	0.7424E-18
0.3812	0.7984E-18
0.3957	0.8585E-18
0.4107	0.9230E-18
0.4264	0.9920E-18
0.4426	0.1066E-17
0.4595	0.1145E-17
0.4770	0.1230E-17
0.4952	0.1320E-17
0.5140	0.1417E-17
0.5336	0.1520E-17
0.5539	0.1630E-17
0.5750	0.1747E-17
0.5969	0.1871E-17
0.6196	0.2003E-17
0.6432	0.2143E-17
0.6677	0.2292E-17
0.6932	0.2449E-17
0.7196	0.2615E-17
0.7470	0.2790E-17
0.7754	0.2975E-17
0.8050	0.3169E-17
0.8356	0.3373E-17
0.8674	0.3586E-17
0.9005	0.3810E-17
0.9348	0.4043E-17
0.9704	0.4287E-17
1.007	0.4540E-17
1.046	0.4803E-17
1.086	0.5076E-17
1.127	0.5359E-17
1.170	0.5651E-17
1.214	0.5951E-17
1.261	0.6260E-17
1.309	0.6578E-17
1.358	0.6904E-17
1.410	0.7237E-17
1.464	0.7577E-17
1.520	0.7925E-17
1.578	0.8279E-17
1.638	0.8638E-17
1.700	0.9003E-17
1.765	0.9374E-17
1.832	0.9749E-17
1.902	0.1013E-16
1.974	0.1051E-16
2.049	0.1090E-16
2.127	0.1129E-16
2.208	0.1168E-16
2.293	0.1208E-16
2.380	0.1248E-16
2.470	0.1288E-16
2.565	0.1328E-16
2.662	0.1369E-16
2.764	0.1410E-16
2.869	0.1451E-16
2.978	0.1492E-16
3.092	0.1534E-16
3.209	0.1576E-16
3.332	0.1617E-16
3.458	0.1659E-16
3.590	0.1702E-16
3.727	0.1744E-16
3.869	0.1787E-16
4.016	0.1830E-16
4.169	0.1872E-16
4.328	0.1916E-16
4.493	0.1958E-16
4.664	0.2002E-16
4.841	0.2045E-16
5.026	0.2089E-16
5.217	0.2132E-16
5.416	0.2176E-16
5.622	0.2219E-16
5.836	0.2263E-16
6.059	0.2306E-16
6.289	0.2349E-16
6.529	0.2391E-16
6.778	0.2433E-16
7.036	0.2475E-16
7.304	0.2516E-16
7.582	0.2555E-16
7.871	0.2594E-16
8.170	0.2632E-16
8.482	0.2668E-16
8.805	0.2704E-16
9.140	0.2737E-16
9.488	0.2769E-16
9.849	0.2799E-16
10.22	0.2827E-16
10.61	0.2852E-16
11.02	0.2876E-16
11.44	0.2897E-16
11.87	0.2916E-16
12.33	0.2932E-16
12.80	0.2947E-16
13.28	0.2958E-16
13.79	0.2968E-16
14.31	0.2975E-16
14.86	0.2980E-16
15.42	0.2984E-16
16.01	0.2985E-16
16.62	0.2984E-16
17.25	0.2982E-16
17.91	0.2978E-16
18.59	0.2973E-16
19.30	0.2966E-16
20.04	0.2958E-16
20.80	0.2949E-16
21.59	0.2939E-16
22.42	0.2928E-16
23.27	0.2917E-16
24.16	0.2905E-16
25.08	0.2892E-16
26.03	0.2879E-16
27.02	0.2866E-16
28.05	0.2853E-16
29.12	0.2839E-16
30.23	0.2826E-16
31.38	0.2812E-16
32.57	0.2799E-16
33.82	0.2785E-16
35.10	0.2772E-16
36.44	0.2759E-16
37.83	0.2746E-16
39.27	0.2733E-16
40.76	0.2721E-16
42.32	0.2708E-16
43.93	0.2696E-16
45.60	0.2683E-16
47.34	0.2671E-16
49.14	0.2659E-16
51.01	0.2647E-16
52.96	0.2634E-16
54.97	0.2622E-16
57.07	0.2610E-16
59.24	0.2598E-16
61.50	0.2586E-16
63.84	0.2573E-16
66.27	0.2561E-16
68.79	0.2548E-16
71.41	0.2535E-16
74.13	0.2522E-16
76.96	0.2509E-16
79.89	0.2496E-16
82.93	0.2482E-16
86.09	0.2469E-16
89.37	0.2455E-16
92.77	0.2441E-16
96.31	0.2426E-16
99.97	0.2412E-16
103.8	0.2397E-16
107.7	0.2382E-16
111.8	0.2367E-16
116.1	0.2352E-16
120.5	0.2337E-16
125.1	0.2321E-16
129.9	0.2306E-16
134.8	0.2291E-16
140.0	0.2275E-16
145.3	0.2260E-16
150.8	0.2244E-16
156.6	0.2229E-16
162.5	0.2214E-16
168.7	0.2199E-16
175.1	0.2184E-16
181.8	0.2169E-16
188.7	0.2154E-16
195.9	0.2140E-16
203.4	0.2126E-16
211.1	0.2112E-16
219.2	0.2098E-16
227.5	0.2084E-16
236.2	0.2071E-16
245.2	0.2058E-16
254.5	0.2045E-16
264.2	0.2033E-16
274.3	0.2020E-16
284.7	0.2008E-16
295.6	0.1997E-16
306.8	0.1985E-16
318.5	0.1974E-16
330.6	0.1963E-16
343.2	0.1952E-16
356.3	0.1941E-16
369.9	0.1931E-16
384.0	0.1920E-16
398.6	0.1910E-16
413.8	0.1900E-16
429.5	0.1890E-16
445.9	0.1881E-16
462.9	0.1871E-16
480.5	0.1861E-16
498.8	0.1852E-16
517.8	0.1843E-16
537.5	0.1833E-16
558.0	0.1824E-16
579.2	0.1815E-16
601.3	0.1806E-16
624.2	0.1797E-16
648.0	0.1788E-16
672.6	0.1779E-16
698.3	0.1770E-16
724.9	0.1760E-16
752.5	0.1751E-16
781.1	0.1742E-16
810.9	0.1733E-16
841.8	0.1724E-16
873.8	0.1715E-16
907.1	0.1705E-16
941.6	0.1696E-16
977.5	0.1686E-16
1015.	0.1677E-16
1053.	0.1667E-16
1094.	0.1658E-16
1135.	0.1648E-16
1178.	0.1638E-16
1223.	0.1628E-16
1270.	0.1619E-16
1318.	0.1609E-16
1368.	0.1599E-16
1421.	0.1588E-16
1475.	0.1578E-16
1531.	0.1568E-16
1589.	0.1558E-16
1650.	0.1547E-16
1712.	0.1537E-16
1778.	0.1526E-16
1845.	0.1516E-16
1916.	0.1505E-16
1989.	0.1494E-16
2064.	0.1484E-16
2143.	0.1473E-16
2225.	0.1462E-16
2309.	0.1451E-16
2397.	0.1440E-16
2489.	0.1429E-16
2583.	0.1418E-16
2682.	0.1407E-16
2784.	0.1396E-16
2890.	0.1385E-16
3000.	0.1374E-16
 
 
C4    N2O    Excitation    0.16 eV                              
E/N (Td)	Energy loss coefficient (eV m3/s)
0.1000E-02	0.3452E-23
0.1038E-02	0.2326E-23
0.1078E-02	0.2513E-23
0.1119E-02	0.2714E-23
0.1161E-02	0.2930E-23
0.1205E-02	0.3164E-23
0.1251E-02	0.3415E-23
0.1299E-02	0.3686E-23
0.1349E-02	0.3978E-23
0.1400E-02	0.4293E-23
0.1453E-02	0.4632E-23
0.1509E-02	0.4998E-23
0.1566E-02	0.5392E-23
0.1626E-02	0.5816E-23
0.1688E-02	0.6273E-23
0.1752E-02	0.6766E-23
0.1819E-02	0.7297E-23
0.1888E-02	0.7869E-23
0.1960E-02	0.8485E-23
0.2034E-02	0.9150E-23
0.2112E-02	0.9865E-23
0.2192E-02	0.1064E-22
0.2276E-02	0.1147E-22
0.2362E-02	0.1236E-22
0.2452E-02	0.1333E-22
0.2546E-02	0.1437E-22
0.2643E-02	0.1549E-22
0.2743E-02	0.1669E-22
0.2848E-02	0.1799E-22
0.2956E-02	0.1940E-22
0.3069E-02	0.2090E-22
0.3186E-02	0.2253E-22
0.3307E-02	0.2428E-22
0.3433E-02	0.2617E-22
0.3564E-02	0.2820E-22
0.3700E-02	0.3039E-22
0.3841E-02	0.3275E-22
0.3987E-02	0.3530E-22
0.4139E-02	0.3803E-22
0.4296E-02	0.4098E-22
0.4460E-02	0.4416E-22
0.4630E-02	0.4759E-22
0.4806E-02	0.5127E-22
0.4989E-02	0.5524E-22
0.5179E-02	0.5952E-22
0.5377E-02	0.6412E-22
0.5581E-02	0.6908E-22
0.5794E-02	0.7443E-22
0.6015E-02	0.8018E-22
0.6244E-02	0.8637E-22
0.6481E-02	0.9304E-22
0.6728E-02	0.1002E-21
0.6985E-02	0.1079E-21
0.7251E-02	0.1163E-21
0.7527E-02	0.1252E-21
0.7813E-02	0.1348E-21
0.8111E-02	0.1452E-21
0.8420E-02	0.1564E-21
0.8741E-02	0.1684E-21
0.9073E-02	0.1813E-21
0.9419E-02	0.1952E-21
0.9778E-02	0.2101E-21
0.1015E-01	0.2262E-21
0.1054E-01	0.2435E-21
0.1094E-01	0.2620E-21
0.1135E-01	0.2820E-21
0.1179E-01	0.3034E-21
0.1224E-01	0.3265E-21
0.1270E-01	0.3512E-21
0.1319E-01	0.3778E-21
0.1369E-01	0.4064E-21
0.1421E-01	0.4370E-21
0.1475E-01	0.4699E-21
0.1531E-01	0.5051E-21
0.1590E-01	0.5429E-21
0.1650E-01	0.5835E-21
0.1713E-01	0.6269E-21
0.1778E-01	0.6735E-21
0.1846E-01	0.7233E-21
0.1916E-01	0.7767E-21
0.1989E-01	0.8338E-21
0.2065E-01	0.8949E-21
0.2144E-01	0.9601E-21
0.2225E-01	0.1030E-20
0.2310E-01	0.1104E-20
0.2398E-01	0.1184E-20
0.2489E-01	0.1269E-20
0.2584E-01	0.1359E-20
0.2682E-01	0.1456E-20
0.2785E-01	0.1559E-20
0.2891E-01	0.1668E-20
0.3001E-01	0.1784E-20
0.3115E-01	0.1908E-20
0.3234E-01	0.2040E-20
0.3357E-01	0.2180E-20
0.3485E-01	0.2328E-20
0.3617E-01	0.2486E-20
0.3755E-01	0.2654E-20
0.3898E-01	0.2831E-20
0.4047E-01	0.3020E-20
0.4201E-01	0.3220E-20
0.4361E-01	0.3432E-20
0.4527E-01	0.3657E-20
0.4699E-01	0.3896E-20
0.4878E-01	0.4149E-20
0.5064E-01	0.4418E-20
0.5257E-01	0.4704E-20
0.5457E-01	0.5008E-20
0.5665E-01	0.5330E-20
0.5881E-01	0.5674E-20
0.6105E-01	0.6040E-20
0.6337E-01	0.6430E-20
0.6579E-01	0.6847E-20
0.6829E-01	0.7291E-20
0.7089E-01	0.7767E-20
0.7359E-01	0.8277E-20
0.7640E-01	0.8823E-20
0.7931E-01	0.9408E-20
0.8233E-01	0.1004E-19
0.8546E-01	0.1071E-19
0.8872E-01	0.1144E-19
0.9210E-01	0.1223E-19
0.9560E-01	0.1307E-19
0.9924E-01	0.1398E-19
0.1030	0.1497E-19
0.1069	0.1603E-19
0.1110	0.1718E-19
0.1152	0.1843E-19
0.1196	0.1977E-19
0.1242	0.2123E-19
0.1289	0.2281E-19
0.1338	0.2451E-19
0.1389	0.2637E-19
0.1442	0.2837E-19
0.1497	0.3055E-19
0.1554	0.3291E-19
0.1613	0.3547E-19
0.1675	0.3825E-19
0.1739	0.4126E-19
0.1805	0.4453E-19
0.1874	0.4808E-19
0.1945	0.5194E-19
0.2019	0.5613E-19
0.2096	0.6068E-19
0.2176	0.6562E-19
0.2259	0.7100E-19
0.2345	0.7684E-19
0.2434	0.8319E-19
0.2527	0.9010E-19
0.2623	0.9763E-19
0.2723	0.1058E-18
0.2826	0.1147E-18
0.2934	0.1245E-18
0.3046	0.1351E-18
0.3162	0.1466E-18
0.3282	0.1593E-18
0.3407	0.1731E-18
0.3537	0.1881E-18
0.3672	0.2047E-18
0.3812	0.2228E-18
0.3957	0.2426E-18
0.4107	0.2644E-18
0.4264	0.2883E-18
0.4426	0.3146E-18
0.4595	0.3437E-18
0.4770	0.3757E-18
0.4952	0.4110E-18
0.5140	0.4501E-18
0.5336	0.4933E-18
0.5539	0.5412E-18
0.5750	0.5943E-18
0.5969	0.6533E-18
0.6196	0.7188E-18
0.6432	0.7916E-18
0.6677	0.8726E-18
0.6932	0.9626E-18
0.7196	0.1063E-17
0.7470	0.1174E-17
0.7754	0.1298E-17
0.8050	0.1435E-17
0.8356	0.1587E-17
0.8674	0.1756E-17
0.9005	0.1943E-17
0.9348	0.2150E-17
0.9704	0.2378E-17
1.007	0.2629E-17
1.046	0.2904E-17
1.086	0.3207E-17
1.127	0.3538E-17
1.170	0.3899E-17
1.214	0.4293E-17
1.261	0.4720E-17
1.309	0.5183E-17
1.358	0.5683E-17
1.410	0.6222E-17
1.464	0.6802E-17
1.520	0.7425E-17
1.578	0.8090E-17
1.638	0.8801E-17
1.700	0.9557E-17
1.765	0.1036E-16
1.832	0.1121E-16
1.902	0.1212E-16
1.974	0.1308E-16
2.049	0.1408E-16
2.127	0.1514E-16
2.208	0.1626E-16
2.293	0.1743E-16
2.380	0.1866E-16
2.470	0.1996E-16
2.565	0.2131E-16
2.662	0.2272E-16
2.764	0.2420E-16
2.869	0.2575E-16
2.978	0.2736E-16
3.092	0.2905E-16
3.209	0.3080E-16
3.332	0.3264E-16
3.458	0.3455E-16
3.590	0.3654E-16
3.727	0.3862E-16
3.869	0.4077E-16
4.016	0.4302E-16
4.169	0.4536E-16
4.328	0.4778E-16
4.493	0.5030E-16
4.664	0.5292E-16
4.841	0.5564E-16
5.026	0.5846E-16
5.217	0.6137E-16
5.416	0.6438E-16
5.622	0.6750E-16
5.836	0.7071E-16
6.059	0.7402E-16
6.289	0.7742E-16
6.529	0.8091E-16
6.778	0.8448E-16
7.036	0.8814E-16
7.304	0.9186E-16
7.582	0.9565E-16
7.871	0.9948E-16
8.170	0.1034E-15
8.482	0.1073E-15
8.805	0.1113E-15
9.140	0.1153E-15
9.488	0.1194E-15
9.849	0.1234E-15
10.22	0.1276E-15
10.61	0.1318E-15
11.02	0.1360E-15
11.44	0.1403E-15
11.87	0.1448E-15
12.33	0.1494E-15
12.80	0.1542E-15
13.28	0.1593E-15
13.79	0.1648E-15
14.31	0.1706E-15
14.86	0.1768E-15
15.42	0.1834E-15
16.01	0.1906E-15
16.62	0.1982E-15
17.25	0.2064E-15
17.91	0.2151E-15
18.59	0.2243E-15
19.30	0.2339E-15
20.04	0.2438E-15
20.80	0.2540E-15
21.59	0.2644E-15
22.42	0.2748E-15
23.27	0.2853E-15
24.16	0.2956E-15
25.08	0.3057E-15
26.03	0.3154E-15
27.02	0.3248E-15
28.05	0.3337E-15
29.12	0.3421E-15
30.23	0.3500E-15
31.38	0.3573E-15
32.57	0.3640E-15
33.82	0.3701E-15
35.10	0.3756E-15
36.44	0.3806E-15
37.83	0.3850E-15
39.27	0.3889E-15
40.76	0.3922E-15
42.32	0.3951E-15
43.93	0.3975E-15
45.60	0.3995E-15
47.34	0.4010E-15
49.14	0.4021E-15
51.01	0.4029E-15
52.96	0.4033E-15
54.97	0.4033E-15
57.07	0.4030E-15
59.24	0.4023E-15
61.50	0.4013E-15
63.84	0.4001E-15
66.27	0.3985E-15
68.79	0.3966E-15
71.41	0.3945E-15
74.13	0.3921E-15
76.96	0.3894E-15
79.89	0.3865E-15
82.93	0.3834E-15
86.09	0.3800E-15
89.37	0.3764E-15
92.77	0.3726E-15
96.31	0.3686E-15
99.97	0.3644E-15
103.8	0.3601E-15
107.7	0.3556E-15
111.8	0.3510E-15
116.1	0.3462E-15
120.5	0.3414E-15
125.1	0.3365E-15
129.9	0.3315E-15
134.8	0.3264E-15
140.0	0.3214E-15
145.3	0.3163E-15
150.8	0.3112E-15
156.6	0.3061E-15
162.5	0.3011E-15
168.7	0.2961E-15
175.1	0.2911E-15
181.8	0.2862E-15
188.7	0.2814E-15
195.9	0.2767E-15
203.4	0.2721E-15
211.1	0.2675E-15
219.2	0.2631E-15
227.5	0.2588E-15
236.2	0.2545E-15
245.2	0.2504E-15
254.5	0.2464E-15
264.2	0.2426E-15
274.3	0.2388E-15
284.7	0.2351E-15
295.6	0.2315E-15
306.8	0.2281E-15
318.5	0.2247E-15
330.6	0.2214E-15
343.2	0.2183E-15
356.3	0.2152E-15
369.9	0.2122E-15
384.0	0.2093E-15
398.6	0.2064E-15
413.8	0.2037E-15
429.5	0.2010E-15
445.9	0.1984E-15
462.9	0.1958E-15
480.5	0.1934E-15
498.8	0.1909E-15
517.8	0.1886E-15
537.5	0.1862E-15
558.0	0.1840E-15
579.2	0.1818E-15
601.3	0.1796E-15
624.2	0.1774E-15
648.0	0.1753E-15
672.6	0.1733E-15
698.3	0.1713E-15
724.9	0.1693E-15
752.5	0.1673E-15
781.1	0.1654E-15
810.9	0.1635E-15
841.8	0.1616E-15
873.8	0.1597E-15
907.1	0.1579E-15
941.6	0.1561E-15
977.5	0.1543E-15
1015.	0.1525E-15
1053.	0.1508E-15
1094.	0.1490E-15
1135.	0.1473E-15
1178.	0.1456E-15
1223.	0.1439E-15
1270.	0.1423E-15
1318.	0.1406E-15
1368.	0.1390E-15
1421.	0.1374E-15
1475.	0.1357E-15
1531.	0.1341E-15
1589.	0.1326E-15
1650.	0.1310E-15
1712.	0.1294E-15
1778.	0.1279E-15
1845.	0.1264E-15
1916.	0.1248E-15
1989.	0.1233E-15
2064.	0.1218E-15
2143.	0.1204E-15
2225.	0.1189E-15
2309.	0.1174E-15
2397.	0.1160E-15
2489.	0.1146E-15
2583.	0.1131E-15
2682.	0.1117E-15
2784.	0.1103E-15
2890.	0.1090E-15
3000.	0.1076E-15
 
 
C5    N2O    Excitation    0.28 eV                              
E/N (Td)	Energy loss coefficient (eV m3/s)
0.1000E-02	0.2640E-25
0.1038E-02	0.6329E-26
0.1078E-02	0.3118E-25
0.1119E-02	0.5795E-25
0.1161E-02	0.8681E-25
0.1205E-02	0.1179E-24
0.1251E-02	0.1514E-24
0.1299E-02	0.1875E-24
0.1349E-02	0.2264E-24
0.1400E-02	0.2684E-24
0.1453E-02	0.3135E-24
0.1509E-02	0.3622E-24
0.1566E-02	0.4147E-24
0.1626E-02	0.4712E-24
0.1688E-02	0.5321E-24
0.1752E-02	0.5978E-24
0.1819E-02	0.6685E-24
0.1888E-02	0.7448E-24
0.1960E-02	0.8269E-24
0.2034E-02	0.9154E-24
0.2112E-02	0.1011E-23
0.2192E-02	0.1114E-23
0.2276E-02	0.1224E-23
0.2362E-02	0.1344E-23
0.2452E-02	0.1472E-23
0.2546E-02	0.1611E-23
0.2643E-02	0.1760E-23
0.2743E-02	0.1921E-23
0.2848E-02	0.2094E-23
0.2956E-02	0.2281E-23
0.3069E-02	0.2482E-23
0.3186E-02	0.2699E-23
0.3307E-02	0.2933E-23
0.3433E-02	0.3184E-23
0.3564E-02	0.3455E-23
0.3700E-02	0.3748E-23
0.3841E-02	0.4062E-23
0.3987E-02	0.4401E-23
0.4139E-02	0.4767E-23
0.4296E-02	0.5161E-23
0.4460E-02	0.5585E-23
0.4630E-02	0.6041E-23
0.4806E-02	0.6534E-23
0.4989E-02	0.7064E-23
0.5179E-02	0.7635E-23
0.5377E-02	0.8250E-23
0.5581E-02	0.8913E-23
0.5794E-02	0.9626E-23
0.6015E-02	0.1040E-22
0.6244E-02	0.1122E-22
0.6481E-02	0.1211E-22
0.6728E-02	0.1308E-22
0.6985E-02	0.1411E-22
0.7251E-02	0.1522E-22
0.7527E-02	0.1642E-22
0.7813E-02	0.1771E-22
0.8111E-02	0.1910E-22
0.8420E-02	0.2060E-22
0.8741E-02	0.2221E-22
0.9073E-02	0.2394E-22
0.9419E-02	0.2581E-22
0.9778E-02	0.2782E-22
0.1015E-01	0.2998E-22
0.1054E-01	0.3230E-22
0.1094E-01	0.3480E-22
0.1135E-01	0.3749E-22
0.1179E-01	0.4039E-22
0.1224E-01	0.4350E-22
0.1270E-01	0.4684E-22
0.1319E-01	0.5044E-22
0.1369E-01	0.5430E-22
0.1421E-01	0.5846E-22
0.1475E-01	0.6292E-22
0.1531E-01	0.6771E-22
0.1590E-01	0.7286E-22
0.1650E-01	0.7838E-22
0.1713E-01	0.8431E-22
0.1778E-01	0.9067E-22
0.1846E-01	0.9750E-22
0.1916E-01	0.1048E-21
0.1989E-01	0.1127E-21
0.2065E-01	0.1211E-21
0.2144E-01	0.1300E-21
0.2225E-01	0.1397E-21
0.2310E-01	0.1500E-21
0.2398E-01	0.1610E-21
0.2489E-01	0.1728E-21
0.2584E-01	0.1853E-21
0.2682E-01	0.1987E-21
0.2785E-01	0.2130E-21
0.2891E-01	0.2283E-21
0.3001E-01	0.2445E-21
0.3115E-01	0.2618E-21
0.3234E-01	0.2802E-21
0.3357E-01	0.2998E-21
0.3485E-01	0.3205E-21
0.3617E-01	0.3425E-21
0.3755E-01	0.3659E-21
0.3898E-01	0.3905E-21
0.4047E-01	0.4167E-21
0.4201E-01	0.4443E-21
0.4361E-01	0.4734E-21
0.4527E-01	0.5041E-21
0.4699E-01	0.5365E-21
0.4878E-01	0.5706E-21
0.5064E-01	0.6065E-21
0.5257E-01	0.6442E-21
0.5457E-01	0.6837E-21
0.5665E-01	0.7253E-21
0.5881E-01	0.7689E-21
0.6105E-01	0.8145E-21
0.6337E-01	0.8624E-21
0.6579E-01	0.9126E-21
0.6829E-01	0.9652E-21
0.7089E-01	0.1020E-20
0.7359E-01	0.1078E-20
0.7640E-01	0.1138E-20
0.7931E-01	0.1202E-20
0.8233E-01	0.1268E-20
0.8546E-01	0.1338E-20
0.8872E-01	0.1412E-20
0.9210E-01	0.1489E-20
0.9560E-01	0.1570E-20
0.9924E-01	0.1656E-20
0.1030	0.1747E-20
0.1069	0.1843E-20
0.1110	0.1944E-20
0.1152	0.2052E-20
0.1196	0.2166E-20
0.1242	0.2287E-20
0.1289	0.2417E-20
0.1338	0.2554E-20
0.1389	0.2702E-20
0.1442	0.2859E-20
0.1497	0.3027E-20
0.1554	0.3208E-20
0.1613	0.3402E-20
0.1675	0.3610E-20
0.1739	0.3835E-20
0.1805	0.4077E-20
0.1874	0.4338E-20
0.1945	0.4620E-20
0.2019	0.4926E-20
0.2096	0.5257E-20
0.2176	0.5617E-20
0.2259	0.6008E-20
0.2345	0.6434E-20
0.2434	0.6899E-20
0.2527	0.7406E-20
0.2623	0.7961E-20
0.2723	0.8570E-20
0.2826	0.9238E-20
0.2934	0.9973E-20
0.3046	0.1078E-19
0.3162	0.1168E-19
0.3282	0.1266E-19
0.3407	0.1376E-19
0.3537	0.1498E-19
0.3672	0.1633E-19
0.3812	0.1783E-19
0.3957	0.1952E-19
0.4107	0.2140E-19
0.4264	0.2351E-19
0.4426	0.2589E-19
0.4595	0.2856E-19
0.4770	0.3159E-19
0.4952	0.3502E-19
0.5140	0.3893E-19
0.5336	0.4338E-19
0.5539	0.4848E-19
0.5750	0.5434E-19
0.5969	0.6110E-19
0.6196	0.6893E-19
0.6432	0.7803E-19
0.6677	0.8865E-19
0.6932	0.1011E-18
0.7196	0.1157E-18
0.7470	0.1330E-18
0.7754	0.1534E-18
0.8050	0.1776E-18
0.8356	0.2065E-18
0.8674	0.2408E-18
0.9005	0.2819E-18
0.9348	0.3308E-18
0.9704	0.3894E-18
1.007	0.4593E-18
1.046	0.5428E-18
1.086	0.6423E-18
1.127	0.7611E-18
1.170	0.9020E-18
1.214	0.1069E-17
1.261	0.1267E-17
1.309	0.1500E-17
1.358	0.1774E-17
1.410	0.2095E-17
1.464	0.2470E-17
1.520	0.2909E-17
1.578	0.3417E-17
1.638	0.4004E-17
1.700	0.4681E-17
1.765	0.5459E-17
1.832	0.6350E-17
1.902	0.7367E-17
1.974	0.8526E-17
2.049	0.9840E-17
2.127	0.1133E-16
2.208	0.1301E-16
2.293	0.1489E-16
2.380	0.1702E-16
2.470	0.1940E-16
2.565	0.2205E-16
2.662	0.2501E-16
2.764	0.2830E-16
2.869	0.3195E-16
2.978	0.3601E-16
3.092	0.4049E-16
3.209	0.4543E-16
3.332	0.5088E-16
3.458	0.5687E-16
3.590	0.6346E-16
3.727	0.7068E-16
3.869	0.7858E-16
4.016	0.8722E-16
4.169	0.9664E-16
4.328	0.1069E-15
4.493	0.1181E-15
4.664	0.1302E-15
4.841	0.1433E-15
5.026	0.1575E-15
5.217	0.1728E-15
5.416	0.1892E-15
5.622	0.2069E-15
5.836	0.2259E-15
6.059	0.2462E-15
6.289	0.2678E-15
6.529	0.2908E-15
6.778	0.3152E-15
7.036	0.3409E-15
7.304	0.3680E-15
7.582	0.3965E-15
7.871	0.4264E-15
8.170	0.4573E-15
8.482	0.4894E-15
8.805	0.5228E-15
9.140	0.5569E-15
9.488	0.5919E-15
9.849	0.6275E-15
10.22	0.6644E-15
10.61	0.7010E-15
11.02	0.7378E-15
11.44	0.7747E-15
11.87	0.8116E-15
12.33	0.8474E-15
12.80	0.8840E-15
13.28	0.9201E-15
13.79	0.9559E-15
14.31	0.9912E-15
14.86	0.1026E-14
15.42	0.1060E-14
16.01	0.1094E-14
16.62	0.1127E-14
17.25	0.1159E-14
17.91	0.1192E-14
18.59	0.1223E-14
19.30	0.1253E-14
20.04	0.1283E-14
20.80	0.1312E-14
21.59	0.1340E-14
22.42	0.1367E-14
23.27	0.1394E-14
24.16	0.1419E-14
25.08	0.1443E-14
26.03	0.1466E-14
27.02	0.1487E-14
28.05	0.1508E-14
29.12	0.1527E-14
30.23	0.1545E-14
31.38	0.1561E-14
32.57	0.1576E-14
33.82	0.1590E-14
35.10	0.1603E-14
36.44	0.1615E-14
37.83	0.1625E-14
39.27	0.1635E-14
40.76	0.1643E-14
42.32	0.1651E-14
43.93	0.1657E-14
45.60	0.1663E-14
47.34	0.1668E-14
49.14	0.1672E-14
51.01	0.1675E-14
52.96	0.1678E-14
54.97	0.1680E-14
57.07	0.1681E-14
59.24	0.1681E-14
61.50	0.1681E-14
63.84	0.1681E-14
66.27	0.1679E-14
68.79	0.1677E-14
71.41	0.1675E-14
74.13	0.1671E-14
76.96	0.1668E-14
79.89	0.1663E-14
82.93	0.1658E-14
86.09	0.1653E-14
89.37	0.1647E-14
92.77	0.1641E-14
96.31	0.1634E-14
99.97	0.1626E-14
103.8	0.1619E-14
107.7	0.1610E-14
111.8	0.1602E-14
116.1	0.1593E-14
120.5	0.1583E-14
125.1	0.1574E-14
129.9	0.1564E-14
134.8	0.1554E-14
140.0	0.1544E-14
145.3	0.1533E-14
150.8	0.1522E-14
156.6	0.1512E-14
162.5	0.1501E-14
168.7	0.1490E-14
175.1	0.1479E-14
181.8	0.1469E-14
188.7	0.1458E-14
195.9	0.1447E-14
203.4	0.1437E-14
211.1	0.1426E-14
219.2	0.1416E-14
227.5	0.1406E-14
236.2	0.1396E-14
245.2	0.1386E-14
254.5	0.1376E-14
264.2	0.1367E-14
274.3	0.1358E-14
284.7	0.1348E-14
295.6	0.1339E-14
306.8	0.1331E-14
318.5	0.1322E-14
330.6	0.1314E-14
343.2	0.1305E-14
356.3	0.1297E-14
369.9	0.1289E-14
384.0	0.1281E-14
398.6	0.1273E-14
413.8	0.1266E-14
429.5	0.1258E-14
445.9	0.1251E-14
462.9	0.1244E-14
480.5	0.1236E-14
498.8	0.1229E-14
517.8	0.1222E-14
537.5	0.1215E-14
558.0	0.1208E-14
579.2	0.1201E-14
601.3	0.1194E-14
624.2	0.1188E-14
648.0	0.1181E-14
672.6	0.1174E-14
698.3	0.1167E-14
724.9	0.1161E-14
752.5	0.1154E-14
781.1	0.1147E-14
810.9	0.1140E-14
841.8	0.1134E-14
873.8	0.1127E-14
907.1	0.1120E-14
941.6	0.1113E-14
977.5	0.1106E-14
1015.	0.1099E-14
1053.	0.1092E-14
1094.	0.1085E-14
1135.	0.1078E-14
1178.	0.1071E-14
1223.	0.1064E-14
1270.	0.1057E-14
1318.	0.1050E-14
1368.	0.1042E-14
1421.	0.1035E-14
1475.	0.1028E-14
1531.	0.1020E-14
1589.	0.1013E-14
1650.	0.1005E-14
1712.	0.9980E-15
1778.	0.9904E-15
1845.	0.9829E-15
1916.	0.9752E-15
1989.	0.9676E-15
2064.	0.9598E-15
2143.	0.9521E-15
2225.	0.9443E-15
2309.	0.9364E-15
2397.	0.9286E-15
2489.	0.9206E-15
2583.	0.9127E-15
2682.	0.9047E-15
2784.	0.8966E-15
2890.	0.8886E-15
3000.	0.8805E-15
 
 
C6    N2O    Excitation    4.05 eV                              
E/N (Td)	Energy loss coefficient (eV m3/s)
0.1000E-02	-0.2306E-81
0.1038E-02	-0.2306E-81
0.1078E-02	-0.2306E-81
0.1119E-02	-0.2306E-81
0.1161E-02	-0.2306E-81
0.1205E-02	-0.2306E-81
0.1251E-02	-0.2306E-81
0.1299E-02	-0.2306E-81
0.1349E-02	-0.2306E-81
0.1400E-02	-0.2306E-81
0.1453E-02	-0.2306E-81
0.1509E-02	-0.2306E-81
0.1566E-02	-0.2306E-81
0.1626E-02	-0.2306E-81
0.1688E-02	-0.2306E-81
0.1752E-02	-0.2306E-81
0.1819E-02	-0.2306E-81
0.1888E-02	-0.2306E-81
0.1960E-02	-0.2306E-81
0.2034E-02	-0.2306E-81
0.2112E-02	-0.2306E-81
0.2192E-02	-0.2306E-81
0.2276E-02	-0.2306E-81
0.2362E-02	-0.2306E-81
0.2452E-02	-0.2306E-81
0.2546E-02	-0.2306E-81
0.2643E-02	-0.2306E-81
0.2743E-02	-0.2306E-81
0.2848E-02	-0.2306E-81
0.2956E-02	-0.2306E-81
0.3069E-02	-0.2306E-81
0.3186E-02	-0.2306E-81
0.3307E-02	-0.2306E-81
0.3433E-02	-0.2306E-81
0.3564E-02	-0.2306E-81
0.3700E-02	-0.2306E-81
0.3841E-02	-0.2306E-81
0.3987E-02	-0.2306E-81
0.4139E-02	-0.2306E-81
0.4296E-02	-0.2306E-81
0.4460E-02	-0.2306E-81
0.4630E-02	-0.2306E-81
0.4806E-02	-0.2306E-81
0.4989E-02	-0.2306E-81
0.5179E-02	-0.2306E-81
0.5377E-02	-0.2306E-81
0.5581E-02	-0.2306E-81
0.5794E-02	-0.2306E-81
0.6015E-02	-0.2306E-81
0.6244E-02	-0.2306E-81
0.6481E-02	-0.2306E-81
0.6728E-02	-0.2306E-81
0.6985E-02	-0.2306E-81
0.7251E-02	-0.2306E-81
0.7527E-02	-0.2306E-81
0.7813E-02	-0.2306E-81
0.8111E-02	-0.2306E-81
0.8420E-02	-0.2306E-81
0.8741E-02	-0.2306E-81
0.9073E-02	-0.2306E-81
0.9419E-02	-0.2306E-81
0.9778E-02	-0.2306E-81
0.1015E-01	-0.2306E-81
0.1054E-01	-0.2307E-81
0.1094E-01	-0.2307E-81
0.1135E-01	-0.2307E-81
0.1179E-01	-0.2307E-81
0.1224E-01	-0.2307E-81
0.1270E-01	-0.2307E-81
0.1319E-01	-0.2307E-81
0.1369E-01	-0.2307E-81
0.1421E-01	-0.2307E-81
0.1475E-01	-0.2307E-81
0.1531E-01	-0.2308E-81
0.1590E-01	-0.2308E-81
0.1650E-01	-0.2308E-81
0.1713E-01	-0.2308E-81
0.1778E-01	-0.2308E-81
0.1846E-01	-0.2308E-81
0.1916E-01	-0.2309E-81
0.1989E-01	-0.2309E-81
0.2065E-01	-0.2309E-81
0.2144E-01	-0.2309E-81
0.2225E-01	-0.2309E-81
0.2310E-01	-0.2310E-81
0.2398E-01	-0.2310E-81
0.2489E-01	-0.2310E-81
0.2584E-01	-0.2311E-81
0.2682E-01	-0.2311E-81
0.2785E-01	-0.2311E-81
0.2891E-01	-0.2312E-81
0.3001E-01	-0.2312E-81
0.3115E-01	-0.2313E-81
0.3234E-01	-0.2313E-81
0.3357E-01	-0.2313E-81
0.3485E-01	-0.2314E-81
0.3617E-01	-0.2314E-81
0.3755E-01	-0.2315E-81
0.3898E-01	-0.2316E-81
0.4047E-01	-0.2316E-81
0.4201E-01	-0.2317E-81
0.4361E-01	-0.2317E-81
0.4527E-01	-0.2318E-81
0.4699E-01	-0.2319E-81
0.4878E-01	-0.2319E-81
0.5064E-01	-0.2320E-81
0.5257E-01	-0.2321E-81
0.5457E-01	-0.2322E-81
0.5665E-01	-0.2322E-81
0.5881E-01	-0.2323E-81
0.6105E-01	-0.2324E-81
0.6337E-01	-0.2325E-81
0.6579E-01	-0.2326E-81
0.6829E-01	-0.2327E-81
0.7089E-01	-0.2328E-81
0.7359E-01	-0.2328E-81
0.7640E-01	-0.2329E-81
0.7931E-01	-0.2330E-81
0.8233E-01	-0.2331E-81
0.8546E-01	-0.2332E-81
0.8872E-01	-0.2334E-81
0.9210E-01	-0.2335E-81
0.9560E-01	-0.2336E-81
0.9924E-01	-0.2337E-81
0.1030	-0.2338E-81
0.1069	-0.2339E-81
0.1110	-0.2341E-81
0.1152	-0.2342E-81
0.1196	-0.2344E-81
0.1242	-0.2345E-81
0.1289	-0.2347E-81
0.1338	-0.2348E-81
0.1389	-0.2350E-81
0.1442	-0.2352E-81
0.1497	-0.2354E-81
0.1554	-0.2356E-81
0.1613	-0.2358E-81
0.1675	-0.2360E-81
0.1739	-0.2363E-81
0.1805	-0.2365E-81
0.1874	-0.2368E-81
0.1945	-0.2371E-81
0.2019	-0.2373E-81
0.2096	-0.2377E-81
0.2176	-0.2380E-81
0.2259	-0.2383E-81
0.2345	-0.2387E-81
0.2434	-0.2391E-81
0.2527	-0.2395E-81
0.2623	-0.2400E-81
0.2723	-0.2404E-81
0.2826	-0.2409E-81
0.2934	-0.2414E-81
0.3046	-0.2420E-81
0.3162	-0.2426E-81
0.3282	-0.2432E-81
0.3407	-0.2438E-81
0.3537	-0.2445E-81
0.3672	-0.2452E-81
0.3812	-0.2459E-81
0.3957	-0.2467E-81
0.4107	-0.2476E-81
0.4264	-0.2484E-81
0.4426	-0.2493E-81
0.4595	-0.2503E-81
0.4770	-0.2513E-81
0.4952	-0.2524E-81
0.5140	-0.2535E-81
0.5336	-0.2547E-81
0.5539	-0.2559E-81
0.5750	-0.2572E-81
0.5969	-0.2585E-81
0.6196	-0.2599E-81
0.6432	-0.2614E-81
0.6677	-0.2629E-81
0.6932	-0.2645E-81
0.7196	-0.2662E-81
0.7470	-0.2679E-81
0.7754	-0.2698E-81
0.8050	-0.2717E-81
0.8356	-0.2736E-81
0.8674	-0.2757E-81
0.9005	-0.2778E-81
0.9348	-0.2800E-81
0.9704	-0.2823E-81
1.007	-0.2846E-81
1.046	-0.2870E-81
1.086	-0.2896E-81
1.127	-0.2921E-81
1.170	-0.2948E-81
1.214	-0.2976E-81
1.261	-0.3004E-81
1.309	-0.3033E-81
1.358	-0.3063E-81
1.410	-0.3093E-81
1.464	-0.3125E-81
1.520	-0.3157E-81
1.578	-0.3190E-81
1.638	-0.3224E-81
1.700	-0.3258E-81
1.765	-0.3293E-81
1.832	-0.3329E-81
1.902	-0.3365E-81
1.974	-0.3402E-81
2.049	-0.3440E-81
2.127	-0.3479E-81
2.208	-0.3519E-81
2.293	-0.3559E-81
2.380	-0.3601E-81
2.470	-0.3643E-81
2.565	-0.3686E-81
2.662	-0.3731E-81
2.764	-0.3776E-81
2.869	-0.3823E-81
2.978	-0.3871E-81
3.092	-0.3920E-81
3.209	-0.3971E-81
3.332	-0.4023E-81
3.458	-0.4077E-81
3.590	-0.4133E-81
3.727	-0.4191E-81
3.869	-0.4250E-81
4.016	-0.4312E-81
4.169	-0.4376E-81
4.328	-0.4443E-81
4.493	-0.4512E-81
4.664	-0.4584E-81
4.841	-0.4659E-81
5.026	-0.4737E-81
5.217	-0.4819E-81
5.416	-0.4904E-81
5.622	-0.4993E-81
5.836	-0.5086E-81
6.059	-0.5183E-81
6.289	-0.5284E-81
6.529	-0.5388E-81
6.778	-0.5497E-81
7.036	-0.5610E-81
7.304	-0.5727E-81
7.582	-0.5848E-81
7.871	0.9051E-24
8.170	0.2646E-23
8.482	0.7422E-23
8.805	0.3201E-22
9.140	0.8463E-22
9.488	0.2152E-21
9.849	0.5271E-21
10.22	0.1251E-20
10.61	0.2846E-20
11.02	0.6252E-20
11.44	0.1327E-19
11.87	0.2724E-19
12.33	0.5420E-19
12.80	0.1043E-18
13.28	0.1947E-18
13.79	0.3528E-18
14.31	0.6209E-18
14.86	0.1065E-17
15.42	0.1774E-17
16.01	0.2878E-17
16.62	0.4555E-17
17.25	0.7035E-17
17.91	0.1063E-16
18.59	0.1568E-16
19.30	0.2265E-16
20.04	0.3204E-16
20.80	0.4444E-16
21.59	0.6051E-16
22.42	0.8094E-16
23.27	0.1065E-15
24.16	0.1379E-15
25.08	0.1759E-15
26.03	0.2213E-15
27.02	0.2749E-15
28.05	0.3374E-15
29.12	0.4094E-15
30.23	0.4917E-15
31.38	0.5850E-15
32.57	0.6898E-15
33.82	0.8068E-15
35.10	0.9368E-15
36.44	0.1080E-14
37.83	0.1238E-14
39.27	0.1411E-14
40.76	0.1599E-14
42.32	0.1804E-14
43.93	0.2025E-14
45.60	0.2265E-14
47.34	0.2524E-14
49.14	0.2802E-14
51.01	0.3101E-14
52.96	0.3421E-14
54.97	0.3764E-14
57.07	0.4130E-14
59.24	0.4520E-14
61.50	0.4935E-14
63.84	0.5376E-14
66.27	0.5843E-14
68.79	0.6337E-14
71.41	0.6859E-14
74.13	0.7409E-14
76.96	0.7986E-14
79.89	0.8592E-14
82.93	0.9226E-14
86.09	0.9887E-14
89.37	0.1057E-13
92.77	0.1129E-13
96.31	0.1203E-13
99.97	0.1279E-13
103.8	0.1357E-13
107.7	0.1438E-13
111.8	0.1520E-13
116.1	0.1603E-13
120.5	0.1688E-13
125.1	0.1774E-13
129.9	0.1861E-13
134.8	0.1948E-13
140.0	0.2035E-13
145.3	0.2123E-13
150.8	0.2210E-13
156.6	0.2296E-13
162.5	0.2382E-13
168.7	0.2466E-13
175.1	0.2549E-13
181.8	0.2631E-13
188.7	0.2711E-13
195.9	0.2789E-13
203.4	0.2865E-13
211.1	0.2939E-13
219.2	0.3011E-13
227.5	0.3080E-13
236.2	0.3147E-13
245.2	0.3212E-13
254.5	0.3274E-13
264.2	0.3334E-13
274.3	0.3391E-13
284.7	0.3446E-13
295.6	0.3499E-13
306.8	0.3549E-13
318.5	0.3597E-13
330.6	0.3642E-13
343.2	0.3686E-13
356.3	0.3727E-13
369.9	0.3766E-13
384.0	0.3803E-13
398.6	0.3837E-13
413.8	0.3870E-13
429.5	0.3901E-13
445.9	0.3930E-13
462.9	0.3957E-13
480.5	0.3982E-13
498.8	0.4005E-13
517.8	0.4027E-13
537.5	0.4047E-13
558.0	0.4065E-13
579.2	0.4082E-13
601.3	0.4097E-13
624.2	0.4110E-13
648.0	0.4122E-13
672.6	0.4132E-13
698.3	0.4141E-13
724.9	0.4148E-13
752.5	0.4154E-13
781.1	0.4159E-13
810.9	0.4162E-13
841.8	0.4163E-13
873.8	0.4164E-13
907.1	0.4162E-13
941.6	0.4160E-13
977.5	0.4156E-13
1015.	0.4151E-13
1053.	0.4144E-13
1094.	0.4136E-13
1135.	0.4126E-13
1178.	0.4115E-13
1223.	0.4103E-13
1270.	0.4090E-13
1318.	0.4075E-13
1368.	0.4059E-13
1421.	0.4042E-13
1475.	0.4023E-13
1531.	0.4003E-13
1589.	0.3981E-13
1650.	0.3959E-13
1712.	0.3935E-13
1778.	0.3910E-13
1845.	0.3884E-13
1916.	0.3856E-13
1989.	0.3827E-13
2064.	0.3797E-13
2143.	0.3766E-13
2225.	0.3734E-13
2309.	0.3701E-13
2397.	0.3667E-13
2489.	0.3631E-13
2583.	0.3595E-13
2682.	0.3558E-13
2784.	0.3520E-13
2890.	0.3481E-13
3000.	0.3441E-13
 
 
C7    N2O    Excitation    8.50 eV                              
E/N (Td)	Energy loss coefficient (eV m3/s)
0.1000E-02	-0.6589-157
0.1038E-02	-0.6594-157
0.1078E-02	-0.6594-157
0.1119E-02	-0.6594-157
0.1161E-02	-0.6594-157
0.1205E-02	-0.6594-157
0.1251E-02	-0.6594-157
0.1299E-02	-0.6594-157
0.1349E-02	-0.6594-157
0.1400E-02	-0.6594-157
0.1453E-02	-0.6594-157
0.1509E-02	-0.6594-157
0.1566E-02	-0.6594-157
0.1626E-02	-0.6594-157
0.1688E-02	-0.6594-157
0.1752E-02	-0.6594-157
0.1819E-02	-0.6594-157
0.1888E-02	-0.6594-157
0.1960E-02	-0.6594-157
0.2034E-02	-0.6594-157
0.2112E-02	-0.6594-157
0.2192E-02	-0.6594-157
0.2276E-02	-0.6594-157
0.2362E-02	-0.6594-157
0.2452E-02	-0.6594-157
0.2546E-02	-0.6594-157
0.2643E-02	-0.6594-157
0.2743E-02	-0.6594-157
0.2848E-02	-0.6594-157
0.2956E-02	-0.6594-157
0.3069E-02	-0.6595-157
0.3186E-02	-0.6595-157
0.3307E-02	-0.6595-157
0.3433E-02	-0.6595-157
0.3564E-02	-0.6595-157
0.3700E-02	-0.6595-157
0.3841E-02	-0.6595-157
0.3987E-02	-0.6595-157
0.4139E-02	-0.6595-157
0.4296E-02	-0.6595-157
0.4460E-02	-0.6595-157
0.4630E-02	-0.6595-157
0.4806E-02	-0.6595-157
0.4989E-02	-0.6595-157
0.5179E-02	-0.6595-157
0.5377E-02	-0.6595-157
0.5581E-02	-0.6595-157
0.5794E-02	-0.6595-157
0.6015E-02	-0.6595-157
0.6244E-02	-0.6595-157
0.6481E-02	-0.6595-157
0.6728E-02	-0.6595-157
0.6985E-02	-0.6595-157
0.7251E-02	-0.6596-157
0.7527E-02	-0.6596-157
0.7813E-02	-0.6596-157
0.8111E-02	-0.6596-157
0.8420E-02	-0.6596-157
0.8741E-02	-0.6596-157
0.9073E-02	-0.6596-157
0.9419E-02	-0.6596-157
0.9778E-02	-0.6597-157
0.1015E-01	-0.6597-157
0.1054E-01	-0.6597-157
0.1094E-01	-0.6597-157
0.1135E-01	-0.6597-157
0.1179E-01	-0.6598-157
0.1224E-01	-0.6598-157
0.1270E-01	-0.6598-157
0.1319E-01	-0.6598-157
0.1369E-01	-0.6599-157
0.1421E-01	-0.6599-157
0.1475E-01	-0.6599-157
0.1531E-01	-0.6600-157
0.1590E-01	-0.6600-157
0.1650E-01	-0.6601-157
0.1713E-01	-0.6601-157
0.1778E-01	-0.6602-157
0.1846E-01	-0.6602-157
0.1916E-01	-0.6603-157
0.1989E-01	-0.6603-157
0.2065E-01	-0.6604-157
0.2144E-01	-0.6605-157
0.2225E-01	-0.6605-157
0.2310E-01	-0.6606-157
0.2398E-01	-0.6607-157
0.2489E-01	-0.6608-157
0.2584E-01	-0.6609-157
0.2682E-01	-0.6610-157
0.2785E-01	-0.6611-157
0.2891E-01	-0.6612-157
0.3001E-01	-0.6613-157
0.3115E-01	-0.6614-157
0.3234E-01	-0.6615-157
0.3357E-01	-0.6617-157
0.3485E-01	-0.6618-157
0.3617E-01	-0.6619-157
0.3755E-01	-0.6621-157
0.3898E-01	-0.6623-157
0.4047E-01	-0.6624-157
0.4201E-01	-0.6626-157
0.4361E-01	-0.6628-157
0.4527E-01	-0.6630-157
0.4699E-01	-0.6631-157
0.4878E-01	-0.6633-157
0.5064E-01	-0.6635-157
0.5257E-01	-0.6638-157
0.5457E-01	-0.6640-157
0.5665E-01	-0.6642-157
0.5881E-01	-0.6644-157
0.6105E-01	-0.6647-157
0.6337E-01	-0.6649-157
0.6579E-01	-0.6651-157
0.6829E-01	-0.6654-157
0.7089E-01	-0.6657-157
0.7359E-01	-0.6659-157
0.7640E-01	-0.6662-157
0.7931E-01	-0.6664-157
0.8233E-01	-0.6667-157
0.8546E-01	-0.6670-157
0.8872E-01	-0.6673-157
0.9210E-01	-0.6676-157
0.9560E-01	-0.6679-157
0.9924E-01	-0.6682-157
0.1030	-0.6686-157
0.1069	-0.6689-157
0.1110	-0.6693-157
0.1152	-0.6697-157
0.1196	-0.6701-157
0.1242	-0.6705-157
0.1289	-0.6710-157
0.1338	-0.6714-157
0.1389	-0.6719-157
0.1442	-0.6724-157
0.1497	-0.6730-157
0.1554	-0.6735-157
0.1613	-0.6741-157
0.1675	-0.6748-157
0.1739	-0.6754-157
0.1805	-0.6761-157
0.1874	-0.6769-157
0.1945	-0.6777-157
0.2019	-0.6785-157
0.2096	-0.6793-157
0.2176	-0.6803-157
0.2259	-0.6813-157
0.2345	-0.6823-157
0.2434	-0.6834-157
0.2527	-0.6846-157
0.2623	-0.6858-157
0.2723	-0.6871-157
0.2826	-0.6884-157
0.2934	-0.6899-157
0.3046	-0.6913-157
0.3162	-0.6930-157
0.3282	-0.6945-157
0.3407	-0.6963-157
0.3537	-0.6982-157
0.3672	-0.7002-157
0.3812	-0.7023-157
0.3957	-0.7046-157
0.4107	-0.7069-157
0.4264	-0.7094-157
0.4426	-0.7120-157
0.4595	-0.7147-157
0.4770	-0.7176-157
0.4952	-0.7206-157
0.5140	-0.7237-157
0.5336	-0.7270-157
0.5539	-0.7305-157
0.5750	-0.7341-157
0.5969	-0.7379-157
0.6196	-0.7419-157
0.6432	-0.7461-157
0.6677	-0.7504-157
0.6932	-0.7549-157
0.7196	-0.7597-157
0.7470	-0.7646-157
0.7754	-0.7697-157
0.8050	-0.7751-157
0.8356	-0.7806-157
0.8674	-0.7864-157
0.9005	-0.7924-157
0.9348	-0.7986-157
0.9704	-0.8050-157
1.007	-0.8117-157
1.046	-0.8186-157
1.086	-0.8257-157
1.127	-0.8330-157
1.170	-0.8406-157
1.214	-0.8484-157
1.261	-0.8564-157
1.309	-0.8646-157
1.358	-0.8731-157
1.410	-0.8817-157
1.464	-0.8906-157
1.520	-0.8998-157
1.578	-0.9091-157
1.638	-0.9186-157
1.700	-0.9283-157
1.765	-0.9382-157
1.832	-0.9483-157
1.902	-0.9586-157
1.974	-0.9691-157
2.049	-0.9798-157
2.127	-0.9907-157
2.208	-0.1002-156
2.293	-0.1013-156
2.380	-0.1025-156
2.470	-0.1036-156
2.565	-0.1049-156
2.662	-0.1061-156
2.764	-0.1073-156
2.869	-0.1086-156
2.978	-0.1099-156
3.092	-0.1112-156
3.209	-0.1126-156
3.332	-0.1140-156
3.458	-0.1154-156
3.590	-0.1169-156
3.727	-0.1184-156
3.869	-0.1200-156
4.016	-0.1215-156
4.169	-0.1232-156
4.328	-0.1249-156
4.493	-0.1266-156
4.664	-0.1284-156
4.841	-0.1302-156
5.026	-0.1321-156
5.217	-0.1340-156
5.416	-0.1361-156
5.622	-0.1381-156
5.836	-0.1403-156
6.059	-0.1425-156
6.289	-0.1448-156
6.529	-0.1472-156
6.778	-0.1497-156
7.036	-0.1522-156
7.304	-0.1548-156
7.582	-0.1576-156
7.871	-0.1604-156
8.170	-0.1633-156
8.482	-0.1663-156
8.805	-0.1694-156
9.140	-0.1725-156
9.488	-0.1758-156
9.849	-0.1792-156
10.22	-0.1827-156
10.61	-0.1862-156
11.02	-0.1899-156
11.44	-0.1936-156
11.87	-0.1974-156
12.33	-0.2013-156
12.80	-0.2053-156
13.28	-0.2093-156
13.79	-0.2135-156
14.31	-0.2177-156
14.86	0.1230E-26
15.42	0.3751E-26
16.01	0.1087E-25
16.62	0.2996E-25
17.25	0.7877E-25
17.91	0.1074E-23
18.59	0.2719E-23
19.30	0.6597E-23
20.04	0.1538E-22
20.80	0.3511E-22
21.59	0.7610E-22
22.42	0.1593E-21
23.27	0.3225E-21
24.16	0.6328E-21
25.08	0.1205E-20
26.03	0.2232E-20
27.02	0.4019E-20
28.05	0.7055E-20
29.12	0.1209E-19
30.23	0.2025E-19
31.38	0.3320E-19
32.57	0.5338E-19
33.82	0.8413E-19
35.10	0.1302E-18
36.44	0.1982E-18
37.83	0.2970E-18
39.27	0.4382E-18
40.76	0.6375E-18
42.32	0.9151E-18
43.93	0.1297E-17
45.60	0.1816E-17
47.34	0.2514E-17
49.14	0.3443E-17
51.01	0.4667E-17
52.96	0.6263E-17
54.97	0.8327E-17
57.07	0.1097E-16
59.24	0.1433E-16
61.50	0.1857E-16
63.84	0.2387E-16
66.27	0.3045E-16
68.79	0.3856E-16
71.41	0.4848E-16
74.13	0.6053E-16
76.96	0.7508E-16
79.89	0.9251E-16
82.93	0.1133E-15
86.09	0.1379E-15
89.37	0.1668E-15
92.77	0.2006E-15
96.31	0.2399E-15
99.97	0.2854E-15
103.8	0.3376E-15
107.7	0.3973E-15
111.8	0.4652E-15
116.1	0.5419E-15
120.5	0.6283E-15
125.1	0.7250E-15
129.9	0.8329E-15
134.8	0.9525E-15
140.0	0.1085E-14
145.3	0.1230E-14
150.8	0.1390E-14
156.6	0.1564E-14
162.5	0.1753E-14
168.7	0.1959E-14
175.1	0.2181E-14
181.8	0.2420E-14
188.7	0.2678E-14
195.9	0.2954E-14
203.4	0.3249E-14
211.1	0.3563E-14
219.2	0.3899E-14
227.5	0.4255E-14
236.2	0.4633E-14
245.2	0.5034E-14
254.5	0.5458E-14
264.2	0.5905E-14
274.3	0.6378E-14
284.7	0.6876E-14
295.6	0.7400E-14
306.8	0.7952E-14
318.5	0.8531E-14
330.6	0.9140E-14
343.2	0.9780E-14
356.3	0.1045E-13
369.9	0.1115E-13
384.0	0.1189E-13
398.6	0.1266E-13
413.8	0.1347E-13
429.5	0.1431E-13
445.9	0.1520E-13
462.9	0.1612E-13
480.5	0.1709E-13
498.8	0.1810E-13
517.8	0.1915E-13
537.5	0.2025E-13
558.0	0.2140E-13
579.2	0.2260E-13
601.3	0.2385E-13
624.2	0.2515E-13
648.0	0.2651E-13
672.6	0.2792E-13
698.3	0.2940E-13
724.9	0.3093E-13
752.5	0.3253E-13
781.1	0.3419E-13
810.9	0.3591E-13
841.8	0.3770E-13
873.8	0.3956E-13
907.1	0.4149E-13
941.6	0.4349E-13
977.5	0.4556E-13
1015.	0.4771E-13
1053.	0.4992E-13
1094.	0.5222E-13
1135.	0.5458E-13
1178.	0.5702E-13
1223.	0.5953E-13
1270.	0.6212E-13
1318.	0.6477E-13
1368.	0.6750E-13
1421.	0.7030E-13
1475.	0.7316E-13
1531.	0.7609E-13
1589.	0.7907E-13
1650.	0.8212E-13
1712.	0.8521E-13
1778.	0.8835E-13
1845.	0.9154E-13
1916.	0.9477E-13
1989.	0.9803E-13
2064.	0.1013E-12
2143.	0.1046E-12
2225.	0.1079E-12
2309.	0.1113E-12
2397.	0.1146E-12
2489.	0.1179E-12
2583.	0.1212E-12
2682.	0.1245E-12
2784.	0.1277E-12
2890.	0.1309E-12
3000.	0.1341E-12
 
 
C8    N2O    Excitation    9.60 eV                              
E/N (Td)	Energy loss coefficient (eV m3/s)
0.1000E-02	-0.5112-182
0.1038E-02	-0.5117-182
0.1078E-02	-0.5117-182
0.1119E-02	-0.5117-182
0.1161E-02	-0.5117-182
0.1205E-02	-0.5117-182
0.1251E-02	-0.5117-182
0.1299E-02	-0.5117-182
0.1349E-02	-0.5117-182
0.1400E-02	-0.5117-182
0.1453E-02	-0.5117-182
0.1509E-02	-0.5117-182
0.1566E-02	-0.5117-182
0.1626E-02	-0.5117-182
0.1688E-02	-0.5117-182
0.1752E-02	-0.5117-182
0.1819E-02	-0.5117-182
0.1888E-02	-0.5117-182
0.1960E-02	-0.5117-182
0.2034E-02	-0.5117-182
0.2112E-02	-0.5117-182
0.2192E-02	-0.5117-182
0.2276E-02	-0.5117-182
0.2362E-02	-0.5117-182
0.2452E-02	-0.5117-182
0.2546E-02	-0.5117-182
0.2643E-02	-0.5117-182
0.2743E-02	-0.5117-182
0.2848E-02	-0.5117-182
0.2956E-02	-0.5117-182
0.3069E-02	-0.5117-182
0.3186E-02	-0.5117-182
0.3307E-02	-0.5117-182
0.3433E-02	-0.5117-182
0.3564E-02	-0.5117-182
0.3700E-02	-0.5117-182
0.3841E-02	-0.5117-182
0.3987E-02	-0.5117-182
0.4139E-02	-0.5117-182
0.4296E-02	-0.5117-182
0.4460E-02	-0.5117-182
0.4630E-02	-0.5117-182
0.4806E-02	-0.5117-182
0.4989E-02	-0.5118-182
0.5179E-02	-0.5118-182
0.5377E-02	-0.5118-182
0.5581E-02	-0.5118-182
0.5794E-02	-0.5118-182
0.6015E-02	-0.5118-182
0.6244E-02	-0.5118-182
0.6481E-02	-0.5118-182
0.6728E-02	-0.5118-182
0.6985E-02	-0.5118-182
0.7251E-02	-0.5118-182
0.7527E-02	-0.5119-182
0.7813E-02	-0.5119-182
0.8111E-02	-0.5119-182
0.8420E-02	-0.5119-182
0.8741E-02	-0.5119-182
0.9073E-02	-0.5119-182
0.9419E-02	-0.5120-182
0.9778E-02	-0.5120-182
0.1015E-01	-0.5120-182
0.1054E-01	-0.5120-182
0.1094E-01	-0.5121-182
0.1135E-01	-0.5121-182
0.1179E-01	-0.5121-182
0.1224E-01	-0.5122-182
0.1270E-01	-0.5122-182
0.1319E-01	-0.5122-182
0.1369E-01	-0.5123-182
0.1421E-01	-0.5123-182
0.1475E-01	-0.5124-182
0.1531E-01	-0.5124-182
0.1590E-01	-0.5125-182
0.1650E-01	-0.5125-182
0.1713E-01	-0.5126-182
0.1778E-01	-0.5127-182
0.1846E-01	-0.5128-182
0.1916E-01	-0.5128-182
0.1989E-01	-0.5129-182
0.2065E-01	-0.5130-182
0.2144E-01	-0.5131-182
0.2225E-01	-0.5132-182
0.2310E-01	-0.5134-182
0.2398E-01	-0.5135-182
0.2489E-01	-0.5136-182
0.2584E-01	-0.5138-182
0.2682E-01	-0.5139-182
0.2785E-01	-0.5141-182
0.2891E-01	-0.5143-182
0.3001E-01	-0.5145-182
0.3115E-01	-0.5147-182
0.3234E-01	-0.5149-182
0.3357E-01	-0.5151-182
0.3485E-01	-0.5154-182
0.3617E-01	-0.5156-182
0.3755E-01	-0.5159-182
0.3898E-01	-0.5162-182
0.4047E-01	-0.5165-182
0.4201E-01	-0.5169-182
0.4361E-01	-0.5173-182
0.4527E-01	-0.5176-182
0.4699E-01	-0.5181-182
0.4878E-01	-0.5185-182
0.5064E-01	-0.5190-182
0.5257E-01	-0.5195-182
0.5457E-01	-0.5200-182
0.5665E-01	-0.5205-182
0.5881E-01	-0.5211-182
0.6105E-01	-0.5218-182
0.6337E-01	-0.5224-182
0.6579E-01	-0.5231-182
0.6829E-01	-0.5239-182
0.7089E-01	-0.5247-182
0.7359E-01	-0.5255-182
0.7640E-01	-0.5264-182
0.7931E-01	-0.5273-182
0.8233E-01	-0.5284-182
0.8546E-01	-0.5294-182
0.8872E-01	-0.5305-182
0.9210E-01	-0.5317-182
0.9560E-01	-0.5330-182
0.9924E-01	-0.5344-182
0.1030	-0.5358-182
0.1069	-0.5374-182
0.1110	-0.5390-182
0.1152	-0.5408-182
0.1196	-0.5427-182
0.1242	-0.5447-182
0.1289	-0.5469-182
0.1338	-0.5492-182
0.1389	-0.5517-182
0.1442	-0.5543-182
0.1497	-0.5572-182
0.1554	-0.5603-182
0.1613	-0.5636-182
0.1675	-0.5672-182
0.1739	-0.5710-182
0.1805	-0.5751-182
0.1874	-0.5796-182
0.1945	-0.5844-182
0.2019	-0.5897-182
0.2096	-0.5953-182
0.2176	-0.6014-182
0.2259	-0.6080-182
0.2345	-0.6151-182
0.2434	-0.6229-182
0.2527	-0.6313-182
0.2623	-0.6405-182
0.2723	-0.6504-182
0.2826	-0.6613-182
0.2934	-0.6731-182
0.3046	-0.6860-182
0.3162	-0.7001-182
0.3282	-0.7155-182
0.3407	-0.7324-182
0.3537	-0.7509-182
0.3672	-0.7713-182
0.3812	-0.7938-182
0.3957	-0.8186-182
0.4107	-0.8460-182
0.4264	-0.8764-182
0.4426	-0.9101-182
0.4595	-0.9476-182
0.4770	-0.9896-182
0.4952	-0.1036-181
0.5140	-0.1089-181
0.5336	-0.1148-181
0.5539	-0.1215-181
0.5750	-0.1291-181
0.5969	-0.1378-181
0.6196	-0.1476-181
0.6432	-0.1590-181
0.6677	-0.1721-181
0.6932	-0.1874-181
0.7196	-0.2052-181
0.7470	-0.2263-181
0.7754	-0.2513-181
0.8050	-0.2815-181
0.8356	-0.3181-181
0.8674	-0.3631-181
0.9005	-0.4191-181
0.9348	-0.4896-181
0.9704	-0.5795-181
1.007	-0.6953-181
1.046	-0.8460-181
1.086	-0.1044-180
1.127	-0.1308-180
1.170	-0.1657-180
1.214	-0.2125-180
1.261	-0.2751-180
1.309	-0.3591-180
1.358	-0.4718-180
1.410	-0.6226-180
1.464	-0.8240-180
1.520	-0.1092-179
1.578	-0.1448-179
1.638	-0.1917-179
1.700	-0.2534-179
1.765	-0.3339-179
1.832	-0.4386-179
1.902	-0.5739-179
1.974	-0.7484-179
2.049	-0.9712-179
2.127	-0.1255-178
2.208	-0.1613-178
2.293	-0.2065-178
2.380	-0.2633-178
2.470	-0.3339-178
2.565	-0.4215-178
2.662	-0.5297-178
2.764	-0.6628-178
2.869	-0.8259-178
2.978	-0.1025-177
3.092	-0.1267-177
3.209	-0.1560-177
3.332	-0.1912-177
3.458	-0.2337-177
3.590	-0.2845-177
3.727	-0.3452-177
3.869	-0.4173-177
4.016	-0.5029-177
4.169	-0.6041-177
4.328	-0.7234-177
4.493	-0.8638-177
4.664	-0.1028-176
4.841	-0.1220-176
5.026	-0.1444-176
5.217	-0.1704-176
5.416	-0.2006-176
5.622	-0.2354-176
5.836	-0.2756-176
6.059	-0.3219-176
6.289	-0.3748-176
6.529	-0.4354-176
6.778	-0.5045-176
7.036	-0.5833-176
7.304	-0.6727-176
7.582	-0.7739-176
7.871	-0.8889-176
8.170	-0.1018-175
8.482	-0.1163-175
8.805	-0.1327-175
9.140	-0.1510-175
9.488	-0.1714-175
9.849	-0.1942-175
10.22	-0.2198-175
10.61	-0.2479-175
11.02	-0.2789-175
11.44	-0.3132-175
11.87	-0.3509-175
12.33	-0.3918-175
12.80	-0.4370-175
13.28	-0.4864-175
13.79	-0.5401-175
14.31	-0.5985-175
14.86	-0.6622-175
15.42	-0.7309-175
16.01	-0.8052-175
16.62	-0.8855-175
17.25	-0.9720-175
17.91	0.5988E-26
18.59	0.1739E-25
19.30	0.4805E-25
20.04	0.1267E-24
20.80	0.1284E-23
21.59	0.3312E-23
22.42	0.8201E-23
23.27	0.1953E-22
24.16	0.4481E-22
25.08	0.9923E-22
26.03	0.2179E-21
27.02	0.4533E-21
28.05	0.9152E-21
29.12	0.1795E-20
30.23	0.3427E-20
31.38	0.6373E-20
32.57	0.1158E-19
33.82	0.2054E-19
35.10	0.3562E-19
36.44	0.6050E-19
37.83	0.1008E-18
39.27	0.1647E-18
40.76	0.2644E-18
42.32	0.4173E-18
43.93	0.6484E-18
45.60	0.9917E-18
47.34	0.1495E-17
49.14	0.2222E-17
51.01	0.3259E-17
52.96	0.4720E-17
54.97	0.6754E-17
57.07	0.9552E-17
59.24	0.1336E-16
61.50	0.1848E-16
63.84	0.2531E-16
66.27	0.3431E-16
68.79	0.4608E-16
71.41	0.6130E-16
74.13	0.8083E-16
76.96	0.1057E-15
79.89	0.1369E-15
82.93	0.1761E-15
86.09	0.2246E-15
89.37	0.2843E-15
92.77	0.3572E-15
96.31	0.4455E-15
99.97	0.5518E-15
103.8	0.6787E-15
107.7	0.8294E-15
111.8	0.1007E-14
116.1	0.1215E-14
120.5	0.1457E-14
125.1	0.1737E-14
129.9	0.2059E-14
134.8	0.2427E-14
140.0	0.2846E-14
145.3	0.3320E-14
150.8	0.3854E-14
156.6	0.4452E-14
162.5	0.5120E-14
168.7	0.5862E-14
175.1	0.6683E-14
181.8	0.7589E-14
188.7	0.8584E-14
195.9	0.9673E-14
203.4	0.1086E-13
211.1	0.1216E-13
219.2	0.1356E-13
227.5	0.1508E-13
236.2	0.1672E-13
245.2	0.1849E-13
254.5	0.2039E-13
264.2	0.2243E-13
274.3	0.2462E-13
284.7	0.2695E-13
295.6	0.2945E-13
306.8	0.3211E-13
318.5	0.3494E-13
330.6	0.3795E-13
343.2	0.4115E-13
356.3	0.4454E-13
369.9	0.4813E-13
384.0	0.5194E-13
398.6	0.5597E-13
413.8	0.6022E-13
429.5	0.6472E-13
445.9	0.6946E-13
462.9	0.7446E-13
480.5	0.7974E-13
498.8	0.8529E-13
517.8	0.9113E-13
537.5	0.9728E-13
558.0	0.1037E-12
579.2	0.1105E-12
601.3	0.1176E-12
624.2	0.1251E-12
648.0	0.1329E-12
672.6	0.1412E-12
698.3	0.1498E-12
724.9	0.1588E-12
752.5	0.1682E-12
781.1	0.1780E-12
810.9	0.1883E-12
841.8	0.1990E-12
873.8	0.2102E-12
907.1	0.2218E-12
941.6	0.2339E-12
977.5	0.2465E-12
1015.	0.2596E-12
1053.	0.2732E-12
1094.	0.2873E-12
1135.	0.3019E-12
1178.	0.3170E-12
1223.	0.3327E-12
1270.	0.3488E-12
1318.	0.3654E-12
1368.	0.3826E-12
1421.	0.4002E-12
1475.	0.4183E-12
1531.	0.4369E-12
1589.	0.4559E-12
1650.	0.4753E-12
1712.	0.4952E-12
1778.	0.5153E-12
1845.	0.5359E-12
1916.	0.5568E-12
1989.	0.5779E-12
2064.	0.5993E-12
2143.	0.6209E-12
2225.	0.6427E-12
2309.	0.6646E-12
2397.	0.6865E-12
2489.	0.7085E-12
2583.	0.7305E-12
2682.	0.7523E-12
2784.	0.7740E-12
2890.	0.7956E-12
3000.	0.8169E-12
 
 
C9    N2O    Ionization    12.89 eV                             
E/N (Td)	Energy loss coefficient (eV m3/s)
0.1000E-02	0.000
0.1038E-02	0.000
0.1078E-02	0.000
0.1119E-02	0.000
0.1161E-02	0.000
0.1205E-02	0.000
0.1251E-02	0.000
0.1299E-02	0.000
0.1349E-02	0.000
0.1400E-02	0.000
0.1453E-02	0.000
0.1509E-02	0.000
0.1566E-02	0.000
0.1626E-02	0.000
0.1688E-02	0.000
0.1752E-02	0.000
0.1819E-02	0.000
0.1888E-02	0.000
0.1960E-02	0.000
0.2034E-02	0.000
0.2112E-02	0.000
0.2192E-02	0.000
0.2276E-02	0.000
0.2362E-02	0.000
0.2452E-02	0.000
0.2546E-02	0.000
0.2643E-02	0.000
0.2743E-02	0.000
0.2848E-02	0.000
0.2956E-02	0.000
0.3069E-02	0.000
0.3186E-02	0.000
0.3307E-02	0.000
0.3433E-02	0.000
0.3564E-02	0.000
0.3700E-02	0.000
0.3841E-02	0.000
0.3987E-02	0.000
0.4139E-02	0.000
0.4296E-02	0.000
0.4460E-02	0.000
0.4630E-02	0.000
0.4806E-02	0.000
0.4989E-02	0.000
0.5179E-02	0.000
0.5377E-02	0.000
0.5581E-02	0.000
0.5794E-02	0.000
0.6015E-02	0.000
0.6244E-02	0.000
0.6481E-02	0.000
0.6728E-02	0.000
0.6985E-02	0.000
0.7251E-02	0.000
0.7527E-02	0.000
0.7813E-02	0.000
0.8111E-02	0.000
0.8420E-02	0.000
0.8741E-02	0.000
0.9073E-02	0.000
0.9419E-02	0.000
0.9778E-02	0.000
0.1015E-01	0.000
0.1054E-01	0.000
0.1094E-01	0.000
0.1135E-01	0.000
0.1179E-01	0.000
0.1224E-01	0.000
0.1270E-01	0.000
0.1319E-01	0.000
0.1369E-01	0.000
0.1421E-01	0.000
0.1475E-01	0.000
0.1531E-01	0.000
0.1590E-01	0.000
0.1650E-01	0.000
0.1713E-01	0.000
0.1778E-01	0.000
0.1846E-01	0.000
0.1916E-01	0.000
0.1989E-01	0.000
0.2065E-01	0.000
0.2144E-01	0.000
0.2225E-01	0.000
0.2310E-01	0.000
0.2398E-01	0.000
0.2489E-01	0.000
0.2584E-01	0.000
0.2682E-01	0.000
0.2785E-01	0.000
0.2891E-01	0.000
0.3001E-01	0.000
0.3115E-01	0.000
0.3234E-01	0.000
0.3357E-01	0.000
0.3485E-01	0.000
0.3617E-01	0.000
0.3755E-01	0.000
0.3898E-01	0.000
0.4047E-01	0.000
0.4201E-01	0.000
0.4361E-01	0.000
0.4527E-01	0.000
0.4699E-01	0.000
0.4878E-01	0.000
0.5064E-01	0.000
0.5257E-01	0.000
0.5457E-01	0.000
0.5665E-01	0.000
0.5881E-01	0.000
0.6105E-01	0.000
0.6337E-01	0.000
0.6579E-01	0.000
0.6829E-01	0.000
0.7089E-01	0.000
0.7359E-01	0.000
0.7640E-01	0.000
0.7931E-01	0.000
0.8233E-01	0.000
0.8546E-01	0.000
0.8872E-01	0.000
0.9210E-01	0.000
0.9560E-01	0.000
0.9924E-01	0.000
0.1030	0.000
0.1069	0.000
0.1110	0.000
0.1152	0.000
0.1196	0.000
0.1242	0.000
0.1289	0.000
0.1338	0.000
0.1389	0.000
0.1442	0.000
0.1497	0.000
0.1554	0.000
0.1613	0.000
0.1675	0.000
0.1739	0.000
0.1805	0.000
0.1874	0.000
0.1945	0.000
0.2019	0.000
0.2096	0.000
0.2176	0.000
0.2259	0.000
0.2345	0.000
0.2434	0.000
0.2527	0.000
0.2623	0.000
0.2723	0.000
0.2826	0.000
0.2934	0.000
0.3046	0.000
0.3162	0.000
0.3282	0.000
0.3407	0.000
0.3537	0.000
0.3672	0.000
0.3812	0.000
0.3957	0.000
0.4107	0.000
0.4264	0.000
0.4426	0.000
0.4595	0.000
0.4770	0.000
0.4952	0.000
0.5140	0.000
0.5336	0.000
0.5539	0.000
0.5750	0.000
0.5969	0.000
0.6196	0.000
0.6432	0.000
0.6677	0.000
0.6932	0.000
0.7196	0.000
0.7470	0.000
0.7754	0.000
0.8050	0.000
0.8356	0.000
0.8674	0.000
0.9005	0.000
0.9348	0.000
0.9704	0.000
1.007	0.000
1.046	0.000
1.086	0.000
1.127	0.000
1.170	0.000
1.214	0.000
1.261	0.000
1.309	0.000
1.358	0.000
1.410	0.000
1.464	0.000
1.520	0.000
1.578	0.000
1.638	0.000
1.700	0.000
1.765	0.000
1.832	0.000
1.902	0.000
1.974	0.000
2.049	0.000
2.127	0.000
2.208	0.000
2.293	0.000
2.380	0.000
2.470	0.000
2.565	0.000
2.662	0.000
2.764	0.000
2.869	0.000
2.978	0.000
3.092	0.000
3.209	0.000
3.332	0.000
3.458	0.000
3.590	0.000
3.727	0.000
3.869	0.000
4.016	0.000
4.169	0.000
4.328	0.000
4.493	0.000
4.664	0.000
4.841	0.000
5.026	0.000
5.217	0.000
5.416	0.000
5.622	0.000
5.836	0.000
6.059	0.000
6.289	0.000
6.529	0.000
6.778	0.000
7.036	0.000
7.304	0.000
7.582	0.000
7.871	0.000
8.170	0.000
8.482	0.000
8.805	0.000
9.140	0.000
9.488	0.000
9.849	0.000
10.22	0.000
10.61	0.000
11.02	0.000
11.44	0.000
11.87	0.000
12.33	0.000
12.80	0.000
13.28	0.000
13.79	0.000
14.31	0.000
14.86	0.000
15.42	0.000
16.01	0.000
16.62	0.000
17.25	0.000
17.91	0.000
18.59	0.000
19.30	0.000
20.04	0.000
20.80	0.000
21.59	0.000
22.42	0.000
23.27	0.000
24.16	0.000
25.08	0.000
26.03	0.1559E-24
27.02	0.4070E-24
28.05	0.1021E-23
29.12	0.2464E-23
30.23	0.5737E-23
31.38	0.1290E-22
32.57	0.2933E-22
33.82	0.6227E-22
35.10	0.1284E-21
36.44	0.2575E-21
37.83	0.5032E-21
39.27	0.9592E-21
40.76	0.1786E-20
42.32	0.3250E-20
43.93	0.5795E-20
45.60	0.1011E-19
47.34	0.1731E-19
49.14	0.2908E-19
51.01	0.4800E-19
52.96	0.7788E-19
54.97	0.1243E-18
57.07	0.1954E-18
59.24	0.3027E-18
61.50	0.4620E-18
63.84	0.6954E-18
66.27	0.1033E-17
68.79	0.1515E-17
71.41	0.2194E-17
74.13	0.3141E-17
76.96	0.4445E-17
79.89	0.6219E-17
82.93	0.8612E-17
86.09	0.1180E-16
89.37	0.1600E-16
92.77	0.2149E-16
96.31	0.2859E-16
99.97	0.3769E-16
103.8	0.4924E-16
107.7	0.6379E-16
111.8	0.8195E-16
116.1	0.1044E-15
120.5	0.1321E-15
125.1	0.1657E-15
129.9	0.2065E-15
134.8	0.2554E-15
140.0	0.3139E-15
145.3	0.3832E-15
150.8	0.4648E-15
156.6	0.5605E-15
162.5	0.6720E-15
168.7	0.8011E-15
175.1	0.9500E-15
181.8	0.1121E-14
188.7	0.1316E-14
195.9	0.1538E-14
203.4	0.1789E-14
211.1	0.2073E-14
219.2	0.2391E-14
227.5	0.2748E-14
236.2	0.3147E-14
245.2	0.3590E-14
254.5	0.4082E-14
264.2	0.4628E-14
274.3	0.5230E-14
284.7	0.5893E-14
295.6	0.6622E-14
306.8	0.7421E-14
318.5	0.8297E-14
330.6	0.9254E-14
343.2	0.1030E-13
356.3	0.1143E-13
369.9	0.1267E-13
384.0	0.1401E-13
398.6	0.1546E-13
413.8	0.1704E-13
429.5	0.1874E-13
445.9	0.2058E-13
462.9	0.2256E-13
480.5	0.2470E-13
498.8	0.2700E-13
517.8	0.2947E-13
537.5	0.3213E-13
558.0	0.3498E-13
579.2	0.3804E-13
601.3	0.4132E-13
624.2	0.4482E-13
648.0	0.4857E-13
672.6	0.5258E-13
698.3	0.5686E-13
724.9	0.6143E-13
752.5	0.6631E-13
781.1	0.7150E-13
810.9	0.7703E-13
841.8	0.8293E-13
873.8	0.8919E-13
907.1	0.9586E-13
941.6	0.1029E-12
977.5	0.1105E-12
1015.	0.1185E-12
1053.	0.1269E-12
1094.	0.1359E-12
1135.	0.1455E-12
1178.	0.1556E-12
1223.	0.1663E-12
1270.	0.1777E-12
1318.	0.1896E-12
1368.	0.2023E-12
1421.	0.2157E-12
1475.	0.2299E-12
1531.	0.2448E-12
1589.	0.2606E-12
1650.	0.2772E-12
1712.	0.2948E-12
1778.	0.3132E-12
1845.	0.3326E-12
1916.	0.3530E-12
1989.	0.3744E-12
2064.	0.3969E-12
2143.	0.4205E-12
2225.	0.4452E-12
2309.	0.4711E-12
2397.	0.4981E-12
2489.	0.5263E-12
2583.	0.5558E-12
2682.	0.5865E-12
2784.	0.6184E-12
2890.	0.6517E-12
3000.	0.6862E-12
 
 
N2O                                                             
E/N (Td)	Inelastic energy loss coefficient (eV m3/s)
0.1000E-02	0.5375E-23
0.1038E-02	0.7507E-23
0.1078E-02	0.8084E-23
0.1119E-02	0.8706E-23
0.1161E-02	0.9376E-23
0.1205E-02	0.1010E-22
0.1251E-02	0.1088E-22
0.1299E-02	0.1172E-22
0.1349E-02	0.1262E-22
0.1400E-02	0.1359E-22
0.1453E-02	0.1464E-22
0.1509E-02	0.1577E-22
0.1566E-02	0.1699E-22
0.1626E-02	0.1831E-22
0.1688E-02	0.1972E-22
0.1752E-02	0.2125E-22
0.1819E-02	0.2289E-22
0.1888E-02	0.2466E-22
0.1960E-02	0.2657E-22
0.2034E-02	0.2863E-22
0.2112E-02	0.3084E-22
0.2192E-02	0.3323E-22
0.2276E-02	0.3581E-22
0.2362E-02	0.3858E-22
0.2452E-02	0.4157E-22
0.2546E-02	0.4479E-22
0.2643E-02	0.4826E-22
0.2743E-02	0.5200E-22
0.2848E-02	0.5603E-22
0.2956E-02	0.6038E-22
0.3069E-02	0.6506E-22
0.3186E-02	0.7010E-22
0.3307E-02	0.7554E-22
0.3433E-02	0.8140E-22
0.3564E-02	0.8771E-22
0.3700E-02	0.9452E-22
0.3841E-02	0.1018E-21
0.3987E-02	0.1097E-21
0.4139E-02	0.1183E-21
0.4296E-02	0.1274E-21
0.4460E-02	0.1373E-21
0.4630E-02	0.1480E-21
0.4806E-02	0.1595E-21
0.4989E-02	0.1718E-21
0.5179E-02	0.1852E-21
0.5377E-02	0.1995E-21
0.5581E-02	0.2150E-21
0.5794E-02	0.2317E-21
0.6015E-02	0.2497E-21
0.6244E-02	0.2691E-21
0.6481E-02	0.2900E-21
0.6728E-02	0.3125E-21
0.6985E-02	0.3367E-21
0.7251E-02	0.3629E-21
0.7527E-02	0.3910E-21
0.7813E-02	0.4214E-21
0.8111E-02	0.4541E-21
0.8420E-02	0.4894E-21
0.8741E-02	0.5274E-21
0.9073E-02	0.5683E-21
0.9419E-02	0.6125E-21
0.9778E-02	0.6600E-21
0.1015E-01	0.7113E-21
0.1054E-01	0.7665E-21
0.1094E-01	0.8260E-21
0.1135E-01	0.8902E-21
0.1179E-01	0.9593E-21
0.1224E-01	0.1034E-20
0.1270E-01	0.1114E-20
0.1319E-01	0.1201E-20
0.1369E-01	0.1294E-20
0.1421E-01	0.1395E-20
0.1475E-01	0.1503E-20
0.1531E-01	0.1620E-20
0.1590E-01	0.1746E-20
0.1650E-01	0.1881E-20
0.1713E-01	0.2028E-20
0.1778E-01	0.2185E-20
0.1846E-01	0.2355E-20
0.1916E-01	0.2538E-20
0.1989E-01	0.2736E-20
0.2065E-01	0.2948E-20
0.2144E-01	0.3178E-20
0.2225E-01	0.3425E-20
0.2310E-01	0.3692E-20
0.2398E-01	0.3979E-20
0.2489E-01	0.4289E-20
0.2584E-01	0.4623E-20
0.2682E-01	0.4982E-20
0.2785E-01	0.5371E-20
0.2891E-01	0.5789E-20
0.3001E-01	0.6240E-20
0.3115E-01	0.6726E-20
0.3234E-01	0.7250E-20
0.3357E-01	0.7815E-20
0.3485E-01	0.8425E-20
0.3617E-01	0.9082E-20
0.3755E-01	0.9790E-20
0.3898E-01	0.1055E-19
0.4047E-01	0.1138E-19
0.4201E-01	0.1227E-19
0.4361E-01	0.1322E-19
0.4527E-01	0.1425E-19
0.4699E-01	0.1537E-19
0.4878E-01	0.1657E-19
0.5064E-01	0.1786E-19
0.5257E-01	0.1926E-19
0.5457E-01	0.2076E-19
0.5665E-01	0.2238E-19
0.5881E-01	0.2413E-19
0.6105E-01	0.2602E-19
0.6337E-01	0.2805E-19
0.6579E-01	0.3024E-19
0.6829E-01	0.3261E-19
0.7089E-01	0.3515E-19
0.7359E-01	0.3790E-19
0.7640E-01	0.4086E-19
0.7931E-01	0.4406E-19
0.8233E-01	0.4750E-19
0.8546E-01	0.5121E-19
0.8872E-01	0.5521E-19
0.9210E-01	0.5952E-19
0.9560E-01	0.6417E-19
0.9924E-01	0.6918E-19
0.1030	0.7458E-19
0.1069	0.8041E-19
0.1110	0.8669E-19
0.1152	0.9345E-19
0.1196	0.1007E-18
0.1242	0.1086E-18
0.1289	0.1171E-18
0.1338	0.1262E-18
0.1389	0.1361E-18
0.1442	0.1467E-18
0.1497	0.1582E-18
0.1554	0.1705E-18
0.1613	0.1838E-18
0.1675	0.1981E-18
0.1739	0.2136E-18
0.1805	0.2303E-18
0.1874	0.2483E-18
0.1945	0.2677E-18
0.2019	0.2886E-18
0.2096	0.3111E-18
0.2176	0.3354E-18
0.2259	0.3616E-18
0.2345	0.3898E-18
0.2434	0.4203E-18
0.2527	0.4532E-18
0.2623	0.4886E-18
0.2723	0.5268E-18
0.2826	0.5681E-18
0.2934	0.6125E-18
0.3046	0.6605E-18
0.3162	0.7122E-18
0.3282	0.7681E-18
0.3407	0.8283E-18
0.3537	0.8932E-18
0.3672	0.9634E-18
0.3812	0.1039E-17
0.3957	0.1121E-17
0.4107	0.1209E-17
0.4264	0.1304E-17
0.4426	0.1407E-17
0.4595	0.1517E-17
0.4770	0.1637E-17
0.4952	0.1766E-17
0.5140	0.1906E-17
0.5336	0.2057E-17
0.5539	0.2219E-17
0.5750	0.2395E-17
0.5969	0.2585E-17
0.6196	0.2791E-17
0.6432	0.3013E-17
0.6677	0.3253E-17
0.6932	0.3513E-17
0.7196	0.3793E-17
0.7470	0.4097E-17
0.7754	0.4426E-17
0.8050	0.4781E-17
0.8356	0.5167E-17
0.8674	0.5583E-17
0.9005	0.6035E-17
0.9348	0.6524E-17
0.9704	0.7054E-17
1.007	0.7628E-17
1.046	0.8251E-17
1.086	0.8925E-17
1.127	0.9658E-17
1.170	0.1045E-16
1.214	0.1131E-16
1.261	0.1225E-16
1.309	0.1326E-16
1.358	0.1436E-16
1.410	0.1555E-16
1.464	0.1685E-16
1.520	0.1826E-16
1.578	0.1979E-16
1.638	0.2144E-16
1.700	0.2324E-16
1.765	0.2519E-16
1.832	0.2731E-16
1.902	0.2961E-16
1.974	0.3211E-16
2.049	0.3482E-16
2.127	0.3776E-16
2.208	0.4095E-16
2.293	0.4441E-16
2.380	0.4816E-16
2.470	0.5223E-16
2.565	0.5664E-16
2.662	0.6142E-16
2.764	0.6660E-16
2.869	0.7222E-16
2.978	0.7830E-16
3.092	0.8488E-16
3.209	0.9200E-16
3.332	0.9970E-16
3.458	0.1080E-15
3.590	0.1170E-15
3.727	0.1268E-15
3.869	0.1372E-15
4.016	0.1486E-15
4.169	0.1608E-15
4.328	0.1739E-15
4.493	0.1880E-15
4.664	0.2032E-15
4.841	0.2194E-15
5.026	0.2369E-15
5.217	0.2555E-15
5.416	0.2755E-15
5.622	0.2968E-15
5.836	0.3194E-15
6.059	0.3435E-15
6.289	0.3690E-15
6.529	0.3959E-15
6.778	0.4243E-15
7.036	0.4542E-15
7.304	0.4854E-15
7.582	0.5181E-15
7.871	0.5523E-15
8.170	0.5876E-15
8.482	0.6241E-15
8.805	0.6619E-15
9.140	0.7005E-15
9.488	0.7399E-15
9.849	0.7800E-15
10.22	0.8216E-15
10.61	0.8628E-15
11.02	0.9043E-15
11.44	0.9460E-15
11.87	0.9878E-15
12.33	0.1029E-14
12.80	0.1071E-14
13.28	0.1112E-14
13.79	0.1154E-14
14.31	0.1196E-14
14.86	0.1238E-14
15.42	0.1281E-14
16.01	0.1323E-14
16.62	0.1366E-14
17.25	0.1410E-14
17.91	0.1455E-14
18.59	0.1501E-14
19.30	0.1548E-14
20.04	0.1598E-14
20.80	0.1650E-14
21.59	0.1705E-14
22.42	0.1764E-14
23.27	0.1827E-14
24.16	0.1895E-14
25.08	0.1967E-14
26.03	0.2046E-14
27.02	0.2131E-14
28.05	0.2223E-14
29.12	0.2323E-14
30.23	0.2431E-14
31.38	0.2549E-14
32.57	0.2676E-14
33.82	0.2813E-14
35.10	0.2962E-14
36.44	0.3122E-14
37.83	0.3295E-14
39.27	0.3482E-14
40.76	0.3682E-14
42.32	0.3898E-14
43.93	0.4129E-14
45.60	0.4378E-14
47.34	0.4644E-14
49.14	0.4929E-14
51.01	0.5234E-14
52.96	0.5561E-14
54.97	0.5910E-14
57.07	0.6282E-14
59.24	0.6679E-14
61.50	0.7102E-14
63.84	0.7553E-14
66.27	0.8033E-14
68.79	0.8544E-14
71.41	0.9087E-14
74.13	0.9663E-14
76.96	0.1028E-13
79.89	0.1092E-13
82.93	0.1161E-13
86.09	0.1234E-13
89.37	0.1311E-13
92.77	0.1393E-13
96.31	0.1479E-13
99.97	0.1570E-13
103.8	0.1666E-13
107.7	0.1768E-13
111.8	0.1875E-13
116.1	0.1988E-13
120.5	0.2107E-13
125.1	0.2233E-13
129.9	0.2365E-13
134.8	0.2504E-13
140.0	0.2651E-13
145.3	0.2806E-13
150.8	0.2969E-13
156.6	0.3141E-13
162.5	0.3322E-13
168.7	0.3512E-13
175.1	0.3713E-13
181.8	0.3925E-13
188.7	0.4148E-13
195.9	0.4383E-13
203.4	0.4631E-13
211.1	0.4893E-13
219.2	0.5169E-13
227.5	0.5460E-13
236.2	0.5768E-13
245.2	0.6093E-13
254.5	0.6435E-13
264.2	0.6797E-13
274.3	0.7179E-13
284.7	0.7583E-13
295.6	0.8009E-13
306.8	0.8459E-13
318.5	0.8934E-13
330.6	0.9436E-13
343.2	0.9966E-13
356.3	0.1053E-12
369.9	0.1112E-12
384.0	0.1174E-12
398.6	0.1240E-12
413.8	0.1310E-12
429.5	0.1383E-12
445.9	0.1460E-12
462.9	0.1542E-12
480.5	0.1628E-12
498.8	0.1719E-12
517.8	0.1815E-12
537.5	0.1916E-12
558.0	0.2022E-12
579.2	0.2134E-12
601.3	0.2252E-12
624.2	0.2376E-12
648.0	0.2507E-12
672.6	0.2644E-12
698.3	0.2788E-12
724.9	0.2940E-12
752.5	0.3099E-12
781.1	0.3266E-12
810.9	0.3442E-12
841.8	0.3626E-12
873.8	0.3819E-12
907.1	0.4021E-12
941.6	0.4233E-12
977.5	0.4454E-12
1015.	0.4686E-12
1053.	0.4928E-12
1094.	0.5181E-12
1135.	0.5445E-12
1178.	0.5721E-12
1223.	0.6008E-12
1270.	0.6307E-12
1318.	0.6618E-12
1368.	0.6942E-12
1421.	0.7279E-12
1475.	0.7628E-12
1531.	0.7990E-12
1589.	0.8366E-12
1650.	0.8755E-12
1712.	0.9157E-12
1778.	0.9572E-12
1845.	0.1000E-11
1916.	0.1044E-11
1989.	0.1090E-11
2064.	0.1137E-11
2143.	0.1185E-11
2225.	0.1234E-11
2309.	0.1285E-11
2397.	0.1337E-11
2489.	0.1390E-11
2583.	0.1444E-11
2682.	0.1500E-11
2784.	0.1556E-11
2890.	0.1614E-11
3000.	0.1673E-11
 
 
