BOLSIG+ version: 03/2016
Collision input data:
--------------------------------------------------
O2                                                              
collisions.txt
 
 
 
Angular frequency / N (m3/s)               0.000    
Cosine of E-B field angle                  0.000    
Gas temperature (K)                        300.0    
Excitation temperature (K)                 300.0    
Transition energy (eV)                     0.000    
Ionization degree                          0.000    
Plasma density (1/m3)                     0.1000E+19
Ion charge parameter                       1.000    
Ion/neutral mass ratio                     1.000    
e-e momentum effects                       1.000    
Energy sharing                             1.000    
Growth model                               1.000    
Maxwellian mean energy (eV)                0.000    
# of grid points                           200.0    
Precision                                 0.1000E-09
Convergence                               0.1000E-03
Maximum # of iterations                    5000.    
Mole fraction O2                           1.000    
 
 
E/N (Td)    	Electric field / N (Td)                                         
0.1000E-02	0.1000E-02
0.1038E-02	0.1038E-02
0.1078E-02	0.1078E-02
0.1119E-02	0.1119E-02
0.1161E-02	0.1161E-02
0.1205E-02	0.1205E-02
0.1251E-02	0.1251E-02
0.1299E-02	0.1299E-02
0.1349E-02	0.1349E-02
0.1400E-02	0.1400E-02
0.1453E-02	0.1453E-02
0.1509E-02	0.1509E-02
0.1566E-02	0.1566E-02
0.1626E-02	0.1626E-02
0.1688E-02	0.1688E-02
0.1752E-02	0.1752E-02
0.1819E-02	0.1819E-02
0.1888E-02	0.1888E-02
0.1960E-02	0.1960E-02
0.2034E-02	0.2034E-02
0.2112E-02	0.2112E-02
0.2192E-02	0.2192E-02
0.2276E-02	0.2276E-02
0.2362E-02	0.2362E-02
0.2452E-02	0.2452E-02
0.2546E-02	0.2546E-02
0.2643E-02	0.2643E-02
0.2743E-02	0.2743E-02
0.2848E-02	0.2848E-02
0.2956E-02	0.2956E-02
0.3069E-02	0.3069E-02
0.3186E-02	0.3186E-02
0.3307E-02	0.3307E-02
0.3433E-02	0.3433E-02
0.3564E-02	0.3564E-02
0.3700E-02	0.3700E-02
0.3841E-02	0.3841E-02
0.3987E-02	0.3987E-02
0.4139E-02	0.4139E-02
0.4296E-02	0.4296E-02
0.4460E-02	0.4460E-02
0.4630E-02	0.4630E-02
0.4806E-02	0.4806E-02
0.4989E-02	0.4989E-02
0.5179E-02	0.5179E-02
0.5377E-02	0.5377E-02
0.5581E-02	0.5581E-02
0.5794E-02	0.5794E-02
0.6015E-02	0.6015E-02
0.6244E-02	0.6244E-02
0.6481E-02	0.6481E-02
0.6728E-02	0.6728E-02
0.6985E-02	0.6985E-02
0.7251E-02	0.7251E-02
0.7527E-02	0.7527E-02
0.7813E-02	0.7813E-02
0.8111E-02	0.8111E-02
0.8420E-02	0.8420E-02
0.8741E-02	0.8741E-02
0.9073E-02	0.9073E-02
0.9419E-02	0.9419E-02
0.9778E-02	0.9778E-02
0.1015E-01	0.1015E-01
0.1054E-01	0.1054E-01
0.1094E-01	0.1094E-01
0.1135E-01	0.1135E-01
0.1179E-01	0.1179E-01
0.1224E-01	0.1224E-01
0.1270E-01	0.1270E-01
0.1319E-01	0.1319E-01
0.1369E-01	0.1369E-01
0.1421E-01	0.1421E-01
0.1475E-01	0.1475E-01
0.1531E-01	0.1531E-01
0.1590E-01	0.1590E-01
0.1650E-01	0.1650E-01
0.1713E-01	0.1713E-01
0.1778E-01	0.1778E-01
0.1846E-01	0.1846E-01
0.1916E-01	0.1916E-01
0.1989E-01	0.1989E-01
0.2065E-01	0.2065E-01
0.2144E-01	0.2144E-01
0.2225E-01	0.2225E-01
0.2310E-01	0.2310E-01
0.2398E-01	0.2398E-01
0.2489E-01	0.2489E-01
0.2584E-01	0.2584E-01
0.2682E-01	0.2682E-01
0.2785E-01	0.2785E-01
0.2891E-01	0.2891E-01
0.3001E-01	0.3001E-01
0.3115E-01	0.3115E-01
0.3234E-01	0.3234E-01
0.3357E-01	0.3357E-01
0.3485E-01	0.3485E-01
0.3617E-01	0.3617E-01
0.3755E-01	0.3755E-01
0.3898E-01	0.3898E-01
0.4047E-01	0.4047E-01
0.4201E-01	0.4201E-01
0.4361E-01	0.4361E-01
0.4527E-01	0.4527E-01
0.4699E-01	0.4699E-01
0.4878E-01	0.4878E-01
0.5064E-01	0.5064E-01
0.5257E-01	0.5257E-01
0.5457E-01	0.5457E-01
0.5665E-01	0.5665E-01
0.5881E-01	0.5881E-01
0.6105E-01	0.6105E-01
0.6337E-01	0.6337E-01
0.6579E-01	0.6579E-01
0.6829E-01	0.6829E-01
0.7089E-01	0.7089E-01
0.7359E-01	0.7359E-01
0.7640E-01	0.7640E-01
0.7931E-01	0.7931E-01
0.8233E-01	0.8233E-01
0.8546E-01	0.8546E-01
0.8872E-01	0.8872E-01
0.9210E-01	0.9210E-01
0.9560E-01	0.9560E-01
0.9924E-01	0.9924E-01
0.1030	0.1030
0.1069	0.1069
0.1110	0.1110
0.1152	0.1152
0.1196	0.1196
0.1242	0.1242
0.1289	0.1289
0.1338	0.1338
0.1389	0.1389
0.1442	0.1442
0.1497	0.1497
0.1554	0.1554
0.1613	0.1613
0.1675	0.1675
0.1739	0.1739
0.1805	0.1805
0.1874	0.1874
0.1945	0.1945
0.2019	0.2019
0.2096	0.2096
0.2176	0.2176
0.2259	0.2259
0.2345	0.2345
0.2434	0.2434
0.2527	0.2527
0.2623	0.2623
0.2723	0.2723
0.2826	0.2826
0.2934	0.2934
0.3046	0.3046
0.3162	0.3162
0.3282	0.3282
0.3407	0.3407
0.3537	0.3537
0.3672	0.3672
0.3812	0.3812
0.3957	0.3957
0.4107	0.4107
0.4264	0.4264
0.4426	0.4426
0.4595	0.4595
0.4770	0.4770
0.4952	0.4952
0.5140	0.5140
0.5336	0.5336
0.5539	0.5539
0.5750	0.5750
0.5969	0.5969
0.6196	0.6196
0.6432	0.6432
0.6677	0.6677
0.6932	0.6932
0.7196	0.7196
0.7470	0.7470
0.7754	0.7754
0.8050	0.8050
0.8356	0.8356
0.8674	0.8674
0.9005	0.9005
0.9348	0.9348
0.9704	0.9704
1.007	1.007
1.046	1.046
1.086	1.086
1.127	1.127
1.170	1.170
1.214	1.214
1.261	1.261
1.309	1.309
1.358	1.358
1.410	1.410
1.464	1.464
1.520	1.520
1.578	1.578
1.638	1.638
1.700	1.700
1.765	1.765
1.832	1.832
1.902	1.902
1.974	1.974
2.049	2.049
2.127	2.127
2.208	2.208
2.293	2.293
2.380	2.380
2.470	2.470
2.565	2.565
2.662	2.662
2.764	2.764
2.869	2.869
2.978	2.978
3.092	3.092
3.209	3.209
3.332	3.332
3.458	3.458
3.590	3.590
3.727	3.727
3.869	3.869
4.016	4.016
4.169	4.169
4.328	4.328
4.493	4.493
4.664	4.664
4.841	4.841
5.026	5.026
5.217	5.217
5.416	5.416
5.622	5.622
5.836	5.836
6.059	6.059
6.289	6.289
6.529	6.529
6.778	6.778
7.036	7.036
7.304	7.304
7.582	7.582
7.871	7.871
8.170	8.170
8.482	8.482
8.805	8.805
9.140	9.140
9.488	9.488
9.849	9.849
10.22	10.22
10.61	10.61
11.02	11.02
11.44	11.44
11.87	11.87
12.33	12.33
12.80	12.80
13.28	13.28
13.79	13.79
14.31	14.31
14.86	14.86
15.42	15.42
16.01	16.01
16.62	16.62
17.25	17.25
17.91	17.91
18.59	18.59
19.30	19.30
20.04	20.04
20.80	20.80
21.59	21.59
22.42	22.42
23.27	23.27
24.16	24.16
25.08	25.08
26.03	26.03
27.02	27.02
28.05	28.05
29.12	29.12
30.23	30.23
31.38	31.38
32.57	32.57
33.82	33.82
35.10	35.10
36.44	36.44
37.83	37.83
39.27	39.27
40.76	40.76
42.32	42.32
43.93	43.93
45.60	45.60
47.34	47.34
49.14	49.14
51.01	51.01
52.96	52.96
54.97	54.97
57.07	57.07
59.24	59.24
61.50	61.50
63.84	63.84
66.27	66.27
68.79	68.79
71.41	71.41
74.13	74.13
76.96	76.96
79.89	79.89
82.93	82.93
86.09	86.09
89.37	89.37
92.77	92.77
96.31	96.31
99.97	99.97
103.8	103.8
107.7	107.7
111.8	111.8
116.1	116.1
120.5	120.5
125.1	125.1
129.9	129.9
134.8	134.8
140.0	140.0
145.3	145.3
150.8	150.8
156.6	156.6
162.5	162.5
168.7	168.7
175.1	175.1
181.8	181.8
188.7	188.7
195.9	195.9
203.4	203.4
211.1	211.1
219.2	219.2
227.5	227.5
236.2	236.2
245.2	245.2
254.5	254.5
264.2	264.2
274.3	274.3
284.7	284.7
295.6	295.6
306.8	306.8
318.5	318.5
330.6	330.6
343.2	343.2
356.3	356.3
369.9	369.9
384.0	384.0
398.6	398.6
413.8	413.8
429.5	429.5
445.9	445.9
462.9	462.9
480.5	480.5
498.8	498.8
517.8	517.8
537.5	537.5
558.0	558.0
579.2	579.2
601.3	601.3
624.2	624.2
648.0	648.0
672.6	672.6
698.3	698.3
724.9	724.9
752.5	752.5
781.1	781.1
810.9	810.9
841.8	841.8
873.8	873.8
907.1	907.1
941.6	941.6
977.5	977.5
1015.	1015.
1053.	1053.
1094.	1094.
1135.	1135.
1178.	1178.
1223.	1223.
1270.	1270.
1318.	1318.
1368.	1368.
1421.	1421.
1475.	1475.
1531.	1531.
1589.	1589.
1650.	1650.
1712.	1712.
1778.	1778.
1845.	1845.
1916.	1916.
1989.	1989.
2064.	2064.
2143.	2143.
2225.	2225.
2309.	2309.
2397.	2397.
2489.	2489.
2583.	2583.
2682.	2682.
2784.	2784.
2890.	2890.
3000.	3000.
 
 
E/N (Td)    	Grid type                                                       
0.1000E-02	2.000
0.1038E-02	3.000
0.1078E-02	3.000
0.1119E-02	3.000
0.1161E-02	3.000
0.1205E-02	3.000
0.1251E-02	3.000
0.1299E-02	3.000
0.1349E-02	3.000
0.1400E-02	3.000
0.1453E-02	3.000
0.1509E-02	3.000
0.1566E-02	3.000
0.1626E-02	3.000
0.1688E-02	3.000
0.1752E-02	3.000
0.1819E-02	3.000
0.1888E-02	3.000
0.1960E-02	3.000
0.2034E-02	3.000
0.2112E-02	3.000
0.2192E-02	3.000
0.2276E-02	3.000
0.2362E-02	3.000
0.2452E-02	3.000
0.2546E-02	3.000
0.2643E-02	3.000
0.2743E-02	3.000
0.2848E-02	3.000
0.2956E-02	3.000
0.3069E-02	3.000
0.3186E-02	3.000
0.3307E-02	3.000
0.3433E-02	3.000
0.3564E-02	3.000
0.3700E-02	3.000
0.3841E-02	3.000
0.3987E-02	3.000
0.4139E-02	3.000
0.4296E-02	3.000
0.4460E-02	3.000
0.4630E-02	3.000
0.4806E-02	3.000
0.4989E-02	3.000
0.5179E-02	3.000
0.5377E-02	3.000
0.5581E-02	3.000
0.5794E-02	3.000
0.6015E-02	3.000
0.6244E-02	3.000
0.6481E-02	3.000
0.6728E-02	3.000
0.6985E-02	3.000
0.7251E-02	3.000
0.7527E-02	3.000
0.7813E-02	3.000
0.8111E-02	3.000
0.8420E-02	3.000
0.8741E-02	3.000
0.9073E-02	3.000
0.9419E-02	3.000
0.9778E-02	3.000
0.1015E-01	3.000
0.1054E-01	3.000
0.1094E-01	3.000
0.1135E-01	3.000
0.1179E-01	3.000
0.1224E-01	3.000
0.1270E-01	3.000
0.1319E-01	3.000
0.1369E-01	3.000
0.1421E-01	3.000
0.1475E-01	3.000
0.1531E-01	3.000
0.1590E-01	3.000
0.1650E-01	3.000
0.1713E-01	3.000
0.1778E-01	3.000
0.1846E-01	3.000
0.1916E-01	3.000
0.1989E-01	3.000
0.2065E-01	3.000
0.2144E-01	3.000
0.2225E-01	3.000
0.2310E-01	3.000
0.2398E-01	3.000
0.2489E-01	3.000
0.2584E-01	3.000
0.2682E-01	3.000
0.2785E-01	3.000
0.2891E-01	3.000
0.3001E-01	3.000
0.3115E-01	3.000
0.3234E-01	3.000
0.3357E-01	3.000
0.3485E-01	3.000
0.3617E-01	3.000
0.3755E-01	3.000
0.3898E-01	3.000
0.4047E-01	3.000
0.4201E-01	3.000
0.4361E-01	3.000
0.4527E-01	3.000
0.4699E-01	3.000
0.4878E-01	3.000
0.5064E-01	3.000
0.5257E-01	3.000
0.5457E-01	3.000
0.5665E-01	3.000
0.5881E-01	3.000
0.6105E-01	3.000
0.6337E-01	3.000
0.6579E-01	3.000
0.6829E-01	3.000
0.7089E-01	3.000
0.7359E-01	3.000
0.7640E-01	3.000
0.7931E-01	3.000
0.8233E-01	3.000
0.8546E-01	3.000
0.8872E-01	3.000
0.9210E-01	3.000
0.9560E-01	3.000
0.9924E-01	3.000
0.1030	3.000
0.1069	3.000
0.1110	3.000
0.1152	3.000
0.1196	3.000
0.1242	3.000
0.1289	3.000
0.1338	3.000
0.1389	3.000
0.1442	3.000
0.1497	3.000
0.1554	3.000
0.1613	3.000
0.1675	3.000
0.1739	3.000
0.1805	3.000
0.1874	3.000
0.1945	3.000
0.2019	3.000
0.2096	3.000
0.2176	3.000
0.2259	3.000
0.2345	3.000
0.2434	3.000
0.2527	3.000
0.2623	3.000
0.2723	3.000
0.2826	3.000
0.2934	3.000
0.3046	3.000
0.3162	3.000
0.3282	3.000
0.3407	3.000
0.3537	3.000
0.3672	3.000
0.3812	3.000
0.3957	3.000
0.4107	3.000
0.4264	3.000
0.4426	3.000
0.4595	3.000
0.4770	3.000
0.4952	3.000
0.5140	3.000
0.5336	3.000
0.5539	3.000
0.5750	3.000
0.5969	3.000
0.6196	3.000
0.6432	3.000
0.6677	3.000
0.6932	3.000
0.7196	3.000
0.7470	3.000
0.7754	3.000
0.8050	3.000
0.8356	3.000
0.8674	3.000
0.9005	3.000
0.9348	3.000
0.9704	3.000
1.007	3.000
1.046	3.000
1.086	3.000
1.127	3.000
1.170	3.000
1.214	3.000
1.261	3.000
1.309	3.000
1.358	3.000
1.410	3.000
1.464	3.000
1.520	3.000
1.578	3.000
1.638	3.000
1.700	3.000
1.765	3.000
1.832	3.000
1.902	3.000
1.974	3.000
2.049	3.000
2.127	3.000
2.208	3.000
2.293	3.000
2.380	3.000
2.470	3.000
2.565	3.000
2.662	3.000
2.764	3.000
2.869	3.000
2.978	3.000
3.092	3.000
3.209	3.000
3.332	3.000
3.458	3.000
3.590	3.000
3.727	3.000
3.869	3.000
4.016	3.000
4.169	3.000
4.328	3.000
4.493	3.000
4.664	3.000
4.841	3.000
5.026	3.000
5.217	3.000
5.416	3.000
5.622	3.000
5.836	3.000
6.059	3.000
6.289	3.000
6.529	3.000
6.778	3.000
7.036	3.000
7.304	3.000
7.582	3.000
7.871	3.000
8.170	3.000
8.482	3.000
8.805	3.000
9.140	3.000
9.488	3.000
9.849	3.000
10.22	3.000
10.61	3.000
11.02	3.000
11.44	3.000
11.87	3.000
12.33	3.000
12.80	3.000
13.28	3.000
13.79	3.000
14.31	3.000
14.86	3.000
15.42	3.000
16.01	3.000
16.62	3.000
17.25	3.000
17.91	3.000
18.59	3.000
19.30	3.000
20.04	3.000
20.80	3.000
21.59	3.000
22.42	3.000
23.27	3.000
24.16	3.000
25.08	3.000
26.03	3.000
27.02	3.000
28.05	3.000
29.12	3.000
30.23	3.000
31.38	3.000
32.57	3.000
33.82	3.000
35.10	3.000
36.44	3.000
37.83	3.000
39.27	3.000
40.76	3.000
42.32	3.000
43.93	3.000
45.60	3.000
47.34	3.000
49.14	3.000
51.01	3.000
52.96	3.000
54.97	3.000
57.07	3.000
59.24	3.000
61.50	3.000
63.84	3.000
66.27	3.000
68.79	3.000
71.41	3.000
74.13	3.000
76.96	3.000
79.89	3.000
82.93	3.000
86.09	3.000
89.37	3.000
92.77	3.000
96.31	3.000
99.97	3.000
103.8	3.000
107.7	3.000
111.8	3.000
116.1	3.000
120.5	3.000
125.1	3.000
129.9	3.000
134.8	3.000
140.0	3.000
145.3	3.000
150.8	3.000
156.6	3.000
162.5	3.000
168.7	3.000
175.1	3.000
181.8	3.000
188.7	3.000
195.9	3.000
203.4	3.000
211.1	3.000
219.2	3.000
227.5	3.000
236.2	3.000
245.2	3.000
254.5	3.000
264.2	3.000
274.3	3.000
284.7	3.000
295.6	3.000
306.8	3.000
318.5	3.000
330.6	3.000
343.2	3.000
356.3	3.000
369.9	3.000
384.0	3.000
398.6	3.000
413.8	3.000
429.5	3.000
445.9	3.000
462.9	3.000
480.5	3.000
498.8	3.000
517.8	3.000
537.5	3.000
558.0	3.000
579.2	3.000
601.3	3.000
624.2	3.000
648.0	3.000
672.6	3.000
698.3	3.000
724.9	3.000
752.5	3.000
781.1	3.000
810.9	3.000
841.8	3.000
873.8	3.000
907.1	3.000
941.6	3.000
977.5	3.000
1015.	3.000
1053.	3.000
1094.	3.000
1135.	3.000
1178.	3.000
1223.	3.000
1270.	3.000
1318.	3.000
1368.	3.000
1421.	3.000
1475.	3.000
1531.	3.000
1589.	3.000
1650.	3.000
1712.	3.000
1778.	3.000
1845.	3.000
1916.	3.000
1989.	3.000
2064.	3.000
2143.	3.000
2225.	3.000
2309.	3.000
2397.	3.000
2489.	3.000
2583.	3.000
2682.	3.000
2784.	3.000
2890.	3.000
3000.	3.000
 
 
E/N (Td)    	Maximum energy                                                  
0.1000E-02	2000.
0.1038E-02	0.7500
0.1078E-02	0.7500
0.1119E-02	0.7500
0.1161E-02	0.7500
0.1205E-02	0.7500
0.1251E-02	0.7500
0.1299E-02	0.7500
0.1349E-02	0.7500
0.1400E-02	0.7500
0.1453E-02	0.7500
0.1509E-02	0.7500
0.1566E-02	0.7500
0.1626E-02	0.7500
0.1688E-02	0.7500
0.1752E-02	0.7500
0.1819E-02	0.7500
0.1888E-02	0.7500
0.1960E-02	0.7500
0.2034E-02	0.7500
0.2112E-02	0.7500
0.2192E-02	0.7500
0.2276E-02	0.7500
0.2362E-02	0.7500
0.2452E-02	0.7500
0.2546E-02	0.7500
0.2643E-02	0.7500
0.2743E-02	0.7500
0.2848E-02	0.7500
0.2956E-02	0.7500
0.3069E-02	0.7500
0.3186E-02	0.7500
0.3307E-02	0.7500
0.3433E-02	0.7500
0.3564E-02	0.7500
0.3700E-02	0.7500
0.3841E-02	0.7500
0.3987E-02	0.7500
0.4139E-02	0.7500
0.4296E-02	0.7500
0.4460E-02	0.7500
0.4630E-02	0.7500
0.4806E-02	0.7500
0.4989E-02	0.7500
0.5179E-02	0.7500
0.5377E-02	0.7500
0.5581E-02	0.7500
0.5794E-02	0.7500
0.6015E-02	0.7500
0.6244E-02	0.7500
0.6481E-02	0.7500
0.6728E-02	0.7500
0.6985E-02	0.7500
0.7251E-02	0.7500
0.7527E-02	0.7500
0.7813E-02	0.7500
0.8111E-02	0.7500
0.8420E-02	0.7500
0.8741E-02	0.7500
0.9073E-02	0.7500
0.9419E-02	0.7500
0.9778E-02	0.7500
0.1015E-01	0.7500
0.1054E-01	0.7500
0.1094E-01	0.7500
0.1135E-01	0.7500
0.1179E-01	0.7500
0.1224E-01	0.7500
0.1270E-01	0.7500
0.1319E-01	0.7500
0.1369E-01	0.7500
0.1421E-01	0.7500
0.1475E-01	0.7500
0.1531E-01	0.7500
0.1590E-01	0.7500
0.1650E-01	0.7500
0.1713E-01	0.7500
0.1778E-01	0.7500
0.1846E-01	0.7500
0.1916E-01	0.7500
0.1989E-01	0.7500
0.2065E-01	0.7500
0.2144E-01	0.7500
0.2225E-01	0.7500
0.2310E-01	0.7500
0.2398E-01	0.7500
0.2489E-01	0.7500
0.2584E-01	0.7500
0.2682E-01	0.7500
0.2785E-01	0.7500
0.2891E-01	0.7500
0.3001E-01	0.7500
0.3115E-01	0.7500
0.3234E-01	0.7500
0.3357E-01	0.7500
0.3485E-01	0.7500
0.3617E-01	0.7500
0.3755E-01	0.7500
0.3898E-01	0.7500
0.4047E-01	0.7500
0.4201E-01	0.7500
0.4361E-01	0.7500
0.4527E-01	0.7500
0.4699E-01	0.7500
0.4878E-01	0.7500
0.5064E-01	0.7500
0.5257E-01	0.7500
0.5457E-01	0.7500
0.5665E-01	0.7500
0.5881E-01	0.7500
0.6105E-01	0.7500
0.6337E-01	0.7500
0.6579E-01	0.7500
0.6829E-01	0.7500
0.7089E-01	0.7500
0.7359E-01	0.7500
0.7640E-01	0.7500
0.7931E-01	0.7500
0.8233E-01	0.7500
0.8546E-01	0.7500
0.8872E-01	0.7500
0.9210E-01	0.7500
0.9560E-01	0.7500
0.9924E-01	0.7500
0.1030	0.7500
0.1069	0.7500
0.1110	0.7500
0.1152	0.7500
0.1196	0.7500
0.1242	0.7500
0.1289	0.7500
0.1338	0.8933
0.1389	0.8933
0.1442	0.8933
0.1497	0.8933
0.1554	0.8933
0.1613	0.8933
0.1675	0.8933
0.1739	0.8933
0.1805	0.8933
0.1874	0.8933
0.1945	0.8933
0.2019	0.8933
0.2096	0.8933
0.2176	0.8933
0.2259	0.8933
0.2345	0.8933
0.2434	0.8933
0.2527	0.8933
0.2623	0.8933
0.2723	0.8933
0.2826	0.8933
0.2934	0.8933
0.3046	0.8933
0.3162	0.8933
0.3282	0.8933
0.3407	0.8933
0.3537	1.064
0.3672	1.064
0.3812	1.064
0.3957	1.064
0.4107	1.064
0.4264	1.064
0.4426	1.064
0.4595	1.064
0.4770	1.064
0.4952	1.064
0.5140	1.064
0.5336	1.064
0.5539	1.064
0.5750	1.064
0.5969	1.267
0.6196	1.267
0.6432	1.267
0.6677	1.267
0.6932	1.267
0.7196	1.267
0.7470	1.509
0.7754	1.509
0.8050	1.509
0.8356	1.797
0.8674	1.797
0.9005	1.797
0.9348	2.141
0.9704	2.141
1.007	2.141
1.046	2.141
1.086	2.549
1.127	2.549
1.170	2.549
1.214	2.549
1.261	3.036
1.309	3.036
1.358	3.036
1.410	3.036
1.464	3.616
1.520	3.616
1.578	3.616
1.638	3.616
1.700	3.616
1.765	4.307
1.832	4.307
1.902	4.307
1.974	4.307
2.049	4.307
2.127	5.130
2.208	5.130
2.293	5.130
2.380	5.130
2.470	5.130
2.565	5.130
2.662	5.130
2.764	6.109
2.869	6.109
2.978	6.109
3.092	6.109
3.209	6.109
3.332	6.109
3.458	6.109
3.590	7.276
3.727	7.276
3.869	7.276
4.016	7.276
4.169	7.276
4.328	7.276
4.493	7.276
4.664	7.276
4.841	7.276
5.026	7.276
5.217	8.666
5.416	8.666
5.622	8.666
5.836	8.666
6.059	8.666
6.289	8.666
6.529	8.666
6.778	8.666
7.036	8.666
7.304	8.666
7.582	10.32
7.871	10.32
8.170	10.32
8.482	10.32
8.805	10.32
9.140	10.32
9.488	10.32
9.849	10.32
10.22	10.32
10.61	12.29
11.02	12.29
11.44	12.29
11.87	12.29
12.33	12.29
12.80	12.29
13.28	12.29
13.79	12.29
14.31	12.29
14.86	14.62
15.42	14.62
16.01	14.62
16.62	14.62
17.25	14.62
17.91	14.62
18.59	14.62
19.30	14.62
20.04	14.62
20.80	17.37
21.59	17.37
22.42	17.37
23.27	17.37
24.16	17.37
25.08	17.37
26.03	17.37
27.02	17.37
28.05	20.62
29.12	20.62
30.23	20.62
31.38	20.62
32.57	20.62
33.82	20.62
35.10	20.62
36.44	20.62
37.83	24.46
39.27	24.46
40.76	24.46
42.32	24.46
43.93	24.46
45.60	24.46
47.34	24.46
49.14	24.46
51.01	29.01
52.96	29.01
54.97	29.01
57.07	29.01
59.24	29.01
61.50	29.01
63.84	29.01
66.27	34.38
68.79	34.38
71.41	34.38
74.13	34.38
76.96	34.38
79.89	34.38
82.93	40.72
86.09	40.72
89.37	40.72
92.77	40.72
96.31	40.72
99.97	40.72
103.8	40.72
107.7	48.23
111.8	48.23
116.1	48.23
120.5	48.23
125.1	48.23
129.9	48.23
134.8	57.10
140.0	57.10
145.3	57.10
150.8	57.10
156.6	57.10
162.5	67.58
168.7	67.58
175.1	67.58
181.8	67.58
188.7	67.58
195.9	67.58
203.4	79.98
211.1	79.98
219.2	79.98
227.5	79.98
236.2	79.98
245.2	94.63
254.5	94.63
264.2	94.63
274.3	94.63
284.7	94.63
295.6	111.9
306.8	111.9
318.5	111.9
330.6	111.9
343.2	111.9
356.3	132.4
369.9	132.4
384.0	132.4
398.6	132.4
413.8	156.6
429.5	156.6
445.9	156.6
462.9	156.6
480.5	156.6
498.8	185.2
517.8	185.2
537.5	185.2
558.0	185.2
579.2	219.0
601.3	219.0
624.2	219.0
648.0	219.0
672.6	259.0
698.3	259.0
724.9	259.0
752.5	259.0
781.1	306.3
810.9	306.3
841.8	306.3
873.8	306.3
907.1	362.1
941.6	362.1
977.5	362.1
1015.	428.1
1053.	428.1
1094.	428.1
1135.	428.1
1178.	506.2
1223.	506.2
1270.	506.2
1318.	598.4
1368.	598.4
1421.	598.4
1475.	707.5
1531.	707.5
1589.	707.5
1650.	707.5
1712.	836.4
1778.	836.4
1845.	836.4
1916.	988.8
1989.	988.8
2064.	988.8
2143.	1169.
2225.	1169.
2309.	1382.
2397.	1382.
2489.	1382.
2583.	1633.
2682.	1633.
2784.	1633.
2890.	1931.
3000.	1931.
 
 
E/N (Td)	Mean energy (eV)
0.1000E-02	0.3881E-01
0.1038E-02	0.3881E-01
0.1078E-02	0.3881E-01
0.1119E-02	0.3881E-01
0.1161E-02	0.3882E-01
0.1205E-02	0.3882E-01
0.1251E-02	0.3882E-01
0.1299E-02	0.3883E-01
0.1349E-02	0.3883E-01
0.1400E-02	0.3883E-01
0.1453E-02	0.3884E-01
0.1509E-02	0.3884E-01
0.1566E-02	0.3885E-01
0.1626E-02	0.3885E-01
0.1688E-02	0.3886E-01
0.1752E-02	0.3886E-01
0.1819E-02	0.3887E-01
0.1888E-02	0.3888E-01
0.1960E-02	0.3888E-01
0.2034E-02	0.3889E-01
0.2112E-02	0.3890E-01
0.2192E-02	0.3891E-01
0.2276E-02	0.3892E-01
0.2362E-02	0.3893E-01
0.2452E-02	0.3894E-01
0.2546E-02	0.3895E-01
0.2643E-02	0.3897E-01
0.2743E-02	0.3898E-01
0.2848E-02	0.3900E-01
0.2956E-02	0.3901E-01
0.3069E-02	0.3903E-01
0.3186E-02	0.3905E-01
0.3307E-02	0.3907E-01
0.3433E-02	0.3909E-01
0.3564E-02	0.3912E-01
0.3700E-02	0.3914E-01
0.3841E-02	0.3917E-01
0.3987E-02	0.3920E-01
0.4139E-02	0.3923E-01
0.4296E-02	0.3927E-01
0.4460E-02	0.3930E-01
0.4630E-02	0.3934E-01
0.4806E-02	0.3938E-01
0.4989E-02	0.3943E-01
0.5179E-02	0.3948E-01
0.5377E-02	0.3953E-01
0.5581E-02	0.3958E-01
0.5794E-02	0.3964E-01
0.6015E-02	0.3971E-01
0.6244E-02	0.3978E-01
0.6481E-02	0.3985E-01
0.6728E-02	0.3993E-01
0.6985E-02	0.4001E-01
0.7251E-02	0.4010E-01
0.7527E-02	0.4020E-01
0.7813E-02	0.4030E-01
0.8111E-02	0.4041E-01
0.8420E-02	0.4053E-01
0.8741E-02	0.4065E-01
0.9073E-02	0.4079E-01
0.9419E-02	0.4093E-01
0.9778E-02	0.4108E-01
0.1015E-01	0.4125E-01
0.1054E-01	0.4142E-01
0.1094E-01	0.4160E-01
0.1135E-01	0.4180E-01
0.1179E-01	0.4201E-01
0.1224E-01	0.4223E-01
0.1270E-01	0.4247E-01
0.1319E-01	0.4272E-01
0.1369E-01	0.4298E-01
0.1421E-01	0.4326E-01
0.1475E-01	0.4356E-01
0.1531E-01	0.4388E-01
0.1590E-01	0.4421E-01
0.1650E-01	0.4456E-01
0.1713E-01	0.4493E-01
0.1778E-01	0.4532E-01
0.1846E-01	0.4572E-01
0.1916E-01	0.4615E-01
0.1989E-01	0.4660E-01
0.2065E-01	0.4708E-01
0.2144E-01	0.4757E-01
0.2225E-01	0.4809E-01
0.2310E-01	0.4862E-01
0.2398E-01	0.4918E-01
0.2489E-01	0.4977E-01
0.2584E-01	0.5037E-01
0.2682E-01	0.5100E-01
0.2785E-01	0.5165E-01
0.2891E-01	0.5232E-01
0.3001E-01	0.5301E-01
0.3115E-01	0.5373E-01
0.3234E-01	0.5446E-01
0.3357E-01	0.5521E-01
0.3485E-01	0.5598E-01
0.3617E-01	0.5677E-01
0.3755E-01	0.5757E-01
0.3898E-01	0.5838E-01
0.4047E-01	0.5921E-01
0.4201E-01	0.6005E-01
0.4361E-01	0.6090E-01
0.4527E-01	0.6175E-01
0.4699E-01	0.6261E-01
0.4878E-01	0.6348E-01
0.5064E-01	0.6434E-01
0.5257E-01	0.6521E-01
0.5457E-01	0.6607E-01
0.5665E-01	0.6693E-01
0.5881E-01	0.6778E-01
0.6105E-01	0.6863E-01
0.6337E-01	0.6946E-01
0.6579E-01	0.7028E-01
0.6829E-01	0.7110E-01
0.7089E-01	0.7189E-01
0.7359E-01	0.7268E-01
0.7640E-01	0.7344E-01
0.7931E-01	0.7420E-01
0.8233E-01	0.7493E-01
0.8546E-01	0.7565E-01
0.8872E-01	0.7636E-01
0.9210E-01	0.7705E-01
0.9560E-01	0.7773E-01
0.9924E-01	0.7839E-01
0.1030	0.7904E-01
0.1069	0.7968E-01
0.1110	0.8031E-01
0.1152	0.8093E-01
0.1196	0.8155E-01
0.1242	0.8216E-01
0.1289	0.8277E-01
0.1338	0.8338E-01
0.1389	0.8399E-01
0.1442	0.8461E-01
0.1497	0.8523E-01
0.1554	0.8586E-01
0.1613	0.8651E-01
0.1675	0.8716E-01
0.1739	0.8784E-01
0.1805	0.8853E-01
0.1874	0.8924E-01
0.1945	0.8997E-01
0.2019	0.9073E-01
0.2096	0.9151E-01
0.2176	0.9233E-01
0.2259	0.9317E-01
0.2345	0.9405E-01
0.2434	0.9496E-01
0.2527	0.9590E-01
0.2623	0.9688E-01
0.2723	0.9789E-01
0.2826	0.9894E-01
0.2934	0.1000
0.3046	0.1012
0.3162	0.1023
0.3282	0.1035
0.3407	0.1048
0.3537	0.1061
0.3672	0.1074
0.3812	0.1088
0.3957	0.1102
0.4107	0.1116
0.4264	0.1131
0.4426	0.1146
0.4595	0.1162
0.4770	0.1177
0.4952	0.1194
0.5140	0.1210
0.5336	0.1227
0.5539	0.1244
0.5750	0.1262
0.5969	0.1280
0.6196	0.1299
0.6432	0.1318
0.6677	0.1337
0.6932	0.1357
0.7196	0.1378
0.7470	0.1398
0.7754	0.1420
0.8050	0.1442
0.8356	0.1464
0.8674	0.1488
0.9005	0.1512
0.9348	0.1536
0.9704	0.1562
1.007	0.1588
1.046	0.1616
1.086	0.1645
1.127	0.1674
1.170	0.1705
1.214	0.1737
1.261	0.1770
1.309	0.1805
1.358	0.1841
1.410	0.1880
1.464	0.1919
1.520	0.1960
1.578	0.2003
1.638	0.2047
1.700	0.2097
1.765	0.2146
1.832	0.2197
1.902	0.2251
1.974	0.2308
2.049	0.2368
2.127	0.2433
2.208	0.2501
2.293	0.2573
2.380	0.2651
2.470	0.2734
2.565	0.2824
2.662	0.2932
2.764	0.3039
2.869	0.3156
2.978	0.3284
3.092	0.3424
3.209	0.3577
3.332	0.3744
3.458	0.3856
3.590	0.4050
3.727	0.4263
3.869	0.4495
4.016	0.4748
4.169	0.5023
4.328	0.5319
4.493	0.5638
4.664	0.5980
4.841	0.6345
5.026	0.6787
5.217	0.7196
5.416	0.7626
5.622	0.8075
5.836	0.8541
6.059	0.9023
6.289	0.9520
6.529	1.003
6.778	1.055
7.036	1.108
7.304	1.165
7.582	1.220
7.871	1.274
8.170	1.329
8.482	1.384
8.805	1.439
9.140	1.494
9.488	1.548
9.849	1.602
10.22	1.658
10.61	1.711
11.02	1.763
11.44	1.814
11.87	1.864
12.33	1.914
12.80	1.962
13.28	2.010
13.79	2.057
14.31	2.103
14.86	2.148
15.42	2.192
16.01	2.235
16.62	2.278
17.25	2.319
17.91	2.360
18.59	2.401
19.30	2.441
20.04	2.477
20.80	2.516
21.59	2.555
22.42	2.594
23.27	2.632
24.16	2.671
25.08	2.709
26.03	2.748
27.02	2.788
28.05	2.827
29.12	2.866
30.23	2.905
31.38	2.945
32.57	2.985
33.82	3.026
35.10	3.067
36.44	3.109
37.83	3.152
39.27	3.195
40.76	3.239
42.32	3.284
43.93	3.330
45.60	3.377
47.34	3.424
49.14	3.472
51.01	3.522
52.96	3.573
54.97	3.625
57.07	3.678
59.24	3.732
61.50	3.788
63.84	3.844
66.27	3.903
68.79	3.962
71.41	4.024
74.13	4.086
76.96	4.151
79.89	4.217
82.93	4.284
86.09	4.354
89.37	4.425
92.77	4.498
96.31	4.574
99.97	4.651
103.8	4.731
107.7	4.812
111.8	4.897
116.1	4.983
120.5	5.072
125.1	5.164
129.9	5.259
134.8	5.357
140.0	5.457
145.3	5.561
150.8	5.668
156.6	5.779
162.5	5.893
168.7	6.011
175.1	6.133
181.8	6.259
188.7	6.390
195.9	6.524
203.4	6.664
211.1	6.808
219.2	6.958
227.5	7.113
236.2	7.273
245.2	7.438
254.5	7.610
264.2	7.787
274.3	7.971
284.7	8.161
295.6	8.358
306.8	8.562
318.5	8.772
330.6	8.990
343.2	9.215
356.3	9.448
369.9	9.688
384.0	9.937
398.6	10.19
413.8	10.46
429.5	10.73
445.9	11.02
462.9	11.31
480.5	11.61
498.8	11.92
517.8	12.25
537.5	12.58
558.0	12.92
579.2	13.28
601.3	13.64
624.2	14.02
648.0	14.41
672.6	14.81
698.3	15.22
724.9	15.65
752.5	16.09
781.1	16.55
810.9	17.02
841.8	17.51
873.8	18.01
907.1	18.53
941.6	19.07
977.5	19.62
1015.	20.20
1053.	20.79
1094.	21.41
1135.	22.04
1178.	22.70
1223.	23.38
1270.	24.09
1318.	24.82
1368.	25.58
1421.	26.37
1475.	27.19
1531.	28.04
1589.	28.92
1650.	29.84
1712.	30.79
1778.	31.78
1845.	32.81
1916.	33.88
1989.	35.00
2064.	36.16
2143.	37.38
2225.	38.64
2309.	39.96
2397.	41.33
2489.	42.77
2583.	44.27
2682.	45.84
2784.	47.48
2890.	49.20
3000.	51.00
 
 
E/N (Td)	Mobility *N (1/m/V/s)
0.1000E-02	0.9996E+26
0.1038E-02	0.9954E+26
0.1078E-02	0.9952E+26
0.1119E-02	0.9950E+26
0.1161E-02	0.9947E+26
0.1205E-02	0.9944E+26
0.1251E-02	0.9941E+26
0.1299E-02	0.9938E+26
0.1349E-02	0.9935E+26
0.1400E-02	0.9931E+26
0.1453E-02	0.9927E+26
0.1509E-02	0.9923E+26
0.1566E-02	0.9919E+26
0.1626E-02	0.9914E+26
0.1688E-02	0.9909E+26
0.1752E-02	0.9904E+26
0.1819E-02	0.9898E+26
0.1888E-02	0.9892E+26
0.1960E-02	0.9886E+26
0.2034E-02	0.9879E+26
0.2112E-02	0.9871E+26
0.2192E-02	0.9864E+26
0.2276E-02	0.9855E+26
0.2362E-02	0.9846E+26
0.2452E-02	0.9837E+26
0.2546E-02	0.9827E+26
0.2643E-02	0.9817E+26
0.2743E-02	0.9805E+26
0.2848E-02	0.9793E+26
0.2956E-02	0.9781E+26
0.3069E-02	0.9767E+26
0.3186E-02	0.9753E+26
0.3307E-02	0.9738E+26
0.3433E-02	0.9723E+26
0.3564E-02	0.9706E+26
0.3700E-02	0.9688E+26
0.3841E-02	0.9669E+26
0.3987E-02	0.9650E+26
0.4139E-02	0.9629E+26
0.4296E-02	0.9607E+26
0.4460E-02	0.9583E+26
0.4630E-02	0.9559E+26
0.4806E-02	0.9533E+26
0.4989E-02	0.9505E+26
0.5179E-02	0.9477E+26
0.5377E-02	0.9446E+26
0.5581E-02	0.9414E+26
0.5794E-02	0.9380E+26
0.6015E-02	0.9345E+26
0.6244E-02	0.9307E+26
0.6481E-02	0.9268E+26
0.6728E-02	0.9226E+26
0.6985E-02	0.9183E+26
0.7251E-02	0.9137E+26
0.7527E-02	0.9089E+26
0.7813E-02	0.9038E+26
0.8111E-02	0.8985E+26
0.8420E-02	0.8930E+26
0.8741E-02	0.8871E+26
0.9073E-02	0.8810E+26
0.9419E-02	0.8746E+26
0.9778E-02	0.8680E+26
0.1015E-01	0.8610E+26
0.1054E-01	0.8537E+26
0.1094E-01	0.8461E+26
0.1135E-01	0.8382E+26
0.1179E-01	0.8300E+26
0.1224E-01	0.8215E+26
0.1270E-01	0.8126E+26
0.1319E-01	0.8034E+26
0.1369E-01	0.7938E+26
0.1421E-01	0.7840E+26
0.1475E-01	0.7738E+26
0.1531E-01	0.7633E+26
0.1590E-01	0.7525E+26
0.1650E-01	0.7414E+26
0.1713E-01	0.7300E+26
0.1778E-01	0.7183E+26
0.1846E-01	0.7064E+26
0.1916E-01	0.6942E+26
0.1989E-01	0.6817E+26
0.2065E-01	0.6691E+26
0.2144E-01	0.6562E+26
0.2225E-01	0.6432E+26
0.2310E-01	0.6301E+26
0.2398E-01	0.6168E+26
0.2489E-01	0.6035E+26
0.2584E-01	0.5900E+26
0.2682E-01	0.5766E+26
0.2785E-01	0.5631E+26
0.2891E-01	0.5497E+26
0.3001E-01	0.5364E+26
0.3115E-01	0.5231E+26
0.3234E-01	0.5100E+26
0.3357E-01	0.4970E+26
0.3485E-01	0.4842E+26
0.3617E-01	0.4716E+26
0.3755E-01	0.4592E+26
0.3898E-01	0.4471E+26
0.4047E-01	0.4353E+26
0.4201E-01	0.4237E+26
0.4361E-01	0.4125E+26
0.4527E-01	0.4017E+26
0.4699E-01	0.3912E+26
0.4878E-01	0.3811E+26
0.5064E-01	0.3713E+26
0.5257E-01	0.3619E+26
0.5457E-01	0.3530E+26
0.5665E-01	0.3444E+26
0.5881E-01	0.3362E+26
0.6105E-01	0.3284E+26
0.6337E-01	0.3210E+26
0.6579E-01	0.3140E+26
0.6829E-01	0.3073E+26
0.7089E-01	0.3010E+26
0.7359E-01	0.2951E+26
0.7640E-01	0.2895E+26
0.7931E-01	0.2842E+26
0.8233E-01	0.2792E+26
0.8546E-01	0.2745E+26
0.8872E-01	0.2701E+26
0.9210E-01	0.2659E+26
0.9560E-01	0.2620E+26
0.9924E-01	0.2583E+26
0.1030	0.2548E+26
0.1069	0.2516E+26
0.1110	0.2484E+26
0.1152	0.2455E+26
0.1196	0.2427E+26
0.1242	0.2400E+26
0.1289	0.2374E+26
0.1338	0.2350E+26
0.1389	0.2326E+26
0.1442	0.2303E+26
0.1497	0.2281E+26
0.1554	0.2260E+26
0.1613	0.2239E+26
0.1675	0.2218E+26
0.1739	0.2198E+26
0.1805	0.2178E+26
0.1874	0.2158E+26
0.1945	0.2139E+26
0.2019	0.2119E+26
0.2096	0.2099E+26
0.2176	0.2080E+26
0.2259	0.2060E+26
0.2345	0.2040E+26
0.2434	0.2020E+26
0.2527	0.1999E+26
0.2623	0.1979E+26
0.2723	0.1958E+26
0.2826	0.1936E+26
0.2934	0.1915E+26
0.3046	0.1893E+26
0.3162	0.1871E+26
0.3282	0.1848E+26
0.3407	0.1825E+26
0.3537	0.1802E+26
0.3672	0.1779E+26
0.3812	0.1756E+26
0.3957	0.1732E+26
0.4107	0.1708E+26
0.4264	0.1685E+26
0.4426	0.1661E+26
0.4595	0.1637E+26
0.4770	0.1613E+26
0.4952	0.1589E+26
0.5140	0.1565E+26
0.5336	0.1541E+26
0.5539	0.1518E+26
0.5750	0.1494E+26
0.5969	0.1471E+26
0.6196	0.1448E+26
0.6432	0.1426E+26
0.6677	0.1403E+26
0.6932	0.1382E+26
0.7196	0.1360E+26
0.7470	0.1339E+26
0.7754	0.1318E+26
0.8050	0.1298E+26
0.8356	0.1278E+26
0.8674	0.1259E+26
0.9005	0.1240E+26
0.9348	0.1221E+26
0.9704	0.1202E+26
1.007	0.1184E+26
1.046	0.1166E+26
1.086	0.1149E+26
1.127	0.1132E+26
1.170	0.1115E+26
1.214	0.1101E+26
1.261	0.1084E+26
1.309	0.1068E+26
1.358	0.1053E+26
1.410	0.1032E+26
1.464	0.1017E+26
1.520	0.1002E+26
1.578	0.9871E+25
1.638	0.9722E+25
1.700	0.9574E+25
1.765	0.9428E+25
1.832	0.9282E+25
1.902	0.9138E+25
1.974	0.8993E+25
2.049	0.8835E+25
2.127	0.8691E+25
2.208	0.8546E+25
2.293	0.8402E+25
2.380	0.8257E+25
2.470	0.8112E+25
2.565	0.7966E+25
2.662	0.7826E+25
2.764	0.7676E+25
2.869	0.7525E+25
2.978	0.7373E+25
3.092	0.7218E+25
3.209	0.7063E+25
3.332	0.6905E+25
3.458	0.6747E+25
3.590	0.6586E+25
3.727	0.6424E+25
3.869	0.6261E+25
4.016	0.6098E+25
4.169	0.5934E+25
4.328	0.5771E+25
4.493	0.5608E+25
4.664	0.5447E+25
4.841	0.5288E+25
5.026	0.5135E+25
5.217	0.4981E+25
5.416	0.4832E+25
5.622	0.4686E+25
5.836	0.4546E+25
6.059	0.4410E+25
6.289	0.4279E+25
6.529	0.4155E+25
6.778	0.4036E+25
7.036	0.3923E+25
7.304	0.3798E+25
7.582	0.3698E+25
7.871	0.3604E+25
8.170	0.3515E+25
8.482	0.3431E+25
8.805	0.3353E+25
9.140	0.3279E+25
9.488	0.3210E+25
9.849	0.3146E+25
10.22	0.3093E+25
10.61	0.3036E+25
11.02	0.2982E+25
11.44	0.2932E+25
11.87	0.2886E+25
12.33	0.2842E+25
12.80	0.2801E+25
13.28	0.2762E+25
13.79	0.2726E+25
14.31	0.2695E+25
14.86	0.2662E+25
15.42	0.2632E+25
16.01	0.2603E+25
16.62	0.2575E+25
17.25	0.2549E+25
17.91	0.2524E+25
18.59	0.2500E+25
19.30	0.2478E+25
20.04	0.2457E+25
20.80	0.2435E+25
21.59	0.2415E+25
22.42	0.2395E+25
23.27	0.2376E+25
24.16	0.2358E+25
25.08	0.2340E+25
26.03	0.2322E+25
27.02	0.2302E+25
28.05	0.2285E+25
29.12	0.2268E+25
30.23	0.2252E+25
31.38	0.2236E+25
32.57	0.2220E+25
33.82	0.2204E+25
35.10	0.2188E+25
36.44	0.2173E+25
37.83	0.2158E+25
39.27	0.2142E+25
40.76	0.2126E+25
42.32	0.2111E+25
43.93	0.2095E+25
45.60	0.2079E+25
47.34	0.2064E+25
49.14	0.2048E+25
51.01	0.2032E+25
52.96	0.2016E+25
54.97	0.2000E+25
57.07	0.1985E+25
59.24	0.1969E+25
61.50	0.1953E+25
63.84	0.1936E+25
66.27	0.1920E+25
68.79	0.1904E+25
71.41	0.1888E+25
74.13	0.1871E+25
76.96	0.1855E+25
79.89	0.1839E+25
82.93	0.1822E+25
86.09	0.1805E+25
89.37	0.1789E+25
92.77	0.1772E+25
96.31	0.1755E+25
99.97	0.1739E+25
103.8	0.1722E+25
107.7	0.1705E+25
111.8	0.1688E+25
116.1	0.1671E+25
120.5	0.1654E+25
125.1	0.1637E+25
129.9	0.1619E+25
134.8	0.1602E+25
140.0	0.1585E+25
145.3	0.1568E+25
150.8	0.1550E+25
156.6	0.1533E+25
162.5	0.1516E+25
168.7	0.1498E+25
175.1	0.1481E+25
181.8	0.1463E+25
188.7	0.1446E+25
195.9	0.1428E+25
203.4	0.1411E+25
211.1	0.1393E+25
219.2	0.1376E+25
227.5	0.1358E+25
236.2	0.1341E+25
245.2	0.1323E+25
254.5	0.1306E+25
264.2	0.1289E+25
274.3	0.1271E+25
284.7	0.1254E+25
295.6	0.1237E+25
306.8	0.1220E+25
318.5	0.1203E+25
330.6	0.1186E+25
343.2	0.1169E+25
356.3	0.1152E+25
369.9	0.1136E+25
384.0	0.1119E+25
398.6	0.1103E+25
413.8	0.1087E+25
429.5	0.1071E+25
445.9	0.1055E+25
462.9	0.1039E+25
480.5	0.1024E+25
498.8	0.1009E+25
517.8	0.9939E+24
537.5	0.9791E+24
558.0	0.9645E+24
579.2	0.9502E+24
601.3	0.9360E+24
624.2	0.9221E+24
648.0	0.9086E+24
672.6	0.8951E+24
698.3	0.8819E+24
724.9	0.8689E+24
752.5	0.8561E+24
781.1	0.8436E+24
810.9	0.8312E+24
841.8	0.8191E+24
873.8	0.8073E+24
907.1	0.7956E+24
941.6	0.7841E+24
977.5	0.7729E+24
1015.	0.7618E+24
1053.	0.7510E+24
1094.	0.7403E+24
1135.	0.7298E+24
1178.	0.7195E+24
1223.	0.7094E+24
1270.	0.6995E+24
1318.	0.6897E+24
1368.	0.6801E+24
1421.	0.6706E+24
1475.	0.6613E+24
1531.	0.6522E+24
1589.	0.6432E+24
1650.	0.6344E+24
1712.	0.6257E+24
1778.	0.6172E+24
1845.	0.6088E+24
1916.	0.6005E+24
1989.	0.5924E+24
2064.	0.5844E+24
2143.	0.5765E+24
2225.	0.5688E+24
2309.	0.5612E+24
2397.	0.5538E+24
2489.	0.5465E+24
2583.	0.5392E+24
2682.	0.5322E+24
2784.	0.5252E+24
2890.	0.5184E+24
3000.	0.5117E+24
 
 
E/N (Td)	Diffusion coefficient *N (1/m/s)
0.1000E-02	0.2593E+25
0.1038E-02	0.2586E+25
0.1078E-02	0.2585E+25
0.1119E-02	0.2585E+25
0.1161E-02	0.2585E+25
0.1205E-02	0.2585E+25
0.1251E-02	0.2585E+25
0.1299E-02	0.2585E+25
0.1349E-02	0.2585E+25
0.1400E-02	0.2585E+25
0.1453E-02	0.2585E+25
0.1509E-02	0.2585E+25
0.1566E-02	0.2585E+25
0.1626E-02	0.2585E+25
0.1688E-02	0.2585E+25
0.1752E-02	0.2585E+25
0.1819E-02	0.2585E+25
0.1888E-02	0.2585E+25
0.1960E-02	0.2585E+25
0.2034E-02	0.2585E+25
0.2112E-02	0.2585E+25
0.2192E-02	0.2585E+25
0.2276E-02	0.2585E+25
0.2362E-02	0.2585E+25
0.2452E-02	0.2585E+25
0.2546E-02	0.2585E+25
0.2643E-02	0.2585E+25
0.2743E-02	0.2585E+25
0.2848E-02	0.2584E+25
0.2956E-02	0.2584E+25
0.3069E-02	0.2584E+25
0.3186E-02	0.2584E+25
0.3307E-02	0.2584E+25
0.3433E-02	0.2584E+25
0.3564E-02	0.2584E+25
0.3700E-02	0.2583E+25
0.3841E-02	0.2583E+25
0.3987E-02	0.2583E+25
0.4139E-02	0.2583E+25
0.4296E-02	0.2582E+25
0.4460E-02	0.2582E+25
0.4630E-02	0.2582E+25
0.4806E-02	0.2581E+25
0.4989E-02	0.2581E+25
0.5179E-02	0.2581E+25
0.5377E-02	0.2580E+25
0.5581E-02	0.2580E+25
0.5794E-02	0.2579E+25
0.6015E-02	0.2579E+25
0.6244E-02	0.2578E+25
0.6481E-02	0.2577E+25
0.6728E-02	0.2577E+25
0.6985E-02	0.2576E+25
0.7251E-02	0.2575E+25
0.7527E-02	0.2574E+25
0.7813E-02	0.2573E+25
0.8111E-02	0.2572E+25
0.8420E-02	0.2571E+25
0.8741E-02	0.2569E+25
0.9073E-02	0.2568E+25
0.9419E-02	0.2566E+25
0.9778E-02	0.2565E+25
0.1015E-01	0.2563E+25
0.1054E-01	0.2561E+25
0.1094E-01	0.2559E+25
0.1135E-01	0.2557E+25
0.1179E-01	0.2555E+25
0.1224E-01	0.2552E+25
0.1270E-01	0.2550E+25
0.1319E-01	0.2547E+25
0.1369E-01	0.2544E+25
0.1421E-01	0.2541E+25
0.1475E-01	0.2537E+25
0.1531E-01	0.2534E+25
0.1590E-01	0.2530E+25
0.1650E-01	0.2526E+25
0.1713E-01	0.2521E+25
0.1778E-01	0.2517E+25
0.1846E-01	0.2512E+25
0.1916E-01	0.2507E+25
0.1989E-01	0.2501E+25
0.2065E-01	0.2496E+25
0.2144E-01	0.2490E+25
0.2225E-01	0.2483E+25
0.2310E-01	0.2477E+25
0.2398E-01	0.2470E+25
0.2489E-01	0.2462E+25
0.2584E-01	0.2455E+25
0.2682E-01	0.2447E+25
0.2785E-01	0.2439E+25
0.2891E-01	0.2431E+25
0.3001E-01	0.2422E+25
0.3115E-01	0.2413E+25
0.3234E-01	0.2404E+25
0.3357E-01	0.2394E+25
0.3485E-01	0.2384E+25
0.3617E-01	0.2374E+25
0.3755E-01	0.2364E+25
0.3898E-01	0.2354E+25
0.4047E-01	0.2344E+25
0.4201E-01	0.2333E+25
0.4361E-01	0.2322E+25
0.4527E-01	0.2312E+25
0.4699E-01	0.2301E+25
0.4878E-01	0.2290E+25
0.5064E-01	0.2279E+25
0.5257E-01	0.2269E+25
0.5457E-01	0.2258E+25
0.5665E-01	0.2248E+25
0.5881E-01	0.2237E+25
0.6105E-01	0.2227E+25
0.6337E-01	0.2217E+25
0.6579E-01	0.2207E+25
0.6829E-01	0.2198E+25
0.7089E-01	0.2189E+25
0.7359E-01	0.2180E+25
0.7640E-01	0.2171E+25
0.7931E-01	0.2162E+25
0.8233E-01	0.2154E+25
0.8546E-01	0.2146E+25
0.8872E-01	0.2139E+25
0.9210E-01	0.2131E+25
0.9560E-01	0.2124E+25
0.9924E-01	0.2118E+25
0.1030	0.2111E+25
0.1069	0.2105E+25
0.1110	0.2099E+25
0.1152	0.2093E+25
0.1196	0.2087E+25
0.1242	0.2082E+25
0.1289	0.2075E+25
0.1338	0.2070E+25
0.1389	0.2065E+25
0.1442	0.2060E+25
0.1497	0.2055E+25
0.1554	0.2051E+25
0.1613	0.2046E+25
0.1675	0.2042E+25
0.1739	0.2037E+25
0.1805	0.2033E+25
0.1874	0.2028E+25
0.1945	0.2024E+25
0.2019	0.2019E+25
0.2096	0.2015E+25
0.2176	0.2010E+25
0.2259	0.2005E+25
0.2345	0.2001E+25
0.2434	0.1996E+25
0.2527	0.1991E+25
0.2623	0.1986E+25
0.2723	0.1982E+25
0.2826	0.1977E+25
0.2934	0.1971E+25
0.3046	0.1966E+25
0.3162	0.1961E+25
0.3282	0.1956E+25
0.3407	0.1949E+25
0.3537	0.1944E+25
0.3672	0.1938E+25
0.3812	0.1933E+25
0.3957	0.1927E+25
0.4107	0.1922E+25
0.4264	0.1917E+25
0.4426	0.1911E+25
0.4595	0.1906E+25
0.4770	0.1900E+25
0.4952	0.1895E+25
0.5140	0.1890E+25
0.5336	0.1885E+25
0.5539	0.1880E+25
0.5750	0.1874E+25
0.5969	0.1869E+25
0.6196	0.1864E+25
0.6432	0.1860E+25
0.6677	0.1856E+25
0.6932	0.1851E+25
0.7196	0.1846E+25
0.7470	0.1842E+25
0.7754	0.1839E+25
0.8050	0.1835E+25
0.8356	0.1832E+25
0.8674	0.1829E+25
0.9005	0.1823E+25
0.9348	0.1821E+25
0.9704	0.1820E+25
1.007	0.1818E+25
1.046	0.1814E+25
1.086	0.1814E+25
1.127	0.1813E+25
1.170	0.1813E+25
1.214	0.1811E+25
1.261	0.1811E+25
1.309	0.1813E+25
1.358	0.1814E+25
1.410	0.1811E+25
1.464	0.1813E+25
1.520	0.1816E+25
1.578	0.1819E+25
1.638	0.1822E+25
1.700	0.1820E+25
1.765	0.1825E+25
1.832	0.1830E+25
1.902	0.1836E+25
1.974	0.1842E+25
2.049	0.1842E+25
2.127	0.1850E+25
2.208	0.1858E+25
2.293	0.1867E+25
2.380	0.1876E+25
2.470	0.1886E+25
2.565	0.1897E+25
2.662	0.1902E+25
2.764	0.1916E+25
2.869	0.1930E+25
2.978	0.1946E+25
3.092	0.1963E+25
3.209	0.1982E+25
3.332	0.2002E+25
3.458	0.2010E+25
3.590	0.2033E+25
3.727	0.2059E+25
3.869	0.2086E+25
4.016	0.2116E+25
4.169	0.2149E+25
4.328	0.2184E+25
4.493	0.2221E+25
4.664	0.2262E+25
4.841	0.2305E+25
5.026	0.2362E+25
5.217	0.2411E+25
5.416	0.2462E+25
5.622	0.2516E+25
5.836	0.2571E+25
6.059	0.2629E+25
6.289	0.2689E+25
6.529	0.2750E+25
6.778	0.2812E+25
7.036	0.2876E+25
7.304	0.2935E+25
7.582	0.3001E+25
7.871	0.3067E+25
8.170	0.3133E+25
8.482	0.3200E+25
8.805	0.3266E+25
9.140	0.3333E+25
9.488	0.3398E+25
9.849	0.3463E+25
10.22	0.3540E+25
10.61	0.3602E+25
11.02	0.3663E+25
11.44	0.3723E+25
11.87	0.3782E+25
12.33	0.3839E+25
12.80	0.3895E+25
13.28	0.3949E+25
13.79	0.4002E+25
14.31	0.4059E+25
14.86	0.4109E+25
15.42	0.4157E+25
16.01	0.4205E+25
16.62	0.4251E+25
17.25	0.4296E+25
17.91	0.4339E+25
18.59	0.4382E+25
19.30	0.4424E+25
20.04	0.4455E+25
20.80	0.4495E+25
21.59	0.4534E+25
22.42	0.4573E+25
23.27	0.4612E+25
24.16	0.4649E+25
25.08	0.4686E+25
26.03	0.4723E+25
27.02	0.4759E+25
28.05	0.4795E+25
29.12	0.4831E+25
30.23	0.4867E+25
31.38	0.4902E+25
32.57	0.4938E+25
33.82	0.4973E+25
35.10	0.5009E+25
36.44	0.5054E+25
37.83	0.5090E+25
39.27	0.5126E+25
40.76	0.5162E+25
42.32	0.5198E+25
43.93	0.5234E+25
45.60	0.5271E+25
47.34	0.5308E+25
49.14	0.5342E+25
51.01	0.5380E+25
52.96	0.5418E+25
54.97	0.5456E+25
57.07	0.5495E+25
59.24	0.5534E+25
61.50	0.5573E+25
63.84	0.5609E+25
66.27	0.5649E+25
68.79	0.5690E+25
71.41	0.5731E+25
74.13	0.5773E+25
76.96	0.5815E+25
79.89	0.5856E+25
82.93	0.5900E+25
86.09	0.5943E+25
89.37	0.5987E+25
92.77	0.6032E+25
96.31	0.6077E+25
99.97	0.6123E+25
103.8	0.6172E+25
107.7	0.6219E+25
111.8	0.6266E+25
116.1	0.6314E+25
120.5	0.6363E+25
125.1	0.6412E+25
129.9	0.6463E+25
134.8	0.6513E+25
140.0	0.6565E+25
145.3	0.6617E+25
150.8	0.6670E+25
156.6	0.6723E+25
162.5	0.6777E+25
168.7	0.6833E+25
175.1	0.6889E+25
181.8	0.6946E+25
188.7	0.7004E+25
195.9	0.7063E+25
203.4	0.7122E+25
211.1	0.7183E+25
219.2	0.7244E+25
227.5	0.7307E+25
236.2	0.7369E+25
245.2	0.7433E+25
254.5	0.7499E+25
264.2	0.7566E+25
274.3	0.7633E+25
284.7	0.7705E+25
295.6	0.7775E+25
306.8	0.7846E+25
318.5	0.7918E+25
330.6	0.7991E+25
343.2	0.8062E+25
356.3	0.8138E+25
369.9	0.8215E+25
384.0	0.8294E+25
398.6	0.8377E+25
413.8	0.8458E+25
429.5	0.8540E+25
445.9	0.8624E+25
462.9	0.8710E+25
480.5	0.8795E+25
498.8	0.8883E+25
517.8	0.8973E+25
537.5	0.9065E+25
558.0	0.9160E+25
579.2	0.9256E+25
601.3	0.9353E+25
624.2	0.9453E+25
648.0	0.9557E+25
672.6	0.9660E+25
698.3	0.9767E+25
724.9	0.9875E+25
752.5	0.9987E+25
781.1	0.1010E+26
810.9	0.1022E+26
841.8	0.1034E+26
873.8	0.1046E+26
907.1	0.1059E+26
941.6	0.1071E+26
977.5	0.1085E+26
1015.	0.1098E+26
1053.	0.1112E+26
1094.	0.1127E+26
1135.	0.1142E+26
1178.	0.1157E+26
1223.	0.1173E+26
1270.	0.1189E+26
1318.	0.1206E+26
1368.	0.1223E+26
1421.	0.1241E+26
1475.	0.1259E+26
1531.	0.1278E+26
1589.	0.1297E+26
1650.	0.1318E+26
1712.	0.1339E+26
1778.	0.1361E+26
1845.	0.1383E+26
1916.	0.1406E+26
1989.	0.1431E+26
2064.	0.1456E+26
2143.	0.1482E+26
2225.	0.1509E+26
2309.	0.1538E+26
2397.	0.1567E+26
2489.	0.1598E+26
2583.	0.1630E+26
2682.	0.1663E+26
2784.	0.1698E+26
2890.	0.1734E+26
3000.	0.1772E+26
 
 
E/N (Td)	Energy mobility *N (1/m/V/s)
0.1000E-02	0.8922E+26
0.1038E-02	0.8929E+26
0.1078E-02	0.8928E+26
0.1119E-02	0.8928E+26
0.1161E-02	0.8927E+26
0.1205E-02	0.8926E+26
0.1251E-02	0.8925E+26
0.1299E-02	0.8924E+26
0.1349E-02	0.8923E+26
0.1400E-02	0.8922E+26
0.1453E-02	0.8920E+26
0.1509E-02	0.8919E+26
0.1566E-02	0.8917E+26
0.1626E-02	0.8916E+26
0.1688E-02	0.8914E+26
0.1752E-02	0.8912E+26
0.1819E-02	0.8910E+26
0.1888E-02	0.8908E+26
0.1960E-02	0.8906E+26
0.2034E-02	0.8903E+26
0.2112E-02	0.8901E+26
0.2192E-02	0.8898E+26
0.2276E-02	0.8895E+26
0.2362E-02	0.8891E+26
0.2452E-02	0.8888E+26
0.2546E-02	0.8884E+26
0.2643E-02	0.8880E+26
0.2743E-02	0.8875E+26
0.2848E-02	0.8870E+26
0.2956E-02	0.8865E+26
0.3069E-02	0.8860E+26
0.3186E-02	0.8854E+26
0.3307E-02	0.8847E+26
0.3433E-02	0.8841E+26
0.3564E-02	0.8833E+26
0.3700E-02	0.8825E+26
0.3841E-02	0.8817E+26
0.3987E-02	0.8808E+26
0.4139E-02	0.8798E+26
0.4296E-02	0.8787E+26
0.4460E-02	0.8776E+26
0.4630E-02	0.8764E+26
0.4806E-02	0.8751E+26
0.4989E-02	0.8737E+26
0.5179E-02	0.8722E+26
0.5377E-02	0.8707E+26
0.5581E-02	0.8690E+26
0.5794E-02	0.8672E+26
0.6015E-02	0.8652E+26
0.6244E-02	0.8632E+26
0.6481E-02	0.8609E+26
0.6728E-02	0.8586E+26
0.6985E-02	0.8561E+26
0.7251E-02	0.8534E+26
0.7527E-02	0.8505E+26
0.7813E-02	0.8475E+26
0.8111E-02	0.8443E+26
0.8420E-02	0.8408E+26
0.8741E-02	0.8372E+26
0.9073E-02	0.8333E+26
0.9419E-02	0.8292E+26
0.9778E-02	0.8249E+26
0.1015E-01	0.8203E+26
0.1054E-01	0.8154E+26
0.1094E-01	0.8103E+26
0.1135E-01	0.8049E+26
0.1179E-01	0.7992E+26
0.1224E-01	0.7933E+26
0.1270E-01	0.7870E+26
0.1319E-01	0.7804E+26
0.1369E-01	0.7735E+26
0.1421E-01	0.7663E+26
0.1475E-01	0.7588E+26
0.1531E-01	0.7510E+26
0.1590E-01	0.7429E+26
0.1650E-01	0.7344E+26
0.1713E-01	0.7257E+26
0.1778E-01	0.7166E+26
0.1846E-01	0.7073E+26
0.1916E-01	0.6977E+26
0.1989E-01	0.6878E+26
0.2065E-01	0.6777E+26
0.2144E-01	0.6673E+26
0.2225E-01	0.6568E+26
0.2310E-01	0.6460E+26
0.2398E-01	0.6350E+26
0.2489E-01	0.6240E+26
0.2584E-01	0.6127E+26
0.2682E-01	0.6014E+26
0.2785E-01	0.5900E+26
0.2891E-01	0.5786E+26
0.3001E-01	0.5672E+26
0.3115E-01	0.5558E+26
0.3234E-01	0.5444E+26
0.3357E-01	0.5331E+26
0.3485E-01	0.5219E+26
0.3617E-01	0.5108E+26
0.3755E-01	0.4999E+26
0.3898E-01	0.4891E+26
0.4047E-01	0.4786E+26
0.4201E-01	0.4683E+26
0.4361E-01	0.4583E+26
0.4527E-01	0.4485E+26
0.4699E-01	0.4390E+26
0.4878E-01	0.4298E+26
0.5064E-01	0.4209E+26
0.5257E-01	0.4123E+26
0.5457E-01	0.4040E+26
0.5665E-01	0.3961E+26
0.5881E-01	0.3885E+26
0.6105E-01	0.3813E+26
0.6337E-01	0.3744E+26
0.6579E-01	0.3678E+26
0.6829E-01	0.3615E+26
0.7089E-01	0.3555E+26
0.7359E-01	0.3499E+26
0.7640E-01	0.3445E+26
0.7931E-01	0.3395E+26
0.8233E-01	0.3347E+26
0.8546E-01	0.3301E+26
0.8872E-01	0.3258E+26
0.9210E-01	0.3217E+26
0.9560E-01	0.3179E+26
0.9924E-01	0.3142E+26
0.1030	0.3107E+26
0.1069	0.3074E+26
0.1110	0.3042E+26
0.1152	0.3012E+26
0.1196	0.2983E+26
0.1242	0.2955E+26
0.1289	0.2928E+26
0.1338	0.2902E+26
0.1389	0.2877E+26
0.1442	0.2853E+26
0.1497	0.2829E+26
0.1554	0.2805E+26
0.1613	0.2782E+26
0.1675	0.2759E+26
0.1739	0.2736E+26
0.1805	0.2713E+26
0.1874	0.2691E+26
0.1945	0.2668E+26
0.2019	0.2645E+26
0.2096	0.2622E+26
0.2176	0.2599E+26
0.2259	0.2576E+26
0.2345	0.2552E+26
0.2434	0.2529E+26
0.2527	0.2505E+26
0.2623	0.2481E+26
0.2723	0.2456E+26
0.2826	0.2432E+26
0.2934	0.2407E+26
0.3046	0.2382E+26
0.3162	0.2357E+26
0.3282	0.2332E+26
0.3407	0.2306E+26
0.3537	0.2281E+26
0.3672	0.2256E+26
0.3812	0.2231E+26
0.3957	0.2206E+26
0.4107	0.2181E+26
0.4264	0.2156E+26
0.4426	0.2131E+26
0.4595	0.2107E+26
0.4770	0.2082E+26
0.4952	0.2058E+26
0.5140	0.2035E+26
0.5336	0.2011E+26
0.5539	0.1988E+26
0.5750	0.1965E+26
0.5969	0.1942E+26
0.6196	0.1920E+26
0.6432	0.1898E+26
0.6677	0.1876E+26
0.6932	0.1855E+26
0.7196	0.1834E+26
0.7470	0.1813E+26
0.7754	0.1793E+26
0.8050	0.1772E+26
0.8356	0.1752E+26
0.8674	0.1732E+26
0.9005	0.1713E+26
0.9348	0.1693E+26
0.9704	0.1673E+26
1.007	0.1654E+26
1.046	0.1634E+26
1.086	0.1615E+26
1.127	0.1595E+26
1.170	0.1576E+26
1.214	0.1561E+26
1.261	0.1541E+26
1.309	0.1522E+26
1.358	0.1502E+26
1.410	0.1475E+26
1.464	0.1455E+26
1.520	0.1435E+26
1.578	0.1415E+26
1.638	0.1395E+26
1.700	0.1375E+26
1.765	0.1354E+26
1.832	0.1334E+26
1.902	0.1312E+26
1.974	0.1291E+26
2.049	0.1267E+26
2.127	0.1245E+26
2.208	0.1222E+26
2.293	0.1198E+26
2.380	0.1175E+26
2.470	0.1150E+26
2.565	0.1125E+26
2.662	0.1098E+26
2.764	0.1072E+26
2.869	0.1044E+26
2.978	0.1016E+26
3.092	0.9878E+25
3.209	0.9589E+25
3.332	0.9298E+25
3.458	0.9031E+25
3.590	0.8741E+25
3.727	0.8453E+25
3.869	0.8169E+25
4.016	0.7893E+25
4.169	0.7624E+25
4.328	0.7365E+25
4.493	0.7118E+25
4.664	0.6882E+25
4.841	0.6660E+25
5.026	0.6456E+25
5.217	0.6259E+25
5.416	0.6076E+25
5.622	0.5906E+25
5.836	0.5748E+25
6.059	0.5602E+25
6.289	0.5467E+25
6.529	0.5342E+25
6.778	0.5226E+25
7.036	0.5119E+25
7.304	0.5008E+25
7.582	0.4917E+25
7.871	0.4833E+25
8.170	0.4753E+25
8.482	0.4679E+25
8.805	0.4610E+25
9.140	0.4545E+25
9.488	0.4484E+25
9.849	0.4426E+25
10.22	0.4374E+25
10.61	0.4322E+25
11.02	0.4272E+25
11.44	0.4225E+25
11.87	0.4180E+25
12.33	0.4137E+25
12.80	0.4096E+25
13.28	0.4057E+25
13.79	0.4019E+25
14.31	0.3983E+25
14.86	0.3948E+25
15.42	0.3914E+25
16.01	0.3882E+25
16.62	0.3850E+25
17.25	0.3819E+25
17.91	0.3789E+25
18.59	0.3759E+25
19.30	0.3730E+25
20.04	0.3703E+25
20.80	0.3675E+25
21.59	0.3648E+25
22.42	0.3621E+25
23.27	0.3594E+25
24.16	0.3568E+25
25.08	0.3542E+25
26.03	0.3516E+25
27.02	0.3489E+25
28.05	0.3463E+25
29.12	0.3438E+25
30.23	0.3412E+25
31.38	0.3387E+25
32.57	0.3361E+25
33.82	0.3336E+25
35.10	0.3310E+25
36.44	0.3285E+25
37.83	0.3260E+25
39.27	0.3234E+25
40.76	0.3208E+25
42.32	0.3183E+25
43.93	0.3157E+25
45.60	0.3131E+25
47.34	0.3105E+25
49.14	0.3079E+25
51.01	0.3053E+25
52.96	0.3026E+25
54.97	0.3000E+25
57.07	0.2974E+25
59.24	0.2947E+25
61.50	0.2921E+25
63.84	0.2894E+25
66.27	0.2868E+25
68.79	0.2841E+25
71.41	0.2815E+25
74.13	0.2788E+25
76.96	0.2761E+25
79.89	0.2734E+25
82.93	0.2708E+25
86.09	0.2681E+25
89.37	0.2654E+25
92.77	0.2627E+25
96.31	0.2600E+25
99.97	0.2573E+25
103.8	0.2546E+25
107.7	0.2519E+25
111.8	0.2492E+25
116.1	0.2465E+25
120.5	0.2438E+25
125.1	0.2410E+25
129.9	0.2383E+25
134.8	0.2356E+25
140.0	0.2329E+25
145.3	0.2302E+25
150.8	0.2275E+25
156.6	0.2248E+25
162.5	0.2220E+25
168.7	0.2193E+25
175.1	0.2166E+25
181.8	0.2139E+25
188.7	0.2112E+25
195.9	0.2085E+25
203.4	0.2058E+25
211.1	0.2031E+25
219.2	0.2005E+25
227.5	0.1978E+25
236.2	0.1952E+25
245.2	0.1925E+25
254.5	0.1899E+25
264.2	0.1873E+25
274.3	0.1847E+25
284.7	0.1822E+25
295.6	0.1797E+25
306.8	0.1771E+25
318.5	0.1747E+25
330.6	0.1722E+25
343.2	0.1698E+25
356.3	0.1674E+25
369.9	0.1651E+25
384.0	0.1628E+25
398.6	0.1605E+25
413.8	0.1582E+25
429.5	0.1560E+25
445.9	0.1539E+25
462.9	0.1517E+25
480.5	0.1496E+25
498.8	0.1476E+25
517.8	0.1456E+25
537.5	0.1436E+25
558.0	0.1417E+25
579.2	0.1397E+25
601.3	0.1379E+25
624.2	0.1361E+25
648.0	0.1343E+25
672.6	0.1325E+25
698.3	0.1308E+25
724.9	0.1291E+25
752.5	0.1274E+25
781.1	0.1258E+25
810.9	0.1242E+25
841.8	0.1226E+25
873.8	0.1211E+25
907.1	0.1195E+25
941.6	0.1180E+25
977.5	0.1165E+25
1015.	0.1151E+25
1053.	0.1136E+25
1094.	0.1122E+25
1135.	0.1108E+25
1178.	0.1094E+25
1223.	0.1081E+25
1270.	0.1067E+25
1318.	0.1054E+25
1368.	0.1041E+25
1421.	0.1028E+25
1475.	0.1015E+25
1531.	0.1003E+25
1589.	0.9905E+24
1650.	0.9783E+24
1712.	0.9662E+24
1778.	0.9542E+24
1845.	0.9425E+24
1916.	0.9309E+24
1989.	0.9195E+24
2064.	0.9083E+24
2143.	0.8972E+24
2225.	0.8864E+24
2309.	0.8757E+24
2397.	0.8652E+24
2489.	0.8549E+24
2583.	0.8448E+24
2682.	0.8348E+24
2784.	0.8252E+24
2890.	0.8156E+24
3000.	0.8063E+24
 
 
E/N (Td)	Energy diffusion coef. D*N (1/m/s)
0.1000E-02	0.2309E+25
0.1038E-02	0.2305E+25
0.1078E-02	0.2305E+25
0.1119E-02	0.2305E+25
0.1161E-02	0.2305E+25
0.1205E-02	0.2305E+25
0.1251E-02	0.2305E+25
0.1299E-02	0.2305E+25
0.1349E-02	0.2305E+25
0.1400E-02	0.2305E+25
0.1453E-02	0.2305E+25
0.1509E-02	0.2305E+25
0.1566E-02	0.2305E+25
0.1626E-02	0.2305E+25
0.1688E-02	0.2305E+25
0.1752E-02	0.2305E+25
0.1819E-02	0.2305E+25
0.1888E-02	0.2305E+25
0.1960E-02	0.2305E+25
0.2034E-02	0.2305E+25
0.2112E-02	0.2305E+25
0.2192E-02	0.2304E+25
0.2276E-02	0.2304E+25
0.2362E-02	0.2304E+25
0.2452E-02	0.2304E+25
0.2546E-02	0.2304E+25
0.2643E-02	0.2304E+25
0.2743E-02	0.2304E+25
0.2848E-02	0.2304E+25
0.2956E-02	0.2303E+25
0.3069E-02	0.2303E+25
0.3186E-02	0.2303E+25
0.3307E-02	0.2303E+25
0.3433E-02	0.2303E+25
0.3564E-02	0.2302E+25
0.3700E-02	0.2302E+25
0.3841E-02	0.2302E+25
0.3987E-02	0.2301E+25
0.4139E-02	0.2301E+25
0.4296E-02	0.2301E+25
0.4460E-02	0.2300E+25
0.4630E-02	0.2300E+25
0.4806E-02	0.2299E+25
0.4989E-02	0.2299E+25
0.5179E-02	0.2298E+25
0.5377E-02	0.2298E+25
0.5581E-02	0.2297E+25
0.5794E-02	0.2296E+25
0.6015E-02	0.2296E+25
0.6244E-02	0.2295E+25
0.6481E-02	0.2294E+25
0.6728E-02	0.2293E+25
0.6985E-02	0.2292E+25
0.7251E-02	0.2291E+25
0.7527E-02	0.2290E+25
0.7813E-02	0.2289E+25
0.8111E-02	0.2287E+25
0.8420E-02	0.2286E+25
0.8741E-02	0.2284E+25
0.9073E-02	0.2283E+25
0.9419E-02	0.2281E+25
0.9778E-02	0.2279E+25
0.1015E-01	0.2277E+25
0.1054E-01	0.2275E+25
0.1094E-01	0.2272E+25
0.1135E-01	0.2270E+25
0.1179E-01	0.2267E+25
0.1224E-01	0.2264E+25
0.1270E-01	0.2261E+25
0.1319E-01	0.2258E+25
0.1369E-01	0.2255E+25
0.1421E-01	0.2251E+25
0.1475E-01	0.2247E+25
0.1531E-01	0.2243E+25
0.1590E-01	0.2239E+25
0.1650E-01	0.2234E+25
0.1713E-01	0.2229E+25
0.1778E-01	0.2224E+25
0.1846E-01	0.2219E+25
0.1916E-01	0.2213E+25
0.1989E-01	0.2207E+25
0.2065E-01	0.2200E+25
0.2144E-01	0.2194E+25
0.2225E-01	0.2187E+25
0.2310E-01	0.2180E+25
0.2398E-01	0.2172E+25
0.2489E-01	0.2164E+25
0.2584E-01	0.2156E+25
0.2682E-01	0.2148E+25
0.2785E-01	0.2139E+25
0.2891E-01	0.2130E+25
0.3001E-01	0.2121E+25
0.3115E-01	0.2111E+25
0.3234E-01	0.2101E+25
0.3357E-01	0.2091E+25
0.3485E-01	0.2081E+25
0.3617E-01	0.2071E+25
0.3755E-01	0.2061E+25
0.3898E-01	0.2050E+25
0.4047E-01	0.2040E+25
0.4201E-01	0.2029E+25
0.4361E-01	0.2018E+25
0.4527E-01	0.2008E+25
0.4699E-01	0.1997E+25
0.4878E-01	0.1987E+25
0.5064E-01	0.1976E+25
0.5257E-01	0.1966E+25
0.5457E-01	0.1956E+25
0.5665E-01	0.1946E+25
0.5881E-01	0.1936E+25
0.6105E-01	0.1926E+25
0.6337E-01	0.1917E+25
0.6579E-01	0.1908E+25
0.6829E-01	0.1899E+25
0.7089E-01	0.1890E+25
0.7359E-01	0.1882E+25
0.7640E-01	0.1874E+25
0.7931E-01	0.1867E+25
0.8233E-01	0.1859E+25
0.8546E-01	0.1852E+25
0.8872E-01	0.1845E+25
0.9210E-01	0.1839E+25
0.9560E-01	0.1833E+25
0.9924E-01	0.1827E+25
0.1030	0.1821E+25
0.1069	0.1815E+25
0.1110	0.1810E+25
0.1152	0.1805E+25
0.1196	0.1800E+25
0.1242	0.1796E+25
0.1289	0.1791E+25
0.1338	0.1787E+25
0.1389	0.1783E+25
0.1442	0.1779E+25
0.1497	0.1775E+25
0.1554	0.1771E+25
0.1613	0.1767E+25
0.1675	0.1764E+25
0.1739	0.1760E+25
0.1805	0.1757E+25
0.1874	0.1753E+25
0.1945	0.1750E+25
0.2019	0.1747E+25
0.2096	0.1744E+25
0.2176	0.1741E+25
0.2259	0.1738E+25
0.2345	0.1735E+25
0.2434	0.1732E+25
0.2527	0.1729E+25
0.2623	0.1726E+25
0.2723	0.1723E+25
0.2826	0.1720E+25
0.2934	0.1718E+25
0.3046	0.1715E+25
0.3162	0.1712E+25
0.3282	0.1710E+25
0.3407	0.1707E+25
0.3537	0.1705E+25
0.3672	0.1703E+25
0.3812	0.1701E+25
0.3957	0.1699E+25
0.4107	0.1697E+25
0.4264	0.1695E+25
0.4426	0.1694E+25
0.4595	0.1692E+25
0.4770	0.1691E+25
0.4952	0.1690E+25
0.5140	0.1690E+25
0.5336	0.1689E+25
0.5539	0.1689E+25
0.5750	0.1689E+25
0.5969	0.1689E+25
0.6196	0.1690E+25
0.6432	0.1690E+25
0.6677	0.1692E+25
0.6932	0.1693E+25
0.7196	0.1695E+25
0.7470	0.1697E+25
0.7754	0.1699E+25
0.8050	0.1702E+25
0.8356	0.1706E+25
0.8674	0.1709E+25
0.9005	0.1713E+25
0.9348	0.1717E+25
0.9704	0.1722E+25
1.007	0.1727E+25
1.046	0.1733E+25
1.086	0.1739E+25
1.127	0.1746E+25
1.170	0.1753E+25
1.214	0.1763E+25
1.261	0.1771E+25
1.309	0.1780E+25
1.358	0.1790E+25
1.410	0.1796E+25
1.464	0.1806E+25
1.520	0.1817E+25
1.578	0.1828E+25
1.638	0.1841E+25
1.700	0.1854E+25
1.765	0.1867E+25
1.832	0.1881E+25
1.902	0.1896E+25
1.974	0.1912E+25
2.049	0.1926E+25
2.127	0.1944E+25
2.208	0.1963E+25
2.293	0.1984E+25
2.380	0.2006E+25
2.470	0.2029E+25
2.565	0.2055E+25
2.662	0.2083E+25
2.764	0.2114E+25
2.869	0.2148E+25
2.978	0.2186E+25
3.092	0.2226E+25
3.209	0.2270E+25
3.332	0.2318E+25
3.458	0.2342E+25
3.590	0.2396E+25
3.727	0.2453E+25
3.869	0.2515E+25
4.016	0.2580E+25
4.169	0.2649E+25
4.328	0.2720E+25
4.493	0.2794E+25
4.664	0.2871E+25
4.841	0.2949E+25
5.026	0.3045E+25
5.217	0.3125E+25
5.416	0.3206E+25
5.622	0.3288E+25
5.836	0.3369E+25
6.059	0.3451E+25
6.289	0.3532E+25
6.529	0.3613E+25
6.778	0.3694E+25
7.036	0.3774E+25
7.304	0.3854E+25
7.582	0.3932E+25
7.871	0.4010E+25
8.170	0.4087E+25
8.482	0.4162E+25
8.805	0.4237E+25
9.140	0.4310E+25
9.488	0.4382E+25
9.849	0.4452E+25
10.22	0.4525E+25
10.61	0.4592E+25
11.02	0.4658E+25
11.44	0.4721E+25
11.87	0.4784E+25
12.33	0.4844E+25
12.80	0.4903E+25
13.28	0.4960E+25
13.79	0.5016E+25
14.31	0.5074E+25
14.86	0.5126E+25
15.42	0.5178E+25
16.01	0.5228E+25
16.62	0.5277E+25
17.25	0.5324E+25
17.91	0.5371E+25
18.59	0.5417E+25
19.30	0.5462E+25
20.04	0.5503E+25
20.80	0.5546E+25
21.59	0.5589E+25
22.42	0.5631E+25
23.27	0.5673E+25
24.16	0.5714E+25
25.08	0.5755E+25
26.03	0.5796E+25
27.02	0.5835E+25
28.05	0.5876E+25
29.12	0.5916E+25
30.23	0.5956E+25
31.38	0.5995E+25
32.57	0.6035E+25
33.82	0.6075E+25
35.10	0.6115E+25
36.44	0.6158E+25
37.83	0.6198E+25
39.27	0.6238E+25
40.76	0.6279E+25
42.32	0.6319E+25
43.93	0.6360E+25
45.60	0.6401E+25
47.34	0.6443E+25
49.14	0.6484E+25
51.01	0.6526E+25
52.96	0.6568E+25
54.97	0.6611E+25
57.07	0.6654E+25
59.24	0.6697E+25
61.50	0.6741E+25
63.84	0.6784E+25
66.27	0.6829E+25
68.79	0.6874E+25
71.41	0.6919E+25
74.13	0.6965E+25
76.96	0.7012E+25
79.89	0.7059E+25
82.93	0.7106E+25
86.09	0.7154E+25
89.37	0.7203E+25
92.77	0.7252E+25
96.31	0.7303E+25
99.97	0.7353E+25
103.8	0.7405E+25
107.7	0.7457E+25
111.8	0.7510E+25
116.1	0.7565E+25
120.5	0.7620E+25
125.1	0.7675E+25
129.9	0.7733E+25
134.8	0.7791E+25
140.0	0.7850E+25
145.3	0.7910E+25
150.8	0.7972E+25
156.6	0.8035E+25
162.5	0.8099E+25
168.7	0.8165E+25
175.1	0.8232E+25
181.8	0.8301E+25
188.7	0.8372E+25
195.9	0.8443E+25
203.4	0.8517E+25
211.1	0.8593E+25
219.2	0.8671E+25
227.5	0.8750E+25
236.2	0.8832E+25
245.2	0.8915E+25
254.5	0.9001E+25
264.2	0.9089E+25
274.3	0.9180E+25
284.7	0.9273E+25
295.6	0.9369E+25
306.8	0.9467E+25
318.5	0.9568E+25
330.6	0.9671E+25
343.2	0.9777E+25
356.3	0.9887E+25
369.9	0.9999E+25
384.0	0.1011E+26
398.6	0.1023E+26
413.8	0.1036E+26
429.5	0.1048E+26
445.9	0.1061E+26
462.9	0.1075E+26
480.5	0.1088E+26
498.8	0.1102E+26
517.8	0.1117E+26
537.5	0.1132E+26
558.0	0.1147E+26
579.2	0.1163E+26
601.3	0.1179E+26
624.2	0.1196E+26
648.0	0.1214E+26
672.6	0.1232E+26
698.3	0.1250E+26
724.9	0.1269E+26
752.5	0.1289E+26
781.1	0.1309E+26
810.9	0.1330E+26
841.8	0.1351E+26
873.8	0.1373E+26
907.1	0.1396E+26
941.6	0.1420E+26
977.5	0.1444E+26
1015.	0.1469E+26
1053.	0.1495E+26
1094.	0.1521E+26
1135.	0.1549E+26
1178.	0.1577E+26
1223.	0.1606E+26
1270.	0.1637E+26
1318.	0.1668E+26
1368.	0.1701E+26
1421.	0.1735E+26
1475.	0.1769E+26
1531.	0.1805E+26
1589.	0.1843E+26
1650.	0.1882E+26
1712.	0.1922E+26
1778.	0.1964E+26
1845.	0.2008E+26
1916.	0.2054E+26
1989.	0.2101E+26
2064.	0.2151E+26
2143.	0.2202E+26
2225.	0.2256E+26
2309.	0.2313E+26
2397.	0.2372E+26
2489.	0.2434E+26
2583.	0.2499E+26
2682.	0.2567E+26
2784.	0.2640E+26
2890.	0.2716E+26
3000.	0.2796E+26
 
 
E/N (Td)	Total collision freq. /N (m3/s)
0.1000E-02	0.2084E-14
0.1038E-02	0.2084E-14
0.1078E-02	0.2084E-14
0.1119E-02	0.2085E-14
0.1161E-02	0.2085E-14
0.1205E-02	0.2085E-14
0.1251E-02	0.2085E-14
0.1299E-02	0.2085E-14
0.1349E-02	0.2086E-14
0.1400E-02	0.2086E-14
0.1453E-02	0.2086E-14
0.1509E-02	0.2086E-14
0.1566E-02	0.2087E-14
0.1626E-02	0.2087E-14
0.1688E-02	0.2087E-14
0.1752E-02	0.2088E-14
0.1819E-02	0.2088E-14
0.1888E-02	0.2089E-14
0.1960E-02	0.2089E-14
0.2034E-02	0.2090E-14
0.2112E-02	0.2090E-14
0.2192E-02	0.2091E-14
0.2276E-02	0.2091E-14
0.2362E-02	0.2092E-14
0.2452E-02	0.2093E-14
0.2546E-02	0.2094E-14
0.2643E-02	0.2094E-14
0.2743E-02	0.2095E-14
0.2848E-02	0.2096E-14
0.2956E-02	0.2097E-14
0.3069E-02	0.2098E-14
0.3186E-02	0.2100E-14
0.3307E-02	0.2101E-14
0.3433E-02	0.2102E-14
0.3564E-02	0.2104E-14
0.3700E-02	0.2106E-14
0.3841E-02	0.2107E-14
0.3987E-02	0.2109E-14
0.4139E-02	0.2111E-14
0.4296E-02	0.2114E-14
0.4460E-02	0.2116E-14
0.4630E-02	0.2118E-14
0.4806E-02	0.2121E-14
0.4989E-02	0.2124E-14
0.5179E-02	0.2127E-14
0.5377E-02	0.2131E-14
0.5581E-02	0.2134E-14
0.5794E-02	0.2138E-14
0.6015E-02	0.2142E-14
0.6244E-02	0.2147E-14
0.6481E-02	0.2152E-14
0.6728E-02	0.2157E-14
0.6985E-02	0.2162E-14
0.7251E-02	0.2168E-14
0.7527E-02	0.2175E-14
0.7813E-02	0.2181E-14
0.8111E-02	0.2189E-14
0.8420E-02	0.2196E-14
0.8741E-02	0.2205E-14
0.9073E-02	0.2214E-14
0.9419E-02	0.2223E-14
0.9778E-02	0.2234E-14
0.1015E-01	0.2245E-14
0.1054E-01	0.2256E-14
0.1094E-01	0.2269E-14
0.1135E-01	0.2282E-14
0.1179E-01	0.2296E-14
0.1224E-01	0.2312E-14
0.1270E-01	0.2328E-14
0.1319E-01	0.2345E-14
0.1369E-01	0.2364E-14
0.1421E-01	0.2383E-14
0.1475E-01	0.2404E-14
0.1531E-01	0.2426E-14
0.1590E-01	0.2450E-14
0.1650E-01	0.2474E-14
0.1713E-01	0.2501E-14
0.1778E-01	0.2529E-14
0.1846E-01	0.2558E-14
0.1916E-01	0.2589E-14
0.1989E-01	0.2622E-14
0.2065E-01	0.2657E-14
0.2144E-01	0.2693E-14
0.2225E-01	0.2732E-14
0.2310E-01	0.2772E-14
0.2398E-01	0.2814E-14
0.2489E-01	0.2858E-14
0.2584E-01	0.2905E-14
0.2682E-01	0.2953E-14
0.2785E-01	0.3003E-14
0.2891E-01	0.3056E-14
0.3001E-01	0.3110E-14
0.3115E-01	0.3167E-14
0.3234E-01	0.3225E-14
0.3357E-01	0.3286E-14
0.3485E-01	0.3348E-14
0.3617E-01	0.3412E-14
0.3755E-01	0.3478E-14
0.3898E-01	0.3546E-14
0.4047E-01	0.3615E-14
0.4201E-01	0.3685E-14
0.4361E-01	0.3757E-14
0.4527E-01	0.3830E-14
0.4699E-01	0.3904E-14
0.4878E-01	0.3979E-14
0.5064E-01	0.4054E-14
0.5257E-01	0.4129E-14
0.5457E-01	0.4205E-14
0.5665E-01	0.4281E-14
0.5881E-01	0.4356E-14
0.6105E-01	0.4431E-14
0.6337E-01	0.4506E-14
0.6579E-01	0.4580E-14
0.6829E-01	0.4653E-14
0.7089E-01	0.4725E-14
0.7359E-01	0.4795E-14
0.7640E-01	0.4865E-14
0.7931E-01	0.4933E-14
0.8233E-01	0.5000E-14
0.8546E-01	0.5066E-14
0.8872E-01	0.5130E-14
0.9210E-01	0.5193E-14
0.9560E-01	0.5255E-14
0.9924E-01	0.5315E-14
0.1030	0.5374E-14
0.1069	0.5432E-14
0.1110	0.5488E-14
0.1152	0.5544E-14
0.1196	0.5599E-14
0.1242	0.5654E-14
0.1289	0.5708E-14
0.1338	0.5762E-14
0.1389	0.5815E-14
0.1442	0.5869E-14
0.1497	0.5922E-14
0.1554	0.5976E-14
0.1613	0.6031E-14
0.1675	0.6087E-14
0.1739	0.6143E-14
0.1805	0.6200E-14
0.1874	0.6259E-14
0.1945	0.6319E-14
0.2019	0.6381E-14
0.2096	0.6444E-14
0.2176	0.6510E-14
0.2259	0.6577E-14
0.2345	0.6647E-14
0.2434	0.6718E-14
0.2527	0.6793E-14
0.2623	0.6869E-14
0.2723	0.6948E-14
0.2826	0.7030E-14
0.2934	0.7114E-14
0.3046	0.7201E-14
0.3162	0.7290E-14
0.3282	0.7382E-14
0.3407	0.7477E-14
0.3537	0.7574E-14
0.3672	0.7673E-14
0.3812	0.7775E-14
0.3957	0.7879E-14
0.4107	0.7985E-14
0.4264	0.8094E-14
0.4426	0.8204E-14
0.4595	0.8316E-14
0.4770	0.8430E-14
0.4952	0.8546E-14
0.5140	0.8664E-14
0.5336	0.8783E-14
0.5539	0.8904E-14
0.5750	0.9027E-14
0.5969	0.9151E-14
0.6196	0.9276E-14
0.6432	0.9403E-14
0.6677	0.9531E-14
0.6932	0.9661E-14
0.7196	0.9794E-14
0.7470	0.9927E-14
0.7754	0.1006E-13
0.8050	0.1020E-13
0.8356	0.1034E-13
0.8674	0.1048E-13
0.9005	0.1062E-13
0.9348	0.1077E-13
0.9704	0.1092E-13
1.007	0.1107E-13
1.046	0.1123E-13
1.086	0.1138E-13
1.127	0.1155E-13
1.170	0.1171E-13
1.214	0.1188E-13
1.261	0.1206E-13
1.309	0.1224E-13
1.358	0.1242E-13
1.410	0.1263E-13
1.464	0.1282E-13
1.520	0.1302E-13
1.578	0.1323E-13
1.638	0.1344E-13
1.700	0.1368E-13
1.765	0.1390E-13
1.832	0.1414E-13
1.902	0.1439E-13
1.974	0.1464E-13
2.049	0.1491E-13
2.127	0.1518E-13
2.208	0.1548E-13
2.293	0.1578E-13
2.380	0.1610E-13
2.470	0.1644E-13
2.565	0.1680E-13
2.662	0.1721E-13
2.764	0.1762E-13
2.869	0.1806E-13
2.978	0.1853E-13
3.092	0.1904E-13
3.209	0.1958E-13
3.332	0.2015E-13
3.458	0.2053E-13
3.590	0.2117E-13
3.727	0.2186E-13
3.869	0.2259E-13
4.016	0.2336E-13
4.169	0.2419E-13
4.328	0.2505E-13
4.493	0.2596E-13
4.664	0.2691E-13
4.841	0.2789E-13
5.026	0.2907E-13
5.217	0.3011E-13
5.416	0.3118E-13
5.622	0.3226E-13
5.836	0.3335E-13
6.059	0.3445E-13
6.289	0.3555E-13
6.529	0.3665E-13
6.778	0.3773E-13
7.036	0.3881E-13
7.304	0.3994E-13
7.582	0.4098E-13
7.871	0.4199E-13
8.170	0.4297E-13
8.482	0.4393E-13
8.805	0.4486E-13
9.140	0.4576E-13
9.488	0.4663E-13
9.849	0.4747E-13
10.22	0.4834E-13
10.61	0.4911E-13
11.02	0.4986E-13
11.44	0.5057E-13
11.87	0.5126E-13
12.33	0.5192E-13
12.80	0.5256E-13
13.28	0.5317E-13
13.79	0.5376E-13
14.31	0.5433E-13
14.86	0.5487E-13
15.42	0.5540E-13
16.01	0.5590E-13
16.62	0.5639E-13
17.25	0.5687E-13
17.91	0.5733E-13
18.59	0.5778E-13
19.30	0.5822E-13
20.04	0.5860E-13
20.80	0.5902E-13
21.59	0.5944E-13
22.42	0.5986E-13
23.27	0.6026E-13
24.16	0.6067E-13
25.08	0.6107E-13
26.03	0.6147E-13
27.02	0.6189E-13
28.05	0.6229E-13
29.12	0.6268E-13
30.23	0.6308E-13
31.38	0.6348E-13
32.57	0.6389E-13
33.82	0.6430E-13
35.10	0.6471E-13
36.44	0.6514E-13
37.83	0.6556E-13
39.27	0.6599E-13
40.76	0.6642E-13
42.32	0.6687E-13
43.93	0.6732E-13
45.60	0.6778E-13
47.34	0.6824E-13
49.14	0.6871E-13
51.01	0.6920E-13
52.96	0.6970E-13
54.97	0.7020E-13
57.07	0.7072E-13
59.24	0.7124E-13
61.50	0.7178E-13
63.84	0.7233E-13
66.27	0.7289E-13
68.79	0.7346E-13
71.41	0.7405E-13
74.13	0.7465E-13
76.96	0.7527E-13
79.89	0.7590E-13
82.93	0.7654E-13
86.09	0.7720E-13
89.37	0.7787E-13
92.77	0.7856E-13
96.31	0.7927E-13
99.97	0.7999E-13
103.8	0.8073E-13
107.7	0.8149E-13
111.8	0.8227E-13
116.1	0.8307E-13
120.5	0.8389E-13
125.1	0.8472E-13
129.9	0.8558E-13
134.8	0.8646E-13
140.0	0.8737E-13
145.3	0.8829E-13
150.8	0.8925E-13
156.6	0.9022E-13
162.5	0.9122E-13
168.7	0.9225E-13
175.1	0.9330E-13
181.8	0.9438E-13
188.7	0.9549E-13
195.9	0.9663E-13
203.4	0.9780E-13
211.1	0.9900E-13
219.2	0.1002E-12
227.5	0.1015E-12
236.2	0.1028E-12
245.2	0.1041E-12
254.5	0.1054E-12
264.2	0.1068E-12
274.3	0.1082E-12
284.7	0.1097E-12
295.6	0.1112E-12
306.8	0.1127E-12
318.5	0.1142E-12
330.6	0.1158E-12
343.2	0.1174E-12
356.3	0.1190E-12
369.9	0.1207E-12
384.0	0.1224E-12
398.6	0.1241E-12
413.8	0.1258E-12
429.5	0.1276E-12
445.9	0.1294E-12
462.9	0.1312E-12
480.5	0.1330E-12
498.8	0.1349E-12
517.8	0.1368E-12
537.5	0.1387E-12
558.0	0.1406E-12
579.2	0.1425E-12
601.3	0.1445E-12
624.2	0.1465E-12
648.0	0.1485E-12
672.6	0.1505E-12
698.3	0.1525E-12
724.9	0.1545E-12
752.5	0.1565E-12
781.1	0.1586E-12
810.9	0.1606E-12
841.8	0.1627E-12
873.8	0.1648E-12
907.1	0.1669E-12
941.6	0.1690E-12
977.5	0.1711E-12
1015.	0.1732E-12
1053.	0.1753E-12
1094.	0.1774E-12
1135.	0.1795E-12
1178.	0.1817E-12
1223.	0.1838E-12
1270.	0.1860E-12
1318.	0.1881E-12
1368.	0.1902E-12
1421.	0.1924E-12
1475.	0.1946E-12
1531.	0.1967E-12
1589.	0.1989E-12
1650.	0.2011E-12
1712.	0.2032E-12
1778.	0.2054E-12
1845.	0.2076E-12
1916.	0.2098E-12
1989.	0.2120E-12
2064.	0.2142E-12
2143.	0.2164E-12
2225.	0.2186E-12
2309.	0.2208E-12
2397.	0.2230E-12
2489.	0.2252E-12
2583.	0.2274E-12
2682.	0.2296E-12
2784.	0.2318E-12
2890.	0.2340E-12
3000.	0.2362E-12
 
 
E/N (Td)	Momentum frequency /N (m3/s)
0.1000E-02	0.1760E-14
0.1038E-02	0.1767E-14
0.1078E-02	0.1767E-14
0.1119E-02	0.1768E-14
0.1161E-02	0.1768E-14
0.1205E-02	0.1769E-14
0.1251E-02	0.1769E-14
0.1299E-02	0.1770E-14
0.1349E-02	0.1770E-14
0.1400E-02	0.1771E-14
0.1453E-02	0.1772E-14
0.1509E-02	0.1772E-14
0.1566E-02	0.1773E-14
0.1626E-02	0.1774E-14
0.1688E-02	0.1775E-14
0.1752E-02	0.1776E-14
0.1819E-02	0.1777E-14
0.1888E-02	0.1778E-14
0.1960E-02	0.1779E-14
0.2034E-02	0.1780E-14
0.2112E-02	0.1782E-14
0.2192E-02	0.1783E-14
0.2276E-02	0.1785E-14
0.2362E-02	0.1786E-14
0.2452E-02	0.1788E-14
0.2546E-02	0.1790E-14
0.2643E-02	0.1792E-14
0.2743E-02	0.1794E-14
0.2848E-02	0.1796E-14
0.2956E-02	0.1798E-14
0.3069E-02	0.1801E-14
0.3186E-02	0.1803E-14
0.3307E-02	0.1806E-14
0.3433E-02	0.1809E-14
0.3564E-02	0.1812E-14
0.3700E-02	0.1815E-14
0.3841E-02	0.1819E-14
0.3987E-02	0.1823E-14
0.4139E-02	0.1827E-14
0.4296E-02	0.1831E-14
0.4460E-02	0.1835E-14
0.4630E-02	0.1840E-14
0.4806E-02	0.1845E-14
0.4989E-02	0.1850E-14
0.5179E-02	0.1856E-14
0.5377E-02	0.1862E-14
0.5581E-02	0.1868E-14
0.5794E-02	0.1875E-14
0.6015E-02	0.1882E-14
0.6244E-02	0.1890E-14
0.6481E-02	0.1898E-14
0.6728E-02	0.1906E-14
0.6985E-02	0.1915E-14
0.7251E-02	0.1925E-14
0.7527E-02	0.1935E-14
0.7813E-02	0.1946E-14
0.8111E-02	0.1957E-14
0.8420E-02	0.1970E-14
0.8741E-02	0.1983E-14
0.9073E-02	0.1996E-14
0.9419E-02	0.2011E-14
0.9778E-02	0.2026E-14
0.1015E-01	0.2043E-14
0.1054E-01	0.2060E-14
0.1094E-01	0.2079E-14
0.1135E-01	0.2098E-14
0.1179E-01	0.2119E-14
0.1224E-01	0.2141E-14
0.1270E-01	0.2165E-14
0.1319E-01	0.2189E-14
0.1369E-01	0.2216E-14
0.1421E-01	0.2243E-14
0.1475E-01	0.2273E-14
0.1531E-01	0.2304E-14
0.1590E-01	0.2337E-14
0.1650E-01	0.2372E-14
0.1713E-01	0.2409E-14
0.1778E-01	0.2449E-14
0.1846E-01	0.2490E-14
0.1916E-01	0.2534E-14
0.1989E-01	0.2580E-14
0.2065E-01	0.2629E-14
0.2144E-01	0.2680E-14
0.2225E-01	0.2734E-14
0.2310E-01	0.2791E-14
0.2398E-01	0.2852E-14
0.2489E-01	0.2915E-14
0.2584E-01	0.2981E-14
0.2682E-01	0.3050E-14
0.2785E-01	0.3123E-14
0.2891E-01	0.3199E-14
0.3001E-01	0.3279E-14
0.3115E-01	0.3362E-14
0.3234E-01	0.3449E-14
0.3357E-01	0.3539E-14
0.3485E-01	0.3633E-14
0.3617E-01	0.3730E-14
0.3755E-01	0.3830E-14
0.3898E-01	0.3934E-14
0.4047E-01	0.4041E-14
0.4201E-01	0.4151E-14
0.4361E-01	0.4263E-14
0.4527E-01	0.4379E-14
0.4699E-01	0.4496E-14
0.4878E-01	0.4616E-14
0.5064E-01	0.4737E-14
0.5257E-01	0.4859E-14
0.5457E-01	0.4983E-14
0.5665E-01	0.5107E-14
0.5881E-01	0.5231E-14
0.6105E-01	0.5355E-14
0.6337E-01	0.5479E-14
0.6579E-01	0.5602E-14
0.6829E-01	0.5723E-14
0.7089E-01	0.5843E-14
0.7359E-01	0.5960E-14
0.7640E-01	0.6076E-14
0.7931E-01	0.6189E-14
0.8233E-01	0.6299E-14
0.8546E-01	0.6407E-14
0.8872E-01	0.6512E-14
0.9210E-01	0.6614E-14
0.9560E-01	0.6712E-14
0.9924E-01	0.6808E-14
0.1030	0.6902E-14
0.1069	0.6992E-14
0.1110	0.7080E-14
0.1152	0.7165E-14
0.1196	0.7248E-14
0.1242	0.7329E-14
0.1289	0.7408E-14
0.1338	0.7486E-14
0.1389	0.7562E-14
0.1442	0.7636E-14
0.1497	0.7710E-14
0.1554	0.7783E-14
0.1613	0.7856E-14
0.1675	0.7929E-14
0.1739	0.8002E-14
0.1805	0.8075E-14
0.1874	0.8149E-14
0.1945	0.8224E-14
0.2019	0.8300E-14
0.2096	0.8378E-14
0.2176	0.8457E-14
0.2259	0.8539E-14
0.2345	0.8622E-14
0.2434	0.8708E-14
0.2527	0.8797E-14
0.2623	0.8889E-14
0.2723	0.8984E-14
0.2826	0.9083E-14
0.2934	0.9185E-14
0.3046	0.9291E-14
0.3162	0.9401E-14
0.3282	0.9515E-14
0.3407	0.9636E-14
0.3537	0.9758E-14
0.3672	0.9886E-14
0.3812	0.1002E-13
0.3957	0.1015E-13
0.4107	0.1030E-13
0.4264	0.1044E-13
0.4426	0.1059E-13
0.4595	0.1075E-13
0.4770	0.1091E-13
0.4952	0.1107E-13
0.5140	0.1124E-13
0.5336	0.1141E-13
0.5539	0.1159E-13
0.5750	0.1177E-13
0.5969	0.1196E-13
0.6196	0.1215E-13
0.6432	0.1234E-13
0.6677	0.1253E-13
0.6932	0.1273E-13
0.7196	0.1293E-13
0.7470	0.1313E-13
0.7754	0.1334E-13
0.8050	0.1355E-13
0.8356	0.1376E-13
0.8674	0.1397E-13
0.9005	0.1419E-13
0.9348	0.1441E-13
0.9704	0.1463E-13
1.007	0.1485E-13
1.046	0.1508E-13
1.086	0.1531E-13
1.127	0.1554E-13
1.170	0.1577E-13
1.214	0.1598E-13
1.261	0.1622E-13
1.309	0.1646E-13
1.358	0.1671E-13
1.410	0.1704E-13
1.464	0.1729E-13
1.520	0.1755E-13
1.578	0.1782E-13
1.638	0.1809E-13
1.700	0.1837E-13
1.765	0.1866E-13
1.832	0.1895E-13
1.902	0.1925E-13
1.974	0.1956E-13
2.049	0.1991E-13
2.127	0.2024E-13
2.208	0.2058E-13
2.293	0.2093E-13
2.380	0.2130E-13
2.470	0.2168E-13
2.565	0.2208E-13
2.662	0.2247E-13
2.764	0.2291E-13
2.869	0.2337E-13
2.978	0.2386E-13
3.092	0.2437E-13
3.209	0.2490E-13
3.332	0.2547E-13
3.458	0.2607E-13
3.590	0.2671E-13
3.727	0.2738E-13
3.869	0.2809E-13
4.016	0.2884E-13
4.169	0.2964E-13
4.328	0.3048E-13
4.493	0.3136E-13
4.664	0.3229E-13
4.841	0.3326E-13
5.026	0.3425E-13
5.217	0.3531E-13
5.416	0.3640E-13
5.622	0.3753E-13
5.836	0.3869E-13
6.059	0.3988E-13
6.289	0.4110E-13
6.529	0.4233E-13
6.778	0.4358E-13
7.036	0.4484E-13
7.304	0.4631E-13
7.582	0.4756E-13
7.871	0.4881E-13
8.170	0.5004E-13
8.482	0.5126E-13
8.805	0.5246E-13
9.140	0.5363E-13
9.488	0.5478E-13
9.849	0.5591E-13
10.22	0.5686E-13
10.61	0.5793E-13
11.02	0.5897E-13
11.44	0.5998E-13
11.87	0.6095E-13
12.33	0.6189E-13
12.80	0.6280E-13
13.28	0.6368E-13
13.79	0.6452E-13
14.31	0.6527E-13
14.86	0.6607E-13
15.42	0.6684E-13
16.01	0.6758E-13
16.62	0.6830E-13
17.25	0.6900E-13
17.91	0.6968E-13
18.59	0.7034E-13
19.30	0.7099E-13
20.04	0.7160E-13
20.80	0.7222E-13
21.59	0.7283E-13
22.42	0.7343E-13
23.27	0.7402E-13
24.16	0.7460E-13
25.08	0.7518E-13
26.03	0.7575E-13
27.02	0.7641E-13
28.05	0.7697E-13
29.12	0.7754E-13
30.23	0.7810E-13
31.38	0.7867E-13
32.57	0.7923E-13
33.82	0.7981E-13
35.10	0.8038E-13
36.44	0.8093E-13
37.83	0.8152E-13
39.27	0.8212E-13
40.76	0.8272E-13
42.32	0.8334E-13
43.93	0.8396E-13
45.60	0.8459E-13
47.34	0.8523E-13
49.14	0.8589E-13
51.01	0.8655E-13
52.96	0.8723E-13
54.97	0.8792E-13
57.07	0.8863E-13
59.24	0.8934E-13
61.50	0.9008E-13
63.84	0.9083E-13
66.27	0.9159E-13
68.79	0.9237E-13
71.41	0.9317E-13
74.13	0.9398E-13
76.96	0.9481E-13
79.89	0.9566E-13
82.93	0.9653E-13
86.09	0.9742E-13
89.37	0.9832E-13
92.77	0.9925E-13
96.31	0.1002E-12
99.97	0.1012E-12
103.8	0.1022E-12
107.7	0.1032E-12
111.8	0.1042E-12
116.1	0.1053E-12
120.5	0.1064E-12
125.1	0.1075E-12
129.9	0.1086E-12
134.8	0.1098E-12
140.0	0.1110E-12
145.3	0.1122E-12
150.8	0.1135E-12
156.6	0.1147E-12
162.5	0.1161E-12
168.7	0.1174E-12
175.1	0.1188E-12
181.8	0.1202E-12
188.7	0.1217E-12
195.9	0.1232E-12
203.4	0.1247E-12
211.1	0.1262E-12
219.2	0.1278E-12
227.5	0.1295E-12
236.2	0.1312E-12
245.2	0.1329E-12
254.5	0.1347E-12
264.2	0.1365E-12
274.3	0.1384E-12
284.7	0.1403E-12
295.6	0.1422E-12
306.8	0.1442E-12
318.5	0.1462E-12
330.6	0.1483E-12
343.2	0.1505E-12
356.3	0.1527E-12
369.9	0.1549E-12
384.0	0.1572E-12
398.6	0.1595E-12
413.8	0.1618E-12
429.5	0.1642E-12
445.9	0.1667E-12
462.9	0.1692E-12
480.5	0.1718E-12
498.8	0.1743E-12
517.8	0.1770E-12
537.5	0.1796E-12
558.0	0.1824E-12
579.2	0.1851E-12
601.3	0.1879E-12
624.2	0.1907E-12
648.0	0.1936E-12
672.6	0.1965E-12
698.3	0.1994E-12
724.9	0.2024E-12
752.5	0.2054E-12
781.1	0.2085E-12
810.9	0.2116E-12
841.8	0.2147E-12
873.8	0.2179E-12
907.1	0.2211E-12
941.6	0.2243E-12
977.5	0.2276E-12
1015.	0.2309E-12
1053.	0.2342E-12
1094.	0.2376E-12
1135.	0.2410E-12
1178.	0.2445E-12
1223.	0.2479E-12
1270.	0.2515E-12
1318.	0.2550E-12
1368.	0.2586E-12
1421.	0.2623E-12
1475.	0.2660E-12
1531.	0.2697E-12
1589.	0.2734E-12
1650.	0.2772E-12
1712.	0.2811E-12
1778.	0.2850E-12
1845.	0.2889E-12
1916.	0.2929E-12
1989.	0.2969E-12
2064.	0.3010E-12
2143.	0.3051E-12
2225.	0.3092E-12
2309.	0.3134E-12
2397.	0.3176E-12
2489.	0.3219E-12
2583.	0.3262E-12
2682.	0.3305E-12
2784.	0.3349E-12
2890.	0.3393E-12
3000.	0.3437E-12
 
 
E/N (Td)	Total ionization freq. /N (m3/s)
0.1000E-02	0.000
0.1038E-02	0.000
0.1078E-02	0.000
0.1119E-02	0.000
0.1161E-02	0.000
0.1205E-02	0.000
0.1251E-02	0.000
0.1299E-02	0.000
0.1349E-02	0.000
0.1400E-02	0.000
0.1453E-02	0.000
0.1509E-02	0.000
0.1566E-02	0.000
0.1626E-02	0.000
0.1688E-02	0.000
0.1752E-02	0.000
0.1819E-02	0.000
0.1888E-02	0.000
0.1960E-02	0.000
0.2034E-02	0.000
0.2112E-02	0.000
0.2192E-02	0.000
0.2276E-02	0.000
0.2362E-02	0.000
0.2452E-02	0.000
0.2546E-02	0.000
0.2643E-02	0.000
0.2743E-02	0.000
0.2848E-02	0.000
0.2956E-02	0.000
0.3069E-02	0.000
0.3186E-02	0.000
0.3307E-02	0.000
0.3433E-02	0.000
0.3564E-02	0.000
0.3700E-02	0.000
0.3841E-02	0.000
0.3987E-02	0.000
0.4139E-02	0.000
0.4296E-02	0.000
0.4460E-02	0.000
0.4630E-02	0.000
0.4806E-02	0.000
0.4989E-02	0.000
0.5179E-02	0.000
0.5377E-02	0.000
0.5581E-02	0.000
0.5794E-02	0.000
0.6015E-02	0.000
0.6244E-02	0.000
0.6481E-02	0.000
0.6728E-02	0.000
0.6985E-02	0.000
0.7251E-02	0.000
0.7527E-02	0.000
0.7813E-02	0.000
0.8111E-02	0.000
0.8420E-02	0.000
0.8741E-02	0.000
0.9073E-02	0.000
0.9419E-02	0.000
0.9778E-02	0.000
0.1015E-01	0.000
0.1054E-01	0.000
0.1094E-01	0.000
0.1135E-01	0.000
0.1179E-01	0.000
0.1224E-01	0.000
0.1270E-01	0.000
0.1319E-01	0.000
0.1369E-01	0.000
0.1421E-01	0.000
0.1475E-01	0.000
0.1531E-01	0.000
0.1590E-01	0.000
0.1650E-01	0.000
0.1713E-01	0.000
0.1778E-01	0.000
0.1846E-01	0.000
0.1916E-01	0.000
0.1989E-01	0.000
0.2065E-01	0.000
0.2144E-01	0.000
0.2225E-01	0.000
0.2310E-01	0.000
0.2398E-01	0.000
0.2489E-01	0.000
0.2584E-01	0.000
0.2682E-01	0.000
0.2785E-01	0.000
0.2891E-01	0.000
0.3001E-01	0.000
0.3115E-01	0.000
0.3234E-01	0.000
0.3357E-01	0.000
0.3485E-01	0.000
0.3617E-01	0.000
0.3755E-01	0.000
0.3898E-01	0.000
0.4047E-01	0.000
0.4201E-01	0.000
0.4361E-01	0.000
0.4527E-01	0.000
0.4699E-01	0.000
0.4878E-01	0.000
0.5064E-01	0.000
0.5257E-01	0.000
0.5457E-01	0.000
0.5665E-01	0.000
0.5881E-01	0.000
0.6105E-01	0.000
0.6337E-01	0.000
0.6579E-01	0.000
0.6829E-01	0.000
0.7089E-01	0.000
0.7359E-01	0.000
0.7640E-01	0.000
0.7931E-01	0.000
0.8233E-01	0.000
0.8546E-01	0.000
0.8872E-01	0.000
0.9210E-01	0.000
0.9560E-01	0.000
0.9924E-01	0.000
0.1030	0.000
0.1069	0.000
0.1110	0.000
0.1152	0.000
0.1196	0.000
0.1242	0.000
0.1289	0.000
0.1338	0.000
0.1389	0.000
0.1442	0.000
0.1497	0.000
0.1554	0.000
0.1613	0.000
0.1675	0.000
0.1739	0.000
0.1805	0.000
0.1874	0.000
0.1945	0.000
0.2019	0.000
0.2096	0.000
0.2176	0.000
0.2259	0.000
0.2345	0.000
0.2434	0.000
0.2527	0.000
0.2623	0.000
0.2723	0.000
0.2826	0.000
0.2934	0.000
0.3046	0.000
0.3162	0.000
0.3282	0.000
0.3407	0.000
0.3537	0.000
0.3672	0.000
0.3812	0.000
0.3957	0.000
0.4107	0.000
0.4264	0.000
0.4426	0.000
0.4595	0.000
0.4770	0.000
0.4952	0.000
0.5140	0.000
0.5336	0.000
0.5539	0.000
0.5750	0.000
0.5969	0.000
0.6196	0.000
0.6432	0.000
0.6677	0.000
0.6932	0.000
0.7196	0.000
0.7470	0.000
0.7754	0.000
0.8050	0.000
0.8356	0.000
0.8674	0.000
0.9005	0.000
0.9348	0.000
0.9704	0.000
1.007	0.000
1.046	0.000
1.086	0.000
1.127	0.000
1.170	0.000
1.214	0.000
1.261	0.000
1.309	0.000
1.358	0.000
1.410	0.000
1.464	0.000
1.520	0.000
1.578	0.000
1.638	0.000
1.700	0.000
1.765	0.000
1.832	0.000
1.902	0.000
1.974	0.000
2.049	0.000
2.127	0.000
2.208	0.000
2.293	0.000
2.380	0.000
2.470	0.000
2.565	0.000
2.662	0.000
2.764	0.000
2.869	0.000
2.978	0.000
3.092	0.000
3.209	0.000
3.332	0.000
3.458	0.000
3.590	0.000
3.727	0.000
3.869	0.000
4.016	0.000
4.169	0.000
4.328	0.000
4.493	0.000
4.664	0.000
4.841	0.000
5.026	0.000
5.217	0.000
5.416	0.000
5.622	0.000
5.836	0.000
6.059	0.000
6.289	0.000
6.529	0.000
6.778	0.000
7.036	0.000
7.304	0.000
7.582	0.000
7.871	0.000
8.170	0.000
8.482	0.000
8.805	0.000
9.140	0.000
9.488	0.000
9.849	0.000
10.22	0.2671E-30
10.61	0.9129E-30
11.02	0.2968E-29
11.44	0.9194E-29
11.87	0.2720E-28
12.33	0.7694E-28
12.80	0.2086E-27
13.28	0.5425E-27
13.79	0.1357E-26
14.31	0.1072E-25
14.86	0.2615E-25
15.42	0.6167E-25
16.01	0.1407E-24
16.62	0.3113E-24
17.25	0.6682E-24
17.91	0.1393E-23
18.59	0.2827E-23
19.30	0.5584E-23
20.04	0.1079E-22
20.80	0.2028E-22
21.59	0.3724E-22
22.42	0.6689E-22
23.27	0.1176E-21
24.16	0.2025E-21
25.08	0.3420E-21
26.03	0.5669E-21
27.02	0.9246E-21
28.05	0.1479E-20
29.12	0.2326E-20
30.23	0.3602E-20
31.38	0.5493E-20
32.57	0.8256E-20
33.82	0.1224E-19
35.10	0.1790E-19
36.44	0.2586E-19
37.83	0.3689E-19
39.27	0.5201E-19
40.76	0.7250E-19
42.32	0.9999E-19
43.93	0.1365E-18
45.60	0.1846E-18
47.34	0.2472E-18
49.14	0.3282E-18
51.01	0.4319E-18
52.96	0.5639E-18
54.97	0.7305E-18
57.07	0.9393E-18
59.24	0.1199E-17
61.50	0.1521E-17
63.84	0.1917E-17
66.27	0.2401E-17
68.79	0.2990E-17
71.41	0.3702E-17
74.13	0.4560E-17
76.96	0.5589E-17
79.89	0.6819E-17
82.93	0.8280E-17
86.09	0.1001E-16
89.37	0.1205E-16
92.77	0.1445E-16
96.31	0.1727E-16
99.97	0.2056E-16
103.8	0.2439E-16
107.7	0.2885E-16
111.8	0.3401E-16
116.1	0.3997E-16
120.5	0.4684E-16
125.1	0.5475E-16
129.9	0.6383E-16
134.8	0.7422E-16
140.0	0.8609E-16
145.3	0.9962E-16
150.8	0.1150E-15
156.6	0.1325E-15
162.5	0.1523E-15
168.7	0.1747E-15
175.1	0.2000E-15
181.8	0.2285E-15
188.7	0.2606E-15
195.9	0.2966E-15
203.4	0.3368E-15
211.1	0.3819E-15
219.2	0.4322E-15
227.5	0.4882E-15
236.2	0.5505E-15
245.2	0.6195E-15
254.5	0.6961E-15
264.2	0.7806E-15
274.3	0.8739E-15
284.7	0.9767E-15
295.6	0.1090E-14
306.8	0.1213E-14
318.5	0.1349E-14
330.6	0.1497E-14
343.2	0.1658E-14
356.3	0.1834E-14
369.9	0.2025E-14
384.0	0.2232E-14
398.6	0.2456E-14
413.8	0.2699E-14
429.5	0.2960E-14
445.9	0.3241E-14
462.9	0.3544E-14
480.5	0.3868E-14
498.8	0.4216E-14
517.8	0.4588E-14
537.5	0.4985E-14
558.0	0.5409E-14
579.2	0.5861E-14
601.3	0.6341E-14
624.2	0.6851E-14
648.0	0.7393E-14
672.6	0.7965E-14
698.3	0.8571E-14
724.9	0.9211E-14
752.5	0.9887E-14
781.1	0.1060E-13
810.9	0.1135E-13
841.8	0.1214E-13
873.8	0.1296E-13
907.1	0.1383E-13
941.6	0.1474E-13
977.5	0.1570E-13
1015.	0.1669E-13
1053.	0.1773E-13
1094.	0.1882E-13
1135.	0.1996E-13
1178.	0.2114E-13
1223.	0.2237E-13
1270.	0.2365E-13
1318.	0.2497E-13
1368.	0.2635E-13
1421.	0.2778E-13
1475.	0.2927E-13
1531.	0.3080E-13
1589.	0.3239E-13
1650.	0.3403E-13
1712.	0.3572E-13
1778.	0.3747E-13
1845.	0.3927E-13
1916.	0.4113E-13
1989.	0.4304E-13
2064.	0.4501E-13
2143.	0.4703E-13
2225.	0.4910E-13
2309.	0.5123E-13
2397.	0.5341E-13
2489.	0.5565E-13
2583.	0.5794E-13
2682.	0.6028E-13
2784.	0.6267E-13
2890.	0.6512E-13
3000.	0.6761E-13
 
 
E/N (Td)	Total attachment freq. /N (m3/s)
0.1000E-02	0.4915E-35
0.1038E-02	0.4916E-35
0.1078E-02	0.4916E-35
0.1119E-02	0.4917E-35
0.1161E-02	0.4917E-35
0.1205E-02	0.4918E-35
0.1251E-02	0.4919E-35
0.1299E-02	0.4920E-35
0.1349E-02	0.4920E-35
0.1400E-02	0.4921E-35
0.1453E-02	0.4922E-35
0.1509E-02	0.4923E-35
0.1566E-02	0.4924E-35
0.1626E-02	0.4926E-35
0.1688E-02	0.4927E-35
0.1752E-02	0.4928E-35
0.1819E-02	0.4930E-35
0.1888E-02	0.4932E-35
0.1960E-02	0.4933E-35
0.2034E-02	0.4935E-35
0.2112E-02	0.4937E-35
0.2192E-02	0.4940E-35
0.2276E-02	0.4942E-35
0.2362E-02	0.4944E-35
0.2452E-02	0.4947E-35
0.2546E-02	0.4950E-35
0.2643E-02	0.4953E-35
0.2743E-02	0.4957E-35
0.2848E-02	0.4961E-35
0.2956E-02	0.4964E-35
0.3069E-02	0.4969E-35
0.3186E-02	0.4973E-35
0.3307E-02	0.4978E-35
0.3433E-02	0.4984E-35
0.3564E-02	0.4989E-35
0.3700E-02	0.4996E-35
0.3841E-02	0.5002E-35
0.3987E-02	0.5009E-35
0.4139E-02	0.5017E-35
0.4296E-02	0.5025E-35
0.4460E-02	0.5034E-35
0.4630E-02	0.5044E-35
0.4806E-02	0.5054E-35
0.4989E-02	0.5065E-35
0.5179E-02	0.5077E-35
0.5377E-02	0.5090E-35
0.5581E-02	0.5104E-35
0.5794E-02	0.5118E-35
0.6015E-02	0.5134E-35
0.6244E-02	0.5151E-35
0.6481E-02	0.5169E-35
0.6728E-02	0.5189E-35
0.6985E-02	0.5210E-35
0.7251E-02	0.5233E-35
0.7527E-02	0.5257E-35
0.7813E-02	0.5283E-35
0.8111E-02	0.5311E-35
0.8420E-02	0.5341E-35
0.8741E-02	0.5373E-35
0.9073E-02	0.5407E-35
0.9419E-02	0.5444E-35
0.9778E-02	0.5483E-35
0.1015E-01	0.5526E-35
0.1054E-01	0.5571E-35
0.1094E-01	0.5619E-35
0.1135E-01	0.5670E-35
0.1179E-01	0.5725E-35
0.1224E-01	0.5784E-35
0.1270E-01	0.5846E-35
0.1319E-01	0.5913E-35
0.1369E-01	0.5983E-35
0.1421E-01	0.6059E-35
0.1475E-01	0.6139E-35
0.1531E-01	0.6223E-35
0.1590E-01	0.6313E-35
0.1650E-01	0.6409E-35
0.1713E-01	0.6509E-35
0.1778E-01	0.6615E-35
0.1846E-01	0.6727E-35
0.1916E-01	0.6845E-35
0.1989E-01	0.6969E-35
0.2065E-01	0.7099E-35
0.2144E-01	0.7235E-35
0.2225E-01	0.7377E-35
0.2310E-01	0.7525E-35
0.2398E-01	0.7679E-35
0.2489E-01	0.7839E-35
0.2584E-01	0.8004E-35
0.2682E-01	0.8175E-35
0.2785E-01	0.8351E-35
0.2891E-01	0.8531E-35
0.3001E-01	0.8716E-35
0.3115E-01	0.8905E-35
0.3234E-01	0.9097E-35
0.3357E-01	0.9291E-35
0.3485E-01	0.9488E-35
0.3617E-01	0.9686E-35
0.3755E-01	0.9884E-35
0.3898E-01	0.1008E-34
0.4047E-01	0.1028E-34
0.4201E-01	0.1048E-34
0.4361E-01	0.1067E-34
0.4527E-01	0.1086E-34
0.4699E-01	0.1105E-34
0.4878E-01	0.1123E-34
0.5064E-01	0.1141E-34
0.5257E-01	0.1158E-34
0.5457E-01	0.1175E-34
0.5665E-01	0.1190E-34
0.5881E-01	0.1206E-34
0.6105E-01	0.1220E-34
0.6337E-01	0.1234E-34
0.6579E-01	0.1247E-34
0.6829E-01	0.1260E-34
0.7089E-01	0.1271E-34
0.7359E-01	0.1282E-34
0.7640E-01	0.1293E-34
0.7931E-01	0.1302E-34
0.8233E-01	0.1311E-34
0.8546E-01	0.1319E-34
0.8872E-01	0.1327E-34
0.9210E-01	0.1334E-34
0.9560E-01	0.1341E-34
0.9924E-01	0.1347E-34
0.1030	0.1353E-34
0.1069	0.1358E-34
0.1110	0.1363E-34
0.1152	0.1368E-34
0.1196	0.1372E-34
0.1242	0.1376E-34
0.1289	0.1380E-34
0.1338	0.1384E-34
0.1389	0.1387E-34
0.1442	0.1390E-34
0.1497	0.1393E-34
0.1554	0.1396E-34
0.1613	0.1399E-34
0.1675	0.1401E-34
0.1739	0.1404E-34
0.1805	0.1406E-34
0.1874	0.1409E-34
0.1945	0.1411E-34
0.2019	0.1413E-34
0.2096	0.1416E-34
0.2176	0.1418E-34
0.2259	0.1420E-34
0.2345	0.1423E-34
0.2434	0.1425E-34
0.2527	0.1427E-34
0.2623	0.1430E-34
0.2723	0.1432E-34
0.2826	0.1435E-34
0.2934	0.1437E-34
0.3046	0.1440E-34
0.3162	0.1442E-34
0.3282	0.1445E-34
0.3407	0.1447E-34
0.3537	0.1450E-34
0.3672	0.1452E-34
0.3812	0.1455E-34
0.3957	0.1457E-34
0.4107	0.1460E-34
0.4264	0.1462E-34
0.4426	0.1465E-34
0.4595	0.1468E-34
0.4770	0.1470E-34
0.4952	0.1473E-34
0.5140	0.1475E-34
0.5336	0.1477E-34
0.5539	0.1480E-34
0.5750	0.1482E-34
0.5969	0.1484E-34
0.6196	0.1486E-34
0.6432	0.1488E-34
0.6677	0.1490E-34
0.6932	0.1492E-34
0.7196	0.1494E-34
0.7470	0.1495E-34
0.7754	0.1497E-34
0.8050	0.1498E-34
0.8356	0.1500E-34
0.8674	0.1501E-34
0.9005	0.1501E-34
0.9348	0.1502E-34
0.9704	0.1503E-34
1.007	0.1503E-34
1.046	0.1503E-34
1.086	0.1503E-34
1.127	0.1503E-34
1.170	0.1503E-34
1.214	0.1502E-34
1.261	0.1501E-34
1.309	0.1500E-34
1.358	0.1499E-34
1.410	0.1497E-34
1.464	0.1495E-34
1.520	0.1493E-34
1.578	0.1490E-34
1.638	0.1487E-34
1.700	0.2165E-29
1.765	0.5981E-29
1.832	0.1594E-28
1.902	0.4100E-28
1.974	0.1020E-27
2.049	0.1099E-26
2.127	0.2723E-26
2.208	0.6547E-26
2.293	0.1530E-25
2.380	0.3475E-25
2.470	0.7685E-25
2.565	0.1655E-24
2.662	0.3712E-24
2.764	0.7622E-24
2.869	0.1529E-23
2.978	0.2998E-23
3.092	0.5750E-23
3.209	0.1080E-22
3.332	0.1985E-22
3.458	0.3274E-22
3.590	0.5819E-22
3.727	0.1014E-21
3.869	0.1734E-21
4.016	0.2912E-21
4.169	0.4801E-21
4.328	0.7779E-21
4.493	0.1239E-20
4.664	0.1940E-20
4.841	0.2989E-20
5.026	0.4621E-20
5.217	0.6888E-20
5.416	0.1011E-19
5.622	0.1464E-19
5.836	0.2088E-19
6.059	0.2937E-19
6.289	0.4077E-19
6.529	0.5586E-19
6.778	0.7556E-19
7.036	0.1010E-18
7.304	0.1340E-18
7.582	0.1747E-18
7.871	0.2253E-18
8.170	0.2874E-18
8.482	0.3628E-18
8.805	0.4533E-18
9.140	0.5608E-18
9.488	0.6872E-18
9.849	0.8343E-18
10.22	0.1006E-17
10.61	0.1200E-17
11.02	0.1420E-17
11.44	0.1667E-17
11.87	0.1942E-17
12.33	0.2247E-17
12.80	0.2581E-17
13.28	0.2947E-17
13.79	0.3342E-17
14.31	0.3772E-17
14.86	0.4229E-17
15.42	0.4716E-17
16.01	0.5232E-17
16.62	0.5777E-17
17.25	0.6350E-17
17.91	0.6950E-17
18.59	0.7575E-17
19.30	0.8225E-17
20.04	0.8883E-17
20.80	0.9578E-17
21.59	0.1029E-16
22.42	0.1103E-16
23.27	0.1178E-16
24.16	0.1255E-16
25.08	0.1333E-16
26.03	0.1413E-16
27.02	0.1495E-16
28.05	0.1577E-16
29.12	0.1659E-16
30.23	0.1743E-16
31.38	0.1827E-16
32.57	0.1911E-16
33.82	0.1996E-16
35.10	0.2080E-16
36.44	0.2165E-16
37.83	0.2250E-16
39.27	0.2334E-16
40.76	0.2418E-16
42.32	0.2501E-16
43.93	0.2584E-16
45.60	0.2666E-16
47.34	0.2746E-16
49.14	0.2826E-16
51.01	0.2905E-16
52.96	0.2982E-16
54.97	0.3058E-16
57.07	0.3133E-16
59.24	0.3206E-16
61.50	0.3278E-16
63.84	0.3347E-16
66.27	0.3415E-16
68.79	0.3481E-16
71.41	0.3545E-16
74.13	0.3606E-16
76.96	0.3666E-16
79.89	0.3723E-16
82.93	0.3778E-16
86.09	0.3830E-16
89.37	0.3880E-16
92.77	0.3927E-16
96.31	0.3971E-16
99.97	0.4012E-16
103.8	0.4050E-16
107.7	0.4085E-16
111.8	0.4117E-16
116.1	0.4146E-16
120.5	0.4171E-16
125.1	0.4193E-16
129.9	0.4212E-16
134.8	0.4228E-16
140.0	0.4239E-16
145.3	0.4248E-16
150.8	0.4253E-16
156.6	0.4254E-16
162.5	0.4252E-16
168.7	0.4246E-16
175.1	0.4237E-16
181.8	0.4225E-16
188.7	0.4209E-16
195.9	0.4190E-16
203.4	0.4168E-16
211.1	0.4142E-16
219.2	0.4113E-16
227.5	0.4082E-16
236.2	0.4047E-16
245.2	0.4010E-16
254.5	0.3969E-16
264.2	0.3927E-16
274.3	0.3881E-16
284.7	0.3834E-16
295.6	0.3784E-16
306.8	0.3732E-16
318.5	0.3678E-16
330.6	0.3622E-16
343.2	0.3565E-16
356.3	0.3506E-16
369.9	0.3446E-16
384.0	0.3385E-16
398.6	0.3322E-16
413.8	0.3259E-16
429.5	0.3195E-16
445.9	0.3130E-16
462.9	0.3064E-16
480.5	0.2999E-16
498.8	0.2933E-16
517.8	0.2866E-16
537.5	0.2800E-16
558.0	0.2734E-16
579.2	0.2669E-16
601.3	0.2603E-16
624.2	0.2538E-16
648.0	0.2474E-16
672.6	0.2410E-16
698.3	0.2347E-16
724.9	0.2285E-16
752.5	0.2223E-16
781.1	0.2162E-16
810.9	0.2103E-16
841.8	0.2044E-16
873.8	0.1986E-16
907.1	0.1930E-16
941.6	0.1874E-16
977.5	0.1819E-16
1015.	0.1766E-16
1053.	0.1714E-16
1094.	0.1662E-16
1135.	0.1613E-16
1178.	0.1564E-16
1223.	0.1516E-16
1270.	0.1469E-16
1318.	0.1424E-16
1368.	0.1380E-16
1421.	0.1336E-16
1475.	0.1294E-16
1531.	0.1253E-16
1589.	0.1213E-16
1650.	0.1174E-16
1712.	0.1136E-16
1778.	0.1099E-16
1845.	0.1063E-16
1916.	0.1028E-16
1989.	0.9943E-17
2064.	0.9611E-17
2143.	0.9288E-17
2225.	0.8973E-17
2309.	0.8667E-17
2397.	0.8370E-17
2489.	0.8080E-17
2583.	0.7798E-17
2682.	0.7523E-17
2784.	0.7256E-17
2890.	0.6996E-17
3000.	0.6743E-17
 
 
E/N (Td)	Townsend ioniz. coef. alpha/N (m2)
0.1000E-02	0.000
0.1038E-02	0.000
0.1078E-02	0.000
0.1119E-02	0.000
0.1161E-02	0.000
0.1205E-02	0.000
0.1251E-02	0.000
0.1299E-02	0.000
0.1349E-02	0.000
0.1400E-02	0.000
0.1453E-02	0.000
0.1509E-02	0.000
0.1566E-02	0.000
0.1626E-02	0.000
0.1688E-02	0.000
0.1752E-02	0.000
0.1819E-02	0.000
0.1888E-02	0.000
0.1960E-02	0.000
0.2034E-02	0.000
0.2112E-02	0.000
0.2192E-02	0.000
0.2276E-02	0.000
0.2362E-02	0.000
0.2452E-02	0.000
0.2546E-02	0.000
0.2643E-02	0.000
0.2743E-02	0.000
0.2848E-02	0.000
0.2956E-02	0.000
0.3069E-02	0.000
0.3186E-02	0.000
0.3307E-02	0.000
0.3433E-02	0.000
0.3564E-02	0.000
0.3700E-02	0.000
0.3841E-02	0.000
0.3987E-02	0.000
0.4139E-02	0.000
0.4296E-02	0.000
0.4460E-02	0.000
0.4630E-02	0.000
0.4806E-02	0.000
0.4989E-02	0.000
0.5179E-02	0.000
0.5377E-02	0.000
0.5581E-02	0.000
0.5794E-02	0.000
0.6015E-02	0.000
0.6244E-02	0.000
0.6481E-02	0.000
0.6728E-02	0.000
0.6985E-02	0.000
0.7251E-02	0.000
0.7527E-02	0.000
0.7813E-02	0.000
0.8111E-02	0.000
0.8420E-02	0.000
0.8741E-02	0.000
0.9073E-02	0.000
0.9419E-02	0.000
0.9778E-02	0.000
0.1015E-01	0.000
0.1054E-01	0.000
0.1094E-01	0.000
0.1135E-01	0.000
0.1179E-01	0.000
0.1224E-01	0.000
0.1270E-01	0.000
0.1319E-01	0.000
0.1369E-01	0.000
0.1421E-01	0.000
0.1475E-01	0.000
0.1531E-01	0.000
0.1590E-01	0.000
0.1650E-01	0.000
0.1713E-01	0.000
0.1778E-01	0.000
0.1846E-01	0.000
0.1916E-01	0.000
0.1989E-01	0.000
0.2065E-01	0.000
0.2144E-01	0.000
0.2225E-01	0.000
0.2310E-01	0.000
0.2398E-01	0.000
0.2489E-01	0.000
0.2584E-01	0.000
0.2682E-01	0.000
0.2785E-01	0.000
0.2891E-01	0.000
0.3001E-01	0.000
0.3115E-01	0.000
0.3234E-01	0.000
0.3357E-01	0.000
0.3485E-01	0.000
0.3617E-01	0.000
0.3755E-01	0.000
0.3898E-01	0.000
0.4047E-01	0.000
0.4201E-01	0.000
0.4361E-01	0.000
0.4527E-01	0.000
0.4699E-01	0.000
0.4878E-01	0.000
0.5064E-01	0.000
0.5257E-01	0.000
0.5457E-01	0.000
0.5665E-01	0.000
0.5881E-01	0.000
0.6105E-01	0.000
0.6337E-01	0.000
0.6579E-01	0.000
0.6829E-01	0.000
0.7089E-01	0.000
0.7359E-01	0.000
0.7640E-01	0.000
0.7931E-01	0.000
0.8233E-01	0.000
0.8546E-01	0.000
0.8872E-01	0.000
0.9210E-01	0.000
0.9560E-01	0.000
0.9924E-01	0.000
0.1030	0.000
0.1069	0.000
0.1110	0.000
0.1152	0.000
0.1196	0.000
0.1242	0.000
0.1289	0.000
0.1338	0.000
0.1389	0.000
0.1442	0.000
0.1497	0.000
0.1554	0.000
0.1613	0.000
0.1675	0.000
0.1739	0.000
0.1805	0.000
0.1874	0.000
0.1945	0.000
0.2019	0.000
0.2096	0.000
0.2176	0.000
0.2259	0.000
0.2345	0.000
0.2434	0.000
0.2527	0.000
0.2623	0.000
0.2723	0.000
0.2826	0.000
0.2934	0.000
0.3046	0.000
0.3162	0.000
0.3282	0.000
0.3407	0.000
0.3537	0.000
0.3672	0.000
0.3812	0.000
0.3957	0.000
0.4107	0.000
0.4264	0.000
0.4426	0.000
0.4595	0.000
0.4770	0.000
0.4952	0.000
0.5140	0.000
0.5336	0.000
0.5539	0.000
0.5750	0.000
0.5969	0.000
0.6196	0.000
0.6432	0.000
0.6677	0.000
0.6932	0.000
0.7196	0.000
0.7470	0.000
0.7754	0.000
0.8050	0.000
0.8356	0.000
0.8674	0.000
0.9005	0.000
0.9348	0.000
0.9704	0.000
1.007	0.000
1.046	0.000
1.086	0.000
1.127	0.000
1.170	0.000
1.214	0.000
1.261	0.000
1.309	0.000
1.358	0.000
1.410	0.000
1.464	0.000
1.520	0.000
1.578	0.000
1.638	0.000
1.700	0.000
1.765	0.000
1.832	0.000
1.902	0.000
1.974	0.000
2.049	0.000
2.127	0.000
2.208	0.000
2.293	0.000
2.380	0.000
2.470	0.000
2.565	0.000
2.662	0.000
2.764	0.000
2.869	0.000
2.978	0.000
3.092	0.000
3.209	0.000
3.332	0.000
3.458	0.000
3.590	0.000
3.727	0.000
3.869	0.000
4.016	0.000
4.169	0.000
4.328	0.000
4.493	0.000
4.664	0.000
4.841	0.000
5.026	0.000
5.217	0.000
5.416	0.000
5.622	0.000
5.836	0.000
6.059	0.000
6.289	0.000
6.529	0.000
6.778	0.000
7.036	0.000
7.304	0.000
7.582	0.000
7.871	0.000
8.170	0.000
8.482	0.000
8.805	0.000
9.140	0.000
9.488	0.000
9.849	0.000
10.22	0.8446E-35
10.61	0.2833E-34
11.02	0.9031E-34
11.44	0.2741E-33
11.87	0.7938E-33
12.33	0.2197E-32
12.80	0.5820E-32
13.28	0.1479E-31
13.79	0.3609E-31
14.31	0.2780E-30
14.86	0.6612E-30
15.42	0.1519E-29
16.01	0.3377E-29
16.62	0.7273E-29
17.25	0.1519E-28
17.91	0.3082E-28
18.59	0.6080E-28
19.30	0.1168E-27
20.04	0.2191E-27
20.80	0.4002E-27
21.59	0.7141E-27
22.42	0.1246E-26
23.27	0.2127E-26
24.16	0.3556E-26
25.08	0.5830E-26
26.03	0.9379E-26
27.02	0.1486E-25
28.05	0.2307E-25
29.12	0.3522E-25
30.23	0.5291E-25
31.38	0.7829E-25
32.57	0.1142E-24
33.82	0.1642E-24
35.10	0.2330E-24
36.44	0.3266E-24
37.83	0.4520E-24
39.27	0.6183E-24
40.76	0.8365E-24
42.32	0.1120E-23
43.93	0.1483E-23
45.60	0.1946E-23
47.34	0.2530E-23
49.14	0.3261E-23
51.01	0.4167E-23
52.96	0.5281E-23
54.97	0.6643E-23
57.07	0.8294E-23
59.24	0.1028E-22
61.50	0.1267E-22
63.84	0.1551E-22
66.27	0.1887E-22
68.79	0.2282E-22
71.41	0.2746E-22
74.13	0.3287E-22
76.96	0.3915E-22
79.89	0.4642E-22
82.93	0.5479E-22
86.09	0.6440E-22
89.37	0.7539E-22
92.77	0.8791E-22
96.31	0.1021E-21
99.97	0.1183E-21
103.8	0.1365E-21
107.7	0.1571E-21
111.8	0.1802E-21
116.1	0.2061E-21
120.5	0.2351E-21
125.1	0.2674E-21
129.9	0.3035E-21
134.8	0.3436E-21
140.0	0.3881E-21
145.3	0.4374E-21
150.8	0.4920E-21
156.6	0.5522E-21
162.5	0.6184E-21
168.7	0.6914E-21
175.1	0.7714E-21
181.8	0.8591E-21
188.7	0.9550E-21
195.9	0.1060E-20
203.4	0.1174E-20
211.1	0.1298E-20
219.2	0.1433E-20
227.5	0.1580E-20
236.2	0.1738E-20
245.2	0.1910E-20
254.5	0.2094E-20
264.2	0.2293E-20
274.3	0.2506E-20
284.7	0.2735E-20
295.6	0.2980E-20
306.8	0.3242E-20
318.5	0.3521E-20
330.6	0.3818E-20
343.2	0.4133E-20
356.3	0.4468E-20
369.9	0.4821E-20
384.0	0.5194E-20
398.6	0.5587E-20
413.8	0.6001E-20
429.5	0.6435E-20
445.9	0.6890E-20
462.9	0.7365E-20
480.5	0.7861E-20
498.8	0.8378E-20
517.8	0.8915E-20
537.5	0.9473E-20
558.0	0.1005E-19
579.2	0.1065E-19
601.3	0.1127E-19
624.2	0.1190E-19
648.0	0.1256E-19
672.6	0.1323E-19
698.3	0.1392E-19
724.9	0.1463E-19
752.5	0.1535E-19
781.1	0.1608E-19
810.9	0.1684E-19
841.8	0.1760E-19
873.8	0.1838E-19
907.1	0.1917E-19
941.6	0.1997E-19
977.5	0.2078E-19
1015.	0.2159E-19
1053.	0.2242E-19
1094.	0.2325E-19
1135.	0.2409E-19
1178.	0.2493E-19
1223.	0.2577E-19
1270.	0.2662E-19
1318.	0.2747E-19
1368.	0.2832E-19
1421.	0.2916E-19
1475.	0.3001E-19
1531.	0.3085E-19
1589.	0.3168E-19
1650.	0.3251E-19
1712.	0.3334E-19
1778.	0.3415E-19
1845.	0.3496E-19
1916.	0.3575E-19
1989.	0.3654E-19
2064.	0.3731E-19
2143.	0.3806E-19
2225.	0.3880E-19
2309.	0.3953E-19
2397.	0.4023E-19
2489.	0.4092E-19
2583.	0.4159E-19
2682.	0.4224E-19
2784.	0.4286E-19
2890.	0.4346E-19
3000.	0.4404E-19
 
 
E/N (Td)	Townsend attach. coef. eta/N (m2)
0.1000E-02	0.4917E-37
0.1038E-02	0.4757E-37
0.1078E-02	0.4584E-37
0.1119E-02	0.4417E-37
0.1161E-02	0.4257E-37
0.1205E-02	0.4103E-37
0.1251E-02	0.3954E-37
0.1299E-02	0.3811E-37
0.1349E-02	0.3673E-37
0.1400E-02	0.3540E-37
0.1453E-02	0.3412E-37
0.1509E-02	0.3289E-37
0.1566E-02	0.3170E-37
0.1626E-02	0.3056E-37
0.1688E-02	0.2946E-37
0.1752E-02	0.2841E-37
0.1819E-02	0.2739E-37
0.1888E-02	0.2641E-37
0.1960E-02	0.2546E-37
0.2034E-02	0.2456E-37
0.2112E-02	0.2368E-37
0.2192E-02	0.2284E-37
0.2276E-02	0.2203E-37
0.2362E-02	0.2126E-37
0.2452E-02	0.2051E-37
0.2546E-02	0.1979E-37
0.2643E-02	0.1909E-37
0.2743E-02	0.1843E-37
0.2848E-02	0.1779E-37
0.2956E-02	0.1717E-37
0.3069E-02	0.1658E-37
0.3186E-02	0.1601E-37
0.3307E-02	0.1546E-37
0.3433E-02	0.1493E-37
0.3564E-02	0.1442E-37
0.3700E-02	0.1394E-37
0.3841E-02	0.1347E-37
0.3987E-02	0.1302E-37
0.4139E-02	0.1259E-37
0.4296E-02	0.1218E-37
0.4460E-02	0.1178E-37
0.4630E-02	0.1140E-37
0.4806E-02	0.1103E-37
0.4989E-02	0.1068E-37
0.5179E-02	0.1034E-37
0.5377E-02	0.1002E-37
0.5581E-02	0.9713E-38
0.5794E-02	0.9418E-38
0.6015E-02	0.9135E-38
0.6244E-02	0.8864E-38
0.6481E-02	0.8606E-38
0.6728E-02	0.8359E-38
0.6985E-02	0.8124E-38
0.7251E-02	0.7899E-38
0.7527E-02	0.7685E-38
0.7813E-02	0.7481E-38
0.8111E-02	0.7287E-38
0.8420E-02	0.7104E-38
0.8741E-02	0.6929E-38
0.9073E-02	0.6764E-38
0.9419E-02	0.6608E-38
0.9778E-02	0.6461E-38
0.1015E-01	0.6323E-38
0.1054E-01	0.6193E-38
0.1094E-01	0.6071E-38
0.1135E-01	0.5957E-38
0.1179E-01	0.5852E-38
0.1224E-01	0.5754E-38
0.1270E-01	0.5664E-38
0.1319E-01	0.5582E-38
0.1369E-01	0.5506E-38
0.1421E-01	0.5439E-38
0.1475E-01	0.5378E-38
0.1531E-01	0.5325E-38
0.1590E-01	0.5278E-38
0.1650E-01	0.5238E-38
0.1713E-01	0.5206E-38
0.1778E-01	0.5179E-38
0.1846E-01	0.5160E-38
0.1916E-01	0.5146E-38
0.1989E-01	0.5139E-38
0.2065E-01	0.5138E-38
0.2144E-01	0.5143E-38
0.2225E-01	0.5154E-38
0.2310E-01	0.5170E-38
0.2398E-01	0.5192E-38
0.2489E-01	0.5218E-38
0.2584E-01	0.5250E-38
0.2682E-01	0.5285E-38
0.2785E-01	0.5325E-38
0.2891E-01	0.5369E-38
0.3001E-01	0.5415E-38
0.3115E-01	0.5465E-38
0.3234E-01	0.5516E-38
0.3357E-01	0.5569E-38
0.3485E-01	0.5624E-38
0.3617E-01	0.5678E-38
0.3755E-01	0.5732E-38
0.3898E-01	0.5785E-38
0.4047E-01	0.5837E-38
0.4201E-01	0.5886E-38
0.4361E-01	0.5931E-38
0.4527E-01	0.5973E-38
0.4699E-01	0.6010E-38
0.4878E-01	0.6041E-38
0.5064E-01	0.6067E-38
0.5257E-01	0.6086E-38
0.5457E-01	0.6097E-38
0.5665E-01	0.6102E-38
0.5881E-01	0.6098E-38
0.6105E-01	0.6086E-38
0.6337E-01	0.6066E-38
0.6579E-01	0.6038E-38
0.6829E-01	0.6002E-38
0.7089E-01	0.5957E-38
0.7359E-01	0.5905E-38
0.7640E-01	0.5845E-38
0.7931E-01	0.5777E-38
0.8233E-01	0.5704E-38
0.8546E-01	0.5624E-38
0.8872E-01	0.5538E-38
0.9210E-01	0.5448E-38
0.9560E-01	0.5353E-38
0.9924E-01	0.5255E-38
0.1030	0.5153E-38
0.1069	0.5049E-38
0.1110	0.4943E-38
0.1152	0.4835E-38
0.1196	0.4727E-38
0.1242	0.4617E-38
0.1289	0.4509E-38
0.1338	0.4400E-38
0.1389	0.4292E-38
0.1442	0.4185E-38
0.1497	0.4079E-38
0.1554	0.3975E-38
0.1613	0.3872E-38
0.1675	0.3772E-38
0.1739	0.3673E-38
0.1805	0.3577E-38
0.1874	0.3484E-38
0.1945	0.3393E-38
0.2019	0.3304E-38
0.2096	0.3218E-38
0.2176	0.3134E-38
0.2259	0.3053E-38
0.2345	0.2975E-38
0.2434	0.2899E-38
0.2527	0.2826E-38
0.2623	0.2755E-38
0.2723	0.2687E-38
0.2826	0.2621E-38
0.2934	0.2558E-38
0.3046	0.2497E-38
0.3162	0.2438E-38
0.3282	0.2381E-38
0.3407	0.2327E-38
0.3537	0.2274E-38
0.3672	0.2223E-38
0.3812	0.2174E-38
0.3957	0.2126E-38
0.4107	0.2080E-38
0.4264	0.2036E-38
0.4426	0.1993E-38
0.4595	0.1951E-38
0.4770	0.1911E-38
0.4952	0.1872E-38
0.5140	0.1834E-38
0.5336	0.1796E-38
0.5539	0.1760E-38
0.5750	0.1725E-38
0.5969	0.1690E-38
0.6196	0.1656E-38
0.6432	0.1623E-38
0.6677	0.1590E-38
0.6932	0.1558E-38
0.7196	0.1526E-38
0.7470	0.1495E-38
0.7754	0.1464E-38
0.8050	0.1434E-38
0.8356	0.1404E-38
0.8674	0.1375E-38
0.9005	0.1345E-38
0.9348	0.1316E-38
0.9704	0.1288E-38
1.007	0.1260E-38
1.046	0.1232E-38
1.086	0.1205E-38
1.127	0.1178E-38
1.170	0.1152E-38
1.214	0.1124E-38
1.261	0.1098E-38
1.309	0.1073E-38
1.358	0.1048E-38
1.410	0.1028E-38
1.464	0.1004E-38
1.520	0.9802E-39
1.578	0.9568E-39
1.638	0.9339E-39
1.700	0.1330E-33
1.765	0.3595E-33
1.832	0.9373E-33
1.902	0.2360E-32
1.974	0.5744E-32
2.049	0.6070E-31
2.127	0.1473E-30
2.208	0.3469E-30
2.293	0.7941E-30
2.380	0.1769E-29
2.470	0.3835E-29
2.565	0.8101E-29
2.662	0.1782E-28
2.764	0.3593E-28
2.869	0.7082E-28
2.978	0.1365E-27
3.092	0.2577E-27
3.209	0.4764E-27
3.332	0.8631E-27
3.458	0.1403E-26
3.590	0.2461E-26
3.727	0.4236E-26
3.869	0.7160E-26
4.016	0.1189E-25
4.169	0.1941E-25
4.328	0.3114E-25
4.493	0.4916E-25
4.664	0.7636E-25
4.841	0.1167E-24
5.026	0.1791E-24
5.217	0.2650E-24
5.416	0.3865E-24
5.622	0.5555E-24
5.836	0.7870E-24
6.059	0.1099E-23
6.289	0.1515E-23
6.529	0.2059E-23
6.778	0.2762E-23
7.036	0.3658E-23
7.304	0.4830E-23
7.582	0.6232E-23
7.871	0.7944E-23
8.170	0.1001E-22
8.482	0.1247E-22
8.805	0.1535E-22
9.140	0.1871E-22
9.488	0.2256E-22
9.849	0.2693E-22
10.22	0.3180E-22
10.61	0.3724E-22
11.02	0.4320E-22
11.44	0.4969E-22
11.87	0.5669E-22
12.33	0.6415E-22
12.80	0.7204E-22
13.28	0.8031E-22
13.79	0.8892E-22
14.31	0.9779E-22
14.86	0.1069E-21
15.42	0.1162E-21
16.01	0.1256E-21
16.62	0.1350E-21
17.25	0.1444E-21
17.91	0.1537E-21
18.59	0.1629E-21
19.30	0.1720E-21
20.04	0.1805E-21
20.80	0.1891E-21
21.59	0.1974E-21
22.42	0.2054E-21
23.27	0.2131E-21
24.16	0.2204E-21
25.08	0.2273E-21
26.03	0.2338E-21
27.02	0.2403E-21
28.05	0.2460E-21
29.12	0.2512E-21
30.23	0.2560E-21
31.38	0.2603E-21
32.57	0.2643E-21
33.82	0.2678E-21
35.10	0.2708E-21
36.44	0.2734E-21
37.83	0.2757E-21
39.27	0.2775E-21
40.76	0.2790E-21
42.32	0.2801E-21
43.93	0.2808E-21
45.60	0.2811E-21
47.34	0.2812E-21
49.14	0.2808E-21
51.01	0.2802E-21
52.96	0.2793E-21
54.97	0.2781E-21
57.07	0.2766E-21
59.24	0.2749E-21
61.50	0.2730E-21
63.84	0.2707E-21
66.27	0.2683E-21
68.79	0.2657E-21
71.41	0.2629E-21
74.13	0.2599E-21
76.96	0.2568E-21
79.89	0.2535E-21
82.93	0.2500E-21
86.09	0.2464E-21
89.37	0.2427E-21
92.77	0.2388E-21
96.31	0.2349E-21
99.97	0.2308E-21
103.8	0.2267E-21
107.7	0.2224E-21
111.8	0.2181E-21
116.1	0.2137E-21
120.5	0.2093E-21
125.1	0.2048E-21
129.9	0.2003E-21
134.8	0.1957E-21
140.0	0.1911E-21
145.3	0.1865E-21
150.8	0.1819E-21
156.6	0.1773E-21
162.5	0.1726E-21
168.7	0.1680E-21
175.1	0.1634E-21
181.8	0.1588E-21
188.7	0.1543E-21
195.9	0.1497E-21
203.4	0.1453E-21
211.1	0.1408E-21
219.2	0.1364E-21
227.5	0.1321E-21
236.2	0.1278E-21
245.2	0.1236E-21
254.5	0.1194E-21
264.2	0.1153E-21
274.3	0.1113E-21
284.7	0.1074E-21
295.6	0.1035E-21
306.8	0.9972E-22
318.5	0.9602E-22
330.6	0.9240E-22
343.2	0.8886E-22
356.3	0.8541E-22
369.9	0.8204E-22
384.0	0.7876E-22
398.6	0.7557E-22
413.8	0.7247E-22
429.5	0.6945E-22
445.9	0.6653E-22
462.9	0.6369E-22
480.5	0.6094E-22
498.8	0.5828E-22
517.8	0.5570E-22
537.5	0.5321E-22
558.0	0.5081E-22
579.2	0.4849E-22
601.3	0.4625E-22
624.2	0.4410E-22
648.0	0.4202E-22
672.6	0.4003E-22
698.3	0.3811E-22
724.9	0.3627E-22
752.5	0.3451E-22
781.1	0.3282E-22
810.9	0.3120E-22
841.8	0.2964E-22
873.8	0.2816E-22
907.1	0.2674E-22
941.6	0.2538E-22
977.5	0.2408E-22
1015.	0.2284E-22
1053.	0.2166E-22
1094.	0.2054E-22
1135.	0.1947E-22
1178.	0.1844E-22
1223.	0.1747E-22
1270.	0.1654E-22
1318.	0.1566E-22
1368.	0.1482E-22
1421.	0.1403E-22
1475.	0.1327E-22
1531.	0.1255E-22
1589.	0.1187E-22
1650.	0.1122E-22
1712.	0.1060E-22
1778.	0.1002E-22
1845.	0.9465E-23
1916.	0.8939E-23
1989.	0.8440E-23
2064.	0.7966E-23
2143.	0.7517E-23
2225.	0.7091E-23
2309.	0.6687E-23
2397.	0.6305E-23
2489.	0.5941E-23
2583.	0.5597E-23
2682.	0.5271E-23
2784.	0.4962E-23
2890.	0.4670E-23
3000.	0.4392E-23
 
 
E/N (Td)	Power /N (eV m3/s)
0.1000E-02	0.9996E-22
0.1038E-02	0.1073E-21
0.1078E-02	0.1156E-21
0.1119E-02	0.1245E-21
0.1161E-02	0.1341E-21
0.1205E-02	0.1445E-21
0.1251E-02	0.1557E-21
0.1299E-02	0.1677E-21
0.1349E-02	0.1807E-21
0.1400E-02	0.1946E-21
0.1453E-02	0.2097E-21
0.1509E-02	0.2258E-21
0.1566E-02	0.2433E-21
0.1626E-02	0.2620E-21
0.1688E-02	0.2822E-21
0.1752E-02	0.3040E-21
0.1819E-02	0.3274E-21
0.1888E-02	0.3526E-21
0.1960E-02	0.3797E-21
0.2034E-02	0.4089E-21
0.2112E-02	0.4403E-21
0.2192E-02	0.4741E-21
0.2276E-02	0.5104E-21
0.2362E-02	0.5496E-21
0.2452E-02	0.5917E-21
0.2546E-02	0.6369E-21
0.2643E-02	0.6856E-21
0.2743E-02	0.7380E-21
0.2848E-02	0.7943E-21
0.2956E-02	0.8549E-21
0.3069E-02	0.9200E-21
0.3186E-02	0.9900E-21
0.3307E-02	0.1065E-20
0.3433E-02	0.1146E-20
0.3564E-02	0.1233E-20
0.3700E-02	0.1326E-20
0.3841E-02	0.1426E-20
0.3987E-02	0.1534E-20
0.4139E-02	0.1649E-20
0.4296E-02	0.1773E-20
0.4460E-02	0.1906E-20
0.4630E-02	0.2049E-20
0.4806E-02	0.2202E-20
0.4989E-02	0.2366E-20
0.5179E-02	0.2542E-20
0.5377E-02	0.2731E-20
0.5581E-02	0.2933E-20
0.5794E-02	0.3149E-20
0.6015E-02	0.3380E-20
0.6244E-02	0.3628E-20
0.6481E-02	0.3893E-20
0.6728E-02	0.4177E-20
0.6985E-02	0.4480E-20
0.7251E-02	0.4803E-20
0.7527E-02	0.5149E-20
0.7813E-02	0.5518E-20
0.8111E-02	0.5911E-20
0.8420E-02	0.6331E-20
0.8741E-02	0.6777E-20
0.9073E-02	0.7253E-20
0.9419E-02	0.7760E-20
0.9778E-02	0.8298E-20
0.1015E-01	0.8870E-20
0.1054E-01	0.9478E-20
0.1094E-01	0.1012E-19
0.1135E-01	0.1081E-19
0.1179E-01	0.1153E-19
0.1224E-01	0.1230E-19
0.1270E-01	0.1311E-19
0.1319E-01	0.1397E-19
0.1369E-01	0.1487E-19
0.1421E-01	0.1583E-19
0.1475E-01	0.1684E-19
0.1531E-01	0.1790E-19
0.1590E-01	0.1901E-19
0.1650E-01	0.2019E-19
0.1713E-01	0.2142E-19
0.1778E-01	0.2271E-19
0.1846E-01	0.2407E-19
0.1916E-01	0.2549E-19
0.1989E-01	0.2697E-19
0.2065E-01	0.2853E-19
0.2144E-01	0.3015E-19
0.2225E-01	0.3185E-19
0.2310E-01	0.3362E-19
0.2398E-01	0.3547E-19
0.2489E-01	0.3739E-19
0.2584E-01	0.3940E-19
0.2682E-01	0.4149E-19
0.2785E-01	0.4367E-19
0.2891E-01	0.4594E-19
0.3001E-01	0.4830E-19
0.3115E-01	0.5076E-19
0.3234E-01	0.5333E-19
0.3357E-01	0.5600E-19
0.3485E-01	0.5879E-19
0.3617E-01	0.6171E-19
0.3755E-01	0.6475E-19
0.3898E-01	0.6794E-19
0.4047E-01	0.7128E-19
0.4201E-01	0.7478E-19
0.4361E-01	0.7845E-19
0.4527E-01	0.8232E-19
0.4699E-01	0.8639E-19
0.4878E-01	0.9069E-19
0.5064E-01	0.9522E-19
0.5257E-01	0.1000E-18
0.5457E-01	0.1051E-18
0.5665E-01	0.1105E-18
0.5881E-01	0.1163E-18
0.6105E-01	0.1224E-18
0.6337E-01	0.1289E-18
0.6579E-01	0.1359E-18
0.6829E-01	0.1433E-18
0.7089E-01	0.1513E-18
0.7359E-01	0.1598E-18
0.7640E-01	0.1690E-18
0.7931E-01	0.1787E-18
0.8233E-01	0.1892E-18
0.8546E-01	0.2005E-18
0.8872E-01	0.2126E-18
0.9210E-01	0.2256E-18
0.9560E-01	0.2395E-18
0.9924E-01	0.2544E-18
0.1030	0.2705E-18
0.1069	0.2877E-18
0.1110	0.3062E-18
0.1152	0.3261E-18
0.1196	0.3473E-18
0.1242	0.3702E-18
0.1289	0.3946E-18
0.1338	0.4209E-18
0.1389	0.4490E-18
0.1442	0.4791E-18
0.1497	0.5113E-18
0.1554	0.5458E-18
0.1613	0.5828E-18
0.1675	0.6222E-18
0.1739	0.6644E-18
0.1805	0.7095E-18
0.1874	0.7576E-18
0.1945	0.8090E-18
0.2019	0.8638E-18
0.2096	0.9222E-18
0.2176	0.9845E-18
0.2259	0.1051E-17
0.2345	0.1121E-17
0.2434	0.1196E-17
0.2527	0.1276E-17
0.2623	0.1361E-17
0.2723	0.1451E-17
0.2826	0.1547E-17
0.2934	0.1649E-17
0.3046	0.1756E-17
0.3162	0.1870E-17
0.3282	0.1991E-17
0.3407	0.2119E-17
0.3537	0.2255E-17
0.3672	0.2399E-17
0.3812	0.2551E-17
0.3957	0.2712E-17
0.4107	0.2882E-17
0.4264	0.3063E-17
0.4426	0.3254E-17
0.4595	0.3455E-17
0.4770	0.3669E-17
0.4952	0.3895E-17
0.5140	0.4135E-17
0.5336	0.4388E-17
0.5539	0.4657E-17
0.5750	0.4940E-17
0.5969	0.5241E-17
0.6196	0.5560E-17
0.6432	0.5899E-17
0.6677	0.6258E-17
0.6932	0.6639E-17
0.7196	0.7043E-17
0.7470	0.7472E-17
0.7754	0.7927E-17
0.8050	0.8411E-17
0.8356	0.8925E-17
0.8674	0.9470E-17
0.9005	0.1005E-16
0.9348	0.1067E-16
0.9704	0.1132E-16
1.007	0.1202E-16
1.046	0.1276E-16
1.086	0.1354E-16
1.127	0.1437E-16
1.170	0.1526E-16
1.214	0.1623E-16
1.261	0.1723E-16
1.309	0.1830E-16
1.358	0.1943E-16
1.410	0.2053E-16
1.464	0.2180E-16
1.520	0.2314E-16
1.578	0.2456E-16
1.638	0.2607E-16
1.700	0.2767E-16
1.765	0.2936E-16
1.832	0.3115E-16
1.902	0.3305E-16
1.974	0.3505E-16
2.049	0.3710E-16
2.127	0.3933E-16
2.208	0.4168E-16
2.293	0.4416E-16
2.380	0.4677E-16
2.470	0.4951E-16
2.565	0.5239E-16
2.662	0.5547E-16
2.764	0.5863E-16
2.869	0.6194E-16
2.978	0.6539E-16
3.092	0.6899E-16
3.209	0.7274E-16
3.332	0.7664E-16
3.458	0.8069E-16
3.590	0.8489E-16
3.727	0.8923E-16
3.869	0.9372E-16
4.016	0.9836E-16
4.169	0.1031E-15
4.328	0.1081E-15
4.493	0.1132E-15
4.664	0.1185E-15
4.841	0.1240E-15
5.026	0.1297E-15
5.217	0.1356E-15
5.416	0.1417E-15
5.622	0.1481E-15
5.836	0.1548E-15
6.059	0.1619E-15
6.289	0.1693E-15
6.529	0.1771E-15
6.778	0.1854E-15
7.036	0.1942E-15
7.304	0.2026E-15
7.582	0.2126E-15
7.871	0.2232E-15
8.170	0.2346E-15
8.482	0.2468E-15
8.805	0.2599E-15
9.140	0.2740E-15
9.488	0.2890E-15
9.849	0.3052E-15
10.22	0.3234E-15
10.61	0.3420E-15
11.02	0.3621E-15
11.44	0.3836E-15
11.87	0.4068E-15
12.33	0.4317E-15
12.80	0.4585E-15
13.28	0.4873E-15
13.79	0.5182E-15
14.31	0.5520E-15
14.86	0.5877E-15
15.42	0.6261E-15
16.01	0.6673E-15
16.62	0.7115E-15
17.25	0.7589E-15
17.91	0.8099E-15
18.59	0.8645E-15
19.30	0.9231E-15
20.04	0.9864E-15
20.80	0.1054E-14
21.59	0.1126E-14
22.42	0.1204E-14
23.27	0.1287E-14
24.16	0.1376E-14
25.08	0.1471E-14
26.03	0.1573E-14
27.02	0.1681E-14
28.05	0.1798E-14
29.12	0.1923E-14
30.23	0.2058E-14
31.38	0.2202E-14
32.57	0.2355E-14
33.82	0.2520E-14
35.10	0.2696E-14
36.44	0.2886E-14
37.83	0.3087E-14
39.27	0.3303E-14
40.76	0.3533E-14
42.32	0.3779E-14
43.93	0.4043E-14
45.60	0.4324E-14
47.34	0.4624E-14
49.14	0.4945E-14
51.01	0.5288E-14
52.96	0.5654E-14
54.97	0.6045E-14
57.07	0.6463E-14
59.24	0.6909E-14
61.50	0.7384E-14
63.84	0.7892E-14
66.27	0.8433E-14
68.79	0.9011E-14
71.41	0.9628E-14
74.13	0.1029E-13
76.96	0.1099E-13
79.89	0.1173E-13
82.93	0.1253E-13
86.09	0.1338E-13
89.37	0.1429E-13
92.77	0.1525E-13
96.31	0.1628E-13
99.97	0.1738E-13
103.8	0.1854E-13
107.7	0.1979E-13
111.8	0.2111E-13
116.1	0.2252E-13
120.5	0.2402E-13
125.1	0.2561E-13
129.9	0.2731E-13
134.8	0.2912E-13
140.0	0.3104E-13
145.3	0.3309E-13
150.8	0.3526E-13
156.6	0.3757E-13
162.5	0.4003E-13
168.7	0.4264E-13
175.1	0.4542E-13
181.8	0.4837E-13
188.7	0.5150E-13
195.9	0.5482E-13
203.4	0.5835E-13
211.1	0.6210E-13
219.2	0.6608E-13
227.5	0.7031E-13
236.2	0.7479E-13
245.2	0.7955E-13
254.5	0.8460E-13
264.2	0.8995E-13
274.3	0.9563E-13
284.7	0.1017E-12
295.6	0.1080E-12
306.8	0.1148E-12
318.5	0.1220E-12
330.6	0.1296E-12
343.2	0.1377E-12
356.3	0.1463E-12
369.9	0.1554E-12
384.0	0.1650E-12
398.6	0.1752E-12
413.8	0.1861E-12
429.5	0.1976E-12
445.9	0.2098E-12
462.9	0.2227E-12
480.5	0.2364E-12
498.8	0.2510E-12
517.8	0.2665E-12
537.5	0.2829E-12
558.0	0.3003E-12
579.2	0.3188E-12
601.3	0.3384E-12
624.2	0.3593E-12
648.0	0.3815E-12
672.6	0.4050E-12
698.3	0.4300E-12
724.9	0.4565E-12
752.5	0.4847E-12
781.1	0.5147E-12
810.9	0.5466E-12
841.8	0.5804E-12
873.8	0.6164E-12
907.1	0.6546E-12
941.6	0.6953E-12
977.5	0.7385E-12
1015.	0.7844E-12
1053.	0.8333E-12
1094.	0.8852E-12
1135.	0.9404E-12
1178.	0.9991E-12
1223.	0.1061E-11
1270.	0.1128E-11
1318.	0.1198E-11
1368.	0.1273E-11
1421.	0.1353E-11
1475.	0.1438E-11
1531.	0.1528E-11
1589.	0.1624E-11
1650.	0.1726E-11
1712.	0.1835E-11
1778.	0.1950E-11
1845.	0.2073E-11
1916.	0.2204E-11
1989.	0.2343E-11
2064.	0.2490E-11
2143.	0.2648E-11
2225.	0.2815E-11
2309.	0.2993E-11
2397.	0.3183E-11
2489.	0.3384E-11
2583.	0.3599E-11
2682.	0.3827E-11
2784.	0.4071E-11
2890.	0.4330E-11
3000.	0.4606E-11
 
 
E/N (Td)	Elastic power loss /N (eV m3/s)
0.1000E-02	0.1508E-23
0.1038E-02	0.9979E-24
0.1078E-02	0.1076E-23
0.1119E-02	0.1160E-23
0.1161E-02	0.1251E-23
0.1205E-02	0.1349E-23
0.1251E-02	0.1455E-23
0.1299E-02	0.1569E-23
0.1349E-02	0.1692E-23
0.1400E-02	0.1825E-23
0.1453E-02	0.1968E-23
0.1509E-02	0.2123E-23
0.1566E-02	0.2290E-23
0.1626E-02	0.2471E-23
0.1688E-02	0.2666E-23
0.1752E-02	0.2876E-23
0.1819E-02	0.3104E-23
0.1888E-02	0.3349E-23
0.1960E-02	0.3615E-23
0.2034E-02	0.3901E-23
0.2112E-02	0.4211E-23
0.2192E-02	0.4546E-23
0.2276E-02	0.4908E-23
0.2362E-02	0.5299E-23
0.2452E-02	0.5722E-23
0.2546E-02	0.6180E-23
0.2643E-02	0.6674E-23
0.2743E-02	0.7209E-23
0.2848E-02	0.7788E-23
0.2956E-02	0.8414E-23
0.3069E-02	0.9092E-23
0.3186E-02	0.9825E-23
0.3307E-02	0.1062E-22
0.3433E-02	0.1148E-22
0.3564E-02	0.1241E-22
0.3700E-02	0.1341E-22
0.3841E-02	0.1450E-22
0.3987E-02	0.1568E-22
0.4139E-02	0.1696E-22
0.4296E-02	0.1834E-22
0.4460E-02	0.1984E-22
0.4630E-02	0.2147E-22
0.4806E-02	0.2323E-22
0.4989E-02	0.2514E-22
0.5179E-02	0.2721E-22
0.5377E-02	0.2945E-22
0.5581E-02	0.3188E-22
0.5794E-02	0.3452E-22
0.6015E-02	0.3738E-22
0.6244E-02	0.4048E-22
0.6481E-02	0.4384E-22
0.6728E-02	0.4750E-22
0.6985E-02	0.5146E-22
0.7251E-02	0.5576E-22
0.7527E-02	0.6044E-22
0.7813E-02	0.6551E-22
0.8111E-02	0.7102E-22
0.8420E-02	0.7701E-22
0.8741E-02	0.8352E-22
0.9073E-02	0.9059E-22
0.9419E-02	0.9827E-22
0.9778E-02	0.1066E-21
0.1015E-01	0.1157E-21
0.1054E-01	0.1256E-21
0.1094E-01	0.1363E-21
0.1135E-01	0.1480E-21
0.1179E-01	0.1607E-21
0.1224E-01	0.1745E-21
0.1270E-01	0.1895E-21
0.1319E-01	0.2058E-21
0.1369E-01	0.2236E-21
0.1421E-01	0.2429E-21
0.1475E-01	0.2639E-21
0.1531E-01	0.2867E-21
0.1590E-01	0.3115E-21
0.1650E-01	0.3384E-21
0.1713E-01	0.3676E-21
0.1778E-01	0.3993E-21
0.1846E-01	0.4337E-21
0.1916E-01	0.4710E-21
0.1989E-01	0.5114E-21
0.2065E-01	0.5552E-21
0.2144E-01	0.6025E-21
0.2225E-01	0.6536E-21
0.2310E-01	0.7089E-21
0.2398E-01	0.7684E-21
0.2489E-01	0.8326E-21
0.2584E-01	0.9016E-21
0.2682E-01	0.9758E-21
0.2785E-01	0.1055E-20
0.2891E-01	0.1141E-20
0.3001E-01	0.1232E-20
0.3115E-01	0.1329E-20
0.3234E-01	0.1433E-20
0.3357E-01	0.1544E-20
0.3485E-01	0.1661E-20
0.3617E-01	0.1785E-20
0.3755E-01	0.1917E-20
0.3898E-01	0.2055E-20
0.4047E-01	0.2201E-20
0.4201E-01	0.2354E-20
0.4361E-01	0.2514E-20
0.4527E-01	0.2680E-20
0.4699E-01	0.2854E-20
0.4878E-01	0.3034E-20
0.5064E-01	0.3221E-20
0.5257E-01	0.3413E-20
0.5457E-01	0.3611E-20
0.5665E-01	0.3814E-20
0.5881E-01	0.4021E-20
0.6105E-01	0.4233E-20
0.6337E-01	0.4449E-20
0.6579E-01	0.4668E-20
0.6829E-01	0.4890E-20
0.7089E-01	0.5114E-20
0.7359E-01	0.5340E-20
0.7640E-01	0.5567E-20
0.7931E-01	0.5796E-20
0.8233E-01	0.6027E-20
0.8546E-01	0.6258E-20
0.8872E-01	0.6490E-20
0.9210E-01	0.6723E-20
0.9560E-01	0.6956E-20
0.9924E-01	0.7192E-20
0.1030	0.7428E-20
0.1069	0.7666E-20
0.1110	0.7907E-20
0.1152	0.8151E-20
0.1196	0.8398E-20
0.1242	0.8649E-20
0.1289	0.8900E-20
0.1338	0.9162E-20
0.1389	0.9431E-20
0.1442	0.9708E-20
0.1497	0.9994E-20
0.1554	0.1029E-19
0.1613	0.1060E-19
0.1675	0.1091E-19
0.1739	0.1125E-19
0.1805	0.1159E-19
0.1874	0.1195E-19
0.1945	0.1233E-19
0.2019	0.1272E-19
0.2096	0.1314E-19
0.2176	0.1357E-19
0.2259	0.1402E-19
0.2345	0.1449E-19
0.2434	0.1499E-19
0.2527	0.1551E-19
0.2623	0.1605E-19
0.2723	0.1662E-19
0.2826	0.1721E-19
0.2934	0.1782E-19
0.3046	0.1847E-19
0.3162	0.1913E-19
0.3282	0.1983E-19
0.3407	0.2055E-19
0.3537	0.2130E-19
0.3672	0.2208E-19
0.3812	0.2288E-19
0.3957	0.2372E-19
0.4107	0.2458E-19
0.4264	0.2547E-19
0.4426	0.2638E-19
0.4595	0.2733E-19
0.4770	0.2831E-19
0.4952	0.2932E-19
0.5140	0.3035E-19
0.5336	0.3143E-19
0.5539	0.3253E-19
0.5750	0.3369E-19
0.5969	0.3487E-19
0.6196	0.3608E-19
0.6432	0.3734E-19
0.6677	0.3865E-19
0.6932	0.4000E-19
0.7196	0.4143E-19
0.7470	0.4288E-19
0.7754	0.4439E-19
0.8050	0.4599E-19
0.8356	0.4763E-19
0.8674	0.4935E-19
0.9005	0.5114E-19
0.9348	0.5301E-19
0.9704	0.5498E-19
1.007	0.5704E-19
1.046	0.5924E-19
1.086	0.6152E-19
1.127	0.6393E-19
1.170	0.6646E-19
1.214	0.6917E-19
1.261	0.7199E-19
1.309	0.7498E-19
1.358	0.7814E-19
1.410	0.8158E-19
1.464	0.8511E-19
1.520	0.8886E-19
1.578	0.9286E-19
1.638	0.9712E-19
1.700	0.1019E-18
1.765	0.1067E-18
1.832	0.1120E-18
1.902	0.1176E-18
1.974	0.1238E-18
2.049	0.1305E-18
2.127	0.1377E-18
2.208	0.1457E-18
2.293	0.1546E-18
2.380	0.1643E-18
2.470	0.1752E-18
2.565	0.1874E-18
2.662	0.2031E-18
2.764	0.2188E-18
2.869	0.2365E-18
2.978	0.2565E-18
3.092	0.2792E-18
3.209	0.3047E-18
3.332	0.3336E-18
3.458	0.3525E-18
3.590	0.3875E-18
3.727	0.4267E-18
3.869	0.4705E-18
4.016	0.5193E-18
4.169	0.5732E-18
4.328	0.6326E-18
4.493	0.6977E-18
4.664	0.7685E-18
4.841	0.8451E-18
5.026	0.9393E-18
5.217	0.1028E-17
5.416	0.1122E-17
5.622	0.1222E-17
5.836	0.1327E-17
6.059	0.1437E-17
6.289	0.1551E-17
6.529	0.1670E-17
6.778	0.1793E-17
7.036	0.1919E-17
7.304	0.2057E-17
7.582	0.2190E-17
7.871	0.2324E-17
8.170	0.2461E-17
8.482	0.2600E-17
8.805	0.2740E-17
9.140	0.2882E-17
9.488	0.3024E-17
9.849	0.3166E-17
10.22	0.3315E-17
10.61	0.3457E-17
11.02	0.3599E-17
11.44	0.3741E-17
11.87	0.3881E-17
12.33	0.4021E-17
12.80	0.4159E-17
13.28	0.4297E-17
13.79	0.4433E-17
14.31	0.4571E-17
14.86	0.4705E-17
15.42	0.4838E-17
16.01	0.4970E-17
16.62	0.5101E-17
17.25	0.5231E-17
17.91	0.5361E-17
18.59	0.5491E-17
19.30	0.5620E-17
20.04	0.5741E-17
20.80	0.5871E-17
21.59	0.6002E-17
22.42	0.6133E-17
23.27	0.6266E-17
24.16	0.6400E-17
25.08	0.6535E-17
26.03	0.6673E-17
27.02	0.6817E-17
28.05	0.6958E-17
29.12	0.7102E-17
30.23	0.7250E-17
31.38	0.7400E-17
32.57	0.7554E-17
33.82	0.7711E-17
35.10	0.7873E-17
36.44	0.8041E-17
37.83	0.8211E-17
39.27	0.8386E-17
40.76	0.8567E-17
42.32	0.8753E-17
43.93	0.8944E-17
45.60	0.9141E-17
47.34	0.9345E-17
49.14	0.9554E-17
51.01	0.9771E-17
52.96	0.9995E-17
54.97	0.1023E-16
57.07	0.1047E-16
59.24	0.1071E-16
61.50	0.1097E-16
63.84	0.1123E-16
66.27	0.1151E-16
68.79	0.1179E-16
71.41	0.1209E-16
74.13	0.1239E-16
76.96	0.1271E-16
79.89	0.1304E-16
82.93	0.1338E-16
86.09	0.1373E-16
89.37	0.1410E-16
92.77	0.1448E-16
96.31	0.1487E-16
99.97	0.1528E-16
103.8	0.1571E-16
107.7	0.1616E-16
111.8	0.1662E-16
116.1	0.1710E-16
120.5	0.1761E-16
125.1	0.1813E-16
129.9	0.1868E-16
134.8	0.1925E-16
140.0	0.1985E-16
145.3	0.2047E-16
150.8	0.2112E-16
156.6	0.2180E-16
162.5	0.2252E-16
168.7	0.2326E-16
175.1	0.2404E-16
181.8	0.2486E-16
188.7	0.2571E-16
195.9	0.2661E-16
203.4	0.2754E-16
211.1	0.2852E-16
219.2	0.2955E-16
227.5	0.3063E-16
236.2	0.3176E-16
245.2	0.3294E-16
254.5	0.3418E-16
264.2	0.3548E-16
274.3	0.3683E-16
284.7	0.3826E-16
295.6	0.3974E-16
306.8	0.4130E-16
318.5	0.4293E-16
330.6	0.4463E-16
343.2	0.4640E-16
356.3	0.4826E-16
369.9	0.5020E-16
384.0	0.5222E-16
398.6	0.5433E-16
413.8	0.5653E-16
429.5	0.5883E-16
445.9	0.6122E-16
462.9	0.6371E-16
480.5	0.6631E-16
498.8	0.6901E-16
517.8	0.7182E-16
537.5	0.7474E-16
558.0	0.7778E-16
579.2	0.8095E-16
601.3	0.8424E-16
624.2	0.8766E-16
648.0	0.9122E-16
672.6	0.9492E-16
698.3	0.9876E-16
724.9	0.1027E-15
752.5	0.1069E-15
781.1	0.1112E-15
810.9	0.1157E-15
841.8	0.1204E-15
873.8	0.1252E-15
907.1	0.1303E-15
941.6	0.1355E-15
977.5	0.1409E-15
1015.	0.1466E-15
1053.	0.1525E-15
1094.	0.1587E-15
1135.	0.1651E-15
1178.	0.1717E-15
1223.	0.1787E-15
1270.	0.1859E-15
1318.	0.1935E-15
1368.	0.2013E-15
1421.	0.2095E-15
1475.	0.2181E-15
1531.	0.2270E-15
1589.	0.2363E-15
1650.	0.2461E-15
1712.	0.2562E-15
1778.	0.2668E-15
1845.	0.2779E-15
1916.	0.2896E-15
1989.	0.3017E-15
2064.	0.3144E-15
2143.	0.3277E-15
2225.	0.3416E-15
2309.	0.3562E-15
2397.	0.3715E-15
2489.	0.3875E-15
2583.	0.4043E-15
2682.	0.4219E-15
2784.	0.4403E-15
2890.	0.4597E-15
3000.	0.4800E-15
 
 
E/N (Td)	Inelastic power loss /N (eV m3/s)
0.1000E-02	0.9854E-22
0.1038E-02	0.1066E-21
0.1078E-02	0.1149E-21
0.1119E-02	0.1237E-21
0.1161E-02	0.1333E-21
0.1205E-02	0.1436E-21
0.1251E-02	0.1547E-21
0.1299E-02	0.1667E-21
0.1349E-02	0.1796E-21
0.1400E-02	0.1934E-21
0.1453E-02	0.2084E-21
0.1509E-02	0.2244E-21
0.1566E-02	0.2418E-21
0.1626E-02	0.2604E-21
0.1688E-02	0.2805E-21
0.1752E-02	0.3021E-21
0.1819E-02	0.3253E-21
0.1888E-02	0.3504E-21
0.1960E-02	0.3773E-21
0.2034E-02	0.4063E-21
0.2112E-02	0.4375E-21
0.2192E-02	0.4711E-21
0.2276E-02	0.5072E-21
0.2362E-02	0.5460E-21
0.2452E-02	0.5878E-21
0.2546E-02	0.6328E-21
0.2643E-02	0.6812E-21
0.2743E-02	0.7332E-21
0.2848E-02	0.7891E-21
0.2956E-02	0.8492E-21
0.3069E-02	0.9138E-21
0.3186E-02	0.9833E-21
0.3307E-02	0.1058E-20
0.3433E-02	0.1138E-20
0.3564E-02	0.1224E-20
0.3700E-02	0.1317E-20
0.3841E-02	0.1416E-20
0.3987E-02	0.1523E-20
0.4139E-02	0.1637E-20
0.4296E-02	0.1760E-20
0.4460E-02	0.1892E-20
0.4630E-02	0.2033E-20
0.4806E-02	0.2185E-20
0.4989E-02	0.2348E-20
0.5179E-02	0.2522E-20
0.5377E-02	0.2708E-20
0.5581E-02	0.2908E-20
0.5794E-02	0.3122E-20
0.6015E-02	0.3352E-20
0.6244E-02	0.3597E-20
0.6481E-02	0.3859E-20
0.6728E-02	0.4139E-20
0.6985E-02	0.4439E-20
0.7251E-02	0.4758E-20
0.7527E-02	0.5100E-20
0.7813E-02	0.5464E-20
0.8111E-02	0.5852E-20
0.8420E-02	0.6266E-20
0.8741E-02	0.6707E-20
0.9073E-02	0.7176E-20
0.9419E-02	0.7676E-20
0.9778E-02	0.8206E-20
0.1015E-01	0.8770E-20
0.1054E-01	0.9368E-20
0.1094E-01	0.1000E-19
0.1135E-01	0.1068E-19
0.1179E-01	0.1139E-19
0.1224E-01	0.1214E-19
0.1270E-01	0.1294E-19
0.1319E-01	0.1378E-19
0.1369E-01	0.1467E-19
0.1421E-01	0.1561E-19
0.1475E-01	0.1659E-19
0.1531E-01	0.1763E-19
0.1590E-01	0.1872E-19
0.1650E-01	0.1987E-19
0.1713E-01	0.2107E-19
0.1778E-01	0.2233E-19
0.1846E-01	0.2365E-19
0.1916E-01	0.2504E-19
0.1989E-01	0.2648E-19
0.2065E-01	0.2799E-19
0.2144E-01	0.2957E-19
0.2225E-01	0.3122E-19
0.2310E-01	0.3293E-19
0.2398E-01	0.3472E-19
0.2489E-01	0.3658E-19
0.2584E-01	0.3852E-19
0.2682E-01	0.4053E-19
0.2785E-01	0.4263E-19
0.2891E-01	0.4481E-19
0.3001E-01	0.4708E-19
0.3115E-01	0.4945E-19
0.3234E-01	0.5191E-19
0.3357E-01	0.5447E-19
0.3485E-01	0.5714E-19
0.3617E-01	0.5993E-19
0.3755E-01	0.6285E-19
0.3898E-01	0.6589E-19
0.4047E-01	0.6908E-19
0.4201E-01	0.7243E-19
0.4361E-01	0.7594E-19
0.4527E-01	0.7964E-19
0.4699E-01	0.8354E-19
0.4878E-01	0.8765E-19
0.5064E-01	0.9200E-19
0.5257E-01	0.9661E-19
0.5457E-01	0.1015E-18
0.5665E-01	0.1067E-18
0.5881E-01	0.1122E-18
0.6105E-01	0.1182E-18
0.6337E-01	0.1245E-18
0.6579E-01	0.1312E-18
0.6829E-01	0.1384E-18
0.7089E-01	0.1462E-18
0.7359E-01	0.1545E-18
0.7640E-01	0.1634E-18
0.7931E-01	0.1729E-18
0.8233E-01	0.1832E-18
0.8546E-01	0.1942E-18
0.8872E-01	0.2061E-18
0.9210E-01	0.2188E-18
0.9560E-01	0.2325E-18
0.9924E-01	0.2472E-18
0.1030	0.2630E-18
0.1069	0.2800E-18
0.1110	0.2983E-18
0.1152	0.3179E-18
0.1196	0.3389E-18
0.1242	0.3615E-18
0.1289	0.3857E-18
0.1338	0.4117E-18
0.1389	0.4396E-18
0.1442	0.4694E-18
0.1497	0.5014E-18
0.1554	0.5356E-18
0.1613	0.5722E-18
0.1675	0.6114E-18
0.1739	0.6532E-18
0.1805	0.6979E-18
0.1874	0.7457E-18
0.1945	0.7967E-18
0.2019	0.8511E-18
0.2096	0.9091E-18
0.2176	0.9710E-18
0.2259	0.1037E-17
0.2345	0.1107E-17
0.2434	0.1182E-17
0.2527	0.1261E-17
0.2623	0.1345E-17
0.2723	0.1435E-17
0.2826	0.1530E-17
0.2934	0.1631E-17
0.3046	0.1738E-17
0.3162	0.1851E-17
0.3282	0.1972E-17
0.3407	0.2099E-17
0.3537	0.2234E-17
0.3672	0.2377E-17
0.3812	0.2528E-17
0.3957	0.2689E-17
0.4107	0.2858E-17
0.4264	0.3038E-17
0.4426	0.3228E-17
0.4595	0.3429E-17
0.4770	0.3641E-17
0.4952	0.3866E-17
0.5140	0.4105E-17
0.5336	0.4357E-17
0.5539	0.4625E-17
0.5750	0.4906E-17
0.5969	0.5207E-17
0.6196	0.5525E-17
0.6432	0.5862E-17
0.6677	0.6219E-17
0.6932	0.6599E-17
0.7196	0.7004E-17
0.7470	0.7432E-17
0.7754	0.7886E-17
0.8050	0.8364E-17
0.8356	0.8876E-17
0.8674	0.9420E-17
0.9005	0.1000E-16
0.9348	0.1062E-16
0.9704	0.1127E-16
1.007	0.1196E-16
1.046	0.1270E-16
1.086	0.1349E-16
1.127	0.1432E-16
1.170	0.1520E-16
1.214	0.1616E-16
1.261	0.1716E-16
1.309	0.1822E-16
1.358	0.1934E-16
1.410	0.2043E-16
1.464	0.2169E-16
1.520	0.2303E-16
1.578	0.2445E-16
1.638	0.2595E-16
1.700	0.2756E-16
1.765	0.2925E-16
1.832	0.3103E-16
1.902	0.3292E-16
1.974	0.3492E-16
2.049	0.3717E-16
2.127	0.3939E-16
2.208	0.4173E-16
2.293	0.4419E-16
2.380	0.4678E-16
2.470	0.4951E-16
2.565	0.5237E-16
2.662	0.5597E-16
2.764	0.5915E-16
2.869	0.6247E-16
2.978	0.6594E-16
3.092	0.6954E-16
3.209	0.7330E-16
3.332	0.7719E-16
3.458	0.7997E-16
3.590	0.8411E-16
3.727	0.8840E-16
3.869	0.9282E-16
4.016	0.9739E-16
4.169	0.1021E-15
4.328	0.1070E-15
4.493	0.1120E-15
4.664	0.1172E-15
4.841	0.1225E-15
5.026	0.1285E-15
5.217	0.1343E-15
5.416	0.1403E-15
5.622	0.1466E-15
5.836	0.1532E-15
6.059	0.1601E-15
6.289	0.1674E-15
6.529	0.1752E-15
6.778	0.1833E-15
7.036	0.1920E-15
7.304	0.2019E-15
7.582	0.2118E-15
7.871	0.2224E-15
8.170	0.2337E-15
8.482	0.2459E-15
8.805	0.2589E-15
9.140	0.2730E-15
9.488	0.2881E-15
9.849	0.3044E-15
10.22	0.3224E-15
10.61	0.3412E-15
11.02	0.3616E-15
11.44	0.3835E-15
11.87	0.4071E-15
12.33	0.4325E-15
12.80	0.4599E-15
13.28	0.4894E-15
13.79	0.5211E-15
14.31	0.5555E-15
14.86	0.5922E-15
15.42	0.6317E-15
16.01	0.6741E-15
16.62	0.7196E-15
17.25	0.7685E-15
17.91	0.8210E-15
18.59	0.8773E-15
19.30	0.9377E-15
20.04	0.1001E-14
20.80	0.1070E-14
21.59	0.1145E-14
22.42	0.1224E-14
23.27	0.1310E-14
24.16	0.1401E-14
25.08	0.1499E-14
26.03	0.1604E-14
27.02	0.1717E-14
28.05	0.1837E-14
29.12	0.1965E-14
30.23	0.2103E-14
31.38	0.2249E-14
32.57	0.2406E-14
33.82	0.2574E-14
35.10	0.2753E-14
36.44	0.2946E-14
37.83	0.3150E-14
39.27	0.3369E-14
40.76	0.3603E-14
42.32	0.3853E-14
43.93	0.4120E-14
45.60	0.4404E-14
47.34	0.4708E-14
49.14	0.5032E-14
51.01	0.5379E-14
52.96	0.5749E-14
54.97	0.6143E-14
57.07	0.6564E-14
59.24	0.7013E-14
61.50	0.7492E-14
63.84	0.8001E-14
66.27	0.8545E-14
68.79	0.9125E-14
71.41	0.9743E-14
74.13	0.1040E-13
76.96	0.1110E-13
79.89	0.1185E-13
82.93	0.1264E-13
86.09	0.1349E-13
89.37	0.1439E-13
92.77	0.1535E-13
96.31	0.1637E-13
99.97	0.1745E-13
103.8	0.1860E-13
107.7	0.1983E-13
111.8	0.2113E-13
116.1	0.2251E-13
120.5	0.2397E-13
125.1	0.2553E-13
129.9	0.2718E-13
134.8	0.2893E-13
140.0	0.3078E-13
145.3	0.3275E-13
150.8	0.3483E-13
156.6	0.3703E-13
162.5	0.3936E-13
168.7	0.4182E-13
175.1	0.4443E-13
181.8	0.4718E-13
188.7	0.5008E-13
195.9	0.5313E-13
203.4	0.5636E-13
211.1	0.5976E-13
219.2	0.6333E-13
227.5	0.6710E-13
236.2	0.7105E-13
245.2	0.7521E-13
254.5	0.7957E-13
264.2	0.8414E-13
274.3	0.8894E-13
284.7	0.9396E-13
295.6	0.9922E-13
306.8	0.1047E-12
318.5	0.1105E-12
330.6	0.1165E-12
343.2	0.1227E-12
356.3	0.1292E-12
369.9	0.1360E-12
384.0	0.1431E-12
398.6	0.1505E-12
413.8	0.1581E-12
429.5	0.1661E-12
445.9	0.1743E-12
462.9	0.1829E-12
480.5	0.1918E-12
498.8	0.2010E-12
517.8	0.2106E-12
537.5	0.2204E-12
558.0	0.2307E-12
579.2	0.2413E-12
601.3	0.2522E-12
624.2	0.2635E-12
648.0	0.2752E-12
672.6	0.2873E-12
698.3	0.2998E-12
724.9	0.3126E-12
752.5	0.3259E-12
781.1	0.3396E-12
810.9	0.3536E-12
841.8	0.3682E-12
873.8	0.3831E-12
907.1	0.3985E-12
941.6	0.4144E-12
977.5	0.4307E-12
1015.	0.4475E-12
1053.	0.4648E-12
1094.	0.4825E-12
1135.	0.5007E-12
1178.	0.5194E-12
1223.	0.5387E-12
1270.	0.5584E-12
1318.	0.5787E-12
1368.	0.5994E-12
1421.	0.6207E-12
1475.	0.6425E-12
1531.	0.6649E-12
1589.	0.6877E-12
1650.	0.7111E-12
1712.	0.7351E-12
1778.	0.7596E-12
1845.	0.7846E-12
1916.	0.8102E-12
1989.	0.8363E-12
2064.	0.8629E-12
2143.	0.8901E-12
2225.	0.9178E-12
2309.	0.9460E-12
2397.	0.9747E-12
2489.	0.1004E-11
2583.	0.1034E-11
2682.	0.1064E-11
2784.	0.1095E-11
2890.	0.1126E-11
3000.	0.1158E-11
 
 
E/N (Td)	Growth power /N (eV m3/s)
0.1000E-02	-0.1908E-36
0.1038E-02	-0.1908E-36
0.1078E-02	-0.1908E-36
0.1119E-02	-0.1909E-36
0.1161E-02	-0.1909E-36
0.1205E-02	-0.1909E-36
0.1251E-02	-0.1910E-36
0.1299E-02	-0.1910E-36
0.1349E-02	-0.1911E-36
0.1400E-02	-0.1911E-36
0.1453E-02	-0.1912E-36
0.1509E-02	-0.1912E-36
0.1566E-02	-0.1913E-36
0.1626E-02	-0.1914E-36
0.1688E-02	-0.1915E-36
0.1752E-02	-0.1916E-36
0.1819E-02	-0.1916E-36
0.1888E-02	-0.1917E-36
0.1960E-02	-0.1918E-36
0.2034E-02	-0.1920E-36
0.2112E-02	-0.1921E-36
0.2192E-02	-0.1922E-36
0.2276E-02	-0.1924E-36
0.2362E-02	-0.1925E-36
0.2452E-02	-0.1927E-36
0.2546E-02	-0.1928E-36
0.2643E-02	-0.1930E-36
0.2743E-02	-0.1932E-36
0.2848E-02	-0.1935E-36
0.2956E-02	-0.1937E-36
0.3069E-02	-0.1940E-36
0.3186E-02	-0.1942E-36
0.3307E-02	-0.1945E-36
0.3433E-02	-0.1949E-36
0.3564E-02	-0.1952E-36
0.3700E-02	-0.1956E-36
0.3841E-02	-0.1960E-36
0.3987E-02	-0.1964E-36
0.4139E-02	-0.1969E-36
0.4296E-02	-0.1973E-36
0.4460E-02	-0.1979E-36
0.4630E-02	-0.1985E-36
0.4806E-02	-0.1991E-36
0.4989E-02	-0.1997E-36
0.5179E-02	-0.2004E-36
0.5377E-02	-0.2012E-36
0.5581E-02	-0.2020E-36
0.5794E-02	-0.2029E-36
0.6015E-02	-0.2039E-36
0.6244E-02	-0.2049E-36
0.6481E-02	-0.2060E-36
0.6728E-02	-0.2072E-36
0.6985E-02	-0.2085E-36
0.7251E-02	-0.2099E-36
0.7527E-02	-0.2113E-36
0.7813E-02	-0.2129E-36
0.8111E-02	-0.2146E-36
0.8420E-02	-0.2165E-36
0.8741E-02	-0.2184E-36
0.9073E-02	-0.2206E-36
0.9419E-02	-0.2228E-36
0.9778E-02	-0.2253E-36
0.1015E-01	-0.2279E-36
0.1054E-01	-0.2307E-36
0.1094E-01	-0.2338E-36
0.1135E-01	-0.2370E-36
0.1179E-01	-0.2405E-36
0.1224E-01	-0.2443E-36
0.1270E-01	-0.2483E-36
0.1319E-01	-0.2526E-36
0.1369E-01	-0.2572E-36
0.1421E-01	-0.2621E-36
0.1475E-01	-0.2674E-36
0.1531E-01	-0.2731E-36
0.1590E-01	-0.2791E-36
0.1650E-01	-0.2856E-36
0.1713E-01	-0.2925E-36
0.1778E-01	-0.2998E-36
0.1846E-01	-0.3076E-36
0.1916E-01	-0.3159E-36
0.1989E-01	-0.3248E-36
0.2065E-01	-0.3342E-36
0.2144E-01	-0.3442E-36
0.2225E-01	-0.3547E-36
0.2310E-01	-0.3659E-36
0.2398E-01	-0.3777E-36
0.2489E-01	-0.3901E-36
0.2584E-01	-0.4032E-36
0.2682E-01	-0.4169E-36
0.2785E-01	-0.4313E-36
0.2891E-01	-0.4464E-36
0.3001E-01	-0.4621E-36
0.3115E-01	-0.4785E-36
0.3234E-01	-0.4954E-36
0.3357E-01	-0.5130E-36
0.3485E-01	-0.5312E-36
0.3617E-01	-0.5499E-36
0.3755E-01	-0.5690E-36
0.3898E-01	-0.5887E-36
0.4047E-01	-0.6087E-36
0.4201E-01	-0.6291E-36
0.4361E-01	-0.6498E-36
0.4527E-01	-0.6707E-36
0.4699E-01	-0.6918E-36
0.4878E-01	-0.7129E-36
0.5064E-01	-0.7340E-36
0.5257E-01	-0.7551E-36
0.5457E-01	-0.7761E-36
0.5665E-01	-0.7968E-36
0.5881E-01	-0.8173E-36
0.6105E-01	-0.8375E-36
0.6337E-01	-0.8573E-36
0.6579E-01	-0.8766E-36
0.6829E-01	-0.8956E-36
0.7089E-01	-0.9140E-36
0.7359E-01	-0.9319E-36
0.7640E-01	-0.9493E-36
0.7931E-01	-0.9662E-36
0.8233E-01	-0.9825E-36
0.8546E-01	-0.9982E-36
0.8872E-01	-0.1013E-35
0.9210E-01	-0.1028E-35
0.9560E-01	-0.1042E-35
0.9924E-01	-0.1056E-35
0.1030	-0.1069E-35
0.1069	-0.1082E-35
0.1110	-0.1095E-35
0.1152	-0.1107E-35
0.1196	-0.1119E-35
0.1242	-0.1131E-35
0.1289	-0.1142E-35
0.1338	-0.1154E-35
0.1389	-0.1165E-35
0.1442	-0.1176E-35
0.1497	-0.1187E-35
0.1554	-0.1199E-35
0.1613	-0.1210E-35
0.1675	-0.1221E-35
0.1739	-0.1233E-35
0.1805	-0.1245E-35
0.1874	-0.1257E-35
0.1945	-0.1270E-35
0.2019	-0.1282E-35
0.2096	-0.1296E-35
0.2176	-0.1309E-35
0.2259	-0.1323E-35
0.2345	-0.1338E-35
0.2434	-0.1353E-35
0.2527	-0.1369E-35
0.2623	-0.1385E-35
0.2723	-0.1402E-35
0.2826	-0.1420E-35
0.2934	-0.1438E-35
0.3046	-0.1456E-35
0.3162	-0.1476E-35
0.3282	-0.1496E-35
0.3407	-0.1516E-35
0.3537	-0.1538E-35
0.3672	-0.1560E-35
0.3812	-0.1582E-35
0.3957	-0.1606E-35
0.4107	-0.1629E-35
0.4264	-0.1654E-35
0.4426	-0.1679E-35
0.4595	-0.1705E-35
0.4770	-0.1731E-35
0.4952	-0.1758E-35
0.5140	-0.1785E-35
0.5336	-0.1813E-35
0.5539	-0.1841E-35
0.5750	-0.1871E-35
0.5969	-0.1900E-35
0.6196	-0.1931E-35
0.6432	-0.1961E-35
0.6677	-0.1993E-35
0.6932	-0.2025E-35
0.7196	-0.2058E-35
0.7470	-0.2091E-35
0.7754	-0.2125E-35
0.8050	-0.2160E-35
0.8356	-0.2196E-35
0.8674	-0.2232E-35
0.9005	-0.2270E-35
0.9348	-0.2308E-35
0.9704	-0.2347E-35
1.007	-0.2388E-35
1.046	-0.2429E-35
1.086	-0.2472E-35
1.127	-0.2516E-35
1.170	-0.2562E-35
1.214	-0.2609E-35
1.261	-0.2657E-35
1.309	-0.2707E-35
1.358	-0.2759E-35
1.410	-0.2815E-35
1.464	-0.2869E-35
1.520	-0.2926E-35
1.578	-0.2984E-35
1.638	-0.3045E-35
1.700	-0.4539E-30
1.765	-0.1283E-29
1.832	-0.3502E-29
1.902	-0.9231E-29
1.974	-0.2354E-28
2.049	-0.2603E-27
2.127	-0.6623E-27
2.208	-0.1637E-26
2.293	-0.3936E-26
2.380	-0.9213E-26
2.470	-0.2101E-25
2.565	-0.4674E-25
2.662	-0.1088E-24
2.764	-0.2317E-24
2.869	-0.4826E-24
2.978	-0.9846E-24
3.092	-0.1969E-23
3.209	-0.3862E-23
3.332	-0.7434E-23
3.458	-0.1263E-22
3.590	-0.2357E-22
3.727	-0.4324E-22
3.869	-0.7797E-22
4.016	-0.1383E-21
4.169	-0.2412E-21
4.328	-0.4138E-21
4.493	-0.6985E-21
4.664	-0.1160E-20
4.841	-0.1896E-20
5.026	-0.3136E-20
5.217	-0.4957E-20
5.416	-0.7713E-20
5.622	-0.1182E-19
5.836	-0.1783E-19
6.059	-0.2651E-19
6.289	-0.3882E-19
6.529	-0.5603E-19
6.778	-0.7972E-19
7.036	-0.1119E-18
7.304	-0.1561E-18
7.582	-0.2131E-18
7.871	-0.2871E-18
8.170	-0.3820E-18
8.482	-0.5022E-18
8.805	-0.6523E-18
9.140	-0.8377E-18
9.488	-0.1064E-17
9.849	-0.1337E-17
10.22	-0.1668E-17
10.61	-0.2053E-17
11.02	-0.2503E-17
11.44	-0.3024E-17
11.87	-0.3621E-17
12.33	-0.4300E-17
12.80	-0.5066E-17
13.28	-0.5923E-17
13.79	-0.6874E-17
14.31	-0.7933E-17
14.86	-0.9084E-17
15.42	-0.1034E-16
16.01	-0.1170E-16
16.62	-0.1316E-16
17.25	-0.1473E-16
17.91	-0.1640E-16
18.59	-0.1819E-16
19.30	-0.2008E-16
20.04	-0.2200E-16
20.80	-0.2410E-16
21.59	-0.2630E-16
22.42	-0.2861E-16
23.27	-0.3101E-16
24.16	-0.3352E-16
25.08	-0.3612E-16
26.03	-0.3883E-16
27.02	-0.4168E-16
28.05	-0.4457E-16
29.12	-0.4755E-16
30.23	-0.5062E-16
31.38	-0.5378E-16
32.57	-0.5702E-16
33.82	-0.6035E-16
35.10	-0.6375E-16
36.44	-0.6725E-16
37.83	-0.7080E-16
39.27	-0.7442E-16
40.76	-0.7809E-16
42.32	-0.8182E-16
43.93	-0.8559E-16
45.60	-0.8938E-16
47.34	-0.9320E-16
49.14	-0.9700E-16
51.01	-0.1008E-15
52.96	-0.1045E-15
54.97	-0.1082E-15
57.07	-0.1118E-15
59.24	-0.1152E-15
61.50	-0.1184E-15
63.84	-0.1213E-15
66.27	-0.1239E-15
68.79	-0.1261E-15
71.41	-0.1277E-15
74.13	-0.1287E-15
76.96	-0.1290E-15
79.89	-0.1283E-15
82.93	-0.1264E-15
86.09	-0.1232E-15
89.37	-0.1184E-15
92.77	-0.1116E-15
96.31	-0.1026E-15
99.97	-0.9098E-16
103.8	-0.7621E-16
107.7	-0.5778E-16
111.8	-0.3509E-16
116.1	-0.7421E-17
120.5	0.2603E-16
125.1	0.6620E-16
129.9	0.1142E-15
134.8	0.1711E-15
140.0	0.2385E-15
145.3	0.3178E-15
150.8	0.4109E-15
156.6	0.5200E-15
162.5	0.6471E-15
168.7	0.7952E-15
175.1	0.9670E-15
181.8	0.1166E-14
188.7	0.1396E-14
195.9	0.1662E-14
203.4	0.1967E-14
211.1	0.2318E-14
219.2	0.2721E-14
227.5	0.3182E-14
236.2	0.3709E-14
245.2	0.4310E-14
254.5	0.4995E-14
264.2	0.5774E-14
274.3	0.6657E-14
284.7	0.7658E-14
295.6	0.8791E-14
306.8	0.1007E-13
318.5	0.1151E-13
330.6	0.1313E-13
343.2	0.1495E-13
356.3	0.1700E-13
369.9	0.1929E-13
384.0	0.2185E-13
398.6	0.2470E-13
413.8	0.2789E-13
429.5	0.3143E-13
445.9	0.3537E-13
462.9	0.3974E-13
480.5	0.4457E-13
498.8	0.4993E-13
517.8	0.5584E-13
537.5	0.6236E-13
558.0	0.6955E-13
579.2	0.7746E-13
601.3	0.8615E-13
624.2	0.9568E-13
648.0	0.1062E-12
672.6	0.1176E-12
698.3	0.1301E-12
724.9	0.1438E-12
752.5	0.1588E-12
781.1	0.1751E-12
810.9	0.1928E-12
841.8	0.2121E-12
873.8	0.2332E-12
907.1	0.2560E-12
941.6	0.2808E-12
977.5	0.3077E-12
1015.	0.3368E-12
1053.	0.3684E-12
1094.	0.4026E-12
1135.	0.4396E-12
1178.	0.4796E-12
1223.	0.5227E-12
1270.	0.5694E-12
1318.	0.6197E-12
1368.	0.6740E-12
1421.	0.7325E-12
1475.	0.7956E-12
1531.	0.8635E-12
1589.	0.9365E-12
1650.	0.1015E-11
1712.	0.1100E-11
1778.	0.1191E-11
1845.	0.1289E-11
1916.	0.1394E-11
1989.	0.1506E-11
2064.	0.1628E-11
2143.	0.1758E-11
2225.	0.1898E-11
2309.	0.2047E-11
2397.	0.2208E-11
2489.	0.2381E-11
2583.	0.2566E-11
2682.	0.2764E-11
2784.	0.2977E-11
2890.	0.3204E-11
3000.	0.3449E-11
 
 
E/N (Td)	Maximum energy
0.1000E-02	0.7500
0.1038E-02	0.7500
0.1078E-02	0.7500
0.1119E-02	0.7500
0.1161E-02	0.7500
0.1205E-02	0.7500
0.1251E-02	0.7500
0.1299E-02	0.7500
0.1349E-02	0.7500
0.1400E-02	0.7500
0.1453E-02	0.7500
0.1509E-02	0.7500
0.1566E-02	0.7500
0.1626E-02	0.7500
0.1688E-02	0.7500
0.1752E-02	0.7500
0.1819E-02	0.7500
0.1888E-02	0.7500
0.1960E-02	0.7500
0.2034E-02	0.7500
0.2112E-02	0.7500
0.2192E-02	0.7500
0.2276E-02	0.7500
0.2362E-02	0.7500
0.2452E-02	0.7500
0.2546E-02	0.7500
0.2643E-02	0.7500
0.2743E-02	0.7500
0.2848E-02	0.7500
0.2956E-02	0.7500
0.3069E-02	0.7500
0.3186E-02	0.7500
0.3307E-02	0.7500
0.3433E-02	0.7500
0.3564E-02	0.7500
0.3700E-02	0.7500
0.3841E-02	0.7500
0.3987E-02	0.7500
0.4139E-02	0.7500
0.4296E-02	0.7500
0.4460E-02	0.7500
0.4630E-02	0.7500
0.4806E-02	0.7500
0.4989E-02	0.7500
0.5179E-02	0.7500
0.5377E-02	0.7500
0.5581E-02	0.7500
0.5794E-02	0.7500
0.6015E-02	0.7500
0.6244E-02	0.7500
0.6481E-02	0.7500
0.6728E-02	0.7500
0.6985E-02	0.7500
0.7251E-02	0.7500
0.7527E-02	0.7500
0.7813E-02	0.7500
0.8111E-02	0.7500
0.8420E-02	0.7500
0.8741E-02	0.7500
0.9073E-02	0.7500
0.9419E-02	0.7500
0.9778E-02	0.7500
0.1015E-01	0.7500
0.1054E-01	0.7500
0.1094E-01	0.7500
0.1135E-01	0.7500
0.1179E-01	0.7500
0.1224E-01	0.7500
0.1270E-01	0.7500
0.1319E-01	0.7500
0.1369E-01	0.7500
0.1421E-01	0.7500
0.1475E-01	0.7500
0.1531E-01	0.7500
0.1590E-01	0.7500
0.1650E-01	0.7500
0.1713E-01	0.7500
0.1778E-01	0.7500
0.1846E-01	0.7500
0.1916E-01	0.7500
0.1989E-01	0.7500
0.2065E-01	0.7500
0.2144E-01	0.7500
0.2225E-01	0.7500
0.2310E-01	0.7500
0.2398E-01	0.7500
0.2489E-01	0.7500
0.2584E-01	0.7500
0.2682E-01	0.7500
0.2785E-01	0.7500
0.2891E-01	0.7500
0.3001E-01	0.7500
0.3115E-01	0.7500
0.3234E-01	0.7500
0.3357E-01	0.7500
0.3485E-01	0.7500
0.3617E-01	0.7500
0.3755E-01	0.7500
0.3898E-01	0.7500
0.4047E-01	0.7500
0.4201E-01	0.7500
0.4361E-01	0.7500
0.4527E-01	0.7500
0.4699E-01	0.7500
0.4878E-01	0.7500
0.5064E-01	0.7500
0.5257E-01	0.7500
0.5457E-01	0.7500
0.5665E-01	0.7500
0.5881E-01	0.7500
0.6105E-01	0.7500
0.6337E-01	0.7500
0.6579E-01	0.7500
0.6829E-01	0.7500
0.7089E-01	0.7500
0.7359E-01	0.7500
0.7640E-01	0.7500
0.7931E-01	0.7500
0.8233E-01	0.7500
0.8546E-01	0.7500
0.8872E-01	0.7500
0.9210E-01	0.7500
0.9560E-01	0.7500
0.9924E-01	0.7500
0.1030	0.7500
0.1069	0.7500
0.1110	0.7500
0.1152	0.7500
0.1196	0.7500
0.1242	0.7500
0.1289	0.8933
0.1338	0.8933
0.1389	0.8933
0.1442	0.8933
0.1497	0.8933
0.1554	0.8933
0.1613	0.8933
0.1675	0.8933
0.1739	0.8933
0.1805	0.8933
0.1874	0.8933
0.1945	0.8933
0.2019	0.8933
0.2096	0.8933
0.2176	0.8933
0.2259	0.8933
0.2345	0.8933
0.2434	0.8933
0.2527	0.8933
0.2623	0.8933
0.2723	0.8933
0.2826	0.8933
0.2934	0.8933
0.3046	0.8933
0.3162	0.8933
0.3282	0.8933
0.3407	1.064
0.3537	1.064
0.3672	1.064
0.3812	1.064
0.3957	1.064
0.4107	1.064
0.4264	1.064
0.4426	1.064
0.4595	1.064
0.4770	1.064
0.4952	1.064
0.5140	1.064
0.5336	1.064
0.5539	1.064
0.5750	1.267
0.5969	1.267
0.6196	1.267
0.6432	1.267
0.6677	1.267
0.6932	1.267
0.7196	1.509
0.7470	1.509
0.7754	1.509
0.8050	1.797
0.8356	1.797
0.8674	1.797
0.9005	2.141
0.9348	2.141
0.9704	2.141
1.007	2.141
1.046	2.549
1.086	2.549
1.127	2.549
1.170	2.549
1.214	3.036
1.261	3.036
1.309	3.036
1.358	3.036
1.410	3.616
1.464	3.616
1.520	3.616
1.578	3.616
1.638	3.616
1.700	4.307
1.765	4.307
1.832	4.307
1.902	4.307
1.974	4.307
2.049	5.130
2.127	5.130
2.208	5.130
2.293	5.130
2.380	5.130
2.470	5.130
2.565	5.130
2.662	6.109
2.764	6.109
2.869	6.109
2.978	6.109
3.092	6.109
3.209	6.109
3.332	6.109
3.458	7.276
3.590	7.276
3.727	7.276
3.869	7.276
4.016	7.276
4.169	7.276
4.328	7.276
4.493	7.276
4.664	7.276
4.841	7.276
5.026	8.666
5.217	8.666
5.416	8.666
5.622	8.666
5.836	8.666
6.059	8.666
6.289	8.666
6.529	8.666
6.778	8.666
7.036	8.666
7.304	10.32
7.582	10.32
7.871	10.32
8.170	10.32
8.482	10.32
8.805	10.32
9.140	10.32
9.488	10.32
9.849	10.32
10.22	12.29
10.61	12.29
11.02	12.29
11.44	12.29
11.87	12.29
12.33	12.29
12.80	12.29
13.28	12.29
13.79	12.29
14.31	14.62
14.86	14.62
15.42	14.62
16.01	14.62
16.62	14.62
17.25	14.62
17.91	14.62
18.59	14.62
19.30	14.62
20.04	17.37
20.80	17.37
21.59	17.37
22.42	17.37
23.27	17.37
24.16	17.37
25.08	17.37
26.03	17.37
27.02	20.62
28.05	20.62
29.12	20.62
30.23	20.62
31.38	20.62
32.57	20.62
33.82	20.62
35.10	20.62
36.44	24.46
37.83	24.46
39.27	24.46
40.76	24.46
42.32	24.46
43.93	24.46
45.60	24.46
47.34	24.46
49.14	29.01
51.01	29.01
52.96	29.01
54.97	29.01
57.07	29.01
59.24	29.01
61.50	29.01
63.84	34.38
66.27	34.38
68.79	34.38
71.41	34.38
74.13	34.38
76.96	34.38
79.89	40.72
82.93	40.72
86.09	40.72
89.37	40.72
92.77	40.72
96.31	40.72
99.97	40.72
103.8	48.23
107.7	48.23
111.8	48.23
116.1	48.23
120.5	48.23
125.1	48.23
129.9	57.10
134.8	57.10
140.0	57.10
145.3	57.10
150.8	57.10
156.6	67.58
162.5	67.58
168.7	67.58
175.1	67.58
181.8	67.58
188.7	67.58
195.9	79.98
203.4	79.98
211.1	79.98
219.2	79.98
227.5	79.98
236.2	94.63
245.2	94.63
254.5	94.63
264.2	94.63
274.3	94.63
284.7	111.9
295.6	111.9
306.8	111.9
318.5	111.9
330.6	111.9
343.2	132.4
356.3	132.4
369.9	132.4
384.0	132.4
398.6	156.6
413.8	156.6
429.5	156.6
445.9	156.6
462.9	156.6
480.5	185.2
498.8	185.2
517.8	185.2
537.5	185.2
558.0	219.0
579.2	219.0
601.3	219.0
624.2	219.0
648.0	259.0
672.6	259.0
698.3	259.0
724.9	259.0
752.5	306.3
781.1	306.3
810.9	306.3
841.8	306.3
873.8	362.1
907.1	362.1
941.6	362.1
977.5	428.1
1015.	428.1
1053.	428.1
1094.	428.1
1135.	506.2
1178.	506.2
1223.	506.2
1270.	598.4
1318.	598.4
1368.	598.4
1421.	707.5
1475.	707.5
1531.	707.5
1589.	707.5
1650.	836.4
1712.	836.4
1778.	836.4
1845.	988.8
1916.	988.8
1989.	988.8
2064.	1169.
2143.	1169.
2225.	1382.
2309.	1382.
2397.	1382.
2489.	1633.
2583.	1633.
2682.	1633.
2784.	1931.
2890.	1931.
3000.	1931.
 
 
E/N (Td)	# of iterations
0.1000E-02	24.00
0.1038E-02	5.000
0.1078E-02	5.000
0.1119E-02	5.000
0.1161E-02	5.000
0.1205E-02	5.000
0.1251E-02	5.000
0.1299E-02	5.000
0.1349E-02	5.000
0.1400E-02	5.000
0.1453E-02	5.000
0.1509E-02	5.000
0.1566E-02	5.000
0.1626E-02	5.000
0.1688E-02	5.000
0.1752E-02	5.000
0.1819E-02	5.000
0.1888E-02	5.000
0.1960E-02	4.000
0.2034E-02	4.000
0.2112E-02	4.000
0.2192E-02	4.000
0.2276E-02	4.000
0.2362E-02	4.000
0.2452E-02	4.000
0.2546E-02	4.000
0.2643E-02	4.000
0.2743E-02	4.000
0.2848E-02	4.000
0.2956E-02	4.000
0.3069E-02	4.000
0.3186E-02	4.000
0.3307E-02	4.000
0.3433E-02	4.000
0.3564E-02	4.000
0.3700E-02	4.000
0.3841E-02	4.000
0.3987E-02	4.000
0.4139E-02	4.000
0.4296E-02	4.000
0.4460E-02	4.000
0.4630E-02	4.000
0.4806E-02	4.000
0.4989E-02	4.000
0.5179E-02	4.000
0.5377E-02	4.000
0.5581E-02	4.000
0.5794E-02	4.000
0.6015E-02	4.000
0.6244E-02	4.000
0.6481E-02	4.000
0.6728E-02	4.000
0.6985E-02	4.000
0.7251E-02	4.000
0.7527E-02	4.000
0.7813E-02	4.000
0.8111E-02	4.000
0.8420E-02	4.000
0.8741E-02	4.000
0.9073E-02	4.000
0.9419E-02	4.000
0.9778E-02	4.000
0.1015E-01	4.000
0.1054E-01	4.000
0.1094E-01	4.000
0.1135E-01	4.000
0.1179E-01	4.000
0.1224E-01	4.000
0.1270E-01	4.000
0.1319E-01	4.000
0.1369E-01	4.000
0.1421E-01	4.000
0.1475E-01	4.000
0.1531E-01	4.000
0.1590E-01	4.000
0.1650E-01	4.000
0.1713E-01	4.000
0.1778E-01	4.000
0.1846E-01	4.000
0.1916E-01	4.000
0.1989E-01	4.000
0.2065E-01	4.000
0.2144E-01	4.000
0.2225E-01	4.000
0.2310E-01	4.000
0.2398E-01	4.000
0.2489E-01	4.000
0.2584E-01	4.000
0.2682E-01	4.000
0.2785E-01	4.000
0.2891E-01	4.000
0.3001E-01	4.000
0.3115E-01	4.000
0.3234E-01	5.000
0.3357E-01	5.000
0.3485E-01	5.000
0.3617E-01	5.000
0.3755E-01	5.000
0.3898E-01	5.000
0.4047E-01	5.000
0.4201E-01	5.000
0.4361E-01	5.000
0.4527E-01	5.000
0.4699E-01	5.000
0.4878E-01	5.000
0.5064E-01	5.000
0.5257E-01	5.000
0.5457E-01	4.000
0.5665E-01	4.000
0.5881E-01	4.000
0.6105E-01	4.000
0.6337E-01	4.000
0.6579E-01	4.000
0.6829E-01	4.000
0.7089E-01	4.000
0.7359E-01	4.000
0.7640E-01	4.000
0.7931E-01	5.000
0.8233E-01	5.000
0.8546E-01	5.000
0.8872E-01	5.000
0.9210E-01	4.000
0.9560E-01	4.000
0.9924E-01	4.000
0.1030	4.000
0.1069	4.000
0.1110	4.000
0.1152	4.000
0.1196	4.000
0.1242	4.000
0.1289	8.000
0.1338	4.000
0.1389	4.000
0.1442	4.000
0.1497	4.000
0.1554	4.000
0.1613	4.000
0.1675	4.000
0.1739	4.000
0.1805	4.000
0.1874	4.000
0.1945	4.000
0.2019	4.000
0.2096	4.000
0.2176	4.000
0.2259	4.000
0.2345	4.000
0.2434	4.000
0.2527	4.000
0.2623	4.000
0.2723	4.000
0.2826	4.000
0.2934	4.000
0.3046	4.000
0.3162	4.000
0.3282	4.000
0.3407	9.000
0.3537	5.000
0.3672	5.000
0.3812	5.000
0.3957	5.000
0.4107	5.000
0.4264	5.000
0.4426	5.000
0.4595	5.000
0.4770	5.000
0.4952	4.000
0.5140	4.000
0.5336	4.000
0.5539	4.000
0.5750	9.000
0.5969	5.000
0.6196	5.000
0.6432	4.000
0.6677	4.000
0.6932	4.000
0.7196	9.000
0.7470	5.000
0.7754	4.000
0.8050	9.000
0.8356	5.000
0.8674	5.000
0.9005	9.000
0.9348	5.000
0.9704	5.000
1.007	5.000
1.046	9.000
1.086	5.000
1.127	5.000
1.170	5.000
1.214	10.00
1.261	5.000
1.309	5.000
1.358	5.000
1.410	10.00
1.464	5.000
1.520	5.000
1.578	4.000
1.638	4.000
1.700	9.000
1.765	5.000
1.832	5.000
1.902	5.000
1.974	4.000
2.049	9.000
2.127	5.000
2.208	5.000
2.293	5.000
2.380	4.000
2.470	4.000
2.565	4.000
2.662	9.000
2.764	5.000
2.869	4.000
2.978	4.000
3.092	4.000
3.209	4.000
3.332	4.000
3.458	8.000
3.590	4.000
3.727	4.000
3.869	4.000
4.016	4.000
4.169	4.000
4.328	4.000
4.493	4.000
4.664	4.000
4.841	4.000
5.026	8.000
5.217	4.000
5.416	4.000
5.622	4.000
5.836	4.000
6.059	4.000
6.289	4.000
6.529	4.000
6.778	4.000
7.036	4.000
7.304	8.000
7.582	4.000
7.871	4.000
8.170	4.000
8.482	4.000
8.805	4.000
9.140	4.000
9.488	4.000
9.849	4.000
10.22	8.000
10.61	4.000
11.02	4.000
11.44	4.000
11.87	4.000
12.33	4.000
12.80	4.000
13.28	4.000
13.79	4.000
14.31	8.000
14.86	4.000
15.42	4.000
16.01	4.000
16.62	4.000
17.25	4.000
17.91	4.000
18.59	4.000
19.30	4.000
20.04	9.000
20.80	4.000
21.59	4.000
22.42	5.000
23.27	5.000
24.16	5.000
25.08	5.000
26.03	5.000
27.02	9.000
28.05	4.000
29.12	4.000
30.23	4.000
31.38	4.000
32.57	5.000
33.82	5.000
35.10	5.000
36.44	9.000
37.83	4.000
39.27	4.000
40.76	4.000
42.32	4.000
43.93	4.000
45.60	4.000
47.34	4.000
49.14	8.000
51.01	4.000
52.96	4.000
54.97	4.000
57.07	4.000
59.24	4.000
61.50	4.000
63.84	8.000
66.27	4.000
68.79	4.000
71.41	4.000
74.13	4.000
76.96	4.000
79.89	9.000
82.93	4.000
86.09	4.000
89.37	4.000
92.77	4.000
96.31	4.000
99.97	4.000
103.8	9.000
107.7	4.000
111.8	4.000
116.1	4.000
120.5	4.000
125.1	4.000
129.9	8.000
134.8	4.000
140.0	4.000
145.3	4.000
150.8	4.000
156.6	8.000
162.5	4.000
168.7	4.000
175.1	5.000
181.8	5.000
188.7	5.000
195.9	10.00
203.4	5.000
211.1	5.000
219.2	5.000
227.5	5.000
236.2	10.00
245.2	5.000
254.5	5.000
264.2	5.000
274.3	5.000
284.7	10.00
295.6	5.000
306.8	5.000
318.5	5.000
330.6	5.000
343.2	11.00
356.3	5.000
369.9	6.000
384.0	6.000
398.6	12.00
413.8	6.000
429.5	6.000
445.9	6.000
462.9	6.000
480.5	12.00
498.8	6.000
517.8	6.000
537.5	6.000
558.0	12.00
579.2	6.000
601.3	6.000
624.2	6.000
648.0	12.00
672.6	6.000
698.3	6.000
724.9	6.000
752.5	12.00
781.1	6.000
810.9	6.000
841.8	6.000
873.8	12.00
907.1	6.000
941.6	6.000
977.5	13.00
1015.	7.000
1053.	7.000
1094.	7.000
1135.	15.00
1178.	8.000
1223.	8.000
1270.	16.00
1318.	8.000
1368.	8.000
1421.	16.00
1475.	8.000
1531.	8.000
1589.	8.000
1650.	16.00
1712.	8.000
1778.	8.000
1845.	17.00
1916.	9.000
1989.	9.000
2064.	18.00
2143.	9.000
2225.	18.00
2309.	9.000
2397.	9.000
2489.	18.00
2583.	9.000
2682.	9.000
2784.	18.00
2890.	9.000
3000.	9.000
 
 
E/N (Td)	# of grid trials
0.1000E-02	2.000
0.1038E-02	1.000
0.1078E-02	1.000
0.1119E-02	1.000
0.1161E-02	1.000
0.1205E-02	1.000
0.1251E-02	1.000
0.1299E-02	1.000
0.1349E-02	1.000
0.1400E-02	1.000
0.1453E-02	1.000
0.1509E-02	1.000
0.1566E-02	1.000
0.1626E-02	1.000
0.1688E-02	1.000
0.1752E-02	1.000
0.1819E-02	1.000
0.1888E-02	1.000
0.1960E-02	1.000
0.2034E-02	1.000
0.2112E-02	1.000
0.2192E-02	1.000
0.2276E-02	1.000
0.2362E-02	1.000
0.2452E-02	1.000
0.2546E-02	1.000
0.2643E-02	1.000
0.2743E-02	1.000
0.2848E-02	1.000
0.2956E-02	1.000
0.3069E-02	1.000
0.3186E-02	1.000
0.3307E-02	1.000
0.3433E-02	1.000
0.3564E-02	1.000
0.3700E-02	1.000
0.3841E-02	1.000
0.3987E-02	1.000
0.4139E-02	1.000
0.4296E-02	1.000
0.4460E-02	1.000
0.4630E-02	1.000
0.4806E-02	1.000
0.4989E-02	1.000
0.5179E-02	1.000
0.5377E-02	1.000
0.5581E-02	1.000
0.5794E-02	1.000
0.6015E-02	1.000
0.6244E-02	1.000
0.6481E-02	1.000
0.6728E-02	1.000
0.6985E-02	1.000
0.7251E-02	1.000
0.7527E-02	1.000
0.7813E-02	1.000
0.8111E-02	1.000
0.8420E-02	1.000
0.8741E-02	1.000
0.9073E-02	1.000
0.9419E-02	1.000
0.9778E-02	1.000
0.1015E-01	1.000
0.1054E-01	1.000
0.1094E-01	1.000
0.1135E-01	1.000
0.1179E-01	1.000
0.1224E-01	1.000
0.1270E-01	1.000
0.1319E-01	1.000
0.1369E-01	1.000
0.1421E-01	1.000
0.1475E-01	1.000
0.1531E-01	1.000
0.1590E-01	1.000
0.1650E-01	1.000
0.1713E-01	1.000
0.1778E-01	1.000
0.1846E-01	1.000
0.1916E-01	1.000
0.1989E-01	1.000
0.2065E-01	1.000
0.2144E-01	1.000
0.2225E-01	1.000
0.2310E-01	1.000
0.2398E-01	1.000
0.2489E-01	1.000
0.2584E-01	1.000
0.2682E-01	1.000
0.2785E-01	1.000
0.2891E-01	1.000
0.3001E-01	1.000
0.3115E-01	1.000
0.3234E-01	1.000
0.3357E-01	1.000
0.3485E-01	1.000
0.3617E-01	1.000
0.3755E-01	1.000
0.3898E-01	1.000
0.4047E-01	1.000
0.4201E-01	1.000
0.4361E-01	1.000
0.4527E-01	1.000
0.4699E-01	1.000
0.4878E-01	1.000
0.5064E-01	1.000
0.5257E-01	1.000
0.5457E-01	1.000
0.5665E-01	1.000
0.5881E-01	1.000
0.6105E-01	1.000
0.6337E-01	1.000
0.6579E-01	1.000
0.6829E-01	1.000
0.7089E-01	1.000
0.7359E-01	1.000
0.7640E-01	1.000
0.7931E-01	1.000
0.8233E-01	1.000
0.8546E-01	1.000
0.8872E-01	1.000
0.9210E-01	1.000
0.9560E-01	1.000
0.9924E-01	1.000
0.1030	1.000
0.1069	1.000
0.1110	1.000
0.1152	1.000
0.1196	1.000
0.1242	1.000
0.1289	2.000
0.1338	1.000
0.1389	1.000
0.1442	1.000
0.1497	1.000
0.1554	1.000
0.1613	1.000
0.1675	1.000
0.1739	1.000
0.1805	1.000
0.1874	1.000
0.1945	1.000
0.2019	1.000
0.2096	1.000
0.2176	1.000
0.2259	1.000
0.2345	1.000
0.2434	1.000
0.2527	1.000
0.2623	1.000
0.2723	1.000
0.2826	1.000
0.2934	1.000
0.3046	1.000
0.3162	1.000
0.3282	1.000
0.3407	2.000
0.3537	1.000
0.3672	1.000
0.3812	1.000
0.3957	1.000
0.4107	1.000
0.4264	1.000
0.4426	1.000
0.4595	1.000
0.4770	1.000
0.4952	1.000
0.5140	1.000
0.5336	1.000
0.5539	1.000
0.5750	2.000
0.5969	1.000
0.6196	1.000
0.6432	1.000
0.6677	1.000
0.6932	1.000
0.7196	2.000
0.7470	1.000
0.7754	1.000
0.8050	2.000
0.8356	1.000
0.8674	1.000
0.9005	2.000
0.9348	1.000
0.9704	1.000
1.007	1.000
1.046	2.000
1.086	1.000
1.127	1.000
1.170	1.000
1.214	2.000
1.261	1.000
1.309	1.000
1.358	1.000
1.410	2.000
1.464	1.000
1.520	1.000
1.578	1.000
1.638	1.000
1.700	2.000
1.765	1.000
1.832	1.000
1.902	1.000
1.974	1.000
2.049	2.000
2.127	1.000
2.208	1.000
2.293	1.000
2.380	1.000
2.470	1.000
2.565	1.000
2.662	2.000
2.764	1.000
2.869	1.000
2.978	1.000
3.092	1.000
3.209	1.000
3.332	1.000
3.458	2.000
3.590	1.000
3.727	1.000
3.869	1.000
4.016	1.000
4.169	1.000
4.328	1.000
4.493	1.000
4.664	1.000
4.841	1.000
5.026	2.000
5.217	1.000
5.416	1.000
5.622	1.000
5.836	1.000
6.059	1.000
6.289	1.000
6.529	1.000
6.778	1.000
7.036	1.000
7.304	2.000
7.582	1.000
7.871	1.000
8.170	1.000
8.482	1.000
8.805	1.000
9.140	1.000
9.488	1.000
9.849	1.000
10.22	2.000
10.61	1.000
11.02	1.000
11.44	1.000
11.87	1.000
12.33	1.000
12.80	1.000
13.28	1.000
13.79	1.000
14.31	2.000
14.86	1.000
15.42	1.000
16.01	1.000
16.62	1.000
17.25	1.000
17.91	1.000
18.59	1.000
19.30	1.000
20.04	2.000
20.80	1.000
21.59	1.000
22.42	1.000
23.27	1.000
24.16	1.000
25.08	1.000
26.03	1.000
27.02	2.000
28.05	1.000
29.12	1.000
30.23	1.000
31.38	1.000
32.57	1.000
33.82	1.000
35.10	1.000
36.44	2.000
37.83	1.000
39.27	1.000
40.76	1.000
42.32	1.000
43.93	1.000
45.60	1.000
47.34	1.000
49.14	2.000
51.01	1.000
52.96	1.000
54.97	1.000
57.07	1.000
59.24	1.000
61.50	1.000
63.84	2.000
66.27	1.000
68.79	1.000
71.41	1.000
74.13	1.000
76.96	1.000
79.89	2.000
82.93	1.000
86.09	1.000
89.37	1.000
92.77	1.000
96.31	1.000
99.97	1.000
103.8	2.000
107.7	1.000
111.8	1.000
116.1	1.000
120.5	1.000
125.1	1.000
129.9	2.000
134.8	1.000
140.0	1.000
145.3	1.000
150.8	1.000
156.6	2.000
162.5	1.000
168.7	1.000
175.1	1.000
181.8	1.000
188.7	1.000
195.9	2.000
203.4	1.000
211.1	1.000
219.2	1.000
227.5	1.000
236.2	2.000
245.2	1.000
254.5	1.000
264.2	1.000
274.3	1.000
284.7	2.000
295.6	1.000
306.8	1.000
318.5	1.000
330.6	1.000
343.2	2.000
356.3	1.000
369.9	1.000
384.0	1.000
398.6	2.000
413.8	1.000
429.5	1.000
445.9	1.000
462.9	1.000
480.5	2.000
498.8	1.000
517.8	1.000
537.5	1.000
558.0	2.000
579.2	1.000
601.3	1.000
624.2	1.000
648.0	2.000
672.6	1.000
698.3	1.000
724.9	1.000
752.5	2.000
781.1	1.000
810.9	1.000
841.8	1.000
873.8	2.000
907.1	1.000
941.6	1.000
977.5	2.000
1015.	1.000
1053.	1.000
1094.	1.000
1135.	2.000
1178.	1.000
1223.	1.000
1270.	2.000
1318.	1.000
1368.	1.000
1421.	2.000
1475.	1.000
1531.	1.000
1589.	1.000
1650.	2.000
1712.	1.000
1778.	1.000
1845.	2.000
1916.	1.000
1989.	1.000
2064.	2.000
2143.	1.000
2225.	2.000
2309.	1.000
2397.	1.000
2489.	2.000
2583.	1.000
2682.	1.000
2784.	2.000
2890.	1.000
3000.	1.000
 
 
C1    O2    Attachment                                          
E/N (Td)	Rate coefficient (m3/s)
0.1000E-02	0.4915E-35
0.1038E-02	0.4916E-35
0.1078E-02	0.4916E-35
0.1119E-02	0.4917E-35
0.1161E-02	0.4917E-35
0.1205E-02	0.4918E-35
0.1251E-02	0.4919E-35
0.1299E-02	0.4920E-35
0.1349E-02	0.4920E-35
0.1400E-02	0.4921E-35
0.1453E-02	0.4922E-35
0.1509E-02	0.4923E-35
0.1566E-02	0.4924E-35
0.1626E-02	0.4926E-35
0.1688E-02	0.4927E-35
0.1752E-02	0.4928E-35
0.1819E-02	0.4930E-35
0.1888E-02	0.4932E-35
0.1960E-02	0.4933E-35
0.2034E-02	0.4935E-35
0.2112E-02	0.4937E-35
0.2192E-02	0.4940E-35
0.2276E-02	0.4942E-35
0.2362E-02	0.4944E-35
0.2452E-02	0.4947E-35
0.2546E-02	0.4950E-35
0.2643E-02	0.4953E-35
0.2743E-02	0.4957E-35
0.2848E-02	0.4961E-35
0.2956E-02	0.4964E-35
0.3069E-02	0.4969E-35
0.3186E-02	0.4973E-35
0.3307E-02	0.4978E-35
0.3433E-02	0.4984E-35
0.3564E-02	0.4989E-35
0.3700E-02	0.4996E-35
0.3841E-02	0.5002E-35
0.3987E-02	0.5009E-35
0.4139E-02	0.5017E-35
0.4296E-02	0.5025E-35
0.4460E-02	0.5034E-35
0.4630E-02	0.5044E-35
0.4806E-02	0.5054E-35
0.4989E-02	0.5065E-35
0.5179E-02	0.5077E-35
0.5377E-02	0.5090E-35
0.5581E-02	0.5104E-35
0.5794E-02	0.5118E-35
0.6015E-02	0.5134E-35
0.6244E-02	0.5151E-35
0.6481E-02	0.5169E-35
0.6728E-02	0.5189E-35
0.6985E-02	0.5210E-35
0.7251E-02	0.5233E-35
0.7527E-02	0.5257E-35
0.7813E-02	0.5283E-35
0.8111E-02	0.5311E-35
0.8420E-02	0.5341E-35
0.8741E-02	0.5373E-35
0.9073E-02	0.5407E-35
0.9419E-02	0.5444E-35
0.9778E-02	0.5483E-35
0.1015E-01	0.5526E-35
0.1054E-01	0.5571E-35
0.1094E-01	0.5619E-35
0.1135E-01	0.5670E-35
0.1179E-01	0.5725E-35
0.1224E-01	0.5784E-35
0.1270E-01	0.5846E-35
0.1319E-01	0.5913E-35
0.1369E-01	0.5983E-35
0.1421E-01	0.6059E-35
0.1475E-01	0.6139E-35
0.1531E-01	0.6223E-35
0.1590E-01	0.6313E-35
0.1650E-01	0.6409E-35
0.1713E-01	0.6509E-35
0.1778E-01	0.6615E-35
0.1846E-01	0.6727E-35
0.1916E-01	0.6845E-35
0.1989E-01	0.6969E-35
0.2065E-01	0.7099E-35
0.2144E-01	0.7235E-35
0.2225E-01	0.7377E-35
0.2310E-01	0.7525E-35
0.2398E-01	0.7679E-35
0.2489E-01	0.7839E-35
0.2584E-01	0.8004E-35
0.2682E-01	0.8175E-35
0.2785E-01	0.8351E-35
0.2891E-01	0.8531E-35
0.3001E-01	0.8716E-35
0.3115E-01	0.8905E-35
0.3234E-01	0.9097E-35
0.3357E-01	0.9291E-35
0.3485E-01	0.9488E-35
0.3617E-01	0.9686E-35
0.3755E-01	0.9884E-35
0.3898E-01	0.1008E-34
0.4047E-01	0.1028E-34
0.4201E-01	0.1048E-34
0.4361E-01	0.1067E-34
0.4527E-01	0.1086E-34
0.4699E-01	0.1105E-34
0.4878E-01	0.1123E-34
0.5064E-01	0.1141E-34
0.5257E-01	0.1158E-34
0.5457E-01	0.1175E-34
0.5665E-01	0.1190E-34
0.5881E-01	0.1206E-34
0.6105E-01	0.1220E-34
0.6337E-01	0.1234E-34
0.6579E-01	0.1247E-34
0.6829E-01	0.1260E-34
0.7089E-01	0.1271E-34
0.7359E-01	0.1282E-34
0.7640E-01	0.1293E-34
0.7931E-01	0.1302E-34
0.8233E-01	0.1311E-34
0.8546E-01	0.1319E-34
0.8872E-01	0.1327E-34
0.9210E-01	0.1334E-34
0.9560E-01	0.1341E-34
0.9924E-01	0.1347E-34
0.1030	0.1353E-34
0.1069	0.1358E-34
0.1110	0.1363E-34
0.1152	0.1368E-34
0.1196	0.1372E-34
0.1242	0.1376E-34
0.1289	0.1380E-34
0.1338	0.1384E-34
0.1389	0.1387E-34
0.1442	0.1390E-34
0.1497	0.1393E-34
0.1554	0.1396E-34
0.1613	0.1399E-34
0.1675	0.1401E-34
0.1739	0.1404E-34
0.1805	0.1406E-34
0.1874	0.1409E-34
0.1945	0.1411E-34
0.2019	0.1413E-34
0.2096	0.1416E-34
0.2176	0.1418E-34
0.2259	0.1420E-34
0.2345	0.1423E-34
0.2434	0.1425E-34
0.2527	0.1427E-34
0.2623	0.1430E-34
0.2723	0.1432E-34
0.2826	0.1435E-34
0.2934	0.1437E-34
0.3046	0.1440E-34
0.3162	0.1442E-34
0.3282	0.1445E-34
0.3407	0.1447E-34
0.3537	0.1450E-34
0.3672	0.1452E-34
0.3812	0.1455E-34
0.3957	0.1457E-34
0.4107	0.1460E-34
0.4264	0.1462E-34
0.4426	0.1465E-34
0.4595	0.1468E-34
0.4770	0.1470E-34
0.4952	0.1473E-34
0.5140	0.1475E-34
0.5336	0.1477E-34
0.5539	0.1480E-34
0.5750	0.1482E-34
0.5969	0.1484E-34
0.6196	0.1486E-34
0.6432	0.1488E-34
0.6677	0.1490E-34
0.6932	0.1492E-34
0.7196	0.1494E-34
0.7470	0.1495E-34
0.7754	0.1497E-34
0.8050	0.1498E-34
0.8356	0.1500E-34
0.8674	0.1501E-34
0.9005	0.1501E-34
0.9348	0.1502E-34
0.9704	0.1503E-34
1.007	0.1503E-34
1.046	0.1503E-34
1.086	0.1503E-34
1.127	0.1503E-34
1.170	0.1503E-34
1.214	0.1502E-34
1.261	0.1501E-34
1.309	0.1500E-34
1.358	0.1499E-34
1.410	0.1497E-34
1.464	0.1495E-34
1.520	0.1493E-34
1.578	0.1490E-34
1.638	0.1487E-34
1.700	0.1483E-34
1.765	0.1479E-34
1.832	0.1475E-34
1.902	0.1471E-34
1.974	0.1465E-34
2.049	0.1459E-34
2.127	0.1453E-34
2.208	0.1446E-34
2.293	0.1439E-34
2.380	0.1430E-34
2.470	0.1421E-34
2.565	0.1411E-34
2.662	0.1398E-34
2.764	0.1386E-34
2.869	0.1373E-34
2.978	0.1358E-34
3.092	0.1343E-34
3.209	0.1325E-34
3.332	0.1307E-34
3.458	0.1295E-34
3.590	0.1274E-34
3.727	0.1251E-34
3.869	0.1227E-34
4.016	0.1201E-34
4.169	0.1174E-34
4.328	0.1145E-34
4.493	0.1115E-34
4.664	0.1084E-34
4.841	0.1051E-34
5.026	0.1013E-34
5.217	0.9792E-35
5.416	0.9447E-35
5.622	0.9100E-35
5.836	0.8753E-35
6.059	0.8407E-35
6.289	0.8065E-35
6.529	0.7728E-35
6.778	0.7398E-35
7.036	0.7077E-35
7.304	0.6739E-35
7.582	0.6440E-35
7.871	0.6153E-35
8.170	0.5877E-35
8.482	0.5615E-35
8.805	0.5365E-35
9.140	0.5129E-35
9.488	0.4905E-35
9.849	0.4695E-35
10.22	0.4474E-35
10.61	0.4290E-35
11.02	0.4118E-35
11.44	0.3956E-35
11.87	0.3806E-35
12.33	0.3665E-35
12.80	0.3534E-35
13.28	0.3412E-35
13.79	0.3299E-35
14.31	0.3193E-35
14.86	0.3094E-35
15.42	0.3002E-35
16.01	0.2916E-35
16.62	0.2836E-35
17.25	0.2761E-35
17.91	0.2691E-35
18.59	0.2625E-35
19.30	0.2563E-35
20.04	0.2519E-35
20.80	0.2463E-35
21.59	0.2409E-35
22.42	0.2359E-35
23.27	0.2311E-35
24.16	0.2266E-35
25.08	0.2222E-35
26.03	0.2181E-35
27.02	0.2135E-35
28.05	0.2097E-35
29.12	0.2061E-35
30.23	0.2026E-35
31.38	0.1992E-35
32.57	0.1959E-35
33.82	0.1927E-35
35.10	0.1896E-35
36.44	0.1863E-35
37.83	0.1834E-35
39.27	0.1805E-35
40.76	0.1777E-35
42.32	0.1750E-35
43.93	0.1722E-35
45.60	0.1696E-35
47.34	0.1670E-35
49.14	0.1645E-35
51.01	0.1620E-35
52.96	0.1595E-35
54.97	0.1571E-35
57.07	0.1547E-35
59.24	0.1523E-35
61.50	0.1499E-35
63.84	0.1477E-35
66.27	0.1455E-35
68.79	0.1432E-35
71.41	0.1410E-35
74.13	0.1388E-35
76.96	0.1367E-35
79.89	0.1345E-35
82.93	0.1324E-35
86.09	0.1304E-35
89.37	0.1284E-35
92.77	0.1264E-35
96.31	0.1245E-35
99.97	0.1226E-35
103.8	0.1207E-35
107.7	0.1188E-35
111.8	0.1170E-35
116.1	0.1152E-35
120.5	0.1135E-35
125.1	0.1118E-35
129.9	0.1101E-35
134.8	0.1085E-35
140.0	0.1069E-35
145.3	0.1053E-35
150.8	0.1038E-35
156.6	0.1023E-35
162.5	0.1009E-35
168.7	0.9944E-36
175.1	0.9803E-36
181.8	0.9671E-36
188.7	0.9540E-36
195.9	0.9416E-36
203.4	0.9289E-36
211.1	0.9168E-36
219.2	0.9052E-36
227.5	0.8944E-36
236.2	0.8833E-36
245.2	0.8731E-36
254.5	0.8633E-36
264.2	0.8531E-36
274.3	0.8438E-36
284.7	0.8359E-36
295.6	0.8267E-36
306.8	0.8178E-36
318.5	0.8115E-36
330.6	0.8043E-36
343.2	0.7977E-36
356.3	0.7913E-36
369.9	0.7854E-36
384.0	0.7798E-36
398.6	0.7745E-36
413.8	0.7698E-36
429.5	0.7655E-36
445.9	0.7615E-36
462.9	0.7580E-36
480.5	0.7549E-36
498.8	0.7522E-36
517.8	0.7498E-36
537.5	0.7478E-36
558.0	0.7462E-36
579.2	0.7450E-36
601.3	0.7442E-36
624.2	0.7437E-36
648.0	0.7436E-36
672.6	0.7439E-36
698.3	0.7445E-36
724.9	0.7455E-36
752.5	0.7468E-36
781.1	0.7484E-36
810.9	0.7504E-36
841.8	0.7527E-36
873.8	0.7554E-36
907.1	0.7584E-36
941.6	0.7617E-36
977.5	0.7653E-36
1015.	0.7693E-36
1053.	0.7736E-36
1094.	0.7781E-36
1135.	0.7830E-36
1178.	0.7882E-36
1223.	0.7937E-36
1270.	0.7995E-36
1318.	0.8056E-36
1368.	0.8121E-36
1421.	0.8188E-36
1475.	0.8258E-36
1531.	0.8331E-36
1589.	0.8407E-36
1650.	0.8486E-36
1712.	0.8569E-36
1778.	0.8654E-36
1845.	0.8742E-36
1916.	0.8833E-36
1989.	0.8927E-36
2064.	0.9025E-36
2143.	0.9125E-36
2225.	0.9228E-36
2309.	0.9335E-36
2397.	0.9444E-36
2489.	0.9556E-36
2583.	0.9672E-36
2682.	0.9790E-36
2784.	0.9912E-36
2890.	0.1004E-35
3000.	0.1016E-35
 
 
C2    O2    Attachment                                          
E/N (Td)	Rate coefficient (m3/s)
0.1000E-02	0.000
0.1038E-02	0.000
0.1078E-02	0.000
0.1119E-02	0.000
0.1161E-02	0.000
0.1205E-02	0.000
0.1251E-02	0.000
0.1299E-02	0.000
0.1349E-02	0.000
0.1400E-02	0.000
0.1453E-02	0.000
0.1509E-02	0.000
0.1566E-02	0.000
0.1626E-02	0.000
0.1688E-02	0.000
0.1752E-02	0.000
0.1819E-02	0.000
0.1888E-02	0.000
0.1960E-02	0.000
0.2034E-02	0.000
0.2112E-02	0.000
0.2192E-02	0.000
0.2276E-02	0.000
0.2362E-02	0.000
0.2452E-02	0.000
0.2546E-02	0.000
0.2643E-02	0.000
0.2743E-02	0.000
0.2848E-02	0.000
0.2956E-02	0.000
0.3069E-02	0.000
0.3186E-02	0.000
0.3307E-02	0.000
0.3433E-02	0.000
0.3564E-02	0.000
0.3700E-02	0.000
0.3841E-02	0.000
0.3987E-02	0.000
0.4139E-02	0.000
0.4296E-02	0.000
0.4460E-02	0.000
0.4630E-02	0.000
0.4806E-02	0.000
0.4989E-02	0.000
0.5179E-02	0.000
0.5377E-02	0.000
0.5581E-02	0.000
0.5794E-02	0.000
0.6015E-02	0.000
0.6244E-02	0.000
0.6481E-02	0.000
0.6728E-02	0.000
0.6985E-02	0.000
0.7251E-02	0.000
0.7527E-02	0.000
0.7813E-02	0.000
0.8111E-02	0.000
0.8420E-02	0.000
0.8741E-02	0.000
0.9073E-02	0.000
0.9419E-02	0.000
0.9778E-02	0.000
0.1015E-01	0.000
0.1054E-01	0.000
0.1094E-01	0.000
0.1135E-01	0.000
0.1179E-01	0.000
0.1224E-01	0.000
0.1270E-01	0.000
0.1319E-01	0.000
0.1369E-01	0.000
0.1421E-01	0.000
0.1475E-01	0.000
0.1531E-01	0.000
0.1590E-01	0.000
0.1650E-01	0.000
0.1713E-01	0.000
0.1778E-01	0.000
0.1846E-01	0.000
0.1916E-01	0.000
0.1989E-01	0.000
0.2065E-01	0.000
0.2144E-01	0.000
0.2225E-01	0.000
0.2310E-01	0.000
0.2398E-01	0.000
0.2489E-01	0.000
0.2584E-01	0.000
0.2682E-01	0.000
0.2785E-01	0.000
0.2891E-01	0.000
0.3001E-01	0.000
0.3115E-01	0.000
0.3234E-01	0.000
0.3357E-01	0.000
0.3485E-01	0.000
0.3617E-01	0.000
0.3755E-01	0.000
0.3898E-01	0.000
0.4047E-01	0.000
0.4201E-01	0.000
0.4361E-01	0.000
0.4527E-01	0.000
0.4699E-01	0.000
0.4878E-01	0.000
0.5064E-01	0.000
0.5257E-01	0.000
0.5457E-01	0.000
0.5665E-01	0.000
0.5881E-01	0.000
0.6105E-01	0.000
0.6337E-01	0.000
0.6579E-01	0.000
0.6829E-01	0.000
0.7089E-01	0.000
0.7359E-01	0.000
0.7640E-01	0.000
0.7931E-01	0.000
0.8233E-01	0.000
0.8546E-01	0.000
0.8872E-01	0.000
0.9210E-01	0.000
0.9560E-01	0.000
0.9924E-01	0.000
0.1030	0.000
0.1069	0.000
0.1110	0.000
0.1152	0.000
0.1196	0.000
0.1242	0.000
0.1289	0.000
0.1338	0.000
0.1389	0.000
0.1442	0.000
0.1497	0.000
0.1554	0.000
0.1613	0.000
0.1675	0.000
0.1739	0.000
0.1805	0.000
0.1874	0.000
0.1945	0.000
0.2019	0.000
0.2096	0.000
0.2176	0.000
0.2259	0.000
0.2345	0.000
0.2434	0.000
0.2527	0.000
0.2623	0.000
0.2723	0.000
0.2826	0.000
0.2934	0.000
0.3046	0.000
0.3162	0.000
0.3282	0.000
0.3407	0.000
0.3537	0.000
0.3672	0.000
0.3812	0.000
0.3957	0.000
0.4107	0.000
0.4264	0.000
0.4426	0.000
0.4595	0.000
0.4770	0.000
0.4952	0.000
0.5140	0.000
0.5336	0.000
0.5539	0.000
0.5750	0.000
0.5969	0.000
0.6196	0.000
0.6432	0.000
0.6677	0.000
0.6932	0.000
0.7196	0.000
0.7470	0.000
0.7754	0.000
0.8050	0.000
0.8356	0.000
0.8674	0.000
0.9005	0.000
0.9348	0.000
0.9704	0.000
1.007	0.000
1.046	0.000
1.086	0.000
1.127	0.000
1.170	0.000
1.214	0.000
1.261	0.000
1.309	0.000
1.358	0.000
1.410	0.000
1.464	0.000
1.520	0.000
1.578	0.000
1.638	0.000
1.700	0.2165E-29
1.765	0.5981E-29
1.832	0.1594E-28
1.902	0.4100E-28
1.974	0.1020E-27
2.049	0.1099E-26
2.127	0.2723E-26
2.208	0.6547E-26
2.293	0.1530E-25
2.380	0.3475E-25
2.470	0.7685E-25
2.565	0.1655E-24
2.662	0.3712E-24
2.764	0.7622E-24
2.869	0.1529E-23
2.978	0.2998E-23
3.092	0.5750E-23
3.209	0.1080E-22
3.332	0.1985E-22
3.458	0.3274E-22
3.590	0.5819E-22
3.727	0.1014E-21
3.869	0.1734E-21
4.016	0.2912E-21
4.169	0.4801E-21
4.328	0.7779E-21
4.493	0.1239E-20
4.664	0.1940E-20
4.841	0.2989E-20
5.026	0.4621E-20
5.217	0.6888E-20
5.416	0.1011E-19
5.622	0.1464E-19
5.836	0.2088E-19
6.059	0.2937E-19
6.289	0.4077E-19
6.529	0.5586E-19
6.778	0.7556E-19
7.036	0.1010E-18
7.304	0.1340E-18
7.582	0.1747E-18
7.871	0.2253E-18
8.170	0.2874E-18
8.482	0.3628E-18
8.805	0.4533E-18
9.140	0.5608E-18
9.488	0.6872E-18
9.849	0.8343E-18
10.22	0.1006E-17
10.61	0.1200E-17
11.02	0.1420E-17
11.44	0.1667E-17
11.87	0.1942E-17
12.33	0.2247E-17
12.80	0.2581E-17
13.28	0.2947E-17
13.79	0.3342E-17
14.31	0.3772E-17
14.86	0.4229E-17
15.42	0.4716E-17
16.01	0.5232E-17
16.62	0.5777E-17
17.25	0.6350E-17
17.91	0.6950E-17
18.59	0.7575E-17
19.30	0.8225E-17
20.04	0.8883E-17
20.80	0.9578E-17
21.59	0.1029E-16
22.42	0.1103E-16
23.27	0.1178E-16
24.16	0.1255E-16
25.08	0.1333E-16
26.03	0.1413E-16
27.02	0.1495E-16
28.05	0.1577E-16
29.12	0.1659E-16
30.23	0.1743E-16
31.38	0.1827E-16
32.57	0.1911E-16
33.82	0.1996E-16
35.10	0.2080E-16
36.44	0.2165E-16
37.83	0.2250E-16
39.27	0.2334E-16
40.76	0.2418E-16
42.32	0.2501E-16
43.93	0.2584E-16
45.60	0.2666E-16
47.34	0.2746E-16
49.14	0.2826E-16
51.01	0.2905E-16
52.96	0.2982E-16
54.97	0.3058E-16
57.07	0.3133E-16
59.24	0.3206E-16
61.50	0.3278E-16
63.84	0.3347E-16
66.27	0.3415E-16
68.79	0.3481E-16
71.41	0.3545E-16
74.13	0.3606E-16
76.96	0.3666E-16
79.89	0.3723E-16
82.93	0.3778E-16
86.09	0.3830E-16
89.37	0.3880E-16
92.77	0.3927E-16
96.31	0.3971E-16
99.97	0.4012E-16
103.8	0.4050E-16
107.7	0.4085E-16
111.8	0.4117E-16
116.1	0.4146E-16
120.5	0.4171E-16
125.1	0.4193E-16
129.9	0.4212E-16
134.8	0.4228E-16
140.0	0.4239E-16
145.3	0.4248E-16
150.8	0.4253E-16
156.6	0.4254E-16
162.5	0.4252E-16
168.7	0.4246E-16
175.1	0.4237E-16
181.8	0.4225E-16
188.7	0.4209E-16
195.9	0.4190E-16
203.4	0.4168E-16
211.1	0.4142E-16
219.2	0.4113E-16
227.5	0.4082E-16
236.2	0.4047E-16
245.2	0.4010E-16
254.5	0.3969E-16
264.2	0.3927E-16
274.3	0.3881E-16
284.7	0.3834E-16
295.6	0.3784E-16
306.8	0.3732E-16
318.5	0.3678E-16
330.6	0.3622E-16
343.2	0.3565E-16
356.3	0.3506E-16
369.9	0.3446E-16
384.0	0.3385E-16
398.6	0.3322E-16
413.8	0.3259E-16
429.5	0.3195E-16
445.9	0.3130E-16
462.9	0.3064E-16
480.5	0.2999E-16
498.8	0.2933E-16
517.8	0.2866E-16
537.5	0.2800E-16
558.0	0.2734E-16
579.2	0.2669E-16
601.3	0.2603E-16
624.2	0.2538E-16
648.0	0.2474E-16
672.6	0.2410E-16
698.3	0.2347E-16
724.9	0.2285E-16
752.5	0.2223E-16
781.1	0.2162E-16
810.9	0.2103E-16
841.8	0.2044E-16
873.8	0.1986E-16
907.1	0.1930E-16
941.6	0.1874E-16
977.5	0.1819E-16
1015.	0.1766E-16
1053.	0.1714E-16
1094.	0.1662E-16
1135.	0.1613E-16
1178.	0.1564E-16
1223.	0.1516E-16
1270.	0.1469E-16
1318.	0.1424E-16
1368.	0.1380E-16
1421.	0.1336E-16
1475.	0.1294E-16
1531.	0.1253E-16
1589.	0.1213E-16
1650.	0.1174E-16
1712.	0.1136E-16
1778.	0.1099E-16
1845.	0.1063E-16
1916.	0.1028E-16
1989.	0.9943E-17
2064.	0.9611E-17
2143.	0.9288E-17
2225.	0.8973E-17
2309.	0.8667E-17
2397.	0.8370E-17
2489.	0.8080E-17
2583.	0.7798E-17
2682.	0.7523E-17
2784.	0.7256E-17
2890.	0.6996E-17
3000.	0.6743E-17
 
 
C3    O2    Elastic                                             
E/N (Td)	Rate coefficient (m3/s)
0.1000E-02	0.2071E-14
0.1038E-02	0.2071E-14
0.1078E-02	0.2071E-14
0.1119E-02	0.2071E-14
0.1161E-02	0.2072E-14
0.1205E-02	0.2072E-14
0.1251E-02	0.2072E-14
0.1299E-02	0.2072E-14
0.1349E-02	0.2072E-14
0.1400E-02	0.2073E-14
0.1453E-02	0.2073E-14
0.1509E-02	0.2073E-14
0.1566E-02	0.2073E-14
0.1626E-02	0.2074E-14
0.1688E-02	0.2074E-14
0.1752E-02	0.2075E-14
0.1819E-02	0.2075E-14
0.1888E-02	0.2075E-14
0.1960E-02	0.2076E-14
0.2034E-02	0.2076E-14
0.2112E-02	0.2077E-14
0.2192E-02	0.2077E-14
0.2276E-02	0.2078E-14
0.2362E-02	0.2079E-14
0.2452E-02	0.2080E-14
0.2546E-02	0.2080E-14
0.2643E-02	0.2081E-14
0.2743E-02	0.2082E-14
0.2848E-02	0.2083E-14
0.2956E-02	0.2084E-14
0.3069E-02	0.2085E-14
0.3186E-02	0.2087E-14
0.3307E-02	0.2088E-14
0.3433E-02	0.2089E-14
0.3564E-02	0.2091E-14
0.3700E-02	0.2092E-14
0.3841E-02	0.2094E-14
0.3987E-02	0.2096E-14
0.4139E-02	0.2098E-14
0.4296E-02	0.2100E-14
0.4460E-02	0.2103E-14
0.4630E-02	0.2105E-14
0.4806E-02	0.2108E-14
0.4989E-02	0.2111E-14
0.5179E-02	0.2114E-14
0.5377E-02	0.2117E-14
0.5581E-02	0.2121E-14
0.5794E-02	0.2125E-14
0.6015E-02	0.2129E-14
0.6244E-02	0.2133E-14
0.6481E-02	0.2138E-14
0.6728E-02	0.2143E-14
0.6985E-02	0.2149E-14
0.7251E-02	0.2155E-14
0.7527E-02	0.2161E-14
0.7813E-02	0.2168E-14
0.8111E-02	0.2175E-14
0.8420E-02	0.2183E-14
0.8741E-02	0.2191E-14
0.9073E-02	0.2200E-14
0.9419E-02	0.2210E-14
0.9778E-02	0.2220E-14
0.1015E-01	0.2231E-14
0.1054E-01	0.2243E-14
0.1094E-01	0.2255E-14
0.1135E-01	0.2269E-14
0.1179E-01	0.2283E-14
0.1224E-01	0.2298E-14
0.1270E-01	0.2314E-14
0.1319E-01	0.2331E-14
0.1369E-01	0.2350E-14
0.1421E-01	0.2369E-14
0.1475E-01	0.2390E-14
0.1531E-01	0.2412E-14
0.1590E-01	0.2435E-14
0.1650E-01	0.2460E-14
0.1713E-01	0.2486E-14
0.1778E-01	0.2514E-14
0.1846E-01	0.2544E-14
0.1916E-01	0.2575E-14
0.1989E-01	0.2608E-14
0.2065E-01	0.2642E-14
0.2144E-01	0.2679E-14
0.2225E-01	0.2717E-14
0.2310E-01	0.2757E-14
0.2398E-01	0.2799E-14
0.2489E-01	0.2843E-14
0.2584E-01	0.2889E-14
0.2682E-01	0.2938E-14
0.2785E-01	0.2988E-14
0.2891E-01	0.3040E-14
0.3001E-01	0.3095E-14
0.3115E-01	0.3151E-14
0.3234E-01	0.3209E-14
0.3357E-01	0.3270E-14
0.3485E-01	0.3332E-14
0.3617E-01	0.3396E-14
0.3755E-01	0.3462E-14
0.3898E-01	0.3529E-14
0.4047E-01	0.3598E-14
0.4201E-01	0.3669E-14
0.4361E-01	0.3741E-14
0.4527E-01	0.3813E-14
0.4699E-01	0.3887E-14
0.4878E-01	0.3961E-14
0.5064E-01	0.4036E-14
0.5257E-01	0.4112E-14
0.5457E-01	0.4187E-14
0.5665E-01	0.4263E-14
0.5881E-01	0.4338E-14
0.6105E-01	0.4413E-14
0.6337E-01	0.4488E-14
0.6579E-01	0.4562E-14
0.6829E-01	0.4634E-14
0.7089E-01	0.4706E-14
0.7359E-01	0.4777E-14
0.7640E-01	0.4846E-14
0.7931E-01	0.4915E-14
0.8233E-01	0.4982E-14
0.8546E-01	0.5047E-14
0.8872E-01	0.5111E-14
0.9210E-01	0.5174E-14
0.9560E-01	0.5235E-14
0.9924E-01	0.5295E-14
0.1030	0.5354E-14
0.1069	0.5412E-14
0.1110	0.5468E-14
0.1152	0.5524E-14
0.1196	0.5579E-14
0.1242	0.5633E-14
0.1289	0.5687E-14
0.1338	0.5741E-14
0.1389	0.5794E-14
0.1442	0.5847E-14
0.1497	0.5901E-14
0.1554	0.5955E-14
0.1613	0.6009E-14
0.1675	0.6064E-14
0.1739	0.6120E-14
0.1805	0.6177E-14
0.1874	0.6236E-14
0.1945	0.6295E-14
0.2019	0.6357E-14
0.2096	0.6420E-14
0.2176	0.6485E-14
0.2259	0.6552E-14
0.2345	0.6621E-14
0.2434	0.6692E-14
0.2527	0.6766E-14
0.2623	0.6842E-14
0.2723	0.6920E-14
0.2826	0.7001E-14
0.2934	0.7085E-14
0.3046	0.7171E-14
0.3162	0.7259E-14
0.3282	0.7351E-14
0.3407	0.7445E-14
0.3537	0.7541E-14
0.3672	0.7639E-14
0.3812	0.7740E-14
0.3957	0.7843E-14
0.4107	0.7948E-14
0.4264	0.8056E-14
0.4426	0.8165E-14
0.4595	0.8276E-14
0.4770	0.8389E-14
0.4952	0.8503E-14
0.5140	0.8619E-14
0.5336	0.8737E-14
0.5539	0.8856E-14
0.5750	0.8978E-14
0.5969	0.9100E-14
0.6196	0.9223E-14
0.6432	0.9348E-14
0.6677	0.9474E-14
0.6932	0.9602E-14
0.7196	0.9733E-14
0.7470	0.9863E-14
0.7754	0.9996E-14
0.8050	0.1013E-13
0.8356	0.1027E-13
0.8674	0.1041E-13
0.9005	0.1054E-13
0.9348	0.1069E-13
0.9704	0.1083E-13
1.007	0.1098E-13
1.046	0.1113E-13
1.086	0.1129E-13
1.127	0.1144E-13
1.170	0.1161E-13
1.214	0.1177E-13
1.261	0.1194E-13
1.309	0.1212E-13
1.358	0.1229E-13
1.410	0.1249E-13
1.464	0.1268E-13
1.520	0.1287E-13
1.578	0.1307E-13
1.638	0.1328E-13
1.700	0.1350E-13
1.765	0.1372E-13
1.832	0.1395E-13
1.902	0.1419E-13
1.974	0.1443E-13
2.049	0.1468E-13
2.127	0.1495E-13
2.208	0.1523E-13
2.293	0.1553E-13
2.380	0.1583E-13
2.470	0.1616E-13
2.565	0.1651E-13
2.662	0.1690E-13
2.764	0.1730E-13
2.869	0.1773E-13
2.978	0.1818E-13
3.092	0.1867E-13
3.209	0.1919E-13
3.332	0.1975E-13
3.458	0.2012E-13
3.590	0.2074E-13
3.727	0.2141E-13
3.869	0.2213E-13
4.016	0.2288E-13
4.169	0.2369E-13
4.328	0.2454E-13
4.493	0.2543E-13
4.664	0.2636E-13
4.841	0.2733E-13
5.026	0.2849E-13
5.217	0.2952E-13
5.416	0.3057E-13
5.622	0.3164E-13
5.836	0.3272E-13
6.059	0.3380E-13
6.289	0.3489E-13
6.529	0.3597E-13
6.778	0.3704E-13
7.036	0.3810E-13
7.304	0.3922E-13
7.582	0.4024E-13
7.871	0.4124E-13
8.170	0.4221E-13
8.482	0.4315E-13
8.805	0.4406E-13
9.140	0.4495E-13
9.488	0.4580E-13
9.849	0.4662E-13
10.22	0.4748E-13
10.61	0.4823E-13
11.02	0.4896E-13
11.44	0.4966E-13
11.87	0.5032E-13
12.33	0.5096E-13
12.80	0.5157E-13
13.28	0.5216E-13
13.79	0.5272E-13
14.31	0.5327E-13
14.86	0.5379E-13
15.42	0.5429E-13
16.01	0.5476E-13
16.62	0.5523E-13
17.25	0.5567E-13
17.91	0.5610E-13
18.59	0.5652E-13
19.30	0.5692E-13
20.04	0.5726E-13
20.80	0.5765E-13
21.59	0.5803E-13
22.42	0.5840E-13
23.27	0.5877E-13
24.16	0.5913E-13
25.08	0.5948E-13
26.03	0.5983E-13
27.02	0.6020E-13
28.05	0.6054E-13
29.12	0.6089E-13
30.23	0.6123E-13
31.38	0.6157E-13
32.57	0.6191E-13
33.82	0.6225E-13
35.10	0.6259E-13
36.44	0.6294E-13
37.83	0.6329E-13
39.27	0.6364E-13
40.76	0.6399E-13
42.32	0.6435E-13
43.93	0.6471E-13
45.60	0.6507E-13
47.34	0.6544E-13
49.14	0.6581E-13
51.01	0.6619E-13
52.96	0.6658E-13
54.97	0.6697E-13
57.07	0.6736E-13
59.24	0.6776E-13
61.50	0.6817E-13
63.84	0.6858E-13
66.27	0.6900E-13
68.79	0.6943E-13
71.41	0.6987E-13
74.13	0.7031E-13
76.96	0.7076E-13
79.89	0.7122E-13
82.93	0.7168E-13
86.09	0.7216E-13
89.37	0.7264E-13
92.77	0.7313E-13
96.31	0.7363E-13
99.97	0.7414E-13
103.8	0.7466E-13
107.7	0.7519E-13
111.8	0.7573E-13
116.1	0.7628E-13
120.5	0.7684E-13
125.1	0.7741E-13
129.9	0.7800E-13
134.8	0.7859E-13
140.0	0.7920E-13
145.3	0.7981E-13
150.8	0.8045E-13
156.6	0.8109E-13
162.5	0.8175E-13
168.7	0.8242E-13
175.1	0.8310E-13
181.8	0.8380E-13
188.7	0.8451E-13
195.9	0.8523E-13
203.4	0.8597E-13
211.1	0.8673E-13
219.2	0.8750E-13
227.5	0.8828E-13
236.2	0.8908E-13
245.2	0.8989E-13
254.5	0.9071E-13
264.2	0.9155E-13
274.3	0.9240E-13
284.7	0.9327E-13
295.6	0.9415E-13
306.8	0.9503E-13
318.5	0.9593E-13
330.6	0.9684E-13
343.2	0.9775E-13
356.3	0.9868E-13
369.9	0.9961E-13
384.0	0.1005E-12
398.6	0.1015E-12
413.8	0.1024E-12
429.5	0.1034E-12
445.9	0.1043E-12
462.9	0.1053E-12
480.5	0.1062E-12
498.8	0.1072E-12
517.8	0.1081E-12
537.5	0.1090E-12
558.0	0.1099E-12
579.2	0.1109E-12
601.3	0.1118E-12
624.2	0.1126E-12
648.0	0.1135E-12
672.6	0.1144E-12
698.3	0.1152E-12
724.9	0.1161E-12
752.5	0.1169E-12
781.1	0.1176E-12
810.9	0.1184E-12
841.8	0.1191E-12
873.8	0.1199E-12
907.1	0.1205E-12
941.6	0.1212E-12
977.5	0.1218E-12
1015.	0.1225E-12
1053.	0.1230E-12
1094.	0.1236E-12
1135.	0.1241E-12
1178.	0.1246E-12
1223.	0.1250E-12
1270.	0.1254E-12
1318.	0.1258E-12
1368.	0.1261E-12
1421.	0.1265E-12
1475.	0.1267E-12
1531.	0.1270E-12
1589.	0.1272E-12
1650.	0.1273E-12
1712.	0.1275E-12
1778.	0.1275E-12
1845.	0.1276E-12
1916.	0.1276E-12
1989.	0.1276E-12
2064.	0.1275E-12
2143.	0.1274E-12
2225.	0.1273E-12
2309.	0.1271E-12
2397.	0.1269E-12
2489.	0.1267E-12
2583.	0.1264E-12
2682.	0.1260E-12
2784.	0.1257E-12
2890.	0.1253E-12
3000.	0.1249E-12
 
 
C4    O2    Excitation    0.020 eV                              
E/N (Td)	Rate coefficient (m3/s)
0.1000E-02	0.9197E-17
0.1038E-02	0.9197E-17
0.1078E-02	0.9198E-17
0.1119E-02	0.9198E-17
0.1161E-02	0.9199E-17
0.1205E-02	0.9199E-17
0.1251E-02	0.9200E-17
0.1299E-02	0.9201E-17
0.1349E-02	0.9202E-17
0.1400E-02	0.9203E-17
0.1453E-02	0.9204E-17
0.1509E-02	0.9205E-17
0.1566E-02	0.9206E-17
0.1626E-02	0.9207E-17
0.1688E-02	0.9208E-17
0.1752E-02	0.9210E-17
0.1819E-02	0.9211E-17
0.1888E-02	0.9213E-17
0.1960E-02	0.9214E-17
0.2034E-02	0.9216E-17
0.2112E-02	0.9218E-17
0.2192E-02	0.9221E-17
0.2276E-02	0.9223E-17
0.2362E-02	0.9226E-17
0.2452E-02	0.9228E-17
0.2546E-02	0.9231E-17
0.2643E-02	0.9234E-17
0.2743E-02	0.9238E-17
0.2848E-02	0.9242E-17
0.2956E-02	0.9246E-17
0.3069E-02	0.9250E-17
0.3186E-02	0.9255E-17
0.3307E-02	0.9260E-17
0.3433E-02	0.9265E-17
0.3564E-02	0.9271E-17
0.3700E-02	0.9277E-17
0.3841E-02	0.9284E-17
0.3987E-02	0.9291E-17
0.4139E-02	0.9299E-17
0.4296E-02	0.9308E-17
0.4460E-02	0.9317E-17
0.4630E-02	0.9326E-17
0.4806E-02	0.9337E-17
0.4989E-02	0.9348E-17
0.5179E-02	0.9360E-17
0.5377E-02	0.9373E-17
0.5581E-02	0.9387E-17
0.5794E-02	0.9402E-17
0.6015E-02	0.9418E-17
0.6244E-02	0.9435E-17
0.6481E-02	0.9454E-17
0.6728E-02	0.9474E-17
0.6985E-02	0.9495E-17
0.7251E-02	0.9517E-17
0.7527E-02	0.9541E-17
0.7813E-02	0.9567E-17
0.8111E-02	0.9595E-17
0.8420E-02	0.9624E-17
0.8741E-02	0.9656E-17
0.9073E-02	0.9689E-17
0.9419E-02	0.9725E-17
0.9778E-02	0.9763E-17
0.1015E-01	0.9803E-17
0.1054E-01	0.9846E-17
0.1094E-01	0.9891E-17
0.1135E-01	0.9939E-17
0.1179E-01	0.9990E-17
0.1224E-01	0.1004E-16
0.1270E-01	0.1010E-16
0.1319E-01	0.1016E-16
0.1369E-01	0.1023E-16
0.1421E-01	0.1029E-16
0.1475E-01	0.1036E-16
0.1531E-01	0.1044E-16
0.1590E-01	0.1051E-16
0.1650E-01	0.1060E-16
0.1713E-01	0.1068E-16
0.1778E-01	0.1077E-16
0.1846E-01	0.1086E-16
0.1916E-01	0.1096E-16
0.1989E-01	0.1106E-16
0.2065E-01	0.1116E-16
0.2144E-01	0.1127E-16
0.2225E-01	0.1138E-16
0.2310E-01	0.1150E-16
0.2398E-01	0.1162E-16
0.2489E-01	0.1174E-16
0.2584E-01	0.1186E-16
0.2682E-01	0.1199E-16
0.2785E-01	0.1212E-16
0.2891E-01	0.1225E-16
0.3001E-01	0.1239E-16
0.3115E-01	0.1253E-16
0.3234E-01	0.1267E-16
0.3357E-01	0.1281E-16
0.3485E-01	0.1295E-16
0.3617E-01	0.1309E-16
0.3755E-01	0.1324E-16
0.3898E-01	0.1338E-16
0.4047E-01	0.1352E-16
0.4201E-01	0.1367E-16
0.4361E-01	0.1381E-16
0.4527E-01	0.1395E-16
0.4699E-01	0.1409E-16
0.4878E-01	0.1423E-16
0.5064E-01	0.1436E-16
0.5257E-01	0.1450E-16
0.5457E-01	0.1463E-16
0.5665E-01	0.1476E-16
0.5881E-01	0.1488E-16
0.6105E-01	0.1500E-16
0.6337E-01	0.1512E-16
0.6579E-01	0.1524E-16
0.6829E-01	0.1535E-16
0.7089E-01	0.1546E-16
0.7359E-01	0.1556E-16
0.7640E-01	0.1567E-16
0.7931E-01	0.1576E-16
0.8233E-01	0.1586E-16
0.8546E-01	0.1595E-16
0.8872E-01	0.1604E-16
0.9210E-01	0.1613E-16
0.9560E-01	0.1621E-16
0.9924E-01	0.1629E-16
0.1030	0.1637E-16
0.1069	0.1645E-16
0.1110	0.1653E-16
0.1152	0.1660E-16
0.1196	0.1668E-16
0.1242	0.1675E-16
0.1289	0.1682E-16
0.1338	0.1690E-16
0.1389	0.1697E-16
0.1442	0.1704E-16
0.1497	0.1712E-16
0.1554	0.1719E-16
0.1613	0.1727E-16
0.1675	0.1734E-16
0.1739	0.1742E-16
0.1805	0.1751E-16
0.1874	0.1759E-16
0.1945	0.1768E-16
0.2019	0.1777E-16
0.2096	0.1786E-16
0.2176	0.1796E-16
0.2259	0.1806E-16
0.2345	0.1816E-16
0.2434	0.1827E-16
0.2527	0.1838E-16
0.2623	0.1850E-16
0.2723	0.1862E-16
0.2826	0.1875E-16
0.2934	0.1888E-16
0.3046	0.1901E-16
0.3162	0.1915E-16
0.3282	0.1930E-16
0.3407	0.1945E-16
0.3537	0.1960E-16
0.3672	0.1976E-16
0.3812	0.1993E-16
0.3957	0.2010E-16
0.4107	0.2027E-16
0.4264	0.2045E-16
0.4426	0.2063E-16
0.4595	0.2082E-16
0.4770	0.2101E-16
0.4952	0.2121E-16
0.5140	0.2141E-16
0.5336	0.2162E-16
0.5539	0.2183E-16
0.5750	0.2205E-16
0.5969	0.2228E-16
0.6196	0.2250E-16
0.6432	0.2274E-16
0.6677	0.2298E-16
0.6932	0.2323E-16
0.7196	0.2348E-16
0.7470	0.2375E-16
0.7754	0.2402E-16
0.8050	0.2429E-16
0.8356	0.2458E-16
0.8674	0.2488E-16
0.9005	0.2519E-16
0.9348	0.2550E-16
0.9704	0.2583E-16
1.007	0.2618E-16
1.046	0.2653E-16
1.086	0.2690E-16
1.127	0.2729E-16
1.170	0.2769E-16
1.214	0.2812E-16
1.261	0.2856E-16
1.309	0.2901E-16
1.358	0.2949E-16
1.410	0.2998E-16
1.464	0.3051E-16
1.520	0.3106E-16
1.578	0.3163E-16
1.638	0.3224E-16
1.700	0.3290E-16
1.765	0.3358E-16
1.832	0.3430E-16
1.902	0.3507E-16
1.974	0.3590E-16
2.049	0.3682E-16
2.127	0.3778E-16
2.208	0.3884E-16
2.293	0.4000E-16
2.380	0.4128E-16
2.470	0.4271E-16
2.565	0.4430E-16
2.662	0.4638E-16
2.764	0.4845E-16
2.869	0.5077E-16
2.978	0.5341E-16
3.092	0.5638E-16
3.209	0.5974E-16
3.332	0.6352E-16
3.458	0.6595E-16
3.590	0.7051E-16
3.727	0.7560E-16
3.869	0.8125E-16
4.016	0.8750E-16
4.169	0.9435E-16
4.328	0.1018E-15
4.493	0.1099E-15
4.664	0.1186E-15
4.841	0.1279E-15
5.026	0.1392E-15
5.217	0.1496E-15
5.416	0.1604E-15
5.622	0.1716E-15
5.836	0.1832E-15
6.059	0.1950E-15
6.289	0.2071E-15
6.529	0.2192E-15
6.778	0.2315E-15
7.036	0.2438E-15
7.304	0.2569E-15
7.582	0.2690E-15
7.871	0.2810E-15
8.170	0.2928E-15
8.482	0.3043E-15
8.805	0.3156E-15
9.140	0.3266E-15
9.488	0.3374E-15
9.849	0.3478E-15
10.22	0.3585E-15
10.61	0.3682E-15
11.02	0.3775E-15
11.44	0.3865E-15
11.87	0.3951E-15
12.33	0.4035E-15
12.80	0.4114E-15
13.28	0.4191E-15
13.79	0.4265E-15
14.31	0.4337E-15
14.86	0.4405E-15
15.42	0.4470E-15
16.01	0.4532E-15
16.62	0.4593E-15
17.25	0.4651E-15
17.91	0.4707E-15
18.59	0.4761E-15
19.30	0.4814E-15
20.04	0.4858E-15
20.80	0.4908E-15
21.59	0.4957E-15
22.42	0.5005E-15
23.27	0.5052E-15
24.16	0.5098E-15
25.08	0.5143E-15
26.03	0.5187E-15
27.02	0.5235E-15
28.05	0.5278E-15
29.12	0.5321E-15
30.23	0.5364E-15
31.38	0.5407E-15
32.57	0.5449E-15
33.82	0.5492E-15
35.10	0.5534E-15
36.44	0.5578E-15
37.83	0.5620E-15
39.27	0.5663E-15
40.76	0.5707E-15
42.32	0.5750E-15
43.93	0.5794E-15
45.60	0.5838E-15
47.34	0.5882E-15
49.14	0.5927E-15
51.01	0.5972E-15
52.96	0.6018E-15
54.97	0.6064E-15
57.07	0.6111E-15
59.24	0.6159E-15
61.50	0.6207E-15
63.84	0.6255E-15
66.27	0.6304E-15
68.79	0.6354E-15
71.41	0.6404E-15
74.13	0.6455E-15
76.96	0.6507E-15
79.89	0.6560E-15
82.93	0.6613E-15
86.09	0.6667E-15
89.37	0.6722E-15
92.77	0.6777E-15
96.31	0.6834E-15
99.97	0.6891E-15
103.8	0.6949E-15
107.7	0.7008E-15
111.8	0.7068E-15
116.1	0.7128E-15
120.5	0.7190E-15
125.1	0.7253E-15
129.9	0.7316E-15
134.8	0.7381E-15
140.0	0.7447E-15
145.3	0.7513E-15
150.8	0.7581E-15
156.6	0.7650E-15
162.5	0.7721E-15
168.7	0.7792E-15
175.1	0.7865E-15
181.8	0.7939E-15
188.7	0.8014E-15
195.9	0.8090E-15
203.4	0.8168E-15
211.1	0.8247E-15
219.2	0.8328E-15
227.5	0.8410E-15
236.2	0.8493E-15
245.2	0.8578E-15
254.5	0.8664E-15
264.2	0.8751E-15
274.3	0.8840E-15
284.7	0.8930E-15
295.6	0.9021E-15
306.8	0.9114E-15
318.5	0.9208E-15
330.6	0.9303E-15
343.2	0.9400E-15
356.3	0.9497E-15
369.9	0.9596E-15
384.0	0.9696E-15
398.6	0.9798E-15
413.8	0.9900E-15
429.5	0.1000E-14
445.9	0.1011E-14
462.9	0.1021E-14
480.5	0.1032E-14
498.8	0.1042E-14
517.8	0.1053E-14
537.5	0.1064E-14
558.0	0.1074E-14
579.2	0.1085E-14
601.3	0.1096E-14
624.2	0.1107E-14
648.0	0.1118E-14
672.6	0.1129E-14
698.3	0.1140E-14
724.9	0.1151E-14
752.5	0.1161E-14
781.1	0.1172E-14
810.9	0.1183E-14
841.8	0.1194E-14
873.8	0.1204E-14
907.1	0.1215E-14
941.6	0.1225E-14
977.5	0.1236E-14
1015.	0.1246E-14
1053.	0.1256E-14
1094.	0.1266E-14
1135.	0.1276E-14
1178.	0.1285E-14
1223.	0.1295E-14
1270.	0.1304E-14
1318.	0.1313E-14
1368.	0.1322E-14
1421.	0.1331E-14
1475.	0.1339E-14
1531.	0.1347E-14
1589.	0.1355E-14
1650.	0.1362E-14
1712.	0.1370E-14
1778.	0.1377E-14
1845.	0.1383E-14
1916.	0.1390E-14
1989.	0.1396E-14
2064.	0.1402E-14
2143.	0.1407E-14
2225.	0.1412E-14
2309.	0.1417E-14
2397.	0.1422E-14
2489.	0.1426E-14
2583.	0.1430E-14
2682.	0.1434E-14
2784.	0.1438E-14
2890.	0.1441E-14
3000.	0.1445E-14
 
 
C5    O2    Excitation    0.19 eV                               
E/N (Td)	Rate coefficient (m3/s)
0.1000E-02	0.2986E-18
0.1038E-02	0.2986E-18
0.1078E-02	0.2986E-18
0.1119E-02	0.2986E-18
0.1161E-02	0.2986E-18
0.1205E-02	0.2986E-18
0.1251E-02	0.2986E-18
0.1299E-02	0.2985E-18
0.1349E-02	0.2985E-18
0.1400E-02	0.2985E-18
0.1453E-02	0.2985E-18
0.1509E-02	0.2984E-18
0.1566E-02	0.2984E-18
0.1626E-02	0.2984E-18
0.1688E-02	0.2984E-18
0.1752E-02	0.2983E-18
0.1819E-02	0.2983E-18
0.1888E-02	0.2983E-18
0.1960E-02	0.2982E-18
0.2034E-02	0.2982E-18
0.2112E-02	0.2981E-18
0.2192E-02	0.2981E-18
0.2276E-02	0.2980E-18
0.2362E-02	0.2979E-18
0.2452E-02	0.2979E-18
0.2546E-02	0.2978E-18
0.2643E-02	0.2977E-18
0.2743E-02	0.2976E-18
0.2848E-02	0.2975E-18
0.2956E-02	0.2974E-18
0.3069E-02	0.2973E-18
0.3186E-02	0.2972E-18
0.3307E-02	0.2971E-18
0.3433E-02	0.2969E-18
0.3564E-02	0.2968E-18
0.3700E-02	0.2966E-18
0.3841E-02	0.2965E-18
0.3987E-02	0.2963E-18
0.4139E-02	0.2961E-18
0.4296E-02	0.2959E-18
0.4460E-02	0.2956E-18
0.4630E-02	0.2954E-18
0.4806E-02	0.2951E-18
0.4989E-02	0.2948E-18
0.5179E-02	0.2945E-18
0.5377E-02	0.2942E-18
0.5581E-02	0.2938E-18
0.5794E-02	0.2935E-18
0.6015E-02	0.2931E-18
0.6244E-02	0.2926E-18
0.6481E-02	0.2922E-18
0.6728E-02	0.2917E-18
0.6985E-02	0.2911E-18
0.7251E-02	0.2906E-18
0.7527E-02	0.2900E-18
0.7813E-02	0.2894E-18
0.8111E-02	0.2887E-18
0.8420E-02	0.2880E-18
0.8741E-02	0.2872E-18
0.9073E-02	0.2865E-18
0.9419E-02	0.2856E-18
0.9778E-02	0.2848E-18
0.1015E-01	0.2838E-18
0.1054E-01	0.2829E-18
0.1094E-01	0.2819E-18
0.1135E-01	0.2808E-18
0.1179E-01	0.2797E-18
0.1224E-01	0.2786E-18
0.1270E-01	0.2775E-18
0.1319E-01	0.2763E-18
0.1369E-01	0.2751E-18
0.1421E-01	0.2738E-18
0.1475E-01	0.2726E-18
0.1531E-01	0.2713E-18
0.1590E-01	0.2700E-18
0.1650E-01	0.2687E-18
0.1713E-01	0.2675E-18
0.1778E-01	0.2663E-18
0.1846E-01	0.2651E-18
0.1916E-01	0.2640E-18
0.1989E-01	0.2630E-18
0.2065E-01	0.2621E-18
0.2144E-01	0.2613E-18
0.2225E-01	0.2607E-18
0.2310E-01	0.2602E-18
0.2398E-01	0.2600E-18
0.2489E-01	0.2600E-18
0.2584E-01	0.2603E-18
0.2682E-01	0.2609E-18
0.2785E-01	0.2618E-18
0.2891E-01	0.2632E-18
0.3001E-01	0.2650E-18
0.3115E-01	0.2673E-18
0.3234E-01	0.2702E-18
0.3357E-01	0.2737E-18
0.3485E-01	0.2778E-18
0.3617E-01	0.2828E-18
0.3755E-01	0.2885E-18
0.3898E-01	0.2951E-18
0.4047E-01	0.3028E-18
0.4201E-01	0.3114E-18
0.4361E-01	0.3213E-18
0.4527E-01	0.3324E-18
0.4699E-01	0.3448E-18
0.4878E-01	0.3587E-18
0.5064E-01	0.3742E-18
0.5257E-01	0.3913E-18
0.5457E-01	0.4103E-18
0.5665E-01	0.4313E-18
0.5881E-01	0.4543E-18
0.6105E-01	0.4796E-18
0.6337E-01	0.5074E-18
0.6579E-01	0.5377E-18
0.6829E-01	0.5708E-18
0.7089E-01	0.6069E-18
0.7359E-01	0.6462E-18
0.7640E-01	0.6889E-18
0.7931E-01	0.7353E-18
0.8233E-01	0.7855E-18
0.8546E-01	0.8400E-18
0.8872E-01	0.8988E-18
0.9210E-01	0.9625E-18
0.9560E-01	0.1031E-17
0.9924E-01	0.1105E-17
0.1030	0.1185E-17
0.1069	0.1271E-17
0.1110	0.1364E-17
0.1152	0.1464E-17
0.1196	0.1571E-17
0.1242	0.1686E-17
0.1289	0.1810E-17
0.1338	0.1943E-17
0.1389	0.2086E-17
0.1442	0.2239E-17
0.1497	0.2403E-17
0.1554	0.2578E-17
0.1613	0.2766E-17
0.1675	0.2967E-17
0.1739	0.3182E-17
0.1805	0.3411E-17
0.1874	0.3657E-17
0.1945	0.3919E-17
0.2019	0.4198E-17
0.2096	0.4496E-17
0.2176	0.4814E-17
0.2259	0.5153E-17
0.2345	0.5513E-17
0.2434	0.5896E-17
0.2527	0.6304E-17
0.2623	0.6738E-17
0.2723	0.7198E-17
0.2826	0.7688E-17
0.2934	0.8207E-17
0.3046	0.8758E-17
0.3162	0.9342E-17
0.3282	0.9961E-17
0.3407	0.1062E-16
0.3537	0.1131E-16
0.3672	0.1205E-16
0.3812	0.1283E-16
0.3957	0.1365E-16
0.4107	0.1453E-16
0.4264	0.1545E-16
0.4426	0.1643E-16
0.4595	0.1746E-16
0.4770	0.1856E-16
0.4952	0.1972E-16
0.5140	0.2095E-16
0.5336	0.2225E-16
0.5539	0.2363E-16
0.5750	0.2508E-16
0.5969	0.2662E-16
0.6196	0.2826E-16
0.6432	0.2999E-16
0.6677	0.3183E-16
0.6932	0.3378E-16
0.7196	0.3586E-16
0.7470	0.3805E-16
0.7754	0.4037E-16
0.8050	0.4281E-16
0.8356	0.4543E-16
0.8674	0.4819E-16
0.9005	0.5114E-16
0.9348	0.5425E-16
0.9704	0.5754E-16
1.007	0.6103E-16
1.046	0.6474E-16
1.086	0.6864E-16
1.127	0.7276E-16
1.170	0.7711E-16
1.214	0.8179E-16
1.261	0.8664E-16
1.309	0.9175E-16
1.358	0.9712E-16
1.410	0.1022E-15
1.464	0.1081E-15
1.520	0.1143E-15
1.578	0.1208E-15
1.638	0.1275E-15
1.700	0.1346E-15
1.765	0.1420E-15
1.832	0.1496E-15
1.902	0.1575E-15
1.974	0.1656E-15
2.049	0.1748E-15
2.127	0.1834E-15
2.208	0.1922E-15
2.293	0.2012E-15
2.380	0.2103E-15
2.470	0.2196E-15
2.565	0.2288E-15
2.662	0.2397E-15
2.764	0.2490E-15
2.869	0.2581E-15
2.978	0.2670E-15
3.092	0.2756E-15
3.209	0.2839E-15
3.332	0.2916E-15
3.458	0.2977E-15
3.590	0.3046E-15
3.727	0.3107E-15
3.869	0.3161E-15
4.016	0.3205E-15
4.169	0.3241E-15
4.328	0.3266E-15
4.493	0.3281E-15
4.664	0.3285E-15
4.841	0.3279E-15
5.026	0.3249E-15
5.217	0.3221E-15
5.416	0.3184E-15
5.622	0.3138E-15
5.836	0.3085E-15
6.059	0.3026E-15
6.289	0.2960E-15
6.529	0.2891E-15
6.778	0.2817E-15
7.036	0.2742E-15
7.304	0.2663E-15
7.582	0.2586E-15
7.871	0.2511E-15
8.170	0.2437E-15
8.482	0.2366E-15
8.805	0.2298E-15
9.140	0.2235E-15
9.488	0.2176E-15
9.849	0.2123E-15
10.22	0.2068E-15
10.61	0.2027E-15
11.02	0.1992E-15
11.44	0.1964E-15
11.87	0.1942E-15
12.33	0.1927E-15
12.80	0.1918E-15
13.28	0.1916E-15
13.79	0.1920E-15
14.31	0.1928E-15
14.86	0.1946E-15
15.42	0.1969E-15
16.01	0.1999E-15
16.62	0.2035E-15
17.25	0.2077E-15
17.91	0.2125E-15
18.59	0.2179E-15
19.30	0.2239E-15
20.04	0.2309E-15
20.80	0.2380E-15
21.59	0.2457E-15
22.42	0.2540E-15
23.27	0.2629E-15
24.16	0.2724E-15
25.08	0.2825E-15
26.03	0.2932E-15
27.02	0.3045E-15
28.05	0.3165E-15
29.12	0.3292E-15
30.23	0.3426E-15
31.38	0.3566E-15
32.57	0.3713E-15
33.82	0.3867E-15
35.10	0.4028E-15
36.44	0.4195E-15
37.83	0.4370E-15
39.27	0.4551E-15
40.76	0.4740E-15
42.32	0.4936E-15
43.93	0.5139E-15
45.60	0.5348E-15
47.34	0.5565E-15
49.14	0.5788E-15
51.01	0.6017E-15
52.96	0.6254E-15
54.97	0.6496E-15
57.07	0.6745E-15
59.24	0.7000E-15
61.50	0.7260E-15
63.84	0.7526E-15
66.27	0.7797E-15
68.79	0.8073E-15
71.41	0.8354E-15
74.13	0.8640E-15
76.96	0.8929E-15
79.89	0.9222E-15
82.93	0.9518E-15
86.09	0.9816E-15
89.37	0.1012E-14
92.77	0.1042E-14
96.31	0.1072E-14
99.97	0.1103E-14
103.8	0.1133E-14
107.7	0.1164E-14
111.8	0.1194E-14
116.1	0.1224E-14
120.5	0.1254E-14
125.1	0.1283E-14
129.9	0.1312E-14
134.8	0.1340E-14
140.0	0.1368E-14
145.3	0.1396E-14
150.8	0.1422E-14
156.6	0.1448E-14
162.5	0.1473E-14
168.7	0.1497E-14
175.1	0.1520E-14
181.8	0.1542E-14
188.7	0.1563E-14
195.9	0.1582E-14
203.4	0.1600E-14
211.1	0.1617E-14
219.2	0.1633E-14
227.5	0.1647E-14
236.2	0.1659E-14
245.2	0.1670E-14
254.5	0.1680E-14
264.2	0.1688E-14
274.3	0.1694E-14
284.7	0.1699E-14
295.6	0.1702E-14
306.8	0.1704E-14
318.5	0.1704E-14
330.6	0.1702E-14
343.2	0.1699E-14
356.3	0.1694E-14
369.9	0.1688E-14
384.0	0.1680E-14
398.6	0.1671E-14
413.8	0.1661E-14
429.5	0.1649E-14
445.9	0.1635E-14
462.9	0.1621E-14
480.5	0.1605E-14
498.8	0.1589E-14
517.8	0.1571E-14
537.5	0.1552E-14
558.0	0.1532E-14
579.2	0.1511E-14
601.3	0.1489E-14
624.2	0.1467E-14
648.0	0.1444E-14
672.6	0.1420E-14
698.3	0.1396E-14
724.9	0.1371E-14
752.5	0.1346E-14
781.1	0.1320E-14
810.9	0.1294E-14
841.8	0.1267E-14
873.8	0.1241E-14
907.1	0.1214E-14
941.6	0.1187E-14
977.5	0.1160E-14
1015.	0.1132E-14
1053.	0.1105E-14
1094.	0.1078E-14
1135.	0.1051E-14
1178.	0.1024E-14
1223.	0.9970E-15
1270.	0.9704E-15
1318.	0.9439E-15
1368.	0.9176E-15
1421.	0.8916E-15
1475.	0.8659E-15
1531.	0.8404E-15
1589.	0.8153E-15
1650.	0.7905E-15
1712.	0.7661E-15
1778.	0.7420E-15
1845.	0.7184E-15
1916.	0.6951E-15
1989.	0.6722E-15
2064.	0.6497E-15
2143.	0.6277E-15
2225.	0.6061E-15
2309.	0.5849E-15
2397.	0.5642E-15
2489.	0.5439E-15
2583.	0.5241E-15
2682.	0.5047E-15
2784.	0.4858E-15
2890.	0.4673E-15
3000.	0.4493E-15
 
 
C6    O2    Excitation    0.39 eV                               
E/N (Td)	Rate coefficient (m3/s)
0.1000E-02	0.4814E-24
0.1038E-02	0.4814E-24
0.1078E-02	0.4815E-24
0.1119E-02	0.4815E-24
0.1161E-02	0.4816E-24
0.1205E-02	0.4816E-24
0.1251E-02	0.4817E-24
0.1299E-02	0.4818E-24
0.1349E-02	0.4819E-24
0.1400E-02	0.4819E-24
0.1453E-02	0.4820E-24
0.1509E-02	0.4821E-24
0.1566E-02	0.4822E-24
0.1626E-02	0.4823E-24
0.1688E-02	0.4824E-24
0.1752E-02	0.4826E-24
0.1819E-02	0.4827E-24
0.1888E-02	0.4829E-24
0.1960E-02	0.4830E-24
0.2034E-02	0.4832E-24
0.2112E-02	0.4834E-24
0.2192E-02	0.4836E-24
0.2276E-02	0.4838E-24
0.2362E-02	0.4840E-24
0.2452E-02	0.4843E-24
0.2546E-02	0.4845E-24
0.2643E-02	0.4848E-24
0.2743E-02	0.4851E-24
0.2848E-02	0.4855E-24
0.2956E-02	0.4858E-24
0.3069E-02	0.4862E-24
0.3186E-02	0.4867E-24
0.3307E-02	0.4871E-24
0.3433E-02	0.4876E-24
0.3564E-02	0.4882E-24
0.3700E-02	0.4887E-24
0.3841E-02	0.4894E-24
0.3987E-02	0.4900E-24
0.4139E-02	0.4908E-24
0.4296E-02	0.4916E-24
0.4460E-02	0.4924E-24
0.4630E-02	0.4933E-24
0.4806E-02	0.4943E-24
0.4989E-02	0.4954E-24
0.5179E-02	0.4966E-24
0.5377E-02	0.4978E-24
0.5581E-02	0.4992E-24
0.5794E-02	0.5007E-24
0.6015E-02	0.5023E-24
0.6244E-02	0.5040E-24
0.6481E-02	0.5058E-24
0.6728E-02	0.5079E-24
0.6985E-02	0.5100E-24
0.7251E-02	0.5124E-24
0.7527E-02	0.5150E-24
0.7813E-02	0.5177E-24
0.8111E-02	0.5207E-24
0.8420E-02	0.5240E-24
0.8741E-02	0.5275E-24
0.9073E-02	0.5313E-24
0.9419E-02	0.5354E-24
0.9778E-02	0.5399E-24
0.1015E-01	0.5448E-24
0.1054E-01	0.5501E-24
0.1094E-01	0.5558E-24
0.1135E-01	0.5620E-24
0.1179E-01	0.5688E-24
0.1224E-01	0.5761E-24
0.1270E-01	0.5841E-24
0.1319E-01	0.5927E-24
0.1369E-01	0.6022E-24
0.1421E-01	0.6124E-24
0.1475E-01	0.6236E-24
0.1531E-01	0.6357E-24
0.1590E-01	0.6489E-24
0.1650E-01	0.6633E-24
0.1713E-01	0.6790E-24
0.1778E-01	0.6961E-24
0.1846E-01	0.7147E-24
0.1916E-01	0.7350E-24
0.1989E-01	0.7571E-24
0.2065E-01	0.7812E-24
0.2144E-01	0.8075E-24
0.2225E-01	0.8362E-24
0.2310E-01	0.8674E-24
0.2398E-01	0.9015E-24
0.2489E-01	0.9386E-24
0.2584E-01	0.9791E-24
0.2682E-01	0.1023E-23
0.2785E-01	0.1071E-23
0.2891E-01	0.1124E-23
0.3001E-01	0.1181E-23
0.3115E-01	0.1243E-23
0.3234E-01	0.1310E-23
0.3357E-01	0.1383E-23
0.3485E-01	0.1462E-23
0.3617E-01	0.1548E-23
0.3755E-01	0.1641E-23
0.3898E-01	0.1742E-23
0.4047E-01	0.1850E-23
0.4201E-01	0.1967E-23
0.4361E-01	0.2093E-23
0.4527E-01	0.2228E-23
0.4699E-01	0.2372E-23
0.4878E-01	0.2527E-23
0.5064E-01	0.2692E-23
0.5257E-01	0.2868E-23
0.5457E-01	0.3054E-23
0.5665E-01	0.3252E-23
0.5881E-01	0.3460E-23
0.6105E-01	0.3680E-23
0.6337E-01	0.3912E-23
0.6579E-01	0.4155E-23
0.6829E-01	0.4409E-23
0.7089E-01	0.4674E-23
0.7359E-01	0.4951E-23
0.7640E-01	0.5239E-23
0.7931E-01	0.5539E-23
0.8233E-01	0.5849E-23
0.8546E-01	0.6172E-23
0.8872E-01	0.6507E-23
0.9210E-01	0.6854E-23
0.9560E-01	0.7216E-23
0.9924E-01	0.7593E-23
0.1030	0.7987E-23
0.1069	0.8400E-23
0.1110	0.8837E-23
0.1152	0.9301E-23
0.1196	0.9798E-23
0.1242	0.1033E-22
0.1289	0.1095E-22
0.1338	0.1159E-22
0.1389	0.1230E-22
0.1442	0.1310E-22
0.1497	0.1400E-22
0.1554	0.1502E-22
0.1613	0.1620E-22
0.1675	0.1756E-22
0.1739	0.1913E-22
0.1805	0.2098E-22
0.1874	0.2314E-22
0.1945	0.2570E-22
0.2019	0.2872E-22
0.2096	0.3231E-22
0.2176	0.3659E-22
0.2259	0.4169E-22
0.2345	0.4780E-22
0.2434	0.5514E-22
0.2527	0.6398E-22
0.2623	0.7467E-22
0.2723	0.8764E-22
0.2826	0.1035E-21
0.2934	0.1229E-21
0.3046	0.1468E-21
0.3162	0.1765E-21
0.3282	0.2135E-21
0.3407	0.2613E-21
0.3537	0.3204E-21
0.3672	0.3955E-21
0.3812	0.4913E-21
0.3957	0.6142E-21
0.4107	0.7724E-21
0.4264	0.9767E-21
0.4426	0.1241E-20
0.4595	0.1583E-20
0.4770	0.2027E-20
0.4952	0.2602E-20
0.5140	0.3346E-20
0.5336	0.4307E-20
0.5539	0.5548E-20
0.5750	0.7168E-20
0.5969	0.9223E-20
0.6196	0.1185E-19
0.6432	0.1521E-19
0.6677	0.1949E-19
0.6932	0.2490E-19
0.7196	0.3210E-19
0.7470	0.4081E-19
0.7754	0.5172E-19
0.8050	0.6542E-19
0.8356	0.8243E-19
0.8674	0.1035E-18
0.9005	0.1297E-18
0.9348	0.1618E-18
0.9704	0.2013E-18
1.007	0.2496E-18
1.046	0.3114E-18
1.086	0.3833E-18
1.127	0.4703E-18
1.170	0.5751E-18
1.214	0.7078E-18
1.261	0.8594E-18
1.309	0.1040E-17
1.358	0.1254E-17
1.410	0.1497E-17
1.464	0.1793E-17
1.520	0.2140E-17
1.578	0.2545E-17
1.638	0.3016E-17
1.700	0.3574E-17
1.765	0.4204E-17
1.832	0.4927E-17
1.902	0.5753E-17
1.974	0.6692E-17
2.049	0.7753E-17
2.127	0.8949E-17
2.208	0.1029E-16
2.293	0.1178E-16
2.380	0.1344E-16
2.470	0.1527E-16
2.565	0.1727E-16
2.662	0.2001E-16
2.764	0.2242E-16
2.869	0.2500E-16
2.978	0.2775E-16
3.092	0.3066E-16
3.209	0.3372E-16
3.332	0.3690E-16
3.458	0.3914E-16
3.590	0.4247E-16
3.727	0.4586E-16
3.869	0.4926E-16
4.016	0.5265E-16
4.169	0.5598E-16
4.328	0.5921E-16
4.493	0.6231E-16
4.664	0.6524E-16
4.841	0.6796E-16
5.026	0.7043E-16
5.217	0.7265E-16
5.416	0.7460E-16
5.622	0.7627E-16
5.836	0.7765E-16
6.059	0.7875E-16
6.289	0.7958E-16
6.529	0.8016E-16
6.778	0.8050E-16
7.036	0.8065E-16
7.304	0.8090E-16
7.582	0.8070E-16
7.871	0.8039E-16
8.170	0.8002E-16
8.482	0.7961E-16
8.805	0.7921E-16
9.140	0.7883E-16
9.488	0.7852E-16
9.849	0.7829E-16
10.22	0.7830E-16
10.61	0.7831E-16
11.02	0.7846E-16
11.44	0.7878E-16
11.87	0.7927E-16
12.33	0.7995E-16
12.80	0.8082E-16
13.28	0.8188E-16
13.79	0.8315E-16
14.31	0.8437E-16
14.86	0.8606E-16
15.42	0.8795E-16
16.01	0.9004E-16
16.62	0.9233E-16
17.25	0.9482E-16
17.91	0.9751E-16
18.59	0.1004E-15
19.30	0.1035E-15
20.04	0.1068E-15
20.80	0.1103E-15
21.59	0.1140E-15
22.42	0.1180E-15
23.27	0.1221E-15
24.16	0.1265E-15
25.08	0.1311E-15
26.03	0.1360E-15
27.02	0.1411E-15
28.05	0.1465E-15
29.12	0.1521E-15
30.23	0.1580E-15
31.38	0.1641E-15
32.57	0.1706E-15
33.82	0.1773E-15
35.10	0.1843E-15
36.44	0.1916E-15
37.83	0.1992E-15
39.27	0.2071E-15
40.76	0.2153E-15
42.32	0.2237E-15
43.93	0.2325E-15
45.60	0.2417E-15
47.34	0.2511E-15
49.14	0.2608E-15
51.01	0.2708E-15
52.96	0.2811E-15
54.97	0.2917E-15
57.07	0.3026E-15
59.24	0.3137E-15
61.50	0.3252E-15
63.84	0.3369E-15
66.27	0.3488E-15
68.79	0.3610E-15
71.41	0.3735E-15
74.13	0.3861E-15
76.96	0.3989E-15
79.89	0.4120E-15
82.93	0.4251E-15
86.09	0.4385E-15
89.37	0.4519E-15
92.77	0.4654E-15
96.31	0.4791E-15
99.97	0.4927E-15
103.8	0.5064E-15
107.7	0.5201E-15
111.8	0.5337E-15
116.1	0.5473E-15
120.5	0.5607E-15
125.1	0.5740E-15
129.9	0.5872E-15
134.8	0.6001E-15
140.0	0.6128E-15
145.3	0.6252E-15
150.8	0.6373E-15
156.6	0.6491E-15
162.5	0.6605E-15
168.7	0.6715E-15
175.1	0.6820E-15
181.8	0.6920E-15
188.7	0.7015E-15
195.9	0.7104E-15
203.4	0.7188E-15
211.1	0.7266E-15
219.2	0.7338E-15
227.5	0.7403E-15
236.2	0.7461E-15
245.2	0.7513E-15
254.5	0.7557E-15
264.2	0.7595E-15
274.3	0.7625E-15
284.7	0.7649E-15
295.6	0.7665E-15
306.8	0.7673E-15
318.5	0.7675E-15
330.6	0.7669E-15
343.2	0.7657E-15
356.3	0.7637E-15
369.9	0.7611E-15
384.0	0.7578E-15
398.6	0.7539E-15
413.8	0.7493E-15
429.5	0.7441E-15
445.9	0.7384E-15
462.9	0.7320E-15
480.5	0.7252E-15
498.8	0.7178E-15
517.8	0.7099E-15
537.5	0.7016E-15
558.0	0.6928E-15
579.2	0.6837E-15
601.3	0.6741E-15
624.2	0.6643E-15
648.0	0.6541E-15
672.6	0.6436E-15
698.3	0.6328E-15
724.9	0.6218E-15
752.5	0.6106E-15
781.1	0.5993E-15
810.9	0.5877E-15
841.8	0.5761E-15
873.8	0.5643E-15
907.1	0.5524E-15
941.6	0.5405E-15
977.5	0.5285E-15
1015.	0.5165E-15
1053.	0.5045E-15
1094.	0.4925E-15
1135.	0.4806E-15
1178.	0.4686E-15
1223.	0.4568E-15
1270.	0.4450E-15
1318.	0.4333E-15
1368.	0.4217E-15
1421.	0.4102E-15
1475.	0.3988E-15
1531.	0.3875E-15
1589.	0.3764E-15
1650.	0.3654E-15
1712.	0.3546E-15
1778.	0.3439E-15
1845.	0.3334E-15
1916.	0.3231E-15
1989.	0.3129E-15
2064.	0.3029E-15
2143.	0.2931E-15
2225.	0.2834E-15
2309.	0.2739E-15
2397.	0.2647E-15
2489.	0.2556E-15
2583.	0.2467E-15
2682.	0.2379E-15
2784.	0.2294E-15
2890.	0.2211E-15
3000.	0.2129E-15
 
 
C7    O2    Excitation    0.58 eV                               
E/N (Td)	Rate coefficient (m3/s)
0.1000E-02	0.1433E-27
0.1038E-02	0.1433E-27
0.1078E-02	0.1433E-27
0.1119E-02	0.1433E-27
0.1161E-02	0.1433E-27
0.1205E-02	0.1433E-27
0.1251E-02	0.1433E-27
0.1299E-02	0.1433E-27
0.1349E-02	0.1433E-27
0.1400E-02	0.1433E-27
0.1453E-02	0.1434E-27
0.1509E-02	0.1434E-27
0.1566E-02	0.1434E-27
0.1626E-02	0.1434E-27
0.1688E-02	0.1434E-27
0.1752E-02	0.1434E-27
0.1819E-02	0.1435E-27
0.1888E-02	0.1435E-27
0.1960E-02	0.1435E-27
0.2034E-02	0.1435E-27
0.2112E-02	0.1436E-27
0.2192E-02	0.1436E-27
0.2276E-02	0.1436E-27
0.2362E-02	0.1437E-27
0.2452E-02	0.1437E-27
0.2546E-02	0.1438E-27
0.2643E-02	0.1438E-27
0.2743E-02	0.1439E-27
0.2848E-02	0.1439E-27
0.2956E-02	0.1440E-27
0.3069E-02	0.1440E-27
0.3186E-02	0.1441E-27
0.3307E-02	0.1442E-27
0.3433E-02	0.1443E-27
0.3564E-02	0.1444E-27
0.3700E-02	0.1444E-27
0.3841E-02	0.1445E-27
0.3987E-02	0.1447E-27
0.4139E-02	0.1448E-27
0.4296E-02	0.1449E-27
0.4460E-02	0.1450E-27
0.4630E-02	0.1452E-27
0.4806E-02	0.1453E-27
0.4989E-02	0.1455E-27
0.5179E-02	0.1457E-27
0.5377E-02	0.1459E-27
0.5581E-02	0.1461E-27
0.5794E-02	0.1463E-27
0.6015E-02	0.1466E-27
0.6244E-02	0.1468E-27
0.6481E-02	0.1471E-27
0.6728E-02	0.1474E-27
0.6985E-02	0.1477E-27
0.7251E-02	0.1481E-27
0.7527E-02	0.1485E-27
0.7813E-02	0.1489E-27
0.8111E-02	0.1493E-27
0.8420E-02	0.1498E-27
0.8741E-02	0.1504E-27
0.9073E-02	0.1509E-27
0.9419E-02	0.1515E-27
0.9778E-02	0.1522E-27
0.1015E-01	0.1529E-27
0.1054E-01	0.1536E-27
0.1094E-01	0.1544E-27
0.1135E-01	0.1553E-27
0.1179E-01	0.1563E-27
0.1224E-01	0.1573E-27
0.1270E-01	0.1584E-27
0.1319E-01	0.1596E-27
0.1369E-01	0.1609E-27
0.1421E-01	0.1623E-27
0.1475E-01	0.1638E-27
0.1531E-01	0.1654E-27
0.1590E-01	0.1671E-27
0.1650E-01	0.1690E-27
0.1713E-01	0.1710E-27
0.1778E-01	0.1732E-27
0.1846E-01	0.1756E-27
0.1916E-01	0.1782E-27
0.1989E-01	0.1810E-27
0.2065E-01	0.1840E-27
0.2144E-01	0.1873E-27
0.2225E-01	0.1908E-27
0.2310E-01	0.1946E-27
0.2398E-01	0.1988E-27
0.2489E-01	0.2033E-27
0.2584E-01	0.2081E-27
0.2682E-01	0.2134E-27
0.2785E-01	0.2191E-27
0.2891E-01	0.2253E-27
0.3001E-01	0.2321E-27
0.3115E-01	0.2393E-27
0.3234E-01	0.2472E-27
0.3357E-01	0.2557E-27
0.3485E-01	0.2650E-27
0.3617E-01	0.2750E-27
0.3755E-01	0.2858E-27
0.3898E-01	0.2975E-27
0.4047E-01	0.3102E-27
0.4201E-01	0.3239E-27
0.4361E-01	0.3388E-27
0.4527E-01	0.3550E-27
0.4699E-01	0.3725E-27
0.4878E-01	0.3916E-27
0.5064E-01	0.4124E-27
0.5257E-01	0.4350E-27
0.5457E-01	0.4599E-27
0.5665E-01	0.4871E-27
0.5881E-01	0.5170E-27
0.6105E-01	0.5501E-27
0.6337E-01	0.5867E-27
0.6579E-01	0.6273E-27
0.6829E-01	0.6727E-27
0.7089E-01	0.7235E-27
0.7359E-01	0.7806E-27
0.7640E-01	0.8450E-27
0.7931E-01	0.9179E-27
0.8233E-01	0.1001E-26
0.8546E-01	0.1095E-26
0.8872E-01	0.1202E-26
0.9210E-01	0.1324E-26
0.9560E-01	0.1464E-26
0.9924E-01	0.1625E-26
0.1030	0.1808E-26
0.1069	0.2018E-26
0.1110	0.2258E-26
0.1152	0.2533E-26
0.1196	0.2847E-26
0.1242	0.3204E-26
0.1289	0.4167E-26
0.1338	0.4672E-26
0.1389	0.5244E-26
0.1442	0.5892E-26
0.1497	0.6624E-26
0.1554	0.7452E-26
0.1613	0.8389E-26
0.1675	0.9447E-26
0.1739	0.1065E-25
0.1805	0.1200E-25
0.1874	0.1355E-25
0.1945	0.1531E-25
0.2019	0.1732E-25
0.2096	0.1964E-25
0.2176	0.2232E-25
0.2259	0.2544E-25
0.2345	0.2911E-25
0.2434	0.3347E-25
0.2527	0.3868E-25
0.2623	0.4499E-25
0.2723	0.5270E-25
0.2826	0.6221E-25
0.2934	0.7409E-25
0.3046	0.8906E-25
0.3162	0.1081E-24
0.3282	0.1326E-24
0.3407	0.1679E-24
0.3537	0.2106E-24
0.3672	0.2671E-24
0.3812	0.3427E-24
0.3957	0.4444E-24
0.4107	0.5825E-24
0.4264	0.7715E-24
0.4426	0.1032E-23
0.4595	0.1392E-23
0.4770	0.1895E-23
0.4952	0.2597E-23
0.5140	0.3583E-23
0.5336	0.4971E-23
0.5539	0.6927E-23
0.5750	0.9753E-23
0.5969	0.1367E-22
0.6196	0.1919E-22
0.6432	0.2698E-22
0.6677	0.3794E-22
0.6932	0.5336E-22
0.7196	0.7657E-22
0.7470	0.1075E-21
0.7754	0.1506E-21
0.8050	0.2118E-21
0.8356	0.2958E-21
0.8674	0.4124E-21
0.9005	0.5793E-21
0.9348	0.8038E-21
0.9704	0.1113E-20
1.007	0.1537E-20
1.046	0.2137E-20
1.086	0.2932E-20
1.127	0.4011E-20
1.170	0.5469E-20
1.214	0.7635E-20
1.261	0.1033E-19
1.309	0.1392E-19
1.358	0.1867E-19
1.410	0.2466E-19
1.464	0.3279E-19
1.520	0.4340E-19
1.578	0.5716E-19
1.638	0.7491E-19
1.700	0.9727E-19
1.765	0.1261E-18
1.832	0.1626E-18
1.902	0.2084E-18
1.974	0.2655E-18
2.049	0.3353E-18
2.127	0.4220E-18
2.208	0.5277E-18
2.293	0.6557E-18
2.380	0.8094E-18
2.470	0.9924E-18
2.565	0.1208E-17
2.662	0.1526E-17
2.764	0.1828E-17
2.869	0.2175E-17
2.978	0.2570E-17
3.092	0.3015E-17
3.209	0.3512E-17
3.332	0.4061E-17
3.458	0.4336E-17
3.590	0.4963E-17
3.727	0.5640E-17
3.869	0.6362E-17
4.016	0.7124E-17
4.169	0.7918E-17
4.328	0.8737E-17
4.493	0.9572E-17
4.664	0.1041E-16
4.841	0.1125E-16
5.026	0.1225E-16
5.217	0.1304E-16
5.416	0.1379E-16
5.622	0.1450E-16
5.836	0.1516E-16
6.059	0.1575E-16
6.289	0.1629E-16
6.529	0.1675E-16
6.778	0.1715E-16
7.036	0.1749E-16
7.304	0.1778E-16
7.582	0.1799E-16
7.871	0.1814E-16
8.170	0.1824E-16
8.482	0.1830E-16
8.805	0.1832E-16
9.140	0.1832E-16
9.488	0.1830E-16
9.849	0.1827E-16
10.22	0.1836E-16
10.61	0.1832E-16
11.02	0.1830E-16
11.44	0.1831E-16
11.87	0.1835E-16
12.33	0.1843E-16
12.80	0.1856E-16
13.28	0.1874E-16
13.79	0.1897E-16
14.31	0.1924E-16
14.86	0.1963E-16
15.42	0.2008E-16
16.01	0.2063E-16
16.62	0.2126E-16
17.25	0.2198E-16
17.91	0.2281E-16
18.59	0.2374E-16
19.30	0.2478E-16
20.04	0.2591E-16
20.80	0.2719E-16
21.59	0.2860E-16
22.42	0.3015E-16
23.27	0.3184E-16
24.16	0.3367E-16
25.08	0.3566E-16
26.03	0.3782E-16
27.02	0.4016E-16
28.05	0.4265E-16
29.12	0.4532E-16
30.23	0.4818E-16
31.38	0.5122E-16
32.57	0.5447E-16
33.82	0.5791E-16
35.10	0.6156E-16
36.44	0.6543E-16
37.83	0.6950E-16
39.27	0.7378E-16
40.76	0.7829E-16
42.32	0.8301E-16
43.93	0.8795E-16
45.60	0.9311E-16
47.34	0.9850E-16
49.14	0.1041E-15
51.01	0.1099E-15
52.96	0.1160E-15
54.97	0.1222E-15
57.07	0.1287E-15
59.24	0.1354E-15
61.50	0.1422E-15
63.84	0.1493E-15
66.27	0.1565E-15
68.79	0.1640E-15
71.41	0.1716E-15
74.13	0.1794E-15
76.96	0.1873E-15
79.89	0.1954E-15
82.93	0.2037E-15
86.09	0.2120E-15
89.37	0.2204E-15
92.77	0.2290E-15
96.31	0.2376E-15
99.97	0.2463E-15
103.8	0.2550E-15
107.7	0.2638E-15
111.8	0.2725E-15
116.1	0.2812E-15
120.5	0.2899E-15
125.1	0.2986E-15
129.9	0.3071E-15
134.8	0.3156E-15
140.0	0.3239E-15
145.3	0.3321E-15
150.8	0.3401E-15
156.6	0.3479E-15
162.5	0.3554E-15
168.7	0.3628E-15
175.1	0.3698E-15
181.8	0.3766E-15
188.7	0.3830E-15
195.9	0.3891E-15
203.4	0.3948E-15
211.1	0.4002E-15
219.2	0.4052E-15
227.5	0.4098E-15
236.2	0.4139E-15
245.2	0.4176E-15
254.5	0.4209E-15
264.2	0.4238E-15
274.3	0.4261E-15
284.7	0.4280E-15
295.6	0.4295E-15
306.8	0.4305E-15
318.5	0.4310E-15
330.6	0.4310E-15
343.2	0.4306E-15
356.3	0.4298E-15
369.9	0.4285E-15
384.0	0.4268E-15
398.6	0.4246E-15
413.8	0.4221E-15
429.5	0.4191E-15
445.9	0.4158E-15
462.9	0.4121E-15
480.5	0.4080E-15
498.8	0.4036E-15
517.8	0.3989E-15
537.5	0.3939E-15
558.0	0.3887E-15
579.2	0.3831E-15
601.3	0.3773E-15
624.2	0.3713E-15
648.0	0.3651E-15
672.6	0.3587E-15
698.3	0.3521E-15
724.9	0.3454E-15
752.5	0.3386E-15
781.1	0.3316E-15
810.9	0.3246E-15
841.8	0.3174E-15
873.8	0.3102E-15
907.1	0.3030E-15
941.6	0.2957E-15
977.5	0.2884E-15
1015.	0.2811E-15
1053.	0.2738E-15
1094.	0.2665E-15
1135.	0.2592E-15
1178.	0.2520E-15
1223.	0.2449E-15
1270.	0.2377E-15
1318.	0.2307E-15
1368.	0.2237E-15
1421.	0.2169E-15
1475.	0.2101E-15
1531.	0.2034E-15
1589.	0.1968E-15
1650.	0.1903E-15
1712.	0.1839E-15
1778.	0.1777E-15
1845.	0.1715E-15
1916.	0.1655E-15
1989.	0.1596E-15
2064.	0.1539E-15
2143.	0.1482E-15
2225.	0.1427E-15
2309.	0.1373E-15
2397.	0.1321E-15
2489.	0.1270E-15
2583.	0.1220E-15
2682.	0.1171E-15
2784.	0.1124E-15
2890.	0.1078E-15
3000.	0.1034E-15
 
 
C8    O2    Excitation    0.77 eV                               
E/N (Td)	Rate coefficient (m3/s)
0.1000E-02	0.000
0.1038E-02	0.000
0.1078E-02	0.000
0.1119E-02	0.000
0.1161E-02	0.000
0.1205E-02	0.000
0.1251E-02	0.000
0.1299E-02	0.000
0.1349E-02	0.000
0.1400E-02	0.000
0.1453E-02	0.000
0.1509E-02	0.000
0.1566E-02	0.000
0.1626E-02	0.000
0.1688E-02	0.000
0.1752E-02	0.000
0.1819E-02	0.000
0.1888E-02	0.000
0.1960E-02	0.000
0.2034E-02	0.000
0.2112E-02	0.000
0.2192E-02	0.000
0.2276E-02	0.000
0.2362E-02	0.000
0.2452E-02	0.000
0.2546E-02	0.000
0.2643E-02	0.000
0.2743E-02	0.000
0.2848E-02	0.000
0.2956E-02	0.000
0.3069E-02	0.000
0.3186E-02	0.000
0.3307E-02	0.000
0.3433E-02	0.000
0.3564E-02	0.000
0.3700E-02	0.000
0.3841E-02	0.000
0.3987E-02	0.000
0.4139E-02	0.000
0.4296E-02	0.000
0.4460E-02	0.000
0.4630E-02	0.000
0.4806E-02	0.000
0.4989E-02	0.000
0.5179E-02	0.000
0.5377E-02	0.000
0.5581E-02	0.000
0.5794E-02	0.000
0.6015E-02	0.000
0.6244E-02	0.000
0.6481E-02	0.000
0.6728E-02	0.000
0.6985E-02	0.000
0.7251E-02	0.000
0.7527E-02	0.000
0.7813E-02	0.000
0.8111E-02	0.000
0.8420E-02	0.000
0.8741E-02	0.000
0.9073E-02	0.000
0.9419E-02	0.000
0.9778E-02	0.000
0.1015E-01	0.000
0.1054E-01	0.000
0.1094E-01	0.000
0.1135E-01	0.000
0.1179E-01	0.000
0.1224E-01	0.000
0.1270E-01	0.000
0.1319E-01	0.000
0.1369E-01	0.000
0.1421E-01	0.000
0.1475E-01	0.000
0.1531E-01	0.000
0.1590E-01	0.000
0.1650E-01	0.000
0.1713E-01	0.000
0.1778E-01	0.000
0.1846E-01	0.000
0.1916E-01	0.000
0.1989E-01	0.000
0.2065E-01	0.000
0.2144E-01	0.000
0.2225E-01	0.000
0.2310E-01	0.000
0.2398E-01	0.000
0.2489E-01	0.000
0.2584E-01	0.000
0.2682E-01	0.000
0.2785E-01	0.000
0.2891E-01	0.000
0.3001E-01	0.000
0.3115E-01	0.000
0.3234E-01	0.000
0.3357E-01	0.000
0.3485E-01	0.000
0.3617E-01	0.000
0.3755E-01	0.000
0.3898E-01	0.000
0.4047E-01	0.000
0.4201E-01	0.000
0.4361E-01	0.000
0.4527E-01	0.000
0.4699E-01	0.000
0.4878E-01	0.000
0.5064E-01	0.000
0.5257E-01	0.000
0.5457E-01	0.000
0.5665E-01	0.000
0.5881E-01	0.000
0.6105E-01	0.000
0.6337E-01	0.000
0.6579E-01	0.000
0.6829E-01	0.000
0.7089E-01	0.000
0.7359E-01	0.000
0.7640E-01	0.000
0.7931E-01	0.000
0.8233E-01	0.000
0.8546E-01	0.000
0.8872E-01	0.000
0.9210E-01	0.000
0.9560E-01	0.000
0.9924E-01	0.000
0.1030	0.000
0.1069	0.000
0.1110	0.000
0.1152	0.000
0.1196	0.000
0.1242	0.000
0.1289	0.3741E-28
0.1338	0.4022E-28
0.1389	0.4333E-28
0.1442	0.4680E-28
0.1497	0.5069E-28
0.1554	0.5512E-28
0.1613	0.6019E-28
0.1675	0.6604E-28
0.1739	0.7285E-28
0.1805	0.8085E-28
0.1874	0.9030E-28
0.1945	0.1015E-27
0.2019	0.1150E-27
0.2096	0.1311E-27
0.2176	0.1506E-27
0.2259	0.1742E-27
0.2345	0.2030E-27
0.2434	0.2383E-27
0.2527	0.2818E-27
0.2623	0.3356E-27
0.2723	0.4026E-27
0.2826	0.4868E-27
0.2934	0.5935E-27
0.3046	0.7298E-27
0.3162	0.9058E-27
0.3282	0.1136E-26
0.3407	0.1595E-26
0.3537	0.2049E-26
0.3672	0.2665E-26
0.3812	0.3512E-26
0.3957	0.4690E-26
0.4107	0.6350E-26
0.4264	0.8715E-26
0.4426	0.1212E-25
0.4595	0.1708E-25
0.4770	0.2435E-25
0.4952	0.3511E-25
0.5140	0.5112E-25
0.5336	0.7509E-25
0.5539	0.1111E-24
0.5750	0.1674E-24
0.5969	0.2503E-24
0.6196	0.3753E-24
0.6432	0.5638E-24
0.6677	0.8477E-24
0.6932	0.1275E-23
0.7196	0.1967E-23
0.7470	0.2947E-23
0.7754	0.4406E-23
0.8050	0.6624E-23
0.8356	0.9847E-23
0.8674	0.1460E-22
0.9005	0.2192E-22
0.9348	0.3224E-22
0.9704	0.4728E-22
1.007	0.6909E-22
1.046	0.1017E-21
1.086	0.1475E-21
1.127	0.2132E-21
1.170	0.3071E-21
1.214	0.4554E-21
1.261	0.6498E-21
1.309	0.9234E-21
1.358	0.1307E-20
1.410	0.1823E-20
1.464	0.2554E-20
1.520	0.3562E-20
1.578	0.4941E-20
1.638	0.6815E-20
1.700	0.9297E-20
1.765	0.1267E-19
1.832	0.1716E-19
1.902	0.2309E-19
1.974	0.3084E-19
2.049	0.4086E-19
2.127	0.5379E-19
2.208	0.7027E-19
2.293	0.9108E-19
2.380	0.1171E-18
2.470	0.1494E-18
2.565	0.1890E-18
2.662	0.2476E-18
2.764	0.3074E-18
2.869	0.3785E-18
2.978	0.4622E-18
3.092	0.5597E-18
3.209	0.6720E-18
3.332	0.8002E-18
3.458	0.8697E-18
3.590	0.1024E-17
3.727	0.1195E-17
3.869	0.1382E-17
4.016	0.1586E-17
4.169	0.1804E-17
4.328	0.2036E-17
4.493	0.2278E-17
4.664	0.2529E-17
4.841	0.2786E-17
5.026	0.3098E-17
5.217	0.3357E-17
5.416	0.3611E-17
5.622	0.3858E-17
5.836	0.4094E-17
6.059	0.4317E-17
6.289	0.4526E-17
6.529	0.4717E-17
6.778	0.4890E-17
7.036	0.5043E-17
7.304	0.5198E-17
7.582	0.5312E-17
7.871	0.5407E-17
8.170	0.5486E-17
8.482	0.5549E-17
8.805	0.5599E-17
9.140	0.5638E-17
9.488	0.5668E-17
9.849	0.5693E-17
10.22	0.5736E-17
10.61	0.5758E-17
11.02	0.5785E-17
11.44	0.5821E-17
11.87	0.5869E-17
12.33	0.5933E-17
12.80	0.6017E-17
13.28	0.6126E-17
13.79	0.6262E-17
14.31	0.6431E-17
14.86	0.6636E-17
15.42	0.6882E-17
16.01	0.7173E-17
16.62	0.7512E-17
17.25	0.7904E-17
17.91	0.8353E-17
18.59	0.8863E-17
19.30	0.9439E-17
20.04	0.1007E-16
20.80	0.1079E-16
21.59	0.1159E-16
22.42	0.1247E-16
23.27	0.1343E-16
24.16	0.1449E-16
25.08	0.1565E-16
26.03	0.1690E-16
27.02	0.1827E-16
28.05	0.1973E-16
29.12	0.2130E-16
30.23	0.2299E-16
31.38	0.2479E-16
32.57	0.2671E-16
33.82	0.2876E-16
35.10	0.3093E-16
36.44	0.3324E-16
37.83	0.3567E-16
39.27	0.3823E-16
40.76	0.4092E-16
42.32	0.4375E-16
43.93	0.4671E-16
45.60	0.4980E-16
47.34	0.5302E-16
49.14	0.5637E-16
51.01	0.5986E-16
52.96	0.6348E-16
54.97	0.6723E-16
57.07	0.7110E-16
59.24	0.7509E-16
61.50	0.7921E-16
63.84	0.8342E-16
66.27	0.8776E-16
68.79	0.9221E-16
71.41	0.9675E-16
74.13	0.1014E-15
76.96	0.1061E-15
79.89	0.1109E-15
82.93	0.1158E-15
86.09	0.1208E-15
89.37	0.1258E-15
92.77	0.1308E-15
96.31	0.1359E-15
99.97	0.1410E-15
103.8	0.1462E-15
107.7	0.1513E-15
111.8	0.1564E-15
116.1	0.1615E-15
120.5	0.1666E-15
125.1	0.1717E-15
129.9	0.1766E-15
134.8	0.1815E-15
140.0	0.1863E-15
145.3	0.1910E-15
150.8	0.1956E-15
156.6	0.2001E-15
162.5	0.2044E-15
168.7	0.2085E-15
175.1	0.2125E-15
181.8	0.2163E-15
188.7	0.2199E-15
195.9	0.2232E-15
203.4	0.2264E-15
211.1	0.2293E-15
219.2	0.2320E-15
227.5	0.2344E-15
236.2	0.2366E-15
245.2	0.2385E-15
254.5	0.2402E-15
264.2	0.2416E-15
274.3	0.2427E-15
284.7	0.2435E-15
295.6	0.2440E-15
306.8	0.2443E-15
318.5	0.2443E-15
330.6	0.2440E-15
343.2	0.2435E-15
356.3	0.2427E-15
369.9	0.2417E-15
384.0	0.2404E-15
398.6	0.2388E-15
413.8	0.2371E-15
429.5	0.2351E-15
445.9	0.2328E-15
462.9	0.2304E-15
480.5	0.2278E-15
498.8	0.2250E-15
517.8	0.2220E-15
537.5	0.2189E-15
558.0	0.2156E-15
579.2	0.2122E-15
601.3	0.2087E-15
624.2	0.2050E-15
648.0	0.2012E-15
672.6	0.1974E-15
698.3	0.1934E-15
724.9	0.1894E-15
752.5	0.1853E-15
781.1	0.1812E-15
810.9	0.1770E-15
841.8	0.1728E-15
873.8	0.1686E-15
907.1	0.1644E-15
941.6	0.1601E-15
977.5	0.1559E-15
1015.	0.1517E-15
1053.	0.1475E-15
1094.	0.1433E-15
1135.	0.1391E-15
1178.	0.1350E-15
1223.	0.1309E-15
1270.	0.1269E-15
1318.	0.1229E-15
1368.	0.1190E-15
1421.	0.1152E-15
1475.	0.1114E-15
1531.	0.1076E-15
1589.	0.1040E-15
1650.	0.1004E-15
1712.	0.9684E-16
1778.	0.9339E-16
1845.	0.9002E-16
1916.	0.8672E-16
1989.	0.8350E-16
2064.	0.8035E-16
2143.	0.7729E-16
2225.	0.7430E-16
2309.	0.7139E-16
2397.	0.6856E-16
2489.	0.6581E-16
2583.	0.6314E-16
2682.	0.6054E-16
2784.	0.5803E-16
2890.	0.5558E-16
3000.	0.5322E-16
 
 
C9    O2    Excitation    0.98 eV                               
E/N (Td)	Rate coefficient (m3/s)
0.1000E-02	0.000
0.1038E-02	0.000
0.1078E-02	0.000
0.1119E-02	0.000
0.1161E-02	0.000
0.1205E-02	0.000
0.1251E-02	0.000
0.1299E-02	0.000
0.1349E-02	0.000
0.1400E-02	0.000
0.1453E-02	0.000
0.1509E-02	0.000
0.1566E-02	0.000
0.1626E-02	0.000
0.1688E-02	0.000
0.1752E-02	0.000
0.1819E-02	0.000
0.1888E-02	0.000
0.1960E-02	0.000
0.2034E-02	0.000
0.2112E-02	0.000
0.2192E-02	0.000
0.2276E-02	0.000
0.2362E-02	0.000
0.2452E-02	0.000
0.2546E-02	0.000
0.2643E-02	0.000
0.2743E-02	0.000
0.2848E-02	0.000
0.2956E-02	0.000
0.3069E-02	0.000
0.3186E-02	0.000
0.3307E-02	0.000
0.3433E-02	0.000
0.3564E-02	0.000
0.3700E-02	0.000
0.3841E-02	0.000
0.3987E-02	0.000
0.4139E-02	0.000
0.4296E-02	0.000
0.4460E-02	0.000
0.4630E-02	0.000
0.4806E-02	0.000
0.4989E-02	0.000
0.5179E-02	0.000
0.5377E-02	0.000
0.5581E-02	0.000
0.5794E-02	0.000
0.6015E-02	0.000
0.6244E-02	0.000
0.6481E-02	0.000
0.6728E-02	0.000
0.6985E-02	0.000
0.7251E-02	0.000
0.7527E-02	0.000
0.7813E-02	0.000
0.8111E-02	0.000
0.8420E-02	0.000
0.8741E-02	0.000
0.9073E-02	0.000
0.9419E-02	0.000
0.9778E-02	0.000
0.1015E-01	0.000
0.1054E-01	0.000
0.1094E-01	0.000
0.1135E-01	0.000
0.1179E-01	0.000
0.1224E-01	0.000
0.1270E-01	0.000
0.1319E-01	0.000
0.1369E-01	0.000
0.1421E-01	0.000
0.1475E-01	0.000
0.1531E-01	0.000
0.1590E-01	0.000
0.1650E-01	0.000
0.1713E-01	0.000
0.1778E-01	0.000
0.1846E-01	0.000
0.1916E-01	0.000
0.1989E-01	0.000
0.2065E-01	0.000
0.2144E-01	0.000
0.2225E-01	0.000
0.2310E-01	0.000
0.2398E-01	0.000
0.2489E-01	0.000
0.2584E-01	0.000
0.2682E-01	0.000
0.2785E-01	0.000
0.2891E-01	0.000
0.3001E-01	0.000
0.3115E-01	0.000
0.3234E-01	0.000
0.3357E-01	0.000
0.3485E-01	0.000
0.3617E-01	0.000
0.3755E-01	0.000
0.3898E-01	0.000
0.4047E-01	0.000
0.4201E-01	0.000
0.4361E-01	0.000
0.4527E-01	0.000
0.4699E-01	0.000
0.4878E-01	0.000
0.5064E-01	0.000
0.5257E-01	0.000
0.5457E-01	0.000
0.5665E-01	0.000
0.5881E-01	0.000
0.6105E-01	0.000
0.6337E-01	0.000
0.6579E-01	0.000
0.6829E-01	0.000
0.7089E-01	0.000
0.7359E-01	0.000
0.7640E-01	0.000
0.7931E-01	0.000
0.8233E-01	0.000
0.8546E-01	0.000
0.8872E-01	0.000
0.9210E-01	0.000
0.9560E-01	0.000
0.9924E-01	0.000
0.1030	0.000
0.1069	0.000
0.1110	0.000
0.1152	0.000
0.1196	0.000
0.1242	0.000
0.1289	0.000
0.1338	0.000
0.1389	0.000
0.1442	0.000
0.1497	0.000
0.1554	0.000
0.1613	0.000
0.1675	0.000
0.1739	0.000
0.1805	0.000
0.1874	0.000
0.1945	0.000
0.2019	0.000
0.2096	0.000
0.2176	0.000
0.2259	0.000
0.2345	0.000
0.2434	0.000
0.2527	0.000
0.2623	0.000
0.2723	0.000
0.2826	0.000
0.2934	0.000
0.3046	0.000
0.3162	0.000
0.3282	0.000
0.3407	0.1252E-28
0.3537	0.1693E-28
0.3672	0.2330E-28
0.3812	0.3267E-28
0.3957	0.4668E-28
0.4107	0.6800E-28
0.4264	0.1010E-27
0.4426	0.1529E-27
0.4595	0.2359E-27
0.4770	0.3703E-27
0.4952	0.5911E-27
0.5140	0.9573E-27
0.5336	0.1570E-26
0.5539	0.2603E-26
0.5750	0.6417E-26
0.5969	0.1101E-25
0.6196	0.1897E-25
0.6432	0.3277E-25
0.6677	0.5664E-25
0.6932	0.9778E-25
0.7196	0.1827E-24
0.7470	0.3153E-24
0.7754	0.5420E-24
0.8050	0.9493E-24
0.8356	0.1617E-23
0.8674	0.2740E-23
0.9005	0.4721E-23
0.9348	0.7892E-23
0.9704	0.1311E-22
1.007	0.2162E-22
1.046	0.3620E-22
1.086	0.5880E-22
1.127	0.9481E-22
1.170	0.1517E-21
1.214	0.2488E-21
1.261	0.3916E-21
1.309	0.6117E-21
1.358	0.9479E-21
1.410	0.1455E-20
1.464	0.2216E-20
1.520	0.3346E-20
1.578	0.5013E-20
1.638	0.7450E-20
1.700	0.1093E-19
1.765	0.1597E-19
1.832	0.2315E-19
1.902	0.3327E-19
1.974	0.4742E-19
2.049	0.6739E-19
2.127	0.9435E-19
2.208	0.1310E-18
2.293	0.1803E-18
2.380	0.2461E-18
2.470	0.3331E-18
2.565	0.4471E-18
2.662	0.6203E-18
2.764	0.8169E-18
2.869	0.1067E-17
2.978	0.1382E-17
3.092	0.1776E-17
3.209	0.2264E-17
3.332	0.2863E-17
3.458	0.3287E-17
3.590	0.4115E-17
3.727	0.5109E-17
3.869	0.6294E-17
4.016	0.7693E-17
4.169	0.9330E-17
4.328	0.1123E-16
4.493	0.1341E-16
4.664	0.1591E-16
4.841	0.1873E-16
5.026	0.2232E-16
5.217	0.2588E-16
5.416	0.2981E-16
5.622	0.3413E-16
5.836	0.3883E-16
6.059	0.4392E-16
6.289	0.4940E-16
6.529	0.5527E-16
6.778	0.6151E-16
7.036	0.6811E-16
7.304	0.7544E-16
7.582	0.8271E-16
7.871	0.9030E-16
8.170	0.9816E-16
8.482	0.1063E-15
8.805	0.1146E-15
9.140	0.1232E-15
9.488	0.1319E-15
9.849	0.1408E-15
10.22	0.1501E-15
10.61	0.1592E-15
11.02	0.1683E-15
11.44	0.1774E-15
11.87	0.1866E-15
12.33	0.1957E-15
12.80	0.2048E-15
13.28	0.2139E-15
13.79	0.2229E-15
14.31	0.2319E-15
14.86	0.2408E-15
15.42	0.2495E-15
16.01	0.2581E-15
16.62	0.2666E-15
17.25	0.2750E-15
17.91	0.2834E-15
18.59	0.2916E-15
19.30	0.2998E-15
20.04	0.3074E-15
20.80	0.3154E-15
21.59	0.3235E-15
22.42	0.3314E-15
23.27	0.3394E-15
24.16	0.3473E-15
25.08	0.3552E-15
26.03	0.3631E-15
27.02	0.3712E-15
28.05	0.3791E-15
29.12	0.3870E-15
30.23	0.3949E-15
31.38	0.4029E-15
32.57	0.4109E-15
33.82	0.4190E-15
35.10	0.4271E-15
36.44	0.4354E-15
37.83	0.4436E-15
39.27	0.4520E-15
40.76	0.4604E-15
42.32	0.4689E-15
43.93	0.4774E-15
45.60	0.4861E-15
47.34	0.4949E-15
49.14	0.5037E-15
51.01	0.5126E-15
52.96	0.5217E-15
54.97	0.5309E-15
57.07	0.5401E-15
59.24	0.5495E-15
61.50	0.5589E-15
63.84	0.5684E-15
66.27	0.5780E-15
68.79	0.5878E-15
71.41	0.5976E-15
74.13	0.6075E-15
76.96	0.6175E-15
79.89	0.6276E-15
82.93	0.6378E-15
86.09	0.6481E-15
89.37	0.6584E-15
92.77	0.6688E-15
96.31	0.6792E-15
99.97	0.6898E-15
103.8	0.7004E-15
107.7	0.7110E-15
111.8	0.7216E-15
116.1	0.7323E-15
120.5	0.7431E-15
125.1	0.7538E-15
129.9	0.7646E-15
134.8	0.7753E-15
140.0	0.7861E-15
145.3	0.7968E-15
150.8	0.8075E-15
156.6	0.8182E-15
162.5	0.8288E-15
168.7	0.8394E-15
175.1	0.8499E-15
181.8	0.8603E-15
188.7	0.8707E-15
195.9	0.8809E-15
203.4	0.8910E-15
211.1	0.9009E-15
219.2	0.9108E-15
227.5	0.9204E-15
236.2	0.9299E-15
245.2	0.9391E-15
254.5	0.9482E-15
264.2	0.9570E-15
274.3	0.9656E-15
284.7	0.9739E-15
295.6	0.9819E-15
306.8	0.9896E-15
318.5	0.9970E-15
330.6	0.1004E-14
343.2	0.1011E-14
356.3	0.1017E-14
369.9	0.1023E-14
384.0	0.1029E-14
398.6	0.1034E-14
413.8	0.1039E-14
429.5	0.1044E-14
445.9	0.1048E-14
462.9	0.1051E-14
480.5	0.1054E-14
498.8	0.1057E-14
517.8	0.1059E-14
537.5	0.1061E-14
558.0	0.1063E-14
579.2	0.1064E-14
601.3	0.1064E-14
624.2	0.1064E-14
648.0	0.1064E-14
672.6	0.1063E-14
698.3	0.1061E-14
724.9	0.1060E-14
752.5	0.1057E-14
781.1	0.1055E-14
810.9	0.1052E-14
841.8	0.1048E-14
873.8	0.1044E-14
907.1	0.1040E-14
941.6	0.1035E-14
977.5	0.1030E-14
1015.	0.1024E-14
1053.	0.1018E-14
1094.	0.1012E-14
1135.	0.1006E-14
1178.	0.9985E-15
1223.	0.9912E-15
1270.	0.9836E-15
1318.	0.9756E-15
1368.	0.9674E-15
1421.	0.9588E-15
1475.	0.9500E-15
1531.	0.9410E-15
1589.	0.9316E-15
1650.	0.9221E-15
1712.	0.9123E-15
1778.	0.9023E-15
1845.	0.8922E-15
1916.	0.8818E-15
1989.	0.8713E-15
2064.	0.8606E-15
2143.	0.8499E-15
2225.	0.8390E-15
2309.	0.8280E-15
2397.	0.8169E-15
2489.	0.8058E-15
2583.	0.7946E-15
2682.	0.7834E-15
2784.	0.7721E-15
2890.	0.7609E-15
3000.	0.7497E-15
 
 
C10   O2    Excitation    1.63 eV                               
E/N (Td)	Rate coefficient (m3/s)
0.1000E-02	0.000
0.1038E-02	0.000
0.1078E-02	0.000
0.1119E-02	0.000
0.1161E-02	0.000
0.1205E-02	0.000
0.1251E-02	0.000
0.1299E-02	0.000
0.1349E-02	0.000
0.1400E-02	0.000
0.1453E-02	0.000
0.1509E-02	0.000
0.1566E-02	0.000
0.1626E-02	0.000
0.1688E-02	0.000
0.1752E-02	0.000
0.1819E-02	0.000
0.1888E-02	0.000
0.1960E-02	0.000
0.2034E-02	0.000
0.2112E-02	0.000
0.2192E-02	0.000
0.2276E-02	0.000
0.2362E-02	0.000
0.2452E-02	0.000
0.2546E-02	0.000
0.2643E-02	0.000
0.2743E-02	0.000
0.2848E-02	0.000
0.2956E-02	0.000
0.3069E-02	0.000
0.3186E-02	0.000
0.3307E-02	0.000
0.3433E-02	0.000
0.3564E-02	0.000
0.3700E-02	0.000
0.3841E-02	0.000
0.3987E-02	0.000
0.4139E-02	0.000
0.4296E-02	0.000
0.4460E-02	0.000
0.4630E-02	0.000
0.4806E-02	0.000
0.4989E-02	0.000
0.5179E-02	0.000
0.5377E-02	0.000
0.5581E-02	0.000
0.5794E-02	0.000
0.6015E-02	0.000
0.6244E-02	0.000
0.6481E-02	0.000
0.6728E-02	0.000
0.6985E-02	0.000
0.7251E-02	0.000
0.7527E-02	0.000
0.7813E-02	0.000
0.8111E-02	0.000
0.8420E-02	0.000
0.8741E-02	0.000
0.9073E-02	0.000
0.9419E-02	0.000
0.9778E-02	0.000
0.1015E-01	0.000
0.1054E-01	0.000
0.1094E-01	0.000
0.1135E-01	0.000
0.1179E-01	0.000
0.1224E-01	0.000
0.1270E-01	0.000
0.1319E-01	0.000
0.1369E-01	0.000
0.1421E-01	0.000
0.1475E-01	0.000
0.1531E-01	0.000
0.1590E-01	0.000
0.1650E-01	0.000
0.1713E-01	0.000
0.1778E-01	0.000
0.1846E-01	0.000
0.1916E-01	0.000
0.1989E-01	0.000
0.2065E-01	0.000
0.2144E-01	0.000
0.2225E-01	0.000
0.2310E-01	0.000
0.2398E-01	0.000
0.2489E-01	0.000
0.2584E-01	0.000
0.2682E-01	0.000
0.2785E-01	0.000
0.2891E-01	0.000
0.3001E-01	0.000
0.3115E-01	0.000
0.3234E-01	0.000
0.3357E-01	0.000
0.3485E-01	0.000
0.3617E-01	0.000
0.3755E-01	0.000
0.3898E-01	0.000
0.4047E-01	0.000
0.4201E-01	0.000
0.4361E-01	0.000
0.4527E-01	0.000
0.4699E-01	0.000
0.4878E-01	0.000
0.5064E-01	0.000
0.5257E-01	0.000
0.5457E-01	0.000
0.5665E-01	0.000
0.5881E-01	0.000
0.6105E-01	0.000
0.6337E-01	0.000
0.6579E-01	0.000
0.6829E-01	0.000
0.7089E-01	0.000
0.7359E-01	0.000
0.7640E-01	0.000
0.7931E-01	0.000
0.8233E-01	0.000
0.8546E-01	0.000
0.8872E-01	0.000
0.9210E-01	0.000
0.9560E-01	0.000
0.9924E-01	0.000
0.1030	0.000
0.1069	0.000
0.1110	0.000
0.1152	0.000
0.1196	0.000
0.1242	0.000
0.1289	0.000
0.1338	0.000
0.1389	0.000
0.1442	0.000
0.1497	0.000
0.1554	0.000
0.1613	0.000
0.1675	0.000
0.1739	0.000
0.1805	0.000
0.1874	0.000
0.1945	0.000
0.2019	0.000
0.2096	0.000
0.2176	0.000
0.2259	0.000
0.2345	0.000
0.2434	0.000
0.2527	0.000
0.2623	0.000
0.2723	0.000
0.2826	0.000
0.2934	0.000
0.3046	0.000
0.3162	0.000
0.3282	0.000
0.3407	0.000
0.3537	0.000
0.3672	0.000
0.3812	0.000
0.3957	0.000
0.4107	0.000
0.4264	0.000
0.4426	0.000
0.4595	0.000
0.4770	0.000
0.4952	0.000
0.5140	0.000
0.5336	0.000
0.5539	0.000
0.5750	0.000
0.5969	0.000
0.6196	0.000
0.6432	0.000
0.6677	0.000
0.6932	0.000
0.7196	0.000
0.7470	0.000
0.7754	0.000
0.8050	0.5814E-27
0.8356	0.1292E-26
0.8674	0.2819E-26
0.9005	0.9020E-26
0.9348	0.1929E-25
0.9704	0.4052E-25
1.007	0.8355E-25
1.046	0.1785E-24
1.086	0.3557E-24
1.127	0.6965E-24
1.170	0.1340E-23
1.214	0.2631E-23
1.261	0.4888E-23
1.309	0.8936E-23
1.358	0.1607E-22
1.410	0.2841E-22
1.464	0.4944E-22
1.520	0.8473E-22
1.578	0.1431E-21
1.638	0.2381E-21
1.700	0.3890E-21
1.765	0.6293E-21
1.832	0.1004E-20
1.902	0.1581E-20
1.974	0.2457E-20
2.049	0.3795E-20
2.127	0.5743E-20
2.208	0.8585E-20
2.293	0.1268E-19
2.380	0.1850E-19
2.470	0.2668E-19
2.565	0.3805E-19
2.662	0.5593E-19
2.764	0.7782E-19
2.869	0.1071E-18
2.978	0.1459E-18
3.092	0.1967E-18
3.209	0.2625E-18
3.332	0.3467E-18
3.458	0.4148E-18
3.590	0.5404E-18
3.727	0.6973E-18
3.869	0.8910E-18
4.016	0.1128E-17
4.169	0.1414E-17
4.328	0.1757E-17
4.493	0.2164E-17
4.664	0.2642E-17
4.841	0.3198E-17
5.026	0.3913E-17
5.217	0.4653E-17
5.416	0.5489E-17
5.622	0.6427E-17
5.836	0.7471E-17
6.059	0.8624E-17
6.289	0.9888E-17
6.529	0.1126E-16
6.778	0.1275E-16
7.036	0.1435E-16
7.304	0.1613E-16
7.582	0.1794E-16
7.871	0.1985E-16
8.170	0.2185E-16
8.482	0.2393E-16
8.805	0.2609E-16
9.140	0.2832E-16
9.488	0.3061E-16
9.849	0.3295E-16
10.22	0.3540E-16
10.61	0.3781E-16
11.02	0.4025E-16
11.44	0.4271E-16
11.87	0.4517E-16
12.33	0.4764E-16
12.80	0.5010E-16
13.28	0.5255E-16
13.79	0.5498E-16
14.31	0.5744E-16
14.86	0.5984E-16
15.42	0.6220E-16
16.01	0.6454E-16
16.62	0.6686E-16
17.25	0.6914E-16
17.91	0.7140E-16
18.59	0.7364E-16
19.30	0.7585E-16
20.04	0.7790E-16
20.80	0.8008E-16
21.59	0.8224E-16
22.42	0.8438E-16
23.27	0.8651E-16
24.16	0.8862E-16
25.08	0.9073E-16
26.03	0.9283E-16
27.02	0.9499E-16
28.05	0.9708E-16
29.12	0.9917E-16
30.23	0.1013E-15
31.38	0.1034E-15
32.57	0.1055E-15
33.82	0.1076E-15
35.10	0.1097E-15
36.44	0.1118E-15
37.83	0.1139E-15
39.27	0.1161E-15
40.76	0.1182E-15
42.32	0.1204E-15
43.93	0.1226E-15
45.60	0.1248E-15
47.34	0.1270E-15
49.14	0.1292E-15
51.01	0.1315E-15
52.96	0.1337E-15
54.97	0.1360E-15
57.07	0.1383E-15
59.24	0.1406E-15
61.50	0.1429E-15
63.84	0.1452E-15
66.27	0.1475E-15
68.79	0.1499E-15
71.41	0.1522E-15
74.13	0.1546E-15
76.96	0.1570E-15
79.89	0.1594E-15
82.93	0.1618E-15
86.09	0.1642E-15
89.37	0.1666E-15
92.77	0.1691E-15
96.31	0.1715E-15
99.97	0.1739E-15
103.8	0.1764E-15
107.7	0.1789E-15
111.8	0.1813E-15
116.1	0.1838E-15
120.5	0.1862E-15
125.1	0.1887E-15
129.9	0.1912E-15
134.8	0.1937E-15
140.0	0.1961E-15
145.3	0.1986E-15
150.8	0.2011E-15
156.6	0.2035E-15
162.5	0.2060E-15
168.7	0.2084E-15
175.1	0.2109E-15
181.8	0.2133E-15
188.7	0.2158E-15
195.9	0.2182E-15
203.4	0.2206E-15
211.1	0.2230E-15
219.2	0.2254E-15
227.5	0.2278E-15
236.2	0.2302E-15
245.2	0.2325E-15
254.5	0.2349E-15
264.2	0.2372E-15
274.3	0.2395E-15
284.7	0.2417E-15
295.6	0.2439E-15
306.8	0.2461E-15
318.5	0.2483E-15
330.6	0.2504E-15
343.2	0.2524E-15
356.3	0.2544E-15
369.9	0.2564E-15
384.0	0.2583E-15
398.6	0.2601E-15
413.8	0.2619E-15
429.5	0.2636E-15
445.9	0.2652E-15
462.9	0.2668E-15
480.5	0.2682E-15
498.8	0.2696E-15
517.8	0.2709E-15
537.5	0.2722E-15
558.0	0.2733E-15
579.2	0.2743E-15
601.3	0.2752E-15
624.2	0.2761E-15
648.0	0.2768E-15
672.6	0.2774E-15
698.3	0.2780E-15
724.9	0.2784E-15
752.5	0.2787E-15
781.1	0.2789E-15
810.9	0.2790E-15
841.8	0.2790E-15
873.8	0.2789E-15
907.1	0.2787E-15
941.6	0.2784E-15
977.5	0.2779E-15
1015.	0.2774E-15
1053.	0.2768E-15
1094.	0.2760E-15
1135.	0.2752E-15
1178.	0.2743E-15
1223.	0.2733E-15
1270.	0.2721E-15
1318.	0.2709E-15
1368.	0.2696E-15
1421.	0.2683E-15
1475.	0.2668E-15
1531.	0.2653E-15
1589.	0.2636E-15
1650.	0.2619E-15
1712.	0.2602E-15
1778.	0.2583E-15
1845.	0.2564E-15
1916.	0.2545E-15
1989.	0.2525E-15
2064.	0.2504E-15
2143.	0.2483E-15
2225.	0.2461E-15
2309.	0.2439E-15
2397.	0.2416E-15
2489.	0.2394E-15
2583.	0.2370E-15
2682.	0.2347E-15
2784.	0.2324E-15
2890.	0.2300E-15
3000.	0.2276E-15
 
 
C11   O2    Excitation    4.50 eV                               
E/N (Td)	Rate coefficient (m3/s)
0.1000E-02	0.000
0.1038E-02	0.000
0.1078E-02	0.000
0.1119E-02	0.000
0.1161E-02	0.000
0.1205E-02	0.000
0.1251E-02	0.000
0.1299E-02	0.000
0.1349E-02	0.000
0.1400E-02	0.000
0.1453E-02	0.000
0.1509E-02	0.000
0.1566E-02	0.000
0.1626E-02	0.000
0.1688E-02	0.000
0.1752E-02	0.000
0.1819E-02	0.000
0.1888E-02	0.000
0.1960E-02	0.000
0.2034E-02	0.000
0.2112E-02	0.000
0.2192E-02	0.000
0.2276E-02	0.000
0.2362E-02	0.000
0.2452E-02	0.000
0.2546E-02	0.000
0.2643E-02	0.000
0.2743E-02	0.000
0.2848E-02	0.000
0.2956E-02	0.000
0.3069E-02	0.000
0.3186E-02	0.000
0.3307E-02	0.000
0.3433E-02	0.000
0.3564E-02	0.000
0.3700E-02	0.000
0.3841E-02	0.000
0.3987E-02	0.000
0.4139E-02	0.000
0.4296E-02	0.000
0.4460E-02	0.000
0.4630E-02	0.000
0.4806E-02	0.000
0.4989E-02	0.000
0.5179E-02	0.000
0.5377E-02	0.000
0.5581E-02	0.000
0.5794E-02	0.000
0.6015E-02	0.000
0.6244E-02	0.000
0.6481E-02	0.000
0.6728E-02	0.000
0.6985E-02	0.000
0.7251E-02	0.000
0.7527E-02	0.000
0.7813E-02	0.000
0.8111E-02	0.000
0.8420E-02	0.000
0.8741E-02	0.000
0.9073E-02	0.000
0.9419E-02	0.000
0.9778E-02	0.000
0.1015E-01	0.000
0.1054E-01	0.000
0.1094E-01	0.000
0.1135E-01	0.000
0.1179E-01	0.000
0.1224E-01	0.000
0.1270E-01	0.000
0.1319E-01	0.000
0.1369E-01	0.000
0.1421E-01	0.000
0.1475E-01	0.000
0.1531E-01	0.000
0.1590E-01	0.000
0.1650E-01	0.000
0.1713E-01	0.000
0.1778E-01	0.000
0.1846E-01	0.000
0.1916E-01	0.000
0.1989E-01	0.000
0.2065E-01	0.000
0.2144E-01	0.000
0.2225E-01	0.000
0.2310E-01	0.000
0.2398E-01	0.000
0.2489E-01	0.000
0.2584E-01	0.000
0.2682E-01	0.000
0.2785E-01	0.000
0.2891E-01	0.000
0.3001E-01	0.000
0.3115E-01	0.000
0.3234E-01	0.000
0.3357E-01	0.000
0.3485E-01	0.000
0.3617E-01	0.000
0.3755E-01	0.000
0.3898E-01	0.000
0.4047E-01	0.000
0.4201E-01	0.000
0.4361E-01	0.000
0.4527E-01	0.000
0.4699E-01	0.000
0.4878E-01	0.000
0.5064E-01	0.000
0.5257E-01	0.000
0.5457E-01	0.000
0.5665E-01	0.000
0.5881E-01	0.000
0.6105E-01	0.000
0.6337E-01	0.000
0.6579E-01	0.000
0.6829E-01	0.000
0.7089E-01	0.000
0.7359E-01	0.000
0.7640E-01	0.000
0.7931E-01	0.000
0.8233E-01	0.000
0.8546E-01	0.000
0.8872E-01	0.000
0.9210E-01	0.000
0.9560E-01	0.000
0.9924E-01	0.000
0.1030	0.000
0.1069	0.000
0.1110	0.000
0.1152	0.000
0.1196	0.000
0.1242	0.000
0.1289	0.000
0.1338	0.000
0.1389	0.000
0.1442	0.000
0.1497	0.000
0.1554	0.000
0.1613	0.000
0.1675	0.000
0.1739	0.000
0.1805	0.000
0.1874	0.000
0.1945	0.000
0.2019	0.000
0.2096	0.000
0.2176	0.000
0.2259	0.000
0.2345	0.000
0.2434	0.000
0.2527	0.000
0.2623	0.000
0.2723	0.000
0.2826	0.000
0.2934	0.000
0.3046	0.000
0.3162	0.000
0.3282	0.000
0.3407	0.000
0.3537	0.000
0.3672	0.000
0.3812	0.000
0.3957	0.000
0.4107	0.000
0.4264	0.000
0.4426	0.000
0.4595	0.000
0.4770	0.000
0.4952	0.000
0.5140	0.000
0.5336	0.000
0.5539	0.000
0.5750	0.000
0.5969	0.000
0.6196	0.000
0.6432	0.000
0.6677	0.000
0.6932	0.000
0.7196	0.000
0.7470	0.000
0.7754	0.000
0.8050	0.000
0.8356	0.000
0.8674	0.000
0.9005	0.000
0.9348	0.000
0.9704	0.000
1.007	0.000
1.046	0.000
1.086	0.000
1.127	0.000
1.170	0.000
1.214	0.000
1.261	0.000
1.309	0.000
1.358	0.000
1.410	0.000
1.464	0.000
1.520	0.000
1.578	0.000
1.638	0.000
1.700	0.000
1.765	0.000
1.832	0.000
1.902	0.000
1.974	0.000
2.049	0.8485E-27
2.127	0.2276E-26
2.208	0.5908E-26
2.293	0.1485E-25
2.380	0.3617E-25
2.470	0.8546E-25
2.565	0.1961E-24
2.662	0.5033E-24
2.764	0.1104E-23
2.869	0.2360E-23
2.978	0.4921E-23
3.092	0.1001E-22
3.209	0.1990E-22
3.332	0.3863E-22
3.458	0.6714E-22
3.590	0.1254E-21
3.727	0.2294E-21
3.869	0.4107E-21
4.016	0.7205E-21
4.169	0.1239E-20
4.328	0.2089E-20
4.493	0.3455E-20
4.664	0.5611E-20
4.841	0.8949E-20
5.026	0.1430E-19
5.217	0.2199E-19
5.416	0.3326E-19
5.622	0.4951E-19
5.836	0.7254E-19
6.059	0.1047E-18
6.289	0.1489E-18
6.529	0.2087E-18
6.778	0.2885E-18
7.036	0.3935E-18
7.304	0.5325E-18
7.582	0.7076E-18
7.871	0.9288E-18
8.170	0.1205E-17
8.482	0.1546E-17
8.805	0.1962E-17
9.140	0.2463E-17
9.488	0.3062E-17
9.849	0.3770E-17
10.22	0.4605E-17
10.61	0.5566E-17
11.02	0.6669E-17
11.44	0.7927E-17
11.87	0.9348E-17
12.33	0.1094E-16
12.80	0.1272E-16
13.28	0.1469E-16
13.79	0.1685E-16
14.31	0.1924E-16
14.86	0.2182E-16
15.42	0.2461E-16
16.01	0.2763E-16
16.62	0.3087E-16
17.25	0.3433E-16
17.91	0.3803E-16
18.59	0.4195E-16
19.30	0.4612E-16
20.04	0.5043E-16
20.80	0.5508E-16
21.59	0.5996E-16
22.42	0.6510E-16
23.27	0.7048E-16
24.16	0.7611E-16
25.08	0.8198E-16
26.03	0.8812E-16
27.02	0.9456E-16
28.05	0.1012E-15
29.12	0.1081E-15
30.23	0.1152E-15
31.38	0.1226E-15
32.57	0.1303E-15
33.82	0.1381E-15
35.10	0.1463E-15
36.44	0.1547E-15
37.83	0.1633E-15
39.27	0.1721E-15
40.76	0.1812E-15
42.32	0.1905E-15
43.93	0.2000E-15
45.60	0.2098E-15
47.34	0.2197E-15
49.14	0.2298E-15
51.01	0.2402E-15
52.96	0.2507E-15
54.97	0.2614E-15
57.07	0.2722E-15
59.24	0.2832E-15
61.50	0.2944E-15
63.84	0.3056E-15
66.27	0.3171E-15
68.79	0.3286E-15
71.41	0.3402E-15
74.13	0.3519E-15
76.96	0.3637E-15
79.89	0.3756E-15
82.93	0.3874E-15
86.09	0.3993E-15
89.37	0.4112E-15
92.77	0.4232E-15
96.31	0.4350E-15
99.97	0.4469E-15
103.8	0.4586E-15
107.7	0.4703E-15
111.8	0.4819E-15
116.1	0.4933E-15
120.5	0.5046E-15
125.1	0.5157E-15
129.9	0.5266E-15
134.8	0.5373E-15
140.0	0.5478E-15
145.3	0.5580E-15
150.8	0.5679E-15
156.6	0.5775E-15
162.5	0.5868E-15
168.7	0.5957E-15
175.1	0.6043E-15
181.8	0.6125E-15
188.7	0.6202E-15
195.9	0.6275E-15
203.4	0.6344E-15
211.1	0.6409E-15
219.2	0.6469E-15
227.5	0.6523E-15
236.2	0.6573E-15
245.2	0.6618E-15
254.5	0.6658E-15
264.2	0.6693E-15
274.3	0.6723E-15
284.7	0.6748E-15
295.6	0.6767E-15
306.8	0.6781E-15
318.5	0.6791E-15
330.6	0.6795E-15
343.2	0.6794E-15
356.3	0.6788E-15
369.9	0.6778E-15
384.0	0.6763E-15
398.6	0.6743E-15
413.8	0.6719E-15
429.5	0.6691E-15
445.9	0.6659E-15
462.9	0.6623E-15
480.5	0.6583E-15
498.8	0.6539E-15
517.8	0.6492E-15
537.5	0.6442E-15
558.0	0.6389E-15
579.2	0.6333E-15
601.3	0.6275E-15
624.2	0.6214E-15
648.0	0.6151E-15
672.6	0.6085E-15
698.3	0.6018E-15
724.9	0.5949E-15
752.5	0.5879E-15
781.1	0.5807E-15
810.9	0.5734E-15
841.8	0.5660E-15
873.8	0.5585E-15
907.1	0.5509E-15
941.6	0.5433E-15
977.5	0.5356E-15
1015.	0.5279E-15
1053.	0.5202E-15
1094.	0.5124E-15
1135.	0.5047E-15
1178.	0.4969E-15
1223.	0.4892E-15
1270.	0.4814E-15
1318.	0.4737E-15
1368.	0.4661E-15
1421.	0.4584E-15
1475.	0.4508E-15
1531.	0.4433E-15
1589.	0.4358E-15
1650.	0.4284E-15
1712.	0.4210E-15
1778.	0.4137E-15
1845.	0.4065E-15
1916.	0.3994E-15
1989.	0.3923E-15
2064.	0.3853E-15
2143.	0.3784E-15
2225.	0.3716E-15
2309.	0.3648E-15
2397.	0.3582E-15
2489.	0.3516E-15
2583.	0.3452E-15
2682.	0.3388E-15
2784.	0.3325E-15
2890.	0.3264E-15
3000.	0.3203E-15
 
 
C12   O2    Excitation    6.10 eV                               
E/N (Td)	Rate coefficient (m3/s)
0.1000E-02	0.000
0.1038E-02	0.000
0.1078E-02	0.000
0.1119E-02	0.000
0.1161E-02	0.000
0.1205E-02	0.000
0.1251E-02	0.000
0.1299E-02	0.000
0.1349E-02	0.000
0.1400E-02	0.000
0.1453E-02	0.000
0.1509E-02	0.000
0.1566E-02	0.000
0.1626E-02	0.000
0.1688E-02	0.000
0.1752E-02	0.000
0.1819E-02	0.000
0.1888E-02	0.000
0.1960E-02	0.000
0.2034E-02	0.000
0.2112E-02	0.000
0.2192E-02	0.000
0.2276E-02	0.000
0.2362E-02	0.000
0.2452E-02	0.000
0.2546E-02	0.000
0.2643E-02	0.000
0.2743E-02	0.000
0.2848E-02	0.000
0.2956E-02	0.000
0.3069E-02	0.000
0.3186E-02	0.000
0.3307E-02	0.000
0.3433E-02	0.000
0.3564E-02	0.000
0.3700E-02	0.000
0.3841E-02	0.000
0.3987E-02	0.000
0.4139E-02	0.000
0.4296E-02	0.000
0.4460E-02	0.000
0.4630E-02	0.000
0.4806E-02	0.000
0.4989E-02	0.000
0.5179E-02	0.000
0.5377E-02	0.000
0.5581E-02	0.000
0.5794E-02	0.000
0.6015E-02	0.000
0.6244E-02	0.000
0.6481E-02	0.000
0.6728E-02	0.000
0.6985E-02	0.000
0.7251E-02	0.000
0.7527E-02	0.000
0.7813E-02	0.000
0.8111E-02	0.000
0.8420E-02	0.000
0.8741E-02	0.000
0.9073E-02	0.000
0.9419E-02	0.000
0.9778E-02	0.000
0.1015E-01	0.000
0.1054E-01	0.000
0.1094E-01	0.000
0.1135E-01	0.000
0.1179E-01	0.000
0.1224E-01	0.000
0.1270E-01	0.000
0.1319E-01	0.000
0.1369E-01	0.000
0.1421E-01	0.000
0.1475E-01	0.000
0.1531E-01	0.000
0.1590E-01	0.000
0.1650E-01	0.000
0.1713E-01	0.000
0.1778E-01	0.000
0.1846E-01	0.000
0.1916E-01	0.000
0.1989E-01	0.000
0.2065E-01	0.000
0.2144E-01	0.000
0.2225E-01	0.000
0.2310E-01	0.000
0.2398E-01	0.000
0.2489E-01	0.000
0.2584E-01	0.000
0.2682E-01	0.000
0.2785E-01	0.000
0.2891E-01	0.000
0.3001E-01	0.000
0.3115E-01	0.000
0.3234E-01	0.000
0.3357E-01	0.000
0.3485E-01	0.000
0.3617E-01	0.000
0.3755E-01	0.000
0.3898E-01	0.000
0.4047E-01	0.000
0.4201E-01	0.000
0.4361E-01	0.000
0.4527E-01	0.000
0.4699E-01	0.000
0.4878E-01	0.000
0.5064E-01	0.000
0.5257E-01	0.000
0.5457E-01	0.000
0.5665E-01	0.000
0.5881E-01	0.000
0.6105E-01	0.000
0.6337E-01	0.000
0.6579E-01	0.000
0.6829E-01	0.000
0.7089E-01	0.000
0.7359E-01	0.000
0.7640E-01	0.000
0.7931E-01	0.000
0.8233E-01	0.000
0.8546E-01	0.000
0.8872E-01	0.000
0.9210E-01	0.000
0.9560E-01	0.000
0.9924E-01	0.000
0.1030	0.000
0.1069	0.000
0.1110	0.000
0.1152	0.000
0.1196	0.000
0.1242	0.000
0.1289	0.000
0.1338	0.000
0.1389	0.000
0.1442	0.000
0.1497	0.000
0.1554	0.000
0.1613	0.000
0.1675	0.000
0.1739	0.000
0.1805	0.000
0.1874	0.000
0.1945	0.000
0.2019	0.000
0.2096	0.000
0.2176	0.000
0.2259	0.000
0.2345	0.000
0.2434	0.000
0.2527	0.000
0.2623	0.000
0.2723	0.000
0.2826	0.000
0.2934	0.000
0.3046	0.000
0.3162	0.000
0.3282	0.000
0.3407	0.000
0.3537	0.000
0.3672	0.000
0.3812	0.000
0.3957	0.000
0.4107	0.000
0.4264	0.000
0.4426	0.000
0.4595	0.000
0.4770	0.000
0.4952	0.000
0.5140	0.000
0.5336	0.000
0.5539	0.000
0.5750	0.000
0.5969	0.000
0.6196	0.000
0.6432	0.000
0.6677	0.000
0.6932	0.000
0.7196	0.000
0.7470	0.000
0.7754	0.000
0.8050	0.000
0.8356	0.000
0.8674	0.000
0.9005	0.000
0.9348	0.000
0.9704	0.000
1.007	0.000
1.046	0.000
1.086	0.000
1.127	0.000
1.170	0.000
1.214	0.000
1.261	0.000
1.309	0.000
1.358	0.000
1.410	0.000
1.464	0.000
1.520	0.000
1.578	0.000
1.638	0.000
1.700	0.000
1.765	0.000
1.832	0.000
1.902	0.000
1.974	0.000
2.049	0.000
2.127	0.000
2.208	0.000
2.293	0.000
2.380	0.000
2.470	0.000
2.565	0.000
2.662	0.1080E-30
2.764	0.3457E-30
2.869	0.1059E-29
2.978	0.3111E-29
3.092	0.8768E-29
3.209	0.2375E-28
3.332	0.6187E-28
3.458	0.3227E-25
3.590	0.8423E-25
3.727	0.2122E-24
3.869	0.5167E-24
4.016	0.1217E-23
4.169	0.2775E-23
4.328	0.6135E-23
4.493	0.1316E-22
4.664	0.2740E-22
4.841	0.5545E-22
5.026	0.1115E-21
5.217	0.2134E-21
5.416	0.3982E-21
5.622	0.7246E-21
5.836	0.1287E-20
6.059	0.2235E-20
6.289	0.3794E-20
6.529	0.6303E-20
6.778	0.1026E-19
7.036	0.1636E-19
7.304	0.2573E-19
7.582	0.3948E-19
7.871	0.5951E-19
8.170	0.8818E-19
8.482	0.1285E-18
8.805	0.1844E-18
9.140	0.2605E-18
9.488	0.3627E-18
9.849	0.4981E-18
10.22	0.6760E-18
10.61	0.9040E-18
11.02	0.1194E-17
11.44	0.1559E-17
11.87	0.2013E-17
12.33	0.2572E-17
12.80	0.3252E-17
13.28	0.4073E-17
13.79	0.5055E-17
14.31	0.6224E-17
14.86	0.7594E-17
15.42	0.9192E-17
16.01	0.1104E-16
16.62	0.1318E-16
17.25	0.1561E-16
17.91	0.1838E-16
18.59	0.2151E-16
19.30	0.2503E-16
20.04	0.2892E-16
20.80	0.3330E-16
21.59	0.3815E-16
22.42	0.4350E-16
23.27	0.4938E-16
24.16	0.5582E-16
25.08	0.6283E-16
26.03	0.7046E-16
27.02	0.7876E-16
28.05	0.8766E-16
29.12	0.9723E-16
30.23	0.1075E-15
31.38	0.1185E-15
32.57	0.1301E-15
33.82	0.1426E-15
35.10	0.1558E-15
36.44	0.1697E-15
37.83	0.1844E-15
39.27	0.1999E-15
40.76	0.2162E-15
42.32	0.2332E-15
43.93	0.2511E-15
45.60	0.2697E-15
47.34	0.2891E-15
49.14	0.3092E-15
51.01	0.3302E-15
52.96	0.3520E-15
54.97	0.3745E-15
57.07	0.3977E-15
59.24	0.4217E-15
61.50	0.4465E-15
63.84	0.4719E-15
66.27	0.4981E-15
68.79	0.5250E-15
71.41	0.5525E-15
74.13	0.5808E-15
76.96	0.6096E-15
79.89	0.6391E-15
82.93	0.6692E-15
86.09	0.6998E-15
89.37	0.7310E-15
92.77	0.7627E-15
96.31	0.7948E-15
99.97	0.8274E-15
103.8	0.8603E-15
107.7	0.8936E-15
111.8	0.9272E-15
116.1	0.9611E-15
120.5	0.9952E-15
125.1	0.1029E-14
129.9	0.1064E-14
134.8	0.1098E-14
140.0	0.1132E-14
145.3	0.1166E-14
150.8	0.1200E-14
156.6	0.1234E-14
162.5	0.1268E-14
168.7	0.1301E-14
175.1	0.1334E-14
181.8	0.1366E-14
188.7	0.1397E-14
195.9	0.1428E-14
203.4	0.1459E-14
211.1	0.1488E-14
219.2	0.1517E-14
227.5	0.1545E-14
236.2	0.1572E-14
245.2	0.1598E-14
254.5	0.1622E-14
264.2	0.1646E-14
274.3	0.1669E-14
284.7	0.1690E-14
295.6	0.1710E-14
306.8	0.1729E-14
318.5	0.1747E-14
330.6	0.1763E-14
343.2	0.1778E-14
356.3	0.1792E-14
369.9	0.1804E-14
384.0	0.1815E-14
398.6	0.1825E-14
413.8	0.1833E-14
429.5	0.1840E-14
445.9	0.1846E-14
462.9	0.1850E-14
480.5	0.1853E-14
498.8	0.1855E-14
517.8	0.1856E-14
537.5	0.1855E-14
558.0	0.1853E-14
579.2	0.1850E-14
601.3	0.1846E-14
624.2	0.1841E-14
648.0	0.1835E-14
672.6	0.1828E-14
698.3	0.1820E-14
724.9	0.1811E-14
752.5	0.1801E-14
781.1	0.1790E-14
810.9	0.1779E-14
841.8	0.1766E-14
873.8	0.1753E-14
907.1	0.1740E-14
941.6	0.1725E-14
977.5	0.1710E-14
1015.	0.1695E-14
1053.	0.1679E-14
1094.	0.1663E-14
1135.	0.1646E-14
1178.	0.1629E-14
1223.	0.1611E-14
1270.	0.1593E-14
1318.	0.1575E-14
1368.	0.1557E-14
1421.	0.1538E-14
1475.	0.1519E-14
1531.	0.1500E-14
1589.	0.1481E-14
1650.	0.1462E-14
1712.	0.1443E-14
1778.	0.1423E-14
1845.	0.1404E-14
1916.	0.1384E-14
1989.	0.1365E-14
2064.	0.1346E-14
2143.	0.1327E-14
2225.	0.1308E-14
2309.	0.1289E-14
2397.	0.1270E-14
2489.	0.1251E-14
2583.	0.1233E-14
2682.	0.1214E-14
2784.	0.1196E-14
2890.	0.1179E-14
3000.	0.1161E-14
 
 
C13   O2    Excitation    8.40 eV                               
E/N (Td)	Rate coefficient (m3/s)
0.1000E-02	0.000
0.1038E-02	0.000
0.1078E-02	0.000
0.1119E-02	0.000
0.1161E-02	0.000
0.1205E-02	0.000
0.1251E-02	0.000
0.1299E-02	0.000
0.1349E-02	0.000
0.1400E-02	0.000
0.1453E-02	0.000
0.1509E-02	0.000
0.1566E-02	0.000
0.1626E-02	0.000
0.1688E-02	0.000
0.1752E-02	0.000
0.1819E-02	0.000
0.1888E-02	0.000
0.1960E-02	0.000
0.2034E-02	0.000
0.2112E-02	0.000
0.2192E-02	0.000
0.2276E-02	0.000
0.2362E-02	0.000
0.2452E-02	0.000
0.2546E-02	0.000
0.2643E-02	0.000
0.2743E-02	0.000
0.2848E-02	0.000
0.2956E-02	0.000
0.3069E-02	0.000
0.3186E-02	0.000
0.3307E-02	0.000
0.3433E-02	0.000
0.3564E-02	0.000
0.3700E-02	0.000
0.3841E-02	0.000
0.3987E-02	0.000
0.4139E-02	0.000
0.4296E-02	0.000
0.4460E-02	0.000
0.4630E-02	0.000
0.4806E-02	0.000
0.4989E-02	0.000
0.5179E-02	0.000
0.5377E-02	0.000
0.5581E-02	0.000
0.5794E-02	0.000
0.6015E-02	0.000
0.6244E-02	0.000
0.6481E-02	0.000
0.6728E-02	0.000
0.6985E-02	0.000
0.7251E-02	0.000
0.7527E-02	0.000
0.7813E-02	0.000
0.8111E-02	0.000
0.8420E-02	0.000
0.8741E-02	0.000
0.9073E-02	0.000
0.9419E-02	0.000
0.9778E-02	0.000
0.1015E-01	0.000
0.1054E-01	0.000
0.1094E-01	0.000
0.1135E-01	0.000
0.1179E-01	0.000
0.1224E-01	0.000
0.1270E-01	0.000
0.1319E-01	0.000
0.1369E-01	0.000
0.1421E-01	0.000
0.1475E-01	0.000
0.1531E-01	0.000
0.1590E-01	0.000
0.1650E-01	0.000
0.1713E-01	0.000
0.1778E-01	0.000
0.1846E-01	0.000
0.1916E-01	0.000
0.1989E-01	0.000
0.2065E-01	0.000
0.2144E-01	0.000
0.2225E-01	0.000
0.2310E-01	0.000
0.2398E-01	0.000
0.2489E-01	0.000
0.2584E-01	0.000
0.2682E-01	0.000
0.2785E-01	0.000
0.2891E-01	0.000
0.3001E-01	0.000
0.3115E-01	0.000
0.3234E-01	0.000
0.3357E-01	0.000
0.3485E-01	0.000
0.3617E-01	0.000
0.3755E-01	0.000
0.3898E-01	0.000
0.4047E-01	0.000
0.4201E-01	0.000
0.4361E-01	0.000
0.4527E-01	0.000
0.4699E-01	0.000
0.4878E-01	0.000
0.5064E-01	0.000
0.5257E-01	0.000
0.5457E-01	0.000
0.5665E-01	0.000
0.5881E-01	0.000
0.6105E-01	0.000
0.6337E-01	0.000
0.6579E-01	0.000
0.6829E-01	0.000
0.7089E-01	0.000
0.7359E-01	0.000
0.7640E-01	0.000
0.7931E-01	0.000
0.8233E-01	0.000
0.8546E-01	0.000
0.8872E-01	0.000
0.9210E-01	0.000
0.9560E-01	0.000
0.9924E-01	0.000
0.1030	0.000
0.1069	0.000
0.1110	0.000
0.1152	0.000
0.1196	0.000
0.1242	0.000
0.1289	0.000
0.1338	0.000
0.1389	0.000
0.1442	0.000
0.1497	0.000
0.1554	0.000
0.1613	0.000
0.1675	0.000
0.1739	0.000
0.1805	0.000
0.1874	0.000
0.1945	0.000
0.2019	0.000
0.2096	0.000
0.2176	0.000
0.2259	0.000
0.2345	0.000
0.2434	0.000
0.2527	0.000
0.2623	0.000
0.2723	0.000
0.2826	0.000
0.2934	0.000
0.3046	0.000
0.3162	0.000
0.3282	0.000
0.3407	0.000
0.3537	0.000
0.3672	0.000
0.3812	0.000
0.3957	0.000
0.4107	0.000
0.4264	0.000
0.4426	0.000
0.4595	0.000
0.4770	0.000
0.4952	0.000
0.5140	0.000
0.5336	0.000
0.5539	0.000
0.5750	0.000
0.5969	0.000
0.6196	0.000
0.6432	0.000
0.6677	0.000
0.6932	0.000
0.7196	0.000
0.7470	0.000
0.7754	0.000
0.8050	0.000
0.8356	0.000
0.8674	0.000
0.9005	0.000
0.9348	0.000
0.9704	0.000
1.007	0.000
1.046	0.000
1.086	0.000
1.127	0.000
1.170	0.000
1.214	0.000
1.261	0.000
1.309	0.000
1.358	0.000
1.410	0.000
1.464	0.000
1.520	0.000
1.578	0.000
1.638	0.000
1.700	0.000
1.765	0.000
1.832	0.000
1.902	0.000
1.974	0.000
2.049	0.000
2.127	0.000
2.208	0.000
2.293	0.000
2.380	0.000
2.470	0.000
2.565	0.000
2.662	0.000
2.764	0.000
2.869	0.000
2.978	0.000
3.092	0.000
3.209	0.000
3.332	0.000
3.458	0.000
3.590	0.000
3.727	0.000
3.869	0.000
4.016	0.000
4.169	0.000
4.328	0.000
4.493	0.000
4.664	0.000
4.841	0.000
5.026	0.4058E-29
5.217	0.1447E-28
5.416	0.4907E-28
5.622	0.1585E-27
5.836	0.4886E-27
6.059	0.1439E-26
6.289	0.4055E-26
6.529	0.1095E-25
6.778	0.2840E-25
7.036	0.7077E-25
7.304	0.2884E-24
7.582	0.6895E-24
7.871	0.1593E-23
8.170	0.3561E-23
8.482	0.7710E-23
8.805	0.1619E-22
9.140	0.3302E-22
9.488	0.6547E-22
9.849	0.1263E-21
10.22	0.2385E-21
10.61	0.4370E-21
11.02	0.7817E-21
11.44	0.1366E-20
11.87	0.2336E-20
12.33	0.3909E-20
12.80	0.6412E-20
13.28	0.1032E-19
13.79	0.1629E-19
14.31	0.2531E-19
14.86	0.3860E-19
15.42	0.5791E-19
16.01	0.8555E-19
16.62	0.1245E-18
17.25	0.1787E-18
17.91	0.2531E-18
18.59	0.3538E-18
19.30	0.4885E-18
20.04	0.6658E-18
20.80	0.8987E-18
21.59	0.1200E-17
22.42	0.1586E-17
23.27	0.2077E-17
24.16	0.2694E-17
25.08	0.3463E-17
26.03	0.4414E-17
27.02	0.5586E-17
28.05	0.7008E-17
29.12	0.8728E-17
30.23	0.1079E-16
31.38	0.1326E-16
32.57	0.1618E-16
33.82	0.1963E-16
35.10	0.2367E-16
36.44	0.2838E-16
37.83	0.3385E-16
39.27	0.4017E-16
40.76	0.4742E-16
42.32	0.5572E-16
43.93	0.6519E-16
45.60	0.7593E-16
47.34	0.8808E-16
49.14	0.1018E-15
51.01	0.1171E-15
52.96	0.1343E-15
54.97	0.1535E-15
57.07	0.1749E-15
59.24	0.1986E-15
61.50	0.2249E-15
63.84	0.2539E-15
66.27	0.2858E-15
68.79	0.3209E-15
71.41	0.3594E-15
74.13	0.4015E-15
76.96	0.4475E-15
79.89	0.4977E-15
82.93	0.5523E-15
86.09	0.6115E-15
89.37	0.6759E-15
92.77	0.7455E-15
96.31	0.8208E-15
99.97	0.9020E-15
103.8	0.9896E-15
107.7	0.1084E-14
111.8	0.1185E-14
116.1	0.1294E-14
120.5	0.1410E-14
125.1	0.1535E-14
129.9	0.1668E-14
134.8	0.1810E-14
140.0	0.1961E-14
145.3	0.2122E-14
150.8	0.2293E-14
156.6	0.2475E-14
162.5	0.2667E-14
168.7	0.2871E-14
175.1	0.3086E-14
181.8	0.3312E-14
188.7	0.3551E-14
195.9	0.3802E-14
203.4	0.4065E-14
211.1	0.4342E-14
219.2	0.4631E-14
227.5	0.4933E-14
236.2	0.5248E-14
245.2	0.5577E-14
254.5	0.5918E-14
264.2	0.6273E-14
274.3	0.6640E-14
284.7	0.7020E-14
295.6	0.7413E-14
306.8	0.7818E-14
318.5	0.8235E-14
330.6	0.8663E-14
343.2	0.9103E-14
356.3	0.9553E-14
369.9	0.1001E-13
384.0	0.1048E-13
398.6	0.1096E-13
413.8	0.1145E-13
429.5	0.1195E-13
445.9	0.1245E-13
462.9	0.1296E-13
480.5	0.1348E-13
498.8	0.1400E-13
517.8	0.1453E-13
537.5	0.1506E-13
558.0	0.1560E-13
579.2	0.1613E-13
601.3	0.1667E-13
624.2	0.1722E-13
648.0	0.1776E-13
672.6	0.1830E-13
698.3	0.1884E-13
724.9	0.1938E-13
752.5	0.1992E-13
781.1	0.2045E-13
810.9	0.2099E-13
841.8	0.2152E-13
873.8	0.2204E-13
907.1	0.2256E-13
941.6	0.2308E-13
977.5	0.2359E-13
1015.	0.2409E-13
1053.	0.2459E-13
1094.	0.2508E-13
1135.	0.2556E-13
1178.	0.2604E-13
1223.	0.2650E-13
1270.	0.2696E-13
1318.	0.2741E-13
1368.	0.2785E-13
1421.	0.2828E-13
1475.	0.2870E-13
1531.	0.2911E-13
1589.	0.2951E-13
1650.	0.2990E-13
1712.	0.3027E-13
1778.	0.3064E-13
1845.	0.3099E-13
1916.	0.3133E-13
1989.	0.3166E-13
2064.	0.3197E-13
2143.	0.3228E-13
2225.	0.3257E-13
2309.	0.3284E-13
2397.	0.3311E-13
2489.	0.3336E-13
2583.	0.3359E-13
2682.	0.3381E-13
2784.	0.3402E-13
2890.	0.3421E-13
3000.	0.3439E-13
 
 
C14   O2    Excitation    9.30 eV                               
E/N (Td)	Rate coefficient (m3/s)
0.1000E-02	0.000
0.1038E-02	0.000
0.1078E-02	0.000
0.1119E-02	0.000
0.1161E-02	0.000
0.1205E-02	0.000
0.1251E-02	0.000
0.1299E-02	0.000
0.1349E-02	0.000
0.1400E-02	0.000
0.1453E-02	0.000
0.1509E-02	0.000
0.1566E-02	0.000
0.1626E-02	0.000
0.1688E-02	0.000
0.1752E-02	0.000
0.1819E-02	0.000
0.1888E-02	0.000
0.1960E-02	0.000
0.2034E-02	0.000
0.2112E-02	0.000
0.2192E-02	0.000
0.2276E-02	0.000
0.2362E-02	0.000
0.2452E-02	0.000
0.2546E-02	0.000
0.2643E-02	0.000
0.2743E-02	0.000
0.2848E-02	0.000
0.2956E-02	0.000
0.3069E-02	0.000
0.3186E-02	0.000
0.3307E-02	0.000
0.3433E-02	0.000
0.3564E-02	0.000
0.3700E-02	0.000
0.3841E-02	0.000
0.3987E-02	0.000
0.4139E-02	0.000
0.4296E-02	0.000
0.4460E-02	0.000
0.4630E-02	0.000
0.4806E-02	0.000
0.4989E-02	0.000
0.5179E-02	0.000
0.5377E-02	0.000
0.5581E-02	0.000
0.5794E-02	0.000
0.6015E-02	0.000
0.6244E-02	0.000
0.6481E-02	0.000
0.6728E-02	0.000
0.6985E-02	0.000
0.7251E-02	0.000
0.7527E-02	0.000
0.7813E-02	0.000
0.8111E-02	0.000
0.8420E-02	0.000
0.8741E-02	0.000
0.9073E-02	0.000
0.9419E-02	0.000
0.9778E-02	0.000
0.1015E-01	0.000
0.1054E-01	0.000
0.1094E-01	0.000
0.1135E-01	0.000
0.1179E-01	0.000
0.1224E-01	0.000
0.1270E-01	0.000
0.1319E-01	0.000
0.1369E-01	0.000
0.1421E-01	0.000
0.1475E-01	0.000
0.1531E-01	0.000
0.1590E-01	0.000
0.1650E-01	0.000
0.1713E-01	0.000
0.1778E-01	0.000
0.1846E-01	0.000
0.1916E-01	0.000
0.1989E-01	0.000
0.2065E-01	0.000
0.2144E-01	0.000
0.2225E-01	0.000
0.2310E-01	0.000
0.2398E-01	0.000
0.2489E-01	0.000
0.2584E-01	0.000
0.2682E-01	0.000
0.2785E-01	0.000
0.2891E-01	0.000
0.3001E-01	0.000
0.3115E-01	0.000
0.3234E-01	0.000
0.3357E-01	0.000
0.3485E-01	0.000
0.3617E-01	0.000
0.3755E-01	0.000
0.3898E-01	0.000
0.4047E-01	0.000
0.4201E-01	0.000
0.4361E-01	0.000
0.4527E-01	0.000
0.4699E-01	0.000
0.4878E-01	0.000
0.5064E-01	0.000
0.5257E-01	0.000
0.5457E-01	0.000
0.5665E-01	0.000
0.5881E-01	0.000
0.6105E-01	0.000
0.6337E-01	0.000
0.6579E-01	0.000
0.6829E-01	0.000
0.7089E-01	0.000
0.7359E-01	0.000
0.7640E-01	0.000
0.7931E-01	0.000
0.8233E-01	0.000
0.8546E-01	0.000
0.8872E-01	0.000
0.9210E-01	0.000
0.9560E-01	0.000
0.9924E-01	0.000
0.1030	0.000
0.1069	0.000
0.1110	0.000
0.1152	0.000
0.1196	0.000
0.1242	0.000
0.1289	0.000
0.1338	0.000
0.1389	0.000
0.1442	0.000
0.1497	0.000
0.1554	0.000
0.1613	0.000
0.1675	0.000
0.1739	0.000
0.1805	0.000
0.1874	0.000
0.1945	0.000
0.2019	0.000
0.2096	0.000
0.2176	0.000
0.2259	0.000
0.2345	0.000
0.2434	0.000
0.2527	0.000
0.2623	0.000
0.2723	0.000
0.2826	0.000
0.2934	0.000
0.3046	0.000
0.3162	0.000
0.3282	0.000
0.3407	0.000
0.3537	0.000
0.3672	0.000
0.3812	0.000
0.3957	0.000
0.4107	0.000
0.4264	0.000
0.4426	0.000
0.4595	0.000
0.4770	0.000
0.4952	0.000
0.5140	0.000
0.5336	0.000
0.5539	0.000
0.5750	0.000
0.5969	0.000
0.6196	0.000
0.6432	0.000
0.6677	0.000
0.6932	0.000
0.7196	0.000
0.7470	0.000
0.7754	0.000
0.8050	0.000
0.8356	0.000
0.8674	0.000
0.9005	0.000
0.9348	0.000
0.9704	0.000
1.007	0.000
1.046	0.000
1.086	0.000
1.127	0.000
1.170	0.000
1.214	0.000
1.261	0.000
1.309	0.000
1.358	0.000
1.410	0.000
1.464	0.000
1.520	0.000
1.578	0.000
1.638	0.000
1.700	0.000
1.765	0.000
1.832	0.000
1.902	0.000
1.974	0.000
2.049	0.000
2.127	0.000
2.208	0.000
2.293	0.000
2.380	0.000
2.470	0.000
2.565	0.000
2.662	0.000
2.764	0.000
2.869	0.000
2.978	0.000
3.092	0.000
3.209	0.000
3.332	0.000
3.458	0.000
3.590	0.000
3.727	0.000
3.869	0.000
4.016	0.000
4.169	0.000
4.328	0.000
4.493	0.000
4.664	0.000
4.841	0.000
5.026	0.000
5.217	0.000
5.416	0.000
5.622	0.000
5.836	0.000
6.059	0.000
6.289	0.000
6.529	0.000
6.778	0.000
7.036	0.000
7.304	0.1123E-27
7.582	0.3306E-27
7.871	0.9333E-27
8.170	0.2530E-26
8.482	0.6595E-26
8.805	0.1656E-25
9.140	0.4007E-25
9.488	0.9365E-25
9.849	0.2116E-24
10.22	0.4796E-24
10.61	0.1021E-23
11.02	0.2112E-23
11.44	0.4244E-23
11.87	0.8304E-23
12.33	0.1583E-22
12.80	0.2943E-22
13.28	0.5344E-22
13.79	0.9483E-22
14.31	0.1651E-21
14.86	0.2806E-21
15.42	0.4674E-21
16.01	0.7638E-21
16.62	0.1225E-20
17.25	0.1932E-20
17.91	0.2995E-20
18.59	0.4568E-20
19.30	0.6862E-20
20.04	0.1015E-19
20.80	0.1481E-19
21.59	0.2132E-19
22.42	0.3031E-19
23.27	0.4256E-19
24.16	0.5904E-19
25.08	0.8100E-19
26.03	0.1099E-18
27.02	0.1478E-18
28.05	0.1964E-18
29.12	0.2587E-18
30.23	0.3375E-18
31.38	0.4366E-18
32.57	0.5600E-18
33.82	0.7125E-18
35.10	0.8997E-18
36.44	0.1128E-17
37.83	0.1404E-17
39.27	0.1735E-17
40.76	0.2131E-17
42.32	0.2600E-17
43.93	0.3154E-17
45.60	0.3805E-17
47.34	0.4565E-17
49.14	0.5447E-17
51.01	0.6468E-17
52.96	0.7643E-17
54.97	0.8991E-17
57.07	0.1053E-16
59.24	0.1228E-16
61.50	0.1426E-16
63.84	0.1650E-16
66.27	0.1902E-16
68.79	0.2185E-16
71.41	0.2502E-16
74.13	0.2855E-16
76.96	0.3248E-16
79.89	0.3684E-16
82.93	0.4166E-16
86.09	0.4698E-16
89.37	0.5285E-16
92.77	0.5930E-16
96.31	0.6637E-16
99.97	0.7411E-16
103.8	0.8257E-16
107.7	0.9178E-16
111.8	0.1018E-15
116.1	0.1127E-15
120.5	0.1245E-15
125.1	0.1373E-15
129.9	0.1511E-15
134.8	0.1660E-15
140.0	0.1820E-15
145.3	0.1993E-15
150.8	0.2178E-15
156.6	0.2376E-15
162.5	0.2587E-15
168.7	0.2813E-15
175.1	0.3054E-15
181.8	0.3310E-15
188.7	0.3582E-15
195.9	0.3870E-15
203.4	0.4175E-15
211.1	0.4497E-15
219.2	0.4836E-15
227.5	0.5194E-15
236.2	0.5569E-15
245.2	0.5963E-15
254.5	0.6375E-15
264.2	0.6805E-15
274.3	0.7254E-15
284.7	0.7722E-15
295.6	0.8208E-15
306.8	0.8711E-15
318.5	0.9233E-15
330.6	0.9772E-15
343.2	0.1033E-14
356.3	0.1090E-14
369.9	0.1149E-14
384.0	0.1210E-14
398.6	0.1272E-14
413.8	0.1335E-14
429.5	0.1400E-14
445.9	0.1466E-14
462.9	0.1533E-14
480.5	0.1602E-14
498.8	0.1672E-14
517.8	0.1742E-14
537.5	0.1813E-14
558.0	0.1886E-14
579.2	0.1958E-14
601.3	0.2032E-14
624.2	0.2106E-14
648.0	0.2180E-14
672.6	0.2255E-14
698.3	0.2330E-14
724.9	0.2405E-14
752.5	0.2480E-14
781.1	0.2555E-14
810.9	0.2630E-14
841.8	0.2705E-14
873.8	0.2780E-14
907.1	0.2854E-14
941.6	0.2927E-14
977.5	0.3000E-14
1015.	0.3072E-14
1053.	0.3144E-14
1094.	0.3215E-14
1135.	0.3285E-14
1178.	0.3354E-14
1223.	0.3421E-14
1270.	0.3488E-14
1318.	0.3554E-14
1368.	0.3618E-14
1421.	0.3681E-14
1475.	0.3743E-14
1531.	0.3803E-14
1589.	0.3862E-14
1650.	0.3919E-14
1712.	0.3974E-14
1778.	0.4028E-14
1845.	0.4080E-14
1916.	0.4130E-14
1989.	0.4178E-14
2064.	0.4224E-14
2143.	0.4268E-14
2225.	0.4310E-14
2309.	0.4350E-14
2397.	0.4388E-14
2489.	0.4424E-14
2583.	0.4457E-14
2682.	0.4488E-14
2784.	0.4516E-14
2890.	0.4542E-14
3000.	0.4566E-14
 
 
C15   O2    Ionization    12.07 eV                              
E/N (Td)	Rate coefficient (m3/s)
0.1000E-02	0.000
0.1038E-02	0.000
0.1078E-02	0.000
0.1119E-02	0.000
0.1161E-02	0.000
0.1205E-02	0.000
0.1251E-02	0.000
0.1299E-02	0.000
0.1349E-02	0.000
0.1400E-02	0.000
0.1453E-02	0.000
0.1509E-02	0.000
0.1566E-02	0.000
0.1626E-02	0.000
0.1688E-02	0.000
0.1752E-02	0.000
0.1819E-02	0.000
0.1888E-02	0.000
0.1960E-02	0.000
0.2034E-02	0.000
0.2112E-02	0.000
0.2192E-02	0.000
0.2276E-02	0.000
0.2362E-02	0.000
0.2452E-02	0.000
0.2546E-02	0.000
0.2643E-02	0.000
0.2743E-02	0.000
0.2848E-02	0.000
0.2956E-02	0.000
0.3069E-02	0.000
0.3186E-02	0.000
0.3307E-02	0.000
0.3433E-02	0.000
0.3564E-02	0.000
0.3700E-02	0.000
0.3841E-02	0.000
0.3987E-02	0.000
0.4139E-02	0.000
0.4296E-02	0.000
0.4460E-02	0.000
0.4630E-02	0.000
0.4806E-02	0.000
0.4989E-02	0.000
0.5179E-02	0.000
0.5377E-02	0.000
0.5581E-02	0.000
0.5794E-02	0.000
0.6015E-02	0.000
0.6244E-02	0.000
0.6481E-02	0.000
0.6728E-02	0.000
0.6985E-02	0.000
0.7251E-02	0.000
0.7527E-02	0.000
0.7813E-02	0.000
0.8111E-02	0.000
0.8420E-02	0.000
0.8741E-02	0.000
0.9073E-02	0.000
0.9419E-02	0.000
0.9778E-02	0.000
0.1015E-01	0.000
0.1054E-01	0.000
0.1094E-01	0.000
0.1135E-01	0.000
0.1179E-01	0.000
0.1224E-01	0.000
0.1270E-01	0.000
0.1319E-01	0.000
0.1369E-01	0.000
0.1421E-01	0.000
0.1475E-01	0.000
0.1531E-01	0.000
0.1590E-01	0.000
0.1650E-01	0.000
0.1713E-01	0.000
0.1778E-01	0.000
0.1846E-01	0.000
0.1916E-01	0.000
0.1989E-01	0.000
0.2065E-01	0.000
0.2144E-01	0.000
0.2225E-01	0.000
0.2310E-01	0.000
0.2398E-01	0.000
0.2489E-01	0.000
0.2584E-01	0.000
0.2682E-01	0.000
0.2785E-01	0.000
0.2891E-01	0.000
0.3001E-01	0.000
0.3115E-01	0.000
0.3234E-01	0.000
0.3357E-01	0.000
0.3485E-01	0.000
0.3617E-01	0.000
0.3755E-01	0.000
0.3898E-01	0.000
0.4047E-01	0.000
0.4201E-01	0.000
0.4361E-01	0.000
0.4527E-01	0.000
0.4699E-01	0.000
0.4878E-01	0.000
0.5064E-01	0.000
0.5257E-01	0.000
0.5457E-01	0.000
0.5665E-01	0.000
0.5881E-01	0.000
0.6105E-01	0.000
0.6337E-01	0.000
0.6579E-01	0.000
0.6829E-01	0.000
0.7089E-01	0.000
0.7359E-01	0.000
0.7640E-01	0.000
0.7931E-01	0.000
0.8233E-01	0.000
0.8546E-01	0.000
0.8872E-01	0.000
0.9210E-01	0.000
0.9560E-01	0.000
0.9924E-01	0.000
0.1030	0.000
0.1069	0.000
0.1110	0.000
0.1152	0.000
0.1196	0.000
0.1242	0.000
0.1289	0.000
0.1338	0.000
0.1389	0.000
0.1442	0.000
0.1497	0.000
0.1554	0.000
0.1613	0.000
0.1675	0.000
0.1739	0.000
0.1805	0.000
0.1874	0.000
0.1945	0.000
0.2019	0.000
0.2096	0.000
0.2176	0.000
0.2259	0.000
0.2345	0.000
0.2434	0.000
0.2527	0.000
0.2623	0.000
0.2723	0.000
0.2826	0.000
0.2934	0.000
0.3046	0.000
0.3162	0.000
0.3282	0.000
0.3407	0.000
0.3537	0.000
0.3672	0.000
0.3812	0.000
0.3957	0.000
0.4107	0.000
0.4264	0.000
0.4426	0.000
0.4595	0.000
0.4770	0.000
0.4952	0.000
0.5140	0.000
0.5336	0.000
0.5539	0.000
0.5750	0.000
0.5969	0.000
0.6196	0.000
0.6432	0.000
0.6677	0.000
0.6932	0.000
0.7196	0.000
0.7470	0.000
0.7754	0.000
0.8050	0.000
0.8356	0.000
0.8674	0.000
0.9005	0.000
0.9348	0.000
0.9704	0.000
1.007	0.000
1.046	0.000
1.086	0.000
1.127	0.000
1.170	0.000
1.214	0.000
1.261	0.000
1.309	0.000
1.358	0.000
1.410	0.000
1.464	0.000
1.520	0.000
1.578	0.000
1.638	0.000
1.700	0.000
1.765	0.000
1.832	0.000
1.902	0.000
1.974	0.000
2.049	0.000
2.127	0.000
2.208	0.000
2.293	0.000
2.380	0.000
2.470	0.000
2.565	0.000
2.662	0.000
2.764	0.000
2.869	0.000
2.978	0.000
3.092	0.000
3.209	0.000
3.332	0.000
3.458	0.000
3.590	0.000
3.727	0.000
3.869	0.000
4.016	0.000
4.169	0.000
4.328	0.000
4.493	0.000
4.664	0.000
4.841	0.000
5.026	0.000
5.217	0.000
5.416	0.000
5.622	0.000
5.836	0.000
6.059	0.000
6.289	0.000
6.529	0.000
6.778	0.000
7.036	0.000
7.304	0.000
7.582	0.000
7.871	0.000
8.170	0.000
8.482	0.000
8.805	0.000
9.140	0.000
9.488	0.000
9.849	0.000
10.22	0.2671E-30
10.61	0.9129E-30
11.02	0.2968E-29
11.44	0.9194E-29
11.87	0.2720E-28
12.33	0.7694E-28
12.80	0.2086E-27
13.28	0.5425E-27
13.79	0.1357E-26
14.31	0.1072E-25
14.86	0.2615E-25
15.42	0.6167E-25
16.01	0.1407E-24
16.62	0.3113E-24
17.25	0.6682E-24
17.91	0.1393E-23
18.59	0.2827E-23
19.30	0.5584E-23
20.04	0.1079E-22
20.80	0.2028E-22
21.59	0.3724E-22
22.42	0.6689E-22
23.27	0.1176E-21
24.16	0.2025E-21
25.08	0.3420E-21
26.03	0.5669E-21
27.02	0.9246E-21
28.05	0.1479E-20
29.12	0.2326E-20
30.23	0.3602E-20
31.38	0.5493E-20
32.57	0.8256E-20
33.82	0.1224E-19
35.10	0.1790E-19
36.44	0.2586E-19
37.83	0.3689E-19
39.27	0.5201E-19
40.76	0.7250E-19
42.32	0.9999E-19
43.93	0.1365E-18
45.60	0.1846E-18
47.34	0.2472E-18
49.14	0.3282E-18
51.01	0.4319E-18
52.96	0.5639E-18
54.97	0.7305E-18
57.07	0.9393E-18
59.24	0.1199E-17
61.50	0.1521E-17
63.84	0.1917E-17
66.27	0.2401E-17
68.79	0.2990E-17
71.41	0.3702E-17
74.13	0.4560E-17
76.96	0.5589E-17
79.89	0.6819E-17
82.93	0.8280E-17
86.09	0.1001E-16
89.37	0.1205E-16
92.77	0.1445E-16
96.31	0.1727E-16
99.97	0.2056E-16
103.8	0.2439E-16
107.7	0.2885E-16
111.8	0.3401E-16
116.1	0.3997E-16
120.5	0.4684E-16
125.1	0.5475E-16
129.9	0.6383E-16
134.8	0.7422E-16
140.0	0.8609E-16
145.3	0.9962E-16
150.8	0.1150E-15
156.6	0.1325E-15
162.5	0.1523E-15
168.7	0.1747E-15
175.1	0.2000E-15
181.8	0.2285E-15
188.7	0.2606E-15
195.9	0.2966E-15
203.4	0.3368E-15
211.1	0.3819E-15
219.2	0.4322E-15
227.5	0.4882E-15
236.2	0.5505E-15
245.2	0.6195E-15
254.5	0.6961E-15
264.2	0.7806E-15
274.3	0.8739E-15
284.7	0.9767E-15
295.6	0.1090E-14
306.8	0.1213E-14
318.5	0.1349E-14
330.6	0.1497E-14
343.2	0.1658E-14
356.3	0.1834E-14
369.9	0.2025E-14
384.0	0.2232E-14
398.6	0.2456E-14
413.8	0.2699E-14
429.5	0.2960E-14
445.9	0.3241E-14
462.9	0.3544E-14
480.5	0.3868E-14
498.8	0.4216E-14
517.8	0.4588E-14
537.5	0.4985E-14
558.0	0.5409E-14
579.2	0.5861E-14
601.3	0.6341E-14
624.2	0.6851E-14
648.0	0.7393E-14
672.6	0.7965E-14
698.3	0.8571E-14
724.9	0.9211E-14
752.5	0.9887E-14
781.1	0.1060E-13
810.9	0.1135E-13
841.8	0.1214E-13
873.8	0.1296E-13
907.1	0.1383E-13
941.6	0.1474E-13
977.5	0.1570E-13
1015.	0.1669E-13
1053.	0.1773E-13
1094.	0.1882E-13
1135.	0.1996E-13
1178.	0.2114E-13
1223.	0.2237E-13
1270.	0.2365E-13
1318.	0.2497E-13
1368.	0.2635E-13
1421.	0.2778E-13
1475.	0.2927E-13
1531.	0.3080E-13
1589.	0.3239E-13
1650.	0.3403E-13
1712.	0.3572E-13
1778.	0.3747E-13
1845.	0.3927E-13
1916.	0.4113E-13
1989.	0.4304E-13
2064.	0.4501E-13
2143.	0.4703E-13
2225.	0.4910E-13
2309.	0.5123E-13
2397.	0.5341E-13
2489.	0.5565E-13
2583.	0.5794E-13
2682.	0.6028E-13
2784.	0.6267E-13
2890.	0.6512E-13
3000.	0.6761E-13
 
 
C1    O2    Attachment                                          
E/N (Td)	Inverse rate coefficient (m2)
0.1000E-02	0.000
0.1038E-02	0.000
0.1078E-02	0.000
0.1119E-02	0.000
0.1161E-02	0.000
0.1205E-02	0.000
0.1251E-02	0.000
0.1299E-02	0.000
0.1349E-02	0.000
0.1400E-02	0.000
0.1453E-02	0.000
0.1509E-02	0.000
0.1566E-02	0.000
0.1626E-02	0.000
0.1688E-02	0.000
0.1752E-02	0.000
0.1819E-02	0.000
0.1888E-02	0.000
0.1960E-02	0.000
0.2034E-02	0.000
0.2112E-02	0.000
0.2192E-02	0.000
0.2276E-02	0.000
0.2362E-02	0.000
0.2452E-02	0.000
0.2546E-02	0.000
0.2643E-02	0.000
0.2743E-02	0.000
0.2848E-02	0.000
0.2956E-02	0.000
0.3069E-02	0.000
0.3186E-02	0.000
0.3307E-02	0.000
0.3433E-02	0.000
0.3564E-02	0.000
0.3700E-02	0.000
0.3841E-02	0.000
0.3987E-02	0.000
0.4139E-02	0.000
0.4296E-02	0.000
0.4460E-02	0.000
0.4630E-02	0.000
0.4806E-02	0.000
0.4989E-02	0.000
0.5179E-02	0.000
0.5377E-02	0.000
0.5581E-02	0.000
0.5794E-02	0.000
0.6015E-02	0.000
0.6244E-02	0.000
0.6481E-02	0.000
0.6728E-02	0.000
0.6985E-02	0.000
0.7251E-02	0.000
0.7527E-02	0.000
0.7813E-02	0.000
0.8111E-02	0.000
0.8420E-02	0.000
0.8741E-02	0.000
0.9073E-02	0.000
0.9419E-02	0.000
0.9778E-02	0.000
0.1015E-01	0.000
0.1054E-01	0.000
0.1094E-01	0.000
0.1135E-01	0.000
0.1179E-01	0.000
0.1224E-01	0.000
0.1270E-01	0.000
0.1319E-01	0.000
0.1369E-01	0.000
0.1421E-01	0.000
0.1475E-01	0.000
0.1531E-01	0.000
0.1590E-01	0.000
0.1650E-01	0.000
0.1713E-01	0.000
0.1778E-01	0.000
0.1846E-01	0.000
0.1916E-01	0.000
0.1989E-01	0.000
0.2065E-01	0.000
0.2144E-01	0.000
0.2225E-01	0.000
0.2310E-01	0.000
0.2398E-01	0.000
0.2489E-01	0.000
0.2584E-01	0.000
0.2682E-01	0.000
0.2785E-01	0.000
0.2891E-01	0.000
0.3001E-01	0.000
0.3115E-01	0.000
0.3234E-01	0.000
0.3357E-01	0.000
0.3485E-01	0.000
0.3617E-01	0.000
0.3755E-01	0.000
0.3898E-01	0.000
0.4047E-01	0.000
0.4201E-01	0.000
0.4361E-01	0.000
0.4527E-01	0.000
0.4699E-01	0.000
0.4878E-01	0.000
0.5064E-01	0.000
0.5257E-01	0.000
0.5457E-01	0.000
0.5665E-01	0.000
0.5881E-01	0.000
0.6105E-01	0.000
0.6337E-01	0.000
0.6579E-01	0.000
0.6829E-01	0.000
0.7089E-01	0.000
0.7359E-01	0.000
0.7640E-01	0.000
0.7931E-01	0.000
0.8233E-01	0.000
0.8546E-01	0.000
0.8872E-01	0.000
0.9210E-01	0.000
0.9560E-01	0.000
0.9924E-01	0.000
0.1030	0.000
0.1069	0.000
0.1110	0.000
0.1152	0.000
0.1196	0.000
0.1242	0.000
0.1289	0.000
0.1338	0.000
0.1389	0.000
0.1442	0.000
0.1497	0.000
0.1554	0.000
0.1613	0.000
0.1675	0.000
0.1739	0.000
0.1805	0.000
0.1874	0.000
0.1945	0.000
0.2019	0.000
0.2096	0.000
0.2176	0.000
0.2259	0.000
0.2345	0.000
0.2434	0.000
0.2527	0.000
0.2623	0.000
0.2723	0.000
0.2826	0.000
0.2934	0.000
0.3046	0.000
0.3162	0.000
0.3282	0.000
0.3407	0.000
0.3537	0.000
0.3672	0.000
0.3812	0.000
0.3957	0.000
0.4107	0.000
0.4264	0.000
0.4426	0.000
0.4595	0.000
0.4770	0.000
0.4952	0.000
0.5140	0.000
0.5336	0.000
0.5539	0.000
0.5750	0.000
0.5969	0.000
0.6196	0.000
0.6432	0.000
0.6677	0.000
0.6932	0.000
0.7196	0.000
0.7470	0.000
0.7754	0.000
0.8050	0.000
0.8356	0.000
0.8674	0.000
0.9005	0.000
0.9348	0.000
0.9704	0.000
1.007	0.000
1.046	0.000
1.086	0.000
1.127	0.000
1.170	0.000
1.214	0.000
1.261	0.000
1.309	0.000
1.358	0.000
1.410	0.000
1.464	0.000
1.520	0.000
1.578	0.000
1.638	0.000
1.700	0.000
1.765	0.000
1.832	0.000
1.902	0.000
1.974	0.000
2.049	0.000
2.127	0.000
2.208	0.000
2.293	0.000
2.380	0.000
2.470	0.000
2.565	0.000
2.662	0.000
2.764	0.000
2.869	0.000
2.978	0.000
3.092	0.000
3.209	0.000
3.332	0.000
3.458	0.000
3.590	0.000
3.727	0.000
3.869	0.000
4.016	0.000
4.169	0.000
4.328	0.000
4.493	0.000
4.664	0.000
4.841	0.000
5.026	0.000
5.217	0.000
5.416	0.000
5.622	0.000
5.836	0.000
6.059	0.000
6.289	0.000
6.529	0.000
6.778	0.000
7.036	0.000
7.304	0.000
7.582	0.000
7.871	0.000
8.170	0.000
8.482	0.000
8.805	0.000
9.140	0.000
9.488	0.000
9.849	0.000
10.22	0.000
10.61	0.000
11.02	0.000
11.44	0.000
11.87	0.000
12.33	0.000
12.80	0.000
13.28	0.000
13.79	0.000
14.31	0.000
14.86	0.000
15.42	0.000
16.01	0.000
16.62	0.000
17.25	0.000
17.91	0.000
18.59	0.000
19.30	0.000
20.04	0.000
20.80	0.000
21.59	0.000
22.42	0.000
23.27	0.000
24.16	0.000
25.08	0.000
26.03	0.000
27.02	0.000
28.05	0.000
29.12	0.000
30.23	0.000
31.38	0.000
32.57	0.000
33.82	0.000
35.10	0.000
36.44	0.000
37.83	0.000
39.27	0.000
40.76	0.000
42.32	0.000
43.93	0.000
45.60	0.000
47.34	0.000
49.14	0.000
51.01	0.000
52.96	0.000
54.97	0.000
57.07	0.000
59.24	0.000
61.50	0.000
63.84	0.000
66.27	0.000
68.79	0.000
71.41	0.000
74.13	0.000
76.96	0.000
79.89	0.000
82.93	0.000
86.09	0.000
89.37	0.000
92.77	0.000
96.31	0.000
99.97	0.000
103.8	0.000
107.7	0.000
111.8	0.000
116.1	0.000
120.5	0.000
125.1	0.000
129.9	0.000
134.8	0.000
140.0	0.000
145.3	0.000
150.8	0.000
156.6	0.000
162.5	0.000
168.7	0.000
175.1	0.000
181.8	0.000
188.7	0.000
195.9	0.000
203.4	0.000
211.1	0.000
219.2	0.000
227.5	0.000
236.2	0.000
245.2	0.000
254.5	0.000
264.2	0.000
274.3	0.000
284.7	0.000
295.6	0.000
306.8	0.000
318.5	0.000
330.6	0.000
343.2	0.000
356.3	0.000
369.9	0.000
384.0	0.000
398.6	0.000
413.8	0.000
429.5	0.000
445.9	0.000
462.9	0.000
480.5	0.000
498.8	0.000
517.8	0.000
537.5	0.000
558.0	0.000
579.2	0.000
601.3	0.000
624.2	0.000
648.0	0.000
672.6	0.000
698.3	0.000
724.9	0.000
752.5	0.000
781.1	0.000
810.9	0.000
841.8	0.000
873.8	0.000
907.1	0.000
941.6	0.000
977.5	0.000
1015.	0.000
1053.	0.000
1094.	0.000
1135.	0.000
1178.	0.000
1223.	0.000
1270.	0.000
1318.	0.000
1368.	0.000
1421.	0.000
1475.	0.000
1531.	0.000
1589.	0.000
1650.	0.000
1712.	0.000
1778.	0.000
1845.	0.000
1916.	0.000
1989.	0.000
2064.	0.000
2143.	0.000
2225.	0.000
2309.	0.000
2397.	0.000
2489.	0.000
2583.	0.000
2682.	0.000
2784.	0.000
2890.	0.000
3000.	0.000
 
 
C2    O2    Attachment                                          
E/N (Td)	Inverse rate coefficient (m2)
0.1000E-02	0.000
0.1038E-02	0.000
0.1078E-02	0.000
0.1119E-02	0.000
0.1161E-02	0.000
0.1205E-02	0.000
0.1251E-02	0.000
0.1299E-02	0.000
0.1349E-02	0.000
0.1400E-02	0.000
0.1453E-02	0.000
0.1509E-02	0.000
0.1566E-02	0.000
0.1626E-02	0.000
0.1688E-02	0.000
0.1752E-02	0.000
0.1819E-02	0.000
0.1888E-02	0.000
0.1960E-02	0.000
0.2034E-02	0.000
0.2112E-02	0.000
0.2192E-02	0.000
0.2276E-02	0.000
0.2362E-02	0.000
0.2452E-02	0.000
0.2546E-02	0.000
0.2643E-02	0.000
0.2743E-02	0.000
0.2848E-02	0.000
0.2956E-02	0.000
0.3069E-02	0.000
0.3186E-02	0.000
0.3307E-02	0.000
0.3433E-02	0.000
0.3564E-02	0.000
0.3700E-02	0.000
0.3841E-02	0.000
0.3987E-02	0.000
0.4139E-02	0.000
0.4296E-02	0.000
0.4460E-02	0.000
0.4630E-02	0.000
0.4806E-02	0.000
0.4989E-02	0.000
0.5179E-02	0.000
0.5377E-02	0.000
0.5581E-02	0.000
0.5794E-02	0.000
0.6015E-02	0.000
0.6244E-02	0.000
0.6481E-02	0.000
0.6728E-02	0.000
0.6985E-02	0.000
0.7251E-02	0.000
0.7527E-02	0.000
0.7813E-02	0.000
0.8111E-02	0.000
0.8420E-02	0.000
0.8741E-02	0.000
0.9073E-02	0.000
0.9419E-02	0.000
0.9778E-02	0.000
0.1015E-01	0.000
0.1054E-01	0.000
0.1094E-01	0.000
0.1135E-01	0.000
0.1179E-01	0.000
0.1224E-01	0.000
0.1270E-01	0.000
0.1319E-01	0.000
0.1369E-01	0.000
0.1421E-01	0.000
0.1475E-01	0.000
0.1531E-01	0.000
0.1590E-01	0.000
0.1650E-01	0.000
0.1713E-01	0.000
0.1778E-01	0.000
0.1846E-01	0.000
0.1916E-01	0.000
0.1989E-01	0.000
0.2065E-01	0.000
0.2144E-01	0.000
0.2225E-01	0.000
0.2310E-01	0.000
0.2398E-01	0.000
0.2489E-01	0.000
0.2584E-01	0.000
0.2682E-01	0.000
0.2785E-01	0.000
0.2891E-01	0.000
0.3001E-01	0.000
0.3115E-01	0.000
0.3234E-01	0.000
0.3357E-01	0.000
0.3485E-01	0.000
0.3617E-01	0.000
0.3755E-01	0.000
0.3898E-01	0.000
0.4047E-01	0.000
0.4201E-01	0.000
0.4361E-01	0.000
0.4527E-01	0.000
0.4699E-01	0.000
0.4878E-01	0.000
0.5064E-01	0.000
0.5257E-01	0.000
0.5457E-01	0.000
0.5665E-01	0.000
0.5881E-01	0.000
0.6105E-01	0.000
0.6337E-01	0.000
0.6579E-01	0.000
0.6829E-01	0.000
0.7089E-01	0.000
0.7359E-01	0.000
0.7640E-01	0.000
0.7931E-01	0.000
0.8233E-01	0.000
0.8546E-01	0.000
0.8872E-01	0.000
0.9210E-01	0.000
0.9560E-01	0.000
0.9924E-01	0.000
0.1030	0.000
0.1069	0.000
0.1110	0.000
0.1152	0.000
0.1196	0.000
0.1242	0.000
0.1289	0.000
0.1338	0.000
0.1389	0.000
0.1442	0.000
0.1497	0.000
0.1554	0.000
0.1613	0.000
0.1675	0.000
0.1739	0.000
0.1805	0.000
0.1874	0.000
0.1945	0.000
0.2019	0.000
0.2096	0.000
0.2176	0.000
0.2259	0.000
0.2345	0.000
0.2434	0.000
0.2527	0.000
0.2623	0.000
0.2723	0.000
0.2826	0.000
0.2934	0.000
0.3046	0.000
0.3162	0.000
0.3282	0.000
0.3407	0.000
0.3537	0.000
0.3672	0.000
0.3812	0.000
0.3957	0.000
0.4107	0.000
0.4264	0.000
0.4426	0.000
0.4595	0.000
0.4770	0.000
0.4952	0.000
0.5140	0.000
0.5336	0.000
0.5539	0.000
0.5750	0.000
0.5969	0.000
0.6196	0.000
0.6432	0.000
0.6677	0.000
0.6932	0.000
0.7196	0.000
0.7470	0.000
0.7754	0.000
0.8050	0.000
0.8356	0.000
0.8674	0.000
0.9005	0.000
0.9348	0.000
0.9704	0.000
1.007	0.000
1.046	0.000
1.086	0.000
1.127	0.000
1.170	0.000
1.214	0.000
1.261	0.000
1.309	0.000
1.358	0.000
1.410	0.000
1.464	0.000
1.520	0.000
1.578	0.000
1.638	0.000
1.700	0.000
1.765	0.000
1.832	0.000
1.902	0.000
1.974	0.000
2.049	0.000
2.127	0.000
2.208	0.000
2.293	0.000
2.380	0.000
2.470	0.000
2.565	0.000
2.662	0.000
2.764	0.000
2.869	0.000
2.978	0.000
3.092	0.000
3.209	0.000
3.332	0.000
3.458	0.000
3.590	0.000
3.727	0.000
3.869	0.000
4.016	0.000
4.169	0.000
4.328	0.000
4.493	0.000
4.664	0.000
4.841	0.000
5.026	0.000
5.217	0.000
5.416	0.000
5.622	0.000
5.836	0.000
6.059	0.000
6.289	0.000
6.529	0.000
6.778	0.000
7.036	0.000
7.304	0.000
7.582	0.000
7.871	0.000
8.170	0.000
8.482	0.000
8.805	0.000
9.140	0.000
9.488	0.000
9.849	0.000
10.22	0.000
10.61	0.000
11.02	0.000
11.44	0.000
11.87	0.000
12.33	0.000
12.80	0.000
13.28	0.000
13.79	0.000
14.31	0.000
14.86	0.000
15.42	0.000
16.01	0.000
16.62	0.000
17.25	0.000
17.91	0.000
18.59	0.000
19.30	0.000
20.04	0.000
20.80	0.000
21.59	0.000
22.42	0.000
23.27	0.000
24.16	0.000
25.08	0.000
26.03	0.000
27.02	0.000
28.05	0.000
29.12	0.000
30.23	0.000
31.38	0.000
32.57	0.000
33.82	0.000
35.10	0.000
36.44	0.000
37.83	0.000
39.27	0.000
40.76	0.000
42.32	0.000
43.93	0.000
45.60	0.000
47.34	0.000
49.14	0.000
51.01	0.000
52.96	0.000
54.97	0.000
57.07	0.000
59.24	0.000
61.50	0.000
63.84	0.000
66.27	0.000
68.79	0.000
71.41	0.000
74.13	0.000
76.96	0.000
79.89	0.000
82.93	0.000
86.09	0.000
89.37	0.000
92.77	0.000
96.31	0.000
99.97	0.000
103.8	0.000
107.7	0.000
111.8	0.000
116.1	0.000
120.5	0.000
125.1	0.000
129.9	0.000
134.8	0.000
140.0	0.000
145.3	0.000
150.8	0.000
156.6	0.000
162.5	0.000
168.7	0.000
175.1	0.000
181.8	0.000
188.7	0.000
195.9	0.000
203.4	0.000
211.1	0.000
219.2	0.000
227.5	0.000
236.2	0.000
245.2	0.000
254.5	0.000
264.2	0.000
274.3	0.000
284.7	0.000
295.6	0.000
306.8	0.000
318.5	0.000
330.6	0.000
343.2	0.000
356.3	0.000
369.9	0.000
384.0	0.000
398.6	0.000
413.8	0.000
429.5	0.000
445.9	0.000
462.9	0.000
480.5	0.000
498.8	0.000
517.8	0.000
537.5	0.000
558.0	0.000
579.2	0.000
601.3	0.000
624.2	0.000
648.0	0.000
672.6	0.000
698.3	0.000
724.9	0.000
752.5	0.000
781.1	0.000
810.9	0.000
841.8	0.000
873.8	0.000
907.1	0.000
941.6	0.000
977.5	0.000
1015.	0.000
1053.	0.000
1094.	0.000
1135.	0.000
1178.	0.000
1223.	0.000
1270.	0.000
1318.	0.000
1368.	0.000
1421.	0.000
1475.	0.000
1531.	0.000
1589.	0.000
1650.	0.000
1712.	0.000
1778.	0.000
1845.	0.000
1916.	0.000
1989.	0.000
2064.	0.000
2143.	0.000
2225.	0.000
2309.	0.000
2397.	0.000
2489.	0.000
2583.	0.000
2682.	0.000
2784.	0.000
2890.	0.000
3000.	0.000
 
 
C3    O2    Elastic                                             
E/N (Td)	Inverse rate coefficient (m2)
0.1000E-02	0.000
0.1038E-02	0.000
0.1078E-02	0.000
0.1119E-02	0.000
0.1161E-02	0.000
0.1205E-02	0.000
0.1251E-02	0.000
0.1299E-02	0.000
0.1349E-02	0.000
0.1400E-02	0.000
0.1453E-02	0.000
0.1509E-02	0.000
0.1566E-02	0.000
0.1626E-02	0.000
0.1688E-02	0.000
0.1752E-02	0.000
0.1819E-02	0.000
0.1888E-02	0.000
0.1960E-02	0.000
0.2034E-02	0.000
0.2112E-02	0.000
0.2192E-02	0.000
0.2276E-02	0.000
0.2362E-02	0.000
0.2452E-02	0.000
0.2546E-02	0.000
0.2643E-02	0.000
0.2743E-02	0.000
0.2848E-02	0.000
0.2956E-02	0.000
0.3069E-02	0.000
0.3186E-02	0.000
0.3307E-02	0.000
0.3433E-02	0.000
0.3564E-02	0.000
0.3700E-02	0.000
0.3841E-02	0.000
0.3987E-02	0.000
0.4139E-02	0.000
0.4296E-02	0.000
0.4460E-02	0.000
0.4630E-02	0.000
0.4806E-02	0.000
0.4989E-02	0.000
0.5179E-02	0.000
0.5377E-02	0.000
0.5581E-02	0.000
0.5794E-02	0.000
0.6015E-02	0.000
0.6244E-02	0.000
0.6481E-02	0.000
0.6728E-02	0.000
0.6985E-02	0.000
0.7251E-02	0.000
0.7527E-02	0.000
0.7813E-02	0.000
0.8111E-02	0.000
0.8420E-02	0.000
0.8741E-02	0.000
0.9073E-02	0.000
0.9419E-02	0.000
0.9778E-02	0.000
0.1015E-01	0.000
0.1054E-01	0.000
0.1094E-01	0.000
0.1135E-01	0.000
0.1179E-01	0.000
0.1224E-01	0.000
0.1270E-01	0.000
0.1319E-01	0.000
0.1369E-01	0.000
0.1421E-01	0.000
0.1475E-01	0.000
0.1531E-01	0.000
0.1590E-01	0.000
0.1650E-01	0.000
0.1713E-01	0.000
0.1778E-01	0.000
0.1846E-01	0.000
0.1916E-01	0.000
0.1989E-01	0.000
0.2065E-01	0.000
0.2144E-01	0.000
0.2225E-01	0.000
0.2310E-01	0.000
0.2398E-01	0.000
0.2489E-01	0.000
0.2584E-01	0.000
0.2682E-01	0.000
0.2785E-01	0.000
0.2891E-01	0.000
0.3001E-01	0.000
0.3115E-01	0.000
0.3234E-01	0.000
0.3357E-01	0.000
0.3485E-01	0.000
0.3617E-01	0.000
0.3755E-01	0.000
0.3898E-01	0.000
0.4047E-01	0.000
0.4201E-01	0.000
0.4361E-01	0.000
0.4527E-01	0.000
0.4699E-01	0.000
0.4878E-01	0.000
0.5064E-01	0.000
0.5257E-01	0.000
0.5457E-01	0.000
0.5665E-01	0.000
0.5881E-01	0.000
0.6105E-01	0.000
0.6337E-01	0.000
0.6579E-01	0.000
0.6829E-01	0.000
0.7089E-01	0.000
0.7359E-01	0.000
0.7640E-01	0.000
0.7931E-01	0.000
0.8233E-01	0.000
0.8546E-01	0.000
0.8872E-01	0.000
0.9210E-01	0.000
0.9560E-01	0.000
0.9924E-01	0.000
0.1030	0.000
0.1069	0.000
0.1110	0.000
0.1152	0.000
0.1196	0.000
0.1242	0.000
0.1289	0.000
0.1338	0.000
0.1389	0.000
0.1442	0.000
0.1497	0.000
0.1554	0.000
0.1613	0.000
0.1675	0.000
0.1739	0.000
0.1805	0.000
0.1874	0.000
0.1945	0.000
0.2019	0.000
0.2096	0.000
0.2176	0.000
0.2259	0.000
0.2345	0.000
0.2434	0.000
0.2527	0.000
0.2623	0.000
0.2723	0.000
0.2826	0.000
0.2934	0.000
0.3046	0.000
0.3162	0.000
0.3282	0.000
0.3407	0.000
0.3537	0.000
0.3672	0.000
0.3812	0.000
0.3957	0.000
0.4107	0.000
0.4264	0.000
0.4426	0.000
0.4595	0.000
0.4770	0.000
0.4952	0.000
0.5140	0.000
0.5336	0.000
0.5539	0.000
0.5750	0.000
0.5969	0.000
0.6196	0.000
0.6432	0.000
0.6677	0.000
0.6932	0.000
0.7196	0.000
0.7470	0.000
0.7754	0.000
0.8050	0.000
0.8356	0.000
0.8674	0.000
0.9005	0.000
0.9348	0.000
0.9704	0.000
1.007	0.000
1.046	0.000
1.086	0.000
1.127	0.000
1.170	0.000
1.214	0.000
1.261	0.000
1.309	0.000
1.358	0.000
1.410	0.000
1.464	0.000
1.520	0.000
1.578	0.000
1.638	0.000
1.700	0.000
1.765	0.000
1.832	0.000
1.902	0.000
1.974	0.000
2.049	0.000
2.127	0.000
2.208	0.000
2.293	0.000
2.380	0.000
2.470	0.000
2.565	0.000
2.662	0.000
2.764	0.000
2.869	0.000
2.978	0.000
3.092	0.000
3.209	0.000
3.332	0.000
3.458	0.000
3.590	0.000
3.727	0.000
3.869	0.000
4.016	0.000
4.169	0.000
4.328	0.000
4.493	0.000
4.664	0.000
4.841	0.000
5.026	0.000
5.217	0.000
5.416	0.000
5.622	0.000
5.836	0.000
6.059	0.000
6.289	0.000
6.529	0.000
6.778	0.000
7.036	0.000
7.304	0.000
7.582	0.000
7.871	0.000
8.170	0.000
8.482	0.000
8.805	0.000
9.140	0.000
9.488	0.000
9.849	0.000
10.22	0.000
10.61	0.000
11.02	0.000
11.44	0.000
11.87	0.000
12.33	0.000
12.80	0.000
13.28	0.000
13.79	0.000
14.31	0.000
14.86	0.000
15.42	0.000
16.01	0.000
16.62	0.000
17.25	0.000
17.91	0.000
18.59	0.000
19.30	0.000
20.04	0.000
20.80	0.000
21.59	0.000
22.42	0.000
23.27	0.000
24.16	0.000
25.08	0.000
26.03	0.000
27.02	0.000
28.05	0.000
29.12	0.000
30.23	0.000
31.38	0.000
32.57	0.000
33.82	0.000
35.10	0.000
36.44	0.000
37.83	0.000
39.27	0.000
40.76	0.000
42.32	0.000
43.93	0.000
45.60	0.000
47.34	0.000
49.14	0.000
51.01	0.000
52.96	0.000
54.97	0.000
57.07	0.000
59.24	0.000
61.50	0.000
63.84	0.000
66.27	0.000
68.79	0.000
71.41	0.000
74.13	0.000
76.96	0.000
79.89	0.000
82.93	0.000
86.09	0.000
89.37	0.000
92.77	0.000
96.31	0.000
99.97	0.000
103.8	0.000
107.7	0.000
111.8	0.000
116.1	0.000
120.5	0.000
125.1	0.000
129.9	0.000
134.8	0.000
140.0	0.000
145.3	0.000
150.8	0.000
156.6	0.000
162.5	0.000
168.7	0.000
175.1	0.000
181.8	0.000
188.7	0.000
195.9	0.000
203.4	0.000
211.1	0.000
219.2	0.000
227.5	0.000
236.2	0.000
245.2	0.000
254.5	0.000
264.2	0.000
274.3	0.000
284.7	0.000
295.6	0.000
306.8	0.000
318.5	0.000
330.6	0.000
343.2	0.000
356.3	0.000
369.9	0.000
384.0	0.000
398.6	0.000
413.8	0.000
429.5	0.000
445.9	0.000
462.9	0.000
480.5	0.000
498.8	0.000
517.8	0.000
537.5	0.000
558.0	0.000
579.2	0.000
601.3	0.000
624.2	0.000
648.0	0.000
672.6	0.000
698.3	0.000
724.9	0.000
752.5	0.000
781.1	0.000
810.9	0.000
841.8	0.000
873.8	0.000
907.1	0.000
941.6	0.000
977.5	0.000
1015.	0.000
1053.	0.000
1094.	0.000
1135.	0.000
1178.	0.000
1223.	0.000
1270.	0.000
1318.	0.000
1368.	0.000
1421.	0.000
1475.	0.000
1531.	0.000
1589.	0.000
1650.	0.000
1712.	0.000
1778.	0.000
1845.	0.000
1916.	0.000
1989.	0.000
2064.	0.000
2143.	0.000
2225.	0.000
2309.	0.000
2397.	0.000
2489.	0.000
2583.	0.000
2682.	0.000
2784.	0.000
2890.	0.000
3000.	0.000
 
 
C4    O2    Excitation    0.020 eV                              
E/N (Td)	Inverse rate coefficient (m2)
0.1000E-02	0.1992E-16
0.1038E-02	0.1992E-16
0.1078E-02	0.1992E-16
0.1119E-02	0.1992E-16
0.1161E-02	0.1992E-16
0.1205E-02	0.1992E-16
0.1251E-02	0.1992E-16
0.1299E-02	0.1992E-16
0.1349E-02	0.1992E-16
0.1400E-02	0.1992E-16
0.1453E-02	0.1992E-16
0.1509E-02	0.1992E-16
0.1566E-02	0.1992E-16
0.1626E-02	0.1992E-16
0.1688E-02	0.1992E-16
0.1752E-02	0.1992E-16
0.1819E-02	0.1992E-16
0.1888E-02	0.1992E-16
0.1960E-02	0.1992E-16
0.2034E-02	0.1992E-16
0.2112E-02	0.1992E-16
0.2192E-02	0.1992E-16
0.2276E-02	0.1992E-16
0.2362E-02	0.1992E-16
0.2452E-02	0.1992E-16
0.2546E-02	0.1992E-16
0.2643E-02	0.1992E-16
0.2743E-02	0.1992E-16
0.2848E-02	0.1992E-16
0.2956E-02	0.1992E-16
0.3069E-02	0.1992E-16
0.3186E-02	0.1992E-16
0.3307E-02	0.1992E-16
0.3433E-02	0.1992E-16
0.3564E-02	0.1992E-16
0.3700E-02	0.1992E-16
0.3841E-02	0.1992E-16
0.3987E-02	0.1992E-16
0.4139E-02	0.1993E-16
0.4296E-02	0.1993E-16
0.4460E-02	0.1993E-16
0.4630E-02	0.1993E-16
0.4806E-02	0.1993E-16
0.4989E-02	0.1993E-16
0.5179E-02	0.1993E-16
0.5377E-02	0.1993E-16
0.5581E-02	0.1994E-16
0.5794E-02	0.1994E-16
0.6015E-02	0.1994E-16
0.6244E-02	0.1994E-16
0.6481E-02	0.1995E-16
0.6728E-02	0.1995E-16
0.6985E-02	0.1995E-16
0.7251E-02	0.1996E-16
0.7527E-02	0.1996E-16
0.7813E-02	0.1997E-16
0.8111E-02	0.1997E-16
0.8420E-02	0.1998E-16
0.8741E-02	0.1999E-16
0.9073E-02	0.1999E-16
0.9419E-02	0.2000E-16
0.9778E-02	0.2001E-16
0.1015E-01	0.2002E-16
0.1054E-01	0.2003E-16
0.1094E-01	0.2004E-16
0.1135E-01	0.2005E-16
0.1179E-01	0.2006E-16
0.1224E-01	0.2008E-16
0.1270E-01	0.2009E-16
0.1319E-01	0.2011E-16
0.1369E-01	0.2012E-16
0.1421E-01	0.2014E-16
0.1475E-01	0.2016E-16
0.1531E-01	0.2018E-16
0.1590E-01	0.2021E-16
0.1650E-01	0.2023E-16
0.1713E-01	0.2025E-16
0.1778E-01	0.2028E-16
0.1846E-01	0.2031E-16
0.1916E-01	0.2034E-16
0.1989E-01	0.2037E-16
0.2065E-01	0.2041E-16
0.2144E-01	0.2044E-16
0.2225E-01	0.2048E-16
0.2310E-01	0.2052E-16
0.2398E-01	0.2056E-16
0.2489E-01	0.2060E-16
0.2584E-01	0.2065E-16
0.2682E-01	0.2069E-16
0.2785E-01	0.2074E-16
0.2891E-01	0.2079E-16
0.3001E-01	0.2084E-16
0.3115E-01	0.2089E-16
0.3234E-01	0.2095E-16
0.3357E-01	0.2100E-16
0.3485E-01	0.2105E-16
0.3617E-01	0.2111E-16
0.3755E-01	0.2117E-16
0.3898E-01	0.2123E-16
0.4047E-01	0.2129E-16
0.4201E-01	0.2134E-16
0.4361E-01	0.2140E-16
0.4527E-01	0.2146E-16
0.4699E-01	0.2152E-16
0.4878E-01	0.2158E-16
0.5064E-01	0.2165E-16
0.5257E-01	0.2171E-16
0.5457E-01	0.2177E-16
0.5665E-01	0.2183E-16
0.5881E-01	0.2189E-16
0.6105E-01	0.2195E-16
0.6337E-01	0.2200E-16
0.6579E-01	0.2206E-16
0.6829E-01	0.2212E-16
0.7089E-01	0.2218E-16
0.7359E-01	0.2224E-16
0.7640E-01	0.2230E-16
0.7931E-01	0.2235E-16
0.8233E-01	0.2241E-16
0.8546E-01	0.2246E-16
0.8872E-01	0.2252E-16
0.9210E-01	0.2257E-16
0.9560E-01	0.2263E-16
0.9924E-01	0.2268E-16
0.1030	0.2274E-16
0.1069	0.2279E-16
0.1110	0.2285E-16
0.1152	0.2290E-16
0.1196	0.2296E-16
0.1242	0.2301E-16
0.1289	0.2307E-16
0.1338	0.2313E-16
0.1389	0.2319E-16
0.1442	0.2324E-16
0.1497	0.2330E-16
0.1554	0.2337E-16
0.1613	0.2343E-16
0.1675	0.2349E-16
0.1739	0.2356E-16
0.1805	0.2363E-16
0.1874	0.2370E-16
0.1945	0.2378E-16
0.2019	0.2386E-16
0.2096	0.2394E-16
0.2176	0.2402E-16
0.2259	0.2411E-16
0.2345	0.2420E-16
0.2434	0.2429E-16
0.2527	0.2439E-16
0.2623	0.2449E-16
0.2723	0.2460E-16
0.2826	0.2471E-16
0.2934	0.2482E-16
0.3046	0.2494E-16
0.3162	0.2506E-16
0.3282	0.2519E-16
0.3407	0.2532E-16
0.3537	0.2546E-16
0.3672	0.2560E-16
0.3812	0.2575E-16
0.3957	0.2590E-16
0.4107	0.2605E-16
0.4264	0.2621E-16
0.4426	0.2638E-16
0.4595	0.2655E-16
0.4770	0.2672E-16
0.4952	0.2690E-16
0.5140	0.2708E-16
0.5336	0.2727E-16
0.5539	0.2747E-16
0.5750	0.2767E-16
0.5969	0.2788E-16
0.6196	0.2809E-16
0.6432	0.2830E-16
0.6677	0.2853E-16
0.6932	0.2876E-16
0.7196	0.2900E-16
0.7470	0.2924E-16
0.7754	0.2950E-16
0.8050	0.2976E-16
0.8356	0.3003E-16
0.8674	0.3032E-16
0.9005	0.3060E-16
0.9348	0.3091E-16
0.9704	0.3122E-16
1.007	0.3155E-16
1.046	0.3190E-16
1.086	0.3225E-16
1.127	0.3263E-16
1.170	0.3302E-16
1.214	0.3341E-16
1.261	0.3383E-16
1.309	0.3428E-16
1.358	0.3475E-16
1.410	0.3529E-16
1.464	0.3580E-16
1.520	0.3633E-16
1.578	0.3690E-16
1.638	0.3749E-16
1.700	0.3814E-16
1.765	0.3881E-16
1.832	0.3952E-16
1.902	0.4027E-16
1.974	0.4109E-16
2.049	0.4194E-16
2.127	0.4290E-16
2.208	0.4396E-16
2.293	0.4512E-16
2.380	0.4640E-16
2.470	0.4783E-16
2.565	0.4944E-16
2.662	0.5131E-16
2.764	0.5339E-16
2.869	0.5575E-16
2.978	0.5841E-16
3.092	0.6142E-16
3.209	0.6482E-16
3.332	0.6864E-16
3.458	0.7121E-16
3.590	0.7582E-16
3.727	0.8096E-16
3.869	0.8668E-16
4.016	0.9298E-16
4.169	0.9990E-16
4.328	0.1074E-15
4.493	0.1156E-15
4.664	0.1244E-15
4.841	0.1337E-15
5.026	0.1451E-15
5.217	0.1556E-15
5.416	0.1665E-15
5.622	0.1778E-15
5.836	0.1894E-15
6.059	0.2012E-15
6.289	0.2133E-15
6.529	0.2255E-15
6.778	0.2378E-15
7.036	0.2501E-15
7.304	0.2632E-15
7.582	0.2753E-15
7.871	0.2873E-15
8.170	0.2991E-15
8.482	0.3106E-15
8.805	0.3219E-15
9.140	0.3329E-15
9.488	0.3436E-15
9.849	0.3539E-15
10.22	0.3647E-15
10.61	0.3743E-15
11.02	0.3836E-15
11.44	0.3925E-15
11.87	0.4011E-15
12.33	0.4094E-15
12.80	0.4173E-15
13.28	0.4250E-15
13.79	0.4323E-15
14.31	0.4395E-15
14.86	0.4462E-15
15.42	0.4527E-15
16.01	0.4589E-15
16.62	0.4649E-15
17.25	0.4706E-15
17.91	0.4762E-15
18.59	0.4816E-15
19.30	0.4868E-15
20.04	0.4912E-15
20.80	0.4962E-15
21.59	0.5010E-15
22.42	0.5058E-15
23.27	0.5104E-15
24.16	0.5150E-15
25.08	0.5195E-15
26.03	0.5239E-15
27.02	0.5286E-15
28.05	0.5329E-15
29.12	0.5372E-15
30.23	0.5414E-15
31.38	0.5457E-15
32.57	0.5499E-15
33.82	0.5541E-15
35.10	0.5583E-15
36.44	0.5627E-15
37.83	0.5669E-15
39.27	0.5712E-15
40.76	0.5754E-15
42.32	0.5798E-15
43.93	0.5841E-15
45.60	0.5885E-15
47.34	0.5929E-15
49.14	0.5973E-15
51.01	0.6018E-15
52.96	0.6064E-15
54.97	0.6110E-15
57.07	0.6156E-15
59.24	0.6203E-15
61.50	0.6251E-15
63.84	0.6298E-15
66.27	0.6347E-15
68.79	0.6397E-15
71.41	0.6447E-15
74.13	0.6498E-15
76.96	0.6549E-15
79.89	0.6602E-15
82.93	0.6655E-15
86.09	0.6708E-15
89.37	0.6763E-15
92.77	0.6818E-15
96.31	0.6874E-15
99.97	0.6931E-15
103.8	0.6988E-15
107.7	0.7047E-15
111.8	0.7106E-15
116.1	0.7167E-15
120.5	0.7228E-15
125.1	0.7290E-15
129.9	0.7354E-15
134.8	0.7418E-15
140.0	0.7483E-15
145.3	0.7550E-15
150.8	0.7617E-15
156.6	0.7686E-15
162.5	0.7756E-15
168.7	0.7827E-15
175.1	0.7899E-15
181.8	0.7973E-15
188.7	0.8047E-15
195.9	0.8123E-15
203.4	0.8201E-15
211.1	0.8280E-15
219.2	0.8360E-15
227.5	0.8441E-15
236.2	0.8524E-15
245.2	0.8608E-15
254.5	0.8694E-15
264.2	0.8781E-15
274.3	0.8869E-15
284.7	0.8959E-15
295.6	0.9050E-15
306.8	0.9143E-15
318.5	0.9236E-15
330.6	0.9331E-15
343.2	0.9427E-15
356.3	0.9524E-15
369.9	0.9623E-15
384.0	0.9723E-15
398.6	0.9823E-15
413.8	0.9925E-15
429.5	0.1003E-14
445.9	0.1013E-14
462.9	0.1024E-14
480.5	0.1034E-14
498.8	0.1045E-14
517.8	0.1055E-14
537.5	0.1066E-14
558.0	0.1077E-14
579.2	0.1087E-14
601.3	0.1098E-14
624.2	0.1109E-14
648.0	0.1120E-14
672.6	0.1131E-14
698.3	0.1142E-14
724.9	0.1153E-14
752.5	0.1163E-14
781.1	0.1174E-14
810.9	0.1185E-14
841.8	0.1196E-14
873.8	0.1206E-14
907.1	0.1217E-14
941.6	0.1227E-14
977.5	0.1237E-14
1015.	0.1248E-14
1053.	0.1258E-14
1094.	0.1268E-14
1135.	0.1277E-14
1178.	0.1287E-14
1223.	0.1296E-14
1270.	0.1306E-14
1318.	0.1315E-14
1368.	0.1323E-14
1421.	0.1332E-14
1475.	0.1340E-14
1531.	0.1348E-14
1589.	0.1356E-14
1650.	0.1364E-14
1712.	0.1371E-14
1778.	0.1378E-14
1845.	0.1384E-14
1916.	0.1391E-14
1989.	0.1397E-14
2064.	0.1403E-14
2143.	0.1408E-14
2225.	0.1413E-14
2309.	0.1418E-14
2397.	0.1423E-14
2489.	0.1427E-14
2583.	0.1431E-14
2682.	0.1435E-14
2784.	0.1439E-14
2890.	0.1442E-14
3000.	0.1445E-14
 
 
C5    O2    Excitation    0.19 eV                               
E/N (Td)	Inverse rate coefficient (m2)
0.1000E-02	0.5215E-15
0.1038E-02	0.5215E-15
0.1078E-02	0.5214E-15
0.1119E-02	0.5214E-15
0.1161E-02	0.5214E-15
0.1205E-02	0.5213E-15
0.1251E-02	0.5213E-15
0.1299E-02	0.5212E-15
0.1349E-02	0.5212E-15
0.1400E-02	0.5211E-15
0.1453E-02	0.5211E-15
0.1509E-02	0.5210E-15
0.1566E-02	0.5210E-15
0.1626E-02	0.5209E-15
0.1688E-02	0.5208E-15
0.1752E-02	0.5208E-15
0.1819E-02	0.5207E-15
0.1888E-02	0.5206E-15
0.1960E-02	0.5205E-15
0.2034E-02	0.5204E-15
0.2112E-02	0.5202E-15
0.2192E-02	0.5201E-15
0.2276E-02	0.5200E-15
0.2362E-02	0.5198E-15
0.2452E-02	0.5197E-15
0.2546E-02	0.5195E-15
0.2643E-02	0.5193E-15
0.2743E-02	0.5191E-15
0.2848E-02	0.5189E-15
0.2956E-02	0.5187E-15
0.3069E-02	0.5184E-15
0.3186E-02	0.5181E-15
0.3307E-02	0.5178E-15
0.3433E-02	0.5175E-15
0.3564E-02	0.5172E-15
0.3700E-02	0.5168E-15
0.3841E-02	0.5164E-15
0.3987E-02	0.5160E-15
0.4139E-02	0.5155E-15
0.4296E-02	0.5150E-15
0.4460E-02	0.5145E-15
0.4630E-02	0.5139E-15
0.4806E-02	0.5133E-15
0.4989E-02	0.5126E-15
0.5179E-02	0.5119E-15
0.5377E-02	0.5112E-15
0.5581E-02	0.5104E-15
0.5794E-02	0.5095E-15
0.6015E-02	0.5085E-15
0.6244E-02	0.5075E-15
0.6481E-02	0.5065E-15
0.6728E-02	0.5053E-15
0.6985E-02	0.5041E-15
0.7251E-02	0.5028E-15
0.7527E-02	0.5014E-15
0.7813E-02	0.4999E-15
0.8111E-02	0.4984E-15
0.8420E-02	0.4967E-15
0.8741E-02	0.4949E-15
0.9073E-02	0.4930E-15
0.9419E-02	0.4910E-15
0.9778E-02	0.4889E-15
0.1015E-01	0.4867E-15
0.1054E-01	0.4843E-15
0.1094E-01	0.4819E-15
0.1135E-01	0.4793E-15
0.1179E-01	0.4765E-15
0.1224E-01	0.4736E-15
0.1270E-01	0.4706E-15
0.1319E-01	0.4675E-15
0.1369E-01	0.4642E-15
0.1421E-01	0.4608E-15
0.1475E-01	0.4573E-15
0.1531E-01	0.4536E-15
0.1590E-01	0.4499E-15
0.1650E-01	0.4460E-15
0.1713E-01	0.4420E-15
0.1778E-01	0.4379E-15
0.1846E-01	0.4338E-15
0.1916E-01	0.4295E-15
0.1989E-01	0.4253E-15
0.2065E-01	0.4209E-15
0.2144E-01	0.4166E-15
0.2225E-01	0.4123E-15
0.2310E-01	0.4079E-15
0.2398E-01	0.4037E-15
0.2489E-01	0.3995E-15
0.2584E-01	0.3954E-15
0.2682E-01	0.3914E-15
0.2785E-01	0.3875E-15
0.2891E-01	0.3838E-15
0.3001E-01	0.3803E-15
0.3115E-01	0.3770E-15
0.3234E-01	0.3740E-15
0.3357E-01	0.3712E-15
0.3485E-01	0.3688E-15
0.3617E-01	0.3666E-15
0.3755E-01	0.3648E-15
0.3898E-01	0.3633E-15
0.4047E-01	0.3621E-15
0.4201E-01	0.3613E-15
0.4361E-01	0.3609E-15
0.4527E-01	0.3609E-15
0.4699E-01	0.3612E-15
0.4878E-01	0.3618E-15
0.5064E-01	0.3629E-15
0.5257E-01	0.3642E-15
0.5457E-01	0.3658E-15
0.5665E-01	0.3678E-15
0.5881E-01	0.3700E-15
0.6105E-01	0.3725E-15
0.6337E-01	0.3751E-15
0.6579E-01	0.3780E-15
0.6829E-01	0.3810E-15
0.7089E-01	0.3842E-15
0.7359E-01	0.3874E-15
0.7640E-01	0.3908E-15
0.7931E-01	0.3942E-15
0.8233E-01	0.3976E-15
0.8546E-01	0.4010E-15
0.8872E-01	0.4044E-15
0.9210E-01	0.4078E-15
0.9560E-01	0.4111E-15
0.9924E-01	0.4143E-15
0.1030	0.4175E-15
0.1069	0.4207E-15
0.1110	0.4237E-15
0.1152	0.4267E-15
0.1196	0.4296E-15
0.1242	0.4324E-15
0.1289	0.4351E-15
0.1338	0.4378E-15
0.1389	0.4403E-15
0.1442	0.4429E-15
0.1497	0.4453E-15
0.1554	0.4477E-15
0.1613	0.4501E-15
0.1675	0.4524E-15
0.1739	0.4548E-15
0.1805	0.4571E-15
0.1874	0.4593E-15
0.1945	0.4616E-15
0.2019	0.4639E-15
0.2096	0.4662E-15
0.2176	0.4686E-15
0.2259	0.4709E-15
0.2345	0.4733E-15
0.2434	0.4758E-15
0.2527	0.4782E-15
0.2623	0.4808E-15
0.2723	0.4833E-15
0.2826	0.4860E-15
0.2934	0.4887E-15
0.3046	0.4914E-15
0.3162	0.4942E-15
0.3282	0.4971E-15
0.3407	0.5001E-15
0.3537	0.5031E-15
0.3672	0.5061E-15
0.3812	0.5092E-15
0.3957	0.5124E-15
0.4107	0.5156E-15
0.4264	0.5189E-15
0.4426	0.5222E-15
0.4595	0.5255E-15
0.4770	0.5289E-15
0.4952	0.5324E-15
0.5140	0.5359E-15
0.5336	0.5394E-15
0.5539	0.5429E-15
0.5750	0.5466E-15
0.5969	0.5502E-15
0.6196	0.5538E-15
0.6432	0.5575E-15
0.6677	0.5612E-15
0.6932	0.5650E-15
0.7196	0.5690E-15
0.7470	0.5728E-15
0.7754	0.5766E-15
0.8050	0.5806E-15
0.8356	0.5846E-15
0.8674	0.5885E-15
0.9005	0.5928E-15
0.9348	0.5968E-15
0.9704	0.6010E-15
1.007	0.6051E-15
1.046	0.6097E-15
1.086	0.6140E-15
1.127	0.6183E-15
1.170	0.6228E-15
1.214	0.6272E-15
1.261	0.6318E-15
1.309	0.6363E-15
1.358	0.6410E-15
1.410	0.6465E-15
1.464	0.6511E-15
1.520	0.6558E-15
1.578	0.6604E-15
1.638	0.6651E-15
1.700	0.6713E-15
1.765	0.6757E-15
1.832	0.6801E-15
1.902	0.6843E-15
1.974	0.6883E-15
2.049	0.6927E-15
2.127	0.6963E-15
2.208	0.6996E-15
2.293	0.7025E-15
2.380	0.7050E-15
2.470	0.7070E-15
2.565	0.7084E-15
2.662	0.7104E-15
2.764	0.7103E-15
2.869	0.7094E-15
2.978	0.7076E-15
3.092	0.7048E-15
3.209	0.7009E-15
3.332	0.6958E-15
3.458	0.6906E-15
3.590	0.6837E-15
3.727	0.6756E-15
3.869	0.6661E-15
4.016	0.6553E-15
4.169	0.6432E-15
4.328	0.6298E-15
4.493	0.6152E-15
4.664	0.5995E-15
4.841	0.5827E-15
5.026	0.5630E-15
5.217	0.5445E-15
5.416	0.5254E-15
5.622	0.5060E-15
5.836	0.4864E-15
6.059	0.4667E-15
6.289	0.4471E-15
6.529	0.4279E-15
6.778	0.4090E-15
7.036	0.3907E-15
7.304	0.3712E-15
7.582	0.3545E-15
7.871	0.3386E-15
8.170	0.3237E-15
8.482	0.3098E-15
8.805	0.2970E-15
9.140	0.2852E-15
9.488	0.2745E-15
9.849	0.2650E-15
10.22	0.2550E-15
10.61	0.2478E-15
11.02	0.2417E-15
11.44	0.2366E-15
11.87	0.2326E-15
12.33	0.2296E-15
12.80	0.2275E-15
13.28	0.2264E-15
13.79	0.2262E-15
14.31	0.2270E-15
14.86	0.2285E-15
15.42	0.2308E-15
16.01	0.2340E-15
16.62	0.2379E-15
17.25	0.2425E-15
17.91	0.2478E-15
18.59	0.2539E-15
19.30	0.2606E-15
20.04	0.2686E-15
20.80	0.2766E-15
21.59	0.2853E-15
22.42	0.2946E-15
23.27	0.3046E-15
24.16	0.3152E-15
25.08	0.3266E-15
26.03	0.3385E-15
27.02	0.3510E-15
28.05	0.3643E-15
29.12	0.3783E-15
30.23	0.3930E-15
31.38	0.4084E-15
32.57	0.4245E-15
33.82	0.4413E-15
35.10	0.4588E-15
36.44	0.4769E-15
37.83	0.4958E-15
39.27	0.5153E-15
40.76	0.5356E-15
42.32	0.5565E-15
43.93	0.5782E-15
45.60	0.6005E-15
47.34	0.6234E-15
49.14	0.6470E-15
51.01	0.6713E-15
52.96	0.6961E-15
54.97	0.7216E-15
57.07	0.7476E-15
59.24	0.7742E-15
61.50	0.8013E-15
63.84	0.8289E-15
66.27	0.8570E-15
68.79	0.8855E-15
71.41	0.9144E-15
74.13	0.9438E-15
76.96	0.9734E-15
79.89	0.1003E-14
82.93	0.1034E-14
86.09	0.1064E-14
89.37	0.1094E-14
92.77	0.1125E-14
96.31	0.1156E-14
99.97	0.1186E-14
103.8	0.1217E-14
107.7	0.1247E-14
111.8	0.1277E-14
116.1	0.1307E-14
120.5	0.1337E-14
125.1	0.1366E-14
129.9	0.1394E-14
134.8	0.1422E-14
140.0	0.1450E-14
145.3	0.1476E-14
150.8	0.1502E-14
156.6	0.1527E-14
162.5	0.1551E-14
168.7	0.1574E-14
175.1	0.1596E-14
181.8	0.1617E-14
188.7	0.1636E-14
195.9	0.1654E-14
203.4	0.1671E-14
211.1	0.1687E-14
219.2	0.1701E-14
227.5	0.1713E-14
236.2	0.1724E-14
245.2	0.1734E-14
254.5	0.1742E-14
264.2	0.1748E-14
274.3	0.1753E-14
284.7	0.1756E-14
295.6	0.1757E-14
306.8	0.1757E-14
318.5	0.1755E-14
330.6	0.1752E-14
343.2	0.1747E-14
356.3	0.1740E-14
369.9	0.1733E-14
384.0	0.1723E-14
398.6	0.1712E-14
413.8	0.1700E-14
429.5	0.1687E-14
445.9	0.1672E-14
462.9	0.1656E-14
480.5	0.1639E-14
498.8	0.1620E-14
517.8	0.1601E-14
537.5	0.1580E-14
558.0	0.1559E-14
579.2	0.1537E-14
601.3	0.1514E-14
624.2	0.1490E-14
648.0	0.1466E-14
672.6	0.1441E-14
698.3	0.1416E-14
724.9	0.1390E-14
752.5	0.1363E-14
781.1	0.1336E-14
810.9	0.1309E-14
841.8	0.1282E-14
873.8	0.1254E-14
907.1	0.1227E-14
941.6	0.1199E-14
977.5	0.1171E-14
1015.	0.1143E-14
1053.	0.1115E-14
1094.	0.1087E-14
1135.	0.1060E-14
1178.	0.1032E-14
1223.	0.1005E-14
1270.	0.9774E-15
1318.	0.9504E-15
1368.	0.9237E-15
1421.	0.8973E-15
1475.	0.8711E-15
1531.	0.8453E-15
1589.	0.8198E-15
1650.	0.7947E-15
1712.	0.7699E-15
1778.	0.7456E-15
1845.	0.7216E-15
1916.	0.6981E-15
1989.	0.6750E-15
2064.	0.6523E-15
2143.	0.6301E-15
2225.	0.6083E-15
2309.	0.5869E-15
2397.	0.5660E-15
2489.	0.5456E-15
2583.	0.5256E-15
2682.	0.5061E-15
2784.	0.4870E-15
2890.	0.4685E-15
3000.	0.4503E-15
 
 
C6    O2    Excitation    0.39 eV                               
E/N (Td)	Inverse rate coefficient (m2)
0.1000E-02	0.1468E-17
0.1038E-02	0.1468E-17
0.1078E-02	0.1468E-17
0.1119E-02	0.1468E-17
0.1161E-02	0.1468E-17
0.1205E-02	0.1467E-17
0.1251E-02	0.1467E-17
0.1299E-02	0.1467E-17
0.1349E-02	0.1467E-17
0.1400E-02	0.1467E-17
0.1453E-02	0.1467E-17
0.1509E-02	0.1467E-17
0.1566E-02	0.1467E-17
0.1626E-02	0.1467E-17
0.1688E-02	0.1467E-17
0.1752E-02	0.1467E-17
0.1819E-02	0.1467E-17
0.1888E-02	0.1467E-17
0.1960E-02	0.1467E-17
0.2034E-02	0.1467E-17
0.2112E-02	0.1467E-17
0.2192E-02	0.1467E-17
0.2276E-02	0.1466E-17
0.2362E-02	0.1466E-17
0.2452E-02	0.1466E-17
0.2546E-02	0.1466E-17
0.2643E-02	0.1466E-17
0.2743E-02	0.1466E-17
0.2848E-02	0.1466E-17
0.2956E-02	0.1466E-17
0.3069E-02	0.1466E-17
0.3186E-02	0.1465E-17
0.3307E-02	0.1465E-17
0.3433E-02	0.1465E-17
0.3564E-02	0.1465E-17
0.3700E-02	0.1465E-17
0.3841E-02	0.1465E-17
0.3987E-02	0.1465E-17
0.4139E-02	0.1465E-17
0.4296E-02	0.1465E-17
0.4460E-02	0.1465E-17
0.4630E-02	0.1464E-17
0.4806E-02	0.1464E-17
0.4989E-02	0.1464E-17
0.5179E-02	0.1464E-17
0.5377E-02	0.1465E-17
0.5581E-02	0.1465E-17
0.5794E-02	0.1465E-17
0.6015E-02	0.1465E-17
0.6244E-02	0.1465E-17
0.6481E-02	0.1466E-17
0.6728E-02	0.1466E-17
0.6985E-02	0.1466E-17
0.7251E-02	0.1467E-17
0.7527E-02	0.1468E-17
0.7813E-02	0.1469E-17
0.8111E-02	0.1470E-17
0.8420E-02	0.1471E-17
0.8741E-02	0.1473E-17
0.9073E-02	0.1474E-17
0.9419E-02	0.1476E-17
0.9778E-02	0.1479E-17
0.1015E-01	0.1481E-17
0.1054E-01	0.1484E-17
0.1094E-01	0.1488E-17
0.1135E-01	0.1492E-17
0.1179E-01	0.1497E-17
0.1224E-01	0.1502E-17
0.1270E-01	0.1508E-17
0.1319E-01	0.1515E-17
0.1369E-01	0.1523E-17
0.1421E-01	0.1532E-17
0.1475E-01	0.1542E-17
0.1531E-01	0.1554E-17
0.1590E-01	0.1567E-17
0.1650E-01	0.1581E-17
0.1713E-01	0.1598E-17
0.1778E-01	0.1617E-17
0.1846E-01	0.1637E-17
0.1916E-01	0.1661E-17
0.1989E-01	0.1687E-17
0.2065E-01	0.1717E-17
0.2144E-01	0.1749E-17
0.2225E-01	0.1786E-17
0.2310E-01	0.1827E-17
0.2398E-01	0.1872E-17
0.2489E-01	0.1923E-17
0.2584E-01	0.1979E-17
0.2682E-01	0.2041E-17
0.2785E-01	0.2110E-17
0.2891E-01	0.2186E-17
0.3001E-01	0.2269E-17
0.3115E-01	0.2362E-17
0.3234E-01	0.2463E-17
0.3357E-01	0.2575E-17
0.3485E-01	0.2697E-17
0.3617E-01	0.2830E-17
0.3755E-01	0.2976E-17
0.3898E-01	0.3135E-17
0.4047E-01	0.3307E-17
0.4201E-01	0.3494E-17
0.4361E-01	0.3696E-17
0.4527E-01	0.3915E-17
0.4699E-01	0.4150E-17
0.4878E-01	0.4402E-17
0.5064E-01	0.4672E-17
0.5257E-01	0.4961E-17
0.5457E-01	0.5268E-17
0.5665E-01	0.5594E-17
0.5881E-01	0.5939E-17
0.6105E-01	0.6304E-17
0.6337E-01	0.6688E-17
0.6579E-01	0.7090E-17
0.6829E-01	0.7512E-17
0.7089E-01	0.7951E-17
0.7359E-01	0.8409E-17
0.7640E-01	0.8885E-17
0.7931E-01	0.9377E-17
0.8233E-01	0.9886E-17
0.8546E-01	0.1041E-16
0.8872E-01	0.1095E-16
0.9210E-01	0.1151E-16
0.9560E-01	0.1208E-16
0.9924E-01	0.1266E-16
0.1030	0.1326E-16
0.1069	0.1387E-16
0.1110	0.1450E-16
0.1152	0.1514E-16
0.1196	0.1580E-16
0.1242	0.1647E-16
0.1289	0.1716E-16
0.1338	0.1786E-16
0.1389	0.1858E-16
0.1442	0.1933E-16
0.1497	0.2009E-16
0.1554	0.2087E-16
0.1613	0.2168E-16
0.1675	0.2252E-16
0.1739	0.2338E-16
0.1805	0.2427E-16
0.1874	0.2520E-16
0.1945	0.2616E-16
0.2019	0.2715E-16
0.2096	0.2818E-16
0.2176	0.2925E-16
0.2259	0.3037E-16
0.2345	0.3153E-16
0.2434	0.3273E-16
0.2527	0.3399E-16
0.2623	0.3529E-16
0.2723	0.3665E-16
0.2826	0.3806E-16
0.2934	0.3952E-16
0.3046	0.4104E-16
0.3162	0.4261E-16
0.3282	0.4424E-16
0.3407	0.4594E-16
0.3537	0.4769E-16
0.3672	0.4950E-16
0.3812	0.5137E-16
0.3957	0.5329E-16
0.4107	0.5528E-16
0.4264	0.5733E-16
0.4426	0.5944E-16
0.4595	0.6161E-16
0.4770	0.6384E-16
0.4952	0.6614E-16
0.5140	0.6849E-16
0.5336	0.7092E-16
0.5539	0.7341E-16
0.5750	0.7604E-16
0.5969	0.7867E-16
0.6196	0.8137E-16
0.6432	0.8415E-16
0.6677	0.8700E-16
0.6932	0.8993E-16
0.7196	0.9299E-16
0.7470	0.9609E-16
0.7754	0.9929E-16
0.8050	0.1027E-15
0.8356	0.1060E-15
0.8674	0.1095E-15
0.9005	0.1131E-15
0.9348	0.1168E-15
0.9704	0.1206E-15
1.007	0.1245E-15
1.046	0.1285E-15
1.086	0.1327E-15
1.127	0.1370E-15
1.170	0.1414E-15
1.214	0.1458E-15
1.261	0.1504E-15
1.309	0.1551E-15
1.358	0.1600E-15
1.410	0.1658E-15
1.464	0.1708E-15
1.520	0.1759E-15
1.578	0.1810E-15
1.638	0.1862E-15
1.700	0.1919E-15
1.765	0.1971E-15
1.832	0.2024E-15
1.902	0.2076E-15
1.974	0.2128E-15
2.049	0.2172E-15
2.127	0.2223E-15
2.208	0.2273E-15
2.293	0.2321E-15
2.380	0.2368E-15
2.470	0.2412E-15
2.565	0.2453E-15
2.662	0.2475E-15
2.764	0.2510E-15
2.869	0.2541E-15
2.978	0.2567E-15
3.092	0.2588E-15
3.209	0.2604E-15
3.332	0.2614E-15
3.458	0.2641E-15
3.590	0.2640E-15
3.727	0.2632E-15
3.869	0.2617E-15
4.016	0.2596E-15
4.169	0.2568E-15
4.328	0.2533E-15
4.493	0.2492E-15
4.664	0.2445E-15
4.841	0.2392E-15
5.026	0.2327E-15
5.217	0.2264E-15
5.416	0.2197E-15
5.622	0.2128E-15
5.836	0.2056E-15
6.059	0.1984E-15
6.289	0.1912E-15
6.529	0.1839E-15
6.778	0.1769E-15
7.036	0.1700E-15
7.304	0.1625E-15
7.582	0.1563E-15
7.871	0.1504E-15
8.170	0.1449E-15
8.482	0.1398E-15
8.805	0.1352E-15
9.140	0.1311E-15
9.488	0.1274E-15
9.849	0.1243E-15
10.22	0.1209E-15
10.61	0.1188E-15
11.02	0.1172E-15
11.44	0.1161E-15
11.87	0.1154E-15
12.33	0.1151E-15
12.80	0.1153E-15
13.28	0.1158E-15
13.79	0.1168E-15
14.31	0.1182E-15
14.86	0.1199E-15
15.42	0.1219E-15
16.01	0.1242E-15
16.62	0.1269E-15
17.25	0.1298E-15
17.91	0.1330E-15
18.59	0.1366E-15
19.30	0.1403E-15
20.04	0.1447E-15
20.80	0.1489E-15
21.59	0.1535E-15
22.42	0.1583E-15
23.27	0.1634E-15
24.16	0.1687E-15
25.08	0.1744E-15
26.03	0.1803E-15
27.02	0.1863E-15
28.05	0.1928E-15
29.12	0.1995E-15
30.23	0.2065E-15
31.38	0.2138E-15
32.57	0.2214E-15
33.82	0.2293E-15
35.10	0.2374E-15
36.44	0.2459E-15
37.83	0.2546E-15
39.27	0.2637E-15
40.76	0.2731E-15
42.32	0.2827E-15
43.93	0.2927E-15
45.60	0.3029E-15
47.34	0.3135E-15
49.14	0.3243E-15
51.01	0.3354E-15
52.96	0.3467E-15
54.97	0.3584E-15
57.07	0.3703E-15
59.24	0.3824E-15
61.50	0.3948E-15
63.84	0.4073E-15
66.27	0.4201E-15
68.79	0.4331E-15
71.41	0.4463E-15
74.13	0.4596E-15
76.96	0.4730E-15
79.89	0.4866E-15
82.93	0.5003E-15
86.09	0.5141E-15
89.37	0.5279E-15
92.77	0.5417E-15
96.31	0.5556E-15
99.97	0.5694E-15
103.8	0.5831E-15
107.7	0.5968E-15
111.8	0.6103E-15
116.1	0.6237E-15
120.5	0.6370E-15
125.1	0.6500E-15
129.9	0.6627E-15
134.8	0.6752E-15
140.0	0.6873E-15
145.3	0.6991E-15
150.8	0.7105E-15
156.6	0.7214E-15
162.5	0.7319E-15
168.7	0.7420E-15
175.1	0.7515E-15
181.8	0.7604E-15
188.7	0.7688E-15
195.9	0.7765E-15
203.4	0.7836E-15
211.1	0.7901E-15
219.2	0.7959E-15
227.5	0.8010E-15
236.2	0.8054E-15
245.2	0.8091E-15
254.5	0.8121E-15
264.2	0.8143E-15
274.3	0.8158E-15
284.7	0.8166E-15
295.6	0.8166E-15
306.8	0.8159E-15
318.5	0.8144E-15
330.6	0.8123E-15
343.2	0.8094E-15
356.3	0.8059E-15
369.9	0.8017E-15
384.0	0.7968E-15
398.6	0.7914E-15
413.8	0.7853E-15
429.5	0.7786E-15
445.9	0.7714E-15
462.9	0.7636E-15
480.5	0.7553E-15
498.8	0.7465E-15
517.8	0.7373E-15
537.5	0.7277E-15
558.0	0.7177E-15
579.2	0.7073E-15
601.3	0.6965E-15
624.2	0.6855E-15
648.0	0.6742E-15
672.6	0.6626E-15
698.3	0.6508E-15
724.9	0.6388E-15
752.5	0.6267E-15
781.1	0.6144E-15
810.9	0.6020E-15
841.8	0.5895E-15
873.8	0.5769E-15
907.1	0.5643E-15
941.6	0.5516E-15
977.5	0.5390E-15
1015.	0.5263E-15
1053.	0.5137E-15
1094.	0.5011E-15
1135.	0.4886E-15
1178.	0.4761E-15
1223.	0.4638E-15
1270.	0.4515E-15
1318.	0.4394E-15
1368.	0.4273E-15
1421.	0.4155E-15
1475.	0.4037E-15
1531.	0.3921E-15
1589.	0.3806E-15
1650.	0.3694E-15
1712.	0.3582E-15
1778.	0.3473E-15
1845.	0.3365E-15
1916.	0.3260E-15
1989.	0.3156E-15
2064.	0.3054E-15
2143.	0.2953E-15
2225.	0.2855E-15
2309.	0.2759E-15
2397.	0.2664E-15
2489.	0.2572E-15
2583.	0.2482E-15
2682.	0.2393E-15
2784.	0.2307E-15
2890.	0.2222E-15
3000.	0.2140E-15
 
 
C7    O2    Excitation    0.58 eV                               
E/N (Td)	Inverse rate coefficient (m2)
0.1000E-02	0.8426E-18
0.1038E-02	0.8427E-18
0.1078E-02	0.8428E-18
0.1119E-02	0.8429E-18
0.1161E-02	0.8430E-18
0.1205E-02	0.8431E-18
0.1251E-02	0.8433E-18
0.1299E-02	0.8434E-18
0.1349E-02	0.8436E-18
0.1400E-02	0.8437E-18
0.1453E-02	0.8439E-18
0.1509E-02	0.8441E-18
0.1566E-02	0.8443E-18
0.1626E-02	0.8446E-18
0.1688E-02	0.8448E-18
0.1752E-02	0.8451E-18
0.1819E-02	0.8453E-18
0.1888E-02	0.8456E-18
0.1960E-02	0.8460E-18
0.2034E-02	0.8463E-18
0.2112E-02	0.8467E-18
0.2192E-02	0.8471E-18
0.2276E-02	0.8476E-18
0.2362E-02	0.8480E-18
0.2452E-02	0.8485E-18
0.2546E-02	0.8491E-18
0.2643E-02	0.8497E-18
0.2743E-02	0.8503E-18
0.2848E-02	0.8510E-18
0.2956E-02	0.8518E-18
0.3069E-02	0.8526E-18
0.3186E-02	0.8534E-18
0.3307E-02	0.8544E-18
0.3433E-02	0.8554E-18
0.3564E-02	0.8565E-18
0.3700E-02	0.8576E-18
0.3841E-02	0.8589E-18
0.3987E-02	0.8602E-18
0.4139E-02	0.8617E-18
0.4296E-02	0.8633E-18
0.4460E-02	0.8649E-18
0.4630E-02	0.8668E-18
0.4806E-02	0.8687E-18
0.4989E-02	0.8708E-18
0.5179E-02	0.8731E-18
0.5377E-02	0.8756E-18
0.5581E-02	0.8782E-18
0.5794E-02	0.8811E-18
0.6015E-02	0.8841E-18
0.6244E-02	0.8874E-18
0.6481E-02	0.8910E-18
0.6728E-02	0.8948E-18
0.6985E-02	0.8989E-18
0.7251E-02	0.9033E-18
0.7527E-02	0.9081E-18
0.7813E-02	0.9132E-18
0.8111E-02	0.9187E-18
0.8420E-02	0.9247E-18
0.8741E-02	0.9311E-18
0.9073E-02	0.9379E-18
0.9419E-02	0.9453E-18
0.9778E-02	0.9533E-18
0.1015E-01	0.9619E-18
0.1054E-01	0.9711E-18
0.1094E-01	0.9809E-18
0.1135E-01	0.9916E-18
0.1179E-01	0.1003E-17
0.1224E-01	0.1015E-17
0.1270E-01	0.1028E-17
0.1319E-01	0.1043E-17
0.1369E-01	0.1058E-17
0.1421E-01	0.1074E-17
0.1475E-01	0.1092E-17
0.1531E-01	0.1110E-17
0.1590E-01	0.1130E-17
0.1650E-01	0.1152E-17
0.1713E-01	0.1175E-17
0.1778E-01	0.1199E-17
0.1846E-01	0.1226E-17
0.1916E-01	0.1254E-17
0.1989E-01	0.1284E-17
0.2065E-01	0.1316E-17
0.2144E-01	0.1349E-17
0.2225E-01	0.1385E-17
0.2310E-01	0.1424E-17
0.2398E-01	0.1464E-17
0.2489E-01	0.1507E-17
0.2584E-01	0.1553E-17
0.2682E-01	0.1600E-17
0.2785E-01	0.1651E-17
0.2891E-01	0.1704E-17
0.3001E-01	0.1759E-17
0.3115E-01	0.1817E-17
0.3234E-01	0.1878E-17
0.3357E-01	0.1940E-17
0.3485E-01	0.2006E-17
0.3617E-01	0.2073E-17
0.3755E-01	0.2142E-17
0.3898E-01	0.2214E-17
0.4047E-01	0.2287E-17
0.4201E-01	0.2361E-17
0.4361E-01	0.2437E-17
0.4527E-01	0.2513E-17
0.4699E-01	0.2591E-17
0.4878E-01	0.2668E-17
0.5064E-01	0.2746E-17
0.5257E-01	0.2823E-17
0.5457E-01	0.2900E-17
0.5665E-01	0.2976E-17
0.5881E-01	0.3050E-17
0.6105E-01	0.3123E-17
0.6337E-01	0.3195E-17
0.6579E-01	0.3265E-17
0.6829E-01	0.3333E-17
0.7089E-01	0.3399E-17
0.7359E-01	0.3463E-17
0.7640E-01	0.3524E-17
0.7931E-01	0.3584E-17
0.8233E-01	0.3642E-17
0.8546E-01	0.3697E-17
0.8872E-01	0.3751E-17
0.9210E-01	0.3803E-17
0.9560E-01	0.3854E-17
0.9924E-01	0.3903E-17
0.1030	0.3952E-17
0.1069	0.4000E-17
0.1110	0.4048E-17
0.1152	0.4096E-17
0.1196	0.4145E-17
0.1242	0.4194E-17
0.1289	0.4245E-17
0.1338	0.4297E-17
0.1389	0.4351E-17
0.1442	0.4408E-17
0.1497	0.4467E-17
0.1554	0.4529E-17
0.1613	0.4596E-17
0.1675	0.4666E-17
0.1739	0.4740E-17
0.1805	0.4820E-17
0.1874	0.4905E-17
0.1945	0.4995E-17
0.2019	0.5091E-17
0.2096	0.5194E-17
0.2176	0.5304E-17
0.2259	0.5421E-17
0.2345	0.5546E-17
0.2434	0.5679E-17
0.2527	0.5820E-17
0.2623	0.5969E-17
0.2723	0.6128E-17
0.2826	0.6296E-17
0.2934	0.6474E-17
0.3046	0.6662E-17
0.3162	0.6861E-17
0.3282	0.7071E-17
0.3407	0.7292E-17
0.3537	0.7524E-17
0.3672	0.7769E-17
0.3812	0.8026E-17
0.3957	0.8295E-17
0.4107	0.8578E-17
0.4264	0.8876E-17
0.4426	0.9187E-17
0.4595	0.9514E-17
0.4770	0.9856E-17
0.4952	0.1021E-16
0.5140	0.1059E-16
0.5336	0.1098E-16
0.5539	0.1140E-16
0.5750	0.1183E-16
0.5969	0.1228E-16
0.6196	0.1276E-16
0.6432	0.1326E-16
0.6677	0.1378E-16
0.6932	0.1433E-16
0.7196	0.1491E-16
0.7470	0.1552E-16
0.7754	0.1616E-16
0.8050	0.1682E-16
0.8356	0.1752E-16
0.8674	0.1826E-16
0.9005	0.1904E-16
0.9348	0.1986E-16
0.9704	0.2071E-16
1.007	0.2161E-16
1.046	0.2254E-16
1.086	0.2352E-16
1.127	0.2455E-16
1.170	0.2563E-16
1.214	0.2679E-16
1.261	0.2797E-16
1.309	0.2919E-16
1.358	0.3047E-16
1.410	0.3162E-16
1.464	0.3299E-16
1.520	0.3440E-16
1.578	0.3586E-16
1.638	0.3736E-16
1.700	0.3891E-16
1.765	0.4048E-16
1.832	0.4209E-16
1.902	0.4373E-16
1.974	0.4539E-16
2.049	0.4737E-16
2.127	0.4905E-16
2.208	0.5073E-16
2.293	0.5239E-16
2.380	0.5404E-16
2.470	0.5566E-16
2.565	0.5723E-16
2.662	0.5868E-16
2.764	0.6012E-16
2.869	0.6147E-16
2.978	0.6273E-16
3.092	0.6387E-16
3.209	0.6488E-16
3.332	0.6575E-16
3.458	0.6644E-16
3.590	0.6706E-16
3.727	0.6749E-16
3.869	0.6774E-16
4.016	0.6778E-16
4.169	0.6762E-16
4.328	0.6726E-16
4.493	0.6669E-16
4.664	0.6592E-16
4.841	0.6496E-16
5.026	0.6369E-16
5.217	0.6234E-16
5.416	0.6086E-16
5.622	0.5926E-16
5.836	0.5756E-16
6.059	0.5577E-16
6.289	0.5394E-16
6.529	0.5206E-16
6.778	0.5018E-16
7.036	0.4830E-16
7.304	0.4618E-16
7.582	0.4440E-16
7.871	0.4268E-16
8.170	0.4103E-16
8.482	0.3948E-16
8.805	0.3803E-16
9.140	0.3670E-16
9.488	0.3550E-16
9.849	0.3442E-16
10.22	0.3331E-16
10.61	0.3254E-16
11.02	0.3191E-16
11.44	0.3145E-16
11.87	0.3114E-16
12.33	0.3099E-16
12.80	0.3100E-16
13.28	0.3117E-16
13.79	0.3150E-16
14.31	0.3202E-16
14.86	0.3268E-16
15.42	0.3351E-16
16.01	0.3450E-16
16.62	0.3566E-16
17.25	0.3698E-16
17.91	0.3847E-16
18.59	0.4014E-16
19.30	0.4197E-16
20.04	0.4406E-16
20.80	0.4624E-16
21.59	0.4859E-16
22.42	0.5113E-16
23.27	0.5385E-16
24.16	0.5677E-16
25.08	0.5988E-16
26.03	0.6318E-16
27.02	0.6667E-16
28.05	0.7038E-16
29.12	0.7430E-16
30.23	0.7843E-16
31.38	0.8277E-16
32.57	0.8733E-16
33.82	0.9210E-16
35.10	0.9709E-16
36.44	0.1023E-15
37.83	0.1077E-15
39.27	0.1134E-15
40.76	0.1192E-15
42.32	0.1253E-15
43.93	0.1316E-15
45.60	0.1381E-15
47.34	0.1448E-15
49.14	0.1517E-15
51.01	0.1588E-15
52.96	0.1661E-15
54.97	0.1736E-15
57.07	0.1812E-15
59.24	0.1891E-15
61.50	0.1971E-15
63.84	0.2052E-15
66.27	0.2135E-15
68.79	0.2220E-15
71.41	0.2305E-15
74.13	0.2392E-15
76.96	0.2480E-15
79.89	0.2568E-15
82.93	0.2658E-15
86.09	0.2748E-15
89.37	0.2838E-15
92.77	0.2928E-15
96.31	0.3019E-15
99.97	0.3110E-15
103.8	0.3200E-15
107.7	0.3289E-15
111.8	0.3378E-15
116.1	0.3466E-15
120.5	0.3553E-15
125.1	0.3638E-15
129.9	0.3722E-15
134.8	0.3804E-15
140.0	0.3883E-15
145.3	0.3961E-15
150.8	0.4036E-15
156.6	0.4108E-15
162.5	0.4177E-15
168.7	0.4243E-15
175.1	0.4305E-15
181.8	0.4364E-15
188.7	0.4419E-15
195.9	0.4470E-15
203.4	0.4517E-15
211.1	0.4559E-15
219.2	0.4598E-15
227.5	0.4631E-15
236.2	0.4660E-15
245.2	0.4685E-15
254.5	0.4704E-15
264.2	0.4719E-15
274.3	0.4729E-15
284.7	0.4734E-15
295.6	0.4735E-15
306.8	0.4730E-15
318.5	0.4721E-15
330.6	0.4707E-15
343.2	0.4689E-15
356.3	0.4666E-15
369.9	0.4639E-15
384.0	0.4608E-15
398.6	0.4573E-15
413.8	0.4533E-15
429.5	0.4490E-15
445.9	0.4444E-15
462.9	0.4394E-15
480.5	0.4340E-15
498.8	0.4284E-15
517.8	0.4225E-15
537.5	0.4163E-15
558.0	0.4099E-15
579.2	0.4032E-15
601.3	0.3964E-15
624.2	0.3893E-15
648.0	0.3821E-15
672.6	0.3747E-15
698.3	0.3672E-15
724.9	0.3596E-15
752.5	0.3519E-15
781.1	0.3441E-15
810.9	0.3363E-15
841.8	0.3284E-15
873.8	0.3205E-15
907.1	0.3126E-15
941.6	0.3046E-15
977.5	0.2967E-15
1015.	0.2889E-15
1053.	0.2810E-15
1094.	0.2732E-15
1135.	0.2655E-15
1178.	0.2578E-15
1223.	0.2502E-15
1270.	0.2427E-15
1318.	0.2353E-15
1368.	0.2280E-15
1421.	0.2208E-15
1475.	0.2137E-15
1531.	0.2067E-15
1589.	0.1998E-15
1650.	0.1931E-15
1712.	0.1865E-15
1778.	0.1800E-15
1845.	0.1737E-15
1916.	0.1675E-15
1989.	0.1614E-15
2064.	0.1555E-15
2143.	0.1497E-15
2225.	0.1441E-15
2309.	0.1386E-15
2397.	0.1332E-15
2489.	0.1280E-15
2583.	0.1229E-15
2682.	0.1180E-15
2784.	0.1132E-15
2890.	0.1085E-15
3000.	0.1040E-15
 
 
C8    O2    Excitation    0.77 eV                               
E/N (Td)	Inverse rate coefficient (m2)
0.1000E-02	0.9429E-17
0.1038E-02	0.9429E-17
0.1078E-02	0.9429E-17
0.1119E-02	0.9429E-17
0.1161E-02	0.9429E-17
0.1205E-02	0.9429E-17
0.1251E-02	0.9429E-17
0.1299E-02	0.9429E-17
0.1349E-02	0.9429E-17
0.1400E-02	0.9429E-17
0.1453E-02	0.9429E-17
0.1509E-02	0.9429E-17
0.1566E-02	0.9429E-17
0.1626E-02	0.9429E-17
0.1688E-02	0.9429E-17
0.1752E-02	0.9429E-17
0.1819E-02	0.9429E-17
0.1888E-02	0.9429E-17
0.1960E-02	0.9429E-17
0.2034E-02	0.9429E-17
0.2112E-02	0.9428E-17
0.2192E-02	0.9428E-17
0.2276E-02	0.9428E-17
0.2362E-02	0.9428E-17
0.2452E-02	0.9428E-17
0.2546E-02	0.9428E-17
0.2643E-02	0.9428E-17
0.2743E-02	0.9428E-17
0.2848E-02	0.9428E-17
0.2956E-02	0.9428E-17
0.3069E-02	0.9428E-17
0.3186E-02	0.9428E-17
0.3307E-02	0.9428E-17
0.3433E-02	0.9428E-17
0.3564E-02	0.9429E-17
0.3700E-02	0.9429E-17
0.3841E-02	0.9429E-17
0.3987E-02	0.9429E-17
0.4139E-02	0.9429E-17
0.4296E-02	0.9430E-17
0.4460E-02	0.9430E-17
0.4630E-02	0.9430E-17
0.4806E-02	0.9431E-17
0.4989E-02	0.9431E-17
0.5179E-02	0.9432E-17
0.5377E-02	0.9432E-17
0.5581E-02	0.9433E-17
0.5794E-02	0.9434E-17
0.6015E-02	0.9435E-17
0.6244E-02	0.9436E-17
0.6481E-02	0.9436E-17
0.6728E-02	0.9437E-17
0.6985E-02	0.9438E-17
0.7251E-02	0.9439E-17
0.7527E-02	0.9440E-17
0.7813E-02	0.9441E-17
0.8111E-02	0.9442E-17
0.8420E-02	0.9442E-17
0.8741E-02	0.9443E-17
0.9073E-02	0.9443E-17
0.9419E-02	0.9444E-17
0.9778E-02	0.9443E-17
0.1015E-01	0.9443E-17
0.1054E-01	0.9442E-17
0.1094E-01	0.9440E-17
0.1135E-01	0.9438E-17
0.1179E-01	0.9435E-17
0.1224E-01	0.9432E-17
0.1270E-01	0.9427E-17
0.1319E-01	0.9421E-17
0.1369E-01	0.9414E-17
0.1421E-01	0.9406E-17
0.1475E-01	0.9397E-17
0.1531E-01	0.9385E-17
0.1590E-01	0.9372E-17
0.1650E-01	0.9358E-17
0.1713E-01	0.9341E-17
0.1778E-01	0.9322E-17
0.1846E-01	0.9301E-17
0.1916E-01	0.9278E-17
0.1989E-01	0.9253E-17
0.2065E-01	0.9225E-17
0.2144E-01	0.9196E-17
0.2225E-01	0.9164E-17
0.2310E-01	0.9129E-17
0.2398E-01	0.9093E-17
0.2489E-01	0.9055E-17
0.2584E-01	0.9015E-17
0.2682E-01	0.8973E-17
0.2785E-01	0.8930E-17
0.2891E-01	0.8887E-17
0.3001E-01	0.8842E-17
0.3115E-01	0.8798E-17
0.3234E-01	0.8754E-17
0.3357E-01	0.8710E-17
0.3485E-01	0.8667E-17
0.3617E-01	0.8625E-17
0.3755E-01	0.8586E-17
0.3898E-01	0.8548E-17
0.4047E-01	0.8513E-17
0.4201E-01	0.8481E-17
0.4361E-01	0.8452E-17
0.4527E-01	0.8427E-17
0.4699E-01	0.8406E-17
0.4878E-01	0.8388E-17
0.5064E-01	0.8374E-17
0.5257E-01	0.8365E-17
0.5457E-01	0.8359E-17
0.5665E-01	0.8358E-17
0.5881E-01	0.8360E-17
0.6105E-01	0.8367E-17
0.6337E-01	0.8376E-17
0.6579E-01	0.8389E-17
0.6829E-01	0.8405E-17
0.7089E-01	0.8423E-17
0.7359E-01	0.8444E-17
0.7640E-01	0.8467E-17
0.7931E-01	0.8491E-17
0.8233E-01	0.8517E-17
0.8546E-01	0.8544E-17
0.8872E-01	0.8572E-17
0.9210E-01	0.8600E-17
0.9560E-01	0.8629E-17
0.9924E-01	0.8658E-17
0.1030	0.8687E-17
0.1069	0.8716E-17
0.1110	0.8744E-17
0.1152	0.8773E-17
0.1196	0.8801E-17
0.1242	0.8828E-17
0.1289	0.8856E-17
0.1338	0.8883E-17
0.1389	0.8909E-17
0.1442	0.8935E-17
0.1497	0.8961E-17
0.1554	0.8987E-17
0.1613	0.9013E-17
0.1675	0.9038E-17
0.1739	0.9064E-17
0.1805	0.9090E-17
0.1874	0.9116E-17
0.1945	0.9143E-17
0.2019	0.9170E-17
0.2096	0.9197E-17
0.2176	0.9226E-17
0.2259	0.9255E-17
0.2345	0.9284E-17
0.2434	0.9315E-17
0.2527	0.9347E-17
0.2623	0.9379E-17
0.2723	0.9413E-17
0.2826	0.9448E-17
0.2934	0.9484E-17
0.3046	0.9522E-17
0.3162	0.9560E-17
0.3282	0.9600E-17
0.3407	0.9643E-17
0.3537	0.9686E-17
0.3672	0.9731E-17
0.3812	0.9777E-17
0.3957	0.9825E-17
0.4107	0.9875E-17
0.4264	0.9926E-17
0.4426	0.9979E-17
0.4595	0.1003E-16
0.4770	0.1009E-16
0.4952	0.1015E-16
0.5140	0.1021E-16
0.5336	0.1028E-16
0.5539	0.1035E-16
0.5750	0.1042E-16
0.5969	0.1049E-16
0.6196	0.1057E-16
0.6432	0.1065E-16
0.6677	0.1073E-16
0.6932	0.1082E-16
0.7196	0.1092E-16
0.7470	0.1101E-16
0.7754	0.1112E-16
0.8050	0.1123E-16
0.8356	0.1134E-16
0.8674	0.1147E-16
0.9005	0.1160E-16
0.9348	0.1174E-16
0.9704	0.1188E-16
1.007	0.1204E-16
1.046	0.1221E-16
1.086	0.1239E-16
1.127	0.1257E-16
1.170	0.1277E-16
1.214	0.1299E-16
1.261	0.1322E-16
1.309	0.1345E-16
1.358	0.1370E-16
1.410	0.1397E-16
1.464	0.1425E-16
1.520	0.1454E-16
1.578	0.1485E-16
1.638	0.1517E-16
1.700	0.1554E-16
1.765	0.1589E-16
1.832	0.1625E-16
1.902	0.1663E-16
1.974	0.1701E-16
2.049	0.1744E-16
2.127	0.1784E-16
2.208	0.1826E-16
2.293	0.1868E-16
2.380	0.1910E-16
2.470	0.1952E-16
2.565	0.1993E-16
2.662	0.2039E-16
2.764	0.2079E-16
2.869	0.2116E-16
2.978	0.2151E-16
3.092	0.2183E-16
3.209	0.2213E-16
3.332	0.2238E-16
3.458	0.2266E-16
3.590	0.2284E-16
3.727	0.2298E-16
3.869	0.2306E-16
4.016	0.2307E-16
4.169	0.2303E-16
4.328	0.2292E-16
4.493	0.2274E-16
4.664	0.2251E-16
4.841	0.2221E-16
5.026	0.2168E-16
5.217	0.2127E-16
5.416	0.2080E-16
5.622	0.2029E-16
5.836	0.1975E-16
6.059	0.1918E-16
6.289	0.1859E-16
6.529	0.1798E-16
6.778	0.1736E-16
7.036	0.1675E-16
7.304	0.1609E-16
7.582	0.1551E-16
7.871	0.1494E-16
8.170	0.1441E-16
8.482	0.1391E-16
8.805	0.1346E-16
9.140	0.1305E-16
9.488	0.1269E-16
9.849	0.1240E-16
10.22	0.1210E-16
10.61	0.1195E-16
11.02	0.1186E-16
11.44	0.1186E-16
11.87	0.1194E-16
12.33	0.1210E-16
12.80	0.1235E-16
13.28	0.1269E-16
13.79	0.1312E-16
14.31	0.1365E-16
14.86	0.1428E-16
15.42	0.1501E-16
16.01	0.1584E-16
16.62	0.1677E-16
17.25	0.1781E-16
17.91	0.1895E-16
18.59	0.2020E-16
19.30	0.2156E-16
20.04	0.2305E-16
20.80	0.2463E-16
21.59	0.2633E-16
22.42	0.2814E-16
23.27	0.3007E-16
24.16	0.3212E-16
25.08	0.3429E-16
26.03	0.3658E-16
27.02	0.3901E-16
28.05	0.4155E-16
29.12	0.4422E-16
30.23	0.4702E-16
31.38	0.4995E-16
32.57	0.5301E-16
33.82	0.5620E-16
35.10	0.5951E-16
36.44	0.6296E-16
37.83	0.6654E-16
39.27	0.7024E-16
40.76	0.7407E-16
42.32	0.7802E-16
43.93	0.8209E-16
45.60	0.8628E-16
47.34	0.9059E-16
49.14	0.9500E-16
51.01	0.9953E-16
52.96	0.1042E-15
54.97	0.1089E-15
57.07	0.1137E-15
59.24	0.1187E-15
61.50	0.1237E-15
63.84	0.1287E-15
66.27	0.1339E-15
68.79	0.1391E-15
71.41	0.1444E-15
74.13	0.1497E-15
76.96	0.1550E-15
79.89	0.1604E-15
82.93	0.1658E-15
86.09	0.1712E-15
89.37	0.1767E-15
92.77	0.1821E-15
96.31	0.1874E-15
99.97	0.1928E-15
103.8	0.1981E-15
107.7	0.2033E-15
111.8	0.2085E-15
116.1	0.2136E-15
120.5	0.2186E-15
125.1	0.2234E-15
129.9	0.2282E-15
134.8	0.2328E-15
140.0	0.2372E-15
145.3	0.2415E-15
150.8	0.2456E-15
156.6	0.2495E-15
162.5	0.2532E-15
168.7	0.2567E-15
175.1	0.2600E-15
181.8	0.2630E-15
188.7	0.2658E-15
195.9	0.2683E-15
203.4	0.2705E-15
211.1	0.2725E-15
219.2	0.2742E-15
227.5	0.2756E-15
236.2	0.2767E-15
245.2	0.2776E-15
254.5	0.2781E-15
264.2	0.2784E-15
274.3	0.2784E-15
284.7	0.2781E-15
295.6	0.2775E-15
306.8	0.2766E-15
318.5	0.2755E-15
330.6	0.2740E-15
343.2	0.2724E-15
356.3	0.2704E-15
369.9	0.2683E-15
384.0	0.2658E-15
398.6	0.2632E-15
413.8	0.2603E-15
429.5	0.2573E-15
445.9	0.2540E-15
462.9	0.2506E-15
480.5	0.2470E-15
498.8	0.2432E-15
517.8	0.2393E-15
537.5	0.2353E-15
558.0	0.2311E-15
579.2	0.2268E-15
601.3	0.2224E-15
624.2	0.2180E-15
648.0	0.2134E-15
672.6	0.2088E-15
698.3	0.2042E-15
724.9	0.1995E-15
752.5	0.1948E-15
781.1	0.1900E-15
810.9	0.1853E-15
841.8	0.1805E-15
873.8	0.1758E-15
907.1	0.1711E-15
941.6	0.1663E-15
977.5	0.1617E-15
1015.	0.1570E-15
1053.	0.1524E-15
1094.	0.1479E-15
1135.	0.1434E-15
1178.	0.1389E-15
1223.	0.1346E-15
1270.	0.1302E-15
1318.	0.1260E-15
1368.	0.1218E-15
1421.	0.1177E-15
1475.	0.1137E-15
1531.	0.1098E-15
1589.	0.1059E-15
1650.	0.1022E-15
1712.	0.9848E-16
1778.	0.9489E-16
1845.	0.9138E-16
1916.	0.8795E-16
1989.	0.8461E-16
2064.	0.8137E-16
2143.	0.7820E-16
2225.	0.7513E-16
2309.	0.7214E-16
2397.	0.6923E-16
2489.	0.6641E-16
2583.	0.6368E-16
2682.	0.6103E-16
2784.	0.5846E-16
2890.	0.5597E-16
3000.	0.5356E-16
 
 
C9    O2    Excitation    0.98 eV                               
E/N (Td)	Inverse rate coefficient (m2)
0.1000E-02	0.3846E-16
0.1038E-02	0.3846E-16
0.1078E-02	0.3846E-16
0.1119E-02	0.3846E-16
0.1161E-02	0.3846E-16
0.1205E-02	0.3846E-16
0.1251E-02	0.3846E-16
0.1299E-02	0.3846E-16
0.1349E-02	0.3847E-16
0.1400E-02	0.3847E-16
0.1453E-02	0.3847E-16
0.1509E-02	0.3847E-16
0.1566E-02	0.3847E-16
0.1626E-02	0.3848E-16
0.1688E-02	0.3848E-16
0.1752E-02	0.3848E-16
0.1819E-02	0.3848E-16
0.1888E-02	0.3849E-16
0.1960E-02	0.3849E-16
0.2034E-02	0.3849E-16
0.2112E-02	0.3850E-16
0.2192E-02	0.3850E-16
0.2276E-02	0.3850E-16
0.2362E-02	0.3851E-16
0.2452E-02	0.3851E-16
0.2546E-02	0.3852E-16
0.2643E-02	0.3852E-16
0.2743E-02	0.3853E-16
0.2848E-02	0.3854E-16
0.2956E-02	0.3854E-16
0.3069E-02	0.3855E-16
0.3186E-02	0.3856E-16
0.3307E-02	0.3857E-16
0.3433E-02	0.3858E-16
0.3564E-02	0.3859E-16
0.3700E-02	0.3860E-16
0.3841E-02	0.3861E-16
0.3987E-02	0.3862E-16
0.4139E-02	0.3863E-16
0.4296E-02	0.3864E-16
0.4460E-02	0.3866E-16
0.4630E-02	0.3867E-16
0.4806E-02	0.3869E-16
0.4989E-02	0.3871E-16
0.5179E-02	0.3872E-16
0.5377E-02	0.3874E-16
0.5581E-02	0.3876E-16
0.5794E-02	0.3879E-16
0.6015E-02	0.3881E-16
0.6244E-02	0.3884E-16
0.6481E-02	0.3886E-16
0.6728E-02	0.3889E-16
0.6985E-02	0.3892E-16
0.7251E-02	0.3895E-16
0.7527E-02	0.3899E-16
0.7813E-02	0.3902E-16
0.8111E-02	0.3906E-16
0.8420E-02	0.3910E-16
0.8741E-02	0.3915E-16
0.9073E-02	0.3919E-16
0.9419E-02	0.3924E-16
0.9778E-02	0.3929E-16
0.1015E-01	0.3935E-16
0.1054E-01	0.3940E-16
0.1094E-01	0.3947E-16
0.1135E-01	0.3953E-16
0.1179E-01	0.3960E-16
0.1224E-01	0.3967E-16
0.1270E-01	0.3974E-16
0.1319E-01	0.3982E-16
0.1369E-01	0.3990E-16
0.1421E-01	0.3998E-16
0.1475E-01	0.4007E-16
0.1531E-01	0.4016E-16
0.1590E-01	0.4026E-16
0.1650E-01	0.4036E-16
0.1713E-01	0.4046E-16
0.1778E-01	0.4057E-16
0.1846E-01	0.4068E-16
0.1916E-01	0.4079E-16
0.1989E-01	0.4091E-16
0.2065E-01	0.4103E-16
0.2144E-01	0.4116E-16
0.2225E-01	0.4129E-16
0.2310E-01	0.4142E-16
0.2398E-01	0.4155E-16
0.2489E-01	0.4169E-16
0.2584E-01	0.4183E-16
0.2682E-01	0.4197E-16
0.2785E-01	0.4211E-16
0.2891E-01	0.4226E-16
0.3001E-01	0.4240E-16
0.3115E-01	0.4255E-16
0.3234E-01	0.4270E-16
0.3357E-01	0.4285E-16
0.3485E-01	0.4300E-16
0.3617E-01	0.4315E-16
0.3755E-01	0.4330E-16
0.3898E-01	0.4345E-16
0.4047E-01	0.4359E-16
0.4201E-01	0.4374E-16
0.4361E-01	0.4389E-16
0.4527E-01	0.4403E-16
0.4699E-01	0.4418E-16
0.4878E-01	0.4432E-16
0.5064E-01	0.4446E-16
0.5257E-01	0.4460E-16
0.5457E-01	0.4473E-16
0.5665E-01	0.4487E-16
0.5881E-01	0.4499E-16
0.6105E-01	0.4512E-16
0.6337E-01	0.4525E-16
0.6579E-01	0.4537E-16
0.6829E-01	0.4548E-16
0.7089E-01	0.4560E-16
0.7359E-01	0.4571E-16
0.7640E-01	0.4582E-16
0.7931E-01	0.4592E-16
0.8233E-01	0.4603E-16
0.8546E-01	0.4613E-16
0.8872E-01	0.4622E-16
0.9210E-01	0.4632E-16
0.9560E-01	0.4641E-16
0.9924E-01	0.4650E-16
0.1030	0.4658E-16
0.1069	0.4667E-16
0.1110	0.4675E-16
0.1152	0.4684E-16
0.1196	0.4692E-16
0.1242	0.4700E-16
0.1289	0.4708E-16
0.1338	0.4716E-16
0.1389	0.4724E-16
0.1442	0.4732E-16
0.1497	0.4740E-16
0.1554	0.4748E-16
0.1613	0.4756E-16
0.1675	0.4765E-16
0.1739	0.4774E-16
0.1805	0.4783E-16
0.1874	0.4792E-16
0.1945	0.4802E-16
0.2019	0.4811E-16
0.2096	0.4822E-16
0.2176	0.4832E-16
0.2259	0.4843E-16
0.2345	0.4854E-16
0.2434	0.4866E-16
0.2527	0.4878E-16
0.2623	0.4891E-16
0.2723	0.4904E-16
0.2826	0.4918E-16
0.2934	0.4932E-16
0.3046	0.4947E-16
0.3162	0.4962E-16
0.3282	0.4978E-16
0.3407	0.4994E-16
0.3537	0.5011E-16
0.3672	0.5028E-16
0.3812	0.5046E-16
0.3957	0.5064E-16
0.4107	0.5083E-16
0.4264	0.5102E-16
0.4426	0.5122E-16
0.4595	0.5142E-16
0.4770	0.5163E-16
0.4952	0.5184E-16
0.5140	0.5206E-16
0.5336	0.5228E-16
0.5539	0.5251E-16
0.5750	0.5275E-16
0.5969	0.5298E-16
0.6196	0.5323E-16
0.6432	0.5348E-16
0.6677	0.5373E-16
0.6932	0.5399E-16
0.7196	0.5427E-16
0.7470	0.5455E-16
0.7754	0.5483E-16
0.8050	0.5513E-16
0.8356	0.5543E-16
0.8674	0.5574E-16
0.9005	0.5606E-16
0.9348	0.5640E-16
0.9704	0.5674E-16
1.007	0.5710E-16
1.046	0.5748E-16
1.086	0.5787E-16
1.127	0.5827E-16
1.170	0.5869E-16
1.214	0.5913E-16
1.261	0.5959E-16
1.309	0.6007E-16
1.358	0.6057E-16
1.410	0.6112E-16
1.464	0.6166E-16
1.520	0.6223E-16
1.578	0.6284E-16
1.638	0.6347E-16
1.700	0.6416E-16
1.765	0.6486E-16
1.832	0.6560E-16
1.902	0.6638E-16
1.974	0.6721E-16
2.049	0.6810E-16
2.127	0.6905E-16
2.208	0.7007E-16
2.293	0.7116E-16
2.380	0.7236E-16
2.470	0.7365E-16
2.565	0.7507E-16
2.662	0.7682E-16
2.764	0.7858E-16
2.869	0.8053E-16
2.978	0.8270E-16
3.092	0.8511E-16
3.209	0.8780E-16
3.332	0.9081E-16
3.458	0.9282E-16
3.590	0.9641E-16
3.727	0.1004E-15
3.869	0.1049E-15
4.016	0.1098E-15
4.169	0.1152E-15
4.328	0.1212E-15
4.493	0.1277E-15
4.664	0.1347E-15
4.841	0.1424E-15
5.026	0.1518E-15
5.217	0.1606E-15
5.416	0.1699E-15
5.622	0.1798E-15
5.836	0.1902E-15
6.059	0.2011E-15
6.289	0.2124E-15
6.529	0.2241E-15
6.778	0.2362E-15
7.036	0.2485E-15
7.304	0.2620E-15
7.582	0.2749E-15
7.871	0.2879E-15
8.170	0.3011E-15
8.482	0.3143E-15
8.805	0.3276E-15
9.140	0.3409E-15
9.488	0.3542E-15
9.849	0.3674E-15
10.22	0.3811E-15
10.61	0.3940E-15
11.02	0.4067E-15
11.44	0.4193E-15
11.87	0.4316E-15
12.33	0.4437E-15
12.80	0.4555E-15
13.28	0.4671E-15
13.79	0.4785E-15
14.31	0.4897E-15
14.86	0.5005E-15
15.42	0.5110E-15
16.01	0.5213E-15
16.62	0.5313E-15
17.25	0.5411E-15
17.91	0.5506E-15
18.59	0.5600E-15
19.30	0.5691E-15
20.04	0.5773E-15
20.80	0.5861E-15
21.59	0.5948E-15
22.42	0.6034E-15
23.27	0.6118E-15
24.16	0.6202E-15
25.08	0.6284E-15
26.03	0.6366E-15
27.02	0.6450E-15
28.05	0.6530E-15
29.12	0.6610E-15
30.23	0.6689E-15
31.38	0.6768E-15
32.57	0.6847E-15
33.82	0.6926E-15
35.10	0.7005E-15
36.44	0.7085E-15
37.83	0.7165E-15
39.27	0.7244E-15
40.76	0.7324E-15
42.32	0.7404E-15
43.93	0.7484E-15
45.60	0.7565E-15
47.34	0.7646E-15
49.14	0.7727E-15
51.01	0.7809E-15
52.96	0.7891E-15
54.97	0.7974E-15
57.07	0.8057E-15
59.24	0.8141E-15
61.50	0.8225E-15
63.84	0.8309E-15
66.27	0.8394E-15
68.79	0.8479E-15
71.41	0.8565E-15
74.13	0.8651E-15
76.96	0.8737E-15
79.89	0.8824E-15
82.93	0.8911E-15
86.09	0.8998E-15
89.37	0.9085E-15
92.77	0.9172E-15
96.31	0.9259E-15
99.97	0.9346E-15
103.8	0.9433E-15
107.7	0.9520E-15
111.8	0.9606E-15
116.1	0.9692E-15
120.5	0.9778E-15
125.1	0.9864E-15
129.9	0.9949E-15
134.8	0.1003E-14
140.0	0.1012E-14
145.3	0.1020E-14
150.8	0.1028E-14
156.6	0.1036E-14
162.5	0.1044E-14
168.7	0.1052E-14
175.1	0.1060E-14
181.8	0.1067E-14
188.7	0.1075E-14
195.9	0.1082E-14
203.4	0.1089E-14
211.1	0.1096E-14
219.2	0.1103E-14
227.5	0.1109E-14
236.2	0.1115E-14
245.2	0.1121E-14
254.5	0.1127E-14
264.2	0.1133E-14
274.3	0.1138E-14
284.7	0.1143E-14
295.6	0.1147E-14
306.8	0.1152E-14
318.5	0.1156E-14
330.6	0.1159E-14
343.2	0.1163E-14
356.3	0.1165E-14
369.9	0.1168E-14
384.0	0.1170E-14
398.6	0.1172E-14
413.8	0.1173E-14
429.5	0.1174E-14
445.9	0.1175E-14
462.9	0.1175E-14
480.5	0.1175E-14
498.8	0.1174E-14
517.8	0.1173E-14
537.5	0.1172E-14
558.0	0.1170E-14
579.2	0.1168E-14
601.3	0.1165E-14
624.2	0.1162E-14
648.0	0.1158E-14
672.6	0.1154E-14
698.3	0.1150E-14
724.9	0.1145E-14
752.5	0.1140E-14
781.1	0.1135E-14
810.9	0.1129E-14
841.8	0.1123E-14
873.8	0.1116E-14
907.1	0.1109E-14
941.6	0.1102E-14
977.5	0.1094E-14
1015.	0.1086E-14
1053.	0.1078E-14
1094.	0.1069E-14
1135.	0.1061E-14
1178.	0.1052E-14
1223.	0.1042E-14
1270.	0.1032E-14
1318.	0.1023E-14
1368.	0.1012E-14
1421.	0.1002E-14
1475.	0.9914E-15
1531.	0.9806E-15
1589.	0.9696E-15
1650.	0.9584E-15
1712.	0.9470E-15
1778.	0.9355E-15
1845.	0.9239E-15
1916.	0.9121E-15
1989.	0.9003E-15
2064.	0.8883E-15
2143.	0.8763E-15
2225.	0.8642E-15
2309.	0.8520E-15
2397.	0.8398E-15
2489.	0.8276E-15
2583.	0.8154E-15
2682.	0.8032E-15
2784.	0.7910E-15
2890.	0.7788E-15
3000.	0.7668E-15
 
 
C10   O2    Excitation    1.63 eV                               
E/N (Td)	Inverse rate coefficient (m2)
0.1000E-02	0.4521E-16
0.1038E-02	0.4521E-16
0.1078E-02	0.4521E-16
0.1119E-02	0.4521E-16
0.1161E-02	0.4521E-16
0.1205E-02	0.4522E-16
0.1251E-02	0.4522E-16
0.1299E-02	0.4522E-16
0.1349E-02	0.4522E-16
0.1400E-02	0.4522E-16
0.1453E-02	0.4522E-16
0.1509E-02	0.4523E-16
0.1566E-02	0.4523E-16
0.1626E-02	0.4523E-16
0.1688E-02	0.4523E-16
0.1752E-02	0.4523E-16
0.1819E-02	0.4524E-16
0.1888E-02	0.4524E-16
0.1960E-02	0.4524E-16
0.2034E-02	0.4525E-16
0.2112E-02	0.4525E-16
0.2192E-02	0.4525E-16
0.2276E-02	0.4526E-16
0.2362E-02	0.4526E-16
0.2452E-02	0.4527E-16
0.2546E-02	0.4527E-16
0.2643E-02	0.4528E-16
0.2743E-02	0.4528E-16
0.2848E-02	0.4529E-16
0.2956E-02	0.4530E-16
0.3069E-02	0.4530E-16
0.3186E-02	0.4531E-16
0.3307E-02	0.4532E-16
0.3433E-02	0.4533E-16
0.3564E-02	0.4534E-16
0.3700E-02	0.4535E-16
0.3841E-02	0.4536E-16
0.3987E-02	0.4537E-16
0.4139E-02	0.4538E-16
0.4296E-02	0.4539E-16
0.4460E-02	0.4540E-16
0.4630E-02	0.4542E-16
0.4806E-02	0.4543E-16
0.4989E-02	0.4545E-16
0.5179E-02	0.4547E-16
0.5377E-02	0.4548E-16
0.5581E-02	0.4550E-16
0.5794E-02	0.4552E-16
0.6015E-02	0.4554E-16
0.6244E-02	0.4557E-16
0.6481E-02	0.4559E-16
0.6728E-02	0.4562E-16
0.6985E-02	0.4564E-16
0.7251E-02	0.4567E-16
0.7527E-02	0.4570E-16
0.7813E-02	0.4573E-16
0.8111E-02	0.4577E-16
0.8420E-02	0.4580E-16
0.8741E-02	0.4584E-16
0.9073E-02	0.4588E-16
0.9419E-02	0.4592E-16
0.9778E-02	0.4596E-16
0.1015E-01	0.4601E-16
0.1054E-01	0.4606E-16
0.1094E-01	0.4611E-16
0.1135E-01	0.4616E-16
0.1179E-01	0.4621E-16
0.1224E-01	0.4627E-16
0.1270E-01	0.4633E-16
0.1319E-01	0.4639E-16
0.1369E-01	0.4645E-16
0.1421E-01	0.4651E-16
0.1475E-01	0.4658E-16
0.1531E-01	0.4665E-16
0.1590E-01	0.4672E-16
0.1650E-01	0.4679E-16
0.1713E-01	0.4687E-16
0.1778E-01	0.4694E-16
0.1846E-01	0.4702E-16
0.1916E-01	0.4709E-16
0.1989E-01	0.4717E-16
0.2065E-01	0.4725E-16
0.2144E-01	0.4733E-16
0.2225E-01	0.4740E-16
0.2310E-01	0.4748E-16
0.2398E-01	0.4756E-16
0.2489E-01	0.4764E-16
0.2584E-01	0.4771E-16
0.2682E-01	0.4779E-16
0.2785E-01	0.4786E-16
0.2891E-01	0.4793E-16
0.3001E-01	0.4800E-16
0.3115E-01	0.4806E-16
0.3234E-01	0.4812E-16
0.3357E-01	0.4819E-16
0.3485E-01	0.4824E-16
0.3617E-01	0.4830E-16
0.3755E-01	0.4835E-16
0.3898E-01	0.4840E-16
0.4047E-01	0.4844E-16
0.4201E-01	0.4848E-16
0.4361E-01	0.4852E-16
0.4527E-01	0.4856E-16
0.4699E-01	0.4859E-16
0.4878E-01	0.4862E-16
0.5064E-01	0.4864E-16
0.5257E-01	0.4866E-16
0.5457E-01	0.4869E-16
0.5665E-01	0.4870E-16
0.5881E-01	0.4872E-16
0.6105E-01	0.4873E-16
0.6337E-01	0.4874E-16
0.6579E-01	0.4875E-16
0.6829E-01	0.4876E-16
0.7089E-01	0.4877E-16
0.7359E-01	0.4877E-16
0.7640E-01	0.4878E-16
0.7931E-01	0.4878E-16
0.8233E-01	0.4878E-16
0.8546E-01	0.4878E-16
0.8872E-01	0.4878E-16
0.9210E-01	0.4879E-16
0.9560E-01	0.4879E-16
0.9924E-01	0.4879E-16
0.1030	0.4879E-16
0.1069	0.4878E-16
0.1110	0.4878E-16
0.1152	0.4878E-16
0.1196	0.4878E-16
0.1242	0.4878E-16
0.1289	0.4878E-16
0.1338	0.4878E-16
0.1389	0.4878E-16
0.1442	0.4879E-16
0.1497	0.4879E-16
0.1554	0.4879E-16
0.1613	0.4879E-16
0.1675	0.4879E-16
0.1739	0.4880E-16
0.1805	0.4880E-16
0.1874	0.4880E-16
0.1945	0.4881E-16
0.2019	0.4881E-16
0.2096	0.4882E-16
0.2176	0.4882E-16
0.2259	0.4883E-16
0.2345	0.4883E-16
0.2434	0.4884E-16
0.2527	0.4885E-16
0.2623	0.4886E-16
0.2723	0.4887E-16
0.2826	0.4888E-16
0.2934	0.4889E-16
0.3046	0.4890E-16
0.3162	0.4891E-16
0.3282	0.4893E-16
0.3407	0.4894E-16
0.3537	0.4896E-16
0.3672	0.4897E-16
0.3812	0.4899E-16
0.3957	0.4901E-16
0.4107	0.4902E-16
0.4264	0.4904E-16
0.4426	0.4907E-16
0.4595	0.4909E-16
0.4770	0.4911E-16
0.4952	0.4914E-16
0.5140	0.4916E-16
0.5336	0.4919E-16
0.5539	0.4922E-16
0.5750	0.4926E-16
0.5969	0.4929E-16
0.6196	0.4933E-16
0.6432	0.4937E-16
0.6677	0.4941E-16
0.6932	0.4945E-16
0.7196	0.4950E-16
0.7470	0.4955E-16
0.7754	0.4960E-16
0.8050	0.4966E-16
0.8356	0.4972E-16
0.8674	0.4979E-16
0.9005	0.4986E-16
0.9348	0.4994E-16
0.9704	0.5002E-16
1.007	0.5011E-16
1.046	0.5020E-16
1.086	0.5030E-16
1.127	0.5041E-16
1.170	0.5053E-16
1.214	0.5065E-16
1.261	0.5079E-16
1.309	0.5093E-16
1.358	0.5108E-16
1.410	0.5125E-16
1.464	0.5142E-16
1.520	0.5161E-16
1.578	0.5182E-16
1.638	0.5203E-16
1.700	0.5228E-16
1.765	0.5253E-16
1.832	0.5280E-16
1.902	0.5310E-16
1.974	0.5342E-16
2.049	0.5377E-16
2.127	0.5414E-16
2.208	0.5456E-16
2.293	0.5501E-16
2.380	0.5550E-16
2.470	0.5605E-16
2.565	0.5666E-16
2.662	0.5742E-16
2.764	0.5818E-16
2.869	0.5902E-16
2.978	0.5996E-16
3.092	0.6100E-16
3.209	0.6216E-16
3.332	0.6344E-16
3.458	0.6428E-16
3.590	0.6581E-16
3.727	0.6749E-16
3.869	0.6934E-16
4.016	0.7137E-16
4.169	0.7358E-16
4.328	0.7599E-16
4.493	0.7858E-16
4.664	0.8137E-16
4.841	0.8434E-16
5.026	0.8794E-16
5.217	0.9128E-16
5.416	0.9478E-16
5.622	0.9843E-16
5.836	0.1022E-15
6.059	0.1061E-15
6.289	0.1101E-15
6.529	0.1142E-15
6.778	0.1183E-15
7.036	0.1225E-15
7.304	0.1270E-15
7.582	0.1312E-15
7.871	0.1354E-15
8.170	0.1396E-15
8.482	0.1438E-15
8.805	0.1479E-15
9.140	0.1520E-15
9.488	0.1559E-15
9.849	0.1599E-15
10.22	0.1639E-15
10.61	0.1676E-15
11.02	0.1713E-15
11.44	0.1748E-15
11.87	0.1782E-15
12.33	0.1815E-15
12.80	0.1848E-15
13.28	0.1879E-15
13.79	0.1909E-15
14.31	0.1938E-15
14.86	0.1966E-15
15.42	0.1993E-15
16.01	0.2019E-15
16.62	0.2044E-15
17.25	0.2068E-15
17.91	0.2091E-15
18.59	0.2114E-15
19.30	0.2136E-15
20.04	0.2154E-15
20.80	0.2175E-15
21.59	0.2195E-15
22.42	0.2215E-15
23.27	0.2234E-15
24.16	0.2253E-15
25.08	0.2271E-15
26.03	0.2289E-15
27.02	0.2307E-15
28.05	0.2325E-15
29.12	0.2341E-15
30.23	0.2358E-15
31.38	0.2374E-15
32.57	0.2390E-15
33.82	0.2406E-15
35.10	0.2422E-15
36.44	0.2438E-15
37.83	0.2453E-15
39.27	0.2468E-15
40.76	0.2483E-15
42.32	0.2498E-15
43.93	0.2513E-15
45.60	0.2528E-15
47.34	0.2543E-15
49.14	0.2557E-15
51.01	0.2572E-15
52.96	0.2586E-15
54.97	0.2601E-15
57.07	0.2615E-15
59.24	0.2629E-15
61.50	0.2643E-15
63.84	0.2657E-15
66.27	0.2671E-15
68.79	0.2685E-15
71.41	0.2699E-15
74.13	0.2713E-15
76.96	0.2727E-15
79.89	0.2740E-15
82.93	0.2754E-15
86.09	0.2767E-15
89.37	0.2781E-15
92.77	0.2794E-15
96.31	0.2807E-15
99.97	0.2820E-15
103.8	0.2833E-15
107.7	0.2846E-15
111.8	0.2859E-15
116.1	0.2872E-15
120.5	0.2884E-15
125.1	0.2897E-15
129.9	0.2909E-15
134.8	0.2921E-15
140.0	0.2933E-15
145.3	0.2945E-15
150.8	0.2957E-15
156.6	0.2969E-15
162.5	0.2981E-15
168.7	0.2992E-15
175.1	0.3004E-15
181.8	0.3015E-15
188.7	0.3026E-15
195.9	0.3037E-15
203.4	0.3048E-15
211.1	0.3058E-15
219.2	0.3069E-15
227.5	0.3079E-15
236.2	0.3089E-15
245.2	0.3099E-15
254.5	0.3108E-15
264.2	0.3118E-15
274.3	0.3127E-15
284.7	0.3136E-15
295.6	0.3144E-15
306.8	0.3152E-15
318.5	0.3160E-15
330.6	0.3167E-15
343.2	0.3174E-15
356.3	0.3180E-15
369.9	0.3186E-15
384.0	0.3191E-15
398.6	0.3196E-15
413.8	0.3200E-15
429.5	0.3204E-15
445.9	0.3206E-15
462.9	0.3209E-15
480.5	0.3210E-15
498.8	0.3211E-15
517.8	0.3211E-15
537.5	0.3210E-15
558.0	0.3208E-15
579.2	0.3206E-15
601.3	0.3202E-15
624.2	0.3198E-15
648.0	0.3193E-15
672.6	0.3188E-15
698.3	0.3181E-15
724.9	0.3173E-15
752.5	0.3165E-15
781.1	0.3155E-15
810.9	0.3145E-15
841.8	0.3134E-15
873.8	0.3122E-15
907.1	0.3109E-15
941.6	0.3096E-15
977.5	0.3081E-15
1015.	0.3066E-15
1053.	0.3049E-15
1094.	0.3033E-15
1135.	0.3015E-15
1178.	0.2996E-15
1223.	0.2977E-15
1270.	0.2957E-15
1318.	0.2937E-15
1368.	0.2915E-15
1421.	0.2893E-15
1475.	0.2871E-15
1531.	0.2848E-15
1589.	0.2824E-15
1650.	0.2800E-15
1712.	0.2775E-15
1778.	0.2750E-15
1845.	0.2724E-15
1916.	0.2698E-15
1989.	0.2672E-15
2064.	0.2645E-15
2143.	0.2618E-15
2225.	0.2591E-15
2309.	0.2563E-15
2397.	0.2535E-15
2489.	0.2508E-15
2583.	0.2480E-15
2682.	0.2451E-15
2784.	0.2423E-15
2890.	0.2395E-15
3000.	0.2367E-15
 
 
C11   O2    Excitation    4.50 eV                               
E/N (Td)	Inverse rate coefficient (m2)
0.1000E-02	0.4862E-16
0.1038E-02	0.4862E-16
0.1078E-02	0.4863E-16
0.1119E-02	0.4863E-16
0.1161E-02	0.4863E-16
0.1205E-02	0.4863E-16
0.1251E-02	0.4864E-16
0.1299E-02	0.4864E-16
0.1349E-02	0.4864E-16
0.1400E-02	0.4864E-16
0.1453E-02	0.4865E-16
0.1509E-02	0.4865E-16
0.1566E-02	0.4866E-16
0.1626E-02	0.4866E-16
0.1688E-02	0.4866E-16
0.1752E-02	0.4867E-16
0.1819E-02	0.4867E-16
0.1888E-02	0.4868E-16
0.1960E-02	0.4869E-16
0.2034E-02	0.4869E-16
0.2112E-02	0.4870E-16
0.2192E-02	0.4871E-16
0.2276E-02	0.4871E-16
0.2362E-02	0.4872E-16
0.2452E-02	0.4873E-16
0.2546E-02	0.4874E-16
0.2643E-02	0.4875E-16
0.2743E-02	0.4877E-16
0.2848E-02	0.4878E-16
0.2956E-02	0.4879E-16
0.3069E-02	0.4880E-16
0.3186E-02	0.4882E-16
0.3307E-02	0.4884E-16
0.3433E-02	0.4885E-16
0.3564E-02	0.4887E-16
0.3700E-02	0.4889E-16
0.3841E-02	0.4891E-16
0.3987E-02	0.4894E-16
0.4139E-02	0.4896E-16
0.4296E-02	0.4899E-16
0.4460E-02	0.4902E-16
0.4630E-02	0.4905E-16
0.4806E-02	0.4908E-16
0.4989E-02	0.4911E-16
0.5179E-02	0.4915E-16
0.5377E-02	0.4919E-16
0.5581E-02	0.4923E-16
0.5794E-02	0.4928E-16
0.6015E-02	0.4933E-16
0.6244E-02	0.4938E-16
0.6481E-02	0.4943E-16
0.6728E-02	0.4949E-16
0.6985E-02	0.4956E-16
0.7251E-02	0.4962E-16
0.7527E-02	0.4969E-16
0.7813E-02	0.4977E-16
0.8111E-02	0.4985E-16
0.8420E-02	0.4994E-16
0.8741E-02	0.5003E-16
0.9073E-02	0.5013E-16
0.9419E-02	0.5024E-16
0.9778E-02	0.5035E-16
0.1015E-01	0.5047E-16
0.1054E-01	0.5059E-16
0.1094E-01	0.5072E-16
0.1135E-01	0.5087E-16
0.1179E-01	0.5101E-16
0.1224E-01	0.5117E-16
0.1270E-01	0.5134E-16
0.1319E-01	0.5152E-16
0.1369E-01	0.5170E-16
0.1421E-01	0.5190E-16
0.1475E-01	0.5211E-16
0.1531E-01	0.5233E-16
0.1590E-01	0.5256E-16
0.1650E-01	0.5280E-16
0.1713E-01	0.5305E-16
0.1778E-01	0.5331E-16
0.1846E-01	0.5359E-16
0.1916E-01	0.5388E-16
0.1989E-01	0.5418E-16
0.2065E-01	0.5450E-16
0.2144E-01	0.5482E-16
0.2225E-01	0.5516E-16
0.2310E-01	0.5551E-16
0.2398E-01	0.5587E-16
0.2489E-01	0.5625E-16
0.2584E-01	0.5664E-16
0.2682E-01	0.5704E-16
0.2785E-01	0.5745E-16
0.2891E-01	0.5787E-16
0.3001E-01	0.5830E-16
0.3115E-01	0.5874E-16
0.3234E-01	0.5919E-16
0.3357E-01	0.5965E-16
0.3485E-01	0.6011E-16
0.3617E-01	0.6058E-16
0.3755E-01	0.6106E-16
0.3898E-01	0.6155E-16
0.4047E-01	0.6203E-16
0.4201E-01	0.6252E-16
0.4361E-01	0.6301E-16
0.4527E-01	0.6350E-16
0.4699E-01	0.6400E-16
0.4878E-01	0.6449E-16
0.5064E-01	0.6497E-16
0.5257E-01	0.6546E-16
0.5457E-01	0.6594E-16
0.5665E-01	0.6641E-16
0.5881E-01	0.6688E-16
0.6105E-01	0.6734E-16
0.6337E-01	0.6779E-16
0.6579E-01	0.6823E-16
0.6829E-01	0.6867E-16
0.7089E-01	0.6909E-16
0.7359E-01	0.6950E-16
0.7640E-01	0.6991E-16
0.7931E-01	0.7030E-16
0.8233E-01	0.7068E-16
0.8546E-01	0.7105E-16
0.8872E-01	0.7141E-16
0.9210E-01	0.7176E-16
0.9560E-01	0.7211E-16
0.9924E-01	0.7244E-16
0.1030	0.7276E-16
0.1069	0.7308E-16
0.1110	0.7339E-16
0.1152	0.7370E-16
0.1196	0.7400E-16
0.1242	0.7429E-16
0.1289	0.7458E-16
0.1338	0.7488E-16
0.1389	0.7517E-16
0.1442	0.7546E-16
0.1497	0.7575E-16
0.1554	0.7604E-16
0.1613	0.7634E-16
0.1675	0.7664E-16
0.1739	0.7695E-16
0.1805	0.7726E-16
0.1874	0.7758E-16
0.1945	0.7791E-16
0.2019	0.7825E-16
0.2096	0.7860E-16
0.2176	0.7897E-16
0.2259	0.7934E-16
0.2345	0.7973E-16
0.2434	0.8013E-16
0.2527	0.8054E-16
0.2623	0.8098E-16
0.2723	0.8142E-16
0.2826	0.8188E-16
0.2934	0.8236E-16
0.3046	0.8286E-16
0.3162	0.8337E-16
0.3282	0.8390E-16
0.3407	0.8445E-16
0.3537	0.8502E-16
0.3672	0.8560E-16
0.3812	0.8621E-16
0.3957	0.8683E-16
0.4107	0.8747E-16
0.4264	0.8812E-16
0.4426	0.8880E-16
0.4595	0.8950E-16
0.4770	0.9021E-16
0.4952	0.9095E-16
0.5140	0.9171E-16
0.5336	0.9248E-16
0.5539	0.9329E-16
0.5750	0.9412E-16
0.5969	0.9497E-16
0.6196	0.9585E-16
0.6432	0.9676E-16
0.6677	0.9769E-16
0.6932	0.9866E-16
0.7196	0.9969E-16
0.7470	0.1007E-15
0.7754	0.1018E-15
0.8050	0.1030E-15
0.8356	0.1042E-15
0.8674	0.1054E-15
0.9005	0.1067E-15
0.9348	0.1081E-15
0.9704	0.1095E-15
1.007	0.1110E-15
1.046	0.1126E-15
1.086	0.1143E-15
1.127	0.1161E-15
1.170	0.1179E-15
1.214	0.1200E-15
1.261	0.1221E-15
1.309	0.1243E-15
1.358	0.1267E-15
1.410	0.1293E-15
1.464	0.1320E-15
1.520	0.1348E-15
1.578	0.1379E-15
1.638	0.1412E-15
1.700	0.1448E-15
1.765	0.1485E-15
1.832	0.1525E-15
1.902	0.1569E-15
1.974	0.1615E-15
2.049	0.1666E-15
2.127	0.1721E-15
2.208	0.1780E-15
2.293	0.1846E-15
2.380	0.1917E-15
2.470	0.1996E-15
2.565	0.2083E-15
2.662	0.2192E-15
2.764	0.2301E-15
2.869	0.2422E-15
2.978	0.2556E-15
3.092	0.2706E-15
3.209	0.2872E-15
3.332	0.3056E-15
3.458	0.3175E-15
3.590	0.3392E-15
3.727	0.3631E-15
3.869	0.3893E-15
4.016	0.4180E-15
4.169	0.4490E-15
4.328	0.4826E-15
4.493	0.5186E-15
4.664	0.5570E-15
4.841	0.5976E-15
5.026	0.6466E-15
5.217	0.6913E-15
5.416	0.7377E-15
5.622	0.7854E-15
5.836	0.8342E-15
6.059	0.8837E-15
6.289	0.9336E-15
6.529	0.9837E-15
6.778	0.1034E-14
7.036	0.1083E-14
7.304	0.1136E-14
7.582	0.1184E-14
7.871	0.1230E-14
8.170	0.1275E-14
8.482	0.1319E-14
8.805	0.1361E-14
9.140	0.1401E-14
9.488	0.1439E-14
9.849	0.1476E-14
10.22	0.1513E-14
10.61	0.1545E-14
11.02	0.1575E-14
11.44	0.1604E-14
11.87	0.1630E-14
12.33	0.1655E-14
12.80	0.1677E-14
13.28	0.1698E-14
13.79	0.1718E-14
14.31	0.1736E-14
14.86	0.1753E-14
15.42	0.1768E-14
16.01	0.1781E-14
16.62	0.1794E-14
17.25	0.1805E-14
17.91	0.1815E-14
18.59	0.1825E-14
19.30	0.1833E-14
20.04	0.1838E-14
20.80	0.1845E-14
21.59	0.1852E-14
22.42	0.1857E-14
23.27	0.1862E-14
24.16	0.1867E-14
25.08	0.1870E-14
26.03	0.1874E-14
27.02	0.1877E-14
28.05	0.1879E-14
29.12	0.1881E-14
30.23	0.1882E-14
31.38	0.1883E-14
32.57	0.1883E-14
33.82	0.1883E-14
35.10	0.1883E-14
36.44	0.1883E-14
37.83	0.1881E-14
39.27	0.1880E-14
40.76	0.1878E-14
42.32	0.1876E-14
43.93	0.1873E-14
45.60	0.1870E-14
47.34	0.1867E-14
49.14	0.1863E-14
51.01	0.1859E-14
52.96	0.1855E-14
54.97	0.1850E-14
57.07	0.1845E-14
59.24	0.1840E-14
61.50	0.1834E-14
63.84	0.1827E-14
66.27	0.1821E-14
68.79	0.1814E-14
71.41	0.1807E-14
74.13	0.1799E-14
76.96	0.1791E-14
79.89	0.1783E-14
82.93	0.1774E-14
86.09	0.1765E-14
89.37	0.1755E-14
92.77	0.1745E-14
96.31	0.1735E-14
99.97	0.1724E-14
103.8	0.1713E-14
107.7	0.1701E-14
111.8	0.1689E-14
116.1	0.1677E-14
120.5	0.1664E-14
125.1	0.1650E-14
129.9	0.1637E-14
134.8	0.1623E-14
140.0	0.1608E-14
145.3	0.1594E-14
150.8	0.1578E-14
156.6	0.1563E-14
162.5	0.1547E-14
168.7	0.1531E-14
175.1	0.1514E-14
181.8	0.1497E-14
188.7	0.1480E-14
195.9	0.1462E-14
203.4	0.1444E-14
211.1	0.1426E-14
219.2	0.1407E-14
227.5	0.1389E-14
236.2	0.1370E-14
245.2	0.1350E-14
254.5	0.1331E-14
264.2	0.1311E-14
274.3	0.1292E-14
284.7	0.1272E-14
295.6	0.1252E-14
306.8	0.1231E-14
318.5	0.1211E-14
330.6	0.1191E-14
343.2	0.1171E-14
356.3	0.1150E-14
369.9	0.1130E-14
384.0	0.1110E-14
398.6	0.1090E-14
413.8	0.1069E-14
429.5	0.1049E-14
445.9	0.1030E-14
462.9	0.1010E-14
480.5	0.9903E-15
498.8	0.9709E-15
517.8	0.9517E-15
537.5	0.9328E-15
558.0	0.9140E-15
579.2	0.8955E-15
601.3	0.8773E-15
624.2	0.8593E-15
648.0	0.8415E-15
672.6	0.8241E-15
698.3	0.8069E-15
724.9	0.7900E-15
752.5	0.7734E-15
781.1	0.7572E-15
810.9	0.7412E-15
841.8	0.7255E-15
873.8	0.7101E-15
907.1	0.6950E-15
941.6	0.6802E-15
977.5	0.6657E-15
1015.	0.6515E-15
1053.	0.6376E-15
1094.	0.6239E-15
1135.	0.6106E-15
1178.	0.5976E-15
1223.	0.5848E-15
1270.	0.5723E-15
1318.	0.5601E-15
1368.	0.5481E-15
1421.	0.5364E-15
1475.	0.5249E-15
1531.	0.5137E-15
1589.	0.5027E-15
1650.	0.4920E-15
1712.	0.4815E-15
1778.	0.4712E-15
1845.	0.4611E-15
1916.	0.4513E-15
1989.	0.4416E-15
2064.	0.4322E-15
2143.	0.4230E-15
2225.	0.4140E-15
2309.	0.4051E-15
2397.	0.3965E-15
2489.	0.3880E-15
2583.	0.3798E-15
2682.	0.3717E-15
2784.	0.3638E-15
2890.	0.3561E-15
3000.	0.3486E-15
 
 
C12   O2    Excitation    6.10 eV                               
E/N (Td)	Inverse rate coefficient (m2)
0.1000E-02	0.1092E-14
0.1038E-02	0.1092E-14
0.1078E-02	0.1092E-14
0.1119E-02	0.1092E-14
0.1161E-02	0.1092E-14
0.1205E-02	0.1092E-14
0.1251E-02	0.1092E-14
0.1299E-02	0.1093E-14
0.1349E-02	0.1093E-14
0.1400E-02	0.1093E-14
0.1453E-02	0.1093E-14
0.1509E-02	0.1093E-14
0.1566E-02	0.1093E-14
0.1626E-02	0.1093E-14
0.1688E-02	0.1093E-14
0.1752E-02	0.1093E-14
0.1819E-02	0.1093E-14
0.1888E-02	0.1093E-14
0.1960E-02	0.1094E-14
0.2034E-02	0.1094E-14
0.2112E-02	0.1094E-14
0.2192E-02	0.1094E-14
0.2276E-02	0.1094E-14
0.2362E-02	0.1094E-14
0.2452E-02	0.1095E-14
0.2546E-02	0.1095E-14
0.2643E-02	0.1095E-14
0.2743E-02	0.1095E-14
0.2848E-02	0.1096E-14
0.2956E-02	0.1096E-14
0.3069E-02	0.1096E-14
0.3186E-02	0.1097E-14
0.3307E-02	0.1097E-14
0.3433E-02	0.1097E-14
0.3564E-02	0.1098E-14
0.3700E-02	0.1098E-14
0.3841E-02	0.1099E-14
0.3987E-02	0.1099E-14
0.4139E-02	0.1100E-14
0.4296E-02	0.1100E-14
0.4460E-02	0.1101E-14
0.4630E-02	0.1102E-14
0.4806E-02	0.1103E-14
0.4989E-02	0.1103E-14
0.5179E-02	0.1104E-14
0.5377E-02	0.1105E-14
0.5581E-02	0.1106E-14
0.5794E-02	0.1107E-14
0.6015E-02	0.1108E-14
0.6244E-02	0.1109E-14
0.6481E-02	0.1111E-14
0.6728E-02	0.1112E-14
0.6985E-02	0.1113E-14
0.7251E-02	0.1115E-14
0.7527E-02	0.1116E-14
0.7813E-02	0.1118E-14
0.8111E-02	0.1120E-14
0.8420E-02	0.1122E-14
0.8741E-02	0.1124E-14
0.9073E-02	0.1126E-14
0.9419E-02	0.1129E-14
0.9778E-02	0.1131E-14
0.1015E-01	0.1134E-14
0.1054E-01	0.1137E-14
0.1094E-01	0.1140E-14
0.1135E-01	0.1143E-14
0.1179E-01	0.1146E-14
0.1224E-01	0.1150E-14
0.1270E-01	0.1154E-14
0.1319E-01	0.1158E-14
0.1369E-01	0.1162E-14
0.1421E-01	0.1166E-14
0.1475E-01	0.1171E-14
0.1531E-01	0.1176E-14
0.1590E-01	0.1181E-14
0.1650E-01	0.1187E-14
0.1713E-01	0.1192E-14
0.1778E-01	0.1198E-14
0.1846E-01	0.1204E-14
0.1916E-01	0.1211E-14
0.1989E-01	0.1218E-14
0.2065E-01	0.1225E-14
0.2144E-01	0.1232E-14
0.2225E-01	0.1240E-14
0.2310E-01	0.1248E-14
0.2398E-01	0.1256E-14
0.2489E-01	0.1264E-14
0.2584E-01	0.1273E-14
0.2682E-01	0.1282E-14
0.2785E-01	0.1291E-14
0.2891E-01	0.1301E-14
0.3001E-01	0.1310E-14
0.3115E-01	0.1320E-14
0.3234E-01	0.1330E-14
0.3357E-01	0.1341E-14
0.3485E-01	0.1351E-14
0.3617E-01	0.1362E-14
0.3755E-01	0.1372E-14
0.3898E-01	0.1383E-14
0.4047E-01	0.1394E-14
0.4201E-01	0.1405E-14
0.4361E-01	0.1416E-14
0.4527E-01	0.1427E-14
0.4699E-01	0.1438E-14
0.4878E-01	0.1449E-14
0.5064E-01	0.1460E-14
0.5257E-01	0.1471E-14
0.5457E-01	0.1482E-14
0.5665E-01	0.1492E-14
0.5881E-01	0.1503E-14
0.6105E-01	0.1513E-14
0.6337E-01	0.1523E-14
0.6579E-01	0.1533E-14
0.6829E-01	0.1543E-14
0.7089E-01	0.1552E-14
0.7359E-01	0.1561E-14
0.7640E-01	0.1570E-14
0.7931E-01	0.1579E-14
0.8233E-01	0.1588E-14
0.8546E-01	0.1596E-14
0.8872E-01	0.1604E-14
0.9210E-01	0.1612E-14
0.9560E-01	0.1619E-14
0.9924E-01	0.1627E-14
0.1030	0.1634E-14
0.1069	0.1641E-14
0.1110	0.1648E-14
0.1152	0.1655E-14
0.1196	0.1661E-14
0.1242	0.1668E-14
0.1289	0.1674E-14
0.1338	0.1681E-14
0.1389	0.1687E-14
0.1442	0.1694E-14
0.1497	0.1700E-14
0.1554	0.1707E-14
0.1613	0.1713E-14
0.1675	0.1720E-14
0.1739	0.1727E-14
0.1805	0.1733E-14
0.1874	0.1741E-14
0.1945	0.1748E-14
0.2019	0.1755E-14
0.2096	0.1763E-14
0.2176	0.1771E-14
0.2259	0.1779E-14
0.2345	0.1787E-14
0.2434	0.1796E-14
0.2527	0.1805E-14
0.2623	0.1814E-14
0.2723	0.1824E-14
0.2826	0.1834E-14
0.2934	0.1844E-14
0.3046	0.1855E-14
0.3162	0.1866E-14
0.3282	0.1877E-14
0.3407	0.1889E-14
0.3537	0.1901E-14
0.3672	0.1913E-14
0.3812	0.1925E-14
0.3957	0.1938E-14
0.4107	0.1951E-14
0.4264	0.1965E-14
0.4426	0.1978E-14
0.4595	0.1992E-14
0.4770	0.2007E-14
0.4952	0.2021E-14
0.5140	0.2036E-14
0.5336	0.2051E-14
0.5539	0.2066E-14
0.5750	0.2082E-14
0.5969	0.2098E-14
0.6196	0.2114E-14
0.6432	0.2130E-14
0.6677	0.2146E-14
0.6932	0.2163E-14
0.7196	0.2180E-14
0.7470	0.2198E-14
0.7754	0.2215E-14
0.8050	0.2234E-14
0.8356	0.2252E-14
0.8674	0.2271E-14
0.9005	0.2290E-14
0.9348	0.2310E-14
0.9704	0.2330E-14
1.007	0.2351E-14
1.046	0.2372E-14
1.086	0.2394E-14
1.127	0.2416E-14
1.170	0.2440E-14
1.214	0.2464E-14
1.261	0.2488E-14
1.309	0.2514E-14
1.358	0.2540E-14
1.410	0.2569E-14
1.464	0.2597E-14
1.520	0.2626E-14
1.578	0.2656E-14
1.638	0.2687E-14
1.700	0.2721E-14
1.765	0.2754E-14
1.832	0.2789E-14
1.902	0.2825E-14
1.974	0.2862E-14
2.049	0.2901E-14
2.127	0.2942E-14
2.208	0.2985E-14
2.293	0.3029E-14
2.380	0.3076E-14
2.470	0.3125E-14
2.565	0.3177E-14
2.662	0.3237E-14
2.764	0.3296E-14
2.869	0.3358E-14
2.978	0.3424E-14
3.092	0.3494E-14
3.209	0.3569E-14
3.332	0.3648E-14
3.458	0.3700E-14
3.590	0.3787E-14
3.727	0.3879E-14
3.869	0.3975E-14
4.016	0.4076E-14
4.169	0.4182E-14
4.328	0.4291E-14
4.493	0.4405E-14
4.664	0.4522E-14
4.841	0.4642E-14
5.026	0.4782E-14
5.217	0.4904E-14
5.416	0.5027E-14
5.622	0.5149E-14
5.836	0.5269E-14
6.059	0.5387E-14
6.289	0.5502E-14
6.529	0.5613E-14
6.778	0.5720E-14
7.036	0.5822E-14
7.304	0.5927E-14
7.582	0.6018E-14
7.871	0.6103E-14
8.170	0.6182E-14
8.482	0.6254E-14
8.805	0.6321E-14
9.140	0.6382E-14
9.488	0.6437E-14
9.849	0.6486E-14
10.22	0.6537E-14
10.61	0.6575E-14
11.02	0.6608E-14
11.44	0.6637E-14
11.87	0.6661E-14
12.33	0.6682E-14
12.80	0.6699E-14
13.28	0.6712E-14
13.79	0.6723E-14
14.31	0.6731E-14
14.86	0.6736E-14
15.42	0.6740E-14
16.01	0.6741E-14
16.62	0.6740E-14
17.25	0.6738E-14
17.91	0.6734E-14
18.59	0.6729E-14
19.30	0.6723E-14
20.04	0.6712E-14
20.80	0.6704E-14
21.59	0.6695E-14
22.42	0.6685E-14
23.27	0.6674E-14
24.16	0.6662E-14
25.08	0.6650E-14
26.03	0.6637E-14
27.02	0.6624E-14
28.05	0.6610E-14
29.12	0.6594E-14
30.23	0.6578E-14
31.38	0.6561E-14
32.57	0.6544E-14
33.82	0.6526E-14
35.10	0.6507E-14
36.44	0.6488E-14
37.83	0.6468E-14
39.27	0.6447E-14
40.76	0.6426E-14
42.32	0.6404E-14
43.93	0.6381E-14
45.60	0.6357E-14
47.34	0.6333E-14
49.14	0.6308E-14
51.01	0.6282E-14
52.96	0.6256E-14
54.97	0.6228E-14
57.07	0.6200E-14
59.24	0.6171E-14
61.50	0.6142E-14
63.84	0.6111E-14
66.27	0.6080E-14
68.79	0.6048E-14
71.41	0.6015E-14
74.13	0.5981E-14
76.96	0.5947E-14
79.89	0.5911E-14
82.93	0.5875E-14
86.09	0.5838E-14
89.37	0.5800E-14
92.77	0.5761E-14
96.31	0.5721E-14
99.97	0.5680E-14
103.8	0.5639E-14
107.7	0.5596E-14
111.8	0.5553E-14
116.1	0.5508E-14
120.5	0.5463E-14
125.1	0.5417E-14
129.9	0.5370E-14
134.8	0.5322E-14
140.0	0.5273E-14
145.3	0.5224E-14
150.8	0.5173E-14
156.6	0.5122E-14
162.5	0.5070E-14
168.7	0.5017E-14
175.1	0.4964E-14
181.8	0.4909E-14
188.7	0.4854E-14
195.9	0.4798E-14
203.4	0.4742E-14
211.1	0.4685E-14
219.2	0.4627E-14
227.5	0.4569E-14
236.2	0.4510E-14
245.2	0.4451E-14
254.5	0.4391E-14
264.2	0.4331E-14
274.3	0.4271E-14
284.7	0.4210E-14
295.6	0.4150E-14
306.8	0.4089E-14
318.5	0.4027E-14
330.6	0.3966E-14
343.2	0.3905E-14
356.3	0.3844E-14
369.9	0.3783E-14
384.0	0.3722E-14
398.6	0.3662E-14
413.8	0.3601E-14
429.5	0.3541E-14
445.9	0.3481E-14
462.9	0.3422E-14
480.5	0.3363E-14
498.8	0.3305E-14
517.8	0.3247E-14
537.5	0.3189E-14
558.0	0.3133E-14
579.2	0.3076E-14
601.3	0.3021E-14
624.2	0.2966E-14
648.0	0.2912E-14
672.6	0.2858E-14
698.3	0.2805E-14
724.9	0.2753E-14
752.5	0.2702E-14
781.1	0.2651E-14
810.9	0.2601E-14
841.8	0.2552E-14
873.8	0.2503E-14
907.1	0.2456E-14
941.6	0.2409E-14
977.5	0.2363E-14
1015.	0.2317E-14
1053.	0.2273E-14
1094.	0.2229E-14
1135.	0.2186E-14
1178.	0.2144E-14
1223.	0.2102E-14
1270.	0.2061E-14
1318.	0.2021E-14
1368.	0.1982E-14
1421.	0.1943E-14
1475.	0.1905E-14
1531.	0.1868E-14
1589.	0.1832E-14
1650.	0.1796E-14
1712.	0.1761E-14
1778.	0.1726E-14
1845.	0.1693E-14
1916.	0.1660E-14
1989.	0.1627E-14
2064.	0.1595E-14
2143.	0.1564E-14
2225.	0.1534E-14
2309.	0.1504E-14
2397.	0.1475E-14
2489.	0.1447E-14
2583.	0.1419E-14
2682.	0.1392E-14
2784.	0.1366E-14
2890.	0.1340E-14
3000.	0.1315E-14
 
 
C13   O2    Excitation    8.40 eV                               
E/N (Td)	Inverse rate coefficient (m2)
0.1000E-02	0.1928E-14
0.1038E-02	0.1930E-14
0.1078E-02	0.1930E-14
0.1119E-02	0.1930E-14
0.1161E-02	0.1930E-14
0.1205E-02	0.1930E-14
0.1251E-02	0.1930E-14
0.1299E-02	0.1930E-14
0.1349E-02	0.1930E-14
0.1400E-02	0.1931E-14
0.1453E-02	0.1931E-14
0.1509E-02	0.1931E-14
0.1566E-02	0.1931E-14
0.1626E-02	0.1931E-14
0.1688E-02	0.1931E-14
0.1752E-02	0.1932E-14
0.1819E-02	0.1932E-14
0.1888E-02	0.1932E-14
0.1960E-02	0.1932E-14
0.2034E-02	0.1933E-14
0.2112E-02	0.1933E-14
0.2192E-02	0.1933E-14
0.2276E-02	0.1933E-14
0.2362E-02	0.1933E-14
0.2452E-02	0.1933E-14
0.2546E-02	0.1934E-14
0.2643E-02	0.1934E-14
0.2743E-02	0.1935E-14
0.2848E-02	0.1935E-14
0.2956E-02	0.1936E-14
0.3069E-02	0.1936E-14
0.3186E-02	0.1937E-14
0.3307E-02	0.1937E-14
0.3433E-02	0.1938E-14
0.3564E-02	0.1939E-14
0.3700E-02	0.1940E-14
0.3841E-02	0.1941E-14
0.3987E-02	0.1941E-14
0.4139E-02	0.1942E-14
0.4296E-02	0.1944E-14
0.4460E-02	0.1945E-14
0.4630E-02	0.1946E-14
0.4806E-02	0.1947E-14
0.4989E-02	0.1949E-14
0.5179E-02	0.1950E-14
0.5377E-02	0.1951E-14
0.5581E-02	0.1953E-14
0.5794E-02	0.1955E-14
0.6015E-02	0.1957E-14
0.6244E-02	0.1959E-14
0.6481E-02	0.1961E-14
0.6728E-02	0.1964E-14
0.6985E-02	0.1966E-14
0.7251E-02	0.1969E-14
0.7527E-02	0.1972E-14
0.7813E-02	0.1975E-14
0.8111E-02	0.1978E-14
0.8420E-02	0.1982E-14
0.8741E-02	0.1985E-14
0.9073E-02	0.1989E-14
0.9419E-02	0.1993E-14
0.9778E-02	0.1998E-14
0.1015E-01	0.2003E-14
0.1054E-01	0.2008E-14
0.1094E-01	0.2013E-14
0.1135E-01	0.2019E-14
0.1179E-01	0.2025E-14
0.1224E-01	0.2031E-14
0.1270E-01	0.2038E-14
0.1319E-01	0.2045E-14
0.1369E-01	0.2052E-14
0.1421E-01	0.2060E-14
0.1475E-01	0.2069E-14
0.1531E-01	0.2077E-14
0.1590E-01	0.2087E-14
0.1650E-01	0.2096E-14
0.1713E-01	0.2106E-14
0.1778E-01	0.2117E-14
0.1846E-01	0.2128E-14
0.1916E-01	0.2140E-14
0.1989E-01	0.2152E-14
0.2065E-01	0.2164E-14
0.2144E-01	0.2178E-14
0.2225E-01	0.2191E-14
0.2310E-01	0.2205E-14
0.2398E-01	0.2220E-14
0.2489E-01	0.2235E-14
0.2584E-01	0.2250E-14
0.2682E-01	0.2266E-14
0.2785E-01	0.2283E-14
0.2891E-01	0.2299E-14
0.3001E-01	0.2317E-14
0.3115E-01	0.2334E-14
0.3234E-01	0.2352E-14
0.3357E-01	0.2370E-14
0.3485E-01	0.2389E-14
0.3617E-01	0.2408E-14
0.3755E-01	0.2427E-14
0.3898E-01	0.2446E-14
0.4047E-01	0.2465E-14
0.4201E-01	0.2485E-14
0.4361E-01	0.2504E-14
0.4527E-01	0.2524E-14
0.4699E-01	0.2543E-14
0.4878E-01	0.2562E-14
0.5064E-01	0.2582E-14
0.5257E-01	0.2601E-14
0.5457E-01	0.2620E-14
0.5665E-01	0.2639E-14
0.5881E-01	0.2657E-14
0.6105E-01	0.2675E-14
0.6337E-01	0.2693E-14
0.6579E-01	0.2710E-14
0.6829E-01	0.2728E-14
0.7089E-01	0.2744E-14
0.7359E-01	0.2761E-14
0.7640E-01	0.2776E-14
0.7931E-01	0.2792E-14
0.8233E-01	0.2807E-14
0.8546E-01	0.2821E-14
0.8872E-01	0.2836E-14
0.9210E-01	0.2849E-14
0.9560E-01	0.2863E-14
0.9924E-01	0.2876E-14
0.1030	0.2889E-14
0.1069	0.2901E-14
0.1110	0.2913E-14
0.1152	0.2925E-14
0.1196	0.2937E-14
0.1242	0.2948E-14
0.1289	0.2960E-14
0.1338	0.2971E-14
0.1389	0.2982E-14
0.1442	0.2994E-14
0.1497	0.3005E-14
0.1554	0.3016E-14
0.1613	0.3028E-14
0.1675	0.3039E-14
0.1739	0.3051E-14
0.1805	0.3063E-14
0.1874	0.3076E-14
0.1945	0.3088E-14
0.2019	0.3101E-14
0.2096	0.3115E-14
0.2176	0.3129E-14
0.2259	0.3143E-14
0.2345	0.3158E-14
0.2434	0.3173E-14
0.2527	0.3189E-14
0.2623	0.3205E-14
0.2723	0.3222E-14
0.2826	0.3239E-14
0.2934	0.3257E-14
0.3046	0.3276E-14
0.3162	0.3295E-14
0.3282	0.3315E-14
0.3407	0.3335E-14
0.3537	0.3356E-14
0.3672	0.3377E-14
0.3812	0.3399E-14
0.3957	0.3422E-14
0.4107	0.3445E-14
0.4264	0.3468E-14
0.4426	0.3492E-14
0.4595	0.3517E-14
0.4770	0.3541E-14
0.4952	0.3567E-14
0.5140	0.3593E-14
0.5336	0.3619E-14
0.5539	0.3645E-14
0.5750	0.3673E-14
0.5969	0.3700E-14
0.6196	0.3728E-14
0.6432	0.3756E-14
0.6677	0.3785E-14
0.6932	0.3814E-14
0.7196	0.3844E-14
0.7470	0.3875E-14
0.7754	0.3906E-14
0.8050	0.3937E-14
0.8356	0.3969E-14
0.8674	0.4002E-14
0.9005	0.4035E-14
0.9348	0.4069E-14
0.9704	0.4104E-14
1.007	0.4140E-14
1.046	0.4177E-14
1.086	0.4215E-14
1.127	0.4254E-14
1.170	0.4294E-14
1.214	0.4336E-14
1.261	0.4378E-14
1.309	0.4422E-14
1.358	0.4468E-14
1.410	0.4517E-14
1.464	0.4565E-14
1.520	0.4615E-14
1.578	0.4667E-14
1.638	0.4720E-14
1.700	0.4779E-14
1.765	0.4836E-14
1.832	0.4895E-14
1.902	0.4957E-14
1.974	0.5021E-14
2.049	0.5088E-14
2.127	0.5158E-14
2.208	0.5231E-14
2.293	0.5308E-14
2.380	0.5388E-14
2.470	0.5473E-14
2.565	0.5563E-14
2.662	0.5666E-14
2.764	0.5769E-14
2.869	0.5880E-14
2.978	0.5998E-14
3.092	0.6124E-14
3.209	0.6260E-14
3.332	0.6406E-14
3.458	0.6505E-14
3.590	0.6669E-14
3.727	0.6846E-14
3.869	0.7037E-14
4.016	0.7242E-14
4.169	0.7460E-14
4.328	0.7694E-14
4.493	0.7943E-14
4.664	0.8206E-14
4.841	0.8483E-14
5.026	0.8818E-14
5.217	0.9124E-14
5.416	0.9442E-14
5.622	0.9771E-14
5.836	0.1011E-13
6.059	0.1046E-13
6.289	0.1081E-13
6.529	0.1118E-13
6.778	0.1155E-13
7.036	0.1192E-13
7.304	0.1232E-13
7.582	0.1269E-13
7.871	0.1307E-13
8.170	0.1344E-13
8.482	0.1381E-13
8.805	0.1418E-13
9.140	0.1454E-13
9.488	0.1490E-13
9.849	0.1526E-13
10.22	0.1562E-13
10.61	0.1596E-13
11.02	0.1629E-13
11.44	0.1662E-13
11.87	0.1693E-13
12.33	0.1724E-13
12.80	0.1754E-13
13.28	0.1783E-13
13.79	0.1811E-13
14.31	0.1839E-13
14.86	0.1866E-13
15.42	0.1891E-13
16.01	0.1916E-13
16.62	0.1941E-13
17.25	0.1965E-13
17.91	0.1988E-13
18.59	0.2010E-13
19.30	0.2032E-13
20.04	0.2052E-13
20.80	0.2073E-13
21.59	0.2094E-13
22.42	0.2114E-13
23.27	0.2135E-13
24.16	0.2155E-13
25.08	0.2174E-13
26.03	0.2194E-13
27.02	0.2214E-13
28.05	0.2234E-13
29.12	0.2253E-13
30.23	0.2272E-13
31.38	0.2291E-13
32.57	0.2310E-13
33.82	0.2329E-13
35.10	0.2348E-13
36.44	0.2368E-13
37.83	0.2387E-13
39.27	0.2406E-13
40.76	0.2426E-13
42.32	0.2446E-13
43.93	0.2465E-13
45.60	0.2485E-13
47.34	0.2505E-13
49.14	0.2526E-13
51.01	0.2546E-13
52.96	0.2567E-13
54.97	0.2588E-13
57.07	0.2609E-13
59.24	0.2630E-13
61.50	0.2651E-13
63.84	0.2673E-13
66.27	0.2695E-13
68.79	0.2717E-13
71.41	0.2739E-13
74.13	0.2762E-13
76.96	0.2784E-13
79.89	0.2807E-13
82.93	0.2831E-13
86.09	0.2854E-13
89.37	0.2878E-13
92.77	0.2901E-13
96.31	0.2925E-13
99.97	0.2949E-13
103.8	0.2974E-13
107.7	0.2998E-13
111.8	0.3023E-13
116.1	0.3048E-13
120.5	0.3073E-13
125.1	0.3098E-13
129.9	0.3124E-13
134.8	0.3149E-13
140.0	0.3175E-13
145.3	0.3201E-13
150.8	0.3227E-13
156.6	0.3253E-13
162.5	0.3280E-13
168.7	0.3306E-13
175.1	0.3333E-13
181.8	0.3359E-13
188.7	0.3386E-13
195.9	0.3413E-13
203.4	0.3440E-13
211.1	0.3467E-13
219.2	0.3494E-13
227.5	0.3521E-13
236.2	0.3548E-13
245.2	0.3575E-13
254.5	0.3602E-13
264.2	0.3629E-13
274.3	0.3655E-13
284.7	0.3682E-13
295.6	0.3709E-13
306.8	0.3735E-13
318.5	0.3761E-13
330.6	0.3787E-13
343.2	0.3813E-13
356.3	0.3839E-13
369.9	0.3864E-13
384.0	0.3889E-13
398.6	0.3914E-13
413.8	0.3938E-13
429.5	0.3962E-13
445.9	0.3986E-13
462.9	0.4009E-13
480.5	0.4031E-13
498.8	0.4053E-13
517.8	0.4075E-13
537.5	0.4096E-13
558.0	0.4117E-13
579.2	0.4137E-13
601.3	0.4157E-13
624.2	0.4176E-13
648.0	0.4194E-13
672.6	0.4212E-13
698.3	0.4229E-13
724.9	0.4246E-13
752.5	0.4262E-13
781.1	0.4277E-13
810.9	0.4292E-13
841.8	0.4306E-13
873.8	0.4319E-13
907.1	0.4331E-13
941.6	0.4343E-13
977.5	0.4355E-13
1015.	0.4365E-13
1053.	0.4375E-13
1094.	0.4384E-13
1135.	0.4393E-13
1178.	0.4400E-13
1223.	0.4407E-13
1270.	0.4413E-13
1318.	0.4419E-13
1368.	0.4424E-13
1421.	0.4428E-13
1475.	0.4431E-13
1531.	0.4433E-13
1589.	0.4435E-13
1650.	0.4436E-13
1712.	0.4436E-13
1778.	0.4435E-13
1845.	0.4434E-13
1916.	0.4432E-13
1989.	0.4429E-13
2064.	0.4425E-13
2143.	0.4420E-13
2225.	0.4414E-13
2309.	0.4408E-13
2397.	0.4400E-13
2489.	0.4392E-13
2583.	0.4383E-13
2682.	0.4373E-13
2784.	0.4362E-13
2890.	0.4350E-13
3000.	0.4337E-13
 
 
C14   O2    Excitation    9.30 eV                               
E/N (Td)	Inverse rate coefficient (m2)
0.1000E-02	0.1981E-15
0.1038E-02	0.1983E-15
0.1078E-02	0.1983E-15
0.1119E-02	0.1983E-15
0.1161E-02	0.1983E-15
0.1205E-02	0.1984E-15
0.1251E-02	0.1984E-15
0.1299E-02	0.1984E-15
0.1349E-02	0.1984E-15
0.1400E-02	0.1984E-15
0.1453E-02	0.1984E-15
0.1509E-02	0.1984E-15
0.1566E-02	0.1984E-15
0.1626E-02	0.1985E-15
0.1688E-02	0.1985E-15
0.1752E-02	0.1985E-15
0.1819E-02	0.1985E-15
0.1888E-02	0.1985E-15
0.1960E-02	0.1986E-15
0.2034E-02	0.1986E-15
0.2112E-02	0.1986E-15
0.2192E-02	0.1987E-15
0.2276E-02	0.1987E-15
0.2362E-02	0.1987E-15
0.2452E-02	0.1988E-15
0.2546E-02	0.1988E-15
0.2643E-02	0.1989E-15
0.2743E-02	0.1989E-15
0.2848E-02	0.1990E-15
0.2956E-02	0.1990E-15
0.3069E-02	0.1991E-15
0.3186E-02	0.1991E-15
0.3307E-02	0.1992E-15
0.3433E-02	0.1993E-15
0.3564E-02	0.1993E-15
0.3700E-02	0.1994E-15
0.3841E-02	0.1995E-15
0.3987E-02	0.1996E-15
0.4139E-02	0.1997E-15
0.4296E-02	0.1998E-15
0.4460E-02	0.1999E-15
0.4630E-02	0.2000E-15
0.4806E-02	0.2001E-15
0.4989E-02	0.2003E-15
0.5179E-02	0.2004E-15
0.5377E-02	0.2006E-15
0.5581E-02	0.2008E-15
0.5794E-02	0.2010E-15
0.6015E-02	0.2012E-15
0.6244E-02	0.2014E-15
0.6481E-02	0.2016E-15
0.6728E-02	0.2019E-15
0.6985E-02	0.2021E-15
0.7251E-02	0.2024E-15
0.7527E-02	0.2027E-15
0.7813E-02	0.2030E-15
0.8111E-02	0.2033E-15
0.8420E-02	0.2037E-15
0.8741E-02	0.2041E-15
0.9073E-02	0.2045E-15
0.9419E-02	0.2049E-15
0.9778E-02	0.2054E-15
0.1015E-01	0.2059E-15
0.1054E-01	0.2064E-15
0.1094E-01	0.2070E-15
0.1135E-01	0.2076E-15
0.1179E-01	0.2082E-15
0.1224E-01	0.2088E-15
0.1270E-01	0.2095E-15
0.1319E-01	0.2103E-15
0.1369E-01	0.2110E-15
0.1421E-01	0.2118E-15
0.1475E-01	0.2127E-15
0.1531E-01	0.2136E-15
0.1590E-01	0.2145E-15
0.1650E-01	0.2155E-15
0.1713E-01	0.2166E-15
0.1778E-01	0.2177E-15
0.1846E-01	0.2188E-15
0.1916E-01	0.2200E-15
0.1989E-01	0.2212E-15
0.2065E-01	0.2225E-15
0.2144E-01	0.2239E-15
0.2225E-01	0.2253E-15
0.2310E-01	0.2267E-15
0.2398E-01	0.2282E-15
0.2489E-01	0.2298E-15
0.2584E-01	0.2314E-15
0.2682E-01	0.2330E-15
0.2785E-01	0.2347E-15
0.2891E-01	0.2365E-15
0.3001E-01	0.2382E-15
0.3115E-01	0.2400E-15
0.3234E-01	0.2419E-15
0.3357E-01	0.2438E-15
0.3485E-01	0.2457E-15
0.3617E-01	0.2476E-15
0.3755E-01	0.2496E-15
0.3898E-01	0.2515E-15
0.4047E-01	0.2535E-15
0.4201E-01	0.2555E-15
0.4361E-01	0.2575E-15
0.4527E-01	0.2595E-15
0.4699E-01	0.2615E-15
0.4878E-01	0.2635E-15
0.5064E-01	0.2655E-15
0.5257E-01	0.2675E-15
0.5457E-01	0.2695E-15
0.5665E-01	0.2714E-15
0.5881E-01	0.2733E-15
0.6105E-01	0.2751E-15
0.6337E-01	0.2770E-15
0.6579E-01	0.2788E-15
0.6829E-01	0.2805E-15
0.7089E-01	0.2822E-15
0.7359E-01	0.2839E-15
0.7640E-01	0.2856E-15
0.7931E-01	0.2871E-15
0.8233E-01	0.2887E-15
0.8546E-01	0.2902E-15
0.8872E-01	0.2916E-15
0.9210E-01	0.2931E-15
0.9560E-01	0.2944E-15
0.9924E-01	0.2958E-15
0.1030	0.2971E-15
0.1069	0.2984E-15
0.1110	0.2996E-15
0.1152	0.3008E-15
0.1196	0.3020E-15
0.1242	0.3032E-15
0.1289	0.3044E-15
0.1338	0.3056E-15
0.1389	0.3067E-15
0.1442	0.3079E-15
0.1497	0.3090E-15
0.1554	0.3102E-15
0.1613	0.3114E-15
0.1675	0.3126E-15
0.1739	0.3138E-15
0.1805	0.3150E-15
0.1874	0.3163E-15
0.1945	0.3176E-15
0.2019	0.3189E-15
0.2096	0.3203E-15
0.2176	0.3217E-15
0.2259	0.3232E-15
0.2345	0.3247E-15
0.2434	0.3263E-15
0.2527	0.3279E-15
0.2623	0.3296E-15
0.2723	0.3313E-15
0.2826	0.3331E-15
0.2934	0.3349E-15
0.3046	0.3369E-15
0.3162	0.3388E-15
0.3282	0.3408E-15
0.3407	0.3429E-15
0.3537	0.3451E-15
0.3672	0.3473E-15
0.3812	0.3495E-15
0.3957	0.3518E-15
0.4107	0.3542E-15
0.4264	0.3566E-15
0.4426	0.3590E-15
0.4595	0.3615E-15
0.4770	0.3641E-15
0.4952	0.3667E-15
0.5140	0.3693E-15
0.5336	0.3720E-15
0.5539	0.3747E-15
0.5750	0.3776E-15
0.5969	0.3804E-15
0.6196	0.3832E-15
0.6432	0.3861E-15
0.6677	0.3891E-15
0.6932	0.3921E-15
0.7196	0.3952E-15
0.7470	0.3983E-15
0.7754	0.4014E-15
0.8050	0.4047E-15
0.8356	0.4079E-15
0.8674	0.4113E-15
0.9005	0.4147E-15
0.9348	0.4182E-15
0.9704	0.4218E-15
1.007	0.4255E-15
1.046	0.4293E-15
1.086	0.4332E-15
1.127	0.4372E-15
1.170	0.4413E-15
1.214	0.4455E-15
1.261	0.4499E-15
1.309	0.4544E-15
1.358	0.4591E-15
1.410	0.4642E-15
1.464	0.4691E-15
1.520	0.4743E-15
1.578	0.4796E-15
1.638	0.4852E-15
1.700	0.4913E-15
1.765	0.4972E-15
1.832	0.5035E-15
1.902	0.5100E-15
1.974	0.5169E-15
2.049	0.5240E-15
2.127	0.5317E-15
2.208	0.5397E-15
2.293	0.5483E-15
2.380	0.5575E-15
2.470	0.5673E-15
2.565	0.5778E-15
2.662	0.5904E-15
2.764	0.6030E-15
2.869	0.6168E-15
2.978	0.6318E-15
3.092	0.6483E-15
3.209	0.6664E-15
3.332	0.6862E-15
3.458	0.6993E-15
3.590	0.7223E-15
3.727	0.7475E-15
3.869	0.7751E-15
4.016	0.8051E-15
4.169	0.8377E-15
4.328	0.8728E-15
4.493	0.9106E-15
4.664	0.9510E-15
4.841	0.9940E-15
5.026	0.1046E-14
5.217	0.1094E-14
5.416	0.1144E-14
5.622	0.1196E-14
5.836	0.1250E-14
6.059	0.1305E-14
6.289	0.1361E-14
6.529	0.1419E-14
6.778	0.1477E-14
7.036	0.1535E-14
7.304	0.1598E-14
7.582	0.1657E-14
7.871	0.1715E-14
8.170	0.1773E-14
8.482	0.1831E-14
8.805	0.1887E-14
9.140	0.1943E-14
9.488	0.1998E-14
9.849	0.2051E-14
10.22	0.2106E-14
10.61	0.2157E-14
11.02	0.2206E-14
11.44	0.2254E-14
11.87	0.2300E-14
12.33	0.2345E-14
12.80	0.2388E-14
13.28	0.2430E-14
13.79	0.2470E-14
14.31	0.2510E-14
14.86	0.2548E-14
15.42	0.2584E-14
16.01	0.2620E-14
16.62	0.2654E-14
17.25	0.2687E-14
17.91	0.2719E-14
18.59	0.2750E-14
19.30	0.2780E-14
20.04	0.2806E-14
20.80	0.2836E-14
21.59	0.2864E-14
22.42	0.2892E-14
23.27	0.2919E-14
24.16	0.2946E-14
25.08	0.2973E-14
26.03	0.2999E-14
27.02	0.3027E-14
28.05	0.3053E-14
29.12	0.3078E-14
30.23	0.3103E-14
31.38	0.3129E-14
32.57	0.3154E-14
33.82	0.3179E-14
35.10	0.3205E-14
36.44	0.3231E-14
37.83	0.3256E-14
39.27	0.3282E-14
40.76	0.3307E-14
42.32	0.3333E-14
43.93	0.3359E-14
45.60	0.3386E-14
47.34	0.3412E-14
49.14	0.3438E-14
51.01	0.3465E-14
52.96	0.3492E-14
54.97	0.3520E-14
57.07	0.3547E-14
59.24	0.3575E-14
61.50	0.3603E-14
63.84	0.3632E-14
66.27	0.3660E-14
68.79	0.3689E-14
71.41	0.3719E-14
74.13	0.3748E-14
76.96	0.3778E-14
79.89	0.3808E-14
82.93	0.3839E-14
86.09	0.3869E-14
89.37	0.3900E-14
92.77	0.3931E-14
96.31	0.3963E-14
99.97	0.3995E-14
103.8	0.4027E-14
107.7	0.4059E-14
111.8	0.4092E-14
116.1	0.4125E-14
120.5	0.4158E-14
125.1	0.4191E-14
129.9	0.4225E-14
134.8	0.4259E-14
140.0	0.4293E-14
145.3	0.4327E-14
150.8	0.4362E-14
156.6	0.4396E-14
162.5	0.4432E-14
168.7	0.4467E-14
175.1	0.4502E-14
181.8	0.4538E-14
188.7	0.4574E-14
195.9	0.4609E-14
203.4	0.4646E-14
211.1	0.4682E-14
219.2	0.4718E-14
227.5	0.4755E-14
236.2	0.4791E-14
245.2	0.4828E-14
254.5	0.4865E-14
264.2	0.4901E-14
274.3	0.4938E-14
284.7	0.4975E-14
295.6	0.5011E-14
306.8	0.5048E-14
318.5	0.5084E-14
330.6	0.5120E-14
343.2	0.5157E-14
356.3	0.5192E-14
369.9	0.5228E-14
384.0	0.5263E-14
398.6	0.5298E-14
413.8	0.5333E-14
429.5	0.5367E-14
445.9	0.5401E-14
462.9	0.5435E-14
480.5	0.5468E-14
498.8	0.5500E-14
517.8	0.5532E-14
537.5	0.5563E-14
558.0	0.5594E-14
579.2	0.5624E-14
601.3	0.5653E-14
624.2	0.5681E-14
648.0	0.5709E-14
672.6	0.5736E-14
698.3	0.5762E-14
724.9	0.5788E-14
752.5	0.5812E-14
781.1	0.5836E-14
810.9	0.5859E-14
841.8	0.5881E-14
873.8	0.5902E-14
907.1	0.5921E-14
941.6	0.5940E-14
977.5	0.5958E-14
1015.	0.5975E-14
1053.	0.5991E-14
1094.	0.6006E-14
1135.	0.6020E-14
1178.	0.6032E-14
1223.	0.6043E-14
1270.	0.6054E-14
1318.	0.6063E-14
1368.	0.6071E-14
1421.	0.6077E-14
1475.	0.6083E-14
1531.	0.6087E-14
1589.	0.6090E-14
1650.	0.6091E-14
1712.	0.6091E-14
1778.	0.6090E-14
1845.	0.6088E-14
1916.	0.6084E-14
1989.	0.6078E-14
2064.	0.6071E-14
2143.	0.6063E-14
2225.	0.6053E-14
2309.	0.6041E-14
2397.	0.6028E-14
2489.	0.6013E-14
2583.	0.5997E-14
2682.	0.5979E-14
2784.	0.5959E-14
2890.	0.5938E-14
3000.	0.5915E-14
 
 
C15   O2    Ionization    12.07 eV                              
E/N (Td)	Inverse rate coefficient (m2)
0.1000E-02	0.000
0.1038E-02	0.000
0.1078E-02	0.000
0.1119E-02	0.000
0.1161E-02	0.000
0.1205E-02	0.000
0.1251E-02	0.000
0.1299E-02	0.000
0.1349E-02	0.000
0.1400E-02	0.000
0.1453E-02	0.000
0.1509E-02	0.000
0.1566E-02	0.000
0.1626E-02	0.000
0.1688E-02	0.000
0.1752E-02	0.000
0.1819E-02	0.000
0.1888E-02	0.000
0.1960E-02	0.000
0.2034E-02	0.000
0.2112E-02	0.000
0.2192E-02	0.000
0.2276E-02	0.000
0.2362E-02	0.000
0.2452E-02	0.000
0.2546E-02	0.000
0.2643E-02	0.000
0.2743E-02	0.000
0.2848E-02	0.000
0.2956E-02	0.000
0.3069E-02	0.000
0.3186E-02	0.000
0.3307E-02	0.000
0.3433E-02	0.000
0.3564E-02	0.000
0.3700E-02	0.000
0.3841E-02	0.000
0.3987E-02	0.000
0.4139E-02	0.000
0.4296E-02	0.000
0.4460E-02	0.000
0.4630E-02	0.000
0.4806E-02	0.000
0.4989E-02	0.000
0.5179E-02	0.000
0.5377E-02	0.000
0.5581E-02	0.000
0.5794E-02	0.000
0.6015E-02	0.000
0.6244E-02	0.000
0.6481E-02	0.000
0.6728E-02	0.000
0.6985E-02	0.000
0.7251E-02	0.000
0.7527E-02	0.000
0.7813E-02	0.000
0.8111E-02	0.000
0.8420E-02	0.000
0.8741E-02	0.000
0.9073E-02	0.000
0.9419E-02	0.000
0.9778E-02	0.000
0.1015E-01	0.000
0.1054E-01	0.000
0.1094E-01	0.000
0.1135E-01	0.000
0.1179E-01	0.000
0.1224E-01	0.000
0.1270E-01	0.000
0.1319E-01	0.000
0.1369E-01	0.000
0.1421E-01	0.000
0.1475E-01	0.000
0.1531E-01	0.000
0.1590E-01	0.000
0.1650E-01	0.000
0.1713E-01	0.000
0.1778E-01	0.000
0.1846E-01	0.000
0.1916E-01	0.000
0.1989E-01	0.000
0.2065E-01	0.000
0.2144E-01	0.000
0.2225E-01	0.000
0.2310E-01	0.000
0.2398E-01	0.000
0.2489E-01	0.000
0.2584E-01	0.000
0.2682E-01	0.000
0.2785E-01	0.000
0.2891E-01	0.000
0.3001E-01	0.000
0.3115E-01	0.000
0.3234E-01	0.000
0.3357E-01	0.000
0.3485E-01	0.000
0.3617E-01	0.000
0.3755E-01	0.000
0.3898E-01	0.000
0.4047E-01	0.000
0.4201E-01	0.000
0.4361E-01	0.000
0.4527E-01	0.000
0.4699E-01	0.000
0.4878E-01	0.000
0.5064E-01	0.000
0.5257E-01	0.000
0.5457E-01	0.000
0.5665E-01	0.000
0.5881E-01	0.000
0.6105E-01	0.000
0.6337E-01	0.000
0.6579E-01	0.000
0.6829E-01	0.000
0.7089E-01	0.000
0.7359E-01	0.000
0.7640E-01	0.000
0.7931E-01	0.000
0.8233E-01	0.000
0.8546E-01	0.000
0.8872E-01	0.000
0.9210E-01	0.000
0.9560E-01	0.000
0.9924E-01	0.000
0.1030	0.000
0.1069	0.000
0.1110	0.000
0.1152	0.000
0.1196	0.000
0.1242	0.000
0.1289	0.000
0.1338	0.000
0.1389	0.000
0.1442	0.000
0.1497	0.000
0.1554	0.000
0.1613	0.000
0.1675	0.000
0.1739	0.000
0.1805	0.000
0.1874	0.000
0.1945	0.000
0.2019	0.000
0.2096	0.000
0.2176	0.000
0.2259	0.000
0.2345	0.000
0.2434	0.000
0.2527	0.000
0.2623	0.000
0.2723	0.000
0.2826	0.000
0.2934	0.000
0.3046	0.000
0.3162	0.000
0.3282	0.000
0.3407	0.000
0.3537	0.000
0.3672	0.000
0.3812	0.000
0.3957	0.000
0.4107	0.000
0.4264	0.000
0.4426	0.000
0.4595	0.000
0.4770	0.000
0.4952	0.000
0.5140	0.000
0.5336	0.000
0.5539	0.000
0.5750	0.000
0.5969	0.000
0.6196	0.000
0.6432	0.000
0.6677	0.000
0.6932	0.000
0.7196	0.000
0.7470	0.000
0.7754	0.000
0.8050	0.000
0.8356	0.000
0.8674	0.000
0.9005	0.000
0.9348	0.000
0.9704	0.000
1.007	0.000
1.046	0.000
1.086	0.000
1.127	0.000
1.170	0.000
1.214	0.000
1.261	0.000
1.309	0.000
1.358	0.000
1.410	0.000
1.464	0.000
1.520	0.000
1.578	0.000
1.638	0.000
1.700	0.000
1.765	0.000
1.832	0.000
1.902	0.000
1.974	0.000
2.049	0.000
2.127	0.000
2.208	0.000
2.293	0.000
2.380	0.000
2.470	0.000
2.565	0.000
2.662	0.000
2.764	0.000
2.869	0.000
2.978	0.000
3.092	0.000
3.209	0.000
3.332	0.000
3.458	0.000
3.590	0.000
3.727	0.000
3.869	0.000
4.016	0.000
4.169	0.000
4.328	0.000
4.493	0.000
4.664	0.000
4.841	0.000
5.026	0.000
5.217	0.000
5.416	0.000
5.622	0.000
5.836	0.000
6.059	0.000
6.289	0.000
6.529	0.000
6.778	0.000
7.036	0.000
7.304	0.000
7.582	0.000
7.871	0.000
8.170	0.000
8.482	0.000
8.805	0.000
9.140	0.000
9.488	0.000
9.849	0.000
10.22	0.000
10.61	0.000
11.02	0.000
11.44	0.000
11.87	0.000
12.33	0.000
12.80	0.000
13.28	0.000
13.79	0.000
14.31	0.000
14.86	0.000
15.42	0.000
16.01	0.000
16.62	0.000
17.25	0.000
17.91	0.000
18.59	0.000
19.30	0.000
20.04	0.000
20.80	0.000
21.59	0.000
22.42	0.000
23.27	0.000
24.16	0.000
25.08	0.000
26.03	0.000
27.02	0.000
28.05	0.000
29.12	0.000
30.23	0.000
31.38	0.000
32.57	0.000
33.82	0.000
35.10	0.000
36.44	0.000
37.83	0.000
39.27	0.000
40.76	0.000
42.32	0.000
43.93	0.000
45.60	0.000
47.34	0.000
49.14	0.000
51.01	0.000
52.96	0.000
54.97	0.000
57.07	0.000
59.24	0.000
61.50	0.000
63.84	0.000
66.27	0.000
68.79	0.000
71.41	0.000
74.13	0.000
76.96	0.000
79.89	0.000
82.93	0.000
86.09	0.000
89.37	0.000
92.77	0.000
96.31	0.000
99.97	0.000
103.8	0.000
107.7	0.000
111.8	0.000
116.1	0.000
120.5	0.000
125.1	0.000
129.9	0.000
134.8	0.000
140.0	0.000
145.3	0.000
150.8	0.000
156.6	0.000
162.5	0.000
168.7	0.000
175.1	0.000
181.8	0.000
188.7	0.000
195.9	0.000
203.4	0.000
211.1	0.000
219.2	0.000
227.5	0.000
236.2	0.000
245.2	0.000
254.5	0.000
264.2	0.000
274.3	0.000
284.7	0.000
295.6	0.000
306.8	0.000
318.5	0.000
330.6	0.000
343.2	0.000
356.3	0.000
369.9	0.000
384.0	0.000
398.6	0.000
413.8	0.000
429.5	0.000
445.9	0.000
462.9	0.000
480.5	0.000
498.8	0.000
517.8	0.000
537.5	0.000
558.0	0.000
579.2	0.000
601.3	0.000
624.2	0.000
648.0	0.000
672.6	0.000
698.3	0.000
724.9	0.000
752.5	0.000
781.1	0.000
810.9	0.000
841.8	0.000
873.8	0.000
907.1	0.000
941.6	0.000
977.5	0.000
1015.	0.000
1053.	0.000
1094.	0.000
1135.	0.000
1178.	0.000
1223.	0.000
1270.	0.000
1318.	0.000
1368.	0.000
1421.	0.000
1475.	0.000
1531.	0.000
1589.	0.000
1650.	0.000
1712.	0.000
1778.	0.000
1845.	0.000
1916.	0.000
1989.	0.000
2064.	0.000
2143.	0.000
2225.	0.000
2309.	0.000
2397.	0.000
2489.	0.000
2583.	0.000
2682.	0.000
2784.	0.000
2890.	0.000
3000.	0.000
 
 
C1    O2    Attachment                                          
E/N (Td)	Energy loss coefficient (eV m3/s)
0.1000E-02	0.4258E-36
0.1038E-02	0.4258E-36
0.1078E-02	0.4259E-36
0.1119E-02	0.4259E-36
0.1161E-02	0.4260E-36
0.1205E-02	0.4260E-36
0.1251E-02	0.4261E-36
0.1299E-02	0.4262E-36
0.1349E-02	0.4262E-36
0.1400E-02	0.4263E-36
0.1453E-02	0.4264E-36
0.1509E-02	0.4265E-36
0.1566E-02	0.4266E-36
0.1626E-02	0.4267E-36
0.1688E-02	0.4268E-36
0.1752E-02	0.4269E-36
0.1819E-02	0.4271E-36
0.1888E-02	0.4272E-36
0.1960E-02	0.4274E-36
0.2034E-02	0.4275E-36
0.2112E-02	0.4277E-36
0.2192E-02	0.4279E-36
0.2276E-02	0.4281E-36
0.2362E-02	0.4283E-36
0.2452E-02	0.4286E-36
0.2546E-02	0.4288E-36
0.2643E-02	0.4291E-36
0.2743E-02	0.4294E-36
0.2848E-02	0.4297E-36
0.2956E-02	0.4301E-36
0.3069E-02	0.4304E-36
0.3186E-02	0.4308E-36
0.3307E-02	0.4313E-36
0.3433E-02	0.4317E-36
0.3564E-02	0.4322E-36
0.3700E-02	0.4328E-36
0.3841E-02	0.4333E-36
0.3987E-02	0.4340E-36
0.4139E-02	0.4346E-36
0.4296E-02	0.4354E-36
0.4460E-02	0.4361E-36
0.4630E-02	0.4370E-36
0.4806E-02	0.4379E-36
0.4989E-02	0.4388E-36
0.5179E-02	0.4399E-36
0.5377E-02	0.4410E-36
0.5581E-02	0.4422E-36
0.5794E-02	0.4435E-36
0.6015E-02	0.4449E-36
0.6244E-02	0.4463E-36
0.6481E-02	0.4479E-36
0.6728E-02	0.4497E-36
0.6985E-02	0.4515E-36
0.7251E-02	0.4535E-36
0.7527E-02	0.4556E-36
0.7813E-02	0.4579E-36
0.8111E-02	0.4603E-36
0.8420E-02	0.4630E-36
0.8741E-02	0.4658E-36
0.9073E-02	0.4688E-36
0.9419E-02	0.4721E-36
0.9778E-02	0.4755E-36
0.1015E-01	0.4793E-36
0.1054E-01	0.4832E-36
0.1094E-01	0.4875E-36
0.1135E-01	0.4921E-36
0.1179E-01	0.4969E-36
0.1224E-01	0.5021E-36
0.1270E-01	0.5077E-36
0.1319E-01	0.5136E-36
0.1369E-01	0.5200E-36
0.1421E-01	0.5267E-36
0.1475E-01	0.5339E-36
0.1531E-01	0.5415E-36
0.1590E-01	0.5496E-36
0.1650E-01	0.5582E-36
0.1713E-01	0.5673E-36
0.1778E-01	0.5769E-36
0.1846E-01	0.5871E-36
0.1916E-01	0.5979E-36
0.1989E-01	0.6092E-36
0.2065E-01	0.6212E-36
0.2144E-01	0.6337E-36
0.2225E-01	0.6468E-36
0.2310E-01	0.6606E-36
0.2398E-01	0.6750E-36
0.2489E-01	0.6900E-36
0.2584E-01	0.7056E-36
0.2682E-01	0.7218E-36
0.2785E-01	0.7386E-36
0.2891E-01	0.7559E-36
0.3001E-01	0.7737E-36
0.3115E-01	0.7921E-36
0.3234E-01	0.8109E-36
0.3357E-01	0.8301E-36
0.3485E-01	0.8496E-36
0.3617E-01	0.8694E-36
0.3755E-01	0.8895E-36
0.3898E-01	0.9098E-36
0.4047E-01	0.9302E-36
0.4201E-01	0.9507E-36
0.4361E-01	0.9711E-36
0.4527E-01	0.9914E-36
0.4699E-01	0.1012E-35
0.4878E-01	0.1032E-35
0.5064E-01	0.1051E-35
0.5257E-01	0.1071E-35
0.5457E-01	0.1090E-35
0.5665E-01	0.1108E-35
0.5881E-01	0.1127E-35
0.6105E-01	0.1144E-35
0.6337E-01	0.1161E-35
0.6579E-01	0.1178E-35
0.6829E-01	0.1194E-35
0.7089E-01	0.1209E-35
0.7359E-01	0.1224E-35
0.7640E-01	0.1238E-35
0.7931E-01	0.1252E-35
0.8233E-01	0.1265E-35
0.8546E-01	0.1278E-35
0.8872E-01	0.1290E-35
0.9210E-01	0.1302E-35
0.9560E-01	0.1313E-35
0.9924E-01	0.1324E-35
0.1030	0.1334E-35
0.1069	0.1344E-35
0.1110	0.1354E-35
0.1152	0.1364E-35
0.1196	0.1374E-35
0.1242	0.1383E-35
0.1289	0.1392E-35
0.1338	0.1401E-35
0.1389	0.1410E-35
0.1442	0.1420E-35
0.1497	0.1429E-35
0.1554	0.1438E-35
0.1613	0.1447E-35
0.1675	0.1457E-35
0.1739	0.1467E-35
0.1805	0.1477E-35
0.1874	0.1488E-35
0.1945	0.1498E-35
0.2019	0.1509E-35
0.2096	0.1521E-35
0.2176	0.1533E-35
0.2259	0.1545E-35
0.2345	0.1558E-35
0.2434	0.1572E-35
0.2527	0.1586E-35
0.2623	0.1600E-35
0.2723	0.1615E-35
0.2826	0.1631E-35
0.2934	0.1647E-35
0.3046	0.1663E-35
0.3162	0.1681E-35
0.3282	0.1699E-35
0.3407	0.1717E-35
0.3537	0.1736E-35
0.3672	0.1756E-35
0.3812	0.1776E-35
0.3957	0.1797E-35
0.4107	0.1818E-35
0.4264	0.1839E-35
0.4426	0.1862E-35
0.4595	0.1884E-35
0.4770	0.1908E-35
0.4952	0.1931E-35
0.5140	0.1955E-35
0.5336	0.1980E-35
0.5539	0.2005E-35
0.5750	0.2030E-35
0.5969	0.2056E-35
0.6196	0.2083E-35
0.6432	0.2109E-35
0.6677	0.2137E-35
0.6932	0.2165E-35
0.7196	0.2194E-35
0.7470	0.2222E-35
0.7754	0.2252E-35
0.8050	0.2282E-35
0.8356	0.2313E-35
0.8674	0.2344E-35
0.9005	0.2375E-35
0.9348	0.2408E-35
0.9704	0.2441E-35
1.007	0.2475E-35
1.046	0.2511E-35
1.086	0.2546E-35
1.127	0.2583E-35
1.170	0.2621E-35
1.214	0.2659E-35
1.261	0.2698E-35
1.309	0.2739E-35
1.358	0.2780E-35
1.410	0.2824E-35
1.464	0.2867E-35
1.520	0.2911E-35
1.578	0.2956E-35
1.638	0.3001E-35
1.700	0.3043E-35
1.765	0.3090E-35
1.832	0.3138E-35
1.902	0.3186E-35
1.974	0.3236E-35
2.049	0.3292E-35
2.127	0.3341E-35
2.208	0.3391E-35
2.293	0.3441E-35
2.380	0.3490E-35
2.470	0.3539E-35
2.565	0.3587E-35
2.662	0.3634E-35
2.764	0.3680E-35
2.869	0.3723E-35
2.978	0.3765E-35
3.092	0.3804E-35
3.209	0.3839E-35
3.332	0.3871E-35
3.458	0.3896E-35
3.590	0.3922E-35
3.727	0.3942E-35
3.869	0.3958E-35
4.016	0.3968E-35
4.169	0.3972E-35
4.328	0.3969E-35
4.493	0.3961E-35
4.664	0.3946E-35
4.841	0.3924E-35
5.026	0.3892E-35
5.217	0.3856E-35
5.416	0.3815E-35
5.622	0.3769E-35
5.836	0.3718E-35
6.059	0.3662E-35
6.289	0.3602E-35
6.529	0.3540E-35
6.778	0.3475E-35
7.036	0.3408E-35
7.304	0.3334E-35
7.582	0.3265E-35
7.871	0.3196E-35
8.170	0.3128E-35
8.482	0.3060E-35
8.805	0.2994E-35
9.140	0.2930E-35
9.488	0.2867E-35
9.849	0.2807E-35
10.22	0.2745E-35
10.61	0.2690E-35
11.02	0.2639E-35
11.44	0.2590E-35
11.87	0.2543E-35
12.33	0.2500E-35
12.80	0.2459E-35
13.28	0.2422E-35
13.79	0.2387E-35
14.31	0.2353E-35
14.86	0.2322E-35
15.42	0.2295E-35
16.01	0.2269E-35
16.62	0.2246E-35
17.25	0.2224E-35
17.91	0.2204E-35
18.59	0.2186E-35
19.30	0.2170E-35
20.04	0.2159E-35
20.80	0.2145E-35
21.59	0.2132E-35
22.42	0.2121E-35
23.27	0.2111E-35
24.16	0.2101E-35
25.08	0.2093E-35
26.03	0.2086E-35
27.02	0.2078E-35
28.05	0.2073E-35
29.12	0.2069E-35
30.23	0.2066E-35
31.38	0.2063E-35
32.57	0.2062E-35
33.82	0.2061E-35
35.10	0.2061E-35
36.44	0.2061E-35
37.83	0.2062E-35
39.27	0.2065E-35
40.76	0.2068E-35
42.32	0.2072E-35
43.93	0.2076E-35
45.60	0.2082E-35
47.34	0.2088E-35
49.14	0.2096E-35
51.01	0.2104E-35
52.96	0.2113E-35
54.97	0.2123E-35
57.07	0.2134E-35
59.24	0.2146E-35
61.50	0.2159E-35
63.84	0.2174E-35
66.27	0.2189E-35
68.79	0.2205E-35
71.41	0.2223E-35
74.13	0.2241E-35
76.96	0.2261E-35
79.89	0.2283E-35
82.93	0.2306E-35
86.09	0.2330E-35
89.37	0.2356E-35
92.77	0.2384E-35
96.31	0.2413E-35
99.97	0.2444E-35
103.8	0.2477E-35
107.7	0.2511E-35
111.8	0.2548E-35
116.1	0.2587E-35
120.5	0.2629E-35
125.1	0.2672E-35
129.9	0.2718E-35
134.8	0.2767E-35
140.0	0.2818E-35
145.3	0.2873E-35
150.8	0.2930E-35
156.6	0.2991E-35
162.5	0.3055E-35
168.7	0.3122E-35
175.1	0.3193E-35
181.8	0.3268E-35
188.7	0.3348E-35
195.9	0.3431E-35
203.4	0.3519E-35
211.1	0.3612E-35
219.2	0.3710E-35
227.5	0.3813E-35
236.2	0.3922E-35
245.2	0.4036E-35
254.5	0.4156E-35
264.2	0.4283E-35
274.3	0.4416E-35
284.7	0.4557E-35
295.6	0.4705E-35
306.8	0.4860E-35
318.5	0.5023E-35
330.6	0.5194E-35
343.2	0.5374E-35
356.3	0.5563E-35
369.9	0.5761E-35
384.0	0.5969E-35
398.6	0.6187E-35
413.8	0.6416E-35
429.5	0.6655E-35
445.9	0.6907E-35
462.9	0.7170E-35
480.5	0.7446E-35
498.8	0.7734E-35
517.8	0.8037E-35
537.5	0.8353E-35
558.0	0.8685E-35
579.2	0.9032E-35
601.3	0.9395E-35
624.2	0.9775E-35
648.0	0.1017E-34
672.6	0.1059E-34
698.3	0.1103E-34
724.9	0.1148E-34
752.5	0.1196E-34
781.1	0.1246E-34
810.9	0.1298E-34
841.8	0.1353E-34
873.8	0.1411E-34
907.1	0.1471E-34
941.6	0.1534E-34
977.5	0.1600E-34
1015.	0.1670E-34
1053.	0.1742E-34
1094.	0.1819E-34
1135.	0.1899E-34
1178.	0.1983E-34
1223.	0.2071E-34
1270.	0.2164E-34
1318.	0.2262E-34
1368.	0.2364E-34
1421.	0.2472E-34
1475.	0.2585E-34
1531.	0.2704E-34
1589.	0.2830E-34
1650.	0.2962E-34
1712.	0.3101E-34
1778.	0.3248E-34
1845.	0.3403E-34
1916.	0.3566E-34
1989.	0.3737E-34
2064.	0.3919E-34
2143.	0.4110E-34
2225.	0.4313E-34
2309.	0.4526E-34
2397.	0.4751E-34
2489.	0.4990E-34
2583.	0.5241E-34
2682.	0.5507E-34
2784.	0.5789E-34
2890.	0.6087E-34
3000.	0.6401E-34
 
 
C2    O2    Attachment                                          
E/N (Td)	Energy loss coefficient (eV m3/s)
0.1000E-02	0.000
0.1038E-02	0.000
0.1078E-02	0.000
0.1119E-02	0.000
0.1161E-02	0.000
0.1205E-02	0.000
0.1251E-02	0.000
0.1299E-02	0.000
0.1349E-02	0.000
0.1400E-02	0.000
0.1453E-02	0.000
0.1509E-02	0.000
0.1566E-02	0.000
0.1626E-02	0.000
0.1688E-02	0.000
0.1752E-02	0.000
0.1819E-02	0.000
0.1888E-02	0.000
0.1960E-02	0.000
0.2034E-02	0.000
0.2112E-02	0.000
0.2192E-02	0.000
0.2276E-02	0.000
0.2362E-02	0.000
0.2452E-02	0.000
0.2546E-02	0.000
0.2643E-02	0.000
0.2743E-02	0.000
0.2848E-02	0.000
0.2956E-02	0.000
0.3069E-02	0.000
0.3186E-02	0.000
0.3307E-02	0.000
0.3433E-02	0.000
0.3564E-02	0.000
0.3700E-02	0.000
0.3841E-02	0.000
0.3987E-02	0.000
0.4139E-02	0.000
0.4296E-02	0.000
0.4460E-02	0.000
0.4630E-02	0.000
0.4806E-02	0.000
0.4989E-02	0.000
0.5179E-02	0.000
0.5377E-02	0.000
0.5581E-02	0.000
0.5794E-02	0.000
0.6015E-02	0.000
0.6244E-02	0.000
0.6481E-02	0.000
0.6728E-02	0.000
0.6985E-02	0.000
0.7251E-02	0.000
0.7527E-02	0.000
0.7813E-02	0.000
0.8111E-02	0.000
0.8420E-02	0.000
0.8741E-02	0.000
0.9073E-02	0.000
0.9419E-02	0.000
0.9778E-02	0.000
0.1015E-01	0.000
0.1054E-01	0.000
0.1094E-01	0.000
0.1135E-01	0.000
0.1179E-01	0.000
0.1224E-01	0.000
0.1270E-01	0.000
0.1319E-01	0.000
0.1369E-01	0.000
0.1421E-01	0.000
0.1475E-01	0.000
0.1531E-01	0.000
0.1590E-01	0.000
0.1650E-01	0.000
0.1713E-01	0.000
0.1778E-01	0.000
0.1846E-01	0.000
0.1916E-01	0.000
0.1989E-01	0.000
0.2065E-01	0.000
0.2144E-01	0.000
0.2225E-01	0.000
0.2310E-01	0.000
0.2398E-01	0.000
0.2489E-01	0.000
0.2584E-01	0.000
0.2682E-01	0.000
0.2785E-01	0.000
0.2891E-01	0.000
0.3001E-01	0.000
0.3115E-01	0.000
0.3234E-01	0.000
0.3357E-01	0.000
0.3485E-01	0.000
0.3617E-01	0.000
0.3755E-01	0.000
0.3898E-01	0.000
0.4047E-01	0.000
0.4201E-01	0.000
0.4361E-01	0.000
0.4527E-01	0.000
0.4699E-01	0.000
0.4878E-01	0.000
0.5064E-01	0.000
0.5257E-01	0.000
0.5457E-01	0.000
0.5665E-01	0.000
0.5881E-01	0.000
0.6105E-01	0.000
0.6337E-01	0.000
0.6579E-01	0.000
0.6829E-01	0.000
0.7089E-01	0.000
0.7359E-01	0.000
0.7640E-01	0.000
0.7931E-01	0.000
0.8233E-01	0.000
0.8546E-01	0.000
0.8872E-01	0.000
0.9210E-01	0.000
0.9560E-01	0.000
0.9924E-01	0.000
0.1030	0.000
0.1069	0.000
0.1110	0.000
0.1152	0.000
0.1196	0.000
0.1242	0.000
0.1289	0.000
0.1338	0.000
0.1389	0.000
0.1442	0.000
0.1497	0.000
0.1554	0.000
0.1613	0.000
0.1675	0.000
0.1739	0.000
0.1805	0.000
0.1874	0.000
0.1945	0.000
0.2019	0.000
0.2096	0.000
0.2176	0.000
0.2259	0.000
0.2345	0.000
0.2434	0.000
0.2527	0.000
0.2623	0.000
0.2723	0.000
0.2826	0.000
0.2934	0.000
0.3046	0.000
0.3162	0.000
0.3282	0.000
0.3407	0.000
0.3537	0.000
0.3672	0.000
0.3812	0.000
0.3957	0.000
0.4107	0.000
0.4264	0.000
0.4426	0.000
0.4595	0.000
0.4770	0.000
0.4952	0.000
0.5140	0.000
0.5336	0.000
0.5539	0.000
0.5750	0.000
0.5969	0.000
0.6196	0.000
0.6432	0.000
0.6677	0.000
0.6932	0.000
0.7196	0.000
0.7470	0.000
0.7754	0.000
0.8050	0.000
0.8356	0.000
0.8674	0.000
0.9005	0.000
0.9348	0.000
0.9704	0.000
1.007	0.000
1.046	0.000
1.086	0.000
1.127	0.000
1.170	0.000
1.214	0.000
1.261	0.000
1.309	0.000
1.358	0.000
1.410	0.000
1.464	0.000
1.520	0.000
1.578	0.000
1.638	0.000
1.700	0.9241E-29
1.765	0.2553E-28
1.832	0.6804E-28
1.902	0.1750E-27
1.974	0.4353E-27
2.049	0.4949E-26
2.127	0.1229E-25
2.208	0.2963E-25
2.293	0.6941E-25
2.380	0.1581E-24
2.470	0.3505E-24
2.565	0.7569E-24
2.662	0.1710E-23
2.764	0.3525E-23
2.869	0.7097E-23
2.978	0.1397E-22
3.092	0.2690E-22
3.209	0.5072E-22
3.332	0.9366E-22
3.458	0.1551E-21
3.590	0.2769E-21
3.727	0.4849E-21
3.869	0.8331E-21
4.016	0.1405E-20
4.169	0.2329E-20
4.328	0.3791E-20
4.493	0.6069E-20
4.664	0.9553E-20
4.841	0.1479E-19
5.026	0.2299E-19
5.217	0.3446E-19
5.416	0.5087E-19
5.622	0.7401E-19
5.836	0.1062E-18
6.059	0.1502E-18
6.289	0.2096E-18
6.529	0.2887E-18
6.778	0.3927E-18
7.036	0.5275E-18
7.304	0.7037E-18
7.582	0.9227E-18
7.871	0.1196E-17
8.170	0.1534E-17
8.482	0.1947E-17
8.805	0.2445E-17
9.140	0.3040E-17
9.488	0.3744E-17
9.849	0.4569E-17
10.22	0.5535E-17
10.61	0.6635E-17
11.02	0.7889E-17
11.44	0.9306E-17
11.87	0.1089E-16
12.33	0.1266E-16
12.80	0.1461E-16
13.28	0.1675E-16
13.79	0.1909E-16
14.31	0.2163E-16
14.86	0.2436E-16
15.42	0.2728E-16
16.01	0.3039E-16
16.62	0.3369E-16
17.25	0.3718E-16
17.91	0.4085E-16
18.59	0.4470E-16
19.30	0.4871E-16
20.04	0.5280E-16
20.80	0.5714E-16
21.59	0.6163E-16
22.42	0.6626E-16
23.27	0.7102E-16
24.16	0.7591E-16
25.08	0.8091E-16
26.03	0.8602E-16
27.02	0.9129E-16
28.05	0.9658E-16
29.12	0.1019E-15
30.23	0.1074E-15
31.38	0.1129E-15
32.57	0.1184E-15
33.82	0.1240E-15
35.10	0.1296E-15
36.44	0.1353E-15
37.83	0.1409E-15
39.27	0.1465E-15
40.76	0.1521E-15
42.32	0.1578E-15
43.93	0.1633E-15
45.60	0.1689E-15
47.34	0.1744E-15
49.14	0.1798E-15
51.01	0.1852E-15
52.96	0.1905E-15
54.97	0.1958E-15
57.07	0.2009E-15
59.24	0.2060E-15
61.50	0.2110E-15
63.84	0.2158E-15
66.27	0.2206E-15
68.79	0.2252E-15
71.41	0.2297E-15
74.13	0.2341E-15
76.96	0.2384E-15
79.89	0.2425E-15
82.93	0.2464E-15
86.09	0.2502E-15
89.37	0.2538E-15
92.77	0.2573E-15
96.31	0.2606E-15
99.97	0.2636E-15
103.8	0.2665E-15
107.7	0.2692E-15
111.8	0.2717E-15
116.1	0.2740E-15
120.5	0.2761E-15
125.1	0.2779E-15
129.9	0.2796E-15
134.8	0.2810E-15
140.0	0.2822E-15
145.3	0.2831E-15
150.8	0.2839E-15
156.6	0.2844E-15
162.5	0.2847E-15
168.7	0.2847E-15
175.1	0.2845E-15
181.8	0.2841E-15
188.7	0.2835E-15
195.9	0.2827E-15
203.4	0.2816E-15
211.1	0.2804E-15
219.2	0.2789E-15
227.5	0.2773E-15
236.2	0.2754E-15
245.2	0.2734E-15
254.5	0.2712E-15
264.2	0.2688E-15
274.3	0.2663E-15
284.7	0.2637E-15
295.6	0.2609E-15
306.8	0.2579E-15
318.5	0.2549E-15
330.6	0.2517E-15
343.2	0.2484E-15
356.3	0.2451E-15
369.9	0.2417E-15
384.0	0.2382E-15
398.6	0.2346E-15
413.8	0.2310E-15
429.5	0.2274E-15
445.9	0.2238E-15
462.9	0.2201E-15
480.5	0.2164E-15
498.8	0.2128E-15
517.8	0.2091E-15
537.5	0.2055E-15
558.0	0.2018E-15
579.2	0.1983E-15
601.3	0.1947E-15
624.2	0.1913E-15
648.0	0.1879E-15
672.6	0.1845E-15
698.3	0.1812E-15
724.9	0.1780E-15
752.5	0.1749E-15
781.1	0.1718E-15
810.9	0.1688E-15
841.8	0.1659E-15
873.8	0.1631E-15
907.1	0.1604E-15
941.6	0.1577E-15
977.5	0.1552E-15
1015.	0.1527E-15
1053.	0.1503E-15
1094.	0.1480E-15
1135.	0.1458E-15
1178.	0.1437E-15
1223.	0.1416E-15
1270.	0.1396E-15
1318.	0.1377E-15
1368.	0.1359E-15
1421.	0.1341E-15
1475.	0.1323E-15
1531.	0.1306E-15
1589.	0.1290E-15
1650.	0.1274E-15
1712.	0.1258E-15
1778.	0.1242E-15
1845.	0.1227E-15
1916.	0.1212E-15
1989.	0.1197E-15
2064.	0.1183E-15
2143.	0.1168E-15
2225.	0.1153E-15
2309.	0.1139E-15
2397.	0.1124E-15
2489.	0.1109E-15
2583.	0.1094E-15
2682.	0.1078E-15
2784.	0.1063E-15
2890.	0.1047E-15
3000.	0.1031E-15
 
 
C3    O2    Elastic                                             
E/N (Td)	Energy loss coefficient (eV m3/s)
0.1000E-02	0.1491E-23
0.1038E-02	0.9850E-24
0.1078E-02	0.1062E-23
0.1119E-02	0.1145E-23
0.1161E-02	0.1235E-23
0.1205E-02	0.1332E-23
0.1251E-02	0.1436E-23
0.1299E-02	0.1549E-23
0.1349E-02	0.1670E-23
0.1400E-02	0.1802E-23
0.1453E-02	0.1943E-23
0.1509E-02	0.2096E-23
0.1566E-02	0.2262E-23
0.1626E-02	0.2440E-23
0.1688E-02	0.2633E-23
0.1752E-02	0.2841E-23
0.1819E-02	0.3066E-23
0.1888E-02	0.3308E-23
0.1960E-02	0.3571E-23
0.2034E-02	0.3854E-23
0.2112E-02	0.4161E-23
0.2192E-02	0.4492E-23
0.2276E-02	0.4850E-23
0.2362E-02	0.5237E-23
0.2452E-02	0.5656E-23
0.2546E-02	0.6108E-23
0.2643E-02	0.6598E-23
0.2743E-02	0.7128E-23
0.2848E-02	0.7701E-23
0.2956E-02	0.8320E-23
0.3069E-02	0.8991E-23
0.3186E-02	0.9717E-23
0.3307E-02	0.1050E-22
0.3433E-02	0.1135E-22
0.3564E-02	0.1227E-22
0.3700E-02	0.1327E-22
0.3841E-02	0.1435E-22
0.3987E-02	0.1552E-22
0.4139E-02	0.1679E-22
0.4296E-02	0.1816E-22
0.4460E-02	0.1965E-22
0.4630E-02	0.2126E-22
0.4806E-02	0.2300E-22
0.4989E-02	0.2490E-22
0.5179E-02	0.2695E-22
0.5377E-02	0.2917E-22
0.5581E-02	0.3158E-22
0.5794E-02	0.3420E-22
0.6015E-02	0.3704E-22
0.6244E-02	0.4011E-22
0.6481E-02	0.4345E-22
0.6728E-02	0.4708E-22
0.6985E-02	0.5101E-22
0.7251E-02	0.5528E-22
0.7527E-02	0.5992E-22
0.7813E-02	0.6496E-22
0.8111E-02	0.7043E-22
0.8420E-02	0.7637E-22
0.8741E-02	0.8283E-22
0.9073E-02	0.8985E-22
0.9419E-02	0.9749E-22
0.9778E-02	0.1058E-21
0.1015E-01	0.1148E-21
0.1054E-01	0.1246E-21
0.1094E-01	0.1353E-21
0.1135E-01	0.1469E-21
0.1179E-01	0.1595E-21
0.1224E-01	0.1732E-21
0.1270E-01	0.1881E-21
0.1319E-01	0.2044E-21
0.1369E-01	0.2220E-21
0.1421E-01	0.2412E-21
0.1475E-01	0.2621E-21
0.1531E-01	0.2848E-21
0.1590E-01	0.3094E-21
0.1650E-01	0.3362E-21
0.1713E-01	0.3652E-21
0.1778E-01	0.3968E-21
0.1846E-01	0.4310E-21
0.1916E-01	0.4681E-21
0.1989E-01	0.5083E-21
0.2065E-01	0.5519E-21
0.2144E-01	0.5990E-21
0.2225E-01	0.6499E-21
0.2310E-01	0.7049E-21
0.2398E-01	0.7642E-21
0.2489E-01	0.8281E-21
0.2584E-01	0.8968E-21
0.2682E-01	0.9707E-21
0.2785E-01	0.1050E-20
0.2891E-01	0.1135E-20
0.3001E-01	0.1226E-20
0.3115E-01	0.1323E-20
0.3234E-01	0.1427E-20
0.3357E-01	0.1537E-20
0.3485E-01	0.1654E-20
0.3617E-01	0.1778E-20
0.3755E-01	0.1908E-20
0.3898E-01	0.2047E-20
0.4047E-01	0.2192E-20
0.4201E-01	0.2344E-20
0.4361E-01	0.2504E-20
0.4527E-01	0.2670E-20
0.4699E-01	0.2843E-20
0.4878E-01	0.3023E-20
0.5064E-01	0.3209E-20
0.5257E-01	0.3401E-20
0.5457E-01	0.3599E-20
0.5665E-01	0.3801E-20
0.5881E-01	0.4009E-20
0.6105E-01	0.4220E-20
0.6337E-01	0.4435E-20
0.6579E-01	0.4654E-20
0.6829E-01	0.4876E-20
0.7089E-01	0.5099E-20
0.7359E-01	0.5325E-20
0.7640E-01	0.5553E-20
0.7931E-01	0.5782E-20
0.8233E-01	0.6012E-20
0.8546E-01	0.6243E-20
0.8872E-01	0.6475E-20
0.9210E-01	0.6707E-20
0.9560E-01	0.6941E-20
0.9924E-01	0.7176E-20
0.1030	0.7413E-20
0.1069	0.7651E-20
0.1110	0.7891E-20
0.1152	0.8135E-20
0.1196	0.8382E-20
0.1242	0.8633E-20
0.1289	0.8883E-20
0.1338	0.9146E-20
0.1389	0.9415E-20
0.1442	0.9691E-20
0.1497	0.9977E-20
0.1554	0.1027E-19
0.1613	0.1058E-19
0.1675	0.1090E-19
0.1739	0.1123E-19
0.1805	0.1157E-19
0.1874	0.1193E-19
0.1945	0.1231E-19
0.2019	0.1270E-19
0.2096	0.1311E-19
0.2176	0.1354E-19
0.2259	0.1399E-19
0.2345	0.1447E-19
0.2434	0.1496E-19
0.2527	0.1548E-19
0.2623	0.1602E-19
0.2723	0.1658E-19
0.2826	0.1717E-19
0.2934	0.1779E-19
0.3046	0.1843E-19
0.3162	0.1909E-19
0.3282	0.1979E-19
0.3407	0.2051E-19
0.3537	0.2125E-19
0.3672	0.2203E-19
0.3812	0.2283E-19
0.3957	0.2366E-19
0.4107	0.2451E-19
0.4264	0.2540E-19
0.4426	0.2631E-19
0.4595	0.2725E-19
0.4770	0.2822E-19
0.4952	0.2922E-19
0.5140	0.3025E-19
0.5336	0.3132E-19
0.5539	0.3241E-19
0.5750	0.3356E-19
0.5969	0.3473E-19
0.6196	0.3593E-19
0.6432	0.3718E-19
0.6677	0.3847E-19
0.6932	0.3980E-19
0.7196	0.4121E-19
0.7470	0.4264E-19
0.7754	0.4413E-19
0.8050	0.4570E-19
0.8356	0.4732E-19
0.8674	0.4901E-19
0.9005	0.5076E-19
0.9348	0.5261E-19
0.9704	0.5454E-19
1.007	0.5656E-19
1.046	0.5871E-19
1.086	0.6094E-19
1.127	0.6330E-19
1.170	0.6577E-19
1.214	0.6841E-19
1.261	0.7117E-19
1.309	0.7408E-19
1.358	0.7717E-19
1.410	0.8052E-19
1.464	0.8396E-19
1.520	0.8762E-19
1.578	0.9151E-19
1.638	0.9565E-19
1.700	0.1003E-18
1.765	0.1050E-18
1.832	0.1101E-18
1.902	0.1156E-18
1.974	0.1215E-18
2.049	0.1280E-18
2.127	0.1351E-18
2.208	0.1429E-18
2.293	0.1515E-18
2.380	0.1610E-18
2.470	0.1716E-18
2.565	0.1835E-18
2.662	0.1988E-18
2.764	0.2141E-18
2.869	0.2315E-18
2.978	0.2511E-18
3.092	0.2732E-18
3.209	0.2983E-18
3.332	0.3266E-18
3.458	0.3451E-18
3.590	0.3794E-18
3.727	0.4180E-18
3.869	0.4611E-18
4.016	0.5091E-18
4.169	0.5622E-18
4.328	0.6206E-18
4.493	0.6847E-18
4.664	0.7545E-18
4.841	0.8300E-18
5.026	0.9228E-18
5.217	0.1010E-17
5.416	0.1103E-17
5.622	0.1201E-17
5.836	0.1305E-17
6.059	0.1413E-17
6.289	0.1526E-17
6.529	0.1643E-17
6.778	0.1763E-17
7.036	0.1888E-17
7.304	0.2023E-17
7.582	0.2153E-17
7.871	0.2285E-17
8.170	0.2420E-17
8.482	0.2556E-17
8.805	0.2693E-17
9.140	0.2831E-17
9.488	0.2970E-17
9.849	0.3109E-17
10.22	0.3254E-17
10.61	0.3393E-17
11.02	0.3530E-17
11.44	0.3668E-17
11.87	0.3804E-17
12.33	0.3939E-17
12.80	0.4073E-17
13.28	0.4205E-17
13.79	0.4336E-17
14.31	0.4469E-17
14.86	0.4597E-17
15.42	0.4724E-17
16.01	0.4850E-17
16.62	0.4974E-17
17.25	0.5098E-17
17.91	0.5220E-17
18.59	0.5342E-17
19.30	0.5464E-17
20.04	0.5576E-17
20.80	0.5697E-17
21.59	0.5819E-17
22.42	0.5941E-17
23.27	0.6063E-17
24.16	0.6186E-17
25.08	0.6310E-17
26.03	0.6435E-17
27.02	0.6566E-17
28.05	0.6694E-17
29.12	0.6824E-17
30.23	0.6956E-17
31.38	0.7091E-17
32.57	0.7228E-17
33.82	0.7368E-17
35.10	0.7510E-17
36.44	0.7658E-17
37.83	0.7807E-17
39.27	0.7960E-17
40.76	0.8117E-17
42.32	0.8278E-17
43.93	0.8443E-17
45.60	0.8613E-17
47.34	0.8787E-17
49.14	0.8966E-17
51.01	0.9150E-17
52.96	0.9340E-17
54.97	0.9535E-17
57.07	0.9737E-17
59.24	0.9944E-17
61.50	0.1016E-16
63.84	0.1038E-16
66.27	0.1060E-16
68.79	0.1084E-16
71.41	0.1108E-16
74.13	0.1133E-16
76.96	0.1159E-16
79.89	0.1186E-16
82.93	0.1213E-16
86.09	0.1242E-16
89.37	0.1271E-16
92.77	0.1302E-16
96.31	0.1333E-16
99.97	0.1366E-16
103.8	0.1400E-16
107.7	0.1435E-16
111.8	0.1472E-16
116.1	0.1510E-16
120.5	0.1549E-16
125.1	0.1590E-16
129.9	0.1632E-16
134.8	0.1676E-16
140.0	0.1722E-16
145.3	0.1770E-16
150.8	0.1819E-16
156.6	0.1871E-16
162.5	0.1925E-16
168.7	0.1981E-16
175.1	0.2039E-16
181.8	0.2100E-16
188.7	0.2164E-16
195.9	0.2230E-16
203.4	0.2299E-16
211.1	0.2371E-16
219.2	0.2446E-16
227.5	0.2524E-16
236.2	0.2605E-16
245.2	0.2690E-16
254.5	0.2778E-16
264.2	0.2871E-16
274.3	0.2966E-16
284.7	0.3066E-16
295.6	0.3170E-16
306.8	0.3277E-16
318.5	0.3389E-16
330.6	0.3505E-16
343.2	0.3626E-16
356.3	0.3751E-16
369.9	0.3880E-16
384.0	0.4014E-16
398.6	0.4153E-16
413.8	0.4296E-16
429.5	0.4444E-16
445.9	0.4597E-16
462.9	0.4754E-16
480.5	0.4916E-16
498.8	0.5084E-16
517.8	0.5256E-16
537.5	0.5433E-16
558.0	0.5614E-16
579.2	0.5801E-16
601.3	0.5993E-16
624.2	0.6190E-16
648.0	0.6392E-16
672.6	0.6599E-16
698.3	0.6811E-16
724.9	0.7028E-16
752.5	0.7250E-16
781.1	0.7477E-16
810.9	0.7710E-16
841.8	0.7948E-16
873.8	0.8191E-16
907.1	0.8439E-16
941.6	0.8693E-16
977.5	0.8952E-16
1015.	0.9217E-16
1053.	0.9488E-16
1094.	0.9764E-16
1135.	0.1005E-15
1178.	0.1033E-15
1223.	0.1063E-15
1270.	0.1093E-15
1318.	0.1124E-15
1368.	0.1155E-15
1421.	0.1187E-15
1475.	0.1220E-15
1531.	0.1253E-15
1589.	0.1288E-15
1650.	0.1323E-15
1712.	0.1359E-15
1778.	0.1396E-15
1845.	0.1433E-15
1916.	0.1472E-15
1989.	0.1511E-15
2064.	0.1552E-15
2143.	0.1593E-15
2225.	0.1636E-15
2309.	0.1680E-15
2397.	0.1724E-15
2489.	0.1770E-15
2583.	0.1818E-15
2682.	0.1866E-15
2784.	0.1916E-15
2890.	0.1968E-15
3000.	0.2020E-15
 
 
C4    O2    Excitation    0.020 eV                              
E/N (Td)	Energy loss coefficient (eV m3/s)
0.1000E-02	0.8808E-22
0.1038E-02	0.9510E-22
0.1078E-02	0.1025E-21
0.1119E-02	0.1104E-21
0.1161E-02	0.1189E-21
0.1205E-02	0.1281E-21
0.1251E-02	0.1380E-21
0.1299E-02	0.1487E-21
0.1349E-02	0.1602E-21
0.1400E-02	0.1726E-21
0.1453E-02	0.1859E-21
0.1509E-02	0.2002E-21
0.1566E-02	0.2157E-21
0.1626E-02	0.2323E-21
0.1688E-02	0.2502E-21
0.1752E-02	0.2695E-21
0.1819E-02	0.2903E-21
0.1888E-02	0.3126E-21
0.1960E-02	0.3366E-21
0.2034E-02	0.3625E-21
0.2112E-02	0.3904E-21
0.2192E-02	0.4203E-21
0.2276E-02	0.4526E-21
0.2362E-02	0.4873E-21
0.2452E-02	0.5246E-21
0.2546E-02	0.5647E-21
0.2643E-02	0.6079E-21
0.2743E-02	0.6543E-21
0.2848E-02	0.7042E-21
0.2956E-02	0.7579E-21
0.3069E-02	0.8155E-21
0.3186E-02	0.8775E-21
0.3307E-02	0.9441E-21
0.3433E-02	0.1016E-20
0.3564E-02	0.1093E-20
0.3700E-02	0.1175E-20
0.3841E-02	0.1264E-20
0.3987E-02	0.1359E-20
0.4139E-02	0.1461E-20
0.4296E-02	0.1571E-20
0.4460E-02	0.1688E-20
0.4630E-02	0.1814E-20
0.4806E-02	0.1950E-20
0.4989E-02	0.2094E-20
0.5179E-02	0.2250E-20
0.5377E-02	0.2416E-20
0.5581E-02	0.2594E-20
0.5794E-02	0.2784E-20
0.6015E-02	0.2988E-20
0.6244E-02	0.3206E-20
0.6481E-02	0.3439E-20
0.6728E-02	0.3688E-20
0.6985E-02	0.3954E-20
0.7251E-02	0.4237E-20
0.7527E-02	0.4540E-20
0.7813E-02	0.4862E-20
0.8111E-02	0.5205E-20
0.8420E-02	0.5571E-20
0.8741E-02	0.5960E-20
0.9073E-02	0.6373E-20
0.9419E-02	0.6812E-20
0.9778E-02	0.7278E-20
0.1015E-01	0.7772E-20
0.1054E-01	0.8296E-20
0.1094E-01	0.8850E-20
0.1135E-01	0.9436E-20
0.1179E-01	0.1006E-19
0.1224E-01	0.1071E-19
0.1270E-01	0.1140E-19
0.1319E-01	0.1212E-19
0.1369E-01	0.1288E-19
0.1421E-01	0.1369E-19
0.1475E-01	0.1453E-19
0.1531E-01	0.1541E-19
0.1590E-01	0.1633E-19
0.1650E-01	0.1729E-19
0.1713E-01	0.1829E-19
0.1778E-01	0.1934E-19
0.1846E-01	0.2042E-19
0.1916E-01	0.2155E-19
0.1989E-01	0.2272E-19
0.2065E-01	0.2393E-19
0.2144E-01	0.2518E-19
0.2225E-01	0.2647E-19
0.2310E-01	0.2779E-19
0.2398E-01	0.2915E-19
0.2489E-01	0.3055E-19
0.2584E-01	0.3198E-19
0.2682E-01	0.3344E-19
0.2785E-01	0.3493E-19
0.2891E-01	0.3644E-19
0.3001E-01	0.3798E-19
0.3115E-01	0.3954E-19
0.3234E-01	0.4111E-19
0.3357E-01	0.4269E-19
0.3485E-01	0.4429E-19
0.3617E-01	0.4589E-19
0.3755E-01	0.4749E-19
0.3898E-01	0.4909E-19
0.4047E-01	0.5069E-19
0.4201E-01	0.5227E-19
0.4361E-01	0.5385E-19
0.4527E-01	0.5540E-19
0.4699E-01	0.5693E-19
0.4878E-01	0.5844E-19
0.5064E-01	0.5992E-19
0.5257E-01	0.6137E-19
0.5457E-01	0.6278E-19
0.5665E-01	0.6416E-19
0.5881E-01	0.6549E-19
0.6105E-01	0.6679E-19
0.6337E-01	0.6805E-19
0.6579E-01	0.6926E-19
0.6829E-01	0.7042E-19
0.7089E-01	0.7155E-19
0.7359E-01	0.7262E-19
0.7640E-01	0.7366E-19
0.7931E-01	0.7465E-19
0.8233E-01	0.7560E-19
0.8546E-01	0.7651E-19
0.8872E-01	0.7739E-19
0.9210E-01	0.7823E-19
0.9560E-01	0.7903E-19
0.9924E-01	0.7981E-19
0.1030	0.8055E-19
0.1069	0.8127E-19
0.1110	0.8197E-19
0.1152	0.8265E-19
0.1196	0.8332E-19
0.1242	0.8397E-19
0.1289	0.8461E-19
0.1338	0.8524E-19
0.1389	0.8587E-19
0.1442	0.8650E-19
0.1497	0.8713E-19
0.1554	0.8777E-19
0.1613	0.8841E-19
0.1675	0.8907E-19
0.1739	0.8973E-19
0.1805	0.9042E-19
0.1874	0.9112E-19
0.1945	0.9184E-19
0.2019	0.9259E-19
0.2096	0.9336E-19
0.2176	0.9415E-19
0.2259	0.9498E-19
0.2345	0.9584E-19
0.2434	0.9673E-19
0.2527	0.9765E-19
0.2623	0.9860E-19
0.2723	0.9960E-19
0.2826	0.1006E-18
0.2934	0.1017E-18
0.3046	0.1028E-18
0.3162	0.1039E-18
0.3282	0.1051E-18
0.3407	0.1063E-18
0.3537	0.1076E-18
0.3672	0.1089E-18
0.3812	0.1102E-18
0.3957	0.1116E-18
0.4107	0.1130E-18
0.4264	0.1144E-18
0.4426	0.1159E-18
0.4595	0.1174E-18
0.4770	0.1189E-18
0.4952	0.1205E-18
0.5140	0.1221E-18
0.5336	0.1238E-18
0.5539	0.1255E-18
0.5750	0.1272E-18
0.5969	0.1289E-18
0.6196	0.1307E-18
0.6432	0.1326E-18
0.6677	0.1345E-18
0.6932	0.1364E-18
0.7196	0.1384E-18
0.7470	0.1405E-18
0.7754	0.1425E-18
0.8050	0.1447E-18
0.8356	0.1469E-18
0.8674	0.1492E-18
0.9005	0.1516E-18
0.9348	0.1540E-18
0.9704	0.1565E-18
1.007	0.1592E-18
1.046	0.1619E-18
1.086	0.1647E-18
1.127	0.1676E-18
1.170	0.1707E-18
1.214	0.1740E-18
1.261	0.1774E-18
1.309	0.1808E-18
1.358	0.1844E-18
1.410	0.1877E-18
1.464	0.1917E-18
1.520	0.1958E-18
1.578	0.2002E-18
1.638	0.2048E-18
1.700	0.2098E-18
1.765	0.2149E-18
1.832	0.2203E-18
1.902	0.2260E-18
1.974	0.2322E-18
2.049	0.2394E-18
2.127	0.2466E-18
2.208	0.2544E-18
2.293	0.2630E-18
2.380	0.2725E-18
2.470	0.2830E-18
2.565	0.2947E-18
2.662	0.3115E-18
2.764	0.3266E-18
2.869	0.3438E-18
2.978	0.3631E-18
3.092	0.3850E-18
3.209	0.4096E-18
3.332	0.4374E-18
3.458	0.4545E-18
3.590	0.4881E-18
3.727	0.5256E-18
3.869	0.5672E-18
4.016	0.6132E-18
4.169	0.6637E-18
4.328	0.7188E-18
4.493	0.7785E-18
4.664	0.8426E-18
4.841	0.9112E-18
5.026	0.9951E-18
5.217	0.1072E-17
5.416	0.1152E-17
5.622	0.1235E-17
5.836	0.1321E-17
6.059	0.1409E-17
6.289	0.1499E-17
6.529	0.1589E-17
6.778	0.1681E-17
7.036	0.1772E-17
7.304	0.1870E-17
7.582	0.1961E-17
7.871	0.2050E-17
8.170	0.2138E-17
8.482	0.2225E-17
8.805	0.2310E-17
9.140	0.2392E-17
9.488	0.2473E-17
9.849	0.2551E-17
10.22	0.2632E-17
10.61	0.2705E-17
11.02	0.2775E-17
11.44	0.2843E-17
11.87	0.2909E-17
12.33	0.2972E-17
12.80	0.3032E-17
13.28	0.3090E-17
13.79	0.3146E-17
14.31	0.3201E-17
14.86	0.3253E-17
15.42	0.3302E-17
16.01	0.3350E-17
16.62	0.3396E-17
17.25	0.3440E-17
17.91	0.3483E-17
18.59	0.3524E-17
19.30	0.3564E-17
20.04	0.3598E-17
20.80	0.3637E-17
21.59	0.3674E-17
22.42	0.3711E-17
23.27	0.3747E-17
24.16	0.3782E-17
25.08	0.3817E-17
26.03	0.3851E-17
27.02	0.3888E-17
28.05	0.3921E-17
29.12	0.3955E-17
30.23	0.3988E-17
31.38	0.4021E-17
32.57	0.4054E-17
33.82	0.4086E-17
35.10	0.4119E-17
36.44	0.4153E-17
37.83	0.4186E-17
39.27	0.4220E-17
40.76	0.4253E-17
42.32	0.4287E-17
43.93	0.4321E-17
45.60	0.4356E-17
47.34	0.4391E-17
49.14	0.4425E-17
51.01	0.4461E-17
52.96	0.4497E-17
54.97	0.4533E-17
57.07	0.4570E-17
59.24	0.4607E-17
61.50	0.4645E-17
63.84	0.4682E-17
66.27	0.4721E-17
68.79	0.4760E-17
71.41	0.4800E-17
74.13	0.4841E-17
76.96	0.4882E-17
79.89	0.4923E-17
82.93	0.4966E-17
86.09	0.5008E-17
89.37	0.5052E-17
92.77	0.5096E-17
96.31	0.5141E-17
99.97	0.5187E-17
103.8	0.5233E-17
107.7	0.5280E-17
111.8	0.5328E-17
116.1	0.5377E-17
120.5	0.5426E-17
125.1	0.5477E-17
129.9	0.5528E-17
134.8	0.5580E-17
140.0	0.5633E-17
145.3	0.5687E-17
150.8	0.5743E-17
156.6	0.5799E-17
162.5	0.5856E-17
168.7	0.5914E-17
175.1	0.5974E-17
181.8	0.6035E-17
188.7	0.6096E-17
195.9	0.6159E-17
203.4	0.6224E-17
211.1	0.6289E-17
219.2	0.6356E-17
227.5	0.6425E-17
236.2	0.6494E-17
245.2	0.6565E-17
254.5	0.6638E-17
264.2	0.6711E-17
274.3	0.6786E-17
284.7	0.6863E-17
295.6	0.6941E-17
306.8	0.7020E-17
318.5	0.7101E-17
330.6	0.7183E-17
343.2	0.7267E-17
356.3	0.7352E-17
369.9	0.7438E-17
384.0	0.7525E-17
398.6	0.7614E-17
413.8	0.7705E-17
429.5	0.7796E-17
445.9	0.7889E-17
462.9	0.7983E-17
480.5	0.8078E-17
498.8	0.8175E-17
517.8	0.8272E-17
537.5	0.8371E-17
558.0	0.8470E-17
579.2	0.8571E-17
601.3	0.8672E-17
624.2	0.8775E-17
648.0	0.8878E-17
672.6	0.8983E-17
698.3	0.9087E-17
724.9	0.9193E-17
752.5	0.9299E-17
781.1	0.9406E-17
810.9	0.9514E-17
841.8	0.9621E-17
873.8	0.9730E-17
907.1	0.9838E-17
941.6	0.9947E-17
977.5	0.1006E-16
1015.	0.1017E-16
1053.	0.1027E-16
1094.	0.1038E-16
1135.	0.1049E-16
1178.	0.1060E-16
1223.	0.1071E-16
1270.	0.1082E-16
1318.	0.1093E-16
1368.	0.1103E-16
1421.	0.1114E-16
1475.	0.1125E-16
1531.	0.1135E-16
1589.	0.1146E-16
1650.	0.1156E-16
1712.	0.1167E-16
1778.	0.1177E-16
1845.	0.1187E-16
1916.	0.1197E-16
1989.	0.1208E-16
2064.	0.1218E-16
2143.	0.1228E-16
2225.	0.1239E-16
2309.	0.1249E-16
2397.	0.1259E-16
2489.	0.1270E-16
2583.	0.1281E-16
2682.	0.1292E-16
2784.	0.1303E-16
2890.	0.1314E-16
3000.	0.1326E-16
 
 
C5    O2    Excitation    0.19 eV                               
E/N (Td)	Energy loss coefficient (eV m3/s)
0.1000E-02	0.1047E-22
0.1038E-02	0.1152E-22
0.1078E-02	0.1241E-22
0.1119E-02	0.1337E-22
0.1161E-02	0.1441E-22
0.1205E-02	0.1552E-22
0.1251E-02	0.1672E-22
0.1299E-02	0.1801E-22
0.1349E-02	0.1940E-22
0.1400E-02	0.2089E-22
0.1453E-02	0.2250E-22
0.1509E-02	0.2424E-22
0.1566E-02	0.2610E-22
0.1626E-02	0.2811E-22
0.1688E-02	0.3028E-22
0.1752E-02	0.3260E-22
0.1819E-02	0.3511E-22
0.1888E-02	0.3780E-22
0.1960E-02	0.4070E-22
0.2034E-02	0.4382E-22
0.2112E-02	0.4718E-22
0.2192E-02	0.5079E-22
0.2276E-02	0.5467E-22
0.2362E-02	0.5885E-22
0.2452E-02	0.6335E-22
0.2546E-02	0.6818E-22
0.2643E-02	0.7337E-22
0.2743E-02	0.7896E-22
0.2848E-02	0.8497E-22
0.2956E-02	0.9143E-22
0.3069E-02	0.9837E-22
0.3186E-02	0.1058E-21
0.3307E-02	0.1139E-21
0.3433E-02	0.1225E-21
0.3564E-02	0.1317E-21
0.3700E-02	0.1417E-21
0.3841E-02	0.1524E-21
0.3987E-02	0.1639E-21
0.4139E-02	0.1763E-21
0.4296E-02	0.1895E-21
0.4460E-02	0.2038E-21
0.4630E-02	0.2191E-21
0.4806E-02	0.2356E-21
0.4989E-02	0.2533E-21
0.5179E-02	0.2723E-21
0.5377E-02	0.2928E-21
0.5581E-02	0.3147E-21
0.5794E-02	0.3383E-21
0.6015E-02	0.3636E-21
0.6244E-02	0.3909E-21
0.6481E-02	0.4201E-21
0.6728E-02	0.4516E-21
0.6985E-02	0.4853E-21
0.7251E-02	0.5216E-21
0.7527E-02	0.5606E-21
0.7813E-02	0.6025E-21
0.8111E-02	0.6476E-21
0.8420E-02	0.6960E-21
0.8741E-02	0.7481E-21
0.9073E-02	0.8040E-21
0.9419E-02	0.8642E-21
0.9778E-02	0.9289E-21
0.1015E-01	0.9985E-21
0.1054E-01	0.1073E-20
0.1094E-01	0.1154E-20
0.1135E-01	0.1241E-20
0.1179E-01	0.1334E-20
0.1224E-01	0.1435E-20
0.1270E-01	0.1543E-20
0.1319E-01	0.1660E-20
0.1369E-01	0.1786E-20
0.1421E-01	0.1922E-20
0.1475E-01	0.2068E-20
0.1531E-01	0.2226E-20
0.1590E-01	0.2398E-20
0.1650E-01	0.2583E-20
0.1713E-01	0.2783E-20
0.1778E-01	0.3000E-20
0.1846E-01	0.3235E-20
0.1916E-01	0.3490E-20
0.1989E-01	0.3767E-20
0.2065E-01	0.4069E-20
0.2144E-01	0.4396E-20
0.2225E-01	0.4753E-20
0.2310E-01	0.5143E-20
0.2398E-01	0.5568E-20
0.2489E-01	0.6032E-20
0.2584E-01	0.6540E-20
0.2682E-01	0.7096E-20
0.2785E-01	0.7706E-20
0.2891E-01	0.8375E-20
0.3001E-01	0.9110E-20
0.3115E-01	0.9917E-20
0.3234E-01	0.1081E-19
0.3357E-01	0.1178E-19
0.3485E-01	0.1286E-19
0.3617E-01	0.1405E-19
0.3755E-01	0.1536E-19
0.3898E-01	0.1681E-19
0.4047E-01	0.1840E-19
0.4201E-01	0.2016E-19
0.4361E-01	0.2211E-19
0.4527E-01	0.2425E-19
0.4699E-01	0.2662E-19
0.4878E-01	0.2922E-19
0.5064E-01	0.3209E-19
0.5257E-01	0.3526E-19
0.5457E-01	0.3874E-19
0.5665E-01	0.4256E-19
0.5881E-01	0.4677E-19
0.6105E-01	0.5138E-19
0.6337E-01	0.5643E-19
0.6579E-01	0.6197E-19
0.6829E-01	0.6803E-19
0.7089E-01	0.7464E-19
0.7359E-01	0.8186E-19
0.7640E-01	0.8973E-19
0.7931E-01	0.9829E-19
0.8233E-01	0.1076E-18
0.8546E-01	0.1177E-18
0.8872E-01	0.1287E-18
0.9210E-01	0.1406E-18
0.9560E-01	0.1535E-18
0.9924E-01	0.1674E-18
0.1030	0.1825E-18
0.1069	0.1988E-18
0.1110	0.2163E-18
0.1152	0.2352E-18
0.1196	0.2556E-18
0.1242	0.2775E-18
0.1289	0.3012E-18
0.1338	0.3265E-18
0.1389	0.3537E-18
0.1442	0.3829E-18
0.1497	0.4142E-18
0.1554	0.4478E-18
0.1613	0.4838E-18
0.1675	0.5223E-18
0.1739	0.5635E-18
0.1805	0.6075E-18
0.1874	0.6546E-18
0.1945	0.7049E-18
0.2019	0.7586E-18
0.2096	0.8158E-18
0.2176	0.8768E-18
0.2259	0.9419E-18
0.2345	0.1011E-17
0.2434	0.1085E-17
0.2527	0.1163E-17
0.2623	0.1247E-17
0.2723	0.1335E-17
0.2826	0.1429E-17
0.2934	0.1529E-17
0.3046	0.1635E-17
0.3162	0.1747E-17
0.3282	0.1866E-17
0.3407	0.1993E-17
0.3537	0.2126E-17
0.3672	0.2268E-17
0.3812	0.2418E-17
0.3957	0.2577E-17
0.4107	0.2745E-17
0.4264	0.2923E-17
0.4426	0.3111E-17
0.4595	0.3311E-17
0.4770	0.3522E-17
0.4952	0.3745E-17
0.5140	0.3982E-17
0.5336	0.4232E-17
0.5539	0.4497E-17
0.5750	0.4777E-17
0.5969	0.5074E-17
0.6196	0.5389E-17
0.6432	0.5723E-17
0.6677	0.6078E-17
0.6932	0.6453E-17
0.7196	0.6853E-17
0.7470	0.7276E-17
0.7754	0.7724E-17
0.8050	0.8194E-17
0.8356	0.8698E-17
0.8674	0.9231E-17
0.9005	0.9800E-17
0.9348	0.1040E-16
0.9704	0.1103E-16
1.007	0.1171E-16
1.046	0.1242E-16
1.086	0.1317E-16
1.127	0.1397E-16
1.170	0.1481E-16
1.214	0.1571E-16
1.261	0.1664E-16
1.309	0.1763E-16
1.358	0.1866E-16
1.410	0.1965E-16
1.464	0.2079E-16
1.520	0.2198E-16
1.578	0.2323E-16
1.638	0.2453E-16
1.700	0.2589E-16
1.765	0.2731E-16
1.832	0.2878E-16
1.902	0.3030E-16
1.974	0.3188E-16
2.049	0.3364E-16
2.127	0.3530E-16
2.208	0.3700E-16
2.293	0.3873E-16
2.380	0.4050E-16
2.470	0.4228E-16
2.565	0.4407E-16
2.662	0.4617E-16
2.764	0.4795E-16
2.869	0.4971E-16
2.978	0.5143E-16
3.092	0.5309E-16
3.209	0.5468E-16
3.332	0.5618E-16
3.458	0.5735E-16
3.590	0.5868E-16
3.727	0.5986E-16
3.869	0.6090E-16
4.016	0.6176E-16
4.169	0.6244E-16
4.328	0.6293E-16
4.493	0.6322E-16
4.664	0.6331E-16
4.841	0.6319E-16
5.026	0.6261E-16
5.217	0.6208E-16
5.416	0.6136E-16
5.622	0.6049E-16
5.836	0.5947E-16
6.059	0.5832E-16
6.289	0.5706E-16
6.529	0.5571E-16
6.778	0.5430E-16
7.036	0.5285E-16
7.304	0.5133E-16
7.582	0.4985E-16
7.871	0.4839E-16
8.170	0.4697E-16
8.482	0.4560E-16
8.805	0.4430E-16
9.140	0.4308E-16
9.488	0.4195E-16
9.849	0.4092E-16
10.22	0.3986E-16
10.61	0.3907E-16
11.02	0.3840E-16
11.44	0.3786E-16
11.87	0.3744E-16
12.33	0.3715E-16
12.80	0.3698E-16
13.28	0.3694E-16
13.79	0.3703E-16
14.31	0.3718E-16
14.86	0.3752E-16
15.42	0.3798E-16
16.01	0.3856E-16
16.62	0.3925E-16
17.25	0.4006E-16
17.91	0.4099E-16
18.59	0.4202E-16
19.30	0.4318E-16
20.04	0.4454E-16
20.80	0.4591E-16
21.59	0.4739E-16
22.42	0.4899E-16
23.27	0.5070E-16
24.16	0.5254E-16
25.08	0.5449E-16
26.03	0.5656E-16
27.02	0.5874E-16
28.05	0.6106E-16
29.12	0.6351E-16
30.23	0.6609E-16
31.38	0.6880E-16
32.57	0.7164E-16
33.82	0.7461E-16
35.10	0.7771E-16
36.44	0.8094E-16
37.83	0.8431E-16
39.27	0.8782E-16
40.76	0.9147E-16
42.32	0.9525E-16
43.93	0.9916E-16
45.60	0.1032E-15
47.34	0.1074E-15
49.14	0.1117E-15
51.01	0.1161E-15
52.96	0.1207E-15
54.97	0.1254E-15
57.07	0.1302E-15
59.24	0.1351E-15
61.50	0.1401E-15
63.84	0.1452E-15
66.27	0.1505E-15
68.79	0.1558E-15
71.41	0.1612E-15
74.13	0.1668E-15
76.96	0.1723E-15
79.89	0.1780E-15
82.93	0.1837E-15
86.09	0.1895E-15
89.37	0.1953E-15
92.77	0.2011E-15
96.31	0.2070E-15
99.97	0.2129E-15
103.8	0.2187E-15
107.7	0.2246E-15
111.8	0.2304E-15
116.1	0.2362E-15
120.5	0.2420E-15
125.1	0.2477E-15
129.9	0.2533E-15
134.8	0.2588E-15
140.0	0.2642E-15
145.3	0.2695E-15
150.8	0.2746E-15
156.6	0.2796E-15
162.5	0.2844E-15
168.7	0.2890E-15
175.1	0.2935E-15
181.8	0.2977E-15
188.7	0.3017E-15
195.9	0.3054E-15
203.4	0.3090E-15
211.1	0.3122E-15
219.2	0.3152E-15
227.5	0.3179E-15
236.2	0.3204E-15
245.2	0.3225E-15
254.5	0.3243E-15
264.2	0.3259E-15
274.3	0.3271E-15
284.7	0.3280E-15
295.6	0.3287E-15
306.8	0.3290E-15
318.5	0.3290E-15
330.6	0.3287E-15
343.2	0.3280E-15
356.3	0.3271E-15
369.9	0.3259E-15
384.0	0.3245E-15
398.6	0.3227E-15
413.8	0.3207E-15
429.5	0.3184E-15
445.9	0.3158E-15
462.9	0.3130E-15
480.5	0.3100E-15
498.8	0.3068E-15
517.8	0.3033E-15
537.5	0.2997E-15
558.0	0.2958E-15
579.2	0.2918E-15
601.3	0.2877E-15
624.2	0.2833E-15
648.0	0.2789E-15
672.6	0.2743E-15
698.3	0.2696E-15
724.9	0.2648E-15
752.5	0.2599E-15
781.1	0.2549E-15
810.9	0.2499E-15
841.8	0.2448E-15
873.8	0.2396E-15
907.1	0.2344E-15
941.6	0.2292E-15
977.5	0.2240E-15
1015.	0.2187E-15
1053.	0.2135E-15
1094.	0.2082E-15
1135.	0.2030E-15
1178.	0.1978E-15
1223.	0.1926E-15
1270.	0.1875E-15
1318.	0.1823E-15
1368.	0.1773E-15
1421.	0.1723E-15
1475.	0.1673E-15
1531.	0.1624E-15
1589.	0.1575E-15
1650.	0.1527E-15
1712.	0.1480E-15
1778.	0.1434E-15
1845.	0.1388E-15
1916.	0.1343E-15
1989.	0.1299E-15
2064.	0.1255E-15
2143.	0.1213E-15
2225.	0.1171E-15
2309.	0.1130E-15
2397.	0.1090E-15
2489.	0.1051E-15
2583.	0.1013E-15
2682.	0.9753E-16
2784.	0.9388E-16
2890.	0.9031E-16
3000.	0.8683E-16
 
 
C6    O2    Excitation    0.39 eV                               
E/N (Td)	Energy loss coefficient (eV m3/s)
0.1000E-02	0.1227E-27
0.1038E-02	0.1241E-27
0.1078E-02	0.1461E-27
0.1119E-02	0.1699E-27
0.1161E-02	0.1955E-27
0.1205E-02	0.2230E-27
0.1251E-02	0.2526E-27
0.1299E-02	0.2845E-27
0.1349E-02	0.3188E-27
0.1400E-02	0.3557E-27
0.1453E-02	0.3955E-27
0.1509E-02	0.4382E-27
0.1566E-02	0.4841E-27
0.1626E-02	0.5336E-27
0.1688E-02	0.5867E-27
0.1752E-02	0.6439E-27
0.1819E-02	0.7053E-27
0.1888E-02	0.7713E-27
0.1960E-02	0.8423E-27
0.2034E-02	0.9186E-27
0.2112E-02	0.1001E-26
0.2192E-02	0.1089E-26
0.2276E-02	0.1183E-26
0.2362E-02	0.1285E-26
0.2452E-02	0.1394E-26
0.2546E-02	0.1512E-26
0.2643E-02	0.1637E-26
0.2743E-02	0.1773E-26
0.2848E-02	0.1918E-26
0.2956E-02	0.2074E-26
0.3069E-02	0.2241E-26
0.3186E-02	0.2420E-26
0.3307E-02	0.2613E-26
0.3433E-02	0.2820E-26
0.3564E-02	0.3042E-26
0.3700E-02	0.3280E-26
0.3841E-02	0.3535E-26
0.3987E-02	0.3809E-26
0.4139E-02	0.4103E-26
0.4296E-02	0.4418E-26
0.4460E-02	0.4755E-26
0.4630E-02	0.5118E-26
0.4806E-02	0.5506E-26
0.4989E-02	0.5923E-26
0.5179E-02	0.6369E-26
0.5377E-02	0.6848E-26
0.5581E-02	0.7361E-26
0.5794E-02	0.7911E-26
0.6015E-02	0.8501E-26
0.6244E-02	0.9133E-26
0.6481E-02	0.9810E-26
0.6728E-02	0.1053E-25
0.6985E-02	0.1131E-25
0.7251E-02	0.1214E-25
0.7527E-02	0.1304E-25
0.7813E-02	0.1399E-25
0.8111E-02	0.1501E-25
0.8420E-02	0.1611E-25
0.8741E-02	0.1728E-25
0.9073E-02	0.1853E-25
0.9419E-02	0.1987E-25
0.9778E-02	0.2131E-25
0.1015E-01	0.2285E-25
0.1054E-01	0.2449E-25
0.1094E-01	0.2625E-25
0.1135E-01	0.2813E-25
0.1179E-01	0.3015E-25
0.1224E-01	0.3230E-25
0.1270E-01	0.3461E-25
0.1319E-01	0.3707E-25
0.1369E-01	0.3971E-25
0.1421E-01	0.4253E-25
0.1475E-01	0.4555E-25
0.1531E-01	0.4878E-25
0.1590E-01	0.5223E-25
0.1650E-01	0.5593E-25
0.1713E-01	0.5989E-25
0.1778E-01	0.6413E-25
0.1846E-01	0.6867E-25
0.1916E-01	0.7354E-25
0.1989E-01	0.7875E-25
0.2065E-01	0.8434E-25
0.2144E-01	0.9033E-25
0.2225E-01	0.9676E-25
0.2310E-01	0.1037E-24
0.2398E-01	0.1111E-24
0.2489E-01	0.1190E-24
0.2584E-01	0.1276E-24
0.2682E-01	0.1367E-24
0.2785E-01	0.1466E-24
0.2891E-01	0.1572E-24
0.3001E-01	0.1686E-24
0.3115E-01	0.1808E-24
0.3234E-01	0.1939E-24
0.3357E-01	0.2080E-24
0.3485E-01	0.2232E-24
0.3617E-01	0.2395E-24
0.3755E-01	0.2569E-24
0.3898E-01	0.2756E-24
0.4047E-01	0.2957E-24
0.4201E-01	0.3171E-24
0.4361E-01	0.3401E-24
0.4527E-01	0.3645E-24
0.4699E-01	0.3906E-24
0.4878E-01	0.4184E-24
0.5064E-01	0.4479E-24
0.5257E-01	0.4791E-24
0.5457E-01	0.5122E-24
0.5665E-01	0.5472E-24
0.5881E-01	0.5841E-24
0.6105E-01	0.6230E-24
0.6337E-01	0.6638E-24
0.6579E-01	0.7066E-24
0.6829E-01	0.7514E-24
0.7089E-01	0.7982E-24
0.7359E-01	0.8471E-24
0.7640E-01	0.8981E-24
0.7931E-01	0.9514E-24
0.8233E-01	0.1007E-23
0.8546E-01	0.1065E-23
0.8872E-01	0.1126E-23
0.9210E-01	0.1190E-23
0.9560E-01	0.1257E-23
0.9924E-01	0.1329E-23
0.1030	0.1405E-23
0.1069	0.1487E-23
0.1110	0.1576E-23
0.1152	0.1674E-23
0.1196	0.1783E-23
0.1242	0.1905E-23
0.1289	0.2054E-23
0.1338	0.2213E-23
0.1389	0.2397E-23
0.1442	0.2611E-23
0.1497	0.2861E-23
0.1554	0.3157E-23
0.1613	0.3509E-23
0.1675	0.3927E-23
0.1739	0.4427E-23
0.1805	0.5026E-23
0.1874	0.5745E-23
0.1945	0.6610E-23
0.2019	0.7651E-23
0.2096	0.8906E-23
0.2176	0.1042E-22
0.2259	0.1225E-22
0.2345	0.1446E-22
0.2434	0.1714E-22
0.2527	0.2039E-22
0.2623	0.2435E-22
0.2723	0.2919E-22
0.2826	0.3512E-22
0.2934	0.4243E-22
0.3046	0.5147E-22
0.3162	0.6273E-22
0.3282	0.7682E-22
0.3407	0.9506E-22
0.3537	0.1176E-21
0.3672	0.1464E-21
0.3812	0.1831E-21
0.3957	0.2303E-21
0.4107	0.2911E-21
0.4264	0.3697E-21
0.4426	0.4715E-21
0.4595	0.6033E-21
0.4770	0.7743E-21
0.4952	0.9959E-21
0.5140	0.1283E-20
0.5336	0.1654E-20
0.5539	0.2132E-20
0.5750	0.2757E-20
0.5969	0.3550E-20
0.6196	0.4565E-20
0.6432	0.5861E-20
0.6677	0.7510E-20
0.6932	0.9602E-20
0.7196	0.1238E-19
0.7470	0.1574E-19
0.7754	0.1995E-19
0.8050	0.2524E-19
0.8356	0.3180E-19
0.8674	0.3995E-19
0.9005	0.5003E-19
0.9348	0.6245E-19
0.9704	0.7769E-19
1.007	0.9633E-19
1.046	0.1202E-18
1.086	0.1479E-18
1.127	0.1815E-18
1.170	0.2220E-18
1.214	0.2732E-18
1.261	0.3317E-18
1.309	0.4015E-18
1.358	0.4842E-18
1.410	0.5780E-18
1.464	0.6922E-18
1.520	0.8261E-18
1.578	0.9825E-18
1.638	0.1164E-17
1.700	0.1379E-17
1.765	0.1623E-17
1.832	0.1902E-17
1.902	0.2221E-17
1.974	0.2583E-17
2.049	0.2993E-17
2.127	0.3455E-17
2.208	0.3972E-17
2.293	0.4549E-17
2.380	0.5188E-17
2.470	0.5893E-17
2.565	0.6666E-17
2.662	0.7725E-17
2.764	0.8653E-17
2.869	0.9650E-17
2.978	0.1071E-16
3.092	0.1184E-16
3.209	0.1302E-16
3.332	0.1425E-16
3.458	0.1511E-16
3.590	0.1639E-16
3.727	0.1770E-16
3.869	0.1902E-16
4.016	0.2032E-16
4.169	0.2161E-16
4.328	0.2286E-16
4.493	0.2405E-16
4.664	0.2518E-16
4.841	0.2623E-16
5.026	0.2719E-16
5.217	0.2805E-16
5.416	0.2880E-16
5.622	0.2944E-16
5.836	0.2998E-16
6.059	0.3040E-16
6.289	0.3072E-16
6.529	0.3094E-16
6.778	0.3108E-16
7.036	0.3113E-16
7.304	0.3123E-16
7.582	0.3115E-16
7.871	0.3103E-16
8.170	0.3089E-16
8.482	0.3073E-16
8.805	0.3058E-16
9.140	0.3043E-16
9.488	0.3031E-16
9.849	0.3022E-16
10.22	0.3023E-16
10.61	0.3023E-16
11.02	0.3029E-16
11.44	0.3041E-16
11.87	0.3060E-16
12.33	0.3087E-16
12.80	0.3120E-16
13.28	0.3161E-16
13.79	0.3210E-16
14.31	0.3257E-16
14.86	0.3323E-16
15.42	0.3396E-16
16.01	0.3476E-16
16.62	0.3565E-16
17.25	0.3661E-16
17.91	0.3765E-16
18.59	0.3877E-16
19.30	0.3996E-16
20.04	0.4125E-16
20.80	0.4260E-16
21.59	0.4404E-16
22.42	0.4556E-16
23.27	0.4716E-16
24.16	0.4885E-16
25.08	0.5064E-16
26.03	0.5251E-16
27.02	0.5450E-16
28.05	0.5657E-16
29.12	0.5874E-16
30.23	0.6101E-16
31.38	0.6338E-16
32.57	0.6587E-16
33.82	0.6846E-16
35.10	0.7116E-16
36.44	0.7399E-16
37.83	0.7692E-16
39.27	0.7997E-16
40.76	0.8313E-16
42.32	0.8641E-16
43.93	0.8981E-16
45.60	0.9333E-16
47.34	0.9696E-16
49.14	0.1007E-15
51.01	0.1046E-15
52.96	0.1086E-15
54.97	0.1127E-15
57.07	0.1169E-15
59.24	0.1212E-15
61.50	0.1256E-15
63.84	0.1301E-15
66.27	0.1347E-15
68.79	0.1394E-15
71.41	0.1442E-15
74.13	0.1491E-15
76.96	0.1541E-15
79.89	0.1591E-15
82.93	0.1642E-15
86.09	0.1694E-15
89.37	0.1746E-15
92.77	0.1798E-15
96.31	0.1850E-15
99.97	0.1903E-15
103.8	0.1956E-15
107.7	0.2009E-15
111.8	0.2062E-15
116.1	0.2114E-15
120.5	0.2166E-15
125.1	0.2217E-15
129.9	0.2268E-15
134.8	0.2318E-15
140.0	0.2367E-15
145.3	0.2415E-15
150.8	0.2462E-15
156.6	0.2507E-15
162.5	0.2551E-15
168.7	0.2594E-15
175.1	0.2634E-15
181.8	0.2673E-15
188.7	0.2710E-15
195.9	0.2744E-15
203.4	0.2777E-15
211.1	0.2807E-15
219.2	0.2835E-15
227.5	0.2860E-15
236.2	0.2882E-15
245.2	0.2902E-15
254.5	0.2919E-15
264.2	0.2934E-15
274.3	0.2946E-15
284.7	0.2955E-15
295.6	0.2961E-15
306.8	0.2964E-15
318.5	0.2965E-15
330.6	0.2963E-15
343.2	0.2958E-15
356.3	0.2951E-15
369.9	0.2940E-15
384.0	0.2928E-15
398.6	0.2912E-15
413.8	0.2895E-15
429.5	0.2875E-15
445.9	0.2853E-15
462.9	0.2828E-15
480.5	0.2802E-15
498.8	0.2773E-15
517.8	0.2743E-15
537.5	0.2711E-15
558.0	0.2677E-15
579.2	0.2641E-15
601.3	0.2605E-15
624.2	0.2566E-15
648.0	0.2527E-15
672.6	0.2487E-15
698.3	0.2445E-15
724.9	0.2403E-15
752.5	0.2359E-15
781.1	0.2315E-15
810.9	0.2271E-15
841.8	0.2226E-15
873.8	0.2180E-15
907.1	0.2134E-15
941.6	0.2088E-15
977.5	0.2042E-15
1015.	0.1996E-15
1053.	0.1949E-15
1094.	0.1903E-15
1135.	0.1857E-15
1178.	0.1811E-15
1223.	0.1765E-15
1270.	0.1720E-15
1318.	0.1674E-15
1368.	0.1629E-15
1421.	0.1585E-15
1475.	0.1541E-15
1531.	0.1498E-15
1589.	0.1455E-15
1650.	0.1412E-15
1712.	0.1370E-15
1778.	0.1329E-15
1845.	0.1289E-15
1916.	0.1249E-15
1989.	0.1209E-15
2064.	0.1171E-15
2143.	0.1133E-15
2225.	0.1095E-15
2309.	0.1059E-15
2397.	0.1023E-15
2489.	0.9878E-16
2583.	0.9533E-16
2682.	0.9197E-16
2784.	0.8867E-16
2890.	0.8545E-16
3000.	0.8230E-16
 
 
C7    O2    Excitation    0.58 eV                               
E/N (Td)	Energy loss coefficient (eV m3/s)
0.1000E-02	-0.8610E-29
0.1038E-02	-0.8635E-29
0.1078E-02	-0.8641E-29
0.1119E-02	-0.8647E-29
0.1161E-02	-0.8654E-29
0.1205E-02	-0.8662E-29
0.1251E-02	-0.8670E-29
0.1299E-02	-0.8679E-29
0.1349E-02	-0.8688E-29
0.1400E-02	-0.8698E-29
0.1453E-02	-0.8709E-29
0.1509E-02	-0.8721E-29
0.1566E-02	-0.8734E-29
0.1626E-02	-0.8748E-29
0.1688E-02	-0.8763E-29
0.1752E-02	-0.8779E-29
0.1819E-02	-0.8797E-29
0.1888E-02	-0.8815E-29
0.1960E-02	-0.8836E-29
0.2034E-02	-0.8858E-29
0.2112E-02	-0.8881E-29
0.2192E-02	-0.8907E-29
0.2276E-02	-0.8934E-29
0.2362E-02	-0.8964E-29
0.2452E-02	-0.8996E-29
0.2546E-02	-0.9031E-29
0.2643E-02	-0.9068E-29
0.2743E-02	-0.9108E-29
0.2848E-02	-0.9152E-29
0.2956E-02	-0.9198E-29
0.3069E-02	-0.9249E-29
0.3186E-02	-0.9303E-29
0.3307E-02	-0.9362E-29
0.3433E-02	-0.9425E-29
0.3564E-02	-0.9493E-29
0.3700E-02	-0.9566E-29
0.3841E-02	-0.9645E-29
0.3987E-02	-0.9730E-29
0.4139E-02	-0.9822E-29
0.4296E-02	-0.9921E-29
0.4460E-02	-0.1003E-28
0.4630E-02	-0.1014E-28
0.4806E-02	-0.1026E-28
0.4989E-02	-0.1040E-28
0.5179E-02	-0.1054E-28
0.5377E-02	-0.1069E-28
0.5581E-02	-0.1086E-28
0.5794E-02	-0.1103E-28
0.6015E-02	-0.1122E-28
0.6244E-02	-0.1143E-28
0.6481E-02	-0.1165E-28
0.6728E-02	-0.1189E-28
0.6985E-02	-0.1214E-28
0.7251E-02	-0.1242E-28
0.7527E-02	-0.1271E-28
0.7813E-02	-0.1303E-28
0.8111E-02	-0.1337E-28
0.8420E-02	-0.1374E-28
0.8741E-02	-0.1413E-28
0.9073E-02	-0.1455E-28
0.9419E-02	-0.1501E-28
0.9778E-02	-0.1549E-28
0.1015E-01	-0.1602E-28
0.1054E-01	-0.1658E-28
0.1094E-01	-0.1718E-28
0.1135E-01	-0.1783E-28
0.1179E-01	-0.1852E-28
0.1224E-01	-0.1926E-28
0.1270E-01	-0.2005E-28
0.1319E-01	-0.2090E-28
0.1369E-01	-0.2181E-28
0.1421E-01	-0.2278E-28
0.1475E-01	-0.2381E-28
0.1531E-01	-0.2491E-28
0.1590E-01	-0.2608E-28
0.1650E-01	-0.2733E-28
0.1713E-01	-0.2865E-28
0.1778E-01	-0.3005E-28
0.1846E-01	-0.3152E-28
0.1916E-01	-0.3308E-28
0.1989E-01	-0.3472E-28
0.2065E-01	-0.3643E-28
0.2144E-01	-0.3823E-28
0.2225E-01	-0.4010E-28
0.2310E-01	-0.4204E-28
0.2398E-01	-0.4404E-28
0.2489E-01	-0.4611E-28
0.2584E-01	-0.4821E-28
0.2682E-01	-0.5036E-28
0.2785E-01	-0.5252E-28
0.2891E-01	-0.5468E-28
0.3001E-01	-0.5682E-28
0.3115E-01	-0.5891E-28
0.3234E-01	-0.6092E-28
0.3357E-01	-0.6281E-28
0.3485E-01	-0.6455E-28
0.3617E-01	-0.6609E-28
0.3755E-01	-0.6737E-28
0.3898E-01	-0.6834E-28
0.4047E-01	-0.6893E-28
0.4201E-01	-0.6906E-28
0.4361E-01	-0.6866E-28
0.4527E-01	-0.6762E-28
0.4699E-01	-0.6585E-28
0.4878E-01	-0.6323E-28
0.5064E-01	-0.5963E-28
0.5257E-01	-0.5489E-28
0.5457E-01	-0.4886E-28
0.5665E-01	-0.4134E-28
0.5881E-01	-0.3213E-28
0.6105E-01	-0.2096E-28
0.6337E-01	-0.7560E-29
0.6579E-01	0.8395E-29
0.6829E-01	0.2728E-28
0.7089E-01	0.4954E-28
0.7359E-01	0.7568E-28
0.7640E-01	0.1063E-27
0.7931E-01	0.1420E-27
0.8233E-01	0.1836E-27
0.8546E-01	0.2320E-27
0.8872E-01	0.2883E-27
0.9210E-01	0.3535E-27
0.9560E-01	0.4291E-27
0.9924E-01	0.5165E-27
0.1030	0.6174E-27
0.1069	0.7337E-27
0.1110	0.8676E-27
0.1152	0.1021E-26
0.1196	0.1198E-26
0.1242	0.1400E-26
0.1289	0.1951E-26
0.1338	0.2238E-26
0.1389	0.2564E-26
0.1442	0.2932E-26
0.1497	0.3350E-26
0.1554	0.3823E-26
0.1613	0.4357E-26
0.1675	0.4963E-26
0.1739	0.5649E-26
0.1805	0.6427E-26
0.1874	0.7311E-26
0.1945	0.8320E-26
0.2019	0.9475E-26
0.2096	0.1080E-25
0.2176	0.1234E-25
0.2259	0.1414E-25
0.2345	0.1625E-25
0.2434	0.1876E-25
0.2527	0.2176E-25
0.2623	0.2540E-25
0.2723	0.2984E-25
0.2826	0.3534E-25
0.2934	0.4219E-25
0.3046	0.5084E-25
0.3162	0.6186E-25
0.3282	0.7603E-25
0.3407	0.9640E-25
0.3537	0.1211E-24
0.3672	0.1538E-24
0.3812	0.1975E-24
0.3957	0.2564E-24
0.4107	0.3363E-24
0.4264	0.4457E-24
0.4426	0.5963E-24
0.4595	0.8051E-24
0.4770	0.1096E-23
0.4952	0.1503E-23
0.5140	0.2074E-23
0.5336	0.2877E-23
0.5539	0.4009E-23
0.5750	0.5645E-23
0.5969	0.7912E-23
0.6196	0.1111E-22
0.6432	0.1562E-22
0.6677	0.2197E-22
0.6932	0.3089E-22
0.7196	0.4433E-22
0.7470	0.6221E-22
0.7754	0.8720E-22
0.8050	0.1226E-21
0.8356	0.1713E-21
0.8674	0.2388E-21
0.9005	0.3354E-21
0.9348	0.4654E-21
0.9704	0.6443E-21
1.007	0.8897E-21
1.046	0.1238E-20
1.086	0.1698E-20
1.127	0.2323E-20
1.170	0.3167E-20
1.214	0.4421E-20
1.261	0.5979E-20
1.309	0.8057E-20
1.358	0.1081E-19
1.410	0.1428E-19
1.464	0.1899E-19
1.520	0.2513E-19
1.578	0.3310E-19
1.638	0.4337E-19
1.700	0.5632E-19
1.765	0.7302E-19
1.832	0.9413E-19
1.902	0.1207E-18
1.974	0.1537E-18
2.049	0.1941E-18
2.127	0.2443E-18
2.208	0.3056E-18
2.293	0.3797E-18
2.380	0.4687E-18
2.470	0.5746E-18
2.565	0.6997E-18
2.662	0.8836E-18
2.764	0.1059E-17
2.869	0.1260E-17
2.978	0.1488E-17
3.092	0.1746E-17
3.209	0.2033E-17
3.332	0.2351E-17
3.458	0.2511E-17
3.590	0.2874E-17
3.727	0.3266E-17
3.869	0.3684E-17
4.016	0.4125E-17
4.169	0.4585E-17
4.328	0.5059E-17
4.493	0.5543E-17
4.664	0.6029E-17
4.841	0.6513E-17
5.026	0.7090E-17
5.217	0.7549E-17
5.416	0.7985E-17
5.622	0.8396E-17
5.836	0.8775E-17
6.059	0.9121E-17
6.289	0.9430E-17
6.529	0.9701E-17
6.778	0.9933E-17
7.036	0.1013E-16
7.304	0.1030E-16
7.582	0.1042E-16
7.871	0.1050E-16
8.170	0.1056E-16
8.482	0.1060E-16
8.805	0.1061E-16
9.140	0.1061E-16
9.488	0.1060E-16
9.849	0.1058E-16
10.22	0.1063E-16
10.61	0.1061E-16
11.02	0.1060E-16
11.44	0.1060E-16
11.87	0.1063E-16
12.33	0.1067E-16
12.80	0.1074E-16
13.28	0.1085E-16
13.79	0.1099E-16
14.31	0.1114E-16
14.86	0.1136E-16
15.42	0.1163E-16
16.01	0.1194E-16
16.62	0.1231E-16
17.25	0.1273E-16
17.91	0.1321E-16
18.59	0.1375E-16
19.30	0.1435E-16
20.04	0.1500E-16
20.80	0.1575E-16
21.59	0.1656E-16
22.42	0.1746E-16
23.27	0.1844E-16
24.16	0.1950E-16
25.08	0.2066E-16
26.03	0.2190E-16
27.02	0.2326E-16
28.05	0.2470E-16
29.12	0.2625E-16
30.23	0.2790E-16
31.38	0.2967E-16
32.57	0.3155E-16
33.82	0.3354E-16
35.10	0.3565E-16
36.44	0.3790E-16
37.83	0.4025E-16
39.27	0.4274E-16
40.76	0.4534E-16
42.32	0.4808E-16
43.93	0.5094E-16
45.60	0.5393E-16
47.34	0.5705E-16
49.14	0.6029E-16
51.01	0.6367E-16
52.96	0.6717E-16
54.97	0.7079E-16
57.07	0.7454E-16
59.24	0.7840E-16
61.50	0.8239E-16
63.84	0.8647E-16
66.27	0.9068E-16
68.79	0.9500E-16
71.41	0.9941E-16
74.13	0.1039E-15
76.96	0.1085E-15
79.89	0.1132E-15
82.93	0.1180E-15
86.09	0.1228E-15
89.37	0.1277E-15
92.77	0.1326E-15
96.31	0.1376E-15
99.97	0.1427E-15
103.8	0.1477E-15
107.7	0.1528E-15
111.8	0.1579E-15
116.1	0.1629E-15
120.5	0.1680E-15
125.1	0.1730E-15
129.9	0.1779E-15
134.8	0.1828E-15
140.0	0.1876E-15
145.3	0.1924E-15
150.8	0.1970E-15
156.6	0.2015E-15
162.5	0.2059E-15
168.7	0.2101E-15
175.1	0.2142E-15
181.8	0.2181E-15
188.7	0.2219E-15
195.9	0.2254E-15
203.4	0.2287E-15
211.1	0.2319E-15
219.2	0.2347E-15
227.5	0.2374E-15
236.2	0.2398E-15
245.2	0.2420E-15
254.5	0.2439E-15
264.2	0.2455E-15
274.3	0.2469E-15
284.7	0.2480E-15
295.6	0.2488E-15
306.8	0.2494E-15
318.5	0.2497E-15
330.6	0.2497E-15
343.2	0.2495E-15
356.3	0.2490E-15
369.9	0.2482E-15
384.0	0.2472E-15
398.6	0.2460E-15
413.8	0.2445E-15
429.5	0.2428E-15
445.9	0.2409E-15
462.9	0.2387E-15
480.5	0.2364E-15
498.8	0.2338E-15
517.8	0.2311E-15
537.5	0.2282E-15
558.0	0.2252E-15
579.2	0.2220E-15
601.3	0.2186E-15
624.2	0.2151E-15
648.0	0.2115E-15
672.6	0.2078E-15
698.3	0.2040E-15
724.9	0.2001E-15
752.5	0.1962E-15
781.1	0.1921E-15
810.9	0.1880E-15
841.8	0.1839E-15
873.8	0.1797E-15
907.1	0.1755E-15
941.6	0.1713E-15
977.5	0.1671E-15
1015.	0.1628E-15
1053.	0.1586E-15
1094.	0.1544E-15
1135.	0.1502E-15
1178.	0.1460E-15
1223.	0.1419E-15
1270.	0.1377E-15
1318.	0.1337E-15
1368.	0.1296E-15
1421.	0.1257E-15
1475.	0.1217E-15
1531.	0.1178E-15
1589.	0.1140E-15
1650.	0.1103E-15
1712.	0.1066E-15
1778.	0.1029E-15
1845.	0.9939E-16
1916.	0.9590E-16
1989.	0.9249E-16
2064.	0.8915E-16
2143.	0.8588E-16
2225.	0.8269E-16
2309.	0.7957E-16
2397.	0.7653E-16
2489.	0.7357E-16
2583.	0.7068E-16
2682.	0.6787E-16
2784.	0.6514E-16
2890.	0.6248E-16
3000.	0.5990E-16
 
 
C8    O2    Excitation    0.77 eV                               
E/N (Td)	Energy loss coefficient (eV m3/s)
0.1000E-02	-0.7823E-30
0.1038E-02	-0.7823E-30
0.1078E-02	-0.7823E-30
0.1119E-02	-0.7823E-30
0.1161E-02	-0.7823E-30
0.1205E-02	-0.7823E-30
0.1251E-02	-0.7823E-30
0.1299E-02	-0.7823E-30
0.1349E-02	-0.7823E-30
0.1400E-02	-0.7822E-30
0.1453E-02	-0.7822E-30
0.1509E-02	-0.7822E-30
0.1566E-02	-0.7822E-30
0.1626E-02	-0.7822E-30
0.1688E-02	-0.7822E-30
0.1752E-02	-0.7822E-30
0.1819E-02	-0.7822E-30
0.1888E-02	-0.7822E-30
0.1960E-02	-0.7822E-30
0.2034E-02	-0.7822E-30
0.2112E-02	-0.7822E-30
0.2192E-02	-0.7822E-30
0.2276E-02	-0.7822E-30
0.2362E-02	-0.7822E-30
0.2452E-02	-0.7822E-30
0.2546E-02	-0.7822E-30
0.2643E-02	-0.7822E-30
0.2743E-02	-0.7822E-30
0.2848E-02	-0.7822E-30
0.2956E-02	-0.7822E-30
0.3069E-02	-0.7822E-30
0.3186E-02	-0.7822E-30
0.3307E-02	-0.7822E-30
0.3433E-02	-0.7822E-30
0.3564E-02	-0.7822E-30
0.3700E-02	-0.7822E-30
0.3841E-02	-0.7822E-30
0.3987E-02	-0.7822E-30
0.4139E-02	-0.7823E-30
0.4296E-02	-0.7823E-30
0.4460E-02	-0.7823E-30
0.4630E-02	-0.7824E-30
0.4806E-02	-0.7824E-30
0.4989E-02	-0.7824E-30
0.5179E-02	-0.7825E-30
0.5377E-02	-0.7825E-30
0.5581E-02	-0.7826E-30
0.5794E-02	-0.7827E-30
0.6015E-02	-0.7827E-30
0.6244E-02	-0.7828E-30
0.6481E-02	-0.7829E-30
0.6728E-02	-0.7829E-30
0.6985E-02	-0.7830E-30
0.7251E-02	-0.7831E-30
0.7527E-02	-0.7832E-30
0.7813E-02	-0.7832E-30
0.8111E-02	-0.7833E-30
0.8420E-02	-0.7834E-30
0.8741E-02	-0.7834E-30
0.9073E-02	-0.7834E-30
0.9419E-02	-0.7835E-30
0.9778E-02	-0.7834E-30
0.1015E-01	-0.7834E-30
0.1054E-01	-0.7833E-30
0.1094E-01	-0.7832E-30
0.1135E-01	-0.7830E-30
0.1179E-01	-0.7828E-30
0.1224E-01	-0.7825E-30
0.1270E-01	-0.7821E-30
0.1319E-01	-0.7816E-30
0.1369E-01	-0.7810E-30
0.1421E-01	-0.7804E-30
0.1475E-01	-0.7796E-30
0.1531E-01	-0.7786E-30
0.1590E-01	-0.7776E-30
0.1650E-01	-0.7763E-30
0.1713E-01	-0.7749E-30
0.1778E-01	-0.7734E-30
0.1846E-01	-0.7717E-30
0.1916E-01	-0.7698E-30
0.1989E-01	-0.7677E-30
0.2065E-01	-0.7654E-30
0.2144E-01	-0.7629E-30
0.2225E-01	-0.7602E-30
0.2310E-01	-0.7574E-30
0.2398E-01	-0.7544E-30
0.2489E-01	-0.7512E-30
0.2584E-01	-0.7479E-30
0.2682E-01	-0.7444E-30
0.2785E-01	-0.7409E-30
0.2891E-01	-0.7373E-30
0.3001E-01	-0.7336E-30
0.3115E-01	-0.7299E-30
0.3234E-01	-0.7262E-30
0.3357E-01	-0.7226E-30
0.3485E-01	-0.7190E-30
0.3617E-01	-0.7156E-30
0.3755E-01	-0.7123E-30
0.3898E-01	-0.7092E-30
0.4047E-01	-0.7063E-30
0.4201E-01	-0.7036E-30
0.4361E-01	-0.7012E-30
0.4527E-01	-0.6991E-30
0.4699E-01	-0.6973E-30
0.4878E-01	-0.6959E-30
0.5064E-01	-0.6948E-30
0.5257E-01	-0.6940E-30
0.5457E-01	-0.6935E-30
0.5665E-01	-0.6934E-30
0.5881E-01	-0.6936E-30
0.6105E-01	-0.6941E-30
0.6337E-01	-0.6949E-30
0.6579E-01	-0.6960E-30
0.6829E-01	-0.6973E-30
0.7089E-01	-0.6988E-30
0.7359E-01	-0.7005E-30
0.7640E-01	-0.7024E-30
0.7931E-01	-0.7044E-30
0.8233E-01	-0.7066E-30
0.8546E-01	-0.7088E-30
0.8872E-01	-0.7111E-30
0.9210E-01	-0.7135E-30
0.9560E-01	-0.7159E-30
0.9924E-01	-0.7183E-30
0.1030	-0.7207E-30
0.1069	-0.7231E-30
0.1110	-0.7255E-30
0.1152	-0.7278E-30
0.1196	-0.7301E-30
0.1242	-0.7324E-30
0.1289	0.2815E-28
0.1338	0.3031E-28
0.1389	0.3271E-28
0.1442	0.3539E-28
0.1497	0.3839E-28
0.1554	0.4181E-28
0.1613	0.4571E-28
0.1675	0.5023E-28
0.1739	0.5549E-28
0.1805	0.6166E-28
0.1874	0.6895E-28
0.1945	0.7762E-28
0.2019	0.8799E-28
0.2096	0.1004E-27
0.2176	0.1155E-27
0.2259	0.1337E-27
0.2345	0.1560E-27
0.2434	0.1832E-27
0.2527	0.2167E-27
0.2623	0.2583E-27
0.2723	0.3100E-27
0.2826	0.3750E-27
0.2934	0.4574E-27
0.3046	0.5626E-27
0.3162	0.6985E-27
0.3282	0.8759E-27
0.3407	0.1230E-26
0.3537	0.1581E-26
0.3672	0.2057E-26
0.3812	0.2710E-26
0.3957	0.3620E-26
0.4107	0.4901E-26
0.4264	0.6727E-26
0.4426	0.9356E-26
0.4595	0.1318E-25
0.4770	0.1880E-25
0.4952	0.2710E-25
0.5140	0.3947E-25
0.5336	0.5797E-25
0.5539	0.8575E-25
0.5750	0.1293E-24
0.5969	0.1932E-24
0.6196	0.2897E-24
0.6432	0.4352E-24
0.6677	0.6544E-24
0.6932	0.9839E-24
0.7196	0.1518E-23
0.7470	0.2275E-23
0.7754	0.3402E-23
0.8050	0.5114E-23
0.8356	0.7602E-23
0.8674	0.1127E-22
0.9005	0.1692E-22
0.9348	0.2489E-22
0.9704	0.3650E-22
1.007	0.5334E-22
1.046	0.7848E-22
1.086	0.1139E-21
1.127	0.1646E-21
1.170	0.2371E-21
1.214	0.3516E-21
1.261	0.5016E-21
1.309	0.7129E-21
1.358	0.1009E-20
1.410	0.1407E-20
1.464	0.1972E-20
1.520	0.2750E-20
1.578	0.3814E-20
1.638	0.5262E-20
1.700	0.7178E-20
1.765	0.9784E-20
1.832	0.1325E-19
1.902	0.1783E-19
1.974	0.2381E-19
2.049	0.3154E-19
2.127	0.4152E-19
2.208	0.5425E-19
2.293	0.7032E-19
2.380	0.9042E-19
2.470	0.1153E-18
2.565	0.1459E-18
2.662	0.1912E-18
2.764	0.2374E-18
2.869	0.2922E-18
2.978	0.3568E-18
3.092	0.4321E-18
3.209	0.5188E-18
3.332	0.6178E-18
3.458	0.6714E-18
3.590	0.7903E-18
3.727	0.9222E-18
3.869	0.1067E-17
4.016	0.1224E-17
4.169	0.1393E-17
4.328	0.1572E-17
4.493	0.1759E-17
4.664	0.1953E-17
4.841	0.2151E-17
5.026	0.2392E-17
5.217	0.2592E-17
5.416	0.2788E-17
5.622	0.2978E-17
5.836	0.3161E-17
6.059	0.3333E-17
6.289	0.3494E-17
6.529	0.3641E-17
6.778	0.3775E-17
7.036	0.3894E-17
7.304	0.4013E-17
7.582	0.4101E-17
7.871	0.4175E-17
8.170	0.4235E-17
8.482	0.4284E-17
8.805	0.4323E-17
9.140	0.4353E-17
9.488	0.4376E-17
9.849	0.4396E-17
10.22	0.4428E-17
10.61	0.4446E-17
11.02	0.4467E-17
11.44	0.4494E-17
11.87	0.4531E-17
12.33	0.4581E-17
12.80	0.4646E-17
13.28	0.4730E-17
13.79	0.4835E-17
14.31	0.4965E-17
14.86	0.5124E-17
15.42	0.5314E-17
16.01	0.5538E-17
16.62	0.5800E-17
17.25	0.6103E-17
17.91	0.6449E-17
18.59	0.6844E-17
19.30	0.7288E-17
20.04	0.7775E-17
20.80	0.8331E-17
21.59	0.8947E-17
22.42	0.9627E-17
23.27	0.1037E-16
24.16	0.1119E-16
25.08	0.1208E-16
26.03	0.1305E-16
27.02	0.1411E-16
28.05	0.1523E-16
29.12	0.1645E-16
30.23	0.1775E-16
31.38	0.1914E-16
32.57	0.2063E-16
33.82	0.2221E-16
35.10	0.2389E-16
36.44	0.2567E-16
37.83	0.2754E-16
39.27	0.2952E-16
40.76	0.3160E-16
42.32	0.3378E-16
43.93	0.3607E-16
45.60	0.3846E-16
47.34	0.4095E-16
49.14	0.4354E-16
51.01	0.4623E-16
52.96	0.4902E-16
54.97	0.5192E-16
57.07	0.5491E-16
59.24	0.5799E-16
61.50	0.6117E-16
63.84	0.6442E-16
66.27	0.6778E-16
68.79	0.7121E-16
71.41	0.7472E-16
74.13	0.7830E-16
76.96	0.8195E-16
79.89	0.8567E-16
82.93	0.8944E-16
86.09	0.9326E-16
89.37	0.9713E-16
92.77	0.1010E-15
96.31	0.1050E-15
99.97	0.1089E-15
103.8	0.1129E-15
107.7	0.1168E-15
111.8	0.1208E-15
116.1	0.1248E-15
120.5	0.1287E-15
125.1	0.1326E-15
129.9	0.1364E-15
134.8	0.1402E-15
140.0	0.1439E-15
145.3	0.1475E-15
150.8	0.1511E-15
156.6	0.1545E-15
162.5	0.1578E-15
168.7	0.1610E-15
175.1	0.1641E-15
181.8	0.1670E-15
188.7	0.1698E-15
195.9	0.1724E-15
203.4	0.1749E-15
211.1	0.1771E-15
219.2	0.1792E-15
227.5	0.1811E-15
236.2	0.1827E-15
245.2	0.1842E-15
254.5	0.1855E-15
264.2	0.1866E-15
274.3	0.1874E-15
284.7	0.1880E-15
295.6	0.1885E-15
306.8	0.1887E-15
318.5	0.1887E-15
330.6	0.1885E-15
343.2	0.1881E-15
356.3	0.1875E-15
369.9	0.1866E-15
384.0	0.1856E-15
398.6	0.1845E-15
413.8	0.1831E-15
429.5	0.1815E-15
445.9	0.1798E-15
462.9	0.1780E-15
480.5	0.1759E-15
498.8	0.1738E-15
517.8	0.1715E-15
537.5	0.1691E-15
558.0	0.1665E-15
579.2	0.1639E-15
601.3	0.1612E-15
624.2	0.1583E-15
648.0	0.1554E-15
672.6	0.1524E-15
698.3	0.1494E-15
724.9	0.1463E-15
752.5	0.1431E-15
781.1	0.1399E-15
810.9	0.1367E-15
841.8	0.1335E-15
873.8	0.1302E-15
907.1	0.1270E-15
941.6	0.1237E-15
977.5	0.1204E-15
1015.	0.1171E-15
1053.	0.1139E-15
1094.	0.1107E-15
1135.	0.1075E-15
1178.	0.1043E-15
1223.	0.1011E-15
1270.	0.9803E-16
1318.	0.9496E-16
1368.	0.9193E-16
1421.	0.8895E-16
1475.	0.8601E-16
1531.	0.8313E-16
1589.	0.8030E-16
1650.	0.7752E-16
1712.	0.7480E-16
1778.	0.7213E-16
1845.	0.6953E-16
1916.	0.6698E-16
1989.	0.6449E-16
2064.	0.6206E-16
2143.	0.5969E-16
2225.	0.5739E-16
2309.	0.5514E-16
2397.	0.5295E-16
2489.	0.5083E-16
2583.	0.4876E-16
2682.	0.4676E-16
2784.	0.4482E-16
2890.	0.4293E-16
3000.	0.4110E-16
 
 
C9    O2    Excitation    0.98 eV                               
E/N (Td)	Energy loss coefficient (eV m3/s)
0.1000E-02	-0.1453E-32
0.1038E-02	-0.1453E-32
0.1078E-02	-0.1453E-32
0.1119E-02	-0.1453E-32
0.1161E-02	-0.1453E-32
0.1205E-02	-0.1453E-32
0.1251E-02	-0.1454E-32
0.1299E-02	-0.1454E-32
0.1349E-02	-0.1454E-32
0.1400E-02	-0.1454E-32
0.1453E-02	-0.1454E-32
0.1509E-02	-0.1454E-32
0.1566E-02	-0.1454E-32
0.1626E-02	-0.1454E-32
0.1688E-02	-0.1454E-32
0.1752E-02	-0.1454E-32
0.1819E-02	-0.1454E-32
0.1888E-02	-0.1454E-32
0.1960E-02	-0.1455E-32
0.2034E-02	-0.1455E-32
0.2112E-02	-0.1455E-32
0.2192E-02	-0.1455E-32
0.2276E-02	-0.1455E-32
0.2362E-02	-0.1455E-32
0.2452E-02	-0.1455E-32
0.2546E-02	-0.1456E-32
0.2643E-02	-0.1456E-32
0.2743E-02	-0.1456E-32
0.2848E-02	-0.1456E-32
0.2956E-02	-0.1457E-32
0.3069E-02	-0.1457E-32
0.3186E-02	-0.1457E-32
0.3307E-02	-0.1457E-32
0.3433E-02	-0.1458E-32
0.3564E-02	-0.1458E-32
0.3700E-02	-0.1459E-32
0.3841E-02	-0.1459E-32
0.3987E-02	-0.1459E-32
0.4139E-02	-0.1460E-32
0.4296E-02	-0.1460E-32
0.4460E-02	-0.1461E-32
0.4630E-02	-0.1461E-32
0.4806E-02	-0.1462E-32
0.4989E-02	-0.1463E-32
0.5179E-02	-0.1463E-32
0.5377E-02	-0.1464E-32
0.5581E-02	-0.1465E-32
0.5794E-02	-0.1466E-32
0.6015E-02	-0.1467E-32
0.6244E-02	-0.1468E-32
0.6481E-02	-0.1469E-32
0.6728E-02	-0.1470E-32
0.6985E-02	-0.1471E-32
0.7251E-02	-0.1472E-32
0.7527E-02	-0.1473E-32
0.7813E-02	-0.1475E-32
0.8111E-02	-0.1476E-32
0.8420E-02	-0.1478E-32
0.8741E-02	-0.1479E-32
0.9073E-02	-0.1481E-32
0.9419E-02	-0.1483E-32
0.9778E-02	-0.1485E-32
0.1015E-01	-0.1487E-32
0.1054E-01	-0.1489E-32
0.1094E-01	-0.1491E-32
0.1135E-01	-0.1494E-32
0.1179E-01	-0.1496E-32
0.1224E-01	-0.1499E-32
0.1270E-01	-0.1502E-32
0.1319E-01	-0.1505E-32
0.1369E-01	-0.1508E-32
0.1421E-01	-0.1511E-32
0.1475E-01	-0.1514E-32
0.1531E-01	-0.1518E-32
0.1590E-01	-0.1521E-32
0.1650E-01	-0.1525E-32
0.1713E-01	-0.1529E-32
0.1778E-01	-0.1533E-32
0.1846E-01	-0.1537E-32
0.1916E-01	-0.1542E-32
0.1989E-01	-0.1546E-32
0.2065E-01	-0.1551E-32
0.2144E-01	-0.1555E-32
0.2225E-01	-0.1560E-32
0.2310E-01	-0.1565E-32
0.2398E-01	-0.1570E-32
0.2489E-01	-0.1575E-32
0.2584E-01	-0.1581E-32
0.2682E-01	-0.1586E-32
0.2785E-01	-0.1591E-32
0.2891E-01	-0.1597E-32
0.3001E-01	-0.1602E-32
0.3115E-01	-0.1608E-32
0.3234E-01	-0.1614E-32
0.3357E-01	-0.1619E-32
0.3485E-01	-0.1625E-32
0.3617E-01	-0.1631E-32
0.3755E-01	-0.1636E-32
0.3898E-01	-0.1642E-32
0.4047E-01	-0.1647E-32
0.4201E-01	-0.1653E-32
0.4361E-01	-0.1659E-32
0.4527E-01	-0.1664E-32
0.4699E-01	-0.1670E-32
0.4878E-01	-0.1675E-32
0.5064E-01	-0.1680E-32
0.5257E-01	-0.1685E-32
0.5457E-01	-0.1690E-32
0.5665E-01	-0.1695E-32
0.5881E-01	-0.1700E-32
0.6105E-01	-0.1705E-32
0.6337E-01	-0.1710E-32
0.6579E-01	-0.1714E-32
0.6829E-01	-0.1719E-32
0.7089E-01	-0.1723E-32
0.7359E-01	-0.1727E-32
0.7640E-01	-0.1732E-32
0.7931E-01	-0.1736E-32
0.8233E-01	-0.1739E-32
0.8546E-01	-0.1743E-32
0.8872E-01	-0.1747E-32
0.9210E-01	-0.1750E-32
0.9560E-01	-0.1754E-32
0.9924E-01	-0.1757E-32
0.1030	-0.1760E-32
0.1069	-0.1764E-32
0.1110	-0.1767E-32
0.1152	-0.1770E-32
0.1196	-0.1773E-32
0.1242	-0.1776E-32
0.1289	-0.1779E-32
0.1338	-0.1782E-32
0.1389	-0.1785E-32
0.1442	-0.1788E-32
0.1497	-0.1791E-32
0.1554	-0.1794E-32
0.1613	-0.1798E-32
0.1675	-0.1801E-32
0.1739	-0.1804E-32
0.1805	-0.1807E-32
0.1874	-0.1811E-32
0.1945	-0.1815E-32
0.2019	-0.1818E-32
0.2096	-0.1822E-32
0.2176	-0.1826E-32
0.2259	-0.1830E-32
0.2345	-0.1835E-32
0.2434	-0.1839E-32
0.2527	-0.1844E-32
0.2623	-0.1848E-32
0.2723	-0.1853E-32
0.2826	-0.1859E-32
0.2934	-0.1864E-32
0.3046	-0.1869E-32
0.3162	-0.1875E-32
0.3282	-0.1881E-32
0.3407	0.1223E-28
0.3537	0.1653E-28
0.3672	0.2276E-28
0.3812	0.3191E-28
0.3957	0.4560E-28
0.4107	0.6643E-28
0.4264	0.9867E-28
0.4426	0.1494E-27
0.4595	0.2304E-27
0.4770	0.3618E-27
0.4952	0.5775E-27
0.5140	0.9353E-27
0.5336	0.1534E-26
0.5539	0.2543E-26
0.5750	0.6270E-26
0.5969	0.1076E-25
0.6196	0.1853E-25
0.6432	0.3202E-25
0.6677	0.5534E-25
0.6932	0.9553E-25
0.7196	0.1785E-24
0.7470	0.3080E-24
0.7754	0.5296E-24
0.8050	0.9275E-24
0.8356	0.1580E-23
0.8674	0.2677E-23
0.9005	0.4613E-23
0.9348	0.7710E-23
0.9704	0.1281E-22
1.007	0.2112E-22
1.046	0.3537E-22
1.086	0.5745E-22
1.127	0.9263E-22
1.170	0.1483E-21
1.214	0.2431E-21
1.261	0.3826E-21
1.309	0.5976E-21
1.358	0.9262E-21
1.410	0.1422E-20
1.464	0.2165E-20
1.520	0.3269E-20
1.578	0.4898E-20
1.638	0.7279E-20
1.700	0.1067E-19
1.765	0.1560E-19
1.832	0.2262E-19
1.902	0.3251E-19
1.974	0.4633E-19
2.049	0.6584E-19
2.127	0.9219E-19
2.208	0.1280E-18
2.293	0.1762E-18
2.380	0.2405E-18
2.470	0.3255E-18
2.565	0.4368E-18
2.662	0.6061E-18
2.764	0.7981E-18
2.869	0.1042E-17
2.978	0.1350E-17
3.092	0.1735E-17
3.209	0.2212E-17
3.332	0.2797E-17
3.458	0.3212E-17
3.590	0.4020E-17
3.727	0.4992E-17
3.869	0.6150E-17
4.016	0.7516E-17
4.169	0.9116E-17
4.328	0.1097E-16
4.493	0.1311E-16
4.664	0.1554E-16
4.841	0.1830E-16
5.026	0.2181E-16
5.217	0.2529E-16
5.416	0.2913E-16
5.622	0.3335E-16
5.836	0.3794E-16
6.059	0.4292E-16
6.289	0.4827E-16
6.529	0.5400E-16
6.778	0.6010E-16
7.036	0.6655E-16
7.304	0.7371E-16
7.582	0.8082E-16
7.871	0.8823E-16
8.170	0.9592E-16
8.482	0.1039E-15
8.805	0.1120E-15
9.140	0.1204E-15
9.488	0.1289E-15
9.849	0.1376E-15
10.22	0.1467E-15
10.61	0.1555E-15
11.02	0.1644E-15
11.44	0.1734E-15
11.87	0.1823E-15
12.33	0.1913E-15
12.80	0.2001E-15
13.28	0.2090E-15
13.79	0.2178E-15
14.31	0.2266E-15
14.86	0.2352E-15
15.42	0.2438E-15
16.01	0.2522E-15
16.62	0.2605E-15
17.25	0.2688E-15
17.91	0.2769E-15
18.59	0.2850E-15
19.30	0.2929E-15
20.04	0.3003E-15
20.80	0.3082E-15
21.59	0.3161E-15
22.42	0.3239E-15
23.27	0.3316E-15
24.16	0.3393E-15
25.08	0.3471E-15
26.03	0.3548E-15
27.02	0.3627E-15
28.05	0.3704E-15
29.12	0.3781E-15
30.23	0.3859E-15
31.38	0.3937E-15
32.57	0.4015E-15
33.82	0.4094E-15
35.10	0.4173E-15
36.44	0.4254E-15
37.83	0.4335E-15
39.27	0.4416E-15
40.76	0.4499E-15
42.32	0.4582E-15
43.93	0.4665E-15
45.60	0.4750E-15
47.34	0.4836E-15
49.14	0.4922E-15
51.01	0.5009E-15
52.96	0.5098E-15
54.97	0.5187E-15
57.07	0.5278E-15
59.24	0.5369E-15
61.50	0.5462E-15
63.84	0.5554E-15
66.27	0.5648E-15
68.79	0.5744E-15
71.41	0.5840E-15
74.13	0.5937E-15
76.96	0.6034E-15
79.89	0.6133E-15
82.93	0.6233E-15
86.09	0.6333E-15
89.37	0.6434E-15
92.77	0.6536E-15
96.31	0.6638E-15
99.97	0.6741E-15
103.8	0.6844E-15
107.7	0.6948E-15
111.8	0.7052E-15
116.1	0.7157E-15
120.5	0.7261E-15
125.1	0.7366E-15
129.9	0.7472E-15
134.8	0.7577E-15
140.0	0.7682E-15
145.3	0.7787E-15
150.8	0.7892E-15
156.6	0.7996E-15
162.5	0.8100E-15
168.7	0.8203E-15
175.1	0.8306E-15
181.8	0.8408E-15
188.7	0.8509E-15
195.9	0.8609E-15
203.4	0.8707E-15
211.1	0.8805E-15
219.2	0.8901E-15
227.5	0.8995E-15
236.2	0.9088E-15
245.2	0.9178E-15
254.5	0.9267E-15
264.2	0.9353E-15
274.3	0.9437E-15
284.7	0.9518E-15
295.6	0.9597E-15
306.8	0.9672E-15
318.5	0.9744E-15
330.6	0.9814E-15
343.2	0.9880E-15
356.3	0.9943E-15
369.9	0.1000E-14
384.0	0.1006E-14
398.6	0.1011E-14
413.8	0.1016E-14
429.5	0.1020E-14
445.9	0.1024E-14
462.9	0.1027E-14
480.5	0.1031E-14
498.8	0.1033E-14
517.8	0.1035E-14
537.5	0.1037E-14
558.0	0.1039E-14
579.2	0.1040E-14
601.3	0.1040E-14
624.2	0.1040E-14
648.0	0.1040E-14
672.6	0.1039E-14
698.3	0.1038E-14
724.9	0.1036E-14
752.5	0.1034E-14
781.1	0.1031E-14
810.9	0.1028E-14
841.8	0.1025E-14
873.8	0.1021E-14
907.1	0.1016E-14
941.6	0.1012E-14
977.5	0.1007E-14
1015.	0.1001E-14
1053.	0.9957E-15
1094.	0.9895E-15
1135.	0.9831E-15
1178.	0.9762E-15
1223.	0.9691E-15
1270.	0.9616E-15
1318.	0.9539E-15
1368.	0.9458E-15
1421.	0.9375E-15
1475.	0.9289E-15
1531.	0.9201E-15
1589.	0.9110E-15
1650.	0.9016E-15
1712.	0.8921E-15
1778.	0.8823E-15
1845.	0.8724E-15
1916.	0.8623E-15
1989.	0.8521E-15
2064.	0.8417E-15
2143.	0.8311E-15
2225.	0.8205E-15
2309.	0.8098E-15
2397.	0.7990E-15
2489.	0.7881E-15
2583.	0.7772E-15
2682.	0.7662E-15
2784.	0.7553E-15
2890.	0.7443E-15
3000.	0.7334E-15
 
 
C10   O2    Excitation    1.63 eV                               
E/N (Td)	Energy loss coefficient (eV m3/s)
0.1000E-02	-0.3426E-43
0.1038E-02	-0.3426E-43
0.1078E-02	-0.3427E-43
0.1119E-02	-0.3427E-43
0.1161E-02	-0.3427E-43
0.1205E-02	-0.3427E-43
0.1251E-02	-0.3427E-43
0.1299E-02	-0.3427E-43
0.1349E-02	-0.3427E-43
0.1400E-02	-0.3427E-43
0.1453E-02	-0.3427E-43
0.1509E-02	-0.3428E-43
0.1566E-02	-0.3428E-43
0.1626E-02	-0.3428E-43
0.1688E-02	-0.3428E-43
0.1752E-02	-0.3428E-43
0.1819E-02	-0.3428E-43
0.1888E-02	-0.3429E-43
0.1960E-02	-0.3429E-43
0.2034E-02	-0.3429E-43
0.2112E-02	-0.3429E-43
0.2192E-02	-0.3430E-43
0.2276E-02	-0.3430E-43
0.2362E-02	-0.3430E-43
0.2452E-02	-0.3431E-43
0.2546E-02	-0.3431E-43
0.2643E-02	-0.3432E-43
0.2743E-02	-0.3432E-43
0.2848E-02	-0.3432E-43
0.2956E-02	-0.3433E-43
0.3069E-02	-0.3433E-43
0.3186E-02	-0.3434E-43
0.3307E-02	-0.3435E-43
0.3433E-02	-0.3435E-43
0.3564E-02	-0.3436E-43
0.3700E-02	-0.3437E-43
0.3841E-02	-0.3437E-43
0.3987E-02	-0.3438E-43
0.4139E-02	-0.3439E-43
0.4296E-02	-0.3440E-43
0.4460E-02	-0.3441E-43
0.4630E-02	-0.3442E-43
0.4806E-02	-0.3443E-43
0.4989E-02	-0.3444E-43
0.5179E-02	-0.3446E-43
0.5377E-02	-0.3447E-43
0.5581E-02	-0.3449E-43
0.5794E-02	-0.3450E-43
0.6015E-02	-0.3452E-43
0.6244E-02	-0.3453E-43
0.6481E-02	-0.3455E-43
0.6728E-02	-0.3457E-43
0.6985E-02	-0.3459E-43
0.7251E-02	-0.3461E-43
0.7527E-02	-0.3464E-43
0.7813E-02	-0.3466E-43
0.8111E-02	-0.3469E-43
0.8420E-02	-0.3471E-43
0.8741E-02	-0.3474E-43
0.9073E-02	-0.3477E-43
0.9419E-02	-0.3480E-43
0.9778E-02	-0.3484E-43
0.1015E-01	-0.3487E-43
0.1054E-01	-0.3491E-43
0.1094E-01	-0.3494E-43
0.1135E-01	-0.3498E-43
0.1179E-01	-0.3502E-43
0.1224E-01	-0.3507E-43
0.1270E-01	-0.3511E-43
0.1319E-01	-0.3516E-43
0.1369E-01	-0.3520E-43
0.1421E-01	-0.3525E-43
0.1475E-01	-0.3530E-43
0.1531E-01	-0.3536E-43
0.1590E-01	-0.3541E-43
0.1650E-01	-0.3546E-43
0.1713E-01	-0.3552E-43
0.1778E-01	-0.3558E-43
0.1846E-01	-0.3563E-43
0.1916E-01	-0.3569E-43
0.1989E-01	-0.3575E-43
0.2065E-01	-0.3581E-43
0.2144E-01	-0.3587E-43
0.2225E-01	-0.3593E-43
0.2310E-01	-0.3599E-43
0.2398E-01	-0.3604E-43
0.2489E-01	-0.3610E-43
0.2584E-01	-0.3616E-43
0.2682E-01	-0.3622E-43
0.2785E-01	-0.3627E-43
0.2891E-01	-0.3632E-43
0.3001E-01	-0.3638E-43
0.3115E-01	-0.3643E-43
0.3234E-01	-0.3647E-43
0.3357E-01	-0.3652E-43
0.3485E-01	-0.3656E-43
0.3617E-01	-0.3660E-43
0.3755E-01	-0.3664E-43
0.3898E-01	-0.3668E-43
0.4047E-01	-0.3671E-43
0.4201E-01	-0.3674E-43
0.4361E-01	-0.3677E-43
0.4527E-01	-0.3680E-43
0.4699E-01	-0.3682E-43
0.4878E-01	-0.3685E-43
0.5064E-01	-0.3686E-43
0.5257E-01	-0.3688E-43
0.5457E-01	-0.3690E-43
0.5665E-01	-0.3691E-43
0.5881E-01	-0.3692E-43
0.6105E-01	-0.3693E-43
0.6337E-01	-0.3694E-43
0.6579E-01	-0.3695E-43
0.6829E-01	-0.3696E-43
0.7089E-01	-0.3696E-43
0.7359E-01	-0.3696E-43
0.7640E-01	-0.3697E-43
0.7931E-01	-0.3697E-43
0.8233E-01	-0.3697E-43
0.8546E-01	-0.3697E-43
0.8872E-01	-0.3697E-43
0.9210E-01	-0.3697E-43
0.9560E-01	-0.3697E-43
0.9924E-01	-0.3697E-43
0.1030	-0.3697E-43
0.1069	-0.3697E-43
0.1110	-0.3697E-43
0.1152	-0.3697E-43
0.1196	-0.3697E-43
0.1242	-0.3697E-43
0.1289	-0.3697E-43
0.1338	-0.3697E-43
0.1389	-0.3697E-43
0.1442	-0.3697E-43
0.1497	-0.3697E-43
0.1554	-0.3698E-43
0.1613	-0.3698E-43
0.1675	-0.3698E-43
0.1739	-0.3698E-43
0.1805	-0.3698E-43
0.1874	-0.3699E-43
0.1945	-0.3699E-43
0.2019	-0.3699E-43
0.2096	-0.3700E-43
0.2176	-0.3700E-43
0.2259	-0.3701E-43
0.2345	-0.3701E-43
0.2434	-0.3702E-43
0.2527	-0.3702E-43
0.2623	-0.3703E-43
0.2723	-0.3704E-43
0.2826	-0.3704E-43
0.2934	-0.3705E-43
0.3046	-0.3706E-43
0.3162	-0.3707E-43
0.3282	-0.3708E-43
0.3407	-0.3709E-43
0.3537	-0.3710E-43
0.3672	-0.3711E-43
0.3812	-0.3713E-43
0.3957	-0.3714E-43
0.4107	-0.3716E-43
0.4264	-0.3717E-43
0.4426	-0.3719E-43
0.4595	-0.3720E-43
0.4770	-0.3722E-43
0.4952	-0.3724E-43
0.5140	-0.3726E-43
0.5336	-0.3728E-43
0.5539	-0.3731E-43
0.5750	-0.3733E-43
0.5969	-0.3736E-43
0.6196	-0.3738E-43
0.6432	-0.3741E-43
0.6677	-0.3745E-43
0.6932	-0.3748E-43
0.7196	-0.3752E-43
0.7470	-0.3755E-43
0.7754	-0.3759E-43
0.8050	0.9460E-27
0.8356	0.2102E-26
0.8674	0.4587E-26
0.9005	0.1468E-25
0.9348	0.3139E-25
0.9704	0.6593E-25
1.007	0.1359E-24
1.046	0.2905E-24
1.086	0.5788E-24
1.127	0.1133E-23
1.170	0.2181E-23
1.214	0.4280E-23
1.261	0.7954E-23
1.309	0.1454E-22
1.358	0.2615E-22
1.410	0.4623E-22
1.464	0.8044E-22
1.520	0.1379E-21
1.578	0.2328E-21
1.638	0.3874E-21
1.700	0.6329E-21
1.765	0.1024E-20
1.832	0.1634E-20
1.902	0.2573E-20
1.974	0.3997E-20
2.049	0.6175E-20
2.127	0.9345E-20
2.208	0.1397E-19
2.293	0.2063E-19
2.380	0.3010E-19
2.470	0.4341E-19
2.565	0.6190E-19
2.662	0.9100E-19
2.764	0.1266E-18
2.869	0.1743E-18
2.978	0.2374E-18
3.092	0.3201E-18
3.209	0.4271E-18
3.332	0.5642E-18
3.458	0.6748E-18
3.590	0.8793E-18
3.727	0.1134E-17
3.869	0.1450E-17
4.016	0.1835E-17
4.169	0.2301E-17
4.328	0.2859E-17
4.493	0.3521E-17
4.664	0.4299E-17
4.841	0.5203E-17
5.026	0.6367E-17
5.217	0.7570E-17
5.416	0.8931E-17
5.622	0.1046E-16
5.836	0.1216E-16
6.059	0.1403E-16
6.289	0.1609E-16
6.529	0.1833E-16
6.778	0.2075E-16
7.036	0.2335E-16
7.304	0.2625E-16
7.582	0.2919E-16
7.871	0.3230E-16
8.170	0.3555E-16
8.482	0.3894E-16
8.805	0.4245E-16
9.140	0.4608E-16
9.488	0.4981E-16
9.849	0.5362E-16
10.22	0.5760E-16
10.61	0.6153E-16
11.02	0.6550E-16
11.44	0.6949E-16
11.87	0.7350E-16
12.33	0.7752E-16
12.80	0.8152E-16
13.28	0.8551E-16
13.79	0.8947E-16
14.31	0.9347E-16
14.86	0.9736E-16
15.42	0.1012E-15
16.01	0.1050E-15
16.62	0.1088E-15
17.25	0.1125E-15
17.91	0.1162E-15
18.59	0.1198E-15
19.30	0.1234E-15
20.04	0.1268E-15
20.80	0.1303E-15
21.59	0.1338E-15
22.42	0.1373E-15
23.27	0.1408E-15
24.16	0.1442E-15
25.08	0.1476E-15
26.03	0.1510E-15
27.02	0.1546E-15
28.05	0.1580E-15
29.12	0.1614E-15
30.23	0.1648E-15
31.38	0.1682E-15
32.57	0.1716E-15
33.82	0.1750E-15
35.10	0.1785E-15
36.44	0.1819E-15
37.83	0.1854E-15
39.27	0.1889E-15
40.76	0.1924E-15
42.32	0.1959E-15
43.93	0.1995E-15
45.60	0.2031E-15
47.34	0.2067E-15
49.14	0.2103E-15
51.01	0.2139E-15
52.96	0.2176E-15
54.97	0.2213E-15
57.07	0.2250E-15
59.24	0.2287E-15
61.50	0.2325E-15
63.84	0.2362E-15
66.27	0.2400E-15
68.79	0.2438E-15
71.41	0.2477E-15
74.13	0.2516E-15
76.96	0.2554E-15
79.89	0.2594E-15
82.93	0.2633E-15
86.09	0.2672E-15
89.37	0.2711E-15
92.77	0.2751E-15
96.31	0.2791E-15
99.97	0.2830E-15
103.8	0.2870E-15
107.7	0.2910E-15
111.8	0.2950E-15
116.1	0.2990E-15
120.5	0.3031E-15
125.1	0.3071E-15
129.9	0.3111E-15
134.8	0.3151E-15
140.0	0.3191E-15
145.3	0.3232E-15
150.8	0.3272E-15
156.6	0.3312E-15
162.5	0.3352E-15
168.7	0.3392E-15
175.1	0.3432E-15
181.8	0.3472E-15
188.7	0.3511E-15
195.9	0.3551E-15
203.4	0.3590E-15
211.1	0.3630E-15
219.2	0.3669E-15
227.5	0.3707E-15
236.2	0.3746E-15
245.2	0.3784E-15
254.5	0.3822E-15
264.2	0.3860E-15
274.3	0.3897E-15
284.7	0.3934E-15
295.6	0.3970E-15
306.8	0.4005E-15
318.5	0.4040E-15
330.6	0.4074E-15
343.2	0.4108E-15
356.3	0.4141E-15
369.9	0.4172E-15
384.0	0.4203E-15
398.6	0.4233E-15
413.8	0.4262E-15
429.5	0.4290E-15
445.9	0.4316E-15
462.9	0.4342E-15
480.5	0.4366E-15
498.8	0.4388E-15
517.8	0.4409E-15
537.5	0.4429E-15
558.0	0.4448E-15
579.2	0.4464E-15
601.3	0.4479E-15
624.2	0.4493E-15
648.0	0.4505E-15
672.6	0.4515E-15
698.3	0.4524E-15
724.9	0.4531E-15
752.5	0.4536E-15
781.1	0.4539E-15
810.9	0.4541E-15
841.8	0.4541E-15
873.8	0.4539E-15
907.1	0.4536E-15
941.6	0.4531E-15
977.5	0.4524E-15
1015.	0.4515E-15
1053.	0.4505E-15
1094.	0.4493E-15
1135.	0.4480E-15
1178.	0.4465E-15
1223.	0.4448E-15
1270.	0.4430E-15
1318.	0.4410E-15
1368.	0.4389E-15
1421.	0.4367E-15
1475.	0.4343E-15
1531.	0.4318E-15
1589.	0.4292E-15
1650.	0.4264E-15
1712.	0.4235E-15
1778.	0.4206E-15
1845.	0.4175E-15
1916.	0.4143E-15
1989.	0.4110E-15
2064.	0.4076E-15
2143.	0.4042E-15
2225.	0.4007E-15
2309.	0.3971E-15
2397.	0.3934E-15
2489.	0.3897E-15
2583.	0.3860E-15
2682.	0.3822E-15
2784.	0.3784E-15
2890.	0.3745E-15
3000.	0.3706E-15
 
 
C11   O2    Excitation    4.50 eV                               
E/N (Td)	Energy loss coefficient (eV m3/s)
0.1000E-02	-0.5560E-91
0.1038E-02	-0.5560E-91
0.1078E-02	-0.5560E-91
0.1119E-02	-0.5561E-91
0.1161E-02	-0.5561E-91
0.1205E-02	-0.5561E-91
0.1251E-02	-0.5561E-91
0.1299E-02	-0.5562E-91
0.1349E-02	-0.5562E-91
0.1400E-02	-0.5562E-91
0.1453E-02	-0.5563E-91
0.1509E-02	-0.5563E-91
0.1566E-02	-0.5564E-91
0.1626E-02	-0.5564E-91
0.1688E-02	-0.5565E-91
0.1752E-02	-0.5565E-91
0.1819E-02	-0.5566E-91
0.1888E-02	-0.5566E-91
0.1960E-02	-0.5567E-91
0.2034E-02	-0.5568E-91
0.2112E-02	-0.5569E-91
0.2192E-02	-0.5570E-91
0.2276E-02	-0.5570E-91
0.2362E-02	-0.5571E-91
0.2452E-02	-0.5573E-91
0.2546E-02	-0.5574E-91
0.2643E-02	-0.5575E-91
0.2743E-02	-0.5576E-91
0.2848E-02	-0.5578E-91
0.2956E-02	-0.5579E-91
0.3069E-02	-0.5581E-91
0.3186E-02	-0.5582E-91
0.3307E-02	-0.5584E-91
0.3433E-02	-0.5586E-91
0.3564E-02	-0.5588E-91
0.3700E-02	-0.5591E-91
0.3841E-02	-0.5593E-91
0.3987E-02	-0.5596E-91
0.4139E-02	-0.5599E-91
0.4296E-02	-0.5602E-91
0.4460E-02	-0.5605E-91
0.4630E-02	-0.5608E-91
0.4806E-02	-0.5612E-91
0.4989E-02	-0.5616E-91
0.5179E-02	-0.5620E-91
0.5377E-02	-0.5625E-91
0.5581E-02	-0.5630E-91
0.5794E-02	-0.5635E-91
0.6015E-02	-0.5640E-91
0.6244E-02	-0.5646E-91
0.6481E-02	-0.5653E-91
0.6728E-02	-0.5659E-91
0.6985E-02	-0.5667E-91
0.7251E-02	-0.5674E-91
0.7527E-02	-0.5683E-91
0.7813E-02	-0.5691E-91
0.8111E-02	-0.5701E-91
0.8420E-02	-0.5711E-91
0.8741E-02	-0.5721E-91
0.9073E-02	-0.5732E-91
0.9419E-02	-0.5744E-91
0.9778E-02	-0.5757E-91
0.1015E-01	-0.5771E-91
0.1054E-01	-0.5785E-91
0.1094E-01	-0.5800E-91
0.1135E-01	-0.5816E-91
0.1179E-01	-0.5833E-91
0.1224E-01	-0.5852E-91
0.1270E-01	-0.5871E-91
0.1319E-01	-0.5891E-91
0.1369E-01	-0.5912E-91
0.1421E-01	-0.5935E-91
0.1475E-01	-0.5959E-91
0.1531E-01	-0.5984E-91
0.1590E-01	-0.6010E-91
0.1650E-01	-0.6037E-91
0.1713E-01	-0.6066E-91
0.1778E-01	-0.6096E-91
0.1846E-01	-0.6128E-91
0.1916E-01	-0.6161E-91
0.1989E-01	-0.6196E-91
0.2065E-01	-0.6231E-91
0.2144E-01	-0.6269E-91
0.2225E-01	-0.6307E-91
0.2310E-01	-0.6348E-91
0.2398E-01	-0.6389E-91
0.2489E-01	-0.6432E-91
0.2584E-01	-0.6476E-91
0.2682E-01	-0.6522E-91
0.2785E-01	-0.6569E-91
0.2891E-01	-0.6617E-91
0.3001E-01	-0.6666E-91
0.3115E-01	-0.6717E-91
0.3234E-01	-0.6768E-91
0.3357E-01	-0.6821E-91
0.3485E-01	-0.6874E-91
0.3617E-01	-0.6928E-91
0.3755E-01	-0.6982E-91
0.3898E-01	-0.7038E-91
0.4047E-01	-0.7093E-91
0.4201E-01	-0.7149E-91
0.4361E-01	-0.7205E-91
0.4527E-01	-0.7262E-91
0.4699E-01	-0.7318E-91
0.4878E-01	-0.7374E-91
0.5064E-01	-0.7430E-91
0.5257E-01	-0.7485E-91
0.5457E-01	-0.7540E-91
0.5665E-01	-0.7594E-91
0.5881E-01	-0.7647E-91
0.6105E-01	-0.7700E-91
0.6337E-01	-0.7752E-91
0.6579E-01	-0.7802E-91
0.6829E-01	-0.7852E-91
0.7089E-01	-0.7900E-91
0.7359E-01	-0.7947E-91
0.7640E-01	-0.7994E-91
0.7931E-01	-0.8038E-91
0.8233E-01	-0.8082E-91
0.8546E-01	-0.8124E-91
0.8872E-01	-0.8166E-91
0.9210E-01	-0.8206E-91
0.9560E-01	-0.8245E-91
0.9924E-01	-0.8283E-91
0.1030	-0.8320E-91
0.1069	-0.8357E-91
0.1110	-0.8392E-91
0.1152	-0.8427E-91
0.1196	-0.8461E-91
0.1242	-0.8495E-91
0.1289	-0.8528E-91
0.1338	-0.8562E-91
0.1389	-0.8595E-91
0.1442	-0.8628E-91
0.1497	-0.8661E-91
0.1554	-0.8695E-91
0.1613	-0.8729E-91
0.1675	-0.8764E-91
0.1739	-0.8799E-91
0.1805	-0.8835E-91
0.1874	-0.8872E-91
0.1945	-0.8909E-91
0.2019	-0.8948E-91
0.2096	-0.8988E-91
0.2176	-0.9030E-91
0.2259	-0.9072E-91
0.2345	-0.9117E-91
0.2434	-0.9163E-91
0.2527	-0.9210E-91
0.2623	-0.9259E-91
0.2723	-0.9310E-91
0.2826	-0.9363E-91
0.2934	-0.9418E-91
0.3046	-0.9475E-91
0.3162	-0.9533E-91
0.3282	-0.9594E-91
0.3407	-0.9657E-91
0.3537	-0.9722E-91
0.3672	-0.9789E-91
0.3812	-0.9857E-91
0.3957	-0.9928E-91
0.4107	-0.1000E-90
0.4264	-0.1008E-90
0.4426	-0.1015E-90
0.4595	-0.1023E-90
0.4770	-0.1032E-90
0.4952	-0.1040E-90
0.5140	-0.1049E-90
0.5336	-0.1058E-90
0.5539	-0.1067E-90
0.5750	-0.1076E-90
0.5969	-0.1086E-90
0.6196	-0.1096E-90
0.6432	-0.1106E-90
0.6677	-0.1117E-90
0.6932	-0.1128E-90
0.7196	-0.1140E-90
0.7470	-0.1152E-90
0.7754	-0.1164E-90
0.8050	-0.1177E-90
0.8356	-0.1191E-90
0.8674	-0.1205E-90
0.9005	-0.1220E-90
0.9348	-0.1236E-90
0.9704	-0.1252E-90
1.007	-0.1269E-90
1.046	-0.1288E-90
1.086	-0.1307E-90
1.127	-0.1327E-90
1.170	-0.1349E-90
1.214	-0.1372E-90
1.261	-0.1396E-90
1.309	-0.1422E-90
1.358	-0.1449E-90
1.410	-0.1478E-90
1.464	-0.1509E-90
1.520	-0.1542E-90
1.578	-0.1577E-90
1.638	-0.1614E-90
1.700	-0.1656E-90
1.765	-0.1698E-90
1.832	-0.1744E-90
1.902	-0.1794E-90
1.974	-0.1847E-90
2.049	0.3818E-26
2.127	0.1024E-25
2.208	0.2659E-25
2.293	0.6681E-25
2.380	0.1627E-24
2.470	0.3846E-24
2.565	0.8823E-24
2.662	0.2265E-23
2.764	0.4968E-23
2.869	0.1062E-22
2.978	0.2214E-22
3.092	0.4506E-22
3.209	0.8953E-22
3.332	0.1738E-21
3.458	0.3021E-21
3.590	0.5645E-21
3.727	0.1032E-20
3.869	0.1848E-20
4.016	0.3242E-20
4.169	0.5574E-20
4.328	0.9399E-20
4.493	0.1555E-19
4.664	0.2525E-19
4.841	0.4027E-19
5.026	0.6435E-19
5.217	0.9896E-19
5.416	0.1497E-18
5.622	0.2228E-18
5.836	0.3264E-18
6.059	0.4711E-18
6.289	0.6699E-18
6.529	0.9390E-18
6.778	0.1298E-17
7.036	0.1771E-17
7.304	0.2396E-17
7.582	0.3184E-17
7.871	0.4180E-17
8.170	0.5423E-17
8.482	0.6958E-17
8.805	0.8829E-17
9.140	0.1109E-16
9.488	0.1378E-16
9.849	0.1696E-16
10.22	0.2073E-16
10.61	0.2505E-16
11.02	0.3001E-16
11.44	0.3567E-16
11.87	0.4207E-16
12.33	0.4925E-16
12.80	0.5725E-16
13.28	0.6610E-16
13.79	0.7585E-16
14.31	0.8658E-16
14.86	0.9819E-16
15.42	0.1108E-15
16.01	0.1243E-15
16.62	0.1389E-15
17.25	0.1545E-15
17.91	0.1711E-15
18.59	0.1888E-15
19.30	0.2075E-15
20.04	0.2270E-15
20.80	0.2479E-15
21.59	0.2698E-15
22.42	0.2929E-15
23.27	0.3172E-15
24.16	0.3425E-15
25.08	0.3689E-15
26.03	0.3965E-15
27.02	0.4256E-15
28.05	0.4554E-15
29.12	0.4864E-15
30.23	0.5185E-15
31.38	0.5518E-15
32.57	0.5862E-15
33.82	0.6217E-15
35.10	0.6583E-15
36.44	0.6961E-15
37.83	0.7349E-15
39.27	0.7747E-15
40.76	0.8155E-15
42.32	0.8574E-15
43.93	0.9002E-15
45.60	0.9441E-15
47.34	0.9888E-15
49.14	0.1034E-14
51.01	0.1081E-14
52.96	0.1128E-14
54.97	0.1176E-14
57.07	0.1225E-14
59.24	0.1275E-14
61.50	0.1325E-14
63.84	0.1375E-14
66.27	0.1427E-14
68.79	0.1479E-14
71.41	0.1531E-14
74.13	0.1584E-14
76.96	0.1637E-14
79.89	0.1690E-14
82.93	0.1744E-14
86.09	0.1797E-14
89.37	0.1851E-14
92.77	0.1904E-14
96.31	0.1958E-14
99.97	0.2011E-14
103.8	0.2064E-14
107.7	0.2116E-14
111.8	0.2169E-14
116.1	0.2220E-14
120.5	0.2271E-14
125.1	0.2321E-14
129.9	0.2370E-14
134.8	0.2418E-14
140.0	0.2465E-14
145.3	0.2511E-14
150.8	0.2556E-14
156.6	0.2599E-14
162.5	0.2641E-14
168.7	0.2681E-14
175.1	0.2719E-14
181.8	0.2756E-14
188.7	0.2791E-14
195.9	0.2824E-14
203.4	0.2855E-14
211.1	0.2884E-14
219.2	0.2911E-14
227.5	0.2936E-14
236.2	0.2958E-14
245.2	0.2979E-14
254.5	0.2997E-14
264.2	0.3012E-14
274.3	0.3026E-14
284.7	0.3037E-14
295.6	0.3045E-14
306.8	0.3052E-14
318.5	0.3056E-14
330.6	0.3058E-14
343.2	0.3057E-14
356.3	0.3055E-14
369.9	0.3050E-14
384.0	0.3044E-14
398.6	0.3035E-14
413.8	0.3024E-14
429.5	0.3011E-14
445.9	0.2997E-14
462.9	0.2980E-14
480.5	0.2962E-14
498.8	0.2943E-14
517.8	0.2922E-14
537.5	0.2899E-14
558.0	0.2875E-14
579.2	0.2850E-14
601.3	0.2824E-14
624.2	0.2796E-14
648.0	0.2768E-14
672.6	0.2739E-14
698.3	0.2708E-14
724.9	0.2677E-14
752.5	0.2646E-14
781.1	0.2613E-14
810.9	0.2581E-14
841.8	0.2547E-14
873.8	0.2514E-14
907.1	0.2480E-14
941.6	0.2445E-14
977.5	0.2411E-14
1015.	0.2376E-14
1053.	0.2341E-14
1094.	0.2306E-14
1135.	0.2271E-14
1178.	0.2236E-14
1223.	0.2201E-14
1270.	0.2167E-14
1318.	0.2132E-14
1368.	0.2098E-14
1421.	0.2063E-14
1475.	0.2029E-14
1531.	0.1995E-14
1589.	0.1961E-14
1650.	0.1928E-14
1712.	0.1895E-14
1778.	0.1862E-14
1845.	0.1830E-14
1916.	0.1798E-14
1989.	0.1766E-14
2064.	0.1734E-14
2143.	0.1703E-14
2225.	0.1672E-14
2309.	0.1642E-14
2397.	0.1612E-14
2489.	0.1583E-14
2583.	0.1554E-14
2682.	0.1525E-14
2784.	0.1497E-14
2890.	0.1469E-14
3000.	0.1442E-14
 
 
C12   O2    Excitation    6.10 eV                               
E/N (Td)	Energy loss coefficient (eV m3/s)
0.1000E-02	-0.2241-116
0.1038E-02	-0.2241-116
0.1078E-02	-0.2241-116
0.1119E-02	-0.2241-116
0.1161E-02	-0.2241-116
0.1205E-02	-0.2241-116
0.1251E-02	-0.2242-116
0.1299E-02	-0.2242-116
0.1349E-02	-0.2242-116
0.1400E-02	-0.2242-116
0.1453E-02	-0.2242-116
0.1509E-02	-0.2242-116
0.1566E-02	-0.2242-116
0.1626E-02	-0.2243-116
0.1688E-02	-0.2243-116
0.1752E-02	-0.2243-116
0.1819E-02	-0.2243-116
0.1888E-02	-0.2244-116
0.1960E-02	-0.2244-116
0.2034E-02	-0.2244-116
0.2112E-02	-0.2244-116
0.2192E-02	-0.2245-116
0.2276E-02	-0.2245-116
0.2362E-02	-0.2246-116
0.2452E-02	-0.2246-116
0.2546E-02	-0.2247-116
0.2643E-02	-0.2247-116
0.2743E-02	-0.2248-116
0.2848E-02	-0.2248-116
0.2956E-02	-0.2249-116
0.3069E-02	-0.2249-116
0.3186E-02	-0.2250-116
0.3307E-02	-0.2251-116
0.3433E-02	-0.2252-116
0.3564E-02	-0.2253-116
0.3700E-02	-0.2253-116
0.3841E-02	-0.2254-116
0.3987E-02	-0.2256-116
0.4139E-02	-0.2257-116
0.4296E-02	-0.2258-116
0.4460E-02	-0.2259-116
0.4630E-02	-0.2261-116
0.4806E-02	-0.2262-116
0.4989E-02	-0.2264-116
0.5179E-02	-0.2265-116
0.5377E-02	-0.2267-116
0.5581E-02	-0.2269-116
0.5794E-02	-0.2271-116
0.6015E-02	-0.2274-116
0.6244E-02	-0.2276-116
0.6481E-02	-0.2279-116
0.6728E-02	-0.2281-116
0.6985E-02	-0.2284-116
0.7251E-02	-0.2287-116
0.7527E-02	-0.2291-116
0.7813E-02	-0.2294-116
0.8111E-02	-0.2298-116
0.8420E-02	-0.2302-116
0.8741E-02	-0.2306-116
0.9073E-02	-0.2311-116
0.9419E-02	-0.2316-116
0.9778E-02	-0.2321-116
0.1015E-01	-0.2326-116
0.1054E-01	-0.2332-116
0.1094E-01	-0.2338-116
0.1135E-01	-0.2345-116
0.1179E-01	-0.2352-116
0.1224E-01	-0.2359-116
0.1270E-01	-0.2367-116
0.1319E-01	-0.2375-116
0.1369E-01	-0.2384-116
0.1421E-01	-0.2393-116
0.1475E-01	-0.2403-116
0.1531E-01	-0.2413-116
0.1590E-01	-0.2423-116
0.1650E-01	-0.2435-116
0.1713E-01	-0.2446-116
0.1778E-01	-0.2458-116
0.1846E-01	-0.2471-116
0.1916E-01	-0.2485-116
0.1989E-01	-0.2499-116
0.2065E-01	-0.2513-116
0.2144E-01	-0.2528-116
0.2225E-01	-0.2544-116
0.2310E-01	-0.2560-116
0.2398E-01	-0.2577-116
0.2489E-01	-0.2594-116
0.2584E-01	-0.2612-116
0.2682E-01	-0.2630-116
0.2785E-01	-0.2649-116
0.2891E-01	-0.2669-116
0.3001E-01	-0.2689-116
0.3115E-01	-0.2709-116
0.3234E-01	-0.2730-116
0.3357E-01	-0.2751-116
0.3485E-01	-0.2772-116
0.3617E-01	-0.2794-116
0.3755E-01	-0.2816-116
0.3898E-01	-0.2838-116
0.4047E-01	-0.2861-116
0.4201E-01	-0.2883-116
0.4361E-01	-0.2906-116
0.4527E-01	-0.2928-116
0.4699E-01	-0.2951-116
0.4878E-01	-0.2973-116
0.5064E-01	-0.2996-116
0.5257E-01	-0.3018-116
0.5457E-01	-0.3040-116
0.5665E-01	-0.3062-116
0.5881E-01	-0.3083-116
0.6105E-01	-0.3104-116
0.6337E-01	-0.3125-116
0.6579E-01	-0.3145-116
0.6829E-01	-0.3165-116
0.7089E-01	-0.3185-116
0.7359E-01	-0.3204-116
0.7640E-01	-0.3222-116
0.7931E-01	-0.3240-116
0.8233E-01	-0.3257-116
0.8546E-01	-0.3274-116
0.8872E-01	-0.3291-116
0.9210E-01	-0.3307-116
0.9560E-01	-0.3323-116
0.9924E-01	-0.3338-116
0.1030	-0.3353-116
0.1069	-0.3367-116
0.1110	-0.3381-116
0.1152	-0.3395-116
0.1196	-0.3409-116
0.1242	-0.3422-116
0.1289	-0.3436-116
0.1338	-0.3449-116
0.1389	-0.3462-116
0.1442	-0.3475-116
0.1497	-0.3488-116
0.1554	-0.3502-116
0.1613	-0.3515-116
0.1675	-0.3529-116
0.1739	-0.3543-116
0.1805	-0.3557-116
0.1874	-0.3571-116
0.1945	-0.3586-116
0.2019	-0.3601-116
0.2096	-0.3617-116
0.2176	-0.3633-116
0.2259	-0.3650-116
0.2345	-0.3667-116
0.2434	-0.3685-116
0.2527	-0.3704-116
0.2623	-0.3723-116
0.2723	-0.3742-116
0.2826	-0.3763-116
0.2934	-0.3784-116
0.3046	-0.3806-116
0.3162	-0.3828-116
0.3282	-0.3851-116
0.3407	-0.3875-116
0.3537	-0.3899-116
0.3672	-0.3925-116
0.3812	-0.3950-116
0.3957	-0.3977-116
0.4107	-0.4004-116
0.4264	-0.4031-116
0.4426	-0.4059-116
0.4595	-0.4088-116
0.4770	-0.4117-116
0.4952	-0.4147-116
0.5140	-0.4177-116
0.5336	-0.4208-116
0.5539	-0.4239-116
0.5750	-0.4272-116
0.5969	-0.4304-116
0.6196	-0.4337-116
0.6432	-0.4370-116
0.6677	-0.4404-116
0.6932	-0.4438-116
0.7196	-0.4474-116
0.7470	-0.4509-116
0.7754	-0.4546-116
0.8050	-0.4583-116
0.8356	-0.4621-116
0.8674	-0.4659-116
0.9005	-0.4699-116
0.9348	-0.4739-116
0.9704	-0.4781-116
1.007	-0.4823-116
1.046	-0.4867-116
1.086	-0.4912-116
1.127	-0.4958-116
1.170	-0.5006-116
1.214	-0.5055-116
1.261	-0.5105-116
1.309	-0.5158-116
1.358	-0.5212-116
1.410	-0.5270-116
1.464	-0.5328-116
1.520	-0.5387-116
1.578	-0.5449-116
1.638	-0.5512-116
1.700	-0.5582-116
1.765	-0.5651-116
1.832	-0.5722-116
1.902	-0.5795-116
1.974	-0.5872-116
2.049	-0.5952-116
2.127	-0.6036-116
2.208	-0.6124-116
2.293	-0.6215-116
2.380	-0.6312-116
2.470	-0.6413-116
2.565	-0.6519-116
2.662	0.6588E-30
2.764	0.2109E-29
2.869	0.6462E-29
2.978	0.1898E-28
3.092	0.5349E-28
3.209	0.1449E-27
3.332	0.3774E-27
3.458	0.1969E-24
3.590	0.5138E-24
3.727	0.1295E-23
3.869	0.3152E-23
4.016	0.7424E-23
4.169	0.1693E-22
4.328	0.3742E-22
4.493	0.8025E-22
4.664	0.1671E-21
4.841	0.3382E-21
5.026	0.6802E-21
5.217	0.1302E-20
5.416	0.2429E-20
5.622	0.4420E-20
5.836	0.7854E-20
6.059	0.1363E-19
6.289	0.2314E-19
6.529	0.3845E-19
6.778	0.6256E-19
7.036	0.9977E-19
7.304	0.1569E-18
7.582	0.2408E-18
7.871	0.3630E-18
8.170	0.5379E-18
8.482	0.7840E-18
8.805	0.1125E-17
9.140	0.1589E-17
9.488	0.2213E-17
9.849	0.3038E-17
10.22	0.4124E-17
10.61	0.5515E-17
11.02	0.7285E-17
11.44	0.9512E-17
11.87	0.1228E-16
12.33	0.1569E-16
12.80	0.1984E-16
13.28	0.2485E-16
13.79	0.3084E-16
14.31	0.3797E-16
14.86	0.4632E-16
15.42	0.5607E-16
16.01	0.6737E-16
16.62	0.8037E-16
17.25	0.9524E-16
17.91	0.1121E-15
18.59	0.1312E-15
19.30	0.1527E-15
20.04	0.1764E-15
20.80	0.2031E-15
21.59	0.2327E-15
22.42	0.2654E-15
23.27	0.3013E-15
24.16	0.3405E-15
25.08	0.3833E-15
26.03	0.4298E-15
27.02	0.4804E-15
28.05	0.5347E-15
29.12	0.5931E-15
30.23	0.6557E-15
31.38	0.7226E-15
32.57	0.7939E-15
33.82	0.8697E-15
35.10	0.9501E-15
36.44	0.1035E-14
37.83	0.1125E-14
39.27	0.1220E-14
40.76	0.1319E-14
42.32	0.1423E-14
43.93	0.1532E-14
45.60	0.1645E-14
47.34	0.1764E-14
49.14	0.1886E-14
51.01	0.2014E-14
52.96	0.2147E-14
54.97	0.2284E-14
57.07	0.2426E-14
59.24	0.2573E-14
61.50	0.2724E-14
63.84	0.2879E-14
66.27	0.3039E-14
68.79	0.3203E-14
71.41	0.3371E-14
74.13	0.3543E-14
76.96	0.3719E-14
79.89	0.3899E-14
82.93	0.4082E-14
86.09	0.4269E-14
89.37	0.4459E-14
92.77	0.4653E-14
96.31	0.4849E-14
99.97	0.5047E-14
103.8	0.5248E-14
107.7	0.5452E-14
111.8	0.5657E-14
116.1	0.5863E-14
120.5	0.6071E-14
125.1	0.6279E-14
129.9	0.6489E-14
134.8	0.6698E-14
140.0	0.6907E-14
145.3	0.7116E-14
150.8	0.7323E-14
156.6	0.7529E-14
162.5	0.7734E-14
168.7	0.7936E-14
175.1	0.8136E-14
181.8	0.8332E-14
188.7	0.8525E-14
195.9	0.8714E-14
203.4	0.8899E-14
211.1	0.9079E-14
219.2	0.9254E-14
227.5	0.9424E-14
236.2	0.9588E-14
245.2	0.9745E-14
254.5	0.9897E-14
264.2	0.1004E-13
274.3	0.1018E-13
284.7	0.1031E-13
295.6	0.1043E-13
306.8	0.1055E-13
318.5	0.1066E-13
330.6	0.1075E-13
343.2	0.1085E-13
356.3	0.1093E-13
369.9	0.1101E-13
384.0	0.1107E-13
398.6	0.1113E-13
413.8	0.1118E-13
429.5	0.1123E-13
445.9	0.1126E-13
462.9	0.1129E-13
480.5	0.1131E-13
498.8	0.1132E-13
517.8	0.1132E-13
537.5	0.1132E-13
558.0	0.1131E-13
579.2	0.1129E-13
601.3	0.1126E-13
624.2	0.1123E-13
648.0	0.1120E-13
672.6	0.1115E-13
698.3	0.1110E-13
724.9	0.1105E-13
752.5	0.1099E-13
781.1	0.1092E-13
810.9	0.1085E-13
841.8	0.1078E-13
873.8	0.1070E-13
907.1	0.1061E-13
941.6	0.1053E-13
977.5	0.1043E-13
1015.	0.1034E-13
1053.	0.1024E-13
1094.	0.1014E-13
1135.	0.1004E-13
1178.	0.9936E-14
1223.	0.9829E-14
1270.	0.9720E-14
1318.	0.9609E-14
1368.	0.9497E-14
1421.	0.9383E-14
1475.	0.9268E-14
1531.	0.9152E-14
1589.	0.9036E-14
1650.	0.8918E-14
1712.	0.8801E-14
1778.	0.8683E-14
1845.	0.8565E-14
1916.	0.8447E-14
1989.	0.8329E-14
2064.	0.8211E-14
2143.	0.8094E-14
2225.	0.7978E-14
2309.	0.7862E-14
2397.	0.7747E-14
2489.	0.7633E-14
2583.	0.7521E-14
2682.	0.7409E-14
2784.	0.7299E-14
2890.	0.7191E-14
3000.	0.7084E-14
 
 
C13   O2    Excitation    8.40 eV                               
E/N (Td)	Energy loss coefficient (eV m3/s)
0.1000E-02	-0.1255-154
0.1038E-02	-0.1256-154
0.1078E-02	-0.1257-154
0.1119E-02	-0.1257-154
0.1161E-02	-0.1257-154
0.1205E-02	-0.1257-154
0.1251E-02	-0.1257-154
0.1299E-02	-0.1257-154
0.1349E-02	-0.1257-154
0.1400E-02	-0.1257-154
0.1453E-02	-0.1257-154
0.1509E-02	-0.1257-154
0.1566E-02	-0.1257-154
0.1626E-02	-0.1257-154
0.1688E-02	-0.1258-154
0.1752E-02	-0.1258-154
0.1819E-02	-0.1258-154
0.1888E-02	-0.1258-154
0.1960E-02	-0.1258-154
0.2034E-02	-0.1258-154
0.2112E-02	-0.1258-154
0.2192E-02	-0.1259-154
0.2276E-02	-0.1258-154
0.2362E-02	-0.1259-154
0.2452E-02	-0.1259-154
0.2546E-02	-0.1259-154
0.2643E-02	-0.1259-154
0.2743E-02	-0.1260-154
0.2848E-02	-0.1260-154
0.2956E-02	-0.1260-154
0.3069E-02	-0.1261-154
0.3186E-02	-0.1261-154
0.3307E-02	-0.1261-154
0.3433E-02	-0.1262-154
0.3564E-02	-0.1262-154
0.3700E-02	-0.1263-154
0.3841E-02	-0.1263-154
0.3987E-02	-0.1264-154
0.4139E-02	-0.1265-154
0.4296E-02	-0.1265-154
0.4460E-02	-0.1266-154
0.4630E-02	-0.1267-154
0.4806E-02	-0.1268-154
0.4989E-02	-0.1269-154
0.5179E-02	-0.1270-154
0.5377E-02	-0.1271-154
0.5581E-02	-0.1272-154
0.5794E-02	-0.1273-154
0.6015E-02	-0.1274-154
0.6244E-02	-0.1276-154
0.6481E-02	-0.1277-154
0.6728E-02	-0.1279-154
0.6985E-02	-0.1280-154
0.7251E-02	-0.1282-154
0.7527E-02	-0.1284-154
0.7813E-02	-0.1286-154
0.8111E-02	-0.1288-154
0.8420E-02	-0.1290-154
0.8741E-02	-0.1293-154
0.9073E-02	-0.1295-154
0.9419E-02	-0.1298-154
0.9778E-02	-0.1301-154
0.1015E-01	-0.1304-154
0.1054E-01	-0.1307-154
0.1094E-01	-0.1311-154
0.1135E-01	-0.1314-154
0.1179E-01	-0.1318-154
0.1224E-01	-0.1322-154
0.1270E-01	-0.1327-154
0.1319E-01	-0.1331-154
0.1369E-01	-0.1336-154
0.1421E-01	-0.1341-154
0.1475E-01	-0.1347-154
0.1531E-01	-0.1353-154
0.1590E-01	-0.1359-154
0.1650E-01	-0.1365-154
0.1713E-01	-0.1372-154
0.1778E-01	-0.1378-154
0.1846E-01	-0.1386-154
0.1916E-01	-0.1393-154
0.1989E-01	-0.1401-154
0.2065E-01	-0.1409-154
0.2144E-01	-0.1418-154
0.2225E-01	-0.1427-154
0.2310E-01	-0.1436-154
0.2398E-01	-0.1445-154
0.2489E-01	-0.1455-154
0.2584E-01	-0.1465-154
0.2682E-01	-0.1476-154
0.2785E-01	-0.1486-154
0.2891E-01	-0.1497-154
0.3001E-01	-0.1508-154
0.3115E-01	-0.1520-154
0.3234E-01	-0.1531-154
0.3357E-01	-0.1543-154
0.3485E-01	-0.1555-154
0.3617E-01	-0.1568-154
0.3755E-01	-0.1580-154
0.3898E-01	-0.1592-154
0.4047E-01	-0.1605-154
0.4201E-01	-0.1618-154
0.4361E-01	-0.1630-154
0.4527E-01	-0.1643-154
0.4699E-01	-0.1656-154
0.4878E-01	-0.1668-154
0.5064E-01	-0.1681-154
0.5257E-01	-0.1693-154
0.5457E-01	-0.1706-154
0.5665E-01	-0.1718-154
0.5881E-01	-0.1730-154
0.6105E-01	-0.1742-154
0.6337E-01	-0.1753-154
0.6579E-01	-0.1765-154
0.6829E-01	-0.1776-154
0.7089E-01	-0.1787-154
0.7359E-01	-0.1797-154
0.7640E-01	-0.1808-154
0.7931E-01	-0.1818-154
0.8233E-01	-0.1828-154
0.8546E-01	-0.1837-154
0.8872E-01	-0.1846-154
0.9210E-01	-0.1855-154
0.9560E-01	-0.1864-154
0.9924E-01	-0.1872-154
0.1030	-0.1881-154
0.1069	-0.1889-154
0.1110	-0.1897-154
0.1152	-0.1904-154
0.1196	-0.1912-154
0.1242	-0.1920-154
0.1289	-0.1927-154
0.1338	-0.1934-154
0.1389	-0.1942-154
0.1442	-0.1949-154
0.1497	-0.1956-154
0.1554	-0.1964-154
0.1613	-0.1971-154
0.1675	-0.1979-154
0.1739	-0.1987-154
0.1805	-0.1995-154
0.1874	-0.2003-154
0.1945	-0.2011-154
0.2019	-0.2019-154
0.2096	-0.2028-154
0.2176	-0.2037-154
0.2259	-0.2046-154
0.2345	-0.2056-154
0.2434	-0.2066-154
0.2527	-0.2076-154
0.2623	-0.2087-154
0.2723	-0.2098-154
0.2826	-0.2109-154
0.2934	-0.2121-154
0.3046	-0.2133-154
0.3162	-0.2145-154
0.3282	-0.2158-154
0.3407	-0.2171-154
0.3537	-0.2185-154
0.3672	-0.2199-154
0.3812	-0.2213-154
0.3957	-0.2228-154
0.4107	-0.2243-154
0.4264	-0.2258-154
0.4426	-0.2274-154
0.4595	-0.2290-154
0.4770	-0.2306-154
0.4952	-0.2322-154
0.5140	-0.2339-154
0.5336	-0.2356-154
0.5539	-0.2373-154
0.5750	-0.2391-154
0.5969	-0.2409-154
0.6196	-0.2427-154
0.6432	-0.2446-154
0.6677	-0.2464-154
0.6932	-0.2483-154
0.7196	-0.2503-154
0.7470	-0.2523-154
0.7754	-0.2543-154
0.8050	-0.2564-154
0.8356	-0.2584-154
0.8674	-0.2606-154
0.9005	-0.2627-154
0.9348	-0.2650-154
0.9704	-0.2672-154
1.007	-0.2696-154
1.046	-0.2720-154
1.086	-0.2745-154
1.127	-0.2770-154
1.170	-0.2796-154
1.214	-0.2823-154
1.261	-0.2851-154
1.309	-0.2879-154
1.358	-0.2909-154
1.410	-0.2941-154
1.464	-0.2973-154
1.520	-0.3005-154
1.578	-0.3039-154
1.638	-0.3073-154
1.700	-0.3111-154
1.765	-0.3149-154
1.832	-0.3187-154
1.902	-0.3227-154
1.974	-0.3269-154
2.049	-0.3313-154
2.127	-0.3358-154
2.208	-0.3406-154
2.293	-0.3456-154
2.380	-0.3508-154
2.470	-0.3564-154
2.565	-0.3622-154
2.662	-0.3689-154
2.764	-0.3756-154
2.869	-0.3828-154
2.978	-0.3905-154
3.092	-0.3987-154
3.209	-0.4076-154
3.332	-0.4171-154
3.458	-0.4235-154
3.590	-0.4342-154
3.727	-0.4458-154
3.869	-0.4582-154
4.016	-0.4715-154
4.169	-0.4857-154
4.328	-0.5010-154
4.493	-0.5171-154
4.664	-0.5343-154
4.841	-0.5524-154
5.026	0.3409E-28
5.217	0.1216E-27
5.416	0.4122E-27
5.622	0.1332E-26
5.836	0.4104E-26
6.059	0.1209E-25
6.289	0.3406E-25
6.529	0.9201E-25
6.778	0.2386E-24
7.036	0.5945E-24
7.304	0.2423E-23
7.582	0.5792E-23
7.871	0.1338E-22
8.170	0.2991E-22
8.482	0.6477E-22
8.805	0.1360E-21
9.140	0.2774E-21
9.488	0.5499E-21
9.849	0.1061E-20
10.22	0.2004E-20
10.61	0.3671E-20
11.02	0.6566E-20
11.44	0.1148E-19
11.87	0.1962E-19
12.33	0.3284E-19
12.80	0.5387E-19
13.28	0.8665E-19
13.79	0.1368E-18
14.31	0.2126E-18
14.86	0.3242E-18
15.42	0.4865E-18
16.01	0.7186E-18
16.62	0.1046E-17
17.25	0.1501E-17
17.91	0.2126E-17
18.59	0.2972E-17
19.30	0.4104E-17
20.04	0.5593E-17
20.80	0.7549E-17
21.59	0.1008E-16
22.42	0.1333E-16
23.27	0.1745E-16
24.16	0.2263E-16
25.08	0.2909E-16
26.03	0.3708E-16
27.02	0.4693E-16
28.05	0.5887E-16
29.12	0.7332E-16
30.23	0.9067E-16
31.38	0.1114E-15
32.57	0.1359E-15
33.82	0.1649E-15
35.10	0.1988E-15
36.44	0.2384E-15
37.83	0.2844E-15
39.27	0.3374E-15
40.76	0.3984E-15
42.32	0.4681E-15
43.93	0.5476E-15
45.60	0.6378E-15
47.34	0.7399E-15
49.14	0.8548E-15
51.01	0.9839E-15
52.96	0.1129E-14
54.97	0.1290E-14
57.07	0.1469E-14
59.24	0.1669E-14
61.50	0.1889E-14
63.84	0.2132E-14
66.27	0.2401E-14
68.79	0.2696E-14
71.41	0.3019E-14
74.13	0.3373E-14
76.96	0.3759E-14
79.89	0.4181E-14
82.93	0.4639E-14
86.09	0.5137E-14
89.37	0.5677E-14
92.77	0.6262E-14
96.31	0.6895E-14
99.97	0.7577E-14
103.8	0.8313E-14
107.7	0.9104E-14
111.8	0.9955E-14
116.1	0.1087E-13
120.5	0.1185E-13
125.1	0.1289E-13
129.9	0.1401E-13
134.8	0.1520E-13
140.0	0.1647E-13
145.3	0.1783E-13
150.8	0.1926E-13
156.6	0.2079E-13
162.5	0.2241E-13
168.7	0.2411E-13
175.1	0.2592E-13
181.8	0.2782E-13
188.7	0.2983E-13
195.9	0.3194E-13
203.4	0.3415E-13
211.1	0.3647E-13
219.2	0.3890E-13
227.5	0.4144E-13
236.2	0.4409E-13
245.2	0.4685E-13
254.5	0.4972E-13
264.2	0.5269E-13
274.3	0.5578E-13
284.7	0.5898E-13
295.6	0.6227E-13
306.8	0.6568E-13
318.5	0.6918E-13
330.6	0.7278E-13
343.2	0.7647E-13
356.3	0.8025E-13
369.9	0.8412E-13
384.0	0.8808E-13
398.6	0.9211E-13
413.8	0.9621E-13
429.5	0.1004E-12
445.9	0.1046E-12
462.9	0.1089E-12
480.5	0.1132E-12
498.8	0.1176E-12
517.8	0.1221E-12
537.5	0.1265E-12
558.0	0.1310E-12
579.2	0.1355E-12
601.3	0.1401E-12
624.2	0.1446E-12
648.0	0.1492E-12
672.6	0.1537E-12
698.3	0.1583E-12
724.9	0.1628E-12
752.5	0.1673E-12
781.1	0.1718E-12
810.9	0.1763E-12
841.8	0.1808E-12
873.8	0.1852E-12
907.1	0.1896E-12
941.6	0.1939E-12
977.5	0.1982E-12
1015.	0.2024E-12
1053.	0.2066E-12
1094.	0.2107E-12
1135.	0.2148E-12
1178.	0.2187E-12
1223.	0.2227E-12
1270.	0.2265E-12
1318.	0.2303E-12
1368.	0.2340E-12
1421.	0.2376E-12
1475.	0.2411E-12
1531.	0.2446E-12
1589.	0.2479E-12
1650.	0.2512E-12
1712.	0.2543E-12
1778.	0.2574E-12
1845.	0.2604E-12
1916.	0.2632E-12
1989.	0.2660E-12
2064.	0.2686E-12
2143.	0.2712E-12
2225.	0.2736E-12
2309.	0.2759E-12
2397.	0.2781E-12
2489.	0.2802E-12
2583.	0.2822E-12
2682.	0.2841E-12
2784.	0.2858E-12
2890.	0.2874E-12
3000.	0.2889E-12
 
 
C14   O2    Excitation    9.30 eV                               
E/N (Td)	Energy loss coefficient (eV m3/s)
0.1000E-02	-0.1086-170
0.1038E-02	-0.1087-170
0.1078E-02	-0.1087-170
0.1119E-02	-0.1087-170
0.1161E-02	-0.1087-170
0.1205E-02	-0.1087-170
0.1251E-02	-0.1087-170
0.1299E-02	-0.1087-170
0.1349E-02	-0.1087-170
0.1400E-02	-0.1087-170
0.1453E-02	-0.1088-170
0.1509E-02	-0.1088-170
0.1566E-02	-0.1088-170
0.1626E-02	-0.1088-170
0.1688E-02	-0.1088-170
0.1752E-02	-0.1088-170
0.1819E-02	-0.1088-170
0.1888E-02	-0.1088-170
0.1960E-02	-0.1088-170
0.2034E-02	-0.1089-170
0.2112E-02	-0.1089-170
0.2192E-02	-0.1089-170
0.2276E-02	-0.1089-170
0.2362E-02	-0.1089-170
0.2452E-02	-0.1089-170
0.2546E-02	-0.1090-170
0.2643E-02	-0.1090-170
0.2743E-02	-0.1090-170
0.2848E-02	-0.1090-170
0.2956E-02	-0.1091-170
0.3069E-02	-0.1091-170
0.3186E-02	-0.1091-170
0.3307E-02	-0.1092-170
0.3433E-02	-0.1092-170
0.3564E-02	-0.1093-170
0.3700E-02	-0.1093-170
0.3841E-02	-0.1093-170
0.3987E-02	-0.1094-170
0.4139E-02	-0.1094-170
0.4296E-02	-0.1095-170
0.4460E-02	-0.1096-170
0.4630E-02	-0.1096-170
0.4806E-02	-0.1097-170
0.4989E-02	-0.1098-170
0.5179E-02	-0.1099-170
0.5377E-02	-0.1099-170
0.5581E-02	-0.1100-170
0.5794E-02	-0.1101-170
0.6015E-02	-0.1103-170
0.6244E-02	-0.1104-170
0.6481E-02	-0.1105-170
0.6728E-02	-0.1106-170
0.6985E-02	-0.1108-170
0.7251E-02	-0.1109-170
0.7527E-02	-0.1111-170
0.7813E-02	-0.1113-170
0.8111E-02	-0.1114-170
0.8420E-02	-0.1116-170
0.8741E-02	-0.1119-170
0.9073E-02	-0.1121-170
0.9419E-02	-0.1123-170
0.9778E-02	-0.1126-170
0.1015E-01	-0.1128-170
0.1054E-01	-0.1131-170
0.1094E-01	-0.1134-170
0.1135E-01	-0.1138-170
0.1179E-01	-0.1141-170
0.1224E-01	-0.1145-170
0.1270E-01	-0.1148-170
0.1319E-01	-0.1152-170
0.1369E-01	-0.1157-170
0.1421E-01	-0.1161-170
0.1475E-01	-0.1166-170
0.1531E-01	-0.1171-170
0.1590E-01	-0.1176-170
0.1650E-01	-0.1181-170
0.1713E-01	-0.1187-170
0.1778E-01	-0.1193-170
0.1846E-01	-0.1199-170
0.1916E-01	-0.1206-170
0.1989E-01	-0.1213-170
0.2065E-01	-0.1220-170
0.2144E-01	-0.1227-170
0.2225E-01	-0.1235-170
0.2310E-01	-0.1243-170
0.2398E-01	-0.1251-170
0.2489E-01	-0.1259-170
0.2584E-01	-0.1268-170
0.2682E-01	-0.1277-170
0.2785E-01	-0.1286-170
0.2891E-01	-0.1296-170
0.3001E-01	-0.1306-170
0.3115E-01	-0.1316-170
0.3234E-01	-0.1326-170
0.3357E-01	-0.1336-170
0.3485E-01	-0.1346-170
0.3617E-01	-0.1357-170
0.3755E-01	-0.1368-170
0.3898E-01	-0.1379-170
0.4047E-01	-0.1390-170
0.4201E-01	-0.1401-170
0.4361E-01	-0.1412-170
0.4527E-01	-0.1423-170
0.4699E-01	-0.1434-170
0.4878E-01	-0.1444-170
0.5064E-01	-0.1455-170
0.5257E-01	-0.1466-170
0.5457E-01	-0.1477-170
0.5665E-01	-0.1487-170
0.5881E-01	-0.1498-170
0.6105E-01	-0.1508-170
0.6337E-01	-0.1518-170
0.6579E-01	-0.1528-170
0.6829E-01	-0.1538-170
0.7089E-01	-0.1547-170
0.7359E-01	-0.1556-170
0.7640E-01	-0.1565-170
0.7931E-01	-0.1574-170
0.8233E-01	-0.1582-170
0.8546E-01	-0.1590-170
0.8872E-01	-0.1598-170
0.9210E-01	-0.1606-170
0.9560E-01	-0.1614-170
0.9924E-01	-0.1621-170
0.1030	-0.1628-170
0.1069	-0.1635-170
0.1110	-0.1642-170
0.1152	-0.1649-170
0.1196	-0.1655-170
0.1242	-0.1662-170
0.1289	-0.1668-170
0.1338	-0.1675-170
0.1389	-0.1681-170
0.1442	-0.1687-170
0.1497	-0.1694-170
0.1554	-0.1700-170
0.1613	-0.1707-170
0.1675	-0.1713-170
0.1739	-0.1720-170
0.1805	-0.1727-170
0.1874	-0.1734-170
0.1945	-0.1741-170
0.2019	-0.1748-170
0.2096	-0.1756-170
0.2176	-0.1763-170
0.2259	-0.1772-170
0.2345	-0.1780-170
0.2434	-0.1788-170
0.2527	-0.1797-170
0.2623	-0.1806-170
0.2723	-0.1816-170
0.2826	-0.1826-170
0.2934	-0.1836-170
0.3046	-0.1846-170
0.3162	-0.1857-170
0.3282	-0.1868-170
0.3407	-0.1880-170
0.3537	-0.1891-170
0.3672	-0.1903-170
0.3812	-0.1916-170
0.3957	-0.1928-170
0.4107	-0.1941-170
0.4264	-0.1954-170
0.4426	-0.1968-170
0.4595	-0.1982-170
0.4770	-0.1996-170
0.4952	-0.2010-170
0.5140	-0.2024-170
0.5336	-0.2039-170
0.5539	-0.2054-170
0.5750	-0.2069-170
0.5969	-0.2085-170
0.6196	-0.2100-170
0.6432	-0.2116-170
0.6677	-0.2132-170
0.6932	-0.2149-170
0.7196	-0.2166-170
0.7470	-0.2183-170
0.7754	-0.2200-170
0.8050	-0.2218-170
0.8356	-0.2236-170
0.8674	-0.2254-170
0.9005	-0.2273-170
0.9348	-0.2292-170
0.9704	-0.2312-170
1.007	-0.2332-170
1.046	-0.2353-170
1.086	-0.2374-170
1.127	-0.2396-170
1.170	-0.2419-170
1.214	-0.2442-170
1.261	-0.2466-170
1.309	-0.2491-170
1.358	-0.2516-170
1.410	-0.2544-170
1.464	-0.2571-170
1.520	-0.2600-170
1.578	-0.2629-170
1.638	-0.2659-170
1.700	-0.2693-170
1.765	-0.2725-170
1.832	-0.2760-170
1.902	-0.2795-170
1.974	-0.2833-170
2.049	-0.2872-170
2.127	-0.2914-170
2.208	-0.2958-170
2.293	-0.3005-170
2.380	-0.3055-170
2.470	-0.3109-170
2.565	-0.3167-170
2.662	-0.3236-170
2.764	-0.3305-170
2.869	-0.3380-170
2.978	-0.3463-170
3.092	-0.3553-170
3.209	-0.3652-170
3.332	-0.3761-170
3.458	-0.3833-170
3.590	-0.3959-170
3.727	-0.4097-170
3.869	-0.4248-170
4.016	-0.4413-170
4.169	-0.4591-170
4.328	-0.4784-170
4.493	-0.4991-170
4.664	-0.5213-170
4.841	-0.5448-170
5.026	-0.5734-170
5.217	-0.5997-170
5.416	-0.6271-170
5.622	-0.6556-170
5.836	-0.6850-170
6.059	-0.7153-170
6.289	-0.7462-170
6.529	-0.7776-170
6.778	-0.8094-170
7.036	-0.8416-170
7.304	0.1044E-26
7.582	0.3074E-26
7.871	0.8680E-26
8.170	0.2353E-25
8.482	0.6134E-25
8.805	0.1540E-24
9.140	0.3727E-24
9.488	0.8710E-24
9.849	0.1968E-23
10.22	0.4460E-23
10.61	0.9498E-23
11.02	0.1964E-22
11.44	0.3947E-22
11.87	0.7723E-22
12.33	0.1472E-21
12.80	0.2737E-21
13.28	0.4970E-21
13.79	0.8819E-21
14.31	0.1535E-20
14.86	0.2609E-20
15.42	0.4347E-20
16.01	0.7104E-20
16.62	0.1140E-19
17.25	0.1797E-19
17.91	0.2785E-19
18.59	0.4249E-19
19.30	0.6382E-19
20.04	0.9437E-19
20.80	0.1377E-18
21.59	0.1983E-18
22.42	0.2819E-18
23.27	0.3958E-18
24.16	0.5491E-18
25.08	0.7533E-18
26.03	0.1022E-17
27.02	0.1374E-17
28.05	0.1827E-17
29.12	0.2406E-17
30.23	0.3139E-17
31.38	0.4060E-17
32.57	0.5208E-17
33.82	0.6627E-17
35.10	0.8367E-17
36.44	0.1049E-16
37.83	0.1305E-16
39.27	0.1614E-16
40.76	0.1981E-16
42.32	0.2418E-16
43.93	0.2934E-16
45.60	0.3539E-16
47.34	0.4245E-16
49.14	0.5066E-16
51.01	0.6015E-16
52.96	0.7109E-16
54.97	0.8362E-16
57.07	0.9793E-16
59.24	0.1142E-15
61.50	0.1327E-15
63.84	0.1535E-15
66.27	0.1769E-15
68.79	0.2032E-15
71.41	0.2327E-15
74.13	0.2655E-15
76.96	0.3020E-15
79.89	0.3426E-15
82.93	0.3875E-15
86.09	0.4370E-15
89.37	0.4915E-15
92.77	0.5515E-15
96.31	0.6173E-15
99.97	0.6893E-15
103.8	0.7679E-15
107.7	0.8536E-15
111.8	0.9469E-15
116.1	0.1048E-14
120.5	0.1158E-14
125.1	0.1277E-14
129.9	0.1405E-14
134.8	0.1544E-14
140.0	0.1693E-14
145.3	0.1853E-14
150.8	0.2025E-14
156.6	0.2209E-14
162.5	0.2406E-14
168.7	0.2616E-14
175.1	0.2840E-14
181.8	0.3079E-14
188.7	0.3331E-14
195.9	0.3599E-14
203.4	0.3883E-14
211.1	0.4182E-14
219.2	0.4498E-14
227.5	0.4831E-14
236.2	0.5180E-14
245.2	0.5546E-14
254.5	0.5929E-14
264.2	0.6329E-14
274.3	0.6747E-14
284.7	0.7182E-14
295.6	0.7634E-14
306.8	0.8102E-14
318.5	0.8587E-14
330.6	0.9089E-14
343.2	0.9606E-14
356.3	0.1014E-13
369.9	0.1069E-13
384.0	0.1125E-13
398.6	0.1183E-13
413.8	0.1242E-13
429.5	0.1302E-13
445.9	0.1364E-13
462.9	0.1426E-13
480.5	0.1490E-13
498.8	0.1555E-13
517.8	0.1620E-13
537.5	0.1687E-13
558.0	0.1754E-13
579.2	0.1822E-13
601.3	0.1890E-13
624.2	0.1959E-13
648.0	0.2028E-13
672.6	0.2097E-13
698.3	0.2167E-13
724.9	0.2237E-13
752.5	0.2307E-13
781.1	0.2377E-13
810.9	0.2447E-13
841.8	0.2516E-13
873.8	0.2585E-13
907.1	0.2654E-13
941.6	0.2723E-13
977.5	0.2790E-13
1015.	0.2858E-13
1053.	0.2924E-13
1094.	0.2990E-13
1135.	0.3055E-13
1178.	0.3119E-13
1223.	0.3182E-13
1270.	0.3244E-13
1318.	0.3305E-13
1368.	0.3365E-13
1421.	0.3424E-13
1475.	0.3481E-13
1531.	0.3537E-13
1589.	0.3592E-13
1650.	0.3645E-13
1712.	0.3696E-13
1778.	0.3746E-13
1845.	0.3795E-13
1916.	0.3841E-13
1989.	0.3886E-13
2064.	0.3929E-13
2143.	0.3970E-13
2225.	0.4009E-13
2309.	0.4046E-13
2397.	0.4082E-13
2489.	0.4115E-13
2583.	0.4146E-13
2682.	0.4174E-13
2784.	0.4201E-13
2890.	0.4225E-13
3000.	0.4247E-13
 
 
C15   O2    Ionization    12.07 eV                              
E/N (Td)	Energy loss coefficient (eV m3/s)
0.1000E-02	0.000
0.1038E-02	0.000
0.1078E-02	0.000
0.1119E-02	0.000
0.1161E-02	0.000
0.1205E-02	0.000
0.1251E-02	0.000
0.1299E-02	0.000
0.1349E-02	0.000
0.1400E-02	0.000
0.1453E-02	0.000
0.1509E-02	0.000
0.1566E-02	0.000
0.1626E-02	0.000
0.1688E-02	0.000
0.1752E-02	0.000
0.1819E-02	0.000
0.1888E-02	0.000
0.1960E-02	0.000
0.2034E-02	0.000
0.2112E-02	0.000
0.2192E-02	0.000
0.2276E-02	0.000
0.2362E-02	0.000
0.2452E-02	0.000
0.2546E-02	0.000
0.2643E-02	0.000
0.2743E-02	0.000
0.2848E-02	0.000
0.2956E-02	0.000
0.3069E-02	0.000
0.3186E-02	0.000
0.3307E-02	0.000
0.3433E-02	0.000
0.3564E-02	0.000
0.3700E-02	0.000
0.3841E-02	0.000
0.3987E-02	0.000
0.4139E-02	0.000
0.4296E-02	0.000
0.4460E-02	0.000
0.4630E-02	0.000
0.4806E-02	0.000
0.4989E-02	0.000
0.5179E-02	0.000
0.5377E-02	0.000
0.5581E-02	0.000
0.5794E-02	0.000
0.6015E-02	0.000
0.6244E-02	0.000
0.6481E-02	0.000
0.6728E-02	0.000
0.6985E-02	0.000
0.7251E-02	0.000
0.7527E-02	0.000
0.7813E-02	0.000
0.8111E-02	0.000
0.8420E-02	0.000
0.8741E-02	0.000
0.9073E-02	0.000
0.9419E-02	0.000
0.9778E-02	0.000
0.1015E-01	0.000
0.1054E-01	0.000
0.1094E-01	0.000
0.1135E-01	0.000
0.1179E-01	0.000
0.1224E-01	0.000
0.1270E-01	0.000
0.1319E-01	0.000
0.1369E-01	0.000
0.1421E-01	0.000
0.1475E-01	0.000
0.1531E-01	0.000
0.1590E-01	0.000
0.1650E-01	0.000
0.1713E-01	0.000
0.1778E-01	0.000
0.1846E-01	0.000
0.1916E-01	0.000
0.1989E-01	0.000
0.2065E-01	0.000
0.2144E-01	0.000
0.2225E-01	0.000
0.2310E-01	0.000
0.2398E-01	0.000
0.2489E-01	0.000
0.2584E-01	0.000
0.2682E-01	0.000
0.2785E-01	0.000
0.2891E-01	0.000
0.3001E-01	0.000
0.3115E-01	0.000
0.3234E-01	0.000
0.3357E-01	0.000
0.3485E-01	0.000
0.3617E-01	0.000
0.3755E-01	0.000
0.3898E-01	0.000
0.4047E-01	0.000
0.4201E-01	0.000
0.4361E-01	0.000
0.4527E-01	0.000
0.4699E-01	0.000
0.4878E-01	0.000
0.5064E-01	0.000
0.5257E-01	0.000
0.5457E-01	0.000
0.5665E-01	0.000
0.5881E-01	0.000
0.6105E-01	0.000
0.6337E-01	0.000
0.6579E-01	0.000
0.6829E-01	0.000
0.7089E-01	0.000
0.7359E-01	0.000
0.7640E-01	0.000
0.7931E-01	0.000
0.8233E-01	0.000
0.8546E-01	0.000
0.8872E-01	0.000
0.9210E-01	0.000
0.9560E-01	0.000
0.9924E-01	0.000
0.1030	0.000
0.1069	0.000
0.1110	0.000
0.1152	0.000
0.1196	0.000
0.1242	0.000
0.1289	0.000
0.1338	0.000
0.1389	0.000
0.1442	0.000
0.1497	0.000
0.1554	0.000
0.1613	0.000
0.1675	0.000
0.1739	0.000
0.1805	0.000
0.1874	0.000
0.1945	0.000
0.2019	0.000
0.2096	0.000
0.2176	0.000
0.2259	0.000
0.2345	0.000
0.2434	0.000
0.2527	0.000
0.2623	0.000
0.2723	0.000
0.2826	0.000
0.2934	0.000
0.3046	0.000
0.3162	0.000
0.3282	0.000
0.3407	0.000
0.3537	0.000
0.3672	0.000
0.3812	0.000
0.3957	0.000
0.4107	0.000
0.4264	0.000
0.4426	0.000
0.4595	0.000
0.4770	0.000
0.4952	0.000
0.5140	0.000
0.5336	0.000
0.5539	0.000
0.5750	0.000
0.5969	0.000
0.6196	0.000
0.6432	0.000
0.6677	0.000
0.6932	0.000
0.7196	0.000
0.7470	0.000
0.7754	0.000
0.8050	0.000
0.8356	0.000
0.8674	0.000
0.9005	0.000
0.9348	0.000
0.9704	0.000
1.007	0.000
1.046	0.000
1.086	0.000
1.127	0.000
1.170	0.000
1.214	0.000
1.261	0.000
1.309	0.000
1.358	0.000
1.410	0.000
1.464	0.000
1.520	0.000
1.578	0.000
1.638	0.000
1.700	0.000
1.765	0.000
1.832	0.000
1.902	0.000
1.974	0.000
2.049	0.000
2.127	0.000
2.208	0.000
2.293	0.000
2.380	0.000
2.470	0.000
2.565	0.000
2.662	0.000
2.764	0.000
2.869	0.000
2.978	0.000
3.092	0.000
3.209	0.000
3.332	0.000
3.458	0.000
3.590	0.000
3.727	0.000
3.869	0.000
4.016	0.000
4.169	0.000
4.328	0.000
4.493	0.000
4.664	0.000
4.841	0.000
5.026	0.000
5.217	0.000
5.416	0.000
5.622	0.000
5.836	0.000
6.059	0.000
6.289	0.000
6.529	0.000
6.778	0.000
7.036	0.000
7.304	0.000
7.582	0.000
7.871	0.000
8.170	0.000
8.482	0.000
8.805	0.000
9.140	0.000
9.488	0.000
9.849	0.000
10.22	0.3225E-29
10.61	0.1102E-28
11.02	0.3583E-28
11.44	0.1110E-27
11.87	0.3283E-27
12.33	0.9289E-27
12.80	0.2518E-26
13.28	0.6550E-26
13.79	0.1638E-25
14.31	0.1294E-24
14.86	0.3157E-24
15.42	0.7445E-24
16.01	0.1699E-23
16.62	0.3758E-23
17.25	0.8067E-23
17.91	0.1682E-22
18.59	0.3413E-22
19.30	0.6741E-22
20.04	0.1302E-21
20.80	0.2448E-21
21.59	0.4496E-21
22.42	0.8075E-21
23.27	0.1420E-20
24.16	0.2445E-20
25.08	0.4129E-20
26.03	0.6843E-20
27.02	0.1116E-19
28.05	0.1785E-19
29.12	0.2808E-19
30.23	0.4349E-19
31.38	0.6632E-19
32.57	0.9967E-19
33.82	0.1477E-18
35.10	0.2161E-18
36.44	0.3122E-18
37.83	0.4454E-18
39.27	0.6278E-18
40.76	0.8752E-18
42.32	0.1207E-17
43.93	0.1648E-17
45.60	0.2228E-17
47.34	0.2984E-17
49.14	0.3962E-17
51.01	0.5215E-17
52.96	0.6808E-17
54.97	0.8819E-17
57.07	0.1134E-16
59.24	0.1448E-16
61.50	0.1836E-16
63.84	0.2314E-16
66.27	0.2898E-16
68.79	0.3609E-16
71.41	0.4469E-16
74.13	0.5505E-16
76.96	0.6748E-16
79.89	0.8232E-16
82.93	0.9996E-16
86.09	0.1208E-15
89.37	0.1455E-15
92.77	0.1745E-15
96.31	0.2085E-15
99.97	0.2482E-15
103.8	0.2945E-15
107.7	0.3482E-15
111.8	0.4105E-15
116.1	0.4825E-15
120.5	0.5655E-15
125.1	0.6610E-15
129.9	0.7706E-15
134.8	0.8960E-15
140.0	0.1039E-14
145.3	0.1203E-14
150.8	0.1389E-14
156.6	0.1600E-14
162.5	0.1839E-14
168.7	0.2110E-14
175.1	0.2415E-14
181.8	0.2759E-14
188.7	0.3146E-14
195.9	0.3580E-14
203.4	0.4067E-14
211.1	0.4611E-14
219.2	0.5218E-14
227.5	0.5894E-14
236.2	0.6646E-14
245.2	0.7480E-14
254.5	0.8403E-14
264.2	0.9424E-14
274.3	0.1055E-13
284.7	0.1179E-13
295.6	0.1315E-13
306.8	0.1465E-13
318.5	0.1628E-13
330.6	0.1807E-13
343.2	0.2002E-13
356.3	0.2214E-13
369.9	0.2445E-13
384.0	0.2695E-13
398.6	0.2965E-13
413.8	0.3258E-13
429.5	0.3573E-13
445.9	0.3913E-13
462.9	0.4278E-13
480.5	0.4670E-13
498.8	0.5090E-13
517.8	0.5539E-13
537.5	0.6019E-13
558.0	0.6531E-13
579.2	0.7076E-13
601.3	0.7655E-13
624.2	0.8271E-13
648.0	0.8925E-13
672.6	0.9617E-13
698.3	0.1035E-12
724.9	0.1112E-12
752.5	0.1194E-12
781.1	0.1280E-12
810.9	0.1370E-12
841.8	0.1465E-12
873.8	0.1565E-12
907.1	0.1670E-12
941.6	0.1780E-12
977.5	0.1895E-12
1015.	0.2015E-12
1053.	0.2141E-12
1094.	0.2272E-12
1135.	0.2409E-12
1178.	0.2552E-12
1223.	0.2700E-12
1270.	0.2855E-12
1318.	0.3015E-12
1368.	0.3182E-12
1421.	0.3354E-12
1475.	0.3533E-12
1531.	0.3719E-12
1589.	0.3910E-12
1650.	0.4108E-12
1712.	0.4313E-12
1778.	0.4524E-12
1845.	0.4742E-12
1916.	0.4966E-12
1989.	0.5197E-12
2064.	0.5434E-12
2143.	0.5678E-12
2225.	0.5929E-12
2309.	0.6186E-12
2397.	0.6449E-12
2489.	0.6719E-12
2583.	0.6996E-12
2682.	0.7279E-12
2784.	0.7568E-12
2890.	0.7863E-12
3000.	0.8164E-12
 
 
O2                                                              
E/N (Td)	Inelastic energy loss coefficient (eV m3/s)
0.1000E-02	0.9855E-22
0.1038E-02	0.1066E-21
0.1078E-02	0.1149E-21
0.1119E-02	0.1238E-21
0.1161E-02	0.1333E-21
0.1205E-02	0.1436E-21
0.1251E-02	0.1548E-21
0.1299E-02	0.1667E-21
0.1349E-02	0.1796E-21
0.1400E-02	0.1935E-21
0.1453E-02	0.2084E-21
0.1509E-02	0.2245E-21
0.1566E-02	0.2418E-21
0.1626E-02	0.2604E-21
0.1688E-02	0.2805E-21
0.1752E-02	0.3021E-21
0.1819E-02	0.3254E-21
0.1888E-02	0.3504E-21
0.1960E-02	0.3773E-21
0.2034E-02	0.4063E-21
0.2112E-02	0.4375E-21
0.2192E-02	0.4711E-21
0.2276E-02	0.5072E-21
0.2362E-02	0.5461E-21
0.2452E-02	0.5879E-21
0.2546E-02	0.6329E-21
0.2643E-02	0.6812E-21
0.2743E-02	0.7333E-21
0.2848E-02	0.7892E-21
0.2956E-02	0.8493E-21
0.3069E-02	0.9139E-21
0.3186E-02	0.9834E-21
0.3307E-02	0.1058E-20
0.3433E-02	0.1138E-20
0.3564E-02	0.1224E-20
0.3700E-02	0.1317E-20
0.3841E-02	0.1416E-20
0.3987E-02	0.1523E-20
0.4139E-02	0.1637E-20
0.4296E-02	0.1760E-20
0.4460E-02	0.1892E-20
0.4630E-02	0.2034E-20
0.4806E-02	0.2185E-20
0.4989E-02	0.2348E-20
0.5179E-02	0.2522E-20
0.5377E-02	0.2709E-20
0.5581E-02	0.2909E-20
0.5794E-02	0.3123E-20
0.6015E-02	0.3352E-20
0.6244E-02	0.3597E-20
0.6481E-02	0.3859E-20
0.6728E-02	0.4140E-20
0.6985E-02	0.4439E-20
0.7251E-02	0.4759E-20
0.7527E-02	0.5100E-20
0.7813E-02	0.5465E-20
0.8111E-02	0.5853E-20
0.8420E-02	0.6267E-20
0.8741E-02	0.6708E-20
0.9073E-02	0.7177E-20
0.9419E-02	0.7676E-20
0.9778E-02	0.8207E-20
0.1015E-01	0.8771E-20
0.1054E-01	0.9369E-20
0.1094E-01	0.1000E-19
0.1135E-01	0.1068E-19
0.1179E-01	0.1139E-19
0.1224E-01	0.1214E-19
0.1270E-01	0.1294E-19
0.1319E-01	0.1378E-19
0.1369E-01	0.1467E-19
0.1421E-01	0.1561E-19
0.1475E-01	0.1659E-19
0.1531E-01	0.1763E-19
0.1590E-01	0.1872E-19
0.1650E-01	0.1987E-19
0.1713E-01	0.2107E-19
0.1778E-01	0.2234E-19
0.1846E-01	0.2366E-19
0.1916E-01	0.2504E-19
0.1989E-01	0.2649E-19
0.2065E-01	0.2800E-19
0.2144E-01	0.2957E-19
0.2225E-01	0.3122E-19
0.2310E-01	0.3294E-19
0.2398E-01	0.3472E-19
0.2489E-01	0.3658E-19
0.2584E-01	0.3852E-19
0.2682E-01	0.4054E-19
0.2785E-01	0.4264E-19
0.2891E-01	0.4482E-19
0.3001E-01	0.4709E-19
0.3115E-01	0.4945E-19
0.3234E-01	0.5191E-19
0.3357E-01	0.5448E-19
0.3485E-01	0.5715E-19
0.3617E-01	0.5994E-19
0.3755E-01	0.6286E-19
0.3898E-01	0.6590E-19
0.4047E-01	0.6909E-19
0.4201E-01	0.7244E-19
0.4361E-01	0.7595E-19
0.4527E-01	0.7965E-19
0.4699E-01	0.8355E-19
0.4878E-01	0.8766E-19
0.5064E-01	0.9201E-19
0.5257E-01	0.9663E-19
0.5457E-01	0.1015E-18
0.5665E-01	0.1067E-18
0.5881E-01	0.1123E-18
0.6105E-01	0.1182E-18
0.6337E-01	0.1245E-18
0.6579E-01	0.1312E-18
0.6829E-01	0.1384E-18
0.7089E-01	0.1462E-18
0.7359E-01	0.1545E-18
0.7640E-01	0.1634E-18
0.7931E-01	0.1729E-18
0.8233E-01	0.1832E-18
0.8546E-01	0.1942E-18
0.8872E-01	0.2061E-18
0.9210E-01	0.2188E-18
0.9560E-01	0.2325E-18
0.9924E-01	0.2472E-18
0.1030	0.2631E-18
0.1069	0.2801E-18
0.1110	0.2983E-18
0.1152	0.3179E-18
0.1196	0.3389E-18
0.1242	0.3615E-18
0.1289	0.3858E-18
0.1338	0.4117E-18
0.1389	0.4396E-18
0.1442	0.4694E-18
0.1497	0.5014E-18
0.1554	0.5356E-18
0.1613	0.5722E-18
0.1675	0.6114E-18
0.1739	0.6532E-18
0.1805	0.6980E-18
0.1874	0.7457E-18
0.1945	0.7967E-18
0.2019	0.8511E-18
0.2096	0.9092E-18
0.2176	0.9710E-18
0.2259	0.1037E-17
0.2345	0.1107E-17
0.2434	0.1182E-17
0.2527	0.1261E-17
0.2623	0.1345E-17
0.2723	0.1435E-17
0.2826	0.1530E-17
0.2934	0.1631E-17
0.3046	0.1738E-17
0.3162	0.1851E-17
0.3282	0.1972E-17
0.3407	0.2099E-17
0.3537	0.2234E-17
0.3672	0.2377E-17
0.3812	0.2528E-17
0.3957	0.2689E-17
0.4107	0.2858E-17
0.4264	0.3038E-17
0.4426	0.3228E-17
0.4595	0.3429E-17
0.4770	0.3641E-17
0.4952	0.3867E-17
0.5140	0.4105E-17
0.5336	0.4357E-17
0.5539	0.4625E-17
0.5750	0.4907E-17
0.5969	0.5207E-17
0.6196	0.5525E-17
0.6432	0.5862E-17
0.6677	0.6220E-17
0.6932	0.6599E-17
0.7196	0.7004E-17
0.7470	0.7432E-17
0.7754	0.7886E-17
0.8050	0.8365E-17
0.8356	0.8877E-17
0.8674	0.9421E-17
0.9005	0.1000E-16
0.9348	0.1062E-16
0.9704	0.1127E-16
1.007	0.1196E-16
1.046	0.1270E-16
1.086	0.1349E-16
1.127	0.1432E-16
1.170	0.1520E-16
1.214	0.1616E-16
1.261	0.1716E-16
1.309	0.1822E-16
1.358	0.1935E-16
1.410	0.2043E-16
1.464	0.2169E-16
1.520	0.2303E-16
1.578	0.2445E-16
1.638	0.2595E-16
1.700	0.2756E-16
1.765	0.2925E-16
1.832	0.3103E-16
1.902	0.3292E-16
1.974	0.3492E-16
2.049	0.3717E-16
2.127	0.3939E-16
2.208	0.4173E-16
2.293	0.4419E-16
2.380	0.4679E-16
2.470	0.4951E-16
2.565	0.5237E-16
2.662	0.5597E-16
2.764	0.5915E-16
2.869	0.6248E-16
2.978	0.6594E-16
3.092	0.6955E-16
3.209	0.7330E-16
3.332	0.7720E-16
3.458	0.7998E-16
3.590	0.8412E-16
3.727	0.8841E-16
3.869	0.9283E-16
4.016	0.9740E-16
4.169	0.1021E-15
4.328	0.1070E-15
4.493	0.1120E-15
4.664	0.1172E-15
4.841	0.1226E-15
5.026	0.1285E-15
5.217	0.1343E-15
5.416	0.1404E-15
5.622	0.1466E-15
5.836	0.1532E-15
6.059	0.1602E-15
6.289	0.1675E-15
6.529	0.1752E-15
6.778	0.1834E-15
7.036	0.1921E-15
7.304	0.2020E-15
7.582	0.2118E-15
7.871	0.2224E-15
8.170	0.2338E-15
8.482	0.2459E-15
8.805	0.2590E-15
9.140	0.2731E-15
9.488	0.2882E-15
9.849	0.3045E-15
10.22	0.3224E-15
10.61	0.3413E-15
11.02	0.3617E-15
11.44	0.3836E-15
11.87	0.4072E-15
12.33	0.4326E-15
12.80	0.4600E-15
13.28	0.4895E-15
13.79	0.5212E-15
14.31	0.5556E-15
14.86	0.5923E-15
15.42	0.6318E-15
16.01	0.6742E-15
16.62	0.7197E-15
17.25	0.7686E-15
17.91	0.8211E-15
18.59	0.8774E-15
19.30	0.9378E-15
20.04	0.1001E-14
20.80	0.1071E-14
21.59	0.1145E-14
22.42	0.1225E-14
23.27	0.1310E-14
24.16	0.1401E-14
25.08	0.1499E-14
26.03	0.1604E-14
27.02	0.1717E-14
28.05	0.1837E-14
29.12	0.1966E-14
30.23	0.2103E-14
31.38	0.2250E-14
32.57	0.2407E-14
33.82	0.2574E-14
35.10	0.2754E-14
36.44	0.2946E-14
37.83	0.3151E-14
39.27	0.3370E-14
40.76	0.3604E-14
42.32	0.3853E-14
43.93	0.4120E-14
45.60	0.4405E-14
47.34	0.4709E-14
49.14	0.5033E-14
51.01	0.5380E-14
52.96	0.5749E-14
54.97	0.6144E-14
57.07	0.6565E-14
59.24	0.7014E-14
61.50	0.7492E-14
63.84	0.8002E-14
66.27	0.8546E-14
68.79	0.9126E-14
71.41	0.9744E-14
74.13	0.1040E-13
76.96	0.1110E-13
79.89	0.1185E-13
82.93	0.1265E-13
86.09	0.1349E-13
89.37	0.1439E-13
92.77	0.1535E-13
96.31	0.1637E-13
99.97	0.1745E-13
103.8	0.1861E-13
107.7	0.1983E-13
111.8	0.2113E-13
116.1	0.2251E-13
120.5	0.2398E-13
125.1	0.2553E-13
129.9	0.2718E-13
134.8	0.2893E-13
140.0	0.3079E-13
145.3	0.3275E-13
150.8	0.3483E-13
156.6	0.3703E-13
162.5	0.3936E-13
168.7	0.4183E-13
175.1	0.4443E-13
181.8	0.4718E-13
188.7	0.5008E-13
195.9	0.5314E-13
203.4	0.5636E-13
211.1	0.5976E-13
219.2	0.6334E-13
227.5	0.6710E-13
236.2	0.7106E-13
245.2	0.7521E-13
254.5	0.7957E-13
264.2	0.8415E-13
274.3	0.8895E-13
284.7	0.9397E-13
295.6	0.9923E-13
306.8	0.1047E-12
318.5	0.1105E-12
330.6	0.1165E-12
343.2	0.1227E-12
356.3	0.1292E-12
369.9	0.1360E-12
384.0	0.1431E-12
398.6	0.1505E-12
413.8	0.1581E-12
429.5	0.1661E-12
445.9	0.1743E-12
462.9	0.1829E-12
480.5	0.1918E-12
498.8	0.2010E-12
517.8	0.2106E-12
537.5	0.2205E-12
558.0	0.2307E-12
579.2	0.2413E-12
601.3	0.2522E-12
624.2	0.2635E-12
648.0	0.2753E-12
672.6	0.2873E-12
698.3	0.2998E-12
724.9	0.3126E-12
752.5	0.3259E-12
781.1	0.3396E-12
810.9	0.3537E-12
841.8	0.3682E-12
873.8	0.3832E-12
907.1	0.3986E-12
941.6	0.4144E-12
977.5	0.4308E-12
1015.	0.4476E-12
1053.	0.4648E-12
1094.	0.4826E-12
1135.	0.5008E-12
1178.	0.5195E-12
1223.	0.5387E-12
1270.	0.5585E-12
1318.	0.5787E-12
1368.	0.5995E-12
1421.	0.6208E-12
1475.	0.6426E-12
1531.	0.6650E-12
1589.	0.6878E-12
1650.	0.7113E-12
1712.	0.7352E-12
1778.	0.7597E-12
1845.	0.7847E-12
1916.	0.8103E-12
1989.	0.8364E-12
2064.	0.8631E-12
2143.	0.8902E-12
2225.	0.9180E-12
2309.	0.9462E-12
2397.	0.9749E-12
2489.	0.1004E-11
2583.	0.1034E-11
2682.	0.1064E-11
2784.	0.1095E-11
2890.	0.1126E-11
3000.	0.1158E-11
 
 
