BOLSIG+ version: 03/2016
Collision input data:
--------------------------------------------------
C2H2F4                                                          
collisions.txt
 
 
 
Angular frequency / N (m3/s)               0.000    
Cosine of E-B field angle                  0.000    
Gas temperature (K)                        300.0    
Excitation temperature (K)                 300.0    
Transition energy (eV)                     0.000    
Ionization degree                          0.000    
Plasma density (1/m3)                     0.1000E+19
Ion charge parameter                       1.000    
Ion/neutral mass ratio                     1.000    
e-e momentum effects                       1.000    
Energy sharing                             1.000    
Growth model                               1.000    
Maxwellian mean energy (eV)                0.000    
# of grid points                           200.0    
Precision                                 0.1000E-09
Convergence                               0.1000E-03
Maximum # of iterations                    5000.    
Mole fraction C2H2F4                       1.000    
 
 
E/N (Td)    	Electric field / N (Td)                                         
0.1000E-02	0.1000E-02
0.1038E-02	0.1038E-02
0.1078E-02	0.1078E-02
0.1119E-02	0.1119E-02
0.1161E-02	0.1161E-02
0.1205E-02	0.1205E-02
0.1251E-02	0.1251E-02
0.1299E-02	0.1299E-02
0.1349E-02	0.1349E-02
0.1400E-02	0.1400E-02
0.1453E-02	0.1453E-02
0.1509E-02	0.1509E-02
0.1566E-02	0.1566E-02
0.1626E-02	0.1626E-02
0.1688E-02	0.1688E-02
0.1752E-02	0.1752E-02
0.1819E-02	0.1819E-02
0.1888E-02	0.1888E-02
0.1960E-02	0.1960E-02
0.2034E-02	0.2034E-02
0.2112E-02	0.2112E-02
0.2192E-02	0.2192E-02
0.2276E-02	0.2276E-02
0.2362E-02	0.2362E-02
0.2452E-02	0.2452E-02
0.2546E-02	0.2546E-02
0.2643E-02	0.2643E-02
0.2743E-02	0.2743E-02
0.2848E-02	0.2848E-02
0.2956E-02	0.2956E-02
0.3069E-02	0.3069E-02
0.3186E-02	0.3186E-02
0.3307E-02	0.3307E-02
0.3433E-02	0.3433E-02
0.3564E-02	0.3564E-02
0.3700E-02	0.3700E-02
0.3841E-02	0.3841E-02
0.3987E-02	0.3987E-02
0.4139E-02	0.4139E-02
0.4296E-02	0.4296E-02
0.4460E-02	0.4460E-02
0.4630E-02	0.4630E-02
0.4806E-02	0.4806E-02
0.4989E-02	0.4989E-02
0.5179E-02	0.5179E-02
0.5377E-02	0.5377E-02
0.5581E-02	0.5581E-02
0.5794E-02	0.5794E-02
0.6015E-02	0.6015E-02
0.6244E-02	0.6244E-02
0.6481E-02	0.6481E-02
0.6728E-02	0.6728E-02
0.6985E-02	0.6985E-02
0.7251E-02	0.7251E-02
0.7527E-02	0.7527E-02
0.7813E-02	0.7813E-02
0.8111E-02	0.8111E-02
0.8420E-02	0.8420E-02
0.8741E-02	0.8741E-02
0.9073E-02	0.9073E-02
0.9419E-02	0.9419E-02
0.9778E-02	0.9778E-02
0.1015E-01	0.1015E-01
0.1054E-01	0.1054E-01
0.1094E-01	0.1094E-01
0.1135E-01	0.1135E-01
0.1179E-01	0.1179E-01
0.1224E-01	0.1224E-01
0.1270E-01	0.1270E-01
0.1319E-01	0.1319E-01
0.1369E-01	0.1369E-01
0.1421E-01	0.1421E-01
0.1475E-01	0.1475E-01
0.1531E-01	0.1531E-01
0.1590E-01	0.1590E-01
0.1650E-01	0.1650E-01
0.1713E-01	0.1713E-01
0.1778E-01	0.1778E-01
0.1846E-01	0.1846E-01
0.1916E-01	0.1916E-01
0.1989E-01	0.1989E-01
0.2065E-01	0.2065E-01
0.2144E-01	0.2144E-01
0.2225E-01	0.2225E-01
0.2310E-01	0.2310E-01
0.2398E-01	0.2398E-01
0.2489E-01	0.2489E-01
0.2584E-01	0.2584E-01
0.2682E-01	0.2682E-01
0.2785E-01	0.2785E-01
0.2891E-01	0.2891E-01
0.3001E-01	0.3001E-01
0.3115E-01	0.3115E-01
0.3234E-01	0.3234E-01
0.3357E-01	0.3357E-01
0.3485E-01	0.3485E-01
0.3617E-01	0.3617E-01
0.3755E-01	0.3755E-01
0.3898E-01	0.3898E-01
0.4047E-01	0.4047E-01
0.4201E-01	0.4201E-01
0.4361E-01	0.4361E-01
0.4527E-01	0.4527E-01
0.4699E-01	0.4699E-01
0.4878E-01	0.4878E-01
0.5064E-01	0.5064E-01
0.5257E-01	0.5257E-01
0.5457E-01	0.5457E-01
0.5665E-01	0.5665E-01
0.5881E-01	0.5881E-01
0.6105E-01	0.6105E-01
0.6337E-01	0.6337E-01
0.6579E-01	0.6579E-01
0.6829E-01	0.6829E-01
0.7089E-01	0.7089E-01
0.7359E-01	0.7359E-01
0.7640E-01	0.7640E-01
0.7931E-01	0.7931E-01
0.8233E-01	0.8233E-01
0.8546E-01	0.8546E-01
0.8872E-01	0.8872E-01
0.9210E-01	0.9210E-01
0.9560E-01	0.9560E-01
0.9924E-01	0.9924E-01
0.1030	0.1030
0.1069	0.1069
0.1110	0.1110
0.1152	0.1152
0.1196	0.1196
0.1242	0.1242
0.1289	0.1289
0.1338	0.1338
0.1389	0.1389
0.1442	0.1442
0.1497	0.1497
0.1554	0.1554
0.1613	0.1613
0.1675	0.1675
0.1739	0.1739
0.1805	0.1805
0.1874	0.1874
0.1945	0.1945
0.2019	0.2019
0.2096	0.2096
0.2176	0.2176
0.2259	0.2259
0.2345	0.2345
0.2434	0.2434
0.2527	0.2527
0.2623	0.2623
0.2723	0.2723
0.2826	0.2826
0.2934	0.2934
0.3046	0.3046
0.3162	0.3162
0.3282	0.3282
0.3407	0.3407
0.3537	0.3537
0.3672	0.3672
0.3812	0.3812
0.3957	0.3957
0.4107	0.4107
0.4264	0.4264
0.4426	0.4426
0.4595	0.4595
0.4770	0.4770
0.4952	0.4952
0.5140	0.5140
0.5336	0.5336
0.5539	0.5539
0.5750	0.5750
0.5969	0.5969
0.6196	0.6196
0.6432	0.6432
0.6677	0.6677
0.6932	0.6932
0.7196	0.7196
0.7470	0.7470
0.7754	0.7754
0.8050	0.8050
0.8356	0.8356
0.8674	0.8674
0.9005	0.9005
0.9348	0.9348
0.9704	0.9704
1.007	1.007
1.046	1.046
1.086	1.086
1.127	1.127
1.170	1.170
1.214	1.214
1.261	1.261
1.309	1.309
1.358	1.358
1.410	1.410
1.464	1.464
1.520	1.520
1.578	1.578
1.638	1.638
1.700	1.700
1.765	1.765
1.832	1.832
1.902	1.902
1.974	1.974
2.049	2.049
2.127	2.127
2.208	2.208
2.293	2.293
2.380	2.380
2.470	2.470
2.565	2.565
2.662	2.662
2.764	2.764
2.869	2.869
2.978	2.978
3.092	3.092
3.209	3.209
3.332	3.332
3.458	3.458
3.590	3.590
3.727	3.727
3.869	3.869
4.016	4.016
4.169	4.169
4.328	4.328
4.493	4.493
4.664	4.664
4.841	4.841
5.026	5.026
5.217	5.217
5.416	5.416
5.622	5.622
5.836	5.836
6.059	6.059
6.289	6.289
6.529	6.529
6.778	6.778
7.036	7.036
7.304	7.304
7.582	7.582
7.871	7.871
8.170	8.170
8.482	8.482
8.805	8.805
9.140	9.140
9.488	9.488
9.849	9.849
10.22	10.22
10.61	10.61
11.02	11.02
11.44	11.44
11.87	11.87
12.33	12.33
12.80	12.80
13.28	13.28
13.79	13.79
14.31	14.31
14.86	14.86
15.42	15.42
16.01	16.01
16.62	16.62
17.25	17.25
17.91	17.91
18.59	18.59
19.30	19.30
20.04	20.04
20.80	20.80
21.59	21.59
22.42	22.42
23.27	23.27
24.16	24.16
25.08	25.08
26.03	26.03
27.02	27.02
28.05	28.05
29.12	29.12
30.23	30.23
31.38	31.38
32.57	32.57
33.82	33.82
35.10	35.10
36.44	36.44
37.83	37.83
39.27	39.27
40.76	40.76
42.32	42.32
43.93	43.93
45.60	45.60
47.34	47.34
49.14	49.14
51.01	51.01
52.96	52.96
54.97	54.97
57.07	57.07
59.24	59.24
61.50	61.50
63.84	63.84
66.27	66.27
68.79	68.79
71.41	71.41
74.13	74.13
76.96	76.96
79.89	79.89
82.93	82.93
86.09	86.09
89.37	89.37
92.77	92.77
96.31	96.31
99.97	99.97
103.8	103.8
107.7	107.7
111.8	111.8
116.1	116.1
120.5	120.5
125.1	125.1
129.9	129.9
134.8	134.8
140.0	140.0
145.3	145.3
150.8	150.8
156.6	156.6
162.5	162.5
168.7	168.7
175.1	175.1
181.8	181.8
188.7	188.7
195.9	195.9
203.4	203.4
211.1	211.1
219.2	219.2
227.5	227.5
236.2	236.2
245.2	245.2
254.5	254.5
264.2	264.2
274.3	274.3
284.7	284.7
295.6	295.6
306.8	306.8
318.5	318.5
330.6	330.6
343.2	343.2
356.3	356.3
369.9	369.9
384.0	384.0
398.6	398.6
413.8	413.8
429.5	429.5
445.9	445.9
462.9	462.9
480.5	480.5
498.8	498.8
517.8	517.8
537.5	537.5
558.0	558.0
579.2	579.2
601.3	601.3
624.2	624.2
648.0	648.0
672.6	672.6
698.3	698.3
724.9	724.9
752.5	752.5
781.1	781.1
810.9	810.9
841.8	841.8
873.8	873.8
907.1	907.1
941.6	941.6
977.5	977.5
1015.	1015.
1053.	1053.
1094.	1094.
1135.	1135.
1178.	1178.
1223.	1223.
1270.	1270.
1318.	1318.
1368.	1368.
1421.	1421.
1475.	1475.
1531.	1531.
1589.	1589.
1650.	1650.
1712.	1712.
1778.	1778.
1845.	1845.
1916.	1916.
1989.	1989.
2064.	2064.
2143.	2143.
2225.	2225.
2309.	2309.
2397.	2397.
2489.	2489.
2583.	2583.
2682.	2682.
2784.	2784.
2890.	2890.
3000.	3000.
 
 
E/N (Td)    	Grid type                                                       
0.1000E-02	2.000
0.1038E-02	3.000
0.1078E-02	3.000
0.1119E-02	3.000
0.1161E-02	3.000
0.1205E-02	3.000
0.1251E-02	3.000
0.1299E-02	3.000
0.1349E-02	3.000
0.1400E-02	3.000
0.1453E-02	3.000
0.1509E-02	3.000
0.1566E-02	3.000
0.1626E-02	3.000
0.1688E-02	3.000
0.1752E-02	3.000
0.1819E-02	3.000
0.1888E-02	3.000
0.1960E-02	3.000
0.2034E-02	3.000
0.2112E-02	3.000
0.2192E-02	3.000
0.2276E-02	3.000
0.2362E-02	3.000
0.2452E-02	3.000
0.2546E-02	3.000
0.2643E-02	3.000
0.2743E-02	3.000
0.2848E-02	3.000
0.2956E-02	3.000
0.3069E-02	3.000
0.3186E-02	3.000
0.3307E-02	3.000
0.3433E-02	3.000
0.3564E-02	3.000
0.3700E-02	3.000
0.3841E-02	3.000
0.3987E-02	3.000
0.4139E-02	3.000
0.4296E-02	3.000
0.4460E-02	3.000
0.4630E-02	3.000
0.4806E-02	3.000
0.4989E-02	3.000
0.5179E-02	3.000
0.5377E-02	3.000
0.5581E-02	3.000
0.5794E-02	3.000
0.6015E-02	3.000
0.6244E-02	3.000
0.6481E-02	3.000
0.6728E-02	3.000
0.6985E-02	3.000
0.7251E-02	3.000
0.7527E-02	3.000
0.7813E-02	3.000
0.8111E-02	3.000
0.8420E-02	3.000
0.8741E-02	3.000
0.9073E-02	3.000
0.9419E-02	3.000
0.9778E-02	3.000
0.1015E-01	3.000
0.1054E-01	3.000
0.1094E-01	3.000
0.1135E-01	3.000
0.1179E-01	3.000
0.1224E-01	3.000
0.1270E-01	3.000
0.1319E-01	3.000
0.1369E-01	3.000
0.1421E-01	3.000
0.1475E-01	3.000
0.1531E-01	3.000
0.1590E-01	3.000
0.1650E-01	3.000
0.1713E-01	3.000
0.1778E-01	3.000
0.1846E-01	3.000
0.1916E-01	3.000
0.1989E-01	3.000
0.2065E-01	3.000
0.2144E-01	3.000
0.2225E-01	3.000
0.2310E-01	3.000
0.2398E-01	3.000
0.2489E-01	3.000
0.2584E-01	3.000
0.2682E-01	3.000
0.2785E-01	3.000
0.2891E-01	3.000
0.3001E-01	3.000
0.3115E-01	3.000
0.3234E-01	3.000
0.3357E-01	3.000
0.3485E-01	3.000
0.3617E-01	3.000
0.3755E-01	3.000
0.3898E-01	3.000
0.4047E-01	3.000
0.4201E-01	3.000
0.4361E-01	3.000
0.4527E-01	3.000
0.4699E-01	3.000
0.4878E-01	3.000
0.5064E-01	3.000
0.5257E-01	3.000
0.5457E-01	3.000
0.5665E-01	3.000
0.5881E-01	3.000
0.6105E-01	3.000
0.6337E-01	3.000
0.6579E-01	3.000
0.6829E-01	3.000
0.7089E-01	3.000
0.7359E-01	3.000
0.7640E-01	3.000
0.7931E-01	3.000
0.8233E-01	3.000
0.8546E-01	3.000
0.8872E-01	3.000
0.9210E-01	3.000
0.9560E-01	3.000
0.9924E-01	3.000
0.1030	3.000
0.1069	3.000
0.1110	3.000
0.1152	3.000
0.1196	3.000
0.1242	3.000
0.1289	3.000
0.1338	3.000
0.1389	3.000
0.1442	3.000
0.1497	3.000
0.1554	3.000
0.1613	3.000
0.1675	3.000
0.1739	3.000
0.1805	3.000
0.1874	3.000
0.1945	3.000
0.2019	3.000
0.2096	3.000
0.2176	3.000
0.2259	3.000
0.2345	3.000
0.2434	3.000
0.2527	3.000
0.2623	3.000
0.2723	3.000
0.2826	3.000
0.2934	3.000
0.3046	3.000
0.3162	3.000
0.3282	3.000
0.3407	3.000
0.3537	3.000
0.3672	3.000
0.3812	3.000
0.3957	3.000
0.4107	3.000
0.4264	3.000
0.4426	3.000
0.4595	3.000
0.4770	3.000
0.4952	3.000
0.5140	3.000
0.5336	3.000
0.5539	3.000
0.5750	3.000
0.5969	3.000
0.6196	3.000
0.6432	3.000
0.6677	3.000
0.6932	3.000
0.7196	3.000
0.7470	3.000
0.7754	3.000
0.8050	3.000
0.8356	3.000
0.8674	3.000
0.9005	3.000
0.9348	3.000
0.9704	3.000
1.007	3.000
1.046	3.000
1.086	3.000
1.127	3.000
1.170	3.000
1.214	3.000
1.261	3.000
1.309	3.000
1.358	3.000
1.410	3.000
1.464	3.000
1.520	3.000
1.578	3.000
1.638	3.000
1.700	3.000
1.765	3.000
1.832	3.000
1.902	3.000
1.974	3.000
2.049	3.000
2.127	3.000
2.208	3.000
2.293	3.000
2.380	3.000
2.470	3.000
2.565	3.000
2.662	3.000
2.764	3.000
2.869	3.000
2.978	3.000
3.092	3.000
3.209	3.000
3.332	3.000
3.458	3.000
3.590	3.000
3.727	3.000
3.869	3.000
4.016	3.000
4.169	3.000
4.328	3.000
4.493	3.000
4.664	3.000
4.841	3.000
5.026	3.000
5.217	3.000
5.416	3.000
5.622	3.000
5.836	3.000
6.059	3.000
6.289	3.000
6.529	3.000
6.778	3.000
7.036	3.000
7.304	3.000
7.582	3.000
7.871	3.000
8.170	3.000
8.482	3.000
8.805	3.000
9.140	3.000
9.488	3.000
9.849	3.000
10.22	3.000
10.61	3.000
11.02	3.000
11.44	3.000
11.87	3.000
12.33	3.000
12.80	3.000
13.28	3.000
13.79	3.000
14.31	3.000
14.86	3.000
15.42	3.000
16.01	3.000
16.62	3.000
17.25	3.000
17.91	3.000
18.59	3.000
19.30	3.000
20.04	3.000
20.80	3.000
21.59	3.000
22.42	3.000
23.27	3.000
24.16	3.000
25.08	3.000
26.03	3.000
27.02	3.000
28.05	3.000
29.12	3.000
30.23	3.000
31.38	3.000
32.57	3.000
33.82	3.000
35.10	3.000
36.44	3.000
37.83	3.000
39.27	3.000
40.76	3.000
42.32	3.000
43.93	3.000
45.60	3.000
47.34	3.000
49.14	3.000
51.01	3.000
52.96	3.000
54.97	3.000
57.07	3.000
59.24	3.000
61.50	3.000
63.84	3.000
66.27	3.000
68.79	3.000
71.41	3.000
74.13	3.000
76.96	3.000
79.89	3.000
82.93	3.000
86.09	3.000
89.37	3.000
92.77	3.000
96.31	3.000
99.97	3.000
103.8	3.000
107.7	3.000
111.8	3.000
116.1	3.000
120.5	3.000
125.1	3.000
129.9	3.000
134.8	3.000
140.0	3.000
145.3	3.000
150.8	3.000
156.6	3.000
162.5	3.000
168.7	3.000
175.1	3.000
181.8	3.000
188.7	3.000
195.9	3.000
203.4	3.000
211.1	3.000
219.2	3.000
227.5	3.000
236.2	3.000
245.2	3.000
254.5	3.000
264.2	3.000
274.3	3.000
284.7	3.000
295.6	3.000
306.8	3.000
318.5	3.000
330.6	3.000
343.2	3.000
356.3	3.000
369.9	3.000
384.0	3.000
398.6	3.000
413.8	3.000
429.5	3.000
445.9	3.000
462.9	3.000
480.5	3.000
498.8	3.000
517.8	3.000
537.5	3.000
558.0	3.000
579.2	3.000
601.3	3.000
624.2	3.000
648.0	3.000
672.6	3.000
698.3	3.000
724.9	3.000
752.5	3.000
781.1	3.000
810.9	3.000
841.8	3.000
873.8	3.000
907.1	3.000
941.6	3.000
977.5	3.000
1015.	3.000
1053.	3.000
1094.	3.000
1135.	3.000
1178.	3.000
1223.	3.000
1270.	3.000
1318.	3.000
1368.	3.000
1421.	3.000
1475.	3.000
1531.	3.000
1589.	3.000
1650.	3.000
1712.	3.000
1778.	3.000
1845.	3.000
1916.	3.000
1989.	3.000
2064.	3.000
2143.	3.000
2225.	3.000
2309.	3.000
2397.	3.000
2489.	3.000
2583.	3.000
2682.	3.000
2784.	3.000
2890.	3.000
3000.	3.000
 
 
E/N (Td)    	Maximum energy                                                  
0.1000E-02	2000.
0.1038E-02	0.7500
0.1078E-02	0.7500
0.1119E-02	0.7500
0.1161E-02	0.7500
0.1205E-02	0.7500
0.1251E-02	0.7500
0.1299E-02	0.7500
0.1349E-02	0.7500
0.1400E-02	0.7500
0.1453E-02	0.7500
0.1509E-02	0.7500
0.1566E-02	0.7500
0.1626E-02	0.7500
0.1688E-02	0.7500
0.1752E-02	0.7500
0.1819E-02	0.7500
0.1888E-02	0.7500
0.1960E-02	0.7500
0.2034E-02	0.7500
0.2112E-02	0.7500
0.2192E-02	0.7500
0.2276E-02	0.7500
0.2362E-02	0.7500
0.2452E-02	0.7500
0.2546E-02	0.7500
0.2643E-02	0.7500
0.2743E-02	0.7500
0.2848E-02	0.7500
0.2956E-02	0.7500
0.3069E-02	0.7500
0.3186E-02	0.7500
0.3307E-02	0.7500
0.3433E-02	0.7500
0.3564E-02	0.7500
0.3700E-02	0.7500
0.3841E-02	0.7500
0.3987E-02	0.7500
0.4139E-02	0.7500
0.4296E-02	0.7500
0.4460E-02	0.7500
0.4630E-02	0.7500
0.4806E-02	0.7500
0.4989E-02	0.7500
0.5179E-02	0.7500
0.5377E-02	0.7500
0.5581E-02	0.7500
0.5794E-02	0.7500
0.6015E-02	0.7500
0.6244E-02	0.7500
0.6481E-02	0.7500
0.6728E-02	0.7500
0.6985E-02	0.7500
0.7251E-02	0.7500
0.7527E-02	0.7500
0.7813E-02	0.7500
0.8111E-02	0.7500
0.8420E-02	0.7500
0.8741E-02	0.7500
0.9073E-02	0.7500
0.9419E-02	0.7500
0.9778E-02	0.7500
0.1015E-01	0.7500
0.1054E-01	0.7500
0.1094E-01	0.7500
0.1135E-01	0.7500
0.1179E-01	0.7500
0.1224E-01	0.7500
0.1270E-01	0.7500
0.1319E-01	0.7500
0.1369E-01	0.7500
0.1421E-01	0.7500
0.1475E-01	0.7500
0.1531E-01	0.7500
0.1590E-01	0.7500
0.1650E-01	0.7500
0.1713E-01	0.7500
0.1778E-01	0.7500
0.1846E-01	0.7500
0.1916E-01	0.7500
0.1989E-01	0.7500
0.2065E-01	0.7500
0.2144E-01	0.7500
0.2225E-01	0.7500
0.2310E-01	0.7500
0.2398E-01	0.7500
0.2489E-01	0.7500
0.2584E-01	0.7500
0.2682E-01	0.7500
0.2785E-01	0.7500
0.2891E-01	0.7500
0.3001E-01	0.7500
0.3115E-01	0.7500
0.3234E-01	0.7500
0.3357E-01	0.7500
0.3485E-01	0.7500
0.3617E-01	0.7500
0.3755E-01	0.7500
0.3898E-01	0.7500
0.4047E-01	0.7500
0.4201E-01	0.7500
0.4361E-01	0.7500
0.4527E-01	0.7500
0.4699E-01	0.7500
0.4878E-01	0.7500
0.5064E-01	0.7500
0.5257E-01	0.7500
0.5457E-01	0.7500
0.5665E-01	0.7500
0.5881E-01	0.7500
0.6105E-01	0.7500
0.6337E-01	0.7500
0.6579E-01	0.7500
0.6829E-01	0.7500
0.7089E-01	0.7500
0.7359E-01	0.7500
0.7640E-01	0.7500
0.7931E-01	0.7500
0.8233E-01	0.7500
0.8546E-01	0.7500
0.8872E-01	0.7500
0.9210E-01	0.7500
0.9560E-01	0.7500
0.9924E-01	0.7500
0.1030	0.7500
0.1069	0.7500
0.1110	0.7500
0.1152	0.7500
0.1196	0.7500
0.1242	0.7500
0.1289	0.7500
0.1338	0.7500
0.1389	0.7500
0.1442	0.7500
0.1497	0.7500
0.1554	0.7500
0.1613	0.7500
0.1675	0.7500
0.1739	0.7500
0.1805	0.7500
0.1874	0.7500
0.1945	0.7500
0.2019	0.7500
0.2096	0.7500
0.2176	0.7500
0.2259	0.7500
0.2345	0.7500
0.2434	0.7500
0.2527	0.7500
0.2623	0.7500
0.2723	0.7500
0.2826	0.7500
0.2934	0.7500
0.3046	0.7500
0.3162	0.7500
0.3282	0.7500
0.3407	0.7500
0.3537	0.7500
0.3672	0.7500
0.3812	0.7500
0.3957	0.7500
0.4107	0.7500
0.4264	0.7500
0.4426	0.7500
0.4595	0.7500
0.4770	0.7500
0.4952	0.7500
0.5140	0.7500
0.5336	0.7500
0.5539	0.7500
0.5750	0.7500
0.5969	0.7500
0.6196	0.7500
0.6432	0.7500
0.6677	0.7500
0.6932	0.7500
0.7196	0.7500
0.7470	0.7500
0.7754	0.7500
0.8050	0.7500
0.8356	0.7500
0.8674	0.7500
0.9005	0.7500
0.9348	0.7500
0.9704	0.7500
1.007	0.7500
1.046	0.7500
1.086	0.7500
1.127	0.7500
1.170	0.7500
1.214	0.7500
1.261	0.7500
1.309	0.7500
1.358	0.7500
1.410	0.7500
1.464	0.7500
1.520	0.7500
1.578	0.7500
1.638	0.7500
1.700	0.7500
1.765	0.7500
1.832	0.7500
1.902	0.7500
1.974	0.7500
2.049	0.7500
2.127	0.7500
2.208	0.7500
2.293	0.7500
2.380	0.7500
2.470	0.7500
2.565	0.7500
2.662	0.7500
2.764	0.7500
2.869	0.7500
2.978	0.7500
3.092	0.7500
3.209	0.7500
3.332	0.7500
3.458	0.7500
3.590	0.7500
3.727	0.7500
3.869	0.7500
4.016	0.7500
4.169	0.7500
4.328	0.7500
4.493	0.7500
4.664	0.7500
4.841	0.7500
5.026	0.7500
5.217	0.7500
5.416	0.7500
5.622	0.7500
5.836	0.7500
6.059	0.7500
6.289	0.7500
6.529	0.7500
6.778	0.7500
7.036	0.7500
7.304	0.7500
7.582	0.7500
7.871	0.7500
8.170	0.7500
8.482	0.7500
8.805	0.7500
9.140	0.8933
9.488	0.8933
9.849	0.8933
10.22	0.8933
10.61	0.8933
11.02	0.8933
11.44	0.8933
11.87	1.064
12.33	1.064
12.80	1.064
13.28	1.064
13.79	1.064
14.31	1.267
14.86	1.267
15.42	1.267
16.01	1.509
16.62	1.509
17.25	1.509
17.91	1.797
18.59	1.797
19.30	2.141
20.04	2.141
20.80	2.549
21.59	2.549
22.42	2.549
23.27	3.036
24.16	3.036
25.08	3.036
26.03	3.036
27.02	3.616
28.05	3.616
29.12	3.616
30.23	4.307
31.38	4.307
32.57	4.307
33.82	5.130
35.10	5.130
36.44	6.109
37.83	6.109
39.27	6.109
40.76	7.276
42.32	7.276
43.93	7.276
45.60	8.666
47.34	8.666
49.14	8.666
51.01	10.32
52.96	10.32
54.97	10.32
57.07	12.29
59.24	12.29
61.50	14.62
63.84	14.62
66.27	17.37
68.79	17.37
71.41	20.62
74.13	20.62
76.96	20.62
79.89	20.62
82.93	24.46
86.09	24.46
89.37	24.46
92.77	24.46
96.31	24.46
99.97	24.46
103.8	29.01
107.7	29.01
111.8	29.01
116.1	29.01
120.5	29.01
125.1	29.01
129.9	34.38
134.8	34.38
140.0	34.38
145.3	34.38
150.8	34.38
156.6	34.38
162.5	34.38
168.7	40.72
175.1	40.72
181.8	40.72
188.7	40.72
195.9	40.72
203.4	40.72
211.1	40.72
219.2	48.23
227.5	48.23
236.2	48.23
245.2	48.23
254.5	48.23
264.2	48.23
274.3	48.23
284.7	57.10
295.6	57.10
306.8	57.10
318.5	57.10
330.6	57.10
343.2	57.10
356.3	57.10
369.9	67.58
384.0	67.58
398.6	67.58
413.8	67.58
429.5	67.58
445.9	67.58
462.9	67.58
480.5	79.98
498.8	79.98
517.8	79.98
537.5	79.98
558.0	79.98
579.2	79.98
601.3	94.63
624.2	94.63
648.0	94.63
672.6	94.63
698.3	94.63
724.9	94.63
752.5	111.9
781.1	111.9
810.9	111.9
841.8	111.9
873.8	111.9
907.1	111.9
941.6	132.4
977.5	132.4
1015.	132.4
1053.	132.4
1094.	132.4
1135.	156.6
1178.	156.6
1223.	156.6
1270.	156.6
1318.	185.2
1368.	185.2
1421.	185.2
1475.	185.2
1531.	185.2
1589.	219.0
1650.	219.0
1712.	219.0
1778.	219.0
1845.	259.0
1916.	259.0
1989.	259.0
2064.	259.0
2143.	306.3
2225.	306.3
2309.	306.3
2397.	306.3
2489.	362.1
2583.	362.1
2682.	362.1
2784.	362.1
2890.	428.1
3000.	428.1
 
 
E/N (Td)	Mean energy (eV)
0.1000E-02	0.3878E-01
0.1038E-02	0.3878E-01
0.1078E-02	0.3878E-01
0.1119E-02	0.3878E-01
0.1161E-02	0.3878E-01
0.1205E-02	0.3878E-01
0.1251E-02	0.3878E-01
0.1299E-02	0.3878E-01
0.1349E-02	0.3878E-01
0.1400E-02	0.3878E-01
0.1453E-02	0.3878E-01
0.1509E-02	0.3878E-01
0.1566E-02	0.3878E-01
0.1626E-02	0.3878E-01
0.1688E-02	0.3878E-01
0.1752E-02	0.3878E-01
0.1819E-02	0.3878E-01
0.1888E-02	0.3878E-01
0.1960E-02	0.3878E-01
0.2034E-02	0.3878E-01
0.2112E-02	0.3878E-01
0.2192E-02	0.3878E-01
0.2276E-02	0.3878E-01
0.2362E-02	0.3878E-01
0.2452E-02	0.3878E-01
0.2546E-02	0.3878E-01
0.2643E-02	0.3878E-01
0.2743E-02	0.3878E-01
0.2848E-02	0.3878E-01
0.2956E-02	0.3878E-01
0.3069E-02	0.3878E-01
0.3186E-02	0.3878E-01
0.3307E-02	0.3878E-01
0.3433E-02	0.3878E-01
0.3564E-02	0.3878E-01
0.3700E-02	0.3878E-01
0.3841E-02	0.3878E-01
0.3987E-02	0.3878E-01
0.4139E-02	0.3878E-01
0.4296E-02	0.3878E-01
0.4460E-02	0.3878E-01
0.4630E-02	0.3878E-01
0.4806E-02	0.3878E-01
0.4989E-02	0.3878E-01
0.5179E-02	0.3878E-01
0.5377E-02	0.3878E-01
0.5581E-02	0.3878E-01
0.5794E-02	0.3878E-01
0.6015E-02	0.3878E-01
0.6244E-02	0.3878E-01
0.6481E-02	0.3878E-01
0.6728E-02	0.3878E-01
0.6985E-02	0.3878E-01
0.7251E-02	0.3878E-01
0.7527E-02	0.3878E-01
0.7813E-02	0.3878E-01
0.8111E-02	0.3878E-01
0.8420E-02	0.3878E-01
0.8741E-02	0.3878E-01
0.9073E-02	0.3878E-01
0.9419E-02	0.3878E-01
0.9778E-02	0.3878E-01
0.1015E-01	0.3878E-01
0.1054E-01	0.3878E-01
0.1094E-01	0.3878E-01
0.1135E-01	0.3878E-01
0.1179E-01	0.3878E-01
0.1224E-01	0.3878E-01
0.1270E-01	0.3878E-01
0.1319E-01	0.3878E-01
0.1369E-01	0.3878E-01
0.1421E-01	0.3878E-01
0.1475E-01	0.3878E-01
0.1531E-01	0.3878E-01
0.1590E-01	0.3878E-01
0.1650E-01	0.3878E-01
0.1713E-01	0.3878E-01
0.1778E-01	0.3878E-01
0.1846E-01	0.3878E-01
0.1916E-01	0.3878E-01
0.1989E-01	0.3878E-01
0.2065E-01	0.3878E-01
0.2144E-01	0.3878E-01
0.2225E-01	0.3878E-01
0.2310E-01	0.3878E-01
0.2398E-01	0.3878E-01
0.2489E-01	0.3878E-01
0.2584E-01	0.3878E-01
0.2682E-01	0.3878E-01
0.2785E-01	0.3878E-01
0.2891E-01	0.3878E-01
0.3001E-01	0.3878E-01
0.3115E-01	0.3878E-01
0.3234E-01	0.3878E-01
0.3357E-01	0.3878E-01
0.3485E-01	0.3878E-01
0.3617E-01	0.3878E-01
0.3755E-01	0.3878E-01
0.3898E-01	0.3878E-01
0.4047E-01	0.3878E-01
0.4201E-01	0.3878E-01
0.4361E-01	0.3878E-01
0.4527E-01	0.3878E-01
0.4699E-01	0.3878E-01
0.4878E-01	0.3878E-01
0.5064E-01	0.3878E-01
0.5257E-01	0.3878E-01
0.5457E-01	0.3878E-01
0.5665E-01	0.3878E-01
0.5881E-01	0.3878E-01
0.6105E-01	0.3878E-01
0.6337E-01	0.3878E-01
0.6579E-01	0.3878E-01
0.6829E-01	0.3878E-01
0.7089E-01	0.3878E-01
0.7359E-01	0.3878E-01
0.7640E-01	0.3878E-01
0.7931E-01	0.3878E-01
0.8233E-01	0.3878E-01
0.8546E-01	0.3878E-01
0.8872E-01	0.3878E-01
0.9210E-01	0.3878E-01
0.9560E-01	0.3878E-01
0.9924E-01	0.3878E-01
0.1030	0.3878E-01
0.1069	0.3878E-01
0.1110	0.3878E-01
0.1152	0.3878E-01
0.1196	0.3878E-01
0.1242	0.3878E-01
0.1289	0.3878E-01
0.1338	0.3878E-01
0.1389	0.3878E-01
0.1442	0.3878E-01
0.1497	0.3878E-01
0.1554	0.3878E-01
0.1613	0.3878E-01
0.1675	0.3878E-01
0.1739	0.3878E-01
0.1805	0.3878E-01
0.1874	0.3878E-01
0.1945	0.3878E-01
0.2019	0.3878E-01
0.2096	0.3878E-01
0.2176	0.3878E-01
0.2259	0.3878E-01
0.2345	0.3878E-01
0.2434	0.3878E-01
0.2527	0.3878E-01
0.2623	0.3878E-01
0.2723	0.3878E-01
0.2826	0.3878E-01
0.2934	0.3878E-01
0.3046	0.3878E-01
0.3162	0.3878E-01
0.3282	0.3878E-01
0.3407	0.3878E-01
0.3537	0.3878E-01
0.3672	0.3878E-01
0.3812	0.3878E-01
0.3957	0.3878E-01
0.4107	0.3878E-01
0.4264	0.3879E-01
0.4426	0.3879E-01
0.4595	0.3879E-01
0.4770	0.3879E-01
0.4952	0.3879E-01
0.5140	0.3879E-01
0.5336	0.3879E-01
0.5539	0.3879E-01
0.5750	0.3879E-01
0.5969	0.3879E-01
0.6196	0.3879E-01
0.6432	0.3880E-01
0.6677	0.3880E-01
0.6932	0.3880E-01
0.7196	0.3880E-01
0.7470	0.3880E-01
0.7754	0.3880E-01
0.8050	0.3881E-01
0.8356	0.3881E-01
0.8674	0.3881E-01
0.9005	0.3881E-01
0.9348	0.3882E-01
0.9704	0.3882E-01
1.007	0.3882E-01
1.046	0.3883E-01
1.086	0.3883E-01
1.127	0.3883E-01
1.170	0.3884E-01
1.214	0.3884E-01
1.261	0.3885E-01
1.309	0.3885E-01
1.358	0.3886E-01
1.410	0.3887E-01
1.464	0.3888E-01
1.520	0.3888E-01
1.578	0.3889E-01
1.638	0.3890E-01
1.700	0.3891E-01
1.765	0.3893E-01
1.832	0.3894E-01
1.902	0.3895E-01
1.974	0.3897E-01
2.049	0.3898E-01
2.127	0.3900E-01
2.208	0.3902E-01
2.293	0.3905E-01
2.380	0.3907E-01
2.470	0.3910E-01
2.565	0.3912E-01
2.662	0.3915E-01
2.764	0.3919E-01
2.869	0.3922E-01
2.978	0.3926E-01
3.092	0.3931E-01
3.209	0.3935E-01
3.332	0.3940E-01
3.458	0.3945E-01
3.590	0.3951E-01
3.727	0.3957E-01
3.869	0.3963E-01
4.016	0.3970E-01
4.169	0.3978E-01
4.328	0.3986E-01
4.493	0.3994E-01
4.664	0.4003E-01
4.841	0.4012E-01
5.026	0.4022E-01
5.217	0.4033E-01
5.416	0.4044E-01
5.622	0.4055E-01
5.836	0.4068E-01
6.059	0.4081E-01
6.289	0.4095E-01
6.529	0.4109E-01
6.778	0.4124E-01
7.036	0.4140E-01
7.304	0.4157E-01
7.582	0.4174E-01
7.871	0.4193E-01
8.170	0.4212E-01
8.482	0.4232E-01
8.805	0.4241E-01
9.140	0.4263E-01
9.488	0.4286E-01
9.849	0.4309E-01
10.22	0.4334E-01
10.61	0.4360E-01
11.02	0.4388E-01
11.44	0.4442E-01
11.87	0.4473E-01
12.33	0.4506E-01
12.80	0.4540E-01
13.28	0.4576E-01
13.79	0.4603E-01
14.31	0.4642E-01
14.86	0.4683E-01
15.42	0.4708E-01
16.01	0.4753E-01
16.62	0.4801E-01
17.25	0.4810E-01
17.91	0.4862E-01
18.59	0.5021E-01
19.30	0.5083E-01
20.04	0.5145E-01
20.80	0.5216E-01
21.59	0.5292E-01
22.42	0.5374E-01
23.27	0.5463E-01
24.16	0.5559E-01
25.08	0.5663E-01
26.03	0.5777E-01
27.02	0.5905E-01
28.05	0.6047E-01
29.12	0.6201E-01
30.23	0.6386E-01
31.38	0.6599E-01
32.57	0.6853E-01
33.82	0.7156E-01
35.10	0.7511E-01
36.44	0.7956E-01
37.83	0.8506E-01
39.27	0.9189E-01
40.76	0.1006
42.32	0.1117
43.93	0.1259
45.60	0.1435
47.34	0.1655
49.14	0.2064
51.01	0.2427
52.96	0.2867
54.97	0.3386
57.07	0.4002
59.24	0.4708
61.50	0.5520
63.84	0.6420
66.27	0.7422
68.79	0.8504
71.41	0.9675
74.13	1.092
76.96	1.223
79.89	1.359
82.93	1.501
86.09	1.648
89.37	1.799
92.77	1.955
96.31	2.114
99.97	2.276
103.8	2.441
107.7	2.609
111.8	2.778
116.1	2.949
120.5	3.120
125.1	3.290
129.9	3.460
134.8	3.628
140.0	3.795
145.3	3.958
150.8	4.119
156.6	4.276
162.5	4.429
168.7	4.580
175.1	4.726
181.8	4.870
188.7	5.010
195.9	5.146
203.4	5.280
211.1	5.411
219.2	5.540
227.5	5.666
236.2	5.790
245.2	5.913
254.5	6.034
264.2	6.153
274.3	6.272
284.7	6.390
295.6	6.508
306.8	6.625
318.5	6.743
330.6	6.861
343.2	6.979
356.3	7.097
369.9	7.217
384.0	7.338
398.6	7.460
413.8	7.584
429.5	7.709
445.9	7.836
462.9	7.966
480.5	8.098
498.8	8.232
517.8	8.369
537.5	8.509
558.0	8.653
579.2	8.800
601.3	8.950
624.2	9.104
648.0	9.263
672.6	9.426
698.3	9.593
724.9	9.766
752.5	9.943
781.1	10.13
810.9	10.31
841.8	10.51
873.8	10.71
907.1	10.92
941.6	11.13
977.5	11.35
1015.	11.58
1053.	11.81
1094.	12.06
1135.	12.31
1178.	12.57
1223.	12.84
1270.	13.12
1318.	13.40
1368.	13.70
1421.	14.01
1475.	14.33
1531.	14.66
1589.	15.00
1650.	15.35
1712.	15.72
1778.	16.09
1845.	16.48
1916.	16.89
1989.	17.31
2064.	17.74
2143.	18.19
2225.	18.65
2309.	19.13
2397.	19.62
2489.	20.14
2583.	20.67
2682.	21.22
2784.	21.79
2890.	22.38
3000.	22.99
 
 
E/N (Td)	Mobility *N (1/m/V/s)
0.1000E-02	0.1205E+24
0.1038E-02	0.1207E+24
0.1078E-02	0.1207E+24
0.1119E-02	0.1207E+24
0.1161E-02	0.1207E+24
0.1205E-02	0.1207E+24
0.1251E-02	0.1207E+24
0.1299E-02	0.1207E+24
0.1349E-02	0.1207E+24
0.1400E-02	0.1207E+24
0.1453E-02	0.1207E+24
0.1509E-02	0.1207E+24
0.1566E-02	0.1207E+24
0.1626E-02	0.1207E+24
0.1688E-02	0.1207E+24
0.1752E-02	0.1207E+24
0.1819E-02	0.1207E+24
0.1888E-02	0.1207E+24
0.1960E-02	0.1207E+24
0.2034E-02	0.1207E+24
0.2112E-02	0.1207E+24
0.2192E-02	0.1207E+24
0.2276E-02	0.1207E+24
0.2362E-02	0.1207E+24
0.2452E-02	0.1207E+24
0.2546E-02	0.1207E+24
0.2643E-02	0.1207E+24
0.2743E-02	0.1207E+24
0.2848E-02	0.1207E+24
0.2956E-02	0.1207E+24
0.3069E-02	0.1207E+24
0.3186E-02	0.1207E+24
0.3307E-02	0.1207E+24
0.3433E-02	0.1207E+24
0.3564E-02	0.1207E+24
0.3700E-02	0.1207E+24
0.3841E-02	0.1207E+24
0.3987E-02	0.1207E+24
0.4139E-02	0.1207E+24
0.4296E-02	0.1207E+24
0.4460E-02	0.1207E+24
0.4630E-02	0.1207E+24
0.4806E-02	0.1207E+24
0.4989E-02	0.1207E+24
0.5179E-02	0.1207E+24
0.5377E-02	0.1207E+24
0.5581E-02	0.1207E+24
0.5794E-02	0.1207E+24
0.6015E-02	0.1207E+24
0.6244E-02	0.1207E+24
0.6481E-02	0.1207E+24
0.6728E-02	0.1207E+24
0.6985E-02	0.1207E+24
0.7251E-02	0.1207E+24
0.7527E-02	0.1207E+24
0.7813E-02	0.1207E+24
0.8111E-02	0.1207E+24
0.8420E-02	0.1207E+24
0.8741E-02	0.1207E+24
0.9073E-02	0.1207E+24
0.9419E-02	0.1207E+24
0.9778E-02	0.1207E+24
0.1015E-01	0.1207E+24
0.1054E-01	0.1207E+24
0.1094E-01	0.1207E+24
0.1135E-01	0.1207E+24
0.1179E-01	0.1207E+24
0.1224E-01	0.1207E+24
0.1270E-01	0.1207E+24
0.1319E-01	0.1207E+24
0.1369E-01	0.1207E+24
0.1421E-01	0.1207E+24
0.1475E-01	0.1207E+24
0.1531E-01	0.1207E+24
0.1590E-01	0.1207E+24
0.1650E-01	0.1207E+24
0.1713E-01	0.1207E+24
0.1778E-01	0.1207E+24
0.1846E-01	0.1207E+24
0.1916E-01	0.1207E+24
0.1989E-01	0.1207E+24
0.2065E-01	0.1207E+24
0.2144E-01	0.1207E+24
0.2225E-01	0.1207E+24
0.2310E-01	0.1207E+24
0.2398E-01	0.1207E+24
0.2489E-01	0.1207E+24
0.2584E-01	0.1207E+24
0.2682E-01	0.1207E+24
0.2785E-01	0.1207E+24
0.2891E-01	0.1207E+24
0.3001E-01	0.1207E+24
0.3115E-01	0.1207E+24
0.3234E-01	0.1207E+24
0.3357E-01	0.1207E+24
0.3485E-01	0.1207E+24
0.3617E-01	0.1207E+24
0.3755E-01	0.1207E+24
0.3898E-01	0.1207E+24
0.4047E-01	0.1207E+24
0.4201E-01	0.1207E+24
0.4361E-01	0.1207E+24
0.4527E-01	0.1207E+24
0.4699E-01	0.1207E+24
0.4878E-01	0.1207E+24
0.5064E-01	0.1207E+24
0.5257E-01	0.1207E+24
0.5457E-01	0.1207E+24
0.5665E-01	0.1207E+24
0.5881E-01	0.1207E+24
0.6105E-01	0.1207E+24
0.6337E-01	0.1207E+24
0.6579E-01	0.1207E+24
0.6829E-01	0.1207E+24
0.7089E-01	0.1207E+24
0.7359E-01	0.1207E+24
0.7640E-01	0.1207E+24
0.7931E-01	0.1207E+24
0.8233E-01	0.1207E+24
0.8546E-01	0.1207E+24
0.8872E-01	0.1207E+24
0.9210E-01	0.1207E+24
0.9560E-01	0.1207E+24
0.9924E-01	0.1207E+24
0.1030	0.1207E+24
0.1069	0.1207E+24
0.1110	0.1207E+24
0.1152	0.1207E+24
0.1196	0.1207E+24
0.1242	0.1207E+24
0.1289	0.1207E+24
0.1338	0.1207E+24
0.1389	0.1207E+24
0.1442	0.1207E+24
0.1497	0.1207E+24
0.1554	0.1207E+24
0.1613	0.1207E+24
0.1675	0.1207E+24
0.1739	0.1207E+24
0.1805	0.1207E+24
0.1874	0.1207E+24
0.1945	0.1207E+24
0.2019	0.1207E+24
0.2096	0.1207E+24
0.2176	0.1207E+24
0.2259	0.1207E+24
0.2345	0.1207E+24
0.2434	0.1207E+24
0.2527	0.1207E+24
0.2623	0.1207E+24
0.2723	0.1207E+24
0.2826	0.1207E+24
0.2934	0.1207E+24
0.3046	0.1207E+24
0.3162	0.1207E+24
0.3282	0.1207E+24
0.3407	0.1207E+24
0.3537	0.1207E+24
0.3672	0.1207E+24
0.3812	0.1207E+24
0.3957	0.1207E+24
0.4107	0.1207E+24
0.4264	0.1207E+24
0.4426	0.1207E+24
0.4595	0.1207E+24
0.4770	0.1207E+24
0.4952	0.1207E+24
0.5140	0.1207E+24
0.5336	0.1207E+24
0.5539	0.1207E+24
0.5750	0.1207E+24
0.5969	0.1207E+24
0.6196	0.1207E+24
0.6432	0.1207E+24
0.6677	0.1207E+24
0.6932	0.1207E+24
0.7196	0.1206E+24
0.7470	0.1206E+24
0.7754	0.1206E+24
0.8050	0.1206E+24
0.8356	0.1206E+24
0.8674	0.1206E+24
0.9005	0.1206E+24
0.9348	0.1206E+24
0.9704	0.1206E+24
1.007	0.1206E+24
1.046	0.1206E+24
1.086	0.1206E+24
1.127	0.1206E+24
1.170	0.1206E+24
1.214	0.1206E+24
1.261	0.1206E+24
1.309	0.1206E+24
1.358	0.1206E+24
1.410	0.1206E+24
1.464	0.1206E+24
1.520	0.1206E+24
1.578	0.1206E+24
1.638	0.1206E+24
1.700	0.1206E+24
1.765	0.1206E+24
1.832	0.1206E+24
1.902	0.1206E+24
1.974	0.1206E+24
2.049	0.1206E+24
2.127	0.1206E+24
2.208	0.1206E+24
2.293	0.1206E+24
2.380	0.1207E+24
2.470	0.1207E+24
2.565	0.1208E+24
2.662	0.1208E+24
2.764	0.1208E+24
2.869	0.1209E+24
2.978	0.1210E+24
3.092	0.1210E+24
3.209	0.1211E+24
3.332	0.1212E+24
3.458	0.1213E+24
3.590	0.1215E+24
3.727	0.1216E+24
3.869	0.1217E+24
4.016	0.1219E+24
4.169	0.1220E+24
4.328	0.1222E+24
4.493	0.1224E+24
4.664	0.1226E+24
4.841	0.1229E+24
5.026	0.1231E+24
5.217	0.1234E+24
5.416	0.1237E+24
5.622	0.1240E+24
5.836	0.1243E+24
6.059	0.1247E+24
6.289	0.1251E+24
6.529	0.1255E+24
6.778	0.1259E+24
7.036	0.1264E+24
7.304	0.1269E+24
7.582	0.1274E+24
7.871	0.1280E+24
8.170	0.1285E+24
8.482	0.1292E+24
8.805	0.1291E+24
9.140	0.1298E+24
9.488	0.1305E+24
9.849	0.1313E+24
10.22	0.1321E+24
10.61	0.1329E+24
11.02	0.1339E+24
11.44	0.1363E+24
11.87	0.1373E+24
12.33	0.1384E+24
12.80	0.1395E+24
13.28	0.1407E+24
13.79	0.1415E+24
14.31	0.1429E+24
14.86	0.1443E+24
15.42	0.1450E+24
16.01	0.1466E+24
16.62	0.1483E+24
17.25	0.1488E+24
17.91	0.1506E+24
18.59	0.1565E+24
19.30	0.1587E+24
20.04	0.1615E+24
20.80	0.1640E+24
21.59	0.1666E+24
22.42	0.1690E+24
23.27	0.1720E+24
24.16	0.1752E+24
25.08	0.1787E+24
26.03	0.1825E+24
27.02	0.1866E+24
28.05	0.1911E+24
29.12	0.1964E+24
30.23	0.2018E+24
31.38	0.2078E+24
32.57	0.2181E+24
33.82	0.2257E+24
35.10	0.2319E+24
36.44	0.2415E+24
37.83	0.2525E+24
39.27	0.2679E+24
40.76	0.2823E+24
42.32	0.2989E+24
43.93	0.3161E+24
45.60	0.3375E+24
47.34	0.3615E+24
49.14	0.4246E+24
51.01	0.4548E+24
52.96	0.4872E+24
54.97	0.5202E+24
57.07	0.5552E+24
59.24	0.5893E+24
61.50	0.6234E+24
63.84	0.6546E+24
66.27	0.6839E+24
68.79	0.7088E+24
71.41	0.7301E+24
74.13	0.7467E+24
76.96	0.7585E+24
79.89	0.7652E+24
82.93	0.7680E+24
86.09	0.7666E+24
89.37	0.7618E+24
92.77	0.7540E+24
96.31	0.7438E+24
99.97	0.7316E+24
103.8	0.7181E+24
107.7	0.7038E+24
111.8	0.6889E+24
116.1	0.6739E+24
120.5	0.6590E+24
125.1	0.6443E+24
129.9	0.6303E+24
134.8	0.6169E+24
140.0	0.6043E+24
145.3	0.5924E+24
150.8	0.5814E+24
156.6	0.5711E+24
162.5	0.5616E+24
168.7	0.5529E+24
175.1	0.5448E+24
181.8	0.5373E+24
188.7	0.5305E+24
195.9	0.5241E+24
203.4	0.5183E+24
211.1	0.5128E+24
219.2	0.5077E+24
227.5	0.5030E+24
236.2	0.4986E+24
245.2	0.4945E+24
254.5	0.4906E+24
264.2	0.4869E+24
274.3	0.4834E+24
284.7	0.4801E+24
295.6	0.4769E+24
306.8	0.4739E+24
318.5	0.4710E+24
330.6	0.4682E+24
343.2	0.4655E+24
356.3	0.4628E+24
369.9	0.4602E+24
384.0	0.4577E+24
398.6	0.4553E+24
413.8	0.4529E+24
429.5	0.4505E+24
445.9	0.4482E+24
462.9	0.4459E+24
480.5	0.4436E+24
498.8	0.4413E+24
517.8	0.4390E+24
537.5	0.4368E+24
558.0	0.4345E+24
579.2	0.4323E+24
601.3	0.4300E+24
624.2	0.4277E+24
648.0	0.4255E+24
672.6	0.4232E+24
698.3	0.4208E+24
724.9	0.4185E+24
752.5	0.4161E+24
781.1	0.4137E+24
810.9	0.4113E+24
841.8	0.4088E+24
873.8	0.4063E+24
907.1	0.4037E+24
941.6	0.4011E+24
977.5	0.3985E+24
1015.	0.3958E+24
1053.	0.3930E+24
1094.	0.3902E+24
1135.	0.3874E+24
1178.	0.3845E+24
1223.	0.3815E+24
1270.	0.3785E+24
1318.	0.3754E+24
1368.	0.3723E+24
1421.	0.3691E+24
1475.	0.3658E+24
1531.	0.3624E+24
1589.	0.3591E+24
1650.	0.3556E+24
1712.	0.3521E+24
1778.	0.3486E+24
1845.	0.3450E+24
1916.	0.3413E+24
1989.	0.3376E+24
2064.	0.3339E+24
2143.	0.3301E+24
2225.	0.3262E+24
2309.	0.3223E+24
2397.	0.3184E+24
2489.	0.3145E+24
2583.	0.3105E+24
2682.	0.3065E+24
2784.	0.3025E+24
2890.	0.2984E+24
3000.	0.2944E+24
 
 
E/N (Td)	Diffusion coefficient *N (1/m/s)
0.1000E-02	0.3118E+22
0.1038E-02	0.3126E+22
0.1078E-02	0.3126E+22
0.1119E-02	0.3126E+22
0.1161E-02	0.3126E+22
0.1205E-02	0.3126E+22
0.1251E-02	0.3126E+22
0.1299E-02	0.3126E+22
0.1349E-02	0.3126E+22
0.1400E-02	0.3126E+22
0.1453E-02	0.3126E+22
0.1509E-02	0.3126E+22
0.1566E-02	0.3126E+22
0.1626E-02	0.3126E+22
0.1688E-02	0.3126E+22
0.1752E-02	0.3126E+22
0.1819E-02	0.3126E+22
0.1888E-02	0.3126E+22
0.1960E-02	0.3126E+22
0.2034E-02	0.3126E+22
0.2112E-02	0.3126E+22
0.2192E-02	0.3126E+22
0.2276E-02	0.3126E+22
0.2362E-02	0.3126E+22
0.2452E-02	0.3126E+22
0.2546E-02	0.3126E+22
0.2643E-02	0.3126E+22
0.2743E-02	0.3126E+22
0.2848E-02	0.3126E+22
0.2956E-02	0.3126E+22
0.3069E-02	0.3126E+22
0.3186E-02	0.3126E+22
0.3307E-02	0.3126E+22
0.3433E-02	0.3126E+22
0.3564E-02	0.3126E+22
0.3700E-02	0.3126E+22
0.3841E-02	0.3126E+22
0.3987E-02	0.3126E+22
0.4139E-02	0.3126E+22
0.4296E-02	0.3126E+22
0.4460E-02	0.3126E+22
0.4630E-02	0.3126E+22
0.4806E-02	0.3126E+22
0.4989E-02	0.3126E+22
0.5179E-02	0.3126E+22
0.5377E-02	0.3126E+22
0.5581E-02	0.3126E+22
0.5794E-02	0.3126E+22
0.6015E-02	0.3126E+22
0.6244E-02	0.3126E+22
0.6481E-02	0.3126E+22
0.6728E-02	0.3126E+22
0.6985E-02	0.3126E+22
0.7251E-02	0.3126E+22
0.7527E-02	0.3126E+22
0.7813E-02	0.3126E+22
0.8111E-02	0.3126E+22
0.8420E-02	0.3126E+22
0.8741E-02	0.3126E+22
0.9073E-02	0.3126E+22
0.9419E-02	0.3126E+22
0.9778E-02	0.3126E+22
0.1015E-01	0.3126E+22
0.1054E-01	0.3126E+22
0.1094E-01	0.3126E+22
0.1135E-01	0.3126E+22
0.1179E-01	0.3126E+22
0.1224E-01	0.3126E+22
0.1270E-01	0.3126E+22
0.1319E-01	0.3126E+22
0.1369E-01	0.3126E+22
0.1421E-01	0.3126E+22
0.1475E-01	0.3126E+22
0.1531E-01	0.3126E+22
0.1590E-01	0.3126E+22
0.1650E-01	0.3126E+22
0.1713E-01	0.3126E+22
0.1778E-01	0.3126E+22
0.1846E-01	0.3126E+22
0.1916E-01	0.3126E+22
0.1989E-01	0.3126E+22
0.2065E-01	0.3126E+22
0.2144E-01	0.3126E+22
0.2225E-01	0.3126E+22
0.2310E-01	0.3126E+22
0.2398E-01	0.3126E+22
0.2489E-01	0.3126E+22
0.2584E-01	0.3126E+22
0.2682E-01	0.3126E+22
0.2785E-01	0.3126E+22
0.2891E-01	0.3126E+22
0.3001E-01	0.3126E+22
0.3115E-01	0.3126E+22
0.3234E-01	0.3126E+22
0.3357E-01	0.3126E+22
0.3485E-01	0.3126E+22
0.3617E-01	0.3126E+22
0.3755E-01	0.3126E+22
0.3898E-01	0.3126E+22
0.4047E-01	0.3126E+22
0.4201E-01	0.3126E+22
0.4361E-01	0.3126E+22
0.4527E-01	0.3126E+22
0.4699E-01	0.3126E+22
0.4878E-01	0.3126E+22
0.5064E-01	0.3126E+22
0.5257E-01	0.3126E+22
0.5457E-01	0.3126E+22
0.5665E-01	0.3126E+22
0.5881E-01	0.3126E+22
0.6105E-01	0.3126E+22
0.6337E-01	0.3126E+22
0.6579E-01	0.3126E+22
0.6829E-01	0.3126E+22
0.7089E-01	0.3126E+22
0.7359E-01	0.3126E+22
0.7640E-01	0.3126E+22
0.7931E-01	0.3126E+22
0.8233E-01	0.3126E+22
0.8546E-01	0.3126E+22
0.8872E-01	0.3126E+22
0.9210E-01	0.3126E+22
0.9560E-01	0.3126E+22
0.9924E-01	0.3126E+22
0.1030	0.3126E+22
0.1069	0.3126E+22
0.1110	0.3126E+22
0.1152	0.3126E+22
0.1196	0.3126E+22
0.1242	0.3126E+22
0.1289	0.3126E+22
0.1338	0.3126E+22
0.1389	0.3126E+22
0.1442	0.3126E+22
0.1497	0.3126E+22
0.1554	0.3126E+22
0.1613	0.3126E+22
0.1675	0.3126E+22
0.1739	0.3126E+22
0.1805	0.3126E+22
0.1874	0.3126E+22
0.1945	0.3126E+22
0.2019	0.3126E+22
0.2096	0.3126E+22
0.2176	0.3126E+22
0.2259	0.3127E+22
0.2345	0.3127E+22
0.2434	0.3127E+22
0.2527	0.3127E+22
0.2623	0.3127E+22
0.2723	0.3127E+22
0.2826	0.3127E+22
0.2934	0.3127E+22
0.3046	0.3127E+22
0.3162	0.3127E+22
0.3282	0.3127E+22
0.3407	0.3127E+22
0.3537	0.3127E+22
0.3672	0.3128E+22
0.3812	0.3128E+22
0.3957	0.3128E+22
0.4107	0.3128E+22
0.4264	0.3128E+22
0.4426	0.3128E+22
0.4595	0.3128E+22
0.4770	0.3129E+22
0.4952	0.3129E+22
0.5140	0.3129E+22
0.5336	0.3129E+22
0.5539	0.3130E+22
0.5750	0.3130E+22
0.5969	0.3130E+22
0.6196	0.3130E+22
0.6432	0.3131E+22
0.6677	0.3131E+22
0.6932	0.3132E+22
0.7196	0.3132E+22
0.7470	0.3132E+22
0.7754	0.3133E+22
0.8050	0.3133E+22
0.8356	0.3134E+22
0.8674	0.3134E+22
0.9005	0.3135E+22
0.9348	0.3136E+22
0.9704	0.3136E+22
1.007	0.3137E+22
1.046	0.3138E+22
1.086	0.3139E+22
1.127	0.3140E+22
1.170	0.3141E+22
1.214	0.3142E+22
1.261	0.3143E+22
1.309	0.3144E+22
1.358	0.3145E+22
1.410	0.3147E+22
1.464	0.3148E+22
1.520	0.3149E+22
1.578	0.3151E+22
1.638	0.3153E+22
1.700	0.3155E+22
1.765	0.3157E+22
1.832	0.3159E+22
1.902	0.3161E+22
1.974	0.3164E+22
2.049	0.3167E+22
2.127	0.3170E+22
2.208	0.3173E+22
2.293	0.3176E+22
2.380	0.3180E+22
2.470	0.3184E+22
2.565	0.3188E+22
2.662	0.3193E+22
2.764	0.3198E+22
2.869	0.3203E+22
2.978	0.3209E+22
3.092	0.3215E+22
3.209	0.3221E+22
3.332	0.3228E+22
3.458	0.3236E+22
3.590	0.3244E+22
3.727	0.3253E+22
3.869	0.3262E+22
4.016	0.3273E+22
4.169	0.3283E+22
4.328	0.3295E+22
4.493	0.3307E+22
4.664	0.3320E+22
4.841	0.3334E+22
5.026	0.3349E+22
5.217	0.3365E+22
5.416	0.3383E+22
5.622	0.3401E+22
5.836	0.3420E+22
6.059	0.3441E+22
6.289	0.3462E+22
6.529	0.3486E+22
6.778	0.3510E+22
7.036	0.3537E+22
7.304	0.3565E+22
7.582	0.3594E+22
7.871	0.3626E+22
8.170	0.3659E+22
8.482	0.3695E+22
8.805	0.3711E+22
9.140	0.3750E+22
9.488	0.3792E+22
9.849	0.3837E+22
10.22	0.3885E+22
10.61	0.3936E+22
11.02	0.3990E+22
11.44	0.4101E+22
11.87	0.4164E+22
12.33	0.4231E+22
12.80	0.4302E+22
13.28	0.4378E+22
13.79	0.4447E+22
14.31	0.4534E+22
14.86	0.4628E+22
15.42	0.4701E+22
16.01	0.4809E+22
16.62	0.4925E+22
17.25	0.5019E+22
17.91	0.5154E+22
18.59	0.5455E+22
19.30	0.5620E+22
20.04	0.5864E+22
20.80	0.6065E+22
21.59	0.6287E+22
22.42	0.6519E+22
23.27	0.6797E+22
24.16	0.7111E+22
25.08	0.7470E+22
26.03	0.7922E+22
27.02	0.8408E+22
28.05	0.8985E+22
29.12	0.9776E+22
30.23	0.1063E+23
31.38	0.1168E+23
32.57	0.1341E+23
33.82	0.1512E+23
35.10	0.1707E+23
36.44	0.1986E+23
37.83	0.2348E+23
39.27	0.2887E+23
40.76	0.3505E+23
42.32	0.4304E+23
43.93	0.5340E+23
45.60	0.6652E+23
47.34	0.8308E+23
49.14	0.1151E+24
51.01	0.1423E+24
52.96	0.1750E+24
54.97	0.2128E+24
57.07	0.2572E+24
59.24	0.3069E+24
61.50	0.3627E+24
63.84	0.4226E+24
66.27	0.4873E+24
68.79	0.5545E+24
71.41	0.6242E+24
74.13	0.6948E+24
76.96	0.7655E+24
79.89	0.8351E+24
82.93	0.9037E+24
86.09	0.9705E+24
89.37	0.1035E+25
92.77	0.1098E+25
96.31	0.1158E+25
99.97	0.1216E+25
103.8	0.1272E+25
107.7	0.1326E+25
111.8	0.1377E+25
116.1	0.1427E+25
120.5	0.1475E+25
125.1	0.1520E+25
129.9	0.1564E+25
134.8	0.1607E+25
140.0	0.1648E+25
145.3	0.1687E+25
150.8	0.1725E+25
156.6	0.1761E+25
162.5	0.1796E+25
168.7	0.1830E+25
175.1	0.1863E+25
181.8	0.1895E+25
188.7	0.1926E+25
195.9	0.1956E+25
203.4	0.1986E+25
211.1	0.2014E+25
219.2	0.2042E+25
227.5	0.2070E+25
236.2	0.2097E+25
245.2	0.2123E+25
254.5	0.2150E+25
264.2	0.2176E+25
274.3	0.2202E+25
284.7	0.2227E+25
295.6	0.2253E+25
306.8	0.2278E+25
318.5	0.2304E+25
330.6	0.2329E+25
343.2	0.2354E+25
356.3	0.2380E+25
369.9	0.2406E+25
384.0	0.2432E+25
398.6	0.2458E+25
413.8	0.2484E+25
429.5	0.2511E+25
445.9	0.2538E+25
462.9	0.2565E+25
480.5	0.2593E+25
498.8	0.2621E+25
517.8	0.2649E+25
537.5	0.2678E+25
558.0	0.2708E+25
579.2	0.2738E+25
601.3	0.2768E+25
624.2	0.2799E+25
648.0	0.2831E+25
672.6	0.2863E+25
698.3	0.2896E+25
724.9	0.2930E+25
752.5	0.2964E+25
781.1	0.2999E+25
810.9	0.3035E+25
841.8	0.3071E+25
873.8	0.3108E+25
907.1	0.3146E+25
941.6	0.3185E+25
977.5	0.3224E+25
1015.	0.3264E+25
1053.	0.3305E+25
1094.	0.3347E+25
1135.	0.3389E+25
1178.	0.3433E+25
1223.	0.3477E+25
1270.	0.3521E+25
1318.	0.3567E+25
1368.	0.3613E+25
1421.	0.3660E+25
1475.	0.3708E+25
1531.	0.3756E+25
1589.	0.3805E+25
1650.	0.3855E+25
1712.	0.3905E+25
1778.	0.3956E+25
1845.	0.4008E+25
1916.	0.4060E+25
1989.	0.4113E+25
2064.	0.4167E+25
2143.	0.4221E+25
2225.	0.4276E+25
2309.	0.4331E+25
2397.	0.4387E+25
2489.	0.4444E+25
2583.	0.4501E+25
2682.	0.4558E+25
2784.	0.4617E+25
2890.	0.4676E+25
3000.	0.4736E+25
 
 
E/N (Td)	Energy mobility *N (1/m/V/s)
0.1000E-02	0.2923E+24
0.1038E-02	0.2922E+24
0.1078E-02	0.2922E+24
0.1119E-02	0.2922E+24
0.1161E-02	0.2922E+24
0.1205E-02	0.2922E+24
0.1251E-02	0.2922E+24
0.1299E-02	0.2922E+24
0.1349E-02	0.2922E+24
0.1400E-02	0.2922E+24
0.1453E-02	0.2922E+24
0.1509E-02	0.2922E+24
0.1566E-02	0.2922E+24
0.1626E-02	0.2922E+24
0.1688E-02	0.2922E+24
0.1752E-02	0.2922E+24
0.1819E-02	0.2922E+24
0.1888E-02	0.2922E+24
0.1960E-02	0.2922E+24
0.2034E-02	0.2922E+24
0.2112E-02	0.2922E+24
0.2192E-02	0.2922E+24
0.2276E-02	0.2922E+24
0.2362E-02	0.2922E+24
0.2452E-02	0.2922E+24
0.2546E-02	0.2922E+24
0.2643E-02	0.2922E+24
0.2743E-02	0.2922E+24
0.2848E-02	0.2922E+24
0.2956E-02	0.2922E+24
0.3069E-02	0.2922E+24
0.3186E-02	0.2922E+24
0.3307E-02	0.2922E+24
0.3433E-02	0.2922E+24
0.3564E-02	0.2922E+24
0.3700E-02	0.2922E+24
0.3841E-02	0.2922E+24
0.3987E-02	0.2922E+24
0.4139E-02	0.2922E+24
0.4296E-02	0.2922E+24
0.4460E-02	0.2922E+24
0.4630E-02	0.2922E+24
0.4806E-02	0.2922E+24
0.4989E-02	0.2922E+24
0.5179E-02	0.2922E+24
0.5377E-02	0.2922E+24
0.5581E-02	0.2922E+24
0.5794E-02	0.2922E+24
0.6015E-02	0.2922E+24
0.6244E-02	0.2922E+24
0.6481E-02	0.2922E+24
0.6728E-02	0.2922E+24
0.6985E-02	0.2922E+24
0.7251E-02	0.2922E+24
0.7527E-02	0.2922E+24
0.7813E-02	0.2922E+24
0.8111E-02	0.2922E+24
0.8420E-02	0.2922E+24
0.8741E-02	0.2922E+24
0.9073E-02	0.2922E+24
0.9419E-02	0.2922E+24
0.9778E-02	0.2922E+24
0.1015E-01	0.2922E+24
0.1054E-01	0.2922E+24
0.1094E-01	0.2922E+24
0.1135E-01	0.2922E+24
0.1179E-01	0.2922E+24
0.1224E-01	0.2922E+24
0.1270E-01	0.2922E+24
0.1319E-01	0.2922E+24
0.1369E-01	0.2922E+24
0.1421E-01	0.2922E+24
0.1475E-01	0.2922E+24
0.1531E-01	0.2922E+24
0.1590E-01	0.2922E+24
0.1650E-01	0.2922E+24
0.1713E-01	0.2922E+24
0.1778E-01	0.2922E+24
0.1846E-01	0.2922E+24
0.1916E-01	0.2922E+24
0.1989E-01	0.2922E+24
0.2065E-01	0.2922E+24
0.2144E-01	0.2922E+24
0.2225E-01	0.2922E+24
0.2310E-01	0.2922E+24
0.2398E-01	0.2922E+24
0.2489E-01	0.2922E+24
0.2584E-01	0.2922E+24
0.2682E-01	0.2922E+24
0.2785E-01	0.2922E+24
0.2891E-01	0.2922E+24
0.3001E-01	0.2922E+24
0.3115E-01	0.2922E+24
0.3234E-01	0.2922E+24
0.3357E-01	0.2922E+24
0.3485E-01	0.2922E+24
0.3617E-01	0.2922E+24
0.3755E-01	0.2922E+24
0.3898E-01	0.2922E+24
0.4047E-01	0.2922E+24
0.4201E-01	0.2922E+24
0.4361E-01	0.2922E+24
0.4527E-01	0.2922E+24
0.4699E-01	0.2922E+24
0.4878E-01	0.2922E+24
0.5064E-01	0.2922E+24
0.5257E-01	0.2922E+24
0.5457E-01	0.2922E+24
0.5665E-01	0.2922E+24
0.5881E-01	0.2922E+24
0.6105E-01	0.2922E+24
0.6337E-01	0.2922E+24
0.6579E-01	0.2922E+24
0.6829E-01	0.2922E+24
0.7089E-01	0.2922E+24
0.7359E-01	0.2922E+24
0.7640E-01	0.2922E+24
0.7931E-01	0.2922E+24
0.8233E-01	0.2922E+24
0.8546E-01	0.2922E+24
0.8872E-01	0.2922E+24
0.9210E-01	0.2922E+24
0.9560E-01	0.2922E+24
0.9924E-01	0.2922E+24
0.1030	0.2922E+24
0.1069	0.2922E+24
0.1110	0.2922E+24
0.1152	0.2922E+24
0.1196	0.2922E+24
0.1242	0.2922E+24
0.1289	0.2922E+24
0.1338	0.2922E+24
0.1389	0.2922E+24
0.1442	0.2922E+24
0.1497	0.2922E+24
0.1554	0.2922E+24
0.1613	0.2922E+24
0.1675	0.2922E+24
0.1739	0.2922E+24
0.1805	0.2922E+24
0.1874	0.2922E+24
0.1945	0.2922E+24
0.2019	0.2922E+24
0.2096	0.2922E+24
0.2176	0.2922E+24
0.2259	0.2922E+24
0.2345	0.2922E+24
0.2434	0.2922E+24
0.2527	0.2922E+24
0.2623	0.2922E+24
0.2723	0.2922E+24
0.2826	0.2922E+24
0.2934	0.2922E+24
0.3046	0.2922E+24
0.3162	0.2922E+24
0.3282	0.2922E+24
0.3407	0.2922E+24
0.3537	0.2922E+24
0.3672	0.2922E+24
0.3812	0.2922E+24
0.3957	0.2922E+24
0.4107	0.2922E+24
0.4264	0.2922E+24
0.4426	0.2922E+24
0.4595	0.2922E+24
0.4770	0.2922E+24
0.4952	0.2922E+24
0.5140	0.2922E+24
0.5336	0.2922E+24
0.5539	0.2922E+24
0.5750	0.2922E+24
0.5969	0.2922E+24
0.6196	0.2922E+24
0.6432	0.2922E+24
0.6677	0.2922E+24
0.6932	0.2922E+24
0.7196	0.2922E+24
0.7470	0.2922E+24
0.7754	0.2922E+24
0.8050	0.2922E+24
0.8356	0.2922E+24
0.8674	0.2922E+24
0.9005	0.2922E+24
0.9348	0.2921E+24
0.9704	0.2921E+24
1.007	0.2921E+24
1.046	0.2921E+24
1.086	0.2921E+24
1.127	0.2921E+24
1.170	0.2922E+24
1.214	0.2922E+24
1.261	0.2922E+24
1.309	0.2922E+24
1.358	0.2922E+24
1.410	0.2922E+24
1.464	0.2922E+24
1.520	0.2922E+24
1.578	0.2922E+24
1.638	0.2922E+24
1.700	0.2922E+24
1.765	0.2922E+24
1.832	0.2923E+24
1.902	0.2923E+24
1.974	0.2923E+24
2.049	0.2924E+24
2.127	0.2924E+24
2.208	0.2925E+24
2.293	0.2925E+24
2.380	0.2926E+24
2.470	0.2927E+24
2.565	0.2928E+24
2.662	0.2929E+24
2.764	0.2930E+24
2.869	0.2931E+24
2.978	0.2933E+24
3.092	0.2934E+24
3.209	0.2936E+24
3.332	0.2938E+24
3.458	0.2940E+24
3.590	0.2943E+24
3.727	0.2946E+24
3.869	0.2949E+24
4.016	0.2952E+24
4.169	0.2956E+24
4.328	0.2960E+24
4.493	0.2964E+24
4.664	0.2969E+24
4.841	0.2974E+24
5.026	0.2979E+24
5.217	0.2985E+24
5.416	0.2992E+24
5.622	0.2999E+24
5.836	0.3006E+24
6.059	0.3014E+24
6.289	0.3023E+24
6.529	0.3032E+24
6.778	0.3042E+24
7.036	0.3053E+24
7.304	0.3064E+24
7.582	0.3077E+24
7.871	0.3090E+24
8.170	0.3104E+24
8.482	0.3119E+24
8.805	0.3136E+24
9.140	0.3153E+24
9.488	0.3171E+24
9.849	0.3190E+24
10.22	0.3211E+24
10.61	0.3233E+24
11.02	0.3257E+24
11.44	0.3284E+24
11.87	0.3310E+24
12.33	0.3339E+24
12.80	0.3369E+24
13.28	0.3402E+24
13.79	0.3438E+24
14.31	0.3475E+24
14.86	0.3514E+24
15.42	0.3558E+24
16.01	0.3603E+24
16.62	0.3651E+24
17.25	0.3710E+24
17.91	0.3766E+24
18.59	0.3823E+24
19.30	0.3888E+24
20.04	0.3977E+24
20.80	0.4054E+24
21.59	0.4139E+24
22.42	0.4227E+24
23.27	0.4329E+24
24.16	0.4444E+24
25.08	0.4573E+24
26.03	0.4730E+24
27.02	0.4896E+24
28.05	0.5088E+24
29.12	0.5336E+24
30.23	0.5596E+24
31.38	0.5902E+24
32.57	0.6375E+24
33.82	0.6797E+24
35.10	0.7251E+24
36.44	0.7819E+24
37.83	0.8463E+24
39.27	0.9307E+24
40.76	0.1007E+25
42.32	0.1087E+25
43.93	0.1167E+25
45.60	0.1242E+25
47.34	0.1311E+25
49.14	0.1410E+25
51.01	0.1450E+25
52.96	0.1478E+25
54.97	0.1493E+25
57.07	0.1499E+25
59.24	0.1495E+25
61.50	0.1483E+25
63.84	0.1465E+25
66.27	0.1442E+25
68.79	0.1414E+25
71.41	0.1384E+25
74.13	0.1351E+25
76.96	0.1317E+25
79.89	0.1281E+25
82.93	0.1245E+25
86.09	0.1210E+25
89.37	0.1174E+25
92.77	0.1140E+25
96.31	0.1106E+25
99.97	0.1074E+25
103.8	0.1044E+25
107.7	0.1015E+25
111.8	0.9883E+24
116.1	0.9633E+24
120.5	0.9404E+24
125.1	0.9194E+24
129.9	0.9003E+24
134.8	0.8829E+24
140.0	0.8672E+24
145.3	0.8531E+24
150.8	0.8404E+24
156.6	0.8290E+24
162.5	0.8187E+24
168.7	0.8095E+24
175.1	0.8012E+24
181.8	0.7936E+24
188.7	0.7868E+24
195.9	0.7805E+24
203.4	0.7748E+24
211.1	0.7695E+24
219.2	0.7646E+24
227.5	0.7601E+24
236.2	0.7558E+24
245.2	0.7518E+24
254.5	0.7480E+24
264.2	0.7444E+24
274.3	0.7410E+24
284.7	0.7376E+24
295.6	0.7344E+24
306.8	0.7312E+24
318.5	0.7281E+24
330.6	0.7251E+24
343.2	0.7221E+24
356.3	0.7191E+24
369.9	0.7162E+24
384.0	0.7132E+24
398.6	0.7103E+24
413.8	0.7073E+24
429.5	0.7044E+24
445.9	0.7014E+24
462.9	0.6983E+24
480.5	0.6953E+24
498.8	0.6921E+24
517.8	0.6890E+24
537.5	0.6858E+24
558.0	0.6825E+24
579.2	0.6792E+24
601.3	0.6758E+24
624.2	0.6723E+24
648.0	0.6687E+24
672.6	0.6651E+24
698.3	0.6614E+24
724.9	0.6576E+24
752.5	0.6537E+24
781.1	0.6497E+24
810.9	0.6456E+24
841.8	0.6415E+24
873.8	0.6372E+24
907.1	0.6328E+24
941.6	0.6283E+24
977.5	0.6237E+24
1015.	0.6191E+24
1053.	0.6143E+24
1094.	0.6094E+24
1135.	0.6043E+24
1178.	0.5992E+24
1223.	0.5940E+24
1270.	0.5886E+24
1318.	0.5832E+24
1368.	0.5777E+24
1421.	0.5720E+24
1475.	0.5663E+24
1531.	0.5605E+24
1589.	0.5546E+24
1650.	0.5486E+24
1712.	0.5425E+24
1778.	0.5363E+24
1845.	0.5301E+24
1916.	0.5239E+24
1989.	0.5175E+24
2064.	0.5113E+24
2143.	0.5048E+24
2225.	0.4984E+24
2309.	0.4919E+24
2397.	0.4854E+24
2489.	0.4789E+24
2583.	0.4723E+24
2682.	0.4658E+24
2784.	0.4593E+24
2890.	0.4527E+24
3000.	0.4462E+24
 
 
E/N (Td)	Energy diffusion coef. D*N (1/m/s)
0.1000E-02	0.7560E+22
0.1038E-02	0.7556E+22
0.1078E-02	0.7556E+22
0.1119E-02	0.7556E+22
0.1161E-02	0.7556E+22
0.1205E-02	0.7556E+22
0.1251E-02	0.7556E+22
0.1299E-02	0.7556E+22
0.1349E-02	0.7556E+22
0.1400E-02	0.7556E+22
0.1453E-02	0.7556E+22
0.1509E-02	0.7556E+22
0.1566E-02	0.7556E+22
0.1626E-02	0.7556E+22
0.1688E-02	0.7556E+22
0.1752E-02	0.7556E+22
0.1819E-02	0.7556E+22
0.1888E-02	0.7556E+22
0.1960E-02	0.7556E+22
0.2034E-02	0.7556E+22
0.2112E-02	0.7556E+22
0.2192E-02	0.7556E+22
0.2276E-02	0.7556E+22
0.2362E-02	0.7556E+22
0.2452E-02	0.7556E+22
0.2546E-02	0.7556E+22
0.2643E-02	0.7556E+22
0.2743E-02	0.7556E+22
0.2848E-02	0.7556E+22
0.2956E-02	0.7556E+22
0.3069E-02	0.7556E+22
0.3186E-02	0.7556E+22
0.3307E-02	0.7556E+22
0.3433E-02	0.7556E+22
0.3564E-02	0.7556E+22
0.3700E-02	0.7556E+22
0.3841E-02	0.7556E+22
0.3987E-02	0.7556E+22
0.4139E-02	0.7556E+22
0.4296E-02	0.7556E+22
0.4460E-02	0.7556E+22
0.4630E-02	0.7556E+22
0.4806E-02	0.7556E+22
0.4989E-02	0.7556E+22
0.5179E-02	0.7556E+22
0.5377E-02	0.7556E+22
0.5581E-02	0.7556E+22
0.5794E-02	0.7556E+22
0.6015E-02	0.7556E+22
0.6244E-02	0.7556E+22
0.6481E-02	0.7556E+22
0.6728E-02	0.7556E+22
0.6985E-02	0.7556E+22
0.7251E-02	0.7556E+22
0.7527E-02	0.7556E+22
0.7813E-02	0.7556E+22
0.8111E-02	0.7556E+22
0.8420E-02	0.7556E+22
0.8741E-02	0.7556E+22
0.9073E-02	0.7556E+22
0.9419E-02	0.7556E+22
0.9778E-02	0.7556E+22
0.1015E-01	0.7556E+22
0.1054E-01	0.7556E+22
0.1094E-01	0.7556E+22
0.1135E-01	0.7556E+22
0.1179E-01	0.7556E+22
0.1224E-01	0.7556E+22
0.1270E-01	0.7556E+22
0.1319E-01	0.7556E+22
0.1369E-01	0.7556E+22
0.1421E-01	0.7556E+22
0.1475E-01	0.7556E+22
0.1531E-01	0.7556E+22
0.1590E-01	0.7556E+22
0.1650E-01	0.7556E+22
0.1713E-01	0.7556E+22
0.1778E-01	0.7556E+22
0.1846E-01	0.7556E+22
0.1916E-01	0.7556E+22
0.1989E-01	0.7556E+22
0.2065E-01	0.7556E+22
0.2144E-01	0.7556E+22
0.2225E-01	0.7556E+22
0.2310E-01	0.7556E+22
0.2398E-01	0.7556E+22
0.2489E-01	0.7556E+22
0.2584E-01	0.7556E+22
0.2682E-01	0.7556E+22
0.2785E-01	0.7556E+22
0.2891E-01	0.7556E+22
0.3001E-01	0.7556E+22
0.3115E-01	0.7556E+22
0.3234E-01	0.7556E+22
0.3357E-01	0.7556E+22
0.3485E-01	0.7556E+22
0.3617E-01	0.7556E+22
0.3755E-01	0.7556E+22
0.3898E-01	0.7556E+22
0.4047E-01	0.7556E+22
0.4201E-01	0.7556E+22
0.4361E-01	0.7556E+22
0.4527E-01	0.7556E+22
0.4699E-01	0.7556E+22
0.4878E-01	0.7556E+22
0.5064E-01	0.7556E+22
0.5257E-01	0.7556E+22
0.5457E-01	0.7556E+22
0.5665E-01	0.7556E+22
0.5881E-01	0.7556E+22
0.6105E-01	0.7556E+22
0.6337E-01	0.7556E+22
0.6579E-01	0.7556E+22
0.6829E-01	0.7556E+22
0.7089E-01	0.7556E+22
0.7359E-01	0.7556E+22
0.7640E-01	0.7556E+22
0.7931E-01	0.7556E+22
0.8233E-01	0.7556E+22
0.8546E-01	0.7556E+22
0.8872E-01	0.7556E+22
0.9210E-01	0.7556E+22
0.9560E-01	0.7556E+22
0.9924E-01	0.7556E+22
0.1030	0.7556E+22
0.1069	0.7556E+22
0.1110	0.7556E+22
0.1152	0.7556E+22
0.1196	0.7556E+22
0.1242	0.7556E+22
0.1289	0.7556E+22
0.1338	0.7556E+22
0.1389	0.7556E+22
0.1442	0.7556E+22
0.1497	0.7556E+22
0.1554	0.7556E+22
0.1613	0.7556E+22
0.1675	0.7557E+22
0.1739	0.7557E+22
0.1805	0.7557E+22
0.1874	0.7557E+22
0.1945	0.7557E+22
0.2019	0.7557E+22
0.2096	0.7557E+22
0.2176	0.7557E+22
0.2259	0.7557E+22
0.2345	0.7557E+22
0.2434	0.7558E+22
0.2527	0.7558E+22
0.2623	0.7558E+22
0.2723	0.7558E+22
0.2826	0.7558E+22
0.2934	0.7559E+22
0.3046	0.7559E+22
0.3162	0.7559E+22
0.3282	0.7559E+22
0.3407	0.7560E+22
0.3537	0.7560E+22
0.3672	0.7560E+22
0.3812	0.7561E+22
0.3957	0.7561E+22
0.4107	0.7561E+22
0.4264	0.7562E+22
0.4426	0.7562E+22
0.4595	0.7563E+22
0.4770	0.7563E+22
0.4952	0.7564E+22
0.5140	0.7565E+22
0.5336	0.7565E+22
0.5539	0.7566E+22
0.5750	0.7567E+22
0.5969	0.7568E+22
0.6196	0.7569E+22
0.6432	0.7570E+22
0.6677	0.7571E+22
0.6932	0.7572E+22
0.7196	0.7573E+22
0.7470	0.7574E+22
0.7754	0.7575E+22
0.8050	0.7577E+22
0.8356	0.7578E+22
0.8674	0.7580E+22
0.9005	0.7581E+22
0.9348	0.7583E+22
0.9704	0.7585E+22
1.007	0.7587E+22
1.046	0.7589E+22
1.086	0.7592E+22
1.127	0.7594E+22
1.170	0.7597E+22
1.214	0.7599E+22
1.261	0.7602E+22
1.309	0.7605E+22
1.358	0.7608E+22
1.410	0.7612E+22
1.464	0.7615E+22
1.520	0.7619E+22
1.578	0.7623E+22
1.638	0.7628E+22
1.700	0.7632E+22
1.765	0.7637E+22
1.832	0.7642E+22
1.902	0.7648E+22
1.974	0.7653E+22
2.049	0.7659E+22
2.127	0.7666E+22
2.208	0.7673E+22
2.293	0.7680E+22
2.380	0.7688E+22
2.470	0.7696E+22
2.565	0.7705E+22
2.662	0.7715E+22
2.764	0.7725E+22
2.869	0.7736E+22
2.978	0.7747E+22
3.092	0.7759E+22
3.209	0.7773E+22
3.332	0.7787E+22
3.458	0.7802E+22
3.590	0.7818E+22
3.727	0.7836E+22
3.869	0.7854E+22
4.016	0.7874E+22
4.169	0.7896E+22
4.328	0.7919E+22
4.493	0.7944E+22
4.664	0.7970E+22
4.841	0.7999E+22
5.026	0.8029E+22
5.217	0.8062E+22
5.416	0.8097E+22
5.622	0.8135E+22
5.836	0.8175E+22
6.059	0.8218E+22
6.289	0.8265E+22
6.529	0.8315E+22
6.778	0.8368E+22
7.036	0.8425E+22
7.304	0.8487E+22
7.582	0.8553E+22
7.871	0.8624E+22
8.170	0.8699E+22
8.482	0.8781E+22
8.805	0.8873E+22
9.140	0.8967E+22
9.488	0.9068E+22
9.849	0.9176E+22
10.22	0.9293E+22
10.61	0.9419E+22
11.02	0.9555E+22
11.44	0.9709E+22
11.87	0.9868E+22
12.33	0.1004E+23
12.80	0.1022E+23
13.28	0.1043E+23
13.79	0.1066E+23
14.31	0.1089E+23
14.86	0.1115E+23
15.42	0.1144E+23
16.01	0.1175E+23
16.62	0.1210E+23
17.25	0.1253E+23
17.91	0.1296E+23
18.59	0.1340E+23
19.30	0.1394E+23
20.04	0.1469E+23
20.80	0.1540E+23
21.59	0.1623E+23
22.42	0.1717E+23
23.27	0.1834E+23
24.16	0.1978E+23
25.08	0.2156E+23
26.03	0.2390E+23
27.02	0.2680E+23
28.05	0.3058E+23
29.12	0.3587E+23
30.23	0.4256E+23
31.38	0.5152E+23
32.57	0.6497E+23
33.82	0.8119E+23
35.10	0.1021E+24
36.44	0.1299E+24
37.83	0.1654E+24
39.27	0.2133E+24
40.76	0.2674E+24
42.32	0.3309E+24
43.93	0.4040E+24
45.60	0.4829E+24
47.34	0.5662E+24
49.14	0.6725E+24
51.01	0.7555E+24
52.96	0.8359E+24
54.97	0.9116E+24
57.07	0.9837E+24
59.24	0.1051E+25
61.50	0.1114E+25
63.84	0.1173E+25
66.27	0.1228E+25
68.79	0.1281E+25
71.41	0.1332E+25
74.13	0.1381E+25
76.96	0.1429E+25
79.89	0.1476E+25
82.93	0.1522E+25
86.09	0.1567E+25
89.37	0.1612E+25
92.77	0.1656E+25
96.31	0.1700E+25
99.97	0.1744E+25
103.8	0.1788E+25
107.7	0.1832E+25
111.8	0.1876E+25
116.1	0.1919E+25
120.5	0.1962E+25
125.1	0.2005E+25
129.9	0.2048E+25
134.8	0.2090E+25
140.0	0.2132E+25
145.3	0.2174E+25
150.8	0.2215E+25
156.6	0.2255E+25
162.5	0.2295E+25
168.7	0.2334E+25
175.1	0.2372E+25
181.8	0.2410E+25
188.7	0.2448E+25
195.9	0.2485E+25
203.4	0.2521E+25
211.1	0.2557E+25
219.2	0.2593E+25
227.5	0.2628E+25
236.2	0.2663E+25
245.2	0.2698E+25
254.5	0.2732E+25
264.2	0.2767E+25
274.3	0.2801E+25
284.7	0.2835E+25
295.6	0.2870E+25
306.8	0.2904E+25
318.5	0.2939E+25
330.6	0.2974E+25
343.2	0.3009E+25
356.3	0.3044E+25
369.9	0.3080E+25
384.0	0.3116E+25
398.6	0.3152E+25
413.8	0.3189E+25
429.5	0.3227E+25
445.9	0.3265E+25
462.9	0.3303E+25
480.5	0.3343E+25
498.8	0.3382E+25
517.8	0.3423E+25
537.5	0.3464E+25
558.0	0.3506E+25
579.2	0.3549E+25
601.3	0.3593E+25
624.2	0.3637E+25
648.0	0.3683E+25
672.6	0.3729E+25
698.3	0.3776E+25
724.9	0.3824E+25
752.5	0.3873E+25
781.1	0.3923E+25
810.9	0.3974E+25
841.8	0.4026E+25
873.8	0.4079E+25
907.1	0.4133E+25
941.6	0.4188E+25
977.5	0.4244E+25
1015.	0.4301E+25
1053.	0.4359E+25
1094.	0.4418E+25
1135.	0.4478E+25
1178.	0.4539E+25
1223.	0.4601E+25
1270.	0.4664E+25
1318.	0.4728E+25
1368.	0.4793E+25
1421.	0.4859E+25
1475.	0.4925E+25
1531.	0.4993E+25
1589.	0.5061E+25
1650.	0.5130E+25
1712.	0.5201E+25
1778.	0.5272E+25
1845.	0.5344E+25
1916.	0.5416E+25
1989.	0.5490E+25
2064.	0.5567E+25
2143.	0.5643E+25
2225.	0.5720E+25
2309.	0.5798E+25
2397.	0.5877E+25
2489.	0.5958E+25
2583.	0.6040E+25
2682.	0.6123E+25
2784.	0.6208E+25
2890.	0.6295E+25
3000.	0.6384E+25
 
 
E/N (Td)	Total collision freq. /N (m3/s)
0.1000E-02	0.9758E-11
0.1038E-02	0.9757E-11
0.1078E-02	0.9757E-11
0.1119E-02	0.9757E-11
0.1161E-02	0.9757E-11
0.1205E-02	0.9757E-11
0.1251E-02	0.9757E-11
0.1299E-02	0.9757E-11
0.1349E-02	0.9757E-11
0.1400E-02	0.9757E-11
0.1453E-02	0.9757E-11
0.1509E-02	0.9757E-11
0.1566E-02	0.9757E-11
0.1626E-02	0.9757E-11
0.1688E-02	0.9757E-11
0.1752E-02	0.9757E-11
0.1819E-02	0.9757E-11
0.1888E-02	0.9757E-11
0.1960E-02	0.9757E-11
0.2034E-02	0.9757E-11
0.2112E-02	0.9757E-11
0.2192E-02	0.9757E-11
0.2276E-02	0.9757E-11
0.2362E-02	0.9757E-11
0.2452E-02	0.9757E-11
0.2546E-02	0.9757E-11
0.2643E-02	0.9757E-11
0.2743E-02	0.9757E-11
0.2848E-02	0.9757E-11
0.2956E-02	0.9757E-11
0.3069E-02	0.9757E-11
0.3186E-02	0.9757E-11
0.3307E-02	0.9757E-11
0.3433E-02	0.9757E-11
0.3564E-02	0.9757E-11
0.3700E-02	0.9757E-11
0.3841E-02	0.9757E-11
0.3987E-02	0.9757E-11
0.4139E-02	0.9757E-11
0.4296E-02	0.9757E-11
0.4460E-02	0.9757E-11
0.4630E-02	0.9757E-11
0.4806E-02	0.9757E-11
0.4989E-02	0.9757E-11
0.5179E-02	0.9757E-11
0.5377E-02	0.9757E-11
0.5581E-02	0.9757E-11
0.5794E-02	0.9757E-11
0.6015E-02	0.9757E-11
0.6244E-02	0.9757E-11
0.6481E-02	0.9757E-11
0.6728E-02	0.9757E-11
0.6985E-02	0.9757E-11
0.7251E-02	0.9757E-11
0.7527E-02	0.9757E-11
0.7813E-02	0.9757E-11
0.8111E-02	0.9757E-11
0.8420E-02	0.9757E-11
0.8741E-02	0.9757E-11
0.9073E-02	0.9757E-11
0.9419E-02	0.9757E-11
0.9778E-02	0.9757E-11
0.1015E-01	0.9757E-11
0.1054E-01	0.9757E-11
0.1094E-01	0.9757E-11
0.1135E-01	0.9757E-11
0.1179E-01	0.9757E-11
0.1224E-01	0.9757E-11
0.1270E-01	0.9757E-11
0.1319E-01	0.9757E-11
0.1369E-01	0.9757E-11
0.1421E-01	0.9757E-11
0.1475E-01	0.9757E-11
0.1531E-01	0.9757E-11
0.1590E-01	0.9757E-11
0.1650E-01	0.9757E-11
0.1713E-01	0.9757E-11
0.1778E-01	0.9757E-11
0.1846E-01	0.9757E-11
0.1916E-01	0.9757E-11
0.1989E-01	0.9757E-11
0.2065E-01	0.9757E-11
0.2144E-01	0.9757E-11
0.2225E-01	0.9757E-11
0.2310E-01	0.9757E-11
0.2398E-01	0.9757E-11
0.2489E-01	0.9757E-11
0.2584E-01	0.9757E-11
0.2682E-01	0.9757E-11
0.2785E-01	0.9757E-11
0.2891E-01	0.9757E-11
0.3001E-01	0.9757E-11
0.3115E-01	0.9757E-11
0.3234E-01	0.9757E-11
0.3357E-01	0.9757E-11
0.3485E-01	0.9757E-11
0.3617E-01	0.9757E-11
0.3755E-01	0.9757E-11
0.3898E-01	0.9757E-11
0.4047E-01	0.9757E-11
0.4201E-01	0.9757E-11
0.4361E-01	0.9757E-11
0.4527E-01	0.9757E-11
0.4699E-01	0.9757E-11
0.4878E-01	0.9757E-11
0.5064E-01	0.9757E-11
0.5257E-01	0.9757E-11
0.5457E-01	0.9757E-11
0.5665E-01	0.9757E-11
0.5881E-01	0.9757E-11
0.6105E-01	0.9757E-11
0.6337E-01	0.9757E-11
0.6579E-01	0.9757E-11
0.6829E-01	0.9757E-11
0.7089E-01	0.9757E-11
0.7359E-01	0.9757E-11
0.7640E-01	0.9757E-11
0.7931E-01	0.9757E-11
0.8233E-01	0.9757E-11
0.8546E-01	0.9757E-11
0.8872E-01	0.9757E-11
0.9210E-01	0.9757E-11
0.9560E-01	0.9757E-11
0.9924E-01	0.9757E-11
0.1030	0.9757E-11
0.1069	0.9757E-11
0.1110	0.9757E-11
0.1152	0.9757E-11
0.1196	0.9757E-11
0.1242	0.9757E-11
0.1289	0.9757E-11
0.1338	0.9757E-11
0.1389	0.9757E-11
0.1442	0.9757E-11
0.1497	0.9757E-11
0.1554	0.9757E-11
0.1613	0.9757E-11
0.1675	0.9757E-11
0.1739	0.9757E-11
0.1805	0.9756E-11
0.1874	0.9756E-11
0.1945	0.9756E-11
0.2019	0.9756E-11
0.2096	0.9756E-11
0.2176	0.9756E-11
0.2259	0.9756E-11
0.2345	0.9756E-11
0.2434	0.9756E-11
0.2527	0.9756E-11
0.2623	0.9756E-11
0.2723	0.9756E-11
0.2826	0.9755E-11
0.2934	0.9755E-11
0.3046	0.9755E-11
0.3162	0.9755E-11
0.3282	0.9755E-11
0.3407	0.9755E-11
0.3537	0.9754E-11
0.3672	0.9754E-11
0.3812	0.9754E-11
0.3957	0.9754E-11
0.4107	0.9753E-11
0.4264	0.9753E-11
0.4426	0.9753E-11
0.4595	0.9753E-11
0.4770	0.9752E-11
0.4952	0.9752E-11
0.5140	0.9751E-11
0.5336	0.9751E-11
0.5539	0.9750E-11
0.5750	0.9750E-11
0.5969	0.9749E-11
0.6196	0.9749E-11
0.6432	0.9748E-11
0.6677	0.9747E-11
0.6932	0.9746E-11
0.7196	0.9746E-11
0.7470	0.9745E-11
0.7754	0.9744E-11
0.8050	0.9743E-11
0.8356	0.9741E-11
0.8674	0.9740E-11
0.9005	0.9739E-11
0.9348	0.9737E-11
0.9704	0.9735E-11
1.007	0.9734E-11
1.046	0.9732E-11
1.086	0.9730E-11
1.127	0.9727E-11
1.170	0.9725E-11
1.214	0.9722E-11
1.261	0.9719E-11
1.309	0.9716E-11
1.358	0.9712E-11
1.410	0.9708E-11
1.464	0.9704E-11
1.520	0.9700E-11
1.578	0.9695E-11
1.638	0.9689E-11
1.700	0.9684E-11
1.765	0.9677E-11
1.832	0.9670E-11
1.902	0.9663E-11
1.974	0.9655E-11
2.049	0.9646E-11
2.127	0.9637E-11
2.208	0.9627E-11
2.293	0.9616E-11
2.380	0.9604E-11
2.470	0.9592E-11
2.565	0.9578E-11
2.662	0.9564E-11
2.764	0.9548E-11
2.869	0.9532E-11
2.978	0.9514E-11
3.092	0.9496E-11
3.209	0.9476E-11
3.332	0.9455E-11
3.458	0.9433E-11
3.590	0.9409E-11
3.727	0.9385E-11
3.869	0.9359E-11
4.016	0.9331E-11
4.169	0.9303E-11
4.328	0.9273E-11
4.493	0.9242E-11
4.664	0.9210E-11
4.841	0.9176E-11
5.026	0.9141E-11
5.217	0.9105E-11
5.416	0.9067E-11
5.622	0.9029E-11
5.836	0.8989E-11
6.059	0.8948E-11
6.289	0.8906E-11
6.529	0.8862E-11
6.778	0.8818E-11
7.036	0.8772E-11
7.304	0.8726E-11
7.582	0.8678E-11
7.871	0.8630E-11
8.170	0.8581E-11
8.482	0.8530E-11
8.805	0.8687E-11
9.140	0.8642E-11
9.488	0.8597E-11
9.849	0.8551E-11
10.22	0.8504E-11
10.61	0.8456E-11
11.02	0.8408E-11
11.44	0.7943E-11
11.87	0.7882E-11
12.33	0.7821E-11
12.80	0.7759E-11
13.28	0.7697E-11
13.79	0.7824E-11
14.31	0.7764E-11
14.86	0.7703E-11
15.42	0.7915E-11
16.01	0.7859E-11
16.62	0.7802E-11
17.25	0.8210E-11
17.91	0.8160E-11
18.59	0.6722E-11
19.30	0.6648E-11
20.04	0.6623E-11
20.80	0.6545E-11
21.59	0.6467E-11
22.42	0.6435E-11
23.27	0.6353E-11
24.16	0.6270E-11
25.08	0.6185E-11
26.03	0.6171E-11
27.02	0.6080E-11
28.05	0.5988E-11
29.12	0.6000E-11
30.23	0.5900E-11
31.38	0.5796E-11
32.57	0.5862E-11
33.82	0.5744E-11
35.10	0.5738E-11
36.44	0.5606E-11
37.83	0.5468E-11
39.27	0.5505E-11
40.76	0.5341E-11
42.32	0.5167E-11
43.93	0.4934E-11
45.60	0.4739E-11
47.34	0.4531E-11
49.14	0.4216E-11
51.01	0.3969E-11
52.96	0.3710E-11
54.97	0.3447E-11
57.07	0.3173E-11
59.24	0.2901E-11
61.50	0.2627E-11
63.84	0.2364E-11
66.27	0.2107E-11
68.79	0.1869E-11
71.41	0.1646E-11
74.13	0.1443E-11
76.96	0.1261E-11
79.89	0.1104E-11
82.93	0.9642E-12
86.09	0.8446E-12
89.37	0.7429E-12
92.77	0.6574E-12
96.31	0.5861E-12
99.97	0.5281E-12
103.8	0.4796E-12
107.7	0.4401E-12
111.8	0.4082E-12
116.1	0.3827E-12
120.5	0.3623E-12
125.1	0.3466E-12
129.9	0.3340E-12
134.8	0.3243E-12
140.0	0.3169E-12
145.3	0.3114E-12
150.8	0.3074E-12
156.6	0.3045E-12
162.5	0.3027E-12
168.7	0.3016E-12
175.1	0.3010E-12
181.8	0.3010E-12
188.7	0.3012E-12
195.9	0.3018E-12
203.4	0.3026E-12
211.1	0.3036E-12
219.2	0.3047E-12
227.5	0.3059E-12
236.2	0.3072E-12
245.2	0.3086E-12
254.5	0.3100E-12
264.2	0.3114E-12
274.3	0.3129E-12
284.7	0.3144E-12
295.6	0.3159E-12
306.8	0.3174E-12
318.5	0.3190E-12
330.6	0.3205E-12
343.2	0.3220E-12
356.3	0.3236E-12
369.9	0.3252E-12
384.0	0.3267E-12
398.6	0.3283E-12
413.8	0.3299E-12
429.5	0.3315E-12
445.9	0.3331E-12
462.9	0.3347E-12
480.5	0.3363E-12
498.8	0.3379E-12
517.8	0.3396E-12
537.5	0.3412E-12
558.0	0.3429E-12
579.2	0.3446E-12
601.3	0.3463E-12
624.2	0.3481E-12
648.0	0.3498E-12
672.6	0.3516E-12
698.3	0.3534E-12
724.9	0.3553E-12
752.5	0.3571E-12
781.1	0.3590E-12
810.9	0.3609E-12
841.8	0.3629E-12
873.8	0.3649E-12
907.1	0.3669E-12
941.6	0.3690E-12
977.5	0.3711E-12
1015.	0.3732E-12
1053.	0.3754E-12
1094.	0.3776E-12
1135.	0.3799E-12
1178.	0.3823E-12
1223.	0.3847E-12
1270.	0.3871E-12
1318.	0.3896E-12
1368.	0.3922E-12
1421.	0.3948E-12
1475.	0.3974E-12
1531.	0.4002E-12
1589.	0.4030E-12
1650.	0.4059E-12
1712.	0.4088E-12
1778.	0.4118E-12
1845.	0.4149E-12
1916.	0.4181E-12
1989.	0.4213E-12
2064.	0.4247E-12
2143.	0.4281E-12
2225.	0.4316E-12
2309.	0.4352E-12
2397.	0.4389E-12
2489.	0.4426E-12
2583.	0.4465E-12
2682.	0.4504E-12
2784.	0.4545E-12
2890.	0.4586E-12
3000.	0.4628E-12
 
 
E/N (Td)	Momentum frequency /N (m3/s)
0.1000E-02	0.1459E-11
0.1038E-02	0.1457E-11
0.1078E-02	0.1457E-11
0.1119E-02	0.1457E-11
0.1161E-02	0.1457E-11
0.1205E-02	0.1457E-11
0.1251E-02	0.1457E-11
0.1299E-02	0.1457E-11
0.1349E-02	0.1457E-11
0.1400E-02	0.1457E-11
0.1453E-02	0.1457E-11
0.1509E-02	0.1457E-11
0.1566E-02	0.1457E-11
0.1626E-02	0.1457E-11
0.1688E-02	0.1457E-11
0.1752E-02	0.1457E-11
0.1819E-02	0.1457E-11
0.1888E-02	0.1457E-11
0.1960E-02	0.1457E-11
0.2034E-02	0.1457E-11
0.2112E-02	0.1457E-11
0.2192E-02	0.1457E-11
0.2276E-02	0.1457E-11
0.2362E-02	0.1457E-11
0.2452E-02	0.1457E-11
0.2546E-02	0.1457E-11
0.2643E-02	0.1457E-11
0.2743E-02	0.1457E-11
0.2848E-02	0.1457E-11
0.2956E-02	0.1457E-11
0.3069E-02	0.1457E-11
0.3186E-02	0.1457E-11
0.3307E-02	0.1457E-11
0.3433E-02	0.1457E-11
0.3564E-02	0.1457E-11
0.3700E-02	0.1457E-11
0.3841E-02	0.1457E-11
0.3987E-02	0.1457E-11
0.4139E-02	0.1457E-11
0.4296E-02	0.1457E-11
0.4460E-02	0.1457E-11
0.4630E-02	0.1457E-11
0.4806E-02	0.1457E-11
0.4989E-02	0.1457E-11
0.5179E-02	0.1457E-11
0.5377E-02	0.1457E-11
0.5581E-02	0.1457E-11
0.5794E-02	0.1457E-11
0.6015E-02	0.1457E-11
0.6244E-02	0.1457E-11
0.6481E-02	0.1457E-11
0.6728E-02	0.1457E-11
0.6985E-02	0.1457E-11
0.7251E-02	0.1457E-11
0.7527E-02	0.1457E-11
0.7813E-02	0.1457E-11
0.8111E-02	0.1457E-11
0.8420E-02	0.1457E-11
0.8741E-02	0.1457E-11
0.9073E-02	0.1457E-11
0.9419E-02	0.1457E-11
0.9778E-02	0.1457E-11
0.1015E-01	0.1457E-11
0.1054E-01	0.1457E-11
0.1094E-01	0.1457E-11
0.1135E-01	0.1457E-11
0.1179E-01	0.1457E-11
0.1224E-01	0.1457E-11
0.1270E-01	0.1457E-11
0.1319E-01	0.1457E-11
0.1369E-01	0.1457E-11
0.1421E-01	0.1457E-11
0.1475E-01	0.1457E-11
0.1531E-01	0.1457E-11
0.1590E-01	0.1457E-11
0.1650E-01	0.1457E-11
0.1713E-01	0.1457E-11
0.1778E-01	0.1457E-11
0.1846E-01	0.1457E-11
0.1916E-01	0.1457E-11
0.1989E-01	0.1457E-11
0.2065E-01	0.1457E-11
0.2144E-01	0.1457E-11
0.2225E-01	0.1457E-11
0.2310E-01	0.1457E-11
0.2398E-01	0.1457E-11
0.2489E-01	0.1457E-11
0.2584E-01	0.1457E-11
0.2682E-01	0.1457E-11
0.2785E-01	0.1457E-11
0.2891E-01	0.1457E-11
0.3001E-01	0.1457E-11
0.3115E-01	0.1457E-11
0.3234E-01	0.1457E-11
0.3357E-01	0.1457E-11
0.3485E-01	0.1457E-11
0.3617E-01	0.1457E-11
0.3755E-01	0.1457E-11
0.3898E-01	0.1457E-11
0.4047E-01	0.1457E-11
0.4201E-01	0.1457E-11
0.4361E-01	0.1457E-11
0.4527E-01	0.1457E-11
0.4699E-01	0.1457E-11
0.4878E-01	0.1457E-11
0.5064E-01	0.1457E-11
0.5257E-01	0.1457E-11
0.5457E-01	0.1457E-11
0.5665E-01	0.1457E-11
0.5881E-01	0.1457E-11
0.6105E-01	0.1457E-11
0.6337E-01	0.1457E-11
0.6579E-01	0.1457E-11
0.6829E-01	0.1457E-11
0.7089E-01	0.1457E-11
0.7359E-01	0.1457E-11
0.7640E-01	0.1457E-11
0.7931E-01	0.1457E-11
0.8233E-01	0.1457E-11
0.8546E-01	0.1457E-11
0.8872E-01	0.1457E-11
0.9210E-01	0.1457E-11
0.9560E-01	0.1457E-11
0.9924E-01	0.1457E-11
0.1030	0.1457E-11
0.1069	0.1457E-11
0.1110	0.1457E-11
0.1152	0.1457E-11
0.1196	0.1457E-11
0.1242	0.1457E-11
0.1289	0.1457E-11
0.1338	0.1457E-11
0.1389	0.1457E-11
0.1442	0.1457E-11
0.1497	0.1457E-11
0.1554	0.1457E-11
0.1613	0.1457E-11
0.1675	0.1457E-11
0.1739	0.1457E-11
0.1805	0.1457E-11
0.1874	0.1457E-11
0.1945	0.1457E-11
0.2019	0.1457E-11
0.2096	0.1457E-11
0.2176	0.1457E-11
0.2259	0.1457E-11
0.2345	0.1457E-11
0.2434	0.1457E-11
0.2527	0.1457E-11
0.2623	0.1457E-11
0.2723	0.1457E-11
0.2826	0.1457E-11
0.2934	0.1457E-11
0.3046	0.1457E-11
0.3162	0.1457E-11
0.3282	0.1457E-11
0.3407	0.1457E-11
0.3537	0.1457E-11
0.3672	0.1457E-11
0.3812	0.1457E-11
0.3957	0.1457E-11
0.4107	0.1457E-11
0.4264	0.1457E-11
0.4426	0.1457E-11
0.4595	0.1457E-11
0.4770	0.1457E-11
0.4952	0.1458E-11
0.5140	0.1458E-11
0.5336	0.1458E-11
0.5539	0.1458E-11
0.5750	0.1458E-11
0.5969	0.1458E-11
0.6196	0.1458E-11
0.6432	0.1458E-11
0.6677	0.1458E-11
0.6932	0.1458E-11
0.7196	0.1458E-11
0.7470	0.1458E-11
0.7754	0.1458E-11
0.8050	0.1458E-11
0.8356	0.1458E-11
0.8674	0.1458E-11
0.9005	0.1458E-11
0.9348	0.1458E-11
0.9704	0.1458E-11
1.007	0.1458E-11
1.046	0.1458E-11
1.086	0.1458E-11
1.127	0.1459E-11
1.170	0.1459E-11
1.214	0.1459E-11
1.261	0.1459E-11
1.309	0.1459E-11
1.358	0.1459E-11
1.410	0.1459E-11
1.464	0.1459E-11
1.520	0.1459E-11
1.578	0.1459E-11
1.638	0.1459E-11
1.700	0.1459E-11
1.765	0.1459E-11
1.832	0.1459E-11
1.902	0.1459E-11
1.974	0.1459E-11
2.049	0.1459E-11
2.127	0.1458E-11
2.208	0.1458E-11
2.293	0.1458E-11
2.380	0.1457E-11
2.470	0.1457E-11
2.565	0.1457E-11
2.662	0.1456E-11
2.764	0.1455E-11
2.869	0.1455E-11
2.978	0.1454E-11
3.092	0.1453E-11
3.209	0.1452E-11
3.332	0.1451E-11
3.458	0.1450E-11
3.590	0.1448E-11
3.727	0.1447E-11
3.869	0.1445E-11
4.016	0.1443E-11
4.169	0.1441E-11
4.328	0.1439E-11
4.493	0.1437E-11
4.664	0.1434E-11
4.841	0.1431E-11
5.026	0.1428E-11
5.217	0.1425E-11
5.416	0.1422E-11
5.622	0.1418E-11
5.836	0.1415E-11
6.059	0.1410E-11
6.289	0.1406E-11
6.529	0.1402E-11
6.778	0.1397E-11
7.036	0.1392E-11
7.304	0.1386E-11
7.582	0.1381E-11
7.871	0.1375E-11
8.170	0.1368E-11
8.482	0.1362E-11
8.805	0.1362E-11
9.140	0.1355E-11
9.488	0.1348E-11
9.849	0.1340E-11
10.22	0.1332E-11
10.61	0.1323E-11
11.02	0.1314E-11
11.44	0.1291E-11
11.87	0.1281E-11
12.33	0.1271E-11
12.80	0.1261E-11
13.28	0.1250E-11
13.79	0.1243E-11
14.31	0.1231E-11
14.86	0.1219E-11
15.42	0.1213E-11
16.01	0.1200E-11
16.62	0.1186E-11
17.25	0.1182E-11
17.91	0.1168E-11
18.59	0.1124E-11
19.30	0.1108E-11
20.04	0.1089E-11
20.80	0.1073E-11
21.59	0.1056E-11
22.42	0.1041E-11
23.27	0.1023E-11
24.16	0.1004E-11
25.08	0.9845E-12
26.03	0.9635E-12
27.02	0.9425E-12
28.05	0.9205E-12
29.12	0.8955E-12
30.23	0.8716E-12
31.38	0.8464E-12
32.57	0.8063E-12
33.82	0.7792E-12
35.10	0.7585E-12
36.44	0.7282E-12
37.83	0.6965E-12
39.27	0.6566E-12
40.76	0.6229E-12
42.32	0.5885E-12
43.93	0.5564E-12
45.60	0.5212E-12
47.34	0.4865E-12
49.14	0.4142E-12
51.01	0.3867E-12
52.96	0.3610E-12
54.97	0.3381E-12
57.07	0.3168E-12
59.24	0.2985E-12
61.50	0.2821E-12
63.84	0.2687E-12
66.27	0.2572E-12
68.79	0.2482E-12
71.41	0.2409E-12
74.13	0.2355E-12
76.96	0.2319E-12
79.89	0.2298E-12
82.93	0.2290E-12
86.09	0.2294E-12
89.37	0.2309E-12
92.77	0.2333E-12
96.31	0.2365E-12
99.97	0.2404E-12
103.8	0.2449E-12
107.7	0.2499E-12
111.8	0.2553E-12
116.1	0.2610E-12
120.5	0.2669E-12
125.1	0.2730E-12
129.9	0.2791E-12
134.8	0.2851E-12
140.0	0.2911E-12
145.3	0.2969E-12
150.8	0.3025E-12
156.6	0.3080E-12
162.5	0.3132E-12
168.7	0.3181E-12
175.1	0.3228E-12
181.8	0.3273E-12
188.7	0.3316E-12
195.9	0.3356E-12
203.4	0.3394E-12
211.1	0.3430E-12
219.2	0.3464E-12
227.5	0.3497E-12
236.2	0.3527E-12
245.2	0.3557E-12
254.5	0.3585E-12
264.2	0.3612E-12
274.3	0.3638E-12
284.7	0.3663E-12
295.6	0.3688E-12
306.8	0.3711E-12
318.5	0.3734E-12
330.6	0.3757E-12
343.2	0.3779E-12
356.3	0.3800E-12
369.9	0.3822E-12
384.0	0.3842E-12
398.6	0.3863E-12
413.8	0.3884E-12
429.5	0.3904E-12
445.9	0.3924E-12
462.9	0.3945E-12
480.5	0.3965E-12
498.8	0.3986E-12
517.8	0.4006E-12
537.5	0.4027E-12
558.0	0.4048E-12
579.2	0.4069E-12
601.3	0.4090E-12
624.2	0.4112E-12
648.0	0.4134E-12
672.6	0.4156E-12
698.3	0.4179E-12
724.9	0.4203E-12
752.5	0.4227E-12
781.1	0.4251E-12
810.9	0.4277E-12
841.8	0.4303E-12
873.8	0.4329E-12
907.1	0.4357E-12
941.6	0.4385E-12
977.5	0.4414E-12
1015.	0.4444E-12
1053.	0.4475E-12
1094.	0.4507E-12
1135.	0.4540E-12
1178.	0.4575E-12
1223.	0.4610E-12
1270.	0.4647E-12
1318.	0.4685E-12
1368.	0.4725E-12
1421.	0.4766E-12
1475.	0.4808E-12
1531.	0.4853E-12
1589.	0.4898E-12
1650.	0.4946E-12
1712.	0.4995E-12
1778.	0.5046E-12
1845.	0.5099E-12
1916.	0.5153E-12
1989.	0.5210E-12
2064.	0.5268E-12
2143.	0.5329E-12
2225.	0.5392E-12
2309.	0.5457E-12
2397.	0.5524E-12
2489.	0.5593E-12
2583.	0.5665E-12
2682.	0.5739E-12
2784.	0.5815E-12
2890.	0.5893E-12
3000.	0.5974E-12
 
 
E/N (Td)	Total ionization freq. /N (m3/s)
0.1000E-02	0.000
0.1038E-02	0.000
0.1078E-02	0.000
0.1119E-02	0.000
0.1161E-02	0.000
0.1205E-02	0.000
0.1251E-02	0.000
0.1299E-02	0.000
0.1349E-02	0.000
0.1400E-02	0.000
0.1453E-02	0.000
0.1509E-02	0.000
0.1566E-02	0.000
0.1626E-02	0.000
0.1688E-02	0.000
0.1752E-02	0.000
0.1819E-02	0.000
0.1888E-02	0.000
0.1960E-02	0.000
0.2034E-02	0.000
0.2112E-02	0.000
0.2192E-02	0.000
0.2276E-02	0.000
0.2362E-02	0.000
0.2452E-02	0.000
0.2546E-02	0.000
0.2643E-02	0.000
0.2743E-02	0.000
0.2848E-02	0.000
0.2956E-02	0.000
0.3069E-02	0.000
0.3186E-02	0.000
0.3307E-02	0.000
0.3433E-02	0.000
0.3564E-02	0.000
0.3700E-02	0.000
0.3841E-02	0.000
0.3987E-02	0.000
0.4139E-02	0.000
0.4296E-02	0.000
0.4460E-02	0.000
0.4630E-02	0.000
0.4806E-02	0.000
0.4989E-02	0.000
0.5179E-02	0.000
0.5377E-02	0.000
0.5581E-02	0.000
0.5794E-02	0.000
0.6015E-02	0.000
0.6244E-02	0.000
0.6481E-02	0.000
0.6728E-02	0.000
0.6985E-02	0.000
0.7251E-02	0.000
0.7527E-02	0.000
0.7813E-02	0.000
0.8111E-02	0.000
0.8420E-02	0.000
0.8741E-02	0.000
0.9073E-02	0.000
0.9419E-02	0.000
0.9778E-02	0.000
0.1015E-01	0.000
0.1054E-01	0.000
0.1094E-01	0.000
0.1135E-01	0.000
0.1179E-01	0.000
0.1224E-01	0.000
0.1270E-01	0.000
0.1319E-01	0.000
0.1369E-01	0.000
0.1421E-01	0.000
0.1475E-01	0.000
0.1531E-01	0.000
0.1590E-01	0.000
0.1650E-01	0.000
0.1713E-01	0.000
0.1778E-01	0.000
0.1846E-01	0.000
0.1916E-01	0.000
0.1989E-01	0.000
0.2065E-01	0.000
0.2144E-01	0.000
0.2225E-01	0.000
0.2310E-01	0.000
0.2398E-01	0.000
0.2489E-01	0.000
0.2584E-01	0.000
0.2682E-01	0.000
0.2785E-01	0.000
0.2891E-01	0.000
0.3001E-01	0.000
0.3115E-01	0.000
0.3234E-01	0.000
0.3357E-01	0.000
0.3485E-01	0.000
0.3617E-01	0.000
0.3755E-01	0.000
0.3898E-01	0.000
0.4047E-01	0.000
0.4201E-01	0.000
0.4361E-01	0.000
0.4527E-01	0.000
0.4699E-01	0.000
0.4878E-01	0.000
0.5064E-01	0.000
0.5257E-01	0.000
0.5457E-01	0.000
0.5665E-01	0.000
0.5881E-01	0.000
0.6105E-01	0.000
0.6337E-01	0.000
0.6579E-01	0.000
0.6829E-01	0.000
0.7089E-01	0.000
0.7359E-01	0.000
0.7640E-01	0.000
0.7931E-01	0.000
0.8233E-01	0.000
0.8546E-01	0.000
0.8872E-01	0.000
0.9210E-01	0.000
0.9560E-01	0.000
0.9924E-01	0.000
0.1030	0.000
0.1069	0.000
0.1110	0.000
0.1152	0.000
0.1196	0.000
0.1242	0.000
0.1289	0.000
0.1338	0.000
0.1389	0.000
0.1442	0.000
0.1497	0.000
0.1554	0.000
0.1613	0.000
0.1675	0.000
0.1739	0.000
0.1805	0.000
0.1874	0.000
0.1945	0.000
0.2019	0.000
0.2096	0.000
0.2176	0.000
0.2259	0.000
0.2345	0.000
0.2434	0.000
0.2527	0.000
0.2623	0.000
0.2723	0.000
0.2826	0.000
0.2934	0.000
0.3046	0.000
0.3162	0.000
0.3282	0.000
0.3407	0.000
0.3537	0.000
0.3672	0.000
0.3812	0.000
0.3957	0.000
0.4107	0.000
0.4264	0.000
0.4426	0.000
0.4595	0.000
0.4770	0.000
0.4952	0.000
0.5140	0.000
0.5336	0.000
0.5539	0.000
0.5750	0.000
0.5969	0.000
0.6196	0.000
0.6432	0.000
0.6677	0.000
0.6932	0.000
0.7196	0.000
0.7470	0.000
0.7754	0.000
0.8050	0.000
0.8356	0.000
0.8674	0.000
0.9005	0.000
0.9348	0.000
0.9704	0.000
1.007	0.000
1.046	0.000
1.086	0.000
1.127	0.000
1.170	0.000
1.214	0.000
1.261	0.000
1.309	0.000
1.358	0.000
1.410	0.000
1.464	0.000
1.520	0.000
1.578	0.000
1.638	0.000
1.700	0.000
1.765	0.000
1.832	0.000
1.902	0.000
1.974	0.000
2.049	0.000
2.127	0.000
2.208	0.000
2.293	0.000
2.380	0.000
2.470	0.000
2.565	0.000
2.662	0.000
2.764	0.000
2.869	0.000
2.978	0.000
3.092	0.000
3.209	0.000
3.332	0.000
3.458	0.000
3.590	0.000
3.727	0.000
3.869	0.000
4.016	0.000
4.169	0.000
4.328	0.000
4.493	0.000
4.664	0.000
4.841	0.000
5.026	0.000
5.217	0.000
5.416	0.000
5.622	0.000
5.836	0.000
6.059	0.000
6.289	0.000
6.529	0.000
6.778	0.000
7.036	0.000
7.304	0.000
7.582	0.000
7.871	0.000
8.170	0.000
8.482	0.000
8.805	0.000
9.140	0.000
9.488	0.000
9.849	0.000
10.22	0.000
10.61	0.000
11.02	0.000
11.44	0.000
11.87	0.000
12.33	0.000
12.80	0.000
13.28	0.000
13.79	0.000
14.31	0.000
14.86	0.000
15.42	0.000
16.01	0.000
16.62	0.000
17.25	0.000
17.91	0.000
18.59	0.000
19.30	0.000
20.04	0.000
20.80	0.000
21.59	0.000
22.42	0.000
23.27	0.000
24.16	0.000
25.08	0.000
26.03	0.000
27.02	0.000
28.05	0.000
29.12	0.000
30.23	0.000
31.38	0.000
32.57	0.000
33.82	0.000
35.10	0.000
36.44	0.000
37.83	0.000
39.27	0.000
40.76	0.000
42.32	0.000
43.93	0.000
45.60	0.000
47.34	0.000
49.14	0.000
51.01	0.000
52.96	0.000
54.97	0.000
57.07	0.000
59.24	0.5773E-25
61.50	0.1983E-24
63.84	0.5740E-23
66.27	0.1822E-22
68.79	0.6199E-22
71.41	0.1739E-21
74.13	0.4578E-21
76.96	0.1134E-20
79.89	0.2659E-20
82.93	0.5891E-20
86.09	0.1239E-19
89.37	0.2484E-19
92.77	0.4754E-19
96.31	0.8718E-19
99.97	0.1535E-18
103.8	0.2603E-18
107.7	0.4260E-18
111.8	0.6743E-18
116.1	0.1035E-17
120.5	0.1544E-17
125.1	0.2244E-17
129.9	0.3181E-17
134.8	0.4411E-17
140.0	0.5991E-17
145.3	0.7987E-17
150.8	0.1047E-16
156.6	0.1350E-16
162.5	0.1717E-16
168.7	0.2156E-16
175.1	0.2676E-16
181.8	0.3286E-16
188.7	0.3996E-16
195.9	0.4817E-16
203.4	0.5761E-16
211.1	0.6841E-16
219.2	0.8069E-16
227.5	0.9460E-16
236.2	0.1103E-15
245.2	0.1280E-15
254.5	0.1478E-15
264.2	0.1700E-15
274.3	0.1948E-15
284.7	0.2223E-15
295.6	0.2529E-15
306.8	0.2869E-15
318.5	0.3245E-15
330.6	0.3660E-15
343.2	0.4119E-15
356.3	0.4624E-15
369.9	0.5181E-15
384.0	0.5792E-15
398.6	0.6464E-15
413.8	0.7201E-15
429.5	0.8008E-15
445.9	0.8892E-15
462.9	0.9858E-15
480.5	0.1091E-14
498.8	0.1207E-14
517.8	0.1332E-14
537.5	0.1469E-14
558.0	0.1618E-14
579.2	0.1780E-14
601.3	0.1956E-14
624.2	0.2148E-14
648.0	0.2355E-14
672.6	0.2580E-14
698.3	0.2824E-14
724.9	0.3088E-14
752.5	0.3373E-14
781.1	0.3682E-14
810.9	0.4015E-14
841.8	0.4374E-14
873.8	0.4761E-14
907.1	0.5178E-14
941.6	0.5626E-14
977.5	0.6109E-14
1015.	0.6627E-14
1053.	0.7183E-14
1094.	0.7779E-14
1135.	0.8417E-14
1178.	0.9101E-14
1223.	0.9831E-14
1270.	0.1061E-13
1318.	0.1144E-13
1368.	0.1233E-13
1421.	0.1328E-13
1475.	0.1428E-13
1531.	0.1535E-13
1589.	0.1649E-13
1650.	0.1769E-13
1712.	0.1897E-13
1778.	0.2032E-13
1845.	0.2175E-13
1916.	0.2326E-13
1989.	0.2485E-13
2064.	0.2653E-13
2143.	0.2830E-13
2225.	0.3016E-13
2309.	0.3212E-13
2397.	0.3417E-13
2489.	0.3632E-13
2583.	0.3858E-13
2682.	0.4094E-13
2784.	0.4342E-13
2890.	0.4600E-13
3000.	0.4869E-13
 
 
E/N (Td)	Total attachment freq. /N (m3/s)
0.1000E-02	0.1776E-19
0.1038E-02	0.1776E-19
0.1078E-02	0.1776E-19
0.1119E-02	0.1776E-19
0.1161E-02	0.1776E-19
0.1205E-02	0.1776E-19
0.1251E-02	0.1776E-19
0.1299E-02	0.1776E-19
0.1349E-02	0.1776E-19
0.1400E-02	0.1776E-19
0.1453E-02	0.1776E-19
0.1509E-02	0.1776E-19
0.1566E-02	0.1776E-19
0.1626E-02	0.1776E-19
0.1688E-02	0.1776E-19
0.1752E-02	0.1776E-19
0.1819E-02	0.1776E-19
0.1888E-02	0.1776E-19
0.1960E-02	0.1776E-19
0.2034E-02	0.1776E-19
0.2112E-02	0.1776E-19
0.2192E-02	0.1776E-19
0.2276E-02	0.1776E-19
0.2362E-02	0.1776E-19
0.2452E-02	0.1776E-19
0.2546E-02	0.1776E-19
0.2643E-02	0.1776E-19
0.2743E-02	0.1776E-19
0.2848E-02	0.1776E-19
0.2956E-02	0.1776E-19
0.3069E-02	0.1776E-19
0.3186E-02	0.1776E-19
0.3307E-02	0.1776E-19
0.3433E-02	0.1776E-19
0.3564E-02	0.1776E-19
0.3700E-02	0.1776E-19
0.3841E-02	0.1776E-19
0.3987E-02	0.1776E-19
0.4139E-02	0.1776E-19
0.4296E-02	0.1776E-19
0.4460E-02	0.1776E-19
0.4630E-02	0.1776E-19
0.4806E-02	0.1776E-19
0.4989E-02	0.1776E-19
0.5179E-02	0.1776E-19
0.5377E-02	0.1776E-19
0.5581E-02	0.1776E-19
0.5794E-02	0.1776E-19
0.6015E-02	0.1776E-19
0.6244E-02	0.1776E-19
0.6481E-02	0.1776E-19
0.6728E-02	0.1776E-19
0.6985E-02	0.1776E-19
0.7251E-02	0.1776E-19
0.7527E-02	0.1776E-19
0.7813E-02	0.1776E-19
0.8111E-02	0.1776E-19
0.8420E-02	0.1776E-19
0.8741E-02	0.1776E-19
0.9073E-02	0.1776E-19
0.9419E-02	0.1776E-19
0.9778E-02	0.1776E-19
0.1015E-01	0.1776E-19
0.1054E-01	0.1776E-19
0.1094E-01	0.1776E-19
0.1135E-01	0.1776E-19
0.1179E-01	0.1776E-19
0.1224E-01	0.1776E-19
0.1270E-01	0.1776E-19
0.1319E-01	0.1776E-19
0.1369E-01	0.1776E-19
0.1421E-01	0.1776E-19
0.1475E-01	0.1776E-19
0.1531E-01	0.1776E-19
0.1590E-01	0.1776E-19
0.1650E-01	0.1776E-19
0.1713E-01	0.1776E-19
0.1778E-01	0.1776E-19
0.1846E-01	0.1776E-19
0.1916E-01	0.1776E-19
0.1989E-01	0.1776E-19
0.2065E-01	0.1776E-19
0.2144E-01	0.1776E-19
0.2225E-01	0.1776E-19
0.2310E-01	0.1776E-19
0.2398E-01	0.1776E-19
0.2489E-01	0.1776E-19
0.2584E-01	0.1776E-19
0.2682E-01	0.1776E-19
0.2785E-01	0.1776E-19
0.2891E-01	0.1776E-19
0.3001E-01	0.1776E-19
0.3115E-01	0.1776E-19
0.3234E-01	0.1776E-19
0.3357E-01	0.1776E-19
0.3485E-01	0.1776E-19
0.3617E-01	0.1776E-19
0.3755E-01	0.1776E-19
0.3898E-01	0.1776E-19
0.4047E-01	0.1776E-19
0.4201E-01	0.1776E-19
0.4361E-01	0.1776E-19
0.4527E-01	0.1776E-19
0.4699E-01	0.1776E-19
0.4878E-01	0.1776E-19
0.5064E-01	0.1776E-19
0.5257E-01	0.1776E-19
0.5457E-01	0.1776E-19
0.5665E-01	0.1776E-19
0.5881E-01	0.1776E-19
0.6105E-01	0.1776E-19
0.6337E-01	0.1776E-19
0.6579E-01	0.1776E-19
0.6829E-01	0.1776E-19
0.7089E-01	0.1776E-19
0.7359E-01	0.1776E-19
0.7640E-01	0.1776E-19
0.7931E-01	0.1776E-19
0.8233E-01	0.1776E-19
0.8546E-01	0.1776E-19
0.8872E-01	0.1776E-19
0.9210E-01	0.1776E-19
0.9560E-01	0.1776E-19
0.9924E-01	0.1776E-19
0.1030	0.1776E-19
0.1069	0.1776E-19
0.1110	0.1776E-19
0.1152	0.1776E-19
0.1196	0.1776E-19
0.1242	0.1776E-19
0.1289	0.1776E-19
0.1338	0.1776E-19
0.1389	0.1776E-19
0.1442	0.1776E-19
0.1497	0.1776E-19
0.1554	0.1776E-19
0.1613	0.1776E-19
0.1675	0.1776E-19
0.1739	0.1776E-19
0.1805	0.1776E-19
0.1874	0.1776E-19
0.1945	0.1776E-19
0.2019	0.1776E-19
0.2096	0.1776E-19
0.2176	0.1776E-19
0.2259	0.1776E-19
0.2345	0.1776E-19
0.2434	0.1776E-19
0.2527	0.1776E-19
0.2623	0.1776E-19
0.2723	0.1776E-19
0.2826	0.1776E-19
0.2934	0.1776E-19
0.3046	0.1776E-19
0.3162	0.1776E-19
0.3282	0.1776E-19
0.3407	0.1776E-19
0.3537	0.1777E-19
0.3672	0.1777E-19
0.3812	0.1777E-19
0.3957	0.1777E-19
0.4107	0.1777E-19
0.4264	0.1777E-19
0.4426	0.1777E-19
0.4595	0.1777E-19
0.4770	0.1777E-19
0.4952	0.1777E-19
0.5140	0.1777E-19
0.5336	0.1777E-19
0.5539	0.1777E-19
0.5750	0.1777E-19
0.5969	0.1778E-19
0.6196	0.1778E-19
0.6432	0.1778E-19
0.6677	0.1778E-19
0.6932	0.1778E-19
0.7196	0.1778E-19
0.7470	0.1779E-19
0.7754	0.1779E-19
0.8050	0.1779E-19
0.8356	0.1779E-19
0.8674	0.1779E-19
0.9005	0.1780E-19
0.9348	0.1780E-19
0.9704	0.1780E-19
1.007	0.1781E-19
1.046	0.1781E-19
1.086	0.1781E-19
1.127	0.1782E-19
1.170	0.1782E-19
1.214	0.1783E-19
1.261	0.1783E-19
1.309	0.1784E-19
1.358	0.1784E-19
1.410	0.1785E-19
1.464	0.1785E-19
1.520	0.1786E-19
1.578	0.1787E-19
1.638	0.1788E-19
1.700	0.1788E-19
1.765	0.1789E-19
1.832	0.1790E-19
1.902	0.1791E-19
1.974	0.1793E-19
2.049	0.1794E-19
2.127	0.1795E-19
2.208	0.1797E-19
2.293	0.1798E-19
2.380	0.1800E-19
2.470	0.1801E-19
2.565	0.1803E-19
2.662	0.1805E-19
2.764	0.1807E-19
2.869	0.1810E-19
2.978	0.1812E-19
3.092	0.1815E-19
3.209	0.1818E-19
3.332	0.1821E-19
3.458	0.1824E-19
3.590	0.1828E-19
3.727	0.1832E-19
3.869	0.1836E-19
4.016	0.1840E-19
4.169	0.1845E-19
4.328	0.1849E-19
4.493	0.1855E-19
4.664	0.1860E-19
4.841	0.1866E-19
5.026	0.1873E-19
5.217	0.1880E-19
5.416	0.1887E-19
5.622	0.1895E-19
5.836	0.1903E-19
6.059	0.1912E-19
6.289	0.1921E-19
6.529	0.1931E-19
6.778	0.1942E-19
7.036	0.1953E-19
7.304	0.1965E-19
7.582	0.1978E-19
7.871	0.1991E-19
8.170	0.2005E-19
8.482	0.2021E-19
8.805	0.2033E-19
9.140	0.2050E-19
9.488	0.2068E-19
9.849	0.2088E-19
10.22	0.2108E-19
10.61	0.2131E-19
11.02	0.2154E-19
11.44	0.2189E-19
11.87	0.2216E-19
12.33	0.2245E-19
12.80	0.2276E-19
13.28	0.2310E-19
13.79	0.2341E-19
14.31	0.2379E-19
14.86	0.2420E-19
15.42	0.2456E-19
16.01	0.2502E-19
16.62	0.2552E-19
17.25	0.2589E-19
17.91	0.2646E-19
18.59	0.2754E-19
19.30	0.2823E-19
20.04	0.2899E-19
20.80	0.2980E-19
21.59	0.3068E-19
22.42	0.3161E-19
23.27	0.3266E-19
24.16	0.3380E-19
25.08	0.3505E-19
26.03	0.3643E-19
27.02	0.3796E-19
28.05	0.3965E-19
29.12	0.4156E-19
30.23	0.4369E-19
31.38	0.4610E-19
32.57	0.4927E-19
33.82	0.5250E-19
35.10	0.5590E-19
36.44	0.6029E-19
37.83	0.6551E-19
39.27	0.7219E-19
40.76	0.7992E-19
42.32	0.8941E-19
43.93	0.1009E-18
45.60	0.1153E-18
47.34	0.1331E-18
49.14	0.1679E-18
51.01	0.1964E-18
52.96	0.2307E-18
54.97	0.2708E-18
57.07	0.3179E-18
59.24	0.3710E-18
61.50	0.4309E-18
63.84	0.4956E-18
66.27	0.5652E-18
68.79	0.6368E-18
71.41	0.7101E-18
74.13	0.7824E-18
76.96	0.8521E-18
79.89	0.9171E-18
82.93	0.9767E-18
86.09	0.1030E-17
89.37	0.1075E-17
92.77	0.1112E-17
96.31	0.1141E-17
99.97	0.1162E-17
103.8	0.1176E-17
107.7	0.1183E-17
111.8	0.1183E-17
116.1	0.1178E-17
120.5	0.1168E-17
125.1	0.1154E-17
129.9	0.1137E-17
134.8	0.1117E-17
140.0	0.1096E-17
145.3	0.1074E-17
150.8	0.1051E-17
156.6	0.1027E-17
162.5	0.1004E-17
168.7	0.9811E-18
175.1	0.9585E-18
181.8	0.9364E-18
188.7	0.9150E-18
195.9	0.8942E-18
203.4	0.8741E-18
211.1	0.8547E-18
219.2	0.8360E-18
227.5	0.8179E-18
236.2	0.8005E-18
245.2	0.7836E-18
254.5	0.7672E-18
264.2	0.7514E-18
274.3	0.7361E-18
284.7	0.7212E-18
295.6	0.7067E-18
306.8	0.6925E-18
318.5	0.6788E-18
330.6	0.6653E-18
343.2	0.6522E-18
356.3	0.6393E-18
369.9	0.6267E-18
384.0	0.6143E-18
398.6	0.6022E-18
413.8	0.5902E-18
429.5	0.5784E-18
445.9	0.5668E-18
462.9	0.5554E-18
480.5	0.5441E-18
498.8	0.5330E-18
517.8	0.5220E-18
537.5	0.5112E-18
558.0	0.5004E-18
579.2	0.4898E-18
601.3	0.4793E-18
624.2	0.4689E-18
648.0	0.4586E-18
672.6	0.4484E-18
698.3	0.4384E-18
724.9	0.4284E-18
752.5	0.4185E-18
781.1	0.4087E-18
810.9	0.3991E-18
841.8	0.3895E-18
873.8	0.3800E-18
907.1	0.3706E-18
941.6	0.3614E-18
977.5	0.3522E-18
1015.	0.3431E-18
1053.	0.3342E-18
1094.	0.3253E-18
1135.	0.3166E-18
1178.	0.3080E-18
1223.	0.2995E-18
1270.	0.2911E-18
1318.	0.2829E-18
1368.	0.2747E-18
1421.	0.2667E-18
1475.	0.2589E-18
1531.	0.2511E-18
1589.	0.2435E-18
1650.	0.2360E-18
1712.	0.2287E-18
1778.	0.2215E-18
1845.	0.2145E-18
1916.	0.2076E-18
1989.	0.2008E-18
2064.	0.1942E-18
2143.	0.1878E-18
2225.	0.1815E-18
2309.	0.1753E-18
2397.	0.1693E-18
2489.	0.1634E-18
2583.	0.1577E-18
2682.	0.1521E-18
2784.	0.1467E-18
2890.	0.1415E-18
3000.	0.1363E-18
 
 
E/N (Td)	Townsend ioniz. coef. alpha/N (m2)
0.1000E-02	0.000
0.1038E-02	0.000
0.1078E-02	0.000
0.1119E-02	0.000
0.1161E-02	0.000
0.1205E-02	0.000
0.1251E-02	0.000
0.1299E-02	0.000
0.1349E-02	0.000
0.1400E-02	0.000
0.1453E-02	0.000
0.1509E-02	0.000
0.1566E-02	0.000
0.1626E-02	0.000
0.1688E-02	0.000
0.1752E-02	0.000
0.1819E-02	0.000
0.1888E-02	0.000
0.1960E-02	0.000
0.2034E-02	0.000
0.2112E-02	0.000
0.2192E-02	0.000
0.2276E-02	0.000
0.2362E-02	0.000
0.2452E-02	0.000
0.2546E-02	0.000
0.2643E-02	0.000
0.2743E-02	0.000
0.2848E-02	0.000
0.2956E-02	0.000
0.3069E-02	0.000
0.3186E-02	0.000
0.3307E-02	0.000
0.3433E-02	0.000
0.3564E-02	0.000
0.3700E-02	0.000
0.3841E-02	0.000
0.3987E-02	0.000
0.4139E-02	0.000
0.4296E-02	0.000
0.4460E-02	0.000
0.4630E-02	0.000
0.4806E-02	0.000
0.4989E-02	0.000
0.5179E-02	0.000
0.5377E-02	0.000
0.5581E-02	0.000
0.5794E-02	0.000
0.6015E-02	0.000
0.6244E-02	0.000
0.6481E-02	0.000
0.6728E-02	0.000
0.6985E-02	0.000
0.7251E-02	0.000
0.7527E-02	0.000
0.7813E-02	0.000
0.8111E-02	0.000
0.8420E-02	0.000
0.8741E-02	0.000
0.9073E-02	0.000
0.9419E-02	0.000
0.9778E-02	0.000
0.1015E-01	0.000
0.1054E-01	0.000
0.1094E-01	0.000
0.1135E-01	0.000
0.1179E-01	0.000
0.1224E-01	0.000
0.1270E-01	0.000
0.1319E-01	0.000
0.1369E-01	0.000
0.1421E-01	0.000
0.1475E-01	0.000
0.1531E-01	0.000
0.1590E-01	0.000
0.1650E-01	0.000
0.1713E-01	0.000
0.1778E-01	0.000
0.1846E-01	0.000
0.1916E-01	0.000
0.1989E-01	0.000
0.2065E-01	0.000
0.2144E-01	0.000
0.2225E-01	0.000
0.2310E-01	0.000
0.2398E-01	0.000
0.2489E-01	0.000
0.2584E-01	0.000
0.2682E-01	0.000
0.2785E-01	0.000
0.2891E-01	0.000
0.3001E-01	0.000
0.3115E-01	0.000
0.3234E-01	0.000
0.3357E-01	0.000
0.3485E-01	0.000
0.3617E-01	0.000
0.3755E-01	0.000
0.3898E-01	0.000
0.4047E-01	0.000
0.4201E-01	0.000
0.4361E-01	0.000
0.4527E-01	0.000
0.4699E-01	0.000
0.4878E-01	0.000
0.5064E-01	0.000
0.5257E-01	0.000
0.5457E-01	0.000
0.5665E-01	0.000
0.5881E-01	0.000
0.6105E-01	0.000
0.6337E-01	0.000
0.6579E-01	0.000
0.6829E-01	0.000
0.7089E-01	0.000
0.7359E-01	0.000
0.7640E-01	0.000
0.7931E-01	0.000
0.8233E-01	0.000
0.8546E-01	0.000
0.8872E-01	0.000
0.9210E-01	0.000
0.9560E-01	0.000
0.9924E-01	0.000
0.1030	0.000
0.1069	0.000
0.1110	0.000
0.1152	0.000
0.1196	0.000
0.1242	0.000
0.1289	0.000
0.1338	0.000
0.1389	0.000
0.1442	0.000
0.1497	0.000
0.1554	0.000
0.1613	0.000
0.1675	0.000
0.1739	0.000
0.1805	0.000
0.1874	0.000
0.1945	0.000
0.2019	0.000
0.2096	0.000
0.2176	0.000
0.2259	0.000
0.2345	0.000
0.2434	0.000
0.2527	0.000
0.2623	0.000
0.2723	0.000
0.2826	0.000
0.2934	0.000
0.3046	0.000
0.3162	0.000
0.3282	0.000
0.3407	0.000
0.3537	0.000
0.3672	0.000
0.3812	0.000
0.3957	0.000
0.4107	0.000
0.4264	0.000
0.4426	0.000
0.4595	0.000
0.4770	0.000
0.4952	0.000
0.5140	0.000
0.5336	0.000
0.5539	0.000
0.5750	0.000
0.5969	0.000
0.6196	0.000
0.6432	0.000
0.6677	0.000
0.6932	0.000
0.7196	0.000
0.7470	0.000
0.7754	0.000
0.8050	0.000
0.8356	0.000
0.8674	0.000
0.9005	0.000
0.9348	0.000
0.9704	0.000
1.007	0.000
1.046	0.000
1.086	0.000
1.127	0.000
1.170	0.000
1.214	0.000
1.261	0.000
1.309	0.000
1.358	0.000
1.410	0.000
1.464	0.000
1.520	0.000
1.578	0.000
1.638	0.000
1.700	0.000
1.765	0.000
1.832	0.000
1.902	0.000
1.974	0.000
2.049	0.000
2.127	0.000
2.208	0.000
2.293	0.000
2.380	0.000
2.470	0.000
2.565	0.000
2.662	0.000
2.764	0.000
2.869	0.000
2.978	0.000
3.092	0.000
3.209	0.000
3.332	0.000
3.458	0.000
3.590	0.000
3.727	0.000
3.869	0.000
4.016	0.000
4.169	0.000
4.328	0.000
4.493	0.000
4.664	0.000
4.841	0.000
5.026	0.000
5.217	0.000
5.416	0.000
5.622	0.000
5.836	0.000
6.059	0.000
6.289	0.000
6.529	0.000
6.778	0.000
7.036	0.000
7.304	0.000
7.582	0.000
7.871	0.000
8.170	0.000
8.482	0.000
8.805	0.000
9.140	0.000
9.488	0.000
9.849	0.000
10.22	0.000
10.61	0.000
11.02	0.000
11.44	0.000
11.87	0.000
12.33	0.000
12.80	0.000
13.28	0.000
13.79	0.000
14.31	0.000
14.86	0.000
15.42	0.000
16.01	0.000
16.62	0.000
17.25	0.000
17.91	0.000
18.59	0.000
19.30	0.000
20.04	0.000
20.80	0.000
21.59	0.000
22.42	0.000
23.27	0.000
24.16	0.000
25.08	0.000
26.03	0.000
27.02	0.000
28.05	0.000
29.12	0.000
30.23	0.000
31.38	0.000
32.57	0.000
33.82	0.000
35.10	0.000
36.44	0.000
37.83	0.000
39.27	0.000
40.76	0.000
42.32	0.000
43.93	0.000
45.60	0.000
47.34	0.000
49.14	0.000
51.01	0.000
52.96	0.000
54.97	0.000
57.07	0.000
59.24	0.1654E-29
61.50	0.5173E-29
63.84	0.1374E-27
66.27	0.4021E-27
68.79	0.1271E-26
71.41	0.3336E-26
74.13	0.8270E-26
76.96	0.1942E-25
79.89	0.4350E-25
82.93	0.9250E-25
86.09	0.1878E-24
89.37	0.3648E-24
92.77	0.6797E-24
96.31	0.1217E-23
99.97	0.2099E-23
103.8	0.3493E-23
107.7	0.5618E-23
111.8	0.8752E-23
116.1	0.1323E-22
120.5	0.1944E-22
125.1	0.2783E-22
129.9	0.3886E-22
134.8	0.5303E-22
140.0	0.7084E-22
145.3	0.9279E-22
150.8	0.1194E-21
156.6	0.1510E-21
162.5	0.1881E-21
168.7	0.2312E-21
175.1	0.2805E-21
181.8	0.3363E-21
188.7	0.3991E-21
195.9	0.4691E-21
203.4	0.5466E-21
211.1	0.6318E-21
219.2	0.7251E-21
227.5	0.8266E-21
236.2	0.9368E-21
245.2	0.1056E-20
254.5	0.1184E-20
264.2	0.1321E-20
274.3	0.1469E-20
284.7	0.1626E-20
295.6	0.1794E-20
306.8	0.1973E-20
318.5	0.2163E-20
330.6	0.2365E-20
343.2	0.2578E-20
356.3	0.2804E-20
369.9	0.3043E-20
384.0	0.3296E-20
398.6	0.3562E-20
413.8	0.3843E-20
429.5	0.4138E-20
445.9	0.4450E-20
462.9	0.4777E-20
480.5	0.5120E-20
498.8	0.5481E-20
517.8	0.5860E-20
537.5	0.6257E-20
558.0	0.6674E-20
579.2	0.7110E-20
601.3	0.7566E-20
624.2	0.8044E-20
648.0	0.8543E-20
672.6	0.9065E-20
698.3	0.9611E-20
724.9	0.1018E-19
752.5	0.1077E-19
781.1	0.1139E-19
810.9	0.1204E-19
841.8	0.1271E-19
873.8	0.1341E-19
907.1	0.1414E-19
941.6	0.1490E-19
977.5	0.1568E-19
1015.	0.1650E-19
1053.	0.1735E-19
1094.	0.1823E-19
1135.	0.1914E-19
1178.	0.2009E-19
1223.	0.2107E-19
1270.	0.2208E-19
1318.	0.2313E-19
1368.	0.2421E-19
1421.	0.2533E-19
1475.	0.2648E-19
1531.	0.2767E-19
1589.	0.2890E-19
1650.	0.3016E-19
1712.	0.3146E-19
1778.	0.3279E-19
1845.	0.3416E-19
1916.	0.3557E-19
1989.	0.3701E-19
2064.	0.3850E-19
2143.	0.4001E-19
2225.	0.4156E-19
2309.	0.4315E-19
2397.	0.4476E-19
2489.	0.4642E-19
2583.	0.4810E-19
2682.	0.4981E-19
2784.	0.5156E-19
2890.	0.5333E-19
3000.	0.5513E-19
 
 
E/N (Td)	Townsend attach. coef. eta/N (m2)
0.1000E-02	0.1473E-18
0.1038E-02	0.1417E-18
0.1078E-02	0.1365E-18
0.1119E-02	0.1315E-18
0.1161E-02	0.1267E-18
0.1205E-02	0.1220E-18
0.1251E-02	0.1176E-18
0.1299E-02	0.1133E-18
0.1349E-02	0.1091E-18
0.1400E-02	0.1051E-18
0.1453E-02	0.1012E-18
0.1509E-02	0.9753E-19
0.1566E-02	0.9395E-19
0.1626E-02	0.9050E-19
0.1688E-02	0.8718E-19
0.1752E-02	0.8398E-19
0.1819E-02	0.8090E-19
0.1888E-02	0.7794E-19
0.1960E-02	0.7508E-19
0.2034E-02	0.7232E-19
0.2112E-02	0.6967E-19
0.2192E-02	0.6711E-19
0.2276E-02	0.6465E-19
0.2362E-02	0.6228E-19
0.2452E-02	0.5999E-19
0.2546E-02	0.5779E-19
0.2643E-02	0.5567E-19
0.2743E-02	0.5363E-19
0.2848E-02	0.5166E-19
0.2956E-02	0.4977E-19
0.3069E-02	0.4794E-19
0.3186E-02	0.4618E-19
0.3307E-02	0.4449E-19
0.3433E-02	0.4285E-19
0.3564E-02	0.4128E-19
0.3700E-02	0.3977E-19
0.3841E-02	0.3831E-19
0.3987E-02	0.3690E-19
0.4139E-02	0.3555E-19
0.4296E-02	0.3425E-19
0.4460E-02	0.3299E-19
0.4630E-02	0.3178E-19
0.4806E-02	0.3061E-19
0.4989E-02	0.2949E-19
0.5179E-02	0.2841E-19
0.5377E-02	0.2737E-19
0.5581E-02	0.2636E-19
0.5794E-02	0.2539E-19
0.6015E-02	0.2446E-19
0.6244E-02	0.2356E-19
0.6481E-02	0.2270E-19
0.6728E-02	0.2187E-19
0.6985E-02	0.2107E-19
0.7251E-02	0.2029E-19
0.7527E-02	0.1955E-19
0.7813E-02	0.1883E-19
0.8111E-02	0.1814E-19
0.8420E-02	0.1747E-19
0.8741E-02	0.1683E-19
0.9073E-02	0.1622E-19
0.9419E-02	0.1562E-19
0.9778E-02	0.1505E-19
0.1015E-01	0.1450E-19
0.1054E-01	0.1396E-19
0.1094E-01	0.1345E-19
0.1135E-01	0.1296E-19
0.1179E-01	0.1248E-19
0.1224E-01	0.1202E-19
0.1270E-01	0.1158E-19
0.1319E-01	0.1116E-19
0.1369E-01	0.1075E-19
0.1421E-01	0.1035E-19
0.1475E-01	0.9975E-20
0.1531E-01	0.9609E-20
0.1590E-01	0.9256E-20
0.1650E-01	0.8917E-20
0.1713E-01	0.8589E-20
0.1778E-01	0.8274E-20
0.1846E-01	0.7971E-20
0.1916E-01	0.7678E-20
0.1989E-01	0.7397E-20
0.2065E-01	0.7125E-20
0.2144E-01	0.6864E-20
0.2225E-01	0.6612E-20
0.2310E-01	0.6369E-20
0.2398E-01	0.6136E-20
0.2489E-01	0.5911E-20
0.2584E-01	0.5694E-20
0.2682E-01	0.5485E-20
0.2785E-01	0.5284E-20
0.2891E-01	0.5090E-20
0.3001E-01	0.4903E-20
0.3115E-01	0.4723E-20
0.3234E-01	0.4550E-20
0.3357E-01	0.4383E-20
0.3485E-01	0.4222E-20
0.3617E-01	0.4067E-20
0.3755E-01	0.3918E-20
0.3898E-01	0.3774E-20
0.4047E-01	0.3636E-20
0.4201E-01	0.3502E-20
0.4361E-01	0.3374E-20
0.4527E-01	0.3250E-20
0.4699E-01	0.3131E-20
0.4878E-01	0.3016E-20
0.5064E-01	0.2905E-20
0.5257E-01	0.2799E-20
0.5457E-01	0.2696E-20
0.5665E-01	0.2597E-20
0.5881E-01	0.2502E-20
0.6105E-01	0.2410E-20
0.6337E-01	0.2322E-20
0.6579E-01	0.2236E-20
0.6829E-01	0.2154E-20
0.7089E-01	0.2075E-20
0.7359E-01	0.1999E-20
0.7640E-01	0.1926E-20
0.7931E-01	0.1855E-20
0.8233E-01	0.1787E-20
0.8546E-01	0.1722E-20
0.8872E-01	0.1658E-20
0.9210E-01	0.1598E-20
0.9560E-01	0.1539E-20
0.9924E-01	0.1483E-20
0.1030	0.1428E-20
0.1069	0.1376E-20
0.1110	0.1325E-20
0.1152	0.1277E-20
0.1196	0.1230E-20
0.1242	0.1185E-20
0.1289	0.1141E-20
0.1338	0.1099E-20
0.1389	0.1059E-20
0.1442	0.1020E-20
0.1497	0.9828E-21
0.1554	0.9467E-21
0.1613	0.9120E-21
0.1675	0.8786E-21
0.1739	0.8463E-21
0.1805	0.8153E-21
0.1874	0.7854E-21
0.1945	0.7566E-21
0.2019	0.7288E-21
0.2096	0.7021E-21
0.2176	0.6763E-21
0.2259	0.6515E-21
0.2345	0.6276E-21
0.2434	0.6046E-21
0.2527	0.5825E-21
0.2623	0.5611E-21
0.2723	0.5405E-21
0.2826	0.5207E-21
0.2934	0.5016E-21
0.3046	0.4832E-21
0.3162	0.4655E-21
0.3282	0.4484E-21
0.3407	0.4320E-21
0.3537	0.4162E-21
0.3672	0.4009E-21
0.3812	0.3862E-21
0.3957	0.3721E-21
0.4107	0.3584E-21
0.4264	0.3453E-21
0.4426	0.3326E-21
0.4595	0.3205E-21
0.4770	0.3087E-21
0.4952	0.2974E-21
0.5140	0.2865E-21
0.5336	0.2760E-21
0.5539	0.2659E-21
0.5750	0.2562E-21
0.5969	0.2468E-21
0.6196	0.2378E-21
0.6432	0.2291E-21
0.6677	0.2207E-21
0.6932	0.2126E-21
0.7196	0.2048E-21
0.7470	0.1974E-21
0.7754	0.1901E-21
0.8050	0.1832E-21
0.8356	0.1765E-21
0.8674	0.1701E-21
0.9005	0.1638E-21
0.9348	0.1579E-21
0.9704	0.1521E-21
1.007	0.1466E-21
1.046	0.1412E-21
1.086	0.1361E-21
1.127	0.1311E-21
1.170	0.1263E-21
1.214	0.1217E-21
1.261	0.1173E-21
1.309	0.1130E-21
1.358	0.1089E-21
1.410	0.1050E-21
1.464	0.1012E-21
1.520	0.9749E-22
1.578	0.9396E-22
1.638	0.9055E-22
1.700	0.8727E-22
1.765	0.8411E-22
1.832	0.8106E-22
1.902	0.7813E-22
1.974	0.7531E-22
2.049	0.7258E-22
2.127	0.6996E-22
2.208	0.6744E-22
2.293	0.6501E-22
2.380	0.6266E-22
2.470	0.6041E-22
2.565	0.5823E-22
2.662	0.5614E-22
2.764	0.5412E-22
2.869	0.5218E-22
2.978	0.5030E-22
3.092	0.4850E-22
3.209	0.4676E-22
3.332	0.4509E-22
3.458	0.4347E-22
3.590	0.4192E-22
3.727	0.4042E-22
3.869	0.3898E-22
4.016	0.3759E-22
4.169	0.3625E-22
4.328	0.3496E-22
4.493	0.3372E-22
4.664	0.3252E-22
4.841	0.3137E-22
5.026	0.3026E-22
5.217	0.2919E-22
5.416	0.2817E-22
5.622	0.2718E-22
5.836	0.2622E-22
6.059	0.2530E-22
6.289	0.2442E-22
6.529	0.2357E-22
6.778	0.2275E-22
7.036	0.2196E-22
7.304	0.2120E-22
7.582	0.2047E-22
7.871	0.1977E-22
8.170	0.1910E-22
8.482	0.1845E-22
8.805	0.1789E-22
9.140	0.1728E-22
9.488	0.1670E-22
9.849	0.1615E-22
10.22	0.1561E-22
10.61	0.1510E-22
11.02	0.1461E-22
11.44	0.1404E-22
11.87	0.1359E-22
12.33	0.1316E-22
12.80	0.1275E-22
13.28	0.1235E-22
13.79	0.1200E-22
14.31	0.1163E-22
14.86	0.1128E-22
15.42	0.1098E-22
16.01	0.1066E-22
16.62	0.1036E-22
17.25	0.1009E-22
17.91	0.9810E-23
18.59	0.9460E-23
19.30	0.9215E-23
20.04	0.8957E-23
20.80	0.8738E-23
21.59	0.8530E-23
22.42	0.8346E-23
23.27	0.8161E-23
24.16	0.7987E-23
25.08	0.7824E-23
26.03	0.7668E-23
27.02	0.7527E-23
28.05	0.7398E-23
29.12	0.7267E-23
30.23	0.7162E-23
31.38	0.7070E-23
32.57	0.6934E-23
33.82	0.6878E-23
35.10	0.6867E-23
36.44	0.6849E-23
37.83	0.6858E-23
39.27	0.6863E-23
40.76	0.6944E-23
42.32	0.7069E-23
43.93	0.7264E-23
45.60	0.7492E-23
47.34	0.7779E-23
49.14	0.8045E-23
51.01	0.8467E-23
52.96	0.8944E-23
54.97	0.9468E-23
57.07	0.1003E-22
59.24	0.1063E-22
61.50	0.1124E-22
63.84	0.1186E-22
66.27	0.1247E-22
68.79	0.1306E-22
71.41	0.1362E-22
74.13	0.1413E-22
76.96	0.1460E-22
79.89	0.1500E-22
82.93	0.1534E-22
86.09	0.1560E-22
89.37	0.1579E-22
92.77	0.1590E-22
96.31	0.1593E-22
99.97	0.1589E-22
103.8	0.1578E-22
107.7	0.1560E-22
111.8	0.1535E-22
116.1	0.1505E-22
120.5	0.1470E-22
125.1	0.1431E-22
129.9	0.1388E-22
134.8	0.1343E-22
140.0	0.1296E-22
145.3	0.1247E-22
150.8	0.1198E-22
156.6	0.1149E-22
162.5	0.1100E-22
168.7	0.1052E-22
175.1	0.1005E-22
181.8	0.9585E-23
188.7	0.9139E-23
195.9	0.8708E-23
203.4	0.8293E-23
211.1	0.7895E-23
219.2	0.7513E-23
227.5	0.7147E-23
236.2	0.6797E-23
245.2	0.6463E-23
254.5	0.6145E-23
264.2	0.5841E-23
274.3	0.5551E-23
284.7	0.5276E-23
295.6	0.5013E-23
306.8	0.4763E-23
318.5	0.4525E-23
330.6	0.4298E-23
343.2	0.4082E-23
356.3	0.3877E-23
369.9	0.3681E-23
384.0	0.3495E-23
398.6	0.3318E-23
413.8	0.3150E-23
429.5	0.2989E-23
445.9	0.2837E-23
462.9	0.2691E-23
480.5	0.2553E-23
498.8	0.2421E-23
517.8	0.2296E-23
537.5	0.2177E-23
558.0	0.2064E-23
579.2	0.1956E-23
601.3	0.1854E-23
624.2	0.1756E-23
648.0	0.1664E-23
672.6	0.1576E-23
698.3	0.1492E-23
724.9	0.1412E-23
752.5	0.1337E-23
781.1	0.1265E-23
810.9	0.1197E-23
841.8	0.1132E-23
873.8	0.1070E-23
907.1	0.1012E-23
941.6	0.9567E-24
977.5	0.9042E-24
1015.	0.8544E-24
1053.	0.8072E-24
1094.	0.7624E-24
1135.	0.7200E-24
1178.	0.6798E-24
1223.	0.6417E-24
1270.	0.6057E-24
1318.	0.5716E-24
1368.	0.5393E-24
1421.	0.5088E-24
1475.	0.4799E-24
1531.	0.4526E-24
1589.	0.4268E-24
1650.	0.4024E-24
1712.	0.3793E-24
1778.	0.3575E-24
1845.	0.3369E-24
1916.	0.3175E-24
1989.	0.2991E-24
2064.	0.2818E-24
2143.	0.2655E-24
2225.	0.2500E-24
2309.	0.2355E-24
2397.	0.2218E-24
2489.	0.2088E-24
2583.	0.1966E-24
2682.	0.1851E-24
2784.	0.1743E-24
2890.	0.1640E-24
3000.	0.1544E-24
 
 
E/N (Td)	Power /N (eV m3/s)
0.1000E-02	0.1205E-24
0.1038E-02	0.1301E-24
0.1078E-02	0.1402E-24
0.1119E-02	0.1510E-24
0.1161E-02	0.1628E-24
0.1205E-02	0.1754E-24
0.1251E-02	0.1890E-24
0.1299E-02	0.2037E-24
0.1349E-02	0.2195E-24
0.1400E-02	0.2365E-24
0.1453E-02	0.2549E-24
0.1509E-02	0.2747E-24
0.1566E-02	0.2960E-24
0.1626E-02	0.3190E-24
0.1688E-02	0.3438E-24
0.1752E-02	0.3704E-24
0.1819E-02	0.3992E-24
0.1888E-02	0.4302E-24
0.1960E-02	0.4636E-24
0.2034E-02	0.4996E-24
0.2112E-02	0.5383E-24
0.2192E-02	0.5801E-24
0.2276E-02	0.6251E-24
0.2362E-02	0.6737E-24
0.2452E-02	0.7260E-24
0.2546E-02	0.7823E-24
0.2643E-02	0.8430E-24
0.2743E-02	0.9085E-24
0.2848E-02	0.9790E-24
0.2956E-02	0.1055E-23
0.3069E-02	0.1137E-23
0.3186E-02	0.1225E-23
0.3307E-02	0.1320E-23
0.3433E-02	0.1423E-23
0.3564E-02	0.1533E-23
0.3700E-02	0.1652E-23
0.3841E-02	0.1780E-23
0.3987E-02	0.1919E-23
0.4139E-02	0.2068E-23
0.4296E-02	0.2228E-23
0.4460E-02	0.2401E-23
0.4630E-02	0.2587E-23
0.4806E-02	0.2788E-23
0.4989E-02	0.3005E-23
0.5179E-02	0.3238E-23
0.5377E-02	0.3489E-23
0.5581E-02	0.3760E-23
0.5794E-02	0.4052E-23
0.6015E-02	0.4366E-23
0.6244E-02	0.4705E-23
0.6481E-02	0.5071E-23
0.6728E-02	0.5464E-23
0.6985E-02	0.5888E-23
0.7251E-02	0.6345E-23
0.7527E-02	0.6838E-23
0.7813E-02	0.7369E-23
0.8111E-02	0.7941E-23
0.8420E-02	0.8557E-23
0.8741E-02	0.9221E-23
0.9073E-02	0.9937E-23
0.9419E-02	0.1071E-22
0.9778E-02	0.1154E-22
0.1015E-01	0.1244E-22
0.1054E-01	0.1340E-22
0.1094E-01	0.1444E-22
0.1135E-01	0.1556E-22
0.1179E-01	0.1677E-22
0.1224E-01	0.1807E-22
0.1270E-01	0.1947E-22
0.1319E-01	0.2099E-22
0.1369E-01	0.2261E-22
0.1421E-01	0.2437E-22
0.1475E-01	0.2626E-22
0.1531E-01	0.2830E-22
0.1590E-01	0.3050E-22
0.1650E-01	0.3286E-22
0.1713E-01	0.3542E-22
0.1778E-01	0.3816E-22
0.1846E-01	0.4113E-22
0.1916E-01	0.4432E-22
0.1989E-01	0.4776E-22
0.2065E-01	0.5147E-22
0.2144E-01	0.5546E-22
0.2225E-01	0.5977E-22
0.2310E-01	0.6441E-22
0.2398E-01	0.6940E-22
0.2489E-01	0.7479E-22
0.2584E-01	0.8060E-22
0.2682E-01	0.8685E-22
0.2785E-01	0.9360E-22
0.2891E-01	0.1009E-21
0.3001E-01	0.1087E-21
0.3115E-01	0.1171E-21
0.3234E-01	0.1262E-21
0.3357E-01	0.1360E-21
0.3485E-01	0.1466E-21
0.3617E-01	0.1580E-21
0.3755E-01	0.1702E-21
0.3898E-01	0.1834E-21
0.4047E-01	0.1977E-21
0.4201E-01	0.2130E-21
0.4361E-01	0.2295E-21
0.4527E-01	0.2474E-21
0.4699E-01	0.2666E-21
0.4878E-01	0.2872E-21
0.5064E-01	0.3095E-21
0.5257E-01	0.3336E-21
0.5457E-01	0.3595E-21
0.5665E-01	0.3874E-21
0.5881E-01	0.4174E-21
0.6105E-01	0.4498E-21
0.6337E-01	0.4848E-21
0.6579E-01	0.5224E-21
0.6829E-01	0.5629E-21
0.7089E-01	0.6066E-21
0.7359E-01	0.6537E-21
0.7640E-01	0.7045E-21
0.7931E-01	0.7591E-21
0.8233E-01	0.8181E-21
0.8546E-01	0.8816E-21
0.8872E-01	0.9500E-21
0.9210E-01	0.1024E-20
0.9560E-01	0.1103E-20
0.9924E-01	0.1189E-20
0.1030	0.1281E-20
0.1069	0.1381E-20
0.1110	0.1488E-20
0.1152	0.1603E-20
0.1196	0.1728E-20
0.1242	0.1862E-20
0.1289	0.2006E-20
0.1338	0.2162E-20
0.1389	0.2330E-20
0.1442	0.2511E-20
0.1497	0.2706E-20
0.1554	0.2916E-20
0.1613	0.3142E-20
0.1675	0.3386E-20
0.1739	0.3649E-20
0.1805	0.3932E-20
0.1874	0.4237E-20
0.1945	0.4566E-20
0.2019	0.4920E-20
0.2096	0.5302E-20
0.2176	0.5714E-20
0.2259	0.6157E-20
0.2345	0.6635E-20
0.2434	0.7150E-20
0.2527	0.7705E-20
0.2623	0.8303E-20
0.2723	0.8947E-20
0.2826	0.9642E-20
0.2934	0.1039E-19
0.3046	0.1120E-19
0.3162	0.1207E-19
0.3282	0.1300E-19
0.3407	0.1401E-19
0.3537	0.1510E-19
0.3672	0.1627E-19
0.3812	0.1753E-19
0.3957	0.1889E-19
0.4107	0.2036E-19
0.4264	0.2194E-19
0.4426	0.2364E-19
0.4595	0.2548E-19
0.4770	0.2746E-19
0.4952	0.2959E-19
0.5140	0.3188E-19
0.5336	0.3436E-19
0.5539	0.3702E-19
0.5750	0.3990E-19
0.5969	0.4299E-19
0.6196	0.4633E-19
0.6432	0.4992E-19
0.6677	0.5380E-19
0.6932	0.5797E-19
0.7196	0.6247E-19
0.7470	0.6732E-19
0.7754	0.7254E-19
0.8050	0.7817E-19
0.8356	0.8423E-19
0.8674	0.9077E-19
0.9005	0.9781E-19
0.9348	0.1054E-18
0.9704	0.1136E-18
1.007	0.1224E-18
1.046	0.1319E-18
1.086	0.1421E-18
1.127	0.1531E-18
1.170	0.1650E-18
1.214	0.1778E-18
1.261	0.1916E-18
1.309	0.2065E-18
1.358	0.2225E-18
1.410	0.2398E-18
1.464	0.2584E-18
1.520	0.2784E-18
1.578	0.3000E-18
1.638	0.3233E-18
1.700	0.3484E-18
1.765	0.3754E-18
1.832	0.4046E-18
1.902	0.4360E-18
1.974	0.4699E-18
2.049	0.5065E-18
2.127	0.5458E-18
2.208	0.5883E-18
2.293	0.6341E-18
2.380	0.6835E-18
2.470	0.7367E-18
2.565	0.7942E-18
2.662	0.8561E-18
2.764	0.9230E-18
2.869	0.9951E-18
2.978	0.1073E-17
3.092	0.1157E-17
3.209	0.1248E-17
3.332	0.1346E-17
3.458	0.1451E-17
3.590	0.1565E-17
3.727	0.1689E-17
3.869	0.1822E-17
4.016	0.1966E-17
4.169	0.2121E-17
4.328	0.2289E-17
4.493	0.2471E-17
4.664	0.2668E-17
4.841	0.2880E-17
5.026	0.3110E-17
5.217	0.3359E-17
5.416	0.3628E-17
5.622	0.3920E-17
5.836	0.4236E-17
6.059	0.4578E-17
6.289	0.4948E-17
6.529	0.5349E-17
6.778	0.5785E-17
7.036	0.6256E-17
7.304	0.6768E-17
7.582	0.7324E-17
7.871	0.7926E-17
8.170	0.8581E-17
8.482	0.9291E-17
8.805	0.1001E-16
9.140	0.1084E-16
9.488	0.1175E-16
9.849	0.1274E-16
10.22	0.1381E-16
10.61	0.1498E-16
11.02	0.1625E-16
11.44	0.1783E-16
11.87	0.1935E-16
12.33	0.2102E-16
12.80	0.2284E-16
13.28	0.2483E-16
13.79	0.2691E-16
14.31	0.2928E-16
14.86	0.3187E-16
15.42	0.3450E-16
16.01	0.3758E-16
16.62	0.4096E-16
17.25	0.4429E-16
17.91	0.4832E-16
18.59	0.5413E-16
19.30	0.5913E-16
20.04	0.6485E-16
20.80	0.7094E-16
21.59	0.7767E-16
22.42	0.8491E-16
23.27	0.9312E-16
24.16	0.1022E-15
25.08	0.1123E-15
26.03	0.1237E-15
27.02	0.1363E-15
28.05	0.1504E-15
29.12	0.1665E-15
30.23	0.1844E-15
31.38	0.2046E-15
32.57	0.2315E-15
33.82	0.2581E-15
35.10	0.2858E-15
36.44	0.3207E-15
37.83	0.3614E-15
39.27	0.4131E-15
40.76	0.4692E-15
42.32	0.5352E-15
43.93	0.6100E-15
45.60	0.7018E-15
47.34	0.8102E-15
49.14	0.1025E-14
51.01	0.1184E-14
52.96	0.1366E-14
54.97	0.1572E-14
57.07	0.1808E-14
59.24	0.2068E-14
61.50	0.2357E-14
63.84	0.2668E-14
66.27	0.3004E-14
68.79	0.3354E-14
71.41	0.3723E-14
74.13	0.4104E-14
76.96	0.4492E-14
79.89	0.4884E-14
82.93	0.5282E-14
86.09	0.5682E-14
89.37	0.6084E-14
92.77	0.6490E-14
96.31	0.6899E-14
99.97	0.7312E-14
103.8	0.7735E-14
107.7	0.8168E-14
111.8	0.8617E-14
116.1	0.9083E-14
120.5	0.9571E-14
125.1	0.1008E-13
129.9	0.1063E-13
134.8	0.1121E-13
140.0	0.1184E-13
145.3	0.1250E-13
150.8	0.1322E-13
156.6	0.1400E-13
162.5	0.1484E-13
168.7	0.1574E-13
175.1	0.1671E-13
181.8	0.1776E-13
188.7	0.1890E-13
195.9	0.2012E-13
203.4	0.2144E-13
211.1	0.2286E-13
219.2	0.2439E-13
227.5	0.2604E-13
236.2	0.2781E-13
245.2	0.2972E-13
254.5	0.3178E-13
264.2	0.3399E-13
274.3	0.3637E-13
284.7	0.3892E-13
295.6	0.4166E-13
306.8	0.4461E-13
318.5	0.4778E-13
330.6	0.5118E-13
343.2	0.5483E-13
356.3	0.5875E-13
369.9	0.6296E-13
384.0	0.6748E-13
398.6	0.7233E-13
413.8	0.7753E-13
429.5	0.8311E-13
445.9	0.8910E-13
462.9	0.9552E-13
480.5	0.1024E-12
498.8	0.1098E-12
517.8	0.1177E-12
537.5	0.1262E-12
558.0	0.1353E-12
579.2	0.1450E-12
601.3	0.1555E-12
624.2	0.1667E-12
648.0	0.1786E-12
672.6	0.1915E-12
698.3	0.2052E-12
724.9	0.2199E-12
752.5	0.2356E-12
781.1	0.2524E-12
810.9	0.2704E-12
841.8	0.2897E-12
873.8	0.3102E-12
907.1	0.3322E-12
941.6	0.3557E-12
977.5	0.3808E-12
1015.	0.4075E-12
1053.	0.4361E-12
1094.	0.4666E-12
1135.	0.4992E-12
1178.	0.5339E-12
1223.	0.5709E-12
1270.	0.6103E-12
1318.	0.6523E-12
1368.	0.6971E-12
1421.	0.7447E-12
1475.	0.7954E-12
1531.	0.8494E-12
1589.	0.9067E-12
1650.	0.9678E-12
1712.	0.1033E-11
1778.	0.1102E-11
1845.	0.1175E-11
1916.	0.1252E-11
1989.	0.1335E-11
2064.	0.1423E-11
2143.	0.1516E-11
2225.	0.1614E-11
2309.	0.1719E-11
2397.	0.1830E-11
2489.	0.1948E-11
2583.	0.2072E-11
2682.	0.2204E-11
2784.	0.2344E-11
2890.	0.2493E-11
3000.	0.2650E-11
 
 
E/N (Td)	Elastic power loss /N (eV m3/s)
0.1000E-02	0.5243E-22
0.1038E-02	-0.7804E-22
0.1078E-02	-0.7804E-22
0.1119E-02	-0.7804E-22
0.1161E-02	-0.7804E-22
0.1205E-02	-0.7804E-22
0.1251E-02	-0.7804E-22
0.1299E-02	-0.7804E-22
0.1349E-02	-0.7804E-22
0.1400E-02	-0.7804E-22
0.1453E-02	-0.7804E-22
0.1509E-02	-0.7804E-22
0.1566E-02	-0.7804E-22
0.1626E-02	-0.7804E-22
0.1688E-02	-0.7804E-22
0.1752E-02	-0.7804E-22
0.1819E-02	-0.7804E-22
0.1888E-02	-0.7804E-22
0.1960E-02	-0.7804E-22
0.2034E-02	-0.7804E-22
0.2112E-02	-0.7804E-22
0.2192E-02	-0.7804E-22
0.2276E-02	-0.7804E-22
0.2362E-02	-0.7804E-22
0.2452E-02	-0.7804E-22
0.2546E-02	-0.7804E-22
0.2643E-02	-0.7804E-22
0.2743E-02	-0.7804E-22
0.2848E-02	-0.7804E-22
0.2956E-02	-0.7804E-22
0.3069E-02	-0.7804E-22
0.3186E-02	-0.7804E-22
0.3307E-02	-0.7804E-22
0.3433E-02	-0.7804E-22
0.3564E-02	-0.7804E-22
0.3700E-02	-0.7804E-22
0.3841E-02	-0.7805E-22
0.3987E-02	-0.7805E-22
0.4139E-02	-0.7805E-22
0.4296E-02	-0.7805E-22
0.4460E-02	-0.7805E-22
0.4630E-02	-0.7805E-22
0.4806E-02	-0.7805E-22
0.4989E-02	-0.7805E-22
0.5179E-02	-0.7805E-22
0.5377E-02	-0.7805E-22
0.5581E-02	-0.7805E-22
0.5794E-02	-0.7805E-22
0.6015E-02	-0.7806E-22
0.6244E-02	-0.7806E-22
0.6481E-02	-0.7806E-22
0.6728E-02	-0.7806E-22
0.6985E-02	-0.7806E-22
0.7251E-02	-0.7806E-22
0.7527E-02	-0.7806E-22
0.7813E-02	-0.7807E-22
0.8111E-02	-0.7807E-22
0.8420E-02	-0.7807E-22
0.8741E-02	-0.7807E-22
0.9073E-02	-0.7808E-22
0.9419E-02	-0.7808E-22
0.9778E-02	-0.7808E-22
0.1015E-01	-0.7809E-22
0.1054E-01	-0.7809E-22
0.1094E-01	-0.7809E-22
0.1135E-01	-0.7810E-22
0.1179E-01	-0.7810E-22
0.1224E-01	-0.7811E-22
0.1270E-01	-0.7811E-22
0.1319E-01	-0.7812E-22
0.1369E-01	-0.7813E-22
0.1421E-01	-0.7813E-22
0.1475E-01	-0.7814E-22
0.1531E-01	-0.7815E-22
0.1590E-01	-0.7816E-22
0.1650E-01	-0.7816E-22
0.1713E-01	-0.7817E-22
0.1778E-01	-0.7819E-22
0.1846E-01	-0.7820E-22
0.1916E-01	-0.7821E-22
0.1989E-01	-0.7822E-22
0.2065E-01	-0.7824E-22
0.2144E-01	-0.7825E-22
0.2225E-01	-0.7827E-22
0.2310E-01	-0.7829E-22
0.2398E-01	-0.7831E-22
0.2489E-01	-0.7833E-22
0.2584E-01	-0.7835E-22
0.2682E-01	-0.7837E-22
0.2785E-01	-0.7840E-22
0.2891E-01	-0.7843E-22
0.3001E-01	-0.7846E-22
0.3115E-01	-0.7849E-22
0.3234E-01	-0.7852E-22
0.3357E-01	-0.7856E-22
0.3485E-01	-0.7860E-22
0.3617E-01	-0.7865E-22
0.3755E-01	-0.7869E-22
0.3898E-01	-0.7874E-22
0.4047E-01	-0.7880E-22
0.4201E-01	-0.7886E-22
0.4361E-01	-0.7892E-22
0.4527E-01	-0.7899E-22
0.4699E-01	-0.7906E-22
0.4878E-01	-0.7914E-22
0.5064E-01	-0.7923E-22
0.5257E-01	-0.7932E-22
0.5457E-01	-0.7942E-22
0.5665E-01	-0.7952E-22
0.5881E-01	-0.7964E-22
0.6105E-01	-0.7976E-22
0.6337E-01	-0.7989E-22
0.6579E-01	-0.8004E-22
0.6829E-01	-0.8019E-22
0.7089E-01	-0.8036E-22
0.7359E-01	-0.8054E-22
0.7640E-01	-0.8073E-22
0.7931E-01	-0.8094E-22
0.8233E-01	-0.8116E-22
0.8546E-01	-0.8140E-22
0.8872E-01	-0.8166E-22
0.9210E-01	-0.8194E-22
0.9560E-01	-0.8224E-22
0.9924E-01	-0.8256E-22
0.1030	-0.8291E-22
0.1069	-0.8328E-22
0.1110	-0.8368E-22
0.1152	-0.8411E-22
0.1196	-0.8457E-22
0.1242	-0.8507E-22
0.1289	-0.8561E-22
0.1338	-0.8618E-22
0.1389	-0.8680E-22
0.1442	-0.8746E-22
0.1497	-0.8817E-22
0.1554	-0.8894E-22
0.1613	-0.8976E-22
0.1675	-0.9063E-22
0.1739	-0.9158E-22
0.1805	-0.9258E-22
0.1874	-0.9366E-22
0.1945	-0.9482E-22
0.2019	-0.9606E-22
0.2096	-0.9738E-22
0.2176	-0.9879E-22
0.2259	-0.1003E-21
0.2345	-0.1019E-21
0.2434	-0.1036E-21
0.2527	-0.1054E-21
0.2623	-0.1074E-21
0.2723	-0.1094E-21
0.2826	-0.1116E-21
0.2934	-0.1139E-21
0.3046	-0.1164E-21
0.3162	-0.1189E-21
0.3282	-0.1216E-21
0.3407	-0.1245E-21
0.3537	-0.1275E-21
0.3672	-0.1306E-21
0.3812	-0.1338E-21
0.3957	-0.1371E-21
0.4107	-0.1406E-21
0.4264	-0.1441E-21
0.4426	-0.1476E-21
0.4595	-0.1512E-21
0.4770	-0.1548E-21
0.4952	-0.1583E-21
0.5140	-0.1617E-21
0.5336	-0.1649E-21
0.5539	-0.1678E-21
0.5750	-0.1703E-21
0.5969	-0.1723E-21
0.6196	-0.1737E-21
0.6432	-0.1741E-21
0.6677	-0.1735E-21
0.6932	-0.1716E-21
0.7196	-0.1681E-21
0.7470	-0.1626E-21
0.7754	-0.1547E-21
0.8050	-0.1439E-21
0.8356	-0.1298E-21
0.8674	-0.1116E-21
0.9005	-0.8859E-22
0.9348	-0.6001E-22
0.9704	-0.2485E-22
1.007	0.1798E-22
1.046	0.6972E-22
1.086	0.1318E-21
1.127	0.2058E-21
1.170	0.2935E-21
1.214	0.3969E-21
1.261	0.5182E-21
1.309	0.6599E-21
1.358	0.8248E-21
1.410	0.1016E-20
1.464	0.1236E-20
1.520	0.1490E-20
1.578	0.1780E-20
1.638	0.2111E-20
1.700	0.2489E-20
1.765	0.2916E-20
1.832	0.3400E-20
1.902	0.3944E-20
1.974	0.4556E-20
2.049	0.5240E-20
2.127	0.6004E-20
2.208	0.6854E-20
2.293	0.7796E-20
2.380	0.8837E-20
2.470	0.9985E-20
2.565	0.1125E-19
2.662	0.1263E-19
2.764	0.1414E-19
2.869	0.1578E-19
2.978	0.1757E-19
3.092	0.1950E-19
3.209	0.2159E-19
3.332	0.2384E-19
3.458	0.2625E-19
3.590	0.2883E-19
3.727	0.3160E-19
3.869	0.3454E-19
4.016	0.3767E-19
4.169	0.4098E-19
4.328	0.4449E-19
4.493	0.4820E-19
4.664	0.5210E-19
4.841	0.5619E-19
5.026	0.6049E-19
5.217	0.6499E-19
5.416	0.6970E-19
5.622	0.7461E-19
5.836	0.7972E-19
6.059	0.8503E-19
6.289	0.9055E-19
6.529	0.9628E-19
6.778	0.1022E-18
7.036	0.1083E-18
7.304	0.1147E-18
7.582	0.1212E-18
7.871	0.1280E-18
8.170	0.1349E-18
8.482	0.1420E-18
8.805	0.1030E-18
9.140	0.1090E-18
9.488	0.1152E-18
9.849	0.1215E-18
10.22	0.1281E-18
10.61	0.1348E-18
11.02	0.1416E-18
11.44	0.2812E-18
11.87	0.2917E-18
12.33	0.3023E-18
12.80	0.3131E-18
13.28	0.3241E-18
13.79	0.2951E-18
14.31	0.3057E-18
14.86	0.3164E-18
15.42	0.2588E-18
16.01	0.2681E-18
16.62	0.2776E-18
17.25	0.1536E-18
17.91	0.1606E-18
18.59	0.6966E-18
19.30	0.7123E-18
20.04	0.7643E-18
20.80	0.7808E-18
21.59	0.7974E-18
22.42	0.8610E-18
23.27	0.8784E-18
24.16	0.8959E-18
25.08	0.9136E-18
26.03	0.9798E-18
27.02	0.9984E-18
28.05	0.1017E-17
29.12	0.1085E-17
30.23	0.1105E-17
31.38	0.1126E-17
32.57	0.1185E-17
33.82	0.1208E-17
35.10	0.1307E-17
36.44	0.1332E-17
37.83	0.1358E-17
39.27	0.1434E-17
40.76	0.1468E-17
42.32	0.1505E-17
43.93	0.1589E-17
45.60	0.1641E-17
47.34	0.1704E-17
49.14	0.1675E-17
51.01	0.1788E-17
52.96	0.1923E-17
54.97	0.2084E-17
57.07	0.2278E-17
59.24	0.2508E-17
61.50	0.2781E-17
63.84	0.3100E-17
66.27	0.3472E-17
68.79	0.3899E-17
71.41	0.4387E-17
74.13	0.4938E-17
76.96	0.5555E-17
79.89	0.6240E-17
82.93	0.6996E-17
86.09	0.7825E-17
89.37	0.8727E-17
92.77	0.9704E-17
96.31	0.1075E-16
99.97	0.1187E-16
103.8	0.1306E-16
107.7	0.1431E-16
111.8	0.1562E-16
116.1	0.1698E-16
120.5	0.1837E-16
125.1	0.1980E-16
129.9	0.2126E-16
134.8	0.2273E-16
140.0	0.2420E-16
145.3	0.2567E-16
150.8	0.2714E-16
156.6	0.2859E-16
162.5	0.3003E-16
168.7	0.3144E-16
175.1	0.3283E-16
181.8	0.3420E-16
188.7	0.3555E-16
195.9	0.3687E-16
203.4	0.3816E-16
211.1	0.3944E-16
219.2	0.4069E-16
227.5	0.4193E-16
236.2	0.4316E-16
245.2	0.4436E-16
254.5	0.4556E-16
264.2	0.4675E-16
274.3	0.4793E-16
284.7	0.4911E-16
295.6	0.5029E-16
306.8	0.5147E-16
318.5	0.5265E-16
330.6	0.5384E-16
343.2	0.5503E-16
356.3	0.5624E-16
369.9	0.5746E-16
384.0	0.5869E-16
398.6	0.5995E-16
413.8	0.6122E-16
429.5	0.6252E-16
445.9	0.6384E-16
462.9	0.6519E-16
480.5	0.6657E-16
498.8	0.6798E-16
517.8	0.6943E-16
537.5	0.7092E-16
558.0	0.7246E-16
579.2	0.7403E-16
601.3	0.7566E-16
624.2	0.7734E-16
648.0	0.7907E-16
672.6	0.8086E-16
698.3	0.8272E-16
724.9	0.8464E-16
752.5	0.8663E-16
781.1	0.8870E-16
810.9	0.9084E-16
841.8	0.9307E-16
873.8	0.9539E-16
907.1	0.9780E-16
941.6	0.1003E-15
977.5	0.1029E-15
1015.	0.1056E-15
1053.	0.1085E-15
1094.	0.1114E-15
1135.	0.1145E-15
1178.	0.1178E-15
1223.	0.1211E-15
1270.	0.1246E-15
1318.	0.1283E-15
1368.	0.1321E-15
1421.	0.1362E-15
1475.	0.1404E-15
1531.	0.1447E-15
1589.	0.1493E-15
1650.	0.1541E-15
1712.	0.1591E-15
1778.	0.1644E-15
1845.	0.1699E-15
1916.	0.1756E-15
1989.	0.1816E-15
2064.	0.1880E-15
2143.	0.1946E-15
2225.	0.2015E-15
2309.	0.2087E-15
2397.	0.2163E-15
2489.	0.2242E-15
2583.	0.2326E-15
2682.	0.2413E-15
2784.	0.2504E-15
2890.	0.2600E-15
3000.	0.2701E-15
 
 
E/N (Td)	Inelastic power loss /N (eV m3/s)
0.1000E-02	0.6450E-21
0.1038E-02	0.7632E-21
0.1078E-02	0.7632E-21
0.1119E-02	0.7632E-21
0.1161E-02	0.7632E-21
0.1205E-02	0.7632E-21
0.1251E-02	0.7632E-21
0.1299E-02	0.7632E-21
0.1349E-02	0.7632E-21
0.1400E-02	0.7633E-21
0.1453E-02	0.7633E-21
0.1509E-02	0.7633E-21
0.1566E-02	0.7633E-21
0.1626E-02	0.7633E-21
0.1688E-02	0.7634E-21
0.1752E-02	0.7634E-21
0.1819E-02	0.7634E-21
0.1888E-02	0.7635E-21
0.1960E-02	0.7635E-21
0.2034E-02	0.7635E-21
0.2112E-02	0.7636E-21
0.2192E-02	0.7636E-21
0.2276E-02	0.7637E-21
0.2362E-02	0.7637E-21
0.2452E-02	0.7638E-21
0.2546E-02	0.7638E-21
0.2643E-02	0.7639E-21
0.2743E-02	0.7639E-21
0.2848E-02	0.7640E-21
0.2956E-02	0.7641E-21
0.3069E-02	0.7642E-21
0.3186E-02	0.7643E-21
0.3307E-02	0.7644E-21
0.3433E-02	0.7645E-21
0.3564E-02	0.7646E-21
0.3700E-02	0.7647E-21
0.3841E-02	0.7648E-21
0.3987E-02	0.7650E-21
0.4139E-02	0.7651E-21
0.4296E-02	0.7653E-21
0.4460E-02	0.7655E-21
0.4630E-02	0.7656E-21
0.4806E-02	0.7659E-21
0.4989E-02	0.7661E-21
0.5179E-02	0.7663E-21
0.5377E-02	0.7666E-21
0.5581E-02	0.7668E-21
0.5794E-02	0.7671E-21
0.6015E-02	0.7675E-21
0.6244E-02	0.7678E-21
0.6481E-02	0.7682E-21
0.6728E-02	0.7686E-21
0.6985E-02	0.7690E-21
0.7251E-02	0.7695E-21
0.7527E-02	0.7700E-21
0.7813E-02	0.7705E-21
0.8111E-02	0.7711E-21
0.8420E-02	0.7717E-21
0.8741E-02	0.7724E-21
0.9073E-02	0.7731E-21
0.9419E-02	0.7739E-21
0.9778E-02	0.7747E-21
0.1015E-01	0.7756E-21
0.1054E-01	0.7766E-21
0.1094E-01	0.7777E-21
0.1135E-01	0.7788E-21
0.1179E-01	0.7800E-21
0.1224E-01	0.7814E-21
0.1270E-01	0.7828E-21
0.1319E-01	0.7843E-21
0.1369E-01	0.7860E-21
0.1421E-01	0.7878E-21
0.1475E-01	0.7897E-21
0.1531E-01	0.7917E-21
0.1590E-01	0.7940E-21
0.1650E-01	0.7964E-21
0.1713E-01	0.7990E-21
0.1778E-01	0.8018E-21
0.1846E-01	0.8048E-21
0.1916E-01	0.8080E-21
0.1989E-01	0.8115E-21
0.2065E-01	0.8153E-21
0.2144E-01	0.8193E-21
0.2225E-01	0.8237E-21
0.2310E-01	0.8284E-21
0.2398E-01	0.8335E-21
0.2489E-01	0.8389E-21
0.2584E-01	0.8448E-21
0.2682E-01	0.8512E-21
0.2785E-01	0.8580E-21
0.2891E-01	0.8654E-21
0.3001E-01	0.8733E-21
0.3115E-01	0.8819E-21
0.3234E-01	0.8911E-21
0.3357E-01	0.9011E-21
0.3485E-01	0.9118E-21
0.3617E-01	0.9233E-21
0.3755E-01	0.9358E-21
0.3898E-01	0.9492E-21
0.4047E-01	0.9637E-21
0.4201E-01	0.9792E-21
0.4361E-01	0.9960E-21
0.4527E-01	0.1014E-20
0.4699E-01	0.1034E-20
0.4878E-01	0.1055E-20
0.5064E-01	0.1077E-20
0.5257E-01	0.1102E-20
0.5457E-01	0.1128E-20
0.5665E-01	0.1156E-20
0.5881E-01	0.1187E-20
0.6105E-01	0.1220E-20
0.6337E-01	0.1255E-20
0.6579E-01	0.1293E-20
0.6829E-01	0.1334E-20
0.7089E-01	0.1379E-20
0.7359E-01	0.1427E-20
0.7640E-01	0.1478E-20
0.7931E-01	0.1534E-20
0.8233E-01	0.1593E-20
0.8546E-01	0.1658E-20
0.8872E-01	0.1727E-20
0.9210E-01	0.1802E-20
0.9560E-01	0.1883E-20
0.9924E-01	0.1970E-20
0.1030	0.2063E-20
0.1069	0.2164E-20
0.1110	0.2273E-20
0.1152	0.2390E-20
0.1196	0.2516E-20
0.1242	0.2653E-20
0.1289	0.2799E-20
0.1338	0.2957E-20
0.1389	0.3128E-20
0.1442	0.3311E-20
0.1497	0.3509E-20
0.1554	0.3722E-20
0.1613	0.3952E-20
0.1675	0.4199E-20
0.1739	0.4466E-20
0.1805	0.4753E-20
0.1874	0.5063E-20
0.1945	0.5397E-20
0.2019	0.5756E-20
0.2096	0.6144E-20
0.2176	0.6561E-20
0.2259	0.7011E-20
0.2345	0.7496E-20
0.2434	0.8019E-20
0.2527	0.8582E-20
0.2623	0.9188E-20
0.2723	0.9842E-20
0.2826	0.1055E-19
0.2934	0.1131E-19
0.3046	0.1212E-19
0.3162	0.1301E-19
0.3282	0.1395E-19
0.3407	0.1498E-19
0.3537	0.1608E-19
0.3672	0.1727E-19
0.3812	0.1855E-19
0.3957	0.1993E-19
0.4107	0.2142E-19
0.4264	0.2302E-19
0.4426	0.2474E-19
0.4595	0.2660E-19
0.4770	0.2861E-19
0.4952	0.3077E-19
0.5140	0.3309E-19
0.5336	0.3560E-19
0.5539	0.3830E-19
0.5750	0.4121E-19
0.5969	0.4434E-19
0.6196	0.4771E-19
0.6432	0.5135E-19
0.6677	0.5527E-19
0.6932	0.5949E-19
0.7196	0.6404E-19
0.7470	0.6894E-19
0.7754	0.7421E-19
0.8050	0.7990E-19
0.8356	0.8602E-19
0.8674	0.9261E-19
0.9005	0.9971E-19
0.9348	0.1074E-18
0.9704	0.1156E-18
1.007	0.1245E-18
1.046	0.1340E-18
1.086	0.1443E-18
1.127	0.1554E-18
1.170	0.1673E-18
1.214	0.1802E-18
1.261	0.1940E-18
1.309	0.2089E-18
1.358	0.2249E-18
1.410	0.2422E-18
1.464	0.2608E-18
1.520	0.2808E-18
1.578	0.3024E-18
1.638	0.3256E-18
1.700	0.3506E-18
1.765	0.3776E-18
1.832	0.4066E-18
1.902	0.4378E-18
1.974	0.4714E-18
2.049	0.5076E-18
2.127	0.5467E-18
2.208	0.5887E-18
2.293	0.6340E-18
2.380	0.6828E-18
2.470	0.7355E-18
2.565	0.7922E-18
2.662	0.8533E-18
2.764	0.9192E-18
2.869	0.9904E-18
2.978	0.1067E-17
3.092	0.1150E-17
3.209	0.1239E-17
3.332	0.1335E-17
3.458	0.1439E-17
3.590	0.1552E-17
3.727	0.1673E-17
3.869	0.1804E-17
4.016	0.1946E-17
4.169	0.2099E-17
4.328	0.2264E-17
4.493	0.2443E-17
4.664	0.2637E-17
4.841	0.2846E-17
5.026	0.3073E-17
5.217	0.3318E-17
5.416	0.3584E-17
5.622	0.3871E-17
5.836	0.4183E-17
6.059	0.4521E-17
6.289	0.4886E-17
6.529	0.5283E-17
6.778	0.5713E-17
7.036	0.6180E-17
7.304	0.6687E-17
7.582	0.7236E-17
7.871	0.7833E-17
8.170	0.8482E-17
8.482	0.9187E-17
8.805	0.9912E-17
9.140	0.1074E-16
9.488	0.1164E-16
9.849	0.1262E-16
10.22	0.1369E-16
10.61	0.1485E-16
11.02	0.1612E-16
11.44	0.1764E-16
11.87	0.1916E-16
12.33	0.2082E-16
12.80	0.2263E-16
13.28	0.2461E-16
13.79	0.2670E-16
14.31	0.2906E-16
14.86	0.3164E-16
15.42	0.3431E-16
16.01	0.3739E-16
16.62	0.4076E-16
17.25	0.4411E-16
17.91	0.4813E-16
18.59	0.5372E-16
19.30	0.5871E-16
20.04	0.6440E-16
20.80	0.7048E-16
21.59	0.7718E-16
22.42	0.8447E-16
23.27	0.9266E-16
24.16	0.1018E-15
25.08	0.1118E-15
26.03	0.1232E-15
27.02	0.1358E-15
28.05	0.1498E-15
29.12	0.1661E-15
30.23	0.1840E-15
31.38	0.2042E-15
32.57	0.2310E-15
33.82	0.2577E-15
35.10	0.2853E-15
36.44	0.3203E-15
37.83	0.3609E-15
39.27	0.4126E-15
40.76	0.4687E-15
42.32	0.5347E-15
43.93	0.6104E-15
45.60	0.7022E-15
47.34	0.8105E-15
49.14	0.1025E-14
51.01	0.1183E-14
52.96	0.1366E-14
54.97	0.1572E-14
57.07	0.1807E-14
59.24	0.2067E-14
61.50	0.2356E-14
63.84	0.2666E-14
66.27	0.3001E-14
68.79	0.3352E-14
71.41	0.3720E-14
74.13	0.4100E-14
76.96	0.4488E-14
79.89	0.4879E-14
82.93	0.5276E-14
86.09	0.5676E-14
89.37	0.6078E-14
92.77	0.6482E-14
96.31	0.6890E-14
99.97	0.7303E-14
103.8	0.7724E-14
107.7	0.8156E-14
111.8	0.8602E-14
116.1	0.9066E-14
120.5	0.9551E-14
125.1	0.1006E-13
129.9	0.1060E-13
134.8	0.1118E-13
140.0	0.1179E-13
145.3	0.1245E-13
150.8	0.1316E-13
156.6	0.1392E-13
162.5	0.1473E-13
168.7	0.1561E-13
175.1	0.1656E-13
181.8	0.1757E-13
188.7	0.1866E-13
195.9	0.1984E-13
203.4	0.2110E-13
211.1	0.2245E-13
219.2	0.2391E-13
227.5	0.2547E-13
236.2	0.2714E-13
245.2	0.2893E-13
254.5	0.3085E-13
264.2	0.3290E-13
274.3	0.3510E-13
284.7	0.3745E-13
295.6	0.3997E-13
306.8	0.4266E-13
318.5	0.4554E-13
330.6	0.4862E-13
343.2	0.5191E-13
356.3	0.5542E-13
369.9	0.5917E-13
384.0	0.6318E-13
398.6	0.6745E-13
413.8	0.7202E-13
429.5	0.7688E-13
445.9	0.8207E-13
462.9	0.8761E-13
480.5	0.9351E-13
498.8	0.9980E-13
517.8	0.1065E-12
537.5	0.1136E-12
558.0	0.1212E-12
579.2	0.1293E-12
601.3	0.1379E-12
624.2	0.1470E-12
648.0	0.1567E-12
672.6	0.1671E-12
698.3	0.1780E-12
724.9	0.1896E-12
752.5	0.2020E-12
781.1	0.2151E-12
810.9	0.2289E-12
841.8	0.2436E-12
873.8	0.2591E-12
907.1	0.2756E-12
941.6	0.2930E-12
977.5	0.3113E-12
1015.	0.3307E-12
1053.	0.3512E-12
1094.	0.3727E-12
1135.	0.3955E-12
1178.	0.4194E-12
1223.	0.4446E-12
1270.	0.4710E-12
1318.	0.4988E-12
1368.	0.5280E-12
1421.	0.5586E-12
1475.	0.5906E-12
1531.	0.6242E-12
1589.	0.6593E-12
1650.	0.6960E-12
1712.	0.7344E-12
1778.	0.7744E-12
1845.	0.8161E-12
1916.	0.8596E-12
1989.	0.9048E-12
2064.	0.9520E-12
2143.	0.1001E-11
2225.	0.1052E-11
2309.	0.1104E-11
2397.	0.1159E-11
2489.	0.1216E-11
2583.	0.1274E-11
2682.	0.1335E-11
2784.	0.1398E-11
2890.	0.1463E-11
3000.	0.1530E-11
 
 
E/N (Td)	Growth power /N (eV m3/s)
0.1000E-02	-0.6887E-21
0.1038E-02	-0.6887E-21
0.1078E-02	-0.6887E-21
0.1119E-02	-0.6887E-21
0.1161E-02	-0.6887E-21
0.1205E-02	-0.6887E-21
0.1251E-02	-0.6887E-21
0.1299E-02	-0.6887E-21
0.1349E-02	-0.6887E-21
0.1400E-02	-0.6887E-21
0.1453E-02	-0.6887E-21
0.1509E-02	-0.6887E-21
0.1566E-02	-0.6887E-21
0.1626E-02	-0.6887E-21
0.1688E-02	-0.6887E-21
0.1752E-02	-0.6887E-21
0.1819E-02	-0.6887E-21
0.1888E-02	-0.6887E-21
0.1960E-02	-0.6887E-21
0.2034E-02	-0.6887E-21
0.2112E-02	-0.6887E-21
0.2192E-02	-0.6887E-21
0.2276E-02	-0.6887E-21
0.2362E-02	-0.6887E-21
0.2452E-02	-0.6887E-21
0.2546E-02	-0.6887E-21
0.2643E-02	-0.6887E-21
0.2743E-02	-0.6887E-21
0.2848E-02	-0.6887E-21
0.2956E-02	-0.6887E-21
0.3069E-02	-0.6887E-21
0.3186E-02	-0.6887E-21
0.3307E-02	-0.6887E-21
0.3433E-02	-0.6887E-21
0.3564E-02	-0.6887E-21
0.3700E-02	-0.6887E-21
0.3841E-02	-0.6887E-21
0.3987E-02	-0.6887E-21
0.4139E-02	-0.6887E-21
0.4296E-02	-0.6887E-21
0.4460E-02	-0.6887E-21
0.4630E-02	-0.6887E-21
0.4806E-02	-0.6887E-21
0.4989E-02	-0.6887E-21
0.5179E-02	-0.6887E-21
0.5377E-02	-0.6887E-21
0.5581E-02	-0.6887E-21
0.5794E-02	-0.6887E-21
0.6015E-02	-0.6887E-21
0.6244E-02	-0.6887E-21
0.6481E-02	-0.6887E-21
0.6728E-02	-0.6887E-21
0.6985E-02	-0.6887E-21
0.7251E-02	-0.6887E-21
0.7527E-02	-0.6887E-21
0.7813E-02	-0.6887E-21
0.8111E-02	-0.6887E-21
0.8420E-02	-0.6887E-21
0.8741E-02	-0.6887E-21
0.9073E-02	-0.6887E-21
0.9419E-02	-0.6887E-21
0.9778E-02	-0.6887E-21
0.1015E-01	-0.6887E-21
0.1054E-01	-0.6887E-21
0.1094E-01	-0.6887E-21
0.1135E-01	-0.6887E-21
0.1179E-01	-0.6887E-21
0.1224E-01	-0.6887E-21
0.1270E-01	-0.6887E-21
0.1319E-01	-0.6887E-21
0.1369E-01	-0.6887E-21
0.1421E-01	-0.6887E-21
0.1475E-01	-0.6887E-21
0.1531E-01	-0.6887E-21
0.1590E-01	-0.6887E-21
0.1650E-01	-0.6887E-21
0.1713E-01	-0.6887E-21
0.1778E-01	-0.6887E-21
0.1846E-01	-0.6887E-21
0.1916E-01	-0.6887E-21
0.1989E-01	-0.6887E-21
0.2065E-01	-0.6887E-21
0.2144E-01	-0.6887E-21
0.2225E-01	-0.6887E-21
0.2310E-01	-0.6887E-21
0.2398E-01	-0.6887E-21
0.2489E-01	-0.6887E-21
0.2584E-01	-0.6887E-21
0.2682E-01	-0.6887E-21
0.2785E-01	-0.6887E-21
0.2891E-01	-0.6887E-21
0.3001E-01	-0.6887E-21
0.3115E-01	-0.6887E-21
0.3234E-01	-0.6887E-21
0.3357E-01	-0.6887E-21
0.3485E-01	-0.6887E-21
0.3617E-01	-0.6887E-21
0.3755E-01	-0.6887E-21
0.3898E-01	-0.6887E-21
0.4047E-01	-0.6887E-21
0.4201E-01	-0.6887E-21
0.4361E-01	-0.6887E-21
0.4527E-01	-0.6887E-21
0.4699E-01	-0.6887E-21
0.4878E-01	-0.6887E-21
0.5064E-01	-0.6887E-21
0.5257E-01	-0.6887E-21
0.5457E-01	-0.6887E-21
0.5665E-01	-0.6887E-21
0.5881E-01	-0.6887E-21
0.6105E-01	-0.6887E-21
0.6337E-01	-0.6887E-21
0.6579E-01	-0.6887E-21
0.6829E-01	-0.6887E-21
0.7089E-01	-0.6887E-21
0.7359E-01	-0.6887E-21
0.7640E-01	-0.6887E-21
0.7931E-01	-0.6887E-21
0.8233E-01	-0.6887E-21
0.8546E-01	-0.6887E-21
0.8872E-01	-0.6887E-21
0.9210E-01	-0.6887E-21
0.9560E-01	-0.6887E-21
0.9924E-01	-0.6887E-21
0.1030	-0.6887E-21
0.1069	-0.6888E-21
0.1110	-0.6888E-21
0.1152	-0.6888E-21
0.1196	-0.6888E-21
0.1242	-0.6888E-21
0.1289	-0.6888E-21
0.1338	-0.6888E-21
0.1389	-0.6888E-21
0.1442	-0.6888E-21
0.1497	-0.6888E-21
0.1554	-0.6888E-21
0.1613	-0.6888E-21
0.1675	-0.6888E-21
0.1739	-0.6888E-21
0.1805	-0.6888E-21
0.1874	-0.6888E-21
0.1945	-0.6888E-21
0.2019	-0.6888E-21
0.2096	-0.6888E-21
0.2176	-0.6888E-21
0.2259	-0.6889E-21
0.2345	-0.6889E-21
0.2434	-0.6889E-21
0.2527	-0.6889E-21
0.2623	-0.6889E-21
0.2723	-0.6889E-21
0.2826	-0.6889E-21
0.2934	-0.6890E-21
0.3046	-0.6890E-21
0.3162	-0.6890E-21
0.3282	-0.6890E-21
0.3407	-0.6890E-21
0.3537	-0.6891E-21
0.3672	-0.6891E-21
0.3812	-0.6891E-21
0.3957	-0.6891E-21
0.4107	-0.6892E-21
0.4264	-0.6892E-21
0.4426	-0.6892E-21
0.4595	-0.6893E-21
0.4770	-0.6893E-21
0.4952	-0.6894E-21
0.5140	-0.6894E-21
0.5336	-0.6895E-21
0.5539	-0.6895E-21
0.5750	-0.6896E-21
0.5969	-0.6897E-21
0.6196	-0.6897E-21
0.6432	-0.6898E-21
0.6677	-0.6899E-21
0.6932	-0.6900E-21
0.7196	-0.6901E-21
0.7470	-0.6902E-21
0.7754	-0.6903E-21
0.8050	-0.6904E-21
0.8356	-0.6905E-21
0.8674	-0.6907E-21
0.9005	-0.6908E-21
0.9348	-0.6910E-21
0.9704	-0.6911E-21
1.007	-0.6913E-21
1.046	-0.6915E-21
1.086	-0.6917E-21
1.127	-0.6920E-21
1.170	-0.6922E-21
1.214	-0.6925E-21
1.261	-0.6928E-21
1.309	-0.6931E-21
1.358	-0.6934E-21
1.410	-0.6938E-21
1.464	-0.6941E-21
1.520	-0.6946E-21
1.578	-0.6950E-21
1.638	-0.6955E-21
1.700	-0.6960E-21
1.765	-0.6966E-21
1.832	-0.6972E-21
1.902	-0.6979E-21
1.974	-0.6986E-21
2.049	-0.6994E-21
2.127	-0.7002E-21
2.208	-0.7011E-21
2.293	-0.7021E-21
2.380	-0.7032E-21
2.470	-0.7044E-21
2.565	-0.7056E-21
2.662	-0.7069E-21
2.764	-0.7084E-21
2.869	-0.7100E-21
2.978	-0.7116E-21
3.092	-0.7135E-21
3.209	-0.7154E-21
3.332	-0.7175E-21
3.458	-0.7198E-21
3.590	-0.7222E-21
3.727	-0.7248E-21
3.869	-0.7276E-21
4.016	-0.7306E-21
4.169	-0.7338E-21
4.328	-0.7372E-21
4.493	-0.7408E-21
4.664	-0.7447E-21
4.841	-0.7489E-21
5.026	-0.7533E-21
5.217	-0.7581E-21
5.416	-0.7631E-21
5.622	-0.7684E-21
5.836	-0.7741E-21
6.059	-0.7802E-21
6.289	-0.7867E-21
6.529	-0.7935E-21
6.778	-0.8008E-21
7.036	-0.8086E-21
7.304	-0.8168E-21
7.582	-0.8256E-21
7.871	-0.8349E-21
8.170	-0.8448E-21
8.482	-0.8554E-21
8.805	-0.8624E-21
9.140	-0.8741E-21
9.488	-0.8866E-21
9.849	-0.8998E-21
10.22	-0.9140E-21
10.61	-0.9291E-21
11.02	-0.9452E-21
11.44	-0.9724E-21
11.87	-0.9914E-21
12.33	-0.1012E-20
12.80	-0.1034E-20
13.28	-0.1057E-20
13.79	-0.1078E-20
14.31	-0.1105E-20
14.86	-0.1134E-20
15.42	-0.1157E-20
16.01	-0.1190E-20
16.62	-0.1226E-20
17.25	-0.1246E-20
17.91	-0.1287E-20
18.59	-0.1384E-20
19.30	-0.1436E-20
20.04	-0.1493E-20
20.80	-0.1556E-20
21.59	-0.1625E-20
22.42	-0.1702E-20
23.27	-0.1787E-20
24.16	-0.1881E-20
25.08	-0.1988E-20
26.03	-0.2109E-20
27.02	-0.2246E-20
28.05	-0.2403E-20
29.12	-0.2585E-20
30.23	-0.2798E-20
31.38	-0.3051E-20
32.57	-0.3391E-20
33.82	-0.3772E-20
35.10	-0.4225E-20
36.44	-0.4823E-20
37.83	-0.5601E-20
39.27	-0.6683E-20
40.76	-0.8096E-20
42.32	-0.1004E-19
43.93	-0.1278E-19
45.60	-0.1663E-19
47.34	-0.2213E-19
49.14	-0.3475E-19
51.01	-0.4779E-19
52.96	-0.6628E-19
54.97	-0.9181E-19
57.07	-0.1274E-18
59.24	-0.1749E-18
61.50	-0.2381E-18
63.84	-0.3183E-18
66.27	-0.4197E-18
68.79	-0.5417E-18
71.41	-0.6870E-18
74.13	-0.8540E-18
76.96	-0.1041E-17
79.89	-0.1243E-17
82.93	-0.1457E-17
86.09	-0.1677E-17
89.37	-0.1890E-17
92.77	-0.2081E-17
96.31	-0.2229E-17
99.97	-0.2296E-17
103.8	-0.2236E-17
107.7	-0.1974E-17
111.8	-0.1413E-17
116.1	-0.4204E-18
120.5	0.1175E-17
125.1	0.3587E-17
129.9	0.7076E-17
134.8	0.1195E-16
140.0	0.1858E-16
145.3	0.2736E-16
150.8	0.3878E-16
156.6	0.5334E-16
162.5	0.7163E-16
168.7	0.9427E-16
175.1	0.1220E-15
181.8	0.1555E-15
188.7	0.1956E-15
195.9	0.2433E-15
203.4	0.2996E-15
211.1	0.3655E-15
219.2	0.4424E-15
227.5	0.5314E-15
236.2	0.6341E-15
245.2	0.7522E-15
254.5	0.8873E-15
264.2	0.1042E-14
274.3	0.1217E-14
284.7	0.1416E-14
295.6	0.1642E-14
306.8	0.1896E-14
318.5	0.2183E-14
330.6	0.2507E-14
343.2	0.2870E-14
356.3	0.3278E-14
369.9	0.3735E-14
384.0	0.4246E-14
398.6	0.4818E-14
413.8	0.5457E-14
429.5	0.6169E-14
445.9	0.6964E-14
462.9	0.7849E-14
480.5	0.8833E-14
498.8	0.9929E-14
517.8	0.1115E-13
537.5	0.1250E-13
558.0	0.1400E-13
579.2	0.1566E-13
601.3	0.1751E-13
624.2	0.1955E-13
648.0	0.2181E-13
672.6	0.2432E-13
698.3	0.2709E-13
724.9	0.3015E-13
752.5	0.3354E-13
781.1	0.3728E-13
810.9	0.4141E-13
841.8	0.4596E-13
873.8	0.5098E-13
907.1	0.5652E-13
941.6	0.6262E-13
977.5	0.6933E-13
1015.	0.7673E-13
1053.	0.8485E-13
1094.	0.9379E-13
1135.	0.1036E-12
1178.	0.1144E-12
1223.	0.1262E-12
1270.	0.1392E-12
1318.	0.1534E-12
1368.	0.1690E-12
1421.	0.1860E-12
1475.	0.2047E-12
1531.	0.2250E-12
1589.	0.2473E-12
1650.	0.2716E-12
1712.	0.2981E-12
1778.	0.3270E-12
1845.	0.3585E-12
1916.	0.3928E-12
1989.	0.4301E-12
2064.	0.4707E-12
2143.	0.5147E-12
2225.	0.5625E-12
2309.	0.6144E-12
2397.	0.6707E-12
2489.	0.7316E-12
2583.	0.7976E-12
2682.	0.8690E-12
2784.	0.9462E-12
2890.	0.1030E-11
3000.	0.1120E-11
 
 
E/N (Td)	Maximum energy
0.1000E-02	0.7500
0.1038E-02	0.7500
0.1078E-02	0.7500
0.1119E-02	0.7500
0.1161E-02	0.7500
0.1205E-02	0.7500
0.1251E-02	0.7500
0.1299E-02	0.7500
0.1349E-02	0.7500
0.1400E-02	0.7500
0.1453E-02	0.7500
0.1509E-02	0.7500
0.1566E-02	0.7500
0.1626E-02	0.7500
0.1688E-02	0.7500
0.1752E-02	0.7500
0.1819E-02	0.7500
0.1888E-02	0.7500
0.1960E-02	0.7500
0.2034E-02	0.7500
0.2112E-02	0.7500
0.2192E-02	0.7500
0.2276E-02	0.7500
0.2362E-02	0.7500
0.2452E-02	0.7500
0.2546E-02	0.7500
0.2643E-02	0.7500
0.2743E-02	0.7500
0.2848E-02	0.7500
0.2956E-02	0.7500
0.3069E-02	0.7500
0.3186E-02	0.7500
0.3307E-02	0.7500
0.3433E-02	0.7500
0.3564E-02	0.7500
0.3700E-02	0.7500
0.3841E-02	0.7500
0.3987E-02	0.7500
0.4139E-02	0.7500
0.4296E-02	0.7500
0.4460E-02	0.7500
0.4630E-02	0.7500
0.4806E-02	0.7500
0.4989E-02	0.7500
0.5179E-02	0.7500
0.5377E-02	0.7500
0.5581E-02	0.7500
0.5794E-02	0.7500
0.6015E-02	0.7500
0.6244E-02	0.7500
0.6481E-02	0.7500
0.6728E-02	0.7500
0.6985E-02	0.7500
0.7251E-02	0.7500
0.7527E-02	0.7500
0.7813E-02	0.7500
0.8111E-02	0.7500
0.8420E-02	0.7500
0.8741E-02	0.7500
0.9073E-02	0.7500
0.9419E-02	0.7500
0.9778E-02	0.7500
0.1015E-01	0.7500
0.1054E-01	0.7500
0.1094E-01	0.7500
0.1135E-01	0.7500
0.1179E-01	0.7500
0.1224E-01	0.7500
0.1270E-01	0.7500
0.1319E-01	0.7500
0.1369E-01	0.7500
0.1421E-01	0.7500
0.1475E-01	0.7500
0.1531E-01	0.7500
0.1590E-01	0.7500
0.1650E-01	0.7500
0.1713E-01	0.7500
0.1778E-01	0.7500
0.1846E-01	0.7500
0.1916E-01	0.7500
0.1989E-01	0.7500
0.2065E-01	0.7500
0.2144E-01	0.7500
0.2225E-01	0.7500
0.2310E-01	0.7500
0.2398E-01	0.7500
0.2489E-01	0.7500
0.2584E-01	0.7500
0.2682E-01	0.7500
0.2785E-01	0.7500
0.2891E-01	0.7500
0.3001E-01	0.7500
0.3115E-01	0.7500
0.3234E-01	0.7500
0.3357E-01	0.7500
0.3485E-01	0.7500
0.3617E-01	0.7500
0.3755E-01	0.7500
0.3898E-01	0.7500
0.4047E-01	0.7500
0.4201E-01	0.7500
0.4361E-01	0.7500
0.4527E-01	0.7500
0.4699E-01	0.7500
0.4878E-01	0.7500
0.5064E-01	0.7500
0.5257E-01	0.7500
0.5457E-01	0.7500
0.5665E-01	0.7500
0.5881E-01	0.7500
0.6105E-01	0.7500
0.6337E-01	0.7500
0.6579E-01	0.7500
0.6829E-01	0.7500
0.7089E-01	0.7500
0.7359E-01	0.7500
0.7640E-01	0.7500
0.7931E-01	0.7500
0.8233E-01	0.7500
0.8546E-01	0.7500
0.8872E-01	0.7500
0.9210E-01	0.7500
0.9560E-01	0.7500
0.9924E-01	0.7500
0.1030	0.7500
0.1069	0.7500
0.1110	0.7500
0.1152	0.7500
0.1196	0.7500
0.1242	0.7500
0.1289	0.7500
0.1338	0.7500
0.1389	0.7500
0.1442	0.7500
0.1497	0.7500
0.1554	0.7500
0.1613	0.7500
0.1675	0.7500
0.1739	0.7500
0.1805	0.7500
0.1874	0.7500
0.1945	0.7500
0.2019	0.7500
0.2096	0.7500
0.2176	0.7500
0.2259	0.7500
0.2345	0.7500
0.2434	0.7500
0.2527	0.7500
0.2623	0.7500
0.2723	0.7500
0.2826	0.7500
0.2934	0.7500
0.3046	0.7500
0.3162	0.7500
0.3282	0.7500
0.3407	0.7500
0.3537	0.7500
0.3672	0.7500
0.3812	0.7500
0.3957	0.7500
0.4107	0.7500
0.4264	0.7500
0.4426	0.7500
0.4595	0.7500
0.4770	0.7500
0.4952	0.7500
0.5140	0.7500
0.5336	0.7500
0.5539	0.7500
0.5750	0.7500
0.5969	0.7500
0.6196	0.7500
0.6432	0.7500
0.6677	0.7500
0.6932	0.7500
0.7196	0.7500
0.7470	0.7500
0.7754	0.7500
0.8050	0.7500
0.8356	0.7500
0.8674	0.7500
0.9005	0.7500
0.9348	0.7500
0.9704	0.7500
1.007	0.7500
1.046	0.7500
1.086	0.7500
1.127	0.7500
1.170	0.7500
1.214	0.7500
1.261	0.7500
1.309	0.7500
1.358	0.7500
1.410	0.7500
1.464	0.7500
1.520	0.7500
1.578	0.7500
1.638	0.7500
1.700	0.7500
1.765	0.7500
1.832	0.7500
1.902	0.7500
1.974	0.7500
2.049	0.7500
2.127	0.7500
2.208	0.7500
2.293	0.7500
2.380	0.7500
2.470	0.7500
2.565	0.7500
2.662	0.7500
2.764	0.7500
2.869	0.7500
2.978	0.7500
3.092	0.7500
3.209	0.7500
3.332	0.7500
3.458	0.7500
3.590	0.7500
3.727	0.7500
3.869	0.7500
4.016	0.7500
4.169	0.7500
4.328	0.7500
4.493	0.7500
4.664	0.7500
4.841	0.7500
5.026	0.7500
5.217	0.7500
5.416	0.7500
5.622	0.7500
5.836	0.7500
6.059	0.7500
6.289	0.7500
6.529	0.7500
6.778	0.7500
7.036	0.7500
7.304	0.7500
7.582	0.7500
7.871	0.7500
8.170	0.7500
8.482	0.7500
8.805	0.8933
9.140	0.8933
9.488	0.8933
9.849	0.8933
10.22	0.8933
10.61	0.8933
11.02	0.8933
11.44	1.064
11.87	1.064
12.33	1.064
12.80	1.064
13.28	1.064
13.79	1.267
14.31	1.267
14.86	1.267
15.42	1.509
16.01	1.509
16.62	1.509
17.25	1.797
17.91	1.797
18.59	2.141
19.30	2.141
20.04	2.549
20.80	2.549
21.59	2.549
22.42	3.036
23.27	3.036
24.16	3.036
25.08	3.036
26.03	3.616
27.02	3.616
28.05	3.616
29.12	4.307
30.23	4.307
31.38	4.307
32.57	5.130
33.82	5.130
35.10	6.109
36.44	6.109
37.83	6.109
39.27	7.276
40.76	7.276
42.32	7.276
43.93	8.666
45.60	8.666
47.34	8.666
49.14	10.32
51.01	10.32
52.96	10.32
54.97	12.29
57.07	12.29
59.24	14.62
61.50	14.62
63.84	17.37
66.27	17.37
68.79	20.62
71.41	20.62
74.13	20.62
76.96	20.62
79.89	24.46
82.93	24.46
86.09	24.46
89.37	24.46
92.77	24.46
96.31	24.46
99.97	29.01
103.8	29.01
107.7	29.01
111.8	29.01
116.1	29.01
120.5	29.01
125.1	34.38
129.9	34.38
134.8	34.38
140.0	34.38
145.3	34.38
150.8	34.38
156.6	34.38
162.5	40.72
168.7	40.72
175.1	40.72
181.8	40.72
188.7	40.72
195.9	40.72
203.4	40.72
211.1	48.23
219.2	48.23
227.5	48.23
236.2	48.23
245.2	48.23
254.5	48.23
264.2	48.23
274.3	57.10
284.7	57.10
295.6	57.10
306.8	57.10
318.5	57.10
330.6	57.10
343.2	57.10
356.3	67.58
369.9	67.58
384.0	67.58
398.6	67.58
413.8	67.58
429.5	67.58
445.9	67.58
462.9	79.98
480.5	79.98
498.8	79.98
517.8	79.98
537.5	79.98
558.0	79.98
579.2	94.63
601.3	94.63
624.2	94.63
648.0	94.63
672.6	94.63
698.3	94.63
724.9	111.9
752.5	111.9
781.1	111.9
810.9	111.9
841.8	111.9
873.8	111.9
907.1	132.4
941.6	132.4
977.5	132.4
1015.	132.4
1053.	132.4
1094.	156.6
1135.	156.6
1178.	156.6
1223.	156.6
1270.	185.2
1318.	185.2
1368.	185.2
1421.	185.2
1475.	185.2
1531.	219.0
1589.	219.0
1650.	219.0
1712.	219.0
1778.	259.0
1845.	259.0
1916.	259.0
1989.	259.0
2064.	306.3
2143.	306.3
2225.	306.3
2309.	306.3
2397.	362.1
2489.	362.1
2583.	362.1
2682.	362.1
2784.	428.1
2890.	428.1
3000.	428.1
 
 
E/N (Td)	# of iterations
0.1000E-02	15.00
0.1038E-02	4.000
0.1078E-02	4.000
0.1119E-02	4.000
0.1161E-02	4.000
0.1205E-02	4.000
0.1251E-02	4.000
0.1299E-02	4.000
0.1349E-02	4.000
0.1400E-02	4.000
0.1453E-02	4.000
0.1509E-02	4.000
0.1566E-02	4.000
0.1626E-02	4.000
0.1688E-02	4.000
0.1752E-02	4.000
0.1819E-02	4.000
0.1888E-02	4.000
0.1960E-02	4.000
0.2034E-02	4.000
0.2112E-02	4.000
0.2192E-02	4.000
0.2276E-02	4.000
0.2362E-02	4.000
0.2452E-02	4.000
0.2546E-02	4.000
0.2643E-02	4.000
0.2743E-02	4.000
0.2848E-02	4.000
0.2956E-02	4.000
0.3069E-02	4.000
0.3186E-02	4.000
0.3307E-02	4.000
0.3433E-02	4.000
0.3564E-02	4.000
0.3700E-02	4.000
0.3841E-02	4.000
0.3987E-02	4.000
0.4139E-02	4.000
0.4296E-02	4.000
0.4460E-02	4.000
0.4630E-02	4.000
0.4806E-02	4.000
0.4989E-02	4.000
0.5179E-02	4.000
0.5377E-02	4.000
0.5581E-02	4.000
0.5794E-02	4.000
0.6015E-02	4.000
0.6244E-02	4.000
0.6481E-02	4.000
0.6728E-02	4.000
0.6985E-02	4.000
0.7251E-02	4.000
0.7527E-02	4.000
0.7813E-02	4.000
0.8111E-02	4.000
0.8420E-02	4.000
0.8741E-02	4.000
0.9073E-02	4.000
0.9419E-02	4.000
0.9778E-02	4.000
0.1015E-01	4.000
0.1054E-01	4.000
0.1094E-01	4.000
0.1135E-01	4.000
0.1179E-01	4.000
0.1224E-01	4.000
0.1270E-01	4.000
0.1319E-01	4.000
0.1369E-01	4.000
0.1421E-01	4.000
0.1475E-01	4.000
0.1531E-01	4.000
0.1590E-01	4.000
0.1650E-01	4.000
0.1713E-01	4.000
0.1778E-01	4.000
0.1846E-01	4.000
0.1916E-01	4.000
0.1989E-01	4.000
0.2065E-01	4.000
0.2144E-01	4.000
0.2225E-01	4.000
0.2310E-01	4.000
0.2398E-01	4.000
0.2489E-01	4.000
0.2584E-01	4.000
0.2682E-01	4.000
0.2785E-01	4.000
0.2891E-01	4.000
0.3001E-01	4.000
0.3115E-01	4.000
0.3234E-01	4.000
0.3357E-01	4.000
0.3485E-01	4.000
0.3617E-01	4.000
0.3755E-01	4.000
0.3898E-01	4.000
0.4047E-01	4.000
0.4201E-01	4.000
0.4361E-01	4.000
0.4527E-01	4.000
0.4699E-01	4.000
0.4878E-01	4.000
0.5064E-01	4.000
0.5257E-01	4.000
0.5457E-01	4.000
0.5665E-01	4.000
0.5881E-01	4.000
0.6105E-01	4.000
0.6337E-01	4.000
0.6579E-01	4.000
0.6829E-01	4.000
0.7089E-01	4.000
0.7359E-01	4.000
0.7640E-01	4.000
0.7931E-01	4.000
0.8233E-01	4.000
0.8546E-01	4.000
0.8872E-01	4.000
0.9210E-01	4.000
0.9560E-01	4.000
0.9924E-01	4.000
0.1030	4.000
0.1069	4.000
0.1110	4.000
0.1152	4.000
0.1196	4.000
0.1242	4.000
0.1289	4.000
0.1338	4.000
0.1389	4.000
0.1442	4.000
0.1497	4.000
0.1554	4.000
0.1613	4.000
0.1675	4.000
0.1739	4.000
0.1805	4.000
0.1874	4.000
0.1945	4.000
0.2019	4.000
0.2096	4.000
0.2176	4.000
0.2259	4.000
0.2345	4.000
0.2434	4.000
0.2527	4.000
0.2623	4.000
0.2723	4.000
0.2826	4.000
0.2934	4.000
0.3046	4.000
0.3162	4.000
0.3282	4.000
0.3407	4.000
0.3537	4.000
0.3672	4.000
0.3812	4.000
0.3957	4.000
0.4107	4.000
0.4264	4.000
0.4426	4.000
0.4595	4.000
0.4770	4.000
0.4952	4.000
0.5140	4.000
0.5336	4.000
0.5539	4.000
0.5750	4.000
0.5969	4.000
0.6196	4.000
0.6432	4.000
0.6677	4.000
0.6932	4.000
0.7196	4.000
0.7470	4.000
0.7754	4.000
0.8050	4.000
0.8356	4.000
0.8674	4.000
0.9005	4.000
0.9348	4.000
0.9704	4.000
1.007	4.000
1.046	4.000
1.086	4.000
1.127	4.000
1.170	4.000
1.214	4.000
1.261	4.000
1.309	4.000
1.358	4.000
1.410	4.000
1.464	4.000
1.520	4.000
1.578	4.000
1.638	4.000
1.700	4.000
1.765	4.000
1.832	4.000
1.902	4.000
1.974	4.000
2.049	4.000
2.127	4.000
2.208	4.000
2.293	4.000
2.380	4.000
2.470	4.000
2.565	4.000
2.662	4.000
2.764	4.000
2.869	4.000
2.978	4.000
3.092	4.000
3.209	4.000
3.332	4.000
3.458	4.000
3.590	4.000
3.727	4.000
3.869	4.000
4.016	4.000
4.169	4.000
4.328	4.000
4.493	4.000
4.664	4.000
4.841	4.000
5.026	4.000
5.217	4.000
5.416	4.000
5.622	4.000
5.836	4.000
6.059	4.000
6.289	4.000
6.529	4.000
6.778	4.000
7.036	4.000
7.304	4.000
7.582	4.000
7.871	4.000
8.170	4.000
8.482	4.000
8.805	8.000
9.140	4.000
9.488	4.000
9.849	4.000
10.22	4.000
10.61	4.000
11.02	4.000
11.44	8.000
11.87	4.000
12.33	4.000
12.80	4.000
13.28	4.000
13.79	8.000
14.31	4.000
14.86	4.000
15.42	8.000
16.01	4.000
16.62	4.000
17.25	8.000
17.91	4.000
18.59	8.000
19.30	4.000
20.04	8.000
20.80	4.000
21.59	4.000
22.42	8.000
23.27	4.000
24.16	4.000
25.08	4.000
26.03	8.000
27.02	4.000
28.05	4.000
29.12	8.000
30.23	4.000
31.38	4.000
32.57	8.000
33.82	4.000
35.10	8.000
36.44	4.000
37.83	4.000
39.27	8.000
40.76	4.000
42.32	4.000
43.93	9.000
45.60	5.000
47.34	5.000
49.14	9.000
51.01	4.000
52.96	4.000
54.97	8.000
57.07	4.000
59.24	8.000
61.50	4.000
63.84	8.000
66.27	4.000
68.79	8.000
71.41	4.000
74.13	4.000
76.96	4.000
79.89	8.000
82.93	4.000
86.09	4.000
89.37	4.000
92.77	4.000
96.31	4.000
99.97	8.000
103.8	4.000
107.7	4.000
111.8	4.000
116.1	4.000
120.5	4.000
125.1	8.000
129.9	4.000
134.8	4.000
140.0	4.000
145.3	4.000
150.8	4.000
156.6	4.000
162.5	8.000
168.7	4.000
175.1	4.000
181.8	4.000
188.7	4.000
195.9	4.000
203.4	4.000
211.1	8.000
219.2	4.000
227.5	4.000
236.2	5.000
245.2	5.000
254.5	5.000
264.2	5.000
274.3	10.00
284.7	5.000
295.6	5.000
306.8	5.000
318.5	5.000
330.6	5.000
343.2	5.000
356.3	10.00
369.9	5.000
384.0	5.000
398.6	5.000
413.8	5.000
429.5	5.000
445.9	5.000
462.9	10.00
480.5	5.000
498.8	5.000
517.8	5.000
537.5	5.000
558.0	6.000
579.2	11.00
601.3	6.000
624.2	6.000
648.0	6.000
672.6	6.000
698.3	6.000
724.9	12.00
752.5	6.000
781.1	6.000
810.9	6.000
841.8	6.000
873.8	6.000
907.1	12.00
941.6	6.000
977.5	6.000
1015.	6.000
1053.	6.000
1094.	12.00
1135.	6.000
1178.	6.000
1223.	6.000
1270.	12.00
1318.	6.000
1368.	6.000
1421.	6.000
1475.	6.000
1531.	12.00
1589.	6.000
1650.	6.000
1712.	6.000
1778.	12.00
1845.	6.000
1916.	6.000
1989.	6.000
2064.	12.00
2143.	6.000
2225.	6.000
2309.	6.000
2397.	13.00
2489.	7.000
2583.	6.000
2682.	6.000
2784.	13.00
2890.	7.000
3000.	6.000
 
 
E/N (Td)	# of grid trials
0.1000E-02	2.000
0.1038E-02	1.000
0.1078E-02	1.000
0.1119E-02	1.000
0.1161E-02	1.000
0.1205E-02	1.000
0.1251E-02	1.000
0.1299E-02	1.000
0.1349E-02	1.000
0.1400E-02	1.000
0.1453E-02	1.000
0.1509E-02	1.000
0.1566E-02	1.000
0.1626E-02	1.000
0.1688E-02	1.000
0.1752E-02	1.000
0.1819E-02	1.000
0.1888E-02	1.000
0.1960E-02	1.000
0.2034E-02	1.000
0.2112E-02	1.000
0.2192E-02	1.000
0.2276E-02	1.000
0.2362E-02	1.000
0.2452E-02	1.000
0.2546E-02	1.000
0.2643E-02	1.000
0.2743E-02	1.000
0.2848E-02	1.000
0.2956E-02	1.000
0.3069E-02	1.000
0.3186E-02	1.000
0.3307E-02	1.000
0.3433E-02	1.000
0.3564E-02	1.000
0.3700E-02	1.000
0.3841E-02	1.000
0.3987E-02	1.000
0.4139E-02	1.000
0.4296E-02	1.000
0.4460E-02	1.000
0.4630E-02	1.000
0.4806E-02	1.000
0.4989E-02	1.000
0.5179E-02	1.000
0.5377E-02	1.000
0.5581E-02	1.000
0.5794E-02	1.000
0.6015E-02	1.000
0.6244E-02	1.000
0.6481E-02	1.000
0.6728E-02	1.000
0.6985E-02	1.000
0.7251E-02	1.000
0.7527E-02	1.000
0.7813E-02	1.000
0.8111E-02	1.000
0.8420E-02	1.000
0.8741E-02	1.000
0.9073E-02	1.000
0.9419E-02	1.000
0.9778E-02	1.000
0.1015E-01	1.000
0.1054E-01	1.000
0.1094E-01	1.000
0.1135E-01	1.000
0.1179E-01	1.000
0.1224E-01	1.000
0.1270E-01	1.000
0.1319E-01	1.000
0.1369E-01	1.000
0.1421E-01	1.000
0.1475E-01	1.000
0.1531E-01	1.000
0.1590E-01	1.000
0.1650E-01	1.000
0.1713E-01	1.000
0.1778E-01	1.000
0.1846E-01	1.000
0.1916E-01	1.000
0.1989E-01	1.000
0.2065E-01	1.000
0.2144E-01	1.000
0.2225E-01	1.000
0.2310E-01	1.000
0.2398E-01	1.000
0.2489E-01	1.000
0.2584E-01	1.000
0.2682E-01	1.000
0.2785E-01	1.000
0.2891E-01	1.000
0.3001E-01	1.000
0.3115E-01	1.000
0.3234E-01	1.000
0.3357E-01	1.000
0.3485E-01	1.000
0.3617E-01	1.000
0.3755E-01	1.000
0.3898E-01	1.000
0.4047E-01	1.000
0.4201E-01	1.000
0.4361E-01	1.000
0.4527E-01	1.000
0.4699E-01	1.000
0.4878E-01	1.000
0.5064E-01	1.000
0.5257E-01	1.000
0.5457E-01	1.000
0.5665E-01	1.000
0.5881E-01	1.000
0.6105E-01	1.000
0.6337E-01	1.000
0.6579E-01	1.000
0.6829E-01	1.000
0.7089E-01	1.000
0.7359E-01	1.000
0.7640E-01	1.000
0.7931E-01	1.000
0.8233E-01	1.000
0.8546E-01	1.000
0.8872E-01	1.000
0.9210E-01	1.000
0.9560E-01	1.000
0.9924E-01	1.000
0.1030	1.000
0.1069	1.000
0.1110	1.000
0.1152	1.000
0.1196	1.000
0.1242	1.000
0.1289	1.000
0.1338	1.000
0.1389	1.000
0.1442	1.000
0.1497	1.000
0.1554	1.000
0.1613	1.000
0.1675	1.000
0.1739	1.000
0.1805	1.000
0.1874	1.000
0.1945	1.000
0.2019	1.000
0.2096	1.000
0.2176	1.000
0.2259	1.000
0.2345	1.000
0.2434	1.000
0.2527	1.000
0.2623	1.000
0.2723	1.000
0.2826	1.000
0.2934	1.000
0.3046	1.000
0.3162	1.000
0.3282	1.000
0.3407	1.000
0.3537	1.000
0.3672	1.000
0.3812	1.000
0.3957	1.000
0.4107	1.000
0.4264	1.000
0.4426	1.000
0.4595	1.000
0.4770	1.000
0.4952	1.000
0.5140	1.000
0.5336	1.000
0.5539	1.000
0.5750	1.000
0.5969	1.000
0.6196	1.000
0.6432	1.000
0.6677	1.000
0.6932	1.000
0.7196	1.000
0.7470	1.000
0.7754	1.000
0.8050	1.000
0.8356	1.000
0.8674	1.000
0.9005	1.000
0.9348	1.000
0.9704	1.000
1.007	1.000
1.046	1.000
1.086	1.000
1.127	1.000
1.170	1.000
1.214	1.000
1.261	1.000
1.309	1.000
1.358	1.000
1.410	1.000
1.464	1.000
1.520	1.000
1.578	1.000
1.638	1.000
1.700	1.000
1.765	1.000
1.832	1.000
1.902	1.000
1.974	1.000
2.049	1.000
2.127	1.000
2.208	1.000
2.293	1.000
2.380	1.000
2.470	1.000
2.565	1.000
2.662	1.000
2.764	1.000
2.869	1.000
2.978	1.000
3.092	1.000
3.209	1.000
3.332	1.000
3.458	1.000
3.590	1.000
3.727	1.000
3.869	1.000
4.016	1.000
4.169	1.000
4.328	1.000
4.493	1.000
4.664	1.000
4.841	1.000
5.026	1.000
5.217	1.000
5.416	1.000
5.622	1.000
5.836	1.000
6.059	1.000
6.289	1.000
6.529	1.000
6.778	1.000
7.036	1.000
7.304	1.000
7.582	1.000
7.871	1.000
8.170	1.000
8.482	1.000
8.805	2.000
9.140	1.000
9.488	1.000
9.849	1.000
10.22	1.000
10.61	1.000
11.02	1.000
11.44	2.000
11.87	1.000
12.33	1.000
12.80	1.000
13.28	1.000
13.79	2.000
14.31	1.000
14.86	1.000
15.42	2.000
16.01	1.000
16.62	1.000
17.25	2.000
17.91	1.000
18.59	2.000
19.30	1.000
20.04	2.000
20.80	1.000
21.59	1.000
22.42	2.000
23.27	1.000
24.16	1.000
25.08	1.000
26.03	2.000
27.02	1.000
28.05	1.000
29.12	2.000
30.23	1.000
31.38	1.000
32.57	2.000
33.82	1.000
35.10	2.000
36.44	1.000
37.83	1.000
39.27	2.000
40.76	1.000
42.32	1.000
43.93	2.000
45.60	1.000
47.34	1.000
49.14	2.000
51.01	1.000
52.96	1.000
54.97	2.000
57.07	1.000
59.24	2.000
61.50	1.000
63.84	2.000
66.27	1.000
68.79	2.000
71.41	1.000
74.13	1.000
76.96	1.000
79.89	2.000
82.93	1.000
86.09	1.000
89.37	1.000
92.77	1.000
96.31	1.000
99.97	2.000
103.8	1.000
107.7	1.000
111.8	1.000
116.1	1.000
120.5	1.000
125.1	2.000
129.9	1.000
134.8	1.000
140.0	1.000
145.3	1.000
150.8	1.000
156.6	1.000
162.5	2.000
168.7	1.000
175.1	1.000
181.8	1.000
188.7	1.000
195.9	1.000
203.4	1.000
211.1	2.000
219.2	1.000
227.5	1.000
236.2	1.000
245.2	1.000
254.5	1.000
264.2	1.000
274.3	2.000
284.7	1.000
295.6	1.000
306.8	1.000
318.5	1.000
330.6	1.000
343.2	1.000
356.3	2.000
369.9	1.000
384.0	1.000
398.6	1.000
413.8	1.000
429.5	1.000
445.9	1.000
462.9	2.000
480.5	1.000
498.8	1.000
517.8	1.000
537.5	1.000
558.0	1.000
579.2	2.000
601.3	1.000
624.2	1.000
648.0	1.000
672.6	1.000
698.3	1.000
724.9	2.000
752.5	1.000
781.1	1.000
810.9	1.000
841.8	1.000
873.8	1.000
907.1	2.000
941.6	1.000
977.5	1.000
1015.	1.000
1053.	1.000
1094.	2.000
1135.	1.000
1178.	1.000
1223.	1.000
1270.	2.000
1318.	1.000
1368.	1.000
1421.	1.000
1475.	1.000
1531.	2.000
1589.	1.000
1650.	1.000
1712.	1.000
1778.	2.000
1845.	1.000
1916.	1.000
1989.	1.000
2064.	2.000
2143.	1.000
2225.	1.000
2309.	1.000
2397.	2.000
2489.	1.000
2583.	1.000
2682.	1.000
2784.	2.000
2890.	1.000
3000.	1.000
 
 
C1    C2H2F4    Attachment                                      
E/N (Td)	Rate coefficient (m3/s)
0.1000E-02	0.6945E-20
0.1038E-02	0.6945E-20
0.1078E-02	0.6945E-20
0.1119E-02	0.6945E-20
0.1161E-02	0.6945E-20
0.1205E-02	0.6945E-20
0.1251E-02	0.6945E-20
0.1299E-02	0.6945E-20
0.1349E-02	0.6945E-20
0.1400E-02	0.6945E-20
0.1453E-02	0.6945E-20
0.1509E-02	0.6945E-20
0.1566E-02	0.6945E-20
0.1626E-02	0.6945E-20
0.1688E-02	0.6945E-20
0.1752E-02	0.6945E-20
0.1819E-02	0.6945E-20
0.1888E-02	0.6945E-20
0.1960E-02	0.6945E-20
0.2034E-02	0.6945E-20
0.2112E-02	0.6945E-20
0.2192E-02	0.6945E-20
0.2276E-02	0.6945E-20
0.2362E-02	0.6945E-20
0.2452E-02	0.6945E-20
0.2546E-02	0.6945E-20
0.2643E-02	0.6945E-20
0.2743E-02	0.6945E-20
0.2848E-02	0.6945E-20
0.2956E-02	0.6945E-20
0.3069E-02	0.6945E-20
0.3186E-02	0.6945E-20
0.3307E-02	0.6945E-20
0.3433E-02	0.6945E-20
0.3564E-02	0.6945E-20
0.3700E-02	0.6945E-20
0.3841E-02	0.6945E-20
0.3987E-02	0.6945E-20
0.4139E-02	0.6945E-20
0.4296E-02	0.6945E-20
0.4460E-02	0.6945E-20
0.4630E-02	0.6945E-20
0.4806E-02	0.6945E-20
0.4989E-02	0.6945E-20
0.5179E-02	0.6945E-20
0.5377E-02	0.6945E-20
0.5581E-02	0.6945E-20
0.5794E-02	0.6945E-20
0.6015E-02	0.6945E-20
0.6244E-02	0.6945E-20
0.6481E-02	0.6945E-20
0.6728E-02	0.6945E-20
0.6985E-02	0.6945E-20
0.7251E-02	0.6945E-20
0.7527E-02	0.6945E-20
0.7813E-02	0.6945E-20
0.8111E-02	0.6945E-20
0.8420E-02	0.6945E-20
0.8741E-02	0.6945E-20
0.9073E-02	0.6945E-20
0.9419E-02	0.6945E-20
0.9778E-02	0.6945E-20
0.1015E-01	0.6945E-20
0.1054E-01	0.6945E-20
0.1094E-01	0.6945E-20
0.1135E-01	0.6945E-20
0.1179E-01	0.6945E-20
0.1224E-01	0.6945E-20
0.1270E-01	0.6945E-20
0.1319E-01	0.6945E-20
0.1369E-01	0.6945E-20
0.1421E-01	0.6945E-20
0.1475E-01	0.6945E-20
0.1531E-01	0.6945E-20
0.1590E-01	0.6945E-20
0.1650E-01	0.6945E-20
0.1713E-01	0.6945E-20
0.1778E-01	0.6945E-20
0.1846E-01	0.6945E-20
0.1916E-01	0.6945E-20
0.1989E-01	0.6945E-20
0.2065E-01	0.6945E-20
0.2144E-01	0.6945E-20
0.2225E-01	0.6945E-20
0.2310E-01	0.6945E-20
0.2398E-01	0.6945E-20
0.2489E-01	0.6945E-20
0.2584E-01	0.6945E-20
0.2682E-01	0.6945E-20
0.2785E-01	0.6945E-20
0.2891E-01	0.6945E-20
0.3001E-01	0.6945E-20
0.3115E-01	0.6945E-20
0.3234E-01	0.6945E-20
0.3357E-01	0.6945E-20
0.3485E-01	0.6945E-20
0.3617E-01	0.6945E-20
0.3755E-01	0.6945E-20
0.3898E-01	0.6945E-20
0.4047E-01	0.6945E-20
0.4201E-01	0.6945E-20
0.4361E-01	0.6945E-20
0.4527E-01	0.6945E-20
0.4699E-01	0.6945E-20
0.4878E-01	0.6945E-20
0.5064E-01	0.6945E-20
0.5257E-01	0.6945E-20
0.5457E-01	0.6945E-20
0.5665E-01	0.6945E-20
0.5881E-01	0.6945E-20
0.6105E-01	0.6945E-20
0.6337E-01	0.6945E-20
0.6579E-01	0.6945E-20
0.6829E-01	0.6945E-20
0.7089E-01	0.6945E-20
0.7359E-01	0.6945E-20
0.7640E-01	0.6945E-20
0.7931E-01	0.6945E-20
0.8233E-01	0.6945E-20
0.8546E-01	0.6945E-20
0.8872E-01	0.6945E-20
0.9210E-01	0.6945E-20
0.9560E-01	0.6945E-20
0.9924E-01	0.6945E-20
0.1030	0.6945E-20
0.1069	0.6945E-20
0.1110	0.6945E-20
0.1152	0.6945E-20
0.1196	0.6945E-20
0.1242	0.6945E-20
0.1289	0.6945E-20
0.1338	0.6945E-20
0.1389	0.6946E-20
0.1442	0.6946E-20
0.1497	0.6946E-20
0.1554	0.6946E-20
0.1613	0.6946E-20
0.1675	0.6946E-20
0.1739	0.6946E-20
0.1805	0.6946E-20
0.1874	0.6946E-20
0.1945	0.6946E-20
0.2019	0.6946E-20
0.2096	0.6947E-20
0.2176	0.6947E-20
0.2259	0.6947E-20
0.2345	0.6947E-20
0.2434	0.6947E-20
0.2527	0.6947E-20
0.2623	0.6948E-20
0.2723	0.6948E-20
0.2826	0.6948E-20
0.2934	0.6948E-20
0.3046	0.6949E-20
0.3162	0.6949E-20
0.3282	0.6949E-20
0.3407	0.6950E-20
0.3537	0.6950E-20
0.3672	0.6951E-20
0.3812	0.6951E-20
0.3957	0.6951E-20
0.4107	0.6952E-20
0.4264	0.6953E-20
0.4426	0.6953E-20
0.4595	0.6954E-20
0.4770	0.6954E-20
0.4952	0.6955E-20
0.5140	0.6956E-20
0.5336	0.6957E-20
0.5539	0.6958E-20
0.5750	0.6959E-20
0.5969	0.6960E-20
0.6196	0.6961E-20
0.6432	0.6962E-20
0.6677	0.6963E-20
0.6932	0.6965E-20
0.7196	0.6966E-20
0.7470	0.6968E-20
0.7754	0.6970E-20
0.8050	0.6971E-20
0.8356	0.6973E-20
0.8674	0.6975E-20
0.9005	0.6978E-20
0.9348	0.6980E-20
0.9704	0.6982E-20
1.007	0.6985E-20
1.046	0.6988E-20
1.086	0.6991E-20
1.127	0.6995E-20
1.170	0.6998E-20
1.214	0.7002E-20
1.261	0.7006E-20
1.309	0.7010E-20
1.358	0.7015E-20
1.410	0.7020E-20
1.464	0.7025E-20
1.520	0.7031E-20
1.578	0.7037E-20
1.638	0.7043E-20
1.700	0.7050E-20
1.765	0.7057E-20
1.832	0.7065E-20
1.902	0.7073E-20
1.974	0.7082E-20
2.049	0.7092E-20
2.127	0.7102E-20
2.208	0.7113E-20
2.293	0.7125E-20
2.380	0.7137E-20
2.470	0.7150E-20
2.565	0.7165E-20
2.662	0.7180E-20
2.764	0.7197E-20
2.869	0.7214E-20
2.978	0.7233E-20
3.092	0.7253E-20
3.209	0.7275E-20
3.332	0.7298E-20
3.458	0.7323E-20
3.590	0.7350E-20
3.727	0.7378E-20
3.869	0.7409E-20
4.016	0.7441E-20
4.169	0.7476E-20
4.328	0.7514E-20
4.493	0.7554E-20
4.664	0.7597E-20
4.841	0.7643E-20
5.026	0.7692E-20
5.217	0.7745E-20
5.416	0.7801E-20
5.622	0.7861E-20
5.836	0.7926E-20
6.059	0.7994E-20
6.289	0.8068E-20
6.529	0.8146E-20
6.778	0.8230E-20
7.036	0.8320E-20
7.304	0.8416E-20
7.582	0.8518E-20
7.871	0.8628E-20
8.170	0.8745E-20
8.482	0.8870E-20
8.805	0.8989E-20
9.140	0.9131E-20
9.488	0.9282E-20
9.849	0.9445E-20
10.22	0.9618E-20
10.61	0.9804E-20
11.02	0.1000E-19
11.44	0.1026E-19
11.87	0.1049E-19
12.33	0.1074E-19
12.80	0.1101E-19
13.28	0.1130E-19
13.79	0.1159E-19
14.31	0.1192E-19
14.86	0.1228E-19
15.42	0.1262E-19
16.01	0.1303E-19
16.62	0.1347E-19
17.25	0.1386E-19
17.91	0.1437E-19
18.59	0.1518E-19
19.30	0.1580E-19
20.04	0.1650E-19
20.80	0.1723E-19
21.59	0.1803E-19
22.42	0.1887E-19
23.27	0.1982E-19
24.16	0.2086E-19
25.08	0.2200E-19
26.03	0.2327E-19
27.02	0.2467E-19
28.05	0.2623E-19
29.12	0.2799E-19
30.23	0.2994E-19
31.38	0.3215E-19
32.57	0.3508E-19
33.82	0.3798E-19
35.10	0.4096E-19
36.44	0.4477E-19
37.83	0.4919E-19
39.27	0.5474E-19
40.76	0.6083E-19
42.32	0.6796E-19
43.93	0.7599E-19
45.60	0.8565E-19
47.34	0.9683E-19
49.14	0.1192E-18
51.01	0.1344E-18
52.96	0.1513E-18
54.97	0.1693E-18
57.07	0.1886E-18
59.24	0.2082E-18
61.50	0.2283E-18
63.84	0.2474E-18
66.27	0.2658E-18
68.79	0.2821E-18
71.41	0.2964E-18
74.13	0.3080E-18
76.96	0.3167E-18
79.89	0.3223E-18
82.93	0.3252E-18
86.09	0.3253E-18
89.37	0.3229E-18
92.77	0.3182E-18
96.31	0.3117E-18
99.97	0.3036E-18
103.8	0.2944E-18
107.7	0.2844E-18
111.8	0.2738E-18
116.1	0.2629E-18
120.5	0.2520E-18
125.1	0.2411E-18
129.9	0.2306E-18
134.8	0.2204E-18
140.0	0.2107E-18
145.3	0.2014E-18
150.8	0.1927E-18
156.6	0.1845E-18
162.5	0.1768E-18
168.7	0.1697E-18
175.1	0.1630E-18
181.8	0.1568E-18
188.7	0.1510E-18
195.9	0.1456E-18
203.4	0.1405E-18
211.1	0.1358E-18
219.2	0.1313E-18
227.5	0.1271E-18
236.2	0.1232E-18
245.2	0.1195E-18
254.5	0.1160E-18
264.2	0.1126E-18
274.3	0.1095E-18
284.7	0.1065E-18
295.6	0.1036E-18
306.8	0.1008E-18
318.5	0.9820E-19
330.6	0.9566E-19
343.2	0.9322E-19
356.3	0.9087E-19
369.9	0.8860E-19
384.0	0.8640E-19
398.6	0.8427E-19
413.8	0.8220E-19
429.5	0.8019E-19
445.9	0.7824E-19
462.9	0.7634E-19
480.5	0.7448E-19
498.8	0.7268E-19
517.8	0.7091E-19
537.5	0.6918E-19
558.0	0.6749E-19
579.2	0.6584E-19
601.3	0.6422E-19
624.2	0.6263E-19
648.0	0.6107E-19
672.6	0.5955E-19
698.3	0.5805E-19
724.9	0.5657E-19
752.5	0.5513E-19
781.1	0.5371E-19
810.9	0.5231E-19
841.8	0.5094E-19
873.8	0.4959E-19
907.1	0.4826E-19
941.6	0.4696E-19
977.5	0.4568E-19
1015.	0.4442E-19
1053.	0.4318E-19
1094.	0.4196E-19
1135.	0.4077E-19
1178.	0.3959E-19
1223.	0.3844E-19
1270.	0.3731E-19
1318.	0.3620E-19
1368.	0.3511E-19
1421.	0.3404E-19
1475.	0.3299E-19
1531.	0.3197E-19
1589.	0.3096E-19
1650.	0.2998E-19
1712.	0.2902E-19
1778.	0.2808E-19
1845.	0.2716E-19
1916.	0.2626E-19
1989.	0.2538E-19
2064.	0.2453E-19
2143.	0.2369E-19
2225.	0.2288E-19
2309.	0.2208E-19
2397.	0.2131E-19
2489.	0.2056E-19
2583.	0.1983E-19
2682.	0.1912E-19
2784.	0.1843E-19
2890.	0.1775E-19
3000.	0.1710E-19
 
 
C2    C2H2F4    Attachment                                      
E/N (Td)	Rate coefficient (m3/s)
0.1000E-02	0.1081E-19
0.1038E-02	0.1081E-19
0.1078E-02	0.1081E-19
0.1119E-02	0.1081E-19
0.1161E-02	0.1081E-19
0.1205E-02	0.1081E-19
0.1251E-02	0.1081E-19
0.1299E-02	0.1081E-19
0.1349E-02	0.1081E-19
0.1400E-02	0.1081E-19
0.1453E-02	0.1081E-19
0.1509E-02	0.1081E-19
0.1566E-02	0.1081E-19
0.1626E-02	0.1081E-19
0.1688E-02	0.1081E-19
0.1752E-02	0.1081E-19
0.1819E-02	0.1081E-19
0.1888E-02	0.1081E-19
0.1960E-02	0.1081E-19
0.2034E-02	0.1081E-19
0.2112E-02	0.1081E-19
0.2192E-02	0.1081E-19
0.2276E-02	0.1081E-19
0.2362E-02	0.1081E-19
0.2452E-02	0.1081E-19
0.2546E-02	0.1081E-19
0.2643E-02	0.1081E-19
0.2743E-02	0.1081E-19
0.2848E-02	0.1081E-19
0.2956E-02	0.1081E-19
0.3069E-02	0.1081E-19
0.3186E-02	0.1081E-19
0.3307E-02	0.1081E-19
0.3433E-02	0.1081E-19
0.3564E-02	0.1081E-19
0.3700E-02	0.1081E-19
0.3841E-02	0.1081E-19
0.3987E-02	0.1081E-19
0.4139E-02	0.1081E-19
0.4296E-02	0.1081E-19
0.4460E-02	0.1081E-19
0.4630E-02	0.1081E-19
0.4806E-02	0.1081E-19
0.4989E-02	0.1081E-19
0.5179E-02	0.1081E-19
0.5377E-02	0.1081E-19
0.5581E-02	0.1081E-19
0.5794E-02	0.1081E-19
0.6015E-02	0.1081E-19
0.6244E-02	0.1081E-19
0.6481E-02	0.1081E-19
0.6728E-02	0.1081E-19
0.6985E-02	0.1081E-19
0.7251E-02	0.1081E-19
0.7527E-02	0.1081E-19
0.7813E-02	0.1081E-19
0.8111E-02	0.1081E-19
0.8420E-02	0.1081E-19
0.8741E-02	0.1081E-19
0.9073E-02	0.1081E-19
0.9419E-02	0.1081E-19
0.9778E-02	0.1081E-19
0.1015E-01	0.1081E-19
0.1054E-01	0.1081E-19
0.1094E-01	0.1081E-19
0.1135E-01	0.1081E-19
0.1179E-01	0.1081E-19
0.1224E-01	0.1081E-19
0.1270E-01	0.1081E-19
0.1319E-01	0.1081E-19
0.1369E-01	0.1081E-19
0.1421E-01	0.1081E-19
0.1475E-01	0.1081E-19
0.1531E-01	0.1081E-19
0.1590E-01	0.1081E-19
0.1650E-01	0.1081E-19
0.1713E-01	0.1081E-19
0.1778E-01	0.1081E-19
0.1846E-01	0.1081E-19
0.1916E-01	0.1081E-19
0.1989E-01	0.1081E-19
0.2065E-01	0.1081E-19
0.2144E-01	0.1081E-19
0.2225E-01	0.1081E-19
0.2310E-01	0.1081E-19
0.2398E-01	0.1081E-19
0.2489E-01	0.1081E-19
0.2584E-01	0.1081E-19
0.2682E-01	0.1081E-19
0.2785E-01	0.1081E-19
0.2891E-01	0.1081E-19
0.3001E-01	0.1081E-19
0.3115E-01	0.1081E-19
0.3234E-01	0.1081E-19
0.3357E-01	0.1081E-19
0.3485E-01	0.1081E-19
0.3617E-01	0.1081E-19
0.3755E-01	0.1081E-19
0.3898E-01	0.1081E-19
0.4047E-01	0.1081E-19
0.4201E-01	0.1081E-19
0.4361E-01	0.1081E-19
0.4527E-01	0.1081E-19
0.4699E-01	0.1081E-19
0.4878E-01	0.1081E-19
0.5064E-01	0.1081E-19
0.5257E-01	0.1081E-19
0.5457E-01	0.1081E-19
0.5665E-01	0.1081E-19
0.5881E-01	0.1081E-19
0.6105E-01	0.1081E-19
0.6337E-01	0.1081E-19
0.6579E-01	0.1081E-19
0.6829E-01	0.1081E-19
0.7089E-01	0.1081E-19
0.7359E-01	0.1081E-19
0.7640E-01	0.1081E-19
0.7931E-01	0.1081E-19
0.8233E-01	0.1081E-19
0.8546E-01	0.1081E-19
0.8872E-01	0.1081E-19
0.9210E-01	0.1081E-19
0.9560E-01	0.1081E-19
0.9924E-01	0.1081E-19
0.1030	0.1081E-19
0.1069	0.1081E-19
0.1110	0.1081E-19
0.1152	0.1081E-19
0.1196	0.1081E-19
0.1242	0.1081E-19
0.1289	0.1081E-19
0.1338	0.1081E-19
0.1389	0.1081E-19
0.1442	0.1081E-19
0.1497	0.1081E-19
0.1554	0.1081E-19
0.1613	0.1081E-19
0.1675	0.1081E-19
0.1739	0.1081E-19
0.1805	0.1081E-19
0.1874	0.1081E-19
0.1945	0.1081E-19
0.2019	0.1081E-19
0.2096	0.1081E-19
0.2176	0.1081E-19
0.2259	0.1081E-19
0.2345	0.1081E-19
0.2434	0.1081E-19
0.2527	0.1081E-19
0.2623	0.1081E-19
0.2723	0.1081E-19
0.2826	0.1081E-19
0.2934	0.1081E-19
0.3046	0.1081E-19
0.3162	0.1081E-19
0.3282	0.1081E-19
0.3407	0.1081E-19
0.3537	0.1081E-19
0.3672	0.1082E-19
0.3812	0.1082E-19
0.3957	0.1082E-19
0.4107	0.1082E-19
0.4264	0.1082E-19
0.4426	0.1082E-19
0.4595	0.1082E-19
0.4770	0.1082E-19
0.4952	0.1082E-19
0.5140	0.1082E-19
0.5336	0.1082E-19
0.5539	0.1082E-19
0.5750	0.1082E-19
0.5969	0.1082E-19
0.6196	0.1082E-19
0.6432	0.1082E-19
0.6677	0.1082E-19
0.6932	0.1082E-19
0.7196	0.1082E-19
0.7470	0.1082E-19
0.7754	0.1082E-19
0.8050	0.1082E-19
0.8356	0.1082E-19
0.8674	0.1082E-19
0.9005	0.1082E-19
0.9348	0.1082E-19
0.9704	0.1082E-19
1.007	0.1082E-19
1.046	0.1082E-19
1.086	0.1082E-19
1.127	0.1082E-19
1.170	0.1082E-19
1.214	0.1082E-19
1.261	0.1082E-19
1.309	0.1083E-19
1.358	0.1083E-19
1.410	0.1083E-19
1.464	0.1083E-19
1.520	0.1083E-19
1.578	0.1083E-19
1.638	0.1083E-19
1.700	0.1083E-19
1.765	0.1084E-19
1.832	0.1084E-19
1.902	0.1084E-19
1.974	0.1084E-19
2.049	0.1085E-19
2.127	0.1085E-19
2.208	0.1085E-19
2.293	0.1086E-19
2.380	0.1086E-19
2.470	0.1086E-19
2.565	0.1087E-19
2.662	0.1087E-19
2.764	0.1088E-19
2.869	0.1088E-19
2.978	0.1089E-19
3.092	0.1090E-19
3.209	0.1090E-19
3.332	0.1091E-19
3.458	0.1092E-19
3.590	0.1093E-19
3.727	0.1094E-19
3.869	0.1095E-19
4.016	0.1096E-19
4.169	0.1097E-19
4.328	0.1098E-19
4.493	0.1099E-19
4.664	0.1101E-19
4.841	0.1102E-19
5.026	0.1104E-19
5.217	0.1105E-19
5.416	0.1107E-19
5.622	0.1109E-19
5.836	0.1110E-19
6.059	0.1112E-19
6.289	0.1114E-19
6.529	0.1116E-19
6.778	0.1119E-19
7.036	0.1121E-19
7.304	0.1123E-19
7.582	0.1126E-19
7.871	0.1128E-19
8.170	0.1131E-19
8.482	0.1134E-19
8.805	0.1134E-19
9.140	0.1137E-19
9.488	0.1140E-19
9.849	0.1143E-19
10.22	0.1147E-19
10.61	0.1150E-19
11.02	0.1154E-19
11.44	0.1163E-19
11.87	0.1167E-19
12.33	0.1171E-19
12.80	0.1175E-19
13.28	0.1180E-19
13.79	0.1182E-19
14.31	0.1187E-19
14.86	0.1192E-19
15.42	0.1194E-19
16.01	0.1200E-19
16.62	0.1205E-19
17.25	0.1203E-19
17.91	0.1209E-19
18.59	0.1236E-19
19.30	0.1243E-19
20.04	0.1249E-19
20.80	0.1257E-19
21.59	0.1266E-19
22.42	0.1275E-19
23.27	0.1284E-19
24.16	0.1294E-19
25.08	0.1305E-19
26.03	0.1316E-19
27.02	0.1329E-19
28.05	0.1343E-19
29.12	0.1357E-19
30.23	0.1375E-19
31.38	0.1396E-19
32.57	0.1419E-19
33.82	0.1452E-19
35.10	0.1494E-19
36.44	0.1552E-19
37.83	0.1633E-19
39.27	0.1744E-19
40.76	0.1909E-19
42.32	0.2145E-19
43.93	0.2488E-19
45.60	0.2965E-19
47.34	0.3631E-19
49.14	0.4867E-19
51.01	0.6199E-19
52.96	0.7943E-19
54.97	0.1015E-18
57.07	0.1293E-18
59.24	0.1628E-18
61.50	0.2027E-18
63.84	0.2481E-18
66.27	0.2994E-18
68.79	0.3547E-18
71.41	0.4137E-18
74.13	0.4744E-18
76.96	0.5354E-18
79.89	0.5947E-18
82.93	0.6516E-18
86.09	0.7043E-18
89.37	0.7521E-18
92.77	0.7940E-18
96.31	0.8297E-18
99.97	0.8588E-18
103.8	0.8816E-18
107.7	0.8983E-18
111.8	0.9091E-18
116.1	0.9147E-18
120.5	0.9156E-18
125.1	0.9124E-18
129.9	0.9059E-18
134.8	0.8967E-18
140.0	0.8853E-18
145.3	0.8722E-18
150.8	0.8580E-18
156.6	0.8429E-18
162.5	0.8273E-18
168.7	0.8114E-18
175.1	0.7955E-18
181.8	0.7797E-18
188.7	0.7640E-18
195.9	0.7487E-18
203.4	0.7337E-18
211.1	0.7190E-18
219.2	0.7047E-18
227.5	0.6908E-18
236.2	0.6773E-18
245.2	0.6641E-18
254.5	0.6513E-18
264.2	0.6388E-18
274.3	0.6266E-18
284.7	0.6147E-18
295.6	0.6031E-18
306.8	0.5917E-18
318.5	0.5806E-18
330.6	0.5697E-18
343.2	0.5590E-18
356.3	0.5485E-18
369.9	0.5381E-18
384.0	0.5279E-18
398.6	0.5179E-18
413.8	0.5080E-18
429.5	0.4982E-18
445.9	0.4886E-18
462.9	0.4791E-18
480.5	0.4696E-18
498.8	0.4603E-18
517.8	0.4511E-18
537.5	0.4420E-18
558.0	0.4329E-18
579.2	0.4240E-18
601.3	0.4151E-18
624.2	0.4063E-18
648.0	0.3975E-18
672.6	0.3889E-18
698.3	0.3803E-18
724.9	0.3718E-18
752.5	0.3634E-18
781.1	0.3550E-18
810.9	0.3468E-18
841.8	0.3386E-18
873.8	0.3304E-18
907.1	0.3224E-18
941.6	0.3144E-18
977.5	0.3065E-18
1015.	0.2987E-18
1053.	0.2910E-18
1094.	0.2834E-18
1135.	0.2759E-18
1178.	0.2684E-18
1223.	0.2611E-18
1270.	0.2538E-18
1318.	0.2467E-18
1368.	0.2396E-18
1421.	0.2327E-18
1475.	0.2259E-18
1531.	0.2192E-18
1589.	0.2125E-18
1650.	0.2061E-18
1712.	0.1997E-18
1778.	0.1934E-18
1845.	0.1873E-18
1916.	0.1813E-18
1989.	0.1754E-18
2064.	0.1697E-18
2143.	0.1641E-18
2225.	0.1586E-18
2309.	0.1532E-18
2397.	0.1480E-18
2489.	0.1429E-18
2583.	0.1379E-18
2682.	0.1330E-18
2784.	0.1283E-18
2890.	0.1237E-18
3000.	0.1192E-18
 
 
C3    C2H2F4    Elastic                                         
E/N (Td)	Rate coefficient (m3/s)
0.1000E-02	0.9757E-11
0.1038E-02	0.9757E-11
0.1078E-02	0.9757E-11
0.1119E-02	0.9757E-11
0.1161E-02	0.9757E-11
0.1205E-02	0.9757E-11
0.1251E-02	0.9757E-11
0.1299E-02	0.9757E-11
0.1349E-02	0.9757E-11
0.1400E-02	0.9757E-11
0.1453E-02	0.9757E-11
0.1509E-02	0.9757E-11
0.1566E-02	0.9757E-11
0.1626E-02	0.9757E-11
0.1688E-02	0.9757E-11
0.1752E-02	0.9757E-11
0.1819E-02	0.9757E-11
0.1888E-02	0.9757E-11
0.1960E-02	0.9757E-11
0.2034E-02	0.9757E-11
0.2112E-02	0.9757E-11
0.2192E-02	0.9757E-11
0.2276E-02	0.9757E-11
0.2362E-02	0.9757E-11
0.2452E-02	0.9757E-11
0.2546E-02	0.9757E-11
0.2643E-02	0.9757E-11
0.2743E-02	0.9757E-11
0.2848E-02	0.9757E-11
0.2956E-02	0.9757E-11
0.3069E-02	0.9757E-11
0.3186E-02	0.9757E-11
0.3307E-02	0.9757E-11
0.3433E-02	0.9757E-11
0.3564E-02	0.9757E-11
0.3700E-02	0.9757E-11
0.3841E-02	0.9757E-11
0.3987E-02	0.9757E-11
0.4139E-02	0.9757E-11
0.4296E-02	0.9757E-11
0.4460E-02	0.9757E-11
0.4630E-02	0.9757E-11
0.4806E-02	0.9757E-11
0.4989E-02	0.9757E-11
0.5179E-02	0.9757E-11
0.5377E-02	0.9757E-11
0.5581E-02	0.9757E-11
0.5794E-02	0.9757E-11
0.6015E-02	0.9757E-11
0.6244E-02	0.9757E-11
0.6481E-02	0.9757E-11
0.6728E-02	0.9757E-11
0.6985E-02	0.9757E-11
0.7251E-02	0.9757E-11
0.7527E-02	0.9757E-11
0.7813E-02	0.9757E-11
0.8111E-02	0.9757E-11
0.8420E-02	0.9757E-11
0.8741E-02	0.9757E-11
0.9073E-02	0.9757E-11
0.9419E-02	0.9757E-11
0.9778E-02	0.9757E-11
0.1015E-01	0.9757E-11
0.1054E-01	0.9757E-11
0.1094E-01	0.9757E-11
0.1135E-01	0.9757E-11
0.1179E-01	0.9757E-11
0.1224E-01	0.9757E-11
0.1270E-01	0.9757E-11
0.1319E-01	0.9757E-11
0.1369E-01	0.9757E-11
0.1421E-01	0.9757E-11
0.1475E-01	0.9757E-11
0.1531E-01	0.9757E-11
0.1590E-01	0.9757E-11
0.1650E-01	0.9757E-11
0.1713E-01	0.9757E-11
0.1778E-01	0.9757E-11
0.1846E-01	0.9757E-11
0.1916E-01	0.9757E-11
0.1989E-01	0.9757E-11
0.2065E-01	0.9757E-11
0.2144E-01	0.9757E-11
0.2225E-01	0.9757E-11
0.2310E-01	0.9757E-11
0.2398E-01	0.9757E-11
0.2489E-01	0.9757E-11
0.2584E-01	0.9757E-11
0.2682E-01	0.9757E-11
0.2785E-01	0.9757E-11
0.2891E-01	0.9757E-11
0.3001E-01	0.9757E-11
0.3115E-01	0.9757E-11
0.3234E-01	0.9757E-11
0.3357E-01	0.9757E-11
0.3485E-01	0.9757E-11
0.3617E-01	0.9757E-11
0.3755E-01	0.9757E-11
0.3898E-01	0.9757E-11
0.4047E-01	0.9757E-11
0.4201E-01	0.9757E-11
0.4361E-01	0.9757E-11
0.4527E-01	0.9757E-11
0.4699E-01	0.9757E-11
0.4878E-01	0.9757E-11
0.5064E-01	0.9757E-11
0.5257E-01	0.9757E-11
0.5457E-01	0.9757E-11
0.5665E-01	0.9757E-11
0.5881E-01	0.9757E-11
0.6105E-01	0.9757E-11
0.6337E-01	0.9757E-11
0.6579E-01	0.9757E-11
0.6829E-01	0.9757E-11
0.7089E-01	0.9757E-11
0.7359E-01	0.9757E-11
0.7640E-01	0.9757E-11
0.7931E-01	0.9757E-11
0.8233E-01	0.9757E-11
0.8546E-01	0.9757E-11
0.8872E-01	0.9757E-11
0.9210E-01	0.9757E-11
0.9560E-01	0.9757E-11
0.9924E-01	0.9757E-11
0.1030	0.9757E-11
0.1069	0.9757E-11
0.1110	0.9757E-11
0.1152	0.9757E-11
0.1196	0.9757E-11
0.1242	0.9756E-11
0.1289	0.9756E-11
0.1338	0.9756E-11
0.1389	0.9756E-11
0.1442	0.9756E-11
0.1497	0.9756E-11
0.1554	0.9756E-11
0.1613	0.9756E-11
0.1675	0.9756E-11
0.1739	0.9756E-11
0.1805	0.9756E-11
0.1874	0.9756E-11
0.1945	0.9756E-11
0.2019	0.9756E-11
0.2096	0.9756E-11
0.2176	0.9756E-11
0.2259	0.9756E-11
0.2345	0.9756E-11
0.2434	0.9756E-11
0.2527	0.9755E-11
0.2623	0.9755E-11
0.2723	0.9755E-11
0.2826	0.9755E-11
0.2934	0.9755E-11
0.3046	0.9755E-11
0.3162	0.9755E-11
0.3282	0.9754E-11
0.3407	0.9754E-11
0.3537	0.9754E-11
0.3672	0.9754E-11
0.3812	0.9754E-11
0.3957	0.9753E-11
0.4107	0.9753E-11
0.4264	0.9753E-11
0.4426	0.9753E-11
0.4595	0.9752E-11
0.4770	0.9752E-11
0.4952	0.9751E-11
0.5140	0.9751E-11
0.5336	0.9751E-11
0.5539	0.9750E-11
0.5750	0.9750E-11
0.5969	0.9749E-11
0.6196	0.9748E-11
0.6432	0.9748E-11
0.6677	0.9747E-11
0.6932	0.9746E-11
0.7196	0.9745E-11
0.7470	0.9744E-11
0.7754	0.9743E-11
0.8050	0.9742E-11
0.8356	0.9741E-11
0.8674	0.9740E-11
0.9005	0.9738E-11
0.9348	0.9737E-11
0.9704	0.9735E-11
1.007	0.9733E-11
1.046	0.9731E-11
1.086	0.9729E-11
1.127	0.9727E-11
1.170	0.9724E-11
1.214	0.9722E-11
1.261	0.9719E-11
1.309	0.9715E-11
1.358	0.9712E-11
1.410	0.9708E-11
1.464	0.9704E-11
1.520	0.9699E-11
1.578	0.9694E-11
1.638	0.9689E-11
1.700	0.9683E-11
1.765	0.9677E-11
1.832	0.9670E-11
1.902	0.9663E-11
1.974	0.9655E-11
2.049	0.9646E-11
2.127	0.9636E-11
2.208	0.9626E-11
2.293	0.9615E-11
2.380	0.9604E-11
2.470	0.9591E-11
2.565	0.9578E-11
2.662	0.9563E-11
2.764	0.9548E-11
2.869	0.9531E-11
2.978	0.9514E-11
3.092	0.9495E-11
3.209	0.9475E-11
3.332	0.9454E-11
3.458	0.9432E-11
3.590	0.9409E-11
3.727	0.9384E-11
3.869	0.9358E-11
4.016	0.9331E-11
4.169	0.9303E-11
4.328	0.9273E-11
4.493	0.9242E-11
4.664	0.9209E-11
4.841	0.9176E-11
5.026	0.9141E-11
5.217	0.9105E-11
5.416	0.9067E-11
5.622	0.9028E-11
5.836	0.8988E-11
6.059	0.8947E-11
6.289	0.8905E-11
6.529	0.8862E-11
6.778	0.8817E-11
7.036	0.8772E-11
7.304	0.8725E-11
7.582	0.8678E-11
7.871	0.8629E-11
8.170	0.8580E-11
8.482	0.8530E-11
8.805	0.8687E-11
9.140	0.8642E-11
9.488	0.8596E-11
9.849	0.8550E-11
10.22	0.8503E-11
10.61	0.8456E-11
11.02	0.8407E-11
11.44	0.7942E-11
11.87	0.7882E-11
12.33	0.7820E-11
12.80	0.7758E-11
13.28	0.7696E-11
13.79	0.7823E-11
14.31	0.7763E-11
14.86	0.7702E-11
15.42	0.7914E-11
16.01	0.7858E-11
16.62	0.7802E-11
17.25	0.8209E-11
17.91	0.8160E-11
18.59	0.6722E-11
19.30	0.6647E-11
20.04	0.6622E-11
20.80	0.6545E-11
21.59	0.6466E-11
22.42	0.6434E-11
23.27	0.6352E-11
24.16	0.6269E-11
25.08	0.6184E-11
26.03	0.6169E-11
27.02	0.6079E-11
28.05	0.5987E-11
29.12	0.5998E-11
30.23	0.5898E-11
31.38	0.5794E-11
32.57	0.5860E-11
33.82	0.5742E-11
35.10	0.5735E-11
36.44	0.5604E-11
37.83	0.5465E-11
39.27	0.5501E-11
40.76	0.5337E-11
42.32	0.5163E-11
43.93	0.4930E-11
45.60	0.4734E-11
47.34	0.4526E-11
49.14	0.4209E-11
51.01	0.3961E-11
52.96	0.3701E-11
54.97	0.3436E-11
57.07	0.3161E-11
59.24	0.2888E-11
61.50	0.2612E-11
63.84	0.2347E-11
66.27	0.2089E-11
68.79	0.1850E-11
71.41	0.1625E-11
74.13	0.1420E-11
76.96	0.1237E-11
79.89	0.1077E-11
82.93	0.9363E-12
86.09	0.8150E-12
89.37	0.7118E-12
92.77	0.6247E-12
96.31	0.5520E-12
99.97	0.4925E-12
103.8	0.4426E-12
107.7	0.4017E-12
111.8	0.3685E-12
116.1	0.3416E-12
120.5	0.3200E-12
125.1	0.3031E-12
129.9	0.2894E-12
134.8	0.2786E-12
140.0	0.2702E-12
145.3	0.2637E-12
150.8	0.2588E-12
156.6	0.2551E-12
162.5	0.2526E-12
168.7	0.2507E-12
175.1	0.2495E-12
181.8	0.2488E-12
188.7	0.2485E-12
195.9	0.2486E-12
203.4	0.2489E-12
211.1	0.2495E-12
219.2	0.2502E-12
227.5	0.2511E-12
236.2	0.2520E-12
245.2	0.2531E-12
254.5	0.2542E-12
264.2	0.2553E-12
274.3	0.2566E-12
284.7	0.2578E-12
295.6	0.2591E-12
306.8	0.2604E-12
318.5	0.2617E-12
330.6	0.2631E-12
343.2	0.2644E-12
356.3	0.2658E-12
369.9	0.2672E-12
384.0	0.2685E-12
398.6	0.2699E-12
413.8	0.2713E-12
429.5	0.2727E-12
445.9	0.2741E-12
462.9	0.2755E-12
480.5	0.2769E-12
498.8	0.2783E-12
517.8	0.2797E-12
537.5	0.2811E-12
558.0	0.2825E-12
579.2	0.2839E-12
601.3	0.2853E-12
624.2	0.2867E-12
648.0	0.2881E-12
672.6	0.2894E-12
698.3	0.2908E-12
724.9	0.2922E-12
752.5	0.2936E-12
781.1	0.2949E-12
810.9	0.2963E-12
841.8	0.2976E-12
873.8	0.2989E-12
907.1	0.3003E-12
941.6	0.3016E-12
977.5	0.3028E-12
1015.	0.3041E-12
1053.	0.3054E-12
1094.	0.3066E-12
1135.	0.3078E-12
1178.	0.3090E-12
1223.	0.3101E-12
1270.	0.3113E-12
1318.	0.3124E-12
1368.	0.3134E-12
1421.	0.3145E-12
1475.	0.3155E-12
1531.	0.3164E-12
1589.	0.3173E-12
1650.	0.3182E-12
1712.	0.3191E-12
1778.	0.3199E-12
1845.	0.3206E-12
1916.	0.3213E-12
1989.	0.3220E-12
2064.	0.3226E-12
2143.	0.3232E-12
2225.	0.3237E-12
2309.	0.3241E-12
2397.	0.3245E-12
2489.	0.3249E-12
2583.	0.3252E-12
2682.	0.3254E-12
2784.	0.3256E-12
2890.	0.3257E-12
3000.	0.3258E-12
 
 
C4    C2H2F4    Excitation    0.11 eV                           
E/N (Td)	Rate coefficient (m3/s)
0.1000E-02	0.5081E-16
0.1038E-02	0.5080E-16
0.1078E-02	0.5080E-16
0.1119E-02	0.5080E-16
0.1161E-02	0.5080E-16
0.1205E-02	0.5080E-16
0.1251E-02	0.5080E-16
0.1299E-02	0.5080E-16
0.1349E-02	0.5080E-16
0.1400E-02	0.5080E-16
0.1453E-02	0.5080E-16
0.1509E-02	0.5080E-16
0.1566E-02	0.5080E-16
0.1626E-02	0.5080E-16
0.1688E-02	0.5080E-16
0.1752E-02	0.5080E-16
0.1819E-02	0.5080E-16
0.1888E-02	0.5080E-16
0.1960E-02	0.5080E-16
0.2034E-02	0.5080E-16
0.2112E-02	0.5080E-16
0.2192E-02	0.5080E-16
0.2276E-02	0.5080E-16
0.2362E-02	0.5080E-16
0.2452E-02	0.5080E-16
0.2546E-02	0.5080E-16
0.2643E-02	0.5080E-16
0.2743E-02	0.5080E-16
0.2848E-02	0.5080E-16
0.2956E-02	0.5080E-16
0.3069E-02	0.5080E-16
0.3186E-02	0.5080E-16
0.3307E-02	0.5080E-16
0.3433E-02	0.5080E-16
0.3564E-02	0.5080E-16
0.3700E-02	0.5080E-16
0.3841E-02	0.5080E-16
0.3987E-02	0.5080E-16
0.4139E-02	0.5080E-16
0.4296E-02	0.5080E-16
0.4460E-02	0.5080E-16
0.4630E-02	0.5080E-16
0.4806E-02	0.5080E-16
0.4989E-02	0.5080E-16
0.5179E-02	0.5080E-16
0.5377E-02	0.5080E-16
0.5581E-02	0.5080E-16
0.5794E-02	0.5080E-16
0.6015E-02	0.5080E-16
0.6244E-02	0.5080E-16
0.6481E-02	0.5080E-16
0.6728E-02	0.5080E-16
0.6985E-02	0.5080E-16
0.7251E-02	0.5080E-16
0.7527E-02	0.5080E-16
0.7813E-02	0.5080E-16
0.8111E-02	0.5080E-16
0.8420E-02	0.5080E-16
0.8741E-02	0.5080E-16
0.9073E-02	0.5080E-16
0.9419E-02	0.5080E-16
0.9778E-02	0.5080E-16
0.1015E-01	0.5080E-16
0.1054E-01	0.5080E-16
0.1094E-01	0.5080E-16
0.1135E-01	0.5080E-16
0.1179E-01	0.5080E-16
0.1224E-01	0.5080E-16
0.1270E-01	0.5080E-16
0.1319E-01	0.5080E-16
0.1369E-01	0.5080E-16
0.1421E-01	0.5080E-16
0.1475E-01	0.5080E-16
0.1531E-01	0.5081E-16
0.1590E-01	0.5081E-16
0.1650E-01	0.5081E-16
0.1713E-01	0.5081E-16
0.1778E-01	0.5081E-16
0.1846E-01	0.5081E-16
0.1916E-01	0.5081E-16
0.1989E-01	0.5081E-16
0.2065E-01	0.5081E-16
0.2144E-01	0.5081E-16
0.2225E-01	0.5081E-16
0.2310E-01	0.5081E-16
0.2398E-01	0.5081E-16
0.2489E-01	0.5081E-16
0.2584E-01	0.5081E-16
0.2682E-01	0.5081E-16
0.2785E-01	0.5081E-16
0.2891E-01	0.5081E-16
0.3001E-01	0.5081E-16
0.3115E-01	0.5081E-16
0.3234E-01	0.5081E-16
0.3357E-01	0.5081E-16
0.3485E-01	0.5081E-16
0.3617E-01	0.5081E-16
0.3755E-01	0.5081E-16
0.3898E-01	0.5081E-16
0.4047E-01	0.5081E-16
0.4201E-01	0.5081E-16
0.4361E-01	0.5081E-16
0.4527E-01	0.5081E-16
0.4699E-01	0.5081E-16
0.4878E-01	0.5081E-16
0.5064E-01	0.5081E-16
0.5257E-01	0.5081E-16
0.5457E-01	0.5081E-16
0.5665E-01	0.5081E-16
0.5881E-01	0.5081E-16
0.6105E-01	0.5081E-16
0.6337E-01	0.5081E-16
0.6579E-01	0.5081E-16
0.6829E-01	0.5081E-16
0.7089E-01	0.5081E-16
0.7359E-01	0.5081E-16
0.7640E-01	0.5081E-16
0.7931E-01	0.5081E-16
0.8233E-01	0.5081E-16
0.8546E-01	0.5081E-16
0.8872E-01	0.5081E-16
0.9210E-01	0.5081E-16
0.9560E-01	0.5081E-16
0.9924E-01	0.5081E-16
0.1030	0.5081E-16
0.1069	0.5081E-16
0.1110	0.5081E-16
0.1152	0.5081E-16
0.1196	0.5081E-16
0.1242	0.5081E-16
0.1289	0.5081E-16
0.1338	0.5081E-16
0.1389	0.5081E-16
0.1442	0.5082E-16
0.1497	0.5082E-16
0.1554	0.5082E-16
0.1613	0.5082E-16
0.1675	0.5082E-16
0.1739	0.5082E-16
0.1805	0.5082E-16
0.1874	0.5082E-16
0.1945	0.5082E-16
0.2019	0.5083E-16
0.2096	0.5083E-16
0.2176	0.5083E-16
0.2259	0.5083E-16
0.2345	0.5083E-16
0.2434	0.5084E-16
0.2527	0.5084E-16
0.2623	0.5084E-16
0.2723	0.5084E-16
0.2826	0.5085E-16
0.2934	0.5085E-16
0.3046	0.5085E-16
0.3162	0.5086E-16
0.3282	0.5086E-16
0.3407	0.5086E-16
0.3537	0.5087E-16
0.3672	0.5087E-16
0.3812	0.5088E-16
0.3957	0.5089E-16
0.4107	0.5089E-16
0.4264	0.5090E-16
0.4426	0.5091E-16
0.4595	0.5091E-16
0.4770	0.5092E-16
0.4952	0.5093E-16
0.5140	0.5094E-16
0.5336	0.5095E-16
0.5539	0.5096E-16
0.5750	0.5097E-16
0.5969	0.5099E-16
0.6196	0.5100E-16
0.6432	0.5102E-16
0.6677	0.5103E-16
0.6932	0.5105E-16
0.7196	0.5107E-16
0.7470	0.5109E-16
0.7754	0.5111E-16
0.8050	0.5113E-16
0.8356	0.5116E-16
0.8674	0.5118E-16
0.9005	0.5121E-16
0.9348	0.5124E-16
0.9704	0.5127E-16
1.007	0.5131E-16
1.046	0.5135E-16
1.086	0.5139E-16
1.127	0.5143E-16
1.170	0.5147E-16
1.214	0.5152E-16
1.261	0.5157E-16
1.309	0.5163E-16
1.358	0.5169E-16
1.410	0.5175E-16
1.464	0.5182E-16
1.520	0.5189E-16
1.578	0.5197E-16
1.638	0.5205E-16
1.700	0.5213E-16
1.765	0.5223E-16
1.832	0.5232E-16
1.902	0.5243E-16
1.974	0.5254E-16
2.049	0.5265E-16
2.127	0.5278E-16
2.208	0.5291E-16
2.293	0.5305E-16
2.380	0.5320E-16
2.470	0.5336E-16
2.565	0.5352E-16
2.662	0.5370E-16
2.764	0.5389E-16
2.869	0.5409E-16
2.978	0.5430E-16
3.092	0.5453E-16
3.209	0.5477E-16
3.332	0.5503E-16
3.458	0.5530E-16
3.590	0.5560E-16
3.727	0.5591E-16
3.869	0.5624E-16
4.016	0.5659E-16
4.169	0.5697E-16
4.328	0.5737E-16
4.493	0.5780E-16
4.664	0.5826E-16
4.841	0.5875E-16
5.026	0.5927E-16
5.217	0.5983E-16
5.416	0.6043E-16
5.622	0.6107E-16
5.836	0.6175E-16
6.059	0.6248E-16
6.289	0.6326E-16
6.529	0.6410E-16
6.778	0.6499E-16
7.036	0.6594E-16
7.304	0.6696E-16
7.582	0.6805E-16
7.871	0.6922E-16
8.170	0.7047E-16
8.482	0.7180E-16
8.805	0.7316E-16
9.140	0.7467E-16
9.488	0.7630E-16
9.849	0.7804E-16
10.22	0.7991E-16
10.61	0.8190E-16
11.02	0.8405E-16
11.44	0.8666E-16
11.87	0.8915E-16
12.33	0.9183E-16
12.80	0.9470E-16
13.28	0.9778E-16
13.79	0.1010E-15
14.31	0.1045E-15
14.86	0.1083E-15
15.42	0.1120E-15
16.01	0.1164E-15
16.62	0.1211E-15
17.25	0.1255E-15
17.91	0.1309E-15
18.59	0.1389E-15
19.30	0.1453E-15
20.04	0.1527E-15
20.80	0.1603E-15
21.59	0.1684E-15
22.42	0.1769E-15
23.27	0.1865E-15
24.16	0.1968E-15
25.08	0.2081E-15
26.03	0.2205E-15
27.02	0.2339E-15
28.05	0.2486E-15
29.12	0.2651E-15
30.23	0.2828E-15
31.38	0.3022E-15
32.57	0.3287E-15
33.82	0.3528E-15
35.10	0.3750E-15
36.44	0.4047E-15
37.83	0.4379E-15
39.27	0.4800E-15
40.76	0.5224E-15
42.32	0.5703E-15
43.93	0.6177E-15
45.60	0.6787E-15
47.34	0.7474E-15
49.14	0.8979E-15
51.01	0.9874E-15
52.96	0.1086E-14
54.97	0.1191E-14
57.07	0.1305E-14
59.24	0.1425E-14
61.50	0.1551E-14
63.84	0.1679E-14
66.27	0.1810E-14
68.79	0.1939E-14
71.41	0.2068E-14
74.13	0.2193E-14
76.96	0.2314E-14
79.89	0.2428E-14
82.93	0.2539E-14
86.09	0.2644E-14
89.37	0.2744E-14
92.77	0.2840E-14
96.31	0.2931E-14
99.97	0.3017E-14
103.8	0.3101E-14
107.7	0.3181E-14
111.8	0.3258E-14
116.1	0.3331E-14
120.5	0.3401E-14
125.1	0.3467E-14
129.9	0.3530E-14
134.8	0.3589E-14
140.0	0.3644E-14
145.3	0.3695E-14
150.8	0.3742E-14
156.6	0.3786E-14
162.5	0.3825E-14
168.7	0.3861E-14
175.1	0.3893E-14
181.8	0.3922E-14
188.7	0.3947E-14
195.9	0.3970E-14
203.4	0.3989E-14
211.1	0.4006E-14
219.2	0.4021E-14
227.5	0.4033E-14
236.2	0.4043E-14
245.2	0.4050E-14
254.5	0.4056E-14
264.2	0.4061E-14
274.3	0.4063E-14
284.7	0.4064E-14
295.6	0.4064E-14
306.8	0.4062E-14
318.5	0.4058E-14
330.6	0.4054E-14
343.2	0.4048E-14
356.3	0.4041E-14
369.9	0.4033E-14
384.0	0.4024E-14
398.6	0.4014E-14
413.8	0.4002E-14
429.5	0.3990E-14
445.9	0.3976E-14
462.9	0.3962E-14
480.5	0.3946E-14
498.8	0.3930E-14
517.8	0.3912E-14
537.5	0.3894E-14
558.0	0.3874E-14
579.2	0.3853E-14
601.3	0.3832E-14
624.2	0.3809E-14
648.0	0.3786E-14
672.6	0.3761E-14
698.3	0.3736E-14
724.9	0.3709E-14
752.5	0.3682E-14
781.1	0.3654E-14
810.9	0.3624E-14
841.8	0.3594E-14
873.8	0.3563E-14
907.1	0.3530E-14
941.6	0.3497E-14
977.5	0.3463E-14
1015.	0.3428E-14
1053.	0.3393E-14
1094.	0.3356E-14
1135.	0.3319E-14
1178.	0.3281E-14
1223.	0.3242E-14
1270.	0.3203E-14
1318.	0.3162E-14
1368.	0.3122E-14
1421.	0.3080E-14
1475.	0.3039E-14
1531.	0.2996E-14
1589.	0.2954E-14
1650.	0.2911E-14
1712.	0.2867E-14
1778.	0.2824E-14
1845.	0.2780E-14
1916.	0.2736E-14
1989.	0.2692E-14
2064.	0.2648E-14
2143.	0.2604E-14
2225.	0.2560E-14
2309.	0.2516E-14
2397.	0.2472E-14
2489.	0.2428E-14
2583.	0.2385E-14
2682.	0.2342E-14
2784.	0.2299E-14
2890.	0.2257E-14
3000.	0.2214E-14
 
 
C5    C2H2F4    Excitation    0.14 eV                           
E/N (Td)	Rate coefficient (m3/s)
0.1000E-02	0.9548E-16
0.1038E-02	0.9548E-16
0.1078E-02	0.9548E-16
0.1119E-02	0.9548E-16
0.1161E-02	0.9548E-16
0.1205E-02	0.9548E-16
0.1251E-02	0.9548E-16
0.1299E-02	0.9548E-16
0.1349E-02	0.9548E-16
0.1400E-02	0.9548E-16
0.1453E-02	0.9548E-16
0.1509E-02	0.9548E-16
0.1566E-02	0.9548E-16
0.1626E-02	0.9548E-16
0.1688E-02	0.9548E-16
0.1752E-02	0.9548E-16
0.1819E-02	0.9548E-16
0.1888E-02	0.9548E-16
0.1960E-02	0.9548E-16
0.2034E-02	0.9548E-16
0.2112E-02	0.9548E-16
0.2192E-02	0.9548E-16
0.2276E-02	0.9548E-16
0.2362E-02	0.9548E-16
0.2452E-02	0.9548E-16
0.2546E-02	0.9548E-16
0.2643E-02	0.9548E-16
0.2743E-02	0.9548E-16
0.2848E-02	0.9548E-16
0.2956E-02	0.9548E-16
0.3069E-02	0.9548E-16
0.3186E-02	0.9548E-16
0.3307E-02	0.9548E-16
0.3433E-02	0.9548E-16
0.3564E-02	0.9548E-16
0.3700E-02	0.9548E-16
0.3841E-02	0.9548E-16
0.3987E-02	0.9548E-16
0.4139E-02	0.9548E-16
0.4296E-02	0.9548E-16
0.4460E-02	0.9548E-16
0.4630E-02	0.9548E-16
0.4806E-02	0.9548E-16
0.4989E-02	0.9548E-16
0.5179E-02	0.9548E-16
0.5377E-02	0.9548E-16
0.5581E-02	0.9548E-16
0.5794E-02	0.9548E-16
0.6015E-02	0.9548E-16
0.6244E-02	0.9548E-16
0.6481E-02	0.9548E-16
0.6728E-02	0.9548E-16
0.6985E-02	0.9548E-16
0.7251E-02	0.9548E-16
0.7527E-02	0.9548E-16
0.7813E-02	0.9548E-16
0.8111E-02	0.9548E-16
0.8420E-02	0.9548E-16
0.8741E-02	0.9548E-16
0.9073E-02	0.9548E-16
0.9419E-02	0.9548E-16
0.9778E-02	0.9548E-16
0.1015E-01	0.9548E-16
0.1054E-01	0.9548E-16
0.1094E-01	0.9548E-16
0.1135E-01	0.9548E-16
0.1179E-01	0.9548E-16
0.1224E-01	0.9548E-16
0.1270E-01	0.9548E-16
0.1319E-01	0.9548E-16
0.1369E-01	0.9548E-16
0.1421E-01	0.9548E-16
0.1475E-01	0.9548E-16
0.1531E-01	0.9548E-16
0.1590E-01	0.9548E-16
0.1650E-01	0.9548E-16
0.1713E-01	0.9548E-16
0.1778E-01	0.9548E-16
0.1846E-01	0.9548E-16
0.1916E-01	0.9548E-16
0.1989E-01	0.9548E-16
0.2065E-01	0.9548E-16
0.2144E-01	0.9548E-16
0.2225E-01	0.9548E-16
0.2310E-01	0.9548E-16
0.2398E-01	0.9548E-16
0.2489E-01	0.9548E-16
0.2584E-01	0.9548E-16
0.2682E-01	0.9548E-16
0.2785E-01	0.9548E-16
0.2891E-01	0.9548E-16
0.3001E-01	0.9548E-16
0.3115E-01	0.9548E-16
0.3234E-01	0.9548E-16
0.3357E-01	0.9548E-16
0.3485E-01	0.9548E-16
0.3617E-01	0.9548E-16
0.3755E-01	0.9548E-16
0.3898E-01	0.9548E-16
0.4047E-01	0.9548E-16
0.4201E-01	0.9548E-16
0.4361E-01	0.9548E-16
0.4527E-01	0.9548E-16
0.4699E-01	0.9548E-16
0.4878E-01	0.9548E-16
0.5064E-01	0.9548E-16
0.5257E-01	0.9548E-16
0.5457E-01	0.9548E-16
0.5665E-01	0.9548E-16
0.5881E-01	0.9548E-16
0.6105E-01	0.9548E-16
0.6337E-01	0.9548E-16
0.6579E-01	0.9548E-16
0.6829E-01	0.9548E-16
0.7089E-01	0.9548E-16
0.7359E-01	0.9548E-16
0.7640E-01	0.9548E-16
0.7931E-01	0.9548E-16
0.8233E-01	0.9548E-16
0.8546E-01	0.9548E-16
0.8872E-01	0.9548E-16
0.9210E-01	0.9548E-16
0.9560E-01	0.9548E-16
0.9924E-01	0.9548E-16
0.1030	0.9548E-16
0.1069	0.9548E-16
0.1110	0.9548E-16
0.1152	0.9548E-16
0.1196	0.9548E-16
0.1242	0.9549E-16
0.1289	0.9549E-16
0.1338	0.9549E-16
0.1389	0.9549E-16
0.1442	0.9549E-16
0.1497	0.9549E-16
0.1554	0.9549E-16
0.1613	0.9549E-16
0.1675	0.9549E-16
0.1739	0.9549E-16
0.1805	0.9549E-16
0.1874	0.9549E-16
0.1945	0.9549E-16
0.2019	0.9549E-16
0.2096	0.9550E-16
0.2176	0.9550E-16
0.2259	0.9550E-16
0.2345	0.9550E-16
0.2434	0.9550E-16
0.2527	0.9550E-16
0.2623	0.9550E-16
0.2723	0.9551E-16
0.2826	0.9551E-16
0.2934	0.9551E-16
0.3046	0.9551E-16
0.3162	0.9552E-16
0.3282	0.9552E-16
0.3407	0.9552E-16
0.3537	0.9553E-16
0.3672	0.9553E-16
0.3812	0.9553E-16
0.3957	0.9554E-16
0.4107	0.9554E-16
0.4264	0.9555E-16
0.4426	0.9555E-16
0.4595	0.9556E-16
0.4770	0.9556E-16
0.4952	0.9557E-16
0.5140	0.9558E-16
0.5336	0.9558E-16
0.5539	0.9559E-16
0.5750	0.9560E-16
0.5969	0.9561E-16
0.6196	0.9562E-16
0.6432	0.9563E-16
0.6677	0.9564E-16
0.6932	0.9566E-16
0.7196	0.9567E-16
0.7470	0.9569E-16
0.7754	0.9570E-16
0.8050	0.9572E-16
0.8356	0.9574E-16
0.8674	0.9576E-16
0.9005	0.9578E-16
0.9348	0.9581E-16
0.9704	0.9583E-16
1.007	0.9586E-16
1.046	0.9589E-16
1.086	0.9592E-16
1.127	0.9596E-16
1.170	0.9600E-16
1.214	0.9604E-16
1.261	0.9609E-16
1.309	0.9613E-16
1.358	0.9619E-16
1.410	0.9625E-16
1.464	0.9631E-16
1.520	0.9638E-16
1.578	0.9645E-16
1.638	0.9653E-16
1.700	0.9662E-16
1.765	0.9671E-16
1.832	0.9681E-16
1.902	0.9693E-16
1.974	0.9705E-16
2.049	0.9718E-16
2.127	0.9732E-16
2.208	0.9747E-16
2.293	0.9764E-16
2.380	0.9782E-16
2.470	0.9802E-16
2.565	0.9824E-16
2.662	0.9847E-16
2.764	0.9872E-16
2.869	0.9900E-16
2.978	0.9929E-16
3.092	0.9962E-16
3.209	0.9997E-16
3.332	0.1003E-15
3.458	0.1008E-15
3.590	0.1012E-15
3.727	0.1017E-15
3.869	0.1022E-15
4.016	0.1028E-15
4.169	0.1034E-15
4.328	0.1041E-15
4.493	0.1048E-15
4.664	0.1056E-15
4.841	0.1065E-15
5.026	0.1074E-15
5.217	0.1084E-15
5.416	0.1095E-15
5.622	0.1107E-15
5.836	0.1120E-15
6.059	0.1134E-15
6.289	0.1150E-15
6.529	0.1166E-15
6.778	0.1184E-15
7.036	0.1204E-15
7.304	0.1225E-15
7.582	0.1249E-15
7.871	0.1274E-15
8.170	0.1301E-15
8.482	0.1331E-15
8.805	0.1362E-15
9.140	0.1397E-15
9.488	0.1435E-15
9.849	0.1477E-15
10.22	0.1522E-15
10.61	0.1572E-15
11.02	0.1625E-15
11.44	0.1691E-15
11.87	0.1756E-15
12.33	0.1826E-15
12.80	0.1903E-15
13.28	0.1987E-15
13.79	0.2076E-15
14.31	0.2176E-15
14.86	0.2286E-15
15.42	0.2399E-15
16.01	0.2530E-15
16.62	0.2672E-15
17.25	0.2813E-15
17.91	0.2983E-15
18.59	0.3221E-15
19.30	0.3432E-15
20.04	0.3671E-15
20.80	0.3927E-15
21.59	0.4208E-15
22.42	0.4514E-15
23.27	0.4856E-15
24.16	0.5235E-15
25.08	0.5655E-15
26.03	0.6124E-15
27.02	0.6642E-15
28.05	0.7220E-15
29.12	0.7884E-15
30.23	0.8609E-15
31.38	0.9423E-15
32.57	0.1050E-14
33.82	0.1155E-14
35.10	0.1263E-14
36.44	0.1398E-14
37.83	0.1552E-14
39.27	0.1744E-14
40.76	0.1948E-14
42.32	0.2183E-14
43.93	0.2443E-14
45.60	0.2750E-14
47.34	0.3100E-14
49.14	0.3804E-14
51.01	0.4272E-14
52.96	0.4787E-14
54.97	0.5340E-14
57.07	0.5941E-14
59.24	0.6565E-14
61.50	0.7222E-14
63.84	0.7879E-14
66.27	0.8545E-14
68.79	0.9189E-14
71.41	0.9820E-14
74.13	0.1042E-13
76.96	0.1098E-13
79.89	0.1149E-13
82.93	0.1197E-13
86.09	0.1241E-13
89.37	0.1281E-13
92.77	0.1317E-13
96.31	0.1350E-13
99.97	0.1379E-13
103.8	0.1407E-13
107.7	0.1432E-13
111.8	0.1455E-13
116.1	0.1476E-13
120.5	0.1495E-13
125.1	0.1512E-13
129.9	0.1529E-13
134.8	0.1544E-13
140.0	0.1557E-13
145.3	0.1569E-13
150.8	0.1580E-13
156.6	0.1590E-13
162.5	0.1598E-13
168.7	0.1606E-13
175.1	0.1612E-13
181.8	0.1618E-13
188.7	0.1622E-13
195.9	0.1626E-13
203.4	0.1629E-13
211.1	0.1632E-13
219.2	0.1634E-13
227.5	0.1635E-13
236.2	0.1635E-13
245.2	0.1635E-13
254.5	0.1635E-13
264.2	0.1634E-13
274.3	0.1632E-13
284.7	0.1630E-13
295.6	0.1628E-13
306.8	0.1626E-13
318.5	0.1623E-13
330.6	0.1619E-13
343.2	0.1616E-13
356.3	0.1612E-13
369.9	0.1607E-13
384.0	0.1603E-13
398.6	0.1598E-13
413.8	0.1593E-13
429.5	0.1587E-13
445.9	0.1581E-13
462.9	0.1575E-13
480.5	0.1569E-13
498.8	0.1562E-13
517.8	0.1555E-13
537.5	0.1548E-13
558.0	0.1540E-13
579.2	0.1532E-13
601.3	0.1524E-13
624.2	0.1516E-13
648.0	0.1507E-13
672.6	0.1498E-13
698.3	0.1488E-13
724.9	0.1479E-13
752.5	0.1469E-13
781.1	0.1458E-13
810.9	0.1448E-13
841.8	0.1437E-13
873.8	0.1426E-13
907.1	0.1414E-13
941.6	0.1402E-13
977.5	0.1390E-13
1015.	0.1378E-13
1053.	0.1365E-13
1094.	0.1353E-13
1135.	0.1340E-13
1178.	0.1326E-13
1223.	0.1313E-13
1270.	0.1299E-13
1318.	0.1285E-13
1368.	0.1271E-13
1421.	0.1256E-13
1475.	0.1242E-13
1531.	0.1227E-13
1589.	0.1213E-13
1650.	0.1198E-13
1712.	0.1183E-13
1778.	0.1168E-13
1845.	0.1152E-13
1916.	0.1137E-13
1989.	0.1122E-13
2064.	0.1107E-13
2143.	0.1091E-13
2225.	0.1076E-13
2309.	0.1061E-13
2397.	0.1045E-13
2489.	0.1030E-13
2583.	0.1015E-13
2682.	0.1000E-13
2784.	0.9850E-14
2890.	0.9701E-14
3000.	0.9553E-14
 
 
C6    C2H2F4    Excitation    0.15 eV                           
E/N (Td)	Rate coefficient (m3/s)
0.1000E-02	0.2877E-16
0.1038E-02	0.2877E-16
0.1078E-02	0.2877E-16
0.1119E-02	0.2877E-16
0.1161E-02	0.2877E-16
0.1205E-02	0.2877E-16
0.1251E-02	0.2877E-16
0.1299E-02	0.2877E-16
0.1349E-02	0.2877E-16
0.1400E-02	0.2877E-16
0.1453E-02	0.2877E-16
0.1509E-02	0.2877E-16
0.1566E-02	0.2877E-16
0.1626E-02	0.2877E-16
0.1688E-02	0.2877E-16
0.1752E-02	0.2877E-16
0.1819E-02	0.2877E-16
0.1888E-02	0.2877E-16
0.1960E-02	0.2877E-16
0.2034E-02	0.2877E-16
0.2112E-02	0.2877E-16
0.2192E-02	0.2877E-16
0.2276E-02	0.2877E-16
0.2362E-02	0.2877E-16
0.2452E-02	0.2877E-16
0.2546E-02	0.2877E-16
0.2643E-02	0.2877E-16
0.2743E-02	0.2877E-16
0.2848E-02	0.2877E-16
0.2956E-02	0.2877E-16
0.3069E-02	0.2877E-16
0.3186E-02	0.2877E-16
0.3307E-02	0.2877E-16
0.3433E-02	0.2877E-16
0.3564E-02	0.2877E-16
0.3700E-02	0.2877E-16
0.3841E-02	0.2877E-16
0.3987E-02	0.2877E-16
0.4139E-02	0.2877E-16
0.4296E-02	0.2877E-16
0.4460E-02	0.2877E-16
0.4630E-02	0.2877E-16
0.4806E-02	0.2877E-16
0.4989E-02	0.2877E-16
0.5179E-02	0.2877E-16
0.5377E-02	0.2877E-16
0.5581E-02	0.2877E-16
0.5794E-02	0.2877E-16
0.6015E-02	0.2877E-16
0.6244E-02	0.2877E-16
0.6481E-02	0.2877E-16
0.6728E-02	0.2877E-16
0.6985E-02	0.2877E-16
0.7251E-02	0.2877E-16
0.7527E-02	0.2877E-16
0.7813E-02	0.2877E-16
0.8111E-02	0.2877E-16
0.8420E-02	0.2877E-16
0.8741E-02	0.2877E-16
0.9073E-02	0.2877E-16
0.9419E-02	0.2877E-16
0.9778E-02	0.2877E-16
0.1015E-01	0.2877E-16
0.1054E-01	0.2877E-16
0.1094E-01	0.2877E-16
0.1135E-01	0.2877E-16
0.1179E-01	0.2877E-16
0.1224E-01	0.2877E-16
0.1270E-01	0.2877E-16
0.1319E-01	0.2877E-16
0.1369E-01	0.2877E-16
0.1421E-01	0.2877E-16
0.1475E-01	0.2877E-16
0.1531E-01	0.2877E-16
0.1590E-01	0.2877E-16
0.1650E-01	0.2877E-16
0.1713E-01	0.2877E-16
0.1778E-01	0.2877E-16
0.1846E-01	0.2877E-16
0.1916E-01	0.2877E-16
0.1989E-01	0.2877E-16
0.2065E-01	0.2877E-16
0.2144E-01	0.2877E-16
0.2225E-01	0.2877E-16
0.2310E-01	0.2877E-16
0.2398E-01	0.2877E-16
0.2489E-01	0.2877E-16
0.2584E-01	0.2877E-16
0.2682E-01	0.2877E-16
0.2785E-01	0.2877E-16
0.2891E-01	0.2877E-16
0.3001E-01	0.2877E-16
0.3115E-01	0.2877E-16
0.3234E-01	0.2877E-16
0.3357E-01	0.2877E-16
0.3485E-01	0.2877E-16
0.3617E-01	0.2877E-16
0.3755E-01	0.2877E-16
0.3898E-01	0.2877E-16
0.4047E-01	0.2877E-16
0.4201E-01	0.2877E-16
0.4361E-01	0.2877E-16
0.4527E-01	0.2877E-16
0.4699E-01	0.2877E-16
0.4878E-01	0.2877E-16
0.5064E-01	0.2877E-16
0.5257E-01	0.2877E-16
0.5457E-01	0.2877E-16
0.5665E-01	0.2877E-16
0.5881E-01	0.2877E-16
0.6105E-01	0.2877E-16
0.6337E-01	0.2877E-16
0.6579E-01	0.2877E-16
0.6829E-01	0.2877E-16
0.7089E-01	0.2877E-16
0.7359E-01	0.2877E-16
0.7640E-01	0.2877E-16
0.7931E-01	0.2877E-16
0.8233E-01	0.2877E-16
0.8546E-01	0.2877E-16
0.8872E-01	0.2877E-16
0.9210E-01	0.2877E-16
0.9560E-01	0.2877E-16
0.9924E-01	0.2877E-16
0.1030	0.2877E-16
0.1069	0.2877E-16
0.1110	0.2877E-16
0.1152	0.2877E-16
0.1196	0.2877E-16
0.1242	0.2877E-16
0.1289	0.2877E-16
0.1338	0.2877E-16
0.1389	0.2877E-16
0.1442	0.2877E-16
0.1497	0.2877E-16
0.1554	0.2877E-16
0.1613	0.2877E-16
0.1675	0.2877E-16
0.1739	0.2877E-16
0.1805	0.2877E-16
0.1874	0.2877E-16
0.1945	0.2877E-16
0.2019	0.2877E-16
0.2096	0.2877E-16
0.2176	0.2877E-16
0.2259	0.2877E-16
0.2345	0.2877E-16
0.2434	0.2877E-16
0.2527	0.2877E-16
0.2623	0.2877E-16
0.2723	0.2877E-16
0.2826	0.2878E-16
0.2934	0.2878E-16
0.3046	0.2878E-16
0.3162	0.2878E-16
0.3282	0.2878E-16
0.3407	0.2878E-16
0.3537	0.2878E-16
0.3672	0.2878E-16
0.3812	0.2878E-16
0.3957	0.2878E-16
0.4107	0.2878E-16
0.4264	0.2879E-16
0.4426	0.2879E-16
0.4595	0.2879E-16
0.4770	0.2879E-16
0.4952	0.2879E-16
0.5140	0.2879E-16
0.5336	0.2880E-16
0.5539	0.2880E-16
0.5750	0.2880E-16
0.5969	0.2880E-16
0.6196	0.2881E-16
0.6432	0.2881E-16
0.6677	0.2881E-16
0.6932	0.2882E-16
0.7196	0.2882E-16
0.7470	0.2883E-16
0.7754	0.2883E-16
0.8050	0.2884E-16
0.8356	0.2884E-16
0.8674	0.2885E-16
0.9005	0.2885E-16
0.9348	0.2886E-16
0.9704	0.2887E-16
1.007	0.2888E-16
1.046	0.2888E-16
1.086	0.2889E-16
1.127	0.2890E-16
1.170	0.2892E-16
1.214	0.2893E-16
1.261	0.2894E-16
1.309	0.2895E-16
1.358	0.2897E-16
1.410	0.2899E-16
1.464	0.2900E-16
1.520	0.2902E-16
1.578	0.2904E-16
1.638	0.2907E-16
1.700	0.2909E-16
1.765	0.2912E-16
1.832	0.2915E-16
1.902	0.2918E-16
1.974	0.2922E-16
2.049	0.2925E-16
2.127	0.2929E-16
2.208	0.2934E-16
2.293	0.2939E-16
2.380	0.2944E-16
2.470	0.2949E-16
2.565	0.2956E-16
2.662	0.2962E-16
2.764	0.2970E-16
2.869	0.2977E-16
2.978	0.2986E-16
3.092	0.2995E-16
3.209	0.3005E-16
3.332	0.3016E-16
3.458	0.3028E-16
3.590	0.3041E-16
3.727	0.3054E-16
3.869	0.3069E-16
4.016	0.3086E-16
4.169	0.3104E-16
4.328	0.3123E-16
4.493	0.3144E-16
4.664	0.3167E-16
4.841	0.3191E-16
5.026	0.3218E-16
5.217	0.3248E-16
5.416	0.3279E-16
5.622	0.3314E-16
5.836	0.3352E-16
6.059	0.3394E-16
6.289	0.3439E-16
6.529	0.3489E-16
6.778	0.3543E-16
7.036	0.3602E-16
7.304	0.3667E-16
7.582	0.3738E-16
7.871	0.3817E-16
8.170	0.3902E-16
8.482	0.3997E-16
8.805	0.4091E-16
9.140	0.4204E-16
9.488	0.4329E-16
9.849	0.4466E-16
10.22	0.4618E-16
10.61	0.4784E-16
11.02	0.4968E-16
11.44	0.5196E-16
11.87	0.5422E-16
12.33	0.5672E-16
12.80	0.5948E-16
13.28	0.6254E-16
13.79	0.6581E-16
14.31	0.6954E-16
14.86	0.7368E-16
15.42	0.7802E-16
16.01	0.8308E-16
16.62	0.8869E-16
17.25	0.9436E-16
17.91	0.1012E-15
18.59	0.1107E-15
19.30	0.1194E-15
20.04	0.1294E-15
20.80	0.1402E-15
21.59	0.1523E-15
22.42	0.1657E-15
23.27	0.1808E-15
24.16	0.1978E-15
25.08	0.2167E-15
26.03	0.2384E-15
27.02	0.2625E-15
28.05	0.2897E-15
29.12	0.3214E-15
30.23	0.3565E-15
31.38	0.3964E-15
32.57	0.4491E-15
33.82	0.5025E-15
35.10	0.5590E-15
36.44	0.6294E-15
37.83	0.7113E-15
39.27	0.8153E-15
40.76	0.9280E-15
42.32	0.1060E-14
43.93	0.1212E-14
45.60	0.1393E-14
47.34	0.1605E-14
49.14	0.2021E-14
51.01	0.2323E-14
52.96	0.2666E-14
54.97	0.3047E-14
57.07	0.3476E-14
59.24	0.3941E-14
61.50	0.4449E-14
63.84	0.4984E-14
66.27	0.5552E-14
68.79	0.6133E-14
71.41	0.6734E-14
74.13	0.7341E-14
76.96	0.7948E-14
79.89	0.8547E-14
82.93	0.9144E-14
86.09	0.9732E-14
89.37	0.1031E-13
92.77	0.1088E-13
96.31	0.1143E-13
99.97	0.1197E-13
103.8	0.1250E-13
107.7	0.1302E-13
111.8	0.1352E-13
116.1	0.1401E-13
120.5	0.1447E-13
125.1	0.1492E-13
129.9	0.1535E-13
134.8	0.1575E-13
140.0	0.1613E-13
145.3	0.1648E-13
150.8	0.1681E-13
156.6	0.1712E-13
162.5	0.1740E-13
168.7	0.1765E-13
175.1	0.1788E-13
181.8	0.1809E-13
188.7	0.1828E-13
195.9	0.1845E-13
203.4	0.1860E-13
211.1	0.1874E-13
219.2	0.1885E-13
227.5	0.1895E-13
236.2	0.1904E-13
245.2	0.1912E-13
254.5	0.1918E-13
264.2	0.1923E-13
274.3	0.1927E-13
284.7	0.1930E-13
295.6	0.1932E-13
306.8	0.1934E-13
318.5	0.1934E-13
330.6	0.1934E-13
343.2	0.1933E-13
356.3	0.1931E-13
369.9	0.1928E-13
384.0	0.1925E-13
398.6	0.1921E-13
413.8	0.1916E-13
429.5	0.1911E-13
445.9	0.1905E-13
462.9	0.1899E-13
480.5	0.1892E-13
498.8	0.1884E-13
517.8	0.1876E-13
537.5	0.1867E-13
558.0	0.1858E-13
579.2	0.1848E-13
601.3	0.1837E-13
624.2	0.1826E-13
648.0	0.1814E-13
672.6	0.1802E-13
698.3	0.1789E-13
724.9	0.1776E-13
752.5	0.1762E-13
781.1	0.1747E-13
810.9	0.1732E-13
841.8	0.1717E-13
873.8	0.1701E-13
907.1	0.1684E-13
941.6	0.1667E-13
977.5	0.1649E-13
1015.	0.1631E-13
1053.	0.1612E-13
1094.	0.1593E-13
1135.	0.1574E-13
1178.	0.1554E-13
1223.	0.1533E-13
1270.	0.1513E-13
1318.	0.1491E-13
1368.	0.1470E-13
1421.	0.1448E-13
1475.	0.1426E-13
1531.	0.1404E-13
1589.	0.1382E-13
1650.	0.1359E-13
1712.	0.1336E-13
1778.	0.1313E-13
1845.	0.1290E-13
1916.	0.1267E-13
1989.	0.1244E-13
2064.	0.1221E-13
2143.	0.1197E-13
2225.	0.1174E-13
2309.	0.1151E-13
2397.	0.1128E-13
2489.	0.1105E-13
2583.	0.1082E-13
2682.	0.1060E-13
2784.	0.1037E-13
2890.	0.1015E-13
3000.	0.9932E-14
 
 
C7    C2H2F4    Excitation    0.37 eV                           
E/N (Td)	Rate coefficient (m3/s)
0.1000E-02	0.9791E-21
0.1038E-02	0.9791E-21
0.1078E-02	0.9791E-21
0.1119E-02	0.9791E-21
0.1161E-02	0.9791E-21
0.1205E-02	0.9791E-21
0.1251E-02	0.9791E-21
0.1299E-02	0.9791E-21
0.1349E-02	0.9791E-21
0.1400E-02	0.9791E-21
0.1453E-02	0.9791E-21
0.1509E-02	0.9791E-21
0.1566E-02	0.9791E-21
0.1626E-02	0.9791E-21
0.1688E-02	0.9791E-21
0.1752E-02	0.9791E-21
0.1819E-02	0.9791E-21
0.1888E-02	0.9791E-21
0.1960E-02	0.9791E-21
0.2034E-02	0.9791E-21
0.2112E-02	0.9791E-21
0.2192E-02	0.9791E-21
0.2276E-02	0.9791E-21
0.2362E-02	0.9791E-21
0.2452E-02	0.9791E-21
0.2546E-02	0.9791E-21
0.2643E-02	0.9791E-21
0.2743E-02	0.9791E-21
0.2848E-02	0.9791E-21
0.2956E-02	0.9791E-21
0.3069E-02	0.9791E-21
0.3186E-02	0.9791E-21
0.3307E-02	0.9791E-21
0.3433E-02	0.9791E-21
0.3564E-02	0.9791E-21
0.3700E-02	0.9791E-21
0.3841E-02	0.9791E-21
0.3987E-02	0.9791E-21
0.4139E-02	0.9791E-21
0.4296E-02	0.9791E-21
0.4460E-02	0.9791E-21
0.4630E-02	0.9791E-21
0.4806E-02	0.9791E-21
0.4989E-02	0.9791E-21
0.5179E-02	0.9791E-21
0.5377E-02	0.9791E-21
0.5581E-02	0.9791E-21
0.5794E-02	0.9791E-21
0.6015E-02	0.9791E-21
0.6244E-02	0.9791E-21
0.6481E-02	0.9791E-21
0.6728E-02	0.9791E-21
0.6985E-02	0.9791E-21
0.7251E-02	0.9791E-21
0.7527E-02	0.9791E-21
0.7813E-02	0.9791E-21
0.8111E-02	0.9791E-21
0.8420E-02	0.9791E-21
0.8741E-02	0.9791E-21
0.9073E-02	0.9791E-21
0.9419E-02	0.9791E-21
0.9778E-02	0.9791E-21
0.1015E-01	0.9791E-21
0.1054E-01	0.9791E-21
0.1094E-01	0.9791E-21
0.1135E-01	0.9791E-21
0.1179E-01	0.9791E-21
0.1224E-01	0.9791E-21
0.1270E-01	0.9791E-21
0.1319E-01	0.9791E-21
0.1369E-01	0.9791E-21
0.1421E-01	0.9791E-21
0.1475E-01	0.9791E-21
0.1531E-01	0.9791E-21
0.1590E-01	0.9791E-21
0.1650E-01	0.9791E-21
0.1713E-01	0.9791E-21
0.1778E-01	0.9791E-21
0.1846E-01	0.9791E-21
0.1916E-01	0.9791E-21
0.1989E-01	0.9791E-21
0.2065E-01	0.9791E-21
0.2144E-01	0.9791E-21
0.2225E-01	0.9791E-21
0.2310E-01	0.9791E-21
0.2398E-01	0.9791E-21
0.2489E-01	0.9791E-21
0.2584E-01	0.9791E-21
0.2682E-01	0.9791E-21
0.2785E-01	0.9791E-21
0.2891E-01	0.9791E-21
0.3001E-01	0.9791E-21
0.3115E-01	0.9791E-21
0.3234E-01	0.9791E-21
0.3357E-01	0.9791E-21
0.3485E-01	0.9791E-21
0.3617E-01	0.9791E-21
0.3755E-01	0.9791E-21
0.3898E-01	0.9791E-21
0.4047E-01	0.9791E-21
0.4201E-01	0.9791E-21
0.4361E-01	0.9791E-21
0.4527E-01	0.9791E-21
0.4699E-01	0.9791E-21
0.4878E-01	0.9791E-21
0.5064E-01	0.9791E-21
0.5257E-01	0.9791E-21
0.5457E-01	0.9791E-21
0.5665E-01	0.9791E-21
0.5881E-01	0.9791E-21
0.6105E-01	0.9791E-21
0.6337E-01	0.9792E-21
0.6579E-01	0.9792E-21
0.6829E-01	0.9792E-21
0.7089E-01	0.9792E-21
0.7359E-01	0.9792E-21
0.7640E-01	0.9792E-21
0.7931E-01	0.9792E-21
0.8233E-01	0.9792E-21
0.8546E-01	0.9792E-21
0.8872E-01	0.9792E-21
0.9210E-01	0.9793E-21
0.9560E-01	0.9793E-21
0.9924E-01	0.9793E-21
0.1030	0.9793E-21
0.1069	0.9793E-21
0.1110	0.9793E-21
0.1152	0.9794E-21
0.1196	0.9794E-21
0.1242	0.9794E-21
0.1289	0.9794E-21
0.1338	0.9795E-21
0.1389	0.9795E-21
0.1442	0.9795E-21
0.1497	0.9796E-21
0.1554	0.9796E-21
0.1613	0.9796E-21
0.1675	0.9797E-21
0.1739	0.9797E-21
0.1805	0.9798E-21
0.1874	0.9798E-21
0.1945	0.9799E-21
0.2019	0.9800E-21
0.2096	0.9800E-21
0.2176	0.9801E-21
0.2259	0.9802E-21
0.2345	0.9803E-21
0.2434	0.9804E-21
0.2527	0.9805E-21
0.2623	0.9806E-21
0.2723	0.9807E-21
0.2826	0.9808E-21
0.2934	0.9810E-21
0.3046	0.9811E-21
0.3162	0.9813E-21
0.3282	0.9814E-21
0.3407	0.9816E-21
0.3537	0.9818E-21
0.3672	0.9820E-21
0.3812	0.9823E-21
0.3957	0.9825E-21
0.4107	0.9828E-21
0.4264	0.9830E-21
0.4426	0.9834E-21
0.4595	0.9837E-21
0.4770	0.9840E-21
0.4952	0.9844E-21
0.5140	0.9848E-21
0.5336	0.9853E-21
0.5539	0.9857E-21
0.5750	0.9863E-21
0.5969	0.9868E-21
0.6196	0.9874E-21
0.6432	0.9880E-21
0.6677	0.9887E-21
0.6932	0.9894E-21
0.7196	0.9902E-21
0.7470	0.9911E-21
0.7754	0.9920E-21
0.8050	0.9930E-21
0.8356	0.9940E-21
0.8674	0.9952E-21
0.9005	0.9964E-21
0.9348	0.9977E-21
0.9704	0.9991E-21
1.007	0.1001E-20
1.046	0.1002E-20
1.086	0.1004E-20
1.127	0.1006E-20
1.170	0.1008E-20
1.214	0.1010E-20
1.261	0.1012E-20
1.309	0.1015E-20
1.358	0.1018E-20
1.410	0.1020E-20
1.464	0.1024E-20
1.520	0.1027E-20
1.578	0.1031E-20
1.638	0.1034E-20
1.700	0.1039E-20
1.765	0.1043E-20
1.832	0.1048E-20
1.902	0.1053E-20
1.974	0.1059E-20
2.049	0.1065E-20
2.127	0.1072E-20
2.208	0.1079E-20
2.293	0.1087E-20
2.380	0.1095E-20
2.470	0.1104E-20
2.565	0.1114E-20
2.662	0.1124E-20
2.764	0.1136E-20
2.869	0.1148E-20
2.978	0.1162E-20
3.092	0.1177E-20
3.209	0.1193E-20
3.332	0.1211E-20
3.458	0.1230E-20
3.590	0.1251E-20
3.727	0.1274E-20
3.869	0.1299E-20
4.016	0.1326E-20
4.169	0.1357E-20
4.328	0.1390E-20
4.493	0.1427E-20
4.664	0.1467E-20
4.841	0.1512E-20
5.026	0.1562E-20
5.217	0.1617E-20
5.416	0.1679E-20
5.622	0.1748E-20
5.836	0.1825E-20
6.059	0.1912E-20
6.289	0.2009E-20
6.529	0.2120E-20
6.778	0.2246E-20
7.036	0.2389E-20
7.304	0.2554E-20
7.582	0.2743E-20
7.871	0.2962E-20
8.170	0.3217E-20
8.482	0.3514E-20
8.805	0.3856E-20
9.140	0.4265E-20
9.488	0.4750E-20
9.849	0.5328E-20
10.22	0.6018E-20
10.61	0.6849E-20
11.02	0.7854E-20
11.44	0.9124E-20
11.87	0.1063E-19
12.33	0.1248E-19
12.80	0.1477E-19
13.28	0.1763E-19
13.79	0.2119E-19
14.31	0.2569E-19
14.86	0.3139E-19
15.42	0.3859E-19
16.01	0.4788E-19
16.62	0.5984E-19
17.25	0.7499E-19
17.91	0.9498E-19
18.59	0.1236E-18
19.30	0.1585E-18
20.04	0.2052E-18
20.80	0.2658E-18
21.59	0.3457E-18
22.42	0.4532E-18
23.27	0.5935E-18
24.16	0.7794E-18
25.08	0.1026E-17
26.03	0.1363E-17
27.02	0.1801E-17
28.05	0.2384E-17
29.12	0.3183E-17
30.23	0.4222E-17
31.38	0.5604E-17
32.57	0.7594E-17
33.82	0.1008E-16
35.10	0.1333E-16
36.44	0.1767E-16
37.83	0.2337E-16
39.27	0.3133E-16
40.76	0.4122E-16
42.32	0.5405E-16
43.93	0.7085E-16
45.60	0.9188E-16
47.34	0.1184E-15
49.14	0.1668E-15
51.01	0.2102E-15
52.96	0.2624E-15
54.97	0.3231E-15
57.07	0.3942E-15
59.24	0.4742E-15
61.50	0.5642E-15
63.84	0.6615E-15
66.27	0.7670E-15
68.79	0.8772E-15
71.41	0.9924E-15
74.13	0.1110E-14
76.96	0.1229E-14
79.89	0.1347E-14
82.93	0.1464E-14
86.09	0.1580E-14
89.37	0.1693E-14
92.77	0.1803E-14
96.31	0.1910E-14
99.97	0.2014E-14
103.8	0.2115E-14
107.7	0.2213E-14
111.8	0.2306E-14
116.1	0.2396E-14
120.5	0.2482E-14
125.1	0.2563E-14
129.9	0.2640E-14
134.8	0.2713E-14
140.0	0.2781E-14
145.3	0.2844E-14
150.8	0.2902E-14
156.6	0.2955E-14
162.5	0.3005E-14
168.7	0.3049E-14
175.1	0.3090E-14
181.8	0.3127E-14
188.7	0.3160E-14
195.9	0.3189E-14
203.4	0.3215E-14
211.1	0.3239E-14
219.2	0.3259E-14
227.5	0.3277E-14
236.2	0.3293E-14
245.2	0.3306E-14
254.5	0.3317E-14
264.2	0.3326E-14
274.3	0.3334E-14
284.7	0.3340E-14
295.6	0.3344E-14
306.8	0.3347E-14
318.5	0.3348E-14
330.6	0.3348E-14
343.2	0.3347E-14
356.3	0.3345E-14
369.9	0.3341E-14
384.0	0.3336E-14
398.6	0.3330E-14
413.8	0.3323E-14
429.5	0.3315E-14
445.9	0.3306E-14
462.9	0.3296E-14
480.5	0.3285E-14
498.8	0.3273E-14
517.8	0.3260E-14
537.5	0.3246E-14
558.0	0.3231E-14
579.2	0.3215E-14
601.3	0.3198E-14
624.2	0.3180E-14
648.0	0.3162E-14
672.6	0.3142E-14
698.3	0.3121E-14
724.9	0.3100E-14
752.5	0.3077E-14
781.1	0.3054E-14
810.9	0.3030E-14
841.8	0.3005E-14
873.8	0.2979E-14
907.1	0.2952E-14
941.6	0.2924E-14
977.5	0.2895E-14
1015.	0.2866E-14
1053.	0.2836E-14
1094.	0.2805E-14
1135.	0.2773E-14
1178.	0.2741E-14
1223.	0.2708E-14
1270.	0.2674E-14
1318.	0.2640E-14
1368.	0.2605E-14
1421.	0.2570E-14
1475.	0.2534E-14
1531.	0.2498E-14
1589.	0.2461E-14
1650.	0.2424E-14
1712.	0.2387E-14
1778.	0.2349E-14
1845.	0.2312E-14
1916.	0.2274E-14
1989.	0.2236E-14
2064.	0.2198E-14
2143.	0.2160E-14
2225.	0.2122E-14
2309.	0.2084E-14
2397.	0.2047E-14
2489.	0.2009E-14
2583.	0.1972E-14
2682.	0.1934E-14
2784.	0.1898E-14
2890.	0.1861E-14
3000.	0.1825E-14
 
 
C8    C2H2F4    Excitation    0.50 eV                           
E/N (Td)	Rate coefficient (m3/s)
0.1000E-02	0.2908E-25
0.1038E-02	0.2908E-25
0.1078E-02	0.2908E-25
0.1119E-02	0.2908E-25
0.1161E-02	0.2908E-25
0.1205E-02	0.2908E-25
0.1251E-02	0.2908E-25
0.1299E-02	0.2908E-25
0.1349E-02	0.2908E-25
0.1400E-02	0.2908E-25
0.1453E-02	0.2908E-25
0.1509E-02	0.2908E-25
0.1566E-02	0.2908E-25
0.1626E-02	0.2908E-25
0.1688E-02	0.2908E-25
0.1752E-02	0.2908E-25
0.1819E-02	0.2908E-25
0.1888E-02	0.2908E-25
0.1960E-02	0.2908E-25
0.2034E-02	0.2908E-25
0.2112E-02	0.2908E-25
0.2192E-02	0.2908E-25
0.2276E-02	0.2908E-25
0.2362E-02	0.2908E-25
0.2452E-02	0.2908E-25
0.2546E-02	0.2908E-25
0.2643E-02	0.2908E-25
0.2743E-02	0.2908E-25
0.2848E-02	0.2908E-25
0.2956E-02	0.2908E-25
0.3069E-02	0.2908E-25
0.3186E-02	0.2908E-25
0.3307E-02	0.2908E-25
0.3433E-02	0.2908E-25
0.3564E-02	0.2908E-25
0.3700E-02	0.2908E-25
0.3841E-02	0.2908E-25
0.3987E-02	0.2908E-25
0.4139E-02	0.2908E-25
0.4296E-02	0.2908E-25
0.4460E-02	0.2908E-25
0.4630E-02	0.2908E-25
0.4806E-02	0.2908E-25
0.4989E-02	0.2908E-25
0.5179E-02	0.2908E-25
0.5377E-02	0.2908E-25
0.5581E-02	0.2908E-25
0.5794E-02	0.2908E-25
0.6015E-02	0.2908E-25
0.6244E-02	0.2908E-25
0.6481E-02	0.2908E-25
0.6728E-02	0.2908E-25
0.6985E-02	0.2908E-25
0.7251E-02	0.2908E-25
0.7527E-02	0.2908E-25
0.7813E-02	0.2908E-25
0.8111E-02	0.2908E-25
0.8420E-02	0.2908E-25
0.8741E-02	0.2908E-25
0.9073E-02	0.2908E-25
0.9419E-02	0.2908E-25
0.9778E-02	0.2908E-25
0.1015E-01	0.2908E-25
0.1054E-01	0.2908E-25
0.1094E-01	0.2908E-25
0.1135E-01	0.2908E-25
0.1179E-01	0.2908E-25
0.1224E-01	0.2908E-25
0.1270E-01	0.2908E-25
0.1319E-01	0.2908E-25
0.1369E-01	0.2908E-25
0.1421E-01	0.2908E-25
0.1475E-01	0.2909E-25
0.1531E-01	0.2909E-25
0.1590E-01	0.2909E-25
0.1650E-01	0.2909E-25
0.1713E-01	0.2909E-25
0.1778E-01	0.2909E-25
0.1846E-01	0.2909E-25
0.1916E-01	0.2909E-25
0.1989E-01	0.2909E-25
0.2065E-01	0.2909E-25
0.2144E-01	0.2909E-25
0.2225E-01	0.2909E-25
0.2310E-01	0.2909E-25
0.2398E-01	0.2909E-25
0.2489E-01	0.2909E-25
0.2584E-01	0.2909E-25
0.2682E-01	0.2909E-25
0.2785E-01	0.2909E-25
0.2891E-01	0.2909E-25
0.3001E-01	0.2909E-25
0.3115E-01	0.2909E-25
0.3234E-01	0.2909E-25
0.3357E-01	0.2909E-25
0.3485E-01	0.2909E-25
0.3617E-01	0.2909E-25
0.3755E-01	0.2909E-25
0.3898E-01	0.2909E-25
0.4047E-01	0.2909E-25
0.4201E-01	0.2909E-25
0.4361E-01	0.2909E-25
0.4527E-01	0.2909E-25
0.4699E-01	0.2909E-25
0.4878E-01	0.2909E-25
0.5064E-01	0.2909E-25
0.5257E-01	0.2909E-25
0.5457E-01	0.2909E-25
0.5665E-01	0.2909E-25
0.5881E-01	0.2909E-25
0.6105E-01	0.2909E-25
0.6337E-01	0.2909E-25
0.6579E-01	0.2909E-25
0.6829E-01	0.2909E-25
0.7089E-01	0.2909E-25
0.7359E-01	0.2909E-25
0.7640E-01	0.2909E-25
0.7931E-01	0.2909E-25
0.8233E-01	0.2909E-25
0.8546E-01	0.2909E-25
0.8872E-01	0.2909E-25
0.9210E-01	0.2909E-25
0.9560E-01	0.2909E-25
0.9924E-01	0.2910E-25
0.1030	0.2910E-25
0.1069	0.2910E-25
0.1110	0.2910E-25
0.1152	0.2910E-25
0.1196	0.2910E-25
0.1242	0.2910E-25
0.1289	0.2910E-25
0.1338	0.2910E-25
0.1389	0.2911E-25
0.1442	0.2911E-25
0.1497	0.2911E-25
0.1554	0.2911E-25
0.1613	0.2911E-25
0.1675	0.2912E-25
0.1739	0.2912E-25
0.1805	0.2912E-25
0.1874	0.2912E-25
0.1945	0.2913E-25
0.2019	0.2913E-25
0.2096	0.2913E-25
0.2176	0.2914E-25
0.2259	0.2914E-25
0.2345	0.2915E-25
0.2434	0.2915E-25
0.2527	0.2916E-25
0.2623	0.2916E-25
0.2723	0.2917E-25
0.2826	0.2917E-25
0.2934	0.2918E-25
0.3046	0.2919E-25
0.3162	0.2919E-25
0.3282	0.2920E-25
0.3407	0.2921E-25
0.3537	0.2922E-25
0.3672	0.2923E-25
0.3812	0.2924E-25
0.3957	0.2926E-25
0.4107	0.2927E-25
0.4264	0.2929E-25
0.4426	0.2930E-25
0.4595	0.2932E-25
0.4770	0.2934E-25
0.4952	0.2935E-25
0.5140	0.2938E-25
0.5336	0.2940E-25
0.5539	0.2942E-25
0.5750	0.2945E-25
0.5969	0.2948E-25
0.6196	0.2951E-25
0.6432	0.2954E-25
0.6677	0.2958E-25
0.6932	0.2961E-25
0.7196	0.2966E-25
0.7470	0.2970E-25
0.7754	0.2975E-25
0.8050	0.2980E-25
0.8356	0.2985E-25
0.8674	0.2991E-25
0.9005	0.2998E-25
0.9348	0.3005E-25
0.9704	0.3012E-25
1.007	0.3020E-25
1.046	0.3029E-25
1.086	0.3039E-25
1.127	0.3049E-25
1.170	0.3060E-25
1.214	0.3072E-25
1.261	0.3084E-25
1.309	0.3098E-25
1.358	0.3113E-25
1.410	0.3129E-25
1.464	0.3147E-25
1.520	0.3166E-25
1.578	0.3186E-25
1.638	0.3209E-25
1.700	0.3233E-25
1.765	0.3259E-25
1.832	0.3288E-25
1.902	0.3319E-25
1.974	0.3352E-25
2.049	0.3389E-25
2.127	0.3429E-25
2.208	0.3472E-25
2.293	0.3520E-25
2.380	0.3572E-25
2.470	0.3628E-25
2.565	0.3690E-25
2.662	0.3759E-25
2.764	0.3834E-25
2.869	0.3916E-25
2.978	0.4007E-25
3.092	0.4107E-25
3.209	0.4218E-25
3.332	0.4342E-25
3.458	0.4478E-25
3.590	0.4631E-25
3.727	0.4801E-25
3.869	0.4992E-25
4.016	0.5206E-25
4.169	0.5447E-25
4.328	0.5720E-25
4.493	0.6030E-25
4.664	0.6383E-25
4.841	0.6787E-25
5.026	0.7251E-25
5.217	0.7786E-25
5.416	0.8407E-25
5.622	0.9131E-25
5.836	0.9979E-25
6.059	0.1098E-24
6.289	0.1216E-24
6.529	0.1357E-24
6.778	0.1527E-24
7.036	0.1731E-24
7.304	0.1980E-24
7.582	0.2284E-24
7.871	0.2660E-24
8.170	0.3127E-24
8.482	0.3711E-24
8.805	0.4510E-24
9.140	0.5475E-24
9.488	0.6719E-24
9.849	0.8336E-24
10.22	0.1046E-23
10.61	0.1326E-23
11.02	0.1700E-23
11.44	0.2233E-23
11.87	0.2931E-23
12.33	0.3888E-23
12.80	0.5211E-23
13.28	0.7055E-23
13.79	0.9712E-23
14.31	0.1343E-22
14.86	0.1874E-22
15.42	0.2651E-22
16.01	0.3773E-22
16.62	0.5414E-22
17.25	0.7957E-22
17.91	0.1169E-21
18.59	0.1840E-21
19.30	0.2806E-21
20.04	0.4469E-21
20.80	0.7110E-21
21.59	0.1153E-20
22.42	0.1930E-20
23.27	0.3257E-20
24.16	0.5583E-20
25.08	0.9691E-20
26.03	0.1714E-19
27.02	0.3017E-19
28.05	0.5318E-19
29.12	0.9445E-19
30.23	0.1654E-18
31.38	0.2875E-18
32.57	0.5062E-18
33.82	0.8631E-18
35.10	0.1452E-17
36.44	0.2415E-17
37.83	0.3963E-17
39.27	0.6518E-17
40.76	0.1039E-16
42.32	0.1631E-16
43.93	0.2536E-16
45.60	0.3854E-16
47.34	0.5761E-16
49.14	0.9336E-16
51.01	0.1340E-15
52.96	0.1888E-15
54.97	0.2604E-15
57.07	0.3533E-15
59.24	0.4692E-15
61.50	0.6126E-15
63.84	0.7834E-15
66.27	0.9852E-15
68.79	0.1216E-14
71.41	0.1477E-14
74.13	0.1767E-14
76.96	0.2082E-14
79.89	0.2420E-14
82.93	0.2781E-14
86.09	0.3159E-14
89.37	0.3554E-14
92.77	0.3961E-14
96.31	0.4379E-14
99.97	0.4804E-14
103.8	0.5234E-14
107.7	0.5665E-14
111.8	0.6094E-14
116.1	0.6518E-14
120.5	0.6934E-14
125.1	0.7337E-14
129.9	0.7726E-14
134.8	0.8099E-14
140.0	0.8453E-14
145.3	0.8788E-14
150.8	0.9101E-14
156.6	0.9393E-14
162.5	0.9664E-14
168.7	0.9914E-14
175.1	0.1014E-13
181.8	0.1035E-13
188.7	0.1054E-13
195.9	0.1072E-13
203.4	0.1087E-13
211.1	0.1101E-13
219.2	0.1114E-13
227.5	0.1125E-13
236.2	0.1135E-13
245.2	0.1144E-13
254.5	0.1152E-13
264.2	0.1159E-13
274.3	0.1164E-13
284.7	0.1169E-13
295.6	0.1173E-13
306.8	0.1176E-13
318.5	0.1179E-13
330.6	0.1181E-13
343.2	0.1182E-13
356.3	0.1182E-13
369.9	0.1182E-13
384.0	0.1181E-13
398.6	0.1180E-13
413.8	0.1178E-13
429.5	0.1175E-13
445.9	0.1172E-13
462.9	0.1169E-13
480.5	0.1165E-13
498.8	0.1160E-13
517.8	0.1155E-13
537.5	0.1150E-13
558.0	0.1144E-13
579.2	0.1137E-13
601.3	0.1130E-13
624.2	0.1123E-13
648.0	0.1115E-13
672.6	0.1106E-13
698.3	0.1098E-13
724.9	0.1088E-13
752.5	0.1078E-13
781.1	0.1068E-13
810.9	0.1057E-13
841.8	0.1046E-13
873.8	0.1035E-13
907.1	0.1023E-13
941.6	0.1010E-13
977.5	0.9976E-14
1015.	0.9844E-14
1053.	0.9708E-14
1094.	0.9569E-14
1135.	0.9426E-14
1178.	0.9280E-14
1223.	0.9130E-14
1270.	0.8978E-14
1318.	0.8823E-14
1368.	0.8665E-14
1421.	0.8505E-14
1475.	0.8343E-14
1531.	0.8179E-14
1589.	0.8013E-14
1650.	0.7846E-14
1712.	0.7677E-14
1778.	0.7508E-14
1845.	0.7338E-14
1916.	0.7167E-14
1989.	0.6996E-14
2064.	0.6825E-14
2143.	0.6655E-14
2225.	0.6484E-14
2309.	0.6315E-14
2397.	0.6146E-14
2489.	0.5979E-14
2583.	0.5812E-14
2682.	0.5647E-14
2784.	0.5484E-14
2890.	0.5323E-14
3000.	0.5164E-14
 
 
C9    C2H2F4    Excitation    10.30 eV                          
E/N (Td)	Rate coefficient (m3/s)
0.1000E-02	0.000
0.1038E-02	0.000
0.1078E-02	0.000
0.1119E-02	0.000
0.1161E-02	0.000
0.1205E-02	0.000
0.1251E-02	0.000
0.1299E-02	0.000
0.1349E-02	0.000
0.1400E-02	0.000
0.1453E-02	0.000
0.1509E-02	0.000
0.1566E-02	0.000
0.1626E-02	0.000
0.1688E-02	0.000
0.1752E-02	0.000
0.1819E-02	0.000
0.1888E-02	0.000
0.1960E-02	0.000
0.2034E-02	0.000
0.2112E-02	0.000
0.2192E-02	0.000
0.2276E-02	0.000
0.2362E-02	0.000
0.2452E-02	0.000
0.2546E-02	0.000
0.2643E-02	0.000
0.2743E-02	0.000
0.2848E-02	0.000
0.2956E-02	0.000
0.3069E-02	0.000
0.3186E-02	0.000
0.3307E-02	0.000
0.3433E-02	0.000
0.3564E-02	0.000
0.3700E-02	0.000
0.3841E-02	0.000
0.3987E-02	0.000
0.4139E-02	0.000
0.4296E-02	0.000
0.4460E-02	0.000
0.4630E-02	0.000
0.4806E-02	0.000
0.4989E-02	0.000
0.5179E-02	0.000
0.5377E-02	0.000
0.5581E-02	0.000
0.5794E-02	0.000
0.6015E-02	0.000
0.6244E-02	0.000
0.6481E-02	0.000
0.6728E-02	0.000
0.6985E-02	0.000
0.7251E-02	0.000
0.7527E-02	0.000
0.7813E-02	0.000
0.8111E-02	0.000
0.8420E-02	0.000
0.8741E-02	0.000
0.9073E-02	0.000
0.9419E-02	0.000
0.9778E-02	0.000
0.1015E-01	0.000
0.1054E-01	0.000
0.1094E-01	0.000
0.1135E-01	0.000
0.1179E-01	0.000
0.1224E-01	0.000
0.1270E-01	0.000
0.1319E-01	0.000
0.1369E-01	0.000
0.1421E-01	0.000
0.1475E-01	0.000
0.1531E-01	0.000
0.1590E-01	0.000
0.1650E-01	0.000
0.1713E-01	0.000
0.1778E-01	0.000
0.1846E-01	0.000
0.1916E-01	0.000
0.1989E-01	0.000
0.2065E-01	0.000
0.2144E-01	0.000
0.2225E-01	0.000
0.2310E-01	0.000
0.2398E-01	0.000
0.2489E-01	0.000
0.2584E-01	0.000
0.2682E-01	0.000
0.2785E-01	0.000
0.2891E-01	0.000
0.3001E-01	0.000
0.3115E-01	0.000
0.3234E-01	0.000
0.3357E-01	0.000
0.3485E-01	0.000
0.3617E-01	0.000
0.3755E-01	0.000
0.3898E-01	0.000
0.4047E-01	0.000
0.4201E-01	0.000
0.4361E-01	0.000
0.4527E-01	0.000
0.4699E-01	0.000
0.4878E-01	0.000
0.5064E-01	0.000
0.5257E-01	0.000
0.5457E-01	0.000
0.5665E-01	0.000
0.5881E-01	0.000
0.6105E-01	0.000
0.6337E-01	0.000
0.6579E-01	0.000
0.6829E-01	0.000
0.7089E-01	0.000
0.7359E-01	0.000
0.7640E-01	0.000
0.7931E-01	0.000
0.8233E-01	0.000
0.8546E-01	0.000
0.8872E-01	0.000
0.9210E-01	0.000
0.9560E-01	0.000
0.9924E-01	0.000
0.1030	0.000
0.1069	0.000
0.1110	0.000
0.1152	0.000
0.1196	0.000
0.1242	0.000
0.1289	0.000
0.1338	0.000
0.1389	0.000
0.1442	0.000
0.1497	0.000
0.1554	0.000
0.1613	0.000
0.1675	0.000
0.1739	0.000
0.1805	0.000
0.1874	0.000
0.1945	0.000
0.2019	0.000
0.2096	0.000
0.2176	0.000
0.2259	0.000
0.2345	0.000
0.2434	0.000
0.2527	0.000
0.2623	0.000
0.2723	0.000
0.2826	0.000
0.2934	0.000
0.3046	0.000
0.3162	0.000
0.3282	0.000
0.3407	0.000
0.3537	0.000
0.3672	0.000
0.3812	0.000
0.3957	0.000
0.4107	0.000
0.4264	0.000
0.4426	0.000
0.4595	0.000
0.4770	0.000
0.4952	0.000
0.5140	0.000
0.5336	0.000
0.5539	0.000
0.5750	0.000
0.5969	0.000
0.6196	0.000
0.6432	0.000
0.6677	0.000
0.6932	0.000
0.7196	0.000
0.7470	0.000
0.7754	0.000
0.8050	0.000
0.8356	0.000
0.8674	0.000
0.9005	0.000
0.9348	0.000
0.9704	0.000
1.007	0.000
1.046	0.000
1.086	0.000
1.127	0.000
1.170	0.000
1.214	0.000
1.261	0.000
1.309	0.000
1.358	0.000
1.410	0.000
1.464	0.000
1.520	0.000
1.578	0.000
1.638	0.000
1.700	0.000
1.765	0.000
1.832	0.000
1.902	0.000
1.974	0.000
2.049	0.000
2.127	0.000
2.208	0.000
2.293	0.000
2.380	0.000
2.470	0.000
2.565	0.000
2.662	0.000
2.764	0.000
2.869	0.000
2.978	0.000
3.092	0.000
3.209	0.000
3.332	0.000
3.458	0.000
3.590	0.000
3.727	0.000
3.869	0.000
4.016	0.000
4.169	0.000
4.328	0.000
4.493	0.000
4.664	0.000
4.841	0.000
5.026	0.000
5.217	0.000
5.416	0.000
5.622	0.000
5.836	0.000
6.059	0.000
6.289	0.000
6.529	0.000
6.778	0.000
7.036	0.000
7.304	0.000
7.582	0.000
7.871	0.000
8.170	0.000
8.482	0.000
8.805	0.000
9.140	0.000
9.488	0.000
9.849	0.000
10.22	0.000
10.61	0.000
11.02	0.000
11.44	0.000
11.87	0.000
12.33	0.000
12.80	0.000
13.28	0.000
13.79	0.000
14.31	0.000
14.86	0.000
15.42	0.000
16.01	0.000
16.62	0.000
17.25	0.000
17.91	0.000
18.59	0.000
19.30	0.000
20.04	0.000
20.80	0.000
21.59	0.000
22.42	0.000
23.27	0.000
24.16	0.000
25.08	0.000
26.03	0.000
27.02	0.000
28.05	0.000
29.12	0.000
30.23	0.000
31.38	0.000
32.57	0.000
33.82	0.000
35.10	0.000
36.44	0.000
37.83	0.000
39.27	0.000
40.76	0.000
42.32	0.000
43.93	0.000
45.60	0.000
47.34	0.000
49.14	0.2640E-28
51.01	0.1001E-27
52.96	0.3541E-27
54.97	0.2435E-23
57.07	0.8299E-23
59.24	0.3953E-22
61.50	0.1219E-21
63.84	0.3459E-21
66.27	0.9353E-21
68.79	0.2373E-20
71.41	0.5682E-20
74.13	0.1285E-19
76.96	0.2753E-19
79.89	0.5601E-19
82.93	0.1084E-18
86.09	0.2003E-18
89.37	0.3541E-18
92.77	0.6005E-18
96.31	0.9790E-18
99.97	0.1538E-17
103.8	0.2335E-17
107.7	0.3430E-17
111.8	0.4890E-17
116.1	0.6777E-17
120.5	0.9150E-17
125.1	0.1206E-16
129.9	0.1554E-16
134.8	0.1963E-16
140.0	0.2434E-16
145.3	0.2966E-16
150.8	0.3559E-16
156.6	0.4212E-16
162.5	0.4921E-16
168.7	0.5683E-16
175.1	0.6497E-16
181.8	0.7357E-16
188.7	0.8262E-16
195.9	0.9208E-16
203.4	0.1019E-15
211.1	0.1121E-15
219.2	0.1226E-15
227.5	0.1335E-15
236.2	0.1446E-15
245.2	0.1561E-15
254.5	0.1678E-15
264.2	0.1797E-15
274.3	0.1920E-15
284.7	0.2044E-15
295.6	0.2172E-15
306.8	0.2302E-15
318.5	0.2434E-15
330.6	0.2569E-15
343.2	0.2706E-15
356.3	0.2846E-15
369.9	0.2988E-15
384.0	0.3132E-15
398.6	0.3280E-15
413.8	0.3430E-15
429.5	0.3582E-15
445.9	0.3737E-15
462.9	0.3894E-15
480.5	0.4054E-15
498.8	0.4216E-15
517.8	0.4381E-15
537.5	0.4549E-15
558.0	0.4718E-15
579.2	0.4890E-15
601.3	0.5064E-15
624.2	0.5240E-15
648.0	0.5419E-15
672.6	0.5599E-15
698.3	0.5781E-15
724.9	0.5964E-15
752.5	0.6149E-15
781.1	0.6335E-15
810.9	0.6521E-15
841.8	0.6709E-15
873.8	0.6897E-15
907.1	0.7085E-15
941.6	0.7274E-15
977.5	0.7461E-15
1015.	0.7649E-15
1053.	0.7835E-15
1094.	0.8019E-15
1135.	0.8202E-15
1178.	0.8383E-15
1223.	0.8561E-15
1270.	0.8737E-15
1318.	0.8909E-15
1368.	0.9077E-15
1421.	0.9241E-15
1475.	0.9401E-15
1531.	0.9556E-15
1589.	0.9705E-15
1650.	0.9849E-15
1712.	0.9987E-15
1778.	0.1012E-14
1845.	0.1024E-14
1916.	0.1036E-14
1989.	0.1047E-14
2064.	0.1057E-14
2143.	0.1067E-14
2225.	0.1075E-14
2309.	0.1083E-14
2397.	0.1090E-14
2489.	0.1096E-14
2583.	0.1101E-14
2682.	0.1105E-14
2784.	0.1109E-14
2890.	0.1111E-14
3000.	0.1113E-14
 
 
C10   C2H2F4    Excitation    10.40 eV                          
E/N (Td)	Rate coefficient (m3/s)
0.1000E-02	0.000
0.1038E-02	0.000
0.1078E-02	0.000
0.1119E-02	0.000
0.1161E-02	0.000
0.1205E-02	0.000
0.1251E-02	0.000
0.1299E-02	0.000
0.1349E-02	0.000
0.1400E-02	0.000
0.1453E-02	0.000
0.1509E-02	0.000
0.1566E-02	0.000
0.1626E-02	0.000
0.1688E-02	0.000
0.1752E-02	0.000
0.1819E-02	0.000
0.1888E-02	0.000
0.1960E-02	0.000
0.2034E-02	0.000
0.2112E-02	0.000
0.2192E-02	0.000
0.2276E-02	0.000
0.2362E-02	0.000
0.2452E-02	0.000
0.2546E-02	0.000
0.2643E-02	0.000
0.2743E-02	0.000
0.2848E-02	0.000
0.2956E-02	0.000
0.3069E-02	0.000
0.3186E-02	0.000
0.3307E-02	0.000
0.3433E-02	0.000
0.3564E-02	0.000
0.3700E-02	0.000
0.3841E-02	0.000
0.3987E-02	0.000
0.4139E-02	0.000
0.4296E-02	0.000
0.4460E-02	0.000
0.4630E-02	0.000
0.4806E-02	0.000
0.4989E-02	0.000
0.5179E-02	0.000
0.5377E-02	0.000
0.5581E-02	0.000
0.5794E-02	0.000
0.6015E-02	0.000
0.6244E-02	0.000
0.6481E-02	0.000
0.6728E-02	0.000
0.6985E-02	0.000
0.7251E-02	0.000
0.7527E-02	0.000
0.7813E-02	0.000
0.8111E-02	0.000
0.8420E-02	0.000
0.8741E-02	0.000
0.9073E-02	0.000
0.9419E-02	0.000
0.9778E-02	0.000
0.1015E-01	0.000
0.1054E-01	0.000
0.1094E-01	0.000
0.1135E-01	0.000
0.1179E-01	0.000
0.1224E-01	0.000
0.1270E-01	0.000
0.1319E-01	0.000
0.1369E-01	0.000
0.1421E-01	0.000
0.1475E-01	0.000
0.1531E-01	0.000
0.1590E-01	0.000
0.1650E-01	0.000
0.1713E-01	0.000
0.1778E-01	0.000
0.1846E-01	0.000
0.1916E-01	0.000
0.1989E-01	0.000
0.2065E-01	0.000
0.2144E-01	0.000
0.2225E-01	0.000
0.2310E-01	0.000
0.2398E-01	0.000
0.2489E-01	0.000
0.2584E-01	0.000
0.2682E-01	0.000
0.2785E-01	0.000
0.2891E-01	0.000
0.3001E-01	0.000
0.3115E-01	0.000
0.3234E-01	0.000
0.3357E-01	0.000
0.3485E-01	0.000
0.3617E-01	0.000
0.3755E-01	0.000
0.3898E-01	0.000
0.4047E-01	0.000
0.4201E-01	0.000
0.4361E-01	0.000
0.4527E-01	0.000
0.4699E-01	0.000
0.4878E-01	0.000
0.5064E-01	0.000
0.5257E-01	0.000
0.5457E-01	0.000
0.5665E-01	0.000
0.5881E-01	0.000
0.6105E-01	0.000
0.6337E-01	0.000
0.6579E-01	0.000
0.6829E-01	0.000
0.7089E-01	0.000
0.7359E-01	0.000
0.7640E-01	0.000
0.7931E-01	0.000
0.8233E-01	0.000
0.8546E-01	0.000
0.8872E-01	0.000
0.9210E-01	0.000
0.9560E-01	0.000
0.9924E-01	0.000
0.1030	0.000
0.1069	0.000
0.1110	0.000
0.1152	0.000
0.1196	0.000
0.1242	0.000
0.1289	0.000
0.1338	0.000
0.1389	0.000
0.1442	0.000
0.1497	0.000
0.1554	0.000
0.1613	0.000
0.1675	0.000
0.1739	0.000
0.1805	0.000
0.1874	0.000
0.1945	0.000
0.2019	0.000
0.2096	0.000
0.2176	0.000
0.2259	0.000
0.2345	0.000
0.2434	0.000
0.2527	0.000
0.2623	0.000
0.2723	0.000
0.2826	0.000
0.2934	0.000
0.3046	0.000
0.3162	0.000
0.3282	0.000
0.3407	0.000
0.3537	0.000
0.3672	0.000
0.3812	0.000
0.3957	0.000
0.4107	0.000
0.4264	0.000
0.4426	0.000
0.4595	0.000
0.4770	0.000
0.4952	0.000
0.5140	0.000
0.5336	0.000
0.5539	0.000
0.5750	0.000
0.5969	0.000
0.6196	0.000
0.6432	0.000
0.6677	0.000
0.6932	0.000
0.7196	0.000
0.7470	0.000
0.7754	0.000
0.8050	0.000
0.8356	0.000
0.8674	0.000
0.9005	0.000
0.9348	0.000
0.9704	0.000
1.007	0.000
1.046	0.000
1.086	0.000
1.127	0.000
1.170	0.000
1.214	0.000
1.261	0.000
1.309	0.000
1.358	0.000
1.410	0.000
1.464	0.000
1.520	0.000
1.578	0.000
1.638	0.000
1.700	0.000
1.765	0.000
1.832	0.000
1.902	0.000
1.974	0.000
2.049	0.000
2.127	0.000
2.208	0.000
2.293	0.000
2.380	0.000
2.470	0.000
2.565	0.000
2.662	0.000
2.764	0.000
2.869	0.000
2.978	0.000
3.092	0.000
3.209	0.000
3.332	0.000
3.458	0.000
3.590	0.000
3.727	0.000
3.869	0.000
4.016	0.000
4.169	0.000
4.328	0.000
4.493	0.000
4.664	0.000
4.841	0.000
5.026	0.000
5.217	0.000
5.416	0.000
5.622	0.000
5.836	0.000
6.059	0.000
6.289	0.000
6.529	0.000
6.778	0.000
7.036	0.000
7.304	0.000
7.582	0.000
7.871	0.000
8.170	0.000
8.482	0.000
8.805	0.000
9.140	0.000
9.488	0.000
9.849	0.000
10.22	0.000
10.61	0.000
11.02	0.000
11.44	0.000
11.87	0.000
12.33	0.000
12.80	0.000
13.28	0.000
13.79	0.000
14.31	0.000
14.86	0.000
15.42	0.000
16.01	0.000
16.62	0.000
17.25	0.000
17.91	0.000
18.59	0.000
19.30	0.000
20.04	0.000
20.80	0.000
21.59	0.000
22.42	0.000
23.27	0.000
24.16	0.000
25.08	0.000
26.03	0.000
27.02	0.000
28.05	0.000
29.12	0.000
30.23	0.000
31.38	0.000
32.57	0.000
33.82	0.000
35.10	0.000
36.44	0.000
37.83	0.000
39.27	0.000
40.76	0.000
42.32	0.000
43.93	0.000
45.60	0.000
47.34	0.000
49.14	0.000
51.01	0.000
52.96	0.000
54.97	0.3339E-24
57.07	0.1141E-23
59.24	0.5242E-23
61.50	0.1615E-22
63.84	0.4633E-22
66.27	0.1254E-21
68.79	0.3183E-21
71.41	0.7630E-21
74.13	0.1728E-20
76.96	0.3705E-20
79.89	0.7549E-20
82.93	0.1464E-19
86.09	0.2709E-19
89.37	0.4798E-19
92.77	0.8153E-19
96.31	0.1332E-18
99.97	0.2099E-18
103.8	0.3194E-18
107.7	0.4705E-18
111.8	0.6727E-18
116.1	0.9352E-18
120.5	0.1267E-17
125.1	0.1675E-17
129.9	0.2167E-17
134.8	0.2747E-17
140.0	0.3419E-17
145.3	0.4184E-17
150.8	0.5041E-17
156.6	0.5991E-17
162.5	0.7031E-17
168.7	0.8159E-17
175.1	0.9371E-17
181.8	0.1066E-16
188.7	0.1204E-16
195.9	0.1349E-16
203.4	0.1501E-16
211.1	0.1660E-16
219.2	0.1826E-16
227.5	0.2000E-16
236.2	0.2180E-16
245.2	0.2367E-16
254.5	0.2561E-16
264.2	0.2762E-16
274.3	0.2970E-16
284.7	0.3185E-16
295.6	0.3408E-16
306.8	0.3638E-16
318.5	0.3877E-16
330.6	0.4123E-16
343.2	0.4379E-16
356.3	0.4643E-16
369.9	0.4917E-16
384.0	0.5200E-16
398.6	0.5494E-16
413.8	0.5798E-16
429.5	0.6113E-16
445.9	0.6440E-16
462.9	0.6778E-16
480.5	0.7129E-16
498.8	0.7494E-16
517.8	0.7872E-16
537.5	0.8264E-16
558.0	0.8670E-16
579.2	0.9092E-16
601.3	0.9530E-16
624.2	0.9985E-16
648.0	0.1046E-15
672.6	0.1095E-15
698.3	0.1145E-15
724.9	0.1198E-15
752.5	0.1253E-15
781.1	0.1309E-15
810.9	0.1368E-15
841.8	0.1429E-15
873.8	0.1492E-15
907.1	0.1557E-15
941.6	0.1624E-15
977.5	0.1694E-15
1015.	0.1766E-15
1053.	0.1841E-15
1094.	0.1918E-15
1135.	0.1997E-15
1178.	0.2079E-15
1223.	0.2164E-15
1270.	0.2251E-15
1318.	0.2341E-15
1368.	0.2433E-15
1421.	0.2528E-15
1475.	0.2625E-15
1531.	0.2725E-15
1589.	0.2828E-15
1650.	0.2933E-15
1712.	0.3041E-15
1778.	0.3151E-15
1845.	0.3263E-15
1916.	0.3379E-15
1989.	0.3496E-15
2064.	0.3616E-15
2143.	0.3738E-15
2225.	0.3862E-15
2309.	0.3989E-15
2397.	0.4118E-15
2489.	0.4248E-15
2583.	0.4381E-15
2682.	0.4516E-15
2784.	0.4652E-15
2890.	0.4790E-15
3000.	0.4930E-15
 
 
C11   C2H2F4    Excitation    11.70 eV                          
E/N (Td)	Rate coefficient (m3/s)
0.1000E-02	0.000
0.1038E-02	0.000
0.1078E-02	0.000
0.1119E-02	0.000
0.1161E-02	0.000
0.1205E-02	0.000
0.1251E-02	0.000
0.1299E-02	0.000
0.1349E-02	0.000
0.1400E-02	0.000
0.1453E-02	0.000
0.1509E-02	0.000
0.1566E-02	0.000
0.1626E-02	0.000
0.1688E-02	0.000
0.1752E-02	0.000
0.1819E-02	0.000
0.1888E-02	0.000
0.1960E-02	0.000
0.2034E-02	0.000
0.2112E-02	0.000
0.2192E-02	0.000
0.2276E-02	0.000
0.2362E-02	0.000
0.2452E-02	0.000
0.2546E-02	0.000
0.2643E-02	0.000
0.2743E-02	0.000
0.2848E-02	0.000
0.2956E-02	0.000
0.3069E-02	0.000
0.3186E-02	0.000
0.3307E-02	0.000
0.3433E-02	0.000
0.3564E-02	0.000
0.3700E-02	0.000
0.3841E-02	0.000
0.3987E-02	0.000
0.4139E-02	0.000
0.4296E-02	0.000
0.4460E-02	0.000
0.4630E-02	0.000
0.4806E-02	0.000
0.4989E-02	0.000
0.5179E-02	0.000
0.5377E-02	0.000
0.5581E-02	0.000
0.5794E-02	0.000
0.6015E-02	0.000
0.6244E-02	0.000
0.6481E-02	0.000
0.6728E-02	0.000
0.6985E-02	0.000
0.7251E-02	0.000
0.7527E-02	0.000
0.7813E-02	0.000
0.8111E-02	0.000
0.8420E-02	0.000
0.8741E-02	0.000
0.9073E-02	0.000
0.9419E-02	0.000
0.9778E-02	0.000
0.1015E-01	0.000
0.1054E-01	0.000
0.1094E-01	0.000
0.1135E-01	0.000
0.1179E-01	0.000
0.1224E-01	0.000
0.1270E-01	0.000
0.1319E-01	0.000
0.1369E-01	0.000
0.1421E-01	0.000
0.1475E-01	0.000
0.1531E-01	0.000
0.1590E-01	0.000
0.1650E-01	0.000
0.1713E-01	0.000
0.1778E-01	0.000
0.1846E-01	0.000
0.1916E-01	0.000
0.1989E-01	0.000
0.2065E-01	0.000
0.2144E-01	0.000
0.2225E-01	0.000
0.2310E-01	0.000
0.2398E-01	0.000
0.2489E-01	0.000
0.2584E-01	0.000
0.2682E-01	0.000
0.2785E-01	0.000
0.2891E-01	0.000
0.3001E-01	0.000
0.3115E-01	0.000
0.3234E-01	0.000
0.3357E-01	0.000
0.3485E-01	0.000
0.3617E-01	0.000
0.3755E-01	0.000
0.3898E-01	0.000
0.4047E-01	0.000
0.4201E-01	0.000
0.4361E-01	0.000
0.4527E-01	0.000
0.4699E-01	0.000
0.4878E-01	0.000
0.5064E-01	0.000
0.5257E-01	0.000
0.5457E-01	0.000
0.5665E-01	0.000
0.5881E-01	0.000
0.6105E-01	0.000
0.6337E-01	0.000
0.6579E-01	0.000
0.6829E-01	0.000
0.7089E-01	0.000
0.7359E-01	0.000
0.7640E-01	0.000
0.7931E-01	0.000
0.8233E-01	0.000
0.8546E-01	0.000
0.8872E-01	0.000
0.9210E-01	0.000
0.9560E-01	0.000
0.9924E-01	0.000
0.1030	0.000
0.1069	0.000
0.1110	0.000
0.1152	0.000
0.1196	0.000
0.1242	0.000
0.1289	0.000
0.1338	0.000
0.1389	0.000
0.1442	0.000
0.1497	0.000
0.1554	0.000
0.1613	0.000
0.1675	0.000
0.1739	0.000
0.1805	0.000
0.1874	0.000
0.1945	0.000
0.2019	0.000
0.2096	0.000
0.2176	0.000
0.2259	0.000
0.2345	0.000
0.2434	0.000
0.2527	0.000
0.2623	0.000
0.2723	0.000
0.2826	0.000
0.2934	0.000
0.3046	0.000
0.3162	0.000
0.3282	0.000
0.3407	0.000
0.3537	0.000
0.3672	0.000
0.3812	0.000
0.3957	0.000
0.4107	0.000
0.4264	0.000
0.4426	0.000
0.4595	0.000
0.4770	0.000
0.4952	0.000
0.5140	0.000
0.5336	0.000
0.5539	0.000
0.5750	0.000
0.5969	0.000
0.6196	0.000
0.6432	0.000
0.6677	0.000
0.6932	0.000
0.7196	0.000
0.7470	0.000
0.7754	0.000
0.8050	0.000
0.8356	0.000
0.8674	0.000
0.9005	0.000
0.9348	0.000
0.9704	0.000
1.007	0.000
1.046	0.000
1.086	0.000
1.127	0.000
1.170	0.000
1.214	0.000
1.261	0.000
1.309	0.000
1.358	0.000
1.410	0.000
1.464	0.000
1.520	0.000
1.578	0.000
1.638	0.000
1.700	0.000
1.765	0.000
1.832	0.000
1.902	0.000
1.974	0.000
2.049	0.000
2.127	0.000
2.208	0.000
2.293	0.000
2.380	0.000
2.470	0.000
2.565	0.000
2.662	0.000
2.764	0.000
2.869	0.000
2.978	0.000
3.092	0.000
3.209	0.000
3.332	0.000
3.458	0.000
3.590	0.000
3.727	0.000
3.869	0.000
4.016	0.000
4.169	0.000
4.328	0.000
4.493	0.000
4.664	0.000
4.841	0.000
5.026	0.000
5.217	0.000
5.416	0.000
5.622	0.000
5.836	0.000
6.059	0.000
6.289	0.000
6.529	0.000
6.778	0.000
7.036	0.000
7.304	0.000
7.582	0.000
7.871	0.000
8.170	0.000
8.482	0.000
8.805	0.000
9.140	0.000
9.488	0.000
9.849	0.000
10.22	0.000
10.61	0.000
11.02	0.000
11.44	0.000
11.87	0.000
12.33	0.000
12.80	0.000
13.28	0.000
13.79	0.000
14.31	0.000
14.86	0.000
15.42	0.000
16.01	0.000
16.62	0.000
17.25	0.000
17.91	0.000
18.59	0.000
19.30	0.000
20.04	0.000
20.80	0.000
21.59	0.000
22.42	0.000
23.27	0.000
24.16	0.000
25.08	0.000
26.03	0.000
27.02	0.000
28.05	0.000
29.12	0.000
30.23	0.000
31.38	0.000
32.57	0.000
33.82	0.000
35.10	0.000
36.44	0.000
37.83	0.000
39.27	0.000
40.76	0.000
42.32	0.000
43.93	0.000
45.60	0.000
47.34	0.000
49.14	0.000
51.01	0.000
52.96	0.000
54.97	0.1982E-24
57.07	0.7141E-24
59.24	0.1336E-22
61.50	0.4381E-22
63.84	0.1333E-21
66.27	0.3800E-21
68.79	0.1009E-20
71.41	0.2526E-20
74.13	0.5950E-20
76.96	0.1323E-19
79.89	0.2785E-19
82.93	0.5565E-19
86.09	0.1059E-18
89.37	0.1923E-18
92.77	0.3343E-18
96.31	0.5578E-18
99.97	0.8958E-18
103.8	0.1388E-17
107.7	0.2078E-17
111.8	0.3015E-17
116.1	0.4249E-17
120.5	0.5828E-17
125.1	0.7795E-17
129.9	0.1019E-16
134.8	0.1304E-16
140.0	0.1637E-16
145.3	0.2020E-16
150.8	0.2452E-16
156.6	0.2933E-16
162.5	0.3463E-16
168.7	0.4041E-16
175.1	0.4664E-16
181.8	0.5331E-16
188.7	0.6041E-16
195.9	0.6792E-16
203.4	0.7581E-16
211.1	0.8408E-16
219.2	0.9271E-16
227.5	0.1017E-15
236.2	0.1110E-15
245.2	0.1207E-15
254.5	0.1307E-15
264.2	0.1410E-15
274.3	0.1516E-15
284.7	0.1626E-15
295.6	0.1738E-15
306.8	0.1854E-15
318.5	0.1974E-15
330.6	0.2096E-15
343.2	0.2222E-15
356.3	0.2352E-15
369.9	0.2484E-15
384.0	0.2621E-15
398.6	0.2760E-15
413.8	0.2904E-15
429.5	0.3051E-15
445.9	0.3201E-15
462.9	0.3356E-15
480.5	0.3514E-15
498.8	0.3676E-15
517.8	0.3841E-15
537.5	0.4010E-15
558.0	0.4184E-15
579.2	0.4360E-15
601.3	0.4541E-15
624.2	0.4725E-15
648.0	0.4912E-15
672.6	0.5104E-15
698.3	0.5298E-15
724.9	0.5496E-15
752.5	0.5696E-15
781.1	0.5900E-15
810.9	0.6106E-15
841.8	0.6315E-15
873.8	0.6526E-15
907.1	0.6739E-15
941.6	0.6953E-15
977.5	0.7169E-15
1015.	0.7386E-15
1053.	0.7604E-15
1094.	0.7822E-15
1135.	0.8040E-15
1178.	0.8257E-15
1223.	0.8473E-15
1270.	0.8688E-15
1318.	0.8901E-15
1368.	0.9111E-15
1421.	0.9319E-15
1475.	0.9524E-15
1531.	0.9724E-15
1589.	0.9920E-15
1650.	0.1011E-14
1712.	0.1030E-14
1778.	0.1048E-14
1845.	0.1065E-14
1916.	0.1082E-14
1989.	0.1098E-14
2064.	0.1113E-14
2143.	0.1127E-14
2225.	0.1141E-14
2309.	0.1154E-14
2397.	0.1166E-14
2489.	0.1176E-14
2583.	0.1186E-14
2682.	0.1195E-14
2784.	0.1203E-14
2890.	0.1210E-14
3000.	0.1216E-14
 
 
C12   C2H2F4    Excitation    11.80 eV                          
E/N (Td)	Rate coefficient (m3/s)
0.1000E-02	0.000
0.1038E-02	0.000
0.1078E-02	0.000
0.1119E-02	0.000
0.1161E-02	0.000
0.1205E-02	0.000
0.1251E-02	0.000
0.1299E-02	0.000
0.1349E-02	0.000
0.1400E-02	0.000
0.1453E-02	0.000
0.1509E-02	0.000
0.1566E-02	0.000
0.1626E-02	0.000
0.1688E-02	0.000
0.1752E-02	0.000
0.1819E-02	0.000
0.1888E-02	0.000
0.1960E-02	0.000
0.2034E-02	0.000
0.2112E-02	0.000
0.2192E-02	0.000
0.2276E-02	0.000
0.2362E-02	0.000
0.2452E-02	0.000
0.2546E-02	0.000
0.2643E-02	0.000
0.2743E-02	0.000
0.2848E-02	0.000
0.2956E-02	0.000
0.3069E-02	0.000
0.3186E-02	0.000
0.3307E-02	0.000
0.3433E-02	0.000
0.3564E-02	0.000
0.3700E-02	0.000
0.3841E-02	0.000
0.3987E-02	0.000
0.4139E-02	0.000
0.4296E-02	0.000
0.4460E-02	0.000
0.4630E-02	0.000
0.4806E-02	0.000
0.4989E-02	0.000
0.5179E-02	0.000
0.5377E-02	0.000
0.5581E-02	0.000
0.5794E-02	0.000
0.6015E-02	0.000
0.6244E-02	0.000
0.6481E-02	0.000
0.6728E-02	0.000
0.6985E-02	0.000
0.7251E-02	0.000
0.7527E-02	0.000
0.7813E-02	0.000
0.8111E-02	0.000
0.8420E-02	0.000
0.8741E-02	0.000
0.9073E-02	0.000
0.9419E-02	0.000
0.9778E-02	0.000
0.1015E-01	0.000
0.1054E-01	0.000
0.1094E-01	0.000
0.1135E-01	0.000
0.1179E-01	0.000
0.1224E-01	0.000
0.1270E-01	0.000
0.1319E-01	0.000
0.1369E-01	0.000
0.1421E-01	0.000
0.1475E-01	0.000
0.1531E-01	0.000
0.1590E-01	0.000
0.1650E-01	0.000
0.1713E-01	0.000
0.1778E-01	0.000
0.1846E-01	0.000
0.1916E-01	0.000
0.1989E-01	0.000
0.2065E-01	0.000
0.2144E-01	0.000
0.2225E-01	0.000
0.2310E-01	0.000
0.2398E-01	0.000
0.2489E-01	0.000
0.2584E-01	0.000
0.2682E-01	0.000
0.2785E-01	0.000
0.2891E-01	0.000
0.3001E-01	0.000
0.3115E-01	0.000
0.3234E-01	0.000
0.3357E-01	0.000
0.3485E-01	0.000
0.3617E-01	0.000
0.3755E-01	0.000
0.3898E-01	0.000
0.4047E-01	0.000
0.4201E-01	0.000
0.4361E-01	0.000
0.4527E-01	0.000
0.4699E-01	0.000
0.4878E-01	0.000
0.5064E-01	0.000
0.5257E-01	0.000
0.5457E-01	0.000
0.5665E-01	0.000
0.5881E-01	0.000
0.6105E-01	0.000
0.6337E-01	0.000
0.6579E-01	0.000
0.6829E-01	0.000
0.7089E-01	0.000
0.7359E-01	0.000
0.7640E-01	0.000
0.7931E-01	0.000
0.8233E-01	0.000
0.8546E-01	0.000
0.8872E-01	0.000
0.9210E-01	0.000
0.9560E-01	0.000
0.9924E-01	0.000
0.1030	0.000
0.1069	0.000
0.1110	0.000
0.1152	0.000
0.1196	0.000
0.1242	0.000
0.1289	0.000
0.1338	0.000
0.1389	0.000
0.1442	0.000
0.1497	0.000
0.1554	0.000
0.1613	0.000
0.1675	0.000
0.1739	0.000
0.1805	0.000
0.1874	0.000
0.1945	0.000
0.2019	0.000
0.2096	0.000
0.2176	0.000
0.2259	0.000
0.2345	0.000
0.2434	0.000
0.2527	0.000
0.2623	0.000
0.2723	0.000
0.2826	0.000
0.2934	0.000
0.3046	0.000
0.3162	0.000
0.3282	0.000
0.3407	0.000
0.3537	0.000
0.3672	0.000
0.3812	0.000
0.3957	0.000
0.4107	0.000
0.4264	0.000
0.4426	0.000
0.4595	0.000
0.4770	0.000
0.4952	0.000
0.5140	0.000
0.5336	0.000
0.5539	0.000
0.5750	0.000
0.5969	0.000
0.6196	0.000
0.6432	0.000
0.6677	0.000
0.6932	0.000
0.7196	0.000
0.7470	0.000
0.7754	0.000
0.8050	0.000
0.8356	0.000
0.8674	0.000
0.9005	0.000
0.9348	0.000
0.9704	0.000
1.007	0.000
1.046	0.000
1.086	0.000
1.127	0.000
1.170	0.000
1.214	0.000
1.261	0.000
1.309	0.000
1.358	0.000
1.410	0.000
1.464	0.000
1.520	0.000
1.578	0.000
1.638	0.000
1.700	0.000
1.765	0.000
1.832	0.000
1.902	0.000
1.974	0.000
2.049	0.000
2.127	0.000
2.208	0.000
2.293	0.000
2.380	0.000
2.470	0.000
2.565	0.000
2.662	0.000
2.764	0.000
2.869	0.000
2.978	0.000
3.092	0.000
3.209	0.000
3.332	0.000
3.458	0.000
3.590	0.000
3.727	0.000
3.869	0.000
4.016	0.000
4.169	0.000
4.328	0.000
4.493	0.000
4.664	0.000
4.841	0.000
5.026	0.000
5.217	0.000
5.416	0.000
5.622	0.000
5.836	0.000
6.059	0.000
6.289	0.000
6.529	0.000
6.778	0.000
7.036	0.000
7.304	0.000
7.582	0.000
7.871	0.000
8.170	0.000
8.482	0.000
8.805	0.000
9.140	0.000
9.488	0.000
9.849	0.000
10.22	0.000
10.61	0.000
11.02	0.000
11.44	0.000
11.87	0.000
12.33	0.000
12.80	0.000
13.28	0.000
13.79	0.000
14.31	0.000
14.86	0.000
15.42	0.000
16.01	0.000
16.62	0.000
17.25	0.000
17.91	0.000
18.59	0.000
19.30	0.000
20.04	0.000
20.80	0.000
21.59	0.000
22.42	0.000
23.27	0.000
24.16	0.000
25.08	0.000
26.03	0.000
27.02	0.000
28.05	0.000
29.12	0.000
30.23	0.000
31.38	0.000
32.57	0.000
33.82	0.000
35.10	0.000
36.44	0.000
37.83	0.000
39.27	0.000
40.76	0.000
42.32	0.000
43.93	0.000
45.60	0.000
47.34	0.000
49.14	0.000
51.01	0.000
52.96	0.000
54.97	0.4054E-25
57.07	0.1464E-24
59.24	0.3805E-23
61.50	0.1256E-22
63.84	0.4088E-22
66.27	0.1178E-21
68.79	0.3165E-21
71.41	0.8005E-21
74.13	0.1906E-20
76.96	0.4281E-20
79.89	0.9107E-20
82.93	0.1838E-19
86.09	0.3533E-19
89.37	0.6481E-19
92.77	0.1138E-18
96.31	0.1918E-18
99.97	0.3110E-18
103.8	0.4864E-18
107.7	0.7355E-18
111.8	0.1078E-17
116.1	0.1533E-17
120.5	0.2123E-17
125.1	0.2868E-17
129.9	0.3785E-17
134.8	0.4891E-17
140.0	0.6199E-17
145.3	0.7721E-17
150.8	0.9463E-17
156.6	0.1143E-16
162.5	0.1363E-16
168.7	0.1605E-16
175.1	0.1871E-16
181.8	0.2160E-16
188.7	0.2472E-16
195.9	0.2806E-16
203.4	0.3164E-16
211.1	0.3544E-16
219.2	0.3947E-16
227.5	0.4374E-16
236.2	0.4824E-16
245.2	0.5297E-16
254.5	0.5796E-16
264.2	0.6318E-16
274.3	0.6867E-16
284.7	0.7442E-16
295.6	0.8044E-16
306.8	0.8674E-16
318.5	0.9333E-16
330.6	0.1002E-15
343.2	0.1074E-15
356.3	0.1150E-15
369.9	0.1229E-15
384.0	0.1311E-15
398.6	0.1397E-15
413.8	0.1487E-15
429.5	0.1581E-15
445.9	0.1680E-15
462.9	0.1783E-15
480.5	0.1890E-15
498.8	0.2002E-15
517.8	0.2120E-15
537.5	0.2242E-15
558.0	0.2370E-15
579.2	0.2504E-15
601.3	0.2644E-15
624.2	0.2790E-15
648.0	0.2942E-15
672.6	0.3101E-15
698.3	0.3267E-15
724.9	0.3440E-15
752.5	0.3621E-15
781.1	0.3809E-15
810.9	0.4005E-15
841.8	0.4210E-15
873.8	0.4422E-15
907.1	0.4644E-15
941.6	0.4874E-15
977.5	0.5113E-15
1015.	0.5362E-15
1053.	0.5620E-15
1094.	0.5888E-15
1135.	0.6166E-15
1178.	0.6454E-15
1223.	0.6752E-15
1270.	0.7060E-15
1318.	0.7379E-15
1368.	0.7708E-15
1421.	0.8048E-15
1475.	0.8399E-15
1531.	0.8760E-15
1589.	0.9132E-15
1650.	0.9514E-15
1712.	0.9907E-15
1778.	0.1031E-14
1845.	0.1073E-14
1916.	0.1115E-14
1989.	0.1159E-14
2064.	0.1203E-14
2143.	0.1249E-14
2225.	0.1295E-14
2309.	0.1343E-14
2397.	0.1391E-14
2489.	0.1440E-14
2583.	0.1491E-14
2682.	0.1542E-14
2784.	0.1594E-14
2890.	0.1647E-14
3000.	0.1700E-14
 
 
C13   C2H2F4    Excitation    13.40 eV                          
E/N (Td)	Rate coefficient (m3/s)
0.1000E-02	0.000
0.1038E-02	0.000
0.1078E-02	0.000
0.1119E-02	0.000
0.1161E-02	0.000
0.1205E-02	0.000
0.1251E-02	0.000
0.1299E-02	0.000
0.1349E-02	0.000
0.1400E-02	0.000
0.1453E-02	0.000
0.1509E-02	0.000
0.1566E-02	0.000
0.1626E-02	0.000
0.1688E-02	0.000
0.1752E-02	0.000
0.1819E-02	0.000
0.1888E-02	0.000
0.1960E-02	0.000
0.2034E-02	0.000
0.2112E-02	0.000
0.2192E-02	0.000
0.2276E-02	0.000
0.2362E-02	0.000
0.2452E-02	0.000
0.2546E-02	0.000
0.2643E-02	0.000
0.2743E-02	0.000
0.2848E-02	0.000
0.2956E-02	0.000
0.3069E-02	0.000
0.3186E-02	0.000
0.3307E-02	0.000
0.3433E-02	0.000
0.3564E-02	0.000
0.3700E-02	0.000
0.3841E-02	0.000
0.3987E-02	0.000
0.4139E-02	0.000
0.4296E-02	0.000
0.4460E-02	0.000
0.4630E-02	0.000
0.4806E-02	0.000
0.4989E-02	0.000
0.5179E-02	0.000
0.5377E-02	0.000
0.5581E-02	0.000
0.5794E-02	0.000
0.6015E-02	0.000
0.6244E-02	0.000
0.6481E-02	0.000
0.6728E-02	0.000
0.6985E-02	0.000
0.7251E-02	0.000
0.7527E-02	0.000
0.7813E-02	0.000
0.8111E-02	0.000
0.8420E-02	0.000
0.8741E-02	0.000
0.9073E-02	0.000
0.9419E-02	0.000
0.9778E-02	0.000
0.1015E-01	0.000
0.1054E-01	0.000
0.1094E-01	0.000
0.1135E-01	0.000
0.1179E-01	0.000
0.1224E-01	0.000
0.1270E-01	0.000
0.1319E-01	0.000
0.1369E-01	0.000
0.1421E-01	0.000
0.1475E-01	0.000
0.1531E-01	0.000
0.1590E-01	0.000
0.1650E-01	0.000
0.1713E-01	0.000
0.1778E-01	0.000
0.1846E-01	0.000
0.1916E-01	0.000
0.1989E-01	0.000
0.2065E-01	0.000
0.2144E-01	0.000
0.2225E-01	0.000
0.2310E-01	0.000
0.2398E-01	0.000
0.2489E-01	0.000
0.2584E-01	0.000
0.2682E-01	0.000
0.2785E-01	0.000
0.2891E-01	0.000
0.3001E-01	0.000
0.3115E-01	0.000
0.3234E-01	0.000
0.3357E-01	0.000
0.3485E-01	0.000
0.3617E-01	0.000
0.3755E-01	0.000
0.3898E-01	0.000
0.4047E-01	0.000
0.4201E-01	0.000
0.4361E-01	0.000
0.4527E-01	0.000
0.4699E-01	0.000
0.4878E-01	0.000
0.5064E-01	0.000
0.5257E-01	0.000
0.5457E-01	0.000
0.5665E-01	0.000
0.5881E-01	0.000
0.6105E-01	0.000
0.6337E-01	0.000
0.6579E-01	0.000
0.6829E-01	0.000
0.7089E-01	0.000
0.7359E-01	0.000
0.7640E-01	0.000
0.7931E-01	0.000
0.8233E-01	0.000
0.8546E-01	0.000
0.8872E-01	0.000
0.9210E-01	0.000
0.9560E-01	0.000
0.9924E-01	0.000
0.1030	0.000
0.1069	0.000
0.1110	0.000
0.1152	0.000
0.1196	0.000
0.1242	0.000
0.1289	0.000
0.1338	0.000
0.1389	0.000
0.1442	0.000
0.1497	0.000
0.1554	0.000
0.1613	0.000
0.1675	0.000
0.1739	0.000
0.1805	0.000
0.1874	0.000
0.1945	0.000
0.2019	0.000
0.2096	0.000
0.2176	0.000
0.2259	0.000
0.2345	0.000
0.2434	0.000
0.2527	0.000
0.2623	0.000
0.2723	0.000
0.2826	0.000
0.2934	0.000
0.3046	0.000
0.3162	0.000
0.3282	0.000
0.3407	0.000
0.3537	0.000
0.3672	0.000
0.3812	0.000
0.3957	0.000
0.4107	0.000
0.4264	0.000
0.4426	0.000
0.4595	0.000
0.4770	0.000
0.4952	0.000
0.5140	0.000
0.5336	0.000
0.5539	0.000
0.5750	0.000
0.5969	0.000
0.6196	0.000
0.6432	0.000
0.6677	0.000
0.6932	0.000
0.7196	0.000
0.7470	0.000
0.7754	0.000
0.8050	0.000
0.8356	0.000
0.8674	0.000
0.9005	0.000
0.9348	0.000
0.9704	0.000
1.007	0.000
1.046	0.000
1.086	0.000
1.127	0.000
1.170	0.000
1.214	0.000
1.261	0.000
1.309	0.000
1.358	0.000
1.410	0.000
1.464	0.000
1.520	0.000
1.578	0.000
1.638	0.000
1.700	0.000
1.765	0.000
1.832	0.000
1.902	0.000
1.974	0.000
2.049	0.000
2.127	0.000
2.208	0.000
2.293	0.000
2.380	0.000
2.470	0.000
2.565	0.000
2.662	0.000
2.764	0.000
2.869	0.000
2.978	0.000
3.092	0.000
3.209	0.000
3.332	0.000
3.458	0.000
3.590	0.000
3.727	0.000
3.869	0.000
4.016	0.000
4.169	0.000
4.328	0.000
4.493	0.000
4.664	0.000
4.841	0.000
5.026	0.000
5.217	0.000
5.416	0.000
5.622	0.000
5.836	0.000
6.059	0.000
6.289	0.000
6.529	0.000
6.778	0.000
7.036	0.000
7.304	0.000
7.582	0.000
7.871	0.000
8.170	0.000
8.482	0.000
8.805	0.000
9.140	0.000
9.488	0.000
9.849	0.000
10.22	0.000
10.61	0.000
11.02	0.000
11.44	0.000
11.87	0.000
12.33	0.000
12.80	0.000
13.28	0.000
13.79	0.000
14.31	0.000
14.86	0.000
15.42	0.000
16.01	0.000
16.62	0.000
17.25	0.000
17.91	0.000
18.59	0.000
19.30	0.000
20.04	0.000
20.80	0.000
21.59	0.000
22.42	0.000
23.27	0.000
24.16	0.000
25.08	0.000
26.03	0.000
27.02	0.000
28.05	0.000
29.12	0.000
30.23	0.000
31.38	0.000
32.57	0.000
33.82	0.000
35.10	0.000
36.44	0.000
37.83	0.000
39.27	0.000
40.76	0.000
42.32	0.000
43.93	0.000
45.60	0.000
47.34	0.000
49.14	0.000
51.01	0.000
52.96	0.000
54.97	0.000
57.07	0.000
59.24	0.1237E-23
61.50	0.4254E-23
63.84	0.2432E-22
66.27	0.7381E-22
68.79	0.2077E-21
71.41	0.5501E-21
74.13	0.1368E-20
76.96	0.3204E-20
79.89	0.7089E-20
82.93	0.1486E-19
86.09	0.2960E-19
89.37	0.5619E-19
92.77	0.1020E-18
96.31	0.1774E-18
99.97	0.2965E-18
103.8	0.4774E-18
107.7	0.7424E-18
111.8	0.1117E-17
116.1	0.1632E-17
120.5	0.2318E-17
125.1	0.3208E-17
129.9	0.4335E-17
134.8	0.5731E-17
140.0	0.7427E-17
145.3	0.9451E-17
150.8	0.1183E-16
156.6	0.1458E-16
162.5	0.1773E-16
168.7	0.2129E-16
175.1	0.2529E-16
181.8	0.2973E-16
188.7	0.3463E-16
195.9	0.4001E-16
203.4	0.4587E-16
211.1	0.5224E-16
219.2	0.5914E-16
227.5	0.6657E-16
236.2	0.7455E-16
245.2	0.8311E-16
254.5	0.9227E-16
264.2	0.1021E-15
274.3	0.1125E-15
284.7	0.1236E-15
295.6	0.1354E-15
306.8	0.1479E-15
318.5	0.1612E-15
330.6	0.1754E-15
343.2	0.1903E-15
356.3	0.2061E-15
369.9	0.2229E-15
384.0	0.2406E-15
398.6	0.2594E-15
413.8	0.2792E-15
429.5	0.3002E-15
445.9	0.3223E-15
462.9	0.3456E-15
480.5	0.3702E-15
498.8	0.3962E-15
517.8	0.4236E-15
537.5	0.4525E-15
558.0	0.4830E-15
579.2	0.5150E-15
601.3	0.5488E-15
624.2	0.5843E-15
648.0	0.6217E-15
672.6	0.6610E-15
698.3	0.7024E-15
724.9	0.7458E-15
752.5	0.7914E-15
781.1	0.8392E-15
810.9	0.8894E-15
841.8	0.9421E-15
873.8	0.9972E-15
907.1	0.1055E-14
941.6	0.1115E-14
977.5	0.1179E-14
1015.	0.1245E-14
1053.	0.1313E-14
1094.	0.1385E-14
1135.	0.1460E-14
1178.	0.1538E-14
1223.	0.1620E-14
1270.	0.1704E-14
1318.	0.1792E-14
1368.	0.1883E-14
1421.	0.1978E-14
1475.	0.2075E-14
1531.	0.2177E-14
1589.	0.2282E-14
1650.	0.2390E-14
1712.	0.2502E-14
1778.	0.2617E-14
1845.	0.2736E-14
1916.	0.2858E-14
1989.	0.2984E-14
2064.	0.3113E-14
2143.	0.3246E-14
2225.	0.3382E-14
2309.	0.3521E-14
2397.	0.3664E-14
2489.	0.3810E-14
2583.	0.3959E-14
2682.	0.4112E-14
2784.	0.4267E-14
2890.	0.4426E-14
3000.	0.4587E-14
 
 
C14   C2H2F4    Excitation    14.70 eV                          
E/N (Td)	Rate coefficient (m3/s)
0.1000E-02	0.000
0.1038E-02	0.000
0.1078E-02	0.000
0.1119E-02	0.000
0.1161E-02	0.000
0.1205E-02	0.000
0.1251E-02	0.000
0.1299E-02	0.000
0.1349E-02	0.000
0.1400E-02	0.000
0.1453E-02	0.000
0.1509E-02	0.000
0.1566E-02	0.000
0.1626E-02	0.000
0.1688E-02	0.000
0.1752E-02	0.000
0.1819E-02	0.000
0.1888E-02	0.000
0.1960E-02	0.000
0.2034E-02	0.000
0.2112E-02	0.000
0.2192E-02	0.000
0.2276E-02	0.000
0.2362E-02	0.000
0.2452E-02	0.000
0.2546E-02	0.000
0.2643E-02	0.000
0.2743E-02	0.000
0.2848E-02	0.000
0.2956E-02	0.000
0.3069E-02	0.000
0.3186E-02	0.000
0.3307E-02	0.000
0.3433E-02	0.000
0.3564E-02	0.000
0.3700E-02	0.000
0.3841E-02	0.000
0.3987E-02	0.000
0.4139E-02	0.000
0.4296E-02	0.000
0.4460E-02	0.000
0.4630E-02	0.000
0.4806E-02	0.000
0.4989E-02	0.000
0.5179E-02	0.000
0.5377E-02	0.000
0.5581E-02	0.000
0.5794E-02	0.000
0.6015E-02	0.000
0.6244E-02	0.000
0.6481E-02	0.000
0.6728E-02	0.000
0.6985E-02	0.000
0.7251E-02	0.000
0.7527E-02	0.000
0.7813E-02	0.000
0.8111E-02	0.000
0.8420E-02	0.000
0.8741E-02	0.000
0.9073E-02	0.000
0.9419E-02	0.000
0.9778E-02	0.000
0.1015E-01	0.000
0.1054E-01	0.000
0.1094E-01	0.000
0.1135E-01	0.000
0.1179E-01	0.000
0.1224E-01	0.000
0.1270E-01	0.000
0.1319E-01	0.000
0.1369E-01	0.000
0.1421E-01	0.000
0.1475E-01	0.000
0.1531E-01	0.000
0.1590E-01	0.000
0.1650E-01	0.000
0.1713E-01	0.000
0.1778E-01	0.000
0.1846E-01	0.000
0.1916E-01	0.000
0.1989E-01	0.000
0.2065E-01	0.000
0.2144E-01	0.000
0.2225E-01	0.000
0.2310E-01	0.000
0.2398E-01	0.000
0.2489E-01	0.000
0.2584E-01	0.000
0.2682E-01	0.000
0.2785E-01	0.000
0.2891E-01	0.000
0.3001E-01	0.000
0.3115E-01	0.000
0.3234E-01	0.000
0.3357E-01	0.000
0.3485E-01	0.000
0.3617E-01	0.000
0.3755E-01	0.000
0.3898E-01	0.000
0.4047E-01	0.000
0.4201E-01	0.000
0.4361E-01	0.000
0.4527E-01	0.000
0.4699E-01	0.000
0.4878E-01	0.000
0.5064E-01	0.000
0.5257E-01	0.000
0.5457E-01	0.000
0.5665E-01	0.000
0.5881E-01	0.000
0.6105E-01	0.000
0.6337E-01	0.000
0.6579E-01	0.000
0.6829E-01	0.000
0.7089E-01	0.000
0.7359E-01	0.000
0.7640E-01	0.000
0.7931E-01	0.000
0.8233E-01	0.000
0.8546E-01	0.000
0.8872E-01	0.000
0.9210E-01	0.000
0.9560E-01	0.000
0.9924E-01	0.000
0.1030	0.000
0.1069	0.000
0.1110	0.000
0.1152	0.000
0.1196	0.000
0.1242	0.000
0.1289	0.000
0.1338	0.000
0.1389	0.000
0.1442	0.000
0.1497	0.000
0.1554	0.000
0.1613	0.000
0.1675	0.000
0.1739	0.000
0.1805	0.000
0.1874	0.000
0.1945	0.000
0.2019	0.000
0.2096	0.000
0.2176	0.000
0.2259	0.000
0.2345	0.000
0.2434	0.000
0.2527	0.000
0.2623	0.000
0.2723	0.000
0.2826	0.000
0.2934	0.000
0.3046	0.000
0.3162	0.000
0.3282	0.000
0.3407	0.000
0.3537	0.000
0.3672	0.000
0.3812	0.000
0.3957	0.000
0.4107	0.000
0.4264	0.000
0.4426	0.000
0.4595	0.000
0.4770	0.000
0.4952	0.000
0.5140	0.000
0.5336	0.000
0.5539	0.000
0.5750	0.000
0.5969	0.000
0.6196	0.000
0.6432	0.000
0.6677	0.000
0.6932	0.000
0.7196	0.000
0.7470	0.000
0.7754	0.000
0.8050	0.000
0.8356	0.000
0.8674	0.000
0.9005	0.000
0.9348	0.000
0.9704	0.000
1.007	0.000
1.046	0.000
1.086	0.000
1.127	0.000
1.170	0.000
1.214	0.000
1.261	0.000
1.309	0.000
1.358	0.000
1.410	0.000
1.464	0.000
1.520	0.000
1.578	0.000
1.638	0.000
1.700	0.000
1.765	0.000
1.832	0.000
1.902	0.000
1.974	0.000
2.049	0.000
2.127	0.000
2.208	0.000
2.293	0.000
2.380	0.000
2.470	0.000
2.565	0.000
2.662	0.000
2.764	0.000
2.869	0.000
2.978	0.000
3.092	0.000
3.209	0.000
3.332	0.000
3.458	0.000
3.590	0.000
3.727	0.000
3.869	0.000
4.016	0.000
4.169	0.000
4.328	0.000
4.493	0.000
4.664	0.000
4.841	0.000
5.026	0.000
5.217	0.000
5.416	0.000
5.622	0.000
5.836	0.000
6.059	0.000
6.289	0.000
6.529	0.000
6.778	0.000
7.036	0.000
7.304	0.000
7.582	0.000
7.871	0.000
8.170	0.000
8.482	0.000
8.805	0.000
9.140	0.000
9.488	0.000
9.849	0.000
10.22	0.000
10.61	0.000
11.02	0.000
11.44	0.000
11.87	0.000
12.33	0.000
12.80	0.000
13.28	0.000
13.79	0.000
14.31	0.000
14.86	0.000
15.42	0.000
16.01	0.000
16.62	0.000
17.25	0.000
17.91	0.000
18.59	0.000
19.30	0.000
20.04	0.000
20.80	0.000
21.59	0.000
22.42	0.000
23.27	0.000
24.16	0.000
25.08	0.000
26.03	0.000
27.02	0.000
28.05	0.000
29.12	0.000
30.23	0.000
31.38	0.000
32.57	0.000
33.82	0.000
35.10	0.000
36.44	0.000
37.83	0.000
39.27	0.000
40.76	0.000
42.32	0.000
43.93	0.000
45.60	0.000
47.34	0.000
49.14	0.000
51.01	0.000
52.96	0.000
54.97	0.000
57.07	0.000
59.24	0.000
61.50	0.000
63.84	0.3818E-22
66.27	0.1203E-21
68.79	0.3536E-21
71.41	0.9703E-21
74.13	0.2496E-20
76.96	0.6040E-20
79.89	0.1379E-19
82.93	0.2977E-19
86.09	0.6104E-19
89.37	0.1191E-18
92.77	0.2219E-18
96.31	0.3959E-18
99.97	0.6781E-18
103.8	0.1118E-17
107.7	0.1777E-17
111.8	0.2732E-17
116.1	0.4072E-17
120.5	0.5897E-17
125.1	0.8313E-17
129.9	0.1143E-16
134.8	0.1538E-16
140.0	0.2025E-16
145.3	0.2616E-16
150.8	0.3322E-16
156.6	0.4152E-16
162.5	0.5115E-16
168.7	0.6220E-16
175.1	0.7473E-16
181.8	0.8883E-16
188.7	0.1045E-15
195.9	0.1220E-15
203.4	0.1411E-15
211.1	0.1621E-15
219.2	0.1849E-15
227.5	0.2096E-15
236.2	0.2363E-15
245.2	0.2651E-15
254.5	0.2960E-15
264.2	0.3290E-15
274.3	0.3642E-15
284.7	0.4018E-15
295.6	0.4417E-15
306.8	0.4840E-15
318.5	0.5288E-15
330.6	0.5763E-15
343.2	0.6263E-15
356.3	0.6791E-15
369.9	0.7348E-15
384.0	0.7933E-15
398.6	0.8548E-15
413.8	0.9194E-15
429.5	0.9870E-15
445.9	0.1058E-14
462.9	0.1132E-14
480.5	0.1210E-14
498.8	0.1290E-14
517.8	0.1375E-14
537.5	0.1463E-14
558.0	0.1554E-14
579.2	0.1650E-14
601.3	0.1748E-14
624.2	0.1851E-14
648.0	0.1957E-14
672.6	0.2067E-14
698.3	0.2181E-14
724.9	0.2298E-14
752.5	0.2419E-14
781.1	0.2543E-14
810.9	0.2671E-14
841.8	0.2803E-14
873.8	0.2937E-14
907.1	0.3075E-14
941.6	0.3216E-14
977.5	0.3360E-14
1015.	0.3506E-14
1053.	0.3656E-14
1094.	0.3807E-14
1135.	0.3960E-14
1178.	0.4115E-14
1223.	0.4272E-14
1270.	0.4429E-14
1318.	0.4588E-14
1368.	0.4747E-14
1421.	0.4906E-14
1475.	0.5065E-14
1531.	0.5223E-14
1589.	0.5381E-14
1650.	0.5537E-14
1712.	0.5691E-14
1778.	0.5843E-14
1845.	0.5993E-14
1916.	0.6139E-14
1989.	0.6282E-14
2064.	0.6422E-14
2143.	0.6557E-14
2225.	0.6688E-14
2309.	0.6814E-14
2397.	0.6935E-14
2489.	0.7050E-14
2583.	0.7159E-14
2682.	0.7262E-14
2784.	0.7359E-14
2890.	0.7449E-14
3000.	0.7533E-14
 
 
C15   C2H2F4    Excitation    15.40 eV                          
E/N (Td)	Rate coefficient (m3/s)
0.1000E-02	0.000
0.1038E-02	0.000
0.1078E-02	0.000
0.1119E-02	0.000
0.1161E-02	0.000
0.1205E-02	0.000
0.1251E-02	0.000
0.1299E-02	0.000
0.1349E-02	0.000
0.1400E-02	0.000
0.1453E-02	0.000
0.1509E-02	0.000
0.1566E-02	0.000
0.1626E-02	0.000
0.1688E-02	0.000
0.1752E-02	0.000
0.1819E-02	0.000
0.1888E-02	0.000
0.1960E-02	0.000
0.2034E-02	0.000
0.2112E-02	0.000
0.2192E-02	0.000
0.2276E-02	0.000
0.2362E-02	0.000
0.2452E-02	0.000
0.2546E-02	0.000
0.2643E-02	0.000
0.2743E-02	0.000
0.2848E-02	0.000
0.2956E-02	0.000
0.3069E-02	0.000
0.3186E-02	0.000
0.3307E-02	0.000
0.3433E-02	0.000
0.3564E-02	0.000
0.3700E-02	0.000
0.3841E-02	0.000
0.3987E-02	0.000
0.4139E-02	0.000
0.4296E-02	0.000
0.4460E-02	0.000
0.4630E-02	0.000
0.4806E-02	0.000
0.4989E-02	0.000
0.5179E-02	0.000
0.5377E-02	0.000
0.5581E-02	0.000
0.5794E-02	0.000
0.6015E-02	0.000
0.6244E-02	0.000
0.6481E-02	0.000
0.6728E-02	0.000
0.6985E-02	0.000
0.7251E-02	0.000
0.7527E-02	0.000
0.7813E-02	0.000
0.8111E-02	0.000
0.8420E-02	0.000
0.8741E-02	0.000
0.9073E-02	0.000
0.9419E-02	0.000
0.9778E-02	0.000
0.1015E-01	0.000
0.1054E-01	0.000
0.1094E-01	0.000
0.1135E-01	0.000
0.1179E-01	0.000
0.1224E-01	0.000
0.1270E-01	0.000
0.1319E-01	0.000
0.1369E-01	0.000
0.1421E-01	0.000
0.1475E-01	0.000
0.1531E-01	0.000
0.1590E-01	0.000
0.1650E-01	0.000
0.1713E-01	0.000
0.1778E-01	0.000
0.1846E-01	0.000
0.1916E-01	0.000
0.1989E-01	0.000
0.2065E-01	0.000
0.2144E-01	0.000
0.2225E-01	0.000
0.2310E-01	0.000
0.2398E-01	0.000
0.2489E-01	0.000
0.2584E-01	0.000
0.2682E-01	0.000
0.2785E-01	0.000
0.2891E-01	0.000
0.3001E-01	0.000
0.3115E-01	0.000
0.3234E-01	0.000
0.3357E-01	0.000
0.3485E-01	0.000
0.3617E-01	0.000
0.3755E-01	0.000
0.3898E-01	0.000
0.4047E-01	0.000
0.4201E-01	0.000
0.4361E-01	0.000
0.4527E-01	0.000
0.4699E-01	0.000
0.4878E-01	0.000
0.5064E-01	0.000
0.5257E-01	0.000
0.5457E-01	0.000
0.5665E-01	0.000
0.5881E-01	0.000
0.6105E-01	0.000
0.6337E-01	0.000
0.6579E-01	0.000
0.6829E-01	0.000
0.7089E-01	0.000
0.7359E-01	0.000
0.7640E-01	0.000
0.7931E-01	0.000
0.8233E-01	0.000
0.8546E-01	0.000
0.8872E-01	0.000
0.9210E-01	0.000
0.9560E-01	0.000
0.9924E-01	0.000
0.1030	0.000
0.1069	0.000
0.1110	0.000
0.1152	0.000
0.1196	0.000
0.1242	0.000
0.1289	0.000
0.1338	0.000
0.1389	0.000
0.1442	0.000
0.1497	0.000
0.1554	0.000
0.1613	0.000
0.1675	0.000
0.1739	0.000
0.1805	0.000
0.1874	0.000
0.1945	0.000
0.2019	0.000
0.2096	0.000
0.2176	0.000
0.2259	0.000
0.2345	0.000
0.2434	0.000
0.2527	0.000
0.2623	0.000
0.2723	0.000
0.2826	0.000
0.2934	0.000
0.3046	0.000
0.3162	0.000
0.3282	0.000
0.3407	0.000
0.3537	0.000
0.3672	0.000
0.3812	0.000
0.3957	0.000
0.4107	0.000
0.4264	0.000
0.4426	0.000
0.4595	0.000
0.4770	0.000
0.4952	0.000
0.5140	0.000
0.5336	0.000
0.5539	0.000
0.5750	0.000
0.5969	0.000
0.6196	0.000
0.6432	0.000
0.6677	0.000
0.6932	0.000
0.7196	0.000
0.7470	0.000
0.7754	0.000
0.8050	0.000
0.8356	0.000
0.8674	0.000
0.9005	0.000
0.9348	0.000
0.9704	0.000
1.007	0.000
1.046	0.000
1.086	0.000
1.127	0.000
1.170	0.000
1.214	0.000
1.261	0.000
1.309	0.000
1.358	0.000
1.410	0.000
1.464	0.000
1.520	0.000
1.578	0.000
1.638	0.000
1.700	0.000
1.765	0.000
1.832	0.000
1.902	0.000
1.974	0.000
2.049	0.000
2.127	0.000
2.208	0.000
2.293	0.000
2.380	0.000
2.470	0.000
2.565	0.000
2.662	0.000
2.764	0.000
2.869	0.000
2.978	0.000
3.092	0.000
3.209	0.000
3.332	0.000
3.458	0.000
3.590	0.000
3.727	0.000
3.869	0.000
4.016	0.000
4.169	0.000
4.328	0.000
4.493	0.000
4.664	0.000
4.841	0.000
5.026	0.000
5.217	0.000
5.416	0.000
5.622	0.000
5.836	0.000
6.059	0.000
6.289	0.000
6.529	0.000
6.778	0.000
7.036	0.000
7.304	0.000
7.582	0.000
7.871	0.000
8.170	0.000
8.482	0.000
8.805	0.000
9.140	0.000
9.488	0.000
9.849	0.000
10.22	0.000
10.61	0.000
11.02	0.000
11.44	0.000
11.87	0.000
12.33	0.000
12.80	0.000
13.28	0.000
13.79	0.000
14.31	0.000
14.86	0.000
15.42	0.000
16.01	0.000
16.62	0.000
17.25	0.000
17.91	0.000
18.59	0.000
19.30	0.000
20.04	0.000
20.80	0.000
21.59	0.000
22.42	0.000
23.27	0.000
24.16	0.000
25.08	0.000
26.03	0.000
27.02	0.000
28.05	0.000
29.12	0.000
30.23	0.000
31.38	0.000
32.57	0.000
33.82	0.000
35.10	0.000
36.44	0.000
37.83	0.000
39.27	0.000
40.76	0.000
42.32	0.000
43.93	0.000
45.60	0.000
47.34	0.000
49.14	0.000
51.01	0.000
52.96	0.000
54.97	0.000
57.07	0.000
59.24	0.000
61.50	0.000
63.84	0.1837E-22
66.27	0.5913E-22
68.79	0.1925E-21
71.41	0.5426E-21
74.13	0.1433E-20
76.96	0.3558E-20
79.89	0.8331E-20
82.93	0.1844E-19
86.09	0.3872E-19
89.37	0.7738E-19
92.77	0.1476E-18
96.31	0.2693E-18
99.97	0.4717E-18
103.8	0.7946E-18
107.7	0.1291E-17
111.8	0.2028E-17
116.1	0.3087E-17
120.5	0.4563E-17
125.1	0.6565E-17
129.9	0.9214E-17
134.8	0.1264E-16
140.0	0.1697E-16
145.3	0.2236E-16
150.8	0.2895E-16
156.6	0.3687E-16
162.5	0.4628E-16
168.7	0.5734E-16
175.1	0.7017E-16
181.8	0.8495E-16
188.7	0.1018E-15
195.9	0.1209E-15
203.4	0.1424E-15
211.1	0.1665E-15
219.2	0.1934E-15
227.5	0.2231E-15
236.2	0.2560E-15
245.2	0.2922E-15
254.5	0.3320E-15
264.2	0.3754E-15
274.3	0.4229E-15
284.7	0.4746E-15
295.6	0.5307E-15
306.8	0.5917E-15
318.5	0.6576E-15
330.6	0.7290E-15
343.2	0.8060E-15
356.3	0.8891E-15
369.9	0.9785E-15
384.0	0.1075E-14
398.6	0.1178E-14
413.8	0.1289E-14
429.5	0.1408E-14
445.9	0.1536E-14
462.9	0.1673E-14
480.5	0.1819E-14
498.8	0.1975E-14
517.8	0.2142E-14
537.5	0.2320E-14
558.0	0.2510E-14
579.2	0.2713E-14
601.3	0.2928E-14
624.2	0.3158E-14
648.0	0.3402E-14
672.6	0.3661E-14
698.3	0.3936E-14
724.9	0.4228E-14
752.5	0.4538E-14
781.1	0.4866E-14
810.9	0.5213E-14
841.8	0.5580E-14
873.8	0.5968E-14
907.1	0.6378E-14
941.6	0.6810E-14
977.5	0.7265E-14
1015.	0.7745E-14
1053.	0.8249E-14
1094.	0.8780E-14
1135.	0.9336E-14
1178.	0.9920E-14
1223.	0.1053E-13
1270.	0.1117E-13
1318.	0.1184E-13
1368.	0.1254E-13
1421.	0.1327E-13
1475.	0.1403E-13
1531.	0.1483E-13
1589.	0.1565E-13
1650.	0.1651E-13
1712.	0.1740E-13
1778.	0.1832E-13
1845.	0.1928E-13
1916.	0.2027E-13
1989.	0.2129E-13
2064.	0.2235E-13
2143.	0.2344E-13
2225.	0.2456E-13
2309.	0.2572E-13
2397.	0.2691E-13
2489.	0.2813E-13
2583.	0.2938E-13
2682.	0.3067E-13
2784.	0.3199E-13
2890.	0.3334E-13
3000.	0.3472E-13
 
 
C16   C2H2F4    Excitation    15.40 eV                          
E/N (Td)	Rate coefficient (m3/s)
0.1000E-02	0.000
0.1038E-02	0.000
0.1078E-02	0.000
0.1119E-02	0.000
0.1161E-02	0.000
0.1205E-02	0.000
0.1251E-02	0.000
0.1299E-02	0.000
0.1349E-02	0.000
0.1400E-02	0.000
0.1453E-02	0.000
0.1509E-02	0.000
0.1566E-02	0.000
0.1626E-02	0.000
0.1688E-02	0.000
0.1752E-02	0.000
0.1819E-02	0.000
0.1888E-02	0.000
0.1960E-02	0.000
0.2034E-02	0.000
0.2112E-02	0.000
0.2192E-02	0.000
0.2276E-02	0.000
0.2362E-02	0.000
0.2452E-02	0.000
0.2546E-02	0.000
0.2643E-02	0.000
0.2743E-02	0.000
0.2848E-02	0.000
0.2956E-02	0.000
0.3069E-02	0.000
0.3186E-02	0.000
0.3307E-02	0.000
0.3433E-02	0.000
0.3564E-02	0.000
0.3700E-02	0.000
0.3841E-02	0.000
0.3987E-02	0.000
0.4139E-02	0.000
0.4296E-02	0.000
0.4460E-02	0.000
0.4630E-02	0.000
0.4806E-02	0.000
0.4989E-02	0.000
0.5179E-02	0.000
0.5377E-02	0.000
0.5581E-02	0.000
0.5794E-02	0.000
0.6015E-02	0.000
0.6244E-02	0.000
0.6481E-02	0.000
0.6728E-02	0.000
0.6985E-02	0.000
0.7251E-02	0.000
0.7527E-02	0.000
0.7813E-02	0.000
0.8111E-02	0.000
0.8420E-02	0.000
0.8741E-02	0.000
0.9073E-02	0.000
0.9419E-02	0.000
0.9778E-02	0.000
0.1015E-01	0.000
0.1054E-01	0.000
0.1094E-01	0.000
0.1135E-01	0.000
0.1179E-01	0.000
0.1224E-01	0.000
0.1270E-01	0.000
0.1319E-01	0.000
0.1369E-01	0.000
0.1421E-01	0.000
0.1475E-01	0.000
0.1531E-01	0.000
0.1590E-01	0.000
0.1650E-01	0.000
0.1713E-01	0.000
0.1778E-01	0.000
0.1846E-01	0.000
0.1916E-01	0.000
0.1989E-01	0.000
0.2065E-01	0.000
0.2144E-01	0.000
0.2225E-01	0.000
0.2310E-01	0.000
0.2398E-01	0.000
0.2489E-01	0.000
0.2584E-01	0.000
0.2682E-01	0.000
0.2785E-01	0.000
0.2891E-01	0.000
0.3001E-01	0.000
0.3115E-01	0.000
0.3234E-01	0.000
0.3357E-01	0.000
0.3485E-01	0.000
0.3617E-01	0.000
0.3755E-01	0.000
0.3898E-01	0.000
0.4047E-01	0.000
0.4201E-01	0.000
0.4361E-01	0.000
0.4527E-01	0.000
0.4699E-01	0.000
0.4878E-01	0.000
0.5064E-01	0.000
0.5257E-01	0.000
0.5457E-01	0.000
0.5665E-01	0.000
0.5881E-01	0.000
0.6105E-01	0.000
0.6337E-01	0.000
0.6579E-01	0.000
0.6829E-01	0.000
0.7089E-01	0.000
0.7359E-01	0.000
0.7640E-01	0.000
0.7931E-01	0.000
0.8233E-01	0.000
0.8546E-01	0.000
0.8872E-01	0.000
0.9210E-01	0.000
0.9560E-01	0.000
0.9924E-01	0.000
0.1030	0.000
0.1069	0.000
0.1110	0.000
0.1152	0.000
0.1196	0.000
0.1242	0.000
0.1289	0.000
0.1338	0.000
0.1389	0.000
0.1442	0.000
0.1497	0.000
0.1554	0.000
0.1613	0.000
0.1675	0.000
0.1739	0.000
0.1805	0.000
0.1874	0.000
0.1945	0.000
0.2019	0.000
0.2096	0.000
0.2176	0.000
0.2259	0.000
0.2345	0.000
0.2434	0.000
0.2527	0.000
0.2623	0.000
0.2723	0.000
0.2826	0.000
0.2934	0.000
0.3046	0.000
0.3162	0.000
0.3282	0.000
0.3407	0.000
0.3537	0.000
0.3672	0.000
0.3812	0.000
0.3957	0.000
0.4107	0.000
0.4264	0.000
0.4426	0.000
0.4595	0.000
0.4770	0.000
0.4952	0.000
0.5140	0.000
0.5336	0.000
0.5539	0.000
0.5750	0.000
0.5969	0.000
0.6196	0.000
0.6432	0.000
0.6677	0.000
0.6932	0.000
0.7196	0.000
0.7470	0.000
0.7754	0.000
0.8050	0.000
0.8356	0.000
0.8674	0.000
0.9005	0.000
0.9348	0.000
0.9704	0.000
1.007	0.000
1.046	0.000
1.086	0.000
1.127	0.000
1.170	0.000
1.214	0.000
1.261	0.000
1.309	0.000
1.358	0.000
1.410	0.000
1.464	0.000
1.520	0.000
1.578	0.000
1.638	0.000
1.700	0.000
1.765	0.000
1.832	0.000
1.902	0.000
1.974	0.000
2.049	0.000
2.127	0.000
2.208	0.000
2.293	0.000
2.380	0.000
2.470	0.000
2.565	0.000
2.662	0.000
2.764	0.000
2.869	0.000
2.978	0.000
3.092	0.000
3.209	0.000
3.332	0.000
3.458	0.000
3.590	0.000
3.727	0.000
3.869	0.000
4.016	0.000
4.169	0.000
4.328	0.000
4.493	0.000
4.664	0.000
4.841	0.000
5.026	0.000
5.217	0.000
5.416	0.000
5.622	0.000
5.836	0.000
6.059	0.000
6.289	0.000
6.529	0.000
6.778	0.000
7.036	0.000
7.304	0.000
7.582	0.000
7.871	0.000
8.170	0.000
8.482	0.000
8.805	0.000
9.140	0.000
9.488	0.000
9.849	0.000
10.22	0.000
10.61	0.000
11.02	0.000
11.44	0.000
11.87	0.000
12.33	0.000
12.80	0.000
13.28	0.000
13.79	0.000
14.31	0.000
14.86	0.000
15.42	0.000
16.01	0.000
16.62	0.000
17.25	0.000
17.91	0.000
18.59	0.000
19.30	0.000
20.04	0.000
20.80	0.000
21.59	0.000
22.42	0.000
23.27	0.000
24.16	0.000
25.08	0.000
26.03	0.000
27.02	0.000
28.05	0.000
29.12	0.000
30.23	0.000
31.38	0.000
32.57	0.000
33.82	0.000
35.10	0.000
36.44	0.000
37.83	0.000
39.27	0.000
40.76	0.000
42.32	0.000
43.93	0.000
45.60	0.000
47.34	0.000
49.14	0.000
51.01	0.000
52.96	0.000
54.97	0.000
57.07	0.000
59.24	0.000
61.50	0.000
63.84	0.3287E-25
66.27	0.1059E-24
68.79	0.3525E-24
71.41	0.9968E-24
74.13	0.2641E-23
76.96	0.6579E-23
79.89	0.1784E-22
82.93	0.4097E-22
86.09	0.8972E-22
89.37	0.1880E-21
92.77	0.3781E-21
96.31	0.7317E-21
99.97	0.1369E-20
103.8	0.2473E-20
107.7	0.4328E-20
111.8	0.7355E-20
116.1	0.1216E-19
120.5	0.1958E-19
125.1	0.3078E-19
129.9	0.4728E-19
134.8	0.7107E-19
140.0	0.1047E-18
145.3	0.1514E-18
150.8	0.2151E-18
156.6	0.3006E-18
162.5	0.4138E-18
168.7	0.5615E-18
175.1	0.7519E-18
181.8	0.9945E-18
188.7	0.1300E-17
195.9	0.1682E-17
203.4	0.2155E-17
211.1	0.2735E-17
219.2	0.3440E-17
227.5	0.4293E-17
236.2	0.5316E-17
245.2	0.6536E-17
254.5	0.7984E-17
264.2	0.9690E-17
274.3	0.1169E-16
284.7	0.1403E-16
295.6	0.1675E-16
306.8	0.1989E-16
318.5	0.2352E-16
330.6	0.2769E-16
343.2	0.3245E-16
356.3	0.3789E-16
369.9	0.4407E-16
384.0	0.5107E-16
398.6	0.5898E-16
413.8	0.6790E-16
429.5	0.7793E-16
445.9	0.8917E-16
462.9	0.1017E-15
480.5	0.1158E-15
498.8	0.1314E-15
517.8	0.1488E-15
537.5	0.1680E-15
558.0	0.1893E-15
579.2	0.2128E-15
601.3	0.2388E-15
624.2	0.2673E-15
648.0	0.2987E-15
672.6	0.3330E-15
698.3	0.3706E-15
724.9	0.4117E-15
752.5	0.4565E-15
781.1	0.5053E-15
810.9	0.5584E-15
841.8	0.6159E-15
873.8	0.6783E-15
907.1	0.7458E-15
941.6	0.8186E-15
977.5	0.8972E-15
1015.	0.9818E-15
1053.	0.1073E-14
1094.	0.1170E-14
1135.	0.1275E-14
1178.	0.1387E-14
1223.	0.1506E-14
1270.	0.1634E-14
1318.	0.1770E-14
1368.	0.1914E-14
1421.	0.2068E-14
1475.	0.2230E-14
1531.	0.2402E-14
1589.	0.2584E-14
1650.	0.2776E-14
1712.	0.2979E-14
1778.	0.3192E-14
1845.	0.3416E-14
1916.	0.3651E-14
1989.	0.3897E-14
2064.	0.4156E-14
2143.	0.4425E-14
2225.	0.4707E-14
2309.	0.5001E-14
2397.	0.5306E-14
2489.	0.5625E-14
2583.	0.5955E-14
2682.	0.6298E-14
2784.	0.6653E-14
2890.	0.7021E-14
3000.	0.7402E-14
 
 
C17   C2H2F4    Excitation    9.30 eV                           
E/N (Td)	Rate coefficient (m3/s)
0.1000E-02	0.000
0.1038E-02	0.000
0.1078E-02	0.000
0.1119E-02	0.000
0.1161E-02	0.000
0.1205E-02	0.000
0.1251E-02	0.000
0.1299E-02	0.000
0.1349E-02	0.000
0.1400E-02	0.000
0.1453E-02	0.000
0.1509E-02	0.000
0.1566E-02	0.000
0.1626E-02	0.000
0.1688E-02	0.000
0.1752E-02	0.000
0.1819E-02	0.000
0.1888E-02	0.000
0.1960E-02	0.000
0.2034E-02	0.000
0.2112E-02	0.000
0.2192E-02	0.000
0.2276E-02	0.000
0.2362E-02	0.000
0.2452E-02	0.000
0.2546E-02	0.000
0.2643E-02	0.000
0.2743E-02	0.000
0.2848E-02	0.000
0.2956E-02	0.000
0.3069E-02	0.000
0.3186E-02	0.000
0.3307E-02	0.000
0.3433E-02	0.000
0.3564E-02	0.000
0.3700E-02	0.000
0.3841E-02	0.000
0.3987E-02	0.000
0.4139E-02	0.000
0.4296E-02	0.000
0.4460E-02	0.000
0.4630E-02	0.000
0.4806E-02	0.000
0.4989E-02	0.000
0.5179E-02	0.000
0.5377E-02	0.000
0.5581E-02	0.000
0.5794E-02	0.000
0.6015E-02	0.000
0.6244E-02	0.000
0.6481E-02	0.000
0.6728E-02	0.000
0.6985E-02	0.000
0.7251E-02	0.000
0.7527E-02	0.000
0.7813E-02	0.000
0.8111E-02	0.000
0.8420E-02	0.000
0.8741E-02	0.000
0.9073E-02	0.000
0.9419E-02	0.000
0.9778E-02	0.000
0.1015E-01	0.000
0.1054E-01	0.000
0.1094E-01	0.000
0.1135E-01	0.000
0.1179E-01	0.000
0.1224E-01	0.000
0.1270E-01	0.000
0.1319E-01	0.000
0.1369E-01	0.000
0.1421E-01	0.000
0.1475E-01	0.000
0.1531E-01	0.000
0.1590E-01	0.000
0.1650E-01	0.000
0.1713E-01	0.000
0.1778E-01	0.000
0.1846E-01	0.000
0.1916E-01	0.000
0.1989E-01	0.000
0.2065E-01	0.000
0.2144E-01	0.000
0.2225E-01	0.000
0.2310E-01	0.000
0.2398E-01	0.000
0.2489E-01	0.000
0.2584E-01	0.000
0.2682E-01	0.000
0.2785E-01	0.000
0.2891E-01	0.000
0.3001E-01	0.000
0.3115E-01	0.000
0.3234E-01	0.000
0.3357E-01	0.000
0.3485E-01	0.000
0.3617E-01	0.000
0.3755E-01	0.000
0.3898E-01	0.000
0.4047E-01	0.000
0.4201E-01	0.000
0.4361E-01	0.000
0.4527E-01	0.000
0.4699E-01	0.000
0.4878E-01	0.000
0.5064E-01	0.000
0.5257E-01	0.000
0.5457E-01	0.000
0.5665E-01	0.000
0.5881E-01	0.000
0.6105E-01	0.000
0.6337E-01	0.000
0.6579E-01	0.000
0.6829E-01	0.000
0.7089E-01	0.000
0.7359E-01	0.000
0.7640E-01	0.000
0.7931E-01	0.000
0.8233E-01	0.000
0.8546E-01	0.000
0.8872E-01	0.000
0.9210E-01	0.000
0.9560E-01	0.000
0.9924E-01	0.000
0.1030	0.000
0.1069	0.000
0.1110	0.000
0.1152	0.000
0.1196	0.000
0.1242	0.000
0.1289	0.000
0.1338	0.000
0.1389	0.000
0.1442	0.000
0.1497	0.000
0.1554	0.000
0.1613	0.000
0.1675	0.000
0.1739	0.000
0.1805	0.000
0.1874	0.000
0.1945	0.000
0.2019	0.000
0.2096	0.000
0.2176	0.000
0.2259	0.000
0.2345	0.000
0.2434	0.000
0.2527	0.000
0.2623	0.000
0.2723	0.000
0.2826	0.000
0.2934	0.000
0.3046	0.000
0.3162	0.000
0.3282	0.000
0.3407	0.000
0.3537	0.000
0.3672	0.000
0.3812	0.000
0.3957	0.000
0.4107	0.000
0.4264	0.000
0.4426	0.000
0.4595	0.000
0.4770	0.000
0.4952	0.000
0.5140	0.000
0.5336	0.000
0.5539	0.000
0.5750	0.000
0.5969	0.000
0.6196	0.000
0.6432	0.000
0.6677	0.000
0.6932	0.000
0.7196	0.000
0.7470	0.000
0.7754	0.000
0.8050	0.000
0.8356	0.000
0.8674	0.000
0.9005	0.000
0.9348	0.000
0.9704	0.000
1.007	0.000
1.046	0.000
1.086	0.000
1.127	0.000
1.170	0.000
1.214	0.000
1.261	0.000
1.309	0.000
1.358	0.000
1.410	0.000
1.464	0.000
1.520	0.000
1.578	0.000
1.638	0.000
1.700	0.000
1.765	0.000
1.832	0.000
1.902	0.000
1.974	0.000
2.049	0.000
2.127	0.000
2.208	0.000
2.293	0.000
2.380	0.000
2.470	0.000
2.565	0.000
2.662	0.000
2.764	0.000
2.869	0.000
2.978	0.000
3.092	0.000
3.209	0.000
3.332	0.000
3.458	0.000
3.590	0.000
3.727	0.000
3.869	0.000
4.016	0.000
4.169	0.000
4.328	0.000
4.493	0.000
4.664	0.000
4.841	0.000
5.026	0.000
5.217	0.000
5.416	0.000
5.622	0.000
5.836	0.000
6.059	0.000
6.289	0.000
6.529	0.000
6.778	0.000
7.036	0.000
7.304	0.000
7.582	0.000
7.871	0.000
8.170	0.000
8.482	0.000
8.805	0.000
9.140	0.000
9.488	0.000
9.849	0.000
10.22	0.000
10.61	0.000
11.02	0.000
11.44	0.000
11.87	0.000
12.33	0.000
12.80	0.000
13.28	0.000
13.79	0.000
14.31	0.000
14.86	0.000
15.42	0.000
16.01	0.000
16.62	0.000
17.25	0.000
17.91	0.000
18.59	0.000
19.30	0.000
20.04	0.000
20.80	0.000
21.59	0.000
22.42	0.000
23.27	0.000
24.16	0.000
25.08	0.000
26.03	0.000
27.02	0.000
28.05	0.000
29.12	0.000
30.23	0.000
31.38	0.000
32.57	0.000
33.82	0.000
35.10	0.000
36.44	0.000
37.83	0.000
39.27	0.000
40.76	0.000
42.32	0.000
43.93	0.000
45.60	0.000
47.34	0.000
49.14	0.1056E-24
51.01	0.3803E-24
52.96	0.1282E-23
54.97	0.7514E-23
57.07	0.2356E-22
59.24	0.7531E-22
61.50	0.2121E-21
63.84	0.5579E-21
66.27	0.1397E-20
68.79	0.3309E-20
71.41	0.7429E-20
74.13	0.1584E-19
76.96	0.3215E-19
79.89	0.6222E-19
82.93	0.1151E-18
86.09	0.2039E-18
89.37	0.3469E-18
92.77	0.5678E-18
96.31	0.8959E-18
99.97	0.1366E-17
103.8	0.2016E-17
107.7	0.2887E-17
111.8	0.4019E-17
116.1	0.5447E-17
120.5	0.7205E-17
125.1	0.9313E-17
129.9	0.1179E-16
134.8	0.1464E-16
140.0	0.1787E-16
145.3	0.2145E-16
150.8	0.2539E-16
156.6	0.2965E-16
162.5	0.3421E-16
168.7	0.3905E-16
175.1	0.4414E-16
181.8	0.4946E-16
188.7	0.5499E-16
195.9	0.6069E-16
203.4	0.6657E-16
211.1	0.7258E-16
219.2	0.7874E-16
227.5	0.8501E-16
236.2	0.9140E-16
245.2	0.9790E-16
254.5	0.1045E-15
264.2	0.1112E-15
274.3	0.1180E-15
284.7	0.1248E-15
295.6	0.1318E-15
306.8	0.1388E-15
318.5	0.1460E-15
330.6	0.1532E-15
343.2	0.1605E-15
356.3	0.1679E-15
369.9	0.1754E-15
384.0	0.1830E-15
398.6	0.1907E-15
413.8	0.1985E-15
429.5	0.2064E-15
445.9	0.2144E-15
462.9	0.2224E-15
480.5	0.2306E-15
498.8	0.2389E-15
517.8	0.2473E-15
537.5	0.2558E-15
558.0	0.2643E-15
579.2	0.2730E-15
601.3	0.2817E-15
624.2	0.2905E-15
648.0	0.2994E-15
672.6	0.3084E-15
698.3	0.3174E-15
724.9	0.3264E-15
752.5	0.3356E-15
781.1	0.3447E-15
810.9	0.3539E-15
841.8	0.3631E-15
873.8	0.3723E-15
907.1	0.3815E-15
941.6	0.3906E-15
977.5	0.3997E-15
1015.	0.4088E-15
1053.	0.4178E-15
1094.	0.4267E-15
1135.	0.4354E-15
1178.	0.4441E-15
1223.	0.4526E-15
1270.	0.4610E-15
1318.	0.4692E-15
1368.	0.4771E-15
1421.	0.4849E-15
1475.	0.4924E-15
1531.	0.4997E-15
1589.	0.5066E-15
1650.	0.5133E-15
1712.	0.5197E-15
1778.	0.5258E-15
1845.	0.5315E-15
1916.	0.5368E-15
1989.	0.5418E-15
2064.	0.5464E-15
2143.	0.5506E-15
2225.	0.5543E-15
2309.	0.5577E-15
2397.	0.5607E-15
2489.	0.5632E-15
2583.	0.5652E-15
2682.	0.5668E-15
2784.	0.5680E-15
2890.	0.5687E-15
3000.	0.5690E-15
 
 
C18   C2H2F4    Excitation    9.40 eV                           
E/N (Td)	Rate coefficient (m3/s)
0.1000E-02	0.000
0.1038E-02	0.000
0.1078E-02	0.000
0.1119E-02	0.000
0.1161E-02	0.000
0.1205E-02	0.000
0.1251E-02	0.000
0.1299E-02	0.000
0.1349E-02	0.000
0.1400E-02	0.000
0.1453E-02	0.000
0.1509E-02	0.000
0.1566E-02	0.000
0.1626E-02	0.000
0.1688E-02	0.000
0.1752E-02	0.000
0.1819E-02	0.000
0.1888E-02	0.000
0.1960E-02	0.000
0.2034E-02	0.000
0.2112E-02	0.000
0.2192E-02	0.000
0.2276E-02	0.000
0.2362E-02	0.000
0.2452E-02	0.000
0.2546E-02	0.000
0.2643E-02	0.000
0.2743E-02	0.000
0.2848E-02	0.000
0.2956E-02	0.000
0.3069E-02	0.000
0.3186E-02	0.000
0.3307E-02	0.000
0.3433E-02	0.000
0.3564E-02	0.000
0.3700E-02	0.000
0.3841E-02	0.000
0.3987E-02	0.000
0.4139E-02	0.000
0.4296E-02	0.000
0.4460E-02	0.000
0.4630E-02	0.000
0.4806E-02	0.000
0.4989E-02	0.000
0.5179E-02	0.000
0.5377E-02	0.000
0.5581E-02	0.000
0.5794E-02	0.000
0.6015E-02	0.000
0.6244E-02	0.000
0.6481E-02	0.000
0.6728E-02	0.000
0.6985E-02	0.000
0.7251E-02	0.000
0.7527E-02	0.000
0.7813E-02	0.000
0.8111E-02	0.000
0.8420E-02	0.000
0.8741E-02	0.000
0.9073E-02	0.000
0.9419E-02	0.000
0.9778E-02	0.000
0.1015E-01	0.000
0.1054E-01	0.000
0.1094E-01	0.000
0.1135E-01	0.000
0.1179E-01	0.000
0.1224E-01	0.000
0.1270E-01	0.000
0.1319E-01	0.000
0.1369E-01	0.000
0.1421E-01	0.000
0.1475E-01	0.000
0.1531E-01	0.000
0.1590E-01	0.000
0.1650E-01	0.000
0.1713E-01	0.000
0.1778E-01	0.000
0.1846E-01	0.000
0.1916E-01	0.000
0.1989E-01	0.000
0.2065E-01	0.000
0.2144E-01	0.000
0.2225E-01	0.000
0.2310E-01	0.000
0.2398E-01	0.000
0.2489E-01	0.000
0.2584E-01	0.000
0.2682E-01	0.000
0.2785E-01	0.000
0.2891E-01	0.000
0.3001E-01	0.000
0.3115E-01	0.000
0.3234E-01	0.000
0.3357E-01	0.000
0.3485E-01	0.000
0.3617E-01	0.000
0.3755E-01	0.000
0.3898E-01	0.000
0.4047E-01	0.000
0.4201E-01	0.000
0.4361E-01	0.000
0.4527E-01	0.000
0.4699E-01	0.000
0.4878E-01	0.000
0.5064E-01	0.000
0.5257E-01	0.000
0.5457E-01	0.000
0.5665E-01	0.000
0.5881E-01	0.000
0.6105E-01	0.000
0.6337E-01	0.000
0.6579E-01	0.000
0.6829E-01	0.000
0.7089E-01	0.000
0.7359E-01	0.000
0.7640E-01	0.000
0.7931E-01	0.000
0.8233E-01	0.000
0.8546E-01	0.000
0.8872E-01	0.000
0.9210E-01	0.000
0.9560E-01	0.000
0.9924E-01	0.000
0.1030	0.000
0.1069	0.000
0.1110	0.000
0.1152	0.000
0.1196	0.000
0.1242	0.000
0.1289	0.000
0.1338	0.000
0.1389	0.000
0.1442	0.000
0.1497	0.000
0.1554	0.000
0.1613	0.000
0.1675	0.000
0.1739	0.000
0.1805	0.000
0.1874	0.000
0.1945	0.000
0.2019	0.000
0.2096	0.000
0.2176	0.000
0.2259	0.000
0.2345	0.000
0.2434	0.000
0.2527	0.000
0.2623	0.000
0.2723	0.000
0.2826	0.000
0.2934	0.000
0.3046	0.000
0.3162	0.000
0.3282	0.000
0.3407	0.000
0.3537	0.000
0.3672	0.000
0.3812	0.000
0.3957	0.000
0.4107	0.000
0.4264	0.000
0.4426	0.000
0.4595	0.000
0.4770	0.000
0.4952	0.000
0.5140	0.000
0.5336	0.000
0.5539	0.000
0.5750	0.000
0.5969	0.000
0.6196	0.000
0.6432	0.000
0.6677	0.000
0.6932	0.000
0.7196	0.000
0.7470	0.000
0.7754	0.000
0.8050	0.000
0.8356	0.000
0.8674	0.000
0.9005	0.000
0.9348	0.000
0.9704	0.000
1.007	0.000
1.046	0.000
1.086	0.000
1.127	0.000
1.170	0.000
1.214	0.000
1.261	0.000
1.309	0.000
1.358	0.000
1.410	0.000
1.464	0.000
1.520	0.000
1.578	0.000
1.638	0.000
1.700	0.000
1.765	0.000
1.832	0.000
1.902	0.000
1.974	0.000
2.049	0.000
2.127	0.000
2.208	0.000
2.293	0.000
2.380	0.000
2.470	0.000
2.565	0.000
2.662	0.000
2.764	0.000
2.869	0.000
2.978	0.000
3.092	0.000
3.209	0.000
3.332	0.000
3.458	0.000
3.590	0.000
3.727	0.000
3.869	0.000
4.016	0.000
4.169	0.000
4.328	0.000
4.493	0.000
4.664	0.000
4.841	0.000
5.026	0.000
5.217	0.000
5.416	0.000
5.622	0.000
5.836	0.000
6.059	0.000
6.289	0.000
6.529	0.000
6.778	0.000
7.036	0.000
7.304	0.000
7.582	0.000
7.871	0.000
8.170	0.000
8.482	0.000
8.805	0.000
9.140	0.000
9.488	0.000
9.849	0.000
10.22	0.000
10.61	0.000
11.02	0.000
11.44	0.000
11.87	0.000
12.33	0.000
12.80	0.000
13.28	0.000
13.79	0.000
14.31	0.000
14.86	0.000
15.42	0.000
16.01	0.000
16.62	0.000
17.25	0.000
17.91	0.000
18.59	0.000
19.30	0.000
20.04	0.000
20.80	0.000
21.59	0.000
22.42	0.000
23.27	0.000
24.16	0.000
25.08	0.000
26.03	0.000
27.02	0.000
28.05	0.000
29.12	0.000
30.23	0.000
31.38	0.000
32.57	0.000
33.82	0.000
35.10	0.000
36.44	0.000
37.83	0.000
39.27	0.000
40.76	0.000
42.32	0.000
43.93	0.000
45.60	0.000
47.34	0.000
49.14	0.1696E-25
51.01	0.6156E-25
52.96	0.2090E-24
54.97	0.1350E-23
57.07	0.4270E-23
59.24	0.1407E-22
61.50	0.4004E-22
63.84	0.1066E-21
66.27	0.2697E-21
68.79	0.6445E-21
71.41	0.1460E-20
74.13	0.3141E-20
76.96	0.6427E-20
79.89	0.1254E-19
82.93	0.2338E-19
86.09	0.4173E-19
89.37	0.7150E-19
92.77	0.1179E-18
96.31	0.1872E-18
99.97	0.2874E-18
103.8	0.4269E-18
107.7	0.6152E-18
111.8	0.8615E-18
116.1	0.1175E-17
120.5	0.1563E-17
125.1	0.2032E-17
129.9	0.2588E-17
134.8	0.3232E-17
140.0	0.3966E-17
145.3	0.4789E-17
150.8	0.5699E-17
156.6	0.6692E-17
162.5	0.7764E-17
168.7	0.8912E-17
175.1	0.1013E-16
181.8	0.1141E-16
188.7	0.1276E-16
195.9	0.1417E-16
203.4	0.1563E-16
211.1	0.1714E-16
219.2	0.1870E-16
227.5	0.2031E-16
236.2	0.2197E-16
245.2	0.2367E-16
254.5	0.2542E-16
264.2	0.2722E-16
274.3	0.2907E-16
284.7	0.3097E-16
295.6	0.3291E-16
306.8	0.3491E-16
318.5	0.3696E-16
330.6	0.3907E-16
343.2	0.4123E-16
356.3	0.4346E-16
369.9	0.4575E-16
384.0	0.4811E-16
398.6	0.5054E-16
413.8	0.5304E-16
429.5	0.5561E-16
445.9	0.5827E-16
462.9	0.6101E-16
480.5	0.6383E-16
498.8	0.6675E-16
517.8	0.6976E-16
537.5	0.7286E-16
558.0	0.7607E-16
579.2	0.7939E-16
601.3	0.8281E-16
624.2	0.8635E-16
648.0	0.9001E-16
672.6	0.9379E-16
698.3	0.9769E-16
724.9	0.1017E-15
752.5	0.1059E-15
781.1	0.1102E-15
810.9	0.1146E-15
841.8	0.1192E-15
873.8	0.1240E-15
907.1	0.1288E-15
941.6	0.1339E-15
977.5	0.1391E-15
1015.	0.1444E-15
1053.	0.1500E-15
1094.	0.1556E-15
1135.	0.1615E-15
1178.	0.1675E-15
1223.	0.1737E-15
1270.	0.1800E-15
1318.	0.1866E-15
1368.	0.1932E-15
1421.	0.2001E-15
1475.	0.2071E-15
1531.	0.2143E-15
1589.	0.2217E-15
1650.	0.2292E-15
1712.	0.2369E-15
1778.	0.2447E-15
1845.	0.2527E-15
1916.	0.2608E-15
1989.	0.2691E-15
2064.	0.2776E-15
2143.	0.2862E-15
2225.	0.2949E-15
2309.	0.3037E-15
2397.	0.3127E-15
2489.	0.3218E-15
2583.	0.3311E-15
2682.	0.3404E-15
2784.	0.3499E-15
2890.	0.3594E-15
3000.	0.3691E-15
 
 
C19   C2H2F4    Ionization    13.20 eV                          
E/N (Td)	Rate coefficient (m3/s)
0.1000E-02	0.000
0.1038E-02	0.000
0.1078E-02	0.000
0.1119E-02	0.000
0.1161E-02	0.000
0.1205E-02	0.000
0.1251E-02	0.000
0.1299E-02	0.000
0.1349E-02	0.000
0.1400E-02	0.000
0.1453E-02	0.000
0.1509E-02	0.000
0.1566E-02	0.000
0.1626E-02	0.000
0.1688E-02	0.000
0.1752E-02	0.000
0.1819E-02	0.000
0.1888E-02	0.000
0.1960E-02	0.000
0.2034E-02	0.000
0.2112E-02	0.000
0.2192E-02	0.000
0.2276E-02	0.000
0.2362E-02	0.000
0.2452E-02	0.000
0.2546E-02	0.000
0.2643E-02	0.000
0.2743E-02	0.000
0.2848E-02	0.000
0.2956E-02	0.000
0.3069E-02	0.000
0.3186E-02	0.000
0.3307E-02	0.000
0.3433E-02	0.000
0.3564E-02	0.000
0.3700E-02	0.000
0.3841E-02	0.000
0.3987E-02	0.000
0.4139E-02	0.000
0.4296E-02	0.000
0.4460E-02	0.000
0.4630E-02	0.000
0.4806E-02	0.000
0.4989E-02	0.000
0.5179E-02	0.000
0.5377E-02	0.000
0.5581E-02	0.000
0.5794E-02	0.000
0.6015E-02	0.000
0.6244E-02	0.000
0.6481E-02	0.000
0.6728E-02	0.000
0.6985E-02	0.000
0.7251E-02	0.000
0.7527E-02	0.000
0.7813E-02	0.000
0.8111E-02	0.000
0.8420E-02	0.000
0.8741E-02	0.000
0.9073E-02	0.000
0.9419E-02	0.000
0.9778E-02	0.000
0.1015E-01	0.000
0.1054E-01	0.000
0.1094E-01	0.000
0.1135E-01	0.000
0.1179E-01	0.000
0.1224E-01	0.000
0.1270E-01	0.000
0.1319E-01	0.000
0.1369E-01	0.000
0.1421E-01	0.000
0.1475E-01	0.000
0.1531E-01	0.000
0.1590E-01	0.000
0.1650E-01	0.000
0.1713E-01	0.000
0.1778E-01	0.000
0.1846E-01	0.000
0.1916E-01	0.000
0.1989E-01	0.000
0.2065E-01	0.000
0.2144E-01	0.000
0.2225E-01	0.000
0.2310E-01	0.000
0.2398E-01	0.000
0.2489E-01	0.000
0.2584E-01	0.000
0.2682E-01	0.000
0.2785E-01	0.000
0.2891E-01	0.000
0.3001E-01	0.000
0.3115E-01	0.000
0.3234E-01	0.000
0.3357E-01	0.000
0.3485E-01	0.000
0.3617E-01	0.000
0.3755E-01	0.000
0.3898E-01	0.000
0.4047E-01	0.000
0.4201E-01	0.000
0.4361E-01	0.000
0.4527E-01	0.000
0.4699E-01	0.000
0.4878E-01	0.000
0.5064E-01	0.000
0.5257E-01	0.000
0.5457E-01	0.000
0.5665E-01	0.000
0.5881E-01	0.000
0.6105E-01	0.000
0.6337E-01	0.000
0.6579E-01	0.000
0.6829E-01	0.000
0.7089E-01	0.000
0.7359E-01	0.000
0.7640E-01	0.000
0.7931E-01	0.000
0.8233E-01	0.000
0.8546E-01	0.000
0.8872E-01	0.000
0.9210E-01	0.000
0.9560E-01	0.000
0.9924E-01	0.000
0.1030	0.000
0.1069	0.000
0.1110	0.000
0.1152	0.000
0.1196	0.000
0.1242	0.000
0.1289	0.000
0.1338	0.000
0.1389	0.000
0.1442	0.000
0.1497	0.000
0.1554	0.000
0.1613	0.000
0.1675	0.000
0.1739	0.000
0.1805	0.000
0.1874	0.000
0.1945	0.000
0.2019	0.000
0.2096	0.000
0.2176	0.000
0.2259	0.000
0.2345	0.000
0.2434	0.000
0.2527	0.000
0.2623	0.000
0.2723	0.000
0.2826	0.000
0.2934	0.000
0.3046	0.000
0.3162	0.000
0.3282	0.000
0.3407	0.000
0.3537	0.000
0.3672	0.000
0.3812	0.000
0.3957	0.000
0.4107	0.000
0.4264	0.000
0.4426	0.000
0.4595	0.000
0.4770	0.000
0.4952	0.000
0.5140	0.000
0.5336	0.000
0.5539	0.000
0.5750	0.000
0.5969	0.000
0.6196	0.000
0.6432	0.000
0.6677	0.000
0.6932	0.000
0.7196	0.000
0.7470	0.000
0.7754	0.000
0.8050	0.000
0.8356	0.000
0.8674	0.000
0.9005	0.000
0.9348	0.000
0.9704	0.000
1.007	0.000
1.046	0.000
1.086	0.000
1.127	0.000
1.170	0.000
1.214	0.000
1.261	0.000
1.309	0.000
1.358	0.000
1.410	0.000
1.464	0.000
1.520	0.000
1.578	0.000
1.638	0.000
1.700	0.000
1.765	0.000
1.832	0.000
1.902	0.000
1.974	0.000
2.049	0.000
2.127	0.000
2.208	0.000
2.293	0.000
2.380	0.000
2.470	0.000
2.565	0.000
2.662	0.000
2.764	0.000
2.869	0.000
2.978	0.000
3.092	0.000
3.209	0.000
3.332	0.000
3.458	0.000
3.590	0.000
3.727	0.000
3.869	0.000
4.016	0.000
4.169	0.000
4.328	0.000
4.493	0.000
4.664	0.000
4.841	0.000
5.026	0.000
5.217	0.000
5.416	0.000
5.622	0.000
5.836	0.000
6.059	0.000
6.289	0.000
6.529	0.000
6.778	0.000
7.036	0.000
7.304	0.000
7.582	0.000
7.871	0.000
8.170	0.000
8.482	0.000
8.805	0.000
9.140	0.000
9.488	0.000
9.849	0.000
10.22	0.000
10.61	0.000
11.02	0.000
11.44	0.000
11.87	0.000
12.33	0.000
12.80	0.000
13.28	0.000
13.79	0.000
14.31	0.000
14.86	0.000
15.42	0.000
16.01	0.000
16.62	0.000
17.25	0.000
17.91	0.000
18.59	0.000
19.30	0.000
20.04	0.000
20.80	0.000
21.59	0.000
22.42	0.000
23.27	0.000
24.16	0.000
25.08	0.000
26.03	0.000
27.02	0.000
28.05	0.000
29.12	0.000
30.23	0.000
31.38	0.000
32.57	0.000
33.82	0.000
35.10	0.000
36.44	0.000
37.83	0.000
39.27	0.000
40.76	0.000
42.32	0.000
43.93	0.000
45.60	0.000
47.34	0.000
49.14	0.000
51.01	0.000
52.96	0.000
54.97	0.000
57.07	0.000
59.24	0.5773E-25
61.50	0.1983E-24
63.84	0.5740E-23
66.27	0.1822E-22
68.79	0.6199E-22
71.41	0.1739E-21
74.13	0.4578E-21
76.96	0.1134E-20
79.89	0.2659E-20
82.93	0.5891E-20
86.09	0.1239E-19
89.37	0.2484E-19
92.77	0.4754E-19
96.31	0.8718E-19
99.97	0.1535E-18
103.8	0.2603E-18
107.7	0.4260E-18
111.8	0.6743E-18
116.1	0.1035E-17
120.5	0.1544E-17
125.1	0.2244E-17
129.9	0.3181E-17
134.8	0.4411E-17
140.0	0.5991E-17
145.3	0.7987E-17
150.8	0.1047E-16
156.6	0.1350E-16
162.5	0.1717E-16
168.7	0.2156E-16
175.1	0.2676E-16
181.8	0.3286E-16
188.7	0.3996E-16
195.9	0.4817E-16
203.4	0.5761E-16
211.1	0.6841E-16
219.2	0.8069E-16
227.5	0.9460E-16
236.2	0.1103E-15
245.2	0.1280E-15
254.5	0.1478E-15
264.2	0.1700E-15
274.3	0.1948E-15
284.7	0.2223E-15
295.6	0.2529E-15
306.8	0.2869E-15
318.5	0.3245E-15
330.6	0.3660E-15
343.2	0.4119E-15
356.3	0.4624E-15
369.9	0.5181E-15
384.0	0.5792E-15
398.6	0.6464E-15
413.8	0.7201E-15
429.5	0.8008E-15
445.9	0.8892E-15
462.9	0.9858E-15
480.5	0.1091E-14
498.8	0.1207E-14
517.8	0.1332E-14
537.5	0.1469E-14
558.0	0.1618E-14
579.2	0.1780E-14
601.3	0.1956E-14
624.2	0.2148E-14
648.0	0.2355E-14
672.6	0.2580E-14
698.3	0.2824E-14
724.9	0.3088E-14
752.5	0.3373E-14
781.1	0.3682E-14
810.9	0.4015E-14
841.8	0.4374E-14
873.8	0.4761E-14
907.1	0.5178E-14
941.6	0.5626E-14
977.5	0.6109E-14
1015.	0.6627E-14
1053.	0.7183E-14
1094.	0.7779E-14
1135.	0.8417E-14
1178.	0.9101E-14
1223.	0.9831E-14
1270.	0.1061E-13
1318.	0.1144E-13
1368.	0.1233E-13
1421.	0.1328E-13
1475.	0.1428E-13
1531.	0.1535E-13
1589.	0.1649E-13
1650.	0.1769E-13
1712.	0.1897E-13
1778.	0.2032E-13
1845.	0.2175E-13
1916.	0.2326E-13
1989.	0.2485E-13
2064.	0.2653E-13
2143.	0.2830E-13
2225.	0.3016E-13
2309.	0.3212E-13
2397.	0.3417E-13
2489.	0.3632E-13
2583.	0.3858E-13
2682.	0.4094E-13
2784.	0.4342E-13
2890.	0.4600E-13
3000.	0.4869E-13
 
 
C1    C2H2F4    Attachment                                      
E/N (Td)	Inverse rate coefficient (m2)
0.1000E-02	0.000
0.1038E-02	0.000
0.1078E-02	0.000
0.1119E-02	0.000
0.1161E-02	0.000
0.1205E-02	0.000
0.1251E-02	0.000
0.1299E-02	0.000
0.1349E-02	0.000
0.1400E-02	0.000
0.1453E-02	0.000
0.1509E-02	0.000
0.1566E-02	0.000
0.1626E-02	0.000
0.1688E-02	0.000
0.1752E-02	0.000
0.1819E-02	0.000
0.1888E-02	0.000
0.1960E-02	0.000
0.2034E-02	0.000
0.2112E-02	0.000
0.2192E-02	0.000
0.2276E-02	0.000
0.2362E-02	0.000
0.2452E-02	0.000
0.2546E-02	0.000
0.2643E-02	0.000
0.2743E-02	0.000
0.2848E-02	0.000
0.2956E-02	0.000
0.3069E-02	0.000
0.3186E-02	0.000
0.3307E-02	0.000
0.3433E-02	0.000
0.3564E-02	0.000
0.3700E-02	0.000
0.3841E-02	0.000
0.3987E-02	0.000
0.4139E-02	0.000
0.4296E-02	0.000
0.4460E-02	0.000
0.4630E-02	0.000
0.4806E-02	0.000
0.4989E-02	0.000
0.5179E-02	0.000
0.5377E-02	0.000
0.5581E-02	0.000
0.5794E-02	0.000
0.6015E-02	0.000
0.6244E-02	0.000
0.6481E-02	0.000
0.6728E-02	0.000
0.6985E-02	0.000
0.7251E-02	0.000
0.7527E-02	0.000
0.7813E-02	0.000
0.8111E-02	0.000
0.8420E-02	0.000
0.8741E-02	0.000
0.9073E-02	0.000
0.9419E-02	0.000
0.9778E-02	0.000
0.1015E-01	0.000
0.1054E-01	0.000
0.1094E-01	0.000
0.1135E-01	0.000
0.1179E-01	0.000
0.1224E-01	0.000
0.1270E-01	0.000
0.1319E-01	0.000
0.1369E-01	0.000
0.1421E-01	0.000
0.1475E-01	0.000
0.1531E-01	0.000
0.1590E-01	0.000
0.1650E-01	0.000
0.1713E-01	0.000
0.1778E-01	0.000
0.1846E-01	0.000
0.1916E-01	0.000
0.1989E-01	0.000
0.2065E-01	0.000
0.2144E-01	0.000
0.2225E-01	0.000
0.2310E-01	0.000
0.2398E-01	0.000
0.2489E-01	0.000
0.2584E-01	0.000
0.2682E-01	0.000
0.2785E-01	0.000
0.2891E-01	0.000
0.3001E-01	0.000
0.3115E-01	0.000
0.3234E-01	0.000
0.3357E-01	0.000
0.3485E-01	0.000
0.3617E-01	0.000
0.3755E-01	0.000
0.3898E-01	0.000
0.4047E-01	0.000
0.4201E-01	0.000
0.4361E-01	0.000
0.4527E-01	0.000
0.4699E-01	0.000
0.4878E-01	0.000
0.5064E-01	0.000
0.5257E-01	0.000
0.5457E-01	0.000
0.5665E-01	0.000
0.5881E-01	0.000
0.6105E-01	0.000
0.6337E-01	0.000
0.6579E-01	0.000
0.6829E-01	0.000
0.7089E-01	0.000
0.7359E-01	0.000
0.7640E-01	0.000
0.7931E-01	0.000
0.8233E-01	0.000
0.8546E-01	0.000
0.8872E-01	0.000
0.9210E-01	0.000
0.9560E-01	0.000
0.9924E-01	0.000
0.1030	0.000
0.1069	0.000
0.1110	0.000
0.1152	0.000
0.1196	0.000
0.1242	0.000
0.1289	0.000
0.1338	0.000
0.1389	0.000
0.1442	0.000
0.1497	0.000
0.1554	0.000
0.1613	0.000
0.1675	0.000
0.1739	0.000
0.1805	0.000
0.1874	0.000
0.1945	0.000
0.2019	0.000
0.2096	0.000
0.2176	0.000
0.2259	0.000
0.2345	0.000
0.2434	0.000
0.2527	0.000
0.2623	0.000
0.2723	0.000
0.2826	0.000
0.2934	0.000
0.3046	0.000
0.3162	0.000
0.3282	0.000
0.3407	0.000
0.3537	0.000
0.3672	0.000
0.3812	0.000
0.3957	0.000
0.4107	0.000
0.4264	0.000
0.4426	0.000
0.4595	0.000
0.4770	0.000
0.4952	0.000
0.5140	0.000
0.5336	0.000
0.5539	0.000
0.5750	0.000
0.5969	0.000
0.6196	0.000
0.6432	0.000
0.6677	0.000
0.6932	0.000
0.7196	0.000
0.7470	0.000
0.7754	0.000
0.8050	0.000
0.8356	0.000
0.8674	0.000
0.9005	0.000
0.9348	0.000
0.9704	0.000
1.007	0.000
1.046	0.000
1.086	0.000
1.127	0.000
1.170	0.000
1.214	0.000
1.261	0.000
1.309	0.000
1.358	0.000
1.410	0.000
1.464	0.000
1.520	0.000
1.578	0.000
1.638	0.000
1.700	0.000
1.765	0.000
1.832	0.000
1.902	0.000
1.974	0.000
2.049	0.000
2.127	0.000
2.208	0.000
2.293	0.000
2.380	0.000
2.470	0.000
2.565	0.000
2.662	0.000
2.764	0.000
2.869	0.000
2.978	0.000
3.092	0.000
3.209	0.000
3.332	0.000
3.458	0.000
3.590	0.000
3.727	0.000
3.869	0.000
4.016	0.000
4.169	0.000
4.328	0.000
4.493	0.000
4.664	0.000
4.841	0.000
5.026	0.000
5.217	0.000
5.416	0.000
5.622	0.000
5.836	0.000
6.059	0.000
6.289	0.000
6.529	0.000
6.778	0.000
7.036	0.000
7.304	0.000
7.582	0.000
7.871	0.000
8.170	0.000
8.482	0.000
8.805	0.000
9.140	0.000
9.488	0.000
9.849	0.000
10.22	0.000
10.61	0.000
11.02	0.000
11.44	0.000
11.87	0.000
12.33	0.000
12.80	0.000
13.28	0.000
13.79	0.000
14.31	0.000
14.86	0.000
15.42	0.000
16.01	0.000
16.62	0.000
17.25	0.000
17.91	0.000
18.59	0.000
19.30	0.000
20.04	0.000
20.80	0.000
21.59	0.000
22.42	0.000
23.27	0.000
24.16	0.000
25.08	0.000
26.03	0.000
27.02	0.000
28.05	0.000
29.12	0.000
30.23	0.000
31.38	0.000
32.57	0.000
33.82	0.000
35.10	0.000
36.44	0.000
37.83	0.000
39.27	0.000
40.76	0.000
42.32	0.000
43.93	0.000
45.60	0.000
47.34	0.000
49.14	0.000
51.01	0.000
52.96	0.000
54.97	0.000
57.07	0.000
59.24	0.000
61.50	0.000
63.84	0.000
66.27	0.000
68.79	0.000
71.41	0.000
74.13	0.000
76.96	0.000
79.89	0.000
82.93	0.000
86.09	0.000
89.37	0.000
92.77	0.000
96.31	0.000
99.97	0.000
103.8	0.000
107.7	0.000
111.8	0.000
116.1	0.000
120.5	0.000
125.1	0.000
129.9	0.000
134.8	0.000
140.0	0.000
145.3	0.000
150.8	0.000
156.6	0.000
162.5	0.000
168.7	0.000
175.1	0.000
181.8	0.000
188.7	0.000
195.9	0.000
203.4	0.000
211.1	0.000
219.2	0.000
227.5	0.000
236.2	0.000
245.2	0.000
254.5	0.000
264.2	0.000
274.3	0.000
284.7	0.000
295.6	0.000
306.8	0.000
318.5	0.000
330.6	0.000
343.2	0.000
356.3	0.000
369.9	0.000
384.0	0.000
398.6	0.000
413.8	0.000
429.5	0.000
445.9	0.000
462.9	0.000
480.5	0.000
498.8	0.000
517.8	0.000
537.5	0.000
558.0	0.000
579.2	0.000
601.3	0.000
624.2	0.000
648.0	0.000
672.6	0.000
698.3	0.000
724.9	0.000
752.5	0.000
781.1	0.000
810.9	0.000
841.8	0.000
873.8	0.000
907.1	0.000
941.6	0.000
977.5	0.000
1015.	0.000
1053.	0.000
1094.	0.000
1135.	0.000
1178.	0.000
1223.	0.000
1270.	0.000
1318.	0.000
1368.	0.000
1421.	0.000
1475.	0.000
1531.	0.000
1589.	0.000
1650.	0.000
1712.	0.000
1778.	0.000
1845.	0.000
1916.	0.000
1989.	0.000
2064.	0.000
2143.	0.000
2225.	0.000
2309.	0.000
2397.	0.000
2489.	0.000
2583.	0.000
2682.	0.000
2784.	0.000
2890.	0.000
3000.	0.000
 
 
C2    C2H2F4    Attachment                                      
E/N (Td)	Inverse rate coefficient (m2)
0.1000E-02	0.000
0.1038E-02	0.000
0.1078E-02	0.000
0.1119E-02	0.000
0.1161E-02	0.000
0.1205E-02	0.000
0.1251E-02	0.000
0.1299E-02	0.000
0.1349E-02	0.000
0.1400E-02	0.000
0.1453E-02	0.000
0.1509E-02	0.000
0.1566E-02	0.000
0.1626E-02	0.000
0.1688E-02	0.000
0.1752E-02	0.000
0.1819E-02	0.000
0.1888E-02	0.000
0.1960E-02	0.000
0.2034E-02	0.000
0.2112E-02	0.000
0.2192E-02	0.000
0.2276E-02	0.000
0.2362E-02	0.000
0.2452E-02	0.000
0.2546E-02	0.000
0.2643E-02	0.000
0.2743E-02	0.000
0.2848E-02	0.000
0.2956E-02	0.000
0.3069E-02	0.000
0.3186E-02	0.000
0.3307E-02	0.000
0.3433E-02	0.000
0.3564E-02	0.000
0.3700E-02	0.000
0.3841E-02	0.000
0.3987E-02	0.000
0.4139E-02	0.000
0.4296E-02	0.000
0.4460E-02	0.000
0.4630E-02	0.000
0.4806E-02	0.000
0.4989E-02	0.000
0.5179E-02	0.000
0.5377E-02	0.000
0.5581E-02	0.000
0.5794E-02	0.000
0.6015E-02	0.000
0.6244E-02	0.000
0.6481E-02	0.000
0.6728E-02	0.000
0.6985E-02	0.000
0.7251E-02	0.000
0.7527E-02	0.000
0.7813E-02	0.000
0.8111E-02	0.000
0.8420E-02	0.000
0.8741E-02	0.000
0.9073E-02	0.000
0.9419E-02	0.000
0.9778E-02	0.000
0.1015E-01	0.000
0.1054E-01	0.000
0.1094E-01	0.000
0.1135E-01	0.000
0.1179E-01	0.000
0.1224E-01	0.000
0.1270E-01	0.000
0.1319E-01	0.000
0.1369E-01	0.000
0.1421E-01	0.000
0.1475E-01	0.000
0.1531E-01	0.000
0.1590E-01	0.000
0.1650E-01	0.000
0.1713E-01	0.000
0.1778E-01	0.000
0.1846E-01	0.000
0.1916E-01	0.000
0.1989E-01	0.000
0.2065E-01	0.000
0.2144E-01	0.000
0.2225E-01	0.000
0.2310E-01	0.000
0.2398E-01	0.000
0.2489E-01	0.000
0.2584E-01	0.000
0.2682E-01	0.000
0.2785E-01	0.000
0.2891E-01	0.000
0.3001E-01	0.000
0.3115E-01	0.000
0.3234E-01	0.000
0.3357E-01	0.000
0.3485E-01	0.000
0.3617E-01	0.000
0.3755E-01	0.000
0.3898E-01	0.000
0.4047E-01	0.000
0.4201E-01	0.000
0.4361E-01	0.000
0.4527E-01	0.000
0.4699E-01	0.000
0.4878E-01	0.000
0.5064E-01	0.000
0.5257E-01	0.000
0.5457E-01	0.000
0.5665E-01	0.000
0.5881E-01	0.000
0.6105E-01	0.000
0.6337E-01	0.000
0.6579E-01	0.000
0.6829E-01	0.000
0.7089E-01	0.000
0.7359E-01	0.000
0.7640E-01	0.000
0.7931E-01	0.000
0.8233E-01	0.000
0.8546E-01	0.000
0.8872E-01	0.000
0.9210E-01	0.000
0.9560E-01	0.000
0.9924E-01	0.000
0.1030	0.000
0.1069	0.000
0.1110	0.000
0.1152	0.000
0.1196	0.000
0.1242	0.000
0.1289	0.000
0.1338	0.000
0.1389	0.000
0.1442	0.000
0.1497	0.000
0.1554	0.000
0.1613	0.000
0.1675	0.000
0.1739	0.000
0.1805	0.000
0.1874	0.000
0.1945	0.000
0.2019	0.000
0.2096	0.000
0.2176	0.000
0.2259	0.000
0.2345	0.000
0.2434	0.000
0.2527	0.000
0.2623	0.000
0.2723	0.000
0.2826	0.000
0.2934	0.000
0.3046	0.000
0.3162	0.000
0.3282	0.000
0.3407	0.000
0.3537	0.000
0.3672	0.000
0.3812	0.000
0.3957	0.000
0.4107	0.000
0.4264	0.000
0.4426	0.000
0.4595	0.000
0.4770	0.000
0.4952	0.000
0.5140	0.000
0.5336	0.000
0.5539	0.000
0.5750	0.000
0.5969	0.000
0.6196	0.000
0.6432	0.000
0.6677	0.000
0.6932	0.000
0.7196	0.000
0.7470	0.000
0.7754	0.000
0.8050	0.000
0.8356	0.000
0.8674	0.000
0.9005	0.000
0.9348	0.000
0.9704	0.000
1.007	0.000
1.046	0.000
1.086	0.000
1.127	0.000
1.170	0.000
1.214	0.000
1.261	0.000
1.309	0.000
1.358	0.000
1.410	0.000
1.464	0.000
1.520	0.000
1.578	0.000
1.638	0.000
1.700	0.000
1.765	0.000
1.832	0.000
1.902	0.000
1.974	0.000
2.049	0.000
2.127	0.000
2.208	0.000
2.293	0.000
2.380	0.000
2.470	0.000
2.565	0.000
2.662	0.000
2.764	0.000
2.869	0.000
2.978	0.000
3.092	0.000
3.209	0.000
3.332	0.000
3.458	0.000
3.590	0.000
3.727	0.000
3.869	0.000
4.016	0.000
4.169	0.000
4.328	0.000
4.493	0.000
4.664	0.000
4.841	0.000
5.026	0.000
5.217	0.000
5.416	0.000
5.622	0.000
5.836	0.000
6.059	0.000
6.289	0.000
6.529	0.000
6.778	0.000
7.036	0.000
7.304	0.000
7.582	0.000
7.871	0.000
8.170	0.000
8.482	0.000
8.805	0.000
9.140	0.000
9.488	0.000
9.849	0.000
10.22	0.000
10.61	0.000
11.02	0.000
11.44	0.000
11.87	0.000
12.33	0.000
12.80	0.000
13.28	0.000
13.79	0.000
14.31	0.000
14.86	0.000
15.42	0.000
16.01	0.000
16.62	0.000
17.25	0.000
17.91	0.000
18.59	0.000
19.30	0.000
20.04	0.000
20.80	0.000
21.59	0.000
22.42	0.000
23.27	0.000
24.16	0.000
25.08	0.000
26.03	0.000
27.02	0.000
28.05	0.000
29.12	0.000
30.23	0.000
31.38	0.000
32.57	0.000
33.82	0.000
35.10	0.000
36.44	0.000
37.83	0.000
39.27	0.000
40.76	0.000
42.32	0.000
43.93	0.000
45.60	0.000
47.34	0.000
49.14	0.000
51.01	0.000
52.96	0.000
54.97	0.000
57.07	0.000
59.24	0.000
61.50	0.000
63.84	0.000
66.27	0.000
68.79	0.000
71.41	0.000
74.13	0.000
76.96	0.000
79.89	0.000
82.93	0.000
86.09	0.000
89.37	0.000
92.77	0.000
96.31	0.000
99.97	0.000
103.8	0.000
107.7	0.000
111.8	0.000
116.1	0.000
120.5	0.000
125.1	0.000
129.9	0.000
134.8	0.000
140.0	0.000
145.3	0.000
150.8	0.000
156.6	0.000
162.5	0.000
168.7	0.000
175.1	0.000
181.8	0.000
188.7	0.000
195.9	0.000
203.4	0.000
211.1	0.000
219.2	0.000
227.5	0.000
236.2	0.000
245.2	0.000
254.5	0.000
264.2	0.000
274.3	0.000
284.7	0.000
295.6	0.000
306.8	0.000
318.5	0.000
330.6	0.000
343.2	0.000
356.3	0.000
369.9	0.000
384.0	0.000
398.6	0.000
413.8	0.000
429.5	0.000
445.9	0.000
462.9	0.000
480.5	0.000
498.8	0.000
517.8	0.000
537.5	0.000
558.0	0.000
579.2	0.000
601.3	0.000
624.2	0.000
648.0	0.000
672.6	0.000
698.3	0.000
724.9	0.000
752.5	0.000
781.1	0.000
810.9	0.000
841.8	0.000
873.8	0.000
907.1	0.000
941.6	0.000
977.5	0.000
1015.	0.000
1053.	0.000
1094.	0.000
1135.	0.000
1178.	0.000
1223.	0.000
1270.	0.000
1318.	0.000
1368.	0.000
1421.	0.000
1475.	0.000
1531.	0.000
1589.	0.000
1650.	0.000
1712.	0.000
1778.	0.000
1845.	0.000
1916.	0.000
1989.	0.000
2064.	0.000
2143.	0.000
2225.	0.000
2309.	0.000
2397.	0.000
2489.	0.000
2583.	0.000
2682.	0.000
2784.	0.000
2890.	0.000
3000.	0.000
 
 
C3    C2H2F4    Elastic                                         
E/N (Td)	Inverse rate coefficient (m2)
0.1000E-02	0.000
0.1038E-02	0.000
0.1078E-02	0.000
0.1119E-02	0.000
0.1161E-02	0.000
0.1205E-02	0.000
0.1251E-02	0.000
0.1299E-02	0.000
0.1349E-02	0.000
0.1400E-02	0.000
0.1453E-02	0.000
0.1509E-02	0.000
0.1566E-02	0.000
0.1626E-02	0.000
0.1688E-02	0.000
0.1752E-02	0.000
0.1819E-02	0.000
0.1888E-02	0.000
0.1960E-02	0.000
0.2034E-02	0.000
0.2112E-02	0.000
0.2192E-02	0.000
0.2276E-02	0.000
0.2362E-02	0.000
0.2452E-02	0.000
0.2546E-02	0.000
0.2643E-02	0.000
0.2743E-02	0.000
0.2848E-02	0.000
0.2956E-02	0.000
0.3069E-02	0.000
0.3186E-02	0.000
0.3307E-02	0.000
0.3433E-02	0.000
0.3564E-02	0.000
0.3700E-02	0.000
0.3841E-02	0.000
0.3987E-02	0.000
0.4139E-02	0.000
0.4296E-02	0.000
0.4460E-02	0.000
0.4630E-02	0.000
0.4806E-02	0.000
0.4989E-02	0.000
0.5179E-02	0.000
0.5377E-02	0.000
0.5581E-02	0.000
0.5794E-02	0.000
0.6015E-02	0.000
0.6244E-02	0.000
0.6481E-02	0.000
0.6728E-02	0.000
0.6985E-02	0.000
0.7251E-02	0.000
0.7527E-02	0.000
0.7813E-02	0.000
0.8111E-02	0.000
0.8420E-02	0.000
0.8741E-02	0.000
0.9073E-02	0.000
0.9419E-02	0.000
0.9778E-02	0.000
0.1015E-01	0.000
0.1054E-01	0.000
0.1094E-01	0.000
0.1135E-01	0.000
0.1179E-01	0.000
0.1224E-01	0.000
0.1270E-01	0.000
0.1319E-01	0.000
0.1369E-01	0.000
0.1421E-01	0.000
0.1475E-01	0.000
0.1531E-01	0.000
0.1590E-01	0.000
0.1650E-01	0.000
0.1713E-01	0.000
0.1778E-01	0.000
0.1846E-01	0.000
0.1916E-01	0.000
0.1989E-01	0.000
0.2065E-01	0.000
0.2144E-01	0.000
0.2225E-01	0.000
0.2310E-01	0.000
0.2398E-01	0.000
0.2489E-01	0.000
0.2584E-01	0.000
0.2682E-01	0.000
0.2785E-01	0.000
0.2891E-01	0.000
0.3001E-01	0.000
0.3115E-01	0.000
0.3234E-01	0.000
0.3357E-01	0.000
0.3485E-01	0.000
0.3617E-01	0.000
0.3755E-01	0.000
0.3898E-01	0.000
0.4047E-01	0.000
0.4201E-01	0.000
0.4361E-01	0.000
0.4527E-01	0.000
0.4699E-01	0.000
0.4878E-01	0.000
0.5064E-01	0.000
0.5257E-01	0.000
0.5457E-01	0.000
0.5665E-01	0.000
0.5881E-01	0.000
0.6105E-01	0.000
0.6337E-01	0.000
0.6579E-01	0.000
0.6829E-01	0.000
0.7089E-01	0.000
0.7359E-01	0.000
0.7640E-01	0.000
0.7931E-01	0.000
0.8233E-01	0.000
0.8546E-01	0.000
0.8872E-01	0.000
0.9210E-01	0.000
0.9560E-01	0.000
0.9924E-01	0.000
0.1030	0.000
0.1069	0.000
0.1110	0.000
0.1152	0.000
0.1196	0.000
0.1242	0.000
0.1289	0.000
0.1338	0.000
0.1389	0.000
0.1442	0.000
0.1497	0.000
0.1554	0.000
0.1613	0.000
0.1675	0.000
0.1739	0.000
0.1805	0.000
0.1874	0.000
0.1945	0.000
0.2019	0.000
0.2096	0.000
0.2176	0.000
0.2259	0.000
0.2345	0.000
0.2434	0.000
0.2527	0.000
0.2623	0.000
0.2723	0.000
0.2826	0.000
0.2934	0.000
0.3046	0.000
0.3162	0.000
0.3282	0.000
0.3407	0.000
0.3537	0.000
0.3672	0.000
0.3812	0.000
0.3957	0.000
0.4107	0.000
0.4264	0.000
0.4426	0.000
0.4595	0.000
0.4770	0.000
0.4952	0.000
0.5140	0.000
0.5336	0.000
0.5539	0.000
0.5750	0.000
0.5969	0.000
0.6196	0.000
0.6432	0.000
0.6677	0.000
0.6932	0.000
0.7196	0.000
0.7470	0.000
0.7754	0.000
0.8050	0.000
0.8356	0.000
0.8674	0.000
0.9005	0.000
0.9348	0.000
0.9704	0.000
1.007	0.000
1.046	0.000
1.086	0.000
1.127	0.000
1.170	0.000
1.214	0.000
1.261	0.000
1.309	0.000
1.358	0.000
1.410	0.000
1.464	0.000
1.520	0.000
1.578	0.000
1.638	0.000
1.700	0.000
1.765	0.000
1.832	0.000
1.902	0.000
1.974	0.000
2.049	0.000
2.127	0.000
2.208	0.000
2.293	0.000
2.380	0.000
2.470	0.000
2.565	0.000
2.662	0.000
2.764	0.000
2.869	0.000
2.978	0.000
3.092	0.000
3.209	0.000
3.332	0.000
3.458	0.000
3.590	0.000
3.727	0.000
3.869	0.000
4.016	0.000
4.169	0.000
4.328	0.000
4.493	0.000
4.664	0.000
4.841	0.000
5.026	0.000
5.217	0.000
5.416	0.000
5.622	0.000
5.836	0.000
6.059	0.000
6.289	0.000
6.529	0.000
6.778	0.000
7.036	0.000
7.304	0.000
7.582	0.000
7.871	0.000
8.170	0.000
8.482	0.000
8.805	0.000
9.140	0.000
9.488	0.000
9.849	0.000
10.22	0.000
10.61	0.000
11.02	0.000
11.44	0.000
11.87	0.000
12.33	0.000
12.80	0.000
13.28	0.000
13.79	0.000
14.31	0.000
14.86	0.000
15.42	0.000
16.01	0.000
16.62	0.000
17.25	0.000
17.91	0.000
18.59	0.000
19.30	0.000
20.04	0.000
20.80	0.000
21.59	0.000
22.42	0.000
23.27	0.000
24.16	0.000
25.08	0.000
26.03	0.000
27.02	0.000
28.05	0.000
29.12	0.000
30.23	0.000
31.38	0.000
32.57	0.000
33.82	0.000
35.10	0.000
36.44	0.000
37.83	0.000
39.27	0.000
40.76	0.000
42.32	0.000
43.93	0.000
45.60	0.000
47.34	0.000
49.14	0.000
51.01	0.000
52.96	0.000
54.97	0.000
57.07	0.000
59.24	0.000
61.50	0.000
63.84	0.000
66.27	0.000
68.79	0.000
71.41	0.000
74.13	0.000
76.96	0.000
79.89	0.000
82.93	0.000
86.09	0.000
89.37	0.000
92.77	0.000
96.31	0.000
99.97	0.000
103.8	0.000
107.7	0.000
111.8	0.000
116.1	0.000
120.5	0.000
125.1	0.000
129.9	0.000
134.8	0.000
140.0	0.000
145.3	0.000
150.8	0.000
156.6	0.000
162.5	0.000
168.7	0.000
175.1	0.000
181.8	0.000
188.7	0.000
195.9	0.000
203.4	0.000
211.1	0.000
219.2	0.000
227.5	0.000
236.2	0.000
245.2	0.000
254.5	0.000
264.2	0.000
274.3	0.000
284.7	0.000
295.6	0.000
306.8	0.000
318.5	0.000
330.6	0.000
343.2	0.000
356.3	0.000
369.9	0.000
384.0	0.000
398.6	0.000
413.8	0.000
429.5	0.000
445.9	0.000
462.9	0.000
480.5	0.000
498.8	0.000
517.8	0.000
537.5	0.000
558.0	0.000
579.2	0.000
601.3	0.000
624.2	0.000
648.0	0.000
672.6	0.000
698.3	0.000
724.9	0.000
752.5	0.000
781.1	0.000
810.9	0.000
841.8	0.000
873.8	0.000
907.1	0.000
941.6	0.000
977.5	0.000
1015.	0.000
1053.	0.000
1094.	0.000
1135.	0.000
1178.	0.000
1223.	0.000
1270.	0.000
1318.	0.000
1368.	0.000
1421.	0.000
1475.	0.000
1531.	0.000
1589.	0.000
1650.	0.000
1712.	0.000
1778.	0.000
1845.	0.000
1916.	0.000
1989.	0.000
2064.	0.000
2143.	0.000
2225.	0.000
2309.	0.000
2397.	0.000
2489.	0.000
2583.	0.000
2682.	0.000
2784.	0.000
2890.	0.000
3000.	0.000
 
 
C4    C2H2F4    Excitation    0.11 eV                           
E/N (Td)	Inverse rate coefficient (m2)
0.1000E-02	0.3943E-14
0.1038E-02	0.3943E-14
0.1078E-02	0.3943E-14
0.1119E-02	0.3943E-14
0.1161E-02	0.3943E-14
0.1205E-02	0.3943E-14
0.1251E-02	0.3943E-14
0.1299E-02	0.3943E-14
0.1349E-02	0.3943E-14
0.1400E-02	0.3943E-14
0.1453E-02	0.3943E-14
0.1509E-02	0.3943E-14
0.1566E-02	0.3943E-14
0.1626E-02	0.3943E-14
0.1688E-02	0.3943E-14
0.1752E-02	0.3943E-14
0.1819E-02	0.3943E-14
0.1888E-02	0.3943E-14
0.1960E-02	0.3943E-14
0.2034E-02	0.3943E-14
0.2112E-02	0.3943E-14
0.2192E-02	0.3943E-14
0.2276E-02	0.3943E-14
0.2362E-02	0.3943E-14
0.2452E-02	0.3943E-14
0.2546E-02	0.3943E-14
0.2643E-02	0.3943E-14
0.2743E-02	0.3943E-14
0.2848E-02	0.3943E-14
0.2956E-02	0.3943E-14
0.3069E-02	0.3943E-14
0.3186E-02	0.3943E-14
0.3307E-02	0.3943E-14
0.3433E-02	0.3943E-14
0.3564E-02	0.3943E-14
0.3700E-02	0.3943E-14
0.3841E-02	0.3943E-14
0.3987E-02	0.3943E-14
0.4139E-02	0.3943E-14
0.4296E-02	0.3943E-14
0.4460E-02	0.3943E-14
0.4630E-02	0.3943E-14
0.4806E-02	0.3943E-14
0.4989E-02	0.3943E-14
0.5179E-02	0.3943E-14
0.5377E-02	0.3943E-14
0.5581E-02	0.3943E-14
0.5794E-02	0.3943E-14
0.6015E-02	0.3943E-14
0.6244E-02	0.3943E-14
0.6481E-02	0.3943E-14
0.6728E-02	0.3943E-14
0.6985E-02	0.3943E-14
0.7251E-02	0.3943E-14
0.7527E-02	0.3943E-14
0.7813E-02	0.3943E-14
0.8111E-02	0.3943E-14
0.8420E-02	0.3943E-14
0.8741E-02	0.3943E-14
0.9073E-02	0.3943E-14
0.9419E-02	0.3943E-14
0.9778E-02	0.3943E-14
0.1015E-01	0.3943E-14
0.1054E-01	0.3943E-14
0.1094E-01	0.3943E-14
0.1135E-01	0.3943E-14
0.1179E-01	0.3943E-14
0.1224E-01	0.3943E-14
0.1270E-01	0.3943E-14
0.1319E-01	0.3943E-14
0.1369E-01	0.3943E-14
0.1421E-01	0.3943E-14
0.1475E-01	0.3943E-14
0.1531E-01	0.3943E-14
0.1590E-01	0.3943E-14
0.1650E-01	0.3943E-14
0.1713E-01	0.3943E-14
0.1778E-01	0.3943E-14
0.1846E-01	0.3943E-14
0.1916E-01	0.3943E-14
0.1989E-01	0.3943E-14
0.2065E-01	0.3943E-14
0.2144E-01	0.3943E-14
0.2225E-01	0.3943E-14
0.2310E-01	0.3943E-14
0.2398E-01	0.3943E-14
0.2489E-01	0.3943E-14
0.2584E-01	0.3943E-14
0.2682E-01	0.3943E-14
0.2785E-01	0.3943E-14
0.2891E-01	0.3943E-14
0.3001E-01	0.3943E-14
0.3115E-01	0.3943E-14
0.3234E-01	0.3943E-14
0.3357E-01	0.3943E-14
0.3485E-01	0.3943E-14
0.3617E-01	0.3943E-14
0.3755E-01	0.3943E-14
0.3898E-01	0.3943E-14
0.4047E-01	0.3943E-14
0.4201E-01	0.3943E-14
0.4361E-01	0.3943E-14
0.4527E-01	0.3943E-14
0.4699E-01	0.3943E-14
0.4878E-01	0.3943E-14
0.5064E-01	0.3943E-14
0.5257E-01	0.3943E-14
0.5457E-01	0.3943E-14
0.5665E-01	0.3943E-14
0.5881E-01	0.3943E-14
0.6105E-01	0.3943E-14
0.6337E-01	0.3943E-14
0.6579E-01	0.3943E-14
0.6829E-01	0.3943E-14
0.7089E-01	0.3943E-14
0.7359E-01	0.3943E-14
0.7640E-01	0.3943E-14
0.7931E-01	0.3943E-14
0.8233E-01	0.3943E-14
0.8546E-01	0.3943E-14
0.8872E-01	0.3943E-14
0.9210E-01	0.3943E-14
0.9560E-01	0.3943E-14
0.9924E-01	0.3943E-14
0.1030	0.3943E-14
0.1069	0.3943E-14
0.1110	0.3943E-14
0.1152	0.3943E-14
0.1196	0.3943E-14
0.1242	0.3943E-14
0.1289	0.3943E-14
0.1338	0.3943E-14
0.1389	0.3943E-14
0.1442	0.3943E-14
0.1497	0.3943E-14
0.1554	0.3943E-14
0.1613	0.3943E-14
0.1675	0.3943E-14
0.1739	0.3943E-14
0.1805	0.3943E-14
0.1874	0.3943E-14
0.1945	0.3943E-14
0.2019	0.3943E-14
0.2096	0.3943E-14
0.2176	0.3943E-14
0.2259	0.3943E-14
0.2345	0.3943E-14
0.2434	0.3943E-14
0.2527	0.3943E-14
0.2623	0.3943E-14
0.2723	0.3943E-14
0.2826	0.3943E-14
0.2934	0.3943E-14
0.3046	0.3943E-14
0.3162	0.3943E-14
0.3282	0.3943E-14
0.3407	0.3943E-14
0.3537	0.3943E-14
0.3672	0.3943E-14
0.3812	0.3943E-14
0.3957	0.3943E-14
0.4107	0.3943E-14
0.4264	0.3943E-14
0.4426	0.3943E-14
0.4595	0.3943E-14
0.4770	0.3943E-14
0.4952	0.3943E-14
0.5140	0.3943E-14
0.5336	0.3943E-14
0.5539	0.3943E-14
0.5750	0.3943E-14
0.5969	0.3943E-14
0.6196	0.3943E-14
0.6432	0.3943E-14
0.6677	0.3943E-14
0.6932	0.3943E-14
0.7196	0.3943E-14
0.7470	0.3943E-14
0.7754	0.3943E-14
0.8050	0.3943E-14
0.8356	0.3943E-14
0.8674	0.3943E-14
0.9005	0.3943E-14
0.9348	0.3943E-14
0.9704	0.3943E-14
1.007	0.3943E-14
1.046	0.3943E-14
1.086	0.3943E-14
1.127	0.3943E-14
1.170	0.3943E-14
1.214	0.3943E-14
1.261	0.3943E-14
1.309	0.3943E-14
1.358	0.3943E-14
1.410	0.3943E-14
1.464	0.3943E-14
1.520	0.3943E-14
1.578	0.3943E-14
1.638	0.3944E-14
1.700	0.3944E-14
1.765	0.3944E-14
1.832	0.3944E-14
1.902	0.3944E-14
1.974	0.3944E-14
2.049	0.3944E-14
2.127	0.3944E-14
2.208	0.3944E-14
2.293	0.3944E-14
2.380	0.3945E-14
2.470	0.3945E-14
2.565	0.3945E-14
2.662	0.3945E-14
2.764	0.3945E-14
2.869	0.3945E-14
2.978	0.3946E-14
3.092	0.3946E-14
3.209	0.3946E-14
3.332	0.3946E-14
3.458	0.3947E-14
3.590	0.3947E-14
3.727	0.3947E-14
3.869	0.3947E-14
4.016	0.3948E-14
4.169	0.3948E-14
4.328	0.3948E-14
4.493	0.3949E-14
4.664	0.3949E-14
4.841	0.3949E-14
5.026	0.3950E-14
5.217	0.3950E-14
5.416	0.3950E-14
5.622	0.3951E-14
5.836	0.3951E-14
6.059	0.3951E-14
6.289	0.3952E-14
6.529	0.3952E-14
6.778	0.3952E-14
7.036	0.3953E-14
7.304	0.3953E-14
7.582	0.3954E-14
7.871	0.3954E-14
8.170	0.3954E-14
8.482	0.3955E-14
8.805	0.3953E-14
9.140	0.3953E-14
9.488	0.3953E-14
9.849	0.3953E-14
10.22	0.3953E-14
10.61	0.3953E-14
11.02	0.3953E-14
11.44	0.3958E-14
11.87	0.3958E-14
12.33	0.3958E-14
12.80	0.3958E-14
13.28	0.3958E-14
13.79	0.3956E-14
14.31	0.3956E-14
14.86	0.3956E-14
15.42	0.3953E-14
16.01	0.3952E-14
16.62	0.3952E-14
17.25	0.3946E-14
17.91	0.3945E-14
18.59	0.3959E-14
19.30	0.3958E-14
20.04	0.3957E-14
20.80	0.3956E-14
21.59	0.3955E-14
22.42	0.3954E-14
23.27	0.3952E-14
24.16	0.3951E-14
25.08	0.3949E-14
26.03	0.3946E-14
27.02	0.3944E-14
28.05	0.3942E-14
29.12	0.3937E-14
30.23	0.3934E-14
31.38	0.3930E-14
32.57	0.3923E-14
33.82	0.3918E-14
35.10	0.3910E-14
36.44	0.3903E-14
37.83	0.3895E-14
39.27	0.3883E-14
40.76	0.3871E-14
42.32	0.3857E-14
43.93	0.3841E-14
45.60	0.3822E-14
47.34	0.3799E-14
49.14	0.3755E-14
51.01	0.3725E-14
52.96	0.3690E-14
54.97	0.3654E-14
57.07	0.3615E-14
59.24	0.3576E-14
61.50	0.3537E-14
63.84	0.3499E-14
66.27	0.3464E-14
68.79	0.3434E-14
71.41	0.3409E-14
74.13	0.3390E-14
76.96	0.3377E-14
79.89	0.3372E-14
82.93	0.3374E-14
86.09	0.3383E-14
89.37	0.3398E-14
92.77	0.3419E-14
96.31	0.3446E-14
99.97	0.3478E-14
103.8	0.3513E-14
107.7	0.3552E-14
111.8	0.3594E-14
116.1	0.3637E-14
120.5	0.3680E-14
125.1	0.3724E-14
129.9	0.3768E-14
134.8	0.3810E-14
140.0	0.3850E-14
145.3	0.3889E-14
150.8	0.3925E-14
156.6	0.3958E-14
162.5	0.3989E-14
168.7	0.4016E-14
175.1	0.4042E-14
181.8	0.4064E-14
188.7	0.4083E-14
195.9	0.4101E-14
203.4	0.4115E-14
211.1	0.4127E-14
219.2	0.4138E-14
227.5	0.4146E-14
236.2	0.4152E-14
245.2	0.4156E-14
254.5	0.4159E-14
264.2	0.4160E-14
274.3	0.4160E-14
284.7	0.4158E-14
295.6	0.4155E-14
306.8	0.4150E-14
318.5	0.4145E-14
330.6	0.4138E-14
343.2	0.4130E-14
356.3	0.4120E-14
369.9	0.4110E-14
384.0	0.4099E-14
398.6	0.4087E-14
413.8	0.4073E-14
429.5	0.4059E-14
445.9	0.4044E-14
462.9	0.4027E-14
480.5	0.4010E-14
498.8	0.3992E-14
517.8	0.3973E-14
537.5	0.3952E-14
558.0	0.3931E-14
579.2	0.3909E-14
601.3	0.3886E-14
624.2	0.3862E-14
648.0	0.3837E-14
672.6	0.3811E-14
698.3	0.3784E-14
724.9	0.3756E-14
752.5	0.3727E-14
781.1	0.3697E-14
810.9	0.3667E-14
841.8	0.3635E-14
873.8	0.3602E-14
907.1	0.3569E-14
941.6	0.3534E-14
977.5	0.3499E-14
1015.	0.3463E-14
1053.	0.3426E-14
1094.	0.3388E-14
1135.	0.3350E-14
1178.	0.3311E-14
1223.	0.3271E-14
1270.	0.3230E-14
1318.	0.3189E-14
1368.	0.3147E-14
1421.	0.3105E-14
1475.	0.3062E-14
1531.	0.3019E-14
1589.	0.2975E-14
1650.	0.2931E-14
1712.	0.2887E-14
1778.	0.2843E-14
1845.	0.2798E-14
1916.	0.2753E-14
1989.	0.2708E-14
2064.	0.2664E-14
2143.	0.2619E-14
2225.	0.2574E-14
2309.	0.2529E-14
2397.	0.2485E-14
2489.	0.2441E-14
2583.	0.2397E-14
2682.	0.2353E-14
2784.	0.2310E-14
2890.	0.2267E-14
3000.	0.2224E-14
 
 
C5    C2H2F4    Excitation    0.14 eV                           
E/N (Td)	Inverse rate coefficient (m2)
0.1000E-02	0.2065E-13
0.1038E-02	0.2065E-13
0.1078E-02	0.2065E-13
0.1119E-02	0.2065E-13
0.1161E-02	0.2065E-13
0.1205E-02	0.2065E-13
0.1251E-02	0.2065E-13
0.1299E-02	0.2065E-13
0.1349E-02	0.2065E-13
0.1400E-02	0.2065E-13
0.1453E-02	0.2065E-13
0.1509E-02	0.2065E-13
0.1566E-02	0.2065E-13
0.1626E-02	0.2065E-13
0.1688E-02	0.2065E-13
0.1752E-02	0.2065E-13
0.1819E-02	0.2065E-13
0.1888E-02	0.2065E-13
0.1960E-02	0.2065E-13
0.2034E-02	0.2065E-13
0.2112E-02	0.2065E-13
0.2192E-02	0.2065E-13
0.2276E-02	0.2065E-13
0.2362E-02	0.2065E-13
0.2452E-02	0.2065E-13
0.2546E-02	0.2065E-13
0.2643E-02	0.2065E-13
0.2743E-02	0.2065E-13
0.2848E-02	0.2065E-13
0.2956E-02	0.2065E-13
0.3069E-02	0.2065E-13
0.3186E-02	0.2065E-13
0.3307E-02	0.2065E-13
0.3433E-02	0.2065E-13
0.3564E-02	0.2065E-13
0.3700E-02	0.2065E-13
0.3841E-02	0.2065E-13
0.3987E-02	0.2065E-13
0.4139E-02	0.2065E-13
0.4296E-02	0.2065E-13
0.4460E-02	0.2065E-13
0.4630E-02	0.2065E-13
0.4806E-02	0.2065E-13
0.4989E-02	0.2065E-13
0.5179E-02	0.2065E-13
0.5377E-02	0.2065E-13
0.5581E-02	0.2065E-13
0.5794E-02	0.2065E-13
0.6015E-02	0.2065E-13
0.6244E-02	0.2065E-13
0.6481E-02	0.2065E-13
0.6728E-02	0.2065E-13
0.6985E-02	0.2065E-13
0.7251E-02	0.2065E-13
0.7527E-02	0.2065E-13
0.7813E-02	0.2065E-13
0.8111E-02	0.2065E-13
0.8420E-02	0.2065E-13
0.8741E-02	0.2065E-13
0.9073E-02	0.2065E-13
0.9419E-02	0.2065E-13
0.9778E-02	0.2065E-13
0.1015E-01	0.2065E-13
0.1054E-01	0.2065E-13
0.1094E-01	0.2065E-13
0.1135E-01	0.2065E-13
0.1179E-01	0.2065E-13
0.1224E-01	0.2065E-13
0.1270E-01	0.2065E-13
0.1319E-01	0.2065E-13
0.1369E-01	0.2065E-13
0.1421E-01	0.2065E-13
0.1475E-01	0.2065E-13
0.1531E-01	0.2065E-13
0.1590E-01	0.2065E-13
0.1650E-01	0.2065E-13
0.1713E-01	0.2065E-13
0.1778E-01	0.2065E-13
0.1846E-01	0.2065E-13
0.1916E-01	0.2065E-13
0.1989E-01	0.2065E-13
0.2065E-01	0.2065E-13
0.2144E-01	0.2065E-13
0.2225E-01	0.2065E-13
0.2310E-01	0.2065E-13
0.2398E-01	0.2065E-13
0.2489E-01	0.2065E-13
0.2584E-01	0.2065E-13
0.2682E-01	0.2065E-13
0.2785E-01	0.2065E-13
0.2891E-01	0.2065E-13
0.3001E-01	0.2065E-13
0.3115E-01	0.2065E-13
0.3234E-01	0.2065E-13
0.3357E-01	0.2065E-13
0.3485E-01	0.2065E-13
0.3617E-01	0.2065E-13
0.3755E-01	0.2065E-13
0.3898E-01	0.2065E-13
0.4047E-01	0.2065E-13
0.4201E-01	0.2065E-13
0.4361E-01	0.2065E-13
0.4527E-01	0.2065E-13
0.4699E-01	0.2065E-13
0.4878E-01	0.2065E-13
0.5064E-01	0.2065E-13
0.5257E-01	0.2065E-13
0.5457E-01	0.2065E-13
0.5665E-01	0.2065E-13
0.5881E-01	0.2065E-13
0.6105E-01	0.2065E-13
0.6337E-01	0.2065E-13
0.6579E-01	0.2065E-13
0.6829E-01	0.2065E-13
0.7089E-01	0.2065E-13
0.7359E-01	0.2065E-13
0.7640E-01	0.2065E-13
0.7931E-01	0.2065E-13
0.8233E-01	0.2065E-13
0.8546E-01	0.2065E-13
0.8872E-01	0.2065E-13
0.9210E-01	0.2065E-13
0.9560E-01	0.2065E-13
0.9924E-01	0.2065E-13
0.1030	0.2065E-13
0.1069	0.2065E-13
0.1110	0.2065E-13
0.1152	0.2065E-13
0.1196	0.2065E-13
0.1242	0.2065E-13
0.1289	0.2065E-13
0.1338	0.2065E-13
0.1389	0.2065E-13
0.1442	0.2065E-13
0.1497	0.2065E-13
0.1554	0.2065E-13
0.1613	0.2065E-13
0.1675	0.2065E-13
0.1739	0.2065E-13
0.1805	0.2065E-13
0.1874	0.2065E-13
0.1945	0.2065E-13
0.2019	0.2065E-13
0.2096	0.2065E-13
0.2176	0.2065E-13
0.2259	0.2065E-13
0.2345	0.2065E-13
0.2434	0.2065E-13
0.2527	0.2065E-13
0.2623	0.2065E-13
0.2723	0.2065E-13
0.2826	0.2065E-13
0.2934	0.2065E-13
0.3046	0.2065E-13
0.3162	0.2065E-13
0.3282	0.2065E-13
0.3407	0.2065E-13
0.3537	0.2065E-13
0.3672	0.2065E-13
0.3812	0.2065E-13
0.3957	0.2065E-13
0.4107	0.2065E-13
0.4264	0.2065E-13
0.4426	0.2065E-13
0.4595	0.2065E-13
0.4770	0.2065E-13
0.4952	0.2065E-13
0.5140	0.2065E-13
0.5336	0.2065E-13
0.5539	0.2065E-13
0.5750	0.2065E-13
0.5969	0.2065E-13
0.6196	0.2065E-13
0.6432	0.2065E-13
0.6677	0.2065E-13
0.6932	0.2065E-13
0.7196	0.2065E-13
0.7470	0.2065E-13
0.7754	0.2065E-13
0.8050	0.2065E-13
0.8356	0.2065E-13
0.8674	0.2065E-13
0.9005	0.2065E-13
0.9348	0.2065E-13
0.9704	0.2065E-13
1.007	0.2065E-13
1.046	0.2065E-13
1.086	0.2065E-13
1.127	0.2065E-13
1.170	0.2065E-13
1.214	0.2065E-13
1.261	0.2065E-13
1.309	0.2065E-13
1.358	0.2065E-13
1.410	0.2065E-13
1.464	0.2066E-13
1.520	0.2066E-13
1.578	0.2066E-13
1.638	0.2066E-13
1.700	0.2066E-13
1.765	0.2066E-13
1.832	0.2066E-13
1.902	0.2066E-13
1.974	0.2066E-13
2.049	0.2066E-13
2.127	0.2066E-13
2.208	0.2066E-13
2.293	0.2066E-13
2.380	0.2066E-13
2.470	0.2066E-13
2.565	0.2066E-13
2.662	0.2066E-13
2.764	0.2066E-13
2.869	0.2067E-13
2.978	0.2067E-13
3.092	0.2067E-13
3.209	0.2067E-13
3.332	0.2067E-13
3.458	0.2067E-13
3.590	0.2067E-13
3.727	0.2068E-13
3.869	0.2068E-13
4.016	0.2068E-13
4.169	0.2068E-13
4.328	0.2068E-13
4.493	0.2068E-13
4.664	0.2069E-13
4.841	0.2069E-13
5.026	0.2069E-13
5.217	0.2069E-13
5.416	0.2069E-13
5.622	0.2070E-13
5.836	0.2070E-13
6.059	0.2070E-13
6.289	0.2070E-13
6.529	0.2070E-13
6.778	0.2071E-13
7.036	0.2071E-13
7.304	0.2071E-13
7.582	0.2071E-13
7.871	0.2072E-13
8.170	0.2072E-13
8.482	0.2072E-13
8.805	0.2071E-13
9.140	0.2072E-13
9.488	0.2072E-13
9.849	0.2072E-13
10.22	0.2072E-13
10.61	0.2072E-13
11.02	0.2072E-13
11.44	0.2074E-13
11.87	0.2075E-13
12.33	0.2075E-13
12.80	0.2075E-13
13.28	0.2075E-13
13.79	0.2074E-13
14.31	0.2075E-13
14.86	0.2075E-13
15.42	0.2074E-13
16.01	0.2074E-13
16.62	0.2073E-13
17.25	0.2071E-13
17.91	0.2071E-13
18.59	0.2076E-13
19.30	0.2076E-13
20.04	0.2076E-13
20.80	0.2076E-13
21.59	0.2075E-13
22.42	0.2075E-13
23.27	0.2074E-13
24.16	0.2074E-13
25.08	0.2073E-13
26.03	0.2072E-13
27.02	0.2072E-13
28.05	0.2071E-13
29.12	0.2069E-13
30.23	0.2068E-13
31.38	0.2066E-13
32.57	0.2063E-13
33.82	0.2060E-13
35.10	0.2057E-13
36.44	0.2054E-13
37.83	0.2050E-13
39.27	0.2044E-13
40.76	0.2039E-13
42.32	0.2032E-13
43.93	0.2024E-13
45.60	0.2015E-13
47.34	0.2003E-13
49.14	0.1981E-13
51.01	0.1964E-13
52.96	0.1946E-13
54.97	0.1925E-13
57.07	0.1903E-13
59.24	0.1879E-13
61.50	0.1853E-13
63.84	0.1828E-13
66.27	0.1802E-13
68.79	0.1777E-13
71.41	0.1753E-13
74.13	0.1731E-13
76.96	0.1711E-13
79.89	0.1694E-13
82.93	0.1679E-13
86.09	0.1667E-13
89.37	0.1657E-13
92.77	0.1650E-13
96.31	0.1645E-13
99.97	0.1642E-13
103.8	0.1641E-13
107.7	0.1641E-13
111.8	0.1643E-13
116.1	0.1646E-13
120.5	0.1649E-13
125.1	0.1653E-13
129.9	0.1658E-13
134.8	0.1663E-13
140.0	0.1667E-13
145.3	0.1672E-13
150.8	0.1676E-13
156.6	0.1679E-13
162.5	0.1683E-13
168.7	0.1686E-13
175.1	0.1688E-13
181.8	0.1690E-13
188.7	0.1691E-13
195.9	0.1692E-13
203.4	0.1692E-13
211.1	0.1692E-13
219.2	0.1691E-13
227.5	0.1690E-13
236.2	0.1689E-13
245.2	0.1687E-13
254.5	0.1685E-13
264.2	0.1682E-13
274.3	0.1679E-13
284.7	0.1676E-13
295.6	0.1672E-13
306.8	0.1669E-13
318.5	0.1664E-13
330.6	0.1660E-13
343.2	0.1655E-13
356.3	0.1650E-13
369.9	0.1645E-13
384.0	0.1639E-13
398.6	0.1633E-13
413.8	0.1627E-13
429.5	0.1621E-13
445.9	0.1614E-13
462.9	0.1607E-13
480.5	0.1600E-13
498.8	0.1592E-13
517.8	0.1584E-13
537.5	0.1576E-13
558.0	0.1568E-13
579.2	0.1559E-13
601.3	0.1550E-13
624.2	0.1541E-13
648.0	0.1531E-13
672.6	0.1522E-13
698.3	0.1512E-13
724.9	0.1501E-13
752.5	0.1491E-13
781.1	0.1480E-13
810.9	0.1468E-13
841.8	0.1457E-13
873.8	0.1445E-13
907.1	0.1433E-13
941.6	0.1421E-13
977.5	0.1408E-13
1015.	0.1395E-13
1053.	0.1382E-13
1094.	0.1369E-13
1135.	0.1355E-13
1178.	0.1341E-13
1223.	0.1327E-13
1270.	0.1313E-13
1318.	0.1298E-13
1368.	0.1284E-13
1421.	0.1269E-13
1475.	0.1254E-13
1531.	0.1239E-13
1589.	0.1224E-13
1650.	0.1208E-13
1712.	0.1193E-13
1778.	0.1177E-13
1845.	0.1162E-13
1916.	0.1146E-13
1989.	0.1131E-13
2064.	0.1115E-13
2143.	0.1099E-13
2225.	0.1084E-13
2309.	0.1068E-13
2397.	0.1052E-13
2489.	0.1037E-13
2583.	0.1022E-13
2682.	0.1006E-13
2784.	0.9909E-14
2890.	0.9757E-14
3000.	0.9607E-14
 
 
C6    C2H2F4    Excitation    0.15 eV                           
E/N (Td)	Inverse rate coefficient (m2)
0.1000E-02	0.1155E-13
0.1038E-02	0.1155E-13
0.1078E-02	0.1155E-13
0.1119E-02	0.1155E-13
0.1161E-02	0.1155E-13
0.1205E-02	0.1155E-13
0.1251E-02	0.1155E-13
0.1299E-02	0.1155E-13
0.1349E-02	0.1155E-13
0.1400E-02	0.1155E-13
0.1453E-02	0.1155E-13
0.1509E-02	0.1155E-13
0.1566E-02	0.1155E-13
0.1626E-02	0.1155E-13
0.1688E-02	0.1155E-13
0.1752E-02	0.1155E-13
0.1819E-02	0.1155E-13
0.1888E-02	0.1155E-13
0.1960E-02	0.1155E-13
0.2034E-02	0.1155E-13
0.2112E-02	0.1155E-13
0.2192E-02	0.1155E-13
0.2276E-02	0.1155E-13
0.2362E-02	0.1155E-13
0.2452E-02	0.1155E-13
0.2546E-02	0.1155E-13
0.2643E-02	0.1155E-13
0.2743E-02	0.1155E-13
0.2848E-02	0.1155E-13
0.2956E-02	0.1155E-13
0.3069E-02	0.1155E-13
0.3186E-02	0.1155E-13
0.3307E-02	0.1155E-13
0.3433E-02	0.1155E-13
0.3564E-02	0.1155E-13
0.3700E-02	0.1155E-13
0.3841E-02	0.1155E-13
0.3987E-02	0.1155E-13
0.4139E-02	0.1155E-13
0.4296E-02	0.1155E-13
0.4460E-02	0.1155E-13
0.4630E-02	0.1155E-13
0.4806E-02	0.1155E-13
0.4989E-02	0.1155E-13
0.5179E-02	0.1155E-13
0.5377E-02	0.1155E-13
0.5581E-02	0.1155E-13
0.5794E-02	0.1155E-13
0.6015E-02	0.1155E-13
0.6244E-02	0.1155E-13
0.6481E-02	0.1155E-13
0.6728E-02	0.1155E-13
0.6985E-02	0.1155E-13
0.7251E-02	0.1155E-13
0.7527E-02	0.1155E-13
0.7813E-02	0.1155E-13
0.8111E-02	0.1155E-13
0.8420E-02	0.1155E-13
0.8741E-02	0.1155E-13
0.9073E-02	0.1155E-13
0.9419E-02	0.1155E-13
0.9778E-02	0.1155E-13
0.1015E-01	0.1155E-13
0.1054E-01	0.1155E-13
0.1094E-01	0.1155E-13
0.1135E-01	0.1155E-13
0.1179E-01	0.1155E-13
0.1224E-01	0.1155E-13
0.1270E-01	0.1155E-13
0.1319E-01	0.1155E-13
0.1369E-01	0.1155E-13
0.1421E-01	0.1155E-13
0.1475E-01	0.1155E-13
0.1531E-01	0.1155E-13
0.1590E-01	0.1155E-13
0.1650E-01	0.1155E-13
0.1713E-01	0.1155E-13
0.1778E-01	0.1155E-13
0.1846E-01	0.1155E-13
0.1916E-01	0.1155E-13
0.1989E-01	0.1155E-13
0.2065E-01	0.1155E-13
0.2144E-01	0.1155E-13
0.2225E-01	0.1155E-13
0.2310E-01	0.1155E-13
0.2398E-01	0.1155E-13
0.2489E-01	0.1155E-13
0.2584E-01	0.1155E-13
0.2682E-01	0.1155E-13
0.2785E-01	0.1155E-13
0.2891E-01	0.1155E-13
0.3001E-01	0.1155E-13
0.3115E-01	0.1155E-13
0.3234E-01	0.1155E-13
0.3357E-01	0.1155E-13
0.3485E-01	0.1155E-13
0.3617E-01	0.1155E-13
0.3755E-01	0.1155E-13
0.3898E-01	0.1155E-13
0.4047E-01	0.1155E-13
0.4201E-01	0.1155E-13
0.4361E-01	0.1155E-13
0.4527E-01	0.1155E-13
0.4699E-01	0.1155E-13
0.4878E-01	0.1155E-13
0.5064E-01	0.1155E-13
0.5257E-01	0.1155E-13
0.5457E-01	0.1155E-13
0.5665E-01	0.1155E-13
0.5881E-01	0.1155E-13
0.6105E-01	0.1155E-13
0.6337E-01	0.1155E-13
0.6579E-01	0.1155E-13
0.6829E-01	0.1155E-13
0.7089E-01	0.1155E-13
0.7359E-01	0.1155E-13
0.7640E-01	0.1155E-13
0.7931E-01	0.1155E-13
0.8233E-01	0.1155E-13
0.8546E-01	0.1155E-13
0.8872E-01	0.1155E-13
0.9210E-01	0.1155E-13
0.9560E-01	0.1155E-13
0.9924E-01	0.1155E-13
0.1030	0.1155E-13
0.1069	0.1155E-13
0.1110	0.1155E-13
0.1152	0.1155E-13
0.1196	0.1155E-13
0.1242	0.1155E-13
0.1289	0.1155E-13
0.1338	0.1155E-13
0.1389	0.1155E-13
0.1442	0.1155E-13
0.1497	0.1155E-13
0.1554	0.1155E-13
0.1613	0.1155E-13
0.1675	0.1155E-13
0.1739	0.1155E-13
0.1805	0.1155E-13
0.1874	0.1155E-13
0.1945	0.1155E-13
0.2019	0.1155E-13
0.2096	0.1155E-13
0.2176	0.1155E-13
0.2259	0.1155E-13
0.2345	0.1155E-13
0.2434	0.1155E-13
0.2527	0.1155E-13
0.2623	0.1155E-13
0.2723	0.1155E-13
0.2826	0.1155E-13
0.2934	0.1155E-13
0.3046	0.1155E-13
0.3162	0.1155E-13
0.3282	0.1155E-13
0.3407	0.1155E-13
0.3537	0.1155E-13
0.3672	0.1155E-13
0.3812	0.1155E-13
0.3957	0.1155E-13
0.4107	0.1155E-13
0.4264	0.1155E-13
0.4426	0.1155E-13
0.4595	0.1155E-13
0.4770	0.1155E-13
0.4952	0.1155E-13
0.5140	0.1155E-13
0.5336	0.1155E-13
0.5539	0.1155E-13
0.5750	0.1155E-13
0.5969	0.1155E-13
0.6196	0.1155E-13
0.6432	0.1155E-13
0.6677	0.1155E-13
0.6932	0.1155E-13
0.7196	0.1155E-13
0.7470	0.1155E-13
0.7754	0.1155E-13
0.8050	0.1155E-13
0.8356	0.1156E-13
0.8674	0.1156E-13
0.9005	0.1156E-13
0.9348	0.1156E-13
0.9704	0.1156E-13
1.007	0.1156E-13
1.046	0.1156E-13
1.086	0.1156E-13
1.127	0.1156E-13
1.170	0.1156E-13
1.214	0.1156E-13
1.261	0.1156E-13
1.309	0.1156E-13
1.358	0.1156E-13
1.410	0.1156E-13
1.464	0.1156E-13
1.520	0.1156E-13
1.578	0.1156E-13
1.638	0.1156E-13
1.700	0.1156E-13
1.765	0.1156E-13
1.832	0.1156E-13
1.902	0.1156E-13
1.974	0.1156E-13
2.049	0.1156E-13
2.127	0.1156E-13
2.208	0.1156E-13
2.293	0.1156E-13
2.380	0.1156E-13
2.470	0.1156E-13
2.565	0.1156E-13
2.662	0.1156E-13
2.764	0.1157E-13
2.869	0.1157E-13
2.978	0.1157E-13
3.092	0.1157E-13
3.209	0.1157E-13
3.332	0.1157E-13
3.458	0.1157E-13
3.590	0.1157E-13
3.727	0.1157E-13
3.869	0.1158E-13
4.016	0.1158E-13
4.169	0.1158E-13
4.328	0.1158E-13
4.493	0.1158E-13
4.664	0.1158E-13
4.841	0.1159E-13
5.026	0.1159E-13
5.217	0.1159E-13
5.416	0.1159E-13
5.622	0.1159E-13
5.836	0.1160E-13
6.059	0.1160E-13
6.289	0.1160E-13
6.529	0.1160E-13
6.778	0.1161E-13
7.036	0.1161E-13
7.304	0.1161E-13
7.582	0.1161E-13
7.871	0.1162E-13
8.170	0.1162E-13
8.482	0.1162E-13
8.805	0.1162E-13
9.140	0.1162E-13
9.488	0.1162E-13
9.849	0.1162E-13
10.22	0.1163E-13
10.61	0.1163E-13
11.02	0.1163E-13
11.44	0.1165E-13
11.87	0.1165E-13
12.33	0.1165E-13
12.80	0.1165E-13
13.28	0.1166E-13
13.79	0.1165E-13
14.31	0.1165E-13
14.86	0.1166E-13
15.42	0.1165E-13
16.01	0.1165E-13
16.62	0.1165E-13
17.25	0.1163E-13
17.91	0.1163E-13
18.59	0.1168E-13
19.30	0.1168E-13
20.04	0.1168E-13
20.80	0.1168E-13
21.59	0.1168E-13
22.42	0.1168E-13
23.27	0.1168E-13
24.16	0.1168E-13
25.08	0.1168E-13
26.03	0.1168E-13
27.02	0.1168E-13
28.05	0.1167E-13
29.12	0.1167E-13
30.23	0.1166E-13
31.38	0.1166E-13
32.57	0.1164E-13
33.82	0.1163E-13
35.10	0.1161E-13
36.44	0.1160E-13
37.83	0.1158E-13
39.27	0.1155E-13
40.76	0.1153E-13
42.32	0.1151E-13
43.93	0.1148E-13
45.60	0.1145E-13
47.34	0.1142E-13
49.14	0.1134E-13
51.01	0.1130E-13
52.96	0.1127E-13
54.97	0.1124E-13
57.07	0.1122E-13
59.24	0.1122E-13
61.50	0.1123E-13
63.84	0.1127E-13
66.27	0.1134E-13
68.79	0.1143E-13
71.41	0.1156E-13
74.13	0.1172E-13
76.96	0.1192E-13
79.89	0.1214E-13
82.93	0.1240E-13
86.09	0.1268E-13
89.37	0.1298E-13
92.77	0.1331E-13
96.31	0.1365E-13
99.97	0.1401E-13
103.8	0.1438E-13
107.7	0.1476E-13
111.8	0.1514E-13
116.1	0.1552E-13
120.5	0.1590E-13
125.1	0.1627E-13
129.9	0.1662E-13
134.8	0.1696E-13
140.0	0.1728E-13
145.3	0.1759E-13
150.8	0.1787E-13
156.6	0.1813E-13
162.5	0.1837E-13
168.7	0.1859E-13
175.1	0.1879E-13
181.8	0.1897E-13
188.7	0.1913E-13
195.9	0.1928E-13
203.4	0.1940E-13
211.1	0.1951E-13
219.2	0.1960E-13
227.5	0.1968E-13
236.2	0.1975E-13
245.2	0.1981E-13
254.5	0.1985E-13
264.2	0.1988E-13
274.3	0.1991E-13
284.7	0.1992E-13
295.6	0.1993E-13
306.8	0.1992E-13
318.5	0.1991E-13
330.6	0.1990E-13
343.2	0.1987E-13
356.3	0.1984E-13
369.9	0.1980E-13
384.0	0.1975E-13
398.6	0.1970E-13
413.8	0.1964E-13
429.5	0.1958E-13
445.9	0.1951E-13
462.9	0.1943E-13
480.5	0.1935E-13
498.8	0.1926E-13
517.8	0.1917E-13
537.5	0.1907E-13
558.0	0.1896E-13
579.2	0.1885E-13
601.3	0.1873E-13
624.2	0.1861E-13
648.0	0.1848E-13
672.6	0.1835E-13
698.3	0.1821E-13
724.9	0.1807E-13
752.5	0.1792E-13
781.1	0.1776E-13
810.9	0.1760E-13
841.8	0.1744E-13
873.8	0.1727E-13
907.1	0.1709E-13
941.6	0.1691E-13
977.5	0.1673E-13
1015.	0.1654E-13
1053.	0.1634E-13
1094.	0.1614E-13
1135.	0.1594E-13
1178.	0.1573E-13
1223.	0.1552E-13
1270.	0.1530E-13
1318.	0.1509E-13
1368.	0.1486E-13
1421.	0.1464E-13
1475.	0.1441E-13
1531.	0.1418E-13
1589.	0.1395E-13
1650.	0.1372E-13
1712.	0.1348E-13
1778.	0.1325E-13
1845.	0.1301E-13
1916.	0.1278E-13
1989.	0.1254E-13
2064.	0.1230E-13
2143.	0.1206E-13
2225.	0.1183E-13
2309.	0.1159E-13
2397.	0.1136E-13
2489.	0.1112E-13
2583.	0.1089E-13
2682.	0.1066E-13
2784.	0.1044E-13
2890.	0.1021E-13
3000.	0.9987E-14
 
 
C7    C2H2F4    Excitation    0.37 eV                           
E/N (Td)	Inverse rate coefficient (m2)
0.1000E-02	0.1878E-14
0.1038E-02	0.1878E-14
0.1078E-02	0.1878E-14
0.1119E-02	0.1878E-14
0.1161E-02	0.1878E-14
0.1205E-02	0.1878E-14
0.1251E-02	0.1878E-14
0.1299E-02	0.1878E-14
0.1349E-02	0.1878E-14
0.1400E-02	0.1878E-14
0.1453E-02	0.1878E-14
0.1509E-02	0.1878E-14
0.1566E-02	0.1878E-14
0.1626E-02	0.1878E-14
0.1688E-02	0.1878E-14
0.1752E-02	0.1878E-14
0.1819E-02	0.1878E-14
0.1888E-02	0.1878E-14
0.1960E-02	0.1878E-14
0.2034E-02	0.1878E-14
0.2112E-02	0.1878E-14
0.2192E-02	0.1878E-14
0.2276E-02	0.1878E-14
0.2362E-02	0.1878E-14
0.2452E-02	0.1878E-14
0.2546E-02	0.1878E-14
0.2643E-02	0.1878E-14
0.2743E-02	0.1878E-14
0.2848E-02	0.1878E-14
0.2956E-02	0.1878E-14
0.3069E-02	0.1878E-14
0.3186E-02	0.1878E-14
0.3307E-02	0.1878E-14
0.3433E-02	0.1878E-14
0.3564E-02	0.1878E-14
0.3700E-02	0.1878E-14
0.3841E-02	0.1878E-14
0.3987E-02	0.1878E-14
0.4139E-02	0.1878E-14
0.4296E-02	0.1878E-14
0.4460E-02	0.1878E-14
0.4630E-02	0.1878E-14
0.4806E-02	0.1878E-14
0.4989E-02	0.1878E-14
0.5179E-02	0.1878E-14
0.5377E-02	0.1878E-14
0.5581E-02	0.1878E-14
0.5794E-02	0.1878E-14
0.6015E-02	0.1878E-14
0.6244E-02	0.1878E-14
0.6481E-02	0.1878E-14
0.6728E-02	0.1878E-14
0.6985E-02	0.1878E-14
0.7251E-02	0.1878E-14
0.7527E-02	0.1878E-14
0.7813E-02	0.1878E-14
0.8111E-02	0.1878E-14
0.8420E-02	0.1878E-14
0.8741E-02	0.1878E-14
0.9073E-02	0.1878E-14
0.9419E-02	0.1878E-14
0.9778E-02	0.1878E-14
0.1015E-01	0.1878E-14
0.1054E-01	0.1878E-14
0.1094E-01	0.1878E-14
0.1135E-01	0.1878E-14
0.1179E-01	0.1878E-14
0.1224E-01	0.1878E-14
0.1270E-01	0.1878E-14
0.1319E-01	0.1878E-14
0.1369E-01	0.1878E-14
0.1421E-01	0.1878E-14
0.1475E-01	0.1878E-14
0.1531E-01	0.1878E-14
0.1590E-01	0.1878E-14
0.1650E-01	0.1878E-14
0.1713E-01	0.1878E-14
0.1778E-01	0.1878E-14
0.1846E-01	0.1878E-14
0.1916E-01	0.1878E-14
0.1989E-01	0.1878E-14
0.2065E-01	0.1878E-14
0.2144E-01	0.1878E-14
0.2225E-01	0.1878E-14
0.2310E-01	0.1878E-14
0.2398E-01	0.1878E-14
0.2489E-01	0.1878E-14
0.2584E-01	0.1878E-14
0.2682E-01	0.1878E-14
0.2785E-01	0.1878E-14
0.2891E-01	0.1878E-14
0.3001E-01	0.1878E-14
0.3115E-01	0.1878E-14
0.3234E-01	0.1878E-14
0.3357E-01	0.1878E-14
0.3485E-01	0.1878E-14
0.3617E-01	0.1878E-14
0.3755E-01	0.1878E-14
0.3898E-01	0.1878E-14
0.4047E-01	0.1878E-14
0.4201E-01	0.1878E-14
0.4361E-01	0.1878E-14
0.4527E-01	0.1878E-14
0.4699E-01	0.1878E-14
0.4878E-01	0.1878E-14
0.5064E-01	0.1878E-14
0.5257E-01	0.1878E-14
0.5457E-01	0.1878E-14
0.5665E-01	0.1878E-14
0.5881E-01	0.1878E-14
0.6105E-01	0.1878E-14
0.6337E-01	0.1878E-14
0.6579E-01	0.1878E-14
0.6829E-01	0.1878E-14
0.7089E-01	0.1878E-14
0.7359E-01	0.1878E-14
0.7640E-01	0.1878E-14
0.7931E-01	0.1878E-14
0.8233E-01	0.1878E-14
0.8546E-01	0.1878E-14
0.8872E-01	0.1878E-14
0.9210E-01	0.1878E-14
0.9560E-01	0.1878E-14
0.9924E-01	0.1878E-14
0.1030	0.1878E-14
0.1069	0.1878E-14
0.1110	0.1878E-14
0.1152	0.1878E-14
0.1196	0.1878E-14
0.1242	0.1878E-14
0.1289	0.1878E-14
0.1338	0.1878E-14
0.1389	0.1878E-14
0.1442	0.1878E-14
0.1497	0.1878E-14
0.1554	0.1878E-14
0.1613	0.1878E-14
0.1675	0.1878E-14
0.1739	0.1878E-14
0.1805	0.1878E-14
0.1874	0.1878E-14
0.1945	0.1878E-14
0.2019	0.1878E-14
0.2096	0.1878E-14
0.2176	0.1878E-14
0.2259	0.1878E-14
0.2345	0.1878E-14
0.2434	0.1878E-14
0.2527	0.1878E-14
0.2623	0.1878E-14
0.2723	0.1878E-14
0.2826	0.1878E-14
0.2934	0.1878E-14
0.3046	0.1878E-14
0.3162	0.1878E-14
0.3282	0.1878E-14
0.3407	0.1878E-14
0.3537	0.1878E-14
0.3672	0.1878E-14
0.3812	0.1878E-14
0.3957	0.1878E-14
0.4107	0.1878E-14
0.4264	0.1878E-14
0.4426	0.1878E-14
0.4595	0.1878E-14
0.4770	0.1878E-14
0.4952	0.1878E-14
0.5140	0.1878E-14
0.5336	0.1878E-14
0.5539	0.1878E-14
0.5750	0.1878E-14
0.5969	0.1878E-14
0.6196	0.1878E-14
0.6432	0.1878E-14
0.6677	0.1878E-14
0.6932	0.1878E-14
0.7196	0.1878E-14
0.7470	0.1878E-14
0.7754	0.1878E-14
0.8050	0.1878E-14
0.8356	0.1878E-14
0.8674	0.1878E-14
0.9005	0.1878E-14
0.9348	0.1878E-14
0.9704	0.1878E-14
1.007	0.1878E-14
1.046	0.1878E-14
1.086	0.1878E-14
1.127	0.1878E-14
1.170	0.1878E-14
1.214	0.1878E-14
1.261	0.1878E-14
1.309	0.1878E-14
1.358	0.1878E-14
1.410	0.1878E-14
1.464	0.1878E-14
1.520	0.1878E-14
1.578	0.1878E-14
1.638	0.1878E-14
1.700	0.1878E-14
1.765	0.1878E-14
1.832	0.1879E-14
1.902	0.1879E-14
1.974	0.1879E-14
2.049	0.1879E-14
2.127	0.1879E-14
2.208	0.1879E-14
2.293	0.1879E-14
2.380	0.1879E-14
2.470	0.1879E-14
2.565	0.1880E-14
2.662	0.1880E-14
2.764	0.1880E-14
2.869	0.1880E-14
2.978	0.1880E-14
3.092	0.1881E-14
3.209	0.1881E-14
3.332	0.1881E-14
3.458	0.1881E-14
3.590	0.1882E-14
3.727	0.1882E-14
3.869	0.1882E-14
4.016	0.1883E-14
4.169	0.1883E-14
4.328	0.1884E-14
4.493	0.1884E-14
4.664	0.1885E-14
4.841	0.1885E-14
5.026	0.1886E-14
5.217	0.1886E-14
5.416	0.1887E-14
5.622	0.1888E-14
5.836	0.1888E-14
6.059	0.1889E-14
6.289	0.1890E-14
6.529	0.1890E-14
6.778	0.1891E-14
7.036	0.1892E-14
7.304	0.1893E-14
7.582	0.1894E-14
7.871	0.1894E-14
8.170	0.1895E-14
8.482	0.1896E-14
8.805	0.1897E-14
9.140	0.1898E-14
9.488	0.1899E-14
9.849	0.1900E-14
10.22	0.1901E-14
10.61	0.1902E-14
11.02	0.1903E-14
11.44	0.1905E-14
11.87	0.1907E-14
12.33	0.1908E-14
12.80	0.1909E-14
13.28	0.1910E-14
13.79	0.1911E-14
14.31	0.1913E-14
14.86	0.1914E-14
15.42	0.1915E-14
16.01	0.1916E-14
16.62	0.1917E-14
17.25	0.1917E-14
17.91	0.1918E-14
18.59	0.1924E-14
19.30	0.1925E-14
20.04	0.1927E-14
20.80	0.1928E-14
21.59	0.1930E-14
22.42	0.1932E-14
23.27	0.1933E-14
24.16	0.1935E-14
25.08	0.1937E-14
26.03	0.1939E-14
27.02	0.1940E-14
28.05	0.1942E-14
29.12	0.1944E-14
30.23	0.1945E-14
31.38	0.1947E-14
32.57	0.1947E-14
33.82	0.1949E-14
35.10	0.1951E-14
36.44	0.1953E-14
37.83	0.1954E-14
39.27	0.1953E-14
40.76	0.1955E-14
42.32	0.1958E-14
43.93	0.1959E-14
45.60	0.1962E-14
47.34	0.1966E-14
49.14	0.1969E-14
51.01	0.1976E-14
52.96	0.1986E-14
54.97	0.1998E-14
57.07	0.2014E-14
59.24	0.2033E-14
61.50	0.2057E-14
63.84	0.2084E-14
66.27	0.2117E-14
68.79	0.2154E-14
71.41	0.2195E-14
74.13	0.2240E-14
76.96	0.2290E-14
79.89	0.2342E-14
82.93	0.2397E-14
86.09	0.2455E-14
89.37	0.2514E-14
92.77	0.2576E-14
96.31	0.2639E-14
99.97	0.2702E-14
103.8	0.2767E-14
107.7	0.2831E-14
111.8	0.2894E-14
116.1	0.2957E-14
120.5	0.3018E-14
125.1	0.3076E-14
129.9	0.3133E-14
134.8	0.3186E-14
140.0	0.3236E-14
145.3	0.3283E-14
150.8	0.3326E-14
156.6	0.3365E-14
162.5	0.3401E-14
168.7	0.3433E-14
175.1	0.3461E-14
181.8	0.3487E-14
188.7	0.3509E-14
195.9	0.3529E-14
203.4	0.3545E-14
211.1	0.3559E-14
219.2	0.3571E-14
227.5	0.3580E-14
236.2	0.3588E-14
245.2	0.3593E-14
254.5	0.3597E-14
264.2	0.3599E-14
274.3	0.3600E-14
284.7	0.3599E-14
295.6	0.3596E-14
306.8	0.3593E-14
318.5	0.3588E-14
330.6	0.3582E-14
343.2	0.3575E-14
356.3	0.3567E-14
369.9	0.3557E-14
384.0	0.3547E-14
398.6	0.3536E-14
413.8	0.3524E-14
429.5	0.3511E-14
445.9	0.3497E-14
462.9	0.3482E-14
480.5	0.3466E-14
498.8	0.3449E-14
517.8	0.3431E-14
537.5	0.3412E-14
558.0	0.3393E-14
579.2	0.3373E-14
601.3	0.3351E-14
624.2	0.3329E-14
648.0	0.3306E-14
672.6	0.3282E-14
698.3	0.3257E-14
724.9	0.3232E-14
752.5	0.3205E-14
781.1	0.3178E-14
810.9	0.3149E-14
841.8	0.3120E-14
873.8	0.3090E-14
907.1	0.3060E-14
941.6	0.3028E-14
977.5	0.2996E-14
1015.	0.2963E-14
1053.	0.2929E-14
1094.	0.2895E-14
1135.	0.2860E-14
1178.	0.2824E-14
1223.	0.2788E-14
1270.	0.2751E-14
1318.	0.2714E-14
1368.	0.2676E-14
1421.	0.2638E-14
1475.	0.2599E-14
1531.	0.2560E-14
1589.	0.2521E-14
1650.	0.2481E-14
1712.	0.2441E-14
1778.	0.2401E-14
1845.	0.2361E-14
1916.	0.2321E-14
1989.	0.2281E-14
2064.	0.2241E-14
2143.	0.2201E-14
2225.	0.2161E-14
2309.	0.2121E-14
2397.	0.2082E-14
2489.	0.2042E-14
2583.	0.2003E-14
2682.	0.1965E-14
2784.	0.1926E-14
2890.	0.1888E-14
3000.	0.1851E-14
 
 
C8    C2H2F4    Excitation    0.50 eV                           
E/N (Td)	Inverse rate coefficient (m2)
0.1000E-02	0.7307E-17
0.1038E-02	0.7307E-17
0.1078E-02	0.7307E-17
0.1119E-02	0.7307E-17
0.1161E-02	0.7307E-17
0.1205E-02	0.7307E-17
0.1251E-02	0.7307E-17
0.1299E-02	0.7307E-17
0.1349E-02	0.7307E-17
0.1400E-02	0.7307E-17
0.1453E-02	0.7307E-17
0.1509E-02	0.7307E-17
0.1566E-02	0.7307E-17
0.1626E-02	0.7307E-17
0.1688E-02	0.7307E-17
0.1752E-02	0.7307E-17
0.1819E-02	0.7307E-17
0.1888E-02	0.7307E-17
0.1960E-02	0.7307E-17
0.2034E-02	0.7307E-17
0.2112E-02	0.7307E-17
0.2192E-02	0.7307E-17
0.2276E-02	0.7307E-17
0.2362E-02	0.7307E-17
0.2452E-02	0.7307E-17
0.2546E-02	0.7307E-17
0.2643E-02	0.7307E-17
0.2743E-02	0.7307E-17
0.2848E-02	0.7307E-17
0.2956E-02	0.7307E-17
0.3069E-02	0.7307E-17
0.3186E-02	0.7307E-17
0.3307E-02	0.7307E-17
0.3433E-02	0.7307E-17
0.3564E-02	0.7307E-17
0.3700E-02	0.7307E-17
0.3841E-02	0.7307E-17
0.3987E-02	0.7307E-17
0.4139E-02	0.7307E-17
0.4296E-02	0.7307E-17
0.4460E-02	0.7307E-17
0.4630E-02	0.7307E-17
0.4806E-02	0.7307E-17
0.4989E-02	0.7307E-17
0.5179E-02	0.7307E-17
0.5377E-02	0.7307E-17
0.5581E-02	0.7307E-17
0.5794E-02	0.7307E-17
0.6015E-02	0.7307E-17
0.6244E-02	0.7307E-17
0.6481E-02	0.7307E-17
0.6728E-02	0.7307E-17
0.6985E-02	0.7307E-17
0.7251E-02	0.7307E-17
0.7527E-02	0.7307E-17
0.7813E-02	0.7307E-17
0.8111E-02	0.7307E-17
0.8420E-02	0.7307E-17
0.8741E-02	0.7307E-17
0.9073E-02	0.7307E-17
0.9419E-02	0.7307E-17
0.9778E-02	0.7307E-17
0.1015E-01	0.7307E-17
0.1054E-01	0.7307E-17
0.1094E-01	0.7307E-17
0.1135E-01	0.7307E-17
0.1179E-01	0.7307E-17
0.1224E-01	0.7307E-17
0.1270E-01	0.7307E-17
0.1319E-01	0.7307E-17
0.1369E-01	0.7307E-17
0.1421E-01	0.7307E-17
0.1475E-01	0.7307E-17
0.1531E-01	0.7307E-17
0.1590E-01	0.7307E-17
0.1650E-01	0.7307E-17
0.1713E-01	0.7307E-17
0.1778E-01	0.7307E-17
0.1846E-01	0.7307E-17
0.1916E-01	0.7307E-17
0.1989E-01	0.7307E-17
0.2065E-01	0.7307E-17
0.2144E-01	0.7307E-17
0.2225E-01	0.7307E-17
0.2310E-01	0.7307E-17
0.2398E-01	0.7307E-17
0.2489E-01	0.7307E-17
0.2584E-01	0.7307E-17
0.2682E-01	0.7307E-17
0.2785E-01	0.7307E-17
0.2891E-01	0.7307E-17
0.3001E-01	0.7307E-17
0.3115E-01	0.7307E-17
0.3234E-01	0.7307E-17
0.3357E-01	0.7307E-17
0.3485E-01	0.7307E-17
0.3617E-01	0.7307E-17
0.3755E-01	0.7307E-17
0.3898E-01	0.7307E-17
0.4047E-01	0.7307E-17
0.4201E-01	0.7307E-17
0.4361E-01	0.7307E-17
0.4527E-01	0.7307E-17
0.4699E-01	0.7307E-17
0.4878E-01	0.7307E-17
0.5064E-01	0.7307E-17
0.5257E-01	0.7307E-17
0.5457E-01	0.7307E-17
0.5665E-01	0.7307E-17
0.5881E-01	0.7307E-17
0.6105E-01	0.7307E-17
0.6337E-01	0.7307E-17
0.6579E-01	0.7307E-17
0.6829E-01	0.7307E-17
0.7089E-01	0.7307E-17
0.7359E-01	0.7307E-17
0.7640E-01	0.7307E-17
0.7931E-01	0.7307E-17
0.8233E-01	0.7307E-17
0.8546E-01	0.7307E-17
0.8872E-01	0.7307E-17
0.9210E-01	0.7307E-17
0.9560E-01	0.7307E-17
0.9924E-01	0.7307E-17
0.1030	0.7307E-17
0.1069	0.7307E-17
0.1110	0.7307E-17
0.1152	0.7307E-17
0.1196	0.7307E-17
0.1242	0.7307E-17
0.1289	0.7307E-17
0.1338	0.7307E-17
0.1389	0.7307E-17
0.1442	0.7307E-17
0.1497	0.7307E-17
0.1554	0.7307E-17
0.1613	0.7307E-17
0.1675	0.7307E-17
0.1739	0.7307E-17
0.1805	0.7307E-17
0.1874	0.7307E-17
0.1945	0.7307E-17
0.2019	0.7307E-17
0.2096	0.7307E-17
0.2176	0.7307E-17
0.2259	0.7307E-17
0.2345	0.7307E-17
0.2434	0.7307E-17
0.2527	0.7307E-17
0.2623	0.7307E-17
0.2723	0.7307E-17
0.2826	0.7307E-17
0.2934	0.7307E-17
0.3046	0.7307E-17
0.3162	0.7308E-17
0.3282	0.7308E-17
0.3407	0.7308E-17
0.3537	0.7308E-17
0.3672	0.7308E-17
0.3812	0.7308E-17
0.3957	0.7308E-17
0.4107	0.7308E-17
0.4264	0.7308E-17
0.4426	0.7308E-17
0.4595	0.7308E-17
0.4770	0.7308E-17
0.4952	0.7308E-17
0.5140	0.7308E-17
0.5336	0.7308E-17
0.5539	0.7309E-17
0.5750	0.7309E-17
0.5969	0.7309E-17
0.6196	0.7309E-17
0.6432	0.7309E-17
0.6677	0.7309E-17
0.6932	0.7309E-17
0.7196	0.7310E-17
0.7470	0.7310E-17
0.7754	0.7310E-17
0.8050	0.7310E-17
0.8356	0.7311E-17
0.8674	0.7311E-17
0.9005	0.7311E-17
0.9348	0.7311E-17
0.9704	0.7312E-17
1.007	0.7312E-17
1.046	0.7313E-17
1.086	0.7313E-17
1.127	0.7314E-17
1.170	0.7314E-17
1.214	0.7315E-17
1.261	0.7315E-17
1.309	0.7316E-17
1.358	0.7317E-17
1.410	0.7318E-17
1.464	0.7319E-17
1.520	0.7320E-17
1.578	0.7321E-17
1.638	0.7322E-17
1.700	0.7323E-17
1.765	0.7325E-17
1.832	0.7326E-17
1.902	0.7328E-17
1.974	0.7330E-17
2.049	0.7332E-17
2.127	0.7334E-17
2.208	0.7337E-17
2.293	0.7339E-17
2.380	0.7342E-17
2.470	0.7345E-17
2.565	0.7349E-17
2.662	0.7352E-17
2.764	0.7356E-17
2.869	0.7361E-17
2.978	0.7365E-17
3.092	0.7370E-17
3.209	0.7376E-17
3.332	0.7382E-17
3.458	0.7388E-17
3.590	0.7395E-17
3.727	0.7402E-17
3.869	0.7410E-17
4.016	0.7418E-17
4.169	0.7426E-17
4.328	0.7436E-17
4.493	0.7445E-17
4.664	0.7456E-17
4.841	0.7467E-17
5.026	0.7478E-17
5.217	0.7491E-17
5.416	0.7503E-17
5.622	0.7517E-17
5.836	0.7531E-17
6.059	0.7546E-17
6.289	0.7562E-17
6.529	0.7579E-17
6.778	0.7596E-17
7.036	0.7614E-17
7.304	0.7633E-17
7.582	0.7653E-17
7.871	0.7674E-17
8.170	0.7695E-17
8.482	0.7718E-17
8.805	0.7723E-17
9.140	0.7747E-17
9.488	0.7772E-17
9.849	0.7798E-17
10.22	0.7825E-17
10.61	0.7854E-17
11.02	0.7883E-17
11.44	0.7951E-17
11.87	0.7985E-17
12.33	0.8020E-17
12.80	0.8057E-17
13.28	0.8096E-17
13.79	0.8120E-17
14.31	0.8162E-17
14.86	0.8206E-17
15.42	0.8225E-17
16.01	0.8272E-17
16.62	0.8321E-17
17.25	0.8318E-17
17.91	0.8371E-17
18.59	0.8571E-17
19.30	0.8635E-17
20.04	0.8698E-17
20.80	0.8771E-17
21.59	0.8850E-17
22.42	0.8936E-17
23.27	0.9031E-17
24.16	0.9138E-17
25.08	0.9262E-17
26.03	0.9409E-17
27.02	0.9595E-17
28.05	0.9839E-17
29.12	0.1017E-16
30.23	0.1064E-16
31.38	0.1134E-16
32.57	0.1242E-16
33.82	0.1402E-16
35.10	0.1640E-16
36.44	0.2001E-16
37.83	0.2541E-16
39.27	0.3371E-16
40.76	0.4555E-16
42.32	0.6263E-16
43.93	0.8731E-16
45.60	0.1213E-15
47.34	0.1679E-15
49.14	0.2533E-15
51.01	0.3428E-15
52.96	0.4576E-15
54.97	0.6002E-15
57.07	0.7769E-15
59.24	0.9870E-15
61.50	0.1235E-14
63.84	0.1518E-14
66.27	0.1837E-14
68.79	0.2186E-14
71.41	0.2566E-14
74.13	0.2970E-14
76.96	0.3393E-14
79.89	0.3830E-14
82.93	0.4280E-14
86.09	0.4738E-14
89.37	0.5202E-14
92.77	0.5669E-14
96.31	0.6137E-14
99.97	0.6602E-14
103.8	0.7064E-14
107.7	0.7520E-14
111.8	0.7966E-14
116.1	0.8400E-14
120.5	0.8820E-14
125.1	0.9221E-14
129.9	0.9604E-14
134.8	0.9966E-14
140.0	0.1030E-13
145.3	0.1062E-13
150.8	0.1091E-13
156.6	0.1118E-13
162.5	0.1142E-13
168.7	0.1164E-13
175.1	0.1184E-13
181.8	0.1202E-13
188.7	0.1218E-13
195.9	0.1232E-13
203.4	0.1244E-13
211.1	0.1255E-13
219.2	0.1264E-13
227.5	0.1272E-13
236.2	0.1279E-13
245.2	0.1284E-13
254.5	0.1289E-13
264.2	0.1292E-13
274.3	0.1295E-13
284.7	0.1297E-13
295.6	0.1298E-13
306.8	0.1298E-13
318.5	0.1297E-13
330.6	0.1296E-13
343.2	0.1295E-13
356.3	0.1292E-13
369.9	0.1289E-13
384.0	0.1286E-13
398.6	0.1282E-13
413.8	0.1277E-13
429.5	0.1272E-13
445.9	0.1266E-13
462.9	0.1260E-13
480.5	0.1254E-13
498.8	0.1247E-13
517.8	0.1239E-13
537.5	0.1231E-13
558.0	0.1223E-13
579.2	0.1214E-13
601.3	0.1204E-13
624.2	0.1195E-13
648.0	0.1184E-13
672.6	0.1174E-13
698.3	0.1163E-13
724.9	0.1151E-13
752.5	0.1139E-13
781.1	0.1127E-13
810.9	0.1114E-13
841.8	0.1100E-13
873.8	0.1087E-13
907.1	0.1073E-13
941.6	0.1058E-13
977.5	0.1044E-13
1015.	0.1029E-13
1053.	0.1013E-13
1094.	0.9973E-14
1135.	0.9812E-14
1178.	0.9648E-14
1223.	0.9481E-14
1270.	0.9312E-14
1318.	0.9140E-14
1368.	0.8966E-14
1421.	0.8791E-14
1475.	0.8614E-14
1531.	0.8435E-14
1589.	0.8255E-14
1650.	0.8074E-14
1712.	0.7893E-14
1778.	0.7711E-14
1845.	0.7529E-14
1916.	0.7346E-14
1989.	0.7164E-14
2064.	0.6983E-14
2143.	0.6802E-14
2225.	0.6622E-14
2309.	0.6444E-14
2397.	0.6266E-14
2489.	0.6090E-14
2583.	0.5916E-14
2682.	0.5744E-14
2784.	0.5574E-14
2890.	0.5406E-14
3000.	0.5240E-14
 
 
C9    C2H2F4    Excitation    10.30 eV                          
E/N (Td)	Inverse rate coefficient (m2)
0.1000E-02	0.1883E-15
0.1038E-02	0.1885E-15
0.1078E-02	0.1885E-15
0.1119E-02	0.1885E-15
0.1161E-02	0.1885E-15
0.1205E-02	0.1885E-15
0.1251E-02	0.1885E-15
0.1299E-02	0.1885E-15
0.1349E-02	0.1885E-15
0.1400E-02	0.1885E-15
0.1453E-02	0.1885E-15
0.1509E-02	0.1885E-15
0.1566E-02	0.1885E-15
0.1626E-02	0.1885E-15
0.1688E-02	0.1885E-15
0.1752E-02	0.1885E-15
0.1819E-02	0.1885E-15
0.1888E-02	0.1885E-15
0.1960E-02	0.1885E-15
0.2034E-02	0.1885E-15
0.2112E-02	0.1885E-15
0.2192E-02	0.1885E-15
0.2276E-02	0.1885E-15
0.2362E-02	0.1885E-15
0.2452E-02	0.1885E-15
0.2546E-02	0.1885E-15
0.2643E-02	0.1885E-15
0.2743E-02	0.1885E-15
0.2848E-02	0.1885E-15
0.2956E-02	0.1885E-15
0.3069E-02	0.1885E-15
0.3186E-02	0.1885E-15
0.3307E-02	0.1885E-15
0.3433E-02	0.1885E-15
0.3564E-02	0.1885E-15
0.3700E-02	0.1885E-15
0.3841E-02	0.1885E-15
0.3987E-02	0.1885E-15
0.4139E-02	0.1885E-15
0.4296E-02	0.1885E-15
0.4460E-02	0.1885E-15
0.4630E-02	0.1885E-15
0.4806E-02	0.1885E-15
0.4989E-02	0.1885E-15
0.5179E-02	0.1885E-15
0.5377E-02	0.1885E-15
0.5581E-02	0.1885E-15
0.5794E-02	0.1885E-15
0.6015E-02	0.1885E-15
0.6244E-02	0.1885E-15
0.6481E-02	0.1885E-15
0.6728E-02	0.1885E-15
0.6985E-02	0.1885E-15
0.7251E-02	0.1885E-15
0.7527E-02	0.1885E-15
0.7813E-02	0.1885E-15
0.8111E-02	0.1885E-15
0.8420E-02	0.1885E-15
0.8741E-02	0.1885E-15
0.9073E-02	0.1885E-15
0.9419E-02	0.1885E-15
0.9778E-02	0.1885E-15
0.1015E-01	0.1885E-15
0.1054E-01	0.1885E-15
0.1094E-01	0.1885E-15
0.1135E-01	0.1885E-15
0.1179E-01	0.1885E-15
0.1224E-01	0.1885E-15
0.1270E-01	0.1885E-15
0.1319E-01	0.1885E-15
0.1369E-01	0.1885E-15
0.1421E-01	0.1885E-15
0.1475E-01	0.1885E-15
0.1531E-01	0.1885E-15
0.1590E-01	0.1885E-15
0.1650E-01	0.1885E-15
0.1713E-01	0.1885E-15
0.1778E-01	0.1885E-15
0.1846E-01	0.1885E-15
0.1916E-01	0.1885E-15
0.1989E-01	0.1885E-15
0.2065E-01	0.1885E-15
0.2144E-01	0.1885E-15
0.2225E-01	0.1885E-15
0.2310E-01	0.1885E-15
0.2398E-01	0.1885E-15
0.2489E-01	0.1885E-15
0.2584E-01	0.1885E-15
0.2682E-01	0.1885E-15
0.2785E-01	0.1885E-15
0.2891E-01	0.1885E-15
0.3001E-01	0.1885E-15
0.3115E-01	0.1885E-15
0.3234E-01	0.1885E-15
0.3357E-01	0.1885E-15
0.3485E-01	0.1885E-15
0.3617E-01	0.1885E-15
0.3755E-01	0.1885E-15
0.3898E-01	0.1885E-15
0.4047E-01	0.1885E-15
0.4201E-01	0.1885E-15
0.4361E-01	0.1885E-15
0.4527E-01	0.1885E-15
0.4699E-01	0.1885E-15
0.4878E-01	0.1885E-15
0.5064E-01	0.1885E-15
0.5257E-01	0.1885E-15
0.5457E-01	0.1885E-15
0.5665E-01	0.1885E-15
0.5881E-01	0.1885E-15
0.6105E-01	0.1885E-15
0.6337E-01	0.1885E-15
0.6579E-01	0.1885E-15
0.6829E-01	0.1885E-15
0.7089E-01	0.1885E-15
0.7359E-01	0.1885E-15
0.7640E-01	0.1885E-15
0.7931E-01	0.1885E-15
0.8233E-01	0.1885E-15
0.8546E-01	0.1885E-15
0.8872E-01	0.1885E-15
0.9210E-01	0.1885E-15
0.9560E-01	0.1885E-15
0.9924E-01	0.1885E-15
0.1030	0.1885E-15
0.1069	0.1885E-15
0.1110	0.1885E-15
0.1152	0.1885E-15
0.1196	0.1885E-15
0.1242	0.1885E-15
0.1289	0.1885E-15
0.1338	0.1885E-15
0.1389	0.1885E-15
0.1442	0.1885E-15
0.1497	0.1885E-15
0.1554	0.1885E-15
0.1613	0.1885E-15
0.1675	0.1885E-15
0.1739	0.1885E-15
0.1805	0.1885E-15
0.1874	0.1885E-15
0.1945	0.1885E-15
0.2019	0.1885E-15
0.2096	0.1885E-15
0.2176	0.1885E-15
0.2259	0.1885E-15
0.2345	0.1885E-15
0.2434	0.1885E-15
0.2527	0.1885E-15
0.2623	0.1885E-15
0.2723	0.1885E-15
0.2826	0.1885E-15
0.2934	0.1885E-15
0.3046	0.1885E-15
0.3162	0.1885E-15
0.3282	0.1885E-15
0.3407	0.1885E-15
0.3537	0.1885E-15
0.3672	0.1885E-15
0.3812	0.1885E-15
0.3957	0.1885E-15
0.4107	0.1885E-15
0.4264	0.1885E-15
0.4426	0.1885E-15
0.4595	0.1885E-15
0.4770	0.1885E-15
0.4952	0.1885E-15
0.5140	0.1885E-15
0.5336	0.1885E-15
0.5539	0.1885E-15
0.5750	0.1885E-15
0.5969	0.1885E-15
0.6196	0.1885E-15
0.6432	0.1886E-15
0.6677	0.1886E-15
0.6932	0.1886E-15
0.7196	0.1886E-15
0.7470	0.1886E-15
0.7754	0.1886E-15
0.8050	0.1886E-15
0.8356	0.1886E-15
0.8674	0.1886E-15
0.9005	0.1886E-15
0.9348	0.1886E-15
0.9704	0.1886E-15
1.007	0.1886E-15
1.046	0.1887E-15
1.086	0.1887E-15
1.127	0.1887E-15
1.170	0.1887E-15
1.214	0.1887E-15
1.261	0.1887E-15
1.309	0.1888E-15
1.358	0.1888E-15
1.410	0.1888E-15
1.464	0.1888E-15
1.520	0.1889E-15
1.578	0.1889E-15
1.638	0.1889E-15
1.700	0.1890E-15
1.765	0.1890E-15
1.832	0.1890E-15
1.902	0.1891E-15
1.974	0.1892E-15
2.049	0.1892E-15
2.127	0.1893E-15
2.208	0.1894E-15
2.293	0.1894E-15
2.380	0.1895E-15
2.470	0.1896E-15
2.565	0.1897E-15
2.662	0.1898E-15
2.764	0.1899E-15
2.869	0.1901E-15
2.978	0.1902E-15
3.092	0.1904E-15
3.209	0.1905E-15
3.332	0.1907E-15
3.458	0.1909E-15
3.590	0.1911E-15
3.727	0.1913E-15
3.869	0.1915E-15
4.016	0.1918E-15
4.169	0.1920E-15
4.328	0.1923E-15
4.493	0.1926E-15
4.664	0.1929E-15
4.841	0.1932E-15
5.026	0.1935E-15
5.217	0.1939E-15
5.416	0.1943E-15
5.622	0.1946E-15
5.836	0.1951E-15
6.059	0.1955E-15
6.289	0.1959E-15
6.529	0.1964E-15
6.778	0.1969E-15
7.036	0.1974E-15
7.304	0.1980E-15
7.582	0.1985E-15
7.871	0.1991E-15
8.170	0.1997E-15
8.482	0.2003E-15
8.805	0.2005E-15
9.140	0.2012E-15
9.488	0.2019E-15
9.849	0.2026E-15
10.22	0.2033E-15
10.61	0.2041E-15
11.02	0.2049E-15
11.44	0.2069E-15
11.87	0.2078E-15
12.33	0.2088E-15
12.80	0.2098E-15
13.28	0.2108E-15
13.79	0.2115E-15
14.31	0.2126E-15
14.86	0.2137E-15
15.42	0.2143E-15
16.01	0.2154E-15
16.62	0.2167E-15
17.25	0.2166E-15
17.91	0.2179E-15
18.59	0.2231E-15
19.30	0.2247E-15
20.04	0.2263E-15
20.80	0.2281E-15
21.59	0.2300E-15
22.42	0.2319E-15
23.27	0.2340E-15
24.16	0.2363E-15
25.08	0.2387E-15
26.03	0.2412E-15
27.02	0.2439E-15
28.05	0.2470E-15
29.12	0.2502E-15
30.23	0.2535E-15
31.38	0.2576E-15
32.57	0.2618E-15
33.82	0.2671E-15
35.10	0.2727E-15
36.44	0.2798E-15
37.83	0.2882E-15
39.27	0.2970E-15
40.76	0.3093E-15
42.32	0.3241E-15
43.93	0.3426E-15
45.60	0.3646E-15
47.34	0.3915E-15
49.14	0.4405E-15
51.01	0.4824E-15
52.96	0.5320E-15
54.97	0.5891E-15
57.07	0.6555E-15
59.24	0.7297E-15
61.50	0.8130E-15
63.84	0.9027E-15
66.27	0.9998E-15
68.79	0.1101E-14
71.41	0.1206E-14
74.13	0.1314E-14
76.96	0.1422E-14
79.89	0.1528E-14
82.93	0.1633E-14
86.09	0.1736E-14
89.37	0.1834E-14
92.77	0.1929E-14
96.31	0.2019E-14
99.97	0.2104E-14
103.8	0.2184E-14
107.7	0.2260E-14
111.8	0.2330E-14
116.1	0.2395E-14
120.5	0.2454E-14
125.1	0.2509E-14
129.9	0.2559E-14
134.8	0.2605E-14
140.0	0.2646E-14
145.3	0.2683E-14
150.8	0.2716E-14
156.6	0.2746E-14
162.5	0.2772E-14
168.7	0.2796E-14
175.1	0.2816E-14
181.8	0.2835E-14
188.7	0.2851E-14
195.9	0.2866E-14
203.4	0.2878E-14
211.1	0.2889E-14
219.2	0.2899E-14
227.5	0.2907E-14
236.2	0.2914E-14
245.2	0.2920E-14
254.5	0.2925E-14
264.2	0.2929E-14
274.3	0.2933E-14
284.7	0.2935E-14
295.6	0.2937E-14
306.8	0.2938E-14
318.5	0.2939E-14
330.6	0.2938E-14
343.2	0.2938E-14
356.3	0.2936E-14
369.9	0.2934E-14
384.0	0.2932E-14
398.6	0.2929E-14
413.8	0.2925E-14
429.5	0.2921E-14
445.9	0.2917E-14
462.9	0.2912E-14
480.5	0.2906E-14
498.8	0.2900E-14
517.8	0.2893E-14
537.5	0.2886E-14
558.0	0.2878E-14
579.2	0.2870E-14
601.3	0.2861E-14
624.2	0.2852E-14
648.0	0.2842E-14
672.6	0.2831E-14
698.3	0.2820E-14
724.9	0.2808E-14
752.5	0.2796E-14
781.1	0.2783E-14
810.9	0.2769E-14
841.8	0.2755E-14
873.8	0.2740E-14
907.1	0.2724E-14
941.6	0.2708E-14
977.5	0.2691E-14
1015.	0.2674E-14
1053.	0.2656E-14
1094.	0.2637E-14
1135.	0.2617E-14
1178.	0.2597E-14
1223.	0.2576E-14
1270.	0.2555E-14
1318.	0.2533E-14
1368.	0.2510E-14
1421.	0.2487E-14
1475.	0.2463E-14
1531.	0.2438E-14
1589.	0.2413E-14
1650.	0.2387E-14
1712.	0.2361E-14
1778.	0.2334E-14
1845.	0.2307E-14
1916.	0.2279E-14
1989.	0.2251E-14
2064.	0.2222E-14
2143.	0.2193E-14
2225.	0.2163E-14
2309.	0.2133E-14
2397.	0.2103E-14
2489.	0.2072E-14
2583.	0.2041E-14
2682.	0.2010E-14
2784.	0.1978E-14
2890.	0.1947E-14
3000.	0.1915E-14
 
 
C10   C2H2F4    Excitation    10.40 eV                          
E/N (Td)	Inverse rate coefficient (m2)
0.1000E-02	0.4108E-16
0.1038E-02	0.4112E-16
0.1078E-02	0.4112E-16
0.1119E-02	0.4112E-16
0.1161E-02	0.4112E-16
0.1205E-02	0.4112E-16
0.1251E-02	0.4112E-16
0.1299E-02	0.4112E-16
0.1349E-02	0.4112E-16
0.1400E-02	0.4112E-16
0.1453E-02	0.4112E-16
0.1509E-02	0.4112E-16
0.1566E-02	0.4112E-16
0.1626E-02	0.4112E-16
0.1688E-02	0.4112E-16
0.1752E-02	0.4112E-16
0.1819E-02	0.4112E-16
0.1888E-02	0.4112E-16
0.1960E-02	0.4112E-16
0.2034E-02	0.4112E-16
0.2112E-02	0.4112E-16
0.2192E-02	0.4112E-16
0.2276E-02	0.4112E-16
0.2362E-02	0.4112E-16
0.2452E-02	0.4112E-16
0.2546E-02	0.4112E-16
0.2643E-02	0.4112E-16
0.2743E-02	0.4112E-16
0.2848E-02	0.4112E-16
0.2956E-02	0.4112E-16
0.3069E-02	0.4112E-16
0.3186E-02	0.4112E-16
0.3307E-02	0.4112E-16
0.3433E-02	0.4112E-16
0.3564E-02	0.4112E-16
0.3700E-02	0.4112E-16
0.3841E-02	0.4112E-16
0.3987E-02	0.4112E-16
0.4139E-02	0.4112E-16
0.4296E-02	0.4112E-16
0.4460E-02	0.4112E-16
0.4630E-02	0.4112E-16
0.4806E-02	0.4112E-16
0.4989E-02	0.4112E-16
0.5179E-02	0.4112E-16
0.5377E-02	0.4112E-16
0.5581E-02	0.4112E-16
0.5794E-02	0.4112E-16
0.6015E-02	0.4112E-16
0.6244E-02	0.4112E-16
0.6481E-02	0.4112E-16
0.6728E-02	0.4112E-16
0.6985E-02	0.4112E-16
0.7251E-02	0.4112E-16
0.7527E-02	0.4112E-16
0.7813E-02	0.4112E-16
0.8111E-02	0.4112E-16
0.8420E-02	0.4112E-16
0.8741E-02	0.4112E-16
0.9073E-02	0.4112E-16
0.9419E-02	0.4112E-16
0.9778E-02	0.4112E-16
0.1015E-01	0.4112E-16
0.1054E-01	0.4112E-16
0.1094E-01	0.4112E-16
0.1135E-01	0.4112E-16
0.1179E-01	0.4112E-16
0.1224E-01	0.4112E-16
0.1270E-01	0.4112E-16
0.1319E-01	0.4112E-16
0.1369E-01	0.4112E-16
0.1421E-01	0.4112E-16
0.1475E-01	0.4112E-16
0.1531E-01	0.4112E-16
0.1590E-01	0.4112E-16
0.1650E-01	0.4112E-16
0.1713E-01	0.4112E-16
0.1778E-01	0.4112E-16
0.1846E-01	0.4112E-16
0.1916E-01	0.4112E-16
0.1989E-01	0.4112E-16
0.2065E-01	0.4112E-16
0.2144E-01	0.4112E-16
0.2225E-01	0.4112E-16
0.2310E-01	0.4112E-16
0.2398E-01	0.4112E-16
0.2489E-01	0.4112E-16
0.2584E-01	0.4112E-16
0.2682E-01	0.4112E-16
0.2785E-01	0.4112E-16
0.2891E-01	0.4112E-16
0.3001E-01	0.4112E-16
0.3115E-01	0.4112E-16
0.3234E-01	0.4112E-16
0.3357E-01	0.4112E-16
0.3485E-01	0.4112E-16
0.3617E-01	0.4112E-16
0.3755E-01	0.4112E-16
0.3898E-01	0.4112E-16
0.4047E-01	0.4112E-16
0.4201E-01	0.4112E-16
0.4361E-01	0.4112E-16
0.4527E-01	0.4112E-16
0.4699E-01	0.4112E-16
0.4878E-01	0.4112E-16
0.5064E-01	0.4112E-16
0.5257E-01	0.4112E-16
0.5457E-01	0.4112E-16
0.5665E-01	0.4112E-16
0.5881E-01	0.4112E-16
0.6105E-01	0.4112E-16
0.6337E-01	0.4112E-16
0.6579E-01	0.4112E-16
0.6829E-01	0.4112E-16
0.7089E-01	0.4112E-16
0.7359E-01	0.4112E-16
0.7640E-01	0.4112E-16
0.7931E-01	0.4112E-16
0.8233E-01	0.4112E-16
0.8546E-01	0.4112E-16
0.8872E-01	0.4112E-16
0.9210E-01	0.4112E-16
0.9560E-01	0.4112E-16
0.9924E-01	0.4112E-16
0.1030	0.4112E-16
0.1069	0.4112E-16
0.1110	0.4112E-16
0.1152	0.4112E-16
0.1196	0.4112E-16
0.1242	0.4112E-16
0.1289	0.4112E-16
0.1338	0.4112E-16
0.1389	0.4112E-16
0.1442	0.4112E-16
0.1497	0.4112E-16
0.1554	0.4112E-16
0.1613	0.4112E-16
0.1675	0.4112E-16
0.1739	0.4112E-16
0.1805	0.4112E-16
0.1874	0.4112E-16
0.1945	0.4112E-16
0.2019	0.4112E-16
0.2096	0.4112E-16
0.2176	0.4112E-16
0.2259	0.4112E-16
0.2345	0.4112E-16
0.2434	0.4112E-16
0.2527	0.4112E-16
0.2623	0.4112E-16
0.2723	0.4112E-16
0.2826	0.4112E-16
0.2934	0.4112E-16
0.3046	0.4112E-16
0.3162	0.4112E-16
0.3282	0.4112E-16
0.3407	0.4112E-16
0.3537	0.4112E-16
0.3672	0.4112E-16
0.3812	0.4112E-16
0.3957	0.4112E-16
0.4107	0.4112E-16
0.4264	0.4112E-16
0.4426	0.4112E-16
0.4595	0.4112E-16
0.4770	0.4112E-16
0.4952	0.4112E-16
0.5140	0.4112E-16
0.5336	0.4112E-16
0.5539	0.4112E-16
0.5750	0.4112E-16
0.5969	0.4112E-16
0.6196	0.4112E-16
0.6432	0.4113E-16
0.6677	0.4113E-16
0.6932	0.4113E-16
0.7196	0.4113E-16
0.7470	0.4113E-16
0.7754	0.4113E-16
0.8050	0.4113E-16
0.8356	0.4113E-16
0.8674	0.4113E-16
0.9005	0.4113E-16
0.9348	0.4114E-16
0.9704	0.4114E-16
1.007	0.4114E-16
1.046	0.4114E-16
1.086	0.4114E-16
1.127	0.4115E-16
1.170	0.4115E-16
1.214	0.4115E-16
1.261	0.4115E-16
1.309	0.4116E-16
1.358	0.4116E-16
1.410	0.4117E-16
1.464	0.4117E-16
1.520	0.4117E-16
1.578	0.4118E-16
1.638	0.4119E-16
1.700	0.4119E-16
1.765	0.4120E-16
1.832	0.4121E-16
1.902	0.4121E-16
1.974	0.4122E-16
2.049	0.4123E-16
2.127	0.4124E-16
2.208	0.4126E-16
2.293	0.4127E-16
2.380	0.4128E-16
2.470	0.4130E-16
2.565	0.4132E-16
2.662	0.4133E-16
2.764	0.4135E-16
2.869	0.4137E-16
2.978	0.4140E-16
3.092	0.4142E-16
3.209	0.4145E-16
3.332	0.4148E-16
3.458	0.4151E-16
3.590	0.4154E-16
3.727	0.4157E-16
3.869	0.4161E-16
4.016	0.4165E-16
4.169	0.4169E-16
4.328	0.4173E-16
4.493	0.4178E-16
4.664	0.4183E-16
4.841	0.4188E-16
5.026	0.4194E-16
5.217	0.4200E-16
5.416	0.4206E-16
5.622	0.4212E-16
5.836	0.4219E-16
6.059	0.4226E-16
6.289	0.4233E-16
6.529	0.4241E-16
6.778	0.4249E-16
7.036	0.4257E-16
7.304	0.4266E-16
7.582	0.4275E-16
7.871	0.4284E-16
8.170	0.4294E-16
8.482	0.4304E-16
8.805	0.4307E-16
9.140	0.4318E-16
9.488	0.4328E-16
9.849	0.4340E-16
10.22	0.4352E-16
10.61	0.4365E-16
11.02	0.4378E-16
11.44	0.4411E-16
11.87	0.4426E-16
12.33	0.4441E-16
12.80	0.4457E-16
13.28	0.4474E-16
13.79	0.4484E-16
14.31	0.4502E-16
14.86	0.4520E-16
15.42	0.4528E-16
16.01	0.4548E-16
16.62	0.4568E-16
17.25	0.4565E-16
17.91	0.4587E-16
18.59	0.4670E-16
19.30	0.4696E-16
20.04	0.4721E-16
20.80	0.4750E-16
21.59	0.4780E-16
22.42	0.4810E-16
23.27	0.4844E-16
24.16	0.4880E-16
25.08	0.4919E-16
26.03	0.4957E-16
27.02	0.5001E-16
28.05	0.5050E-16
29.12	0.5100E-16
30.23	0.5158E-16
31.38	0.5218E-16
32.57	0.5282E-16
33.82	0.5367E-16
35.10	0.5457E-16
36.44	0.5568E-16
37.83	0.5697E-16
39.27	0.5833E-16
40.76	0.6019E-16
42.32	0.6243E-16
43.93	0.6519E-16
45.60	0.6845E-16
47.34	0.7237E-16
49.14	0.7948E-16
51.01	0.8545E-16
52.96	0.9242E-16
54.97	0.1004E-15
57.07	0.1095E-15
59.24	0.1196E-15
61.50	0.1309E-15
63.84	0.1429E-15
66.27	0.1558E-15
68.79	0.1693E-15
71.41	0.1833E-15
74.13	0.1976E-15
76.96	0.2120E-15
79.89	0.2264E-15
82.93	0.2408E-15
86.09	0.2551E-15
89.37	0.2692E-15
92.77	0.2830E-15
96.31	0.2967E-15
99.97	0.3100E-15
103.8	0.3231E-15
107.7	0.3359E-15
111.8	0.3484E-15
116.1	0.3605E-15
120.5	0.3723E-15
125.1	0.3838E-15
129.9	0.3948E-15
134.8	0.4055E-15
140.0	0.4158E-15
145.3	0.4257E-15
150.8	0.4352E-15
156.6	0.4443E-15
162.5	0.4530E-15
168.7	0.4613E-15
175.1	0.4693E-15
181.8	0.4770E-15
188.7	0.4844E-15
195.9	0.4915E-15
203.4	0.4983E-15
211.1	0.5048E-15
219.2	0.5112E-15
227.5	0.5173E-15
236.2	0.5233E-15
245.2	0.5291E-15
254.5	0.5348E-15
264.2	0.5403E-15
274.3	0.5457E-15
284.7	0.5510E-15
295.6	0.5562E-15
306.8	0.5613E-15
318.5	0.5664E-15
330.6	0.5714E-15
343.2	0.5764E-15
356.3	0.5814E-15
369.9	0.5863E-15
384.0	0.5912E-15
398.6	0.5961E-15
413.8	0.6010E-15
429.5	0.6059E-15
445.9	0.6108E-15
462.9	0.6158E-15
480.5	0.6207E-15
498.8	0.6257E-15
517.8	0.6308E-15
537.5	0.6358E-15
558.0	0.6410E-15
579.2	0.6461E-15
601.3	0.6514E-15
624.2	0.6567E-15
648.0	0.6621E-15
672.6	0.6675E-15
698.3	0.6730E-15
724.9	0.6786E-15
752.5	0.6843E-15
781.1	0.6900E-15
810.9	0.6959E-15
841.8	0.7018E-15
873.8	0.7079E-15
907.1	0.7140E-15
941.6	0.7202E-15
977.5	0.7266E-15
1015.	0.7330E-15
1053.	0.7396E-15
1094.	0.7462E-15
1135.	0.7530E-15
1178.	0.7598E-15
1223.	0.7668E-15
1270.	0.7739E-15
1318.	0.7810E-15
1368.	0.7883E-15
1421.	0.7957E-15
1475.	0.8032E-15
1531.	0.8108E-15
1589.	0.8185E-15
1650.	0.8263E-15
1712.	0.8342E-15
1778.	0.8422E-15
1845.	0.8502E-15
1916.	0.8584E-15
1989.	0.8666E-15
2064.	0.8750E-15
2143.	0.8834E-15
2225.	0.8919E-15
2309.	0.9004E-15
2397.	0.9091E-15
2489.	0.9177E-15
2583.	0.9265E-15
2682.	0.9353E-15
2784.	0.9442E-15
2890.	0.9531E-15
3000.	0.9620E-15
 
 
C11   C2H2F4    Excitation    11.70 eV                          
E/N (Td)	Inverse rate coefficient (m2)
0.1000E-02	0.3742E-15
0.1038E-02	0.3745E-15
0.1078E-02	0.3745E-15
0.1119E-02	0.3745E-15
0.1161E-02	0.3745E-15
0.1205E-02	0.3745E-15
0.1251E-02	0.3745E-15
0.1299E-02	0.3745E-15
0.1349E-02	0.3745E-15
0.1400E-02	0.3745E-15
0.1453E-02	0.3745E-15
0.1509E-02	0.3745E-15
0.1566E-02	0.3745E-15
0.1626E-02	0.3745E-15
0.1688E-02	0.3745E-15
0.1752E-02	0.3745E-15
0.1819E-02	0.3745E-15
0.1888E-02	0.3745E-15
0.1960E-02	0.3745E-15
0.2034E-02	0.3745E-15
0.2112E-02	0.3745E-15
0.2192E-02	0.3745E-15
0.2276E-02	0.3745E-15
0.2362E-02	0.3745E-15
0.2452E-02	0.3745E-15
0.2546E-02	0.3745E-15
0.2643E-02	0.3745E-15
0.2743E-02	0.3745E-15
0.2848E-02	0.3745E-15
0.2956E-02	0.3745E-15
0.3069E-02	0.3745E-15
0.3186E-02	0.3745E-15
0.3307E-02	0.3745E-15
0.3433E-02	0.3745E-15
0.3564E-02	0.3745E-15
0.3700E-02	0.3745E-15
0.3841E-02	0.3745E-15
0.3987E-02	0.3745E-15
0.4139E-02	0.3745E-15
0.4296E-02	0.3745E-15
0.4460E-02	0.3745E-15
0.4630E-02	0.3745E-15
0.4806E-02	0.3745E-15
0.4989E-02	0.3745E-15
0.5179E-02	0.3745E-15
0.5377E-02	0.3745E-15
0.5581E-02	0.3745E-15
0.5794E-02	0.3745E-15
0.6015E-02	0.3745E-15
0.6244E-02	0.3745E-15
0.6481E-02	0.3745E-15
0.6728E-02	0.3745E-15
0.6985E-02	0.3745E-15
0.7251E-02	0.3745E-15
0.7527E-02	0.3745E-15
0.7813E-02	0.3745E-15
0.8111E-02	0.3745E-15
0.8420E-02	0.3745E-15
0.8741E-02	0.3745E-15
0.9073E-02	0.3745E-15
0.9419E-02	0.3745E-15
0.9778E-02	0.3745E-15
0.1015E-01	0.3745E-15
0.1054E-01	0.3745E-15
0.1094E-01	0.3745E-15
0.1135E-01	0.3745E-15
0.1179E-01	0.3745E-15
0.1224E-01	0.3745E-15
0.1270E-01	0.3745E-15
0.1319E-01	0.3745E-15
0.1369E-01	0.3745E-15
0.1421E-01	0.3745E-15
0.1475E-01	0.3745E-15
0.1531E-01	0.3745E-15
0.1590E-01	0.3745E-15
0.1650E-01	0.3745E-15
0.1713E-01	0.3745E-15
0.1778E-01	0.3745E-15
0.1846E-01	0.3745E-15
0.1916E-01	0.3745E-15
0.1989E-01	0.3745E-15
0.2065E-01	0.3745E-15
0.2144E-01	0.3745E-15
0.2225E-01	0.3745E-15
0.2310E-01	0.3745E-15
0.2398E-01	0.3745E-15
0.2489E-01	0.3745E-15
0.2584E-01	0.3745E-15
0.2682E-01	0.3745E-15
0.2785E-01	0.3745E-15
0.2891E-01	0.3745E-15
0.3001E-01	0.3745E-15
0.3115E-01	0.3745E-15
0.3234E-01	0.3745E-15
0.3357E-01	0.3745E-15
0.3485E-01	0.3745E-15
0.3617E-01	0.3745E-15
0.3755E-01	0.3745E-15
0.3898E-01	0.3745E-15
0.4047E-01	0.3745E-15
0.4201E-01	0.3745E-15
0.4361E-01	0.3745E-15
0.4527E-01	0.3745E-15
0.4699E-01	0.3745E-15
0.4878E-01	0.3745E-15
0.5064E-01	0.3745E-15
0.5257E-01	0.3745E-15
0.5457E-01	0.3745E-15
0.5665E-01	0.3745E-15
0.5881E-01	0.3745E-15
0.6105E-01	0.3745E-15
0.6337E-01	0.3745E-15
0.6579E-01	0.3745E-15
0.6829E-01	0.3745E-15
0.7089E-01	0.3745E-15
0.7359E-01	0.3745E-15
0.7640E-01	0.3745E-15
0.7931E-01	0.3745E-15
0.8233E-01	0.3745E-15
0.8546E-01	0.3745E-15
0.8872E-01	0.3745E-15
0.9210E-01	0.3745E-15
0.9560E-01	0.3745E-15
0.9924E-01	0.3745E-15
0.1030	0.3745E-15
0.1069	0.3745E-15
0.1110	0.3745E-15
0.1152	0.3745E-15
0.1196	0.3745E-15
0.1242	0.3745E-15
0.1289	0.3745E-15
0.1338	0.3746E-15
0.1389	0.3746E-15
0.1442	0.3746E-15
0.1497	0.3746E-15
0.1554	0.3746E-15
0.1613	0.3746E-15
0.1675	0.3746E-15
0.1739	0.3746E-15
0.1805	0.3746E-15
0.1874	0.3746E-15
0.1945	0.3746E-15
0.2019	0.3746E-15
0.2096	0.3746E-15
0.2176	0.3746E-15
0.2259	0.3746E-15
0.2345	0.3746E-15
0.2434	0.3746E-15
0.2527	0.3746E-15
0.2623	0.3746E-15
0.2723	0.3746E-15
0.2826	0.3746E-15
0.2934	0.3746E-15
0.3046	0.3746E-15
0.3162	0.3746E-15
0.3282	0.3746E-15
0.3407	0.3746E-15
0.3537	0.3746E-15
0.3672	0.3746E-15
0.3812	0.3746E-15
0.3957	0.3746E-15
0.4107	0.3746E-15
0.4264	0.3746E-15
0.4426	0.3746E-15
0.4595	0.3746E-15
0.4770	0.3746E-15
0.4952	0.3746E-15
0.5140	0.3746E-15
0.5336	0.3746E-15
0.5539	0.3746E-15
0.5750	0.3746E-15
0.5969	0.3747E-15
0.6196	0.3747E-15
0.6432	0.3747E-15
0.6677	0.3747E-15
0.6932	0.3747E-15
0.7196	0.3747E-15
0.7470	0.3747E-15
0.7754	0.3747E-15
0.8050	0.3748E-15
0.8356	0.3748E-15
0.8674	0.3748E-15
0.9005	0.3748E-15
0.9348	0.3748E-15
0.9704	0.3749E-15
1.007	0.3749E-15
1.046	0.3749E-15
1.086	0.3749E-15
1.127	0.3750E-15
1.170	0.3750E-15
1.214	0.3750E-15
1.261	0.3751E-15
1.309	0.3751E-15
1.358	0.3752E-15
1.410	0.3752E-15
1.464	0.3753E-15
1.520	0.3754E-15
1.578	0.3754E-15
1.638	0.3755E-15
1.700	0.3756E-15
1.765	0.3757E-15
1.832	0.3758E-15
1.902	0.3759E-15
1.974	0.3761E-15
2.049	0.3762E-15
2.127	0.3764E-15
2.208	0.3765E-15
2.293	0.3767E-15
2.380	0.3769E-15
2.470	0.3771E-15
2.565	0.3773E-15
2.662	0.3776E-15
2.764	0.3779E-15
2.869	0.3782E-15
2.978	0.3785E-15
3.092	0.3788E-15
3.209	0.3792E-15
3.332	0.3796E-15
3.458	0.3800E-15
3.590	0.3805E-15
3.727	0.3810E-15
3.869	0.3815E-15
4.016	0.3820E-15
4.169	0.3826E-15
4.328	0.3832E-15
4.493	0.3839E-15
4.664	0.3846E-15
4.841	0.3853E-15
5.026	0.3861E-15
5.217	0.3869E-15
5.416	0.3878E-15
5.622	0.3887E-15
5.836	0.3897E-15
6.059	0.3907E-15
6.289	0.3917E-15
6.529	0.3928E-15
6.778	0.3939E-15
7.036	0.3951E-15
7.304	0.3964E-15
7.582	0.3977E-15
7.871	0.3990E-15
8.170	0.4004E-15
8.482	0.4019E-15
8.805	0.4023E-15
9.140	0.4038E-15
9.488	0.4054E-15
9.849	0.4071E-15
10.22	0.4088E-15
10.61	0.4105E-15
11.02	0.4124E-15
11.44	0.4169E-15
11.87	0.4190E-15
12.33	0.4211E-15
12.80	0.4234E-15
13.28	0.4258E-15
13.79	0.4274E-15
14.31	0.4300E-15
14.86	0.4325E-15
15.42	0.4338E-15
16.01	0.4366E-15
16.62	0.4395E-15
17.25	0.4390E-15
17.91	0.4421E-15
18.59	0.4541E-15
19.30	0.4577E-15
20.04	0.4617E-15
20.80	0.4657E-15
21.59	0.4700E-15
22.42	0.4746E-15
23.27	0.4794E-15
24.16	0.4845E-15
25.08	0.4900E-15
26.03	0.4956E-15
27.02	0.5019E-15
28.05	0.5087E-15
29.12	0.5153E-15
30.23	0.5235E-15
31.38	0.5326E-15
32.57	0.5410E-15
33.82	0.5527E-15
35.10	0.5690E-15
36.44	0.5804E-15
37.83	0.5978E-15
39.27	0.6354E-15
40.76	0.6412E-15
42.32	0.6711E-15
43.93	0.7075E-15
45.60	0.7500E-15
47.34	0.8005E-15
49.14	0.8920E-15
51.01	0.9665E-15
52.96	0.1052E-14
54.97	0.1148E-14
57.07	0.1256E-14
59.24	0.1373E-14
61.50	0.1500E-14
63.84	0.1632E-14
66.27	0.1769E-14
68.79	0.1907E-14
71.41	0.2045E-14
74.13	0.2180E-14
76.96	0.2310E-14
79.89	0.2431E-14
82.93	0.2546E-14
86.09	0.2652E-14
89.37	0.2749E-14
92.77	0.2838E-14
96.31	0.2918E-14
99.97	0.2989E-14
103.8	0.3054E-14
107.7	0.3111E-14
111.8	0.3162E-14
116.1	0.3207E-14
120.5	0.3247E-14
125.1	0.3281E-14
129.9	0.3312E-14
134.8	0.3338E-14
140.0	0.3361E-14
145.3	0.3381E-14
150.8	0.3399E-14
156.6	0.3413E-14
162.5	0.3426E-14
168.7	0.3437E-14
175.1	0.3446E-14
181.8	0.3454E-14
188.7	0.3460E-14
195.9	0.3465E-14
203.4	0.3470E-14
211.1	0.3473E-14
219.2	0.3475E-14
227.5	0.3477E-14
236.2	0.3478E-14
245.2	0.3479E-14
254.5	0.3478E-14
264.2	0.3478E-14
274.3	0.3476E-14
284.7	0.3475E-14
295.6	0.3473E-14
306.8	0.3470E-14
318.5	0.3467E-14
330.6	0.3464E-14
343.2	0.3460E-14
356.3	0.3455E-14
369.9	0.3451E-14
384.0	0.3446E-14
398.6	0.3440E-14
413.8	0.3434E-14
429.5	0.3428E-14
445.9	0.3421E-14
462.9	0.3414E-14
480.5	0.3406E-14
498.8	0.3398E-14
517.8	0.3389E-14
537.5	0.3380E-14
558.0	0.3371E-14
579.2	0.3361E-14
601.3	0.3350E-14
624.2	0.3339E-14
648.0	0.3327E-14
672.6	0.3315E-14
698.3	0.3302E-14
724.9	0.3288E-14
752.5	0.3274E-14
781.1	0.3260E-14
810.9	0.3244E-14
841.8	0.3228E-14
873.8	0.3212E-14
907.1	0.3194E-14
941.6	0.3176E-14
977.5	0.3158E-14
1015.	0.3138E-14
1053.	0.3118E-14
1094.	0.3097E-14
1135.	0.3076E-14
1178.	0.3053E-14
1223.	0.3030E-14
1270.	0.3006E-14
1318.	0.2982E-14
1368.	0.2957E-14
1421.	0.2931E-14
1475.	0.2904E-14
1531.	0.2877E-14
1589.	0.2849E-14
1650.	0.2820E-14
1712.	0.2791E-14
1778.	0.2761E-14
1845.	0.2731E-14
1916.	0.2699E-14
1989.	0.2668E-14
2064.	0.2635E-14
2143.	0.2602E-14
2225.	0.2569E-14
2309.	0.2535E-14
2397.	0.2501E-14
2489.	0.2466E-14
2583.	0.2431E-14
2682.	0.2396E-14
2784.	0.2360E-14
2890.	0.2324E-14
3000.	0.2287E-14
 
 
C12   C2H2F4    Excitation    11.80 eV                          
E/N (Td)	Inverse rate coefficient (m2)
0.1000E-02	0.1571E-15
0.1038E-02	0.1572E-15
0.1078E-02	0.1572E-15
0.1119E-02	0.1572E-15
0.1161E-02	0.1572E-15
0.1205E-02	0.1572E-15
0.1251E-02	0.1572E-15
0.1299E-02	0.1572E-15
0.1349E-02	0.1572E-15
0.1400E-02	0.1572E-15
0.1453E-02	0.1572E-15
0.1509E-02	0.1572E-15
0.1566E-02	0.1572E-15
0.1626E-02	0.1572E-15
0.1688E-02	0.1572E-15
0.1752E-02	0.1572E-15
0.1819E-02	0.1572E-15
0.1888E-02	0.1572E-15
0.1960E-02	0.1572E-15
0.2034E-02	0.1572E-15
0.2112E-02	0.1572E-15
0.2192E-02	0.1572E-15
0.2276E-02	0.1572E-15
0.2362E-02	0.1572E-15
0.2452E-02	0.1572E-15
0.2546E-02	0.1572E-15
0.2643E-02	0.1572E-15
0.2743E-02	0.1572E-15
0.2848E-02	0.1572E-15
0.2956E-02	0.1572E-15
0.3069E-02	0.1572E-15
0.3186E-02	0.1572E-15
0.3307E-02	0.1572E-15
0.3433E-02	0.1572E-15
0.3564E-02	0.1572E-15
0.3700E-02	0.1572E-15
0.3841E-02	0.1572E-15
0.3987E-02	0.1572E-15
0.4139E-02	0.1572E-15
0.4296E-02	0.1572E-15
0.4460E-02	0.1572E-15
0.4630E-02	0.1572E-15
0.4806E-02	0.1572E-15
0.4989E-02	0.1572E-15
0.5179E-02	0.1572E-15
0.5377E-02	0.1572E-15
0.5581E-02	0.1572E-15
0.5794E-02	0.1572E-15
0.6015E-02	0.1572E-15
0.6244E-02	0.1572E-15
0.6481E-02	0.1572E-15
0.6728E-02	0.1572E-15
0.6985E-02	0.1572E-15
0.7251E-02	0.1572E-15
0.7527E-02	0.1572E-15
0.7813E-02	0.1572E-15
0.8111E-02	0.1572E-15
0.8420E-02	0.1572E-15
0.8741E-02	0.1572E-15
0.9073E-02	0.1572E-15
0.9419E-02	0.1572E-15
0.9778E-02	0.1572E-15
0.1015E-01	0.1572E-15
0.1054E-01	0.1572E-15
0.1094E-01	0.1572E-15
0.1135E-01	0.1572E-15
0.1179E-01	0.1572E-15
0.1224E-01	0.1572E-15
0.1270E-01	0.1572E-15
0.1319E-01	0.1572E-15
0.1369E-01	0.1572E-15
0.1421E-01	0.1572E-15
0.1475E-01	0.1572E-15
0.1531E-01	0.1572E-15
0.1590E-01	0.1572E-15
0.1650E-01	0.1572E-15
0.1713E-01	0.1572E-15
0.1778E-01	0.1572E-15
0.1846E-01	0.1572E-15
0.1916E-01	0.1572E-15
0.1989E-01	0.1572E-15
0.2065E-01	0.1572E-15
0.2144E-01	0.1572E-15
0.2225E-01	0.1572E-15
0.2310E-01	0.1572E-15
0.2398E-01	0.1572E-15
0.2489E-01	0.1572E-15
0.2584E-01	0.1572E-15
0.2682E-01	0.1572E-15
0.2785E-01	0.1572E-15
0.2891E-01	0.1572E-15
0.3001E-01	0.1572E-15
0.3115E-01	0.1572E-15
0.3234E-01	0.1572E-15
0.3357E-01	0.1572E-15
0.3485E-01	0.1572E-15
0.3617E-01	0.1572E-15
0.3755E-01	0.1572E-15
0.3898E-01	0.1572E-15
0.4047E-01	0.1572E-15
0.4201E-01	0.1572E-15
0.4361E-01	0.1572E-15
0.4527E-01	0.1572E-15
0.4699E-01	0.1572E-15
0.4878E-01	0.1572E-15
0.5064E-01	0.1572E-15
0.5257E-01	0.1572E-15
0.5457E-01	0.1572E-15
0.5665E-01	0.1572E-15
0.5881E-01	0.1572E-15
0.6105E-01	0.1572E-15
0.6337E-01	0.1572E-15
0.6579E-01	0.1572E-15
0.6829E-01	0.1572E-15
0.7089E-01	0.1572E-15
0.7359E-01	0.1572E-15
0.7640E-01	0.1572E-15
0.7931E-01	0.1572E-15
0.8233E-01	0.1572E-15
0.8546E-01	0.1572E-15
0.8872E-01	0.1572E-15
0.9210E-01	0.1572E-15
0.9560E-01	0.1572E-15
0.9924E-01	0.1572E-15
0.1030	0.1572E-15
0.1069	0.1572E-15
0.1110	0.1572E-15
0.1152	0.1572E-15
0.1196	0.1572E-15
0.1242	0.1572E-15
0.1289	0.1572E-15
0.1338	0.1572E-15
0.1389	0.1572E-15
0.1442	0.1572E-15
0.1497	0.1572E-15
0.1554	0.1572E-15
0.1613	0.1572E-15
0.1675	0.1572E-15
0.1739	0.1572E-15
0.1805	0.1572E-15
0.1874	0.1572E-15
0.1945	0.1572E-15
0.2019	0.1572E-15
0.2096	0.1572E-15
0.2176	0.1572E-15
0.2259	0.1572E-15
0.2345	0.1572E-15
0.2434	0.1572E-15
0.2527	0.1572E-15
0.2623	0.1572E-15
0.2723	0.1572E-15
0.2826	0.1572E-15
0.2934	0.1572E-15
0.3046	0.1572E-15
0.3162	0.1573E-15
0.3282	0.1573E-15
0.3407	0.1573E-15
0.3537	0.1573E-15
0.3672	0.1573E-15
0.3812	0.1573E-15
0.3957	0.1573E-15
0.4107	0.1573E-15
0.4264	0.1573E-15
0.4426	0.1573E-15
0.4595	0.1573E-15
0.4770	0.1573E-15
0.4952	0.1573E-15
0.5140	0.1573E-15
0.5336	0.1573E-15
0.5539	0.1573E-15
0.5750	0.1573E-15
0.5969	0.1573E-15
0.6196	0.1573E-15
0.6432	0.1573E-15
0.6677	0.1573E-15
0.6932	0.1573E-15
0.7196	0.1573E-15
0.7470	0.1573E-15
0.7754	0.1573E-15
0.8050	0.1573E-15
0.8356	0.1573E-15
0.8674	0.1573E-15
0.9005	0.1573E-15
0.9348	0.1573E-15
0.9704	0.1573E-15
1.007	0.1573E-15
1.046	0.1573E-15
1.086	0.1573E-15
1.127	0.1573E-15
1.170	0.1574E-15
1.214	0.1574E-15
1.261	0.1574E-15
1.309	0.1574E-15
1.358	0.1574E-15
1.410	0.1574E-15
1.464	0.1574E-15
1.520	0.1574E-15
1.578	0.1575E-15
1.638	0.1575E-15
1.700	0.1575E-15
1.765	0.1575E-15
1.832	0.1576E-15
1.902	0.1576E-15
1.974	0.1576E-15
2.049	0.1576E-15
2.127	0.1577E-15
2.208	0.1577E-15
2.293	0.1578E-15
2.380	0.1578E-15
2.470	0.1579E-15
2.565	0.1579E-15
2.662	0.1580E-15
2.764	0.1580E-15
2.869	0.1581E-15
2.978	0.1582E-15
3.092	0.1583E-15
3.209	0.1584E-15
3.332	0.1585E-15
3.458	0.1586E-15
3.590	0.1587E-15
3.727	0.1588E-15
3.869	0.1589E-15
4.016	0.1590E-15
4.169	0.1592E-15
4.328	0.1593E-15
4.493	0.1595E-15
4.664	0.1597E-15
4.841	0.1598E-15
5.026	0.1600E-15
5.217	0.1602E-15
5.416	0.1604E-15
5.622	0.1606E-15
5.836	0.1609E-15
6.059	0.1611E-15
6.289	0.1614E-15
6.529	0.1616E-15
6.778	0.1619E-15
7.036	0.1622E-15
7.304	0.1625E-15
7.582	0.1628E-15
7.871	0.1631E-15
8.170	0.1635E-15
8.482	0.1638E-15
8.805	0.1639E-15
9.140	0.1643E-15
9.488	0.1647E-15
9.849	0.1651E-15
10.22	0.1655E-15
10.61	0.1659E-15
11.02	0.1664E-15
11.44	0.1675E-15
11.87	0.1680E-15
12.33	0.1686E-15
12.80	0.1691E-15
13.28	0.1697E-15
13.79	0.1701E-15
14.31	0.1707E-15
14.86	0.1714E-15
15.42	0.1717E-15
16.01	0.1724E-15
16.62	0.1731E-15
17.25	0.1731E-15
17.91	0.1738E-15
18.59	0.1767E-15
19.30	0.1776E-15
20.04	0.1785E-15
20.80	0.1796E-15
21.59	0.1807E-15
22.42	0.1818E-15
23.27	0.1830E-15
24.16	0.1843E-15
25.08	0.1857E-15
26.03	0.1871E-15
27.02	0.1887E-15
28.05	0.1905E-15
29.12	0.1922E-15
30.23	0.1944E-15
31.38	0.1968E-15
32.57	0.1991E-15
33.82	0.2022E-15
35.10	0.2101E-15
36.44	0.2097E-15
37.83	0.2146E-15
39.27	0.2258E-15
40.76	0.2326E-15
42.32	0.2352E-15
43.93	0.2457E-15
45.60	0.2580E-15
47.34	0.2728E-15
49.14	0.2999E-15
51.01	0.3225E-15
52.96	0.3489E-15
54.97	0.3790E-15
57.07	0.4136E-15
59.24	0.4519E-15
61.50	0.4945E-15
63.84	0.5401E-15
66.27	0.5891E-15
68.79	0.6401E-15
71.41	0.6932E-15
74.13	0.7473E-15
76.96	0.8020E-15
79.89	0.8565E-15
82.93	0.9110E-15
86.09	0.9650E-15
89.37	0.1018E-14
92.77	0.1071E-14
96.31	0.1122E-14
99.97	0.1172E-14
103.8	0.1222E-14
107.7	0.1270E-14
111.8	0.1317E-14
116.1	0.1363E-14
120.5	0.1408E-14
125.1	0.1451E-14
129.9	0.1492E-14
134.8	0.1533E-14
140.0	0.1571E-14
145.3	0.1609E-14
150.8	0.1644E-14
156.6	0.1679E-14
162.5	0.1712E-14
168.7	0.1743E-14
175.1	0.1773E-14
181.8	0.1802E-14
188.7	0.1830E-14
195.9	0.1857E-14
203.4	0.1882E-14
211.1	0.1907E-14
219.2	0.1931E-14
227.5	0.1954E-14
236.2	0.1977E-14
245.2	0.1999E-14
254.5	0.2020E-14
264.2	0.2041E-14
274.3	0.2061E-14
284.7	0.2081E-14
295.6	0.2101E-14
306.8	0.2120E-14
318.5	0.2140E-14
330.6	0.2159E-14
343.2	0.2177E-14
356.3	0.2196E-14
369.9	0.2215E-14
384.0	0.2233E-14
398.6	0.2252E-14
413.8	0.2270E-14
429.5	0.2289E-14
445.9	0.2308E-14
462.9	0.2326E-14
480.5	0.2345E-14
498.8	0.2364E-14
517.8	0.2383E-14
537.5	0.2403E-14
558.0	0.2422E-14
579.2	0.2442E-14
601.3	0.2462E-14
624.2	0.2482E-14
648.0	0.2502E-14
672.6	0.2523E-14
698.3	0.2544E-14
724.9	0.2565E-14
752.5	0.2587E-14
781.1	0.2609E-14
810.9	0.2631E-14
841.8	0.2654E-14
873.8	0.2677E-14
907.1	0.2700E-14
941.6	0.2724E-14
977.5	0.2748E-14
1015.	0.2773E-14
1053.	0.2798E-14
1094.	0.2823E-14
1135.	0.2849E-14
1178.	0.2876E-14
1223.	0.2902E-14
1270.	0.2929E-14
1318.	0.2957E-14
1368.	0.2985E-14
1421.	0.3013E-14
1475.	0.3042E-14
1531.	0.3071E-14
1589.	0.3101E-14
1650.	0.3131E-14
1712.	0.3162E-14
1778.	0.3192E-14
1845.	0.3224E-14
1916.	0.3255E-14
1989.	0.3287E-14
2064.	0.3319E-14
2143.	0.3352E-14
2225.	0.3385E-14
2309.	0.3418E-14
2397.	0.3452E-14
2489.	0.3486E-14
2583.	0.3520E-14
2682.	0.3554E-14
2784.	0.3589E-14
2890.	0.3624E-14
3000.	0.3659E-14
 
 
C13   C2H2F4    Excitation    13.40 eV                          
E/N (Td)	Inverse rate coefficient (m2)
0.1000E-02	0.4717E-15
0.1038E-02	0.4721E-15
0.1078E-02	0.4721E-15
0.1119E-02	0.4721E-15
0.1161E-02	0.4721E-15
0.1205E-02	0.4721E-15
0.1251E-02	0.4721E-15
0.1299E-02	0.4721E-15
0.1349E-02	0.4721E-15
0.1400E-02	0.4721E-15
0.1453E-02	0.4721E-15
0.1509E-02	0.4721E-15
0.1566E-02	0.4721E-15
0.1626E-02	0.4721E-15
0.1688E-02	0.4721E-15
0.1752E-02	0.4721E-15
0.1819E-02	0.4721E-15
0.1888E-02	0.4721E-15
0.1960E-02	0.4721E-15
0.2034E-02	0.4721E-15
0.2112E-02	0.4721E-15
0.2192E-02	0.4721E-15
0.2276E-02	0.4721E-15
0.2362E-02	0.4721E-15
0.2452E-02	0.4721E-15
0.2546E-02	0.4721E-15
0.2643E-02	0.4721E-15
0.2743E-02	0.4721E-15
0.2848E-02	0.4721E-15
0.2956E-02	0.4721E-15
0.3069E-02	0.4721E-15
0.3186E-02	0.4721E-15
0.3307E-02	0.4721E-15
0.3433E-02	0.4721E-15
0.3564E-02	0.4721E-15
0.3700E-02	0.4721E-15
0.3841E-02	0.4721E-15
0.3987E-02	0.4721E-15
0.4139E-02	0.4721E-15
0.4296E-02	0.4721E-15
0.4460E-02	0.4721E-15
0.4630E-02	0.4721E-15
0.4806E-02	0.4721E-15
0.4989E-02	0.4721E-15
0.5179E-02	0.4721E-15
0.5377E-02	0.4721E-15
0.5581E-02	0.4721E-15
0.5794E-02	0.4721E-15
0.6015E-02	0.4721E-15
0.6244E-02	0.4721E-15
0.6481E-02	0.4721E-15
0.6728E-02	0.4721E-15
0.6985E-02	0.4721E-15
0.7251E-02	0.4721E-15
0.7527E-02	0.4721E-15
0.7813E-02	0.4721E-15
0.8111E-02	0.4721E-15
0.8420E-02	0.4721E-15
0.8741E-02	0.4721E-15
0.9073E-02	0.4721E-15
0.9419E-02	0.4721E-15
0.9778E-02	0.4721E-15
0.1015E-01	0.4721E-15
0.1054E-01	0.4721E-15
0.1094E-01	0.4721E-15
0.1135E-01	0.4721E-15
0.1179E-01	0.4721E-15
0.1224E-01	0.4721E-15
0.1270E-01	0.4721E-15
0.1319E-01	0.4721E-15
0.1369E-01	0.4721E-15
0.1421E-01	0.4721E-15
0.1475E-01	0.4721E-15
0.1531E-01	0.4721E-15
0.1590E-01	0.4721E-15
0.1650E-01	0.4721E-15
0.1713E-01	0.4721E-15
0.1778E-01	0.4721E-15
0.1846E-01	0.4721E-15
0.1916E-01	0.4721E-15
0.1989E-01	0.4721E-15
0.2065E-01	0.4721E-15
0.2144E-01	0.4721E-15
0.2225E-01	0.4721E-15
0.2310E-01	0.4721E-15
0.2398E-01	0.4721E-15
0.2489E-01	0.4721E-15
0.2584E-01	0.4721E-15
0.2682E-01	0.4721E-15
0.2785E-01	0.4721E-15
0.2891E-01	0.4721E-15
0.3001E-01	0.4721E-15
0.3115E-01	0.4721E-15
0.3234E-01	0.4721E-15
0.3357E-01	0.4721E-15
0.3485E-01	0.4721E-15
0.3617E-01	0.4721E-15
0.3755E-01	0.4721E-15
0.3898E-01	0.4721E-15
0.4047E-01	0.4721E-15
0.4201E-01	0.4721E-15
0.4361E-01	0.4721E-15
0.4527E-01	0.4721E-15
0.4699E-01	0.4721E-15
0.4878E-01	0.4721E-15
0.5064E-01	0.4721E-15
0.5257E-01	0.4721E-15
0.5457E-01	0.4721E-15
0.5665E-01	0.4721E-15
0.5881E-01	0.4721E-15
0.6105E-01	0.4721E-15
0.6337E-01	0.4721E-15
0.6579E-01	0.4721E-15
0.6829E-01	0.4721E-15
0.7089E-01	0.4721E-15
0.7359E-01	0.4721E-15
0.7640E-01	0.4721E-15
0.7931E-01	0.4721E-15
0.8233E-01	0.4721E-15
0.8546E-01	0.4721E-15
0.8872E-01	0.4721E-15
0.9210E-01	0.4721E-15
0.9560E-01	0.4721E-15
0.9924E-01	0.4721E-15
0.1030	0.4721E-15
0.1069	0.4721E-15
0.1110	0.4721E-15
0.1152	0.4721E-15
0.1196	0.4721E-15
0.1242	0.4721E-15
0.1289	0.4721E-15
0.1338	0.4721E-15
0.1389	0.4721E-15
0.1442	0.4721E-15
0.1497	0.4721E-15
0.1554	0.4721E-15
0.1613	0.4721E-15
0.1675	0.4721E-15
0.1739	0.4721E-15
0.1805	0.4721E-15
0.1874	0.4721E-15
0.1945	0.4721E-15
0.2019	0.4721E-15
0.2096	0.4721E-15
0.2176	0.4721E-15
0.2259	0.4721E-15
0.2345	0.4721E-15
0.2434	0.4721E-15
0.2527	0.4721E-15
0.2623	0.4721E-15
0.2723	0.4721E-15
0.2826	0.4721E-15
0.2934	0.4721E-15
0.3046	0.4721E-15
0.3162	0.4721E-15
0.3282	0.4721E-15
0.3407	0.4721E-15
0.3537	0.4721E-15
0.3672	0.4721E-15
0.3812	0.4721E-15
0.3957	0.4721E-15
0.4107	0.4721E-15
0.4264	0.4721E-15
0.4426	0.4721E-15
0.4595	0.4721E-15
0.4770	0.4721E-15
0.4952	0.4721E-15
0.5140	0.4721E-15
0.5336	0.4721E-15
0.5539	0.4722E-15
0.5750	0.4722E-15
0.5969	0.4722E-15
0.6196	0.4722E-15
0.6432	0.4722E-15
0.6677	0.4722E-15
0.6932	0.4722E-15
0.7196	0.4722E-15
0.7470	0.4722E-15
0.7754	0.4722E-15
0.8050	0.4722E-15
0.8356	0.4723E-15
0.8674	0.4723E-15
0.9005	0.4723E-15
0.9348	0.4723E-15
0.9704	0.4723E-15
1.007	0.4723E-15
1.046	0.4724E-15
1.086	0.4724E-15
1.127	0.4724E-15
1.170	0.4725E-15
1.214	0.4725E-15
1.261	0.4725E-15
1.309	0.4726E-15
1.358	0.4726E-15
1.410	0.4726E-15
1.464	0.4727E-15
1.520	0.4728E-15
1.578	0.4728E-15
1.638	0.4729E-15
1.700	0.4730E-15
1.765	0.4730E-15
1.832	0.4731E-15
1.902	0.4732E-15
1.974	0.4733E-15
2.049	0.4734E-15
2.127	0.4736E-15
2.208	0.4737E-15
2.293	0.4738E-15
2.380	0.4740E-15
2.470	0.4742E-15
2.565	0.4744E-15
2.662	0.4746E-15
2.764	0.4748E-15
2.869	0.4750E-15
2.978	0.4753E-15
3.092	0.4756E-15
3.209	0.4759E-15
3.332	0.4762E-15
3.458	0.4766E-15
3.590	0.4769E-15
3.727	0.4773E-15
3.869	0.4777E-15
4.016	0.4782E-15
4.169	0.4787E-15
4.328	0.4792E-15
4.493	0.4797E-15
4.664	0.4803E-15
4.841	0.4809E-15
5.026	0.4815E-15
5.217	0.4822E-15
5.416	0.4829E-15
5.622	0.4836E-15
5.836	0.4844E-15
6.059	0.4852E-15
6.289	0.4860E-15
6.529	0.4869E-15
6.778	0.4879E-15
7.036	0.4888E-15
7.304	0.4898E-15
7.582	0.4909E-15
7.871	0.4920E-15
8.170	0.4931E-15
8.482	0.4943E-15
8.805	0.4946E-15
9.140	0.4958E-15
9.488	0.4971E-15
9.849	0.4984E-15
10.22	0.4998E-15
10.61	0.5013E-15
11.02	0.5027E-15
11.44	0.5067E-15
11.87	0.5084E-15
12.33	0.5101E-15
12.80	0.5119E-15
13.28	0.5138E-15
13.79	0.5152E-15
14.31	0.5172E-15
14.86	0.5192E-15
15.42	0.5203E-15
16.01	0.5225E-15
16.62	0.5249E-15
17.25	0.5246E-15
17.91	0.5271E-15
18.59	0.5369E-15
19.30	0.5398E-15
20.04	0.5425E-15
20.80	0.5458E-15
21.59	0.5493E-15
22.42	0.5528E-15
23.27	0.5567E-15
24.16	0.5608E-15
25.08	0.5652E-15
26.03	0.5695E-15
27.02	0.5746E-15
28.05	0.5802E-15
29.12	0.5920E-15
30.23	0.5986E-15
31.38	0.6059E-15
32.57	0.6164E-15
33.82	0.6260E-15
35.10	0.6410E-15
36.44	0.6533E-15
37.83	0.6677E-15
39.27	0.6888E-15
40.76	0.7097E-15
42.32	0.7346E-15
43.93	0.7711E-15
45.60	0.8072E-15
47.34	0.8302E-15
49.14	0.9114E-15
51.01	0.9795E-15
52.96	0.1059E-14
54.97	0.1150E-14
57.07	0.1254E-14
59.24	0.1369E-14
61.50	0.1497E-14
63.84	0.1634E-14
66.27	0.1781E-14
68.79	0.1934E-14
71.41	0.2093E-14
74.13	0.2256E-14
76.96	0.2419E-14
79.89	0.2583E-14
82.93	0.2746E-14
86.09	0.2907E-14
89.37	0.3067E-14
92.77	0.3224E-14
96.31	0.3377E-14
99.97	0.3528E-14
103.8	0.3676E-14
107.7	0.3820E-14
111.8	0.3961E-14
116.1	0.4098E-14
120.5	0.4231E-14
125.1	0.4360E-14
129.9	0.4485E-14
134.8	0.4606E-14
140.0	0.4721E-14
145.3	0.4833E-14
150.8	0.4940E-14
156.6	0.5042E-14
162.5	0.5141E-14
168.7	0.5235E-14
175.1	0.5325E-14
181.8	0.5412E-14
188.7	0.5495E-14
195.9	0.5575E-14
203.4	0.5652E-14
211.1	0.5726E-14
219.2	0.5798E-14
227.5	0.5867E-14
236.2	0.5935E-14
245.2	0.6000E-14
254.5	0.6064E-14
264.2	0.6127E-14
274.3	0.6188E-14
284.7	0.6248E-14
295.6	0.6307E-14
306.8	0.6366E-14
318.5	0.6423E-14
330.6	0.6480E-14
343.2	0.6537E-14
356.3	0.6593E-14
369.9	0.6649E-14
384.0	0.6705E-14
398.6	0.6761E-14
413.8	0.6817E-14
429.5	0.6872E-14
445.9	0.6929E-14
462.9	0.6985E-14
480.5	0.7042E-14
498.8	0.7099E-14
517.8	0.7156E-14
537.5	0.7214E-14
558.0	0.7273E-14
579.2	0.7333E-14
601.3	0.7393E-14
624.2	0.7453E-14
648.0	0.7515E-14
672.6	0.7578E-14
698.3	0.7641E-14
724.9	0.7706E-14
752.5	0.7771E-14
781.1	0.7837E-14
810.9	0.7905E-14
841.8	0.7974E-14
873.8	0.8044E-14
907.1	0.8115E-14
941.6	0.8187E-14
977.5	0.8260E-14
1015.	0.8335E-14
1053.	0.8411E-14
1094.	0.8489E-14
1135.	0.8567E-14
1178.	0.8647E-14
1223.	0.8729E-14
1270.	0.8812E-14
1318.	0.8896E-14
1368.	0.8981E-14
1421.	0.9068E-14
1475.	0.9156E-14
1531.	0.9245E-14
1589.	0.9336E-14
1650.	0.9428E-14
1712.	0.9522E-14
1778.	0.9616E-14
1845.	0.9712E-14
1916.	0.9809E-14
1989.	0.9907E-14
2064.	0.1001E-13
2143.	0.1011E-13
2225.	0.1021E-13
2309.	0.1031E-13
2397.	0.1042E-13
2489.	0.1052E-13
2583.	0.1063E-13
2682.	0.1073E-13
2784.	0.1084E-13
2890.	0.1095E-13
3000.	0.1106E-13
 
 
C14   C2H2F4    Excitation    14.70 eV                          
E/N (Td)	Inverse rate coefficient (m2)
0.1000E-02	0.2180E-14
0.1038E-02	0.2182E-14
0.1078E-02	0.2182E-14
0.1119E-02	0.2182E-14
0.1161E-02	0.2182E-14
0.1205E-02	0.2182E-14
0.1251E-02	0.2182E-14
0.1299E-02	0.2182E-14
0.1349E-02	0.2182E-14
0.1400E-02	0.2182E-14
0.1453E-02	0.2182E-14
0.1509E-02	0.2182E-14
0.1566E-02	0.2182E-14
0.1626E-02	0.2182E-14
0.1688E-02	0.2182E-14
0.1752E-02	0.2182E-14
0.1819E-02	0.2182E-14
0.1888E-02	0.2182E-14
0.1960E-02	0.2182E-14
0.2034E-02	0.2182E-14
0.2112E-02	0.2182E-14
0.2192E-02	0.2182E-14
0.2276E-02	0.2182E-14
0.2362E-02	0.2182E-14
0.2452E-02	0.2182E-14
0.2546E-02	0.2182E-14
0.2643E-02	0.2182E-14
0.2743E-02	0.2182E-14
0.2848E-02	0.2182E-14
0.2956E-02	0.2182E-14
0.3069E-02	0.2182E-14
0.3186E-02	0.2182E-14
0.3307E-02	0.2182E-14
0.3433E-02	0.2182E-14
0.3564E-02	0.2182E-14
0.3700E-02	0.2182E-14
0.3841E-02	0.2182E-14
0.3987E-02	0.2182E-14
0.4139E-02	0.2182E-14
0.4296E-02	0.2182E-14
0.4460E-02	0.2182E-14
0.4630E-02	0.2182E-14
0.4806E-02	0.2182E-14
0.4989E-02	0.2182E-14
0.5179E-02	0.2182E-14
0.5377E-02	0.2182E-14
0.5581E-02	0.2182E-14
0.5794E-02	0.2182E-14
0.6015E-02	0.2182E-14
0.6244E-02	0.2182E-14
0.6481E-02	0.2182E-14
0.6728E-02	0.2182E-14
0.6985E-02	0.2182E-14
0.7251E-02	0.2182E-14
0.7527E-02	0.2182E-14
0.7813E-02	0.2182E-14
0.8111E-02	0.2182E-14
0.8420E-02	0.2182E-14
0.8741E-02	0.2182E-14
0.9073E-02	0.2182E-14
0.9419E-02	0.2182E-14
0.9778E-02	0.2182E-14
0.1015E-01	0.2182E-14
0.1054E-01	0.2182E-14
0.1094E-01	0.2182E-14
0.1135E-01	0.2182E-14
0.1179E-01	0.2182E-14
0.1224E-01	0.2182E-14
0.1270E-01	0.2182E-14
0.1319E-01	0.2182E-14
0.1369E-01	0.2182E-14
0.1421E-01	0.2182E-14
0.1475E-01	0.2182E-14
0.1531E-01	0.2182E-14
0.1590E-01	0.2182E-14
0.1650E-01	0.2182E-14
0.1713E-01	0.2182E-14
0.1778E-01	0.2182E-14
0.1846E-01	0.2182E-14
0.1916E-01	0.2182E-14
0.1989E-01	0.2182E-14
0.2065E-01	0.2182E-14
0.2144E-01	0.2182E-14
0.2225E-01	0.2182E-14
0.2310E-01	0.2182E-14
0.2398E-01	0.2182E-14
0.2489E-01	0.2182E-14
0.2584E-01	0.2182E-14
0.2682E-01	0.2182E-14
0.2785E-01	0.2182E-14
0.2891E-01	0.2182E-14
0.3001E-01	0.2182E-14
0.3115E-01	0.2182E-14
0.3234E-01	0.2182E-14
0.3357E-01	0.2182E-14
0.3485E-01	0.2182E-14
0.3617E-01	0.2182E-14
0.3755E-01	0.2182E-14
0.3898E-01	0.2182E-14
0.4047E-01	0.2182E-14
0.4201E-01	0.2182E-14
0.4361E-01	0.2182E-14
0.4527E-01	0.2182E-14
0.4699E-01	0.2182E-14
0.4878E-01	0.2182E-14
0.5064E-01	0.2182E-14
0.5257E-01	0.2182E-14
0.5457E-01	0.2182E-14
0.5665E-01	0.2182E-14
0.5881E-01	0.2182E-14
0.6105E-01	0.2182E-14
0.6337E-01	0.2182E-14
0.6579E-01	0.2182E-14
0.6829E-01	0.2182E-14
0.7089E-01	0.2182E-14
0.7359E-01	0.2182E-14
0.7640E-01	0.2182E-14
0.7931E-01	0.2182E-14
0.8233E-01	0.2182E-14
0.8546E-01	0.2182E-14
0.8872E-01	0.2182E-14
0.9210E-01	0.2182E-14
0.9560E-01	0.2182E-14
0.9924E-01	0.2182E-14
0.1030	0.2182E-14
0.1069	0.2182E-14
0.1110	0.2182E-14
0.1152	0.2182E-14
0.1196	0.2182E-14
0.1242	0.2182E-14
0.1289	0.2182E-14
0.1338	0.2182E-14
0.1389	0.2182E-14
0.1442	0.2182E-14
0.1497	0.2182E-14
0.1554	0.2182E-14
0.1613	0.2182E-14
0.1675	0.2182E-14
0.1739	0.2182E-14
0.1805	0.2182E-14
0.1874	0.2182E-14
0.1945	0.2182E-14
0.2019	0.2182E-14
0.2096	0.2182E-14
0.2176	0.2182E-14
0.2259	0.2182E-14
0.2345	0.2182E-14
0.2434	0.2182E-14
0.2527	0.2182E-14
0.2623	0.2182E-14
0.2723	0.2182E-14
0.2826	0.2182E-14
0.2934	0.2182E-14
0.3046	0.2182E-14
0.3162	0.2182E-14
0.3282	0.2182E-14
0.3407	0.2182E-14
0.3537	0.2182E-14
0.3672	0.2182E-14
0.3812	0.2182E-14
0.3957	0.2182E-14
0.4107	0.2182E-14
0.4264	0.2182E-14
0.4426	0.2183E-14
0.4595	0.2183E-14
0.4770	0.2183E-14
0.4952	0.2183E-14
0.5140	0.2183E-14
0.5336	0.2183E-14
0.5539	0.2183E-14
0.5750	0.2183E-14
0.5969	0.2183E-14
0.6196	0.2183E-14
0.6432	0.2183E-14
0.6677	0.2183E-14
0.6932	0.2183E-14
0.7196	0.2183E-14
0.7470	0.2183E-14
0.7754	0.2183E-14
0.8050	0.2183E-14
0.8356	0.2184E-14
0.8674	0.2184E-14
0.9005	0.2184E-14
0.9348	0.2184E-14
0.9704	0.2184E-14
1.007	0.2184E-14
1.046	0.2185E-14
1.086	0.2185E-14
1.127	0.2185E-14
1.170	0.2185E-14
1.214	0.2185E-14
1.261	0.2186E-14
1.309	0.2186E-14
1.358	0.2186E-14
1.410	0.2187E-14
1.464	0.2187E-14
1.520	0.2188E-14
1.578	0.2188E-14
1.638	0.2189E-14
1.700	0.2189E-14
1.765	0.2190E-14
1.832	0.2191E-14
1.902	0.2191E-14
1.974	0.2192E-14
2.049	0.2193E-14
2.127	0.2194E-14
2.208	0.2195E-14
2.293	0.2197E-14
2.380	0.2198E-14
2.470	0.2199E-14
2.565	0.2201E-14
2.662	0.2203E-14
2.764	0.2204E-14
2.869	0.2206E-14
2.978	0.2209E-14
3.092	0.2211E-14
3.209	0.2213E-14
3.332	0.2216E-14
3.458	0.2219E-14
3.590	0.2222E-14
3.727	0.2225E-14
3.869	0.2229E-14
4.016	0.2232E-14
4.169	0.2236E-14
4.328	0.2240E-14
4.493	0.2245E-14
4.664	0.2250E-14
4.841	0.2254E-14
5.026	0.2260E-14
5.217	0.2265E-14
5.416	0.2271E-14
5.622	0.2277E-14
5.836	0.2283E-14
6.059	0.2290E-14
6.289	0.2297E-14
6.529	0.2304E-14
6.778	0.2312E-14
7.036	0.2320E-14
7.304	0.2328E-14
7.582	0.2337E-14
7.871	0.2346E-14
8.170	0.2355E-14
8.482	0.2365E-14
8.805	0.2368E-14
9.140	0.2378E-14
9.488	0.2389E-14
9.849	0.2400E-14
10.22	0.2412E-14
10.61	0.2424E-14
11.02	0.2436E-14
11.44	0.2466E-14
11.87	0.2480E-14
12.33	0.2495E-14
12.80	0.2510E-14
13.28	0.2526E-14
13.79	0.2536E-14
14.31	0.2553E-14
14.86	0.2571E-14
15.42	0.2579E-14
16.01	0.2598E-14
16.62	0.2617E-14
17.25	0.2614E-14
17.91	0.2634E-14
18.59	0.2720E-14
19.30	0.2740E-14
20.04	0.2770E-14
20.80	0.2797E-14
21.59	0.2825E-14
22.42	0.2861E-14
23.27	0.2893E-14
24.16	0.2926E-14
25.08	0.2962E-14
26.03	0.3008E-14
27.02	0.3049E-14
28.05	0.3093E-14
29.12	0.3150E-14
30.23	0.3203E-14
31.38	0.3262E-14
32.57	0.3340E-14
33.82	0.3416E-14
35.10	0.3530E-14
36.44	0.3629E-14
37.83	0.3743E-14
39.27	0.3903E-14
40.76	0.4064E-14
42.32	0.4257E-14
43.93	0.4534E-14
45.60	0.4809E-14
47.34	0.5139E-14
49.14	0.5613E-14
51.01	0.6117E-14
52.96	0.6700E-14
54.97	0.7357E-14
57.07	0.8104E-14
59.24	0.8918E-14
61.50	0.9811E-14
63.84	0.1075E-13
66.27	0.1174E-13
68.79	0.1274E-13
71.41	0.1376E-13
74.13	0.1477E-13
76.96	0.1576E-13
79.89	0.1670E-13
82.93	0.1760E-13
86.09	0.1845E-13
89.37	0.1925E-13
92.77	0.1999E-13
96.31	0.2067E-13
99.97	0.2129E-13
103.8	0.2187E-13
107.7	0.2239E-13
111.8	0.2286E-13
116.1	0.2328E-13
120.5	0.2366E-13
125.1	0.2399E-13
129.9	0.2430E-13
134.8	0.2456E-13
140.0	0.2480E-13
145.3	0.2500E-13
150.8	0.2518E-13
156.6	0.2534E-13
162.5	0.2548E-13
168.7	0.2559E-13
175.1	0.2570E-13
181.8	0.2578E-13
188.7	0.2586E-13
195.9	0.2592E-13
203.4	0.2597E-13
211.1	0.2602E-13
219.2	0.2605E-13
227.5	0.2608E-13
236.2	0.2610E-13
245.2	0.2612E-13
254.5	0.2613E-13
264.2	0.2614E-13
274.3	0.2614E-13
284.7	0.2613E-13
295.6	0.2612E-13
306.8	0.2611E-13
318.5	0.2610E-13
330.6	0.2608E-13
343.2	0.2605E-13
356.3	0.2603E-13
369.9	0.2600E-13
384.0	0.2596E-13
398.6	0.2592E-13
413.8	0.2588E-13
429.5	0.2584E-13
445.9	0.2579E-13
462.9	0.2574E-13
480.5	0.2568E-13
498.8	0.2562E-13
517.8	0.2556E-13
537.5	0.2550E-13
558.0	0.2542E-13
579.2	0.2535E-13
601.3	0.2527E-13
624.2	0.2519E-13
648.0	0.2510E-13
672.6	0.2501E-13
698.3	0.2491E-13
724.9	0.2481E-13
752.5	0.2470E-13
781.1	0.2459E-13
810.9	0.2447E-13
841.8	0.2435E-13
873.8	0.2423E-13
907.1	0.2410E-13
941.6	0.2396E-13
977.5	0.2382E-13
1015.	0.2367E-13
1053.	0.2352E-13
1094.	0.2336E-13
1135.	0.2319E-13
1178.	0.2302E-13
1223.	0.2285E-13
1270.	0.2267E-13
1318.	0.2248E-13
1368.	0.2229E-13
1421.	0.2209E-13
1475.	0.2189E-13
1531.	0.2168E-13
1589.	0.2147E-13
1650.	0.2125E-13
1712.	0.2103E-13
1778.	0.2080E-13
1845.	0.2056E-13
1916.	0.2033E-13
1989.	0.2009E-13
2064.	0.1984E-13
2143.	0.1959E-13
2225.	0.1934E-13
2309.	0.1908E-13
2397.	0.1882E-13
2489.	0.1856E-13
2583.	0.1829E-13
2682.	0.1802E-13
2784.	0.1775E-13
2890.	0.1748E-13
3000.	0.1720E-13
 
 
C15   C2H2F4    Excitation    15.40 eV                          
E/N (Td)	Inverse rate coefficient (m2)
0.1000E-02	0.4118E-14
0.1038E-02	0.4122E-14
0.1078E-02	0.4122E-14
0.1119E-02	0.4122E-14
0.1161E-02	0.4122E-14
0.1205E-02	0.4122E-14
0.1251E-02	0.4122E-14
0.1299E-02	0.4122E-14
0.1349E-02	0.4122E-14
0.1400E-02	0.4122E-14
0.1453E-02	0.4122E-14
0.1509E-02	0.4122E-14
0.1566E-02	0.4122E-14
0.1626E-02	0.4122E-14
0.1688E-02	0.4122E-14
0.1752E-02	0.4122E-14
0.1819E-02	0.4122E-14
0.1888E-02	0.4122E-14
0.1960E-02	0.4122E-14
0.2034E-02	0.4122E-14
0.2112E-02	0.4122E-14
0.2192E-02	0.4122E-14
0.2276E-02	0.4122E-14
0.2362E-02	0.4122E-14
0.2452E-02	0.4122E-14
0.2546E-02	0.4122E-14
0.2643E-02	0.4122E-14
0.2743E-02	0.4122E-14
0.2848E-02	0.4122E-14
0.2956E-02	0.4122E-14
0.3069E-02	0.4122E-14
0.3186E-02	0.4122E-14
0.3307E-02	0.4122E-14
0.3433E-02	0.4122E-14
0.3564E-02	0.4122E-14
0.3700E-02	0.4122E-14
0.3841E-02	0.4122E-14
0.3987E-02	0.4122E-14
0.4139E-02	0.4122E-14
0.4296E-02	0.4122E-14
0.4460E-02	0.4122E-14
0.4630E-02	0.4122E-14
0.4806E-02	0.4122E-14
0.4989E-02	0.4122E-14
0.5179E-02	0.4122E-14
0.5377E-02	0.4122E-14
0.5581E-02	0.4122E-14
0.5794E-02	0.4122E-14
0.6015E-02	0.4122E-14
0.6244E-02	0.4122E-14
0.6481E-02	0.4122E-14
0.6728E-02	0.4122E-14
0.6985E-02	0.4122E-14
0.7251E-02	0.4122E-14
0.7527E-02	0.4122E-14
0.7813E-02	0.4122E-14
0.8111E-02	0.4122E-14
0.8420E-02	0.4122E-14
0.8741E-02	0.4122E-14
0.9073E-02	0.4122E-14
0.9419E-02	0.4122E-14
0.9778E-02	0.4122E-14
0.1015E-01	0.4122E-14
0.1054E-01	0.4122E-14
0.1094E-01	0.4122E-14
0.1135E-01	0.4122E-14
0.1179E-01	0.4122E-14
0.1224E-01	0.4122E-14
0.1270E-01	0.4122E-14
0.1319E-01	0.4122E-14
0.1369E-01	0.4122E-14
0.1421E-01	0.4122E-14
0.1475E-01	0.4122E-14
0.1531E-01	0.4122E-14
0.1590E-01	0.4122E-14
0.1650E-01	0.4122E-14
0.1713E-01	0.4122E-14
0.1778E-01	0.4122E-14
0.1846E-01	0.4122E-14
0.1916E-01	0.4122E-14
0.1989E-01	0.4122E-14
0.2065E-01	0.4122E-14
0.2144E-01	0.4122E-14
0.2225E-01	0.4122E-14
0.2310E-01	0.4122E-14
0.2398E-01	0.4122E-14
0.2489E-01	0.4122E-14
0.2584E-01	0.4122E-14
0.2682E-01	0.4122E-14
0.2785E-01	0.4122E-14
0.2891E-01	0.4122E-14
0.3001E-01	0.4122E-14
0.3115E-01	0.4122E-14
0.3234E-01	0.4122E-14
0.3357E-01	0.4122E-14
0.3485E-01	0.4122E-14
0.3617E-01	0.4122E-14
0.3755E-01	0.4122E-14
0.3898E-01	0.4122E-14
0.4047E-01	0.4122E-14
0.4201E-01	0.4122E-14
0.4361E-01	0.4122E-14
0.4527E-01	0.4122E-14
0.4699E-01	0.4122E-14
0.4878E-01	0.4122E-14
0.5064E-01	0.4122E-14
0.5257E-01	0.4122E-14
0.5457E-01	0.4122E-14
0.5665E-01	0.4122E-14
0.5881E-01	0.4122E-14
0.6105E-01	0.4122E-14
0.6337E-01	0.4122E-14
0.6579E-01	0.4122E-14
0.6829E-01	0.4122E-14
0.7089E-01	0.4122E-14
0.7359E-01	0.4122E-14
0.7640E-01	0.4122E-14
0.7931E-01	0.4122E-14
0.8233E-01	0.4122E-14
0.8546E-01	0.4122E-14
0.8872E-01	0.4122E-14
0.9210E-01	0.4122E-14
0.9560E-01	0.4122E-14
0.9924E-01	0.4122E-14
0.1030	0.4122E-14
0.1069	0.4122E-14
0.1110	0.4122E-14
0.1152	0.4122E-14
0.1196	0.4122E-14
0.1242	0.4122E-14
0.1289	0.4122E-14
0.1338	0.4122E-14
0.1389	0.4122E-14
0.1442	0.4122E-14
0.1497	0.4122E-14
0.1554	0.4122E-14
0.1613	0.4122E-14
0.1675	0.4122E-14
0.1739	0.4122E-14
0.1805	0.4122E-14
0.1874	0.4122E-14
0.1945	0.4122E-14
0.2019	0.4122E-14
0.2096	0.4122E-14
0.2176	0.4122E-14
0.2259	0.4122E-14
0.2345	0.4122E-14
0.2434	0.4122E-14
0.2527	0.4122E-14
0.2623	0.4122E-14
0.2723	0.4122E-14
0.2826	0.4122E-14
0.2934	0.4122E-14
0.3046	0.4122E-14
0.3162	0.4122E-14
0.3282	0.4122E-14
0.3407	0.4122E-14
0.3537	0.4122E-14
0.3672	0.4122E-14
0.3812	0.4122E-14
0.3957	0.4122E-14
0.4107	0.4122E-14
0.4264	0.4122E-14
0.4426	0.4122E-14
0.4595	0.4122E-14
0.4770	0.4122E-14
0.4952	0.4122E-14
0.5140	0.4122E-14
0.5336	0.4122E-14
0.5539	0.4122E-14
0.5750	0.4122E-14
0.5969	0.4122E-14
0.6196	0.4122E-14
0.6432	0.4122E-14
0.6677	0.4122E-14
0.6932	0.4123E-14
0.7196	0.4123E-14
0.7470	0.4123E-14
0.7754	0.4123E-14
0.8050	0.4123E-14
0.8356	0.4123E-14
0.8674	0.4123E-14
0.9005	0.4123E-14
0.9348	0.4123E-14
0.9704	0.4124E-14
1.007	0.4124E-14
1.046	0.4124E-14
1.086	0.4124E-14
1.127	0.4124E-14
1.170	0.4125E-14
1.214	0.4125E-14
1.261	0.4125E-14
1.309	0.4125E-14
1.358	0.4126E-14
1.410	0.4126E-14
1.464	0.4126E-14
1.520	0.4127E-14
1.578	0.4127E-14
1.638	0.4128E-14
1.700	0.4128E-14
1.765	0.4129E-14
1.832	0.4130E-14
1.902	0.4131E-14
1.974	0.4131E-14
2.049	0.4132E-14
2.127	0.4133E-14
2.208	0.4134E-14
2.293	0.4135E-14
2.380	0.4137E-14
2.470	0.4138E-14
2.565	0.4140E-14
2.662	0.4141E-14
2.764	0.4143E-14
2.869	0.4145E-14
2.978	0.4147E-14
3.092	0.4149E-14
3.209	0.4151E-14
3.332	0.4154E-14
3.458	0.4157E-14
3.590	0.4160E-14
3.727	0.4163E-14
3.869	0.4166E-14
4.016	0.4169E-14
4.169	0.4173E-14
4.328	0.4177E-14
4.493	0.4181E-14
4.664	0.4186E-14
4.841	0.4191E-14
5.026	0.4195E-14
5.217	0.4201E-14
5.416	0.4206E-14
5.622	0.4212E-14
5.836	0.4218E-14
6.059	0.4224E-14
6.289	0.4231E-14
6.529	0.4238E-14
6.778	0.4245E-14
7.036	0.4253E-14
7.304	0.4261E-14
7.582	0.4269E-14
7.871	0.4278E-14
8.170	0.4287E-14
8.482	0.4297E-14
8.805	0.4299E-14
9.140	0.4309E-14
9.488	0.4319E-14
9.849	0.4330E-14
10.22	0.4341E-14
10.61	0.4353E-14
11.02	0.4365E-14
11.44	0.4396E-14
11.87	0.4410E-14
12.33	0.4424E-14
12.80	0.4439E-14
13.28	0.4454E-14
13.79	0.4465E-14
14.31	0.4481E-14
14.86	0.4498E-14
15.42	0.4507E-14
16.01	0.4525E-14
16.62	0.4545E-14
17.25	0.4544E-14
17.91	0.4565E-14
18.59	0.4652E-14
19.30	0.4676E-14
20.04	0.4705E-14
20.80	0.4732E-14
21.59	0.4761E-14
22.42	0.4799E-14
23.27	0.4831E-14
24.16	0.4865E-14
25.08	0.4902E-14
26.03	0.4952E-14
27.02	0.4994E-14
28.05	0.5040E-14
29.12	0.5103E-14
30.23	0.5159E-14
31.38	0.5222E-14
32.57	0.5311E-14
33.82	0.5392E-14
35.10	0.5516E-14
36.44	0.5623E-14
37.83	0.5749E-14
39.27	0.5934E-14
40.76	0.6113E-14
42.32	0.6329E-14
43.93	0.6644E-14
45.60	0.6958E-14
47.34	0.7338E-14
49.14	0.8080E-14
51.01	0.8658E-14
52.96	0.9162E-14
54.97	0.9950E-14
57.07	0.1086E-13
59.24	0.1186E-13
61.50	0.1297E-13
63.84	0.1416E-13
66.27	0.1545E-13
68.79	0.1678E-13
71.41	0.1816E-13
74.13	0.1958E-13
76.96	0.2100E-13
79.89	0.2242E-13
82.93	0.2384E-13
86.09	0.2525E-13
89.37	0.2663E-13
92.77	0.2799E-13
96.31	0.2933E-13
99.97	0.3063E-13
103.8	0.3192E-13
107.7	0.3317E-13
111.8	0.3439E-13
116.1	0.3558E-13
120.5	0.3674E-13
125.1	0.3786E-13
129.9	0.3894E-13
134.8	0.3998E-13
140.0	0.4099E-13
145.3	0.4196E-13
150.8	0.4288E-13
156.6	0.4377E-13
162.5	0.4462E-13
168.7	0.4544E-13
175.1	0.4622E-13
181.8	0.4697E-13
188.7	0.4769E-13
195.9	0.4839E-13
203.4	0.4905E-13
211.1	0.4970E-13
219.2	0.5032E-13
227.5	0.5092E-13
236.2	0.5151E-13
245.2	0.5208E-13
254.5	0.5263E-13
264.2	0.5318E-13
274.3	0.5371E-13
284.7	0.5423E-13
295.6	0.5474E-13
306.8	0.5525E-13
318.5	0.5575E-13
330.6	0.5625E-13
343.2	0.5674E-13
356.3	0.5723E-13
369.9	0.5772E-13
384.0	0.5820E-13
398.6	0.5869E-13
413.8	0.5917E-13
429.5	0.5966E-13
445.9	0.6015E-13
462.9	0.6064E-13
480.5	0.6113E-13
498.8	0.6163E-13
517.8	0.6213E-13
537.5	0.6264E-13
558.0	0.6315E-13
579.2	0.6367E-13
601.3	0.6419E-13
624.2	0.6473E-13
648.0	0.6526E-13
672.6	0.6581E-13
698.3	0.6637E-13
724.9	0.6693E-13
752.5	0.6750E-13
781.1	0.6808E-13
810.9	0.6868E-13
841.8	0.6928E-13
873.8	0.6989E-13
907.1	0.7051E-13
941.6	0.7115E-13
977.5	0.7179E-13
1015.	0.7245E-13
1053.	0.7312E-13
1094.	0.7380E-13
1135.	0.7449E-13
1178.	0.7520E-13
1223.	0.7591E-13
1270.	0.7664E-13
1318.	0.7739E-13
1368.	0.7814E-13
1421.	0.7891E-13
1475.	0.7969E-13
1531.	0.8048E-13
1589.	0.8128E-13
1650.	0.8210E-13
1712.	0.8292E-13
1778.	0.8376E-13
1845.	0.8462E-13
1916.	0.8548E-13
1989.	0.8635E-13
2064.	0.8724E-13
2143.	0.8813E-13
2225.	0.8904E-13
2309.	0.8996E-13
2397.	0.9088E-13
2489.	0.9182E-13
2583.	0.9277E-13
2682.	0.9372E-13
2784.	0.9469E-13
2890.	0.9566E-13
3000.	0.9664E-13
 
 
C16   C2H2F4    Excitation    15.40 eV                          
E/N (Td)	Inverse rate coefficient (m2)
0.1000E-02	0.6730E-17
0.1038E-02	0.6736E-17
0.1078E-02	0.6736E-17
0.1119E-02	0.6736E-17
0.1161E-02	0.6736E-17
0.1205E-02	0.6736E-17
0.1251E-02	0.6736E-17
0.1299E-02	0.6736E-17
0.1349E-02	0.6736E-17
0.1400E-02	0.6736E-17
0.1453E-02	0.6736E-17
0.1509E-02	0.6736E-17
0.1566E-02	0.6736E-17
0.1626E-02	0.6736E-17
0.1688E-02	0.6736E-17
0.1752E-02	0.6736E-17
0.1819E-02	0.6736E-17
0.1888E-02	0.6736E-17
0.1960E-02	0.6736E-17
0.2034E-02	0.6736E-17
0.2112E-02	0.6736E-17
0.2192E-02	0.6736E-17
0.2276E-02	0.6736E-17
0.2362E-02	0.6736E-17
0.2452E-02	0.6736E-17
0.2546E-02	0.6736E-17
0.2643E-02	0.6736E-17
0.2743E-02	0.6736E-17
0.2848E-02	0.6736E-17
0.2956E-02	0.6736E-17
0.3069E-02	0.6736E-17
0.3186E-02	0.6736E-17
0.3307E-02	0.6736E-17
0.3433E-02	0.6736E-17
0.3564E-02	0.6736E-17
0.3700E-02	0.6736E-17
0.3841E-02	0.6736E-17
0.3987E-02	0.6736E-17
0.4139E-02	0.6736E-17
0.4296E-02	0.6736E-17
0.4460E-02	0.6736E-17
0.4630E-02	0.6736E-17
0.4806E-02	0.6736E-17
0.4989E-02	0.6736E-17
0.5179E-02	0.6736E-17
0.5377E-02	0.6736E-17
0.5581E-02	0.6736E-17
0.5794E-02	0.6736E-17
0.6015E-02	0.6736E-17
0.6244E-02	0.6736E-17
0.6481E-02	0.6736E-17
0.6728E-02	0.6736E-17
0.6985E-02	0.6736E-17
0.7251E-02	0.6736E-17
0.7527E-02	0.6736E-17
0.7813E-02	0.6736E-17
0.8111E-02	0.6736E-17
0.8420E-02	0.6736E-17
0.8741E-02	0.6736E-17
0.9073E-02	0.6736E-17
0.9419E-02	0.6736E-17
0.9778E-02	0.6736E-17
0.1015E-01	0.6736E-17
0.1054E-01	0.6736E-17
0.1094E-01	0.6736E-17
0.1135E-01	0.6736E-17
0.1179E-01	0.6736E-17
0.1224E-01	0.6736E-17
0.1270E-01	0.6736E-17
0.1319E-01	0.6736E-17
0.1369E-01	0.6736E-17
0.1421E-01	0.6736E-17
0.1475E-01	0.6736E-17
0.1531E-01	0.6736E-17
0.1590E-01	0.6736E-17
0.1650E-01	0.6736E-17
0.1713E-01	0.6736E-17
0.1778E-01	0.6736E-17
0.1846E-01	0.6736E-17
0.1916E-01	0.6736E-17
0.1989E-01	0.6736E-17
0.2065E-01	0.6736E-17
0.2144E-01	0.6736E-17
0.2225E-01	0.6736E-17
0.2310E-01	0.6736E-17
0.2398E-01	0.6736E-17
0.2489E-01	0.6736E-17
0.2584E-01	0.6736E-17
0.2682E-01	0.6736E-17
0.2785E-01	0.6736E-17
0.2891E-01	0.6736E-17
0.3001E-01	0.6736E-17
0.3115E-01	0.6736E-17
0.3234E-01	0.6736E-17
0.3357E-01	0.6736E-17
0.3485E-01	0.6736E-17
0.3617E-01	0.6736E-17
0.3755E-01	0.6736E-17
0.3898E-01	0.6736E-17
0.4047E-01	0.6736E-17
0.4201E-01	0.6736E-17
0.4361E-01	0.6736E-17
0.4527E-01	0.6736E-17
0.4699E-01	0.6736E-17
0.4878E-01	0.6736E-17
0.5064E-01	0.6736E-17
0.5257E-01	0.6736E-17
0.5457E-01	0.6736E-17
0.5665E-01	0.6736E-17
0.5881E-01	0.6736E-17
0.6105E-01	0.6736E-17
0.6337E-01	0.6736E-17
0.6579E-01	0.6736E-17
0.6829E-01	0.6736E-17
0.7089E-01	0.6736E-17
0.7359E-01	0.6736E-17
0.7640E-01	0.6736E-17
0.7931E-01	0.6736E-17
0.8233E-01	0.6736E-17
0.8546E-01	0.6736E-17
0.8872E-01	0.6736E-17
0.9210E-01	0.6736E-17
0.9560E-01	0.6736E-17
0.9924E-01	0.6736E-17
0.1030	0.6736E-17
0.1069	0.6736E-17
0.1110	0.6736E-17
0.1152	0.6736E-17
0.1196	0.6736E-17
0.1242	0.6736E-17
0.1289	0.6736E-17
0.1338	0.6736E-17
0.1389	0.6736E-17
0.1442	0.6736E-17
0.1497	0.6736E-17
0.1554	0.6736E-17
0.1613	0.6736E-17
0.1675	0.6736E-17
0.1739	0.6736E-17
0.1805	0.6736E-17
0.1874	0.6736E-17
0.1945	0.6736E-17
0.2019	0.6736E-17
0.2096	0.6736E-17
0.2176	0.6736E-17
0.2259	0.6736E-17
0.2345	0.6736E-17
0.2434	0.6736E-17
0.2527	0.6736E-17
0.2623	0.6736E-17
0.2723	0.6736E-17
0.2826	0.6736E-17
0.2934	0.6736E-17
0.3046	0.6736E-17
0.3162	0.6736E-17
0.3282	0.6736E-17
0.3407	0.6736E-17
0.3537	0.6736E-17
0.3672	0.6736E-17
0.3812	0.6736E-17
0.3957	0.6736E-17
0.4107	0.6736E-17
0.4264	0.6736E-17
0.4426	0.6736E-17
0.4595	0.6737E-17
0.4770	0.6737E-17
0.4952	0.6737E-17
0.5140	0.6737E-17
0.5336	0.6737E-17
0.5539	0.6737E-17
0.5750	0.6737E-17
0.5969	0.6737E-17
0.6196	0.6737E-17
0.6432	0.6737E-17
0.6677	0.6737E-17
0.6932	0.6738E-17
0.7196	0.6738E-17
0.7470	0.6738E-17
0.7754	0.6738E-17
0.8050	0.6738E-17
0.8356	0.6738E-17
0.8674	0.6739E-17
0.9005	0.6739E-17
0.9348	0.6739E-17
0.9704	0.6739E-17
1.007	0.6740E-17
1.046	0.6740E-17
1.086	0.6740E-17
1.127	0.6741E-17
1.170	0.6741E-17
1.214	0.6742E-17
1.261	0.6742E-17
1.309	0.6743E-17
1.358	0.6743E-17
1.410	0.6744E-17
1.464	0.6745E-17
1.520	0.6746E-17
1.578	0.6747E-17
1.638	0.6748E-17
1.700	0.6749E-17
1.765	0.6750E-17
1.832	0.6751E-17
1.902	0.6752E-17
1.974	0.6754E-17
2.049	0.6756E-17
2.127	0.6757E-17
2.208	0.6759E-17
2.293	0.6762E-17
2.380	0.6764E-17
2.470	0.6767E-17
2.565	0.6769E-17
2.662	0.6772E-17
2.764	0.6776E-17
2.869	0.6779E-17
2.978	0.6783E-17
3.092	0.6787E-17
3.209	0.6791E-17
3.332	0.6796E-17
3.458	0.6801E-17
3.590	0.6807E-17
3.727	0.6812E-17
3.869	0.6819E-17
4.016	0.6825E-17
4.169	0.6832E-17
4.328	0.6840E-17
4.493	0.6848E-17
4.664	0.6856E-17
4.841	0.6865E-17
5.026	0.6874E-17
5.217	0.6884E-17
5.416	0.6894E-17
5.622	0.6905E-17
5.836	0.6916E-17
6.059	0.6928E-17
6.289	0.6941E-17
6.529	0.6954E-17
6.778	0.6967E-17
7.036	0.6982E-17
7.304	0.6996E-17
7.582	0.7012E-17
7.871	0.7028E-17
8.170	0.7045E-17
8.482	0.7063E-17
8.805	0.7067E-17
9.140	0.7086E-17
9.488	0.7105E-17
9.849	0.7125E-17
10.22	0.7145E-17
10.61	0.7167E-17
11.02	0.7189E-17
11.44	0.7247E-17
11.87	0.7272E-17
12.33	0.7298E-17
12.80	0.7326E-17
13.28	0.7355E-17
13.79	0.7374E-17
14.31	0.7405E-17
14.86	0.7437E-17
15.42	0.7453E-17
16.01	0.7487E-17
16.62	0.7522E-17
17.25	0.7520E-17
17.91	0.7558E-17
18.59	0.7719E-17
19.30	0.7763E-17
20.04	0.7815E-17
20.80	0.7865E-17
21.59	0.7917E-17
22.42	0.7988E-17
23.27	0.8046E-17
24.16	0.8109E-17
25.08	0.8176E-17
26.03	0.8266E-17
27.02	0.8344E-17
28.05	0.8428E-17
29.12	0.8542E-17
30.23	0.8644E-17
31.38	0.8758E-17
32.57	0.8919E-17
33.82	0.9065E-17
35.10	0.9291E-17
36.44	0.9486E-17
37.83	0.9717E-17
39.27	0.1005E-16
40.76	0.1038E-16
42.32	0.1078E-16
43.93	0.1135E-16
45.60	0.1194E-16
47.34	0.1265E-16
49.14	0.1405E-16
51.01	0.1518E-16
52.96	0.1626E-16
54.97	0.1796E-16
57.07	0.2009E-16
59.24	0.2272E-16
61.50	0.2610E-16
63.84	0.3045E-16
66.27	0.3620E-16
68.79	0.4379E-16
71.41	0.5393E-16
74.13	0.6736E-16
76.96	0.8499E-16
79.89	0.1078E-15
82.93	0.1370E-15
86.09	0.1738E-15
89.37	0.2192E-15
92.77	0.2744E-15
96.31	0.3403E-15
99.97	0.4176E-15
103.8	0.5069E-15
107.7	0.6085E-15
111.8	0.7221E-15
116.1	0.8474E-15
120.5	0.9836E-15
125.1	0.1130E-14
129.9	0.1284E-14
134.8	0.1447E-14
140.0	0.1615E-14
145.3	0.1788E-14
150.8	0.1965E-14
156.6	0.2144E-14
162.5	0.2325E-14
168.7	0.2506E-14
175.1	0.2687E-14
181.8	0.2868E-14
188.7	0.3047E-14
195.9	0.3225E-14
203.4	0.3402E-14
211.1	0.3577E-14
219.2	0.3750E-14
227.5	0.3922E-14
236.2	0.4093E-14
245.2	0.4262E-14
254.5	0.4430E-14
264.2	0.4597E-14
274.3	0.4763E-14
284.7	0.4928E-14
295.6	0.5093E-14
306.8	0.5258E-14
318.5	0.5423E-14
330.6	0.5589E-14
343.2	0.5755E-14
356.3	0.5922E-14
369.9	0.6089E-14
384.0	0.6258E-14
398.6	0.6429E-14
413.8	0.6601E-14
429.5	0.6775E-14
445.9	0.6951E-14
462.9	0.7129E-14
480.5	0.7309E-14
498.8	0.7492E-14
517.8	0.7679E-14
537.5	0.7868E-14
558.0	0.8060E-14
579.2	0.8256E-14
601.3	0.8455E-14
624.2	0.8658E-14
648.0	0.8865E-14
672.6	0.9075E-14
698.3	0.9291E-14
724.9	0.9510E-14
752.5	0.9734E-14
781.1	0.9963E-14
810.9	0.1020E-13
841.8	0.1043E-13
873.8	0.1068E-13
907.1	0.1093E-13
941.6	0.1118E-13
977.5	0.1144E-13
1015.	0.1171E-13
1053.	0.1198E-13
1094.	0.1225E-13
1135.	0.1253E-13
1178.	0.1282E-13
1223.	0.1311E-13
1270.	0.1341E-13
1318.	0.1372E-13
1368.	0.1403E-13
1421.	0.1435E-13
1475.	0.1467E-13
1531.	0.1500E-13
1589.	0.1533E-13
1650.	0.1567E-13
1712.	0.1601E-13
1778.	0.1637E-13
1845.	0.1672E-13
1916.	0.1708E-13
1989.	0.1745E-13
2064.	0.1782E-13
2143.	0.1820E-13
2225.	0.1859E-13
2309.	0.1897E-13
2397.	0.1937E-13
2489.	0.1976E-13
2583.	0.2017E-13
2682.	0.2057E-13
2784.	0.2099E-13
2890.	0.2140E-13
3000.	0.2182E-13
 
 
C17   C2H2F4    Excitation    9.30 eV                           
E/N (Td)	Inverse rate coefficient (m2)
0.1000E-02	0.1087E-15
0.1038E-02	0.1088E-15
0.1078E-02	0.1088E-15
0.1119E-02	0.1088E-15
0.1161E-02	0.1088E-15
0.1205E-02	0.1088E-15
0.1251E-02	0.1088E-15
0.1299E-02	0.1088E-15
0.1349E-02	0.1088E-15
0.1400E-02	0.1088E-15
0.1453E-02	0.1088E-15
0.1509E-02	0.1088E-15
0.1566E-02	0.1088E-15
0.1626E-02	0.1088E-15
0.1688E-02	0.1088E-15
0.1752E-02	0.1088E-15
0.1819E-02	0.1088E-15
0.1888E-02	0.1088E-15
0.1960E-02	0.1088E-15
0.2034E-02	0.1088E-15
0.2112E-02	0.1088E-15
0.2192E-02	0.1088E-15
0.2276E-02	0.1088E-15
0.2362E-02	0.1088E-15
0.2452E-02	0.1088E-15
0.2546E-02	0.1088E-15
0.2643E-02	0.1088E-15
0.2743E-02	0.1088E-15
0.2848E-02	0.1088E-15
0.2956E-02	0.1088E-15
0.3069E-02	0.1088E-15
0.3186E-02	0.1088E-15
0.3307E-02	0.1088E-15
0.3433E-02	0.1088E-15
0.3564E-02	0.1088E-15
0.3700E-02	0.1088E-15
0.3841E-02	0.1088E-15
0.3987E-02	0.1088E-15
0.4139E-02	0.1088E-15
0.4296E-02	0.1088E-15
0.4460E-02	0.1088E-15
0.4630E-02	0.1088E-15
0.4806E-02	0.1088E-15
0.4989E-02	0.1088E-15
0.5179E-02	0.1088E-15
0.5377E-02	0.1088E-15
0.5581E-02	0.1088E-15
0.5794E-02	0.1088E-15
0.6015E-02	0.1088E-15
0.6244E-02	0.1088E-15
0.6481E-02	0.1088E-15
0.6728E-02	0.1088E-15
0.6985E-02	0.1088E-15
0.7251E-02	0.1088E-15
0.7527E-02	0.1088E-15
0.7813E-02	0.1088E-15
0.8111E-02	0.1088E-15
0.8420E-02	0.1088E-15
0.8741E-02	0.1088E-15
0.9073E-02	0.1088E-15
0.9419E-02	0.1088E-15
0.9778E-02	0.1088E-15
0.1015E-01	0.1088E-15
0.1054E-01	0.1088E-15
0.1094E-01	0.1088E-15
0.1135E-01	0.1088E-15
0.1179E-01	0.1088E-15
0.1224E-01	0.1088E-15
0.1270E-01	0.1088E-15
0.1319E-01	0.1088E-15
0.1369E-01	0.1088E-15
0.1421E-01	0.1088E-15
0.1475E-01	0.1088E-15
0.1531E-01	0.1088E-15
0.1590E-01	0.1088E-15
0.1650E-01	0.1088E-15
0.1713E-01	0.1088E-15
0.1778E-01	0.1088E-15
0.1846E-01	0.1088E-15
0.1916E-01	0.1088E-15
0.1989E-01	0.1088E-15
0.2065E-01	0.1088E-15
0.2144E-01	0.1088E-15
0.2225E-01	0.1088E-15
0.2310E-01	0.1088E-15
0.2398E-01	0.1088E-15
0.2489E-01	0.1088E-15
0.2584E-01	0.1088E-15
0.2682E-01	0.1088E-15
0.2785E-01	0.1088E-15
0.2891E-01	0.1088E-15
0.3001E-01	0.1088E-15
0.3115E-01	0.1088E-15
0.3234E-01	0.1088E-15
0.3357E-01	0.1088E-15
0.3485E-01	0.1088E-15
0.3617E-01	0.1088E-15
0.3755E-01	0.1088E-15
0.3898E-01	0.1088E-15
0.4047E-01	0.1088E-15
0.4201E-01	0.1088E-15
0.4361E-01	0.1088E-15
0.4527E-01	0.1088E-15
0.4699E-01	0.1088E-15
0.4878E-01	0.1088E-15
0.5064E-01	0.1088E-15
0.5257E-01	0.1088E-15
0.5457E-01	0.1088E-15
0.5665E-01	0.1088E-15
0.5881E-01	0.1088E-15
0.6105E-01	0.1088E-15
0.6337E-01	0.1088E-15
0.6579E-01	0.1088E-15
0.6829E-01	0.1088E-15
0.7089E-01	0.1088E-15
0.7359E-01	0.1088E-15
0.7640E-01	0.1088E-15
0.7931E-01	0.1088E-15
0.8233E-01	0.1088E-15
0.8546E-01	0.1088E-15
0.8872E-01	0.1088E-15
0.9210E-01	0.1088E-15
0.9560E-01	0.1088E-15
0.9924E-01	0.1088E-15
0.1030	0.1088E-15
0.1069	0.1088E-15
0.1110	0.1088E-15
0.1152	0.1088E-15
0.1196	0.1088E-15
0.1242	0.1088E-15
0.1289	0.1088E-15
0.1338	0.1088E-15
0.1389	0.1088E-15
0.1442	0.1088E-15
0.1497	0.1088E-15
0.1554	0.1088E-15
0.1613	0.1088E-15
0.1675	0.1088E-15
0.1739	0.1088E-15
0.1805	0.1088E-15
0.1874	0.1088E-15
0.1945	0.1088E-15
0.2019	0.1088E-15
0.2096	0.1088E-15
0.2176	0.1088E-15
0.2259	0.1088E-15
0.2345	0.1088E-15
0.2434	0.1088E-15
0.2527	0.1088E-15
0.2623	0.1088E-15
0.2723	0.1088E-15
0.2826	0.1088E-15
0.2934	0.1088E-15
0.3046	0.1088E-15
0.3162	0.1088E-15
0.3282	0.1088E-15
0.3407	0.1088E-15
0.3537	0.1088E-15
0.3672	0.1088E-15
0.3812	0.1088E-15
0.3957	0.1088E-15
0.4107	0.1088E-15
0.4264	0.1088E-15
0.4426	0.1088E-15
0.4595	0.1088E-15
0.4770	0.1088E-15
0.4952	0.1088E-15
0.5140	0.1088E-15
0.5336	0.1088E-15
0.5539	0.1088E-15
0.5750	0.1088E-15
0.5969	0.1088E-15
0.6196	0.1088E-15
0.6432	0.1088E-15
0.6677	0.1088E-15
0.6932	0.1088E-15
0.7196	0.1088E-15
0.7470	0.1089E-15
0.7754	0.1089E-15
0.8050	0.1089E-15
0.8356	0.1089E-15
0.8674	0.1089E-15
0.9005	0.1089E-15
0.9348	0.1089E-15
0.9704	0.1089E-15
1.007	0.1089E-15
1.046	0.1089E-15
1.086	0.1089E-15
1.127	0.1089E-15
1.170	0.1089E-15
1.214	0.1089E-15
1.261	0.1089E-15
1.309	0.1089E-15
1.358	0.1090E-15
1.410	0.1090E-15
1.464	0.1090E-15
1.520	0.1090E-15
1.578	0.1090E-15
1.638	0.1090E-15
1.700	0.1091E-15
1.765	0.1091E-15
1.832	0.1091E-15
1.902	0.1091E-15
1.974	0.1092E-15
2.049	0.1092E-15
2.127	0.1092E-15
2.208	0.1093E-15
2.293	0.1093E-15
2.380	0.1093E-15
2.470	0.1094E-15
2.565	0.1094E-15
2.662	0.1095E-15
2.764	0.1096E-15
2.869	0.1096E-15
2.978	0.1097E-15
3.092	0.1098E-15
3.209	0.1099E-15
3.332	0.1099E-15
3.458	0.1100E-15
3.590	0.1101E-15
3.727	0.1103E-15
3.869	0.1104E-15
4.016	0.1105E-15
4.169	0.1106E-15
4.328	0.1108E-15
4.493	0.1109E-15
4.664	0.1111E-15
4.841	0.1112E-15
5.026	0.1114E-15
5.217	0.1116E-15
5.416	0.1118E-15
5.622	0.1120E-15
5.836	0.1122E-15
6.059	0.1124E-15
6.289	0.1127E-15
6.529	0.1129E-15
6.778	0.1132E-15
7.036	0.1134E-15
7.304	0.1137E-15
7.582	0.1140E-15
7.871	0.1143E-15
8.170	0.1146E-15
8.482	0.1150E-15
8.805	0.1151E-15
9.140	0.1154E-15
9.488	0.1158E-15
9.849	0.1161E-15
10.22	0.1165E-15
10.61	0.1169E-15
11.02	0.1174E-15
11.44	0.1183E-15
11.87	0.1188E-15
12.33	0.1193E-15
12.80	0.1198E-15
13.28	0.1203E-15
13.79	0.1208E-15
14.31	0.1212E-15
14.86	0.1219E-15
15.42	0.1222E-15
16.01	0.1229E-15
16.62	0.1235E-15
17.25	0.1235E-15
17.91	0.1242E-15
18.59	0.1269E-15
19.30	0.1277E-15
20.04	0.1285E-15
20.80	0.1295E-15
21.59	0.1305E-15
22.42	0.1315E-15
23.27	0.1326E-15
24.16	0.1338E-15
25.08	0.1351E-15
26.03	0.1365E-15
27.02	0.1379E-15
28.05	0.1395E-15
29.12	0.1411E-15
30.23	0.1430E-15
31.38	0.1452E-15
32.57	0.1473E-15
33.82	0.1501E-15
35.10	0.1532E-15
36.44	0.1569E-15
37.83	0.1613E-15
39.27	0.1659E-15
40.76	0.1721E-15
42.32	0.1797E-15
43.93	0.1890E-15
45.60	0.2001E-15
47.34	0.2133E-15
49.14	0.2375E-15
51.01	0.2577E-15
52.96	0.2813E-15
54.97	0.3080E-15
57.07	0.3388E-15
59.24	0.3727E-15
61.50	0.4103E-15
63.84	0.4502E-15
66.27	0.4929E-15
68.79	0.5368E-15
71.41	0.5821E-15
74.13	0.6277E-15
76.96	0.6731E-15
79.89	0.7174E-15
82.93	0.7609E-15
86.09	0.8029E-15
89.37	0.8433E-15
92.77	0.8820E-15
96.31	0.9187E-15
99.97	0.9534E-15
103.8	0.9863E-15
107.7	0.1017E-14
111.8	0.1046E-14
116.1	0.1074E-14
120.5	0.1099E-14
125.1	0.1122E-14
129.9	0.1144E-14
134.8	0.1164E-14
140.0	0.1182E-14
145.3	0.1199E-14
150.8	0.1214E-14
156.6	0.1228E-14
162.5	0.1240E-14
168.7	0.1252E-14
175.1	0.1262E-14
181.8	0.1272E-14
188.7	0.1280E-14
195.9	0.1288E-14
203.4	0.1295E-14
211.1	0.1301E-14
219.2	0.1306E-14
227.5	0.1311E-14
236.2	0.1316E-14
245.2	0.1320E-14
254.5	0.1324E-14
264.2	0.1327E-14
274.3	0.1330E-14
284.7	0.1332E-14
295.6	0.1334E-14
306.8	0.1336E-14
318.5	0.1338E-14
330.6	0.1339E-14
343.2	0.1340E-14
356.3	0.1341E-14
369.9	0.1341E-14
384.0	0.1342E-14
398.6	0.1342E-14
413.8	0.1341E-14
429.5	0.1341E-14
445.9	0.1340E-14
462.9	0.1339E-14
480.5	0.1338E-14
498.8	0.1337E-14
517.8	0.1335E-14
537.5	0.1333E-14
558.0	0.1331E-14
579.2	0.1328E-14
601.3	0.1326E-14
624.2	0.1323E-14
648.0	0.1319E-14
672.6	0.1316E-14
698.3	0.1312E-14
724.9	0.1308E-14
752.5	0.1304E-14
781.1	0.1299E-14
810.9	0.1294E-14
841.8	0.1289E-14
873.8	0.1283E-14
907.1	0.1277E-14
941.6	0.1271E-14
977.5	0.1265E-14
1015.	0.1258E-14
1053.	0.1251E-14
1094.	0.1243E-14
1135.	0.1236E-14
1178.	0.1227E-14
1223.	0.1219E-14
1270.	0.1210E-14
1318.	0.1201E-14
1368.	0.1192E-14
1421.	0.1182E-14
1475.	0.1172E-14
1531.	0.1162E-14
1589.	0.1151E-14
1650.	0.1140E-14
1712.	0.1128E-14
1778.	0.1117E-14
1845.	0.1105E-14
1916.	0.1093E-14
1989.	0.1080E-14
2064.	0.1068E-14
2143.	0.1055E-14
2225.	0.1042E-14
2309.	0.1028E-14
2397.	0.1015E-14
2489.	0.1001E-14
2583.	0.9868E-15
2682.	0.9727E-15
2784.	0.9584E-15
2890.	0.9439E-15
3000.	0.9292E-15
 
 
C18   C2H2F4    Excitation    9.40 eV                           
E/N (Td)	Inverse rate coefficient (m2)
0.1000E-02	0.2718E-16
0.1038E-02	0.2721E-16
0.1078E-02	0.2721E-16
0.1119E-02	0.2721E-16
0.1161E-02	0.2721E-16
0.1205E-02	0.2721E-16
0.1251E-02	0.2721E-16
0.1299E-02	0.2721E-16
0.1349E-02	0.2721E-16
0.1400E-02	0.2721E-16
0.1453E-02	0.2721E-16
0.1509E-02	0.2721E-16
0.1566E-02	0.2721E-16
0.1626E-02	0.2721E-16
0.1688E-02	0.2721E-16
0.1752E-02	0.2721E-16
0.1819E-02	0.2721E-16
0.1888E-02	0.2721E-16
0.1960E-02	0.2721E-16
0.2034E-02	0.2721E-16
0.2112E-02	0.2721E-16
0.2192E-02	0.2721E-16
0.2276E-02	0.2721E-16
0.2362E-02	0.2721E-16
0.2452E-02	0.2721E-16
0.2546E-02	0.2721E-16
0.2643E-02	0.2721E-16
0.2743E-02	0.2721E-16
0.2848E-02	0.2721E-16
0.2956E-02	0.2721E-16
0.3069E-02	0.2721E-16
0.3186E-02	0.2721E-16
0.3307E-02	0.2721E-16
0.3433E-02	0.2721E-16
0.3564E-02	0.2721E-16
0.3700E-02	0.2721E-16
0.3841E-02	0.2721E-16
0.3987E-02	0.2721E-16
0.4139E-02	0.2721E-16
0.4296E-02	0.2721E-16
0.4460E-02	0.2721E-16
0.4630E-02	0.2721E-16
0.4806E-02	0.2721E-16
0.4989E-02	0.2721E-16
0.5179E-02	0.2721E-16
0.5377E-02	0.2721E-16
0.5581E-02	0.2721E-16
0.5794E-02	0.2721E-16
0.6015E-02	0.2721E-16
0.6244E-02	0.2721E-16
0.6481E-02	0.2721E-16
0.6728E-02	0.2721E-16
0.6985E-02	0.2721E-16
0.7251E-02	0.2721E-16
0.7527E-02	0.2721E-16
0.7813E-02	0.2721E-16
0.8111E-02	0.2721E-16
0.8420E-02	0.2721E-16
0.8741E-02	0.2721E-16
0.9073E-02	0.2721E-16
0.9419E-02	0.2721E-16
0.9778E-02	0.2721E-16
0.1015E-01	0.2721E-16
0.1054E-01	0.2721E-16
0.1094E-01	0.2721E-16
0.1135E-01	0.2721E-16
0.1179E-01	0.2721E-16
0.1224E-01	0.2721E-16
0.1270E-01	0.2721E-16
0.1319E-01	0.2721E-16
0.1369E-01	0.2721E-16
0.1421E-01	0.2721E-16
0.1475E-01	0.2721E-16
0.1531E-01	0.2721E-16
0.1590E-01	0.2721E-16
0.1650E-01	0.2721E-16
0.1713E-01	0.2721E-16
0.1778E-01	0.2721E-16
0.1846E-01	0.2721E-16
0.1916E-01	0.2721E-16
0.1989E-01	0.2721E-16
0.2065E-01	0.2721E-16
0.2144E-01	0.2721E-16
0.2225E-01	0.2721E-16
0.2310E-01	0.2721E-16
0.2398E-01	0.2721E-16
0.2489E-01	0.2721E-16
0.2584E-01	0.2721E-16
0.2682E-01	0.2721E-16
0.2785E-01	0.2721E-16
0.2891E-01	0.2721E-16
0.3001E-01	0.2721E-16
0.3115E-01	0.2721E-16
0.3234E-01	0.2721E-16
0.3357E-01	0.2721E-16
0.3485E-01	0.2721E-16
0.3617E-01	0.2721E-16
0.3755E-01	0.2721E-16
0.3898E-01	0.2721E-16
0.4047E-01	0.2721E-16
0.4201E-01	0.2721E-16
0.4361E-01	0.2721E-16
0.4527E-01	0.2721E-16
0.4699E-01	0.2721E-16
0.4878E-01	0.2721E-16
0.5064E-01	0.2721E-16
0.5257E-01	0.2721E-16
0.5457E-01	0.2721E-16
0.5665E-01	0.2721E-16
0.5881E-01	0.2721E-16
0.6105E-01	0.2721E-16
0.6337E-01	0.2721E-16
0.6579E-01	0.2721E-16
0.6829E-01	0.2721E-16
0.7089E-01	0.2721E-16
0.7359E-01	0.2721E-16
0.7640E-01	0.2721E-16
0.7931E-01	0.2721E-16
0.8233E-01	0.2721E-16
0.8546E-01	0.2721E-16
0.8872E-01	0.2721E-16
0.9210E-01	0.2721E-16
0.9560E-01	0.2721E-16
0.9924E-01	0.2721E-16
0.1030	0.2721E-16
0.1069	0.2721E-16
0.1110	0.2721E-16
0.1152	0.2721E-16
0.1196	0.2721E-16
0.1242	0.2721E-16
0.1289	0.2721E-16
0.1338	0.2721E-16
0.1389	0.2721E-16
0.1442	0.2721E-16
0.1497	0.2721E-16
0.1554	0.2721E-16
0.1613	0.2721E-16
0.1675	0.2721E-16
0.1739	0.2721E-16
0.1805	0.2721E-16
0.1874	0.2721E-16
0.1945	0.2721E-16
0.2019	0.2721E-16
0.2096	0.2721E-16
0.2176	0.2721E-16
0.2259	0.2721E-16
0.2345	0.2721E-16
0.2434	0.2721E-16
0.2527	0.2721E-16
0.2623	0.2721E-16
0.2723	0.2721E-16
0.2826	0.2721E-16
0.2934	0.2721E-16
0.3046	0.2721E-16
0.3162	0.2721E-16
0.3282	0.2721E-16
0.3407	0.2721E-16
0.3537	0.2721E-16
0.3672	0.2721E-16
0.3812	0.2721E-16
0.3957	0.2721E-16
0.4107	0.2721E-16
0.4264	0.2721E-16
0.4426	0.2721E-16
0.4595	0.2721E-16
0.4770	0.2721E-16
0.4952	0.2721E-16
0.5140	0.2721E-16
0.5336	0.2721E-16
0.5539	0.2721E-16
0.5750	0.2721E-16
0.5969	0.2721E-16
0.6196	0.2721E-16
0.6432	0.2722E-16
0.6677	0.2722E-16
0.6932	0.2722E-16
0.7196	0.2722E-16
0.7470	0.2722E-16
0.7754	0.2722E-16
0.8050	0.2722E-16
0.8356	0.2722E-16
0.8674	0.2722E-16
0.9005	0.2722E-16
0.9348	0.2722E-16
0.9704	0.2722E-16
1.007	0.2722E-16
1.046	0.2723E-16
1.086	0.2723E-16
1.127	0.2723E-16
1.170	0.2723E-16
1.214	0.2723E-16
1.261	0.2723E-16
1.309	0.2724E-16
1.358	0.2724E-16
1.410	0.2724E-16
1.464	0.2724E-16
1.520	0.2725E-16
1.578	0.2725E-16
1.638	0.2725E-16
1.700	0.2726E-16
1.765	0.2726E-16
1.832	0.2727E-16
1.902	0.2727E-16
1.974	0.2728E-16
2.049	0.2729E-16
2.127	0.2729E-16
2.208	0.2730E-16
2.293	0.2731E-16
2.380	0.2732E-16
2.470	0.2733E-16
2.565	0.2734E-16
2.662	0.2735E-16
2.764	0.2736E-16
2.869	0.2738E-16
2.978	0.2739E-16
3.092	0.2741E-16
3.209	0.2742E-16
3.332	0.2744E-16
3.458	0.2746E-16
3.590	0.2748E-16
3.727	0.2751E-16
3.869	0.2753E-16
4.016	0.2755E-16
4.169	0.2758E-16
4.328	0.2761E-16
4.493	0.2764E-16
4.664	0.2767E-16
4.841	0.2770E-16
5.026	0.2774E-16
5.217	0.2778E-16
5.416	0.2782E-16
5.622	0.2786E-16
5.836	0.2790E-16
6.059	0.2795E-16
6.289	0.2800E-16
6.529	0.2805E-16
6.778	0.2810E-16
7.036	0.2815E-16
7.304	0.2821E-16
7.582	0.2827E-16
7.871	0.2833E-16
8.170	0.2840E-16
8.482	0.2846E-16
8.805	0.2848E-16
9.140	0.2855E-16
9.488	0.2863E-16
9.849	0.2870E-16
10.22	0.2878E-16
10.61	0.2887E-16
11.02	0.2895E-16
11.44	0.2915E-16
11.87	0.2925E-16
12.33	0.2935E-16
12.80	0.2946E-16
13.28	0.2957E-16
13.79	0.2966E-16
14.31	0.2978E-16
14.86	0.2990E-16
15.42	0.2996E-16
16.01	0.3009E-16
16.62	0.3023E-16
17.25	0.3022E-16
17.91	0.3036E-16
18.59	0.3092E-16
19.30	0.3109E-16
20.04	0.3125E-16
20.80	0.3145E-16
21.59	0.3166E-16
22.42	0.3187E-16
23.27	0.3210E-16
24.16	0.3235E-16
25.08	0.3262E-16
26.03	0.3289E-16
27.02	0.3320E-16
28.05	0.3354E-16
29.12	0.3386E-16
30.23	0.3426E-16
31.38	0.3471E-16
32.57	0.3516E-16
33.82	0.3575E-16
35.10	0.3639E-16
36.44	0.3717E-16
37.83	0.3808E-16
39.27	0.3905E-16
40.76	0.4036E-16
42.32	0.4195E-16
43.93	0.4390E-16
45.60	0.4620E-16
47.34	0.4897E-16
49.14	0.5404E-16
51.01	0.5826E-16
52.96	0.6319E-16
54.97	0.6881E-16
57.07	0.7527E-16
59.24	0.8242E-16
61.50	0.9038E-16
63.84	0.9888E-16
66.27	0.1080E-15
68.79	0.1175E-15
71.41	0.1275E-15
74.13	0.1376E-15
76.96	0.1478E-15
79.89	0.1580E-15
82.93	0.1681E-15
86.09	0.1782E-15
89.37	0.1882E-15
92.77	0.1980E-15
96.31	0.2076E-15
99.97	0.2170E-15
103.8	0.2263E-15
107.7	0.2353E-15
111.8	0.2441E-15
116.1	0.2527E-15
120.5	0.2611E-15
125.1	0.2691E-15
129.9	0.2770E-15
134.8	0.2845E-15
140.0	0.2918E-15
145.3	0.2987E-15
150.8	0.3054E-15
156.6	0.3118E-15
162.5	0.3180E-15
168.7	0.3239E-15
175.1	0.3295E-15
181.8	0.3349E-15
188.7	0.3401E-15
195.9	0.3451E-15
203.4	0.3499E-15
211.1	0.3545E-15
219.2	0.3590E-15
227.5	0.3633E-15
236.2	0.3675E-15
245.2	0.3716E-15
254.5	0.3756E-15
264.2	0.3795E-15
274.3	0.3833E-15
284.7	0.3870E-15
295.6	0.3907E-15
306.8	0.3943E-15
318.5	0.3978E-15
330.6	0.4014E-15
343.2	0.4049E-15
356.3	0.4083E-15
369.9	0.4118E-15
384.0	0.4152E-15
398.6	0.4187E-15
413.8	0.4221E-15
429.5	0.4255E-15
445.9	0.4290E-15
462.9	0.4324E-15
480.5	0.4359E-15
498.8	0.4394E-15
517.8	0.4429E-15
537.5	0.4465E-15
558.0	0.4501E-15
579.2	0.4537E-15
601.3	0.4574E-15
624.2	0.4611E-15
648.0	0.4648E-15
672.6	0.4686E-15
698.3	0.4725E-15
724.9	0.4764E-15
752.5	0.4803E-15
781.1	0.4844E-15
810.9	0.4884E-15
841.8	0.4926E-15
873.8	0.4968E-15
907.1	0.5011E-15
941.6	0.5054E-15
977.5	0.5098E-15
1015.	0.5143E-15
1053.	0.5188E-15
1094.	0.5235E-15
1135.	0.5281E-15
1178.	0.5329E-15
1223.	0.5377E-15
1270.	0.5426E-15
1318.	0.5476E-15
1368.	0.5527E-15
1421.	0.5578E-15
1475.	0.5630E-15
1531.	0.5682E-15
1589.	0.5735E-15
1650.	0.5789E-15
1712.	0.5844E-15
1778.	0.5899E-15
1845.	0.5954E-15
1916.	0.6011E-15
1989.	0.6067E-15
2064.	0.6125E-15
2143.	0.6182E-15
2225.	0.6241E-15
2309.	0.6299E-15
2397.	0.6359E-15
2489.	0.6418E-15
2583.	0.6478E-15
2682.	0.6538E-15
2784.	0.6599E-15
2890.	0.6659E-15
3000.	0.6721E-15
 
 
C19   C2H2F4    Ionization    13.20 eV                          
E/N (Td)	Inverse rate coefficient (m2)
0.1000E-02	0.000
0.1038E-02	0.000
0.1078E-02	0.000
0.1119E-02	0.000
0.1161E-02	0.000
0.1205E-02	0.000
0.1251E-02	0.000
0.1299E-02	0.000
0.1349E-02	0.000
0.1400E-02	0.000
0.1453E-02	0.000
0.1509E-02	0.000
0.1566E-02	0.000
0.1626E-02	0.000
0.1688E-02	0.000
0.1752E-02	0.000
0.1819E-02	0.000
0.1888E-02	0.000
0.1960E-02	0.000
0.2034E-02	0.000
0.2112E-02	0.000
0.2192E-02	0.000
0.2276E-02	0.000
0.2362E-02	0.000
0.2452E-02	0.000
0.2546E-02	0.000
0.2643E-02	0.000
0.2743E-02	0.000
0.2848E-02	0.000
0.2956E-02	0.000
0.3069E-02	0.000
0.3186E-02	0.000
0.3307E-02	0.000
0.3433E-02	0.000
0.3564E-02	0.000
0.3700E-02	0.000
0.3841E-02	0.000
0.3987E-02	0.000
0.4139E-02	0.000
0.4296E-02	0.000
0.4460E-02	0.000
0.4630E-02	0.000
0.4806E-02	0.000
0.4989E-02	0.000
0.5179E-02	0.000
0.5377E-02	0.000
0.5581E-02	0.000
0.5794E-02	0.000
0.6015E-02	0.000
0.6244E-02	0.000
0.6481E-02	0.000
0.6728E-02	0.000
0.6985E-02	0.000
0.7251E-02	0.000
0.7527E-02	0.000
0.7813E-02	0.000
0.8111E-02	0.000
0.8420E-02	0.000
0.8741E-02	0.000
0.9073E-02	0.000
0.9419E-02	0.000
0.9778E-02	0.000
0.1015E-01	0.000
0.1054E-01	0.000
0.1094E-01	0.000
0.1135E-01	0.000
0.1179E-01	0.000
0.1224E-01	0.000
0.1270E-01	0.000
0.1319E-01	0.000
0.1369E-01	0.000
0.1421E-01	0.000
0.1475E-01	0.000
0.1531E-01	0.000
0.1590E-01	0.000
0.1650E-01	0.000
0.1713E-01	0.000
0.1778E-01	0.000
0.1846E-01	0.000
0.1916E-01	0.000
0.1989E-01	0.000
0.2065E-01	0.000
0.2144E-01	0.000
0.2225E-01	0.000
0.2310E-01	0.000
0.2398E-01	0.000
0.2489E-01	0.000
0.2584E-01	0.000
0.2682E-01	0.000
0.2785E-01	0.000
0.2891E-01	0.000
0.3001E-01	0.000
0.3115E-01	0.000
0.3234E-01	0.000
0.3357E-01	0.000
0.3485E-01	0.000
0.3617E-01	0.000
0.3755E-01	0.000
0.3898E-01	0.000
0.4047E-01	0.000
0.4201E-01	0.000
0.4361E-01	0.000
0.4527E-01	0.000
0.4699E-01	0.000
0.4878E-01	0.000
0.5064E-01	0.000
0.5257E-01	0.000
0.5457E-01	0.000
0.5665E-01	0.000
0.5881E-01	0.000
0.6105E-01	0.000
0.6337E-01	0.000
0.6579E-01	0.000
0.6829E-01	0.000
0.7089E-01	0.000
0.7359E-01	0.000
0.7640E-01	0.000
0.7931E-01	0.000
0.8233E-01	0.000
0.8546E-01	0.000
0.8872E-01	0.000
0.9210E-01	0.000
0.9560E-01	0.000
0.9924E-01	0.000
0.1030	0.000
0.1069	0.000
0.1110	0.000
0.1152	0.000
0.1196	0.000
0.1242	0.000
0.1289	0.000
0.1338	0.000
0.1389	0.000
0.1442	0.000
0.1497	0.000
0.1554	0.000
0.1613	0.000
0.1675	0.000
0.1739	0.000
0.1805	0.000
0.1874	0.000
0.1945	0.000
0.2019	0.000
0.2096	0.000
0.2176	0.000
0.2259	0.000
0.2345	0.000
0.2434	0.000
0.2527	0.000
0.2623	0.000
0.2723	0.000
0.2826	0.000
0.2934	0.000
0.3046	0.000
0.3162	0.000
0.3282	0.000
0.3407	0.000
0.3537	0.000
0.3672	0.000
0.3812	0.000
0.3957	0.000
0.4107	0.000
0.4264	0.000
0.4426	0.000
0.4595	0.000
0.4770	0.000
0.4952	0.000
0.5140	0.000
0.5336	0.000
0.5539	0.000
0.5750	0.000
0.5969	0.000
0.6196	0.000
0.6432	0.000
0.6677	0.000
0.6932	0.000
0.7196	0.000
0.7470	0.000
0.7754	0.000
0.8050	0.000
0.8356	0.000
0.8674	0.000
0.9005	0.000
0.9348	0.000
0.9704	0.000
1.007	0.000
1.046	0.000
1.086	0.000
1.127	0.000
1.170	0.000
1.214	0.000
1.261	0.000
1.309	0.000
1.358	0.000
1.410	0.000
1.464	0.000
1.520	0.000
1.578	0.000
1.638	0.000
1.700	0.000
1.765	0.000
1.832	0.000
1.902	0.000
1.974	0.000
2.049	0.000
2.127	0.000
2.208	0.000
2.293	0.000
2.380	0.000
2.470	0.000
2.565	0.000
2.662	0.000
2.764	0.000
2.869	0.000
2.978	0.000
3.092	0.000
3.209	0.000
3.332	0.000
3.458	0.000
3.590	0.000
3.727	0.000
3.869	0.000
4.016	0.000
4.169	0.000
4.328	0.000
4.493	0.000
4.664	0.000
4.841	0.000
5.026	0.000
5.217	0.000
5.416	0.000
5.622	0.000
5.836	0.000
6.059	0.000
6.289	0.000
6.529	0.000
6.778	0.000
7.036	0.000
7.304	0.000
7.582	0.000
7.871	0.000
8.170	0.000
8.482	0.000
8.805	0.000
9.140	0.000
9.488	0.000
9.849	0.000
10.22	0.000
10.61	0.000
11.02	0.000
11.44	0.000
11.87	0.000
12.33	0.000
12.80	0.000
13.28	0.000
13.79	0.000
14.31	0.000
14.86	0.000
15.42	0.000
16.01	0.000
16.62	0.000
17.25	0.000
17.91	0.000
18.59	0.000
19.30	0.000
20.04	0.000
20.80	0.000
21.59	0.000
22.42	0.000
23.27	0.000
24.16	0.000
25.08	0.000
26.03	0.000
27.02	0.000
28.05	0.000
29.12	0.000
30.23	0.000
31.38	0.000
32.57	0.000
33.82	0.000
35.10	0.000
36.44	0.000
37.83	0.000
39.27	0.000
40.76	0.000
42.32	0.000
43.93	0.000
45.60	0.000
47.34	0.000
49.14	0.000
51.01	0.000
52.96	0.000
54.97	0.000
57.07	0.000
59.24	0.000
61.50	0.000
63.84	0.000
66.27	0.000
68.79	0.000
71.41	0.000
74.13	0.000
76.96	0.000
79.89	0.000
82.93	0.000
86.09	0.000
89.37	0.000
92.77	0.000
96.31	0.000
99.97	0.000
103.8	0.000
107.7	0.000
111.8	0.000
116.1	0.000
120.5	0.000
125.1	0.000
129.9	0.000
134.8	0.000
140.0	0.000
145.3	0.000
150.8	0.000
156.6	0.000
162.5	0.000
168.7	0.000
175.1	0.000
181.8	0.000
188.7	0.000
195.9	0.000
203.4	0.000
211.1	0.000
219.2	0.000
227.5	0.000
236.2	0.000
245.2	0.000
254.5	0.000
264.2	0.000
274.3	0.000
284.7	0.000
295.6	0.000
306.8	0.000
318.5	0.000
330.6	0.000
343.2	0.000
356.3	0.000
369.9	0.000
384.0	0.000
398.6	0.000
413.8	0.000
429.5	0.000
445.9	0.000
462.9	0.000
480.5	0.000
498.8	0.000
517.8	0.000
537.5	0.000
558.0	0.000
579.2	0.000
601.3	0.000
624.2	0.000
648.0	0.000
672.6	0.000
698.3	0.000
724.9	0.000
752.5	0.000
781.1	0.000
810.9	0.000
841.8	0.000
873.8	0.000
907.1	0.000
941.6	0.000
977.5	0.000
1015.	0.000
1053.	0.000
1094.	0.000
1135.	0.000
1178.	0.000
1223.	0.000
1270.	0.000
1318.	0.000
1368.	0.000
1421.	0.000
1475.	0.000
1531.	0.000
1589.	0.000
1650.	0.000
1712.	0.000
1778.	0.000
1845.	0.000
1916.	0.000
1989.	0.000
2064.	0.000
2143.	0.000
2225.	0.000
2309.	0.000
2397.	0.000
2489.	0.000
2583.	0.000
2682.	0.000
2784.	0.000
2890.	0.000
3000.	0.000
 
 
C1    C2H2F4    Attachment                                      
E/N (Td)	Energy loss coefficient (eV m3/s)
0.1000E-02	0.8426E-21
0.1038E-02	0.8425E-21
0.1078E-02	0.8425E-21
0.1119E-02	0.8425E-21
0.1161E-02	0.8425E-21
0.1205E-02	0.8425E-21
0.1251E-02	0.8425E-21
0.1299E-02	0.8425E-21
0.1349E-02	0.8425E-21
0.1400E-02	0.8425E-21
0.1453E-02	0.8425E-21
0.1509E-02	0.8425E-21
0.1566E-02	0.8425E-21
0.1626E-02	0.8425E-21
0.1688E-02	0.8425E-21
0.1752E-02	0.8425E-21
0.1819E-02	0.8425E-21
0.1888E-02	0.8425E-21
0.1960E-02	0.8425E-21
0.2034E-02	0.8425E-21
0.2112E-02	0.8425E-21
0.2192E-02	0.8425E-21
0.2276E-02	0.8425E-21
0.2362E-02	0.8425E-21
0.2452E-02	0.8425E-21
0.2546E-02	0.8425E-21
0.2643E-02	0.8425E-21
0.2743E-02	0.8425E-21
0.2848E-02	0.8425E-21
0.2956E-02	0.8425E-21
0.3069E-02	0.8425E-21
0.3186E-02	0.8425E-21
0.3307E-02	0.8425E-21
0.3433E-02	0.8425E-21
0.3564E-02	0.8425E-21
0.3700E-02	0.8425E-21
0.3841E-02	0.8425E-21
0.3987E-02	0.8425E-21
0.4139E-02	0.8425E-21
0.4296E-02	0.8425E-21
0.4460E-02	0.8425E-21
0.4630E-02	0.8425E-21
0.4806E-02	0.8425E-21
0.4989E-02	0.8425E-21
0.5179E-02	0.8425E-21
0.5377E-02	0.8425E-21
0.5581E-02	0.8425E-21
0.5794E-02	0.8425E-21
0.6015E-02	0.8425E-21
0.6244E-02	0.8425E-21
0.6481E-02	0.8425E-21
0.6728E-02	0.8425E-21
0.6985E-02	0.8425E-21
0.7251E-02	0.8425E-21
0.7527E-02	0.8425E-21
0.7813E-02	0.8425E-21
0.8111E-02	0.8425E-21
0.8420E-02	0.8425E-21
0.8741E-02	0.8425E-21
0.9073E-02	0.8425E-21
0.9419E-02	0.8425E-21
0.9778E-02	0.8425E-21
0.1015E-01	0.8425E-21
0.1054E-01	0.8425E-21
0.1094E-01	0.8425E-21
0.1135E-01	0.8425E-21
0.1179E-01	0.8425E-21
0.1224E-01	0.8425E-21
0.1270E-01	0.8425E-21
0.1319E-01	0.8425E-21
0.1369E-01	0.8425E-21
0.1421E-01	0.8425E-21
0.1475E-01	0.8425E-21
0.1531E-01	0.8425E-21
0.1590E-01	0.8425E-21
0.1650E-01	0.8425E-21
0.1713E-01	0.8425E-21
0.1778E-01	0.8425E-21
0.1846E-01	0.8425E-21
0.1916E-01	0.8425E-21
0.1989E-01	0.8425E-21
0.2065E-01	0.8425E-21
0.2144E-01	0.8425E-21
0.2225E-01	0.8425E-21
0.2310E-01	0.8425E-21
0.2398E-01	0.8425E-21
0.2489E-01	0.8425E-21
0.2584E-01	0.8425E-21
0.2682E-01	0.8425E-21
0.2785E-01	0.8425E-21
0.2891E-01	0.8425E-21
0.3001E-01	0.8425E-21
0.3115E-01	0.8425E-21
0.3234E-01	0.8425E-21
0.3357E-01	0.8425E-21
0.3485E-01	0.8425E-21
0.3617E-01	0.8425E-21
0.3755E-01	0.8425E-21
0.3898E-01	0.8425E-21
0.4047E-01	0.8425E-21
0.4201E-01	0.8425E-21
0.4361E-01	0.8425E-21
0.4527E-01	0.8425E-21
0.4699E-01	0.8425E-21
0.4878E-01	0.8425E-21
0.5064E-01	0.8425E-21
0.5257E-01	0.8425E-21
0.5457E-01	0.8425E-21
0.5665E-01	0.8425E-21
0.5881E-01	0.8425E-21
0.6105E-01	0.8425E-21
0.6337E-01	0.8425E-21
0.6579E-01	0.8425E-21
0.6829E-01	0.8426E-21
0.7089E-01	0.8426E-21
0.7359E-01	0.8426E-21
0.7640E-01	0.8426E-21
0.7931E-01	0.8426E-21
0.8233E-01	0.8426E-21
0.8546E-01	0.8426E-21
0.8872E-01	0.8426E-21
0.9210E-01	0.8426E-21
0.9560E-01	0.8426E-21
0.9924E-01	0.8426E-21
0.1030	0.8426E-21
0.1069	0.8426E-21
0.1110	0.8426E-21
0.1152	0.8426E-21
0.1196	0.8426E-21
0.1242	0.8426E-21
0.1289	0.8426E-21
0.1338	0.8426E-21
0.1389	0.8426E-21
0.1442	0.8426E-21
0.1497	0.8427E-21
0.1554	0.8427E-21
0.1613	0.8427E-21
0.1675	0.8427E-21
0.1739	0.8427E-21
0.1805	0.8427E-21
0.1874	0.8427E-21
0.1945	0.8428E-21
0.2019	0.8428E-21
0.2096	0.8428E-21
0.2176	0.8428E-21
0.2259	0.8428E-21
0.2345	0.8429E-21
0.2434	0.8429E-21
0.2527	0.8429E-21
0.2623	0.8429E-21
0.2723	0.8430E-21
0.2826	0.8430E-21
0.2934	0.8430E-21
0.3046	0.8431E-21
0.3162	0.8431E-21
0.3282	0.8432E-21
0.3407	0.8432E-21
0.3537	0.8433E-21
0.3672	0.8433E-21
0.3812	0.8434E-21
0.3957	0.8435E-21
0.4107	0.8435E-21
0.4264	0.8436E-21
0.4426	0.8437E-21
0.4595	0.8438E-21
0.4770	0.8439E-21
0.4952	0.8440E-21
0.5140	0.8441E-21
0.5336	0.8442E-21
0.5539	0.8443E-21
0.5750	0.8445E-21
0.5969	0.8446E-21
0.6196	0.8448E-21
0.6432	0.8450E-21
0.6677	0.8451E-21
0.6932	0.8453E-21
0.7196	0.8455E-21
0.7470	0.8458E-21
0.7754	0.8460E-21
0.8050	0.8463E-21
0.8356	0.8465E-21
0.8674	0.8468E-21
0.9005	0.8472E-21
0.9348	0.8475E-21
0.9704	0.8479E-21
1.007	0.8482E-21
1.046	0.8487E-21
1.086	0.8491E-21
1.127	0.8496E-21
1.170	0.8501E-21
1.214	0.8506E-21
1.261	0.8512E-21
1.309	0.8518E-21
1.358	0.8525E-21
1.410	0.8532E-21
1.464	0.8540E-21
1.520	0.8548E-21
1.578	0.8556E-21
1.638	0.8565E-21
1.700	0.8575E-21
1.765	0.8586E-21
1.832	0.8597E-21
1.902	0.8609E-21
1.974	0.8622E-21
2.049	0.8636E-21
2.127	0.8650E-21
2.208	0.8666E-21
2.293	0.8683E-21
2.380	0.8701E-21
2.470	0.8720E-21
2.565	0.8741E-21
2.662	0.8763E-21
2.764	0.8787E-21
2.869	0.8812E-21
2.978	0.8840E-21
3.092	0.8869E-21
3.209	0.8900E-21
3.332	0.8934E-21
3.458	0.8970E-21
3.590	0.9008E-21
3.727	0.9050E-21
3.869	0.9094E-21
4.016	0.9142E-21
4.169	0.9193E-21
4.328	0.9248E-21
4.493	0.9306E-21
4.664	0.9369E-21
4.841	0.9437E-21
5.026	0.9509E-21
5.217	0.9587E-21
5.416	0.9670E-21
5.622	0.9760E-21
5.836	0.9856E-21
6.059	0.9959E-21
6.289	0.1007E-20
6.529	0.1019E-20
6.778	0.1031E-20
7.036	0.1045E-20
7.304	0.1060E-20
7.582	0.1075E-20
7.871	0.1092E-20
8.170	0.1110E-20
8.482	0.1130E-20
8.805	0.1149E-20
9.140	0.1172E-20
9.488	0.1196E-20
9.849	0.1222E-20
10.22	0.1250E-20
10.61	0.1280E-20
11.02	0.1313E-20
11.44	0.1354E-20
11.87	0.1392E-20
12.33	0.1434E-20
12.80	0.1480E-20
13.28	0.1529E-20
13.79	0.1580E-20
14.31	0.1638E-20
14.86	0.1702E-20
15.42	0.1765E-20
16.01	0.1840E-20
16.62	0.1923E-20
17.25	0.2000E-20
17.91	0.2098E-20
18.59	0.2245E-20
19.30	0.2368E-20
20.04	0.2509E-20
20.80	0.2662E-20
21.59	0.2833E-20
22.42	0.3021E-20
23.27	0.3237E-20
24.16	0.3483E-20
25.08	0.3766E-20
26.03	0.4097E-20
27.02	0.4479E-20
28.05	0.4929E-20
29.12	0.5481E-20
30.23	0.6134E-20
31.38	0.6934E-20
32.57	0.8052E-20
33.82	0.9317E-20
35.10	0.1084E-19
36.44	0.1286E-19
37.83	0.1546E-19
39.27	0.1902E-19
40.76	0.2334E-19
42.32	0.2887E-19
43.93	0.3594E-19
45.60	0.4478E-19
47.34	0.5577E-19
49.14	0.7606E-19
51.01	0.9344E-19
52.96	0.1138E-18
54.97	0.1368E-18
57.07	0.1629E-18
59.24	0.1910E-18
61.50	0.2212E-18
63.84	0.2518E-18
66.27	0.2826E-18
68.79	0.3121E-18
71.41	0.3399E-18
74.13	0.3648E-18
76.96	0.3862E-18
79.89	0.4035E-18
82.93	0.4168E-18
86.09	0.4259E-18
89.37	0.4310E-18
92.77	0.4323E-18
96.31	0.4303E-18
99.97	0.4253E-18
103.8	0.4179E-18
107.7	0.4086E-18
111.8	0.3977E-18
116.1	0.3858E-18
120.5	0.3731E-18
125.1	0.3601E-18
129.9	0.3469E-18
134.8	0.3339E-18
140.0	0.3212E-18
145.3	0.3089E-18
150.8	0.2971E-18
156.6	0.2859E-18
162.5	0.2752E-18
168.7	0.2652E-18
175.1	0.2557E-18
181.8	0.2468E-18
188.7	0.2384E-18
195.9	0.2305E-18
203.4	0.2231E-18
211.1	0.2161E-18
219.2	0.2096E-18
227.5	0.2033E-18
236.2	0.1975E-18
245.2	0.1919E-18
254.5	0.1866E-18
264.2	0.1815E-18
274.3	0.1767E-18
284.7	0.1721E-18
295.6	0.1677E-18
306.8	0.1634E-18
318.5	0.1593E-18
330.6	0.1554E-18
343.2	0.1516E-18
356.3	0.1479E-18
369.9	0.1444E-18
384.0	0.1409E-18
398.6	0.1376E-18
413.8	0.1343E-18
429.5	0.1311E-18
445.9	0.1281E-18
462.9	0.1250E-18
480.5	0.1221E-18
498.8	0.1192E-18
517.8	0.1164E-18
537.5	0.1136E-18
558.0	0.1109E-18
579.2	0.1083E-18
601.3	0.1056E-18
624.2	0.1031E-18
648.0	0.1006E-18
672.6	0.9809E-19
698.3	0.9566E-19
724.9	0.9327E-19
752.5	0.9092E-19
781.1	0.8861E-19
810.9	0.8634E-19
841.8	0.8410E-19
873.8	0.8190E-19
907.1	0.7974E-19
941.6	0.7761E-19
977.5	0.7552E-19
1015.	0.7345E-19
1053.	0.7142E-19
1094.	0.6945E-19
1135.	0.6748E-19
1178.	0.6556E-19
1223.	0.6366E-19
1270.	0.6179E-19
1318.	0.5996E-19
1368.	0.5817E-19
1421.	0.5641E-19
1475.	0.5468E-19
1531.	0.5302E-19
1589.	0.5136E-19
1650.	0.4974E-19
1712.	0.4815E-19
1778.	0.4660E-19
1845.	0.4508E-19
1916.	0.4359E-19
1989.	0.4214E-19
2064.	0.4071E-19
2143.	0.3933E-19
2225.	0.3798E-19
2309.	0.3667E-19
2397.	0.3541E-19
2489.	0.3416E-19
2583.	0.3295E-19
2682.	0.3177E-19
2784.	0.3064E-19
2890.	0.2953E-19
3000.	0.2845E-19
 
 
C2    C2H2F4    Attachment                                      
E/N (Td)	Energy loss coefficient (eV m3/s)
0.1000E-02	0.5592E-21
0.1038E-02	0.5591E-21
0.1078E-02	0.5591E-21
0.1119E-02	0.5591E-21
0.1161E-02	0.5591E-21
0.1205E-02	0.5591E-21
0.1251E-02	0.5591E-21
0.1299E-02	0.5591E-21
0.1349E-02	0.5591E-21
0.1400E-02	0.5591E-21
0.1453E-02	0.5591E-21
0.1509E-02	0.5591E-21
0.1566E-02	0.5591E-21
0.1626E-02	0.5591E-21
0.1688E-02	0.5591E-21
0.1752E-02	0.5591E-21
0.1819E-02	0.5591E-21
0.1888E-02	0.5591E-21
0.1960E-02	0.5591E-21
0.2034E-02	0.5591E-21
0.2112E-02	0.5591E-21
0.2192E-02	0.5591E-21
0.2276E-02	0.5591E-21
0.2362E-02	0.5591E-21
0.2452E-02	0.5591E-21
0.2546E-02	0.5591E-21
0.2643E-02	0.5591E-21
0.2743E-02	0.5591E-21
0.2848E-02	0.5591E-21
0.2956E-02	0.5591E-21
0.3069E-02	0.5591E-21
0.3186E-02	0.5591E-21
0.3307E-02	0.5591E-21
0.3433E-02	0.5591E-21
0.3564E-02	0.5591E-21
0.3700E-02	0.5591E-21
0.3841E-02	0.5591E-21
0.3987E-02	0.5591E-21
0.4139E-02	0.5591E-21
0.4296E-02	0.5591E-21
0.4460E-02	0.5591E-21
0.4630E-02	0.5591E-21
0.4806E-02	0.5591E-21
0.4989E-02	0.5591E-21
0.5179E-02	0.5591E-21
0.5377E-02	0.5591E-21
0.5581E-02	0.5591E-21
0.5794E-02	0.5591E-21
0.6015E-02	0.5591E-21
0.6244E-02	0.5591E-21
0.6481E-02	0.5591E-21
0.6728E-02	0.5591E-21
0.6985E-02	0.5591E-21
0.7251E-02	0.5591E-21
0.7527E-02	0.5591E-21
0.7813E-02	0.5591E-21
0.8111E-02	0.5591E-21
0.8420E-02	0.5591E-21
0.8741E-02	0.5591E-21
0.9073E-02	0.5591E-21
0.9419E-02	0.5591E-21
0.9778E-02	0.5591E-21
0.1015E-01	0.5591E-21
0.1054E-01	0.5591E-21
0.1094E-01	0.5591E-21
0.1135E-01	0.5591E-21
0.1179E-01	0.5591E-21
0.1224E-01	0.5591E-21
0.1270E-01	0.5591E-21
0.1319E-01	0.5591E-21
0.1369E-01	0.5591E-21
0.1421E-01	0.5591E-21
0.1475E-01	0.5591E-21
0.1531E-01	0.5591E-21
0.1590E-01	0.5591E-21
0.1650E-01	0.5591E-21
0.1713E-01	0.5591E-21
0.1778E-01	0.5591E-21
0.1846E-01	0.5591E-21
0.1916E-01	0.5591E-21
0.1989E-01	0.5591E-21
0.2065E-01	0.5591E-21
0.2144E-01	0.5591E-21
0.2225E-01	0.5591E-21
0.2310E-01	0.5591E-21
0.2398E-01	0.5591E-21
0.2489E-01	0.5591E-21
0.2584E-01	0.5591E-21
0.2682E-01	0.5591E-21
0.2785E-01	0.5591E-21
0.2891E-01	0.5591E-21
0.3001E-01	0.5591E-21
0.3115E-01	0.5591E-21
0.3234E-01	0.5591E-21
0.3357E-01	0.5591E-21
0.3485E-01	0.5591E-21
0.3617E-01	0.5591E-21
0.3755E-01	0.5591E-21
0.3898E-01	0.5591E-21
0.4047E-01	0.5591E-21
0.4201E-01	0.5591E-21
0.4361E-01	0.5591E-21
0.4527E-01	0.5591E-21
0.4699E-01	0.5591E-21
0.4878E-01	0.5591E-21
0.5064E-01	0.5591E-21
0.5257E-01	0.5591E-21
0.5457E-01	0.5591E-21
0.5665E-01	0.5591E-21
0.5881E-01	0.5591E-21
0.6105E-01	0.5591E-21
0.6337E-01	0.5591E-21
0.6579E-01	0.5591E-21
0.6829E-01	0.5591E-21
0.7089E-01	0.5591E-21
0.7359E-01	0.5591E-21
0.7640E-01	0.5591E-21
0.7931E-01	0.5591E-21
0.8233E-01	0.5591E-21
0.8546E-01	0.5591E-21
0.8872E-01	0.5591E-21
0.9210E-01	0.5591E-21
0.9560E-01	0.5591E-21
0.9924E-01	0.5591E-21
0.1030	0.5591E-21
0.1069	0.5591E-21
0.1110	0.5591E-21
0.1152	0.5591E-21
0.1196	0.5591E-21
0.1242	0.5591E-21
0.1289	0.5592E-21
0.1338	0.5592E-21
0.1389	0.5592E-21
0.1442	0.5592E-21
0.1497	0.5592E-21
0.1554	0.5592E-21
0.1613	0.5592E-21
0.1675	0.5592E-21
0.1739	0.5592E-21
0.1805	0.5592E-21
0.1874	0.5592E-21
0.1945	0.5592E-21
0.2019	0.5592E-21
0.2096	0.5592E-21
0.2176	0.5592E-21
0.2259	0.5592E-21
0.2345	0.5592E-21
0.2434	0.5592E-21
0.2527	0.5592E-21
0.2623	0.5592E-21
0.2723	0.5592E-21
0.2826	0.5592E-21
0.2934	0.5592E-21
0.3046	0.5592E-21
0.3162	0.5592E-21
0.3282	0.5592E-21
0.3407	0.5593E-21
0.3537	0.5593E-21
0.3672	0.5593E-21
0.3812	0.5593E-21
0.3957	0.5593E-21
0.4107	0.5593E-21
0.4264	0.5593E-21
0.4426	0.5593E-21
0.4595	0.5593E-21
0.4770	0.5594E-21
0.4952	0.5594E-21
0.5140	0.5594E-21
0.5336	0.5594E-21
0.5539	0.5594E-21
0.5750	0.5595E-21
0.5969	0.5595E-21
0.6196	0.5595E-21
0.6432	0.5595E-21
0.6677	0.5596E-21
0.6932	0.5596E-21
0.7196	0.5596E-21
0.7470	0.5597E-21
0.7754	0.5597E-21
0.8050	0.5598E-21
0.8356	0.5598E-21
0.8674	0.5599E-21
0.9005	0.5599E-21
0.9348	0.5600E-21
0.9704	0.5600E-21
1.007	0.5601E-21
1.046	0.5602E-21
1.086	0.5603E-21
1.127	0.5604E-21
1.170	0.5605E-21
1.214	0.5606E-21
1.261	0.5607E-21
1.309	0.5608E-21
1.358	0.5609E-21
1.410	0.5611E-21
1.464	0.5612E-21
1.520	0.5614E-21
1.578	0.5616E-21
1.638	0.5618E-21
1.700	0.5620E-21
1.765	0.5622E-21
1.832	0.5625E-21
1.902	0.5628E-21
1.974	0.5631E-21
2.049	0.5634E-21
2.127	0.5638E-21
2.208	0.5642E-21
2.293	0.5646E-21
2.380	0.5651E-21
2.470	0.5656E-21
2.565	0.5662E-21
2.662	0.5668E-21
2.764	0.5674E-21
2.869	0.5681E-21
2.978	0.5689E-21
3.092	0.5698E-21
3.209	0.5707E-21
3.332	0.5716E-21
3.458	0.5727E-21
3.590	0.5738E-21
3.727	0.5750E-21
3.869	0.5763E-21
4.016	0.5777E-21
4.169	0.5791E-21
4.328	0.5807E-21
4.493	0.5824E-21
4.664	0.5842E-21
4.841	0.5861E-21
5.026	0.5881E-21
5.217	0.5903E-21
5.416	0.5925E-21
5.622	0.5950E-21
5.836	0.5975E-21
6.059	0.6002E-21
6.289	0.6031E-21
6.529	0.6061E-21
6.778	0.6093E-21
7.036	0.6127E-21
7.304	0.6163E-21
7.582	0.6200E-21
7.871	0.6240E-21
8.170	0.6282E-21
8.482	0.6326E-21
8.805	0.6355E-21
9.140	0.6403E-21
9.488	0.6453E-21
9.849	0.6507E-21
10.22	0.6563E-21
10.61	0.6623E-21
11.02	0.6685E-21
11.44	0.6791E-21
11.87	0.6863E-21
12.33	0.6939E-21
12.80	0.7019E-21
13.28	0.7105E-21
13.79	0.7178E-21
14.31	0.7273E-21
14.86	0.7375E-21
15.42	0.7452E-21
16.01	0.7565E-21
16.62	0.7686E-21
17.25	0.7747E-21
17.91	0.7883E-21
18.59	0.8202E-21
19.30	0.8367E-21
20.04	0.8539E-21
20.80	0.8734E-21
21.59	0.8947E-21
22.42	0.9182E-21
23.27	0.9443E-21
24.16	0.9736E-21
25.08	0.1007E-20
26.03	0.1047E-20
27.02	0.1095E-20
28.05	0.1155E-20
29.12	0.1234E-20
30.23	0.1343E-20
31.38	0.1500E-20
32.57	0.1746E-20
33.82	0.2109E-20
35.10	0.2664E-20
36.44	0.3535E-20
37.83	0.4891E-20
39.27	0.7080E-20
40.76	0.1035E-19
42.32	0.1531E-19
43.93	0.2283E-19
45.60	0.3372E-19
47.34	0.4938E-19
49.14	0.7869E-19
51.01	0.1116E-18
52.96	0.1556E-18
54.97	0.2124E-18
57.07	0.2851E-18
59.24	0.3743E-18
61.50	0.4821E-18
63.84	0.6071E-18
66.27	0.7503E-18
68.79	0.9075E-18
71.41	0.1078E-17
74.13	0.1256E-17
76.96	0.1438E-17
79.89	0.1619E-17
82.93	0.1795E-17
86.09	0.1963E-17
89.37	0.2118E-17
92.77	0.2258E-17
96.31	0.2381E-17
99.97	0.2486E-17
103.8	0.2572E-17
107.7	0.2640E-17
111.8	0.2691E-17
116.1	0.2725E-17
120.5	0.2744E-17
125.1	0.2750E-17
129.9	0.2744E-17
134.8	0.2730E-17
140.0	0.2707E-17
145.3	0.2678E-17
150.8	0.2644E-17
156.6	0.2606E-17
162.5	0.2566E-17
168.7	0.2524E-17
175.1	0.2482E-17
181.8	0.2438E-17
188.7	0.2395E-17
195.9	0.2352E-17
203.4	0.2309E-17
211.1	0.2267E-17
219.2	0.2226E-17
227.5	0.2186E-17
236.2	0.2146E-17
245.2	0.2108E-17
254.5	0.2070E-17
264.2	0.2033E-17
274.3	0.1996E-17
284.7	0.1961E-17
295.6	0.1926E-17
306.8	0.1892E-17
318.5	0.1858E-17
330.6	0.1825E-17
343.2	0.1792E-17
356.3	0.1760E-17
369.9	0.1728E-17
384.0	0.1697E-17
398.6	0.1666E-17
413.8	0.1636E-17
429.5	0.1605E-17
445.9	0.1575E-17
462.9	0.1546E-17
480.5	0.1516E-17
498.8	0.1487E-17
517.8	0.1458E-17
537.5	0.1430E-17
558.0	0.1401E-17
579.2	0.1373E-17
601.3	0.1345E-17
624.2	0.1317E-17
648.0	0.1290E-17
672.6	0.1262E-17
698.3	0.1235E-17
724.9	0.1208E-17
752.5	0.1181E-17
781.1	0.1155E-17
810.9	0.1128E-17
841.8	0.1102E-17
873.8	0.1076E-17
907.1	0.1050E-17
941.6	0.1025E-17
977.5	0.9993E-18
1015.	0.9742E-18
1053.	0.9493E-18
1094.	0.9248E-18
1135.	0.9005E-18
1178.	0.8765E-18
1223.	0.8528E-18
1270.	0.8294E-18
1318.	0.8062E-18
1368.	0.7834E-18
1421.	0.7610E-18
1475.	0.7388E-18
1531.	0.7171E-18
1589.	0.6956E-18
1650.	0.6746E-18
1712.	0.6539E-18
1778.	0.6336E-18
1845.	0.6137E-18
1916.	0.5941E-18
1989.	0.5750E-18
2064.	0.5563E-18
2143.	0.5380E-18
2225.	0.5200E-18
2309.	0.5025E-18
2397.	0.4854E-18
2489.	0.4688E-18
2583.	0.4525E-18
2682.	0.4366E-18
2784.	0.4211E-18
2890.	0.4061E-18
3000.	0.3915E-18
 
 
C3    C2H2F4    Elastic                                         
E/N (Td)	Energy loss coefficient (eV m3/s)
0.1000E-02	0.5237E-22
0.1038E-02	-0.7803E-22
0.1078E-02	-0.7803E-22
0.1119E-02	-0.7803E-22
0.1161E-02	-0.7803E-22
0.1205E-02	-0.7803E-22
0.1251E-02	-0.7803E-22
0.1299E-02	-0.7803E-22
0.1349E-02	-0.7803E-22
0.1400E-02	-0.7803E-22
0.1453E-02	-0.7803E-22
0.1509E-02	-0.7803E-22
0.1566E-02	-0.7803E-22
0.1626E-02	-0.7803E-22
0.1688E-02	-0.7803E-22
0.1752E-02	-0.7804E-22
0.1819E-02	-0.7804E-22
0.1888E-02	-0.7804E-22
0.1960E-02	-0.7804E-22
0.2034E-02	-0.7804E-22
0.2112E-02	-0.7804E-22
0.2192E-02	-0.7804E-22
0.2276E-02	-0.7804E-22
0.2362E-02	-0.7804E-22
0.2452E-02	-0.7804E-22
0.2546E-02	-0.7804E-22
0.2643E-02	-0.7804E-22
0.2743E-02	-0.7804E-22
0.2848E-02	-0.7804E-22
0.2956E-02	-0.7804E-22
0.3069E-02	-0.7804E-22
0.3186E-02	-0.7804E-22
0.3307E-02	-0.7804E-22
0.3433E-02	-0.7804E-22
0.3564E-02	-0.7804E-22
0.3700E-02	-0.7804E-22
0.3841E-02	-0.7804E-22
0.3987E-02	-0.7804E-22
0.4139E-02	-0.7804E-22
0.4296E-02	-0.7804E-22
0.4460E-02	-0.7804E-22
0.4630E-02	-0.7804E-22
0.4806E-02	-0.7804E-22
0.4989E-02	-0.7805E-22
0.5179E-02	-0.7805E-22
0.5377E-02	-0.7805E-22
0.5581E-02	-0.7805E-22
0.5794E-02	-0.7805E-22
0.6015E-02	-0.7805E-22
0.6244E-02	-0.7805E-22
0.6481E-02	-0.7805E-22
0.6728E-02	-0.7805E-22
0.6985E-02	-0.7806E-22
0.7251E-02	-0.7806E-22
0.7527E-02	-0.7806E-22
0.7813E-02	-0.7806E-22
0.8111E-02	-0.7806E-22
0.8420E-02	-0.7807E-22
0.8741E-02	-0.7807E-22
0.9073E-02	-0.7807E-22
0.9419E-02	-0.7807E-22
0.9778E-02	-0.7808E-22
0.1015E-01	-0.7808E-22
0.1054E-01	-0.7809E-22
0.1094E-01	-0.7809E-22
0.1135E-01	-0.7809E-22
0.1179E-01	-0.7810E-22
0.1224E-01	-0.7810E-22
0.1270E-01	-0.7811E-22
0.1319E-01	-0.7811E-22
0.1369E-01	-0.7812E-22
0.1421E-01	-0.7813E-22
0.1475E-01	-0.7813E-22
0.1531E-01	-0.7814E-22
0.1590E-01	-0.7815E-22
0.1650E-01	-0.7816E-22
0.1713E-01	-0.7817E-22
0.1778E-01	-0.7818E-22
0.1846E-01	-0.7819E-22
0.1916E-01	-0.7820E-22
0.1989E-01	-0.7822E-22
0.2065E-01	-0.7823E-22
0.2144E-01	-0.7825E-22
0.2225E-01	-0.7826E-22
0.2310E-01	-0.7828E-22
0.2398E-01	-0.7830E-22
0.2489E-01	-0.7832E-22
0.2584E-01	-0.7834E-22
0.2682E-01	-0.7837E-22
0.2785E-01	-0.7839E-22
0.2891E-01	-0.7842E-22
0.3001E-01	-0.7845E-22
0.3115E-01	-0.7848E-22
0.3234E-01	-0.7852E-22
0.3357E-01	-0.7855E-22
0.3485E-01	-0.7859E-22
0.3617E-01	-0.7864E-22
0.3755E-01	-0.7869E-22
0.3898E-01	-0.7874E-22
0.4047E-01	-0.7879E-22
0.4201E-01	-0.7885E-22
0.4361E-01	-0.7891E-22
0.4527E-01	-0.7898E-22
0.4699E-01	-0.7905E-22
0.4878E-01	-0.7913E-22
0.5064E-01	-0.7922E-22
0.5257E-01	-0.7931E-22
0.5457E-01	-0.7941E-22
0.5665E-01	-0.7951E-22
0.5881E-01	-0.7963E-22
0.6105E-01	-0.7975E-22
0.6337E-01	-0.7988E-22
0.6579E-01	-0.8003E-22
0.6829E-01	-0.8018E-22
0.7089E-01	-0.8035E-22
0.7359E-01	-0.8052E-22
0.7640E-01	-0.8072E-22
0.7931E-01	-0.8092E-22
0.8233E-01	-0.8114E-22
0.8546E-01	-0.8138E-22
0.8872E-01	-0.8164E-22
0.9210E-01	-0.8192E-22
0.9560E-01	-0.8222E-22
0.9924E-01	-0.8254E-22
0.1030	-0.8288E-22
0.1069	-0.8325E-22
0.1110	-0.8365E-22
0.1152	-0.8408E-22
0.1196	-0.8454E-22
0.1242	-0.8504E-22
0.1289	-0.8557E-22
0.1338	-0.8614E-22
0.1389	-0.8676E-22
0.1442	-0.8742E-22
0.1497	-0.8813E-22
0.1554	-0.8889E-22
0.1613	-0.8970E-22
0.1675	-0.9058E-22
0.1739	-0.9152E-22
0.1805	-0.9252E-22
0.1874	-0.9360E-22
0.1945	-0.9475E-22
0.2019	-0.9598E-22
0.2096	-0.9729E-22
0.2176	-0.9870E-22
0.2259	-0.1002E-21
0.2345	-0.1018E-21
0.2434	-0.1035E-21
0.2527	-0.1053E-21
0.2623	-0.1072E-21
0.2723	-0.1093E-21
0.2826	-0.1115E-21
0.2934	-0.1138E-21
0.3046	-0.1162E-21
0.3162	-0.1188E-21
0.3282	-0.1214E-21
0.3407	-0.1243E-21
0.3537	-0.1272E-21
0.3672	-0.1303E-21
0.3812	-0.1335E-21
0.3957	-0.1368E-21
0.4107	-0.1402E-21
0.4264	-0.1437E-21
0.4426	-0.1473E-21
0.4595	-0.1508E-21
0.4770	-0.1544E-21
0.4952	-0.1579E-21
0.5140	-0.1612E-21
0.5336	-0.1644E-21
0.5539	-0.1673E-21
0.5750	-0.1698E-21
0.5969	-0.1717E-21
0.6196	-0.1730E-21
0.6432	-0.1734E-21
0.6677	-0.1728E-21
0.6932	-0.1708E-21
0.7196	-0.1672E-21
0.7470	-0.1616E-21
0.7754	-0.1537E-21
0.8050	-0.1428E-21
0.8356	-0.1286E-21
0.8674	-0.1103E-21
0.9005	-0.8728E-22
0.9348	-0.5860E-22
0.9704	-0.2335E-22
1.007	0.1958E-22
1.046	0.7143E-22
1.086	0.1336E-21
1.127	0.2077E-21
1.170	0.2955E-21
1.214	0.3991E-21
1.261	0.5205E-21
1.309	0.6624E-21
1.358	0.8274E-21
1.410	0.1018E-20
1.464	0.1239E-20
1.520	0.1493E-20
1.578	0.1783E-20
1.638	0.2115E-20
1.700	0.2492E-20
1.765	0.2920E-20
1.832	0.3404E-20
1.902	0.3948E-20
1.974	0.4560E-20
2.049	0.5245E-20
2.127	0.6009E-20
2.208	0.6859E-20
2.293	0.7801E-20
2.380	0.8843E-20
2.470	0.9991E-20
2.565	0.1125E-19
2.662	0.1263E-19
2.764	0.1414E-19
2.869	0.1579E-19
2.978	0.1757E-19
3.092	0.1951E-19
3.209	0.2159E-19
3.332	0.2384E-19
3.458	0.2626E-19
3.590	0.2884E-19
3.727	0.3160E-19
3.869	0.3455E-19
4.016	0.3768E-19
4.169	0.4099E-19
4.328	0.4450E-19
4.493	0.4820E-19
4.664	0.5210E-19
4.841	0.5620E-19
5.026	0.6050E-19
5.217	0.6500E-19
5.416	0.6971E-19
5.622	0.7462E-19
5.836	0.7973E-19
6.059	0.8504E-19
6.289	0.9056E-19
6.529	0.9629E-19
6.778	0.1022E-18
7.036	0.1083E-18
7.304	0.1147E-18
7.582	0.1212E-18
7.871	0.1280E-18
8.170	0.1349E-18
8.482	0.1420E-18
8.805	0.1030E-18
9.140	0.1090E-18
9.488	0.1152E-18
9.849	0.1215E-18
10.22	0.1280E-18
10.61	0.1347E-18
11.02	0.1416E-18
11.44	0.2812E-18
11.87	0.2916E-18
12.33	0.3022E-18
12.80	0.3130E-18
13.28	0.3239E-18
13.79	0.2950E-18
14.31	0.3055E-18
14.86	0.3162E-18
15.42	0.2585E-18
16.01	0.2678E-18
16.62	0.2773E-18
17.25	0.1532E-18
17.91	0.1601E-18
18.59	0.6961E-18
19.30	0.7117E-18
20.04	0.7636E-18
20.80	0.7800E-18
21.59	0.7965E-18
22.42	0.8599E-18
23.27	0.8771E-18
24.16	0.8944E-18
25.08	0.9118E-18
26.03	0.9777E-18
27.02	0.9959E-18
28.05	0.1014E-17
29.12	0.1082E-17
30.23	0.1101E-17
31.38	0.1121E-17
32.57	0.1179E-17
33.82	0.1201E-17
35.10	0.1298E-17
36.44	0.1320E-17
37.83	0.1344E-17
39.27	0.1416E-17
40.76	0.1444E-17
42.32	0.1476E-17
43.93	0.1550E-17
45.60	0.1592E-17
47.34	0.1640E-17
49.14	0.1584E-17
51.01	0.1671E-17
52.96	0.1774E-17
54.97	0.1896E-17
57.07	0.2042E-17
59.24	0.2215E-17
61.50	0.2419E-17
63.84	0.2660E-17
66.27	0.2941E-17
68.79	0.3265E-17
71.41	0.3638E-17
74.13	0.4061E-17
76.96	0.4539E-17
79.89	0.5071E-17
82.93	0.5663E-17
86.09	0.6314E-17
89.37	0.7025E-17
92.77	0.7798E-17
96.31	0.8630E-17
99.97	0.9521E-17
103.8	0.1047E-16
107.7	0.1147E-16
111.8	0.1252E-16
116.1	0.1361E-16
120.5	0.1474E-16
125.1	0.1590E-16
129.9	0.1708E-16
134.8	0.1827E-16
140.0	0.1948E-16
145.3	0.2069E-16
150.8	0.2190E-16
156.6	0.2310E-16
162.5	0.2429E-16
168.7	0.2547E-16
175.1	0.2663E-16
181.8	0.2778E-16
188.7	0.2892E-16
195.9	0.3003E-16
203.4	0.3114E-16
211.1	0.3222E-16
219.2	0.3330E-16
227.5	0.3436E-16
236.2	0.3540E-16
245.2	0.3644E-16
254.5	0.3747E-16
264.2	0.3850E-16
274.3	0.3952E-16
284.7	0.4053E-16
295.6	0.4155E-16
306.8	0.4256E-16
318.5	0.4358E-16
330.6	0.4460E-16
343.2	0.4562E-16
356.3	0.4665E-16
369.9	0.4769E-16
384.0	0.4874E-16
398.6	0.4980E-16
413.8	0.5087E-16
429.5	0.5195E-16
445.9	0.5305E-16
462.9	0.5417E-16
480.5	0.5531E-16
498.8	0.5647E-16
517.8	0.5764E-16
537.5	0.5884E-16
558.0	0.6007E-16
579.2	0.6132E-16
601.3	0.6260E-16
624.2	0.6390E-16
648.0	0.6524E-16
672.6	0.6661E-16
698.3	0.6801E-16
724.9	0.6944E-16
752.5	0.7091E-16
781.1	0.7242E-16
810.9	0.7397E-16
841.8	0.7555E-16
873.8	0.7718E-16
907.1	0.7885E-16
941.6	0.8056E-16
977.5	0.8232E-16
1015.	0.8413E-16
1053.	0.8598E-16
1094.	0.8789E-16
1135.	0.8984E-16
1178.	0.9185E-16
1223.	0.9391E-16
1270.	0.9602E-16
1318.	0.9819E-16
1368.	0.1004E-15
1421.	0.1027E-15
1475.	0.1051E-15
1531.	0.1075E-15
1589.	0.1099E-15
1650.	0.1125E-15
1712.	0.1151E-15
1778.	0.1177E-15
1845.	0.1204E-15
1916.	0.1232E-15
1989.	0.1261E-15
2064.	0.1291E-15
2143.	0.1321E-15
2225.	0.1352E-15
2309.	0.1383E-15
2397.	0.1416E-15
2489.	0.1449E-15
2583.	0.1483E-15
2682.	0.1518E-15
2784.	0.1554E-15
2890.	0.1590E-15
3000.	0.1628E-15
 
 
C4    C2H2F4    Excitation    0.11 eV                           
E/N (Td)	Energy loss coefficient (eV m3/s)
0.1000E-02	-0.1396E-21
0.1038E-02	-0.1910E-21
0.1078E-02	-0.1910E-21
0.1119E-02	-0.1910E-21
0.1161E-02	-0.1910E-21
0.1205E-02	-0.1910E-21
0.1251E-02	-0.1910E-21
0.1299E-02	-0.1910E-21
0.1349E-02	-0.1910E-21
0.1400E-02	-0.1910E-21
0.1453E-02	-0.1910E-21
0.1509E-02	-0.1910E-21
0.1566E-02	-0.1909E-21
0.1626E-02	-0.1909E-21
0.1688E-02	-0.1909E-21
0.1752E-02	-0.1909E-21
0.1819E-02	-0.1909E-21
0.1888E-02	-0.1909E-21
0.1960E-02	-0.1909E-21
0.2034E-02	-0.1908E-21
0.2112E-02	-0.1908E-21
0.2192E-02	-0.1908E-21
0.2276E-02	-0.1908E-21
0.2362E-02	-0.1908E-21
0.2452E-02	-0.1907E-21
0.2546E-02	-0.1907E-21
0.2643E-02	-0.1907E-21
0.2743E-02	-0.1907E-21
0.2848E-02	-0.1906E-21
0.2956E-02	-0.1906E-21
0.3069E-02	-0.1905E-21
0.3186E-02	-0.1905E-21
0.3307E-02	-0.1905E-21
0.3433E-02	-0.1904E-21
0.3564E-02	-0.1904E-21
0.3700E-02	-0.1903E-21
0.3841E-02	-0.1902E-21
0.3987E-02	-0.1902E-21
0.4139E-02	-0.1901E-21
0.4296E-02	-0.1900E-21
0.4460E-02	-0.1899E-21
0.4630E-02	-0.1899E-21
0.4806E-02	-0.1898E-21
0.4989E-02	-0.1897E-21
0.5179E-02	-0.1895E-21
0.5377E-02	-0.1894E-21
0.5581E-02	-0.1893E-21
0.5794E-02	-0.1892E-21
0.6015E-02	-0.1890E-21
0.6244E-02	-0.1888E-21
0.6481E-02	-0.1887E-21
0.6728E-02	-0.1885E-21
0.6985E-02	-0.1883E-21
0.7251E-02	-0.1881E-21
0.7527E-02	-0.1878E-21
0.7813E-02	-0.1876E-21
0.8111E-02	-0.1873E-21
0.8420E-02	-0.1870E-21
0.8741E-02	-0.1867E-21
0.9073E-02	-0.1864E-21
0.9419E-02	-0.1860E-21
0.9778E-02	-0.1856E-21
0.1015E-01	-0.1852E-21
0.1054E-01	-0.1847E-21
0.1094E-01	-0.1842E-21
0.1135E-01	-0.1837E-21
0.1179E-01	-0.1831E-21
0.1224E-01	-0.1825E-21
0.1270E-01	-0.1818E-21
0.1319E-01	-0.1811E-21
0.1369E-01	-0.1803E-21
0.1421E-01	-0.1795E-21
0.1475E-01	-0.1786E-21
0.1531E-01	-0.1776E-21
0.1590E-01	-0.1766E-21
0.1650E-01	-0.1754E-21
0.1713E-01	-0.1742E-21
0.1778E-01	-0.1729E-21
0.1846E-01	-0.1715E-21
0.1916E-01	-0.1700E-21
0.1989E-01	-0.1684E-21
0.2065E-01	-0.1666E-21
0.2144E-01	-0.1647E-21
0.2225E-01	-0.1626E-21
0.2310E-01	-0.1604E-21
0.2398E-01	-0.1581E-21
0.2489E-01	-0.1555E-21
0.2584E-01	-0.1527E-21
0.2682E-01	-0.1498E-21
0.2785E-01	-0.1465E-21
0.2891E-01	-0.1431E-21
0.3001E-01	-0.1394E-21
0.3115E-01	-0.1354E-21
0.3234E-01	-0.1310E-21
0.3357E-01	-0.1264E-21
0.3485E-01	-0.1213E-21
0.3617E-01	-0.1159E-21
0.3755E-01	-0.1101E-21
0.3898E-01	-0.1038E-21
0.4047E-01	-0.9703E-22
0.4201E-01	-0.8973E-22
0.4361E-01	-0.8187E-22
0.4527E-01	-0.7339E-22
0.4699E-01	-0.6426E-22
0.4878E-01	-0.5441E-22
0.5064E-01	-0.4380E-22
0.5257E-01	-0.3237E-22
0.5457E-01	-0.2005E-22
0.5665E-01	-0.6779E-23
0.5881E-01	0.7525E-23
0.6105E-01	0.2294E-22
0.6337E-01	0.3955E-22
0.6579E-01	0.5745E-22
0.6829E-01	0.7674E-22
0.7089E-01	0.9752E-22
0.7359E-01	0.1199E-21
0.7640E-01	0.1441E-21
0.7931E-01	0.1701E-21
0.8233E-01	0.1981E-21
0.8546E-01	0.2283E-21
0.8872E-01	0.2608E-21
0.9210E-01	0.2959E-21
0.9560E-01	0.3337E-21
0.9924E-01	0.3744E-21
0.1030	0.4183E-21
0.1069	0.4655E-21
0.1110	0.5165E-21
0.1152	0.5714E-21
0.1196	0.6305E-21
0.1242	0.6943E-21
0.1289	0.7629E-21
0.1338	0.8369E-21
0.1389	0.9167E-21
0.1442	0.1003E-20
0.1497	0.1095E-20
0.1554	0.1195E-20
0.1613	0.1302E-20
0.1675	0.1418E-20
0.1739	0.1543E-20
0.1805	0.1677E-20
0.1874	0.1822E-20
0.1945	0.1978E-20
0.2019	0.2146E-20
0.2096	0.2327E-20
0.2176	0.2522E-20
0.2259	0.2732E-20
0.2345	0.2959E-20
0.2434	0.3203E-20
0.2527	0.3465E-20
0.2623	0.3748E-20
0.2723	0.4053E-20
0.2826	0.4381E-20
0.2934	0.4735E-20
0.3046	0.5116E-20
0.3162	0.5526E-20
0.3282	0.5967E-20
0.3407	0.6443E-20
0.3537	0.6955E-20
0.3672	0.7506E-20
0.3812	0.8100E-20
0.3957	0.8739E-20
0.4107	0.9427E-20
0.4264	0.1017E-19
0.4426	0.1096E-19
0.4595	0.1182E-19
0.4770	0.1274E-19
0.4952	0.1374E-19
0.5140	0.1480E-19
0.5336	0.1595E-19
0.5539	0.1719E-19
0.5750	0.1852E-19
0.5969	0.1995E-19
0.6196	0.2148E-19
0.6432	0.2313E-19
0.6677	0.2490E-19
0.6932	0.2681E-19
0.7196	0.2885E-19
0.7470	0.3105E-19
0.7754	0.3340E-19
0.8050	0.3593E-19
0.8356	0.3864E-19
0.8674	0.4155E-19
0.9005	0.4467E-19
0.9348	0.4801E-19
0.9704	0.5159E-19
1.007	0.5542E-19
1.046	0.5951E-19
1.086	0.6390E-19
1.127	0.6859E-19
1.170	0.7359E-19
1.214	0.7894E-19
1.261	0.8466E-19
1.309	0.9075E-19
1.358	0.9725E-19
1.410	0.1042E-18
1.464	0.1116E-18
1.520	0.1194E-18
1.578	0.1278E-18
1.638	0.1367E-18
1.700	0.1462E-18
1.765	0.1562E-18
1.832	0.1669E-18
1.902	0.1783E-18
1.974	0.1904E-18
2.049	0.2032E-18
2.127	0.2168E-18
2.208	0.2312E-18
2.293	0.2466E-18
2.380	0.2629E-18
2.470	0.2802E-18
2.565	0.2986E-18
2.662	0.3181E-18
2.764	0.3388E-18
2.869	0.3608E-18
2.978	0.3843E-18
3.092	0.4092E-18
3.209	0.4357E-18
3.332	0.4640E-18
3.458	0.4940E-18
3.590	0.5261E-18
3.727	0.5602E-18
3.869	0.5966E-18
4.016	0.6355E-18
4.169	0.6769E-18
4.328	0.7212E-18
4.493	0.7684E-18
4.664	0.8189E-18
4.841	0.8729E-18
5.026	0.9305E-18
5.217	0.9921E-18
5.416	0.1058E-17
5.622	0.1128E-17
5.836	0.1204E-17
6.059	0.1284E-17
6.289	0.1370E-17
6.529	0.1462E-17
6.778	0.1561E-17
7.036	0.1666E-17
7.304	0.1779E-17
7.582	0.1900E-17
7.871	0.2029E-17
8.170	0.2167E-17
8.482	0.2315E-17
8.805	0.2468E-17
9.140	0.2637E-17
9.488	0.2817E-17
9.849	0.3010E-17
10.22	0.3217E-17
10.61	0.3439E-17
11.02	0.3677E-17
11.44	0.3961E-17
11.87	0.4237E-17
12.33	0.4534E-17
12.80	0.4853E-17
13.28	0.5195E-17
13.79	0.5550E-17
14.31	0.5943E-17
14.86	0.6366E-17
15.42	0.6787E-17
16.01	0.7273E-17
16.62	0.7795E-17
17.25	0.8289E-17
17.91	0.8888E-17
18.59	0.9759E-17
19.30	0.1048E-16
20.04	0.1130E-16
20.80	0.1214E-16
21.59	0.1305E-16
22.42	0.1399E-16
23.27	0.1505E-16
24.16	0.1621E-16
25.08	0.1746E-16
26.03	0.1885E-16
27.02	0.2034E-16
28.05	0.2197E-16
29.12	0.2381E-16
30.23	0.2578E-16
31.38	0.2794E-16
32.57	0.3089E-16
33.82	0.3358E-16
35.10	0.3606E-16
36.44	0.3936E-16
37.83	0.4306E-16
39.27	0.4776E-16
40.76	0.5249E-16
42.32	0.5783E-16
43.93	0.6312E-16
45.60	0.6991E-16
47.34	0.7758E-16
49.14	0.9436E-16
51.01	0.1044E-15
52.96	0.1153E-15
54.97	0.1271E-15
57.07	0.1398E-15
59.24	0.1532E-15
61.50	0.1673E-15
63.84	0.1815E-15
66.27	0.1961E-15
68.79	0.2105E-15
71.41	0.2248E-15
74.13	0.2388E-15
76.96	0.2522E-15
79.89	0.2650E-15
82.93	0.2773E-15
86.09	0.2889E-15
89.37	0.3001E-15
92.77	0.3106E-15
96.31	0.3207E-15
99.97	0.3303E-15
103.8	0.3396E-15
107.7	0.3484E-15
111.8	0.3569E-15
116.1	0.3650E-15
120.5	0.3727E-15
125.1	0.3800E-15
129.9	0.3870E-15
134.8	0.3935E-15
140.0	0.3996E-15
145.3	0.4052E-15
150.8	0.4104E-15
156.6	0.4152E-15
162.5	0.4195E-15
168.7	0.4235E-15
175.1	0.4270E-15
181.8	0.4302E-15
188.7	0.4330E-15
195.9	0.4355E-15
203.4	0.4377E-15
211.1	0.4396E-15
219.2	0.4412E-15
227.5	0.4425E-15
236.2	0.4436E-15
245.2	0.4445E-15
254.5	0.4451E-15
264.2	0.4456E-15
274.3	0.4459E-15
284.7	0.4460E-15
295.6	0.4460E-15
306.8	0.4458E-15
318.5	0.4454E-15
330.6	0.4449E-15
343.2	0.4443E-15
356.3	0.4436E-15
369.9	0.4427E-15
384.0	0.4417E-15
398.6	0.4405E-15
413.8	0.4393E-15
429.5	0.4379E-15
445.9	0.4365E-15
462.9	0.4349E-15
480.5	0.4332E-15
498.8	0.4314E-15
517.8	0.4295E-15
537.5	0.4274E-15
558.0	0.4253E-15
579.2	0.4230E-15
601.3	0.4207E-15
624.2	0.4182E-15
648.0	0.4157E-15
672.6	0.4130E-15
698.3	0.4102E-15
724.9	0.4073E-15
752.5	0.4043E-15
781.1	0.4012E-15
810.9	0.3979E-15
841.8	0.3946E-15
873.8	0.3912E-15
907.1	0.3877E-15
941.6	0.3840E-15
977.5	0.3803E-15
1015.	0.3765E-15
1053.	0.3726E-15
1094.	0.3686E-15
1135.	0.3645E-15
1178.	0.3603E-15
1223.	0.3561E-15
1270.	0.3517E-15
1318.	0.3473E-15
1368.	0.3429E-15
1421.	0.3384E-15
1475.	0.3338E-15
1531.	0.3291E-15
1589.	0.3245E-15
1650.	0.3198E-15
1712.	0.3150E-15
1778.	0.3102E-15
1845.	0.3054E-15
1916.	0.3006E-15
1989.	0.2958E-15
2064.	0.2910E-15
2143.	0.2861E-15
2225.	0.2813E-15
2309.	0.2765E-15
2397.	0.2717E-15
2489.	0.2669E-15
2583.	0.2621E-15
2682.	0.2574E-15
2784.	0.2527E-15
2890.	0.2481E-15
3000.	0.2434E-15
 
 
C5    C2H2F4    Excitation    0.14 eV                           
E/N (Td)	Energy loss coefficient (eV m3/s)
0.1000E-02	-0.3477E-21
0.1038E-02	-0.2801E-21
0.1078E-02	-0.2801E-21
0.1119E-02	-0.2801E-21
0.1161E-02	-0.2801E-21
0.1205E-02	-0.2801E-21
0.1251E-02	-0.2801E-21
0.1299E-02	-0.2801E-21
0.1349E-02	-0.2801E-21
0.1400E-02	-0.2801E-21
0.1453E-02	-0.2801E-21
0.1509E-02	-0.2801E-21
0.1566E-02	-0.2801E-21
0.1626E-02	-0.2801E-21
0.1688E-02	-0.2800E-21
0.1752E-02	-0.2800E-21
0.1819E-02	-0.2800E-21
0.1888E-02	-0.2800E-21
0.1960E-02	-0.2800E-21
0.2034E-02	-0.2800E-21
0.2112E-02	-0.2800E-21
0.2192E-02	-0.2799E-21
0.2276E-02	-0.2799E-21
0.2362E-02	-0.2799E-21
0.2452E-02	-0.2799E-21
0.2546E-02	-0.2799E-21
0.2643E-02	-0.2798E-21
0.2743E-02	-0.2798E-21
0.2848E-02	-0.2798E-21
0.2956E-02	-0.2798E-21
0.3069E-02	-0.2797E-21
0.3186E-02	-0.2797E-21
0.3307E-02	-0.2796E-21
0.3433E-02	-0.2796E-21
0.3564E-02	-0.2796E-21
0.3700E-02	-0.2795E-21
0.3841E-02	-0.2795E-21
0.3987E-02	-0.2794E-21
0.4139E-02	-0.2793E-21
0.4296E-02	-0.2793E-21
0.4460E-02	-0.2792E-21
0.4630E-02	-0.2791E-21
0.4806E-02	-0.2790E-21
0.4989E-02	-0.2790E-21
0.5179E-02	-0.2789E-21
0.5377E-02	-0.2788E-21
0.5581E-02	-0.2786E-21
0.5794E-02	-0.2785E-21
0.6015E-02	-0.2784E-21
0.6244E-02	-0.2783E-21
0.6481E-02	-0.2781E-21
0.6728E-02	-0.2780E-21
0.6985E-02	-0.2778E-21
0.7251E-02	-0.2776E-21
0.7527E-02	-0.2774E-21
0.7813E-02	-0.2772E-21
0.8111E-02	-0.2769E-21
0.8420E-02	-0.2767E-21
0.8741E-02	-0.2764E-21
0.9073E-02	-0.2761E-21
0.9419E-02	-0.2758E-21
0.9778E-02	-0.2755E-21
0.1015E-01	-0.2751E-21
0.1054E-01	-0.2747E-21
0.1094E-01	-0.2743E-21
0.1135E-01	-0.2738E-21
0.1179E-01	-0.2733E-21
0.1224E-01	-0.2728E-21
0.1270E-01	-0.2722E-21
0.1319E-01	-0.2716E-21
0.1369E-01	-0.2709E-21
0.1421E-01	-0.2702E-21
0.1475E-01	-0.2694E-21
0.1531E-01	-0.2686E-21
0.1590E-01	-0.2677E-21
0.1650E-01	-0.2668E-21
0.1713E-01	-0.2657E-21
0.1778E-01	-0.2646E-21
0.1846E-01	-0.2634E-21
0.1916E-01	-0.2621E-21
0.1989E-01	-0.2607E-21
0.2065E-01	-0.2591E-21
0.2144E-01	-0.2575E-21
0.2225E-01	-0.2558E-21
0.2310E-01	-0.2539E-21
0.2398E-01	-0.2518E-21
0.2489E-01	-0.2496E-21
0.2584E-01	-0.2472E-21
0.2682E-01	-0.2447E-21
0.2785E-01	-0.2419E-21
0.2891E-01	-0.2390E-21
0.3001E-01	-0.2358E-21
0.3115E-01	-0.2323E-21
0.3234E-01	-0.2286E-21
0.3357E-01	-0.2246E-21
0.3485E-01	-0.2203E-21
0.3617E-01	-0.2156E-21
0.3755E-01	-0.2106E-21
0.3898E-01	-0.2052E-21
0.4047E-01	-0.1994E-21
0.4201E-01	-0.1931E-21
0.4361E-01	-0.1864E-21
0.4527E-01	-0.1791E-21
0.4699E-01	-0.1712E-21
0.4878E-01	-0.1628E-21
0.5064E-01	-0.1537E-21
0.5257E-01	-0.1438E-21
0.5457E-01	-0.1332E-21
0.5665E-01	-0.1218E-21
0.5881E-01	-0.1095E-21
0.6105E-01	-0.9630E-22
0.6337E-01	-0.8203E-22
0.6579E-01	-0.6664E-22
0.6829E-01	-0.5006E-22
0.7089E-01	-0.3220E-22
0.7359E-01	-0.1295E-22
0.7640E-01	0.7803E-23
0.7931E-01	0.3016E-22
0.8233E-01	0.5426E-22
0.8546E-01	0.8022E-22
0.8872E-01	0.1082E-21
0.9210E-01	0.1384E-21
0.9560E-01	0.1709E-21
0.9924E-01	0.2059E-21
0.1030	0.2436E-21
0.1069	0.2843E-21
0.1110	0.3281E-21
0.1152	0.3754E-21
0.1196	0.4263E-21
0.1242	0.4812E-21
0.1289	0.5403E-21
0.1338	0.6040E-21
0.1389	0.6727E-21
0.1442	0.7467E-21
0.1497	0.8265E-21
0.1554	0.9125E-21
0.1613	0.1005E-20
0.1675	0.1105E-20
0.1739	0.1213E-20
0.1805	0.1329E-20
0.1874	0.1454E-20
0.1945	0.1588E-20
0.2019	0.1734E-20
0.2096	0.1890E-20
0.2176	0.2059E-20
0.2259	0.2241E-20
0.2345	0.2437E-20
0.2434	0.2648E-20
0.2527	0.2876E-20
0.2623	0.3122E-20
0.2723	0.3386E-20
0.2826	0.3672E-20
0.2934	0.3980E-20
0.3046	0.4311E-20
0.3162	0.4669E-20
0.3282	0.5054E-20
0.3407	0.5470E-20
0.3537	0.5918E-20
0.3672	0.6402E-20
0.3812	0.6923E-20
0.3957	0.7485E-20
0.4107	0.8091E-20
0.4264	0.8745E-20
0.4426	0.9451E-20
0.4595	0.1021E-19
0.4770	0.1103E-19
0.4952	0.1192E-19
0.5140	0.1287E-19
0.5336	0.1390E-19
0.5539	0.1502E-19
0.5750	0.1622E-19
0.5969	0.1751E-19
0.6196	0.1891E-19
0.6432	0.2042E-19
0.6677	0.2205E-19
0.6932	0.2381E-19
0.7196	0.2571E-19
0.7470	0.2777E-19
0.7754	0.2999E-19
0.8050	0.3239E-19
0.8356	0.3498E-19
0.8674	0.3778E-19
0.9005	0.4081E-19
0.9348	0.4409E-19
0.9704	0.4763E-19
1.007	0.5147E-19
1.046	0.5561E-19
1.086	0.6010E-19
1.127	0.6497E-19
1.170	0.7023E-19
1.214	0.7593E-19
1.261	0.8211E-19
1.309	0.8880E-19
1.358	0.9605E-19
1.410	0.1039E-18
1.464	0.1124E-18
1.520	0.1217E-18
1.578	0.1317E-18
1.638	0.1426E-18
1.700	0.1544E-18
1.765	0.1672E-18
1.832	0.1811E-18
1.902	0.1962E-18
1.974	0.2126E-18
2.049	0.2304E-18
2.127	0.2497E-18
2.208	0.2706E-18
2.293	0.2934E-18
2.380	0.3181E-18
2.470	0.3449E-18
2.565	0.3741E-18
2.662	0.4057E-18
2.764	0.4400E-18
2.869	0.4773E-18
2.978	0.5178E-18
3.092	0.5617E-18
3.209	0.6094E-18
3.332	0.6612E-18
3.458	0.7174E-18
3.590	0.7785E-18
3.727	0.8447E-18
3.869	0.9166E-18
4.016	0.9947E-18
4.169	0.1080E-17
4.328	0.1172E-17
4.493	0.1272E-17
4.664	0.1380E-17
4.841	0.1498E-17
5.026	0.1626E-17
5.217	0.1765E-17
5.416	0.1916E-17
5.622	0.2080E-17
5.836	0.2259E-17
6.059	0.2452E-17
6.289	0.2663E-17
6.529	0.2892E-17
6.778	0.3141E-17
7.036	0.3411E-17
7.304	0.3705E-17
7.582	0.4025E-17
7.871	0.4373E-17
8.170	0.4751E-17
8.482	0.5163E-17
8.805	0.5587E-17
9.140	0.6073E-17
9.488	0.6601E-17
9.849	0.7177E-17
10.22	0.7804E-17
10.61	0.8487E-17
11.02	0.9232E-17
11.44	0.1013E-16
11.87	0.1102E-16
12.33	0.1200E-16
12.80	0.1306E-16
13.28	0.1423E-16
13.79	0.1546E-16
14.31	0.1684E-16
14.86	0.1836E-16
15.42	0.1993E-16
16.01	0.2173E-16
16.62	0.2371E-16
17.25	0.2568E-16
17.91	0.2803E-16
18.59	0.3129E-16
19.30	0.3420E-16
20.04	0.3752E-16
20.80	0.4105E-16
21.59	0.4495E-16
22.42	0.4918E-16
23.27	0.5392E-16
24.16	0.5917E-16
25.08	0.6498E-16
26.03	0.7148E-16
27.02	0.7865E-16
28.05	0.8665E-16
29.12	0.9586E-16
30.23	0.1059E-15
31.38	0.1172E-15
32.57	0.1321E-15
33.82	0.1467E-15
35.10	0.1616E-15
36.44	0.1803E-15
37.83	0.2016E-15
39.27	0.2282E-15
40.76	0.2565E-15
42.32	0.2890E-15
43.93	0.3251E-15
45.60	0.3676E-15
47.34	0.4161E-15
49.14	0.5137E-15
51.01	0.5785E-15
52.96	0.6500E-15
54.97	0.7266E-15
57.07	0.8099E-15
59.24	0.8965E-15
61.50	0.9875E-15
63.84	0.1079E-14
66.27	0.1171E-14
68.79	0.1260E-14
71.41	0.1348E-14
74.13	0.1431E-14
76.96	0.1509E-14
79.89	0.1580E-14
82.93	0.1646E-14
86.09	0.1707E-14
89.37	0.1762E-14
92.77	0.1812E-14
96.31	0.1858E-14
99.97	0.1899E-14
103.8	0.1937E-14
107.7	0.1971E-14
111.8	0.2003E-14
116.1	0.2032E-14
120.5	0.2059E-14
125.1	0.2083E-14
129.9	0.2106E-14
134.8	0.2126E-14
140.0	0.2145E-14
145.3	0.2162E-14
150.8	0.2177E-14
156.6	0.2190E-14
162.5	0.2202E-14
168.7	0.2213E-14
175.1	0.2222E-14
181.8	0.2229E-14
188.7	0.2236E-14
195.9	0.2241E-14
203.4	0.2246E-14
211.1	0.2249E-14
219.2	0.2251E-14
227.5	0.2253E-14
236.2	0.2254E-14
245.2	0.2254E-14
254.5	0.2253E-14
264.2	0.2252E-14
274.3	0.2250E-14
284.7	0.2247E-14
295.6	0.2244E-14
306.8	0.2241E-14
318.5	0.2237E-14
330.6	0.2232E-14
343.2	0.2227E-14
356.3	0.2222E-14
369.9	0.2216E-14
384.0	0.2209E-14
398.6	0.2203E-14
413.8	0.2196E-14
429.5	0.2188E-14
445.9	0.2180E-14
462.9	0.2172E-14
480.5	0.2163E-14
498.8	0.2154E-14
517.8	0.2144E-14
537.5	0.2134E-14
558.0	0.2123E-14
579.2	0.2113E-14
601.3	0.2101E-14
624.2	0.2090E-14
648.0	0.2078E-14
672.6	0.2065E-14
698.3	0.2052E-14
724.9	0.2039E-14
752.5	0.2025E-14
781.1	0.2011E-14
810.9	0.1996E-14
841.8	0.1981E-14
873.8	0.1966E-14
907.1	0.1950E-14
941.6	0.1934E-14
977.5	0.1917E-14
1015.	0.1900E-14
1053.	0.1883E-14
1094.	0.1865E-14
1135.	0.1847E-14
1178.	0.1829E-14
1223.	0.1811E-14
1270.	0.1792E-14
1318.	0.1772E-14
1368.	0.1753E-14
1421.	0.1733E-14
1475.	0.1713E-14
1531.	0.1693E-14
1589.	0.1673E-14
1650.	0.1652E-14
1712.	0.1632E-14
1778.	0.1611E-14
1845.	0.1590E-14
1916.	0.1569E-14
1989.	0.1548E-14
2064.	0.1527E-14
2143.	0.1506E-14
2225.	0.1485E-14
2309.	0.1464E-14
2397.	0.1443E-14
2489.	0.1422E-14
2583.	0.1401E-14
2682.	0.1380E-14
2784.	0.1360E-14
2890.	0.1339E-14
3000.	0.1319E-14
 
 
C6    C2H2F4    Excitation    0.15 eV                           
E/N (Td)	Energy loss coefficient (eV m3/s)
0.1000E-02	-0.2693E-21
0.1038E-02	-0.1673E-21
0.1078E-02	-0.1673E-21
0.1119E-02	-0.1673E-21
0.1161E-02	-0.1673E-21
0.1205E-02	-0.1673E-21
0.1251E-02	-0.1673E-21
0.1299E-02	-0.1673E-21
0.1349E-02	-0.1673E-21
0.1400E-02	-0.1673E-21
0.1453E-02	-0.1673E-21
0.1509E-02	-0.1673E-21
0.1566E-02	-0.1673E-21
0.1626E-02	-0.1673E-21
0.1688E-02	-0.1673E-21
0.1752E-02	-0.1673E-21
0.1819E-02	-0.1673E-21
0.1888E-02	-0.1673E-21
0.1960E-02	-0.1673E-21
0.2034E-02	-0.1673E-21
0.2112E-02	-0.1673E-21
0.2192E-02	-0.1673E-21
0.2276E-02	-0.1672E-21
0.2362E-02	-0.1672E-21
0.2452E-02	-0.1672E-21
0.2546E-02	-0.1672E-21
0.2643E-02	-0.1672E-21
0.2743E-02	-0.1672E-21
0.2848E-02	-0.1672E-21
0.2956E-02	-0.1672E-21
0.3069E-02	-0.1672E-21
0.3186E-02	-0.1672E-21
0.3307E-02	-0.1672E-21
0.3433E-02	-0.1671E-21
0.3564E-02	-0.1671E-21
0.3700E-02	-0.1671E-21
0.3841E-02	-0.1671E-21
0.3987E-02	-0.1671E-21
0.4139E-02	-0.1671E-21
0.4296E-02	-0.1670E-21
0.4460E-02	-0.1670E-21
0.4630E-02	-0.1670E-21
0.4806E-02	-0.1670E-21
0.4989E-02	-0.1669E-21
0.5179E-02	-0.1669E-21
0.5377E-02	-0.1669E-21
0.5581E-02	-0.1668E-21
0.5794E-02	-0.1668E-21
0.6015E-02	-0.1668E-21
0.6244E-02	-0.1667E-21
0.6481E-02	-0.1667E-21
0.6728E-02	-0.1666E-21
0.6985E-02	-0.1666E-21
0.7251E-02	-0.1665E-21
0.7527E-02	-0.1664E-21
0.7813E-02	-0.1664E-21
0.8111E-02	-0.1663E-21
0.8420E-02	-0.1662E-21
0.8741E-02	-0.1661E-21
0.9073E-02	-0.1660E-21
0.9419E-02	-0.1659E-21
0.9778E-02	-0.1658E-21
0.1015E-01	-0.1657E-21
0.1054E-01	-0.1656E-21
0.1094E-01	-0.1654E-21
0.1135E-01	-0.1653E-21
0.1179E-01	-0.1651E-21
0.1224E-01	-0.1650E-21
0.1270E-01	-0.1648E-21
0.1319E-01	-0.1646E-21
0.1369E-01	-0.1644E-21
0.1421E-01	-0.1642E-21
0.1475E-01	-0.1639E-21
0.1531E-01	-0.1636E-21
0.1590E-01	-0.1634E-21
0.1650E-01	-0.1630E-21
0.1713E-01	-0.1627E-21
0.1778E-01	-0.1624E-21
0.1846E-01	-0.1620E-21
0.1916E-01	-0.1616E-21
0.1989E-01	-0.1611E-21
0.2065E-01	-0.1606E-21
0.2144E-01	-0.1601E-21
0.2225E-01	-0.1595E-21
0.2310E-01	-0.1589E-21
0.2398E-01	-0.1583E-21
0.2489E-01	-0.1576E-21
0.2584E-01	-0.1568E-21
0.2682E-01	-0.1560E-21
0.2785E-01	-0.1551E-21
0.2891E-01	-0.1542E-21
0.3001E-01	-0.1532E-21
0.3115E-01	-0.1521E-21
0.3234E-01	-0.1509E-21
0.3357E-01	-0.1496E-21
0.3485E-01	-0.1482E-21
0.3617E-01	-0.1467E-21
0.3755E-01	-0.1452E-21
0.3898E-01	-0.1434E-21
0.4047E-01	-0.1416E-21
0.4201E-01	-0.1396E-21
0.4361E-01	-0.1374E-21
0.4527E-01	-0.1351E-21
0.4699E-01	-0.1326E-21
0.4878E-01	-0.1299E-21
0.5064E-01	-0.1270E-21
0.5257E-01	-0.1239E-21
0.5457E-01	-0.1205E-21
0.5665E-01	-0.1169E-21
0.5881E-01	-0.1129E-21
0.6105E-01	-0.1087E-21
0.6337E-01	-0.1042E-21
0.6579E-01	-0.9927E-22
0.6829E-01	-0.9398E-22
0.7089E-01	-0.8829E-22
0.7359E-01	-0.8215E-22
0.7640E-01	-0.7554E-22
0.7931E-01	-0.6841E-22
0.8233E-01	-0.6074E-22
0.8546E-01	-0.5246E-22
0.8872E-01	-0.4354E-22
0.9210E-01	-0.3393E-22
0.9560E-01	-0.2358E-22
0.9924E-01	-0.1242E-22
0.1030	-0.3922E-24
0.1069	0.1257E-22
0.1110	0.2653E-22
0.1152	0.4159E-22
0.1196	0.5781E-22
0.1242	0.7529E-22
0.1289	0.9412E-22
0.1338	0.1144E-21
0.1389	0.1363E-21
0.1442	0.1599E-21
0.1497	0.1853E-21
0.1554	0.2127E-21
0.1613	0.2422E-21
0.1675	0.2740E-21
0.1739	0.3082E-21
0.1805	0.3452E-21
0.1874	0.3850E-21
0.1945	0.4279E-21
0.2019	0.4741E-21
0.2096	0.5239E-21
0.2176	0.5776E-21
0.2259	0.6355E-21
0.2345	0.6979E-21
0.2434	0.7651E-21
0.2527	0.8375E-21
0.2623	0.9156E-21
0.2723	0.9998E-21
0.2826	0.1091E-20
0.2934	0.1188E-20
0.3046	0.1294E-20
0.3162	0.1407E-20
0.3282	0.1530E-20
0.3407	0.1662E-20
0.3537	0.1804E-20
0.3672	0.1957E-20
0.3812	0.2123E-20
0.3957	0.2301E-20
0.4107	0.2493E-20
0.4264	0.2701E-20
0.4426	0.2924E-20
0.4595	0.3165E-20
0.4770	0.3425E-20
0.4952	0.3705E-20
0.5140	0.4007E-20
0.5336	0.4333E-20
0.5539	0.4685E-20
0.5750	0.5064E-20
0.5969	0.5474E-20
0.6196	0.5915E-20
0.6432	0.6392E-20
0.6677	0.6907E-20
0.6932	0.7462E-20
0.7196	0.8062E-20
0.7470	0.8709E-20
0.7754	0.9409E-20
0.8050	0.1016E-19
0.8356	0.1098E-19
0.8674	0.1186E-19
0.9005	0.1282E-19
0.9348	0.1385E-19
0.9704	0.1496E-19
1.007	0.1617E-19
1.046	0.1748E-19
1.086	0.1889E-19
1.127	0.2042E-19
1.170	0.2208E-19
1.214	0.2387E-19
1.261	0.2582E-19
1.309	0.2793E-19
1.358	0.3021E-19
1.410	0.3269E-19
1.464	0.3538E-19
1.520	0.3830E-19
1.578	0.4146E-19
1.638	0.4490E-19
1.700	0.4863E-19
1.765	0.5267E-19
1.832	0.5707E-19
1.902	0.6184E-19
1.974	0.6702E-19
2.049	0.7264E-19
2.127	0.7874E-19
2.208	0.8537E-19
2.293	0.9257E-19
2.380	0.1004E-18
2.470	0.1089E-18
2.565	0.1181E-18
2.662	0.1281E-18
2.764	0.1389E-18
2.869	0.1507E-18
2.978	0.1635E-18
3.092	0.1773E-18
3.209	0.1924E-18
3.332	0.2087E-18
3.458	0.2265E-18
3.590	0.2457E-18
3.727	0.2666E-18
3.869	0.2893E-18
4.016	0.3140E-18
4.169	0.3408E-18
4.328	0.3700E-18
4.493	0.4017E-18
4.664	0.4362E-18
4.841	0.4737E-18
5.026	0.5146E-18
5.217	0.5592E-18
5.416	0.6078E-18
5.622	0.6608E-18
5.836	0.7187E-18
6.059	0.7820E-18
6.289	0.8512E-18
6.529	0.9269E-18
6.778	0.1010E-17
7.036	0.1101E-17
7.304	0.1200E-17
7.582	0.1309E-17
7.871	0.1429E-17
8.170	0.1561E-17
8.482	0.1706E-17
8.805	0.1853E-17
9.140	0.2028E-17
9.488	0.2220E-17
9.849	0.2431E-17
10.22	0.2664E-17
10.61	0.2921E-17
11.02	0.3205E-17
11.44	0.3551E-17
11.87	0.3899E-17
12.33	0.4285E-17
12.80	0.4711E-17
13.28	0.5182E-17
13.79	0.5689E-17
14.31	0.6265E-17
14.86	0.6904E-17
15.42	0.7579E-17
16.01	0.8360E-17
16.62	0.9227E-17
17.25	0.1011E-16
17.91	0.1117E-16
18.59	0.1262E-16
19.30	0.1396E-16
20.04	0.1551E-16
20.80	0.1718E-16
21.59	0.1905E-16
22.42	0.2113E-16
23.27	0.2346E-16
24.16	0.2608E-16
25.08	0.2902E-16
26.03	0.3236E-16
27.02	0.3609E-16
28.05	0.4029E-16
29.12	0.4520E-16
30.23	0.5063E-16
31.38	0.5681E-16
32.57	0.6496E-16
33.82	0.7321E-16
35.10	0.8196E-16
36.44	0.9286E-16
37.83	0.1055E-15
39.27	0.1216E-15
40.76	0.1391E-15
42.32	0.1595E-15
43.93	0.1830E-15
45.60	0.2110E-15
47.34	0.2437E-15
49.14	0.3082E-15
51.01	0.3548E-15
52.96	0.4079E-15
54.97	0.4668E-15
57.07	0.5332E-15
59.24	0.6050E-15
61.50	0.6837E-15
63.84	0.7664E-15
66.27	0.8542E-15
68.79	0.9441E-15
71.41	0.1037E-14
74.13	0.1131E-14
76.96	0.1225E-14
79.89	0.1317E-14
82.93	0.1409E-14
86.09	0.1500E-14
89.37	0.1590E-14
92.77	0.1677E-14
96.31	0.1763E-14
99.97	0.1846E-14
103.8	0.1928E-14
107.7	0.2008E-14
111.8	0.2086E-14
116.1	0.2161E-14
120.5	0.2233E-14
125.1	0.2302E-14
129.9	0.2368E-14
134.8	0.2430E-14
140.0	0.2489E-14
145.3	0.2544E-14
150.8	0.2595E-14
156.6	0.2642E-14
162.5	0.2685E-14
168.7	0.2724E-14
175.1	0.2760E-14
181.8	0.2793E-14
188.7	0.2822E-14
195.9	0.2848E-14
203.4	0.2871E-14
211.1	0.2892E-14
219.2	0.2910E-14
227.5	0.2926E-14
236.2	0.2939E-14
245.2	0.2951E-14
254.5	0.2961E-14
264.2	0.2969E-14
274.3	0.2975E-14
284.7	0.2980E-14
295.6	0.2983E-14
306.8	0.2985E-14
318.5	0.2986E-14
330.6	0.2985E-14
343.2	0.2983E-14
356.3	0.2981E-14
369.9	0.2977E-14
384.0	0.2972E-14
398.6	0.2966E-14
413.8	0.2959E-14
429.5	0.2950E-14
445.9	0.2942E-14
462.9	0.2932E-14
480.5	0.2921E-14
498.8	0.2909E-14
517.8	0.2896E-14
537.5	0.2883E-14
558.0	0.2868E-14
579.2	0.2853E-14
601.3	0.2837E-14
624.2	0.2819E-14
648.0	0.2801E-14
672.6	0.2782E-14
698.3	0.2763E-14
724.9	0.2742E-14
752.5	0.2720E-14
781.1	0.2698E-14
810.9	0.2675E-14
841.8	0.2651E-14
873.8	0.2626E-14
907.1	0.2600E-14
941.6	0.2574E-14
977.5	0.2546E-14
1015.	0.2518E-14
1053.	0.2490E-14
1094.	0.2460E-14
1135.	0.2430E-14
1178.	0.2399E-14
1223.	0.2368E-14
1270.	0.2336E-14
1318.	0.2303E-14
1368.	0.2270E-14
1421.	0.2237E-14
1475.	0.2203E-14
1531.	0.2168E-14
1589.	0.2134E-14
1650.	0.2099E-14
1712.	0.2064E-14
1778.	0.2028E-14
1845.	0.1993E-14
1916.	0.1957E-14
1989.	0.1921E-14
2064.	0.1885E-14
2143.	0.1849E-14
2225.	0.1814E-14
2309.	0.1778E-14
2397.	0.1742E-14
2489.	0.1707E-14
2583.	0.1672E-14
2682.	0.1637E-14
2784.	0.1603E-14
2890.	0.1568E-14
3000.	0.1534E-14
 
 
C7    C2H2F4    Excitation    0.37 eV                           
E/N (Td)	Energy loss coefficient (eV m3/s)
0.1000E-02	-0.3876E-25
0.1038E-02	-0.3706E-25
0.1078E-02	-0.3706E-25
0.1119E-02	-0.3706E-25
0.1161E-02	-0.3706E-25
0.1205E-02	-0.3706E-25
0.1251E-02	-0.3706E-25
0.1299E-02	-0.3706E-25
0.1349E-02	-0.3706E-25
0.1400E-02	-0.3706E-25
0.1453E-02	-0.3705E-25
0.1509E-02	-0.3705E-25
0.1566E-02	-0.3705E-25
0.1626E-02	-0.3705E-25
0.1688E-02	-0.3705E-25
0.1752E-02	-0.3705E-25
0.1819E-02	-0.3704E-25
0.1888E-02	-0.3704E-25
0.1960E-02	-0.3704E-25
0.2034E-02	-0.3704E-25
0.2112E-02	-0.3704E-25
0.2192E-02	-0.3703E-25
0.2276E-02	-0.3703E-25
0.2362E-02	-0.3703E-25
0.2452E-02	-0.3702E-25
0.2546E-02	-0.3702E-25
0.2643E-02	-0.3701E-25
0.2743E-02	-0.3701E-25
0.2848E-02	-0.3701E-25
0.2956E-02	-0.3700E-25
0.3069E-02	-0.3699E-25
0.3186E-02	-0.3699E-25
0.3307E-02	-0.3698E-25
0.3433E-02	-0.3698E-25
0.3564E-02	-0.3697E-25
0.3700E-02	-0.3696E-25
0.3841E-02	-0.3695E-25
0.3987E-02	-0.3694E-25
0.4139E-02	-0.3693E-25
0.4296E-02	-0.3692E-25
0.4460E-02	-0.3691E-25
0.4630E-02	-0.3690E-25
0.4806E-02	-0.3688E-25
0.4989E-02	-0.3687E-25
0.5179E-02	-0.3685E-25
0.5377E-02	-0.3683E-25
0.5581E-02	-0.3682E-25
0.5794E-02	-0.3680E-25
0.6015E-02	-0.3677E-25
0.6244E-02	-0.3675E-25
0.6481E-02	-0.3673E-25
0.6728E-02	-0.3670E-25
0.6985E-02	-0.3667E-25
0.7251E-02	-0.3664E-25
0.7527E-02	-0.3661E-25
0.7813E-02	-0.3657E-25
0.8111E-02	-0.3653E-25
0.8420E-02	-0.3649E-25
0.8741E-02	-0.3644E-25
0.9073E-02	-0.3639E-25
0.9419E-02	-0.3634E-25
0.9778E-02	-0.3628E-25
0.1015E-01	-0.3622E-25
0.1054E-01	-0.3616E-25
0.1094E-01	-0.3609E-25
0.1135E-01	-0.3601E-25
0.1179E-01	-0.3593E-25
0.1224E-01	-0.3584E-25
0.1270E-01	-0.3574E-25
0.1319E-01	-0.3564E-25
0.1369E-01	-0.3553E-25
0.1421E-01	-0.3541E-25
0.1475E-01	-0.3528E-25
0.1531E-01	-0.3514E-25
0.1590E-01	-0.3499E-25
0.1650E-01	-0.3483E-25
0.1713E-01	-0.3466E-25
0.1778E-01	-0.3447E-25
0.1846E-01	-0.3427E-25
0.1916E-01	-0.3405E-25
0.1989E-01	-0.3381E-25
0.2065E-01	-0.3356E-25
0.2144E-01	-0.3329E-25
0.2225E-01	-0.3299E-25
0.2310E-01	-0.3268E-25
0.2398E-01	-0.3234E-25
0.2489E-01	-0.3197E-25
0.2584E-01	-0.3157E-25
0.2682E-01	-0.3115E-25
0.2785E-01	-0.3069E-25
0.2891E-01	-0.3019E-25
0.3001E-01	-0.2966E-25
0.3115E-01	-0.2908E-25
0.3234E-01	-0.2846E-25
0.3357E-01	-0.2779E-25
0.3485E-01	-0.2707E-25
0.3617E-01	-0.2630E-25
0.3755E-01	-0.2546E-25
0.3898E-01	-0.2456E-25
0.4047E-01	-0.2359E-25
0.4201E-01	-0.2254E-25
0.4361E-01	-0.2141E-25
0.4527E-01	-0.2020E-25
0.4699E-01	-0.1889E-25
0.4878E-01	-0.1748E-25
0.5064E-01	-0.1596E-25
0.5257E-01	-0.1432E-25
0.5457E-01	-0.1255E-25
0.5665E-01	-0.1065E-25
0.5881E-01	-0.8598E-26
0.6105E-01	-0.6388E-26
0.6337E-01	-0.4007E-26
0.6579E-01	-0.1441E-26
0.6829E-01	0.1324E-26
0.7089E-01	0.4303E-26
0.7359E-01	0.7514E-26
0.7640E-01	0.1097E-25
0.7931E-01	0.1470E-25
0.8233E-01	0.1872E-25
0.8546E-01	0.2305E-25
0.8872E-01	0.2771E-25
0.9210E-01	0.3274E-25
0.9560E-01	0.3816E-25
0.9924E-01	0.4399E-25
0.1030	0.5028E-25
0.1069	0.5706E-25
0.1110	0.6436E-25
0.1152	0.7223E-25
0.1196	0.8071E-25
0.1242	0.8984E-25
0.1289	0.9968E-25
0.1338	0.1103E-24
0.1389	0.1217E-24
0.1442	0.1340E-24
0.1497	0.1473E-24
0.1554	0.1616E-24
0.1613	0.1770E-24
0.1675	0.1936E-24
0.1739	0.2114E-24
0.1805	0.2307E-24
0.1874	0.2515E-24
0.1945	0.2738E-24
0.2019	0.2979E-24
0.2096	0.3238E-24
0.2176	0.3518E-24
0.2259	0.3819E-24
0.2345	0.4143E-24
0.2434	0.4492E-24
0.2527	0.4868E-24
0.2623	0.5274E-24
0.2723	0.5710E-24
0.2826	0.6180E-24
0.2934	0.6686E-24
0.3046	0.7232E-24
0.3162	0.7819E-24
0.3282	0.8451E-24
0.3407	0.9132E-24
0.3537	0.9865E-24
0.3672	0.1065E-23
0.3812	0.1150E-23
0.3957	0.1242E-23
0.4107	0.1340E-23
0.4264	0.1446E-23
0.4426	0.1560E-23
0.4595	0.1683E-23
0.4770	0.1815E-23
0.4952	0.1957E-23
0.5140	0.2110E-23
0.5336	0.2275E-23
0.5539	0.2452E-23
0.5750	0.2642E-23
0.5969	0.2847E-23
0.6196	0.3067E-23
0.6432	0.3304E-23
0.6677	0.3559E-23
0.6932	0.3832E-23
0.7196	0.4127E-23
0.7470	0.4443E-23
0.7754	0.4783E-23
0.8050	0.5149E-23
0.8356	0.5542E-23
0.8674	0.5964E-23
0.9005	0.6417E-23
0.9348	0.6905E-23
0.9704	0.7429E-23
1.007	0.7992E-23
1.046	0.8597E-23
1.086	0.9246E-23
1.127	0.9945E-23
1.170	0.1070E-22
1.214	0.1150E-22
1.261	0.1237E-22
1.309	0.1330E-22
1.358	0.1430E-22
1.410	0.1538E-22
1.464	0.1654E-22
1.520	0.1779E-22
1.578	0.1913E-22
1.638	0.2057E-22
1.700	0.2213E-22
1.765	0.2381E-22
1.832	0.2561E-22
1.902	0.2756E-22
1.974	0.2967E-22
2.049	0.3193E-22
2.127	0.3438E-22
2.208	0.3703E-22
2.293	0.3989E-22
2.380	0.4299E-22
2.470	0.4635E-22
2.565	0.4998E-22
2.662	0.5392E-22
2.764	0.5820E-22
2.869	0.6284E-22
2.978	0.6789E-22
3.092	0.7339E-22
3.209	0.7938E-22
3.332	0.8590E-22
3.458	0.9303E-22
3.590	0.1008E-21
3.727	0.1093E-21
3.869	0.1187E-21
4.016	0.1289E-21
4.169	0.1402E-21
4.328	0.1525E-21
4.493	0.1662E-21
4.664	0.1813E-21
4.841	0.1979E-21
5.026	0.2164E-21
5.217	0.2370E-21
5.416	0.2599E-21
5.622	0.2855E-21
5.836	0.3142E-21
6.059	0.3465E-21
6.289	0.3830E-21
6.529	0.4242E-21
6.778	0.4711E-21
7.036	0.5247E-21
7.304	0.5861E-21
7.582	0.6567E-21
7.871	0.7385E-21
8.170	0.8334E-21
8.482	0.9443E-21
8.805	0.1072E-20
9.140	0.1225E-20
9.488	0.1406E-20
9.849	0.1622E-20
10.22	0.1880E-20
10.61	0.2191E-20
11.02	0.2566E-20
11.44	0.3041E-20
11.87	0.3604E-20
12.33	0.4296E-20
12.80	0.5153E-20
13.28	0.6221E-20
13.79	0.7552E-20
14.31	0.9235E-20
14.86	0.1137E-19
15.42	0.1406E-19
16.01	0.1753E-19
16.62	0.2201E-19
17.25	0.2767E-19
17.91	0.3515E-19
18.59	0.4584E-19
19.30	0.5889E-19
20.04	0.7638E-19
20.80	0.9904E-19
21.59	0.1289E-18
22.42	0.1691E-18
23.27	0.2216E-18
24.16	0.2911E-18
25.08	0.3834E-18
26.03	0.5093E-18
27.02	0.6732E-18
28.05	0.8912E-18
29.12	0.1190E-17
30.23	0.1579E-17
31.38	0.2096E-17
32.57	0.2840E-17
33.82	0.3770E-17
35.10	0.4987E-17
36.44	0.6607E-17
37.83	0.8741E-17
39.27	0.1172E-16
40.76	0.1542E-16
42.32	0.2021E-16
43.93	0.2650E-16
45.60	0.3436E-16
47.34	0.4428E-16
49.14	0.6238E-16
51.01	0.7863E-16
52.96	0.9814E-16
54.97	0.1208E-15
57.07	0.1475E-15
59.24	0.1774E-15
61.50	0.2110E-15
63.84	0.2474E-15
66.27	0.2869E-15
68.79	0.3281E-15
71.41	0.3712E-15
74.13	0.4152E-15
76.96	0.4596E-15
79.89	0.5037E-15
82.93	0.5477E-15
86.09	0.5909E-15
89.37	0.6332E-15
92.77	0.6745E-15
96.31	0.7146E-15
99.97	0.7535E-15
103.8	0.7912E-15
107.7	0.8277E-15
111.8	0.8628E-15
116.1	0.8964E-15
120.5	0.9285E-15
125.1	0.9589E-15
129.9	0.9878E-15
134.8	0.1015E-14
140.0	0.1040E-14
145.3	0.1064E-14
150.8	0.1086E-14
156.6	0.1106E-14
162.5	0.1124E-14
168.7	0.1141E-14
175.1	0.1156E-14
181.8	0.1170E-14
188.7	0.1182E-14
195.9	0.1193E-14
203.4	0.1203E-14
211.1	0.1212E-14
219.2	0.1219E-14
227.5	0.1226E-14
236.2	0.1232E-14
245.2	0.1237E-14
254.5	0.1241E-14
264.2	0.1245E-14
274.3	0.1247E-14
284.7	0.1250E-14
295.6	0.1251E-14
306.8	0.1252E-14
318.5	0.1253E-14
330.6	0.1253E-14
343.2	0.1252E-14
356.3	0.1251E-14
369.9	0.1250E-14
384.0	0.1248E-14
398.6	0.1246E-14
413.8	0.1243E-14
429.5	0.1240E-14
445.9	0.1237E-14
462.9	0.1233E-14
480.5	0.1229E-14
498.8	0.1225E-14
517.8	0.1220E-14
537.5	0.1215E-14
558.0	0.1209E-14
579.2	0.1203E-14
601.3	0.1197E-14
624.2	0.1190E-14
648.0	0.1183E-14
672.6	0.1176E-14
698.3	0.1168E-14
724.9	0.1160E-14
752.5	0.1151E-14
781.1	0.1143E-14
810.9	0.1134E-14
841.8	0.1124E-14
873.8	0.1115E-14
907.1	0.1104E-14
941.6	0.1094E-14
977.5	0.1083E-14
1015.	0.1072E-14
1053.	0.1061E-14
1094.	0.1050E-14
1135.	0.1038E-14
1178.	0.1026E-14
1223.	0.1013E-14
1270.	0.1001E-14
1318.	0.9878E-15
1368.	0.9748E-15
1421.	0.9616E-15
1475.	0.9482E-15
1531.	0.9347E-15
1589.	0.9210E-15
1650.	0.9072E-15
1712.	0.8932E-15
1778.	0.8792E-15
1845.	0.8651E-15
1916.	0.8510E-15
1989.	0.8368E-15
2064.	0.8226E-15
2143.	0.8084E-15
2225.	0.7942E-15
2309.	0.7801E-15
2397.	0.7659E-15
2489.	0.7519E-15
2583.	0.7379E-15
2682.	0.7240E-15
2784.	0.7102E-15
2890.	0.6965E-15
3000.	0.6830E-15
 
 
C8    C2H2F4    Excitation    0.50 eV                           
E/N (Td)	Energy loss coefficient (eV m3/s)
0.1000E-02	-0.2106E-28
0.1038E-02	-0.2119E-28
0.1078E-02	-0.2119E-28
0.1119E-02	-0.2119E-28
0.1161E-02	-0.2119E-28
0.1205E-02	-0.2119E-28
0.1251E-02	-0.2119E-28
0.1299E-02	-0.2119E-28
0.1349E-02	-0.2119E-28
0.1400E-02	-0.2119E-28
0.1453E-02	-0.2119E-28
0.1509E-02	-0.2119E-28
0.1566E-02	-0.2119E-28
0.1626E-02	-0.2119E-28
0.1688E-02	-0.2119E-28
0.1752E-02	-0.2119E-28
0.1819E-02	-0.2119E-28
0.1888E-02	-0.2119E-28
0.1960E-02	-0.2119E-28
0.2034E-02	-0.2119E-28
0.2112E-02	-0.2119E-28
0.2192E-02	-0.2119E-28
0.2276E-02	-0.2119E-28
0.2362E-02	-0.2119E-28
0.2452E-02	-0.2119E-28
0.2546E-02	-0.2119E-28
0.2643E-02	-0.2119E-28
0.2743E-02	-0.2119E-28
0.2848E-02	-0.2119E-28
0.2956E-02	-0.2119E-28
0.3069E-02	-0.2119E-28
0.3186E-02	-0.2119E-28
0.3307E-02	-0.2119E-28
0.3433E-02	-0.2119E-28
0.3564E-02	-0.2118E-28
0.3700E-02	-0.2118E-28
0.3841E-02	-0.2118E-28
0.3987E-02	-0.2118E-28
0.4139E-02	-0.2118E-28
0.4296E-02	-0.2118E-28
0.4460E-02	-0.2118E-28
0.4630E-02	-0.2118E-28
0.4806E-02	-0.2118E-28
0.4989E-02	-0.2118E-28
0.5179E-02	-0.2118E-28
0.5377E-02	-0.2118E-28
0.5581E-02	-0.2117E-28
0.5794E-02	-0.2117E-28
0.6015E-02	-0.2117E-28
0.6244E-02	-0.2117E-28
0.6481E-02	-0.2117E-28
0.6728E-02	-0.2117E-28
0.6985E-02	-0.2117E-28
0.7251E-02	-0.2116E-28
0.7527E-02	-0.2116E-28
0.7813E-02	-0.2116E-28
0.8111E-02	-0.2116E-28
0.8420E-02	-0.2115E-28
0.8741E-02	-0.2115E-28
0.9073E-02	-0.2115E-28
0.9419E-02	-0.2114E-28
0.9778E-02	-0.2114E-28
0.1015E-01	-0.2114E-28
0.1054E-01	-0.2113E-28
0.1094E-01	-0.2113E-28
0.1135E-01	-0.2112E-28
0.1179E-01	-0.2112E-28
0.1224E-01	-0.2111E-28
0.1270E-01	-0.2110E-28
0.1319E-01	-0.2110E-28
0.1369E-01	-0.2109E-28
0.1421E-01	-0.2108E-28
0.1475E-01	-0.2107E-28
0.1531E-01	-0.2106E-28
0.1590E-01	-0.2105E-28
0.1650E-01	-0.2104E-28
0.1713E-01	-0.2103E-28
0.1778E-01	-0.2102E-28
0.1846E-01	-0.2101E-28
0.1916E-01	-0.2099E-28
0.1989E-01	-0.2098E-28
0.2065E-01	-0.2096E-28
0.2144E-01	-0.2094E-28
0.2225E-01	-0.2092E-28
0.2310E-01	-0.2090E-28
0.2398E-01	-0.2088E-28
0.2489E-01	-0.2086E-28
0.2584E-01	-0.2083E-28
0.2682E-01	-0.2080E-28
0.2785E-01	-0.2077E-28
0.2891E-01	-0.2074E-28
0.3001E-01	-0.2070E-28
0.3115E-01	-0.2067E-28
0.3234E-01	-0.2063E-28
0.3357E-01	-0.2058E-28
0.3485E-01	-0.2053E-28
0.3617E-01	-0.2048E-28
0.3755E-01	-0.2043E-28
0.3898E-01	-0.2037E-28
0.4047E-01	-0.2030E-28
0.4201E-01	-0.2024E-28
0.4361E-01	-0.2016E-28
0.4527E-01	-0.2008E-28
0.4699E-01	-0.2000E-28
0.4878E-01	-0.1990E-28
0.5064E-01	-0.1980E-28
0.5257E-01	-0.1970E-28
0.5457E-01	-0.1958E-28
0.5665E-01	-0.1945E-28
0.5881E-01	-0.1932E-28
0.6105E-01	-0.1917E-28
0.6337E-01	-0.1902E-28
0.6579E-01	-0.1885E-28
0.6829E-01	-0.1867E-28
0.7089E-01	-0.1847E-28
0.7359E-01	-0.1826E-28
0.7640E-01	-0.1803E-28
0.7931E-01	-0.1779E-28
0.8233E-01	-0.1752E-28
0.8546E-01	-0.1724E-28
0.8872E-01	-0.1693E-28
0.9210E-01	-0.1660E-28
0.9560E-01	-0.1624E-28
0.9924E-01	-0.1586E-28
0.1030	-0.1545E-28
0.1069	-0.1500E-28
0.1110	-0.1452E-28
0.1152	-0.1400E-28
0.1196	-0.1344E-28
0.1242	-0.1284E-28
0.1289	-0.1219E-28
0.1338	-0.1149E-28
0.1389	-0.1074E-28
0.1442	-0.9930E-29
0.1497	-0.9056E-29
0.1554	-0.8114E-29
0.1613	-0.7099E-29
0.1675	-0.6005E-29
0.1739	-0.4827E-29
0.1805	-0.3557E-29
0.1874	-0.2188E-29
0.1945	-0.7130E-30
0.2019	0.8765E-30
0.2096	0.2589E-29
0.2176	0.4435E-29
0.2259	0.6424E-29
0.2345	0.8567E-29
0.2434	0.1088E-28
0.2527	0.1336E-28
0.2623	0.1605E-28
0.2723	0.1894E-28
0.2826	0.2205E-28
0.2934	0.2541E-28
0.3046	0.2902E-28
0.3162	0.3292E-28
0.3282	0.3712E-28
0.3407	0.4164E-28
0.3537	0.4652E-28
0.3672	0.5177E-28
0.3812	0.5743E-28
0.3957	0.6353E-28
0.4107	0.7010E-28
0.4264	0.7718E-28
0.4426	0.8481E-28
0.4595	0.9303E-28
0.4770	0.1019E-27
0.4952	0.1114E-27
0.5140	0.1217E-27
0.5336	0.1328E-27
0.5539	0.1448E-27
0.5750	0.1576E-27
0.5969	0.1715E-27
0.6196	0.1864E-27
0.6432	0.2026E-27
0.6677	0.2199E-27
0.6932	0.2386E-27
0.7196	0.2588E-27
0.7470	0.2805E-27
0.7754	0.3039E-27
0.8050	0.3292E-27
0.8356	0.3564E-27
0.8674	0.3857E-27
0.9005	0.4174E-27
0.9348	0.4515E-27
0.9704	0.4883E-27
1.007	0.5280E-27
1.046	0.5708E-27
1.086	0.6171E-27
1.127	0.6669E-27
1.170	0.7208E-27
1.214	0.7789E-27
1.261	0.8417E-27
1.309	0.9096E-27
1.358	0.9830E-27
1.410	0.1062E-26
1.464	0.1148E-26
1.520	0.1241E-26
1.578	0.1342E-26
1.638	0.1451E-26
1.700	0.1569E-26
1.765	0.1697E-26
1.832	0.1836E-26
1.902	0.1987E-26
1.974	0.2152E-26
2.049	0.2331E-26
2.127	0.2526E-26
2.208	0.2738E-26
2.293	0.2970E-26
2.380	0.3224E-26
2.470	0.3502E-26
2.565	0.3806E-26
2.662	0.4139E-26
2.764	0.4506E-26
2.869	0.4910E-26
2.978	0.5355E-26
3.092	0.5847E-26
3.209	0.6391E-26
3.332	0.6996E-26
3.458	0.7667E-26
3.590	0.8416E-26
3.727	0.9253E-26
3.869	0.1019E-25
4.016	0.1125E-25
4.169	0.1244E-25
4.328	0.1378E-25
4.493	0.1531E-25
4.664	0.1706E-25
4.841	0.1905E-25
5.026	0.2135E-25
5.217	0.2400E-25
5.416	0.2708E-25
5.622	0.3067E-25
5.836	0.3488E-25
6.059	0.3985E-25
6.289	0.4574E-25
6.529	0.5276E-25
6.778	0.6120E-25
7.036	0.7138E-25
7.304	0.8378E-25
7.582	0.9896E-25
7.871	0.1177E-24
8.170	0.1410E-24
8.482	0.1702E-24
8.805	0.2101E-24
9.140	0.2583E-24
9.488	0.3205E-24
9.849	0.4013E-24
10.22	0.5072E-24
10.61	0.6473E-24
11.02	0.8341E-24
11.44	0.1101E-23
11.87	0.1449E-23
12.33	0.1928E-23
12.80	0.2590E-23
13.28	0.3511E-23
13.79	0.4840E-23
14.31	0.6698E-23
14.86	0.9354E-23
15.42	0.1324E-22
16.01	0.1885E-22
16.62	0.2705E-22
17.25	0.3977E-22
17.91	0.5845E-22
18.59	0.9198E-22
19.30	0.1403E-21
20.04	0.2234E-21
20.80	0.3555E-21
21.59	0.5767E-21
22.42	0.9651E-21
23.27	0.1629E-20
24.16	0.2792E-20
25.08	0.4846E-20
26.03	0.8570E-20
27.02	0.1509E-19
28.05	0.2659E-19
29.12	0.4723E-19
30.23	0.8269E-19
31.38	0.1438E-18
32.57	0.2531E-18
33.82	0.4316E-18
35.10	0.7261E-18
36.44	0.1207E-17
37.83	0.1982E-17
39.27	0.3259E-17
40.76	0.5195E-17
42.32	0.8157E-17
43.93	0.1268E-16
45.60	0.1927E-16
47.34	0.2881E-16
49.14	0.4668E-16
51.01	0.6701E-16
52.96	0.9443E-16
54.97	0.1302E-15
57.07	0.1767E-15
59.24	0.2346E-15
61.50	0.3064E-15
63.84	0.3917E-15
66.27	0.4927E-15
68.79	0.6080E-15
71.41	0.7387E-15
74.13	0.8835E-15
76.96	0.1041E-14
79.89	0.1210E-14
82.93	0.1391E-14
86.09	0.1580E-14
89.37	0.1777E-14
92.77	0.1981E-14
96.31	0.2190E-14
99.97	0.2402E-14
103.8	0.2617E-14
107.7	0.2833E-14
111.8	0.3048E-14
116.1	0.3260E-14
120.5	0.3468E-14
125.1	0.3669E-14
129.9	0.3864E-14
134.8	0.4050E-14
140.0	0.4228E-14
145.3	0.4395E-14
150.8	0.4552E-14
156.6	0.4698E-14
162.5	0.4833E-14
168.7	0.4958E-14
175.1	0.5073E-14
181.8	0.5178E-14
188.7	0.5273E-14
195.9	0.5360E-14
203.4	0.5438E-14
211.1	0.5509E-14
219.2	0.5572E-14
227.5	0.5628E-14
236.2	0.5678E-14
245.2	0.5723E-14
254.5	0.5761E-14
264.2	0.5795E-14
274.3	0.5823E-14
284.7	0.5848E-14
295.6	0.5868E-14
306.8	0.5884E-14
318.5	0.5896E-14
330.6	0.5905E-14
343.2	0.5911E-14
356.3	0.5913E-14
369.9	0.5912E-14
384.0	0.5908E-14
398.6	0.5901E-14
413.8	0.5891E-14
429.5	0.5879E-14
445.9	0.5864E-14
462.9	0.5846E-14
480.5	0.5826E-14
498.8	0.5804E-14
517.8	0.5778E-14
537.5	0.5751E-14
558.0	0.5720E-14
579.2	0.5688E-14
601.3	0.5653E-14
624.2	0.5616E-14
648.0	0.5576E-14
672.6	0.5534E-14
698.3	0.5489E-14
724.9	0.5443E-14
752.5	0.5394E-14
781.1	0.5343E-14
810.9	0.5289E-14
841.8	0.5233E-14
873.8	0.5176E-14
907.1	0.5116E-14
941.6	0.5054E-14
977.5	0.4990E-14
1015.	0.4924E-14
1053.	0.4856E-14
1094.	0.4786E-14
1135.	0.4715E-14
1178.	0.4642E-14
1223.	0.4567E-14
1270.	0.4491E-14
1318.	0.4413E-14
1368.	0.4334E-14
1421.	0.4254E-14
1475.	0.4173E-14
1531.	0.4091E-14
1589.	0.4008E-14
1650.	0.3924E-14
1712.	0.3840E-14
1778.	0.3755E-14
1845.	0.3670E-14
1916.	0.3585E-14
1989.	0.3499E-14
2064.	0.3414E-14
2143.	0.3329E-14
2225.	0.3243E-14
2309.	0.3159E-14
2397.	0.3074E-14
2489.	0.2990E-14
2583.	0.2907E-14
2682.	0.2825E-14
2784.	0.2743E-14
2890.	0.2663E-14
3000.	0.2583E-14
 
 
C9    C2H2F4    Excitation    10.30 eV                          
E/N (Td)	Energy loss coefficient (eV m3/s)
0.1000E-02	-0.1817-187
0.1038E-02	-0.1818-187
0.1078E-02	-0.1818-187
0.1119E-02	-0.1818-187
0.1161E-02	-0.1818-187
0.1205E-02	-0.1818-187
0.1251E-02	-0.1818-187
0.1299E-02	-0.1818-187
0.1349E-02	-0.1818-187
0.1400E-02	-0.1818-187
0.1453E-02	-0.1818-187
0.1509E-02	-0.1818-187
0.1566E-02	-0.1818-187
0.1626E-02	-0.1818-187
0.1688E-02	-0.1818-187
0.1752E-02	-0.1818-187
0.1819E-02	-0.1818-187
0.1888E-02	-0.1818-187
0.1960E-02	-0.1818-187
0.2034E-02	-0.1818-187
0.2112E-02	-0.1818-187
0.2192E-02	-0.1818-187
0.2276E-02	-0.1818-187
0.2362E-02	-0.1818-187
0.2452E-02	-0.1818-187
0.2546E-02	-0.1818-187
0.2643E-02	-0.1818-187
0.2743E-02	-0.1818-187
0.2848E-02	-0.1818-187
0.2956E-02	-0.1818-187
0.3069E-02	-0.1818-187
0.3186E-02	-0.1818-187
0.3307E-02	-0.1818-187
0.3433E-02	-0.1818-187
0.3564E-02	-0.1818-187
0.3700E-02	-0.1818-187
0.3841E-02	-0.1818-187
0.3987E-02	-0.1818-187
0.4139E-02	-0.1818-187
0.4296E-02	-0.1818-187
0.4460E-02	-0.1818-187
0.4630E-02	-0.1818-187
0.4806E-02	-0.1818-187
0.4989E-02	-0.1818-187
0.5179E-02	-0.1818-187
0.5377E-02	-0.1818-187
0.5581E-02	-0.1818-187
0.5794E-02	-0.1818-187
0.6015E-02	-0.1818-187
0.6244E-02	-0.1818-187
0.6481E-02	-0.1818-187
0.6728E-02	-0.1818-187
0.6985E-02	-0.1818-187
0.7251E-02	-0.1818-187
0.7527E-02	-0.1818-187
0.7813E-02	-0.1818-187
0.8111E-02	-0.1818-187
0.8420E-02	-0.1818-187
0.8741E-02	-0.1818-187
0.9073E-02	-0.1818-187
0.9419E-02	-0.1818-187
0.9778E-02	-0.1818-187
0.1015E-01	-0.1818-187
0.1054E-01	-0.1818-187
0.1094E-01	-0.1818-187
0.1135E-01	-0.1818-187
0.1179E-01	-0.1818-187
0.1224E-01	-0.1818-187
0.1270E-01	-0.1818-187
0.1319E-01	-0.1818-187
0.1369E-01	-0.1818-187
0.1421E-01	-0.1818-187
0.1475E-01	-0.1818-187
0.1531E-01	-0.1818-187
0.1590E-01	-0.1818-187
0.1650E-01	-0.1818-187
0.1713E-01	-0.1818-187
0.1778E-01	-0.1818-187
0.1846E-01	-0.1818-187
0.1916E-01	-0.1818-187
0.1989E-01	-0.1818-187
0.2065E-01	-0.1818-187
0.2144E-01	-0.1818-187
0.2225E-01	-0.1818-187
0.2310E-01	-0.1818-187
0.2398E-01	-0.1818-187
0.2489E-01	-0.1818-187
0.2584E-01	-0.1818-187
0.2682E-01	-0.1818-187
0.2785E-01	-0.1818-187
0.2891E-01	-0.1818-187
0.3001E-01	-0.1818-187
0.3115E-01	-0.1818-187
0.3234E-01	-0.1818-187
0.3357E-01	-0.1818-187
0.3485E-01	-0.1818-187
0.3617E-01	-0.1818-187
0.3755E-01	-0.1818-187
0.3898E-01	-0.1818-187
0.4047E-01	-0.1818-187
0.4201E-01	-0.1818-187
0.4361E-01	-0.1818-187
0.4527E-01	-0.1818-187
0.4699E-01	-0.1818-187
0.4878E-01	-0.1818-187
0.5064E-01	-0.1818-187
0.5257E-01	-0.1818-187
0.5457E-01	-0.1818-187
0.5665E-01	-0.1818-187
0.5881E-01	-0.1818-187
0.6105E-01	-0.1818-187
0.6337E-01	-0.1818-187
0.6579E-01	-0.1818-187
0.6829E-01	-0.1818-187
0.7089E-01	-0.1818-187
0.7359E-01	-0.1818-187
0.7640E-01	-0.1818-187
0.7931E-01	-0.1818-187
0.8233E-01	-0.1818-187
0.8546E-01	-0.1818-187
0.8872E-01	-0.1818-187
0.9210E-01	-0.1818-187
0.9560E-01	-0.1818-187
0.9924E-01	-0.1818-187
0.1030	-0.1818-187
0.1069	-0.1818-187
0.1110	-0.1818-187
0.1152	-0.1818-187
0.1196	-0.1818-187
0.1242	-0.1818-187
0.1289	-0.1818-187
0.1338	-0.1818-187
0.1389	-0.1818-187
0.1442	-0.1818-187
0.1497	-0.1818-187
0.1554	-0.1818-187
0.1613	-0.1818-187
0.1675	-0.1818-187
0.1739	-0.1818-187
0.1805	-0.1818-187
0.1874	-0.1818-187
0.1945	-0.1818-187
0.2019	-0.1818-187
0.2096	-0.1818-187
0.2176	-0.1818-187
0.2259	-0.1818-187
0.2345	-0.1818-187
0.2434	-0.1818-187
0.2527	-0.1818-187
0.2623	-0.1818-187
0.2723	-0.1818-187
0.2826	-0.1818-187
0.2934	-0.1818-187
0.3046	-0.1818-187
0.3162	-0.1818-187
0.3282	-0.1818-187
0.3407	-0.1818-187
0.3537	-0.1818-187
0.3672	-0.1818-187
0.3812	-0.1818-187
0.3957	-0.1818-187
0.4107	-0.1818-187
0.4264	-0.1818-187
0.4426	-0.1818-187
0.4595	-0.1818-187
0.4770	-0.1818-187
0.4952	-0.1818-187
0.5140	-0.1818-187
0.5336	-0.1819-187
0.5539	-0.1819-187
0.5750	-0.1819-187
0.5969	-0.1819-187
0.6196	-0.1819-187
0.6432	-0.1819-187
0.6677	-0.1819-187
0.6932	-0.1819-187
0.7196	-0.1819-187
0.7470	-0.1819-187
0.7754	-0.1819-187
0.8050	-0.1819-187
0.8356	-0.1819-187
0.8674	-0.1819-187
0.9005	-0.1819-187
0.9348	-0.1819-187
0.9704	-0.1819-187
1.007	-0.1820-187
1.046	-0.1820-187
1.086	-0.1820-187
1.127	-0.1820-187
1.170	-0.1820-187
1.214	-0.1820-187
1.261	-0.1820-187
1.309	-0.1821-187
1.358	-0.1821-187
1.410	-0.1821-187
1.464	-0.1821-187
1.520	-0.1822-187
1.578	-0.1822-187
1.638	-0.1822-187
1.700	-0.1823-187
1.765	-0.1823-187
1.832	-0.1823-187
1.902	-0.1824-187
1.974	-0.1824-187
2.049	-0.1825-187
2.127	-0.1826-187
2.208	-0.1826-187
2.293	-0.1827-187
2.380	-0.1828-187
2.470	-0.1829-187
2.565	-0.1830-187
2.662	-0.1831-187
2.764	-0.1832-187
2.869	-0.1833-187
2.978	-0.1835-187
3.092	-0.1836-187
3.209	-0.1838-187
3.332	-0.1839-187
3.458	-0.1841-187
3.590	-0.1843-187
3.727	-0.1845-187
3.869	-0.1847-187
4.016	-0.1850-187
4.169	-0.1852-187
4.328	-0.1855-187
4.493	-0.1857-187
4.664	-0.1860-187
4.841	-0.1863-187
5.026	-0.1867-187
5.217	-0.1870-187
5.416	-0.1874-187
5.622	-0.1877-187
5.836	-0.1881-187
6.059	-0.1886-187
6.289	-0.1890-187
6.529	-0.1894-187
6.778	-0.1899-187
7.036	-0.1904-187
7.304	-0.1909-187
7.582	-0.1915-187
7.871	-0.1920-187
8.170	-0.1926-187
8.482	-0.1932-187
8.805	-0.1934-187
9.140	-0.1940-187
9.488	-0.1947-187
9.849	-0.1954-187
10.22	-0.1961-187
10.61	-0.1969-187
11.02	-0.1977-187
11.44	-0.1996-187
11.87	-0.2004-187
12.33	-0.2014-187
12.80	-0.2023-187
13.28	-0.2033-187
13.79	-0.2040-187
14.31	-0.2050-187
14.86	-0.2061-187
15.42	-0.2067-187
16.01	-0.2078-187
16.62	-0.2090-187
17.25	-0.2089-187
17.91	-0.2102-187
18.59	-0.2152-187
19.30	-0.2167-187
20.04	-0.2183-187
20.80	-0.2200-187
21.59	-0.2218-187
22.42	-0.2237-187
23.27	-0.2257-187
24.16	-0.2280-187
25.08	-0.2303-187
26.03	-0.2326-187
27.02	-0.2353-187
28.05	-0.2382-187
29.12	-0.2413-187
30.23	-0.2445-187
31.38	-0.2485-187
32.57	-0.2525-187
33.82	-0.2577-187
35.10	-0.2631-187
36.44	-0.2699-187
37.83	-0.2780-187
39.27	-0.2865-187
40.76	-0.2983-187
42.32	-0.3126-187
43.93	-0.3304-187
45.60	-0.3517-187
47.34	-0.3776-187
49.14	0.2720E-27
51.01	0.1031E-26
52.96	0.3648E-26
54.97	0.2508E-22
57.07	0.8548E-22
59.24	0.4072E-21
61.50	0.1255E-20
63.84	0.3563E-20
66.27	0.9634E-20
68.79	0.2444E-19
71.41	0.5853E-19
74.13	0.1324E-18
76.96	0.2836E-18
79.89	0.5769E-18
82.93	0.1117E-17
86.09	0.2063E-17
89.37	0.3648E-17
92.77	0.6185E-17
96.31	0.1008E-16
99.97	0.1585E-16
103.8	0.2405E-16
107.7	0.3534E-16
111.8	0.5037E-16
116.1	0.6981E-16
120.5	0.9425E-16
125.1	0.1242E-15
129.9	0.1601E-15
134.8	0.2022E-15
140.0	0.2507E-15
145.3	0.3055E-15
150.8	0.3666E-15
156.6	0.4338E-15
162.5	0.5068E-15
168.7	0.5854E-15
175.1	0.6692E-15
181.8	0.7578E-15
188.7	0.8510E-15
195.9	0.9485E-15
203.4	0.1050E-14
211.1	0.1155E-14
219.2	0.1263E-14
227.5	0.1375E-14
236.2	0.1490E-14
245.2	0.1608E-14
254.5	0.1728E-14
264.2	0.1851E-14
274.3	0.1977E-14
284.7	0.2106E-14
295.6	0.2237E-14
306.8	0.2371E-14
318.5	0.2507E-14
330.6	0.2646E-14
343.2	0.2787E-14
356.3	0.2931E-14
369.9	0.3077E-14
384.0	0.3227E-14
398.6	0.3378E-14
413.8	0.3533E-14
429.5	0.3689E-14
445.9	0.3849E-14
462.9	0.4011E-14
480.5	0.4176E-14
498.8	0.4343E-14
517.8	0.4513E-14
537.5	0.4685E-14
558.0	0.4860E-14
579.2	0.5037E-14
601.3	0.5216E-14
624.2	0.5398E-14
648.0	0.5581E-14
672.6	0.5767E-14
698.3	0.5954E-14
724.9	0.6143E-14
752.5	0.6333E-14
781.1	0.6525E-14
810.9	0.6717E-14
841.8	0.6911E-14
873.8	0.7104E-14
907.1	0.7298E-14
941.6	0.7492E-14
977.5	0.7686E-14
1015.	0.7878E-14
1053.	0.8070E-14
1094.	0.8260E-14
1135.	0.8449E-14
1178.	0.8635E-14
1223.	0.8819E-14
1270.	0.8999E-14
1318.	0.9176E-14
1368.	0.9350E-14
1421.	0.9519E-14
1475.	0.9684E-14
1531.	0.9843E-14
1589.	0.9997E-14
1650.	0.1015E-13
1712.	0.1029E-13
1778.	0.1042E-13
1845.	0.1055E-13
1916.	0.1067E-13
1989.	0.1078E-13
2064.	0.1089E-13
2143.	0.1099E-13
2225.	0.1108E-13
2309.	0.1116E-13
2397.	0.1123E-13
2489.	0.1129E-13
2583.	0.1134E-13
2682.	0.1139E-13
2784.	0.1142E-13
2890.	0.1145E-13
3000.	0.1146E-13
 
 
C10   C2H2F4    Excitation    10.40 eV                          
E/N (Td)	Energy loss coefficient (eV m3/s)
0.1000E-02	-0.8361-190
0.1038E-02	-0.8368-190
0.1078E-02	-0.8368-190
0.1119E-02	-0.8368-190
0.1161E-02	-0.8368-190
0.1205E-02	-0.8368-190
0.1251E-02	-0.8368-190
0.1299E-02	-0.8368-190
0.1349E-02	-0.8368-190
0.1400E-02	-0.8368-190
0.1453E-02	-0.8368-190
0.1509E-02	-0.8368-190
0.1566E-02	-0.8368-190
0.1626E-02	-0.8368-190
0.1688E-02	-0.8368-190
0.1752E-02	-0.8368-190
0.1819E-02	-0.8368-190
0.1888E-02	-0.8368-190
0.1960E-02	-0.8368-190
0.2034E-02	-0.8368-190
0.2112E-02	-0.8368-190
0.2192E-02	-0.8368-190
0.2276E-02	-0.8368-190
0.2362E-02	-0.8368-190
0.2452E-02	-0.8368-190
0.2546E-02	-0.8368-190
0.2643E-02	-0.8368-190
0.2743E-02	-0.8368-190
0.2848E-02	-0.8368-190
0.2956E-02	-0.8368-190
0.3069E-02	-0.8368-190
0.3186E-02	-0.8368-190
0.3307E-02	-0.8368-190
0.3433E-02	-0.8368-190
0.3564E-02	-0.8368-190
0.3700E-02	-0.8368-190
0.3841E-02	-0.8368-190
0.3987E-02	-0.8368-190
0.4139E-02	-0.8368-190
0.4296E-02	-0.8368-190
0.4460E-02	-0.8368-190
0.4630E-02	-0.8368-190
0.4806E-02	-0.8368-190
0.4989E-02	-0.8368-190
0.5179E-02	-0.8368-190
0.5377E-02	-0.8368-190
0.5581E-02	-0.8368-190
0.5794E-02	-0.8368-190
0.6015E-02	-0.8368-190
0.6244E-02	-0.8368-190
0.6481E-02	-0.8368-190
0.6728E-02	-0.8368-190
0.6985E-02	-0.8368-190
0.7251E-02	-0.8368-190
0.7527E-02	-0.8368-190
0.7813E-02	-0.8368-190
0.8111E-02	-0.8368-190
0.8420E-02	-0.8368-190
0.8741E-02	-0.8368-190
0.9073E-02	-0.8368-190
0.9419E-02	-0.8368-190
0.9778E-02	-0.8368-190
0.1015E-01	-0.8368-190
0.1054E-01	-0.8368-190
0.1094E-01	-0.8368-190
0.1135E-01	-0.8368-190
0.1179E-01	-0.8368-190
0.1224E-01	-0.8368-190
0.1270E-01	-0.8368-190
0.1319E-01	-0.8368-190
0.1369E-01	-0.8368-190
0.1421E-01	-0.8368-190
0.1475E-01	-0.8368-190
0.1531E-01	-0.8368-190
0.1590E-01	-0.8368-190
0.1650E-01	-0.8368-190
0.1713E-01	-0.8368-190
0.1778E-01	-0.8368-190
0.1846E-01	-0.8368-190
0.1916E-01	-0.8368-190
0.1989E-01	-0.8368-190
0.2065E-01	-0.8368-190
0.2144E-01	-0.8368-190
0.2225E-01	-0.8368-190
0.2310E-01	-0.8368-190
0.2398E-01	-0.8368-190
0.2489E-01	-0.8368-190
0.2584E-01	-0.8368-190
0.2682E-01	-0.8368-190
0.2785E-01	-0.8368-190
0.2891E-01	-0.8368-190
0.3001E-01	-0.8368-190
0.3115E-01	-0.8368-190
0.3234E-01	-0.8368-190
0.3357E-01	-0.8368-190
0.3485E-01	-0.8368-190
0.3617E-01	-0.8368-190
0.3755E-01	-0.8368-190
0.3898E-01	-0.8368-190
0.4047E-01	-0.8368-190
0.4201E-01	-0.8368-190
0.4361E-01	-0.8368-190
0.4527E-01	-0.8368-190
0.4699E-01	-0.8368-190
0.4878E-01	-0.8368-190
0.5064E-01	-0.8368-190
0.5257E-01	-0.8368-190
0.5457E-01	-0.8368-190
0.5665E-01	-0.8368-190
0.5881E-01	-0.8368-190
0.6105E-01	-0.8368-190
0.6337E-01	-0.8368-190
0.6579E-01	-0.8368-190
0.6829E-01	-0.8368-190
0.7089E-01	-0.8368-190
0.7359E-01	-0.8368-190
0.7640E-01	-0.8368-190
0.7931E-01	-0.8368-190
0.8233E-01	-0.8368-190
0.8546E-01	-0.8368-190
0.8872E-01	-0.8368-190
0.9210E-01	-0.8368-190
0.9560E-01	-0.8368-190
0.9924E-01	-0.8368-190
0.1030	-0.8368-190
0.1069	-0.8368-190
0.1110	-0.8368-190
0.1152	-0.8368-190
0.1196	-0.8368-190
0.1242	-0.8368-190
0.1289	-0.8368-190
0.1338	-0.8368-190
0.1389	-0.8368-190
0.1442	-0.8368-190
0.1497	-0.8368-190
0.1554	-0.8368-190
0.1613	-0.8368-190
0.1675	-0.8368-190
0.1739	-0.8368-190
0.1805	-0.8368-190
0.1874	-0.8368-190
0.1945	-0.8369-190
0.2019	-0.8369-190
0.2096	-0.8369-190
0.2176	-0.8369-190
0.2259	-0.8369-190
0.2345	-0.8369-190
0.2434	-0.8369-190
0.2527	-0.8369-190
0.2623	-0.8369-190
0.2723	-0.8369-190
0.2826	-0.8369-190
0.2934	-0.8369-190
0.3046	-0.8369-190
0.3162	-0.8369-190
0.3282	-0.8369-190
0.3407	-0.8369-190
0.3537	-0.8369-190
0.3672	-0.8369-190
0.3812	-0.8369-190
0.3957	-0.8369-190
0.4107	-0.8369-190
0.4264	-0.8369-190
0.4426	-0.8369-190
0.4595	-0.8369-190
0.4770	-0.8369-190
0.4952	-0.8369-190
0.5140	-0.8370-190
0.5336	-0.8370-190
0.5539	-0.8370-190
0.5750	-0.8370-190
0.5969	-0.8370-190
0.6196	-0.8370-190
0.6432	-0.8370-190
0.6677	-0.8370-190
0.6932	-0.8371-190
0.7196	-0.8371-190
0.7470	-0.8371-190
0.7754	-0.8371-190
0.8050	-0.8371-190
0.8356	-0.8372-190
0.8674	-0.8372-190
0.9005	-0.8372-190
0.9348	-0.8372-190
0.9704	-0.8373-190
1.007	-0.8373-190
1.046	-0.8374-190
1.086	-0.8374-190
1.127	-0.8374-190
1.170	-0.8375-190
1.214	-0.8376-190
1.261	-0.8376-190
1.309	-0.8377-190
1.358	-0.8378-190
1.410	-0.8378-190
1.464	-0.8379-190
1.520	-0.8380-190
1.578	-0.8381-190
1.638	-0.8383-190
1.700	-0.8384-190
1.765	-0.8385-190
1.832	-0.8387-190
1.902	-0.8389-190
1.974	-0.8390-190
2.049	-0.8392-190
2.127	-0.8395-190
2.208	-0.8397-190
2.293	-0.8400-190
2.380	-0.8402-190
2.470	-0.8406-190
2.565	-0.8409-190
2.662	-0.8413-190
2.764	-0.8417-190
2.869	-0.8421-190
2.978	-0.8425-190
3.092	-0.8430-190
3.209	-0.8436-190
3.332	-0.8442-190
3.458	-0.8448-190
3.590	-0.8454-190
3.727	-0.8461-190
3.869	-0.8469-190
4.016	-0.8477-190
4.169	-0.8485-190
4.328	-0.8494-190
4.493	-0.8504-190
4.664	-0.8514-190
4.841	-0.8524-190
5.026	-0.8536-190
5.217	-0.8547-190
5.416	-0.8560-190
5.622	-0.8573-190
5.836	-0.8586-190
6.059	-0.8601-190
6.289	-0.8616-190
6.529	-0.8631-190
6.778	-0.8647-190
7.036	-0.8664-190
7.304	-0.8682-190
7.582	-0.8701-190
7.871	-0.8720-190
8.170	-0.8740-190
8.482	-0.8761-190
8.805	-0.8766-190
9.140	-0.8788-190
9.488	-0.8810-190
9.849	-0.8833-190
10.22	-0.8858-190
10.61	-0.8884-190
11.02	-0.8910-190
11.44	-0.8977-190
11.87	-0.9008-190
12.33	-0.9039-190
12.80	-0.9071-190
13.28	-0.9105-190
13.79	-0.9126-190
14.31	-0.9162-190
14.86	-0.9200-190
15.42	-0.9217-190
16.01	-0.9257-190
16.62	-0.9296-190
17.25	-0.9292-190
17.91	-0.9335-190
18.59	-0.9506-190
19.30	-0.9559-190
20.04	-0.9609-190
20.80	-0.9667-190
21.59	-0.9728-190
22.42	-0.9790-190
23.27	-0.9859-190
24.16	-0.9932-190
25.08	-0.1001-189
26.03	-0.1009-189
27.02	-0.1018-189
28.05	-0.1028-189
29.12	-0.1038-189
30.23	-0.1050-189
31.38	-0.1062-189
32.57	-0.1075-189
33.82	-0.1092-189
35.10	-0.1111-189
36.44	-0.1133-189
37.83	-0.1160-189
39.27	-0.1187-189
40.76	-0.1225-189
42.32	-0.1271-189
43.93	-0.1327-189
45.60	-0.1393-189
47.34	-0.1473-189
49.14	-0.1618-189
51.01	-0.1739-189
52.96	-0.1881-189
54.97	0.3473E-23
57.07	0.1187E-22
59.24	0.5452E-22
61.50	0.1679E-21
63.84	0.4818E-21
66.27	0.1304E-20
68.79	0.3311E-20
71.41	0.7935E-20
74.13	0.1797E-19
76.96	0.3854E-19
79.89	0.7851E-19
82.93	0.1522E-18
86.09	0.2817E-18
89.37	0.4990E-18
92.77	0.8479E-18
96.31	0.1386E-17
99.97	0.2183E-17
103.8	0.3321E-17
107.7	0.4894E-17
111.8	0.6996E-17
116.1	0.9727E-17
120.5	0.1318E-16
125.1	0.1742E-16
129.9	0.2254E-16
134.8	0.2857E-16
140.0	0.3556E-16
145.3	0.4351E-16
150.8	0.5243E-16
156.6	0.6231E-16
162.5	0.7312E-16
168.7	0.8485E-16
175.1	0.9746E-16
181.8	0.1109E-15
188.7	0.1252E-15
195.9	0.1403E-15
203.4	0.1561E-15
211.1	0.1727E-15
219.2	0.1900E-15
227.5	0.2080E-15
236.2	0.2267E-15
245.2	0.2462E-15
254.5	0.2663E-15
264.2	0.2872E-15
274.3	0.3089E-15
284.7	0.3313E-15
295.6	0.3544E-15
306.8	0.3784E-15
318.5	0.4032E-15
330.6	0.4289E-15
343.2	0.4554E-15
356.3	0.4829E-15
369.9	0.5114E-15
384.0	0.5408E-15
398.6	0.5714E-15
413.8	0.6030E-15
429.5	0.6358E-15
445.9	0.6697E-15
462.9	0.7050E-15
480.5	0.7415E-15
498.8	0.7794E-15
517.8	0.8187E-15
537.5	0.8594E-15
558.0	0.9018E-15
579.2	0.9456E-15
601.3	0.9912E-15
624.2	0.1038E-14
648.0	0.1088E-14
672.6	0.1138E-14
698.3	0.1191E-14
724.9	0.1246E-14
752.5	0.1303E-14
781.1	0.1362E-14
810.9	0.1423E-14
841.8	0.1486E-14
873.8	0.1551E-14
907.1	0.1619E-14
941.6	0.1689E-14
977.5	0.1762E-14
1015.	0.1837E-14
1053.	0.1914E-14
1094.	0.1995E-14
1135.	0.2077E-14
1178.	0.2163E-14
1223.	0.2251E-14
1270.	0.2341E-14
1318.	0.2434E-14
1368.	0.2530E-14
1421.	0.2629E-14
1475.	0.2730E-14
1531.	0.2834E-14
1589.	0.2941E-14
1650.	0.3050E-14
1712.	0.3162E-14
1778.	0.3277E-14
1845.	0.3394E-14
1916.	0.3514E-14
1989.	0.3636E-14
2064.	0.3761E-14
2143.	0.3888E-14
2225.	0.4017E-14
2309.	0.4149E-14
2397.	0.4283E-14
2489.	0.4419E-14
2583.	0.4557E-14
2682.	0.4697E-14
2784.	0.4839E-14
2890.	0.4982E-14
3000.	0.5128E-14
 
 
C11   C2H2F4    Excitation    11.70 eV                          
E/N (Td)	Energy loss coefficient (eV m3/s)
0.1000E-02	-0.1243-210
0.1038E-02	-0.1244-210
0.1078E-02	-0.1244-210
0.1119E-02	-0.1244-210
0.1161E-02	-0.1244-210
0.1205E-02	-0.1244-210
0.1251E-02	-0.1244-210
0.1299E-02	-0.1244-210
0.1349E-02	-0.1244-210
0.1400E-02	-0.1244-210
0.1453E-02	-0.1244-210
0.1509E-02	-0.1244-210
0.1566E-02	-0.1244-210
0.1626E-02	-0.1244-210
0.1688E-02	-0.1244-210
0.1752E-02	-0.1244-210
0.1819E-02	-0.1244-210
0.1888E-02	-0.1244-210
0.1960E-02	-0.1244-210
0.2034E-02	-0.1244-210
0.2112E-02	-0.1244-210
0.2192E-02	-0.1244-210
0.2276E-02	-0.1244-210
0.2362E-02	-0.1244-210
0.2452E-02	-0.1244-210
0.2546E-02	-0.1244-210
0.2643E-02	-0.1244-210
0.2743E-02	-0.1244-210
0.2848E-02	-0.1244-210
0.2956E-02	-0.1244-210
0.3069E-02	-0.1244-210
0.3186E-02	-0.1244-210
0.3307E-02	-0.1244-210
0.3433E-02	-0.1244-210
0.3564E-02	-0.1244-210
0.3700E-02	-0.1244-210
0.3841E-02	-0.1244-210
0.3987E-02	-0.1244-210
0.4139E-02	-0.1244-210
0.4296E-02	-0.1244-210
0.4460E-02	-0.1244-210
0.4630E-02	-0.1244-210
0.4806E-02	-0.1244-210
0.4989E-02	-0.1244-210
0.5179E-02	-0.1244-210
0.5377E-02	-0.1244-210
0.5581E-02	-0.1244-210
0.5794E-02	-0.1244-210
0.6015E-02	-0.1244-210
0.6244E-02	-0.1244-210
0.6481E-02	-0.1244-210
0.6728E-02	-0.1244-210
0.6985E-02	-0.1244-210
0.7251E-02	-0.1244-210
0.7527E-02	-0.1244-210
0.7813E-02	-0.1244-210
0.8111E-02	-0.1244-210
0.8420E-02	-0.1244-210
0.8741E-02	-0.1244-210
0.9073E-02	-0.1244-210
0.9419E-02	-0.1244-210
0.9778E-02	-0.1244-210
0.1015E-01	-0.1244-210
0.1054E-01	-0.1244-210
0.1094E-01	-0.1244-210
0.1135E-01	-0.1244-210
0.1179E-01	-0.1244-210
0.1224E-01	-0.1244-210
0.1270E-01	-0.1244-210
0.1319E-01	-0.1244-210
0.1369E-01	-0.1244-210
0.1421E-01	-0.1244-210
0.1475E-01	-0.1244-210
0.1531E-01	-0.1244-210
0.1590E-01	-0.1244-210
0.1650E-01	-0.1244-210
0.1713E-01	-0.1244-210
0.1778E-01	-0.1244-210
0.1846E-01	-0.1244-210
0.1916E-01	-0.1244-210
0.1989E-01	-0.1244-210
0.2065E-01	-0.1244-210
0.2144E-01	-0.1244-210
0.2225E-01	-0.1244-210
0.2310E-01	-0.1244-210
0.2398E-01	-0.1244-210
0.2489E-01	-0.1244-210
0.2584E-01	-0.1244-210
0.2682E-01	-0.1244-210
0.2785E-01	-0.1244-210
0.2891E-01	-0.1244-210
0.3001E-01	-0.1244-210
0.3115E-01	-0.1244-210
0.3234E-01	-0.1244-210
0.3357E-01	-0.1244-210
0.3485E-01	-0.1244-210
0.3617E-01	-0.1244-210
0.3755E-01	-0.1244-210
0.3898E-01	-0.1244-210
0.4047E-01	-0.1244-210
0.4201E-01	-0.1244-210
0.4361E-01	-0.1244-210
0.4527E-01	-0.1244-210
0.4699E-01	-0.1244-210
0.4878E-01	-0.1244-210
0.5064E-01	-0.1244-210
0.5257E-01	-0.1244-210
0.5457E-01	-0.1244-210
0.5665E-01	-0.1244-210
0.5881E-01	-0.1244-210
0.6105E-01	-0.1244-210
0.6337E-01	-0.1244-210
0.6579E-01	-0.1244-210
0.6829E-01	-0.1244-210
0.7089E-01	-0.1244-210
0.7359E-01	-0.1244-210
0.7640E-01	-0.1244-210
0.7931E-01	-0.1244-210
0.8233E-01	-0.1244-210
0.8546E-01	-0.1244-210
0.8872E-01	-0.1244-210
0.9210E-01	-0.1244-210
0.9560E-01	-0.1244-210
0.9924E-01	-0.1244-210
0.1030	-0.1244-210
0.1069	-0.1244-210
0.1110	-0.1244-210
0.1152	-0.1244-210
0.1196	-0.1244-210
0.1242	-0.1244-210
0.1289	-0.1244-210
0.1338	-0.1244-210
0.1389	-0.1244-210
0.1442	-0.1244-210
0.1497	-0.1244-210
0.1554	-0.1244-210
0.1613	-0.1244-210
0.1675	-0.1244-210
0.1739	-0.1244-210
0.1805	-0.1244-210
0.1874	-0.1244-210
0.1945	-0.1244-210
0.2019	-0.1244-210
0.2096	-0.1244-210
0.2176	-0.1244-210
0.2259	-0.1244-210
0.2345	-0.1244-210
0.2434	-0.1244-210
0.2527	-0.1244-210
0.2623	-0.1244-210
0.2723	-0.1244-210
0.2826	-0.1244-210
0.2934	-0.1244-210
0.3046	-0.1244-210
0.3162	-0.1244-210
0.3282	-0.1244-210
0.3407	-0.1244-210
0.3537	-0.1244-210
0.3672	-0.1244-210
0.3812	-0.1244-210
0.3957	-0.1244-210
0.4107	-0.1244-210
0.4264	-0.1244-210
0.4426	-0.1244-210
0.4595	-0.1244-210
0.4770	-0.1244-210
0.4952	-0.1244-210
0.5140	-0.1244-210
0.5336	-0.1244-210
0.5539	-0.1244-210
0.5750	-0.1244-210
0.5969	-0.1244-210
0.6196	-0.1244-210
0.6432	-0.1244-210
0.6677	-0.1244-210
0.6932	-0.1244-210
0.7196	-0.1244-210
0.7470	-0.1244-210
0.7754	-0.1244-210
0.8050	-0.1244-210
0.8356	-0.1245-210
0.8674	-0.1245-210
0.9005	-0.1245-210
0.9348	-0.1245-210
0.9704	-0.1245-210
1.007	-0.1245-210
1.046	-0.1245-210
1.086	-0.1245-210
1.127	-0.1245-210
1.170	-0.1245-210
1.214	-0.1245-210
1.261	-0.1246-210
1.309	-0.1246-210
1.358	-0.1246-210
1.410	-0.1246-210
1.464	-0.1246-210
1.520	-0.1247-210
1.578	-0.1247-210
1.638	-0.1247-210
1.700	-0.1247-210
1.765	-0.1248-210
1.832	-0.1248-210
1.902	-0.1248-210
1.974	-0.1249-210
2.049	-0.1249-210
2.127	-0.1250-210
2.208	-0.1250-210
2.293	-0.1251-210
2.380	-0.1252-210
2.470	-0.1252-210
2.565	-0.1253-210
2.662	-0.1254-210
2.764	-0.1255-210
2.869	-0.1256-210
2.978	-0.1257-210
3.092	-0.1258-210
3.209	-0.1259-210
3.332	-0.1261-210
3.458	-0.1262-210
3.590	-0.1263-210
3.727	-0.1265-210
3.869	-0.1267-210
4.016	-0.1269-210
4.169	-0.1271-210
4.328	-0.1273-210
4.493	-0.1275-210
4.664	-0.1277-210
4.841	-0.1280-210
5.026	-0.1282-210
5.217	-0.1285-210
5.416	-0.1288-210
5.622	-0.1291-210
5.836	-0.1294-210
6.059	-0.1297-210
6.289	-0.1301-210
6.529	-0.1304-210
6.778	-0.1308-210
7.036	-0.1312-210
7.304	-0.1316-210
7.582	-0.1321-210
7.871	-0.1325-210
8.170	-0.1330-210
8.482	-0.1335-210
8.805	-0.1336-210
9.140	-0.1341-210
9.488	-0.1346-210
9.849	-0.1352-210
10.22	-0.1357-210
10.61	-0.1363-210
11.02	-0.1369-210
11.44	-0.1384-210
11.87	-0.1391-210
12.33	-0.1398-210
12.80	-0.1406-210
13.28	-0.1414-210
13.79	-0.1419-210
14.31	-0.1428-210
14.86	-0.1436-210
15.42	-0.1440-210
16.01	-0.1450-210
16.62	-0.1459-210
17.25	-0.1458-210
17.91	-0.1468-210
18.59	-0.1508-210
19.30	-0.1520-210
20.04	-0.1533-210
20.80	-0.1547-210
21.59	-0.1561-210
22.42	-0.1576-210
23.27	-0.1592-210
24.16	-0.1609-210
25.08	-0.1627-210
26.03	-0.1646-210
27.02	-0.1667-210
28.05	-0.1689-210
29.12	-0.1711-210
30.23	-0.1738-210
31.38	-0.1768-210
32.57	-0.1797-210
33.82	-0.1835-210
35.10	-0.1889-210
36.44	-0.1927-210
37.83	-0.1985-210
39.27	-0.2110-210
40.76	-0.2129-210
42.32	-0.2228-210
43.93	-0.2350-210
45.60	-0.2490-210
47.34	-0.2658-210
49.14	-0.2962-210
51.01	-0.3210-210
52.96	-0.3494-210
54.97	0.2319E-23
57.07	0.8355E-23
59.24	0.1563E-21
61.50	0.5126E-21
63.84	0.1559E-20
66.27	0.4446E-20
68.79	0.1181E-19
71.41	0.2956E-19
74.13	0.6962E-19
76.96	0.1548E-18
79.89	0.3259E-18
82.93	0.6511E-18
86.09	0.1239E-17
89.37	0.2249E-17
92.77	0.3911E-17
96.31	0.6527E-17
99.97	0.1048E-16
103.8	0.1623E-16
107.7	0.2431E-16
111.8	0.3528E-16
116.1	0.4971E-16
120.5	0.6819E-16
125.1	0.9121E-16
129.9	0.1192E-15
134.8	0.1526E-15
140.0	0.1916E-15
145.3	0.2363E-15
150.8	0.2869E-15
156.6	0.3432E-15
162.5	0.4052E-15
168.7	0.4728E-15
175.1	0.5457E-15
181.8	0.6238E-15
188.7	0.7068E-15
195.9	0.7946E-15
203.4	0.8870E-15
211.1	0.9837E-15
219.2	0.1085E-14
227.5	0.1190E-14
236.2	0.1299E-14
245.2	0.1412E-14
254.5	0.1529E-14
264.2	0.1649E-14
274.3	0.1774E-14
284.7	0.1902E-14
295.6	0.2034E-14
306.8	0.2170E-14
318.5	0.2309E-14
330.6	0.2453E-14
343.2	0.2600E-14
356.3	0.2751E-14
369.9	0.2907E-14
384.0	0.3066E-14
398.6	0.3230E-14
413.8	0.3397E-14
429.5	0.3569E-14
445.9	0.3746E-14
462.9	0.3926E-14
480.5	0.4111E-14
498.8	0.4301E-14
517.8	0.4494E-14
537.5	0.4692E-14
558.0	0.4895E-14
579.2	0.5102E-14
601.3	0.5313E-14
624.2	0.5528E-14
648.0	0.5748E-14
672.6	0.5971E-14
698.3	0.6199E-14
724.9	0.6430E-14
752.5	0.6665E-14
781.1	0.6903E-14
810.9	0.7144E-14
841.8	0.7389E-14
873.8	0.7635E-14
907.1	0.7884E-14
941.6	0.8136E-14
977.5	0.8388E-14
1015.	0.8642E-14
1053.	0.8897E-14
1094.	0.9152E-14
1135.	0.9407E-14
1178.	0.9661E-14
1223.	0.9914E-14
1270.	0.1017E-13
1318.	0.1041E-13
1368.	0.1066E-13
1421.	0.1090E-13
1475.	0.1114E-13
1531.	0.1138E-13
1589.	0.1161E-13
1650.	0.1183E-13
1712.	0.1205E-13
1778.	0.1226E-13
1845.	0.1246E-13
1916.	0.1266E-13
1989.	0.1285E-13
2064.	0.1302E-13
2143.	0.1319E-13
2225.	0.1335E-13
2309.	0.1350E-13
2397.	0.1364E-13
2489.	0.1376E-13
2583.	0.1388E-13
2682.	0.1398E-13
2784.	0.1408E-13
2890.	0.1416E-13
3000.	0.1423E-13
 
 
C12   C2H2F4    Excitation    11.80 eV                          
E/N (Td)	Energy loss coefficient (eV m3/s)
0.1000E-02	-0.1100-212
0.1038E-02	-0.1101-212
0.1078E-02	-0.1101-212
0.1119E-02	-0.1101-212
0.1161E-02	-0.1101-212
0.1205E-02	-0.1101-212
0.1251E-02	-0.1101-212
0.1299E-02	-0.1101-212
0.1349E-02	-0.1101-212
0.1400E-02	-0.1101-212
0.1453E-02	-0.1101-212
0.1509E-02	-0.1101-212
0.1566E-02	-0.1101-212
0.1626E-02	-0.1101-212
0.1688E-02	-0.1101-212
0.1752E-02	-0.1101-212
0.1819E-02	-0.1101-212
0.1888E-02	-0.1101-212
0.1960E-02	-0.1101-212
0.2034E-02	-0.1101-212
0.2112E-02	-0.1101-212
0.2192E-02	-0.1101-212
0.2276E-02	-0.1101-212
0.2362E-02	-0.1101-212
0.2452E-02	-0.1101-212
0.2546E-02	-0.1101-212
0.2643E-02	-0.1101-212
0.2743E-02	-0.1101-212
0.2848E-02	-0.1101-212
0.2956E-02	-0.1101-212
0.3069E-02	-0.1101-212
0.3186E-02	-0.1101-212
0.3307E-02	-0.1101-212
0.3433E-02	-0.1101-212
0.3564E-02	-0.1101-212
0.3700E-02	-0.1101-212
0.3841E-02	-0.1101-212
0.3987E-02	-0.1101-212
0.4139E-02	-0.1101-212
0.4296E-02	-0.1101-212
0.4460E-02	-0.1101-212
0.4630E-02	-0.1101-212
0.4806E-02	-0.1101-212
0.4989E-02	-0.1101-212
0.5179E-02	-0.1101-212
0.5377E-02	-0.1101-212
0.5581E-02	-0.1101-212
0.5794E-02	-0.1101-212
0.6015E-02	-0.1101-212
0.6244E-02	-0.1101-212
0.6481E-02	-0.1101-212
0.6728E-02	-0.1101-212
0.6985E-02	-0.1101-212
0.7251E-02	-0.1101-212
0.7527E-02	-0.1101-212
0.7813E-02	-0.1101-212
0.8111E-02	-0.1101-212
0.8420E-02	-0.1101-212
0.8741E-02	-0.1101-212
0.9073E-02	-0.1101-212
0.9419E-02	-0.1101-212
0.9778E-02	-0.1101-212
0.1015E-01	-0.1101-212
0.1054E-01	-0.1101-212
0.1094E-01	-0.1101-212
0.1135E-01	-0.1101-212
0.1179E-01	-0.1101-212
0.1224E-01	-0.1101-212
0.1270E-01	-0.1101-212
0.1319E-01	-0.1101-212
0.1369E-01	-0.1101-212
0.1421E-01	-0.1101-212
0.1475E-01	-0.1101-212
0.1531E-01	-0.1101-212
0.1590E-01	-0.1101-212
0.1650E-01	-0.1101-212
0.1713E-01	-0.1101-212
0.1778E-01	-0.1101-212
0.1846E-01	-0.1101-212
0.1916E-01	-0.1101-212
0.1989E-01	-0.1101-212
0.2065E-01	-0.1101-212
0.2144E-01	-0.1101-212
0.2225E-01	-0.1101-212
0.2310E-01	-0.1101-212
0.2398E-01	-0.1101-212
0.2489E-01	-0.1101-212
0.2584E-01	-0.1101-212
0.2682E-01	-0.1101-212
0.2785E-01	-0.1101-212
0.2891E-01	-0.1101-212
0.3001E-01	-0.1101-212
0.3115E-01	-0.1101-212
0.3234E-01	-0.1101-212
0.3357E-01	-0.1101-212
0.3485E-01	-0.1101-212
0.3617E-01	-0.1101-212
0.3755E-01	-0.1101-212
0.3898E-01	-0.1101-212
0.4047E-01	-0.1101-212
0.4201E-01	-0.1101-212
0.4361E-01	-0.1101-212
0.4527E-01	-0.1101-212
0.4699E-01	-0.1101-212
0.4878E-01	-0.1101-212
0.5064E-01	-0.1101-212
0.5257E-01	-0.1101-212
0.5457E-01	-0.1101-212
0.5665E-01	-0.1101-212
0.5881E-01	-0.1101-212
0.6105E-01	-0.1101-212
0.6337E-01	-0.1101-212
0.6579E-01	-0.1101-212
0.6829E-01	-0.1101-212
0.7089E-01	-0.1101-212
0.7359E-01	-0.1101-212
0.7640E-01	-0.1101-212
0.7931E-01	-0.1101-212
0.8233E-01	-0.1101-212
0.8546E-01	-0.1101-212
0.8872E-01	-0.1101-212
0.9210E-01	-0.1101-212
0.9560E-01	-0.1101-212
0.9924E-01	-0.1101-212
0.1030	-0.1101-212
0.1069	-0.1101-212
0.1110	-0.1101-212
0.1152	-0.1101-212
0.1196	-0.1101-212
0.1242	-0.1101-212
0.1289	-0.1101-212
0.1338	-0.1101-212
0.1389	-0.1101-212
0.1442	-0.1101-212
0.1497	-0.1101-212
0.1554	-0.1101-212
0.1613	-0.1101-212
0.1675	-0.1101-212
0.1739	-0.1101-212
0.1805	-0.1101-212
0.1874	-0.1101-212
0.1945	-0.1101-212
0.2019	-0.1101-212
0.2096	-0.1101-212
0.2176	-0.1101-212
0.2259	-0.1101-212
0.2345	-0.1101-212
0.2434	-0.1101-212
0.2527	-0.1101-212
0.2623	-0.1101-212
0.2723	-0.1101-212
0.2826	-0.1101-212
0.2934	-0.1101-212
0.3046	-0.1101-212
0.3162	-0.1101-212
0.3282	-0.1101-212
0.3407	-0.1101-212
0.3537	-0.1101-212
0.3672	-0.1101-212
0.3812	-0.1101-212
0.3957	-0.1101-212
0.4107	-0.1101-212
0.4264	-0.1101-212
0.4426	-0.1101-212
0.4595	-0.1101-212
0.4770	-0.1101-212
0.4952	-0.1101-212
0.5140	-0.1101-212
0.5336	-0.1101-212
0.5539	-0.1101-212
0.5750	-0.1101-212
0.5969	-0.1101-212
0.6196	-0.1101-212
0.6432	-0.1101-212
0.6677	-0.1101-212
0.6932	-0.1101-212
0.7196	-0.1101-212
0.7470	-0.1101-212
0.7754	-0.1101-212
0.8050	-0.1101-212
0.8356	-0.1101-212
0.8674	-0.1101-212
0.9005	-0.1101-212
0.9348	-0.1101-212
0.9704	-0.1101-212
1.007	-0.1101-212
1.046	-0.1101-212
1.086	-0.1101-212
1.127	-0.1101-212
1.170	-0.1101-212
1.214	-0.1101-212
1.261	-0.1101-212
1.309	-0.1102-212
1.358	-0.1102-212
1.410	-0.1102-212
1.464	-0.1102-212
1.520	-0.1102-212
1.578	-0.1102-212
1.638	-0.1102-212
1.700	-0.1102-212
1.765	-0.1103-212
1.832	-0.1103-212
1.902	-0.1103-212
1.974	-0.1103-212
2.049	-0.1103-212
2.127	-0.1104-212
2.208	-0.1104-212
2.293	-0.1104-212
2.380	-0.1105-212
2.470	-0.1105-212
2.565	-0.1105-212
2.662	-0.1106-212
2.764	-0.1106-212
2.869	-0.1107-212
2.978	-0.1107-212
3.092	-0.1108-212
3.209	-0.1108-212
3.332	-0.1109-212
3.458	-0.1110-212
3.590	-0.1111-212
3.727	-0.1111-212
3.869	-0.1112-212
4.016	-0.1113-212
4.169	-0.1114-212
4.328	-0.1115-212
4.493	-0.1116-212
4.664	-0.1117-212
4.841	-0.1119-212
5.026	-0.1120-212
5.217	-0.1121-212
5.416	-0.1123-212
5.622	-0.1124-212
5.836	-0.1126-212
6.059	-0.1128-212
6.289	-0.1129-212
6.529	-0.1131-212
6.778	-0.1133-212
7.036	-0.1135-212
7.304	-0.1137-212
7.582	-0.1139-212
7.871	-0.1142-212
8.170	-0.1144-212
8.482	-0.1147-212
8.805	-0.1147-212
9.140	-0.1150-212
9.488	-0.1153-212
9.849	-0.1155-212
10.22	-0.1158-212
10.61	-0.1161-212
11.02	-0.1164-212
11.44	-0.1173-212
11.87	-0.1176-212
12.33	-0.1180-212
12.80	-0.1184-212
13.28	-0.1188-212
13.79	-0.1191-212
14.31	-0.1195-212
14.86	-0.1199-212
15.42	-0.1202-212
16.01	-0.1206-212
16.62	-0.1212-212
17.25	-0.1211-212
17.91	-0.1217-212
18.59	-0.1237-212
19.30	-0.1243-212
20.04	-0.1250-212
20.80	-0.1257-212
21.59	-0.1264-212
22.42	-0.1272-212
23.27	-0.1281-212
24.16	-0.1290-212
25.08	-0.1300-212
26.03	-0.1310-212
27.02	-0.1321-212
28.05	-0.1333-212
29.12	-0.1345-212
30.23	-0.1360-212
31.38	-0.1377-212
32.57	-0.1393-212
33.82	-0.1415-212
35.10	-0.1470-212
36.44	-0.1468-212
37.83	-0.1502-212
39.27	-0.1580-212
40.76	-0.1628-212
42.32	-0.1646-212
43.93	-0.1719-212
45.60	-0.1805-212
47.34	-0.1909-212
49.14	-0.2099-212
51.01	-0.2257-212
52.96	-0.2442-212
54.97	0.4784E-24
57.07	0.1727E-23
59.24	0.4490E-22
61.50	0.1482E-21
63.84	0.4824E-21
66.27	0.1391E-20
68.79	0.3734E-20
71.41	0.9446E-20
74.13	0.2249E-19
76.96	0.5052E-19
79.89	0.1075E-18
82.93	0.2169E-18
86.09	0.4169E-18
89.37	0.7647E-18
92.77	0.1343E-17
96.31	0.2263E-17
99.97	0.3670E-17
103.8	0.5740E-17
107.7	0.8679E-17
111.8	0.1272E-16
116.1	0.1809E-16
120.5	0.2506E-16
125.1	0.3384E-16
129.9	0.4466E-16
134.8	0.5772E-16
140.0	0.7316E-16
145.3	0.9111E-16
150.8	0.1117E-15
156.6	0.1349E-15
162.5	0.1608E-15
168.7	0.1894E-15
175.1	0.2208E-15
181.8	0.2549E-15
188.7	0.2917E-15
195.9	0.3311E-15
203.4	0.3733E-15
211.1	0.4182E-15
219.2	0.4658E-15
227.5	0.5161E-15
236.2	0.5692E-15
245.2	0.6251E-15
254.5	0.6839E-15
264.2	0.7456E-15
274.3	0.8103E-15
284.7	0.8781E-15
295.6	0.9492E-15
306.8	0.1024E-14
318.5	0.1101E-14
330.6	0.1183E-14
343.2	0.1268E-14
356.3	0.1357E-14
369.9	0.1450E-14
384.0	0.1547E-14
398.6	0.1649E-14
413.8	0.1755E-14
429.5	0.1866E-14
445.9	0.1982E-14
462.9	0.2103E-14
480.5	0.2230E-14
498.8	0.2363E-14
517.8	0.2501E-14
537.5	0.2646E-14
558.0	0.2797E-14
579.2	0.2955E-14
601.3	0.3120E-14
624.2	0.3292E-14
648.0	0.3472E-14
672.6	0.3660E-14
698.3	0.3856E-14
724.9	0.4060E-14
752.5	0.4273E-14
781.1	0.4495E-14
810.9	0.4727E-14
841.8	0.4968E-14
873.8	0.5219E-14
907.1	0.5480E-14
941.6	0.5752E-14
977.5	0.6034E-14
1015.	0.6328E-14
1053.	0.6632E-14
1094.	0.6949E-14
1135.	0.7276E-14
1178.	0.7616E-14
1223.	0.7968E-14
1270.	0.8332E-14
1318.	0.8708E-14
1368.	0.9096E-14
1421.	0.9497E-14
1475.	0.9911E-14
1531.	0.1034E-13
1589.	0.1078E-13
1650.	0.1123E-13
1712.	0.1169E-13
1778.	0.1217E-13
1845.	0.1266E-13
1916.	0.1316E-13
1989.	0.1367E-13
2064.	0.1420E-13
2143.	0.1473E-13
2225.	0.1528E-13
2309.	0.1584E-13
2397.	0.1642E-13
2489.	0.1700E-13
2583.	0.1759E-13
2682.	0.1819E-13
2784.	0.1881E-13
2890.	0.1943E-13
3000.	0.2006E-13
 
 
C13   C2H2F4    Excitation    13.40 eV                          
E/N (Td)	Energy loss coefficient (eV m3/s)
0.1000E-02	-0.4962-239
0.1038E-02	-0.4967-239
0.1078E-02	-0.4967-239
0.1119E-02	-0.4967-239
0.1161E-02	-0.4967-239
0.1205E-02	-0.4967-239
0.1251E-02	-0.4967-239
0.1299E-02	-0.4967-239
0.1349E-02	-0.4967-239
0.1400E-02	-0.4967-239
0.1453E-02	-0.4967-239
0.1509E-02	-0.4967-239
0.1566E-02	-0.4967-239
0.1626E-02	-0.4967-239
0.1688E-02	-0.4967-239
0.1752E-02	-0.4967-239
0.1819E-02	-0.4967-239
0.1888E-02	-0.4967-239
0.1960E-02	-0.4967-239
0.2034E-02	-0.4967-239
0.2112E-02	-0.4967-239
0.2192E-02	-0.4967-239
0.2276E-02	-0.4967-239
0.2362E-02	-0.4967-239
0.2452E-02	-0.4967-239
0.2546E-02	-0.4967-239
0.2643E-02	-0.4967-239
0.2743E-02	-0.4967-239
0.2848E-02	-0.4967-239
0.2956E-02	-0.4967-239
0.3069E-02	-0.4967-239
0.3186E-02	-0.4967-239
0.3307E-02	-0.4967-239
0.3433E-02	-0.4967-239
0.3564E-02	-0.4967-239
0.3700E-02	-0.4967-239
0.3841E-02	-0.4967-239
0.3987E-02	-0.4967-239
0.4139E-02	-0.4967-239
0.4296E-02	-0.4967-239
0.4460E-02	-0.4967-239
0.4630E-02	-0.4967-239
0.4806E-02	-0.4967-239
0.4989E-02	-0.4967-239
0.5179E-02	-0.4967-239
0.5377E-02	-0.4967-239
0.5581E-02	-0.4967-239
0.5794E-02	-0.4967-239
0.6015E-02	-0.4967-239
0.6244E-02	-0.4967-239
0.6481E-02	-0.4967-239
0.6728E-02	-0.4967-239
0.6985E-02	-0.4967-239
0.7251E-02	-0.4967-239
0.7527E-02	-0.4967-239
0.7813E-02	-0.4967-239
0.8111E-02	-0.4967-239
0.8420E-02	-0.4967-239
0.8741E-02	-0.4967-239
0.9073E-02	-0.4967-239
0.9419E-02	-0.4967-239
0.9778E-02	-0.4967-239
0.1015E-01	-0.4967-239
0.1054E-01	-0.4967-239
0.1094E-01	-0.4967-239
0.1135E-01	-0.4967-239
0.1179E-01	-0.4967-239
0.1224E-01	-0.4967-239
0.1270E-01	-0.4967-239
0.1319E-01	-0.4967-239
0.1369E-01	-0.4967-239
0.1421E-01	-0.4967-239
0.1475E-01	-0.4967-239
0.1531E-01	-0.4967-239
0.1590E-01	-0.4967-239
0.1650E-01	-0.4967-239
0.1713E-01	-0.4967-239
0.1778E-01	-0.4967-239
0.1846E-01	-0.4967-239
0.1916E-01	-0.4967-239
0.1989E-01	-0.4967-239
0.2065E-01	-0.4967-239
0.2144E-01	-0.4967-239
0.2225E-01	-0.4967-239
0.2310E-01	-0.4967-239
0.2398E-01	-0.4967-239
0.2489E-01	-0.4967-239
0.2584E-01	-0.4967-239
0.2682E-01	-0.4967-239
0.2785E-01	-0.4967-239
0.2891E-01	-0.4967-239
0.3001E-01	-0.4967-239
0.3115E-01	-0.4967-239
0.3234E-01	-0.4967-239
0.3357E-01	-0.4967-239
0.3485E-01	-0.4967-239
0.3617E-01	-0.4967-239
0.3755E-01	-0.4967-239
0.3898E-01	-0.4967-239
0.4047E-01	-0.4967-239
0.4201E-01	-0.4967-239
0.4361E-01	-0.4967-239
0.4527E-01	-0.4967-239
0.4699E-01	-0.4967-239
0.4878E-01	-0.4967-239
0.5064E-01	-0.4967-239
0.5257E-01	-0.4967-239
0.5457E-01	-0.4967-239
0.5665E-01	-0.4967-239
0.5881E-01	-0.4967-239
0.6105E-01	-0.4967-239
0.6337E-01	-0.4967-239
0.6579E-01	-0.4967-239
0.6829E-01	-0.4967-239
0.7089E-01	-0.4967-239
0.7359E-01	-0.4967-239
0.7640E-01	-0.4967-239
0.7931E-01	-0.4967-239
0.8233E-01	-0.4967-239
0.8546E-01	-0.4967-239
0.8872E-01	-0.4967-239
0.9210E-01	-0.4967-239
0.9560E-01	-0.4967-239
0.9924E-01	-0.4967-239
0.1030	-0.4967-239
0.1069	-0.4967-239
0.1110	-0.4967-239
0.1152	-0.4967-239
0.1196	-0.4967-239
0.1242	-0.4967-239
0.1289	-0.4967-239
0.1338	-0.4967-239
0.1389	-0.4967-239
0.1442	-0.4967-239
0.1497	-0.4967-239
0.1554	-0.4967-239
0.1613	-0.4967-239
0.1675	-0.4967-239
0.1739	-0.4967-239
0.1805	-0.4967-239
0.1874	-0.4967-239
0.1945	-0.4967-239
0.2019	-0.4967-239
0.2096	-0.4967-239
0.2176	-0.4967-239
0.2259	-0.4967-239
0.2345	-0.4967-239
0.2434	-0.4967-239
0.2527	-0.4967-239
0.2623	-0.4967-239
0.2723	-0.4967-239
0.2826	-0.4967-239
0.2934	-0.4967-239
0.3046	-0.4967-239
0.3162	-0.4967-239
0.3282	-0.4967-239
0.3407	-0.4967-239
0.3537	-0.4967-239
0.3672	-0.4967-239
0.3812	-0.4967-239
0.3957	-0.4967-239
0.4107	-0.4967-239
0.4264	-0.4967-239
0.4426	-0.4967-239
0.4595	-0.4967-239
0.4770	-0.4967-239
0.4952	-0.4967-239
0.5140	-0.4967-239
0.5336	-0.4967-239
0.5539	-0.4967-239
0.5750	-0.4968-239
0.5969	-0.4968-239
0.6196	-0.4968-239
0.6432	-0.4968-239
0.6677	-0.4968-239
0.6932	-0.4968-239
0.7196	-0.4968-239
0.7470	-0.4968-239
0.7754	-0.4968-239
0.8050	-0.4968-239
0.8356	-0.4969-239
0.8674	-0.4969-239
0.9005	-0.4969-239
0.9348	-0.4969-239
0.9704	-0.4969-239
1.007	-0.4969-239
1.046	-0.4970-239
1.086	-0.4970-239
1.127	-0.4970-239
1.170	-0.4971-239
1.214	-0.4971-239
1.261	-0.4971-239
1.309	-0.4972-239
1.358	-0.4972-239
1.410	-0.4973-239
1.464	-0.4973-239
1.520	-0.4974-239
1.578	-0.4974-239
1.638	-0.4975-239
1.700	-0.4976-239
1.765	-0.4977-239
1.832	-0.4978-239
1.902	-0.4979-239
1.974	-0.4980-239
2.049	-0.4981-239
2.127	-0.4982-239
2.208	-0.4984-239
2.293	-0.4985-239
2.380	-0.4987-239
2.470	-0.4989-239
2.565	-0.4991-239
2.662	-0.4993-239
2.764	-0.4995-239
2.869	-0.4998-239
2.978	-0.5001-239
3.092	-0.5003-239
3.209	-0.5007-239
3.332	-0.5010-239
3.458	-0.5014-239
3.590	-0.5018-239
3.727	-0.5022-239
3.869	-0.5026-239
4.016	-0.5031-239
4.169	-0.5036-239
4.328	-0.5041-239
4.493	-0.5047-239
4.664	-0.5053-239
4.841	-0.5059-239
5.026	-0.5066-239
5.217	-0.5073-239
5.416	-0.5080-239
5.622	-0.5088-239
5.836	-0.5096-239
6.059	-0.5105-239
6.289	-0.5114-239
6.529	-0.5123-239
6.778	-0.5133-239
7.036	-0.5143-239
7.304	-0.5153-239
7.582	-0.5164-239
7.871	-0.5176-239
8.170	-0.5188-239
8.482	-0.5200-239
8.805	-0.5203-239
9.140	-0.5216-239
9.488	-0.5230-239
9.849	-0.5244-239
10.22	-0.5258-239
10.61	-0.5274-239
11.02	-0.5289-239
11.44	-0.5331-239
11.87	-0.5349-239
12.33	-0.5367-239
12.80	-0.5385-239
13.28	-0.5406-239
13.79	-0.5420-239
14.31	-0.5441-239
14.86	-0.5462-239
15.42	-0.5474-239
16.01	-0.5497-239
16.62	-0.5522-239
17.25	-0.5519-239
17.91	-0.5545-239
18.59	-0.5648-239
19.30	-0.5679-239
20.04	-0.5708-239
20.80	-0.5742-239
21.59	-0.5779-239
22.42	-0.5816-239
23.27	-0.5857-239
24.16	-0.5900-239
25.08	-0.5947-239
26.03	-0.5991-239
27.02	-0.6046-239
28.05	-0.6104-239
29.12	-0.6228-239
30.23	-0.6297-239
31.38	-0.6375-239
32.57	-0.6485-239
33.82	-0.6586-239
35.10	-0.6744-239
36.44	-0.6873-239
37.83	-0.7025-239
39.27	-0.7247-239
40.76	-0.7466-239
42.32	-0.7728-239
43.93	-0.8112-239
45.60	-0.8493-239
47.34	-0.8734-239
49.14	-0.9589-239
51.01	-0.1031-238
52.96	-0.1114-238
54.97	-0.1209-238
57.07	-0.1319-238
59.24	0.1658E-22
61.50	0.5701E-22
63.84	0.3259E-21
66.27	0.9890E-21
68.79	0.2783E-20
71.41	0.7372E-20
74.13	0.1833E-19
76.96	0.4293E-19
79.89	0.9500E-19
82.93	0.1991E-18
86.09	0.3966E-18
89.37	0.7530E-18
92.77	0.1366E-17
96.31	0.2377E-17
99.97	0.3973E-17
103.8	0.6398E-17
107.7	0.9948E-17
111.8	0.1497E-16
116.1	0.2187E-16
120.5	0.3106E-16
125.1	0.4298E-16
129.9	0.5809E-16
134.8	0.7680E-16
140.0	0.9953E-16
145.3	0.1266E-15
150.8	0.1585E-15
156.6	0.1954E-15
162.5	0.2376E-15
168.7	0.2853E-15
175.1	0.3389E-15
181.8	0.3984E-15
188.7	0.4641E-15
195.9	0.5361E-15
203.4	0.6147E-15
211.1	0.7001E-15
219.2	0.7924E-15
227.5	0.8920E-15
236.2	0.9990E-15
245.2	0.1114E-14
254.5	0.1237E-14
264.2	0.1368E-14
274.3	0.1507E-14
284.7	0.1656E-14
295.6	0.1814E-14
306.8	0.1982E-14
318.5	0.2161E-14
330.6	0.2350E-14
343.2	0.2550E-14
356.3	0.2762E-14
369.9	0.2987E-14
384.0	0.3225E-14
398.6	0.3476E-14
413.8	0.3742E-14
429.5	0.4022E-14
445.9	0.4318E-14
462.9	0.4631E-14
480.5	0.4961E-14
498.8	0.5310E-14
517.8	0.5677E-14
537.5	0.6064E-14
558.0	0.6472E-14
579.2	0.6901E-14
601.3	0.7354E-14
624.2	0.7830E-14
648.0	0.8331E-14
672.6	0.8858E-14
698.3	0.9412E-14
724.9	0.9994E-14
752.5	0.1060E-13
781.1	0.1125E-13
810.9	0.1192E-13
841.8	0.1262E-13
873.8	0.1336E-13
907.1	0.1414E-13
941.6	0.1495E-13
977.5	0.1579E-13
1015.	0.1668E-13
1053.	0.1760E-13
1094.	0.1856E-13
1135.	0.1957E-13
1178.	0.2062E-13
1223.	0.2170E-13
1270.	0.2284E-13
1318.	0.2401E-13
1368.	0.2523E-13
1421.	0.2650E-13
1475.	0.2781E-13
1531.	0.2917E-13
1589.	0.3058E-13
1650.	0.3203E-13
1712.	0.3353E-13
1778.	0.3507E-13
1845.	0.3666E-13
1916.	0.3830E-13
1989.	0.3999E-13
2064.	0.4172E-13
2143.	0.4350E-13
2225.	0.4532E-13
2309.	0.4719E-13
2397.	0.4910E-13
2489.	0.5106E-13
2583.	0.5306E-13
2682.	0.5510E-13
2784.	0.5718E-13
2890.	0.5931E-13
3000.	0.6147E-13
 
 
C14   C2H2F4    Excitation    14.70 eV                          
E/N (Td)	Energy loss coefficient (eV m3/s)
0.1000E-02	-0.3649-260
0.1038E-02	-0.3652-260
0.1078E-02	-0.3652-260
0.1119E-02	-0.3652-260
0.1161E-02	-0.3652-260
0.1205E-02	-0.3652-260
0.1251E-02	-0.3652-260
0.1299E-02	-0.3652-260
0.1349E-02	-0.3652-260
0.1400E-02	-0.3652-260
0.1453E-02	-0.3652-260
0.1509E-02	-0.3652-260
0.1566E-02	-0.3652-260
0.1626E-02	-0.3652-260
0.1688E-02	-0.3652-260
0.1752E-02	-0.3652-260
0.1819E-02	-0.3652-260
0.1888E-02	-0.3652-260
0.1960E-02	-0.3652-260
0.2034E-02	-0.3652-260
0.2112E-02	-0.3652-260
0.2192E-02	-0.3652-260
0.2276E-02	-0.3652-260
0.2362E-02	-0.3652-260
0.2452E-02	-0.3652-260
0.2546E-02	-0.3652-260
0.2643E-02	-0.3652-260
0.2743E-02	-0.3652-260
0.2848E-02	-0.3652-260
0.2956E-02	-0.3652-260
0.3069E-02	-0.3652-260
0.3186E-02	-0.3652-260
0.3307E-02	-0.3652-260
0.3433E-02	-0.3652-260
0.3564E-02	-0.3652-260
0.3700E-02	-0.3652-260
0.3841E-02	-0.3652-260
0.3987E-02	-0.3652-260
0.4139E-02	-0.3652-260
0.4296E-02	-0.3652-260
0.4460E-02	-0.3652-260
0.4630E-02	-0.3652-260
0.4806E-02	-0.3652-260
0.4989E-02	-0.3652-260
0.5179E-02	-0.3652-260
0.5377E-02	-0.3652-260
0.5581E-02	-0.3652-260
0.5794E-02	-0.3652-260
0.6015E-02	-0.3652-260
0.6244E-02	-0.3652-260
0.6481E-02	-0.3652-260
0.6728E-02	-0.3652-260
0.6985E-02	-0.3652-260
0.7251E-02	-0.3652-260
0.7527E-02	-0.3652-260
0.7813E-02	-0.3652-260
0.8111E-02	-0.3652-260
0.8420E-02	-0.3652-260
0.8741E-02	-0.3652-260
0.9073E-02	-0.3652-260
0.9419E-02	-0.3652-260
0.9778E-02	-0.3652-260
0.1015E-01	-0.3652-260
0.1054E-01	-0.3652-260
0.1094E-01	-0.3652-260
0.1135E-01	-0.3652-260
0.1179E-01	-0.3652-260
0.1224E-01	-0.3652-260
0.1270E-01	-0.3652-260
0.1319E-01	-0.3652-260
0.1369E-01	-0.3652-260
0.1421E-01	-0.3652-260
0.1475E-01	-0.3652-260
0.1531E-01	-0.3652-260
0.1590E-01	-0.3652-260
0.1650E-01	-0.3652-260
0.1713E-01	-0.3652-260
0.1778E-01	-0.3652-260
0.1846E-01	-0.3652-260
0.1916E-01	-0.3652-260
0.1989E-01	-0.3652-260
0.2065E-01	-0.3652-260
0.2144E-01	-0.3652-260
0.2225E-01	-0.3652-260
0.2310E-01	-0.3652-260
0.2398E-01	-0.3652-260
0.2489E-01	-0.3652-260
0.2584E-01	-0.3652-260
0.2682E-01	-0.3652-260
0.2785E-01	-0.3652-260
0.2891E-01	-0.3652-260
0.3001E-01	-0.3652-260
0.3115E-01	-0.3652-260
0.3234E-01	-0.3652-260
0.3357E-01	-0.3652-260
0.3485E-01	-0.3652-260
0.3617E-01	-0.3652-260
0.3755E-01	-0.3652-260
0.3898E-01	-0.3652-260
0.4047E-01	-0.3652-260
0.4201E-01	-0.3652-260
0.4361E-01	-0.3652-260
0.4527E-01	-0.3652-260
0.4699E-01	-0.3652-260
0.4878E-01	-0.3652-260
0.5064E-01	-0.3652-260
0.5257E-01	-0.3652-260
0.5457E-01	-0.3652-260
0.5665E-01	-0.3652-260
0.5881E-01	-0.3652-260
0.6105E-01	-0.3652-260
0.6337E-01	-0.3652-260
0.6579E-01	-0.3652-260
0.6829E-01	-0.3652-260
0.7089E-01	-0.3652-260
0.7359E-01	-0.3652-260
0.7640E-01	-0.3652-260
0.7931E-01	-0.3652-260
0.8233E-01	-0.3652-260
0.8546E-01	-0.3652-260
0.8872E-01	-0.3652-260
0.9210E-01	-0.3653-260
0.9560E-01	-0.3653-260
0.9924E-01	-0.3653-260
0.1030	-0.3653-260
0.1069	-0.3653-260
0.1110	-0.3653-260
0.1152	-0.3653-260
0.1196	-0.3653-260
0.1242	-0.3653-260
0.1289	-0.3653-260
0.1338	-0.3653-260
0.1389	-0.3653-260
0.1442	-0.3653-260
0.1497	-0.3653-260
0.1554	-0.3653-260
0.1613	-0.3653-260
0.1675	-0.3653-260
0.1739	-0.3653-260
0.1805	-0.3653-260
0.1874	-0.3653-260
0.1945	-0.3653-260
0.2019	-0.3653-260
0.2096	-0.3653-260
0.2176	-0.3653-260
0.2259	-0.3653-260
0.2345	-0.3653-260
0.2434	-0.3653-260
0.2527	-0.3653-260
0.2623	-0.3653-260
0.2723	-0.3653-260
0.2826	-0.3653-260
0.2934	-0.3653-260
0.3046	-0.3653-260
0.3162	-0.3653-260
0.3282	-0.3653-260
0.3407	-0.3653-260
0.3537	-0.3653-260
0.3672	-0.3653-260
0.3812	-0.3653-260
0.3957	-0.3653-260
0.4107	-0.3653-260
0.4264	-0.3653-260
0.4426	-0.3653-260
0.4595	-0.3653-260
0.4770	-0.3653-260
0.4952	-0.3653-260
0.5140	-0.3653-260
0.5336	-0.3653-260
0.5539	-0.3654-260
0.5750	-0.3654-260
0.5969	-0.3654-260
0.6196	-0.3654-260
0.6432	-0.3654-260
0.6677	-0.3654-260
0.6932	-0.3654-260
0.7196	-0.3654-260
0.7470	-0.3654-260
0.7754	-0.3655-260
0.8050	-0.3655-260
0.8356	-0.3655-260
0.8674	-0.3655-260
0.9005	-0.3655-260
0.9348	-0.3656-260
0.9704	-0.3656-260
1.007	-0.3656-260
1.046	-0.3656-260
1.086	-0.3657-260
1.127	-0.3657-260
1.170	-0.3658-260
1.214	-0.3658-260
1.261	-0.3659-260
1.309	-0.3659-260
1.358	-0.3660-260
1.410	-0.3660-260
1.464	-0.3661-260
1.520	-0.3662-260
1.578	-0.3663-260
1.638	-0.3663-260
1.700	-0.3664-260
1.765	-0.3666-260
1.832	-0.3667-260
1.902	-0.3668-260
1.974	-0.3669-260
2.049	-0.3671-260
2.127	-0.3673-260
2.208	-0.3675-260
2.293	-0.3677-260
2.380	-0.3679-260
2.470	-0.3681-260
2.565	-0.3684-260
2.662	-0.3687-260
2.764	-0.3690-260
2.869	-0.3693-260
2.978	-0.3697-260
3.092	-0.3701-260
3.209	-0.3705-260
3.332	-0.3709-260
3.458	-0.3714-260
3.590	-0.3719-260
3.727	-0.3724-260
3.869	-0.3730-260
4.016	-0.3736-260
4.169	-0.3743-260
4.328	-0.3750-260
4.493	-0.3757-260
4.664	-0.3765-260
4.841	-0.3774-260
5.026	-0.3782-260
5.217	-0.3791-260
5.416	-0.3801-260
5.622	-0.3811-260
5.836	-0.3822-260
6.059	-0.3833-260
6.289	-0.3845-260
6.529	-0.3857-260
6.778	-0.3870-260
7.036	-0.3883-260
7.304	-0.3897-260
7.582	-0.3912-260
7.871	-0.3927-260
8.170	-0.3943-260
8.482	-0.3959-260
8.805	-0.3964-260
9.140	-0.3981-260
9.488	-0.3999-260
9.849	-0.4017-260
10.22	-0.4037-260
10.61	-0.4057-260
11.02	-0.4077-260
11.44	-0.4128-260
11.87	-0.4151-260
12.33	-0.4176-260
12.80	-0.4201-260
13.28	-0.4227-260
13.79	-0.4246-260
14.31	-0.4274-260
14.86	-0.4303-260
15.42	-0.4317-260
16.01	-0.4348-260
16.62	-0.4380-260
17.25	-0.4375-260
17.91	-0.4410-260
18.59	-0.4553-260
19.30	-0.4586-260
20.04	-0.4637-260
20.80	-0.4682-260
21.59	-0.4729-260
22.42	-0.4789-260
23.27	-0.4842-260
24.16	-0.4898-260
25.08	-0.4958-260
26.03	-0.5034-260
27.02	-0.5103-260
28.05	-0.5178-260
29.12	-0.5272-260
30.23	-0.5362-260
31.38	-0.5461-260
32.57	-0.5591-260
33.82	-0.5718-260
35.10	-0.5908-260
36.44	-0.6074-260
37.83	-0.6265-260
39.27	-0.6533-260
40.76	-0.6803-260
42.32	-0.7126-260
43.93	-0.7589-260
45.60	-0.8050-260
47.34	-0.8602-260
49.14	-0.9395-260
51.01	-0.1024-259
52.96	-0.1122-259
54.97	-0.1231-259
57.07	-0.1356-259
59.24	-0.1493-259
61.50	-0.1642-259
63.84	0.5613E-21
66.27	0.1768E-20
68.79	0.5198E-20
71.41	0.1426E-19
74.13	0.3670E-19
76.96	0.8879E-19
79.89	0.2027E-18
82.93	0.4377E-18
86.09	0.8973E-18
89.37	0.1751E-17
92.77	0.3263E-17
96.31	0.5820E-17
99.97	0.9969E-17
103.8	0.1643E-16
107.7	0.2612E-16
111.8	0.4016E-16
116.1	0.5986E-16
120.5	0.8668E-16
125.1	0.1222E-15
129.9	0.1681E-15
134.8	0.2260E-15
140.0	0.2977E-15
145.3	0.3846E-15
150.8	0.4884E-15
156.6	0.6104E-15
162.5	0.7520E-15
168.7	0.9143E-15
175.1	0.1099E-14
181.8	0.1306E-14
188.7	0.1537E-14
195.9	0.1793E-14
203.4	0.2074E-14
211.1	0.2382E-14
219.2	0.2718E-14
227.5	0.3081E-14
236.2	0.3474E-14
245.2	0.3897E-14
254.5	0.4351E-14
264.2	0.4836E-14
274.3	0.5354E-14
284.7	0.5906E-14
295.6	0.6493E-14
306.8	0.7115E-14
318.5	0.7774E-14
330.6	0.8471E-14
343.2	0.9208E-14
356.3	0.9984E-14
369.9	0.1080E-13
384.0	0.1166E-13
398.6	0.1257E-13
413.8	0.1351E-13
429.5	0.1451E-13
445.9	0.1555E-13
462.9	0.1664E-13
480.5	0.1778E-13
498.8	0.1897E-13
517.8	0.2021E-13
537.5	0.2150E-13
558.0	0.2285E-13
579.2	0.2425E-13
601.3	0.2570E-13
624.2	0.2721E-13
648.0	0.2877E-13
672.6	0.3038E-13
698.3	0.3205E-13
724.9	0.3378E-13
752.5	0.3556E-13
781.1	0.3739E-13
810.9	0.3927E-13
841.8	0.4120E-13
873.8	0.4318E-13
907.1	0.4521E-13
941.6	0.4728E-13
977.5	0.4939E-13
1015.	0.5155E-13
1053.	0.5374E-13
1094.	0.5596E-13
1135.	0.5822E-13
1178.	0.6050E-13
1223.	0.6280E-13
1270.	0.6511E-13
1318.	0.6744E-13
1368.	0.6978E-13
1421.	0.7212E-13
1475.	0.7446E-13
1531.	0.7679E-13
1589.	0.7910E-13
1650.	0.8139E-13
1712.	0.8366E-13
1778.	0.8590E-13
1845.	0.8810E-13
1916.	0.9025E-13
1989.	0.9236E-13
2064.	0.9440E-13
2143.	0.9639E-13
2225.	0.9831E-13
2309.	0.1002E-12
2397.	0.1019E-12
2489.	0.1036E-12
2583.	0.1052E-12
2682.	0.1068E-12
2784.	0.1082E-12
2890.	0.1095E-12
3000.	0.1107E-12
 
 
C15   C2H2F4    Excitation    15.40 eV                          
E/N (Td)	Energy loss coefficient (eV m3/s)
0.1000E-02	-0.1257-271
0.1038E-02	-0.1258-271
0.1078E-02	-0.1258-271
0.1119E-02	-0.1258-271
0.1161E-02	-0.1258-271
0.1205E-02	-0.1258-271
0.1251E-02	-0.1258-271
0.1299E-02	-0.1258-271
0.1349E-02	-0.1258-271
0.1400E-02	-0.1258-271
0.1453E-02	-0.1258-271
0.1509E-02	-0.1258-271
0.1566E-02	-0.1258-271
0.1626E-02	-0.1258-271
0.1688E-02	-0.1258-271
0.1752E-02	-0.1258-271
0.1819E-02	-0.1258-271
0.1888E-02	-0.1258-271
0.1960E-02	-0.1258-271
0.2034E-02	-0.1258-271
0.2112E-02	-0.1258-271
0.2192E-02	-0.1258-271
0.2276E-02	-0.1258-271
0.2362E-02	-0.1258-271
0.2452E-02	-0.1258-271
0.2546E-02	-0.1258-271
0.2643E-02	-0.1258-271
0.2743E-02	-0.1258-271
0.2848E-02	-0.1258-271
0.2956E-02	-0.1258-271
0.3069E-02	-0.1258-271
0.3186E-02	-0.1258-271
0.3307E-02	-0.1258-271
0.3433E-02	-0.1258-271
0.3564E-02	-0.1258-271
0.3700E-02	-0.1258-271
0.3841E-02	-0.1258-271
0.3987E-02	-0.1258-271
0.4139E-02	-0.1258-271
0.4296E-02	-0.1258-271
0.4460E-02	-0.1258-271
0.4630E-02	-0.1258-271
0.4806E-02	-0.1258-271
0.4989E-02	-0.1258-271
0.5179E-02	-0.1258-271
0.5377E-02	-0.1258-271
0.5581E-02	-0.1258-271
0.5794E-02	-0.1258-271
0.6015E-02	-0.1258-271
0.6244E-02	-0.1258-271
0.6481E-02	-0.1258-271
0.6728E-02	-0.1258-271
0.6985E-02	-0.1258-271
0.7251E-02	-0.1258-271
0.7527E-02	-0.1258-271
0.7813E-02	-0.1258-271
0.8111E-02	-0.1258-271
0.8420E-02	-0.1258-271
0.8741E-02	-0.1258-271
0.9073E-02	-0.1258-271
0.9419E-02	-0.1258-271
0.9778E-02	-0.1258-271
0.1015E-01	-0.1258-271
0.1054E-01	-0.1258-271
0.1094E-01	-0.1258-271
0.1135E-01	-0.1258-271
0.1179E-01	-0.1258-271
0.1224E-01	-0.1258-271
0.1270E-01	-0.1258-271
0.1319E-01	-0.1258-271
0.1369E-01	-0.1258-271
0.1421E-01	-0.1258-271
0.1475E-01	-0.1258-271
0.1531E-01	-0.1258-271
0.1590E-01	-0.1258-271
0.1650E-01	-0.1258-271
0.1713E-01	-0.1258-271
0.1778E-01	-0.1258-271
0.1846E-01	-0.1258-271
0.1916E-01	-0.1258-271
0.1989E-01	-0.1258-271
0.2065E-01	-0.1258-271
0.2144E-01	-0.1258-271
0.2225E-01	-0.1258-271
0.2310E-01	-0.1258-271
0.2398E-01	-0.1258-271
0.2489E-01	-0.1258-271
0.2584E-01	-0.1258-271
0.2682E-01	-0.1258-271
0.2785E-01	-0.1258-271
0.2891E-01	-0.1258-271
0.3001E-01	-0.1258-271
0.3115E-01	-0.1258-271
0.3234E-01	-0.1258-271
0.3357E-01	-0.1258-271
0.3485E-01	-0.1258-271
0.3617E-01	-0.1258-271
0.3755E-01	-0.1258-271
0.3898E-01	-0.1258-271
0.4047E-01	-0.1258-271
0.4201E-01	-0.1258-271
0.4361E-01	-0.1258-271
0.4527E-01	-0.1258-271
0.4699E-01	-0.1258-271
0.4878E-01	-0.1258-271
0.5064E-01	-0.1258-271
0.5257E-01	-0.1258-271
0.5457E-01	-0.1258-271
0.5665E-01	-0.1258-271
0.5881E-01	-0.1258-271
0.6105E-01	-0.1258-271
0.6337E-01	-0.1258-271
0.6579E-01	-0.1258-271
0.6829E-01	-0.1258-271
0.7089E-01	-0.1258-271
0.7359E-01	-0.1258-271
0.7640E-01	-0.1258-271
0.7931E-01	-0.1258-271
0.8233E-01	-0.1258-271
0.8546E-01	-0.1258-271
0.8872E-01	-0.1258-271
0.9210E-01	-0.1258-271
0.9560E-01	-0.1258-271
0.9924E-01	-0.1258-271
0.1030	-0.1258-271
0.1069	-0.1258-271
0.1110	-0.1258-271
0.1152	-0.1258-271
0.1196	-0.1258-271
0.1242	-0.1258-271
0.1289	-0.1258-271
0.1338	-0.1258-271
0.1389	-0.1258-271
0.1442	-0.1258-271
0.1497	-0.1258-271
0.1554	-0.1258-271
0.1613	-0.1258-271
0.1675	-0.1258-271
0.1739	-0.1258-271
0.1805	-0.1258-271
0.1874	-0.1258-271
0.1945	-0.1258-271
0.2019	-0.1258-271
0.2096	-0.1258-271
0.2176	-0.1258-271
0.2259	-0.1258-271
0.2345	-0.1258-271
0.2434	-0.1258-271
0.2527	-0.1258-271
0.2623	-0.1258-271
0.2723	-0.1258-271
0.2826	-0.1258-271
0.2934	-0.1258-271
0.3046	-0.1258-271
0.3162	-0.1258-271
0.3282	-0.1258-271
0.3407	-0.1258-271
0.3537	-0.1258-271
0.3672	-0.1258-271
0.3812	-0.1258-271
0.3957	-0.1258-271
0.4107	-0.1258-271
0.4264	-0.1258-271
0.4426	-0.1258-271
0.4595	-0.1258-271
0.4770	-0.1258-271
0.4952	-0.1258-271
0.5140	-0.1258-271
0.5336	-0.1258-271
0.5539	-0.1258-271
0.5750	-0.1258-271
0.5969	-0.1258-271
0.6196	-0.1258-271
0.6432	-0.1258-271
0.6677	-0.1258-271
0.6932	-0.1259-271
0.7196	-0.1259-271
0.7470	-0.1259-271
0.7754	-0.1259-271
0.8050	-0.1259-271
0.8356	-0.1259-271
0.8674	-0.1259-271
0.9005	-0.1259-271
0.9348	-0.1259-271
0.9704	-0.1259-271
1.007	-0.1259-271
1.046	-0.1259-271
1.086	-0.1259-271
1.127	-0.1259-271
1.170	-0.1259-271
1.214	-0.1259-271
1.261	-0.1259-271
1.309	-0.1259-271
1.358	-0.1259-271
1.410	-0.1260-271
1.464	-0.1260-271
1.520	-0.1260-271
1.578	-0.1260-271
1.638	-0.1260-271
1.700	-0.1260-271
1.765	-0.1261-271
1.832	-0.1261-271
1.902	-0.1261-271
1.974	-0.1261-271
2.049	-0.1261-271
2.127	-0.1262-271
2.208	-0.1262-271
2.293	-0.1262-271
2.380	-0.1263-271
2.470	-0.1263-271
2.565	-0.1264-271
2.662	-0.1264-271
2.764	-0.1265-271
2.869	-0.1265-271
2.978	-0.1266-271
3.092	-0.1267-271
3.209	-0.1267-271
3.332	-0.1268-271
3.458	-0.1269-271
3.590	-0.1270-271
3.727	-0.1271-271
3.869	-0.1272-271
4.016	-0.1273-271
4.169	-0.1274-271
4.328	-0.1275-271
4.493	-0.1276-271
4.664	-0.1278-271
4.841	-0.1279-271
5.026	-0.1281-271
5.217	-0.1282-271
5.416	-0.1284-271
5.622	-0.1286-271
5.836	-0.1288-271
6.059	-0.1290-271
6.289	-0.1292-271
6.529	-0.1294-271
6.778	-0.1296-271
7.036	-0.1298-271
7.304	-0.1301-271
7.582	-0.1303-271
7.871	-0.1306-271
8.170	-0.1309-271
8.482	-0.1312-271
8.805	-0.1312-271
9.140	-0.1315-271
9.488	-0.1319-271
9.849	-0.1322-271
10.22	-0.1325-271
10.61	-0.1329-271
11.02	-0.1332-271
11.44	-0.1342-271
11.87	-0.1346-271
12.33	-0.1350-271
12.80	-0.1355-271
13.28	-0.1360-271
13.79	-0.1363-271
14.31	-0.1368-271
14.86	-0.1373-271
15.42	-0.1376-271
16.01	-0.1382-271
16.62	-0.1387-271
17.25	-0.1387-271
17.91	-0.1394-271
18.59	-0.1420-271
19.30	-0.1428-271
20.04	-0.1436-271
20.80	-0.1445-271
21.59	-0.1453-271
22.42	-0.1465-271
23.27	-0.1475-271
24.16	-0.1485-271
25.08	-0.1496-271
26.03	-0.1512-271
27.02	-0.1525-271
28.05	-0.1539-271
29.12	-0.1558-271
30.23	-0.1575-271
31.38	-0.1594-271
32.57	-0.1621-271
33.82	-0.1646-271
35.10	-0.1684-271
36.44	-0.1716-271
37.83	-0.1755-271
39.27	-0.1811-271
40.76	-0.1866-271
42.32	-0.1932-271
43.93	-0.2028-271
45.60	-0.2124-271
47.34	-0.2240-271
49.14	-0.2466-271
51.01	-0.2643-271
52.96	-0.2797-271
54.97	-0.3037-271
57.07	-0.3314-271
59.24	-0.3620-271
61.50	-0.3960-271
63.84	0.2830E-21
66.27	0.9107E-21
68.79	0.2965E-20
71.41	0.8357E-20
74.13	0.2207E-19
76.96	0.5479E-19
79.89	0.1283E-18
82.93	0.2840E-18
86.09	0.5964E-18
89.37	0.1192E-17
92.77	0.2273E-17
96.31	0.4147E-17
99.97	0.7264E-17
103.8	0.1224E-16
107.7	0.1988E-16
111.8	0.3123E-16
116.1	0.4753E-16
120.5	0.7027E-16
125.1	0.1011E-15
129.9	0.1419E-15
134.8	0.1946E-15
140.0	0.2614E-15
145.3	0.3444E-15
150.8	0.4458E-15
156.6	0.5678E-15
162.5	0.7128E-15
168.7	0.8830E-15
175.1	0.1081E-14
181.8	0.1308E-14
188.7	0.1568E-14
195.9	0.1862E-14
203.4	0.2194E-14
211.1	0.2565E-14
219.2	0.2978E-14
227.5	0.3437E-14
236.2	0.3943E-14
245.2	0.4501E-14
254.5	0.5112E-14
264.2	0.5782E-14
274.3	0.6513E-14
284.7	0.7309E-14
295.6	0.8174E-14
306.8	0.9112E-14
318.5	0.1013E-13
330.6	0.1123E-13
343.2	0.1241E-13
356.3	0.1369E-13
369.9	0.1507E-13
384.0	0.1655E-13
398.6	0.1815E-13
413.8	0.1986E-13
429.5	0.2169E-13
445.9	0.2366E-13
462.9	0.2576E-13
480.5	0.2801E-13
498.8	0.3042E-13
517.8	0.3299E-13
537.5	0.3573E-13
558.0	0.3866E-13
579.2	0.4178E-13
601.3	0.4510E-13
624.2	0.4863E-13
648.0	0.5239E-13
672.6	0.5638E-13
698.3	0.6062E-13
724.9	0.6512E-13
752.5	0.6989E-13
781.1	0.7494E-13
810.9	0.8029E-13
841.8	0.8594E-13
873.8	0.9192E-13
907.1	0.9822E-13
941.6	0.1049E-12
977.5	0.1119E-12
1015.	0.1193E-12
1053.	0.1270E-12
1094.	0.1352E-12
1135.	0.1438E-12
1178.	0.1528E-12
1223.	0.1622E-12
1270.	0.1721E-12
1318.	0.1824E-12
1368.	0.1932E-12
1421.	0.2044E-12
1475.	0.2161E-12
1531.	0.2283E-12
1589.	0.2410E-12
1650.	0.2542E-12
1712.	0.2680E-12
1778.	0.2822E-12
1845.	0.2969E-12
1916.	0.3121E-12
1989.	0.3279E-12
2064.	0.3442E-12
2143.	0.3610E-12
2225.	0.3782E-12
2309.	0.3961E-12
2397.	0.4144E-12
2489.	0.4332E-12
2583.	0.4525E-12
2682.	0.4724E-12
2784.	0.4927E-12
2890.	0.5135E-12
3000.	0.5347E-12
 
 
C16   C2H2F4    Excitation    15.40 eV                          
E/N (Td)	Energy loss coefficient (eV m3/s)
0.1000E-02	-0.2054-274
0.1038E-02	-0.2056-274
0.1078E-02	-0.2056-274
0.1119E-02	-0.2056-274
0.1161E-02	-0.2056-274
0.1205E-02	-0.2056-274
0.1251E-02	-0.2056-274
0.1299E-02	-0.2056-274
0.1349E-02	-0.2056-274
0.1400E-02	-0.2056-274
0.1453E-02	-0.2056-274
0.1509E-02	-0.2056-274
0.1566E-02	-0.2056-274
0.1626E-02	-0.2056-274
0.1688E-02	-0.2056-274
0.1752E-02	-0.2056-274
0.1819E-02	-0.2056-274
0.1888E-02	-0.2056-274
0.1960E-02	-0.2056-274
0.2034E-02	-0.2056-274
0.2112E-02	-0.2056-274
0.2192E-02	-0.2056-274
0.2276E-02	-0.2056-274
0.2362E-02	-0.2056-274
0.2452E-02	-0.2056-274
0.2546E-02	-0.2056-274
0.2643E-02	-0.2056-274
0.2743E-02	-0.2056-274
0.2848E-02	-0.2056-274
0.2956E-02	-0.2056-274
0.3069E-02	-0.2056-274
0.3186E-02	-0.2056-274
0.3307E-02	-0.2056-274
0.3433E-02	-0.2056-274
0.3564E-02	-0.2056-274
0.3700E-02	-0.2056-274
0.3841E-02	-0.2056-274
0.3987E-02	-0.2056-274
0.4139E-02	-0.2056-274
0.4296E-02	-0.2056-274
0.4460E-02	-0.2056-274
0.4630E-02	-0.2056-274
0.4806E-02	-0.2056-274
0.4989E-02	-0.2056-274
0.5179E-02	-0.2056-274
0.5377E-02	-0.2056-274
0.5581E-02	-0.2056-274
0.5794E-02	-0.2056-274
0.6015E-02	-0.2056-274
0.6244E-02	-0.2056-274
0.6481E-02	-0.2056-274
0.6728E-02	-0.2056-274
0.6985E-02	-0.2056-274
0.7251E-02	-0.2056-274
0.7527E-02	-0.2056-274
0.7813E-02	-0.2056-274
0.8111E-02	-0.2056-274
0.8420E-02	-0.2056-274
0.8741E-02	-0.2056-274
0.9073E-02	-0.2056-274
0.9419E-02	-0.2056-274
0.9778E-02	-0.2056-274
0.1015E-01	-0.2056-274
0.1054E-01	-0.2056-274
0.1094E-01	-0.2056-274
0.1135E-01	-0.2056-274
0.1179E-01	-0.2056-274
0.1224E-01	-0.2056-274
0.1270E-01	-0.2056-274
0.1319E-01	-0.2056-274
0.1369E-01	-0.2056-274
0.1421E-01	-0.2056-274
0.1475E-01	-0.2056-274
0.1531E-01	-0.2056-274
0.1590E-01	-0.2056-274
0.1650E-01	-0.2056-274
0.1713E-01	-0.2056-274
0.1778E-01	-0.2056-274
0.1846E-01	-0.2056-274
0.1916E-01	-0.2056-274
0.1989E-01	-0.2056-274
0.2065E-01	-0.2056-274
0.2144E-01	-0.2056-274
0.2225E-01	-0.2056-274
0.2310E-01	-0.2056-274
0.2398E-01	-0.2056-274
0.2489E-01	-0.2056-274
0.2584E-01	-0.2056-274
0.2682E-01	-0.2056-274
0.2785E-01	-0.2056-274
0.2891E-01	-0.2056-274
0.3001E-01	-0.2056-274
0.3115E-01	-0.2056-274
0.3234E-01	-0.2056-274
0.3357E-01	-0.2056-274
0.3485E-01	-0.2056-274
0.3617E-01	-0.2056-274
0.3755E-01	-0.2056-274
0.3898E-01	-0.2056-274
0.4047E-01	-0.2056-274
0.4201E-01	-0.2056-274
0.4361E-01	-0.2056-274
0.4527E-01	-0.2056-274
0.4699E-01	-0.2056-274
0.4878E-01	-0.2056-274
0.5064E-01	-0.2056-274
0.5257E-01	-0.2056-274
0.5457E-01	-0.2056-274
0.5665E-01	-0.2056-274
0.5881E-01	-0.2056-274
0.6105E-01	-0.2056-274
0.6337E-01	-0.2056-274
0.6579E-01	-0.2056-274
0.6829E-01	-0.2056-274
0.7089E-01	-0.2056-274
0.7359E-01	-0.2056-274
0.7640E-01	-0.2056-274
0.7931E-01	-0.2056-274
0.8233E-01	-0.2056-274
0.8546E-01	-0.2056-274
0.8872E-01	-0.2056-274
0.9210E-01	-0.2056-274
0.9560E-01	-0.2056-274
0.9924E-01	-0.2056-274
0.1030	-0.2056-274
0.1069	-0.2056-274
0.1110	-0.2056-274
0.1152	-0.2056-274
0.1196	-0.2056-274
0.1242	-0.2056-274
0.1289	-0.2056-274
0.1338	-0.2056-274
0.1389	-0.2056-274
0.1442	-0.2056-274
0.1497	-0.2056-274
0.1554	-0.2056-274
0.1613	-0.2056-274
0.1675	-0.2056-274
0.1739	-0.2056-274
0.1805	-0.2056-274
0.1874	-0.2056-274
0.1945	-0.2056-274
0.2019	-0.2056-274
0.2096	-0.2056-274
0.2176	-0.2056-274
0.2259	-0.2056-274
0.2345	-0.2056-274
0.2434	-0.2056-274
0.2527	-0.2056-274
0.2623	-0.2056-274
0.2723	-0.2056-274
0.2826	-0.2056-274
0.2934	-0.2056-274
0.3046	-0.2056-274
0.3162	-0.2056-274
0.3282	-0.2056-274
0.3407	-0.2056-274
0.3537	-0.2056-274
0.3672	-0.2056-274
0.3812	-0.2056-274
0.3957	-0.2056-274
0.4107	-0.2056-274
0.4264	-0.2056-274
0.4426	-0.2056-274
0.4595	-0.2057-274
0.4770	-0.2057-274
0.4952	-0.2057-274
0.5140	-0.2057-274
0.5336	-0.2057-274
0.5539	-0.2057-274
0.5750	-0.2057-274
0.5969	-0.2057-274
0.6196	-0.2057-274
0.6432	-0.2057-274
0.6677	-0.2057-274
0.6932	-0.2057-274
0.7196	-0.2057-274
0.7470	-0.2057-274
0.7754	-0.2057-274
0.8050	-0.2057-274
0.8356	-0.2057-274
0.8674	-0.2057-274
0.9005	-0.2057-274
0.9348	-0.2057-274
0.9704	-0.2057-274
1.007	-0.2057-274
1.046	-0.2058-274
1.086	-0.2058-274
1.127	-0.2058-274
1.170	-0.2058-274
1.214	-0.2058-274
1.261	-0.2058-274
1.309	-0.2058-274
1.358	-0.2059-274
1.410	-0.2059-274
1.464	-0.2059-274
1.520	-0.2059-274
1.578	-0.2060-274
1.638	-0.2060-274
1.700	-0.2060-274
1.765	-0.2061-274
1.832	-0.2061-274
1.902	-0.2061-274
1.974	-0.2062-274
2.049	-0.2062-274
2.127	-0.2063-274
2.208	-0.2064-274
2.293	-0.2064-274
2.380	-0.2065-274
2.470	-0.2066-274
2.565	-0.2067-274
2.662	-0.2067-274
2.764	-0.2068-274
2.869	-0.2070-274
2.978	-0.2071-274
3.092	-0.2072-274
3.209	-0.2073-274
3.332	-0.2075-274
3.458	-0.2076-274
3.590	-0.2078-274
3.727	-0.2080-274
3.869	-0.2082-274
4.016	-0.2084-274
4.169	-0.2086-274
4.328	-0.2088-274
4.493	-0.2090-274
4.664	-0.2093-274
4.841	-0.2096-274
5.026	-0.2098-274
5.217	-0.2101-274
5.416	-0.2105-274
5.622	-0.2108-274
5.836	-0.2111-274
6.059	-0.2115-274
6.289	-0.2119-274
6.529	-0.2123-274
6.778	-0.2127-274
7.036	-0.2131-274
7.304	-0.2136-274
7.582	-0.2141-274
7.871	-0.2146-274
8.170	-0.2151-274
8.482	-0.2156-274
8.805	-0.2157-274
9.140	-0.2163-274
9.488	-0.2169-274
9.849	-0.2175-274
10.22	-0.2181-274
10.61	-0.2188-274
11.02	-0.2195-274
11.44	-0.2212-274
11.87	-0.2220-274
12.33	-0.2228-274
12.80	-0.2236-274
13.28	-0.2245-274
13.79	-0.2251-274
14.31	-0.2261-274
14.86	-0.2270-274
15.42	-0.2275-274
16.01	-0.2286-274
16.62	-0.2296-274
17.25	-0.2296-274
17.91	-0.2307-274
18.59	-0.2356-274
19.30	-0.2370-274
20.04	-0.2386-274
20.80	-0.2401-274
21.59	-0.2417-274
22.42	-0.2439-274
23.27	-0.2456-274
24.16	-0.2475-274
25.08	-0.2496-274
26.03	-0.2524-274
27.02	-0.2547-274
28.05	-0.2573-274
29.12	-0.2608-274
30.23	-0.2639-274
31.38	-0.2674-274
32.57	-0.2723-274
33.82	-0.2767-274
35.10	-0.2836-274
36.44	-0.2896-274
37.83	-0.2966-274
39.27	-0.3068-274
40.76	-0.3168-274
42.32	-0.3290-274
43.93	-0.3466-274
45.60	-0.3644-274
47.34	-0.3862-274
49.14	-0.4289-274
51.01	-0.4635-274
52.96	-0.4965-274
54.97	-0.5484-274
57.07	-0.6132-274
59.24	-0.6936-274
61.50	-0.7968-274
63.84	0.5063E-24
66.27	0.1630E-23
68.79	0.5429E-23
71.41	0.1535E-22
74.13	0.4068E-22
76.96	0.1013E-21
79.89	0.2748E-21
82.93	0.6309E-21
86.09	0.1382E-20
89.37	0.2896E-20
92.77	0.5823E-20
96.31	0.1127E-19
99.97	0.2108E-19
103.8	0.3808E-19
107.7	0.6665E-19
111.8	0.1133E-18
116.1	0.1872E-18
120.5	0.3015E-18
125.1	0.4740E-18
129.9	0.7281E-18
134.8	0.1095E-17
140.0	0.1613E-17
145.3	0.2332E-17
150.8	0.3313E-17
156.6	0.4630E-17
162.5	0.6373E-17
168.7	0.8648E-17
175.1	0.1158E-16
181.8	0.1532E-16
188.7	0.2003E-16
195.9	0.2591E-16
203.4	0.3318E-16
211.1	0.4211E-16
219.2	0.5298E-16
227.5	0.6611E-16
236.2	0.8187E-16
245.2	0.1007E-15
254.5	0.1230E-15
264.2	0.1492E-15
274.3	0.1801E-15
284.7	0.2161E-15
295.6	0.2580E-15
306.8	0.3064E-15
318.5	0.3622E-15
330.6	0.4264E-15
343.2	0.4998E-15
356.3	0.5835E-15
369.9	0.6786E-15
384.0	0.7865E-15
398.6	0.9084E-15
413.8	0.1046E-14
429.5	0.1200E-14
445.9	0.1373E-14
462.9	0.1567E-14
480.5	0.1783E-14
498.8	0.2024E-14
517.8	0.2291E-14
537.5	0.2588E-14
558.0	0.2916E-14
579.2	0.3278E-14
601.3	0.3677E-14
624.2	0.4117E-14
648.0	0.4600E-14
672.6	0.5129E-14
698.3	0.5708E-14
724.9	0.6341E-14
752.5	0.7031E-14
781.1	0.7782E-14
810.9	0.8599E-14
841.8	0.9486E-14
873.8	0.1045E-13
907.1	0.1149E-13
941.6	0.1261E-13
977.5	0.1382E-13
1015.	0.1512E-13
1053.	0.1652E-13
1094.	0.1802E-13
1135.	0.1964E-13
1178.	0.2136E-13
1223.	0.2320E-13
1270.	0.2516E-13
1318.	0.2726E-13
1368.	0.2948E-13
1421.	0.3184E-13
1475.	0.3434E-13
1531.	0.3699E-13
1589.	0.3980E-13
1650.	0.4275E-13
1712.	0.4587E-13
1778.	0.4915E-13
1845.	0.5260E-13
1916.	0.5622E-13
1989.	0.6002E-13
2064.	0.6400E-13
2143.	0.6815E-13
2225.	0.7249E-13
2309.	0.7701E-13
2397.	0.8172E-13
2489.	0.8662E-13
2583.	0.9171E-13
2682.	0.9700E-13
2784.	0.1025E-12
2890.	0.1081E-12
3000.	0.1140E-12
 
 
C17   C2H2F4    Excitation    9.30 eV                           
E/N (Td)	Energy loss coefficient (eV m3/s)
0.1000E-02	-0.5958-171
0.1038E-02	-0.5964-171
0.1078E-02	-0.5964-171
0.1119E-02	-0.5964-171
0.1161E-02	-0.5964-171
0.1205E-02	-0.5964-171
0.1251E-02	-0.5964-171
0.1299E-02	-0.5964-171
0.1349E-02	-0.5964-171
0.1400E-02	-0.5964-171
0.1453E-02	-0.5964-171
0.1509E-02	-0.5964-171
0.1566E-02	-0.5964-171
0.1626E-02	-0.5964-171
0.1688E-02	-0.5964-171
0.1752E-02	-0.5964-171
0.1819E-02	-0.5964-171
0.1888E-02	-0.5964-171
0.1960E-02	-0.5964-171
0.2034E-02	-0.5964-171
0.2112E-02	-0.5964-171
0.2192E-02	-0.5964-171
0.2276E-02	-0.5964-171
0.2362E-02	-0.5964-171
0.2452E-02	-0.5964-171
0.2546E-02	-0.5964-171
0.2643E-02	-0.5964-171
0.2743E-02	-0.5964-171
0.2848E-02	-0.5964-171
0.2956E-02	-0.5964-171
0.3069E-02	-0.5964-171
0.3186E-02	-0.5964-171
0.3307E-02	-0.5964-171
0.3433E-02	-0.5964-171
0.3564E-02	-0.5964-171
0.3700E-02	-0.5964-171
0.3841E-02	-0.5964-171
0.3987E-02	-0.5964-171
0.4139E-02	-0.5964-171
0.4296E-02	-0.5964-171
0.4460E-02	-0.5964-171
0.4630E-02	-0.5964-171
0.4806E-02	-0.5964-171
0.4989E-02	-0.5964-171
0.5179E-02	-0.5964-171
0.5377E-02	-0.5964-171
0.5581E-02	-0.5964-171
0.5794E-02	-0.5964-171
0.6015E-02	-0.5964-171
0.6244E-02	-0.5964-171
0.6481E-02	-0.5964-171
0.6728E-02	-0.5964-171
0.6985E-02	-0.5964-171
0.7251E-02	-0.5964-171
0.7527E-02	-0.5964-171
0.7813E-02	-0.5964-171
0.8111E-02	-0.5964-171
0.8420E-02	-0.5964-171
0.8741E-02	-0.5964-171
0.9073E-02	-0.5964-171
0.9419E-02	-0.5964-171
0.9778E-02	-0.5964-171
0.1015E-01	-0.5964-171
0.1054E-01	-0.5964-171
0.1094E-01	-0.5964-171
0.1135E-01	-0.5964-171
0.1179E-01	-0.5964-171
0.1224E-01	-0.5964-171
0.1270E-01	-0.5964-171
0.1319E-01	-0.5964-171
0.1369E-01	-0.5964-171
0.1421E-01	-0.5964-171
0.1475E-01	-0.5964-171
0.1531E-01	-0.5964-171
0.1590E-01	-0.5964-171
0.1650E-01	-0.5964-171
0.1713E-01	-0.5964-171
0.1778E-01	-0.5964-171
0.1846E-01	-0.5964-171
0.1916E-01	-0.5964-171
0.1989E-01	-0.5964-171
0.2065E-01	-0.5964-171
0.2144E-01	-0.5964-171
0.2225E-01	-0.5964-171
0.2310E-01	-0.5964-171
0.2398E-01	-0.5964-171
0.2489E-01	-0.5964-171
0.2584E-01	-0.5964-171
0.2682E-01	-0.5964-171
0.2785E-01	-0.5964-171
0.2891E-01	-0.5964-171
0.3001E-01	-0.5964-171
0.3115E-01	-0.5964-171
0.3234E-01	-0.5964-171
0.3357E-01	-0.5964-171
0.3485E-01	-0.5964-171
0.3617E-01	-0.5964-171
0.3755E-01	-0.5964-171
0.3898E-01	-0.5964-171
0.4047E-01	-0.5964-171
0.4201E-01	-0.5964-171
0.4361E-01	-0.5964-171
0.4527E-01	-0.5964-171
0.4699E-01	-0.5964-171
0.4878E-01	-0.5964-171
0.5064E-01	-0.5964-171
0.5257E-01	-0.5964-171
0.5457E-01	-0.5964-171
0.5665E-01	-0.5964-171
0.5881E-01	-0.5964-171
0.6105E-01	-0.5964-171
0.6337E-01	-0.5964-171
0.6579E-01	-0.5964-171
0.6829E-01	-0.5964-171
0.7089E-01	-0.5964-171
0.7359E-01	-0.5964-171
0.7640E-01	-0.5964-171
0.7931E-01	-0.5964-171
0.8233E-01	-0.5964-171
0.8546E-01	-0.5964-171
0.8872E-01	-0.5964-171
0.9210E-01	-0.5964-171
0.9560E-01	-0.5964-171
0.9924E-01	-0.5964-171
0.1030	-0.5964-171
0.1069	-0.5964-171
0.1110	-0.5964-171
0.1152	-0.5964-171
0.1196	-0.5964-171
0.1242	-0.5964-171
0.1289	-0.5964-171
0.1338	-0.5964-171
0.1389	-0.5964-171
0.1442	-0.5964-171
0.1497	-0.5964-171
0.1554	-0.5964-171
0.1613	-0.5964-171
0.1675	-0.5964-171
0.1739	-0.5964-171
0.1805	-0.5964-171
0.1874	-0.5964-171
0.1945	-0.5964-171
0.2019	-0.5964-171
0.2096	-0.5964-171
0.2176	-0.5964-171
0.2259	-0.5964-171
0.2345	-0.5964-171
0.2434	-0.5964-171
0.2527	-0.5964-171
0.2623	-0.5964-171
0.2723	-0.5964-171
0.2826	-0.5964-171
0.2934	-0.5964-171
0.3046	-0.5964-171
0.3162	-0.5964-171
0.3282	-0.5964-171
0.3407	-0.5964-171
0.3537	-0.5964-171
0.3672	-0.5964-171
0.3812	-0.5964-171
0.3957	-0.5964-171
0.4107	-0.5965-171
0.4264	-0.5965-171
0.4426	-0.5965-171
0.4595	-0.5965-171
0.4770	-0.5965-171
0.4952	-0.5965-171
0.5140	-0.5965-171
0.5336	-0.5965-171
0.5539	-0.5965-171
0.5750	-0.5965-171
0.5969	-0.5965-171
0.6196	-0.5965-171
0.6432	-0.5965-171
0.6677	-0.5966-171
0.6932	-0.5966-171
0.7196	-0.5966-171
0.7470	-0.5966-171
0.7754	-0.5966-171
0.8050	-0.5966-171
0.8356	-0.5967-171
0.8674	-0.5967-171
0.9005	-0.5967-171
0.9348	-0.5967-171
0.9704	-0.5968-171
1.007	-0.5968-171
1.046	-0.5968-171
1.086	-0.5969-171
1.127	-0.5969-171
1.170	-0.5970-171
1.214	-0.5970-171
1.261	-0.5971-171
1.309	-0.5971-171
1.358	-0.5972-171
1.410	-0.5972-171
1.464	-0.5973-171
1.520	-0.5974-171
1.578	-0.5975-171
1.638	-0.5976-171
1.700	-0.5977-171
1.765	-0.5978-171
1.832	-0.5980-171
1.902	-0.5981-171
1.974	-0.5983-171
2.049	-0.5984-171
2.127	-0.5986-171
2.208	-0.5988-171
2.293	-0.5990-171
2.380	-0.5993-171
2.470	-0.5996-171
2.565	-0.5998-171
2.662	-0.6002-171
2.764	-0.6005-171
2.869	-0.6009-171
2.978	-0.6012-171
3.092	-0.6017-171
3.209	-0.6021-171
3.332	-0.6026-171
3.458	-0.6031-171
3.590	-0.6037-171
3.727	-0.6043-171
3.869	-0.6049-171
4.016	-0.6056-171
4.169	-0.6064-171
4.328	-0.6071-171
4.493	-0.6079-171
4.664	-0.6087-171
4.841	-0.6096-171
5.026	-0.6106-171
5.217	-0.6116-171
5.416	-0.6127-171
5.622	-0.6138-171
5.836	-0.6149-171
6.059	-0.6162-171
6.289	-0.6175-171
6.529	-0.6188-171
6.778	-0.6202-171
7.036	-0.6217-171
7.304	-0.6232-171
7.582	-0.6248-171
7.871	-0.6265-171
8.170	-0.6282-171
8.482	-0.6301-171
8.805	-0.6306-171
9.140	-0.6325-171
9.488	-0.6344-171
9.849	-0.6365-171
10.22	-0.6387-171
10.61	-0.6409-171
11.02	-0.6432-171
11.44	-0.6484-171
11.87	-0.6511-171
12.33	-0.6538-171
12.80	-0.6567-171
13.28	-0.6596-171
13.79	-0.6619-171
14.31	-0.6645-171
14.86	-0.6679-171
15.42	-0.6699-171
16.01	-0.6735-171
16.62	-0.6772-171
17.25	-0.6769-171
17.91	-0.6808-171
18.59	-0.6954-171
19.30	-0.7001-171
20.04	-0.7044-171
20.80	-0.7096-171
21.59	-0.7151-171
22.42	-0.7208-171
23.27	-0.7269-171
24.16	-0.7336-171
25.08	-0.7406-171
26.03	-0.7479-171
27.02	-0.7559-171
28.05	-0.7647-171
29.12	-0.7733-171
30.23	-0.7839-171
31.38	-0.7957-171
32.57	-0.8074-171
33.82	-0.8228-171
35.10	-0.8395-171
36.44	-0.8599-171
37.83	-0.8838-171
39.27	-0.9091-171
40.76	-0.9435-171
42.32	-0.9850-171
43.93	-0.1036-170
45.60	-0.1096-170
47.34	-0.1169-170
49.14	0.9820E-24
51.01	0.3537E-23
52.96	0.1192E-22
54.97	0.6988E-22
57.07	0.2191E-21
59.24	0.7004E-21
61.50	0.1972E-20
63.84	0.5188E-20
66.27	0.1300E-19
68.79	0.3077E-19
71.41	0.6910E-19
74.13	0.1473E-18
76.96	0.2990E-18
79.89	0.5787E-18
82.93	0.1070E-17
86.09	0.1897E-17
89.37	0.3226E-17
92.77	0.5280E-17
96.31	0.8332E-17
99.97	0.1270E-16
103.8	0.1875E-16
107.7	0.2685E-16
111.8	0.3738E-16
116.1	0.5066E-16
120.5	0.6700E-16
125.1	0.8662E-16
129.9	0.1097E-15
134.8	0.1362E-15
140.0	0.1662E-15
145.3	0.1995E-15
150.8	0.2361E-15
156.6	0.2757E-15
162.5	0.3182E-15
168.7	0.3632E-15
175.1	0.4105E-15
181.8	0.4600E-15
188.7	0.5114E-15
195.9	0.5645E-15
203.4	0.6191E-15
211.1	0.6750E-15
219.2	0.7323E-15
227.5	0.7906E-15
236.2	0.8501E-15
245.2	0.9105E-15
254.5	0.9718E-15
264.2	0.1034E-14
274.3	0.1097E-14
284.7	0.1161E-14
295.6	0.1226E-14
306.8	0.1291E-14
318.5	0.1358E-14
330.6	0.1425E-14
343.2	0.1493E-14
356.3	0.1562E-14
369.9	0.1631E-14
384.0	0.1702E-14
398.6	0.1774E-14
413.8	0.1846E-14
429.5	0.1919E-14
445.9	0.1994E-14
462.9	0.2069E-14
480.5	0.2145E-14
498.8	0.2222E-14
517.8	0.2300E-14
537.5	0.2379E-14
558.0	0.2458E-14
579.2	0.2539E-14
601.3	0.2620E-14
624.2	0.2702E-14
648.0	0.2785E-14
672.6	0.2868E-14
698.3	0.2952E-14
724.9	0.3036E-14
752.5	0.3121E-14
781.1	0.3206E-14
810.9	0.3291E-14
841.8	0.3377E-14
873.8	0.3462E-14
907.1	0.3548E-14
941.6	0.3633E-14
977.5	0.3718E-14
1015.	0.3802E-14
1053.	0.3885E-14
1094.	0.3968E-14
1135.	0.4050E-14
1178.	0.4130E-14
1223.	0.4210E-14
1270.	0.4287E-14
1318.	0.4363E-14
1368.	0.4438E-14
1421.	0.4510E-14
1475.	0.4580E-14
1531.	0.4647E-14
1589.	0.4712E-14
1650.	0.4774E-14
1712.	0.4834E-14
1778.	0.4890E-14
1845.	0.4943E-14
1916.	0.4993E-14
1989.	0.5039E-14
2064.	0.5082E-14
2143.	0.5121E-14
2225.	0.5156E-14
2309.	0.5187E-14
2397.	0.5214E-14
2489.	0.5238E-14
2583.	0.5257E-14
2682.	0.5272E-14
2784.	0.5283E-14
2890.	0.5290E-14
3000.	0.5292E-14
 
 
C18   C2H2F4    Excitation    9.40 eV                           
E/N (Td)	Energy loss coefficient (eV m3/s)
0.1000E-02	-0.3147-173
0.1038E-02	-0.3150-173
0.1078E-02	-0.3150-173
0.1119E-02	-0.3150-173
0.1161E-02	-0.3150-173
0.1205E-02	-0.3150-173
0.1251E-02	-0.3150-173
0.1299E-02	-0.3150-173
0.1349E-02	-0.3150-173
0.1400E-02	-0.3150-173
0.1453E-02	-0.3150-173
0.1509E-02	-0.3150-173
0.1566E-02	-0.3150-173
0.1626E-02	-0.3150-173
0.1688E-02	-0.3150-173
0.1752E-02	-0.3150-173
0.1819E-02	-0.3150-173
0.1888E-02	-0.3150-173
0.1960E-02	-0.3150-173
0.2034E-02	-0.3150-173
0.2112E-02	-0.3150-173
0.2192E-02	-0.3150-173
0.2276E-02	-0.3150-173
0.2362E-02	-0.3150-173
0.2452E-02	-0.3150-173
0.2546E-02	-0.3150-173
0.2643E-02	-0.3150-173
0.2743E-02	-0.3150-173
0.2848E-02	-0.3150-173
0.2956E-02	-0.3150-173
0.3069E-02	-0.3150-173
0.3186E-02	-0.3150-173
0.3307E-02	-0.3150-173
0.3433E-02	-0.3150-173
0.3564E-02	-0.3150-173
0.3700E-02	-0.3150-173
0.3841E-02	-0.3150-173
0.3987E-02	-0.3150-173
0.4139E-02	-0.3150-173
0.4296E-02	-0.3150-173
0.4460E-02	-0.3150-173
0.4630E-02	-0.3150-173
0.4806E-02	-0.3150-173
0.4989E-02	-0.3150-173
0.5179E-02	-0.3150-173
0.5377E-02	-0.3150-173
0.5581E-02	-0.3150-173
0.5794E-02	-0.3150-173
0.6015E-02	-0.3150-173
0.6244E-02	-0.3150-173
0.6481E-02	-0.3150-173
0.6728E-02	-0.3150-173
0.6985E-02	-0.3150-173
0.7251E-02	-0.3150-173
0.7527E-02	-0.3150-173
0.7813E-02	-0.3150-173
0.8111E-02	-0.3150-173
0.8420E-02	-0.3150-173
0.8741E-02	-0.3150-173
0.9073E-02	-0.3150-173
0.9419E-02	-0.3150-173
0.9778E-02	-0.3150-173
0.1015E-01	-0.3150-173
0.1054E-01	-0.3150-173
0.1094E-01	-0.3150-173
0.1135E-01	-0.3150-173
0.1179E-01	-0.3150-173
0.1224E-01	-0.3150-173
0.1270E-01	-0.3150-173
0.1319E-01	-0.3150-173
0.1369E-01	-0.3150-173
0.1421E-01	-0.3150-173
0.1475E-01	-0.3150-173
0.1531E-01	-0.3150-173
0.1590E-01	-0.3150-173
0.1650E-01	-0.3150-173
0.1713E-01	-0.3150-173
0.1778E-01	-0.3150-173
0.1846E-01	-0.3150-173
0.1916E-01	-0.3150-173
0.1989E-01	-0.3150-173
0.2065E-01	-0.3150-173
0.2144E-01	-0.3150-173
0.2225E-01	-0.3150-173
0.2310E-01	-0.3150-173
0.2398E-01	-0.3150-173
0.2489E-01	-0.3150-173
0.2584E-01	-0.3150-173
0.2682E-01	-0.3150-173
0.2785E-01	-0.3150-173
0.2891E-01	-0.3150-173
0.3001E-01	-0.3150-173
0.3115E-01	-0.3150-173
0.3234E-01	-0.3150-173
0.3357E-01	-0.3150-173
0.3485E-01	-0.3150-173
0.3617E-01	-0.3150-173
0.3755E-01	-0.3150-173
0.3898E-01	-0.3150-173
0.4047E-01	-0.3150-173
0.4201E-01	-0.3150-173
0.4361E-01	-0.3150-173
0.4527E-01	-0.3150-173
0.4699E-01	-0.3150-173
0.4878E-01	-0.3150-173
0.5064E-01	-0.3150-173
0.5257E-01	-0.3150-173
0.5457E-01	-0.3150-173
0.5665E-01	-0.3150-173
0.5881E-01	-0.3150-173
0.6105E-01	-0.3150-173
0.6337E-01	-0.3150-173
0.6579E-01	-0.3150-173
0.6829E-01	-0.3150-173
0.7089E-01	-0.3150-173
0.7359E-01	-0.3150-173
0.7640E-01	-0.3150-173
0.7931E-01	-0.3150-173
0.8233E-01	-0.3150-173
0.8546E-01	-0.3150-173
0.8872E-01	-0.3150-173
0.9210E-01	-0.3150-173
0.9560E-01	-0.3150-173
0.9924E-01	-0.3150-173
0.1030	-0.3150-173
0.1069	-0.3150-173
0.1110	-0.3150-173
0.1152	-0.3150-173
0.1196	-0.3150-173
0.1242	-0.3150-173
0.1289	-0.3150-173
0.1338	-0.3150-173
0.1389	-0.3150-173
0.1442	-0.3150-173
0.1497	-0.3150-173
0.1554	-0.3150-173
0.1613	-0.3150-173
0.1675	-0.3150-173
0.1739	-0.3150-173
0.1805	-0.3150-173
0.1874	-0.3150-173
0.1945	-0.3150-173
0.2019	-0.3150-173
0.2096	-0.3150-173
0.2176	-0.3150-173
0.2259	-0.3150-173
0.2345	-0.3150-173
0.2434	-0.3150-173
0.2527	-0.3150-173
0.2623	-0.3150-173
0.2723	-0.3150-173
0.2826	-0.3150-173
0.2934	-0.3150-173
0.3046	-0.3150-173
0.3162	-0.3150-173
0.3282	-0.3150-173
0.3407	-0.3150-173
0.3537	-0.3150-173
0.3672	-0.3150-173
0.3812	-0.3150-173
0.3957	-0.3150-173
0.4107	-0.3150-173
0.4264	-0.3150-173
0.4426	-0.3150-173
0.4595	-0.3150-173
0.4770	-0.3150-173
0.4952	-0.3150-173
0.5140	-0.3151-173
0.5336	-0.3151-173
0.5539	-0.3151-173
0.5750	-0.3151-173
0.5969	-0.3151-173
0.6196	-0.3151-173
0.6432	-0.3151-173
0.6677	-0.3151-173
0.6932	-0.3151-173
0.7196	-0.3151-173
0.7470	-0.3151-173
0.7754	-0.3151-173
0.8050	-0.3151-173
0.8356	-0.3151-173
0.8674	-0.3151-173
0.9005	-0.3152-173
0.9348	-0.3152-173
0.9704	-0.3152-173
1.007	-0.3152-173
1.046	-0.3152-173
1.086	-0.3152-173
1.127	-0.3152-173
1.170	-0.3153-173
1.214	-0.3153-173
1.261	-0.3153-173
1.309	-0.3153-173
1.358	-0.3154-173
1.410	-0.3154-173
1.464	-0.3154-173
1.520	-0.3155-173
1.578	-0.3155-173
1.638	-0.3155-173
1.700	-0.3156-173
1.765	-0.3156-173
1.832	-0.3157-173
1.902	-0.3158-173
1.974	-0.3158-173
2.049	-0.3159-173
2.127	-0.3160-173
2.208	-0.3161-173
2.293	-0.3162-173
2.380	-0.3163-173
2.470	-0.3164-173
2.565	-0.3165-173
2.662	-0.3166-173
2.764	-0.3168-173
2.869	-0.3169-173
2.978	-0.3171-173
3.092	-0.3173-173
3.209	-0.3175-173
3.332	-0.3177-173
3.458	-0.3179-173
3.590	-0.3182-173
3.727	-0.3184-173
3.869	-0.3187-173
4.016	-0.3190-173
4.169	-0.3193-173
4.328	-0.3197-173
4.493	-0.3200-173
4.664	-0.3204-173
4.841	-0.3207-173
5.026	-0.3212-173
5.217	-0.3216-173
5.416	-0.3221-173
5.622	-0.3225-173
5.836	-0.3230-173
6.059	-0.3236-173
6.289	-0.3241-173
6.529	-0.3247-173
6.778	-0.3253-173
7.036	-0.3259-173
7.304	-0.3266-173
7.582	-0.3273-173
7.871	-0.3280-173
8.170	-0.3288-173
8.482	-0.3295-173
8.805	-0.3297-173
9.140	-0.3306-173
9.488	-0.3314-173
9.849	-0.3323-173
10.22	-0.3332-173
10.61	-0.3342-173
11.02	-0.3352-173
11.44	-0.3375-173
11.87	-0.3386-173
12.33	-0.3398-173
12.80	-0.3410-173
13.28	-0.3423-173
13.79	-0.3434-173
14.31	-0.3447-173
14.86	-0.3462-173
15.42	-0.3468-173
16.01	-0.3484-173
16.62	-0.3500-173
17.25	-0.3498-173
17.91	-0.3515-173
18.59	-0.3579-173
19.30	-0.3600-173
20.04	-0.3618-173
20.80	-0.3641-173
21.59	-0.3665-173
22.42	-0.3690-173
23.27	-0.3716-173
24.16	-0.3745-173
25.08	-0.3776-173
26.03	-0.3808-173
27.02	-0.3844-173
28.05	-0.3882-173
29.12	-0.3920-173
30.23	-0.3967-173
31.38	-0.4019-173
32.57	-0.4071-173
33.82	-0.4139-173
35.10	-0.4213-173
36.44	-0.4303-173
37.83	-0.4409-173
39.27	-0.4521-173
40.76	-0.4673-173
42.32	-0.4856-173
43.93	-0.5082-173
45.60	-0.5349-173
47.34	-0.5670-173
49.14	0.1594E-24
51.01	0.5786E-24
52.96	0.1965E-23
54.97	0.1269E-22
57.07	0.4014E-22
59.24	0.1323E-21
61.50	0.3764E-21
63.84	0.1002E-20
66.27	0.2535E-20
68.79	0.6058E-20
71.41	0.1373E-19
74.13	0.2953E-19
76.96	0.6042E-19
79.89	0.1179E-18
82.93	0.2197E-18
86.09	0.3923E-18
89.37	0.6722E-18
92.77	0.1108E-17
96.31	0.1760E-17
99.97	0.2701E-17
103.8	0.4013E-17
107.7	0.5783E-17
111.8	0.8099E-17
116.1	0.1104E-16
120.5	0.1469E-16
125.1	0.1910E-16
129.9	0.2433E-16
134.8	0.3038E-16
140.0	0.3728E-16
145.3	0.4502E-16
150.8	0.5357E-16
156.6	0.6290E-16
162.5	0.7299E-16
168.7	0.8377E-16
175.1	0.9523E-16
181.8	0.1073E-15
188.7	0.1200E-15
195.9	0.1332E-15
203.4	0.1469E-15
211.1	0.1611E-15
219.2	0.1758E-15
227.5	0.1909E-15
236.2	0.2065E-15
245.2	0.2225E-15
254.5	0.2390E-15
264.2	0.2559E-15
274.3	0.2733E-15
284.7	0.2911E-15
295.6	0.3094E-15
306.8	0.3282E-15
318.5	0.3474E-15
330.6	0.3673E-15
343.2	0.3876E-15
356.3	0.4086E-15
369.9	0.4301E-15
384.0	0.4522E-15
398.6	0.4751E-15
413.8	0.4986E-15
429.5	0.5228E-15
445.9	0.5477E-15
462.9	0.5735E-15
480.5	0.6000E-15
498.8	0.6275E-15
517.8	0.6557E-15
537.5	0.6850E-15
558.0	0.7151E-15
579.2	0.7463E-15
601.3	0.7785E-15
624.2	0.8117E-15
648.0	0.8461E-15
672.6	0.8816E-15
698.3	0.9183E-15
724.9	0.9562E-15
752.5	0.9954E-15
781.1	0.1036E-14
810.9	0.1078E-14
841.8	0.1121E-14
873.8	0.1165E-14
907.1	0.1211E-14
941.6	0.1259E-14
977.5	0.1307E-14
1015.	0.1358E-14
1053.	0.1410E-14
1094.	0.1463E-14
1135.	0.1518E-14
1178.	0.1575E-14
1223.	0.1633E-14
1270.	0.1692E-14
1318.	0.1754E-14
1368.	0.1817E-14
1421.	0.1881E-14
1475.	0.1947E-14
1531.	0.2015E-14
1589.	0.2084E-14
1650.	0.2154E-14
1712.	0.2227E-14
1778.	0.2300E-14
1845.	0.2375E-14
1916.	0.2452E-14
1989.	0.2530E-14
2064.	0.2609E-14
2143.	0.2690E-14
2225.	0.2772E-14
2309.	0.2855E-14
2397.	0.2940E-14
2489.	0.3025E-14
2583.	0.3112E-14
2682.	0.3200E-14
2784.	0.3289E-14
2890.	0.3379E-14
3000.	0.3469E-14
 
 
C19   C2H2F4    Ionization    13.20 eV                          
E/N (Td)	Energy loss coefficient (eV m3/s)
0.1000E-02	0.000
0.1038E-02	0.000
0.1078E-02	0.000
0.1119E-02	0.000
0.1161E-02	0.000
0.1205E-02	0.000
0.1251E-02	0.000
0.1299E-02	0.000
0.1349E-02	0.000
0.1400E-02	0.000
0.1453E-02	0.000
0.1509E-02	0.000
0.1566E-02	0.000
0.1626E-02	0.000
0.1688E-02	0.000
0.1752E-02	0.000
0.1819E-02	0.000
0.1888E-02	0.000
0.1960E-02	0.000
0.2034E-02	0.000
0.2112E-02	0.000
0.2192E-02	0.000
0.2276E-02	0.000
0.2362E-02	0.000
0.2452E-02	0.000
0.2546E-02	0.000
0.2643E-02	0.000
0.2743E-02	0.000
0.2848E-02	0.000
0.2956E-02	0.000
0.3069E-02	0.000
0.3186E-02	0.000
0.3307E-02	0.000
0.3433E-02	0.000
0.3564E-02	0.000
0.3700E-02	0.000
0.3841E-02	0.000
0.3987E-02	0.000
0.4139E-02	0.000
0.4296E-02	0.000
0.4460E-02	0.000
0.4630E-02	0.000
0.4806E-02	0.000
0.4989E-02	0.000
0.5179E-02	0.000
0.5377E-02	0.000
0.5581E-02	0.000
0.5794E-02	0.000
0.6015E-02	0.000
0.6244E-02	0.000
0.6481E-02	0.000
0.6728E-02	0.000
0.6985E-02	0.000
0.7251E-02	0.000
0.7527E-02	0.000
0.7813E-02	0.000
0.8111E-02	0.000
0.8420E-02	0.000
0.8741E-02	0.000
0.9073E-02	0.000
0.9419E-02	0.000
0.9778E-02	0.000
0.1015E-01	0.000
0.1054E-01	0.000
0.1094E-01	0.000
0.1135E-01	0.000
0.1179E-01	0.000
0.1224E-01	0.000
0.1270E-01	0.000
0.1319E-01	0.000
0.1369E-01	0.000
0.1421E-01	0.000
0.1475E-01	0.000
0.1531E-01	0.000
0.1590E-01	0.000
0.1650E-01	0.000
0.1713E-01	0.000
0.1778E-01	0.000
0.1846E-01	0.000
0.1916E-01	0.000
0.1989E-01	0.000
0.2065E-01	0.000
0.2144E-01	0.000
0.2225E-01	0.000
0.2310E-01	0.000
0.2398E-01	0.000
0.2489E-01	0.000
0.2584E-01	0.000
0.2682E-01	0.000
0.2785E-01	0.000
0.2891E-01	0.000
0.3001E-01	0.000
0.3115E-01	0.000
0.3234E-01	0.000
0.3357E-01	0.000
0.3485E-01	0.000
0.3617E-01	0.000
0.3755E-01	0.000
0.3898E-01	0.000
0.4047E-01	0.000
0.4201E-01	0.000
0.4361E-01	0.000
0.4527E-01	0.000
0.4699E-01	0.000
0.4878E-01	0.000
0.5064E-01	0.000
0.5257E-01	0.000
0.5457E-01	0.000
0.5665E-01	0.000
0.5881E-01	0.000
0.6105E-01	0.000
0.6337E-01	0.000
0.6579E-01	0.000
0.6829E-01	0.000
0.7089E-01	0.000
0.7359E-01	0.000
0.7640E-01	0.000
0.7931E-01	0.000
0.8233E-01	0.000
0.8546E-01	0.000
0.8872E-01	0.000
0.9210E-01	0.000
0.9560E-01	0.000
0.9924E-01	0.000
0.1030	0.000
0.1069	0.000
0.1110	0.000
0.1152	0.000
0.1196	0.000
0.1242	0.000
0.1289	0.000
0.1338	0.000
0.1389	0.000
0.1442	0.000
0.1497	0.000
0.1554	0.000
0.1613	0.000
0.1675	0.000
0.1739	0.000
0.1805	0.000
0.1874	0.000
0.1945	0.000
0.2019	0.000
0.2096	0.000
0.2176	0.000
0.2259	0.000
0.2345	0.000
0.2434	0.000
0.2527	0.000
0.2623	0.000
0.2723	0.000
0.2826	0.000
0.2934	0.000
0.3046	0.000
0.3162	0.000
0.3282	0.000
0.3407	0.000
0.3537	0.000
0.3672	0.000
0.3812	0.000
0.3957	0.000
0.4107	0.000
0.4264	0.000
0.4426	0.000
0.4595	0.000
0.4770	0.000
0.4952	0.000
0.5140	0.000
0.5336	0.000
0.5539	0.000
0.5750	0.000
0.5969	0.000
0.6196	0.000
0.6432	0.000
0.6677	0.000
0.6932	0.000
0.7196	0.000
0.7470	0.000
0.7754	0.000
0.8050	0.000
0.8356	0.000
0.8674	0.000
0.9005	0.000
0.9348	0.000
0.9704	0.000
1.007	0.000
1.046	0.000
1.086	0.000
1.127	0.000
1.170	0.000
1.214	0.000
1.261	0.000
1.309	0.000
1.358	0.000
1.410	0.000
1.464	0.000
1.520	0.000
1.578	0.000
1.638	0.000
1.700	0.000
1.765	0.000
1.832	0.000
1.902	0.000
1.974	0.000
2.049	0.000
2.127	0.000
2.208	0.000
2.293	0.000
2.380	0.000
2.470	0.000
2.565	0.000
2.662	0.000
2.764	0.000
2.869	0.000
2.978	0.000
3.092	0.000
3.209	0.000
3.332	0.000
3.458	0.000
3.590	0.000
3.727	0.000
3.869	0.000
4.016	0.000
4.169	0.000
4.328	0.000
4.493	0.000
4.664	0.000
4.841	0.000
5.026	0.000
5.217	0.000
5.416	0.000
5.622	0.000
5.836	0.000
6.059	0.000
6.289	0.000
6.529	0.000
6.778	0.000
7.036	0.000
7.304	0.000
7.582	0.000
7.871	0.000
8.170	0.000
8.482	0.000
8.805	0.000
9.140	0.000
9.488	0.000
9.849	0.000
10.22	0.000
10.61	0.000
11.02	0.000
11.44	0.000
11.87	0.000
12.33	0.000
12.80	0.000
13.28	0.000
13.79	0.000
14.31	0.000
14.86	0.000
15.42	0.000
16.01	0.000
16.62	0.000
17.25	0.000
17.91	0.000
18.59	0.000
19.30	0.000
20.04	0.000
20.80	0.000
21.59	0.000
22.42	0.000
23.27	0.000
24.16	0.000
25.08	0.000
26.03	0.000
27.02	0.000
28.05	0.000
29.12	0.000
30.23	0.000
31.38	0.000
32.57	0.000
33.82	0.000
35.10	0.000
36.44	0.000
37.83	0.000
39.27	0.000
40.76	0.000
42.32	0.000
43.93	0.000
45.60	0.000
47.34	0.000
49.14	0.000
51.01	0.000
52.96	0.000
54.97	0.000
57.07	0.000
59.24	0.7620E-24
61.50	0.2618E-23
63.84	0.7577E-22
66.27	0.2405E-21
68.79	0.8183E-21
71.41	0.2296E-20
74.13	0.6043E-20
76.96	0.1497E-19
79.89	0.3511E-19
82.93	0.7776E-19
86.09	0.1636E-18
89.37	0.3279E-18
92.77	0.6276E-18
96.31	0.1151E-17
99.97	0.2027E-17
103.8	0.3436E-17
107.7	0.5623E-17
111.8	0.8901E-17
116.1	0.1366E-16
120.5	0.2038E-16
125.1	0.2962E-16
129.9	0.4199E-16
134.8	0.5823E-16
140.0	0.7909E-16
145.3	0.1054E-15
150.8	0.1382E-15
156.6	0.1782E-15
162.5	0.2267E-15
168.7	0.2846E-15
175.1	0.3532E-15
181.8	0.4338E-15
188.7	0.5275E-15
195.9	0.6359E-15
203.4	0.7605E-15
211.1	0.9030E-15
219.2	0.1065E-14
227.5	0.1249E-14
236.2	0.1456E-14
245.2	0.1690E-14
254.5	0.1951E-14
264.2	0.2244E-14
274.3	0.2571E-14
284.7	0.2935E-14
295.6	0.3339E-14
306.8	0.3787E-14
318.5	0.4283E-14
330.6	0.4832E-14
343.2	0.5437E-14
356.3	0.6104E-14
369.9	0.6839E-14
384.0	0.7646E-14
398.6	0.8533E-14
413.8	0.9505E-14
429.5	0.1057E-13
445.9	0.1174E-13
462.9	0.1301E-13
480.5	0.1441E-13
498.8	0.1593E-13
517.8	0.1759E-13
537.5	0.1939E-13
558.0	0.2136E-13
579.2	0.2350E-13
601.3	0.2583E-13
624.2	0.2835E-13
648.0	0.3109E-13
672.6	0.3406E-13
698.3	0.3728E-13
724.9	0.4076E-13
752.5	0.4453E-13
781.1	0.4860E-13
810.9	0.5299E-13
841.8	0.5774E-13
873.8	0.6285E-13
907.1	0.6835E-13
941.6	0.7427E-13
977.5	0.8064E-13
1015.	0.8748E-13
1053.	0.9482E-13
1094.	0.1027E-12
1135.	0.1111E-12
1178.	0.1201E-12
1223.	0.1298E-12
1270.	0.1401E-12
1318.	0.1511E-12
1368.	0.1628E-12
1421.	0.1753E-12
1475.	0.1886E-12
1531.	0.2027E-12
1589.	0.2177E-12
1650.	0.2335E-12
1712.	0.2504E-12
1778.	0.2682E-12
1845.	0.2871E-12
1916.	0.3070E-12
1989.	0.3280E-12
2064.	0.3502E-12
2143.	0.3736E-12
2225.	0.3982E-12
2309.	0.4240E-12
2397.	0.4511E-12
2489.	0.4795E-12
2583.	0.5093E-12
2682.	0.5405E-12
2784.	0.5731E-12
2890.	0.6072E-12
3000.	0.6428E-12
 
 
C2H2F4                                                          
E/N (Td)	Inelastic energy loss coefficient (eV m3/s)
0.1000E-02	0.6451E-21
0.1038E-02	0.7632E-21
0.1078E-02	0.7632E-21
0.1119E-02	0.7632E-21
0.1161E-02	0.7632E-21
0.1205E-02	0.7632E-21
0.1251E-02	0.7632E-21
0.1299E-02	0.7632E-21
0.1349E-02	0.7632E-21
0.1400E-02	0.7633E-21
0.1453E-02	0.7633E-21
0.1509E-02	0.7633E-21
0.1566E-02	0.7633E-21
0.1626E-02	0.7633E-21
0.1688E-02	0.7634E-21
0.1752E-02	0.7634E-21
0.1819E-02	0.7634E-21
0.1888E-02	0.7635E-21
0.1960E-02	0.7635E-21
0.2034E-02	0.7635E-21
0.2112E-02	0.7636E-21
0.2192E-02	0.7636E-21
0.2276E-02	0.7637E-21
0.2362E-02	0.7637E-21
0.2452E-02	0.7638E-21
0.2546E-02	0.7638E-21
0.2643E-02	0.7639E-21
0.2743E-02	0.7639E-21
0.2848E-02	0.7640E-21
0.2956E-02	0.7641E-21
0.3069E-02	0.7642E-21
0.3186E-02	0.7643E-21
0.3307E-02	0.7644E-21
0.3433E-02	0.7645E-21
0.3564E-02	0.7646E-21
0.3700E-02	0.7647E-21
0.3841E-02	0.7648E-21
0.3987E-02	0.7650E-21
0.4139E-02	0.7651E-21
0.4296E-02	0.7653E-21
0.4460E-02	0.7655E-21
0.4630E-02	0.7656E-21
0.4806E-02	0.7658E-21
0.4989E-02	0.7661E-21
0.5179E-02	0.7663E-21
0.5377E-02	0.7666E-21
0.5581E-02	0.7668E-21
0.5794E-02	0.7671E-21
0.6015E-02	0.7675E-21
0.6244E-02	0.7678E-21
0.6481E-02	0.7682E-21
0.6728E-02	0.7686E-21
0.6985E-02	0.7690E-21
0.7251E-02	0.7695E-21
0.7527E-02	0.7700E-21
0.7813E-02	0.7705E-21
0.8111E-02	0.7711E-21
0.8420E-02	0.7717E-21
0.8741E-02	0.7724E-21
0.9073E-02	0.7731E-21
0.9419E-02	0.7739E-21
0.9778E-02	0.7747E-21
0.1015E-01	0.7756E-21
0.1054E-01	0.7766E-21
0.1094E-01	0.7777E-21
0.1135E-01	0.7788E-21
0.1179E-01	0.7800E-21
0.1224E-01	0.7814E-21
0.1270E-01	0.7828E-21
0.1319E-01	0.7843E-21
0.1369E-01	0.7860E-21
0.1421E-01	0.7878E-21
0.1475E-01	0.7897E-21
0.1531E-01	0.7917E-21
0.1590E-01	0.7940E-21
0.1650E-01	0.7964E-21
0.1713E-01	0.7990E-21
0.1778E-01	0.8018E-21
0.1846E-01	0.8048E-21
0.1916E-01	0.8080E-21
0.1989E-01	0.8115E-21
0.2065E-01	0.8153E-21
0.2144E-01	0.8193E-21
0.2225E-01	0.8237E-21
0.2310E-01	0.8284E-21
0.2398E-01	0.8335E-21
0.2489E-01	0.8389E-21
0.2584E-01	0.8448E-21
0.2682E-01	0.8512E-21
0.2785E-01	0.8580E-21
0.2891E-01	0.8654E-21
0.3001E-01	0.8733E-21
0.3115E-01	0.8819E-21
0.3234E-01	0.8911E-21
0.3357E-01	0.9011E-21
0.3485E-01	0.9118E-21
0.3617E-01	0.9233E-21
0.3755E-01	0.9358E-21
0.3898E-01	0.9492E-21
0.4047E-01	0.9636E-21
0.4201E-01	0.9792E-21
0.4361E-01	0.9960E-21
0.4527E-01	0.1014E-20
0.4699E-01	0.1034E-20
0.4878E-01	0.1055E-20
0.5064E-01	0.1077E-20
0.5257E-01	0.1102E-20
0.5457E-01	0.1128E-20
0.5665E-01	0.1156E-20
0.5881E-01	0.1187E-20
0.6105E-01	0.1220E-20
0.6337E-01	0.1255E-20
0.6579E-01	0.1293E-20
0.6829E-01	0.1334E-20
0.7089E-01	0.1379E-20
0.7359E-01	0.1427E-20
0.7640E-01	0.1478E-20
0.7931E-01	0.1534E-20
0.8233E-01	0.1593E-20
0.8546E-01	0.1658E-20
0.8872E-01	0.1727E-20
0.9210E-01	0.1802E-20
0.9560E-01	0.1883E-20
0.9924E-01	0.1970E-20
0.1030	0.2063E-20
0.1069	0.2164E-20
0.1110	0.2273E-20
0.1152	0.2390E-20
0.1196	0.2516E-20
0.1242	0.2653E-20
0.1289	0.2799E-20
0.1338	0.2957E-20
0.1389	0.3128E-20
0.1442	0.3311E-20
0.1497	0.3509E-20
0.1554	0.3722E-20
0.1613	0.3952E-20
0.1675	0.4199E-20
0.1739	0.4466E-20
0.1805	0.4753E-20
0.1874	0.5063E-20
0.1945	0.5397E-20
0.2019	0.5756E-20
0.2096	0.6144E-20
0.2176	0.6561E-20
0.2259	0.7011E-20
0.2345	0.7496E-20
0.2434	0.8019E-20
0.2527	0.8582E-20
0.2623	0.9188E-20
0.2723	0.9842E-20
0.2826	0.1055E-19
0.2934	0.1131E-19
0.3046	0.1212E-19
0.3162	0.1301E-19
0.3282	0.1395E-19
0.3407	0.1498E-19
0.3537	0.1608E-19
0.3672	0.1727E-19
0.3812	0.1855E-19
0.3957	0.1993E-19
0.4107	0.2142E-19
0.4264	0.2302E-19
0.4426	0.2474E-19
0.4595	0.2660E-19
0.4770	0.2861E-19
0.4952	0.3076E-19
0.5140	0.3309E-19
0.5336	0.3560E-19
0.5539	0.3830E-19
0.5750	0.4120E-19
0.5969	0.4434E-19
0.6196	0.4771E-19
0.6432	0.5135E-19
0.6677	0.5527E-19
0.6932	0.5949E-19
0.7196	0.6404E-19
0.7470	0.6894E-19
0.7754	0.7421E-19
0.8050	0.7989E-19
0.8356	0.8602E-19
0.8674	0.9261E-19
0.9005	0.9971E-19
0.9348	0.1074E-18
0.9704	0.1156E-18
1.007	0.1245E-18
1.046	0.1340E-18
1.086	0.1443E-18
1.127	0.1554E-18
1.170	0.1673E-18
1.214	0.1802E-18
1.261	0.1940E-18
1.309	0.2089E-18
1.358	0.2249E-18
1.410	0.2422E-18
1.464	0.2608E-18
1.520	0.2808E-18
1.578	0.3024E-18
1.638	0.3256E-18
1.700	0.3506E-18
1.765	0.3776E-18
1.832	0.4065E-18
1.902	0.4378E-18
1.974	0.4714E-18
2.049	0.5076E-18
2.127	0.5467E-18
2.208	0.5887E-18
2.293	0.6340E-18
2.380	0.6828E-18
2.470	0.7355E-18
2.565	0.7922E-18
2.662	0.8533E-18
2.764	0.9192E-18
2.869	0.9903E-18
2.978	0.1067E-17
3.092	0.1150E-17
3.209	0.1239E-17
3.332	0.1335E-17
3.458	0.1439E-17
3.590	0.1552E-17
3.727	0.1673E-17
3.869	0.1804E-17
4.016	0.1946E-17
4.169	0.2099E-17
4.328	0.2264E-17
4.493	0.2443E-17
4.664	0.2637E-17
4.841	0.2846E-17
5.026	0.3073E-17
5.217	0.3318E-17
5.416	0.3584E-17
5.622	0.3871E-17
5.836	0.4183E-17
6.059	0.4521E-17
6.289	0.4886E-17
6.529	0.5283E-17
6.778	0.5713E-17
7.036	0.6180E-17
7.304	0.6687E-17
7.582	0.7236E-17
7.871	0.7833E-17
8.170	0.8482E-17
8.482	0.9187E-17
8.805	0.9912E-17
9.140	0.1074E-16
9.488	0.1164E-16
9.849	0.1262E-16
10.22	0.1369E-16
10.61	0.1485E-16
11.02	0.1612E-16
11.44	0.1764E-16
11.87	0.1916E-16
12.33	0.2082E-16
12.80	0.2263E-16
13.28	0.2461E-16
13.79	0.2671E-16
14.31	0.2906E-16
14.86	0.3164E-16
15.42	0.3431E-16
16.01	0.3739E-16
16.62	0.4076E-16
17.25	0.4411E-16
17.91	0.4813E-16
18.59	0.5372E-16
19.30	0.5871E-16
20.04	0.6440E-16
20.80	0.7048E-16
21.59	0.7718E-16
22.42	0.8447E-16
23.27	0.9266E-16
24.16	0.1018E-15
25.08	0.1119E-15
26.03	0.1232E-15
27.02	0.1358E-15
28.05	0.1498E-15
29.12	0.1661E-15
30.23	0.1840E-15
31.38	0.2042E-15
32.57	0.2311E-15
33.82	0.2577E-15
35.10	0.2853E-15
36.44	0.3203E-15
37.83	0.3609E-15
39.27	0.4126E-15
40.76	0.4687E-15
42.32	0.5347E-15
43.93	0.6105E-15
45.60	0.7022E-15
47.34	0.8106E-15
49.14	0.1026E-14
51.01	0.1184E-14
52.96	0.1366E-14
54.97	0.1572E-14
57.07	0.1808E-14
59.24	0.2067E-14
61.50	0.2357E-14
63.84	0.2666E-14
66.27	0.3002E-14
68.79	0.3352E-14
71.41	0.3721E-14
74.13	0.4101E-14
76.96	0.4489E-14
79.89	0.4880E-14
82.93	0.5278E-14
86.09	0.5678E-14
89.37	0.6080E-14
92.77	0.6484E-14
96.31	0.6893E-14
99.97	0.7305E-14
103.8	0.7727E-14
107.7	0.8159E-14
111.8	0.8606E-14
116.1	0.9070E-14
120.5	0.9555E-14
125.1	0.1007E-13
129.9	0.1061E-13
134.8	0.1118E-13
140.0	0.1180E-13
145.3	0.1246E-13
150.8	0.1316E-13
156.6	0.1392E-13
162.5	0.1474E-13
168.7	0.1562E-13
175.1	0.1656E-13
181.8	0.1758E-13
188.7	0.1867E-13
195.9	0.1985E-13
203.4	0.2111E-13
211.1	0.2246E-13
219.2	0.2391E-13
227.5	0.2547E-13
236.2	0.2714E-13
245.2	0.2894E-13
254.5	0.3085E-13
264.2	0.3291E-13
274.3	0.3511E-13
284.7	0.3746E-13
295.6	0.3998E-13
306.8	0.4267E-13
318.5	0.4555E-13
330.6	0.4863E-13
343.2	0.5192E-13
356.3	0.5543E-13
369.9	0.5918E-13
384.0	0.6319E-13
398.6	0.6746E-13
413.8	0.7203E-13
429.5	0.7689E-13
445.9	0.8209E-13
462.9	0.8762E-13
480.5	0.9352E-13
498.8	0.9981E-13
517.8	0.1065E-12
537.5	0.1136E-12
558.0	0.1212E-12
579.2	0.1293E-12
601.3	0.1379E-12
624.2	0.1470E-12
648.0	0.1568E-12
672.6	0.1671E-12
698.3	0.1780E-12
724.9	0.1897E-12
752.5	0.2020E-12
781.1	0.2151E-12
810.9	0.2289E-12
841.8	0.2436E-12
873.8	0.2592E-12
907.1	0.2756E-12
941.6	0.2930E-12
977.5	0.3113E-12
1015.	0.3307E-12
1053.	0.3512E-12
1094.	0.3728E-12
1135.	0.3955E-12
1178.	0.4194E-12
1223.	0.4446E-12
1270.	0.4710E-12
1318.	0.4988E-12
1368.	0.5280E-12
1421.	0.5586E-12
1475.	0.5907E-12
1531.	0.6242E-12
1589.	0.6593E-12
1650.	0.6961E-12
1712.	0.7344E-12
1778.	0.7744E-12
1845.	0.8161E-12
1916.	0.8596E-12
1989.	0.9049E-12
2064.	0.9520E-12
2143.	0.1001E-11
2225.	0.1052E-11
2309.	0.1105E-11
2397.	0.1159E-11
2489.	0.1216E-11
2583.	0.1275E-11
2682.	0.1335E-11
2784.	0.1398E-11
2890.	0.1463E-11
3000.	0.1530E-11
 
 
