BOLSIG+ version: 03/2016
Collision input data:
--------------------------------------------------
C3H8                                                            
collisions.txt
 
 
 
Angular frequency / N (m3/s)               0.000    
Cosine of E-B field angle                  0.000    
Gas temperature (K)                        300.0    
Excitation temperature (K)                 300.0    
Transition energy (eV)                     0.000    
Ionization degree                          0.000    
Plasma density (1/m3)                     0.1000E+19
Ion charge parameter                       1.000    
Ion/neutral mass ratio                     1.000    
e-e momentum effects                       1.000    
Energy sharing                             1.000    
Growth model                               1.000    
Maxwellian mean energy (eV)                0.000    
# of grid points                           200.0    
Precision                                 0.1000E-09
Convergence                               0.1000E-03
Maximum # of iterations                    5000.    
Mole fraction C3H8                         1.000    
 
 
E/N (Td)    	Electric field / N (Td)                                         
0.1000E-02	0.1000E-02
0.1038E-02	0.1038E-02
0.1078E-02	0.1078E-02
0.1119E-02	0.1119E-02
0.1161E-02	0.1161E-02
0.1205E-02	0.1205E-02
0.1251E-02	0.1251E-02
0.1299E-02	0.1299E-02
0.1349E-02	0.1349E-02
0.1400E-02	0.1400E-02
0.1453E-02	0.1453E-02
0.1509E-02	0.1509E-02
0.1566E-02	0.1566E-02
0.1626E-02	0.1626E-02
0.1688E-02	0.1688E-02
0.1752E-02	0.1752E-02
0.1819E-02	0.1819E-02
0.1888E-02	0.1888E-02
0.1960E-02	0.1960E-02
0.2034E-02	0.2034E-02
0.2112E-02	0.2112E-02
0.2192E-02	0.2192E-02
0.2276E-02	0.2276E-02
0.2362E-02	0.2362E-02
0.2452E-02	0.2452E-02
0.2546E-02	0.2546E-02
0.2643E-02	0.2643E-02
0.2743E-02	0.2743E-02
0.2848E-02	0.2848E-02
0.2956E-02	0.2956E-02
0.3069E-02	0.3069E-02
0.3186E-02	0.3186E-02
0.3307E-02	0.3307E-02
0.3433E-02	0.3433E-02
0.3564E-02	0.3564E-02
0.3700E-02	0.3700E-02
0.3841E-02	0.3841E-02
0.3987E-02	0.3987E-02
0.4139E-02	0.4139E-02
0.4296E-02	0.4296E-02
0.4460E-02	0.4460E-02
0.4630E-02	0.4630E-02
0.4806E-02	0.4806E-02
0.4989E-02	0.4989E-02
0.5179E-02	0.5179E-02
0.5377E-02	0.5377E-02
0.5581E-02	0.5581E-02
0.5794E-02	0.5794E-02
0.6015E-02	0.6015E-02
0.6244E-02	0.6244E-02
0.6481E-02	0.6481E-02
0.6728E-02	0.6728E-02
0.6985E-02	0.6985E-02
0.7251E-02	0.7251E-02
0.7527E-02	0.7527E-02
0.7813E-02	0.7813E-02
0.8111E-02	0.8111E-02
0.8420E-02	0.8420E-02
0.8741E-02	0.8741E-02
0.9073E-02	0.9073E-02
0.9419E-02	0.9419E-02
0.9778E-02	0.9778E-02
0.1015E-01	0.1015E-01
0.1054E-01	0.1054E-01
0.1094E-01	0.1094E-01
0.1135E-01	0.1135E-01
0.1179E-01	0.1179E-01
0.1224E-01	0.1224E-01
0.1270E-01	0.1270E-01
0.1319E-01	0.1319E-01
0.1369E-01	0.1369E-01
0.1421E-01	0.1421E-01
0.1475E-01	0.1475E-01
0.1531E-01	0.1531E-01
0.1590E-01	0.1590E-01
0.1650E-01	0.1650E-01
0.1713E-01	0.1713E-01
0.1778E-01	0.1778E-01
0.1846E-01	0.1846E-01
0.1916E-01	0.1916E-01
0.1989E-01	0.1989E-01
0.2065E-01	0.2065E-01
0.2144E-01	0.2144E-01
0.2225E-01	0.2225E-01
0.2310E-01	0.2310E-01
0.2398E-01	0.2398E-01
0.2489E-01	0.2489E-01
0.2584E-01	0.2584E-01
0.2682E-01	0.2682E-01
0.2785E-01	0.2785E-01
0.2891E-01	0.2891E-01
0.3001E-01	0.3001E-01
0.3115E-01	0.3115E-01
0.3234E-01	0.3234E-01
0.3357E-01	0.3357E-01
0.3485E-01	0.3485E-01
0.3617E-01	0.3617E-01
0.3755E-01	0.3755E-01
0.3898E-01	0.3898E-01
0.4047E-01	0.4047E-01
0.4201E-01	0.4201E-01
0.4361E-01	0.4361E-01
0.4527E-01	0.4527E-01
0.4699E-01	0.4699E-01
0.4878E-01	0.4878E-01
0.5064E-01	0.5064E-01
0.5257E-01	0.5257E-01
0.5457E-01	0.5457E-01
0.5665E-01	0.5665E-01
0.5881E-01	0.5881E-01
0.6105E-01	0.6105E-01
0.6337E-01	0.6337E-01
0.6579E-01	0.6579E-01
0.6829E-01	0.6829E-01
0.7089E-01	0.7089E-01
0.7359E-01	0.7359E-01
0.7640E-01	0.7640E-01
0.7931E-01	0.7931E-01
0.8233E-01	0.8233E-01
0.8546E-01	0.8546E-01
0.8872E-01	0.8872E-01
0.9210E-01	0.9210E-01
0.9560E-01	0.9560E-01
0.9924E-01	0.9924E-01
0.1030	0.1030
0.1069	0.1069
0.1110	0.1110
0.1152	0.1152
0.1196	0.1196
0.1242	0.1242
0.1289	0.1289
0.1338	0.1338
0.1389	0.1389
0.1442	0.1442
0.1497	0.1497
0.1554	0.1554
0.1613	0.1613
0.1675	0.1675
0.1739	0.1739
0.1805	0.1805
0.1874	0.1874
0.1945	0.1945
0.2019	0.2019
0.2096	0.2096
0.2176	0.2176
0.2259	0.2259
0.2345	0.2345
0.2434	0.2434
0.2527	0.2527
0.2623	0.2623
0.2723	0.2723
0.2826	0.2826
0.2934	0.2934
0.3046	0.3046
0.3162	0.3162
0.3282	0.3282
0.3407	0.3407
0.3537	0.3537
0.3672	0.3672
0.3812	0.3812
0.3957	0.3957
0.4107	0.4107
0.4264	0.4264
0.4426	0.4426
0.4595	0.4595
0.4770	0.4770
0.4952	0.4952
0.5140	0.5140
0.5336	0.5336
0.5539	0.5539
0.5750	0.5750
0.5969	0.5969
0.6196	0.6196
0.6432	0.6432
0.6677	0.6677
0.6932	0.6932
0.7196	0.7196
0.7470	0.7470
0.7754	0.7754
0.8050	0.8050
0.8356	0.8356
0.8674	0.8674
0.9005	0.9005
0.9348	0.9348
0.9704	0.9704
1.007	1.007
1.046	1.046
1.086	1.086
1.127	1.127
1.170	1.170
1.214	1.214
1.261	1.261
1.309	1.309
1.358	1.358
1.410	1.410
1.464	1.464
1.520	1.520
1.578	1.578
1.638	1.638
1.700	1.700
1.765	1.765
1.832	1.832
1.902	1.902
1.974	1.974
2.049	2.049
2.127	2.127
2.208	2.208
2.293	2.293
2.380	2.380
2.470	2.470
2.565	2.565
2.662	2.662
2.764	2.764
2.869	2.869
2.978	2.978
3.092	3.092
3.209	3.209
3.332	3.332
3.458	3.458
3.590	3.590
3.727	3.727
3.869	3.869
4.016	4.016
4.169	4.169
4.328	4.328
4.493	4.493
4.664	4.664
4.841	4.841
5.026	5.026
5.217	5.217
5.416	5.416
5.622	5.622
5.836	5.836
6.059	6.059
6.289	6.289
6.529	6.529
6.778	6.778
7.036	7.036
7.304	7.304
7.582	7.582
7.871	7.871
8.170	8.170
8.482	8.482
8.805	8.805
9.140	9.140
9.488	9.488
9.849	9.849
10.22	10.22
10.61	10.61
11.02	11.02
11.44	11.44
11.87	11.87
12.33	12.33
12.80	12.80
13.28	13.28
13.79	13.79
14.31	14.31
14.86	14.86
15.42	15.42
16.01	16.01
16.62	16.62
17.25	17.25
17.91	17.91
18.59	18.59
19.30	19.30
20.04	20.04
20.80	20.80
21.59	21.59
22.42	22.42
23.27	23.27
24.16	24.16
25.08	25.08
26.03	26.03
27.02	27.02
28.05	28.05
29.12	29.12
30.23	30.23
31.38	31.38
32.57	32.57
33.82	33.82
35.10	35.10
36.44	36.44
37.83	37.83
39.27	39.27
40.76	40.76
42.32	42.32
43.93	43.93
45.60	45.60
47.34	47.34
49.14	49.14
51.01	51.01
52.96	52.96
54.97	54.97
57.07	57.07
59.24	59.24
61.50	61.50
63.84	63.84
66.27	66.27
68.79	68.79
71.41	71.41
74.13	74.13
76.96	76.96
79.89	79.89
82.93	82.93
86.09	86.09
89.37	89.37
92.77	92.77
96.31	96.31
99.97	99.97
103.8	103.8
107.7	107.7
111.8	111.8
116.1	116.1
120.5	120.5
125.1	125.1
129.9	129.9
134.8	134.8
140.0	140.0
145.3	145.3
150.8	150.8
156.6	156.6
162.5	162.5
168.7	168.7
175.1	175.1
181.8	181.8
188.7	188.7
195.9	195.9
203.4	203.4
211.1	211.1
219.2	219.2
227.5	227.5
236.2	236.2
245.2	245.2
254.5	254.5
264.2	264.2
274.3	274.3
284.7	284.7
295.6	295.6
306.8	306.8
318.5	318.5
330.6	330.6
343.2	343.2
356.3	356.3
369.9	369.9
384.0	384.0
398.6	398.6
413.8	413.8
429.5	429.5
445.9	445.9
462.9	462.9
480.5	480.5
498.8	498.8
517.8	517.8
537.5	537.5
558.0	558.0
579.2	579.2
601.3	601.3
624.2	624.2
648.0	648.0
672.6	672.6
698.3	698.3
724.9	724.9
752.5	752.5
781.1	781.1
810.9	810.9
841.8	841.8
873.8	873.8
907.1	907.1
941.6	941.6
977.5	977.5
1015.	1015.
1053.	1053.
1094.	1094.
1135.	1135.
1178.	1178.
1223.	1223.
1270.	1270.
1318.	1318.
1368.	1368.
1421.	1421.
1475.	1475.
1531.	1531.
1589.	1589.
1650.	1650.
1712.	1712.
1778.	1778.
1845.	1845.
1916.	1916.
1989.	1989.
2064.	2064.
2143.	2143.
2225.	2225.
2309.	2309.
2397.	2397.
2489.	2489.
2583.	2583.
2682.	2682.
2784.	2784.
2890.	2890.
3000.	3000.
 
 
E/N (Td)    	Grid type                                                       
0.1000E-02	2.000
0.1038E-02	3.000
0.1078E-02	3.000
0.1119E-02	3.000
0.1161E-02	3.000
0.1205E-02	3.000
0.1251E-02	3.000
0.1299E-02	3.000
0.1349E-02	3.000
0.1400E-02	3.000
0.1453E-02	3.000
0.1509E-02	3.000
0.1566E-02	3.000
0.1626E-02	3.000
0.1688E-02	3.000
0.1752E-02	3.000
0.1819E-02	3.000
0.1888E-02	3.000
0.1960E-02	3.000
0.2034E-02	3.000
0.2112E-02	3.000
0.2192E-02	3.000
0.2276E-02	3.000
0.2362E-02	3.000
0.2452E-02	3.000
0.2546E-02	3.000
0.2643E-02	3.000
0.2743E-02	3.000
0.2848E-02	3.000
0.2956E-02	3.000
0.3069E-02	3.000
0.3186E-02	3.000
0.3307E-02	3.000
0.3433E-02	3.000
0.3564E-02	3.000
0.3700E-02	3.000
0.3841E-02	3.000
0.3987E-02	3.000
0.4139E-02	3.000
0.4296E-02	3.000
0.4460E-02	3.000
0.4630E-02	3.000
0.4806E-02	3.000
0.4989E-02	3.000
0.5179E-02	3.000
0.5377E-02	3.000
0.5581E-02	3.000
0.5794E-02	3.000
0.6015E-02	3.000
0.6244E-02	3.000
0.6481E-02	3.000
0.6728E-02	3.000
0.6985E-02	3.000
0.7251E-02	3.000
0.7527E-02	3.000
0.7813E-02	3.000
0.8111E-02	3.000
0.8420E-02	3.000
0.8741E-02	3.000
0.9073E-02	3.000
0.9419E-02	3.000
0.9778E-02	3.000
0.1015E-01	3.000
0.1054E-01	3.000
0.1094E-01	3.000
0.1135E-01	3.000
0.1179E-01	3.000
0.1224E-01	3.000
0.1270E-01	3.000
0.1319E-01	3.000
0.1369E-01	3.000
0.1421E-01	3.000
0.1475E-01	3.000
0.1531E-01	3.000
0.1590E-01	3.000
0.1650E-01	3.000
0.1713E-01	3.000
0.1778E-01	3.000
0.1846E-01	3.000
0.1916E-01	3.000
0.1989E-01	3.000
0.2065E-01	3.000
0.2144E-01	3.000
0.2225E-01	3.000
0.2310E-01	3.000
0.2398E-01	3.000
0.2489E-01	3.000
0.2584E-01	3.000
0.2682E-01	3.000
0.2785E-01	3.000
0.2891E-01	3.000
0.3001E-01	3.000
0.3115E-01	3.000
0.3234E-01	3.000
0.3357E-01	3.000
0.3485E-01	3.000
0.3617E-01	3.000
0.3755E-01	3.000
0.3898E-01	3.000
0.4047E-01	3.000
0.4201E-01	3.000
0.4361E-01	3.000
0.4527E-01	3.000
0.4699E-01	3.000
0.4878E-01	3.000
0.5064E-01	3.000
0.5257E-01	3.000
0.5457E-01	3.000
0.5665E-01	3.000
0.5881E-01	3.000
0.6105E-01	3.000
0.6337E-01	3.000
0.6579E-01	3.000
0.6829E-01	3.000
0.7089E-01	3.000
0.7359E-01	3.000
0.7640E-01	3.000
0.7931E-01	3.000
0.8233E-01	3.000
0.8546E-01	3.000
0.8872E-01	3.000
0.9210E-01	3.000
0.9560E-01	3.000
0.9924E-01	3.000
0.1030	3.000
0.1069	3.000
0.1110	3.000
0.1152	3.000
0.1196	3.000
0.1242	3.000
0.1289	3.000
0.1338	3.000
0.1389	3.000
0.1442	3.000
0.1497	3.000
0.1554	3.000
0.1613	3.000
0.1675	3.000
0.1739	3.000
0.1805	3.000
0.1874	3.000
0.1945	3.000
0.2019	3.000
0.2096	3.000
0.2176	3.000
0.2259	3.000
0.2345	3.000
0.2434	3.000
0.2527	3.000
0.2623	3.000
0.2723	3.000
0.2826	3.000
0.2934	3.000
0.3046	3.000
0.3162	3.000
0.3282	3.000
0.3407	3.000
0.3537	3.000
0.3672	3.000
0.3812	3.000
0.3957	3.000
0.4107	3.000
0.4264	3.000
0.4426	3.000
0.4595	3.000
0.4770	3.000
0.4952	3.000
0.5140	3.000
0.5336	3.000
0.5539	3.000
0.5750	3.000
0.5969	3.000
0.6196	3.000
0.6432	3.000
0.6677	3.000
0.6932	3.000
0.7196	3.000
0.7470	3.000
0.7754	3.000
0.8050	3.000
0.8356	3.000
0.8674	3.000
0.9005	3.000
0.9348	3.000
0.9704	3.000
1.007	3.000
1.046	3.000
1.086	3.000
1.127	3.000
1.170	3.000
1.214	3.000
1.261	3.000
1.309	3.000
1.358	3.000
1.410	3.000
1.464	3.000
1.520	3.000
1.578	3.000
1.638	3.000
1.700	3.000
1.765	3.000
1.832	3.000
1.902	3.000
1.974	3.000
2.049	3.000
2.127	3.000
2.208	3.000
2.293	3.000
2.380	3.000
2.470	3.000
2.565	3.000
2.662	3.000
2.764	3.000
2.869	3.000
2.978	3.000
3.092	3.000
3.209	3.000
3.332	3.000
3.458	3.000
3.590	3.000
3.727	3.000
3.869	3.000
4.016	3.000
4.169	3.000
4.328	3.000
4.493	3.000
4.664	3.000
4.841	3.000
5.026	3.000
5.217	3.000
5.416	3.000
5.622	3.000
5.836	3.000
6.059	3.000
6.289	3.000
6.529	3.000
6.778	3.000
7.036	3.000
7.304	3.000
7.582	3.000
7.871	3.000
8.170	3.000
8.482	3.000
8.805	3.000
9.140	3.000
9.488	3.000
9.849	3.000
10.22	3.000
10.61	3.000
11.02	3.000
11.44	3.000
11.87	3.000
12.33	3.000
12.80	3.000
13.28	3.000
13.79	3.000
14.31	3.000
14.86	3.000
15.42	3.000
16.01	3.000
16.62	3.000
17.25	3.000
17.91	3.000
18.59	3.000
19.30	3.000
20.04	3.000
20.80	3.000
21.59	3.000
22.42	3.000
23.27	3.000
24.16	3.000
25.08	3.000
26.03	3.000
27.02	3.000
28.05	3.000
29.12	3.000
30.23	3.000
31.38	3.000
32.57	3.000
33.82	3.000
35.10	3.000
36.44	3.000
37.83	3.000
39.27	3.000
40.76	3.000
42.32	3.000
43.93	3.000
45.60	3.000
47.34	3.000
49.14	3.000
51.01	3.000
52.96	3.000
54.97	3.000
57.07	3.000
59.24	3.000
61.50	3.000
63.84	3.000
66.27	3.000
68.79	3.000
71.41	3.000
74.13	3.000
76.96	3.000
79.89	3.000
82.93	3.000
86.09	3.000
89.37	3.000
92.77	3.000
96.31	3.000
99.97	3.000
103.8	3.000
107.7	3.000
111.8	3.000
116.1	3.000
120.5	3.000
125.1	3.000
129.9	3.000
134.8	3.000
140.0	3.000
145.3	3.000
150.8	3.000
156.6	3.000
162.5	3.000
168.7	3.000
175.1	3.000
181.8	3.000
188.7	3.000
195.9	3.000
203.4	3.000
211.1	3.000
219.2	3.000
227.5	3.000
236.2	3.000
245.2	3.000
254.5	3.000
264.2	3.000
274.3	3.000
284.7	3.000
295.6	3.000
306.8	3.000
318.5	3.000
330.6	3.000
343.2	3.000
356.3	3.000
369.9	3.000
384.0	3.000
398.6	3.000
413.8	3.000
429.5	3.000
445.9	3.000
462.9	3.000
480.5	3.000
498.8	3.000
517.8	3.000
537.5	3.000
558.0	3.000
579.2	3.000
601.3	3.000
624.2	3.000
648.0	3.000
672.6	3.000
698.3	3.000
724.9	3.000
752.5	3.000
781.1	3.000
810.9	3.000
841.8	3.000
873.8	3.000
907.1	3.000
941.6	3.000
977.5	3.000
1015.	3.000
1053.	3.000
1094.	3.000
1135.	3.000
1178.	3.000
1223.	3.000
1270.	3.000
1318.	3.000
1368.	3.000
1421.	3.000
1475.	3.000
1531.	3.000
1589.	3.000
1650.	3.000
1712.	3.000
1778.	3.000
1845.	3.000
1916.	3.000
1989.	3.000
2064.	3.000
2143.	3.000
2225.	3.000
2309.	3.000
2397.	3.000
2489.	3.000
2583.	3.000
2682.	3.000
2784.	3.000
2890.	3.000
3000.	3.000
 
 
E/N (Td)    	Maximum energy                                                  
0.1000E-02	2000.
0.1038E-02	0.7078
0.1078E-02	0.7078
0.1119E-02	0.7078
0.1161E-02	0.7078
0.1205E-02	0.7078
0.1251E-02	0.7078
0.1299E-02	0.7078
0.1349E-02	0.7078
0.1400E-02	0.7078
0.1453E-02	0.7078
0.1509E-02	0.7078
0.1566E-02	0.7078
0.1626E-02	0.7078
0.1688E-02	0.7078
0.1752E-02	0.7078
0.1819E-02	0.7078
0.1888E-02	0.7078
0.1960E-02	0.7078
0.2034E-02	0.7078
0.2112E-02	0.7078
0.2192E-02	0.7078
0.2276E-02	0.7078
0.2362E-02	0.7078
0.2452E-02	0.7078
0.2546E-02	0.7078
0.2643E-02	0.7078
0.2743E-02	0.7078
0.2848E-02	0.7078
0.2956E-02	0.7078
0.3069E-02	0.7078
0.3186E-02	0.7078
0.3307E-02	0.7078
0.3433E-02	0.7078
0.3564E-02	0.7078
0.3700E-02	0.7078
0.3841E-02	0.7078
0.3987E-02	0.7078
0.4139E-02	0.7078
0.4296E-02	0.7078
0.4460E-02	0.7078
0.4630E-02	0.7078
0.4806E-02	0.7078
0.4989E-02	0.7078
0.5179E-02	0.7078
0.5377E-02	0.7078
0.5581E-02	0.7078
0.5794E-02	0.7078
0.6015E-02	0.7078
0.6244E-02	0.7078
0.6481E-02	0.7078
0.6728E-02	0.7078
0.6985E-02	0.7078
0.7251E-02	0.7078
0.7527E-02	0.7078
0.7813E-02	0.7078
0.8111E-02	0.7078
0.8420E-02	0.7078
0.8741E-02	0.7078
0.9073E-02	0.7078
0.9419E-02	0.7078
0.9778E-02	0.7078
0.1015E-01	0.7078
0.1054E-01	0.7078
0.1094E-01	0.7078
0.1135E-01	0.7078
0.1179E-01	0.7078
0.1224E-01	0.7078
0.1270E-01	0.7078
0.1319E-01	0.7078
0.1369E-01	0.7078
0.1421E-01	0.7078
0.1475E-01	0.7078
0.1531E-01	0.7078
0.1590E-01	0.7078
0.1650E-01	0.7078
0.1713E-01	0.7078
0.1778E-01	0.7078
0.1846E-01	0.7078
0.1916E-01	0.7078
0.1989E-01	0.7078
0.2065E-01	0.7078
0.2144E-01	0.7078
0.2225E-01	0.7078
0.2310E-01	0.7078
0.2398E-01	0.7078
0.2489E-01	0.7078
0.2584E-01	0.7078
0.2682E-01	0.7078
0.2785E-01	0.7078
0.2891E-01	0.7078
0.3001E-01	0.7078
0.3115E-01	0.7078
0.3234E-01	0.7078
0.3357E-01	0.7078
0.3485E-01	0.7078
0.3617E-01	0.7078
0.3755E-01	0.7078
0.3898E-01	0.7078
0.4047E-01	0.7078
0.4201E-01	0.7078
0.4361E-01	0.7078
0.4527E-01	0.7078
0.4699E-01	0.7078
0.4878E-01	0.7078
0.5064E-01	0.7078
0.5257E-01	0.7078
0.5457E-01	0.7078
0.5665E-01	0.7078
0.5881E-01	0.7078
0.6105E-01	0.7078
0.6337E-01	0.7078
0.6579E-01	0.7078
0.6829E-01	0.7078
0.7089E-01	0.7078
0.7359E-01	0.7078
0.7640E-01	0.7078
0.7931E-01	0.7078
0.8233E-01	0.7078
0.8546E-01	0.7078
0.8872E-01	0.7078
0.9210E-01	0.7078
0.9560E-01	0.7078
0.9924E-01	0.7078
0.1030	0.7078
0.1069	0.7078
0.1110	0.7078
0.1152	0.7078
0.1196	0.7078
0.1242	0.7078
0.1289	0.7078
0.1338	0.7078
0.1389	0.7078
0.1442	0.7078
0.1497	0.7078
0.1554	0.7078
0.1613	0.7078
0.1675	0.7078
0.1739	0.7078
0.1805	0.7078
0.1874	0.7078
0.1945	0.7078
0.2019	0.7078
0.2096	0.7078
0.2176	0.7078
0.2259	0.7078
0.2345	0.7078
0.2434	0.7078
0.2527	0.7078
0.2623	0.7078
0.2723	0.7078
0.2826	0.7078
0.2934	0.7078
0.3046	0.7078
0.3162	0.7078
0.3282	0.7078
0.3407	0.7078
0.3537	0.7078
0.3672	0.7078
0.3812	0.7078
0.3957	0.7078
0.4107	0.7078
0.4264	0.7078
0.4426	0.7078
0.4595	0.7078
0.4770	0.7078
0.4952	0.7078
0.5140	0.7078
0.5336	0.7078
0.5539	0.7078
0.5750	0.7078
0.5969	0.7078
0.6196	0.7078
0.6432	0.7078
0.6677	0.7078
0.6932	0.7078
0.7196	0.7078
0.7470	0.7078
0.7754	0.7078
0.8050	0.7078
0.8356	0.7078
0.8674	0.7078
0.9005	0.7078
0.9348	0.7078
0.9704	0.7078
1.007	0.8430
1.046	0.8430
1.086	0.8430
1.127	0.8430
1.170	0.8430
1.214	0.8430
1.261	0.8430
1.309	0.8430
1.358	0.8430
1.410	0.8430
1.464	0.8430
1.520	0.8430
1.578	0.8430
1.638	0.8430
1.700	1.004
1.765	1.004
1.832	1.004
1.902	1.004
1.974	1.004
2.049	1.004
2.127	1.004
2.208	1.004
2.293	1.196
2.380	1.196
2.470	1.196
2.565	1.196
2.662	1.196
2.764	1.196
2.869	1.424
2.978	1.424
3.092	1.424
3.209	1.424
3.332	1.424
3.458	1.424
3.590	1.696
3.727	1.696
3.869	1.696
4.016	1.696
4.169	1.696
4.328	1.696
4.493	2.020
4.664	2.020
4.841	2.020
5.026	2.020
5.217	2.020
5.416	2.406
5.622	2.406
5.836	2.406
6.059	2.406
6.289	2.406
6.529	2.866
6.778	2.866
7.036	2.866
7.304	2.866
7.582	2.866
7.871	3.413
8.170	3.413
8.482	3.413
8.805	3.413
9.140	3.413
9.488	4.065
9.849	4.065
10.22	4.065
10.61	4.065
11.02	4.065
11.44	4.065
11.87	4.841
12.33	4.841
12.80	4.841
13.28	4.841
13.79	4.841
14.31	5.766
14.86	5.766
15.42	5.766
16.01	5.766
16.62	5.766
17.25	6.867
17.91	6.867
18.59	6.867
19.30	6.867
20.04	6.867
20.80	6.867
21.59	8.179
22.42	8.179
23.27	8.179
24.16	8.179
25.08	8.179
26.03	9.741
27.02	9.741
28.05	9.741
29.12	9.741
30.23	9.741
31.38	9.741
32.57	11.60
33.82	11.60
35.10	11.60
36.44	11.60
37.83	11.60
39.27	11.60
40.76	13.80
42.32	13.80
43.93	13.80
45.60	13.80
47.34	13.80
49.14	13.80
51.01	13.80
52.96	16.41
54.97	16.41
57.07	16.41
59.24	16.41
61.50	16.41
63.84	16.41
66.27	19.48
68.79	19.48
71.41	19.48
74.13	19.48
76.96	19.48
79.89	19.48
82.93	19.48
86.09	19.48
89.37	23.12
92.77	23.12
96.31	23.12
99.97	23.12
103.8	23.12
107.7	23.12
111.8	23.12
116.1	27.42
120.5	27.42
125.1	27.42
129.9	27.42
134.8	27.42
140.0	27.42
145.3	32.50
150.8	32.50
156.6	32.50
162.5	32.50
168.7	32.50
175.1	32.50
181.8	32.50
188.7	38.50
195.9	38.50
203.4	38.50
211.1	38.50
219.2	38.50
227.5	45.60
236.2	45.60
245.2	45.60
254.5	45.60
264.2	45.60
274.3	54.00
284.7	54.00
295.6	54.00
306.8	54.00
318.5	54.00
330.6	63.92
343.2	63.92
356.3	63.92
369.9	63.92
384.0	75.65
398.6	75.65
413.8	75.65
429.5	75.65
445.9	89.51
462.9	89.51
480.5	89.51
498.8	105.9
517.8	105.9
537.5	105.9
558.0	105.9
579.2	125.3
601.3	125.3
624.2	125.3
648.0	148.2
672.6	148.2
698.3	148.2
724.9	175.2
752.5	175.2
781.1	175.2
810.9	207.2
841.8	207.2
873.8	245.0
907.1	245.0
941.6	245.0
977.5	289.7
1015.	289.7
1053.	289.7
1094.	342.6
1135.	342.6
1178.	405.1
1223.	405.1
1270.	405.1
1318.	478.9
1368.	478.9
1421.	478.9
1475.	566.2
1531.	566.2
1589.	566.2
1650.	669.4
1712.	669.4
1778.	669.4
1845.	791.3
1916.	791.3
1989.	791.3
2064.	791.3
2143.	935.5
2225.	935.5
2309.	935.5
2397.	935.5
2489.	1106.
2583.	1106.
2682.	1106.
2784.	1106.
2890.	1307.
3000.	1307.
 
 
E/N (Td)	Mean energy (eV)
0.1000E-02	0.3878E-01
0.1038E-02	0.3878E-01
0.1078E-02	0.3878E-01
0.1119E-02	0.3878E-01
0.1161E-02	0.3878E-01
0.1205E-02	0.3878E-01
0.1251E-02	0.3878E-01
0.1299E-02	0.3878E-01
0.1349E-02	0.3878E-01
0.1400E-02	0.3878E-01
0.1453E-02	0.3878E-01
0.1509E-02	0.3878E-01
0.1566E-02	0.3878E-01
0.1626E-02	0.3878E-01
0.1688E-02	0.3879E-01
0.1752E-02	0.3879E-01
0.1819E-02	0.3879E-01
0.1888E-02	0.3879E-01
0.1960E-02	0.3879E-01
0.2034E-02	0.3879E-01
0.2112E-02	0.3879E-01
0.2192E-02	0.3879E-01
0.2276E-02	0.3879E-01
0.2362E-02	0.3879E-01
0.2452E-02	0.3879E-01
0.2546E-02	0.3879E-01
0.2643E-02	0.3879E-01
0.2743E-02	0.3880E-01
0.2848E-02	0.3880E-01
0.2956E-02	0.3880E-01
0.3069E-02	0.3880E-01
0.3186E-02	0.3880E-01
0.3307E-02	0.3880E-01
0.3433E-02	0.3880E-01
0.3564E-02	0.3881E-01
0.3700E-02	0.3881E-01
0.3841E-02	0.3881E-01
0.3987E-02	0.3881E-01
0.4139E-02	0.3882E-01
0.4296E-02	0.3882E-01
0.4460E-02	0.3882E-01
0.4630E-02	0.3882E-01
0.4806E-02	0.3883E-01
0.4989E-02	0.3883E-01
0.5179E-02	0.3883E-01
0.5377E-02	0.3884E-01
0.5581E-02	0.3884E-01
0.5794E-02	0.3885E-01
0.6015E-02	0.3885E-01
0.6244E-02	0.3886E-01
0.6481E-02	0.3886E-01
0.6728E-02	0.3887E-01
0.6985E-02	0.3888E-01
0.7251E-02	0.3888E-01
0.7527E-02	0.3889E-01
0.7813E-02	0.3890E-01
0.8111E-02	0.3890E-01
0.8420E-02	0.3891E-01
0.8741E-02	0.3892E-01
0.9073E-02	0.3893E-01
0.9419E-02	0.3894E-01
0.9778E-02	0.3895E-01
0.1015E-01	0.3896E-01
0.1054E-01	0.3897E-01
0.1094E-01	0.3898E-01
0.1135E-01	0.3899E-01
0.1179E-01	0.3900E-01
0.1224E-01	0.3902E-01
0.1270E-01	0.3903E-01
0.1319E-01	0.3904E-01
0.1369E-01	0.3905E-01
0.1421E-01	0.3907E-01
0.1475E-01	0.3908E-01
0.1531E-01	0.3909E-01
0.1590E-01	0.3911E-01
0.1650E-01	0.3912E-01
0.1713E-01	0.3913E-01
0.1778E-01	0.3915E-01
0.1846E-01	0.3916E-01
0.1916E-01	0.3918E-01
0.1989E-01	0.3919E-01
0.2065E-01	0.3920E-01
0.2144E-01	0.3921E-01
0.2225E-01	0.3923E-01
0.2310E-01	0.3924E-01
0.2398E-01	0.3925E-01
0.2489E-01	0.3926E-01
0.2584E-01	0.3927E-01
0.2682E-01	0.3928E-01
0.2785E-01	0.3930E-01
0.2891E-01	0.3931E-01
0.3001E-01	0.3932E-01
0.3115E-01	0.3933E-01
0.3234E-01	0.3934E-01
0.3357E-01	0.3935E-01
0.3485E-01	0.3935E-01
0.3617E-01	0.3936E-01
0.3755E-01	0.3937E-01
0.3898E-01	0.3938E-01
0.4047E-01	0.3939E-01
0.4201E-01	0.3941E-01
0.4361E-01	0.3942E-01
0.4527E-01	0.3943E-01
0.4699E-01	0.3944E-01
0.4878E-01	0.3945E-01
0.5064E-01	0.3947E-01
0.5257E-01	0.3948E-01
0.5457E-01	0.3950E-01
0.5665E-01	0.3952E-01
0.5881E-01	0.3954E-01
0.6105E-01	0.3956E-01
0.6337E-01	0.3958E-01
0.6579E-01	0.3960E-01
0.6829E-01	0.3962E-01
0.7089E-01	0.3965E-01
0.7359E-01	0.3968E-01
0.7640E-01	0.3971E-01
0.7931E-01	0.3974E-01
0.8233E-01	0.3978E-01
0.8546E-01	0.3982E-01
0.8872E-01	0.3986E-01
0.9210E-01	0.3990E-01
0.9560E-01	0.3994E-01
0.9924E-01	0.3999E-01
0.1030	0.4004E-01
0.1069	0.4010E-01
0.1110	0.4016E-01
0.1152	0.4022E-01
0.1196	0.4029E-01
0.1242	0.4036E-01
0.1289	0.4044E-01
0.1338	0.4052E-01
0.1389	0.4060E-01
0.1442	0.4069E-01
0.1497	0.4079E-01
0.1554	0.4089E-01
0.1613	0.4099E-01
0.1675	0.4111E-01
0.1739	0.4123E-01
0.1805	0.4135E-01
0.1874	0.4149E-01
0.1945	0.4163E-01
0.2019	0.4178E-01
0.2096	0.4194E-01
0.2176	0.4210E-01
0.2259	0.4228E-01
0.2345	0.4246E-01
0.2434	0.4266E-01
0.2527	0.4286E-01
0.2623	0.4308E-01
0.2723	0.4330E-01
0.2826	0.4354E-01
0.2934	0.4379E-01
0.3046	0.4405E-01
0.3162	0.4433E-01
0.3282	0.4462E-01
0.3407	0.4492E-01
0.3537	0.4524E-01
0.3672	0.4557E-01
0.3812	0.4592E-01
0.3957	0.4629E-01
0.4107	0.4667E-01
0.4264	0.4707E-01
0.4426	0.4749E-01
0.4595	0.4793E-01
0.4770	0.4839E-01
0.4952	0.4888E-01
0.5140	0.4938E-01
0.5336	0.4990E-01
0.5539	0.5045E-01
0.5750	0.5103E-01
0.5969	0.5163E-01
0.6196	0.5226E-01
0.6432	0.5291E-01
0.6677	0.5360E-01
0.6932	0.5431E-01
0.7196	0.5506E-01
0.7470	0.5584E-01
0.7754	0.5665E-01
0.8050	0.5750E-01
0.8356	0.5839E-01
0.8674	0.5932E-01
0.9005	0.6028E-01
0.9348	0.6129E-01
0.9704	0.6234E-01
1.007	0.6344E-01
1.046	0.6459E-01
1.086	0.6578E-01
1.127	0.6703E-01
1.170	0.6833E-01
1.214	0.6969E-01
1.261	0.7110E-01
1.309	0.7258E-01
1.358	0.7411E-01
1.410	0.7572E-01
1.464	0.7739E-01
1.520	0.7913E-01
1.578	0.8094E-01
1.638	0.8283E-01
1.700	0.8480E-01
1.765	0.8685E-01
1.832	0.8898E-01
1.902	0.9120E-01
1.974	0.9350E-01
2.049	0.9590E-01
2.127	0.9840E-01
2.208	0.1010
2.293	0.1037
2.380	0.1065
2.470	0.1094
2.565	0.1124
2.662	0.1155
2.764	0.1187
2.869	0.1220
2.978	0.1254
3.092	0.1290
3.209	0.1327
3.332	0.1364
3.458	0.1403
3.590	0.1443
3.727	0.1485
3.869	0.1527
4.016	0.1571
4.169	0.1616
4.328	0.1663
4.493	0.1711
4.664	0.1760
4.841	0.1811
5.026	0.1863
5.217	0.1918
5.416	0.1973
5.622	0.2031
5.836	0.2091
6.059	0.2153
6.289	0.2217
6.529	0.2283
6.778	0.2352
7.036	0.2424
7.304	0.2498
7.582	0.2576
7.871	0.2658
8.170	0.2742
8.482	0.2831
8.805	0.2924
9.140	0.3021
9.488	0.3124
9.849	0.3231
10.22	0.3344
10.61	0.3463
11.02	0.3589
11.44	0.3721
11.87	0.3861
12.33	0.4009
12.80	0.4166
13.28	0.4332
13.79	0.4507
14.31	0.4694
14.86	0.4891
15.42	0.5100
16.01	0.5322
16.62	0.5557
17.25	0.5806
17.91	0.6070
18.59	0.6349
19.30	0.6644
20.04	0.6956
20.80	0.7285
21.59	0.7632
22.42	0.7997
23.27	0.8381
24.16	0.8784
25.08	0.9207
26.03	0.9650
27.02	1.011
28.05	1.060
29.12	1.110
30.23	1.162
31.38	1.217
32.57	1.274
33.82	1.332
35.10	1.393
36.44	1.456
37.83	1.521
39.27	1.588
40.76	1.656
42.32	1.727
43.93	1.799
45.60	1.872
47.34	1.946
49.14	2.021
51.01	2.096
52.96	2.171
54.97	2.246
57.07	2.320
59.24	2.393
61.50	2.465
63.84	2.535
66.27	2.604
68.79	2.670
71.41	2.736
74.13	2.799
76.96	2.861
79.89	2.921
82.93	2.979
86.09	3.036
89.37	3.092
92.77	3.147
96.31	3.200
99.97	3.253
103.8	3.305
107.7	3.357
111.8	3.408
116.1	3.459
120.5	3.509
125.1	3.560
129.9	3.611
134.8	3.662
140.0	3.713
145.3	3.764
150.8	3.816
156.6	3.868
162.5	3.921
168.7	3.974
175.1	4.029
181.8	4.084
188.7	4.139
195.9	4.196
203.4	4.254
211.1	4.313
219.2	4.373
227.5	4.434
236.2	4.496
245.2	4.559
254.5	4.624
264.2	4.691
274.3	4.758
284.7	4.828
295.6	4.899
306.8	4.972
318.5	5.046
330.6	5.123
343.2	5.201
356.3	5.282
369.9	5.364
384.0	5.449
398.6	5.536
413.8	5.626
429.5	5.719
445.9	5.814
462.9	5.912
480.5	6.014
498.8	6.118
517.8	6.226
537.5	6.337
558.0	6.452
579.2	6.572
601.3	6.695
624.2	6.823
648.0	6.955
672.6	7.093
698.3	7.236
724.9	7.384
752.5	7.539
781.1	7.700
810.9	7.868
841.8	8.042
873.8	8.225
907.1	8.416
941.6	8.616
977.5	8.825
1015.	9.043
1053.	9.272
1094.	9.513
1135.	9.766
1178.	10.03
1223.	10.31
1270.	10.60
1318.	10.91
1368.	11.23
1421.	11.57
1475.	11.93
1531.	12.30
1589.	12.69
1650.	13.10
1712.	13.53
1778.	13.98
1845.	14.46
1916.	14.95
1989.	15.47
2064.	16.01
2143.	16.58
2225.	17.17
2309.	17.78
2397.	18.42
2489.	19.09
2583.	19.79
2682.	20.52
2784.	21.27
2890.	22.06
3000.	22.88
 
 
E/N (Td)	Mobility *N (1/m/V/s)
0.1000E-02	0.1672E+26
0.1038E-02	0.1672E+26
0.1078E-02	0.1672E+26
0.1119E-02	0.1672E+26
0.1161E-02	0.1672E+26
0.1205E-02	0.1672E+26
0.1251E-02	0.1672E+26
0.1299E-02	0.1672E+26
0.1349E-02	0.1672E+26
0.1400E-02	0.1672E+26
0.1453E-02	0.1672E+26
0.1509E-02	0.1672E+26
0.1566E-02	0.1672E+26
0.1626E-02	0.1672E+26
0.1688E-02	0.1672E+26
0.1752E-02	0.1672E+26
0.1819E-02	0.1672E+26
0.1888E-02	0.1672E+26
0.1960E-02	0.1672E+26
0.2034E-02	0.1672E+26
0.2112E-02	0.1672E+26
0.2192E-02	0.1672E+26
0.2276E-02	0.1672E+26
0.2362E-02	0.1672E+26
0.2452E-02	0.1672E+26
0.2546E-02	0.1672E+26
0.2643E-02	0.1672E+26
0.2743E-02	0.1672E+26
0.2848E-02	0.1672E+26
0.2956E-02	0.1673E+26
0.3069E-02	0.1673E+26
0.3186E-02	0.1673E+26
0.3307E-02	0.1673E+26
0.3433E-02	0.1673E+26
0.3564E-02	0.1673E+26
0.3700E-02	0.1673E+26
0.3841E-02	0.1673E+26
0.3987E-02	0.1673E+26
0.4139E-02	0.1673E+26
0.4296E-02	0.1673E+26
0.4460E-02	0.1673E+26
0.4630E-02	0.1673E+26
0.4806E-02	0.1673E+26
0.4989E-02	0.1674E+26
0.5179E-02	0.1674E+26
0.5377E-02	0.1674E+26
0.5581E-02	0.1674E+26
0.5794E-02	0.1674E+26
0.6015E-02	0.1674E+26
0.6244E-02	0.1674E+26
0.6481E-02	0.1675E+26
0.6728E-02	0.1675E+26
0.6985E-02	0.1675E+26
0.7251E-02	0.1675E+26
0.7527E-02	0.1675E+26
0.7813E-02	0.1675E+26
0.8111E-02	0.1676E+26
0.8420E-02	0.1676E+26
0.8741E-02	0.1676E+26
0.9073E-02	0.1676E+26
0.9419E-02	0.1677E+26
0.9778E-02	0.1677E+26
0.1015E-01	0.1677E+26
0.1054E-01	0.1678E+26
0.1094E-01	0.1678E+26
0.1135E-01	0.1678E+26
0.1179E-01	0.1679E+26
0.1224E-01	0.1679E+26
0.1270E-01	0.1679E+26
0.1319E-01	0.1680E+26
0.1369E-01	0.1680E+26
0.1421E-01	0.1680E+26
0.1475E-01	0.1681E+26
0.1531E-01	0.1681E+26
0.1590E-01	0.1682E+26
0.1650E-01	0.1682E+26
0.1713E-01	0.1682E+26
0.1778E-01	0.1683E+26
0.1846E-01	0.1683E+26
0.1916E-01	0.1683E+26
0.1989E-01	0.1684E+26
0.2065E-01	0.1684E+26
0.2144E-01	0.1684E+26
0.2225E-01	0.1685E+26
0.2310E-01	0.1685E+26
0.2398E-01	0.1685E+26
0.2489E-01	0.1685E+26
0.2584E-01	0.1685E+26
0.2682E-01	0.1686E+26
0.2785E-01	0.1686E+26
0.2891E-01	0.1686E+26
0.3001E-01	0.1686E+26
0.3115E-01	0.1686E+26
0.3234E-01	0.1686E+26
0.3357E-01	0.1687E+26
0.3485E-01	0.1687E+26
0.3617E-01	0.1687E+26
0.3755E-01	0.1687E+26
0.3898E-01	0.1687E+26
0.4047E-01	0.1687E+26
0.4201E-01	0.1687E+26
0.4361E-01	0.1687E+26
0.4527E-01	0.1687E+26
0.4699E-01	0.1688E+26
0.4878E-01	0.1688E+26
0.5064E-01	0.1688E+26
0.5257E-01	0.1688E+26
0.5457E-01	0.1688E+26
0.5665E-01	0.1689E+26
0.5881E-01	0.1689E+26
0.6105E-01	0.1689E+26
0.6337E-01	0.1690E+26
0.6579E-01	0.1690E+26
0.6829E-01	0.1690E+26
0.7089E-01	0.1691E+26
0.7359E-01	0.1691E+26
0.7640E-01	0.1692E+26
0.7931E-01	0.1692E+26
0.8233E-01	0.1693E+26
0.8546E-01	0.1694E+26
0.8872E-01	0.1694E+26
0.9210E-01	0.1695E+26
0.9560E-01	0.1696E+26
0.9924E-01	0.1697E+26
0.1030	0.1698E+26
0.1069	0.1699E+26
0.1110	0.1700E+26
0.1152	0.1701E+26
0.1196	0.1702E+26
0.1242	0.1704E+26
0.1289	0.1705E+26
0.1338	0.1707E+26
0.1389	0.1708E+26
0.1442	0.1710E+26
0.1497	0.1711E+26
0.1554	0.1713E+26
0.1613	0.1715E+26
0.1675	0.1717E+26
0.1739	0.1719E+26
0.1805	0.1721E+26
0.1874	0.1724E+26
0.1945	0.1726E+26
0.2019	0.1728E+26
0.2096	0.1731E+26
0.2176	0.1734E+26
0.2259	0.1736E+26
0.2345	0.1739E+26
0.2434	0.1742E+26
0.2527	0.1745E+26
0.2623	0.1748E+26
0.2723	0.1751E+26
0.2826	0.1754E+26
0.2934	0.1758E+26
0.3046	0.1761E+26
0.3162	0.1764E+26
0.3282	0.1768E+26
0.3407	0.1771E+26
0.3537	0.1775E+26
0.3672	0.1778E+26
0.3812	0.1782E+26
0.3957	0.1785E+26
0.4107	0.1788E+26
0.4264	0.1792E+26
0.4426	0.1795E+26
0.4595	0.1798E+26
0.4770	0.1801E+26
0.4952	0.1804E+26
0.5140	0.1807E+26
0.5336	0.1810E+26
0.5539	0.1812E+26
0.5750	0.1814E+26
0.5969	0.1816E+26
0.6196	0.1818E+26
0.6432	0.1819E+26
0.6677	0.1820E+26
0.6932	0.1821E+26
0.7196	0.1821E+26
0.7470	0.1821E+26
0.7754	0.1820E+26
0.8050	0.1819E+26
0.8356	0.1818E+26
0.8674	0.1815E+26
0.9005	0.1813E+26
0.9348	0.1809E+26
0.9704	0.1805E+26
1.007	0.1800E+26
1.046	0.1794E+26
1.086	0.1788E+26
1.127	0.1781E+26
1.170	0.1772E+26
1.214	0.1764E+26
1.261	0.1754E+26
1.309	0.1743E+26
1.358	0.1731E+26
1.410	0.1719E+26
1.464	0.1705E+26
1.520	0.1690E+26
1.578	0.1675E+26
1.638	0.1658E+26
1.700	0.1641E+26
1.765	0.1622E+26
1.832	0.1603E+26
1.902	0.1582E+26
1.974	0.1561E+26
2.049	0.1539E+26
2.127	0.1516E+26
2.208	0.1493E+26
2.293	0.1468E+26
2.380	0.1443E+26
2.470	0.1417E+26
2.565	0.1391E+26
2.662	0.1364E+26
2.764	0.1336E+26
2.869	0.1308E+26
2.978	0.1281E+26
3.092	0.1253E+26
3.209	0.1224E+26
3.332	0.1196E+26
3.458	0.1168E+26
3.590	0.1140E+26
3.727	0.1112E+26
3.869	0.1084E+26
4.016	0.1057E+26
4.169	0.1030E+26
4.328	0.1003E+26
4.493	0.9762E+25
4.664	0.9501E+25
4.841	0.9245E+25
5.026	0.8993E+25
5.217	0.8748E+25
5.416	0.8505E+25
5.622	0.8266E+25
5.836	0.8033E+25
6.059	0.7804E+25
6.289	0.7579E+25
6.529	0.7360E+25
6.778	0.7146E+25
7.036	0.6936E+25
7.304	0.6731E+25
7.582	0.6531E+25
7.871	0.6335E+25
8.170	0.6143E+25
8.482	0.5956E+25
8.805	0.5773E+25
9.140	0.5593E+25
9.488	0.5418E+25
9.849	0.5247E+25
10.22	0.5079E+25
10.61	0.4916E+25
11.02	0.4756E+25
11.44	0.4599E+25
11.87	0.4447E+25
12.33	0.4297E+25
12.80	0.4151E+25
13.28	0.4009E+25
13.79	0.3870E+25
14.31	0.3734E+25
14.86	0.3602E+25
15.42	0.3473E+25
16.01	0.3347E+25
16.62	0.3224E+25
17.25	0.3104E+25
17.91	0.2988E+25
18.59	0.2875E+25
19.30	0.2765E+25
20.04	0.2659E+25
20.80	0.2555E+25
21.59	0.2455E+25
22.42	0.2358E+25
23.27	0.2265E+25
24.16	0.2175E+25
25.08	0.2088E+25
26.03	0.2004E+25
27.02	0.1923E+25
28.05	0.1846E+25
29.12	0.1771E+25
30.23	0.1700E+25
31.38	0.1632E+25
32.57	0.1567E+25
33.82	0.1504E+25
35.10	0.1445E+25
36.44	0.1388E+25
37.83	0.1333E+25
39.27	0.1282E+25
40.76	0.1233E+25
42.32	0.1186E+25
43.93	0.1142E+25
45.60	0.1100E+25
47.34	0.1061E+25
49.14	0.1024E+25
51.01	0.9890E+24
52.96	0.9565E+24
54.97	0.9261E+24
57.07	0.8979E+24
59.24	0.8716E+24
61.50	0.8473E+24
63.84	0.8247E+24
66.27	0.8039E+24
68.79	0.7847E+24
71.41	0.7669E+24
74.13	0.7504E+24
76.96	0.7352E+24
79.89	0.7211E+24
82.93	0.7081E+24
86.09	0.6959E+24
89.37	0.6846E+24
92.77	0.6740E+24
96.31	0.6641E+24
99.97	0.6547E+24
103.8	0.6460E+24
107.7	0.6377E+24
111.8	0.6299E+24
116.1	0.6225E+24
120.5	0.6154E+24
125.1	0.6088E+24
129.9	0.6024E+24
134.8	0.5963E+24
140.0	0.5905E+24
145.3	0.5849E+24
150.8	0.5796E+24
156.6	0.5745E+24
162.5	0.5696E+24
168.7	0.5649E+24
175.1	0.5605E+24
181.8	0.5562E+24
188.7	0.5520E+24
195.9	0.5481E+24
203.4	0.5443E+24
211.1	0.5407E+24
219.2	0.5373E+24
227.5	0.5340E+24
236.2	0.5308E+24
245.2	0.5278E+24
254.5	0.5250E+24
264.2	0.5222E+24
274.3	0.5197E+24
284.7	0.5173E+24
295.6	0.5150E+24
306.8	0.5128E+24
318.5	0.5108E+24
330.6	0.5089E+24
343.2	0.5072E+24
356.3	0.5056E+24
369.9	0.5041E+24
384.0	0.5027E+24
398.6	0.5015E+24
413.8	0.5004E+24
429.5	0.4995E+24
445.9	0.4986E+24
462.9	0.4980E+24
480.5	0.4974E+24
498.8	0.4970E+24
517.8	0.4967E+24
537.5	0.4966E+24
558.0	0.4966E+24
579.2	0.4967E+24
601.3	0.4970E+24
624.2	0.4976E+24
648.0	0.4981E+24
672.6	0.4988E+24
698.3	0.4997E+24
724.9	0.5007E+24
752.5	0.5019E+24
781.1	0.5032E+24
810.9	0.5046E+24
841.8	0.5062E+24
873.8	0.5079E+24
907.1	0.5098E+24
941.6	0.5118E+24
977.5	0.5139E+24
1015.	0.5161E+24
1053.	0.5184E+24
1094.	0.5208E+24
1135.	0.5233E+24
1178.	0.5258E+24
1223.	0.5283E+24
1270.	0.5308E+24
1318.	0.5333E+24
1368.	0.5357E+24
1421.	0.5383E+24
1475.	0.5405E+24
1531.	0.5427E+24
1589.	0.5446E+24
1650.	0.5463E+24
1712.	0.5479E+24
1778.	0.5493E+24
1845.	0.5503E+24
1916.	0.5510E+24
1989.	0.5514E+24
2064.	0.5515E+24
2143.	0.5512E+24
2225.	0.5506E+24
2309.	0.5495E+24
2397.	0.5482E+24
2489.	0.5465E+24
2583.	0.5444E+24
2682.	0.5420E+24
2784.	0.5393E+24
2890.	0.5362E+24
3000.	0.5328E+24
 
 
E/N (Td)	Diffusion coefficient *N (1/m/s)
0.1000E-02	0.4324E+24
0.1038E-02	0.4329E+24
0.1078E-02	0.4329E+24
0.1119E-02	0.4330E+24
0.1161E-02	0.4330E+24
0.1205E-02	0.4330E+24
0.1251E-02	0.4330E+24
0.1299E-02	0.4330E+24
0.1349E-02	0.4330E+24
0.1400E-02	0.4330E+24
0.1453E-02	0.4330E+24
0.1509E-02	0.4330E+24
0.1566E-02	0.4330E+24
0.1626E-02	0.4330E+24
0.1688E-02	0.4330E+24
0.1752E-02	0.4330E+24
0.1819E-02	0.4330E+24
0.1888E-02	0.4330E+24
0.1960E-02	0.4330E+24
0.2034E-02	0.4331E+24
0.2112E-02	0.4331E+24
0.2192E-02	0.4331E+24
0.2276E-02	0.4331E+24
0.2362E-02	0.4331E+24
0.2452E-02	0.4331E+24
0.2546E-02	0.4331E+24
0.2643E-02	0.4332E+24
0.2743E-02	0.4332E+24
0.2848E-02	0.4332E+24
0.2956E-02	0.4332E+24
0.3069E-02	0.4332E+24
0.3186E-02	0.4333E+24
0.3307E-02	0.4333E+24
0.3433E-02	0.4333E+24
0.3564E-02	0.4334E+24
0.3700E-02	0.4334E+24
0.3841E-02	0.4334E+24
0.3987E-02	0.4335E+24
0.4139E-02	0.4335E+24
0.4296E-02	0.4336E+24
0.4460E-02	0.4336E+24
0.4630E-02	0.4337E+24
0.4806E-02	0.4337E+24
0.4989E-02	0.4338E+24
0.5179E-02	0.4338E+24
0.5377E-02	0.4339E+24
0.5581E-02	0.4340E+24
0.5794E-02	0.4340E+24
0.6015E-02	0.4341E+24
0.6244E-02	0.4342E+24
0.6481E-02	0.4343E+24
0.6728E-02	0.4344E+24
0.6985E-02	0.4345E+24
0.7251E-02	0.4346E+24
0.7527E-02	0.4347E+24
0.7813E-02	0.4349E+24
0.8111E-02	0.4350E+24
0.8420E-02	0.4351E+24
0.8741E-02	0.4353E+24
0.9073E-02	0.4354E+24
0.9419E-02	0.4356E+24
0.9778E-02	0.4358E+24
0.1015E-01	0.4359E+24
0.1054E-01	0.4361E+24
0.1094E-01	0.4363E+24
0.1135E-01	0.4365E+24
0.1179E-01	0.4367E+24
0.1224E-01	0.4369E+24
0.1270E-01	0.4372E+24
0.1319E-01	0.4374E+24
0.1369E-01	0.4376E+24
0.1421E-01	0.4379E+24
0.1475E-01	0.4381E+24
0.1531E-01	0.4384E+24
0.1590E-01	0.4386E+24
0.1650E-01	0.4389E+24
0.1713E-01	0.4391E+24
0.1778E-01	0.4394E+24
0.1846E-01	0.4397E+24
0.1916E-01	0.4399E+24
0.1989E-01	0.4402E+24
0.2065E-01	0.4404E+24
0.2144E-01	0.4407E+24
0.2225E-01	0.4410E+24
0.2310E-01	0.4412E+24
0.2398E-01	0.4415E+24
0.2489E-01	0.4417E+24
0.2584E-01	0.4420E+24
0.2682E-01	0.4422E+24
0.2785E-01	0.4424E+24
0.2891E-01	0.4427E+24
0.3001E-01	0.4429E+24
0.3115E-01	0.4431E+24
0.3234E-01	0.4433E+24
0.3357E-01	0.4435E+24
0.3485E-01	0.4438E+24
0.3617E-01	0.4440E+24
0.3755E-01	0.4442E+24
0.3898E-01	0.4444E+24
0.4047E-01	0.4446E+24
0.4201E-01	0.4448E+24
0.4361E-01	0.4451E+24
0.4527E-01	0.4453E+24
0.4699E-01	0.4455E+24
0.4878E-01	0.4458E+24
0.5064E-01	0.4460E+24
0.5257E-01	0.4463E+24
0.5457E-01	0.4466E+24
0.5665E-01	0.4469E+24
0.5881E-01	0.4472E+24
0.6105E-01	0.4475E+24
0.6337E-01	0.4478E+24
0.6579E-01	0.4482E+24
0.6829E-01	0.4486E+24
0.7089E-01	0.4490E+24
0.7359E-01	0.4494E+24
0.7640E-01	0.4499E+24
0.7931E-01	0.4504E+24
0.8233E-01	0.4509E+24
0.8546E-01	0.4514E+24
0.8872E-01	0.4520E+24
0.9210E-01	0.4526E+24
0.9560E-01	0.4533E+24
0.9924E-01	0.4540E+24
0.1030	0.4548E+24
0.1069	0.4556E+24
0.1110	0.4564E+24
0.1152	0.4573E+24
0.1196	0.4583E+24
0.1242	0.4593E+24
0.1289	0.4604E+24
0.1338	0.4616E+24
0.1389	0.4628E+24
0.1442	0.4641E+24
0.1497	0.4655E+24
0.1554	0.4669E+24
0.1613	0.4685E+24
0.1675	0.4701E+24
0.1739	0.4719E+24
0.1805	0.4737E+24
0.1874	0.4757E+24
0.1945	0.4777E+24
0.2019	0.4799E+24
0.2096	0.4822E+24
0.2176	0.4846E+24
0.2259	0.4872E+24
0.2345	0.4899E+24
0.2434	0.4927E+24
0.2527	0.4957E+24
0.2623	0.4989E+24
0.2723	0.5022E+24
0.2826	0.5057E+24
0.2934	0.5093E+24
0.3046	0.5132E+24
0.3162	0.5172E+24
0.3282	0.5214E+24
0.3407	0.5259E+24
0.3537	0.5305E+24
0.3672	0.5354E+24
0.3812	0.5405E+24
0.3957	0.5458E+24
0.4107	0.5513E+24
0.4264	0.5571E+24
0.4426	0.5632E+24
0.4595	0.5695E+24
0.4770	0.5760E+24
0.4952	0.5829E+24
0.5140	0.5900E+24
0.5336	0.5974E+24
0.5539	0.6051E+24
0.5750	0.6131E+24
0.5969	0.6214E+24
0.6196	0.6300E+24
0.6432	0.6389E+24
0.6677	0.6481E+24
0.6932	0.6577E+24
0.7196	0.6675E+24
0.7470	0.6777E+24
0.7754	0.6882E+24
0.8050	0.6991E+24
0.8356	0.7102E+24
0.8674	0.7217E+24
0.9005	0.7336E+24
0.9348	0.7457E+24
0.9704	0.7583E+24
1.007	0.7711E+24
1.046	0.7841E+24
1.086	0.7975E+24
1.127	0.8111E+24
1.170	0.8251E+24
1.214	0.8392E+24
1.261	0.8537E+24
1.309	0.8683E+24
1.358	0.8832E+24
1.410	0.8982E+24
1.464	0.9135E+24
1.520	0.9288E+24
1.578	0.9443E+24
1.638	0.9601E+24
1.700	0.9757E+24
1.765	0.9913E+24
1.832	0.1007E+25
1.902	0.1023E+25
1.974	0.1038E+25
2.049	0.1054E+25
2.127	0.1069E+25
2.208	0.1085E+25
2.293	0.1100E+25
2.380	0.1115E+25
2.470	0.1129E+25
2.565	0.1143E+25
2.662	0.1157E+25
2.764	0.1170E+25
2.869	0.1183E+25
2.978	0.1195E+25
3.092	0.1207E+25
3.209	0.1219E+25
3.332	0.1230E+25
3.458	0.1241E+25
3.590	0.1251E+25
3.727	0.1261E+25
3.869	0.1271E+25
4.016	0.1280E+25
4.169	0.1288E+25
4.328	0.1296E+25
4.493	0.1303E+25
4.664	0.1310E+25
4.841	0.1317E+25
5.026	0.1323E+25
5.217	0.1330E+25
5.416	0.1336E+25
5.622	0.1341E+25
5.836	0.1346E+25
6.059	0.1350E+25
6.289	0.1353E+25
6.529	0.1357E+25
6.778	0.1361E+25
7.036	0.1364E+25
7.304	0.1367E+25
7.582	0.1370E+25
7.871	0.1373E+25
8.170	0.1375E+25
8.482	0.1378E+25
8.805	0.1380E+25
9.140	0.1382E+25
9.488	0.1384E+25
9.849	0.1386E+25
10.22	0.1387E+25
10.61	0.1389E+25
11.02	0.1391E+25
11.44	0.1393E+25
11.87	0.1395E+25
12.33	0.1397E+25
12.80	0.1399E+25
13.28	0.1401E+25
13.79	0.1403E+25
14.31	0.1406E+25
14.86	0.1409E+25
15.42	0.1412E+25
16.01	0.1415E+25
16.62	0.1419E+25
17.25	0.1423E+25
17.91	0.1427E+25
18.59	0.1431E+25
19.30	0.1436E+25
20.04	0.1441E+25
20.80	0.1446E+25
21.59	0.1451E+25
22.42	0.1457E+25
23.27	0.1464E+25
24.16	0.1470E+25
25.08	0.1478E+25
26.03	0.1486E+25
27.02	0.1493E+25
28.05	0.1501E+25
29.12	0.1510E+25
30.23	0.1518E+25
31.38	0.1527E+25
32.57	0.1536E+25
33.82	0.1546E+25
35.10	0.1555E+25
36.44	0.1565E+25
37.83	0.1575E+25
39.27	0.1585E+25
40.76	0.1595E+25
42.32	0.1605E+25
43.93	0.1615E+25
45.60	0.1625E+25
47.34	0.1636E+25
49.14	0.1646E+25
51.01	0.1655E+25
52.96	0.1665E+25
54.97	0.1675E+25
57.07	0.1684E+25
59.24	0.1693E+25
61.50	0.1702E+25
63.84	0.1710E+25
66.27	0.1718E+25
68.79	0.1726E+25
71.41	0.1733E+25
74.13	0.1741E+25
76.96	0.1748E+25
79.89	0.1755E+25
82.93	0.1761E+25
86.09	0.1768E+25
89.37	0.1774E+25
92.77	0.1780E+25
96.31	0.1787E+25
99.97	0.1793E+25
103.8	0.1799E+25
107.7	0.1805E+25
111.8	0.1810E+25
116.1	0.1816E+25
120.5	0.1822E+25
125.1	0.1829E+25
129.9	0.1835E+25
134.8	0.1841E+25
140.0	0.1847E+25
145.3	0.1854E+25
150.8	0.1861E+25
156.6	0.1867E+25
162.5	0.1874E+25
168.7	0.1882E+25
175.1	0.1889E+25
181.8	0.1897E+25
188.7	0.1905E+25
195.9	0.1913E+25
203.4	0.1922E+25
211.1	0.1930E+25
219.2	0.1940E+25
227.5	0.1949E+25
236.2	0.1959E+25
245.2	0.1970E+25
254.5	0.1981E+25
264.2	0.1992E+25
274.3	0.2004E+25
284.7	0.2017E+25
295.6	0.2030E+25
306.8	0.2044E+25
318.5	0.2058E+25
330.6	0.2073E+25
343.2	0.2089E+25
356.3	0.2105E+25
369.9	0.2123E+25
384.0	0.2141E+25
398.6	0.2161E+25
413.8	0.2181E+25
429.5	0.2203E+25
445.9	0.2225E+25
462.9	0.2249E+25
480.5	0.2274E+25
498.8	0.2301E+25
517.8	0.2329E+25
537.5	0.2359E+25
558.0	0.2390E+25
579.2	0.2423E+25
601.3	0.2458E+25
624.2	0.2497E+25
648.0	0.2537E+25
672.6	0.2579E+25
698.3	0.2624E+25
724.9	0.2671E+25
752.5	0.2722E+25
781.1	0.2776E+25
810.9	0.2833E+25
841.8	0.2895E+25
873.8	0.2960E+25
907.1	0.3029E+25
941.6	0.3104E+25
977.5	0.3183E+25
1015.	0.3268E+25
1053.	0.3358E+25
1094.	0.3454E+25
1135.	0.3558E+25
1178.	0.3667E+25
1223.	0.3783E+25
1270.	0.3906E+25
1318.	0.4036E+25
1368.	0.4173E+25
1421.	0.4322E+25
1475.	0.4475E+25
1531.	0.4635E+25
1589.	0.4804E+25
1650.	0.4980E+25
1712.	0.5164E+25
1778.	0.5357E+25
1845.	0.5554E+25
1916.	0.5757E+25
1989.	0.5967E+25
2064.	0.6185E+25
2143.	0.6406E+25
2225.	0.6632E+25
2309.	0.6862E+25
2397.	0.7098E+25
2489.	0.7337E+25
2583.	0.7579E+25
2682.	0.7824E+25
2784.	0.8074E+25
2890.	0.8326E+25
3000.	0.8580E+25
 
 
E/N (Td)	Energy mobility *N (1/m/V/s)
0.1000E-02	0.3079E+26
0.1038E-02	0.3080E+26
0.1078E-02	0.3080E+26
0.1119E-02	0.3080E+26
0.1161E-02	0.3080E+26
0.1205E-02	0.3080E+26
0.1251E-02	0.3080E+26
0.1299E-02	0.3080E+26
0.1349E-02	0.3080E+26
0.1400E-02	0.3080E+26
0.1453E-02	0.3080E+26
0.1509E-02	0.3080E+26
0.1566E-02	0.3080E+26
0.1626E-02	0.3080E+26
0.1688E-02	0.3080E+26
0.1752E-02	0.3080E+26
0.1819E-02	0.3080E+26
0.1888E-02	0.3080E+26
0.1960E-02	0.3080E+26
0.2034E-02	0.3080E+26
0.2112E-02	0.3080E+26
0.2192E-02	0.3080E+26
0.2276E-02	0.3080E+26
0.2362E-02	0.3080E+26
0.2452E-02	0.3080E+26
0.2546E-02	0.3080E+26
0.2643E-02	0.3080E+26
0.2743E-02	0.3080E+26
0.2848E-02	0.3080E+26
0.2956E-02	0.3081E+26
0.3069E-02	0.3081E+26
0.3186E-02	0.3081E+26
0.3307E-02	0.3081E+26
0.3433E-02	0.3081E+26
0.3564E-02	0.3081E+26
0.3700E-02	0.3081E+26
0.3841E-02	0.3081E+26
0.3987E-02	0.3081E+26
0.4139E-02	0.3081E+26
0.4296E-02	0.3082E+26
0.4460E-02	0.3082E+26
0.4630E-02	0.3082E+26
0.4806E-02	0.3082E+26
0.4989E-02	0.3082E+26
0.5179E-02	0.3082E+26
0.5377E-02	0.3083E+26
0.5581E-02	0.3083E+26
0.5794E-02	0.3083E+26
0.6015E-02	0.3083E+26
0.6244E-02	0.3084E+26
0.6481E-02	0.3084E+26
0.6728E-02	0.3084E+26
0.6985E-02	0.3085E+26
0.7251E-02	0.3085E+26
0.7527E-02	0.3085E+26
0.7813E-02	0.3086E+26
0.8111E-02	0.3086E+26
0.8420E-02	0.3087E+26
0.8741E-02	0.3087E+26
0.9073E-02	0.3088E+26
0.9419E-02	0.3088E+26
0.9778E-02	0.3089E+26
0.1015E-01	0.3089E+26
0.1054E-01	0.3090E+26
0.1094E-01	0.3090E+26
0.1135E-01	0.3091E+26
0.1179E-01	0.3092E+26
0.1224E-01	0.3093E+26
0.1270E-01	0.3093E+26
0.1319E-01	0.3094E+26
0.1369E-01	0.3095E+26
0.1421E-01	0.3096E+26
0.1475E-01	0.3096E+26
0.1531E-01	0.3097E+26
0.1590E-01	0.3098E+26
0.1650E-01	0.3099E+26
0.1713E-01	0.3100E+26
0.1778E-01	0.3101E+26
0.1846E-01	0.3102E+26
0.1916E-01	0.3103E+26
0.1989E-01	0.3104E+26
0.2065E-01	0.3105E+26
0.2144E-01	0.3106E+26
0.2225E-01	0.3107E+26
0.2310E-01	0.3108E+26
0.2398E-01	0.3108E+26
0.2489E-01	0.3109E+26
0.2584E-01	0.3110E+26
0.2682E-01	0.3111E+26
0.2785E-01	0.3112E+26
0.2891E-01	0.3113E+26
0.3001E-01	0.3114E+26
0.3115E-01	0.3114E+26
0.3234E-01	0.3115E+26
0.3357E-01	0.3116E+26
0.3485E-01	0.3117E+26
0.3617E-01	0.3117E+26
0.3755E-01	0.3118E+26
0.3898E-01	0.3119E+26
0.4047E-01	0.3119E+26
0.4201E-01	0.3120E+26
0.4361E-01	0.3121E+26
0.4527E-01	0.3121E+26
0.4699E-01	0.3122E+26
0.4878E-01	0.3122E+26
0.5064E-01	0.3123E+26
0.5257E-01	0.3123E+26
0.5457E-01	0.3124E+26
0.5665E-01	0.3124E+26
0.5881E-01	0.3125E+26
0.6105E-01	0.3125E+26
0.6337E-01	0.3126E+26
0.6579E-01	0.3126E+26
0.6829E-01	0.3127E+26
0.7089E-01	0.3127E+26
0.7359E-01	0.3128E+26
0.7640E-01	0.3128E+26
0.7931E-01	0.3129E+26
0.8233E-01	0.3130E+26
0.8546E-01	0.3130E+26
0.8872E-01	0.3131E+26
0.9210E-01	0.3131E+26
0.9560E-01	0.3132E+26
0.9924E-01	0.3133E+26
0.1030	0.3133E+26
0.1069	0.3134E+26
0.1110	0.3135E+26
0.1152	0.3135E+26
0.1196	0.3136E+26
0.1242	0.3137E+26
0.1289	0.3138E+26
0.1338	0.3139E+26
0.1389	0.3140E+26
0.1442	0.3141E+26
0.1497	0.3142E+26
0.1554	0.3143E+26
0.1613	0.3144E+26
0.1675	0.3145E+26
0.1739	0.3146E+26
0.1805	0.3147E+26
0.1874	0.3148E+26
0.1945	0.3149E+26
0.2019	0.3150E+26
0.2096	0.3152E+26
0.2176	0.3153E+26
0.2259	0.3154E+26
0.2345	0.3155E+26
0.2434	0.3156E+26
0.2527	0.3157E+26
0.2623	0.3158E+26
0.2723	0.3159E+26
0.2826	0.3160E+26
0.2934	0.3161E+26
0.3046	0.3162E+26
0.3162	0.3162E+26
0.3282	0.3163E+26
0.3407	0.3163E+26
0.3537	0.3163E+26
0.3672	0.3163E+26
0.3812	0.3162E+26
0.3957	0.3161E+26
0.4107	0.3160E+26
0.4264	0.3159E+26
0.4426	0.3157E+26
0.4595	0.3154E+26
0.4770	0.3152E+26
0.4952	0.3148E+26
0.5140	0.3144E+26
0.5336	0.3140E+26
0.5539	0.3134E+26
0.5750	0.3128E+26
0.5969	0.3121E+26
0.6196	0.3114E+26
0.6432	0.3105E+26
0.6677	0.3096E+26
0.6932	0.3086E+26
0.7196	0.3074E+26
0.7470	0.3062E+26
0.7754	0.3048E+26
0.8050	0.3034E+26
0.8356	0.3018E+26
0.8674	0.3000E+26
0.9005	0.2982E+26
0.9348	0.2962E+26
0.9704	0.2941E+26
1.007	0.2919E+26
1.046	0.2895E+26
1.086	0.2869E+26
1.127	0.2843E+26
1.170	0.2814E+26
1.214	0.2785E+26
1.261	0.2753E+26
1.309	0.2721E+26
1.358	0.2687E+26
1.410	0.2652E+26
1.464	0.2615E+26
1.520	0.2577E+26
1.578	0.2538E+26
1.638	0.2497E+26
1.700	0.2456E+26
1.765	0.2413E+26
1.832	0.2369E+26
1.902	0.2325E+26
1.974	0.2279E+26
2.049	0.2233E+26
2.127	0.2186E+26
2.208	0.2139E+26
2.293	0.2091E+26
2.380	0.2043E+26
2.470	0.1995E+26
2.565	0.1946E+26
2.662	0.1898E+26
2.764	0.1850E+26
2.869	0.1802E+26
2.978	0.1754E+26
3.092	0.1707E+26
3.209	0.1661E+26
3.332	0.1615E+26
3.458	0.1570E+26
3.590	0.1526E+26
3.727	0.1482E+26
3.869	0.1440E+26
4.016	0.1398E+26
4.169	0.1357E+26
4.328	0.1317E+26
4.493	0.1279E+26
4.664	0.1241E+26
4.841	0.1204E+26
5.026	0.1168E+26
5.217	0.1133E+26
5.416	0.1099E+26
5.622	0.1066E+26
5.836	0.1033E+26
6.059	0.1002E+26
6.289	0.9713E+25
6.529	0.9414E+25
6.778	0.9124E+25
7.036	0.8841E+25
7.304	0.8565E+25
7.582	0.8297E+25
7.871	0.8035E+25
8.170	0.7779E+25
8.482	0.7530E+25
8.805	0.7288E+25
9.140	0.7051E+25
9.488	0.6820E+25
9.849	0.6594E+25
10.22	0.6374E+25
10.61	0.6160E+25
11.02	0.5950E+25
11.44	0.5746E+25
11.87	0.5547E+25
12.33	0.5352E+25
12.80	0.5163E+25
13.28	0.4978E+25
13.79	0.4798E+25
14.31	0.4623E+25
14.86	0.4453E+25
15.42	0.4287E+25
16.01	0.4127E+25
16.62	0.3971E+25
17.25	0.3820E+25
17.91	0.3673E+25
18.59	0.3532E+25
19.30	0.3395E+25
20.04	0.3263E+25
20.80	0.3137E+25
21.59	0.3014E+25
22.42	0.2897E+25
23.27	0.2784E+25
24.16	0.2676E+25
25.08	0.2573E+25
26.03	0.2474E+25
27.02	0.2379E+25
28.05	0.2289E+25
29.12	0.2203E+25
30.23	0.2120E+25
31.38	0.2042E+25
32.57	0.1967E+25
33.82	0.1895E+25
35.10	0.1827E+25
36.44	0.1762E+25
37.83	0.1700E+25
39.27	0.1642E+25
40.76	0.1586E+25
42.32	0.1533E+25
43.93	0.1483E+25
45.60	0.1435E+25
47.34	0.1391E+25
49.14	0.1349E+25
51.01	0.1310E+25
52.96	0.1273E+25
54.97	0.1239E+25
57.07	0.1208E+25
59.24	0.1178E+25
61.50	0.1151E+25
63.84	0.1126E+25
66.27	0.1103E+25
68.79	0.1082E+25
71.41	0.1062E+25
74.13	0.1044E+25
76.96	0.1027E+25
79.89	0.1011E+25
82.93	0.9964E+24
86.09	0.9829E+24
89.37	0.9703E+24
92.77	0.9585E+24
96.31	0.9475E+24
99.97	0.9371E+24
103.8	0.9274E+24
107.7	0.9182E+24
111.8	0.9095E+24
116.1	0.9013E+24
120.5	0.8935E+24
125.1	0.8861E+24
129.9	0.8791E+24
134.8	0.8725E+24
140.0	0.8662E+24
145.3	0.8602E+24
150.8	0.8545E+24
156.6	0.8491E+24
162.5	0.8440E+24
168.7	0.8391E+24
175.1	0.8345E+24
181.8	0.8302E+24
188.7	0.8262E+24
195.9	0.8224E+24
203.4	0.8189E+24
211.1	0.8156E+24
219.2	0.8126E+24
227.5	0.8098E+24
236.2	0.8073E+24
245.2	0.8050E+24
254.5	0.8030E+24
264.2	0.8013E+24
274.3	0.7998E+24
284.7	0.7986E+24
295.6	0.7977E+24
306.8	0.7970E+24
318.5	0.7966E+24
330.6	0.7965E+24
343.2	0.7966E+24
356.3	0.7971E+24
369.9	0.7978E+24
384.0	0.7989E+24
398.6	0.8002E+24
413.8	0.8018E+24
429.5	0.8038E+24
445.9	0.8060E+24
462.9	0.8086E+24
480.5	0.8116E+24
498.8	0.8148E+24
517.8	0.8184E+24
537.5	0.8223E+24
558.0	0.8266E+24
579.2	0.8313E+24
601.3	0.8363E+24
624.2	0.8422E+24
648.0	0.8480E+24
672.6	0.8542E+24
698.3	0.8608E+24
724.9	0.8678E+24
752.5	0.8752E+24
781.1	0.8830E+24
810.9	0.8912E+24
841.8	0.8999E+24
873.8	0.9089E+24
907.1	0.9183E+24
941.6	0.9281E+24
977.5	0.9382E+24
1015.	0.9485E+24
1053.	0.9595E+24
1094.	0.9704E+24
1135.	0.9817E+24
1178.	0.9929E+24
1223.	0.1004E+25
1270.	0.1015E+25
1318.	0.1026E+25
1368.	0.1037E+25
1421.	0.1048E+25
1475.	0.1058E+25
1531.	0.1068E+25
1589.	0.1077E+25
1650.	0.1085E+25
1712.	0.1092E+25
1778.	0.1099E+25
1845.	0.1104E+25
1916.	0.1108E+25
1989.	0.1111E+25
2064.	0.1113E+25
2143.	0.1114E+25
2225.	0.1113E+25
2309.	0.1111E+25
2397.	0.1108E+25
2489.	0.1104E+25
2583.	0.1098E+25
2682.	0.1092E+25
2784.	0.1085E+25
2890.	0.1076E+25
3000.	0.1067E+25
 
 
E/N (Td)	Energy diffusion coef. D*N (1/m/s)
0.1000E-02	0.7961E+24
0.1038E-02	0.7961E+24
0.1078E-02	0.7961E+24
0.1119E-02	0.7961E+24
0.1161E-02	0.7961E+24
0.1205E-02	0.7961E+24
0.1251E-02	0.7961E+24
0.1299E-02	0.7961E+24
0.1349E-02	0.7961E+24
0.1400E-02	0.7961E+24
0.1453E-02	0.7961E+24
0.1509E-02	0.7961E+24
0.1566E-02	0.7961E+24
0.1626E-02	0.7961E+24
0.1688E-02	0.7961E+24
0.1752E-02	0.7961E+24
0.1819E-02	0.7961E+24
0.1888E-02	0.7962E+24
0.1960E-02	0.7962E+24
0.2034E-02	0.7962E+24
0.2112E-02	0.7962E+24
0.2192E-02	0.7962E+24
0.2276E-02	0.7962E+24
0.2362E-02	0.7962E+24
0.2452E-02	0.7962E+24
0.2546E-02	0.7963E+24
0.2643E-02	0.7963E+24
0.2743E-02	0.7963E+24
0.2848E-02	0.7963E+24
0.2956E-02	0.7963E+24
0.3069E-02	0.7964E+24
0.3186E-02	0.7964E+24
0.3307E-02	0.7964E+24
0.3433E-02	0.7964E+24
0.3564E-02	0.7965E+24
0.3700E-02	0.7965E+24
0.3841E-02	0.7965E+24
0.3987E-02	0.7966E+24
0.4139E-02	0.7966E+24
0.4296E-02	0.7967E+24
0.4460E-02	0.7967E+24
0.4630E-02	0.7967E+24
0.4806E-02	0.7968E+24
0.4989E-02	0.7969E+24
0.5179E-02	0.7969E+24
0.5377E-02	0.7970E+24
0.5581E-02	0.7971E+24
0.5794E-02	0.7971E+24
0.6015E-02	0.7972E+24
0.6244E-02	0.7973E+24
0.6481E-02	0.7974E+24
0.6728E-02	0.7975E+24
0.6985E-02	0.7976E+24
0.7251E-02	0.7977E+24
0.7527E-02	0.7978E+24
0.7813E-02	0.7980E+24
0.8111E-02	0.7981E+24
0.8420E-02	0.7982E+24
0.8741E-02	0.7984E+24
0.9073E-02	0.7986E+24
0.9419E-02	0.7987E+24
0.9778E-02	0.7989E+24
0.1015E-01	0.7991E+24
0.1054E-01	0.7993E+24
0.1094E-01	0.7995E+24
0.1135E-01	0.7998E+24
0.1179E-01	0.8000E+24
0.1224E-01	0.8002E+24
0.1270E-01	0.8005E+24
0.1319E-01	0.8008E+24
0.1369E-01	0.8011E+24
0.1421E-01	0.8014E+24
0.1475E-01	0.8017E+24
0.1531E-01	0.8020E+24
0.1590E-01	0.8023E+24
0.1650E-01	0.8027E+24
0.1713E-01	0.8030E+24
0.1778E-01	0.8034E+24
0.1846E-01	0.8038E+24
0.1916E-01	0.8041E+24
0.1989E-01	0.8045E+24
0.2065E-01	0.8049E+24
0.2144E-01	0.8053E+24
0.2225E-01	0.8057E+24
0.2310E-01	0.8062E+24
0.2398E-01	0.8066E+24
0.2489E-01	0.8070E+24
0.2584E-01	0.8074E+24
0.2682E-01	0.8078E+24
0.2785E-01	0.8083E+24
0.2891E-01	0.8087E+24
0.3001E-01	0.8091E+24
0.3115E-01	0.8095E+24
0.3234E-01	0.8099E+24
0.3357E-01	0.8103E+24
0.3485E-01	0.8108E+24
0.3617E-01	0.8112E+24
0.3755E-01	0.8116E+24
0.3898E-01	0.8120E+24
0.4047E-01	0.8124E+24
0.4201E-01	0.8128E+24
0.4361E-01	0.8132E+24
0.4527E-01	0.8136E+24
0.4699E-01	0.8140E+24
0.4878E-01	0.8144E+24
0.5064E-01	0.8148E+24
0.5257E-01	0.8152E+24
0.5457E-01	0.8156E+24
0.5665E-01	0.8160E+24
0.5881E-01	0.8164E+24
0.6105E-01	0.8168E+24
0.6337E-01	0.8173E+24
0.6579E-01	0.8177E+24
0.6829E-01	0.8182E+24
0.7089E-01	0.8186E+24
0.7359E-01	0.8191E+24
0.7640E-01	0.8196E+24
0.7931E-01	0.8202E+24
0.8233E-01	0.8207E+24
0.8546E-01	0.8213E+24
0.8872E-01	0.8219E+24
0.9210E-01	0.8226E+24
0.9560E-01	0.8232E+24
0.9924E-01	0.8240E+24
0.1030	0.8247E+24
0.1069	0.8255E+24
0.1110	0.8264E+24
0.1152	0.8273E+24
0.1196	0.8282E+24
0.1242	0.8292E+24
0.1289	0.8303E+24
0.1338	0.8315E+24
0.1389	0.8327E+24
0.1442	0.8340E+24
0.1497	0.8354E+24
0.1554	0.8369E+24
0.1613	0.8384E+24
0.1675	0.8401E+24
0.1739	0.8419E+24
0.1805	0.8438E+24
0.1874	0.8458E+24
0.1945	0.8479E+24
0.2019	0.8502E+24
0.2096	0.8526E+24
0.2176	0.8551E+24
0.2259	0.8578E+24
0.2345	0.8607E+24
0.2434	0.8637E+24
0.2527	0.8669E+24
0.2623	0.8703E+24
0.2723	0.8739E+24
0.2826	0.8777E+24
0.2934	0.8817E+24
0.3046	0.8860E+24
0.3162	0.8904E+24
0.3282	0.8951E+24
0.3407	0.9000E+24
0.3537	0.9052E+24
0.3672	0.9106E+24
0.3812	0.9163E+24
0.3957	0.9222E+24
0.4107	0.9284E+24
0.4264	0.9349E+24
0.4426	0.9417E+24
0.4595	0.9488E+24
0.4770	0.9561E+24
0.4952	0.9638E+24
0.5140	0.9717E+24
0.5336	0.9800E+24
0.5539	0.9885E+24
0.5750	0.9973E+24
0.5969	0.1006E+25
0.6196	0.1016E+25
0.6432	0.1026E+25
0.6677	0.1036E+25
0.6932	0.1046E+25
0.7196	0.1056E+25
0.7470	0.1067E+25
0.7754	0.1078E+25
0.8050	0.1089E+25
0.8356	0.1101E+25
0.8674	0.1112E+25
0.9005	0.1124E+25
0.9348	0.1136E+25
0.9704	0.1148E+25
1.007	0.1160E+25
1.046	0.1173E+25
1.086	0.1185E+25
1.127	0.1197E+25
1.170	0.1210E+25
1.214	0.1222E+25
1.261	0.1235E+25
1.309	0.1247E+25
1.358	0.1259E+25
1.410	0.1271E+25
1.464	0.1283E+25
1.520	0.1295E+25
1.578	0.1306E+25
1.638	0.1317E+25
1.700	0.1328E+25
1.765	0.1339E+25
1.832	0.1349E+25
1.902	0.1359E+25
1.974	0.1368E+25
2.049	0.1377E+25
2.127	0.1386E+25
2.208	0.1394E+25
2.293	0.1402E+25
2.380	0.1409E+25
2.470	0.1416E+25
2.565	0.1422E+25
2.662	0.1427E+25
2.764	0.1432E+25
2.869	0.1436E+25
2.978	0.1440E+25
3.092	0.1444E+25
3.209	0.1447E+25
3.332	0.1450E+25
3.458	0.1452E+25
3.590	0.1453E+25
3.727	0.1455E+25
3.869	0.1456E+25
4.016	0.1456E+25
4.169	0.1456E+25
4.328	0.1456E+25
4.493	0.1456E+25
4.664	0.1455E+25
4.841	0.1454E+25
5.026	0.1453E+25
5.217	0.1452E+25
5.416	0.1451E+25
5.622	0.1449E+25
5.836	0.1448E+25
6.059	0.1446E+25
6.289	0.1444E+25
6.529	0.1442E+25
6.778	0.1440E+25
7.036	0.1438E+25
7.304	0.1437E+25
7.582	0.1435E+25
7.871	0.1434E+25
8.170	0.1432E+25
8.482	0.1431E+25
8.805	0.1430E+25
9.140	0.1429E+25
9.488	0.1428E+25
9.849	0.1428E+25
10.22	0.1428E+25
10.61	0.1428E+25
11.02	0.1429E+25
11.44	0.1430E+25
11.87	0.1432E+25
12.33	0.1433E+25
12.80	0.1436E+25
13.28	0.1439E+25
13.79	0.1442E+25
14.31	0.1445E+25
14.86	0.1450E+25
15.42	0.1455E+25
16.01	0.1460E+25
16.62	0.1466E+25
17.25	0.1472E+25
17.91	0.1479E+25
18.59	0.1486E+25
19.30	0.1494E+25
20.04	0.1502E+25
20.80	0.1511E+25
21.59	0.1520E+25
22.42	0.1529E+25
23.27	0.1539E+25
24.16	0.1549E+25
25.08	0.1560E+25
26.03	0.1570E+25
27.02	0.1581E+25
28.05	0.1592E+25
29.12	0.1604E+25
30.23	0.1615E+25
31.38	0.1627E+25
32.57	0.1638E+25
33.82	0.1650E+25
35.10	0.1661E+25
36.44	0.1673E+25
37.83	0.1685E+25
39.27	0.1696E+25
40.76	0.1708E+25
42.32	0.1719E+25
43.93	0.1731E+25
45.60	0.1742E+25
47.34	0.1753E+25
49.14	0.1764E+25
51.01	0.1774E+25
52.96	0.1785E+25
54.97	0.1795E+25
57.07	0.1804E+25
59.24	0.1814E+25
61.50	0.1823E+25
63.84	0.1832E+25
66.27	0.1840E+25
68.79	0.1849E+25
71.41	0.1857E+25
74.13	0.1865E+25
76.96	0.1872E+25
79.89	0.1880E+25
82.93	0.1888E+25
86.09	0.1895E+25
89.37	0.1902E+25
92.77	0.1910E+25
96.31	0.1917E+25
99.97	0.1925E+25
103.8	0.1932E+25
107.7	0.1940E+25
111.8	0.1948E+25
116.1	0.1956E+25
120.5	0.1965E+25
125.1	0.1973E+25
129.9	0.1982E+25
134.8	0.1991E+25
140.0	0.2001E+25
145.3	0.2011E+25
150.8	0.2022E+25
156.6	0.2033E+25
162.5	0.2044E+25
168.7	0.2056E+25
175.1	0.2069E+25
181.8	0.2082E+25
188.7	0.2096E+25
195.9	0.2110E+25
203.4	0.2126E+25
211.1	0.2142E+25
219.2	0.2159E+25
227.5	0.2177E+25
236.2	0.2196E+25
245.2	0.2216E+25
254.5	0.2238E+25
264.2	0.2260E+25
274.3	0.2284E+25
284.7	0.2309E+25
295.6	0.2336E+25
306.8	0.2364E+25
318.5	0.2394E+25
330.6	0.2425E+25
343.2	0.2459E+25
356.3	0.2494E+25
369.9	0.2532E+25
384.0	0.2572E+25
398.6	0.2614E+25
413.8	0.2659E+25
429.5	0.2707E+25
445.9	0.2757E+25
462.9	0.2811E+25
480.5	0.2869E+25
498.8	0.2930E+25
517.8	0.2995E+25
537.5	0.3064E+25
558.0	0.3138E+25
579.2	0.3217E+25
601.3	0.3302E+25
624.2	0.3395E+25
648.0	0.3492E+25
672.6	0.3596E+25
698.3	0.3709E+25
724.9	0.3828E+25
752.5	0.3957E+25
781.1	0.4097E+25
810.9	0.4247E+25
841.8	0.4409E+25
873.8	0.4583E+25
907.1	0.4771E+25
941.6	0.4974E+25
977.5	0.5193E+25
1015.	0.5429E+25
1053.	0.5686E+25
1094.	0.5960E+25
1135.	0.6258E+25
1178.	0.6575E+25
1223.	0.6915E+25
1270.	0.7280E+25
1318.	0.7669E+25
1368.	0.8082E+25
1421.	0.8526E+25
1475.	0.8989E+25
1531.	0.9475E+25
1589.	0.9988E+25
1650.	0.1052E+26
1712.	0.1107E+26
1778.	0.1165E+26
1845.	0.1224E+26
1916.	0.1284E+26
1989.	0.1345E+26
2064.	0.1409E+26
2143.	0.1472E+26
2225.	0.1536E+26
2309.	0.1600E+26
2397.	0.1665E+26
2489.	0.1730E+26
2583.	0.1795E+26
2682.	0.1859E+26
2784.	0.1925E+26
2890.	0.1989E+26
3000.	0.2053E+26
 
 
E/N (Td)	Total collision freq. /N (m3/s)
0.1000E-02	0.1494E-13
0.1038E-02	0.1494E-13
0.1078E-02	0.1494E-13
0.1119E-02	0.1494E-13
0.1161E-02	0.1494E-13
0.1205E-02	0.1494E-13
0.1251E-02	0.1494E-13
0.1299E-02	0.1494E-13
0.1349E-02	0.1494E-13
0.1400E-02	0.1494E-13
0.1453E-02	0.1494E-13
0.1509E-02	0.1494E-13
0.1566E-02	0.1494E-13
0.1626E-02	0.1494E-13
0.1688E-02	0.1494E-13
0.1752E-02	0.1494E-13
0.1819E-02	0.1494E-13
0.1888E-02	0.1494E-13
0.1960E-02	0.1494E-13
0.2034E-02	0.1494E-13
0.2112E-02	0.1494E-13
0.2192E-02	0.1494E-13
0.2276E-02	0.1494E-13
0.2362E-02	0.1494E-13
0.2452E-02	0.1494E-13
0.2546E-02	0.1494E-13
0.2643E-02	0.1494E-13
0.2743E-02	0.1494E-13
0.2848E-02	0.1494E-13
0.2956E-02	0.1494E-13
0.3069E-02	0.1494E-13
0.3186E-02	0.1494E-13
0.3307E-02	0.1493E-13
0.3433E-02	0.1493E-13
0.3564E-02	0.1493E-13
0.3700E-02	0.1493E-13
0.3841E-02	0.1493E-13
0.3987E-02	0.1493E-13
0.4139E-02	0.1493E-13
0.4296E-02	0.1493E-13
0.4460E-02	0.1493E-13
0.4630E-02	0.1493E-13
0.4806E-02	0.1493E-13
0.4989E-02	0.1493E-13
0.5179E-02	0.1493E-13
0.5377E-02	0.1493E-13
0.5581E-02	0.1493E-13
0.5794E-02	0.1493E-13
0.6015E-02	0.1492E-13
0.6244E-02	0.1492E-13
0.6481E-02	0.1492E-13
0.6728E-02	0.1492E-13
0.6985E-02	0.1492E-13
0.7251E-02	0.1492E-13
0.7527E-02	0.1492E-13
0.7813E-02	0.1492E-13
0.8111E-02	0.1491E-13
0.8420E-02	0.1491E-13
0.8741E-02	0.1491E-13
0.9073E-02	0.1491E-13
0.9419E-02	0.1491E-13
0.9778E-02	0.1491E-13
0.1015E-01	0.1490E-13
0.1054E-01	0.1490E-13
0.1094E-01	0.1490E-13
0.1135E-01	0.1490E-13
0.1179E-01	0.1490E-13
0.1224E-01	0.1489E-13
0.1270E-01	0.1489E-13
0.1319E-01	0.1489E-13
0.1369E-01	0.1489E-13
0.1421E-01	0.1488E-13
0.1475E-01	0.1488E-13
0.1531E-01	0.1488E-13
0.1590E-01	0.1488E-13
0.1650E-01	0.1487E-13
0.1713E-01	0.1487E-13
0.1778E-01	0.1487E-13
0.1846E-01	0.1487E-13
0.1916E-01	0.1487E-13
0.1989E-01	0.1486E-13
0.2065E-01	0.1486E-13
0.2144E-01	0.1486E-13
0.2225E-01	0.1486E-13
0.2310E-01	0.1486E-13
0.2398E-01	0.1485E-13
0.2489E-01	0.1485E-13
0.2584E-01	0.1485E-13
0.2682E-01	0.1485E-13
0.2785E-01	0.1485E-13
0.2891E-01	0.1485E-13
0.3001E-01	0.1485E-13
0.3115E-01	0.1485E-13
0.3234E-01	0.1485E-13
0.3357E-01	0.1484E-13
0.3485E-01	0.1484E-13
0.3617E-01	0.1484E-13
0.3755E-01	0.1484E-13
0.3898E-01	0.1484E-13
0.4047E-01	0.1484E-13
0.4201E-01	0.1484E-13
0.4361E-01	0.1484E-13
0.4527E-01	0.1484E-13
0.4699E-01	0.1484E-13
0.4878E-01	0.1484E-13
0.5064E-01	0.1484E-13
0.5257E-01	0.1484E-13
0.5457E-01	0.1484E-13
0.5665E-01	0.1483E-13
0.5881E-01	0.1483E-13
0.6105E-01	0.1483E-13
0.6337E-01	0.1483E-13
0.6579E-01	0.1483E-13
0.6829E-01	0.1482E-13
0.7089E-01	0.1482E-13
0.7359E-01	0.1482E-13
0.7640E-01	0.1482E-13
0.7931E-01	0.1481E-13
0.8233E-01	0.1481E-13
0.8546E-01	0.1480E-13
0.8872E-01	0.1480E-13
0.9210E-01	0.1479E-13
0.9560E-01	0.1479E-13
0.9924E-01	0.1478E-13
0.1030	0.1477E-13
0.1069	0.1477E-13
0.1110	0.1476E-13
0.1152	0.1475E-13
0.1196	0.1474E-13
0.1242	0.1473E-13
0.1289	0.1472E-13
0.1338	0.1471E-13
0.1389	0.1470E-13
0.1442	0.1468E-13
0.1497	0.1467E-13
0.1554	0.1466E-13
0.1613	0.1464E-13
0.1675	0.1462E-13
0.1739	0.1461E-13
0.1805	0.1459E-13
0.1874	0.1457E-13
0.1945	0.1455E-13
0.2019	0.1453E-13
0.2096	0.1450E-13
0.2176	0.1448E-13
0.2259	0.1445E-13
0.2345	0.1443E-13
0.2434	0.1440E-13
0.2527	0.1437E-13
0.2623	0.1434E-13
0.2723	0.1431E-13
0.2826	0.1428E-13
0.2934	0.1424E-13
0.3046	0.1421E-13
0.3162	0.1417E-13
0.3282	0.1413E-13
0.3407	0.1409E-13
0.3537	0.1405E-13
0.3672	0.1401E-13
0.3812	0.1397E-13
0.3957	0.1392E-13
0.4107	0.1387E-13
0.4264	0.1383E-13
0.4426	0.1378E-13
0.4595	0.1373E-13
0.4770	0.1367E-13
0.4952	0.1362E-13
0.5140	0.1357E-13
0.5336	0.1351E-13
0.5539	0.1345E-13
0.5750	0.1340E-13
0.5969	0.1334E-13
0.6196	0.1328E-13
0.6432	0.1322E-13
0.6677	0.1316E-13
0.6932	0.1309E-13
0.7196	0.1303E-13
0.7470	0.1297E-13
0.7754	0.1290E-13
0.8050	0.1284E-13
0.8356	0.1278E-13
0.8674	0.1271E-13
0.9005	0.1265E-13
0.9348	0.1259E-13
0.9704	0.1253E-13
1.007	0.1247E-13
1.046	0.1241E-13
1.086	0.1235E-13
1.127	0.1230E-13
1.170	0.1224E-13
1.214	0.1219E-13
1.261	0.1214E-13
1.309	0.1210E-13
1.358	0.1205E-13
1.410	0.1202E-13
1.464	0.1198E-13
1.520	0.1196E-13
1.578	0.1193E-13
1.638	0.1192E-13
1.700	0.1190E-13
1.765	0.1190E-13
1.832	0.1190E-13
1.902	0.1192E-13
1.974	0.1194E-13
2.049	0.1196E-13
2.127	0.1200E-13
2.208	0.1205E-13
2.293	0.1211E-13
2.380	0.1218E-13
2.470	0.1226E-13
2.565	0.1236E-13
2.662	0.1247E-13
2.764	0.1259E-13
2.869	0.1272E-13
2.978	0.1287E-13
3.092	0.1303E-13
3.209	0.1321E-13
3.332	0.1340E-13
3.458	0.1360E-13
3.590	0.1382E-13
3.727	0.1406E-13
3.869	0.1431E-13
4.016	0.1458E-13
4.169	0.1487E-13
4.328	0.1517E-13
4.493	0.1548E-13
4.664	0.1582E-13
4.841	0.1617E-13
5.026	0.1654E-13
5.217	0.1693E-13
5.416	0.1734E-13
5.622	0.1777E-13
5.836	0.1822E-13
6.059	0.1869E-13
6.289	0.1918E-13
6.529	0.1970E-13
6.778	0.2024E-13
7.036	0.2080E-13
7.304	0.2139E-13
7.582	0.2201E-13
7.871	0.2265E-13
8.170	0.2333E-13
8.482	0.2404E-13
8.805	0.2478E-13
9.140	0.2556E-13
9.488	0.2638E-13
9.849	0.2724E-13
10.22	0.2814E-13
10.61	0.2908E-13
11.02	0.3007E-13
11.44	0.3111E-13
11.87	0.3221E-13
12.33	0.3336E-13
12.80	0.3456E-13
13.28	0.3583E-13
13.79	0.3717E-13
14.31	0.3857E-13
14.86	0.4005E-13
15.42	0.4160E-13
16.01	0.4323E-13
16.62	0.4494E-13
17.25	0.4673E-13
17.91	0.4862E-13
18.59	0.5059E-13
19.30	0.5266E-13
20.04	0.5482E-13
20.80	0.5708E-13
21.59	0.5944E-13
22.42	0.6190E-13
23.27	0.6446E-13
24.16	0.6712E-13
25.08	0.6988E-13
26.03	0.7275E-13
27.02	0.7572E-13
28.05	0.7879E-13
29.12	0.8196E-13
30.23	0.8523E-13
31.38	0.8861E-13
32.57	0.9208E-13
33.82	0.9565E-13
35.10	0.9932E-13
36.44	0.1031E-12
37.83	0.1069E-12
39.27	0.1109E-12
40.76	0.1149E-12
42.32	0.1189E-12
43.93	0.1231E-12
45.60	0.1273E-12
47.34	0.1315E-12
49.14	0.1357E-12
51.01	0.1399E-12
52.96	0.1441E-12
54.97	0.1482E-12
57.07	0.1522E-12
59.24	0.1562E-12
61.50	0.1601E-12
63.84	0.1639E-12
66.27	0.1675E-12
68.79	0.1711E-12
71.41	0.1745E-12
74.13	0.1778E-12
76.96	0.1810E-12
79.89	0.1841E-12
82.93	0.1871E-12
86.09	0.1900E-12
89.37	0.1928E-12
92.77	0.1955E-12
96.31	0.1981E-12
99.97	0.2007E-12
103.8	0.2032E-12
107.7	0.2056E-12
111.8	0.2080E-12
116.1	0.2104E-12
120.5	0.2127E-12
125.1	0.2150E-12
129.9	0.2172E-12
134.8	0.2194E-12
140.0	0.2217E-12
145.3	0.2238E-12
150.8	0.2260E-12
156.6	0.2282E-12
162.5	0.2303E-12
168.7	0.2324E-12
175.1	0.2345E-12
181.8	0.2366E-12
188.7	0.2387E-12
195.9	0.2408E-12
203.4	0.2429E-12
211.1	0.2450E-12
219.2	0.2470E-12
227.5	0.2491E-12
236.2	0.2511E-12
245.2	0.2531E-12
254.5	0.2551E-12
264.2	0.2571E-12
274.3	0.2591E-12
284.7	0.2611E-12
295.6	0.2631E-12
306.8	0.2650E-12
318.5	0.2670E-12
330.6	0.2689E-12
343.2	0.2708E-12
356.3	0.2727E-12
369.9	0.2745E-12
384.0	0.2764E-12
398.6	0.2782E-12
413.8	0.2800E-12
429.5	0.2817E-12
445.9	0.2835E-12
462.9	0.2852E-12
480.5	0.2869E-12
498.8	0.2886E-12
517.8	0.2902E-12
537.5	0.2918E-12
558.0	0.2934E-12
579.2	0.2949E-12
601.3	0.2964E-12
624.2	0.2978E-12
648.0	0.2992E-12
672.6	0.3006E-12
698.3	0.3019E-12
724.9	0.3031E-12
752.5	0.3043E-12
781.1	0.3054E-12
810.9	0.3065E-12
841.8	0.3075E-12
873.8	0.3085E-12
907.1	0.3093E-12
941.6	0.3101E-12
977.5	0.3108E-12
1015.	0.3114E-12
1053.	0.3120E-12
1094.	0.3124E-12
1135.	0.3128E-12
1178.	0.3130E-12
1223.	0.3132E-12
1270.	0.3132E-12
1318.	0.3131E-12
1368.	0.3129E-12
1421.	0.3126E-12
1475.	0.3122E-12
1531.	0.3117E-12
1589.	0.3110E-12
1650.	0.3102E-12
1712.	0.3093E-12
1778.	0.3083E-12
1845.	0.3071E-12
1916.	0.3058E-12
1989.	0.3044E-12
2064.	0.3029E-12
2143.	0.3013E-12
2225.	0.2996E-12
2309.	0.2977E-12
2397.	0.2958E-12
2489.	0.2937E-12
2583.	0.2916E-12
2682.	0.2894E-12
2784.	0.2870E-12
2890.	0.2846E-12
3000.	0.2821E-12
 
 
E/N (Td)	Momentum frequency /N (m3/s)
0.1000E-02	0.1052E-13
0.1038E-02	0.1052E-13
0.1078E-02	0.1052E-13
0.1119E-02	0.1052E-13
0.1161E-02	0.1052E-13
0.1205E-02	0.1052E-13
0.1251E-02	0.1052E-13
0.1299E-02	0.1052E-13
0.1349E-02	0.1052E-13
0.1400E-02	0.1052E-13
0.1453E-02	0.1052E-13
0.1509E-02	0.1052E-13
0.1566E-02	0.1052E-13
0.1626E-02	0.1052E-13
0.1688E-02	0.1052E-13
0.1752E-02	0.1052E-13
0.1819E-02	0.1052E-13
0.1888E-02	0.1052E-13
0.1960E-02	0.1052E-13
0.2034E-02	0.1052E-13
0.2112E-02	0.1052E-13
0.2192E-02	0.1052E-13
0.2276E-02	0.1052E-13
0.2362E-02	0.1052E-13
0.2452E-02	0.1052E-13
0.2546E-02	0.1052E-13
0.2643E-02	0.1052E-13
0.2743E-02	0.1052E-13
0.2848E-02	0.1052E-13
0.2956E-02	0.1052E-13
0.3069E-02	0.1052E-13
0.3186E-02	0.1052E-13
0.3307E-02	0.1052E-13
0.3433E-02	0.1051E-13
0.3564E-02	0.1051E-13
0.3700E-02	0.1051E-13
0.3841E-02	0.1051E-13
0.3987E-02	0.1051E-13
0.4139E-02	0.1051E-13
0.4296E-02	0.1051E-13
0.4460E-02	0.1051E-13
0.4630E-02	0.1051E-13
0.4806E-02	0.1051E-13
0.4989E-02	0.1051E-13
0.5179E-02	0.1051E-13
0.5377E-02	0.1051E-13
0.5581E-02	0.1051E-13
0.5794E-02	0.1051E-13
0.6015E-02	0.1051E-13
0.6244E-02	0.1050E-13
0.6481E-02	0.1050E-13
0.6728E-02	0.1050E-13
0.6985E-02	0.1050E-13
0.7251E-02	0.1050E-13
0.7527E-02	0.1050E-13
0.7813E-02	0.1050E-13
0.8111E-02	0.1050E-13
0.8420E-02	0.1049E-13
0.8741E-02	0.1049E-13
0.9073E-02	0.1049E-13
0.9419E-02	0.1049E-13
0.9778E-02	0.1049E-13
0.1015E-01	0.1049E-13
0.1054E-01	0.1048E-13
0.1094E-01	0.1048E-13
0.1135E-01	0.1048E-13
0.1179E-01	0.1048E-13
0.1224E-01	0.1048E-13
0.1270E-01	0.1047E-13
0.1319E-01	0.1047E-13
0.1369E-01	0.1047E-13
0.1421E-01	0.1047E-13
0.1475E-01	0.1046E-13
0.1531E-01	0.1046E-13
0.1590E-01	0.1046E-13
0.1650E-01	0.1046E-13
0.1713E-01	0.1046E-13
0.1778E-01	0.1045E-13
0.1846E-01	0.1045E-13
0.1916E-01	0.1045E-13
0.1989E-01	0.1045E-13
0.2065E-01	0.1044E-13
0.2144E-01	0.1044E-13
0.2225E-01	0.1044E-13
0.2310E-01	0.1044E-13
0.2398E-01	0.1044E-13
0.2489E-01	0.1044E-13
0.2584E-01	0.1044E-13
0.2682E-01	0.1043E-13
0.2785E-01	0.1043E-13
0.2891E-01	0.1043E-13
0.3001E-01	0.1043E-13
0.3115E-01	0.1043E-13
0.3234E-01	0.1043E-13
0.3357E-01	0.1043E-13
0.3485E-01	0.1043E-13
0.3617E-01	0.1043E-13
0.3755E-01	0.1043E-13
0.3898E-01	0.1043E-13
0.4047E-01	0.1043E-13
0.4201E-01	0.1042E-13
0.4361E-01	0.1042E-13
0.4527E-01	0.1042E-13
0.4699E-01	0.1042E-13
0.4878E-01	0.1042E-13
0.5064E-01	0.1042E-13
0.5257E-01	0.1042E-13
0.5457E-01	0.1042E-13
0.5665E-01	0.1042E-13
0.5881E-01	0.1041E-13
0.6105E-01	0.1041E-13
0.6337E-01	0.1041E-13
0.6579E-01	0.1041E-13
0.6829E-01	0.1041E-13
0.7089E-01	0.1040E-13
0.7359E-01	0.1040E-13
0.7640E-01	0.1040E-13
0.7931E-01	0.1039E-13
0.8233E-01	0.1039E-13
0.8546E-01	0.1039E-13
0.8872E-01	0.1038E-13
0.9210E-01	0.1038E-13
0.9560E-01	0.1037E-13
0.9924E-01	0.1037E-13
0.1030	0.1036E-13
0.1069	0.1035E-13
0.1110	0.1035E-13
0.1152	0.1034E-13
0.1196	0.1033E-13
0.1242	0.1032E-13
0.1289	0.1032E-13
0.1338	0.1031E-13
0.1389	0.1030E-13
0.1442	0.1029E-13
0.1497	0.1028E-13
0.1554	0.1027E-13
0.1613	0.1025E-13
0.1675	0.1024E-13
0.1739	0.1023E-13
0.1805	0.1022E-13
0.1874	0.1020E-13
0.1945	0.1019E-13
0.2019	0.1018E-13
0.2096	0.1016E-13
0.2176	0.1015E-13
0.2259	0.1013E-13
0.2345	0.1011E-13
0.2434	0.1010E-13
0.2527	0.1008E-13
0.2623	0.1006E-13
0.2723	0.1004E-13
0.2826	0.1003E-13
0.2934	0.1001E-13
0.3046	0.9988E-14
0.3162	0.9969E-14
0.3282	0.9950E-14
0.3407	0.9930E-14
0.3537	0.9911E-14
0.3672	0.9892E-14
0.3812	0.9872E-14
0.3957	0.9853E-14
0.4107	0.9835E-14
0.4264	0.9816E-14
0.4426	0.9798E-14
0.4595	0.9781E-14
0.4770	0.9764E-14
0.4952	0.9748E-14
0.5140	0.9733E-14
0.5336	0.9719E-14
0.5539	0.9706E-14
0.5750	0.9694E-14
0.5969	0.9684E-14
0.6196	0.9675E-14
0.6432	0.9667E-14
0.6677	0.9662E-14
0.6932	0.9658E-14
0.7196	0.9657E-14
0.7470	0.9658E-14
0.7754	0.9661E-14
0.8050	0.9667E-14
0.8356	0.9676E-14
0.8674	0.9688E-14
0.9005	0.9704E-14
0.9348	0.9723E-14
0.9704	0.9745E-14
1.007	0.9772E-14
1.046	0.9803E-14
1.086	0.9838E-14
1.127	0.9878E-14
1.170	0.9923E-14
1.214	0.9973E-14
1.261	0.1003E-13
1.309	0.1009E-13
1.358	0.1016E-13
1.410	0.1023E-13
1.464	0.1032E-13
1.520	0.1041E-13
1.578	0.1050E-13
1.638	0.1061E-13
1.700	0.1072E-13
1.765	0.1084E-13
1.832	0.1097E-13
1.902	0.1112E-13
1.974	0.1127E-13
2.049	0.1143E-13
2.127	0.1160E-13
2.208	0.1178E-13
2.293	0.1198E-13
2.380	0.1219E-13
2.470	0.1241E-13
2.565	0.1265E-13
2.662	0.1290E-13
2.764	0.1316E-13
2.869	0.1344E-13
2.978	0.1373E-13
3.092	0.1404E-13
3.209	0.1436E-13
3.332	0.1470E-13
3.458	0.1506E-13
3.590	0.1543E-13
3.727	0.1582E-13
3.869	0.1622E-13
4.016	0.1664E-13
4.169	0.1708E-13
4.328	0.1754E-13
4.493	0.1802E-13
4.664	0.1851E-13
4.841	0.1902E-13
5.026	0.1956E-13
5.217	0.2011E-13
5.416	0.2068E-13
5.622	0.2128E-13
5.836	0.2190E-13
6.059	0.2254E-13
6.289	0.2321E-13
6.529	0.2390E-13
6.778	0.2461E-13
7.036	0.2536E-13
7.304	0.2613E-13
7.582	0.2693E-13
7.871	0.2776E-13
8.170	0.2863E-13
8.482	0.2953E-13
8.805	0.3047E-13
9.140	0.3145E-13
9.488	0.3246E-13
9.849	0.3352E-13
10.22	0.3463E-13
10.61	0.3578E-13
11.02	0.3698E-13
11.44	0.3824E-13
11.87	0.3956E-13
12.33	0.4093E-13
12.80	0.4237E-13
13.28	0.4387E-13
13.79	0.4545E-13
14.31	0.4710E-13
14.86	0.4883E-13
15.42	0.5065E-13
16.01	0.5256E-13
16.62	0.5456E-13
17.25	0.5666E-13
17.91	0.5886E-13
18.59	0.6117E-13
19.30	0.6360E-13
20.04	0.6615E-13
20.80	0.6883E-13
21.59	0.7164E-13
22.42	0.7458E-13
23.27	0.7765E-13
24.16	0.8088E-13
25.08	0.8425E-13
26.03	0.8777E-13
27.02	0.9145E-13
28.05	0.9529E-13
29.12	0.9929E-13
30.23	0.1035E-12
31.38	0.1078E-12
32.57	0.1123E-12
33.82	0.1169E-12
35.10	0.1218E-12
36.44	0.1268E-12
37.83	0.1319E-12
39.27	0.1372E-12
40.76	0.1427E-12
42.32	0.1483E-12
43.93	0.1540E-12
45.60	0.1599E-12
47.34	0.1658E-12
49.14	0.1718E-12
51.01	0.1778E-12
52.96	0.1839E-12
54.97	0.1899E-12
57.07	0.1959E-12
59.24	0.2018E-12
61.50	0.2076E-12
63.84	0.2133E-12
66.27	0.2188E-12
68.79	0.2242E-12
71.41	0.2293E-12
74.13	0.2344E-12
76.96	0.2392E-12
79.89	0.2439E-12
82.93	0.2484E-12
86.09	0.2527E-12
89.37	0.2569E-12
92.77	0.2610E-12
96.31	0.2649E-12
99.97	0.2686E-12
103.8	0.2723E-12
107.7	0.2758E-12
111.8	0.2792E-12
116.1	0.2826E-12
120.5	0.2858E-12
125.1	0.2889E-12
129.9	0.2920E-12
134.8	0.2950E-12
140.0	0.2979E-12
145.3	0.3007E-12
150.8	0.3035E-12
156.6	0.3062E-12
162.5	0.3088E-12
168.7	0.3113E-12
175.1	0.3138E-12
181.8	0.3163E-12
188.7	0.3186E-12
195.9	0.3209E-12
203.4	0.3231E-12
211.1	0.3253E-12
219.2	0.3274E-12
227.5	0.3294E-12
236.2	0.3314E-12
245.2	0.3332E-12
254.5	0.3350E-12
264.2	0.3368E-12
274.3	0.3384E-12
284.7	0.3400E-12
295.6	0.3415E-12
306.8	0.3430E-12
318.5	0.3443E-12
330.6	0.3456E-12
343.2	0.3468E-12
356.3	0.3479E-12
369.9	0.3489E-12
384.0	0.3499E-12
398.6	0.3507E-12
413.8	0.3515E-12
429.5	0.3521E-12
445.9	0.3527E-12
462.9	0.3532E-12
480.5	0.3536E-12
498.8	0.3539E-12
517.8	0.3541E-12
537.5	0.3542E-12
558.0	0.3542E-12
579.2	0.3541E-12
601.3	0.3539E-12
624.2	0.3535E-12
648.0	0.3531E-12
672.6	0.3526E-12
698.3	0.3520E-12
724.9	0.3513E-12
752.5	0.3504E-12
781.1	0.3495E-12
810.9	0.3485E-12
841.8	0.3474E-12
873.8	0.3463E-12
907.1	0.3450E-12
941.6	0.3437E-12
977.5	0.3423E-12
1015.	0.3408E-12
1053.	0.3393E-12
1094.	0.3377E-12
1135.	0.3361E-12
1178.	0.3345E-12
1223.	0.3329E-12
1270.	0.3314E-12
1318.	0.3298E-12
1368.	0.3283E-12
1421.	0.3267E-12
1475.	0.3254E-12
1531.	0.3241E-12
1589.	0.3230E-12
1650.	0.3219E-12
1712.	0.3210E-12
1778.	0.3202E-12
1845.	0.3196E-12
1916.	0.3192E-12
1989.	0.3190E-12
2064.	0.3189E-12
2143.	0.3191E-12
2225.	0.3195E-12
2309.	0.3201E-12
2397.	0.3208E-12
2489.	0.3218E-12
2583.	0.3231E-12
2682.	0.3245E-12
2784.	0.3262E-12
2890.	0.3280E-12
3000.	0.3301E-12
 
 
E/N (Td)	Total ionization freq. /N (m3/s)
0.1000E-02	0.000
0.1038E-02	0.000
0.1078E-02	0.000
0.1119E-02	0.000
0.1161E-02	0.000
0.1205E-02	0.000
0.1251E-02	0.000
0.1299E-02	0.000
0.1349E-02	0.000
0.1400E-02	0.000
0.1453E-02	0.000
0.1509E-02	0.000
0.1566E-02	0.000
0.1626E-02	0.000
0.1688E-02	0.000
0.1752E-02	0.000
0.1819E-02	0.000
0.1888E-02	0.000
0.1960E-02	0.000
0.2034E-02	0.000
0.2112E-02	0.000
0.2192E-02	0.000
0.2276E-02	0.000
0.2362E-02	0.000
0.2452E-02	0.000
0.2546E-02	0.000
0.2643E-02	0.000
0.2743E-02	0.000
0.2848E-02	0.000
0.2956E-02	0.000
0.3069E-02	0.000
0.3186E-02	0.000
0.3307E-02	0.000
0.3433E-02	0.000
0.3564E-02	0.000
0.3700E-02	0.000
0.3841E-02	0.000
0.3987E-02	0.000
0.4139E-02	0.000
0.4296E-02	0.000
0.4460E-02	0.000
0.4630E-02	0.000
0.4806E-02	0.000
0.4989E-02	0.000
0.5179E-02	0.000
0.5377E-02	0.000
0.5581E-02	0.000
0.5794E-02	0.000
0.6015E-02	0.000
0.6244E-02	0.000
0.6481E-02	0.000
0.6728E-02	0.000
0.6985E-02	0.000
0.7251E-02	0.000
0.7527E-02	0.000
0.7813E-02	0.000
0.8111E-02	0.000
0.8420E-02	0.000
0.8741E-02	0.000
0.9073E-02	0.000
0.9419E-02	0.000
0.9778E-02	0.000
0.1015E-01	0.000
0.1054E-01	0.000
0.1094E-01	0.000
0.1135E-01	0.000
0.1179E-01	0.000
0.1224E-01	0.000
0.1270E-01	0.000
0.1319E-01	0.000
0.1369E-01	0.000
0.1421E-01	0.000
0.1475E-01	0.000
0.1531E-01	0.000
0.1590E-01	0.000
0.1650E-01	0.000
0.1713E-01	0.000
0.1778E-01	0.000
0.1846E-01	0.000
0.1916E-01	0.000
0.1989E-01	0.000
0.2065E-01	0.000
0.2144E-01	0.000
0.2225E-01	0.000
0.2310E-01	0.000
0.2398E-01	0.000
0.2489E-01	0.000
0.2584E-01	0.000
0.2682E-01	0.000
0.2785E-01	0.000
0.2891E-01	0.000
0.3001E-01	0.000
0.3115E-01	0.000
0.3234E-01	0.000
0.3357E-01	0.000
0.3485E-01	0.000
0.3617E-01	0.000
0.3755E-01	0.000
0.3898E-01	0.000
0.4047E-01	0.000
0.4201E-01	0.000
0.4361E-01	0.000
0.4527E-01	0.000
0.4699E-01	0.000
0.4878E-01	0.000
0.5064E-01	0.000
0.5257E-01	0.000
0.5457E-01	0.000
0.5665E-01	0.000
0.5881E-01	0.000
0.6105E-01	0.000
0.6337E-01	0.000
0.6579E-01	0.000
0.6829E-01	0.000
0.7089E-01	0.000
0.7359E-01	0.000
0.7640E-01	0.000
0.7931E-01	0.000
0.8233E-01	0.000
0.8546E-01	0.000
0.8872E-01	0.000
0.9210E-01	0.000
0.9560E-01	0.000
0.9924E-01	0.000
0.1030	0.000
0.1069	0.000
0.1110	0.000
0.1152	0.000
0.1196	0.000
0.1242	0.000
0.1289	0.000
0.1338	0.000
0.1389	0.000
0.1442	0.000
0.1497	0.000
0.1554	0.000
0.1613	0.000
0.1675	0.000
0.1739	0.000
0.1805	0.000
0.1874	0.000
0.1945	0.000
0.2019	0.000
0.2096	0.000
0.2176	0.000
0.2259	0.000
0.2345	0.000
0.2434	0.000
0.2527	0.000
0.2623	0.000
0.2723	0.000
0.2826	0.000
0.2934	0.000
0.3046	0.000
0.3162	0.000
0.3282	0.000
0.3407	0.000
0.3537	0.000
0.3672	0.000
0.3812	0.000
0.3957	0.000
0.4107	0.000
0.4264	0.000
0.4426	0.000
0.4595	0.000
0.4770	0.000
0.4952	0.000
0.5140	0.000
0.5336	0.000
0.5539	0.000
0.5750	0.000
0.5969	0.000
0.6196	0.000
0.6432	0.000
0.6677	0.000
0.6932	0.000
0.7196	0.000
0.7470	0.000
0.7754	0.000
0.8050	0.000
0.8356	0.000
0.8674	0.000
0.9005	0.000
0.9348	0.000
0.9704	0.000
1.007	0.000
1.046	0.000
1.086	0.000
1.127	0.000
1.170	0.000
1.214	0.000
1.261	0.000
1.309	0.000
1.358	0.000
1.410	0.000
1.464	0.000
1.520	0.000
1.578	0.000
1.638	0.000
1.700	0.000
1.765	0.000
1.832	0.000
1.902	0.000
1.974	0.000
2.049	0.000
2.127	0.000
2.208	0.000
2.293	0.000
2.380	0.000
2.470	0.000
2.565	0.000
2.662	0.000
2.764	0.000
2.869	0.000
2.978	0.000
3.092	0.000
3.209	0.000
3.332	0.000
3.458	0.000
3.590	0.000
3.727	0.000
3.869	0.000
4.016	0.000
4.169	0.000
4.328	0.000
4.493	0.000
4.664	0.000
4.841	0.000
5.026	0.000
5.217	0.000
5.416	0.000
5.622	0.000
5.836	0.000
6.059	0.000
6.289	0.000
6.529	0.000
6.778	0.000
7.036	0.000
7.304	0.000
7.582	0.000
7.871	0.000
8.170	0.000
8.482	0.000
8.805	0.000
9.140	0.000
9.488	0.000
9.849	0.000
10.22	0.000
10.61	0.000
11.02	0.000
11.44	0.000
11.87	0.000
12.33	0.000
12.80	0.000
13.28	0.000
13.79	0.000
14.31	0.000
14.86	0.000
15.42	0.000
16.01	0.000
16.62	0.000
17.25	0.000
17.91	0.000
18.59	0.000
19.30	0.000
20.04	0.000
20.80	0.000
21.59	0.000
22.42	0.000
23.27	0.000
24.16	0.000
25.08	0.000
26.03	0.000
27.02	0.000
28.05	0.000
29.12	0.000
30.23	0.000
31.38	0.8382E-33
32.57	0.3489E-32
33.82	0.1355E-31
35.10	0.4918E-31
36.44	0.1673E-30
37.83	0.5350E-30
39.27	0.4402E-25
40.76	0.1344E-24
42.32	0.3886E-24
43.93	0.1065E-23
45.60	0.2777E-23
47.34	0.6894E-23
49.14	0.1634E-22
51.01	0.3743E-22
52.96	0.8153E-22
54.97	0.1707E-21
57.07	0.3443E-21
59.24	0.6703E-21
61.50	0.1262E-20
63.84	0.2308E-20
66.27	0.4089E-20
68.79	0.7048E-20
71.41	0.1184E-19
74.13	0.1941E-19
76.96	0.3110E-19
79.89	0.4878E-19
82.93	0.7502E-19
86.09	0.1133E-18
89.37	0.1681E-18
92.77	0.2452E-18
96.31	0.3523E-18
99.97	0.4989E-18
103.8	0.6970E-18
107.7	0.9615E-18
111.8	0.1311E-17
116.1	0.1767E-17
120.5	0.2357E-17
125.1	0.3111E-17
129.9	0.4070E-17
134.8	0.5276E-17
140.0	0.6784E-17
145.3	0.8652E-17
150.8	0.1095E-16
156.6	0.1376E-16
162.5	0.1718E-16
168.7	0.2131E-16
175.1	0.2628E-16
181.8	0.3222E-16
188.7	0.3929E-16
195.9	0.4766E-16
203.4	0.5752E-16
211.1	0.6911E-16
219.2	0.8267E-16
227.5	0.9847E-16
236.2	0.1168E-15
245.2	0.1380E-15
254.5	0.1625E-15
264.2	0.1907E-15
274.3	0.2230E-15
284.7	0.2600E-15
295.6	0.3022E-15
306.8	0.3502E-15
318.5	0.4048E-15
330.6	0.4665E-15
343.2	0.5363E-15
356.3	0.6151E-15
369.9	0.7038E-15
384.0	0.8034E-15
398.6	0.9152E-15
413.8	0.1040E-14
429.5	0.1180E-14
445.9	0.1336E-14
462.9	0.1510E-14
480.5	0.1704E-14
498.8	0.1919E-14
517.8	0.2157E-14
537.5	0.2421E-14
558.0	0.2713E-14
579.2	0.3036E-14
601.3	0.3392E-14
624.2	0.3787E-14
648.0	0.4220E-14
672.6	0.4695E-14
698.3	0.5218E-14
724.9	0.5791E-14
752.5	0.6419E-14
781.1	0.7107E-14
810.9	0.7859E-14
841.8	0.8681E-14
873.8	0.9577E-14
907.1	0.1055E-13
941.6	0.1162E-13
977.5	0.1277E-13
1015.	0.1403E-13
1053.	0.1539E-13
1094.	0.1687E-13
1135.	0.1846E-13
1178.	0.2018E-13
1223.	0.2203E-13
1270.	0.2402E-13
1318.	0.2616E-13
1368.	0.2845E-13
1421.	0.3091E-13
1475.	0.3352E-13
1531.	0.3630E-13
1589.	0.3924E-13
1650.	0.4237E-13
1712.	0.4567E-13
1778.	0.4917E-13
1845.	0.5284E-13
1916.	0.5669E-13
1989.	0.6073E-13
2064.	0.6495E-13
2143.	0.6936E-13
2225.	0.7394E-13
2309.	0.7871E-13
2397.	0.8366E-13
2489.	0.8878E-13
2583.	0.9408E-13
2682.	0.9955E-13
2784.	0.1052E-12
2890.	0.1110E-12
3000.	0.1170E-12
 
 
E/N (Td)	Total attachment freq. /N (m3/s)
0.1000E-02	0.000
0.1038E-02	0.000
0.1078E-02	0.000
0.1119E-02	0.000
0.1161E-02	0.000
0.1205E-02	0.000
0.1251E-02	0.000
0.1299E-02	0.000
0.1349E-02	0.000
0.1400E-02	0.000
0.1453E-02	0.000
0.1509E-02	0.000
0.1566E-02	0.000
0.1626E-02	0.000
0.1688E-02	0.000
0.1752E-02	0.000
0.1819E-02	0.000
0.1888E-02	0.000
0.1960E-02	0.000
0.2034E-02	0.000
0.2112E-02	0.000
0.2192E-02	0.000
0.2276E-02	0.000
0.2362E-02	0.000
0.2452E-02	0.000
0.2546E-02	0.000
0.2643E-02	0.000
0.2743E-02	0.000
0.2848E-02	0.000
0.2956E-02	0.000
0.3069E-02	0.000
0.3186E-02	0.000
0.3307E-02	0.000
0.3433E-02	0.000
0.3564E-02	0.000
0.3700E-02	0.000
0.3841E-02	0.000
0.3987E-02	0.000
0.4139E-02	0.000
0.4296E-02	0.000
0.4460E-02	0.000
0.4630E-02	0.000
0.4806E-02	0.000
0.4989E-02	0.000
0.5179E-02	0.000
0.5377E-02	0.000
0.5581E-02	0.000
0.5794E-02	0.000
0.6015E-02	0.000
0.6244E-02	0.000
0.6481E-02	0.000
0.6728E-02	0.000
0.6985E-02	0.000
0.7251E-02	0.000
0.7527E-02	0.000
0.7813E-02	0.000
0.8111E-02	0.000
0.8420E-02	0.000
0.8741E-02	0.000
0.9073E-02	0.000
0.9419E-02	0.000
0.9778E-02	0.000
0.1015E-01	0.000
0.1054E-01	0.000
0.1094E-01	0.000
0.1135E-01	0.000
0.1179E-01	0.000
0.1224E-01	0.000
0.1270E-01	0.000
0.1319E-01	0.000
0.1369E-01	0.000
0.1421E-01	0.000
0.1475E-01	0.000
0.1531E-01	0.000
0.1590E-01	0.000
0.1650E-01	0.000
0.1713E-01	0.000
0.1778E-01	0.000
0.1846E-01	0.000
0.1916E-01	0.000
0.1989E-01	0.000
0.2065E-01	0.000
0.2144E-01	0.000
0.2225E-01	0.000
0.2310E-01	0.000
0.2398E-01	0.000
0.2489E-01	0.000
0.2584E-01	0.000
0.2682E-01	0.000
0.2785E-01	0.000
0.2891E-01	0.000
0.3001E-01	0.000
0.3115E-01	0.000
0.3234E-01	0.000
0.3357E-01	0.000
0.3485E-01	0.000
0.3617E-01	0.000
0.3755E-01	0.000
0.3898E-01	0.000
0.4047E-01	0.000
0.4201E-01	0.000
0.4361E-01	0.000
0.4527E-01	0.000
0.4699E-01	0.000
0.4878E-01	0.000
0.5064E-01	0.000
0.5257E-01	0.000
0.5457E-01	0.000
0.5665E-01	0.000
0.5881E-01	0.000
0.6105E-01	0.000
0.6337E-01	0.000
0.6579E-01	0.000
0.6829E-01	0.000
0.7089E-01	0.000
0.7359E-01	0.000
0.7640E-01	0.000
0.7931E-01	0.000
0.8233E-01	0.000
0.8546E-01	0.000
0.8872E-01	0.000
0.9210E-01	0.000
0.9560E-01	0.000
0.9924E-01	0.000
0.1030	0.000
0.1069	0.000
0.1110	0.000
0.1152	0.000
0.1196	0.000
0.1242	0.000
0.1289	0.000
0.1338	0.000
0.1389	0.000
0.1442	0.000
0.1497	0.000
0.1554	0.000
0.1613	0.000
0.1675	0.000
0.1739	0.000
0.1805	0.000
0.1874	0.000
0.1945	0.000
0.2019	0.000
0.2096	0.000
0.2176	0.000
0.2259	0.000
0.2345	0.000
0.2434	0.000
0.2527	0.000
0.2623	0.000
0.2723	0.000
0.2826	0.000
0.2934	0.000
0.3046	0.000
0.3162	0.000
0.3282	0.000
0.3407	0.000
0.3537	0.000
0.3672	0.000
0.3812	0.000
0.3957	0.000
0.4107	0.000
0.4264	0.000
0.4426	0.000
0.4595	0.000
0.4770	0.000
0.4952	0.000
0.5140	0.000
0.5336	0.000
0.5539	0.000
0.5750	0.000
0.5969	0.000
0.6196	0.000
0.6432	0.000
0.6677	0.000
0.6932	0.000
0.7196	0.000
0.7470	0.000
0.7754	0.000
0.8050	0.000
0.8356	0.000
0.8674	0.000
0.9005	0.000
0.9348	0.000
0.9704	0.000
1.007	0.000
1.046	0.000
1.086	0.000
1.127	0.000
1.170	0.000
1.214	0.000
1.261	0.000
1.309	0.000
1.358	0.000
1.410	0.000
1.464	0.000
1.520	0.000
1.578	0.000
1.638	0.000
1.700	0.000
1.765	0.000
1.832	0.000
1.902	0.000
1.974	0.000
2.049	0.000
2.127	0.000
2.208	0.000
2.293	0.000
2.380	0.000
2.470	0.000
2.565	0.000
2.662	0.000
2.764	0.000
2.869	0.000
2.978	0.000
3.092	0.000
3.209	0.000
3.332	0.000
3.458	0.000
3.590	0.000
3.727	0.000
3.869	0.000
4.016	0.000
4.169	0.000
4.328	0.000
4.493	0.000
4.664	0.000
4.841	0.000
5.026	0.000
5.217	0.000
5.416	0.000
5.622	0.000
5.836	0.000
6.059	0.000
6.289	0.000
6.529	0.000
6.778	0.000
7.036	0.000
7.304	0.000
7.582	0.000
7.871	0.000
8.170	0.000
8.482	0.000
8.805	0.000
9.140	0.000
9.488	0.000
9.849	0.000
10.22	0.000
10.61	0.000
11.02	0.000
11.44	0.000
11.87	0.000
12.33	0.000
12.80	0.000
13.28	0.000
13.79	0.000
14.31	0.000
14.86	0.000
15.42	0.000
16.01	0.000
16.62	0.1545E-27
17.25	0.6233E-27
17.91	0.2374E-26
18.59	0.8546E-26
19.30	0.2912E-25
20.04	0.9408E-25
20.80	0.4809E-24
21.59	0.1454E-23
22.42	0.4192E-23
23.27	0.1154E-22
24.16	0.3036E-22
25.08	0.7666E-22
26.03	0.1850E-21
27.02	0.4283E-21
28.05	0.9528E-21
29.12	0.2039E-20
30.23	0.4201E-20
31.38	0.8355E-20
32.57	0.1602E-19
33.82	0.2969E-19
35.10	0.5322E-19
36.44	0.9239E-19
37.83	0.1555E-18
39.27	0.2541E-18
40.76	0.4033E-18
42.32	0.6225E-18
43.93	0.9356E-18
45.60	0.1371E-17
47.34	0.1960E-17
49.14	0.2738E-17
51.01	0.3740E-17
52.96	0.5004E-17
54.97	0.6563E-17
57.07	0.8451E-17
59.24	0.1069E-16
61.50	0.1331E-16
63.84	0.1633E-16
66.27	0.1974E-16
68.79	0.2357E-16
71.41	0.2780E-16
74.13	0.3244E-16
76.96	0.3746E-16
79.89	0.4287E-16
82.93	0.4863E-16
86.09	0.5474E-16
89.37	0.6118E-16
92.77	0.6793E-16
96.31	0.7496E-16
99.97	0.8226E-16
103.8	0.8980E-16
107.7	0.9757E-16
111.8	0.1055E-15
116.1	0.1137E-15
120.5	0.1220E-15
125.1	0.1305E-15
129.9	0.1391E-15
134.8	0.1478E-15
140.0	0.1566E-15
145.3	0.1655E-15
150.8	0.1744E-15
156.6	0.1834E-15
162.5	0.1924E-15
168.7	0.2013E-15
175.1	0.2103E-15
181.8	0.2192E-15
188.7	0.2281E-15
195.9	0.2370E-15
203.4	0.2457E-15
211.1	0.2543E-15
219.2	0.2628E-15
227.5	0.2712E-15
236.2	0.2794E-15
245.2	0.2875E-15
254.5	0.2954E-15
264.2	0.3030E-15
274.3	0.3105E-15
284.7	0.3178E-15
295.6	0.3248E-15
306.8	0.3316E-15
318.5	0.3381E-15
330.6	0.3444E-15
343.2	0.3503E-15
356.3	0.3561E-15
369.9	0.3615E-15
384.0	0.3666E-15
398.6	0.3715E-15
413.8	0.3760E-15
429.5	0.3803E-15
445.9	0.3843E-15
462.9	0.3879E-15
480.5	0.3913E-15
498.8	0.3943E-15
517.8	0.3971E-15
537.5	0.3995E-15
558.0	0.4017E-15
579.2	0.4036E-15
601.3	0.4051E-15
624.2	0.4063E-15
648.0	0.4072E-15
672.6	0.4079E-15
698.3	0.4082E-15
724.9	0.4082E-15
752.5	0.4079E-15
781.1	0.4072E-15
810.9	0.4063E-15
841.8	0.4050E-15
873.8	0.4035E-15
907.1	0.4016E-15
941.6	0.3994E-15
977.5	0.3968E-15
1015.	0.3940E-15
1053.	0.3908E-15
1094.	0.3874E-15
1135.	0.3835E-15
1178.	0.3794E-15
1223.	0.3751E-15
1270.	0.3704E-15
1318.	0.3655E-15
1368.	0.3603E-15
1421.	0.3548E-15
1475.	0.3491E-15
1531.	0.3432E-15
1589.	0.3371E-15
1650.	0.3307E-15
1712.	0.3242E-15
1778.	0.3176E-15
1845.	0.3108E-15
1916.	0.3039E-15
1989.	0.2969E-15
2064.	0.2898E-15
2143.	0.2826E-15
2225.	0.2754E-15
2309.	0.2682E-15
2397.	0.2610E-15
2489.	0.2537E-15
2583.	0.2465E-15
2682.	0.2393E-15
2784.	0.2321E-15
2890.	0.2250E-15
3000.	0.2180E-15
 
 
E/N (Td)	Townsend ioniz. coef. alpha/N (m2)
0.1000E-02	0.000
0.1038E-02	0.000
0.1078E-02	0.000
0.1119E-02	0.000
0.1161E-02	0.000
0.1205E-02	0.000
0.1251E-02	0.000
0.1299E-02	0.000
0.1349E-02	0.000
0.1400E-02	0.000
0.1453E-02	0.000
0.1509E-02	0.000
0.1566E-02	0.000
0.1626E-02	0.000
0.1688E-02	0.000
0.1752E-02	0.000
0.1819E-02	0.000
0.1888E-02	0.000
0.1960E-02	0.000
0.2034E-02	0.000
0.2112E-02	0.000
0.2192E-02	0.000
0.2276E-02	0.000
0.2362E-02	0.000
0.2452E-02	0.000
0.2546E-02	0.000
0.2643E-02	0.000
0.2743E-02	0.000
0.2848E-02	0.000
0.2956E-02	0.000
0.3069E-02	0.000
0.3186E-02	0.000
0.3307E-02	0.000
0.3433E-02	0.000
0.3564E-02	0.000
0.3700E-02	0.000
0.3841E-02	0.000
0.3987E-02	0.000
0.4139E-02	0.000
0.4296E-02	0.000
0.4460E-02	0.000
0.4630E-02	0.000
0.4806E-02	0.000
0.4989E-02	0.000
0.5179E-02	0.000
0.5377E-02	0.000
0.5581E-02	0.000
0.5794E-02	0.000
0.6015E-02	0.000
0.6244E-02	0.000
0.6481E-02	0.000
0.6728E-02	0.000
0.6985E-02	0.000
0.7251E-02	0.000
0.7527E-02	0.000
0.7813E-02	0.000
0.8111E-02	0.000
0.8420E-02	0.000
0.8741E-02	0.000
0.9073E-02	0.000
0.9419E-02	0.000
0.9778E-02	0.000
0.1015E-01	0.000
0.1054E-01	0.000
0.1094E-01	0.000
0.1135E-01	0.000
0.1179E-01	0.000
0.1224E-01	0.000
0.1270E-01	0.000
0.1319E-01	0.000
0.1369E-01	0.000
0.1421E-01	0.000
0.1475E-01	0.000
0.1531E-01	0.000
0.1590E-01	0.000
0.1650E-01	0.000
0.1713E-01	0.000
0.1778E-01	0.000
0.1846E-01	0.000
0.1916E-01	0.000
0.1989E-01	0.000
0.2065E-01	0.000
0.2144E-01	0.000
0.2225E-01	0.000
0.2310E-01	0.000
0.2398E-01	0.000
0.2489E-01	0.000
0.2584E-01	0.000
0.2682E-01	0.000
0.2785E-01	0.000
0.2891E-01	0.000
0.3001E-01	0.000
0.3115E-01	0.000
0.3234E-01	0.000
0.3357E-01	0.000
0.3485E-01	0.000
0.3617E-01	0.000
0.3755E-01	0.000
0.3898E-01	0.000
0.4047E-01	0.000
0.4201E-01	0.000
0.4361E-01	0.000
0.4527E-01	0.000
0.4699E-01	0.000
0.4878E-01	0.000
0.5064E-01	0.000
0.5257E-01	0.000
0.5457E-01	0.000
0.5665E-01	0.000
0.5881E-01	0.000
0.6105E-01	0.000
0.6337E-01	0.000
0.6579E-01	0.000
0.6829E-01	0.000
0.7089E-01	0.000
0.7359E-01	0.000
0.7640E-01	0.000
0.7931E-01	0.000
0.8233E-01	0.000
0.8546E-01	0.000
0.8872E-01	0.000
0.9210E-01	0.000
0.9560E-01	0.000
0.9924E-01	0.000
0.1030	0.000
0.1069	0.000
0.1110	0.000
0.1152	0.000
0.1196	0.000
0.1242	0.000
0.1289	0.000
0.1338	0.000
0.1389	0.000
0.1442	0.000
0.1497	0.000
0.1554	0.000
0.1613	0.000
0.1675	0.000
0.1739	0.000
0.1805	0.000
0.1874	0.000
0.1945	0.000
0.2019	0.000
0.2096	0.000
0.2176	0.000
0.2259	0.000
0.2345	0.000
0.2434	0.000
0.2527	0.000
0.2623	0.000
0.2723	0.000
0.2826	0.000
0.2934	0.000
0.3046	0.000
0.3162	0.000
0.3282	0.000
0.3407	0.000
0.3537	0.000
0.3672	0.000
0.3812	0.000
0.3957	0.000
0.4107	0.000
0.4264	0.000
0.4426	0.000
0.4595	0.000
0.4770	0.000
0.4952	0.000
0.5140	0.000
0.5336	0.000
0.5539	0.000
0.5750	0.000
0.5969	0.000
0.6196	0.000
0.6432	0.000
0.6677	0.000
0.6932	0.000
0.7196	0.000
0.7470	0.000
0.7754	0.000
0.8050	0.000
0.8356	0.000
0.8674	0.000
0.9005	0.000
0.9348	0.000
0.9704	0.000
1.007	0.000
1.046	0.000
1.086	0.000
1.127	0.000
1.170	0.000
1.214	0.000
1.261	0.000
1.309	0.000
1.358	0.000
1.410	0.000
1.464	0.000
1.520	0.000
1.578	0.000
1.638	0.000
1.700	0.000
1.765	0.000
1.832	0.000
1.902	0.000
1.974	0.000
2.049	0.000
2.127	0.000
2.208	0.000
2.293	0.000
2.380	0.000
2.470	0.000
2.565	0.000
2.662	0.000
2.764	0.000
2.869	0.000
2.978	0.000
3.092	0.000
3.209	0.000
3.332	0.000
3.458	0.000
3.590	0.000
3.727	0.000
3.869	0.000
4.016	0.000
4.169	0.000
4.328	0.000
4.493	0.000
4.664	0.000
4.841	0.000
5.026	0.000
5.217	0.000
5.416	0.000
5.622	0.000
5.836	0.000
6.059	0.000
6.289	0.000
6.529	0.000
6.778	0.000
7.036	0.000
7.304	0.000
7.582	0.000
7.871	0.000
8.170	0.000
8.482	0.000
8.805	0.000
9.140	0.000
9.488	0.000
9.849	0.000
10.22	0.000
10.61	0.000
11.02	0.000
11.44	0.000
11.87	0.000
12.33	0.000
12.80	0.000
13.28	0.000
13.79	0.000
14.31	0.000
14.86	0.000
15.42	0.000
16.01	0.000
16.62	0.000
17.25	0.000
17.91	0.000
18.59	0.000
19.30	0.000
20.04	0.000
20.80	0.000
21.59	0.000
22.42	0.000
23.27	0.000
24.16	0.000
25.08	0.000
26.03	0.000
27.02	0.000
28.05	0.000
29.12	0.000
30.23	0.000
31.38	0.1637E-37
32.57	0.6837E-37
33.82	0.2663E-36
35.10	0.9698E-36
36.44	0.3309E-35
37.83	0.1061E-34
39.27	0.8747E-30
40.76	0.2676E-29
42.32	0.7742E-29
43.93	0.2124E-28
45.60	0.5534E-28
47.34	0.1373E-27
49.14	0.3249E-27
51.01	0.7420E-27
52.96	0.1610E-26
54.97	0.3353E-26
57.07	0.6719E-26
59.24	0.1298E-25
61.50	0.2423E-25
63.84	0.4383E-25
66.27	0.7675E-25
68.79	0.1306E-24
71.41	0.2162E-24
74.13	0.3488E-24
76.96	0.5496E-24
79.89	0.8468E-24
82.93	0.1278E-23
86.09	0.1891E-23
89.37	0.2747E-23
92.77	0.3921E-23
96.31	0.5508E-23
99.97	0.7621E-23
103.8	0.1040E-22
107.7	0.1400E-22
111.8	0.1861E-22
116.1	0.2445E-22
120.5	0.3177E-22
125.1	0.4085E-22
129.9	0.5202E-22
134.8	0.6563E-22
140.0	0.8209E-22
145.3	0.1018E-21
150.8	0.1253E-21
156.6	0.1530E-21
162.5	0.1856E-21
168.7	0.2236E-21
175.1	0.2677E-21
181.8	0.3187E-21
188.7	0.3771E-21
195.9	0.4438E-21
203.4	0.5196E-21
211.1	0.6054E-21
219.2	0.7021E-21
227.5	0.8105E-21
236.2	0.9317E-21
245.2	0.1067E-20
254.5	0.1216E-20
264.2	0.1382E-20
274.3	0.1565E-20
284.7	0.1766E-20
295.6	0.1985E-20
306.8	0.2226E-20
318.5	0.2488E-20
330.6	0.2772E-20
343.2	0.3081E-20
356.3	0.3415E-20
369.9	0.3775E-20
384.0	0.4162E-20
398.6	0.4578E-20
413.8	0.5024E-20
429.5	0.5501E-20
445.9	0.6010E-20
462.9	0.6552E-20
480.5	0.7129E-20
498.8	0.7740E-20
517.8	0.8387E-20
537.5	0.9071E-20
558.0	0.9792E-20
579.2	0.1055E-19
601.3	0.1135E-19
624.2	0.1219E-19
648.0	0.1307E-19
672.6	0.1399E-19
698.3	0.1495E-19
724.9	0.1595E-19
752.5	0.1700E-19
781.1	0.1808E-19
810.9	0.1921E-19
841.8	0.2037E-19
873.8	0.2158E-19
907.1	0.2282E-19
941.6	0.2411E-19
977.5	0.2543E-19
1015.	0.2679E-19
1053.	0.2819E-19
1094.	0.2962E-19
1135.	0.3108E-19
1178.	0.3257E-19
1223.	0.3409E-19
1270.	0.3564E-19
1318.	0.3721E-19
1368.	0.3880E-19
1421.	0.4042E-19
1475.	0.4205E-19
1531.	0.4369E-19
1589.	0.4535E-19
1650.	0.4701E-19
1712.	0.4868E-19
1778.	0.5036E-19
1845.	0.5204E-19
1916.	0.5371E-19
1989.	0.5539E-19
2064.	0.5705E-19
2143.	0.5872E-19
2225.	0.6037E-19
2309.	0.6202E-19
2397.	0.6366E-19
2489.	0.6528E-19
2583.	0.6689E-19
2682.	0.6849E-19
2784.	0.7007E-19
2890.	0.7163E-19
3000.	0.7318E-19
 
 
E/N (Td)	Townsend attach. coef. eta/N (m2)
0.1000E-02	0.000
0.1038E-02	0.000
0.1078E-02	0.000
0.1119E-02	0.000
0.1161E-02	0.000
0.1205E-02	0.000
0.1251E-02	0.000
0.1299E-02	0.000
0.1349E-02	0.000
0.1400E-02	0.000
0.1453E-02	0.000
0.1509E-02	0.000
0.1566E-02	0.000
0.1626E-02	0.000
0.1688E-02	0.000
0.1752E-02	0.000
0.1819E-02	0.000
0.1888E-02	0.000
0.1960E-02	0.000
0.2034E-02	0.000
0.2112E-02	0.000
0.2192E-02	0.000
0.2276E-02	0.000
0.2362E-02	0.000
0.2452E-02	0.000
0.2546E-02	0.000
0.2643E-02	0.000
0.2743E-02	0.000
0.2848E-02	0.000
0.2956E-02	0.000
0.3069E-02	0.000
0.3186E-02	0.000
0.3307E-02	0.000
0.3433E-02	0.000
0.3564E-02	0.000
0.3700E-02	0.000
0.3841E-02	0.000
0.3987E-02	0.000
0.4139E-02	0.000
0.4296E-02	0.000
0.4460E-02	0.000
0.4630E-02	0.000
0.4806E-02	0.000
0.4989E-02	0.000
0.5179E-02	0.000
0.5377E-02	0.000
0.5581E-02	0.000
0.5794E-02	0.000
0.6015E-02	0.000
0.6244E-02	0.000
0.6481E-02	0.000
0.6728E-02	0.000
0.6985E-02	0.000
0.7251E-02	0.000
0.7527E-02	0.000
0.7813E-02	0.000
0.8111E-02	0.000
0.8420E-02	0.000
0.8741E-02	0.000
0.9073E-02	0.000
0.9419E-02	0.000
0.9778E-02	0.000
0.1015E-01	0.000
0.1054E-01	0.000
0.1094E-01	0.000
0.1135E-01	0.000
0.1179E-01	0.000
0.1224E-01	0.000
0.1270E-01	0.000
0.1319E-01	0.000
0.1369E-01	0.000
0.1421E-01	0.000
0.1475E-01	0.000
0.1531E-01	0.000
0.1590E-01	0.000
0.1650E-01	0.000
0.1713E-01	0.000
0.1778E-01	0.000
0.1846E-01	0.000
0.1916E-01	0.000
0.1989E-01	0.000
0.2065E-01	0.000
0.2144E-01	0.000
0.2225E-01	0.000
0.2310E-01	0.000
0.2398E-01	0.000
0.2489E-01	0.000
0.2584E-01	0.000
0.2682E-01	0.000
0.2785E-01	0.000
0.2891E-01	0.000
0.3001E-01	0.000
0.3115E-01	0.000
0.3234E-01	0.000
0.3357E-01	0.000
0.3485E-01	0.000
0.3617E-01	0.000
0.3755E-01	0.000
0.3898E-01	0.000
0.4047E-01	0.000
0.4201E-01	0.000
0.4361E-01	0.000
0.4527E-01	0.000
0.4699E-01	0.000
0.4878E-01	0.000
0.5064E-01	0.000
0.5257E-01	0.000
0.5457E-01	0.000
0.5665E-01	0.000
0.5881E-01	0.000
0.6105E-01	0.000
0.6337E-01	0.000
0.6579E-01	0.000
0.6829E-01	0.000
0.7089E-01	0.000
0.7359E-01	0.000
0.7640E-01	0.000
0.7931E-01	0.000
0.8233E-01	0.000
0.8546E-01	0.000
0.8872E-01	0.000
0.9210E-01	0.000
0.9560E-01	0.000
0.9924E-01	0.000
0.1030	0.000
0.1069	0.000
0.1110	0.000
0.1152	0.000
0.1196	0.000
0.1242	0.000
0.1289	0.000
0.1338	0.000
0.1389	0.000
0.1442	0.000
0.1497	0.000
0.1554	0.000
0.1613	0.000
0.1675	0.000
0.1739	0.000
0.1805	0.000
0.1874	0.000
0.1945	0.000
0.2019	0.000
0.2096	0.000
0.2176	0.000
0.2259	0.000
0.2345	0.000
0.2434	0.000
0.2527	0.000
0.2623	0.000
0.2723	0.000
0.2826	0.000
0.2934	0.000
0.3046	0.000
0.3162	0.000
0.3282	0.000
0.3407	0.000
0.3537	0.000
0.3672	0.000
0.3812	0.000
0.3957	0.000
0.4107	0.000
0.4264	0.000
0.4426	0.000
0.4595	0.000
0.4770	0.000
0.4952	0.000
0.5140	0.000
0.5336	0.000
0.5539	0.000
0.5750	0.000
0.5969	0.000
0.6196	0.000
0.6432	0.000
0.6677	0.000
0.6932	0.000
0.7196	0.000
0.7470	0.000
0.7754	0.000
0.8050	0.000
0.8356	0.000
0.8674	0.000
0.9005	0.000
0.9348	0.000
0.9704	0.000
1.007	0.000
1.046	0.000
1.086	0.000
1.127	0.000
1.170	0.000
1.214	0.000
1.261	0.000
1.309	0.000
1.358	0.000
1.410	0.000
1.464	0.000
1.520	0.000
1.578	0.000
1.638	0.000
1.700	0.000
1.765	0.000
1.832	0.000
1.902	0.000
1.974	0.000
2.049	0.000
2.127	0.000
2.208	0.000
2.293	0.000
2.380	0.000
2.470	0.000
2.565	0.000
2.662	0.000
2.764	0.000
2.869	0.000
2.978	0.000
3.092	0.000
3.209	0.000
3.332	0.000
3.458	0.000
3.590	0.000
3.727	0.000
3.869	0.000
4.016	0.000
4.169	0.000
4.328	0.000
4.493	0.000
4.664	0.000
4.841	0.000
5.026	0.000
5.217	0.000
5.416	0.000
5.622	0.000
5.836	0.000
6.059	0.000
6.289	0.000
6.529	0.000
6.778	0.000
7.036	0.000
7.304	0.000
7.582	0.000
7.871	0.000
8.170	0.000
8.482	0.000
8.805	0.000
9.140	0.000
9.488	0.000
9.849	0.000
10.22	0.000
10.61	0.000
11.02	0.000
11.44	0.000
11.87	0.000
12.33	0.000
12.80	0.000
13.28	0.000
13.79	0.000
14.31	0.000
14.86	0.000
15.42	0.000
16.01	0.000
16.62	0.2882E-32
17.25	0.1164E-31
17.91	0.4435E-31
18.59	0.1599E-30
19.30	0.5456E-30
20.04	0.1766E-29
20.80	0.9047E-29
21.59	0.2743E-28
22.42	0.7930E-28
23.27	0.2189E-27
24.16	0.5780E-27
25.08	0.1464E-26
26.03	0.3546E-26
27.02	0.8242E-26
28.05	0.1840E-25
29.12	0.3952E-25
30.23	0.8175E-25
31.38	0.1632E-24
32.57	0.3140E-24
33.82	0.5837E-24
35.10	0.1049E-23
36.44	0.1827E-23
37.83	0.3083E-23
39.27	0.5048E-23
40.76	0.8025E-23
42.32	0.1240E-22
43.93	0.1865E-22
45.60	0.2732E-22
47.34	0.3903E-22
49.14	0.5441E-22
51.01	0.7413E-22
52.96	0.9879E-22
54.97	0.1289E-21
57.07	0.1649E-21
59.24	0.2071E-21
61.50	0.2555E-21
63.84	0.3101E-21
66.27	0.3706E-21
68.79	0.4366E-21
71.41	0.5076E-21
74.13	0.5830E-21
76.96	0.6621E-21
79.89	0.7441E-21
82.93	0.8282E-21
86.09	0.9138E-21
89.37	0.1000E-20
92.77	0.1086E-20
96.31	0.1172E-20
99.97	0.1257E-20
103.8	0.1340E-20
107.7	0.1420E-20
111.8	0.1498E-20
116.1	0.1573E-20
120.5	0.1645E-20
125.1	0.1714E-20
129.9	0.1778E-20
134.8	0.1839E-20
140.0	0.1895E-20
145.3	0.1947E-20
150.8	0.1995E-20
156.6	0.2039E-20
162.5	0.2078E-20
168.7	0.2112E-20
175.1	0.2143E-20
181.8	0.2168E-20
188.7	0.2190E-20
195.9	0.2207E-20
203.4	0.2219E-20
211.1	0.2228E-20
219.2	0.2232E-20
227.5	0.2232E-20
236.2	0.2229E-20
245.2	0.2222E-20
254.5	0.2211E-20
264.2	0.2196E-20
274.3	0.2179E-20
284.7	0.2158E-20
295.6	0.2134E-20
306.8	0.2107E-20
318.5	0.2078E-20
330.6	0.2046E-20
343.2	0.2013E-20
356.3	0.1977E-20
369.9	0.1939E-20
384.0	0.1899E-20
398.6	0.1858E-20
413.8	0.1816E-20
429.5	0.1773E-20
445.9	0.1728E-20
462.9	0.1683E-20
480.5	0.1637E-20
498.8	0.1591E-20
517.8	0.1544E-20
537.5	0.1497E-20
558.0	0.1450E-20
579.2	0.1403E-20
601.3	0.1356E-20
624.2	0.1308E-20
648.0	0.1262E-20
672.6	0.1215E-20
698.3	0.1170E-20
724.9	0.1125E-20
752.5	0.1080E-20
781.1	0.1036E-20
810.9	0.9929E-21
841.8	0.9505E-21
873.8	0.9090E-21
907.1	0.8684E-21
941.6	0.8287E-21
977.5	0.7900E-21
1015.	0.7523E-21
1053.	0.7157E-21
1094.	0.6802E-21
1135.	0.6456E-21
1178.	0.6124E-21
1223.	0.5804E-21
1270.	0.5496E-21
1318.	0.5199E-21
1368.	0.4915E-21
1421.	0.4640E-21
1475.	0.4380E-21
1531.	0.4131E-21
1589.	0.3895E-21
1650.	0.3670E-21
1712.	0.3456E-21
1778.	0.3252E-21
1845.	0.3060E-21
1916.	0.2879E-21
1989.	0.2707E-21
2064.	0.2545E-21
2143.	0.2393E-21
2225.	0.2249E-21
2309.	0.2113E-21
2397.	0.1986E-21
2489.	0.1866E-21
2583.	0.1752E-21
2682.	0.1646E-21
2784.	0.1546E-21
2890.	0.1452E-21
3000.	0.1364E-21
 
 
E/N (Td)	Power /N (eV m3/s)
0.1000E-02	0.1672E-22
0.1038E-02	0.1802E-22
0.1078E-02	0.1942E-22
0.1119E-02	0.2092E-22
0.1161E-02	0.2255E-22
0.1205E-02	0.2430E-22
0.1251E-02	0.2618E-22
0.1299E-02	0.2822E-22
0.1349E-02	0.3041E-22
0.1400E-02	0.3277E-22
0.1453E-02	0.3531E-22
0.1509E-02	0.3805E-22
0.1566E-02	0.4101E-22
0.1626E-02	0.4419E-22
0.1688E-02	0.4762E-22
0.1752E-02	0.5132E-22
0.1819E-02	0.5530E-22
0.1888E-02	0.5960E-22
0.1960E-02	0.6422E-22
0.2034E-02	0.6921E-22
0.2112E-02	0.7458E-22
0.2192E-02	0.8037E-22
0.2276E-02	0.8661E-22
0.2362E-02	0.9334E-22
0.2452E-02	0.1006E-21
0.2546E-02	0.1084E-21
0.2643E-02	0.1168E-21
0.2743E-02	0.1259E-21
0.2848E-02	0.1357E-21
0.2956E-02	0.1462E-21
0.3069E-02	0.1575E-21
0.3186E-02	0.1698E-21
0.3307E-02	0.1830E-21
0.3433E-02	0.1972E-21
0.3564E-02	0.2125E-21
0.3700E-02	0.2290E-21
0.3841E-02	0.2468E-21
0.3987E-02	0.2659E-21
0.4139E-02	0.2866E-21
0.4296E-02	0.3088E-21
0.4460E-02	0.3328E-21
0.4630E-02	0.3587E-21
0.4806E-02	0.3866E-21
0.4989E-02	0.4166E-21
0.5179E-02	0.4490E-21
0.5377E-02	0.4838E-21
0.5581E-02	0.5214E-21
0.5794E-02	0.5620E-21
0.6015E-02	0.6056E-21
0.6244E-02	0.6527E-21
0.6481E-02	0.7034E-21
0.6728E-02	0.7581E-21
0.6985E-02	0.8171E-21
0.7251E-02	0.8806E-21
0.7527E-02	0.9491E-21
0.7813E-02	0.1023E-20
0.8111E-02	0.1102E-20
0.8420E-02	0.1188E-20
0.8741E-02	0.1281E-20
0.9073E-02	0.1380E-20
0.9419E-02	0.1488E-20
0.9778E-02	0.1603E-20
0.1015E-01	0.1728E-20
0.1054E-01	0.1863E-20
0.1094E-01	0.2008E-20
0.1135E-01	0.2164E-20
0.1179E-01	0.2332E-20
0.1224E-01	0.2514E-20
0.1270E-01	0.2709E-20
0.1319E-01	0.2920E-20
0.1369E-01	0.3148E-20
0.1421E-01	0.3393E-20
0.1475E-01	0.3657E-20
0.1531E-01	0.3942E-20
0.1590E-01	0.4249E-20
0.1650E-01	0.4579E-20
0.1713E-01	0.4936E-20
0.1778E-01	0.5320E-20
0.1846E-01	0.5734E-20
0.1916E-01	0.6181E-20
0.1989E-01	0.6662E-20
0.2065E-01	0.7180E-20
0.2144E-01	0.7739E-20
0.2225E-01	0.8341E-20
0.2310E-01	0.8990E-20
0.2398E-01	0.9689E-20
0.2489E-01	0.1044E-19
0.2584E-01	0.1125E-19
0.2682E-01	0.1213E-19
0.2785E-01	0.1307E-19
0.2891E-01	0.1409E-19
0.3001E-01	0.1518E-19
0.3115E-01	0.1636E-19
0.3234E-01	0.1764E-19
0.3357E-01	0.1901E-19
0.3485E-01	0.2048E-19
0.3617E-01	0.2207E-19
0.3755E-01	0.2379E-19
0.3898E-01	0.2564E-19
0.4047E-01	0.2763E-19
0.4201E-01	0.2977E-19
0.4361E-01	0.3209E-19
0.4527E-01	0.3458E-19
0.4699E-01	0.3727E-19
0.4878E-01	0.4017E-19
0.5064E-01	0.4329E-19
0.5257E-01	0.4665E-19
0.5457E-01	0.5028E-19
0.5665E-01	0.5419E-19
0.5881E-01	0.5841E-19
0.6105E-01	0.6295E-19
0.6337E-01	0.6785E-19
0.6579E-01	0.7314E-19
0.6829E-01	0.7883E-19
0.7089E-01	0.8497E-19
0.7359E-01	0.9160E-19
0.7640E-01	0.9874E-19
0.7931E-01	0.1064E-18
0.8233E-01	0.1147E-18
0.8546E-01	0.1237E-18
0.8872E-01	0.1334E-18
0.9210E-01	0.1438E-18
0.9560E-01	0.1550E-18
0.9924E-01	0.1671E-18
0.1030	0.1802E-18
0.1069	0.1943E-18
0.1110	0.2095E-18
0.1152	0.2260E-18
0.1196	0.2437E-18
0.1242	0.2628E-18
0.1289	0.2834E-18
0.1338	0.3057E-18
0.1389	0.3297E-18
0.1442	0.3556E-18
0.1497	0.3836E-18
0.1554	0.4138E-18
0.1613	0.4465E-18
0.1675	0.4817E-18
0.1739	0.5197E-18
0.1805	0.5607E-18
0.1874	0.6050E-18
0.1945	0.6529E-18
0.2019	0.7046E-18
0.2096	0.7604E-18
0.2176	0.8207E-18
0.2259	0.8858E-18
0.2345	0.9561E-18
0.2434	0.1032E-17
0.2527	0.1114E-17
0.2623	0.1203E-17
0.2723	0.1298E-17
0.2826	0.1402E-17
0.2934	0.1513E-17
0.3046	0.1634E-17
0.3162	0.1764E-17
0.3282	0.1904E-17
0.3407	0.2056E-17
0.3537	0.2220E-17
0.3672	0.2397E-17
0.3812	0.2588E-17
0.3957	0.2795E-17
0.4107	0.3017E-17
0.4264	0.3258E-17
0.4426	0.3517E-17
0.4595	0.3797E-17
0.4770	0.4098E-17
0.4952	0.4424E-17
0.5140	0.4775E-17
0.5336	0.5153E-17
0.5539	0.5560E-17
0.5750	0.5999E-17
0.5969	0.6472E-17
0.6196	0.6980E-17
0.6432	0.7528E-17
0.6677	0.8117E-17
0.6932	0.8750E-17
0.7196	0.9431E-17
0.7470	0.1016E-16
0.7754	0.1095E-16
0.8050	0.1179E-16
0.8356	0.1269E-16
0.8674	0.1366E-16
0.9005	0.1470E-16
0.9348	0.1581E-16
0.9704	0.1699E-16
1.007	0.1826E-16
1.046	0.1962E-16
1.086	0.2107E-16
1.127	0.2261E-16
1.170	0.2425E-16
1.214	0.2601E-16
1.261	0.2787E-16
1.309	0.2985E-16
1.358	0.3195E-16
1.410	0.3418E-16
1.464	0.3654E-16
1.520	0.3904E-16
1.578	0.4168E-16
1.638	0.4447E-16
1.700	0.4741E-16
1.765	0.5052E-16
1.832	0.5379E-16
1.902	0.5722E-16
1.974	0.6083E-16
2.049	0.6462E-16
2.127	0.6860E-16
2.208	0.7280E-16
2.293	0.7716E-16
2.380	0.8171E-16
2.470	0.8648E-16
2.565	0.9146E-16
2.662	0.9665E-16
2.764	0.1020E-15
2.869	0.1077E-15
2.978	0.1136E-15
3.092	0.1197E-15
3.209	0.1261E-15
3.332	0.1328E-15
3.458	0.1397E-15
3.590	0.1469E-15
3.727	0.1545E-15
3.869	0.1623E-15
4.016	0.1705E-15
4.169	0.1790E-15
4.328	0.1878E-15
4.493	0.1970E-15
4.664	0.2067E-15
4.841	0.2167E-15
5.026	0.2272E-15
5.217	0.2381E-15
5.416	0.2495E-15
5.622	0.2613E-15
5.836	0.2736E-15
6.059	0.2865E-15
6.289	0.2998E-15
6.529	0.3138E-15
6.778	0.3283E-15
7.036	0.3434E-15
7.304	0.3591E-15
7.582	0.3754E-15
7.871	0.3924E-15
8.170	0.4101E-15
8.482	0.4285E-15
8.805	0.4475E-15
9.140	0.4673E-15
9.488	0.4878E-15
9.849	0.5090E-15
10.22	0.5310E-15
10.61	0.5538E-15
11.02	0.5774E-15
11.44	0.6017E-15
11.87	0.6269E-15
12.33	0.6529E-15
12.80	0.6797E-15
13.28	0.7073E-15
13.79	0.7357E-15
14.31	0.7650E-15
14.86	0.7952E-15
15.42	0.8262E-15
16.01	0.8580E-15
16.62	0.8907E-15
17.25	0.9243E-15
17.91	0.9587E-15
18.59	0.9941E-15
19.30	0.1030E-14
20.04	0.1068E-14
20.80	0.1106E-14
21.59	0.1145E-14
22.42	0.1185E-14
23.27	0.1226E-14
24.16	0.1269E-14
25.08	0.1313E-14
26.03	0.1358E-14
27.02	0.1404E-14
28.05	0.1452E-14
29.12	0.1502E-14
30.23	0.1554E-14
31.38	0.1607E-14
32.57	0.1662E-14
33.82	0.1720E-14
35.10	0.1780E-14
36.44	0.1843E-14
37.83	0.1908E-14
39.27	0.1977E-14
40.76	0.2048E-14
42.32	0.2124E-14
43.93	0.2204E-14
45.60	0.2288E-14
47.34	0.2377E-14
49.14	0.2472E-14
51.01	0.2574E-14
52.96	0.2682E-14
54.97	0.2799E-14
57.07	0.2924E-14
59.24	0.3059E-14
61.50	0.3204E-14
63.84	0.3361E-14
66.27	0.3531E-14
68.79	0.3713E-14
71.41	0.3911E-14
74.13	0.4124E-14
76.96	0.4354E-14
79.89	0.4602E-14
82.93	0.4870E-14
86.09	0.5158E-14
89.37	0.5467E-14
92.77	0.5801E-14
96.31	0.6159E-14
99.97	0.6544E-14
103.8	0.6958E-14
107.7	0.7402E-14
111.8	0.7878E-14
116.1	0.8390E-14
120.5	0.8939E-14
125.1	0.9528E-14
129.9	0.1016E-13
134.8	0.1084E-13
140.0	0.1157E-13
145.3	0.1235E-13
150.8	0.1318E-13
156.6	0.1408E-13
162.5	0.1505E-13
168.7	0.1608E-13
175.1	0.1719E-13
181.8	0.1838E-13
188.7	0.1966E-13
195.9	0.2104E-13
203.4	0.2252E-13
211.1	0.2410E-13
219.2	0.2581E-13
227.5	0.2764E-13
236.2	0.2961E-13
245.2	0.3173E-13
254.5	0.3401E-13
264.2	0.3646E-13
274.3	0.3909E-13
284.7	0.4193E-13
295.6	0.4499E-13
306.8	0.4828E-13
318.5	0.5182E-13
330.6	0.5564E-13
343.2	0.5975E-13
356.3	0.6418E-13
369.9	0.6896E-13
384.0	0.7411E-13
398.6	0.7967E-13
413.8	0.8567E-13
429.5	0.9215E-13
445.9	0.9914E-13
462.9	0.1067E-12
480.5	0.1148E-12
498.8	0.1237E-12
517.8	0.1332E-12
537.5	0.1435E-12
558.0	0.1546E-12
579.2	0.1666E-12
601.3	0.1797E-12
624.2	0.1939E-12
648.0	0.2091E-12
672.6	0.2257E-12
698.3	0.2436E-12
724.9	0.2631E-12
752.5	0.2842E-12
781.1	0.3070E-12
810.9	0.3318E-12
841.8	0.3587E-12
873.8	0.3878E-12
907.1	0.4195E-12
941.6	0.4538E-12
977.5	0.4910E-12
1015.	0.5314E-12
1053.	0.5752E-12
1094.	0.6227E-12
1135.	0.6743E-12
1178.	0.7301E-12
1223.	0.7905E-12
1270.	0.8559E-12
1318.	0.9266E-12
1368.	0.1003E-11
1421.	0.1086E-11
1475.	0.1175E-11
1531.	0.1272E-11
1589.	0.1375E-11
1650.	0.1487E-11
1712.	0.1607E-11
1778.	0.1736E-11
1845.	0.1874E-11
1916.	0.2022E-11
1989.	0.2180E-11
2064.	0.2350E-11
2143.	0.2531E-11
2225.	0.2725E-11
2309.	0.2931E-11
2397.	0.3150E-11
2489.	0.3384E-11
2583.	0.3633E-11
2682.	0.3898E-11
2784.	0.4179E-11
2890.	0.4478E-11
3000.	0.4796E-11
 
 
E/N (Td)	Elastic power loss /N (eV m3/s)
0.1000E-02	0.1823E-23
0.1038E-02	0.6403E-24
0.1078E-02	0.6899E-24
0.1119E-02	0.7432E-24
0.1161E-02	0.8006E-24
0.1205E-02	0.8624E-24
0.1251E-02	0.9290E-24
0.1299E-02	0.1001E-23
0.1349E-02	0.1078E-23
0.1400E-02	0.1161E-23
0.1453E-02	0.1250E-23
0.1509E-02	0.1347E-23
0.1566E-02	0.1450E-23
0.1626E-02	0.1562E-23
0.1688E-02	0.1682E-23
0.1752E-02	0.1811E-23
0.1819E-02	0.1950E-23
0.1888E-02	0.2099E-23
0.1960E-02	0.2260E-23
0.2034E-02	0.2432E-23
0.2112E-02	0.2618E-23
0.2192E-02	0.2818E-23
0.2276E-02	0.3032E-23
0.2362E-02	0.3263E-23
0.2452E-02	0.3510E-23
0.2546E-02	0.3776E-23
0.2643E-02	0.4062E-23
0.2743E-02	0.4369E-23
0.2848E-02	0.4698E-23
0.2956E-02	0.5051E-23
0.3069E-02	0.5429E-23
0.3186E-02	0.5835E-23
0.3307E-02	0.6270E-23
0.3433E-02	0.6735E-23
0.3564E-02	0.7234E-23
0.3700E-02	0.7768E-23
0.3841E-02	0.8338E-23
0.3987E-02	0.8948E-23
0.4139E-02	0.9599E-23
0.4296E-02	0.1029E-22
0.4460E-02	0.1104E-22
0.4630E-02	0.1183E-22
0.4806E-02	0.1267E-22
0.4989E-02	0.1356E-22
0.5179E-02	0.1452E-22
0.5377E-02	0.1553E-22
0.5581E-02	0.1660E-22
0.5794E-02	0.1773E-22
0.6015E-02	0.1894E-22
0.6244E-02	0.2020E-22
0.6481E-02	0.2154E-22
0.6728E-02	0.2295E-22
0.6985E-02	0.2443E-22
0.7251E-02	0.2598E-22
0.7527E-02	0.2761E-22
0.7813E-02	0.2931E-22
0.8111E-02	0.3108E-22
0.8420E-02	0.3291E-22
0.8741E-02	0.3482E-22
0.9073E-02	0.3679E-22
0.9419E-02	0.3881E-22
0.9778E-02	0.4089E-22
0.1015E-01	0.4301E-22
0.1054E-01	0.4517E-22
0.1094E-01	0.4736E-22
0.1135E-01	0.4956E-22
0.1179E-01	0.5177E-22
0.1224E-01	0.5397E-22
0.1270E-01	0.5615E-22
0.1319E-01	0.5829E-22
0.1369E-01	0.6037E-22
0.1421E-01	0.6237E-22
0.1475E-01	0.6429E-22
0.1531E-01	0.6609E-22
0.1590E-01	0.6777E-22
0.1650E-01	0.6930E-22
0.1713E-01	0.7067E-22
0.1778E-01	0.7186E-22
0.1846E-01	0.7285E-22
0.1916E-01	0.7365E-22
0.1989E-01	0.7422E-22
0.2065E-01	0.7458E-22
0.2144E-01	0.7472E-22
0.2225E-01	0.7463E-22
0.2310E-01	0.7432E-22
0.2398E-01	0.7381E-22
0.2489E-01	0.7310E-22
0.2584E-01	0.7221E-22
0.2682E-01	0.7116E-22
0.2785E-01	0.6998E-22
0.2891E-01	0.6870E-22
0.3001E-01	0.6734E-22
0.3115E-01	0.6594E-22
0.3234E-01	0.6454E-22
0.3357E-01	0.6318E-22
0.3485E-01	0.6190E-22
0.3617E-01	0.6074E-22
0.3755E-01	0.5974E-22
0.3898E-01	0.5896E-22
0.4047E-01	0.5842E-22
0.4201E-01	0.5818E-22
0.4361E-01	0.5828E-22
0.4527E-01	0.5877E-22
0.4699E-01	0.5967E-22
0.4878E-01	0.6104E-22
0.5064E-01	0.6292E-22
0.5257E-01	0.6533E-22
0.5457E-01	0.6833E-22
0.5665E-01	0.7195E-22
0.5881E-01	0.7623E-22
0.6105E-01	0.8120E-22
0.6337E-01	0.8690E-22
0.6579E-01	0.9336E-22
0.6829E-01	0.1006E-21
0.7089E-01	0.1087E-21
0.7359E-01	0.1177E-21
0.7640E-01	0.1276E-21
0.7931E-01	0.1384E-21
0.8233E-01	0.1503E-21
0.8546E-01	0.1631E-21
0.8872E-01	0.1770E-21
0.9210E-01	0.1920E-21
0.9560E-01	0.2082E-21
0.9924E-01	0.2255E-21
0.1030	0.2441E-21
0.1069	0.2640E-21
0.1110	0.2852E-21
0.1152	0.3078E-21
0.1196	0.3317E-21
0.1242	0.3572E-21
0.1289	0.3842E-21
0.1338	0.4127E-21
0.1389	0.4429E-21
0.1442	0.4748E-21
0.1497	0.5084E-21
0.1554	0.5438E-21
0.1613	0.5810E-21
0.1675	0.6201E-21
0.1739	0.6612E-21
0.1805	0.7043E-21
0.1874	0.7495E-21
0.1945	0.7967E-21
0.2019	0.8462E-21
0.2096	0.8979E-21
0.2176	0.9519E-21
0.2259	0.1008E-20
0.2345	0.1067E-20
0.2434	0.1128E-20
0.2527	0.1192E-20
0.2623	0.1258E-20
0.2723	0.1327E-20
0.2826	0.1399E-20
0.2934	0.1473E-20
0.3046	0.1550E-20
0.3162	0.1631E-20
0.3282	0.1714E-20
0.3407	0.1800E-20
0.3537	0.1889E-20
0.3672	0.1981E-20
0.3812	0.2077E-20
0.3957	0.2176E-20
0.4107	0.2278E-20
0.4264	0.2384E-20
0.4426	0.2494E-20
0.4595	0.2608E-20
0.4770	0.2725E-20
0.4952	0.2847E-20
0.5140	0.2973E-20
0.5336	0.3103E-20
0.5539	0.3238E-20
0.5750	0.3378E-20
0.5969	0.3523E-20
0.6196	0.3674E-20
0.6432	0.3830E-20
0.6677	0.3993E-20
0.6932	0.4162E-20
0.7196	0.4338E-20
0.7470	0.4521E-20
0.7754	0.4712E-20
0.8050	0.4912E-20
0.8356	0.5120E-20
0.8674	0.5339E-20
0.9005	0.5568E-20
0.9348	0.5808E-20
0.9704	0.6061E-20
1.007	0.6327E-20
1.046	0.6607E-20
1.086	0.6903E-20
1.127	0.7216E-20
1.170	0.7548E-20
1.214	0.7899E-20
1.261	0.8273E-20
1.309	0.8671E-20
1.358	0.9094E-20
1.410	0.9546E-20
1.464	0.1003E-19
1.520	0.1055E-19
1.578	0.1110E-19
1.638	0.1170E-19
1.700	0.1233E-19
1.765	0.1302E-19
1.832	0.1376E-19
1.902	0.1455E-19
1.974	0.1541E-19
2.049	0.1633E-19
2.127	0.1733E-19
2.208	0.1841E-19
2.293	0.1956E-19
2.380	0.2081E-19
2.470	0.2215E-19
2.565	0.2360E-19
2.662	0.2516E-19
2.764	0.2683E-19
2.869	0.2863E-19
2.978	0.3057E-19
3.092	0.3265E-19
3.209	0.3489E-19
3.332	0.3729E-19
3.458	0.3986E-19
3.590	0.4262E-19
3.727	0.4557E-19
3.869	0.4873E-19
4.016	0.5212E-19
4.169	0.5574E-19
4.328	0.5961E-19
4.493	0.6376E-19
4.664	0.6820E-19
4.841	0.7295E-19
5.026	0.7804E-19
5.217	0.8351E-19
5.416	0.8935E-19
5.622	0.9561E-19
5.836	0.1023E-18
6.059	0.1095E-18
6.289	0.1173E-18
6.529	0.1256E-18
6.778	0.1346E-18
7.036	0.1442E-18
7.304	0.1546E-18
7.582	0.1659E-18
7.871	0.1780E-18
8.170	0.1911E-18
8.482	0.2054E-18
8.805	0.2208E-18
9.140	0.2375E-18
9.488	0.2557E-18
9.849	0.2755E-18
10.22	0.2970E-18
10.61	0.3205E-18
11.02	0.3461E-18
11.44	0.3741E-18
11.87	0.4047E-18
12.33	0.4382E-18
12.80	0.4749E-18
13.28	0.5151E-18
13.79	0.5593E-18
14.31	0.6077E-18
14.86	0.6608E-18
15.42	0.7191E-18
16.01	0.7831E-18
16.62	0.8533E-18
17.25	0.9303E-18
17.91	0.1015E-17
18.59	0.1107E-17
19.30	0.1208E-17
20.04	0.1319E-17
20.80	0.1440E-17
21.59	0.1572E-17
22.42	0.1716E-17
23.27	0.1873E-17
24.16	0.2043E-17
25.08	0.2227E-17
26.03	0.2427E-17
27.02	0.2644E-17
28.05	0.2877E-17
29.12	0.3130E-17
30.23	0.3401E-17
31.38	0.3693E-17
32.57	0.4007E-17
33.82	0.4344E-17
35.10	0.4705E-17
36.44	0.5090E-17
37.83	0.5501E-17
39.27	0.5938E-17
40.76	0.6402E-17
42.32	0.6892E-17
43.93	0.7409E-17
45.60	0.7949E-17
47.34	0.8513E-17
49.14	0.9097E-17
51.01	0.9698E-17
52.96	0.1032E-16
54.97	0.1094E-16
57.07	0.1158E-16
59.24	0.1222E-16
61.50	0.1286E-16
63.84	0.1351E-16
66.27	0.1414E-16
68.79	0.1478E-16
71.41	0.1541E-16
74.13	0.1602E-16
76.96	0.1664E-16
79.89	0.1724E-16
82.93	0.1784E-16
86.09	0.1843E-16
89.37	0.1901E-16
92.77	0.1959E-16
96.31	0.2016E-16
99.97	0.2073E-16
103.8	0.2130E-16
107.7	0.2187E-16
111.8	0.2243E-16
116.1	0.2300E-16
120.5	0.2357E-16
125.1	0.2414E-16
129.9	0.2471E-16
134.8	0.2529E-16
140.0	0.2587E-16
145.3	0.2646E-16
150.8	0.2706E-16
156.6	0.2766E-16
162.5	0.2827E-16
168.7	0.2889E-16
175.1	0.2952E-16
181.8	0.3016E-16
188.7	0.3081E-16
195.9	0.3146E-16
203.4	0.3213E-16
211.1	0.3281E-16
219.2	0.3350E-16
227.5	0.3420E-16
236.2	0.3491E-16
245.2	0.3563E-16
254.5	0.3637E-16
264.2	0.3712E-16
274.3	0.3788E-16
284.7	0.3866E-16
295.6	0.3944E-16
306.8	0.4024E-16
318.5	0.4106E-16
330.6	0.4189E-16
343.2	0.4273E-16
356.3	0.4359E-16
369.9	0.4446E-16
384.0	0.4535E-16
398.6	0.4625E-16
413.8	0.4717E-16
429.5	0.4810E-16
445.9	0.4905E-16
462.9	0.5002E-16
480.5	0.5101E-16
498.8	0.5201E-16
517.8	0.5303E-16
537.5	0.5407E-16
558.0	0.5512E-16
579.2	0.5620E-16
601.3	0.5730E-16
624.2	0.5841E-16
648.0	0.5955E-16
672.6	0.6071E-16
698.3	0.6189E-16
724.9	0.6309E-16
752.5	0.6431E-16
781.1	0.6556E-16
810.9	0.6684E-16
841.8	0.6813E-16
873.8	0.6945E-16
907.1	0.7080E-16
941.6	0.7217E-16
977.5	0.7357E-16
1015.	0.7500E-16
1053.	0.7645E-16
1094.	0.7794E-16
1135.	0.7945E-16
1178.	0.8099E-16
1223.	0.8255E-16
1270.	0.8415E-16
1318.	0.8577E-16
1368.	0.8742E-16
1421.	0.8911E-16
1475.	0.9082E-16
1531.	0.9255E-16
1589.	0.9431E-16
1650.	0.9609E-16
1712.	0.9789E-16
1778.	0.9973E-16
1845.	0.1016E-15
1916.	0.1034E-15
1989.	0.1053E-15
2064.	0.1073E-15
2143.	0.1092E-15
2225.	0.1111E-15
2309.	0.1131E-15
2397.	0.1151E-15
2489.	0.1171E-15
2583.	0.1191E-15
2682.	0.1211E-15
2784.	0.1231E-15
2890.	0.1252E-15
3000.	0.1273E-15
 
 
E/N (Td)	Inelastic power loss /N (eV m3/s)
0.1000E-02	0.1700E-22
0.1038E-02	0.1731E-22
0.1078E-02	0.1866E-22
0.1119E-02	0.2011E-22
0.1161E-02	0.2167E-22
0.1205E-02	0.2336E-22
0.1251E-02	0.2517E-22
0.1299E-02	0.2713E-22
0.1349E-02	0.2924E-22
0.1400E-02	0.3152E-22
0.1453E-02	0.3397E-22
0.1509E-02	0.3661E-22
0.1566E-02	0.3945E-22
0.1626E-02	0.4252E-22
0.1688E-02	0.4582E-22
0.1752E-02	0.4938E-22
0.1819E-02	0.5322E-22
0.1888E-02	0.5736E-22
0.1960E-02	0.6182E-22
0.2034E-02	0.6662E-22
0.2112E-02	0.7180E-22
0.2192E-02	0.7738E-22
0.2276E-02	0.8340E-22
0.2362E-02	0.8988E-22
0.2452E-02	0.9687E-22
0.2546E-02	0.1044E-21
0.2643E-02	0.1125E-21
0.2743E-02	0.1213E-21
0.2848E-02	0.1307E-21
0.2956E-02	0.1409E-21
0.3069E-02	0.1518E-21
0.3186E-02	0.1636E-21
0.3307E-02	0.1763E-21
0.3433E-02	0.1901E-21
0.3564E-02	0.2049E-21
0.3700E-02	0.2208E-21
0.3841E-02	0.2380E-21
0.3987E-02	0.2565E-21
0.4139E-02	0.2765E-21
0.4296E-02	0.2980E-21
0.4460E-02	0.3212E-21
0.4630E-02	0.3462E-21
0.4806E-02	0.3732E-21
0.4989E-02	0.4023E-21
0.5179E-02	0.4337E-21
0.5377E-02	0.4675E-21
0.5581E-02	0.5040E-21
0.5794E-02	0.5433E-21
0.6015E-02	0.5857E-21
0.6244E-02	0.6314E-21
0.6481E-02	0.6808E-21
0.6728E-02	0.7340E-21
0.6985E-02	0.7913E-21
0.7251E-02	0.8532E-21
0.7527E-02	0.9200E-21
0.7813E-02	0.9920E-21
0.8111E-02	0.1070E-20
0.8420E-02	0.1153E-20
0.8741E-02	0.1244E-20
0.9073E-02	0.1341E-20
0.9419E-02	0.1447E-20
0.9778E-02	0.1560E-20
0.1015E-01	0.1683E-20
0.1054E-01	0.1815E-20
0.1094E-01	0.1957E-20
0.1135E-01	0.2111E-20
0.1179E-01	0.2277E-20
0.1224E-01	0.2457E-20
0.1270E-01	0.2650E-20
0.1319E-01	0.2859E-20
0.1369E-01	0.3084E-20
0.1421E-01	0.3327E-20
0.1475E-01	0.3589E-20
0.1531E-01	0.3871E-20
0.1590E-01	0.4177E-20
0.1650E-01	0.4506E-20
0.1713E-01	0.4861E-20
0.1778E-01	0.5243E-20
0.1846E-01	0.5656E-20
0.1916E-01	0.6102E-20
0.1989E-01	0.6582E-20
0.2065E-01	0.7100E-20
0.2144E-01	0.7658E-20
0.2225E-01	0.8260E-20
0.2310E-01	0.8909E-20
0.2398E-01	0.9609E-20
0.2489E-01	0.1036E-19
0.2584E-01	0.1118E-19
0.2682E-01	0.1205E-19
0.2785E-01	0.1300E-19
0.2891E-01	0.1401E-19
0.3001E-01	0.1511E-19
0.3115E-01	0.1629E-19
0.3234E-01	0.1756E-19
0.3357E-01	0.1894E-19
0.3485E-01	0.2041E-19
0.3617E-01	0.2201E-19
0.3755E-01	0.2372E-19
0.3898E-01	0.2557E-19
0.4047E-01	0.2756E-19
0.4201E-01	0.2971E-19
0.4361E-01	0.3202E-19
0.4527E-01	0.3452E-19
0.4699E-01	0.3720E-19
0.4878E-01	0.4010E-19
0.5064E-01	0.4322E-19
0.5257E-01	0.4658E-19
0.5457E-01	0.5021E-19
0.5665E-01	0.5411E-19
0.5881E-01	0.5833E-19
0.6105E-01	0.6287E-19
0.6337E-01	0.6776E-19
0.6579E-01	0.7304E-19
0.6829E-01	0.7873E-19
0.7089E-01	0.8486E-19
0.7359E-01	0.9147E-19
0.7640E-01	0.9860E-19
0.7931E-01	0.1063E-18
0.8233E-01	0.1146E-18
0.8546E-01	0.1235E-18
0.8872E-01	0.1332E-18
0.9210E-01	0.1436E-18
0.9560E-01	0.1548E-18
0.9924E-01	0.1669E-18
0.1030	0.1800E-18
0.1069	0.1940E-18
0.1110	0.2092E-18
0.1152	0.2256E-18
0.1196	0.2433E-18
0.1242	0.2624E-18
0.1289	0.2830E-18
0.1338	0.3053E-18
0.1389	0.3293E-18
0.1442	0.3552E-18
0.1497	0.3831E-18
0.1554	0.4133E-18
0.1613	0.4459E-18
0.1675	0.4810E-18
0.1739	0.5190E-18
0.1805	0.5600E-18
0.1874	0.6043E-18
0.1945	0.6521E-18
0.2019	0.7037E-18
0.2096	0.7595E-18
0.2176	0.8197E-18
0.2259	0.8847E-18
0.2345	0.9550E-18
0.2434	0.1031E-17
0.2527	0.1113E-17
0.2623	0.1201E-17
0.2723	0.1297E-17
0.2826	0.1400E-17
0.2934	0.1512E-17
0.3046	0.1632E-17
0.3162	0.1762E-17
0.3282	0.1903E-17
0.3407	0.2054E-17
0.3537	0.2218E-17
0.3672	0.2395E-17
0.3812	0.2586E-17
0.3957	0.2792E-17
0.4107	0.3015E-17
0.4264	0.3255E-17
0.4426	0.3514E-17
0.4595	0.3794E-17
0.4770	0.4096E-17
0.4952	0.4421E-17
0.5140	0.4772E-17
0.5336	0.5150E-17
0.5539	0.5557E-17
0.5750	0.5996E-17
0.5969	0.6468E-17
0.6196	0.6977E-17
0.6432	0.7524E-17
0.6677	0.8113E-17
0.6932	0.8746E-17
0.7196	0.9426E-17
0.7470	0.1016E-16
0.7754	0.1094E-16
0.8050	0.1178E-16
0.8356	0.1269E-16
0.8674	0.1365E-16
0.9005	0.1469E-16
0.9348	0.1580E-16
0.9704	0.1699E-16
1.007	0.1826E-16
1.046	0.1961E-16
1.086	0.2106E-16
1.127	0.2260E-16
1.170	0.2425E-16
1.214	0.2600E-16
1.261	0.2786E-16
1.309	0.2984E-16
1.358	0.3194E-16
1.410	0.3417E-16
1.464	0.3653E-16
1.520	0.3902E-16
1.578	0.4167E-16
1.638	0.4446E-16
1.700	0.4740E-16
1.765	0.5050E-16
1.832	0.5377E-16
1.902	0.5721E-16
1.974	0.6082E-16
2.049	0.6461E-16
2.127	0.6858E-16
2.208	0.7278E-16
2.293	0.7714E-16
2.380	0.8169E-16
2.470	0.8646E-16
2.565	0.9143E-16
2.662	0.9662E-16
2.764	0.1020E-15
2.869	0.1077E-15
2.978	0.1135E-15
3.092	0.1197E-15
3.209	0.1261E-15
3.332	0.1327E-15
3.458	0.1397E-15
3.590	0.1469E-15
3.727	0.1544E-15
3.869	0.1622E-15
4.016	0.1704E-15
4.169	0.1789E-15
4.328	0.1877E-15
4.493	0.1970E-15
4.664	0.2066E-15
4.841	0.2166E-15
5.026	0.2271E-15
5.217	0.2380E-15
5.416	0.2494E-15
5.622	0.2612E-15
5.836	0.2735E-15
6.059	0.2864E-15
6.289	0.2997E-15
6.529	0.3136E-15
6.778	0.3281E-15
7.036	0.3432E-15
7.304	0.3589E-15
7.582	0.3753E-15
7.871	0.3923E-15
8.170	0.4099E-15
8.482	0.4282E-15
8.805	0.4473E-15
9.140	0.4670E-15
9.488	0.4875E-15
9.849	0.5087E-15
10.22	0.5307E-15
10.61	0.5535E-15
11.02	0.5770E-15
11.44	0.6013E-15
11.87	0.6265E-15
12.33	0.6524E-15
12.80	0.6792E-15
13.28	0.7068E-15
13.79	0.7352E-15
14.31	0.7644E-15
14.86	0.7945E-15
15.42	0.8255E-15
16.01	0.8572E-15
16.62	0.8899E-15
17.25	0.9233E-15
17.91	0.9577E-15
18.59	0.9929E-15
19.30	0.1029E-14
20.04	0.1066E-14
20.80	0.1104E-14
21.59	0.1143E-14
22.42	0.1183E-14
23.27	0.1225E-14
24.16	0.1267E-14
25.08	0.1310E-14
26.03	0.1355E-14
27.02	0.1402E-14
28.05	0.1449E-14
29.12	0.1499E-14
30.23	0.1550E-14
31.38	0.1603E-14
32.57	0.1658E-14
33.82	0.1716E-14
35.10	0.1775E-14
36.44	0.1838E-14
37.83	0.1903E-14
39.27	0.1971E-14
40.76	0.2043E-14
42.32	0.2118E-14
43.93	0.2198E-14
45.60	0.2282E-14
47.34	0.2373E-14
49.14	0.2469E-14
51.01	0.2572E-14
52.96	0.2683E-14
54.97	0.2803E-14
57.07	0.2932E-14
59.24	0.3072E-14
61.50	0.3224E-14
63.84	0.3389E-14
66.27	0.3568E-14
68.79	0.3762E-14
71.41	0.3972E-14
74.13	0.4199E-14
76.96	0.4445E-14
79.89	0.4710E-14
82.93	0.4997E-14
86.09	0.5305E-14
89.37	0.5637E-14
92.77	0.5994E-14
96.31	0.6378E-14
99.97	0.6789E-14
103.8	0.7231E-14
107.7	0.7704E-14
111.8	0.8211E-14
116.1	0.8754E-14
120.5	0.9336E-14
125.1	0.9958E-14
129.9	0.1062E-13
134.8	0.1133E-13
140.0	0.1210E-13
145.3	0.1291E-13
150.8	0.1378E-13
156.6	0.1471E-13
162.5	0.1570E-13
168.7	0.1677E-13
175.1	0.1790E-13
181.8	0.1912E-13
188.7	0.2041E-13
195.9	0.2180E-13
203.4	0.2328E-13
211.1	0.2487E-13
219.2	0.2656E-13
227.5	0.2837E-13
236.2	0.3031E-13
245.2	0.3237E-13
254.5	0.3458E-13
264.2	0.3695E-13
274.3	0.3947E-13
284.7	0.4217E-13
295.6	0.4506E-13
306.8	0.4814E-13
318.5	0.5144E-13
330.6	0.5497E-13
343.2	0.5874E-13
356.3	0.6277E-13
369.9	0.6708E-13
384.0	0.7169E-13
398.6	0.7662E-13
413.8	0.8189E-13
429.5	0.8752E-13
445.9	0.9355E-13
462.9	0.1000E-12
480.5	0.1069E-12
498.8	0.1143E-12
517.8	0.1222E-12
537.5	0.1306E-12
558.0	0.1396E-12
579.2	0.1493E-12
601.3	0.1596E-12
624.2	0.1707E-12
648.0	0.1826E-12
672.6	0.1952E-12
698.3	0.2088E-12
724.9	0.2233E-12
752.5	0.2388E-12
781.1	0.2554E-12
810.9	0.2731E-12
841.8	0.2921E-12
873.8	0.3123E-12
907.1	0.3340E-12
941.6	0.3571E-12
977.5	0.3817E-12
1015.	0.4080E-12
1053.	0.4361E-12
1094.	0.4659E-12
1135.	0.4977E-12
1178.	0.5314E-12
1223.	0.5672E-12
1270.	0.6051E-12
1318.	0.6452E-12
1368.	0.6877E-12
1421.	0.7327E-12
1475.	0.7798E-12
1531.	0.8294E-12
1589.	0.8814E-12
1650.	0.9359E-12
1712.	0.9929E-12
1778.	0.1052E-11
1845.	0.1114E-11
1916.	0.1179E-11
1989.	0.1245E-11
2064.	0.1315E-11
2143.	0.1386E-11
2225.	0.1460E-11
2309.	0.1536E-11
2397.	0.1614E-11
2489.	0.1694E-11
2583.	0.1776E-11
2682.	0.1860E-11
2784.	0.1946E-11
2890.	0.2034E-11
3000.	0.2124E-11
 
 
E/N (Td)	Growth power /N (eV m3/s)
0.1000E-02	0.000
0.1038E-02	0.000
0.1078E-02	0.000
0.1119E-02	0.000
0.1161E-02	0.000
0.1205E-02	0.000
0.1251E-02	0.000
0.1299E-02	0.000
0.1349E-02	0.000
0.1400E-02	0.000
0.1453E-02	0.000
0.1509E-02	0.000
0.1566E-02	0.000
0.1626E-02	0.000
0.1688E-02	0.000
0.1752E-02	0.000
0.1819E-02	0.000
0.1888E-02	0.000
0.1960E-02	0.000
0.2034E-02	0.000
0.2112E-02	0.000
0.2192E-02	0.000
0.2276E-02	0.000
0.2362E-02	0.000
0.2452E-02	0.000
0.2546E-02	0.000
0.2643E-02	0.000
0.2743E-02	0.000
0.2848E-02	0.000
0.2956E-02	0.000
0.3069E-02	0.000
0.3186E-02	0.000
0.3307E-02	0.000
0.3433E-02	0.000
0.3564E-02	0.000
0.3700E-02	0.000
0.3841E-02	0.000
0.3987E-02	0.000
0.4139E-02	0.000
0.4296E-02	0.000
0.4460E-02	0.000
0.4630E-02	0.000
0.4806E-02	0.000
0.4989E-02	0.000
0.5179E-02	0.000
0.5377E-02	0.000
0.5581E-02	0.000
0.5794E-02	0.000
0.6015E-02	0.000
0.6244E-02	0.000
0.6481E-02	0.000
0.6728E-02	0.000
0.6985E-02	0.000
0.7251E-02	0.000
0.7527E-02	0.000
0.7813E-02	0.000
0.8111E-02	0.000
0.8420E-02	0.000
0.8741E-02	0.000
0.9073E-02	0.000
0.9419E-02	0.000
0.9778E-02	0.000
0.1015E-01	0.000
0.1054E-01	0.000
0.1094E-01	0.000
0.1135E-01	0.000
0.1179E-01	0.000
0.1224E-01	0.000
0.1270E-01	0.000
0.1319E-01	0.000
0.1369E-01	0.000
0.1421E-01	0.000
0.1475E-01	0.000
0.1531E-01	0.000
0.1590E-01	0.000
0.1650E-01	0.000
0.1713E-01	0.000
0.1778E-01	0.000
0.1846E-01	0.000
0.1916E-01	0.000
0.1989E-01	0.000
0.2065E-01	0.000
0.2144E-01	0.000
0.2225E-01	0.000
0.2310E-01	0.000
0.2398E-01	0.000
0.2489E-01	0.000
0.2584E-01	0.000
0.2682E-01	0.000
0.2785E-01	0.000
0.2891E-01	0.000
0.3001E-01	0.000
0.3115E-01	0.000
0.3234E-01	0.000
0.3357E-01	0.000
0.3485E-01	0.000
0.3617E-01	0.000
0.3755E-01	0.000
0.3898E-01	0.000
0.4047E-01	0.000
0.4201E-01	0.000
0.4361E-01	0.000
0.4527E-01	0.000
0.4699E-01	0.000
0.4878E-01	0.000
0.5064E-01	0.000
0.5257E-01	0.000
0.5457E-01	0.000
0.5665E-01	0.000
0.5881E-01	0.000
0.6105E-01	0.000
0.6337E-01	0.000
0.6579E-01	0.000
0.6829E-01	0.000
0.7089E-01	0.000
0.7359E-01	0.000
0.7640E-01	0.000
0.7931E-01	0.000
0.8233E-01	0.000
0.8546E-01	0.000
0.8872E-01	0.000
0.9210E-01	0.000
0.9560E-01	0.000
0.9924E-01	0.000
0.1030	0.000
0.1069	0.000
0.1110	0.000
0.1152	0.000
0.1196	0.000
0.1242	0.000
0.1289	0.000
0.1338	0.000
0.1389	0.000
0.1442	0.000
0.1497	0.000
0.1554	0.000
0.1613	0.000
0.1675	0.000
0.1739	0.000
0.1805	0.000
0.1874	0.000
0.1945	0.000
0.2019	0.000
0.2096	0.000
0.2176	0.000
0.2259	0.000
0.2345	0.000
0.2434	0.000
0.2527	0.000
0.2623	0.000
0.2723	0.000
0.2826	0.000
0.2934	0.000
0.3046	0.000
0.3162	0.000
0.3282	0.000
0.3407	0.000
0.3537	0.000
0.3672	0.000
0.3812	0.000
0.3957	0.000
0.4107	0.000
0.4264	0.000
0.4426	0.000
0.4595	0.000
0.4770	0.000
0.4952	0.000
0.5140	0.000
0.5336	0.000
0.5539	0.000
0.5750	0.000
0.5969	0.000
0.6196	0.000
0.6432	0.000
0.6677	0.000
0.6932	0.000
0.7196	0.000
0.7470	0.000
0.7754	0.000
0.8050	0.000
0.8356	0.000
0.8674	0.000
0.9005	0.000
0.9348	0.000
0.9704	0.000
1.007	0.000
1.046	0.000
1.086	0.000
1.127	0.000
1.170	0.000
1.214	0.000
1.261	0.000
1.309	0.000
1.358	0.000
1.410	0.000
1.464	0.000
1.520	0.000
1.578	0.000
1.638	0.000
1.700	0.000
1.765	0.000
1.832	0.000
1.902	0.000
1.974	0.000
2.049	0.000
2.127	0.000
2.208	0.000
2.293	0.000
2.380	0.000
2.470	0.000
2.565	0.000
2.662	0.000
2.764	0.000
2.869	0.000
2.978	0.000
3.092	0.000
3.209	0.000
3.332	0.000
3.458	0.000
3.590	0.000
3.727	0.000
3.869	0.000
4.016	0.000
4.169	0.000
4.328	0.000
4.493	0.000
4.664	0.000
4.841	0.000
5.026	0.000
5.217	0.000
5.416	0.000
5.622	0.000
5.836	0.000
6.059	0.000
6.289	0.000
6.529	0.000
6.778	0.000
7.036	0.000
7.304	0.000
7.582	0.000
7.871	0.000
8.170	0.000
8.482	0.000
8.805	0.000
9.140	0.000
9.488	0.000
9.849	0.000
10.22	0.000
10.61	0.000
11.02	0.000
11.44	0.000
11.87	0.000
12.33	0.000
12.80	0.000
13.28	0.000
13.79	0.000
14.31	0.000
14.86	0.000
15.42	0.000
16.01	0.000
16.62	-0.8583E-28
17.25	-0.3619E-27
17.91	-0.1441E-26
18.59	-0.5426E-26
19.30	-0.1935E-25
20.04	-0.6544E-25
20.80	-0.3503E-24
21.59	-0.1110E-23
22.42	-0.3353E-23
23.27	-0.9671E-23
24.16	-0.2667E-22
25.08	-0.7058E-22
26.03	-0.1785E-21
27.02	-0.4331E-21
28.05	-0.1010E-20
29.12	-0.2263E-20
30.23	-0.4884E-20
31.38	-0.1017E-19
32.57	-0.2041E-19
33.82	-0.3955E-19
35.10	-0.7414E-19
36.44	-0.1345E-18
37.83	-0.2365E-18
39.27	-0.4034E-18
40.76	-0.6680E-18
42.32	-0.1075E-17
43.93	-0.1683E-17
45.60	-0.2566E-17
47.34	-0.3814E-17
49.14	-0.5532E-17
51.01	-0.7839E-17
52.96	-0.1086E-16
54.97	-0.1474E-16
57.07	-0.1960E-16
59.24	-0.2559E-16
61.50	-0.3281E-16
63.84	-0.4138E-16
66.27	-0.5139E-16
68.79	-0.6292E-16
71.41	-0.7602E-16
74.13	-0.9073E-16
76.96	-0.1071E-15
79.89	-0.1251E-15
82.93	-0.1447E-15
86.09	-0.1659E-15
89.37	-0.1887E-15
92.77	-0.2130E-15
96.31	-0.2388E-15
99.97	-0.2660E-15
103.8	-0.2945E-15
107.7	-0.3243E-15
111.8	-0.3552E-15
116.1	-0.3872E-15
120.5	-0.4200E-15
125.1	-0.4535E-15
129.9	-0.4876E-15
134.8	-0.5219E-15
140.0	-0.5563E-15
145.3	-0.5903E-15
150.8	-0.6237E-15
156.6	-0.6561E-15
162.5	-0.6869E-15
168.7	-0.7155E-15
175.1	-0.7414E-15
181.8	-0.7638E-15
188.7	-0.7818E-15
195.9	-0.7944E-15
203.4	-0.8005E-15
211.1	-0.7988E-15
219.2	-0.7878E-15
227.5	-0.7659E-15
236.2	-0.7312E-15
245.2	-0.6814E-15
254.5	-0.6143E-15
264.2	-0.5269E-15
274.3	-0.4162E-15
284.7	-0.2788E-15
295.6	-0.1106E-15
306.8	0.9276E-16
318.5	0.3364E-15
330.6	0.6258E-15
343.2	0.9674E-15
356.3	0.1368E-14
369.9	0.1836E-14
384.0	0.2380E-14
398.6	0.3011E-14
413.8	0.3738E-14
429.5	0.4575E-14
445.9	0.5536E-14
462.9	0.6636E-14
480.5	0.7894E-14
498.8	0.9327E-14
517.8	0.1096E-13
537.5	0.1281E-13
558.0	0.1492E-13
579.2	0.1730E-13
601.3	0.2000E-13
624.2	0.2307E-13
648.0	0.2652E-13
672.6	0.3041E-13
698.3	0.3481E-13
724.9	0.3975E-13
752.5	0.4532E-13
781.1	0.5160E-13
810.9	0.5865E-13
841.8	0.6657E-13
873.8	0.7547E-13
907.1	0.8546E-13
941.6	0.9668E-13
977.5	0.1092E-12
1015.	0.1233E-12
1053.	0.1391E-12
1094.	0.1568E-12
1135.	0.1766E-12
1178.	0.1987E-12
1223.	0.2233E-12
1270.	0.2508E-12
1318.	0.2814E-12
1368.	0.3155E-12
1421.	0.3536E-12
1475.	0.3957E-12
1531.	0.4423E-12
1589.	0.4939E-12
1650.	0.5510E-12
1712.	0.6139E-12
1778.	0.6835E-12
1845.	0.7598E-12
1916.	0.8435E-12
1989.	0.9353E-12
2064.	0.1036E-11
2143.	0.1146E-11
2225.	0.1265E-11
2309.	0.1396E-11
2397.	0.1537E-11
2489.	0.1691E-11
2583.	0.1858E-11
2682.	0.2038E-11
2784.	0.2234E-11
2890.	0.2445E-11
3000.	0.2673E-11
 
 
E/N (Td)	Maximum energy
0.1000E-02	0.7078
0.1038E-02	0.7078
0.1078E-02	0.7078
0.1119E-02	0.7078
0.1161E-02	0.7078
0.1205E-02	0.7078
0.1251E-02	0.7078
0.1299E-02	0.7078
0.1349E-02	0.7078
0.1400E-02	0.7078
0.1453E-02	0.7078
0.1509E-02	0.7078
0.1566E-02	0.7078
0.1626E-02	0.7078
0.1688E-02	0.7078
0.1752E-02	0.7078
0.1819E-02	0.7078
0.1888E-02	0.7078
0.1960E-02	0.7078
0.2034E-02	0.7078
0.2112E-02	0.7078
0.2192E-02	0.7078
0.2276E-02	0.7078
0.2362E-02	0.7078
0.2452E-02	0.7078
0.2546E-02	0.7078
0.2643E-02	0.7078
0.2743E-02	0.7078
0.2848E-02	0.7078
0.2956E-02	0.7078
0.3069E-02	0.7078
0.3186E-02	0.7078
0.3307E-02	0.7078
0.3433E-02	0.7078
0.3564E-02	0.7078
0.3700E-02	0.7078
0.3841E-02	0.7078
0.3987E-02	0.7078
0.4139E-02	0.7078
0.4296E-02	0.7078
0.4460E-02	0.7078
0.4630E-02	0.7078
0.4806E-02	0.7078
0.4989E-02	0.7078
0.5179E-02	0.7078
0.5377E-02	0.7078
0.5581E-02	0.7078
0.5794E-02	0.7078
0.6015E-02	0.7078
0.6244E-02	0.7078
0.6481E-02	0.7078
0.6728E-02	0.7078
0.6985E-02	0.7078
0.7251E-02	0.7078
0.7527E-02	0.7078
0.7813E-02	0.7078
0.8111E-02	0.7078
0.8420E-02	0.7078
0.8741E-02	0.7078
0.9073E-02	0.7078
0.9419E-02	0.7078
0.9778E-02	0.7078
0.1015E-01	0.7078
0.1054E-01	0.7078
0.1094E-01	0.7078
0.1135E-01	0.7078
0.1179E-01	0.7078
0.1224E-01	0.7078
0.1270E-01	0.7078
0.1319E-01	0.7078
0.1369E-01	0.7078
0.1421E-01	0.7078
0.1475E-01	0.7078
0.1531E-01	0.7078
0.1590E-01	0.7078
0.1650E-01	0.7078
0.1713E-01	0.7078
0.1778E-01	0.7078
0.1846E-01	0.7078
0.1916E-01	0.7078
0.1989E-01	0.7078
0.2065E-01	0.7078
0.2144E-01	0.7078
0.2225E-01	0.7078
0.2310E-01	0.7078
0.2398E-01	0.7078
0.2489E-01	0.7078
0.2584E-01	0.7078
0.2682E-01	0.7078
0.2785E-01	0.7078
0.2891E-01	0.7078
0.3001E-01	0.7078
0.3115E-01	0.7078
0.3234E-01	0.7078
0.3357E-01	0.7078
0.3485E-01	0.7078
0.3617E-01	0.7078
0.3755E-01	0.7078
0.3898E-01	0.7078
0.4047E-01	0.7078
0.4201E-01	0.7078
0.4361E-01	0.7078
0.4527E-01	0.7078
0.4699E-01	0.7078
0.4878E-01	0.7078
0.5064E-01	0.7078
0.5257E-01	0.7078
0.5457E-01	0.7078
0.5665E-01	0.7078
0.5881E-01	0.7078
0.6105E-01	0.7078
0.6337E-01	0.7078
0.6579E-01	0.7078
0.6829E-01	0.7078
0.7089E-01	0.7078
0.7359E-01	0.7078
0.7640E-01	0.7078
0.7931E-01	0.7078
0.8233E-01	0.7078
0.8546E-01	0.7078
0.8872E-01	0.7078
0.9210E-01	0.7078
0.9560E-01	0.7078
0.9924E-01	0.7078
0.1030	0.7078
0.1069	0.7078
0.1110	0.7078
0.1152	0.7078
0.1196	0.7078
0.1242	0.7078
0.1289	0.7078
0.1338	0.7078
0.1389	0.7078
0.1442	0.7078
0.1497	0.7078
0.1554	0.7078
0.1613	0.7078
0.1675	0.7078
0.1739	0.7078
0.1805	0.7078
0.1874	0.7078
0.1945	0.7078
0.2019	0.7078
0.2096	0.7078
0.2176	0.7078
0.2259	0.7078
0.2345	0.7078
0.2434	0.7078
0.2527	0.7078
0.2623	0.7078
0.2723	0.7078
0.2826	0.7078
0.2934	0.7078
0.3046	0.7078
0.3162	0.7078
0.3282	0.7078
0.3407	0.7078
0.3537	0.7078
0.3672	0.7078
0.3812	0.7078
0.3957	0.7078
0.4107	0.7078
0.4264	0.7078
0.4426	0.7078
0.4595	0.7078
0.4770	0.7078
0.4952	0.7078
0.5140	0.7078
0.5336	0.7078
0.5539	0.7078
0.5750	0.7078
0.5969	0.7078
0.6196	0.7078
0.6432	0.7078
0.6677	0.7078
0.6932	0.7078
0.7196	0.7078
0.7470	0.7078
0.7754	0.7078
0.8050	0.7078
0.8356	0.7078
0.8674	0.7078
0.9005	0.7078
0.9348	0.7078
0.9704	0.8430
1.007	0.8430
1.046	0.8430
1.086	0.8430
1.127	0.8430
1.170	0.8430
1.214	0.8430
1.261	0.8430
1.309	0.8430
1.358	0.8430
1.410	0.8430
1.464	0.8430
1.520	0.8430
1.578	0.8430
1.638	1.004
1.700	1.004
1.765	1.004
1.832	1.004
1.902	1.004
1.974	1.004
2.049	1.004
2.127	1.004
2.208	1.196
2.293	1.196
2.380	1.196
2.470	1.196
2.565	1.196
2.662	1.196
2.764	1.424
2.869	1.424
2.978	1.424
3.092	1.424
3.209	1.424
3.332	1.424
3.458	1.696
3.590	1.696
3.727	1.696
3.869	1.696
4.016	1.696
4.169	1.696
4.328	2.020
4.493	2.020
4.664	2.020
4.841	2.020
5.026	2.020
5.217	2.406
5.416	2.406
5.622	2.406
5.836	2.406
6.059	2.406
6.289	2.866
6.529	2.866
6.778	2.866
7.036	2.866
7.304	2.866
7.582	3.413
7.871	3.413
8.170	3.413
8.482	3.413
8.805	3.413
9.140	4.065
9.488	4.065
9.849	4.065
10.22	4.065
10.61	4.065
11.02	4.065
11.44	4.841
11.87	4.841
12.33	4.841
12.80	4.841
13.28	4.841
13.79	5.766
14.31	5.766
14.86	5.766
15.42	5.766
16.01	5.766
16.62	6.867
17.25	6.867
17.91	6.867
18.59	6.867
19.30	6.867
20.04	6.867
20.80	8.179
21.59	8.179
22.42	8.179
23.27	8.179
24.16	8.179
25.08	9.741
26.03	9.741
27.02	9.741
28.05	9.741
29.12	9.741
30.23	9.741
31.38	11.60
32.57	11.60
33.82	11.60
35.10	11.60
36.44	11.60
37.83	11.60
39.27	13.80
40.76	13.80
42.32	13.80
43.93	13.80
45.60	13.80
47.34	13.80
49.14	13.80
51.01	16.41
52.96	16.41
54.97	16.41
57.07	16.41
59.24	16.41
61.50	16.41
63.84	19.48
66.27	19.48
68.79	19.48
71.41	19.48
74.13	19.48
76.96	19.48
79.89	19.48
82.93	19.48
86.09	23.12
89.37	23.12
92.77	23.12
96.31	23.12
99.97	23.12
103.8	23.12
107.7	23.12
111.8	27.42
116.1	27.42
120.5	27.42
125.1	27.42
129.9	27.42
134.8	27.42
140.0	32.50
145.3	32.50
150.8	32.50
156.6	32.50
162.5	32.50
168.7	32.50
175.1	32.50
181.8	38.50
188.7	38.50
195.9	38.50
203.4	38.50
211.1	38.50
219.2	45.60
227.5	45.60
236.2	45.60
245.2	45.60
254.5	45.60
264.2	54.00
274.3	54.00
284.7	54.00
295.6	54.00
306.8	54.00
318.5	63.92
330.6	63.92
343.2	63.92
356.3	63.92
369.9	75.65
384.0	75.65
398.6	75.65
413.8	75.65
429.5	89.51
445.9	89.51
462.9	89.51
480.5	105.9
498.8	105.9
517.8	105.9
537.5	105.9
558.0	125.3
579.2	125.3
601.3	125.3
624.2	148.2
648.0	148.2
672.6	148.2
698.3	175.2
724.9	175.2
752.5	175.2
781.1	207.2
810.9	207.2
841.8	245.0
873.8	245.0
907.1	245.0
941.6	289.7
977.5	289.7
1015.	289.7
1053.	342.6
1094.	342.6
1135.	405.1
1178.	405.1
1223.	405.1
1270.	478.9
1318.	478.9
1368.	478.9
1421.	566.2
1475.	566.2
1531.	566.2
1589.	669.4
1650.	669.4
1712.	669.4
1778.	791.3
1845.	791.3
1916.	791.3
1989.	791.3
2064.	935.5
2143.	935.5
2225.	935.5
2309.	935.5
2397.	1106.
2489.	1106.
2583.	1106.
2682.	1106.
2784.	1307.
2890.	1307.
3000.	1307.
 
 
E/N (Td)	# of iterations
0.1000E-02	26.00
0.1038E-02	4.000
0.1078E-02	4.000
0.1119E-02	4.000
0.1161E-02	4.000
0.1205E-02	4.000
0.1251E-02	4.000
0.1299E-02	4.000
0.1349E-02	4.000
0.1400E-02	4.000
0.1453E-02	4.000
0.1509E-02	4.000
0.1566E-02	4.000
0.1626E-02	4.000
0.1688E-02	4.000
0.1752E-02	4.000
0.1819E-02	4.000
0.1888E-02	4.000
0.1960E-02	4.000
0.2034E-02	4.000
0.2112E-02	4.000
0.2192E-02	4.000
0.2276E-02	4.000
0.2362E-02	4.000
0.2452E-02	4.000
0.2546E-02	4.000
0.2643E-02	4.000
0.2743E-02	4.000
0.2848E-02	4.000
0.2956E-02	4.000
0.3069E-02	4.000
0.3186E-02	4.000
0.3307E-02	4.000
0.3433E-02	4.000
0.3564E-02	4.000
0.3700E-02	4.000
0.3841E-02	4.000
0.3987E-02	4.000
0.4139E-02	4.000
0.4296E-02	4.000
0.4460E-02	4.000
0.4630E-02	4.000
0.4806E-02	4.000
0.4989E-02	4.000
0.5179E-02	4.000
0.5377E-02	4.000
0.5581E-02	4.000
0.5794E-02	4.000
0.6015E-02	4.000
0.6244E-02	4.000
0.6481E-02	4.000
0.6728E-02	4.000
0.6985E-02	4.000
0.7251E-02	4.000
0.7527E-02	4.000
0.7813E-02	4.000
0.8111E-02	4.000
0.8420E-02	4.000
0.8741E-02	4.000
0.9073E-02	4.000
0.9419E-02	4.000
0.9778E-02	4.000
0.1015E-01	4.000
0.1054E-01	4.000
0.1094E-01	4.000
0.1135E-01	4.000
0.1179E-01	4.000
0.1224E-01	4.000
0.1270E-01	4.000
0.1319E-01	4.000
0.1369E-01	4.000
0.1421E-01	4.000
0.1475E-01	4.000
0.1531E-01	4.000
0.1590E-01	4.000
0.1650E-01	4.000
0.1713E-01	4.000
0.1778E-01	4.000
0.1846E-01	4.000
0.1916E-01	4.000
0.1989E-01	4.000
0.2065E-01	4.000
0.2144E-01	4.000
0.2225E-01	4.000
0.2310E-01	4.000
0.2398E-01	4.000
0.2489E-01	4.000
0.2584E-01	4.000
0.2682E-01	4.000
0.2785E-01	4.000
0.2891E-01	4.000
0.3001E-01	4.000
0.3115E-01	4.000
0.3234E-01	4.000
0.3357E-01	4.000
0.3485E-01	4.000
0.3617E-01	4.000
0.3755E-01	4.000
0.3898E-01	4.000
0.4047E-01	4.000
0.4201E-01	4.000
0.4361E-01	4.000
0.4527E-01	4.000
0.4699E-01	4.000
0.4878E-01	4.000
0.5064E-01	4.000
0.5257E-01	4.000
0.5457E-01	4.000
0.5665E-01	4.000
0.5881E-01	4.000
0.6105E-01	4.000
0.6337E-01	4.000
0.6579E-01	4.000
0.6829E-01	4.000
0.7089E-01	4.000
0.7359E-01	4.000
0.7640E-01	4.000
0.7931E-01	4.000
0.8233E-01	4.000
0.8546E-01	4.000
0.8872E-01	4.000
0.9210E-01	4.000
0.9560E-01	4.000
0.9924E-01	4.000
0.1030	4.000
0.1069	4.000
0.1110	4.000
0.1152	4.000
0.1196	4.000
0.1242	4.000
0.1289	4.000
0.1338	4.000
0.1389	4.000
0.1442	4.000
0.1497	4.000
0.1554	4.000
0.1613	4.000
0.1675	4.000
0.1739	4.000
0.1805	4.000
0.1874	4.000
0.1945	4.000
0.2019	4.000
0.2096	4.000
0.2176	4.000
0.2259	4.000
0.2345	4.000
0.2434	4.000
0.2527	4.000
0.2623	4.000
0.2723	4.000
0.2826	4.000
0.2934	4.000
0.3046	4.000
0.3162	4.000
0.3282	4.000
0.3407	4.000
0.3537	4.000
0.3672	4.000
0.3812	4.000
0.3957	4.000
0.4107	4.000
0.4264	4.000
0.4426	4.000
0.4595	4.000
0.4770	4.000
0.4952	4.000
0.5140	4.000
0.5336	4.000
0.5539	4.000
0.5750	4.000
0.5969	4.000
0.6196	4.000
0.6432	4.000
0.6677	4.000
0.6932	4.000
0.7196	4.000
0.7470	4.000
0.7754	4.000
0.8050	4.000
0.8356	4.000
0.8674	4.000
0.9005	4.000
0.9348	4.000
0.9704	8.000
1.007	4.000
1.046	4.000
1.086	4.000
1.127	4.000
1.170	4.000
1.214	4.000
1.261	4.000
1.309	4.000
1.358	4.000
1.410	4.000
1.464	4.000
1.520	4.000
1.578	4.000
1.638	8.000
1.700	4.000
1.765	4.000
1.832	4.000
1.902	4.000
1.974	4.000
2.049	4.000
2.127	4.000
2.208	8.000
2.293	4.000
2.380	4.000
2.470	4.000
2.565	4.000
2.662	4.000
2.764	8.000
2.869	4.000
2.978	4.000
3.092	4.000
3.209	4.000
3.332	4.000
3.458	8.000
3.590	4.000
3.727	4.000
3.869	4.000
4.016	4.000
4.169	4.000
4.328	8.000
4.493	4.000
4.664	4.000
4.841	4.000
5.026	4.000
5.217	8.000
5.416	4.000
5.622	4.000
5.836	4.000
6.059	4.000
6.289	8.000
6.529	4.000
6.778	4.000
7.036	4.000
7.304	4.000
7.582	8.000
7.871	4.000
8.170	4.000
8.482	4.000
8.805	4.000
9.140	8.000
9.488	4.000
9.849	4.000
10.22	4.000
10.61	4.000
11.02	4.000
11.44	8.000
11.87	4.000
12.33	4.000
12.80	4.000
13.28	4.000
13.79	8.000
14.31	4.000
14.86	4.000
15.42	4.000
16.01	4.000
16.62	8.000
17.25	4.000
17.91	4.000
18.59	4.000
19.30	4.000
20.04	4.000
20.80	8.000
21.59	4.000
22.42	4.000
23.27	4.000
24.16	4.000
25.08	8.000
26.03	4.000
27.02	4.000
28.05	4.000
29.12	4.000
30.23	4.000
31.38	8.000
32.57	4.000
33.82	4.000
35.10	4.000
36.44	4.000
37.83	4.000
39.27	8.000
40.76	4.000
42.32	4.000
43.93	4.000
45.60	4.000
47.34	4.000
49.14	4.000
51.01	8.000
52.96	4.000
54.97	4.000
57.07	4.000
59.24	4.000
61.50	4.000
63.84	8.000
66.27	4.000
68.79	4.000
71.41	4.000
74.13	5.000
76.96	5.000
79.89	5.000
82.93	5.000
86.09	10.00
89.37	5.000
92.77	5.000
96.31	5.000
99.97	5.000
103.8	5.000
107.7	5.000
111.8	10.00
116.1	5.000
120.5	5.000
125.1	5.000
129.9	5.000
134.8	5.000
140.0	10.00
145.3	5.000
150.8	5.000
156.6	5.000
162.5	5.000
168.7	5.000
175.1	5.000
181.8	10.00
188.7	5.000
195.9	5.000
203.4	5.000
211.1	5.000
219.2	10.00
227.5	4.000
236.2	4.000
245.2	4.000
254.5	4.000
264.2	9.000
274.3	5.000
284.7	5.000
295.6	4.000
306.8	4.000
318.5	9.000
330.6	5.000
343.2	5.000
356.3	4.000
369.9	9.000
384.0	5.000
398.6	5.000
413.8	5.000
429.5	9.000
445.9	5.000
462.9	5.000
480.5	10.00
498.8	5.000
517.8	5.000
537.5	5.000
558.0	11.00
579.2	6.000
601.3	6.000
624.2	12.00
648.0	6.000
672.6	6.000
698.3	13.00
724.9	7.000
752.5	7.000
781.1	14.00
810.9	7.000
841.8	14.00
873.8	7.000
907.1	7.000
941.6	14.00
977.5	8.000
1015.	8.000
1053.	16.00
1094.	8.000
1135.	16.00
1178.	8.000
1223.	8.000
1270.	17.00
1318.	9.000
1368.	9.000
1421.	18.00
1475.	9.000
1531.	9.000
1589.	18.00
1650.	9.000
1712.	9.000
1778.	19.00
1845.	10.00
1916.	10.00
1989.	11.00
2064.	22.00
2143.	11.00
2225.	11.00
2309.	11.00
2397.	22.00
2489.	11.00
2583.	11.00
2682.	11.00
2784.	22.00
2890.	11.00
3000.	11.00
 
 
E/N (Td)	# of grid trials
0.1000E-02	3.000
0.1038E-02	1.000
0.1078E-02	1.000
0.1119E-02	1.000
0.1161E-02	1.000
0.1205E-02	1.000
0.1251E-02	1.000
0.1299E-02	1.000
0.1349E-02	1.000
0.1400E-02	1.000
0.1453E-02	1.000
0.1509E-02	1.000
0.1566E-02	1.000
0.1626E-02	1.000
0.1688E-02	1.000
0.1752E-02	1.000
0.1819E-02	1.000
0.1888E-02	1.000
0.1960E-02	1.000
0.2034E-02	1.000
0.2112E-02	1.000
0.2192E-02	1.000
0.2276E-02	1.000
0.2362E-02	1.000
0.2452E-02	1.000
0.2546E-02	1.000
0.2643E-02	1.000
0.2743E-02	1.000
0.2848E-02	1.000
0.2956E-02	1.000
0.3069E-02	1.000
0.3186E-02	1.000
0.3307E-02	1.000
0.3433E-02	1.000
0.3564E-02	1.000
0.3700E-02	1.000
0.3841E-02	1.000
0.3987E-02	1.000
0.4139E-02	1.000
0.4296E-02	1.000
0.4460E-02	1.000
0.4630E-02	1.000
0.4806E-02	1.000
0.4989E-02	1.000
0.5179E-02	1.000
0.5377E-02	1.000
0.5581E-02	1.000
0.5794E-02	1.000
0.6015E-02	1.000
0.6244E-02	1.000
0.6481E-02	1.000
0.6728E-02	1.000
0.6985E-02	1.000
0.7251E-02	1.000
0.7527E-02	1.000
0.7813E-02	1.000
0.8111E-02	1.000
0.8420E-02	1.000
0.8741E-02	1.000
0.9073E-02	1.000
0.9419E-02	1.000
0.9778E-02	1.000
0.1015E-01	1.000
0.1054E-01	1.000
0.1094E-01	1.000
0.1135E-01	1.000
0.1179E-01	1.000
0.1224E-01	1.000
0.1270E-01	1.000
0.1319E-01	1.000
0.1369E-01	1.000
0.1421E-01	1.000
0.1475E-01	1.000
0.1531E-01	1.000
0.1590E-01	1.000
0.1650E-01	1.000
0.1713E-01	1.000
0.1778E-01	1.000
0.1846E-01	1.000
0.1916E-01	1.000
0.1989E-01	1.000
0.2065E-01	1.000
0.2144E-01	1.000
0.2225E-01	1.000
0.2310E-01	1.000
0.2398E-01	1.000
0.2489E-01	1.000
0.2584E-01	1.000
0.2682E-01	1.000
0.2785E-01	1.000
0.2891E-01	1.000
0.3001E-01	1.000
0.3115E-01	1.000
0.3234E-01	1.000
0.3357E-01	1.000
0.3485E-01	1.000
0.3617E-01	1.000
0.3755E-01	1.000
0.3898E-01	1.000
0.4047E-01	1.000
0.4201E-01	1.000
0.4361E-01	1.000
0.4527E-01	1.000
0.4699E-01	1.000
0.4878E-01	1.000
0.5064E-01	1.000
0.5257E-01	1.000
0.5457E-01	1.000
0.5665E-01	1.000
0.5881E-01	1.000
0.6105E-01	1.000
0.6337E-01	1.000
0.6579E-01	1.000
0.6829E-01	1.000
0.7089E-01	1.000
0.7359E-01	1.000
0.7640E-01	1.000
0.7931E-01	1.000
0.8233E-01	1.000
0.8546E-01	1.000
0.8872E-01	1.000
0.9210E-01	1.000
0.9560E-01	1.000
0.9924E-01	1.000
0.1030	1.000
0.1069	1.000
0.1110	1.000
0.1152	1.000
0.1196	1.000
0.1242	1.000
0.1289	1.000
0.1338	1.000
0.1389	1.000
0.1442	1.000
0.1497	1.000
0.1554	1.000
0.1613	1.000
0.1675	1.000
0.1739	1.000
0.1805	1.000
0.1874	1.000
0.1945	1.000
0.2019	1.000
0.2096	1.000
0.2176	1.000
0.2259	1.000
0.2345	1.000
0.2434	1.000
0.2527	1.000
0.2623	1.000
0.2723	1.000
0.2826	1.000
0.2934	1.000
0.3046	1.000
0.3162	1.000
0.3282	1.000
0.3407	1.000
0.3537	1.000
0.3672	1.000
0.3812	1.000
0.3957	1.000
0.4107	1.000
0.4264	1.000
0.4426	1.000
0.4595	1.000
0.4770	1.000
0.4952	1.000
0.5140	1.000
0.5336	1.000
0.5539	1.000
0.5750	1.000
0.5969	1.000
0.6196	1.000
0.6432	1.000
0.6677	1.000
0.6932	1.000
0.7196	1.000
0.7470	1.000
0.7754	1.000
0.8050	1.000
0.8356	1.000
0.8674	1.000
0.9005	1.000
0.9348	1.000
0.9704	2.000
1.007	1.000
1.046	1.000
1.086	1.000
1.127	1.000
1.170	1.000
1.214	1.000
1.261	1.000
1.309	1.000
1.358	1.000
1.410	1.000
1.464	1.000
1.520	1.000
1.578	1.000
1.638	2.000
1.700	1.000
1.765	1.000
1.832	1.000
1.902	1.000
1.974	1.000
2.049	1.000
2.127	1.000
2.208	2.000
2.293	1.000
2.380	1.000
2.470	1.000
2.565	1.000
2.662	1.000
2.764	2.000
2.869	1.000
2.978	1.000
3.092	1.000
3.209	1.000
3.332	1.000
3.458	2.000
3.590	1.000
3.727	1.000
3.869	1.000
4.016	1.000
4.169	1.000
4.328	2.000
4.493	1.000
4.664	1.000
4.841	1.000
5.026	1.000
5.217	2.000
5.416	1.000
5.622	1.000
5.836	1.000
6.059	1.000
6.289	2.000
6.529	1.000
6.778	1.000
7.036	1.000
7.304	1.000
7.582	2.000
7.871	1.000
8.170	1.000
8.482	1.000
8.805	1.000
9.140	2.000
9.488	1.000
9.849	1.000
10.22	1.000
10.61	1.000
11.02	1.000
11.44	2.000
11.87	1.000
12.33	1.000
12.80	1.000
13.28	1.000
13.79	2.000
14.31	1.000
14.86	1.000
15.42	1.000
16.01	1.000
16.62	2.000
17.25	1.000
17.91	1.000
18.59	1.000
19.30	1.000
20.04	1.000
20.80	2.000
21.59	1.000
22.42	1.000
23.27	1.000
24.16	1.000
25.08	2.000
26.03	1.000
27.02	1.000
28.05	1.000
29.12	1.000
30.23	1.000
31.38	2.000
32.57	1.000
33.82	1.000
35.10	1.000
36.44	1.000
37.83	1.000
39.27	2.000
40.76	1.000
42.32	1.000
43.93	1.000
45.60	1.000
47.34	1.000
49.14	1.000
51.01	2.000
52.96	1.000
54.97	1.000
57.07	1.000
59.24	1.000
61.50	1.000
63.84	2.000
66.27	1.000
68.79	1.000
71.41	1.000
74.13	1.000
76.96	1.000
79.89	1.000
82.93	1.000
86.09	2.000
89.37	1.000
92.77	1.000
96.31	1.000
99.97	1.000
103.8	1.000
107.7	1.000
111.8	2.000
116.1	1.000
120.5	1.000
125.1	1.000
129.9	1.000
134.8	1.000
140.0	2.000
145.3	1.000
150.8	1.000
156.6	1.000
162.5	1.000
168.7	1.000
175.1	1.000
181.8	2.000
188.7	1.000
195.9	1.000
203.4	1.000
211.1	1.000
219.2	2.000
227.5	1.000
236.2	1.000
245.2	1.000
254.5	1.000
264.2	2.000
274.3	1.000
284.7	1.000
295.6	1.000
306.8	1.000
318.5	2.000
330.6	1.000
343.2	1.000
356.3	1.000
369.9	2.000
384.0	1.000
398.6	1.000
413.8	1.000
429.5	2.000
445.9	1.000
462.9	1.000
480.5	2.000
498.8	1.000
517.8	1.000
537.5	1.000
558.0	2.000
579.2	1.000
601.3	1.000
624.2	2.000
648.0	1.000
672.6	1.000
698.3	2.000
724.9	1.000
752.5	1.000
781.1	2.000
810.9	1.000
841.8	2.000
873.8	1.000
907.1	1.000
941.6	2.000
977.5	1.000
1015.	1.000
1053.	2.000
1094.	1.000
1135.	2.000
1178.	1.000
1223.	1.000
1270.	2.000
1318.	1.000
1368.	1.000
1421.	2.000
1475.	1.000
1531.	1.000
1589.	2.000
1650.	1.000
1712.	1.000
1778.	2.000
1845.	1.000
1916.	1.000
1989.	1.000
2064.	2.000
2143.	1.000
2225.	1.000
2309.	1.000
2397.	2.000
2489.	1.000
2583.	1.000
2682.	1.000
2784.	2.000
2890.	1.000
3000.	1.000
 
 
C1    C3H8    Attachment                                        
E/N (Td)	Rate coefficient (m3/s)
0.1000E-02	0.000
0.1038E-02	0.000
0.1078E-02	0.000
0.1119E-02	0.000
0.1161E-02	0.000
0.1205E-02	0.000
0.1251E-02	0.000
0.1299E-02	0.000
0.1349E-02	0.000
0.1400E-02	0.000
0.1453E-02	0.000
0.1509E-02	0.000
0.1566E-02	0.000
0.1626E-02	0.000
0.1688E-02	0.000
0.1752E-02	0.000
0.1819E-02	0.000
0.1888E-02	0.000
0.1960E-02	0.000
0.2034E-02	0.000
0.2112E-02	0.000
0.2192E-02	0.000
0.2276E-02	0.000
0.2362E-02	0.000
0.2452E-02	0.000
0.2546E-02	0.000
0.2643E-02	0.000
0.2743E-02	0.000
0.2848E-02	0.000
0.2956E-02	0.000
0.3069E-02	0.000
0.3186E-02	0.000
0.3307E-02	0.000
0.3433E-02	0.000
0.3564E-02	0.000
0.3700E-02	0.000
0.3841E-02	0.000
0.3987E-02	0.000
0.4139E-02	0.000
0.4296E-02	0.000
0.4460E-02	0.000
0.4630E-02	0.000
0.4806E-02	0.000
0.4989E-02	0.000
0.5179E-02	0.000
0.5377E-02	0.000
0.5581E-02	0.000
0.5794E-02	0.000
0.6015E-02	0.000
0.6244E-02	0.000
0.6481E-02	0.000
0.6728E-02	0.000
0.6985E-02	0.000
0.7251E-02	0.000
0.7527E-02	0.000
0.7813E-02	0.000
0.8111E-02	0.000
0.8420E-02	0.000
0.8741E-02	0.000
0.9073E-02	0.000
0.9419E-02	0.000
0.9778E-02	0.000
0.1015E-01	0.000
0.1054E-01	0.000
0.1094E-01	0.000
0.1135E-01	0.000
0.1179E-01	0.000
0.1224E-01	0.000
0.1270E-01	0.000
0.1319E-01	0.000
0.1369E-01	0.000
0.1421E-01	0.000
0.1475E-01	0.000
0.1531E-01	0.000
0.1590E-01	0.000
0.1650E-01	0.000
0.1713E-01	0.000
0.1778E-01	0.000
0.1846E-01	0.000
0.1916E-01	0.000
0.1989E-01	0.000
0.2065E-01	0.000
0.2144E-01	0.000
0.2225E-01	0.000
0.2310E-01	0.000
0.2398E-01	0.000
0.2489E-01	0.000
0.2584E-01	0.000
0.2682E-01	0.000
0.2785E-01	0.000
0.2891E-01	0.000
0.3001E-01	0.000
0.3115E-01	0.000
0.3234E-01	0.000
0.3357E-01	0.000
0.3485E-01	0.000
0.3617E-01	0.000
0.3755E-01	0.000
0.3898E-01	0.000
0.4047E-01	0.000
0.4201E-01	0.000
0.4361E-01	0.000
0.4527E-01	0.000
0.4699E-01	0.000
0.4878E-01	0.000
0.5064E-01	0.000
0.5257E-01	0.000
0.5457E-01	0.000
0.5665E-01	0.000
0.5881E-01	0.000
0.6105E-01	0.000
0.6337E-01	0.000
0.6579E-01	0.000
0.6829E-01	0.000
0.7089E-01	0.000
0.7359E-01	0.000
0.7640E-01	0.000
0.7931E-01	0.000
0.8233E-01	0.000
0.8546E-01	0.000
0.8872E-01	0.000
0.9210E-01	0.000
0.9560E-01	0.000
0.9924E-01	0.000
0.1030	0.000
0.1069	0.000
0.1110	0.000
0.1152	0.000
0.1196	0.000
0.1242	0.000
0.1289	0.000
0.1338	0.000
0.1389	0.000
0.1442	0.000
0.1497	0.000
0.1554	0.000
0.1613	0.000
0.1675	0.000
0.1739	0.000
0.1805	0.000
0.1874	0.000
0.1945	0.000
0.2019	0.000
0.2096	0.000
0.2176	0.000
0.2259	0.000
0.2345	0.000
0.2434	0.000
0.2527	0.000
0.2623	0.000
0.2723	0.000
0.2826	0.000
0.2934	0.000
0.3046	0.000
0.3162	0.000
0.3282	0.000
0.3407	0.000
0.3537	0.000
0.3672	0.000
0.3812	0.000
0.3957	0.000
0.4107	0.000
0.4264	0.000
0.4426	0.000
0.4595	0.000
0.4770	0.000
0.4952	0.000
0.5140	0.000
0.5336	0.000
0.5539	0.000
0.5750	0.000
0.5969	0.000
0.6196	0.000
0.6432	0.000
0.6677	0.000
0.6932	0.000
0.7196	0.000
0.7470	0.000
0.7754	0.000
0.8050	0.000
0.8356	0.000
0.8674	0.000
0.9005	0.000
0.9348	0.000
0.9704	0.000
1.007	0.000
1.046	0.000
1.086	0.000
1.127	0.000
1.170	0.000
1.214	0.000
1.261	0.000
1.309	0.000
1.358	0.000
1.410	0.000
1.464	0.000
1.520	0.000
1.578	0.000
1.638	0.000
1.700	0.000
1.765	0.000
1.832	0.000
1.902	0.000
1.974	0.000
2.049	0.000
2.127	0.000
2.208	0.000
2.293	0.000
2.380	0.000
2.470	0.000
2.565	0.000
2.662	0.000
2.764	0.000
2.869	0.000
2.978	0.000
3.092	0.000
3.209	0.000
3.332	0.000
3.458	0.000
3.590	0.000
3.727	0.000
3.869	0.000
4.016	0.000
4.169	0.000
4.328	0.000
4.493	0.000
4.664	0.000
4.841	0.000
5.026	0.000
5.217	0.000
5.416	0.000
5.622	0.000
5.836	0.000
6.059	0.000
6.289	0.000
6.529	0.000
6.778	0.000
7.036	0.000
7.304	0.000
7.582	0.000
7.871	0.000
8.170	0.000
8.482	0.000
8.805	0.000
9.140	0.000
9.488	0.000
9.849	0.000
10.22	0.000
10.61	0.000
11.02	0.000
11.44	0.000
11.87	0.000
12.33	0.000
12.80	0.000
13.28	0.000
13.79	0.000
14.31	0.000
14.86	0.000
15.42	0.000
16.01	0.000
16.62	0.1545E-27
17.25	0.6233E-27
17.91	0.2374E-26
18.59	0.8546E-26
19.30	0.2912E-25
20.04	0.9408E-25
20.80	0.4809E-24
21.59	0.1454E-23
22.42	0.4192E-23
23.27	0.1154E-22
24.16	0.3036E-22
25.08	0.7666E-22
26.03	0.1850E-21
27.02	0.4283E-21
28.05	0.9528E-21
29.12	0.2039E-20
30.23	0.4201E-20
31.38	0.8355E-20
32.57	0.1602E-19
33.82	0.2969E-19
35.10	0.5322E-19
36.44	0.9239E-19
37.83	0.1555E-18
39.27	0.2541E-18
40.76	0.4033E-18
42.32	0.6225E-18
43.93	0.9356E-18
45.60	0.1371E-17
47.34	0.1960E-17
49.14	0.2738E-17
51.01	0.3740E-17
52.96	0.5004E-17
54.97	0.6563E-17
57.07	0.8451E-17
59.24	0.1069E-16
61.50	0.1331E-16
63.84	0.1633E-16
66.27	0.1974E-16
68.79	0.2357E-16
71.41	0.2780E-16
74.13	0.3244E-16
76.96	0.3746E-16
79.89	0.4287E-16
82.93	0.4863E-16
86.09	0.5474E-16
89.37	0.6118E-16
92.77	0.6793E-16
96.31	0.7496E-16
99.97	0.8226E-16
103.8	0.8980E-16
107.7	0.9757E-16
111.8	0.1055E-15
116.1	0.1137E-15
120.5	0.1220E-15
125.1	0.1305E-15
129.9	0.1391E-15
134.8	0.1478E-15
140.0	0.1566E-15
145.3	0.1655E-15
150.8	0.1744E-15
156.6	0.1834E-15
162.5	0.1924E-15
168.7	0.2013E-15
175.1	0.2103E-15
181.8	0.2192E-15
188.7	0.2281E-15
195.9	0.2370E-15
203.4	0.2457E-15
211.1	0.2543E-15
219.2	0.2628E-15
227.5	0.2712E-15
236.2	0.2794E-15
245.2	0.2875E-15
254.5	0.2954E-15
264.2	0.3030E-15
274.3	0.3105E-15
284.7	0.3178E-15
295.6	0.3248E-15
306.8	0.3316E-15
318.5	0.3381E-15
330.6	0.3444E-15
343.2	0.3503E-15
356.3	0.3561E-15
369.9	0.3615E-15
384.0	0.3666E-15
398.6	0.3715E-15
413.8	0.3760E-15
429.5	0.3803E-15
445.9	0.3843E-15
462.9	0.3879E-15
480.5	0.3913E-15
498.8	0.3943E-15
517.8	0.3971E-15
537.5	0.3995E-15
558.0	0.4017E-15
579.2	0.4036E-15
601.3	0.4051E-15
624.2	0.4063E-15
648.0	0.4072E-15
672.6	0.4079E-15
698.3	0.4082E-15
724.9	0.4082E-15
752.5	0.4079E-15
781.1	0.4072E-15
810.9	0.4063E-15
841.8	0.4050E-15
873.8	0.4035E-15
907.1	0.4016E-15
941.6	0.3994E-15
977.5	0.3968E-15
1015.	0.3940E-15
1053.	0.3908E-15
1094.	0.3874E-15
1135.	0.3835E-15
1178.	0.3794E-15
1223.	0.3751E-15
1270.	0.3704E-15
1318.	0.3655E-15
1368.	0.3603E-15
1421.	0.3548E-15
1475.	0.3491E-15
1531.	0.3432E-15
1589.	0.3371E-15
1650.	0.3307E-15
1712.	0.3242E-15
1778.	0.3176E-15
1845.	0.3108E-15
1916.	0.3039E-15
1989.	0.2969E-15
2064.	0.2898E-15
2143.	0.2826E-15
2225.	0.2754E-15
2309.	0.2682E-15
2397.	0.2610E-15
2489.	0.2537E-15
2583.	0.2465E-15
2682.	0.2393E-15
2784.	0.2321E-15
2890.	0.2250E-15
3000.	0.2180E-15
 
 
C2    C3H8    Effective (momentum)                              
E/N (Td)	Rate coefficient (m3/s)
0.1000E-02	0.1494E-13
0.1038E-02	0.1494E-13
0.1078E-02	0.1494E-13
0.1119E-02	0.1494E-13
0.1161E-02	0.1494E-13
0.1205E-02	0.1494E-13
0.1251E-02	0.1494E-13
0.1299E-02	0.1494E-13
0.1349E-02	0.1494E-13
0.1400E-02	0.1494E-13
0.1453E-02	0.1494E-13
0.1509E-02	0.1494E-13
0.1566E-02	0.1494E-13
0.1626E-02	0.1494E-13
0.1688E-02	0.1494E-13
0.1752E-02	0.1494E-13
0.1819E-02	0.1494E-13
0.1888E-02	0.1494E-13
0.1960E-02	0.1494E-13
0.2034E-02	0.1494E-13
0.2112E-02	0.1494E-13
0.2192E-02	0.1494E-13
0.2276E-02	0.1494E-13
0.2362E-02	0.1494E-13
0.2452E-02	0.1494E-13
0.2546E-02	0.1494E-13
0.2643E-02	0.1494E-13
0.2743E-02	0.1494E-13
0.2848E-02	0.1494E-13
0.2956E-02	0.1494E-13
0.3069E-02	0.1494E-13
0.3186E-02	0.1494E-13
0.3307E-02	0.1493E-13
0.3433E-02	0.1493E-13
0.3564E-02	0.1493E-13
0.3700E-02	0.1493E-13
0.3841E-02	0.1493E-13
0.3987E-02	0.1493E-13
0.4139E-02	0.1493E-13
0.4296E-02	0.1493E-13
0.4460E-02	0.1493E-13
0.4630E-02	0.1493E-13
0.4806E-02	0.1493E-13
0.4989E-02	0.1493E-13
0.5179E-02	0.1493E-13
0.5377E-02	0.1493E-13
0.5581E-02	0.1493E-13
0.5794E-02	0.1493E-13
0.6015E-02	0.1492E-13
0.6244E-02	0.1492E-13
0.6481E-02	0.1492E-13
0.6728E-02	0.1492E-13
0.6985E-02	0.1492E-13
0.7251E-02	0.1492E-13
0.7527E-02	0.1492E-13
0.7813E-02	0.1492E-13
0.8111E-02	0.1491E-13
0.8420E-02	0.1491E-13
0.8741E-02	0.1491E-13
0.9073E-02	0.1491E-13
0.9419E-02	0.1491E-13
0.9778E-02	0.1491E-13
0.1015E-01	0.1490E-13
0.1054E-01	0.1490E-13
0.1094E-01	0.1490E-13
0.1135E-01	0.1490E-13
0.1179E-01	0.1490E-13
0.1224E-01	0.1489E-13
0.1270E-01	0.1489E-13
0.1319E-01	0.1489E-13
0.1369E-01	0.1489E-13
0.1421E-01	0.1488E-13
0.1475E-01	0.1488E-13
0.1531E-01	0.1488E-13
0.1590E-01	0.1488E-13
0.1650E-01	0.1487E-13
0.1713E-01	0.1487E-13
0.1778E-01	0.1487E-13
0.1846E-01	0.1487E-13
0.1916E-01	0.1487E-13
0.1989E-01	0.1486E-13
0.2065E-01	0.1486E-13
0.2144E-01	0.1486E-13
0.2225E-01	0.1486E-13
0.2310E-01	0.1486E-13
0.2398E-01	0.1485E-13
0.2489E-01	0.1485E-13
0.2584E-01	0.1485E-13
0.2682E-01	0.1485E-13
0.2785E-01	0.1485E-13
0.2891E-01	0.1485E-13
0.3001E-01	0.1485E-13
0.3115E-01	0.1485E-13
0.3234E-01	0.1485E-13
0.3357E-01	0.1484E-13
0.3485E-01	0.1484E-13
0.3617E-01	0.1484E-13
0.3755E-01	0.1484E-13
0.3898E-01	0.1484E-13
0.4047E-01	0.1484E-13
0.4201E-01	0.1484E-13
0.4361E-01	0.1484E-13
0.4527E-01	0.1484E-13
0.4699E-01	0.1484E-13
0.4878E-01	0.1484E-13
0.5064E-01	0.1484E-13
0.5257E-01	0.1484E-13
0.5457E-01	0.1484E-13
0.5665E-01	0.1483E-13
0.5881E-01	0.1483E-13
0.6105E-01	0.1483E-13
0.6337E-01	0.1483E-13
0.6579E-01	0.1483E-13
0.6829E-01	0.1482E-13
0.7089E-01	0.1482E-13
0.7359E-01	0.1482E-13
0.7640E-01	0.1482E-13
0.7931E-01	0.1481E-13
0.8233E-01	0.1481E-13
0.8546E-01	0.1480E-13
0.8872E-01	0.1480E-13
0.9210E-01	0.1479E-13
0.9560E-01	0.1479E-13
0.9924E-01	0.1478E-13
0.1030	0.1477E-13
0.1069	0.1477E-13
0.1110	0.1476E-13
0.1152	0.1475E-13
0.1196	0.1474E-13
0.1242	0.1473E-13
0.1289	0.1472E-13
0.1338	0.1471E-13
0.1389	0.1470E-13
0.1442	0.1468E-13
0.1497	0.1467E-13
0.1554	0.1466E-13
0.1613	0.1464E-13
0.1675	0.1462E-13
0.1739	0.1461E-13
0.1805	0.1459E-13
0.1874	0.1457E-13
0.1945	0.1455E-13
0.2019	0.1453E-13
0.2096	0.1450E-13
0.2176	0.1448E-13
0.2259	0.1445E-13
0.2345	0.1443E-13
0.2434	0.1440E-13
0.2527	0.1437E-13
0.2623	0.1434E-13
0.2723	0.1431E-13
0.2826	0.1428E-13
0.2934	0.1424E-13
0.3046	0.1421E-13
0.3162	0.1417E-13
0.3282	0.1413E-13
0.3407	0.1409E-13
0.3537	0.1405E-13
0.3672	0.1401E-13
0.3812	0.1397E-13
0.3957	0.1392E-13
0.4107	0.1387E-13
0.4264	0.1383E-13
0.4426	0.1378E-13
0.4595	0.1373E-13
0.4770	0.1367E-13
0.4952	0.1362E-13
0.5140	0.1357E-13
0.5336	0.1351E-13
0.5539	0.1345E-13
0.5750	0.1340E-13
0.5969	0.1334E-13
0.6196	0.1328E-13
0.6432	0.1322E-13
0.6677	0.1316E-13
0.6932	0.1309E-13
0.7196	0.1303E-13
0.7470	0.1297E-13
0.7754	0.1290E-13
0.8050	0.1284E-13
0.8356	0.1278E-13
0.8674	0.1271E-13
0.9005	0.1265E-13
0.9348	0.1259E-13
0.9704	0.1253E-13
1.007	0.1247E-13
1.046	0.1241E-13
1.086	0.1235E-13
1.127	0.1230E-13
1.170	0.1224E-13
1.214	0.1219E-13
1.261	0.1214E-13
1.309	0.1210E-13
1.358	0.1205E-13
1.410	0.1202E-13
1.464	0.1198E-13
1.520	0.1196E-13
1.578	0.1193E-13
1.638	0.1192E-13
1.700	0.1190E-13
1.765	0.1190E-13
1.832	0.1190E-13
1.902	0.1192E-13
1.974	0.1194E-13
2.049	0.1196E-13
2.127	0.1200E-13
2.208	0.1205E-13
2.293	0.1211E-13
2.380	0.1218E-13
2.470	0.1226E-13
2.565	0.1236E-13
2.662	0.1247E-13
2.764	0.1259E-13
2.869	0.1272E-13
2.978	0.1287E-13
3.092	0.1303E-13
3.209	0.1321E-13
3.332	0.1340E-13
3.458	0.1360E-13
3.590	0.1382E-13
3.727	0.1406E-13
3.869	0.1431E-13
4.016	0.1458E-13
4.169	0.1487E-13
4.328	0.1517E-13
4.493	0.1548E-13
4.664	0.1582E-13
4.841	0.1617E-13
5.026	0.1654E-13
5.217	0.1693E-13
5.416	0.1734E-13
5.622	0.1777E-13
5.836	0.1822E-13
6.059	0.1869E-13
6.289	0.1918E-13
6.529	0.1970E-13
6.778	0.2024E-13
7.036	0.2080E-13
7.304	0.2139E-13
7.582	0.2201E-13
7.871	0.2265E-13
8.170	0.2333E-13
8.482	0.2404E-13
8.805	0.2478E-13
9.140	0.2556E-13
9.488	0.2638E-13
9.849	0.2724E-13
10.22	0.2814E-13
10.61	0.2908E-13
11.02	0.3007E-13
11.44	0.3111E-13
11.87	0.3221E-13
12.33	0.3336E-13
12.80	0.3456E-13
13.28	0.3583E-13
13.79	0.3717E-13
14.31	0.3857E-13
14.86	0.4005E-13
15.42	0.4160E-13
16.01	0.4323E-13
16.62	0.4494E-13
17.25	0.4673E-13
17.91	0.4862E-13
18.59	0.5059E-13
19.30	0.5266E-13
20.04	0.5482E-13
20.80	0.5708E-13
21.59	0.5944E-13
22.42	0.6190E-13
23.27	0.6446E-13
24.16	0.6712E-13
25.08	0.6988E-13
26.03	0.7275E-13
27.02	0.7572E-13
28.05	0.7879E-13
29.12	0.8196E-13
30.23	0.8523E-13
31.38	0.8861E-13
32.57	0.9208E-13
33.82	0.9565E-13
35.10	0.9932E-13
36.44	0.1031E-12
37.83	0.1069E-12
39.27	0.1109E-12
40.76	0.1149E-12
42.32	0.1189E-12
43.93	0.1231E-12
45.60	0.1273E-12
47.34	0.1315E-12
49.14	0.1357E-12
51.01	0.1399E-12
52.96	0.1441E-12
54.97	0.1482E-12
57.07	0.1522E-12
59.24	0.1562E-12
61.50	0.1601E-12
63.84	0.1639E-12
66.27	0.1675E-12
68.79	0.1711E-12
71.41	0.1745E-12
74.13	0.1778E-12
76.96	0.1810E-12
79.89	0.1841E-12
82.93	0.1871E-12
86.09	0.1900E-12
89.37	0.1928E-12
92.77	0.1955E-12
96.31	0.1981E-12
99.97	0.2007E-12
103.8	0.2032E-12
107.7	0.2056E-12
111.8	0.2080E-12
116.1	0.2104E-12
120.5	0.2127E-12
125.1	0.2150E-12
129.9	0.2172E-12
134.8	0.2194E-12
140.0	0.2217E-12
145.3	0.2238E-12
150.8	0.2260E-12
156.6	0.2282E-12
162.5	0.2303E-12
168.7	0.2324E-12
175.1	0.2345E-12
181.8	0.2366E-12
188.7	0.2387E-12
195.9	0.2408E-12
203.4	0.2429E-12
211.1	0.2450E-12
219.2	0.2470E-12
227.5	0.2491E-12
236.2	0.2511E-12
245.2	0.2531E-12
254.5	0.2551E-12
264.2	0.2571E-12
274.3	0.2591E-12
284.7	0.2611E-12
295.6	0.2631E-12
306.8	0.2650E-12
318.5	0.2670E-12
330.6	0.2689E-12
343.2	0.2708E-12
356.3	0.2727E-12
369.9	0.2745E-12
384.0	0.2764E-12
398.6	0.2782E-12
413.8	0.2800E-12
429.5	0.2817E-12
445.9	0.2835E-12
462.9	0.2852E-12
480.5	0.2869E-12
498.8	0.2886E-12
517.8	0.2902E-12
537.5	0.2918E-12
558.0	0.2934E-12
579.2	0.2949E-12
601.3	0.2964E-12
624.2	0.2978E-12
648.0	0.2992E-12
672.6	0.3006E-12
698.3	0.3019E-12
724.9	0.3031E-12
752.5	0.3043E-12
781.1	0.3054E-12
810.9	0.3065E-12
841.8	0.3075E-12
873.8	0.3085E-12
907.1	0.3093E-12
941.6	0.3101E-12
977.5	0.3108E-12
1015.	0.3114E-12
1053.	0.3120E-12
1094.	0.3124E-12
1135.	0.3128E-12
1178.	0.3130E-12
1223.	0.3132E-12
1270.	0.3132E-12
1318.	0.3131E-12
1368.	0.3129E-12
1421.	0.3126E-12
1475.	0.3122E-12
1531.	0.3117E-12
1589.	0.3110E-12
1650.	0.3102E-12
1712.	0.3093E-12
1778.	0.3083E-12
1845.	0.3071E-12
1916.	0.3058E-12
1989.	0.3044E-12
2064.	0.3029E-12
2143.	0.3013E-12
2225.	0.2996E-12
2309.	0.2977E-12
2397.	0.2958E-12
2489.	0.2937E-12
2583.	0.2916E-12
2682.	0.2894E-12
2784.	0.2870E-12
2890.	0.2846E-12
3000.	0.2821E-12
 
 
C3    C3H8    Excitation    0.092 eV                            
E/N (Td)	Rate coefficient (m3/s)
0.1000E-02	0.6669E-16
0.1038E-02	0.6669E-16
0.1078E-02	0.6670E-16
0.1119E-02	0.6670E-16
0.1161E-02	0.6670E-16
0.1205E-02	0.6670E-16
0.1251E-02	0.6670E-16
0.1299E-02	0.6670E-16
0.1349E-02	0.6670E-16
0.1400E-02	0.6670E-16
0.1453E-02	0.6670E-16
0.1509E-02	0.6670E-16
0.1566E-02	0.6670E-16
0.1626E-02	0.6670E-16
0.1688E-02	0.6670E-16
0.1752E-02	0.6670E-16
0.1819E-02	0.6670E-16
0.1888E-02	0.6670E-16
0.1960E-02	0.6670E-16
0.2034E-02	0.6670E-16
0.2112E-02	0.6670E-16
0.2192E-02	0.6670E-16
0.2276E-02	0.6670E-16
0.2362E-02	0.6670E-16
0.2452E-02	0.6671E-16
0.2546E-02	0.6671E-16
0.2643E-02	0.6671E-16
0.2743E-02	0.6671E-16
0.2848E-02	0.6671E-16
0.2956E-02	0.6671E-16
0.3069E-02	0.6671E-16
0.3186E-02	0.6671E-16
0.3307E-02	0.6672E-16
0.3433E-02	0.6672E-16
0.3564E-02	0.6672E-16
0.3700E-02	0.6672E-16
0.3841E-02	0.6672E-16
0.3987E-02	0.6673E-16
0.4139E-02	0.6673E-16
0.4296E-02	0.6673E-16
0.4460E-02	0.6673E-16
0.4630E-02	0.6674E-16
0.4806E-02	0.6674E-16
0.4989E-02	0.6674E-16
0.5179E-02	0.6675E-16
0.5377E-02	0.6675E-16
0.5581E-02	0.6675E-16
0.5794E-02	0.6676E-16
0.6015E-02	0.6676E-16
0.6244E-02	0.6677E-16
0.6481E-02	0.6677E-16
0.6728E-02	0.6678E-16
0.6985E-02	0.6679E-16
0.7251E-02	0.6679E-16
0.7527E-02	0.6680E-16
0.7813E-02	0.6681E-16
0.8111E-02	0.6681E-16
0.8420E-02	0.6682E-16
0.8741E-02	0.6683E-16
0.9073E-02	0.6684E-16
0.9419E-02	0.6685E-16
0.9778E-02	0.6686E-16
0.1015E-01	0.6687E-16
0.1054E-01	0.6688E-16
0.1094E-01	0.6689E-16
0.1135E-01	0.6690E-16
0.1179E-01	0.6691E-16
0.1224E-01	0.6692E-16
0.1270E-01	0.6693E-16
0.1319E-01	0.6695E-16
0.1369E-01	0.6696E-16
0.1421E-01	0.6697E-16
0.1475E-01	0.6698E-16
0.1531E-01	0.6700E-16
0.1590E-01	0.6701E-16
0.1650E-01	0.6703E-16
0.1713E-01	0.6704E-16
0.1778E-01	0.6705E-16
0.1846E-01	0.6707E-16
0.1916E-01	0.6708E-16
0.1989E-01	0.6710E-16
0.2065E-01	0.6711E-16
0.2144E-01	0.6713E-16
0.2225E-01	0.6714E-16
0.2310E-01	0.6716E-16
0.2398E-01	0.6717E-16
0.2489E-01	0.6719E-16
0.2584E-01	0.6720E-16
0.2682E-01	0.6722E-16
0.2785E-01	0.6724E-16
0.2891E-01	0.6725E-16
0.3001E-01	0.6727E-16
0.3115E-01	0.6729E-16
0.3234E-01	0.6731E-16
0.3357E-01	0.6733E-16
0.3485E-01	0.6735E-16
0.3617E-01	0.6738E-16
0.3755E-01	0.6740E-16
0.3898E-01	0.6743E-16
0.4047E-01	0.6746E-16
0.4201E-01	0.6749E-16
0.4361E-01	0.6752E-16
0.4527E-01	0.6756E-16
0.4699E-01	0.6760E-16
0.4878E-01	0.6764E-16
0.5064E-01	0.6769E-16
0.5257E-01	0.6774E-16
0.5457E-01	0.6780E-16
0.5665E-01	0.6786E-16
0.5881E-01	0.6792E-16
0.6105E-01	0.6799E-16
0.6337E-01	0.6806E-16
0.6579E-01	0.6814E-16
0.6829E-01	0.6823E-16
0.7089E-01	0.6833E-16
0.7359E-01	0.6843E-16
0.7640E-01	0.6854E-16
0.7931E-01	0.6866E-16
0.8233E-01	0.6878E-16
0.8546E-01	0.6892E-16
0.8872E-01	0.6907E-16
0.9210E-01	0.6923E-16
0.9560E-01	0.6940E-16
0.9924E-01	0.6958E-16
0.1030	0.6978E-16
0.1069	0.6999E-16
0.1110	0.7022E-16
0.1152	0.7046E-16
0.1196	0.7073E-16
0.1242	0.7101E-16
0.1289	0.7131E-16
0.1338	0.7164E-16
0.1389	0.7199E-16
0.1442	0.7237E-16
0.1497	0.7277E-16
0.1554	0.7320E-16
0.1613	0.7367E-16
0.1675	0.7417E-16
0.1739	0.7471E-16
0.1805	0.7529E-16
0.1874	0.7591E-16
0.1945	0.7657E-16
0.2019	0.7729E-16
0.2096	0.7806E-16
0.2176	0.7888E-16
0.2259	0.7977E-16
0.2345	0.8072E-16
0.2434	0.8175E-16
0.2527	0.8285E-16
0.2623	0.8403E-16
0.2723	0.8530E-16
0.2826	0.8667E-16
0.2934	0.8813E-16
0.3046	0.8971E-16
0.3162	0.9140E-16
0.3282	0.9322E-16
0.3407	0.9518E-16
0.3537	0.9728E-16
0.3672	0.9954E-16
0.3812	0.1020E-15
0.3957	0.1046E-15
0.4107	0.1074E-15
0.4264	0.1104E-15
0.4426	0.1136E-15
0.4595	0.1171E-15
0.4770	0.1209E-15
0.4952	0.1249E-15
0.5140	0.1292E-15
0.5336	0.1338E-15
0.5539	0.1388E-15
0.5750	0.1442E-15
0.5969	0.1499E-15
0.6196	0.1561E-15
0.6432	0.1627E-15
0.6677	0.1697E-15
0.6932	0.1773E-15
0.7196	0.1855E-15
0.7470	0.1942E-15
0.7754	0.2035E-15
0.8050	0.2135E-15
0.8356	0.2242E-15
0.8674	0.2356E-15
0.9005	0.2479E-15
0.9348	0.2609E-15
0.9704	0.2748E-15
1.007	0.2897E-15
1.046	0.3055E-15
1.086	0.3224E-15
1.127	0.3403E-15
1.170	0.3594E-15
1.214	0.3796E-15
1.261	0.4011E-15
1.309	0.4239E-15
1.358	0.4481E-15
1.410	0.4736E-15
1.464	0.5005E-15
1.520	0.5290E-15
1.578	0.5590E-15
1.638	0.5905E-15
1.700	0.6236E-15
1.765	0.6584E-15
1.832	0.6948E-15
1.902	0.7328E-15
1.974	0.7725E-15
2.049	0.8138E-15
2.127	0.8567E-15
2.208	0.9016E-15
2.293	0.9476E-15
2.380	0.9951E-15
2.470	0.1044E-14
2.565	0.1094E-14
2.662	0.1146E-14
2.764	0.1198E-14
2.869	0.1252E-14
2.978	0.1306E-14
3.092	0.1362E-14
3.209	0.1418E-14
3.332	0.1474E-14
3.458	0.1531E-14
3.590	0.1588E-14
3.727	0.1645E-14
3.869	0.1702E-14
4.016	0.1759E-14
4.169	0.1816E-14
4.328	0.1872E-14
4.493	0.1928E-14
4.664	0.1984E-14
4.841	0.2038E-14
5.026	0.2092E-14
5.217	0.2146E-14
5.416	0.2198E-14
5.622	0.2249E-14
5.836	0.2299E-14
6.059	0.2349E-14
6.289	0.2396E-14
6.529	0.2444E-14
6.778	0.2490E-14
7.036	0.2534E-14
7.304	0.2578E-14
7.582	0.2620E-14
7.871	0.2662E-14
8.170	0.2702E-14
8.482	0.2740E-14
8.805	0.2778E-14
9.140	0.2814E-14
9.488	0.2850E-14
9.849	0.2884E-14
10.22	0.2917E-14
10.61	0.2949E-14
11.02	0.2980E-14
11.44	0.3009E-14
11.87	0.3038E-14
12.33	0.3067E-14
12.80	0.3094E-14
13.28	0.3121E-14
13.79	0.3147E-14
14.31	0.3174E-14
14.86	0.3200E-14
15.42	0.3226E-14
16.01	0.3252E-14
16.62	0.3279E-14
17.25	0.3306E-14
17.91	0.3334E-14
18.59	0.3364E-14
19.30	0.3396E-14
20.04	0.3429E-14
20.80	0.3465E-14
21.59	0.3503E-14
22.42	0.3545E-14
23.27	0.3590E-14
24.16	0.3640E-14
25.08	0.3694E-14
26.03	0.3753E-14
27.02	0.3818E-14
28.05	0.3889E-14
29.12	0.3967E-14
30.23	0.4052E-14
31.38	0.4144E-14
32.57	0.4245E-14
33.82	0.4355E-14
35.10	0.4475E-14
36.44	0.4604E-14
37.83	0.4744E-14
39.27	0.4894E-14
40.76	0.5054E-14
42.32	0.5225E-14
43.93	0.5407E-14
45.60	0.5597E-14
47.34	0.5797E-14
49.14	0.6004E-14
51.01	0.6218E-14
52.96	0.6438E-14
54.97	0.6661E-14
57.07	0.6887E-14
59.24	0.7114E-14
61.50	0.7340E-14
63.84	0.7566E-14
66.27	0.7789E-14
68.79	0.8009E-14
71.41	0.8225E-14
74.13	0.8438E-14
76.96	0.8646E-14
79.89	0.8849E-14
82.93	0.9048E-14
86.09	0.9243E-14
89.37	0.9434E-14
92.77	0.9620E-14
96.31	0.9803E-14
99.97	0.9983E-14
103.8	0.1016E-13
107.7	0.1033E-13
111.8	0.1050E-13
116.1	0.1067E-13
120.5	0.1084E-13
125.1	0.1101E-13
129.9	0.1117E-13
134.8	0.1133E-13
140.0	0.1149E-13
145.3	0.1165E-13
150.8	0.1181E-13
156.6	0.1197E-13
162.5	0.1213E-13
168.7	0.1228E-13
175.1	0.1244E-13
181.8	0.1259E-13
188.7	0.1275E-13
195.9	0.1290E-13
203.4	0.1305E-13
211.1	0.1320E-13
219.2	0.1335E-13
227.5	0.1350E-13
236.2	0.1364E-13
245.2	0.1379E-13
254.5	0.1393E-13
264.2	0.1407E-13
274.3	0.1421E-13
284.7	0.1435E-13
295.6	0.1449E-13
306.8	0.1462E-13
318.5	0.1476E-13
330.6	0.1489E-13
343.2	0.1501E-13
356.3	0.1514E-13
369.9	0.1526E-13
384.0	0.1538E-13
398.6	0.1549E-13
413.8	0.1561E-13
429.5	0.1572E-13
445.9	0.1582E-13
462.9	0.1593E-13
480.5	0.1602E-13
498.8	0.1612E-13
517.8	0.1621E-13
537.5	0.1630E-13
558.0	0.1638E-13
579.2	0.1646E-13
601.3	0.1653E-13
624.2	0.1660E-13
648.0	0.1666E-13
672.6	0.1672E-13
698.3	0.1677E-13
724.9	0.1682E-13
752.5	0.1686E-13
781.1	0.1689E-13
810.9	0.1692E-13
841.8	0.1693E-13
873.8	0.1695E-13
907.1	0.1695E-13
941.6	0.1695E-13
977.5	0.1694E-13
1015.	0.1692E-13
1053.	0.1689E-13
1094.	0.1685E-13
1135.	0.1681E-13
1178.	0.1675E-13
1223.	0.1669E-13
1270.	0.1661E-13
1318.	0.1653E-13
1368.	0.1644E-13
1421.	0.1633E-13
1475.	0.1622E-13
1531.	0.1610E-13
1589.	0.1597E-13
1650.	0.1583E-13
1712.	0.1568E-13
1778.	0.1552E-13
1845.	0.1535E-13
1916.	0.1518E-13
1989.	0.1499E-13
2064.	0.1480E-13
2143.	0.1461E-13
2225.	0.1440E-13
2309.	0.1419E-13
2397.	0.1398E-13
2489.	0.1375E-13
2583.	0.1353E-13
2682.	0.1330E-13
2784.	0.1306E-13
2890.	0.1282E-13
3000.	0.1258E-13
 
 
C4    C3H8    Excitation    0.35 eV                             
E/N (Td)	Rate coefficient (m3/s)
0.1000E-02	0.4035E-20
0.1038E-02	0.4035E-20
0.1078E-02	0.4035E-20
0.1119E-02	0.4035E-20
0.1161E-02	0.4035E-20
0.1205E-02	0.4035E-20
0.1251E-02	0.4035E-20
0.1299E-02	0.4035E-20
0.1349E-02	0.4035E-20
0.1400E-02	0.4035E-20
0.1453E-02	0.4035E-20
0.1509E-02	0.4035E-20
0.1566E-02	0.4036E-20
0.1626E-02	0.4036E-20
0.1688E-02	0.4036E-20
0.1752E-02	0.4036E-20
0.1819E-02	0.4036E-20
0.1888E-02	0.4036E-20
0.1960E-02	0.4036E-20
0.2034E-02	0.4036E-20
0.2112E-02	0.4036E-20
0.2192E-02	0.4036E-20
0.2276E-02	0.4036E-20
0.2362E-02	0.4037E-20
0.2452E-02	0.4037E-20
0.2546E-02	0.4037E-20
0.2643E-02	0.4037E-20
0.2743E-02	0.4037E-20
0.2848E-02	0.4037E-20
0.2956E-02	0.4038E-20
0.3069E-02	0.4038E-20
0.3186E-02	0.4038E-20
0.3307E-02	0.4038E-20
0.3433E-02	0.4039E-20
0.3564E-02	0.4039E-20
0.3700E-02	0.4039E-20
0.3841E-02	0.4039E-20
0.3987E-02	0.4040E-20
0.4139E-02	0.4040E-20
0.4296E-02	0.4041E-20
0.4460E-02	0.4041E-20
0.4630E-02	0.4042E-20
0.4806E-02	0.4042E-20
0.4989E-02	0.4043E-20
0.5179E-02	0.4043E-20
0.5377E-02	0.4044E-20
0.5581E-02	0.4044E-20
0.5794E-02	0.4045E-20
0.6015E-02	0.4046E-20
0.6244E-02	0.4047E-20
0.6481E-02	0.4048E-20
0.6728E-02	0.4049E-20
0.6985E-02	0.4050E-20
0.7251E-02	0.4051E-20
0.7527E-02	0.4052E-20
0.7813E-02	0.4053E-20
0.8111E-02	0.4054E-20
0.8420E-02	0.4056E-20
0.8741E-02	0.4057E-20
0.9073E-02	0.4059E-20
0.9419E-02	0.4060E-20
0.9778E-02	0.4062E-20
0.1015E-01	0.4064E-20
0.1054E-01	0.4066E-20
0.1094E-01	0.4068E-20
0.1135E-01	0.4070E-20
0.1179E-01	0.4072E-20
0.1224E-01	0.4075E-20
0.1270E-01	0.4077E-20
0.1319E-01	0.4080E-20
0.1369E-01	0.4083E-20
0.1421E-01	0.4085E-20
0.1475E-01	0.4088E-20
0.1531E-01	0.4091E-20
0.1590E-01	0.4095E-20
0.1650E-01	0.4098E-20
0.1713E-01	0.4101E-20
0.1778E-01	0.4105E-20
0.1846E-01	0.4108E-20
0.1916E-01	0.4112E-20
0.1989E-01	0.4116E-20
0.2065E-01	0.4120E-20
0.2144E-01	0.4124E-20
0.2225E-01	0.4128E-20
0.2310E-01	0.4132E-20
0.2398E-01	0.4136E-20
0.2489E-01	0.4140E-20
0.2584E-01	0.4144E-20
0.2682E-01	0.4149E-20
0.2785E-01	0.4153E-20
0.2891E-01	0.4157E-20
0.3001E-01	0.4162E-20
0.3115E-01	0.4166E-20
0.3234E-01	0.4171E-20
0.3357E-01	0.4175E-20
0.3485E-01	0.4180E-20
0.3617E-01	0.4184E-20
0.3755E-01	0.4189E-20
0.3898E-01	0.4194E-20
0.4047E-01	0.4199E-20
0.4201E-01	0.4204E-20
0.4361E-01	0.4209E-20
0.4527E-01	0.4214E-20
0.4699E-01	0.4220E-20
0.4878E-01	0.4226E-20
0.5064E-01	0.4231E-20
0.5257E-01	0.4237E-20
0.5457E-01	0.4244E-20
0.5665E-01	0.4250E-20
0.5881E-01	0.4257E-20
0.6105E-01	0.4264E-20
0.6337E-01	0.4272E-20
0.6579E-01	0.4280E-20
0.6829E-01	0.4288E-20
0.7089E-01	0.4297E-20
0.7359E-01	0.4306E-20
0.7640E-01	0.4316E-20
0.7931E-01	0.4327E-20
0.8233E-01	0.4338E-20
0.8546E-01	0.4350E-20
0.8872E-01	0.4363E-20
0.9210E-01	0.4376E-20
0.9560E-01	0.4391E-20
0.9924E-01	0.4406E-20
0.1030	0.4422E-20
0.1069	0.4440E-20
0.1110	0.4459E-20
0.1152	0.4479E-20
0.1196	0.4500E-20
0.1242	0.4523E-20
0.1289	0.4548E-20
0.1338	0.4574E-20
0.1389	0.4602E-20
0.1442	0.4632E-20
0.1497	0.4665E-20
0.1554	0.4699E-20
0.1613	0.4736E-20
0.1675	0.4776E-20
0.1739	0.4819E-20
0.1805	0.4865E-20
0.1874	0.4915E-20
0.1945	0.4968E-20
0.2019	0.5025E-20
0.2096	0.5086E-20
0.2176	0.5152E-20
0.2259	0.5223E-20
0.2345	0.5300E-20
0.2434	0.5382E-20
0.2527	0.5471E-20
0.2623	0.5568E-20
0.2723	0.5672E-20
0.2826	0.5785E-20
0.2934	0.5908E-20
0.3046	0.6041E-20
0.3162	0.6186E-20
0.3282	0.6345E-20
0.3407	0.6519E-20
0.3537	0.6710E-20
0.3672	0.6919E-20
0.3812	0.7150E-20
0.3957	0.7406E-20
0.4107	0.7689E-20
0.4264	0.8005E-20
0.4426	0.8356E-20
0.4595	0.8749E-20
0.4770	0.9190E-20
0.4952	0.9686E-20
0.5140	0.1024E-19
0.5336	0.1088E-19
0.5539	0.1159E-19
0.5750	0.1241E-19
0.5969	0.1334E-19
0.6196	0.1441E-19
0.6432	0.1563E-19
0.6677	0.1704E-19
0.6932	0.1867E-19
0.7196	0.2056E-19
0.7470	0.2276E-19
0.7754	0.2534E-19
0.8050	0.2837E-19
0.8356	0.3196E-19
0.8674	0.3621E-19
0.9005	0.4128E-19
0.9348	0.4735E-19
0.9704	0.5467E-19
1.007	0.6352E-19
1.046	0.7426E-19
1.086	0.8736E-19
1.127	0.1034E-18
1.170	0.1231E-18
1.214	0.1475E-18
1.261	0.1776E-18
1.309	0.2150E-18
1.358	0.2615E-18
1.410	0.3194E-18
1.464	0.3917E-18
1.520	0.4818E-18
1.578	0.5943E-18
1.638	0.7350E-18
1.700	0.9100E-18
1.765	0.1128E-17
1.832	0.1398E-17
1.902	0.1733E-17
1.974	0.2146E-17
2.049	0.2655E-17
2.127	0.3277E-17
2.208	0.4040E-17
2.293	0.4963E-17
2.380	0.6079E-17
2.470	0.7421E-17
2.565	0.9026E-17
2.662	0.1094E-16
2.764	0.1319E-16
2.869	0.1585E-16
2.978	0.1896E-16
3.092	0.2258E-16
3.209	0.2676E-16
3.332	0.3158E-16
3.458	0.3710E-16
3.590	0.4337E-16
3.727	0.5048E-16
3.869	0.5849E-16
4.016	0.6748E-16
4.169	0.7752E-16
4.328	0.8866E-16
4.493	0.1010E-15
4.664	0.1146E-15
4.841	0.1296E-15
5.026	0.1459E-15
5.217	0.1638E-15
5.416	0.1832E-15
5.622	0.2042E-15
5.836	0.2268E-15
6.059	0.2512E-15
6.289	0.2774E-15
6.529	0.3056E-15
6.778	0.3356E-15
7.036	0.3677E-15
7.304	0.4018E-15
7.582	0.4381E-15
7.871	0.4765E-15
8.170	0.5171E-15
8.482	0.5600E-15
8.805	0.6053E-15
9.140	0.6529E-15
9.488	0.7029E-15
9.849	0.7554E-15
10.22	0.8104E-15
10.61	0.8679E-15
11.02	0.9279E-15
11.44	0.9903E-15
11.87	0.1055E-14
12.33	0.1123E-14
12.80	0.1193E-14
13.28	0.1266E-14
13.79	0.1341E-14
14.31	0.1419E-14
14.86	0.1499E-14
15.42	0.1582E-14
16.01	0.1667E-14
16.62	0.1754E-14
17.25	0.1844E-14
17.91	0.1936E-14
18.59	0.2030E-14
19.30	0.2126E-14
20.04	0.2225E-14
20.80	0.2326E-14
21.59	0.2429E-14
22.42	0.2534E-14
23.27	0.2641E-14
24.16	0.2751E-14
25.08	0.2863E-14
26.03	0.2978E-14
27.02	0.3096E-14
28.05	0.3216E-14
29.12	0.3339E-14
30.23	0.3466E-14
31.38	0.3596E-14
32.57	0.3729E-14
33.82	0.3866E-14
35.10	0.4008E-14
36.44	0.4153E-14
37.83	0.4302E-14
39.27	0.4456E-14
40.76	0.4614E-14
42.32	0.4776E-14
43.93	0.4941E-14
45.60	0.5110E-14
47.34	0.5281E-14
49.14	0.5454E-14
51.01	0.5627E-14
52.96	0.5801E-14
54.97	0.5975E-14
57.07	0.6146E-14
59.24	0.6315E-14
61.50	0.6481E-14
63.84	0.6644E-14
66.27	0.6802E-14
68.79	0.6957E-14
71.41	0.7106E-14
74.13	0.7251E-14
76.96	0.7392E-14
79.89	0.7528E-14
82.93	0.7660E-14
86.09	0.7788E-14
89.37	0.7912E-14
92.77	0.8032E-14
96.31	0.8150E-14
99.97	0.8265E-14
103.8	0.8377E-14
107.7	0.8486E-14
111.8	0.8594E-14
116.1	0.8700E-14
120.5	0.8804E-14
125.1	0.8907E-14
129.9	0.9009E-14
134.8	0.9109E-14
140.0	0.9209E-14
145.3	0.9308E-14
150.8	0.9406E-14
156.6	0.9504E-14
162.5	0.9601E-14
168.7	0.9697E-14
175.1	0.9793E-14
181.8	0.9889E-14
188.7	0.9984E-14
195.9	0.1008E-13
203.4	0.1017E-13
211.1	0.1027E-13
219.2	0.1036E-13
227.5	0.1045E-13
236.2	0.1055E-13
245.2	0.1064E-13
254.5	0.1073E-13
264.2	0.1082E-13
274.3	0.1091E-13
284.7	0.1100E-13
295.6	0.1109E-13
306.8	0.1118E-13
318.5	0.1127E-13
330.6	0.1135E-13
343.2	0.1144E-13
356.3	0.1153E-13
369.9	0.1161E-13
384.0	0.1169E-13
398.6	0.1177E-13
413.8	0.1185E-13
429.5	0.1193E-13
445.9	0.1201E-13
462.9	0.1208E-13
480.5	0.1215E-13
498.8	0.1223E-13
517.8	0.1230E-13
537.5	0.1236E-13
558.0	0.1243E-13
579.2	0.1249E-13
601.3	0.1255E-13
624.2	0.1261E-13
648.0	0.1266E-13
672.6	0.1271E-13
698.3	0.1276E-13
724.9	0.1280E-13
752.5	0.1285E-13
781.1	0.1288E-13
810.9	0.1292E-13
841.8	0.1295E-13
873.8	0.1297E-13
907.1	0.1299E-13
941.6	0.1300E-13
977.5	0.1301E-13
1015.	0.1302E-13
1053.	0.1302E-13
1094.	0.1301E-13
1135.	0.1300E-13
1178.	0.1298E-13
1223.	0.1295E-13
1270.	0.1292E-13
1318.	0.1288E-13
1368.	0.1283E-13
1421.	0.1278E-13
1475.	0.1272E-13
1531.	0.1265E-13
1589.	0.1258E-13
1650.	0.1250E-13
1712.	0.1241E-13
1778.	0.1232E-13
1845.	0.1222E-13
1916.	0.1211E-13
1989.	0.1200E-13
2064.	0.1188E-13
2143.	0.1175E-13
2225.	0.1162E-13
2309.	0.1148E-13
2397.	0.1134E-13
2489.	0.1119E-13
2583.	0.1104E-13
2682.	0.1089E-13
2784.	0.1073E-13
2890.	0.1056E-13
3000.	0.1040E-13
 
 
C5    C3H8    Excitation    6.72 eV                             
E/N (Td)	Rate coefficient (m3/s)
0.1000E-02	0.000
0.1038E-02	0.000
0.1078E-02	0.000
0.1119E-02	0.000
0.1161E-02	0.000
0.1205E-02	0.000
0.1251E-02	0.000
0.1299E-02	0.000
0.1349E-02	0.000
0.1400E-02	0.000
0.1453E-02	0.000
0.1509E-02	0.000
0.1566E-02	0.000
0.1626E-02	0.000
0.1688E-02	0.000
0.1752E-02	0.000
0.1819E-02	0.000
0.1888E-02	0.000
0.1960E-02	0.000
0.2034E-02	0.000
0.2112E-02	0.000
0.2192E-02	0.000
0.2276E-02	0.000
0.2362E-02	0.000
0.2452E-02	0.000
0.2546E-02	0.000
0.2643E-02	0.000
0.2743E-02	0.000
0.2848E-02	0.000
0.2956E-02	0.000
0.3069E-02	0.000
0.3186E-02	0.000
0.3307E-02	0.000
0.3433E-02	0.000
0.3564E-02	0.000
0.3700E-02	0.000
0.3841E-02	0.000
0.3987E-02	0.000
0.4139E-02	0.000
0.4296E-02	0.000
0.4460E-02	0.000
0.4630E-02	0.000
0.4806E-02	0.000
0.4989E-02	0.000
0.5179E-02	0.000
0.5377E-02	0.000
0.5581E-02	0.000
0.5794E-02	0.000
0.6015E-02	0.000
0.6244E-02	0.000
0.6481E-02	0.000
0.6728E-02	0.000
0.6985E-02	0.000
0.7251E-02	0.000
0.7527E-02	0.000
0.7813E-02	0.000
0.8111E-02	0.000
0.8420E-02	0.000
0.8741E-02	0.000
0.9073E-02	0.000
0.9419E-02	0.000
0.9778E-02	0.000
0.1015E-01	0.000
0.1054E-01	0.000
0.1094E-01	0.000
0.1135E-01	0.000
0.1179E-01	0.000
0.1224E-01	0.000
0.1270E-01	0.000
0.1319E-01	0.000
0.1369E-01	0.000
0.1421E-01	0.000
0.1475E-01	0.000
0.1531E-01	0.000
0.1590E-01	0.000
0.1650E-01	0.000
0.1713E-01	0.000
0.1778E-01	0.000
0.1846E-01	0.000
0.1916E-01	0.000
0.1989E-01	0.000
0.2065E-01	0.000
0.2144E-01	0.000
0.2225E-01	0.000
0.2310E-01	0.000
0.2398E-01	0.000
0.2489E-01	0.000
0.2584E-01	0.000
0.2682E-01	0.000
0.2785E-01	0.000
0.2891E-01	0.000
0.3001E-01	0.000
0.3115E-01	0.000
0.3234E-01	0.000
0.3357E-01	0.000
0.3485E-01	0.000
0.3617E-01	0.000
0.3755E-01	0.000
0.3898E-01	0.000
0.4047E-01	0.000
0.4201E-01	0.000
0.4361E-01	0.000
0.4527E-01	0.000
0.4699E-01	0.000
0.4878E-01	0.000
0.5064E-01	0.000
0.5257E-01	0.000
0.5457E-01	0.000
0.5665E-01	0.000
0.5881E-01	0.000
0.6105E-01	0.000
0.6337E-01	0.000
0.6579E-01	0.000
0.6829E-01	0.000
0.7089E-01	0.000
0.7359E-01	0.000
0.7640E-01	0.000
0.7931E-01	0.000
0.8233E-01	0.000
0.8546E-01	0.000
0.8872E-01	0.000
0.9210E-01	0.000
0.9560E-01	0.000
0.9924E-01	0.000
0.1030	0.000
0.1069	0.000
0.1110	0.000
0.1152	0.000
0.1196	0.000
0.1242	0.000
0.1289	0.000
0.1338	0.000
0.1389	0.000
0.1442	0.000
0.1497	0.000
0.1554	0.000
0.1613	0.000
0.1675	0.000
0.1739	0.000
0.1805	0.000
0.1874	0.000
0.1945	0.000
0.2019	0.000
0.2096	0.000
0.2176	0.000
0.2259	0.000
0.2345	0.000
0.2434	0.000
0.2527	0.000
0.2623	0.000
0.2723	0.000
0.2826	0.000
0.2934	0.000
0.3046	0.000
0.3162	0.000
0.3282	0.000
0.3407	0.000
0.3537	0.000
0.3672	0.000
0.3812	0.000
0.3957	0.000
0.4107	0.000
0.4264	0.000
0.4426	0.000
0.4595	0.000
0.4770	0.000
0.4952	0.000
0.5140	0.000
0.5336	0.000
0.5539	0.000
0.5750	0.000
0.5969	0.000
0.6196	0.000
0.6432	0.000
0.6677	0.000
0.6932	0.000
0.7196	0.000
0.7470	0.000
0.7754	0.000
0.8050	0.000
0.8356	0.000
0.8674	0.000
0.9005	0.000
0.9348	0.000
0.9704	0.000
1.007	0.000
1.046	0.000
1.086	0.000
1.127	0.000
1.170	0.000
1.214	0.000
1.261	0.000
1.309	0.000
1.358	0.000
1.410	0.000
1.464	0.000
1.520	0.000
1.578	0.000
1.638	0.000
1.700	0.000
1.765	0.000
1.832	0.000
1.902	0.000
1.974	0.000
2.049	0.000
2.127	0.000
2.208	0.000
2.293	0.000
2.380	0.000
2.470	0.000
2.565	0.000
2.662	0.000
2.764	0.000
2.869	0.000
2.978	0.000
3.092	0.000
3.209	0.000
3.332	0.000
3.458	0.000
3.590	0.000
3.727	0.000
3.869	0.000
4.016	0.000
4.169	0.000
4.328	0.000
4.493	0.000
4.664	0.000
4.841	0.000
5.026	0.000
5.217	0.000
5.416	0.000
5.622	0.000
5.836	0.000
6.059	0.000
6.289	0.000
6.529	0.000
6.778	0.000
7.036	0.000
7.304	0.000
7.582	0.000
7.871	0.000
8.170	0.000
8.482	0.000
8.805	0.000
9.140	0.000
9.488	0.000
9.849	0.000
10.22	0.000
10.61	0.000
11.02	0.000
11.44	0.000
11.87	0.000
12.33	0.000
12.80	0.000
13.28	0.000
13.79	0.000
14.31	0.000
14.86	0.000
15.42	0.000
16.01	0.000
16.62	0.4447E-28
17.25	0.1831E-27
17.91	0.7106E-27
18.59	0.2603E-26
19.30	0.9018E-26
20.04	0.2958E-25
20.80	0.4179E-24
21.59	0.1326E-23
22.42	0.4005E-23
23.27	0.1154E-22
24.16	0.3176E-22
25.08	0.8420E-22
26.03	0.2124E-21
27.02	0.5136E-21
28.05	0.1192E-20
29.12	0.2661E-20
30.23	0.5716E-20
31.38	0.1184E-19
32.57	0.2364E-19
33.82	0.4557E-19
35.10	0.8493E-19
36.44	0.1532E-18
37.83	0.2678E-18
39.27	0.4543E-18
40.76	0.7479E-18
42.32	0.1197E-17
43.93	0.1865E-17
45.60	0.2831E-17
47.34	0.4192E-17
49.14	0.6061E-17
51.01	0.8571E-17
52.96	0.1186E-16
54.97	0.1610E-16
57.07	0.2143E-16
59.24	0.2804E-16
61.50	0.3608E-16
63.84	0.4573E-16
66.27	0.5715E-16
68.79	0.7049E-16
71.41	0.8590E-16
74.13	0.1035E-15
76.96	0.1235E-15
79.89	0.1460E-15
82.93	0.1711E-15
86.09	0.1989E-15
89.37	0.2296E-15
92.77	0.2633E-15
96.31	0.3001E-15
99.97	0.3401E-15
103.8	0.3834E-15
107.7	0.4302E-15
111.8	0.4806E-15
116.1	0.5347E-15
120.5	0.5927E-15
125.1	0.6546E-15
129.9	0.7206E-15
134.8	0.7908E-15
140.0	0.8654E-15
145.3	0.9444E-15
150.8	0.1028E-14
156.6	0.1116E-14
162.5	0.1210E-14
168.7	0.1308E-14
175.1	0.1411E-14
181.8	0.1519E-14
188.7	0.1633E-14
195.9	0.1752E-14
203.4	0.1877E-14
211.1	0.2007E-14
219.2	0.2143E-14
227.5	0.2285E-14
236.2	0.2432E-14
245.2	0.2586E-14
254.5	0.2745E-14
264.2	0.2911E-14
274.3	0.3083E-14
284.7	0.3261E-14
295.6	0.3445E-14
306.8	0.3635E-14
318.5	0.3832E-14
330.6	0.4035E-14
343.2	0.4244E-14
356.3	0.4460E-14
369.9	0.4682E-14
384.0	0.4910E-14
398.6	0.5145E-14
413.8	0.5385E-14
429.5	0.5633E-14
445.9	0.5886E-14
462.9	0.6146E-14
480.5	0.6412E-14
498.8	0.6684E-14
517.8	0.6962E-14
537.5	0.7247E-14
558.0	0.7538E-14
579.2	0.7835E-14
601.3	0.8138E-14
624.2	0.8447E-14
648.0	0.8762E-14
672.6	0.9083E-14
698.3	0.9410E-14
724.9	0.9742E-14
752.5	0.1008E-13
781.1	0.1042E-13
810.9	0.1077E-13
841.8	0.1113E-13
873.8	0.1149E-13
907.1	0.1185E-13
941.6	0.1222E-13
977.5	0.1260E-13
1015.	0.1297E-13
1053.	0.1335E-13
1094.	0.1374E-13
1135.	0.1413E-13
1178.	0.1452E-13
1223.	0.1491E-13
1270.	0.1530E-13
1318.	0.1569E-13
1368.	0.1609E-13
1421.	0.1648E-13
1475.	0.1687E-13
1531.	0.1726E-13
1589.	0.1764E-13
1650.	0.1802E-13
1712.	0.1840E-13
1778.	0.1877E-13
1845.	0.1913E-13
1916.	0.1949E-13
1989.	0.1984E-13
2064.	0.2019E-13
2143.	0.2052E-13
2225.	0.2084E-13
2309.	0.2116E-13
2397.	0.2146E-13
2489.	0.2175E-13
2583.	0.2203E-13
2682.	0.2230E-13
2784.	0.2256E-13
2890.	0.2281E-13
3000.	0.2304E-13
 
 
C6    C3H8    Excitation    9.16 eV                             
E/N (Td)	Rate coefficient (m3/s)
0.1000E-02	0.000
0.1038E-02	0.000
0.1078E-02	0.000
0.1119E-02	0.000
0.1161E-02	0.000
0.1205E-02	0.000
0.1251E-02	0.000
0.1299E-02	0.000
0.1349E-02	0.000
0.1400E-02	0.000
0.1453E-02	0.000
0.1509E-02	0.000
0.1566E-02	0.000
0.1626E-02	0.000
0.1688E-02	0.000
0.1752E-02	0.000
0.1819E-02	0.000
0.1888E-02	0.000
0.1960E-02	0.000
0.2034E-02	0.000
0.2112E-02	0.000
0.2192E-02	0.000
0.2276E-02	0.000
0.2362E-02	0.000
0.2452E-02	0.000
0.2546E-02	0.000
0.2643E-02	0.000
0.2743E-02	0.000
0.2848E-02	0.000
0.2956E-02	0.000
0.3069E-02	0.000
0.3186E-02	0.000
0.3307E-02	0.000
0.3433E-02	0.000
0.3564E-02	0.000
0.3700E-02	0.000
0.3841E-02	0.000
0.3987E-02	0.000
0.4139E-02	0.000
0.4296E-02	0.000
0.4460E-02	0.000
0.4630E-02	0.000
0.4806E-02	0.000
0.4989E-02	0.000
0.5179E-02	0.000
0.5377E-02	0.000
0.5581E-02	0.000
0.5794E-02	0.000
0.6015E-02	0.000
0.6244E-02	0.000
0.6481E-02	0.000
0.6728E-02	0.000
0.6985E-02	0.000
0.7251E-02	0.000
0.7527E-02	0.000
0.7813E-02	0.000
0.8111E-02	0.000
0.8420E-02	0.000
0.8741E-02	0.000
0.9073E-02	0.000
0.9419E-02	0.000
0.9778E-02	0.000
0.1015E-01	0.000
0.1054E-01	0.000
0.1094E-01	0.000
0.1135E-01	0.000
0.1179E-01	0.000
0.1224E-01	0.000
0.1270E-01	0.000
0.1319E-01	0.000
0.1369E-01	0.000
0.1421E-01	0.000
0.1475E-01	0.000
0.1531E-01	0.000
0.1590E-01	0.000
0.1650E-01	0.000
0.1713E-01	0.000
0.1778E-01	0.000
0.1846E-01	0.000
0.1916E-01	0.000
0.1989E-01	0.000
0.2065E-01	0.000
0.2144E-01	0.000
0.2225E-01	0.000
0.2310E-01	0.000
0.2398E-01	0.000
0.2489E-01	0.000
0.2584E-01	0.000
0.2682E-01	0.000
0.2785E-01	0.000
0.2891E-01	0.000
0.3001E-01	0.000
0.3115E-01	0.000
0.3234E-01	0.000
0.3357E-01	0.000
0.3485E-01	0.000
0.3617E-01	0.000
0.3755E-01	0.000
0.3898E-01	0.000
0.4047E-01	0.000
0.4201E-01	0.000
0.4361E-01	0.000
0.4527E-01	0.000
0.4699E-01	0.000
0.4878E-01	0.000
0.5064E-01	0.000
0.5257E-01	0.000
0.5457E-01	0.000
0.5665E-01	0.000
0.5881E-01	0.000
0.6105E-01	0.000
0.6337E-01	0.000
0.6579E-01	0.000
0.6829E-01	0.000
0.7089E-01	0.000
0.7359E-01	0.000
0.7640E-01	0.000
0.7931E-01	0.000
0.8233E-01	0.000
0.8546E-01	0.000
0.8872E-01	0.000
0.9210E-01	0.000
0.9560E-01	0.000
0.9924E-01	0.000
0.1030	0.000
0.1069	0.000
0.1110	0.000
0.1152	0.000
0.1196	0.000
0.1242	0.000
0.1289	0.000
0.1338	0.000
0.1389	0.000
0.1442	0.000
0.1497	0.000
0.1554	0.000
0.1613	0.000
0.1675	0.000
0.1739	0.000
0.1805	0.000
0.1874	0.000
0.1945	0.000
0.2019	0.000
0.2096	0.000
0.2176	0.000
0.2259	0.000
0.2345	0.000
0.2434	0.000
0.2527	0.000
0.2623	0.000
0.2723	0.000
0.2826	0.000
0.2934	0.000
0.3046	0.000
0.3162	0.000
0.3282	0.000
0.3407	0.000
0.3537	0.000
0.3672	0.000
0.3812	0.000
0.3957	0.000
0.4107	0.000
0.4264	0.000
0.4426	0.000
0.4595	0.000
0.4770	0.000
0.4952	0.000
0.5140	0.000
0.5336	0.000
0.5539	0.000
0.5750	0.000
0.5969	0.000
0.6196	0.000
0.6432	0.000
0.6677	0.000
0.6932	0.000
0.7196	0.000
0.7470	0.000
0.7754	0.000
0.8050	0.000
0.8356	0.000
0.8674	0.000
0.9005	0.000
0.9348	0.000
0.9704	0.000
1.007	0.000
1.046	0.000
1.086	0.000
1.127	0.000
1.170	0.000
1.214	0.000
1.261	0.000
1.309	0.000
1.358	0.000
1.410	0.000
1.464	0.000
1.520	0.000
1.578	0.000
1.638	0.000
1.700	0.000
1.765	0.000
1.832	0.000
1.902	0.000
1.974	0.000
2.049	0.000
2.127	0.000
2.208	0.000
2.293	0.000
2.380	0.000
2.470	0.000
2.565	0.000
2.662	0.000
2.764	0.000
2.869	0.000
2.978	0.000
3.092	0.000
3.209	0.000
3.332	0.000
3.458	0.000
3.590	0.000
3.727	0.000
3.869	0.000
4.016	0.000
4.169	0.000
4.328	0.000
4.493	0.000
4.664	0.000
4.841	0.000
5.026	0.000
5.217	0.000
5.416	0.000
5.622	0.000
5.836	0.000
6.059	0.000
6.289	0.000
6.529	0.000
6.778	0.000
7.036	0.000
7.304	0.000
7.582	0.000
7.871	0.000
8.170	0.000
8.482	0.000
8.805	0.000
9.140	0.000
9.488	0.000
9.849	0.000
10.22	0.000
10.61	0.000
11.02	0.000
11.44	0.000
11.87	0.000
12.33	0.000
12.80	0.000
13.28	0.000
13.79	0.000
14.31	0.000
14.86	0.000
15.42	0.000
16.01	0.000
16.62	0.000
17.25	0.000
17.91	0.000
18.59	0.000
19.30	0.000
20.04	0.000
20.80	0.000
21.59	0.000
22.42	0.000
23.27	0.000
24.16	0.000
25.08	0.2403E-27
26.03	0.9903E-27
27.02	0.3824E-26
28.05	0.1387E-25
29.12	0.4731E-25
30.23	0.1522E-24
31.38	0.5718E-24
32.57	0.1680E-23
33.82	0.4689E-23
35.10	0.1245E-22
36.44	0.3149E-22
37.83	0.7607E-22
39.27	0.1764E-21
40.76	0.3904E-21
42.32	0.8294E-21
43.93	0.1694E-20
45.60	0.3333E-20
47.34	0.6327E-20
49.14	0.1161E-19
51.01	0.2064E-19
52.96	0.3554E-19
54.97	0.5944E-19
57.07	0.9674E-19
59.24	0.1535E-18
61.50	0.2376E-18
63.84	0.3598E-18
66.27	0.5332E-18
68.79	0.7747E-18
71.41	0.1105E-17
74.13	0.1549E-17
76.96	0.2138E-17
79.89	0.2906E-17
82.93	0.3897E-17
86.09	0.5159E-17
89.37	0.6746E-17
92.77	0.8724E-17
96.31	0.1116E-16
99.97	0.1415E-16
103.8	0.1776E-16
107.7	0.2212E-16
111.8	0.2732E-16
116.1	0.3349E-16
120.5	0.4076E-16
125.1	0.4928E-16
129.9	0.5922E-16
134.8	0.7074E-16
140.0	0.8403E-16
145.3	0.9930E-16
150.8	0.1168E-15
156.6	0.1366E-15
162.5	0.1592E-15
168.7	0.1847E-15
175.1	0.2134E-15
181.8	0.2457E-15
188.7	0.2818E-15
195.9	0.3221E-15
203.4	0.3670E-15
211.1	0.4168E-15
219.2	0.4720E-15
227.5	0.5330E-15
236.2	0.6001E-15
245.2	0.6740E-15
254.5	0.7551E-15
264.2	0.8438E-15
274.3	0.9409E-15
284.7	0.1047E-14
295.6	0.1162E-14
306.8	0.1287E-14
318.5	0.1424E-14
330.6	0.1571E-14
343.2	0.1731E-14
356.3	0.1903E-14
369.9	0.2089E-14
384.0	0.2289E-14
398.6	0.2505E-14
413.8	0.2737E-14
429.5	0.2985E-14
445.9	0.3252E-14
462.9	0.3538E-14
480.5	0.3844E-14
498.8	0.4170E-14
517.8	0.4520E-14
537.5	0.4892E-14
558.0	0.5289E-14
579.2	0.5712E-14
601.3	0.6163E-14
624.2	0.6644E-14
648.0	0.7154E-14
672.6	0.7695E-14
698.3	0.8270E-14
724.9	0.8881E-14
752.5	0.9528E-14
781.1	0.1021E-13
810.9	0.1094E-13
841.8	0.1171E-13
873.8	0.1252E-13
907.1	0.1338E-13
941.6	0.1429E-13
977.5	0.1524E-13
1015.	0.1625E-13
1053.	0.1731E-13
1094.	0.1842E-13
1135.	0.1959E-13
1178.	0.2081E-13
1223.	0.2209E-13
1270.	0.2343E-13
1318.	0.2482E-13
1368.	0.2628E-13
1421.	0.2779E-13
1475.	0.2936E-13
1531.	0.3098E-13
1589.	0.3265E-13
1650.	0.3437E-13
1712.	0.3614E-13
1778.	0.3795E-13
1845.	0.3981E-13
1916.	0.4171E-13
1989.	0.4364E-13
2064.	0.4560E-13
2143.	0.4760E-13
2225.	0.4961E-13
2309.	0.5165E-13
2397.	0.5370E-13
2489.	0.5576E-13
2583.	0.5783E-13
2682.	0.5991E-13
2784.	0.6199E-13
2890.	0.6406E-13
3000.	0.6613E-13
 
 
C7    C3H8    Ionization    11.60 eV                            
E/N (Td)	Rate coefficient (m3/s)
0.1000E-02	0.000
0.1038E-02	0.000
0.1078E-02	0.000
0.1119E-02	0.000
0.1161E-02	0.000
0.1205E-02	0.000
0.1251E-02	0.000
0.1299E-02	0.000
0.1349E-02	0.000
0.1400E-02	0.000
0.1453E-02	0.000
0.1509E-02	0.000
0.1566E-02	0.000
0.1626E-02	0.000
0.1688E-02	0.000
0.1752E-02	0.000
0.1819E-02	0.000
0.1888E-02	0.000
0.1960E-02	0.000
0.2034E-02	0.000
0.2112E-02	0.000
0.2192E-02	0.000
0.2276E-02	0.000
0.2362E-02	0.000
0.2452E-02	0.000
0.2546E-02	0.000
0.2643E-02	0.000
0.2743E-02	0.000
0.2848E-02	0.000
0.2956E-02	0.000
0.3069E-02	0.000
0.3186E-02	0.000
0.3307E-02	0.000
0.3433E-02	0.000
0.3564E-02	0.000
0.3700E-02	0.000
0.3841E-02	0.000
0.3987E-02	0.000
0.4139E-02	0.000
0.4296E-02	0.000
0.4460E-02	0.000
0.4630E-02	0.000
0.4806E-02	0.000
0.4989E-02	0.000
0.5179E-02	0.000
0.5377E-02	0.000
0.5581E-02	0.000
0.5794E-02	0.000
0.6015E-02	0.000
0.6244E-02	0.000
0.6481E-02	0.000
0.6728E-02	0.000
0.6985E-02	0.000
0.7251E-02	0.000
0.7527E-02	0.000
0.7813E-02	0.000
0.8111E-02	0.000
0.8420E-02	0.000
0.8741E-02	0.000
0.9073E-02	0.000
0.9419E-02	0.000
0.9778E-02	0.000
0.1015E-01	0.000
0.1054E-01	0.000
0.1094E-01	0.000
0.1135E-01	0.000
0.1179E-01	0.000
0.1224E-01	0.000
0.1270E-01	0.000
0.1319E-01	0.000
0.1369E-01	0.000
0.1421E-01	0.000
0.1475E-01	0.000
0.1531E-01	0.000
0.1590E-01	0.000
0.1650E-01	0.000
0.1713E-01	0.000
0.1778E-01	0.000
0.1846E-01	0.000
0.1916E-01	0.000
0.1989E-01	0.000
0.2065E-01	0.000
0.2144E-01	0.000
0.2225E-01	0.000
0.2310E-01	0.000
0.2398E-01	0.000
0.2489E-01	0.000
0.2584E-01	0.000
0.2682E-01	0.000
0.2785E-01	0.000
0.2891E-01	0.000
0.3001E-01	0.000
0.3115E-01	0.000
0.3234E-01	0.000
0.3357E-01	0.000
0.3485E-01	0.000
0.3617E-01	0.000
0.3755E-01	0.000
0.3898E-01	0.000
0.4047E-01	0.000
0.4201E-01	0.000
0.4361E-01	0.000
0.4527E-01	0.000
0.4699E-01	0.000
0.4878E-01	0.000
0.5064E-01	0.000
0.5257E-01	0.000
0.5457E-01	0.000
0.5665E-01	0.000
0.5881E-01	0.000
0.6105E-01	0.000
0.6337E-01	0.000
0.6579E-01	0.000
0.6829E-01	0.000
0.7089E-01	0.000
0.7359E-01	0.000
0.7640E-01	0.000
0.7931E-01	0.000
0.8233E-01	0.000
0.8546E-01	0.000
0.8872E-01	0.000
0.9210E-01	0.000
0.9560E-01	0.000
0.9924E-01	0.000
0.1030	0.000
0.1069	0.000
0.1110	0.000
0.1152	0.000
0.1196	0.000
0.1242	0.000
0.1289	0.000
0.1338	0.000
0.1389	0.000
0.1442	0.000
0.1497	0.000
0.1554	0.000
0.1613	0.000
0.1675	0.000
0.1739	0.000
0.1805	0.000
0.1874	0.000
0.1945	0.000
0.2019	0.000
0.2096	0.000
0.2176	0.000
0.2259	0.000
0.2345	0.000
0.2434	0.000
0.2527	0.000
0.2623	0.000
0.2723	0.000
0.2826	0.000
0.2934	0.000
0.3046	0.000
0.3162	0.000
0.3282	0.000
0.3407	0.000
0.3537	0.000
0.3672	0.000
0.3812	0.000
0.3957	0.000
0.4107	0.000
0.4264	0.000
0.4426	0.000
0.4595	0.000
0.4770	0.000
0.4952	0.000
0.5140	0.000
0.5336	0.000
0.5539	0.000
0.5750	0.000
0.5969	0.000
0.6196	0.000
0.6432	0.000
0.6677	0.000
0.6932	0.000
0.7196	0.000
0.7470	0.000
0.7754	0.000
0.8050	0.000
0.8356	0.000
0.8674	0.000
0.9005	0.000
0.9348	0.000
0.9704	0.000
1.007	0.000
1.046	0.000
1.086	0.000
1.127	0.000
1.170	0.000
1.214	0.000
1.261	0.000
1.309	0.000
1.358	0.000
1.410	0.000
1.464	0.000
1.520	0.000
1.578	0.000
1.638	0.000
1.700	0.000
1.765	0.000
1.832	0.000
1.902	0.000
1.974	0.000
2.049	0.000
2.127	0.000
2.208	0.000
2.293	0.000
2.380	0.000
2.470	0.000
2.565	0.000
2.662	0.000
2.764	0.000
2.869	0.000
2.978	0.000
3.092	0.000
3.209	0.000
3.332	0.000
3.458	0.000
3.590	0.000
3.727	0.000
3.869	0.000
4.016	0.000
4.169	0.000
4.328	0.000
4.493	0.000
4.664	0.000
4.841	0.000
5.026	0.000
5.217	0.000
5.416	0.000
5.622	0.000
5.836	0.000
6.059	0.000
6.289	0.000
6.529	0.000
6.778	0.000
7.036	0.000
7.304	0.000
7.582	0.000
7.871	0.000
8.170	0.000
8.482	0.000
8.805	0.000
9.140	0.000
9.488	0.000
9.849	0.000
10.22	0.000
10.61	0.000
11.02	0.000
11.44	0.000
11.87	0.000
12.33	0.000
12.80	0.000
13.28	0.000
13.79	0.000
14.31	0.000
14.86	0.000
15.42	0.000
16.01	0.000
16.62	0.000
17.25	0.000
17.91	0.000
18.59	0.000
19.30	0.000
20.04	0.000
20.80	0.000
21.59	0.000
22.42	0.000
23.27	0.000
24.16	0.000
25.08	0.000
26.03	0.000
27.02	0.000
28.05	0.000
29.12	0.000
30.23	0.000
31.38	0.8382E-33
32.57	0.3489E-32
33.82	0.1355E-31
35.10	0.4918E-31
36.44	0.1673E-30
37.83	0.5350E-30
39.27	0.4402E-25
40.76	0.1344E-24
42.32	0.3886E-24
43.93	0.1065E-23
45.60	0.2777E-23
47.34	0.6894E-23
49.14	0.1634E-22
51.01	0.3743E-22
52.96	0.8153E-22
54.97	0.1707E-21
57.07	0.3443E-21
59.24	0.6703E-21
61.50	0.1262E-20
63.84	0.2308E-20
66.27	0.4089E-20
68.79	0.7048E-20
71.41	0.1184E-19
74.13	0.1941E-19
76.96	0.3110E-19
79.89	0.4878E-19
82.93	0.7502E-19
86.09	0.1133E-18
89.37	0.1681E-18
92.77	0.2452E-18
96.31	0.3523E-18
99.97	0.4989E-18
103.8	0.6970E-18
107.7	0.9615E-18
111.8	0.1311E-17
116.1	0.1767E-17
120.5	0.2357E-17
125.1	0.3111E-17
129.9	0.4070E-17
134.8	0.5276E-17
140.0	0.6784E-17
145.3	0.8652E-17
150.8	0.1095E-16
156.6	0.1376E-16
162.5	0.1718E-16
168.7	0.2131E-16
175.1	0.2628E-16
181.8	0.3222E-16
188.7	0.3929E-16
195.9	0.4766E-16
203.4	0.5752E-16
211.1	0.6911E-16
219.2	0.8267E-16
227.5	0.9847E-16
236.2	0.1168E-15
245.2	0.1380E-15
254.5	0.1625E-15
264.2	0.1907E-15
274.3	0.2230E-15
284.7	0.2600E-15
295.6	0.3022E-15
306.8	0.3502E-15
318.5	0.4048E-15
330.6	0.4665E-15
343.2	0.5363E-15
356.3	0.6151E-15
369.9	0.7038E-15
384.0	0.8034E-15
398.6	0.9152E-15
413.8	0.1040E-14
429.5	0.1180E-14
445.9	0.1336E-14
462.9	0.1510E-14
480.5	0.1704E-14
498.8	0.1919E-14
517.8	0.2157E-14
537.5	0.2421E-14
558.0	0.2713E-14
579.2	0.3036E-14
601.3	0.3392E-14
624.2	0.3787E-14
648.0	0.4220E-14
672.6	0.4695E-14
698.3	0.5218E-14
724.9	0.5791E-14
752.5	0.6419E-14
781.1	0.7107E-14
810.9	0.7859E-14
841.8	0.8681E-14
873.8	0.9577E-14
907.1	0.1055E-13
941.6	0.1162E-13
977.5	0.1277E-13
1015.	0.1403E-13
1053.	0.1539E-13
1094.	0.1687E-13
1135.	0.1846E-13
1178.	0.2018E-13
1223.	0.2203E-13
1270.	0.2402E-13
1318.	0.2616E-13
1368.	0.2845E-13
1421.	0.3091E-13
1475.	0.3352E-13
1531.	0.3630E-13
1589.	0.3924E-13
1650.	0.4237E-13
1712.	0.4567E-13
1778.	0.4917E-13
1845.	0.5284E-13
1916.	0.5669E-13
1989.	0.6073E-13
2064.	0.6495E-13
2143.	0.6936E-13
2225.	0.7394E-13
2309.	0.7871E-13
2397.	0.8366E-13
2489.	0.8878E-13
2583.	0.9408E-13
2682.	0.9955E-13
2784.	0.1052E-12
2890.	0.1110E-12
3000.	0.1170E-12
 
 
C1    C3H8    Attachment                                        
E/N (Td)	Inverse rate coefficient (m2)
0.1000E-02	0.000
0.1038E-02	0.000
0.1078E-02	0.000
0.1119E-02	0.000
0.1161E-02	0.000
0.1205E-02	0.000
0.1251E-02	0.000
0.1299E-02	0.000
0.1349E-02	0.000
0.1400E-02	0.000
0.1453E-02	0.000
0.1509E-02	0.000
0.1566E-02	0.000
0.1626E-02	0.000
0.1688E-02	0.000
0.1752E-02	0.000
0.1819E-02	0.000
0.1888E-02	0.000
0.1960E-02	0.000
0.2034E-02	0.000
0.2112E-02	0.000
0.2192E-02	0.000
0.2276E-02	0.000
0.2362E-02	0.000
0.2452E-02	0.000
0.2546E-02	0.000
0.2643E-02	0.000
0.2743E-02	0.000
0.2848E-02	0.000
0.2956E-02	0.000
0.3069E-02	0.000
0.3186E-02	0.000
0.3307E-02	0.000
0.3433E-02	0.000
0.3564E-02	0.000
0.3700E-02	0.000
0.3841E-02	0.000
0.3987E-02	0.000
0.4139E-02	0.000
0.4296E-02	0.000
0.4460E-02	0.000
0.4630E-02	0.000
0.4806E-02	0.000
0.4989E-02	0.000
0.5179E-02	0.000
0.5377E-02	0.000
0.5581E-02	0.000
0.5794E-02	0.000
0.6015E-02	0.000
0.6244E-02	0.000
0.6481E-02	0.000
0.6728E-02	0.000
0.6985E-02	0.000
0.7251E-02	0.000
0.7527E-02	0.000
0.7813E-02	0.000
0.8111E-02	0.000
0.8420E-02	0.000
0.8741E-02	0.000
0.9073E-02	0.000
0.9419E-02	0.000
0.9778E-02	0.000
0.1015E-01	0.000
0.1054E-01	0.000
0.1094E-01	0.000
0.1135E-01	0.000
0.1179E-01	0.000
0.1224E-01	0.000
0.1270E-01	0.000
0.1319E-01	0.000
0.1369E-01	0.000
0.1421E-01	0.000
0.1475E-01	0.000
0.1531E-01	0.000
0.1590E-01	0.000
0.1650E-01	0.000
0.1713E-01	0.000
0.1778E-01	0.000
0.1846E-01	0.000
0.1916E-01	0.000
0.1989E-01	0.000
0.2065E-01	0.000
0.2144E-01	0.000
0.2225E-01	0.000
0.2310E-01	0.000
0.2398E-01	0.000
0.2489E-01	0.000
0.2584E-01	0.000
0.2682E-01	0.000
0.2785E-01	0.000
0.2891E-01	0.000
0.3001E-01	0.000
0.3115E-01	0.000
0.3234E-01	0.000
0.3357E-01	0.000
0.3485E-01	0.000
0.3617E-01	0.000
0.3755E-01	0.000
0.3898E-01	0.000
0.4047E-01	0.000
0.4201E-01	0.000
0.4361E-01	0.000
0.4527E-01	0.000
0.4699E-01	0.000
0.4878E-01	0.000
0.5064E-01	0.000
0.5257E-01	0.000
0.5457E-01	0.000
0.5665E-01	0.000
0.5881E-01	0.000
0.6105E-01	0.000
0.6337E-01	0.000
0.6579E-01	0.000
0.6829E-01	0.000
0.7089E-01	0.000
0.7359E-01	0.000
0.7640E-01	0.000
0.7931E-01	0.000
0.8233E-01	0.000
0.8546E-01	0.000
0.8872E-01	0.000
0.9210E-01	0.000
0.9560E-01	0.000
0.9924E-01	0.000
0.1030	0.000
0.1069	0.000
0.1110	0.000
0.1152	0.000
0.1196	0.000
0.1242	0.000
0.1289	0.000
0.1338	0.000
0.1389	0.000
0.1442	0.000
0.1497	0.000
0.1554	0.000
0.1613	0.000
0.1675	0.000
0.1739	0.000
0.1805	0.000
0.1874	0.000
0.1945	0.000
0.2019	0.000
0.2096	0.000
0.2176	0.000
0.2259	0.000
0.2345	0.000
0.2434	0.000
0.2527	0.000
0.2623	0.000
0.2723	0.000
0.2826	0.000
0.2934	0.000
0.3046	0.000
0.3162	0.000
0.3282	0.000
0.3407	0.000
0.3537	0.000
0.3672	0.000
0.3812	0.000
0.3957	0.000
0.4107	0.000
0.4264	0.000
0.4426	0.000
0.4595	0.000
0.4770	0.000
0.4952	0.000
0.5140	0.000
0.5336	0.000
0.5539	0.000
0.5750	0.000
0.5969	0.000
0.6196	0.000
0.6432	0.000
0.6677	0.000
0.6932	0.000
0.7196	0.000
0.7470	0.000
0.7754	0.000
0.8050	0.000
0.8356	0.000
0.8674	0.000
0.9005	0.000
0.9348	0.000
0.9704	0.000
1.007	0.000
1.046	0.000
1.086	0.000
1.127	0.000
1.170	0.000
1.214	0.000
1.261	0.000
1.309	0.000
1.358	0.000
1.410	0.000
1.464	0.000
1.520	0.000
1.578	0.000
1.638	0.000
1.700	0.000
1.765	0.000
1.832	0.000
1.902	0.000
1.974	0.000
2.049	0.000
2.127	0.000
2.208	0.000
2.293	0.000
2.380	0.000
2.470	0.000
2.565	0.000
2.662	0.000
2.764	0.000
2.869	0.000
2.978	0.000
3.092	0.000
3.209	0.000
3.332	0.000
3.458	0.000
3.590	0.000
3.727	0.000
3.869	0.000
4.016	0.000
4.169	0.000
4.328	0.000
4.493	0.000
4.664	0.000
4.841	0.000
5.026	0.000
5.217	0.000
5.416	0.000
5.622	0.000
5.836	0.000
6.059	0.000
6.289	0.000
6.529	0.000
6.778	0.000
7.036	0.000
7.304	0.000
7.582	0.000
7.871	0.000
8.170	0.000
8.482	0.000
8.805	0.000
9.140	0.000
9.488	0.000
9.849	0.000
10.22	0.000
10.61	0.000
11.02	0.000
11.44	0.000
11.87	0.000
12.33	0.000
12.80	0.000
13.28	0.000
13.79	0.000
14.31	0.000
14.86	0.000
15.42	0.000
16.01	0.000
16.62	0.000
17.25	0.000
17.91	0.000
18.59	0.000
19.30	0.000
20.04	0.000
20.80	0.000
21.59	0.000
22.42	0.000
23.27	0.000
24.16	0.000
25.08	0.000
26.03	0.000
27.02	0.000
28.05	0.000
29.12	0.000
30.23	0.000
31.38	0.000
32.57	0.000
33.82	0.000
35.10	0.000
36.44	0.000
37.83	0.000
39.27	0.000
40.76	0.000
42.32	0.000
43.93	0.000
45.60	0.000
47.34	0.000
49.14	0.000
51.01	0.000
52.96	0.000
54.97	0.000
57.07	0.000
59.24	0.000
61.50	0.000
63.84	0.000
66.27	0.000
68.79	0.000
71.41	0.000
74.13	0.000
76.96	0.000
79.89	0.000
82.93	0.000
86.09	0.000
89.37	0.000
92.77	0.000
96.31	0.000
99.97	0.000
103.8	0.000
107.7	0.000
111.8	0.000
116.1	0.000
120.5	0.000
125.1	0.000
129.9	0.000
134.8	0.000
140.0	0.000
145.3	0.000
150.8	0.000
156.6	0.000
162.5	0.000
168.7	0.000
175.1	0.000
181.8	0.000
188.7	0.000
195.9	0.000
203.4	0.000
211.1	0.000
219.2	0.000
227.5	0.000
236.2	0.000
245.2	0.000
254.5	0.000
264.2	0.000
274.3	0.000
284.7	0.000
295.6	0.000
306.8	0.000
318.5	0.000
330.6	0.000
343.2	0.000
356.3	0.000
369.9	0.000
384.0	0.000
398.6	0.000
413.8	0.000
429.5	0.000
445.9	0.000
462.9	0.000
480.5	0.000
498.8	0.000
517.8	0.000
537.5	0.000
558.0	0.000
579.2	0.000
601.3	0.000
624.2	0.000
648.0	0.000
672.6	0.000
698.3	0.000
724.9	0.000
752.5	0.000
781.1	0.000
810.9	0.000
841.8	0.000
873.8	0.000
907.1	0.000
941.6	0.000
977.5	0.000
1015.	0.000
1053.	0.000
1094.	0.000
1135.	0.000
1178.	0.000
1223.	0.000
1270.	0.000
1318.	0.000
1368.	0.000
1421.	0.000
1475.	0.000
1531.	0.000
1589.	0.000
1650.	0.000
1712.	0.000
1778.	0.000
1845.	0.000
1916.	0.000
1989.	0.000
2064.	0.000
2143.	0.000
2225.	0.000
2309.	0.000
2397.	0.000
2489.	0.000
2583.	0.000
2682.	0.000
2784.	0.000
2890.	0.000
3000.	0.000
 
 
C2    C3H8    Effective (momentum)                              
E/N (Td)	Inverse rate coefficient (m2)
0.1000E-02	0.000
0.1038E-02	0.000
0.1078E-02	0.000
0.1119E-02	0.000
0.1161E-02	0.000
0.1205E-02	0.000
0.1251E-02	0.000
0.1299E-02	0.000
0.1349E-02	0.000
0.1400E-02	0.000
0.1453E-02	0.000
0.1509E-02	0.000
0.1566E-02	0.000
0.1626E-02	0.000
0.1688E-02	0.000
0.1752E-02	0.000
0.1819E-02	0.000
0.1888E-02	0.000
0.1960E-02	0.000
0.2034E-02	0.000
0.2112E-02	0.000
0.2192E-02	0.000
0.2276E-02	0.000
0.2362E-02	0.000
0.2452E-02	0.000
0.2546E-02	0.000
0.2643E-02	0.000
0.2743E-02	0.000
0.2848E-02	0.000
0.2956E-02	0.000
0.3069E-02	0.000
0.3186E-02	0.000
0.3307E-02	0.000
0.3433E-02	0.000
0.3564E-02	0.000
0.3700E-02	0.000
0.3841E-02	0.000
0.3987E-02	0.000
0.4139E-02	0.000
0.4296E-02	0.000
0.4460E-02	0.000
0.4630E-02	0.000
0.4806E-02	0.000
0.4989E-02	0.000
0.5179E-02	0.000
0.5377E-02	0.000
0.5581E-02	0.000
0.5794E-02	0.000
0.6015E-02	0.000
0.6244E-02	0.000
0.6481E-02	0.000
0.6728E-02	0.000
0.6985E-02	0.000
0.7251E-02	0.000
0.7527E-02	0.000
0.7813E-02	0.000
0.8111E-02	0.000
0.8420E-02	0.000
0.8741E-02	0.000
0.9073E-02	0.000
0.9419E-02	0.000
0.9778E-02	0.000
0.1015E-01	0.000
0.1054E-01	0.000
0.1094E-01	0.000
0.1135E-01	0.000
0.1179E-01	0.000
0.1224E-01	0.000
0.1270E-01	0.000
0.1319E-01	0.000
0.1369E-01	0.000
0.1421E-01	0.000
0.1475E-01	0.000
0.1531E-01	0.000
0.1590E-01	0.000
0.1650E-01	0.000
0.1713E-01	0.000
0.1778E-01	0.000
0.1846E-01	0.000
0.1916E-01	0.000
0.1989E-01	0.000
0.2065E-01	0.000
0.2144E-01	0.000
0.2225E-01	0.000
0.2310E-01	0.000
0.2398E-01	0.000
0.2489E-01	0.000
0.2584E-01	0.000
0.2682E-01	0.000
0.2785E-01	0.000
0.2891E-01	0.000
0.3001E-01	0.000
0.3115E-01	0.000
0.3234E-01	0.000
0.3357E-01	0.000
0.3485E-01	0.000
0.3617E-01	0.000
0.3755E-01	0.000
0.3898E-01	0.000
0.4047E-01	0.000
0.4201E-01	0.000
0.4361E-01	0.000
0.4527E-01	0.000
0.4699E-01	0.000
0.4878E-01	0.000
0.5064E-01	0.000
0.5257E-01	0.000
0.5457E-01	0.000
0.5665E-01	0.000
0.5881E-01	0.000
0.6105E-01	0.000
0.6337E-01	0.000
0.6579E-01	0.000
0.6829E-01	0.000
0.7089E-01	0.000
0.7359E-01	0.000
0.7640E-01	0.000
0.7931E-01	0.000
0.8233E-01	0.000
0.8546E-01	0.000
0.8872E-01	0.000
0.9210E-01	0.000
0.9560E-01	0.000
0.9924E-01	0.000
0.1030	0.000
0.1069	0.000
0.1110	0.000
0.1152	0.000
0.1196	0.000
0.1242	0.000
0.1289	0.000
0.1338	0.000
0.1389	0.000
0.1442	0.000
0.1497	0.000
0.1554	0.000
0.1613	0.000
0.1675	0.000
0.1739	0.000
0.1805	0.000
0.1874	0.000
0.1945	0.000
0.2019	0.000
0.2096	0.000
0.2176	0.000
0.2259	0.000
0.2345	0.000
0.2434	0.000
0.2527	0.000
0.2623	0.000
0.2723	0.000
0.2826	0.000
0.2934	0.000
0.3046	0.000
0.3162	0.000
0.3282	0.000
0.3407	0.000
0.3537	0.000
0.3672	0.000
0.3812	0.000
0.3957	0.000
0.4107	0.000
0.4264	0.000
0.4426	0.000
0.4595	0.000
0.4770	0.000
0.4952	0.000
0.5140	0.000
0.5336	0.000
0.5539	0.000
0.5750	0.000
0.5969	0.000
0.6196	0.000
0.6432	0.000
0.6677	0.000
0.6932	0.000
0.7196	0.000
0.7470	0.000
0.7754	0.000
0.8050	0.000
0.8356	0.000
0.8674	0.000
0.9005	0.000
0.9348	0.000
0.9704	0.000
1.007	0.000
1.046	0.000
1.086	0.000
1.127	0.000
1.170	0.000
1.214	0.000
1.261	0.000
1.309	0.000
1.358	0.000
1.410	0.000
1.464	0.000
1.520	0.000
1.578	0.000
1.638	0.000
1.700	0.000
1.765	0.000
1.832	0.000
1.902	0.000
1.974	0.000
2.049	0.000
2.127	0.000
2.208	0.000
2.293	0.000
2.380	0.000
2.470	0.000
2.565	0.000
2.662	0.000
2.764	0.000
2.869	0.000
2.978	0.000
3.092	0.000
3.209	0.000
3.332	0.000
3.458	0.000
3.590	0.000
3.727	0.000
3.869	0.000
4.016	0.000
4.169	0.000
4.328	0.000
4.493	0.000
4.664	0.000
4.841	0.000
5.026	0.000
5.217	0.000
5.416	0.000
5.622	0.000
5.836	0.000
6.059	0.000
6.289	0.000
6.529	0.000
6.778	0.000
7.036	0.000
7.304	0.000
7.582	0.000
7.871	0.000
8.170	0.000
8.482	0.000
8.805	0.000
9.140	0.000
9.488	0.000
9.849	0.000
10.22	0.000
10.61	0.000
11.02	0.000
11.44	0.000
11.87	0.000
12.33	0.000
12.80	0.000
13.28	0.000
13.79	0.000
14.31	0.000
14.86	0.000
15.42	0.000
16.01	0.000
16.62	0.000
17.25	0.000
17.91	0.000
18.59	0.000
19.30	0.000
20.04	0.000
20.80	0.000
21.59	0.000
22.42	0.000
23.27	0.000
24.16	0.000
25.08	0.000
26.03	0.000
27.02	0.000
28.05	0.000
29.12	0.000
30.23	0.000
31.38	0.000
32.57	0.000
33.82	0.000
35.10	0.000
36.44	0.000
37.83	0.000
39.27	0.000
40.76	0.000
42.32	0.000
43.93	0.000
45.60	0.000
47.34	0.000
49.14	0.000
51.01	0.000
52.96	0.000
54.97	0.000
57.07	0.000
59.24	0.000
61.50	0.000
63.84	0.000
66.27	0.000
68.79	0.000
71.41	0.000
74.13	0.000
76.96	0.000
79.89	0.000
82.93	0.000
86.09	0.000
89.37	0.000
92.77	0.000
96.31	0.000
99.97	0.000
103.8	0.000
107.7	0.000
111.8	0.000
116.1	0.000
120.5	0.000
125.1	0.000
129.9	0.000
134.8	0.000
140.0	0.000
145.3	0.000
150.8	0.000
156.6	0.000
162.5	0.000
168.7	0.000
175.1	0.000
181.8	0.000
188.7	0.000
195.9	0.000
203.4	0.000
211.1	0.000
219.2	0.000
227.5	0.000
236.2	0.000
245.2	0.000
254.5	0.000
264.2	0.000
274.3	0.000
284.7	0.000
295.6	0.000
306.8	0.000
318.5	0.000
330.6	0.000
343.2	0.000
356.3	0.000
369.9	0.000
384.0	0.000
398.6	0.000
413.8	0.000
429.5	0.000
445.9	0.000
462.9	0.000
480.5	0.000
498.8	0.000
517.8	0.000
537.5	0.000
558.0	0.000
579.2	0.000
601.3	0.000
624.2	0.000
648.0	0.000
672.6	0.000
698.3	0.000
724.9	0.000
752.5	0.000
781.1	0.000
810.9	0.000
841.8	0.000
873.8	0.000
907.1	0.000
941.6	0.000
977.5	0.000
1015.	0.000
1053.	0.000
1094.	0.000
1135.	0.000
1178.	0.000
1223.	0.000
1270.	0.000
1318.	0.000
1368.	0.000
1421.	0.000
1475.	0.000
1531.	0.000
1589.	0.000
1650.	0.000
1712.	0.000
1778.	0.000
1845.	0.000
1916.	0.000
1989.	0.000
2064.	0.000
2143.	0.000
2225.	0.000
2309.	0.000
2397.	0.000
2489.	0.000
2583.	0.000
2682.	0.000
2784.	0.000
2890.	0.000
3000.	0.000
 
 
C3    C3H8    Excitation    0.092 eV                            
E/N (Td)	Inverse rate coefficient (m2)
0.1000E-02	0.2342E-14
0.1038E-02	0.2342E-14
0.1078E-02	0.2342E-14
0.1119E-02	0.2342E-14
0.1161E-02	0.2342E-14
0.1205E-02	0.2342E-14
0.1251E-02	0.2342E-14
0.1299E-02	0.2342E-14
0.1349E-02	0.2342E-14
0.1400E-02	0.2342E-14
0.1453E-02	0.2342E-14
0.1509E-02	0.2342E-14
0.1566E-02	0.2342E-14
0.1626E-02	0.2342E-14
0.1688E-02	0.2342E-14
0.1752E-02	0.2342E-14
0.1819E-02	0.2342E-14
0.1888E-02	0.2342E-14
0.1960E-02	0.2342E-14
0.2034E-02	0.2342E-14
0.2112E-02	0.2342E-14
0.2192E-02	0.2342E-14
0.2276E-02	0.2342E-14
0.2362E-02	0.2342E-14
0.2452E-02	0.2342E-14
0.2546E-02	0.2342E-14
0.2643E-02	0.2342E-14
0.2743E-02	0.2342E-14
0.2848E-02	0.2342E-14
0.2956E-02	0.2343E-14
0.3069E-02	0.2343E-14
0.3186E-02	0.2343E-14
0.3307E-02	0.2343E-14
0.3433E-02	0.2343E-14
0.3564E-02	0.2343E-14
0.3700E-02	0.2343E-14
0.3841E-02	0.2343E-14
0.3987E-02	0.2343E-14
0.4139E-02	0.2343E-14
0.4296E-02	0.2343E-14
0.4460E-02	0.2343E-14
0.4630E-02	0.2343E-14
0.4806E-02	0.2343E-14
0.4989E-02	0.2344E-14
0.5179E-02	0.2344E-14
0.5377E-02	0.2344E-14
0.5581E-02	0.2344E-14
0.5794E-02	0.2344E-14
0.6015E-02	0.2344E-14
0.6244E-02	0.2344E-14
0.6481E-02	0.2345E-14
0.6728E-02	0.2345E-14
0.6985E-02	0.2345E-14
0.7251E-02	0.2345E-14
0.7527E-02	0.2345E-14
0.7813E-02	0.2346E-14
0.8111E-02	0.2346E-14
0.8420E-02	0.2346E-14
0.8741E-02	0.2346E-14
0.9073E-02	0.2347E-14
0.9419E-02	0.2347E-14
0.9778E-02	0.2347E-14
0.1015E-01	0.2347E-14
0.1054E-01	0.2348E-14
0.1094E-01	0.2348E-14
0.1135E-01	0.2348E-14
0.1179E-01	0.2349E-14
0.1224E-01	0.2349E-14
0.1270E-01	0.2349E-14
0.1319E-01	0.2350E-14
0.1369E-01	0.2350E-14
0.1421E-01	0.2350E-14
0.1475E-01	0.2351E-14
0.1531E-01	0.2351E-14
0.1590E-01	0.2352E-14
0.1650E-01	0.2352E-14
0.1713E-01	0.2352E-14
0.1778E-01	0.2353E-14
0.1846E-01	0.2353E-14
0.1916E-01	0.2353E-14
0.1989E-01	0.2354E-14
0.2065E-01	0.2354E-14
0.2144E-01	0.2354E-14
0.2225E-01	0.2354E-14
0.2310E-01	0.2355E-14
0.2398E-01	0.2355E-14
0.2489E-01	0.2355E-14
0.2584E-01	0.2355E-14
0.2682E-01	0.2356E-14
0.2785E-01	0.2356E-14
0.2891E-01	0.2356E-14
0.3001E-01	0.2356E-14
0.3115E-01	0.2357E-14
0.3234E-01	0.2357E-14
0.3357E-01	0.2357E-14
0.3485E-01	0.2357E-14
0.3617E-01	0.2357E-14
0.3755E-01	0.2358E-14
0.3898E-01	0.2358E-14
0.4047E-01	0.2358E-14
0.4201E-01	0.2358E-14
0.4361E-01	0.2359E-14
0.4527E-01	0.2359E-14
0.4699E-01	0.2359E-14
0.4878E-01	0.2360E-14
0.5064E-01	0.2360E-14
0.5257E-01	0.2360E-14
0.5457E-01	0.2361E-14
0.5665E-01	0.2362E-14
0.5881E-01	0.2362E-14
0.6105E-01	0.2363E-14
0.6337E-01	0.2364E-14
0.6579E-01	0.2364E-14
0.6829E-01	0.2365E-14
0.7089E-01	0.2366E-14
0.7359E-01	0.2367E-14
0.7640E-01	0.2368E-14
0.7931E-01	0.2369E-14
0.8233E-01	0.2370E-14
0.8546E-01	0.2372E-14
0.8872E-01	0.2373E-14
0.9210E-01	0.2375E-14
0.9560E-01	0.2376E-14
0.9924E-01	0.2378E-14
0.1030	0.2380E-14
0.1069	0.2382E-14
0.1110	0.2384E-14
0.1152	0.2386E-14
0.1196	0.2388E-14
0.1242	0.2391E-14
0.1289	0.2393E-14
0.1338	0.2396E-14
0.1389	0.2399E-14
0.1442	0.2402E-14
0.1497	0.2405E-14
0.1554	0.2408E-14
0.1613	0.2412E-14
0.1675	0.2416E-14
0.1739	0.2420E-14
0.1805	0.2424E-14
0.1874	0.2428E-14
0.1945	0.2433E-14
0.2019	0.2438E-14
0.2096	0.2443E-14
0.2176	0.2448E-14
0.2259	0.2454E-14
0.2345	0.2460E-14
0.2434	0.2466E-14
0.2527	0.2473E-14
0.2623	0.2479E-14
0.2723	0.2486E-14
0.2826	0.2494E-14
0.2934	0.2502E-14
0.3046	0.2510E-14
0.3162	0.2518E-14
0.3282	0.2527E-14
0.3407	0.2536E-14
0.3537	0.2546E-14
0.3672	0.2556E-14
0.3812	0.2566E-14
0.3957	0.2577E-14
0.4107	0.2588E-14
0.4264	0.2600E-14
0.4426	0.2612E-14
0.4595	0.2624E-14
0.4770	0.2637E-14
0.4952	0.2651E-14
0.5140	0.2665E-14
0.5336	0.2679E-14
0.5539	0.2694E-14
0.5750	0.2710E-14
0.5969	0.2726E-14
0.6196	0.2742E-14
0.6432	0.2760E-14
0.6677	0.2777E-14
0.6932	0.2796E-14
0.7196	0.2815E-14
0.7470	0.2834E-14
0.7754	0.2854E-14
0.8050	0.2875E-14
0.8356	0.2897E-14
0.8674	0.2919E-14
0.9005	0.2941E-14
0.9348	0.2965E-14
0.9704	0.2988E-14
1.007	0.3013E-14
1.046	0.3038E-14
1.086	0.3064E-14
1.127	0.3090E-14
1.170	0.3117E-14
1.214	0.3145E-14
1.261	0.3173E-14
1.309	0.3202E-14
1.358	0.3231E-14
1.410	0.3260E-14
1.464	0.3291E-14
1.520	0.3321E-14
1.578	0.3352E-14
1.638	0.3383E-14
1.700	0.3415E-14
1.765	0.3446E-14
1.832	0.3478E-14
1.902	0.3510E-14
1.974	0.3542E-14
2.049	0.3574E-14
2.127	0.3606E-14
2.208	0.3638E-14
2.293	0.3669E-14
2.380	0.3700E-14
2.470	0.3731E-14
2.565	0.3761E-14
2.662	0.3790E-14
2.764	0.3818E-14
2.869	0.3846E-14
2.978	0.3873E-14
3.092	0.3900E-14
3.209	0.3925E-14
3.332	0.3950E-14
3.458	0.3973E-14
3.590	0.3995E-14
3.727	0.4016E-14
3.869	0.4036E-14
4.016	0.4055E-14
4.169	0.4073E-14
4.328	0.4089E-14
4.493	0.4105E-14
4.664	0.4119E-14
4.841	0.4132E-14
5.026	0.4143E-14
5.217	0.4154E-14
5.416	0.4163E-14
5.622	0.4171E-14
5.836	0.4178E-14
6.059	0.4184E-14
6.289	0.4189E-14
6.529	0.4192E-14
6.778	0.4195E-14
7.036	0.4196E-14
7.304	0.4197E-14
7.582	0.4196E-14
7.871	0.4195E-14
8.170	0.4192E-14
8.482	0.4189E-14
8.805	0.4184E-14
9.140	0.4179E-14
9.488	0.4173E-14
9.849	0.4167E-14
10.22	0.4160E-14
10.61	0.4152E-14
11.02	0.4144E-14
11.44	0.4135E-14
11.87	0.4126E-14
12.33	0.4117E-14
12.80	0.4109E-14
13.28	0.4100E-14
13.79	0.4091E-14
14.31	0.4084E-14
14.86	0.4076E-14
15.42	0.4070E-14
16.01	0.4065E-14
16.62	0.4062E-14
17.25	0.4060E-14
17.91	0.4060E-14
18.59	0.4063E-14
19.30	0.4069E-14
20.04	0.4078E-14
20.80	0.4090E-14
21.59	0.4107E-14
22.42	0.4128E-14
23.27	0.4153E-14
24.16	0.4185E-14
25.08	0.4222E-14
26.03	0.4265E-14
27.02	0.4316E-14
28.05	0.4374E-14
29.12	0.4440E-14
30.23	0.4514E-14
31.38	0.4598E-14
32.57	0.4690E-14
33.82	0.4793E-14
35.10	0.4907E-14
36.44	0.5031E-14
37.83	0.5167E-14
39.27	0.5314E-14
40.76	0.5472E-14
42.32	0.5642E-14
43.93	0.5822E-14
45.60	0.6013E-14
47.34	0.6213E-14
49.14	0.6421E-14
51.01	0.6636E-14
52.96	0.6857E-14
54.97	0.7082E-14
57.07	0.7310E-14
59.24	0.7539E-14
61.50	0.7767E-14
63.84	0.7995E-14
66.27	0.8220E-14
68.79	0.8442E-14
71.41	0.8660E-14
74.13	0.8874E-14
76.96	0.9083E-14
79.89	0.9288E-14
82.93	0.9488E-14
86.09	0.9684E-14
89.37	0.9876E-14
92.77	0.1006E-13
96.31	0.1025E-13
99.97	0.1043E-13
103.8	0.1060E-13
107.7	0.1078E-13
111.8	0.1095E-13
116.1	0.1112E-13
120.5	0.1128E-13
125.1	0.1145E-13
129.9	0.1161E-13
134.8	0.1177E-13
140.0	0.1193E-13
145.3	0.1209E-13
150.8	0.1225E-13
156.6	0.1241E-13
162.5	0.1256E-13
168.7	0.1272E-13
175.1	0.1287E-13
181.8	0.1302E-13
188.7	0.1318E-13
195.9	0.1333E-13
203.4	0.1347E-13
211.1	0.1362E-13
219.2	0.1377E-13
227.5	0.1391E-13
236.2	0.1406E-13
245.2	0.1420E-13
254.5	0.1434E-13
264.2	0.1448E-13
274.3	0.1462E-13
284.7	0.1475E-13
295.6	0.1489E-13
306.8	0.1502E-13
318.5	0.1515E-13
330.6	0.1527E-13
343.2	0.1540E-13
356.3	0.1552E-13
369.9	0.1563E-13
384.0	0.1575E-13
398.6	0.1586E-13
413.8	0.1597E-13
429.5	0.1607E-13
445.9	0.1618E-13
462.9	0.1627E-13
480.5	0.1637E-13
498.8	0.1646E-13
517.8	0.1654E-13
537.5	0.1663E-13
558.0	0.1670E-13
579.2	0.1678E-13
601.3	0.1684E-13
624.2	0.1691E-13
648.0	0.1696E-13
672.6	0.1702E-13
698.3	0.1706E-13
724.9	0.1710E-13
752.5	0.1714E-13
781.1	0.1716E-13
810.9	0.1718E-13
841.8	0.1720E-13
873.8	0.1720E-13
907.1	0.1720E-13
941.6	0.1719E-13
977.5	0.1718E-13
1015.	0.1715E-13
1053.	0.1712E-13
1094.	0.1707E-13
1135.	0.1702E-13
1178.	0.1696E-13
1223.	0.1689E-13
1270.	0.1681E-13
1318.	0.1672E-13
1368.	0.1662E-13
1421.	0.1651E-13
1475.	0.1639E-13
1531.	0.1626E-13
1589.	0.1613E-13
1650.	0.1598E-13
1712.	0.1583E-13
1778.	0.1566E-13
1845.	0.1549E-13
1916.	0.1531E-13
1989.	0.1512E-13
2064.	0.1492E-13
2143.	0.1472E-13
2225.	0.1451E-13
2309.	0.1430E-13
2397.	0.1408E-13
2489.	0.1385E-13
2583.	0.1362E-13
2682.	0.1338E-13
2784.	0.1314E-13
2890.	0.1290E-13
3000.	0.1265E-13
 
 
C4    C3H8    Excitation    0.35 eV                             
E/N (Td)	Inverse rate coefficient (m2)
0.1000E-02	0.2620E-14
0.1038E-02	0.2620E-14
0.1078E-02	0.2620E-14
0.1119E-02	0.2620E-14
0.1161E-02	0.2620E-14
0.1205E-02	0.2620E-14
0.1251E-02	0.2620E-14
0.1299E-02	0.2620E-14
0.1349E-02	0.2620E-14
0.1400E-02	0.2620E-14
0.1453E-02	0.2620E-14
0.1509E-02	0.2620E-14
0.1566E-02	0.2620E-14
0.1626E-02	0.2620E-14
0.1688E-02	0.2620E-14
0.1752E-02	0.2620E-14
0.1819E-02	0.2620E-14
0.1888E-02	0.2620E-14
0.1960E-02	0.2620E-14
0.2034E-02	0.2620E-14
0.2112E-02	0.2620E-14
0.2192E-02	0.2620E-14
0.2276E-02	0.2620E-14
0.2362E-02	0.2620E-14
0.2452E-02	0.2620E-14
0.2546E-02	0.2620E-14
0.2643E-02	0.2620E-14
0.2743E-02	0.2620E-14
0.2848E-02	0.2620E-14
0.2956E-02	0.2620E-14
0.3069E-02	0.2620E-14
0.3186E-02	0.2620E-14
0.3307E-02	0.2620E-14
0.3433E-02	0.2620E-14
0.3564E-02	0.2620E-14
0.3700E-02	0.2620E-14
0.3841E-02	0.2620E-14
0.3987E-02	0.2620E-14
0.4139E-02	0.2620E-14
0.4296E-02	0.2620E-14
0.4460E-02	0.2620E-14
0.4630E-02	0.2620E-14
0.4806E-02	0.2620E-14
0.4989E-02	0.2620E-14
0.5179E-02	0.2620E-14
0.5377E-02	0.2620E-14
0.5581E-02	0.2620E-14
0.5794E-02	0.2620E-14
0.6015E-02	0.2621E-14
0.6244E-02	0.2621E-14
0.6481E-02	0.2621E-14
0.6728E-02	0.2621E-14
0.6985E-02	0.2621E-14
0.7251E-02	0.2621E-14
0.7527E-02	0.2621E-14
0.7813E-02	0.2621E-14
0.8111E-02	0.2621E-14
0.8420E-02	0.2621E-14
0.8741E-02	0.2621E-14
0.9073E-02	0.2621E-14
0.9419E-02	0.2621E-14
0.9778E-02	0.2622E-14
0.1015E-01	0.2622E-14
0.1054E-01	0.2622E-14
0.1094E-01	0.2622E-14
0.1135E-01	0.2622E-14
0.1179E-01	0.2622E-14
0.1224E-01	0.2622E-14
0.1270E-01	0.2622E-14
0.1319E-01	0.2622E-14
0.1369E-01	0.2622E-14
0.1421E-01	0.2622E-14
0.1475E-01	0.2623E-14
0.1531E-01	0.2623E-14
0.1590E-01	0.2623E-14
0.1650E-01	0.2623E-14
0.1713E-01	0.2623E-14
0.1778E-01	0.2623E-14
0.1846E-01	0.2623E-14
0.1916E-01	0.2623E-14
0.1989E-01	0.2623E-14
0.2065E-01	0.2623E-14
0.2144E-01	0.2623E-14
0.2225E-01	0.2623E-14
0.2310E-01	0.2623E-14
0.2398E-01	0.2623E-14
0.2489E-01	0.2623E-14
0.2584E-01	0.2623E-14
0.2682E-01	0.2623E-14
0.2785E-01	0.2623E-14
0.2891E-01	0.2623E-14
0.3001E-01	0.2623E-14
0.3115E-01	0.2622E-14
0.3234E-01	0.2622E-14
0.3357E-01	0.2622E-14
0.3485E-01	0.2622E-14
0.3617E-01	0.2622E-14
0.3755E-01	0.2622E-14
0.3898E-01	0.2622E-14
0.4047E-01	0.2622E-14
0.4201E-01	0.2622E-14
0.4361E-01	0.2622E-14
0.4527E-01	0.2623E-14
0.4699E-01	0.2623E-14
0.4878E-01	0.2623E-14
0.5064E-01	0.2623E-14
0.5257E-01	0.2623E-14
0.5457E-01	0.2623E-14
0.5665E-01	0.2624E-14
0.5881E-01	0.2624E-14
0.6105E-01	0.2624E-14
0.6337E-01	0.2625E-14
0.6579E-01	0.2625E-14
0.6829E-01	0.2626E-14
0.7089E-01	0.2626E-14
0.7359E-01	0.2627E-14
0.7640E-01	0.2628E-14
0.7931E-01	0.2628E-14
0.8233E-01	0.2629E-14
0.8546E-01	0.2630E-14
0.8872E-01	0.2631E-14
0.9210E-01	0.2632E-14
0.9560E-01	0.2633E-14
0.9924E-01	0.2634E-14
0.1030	0.2635E-14
0.1069	0.2636E-14
0.1110	0.2638E-14
0.1152	0.2639E-14
0.1196	0.2640E-14
0.1242	0.2642E-14
0.1289	0.2643E-14
0.1338	0.2645E-14
0.1389	0.2647E-14
0.1442	0.2649E-14
0.1497	0.2651E-14
0.1554	0.2653E-14
0.1613	0.2655E-14
0.1675	0.2657E-14
0.1739	0.2660E-14
0.1805	0.2662E-14
0.1874	0.2665E-14
0.1945	0.2667E-14
0.2019	0.2670E-14
0.2096	0.2673E-14
0.2176	0.2676E-14
0.2259	0.2679E-14
0.2345	0.2683E-14
0.2434	0.2686E-14
0.2527	0.2690E-14
0.2623	0.2693E-14
0.2723	0.2697E-14
0.2826	0.2701E-14
0.2934	0.2705E-14
0.3046	0.2710E-14
0.3162	0.2714E-14
0.3282	0.2719E-14
0.3407	0.2723E-14
0.3537	0.2728E-14
0.3672	0.2733E-14
0.3812	0.2739E-14
0.3957	0.2744E-14
0.4107	0.2749E-14
0.4264	0.2755E-14
0.4426	0.2761E-14
0.4595	0.2767E-14
0.4770	0.2773E-14
0.4952	0.2780E-14
0.5140	0.2786E-14
0.5336	0.2793E-14
0.5539	0.2800E-14
0.5750	0.2807E-14
0.5969	0.2814E-14
0.6196	0.2822E-14
0.6432	0.2830E-14
0.6677	0.2838E-14
0.6932	0.2846E-14
0.7196	0.2854E-14
0.7470	0.2863E-14
0.7754	0.2871E-14
0.8050	0.2880E-14
0.8356	0.2889E-14
0.8674	0.2899E-14
0.9005	0.2908E-14
0.9348	0.2918E-14
0.9704	0.2928E-14
1.007	0.2938E-14
1.046	0.2949E-14
1.086	0.2959E-14
1.127	0.2970E-14
1.170	0.2981E-14
1.214	0.2993E-14
1.261	0.3004E-14
1.309	0.3016E-14
1.358	0.3028E-14
1.410	0.3040E-14
1.464	0.3053E-14
1.520	0.3066E-14
1.578	0.3079E-14
1.638	0.3092E-14
1.700	0.3105E-14
1.765	0.3119E-14
1.832	0.3133E-14
1.902	0.3147E-14
1.974	0.3162E-14
2.049	0.3176E-14
2.127	0.3191E-14
2.208	0.3207E-14
2.293	0.3222E-14
2.380	0.3238E-14
2.470	0.3254E-14
2.565	0.3270E-14
2.662	0.3286E-14
2.764	0.3302E-14
2.869	0.3319E-14
2.978	0.3336E-14
3.092	0.3353E-14
3.209	0.3371E-14
3.332	0.3388E-14
3.458	0.3406E-14
3.590	0.3424E-14
3.727	0.3443E-14
3.869	0.3461E-14
4.016	0.3479E-14
4.169	0.3498E-14
4.328	0.3517E-14
4.493	0.3536E-14
4.664	0.3555E-14
4.841	0.3575E-14
5.026	0.3594E-14
5.217	0.3614E-14
5.416	0.3634E-14
5.622	0.3655E-14
5.836	0.3675E-14
6.059	0.3696E-14
6.289	0.3716E-14
6.529	0.3737E-14
6.778	0.3758E-14
7.036	0.3780E-14
7.304	0.3802E-14
7.582	0.3824E-14
7.871	0.3846E-14
8.170	0.3868E-14
8.482	0.3891E-14
8.805	0.3914E-14
9.140	0.3937E-14
9.488	0.3961E-14
9.849	0.3985E-14
10.22	0.4010E-14
10.61	0.4035E-14
11.02	0.4060E-14
11.44	0.4086E-14
11.87	0.4113E-14
12.33	0.4140E-14
12.80	0.4167E-14
13.28	0.4196E-14
13.79	0.4225E-14
14.31	0.4255E-14
14.86	0.4286E-14
15.42	0.4319E-14
16.01	0.4352E-14
16.62	0.4387E-14
17.25	0.4423E-14
17.91	0.4462E-14
18.59	0.4502E-14
19.30	0.4544E-14
20.04	0.4588E-14
20.80	0.4635E-14
21.59	0.4685E-14
22.42	0.4738E-14
23.27	0.4794E-14
24.16	0.4853E-14
25.08	0.4917E-14
26.03	0.4985E-14
27.02	0.5057E-14
28.05	0.5134E-14
29.12	0.5216E-14
30.23	0.5304E-14
31.38	0.5396E-14
32.57	0.5495E-14
33.82	0.5600E-14
35.10	0.5710E-14
36.44	0.5827E-14
37.83	0.5950E-14
39.27	0.6080E-14
40.76	0.6215E-14
42.32	0.6356E-14
43.93	0.6502E-14
45.60	0.6653E-14
47.34	0.6807E-14
49.14	0.6965E-14
51.01	0.7125E-14
52.96	0.7286E-14
54.97	0.7447E-14
57.07	0.7607E-14
59.24	0.7766E-14
61.50	0.7922E-14
63.84	0.8075E-14
66.27	0.8225E-14
68.79	0.8370E-14
71.41	0.8512E-14
74.13	0.8649E-14
76.96	0.8782E-14
79.89	0.8911E-14
82.93	0.9036E-14
86.09	0.9157E-14
89.37	0.9274E-14
92.77	0.9388E-14
96.31	0.9499E-14
99.97	0.9608E-14
103.8	0.9713E-14
107.7	0.9816E-14
111.8	0.9918E-14
116.1	0.1002E-13
120.5	0.1011E-13
125.1	0.1021E-13
129.9	0.1031E-13
134.8	0.1040E-13
140.0	0.1049E-13
145.3	0.1059E-13
150.8	0.1068E-13
156.6	0.1077E-13
162.5	0.1086E-13
168.7	0.1095E-13
175.1	0.1103E-13
181.8	0.1112E-13
188.7	0.1121E-13
195.9	0.1130E-13
203.4	0.1138E-13
211.1	0.1147E-13
219.2	0.1155E-13
227.5	0.1164E-13
236.2	0.1172E-13
245.2	0.1181E-13
254.5	0.1189E-13
264.2	0.1197E-13
274.3	0.1205E-13
284.7	0.1213E-13
295.6	0.1221E-13
306.8	0.1229E-13
318.5	0.1237E-13
330.6	0.1244E-13
343.2	0.1252E-13
356.3	0.1259E-13
369.9	0.1266E-13
384.0	0.1273E-13
398.6	0.1280E-13
413.8	0.1287E-13
429.5	0.1294E-13
445.9	0.1300E-13
462.9	0.1306E-13
480.5	0.1312E-13
498.8	0.1318E-13
517.8	0.1324E-13
537.5	0.1329E-13
558.0	0.1334E-13
579.2	0.1339E-13
601.3	0.1344E-13
624.2	0.1348E-13
648.0	0.1352E-13
672.6	0.1356E-13
698.3	0.1359E-13
724.9	0.1362E-13
752.5	0.1365E-13
781.1	0.1367E-13
810.9	0.1369E-13
841.8	0.1370E-13
873.8	0.1371E-13
907.1	0.1371E-13
941.6	0.1371E-13
977.5	0.1371E-13
1015.	0.1369E-13
1053.	0.1368E-13
1094.	0.1365E-13
1135.	0.1362E-13
1178.	0.1359E-13
1223.	0.1354E-13
1270.	0.1349E-13
1318.	0.1344E-13
1368.	0.1338E-13
1421.	0.1331E-13
1475.	0.1323E-13
1531.	0.1315E-13
1589.	0.1306E-13
1650.	0.1296E-13
1712.	0.1286E-13
1778.	0.1275E-13
1845.	0.1263E-13
1916.	0.1251E-13
1989.	0.1238E-13
2064.	0.1224E-13
2143.	0.1210E-13
2225.	0.1196E-13
2309.	0.1181E-13
2397.	0.1165E-13
2489.	0.1149E-13
2583.	0.1133E-13
2682.	0.1116E-13
2784.	0.1099E-13
2890.	0.1081E-13
3000.	0.1063E-13
 
 
C5    C3H8    Excitation    6.72 eV                             
E/N (Td)	Inverse rate coefficient (m2)
0.1000E-02	0.2103E-14
0.1038E-02	0.2103E-14
0.1078E-02	0.2103E-14
0.1119E-02	0.2103E-14
0.1161E-02	0.2103E-14
0.1205E-02	0.2103E-14
0.1251E-02	0.2103E-14
0.1299E-02	0.2103E-14
0.1349E-02	0.2103E-14
0.1400E-02	0.2103E-14
0.1453E-02	0.2103E-14
0.1509E-02	0.2103E-14
0.1566E-02	0.2103E-14
0.1626E-02	0.2103E-14
0.1688E-02	0.2103E-14
0.1752E-02	0.2103E-14
0.1819E-02	0.2103E-14
0.1888E-02	0.2103E-14
0.1960E-02	0.2103E-14
0.2034E-02	0.2103E-14
0.2112E-02	0.2103E-14
0.2192E-02	0.2103E-14
0.2276E-02	0.2103E-14
0.2362E-02	0.2103E-14
0.2452E-02	0.2103E-14
0.2546E-02	0.2103E-14
0.2643E-02	0.2103E-14
0.2743E-02	0.2103E-14
0.2848E-02	0.2103E-14
0.2956E-02	0.2103E-14
0.3069E-02	0.2103E-14
0.3186E-02	0.2103E-14
0.3307E-02	0.2103E-14
0.3433E-02	0.2103E-14
0.3564E-02	0.2104E-14
0.3700E-02	0.2104E-14
0.3841E-02	0.2104E-14
0.3987E-02	0.2104E-14
0.4139E-02	0.2104E-14
0.4296E-02	0.2104E-14
0.4460E-02	0.2104E-14
0.4630E-02	0.2104E-14
0.4806E-02	0.2104E-14
0.4989E-02	0.2104E-14
0.5179E-02	0.2104E-14
0.5377E-02	0.2104E-14
0.5581E-02	0.2105E-14
0.5794E-02	0.2105E-14
0.6015E-02	0.2105E-14
0.6244E-02	0.2105E-14
0.6481E-02	0.2105E-14
0.6728E-02	0.2105E-14
0.6985E-02	0.2105E-14
0.7251E-02	0.2106E-14
0.7527E-02	0.2106E-14
0.7813E-02	0.2106E-14
0.8111E-02	0.2106E-14
0.8420E-02	0.2106E-14
0.8741E-02	0.2107E-14
0.9073E-02	0.2107E-14
0.9419E-02	0.2107E-14
0.9778E-02	0.2107E-14
0.1015E-01	0.2108E-14
0.1054E-01	0.2108E-14
0.1094E-01	0.2108E-14
0.1135E-01	0.2108E-14
0.1179E-01	0.2109E-14
0.1224E-01	0.2109E-14
0.1270E-01	0.2109E-14
0.1319E-01	0.2110E-14
0.1369E-01	0.2110E-14
0.1421E-01	0.2110E-14
0.1475E-01	0.2111E-14
0.1531E-01	0.2111E-14
0.1590E-01	0.2111E-14
0.1650E-01	0.2112E-14
0.1713E-01	0.2112E-14
0.1778E-01	0.2112E-14
0.1846E-01	0.2113E-14
0.1916E-01	0.2113E-14
0.1989E-01	0.2113E-14
0.2065E-01	0.2113E-14
0.2144E-01	0.2114E-14
0.2225E-01	0.2114E-14
0.2310E-01	0.2114E-14
0.2398E-01	0.2114E-14
0.2489E-01	0.2115E-14
0.2584E-01	0.2115E-14
0.2682E-01	0.2115E-14
0.2785E-01	0.2115E-14
0.2891E-01	0.2115E-14
0.3001E-01	0.2115E-14
0.3115E-01	0.2116E-14
0.3234E-01	0.2116E-14
0.3357E-01	0.2116E-14
0.3485E-01	0.2116E-14
0.3617E-01	0.2116E-14
0.3755E-01	0.2116E-14
0.3898E-01	0.2117E-14
0.4047E-01	0.2117E-14
0.4201E-01	0.2117E-14
0.4361E-01	0.2117E-14
0.4527E-01	0.2118E-14
0.4699E-01	0.2118E-14
0.4878E-01	0.2118E-14
0.5064E-01	0.2119E-14
0.5257E-01	0.2119E-14
0.5457E-01	0.2120E-14
0.5665E-01	0.2120E-14
0.5881E-01	0.2121E-14
0.6105E-01	0.2121E-14
0.6337E-01	0.2122E-14
0.6579E-01	0.2123E-14
0.6829E-01	0.2123E-14
0.7089E-01	0.2124E-14
0.7359E-01	0.2125E-14
0.7640E-01	0.2126E-14
0.7931E-01	0.2127E-14
0.8233E-01	0.2128E-14
0.8546E-01	0.2129E-14
0.8872E-01	0.2130E-14
0.9210E-01	0.2132E-14
0.9560E-01	0.2133E-14
0.9924E-01	0.2134E-14
0.1030	0.2136E-14
0.1069	0.2138E-14
0.1110	0.2140E-14
0.1152	0.2142E-14
0.1196	0.2144E-14
0.1242	0.2146E-14
0.1289	0.2148E-14
0.1338	0.2151E-14
0.1389	0.2153E-14
0.1442	0.2156E-14
0.1497	0.2159E-14
0.1554	0.2162E-14
0.1613	0.2165E-14
0.1675	0.2169E-14
0.1739	0.2172E-14
0.1805	0.2176E-14
0.1874	0.2180E-14
0.1945	0.2184E-14
0.2019	0.2189E-14
0.2096	0.2193E-14
0.2176	0.2198E-14
0.2259	0.2203E-14
0.2345	0.2209E-14
0.2434	0.2214E-14
0.2527	0.2220E-14
0.2623	0.2227E-14
0.2723	0.2233E-14
0.2826	0.2240E-14
0.2934	0.2247E-14
0.3046	0.2254E-14
0.3162	0.2262E-14
0.3282	0.2270E-14
0.3407	0.2278E-14
0.3537	0.2287E-14
0.3672	0.2296E-14
0.3812	0.2306E-14
0.3957	0.2316E-14
0.4107	0.2326E-14
0.4264	0.2337E-14
0.4426	0.2348E-14
0.4595	0.2360E-14
0.4770	0.2372E-14
0.4952	0.2384E-14
0.5140	0.2397E-14
0.5336	0.2411E-14
0.5539	0.2425E-14
0.5750	0.2440E-14
0.5969	0.2455E-14
0.6196	0.2470E-14
0.6432	0.2487E-14
0.6677	0.2504E-14
0.6932	0.2521E-14
0.7196	0.2539E-14
0.7470	0.2558E-14
0.7754	0.2578E-14
0.8050	0.2598E-14
0.8356	0.2619E-14
0.8674	0.2641E-14
0.9005	0.2663E-14
0.9348	0.2686E-14
0.9704	0.2710E-14
1.007	0.2735E-14
1.046	0.2761E-14
1.086	0.2788E-14
1.127	0.2815E-14
1.170	0.2844E-14
1.214	0.2873E-14
1.261	0.2904E-14
1.309	0.2935E-14
1.358	0.2967E-14
1.410	0.3001E-14
1.464	0.3035E-14
1.520	0.3071E-14
1.578	0.3108E-14
1.638	0.3146E-14
1.700	0.3185E-14
1.765	0.3225E-14
1.832	0.3266E-14
1.902	0.3309E-14
1.974	0.3353E-14
2.049	0.3398E-14
2.127	0.3444E-14
2.208	0.3492E-14
2.293	0.3541E-14
2.380	0.3591E-14
2.470	0.3643E-14
2.565	0.3696E-14
2.662	0.3750E-14
2.764	0.3804E-14
2.869	0.3861E-14
2.978	0.3919E-14
3.092	0.3978E-14
3.209	0.4039E-14
3.332	0.4101E-14
3.458	0.4164E-14
3.590	0.4229E-14
3.727	0.4295E-14
3.869	0.4363E-14
4.016	0.4432E-14
4.169	0.4502E-14
4.328	0.4574E-14
4.493	0.4648E-14
4.664	0.4724E-14
4.841	0.4801E-14
5.026	0.4881E-14
5.217	0.4963E-14
5.416	0.5047E-14
5.622	0.5133E-14
5.836	0.5221E-14
6.059	0.5313E-14
6.289	0.5407E-14
6.529	0.5505E-14
6.778	0.5606E-14
7.036	0.5710E-14
7.304	0.5819E-14
7.582	0.5932E-14
7.871	0.6050E-14
8.170	0.6173E-14
8.482	0.6301E-14
8.805	0.6436E-14
9.140	0.6576E-14
9.488	0.6724E-14
9.849	0.6880E-14
10.22	0.7044E-14
10.61	0.7217E-14
11.02	0.7400E-14
11.44	0.7593E-14
11.87	0.7797E-14
12.33	0.8015E-14
12.80	0.8245E-14
13.28	0.8490E-14
13.79	0.8750E-14
14.31	0.9026E-14
14.86	0.9320E-14
15.42	0.9631E-14
16.01	0.9962E-14
16.62	0.1031E-13
17.25	0.1068E-13
17.91	0.1108E-13
18.59	0.1149E-13
19.30	0.1192E-13
20.04	0.1238E-13
20.80	0.1286E-13
21.59	0.1336E-13
22.42	0.1388E-13
23.27	0.1442E-13
24.16	0.1498E-13
25.08	0.1556E-13
26.03	0.1615E-13
27.02	0.1676E-13
28.05	0.1738E-13
29.12	0.1802E-13
30.23	0.1866E-13
31.38	0.1931E-13
32.57	0.1996E-13
33.82	0.2062E-13
35.10	0.2128E-13
36.44	0.2194E-13
37.83	0.2260E-13
39.27	0.2325E-13
40.76	0.2390E-13
42.32	0.2454E-13
43.93	0.2517E-13
45.60	0.2578E-13
47.34	0.2638E-13
49.14	0.2696E-13
51.01	0.2753E-13
52.96	0.2807E-13
54.97	0.2859E-13
57.07	0.2908E-13
59.24	0.2955E-13
61.50	0.3000E-13
63.84	0.3042E-13
66.27	0.3082E-13
68.79	0.3119E-13
71.41	0.3154E-13
74.13	0.3188E-13
76.96	0.3219E-13
79.89	0.3248E-13
82.93	0.3276E-13
86.09	0.3302E-13
89.37	0.3326E-13
92.77	0.3350E-13
96.31	0.3372E-13
99.97	0.3393E-13
103.8	0.3413E-13
107.7	0.3433E-13
111.8	0.3451E-13
116.1	0.3469E-13
120.5	0.3487E-13
125.1	0.3503E-13
129.9	0.3519E-13
134.8	0.3535E-13
140.0	0.3551E-13
145.3	0.3565E-13
150.8	0.3580E-13
156.6	0.3594E-13
162.5	0.3608E-13
168.7	0.3622E-13
175.1	0.3635E-13
181.8	0.3648E-13
188.7	0.3661E-13
195.9	0.3673E-13
203.4	0.3685E-13
211.1	0.3697E-13
219.2	0.3709E-13
227.5	0.3721E-13
236.2	0.3732E-13
245.2	0.3743E-13
254.5	0.3754E-13
264.2	0.3765E-13
274.3	0.3775E-13
284.7	0.3786E-13
295.6	0.3796E-13
306.8	0.3806E-13
318.5	0.3816E-13
330.6	0.3825E-13
343.2	0.3834E-13
356.3	0.3843E-13
369.9	0.3852E-13
384.0	0.3861E-13
398.6	0.3870E-13
413.8	0.3878E-13
429.5	0.3886E-13
445.9	0.3894E-13
462.9	0.3901E-13
480.5	0.3909E-13
498.8	0.3916E-13
517.8	0.3923E-13
537.5	0.3929E-13
558.0	0.3935E-13
579.2	0.3942E-13
601.3	0.3947E-13
624.2	0.3953E-13
648.0	0.3958E-13
672.6	0.3963E-13
698.3	0.3967E-13
724.9	0.3971E-13
752.5	0.3975E-13
781.1	0.3978E-13
810.9	0.3981E-13
841.8	0.3984E-13
873.8	0.3986E-13
907.1	0.3988E-13
941.6	0.3989E-13
977.5	0.3989E-13
1015.	0.3989E-13
1053.	0.3989E-13
1094.	0.3988E-13
1135.	0.3986E-13
1178.	0.3984E-13
1223.	0.3981E-13
1270.	0.3978E-13
1318.	0.3974E-13
1368.	0.3969E-13
1421.	0.3963E-13
1475.	0.3957E-13
1531.	0.3950E-13
1589.	0.3942E-13
1650.	0.3933E-13
1712.	0.3924E-13
1778.	0.3914E-13
1845.	0.3903E-13
1916.	0.3891E-13
1989.	0.3879E-13
2064.	0.3866E-13
2143.	0.3852E-13
2225.	0.3838E-13
2309.	0.3822E-13
2397.	0.3806E-13
2489.	0.3790E-13
2583.	0.3772E-13
2682.	0.3754E-13
2784.	0.3736E-13
2890.	0.3716E-13
3000.	0.3697E-13
 
 
C6    C3H8    Excitation    9.16 eV                             
E/N (Td)	Inverse rate coefficient (m2)
0.1000E-02	0.2284E-14
0.1038E-02	0.2286E-14
0.1078E-02	0.2286E-14
0.1119E-02	0.2286E-14
0.1161E-02	0.2286E-14
0.1205E-02	0.2286E-14
0.1251E-02	0.2286E-14
0.1299E-02	0.2286E-14
0.1349E-02	0.2286E-14
0.1400E-02	0.2286E-14
0.1453E-02	0.2286E-14
0.1509E-02	0.2286E-14
0.1566E-02	0.2286E-14
0.1626E-02	0.2286E-14
0.1688E-02	0.2286E-14
0.1752E-02	0.2286E-14
0.1819E-02	0.2286E-14
0.1888E-02	0.2286E-14
0.1960E-02	0.2286E-14
0.2034E-02	0.2286E-14
0.2112E-02	0.2286E-14
0.2192E-02	0.2286E-14
0.2276E-02	0.2286E-14
0.2362E-02	0.2286E-14
0.2452E-02	0.2286E-14
0.2546E-02	0.2286E-14
0.2643E-02	0.2286E-14
0.2743E-02	0.2286E-14
0.2848E-02	0.2286E-14
0.2956E-02	0.2286E-14
0.3069E-02	0.2286E-14
0.3186E-02	0.2286E-14
0.3307E-02	0.2286E-14
0.3433E-02	0.2286E-14
0.3564E-02	0.2286E-14
0.3700E-02	0.2286E-14
0.3841E-02	0.2287E-14
0.3987E-02	0.2287E-14
0.4139E-02	0.2287E-14
0.4296E-02	0.2287E-14
0.4460E-02	0.2287E-14
0.4630E-02	0.2287E-14
0.4806E-02	0.2287E-14
0.4989E-02	0.2287E-14
0.5179E-02	0.2287E-14
0.5377E-02	0.2287E-14
0.5581E-02	0.2287E-14
0.5794E-02	0.2288E-14
0.6015E-02	0.2288E-14
0.6244E-02	0.2288E-14
0.6481E-02	0.2288E-14
0.6728E-02	0.2288E-14
0.6985E-02	0.2288E-14
0.7251E-02	0.2289E-14
0.7527E-02	0.2289E-14
0.7813E-02	0.2289E-14
0.8111E-02	0.2289E-14
0.8420E-02	0.2290E-14
0.8741E-02	0.2290E-14
0.9073E-02	0.2290E-14
0.9419E-02	0.2290E-14
0.9778E-02	0.2291E-14
0.1015E-01	0.2291E-14
0.1054E-01	0.2291E-14
0.1094E-01	0.2291E-14
0.1135E-01	0.2292E-14
0.1179E-01	0.2292E-14
0.1224E-01	0.2292E-14
0.1270E-01	0.2293E-14
0.1319E-01	0.2293E-14
0.1369E-01	0.2293E-14
0.1421E-01	0.2294E-14
0.1475E-01	0.2294E-14
0.1531E-01	0.2295E-14
0.1590E-01	0.2295E-14
0.1650E-01	0.2295E-14
0.1713E-01	0.2296E-14
0.1778E-01	0.2296E-14
0.1846E-01	0.2296E-14
0.1916E-01	0.2297E-14
0.1989E-01	0.2297E-14
0.2065E-01	0.2297E-14
0.2144E-01	0.2297E-14
0.2225E-01	0.2298E-14
0.2310E-01	0.2298E-14
0.2398E-01	0.2298E-14
0.2489E-01	0.2298E-14
0.2584E-01	0.2299E-14
0.2682E-01	0.2299E-14
0.2785E-01	0.2299E-14
0.2891E-01	0.2299E-14
0.3001E-01	0.2299E-14
0.3115E-01	0.2300E-14
0.3234E-01	0.2300E-14
0.3357E-01	0.2300E-14
0.3485E-01	0.2300E-14
0.3617E-01	0.2300E-14
0.3755E-01	0.2300E-14
0.3898E-01	0.2301E-14
0.4047E-01	0.2301E-14
0.4201E-01	0.2301E-14
0.4361E-01	0.2301E-14
0.4527E-01	0.2302E-14
0.4699E-01	0.2302E-14
0.4878E-01	0.2302E-14
0.5064E-01	0.2303E-14
0.5257E-01	0.2303E-14
0.5457E-01	0.2304E-14
0.5665E-01	0.2304E-14
0.5881E-01	0.2305E-14
0.6105E-01	0.2305E-14
0.6337E-01	0.2306E-14
0.6579E-01	0.2307E-14
0.6829E-01	0.2307E-14
0.7089E-01	0.2308E-14
0.7359E-01	0.2309E-14
0.7640E-01	0.2310E-14
0.7931E-01	0.2311E-14
0.8233E-01	0.2312E-14
0.8546E-01	0.2314E-14
0.8872E-01	0.2315E-14
0.9210E-01	0.2316E-14
0.9560E-01	0.2317E-14
0.9924E-01	0.2319E-14
0.1030	0.2321E-14
0.1069	0.2323E-14
0.1110	0.2325E-14
0.1152	0.2327E-14
0.1196	0.2329E-14
0.1242	0.2331E-14
0.1289	0.2334E-14
0.1338	0.2336E-14
0.1389	0.2339E-14
0.1442	0.2342E-14
0.1497	0.2345E-14
0.1554	0.2349E-14
0.1613	0.2352E-14
0.1675	0.2356E-14
0.1739	0.2360E-14
0.1805	0.2364E-14
0.1874	0.2368E-14
0.1945	0.2373E-14
0.2019	0.2377E-14
0.2096	0.2382E-14
0.2176	0.2387E-14
0.2259	0.2393E-14
0.2345	0.2399E-14
0.2434	0.2405E-14
0.2527	0.2411E-14
0.2623	0.2418E-14
0.2723	0.2425E-14
0.2826	0.2432E-14
0.2934	0.2439E-14
0.3046	0.2447E-14
0.3162	0.2456E-14
0.3282	0.2464E-14
0.3407	0.2473E-14
0.3537	0.2482E-14
0.3672	0.2492E-14
0.3812	0.2502E-14
0.3957	0.2513E-14
0.4107	0.2524E-14
0.4264	0.2535E-14
0.4426	0.2547E-14
0.4595	0.2559E-14
0.4770	0.2572E-14
0.4952	0.2586E-14
0.5140	0.2600E-14
0.5336	0.2614E-14
0.5539	0.2629E-14
0.5750	0.2644E-14
0.5969	0.2661E-14
0.6196	0.2677E-14
0.6432	0.2694E-14
0.6677	0.2712E-14
0.6932	0.2731E-14
0.7196	0.2750E-14
0.7470	0.2770E-14
0.7754	0.2790E-14
0.8050	0.2811E-14
0.8356	0.2833E-14
0.8674	0.2856E-14
0.9005	0.2879E-14
0.9348	0.2903E-14
0.9704	0.2927E-14
1.007	0.2953E-14
1.046	0.2979E-14
1.086	0.3006E-14
1.127	0.3034E-14
1.170	0.3063E-14
1.214	0.3092E-14
1.261	0.3122E-14
1.309	0.3153E-14
1.358	0.3185E-14
1.410	0.3218E-14
1.464	0.3251E-14
1.520	0.3285E-14
1.578	0.3320E-14
1.638	0.3355E-14
1.700	0.3392E-14
1.765	0.3429E-14
1.832	0.3466E-14
1.902	0.3505E-14
1.974	0.3544E-14
2.049	0.3584E-14
2.127	0.3624E-14
2.208	0.3665E-14
2.293	0.3707E-14
2.380	0.3749E-14
2.470	0.3791E-14
2.565	0.3834E-14
2.662	0.3877E-14
2.764	0.3920E-14
2.869	0.3964E-14
2.978	0.4008E-14
3.092	0.4052E-14
3.209	0.4097E-14
3.332	0.4141E-14
3.458	0.4186E-14
3.590	0.4231E-14
3.727	0.4277E-14
3.869	0.4322E-14
4.016	0.4368E-14
4.169	0.4413E-14
4.328	0.4459E-14
4.493	0.4505E-14
4.664	0.4552E-14
4.841	0.4598E-14
5.026	0.4645E-14
5.217	0.4693E-14
5.416	0.4741E-14
5.622	0.4790E-14
5.836	0.4839E-14
6.059	0.4889E-14
6.289	0.4939E-14
6.529	0.4991E-14
6.778	0.5044E-14
7.036	0.5098E-14
7.304	0.5153E-14
7.582	0.5210E-14
7.871	0.5268E-14
8.170	0.5329E-14
8.482	0.5391E-14
8.805	0.5456E-14
9.140	0.5524E-14
9.488	0.5595E-14
9.849	0.5669E-14
10.22	0.5747E-14
10.61	0.5830E-14
11.02	0.5917E-14
11.44	0.6010E-14
11.87	0.6110E-14
12.33	0.6216E-14
12.80	0.6331E-14
13.28	0.6455E-14
13.79	0.6590E-14
14.31	0.6736E-14
14.86	0.6895E-14
15.42	0.7069E-14
16.01	0.7259E-14
16.62	0.7467E-14
17.25	0.7694E-14
17.91	0.7943E-14
18.59	0.8215E-14
19.30	0.8511E-14
20.04	0.8834E-14
20.80	0.9185E-14
21.59	0.9565E-14
22.42	0.9974E-14
23.27	0.1042E-13
24.16	0.1089E-13
25.08	0.1139E-13
26.03	0.1193E-13
27.02	0.1250E-13
28.05	0.1311E-13
29.12	0.1374E-13
30.23	0.1441E-13
31.38	0.1511E-13
32.57	0.1583E-13
33.82	0.1659E-13
35.10	0.1737E-13
36.44	0.1818E-13
37.83	0.1901E-13
39.27	0.1986E-13
40.76	0.2073E-13
42.32	0.2162E-13
43.93	0.2252E-13
45.60	0.2343E-13
47.34	0.2435E-13
49.14	0.2526E-13
51.01	0.2617E-13
52.96	0.2708E-13
54.97	0.2797E-13
57.07	0.2885E-13
59.24	0.2970E-13
61.50	0.3054E-13
63.84	0.3135E-13
66.27	0.3214E-13
68.79	0.3290E-13
71.41	0.3363E-13
74.13	0.3434E-13
76.96	0.3502E-13
79.89	0.3569E-13
82.93	0.3633E-13
86.09	0.3695E-13
89.37	0.3755E-13
92.77	0.3814E-13
96.31	0.3871E-13
99.97	0.3927E-13
103.8	0.3982E-13
107.7	0.4036E-13
111.8	0.4090E-13
116.1	0.4142E-13
120.5	0.4195E-13
125.1	0.4247E-13
129.9	0.4298E-13
134.8	0.4350E-13
140.0	0.4402E-13
145.3	0.4453E-13
150.8	0.4505E-13
156.6	0.4557E-13
162.5	0.4610E-13
168.7	0.4663E-13
175.1	0.4716E-13
181.8	0.4770E-13
188.7	0.4824E-13
195.9	0.4879E-13
203.4	0.4935E-13
211.1	0.4991E-13
219.2	0.5048E-13
227.5	0.5106E-13
236.2	0.5165E-13
245.2	0.5225E-13
254.5	0.5286E-13
264.2	0.5347E-13
274.3	0.5410E-13
284.7	0.5474E-13
295.6	0.5539E-13
306.8	0.5605E-13
318.5	0.5672E-13
330.6	0.5741E-13
343.2	0.5811E-13
356.3	0.5882E-13
369.9	0.5955E-13
384.0	0.6029E-13
398.6	0.6105E-13
413.8	0.6182E-13
429.5	0.6261E-13
445.9	0.6341E-13
462.9	0.6424E-13
480.5	0.6508E-13
498.8	0.6593E-13
517.8	0.6681E-13
537.5	0.6771E-13
558.0	0.6862E-13
579.2	0.6956E-13
601.3	0.7052E-13
624.2	0.7150E-13
648.0	0.7250E-13
672.6	0.7353E-13
698.3	0.7457E-13
724.9	0.7564E-13
752.5	0.7674E-13
781.1	0.7786E-13
810.9	0.7901E-13
841.8	0.8018E-13
873.8	0.8138E-13
907.1	0.8260E-13
941.6	0.8385E-13
977.5	0.8513E-13
1015.	0.8643E-13
1053.	0.8775E-13
1094.	0.8911E-13
1135.	0.9049E-13
1178.	0.9189E-13
1223.	0.9331E-13
1270.	0.9475E-13
1318.	0.9622E-13
1368.	0.9770E-13
1421.	0.9920E-13
1475.	0.1007E-12
1531.	0.1022E-12
1589.	0.1038E-12
1650.	0.1053E-12
1712.	0.1068E-12
1778.	0.1084E-12
1845.	0.1099E-12
1916.	0.1114E-12
1989.	0.1129E-12
2064.	0.1144E-12
2143.	0.1159E-12
2225.	0.1174E-12
2309.	0.1188E-12
2397.	0.1202E-12
2489.	0.1216E-12
2583.	0.1229E-12
2682.	0.1242E-12
2784.	0.1255E-12
2890.	0.1268E-12
3000.	0.1280E-12
 
 
C7    C3H8    Ionization    11.60 eV                            
E/N (Td)	Inverse rate coefficient (m2)
0.1000E-02	0.000
0.1038E-02	0.000
0.1078E-02	0.000
0.1119E-02	0.000
0.1161E-02	0.000
0.1205E-02	0.000
0.1251E-02	0.000
0.1299E-02	0.000
0.1349E-02	0.000
0.1400E-02	0.000
0.1453E-02	0.000
0.1509E-02	0.000
0.1566E-02	0.000
0.1626E-02	0.000
0.1688E-02	0.000
0.1752E-02	0.000
0.1819E-02	0.000
0.1888E-02	0.000
0.1960E-02	0.000
0.2034E-02	0.000
0.2112E-02	0.000
0.2192E-02	0.000
0.2276E-02	0.000
0.2362E-02	0.000
0.2452E-02	0.000
0.2546E-02	0.000
0.2643E-02	0.000
0.2743E-02	0.000
0.2848E-02	0.000
0.2956E-02	0.000
0.3069E-02	0.000
0.3186E-02	0.000
0.3307E-02	0.000
0.3433E-02	0.000
0.3564E-02	0.000
0.3700E-02	0.000
0.3841E-02	0.000
0.3987E-02	0.000
0.4139E-02	0.000
0.4296E-02	0.000
0.4460E-02	0.000
0.4630E-02	0.000
0.4806E-02	0.000
0.4989E-02	0.000
0.5179E-02	0.000
0.5377E-02	0.000
0.5581E-02	0.000
0.5794E-02	0.000
0.6015E-02	0.000
0.6244E-02	0.000
0.6481E-02	0.000
0.6728E-02	0.000
0.6985E-02	0.000
0.7251E-02	0.000
0.7527E-02	0.000
0.7813E-02	0.000
0.8111E-02	0.000
0.8420E-02	0.000
0.8741E-02	0.000
0.9073E-02	0.000
0.9419E-02	0.000
0.9778E-02	0.000
0.1015E-01	0.000
0.1054E-01	0.000
0.1094E-01	0.000
0.1135E-01	0.000
0.1179E-01	0.000
0.1224E-01	0.000
0.1270E-01	0.000
0.1319E-01	0.000
0.1369E-01	0.000
0.1421E-01	0.000
0.1475E-01	0.000
0.1531E-01	0.000
0.1590E-01	0.000
0.1650E-01	0.000
0.1713E-01	0.000
0.1778E-01	0.000
0.1846E-01	0.000
0.1916E-01	0.000
0.1989E-01	0.000
0.2065E-01	0.000
0.2144E-01	0.000
0.2225E-01	0.000
0.2310E-01	0.000
0.2398E-01	0.000
0.2489E-01	0.000
0.2584E-01	0.000
0.2682E-01	0.000
0.2785E-01	0.000
0.2891E-01	0.000
0.3001E-01	0.000
0.3115E-01	0.000
0.3234E-01	0.000
0.3357E-01	0.000
0.3485E-01	0.000
0.3617E-01	0.000
0.3755E-01	0.000
0.3898E-01	0.000
0.4047E-01	0.000
0.4201E-01	0.000
0.4361E-01	0.000
0.4527E-01	0.000
0.4699E-01	0.000
0.4878E-01	0.000
0.5064E-01	0.000
0.5257E-01	0.000
0.5457E-01	0.000
0.5665E-01	0.000
0.5881E-01	0.000
0.6105E-01	0.000
0.6337E-01	0.000
0.6579E-01	0.000
0.6829E-01	0.000
0.7089E-01	0.000
0.7359E-01	0.000
0.7640E-01	0.000
0.7931E-01	0.000
0.8233E-01	0.000
0.8546E-01	0.000
0.8872E-01	0.000
0.9210E-01	0.000
0.9560E-01	0.000
0.9924E-01	0.000
0.1030	0.000
0.1069	0.000
0.1110	0.000
0.1152	0.000
0.1196	0.000
0.1242	0.000
0.1289	0.000
0.1338	0.000
0.1389	0.000
0.1442	0.000
0.1497	0.000
0.1554	0.000
0.1613	0.000
0.1675	0.000
0.1739	0.000
0.1805	0.000
0.1874	0.000
0.1945	0.000
0.2019	0.000
0.2096	0.000
0.2176	0.000
0.2259	0.000
0.2345	0.000
0.2434	0.000
0.2527	0.000
0.2623	0.000
0.2723	0.000
0.2826	0.000
0.2934	0.000
0.3046	0.000
0.3162	0.000
0.3282	0.000
0.3407	0.000
0.3537	0.000
0.3672	0.000
0.3812	0.000
0.3957	0.000
0.4107	0.000
0.4264	0.000
0.4426	0.000
0.4595	0.000
0.4770	0.000
0.4952	0.000
0.5140	0.000
0.5336	0.000
0.5539	0.000
0.5750	0.000
0.5969	0.000
0.6196	0.000
0.6432	0.000
0.6677	0.000
0.6932	0.000
0.7196	0.000
0.7470	0.000
0.7754	0.000
0.8050	0.000
0.8356	0.000
0.8674	0.000
0.9005	0.000
0.9348	0.000
0.9704	0.000
1.007	0.000
1.046	0.000
1.086	0.000
1.127	0.000
1.170	0.000
1.214	0.000
1.261	0.000
1.309	0.000
1.358	0.000
1.410	0.000
1.464	0.000
1.520	0.000
1.578	0.000
1.638	0.000
1.700	0.000
1.765	0.000
1.832	0.000
1.902	0.000
1.974	0.000
2.049	0.000
2.127	0.000
2.208	0.000
2.293	0.000
2.380	0.000
2.470	0.000
2.565	0.000
2.662	0.000
2.764	0.000
2.869	0.000
2.978	0.000
3.092	0.000
3.209	0.000
3.332	0.000
3.458	0.000
3.590	0.000
3.727	0.000
3.869	0.000
4.016	0.000
4.169	0.000
4.328	0.000
4.493	0.000
4.664	0.000
4.841	0.000
5.026	0.000
5.217	0.000
5.416	0.000
5.622	0.000
5.836	0.000
6.059	0.000
6.289	0.000
6.529	0.000
6.778	0.000
7.036	0.000
7.304	0.000
7.582	0.000
7.871	0.000
8.170	0.000
8.482	0.000
8.805	0.000
9.140	0.000
9.488	0.000
9.849	0.000
10.22	0.000
10.61	0.000
11.02	0.000
11.44	0.000
11.87	0.000
12.33	0.000
12.80	0.000
13.28	0.000
13.79	0.000
14.31	0.000
14.86	0.000
15.42	0.000
16.01	0.000
16.62	0.000
17.25	0.000
17.91	0.000
18.59	0.000
19.30	0.000
20.04	0.000
20.80	0.000
21.59	0.000
22.42	0.000
23.27	0.000
24.16	0.000
25.08	0.000
26.03	0.000
27.02	0.000
28.05	0.000
29.12	0.000
30.23	0.000
31.38	0.000
32.57	0.000
33.82	0.000
35.10	0.000
36.44	0.000
37.83	0.000
39.27	0.000
40.76	0.000
42.32	0.000
43.93	0.000
45.60	0.000
47.34	0.000
49.14	0.000
51.01	0.000
52.96	0.000
54.97	0.000
57.07	0.000
59.24	0.000
61.50	0.000
63.84	0.000
66.27	0.000
68.79	0.000
71.41	0.000
74.13	0.000
76.96	0.000
79.89	0.000
82.93	0.000
86.09	0.000
89.37	0.000
92.77	0.000
96.31	0.000
99.97	0.000
103.8	0.000
107.7	0.000
111.8	0.000
116.1	0.000
120.5	0.000
125.1	0.000
129.9	0.000
134.8	0.000
140.0	0.000
145.3	0.000
150.8	0.000
156.6	0.000
162.5	0.000
168.7	0.000
175.1	0.000
181.8	0.000
188.7	0.000
195.9	0.000
203.4	0.000
211.1	0.000
219.2	0.000
227.5	0.000
236.2	0.000
245.2	0.000
254.5	0.000
264.2	0.000
274.3	0.000
284.7	0.000
295.6	0.000
306.8	0.000
318.5	0.000
330.6	0.000
343.2	0.000
356.3	0.000
369.9	0.000
384.0	0.000
398.6	0.000
413.8	0.000
429.5	0.000
445.9	0.000
462.9	0.000
480.5	0.000
498.8	0.000
517.8	0.000
537.5	0.000
558.0	0.000
579.2	0.000
601.3	0.000
624.2	0.000
648.0	0.000
672.6	0.000
698.3	0.000
724.9	0.000
752.5	0.000
781.1	0.000
810.9	0.000
841.8	0.000
873.8	0.000
907.1	0.000
941.6	0.000
977.5	0.000
1015.	0.000
1053.	0.000
1094.	0.000
1135.	0.000
1178.	0.000
1223.	0.000
1270.	0.000
1318.	0.000
1368.	0.000
1421.	0.000
1475.	0.000
1531.	0.000
1589.	0.000
1650.	0.000
1712.	0.000
1778.	0.000
1845.	0.000
1916.	0.000
1989.	0.000
2064.	0.000
2143.	0.000
2225.	0.000
2309.	0.000
2397.	0.000
2489.	0.000
2583.	0.000
2682.	0.000
2784.	0.000
2890.	0.000
3000.	0.000
 
 
C1    C3H8    Attachment                                        
E/N (Td)	Energy loss coefficient (eV m3/s)
0.1000E-02	0.000
0.1038E-02	0.000
0.1078E-02	0.000
0.1119E-02	0.000
0.1161E-02	0.000
0.1205E-02	0.000
0.1251E-02	0.000
0.1299E-02	0.000
0.1349E-02	0.000
0.1400E-02	0.000
0.1453E-02	0.000
0.1509E-02	0.000
0.1566E-02	0.000
0.1626E-02	0.000
0.1688E-02	0.000
0.1752E-02	0.000
0.1819E-02	0.000
0.1888E-02	0.000
0.1960E-02	0.000
0.2034E-02	0.000
0.2112E-02	0.000
0.2192E-02	0.000
0.2276E-02	0.000
0.2362E-02	0.000
0.2452E-02	0.000
0.2546E-02	0.000
0.2643E-02	0.000
0.2743E-02	0.000
0.2848E-02	0.000
0.2956E-02	0.000
0.3069E-02	0.000
0.3186E-02	0.000
0.3307E-02	0.000
0.3433E-02	0.000
0.3564E-02	0.000
0.3700E-02	0.000
0.3841E-02	0.000
0.3987E-02	0.000
0.4139E-02	0.000
0.4296E-02	0.000
0.4460E-02	0.000
0.4630E-02	0.000
0.4806E-02	0.000
0.4989E-02	0.000
0.5179E-02	0.000
0.5377E-02	0.000
0.5581E-02	0.000
0.5794E-02	0.000
0.6015E-02	0.000
0.6244E-02	0.000
0.6481E-02	0.000
0.6728E-02	0.000
0.6985E-02	0.000
0.7251E-02	0.000
0.7527E-02	0.000
0.7813E-02	0.000
0.8111E-02	0.000
0.8420E-02	0.000
0.8741E-02	0.000
0.9073E-02	0.000
0.9419E-02	0.000
0.9778E-02	0.000
0.1015E-01	0.000
0.1054E-01	0.000
0.1094E-01	0.000
0.1135E-01	0.000
0.1179E-01	0.000
0.1224E-01	0.000
0.1270E-01	0.000
0.1319E-01	0.000
0.1369E-01	0.000
0.1421E-01	0.000
0.1475E-01	0.000
0.1531E-01	0.000
0.1590E-01	0.000
0.1650E-01	0.000
0.1713E-01	0.000
0.1778E-01	0.000
0.1846E-01	0.000
0.1916E-01	0.000
0.1989E-01	0.000
0.2065E-01	0.000
0.2144E-01	0.000
0.2225E-01	0.000
0.2310E-01	0.000
0.2398E-01	0.000
0.2489E-01	0.000
0.2584E-01	0.000
0.2682E-01	0.000
0.2785E-01	0.000
0.2891E-01	0.000
0.3001E-01	0.000
0.3115E-01	0.000
0.3234E-01	0.000
0.3357E-01	0.000
0.3485E-01	0.000
0.3617E-01	0.000
0.3755E-01	0.000
0.3898E-01	0.000
0.4047E-01	0.000
0.4201E-01	0.000
0.4361E-01	0.000
0.4527E-01	0.000
0.4699E-01	0.000
0.4878E-01	0.000
0.5064E-01	0.000
0.5257E-01	0.000
0.5457E-01	0.000
0.5665E-01	0.000
0.5881E-01	0.000
0.6105E-01	0.000
0.6337E-01	0.000
0.6579E-01	0.000
0.6829E-01	0.000
0.7089E-01	0.000
0.7359E-01	0.000
0.7640E-01	0.000
0.7931E-01	0.000
0.8233E-01	0.000
0.8546E-01	0.000
0.8872E-01	0.000
0.9210E-01	0.000
0.9560E-01	0.000
0.9924E-01	0.000
0.1030	0.000
0.1069	0.000
0.1110	0.000
0.1152	0.000
0.1196	0.000
0.1242	0.000
0.1289	0.000
0.1338	0.000
0.1389	0.000
0.1442	0.000
0.1497	0.000
0.1554	0.000
0.1613	0.000
0.1675	0.000
0.1739	0.000
0.1805	0.000
0.1874	0.000
0.1945	0.000
0.2019	0.000
0.2096	0.000
0.2176	0.000
0.2259	0.000
0.2345	0.000
0.2434	0.000
0.2527	0.000
0.2623	0.000
0.2723	0.000
0.2826	0.000
0.2934	0.000
0.3046	0.000
0.3162	0.000
0.3282	0.000
0.3407	0.000
0.3537	0.000
0.3672	0.000
0.3812	0.000
0.3957	0.000
0.4107	0.000
0.4264	0.000
0.4426	0.000
0.4595	0.000
0.4770	0.000
0.4952	0.000
0.5140	0.000
0.5336	0.000
0.5539	0.000
0.5750	0.000
0.5969	0.000
0.6196	0.000
0.6432	0.000
0.6677	0.000
0.6932	0.000
0.7196	0.000
0.7470	0.000
0.7754	0.000
0.8050	0.000
0.8356	0.000
0.8674	0.000
0.9005	0.000
0.9348	0.000
0.9704	0.000
1.007	0.000
1.046	0.000
1.086	0.000
1.127	0.000
1.170	0.000
1.214	0.000
1.261	0.000
1.309	0.000
1.358	0.000
1.410	0.000
1.464	0.000
1.520	0.000
1.578	0.000
1.638	0.000
1.700	0.000
1.765	0.000
1.832	0.000
1.902	0.000
1.974	0.000
2.049	0.000
2.127	0.000
2.208	0.000
2.293	0.000
2.380	0.000
2.470	0.000
2.565	0.000
2.662	0.000
2.764	0.000
2.869	0.000
2.978	0.000
3.092	0.000
3.209	0.000
3.332	0.000
3.458	0.000
3.590	0.000
3.727	0.000
3.869	0.000
4.016	0.000
4.169	0.000
4.328	0.000
4.493	0.000
4.664	0.000
4.841	0.000
5.026	0.000
5.217	0.000
5.416	0.000
5.622	0.000
5.836	0.000
6.059	0.000
6.289	0.000
6.529	0.000
6.778	0.000
7.036	0.000
7.304	0.000
7.582	0.000
7.871	0.000
8.170	0.000
8.482	0.000
8.805	0.000
9.140	0.000
9.488	0.000
9.849	0.000
10.22	0.000
10.61	0.000
11.02	0.000
11.44	0.000
11.87	0.000
12.33	0.000
12.80	0.000
13.28	0.000
13.79	0.000
14.31	0.000
14.86	0.000
15.42	0.000
16.01	0.000
16.62	0.1042E-26
17.25	0.4205E-26
17.91	0.1602E-25
18.59	0.5768E-25
19.30	0.1966E-24
20.04	0.6352E-24
20.80	0.3322E-23
21.59	0.1006E-22
22.42	0.2907E-22
23.27	0.8019E-22
24.16	0.2114E-21
25.08	0.5352E-21
26.03	0.1294E-20
27.02	0.3004E-20
28.05	0.6700E-20
29.12	0.1437E-19
30.23	0.2970E-19
31.38	0.5923E-19
32.57	0.1139E-18
33.82	0.2117E-18
35.10	0.3806E-18
36.44	0.6628E-18
37.83	0.1119E-17
39.27	0.1834E-17
40.76	0.2921E-17
42.32	0.4523E-17
43.93	0.6821E-17
45.60	0.1003E-16
47.34	0.1438E-16
49.14	0.2016E-16
51.01	0.2764E-16
52.96	0.3710E-16
54.97	0.4883E-16
57.07	0.6309E-16
59.24	0.8010E-16
61.50	0.1001E-15
63.84	0.1231E-15
66.27	0.1494E-15
68.79	0.1789E-15
71.41	0.2117E-15
74.13	0.2477E-15
76.96	0.2870E-15
79.89	0.3294E-15
82.93	0.3748E-15
86.09	0.4231E-15
89.37	0.4742E-15
92.77	0.5279E-15
96.31	0.5841E-15
99.97	0.6426E-15
103.8	0.7033E-15
107.7	0.7660E-15
111.8	0.8306E-15
116.1	0.8969E-15
120.5	0.9647E-15
125.1	0.1034E-14
129.9	0.1104E-14
134.8	0.1176E-14
140.0	0.1248E-14
145.3	0.1322E-14
150.8	0.1395E-14
156.6	0.1470E-14
162.5	0.1544E-14
168.7	0.1619E-14
175.1	0.1694E-14
181.8	0.1769E-14
188.7	0.1843E-14
195.9	0.1917E-14
203.4	0.1991E-14
211.1	0.2063E-14
219.2	0.2135E-14
227.5	0.2206E-14
236.2	0.2276E-14
245.2	0.2344E-14
254.5	0.2411E-14
264.2	0.2477E-14
274.3	0.2541E-14
284.7	0.2603E-14
295.6	0.2663E-14
306.8	0.2721E-14
318.5	0.2777E-14
330.6	0.2831E-14
343.2	0.2883E-14
356.3	0.2933E-14
369.9	0.2980E-14
384.0	0.3025E-14
398.6	0.3067E-14
413.8	0.3107E-14
429.5	0.3144E-14
445.9	0.3179E-14
462.9	0.3212E-14
480.5	0.3242E-14
498.8	0.3269E-14
517.8	0.3294E-14
537.5	0.3317E-14
558.0	0.3337E-14
579.2	0.3354E-14
601.3	0.3369E-14
624.2	0.3381E-14
648.0	0.3390E-14
672.6	0.3397E-14
698.3	0.3401E-14
724.9	0.3403E-14
752.5	0.3402E-14
781.1	0.3399E-14
810.9	0.3393E-14
841.8	0.3384E-14
873.8	0.3372E-14
907.1	0.3358E-14
941.6	0.3341E-14
977.5	0.3321E-14
1015.	0.3299E-14
1053.	0.3273E-14
1094.	0.3246E-14
1135.	0.3215E-14
1178.	0.3182E-14
1223.	0.3146E-14
1270.	0.3109E-14
1318.	0.3069E-14
1368.	0.3026E-14
1421.	0.2981E-14
1475.	0.2934E-14
1531.	0.2885E-14
1589.	0.2834E-14
1650.	0.2782E-14
1712.	0.2728E-14
1778.	0.2675E-14
1845.	0.2618E-14
1916.	0.2561E-14
1989.	0.2502E-14
2064.	0.2444E-14
2143.	0.2384E-14
2225.	0.2324E-14
2309.	0.2264E-14
2397.	0.2206E-14
2489.	0.2145E-14
2583.	0.2084E-14
2682.	0.2024E-14
2784.	0.1960E-14
2890.	0.1901E-14
3000.	0.1841E-14
 
 
C2    C3H8    Effective (momentum)                              
E/N (Td)	Energy loss coefficient (eV m3/s)
0.1000E-02	0.1823E-23
0.1038E-02	0.6403E-24
0.1078E-02	0.6899E-24
0.1119E-02	0.7432E-24
0.1161E-02	0.8006E-24
0.1205E-02	0.8624E-24
0.1251E-02	0.9290E-24
0.1299E-02	0.1001E-23
0.1349E-02	0.1078E-23
0.1400E-02	0.1161E-23
0.1453E-02	0.1250E-23
0.1509E-02	0.1347E-23
0.1566E-02	0.1450E-23
0.1626E-02	0.1562E-23
0.1688E-02	0.1682E-23
0.1752E-02	0.1811E-23
0.1819E-02	0.1950E-23
0.1888E-02	0.2099E-23
0.1960E-02	0.2260E-23
0.2034E-02	0.2432E-23
0.2112E-02	0.2618E-23
0.2192E-02	0.2818E-23
0.2276E-02	0.3032E-23
0.2362E-02	0.3263E-23
0.2452E-02	0.3510E-23
0.2546E-02	0.3776E-23
0.2643E-02	0.4062E-23
0.2743E-02	0.4369E-23
0.2848E-02	0.4698E-23
0.2956E-02	0.5051E-23
0.3069E-02	0.5429E-23
0.3186E-02	0.5835E-23
0.3307E-02	0.6270E-23
0.3433E-02	0.6735E-23
0.3564E-02	0.7234E-23
0.3700E-02	0.7768E-23
0.3841E-02	0.8338E-23
0.3987E-02	0.8948E-23
0.4139E-02	0.9599E-23
0.4296E-02	0.1029E-22
0.4460E-02	0.1104E-22
0.4630E-02	0.1183E-22
0.4806E-02	0.1267E-22
0.4989E-02	0.1356E-22
0.5179E-02	0.1452E-22
0.5377E-02	0.1553E-22
0.5581E-02	0.1660E-22
0.5794E-02	0.1773E-22
0.6015E-02	0.1894E-22
0.6244E-02	0.2020E-22
0.6481E-02	0.2154E-22
0.6728E-02	0.2295E-22
0.6985E-02	0.2443E-22
0.7251E-02	0.2598E-22
0.7527E-02	0.2761E-22
0.7813E-02	0.2931E-22
0.8111E-02	0.3108E-22
0.8420E-02	0.3291E-22
0.8741E-02	0.3482E-22
0.9073E-02	0.3679E-22
0.9419E-02	0.3881E-22
0.9778E-02	0.4089E-22
0.1015E-01	0.4301E-22
0.1054E-01	0.4517E-22
0.1094E-01	0.4736E-22
0.1135E-01	0.4956E-22
0.1179E-01	0.5177E-22
0.1224E-01	0.5397E-22
0.1270E-01	0.5615E-22
0.1319E-01	0.5829E-22
0.1369E-01	0.6037E-22
0.1421E-01	0.6237E-22
0.1475E-01	0.6429E-22
0.1531E-01	0.6609E-22
0.1590E-01	0.6777E-22
0.1650E-01	0.6930E-22
0.1713E-01	0.7067E-22
0.1778E-01	0.7186E-22
0.1846E-01	0.7285E-22
0.1916E-01	0.7365E-22
0.1989E-01	0.7422E-22
0.2065E-01	0.7458E-22
0.2144E-01	0.7472E-22
0.2225E-01	0.7463E-22
0.2310E-01	0.7432E-22
0.2398E-01	0.7381E-22
0.2489E-01	0.7310E-22
0.2584E-01	0.7221E-22
0.2682E-01	0.7116E-22
0.2785E-01	0.6998E-22
0.2891E-01	0.6870E-22
0.3001E-01	0.6734E-22
0.3115E-01	0.6594E-22
0.3234E-01	0.6454E-22
0.3357E-01	0.6318E-22
0.3485E-01	0.6190E-22
0.3617E-01	0.6074E-22
0.3755E-01	0.5974E-22
0.3898E-01	0.5896E-22
0.4047E-01	0.5842E-22
0.4201E-01	0.5818E-22
0.4361E-01	0.5828E-22
0.4527E-01	0.5877E-22
0.4699E-01	0.5967E-22
0.4878E-01	0.6104E-22
0.5064E-01	0.6292E-22
0.5257E-01	0.6533E-22
0.5457E-01	0.6833E-22
0.5665E-01	0.7195E-22
0.5881E-01	0.7623E-22
0.6105E-01	0.8120E-22
0.6337E-01	0.8690E-22
0.6579E-01	0.9336E-22
0.6829E-01	0.1006E-21
0.7089E-01	0.1087E-21
0.7359E-01	0.1177E-21
0.7640E-01	0.1276E-21
0.7931E-01	0.1384E-21
0.8233E-01	0.1503E-21
0.8546E-01	0.1631E-21
0.8872E-01	0.1770E-21
0.9210E-01	0.1920E-21
0.9560E-01	0.2082E-21
0.9924E-01	0.2255E-21
0.1030	0.2441E-21
0.1069	0.2640E-21
0.1110	0.2852E-21
0.1152	0.3078E-21
0.1196	0.3317E-21
0.1242	0.3572E-21
0.1289	0.3842E-21
0.1338	0.4127E-21
0.1389	0.4429E-21
0.1442	0.4748E-21
0.1497	0.5084E-21
0.1554	0.5438E-21
0.1613	0.5810E-21
0.1675	0.6201E-21
0.1739	0.6612E-21
0.1805	0.7043E-21
0.1874	0.7495E-21
0.1945	0.7967E-21
0.2019	0.8462E-21
0.2096	0.8979E-21
0.2176	0.9519E-21
0.2259	0.1008E-20
0.2345	0.1067E-20
0.2434	0.1128E-20
0.2527	0.1192E-20
0.2623	0.1258E-20
0.2723	0.1327E-20
0.2826	0.1399E-20
0.2934	0.1473E-20
0.3046	0.1550E-20
0.3162	0.1631E-20
0.3282	0.1714E-20
0.3407	0.1800E-20
0.3537	0.1889E-20
0.3672	0.1981E-20
0.3812	0.2077E-20
0.3957	0.2176E-20
0.4107	0.2278E-20
0.4264	0.2384E-20
0.4426	0.2494E-20
0.4595	0.2608E-20
0.4770	0.2725E-20
0.4952	0.2847E-20
0.5140	0.2973E-20
0.5336	0.3103E-20
0.5539	0.3238E-20
0.5750	0.3378E-20
0.5969	0.3523E-20
0.6196	0.3674E-20
0.6432	0.3830E-20
0.6677	0.3993E-20
0.6932	0.4162E-20
0.7196	0.4338E-20
0.7470	0.4521E-20
0.7754	0.4712E-20
0.8050	0.4912E-20
0.8356	0.5120E-20
0.8674	0.5339E-20
0.9005	0.5568E-20
0.9348	0.5808E-20
0.9704	0.6061E-20
1.007	0.6327E-20
1.046	0.6607E-20
1.086	0.6903E-20
1.127	0.7216E-20
1.170	0.7548E-20
1.214	0.7899E-20
1.261	0.8273E-20
1.309	0.8671E-20
1.358	0.9094E-20
1.410	0.9546E-20
1.464	0.1003E-19
1.520	0.1055E-19
1.578	0.1110E-19
1.638	0.1170E-19
1.700	0.1233E-19
1.765	0.1302E-19
1.832	0.1376E-19
1.902	0.1455E-19
1.974	0.1541E-19
2.049	0.1633E-19
2.127	0.1733E-19
2.208	0.1841E-19
2.293	0.1956E-19
2.380	0.2081E-19
2.470	0.2215E-19
2.565	0.2360E-19
2.662	0.2516E-19
2.764	0.2683E-19
2.869	0.2863E-19
2.978	0.3057E-19
3.092	0.3265E-19
3.209	0.3489E-19
3.332	0.3729E-19
3.458	0.3986E-19
3.590	0.4262E-19
3.727	0.4557E-19
3.869	0.4873E-19
4.016	0.5212E-19
4.169	0.5574E-19
4.328	0.5961E-19
4.493	0.6376E-19
4.664	0.6820E-19
4.841	0.7295E-19
5.026	0.7804E-19
5.217	0.8351E-19
5.416	0.8935E-19
5.622	0.9561E-19
5.836	0.1023E-18
6.059	0.1095E-18
6.289	0.1173E-18
6.529	0.1256E-18
6.778	0.1346E-18
7.036	0.1442E-18
7.304	0.1546E-18
7.582	0.1659E-18
7.871	0.1780E-18
8.170	0.1911E-18
8.482	0.2054E-18
8.805	0.2208E-18
9.140	0.2375E-18
9.488	0.2557E-18
9.849	0.2755E-18
10.22	0.2970E-18
10.61	0.3205E-18
11.02	0.3461E-18
11.44	0.3741E-18
11.87	0.4047E-18
12.33	0.4382E-18
12.80	0.4749E-18
13.28	0.5151E-18
13.79	0.5593E-18
14.31	0.6077E-18
14.86	0.6608E-18
15.42	0.7191E-18
16.01	0.7831E-18
16.62	0.8533E-18
17.25	0.9303E-18
17.91	0.1015E-17
18.59	0.1107E-17
19.30	0.1208E-17
20.04	0.1319E-17
20.80	0.1440E-17
21.59	0.1572E-17
22.42	0.1716E-17
23.27	0.1873E-17
24.16	0.2043E-17
25.08	0.2227E-17
26.03	0.2427E-17
27.02	0.2644E-17
28.05	0.2877E-17
29.12	0.3130E-17
30.23	0.3401E-17
31.38	0.3693E-17
32.57	0.4007E-17
33.82	0.4344E-17
35.10	0.4705E-17
36.44	0.5090E-17
37.83	0.5501E-17
39.27	0.5938E-17
40.76	0.6402E-17
42.32	0.6892E-17
43.93	0.7409E-17
45.60	0.7949E-17
47.34	0.8513E-17
49.14	0.9097E-17
51.01	0.9698E-17
52.96	0.1032E-16
54.97	0.1094E-16
57.07	0.1158E-16
59.24	0.1222E-16
61.50	0.1286E-16
63.84	0.1351E-16
66.27	0.1414E-16
68.79	0.1478E-16
71.41	0.1541E-16
74.13	0.1602E-16
76.96	0.1664E-16
79.89	0.1724E-16
82.93	0.1784E-16
86.09	0.1843E-16
89.37	0.1901E-16
92.77	0.1959E-16
96.31	0.2016E-16
99.97	0.2073E-16
103.8	0.2130E-16
107.7	0.2187E-16
111.8	0.2243E-16
116.1	0.2300E-16
120.5	0.2357E-16
125.1	0.2414E-16
129.9	0.2471E-16
134.8	0.2529E-16
140.0	0.2587E-16
145.3	0.2646E-16
150.8	0.2706E-16
156.6	0.2766E-16
162.5	0.2827E-16
168.7	0.2889E-16
175.1	0.2952E-16
181.8	0.3016E-16
188.7	0.3081E-16
195.9	0.3146E-16
203.4	0.3213E-16
211.1	0.3281E-16
219.2	0.3350E-16
227.5	0.3420E-16
236.2	0.3491E-16
245.2	0.3563E-16
254.5	0.3637E-16
264.2	0.3712E-16
274.3	0.3788E-16
284.7	0.3866E-16
295.6	0.3944E-16
306.8	0.4024E-16
318.5	0.4106E-16
330.6	0.4189E-16
343.2	0.4273E-16
356.3	0.4359E-16
369.9	0.4446E-16
384.0	0.4535E-16
398.6	0.4625E-16
413.8	0.4717E-16
429.5	0.4810E-16
445.9	0.4905E-16
462.9	0.5002E-16
480.5	0.5101E-16
498.8	0.5201E-16
517.8	0.5303E-16
537.5	0.5407E-16
558.0	0.5512E-16
579.2	0.5620E-16
601.3	0.5730E-16
624.2	0.5841E-16
648.0	0.5955E-16
672.6	0.6071E-16
698.3	0.6189E-16
724.9	0.6309E-16
752.5	0.6431E-16
781.1	0.6556E-16
810.9	0.6684E-16
841.8	0.6813E-16
873.8	0.6945E-16
907.1	0.7080E-16
941.6	0.7217E-16
977.5	0.7357E-16
1015.	0.7500E-16
1053.	0.7645E-16
1094.	0.7794E-16
1135.	0.7945E-16
1178.	0.8099E-16
1223.	0.8255E-16
1270.	0.8415E-16
1318.	0.8577E-16
1368.	0.8742E-16
1421.	0.8911E-16
1475.	0.9082E-16
1531.	0.9255E-16
1589.	0.9431E-16
1650.	0.9609E-16
1712.	0.9789E-16
1778.	0.9973E-16
1845.	0.1016E-15
1916.	0.1034E-15
1989.	0.1053E-15
2064.	0.1073E-15
2143.	0.1092E-15
2225.	0.1111E-15
2309.	0.1131E-15
2397.	0.1151E-15
2489.	0.1171E-15
2583.	0.1191E-15
2682.	0.1211E-15
2784.	0.1231E-15
2890.	0.1252E-15
3000.	0.1273E-15
 
 
C3    C3H8    Excitation    0.092 eV                            
E/N (Td)	Energy loss coefficient (eV m3/s)
0.1000E-02	0.1687E-22
0.1038E-02	0.1722E-22
0.1078E-02	0.1856E-22
0.1119E-02	0.2000E-22
0.1161E-02	0.2156E-22
0.1205E-02	0.2323E-22
0.1251E-02	0.2504E-22
0.1299E-02	0.2698E-22
0.1349E-02	0.2908E-22
0.1400E-02	0.3134E-22
0.1453E-02	0.3378E-22
0.1509E-02	0.3640E-22
0.1566E-02	0.3923E-22
0.1626E-02	0.4228E-22
0.1688E-02	0.4556E-22
0.1752E-02	0.4910E-22
0.1819E-02	0.5292E-22
0.1888E-02	0.5703E-22
0.1960E-02	0.6146E-22
0.2034E-02	0.6624E-22
0.2112E-02	0.7138E-22
0.2192E-02	0.7693E-22
0.2276E-02	0.8291E-22
0.2362E-02	0.8935E-22
0.2452E-02	0.9630E-22
0.2546E-02	0.1038E-21
0.2643E-02	0.1119E-21
0.2743E-02	0.1205E-21
0.2848E-02	0.1299E-21
0.2956E-02	0.1400E-21
0.3069E-02	0.1509E-21
0.3186E-02	0.1626E-21
0.3307E-02	0.1753E-21
0.3433E-02	0.1889E-21
0.3564E-02	0.2036E-21
0.3700E-02	0.2195E-21
0.3841E-02	0.2366E-21
0.3987E-02	0.2550E-21
0.4139E-02	0.2748E-21
0.4296E-02	0.2962E-21
0.4460E-02	0.3193E-21
0.4630E-02	0.3442E-21
0.4806E-02	0.3710E-21
0.4989E-02	0.4000E-21
0.5179E-02	0.4311E-21
0.5377E-02	0.4648E-21
0.5581E-02	0.5010E-21
0.5794E-02	0.5401E-21
0.6015E-02	0.5823E-21
0.6244E-02	0.6278E-21
0.6481E-02	0.6768E-21
0.6728E-02	0.7298E-21
0.6985E-02	0.7868E-21
0.7251E-02	0.8484E-21
0.7527E-02	0.9148E-21
0.7813E-02	0.9864E-21
0.8111E-02	0.1064E-20
0.8420E-02	0.1147E-20
0.8741E-02	0.1237E-20
0.9073E-02	0.1334E-20
0.9419E-02	0.1439E-20
0.9778E-02	0.1552E-20
0.1015E-01	0.1674E-20
0.1054E-01	0.1805E-20
0.1094E-01	0.1947E-20
0.1135E-01	0.2100E-20
0.1179E-01	0.2266E-20
0.1224E-01	0.2444E-20
0.1270E-01	0.2637E-20
0.1319E-01	0.2844E-20
0.1369E-01	0.3069E-20
0.1421E-01	0.3311E-20
0.1475E-01	0.3572E-20
0.1531E-01	0.3853E-20
0.1590E-01	0.4157E-20
0.1650E-01	0.4485E-20
0.1713E-01	0.4839E-20
0.1778E-01	0.5221E-20
0.1846E-01	0.5633E-20
0.1916E-01	0.6077E-20
0.1989E-01	0.6556E-20
0.2065E-01	0.7072E-20
0.2144E-01	0.7629E-20
0.2225E-01	0.8230E-20
0.2310E-01	0.8878E-20
0.2398E-01	0.9576E-20
0.2489E-01	0.1033E-19
0.2584E-01	0.1114E-19
0.2682E-01	0.1201E-19
0.2785E-01	0.1296E-19
0.2891E-01	0.1397E-19
0.3001E-01	0.1507E-19
0.3115E-01	0.1625E-19
0.3234E-01	0.1752E-19
0.3357E-01	0.1889E-19
0.3485E-01	0.2036E-19
0.3617E-01	0.2196E-19
0.3755E-01	0.2367E-19
0.3898E-01	0.2552E-19
0.4047E-01	0.2751E-19
0.4201E-01	0.2965E-19
0.4361E-01	0.3196E-19
0.4527E-01	0.3446E-19
0.4699E-01	0.3714E-19
0.4878E-01	0.4003E-19
0.5064E-01	0.4315E-19
0.5257E-01	0.4651E-19
0.5457E-01	0.5014E-19
0.5665E-01	0.5404E-19
0.5881E-01	0.5825E-19
0.6105E-01	0.6279E-19
0.6337E-01	0.6768E-19
0.6579E-01	0.7295E-19
0.6829E-01	0.7864E-19
0.7089E-01	0.8477E-19
0.7359E-01	0.9138E-19
0.7640E-01	0.9851E-19
0.7931E-01	0.1062E-18
0.8233E-01	0.1145E-18
0.8546E-01	0.1234E-18
0.8872E-01	0.1331E-18
0.9210E-01	0.1435E-18
0.9560E-01	0.1547E-18
0.9924E-01	0.1668E-18
0.1030	0.1798E-18
0.1069	0.1939E-18
0.1110	0.2091E-18
0.1152	0.2255E-18
0.1196	0.2432E-18
0.1242	0.2623E-18
0.1289	0.2829E-18
0.1338	0.3051E-18
0.1389	0.3291E-18
0.1442	0.3550E-18
0.1497	0.3829E-18
0.1554	0.4131E-18
0.1613	0.4456E-18
0.1675	0.4808E-18
0.1739	0.5188E-18
0.1805	0.5598E-18
0.1874	0.6040E-18
0.1945	0.6518E-18
0.2019	0.7034E-18
0.2096	0.7592E-18
0.2176	0.8193E-18
0.2259	0.8844E-18
0.2345	0.9546E-18
0.2434	0.1030E-17
0.2527	0.1112E-17
0.2623	0.1201E-17
0.2723	0.1296E-17
0.2826	0.1400E-17
0.2934	0.1511E-17
0.3046	0.1631E-17
0.3162	0.1762E-17
0.3282	0.1902E-17
0.3407	0.2054E-17
0.3537	0.2217E-17
0.3672	0.2394E-17
0.3812	0.2585E-17
0.3957	0.2791E-17
0.4107	0.3014E-17
0.4264	0.3254E-17
0.4426	0.3513E-17
0.4595	0.3792E-17
0.4770	0.4094E-17
0.4952	0.4419E-17
0.5140	0.4769E-17
0.5336	0.5147E-17
0.5539	0.5554E-17
0.5750	0.5993E-17
0.5969	0.6465E-17
0.6196	0.6973E-17
0.6432	0.7520E-17
0.6677	0.8108E-17
0.6932	0.8741E-17
0.7196	0.9421E-17
0.7470	0.1015E-16
0.7754	0.1093E-16
0.8050	0.1178E-16
0.8356	0.1268E-16
0.8674	0.1364E-16
0.9005	0.1468E-16
0.9348	0.1579E-16
0.9704	0.1697E-16
1.007	0.1824E-16
1.046	0.1959E-16
1.086	0.2103E-16
1.127	0.2257E-16
1.170	0.2421E-16
1.214	0.2595E-16
1.261	0.2780E-16
1.309	0.2977E-16
1.358	0.3185E-16
1.410	0.3406E-16
1.464	0.3639E-16
1.520	0.3886E-16
1.578	0.4146E-16
1.638	0.4420E-16
1.700	0.4709E-16
1.765	0.5012E-16
1.832	0.5329E-16
1.902	0.5661E-16
1.974	0.6008E-16
2.049	0.6369E-16
2.127	0.6745E-16
2.208	0.7138E-16
2.293	0.7542E-16
2.380	0.7959E-16
2.470	0.8389E-16
2.565	0.8831E-16
2.662	0.9284E-16
2.764	0.9745E-16
2.869	0.1022E-15
2.978	0.1070E-15
3.092	0.1119E-15
3.209	0.1168E-15
3.332	0.1218E-15
3.458	0.1268E-15
3.590	0.1319E-15
3.727	0.1369E-15
3.869	0.1420E-15
4.016	0.1471E-15
4.169	0.1521E-15
4.328	0.1571E-15
4.493	0.1620E-15
4.664	0.1669E-15
4.841	0.1718E-15
5.026	0.1766E-15
5.217	0.1814E-15
5.416	0.1860E-15
5.622	0.1906E-15
5.836	0.1950E-15
6.059	0.1994E-15
6.289	0.2037E-15
6.529	0.2079E-15
6.778	0.2120E-15
7.036	0.2160E-15
7.304	0.2199E-15
7.582	0.2237E-15
7.871	0.2274E-15
8.170	0.2310E-15
8.482	0.2345E-15
8.805	0.2378E-15
9.140	0.2411E-15
9.488	0.2443E-15
9.849	0.2473E-15
10.22	0.2503E-15
10.61	0.2532E-15
11.02	0.2560E-15
11.44	0.2587E-15
11.87	0.2613E-15
12.33	0.2638E-15
12.80	0.2663E-15
13.28	0.2687E-15
13.79	0.2711E-15
14.31	0.2735E-15
14.86	0.2758E-15
15.42	0.2782E-15
16.01	0.2805E-15
16.62	0.2829E-15
17.25	0.2854E-15
17.91	0.2879E-15
18.59	0.2906E-15
19.30	0.2934E-15
20.04	0.2963E-15
20.80	0.2995E-15
21.59	0.3029E-15
22.42	0.3066E-15
23.27	0.3106E-15
24.16	0.3149E-15
25.08	0.3197E-15
26.03	0.3249E-15
27.02	0.3305E-15
28.05	0.3367E-15
29.12	0.3435E-15
30.23	0.3509E-15
31.38	0.3590E-15
32.57	0.3678E-15
33.82	0.3774E-15
35.10	0.3878E-15
36.44	0.3990E-15
37.83	0.4112E-15
39.27	0.4242E-15
40.76	0.4382E-15
42.32	0.4531E-15
43.93	0.4688E-15
45.60	0.4854E-15
47.34	0.5027E-15
49.14	0.5207E-15
51.01	0.5393E-15
52.96	0.5584E-15
54.97	0.5778E-15
57.07	0.5974E-15
59.24	0.6171E-15
61.50	0.6368E-15
63.84	0.6564E-15
66.27	0.6758E-15
68.79	0.6949E-15
71.41	0.7137E-15
74.13	0.7322E-15
76.96	0.7502E-15
79.89	0.7679E-15
82.93	0.7852E-15
86.09	0.8022E-15
89.37	0.8187E-15
92.77	0.8349E-15
96.31	0.8508E-15
99.97	0.8665E-15
103.8	0.8818E-15
107.7	0.8969E-15
111.8	0.9118E-15
116.1	0.9265E-15
120.5	0.9410E-15
125.1	0.9554E-15
129.9	0.9696E-15
134.8	0.9837E-15
140.0	0.9977E-15
145.3	0.1012E-14
150.8	0.1025E-14
156.6	0.1039E-14
162.5	0.1053E-14
168.7	0.1066E-14
175.1	0.1080E-14
181.8	0.1093E-14
188.7	0.1107E-14
195.9	0.1120E-14
203.4	0.1133E-14
211.1	0.1146E-14
219.2	0.1159E-14
227.5	0.1172E-14
236.2	0.1185E-14
245.2	0.1197E-14
254.5	0.1210E-14
264.2	0.1222E-14
274.3	0.1234E-14
284.7	0.1246E-14
295.6	0.1258E-14
306.8	0.1270E-14
318.5	0.1281E-14
330.6	0.1293E-14
343.2	0.1304E-14
356.3	0.1315E-14
369.9	0.1325E-14
384.0	0.1336E-14
398.6	0.1346E-14
413.8	0.1355E-14
429.5	0.1365E-14
445.9	0.1374E-14
462.9	0.1383E-14
480.5	0.1392E-14
498.8	0.1400E-14
517.8	0.1408E-14
537.5	0.1416E-14
558.0	0.1423E-14
579.2	0.1429E-14
601.3	0.1436E-14
624.2	0.1442E-14
648.0	0.1447E-14
672.6	0.1452E-14
698.3	0.1457E-14
724.9	0.1461E-14
752.5	0.1464E-14
781.1	0.1467E-14
810.9	0.1469E-14
841.8	0.1471E-14
873.8	0.1472E-14
907.1	0.1473E-14
941.6	0.1472E-14
977.5	0.1471E-14
1015.	0.1470E-14
1053.	0.1467E-14
1094.	0.1464E-14
1135.	0.1460E-14
1178.	0.1455E-14
1223.	0.1450E-14
1270.	0.1443E-14
1318.	0.1436E-14
1368.	0.1428E-14
1421.	0.1419E-14
1475.	0.1409E-14
1531.	0.1399E-14
1589.	0.1387E-14
1650.	0.1375E-14
1712.	0.1362E-14
1778.	0.1348E-14
1845.	0.1334E-14
1916.	0.1319E-14
1989.	0.1303E-14
2064.	0.1286E-14
2143.	0.1269E-14
2225.	0.1251E-14
2309.	0.1233E-14
2397.	0.1214E-14
2489.	0.1195E-14
2583.	0.1175E-14
2682.	0.1155E-14
2784.	0.1135E-14
2890.	0.1114E-14
3000.	0.1093E-14
 
 
C4    C3H8    Excitation    0.35 eV                             
E/N (Td)	Energy loss coefficient (eV m3/s)
0.1000E-02	0.1323E-24
0.1038E-02	0.8850E-25
0.1078E-02	0.9668E-25
0.1119E-02	0.1055E-24
0.1161E-02	0.1150E-24
0.1205E-02	0.1252E-24
0.1251E-02	0.1362E-24
0.1299E-02	0.1481E-24
0.1349E-02	0.1609E-24
0.1400E-02	0.1746E-24
0.1453E-02	0.1895E-24
0.1509E-02	0.2055E-24
0.1566E-02	0.2227E-24
0.1626E-02	0.2412E-24
0.1688E-02	0.2612E-24
0.1752E-02	0.2827E-24
0.1819E-02	0.3059E-24
0.1888E-02	0.3309E-24
0.1960E-02	0.3578E-24
0.2034E-02	0.3867E-24
0.2112E-02	0.4179E-24
0.2192E-02	0.4515E-24
0.2276E-02	0.4876E-24
0.2362E-02	0.5266E-24
0.2452E-02	0.5685E-24
0.2546E-02	0.6136E-24
0.2643E-02	0.6622E-24
0.2743E-02	0.7145E-24
0.2848E-02	0.7708E-24
0.2956E-02	0.8314E-24
0.3069E-02	0.8966E-24
0.3186E-02	0.9667E-24
0.3307E-02	0.1042E-23
0.3433E-02	0.1123E-23
0.3564E-02	0.1211E-23
0.3700E-02	0.1305E-23
0.3841E-02	0.1406E-23
0.3987E-02	0.1514E-23
0.4139E-02	0.1631E-23
0.4296E-02	0.1756E-23
0.4460E-02	0.1891E-23
0.4630E-02	0.2035E-23
0.4806E-02	0.2191E-23
0.4989E-02	0.2358E-23
0.5179E-02	0.2537E-23
0.5377E-02	0.2729E-23
0.5581E-02	0.2935E-23
0.5794E-02	0.3156E-23
0.6015E-02	0.3392E-23
0.6244E-02	0.3646E-23
0.6481E-02	0.3917E-23
0.6728E-02	0.4208E-23
0.6985E-02	0.4519E-23
0.7251E-02	0.4851E-23
0.7527E-02	0.5206E-23
0.7813E-02	0.5585E-23
0.8111E-02	0.5989E-23
0.8420E-02	0.6420E-23
0.8741E-02	0.6879E-23
0.9073E-02	0.7368E-23
0.9419E-02	0.7887E-23
0.9778E-02	0.8439E-23
0.1015E-01	0.9024E-23
0.1054E-01	0.9644E-23
0.1094E-01	0.1030E-22
0.1135E-01	0.1099E-22
0.1179E-01	0.1173E-22
0.1224E-01	0.1250E-22
0.1270E-01	0.1331E-22
0.1319E-01	0.1416E-22
0.1369E-01	0.1506E-22
0.1421E-01	0.1600E-22
0.1475E-01	0.1697E-22
0.1531E-01	0.1800E-22
0.1590E-01	0.1906E-22
0.1650E-01	0.2016E-22
0.1713E-01	0.2131E-22
0.1778E-01	0.2250E-22
0.1846E-01	0.2372E-22
0.1916E-01	0.2498E-22
0.1989E-01	0.2628E-22
0.2065E-01	0.2761E-22
0.2144E-01	0.2897E-22
0.2225E-01	0.3036E-22
0.2310E-01	0.3178E-22
0.2398E-01	0.3322E-22
0.2489E-01	0.3469E-22
0.2584E-01	0.3618E-22
0.2682E-01	0.3769E-22
0.2785E-01	0.3921E-22
0.2891E-01	0.4075E-22
0.3001E-01	0.4231E-22
0.3115E-01	0.4389E-22
0.3234E-01	0.4547E-22
0.3357E-01	0.4708E-22
0.3485E-01	0.4869E-22
0.3617E-01	0.5033E-22
0.3755E-01	0.5198E-22
0.3898E-01	0.5365E-22
0.4047E-01	0.5534E-22
0.4201E-01	0.5706E-22
0.4361E-01	0.5881E-22
0.4527E-01	0.6060E-22
0.4699E-01	0.6242E-22
0.4878E-01	0.6429E-22
0.5064E-01	0.6621E-22
0.5257E-01	0.6819E-22
0.5457E-01	0.7023E-22
0.5665E-01	0.7235E-22
0.5881E-01	0.7455E-22
0.6105E-01	0.7684E-22
0.6337E-01	0.7923E-22
0.6579E-01	0.8174E-22
0.6829E-01	0.8437E-22
0.7089E-01	0.8714E-22
0.7359E-01	0.9006E-22
0.7640E-01	0.9314E-22
0.7931E-01	0.9641E-22
0.8233E-01	0.9987E-22
0.8546E-01	0.1036E-21
0.8872E-01	0.1075E-21
0.9210E-01	0.1116E-21
0.9560E-01	0.1161E-21
0.9924E-01	0.1208E-21
0.1030	0.1259E-21
0.1069	0.1313E-21
0.1110	0.1371E-21
0.1152	0.1433E-21
0.1196	0.1499E-21
0.1242	0.1571E-21
0.1289	0.1647E-21
0.1338	0.1729E-21
0.1389	0.1817E-21
0.1442	0.1911E-21
0.1497	0.2013E-21
0.1554	0.2122E-21
0.1613	0.2239E-21
0.1675	0.2365E-21
0.1739	0.2501E-21
0.1805	0.2647E-21
0.1874	0.2804E-21
0.1945	0.2973E-21
0.2019	0.3155E-21
0.2096	0.3352E-21
0.2176	0.3564E-21
0.2259	0.3793E-21
0.2345	0.4040E-21
0.2434	0.4307E-21
0.2527	0.4596E-21
0.2623	0.4910E-21
0.2723	0.5250E-21
0.2826	0.5620E-21
0.2934	0.6023E-21
0.3046	0.6461E-21
0.3162	0.6941E-21
0.3282	0.7466E-21
0.3407	0.8042E-21
0.3537	0.8675E-21
0.3672	0.9374E-21
0.3812	0.1015E-20
0.3957	0.1100E-20
0.4107	0.1195E-20
0.4264	0.1301E-20
0.4426	0.1420E-20
0.4595	0.1553E-20
0.4770	0.1702E-20
0.4952	0.1870E-20
0.5140	0.2060E-20
0.5336	0.2275E-20
0.5539	0.2519E-20
0.5750	0.2798E-20
0.5969	0.3116E-20
0.6196	0.3480E-20
0.6432	0.3899E-20
0.6677	0.4383E-20
0.6932	0.4942E-20
0.7196	0.5592E-20
0.7470	0.6350E-20
0.7754	0.7238E-20
0.8050	0.8282E-20
0.8356	0.9517E-20
0.8674	0.1098E-19
0.9005	0.1273E-19
0.9348	0.1483E-19
0.9704	0.1736E-19
1.007	0.2041E-19
1.046	0.2412E-19
1.086	0.2865E-19
1.127	0.3420E-19
1.170	0.4102E-19
1.214	0.4944E-19
1.261	0.5985E-19
1.309	0.7278E-19
1.358	0.8886E-19
1.410	0.1089E-18
1.464	0.1339E-18
1.520	0.1651E-18
1.578	0.2040E-18
1.638	0.2527E-18
1.700	0.3132E-18
1.765	0.3885E-18
1.832	0.4821E-18
1.902	0.5979E-18
1.974	0.7409E-18
2.049	0.9168E-18
2.127	0.1132E-17
2.208	0.1396E-17
2.293	0.1716E-17
2.380	0.2102E-17
2.470	0.2566E-17
2.565	0.3121E-17
2.662	0.3782E-17
2.764	0.4563E-17
2.869	0.5483E-17
2.978	0.6558E-17
3.092	0.7810E-17
3.209	0.9258E-17
3.332	0.1092E-16
3.458	0.1283E-16
3.590	0.1500E-16
3.727	0.1746E-16
3.869	0.2024E-16
4.016	0.2335E-16
4.169	0.2682E-16
4.328	0.3068E-16
4.493	0.3495E-16
4.664	0.3966E-16
4.841	0.4483E-16
5.026	0.5048E-16
5.217	0.5667E-16
5.416	0.6337E-16
5.622	0.7063E-16
5.836	0.7848E-16
6.059	0.8693E-16
6.289	0.9600E-16
6.529	0.1057E-15
6.778	0.1161E-15
7.036	0.1272E-15
7.304	0.1390E-15
7.582	0.1516E-15
7.871	0.1649E-15
8.170	0.1789E-15
8.482	0.1938E-15
8.805	0.2094E-15
9.140	0.2259E-15
9.488	0.2432E-15
9.849	0.2614E-15
10.22	0.2804E-15
10.61	0.3003E-15
11.02	0.3210E-15
11.44	0.3427E-15
11.87	0.3652E-15
12.33	0.3886E-15
12.80	0.4129E-15
13.28	0.4380E-15
13.79	0.4641E-15
14.31	0.4910E-15
14.86	0.5187E-15
15.42	0.5473E-15
16.01	0.5767E-15
16.62	0.6069E-15
17.25	0.6380E-15
17.91	0.6698E-15
18.59	0.7024E-15
19.30	0.7357E-15
20.04	0.7698E-15
20.80	0.8047E-15
21.59	0.8403E-15
22.42	0.8767E-15
23.27	0.9139E-15
24.16	0.9519E-15
25.08	0.9908E-15
26.03	0.1030E-14
27.02	0.1071E-14
28.05	0.1113E-14
29.12	0.1155E-14
30.23	0.1199E-14
31.38	0.1244E-14
32.57	0.1290E-14
33.82	0.1338E-14
35.10	0.1387E-14
36.44	0.1437E-14
37.83	0.1489E-14
39.27	0.1542E-14
40.76	0.1596E-14
42.32	0.1652E-14
43.93	0.1710E-14
45.60	0.1768E-14
47.34	0.1827E-14
49.14	0.1887E-14
51.01	0.1947E-14
52.96	0.2007E-14
54.97	0.2067E-14
57.07	0.2127E-14
59.24	0.2185E-14
61.50	0.2243E-14
63.84	0.2299E-14
66.27	0.2354E-14
68.79	0.2407E-14
71.41	0.2459E-14
74.13	0.2509E-14
76.96	0.2558E-14
79.89	0.2605E-14
82.93	0.2650E-14
86.09	0.2695E-14
89.37	0.2737E-14
92.77	0.2779E-14
96.31	0.2820E-14
99.97	0.2860E-14
103.8	0.2898E-14
107.7	0.2936E-14
111.8	0.2974E-14
116.1	0.3010E-14
120.5	0.3046E-14
125.1	0.3082E-14
129.9	0.3117E-14
134.8	0.3152E-14
140.0	0.3186E-14
145.3	0.3221E-14
150.8	0.3255E-14
156.6	0.3288E-14
162.5	0.3322E-14
168.7	0.3355E-14
175.1	0.3388E-14
181.8	0.3422E-14
188.7	0.3455E-14
195.9	0.3487E-14
203.4	0.3520E-14
211.1	0.3553E-14
219.2	0.3585E-14
227.5	0.3617E-14
236.2	0.3649E-14
245.2	0.3681E-14
254.5	0.3713E-14
264.2	0.3745E-14
274.3	0.3776E-14
284.7	0.3807E-14
295.6	0.3838E-14
306.8	0.3869E-14
318.5	0.3899E-14
330.6	0.3929E-14
343.2	0.3958E-14
356.3	0.3988E-14
369.9	0.4017E-14
384.0	0.4045E-14
398.6	0.4073E-14
413.8	0.4101E-14
429.5	0.4128E-14
445.9	0.4154E-14
462.9	0.4180E-14
480.5	0.4205E-14
498.8	0.4230E-14
517.8	0.4254E-14
537.5	0.4277E-14
558.0	0.4300E-14
579.2	0.4321E-14
601.3	0.4342E-14
624.2	0.4362E-14
648.0	0.4381E-14
672.6	0.4398E-14
698.3	0.4415E-14
724.9	0.4431E-14
752.5	0.4445E-14
781.1	0.4458E-14
810.9	0.4469E-14
841.8	0.4479E-14
873.8	0.4488E-14
907.1	0.4494E-14
941.6	0.4500E-14
977.5	0.4503E-14
1015.	0.4504E-14
1053.	0.4504E-14
1094.	0.4501E-14
1135.	0.4497E-14
1178.	0.4490E-14
1223.	0.4481E-14
1270.	0.4470E-14
1318.	0.4457E-14
1368.	0.4441E-14
1421.	0.4422E-14
1475.	0.4402E-14
1531.	0.4378E-14
1589.	0.4353E-14
1650.	0.4325E-14
1712.	0.4295E-14
1778.	0.4262E-14
1845.	0.4227E-14
1916.	0.4190E-14
1989.	0.4150E-14
2064.	0.4109E-14
2143.	0.4065E-14
2225.	0.4020E-14
2309.	0.3973E-14
2397.	0.3924E-14
2489.	0.3873E-14
2583.	0.3821E-14
2682.	0.3767E-14
2784.	0.3712E-14
2890.	0.3655E-14
3000.	0.3598E-14
 
 
C5    C3H8    Excitation    6.72 eV                             
E/N (Td)	Energy loss coefficient (eV m3/s)
0.1000E-02	-0.1827-126
0.1038E-02	-0.1827-126
0.1078E-02	-0.1827-126
0.1119E-02	-0.1827-126
0.1161E-02	-0.1827-126
0.1205E-02	-0.1827-126
0.1251E-02	-0.1827-126
0.1299E-02	-0.1827-126
0.1349E-02	-0.1827-126
0.1400E-02	-0.1827-126
0.1453E-02	-0.1827-126
0.1509E-02	-0.1827-126
0.1566E-02	-0.1827-126
0.1626E-02	-0.1827-126
0.1688E-02	-0.1827-126
0.1752E-02	-0.1827-126
0.1819E-02	-0.1827-126
0.1888E-02	-0.1827-126
0.1960E-02	-0.1827-126
0.2034E-02	-0.1827-126
0.2112E-02	-0.1827-126
0.2192E-02	-0.1827-126
0.2276E-02	-0.1827-126
0.2362E-02	-0.1827-126
0.2452E-02	-0.1827-126
0.2546E-02	-0.1827-126
0.2643E-02	-0.1827-126
0.2743E-02	-0.1827-126
0.2848E-02	-0.1827-126
0.2956E-02	-0.1827-126
0.3069E-02	-0.1827-126
0.3186E-02	-0.1827-126
0.3307E-02	-0.1827-126
0.3433E-02	-0.1827-126
0.3564E-02	-0.1827-126
0.3700E-02	-0.1827-126
0.3841E-02	-0.1827-126
0.3987E-02	-0.1827-126
0.4139E-02	-0.1828-126
0.4296E-02	-0.1828-126
0.4460E-02	-0.1828-126
0.4630E-02	-0.1828-126
0.4806E-02	-0.1828-126
0.4989E-02	-0.1828-126
0.5179E-02	-0.1828-126
0.5377E-02	-0.1828-126
0.5581E-02	-0.1828-126
0.5794E-02	-0.1828-126
0.6015E-02	-0.1828-126
0.6244E-02	-0.1829-126
0.6481E-02	-0.1829-126
0.6728E-02	-0.1829-126
0.6985E-02	-0.1829-126
0.7251E-02	-0.1829-126
0.7527E-02	-0.1829-126
0.7813E-02	-0.1829-126
0.8111E-02	-0.1830-126
0.8420E-02	-0.1830-126
0.8741E-02	-0.1830-126
0.9073E-02	-0.1830-126
0.9419E-02	-0.1830-126
0.9778E-02	-0.1831-126
0.1015E-01	-0.1831-126
0.1054E-01	-0.1831-126
0.1094E-01	-0.1831-126
0.1135E-01	-0.1832-126
0.1179E-01	-0.1832-126
0.1224E-01	-0.1832-126
0.1270E-01	-0.1832-126
0.1319E-01	-0.1833-126
0.1369E-01	-0.1833-126
0.1421E-01	-0.1833-126
0.1475E-01	-0.1834-126
0.1531E-01	-0.1834-126
0.1590E-01	-0.1834-126
0.1650E-01	-0.1834-126
0.1713E-01	-0.1835-126
0.1778E-01	-0.1835-126
0.1846E-01	-0.1835-126
0.1916E-01	-0.1835-126
0.1989E-01	-0.1836-126
0.2065E-01	-0.1836-126
0.2144E-01	-0.1836-126
0.2225E-01	-0.1836-126
0.2310E-01	-0.1837-126
0.2398E-01	-0.1837-126
0.2489E-01	-0.1837-126
0.2584E-01	-0.1837-126
0.2682E-01	-0.1837-126
0.2785E-01	-0.1837-126
0.2891E-01	-0.1838-126
0.3001E-01	-0.1838-126
0.3115E-01	-0.1838-126
0.3234E-01	-0.1838-126
0.3357E-01	-0.1838-126
0.3485E-01	-0.1838-126
0.3617E-01	-0.1838-126
0.3755E-01	-0.1839-126
0.3898E-01	-0.1839-126
0.4047E-01	-0.1839-126
0.4201E-01	-0.1839-126
0.4361E-01	-0.1839-126
0.4527E-01	-0.1840-126
0.4699E-01	-0.1840-126
0.4878E-01	-0.1840-126
0.5064E-01	-0.1841-126
0.5257E-01	-0.1841-126
0.5457E-01	-0.1841-126
0.5665E-01	-0.1842-126
0.5881E-01	-0.1842-126
0.6105E-01	-0.1843-126
0.6337E-01	-0.1843-126
0.6579E-01	-0.1844-126
0.6829E-01	-0.1844-126
0.7089E-01	-0.1845-126
0.7359E-01	-0.1846-126
0.7640E-01	-0.1847-126
0.7931E-01	-0.1848-126
0.8233E-01	-0.1849-126
0.8546E-01	-0.1850-126
0.8872E-01	-0.1851-126
0.9210E-01	-0.1852-126
0.9560E-01	-0.1853-126
0.9924E-01	-0.1854-126
0.1030	-0.1856-126
0.1069	-0.1857-126
0.1110	-0.1859-126
0.1152	-0.1860-126
0.1196	-0.1862-126
0.1242	-0.1864-126
0.1289	-0.1866-126
0.1338	-0.1868-126
0.1389	-0.1870-126
0.1442	-0.1873-126
0.1497	-0.1875-126
0.1554	-0.1878-126
0.1613	-0.1881-126
0.1675	-0.1884-126
0.1739	-0.1887-126
0.1805	-0.1890-126
0.1874	-0.1894-126
0.1945	-0.1897-126
0.2019	-0.1901-126
0.2096	-0.1905-126
0.2176	-0.1910-126
0.2259	-0.1914-126
0.2345	-0.1919-126
0.2434	-0.1924-126
0.2527	-0.1929-126
0.2623	-0.1934-126
0.2723	-0.1940-126
0.2826	-0.1946-126
0.2934	-0.1952-126
0.3046	-0.1958-126
0.3162	-0.1965-126
0.3282	-0.1972-126
0.3407	-0.1979-126
0.3537	-0.1987-126
0.3672	-0.1995-126
0.3812	-0.2003-126
0.3957	-0.2012-126
0.4107	-0.2021-126
0.4264	-0.2030-126
0.4426	-0.2040-126
0.4595	-0.2050-126
0.4770	-0.2060-126
0.4952	-0.2071-126
0.5140	-0.2083-126
0.5336	-0.2094-126
0.5539	-0.2107-126
0.5750	-0.2119-126
0.5969	-0.2132-126
0.6196	-0.2146-126
0.6432	-0.2160-126
0.6677	-0.2175-126
0.6932	-0.2190-126
0.7196	-0.2206-126
0.7470	-0.2222-126
0.7754	-0.2239-126
0.8050	-0.2257-126
0.8356	-0.2275-126
0.8674	-0.2294-126
0.9005	-0.2313-126
0.9348	-0.2334-126
0.9704	-0.2354-126
1.007	-0.2376-126
1.046	-0.2398-126
1.086	-0.2422-126
1.127	-0.2446-126
1.170	-0.2470-126
1.214	-0.2496-126
1.261	-0.2522-126
1.309	-0.2550-126
1.358	-0.2578-126
1.410	-0.2607-126
1.464	-0.2637-126
1.520	-0.2668-126
1.578	-0.2700-126
1.638	-0.2732-126
1.700	-0.2766-126
1.765	-0.2801-126
1.832	-0.2837-126
1.902	-0.2874-126
1.974	-0.2912-126
2.049	-0.2952-126
2.127	-0.2992-126
2.208	-0.3034-126
2.293	-0.3076-126
2.380	-0.3120-126
2.470	-0.3164-126
2.565	-0.3210-126
2.662	-0.3257-126
2.764	-0.3305-126
2.869	-0.3354-126
2.978	-0.3404-126
3.092	-0.3456-126
3.209	-0.3509-126
3.332	-0.3563-126
3.458	-0.3618-126
3.590	-0.3674-126
3.727	-0.3731-126
3.869	-0.3790-126
4.016	-0.3850-126
4.169	-0.3911-126
4.328	-0.3974-126
4.493	-0.4038-126
4.664	-0.4103-126
4.841	-0.4171-126
5.026	-0.4240-126
5.217	-0.4311-126
5.416	-0.4384-126
5.622	-0.4459-126
5.836	-0.4536-126
6.059	-0.4615-126
6.289	-0.4697-126
6.529	-0.4782-126
6.778	-0.4870-126
7.036	-0.4961-126
7.304	-0.5055-126
7.582	-0.5153-126
7.871	-0.5256-126
8.170	-0.5362-126
8.482	-0.5474-126
8.805	-0.5591-126
9.140	-0.5713-126
9.488	-0.5841-126
9.849	-0.5977-126
10.22	-0.6119-126
10.61	-0.6269-126
11.02	-0.6428-126
11.44	-0.6596-126
11.87	-0.6774-126
12.33	-0.6962-126
12.80	-0.7162-126
13.28	-0.7375-126
13.79	-0.7601-126
14.31	-0.7841-126
14.86	-0.8096-126
15.42	-0.8366-126
16.01	-0.8654-126
16.62	0.2988E-27
17.25	0.1230E-26
17.91	0.4775E-26
18.59	0.1749E-25
19.30	0.6060E-25
20.04	0.1988E-24
20.80	0.2809E-23
21.59	0.8908E-23
22.42	0.2691E-22
23.27	0.7756E-22
24.16	0.2134E-21
25.08	0.5658E-21
26.03	0.1427E-20
27.02	0.3451E-20
28.05	0.8013E-20
29.12	0.1788E-19
30.23	0.3841E-19
31.38	0.7959E-19
32.57	0.1589E-18
33.82	0.3062E-18
35.10	0.5707E-18
36.44	0.1030E-17
37.83	0.1800E-17
39.27	0.3053E-17
40.76	0.5026E-17
42.32	0.8045E-17
43.93	0.1253E-16
45.60	0.1902E-16
47.34	0.2817E-16
49.14	0.4073E-16
51.01	0.5760E-16
52.96	0.7972E-16
54.97	0.1082E-15
57.07	0.1440E-15
59.24	0.1884E-15
61.50	0.2425E-15
63.84	0.3073E-15
66.27	0.3840E-15
68.79	0.4737E-15
71.41	0.5772E-15
74.13	0.6957E-15
76.96	0.8300E-15
79.89	0.9811E-15
82.93	0.1150E-14
86.09	0.1337E-14
89.37	0.1543E-14
92.77	0.1769E-14
96.31	0.2016E-14
99.97	0.2285E-14
103.8	0.2577E-14
107.7	0.2891E-14
111.8	0.3230E-14
116.1	0.3593E-14
120.5	0.3983E-14
125.1	0.4399E-14
129.9	0.4843E-14
134.8	0.5314E-14
140.0	0.5815E-14
145.3	0.6346E-14
150.8	0.6908E-14
156.6	0.7502E-14
162.5	0.8128E-14
168.7	0.8787E-14
175.1	0.9481E-14
181.8	0.1021E-13
188.7	0.1097E-13
195.9	0.1177E-13
203.4	0.1261E-13
211.1	0.1349E-13
219.2	0.1440E-13
227.5	0.1535E-13
236.2	0.1634E-13
245.2	0.1738E-13
254.5	0.1845E-13
264.2	0.1956E-13
274.3	0.2072E-13
284.7	0.2191E-13
295.6	0.2315E-13
306.8	0.2443E-13
318.5	0.2575E-13
330.6	0.2712E-13
343.2	0.2852E-13
356.3	0.2997E-13
369.9	0.3146E-13
384.0	0.3300E-13
398.6	0.3457E-13
413.8	0.3619E-13
429.5	0.3785E-13
445.9	0.3955E-13
462.9	0.4130E-13
480.5	0.4309E-13
498.8	0.4492E-13
517.8	0.4679E-13
537.5	0.4870E-13
558.0	0.5065E-13
579.2	0.5265E-13
601.3	0.5469E-13
624.2	0.5676E-13
648.0	0.5888E-13
672.6	0.6104E-13
698.3	0.6323E-13
724.9	0.6547E-13
752.5	0.6774E-13
781.1	0.7006E-13
810.9	0.7240E-13
841.8	0.7478E-13
873.8	0.7720E-13
907.1	0.7965E-13
941.6	0.8214E-13
977.5	0.8465E-13
1015.	0.8719E-13
1053.	0.8974E-13
1094.	0.9233E-13
1135.	0.9493E-13
1178.	0.9755E-13
1223.	0.1002E-12
1270.	0.1028E-12
1318.	0.1055E-12
1368.	0.1081E-12
1421.	0.1107E-12
1475.	0.1134E-12
1531.	0.1160E-12
1589.	0.1186E-12
1650.	0.1211E-12
1712.	0.1236E-12
1778.	0.1261E-12
1845.	0.1286E-12
1916.	0.1310E-12
1989.	0.1333E-12
2064.	0.1356E-12
2143.	0.1379E-12
2225.	0.1401E-12
2309.	0.1422E-12
2397.	0.1442E-12
2489.	0.1462E-12
2583.	0.1481E-12
2682.	0.1499E-12
2784.	0.1516E-12
2890.	0.1533E-12
3000.	0.1548E-12
 
 
C6    C3H8    Excitation    9.16 eV                             
E/N (Td)	Energy loss coefficient (eV m3/s)
0.1000E-02	-0.2772-167
0.1038E-02	-0.2774-167
0.1078E-02	-0.2774-167
0.1119E-02	-0.2774-167
0.1161E-02	-0.2774-167
0.1205E-02	-0.2774-167
0.1251E-02	-0.2774-167
0.1299E-02	-0.2774-167
0.1349E-02	-0.2774-167
0.1400E-02	-0.2774-167
0.1453E-02	-0.2774-167
0.1509E-02	-0.2774-167
0.1566E-02	-0.2774-167
0.1626E-02	-0.2774-167
0.1688E-02	-0.2774-167
0.1752E-02	-0.2774-167
0.1819E-02	-0.2774-167
0.1888E-02	-0.2774-167
0.1960E-02	-0.2774-167
0.2034E-02	-0.2774-167
0.2112E-02	-0.2774-167
0.2192E-02	-0.2774-167
0.2276E-02	-0.2774-167
0.2362E-02	-0.2774-167
0.2452E-02	-0.2774-167
0.2546E-02	-0.2774-167
0.2643E-02	-0.2775-167
0.2743E-02	-0.2775-167
0.2848E-02	-0.2775-167
0.2956E-02	-0.2775-167
0.3069E-02	-0.2775-167
0.3186E-02	-0.2775-167
0.3307E-02	-0.2775-167
0.3433E-02	-0.2775-167
0.3564E-02	-0.2775-167
0.3700E-02	-0.2775-167
0.3841E-02	-0.2775-167
0.3987E-02	-0.2775-167
0.4139E-02	-0.2775-167
0.4296E-02	-0.2775-167
0.4460E-02	-0.2776-167
0.4630E-02	-0.2776-167
0.4806E-02	-0.2776-167
0.4989E-02	-0.2776-167
0.5179E-02	-0.2776-167
0.5377E-02	-0.2776-167
0.5581E-02	-0.2776-167
0.5794E-02	-0.2776-167
0.6015E-02	-0.2777-167
0.6244E-02	-0.2777-167
0.6481E-02	-0.2777-167
0.6728E-02	-0.2777-167
0.6985E-02	-0.2777-167
0.7251E-02	-0.2778-167
0.7527E-02	-0.2778-167
0.7813E-02	-0.2778-167
0.8111E-02	-0.2778-167
0.8420E-02	-0.2779-167
0.8741E-02	-0.2779-167
0.9073E-02	-0.2779-167
0.9419E-02	-0.2780-167
0.9778E-02	-0.2780-167
0.1015E-01	-0.2780-167
0.1054E-01	-0.2781-167
0.1094E-01	-0.2781-167
0.1135E-01	-0.2782-167
0.1179E-01	-0.2782-167
0.1224E-01	-0.2782-167
0.1270E-01	-0.2783-167
0.1319E-01	-0.2783-167
0.1369E-01	-0.2784-167
0.1421E-01	-0.2784-167
0.1475E-01	-0.2784-167
0.1531E-01	-0.2785-167
0.1590E-01	-0.2785-167
0.1650E-01	-0.2786-167
0.1713E-01	-0.2786-167
0.1778E-01	-0.2787-167
0.1846E-01	-0.2787-167
0.1916E-01	-0.2787-167
0.1989E-01	-0.2788-167
0.2065E-01	-0.2788-167
0.2144E-01	-0.2788-167
0.2225E-01	-0.2789-167
0.2310E-01	-0.2789-167
0.2398E-01	-0.2789-167
0.2489E-01	-0.2790-167
0.2584E-01	-0.2790-167
0.2682E-01	-0.2790-167
0.2785E-01	-0.2790-167
0.2891E-01	-0.2791-167
0.3001E-01	-0.2791-167
0.3115E-01	-0.2791-167
0.3234E-01	-0.2791-167
0.3357E-01	-0.2791-167
0.3485E-01	-0.2792-167
0.3617E-01	-0.2792-167
0.3755E-01	-0.2792-167
0.3898E-01	-0.2792-167
0.4047E-01	-0.2793-167
0.4201E-01	-0.2793-167
0.4361E-01	-0.2793-167
0.4527E-01	-0.2794-167
0.4699E-01	-0.2794-167
0.4878E-01	-0.2794-167
0.5064E-01	-0.2795-167
0.5257E-01	-0.2795-167
0.5457E-01	-0.2796-167
0.5665E-01	-0.2796-167
0.5881E-01	-0.2797-167
0.6105E-01	-0.2798-167
0.6337E-01	-0.2799-167
0.6579E-01	-0.2800-167
0.6829E-01	-0.2801-167
0.7089E-01	-0.2802-167
0.7359E-01	-0.2803-167
0.7640E-01	-0.2804-167
0.7931E-01	-0.2805-167
0.8233E-01	-0.2807-167
0.8546E-01	-0.2808-167
0.8872E-01	-0.2810-167
0.9210E-01	-0.2811-167
0.9560E-01	-0.2812-167
0.9924E-01	-0.2814-167
0.1030	-0.2817-167
0.1069	-0.2819-167
0.1110	-0.2821-167
0.1152	-0.2824-167
0.1196	-0.2826-167
0.1242	-0.2829-167
0.1289	-0.2832-167
0.1338	-0.2836-167
0.1389	-0.2839-167
0.1442	-0.2843-167
0.1497	-0.2846-167
0.1554	-0.2850-167
0.1613	-0.2855-167
0.1675	-0.2859-167
0.1739	-0.2864-167
0.1805	-0.2869-167
0.1874	-0.2874-167
0.1945	-0.2880-167
0.2019	-0.2885-167
0.2096	-0.2891-167
0.2176	-0.2898-167
0.2259	-0.2904-167
0.2345	-0.2911-167
0.2434	-0.2919-167
0.2527	-0.2926-167
0.2623	-0.2934-167
0.2723	-0.2943-167
0.2826	-0.2951-167
0.2934	-0.2961-167
0.3046	-0.2970-167
0.3162	-0.2980-167
0.3282	-0.2991-167
0.3407	-0.3002-167
0.3537	-0.3013-167
0.3672	-0.3025-167
0.3812	-0.3037-167
0.3957	-0.3049-167
0.4107	-0.3063-167
0.4264	-0.3077-167
0.4426	-0.3091-167
0.4595	-0.3106-167
0.4770	-0.3122-167
0.4952	-0.3138-167
0.5140	-0.3155-167
0.5336	-0.3173-167
0.5539	-0.3191-167
0.5750	-0.3210-167
0.5969	-0.3229-167
0.6196	-0.3249-167
0.6432	-0.3270-167
0.6677	-0.3292-167
0.6932	-0.3314-167
0.7196	-0.3338-167
0.7470	-0.3362-167
0.7754	-0.3386-167
0.8050	-0.3412-167
0.8356	-0.3439-167
0.8674	-0.3466-167
0.9005	-0.3494-167
0.9348	-0.3523-167
0.9704	-0.3553-167
1.007	-0.3584-167
1.046	-0.3616-167
1.086	-0.3649-167
1.127	-0.3683-167
1.170	-0.3717-167
1.214	-0.3753-167
1.261	-0.3789-167
1.309	-0.3827-167
1.358	-0.3866-167
1.410	-0.3905-167
1.464	-0.3946-167
1.520	-0.3987-167
1.578	-0.4029-167
1.638	-0.4072-167
1.700	-0.4116-167
1.765	-0.4161-167
1.832	-0.4207-167
1.902	-0.4254-167
1.974	-0.4301-167
2.049	-0.4350-167
2.127	-0.4398-167
2.208	-0.4449-167
2.293	-0.4499-167
2.380	-0.4550-167
2.470	-0.4601-167
2.565	-0.4653-167
2.662	-0.4705-167
2.764	-0.4758-167
2.869	-0.4811-167
2.978	-0.4864-167
3.092	-0.4918-167
3.209	-0.4972-167
3.332	-0.5026-167
3.458	-0.5081-167
3.590	-0.5136-167
3.727	-0.5191-167
3.869	-0.5246-167
4.016	-0.5301-167
4.169	-0.5357-167
4.328	-0.5412-167
4.493	-0.5468-167
4.664	-0.5524-167
4.841	-0.5581-167
5.026	-0.5638-167
5.217	-0.5696-167
5.416	-0.5754-167
5.622	-0.5813-167
5.836	-0.5873-167
6.059	-0.5934-167
6.289	-0.5995-167
6.529	-0.6057-167
6.778	-0.6121-167
7.036	-0.6187-167
7.304	-0.6254-167
7.582	-0.6323-167
7.871	-0.6394-167
8.170	-0.6468-167
8.482	-0.6544-167
8.805	-0.6623-167
9.140	-0.6705-167
9.488	-0.6791-167
9.849	-0.6881-167
10.22	-0.6975-167
10.61	-0.7075-167
11.02	-0.7182-167
11.44	-0.7294-167
11.87	-0.7415-167
12.33	-0.7545-167
12.80	-0.7684-167
13.28	-0.7834-167
13.79	-0.7998-167
14.31	-0.8175-167
14.86	-0.8368-167
15.42	-0.8579-167
16.01	-0.8810-167
16.62	-0.9063-167
17.25	-0.9339-167
17.91	-0.9641-167
18.59	-0.9970-167
19.30	-0.1033-166
20.04	-0.1072-166
20.80	-0.1115-166
21.59	-0.1161-166
22.42	-0.1211-166
23.27	-0.1264-166
24.16	-0.1322-166
25.08	0.2201E-26
26.03	0.9071E-26
27.02	0.3503E-25
28.05	0.1270E-24
29.12	0.4334E-24
30.23	0.1394E-23
31.38	0.5238E-23
32.57	0.1539E-22
33.82	0.4295E-22
35.10	0.1140E-21
36.44	0.2885E-21
37.83	0.6968E-21
39.27	0.1616E-20
40.76	0.3576E-20
42.32	0.7598E-20
43.93	0.1552E-19
45.60	0.3053E-19
47.34	0.5796E-19
49.14	0.1063E-18
51.01	0.1890E-18
52.96	0.3255E-18
54.97	0.5445E-18
57.07	0.8862E-18
59.24	0.1406E-17
61.50	0.2176E-17
63.84	0.3296E-17
66.27	0.4884E-17
68.79	0.7096E-17
71.41	0.1012E-16
74.13	0.1419E-16
76.96	0.1958E-16
79.89	0.2662E-16
82.93	0.3569E-16
86.09	0.4725E-16
89.37	0.6179E-16
92.77	0.7991E-16
96.31	0.1023E-15
99.97	0.1296E-15
103.8	0.1627E-15
107.7	0.2026E-15
111.8	0.2502E-15
116.1	0.3067E-15
120.5	0.3734E-15
125.1	0.4514E-15
129.9	0.5424E-15
134.8	0.6480E-15
140.0	0.7697E-15
145.3	0.9096E-15
150.8	0.1069E-14
156.6	0.1252E-14
162.5	0.1458E-14
168.7	0.1692E-14
175.1	0.1955E-14
181.8	0.2251E-14
188.7	0.2581E-14
195.9	0.2951E-14
203.4	0.3362E-14
211.1	0.3818E-14
219.2	0.4324E-14
227.5	0.4882E-14
236.2	0.5497E-14
245.2	0.6174E-14
254.5	0.6916E-14
264.2	0.7730E-14
274.3	0.8619E-14
284.7	0.9588E-14
295.6	0.1064E-13
306.8	0.1179E-13
318.5	0.1304E-13
330.6	0.1439E-13
343.2	0.1585E-13
356.3	0.1743E-13
369.9	0.1913E-13
384.0	0.2097E-13
398.6	0.2294E-13
413.8	0.2507E-13
429.5	0.2735E-13
445.9	0.2979E-13
462.9	0.3241E-13
480.5	0.3521E-13
498.8	0.3820E-13
517.8	0.4140E-13
537.5	0.4481E-13
558.0	0.4845E-13
579.2	0.5232E-13
601.3	0.5645E-13
624.2	0.6086E-13
648.0	0.6553E-13
672.6	0.7049E-13
698.3	0.7576E-13
724.9	0.8135E-13
752.5	0.8727E-13
781.1	0.9356E-13
810.9	0.1002E-12
841.8	0.1072E-12
873.8	0.1147E-12
907.1	0.1226E-12
941.6	0.1309E-12
977.5	0.1396E-12
1015.	0.1488E-12
1053.	0.1585E-12
1094.	0.1687E-12
1135.	0.1794E-12
1178.	0.1907E-12
1223.	0.2024E-12
1270.	0.2146E-12
1318.	0.2274E-12
1368.	0.2407E-12
1421.	0.2546E-12
1475.	0.2689E-12
1531.	0.2837E-12
1589.	0.2990E-12
1650.	0.3148E-12
1712.	0.3310E-12
1778.	0.3477E-12
1845.	0.3647E-12
1916.	0.3820E-12
1989.	0.3997E-12
2064.	0.4177E-12
2143.	0.4360E-12
2225.	0.4544E-12
2309.	0.4731E-12
2397.	0.4919E-12
2489.	0.5108E-12
2583.	0.5298E-12
2682.	0.5488E-12
2784.	0.5678E-12
2890.	0.5868E-12
3000.	0.6057E-12
 
 
C7    C3H8    Ionization    11.60 eV                            
E/N (Td)	Energy loss coefficient (eV m3/s)
0.1000E-02	0.000
0.1038E-02	0.000
0.1078E-02	0.000
0.1119E-02	0.000
0.1161E-02	0.000
0.1205E-02	0.000
0.1251E-02	0.000
0.1299E-02	0.000
0.1349E-02	0.000
0.1400E-02	0.000
0.1453E-02	0.000
0.1509E-02	0.000
0.1566E-02	0.000
0.1626E-02	0.000
0.1688E-02	0.000
0.1752E-02	0.000
0.1819E-02	0.000
0.1888E-02	0.000
0.1960E-02	0.000
0.2034E-02	0.000
0.2112E-02	0.000
0.2192E-02	0.000
0.2276E-02	0.000
0.2362E-02	0.000
0.2452E-02	0.000
0.2546E-02	0.000
0.2643E-02	0.000
0.2743E-02	0.000
0.2848E-02	0.000
0.2956E-02	0.000
0.3069E-02	0.000
0.3186E-02	0.000
0.3307E-02	0.000
0.3433E-02	0.000
0.3564E-02	0.000
0.3700E-02	0.000
0.3841E-02	0.000
0.3987E-02	0.000
0.4139E-02	0.000
0.4296E-02	0.000
0.4460E-02	0.000
0.4630E-02	0.000
0.4806E-02	0.000
0.4989E-02	0.000
0.5179E-02	0.000
0.5377E-02	0.000
0.5581E-02	0.000
0.5794E-02	0.000
0.6015E-02	0.000
0.6244E-02	0.000
0.6481E-02	0.000
0.6728E-02	0.000
0.6985E-02	0.000
0.7251E-02	0.000
0.7527E-02	0.000
0.7813E-02	0.000
0.8111E-02	0.000
0.8420E-02	0.000
0.8741E-02	0.000
0.9073E-02	0.000
0.9419E-02	0.000
0.9778E-02	0.000
0.1015E-01	0.000
0.1054E-01	0.000
0.1094E-01	0.000
0.1135E-01	0.000
0.1179E-01	0.000
0.1224E-01	0.000
0.1270E-01	0.000
0.1319E-01	0.000
0.1369E-01	0.000
0.1421E-01	0.000
0.1475E-01	0.000
0.1531E-01	0.000
0.1590E-01	0.000
0.1650E-01	0.000
0.1713E-01	0.000
0.1778E-01	0.000
0.1846E-01	0.000
0.1916E-01	0.000
0.1989E-01	0.000
0.2065E-01	0.000
0.2144E-01	0.000
0.2225E-01	0.000
0.2310E-01	0.000
0.2398E-01	0.000
0.2489E-01	0.000
0.2584E-01	0.000
0.2682E-01	0.000
0.2785E-01	0.000
0.2891E-01	0.000
0.3001E-01	0.000
0.3115E-01	0.000
0.3234E-01	0.000
0.3357E-01	0.000
0.3485E-01	0.000
0.3617E-01	0.000
0.3755E-01	0.000
0.3898E-01	0.000
0.4047E-01	0.000
0.4201E-01	0.000
0.4361E-01	0.000
0.4527E-01	0.000
0.4699E-01	0.000
0.4878E-01	0.000
0.5064E-01	0.000
0.5257E-01	0.000
0.5457E-01	0.000
0.5665E-01	0.000
0.5881E-01	0.000
0.6105E-01	0.000
0.6337E-01	0.000
0.6579E-01	0.000
0.6829E-01	0.000
0.7089E-01	0.000
0.7359E-01	0.000
0.7640E-01	0.000
0.7931E-01	0.000
0.8233E-01	0.000
0.8546E-01	0.000
0.8872E-01	0.000
0.9210E-01	0.000
0.9560E-01	0.000
0.9924E-01	0.000
0.1030	0.000
0.1069	0.000
0.1110	0.000
0.1152	0.000
0.1196	0.000
0.1242	0.000
0.1289	0.000
0.1338	0.000
0.1389	0.000
0.1442	0.000
0.1497	0.000
0.1554	0.000
0.1613	0.000
0.1675	0.000
0.1739	0.000
0.1805	0.000
0.1874	0.000
0.1945	0.000
0.2019	0.000
0.2096	0.000
0.2176	0.000
0.2259	0.000
0.2345	0.000
0.2434	0.000
0.2527	0.000
0.2623	0.000
0.2723	0.000
0.2826	0.000
0.2934	0.000
0.3046	0.000
0.3162	0.000
0.3282	0.000
0.3407	0.000
0.3537	0.000
0.3672	0.000
0.3812	0.000
0.3957	0.000
0.4107	0.000
0.4264	0.000
0.4426	0.000
0.4595	0.000
0.4770	0.000
0.4952	0.000
0.5140	0.000
0.5336	0.000
0.5539	0.000
0.5750	0.000
0.5969	0.000
0.6196	0.000
0.6432	0.000
0.6677	0.000
0.6932	0.000
0.7196	0.000
0.7470	0.000
0.7754	0.000
0.8050	0.000
0.8356	0.000
0.8674	0.000
0.9005	0.000
0.9348	0.000
0.9704	0.000
1.007	0.000
1.046	0.000
1.086	0.000
1.127	0.000
1.170	0.000
1.214	0.000
1.261	0.000
1.309	0.000
1.358	0.000
1.410	0.000
1.464	0.000
1.520	0.000
1.578	0.000
1.638	0.000
1.700	0.000
1.765	0.000
1.832	0.000
1.902	0.000
1.974	0.000
2.049	0.000
2.127	0.000
2.208	0.000
2.293	0.000
2.380	0.000
2.470	0.000
2.565	0.000
2.662	0.000
2.764	0.000
2.869	0.000
2.978	0.000
3.092	0.000
3.209	0.000
3.332	0.000
3.458	0.000
3.590	0.000
3.727	0.000
3.869	0.000
4.016	0.000
4.169	0.000
4.328	0.000
4.493	0.000
4.664	0.000
4.841	0.000
5.026	0.000
5.217	0.000
5.416	0.000
5.622	0.000
5.836	0.000
6.059	0.000
6.289	0.000
6.529	0.000
6.778	0.000
7.036	0.000
7.304	0.000
7.582	0.000
7.871	0.000
8.170	0.000
8.482	0.000
8.805	0.000
9.140	0.000
9.488	0.000
9.849	0.000
10.22	0.000
10.61	0.000
11.02	0.000
11.44	0.000
11.87	0.000
12.33	0.000
12.80	0.000
13.28	0.000
13.79	0.000
14.31	0.000
14.86	0.000
15.42	0.000
16.01	0.000
16.62	0.000
17.25	0.000
17.91	0.000
18.59	0.000
19.30	0.000
20.04	0.000
20.80	0.000
21.59	0.000
22.42	0.000
23.27	0.000
24.16	0.000
25.08	0.000
26.03	0.000
27.02	0.000
28.05	0.000
29.12	0.000
30.23	0.000
31.38	0.9724E-32
32.57	0.4047E-31
33.82	0.1571E-30
35.10	0.5704E-30
36.44	0.1941E-29
37.83	0.6206E-29
39.27	0.5107E-24
40.76	0.1560E-23
42.32	0.4508E-23
43.93	0.1236E-22
45.60	0.3221E-22
47.34	0.7997E-22
49.14	0.1896E-21
51.01	0.4342E-21
52.96	0.9458E-21
54.97	0.1980E-20
57.07	0.3993E-20
59.24	0.7775E-20
61.50	0.1464E-19
63.84	0.2677E-19
66.27	0.4743E-19
68.79	0.8176E-19
71.41	0.1373E-18
74.13	0.2251E-18
76.96	0.3607E-18
79.89	0.5659E-18
82.93	0.8702E-18
86.09	0.1314E-17
89.37	0.1949E-17
92.77	0.2844E-17
96.31	0.4086E-17
99.97	0.5787E-17
103.8	0.8085E-17
107.7	0.1115E-16
111.8	0.1521E-16
116.1	0.2050E-16
120.5	0.2734E-16
125.1	0.3609E-16
129.9	0.4721E-16
134.8	0.6120E-16
140.0	0.7869E-16
145.3	0.1004E-15
150.8	0.1270E-15
156.6	0.1597E-15
162.5	0.1993E-15
168.7	0.2473E-15
175.1	0.3049E-15
181.8	0.3738E-15
188.7	0.4557E-15
195.9	0.5528E-15
203.4	0.6673E-15
211.1	0.8017E-15
219.2	0.9590E-15
227.5	0.1142E-14
236.2	0.1355E-14
245.2	0.1601E-14
254.5	0.1885E-14
264.2	0.2212E-14
274.3	0.2587E-14
284.7	0.3016E-14
295.6	0.3506E-14
306.8	0.4063E-14
318.5	0.4695E-14
330.6	0.5412E-14
343.2	0.6222E-14
356.3	0.7135E-14
369.9	0.8164E-14
384.0	0.9320E-14
398.6	0.1062E-13
413.8	0.1207E-13
429.5	0.1369E-13
445.9	0.1550E-13
462.9	0.1752E-13
480.5	0.1976E-13
498.8	0.2226E-13
517.8	0.2502E-13
537.5	0.2809E-13
558.0	0.3147E-13
579.2	0.3522E-13
601.3	0.3935E-13
624.2	0.4393E-13
648.0	0.4895E-13
672.6	0.5446E-13
698.3	0.6053E-13
724.9	0.6717E-13
752.5	0.7446E-13
781.1	0.8244E-13
810.9	0.9116E-13
841.8	0.1007E-12
873.8	0.1111E-12
907.1	0.1224E-12
941.6	0.1348E-12
977.5	0.1482E-12
1015.	0.1627E-12
1053.	0.1785E-12
1094.	0.1956E-12
1135.	0.2142E-12
1178.	0.2341E-12
1223.	0.2556E-12
1270.	0.2786E-12
1318.	0.3034E-12
1368.	0.3300E-12
1421.	0.3585E-12
1475.	0.3888E-12
1531.	0.4210E-12
1589.	0.4552E-12
1650.	0.4915E-12
1712.	0.5298E-12
1778.	0.5704E-12
1845.	0.6129E-12
1916.	0.6576E-12
1989.	0.7044E-12
2064.	0.7535E-12
2143.	0.8045E-12
2225.	0.8577E-12
2309.	0.9130E-12
2397.	0.9704E-12
2489.	0.1030E-11
2583.	0.1091E-11
2682.	0.1155E-11
2784.	0.1220E-11
2890.	0.1288E-11
3000.	0.1357E-11
 
 
C3H8                                                            
E/N (Td)	Inelastic energy loss coefficient (eV m3/s)
0.1000E-02	0.1700E-22
0.1038E-02	0.1731E-22
0.1078E-02	0.1866E-22
0.1119E-02	0.2011E-22
0.1161E-02	0.2167E-22
0.1205E-02	0.2336E-22
0.1251E-02	0.2517E-22
0.1299E-02	0.2713E-22
0.1349E-02	0.2924E-22
0.1400E-02	0.3152E-22
0.1453E-02	0.3397E-22
0.1509E-02	0.3661E-22
0.1566E-02	0.3945E-22
0.1626E-02	0.4252E-22
0.1688E-02	0.4582E-22
0.1752E-02	0.4938E-22
0.1819E-02	0.5322E-22
0.1888E-02	0.5736E-22
0.1960E-02	0.6182E-22
0.2034E-02	0.6662E-22
0.2112E-02	0.7180E-22
0.2192E-02	0.7738E-22
0.2276E-02	0.8340E-22
0.2362E-02	0.8988E-22
0.2452E-02	0.9687E-22
0.2546E-02	0.1044E-21
0.2643E-02	0.1125E-21
0.2743E-02	0.1213E-21
0.2848E-02	0.1307E-21
0.2956E-02	0.1409E-21
0.3069E-02	0.1518E-21
0.3186E-02	0.1636E-21
0.3307E-02	0.1763E-21
0.3433E-02	0.1901E-21
0.3564E-02	0.2049E-21
0.3700E-02	0.2208E-21
0.3841E-02	0.2380E-21
0.3987E-02	0.2565E-21
0.4139E-02	0.2765E-21
0.4296E-02	0.2980E-21
0.4460E-02	0.3212E-21
0.4630E-02	0.3462E-21
0.4806E-02	0.3732E-21
0.4989E-02	0.4023E-21
0.5179E-02	0.4337E-21
0.5377E-02	0.4675E-21
0.5581E-02	0.5040E-21
0.5794E-02	0.5433E-21
0.6015E-02	0.5857E-21
0.6244E-02	0.6314E-21
0.6481E-02	0.6808E-21
0.6728E-02	0.7340E-21
0.6985E-02	0.7913E-21
0.7251E-02	0.8532E-21
0.7527E-02	0.9200E-21
0.7813E-02	0.9920E-21
0.8111E-02	0.1070E-20
0.8420E-02	0.1153E-20
0.8741E-02	0.1244E-20
0.9073E-02	0.1341E-20
0.9419E-02	0.1447E-20
0.9778E-02	0.1560E-20
0.1015E-01	0.1683E-20
0.1054E-01	0.1815E-20
0.1094E-01	0.1957E-20
0.1135E-01	0.2111E-20
0.1179E-01	0.2277E-20
0.1224E-01	0.2457E-20
0.1270E-01	0.2650E-20
0.1319E-01	0.2859E-20
0.1369E-01	0.3084E-20
0.1421E-01	0.3327E-20
0.1475E-01	0.3589E-20
0.1531E-01	0.3871E-20
0.1590E-01	0.4177E-20
0.1650E-01	0.4506E-20
0.1713E-01	0.4861E-20
0.1778E-01	0.5243E-20
0.1846E-01	0.5656E-20
0.1916E-01	0.6102E-20
0.1989E-01	0.6582E-20
0.2065E-01	0.7100E-20
0.2144E-01	0.7658E-20
0.2225E-01	0.8260E-20
0.2310E-01	0.8909E-20
0.2398E-01	0.9609E-20
0.2489E-01	0.1036E-19
0.2584E-01	0.1118E-19
0.2682E-01	0.1205E-19
0.2785E-01	0.1300E-19
0.2891E-01	0.1401E-19
0.3001E-01	0.1511E-19
0.3115E-01	0.1629E-19
0.3234E-01	0.1756E-19
0.3357E-01	0.1894E-19
0.3485E-01	0.2041E-19
0.3617E-01	0.2201E-19
0.3755E-01	0.2372E-19
0.3898E-01	0.2557E-19
0.4047E-01	0.2756E-19
0.4201E-01	0.2971E-19
0.4361E-01	0.3202E-19
0.4527E-01	0.3452E-19
0.4699E-01	0.3720E-19
0.4878E-01	0.4010E-19
0.5064E-01	0.4322E-19
0.5257E-01	0.4658E-19
0.5457E-01	0.5021E-19
0.5665E-01	0.5411E-19
0.5881E-01	0.5833E-19
0.6105E-01	0.6287E-19
0.6337E-01	0.6776E-19
0.6579E-01	0.7304E-19
0.6829E-01	0.7873E-19
0.7089E-01	0.8486E-19
0.7359E-01	0.9147E-19
0.7640E-01	0.9860E-19
0.7931E-01	0.1063E-18
0.8233E-01	0.1146E-18
0.8546E-01	0.1235E-18
0.8872E-01	0.1332E-18
0.9210E-01	0.1436E-18
0.9560E-01	0.1548E-18
0.9924E-01	0.1669E-18
0.1030	0.1800E-18
0.1069	0.1940E-18
0.1110	0.2092E-18
0.1152	0.2256E-18
0.1196	0.2433E-18
0.1242	0.2624E-18
0.1289	0.2830E-18
0.1338	0.3053E-18
0.1389	0.3293E-18
0.1442	0.3552E-18
0.1497	0.3831E-18
0.1554	0.4133E-18
0.1613	0.4459E-18
0.1675	0.4810E-18
0.1739	0.5190E-18
0.1805	0.5600E-18
0.1874	0.6043E-18
0.1945	0.6521E-18
0.2019	0.7037E-18
0.2096	0.7595E-18
0.2176	0.8197E-18
0.2259	0.8847E-18
0.2345	0.9550E-18
0.2434	0.1031E-17
0.2527	0.1113E-17
0.2623	0.1201E-17
0.2723	0.1297E-17
0.2826	0.1400E-17
0.2934	0.1512E-17
0.3046	0.1632E-17
0.3162	0.1762E-17
0.3282	0.1903E-17
0.3407	0.2054E-17
0.3537	0.2218E-17
0.3672	0.2395E-17
0.3812	0.2586E-17
0.3957	0.2792E-17
0.4107	0.3015E-17
0.4264	0.3255E-17
0.4426	0.3514E-17
0.4595	0.3794E-17
0.4770	0.4096E-17
0.4952	0.4421E-17
0.5140	0.4772E-17
0.5336	0.5150E-17
0.5539	0.5557E-17
0.5750	0.5996E-17
0.5969	0.6468E-17
0.6196	0.6977E-17
0.6432	0.7524E-17
0.6677	0.8113E-17
0.6932	0.8746E-17
0.7196	0.9426E-17
0.7470	0.1016E-16
0.7754	0.1094E-16
0.8050	0.1178E-16
0.8356	0.1269E-16
0.8674	0.1365E-16
0.9005	0.1469E-16
0.9348	0.1580E-16
0.9704	0.1699E-16
1.007	0.1826E-16
1.046	0.1961E-16
1.086	0.2106E-16
1.127	0.2260E-16
1.170	0.2425E-16
1.214	0.2600E-16
1.261	0.2786E-16
1.309	0.2984E-16
1.358	0.3194E-16
1.410	0.3417E-16
1.464	0.3653E-16
1.520	0.3902E-16
1.578	0.4167E-16
1.638	0.4446E-16
1.700	0.4740E-16
1.765	0.5050E-16
1.832	0.5377E-16
1.902	0.5721E-16
1.974	0.6082E-16
2.049	0.6461E-16
2.127	0.6858E-16
2.208	0.7278E-16
2.293	0.7714E-16
2.380	0.8169E-16
2.470	0.8646E-16
2.565	0.9143E-16
2.662	0.9662E-16
2.764	0.1020E-15
2.869	0.1077E-15
2.978	0.1135E-15
3.092	0.1197E-15
3.209	0.1261E-15
3.332	0.1327E-15
3.458	0.1397E-15
3.590	0.1469E-15
3.727	0.1544E-15
3.869	0.1622E-15
4.016	0.1704E-15
4.169	0.1789E-15
4.328	0.1877E-15
4.493	0.1970E-15
4.664	0.2066E-15
4.841	0.2166E-15
5.026	0.2271E-15
5.217	0.2380E-15
5.416	0.2494E-15
5.622	0.2612E-15
5.836	0.2735E-15
6.059	0.2864E-15
6.289	0.2997E-15
6.529	0.3136E-15
6.778	0.3281E-15
7.036	0.3432E-15
7.304	0.3589E-15
7.582	0.3753E-15
7.871	0.3923E-15
8.170	0.4099E-15
8.482	0.4282E-15
8.805	0.4473E-15
9.140	0.4670E-15
9.488	0.4875E-15
9.849	0.5087E-15
10.22	0.5307E-15
10.61	0.5535E-15
11.02	0.5770E-15
11.44	0.6013E-15
11.87	0.6265E-15
12.33	0.6524E-15
12.80	0.6792E-15
13.28	0.7068E-15
13.79	0.7352E-15
14.31	0.7644E-15
14.86	0.7945E-15
15.42	0.8255E-15
16.01	0.8572E-15
16.62	0.8899E-15
17.25	0.9233E-15
17.91	0.9577E-15
18.59	0.9929E-15
19.30	0.1029E-14
20.04	0.1066E-14
20.80	0.1104E-14
21.59	0.1143E-14
22.42	0.1183E-14
23.27	0.1225E-14
24.16	0.1267E-14
25.08	0.1310E-14
26.03	0.1355E-14
27.02	0.1402E-14
28.05	0.1449E-14
29.12	0.1499E-14
30.23	0.1550E-14
31.38	0.1603E-14
32.57	0.1658E-14
33.82	0.1716E-14
35.10	0.1775E-14
36.44	0.1838E-14
37.83	0.1903E-14
39.27	0.1971E-14
40.76	0.2043E-14
42.32	0.2118E-14
43.93	0.2198E-14
45.60	0.2282E-14
47.34	0.2373E-14
49.14	0.2469E-14
51.01	0.2572E-14
52.96	0.2683E-14
54.97	0.2803E-14
57.07	0.2932E-14
59.24	0.3072E-14
61.50	0.3224E-14
63.84	0.3389E-14
66.27	0.3568E-14
68.79	0.3762E-14
71.41	0.3972E-14
74.13	0.4199E-14
76.96	0.4445E-14
79.89	0.4710E-14
82.93	0.4997E-14
86.09	0.5305E-14
89.37	0.5637E-14
92.77	0.5994E-14
96.31	0.6378E-14
99.97	0.6789E-14
103.8	0.7231E-14
107.7	0.7704E-14
111.8	0.8211E-14
116.1	0.8754E-14
120.5	0.9336E-14
125.1	0.9958E-14
129.9	0.1062E-13
134.8	0.1133E-13
140.0	0.1210E-13
145.3	0.1291E-13
150.8	0.1378E-13
156.6	0.1471E-13
162.5	0.1570E-13
168.7	0.1677E-13
175.1	0.1790E-13
181.8	0.1912E-13
188.7	0.2041E-13
195.9	0.2180E-13
203.4	0.2328E-13
211.1	0.2487E-13
219.2	0.2656E-13
227.5	0.2837E-13
236.2	0.3031E-13
245.2	0.3237E-13
254.5	0.3458E-13
264.2	0.3695E-13
274.3	0.3947E-13
284.7	0.4217E-13
295.6	0.4506E-13
306.8	0.4814E-13
318.5	0.5144E-13
330.6	0.5497E-13
343.2	0.5874E-13
356.3	0.6277E-13
369.9	0.6708E-13
384.0	0.7169E-13
398.6	0.7662E-13
413.8	0.8189E-13
429.5	0.8752E-13
445.9	0.9355E-13
462.9	0.1000E-12
480.5	0.1069E-12
498.8	0.1143E-12
517.8	0.1222E-12
537.5	0.1306E-12
558.0	0.1396E-12
579.2	0.1493E-12
601.3	0.1596E-12
624.2	0.1707E-12
648.0	0.1826E-12
672.6	0.1952E-12
698.3	0.2088E-12
724.9	0.2233E-12
752.5	0.2388E-12
781.1	0.2554E-12
810.9	0.2731E-12
841.8	0.2921E-12
873.8	0.3123E-12
907.1	0.3340E-12
941.6	0.3571E-12
977.5	0.3817E-12
1015.	0.4080E-12
1053.	0.4361E-12
1094.	0.4659E-12
1135.	0.4977E-12
1178.	0.5314E-12
1223.	0.5672E-12
1270.	0.6051E-12
1318.	0.6452E-12
1368.	0.6877E-12
1421.	0.7327E-12
1475.	0.7798E-12
1531.	0.8294E-12
1589.	0.8814E-12
1650.	0.9359E-12
1712.	0.9929E-12
1778.	0.1052E-11
1845.	0.1114E-11
1916.	0.1179E-11
1989.	0.1245E-11
2064.	0.1315E-11
2143.	0.1386E-11
2225.	0.1460E-11
2309.	0.1536E-11
2397.	0.1614E-11
2489.	0.1694E-11
2583.	0.1776E-11
2682.	0.1860E-11
2784.	0.1946E-11
2890.	0.2034E-11
3000.	0.2124E-11
 
 
