BOLSIG+ version: 03/2016
Collision input data:
--------------------------------------------------
Cl2                                                             
collisions.txt
 
 
 
Angular frequency / N (m3/s)               0.000    
Cosine of E-B field angle                  0.000    
Gas temperature (K)                        300.0    
Excitation temperature (K)                 300.0    
Transition energy (eV)                     0.000    
Ionization degree                          0.000    
Plasma density (1/m3)                     0.1000E+19
Ion charge parameter                       1.000    
Ion/neutral mass ratio                     1.000    
e-e momentum effects                       1.000    
Energy sharing                             1.000    
Growth model                               1.000    
Maxwellian mean energy (eV)                0.000    
# of grid points                           200.0    
Precision                                 0.1000E-09
Convergence                               0.1000E-03
Maximum # of iterations                    5000.    
Mole fraction Cl2                          1.000    
 
 
E/N (Td)    	Electric field / N (Td)                                         
10.22	10.22
10.61	10.61
11.02	11.02
11.44	11.44
11.87	11.87
12.33	12.33
12.80	12.80
13.28	13.28
13.79	13.79
14.31	14.31
14.86	14.86
15.42	15.42
16.01	16.01
16.62	16.62
17.25	17.25
17.91	17.91
18.59	18.59
19.30	19.30
20.04	20.04
20.80	20.80
21.59	21.59
22.42	22.42
23.27	23.27
24.16	24.16
25.08	25.08
26.03	26.03
27.02	27.02
28.05	28.05
29.12	29.12
30.23	30.23
31.38	31.38
32.57	32.57
33.82	33.82
35.10	35.10
36.44	36.44
37.83	37.83
39.27	39.27
40.76	40.76
42.32	42.32
43.93	43.93
45.60	45.60
47.34	47.34
49.14	49.14
51.01	51.01
52.96	52.96
54.97	54.97
57.07	57.07
59.24	59.24
61.50	61.50
63.84	63.84
66.27	66.27
68.79	68.79
71.41	71.41
74.13	74.13
76.96	76.96
79.89	79.89
82.93	82.93
86.09	86.09
89.37	89.37
92.77	92.77
96.31	96.31
99.97	99.97
103.8	103.8
107.7	107.7
111.8	111.8
116.1	116.1
120.5	120.5
125.1	125.1
129.9	129.9
134.8	134.8
140.0	140.0
145.3	145.3
150.8	150.8
156.6	156.6
162.5	162.5
168.7	168.7
175.1	175.1
181.8	181.8
188.7	188.7
195.9	195.9
203.4	203.4
211.1	211.1
219.2	219.2
227.5	227.5
236.2	236.2
245.2	245.2
254.5	254.5
264.2	264.2
274.3	274.3
284.7	284.7
295.6	295.6
306.8	306.8
318.5	318.5
330.6	330.6
343.2	343.2
356.3	356.3
369.9	369.9
384.0	384.0
398.6	398.6
413.8	413.8
429.5	429.5
445.9	445.9
462.9	462.9
480.5	480.5
498.8	498.8
517.8	517.8
537.5	537.5
558.0	558.0
579.2	579.2
601.3	601.3
624.2	624.2
648.0	648.0
672.6	672.6
698.3	698.3
724.9	724.9
752.5	752.5
781.1	781.1
810.9	810.9
841.8	841.8
873.8	873.8
907.1	907.1
941.6	941.6
977.5	977.5
1015.	1015.
1053.	1053.
1094.	1094.
1135.	1135.
1178.	1178.
1223.	1223.
1270.	1270.
1318.	1318.
1368.	1368.
1421.	1421.
1475.	1475.
1531.	1531.
1589.	1589.
1650.	1650.
1712.	1712.
1778.	1778.
1845.	1845.
1916.	1916.
1989.	1989.
2064.	2064.
2143.	2143.
2225.	2225.
2309.	2309.
2397.	2397.
2489.	2489.
2583.	2583.
2682.	2682.
2784.	2784.
2890.	2890.
3000.	3000.
 
 
E/N (Td)    	Grid type                                                       
10.22	2.000
10.61	3.000
11.02	3.000
11.44	3.000
11.87	3.000
12.33	3.000
12.80	3.000
13.28	3.000
13.79	3.000
14.31	3.000
14.86	3.000
15.42	3.000
16.01	3.000
16.62	3.000
17.25	3.000
17.91	3.000
18.59	3.000
19.30	3.000
20.04	3.000
20.80	3.000
21.59	3.000
22.42	3.000
23.27	3.000
24.16	3.000
25.08	3.000
26.03	3.000
27.02	3.000
28.05	3.000
29.12	3.000
30.23	3.000
31.38	3.000
32.57	3.000
33.82	3.000
35.10	3.000
36.44	3.000
37.83	3.000
39.27	3.000
40.76	3.000
42.32	3.000
43.93	3.000
45.60	3.000
47.34	3.000
49.14	3.000
51.01	3.000
52.96	3.000
54.97	3.000
57.07	3.000
59.24	3.000
61.50	3.000
63.84	3.000
66.27	3.000
68.79	3.000
71.41	3.000
74.13	3.000
76.96	3.000
79.89	3.000
82.93	3.000
86.09	3.000
89.37	3.000
92.77	3.000
96.31	3.000
99.97	3.000
103.8	3.000
107.7	3.000
111.8	3.000
116.1	3.000
120.5	3.000
125.1	3.000
129.9	3.000
134.8	3.000
140.0	3.000
145.3	3.000
150.8	3.000
156.6	3.000
162.5	3.000
168.7	3.000
175.1	3.000
181.8	3.000
188.7	3.000
195.9	3.000
203.4	3.000
211.1	3.000
219.2	3.000
227.5	3.000
236.2	3.000
245.2	3.000
254.5	3.000
264.2	3.000
274.3	3.000
284.7	3.000
295.6	3.000
306.8	3.000
318.5	3.000
330.6	3.000
343.2	3.000
356.3	3.000
369.9	3.000
384.0	3.000
398.6	3.000
413.8	3.000
429.5	3.000
445.9	3.000
462.9	3.000
480.5	3.000
498.8	3.000
517.8	3.000
537.5	3.000
558.0	3.000
579.2	3.000
601.3	3.000
624.2	3.000
648.0	3.000
672.6	3.000
698.3	3.000
724.9	3.000
752.5	3.000
781.1	3.000
810.9	3.000
841.8	3.000
873.8	3.000
907.1	3.000
941.6	3.000
977.5	3.000
1015.	3.000
1053.	3.000
1094.	3.000
1135.	3.000
1178.	3.000
1223.	3.000
1270.	3.000
1318.	3.000
1368.	3.000
1421.	3.000
1475.	3.000
1531.	3.000
1589.	3.000
1650.	3.000
1712.	3.000
1778.	3.000
1845.	3.000
1916.	3.000
1989.	3.000
2064.	3.000
2143.	3.000
2225.	3.000
2309.	3.000
2397.	3.000
2489.	3.000
2583.	3.000
2682.	3.000
2784.	3.000
2890.	3.000
3000.	3.000
 
 
E/N (Td)    	Maximum energy                                                  
10.22	2000.
10.61	5.317
11.02	5.317
11.44	5.317
11.87	5.317
12.33	5.317
12.80	5.317
13.28	5.317
13.79	5.317
14.31	5.317
14.86	5.317
15.42	5.317
16.01	5.317
16.62	6.333
17.25	6.333
17.91	6.333
18.59	6.333
19.30	6.333
20.04	6.333
20.80	6.333
21.59	6.333
22.42	6.333
23.27	6.333
24.16	7.542
25.08	7.542
26.03	7.542
27.02	7.542
28.05	7.542
29.12	7.542
30.23	7.542
31.38	7.542
32.57	8.983
33.82	8.983
35.10	8.983
36.44	8.983
37.83	8.983
39.27	8.983
40.76	8.983
42.32	10.70
43.93	10.70
45.60	10.70
47.34	10.70
49.14	10.70
51.01	10.70
52.96	12.74
54.97	12.74
57.07	12.74
59.24	12.74
61.50	12.74
63.84	15.14
66.27	15.14
68.79	15.14
71.41	15.14
74.13	15.14
76.96	17.99
79.89	17.99
82.93	17.99
86.09	17.99
89.37	17.99
92.77	21.36
96.31	21.36
99.97	21.36
103.8	21.36
107.7	21.36
111.8	25.33
116.1	25.33
120.5	25.33
125.1	25.33
129.9	25.33
134.8	25.33
140.0	30.03
145.3	30.03
150.8	30.03
156.6	30.03
162.5	30.03
168.7	30.03
175.1	35.59
181.8	35.59
188.7	35.59
195.9	35.59
203.4	35.59
211.1	35.59
219.2	42.16
227.5	42.16
236.2	42.16
245.2	42.16
254.5	42.16
264.2	49.93
274.3	49.93
284.7	49.93
295.6	49.93
306.8	49.93
318.5	49.93
330.6	59.11
343.2	59.11
356.3	59.11
369.9	59.11
384.0	59.11
398.6	69.96
413.8	69.96
429.5	69.96
445.9	69.96
462.9	69.96
480.5	82.79
498.8	82.79
517.8	82.79
537.5	82.79
558.0	82.79
579.2	97.95
601.3	97.95
624.2	97.95
648.0	97.95
672.6	97.95
698.3	115.9
724.9	115.9
752.5	115.9
781.1	115.9
810.9	115.9
841.8	137.1
873.8	137.1
907.1	137.1
941.6	137.1
977.5	162.1
1015.	162.1
1053.	162.1
1094.	162.1
1135.	191.7
1178.	191.7
1223.	191.7
1270.	191.7
1318.	226.7
1368.	226.7
1421.	226.7
1475.	268.1
1531.	268.1
1589.	268.1
1650.	317.0
1712.	317.0
1778.	317.0
1845.	374.8
1916.	374.8
1989.	443.1
2064.	443.1
2143.	443.1
2225.	523.9
2309.	523.9
2397.	523.9
2489.	619.3
2583.	619.3
2682.	732.2
2784.	732.2
2890.	732.2
3000.	865.6
 
 
E/N (Td)	Mean energy (eV)
10.22	1.057
10.61	1.078
11.02	1.098
11.44	1.117
11.87	1.135
12.33	1.153
12.80	1.170
13.28	1.187
13.79	1.203
14.31	1.219
14.86	1.234
15.42	1.249
16.01	1.263
16.62	1.278
17.25	1.292
17.91	1.306
18.59	1.320
19.30	1.333
20.04	1.347
20.80	1.360
21.59	1.374
22.42	1.387
23.27	1.400
24.16	1.414
25.08	1.427
26.03	1.440
27.02	1.454
28.05	1.468
29.12	1.481
30.23	1.495
31.38	1.509
32.57	1.523
33.82	1.538
35.10	1.552
36.44	1.567
37.83	1.582
39.27	1.597
40.76	1.612
42.32	1.627
43.93	1.643
45.60	1.659
47.34	1.675
49.14	1.692
51.01	1.709
52.96	1.726
54.97	1.744
57.07	1.761
59.24	1.780
61.50	1.798
63.84	1.817
66.27	1.836
68.79	1.856
71.41	1.876
74.13	1.897
76.96	1.918
79.89	1.940
82.93	1.962
86.09	1.985
89.37	2.009
92.77	2.033
96.31	2.057
99.97	2.083
103.8	2.109
107.7	2.136
111.8	2.164
116.1	2.194
120.5	2.224
125.1	2.255
129.9	2.287
134.8	2.321
140.0	2.357
145.3	2.393
150.8	2.432
156.6	2.473
162.5	2.515
168.7	2.560
175.1	2.607
181.8	2.657
188.7	2.710
195.9	2.766
203.4	2.825
211.1	2.888
219.2	2.955
227.5	3.026
236.2	3.102
245.2	3.182
254.5	3.267
264.2	3.357
274.3	3.451
284.7	3.552
295.6	3.657
306.8	3.768
318.5	3.884
330.6	4.005
343.2	4.132
356.3	4.263
369.9	4.400
384.0	4.541
398.6	4.687
413.8	4.838
429.5	4.994
445.9	5.154
462.9	5.318
480.5	5.487
498.8	5.660
517.8	5.838
537.5	6.020
558.0	6.207
579.2	6.398
601.3	6.594
624.2	6.794
648.0	7.000
672.6	7.210
698.3	7.426
724.9	7.647
752.5	7.874
781.1	8.107
810.9	8.346
841.8	8.591
873.8	8.843
907.1	9.102
941.6	9.367
977.5	9.640
1015.	9.921
1053.	10.21
1094.	10.51
1135.	10.81
1178.	11.13
1223.	11.45
1270.	11.79
1318.	12.13
1368.	12.49
1421.	12.85
1475.	13.23
1531.	13.62
1589.	14.03
1650.	14.44
1712.	14.87
1778.	15.31
1845.	15.77
1916.	16.24
1989.	16.73
2064.	17.24
2143.	17.76
2225.	18.30
2309.	18.86
2397.	19.44
2489.	20.05
2583.	20.67
2682.	21.32
2784.	21.99
2890.	22.69
3000.	23.42
 
 
E/N (Td)	Mobility *N (1/m/V/s)
10.22	0.5768E+25
10.61	0.5530E+25
11.02	0.5307E+25
11.44	0.5099E+25
11.87	0.4905E+25
12.33	0.4723E+25
12.80	0.4554E+25
13.28	0.4394E+25
13.79	0.4245E+25
14.31	0.4105E+25
14.86	0.3973E+25
15.42	0.3849E+25
16.01	0.3731E+25
16.62	0.3619E+25
17.25	0.3514E+25
17.91	0.3413E+25
18.59	0.3317E+25
19.30	0.3226E+25
20.04	0.3138E+25
20.80	0.3054E+25
21.59	0.2973E+25
22.42	0.2895E+25
23.27	0.2820E+25
24.16	0.2747E+25
25.08	0.2677E+25
26.03	0.2609E+25
27.02	0.2543E+25
28.05	0.2478E+25
29.12	0.2416E+25
30.23	0.2355E+25
31.38	0.2295E+25
32.57	0.2237E+25
33.82	0.2181E+25
35.10	0.2126E+25
36.44	0.2072E+25
37.83	0.2019E+25
39.27	0.1967E+25
40.76	0.1917E+25
42.32	0.1867E+25
43.93	0.1819E+25
45.60	0.1772E+25
47.34	0.1725E+25
49.14	0.1680E+25
51.01	0.1636E+25
52.96	0.1593E+25
54.97	0.1550E+25
57.07	0.1509E+25
59.24	0.1468E+25
61.50	0.1429E+25
63.84	0.1390E+25
66.27	0.1352E+25
68.79	0.1315E+25
71.41	0.1279E+25
74.13	0.1244E+25
76.96	0.1210E+25
79.89	0.1177E+25
82.93	0.1144E+25
86.09	0.1113E+25
89.37	0.1082E+25
92.77	0.1052E+25
96.31	0.1023E+25
99.97	0.9949E+24
103.8	0.9675E+24
107.7	0.9409E+24
111.8	0.9151E+24
116.1	0.8901E+24
120.5	0.8660E+24
125.1	0.8426E+24
129.9	0.8201E+24
134.8	0.7983E+24
140.0	0.7773E+24
145.3	0.7571E+24
150.8	0.7377E+24
156.6	0.7190E+24
162.5	0.7012E+24
168.7	0.6840E+24
175.1	0.6677E+24
181.8	0.6522E+24
188.7	0.6374E+24
195.9	0.6234E+24
203.4	0.6102E+24
211.1	0.5979E+24
219.2	0.5862E+24
227.5	0.5753E+24
236.2	0.5652E+24
245.2	0.5559E+24
254.5	0.5473E+24
264.2	0.5394E+24
274.3	0.5322E+24
284.7	0.5257E+24
295.6	0.5198E+24
306.8	0.5146E+24
318.5	0.5099E+24
330.6	0.5057E+24
343.2	0.5021E+24
356.3	0.4989E+24
369.9	0.4961E+24
384.0	0.4937E+24
398.6	0.4916E+24
413.8	0.4898E+24
429.5	0.4883E+24
445.9	0.4869E+24
462.9	0.4858E+24
480.5	0.4848E+24
498.8	0.4839E+24
517.8	0.4830E+24
537.5	0.4823E+24
558.0	0.4816E+24
579.2	0.4809E+24
601.3	0.4801E+24
624.2	0.4794E+24
648.0	0.4785E+24
672.6	0.4776E+24
698.3	0.4767E+24
724.9	0.4756E+24
752.5	0.4745E+24
781.1	0.4732E+24
810.9	0.4718E+24
841.8	0.4702E+24
873.8	0.4685E+24
907.1	0.4667E+24
941.6	0.4647E+24
977.5	0.4625E+24
1015.	0.4602E+24
1053.	0.4577E+24
1094.	0.4550E+24
1135.	0.4522E+24
1178.	0.4492E+24
1223.	0.4461E+24
1270.	0.4428E+24
1318.	0.4393E+24
1368.	0.4356E+24
1421.	0.4319E+24
1475.	0.4279E+24
1531.	0.4238E+24
1589.	0.4197E+24
1650.	0.4154E+24
1712.	0.4109E+24
1778.	0.4062E+24
1845.	0.4015E+24
1916.	0.3968E+24
1989.	0.3919E+24
2064.	0.3870E+24
2143.	0.3820E+24
2225.	0.3769E+24
2309.	0.3717E+24
2397.	0.3665E+24
2489.	0.3613E+24
2583.	0.3560E+24
2682.	0.3507E+24
2784.	0.3454E+24
2890.	0.3401E+24
3000.	0.3348E+24
 
 
E/N (Td)	Diffusion coefficient *N (1/m/s)
10.22	0.6044E+25
10.61	0.6025E+25
11.02	0.6004E+25
11.44	0.5982E+25
11.87	0.5958E+25
12.33	0.5934E+25
12.80	0.5908E+25
13.28	0.5882E+25
13.79	0.5855E+25
14.31	0.5828E+25
14.86	0.5801E+25
15.42	0.5773E+25
16.01	0.5745E+25
16.62	0.5717E+25
17.25	0.5689E+25
17.91	0.5661E+25
18.59	0.5633E+25
19.30	0.5604E+25
20.04	0.5576E+25
20.80	0.5547E+25
21.59	0.5518E+25
22.42	0.5489E+25
23.27	0.5461E+25
24.16	0.5431E+25
25.08	0.5402E+25
26.03	0.5372E+25
27.02	0.5342E+25
28.05	0.5312E+25
29.12	0.5282E+25
30.23	0.5251E+25
31.38	0.5220E+25
32.57	0.5188E+25
33.82	0.5157E+25
35.10	0.5125E+25
36.44	0.5093E+25
37.83	0.5060E+25
39.27	0.5028E+25
40.76	0.4993E+25
42.32	0.4960E+25
43.93	0.4926E+25
45.60	0.4892E+25
47.34	0.4857E+25
49.14	0.4823E+25
51.01	0.4790E+25
52.96	0.4755E+25
54.97	0.4719E+25
57.07	0.4683E+25
59.24	0.4646E+25
61.50	0.4607E+25
63.84	0.4570E+25
66.27	0.4532E+25
68.79	0.4494E+25
71.41	0.4456E+25
74.13	0.4416E+25
76.96	0.4378E+25
79.89	0.4339E+25
82.93	0.4300E+25
86.09	0.4260E+25
89.37	0.4220E+25
92.77	0.4180E+25
96.31	0.4140E+25
99.97	0.4100E+25
103.8	0.4059E+25
107.7	0.4018E+25
111.8	0.3977E+25
116.1	0.3936E+25
120.5	0.3895E+25
125.1	0.3854E+25
129.9	0.3812E+25
134.8	0.3771E+25
140.0	0.3730E+25
145.3	0.3688E+25
150.8	0.3647E+25
156.6	0.3605E+25
162.5	0.3564E+25
168.7	0.3523E+25
175.1	0.3482E+25
181.8	0.3442E+25
188.7	0.3401E+25
195.9	0.3361E+25
203.4	0.3322E+25
211.1	0.3285E+25
219.2	0.3247E+25
227.5	0.3210E+25
236.2	0.3174E+25
245.2	0.3140E+25
254.5	0.3108E+25
264.2	0.3076E+25
274.3	0.3046E+25
284.7	0.3017E+25
295.6	0.2990E+25
306.8	0.2965E+25
318.5	0.2942E+25
330.6	0.2921E+25
343.2	0.2902E+25
356.3	0.2885E+25
369.9	0.2871E+25
384.0	0.2859E+25
398.6	0.2849E+25
413.8	0.2842E+25
429.5	0.2837E+25
445.9	0.2835E+25
462.9	0.2834E+25
480.5	0.2837E+25
498.8	0.2842E+25
517.8	0.2850E+25
537.5	0.2860E+25
558.0	0.2872E+25
579.2	0.2888E+25
601.3	0.2905E+25
624.2	0.2926E+25
648.0	0.2948E+25
672.6	0.2973E+25
698.3	0.3001E+25
724.9	0.3031E+25
752.5	0.3063E+25
781.1	0.3098E+25
810.9	0.3135E+25
841.8	0.3174E+25
873.8	0.3215E+25
907.1	0.3259E+25
941.6	0.3305E+25
977.5	0.3352E+25
1015.	0.3401E+25
1053.	0.3452E+25
1094.	0.3504E+25
1135.	0.3558E+25
1178.	0.3614E+25
1223.	0.3671E+25
1270.	0.3730E+25
1318.	0.3789E+25
1368.	0.3848E+25
1421.	0.3911E+25
1475.	0.3974E+25
1531.	0.4037E+25
1589.	0.4104E+25
1650.	0.4169E+25
1712.	0.4236E+25
1778.	0.4302E+25
1845.	0.4369E+25
1916.	0.4439E+25
1989.	0.4508E+25
2064.	0.4578E+25
2143.	0.4650E+25
2225.	0.4721E+25
2309.	0.4793E+25
2397.	0.4866E+25
2489.	0.4940E+25
2583.	0.5015E+25
2682.	0.5091E+25
2784.	0.5168E+25
2890.	0.5246E+25
3000.	0.5326E+25
 
 
E/N (Td)	Energy mobility *N (1/m/V/s)
10.22	0.6650E+25
10.61	0.6362E+25
11.02	0.6096E+25
11.44	0.5849E+25
11.87	0.5620E+25
12.33	0.5407E+25
12.80	0.5209E+25
13.28	0.5024E+25
13.79	0.4852E+25
14.31	0.4690E+25
14.86	0.4539E+25
15.42	0.4397E+25
16.01	0.4263E+25
16.62	0.4136E+25
17.25	0.4016E+25
17.91	0.3903E+25
18.59	0.3795E+25
19.30	0.3691E+25
20.04	0.3593E+25
20.80	0.3498E+25
21.59	0.3408E+25
22.42	0.3320E+25
23.27	0.3236E+25
24.16	0.3155E+25
25.08	0.3076E+25
26.03	0.3000E+25
27.02	0.2927E+25
28.05	0.2855E+25
29.12	0.2785E+25
30.23	0.2717E+25
31.38	0.2651E+25
32.57	0.2586E+25
33.82	0.2523E+25
35.10	0.2462E+25
36.44	0.2402E+25
37.83	0.2343E+25
39.27	0.2286E+25
40.76	0.2230E+25
42.32	0.2175E+25
43.93	0.2121E+25
45.60	0.2068E+25
47.34	0.2017E+25
49.14	0.1967E+25
51.01	0.1918E+25
52.96	0.1870E+25
54.97	0.1823E+25
57.07	0.1777E+25
59.24	0.1732E+25
61.50	0.1688E+25
63.84	0.1645E+25
66.27	0.1603E+25
68.79	0.1563E+25
71.41	0.1523E+25
74.13	0.1484E+25
76.96	0.1447E+25
79.89	0.1410E+25
82.93	0.1375E+25
86.09	0.1340E+25
89.37	0.1306E+25
92.77	0.1274E+25
96.31	0.1242E+25
99.97	0.1212E+25
103.8	0.1182E+25
107.7	0.1154E+25
111.8	0.1126E+25
116.1	0.1100E+25
120.5	0.1074E+25
125.1	0.1050E+25
129.9	0.1026E+25
134.8	0.1004E+25
140.0	0.9826E+24
145.3	0.9623E+24
150.8	0.9430E+24
156.6	0.9249E+24
162.5	0.9079E+24
168.7	0.8919E+24
175.1	0.8771E+24
181.8	0.8635E+24
188.7	0.8511E+24
195.9	0.8398E+24
203.4	0.8297E+24
211.1	0.8208E+24
219.2	0.8130E+24
227.5	0.8064E+24
236.2	0.8008E+24
245.2	0.7963E+24
254.5	0.7929E+24
264.2	0.7903E+24
274.3	0.7886E+24
284.7	0.7876E+24
295.6	0.7874E+24
306.8	0.7877E+24
318.5	0.7885E+24
330.6	0.7897E+24
343.2	0.7911E+24
356.3	0.7928E+24
369.9	0.7946E+24
384.0	0.7963E+24
398.6	0.7981E+24
413.8	0.7998E+24
429.5	0.8013E+24
445.9	0.8027E+24
462.9	0.8038E+24
480.5	0.8046E+24
498.8	0.8051E+24
517.8	0.8053E+24
537.5	0.8052E+24
558.0	0.8047E+24
579.2	0.8039E+24
601.3	0.8026E+24
624.2	0.8010E+24
648.0	0.7990E+24
672.6	0.7966E+24
698.3	0.7939E+24
724.9	0.7907E+24
752.5	0.7872E+24
781.1	0.7833E+24
810.9	0.7791E+24
841.8	0.7745E+24
873.8	0.7695E+24
907.1	0.7643E+24
941.6	0.7587E+24
977.5	0.7528E+24
1015.	0.7465E+24
1053.	0.7400E+24
1094.	0.7331E+24
1135.	0.7261E+24
1178.	0.7187E+24
1223.	0.7111E+24
1270.	0.7035E+24
1318.	0.6955E+24
1368.	0.6871E+24
1421.	0.6789E+24
1475.	0.6704E+24
1531.	0.6617E+24
1589.	0.6529E+24
1650.	0.6440E+24
1712.	0.6350E+24
1778.	0.6258E+24
1845.	0.6167E+24
1916.	0.6075E+24
1989.	0.5983E+24
2064.	0.5890E+24
2143.	0.5798E+24
2225.	0.5705E+24
2309.	0.5613E+24
2397.	0.5522E+24
2489.	0.5431E+24
2583.	0.5341E+24
2682.	0.5251E+24
2784.	0.5163E+24
2890.	0.5076E+24
3000.	0.4990E+24
 
 
E/N (Td)	Energy diffusion coef. D*N (1/m/s)
10.22	0.5967E+25
10.61	0.5903E+25
11.02	0.5840E+25
11.44	0.5778E+25
11.87	0.5718E+25
12.33	0.5658E+25
12.80	0.5600E+25
13.28	0.5542E+25
13.79	0.5486E+25
14.31	0.5431E+25
14.86	0.5377E+25
15.42	0.5323E+25
16.01	0.5271E+25
16.62	0.5219E+25
17.25	0.5168E+25
17.91	0.5118E+25
18.59	0.5069E+25
19.30	0.5020E+25
20.04	0.4972E+25
20.80	0.4924E+25
21.59	0.4877E+25
22.42	0.4829E+25
23.27	0.4783E+25
24.16	0.4736E+25
25.08	0.4690E+25
26.03	0.4643E+25
27.02	0.4597E+25
28.05	0.4551E+25
29.12	0.4505E+25
30.23	0.4459E+25
31.38	0.4413E+25
32.57	0.4367E+25
33.82	0.4321E+25
35.10	0.4275E+25
36.44	0.4229E+25
37.83	0.4183E+25
39.27	0.4137E+25
40.76	0.4090E+25
42.32	0.4044E+25
43.93	0.3998E+25
45.60	0.3952E+25
47.34	0.3906E+25
49.14	0.3859E+25
51.01	0.3816E+25
52.96	0.3769E+25
54.97	0.3723E+25
57.07	0.3677E+25
59.24	0.3631E+25
61.50	0.3583E+25
63.84	0.3537E+25
66.27	0.3491E+25
68.79	0.3445E+25
71.41	0.3399E+25
74.13	0.3352E+25
76.96	0.3306E+25
79.89	0.3261E+25
82.93	0.3216E+25
86.09	0.3171E+25
89.37	0.3125E+25
92.77	0.3081E+25
96.31	0.3036E+25
99.97	0.2992E+25
103.8	0.2948E+25
107.7	0.2905E+25
111.8	0.2862E+25
116.1	0.2820E+25
120.5	0.2778E+25
125.1	0.2737E+25
129.9	0.2696E+25
134.8	0.2657E+25
140.0	0.2618E+25
145.3	0.2580E+25
150.8	0.2544E+25
156.6	0.2509E+25
162.5	0.2475E+25
168.7	0.2444E+25
175.1	0.2414E+25
181.8	0.2387E+25
188.7	0.2362E+25
195.9	0.2341E+25
203.4	0.2322E+25
211.1	0.2308E+25
219.2	0.2297E+25
227.5	0.2290E+25
236.2	0.2287E+25
245.2	0.2290E+25
254.5	0.2298E+25
264.2	0.2310E+25
274.3	0.2328E+25
284.7	0.2350E+25
295.6	0.2378E+25
306.8	0.2411E+25
318.5	0.2449E+25
330.6	0.2492E+25
343.2	0.2539E+25
356.3	0.2590E+25
369.9	0.2646E+25
384.0	0.2705E+25
398.6	0.2767E+25
413.8	0.2832E+25
429.5	0.2900E+25
445.9	0.2971E+25
462.9	0.3044E+25
480.5	0.3118E+25
498.8	0.3195E+25
517.8	0.3273E+25
537.5	0.3353E+25
558.0	0.3434E+25
579.2	0.3516E+25
601.3	0.3599E+25
624.2	0.3683E+25
648.0	0.3767E+25
672.6	0.3853E+25
698.3	0.3939E+25
724.9	0.4025E+25
752.5	0.4113E+25
781.1	0.4200E+25
810.9	0.4289E+25
841.8	0.4377E+25
873.8	0.4466E+25
907.1	0.4555E+25
941.6	0.4645E+25
977.5	0.4734E+25
1015.	0.4824E+25
1053.	0.4914E+25
1094.	0.5003E+25
1135.	0.5093E+25
1178.	0.5183E+25
1223.	0.5274E+25
1270.	0.5366E+25
1318.	0.5456E+25
1368.	0.5544E+25
1421.	0.5637E+25
1475.	0.5728E+25
1531.	0.5818E+25
1589.	0.5910E+25
1650.	0.6001E+25
1712.	0.6092E+25
1778.	0.6184E+25
1845.	0.6276E+25
1916.	0.6370E+25
1989.	0.6463E+25
2064.	0.6558E+25
2143.	0.6655E+25
2225.	0.6752E+25
2309.	0.6851E+25
2397.	0.6953E+25
2489.	0.7057E+25
2583.	0.7164E+25
2682.	0.7274E+25
2784.	0.7389E+25
2890.	0.7508E+25
3000.	0.7633E+25
 
 
E/N (Td)	Total collision freq. /N (m3/s)
10.22	0.2600E-13
10.61	0.2698E-13
11.02	0.2796E-13
11.44	0.2894E-13
11.87	0.2992E-13
12.33	0.3090E-13
12.80	0.3188E-13
13.28	0.3285E-13
13.79	0.3383E-13
14.31	0.3481E-13
14.86	0.3579E-13
15.42	0.3678E-13
16.01	0.3778E-13
16.62	0.3878E-13
17.25	0.3979E-13
17.91	0.4081E-13
18.59	0.4185E-13
19.30	0.4290E-13
20.04	0.4396E-13
20.80	0.4505E-13
21.59	0.4615E-13
22.42	0.4727E-13
23.27	0.4842E-13
24.16	0.4959E-13
25.08	0.5079E-13
26.03	0.5201E-13
27.02	0.5327E-13
28.05	0.5455E-13
29.12	0.5587E-13
30.23	0.5722E-13
31.38	0.5861E-13
32.57	0.6004E-13
33.82	0.6150E-13
35.10	0.6301E-13
36.44	0.6456E-13
37.83	0.6615E-13
39.27	0.6778E-13
40.76	0.6946E-13
42.32	0.7119E-13
43.93	0.7297E-13
45.60	0.7480E-13
47.34	0.7669E-13
49.14	0.7862E-13
51.01	0.8062E-13
52.96	0.8267E-13
54.97	0.8477E-13
57.07	0.8694E-13
59.24	0.8917E-13
61.50	0.9145E-13
63.84	0.9380E-13
66.27	0.9622E-13
68.79	0.9870E-13
71.41	0.1013E-12
74.13	0.1039E-12
76.96	0.1066E-12
79.89	0.1093E-12
82.93	0.1121E-12
86.09	0.1151E-12
89.37	0.1180E-12
92.77	0.1211E-12
96.31	0.1242E-12
99.97	0.1274E-12
103.8	0.1307E-12
107.7	0.1341E-12
111.8	0.1375E-12
116.1	0.1411E-12
120.5	0.1447E-12
125.1	0.1484E-12
129.9	0.1522E-12
134.8	0.1560E-12
140.0	0.1600E-12
145.3	0.1640E-12
150.8	0.1681E-12
156.6	0.1723E-12
162.5	0.1766E-12
168.7	0.1810E-12
175.1	0.1854E-12
181.8	0.1899E-12
188.7	0.1944E-12
195.9	0.1990E-12
203.4	0.2037E-12
211.1	0.2084E-12
219.2	0.2132E-12
227.5	0.2179E-12
236.2	0.2227E-12
245.2	0.2275E-12
254.5	0.2322E-12
264.2	0.2369E-12
274.3	0.2416E-12
284.7	0.2462E-12
295.6	0.2507E-12
306.8	0.2552E-12
318.5	0.2595E-12
330.6	0.2638E-12
343.2	0.2679E-12
356.3	0.2718E-12
369.9	0.2757E-12
384.0	0.2794E-12
398.6	0.2829E-12
413.8	0.2864E-12
429.5	0.2896E-12
445.9	0.2928E-12
462.9	0.2958E-12
480.5	0.2986E-12
498.8	0.3014E-12
517.8	0.3040E-12
537.5	0.3065E-12
558.0	0.3088E-12
579.2	0.3111E-12
601.3	0.3133E-12
624.2	0.3153E-12
648.0	0.3173E-12
672.6	0.3192E-12
698.3	0.3211E-12
724.9	0.3228E-12
752.5	0.3245E-12
781.1	0.3261E-12
810.9	0.3277E-12
841.8	0.3293E-12
873.8	0.3308E-12
907.1	0.3322E-12
941.6	0.3337E-12
977.5	0.3351E-12
1015.	0.3365E-12
1053.	0.3379E-12
1094.	0.3394E-12
1135.	0.3408E-12
1178.	0.3422E-12
1223.	0.3437E-12
1270.	0.3451E-12
1318.	0.3466E-12
1368.	0.3482E-12
1421.	0.3498E-12
1475.	0.3514E-12
1531.	0.3531E-12
1589.	0.3548E-12
1650.	0.3566E-12
1712.	0.3585E-12
1778.	0.3604E-12
1845.	0.3624E-12
1916.	0.3645E-12
1989.	0.3667E-12
2064.	0.3690E-12
2143.	0.3714E-12
2225.	0.3738E-12
2309.	0.3764E-12
2397.	0.3791E-12
2489.	0.3819E-12
2583.	0.3848E-12
2682.	0.3878E-12
2784.	0.3910E-12
2890.	0.3942E-12
3000.	0.3976E-12
 
 
E/N (Td)	Momentum frequency /N (m3/s)
10.22	0.3049E-13
10.61	0.3181E-13
11.02	0.3314E-13
11.44	0.3449E-13
11.87	0.3586E-13
12.33	0.3724E-13
12.80	0.3863E-13
13.28	0.4002E-13
13.79	0.4143E-13
14.31	0.4285E-13
14.86	0.4427E-13
15.42	0.4570E-13
16.01	0.4714E-13
16.62	0.4859E-13
17.25	0.5006E-13
17.91	0.5153E-13
18.59	0.5302E-13
19.30	0.5452E-13
20.04	0.5605E-13
20.80	0.5759E-13
21.59	0.5916E-13
22.42	0.6075E-13
23.27	0.6237E-13
24.16	0.6402E-13
25.08	0.6570E-13
26.03	0.6742E-13
27.02	0.6917E-13
28.05	0.7097E-13
29.12	0.7281E-13
30.23	0.7469E-13
31.38	0.7663E-13
32.57	0.7861E-13
33.82	0.8065E-13
35.10	0.8275E-13
36.44	0.8490E-13
37.83	0.8712E-13
39.27	0.8941E-13
40.76	0.9177E-13
42.32	0.9419E-13
43.93	0.9670E-13
45.60	0.9928E-13
47.34	0.1019E-12
49.14	0.1047E-12
51.01	0.1075E-12
52.96	0.1104E-12
54.97	0.1135E-12
57.07	0.1166E-12
59.24	0.1198E-12
61.50	0.1231E-12
63.84	0.1265E-12
66.27	0.1301E-12
68.79	0.1337E-12
71.41	0.1375E-12
74.13	0.1413E-12
76.96	0.1453E-12
79.89	0.1495E-12
82.93	0.1537E-12
86.09	0.1581E-12
89.37	0.1625E-12
92.77	0.1672E-12
96.31	0.1719E-12
99.97	0.1768E-12
103.8	0.1818E-12
107.7	0.1869E-12
111.8	0.1922E-12
116.1	0.1976E-12
120.5	0.2031E-12
125.1	0.2087E-12
129.9	0.2145E-12
134.8	0.2203E-12
140.0	0.2263E-12
145.3	0.2323E-12
150.8	0.2384E-12
156.6	0.2446E-12
162.5	0.2509E-12
168.7	0.2571E-12
175.1	0.2634E-12
181.8	0.2697E-12
188.7	0.2759E-12
195.9	0.2821E-12
203.4	0.2882E-12
211.1	0.2942E-12
219.2	0.3000E-12
227.5	0.3057E-12
236.2	0.3112E-12
245.2	0.3164E-12
254.5	0.3214E-12
264.2	0.3261E-12
274.3	0.3305E-12
284.7	0.3346E-12
295.6	0.3384E-12
306.8	0.3418E-12
318.5	0.3450E-12
330.6	0.3478E-12
343.2	0.3503E-12
356.3	0.3525E-12
369.9	0.3545E-12
384.0	0.3563E-12
398.6	0.3578E-12
413.8	0.3591E-12
429.5	0.3602E-12
445.9	0.3612E-12
462.9	0.3621E-12
480.5	0.3628E-12
498.8	0.3635E-12
517.8	0.3641E-12
537.5	0.3647E-12
558.0	0.3652E-12
579.2	0.3658E-12
601.3	0.3663E-12
624.2	0.3669E-12
648.0	0.3675E-12
672.6	0.3682E-12
698.3	0.3690E-12
724.9	0.3698E-12
752.5	0.3707E-12
781.1	0.3717E-12
810.9	0.3728E-12
841.8	0.3740E-12
873.8	0.3754E-12
907.1	0.3769E-12
941.6	0.3785E-12
977.5	0.3803E-12
1015.	0.3822E-12
1053.	0.3843E-12
1094.	0.3865E-12
1135.	0.3889E-12
1178.	0.3915E-12
1223.	0.3943E-12
1270.	0.3972E-12
1318.	0.4004E-12
1368.	0.4038E-12
1421.	0.4073E-12
1475.	0.4110E-12
1531.	0.4150E-12
1589.	0.4190E-12
1650.	0.4234E-12
1712.	0.4280E-12
1778.	0.4330E-12
1845.	0.4380E-12
1916.	0.4433E-12
1989.	0.4488E-12
2064.	0.4545E-12
2143.	0.4605E-12
2225.	0.4667E-12
2309.	0.4732E-12
2397.	0.4799E-12
2489.	0.4869E-12
2583.	0.4941E-12
2682.	0.5015E-12
2784.	0.5092E-12
2890.	0.5172E-12
3000.	0.5253E-12
 
 
E/N (Td)	Total ionization freq. /N (m3/s)
10.22	0.000
10.61	0.000
11.02	0.000
11.44	0.000
11.87	0.000
12.33	0.000
12.80	0.000
13.28	0.000
13.79	0.000
14.31	0.000
14.86	0.000
15.42	0.000
16.01	0.000
16.62	0.000
17.25	0.000
17.91	0.000
18.59	0.000
19.30	0.000
20.04	0.000
20.80	0.000
21.59	0.000
22.42	0.000
23.27	0.000
24.16	0.000
25.08	0.000
26.03	0.000
27.02	0.000
28.05	0.000
29.12	0.000
30.23	0.000
31.38	0.000
32.57	0.000
33.82	0.000
35.10	0.000
36.44	0.000
37.83	0.000
39.27	0.000
40.76	0.000
42.32	0.000
43.93	0.000
45.60	0.000
47.34	0.000
49.14	0.000
51.01	0.1876E-25
52.96	0.4614E-25
54.97	0.1100E-24
57.07	0.2542E-24
59.24	0.5706E-24
61.50	0.1543E-23
63.84	0.3346E-23
66.27	0.7077E-23
68.79	0.1462E-22
71.41	0.2950E-22
74.13	0.5911E-22
76.96	0.1145E-21
79.89	0.2174E-21
82.93	0.4049E-21
86.09	0.7404E-21
89.37	0.1332E-20
92.77	0.2352E-20
96.31	0.4087E-20
99.97	0.6988E-20
103.8	0.1177E-19
107.7	0.1956E-19
111.8	0.3200E-19
116.1	0.5165E-19
120.5	0.8228E-19
125.1	0.1294E-18
129.9	0.2010E-18
134.8	0.3088E-18
140.0	0.4684E-18
145.3	0.7025E-18
150.8	0.1042E-17
156.6	0.1528E-17
162.5	0.2218E-17
168.7	0.3187E-17
175.1	0.4531E-17
181.8	0.6378E-17
188.7	0.8887E-17
195.9	0.1226E-16
203.4	0.1676E-16
211.1	0.2269E-16
219.2	0.3042E-16
227.5	0.4041E-16
236.2	0.5318E-16
245.2	0.6935E-16
254.5	0.8964E-16
264.2	0.1148E-15
274.3	0.1457E-15
284.7	0.1834E-15
295.6	0.2289E-15
306.8	0.2832E-15
318.5	0.3477E-15
330.6	0.4234E-15
343.2	0.5117E-15
356.3	0.6139E-15
369.9	0.7313E-15
384.0	0.8650E-15
398.6	0.1017E-14
413.8	0.1188E-14
429.5	0.1379E-14
445.9	0.1592E-14
462.9	0.1829E-14
480.5	0.2090E-14
498.8	0.2377E-14
517.8	0.2692E-14
537.5	0.3035E-14
558.0	0.3409E-14
579.2	0.3815E-14
601.3	0.4253E-14
624.2	0.4727E-14
648.0	0.5236E-14
672.6	0.5783E-14
698.3	0.6369E-14
724.9	0.6997E-14
752.5	0.7667E-14
781.1	0.8381E-14
810.9	0.9141E-14
841.8	0.9949E-14
873.8	0.1081E-13
907.1	0.1171E-13
941.6	0.1267E-13
977.5	0.1369E-13
1015.	0.1476E-13
1053.	0.1588E-13
1094.	0.1707E-13
1135.	0.1831E-13
1178.	0.1962E-13
1223.	0.2099E-13
1270.	0.2243E-13
1318.	0.2393E-13
1368.	0.2550E-13
1421.	0.2714E-13
1475.	0.2885E-13
1531.	0.3063E-13
1589.	0.3249E-13
1650.	0.3441E-13
1712.	0.3641E-13
1778.	0.3848E-13
1845.	0.4063E-13
1916.	0.4287E-13
1989.	0.4517E-13
2064.	0.4756E-13
2143.	0.5003E-13
2225.	0.5257E-13
2309.	0.5519E-13
2397.	0.5789E-13
2489.	0.6068E-13
2583.	0.6354E-13
2682.	0.6649E-13
2784.	0.6951E-13
2890.	0.7261E-13
3000.	0.7580E-13
 
 
E/N (Td)	Total attachment freq. /N (m3/s)
10.22	0.1666E-15
10.61	0.1642E-15
11.02	0.1622E-15
11.44	0.1604E-15
11.87	0.1588E-15
12.33	0.1575E-15
12.80	0.1564E-15
13.28	0.1554E-15
13.79	0.1546E-15
14.31	0.1539E-15
14.86	0.1533E-15
15.42	0.1529E-15
16.01	0.1525E-15
16.62	0.1521E-15
17.25	0.1519E-15
17.91	0.1516E-15
18.59	0.1515E-15
19.30	0.1513E-15
20.04	0.1512E-15
20.80	0.1512E-15
21.59	0.1511E-15
22.42	0.1511E-15
23.27	0.1511E-15
24.16	0.1512E-15
25.08	0.1512E-15
26.03	0.1513E-15
27.02	0.1514E-15
28.05	0.1514E-15
29.12	0.1515E-15
30.23	0.1516E-15
31.38	0.1518E-15
32.57	0.1519E-15
33.82	0.1520E-15
35.10	0.1522E-15
36.44	0.1523E-15
37.83	0.1525E-15
39.27	0.1526E-15
40.76	0.1528E-15
42.32	0.1530E-15
43.93	0.1532E-15
45.60	0.1534E-15
47.34	0.1536E-15
49.14	0.1539E-15
51.01	0.1541E-15
52.96	0.1544E-15
54.97	0.1547E-15
57.07	0.1550E-15
59.24	0.1553E-15
61.50	0.1557E-15
63.84	0.1561E-15
66.27	0.1565E-15
68.79	0.1570E-15
71.41	0.1575E-15
74.13	0.1581E-15
76.96	0.1587E-15
79.89	0.1594E-15
82.93	0.1601E-15
86.09	0.1609E-15
89.37	0.1617E-15
92.77	0.1626E-15
96.31	0.1636E-15
99.97	0.1647E-15
103.8	0.1659E-15
107.7	0.1672E-15
111.8	0.1685E-15
116.1	0.1700E-15
120.5	0.1715E-15
125.1	0.1732E-15
129.9	0.1750E-15
134.8	0.1769E-15
140.0	0.1789E-15
145.3	0.1810E-15
150.8	0.1832E-15
156.6	0.1855E-15
162.5	0.1880E-15
168.7	0.1905E-15
175.1	0.1931E-15
181.8	0.1958E-15
188.7	0.1986E-15
195.9	0.2015E-15
203.4	0.2044E-15
211.1	0.2073E-15
219.2	0.2103E-15
227.5	0.2133E-15
236.2	0.2163E-15
245.2	0.2192E-15
254.5	0.2221E-15
264.2	0.2250E-15
274.3	0.2278E-15
284.7	0.2306E-15
295.6	0.2332E-15
306.8	0.2358E-15
318.5	0.2382E-15
330.6	0.2406E-15
343.2	0.2429E-15
356.3	0.2451E-15
369.9	0.2472E-15
384.0	0.2493E-15
398.6	0.2512E-15
413.8	0.2532E-15
429.5	0.2551E-15
445.9	0.2569E-15
462.9	0.2587E-15
480.5	0.2605E-15
498.8	0.2624E-15
517.8	0.2642E-15
537.5	0.2660E-15
558.0	0.2678E-15
579.2	0.2697E-15
601.3	0.2715E-15
624.2	0.2734E-15
648.0	0.2754E-15
672.6	0.2773E-15
698.3	0.2794E-15
724.9	0.2814E-15
752.5	0.2835E-15
781.1	0.2856E-15
810.9	0.2877E-15
841.8	0.2899E-15
873.8	0.2921E-15
907.1	0.2943E-15
941.6	0.2966E-15
977.5	0.2988E-15
1015.	0.3011E-15
1053.	0.3035E-15
1094.	0.3058E-15
1135.	0.3081E-15
1178.	0.3105E-15
1223.	0.3129E-15
1270.	0.3153E-15
1318.	0.3178E-15
1368.	0.3202E-15
1421.	0.3227E-15
1475.	0.3253E-15
1531.	0.3279E-15
1589.	0.3306E-15
1650.	0.3334E-15
1712.	0.3362E-15
1778.	0.3392E-15
1845.	0.3423E-15
1916.	0.3456E-15
1989.	0.3491E-15
2064.	0.3527E-15
2143.	0.3567E-15
2225.	0.3608E-15
2309.	0.3653E-15
2397.	0.3701E-15
2489.	0.3753E-15
2583.	0.3808E-15
2682.	0.3868E-15
2784.	0.3933E-15
2890.	0.4003E-15
3000.	0.4078E-15
 
 
E/N (Td)	Townsend ioniz. coef. alpha/N (m2)
10.22	0.000
10.61	0.000
11.02	0.000
11.44	0.000
11.87	0.000
12.33	0.000
12.80	0.000
13.28	0.000
13.79	0.000
14.31	0.000
14.86	0.000
15.42	0.000
16.01	0.000
16.62	0.000
17.25	0.000
17.91	0.000
18.59	0.000
19.30	0.000
20.04	0.000
20.80	0.000
21.59	0.000
22.42	0.000
23.27	0.000
24.16	0.000
25.08	0.000
26.03	0.000
27.02	0.000
28.05	0.000
29.12	0.000
30.23	0.000
31.38	0.000
32.57	0.000
33.82	0.000
35.10	0.000
36.44	0.000
37.83	0.000
39.27	0.000
40.76	0.000
42.32	0.000
43.93	0.000
45.60	0.000
47.34	0.000
49.14	0.000
51.01	0.2248E-30
52.96	0.5471E-30
54.97	0.1290E-29
57.07	0.2952E-29
59.24	0.6560E-29
61.50	0.1756E-28
63.84	0.3770E-28
66.27	0.7897E-28
68.79	0.1615E-27
71.41	0.3228E-27
74.13	0.6407E-27
76.96	0.1229E-26
79.89	0.2312E-26
82.93	0.4267E-26
86.09	0.7728E-26
89.37	0.1378E-25
92.77	0.2410E-25
96.31	0.4148E-25
99.97	0.7026E-25
103.8	0.1172E-24
107.7	0.1929E-24
111.8	0.3127E-24
116.1	0.4998E-24
120.5	0.7884E-24
125.1	0.1228E-23
129.9	0.1888E-23
134.8	0.2869E-23
140.0	0.4306E-23
145.3	0.6386E-23
150.8	0.9364E-23
156.6	0.1358E-22
162.5	0.1947E-22
168.7	0.2762E-22
175.1	0.3875E-22
181.8	0.5379E-22
188.7	0.7388E-22
195.9	0.1004E-21
203.4	0.1350E-21
211.1	0.1798E-21
219.2	0.2368E-21
227.5	0.3087E-21
236.2	0.3984E-21
245.2	0.5088E-21
254.5	0.6435E-21
264.2	0.8055E-21
274.3	0.9984E-21
284.7	0.1225E-20
295.6	0.1490E-20
306.8	0.1794E-20
318.5	0.2141E-20
330.6	0.2532E-20
343.2	0.2970E-20
356.3	0.3454E-20
369.9	0.3985E-20
384.0	0.4564E-20
398.6	0.5189E-20
413.8	0.5860E-20
429.5	0.6576E-20
445.9	0.7335E-20
462.9	0.8135E-20
480.5	0.8974E-20
498.8	0.9851E-20
517.8	0.1076E-19
537.5	0.1171E-19
558.0	0.1269E-19
579.2	0.1370E-19
601.3	0.1473E-19
624.2	0.1580E-19
648.0	0.1689E-19
672.6	0.1800E-19
698.3	0.1914E-19
724.9	0.2029E-19
752.5	0.2147E-19
781.1	0.2268E-19
810.9	0.2390E-19
841.8	0.2513E-19
873.8	0.2639E-19
907.1	0.2767E-19
941.6	0.2896E-19
977.5	0.3027E-19
1015.	0.3160E-19
1053.	0.3294E-19
1094.	0.3430E-19
1135.	0.3568E-19
1178.	0.3707E-19
1223.	0.3847E-19
1270.	0.3989E-19
1318.	0.4133E-19
1368.	0.4278E-19
1421.	0.4424E-19
1475.	0.4572E-19
1531.	0.4721E-19
1589.	0.4871E-19
1650.	0.5022E-19
1712.	0.5175E-19
1778.	0.5329E-19
1845.	0.5484E-19
1916.	0.5639E-19
1989.	0.5796E-19
2064.	0.5954E-19
2143.	0.6112E-19
2225.	0.6270E-19
2309.	0.6430E-19
2397.	0.6589E-19
2489.	0.6749E-19
2583.	0.6909E-19
2682.	0.7069E-19
2784.	0.7229E-19
2890.	0.7388E-19
3000.	0.7546E-19
 
 
E/N (Td)	Townsend attach. coef. eta/N (m2)
10.22	0.2826E-20
10.61	0.2798E-20
11.02	0.2773E-20
11.44	0.2750E-20
11.87	0.2727E-20
12.33	0.2705E-20
12.80	0.2684E-20
13.28	0.2663E-20
13.79	0.2641E-20
14.31	0.2620E-20
14.86	0.2598E-20
15.42	0.2575E-20
16.01	0.2552E-20
16.62	0.2529E-20
17.25	0.2505E-20
17.91	0.2480E-20
18.59	0.2455E-20
19.30	0.2430E-20
20.04	0.2405E-20
20.80	0.2380E-20
21.59	0.2354E-20
22.42	0.2329E-20
23.27	0.2303E-20
24.16	0.2278E-20
25.08	0.2253E-20
26.03	0.2228E-20
27.02	0.2203E-20
28.05	0.2178E-20
29.12	0.2154E-20
30.23	0.2130E-20
31.38	0.2107E-20
32.57	0.2084E-20
33.82	0.2061E-20
35.10	0.2039E-20
36.44	0.2018E-20
37.83	0.1997E-20
39.27	0.1976E-20
40.76	0.1956E-20
42.32	0.1936E-20
43.93	0.1917E-20
45.60	0.1899E-20
47.34	0.1881E-20
49.14	0.1864E-20
51.01	0.1847E-20
52.96	0.1831E-20
54.97	0.1815E-20
57.07	0.1800E-20
59.24	0.1786E-20
61.50	0.1772E-20
63.84	0.1759E-20
66.27	0.1747E-20
68.79	0.1735E-20
71.41	0.1724E-20
74.13	0.1714E-20
76.96	0.1704E-20
79.89	0.1695E-20
82.93	0.1687E-20
86.09	0.1679E-20
89.37	0.1672E-20
92.77	0.1666E-20
96.31	0.1661E-20
99.97	0.1656E-20
103.8	0.1652E-20
107.7	0.1649E-20
111.8	0.1647E-20
116.1	0.1645E-20
120.5	0.1644E-20
125.1	0.1643E-20
129.9	0.1643E-20
134.8	0.1643E-20
140.0	0.1644E-20
145.3	0.1645E-20
150.8	0.1647E-20
156.6	0.1648E-20
162.5	0.1649E-20
168.7	0.1651E-20
175.1	0.1651E-20
181.8	0.1652E-20
188.7	0.1651E-20
195.9	0.1649E-20
203.4	0.1647E-20
211.1	0.1643E-20
219.2	0.1637E-20
227.5	0.1629E-20
236.2	0.1620E-20
245.2	0.1608E-20
254.5	0.1595E-20
264.2	0.1579E-20
274.3	0.1561E-20
284.7	0.1540E-20
295.6	0.1518E-20
306.8	0.1493E-20
318.5	0.1467E-20
330.6	0.1439E-20
343.2	0.1410E-20
356.3	0.1379E-20
369.9	0.1347E-20
384.0	0.1315E-20
398.6	0.1282E-20
413.8	0.1249E-20
429.5	0.1216E-20
445.9	0.1183E-20
462.9	0.1151E-20
480.5	0.1119E-20
498.8	0.1087E-20
517.8	0.1056E-20
537.5	0.1026E-20
558.0	0.9966E-21
579.2	0.9681E-21
601.3	0.9405E-21
624.2	0.9139E-21
648.0	0.8881E-21
672.6	0.8633E-21
698.3	0.8393E-21
724.9	0.8162E-21
752.5	0.7940E-21
781.1	0.7727E-21
810.9	0.7521E-21
841.8	0.7324E-21
873.8	0.7135E-21
907.1	0.6953E-21
941.6	0.6778E-21
977.5	0.6610E-21
1015.	0.6449E-21
1053.	0.6294E-21
1094.	0.6145E-21
1135.	0.6003E-21
1178.	0.5866E-21
1223.	0.5734E-21
1270.	0.5608E-21
1318.	0.5487E-21
1368.	0.5372E-21
1421.	0.5261E-21
1475.	0.5155E-21
1531.	0.5054E-21
1589.	0.4957E-21
1650.	0.4865E-21
1712.	0.4778E-21
1778.	0.4697E-21
1845.	0.4620E-21
1916.	0.4547E-21
1989.	0.4479E-21
2064.	0.4416E-21
2143.	0.4357E-21
2225.	0.4304E-21
2309.	0.4256E-21
2397.	0.4212E-21
2489.	0.4174E-21
2583.	0.4141E-21
2682.	0.4113E-21
2784.	0.4090E-21
2890.	0.4073E-21
3000.	0.4060E-21
 
 
E/N (Td)	Power /N (eV m3/s)
10.22	0.6030E-15
10.61	0.6229E-15
11.02	0.6443E-15
11.44	0.6671E-15
11.87	0.6915E-15
12.33	0.7176E-15
12.80	0.7455E-15
13.28	0.7753E-15
13.79	0.8071E-15
14.31	0.8410E-15
14.86	0.8772E-15
15.42	0.9156E-15
16.01	0.9565E-15
16.62	0.1000E-14
17.25	0.1046E-14
17.91	0.1095E-14
18.59	0.1147E-14
19.30	0.1202E-14
20.04	0.1260E-14
20.80	0.1321E-14
21.59	0.1386E-14
22.42	0.1455E-14
23.27	0.1527E-14
24.16	0.1603E-14
25.08	0.1683E-14
26.03	0.1768E-14
27.02	0.1857E-14
28.05	0.1950E-14
29.12	0.2048E-14
30.23	0.2152E-14
31.38	0.2260E-14
32.57	0.2374E-14
33.82	0.2494E-14
35.10	0.2619E-14
36.44	0.2751E-14
37.83	0.2889E-14
39.27	0.3033E-14
40.76	0.3185E-14
42.32	0.3344E-14
43.93	0.3510E-14
45.60	0.3684E-14
47.34	0.3866E-14
49.14	0.4057E-14
51.01	0.4257E-14
52.96	0.4466E-14
54.97	0.4685E-14
57.07	0.4913E-14
59.24	0.5153E-14
61.50	0.5403E-14
63.84	0.5665E-14
66.27	0.5939E-14
68.79	0.6225E-14
71.41	0.6525E-14
74.13	0.6839E-14
76.96	0.7167E-14
79.89	0.7511E-14
82.93	0.7871E-14
86.09	0.8248E-14
89.37	0.8642E-14
92.77	0.9055E-14
96.31	0.9489E-14
99.97	0.9943E-14
103.8	0.1042E-13
107.7	0.1092E-13
111.8	0.1145E-13
116.1	0.1200E-13
120.5	0.1258E-13
125.1	0.1319E-13
129.9	0.1383E-13
134.8	0.1451E-13
140.0	0.1523E-13
145.3	0.1598E-13
150.8	0.1678E-13
156.6	0.1762E-13
162.5	0.1852E-13
168.7	0.1947E-13
175.1	0.2048E-13
181.8	0.2156E-13
188.7	0.2270E-13
195.9	0.2393E-13
203.4	0.2524E-13
211.1	0.2665E-13
219.2	0.2816E-13
227.5	0.2978E-13
236.2	0.3153E-13
245.2	0.3342E-13
254.5	0.3545E-13
264.2	0.3765E-13
274.3	0.4004E-13
284.7	0.4261E-13
295.6	0.4541E-13
306.8	0.4844E-13
318.5	0.5172E-13
330.6	0.5529E-13
343.2	0.5915E-13
356.3	0.6334E-13
369.9	0.6787E-13
384.0	0.7278E-13
398.6	0.7810E-13
413.8	0.8385E-13
429.5	0.9008E-13
445.9	0.9680E-13
462.9	0.1041E-12
480.5	0.1119E-12
498.8	0.1204E-12
517.8	0.1295E-12
537.5	0.1393E-12
558.0	0.1499E-12
579.2	0.1613E-12
601.3	0.1736E-12
624.2	0.1868E-12
648.0	0.2009E-12
672.6	0.2161E-12
698.3	0.2324E-12
724.9	0.2499E-12
752.5	0.2686E-12
781.1	0.2887E-12
810.9	0.3102E-12
841.8	0.3332E-12
873.8	0.3577E-12
907.1	0.3840E-12
941.6	0.4120E-12
977.5	0.4420E-12
1015.	0.4739E-12
1053.	0.5079E-12
1094.	0.5441E-12
1135.	0.5827E-12
1178.	0.6238E-12
1223.	0.6675E-12
1270.	0.7140E-12
1318.	0.7634E-12
1368.	0.8157E-12
1421.	0.8715E-12
1475.	0.9306E-12
1531.	0.9932E-12
1589.	0.1060E-11
1650.	0.1130E-11
1712.	0.1205E-11
1778.	0.1284E-11
1845.	0.1367E-11
1916.	0.1456E-11
1989.	0.1550E-11
2064.	0.1649E-11
2143.	0.1754E-11
2225.	0.1865E-11
2309.	0.1982E-11
2397.	0.2106E-11
2489.	0.2237E-11
2583.	0.2376E-11
2682.	0.2522E-11
2784.	0.2677E-11
2890.	0.2840E-11
3000.	0.3013E-11
 
 
E/N (Td)	Elastic power loss /N (eV m3/s)
10.22	0.6174E-18
10.61	0.6530E-18
11.02	0.6889E-18
11.44	0.7252E-18
11.87	0.7618E-18
12.33	0.7988E-18
12.80	0.8361E-18
13.28	0.8739E-18
13.79	0.9120E-18
14.31	0.9507E-18
14.86	0.9898E-18
15.42	0.1030E-17
16.01	0.1070E-17
16.62	0.1111E-17
17.25	0.1153E-17
17.91	0.1196E-17
18.59	0.1240E-17
19.30	0.1285E-17
20.04	0.1331E-17
20.80	0.1379E-17
21.59	0.1427E-17
22.42	0.1478E-17
23.27	0.1529E-17
24.16	0.1583E-17
25.08	0.1638E-17
26.03	0.1695E-17
27.02	0.1754E-17
28.05	0.1815E-17
29.12	0.1878E-17
30.23	0.1943E-17
31.38	0.2011E-17
32.57	0.2082E-17
33.82	0.2155E-17
35.10	0.2231E-17
36.44	0.2309E-17
37.83	0.2391E-17
39.27	0.2476E-17
40.76	0.2564E-17
42.32	0.2656E-17
43.93	0.2751E-17
45.60	0.2850E-17
47.34	0.2953E-17
49.14	0.3060E-17
51.01	0.3171E-17
52.96	0.3286E-17
54.97	0.3406E-17
57.07	0.3531E-17
59.24	0.3661E-17
61.50	0.3795E-17
63.84	0.3935E-17
66.27	0.4081E-17
68.79	0.4232E-17
71.41	0.4389E-17
74.13	0.4552E-17
76.96	0.4722E-17
79.89	0.4898E-17
82.93	0.5082E-17
86.09	0.5272E-17
89.37	0.5470E-17
92.77	0.5676E-17
96.31	0.5890E-17
99.97	0.6113E-17
103.8	0.6344E-17
107.7	0.6585E-17
111.8	0.6836E-17
116.1	0.7097E-17
120.5	0.7368E-17
125.1	0.7651E-17
129.9	0.7946E-17
134.8	0.8253E-17
140.0	0.8573E-17
145.3	0.8906E-17
150.8	0.9254E-17
156.6	0.9617E-17
162.5	0.9996E-17
168.7	0.1039E-16
175.1	0.1080E-16
181.8	0.1123E-16
188.7	0.1168E-16
195.9	0.1215E-16
203.4	0.1265E-16
211.1	0.1316E-16
219.2	0.1369E-16
227.5	0.1425E-16
236.2	0.1483E-16
245.2	0.1543E-16
254.5	0.1606E-16
264.2	0.1671E-16
274.3	0.1738E-16
284.7	0.1807E-16
295.6	0.1879E-16
306.8	0.1953E-16
318.5	0.2029E-16
330.6	0.2107E-16
343.2	0.2188E-16
356.3	0.2270E-16
369.9	0.2354E-16
384.0	0.2439E-16
398.6	0.2527E-16
413.8	0.2616E-16
429.5	0.2707E-16
445.9	0.2800E-16
462.9	0.2895E-16
480.5	0.2992E-16
498.8	0.3090E-16
517.8	0.3191E-16
537.5	0.3294E-16
558.0	0.3399E-16
579.2	0.3507E-16
601.3	0.3617E-16
624.2	0.3730E-16
648.0	0.3847E-16
672.6	0.3966E-16
698.3	0.4089E-16
724.9	0.4216E-16
752.5	0.4347E-16
781.1	0.4482E-16
810.9	0.4622E-16
841.8	0.4767E-16
873.8	0.4918E-16
907.1	0.5074E-16
941.6	0.5236E-16
977.5	0.5405E-16
1015.	0.5580E-16
1053.	0.5764E-16
1094.	0.5955E-16
1135.	0.6154E-16
1178.	0.6362E-16
1223.	0.6580E-16
1270.	0.6808E-16
1318.	0.7046E-16
1368.	0.7295E-16
1421.	0.7557E-16
1475.	0.7832E-16
1531.	0.8119E-16
1589.	0.8422E-16
1650.	0.8739E-16
1712.	0.9072E-16
1778.	0.9421E-16
1845.	0.9788E-16
1916.	0.1018E-15
1989.	0.1058E-15
2064.	0.1101E-15
2143.	0.1146E-15
2225.	0.1193E-15
2309.	0.1243E-15
2397.	0.1296E-15
2489.	0.1351E-15
2583.	0.1409E-15
2682.	0.1471E-15
2784.	0.1536E-15
2890.	0.1604E-15
3000.	0.1676E-15
 
 
E/N (Td)	Inelastic power loss /N (eV m3/s)
10.22	0.7785E-15
10.61	0.7993E-15
11.02	0.8216E-15
11.44	0.8455E-15
11.87	0.8710E-15
12.33	0.8984E-15
12.80	0.9276E-15
13.28	0.9589E-15
13.79	0.9922E-15
14.31	0.1028E-14
14.86	0.1065E-14
15.42	0.1105E-14
16.01	0.1148E-14
16.62	0.1193E-14
17.25	0.1241E-14
17.91	0.1292E-14
18.59	0.1346E-14
19.30	0.1402E-14
20.04	0.1462E-14
20.80	0.1526E-14
21.59	0.1592E-14
22.42	0.1663E-14
23.27	0.1737E-14
24.16	0.1815E-14
25.08	0.1897E-14
26.03	0.1984E-14
27.02	0.2075E-14
28.05	0.2171E-14
29.12	0.2271E-14
30.23	0.2377E-14
31.38	0.2487E-14
32.57	0.2603E-14
33.82	0.2725E-14
35.10	0.2853E-14
36.44	0.2987E-14
37.83	0.3128E-14
39.27	0.3275E-14
40.76	0.3429E-14
42.32	0.3590E-14
43.93	0.3759E-14
45.60	0.3936E-14
47.34	0.4121E-14
49.14	0.4315E-14
51.01	0.4517E-14
52.96	0.4729E-14
54.97	0.4951E-14
57.07	0.5183E-14
59.24	0.5426E-14
61.50	0.5679E-14
63.84	0.5944E-14
66.27	0.6222E-14
68.79	0.6512E-14
71.41	0.6816E-14
74.13	0.7134E-14
76.96	0.7467E-14
79.89	0.7815E-14
82.93	0.8180E-14
86.09	0.8562E-14
89.37	0.8961E-14
92.77	0.9380E-14
96.31	0.9820E-14
99.97	0.1028E-13
103.8	0.1076E-13
107.7	0.1127E-13
111.8	0.1180E-13
116.1	0.1236E-13
120.5	0.1295E-13
125.1	0.1357E-13
129.9	0.1422E-13
134.8	0.1491E-13
140.0	0.1564E-13
145.3	0.1640E-13
150.8	0.1721E-13
156.6	0.1807E-13
162.5	0.1898E-13
168.7	0.1994E-13
175.1	0.2096E-13
181.8	0.2205E-13
188.7	0.2321E-13
195.9	0.2444E-13
203.4	0.2576E-13
211.1	0.2717E-13
219.2	0.2868E-13
227.5	0.3029E-13
236.2	0.3202E-13
245.2	0.3388E-13
254.5	0.3587E-13
264.2	0.3801E-13
274.3	0.4030E-13
284.7	0.4276E-13
295.6	0.4541E-13
306.8	0.4824E-13
318.5	0.5128E-13
330.6	0.5453E-13
343.2	0.5802E-13
356.3	0.6174E-13
369.9	0.6572E-13
384.0	0.6996E-13
398.6	0.7448E-13
413.8	0.7931E-13
429.5	0.8444E-13
445.9	0.8989E-13
462.9	0.9569E-13
480.5	0.1018E-12
498.8	0.1084E-12
517.8	0.1153E-12
537.5	0.1226E-12
558.0	0.1304E-12
579.2	0.1386E-12
601.3	0.1473E-12
624.2	0.1565E-12
648.0	0.1662E-12
672.6	0.1764E-12
698.3	0.1872E-12
724.9	0.1985E-12
752.5	0.2105E-12
781.1	0.2230E-12
810.9	0.2363E-12
841.8	0.2502E-12
873.8	0.2647E-12
907.1	0.2800E-12
941.6	0.2961E-12
977.5	0.3128E-12
1015.	0.3304E-12
1053.	0.3488E-12
1094.	0.3679E-12
1135.	0.3879E-12
1178.	0.4088E-12
1223.	0.4306E-12
1270.	0.4532E-12
1318.	0.4768E-12
1368.	0.5012E-12
1421.	0.5267E-12
1475.	0.5530E-12
1531.	0.5804E-12
1589.	0.6088E-12
1650.	0.6381E-12
1712.	0.6684E-12
1778.	0.6996E-12
1845.	0.7319E-12
1916.	0.7654E-12
1989.	0.7998E-12
2064.	0.8353E-12
2143.	0.8718E-12
2225.	0.9094E-12
2309.	0.9480E-12
2397.	0.9876E-12
2489.	0.1028E-11
2583.	0.1070E-11
2682.	0.1113E-11
2784.	0.1157E-11
2890.	0.1202E-11
3000.	0.1248E-11
 
 
E/N (Td)	Growth power /N (eV m3/s)
10.22	-0.1762E-15
10.61	-0.1770E-15
11.02	-0.1780E-15
11.44	-0.1791E-15
11.87	-0.1803E-15
12.33	-0.1816E-15
12.80	-0.1830E-15
13.28	-0.1844E-15
13.79	-0.1860E-15
14.31	-0.1876E-15
14.86	-0.1892E-15
15.42	-0.1909E-15
16.01	-0.1926E-15
16.62	-0.1944E-15
17.25	-0.1962E-15
17.91	-0.1980E-15
18.59	-0.1999E-15
19.30	-0.2018E-15
20.04	-0.2037E-15
20.80	-0.2056E-15
21.59	-0.2076E-15
22.42	-0.2096E-15
23.27	-0.2116E-15
24.16	-0.2137E-15
25.08	-0.2158E-15
26.03	-0.2179E-15
27.02	-0.2201E-15
28.05	-0.2222E-15
29.12	-0.2245E-15
30.23	-0.2267E-15
31.38	-0.2290E-15
32.57	-0.2314E-15
33.82	-0.2337E-15
35.10	-0.2362E-15
36.44	-0.2386E-15
37.83	-0.2411E-15
39.27	-0.2437E-15
40.76	-0.2463E-15
42.32	-0.2490E-15
43.93	-0.2517E-15
45.60	-0.2545E-15
47.34	-0.2574E-15
49.14	-0.2603E-15
51.01	-0.2634E-15
52.96	-0.2665E-15
54.97	-0.2697E-15
57.07	-0.2730E-15
59.24	-0.2765E-15
61.50	-0.2800E-15
63.84	-0.2837E-15
66.27	-0.2875E-15
68.79	-0.2915E-15
71.41	-0.2956E-15
74.13	-0.2999E-15
76.96	-0.3044E-15
79.89	-0.3092E-15
82.93	-0.3141E-15
86.09	-0.3193E-15
89.37	-0.3248E-15
92.77	-0.3306E-15
96.31	-0.3367E-15
99.97	-0.3431E-15
103.8	-0.3499E-15
107.7	-0.3571E-15
111.8	-0.3647E-15
116.1	-0.3727E-15
120.5	-0.3813E-15
125.1	-0.3903E-15
129.9	-0.3998E-15
134.8	-0.4099E-15
140.0	-0.4204E-15
145.3	-0.4315E-15
150.8	-0.4430E-15
156.6	-0.4550E-15
162.5	-0.4672E-15
168.7	-0.4795E-15
175.1	-0.4917E-15
181.8	-0.5034E-15
188.7	-0.5142E-15
195.9	-0.5234E-15
203.4	-0.5301E-15
211.1	-0.5334E-15
219.2	-0.5316E-15
227.5	-0.5232E-15
236.2	-0.5059E-15
245.2	-0.4769E-15
254.5	-0.4329E-15
264.2	-0.3699E-15
274.3	-0.2833E-15
284.7	-0.1674E-15
295.6	-0.1584E-16
306.8	0.1788E-15
318.5	0.4251E-15
330.6	0.7322E-15
343.2	0.1111E-14
356.3	0.1572E-14
369.9	0.2130E-14
384.0	0.2796E-14
398.6	0.3588E-14
413.8	0.4521E-14
429.5	0.5613E-14
445.9	0.6883E-14
462.9	0.8352E-14
480.5	0.1004E-13
498.8	0.1197E-13
517.8	0.1417E-13
537.5	0.1667E-13
558.0	0.1950E-13
579.2	0.2268E-13
601.3	0.2626E-13
624.2	0.3026E-13
648.0	0.3472E-13
672.6	0.3970E-13
698.3	0.4523E-13
724.9	0.5136E-13
752.5	0.5814E-13
781.1	0.6563E-13
810.9	0.7389E-13
841.8	0.8298E-13
873.8	0.9297E-13
907.1	0.1039E-12
941.6	0.1159E-12
977.5	0.1291E-12
1015.	0.1434E-12
1053.	0.1591E-12
1094.	0.1762E-12
1135.	0.1947E-12
1178.	0.2149E-12
1223.	0.2369E-12
1270.	0.2608E-12
1318.	0.2866E-12
1368.	0.3145E-12
1421.	0.3448E-12
1475.	0.3775E-12
1531.	0.4129E-12
1589.	0.4511E-12
1650.	0.4923E-12
1712.	0.5366E-12
1778.	0.5841E-12
1845.	0.6355E-12
1916.	0.6908E-12
1989.	0.7502E-12
2064.	0.8139E-12
2143.	0.8824E-12
2225.	0.9558E-12
2309.	0.1034E-11
2397.	0.1119E-11
2489.	0.1209E-11
2583.	0.1306E-11
2682.	0.1410E-11
2784.	0.1520E-11
2890.	0.1639E-11
3000.	0.1766E-11
 
 
E/N (Td)	Maximum energy
10.22	5.317
10.61	5.317
11.02	5.317
11.44	5.317
11.87	5.317
12.33	5.317
12.80	5.317
13.28	5.317
13.79	5.317
14.31	5.317
14.86	5.317
15.42	5.317
16.01	6.333
16.62	6.333
17.25	6.333
17.91	6.333
18.59	6.333
19.30	6.333
20.04	6.333
20.80	6.333
21.59	6.333
22.42	6.333
23.27	7.542
24.16	7.542
25.08	7.542
26.03	7.542
27.02	7.542
28.05	7.542
29.12	7.542
30.23	7.542
31.38	8.983
32.57	8.983
33.82	8.983
35.10	8.983
36.44	8.983
37.83	8.983
39.27	8.983
40.76	10.70
42.32	10.70
43.93	10.70
45.60	10.70
47.34	10.70
49.14	10.70
51.01	12.74
52.96	12.74
54.97	12.74
57.07	12.74
59.24	12.74
61.50	15.14
63.84	15.14
66.27	15.14
68.79	15.14
71.41	15.14
74.13	17.99
76.96	17.99
79.89	17.99
82.93	17.99
86.09	17.99
89.37	21.36
92.77	21.36
96.31	21.36
99.97	21.36
103.8	21.36
107.7	25.33
111.8	25.33
116.1	25.33
120.5	25.33
125.1	25.33
129.9	25.33
134.8	30.03
140.0	30.03
145.3	30.03
150.8	30.03
156.6	30.03
162.5	30.03
168.7	35.59
175.1	35.59
181.8	35.59
188.7	35.59
195.9	35.59
203.4	35.59
211.1	42.16
219.2	42.16
227.5	42.16
236.2	42.16
245.2	42.16
254.5	49.93
264.2	49.93
274.3	49.93
284.7	49.93
295.6	49.93
306.8	49.93
318.5	59.11
330.6	59.11
343.2	59.11
356.3	59.11
369.9	59.11
384.0	69.96
398.6	69.96
413.8	69.96
429.5	69.96
445.9	69.96
462.9	82.79
480.5	82.79
498.8	82.79
517.8	82.79
537.5	82.79
558.0	97.95
579.2	97.95
601.3	97.95
624.2	97.95
648.0	97.95
672.6	115.9
698.3	115.9
724.9	115.9
752.5	115.9
781.1	115.9
810.9	137.1
841.8	137.1
873.8	137.1
907.1	137.1
941.6	162.1
977.5	162.1
1015.	162.1
1053.	162.1
1094.	191.7
1135.	191.7
1178.	191.7
1223.	191.7
1270.	226.7
1318.	226.7
1368.	226.7
1421.	268.1
1475.	268.1
1531.	268.1
1589.	317.0
1650.	317.0
1712.	317.0
1778.	374.8
1845.	374.8
1916.	443.1
1989.	443.1
2064.	443.1
2143.	523.9
2225.	523.9
2309.	523.9
2397.	619.3
2489.	619.3
2583.	732.2
2682.	732.2
2784.	732.2
2890.	865.6
3000.	865.6
 
 
E/N (Td)	# of iterations
10.22	26.00
10.61	7.000
11.02	7.000
11.44	7.000
11.87	6.000
12.33	6.000
12.80	6.000
13.28	6.000
13.79	6.000
14.31	6.000
14.86	6.000
15.42	6.000
16.01	12.00
16.62	6.000
17.25	6.000
17.91	6.000
18.59	6.000
19.30	6.000
20.04	6.000
20.80	6.000
21.59	6.000
22.42	6.000
23.27	11.00
24.16	5.000
25.08	5.000
26.03	5.000
27.02	5.000
28.05	5.000
29.12	5.000
30.23	5.000
31.38	10.00
32.57	5.000
33.82	5.000
35.10	5.000
36.44	5.000
37.83	5.000
39.27	5.000
40.76	10.00
42.32	5.000
43.93	5.000
45.60	5.000
47.34	5.000
49.14	5.000
51.01	10.00
52.96	5.000
54.97	5.000
57.07	5.000
59.24	5.000
61.50	10.00
63.84	5.000
66.27	5.000
68.79	5.000
71.41	5.000
74.13	10.00
76.96	5.000
79.89	5.000
82.93	5.000
86.09	5.000
89.37	10.00
92.77	5.000
96.31	5.000
99.97	5.000
103.8	5.000
107.7	9.000
111.8	5.000
116.1	5.000
120.5	5.000
125.1	5.000
129.9	4.000
134.8	9.000
140.0	5.000
145.3	5.000
150.8	5.000
156.6	4.000
162.5	4.000
168.7	9.000
175.1	5.000
181.8	5.000
188.7	4.000
195.9	4.000
203.4	4.000
211.1	9.000
219.2	5.000
227.5	4.000
236.2	4.000
245.2	4.000
254.5	9.000
264.2	5.000
274.3	4.000
284.7	4.000
295.6	4.000
306.8	4.000
318.5	9.000
330.6	4.000
343.2	4.000
356.3	5.000
369.9	5.000
384.0	10.00
398.6	5.000
413.8	5.000
429.5	5.000
445.9	5.000
462.9	10.00
480.5	5.000
498.8	5.000
517.8	6.000
537.5	6.000
558.0	12.00
579.2	6.000
601.3	6.000
624.2	6.000
648.0	6.000
672.6	12.00
698.3	6.000
724.9	6.000
752.5	6.000
781.1	6.000
810.9	12.00
841.8	6.000
873.8	6.000
907.1	6.000
941.6	12.00
977.5	6.000
1015.	6.000
1053.	6.000
1094.	13.00
1135.	7.000
1178.	7.000
1223.	7.000
1270.	13.00
1318.	7.000
1368.	7.000
1421.	14.00
1475.	7.000
1531.	7.000
1589.	14.00
1650.	7.000
1712.	7.000
1778.	15.00
1845.	8.000
1916.	16.00
1989.	8.000
2064.	8.000
2143.	16.00
2225.	8.000
2309.	8.000
2397.	16.00
2489.	8.000
2583.	16.00
2682.	8.000
2784.	8.000
2890.	16.00
3000.	8.000
 
 
E/N (Td)	# of grid trials
10.22	3.000
10.61	1.000
11.02	1.000
11.44	1.000
11.87	1.000
12.33	1.000
12.80	1.000
13.28	1.000
13.79	1.000
14.31	1.000
14.86	1.000
15.42	1.000
16.01	2.000
16.62	1.000
17.25	1.000
17.91	1.000
18.59	1.000
19.30	1.000
20.04	1.000
20.80	1.000
21.59	1.000
22.42	1.000
23.27	2.000
24.16	1.000
25.08	1.000
26.03	1.000
27.02	1.000
28.05	1.000
29.12	1.000
30.23	1.000
31.38	2.000
32.57	1.000
33.82	1.000
35.10	1.000
36.44	1.000
37.83	1.000
39.27	1.000
40.76	2.000
42.32	1.000
43.93	1.000
45.60	1.000
47.34	1.000
49.14	1.000
51.01	2.000
52.96	1.000
54.97	1.000
57.07	1.000
59.24	1.000
61.50	2.000
63.84	1.000
66.27	1.000
68.79	1.000
71.41	1.000
74.13	2.000
76.96	1.000
79.89	1.000
82.93	1.000
86.09	1.000
89.37	2.000
92.77	1.000
96.31	1.000
99.97	1.000
103.8	1.000
107.7	2.000
111.8	1.000
116.1	1.000
120.5	1.000
125.1	1.000
129.9	1.000
134.8	2.000
140.0	1.000
145.3	1.000
150.8	1.000
156.6	1.000
162.5	1.000
168.7	2.000
175.1	1.000
181.8	1.000
188.7	1.000
195.9	1.000
203.4	1.000
211.1	2.000
219.2	1.000
227.5	1.000
236.2	1.000
245.2	1.000
254.5	2.000
264.2	1.000
274.3	1.000
284.7	1.000
295.6	1.000
306.8	1.000
318.5	2.000
330.6	1.000
343.2	1.000
356.3	1.000
369.9	1.000
384.0	2.000
398.6	1.000
413.8	1.000
429.5	1.000
445.9	1.000
462.9	2.000
480.5	1.000
498.8	1.000
517.8	1.000
537.5	1.000
558.0	2.000
579.2	1.000
601.3	1.000
624.2	1.000
648.0	1.000
672.6	2.000
698.3	1.000
724.9	1.000
752.5	1.000
781.1	1.000
810.9	2.000
841.8	1.000
873.8	1.000
907.1	1.000
941.6	2.000
977.5	1.000
1015.	1.000
1053.	1.000
1094.	2.000
1135.	1.000
1178.	1.000
1223.	1.000
1270.	2.000
1318.	1.000
1368.	1.000
1421.	2.000
1475.	1.000
1531.	1.000
1589.	2.000
1650.	1.000
1712.	1.000
1778.	2.000
1845.	1.000
1916.	2.000
1989.	1.000
2064.	1.000
2143.	2.000
2225.	1.000
2309.	1.000
2397.	2.000
2489.	1.000
2583.	2.000
2682.	1.000
2784.	1.000
2890.	2.000
3000.	1.000
 
 
C1    Cl2    Attachment                                         
E/N (Td)	Rate coefficient (m3/s)
10.22	0.1666E-15
10.61	0.1642E-15
11.02	0.1622E-15
11.44	0.1604E-15
11.87	0.1588E-15
12.33	0.1575E-15
12.80	0.1564E-15
13.28	0.1554E-15
13.79	0.1546E-15
14.31	0.1539E-15
14.86	0.1533E-15
15.42	0.1529E-15
16.01	0.1525E-15
16.62	0.1521E-15
17.25	0.1519E-15
17.91	0.1516E-15
18.59	0.1515E-15
19.30	0.1513E-15
20.04	0.1512E-15
20.80	0.1512E-15
21.59	0.1511E-15
22.42	0.1511E-15
23.27	0.1511E-15
24.16	0.1512E-15
25.08	0.1512E-15
26.03	0.1513E-15
27.02	0.1514E-15
28.05	0.1514E-15
29.12	0.1515E-15
30.23	0.1516E-15
31.38	0.1518E-15
32.57	0.1519E-15
33.82	0.1520E-15
35.10	0.1522E-15
36.44	0.1523E-15
37.83	0.1525E-15
39.27	0.1526E-15
40.76	0.1528E-15
42.32	0.1530E-15
43.93	0.1532E-15
45.60	0.1534E-15
47.34	0.1536E-15
49.14	0.1539E-15
51.01	0.1541E-15
52.96	0.1544E-15
54.97	0.1547E-15
57.07	0.1550E-15
59.24	0.1553E-15
61.50	0.1557E-15
63.84	0.1561E-15
66.27	0.1565E-15
68.79	0.1570E-15
71.41	0.1575E-15
74.13	0.1581E-15
76.96	0.1587E-15
79.89	0.1594E-15
82.93	0.1601E-15
86.09	0.1609E-15
89.37	0.1617E-15
92.77	0.1626E-15
96.31	0.1636E-15
99.97	0.1647E-15
103.8	0.1659E-15
107.7	0.1672E-15
111.8	0.1685E-15
116.1	0.1700E-15
120.5	0.1715E-15
125.1	0.1732E-15
129.9	0.1750E-15
134.8	0.1769E-15
140.0	0.1789E-15
145.3	0.1810E-15
150.8	0.1832E-15
156.6	0.1855E-15
162.5	0.1880E-15
168.7	0.1905E-15
175.1	0.1931E-15
181.8	0.1958E-15
188.7	0.1986E-15
195.9	0.2015E-15
203.4	0.2044E-15
211.1	0.2073E-15
219.2	0.2103E-15
227.5	0.2133E-15
236.2	0.2163E-15
245.2	0.2192E-15
254.5	0.2221E-15
264.2	0.2250E-15
274.3	0.2278E-15
284.7	0.2306E-15
295.6	0.2332E-15
306.8	0.2358E-15
318.5	0.2382E-15
330.6	0.2406E-15
343.2	0.2429E-15
356.3	0.2451E-15
369.9	0.2472E-15
384.0	0.2493E-15
398.6	0.2512E-15
413.8	0.2532E-15
429.5	0.2551E-15
445.9	0.2569E-15
462.9	0.2587E-15
480.5	0.2605E-15
498.8	0.2624E-15
517.8	0.2642E-15
537.5	0.2660E-15
558.0	0.2678E-15
579.2	0.2697E-15
601.3	0.2715E-15
624.2	0.2734E-15
648.0	0.2754E-15
672.6	0.2773E-15
698.3	0.2794E-15
724.9	0.2814E-15
752.5	0.2835E-15
781.1	0.2856E-15
810.9	0.2877E-15
841.8	0.2899E-15
873.8	0.2921E-15
907.1	0.2943E-15
941.6	0.2966E-15
977.5	0.2988E-15
1015.	0.3011E-15
1053.	0.3035E-15
1094.	0.3058E-15
1135.	0.3081E-15
1178.	0.3105E-15
1223.	0.3129E-15
1270.	0.3153E-15
1318.	0.3178E-15
1368.	0.3202E-15
1421.	0.3227E-15
1475.	0.3253E-15
1531.	0.3279E-15
1589.	0.3306E-15
1650.	0.3334E-15
1712.	0.3362E-15
1778.	0.3392E-15
1845.	0.3423E-15
1916.	0.3456E-15
1989.	0.3491E-15
2064.	0.3527E-15
2143.	0.3567E-15
2225.	0.3608E-15
2309.	0.3653E-15
2397.	0.3701E-15
2489.	0.3753E-15
2583.	0.3808E-15
2682.	0.3868E-15
2784.	0.3933E-15
2890.	0.4003E-15
3000.	0.4078E-15
 
 
C2    Cl2    Effective (momentum)                               
E/N (Td)	Rate coefficient (m3/s)
10.22	0.2600E-13
10.61	0.2698E-13
11.02	0.2796E-13
11.44	0.2894E-13
11.87	0.2992E-13
12.33	0.3090E-13
12.80	0.3188E-13
13.28	0.3285E-13
13.79	0.3383E-13
14.31	0.3481E-13
14.86	0.3579E-13
15.42	0.3678E-13
16.01	0.3778E-13
16.62	0.3878E-13
17.25	0.3979E-13
17.91	0.4081E-13
18.59	0.4185E-13
19.30	0.4290E-13
20.04	0.4396E-13
20.80	0.4505E-13
21.59	0.4615E-13
22.42	0.4727E-13
23.27	0.4842E-13
24.16	0.4959E-13
25.08	0.5079E-13
26.03	0.5201E-13
27.02	0.5327E-13
28.05	0.5455E-13
29.12	0.5587E-13
30.23	0.5722E-13
31.38	0.5861E-13
32.57	0.6004E-13
33.82	0.6150E-13
35.10	0.6301E-13
36.44	0.6456E-13
37.83	0.6615E-13
39.27	0.6778E-13
40.76	0.6946E-13
42.32	0.7119E-13
43.93	0.7297E-13
45.60	0.7480E-13
47.34	0.7669E-13
49.14	0.7862E-13
51.01	0.8062E-13
52.96	0.8267E-13
54.97	0.8477E-13
57.07	0.8694E-13
59.24	0.8917E-13
61.50	0.9145E-13
63.84	0.9380E-13
66.27	0.9622E-13
68.79	0.9870E-13
71.41	0.1013E-12
74.13	0.1039E-12
76.96	0.1066E-12
79.89	0.1093E-12
82.93	0.1121E-12
86.09	0.1151E-12
89.37	0.1180E-12
92.77	0.1211E-12
96.31	0.1242E-12
99.97	0.1274E-12
103.8	0.1307E-12
107.7	0.1341E-12
111.8	0.1375E-12
116.1	0.1411E-12
120.5	0.1447E-12
125.1	0.1484E-12
129.9	0.1522E-12
134.8	0.1560E-12
140.0	0.1600E-12
145.3	0.1640E-12
150.8	0.1681E-12
156.6	0.1723E-12
162.5	0.1766E-12
168.7	0.1810E-12
175.1	0.1854E-12
181.8	0.1899E-12
188.7	0.1944E-12
195.9	0.1990E-12
203.4	0.2037E-12
211.1	0.2084E-12
219.2	0.2132E-12
227.5	0.2179E-12
236.2	0.2227E-12
245.2	0.2275E-12
254.5	0.2322E-12
264.2	0.2369E-12
274.3	0.2416E-12
284.7	0.2462E-12
295.6	0.2507E-12
306.8	0.2552E-12
318.5	0.2595E-12
330.6	0.2638E-12
343.2	0.2679E-12
356.3	0.2718E-12
369.9	0.2757E-12
384.0	0.2794E-12
398.6	0.2829E-12
413.8	0.2864E-12
429.5	0.2896E-12
445.9	0.2928E-12
462.9	0.2958E-12
480.5	0.2986E-12
498.8	0.3014E-12
517.8	0.3040E-12
537.5	0.3065E-12
558.0	0.3088E-12
579.2	0.3111E-12
601.3	0.3133E-12
624.2	0.3153E-12
648.0	0.3173E-12
672.6	0.3192E-12
698.3	0.3211E-12
724.9	0.3228E-12
752.5	0.3245E-12
781.1	0.3261E-12
810.9	0.3277E-12
841.8	0.3293E-12
873.8	0.3308E-12
907.1	0.3322E-12
941.6	0.3337E-12
977.5	0.3351E-12
1015.	0.3365E-12
1053.	0.3379E-12
1094.	0.3394E-12
1135.	0.3408E-12
1178.	0.3422E-12
1223.	0.3437E-12
1270.	0.3451E-12
1318.	0.3466E-12
1368.	0.3482E-12
1421.	0.3498E-12
1475.	0.3514E-12
1531.	0.3531E-12
1589.	0.3548E-12
1650.	0.3566E-12
1712.	0.3585E-12
1778.	0.3604E-12
1845.	0.3624E-12
1916.	0.3645E-12
1989.	0.3667E-12
2064.	0.3690E-12
2143.	0.3714E-12
2225.	0.3738E-12
2309.	0.3764E-12
2397.	0.3791E-12
2489.	0.3819E-12
2583.	0.3848E-12
2682.	0.3878E-12
2784.	0.3910E-12
2890.	0.3942E-12
3000.	0.3976E-12
 
 
C3    Cl2    Excitation    0.069 eV                             
E/N (Td)	Rate coefficient (m3/s)
10.22	0.9775E-14
10.61	0.9795E-14
11.02	0.9810E-14
11.44	0.9820E-14
11.87	0.9827E-14
12.33	0.9831E-14
12.80	0.9832E-14
13.28	0.9830E-14
13.79	0.9825E-14
14.31	0.9819E-14
14.86	0.9810E-14
15.42	0.9799E-14
16.01	0.9787E-14
16.62	0.9773E-14
17.25	0.9758E-14
17.91	0.9742E-14
18.59	0.9724E-14
19.30	0.9704E-14
20.04	0.9684E-14
20.80	0.9662E-14
21.59	0.9639E-14
22.42	0.9615E-14
23.27	0.9590E-14
24.16	0.9564E-14
25.08	0.9536E-14
26.03	0.9508E-14
27.02	0.9478E-14
28.05	0.9448E-14
29.12	0.9416E-14
30.23	0.9383E-14
31.38	0.9349E-14
32.57	0.9314E-14
33.82	0.9277E-14
35.10	0.9240E-14
36.44	0.9201E-14
37.83	0.9161E-14
39.27	0.9120E-14
40.76	0.9078E-14
42.32	0.9035E-14
43.93	0.8990E-14
45.60	0.8944E-14
47.34	0.8897E-14
49.14	0.8849E-14
51.01	0.8799E-14
52.96	0.8749E-14
54.97	0.8697E-14
57.07	0.8643E-14
59.24	0.8589E-14
61.50	0.8533E-14
63.84	0.8476E-14
66.27	0.8417E-14
68.79	0.8357E-14
71.41	0.8296E-14
74.13	0.8233E-14
76.96	0.8169E-14
79.89	0.8104E-14
82.93	0.8037E-14
86.09	0.7969E-14
89.37	0.7900E-14
92.77	0.7828E-14
96.31	0.7756E-14
99.97	0.7682E-14
103.8	0.7606E-14
107.7	0.7529E-14
111.8	0.7450E-14
116.1	0.7369E-14
120.5	0.7287E-14
125.1	0.7203E-14
129.9	0.7117E-14
134.8	0.7029E-14
140.0	0.6940E-14
145.3	0.6848E-14
150.8	0.6755E-14
156.6	0.6660E-14
162.5	0.6562E-14
168.7	0.6463E-14
175.1	0.6361E-14
181.8	0.6258E-14
188.7	0.6152E-14
195.9	0.6044E-14
203.4	0.5934E-14
211.1	0.5821E-14
219.2	0.5707E-14
227.5	0.5591E-14
236.2	0.5473E-14
245.2	0.5353E-14
254.5	0.5232E-14
264.2	0.5110E-14
274.3	0.4987E-14
284.7	0.4863E-14
295.6	0.4739E-14
306.8	0.4615E-14
318.5	0.4491E-14
330.6	0.4367E-14
343.2	0.4245E-14
356.3	0.4123E-14
369.9	0.4003E-14
384.0	0.3885E-14
398.6	0.3768E-14
413.8	0.3654E-14
429.5	0.3541E-14
445.9	0.3431E-14
462.9	0.3323E-14
480.5	0.3218E-14
498.8	0.3115E-14
517.8	0.3014E-14
537.5	0.2916E-14
558.0	0.2821E-14
579.2	0.2727E-14
601.3	0.2637E-14
624.2	0.2548E-14
648.0	0.2463E-14
672.6	0.2379E-14
698.3	0.2297E-14
724.9	0.2218E-14
752.5	0.2142E-14
781.1	0.2067E-14
810.9	0.1994E-14
841.8	0.1924E-14
873.8	0.1855E-14
907.1	0.1789E-14
941.6	0.1724E-14
977.5	0.1661E-14
1015.	0.1601E-14
1053.	0.1542E-14
1094.	0.1485E-14
1135.	0.1429E-14
1178.	0.1375E-14
1223.	0.1323E-14
1270.	0.1273E-14
1318.	0.1224E-14
1368.	0.1177E-14
1421.	0.1131E-14
1475.	0.1087E-14
1531.	0.1044E-14
1589.	0.1002E-14
1650.	0.9624E-15
1712.	0.9237E-15
1778.	0.8867E-15
1845.	0.8507E-15
1916.	0.8155E-15
1989.	0.7820E-15
2064.	0.7496E-15
2143.	0.7183E-15
2225.	0.6882E-15
2309.	0.6592E-15
2397.	0.6314E-15
2489.	0.6045E-15
2583.	0.5786E-15
2682.	0.5536E-15
2784.	0.5296E-15
2890.	0.5065E-15
3000.	0.4843E-15
 
 
C4    Cl2    Excitation    2.50 eV                              
E/N (Td)	Rate coefficient (m3/s)
10.22	0.3593E-16
10.61	0.4217E-16
11.02	0.4910E-16
11.44	0.5675E-16
11.87	0.6516E-16
12.33	0.7435E-16
12.80	0.8436E-16
13.28	0.9521E-16
13.79	0.1069E-15
14.31	0.1196E-15
14.86	0.1331E-15
15.42	0.1476E-15
16.01	0.1631E-15
16.62	0.1797E-15
17.25	0.1973E-15
17.91	0.2160E-15
18.59	0.2358E-15
19.30	0.2568E-15
20.04	0.2789E-15
20.80	0.3024E-15
21.59	0.3271E-15
22.42	0.3531E-15
23.27	0.3805E-15
24.16	0.4093E-15
25.08	0.4396E-15
26.03	0.4714E-15
27.02	0.5047E-15
28.05	0.5396E-15
29.12	0.5762E-15
30.23	0.6144E-15
31.38	0.6544E-15
32.57	0.6962E-15
33.82	0.7398E-15
35.10	0.7854E-15
36.44	0.8330E-15
37.83	0.8825E-15
39.27	0.9342E-15
40.76	0.9880E-15
42.32	0.1044E-14
43.93	0.1102E-14
45.60	0.1163E-14
47.34	0.1226E-14
49.14	0.1292E-14
51.01	0.1360E-14
52.96	0.1431E-14
54.97	0.1505E-14
57.07	0.1582E-14
59.24	0.1661E-14
61.50	0.1743E-14
63.84	0.1829E-14
66.27	0.1918E-14
68.79	0.2010E-14
71.41	0.2105E-14
74.13	0.2204E-14
76.96	0.2307E-14
79.89	0.2413E-14
82.93	0.2523E-14
86.09	0.2637E-14
89.37	0.2755E-14
92.77	0.2877E-14
96.31	0.3003E-14
99.97	0.3134E-14
103.8	0.3269E-14
107.7	0.3408E-14
111.8	0.3552E-14
116.1	0.3701E-14
120.5	0.3854E-14
125.1	0.4012E-14
129.9	0.4175E-14
134.8	0.4342E-14
140.0	0.4514E-14
145.3	0.4691E-14
150.8	0.4873E-14
156.6	0.5058E-14
162.5	0.5248E-14
168.7	0.5441E-14
175.1	0.5638E-14
181.8	0.5839E-14
188.7	0.6042E-14
195.9	0.6246E-14
203.4	0.6453E-14
211.1	0.6660E-14
219.2	0.6867E-14
227.5	0.7073E-14
236.2	0.7277E-14
245.2	0.7477E-14
254.5	0.7673E-14
264.2	0.7864E-14
274.3	0.8049E-14
284.7	0.8226E-14
295.6	0.8394E-14
306.8	0.8554E-14
318.5	0.8702E-14
330.6	0.8840E-14
343.2	0.8967E-14
356.3	0.9081E-14
369.9	0.9183E-14
384.0	0.9272E-14
398.6	0.9349E-14
413.8	0.9413E-14
429.5	0.9465E-14
445.9	0.9504E-14
462.9	0.9532E-14
480.5	0.9548E-14
498.8	0.9553E-14
517.8	0.9547E-14
537.5	0.9530E-14
558.0	0.9503E-14
579.2	0.9466E-14
601.3	0.9420E-14
624.2	0.9366E-14
648.0	0.9303E-14
672.6	0.9232E-14
698.3	0.9153E-14
724.9	0.9067E-14
752.5	0.8974E-14
781.1	0.8874E-14
810.9	0.8768E-14
841.8	0.8656E-14
873.8	0.8539E-14
907.1	0.8417E-14
941.6	0.8290E-14
977.5	0.8158E-14
1015.	0.8023E-14
1053.	0.7884E-14
1094.	0.7742E-14
1135.	0.7597E-14
1178.	0.7449E-14
1223.	0.7298E-14
1270.	0.7146E-14
1318.	0.6992E-14
1368.	0.6837E-14
1421.	0.6680E-14
1475.	0.6522E-14
1531.	0.6364E-14
1589.	0.6205E-14
1650.	0.6047E-14
1712.	0.5889E-14
1778.	0.5732E-14
1845.	0.5575E-14
1916.	0.5419E-14
1989.	0.5264E-14
2064.	0.5110E-14
2143.	0.4957E-14
2225.	0.4806E-14
2309.	0.4657E-14
2397.	0.4510E-14
2489.	0.4365E-14
2583.	0.4223E-14
2682.	0.4082E-14
2784.	0.3944E-14
2890.	0.3809E-14
3000.	0.3676E-14
 
 
C5    Cl2    Excitation    3.12 eV                              
E/N (Td)	Rate coefficient (m3/s)
10.22	0.5977E-19
10.61	0.8209E-19
11.02	0.1118E-18
11.44	0.1504E-18
11.87	0.2000E-18
12.33	0.2630E-18
12.80	0.3421E-18
13.28	0.4408E-18
13.79	0.5626E-18
14.31	0.7118E-18
14.86	0.8931E-18
15.42	0.1112E-17
16.01	0.1375E-17
16.62	0.1686E-17
17.25	0.2055E-17
17.91	0.2490E-17
18.59	0.3000E-17
19.30	0.3593E-17
20.04	0.4280E-17
20.80	0.5073E-17
21.59	0.5985E-17
22.42	0.7027E-17
23.27	0.8216E-17
24.16	0.9565E-17
25.08	0.1109E-16
26.03	0.1281E-16
27.02	0.1475E-16
28.05	0.1691E-16
29.12	0.1934E-16
30.23	0.2204E-16
31.38	0.2504E-16
32.57	0.2836E-16
33.82	0.3204E-16
35.10	0.3611E-16
36.44	0.4058E-16
37.83	0.4550E-16
39.27	0.5089E-16
40.76	0.5680E-16
42.32	0.6327E-16
43.93	0.7033E-16
45.60	0.7803E-16
47.34	0.8641E-16
49.14	0.9553E-16
51.01	0.1054E-15
52.96	0.1162E-15
54.97	0.1279E-15
57.07	0.1405E-15
59.24	0.1542E-15
61.50	0.1690E-15
63.84	0.1850E-15
66.27	0.2024E-15
68.79	0.2211E-15
71.41	0.2414E-15
74.13	0.2633E-15
76.96	0.2870E-15
79.89	0.3126E-15
82.93	0.3403E-15
86.09	0.3703E-15
89.37	0.4027E-15
92.77	0.4379E-15
96.31	0.4760E-15
99.97	0.5174E-15
103.8	0.5623E-15
107.7	0.6110E-15
111.8	0.6640E-15
116.1	0.7218E-15
120.5	0.7847E-15
125.1	0.8533E-15
129.9	0.9283E-15
134.8	0.1010E-14
140.0	0.1100E-14
145.3	0.1198E-14
150.8	0.1305E-14
156.6	0.1423E-14
162.5	0.1552E-14
168.7	0.1693E-14
175.1	0.1847E-14
181.8	0.2017E-14
188.7	0.2202E-14
195.9	0.2404E-14
203.4	0.2625E-14
211.1	0.2866E-14
219.2	0.3127E-14
227.5	0.3410E-14
236.2	0.3715E-14
245.2	0.4044E-14
254.5	0.4397E-14
264.2	0.4774E-14
274.3	0.5175E-14
284.7	0.5600E-14
295.6	0.6048E-14
306.8	0.6518E-14
318.5	0.7010E-14
330.6	0.7522E-14
343.2	0.8052E-14
356.3	0.8599E-14
369.9	0.9161E-14
384.0	0.9736E-14
398.6	0.1032E-13
413.8	0.1092E-13
429.5	0.1153E-13
445.9	0.1214E-13
462.9	0.1276E-13
480.5	0.1339E-13
498.8	0.1402E-13
517.8	0.1465E-13
537.5	0.1528E-13
558.0	0.1592E-13
579.2	0.1655E-13
601.3	0.1719E-13
624.2	0.1782E-13
648.0	0.1845E-13
672.6	0.1909E-13
698.3	0.1972E-13
724.9	0.2035E-13
752.5	0.2097E-13
781.1	0.2159E-13
810.9	0.2221E-13
841.8	0.2283E-13
873.8	0.2344E-13
907.1	0.2405E-13
941.6	0.2466E-13
977.5	0.2526E-13
1015.	0.2586E-13
1053.	0.2645E-13
1094.	0.2704E-13
1135.	0.2762E-13
1178.	0.2820E-13
1223.	0.2877E-13
1270.	0.2934E-13
1318.	0.2991E-13
1368.	0.3046E-13
1421.	0.3101E-13
1475.	0.3156E-13
1531.	0.3210E-13
1589.	0.3263E-13
1650.	0.3316E-13
1712.	0.3368E-13
1778.	0.3419E-13
1845.	0.3470E-13
1916.	0.3520E-13
1989.	0.3570E-13
2064.	0.3619E-13
2143.	0.3667E-13
2225.	0.3714E-13
2309.	0.3761E-13
2397.	0.3806E-13
2489.	0.3852E-13
2583.	0.3896E-13
2682.	0.3940E-13
2784.	0.3983E-13
2890.	0.4025E-13
3000.	0.4067E-13
 
 
C6    Cl2    Excitation    9.25 eV                              
E/N (Td)	Rate coefficient (m3/s)
10.22	0.000
10.61	0.000
11.02	0.000
11.44	0.000
11.87	0.000
12.33	0.000
12.80	0.000
13.28	0.000
13.79	0.000
14.31	0.000
14.86	0.000
15.42	0.000
16.01	0.000
16.62	0.000
17.25	0.000
17.91	0.000
18.59	0.000
19.30	0.000
20.04	0.000
20.80	0.000
21.59	0.000
22.42	0.000
23.27	0.000
24.16	0.000
25.08	0.000
26.03	0.000
27.02	0.000
28.05	0.000
29.12	0.000
30.23	0.000
31.38	0.000
32.57	0.000
33.82	0.000
35.10	0.000
36.44	0.000
37.83	0.000
39.27	0.000
40.76	0.6744E-26
42.32	0.1664E-25
43.93	0.3978E-25
45.60	0.9226E-25
47.34	0.2078E-24
49.14	0.4552E-24
51.01	0.1067E-23
52.96	0.2241E-23
54.97	0.4594E-23
57.07	0.9197E-23
59.24	0.1801E-22
61.50	0.3476E-22
63.84	0.6530E-22
66.27	0.1203E-21
68.79	0.2173E-21
71.41	0.3856E-21
74.13	0.6739E-21
76.96	0.1155E-20
79.89	0.1949E-20
82.93	0.3238E-20
86.09	0.5300E-20
89.37	0.8561E-20
92.77	0.1363E-19
96.31	0.2140E-19
99.97	0.3319E-19
103.8	0.5085E-19
107.7	0.7708E-19
111.8	0.1154E-18
116.1	0.1709E-18
120.5	0.2503E-18
125.1	0.3630E-18
129.9	0.5213E-18
134.8	0.7418E-18
140.0	0.1045E-17
145.3	0.1459E-17
150.8	0.2018E-17
156.6	0.2768E-17
162.5	0.3764E-17
168.7	0.5075E-17
175.1	0.6787E-17
181.8	0.9002E-17
188.7	0.1185E-16
195.9	0.1546E-16
203.4	0.2003E-16
211.1	0.2574E-16
219.2	0.3283E-16
227.5	0.4155E-16
236.2	0.5219E-16
245.2	0.6506E-16
254.5	0.8052E-16
264.2	0.9891E-16
274.3	0.1206E-15
284.7	0.1461E-15
295.6	0.1756E-15
306.8	0.2098E-15
318.5	0.2489E-15
330.6	0.2933E-15
343.2	0.3436E-15
356.3	0.4001E-15
369.9	0.4631E-15
384.0	0.5331E-15
398.6	0.6105E-15
413.8	0.6957E-15
429.5	0.7890E-15
445.9	0.8908E-15
462.9	0.1001E-14
480.5	0.1121E-14
498.8	0.1251E-14
517.8	0.1391E-14
537.5	0.1541E-14
558.0	0.1702E-14
579.2	0.1875E-14
601.3	0.2059E-14
624.2	0.2256E-14
648.0	0.2465E-14
672.6	0.2687E-14
698.3	0.2923E-14
724.9	0.3172E-14
752.5	0.3436E-14
781.1	0.3715E-14
810.9	0.4009E-14
841.8	0.4319E-14
873.8	0.4644E-14
907.1	0.4986E-14
941.6	0.5344E-14
977.5	0.5718E-14
1015.	0.6110E-14
1053.	0.6519E-14
1094.	0.6946E-14
1135.	0.7389E-14
1178.	0.7851E-14
1223.	0.8330E-14
1270.	0.8828E-14
1318.	0.9342E-14
1368.	0.9873E-14
1421.	0.1042E-13
1475.	0.1099E-13
1531.	0.1157E-13
1589.	0.1218E-13
1650.	0.1279E-13
1712.	0.1343E-13
1778.	0.1408E-13
1845.	0.1474E-13
1916.	0.1542E-13
1989.	0.1612E-13
2064.	0.1683E-13
2143.	0.1755E-13
2225.	0.1829E-13
2309.	0.1904E-13
2397.	0.1980E-13
2489.	0.2058E-13
2583.	0.2136E-13
2682.	0.2216E-13
2784.	0.2297E-13
2890.	0.2378E-13
3000.	0.2460E-13
 
 
C7    Cl2    Ionization    11.49 eV                             
E/N (Td)	Rate coefficient (m3/s)
10.22	0.000
10.61	0.000
11.02	0.000
11.44	0.000
11.87	0.000
12.33	0.000
12.80	0.000
13.28	0.000
13.79	0.000
14.31	0.000
14.86	0.000
15.42	0.000
16.01	0.000
16.62	0.000
17.25	0.000
17.91	0.000
18.59	0.000
19.30	0.000
20.04	0.000
20.80	0.000
21.59	0.000
22.42	0.000
23.27	0.000
24.16	0.000
25.08	0.000
26.03	0.000
27.02	0.000
28.05	0.000
29.12	0.000
30.23	0.000
31.38	0.000
32.57	0.000
33.82	0.000
35.10	0.000
36.44	0.000
37.83	0.000
39.27	0.000
40.76	0.000
42.32	0.000
43.93	0.000
45.60	0.000
47.34	0.000
49.14	0.000
51.01	0.1876E-25
52.96	0.4614E-25
54.97	0.1100E-24
57.07	0.2542E-24
59.24	0.5706E-24
61.50	0.1543E-23
63.84	0.3346E-23
66.27	0.7077E-23
68.79	0.1462E-22
71.41	0.2950E-22
74.13	0.5911E-22
76.96	0.1145E-21
79.89	0.2174E-21
82.93	0.4049E-21
86.09	0.7404E-21
89.37	0.1332E-20
92.77	0.2352E-20
96.31	0.4087E-20
99.97	0.6988E-20
103.8	0.1177E-19
107.7	0.1956E-19
111.8	0.3200E-19
116.1	0.5165E-19
120.5	0.8228E-19
125.1	0.1294E-18
129.9	0.2010E-18
134.8	0.3088E-18
140.0	0.4684E-18
145.3	0.7025E-18
150.8	0.1042E-17
156.6	0.1528E-17
162.5	0.2218E-17
168.7	0.3187E-17
175.1	0.4531E-17
181.8	0.6378E-17
188.7	0.8887E-17
195.9	0.1226E-16
203.4	0.1676E-16
211.1	0.2269E-16
219.2	0.3042E-16
227.5	0.4041E-16
236.2	0.5318E-16
245.2	0.6935E-16
254.5	0.8964E-16
264.2	0.1148E-15
274.3	0.1457E-15
284.7	0.1834E-15
295.6	0.2289E-15
306.8	0.2832E-15
318.5	0.3477E-15
330.6	0.4234E-15
343.2	0.5117E-15
356.3	0.6139E-15
369.9	0.7313E-15
384.0	0.8650E-15
398.6	0.1017E-14
413.8	0.1188E-14
429.5	0.1379E-14
445.9	0.1592E-14
462.9	0.1829E-14
480.5	0.2090E-14
498.8	0.2377E-14
517.8	0.2692E-14
537.5	0.3035E-14
558.0	0.3409E-14
579.2	0.3815E-14
601.3	0.4253E-14
624.2	0.4727E-14
648.0	0.5236E-14
672.6	0.5783E-14
698.3	0.6369E-14
724.9	0.6997E-14
752.5	0.7667E-14
781.1	0.8381E-14
810.9	0.9141E-14
841.8	0.9949E-14
873.8	0.1081E-13
907.1	0.1171E-13
941.6	0.1267E-13
977.5	0.1369E-13
1015.	0.1476E-13
1053.	0.1588E-13
1094.	0.1707E-13
1135.	0.1831E-13
1178.	0.1962E-13
1223.	0.2099E-13
1270.	0.2243E-13
1318.	0.2393E-13
1368.	0.2550E-13
1421.	0.2714E-13
1475.	0.2885E-13
1531.	0.3063E-13
1589.	0.3249E-13
1650.	0.3441E-13
1712.	0.3641E-13
1778.	0.3848E-13
1845.	0.4063E-13
1916.	0.4287E-13
1989.	0.4517E-13
2064.	0.4756E-13
2143.	0.5003E-13
2225.	0.5257E-13
2309.	0.5519E-13
2397.	0.5789E-13
2489.	0.6068E-13
2583.	0.6354E-13
2682.	0.6649E-13
2784.	0.6951E-13
2890.	0.7261E-13
3000.	0.7580E-13
 
 
C1    Cl2    Attachment                                         
E/N (Td)	Inverse rate coefficient (m2)
10.22	0.000
10.61	0.000
11.02	0.000
11.44	0.000
11.87	0.000
12.33	0.000
12.80	0.000
13.28	0.000
13.79	0.000
14.31	0.000
14.86	0.000
15.42	0.000
16.01	0.000
16.62	0.000
17.25	0.000
17.91	0.000
18.59	0.000
19.30	0.000
20.04	0.000
20.80	0.000
21.59	0.000
22.42	0.000
23.27	0.000
24.16	0.000
25.08	0.000
26.03	0.000
27.02	0.000
28.05	0.000
29.12	0.000
30.23	0.000
31.38	0.000
32.57	0.000
33.82	0.000
35.10	0.000
36.44	0.000
37.83	0.000
39.27	0.000
40.76	0.000
42.32	0.000
43.93	0.000
45.60	0.000
47.34	0.000
49.14	0.000
51.01	0.000
52.96	0.000
54.97	0.000
57.07	0.000
59.24	0.000
61.50	0.000
63.84	0.000
66.27	0.000
68.79	0.000
71.41	0.000
74.13	0.000
76.96	0.000
79.89	0.000
82.93	0.000
86.09	0.000
89.37	0.000
92.77	0.000
96.31	0.000
99.97	0.000
103.8	0.000
107.7	0.000
111.8	0.000
116.1	0.000
120.5	0.000
125.1	0.000
129.9	0.000
134.8	0.000
140.0	0.000
145.3	0.000
150.8	0.000
156.6	0.000
162.5	0.000
168.7	0.000
175.1	0.000
181.8	0.000
188.7	0.000
195.9	0.000
203.4	0.000
211.1	0.000
219.2	0.000
227.5	0.000
236.2	0.000
245.2	0.000
254.5	0.000
264.2	0.000
274.3	0.000
284.7	0.000
295.6	0.000
306.8	0.000
318.5	0.000
330.6	0.000
343.2	0.000
356.3	0.000
369.9	0.000
384.0	0.000
398.6	0.000
413.8	0.000
429.5	0.000
445.9	0.000
462.9	0.000
480.5	0.000
498.8	0.000
517.8	0.000
537.5	0.000
558.0	0.000
579.2	0.000
601.3	0.000
624.2	0.000
648.0	0.000
672.6	0.000
698.3	0.000
724.9	0.000
752.5	0.000
781.1	0.000
810.9	0.000
841.8	0.000
873.8	0.000
907.1	0.000
941.6	0.000
977.5	0.000
1015.	0.000
1053.	0.000
1094.	0.000
1135.	0.000
1178.	0.000
1223.	0.000
1270.	0.000
1318.	0.000
1368.	0.000
1421.	0.000
1475.	0.000
1531.	0.000
1589.	0.000
1650.	0.000
1712.	0.000
1778.	0.000
1845.	0.000
1916.	0.000
1989.	0.000
2064.	0.000
2143.	0.000
2225.	0.000
2309.	0.000
2397.	0.000
2489.	0.000
2583.	0.000
2682.	0.000
2784.	0.000
2890.	0.000
3000.	0.000
 
 
C2    Cl2    Effective (momentum)                               
E/N (Td)	Inverse rate coefficient (m2)
10.22	0.000
10.61	0.000
11.02	0.000
11.44	0.000
11.87	0.000
12.33	0.000
12.80	0.000
13.28	0.000
13.79	0.000
14.31	0.000
14.86	0.000
15.42	0.000
16.01	0.000
16.62	0.000
17.25	0.000
17.91	0.000
18.59	0.000
19.30	0.000
20.04	0.000
20.80	0.000
21.59	0.000
22.42	0.000
23.27	0.000
24.16	0.000
25.08	0.000
26.03	0.000
27.02	0.000
28.05	0.000
29.12	0.000
30.23	0.000
31.38	0.000
32.57	0.000
33.82	0.000
35.10	0.000
36.44	0.000
37.83	0.000
39.27	0.000
40.76	0.000
42.32	0.000
43.93	0.000
45.60	0.000
47.34	0.000
49.14	0.000
51.01	0.000
52.96	0.000
54.97	0.000
57.07	0.000
59.24	0.000
61.50	0.000
63.84	0.000
66.27	0.000
68.79	0.000
71.41	0.000
74.13	0.000
76.96	0.000
79.89	0.000
82.93	0.000
86.09	0.000
89.37	0.000
92.77	0.000
96.31	0.000
99.97	0.000
103.8	0.000
107.7	0.000
111.8	0.000
116.1	0.000
120.5	0.000
125.1	0.000
129.9	0.000
134.8	0.000
140.0	0.000
145.3	0.000
150.8	0.000
156.6	0.000
162.5	0.000
168.7	0.000
175.1	0.000
181.8	0.000
188.7	0.000
195.9	0.000
203.4	0.000
211.1	0.000
219.2	0.000
227.5	0.000
236.2	0.000
245.2	0.000
254.5	0.000
264.2	0.000
274.3	0.000
284.7	0.000
295.6	0.000
306.8	0.000
318.5	0.000
330.6	0.000
343.2	0.000
356.3	0.000
369.9	0.000
384.0	0.000
398.6	0.000
413.8	0.000
429.5	0.000
445.9	0.000
462.9	0.000
480.5	0.000
498.8	0.000
517.8	0.000
537.5	0.000
558.0	0.000
579.2	0.000
601.3	0.000
624.2	0.000
648.0	0.000
672.6	0.000
698.3	0.000
724.9	0.000
752.5	0.000
781.1	0.000
810.9	0.000
841.8	0.000
873.8	0.000
907.1	0.000
941.6	0.000
977.5	0.000
1015.	0.000
1053.	0.000
1094.	0.000
1135.	0.000
1178.	0.000
1223.	0.000
1270.	0.000
1318.	0.000
1368.	0.000
1421.	0.000
1475.	0.000
1531.	0.000
1589.	0.000
1650.	0.000
1712.	0.000
1778.	0.000
1845.	0.000
1916.	0.000
1989.	0.000
2064.	0.000
2143.	0.000
2225.	0.000
2309.	0.000
2397.	0.000
2489.	0.000
2583.	0.000
2682.	0.000
2784.	0.000
2890.	0.000
3000.	0.000
 
 
C3    Cl2    Excitation    0.069 eV                             
E/N (Td)	Inverse rate coefficient (m2)
10.22	0.1051E-13
10.61	0.1051E-13
11.02	0.1050E-13
11.44	0.1049E-13
11.87	0.1048E-13
12.33	0.1046E-13
12.80	0.1045E-13
13.28	0.1043E-13
13.79	0.1041E-13
14.31	0.1039E-13
14.86	0.1036E-13
15.42	0.1034E-13
16.01	0.1031E-13
16.62	0.1029E-13
17.25	0.1026E-13
17.91	0.1023E-13
18.59	0.1020E-13
19.30	0.1017E-13
20.04	0.1014E-13
20.80	0.1011E-13
21.59	0.1007E-13
22.42	0.1004E-13
23.27	0.1001E-13
24.16	0.9971E-14
25.08	0.9934E-14
26.03	0.9897E-14
27.02	0.9859E-14
28.05	0.9820E-14
29.12	0.9779E-14
30.23	0.9738E-14
31.38	0.9696E-14
32.57	0.9653E-14
33.82	0.9609E-14
35.10	0.9563E-14
36.44	0.9517E-14
37.83	0.9470E-14
39.27	0.9421E-14
40.76	0.9372E-14
42.32	0.9321E-14
43.93	0.9269E-14
45.60	0.9217E-14
47.34	0.9163E-14
49.14	0.9107E-14
51.01	0.9051E-14
52.96	0.8994E-14
54.97	0.8935E-14
57.07	0.8875E-14
59.24	0.8814E-14
61.50	0.8752E-14
63.84	0.8689E-14
66.27	0.8624E-14
68.79	0.8558E-14
71.41	0.8491E-14
74.13	0.8422E-14
76.96	0.8353E-14
79.89	0.8282E-14
82.93	0.8209E-14
86.09	0.8135E-14
89.37	0.8060E-14
92.77	0.7984E-14
96.31	0.7906E-14
99.97	0.7827E-14
103.8	0.7746E-14
107.7	0.7663E-14
111.8	0.7580E-14
116.1	0.7494E-14
120.5	0.7407E-14
125.1	0.7319E-14
129.9	0.7228E-14
134.8	0.7136E-14
140.0	0.7042E-14
145.3	0.6947E-14
150.8	0.6849E-14
156.6	0.6750E-14
162.5	0.6648E-14
168.7	0.6545E-14
175.1	0.6440E-14
181.8	0.6332E-14
188.7	0.6223E-14
195.9	0.6111E-14
203.4	0.5998E-14
211.1	0.5882E-14
219.2	0.5764E-14
227.5	0.5645E-14
236.2	0.5524E-14
245.2	0.5402E-14
254.5	0.5278E-14
264.2	0.5153E-14
274.3	0.5028E-14
284.7	0.4901E-14
295.6	0.4775E-14
306.8	0.4648E-14
318.5	0.4522E-14
330.6	0.4397E-14
343.2	0.4272E-14
356.3	0.4149E-14
369.9	0.4027E-14
384.0	0.3908E-14
398.6	0.3790E-14
413.8	0.3674E-14
429.5	0.3560E-14
445.9	0.3448E-14
462.9	0.3339E-14
480.5	0.3233E-14
498.8	0.3129E-14
517.8	0.3027E-14
537.5	0.2928E-14
558.0	0.2832E-14
579.2	0.2738E-14
601.3	0.2647E-14
624.2	0.2558E-14
648.0	0.2471E-14
672.6	0.2387E-14
698.3	0.2305E-14
724.9	0.2225E-14
752.5	0.2148E-14
781.1	0.2073E-14
810.9	0.2000E-14
841.8	0.1929E-14
873.8	0.1860E-14
907.1	0.1793E-14
941.6	0.1728E-14
977.5	0.1665E-14
1015.	0.1604E-14
1053.	0.1545E-14
1094.	0.1487E-14
1135.	0.1432E-14
1178.	0.1378E-14
1223.	0.1326E-14
1270.	0.1275E-14
1318.	0.1226E-14
1368.	0.1179E-14
1421.	0.1133E-14
1475.	0.1089E-14
1531.	0.1046E-14
1589.	0.1004E-14
1650.	0.9635E-15
1712.	0.9248E-15
1778.	0.8877E-15
1845.	0.8515E-15
1916.	0.8163E-15
1989.	0.7827E-15
2064.	0.7502E-15
2143.	0.7189E-15
2225.	0.6887E-15
2309.	0.6597E-15
2397.	0.6318E-15
2489.	0.6048E-15
2583.	0.5789E-15
2682.	0.5539E-15
2784.	0.5299E-15
2890.	0.5068E-15
3000.	0.4845E-15
 
 
C4    Cl2    Excitation    2.50 eV                              
E/N (Td)	Inverse rate coefficient (m2)
10.22	0.2101E-13
10.61	0.2116E-13
11.02	0.2130E-13
11.44	0.2144E-13
11.87	0.2157E-13
12.33	0.2169E-13
12.80	0.2181E-13
13.28	0.2193E-13
13.79	0.2204E-13
14.31	0.2214E-13
14.86	0.2224E-13
15.42	0.2234E-13
16.01	0.2244E-13
16.62	0.2253E-13
17.25	0.2262E-13
17.91	0.2270E-13
18.59	0.2279E-13
19.30	0.2287E-13
20.04	0.2295E-13
20.80	0.2303E-13
21.59	0.2311E-13
22.42	0.2318E-13
23.27	0.2326E-13
24.16	0.2333E-13
25.08	0.2341E-13
26.03	0.2348E-13
27.02	0.2355E-13
28.05	0.2362E-13
29.12	0.2369E-13
30.23	0.2376E-13
31.38	0.2383E-13
32.57	0.2389E-13
33.82	0.2396E-13
35.10	0.2403E-13
36.44	0.2410E-13
37.83	0.2416E-13
39.27	0.2423E-13
40.76	0.2429E-13
42.32	0.2436E-13
43.93	0.2442E-13
45.60	0.2448E-13
47.34	0.2454E-13
49.14	0.2461E-13
51.01	0.2467E-13
52.96	0.2473E-13
54.97	0.2478E-13
57.07	0.2484E-13
59.24	0.2490E-13
61.50	0.2495E-13
63.84	0.2501E-13
66.27	0.2506E-13
68.79	0.2511E-13
71.41	0.2516E-13
74.13	0.2520E-13
76.96	0.2525E-13
79.89	0.2529E-13
82.93	0.2533E-13
86.09	0.2536E-13
89.37	0.2540E-13
92.77	0.2543E-13
96.31	0.2545E-13
99.97	0.2548E-13
103.8	0.2550E-13
107.7	0.2551E-13
111.8	0.2552E-13
116.1	0.2553E-13
120.5	0.2553E-13
125.1	0.2552E-13
129.9	0.2551E-13
134.8	0.2549E-13
140.0	0.2547E-13
145.3	0.2544E-13
150.8	0.2540E-13
156.6	0.2535E-13
162.5	0.2529E-13
168.7	0.2523E-13
175.1	0.2515E-13
181.8	0.2506E-13
188.7	0.2496E-13
195.9	0.2484E-13
203.4	0.2472E-13
211.1	0.2458E-13
219.2	0.2443E-13
227.5	0.2426E-13
236.2	0.2407E-13
245.2	0.2388E-13
254.5	0.2366E-13
264.2	0.2343E-13
274.3	0.2319E-13
284.7	0.2293E-13
295.6	0.2266E-13
306.8	0.2237E-13
318.5	0.2208E-13
330.6	0.2177E-13
343.2	0.2144E-13
356.3	0.2111E-13
369.9	0.2077E-13
384.0	0.2043E-13
398.6	0.2008E-13
413.8	0.1972E-13
429.5	0.1936E-13
445.9	0.1899E-13
462.9	0.1862E-13
480.5	0.1825E-13
498.8	0.1788E-13
517.8	0.1751E-13
537.5	0.1714E-13
558.0	0.1677E-13
579.2	0.1640E-13
601.3	0.1603E-13
624.2	0.1566E-13
648.0	0.1530E-13
672.6	0.1493E-13
698.3	0.1457E-13
724.9	0.1421E-13
752.5	0.1386E-13
781.1	0.1351E-13
810.9	0.1316E-13
841.8	0.1282E-13
873.8	0.1248E-13
907.1	0.1214E-13
941.6	0.1181E-13
977.5	0.1148E-13
1015.	0.1116E-13
1053.	0.1084E-13
1094.	0.1053E-13
1135.	0.1022E-13
1178.	0.9912E-14
1223.	0.9613E-14
1270.	0.9319E-14
1318.	0.9030E-14
1368.	0.8746E-14
1421.	0.8469E-14
1475.	0.8196E-14
1531.	0.7928E-14
1589.	0.7664E-14
1650.	0.7407E-14
1712.	0.7156E-14
1778.	0.6913E-14
1845.	0.6674E-14
1916.	0.6438E-14
1989.	0.6210E-14
2064.	0.5987E-14
2143.	0.5770E-14
2225.	0.5558E-14
2309.	0.5353E-14
2397.	0.5153E-14
2489.	0.4958E-14
2583.	0.4770E-14
2682.	0.4586E-14
2784.	0.4407E-14
2890.	0.4234E-14
3000.	0.4066E-14
 
 
C5    Cl2    Excitation    3.12 eV                              
E/N (Td)	Inverse rate coefficient (m2)
10.22	0.8132E-14
10.61	0.8261E-14
11.02	0.8385E-14
11.44	0.8505E-14
11.87	0.8621E-14
12.33	0.8734E-14
12.80	0.8843E-14
13.28	0.8949E-14
13.79	0.9053E-14
14.31	0.9154E-14
14.86	0.9253E-14
15.42	0.9350E-14
16.01	0.9446E-14
16.62	0.9540E-14
17.25	0.9633E-14
17.91	0.9725E-14
18.59	0.9817E-14
19.30	0.9908E-14
20.04	0.9999E-14
20.80	0.1009E-13
21.59	0.1018E-13
22.42	0.1027E-13
23.27	0.1037E-13
24.16	0.1046E-13
25.08	0.1055E-13
26.03	0.1065E-13
27.02	0.1074E-13
28.05	0.1084E-13
29.12	0.1094E-13
30.23	0.1104E-13
31.38	0.1114E-13
32.57	0.1124E-13
33.82	0.1135E-13
35.10	0.1145E-13
36.44	0.1156E-13
37.83	0.1167E-13
39.27	0.1179E-13
40.76	0.1190E-13
42.32	0.1202E-13
43.93	0.1214E-13
45.60	0.1227E-13
47.34	0.1239E-13
49.14	0.1252E-13
51.01	0.1266E-13
52.96	0.1279E-13
54.97	0.1293E-13
57.07	0.1308E-13
59.24	0.1322E-13
61.50	0.1337E-13
63.84	0.1353E-13
66.27	0.1369E-13
68.79	0.1385E-13
71.41	0.1402E-13
74.13	0.1419E-13
76.96	0.1437E-13
79.89	0.1455E-13
82.93	0.1474E-13
86.09	0.1493E-13
89.37	0.1513E-13
92.77	0.1534E-13
96.31	0.1555E-13
99.97	0.1576E-13
103.8	0.1599E-13
107.7	0.1622E-13
111.8	0.1646E-13
116.1	0.1671E-13
120.5	0.1696E-13
125.1	0.1723E-13
129.9	0.1750E-13
134.8	0.1779E-13
140.0	0.1808E-13
145.3	0.1838E-13
150.8	0.1870E-13
156.6	0.1902E-13
162.5	0.1936E-13
168.7	0.1971E-13
175.1	0.2008E-13
181.8	0.2045E-13
188.7	0.2084E-13
195.9	0.2124E-13
203.4	0.2166E-13
211.1	0.2209E-13
219.2	0.2253E-13
227.5	0.2299E-13
236.2	0.2346E-13
245.2	0.2394E-13
254.5	0.2444E-13
264.2	0.2494E-13
274.3	0.2546E-13
284.7	0.2598E-13
295.6	0.2651E-13
306.8	0.2704E-13
318.5	0.2758E-13
330.6	0.2812E-13
343.2	0.2866E-13
356.3	0.2920E-13
369.9	0.2974E-13
384.0	0.3027E-13
398.6	0.3080E-13
413.8	0.3132E-13
429.5	0.3184E-13
445.9	0.3235E-13
462.9	0.3286E-13
480.5	0.3336E-13
498.8	0.3384E-13
517.8	0.3432E-13
537.5	0.3480E-13
558.0	0.3526E-13
579.2	0.3571E-13
601.3	0.3616E-13
624.2	0.3660E-13
648.0	0.3703E-13
672.6	0.3745E-13
698.3	0.3786E-13
724.9	0.3827E-13
752.5	0.3867E-13
781.1	0.3906E-13
810.9	0.3944E-13
841.8	0.3982E-13
873.8	0.4019E-13
907.1	0.4055E-13
941.6	0.4090E-13
977.5	0.4125E-13
1015.	0.4160E-13
1053.	0.4193E-13
1094.	0.4226E-13
1135.	0.4259E-13
1178.	0.4291E-13
1223.	0.4322E-13
1270.	0.4353E-13
1318.	0.4383E-13
1368.	0.4413E-13
1421.	0.4442E-13
1475.	0.4470E-13
1531.	0.4498E-13
1589.	0.4526E-13
1650.	0.4553E-13
1712.	0.4580E-13
1778.	0.4606E-13
1845.	0.4631E-13
1916.	0.4657E-13
1989.	0.4681E-13
2064.	0.4706E-13
2143.	0.4729E-13
2225.	0.4753E-13
2309.	0.4775E-13
2397.	0.4798E-13
2489.	0.4820E-13
2583.	0.4841E-13
2682.	0.4862E-13
2784.	0.4883E-13
2890.	0.4903E-13
3000.	0.4923E-13
 
 
C6    Cl2    Excitation    9.25 eV                              
E/N (Td)	Inverse rate coefficient (m2)
10.22	0.4866E-14
10.61	0.4926E-14
11.02	0.4984E-14
11.44	0.5040E-14
11.87	0.5093E-14
12.33	0.5144E-14
12.80	0.5194E-14
13.28	0.5242E-14
13.79	0.5288E-14
14.31	0.5333E-14
14.86	0.5376E-14
15.42	0.5418E-14
16.01	0.5459E-14
16.62	0.5500E-14
17.25	0.5539E-14
17.91	0.5578E-14
18.59	0.5617E-14
19.30	0.5654E-14
20.04	0.5692E-14
20.80	0.5729E-14
21.59	0.5766E-14
22.42	0.5803E-14
23.27	0.5839E-14
24.16	0.5876E-14
25.08	0.5913E-14
26.03	0.5949E-14
27.02	0.5986E-14
28.05	0.6023E-14
29.12	0.6060E-14
30.23	0.6098E-14
31.38	0.6135E-14
32.57	0.6173E-14
33.82	0.6212E-14
35.10	0.6250E-14
36.44	0.6290E-14
37.83	0.6329E-14
39.27	0.6369E-14
40.76	0.6410E-14
42.32	0.6451E-14
43.93	0.6492E-14
45.60	0.6534E-14
47.34	0.6577E-14
49.14	0.6620E-14
51.01	0.6664E-14
52.96	0.6708E-14
54.97	0.6754E-14
57.07	0.6799E-14
59.24	0.6846E-14
61.50	0.6893E-14
63.84	0.6941E-14
66.27	0.6990E-14
68.79	0.7040E-14
71.41	0.7091E-14
74.13	0.7142E-14
76.96	0.7194E-14
79.89	0.7248E-14
82.93	0.7302E-14
86.09	0.7358E-14
89.37	0.7415E-14
92.77	0.7473E-14
96.31	0.7532E-14
99.97	0.7592E-14
103.8	0.7655E-14
107.7	0.7718E-14
111.8	0.7784E-14
116.1	0.7851E-14
120.5	0.7920E-14
125.1	0.7991E-14
129.9	0.8064E-14
134.8	0.8140E-14
140.0	0.8219E-14
145.3	0.8301E-14
150.8	0.8386E-14
156.6	0.8475E-14
162.5	0.8568E-14
168.7	0.8665E-14
175.1	0.8767E-14
181.8	0.8875E-14
188.7	0.8989E-14
195.9	0.9109E-14
203.4	0.9236E-14
211.1	0.9372E-14
219.2	0.9516E-14
227.5	0.9669E-14
236.2	0.9832E-14
245.2	0.1001E-13
254.5	0.1019E-13
264.2	0.1039E-13
274.3	0.1060E-13
284.7	0.1082E-13
295.6	0.1105E-13
306.8	0.1130E-13
318.5	0.1157E-13
330.6	0.1184E-13
343.2	0.1214E-13
356.3	0.1244E-13
369.9	0.1276E-13
384.0	0.1309E-13
398.6	0.1344E-13
413.8	0.1380E-13
429.5	0.1417E-13
445.9	0.1456E-13
462.9	0.1495E-13
480.5	0.1536E-13
498.8	0.1579E-13
517.8	0.1622E-13
537.5	0.1667E-13
558.0	0.1712E-13
579.2	0.1759E-13
601.3	0.1807E-13
624.2	0.1856E-13
648.0	0.1906E-13
672.6	0.1957E-13
698.3	0.2009E-13
724.9	0.2062E-13
752.5	0.2116E-13
781.1	0.2170E-13
810.9	0.2226E-13
841.8	0.2283E-13
873.8	0.2340E-13
907.1	0.2399E-13
941.6	0.2458E-13
977.5	0.2518E-13
1015.	0.2579E-13
1053.	0.2640E-13
1094.	0.2702E-13
1135.	0.2765E-13
1178.	0.2828E-13
1223.	0.2892E-13
1270.	0.2956E-13
1318.	0.3021E-13
1368.	0.3086E-13
1421.	0.3152E-13
1475.	0.3218E-13
1531.	0.3284E-13
1589.	0.3351E-13
1650.	0.3418E-13
1712.	0.3485E-13
1778.	0.3551E-13
1845.	0.3619E-13
1916.	0.3686E-13
1989.	0.3753E-13
2064.	0.3820E-13
2143.	0.3888E-13
2225.	0.3955E-13
2309.	0.4021E-13
2397.	0.4088E-13
2489.	0.4155E-13
2583.	0.4221E-13
2682.	0.4287E-13
2784.	0.4352E-13
2890.	0.4417E-13
3000.	0.4483E-13
 
 
C7    Cl2    Ionization    11.49 eV                             
E/N (Td)	Inverse rate coefficient (m2)
10.22	0.000
10.61	0.000
11.02	0.000
11.44	0.000
11.87	0.000
12.33	0.000
12.80	0.000
13.28	0.000
13.79	0.000
14.31	0.000
14.86	0.000
15.42	0.000
16.01	0.000
16.62	0.000
17.25	0.000
17.91	0.000
18.59	0.000
19.30	0.000
20.04	0.000
20.80	0.000
21.59	0.000
22.42	0.000
23.27	0.000
24.16	0.000
25.08	0.000
26.03	0.000
27.02	0.000
28.05	0.000
29.12	0.000
30.23	0.000
31.38	0.000
32.57	0.000
33.82	0.000
35.10	0.000
36.44	0.000
37.83	0.000
39.27	0.000
40.76	0.000
42.32	0.000
43.93	0.000
45.60	0.000
47.34	0.000
49.14	0.000
51.01	0.000
52.96	0.000
54.97	0.000
57.07	0.000
59.24	0.000
61.50	0.000
63.84	0.000
66.27	0.000
68.79	0.000
71.41	0.000
74.13	0.000
76.96	0.000
79.89	0.000
82.93	0.000
86.09	0.000
89.37	0.000
92.77	0.000
96.31	0.000
99.97	0.000
103.8	0.000
107.7	0.000
111.8	0.000
116.1	0.000
120.5	0.000
125.1	0.000
129.9	0.000
134.8	0.000
140.0	0.000
145.3	0.000
150.8	0.000
156.6	0.000
162.5	0.000
168.7	0.000
175.1	0.000
181.8	0.000
188.7	0.000
195.9	0.000
203.4	0.000
211.1	0.000
219.2	0.000
227.5	0.000
236.2	0.000
245.2	0.000
254.5	0.000
264.2	0.000
274.3	0.000
284.7	0.000
295.6	0.000
306.8	0.000
318.5	0.000
330.6	0.000
343.2	0.000
356.3	0.000
369.9	0.000
384.0	0.000
398.6	0.000
413.8	0.000
429.5	0.000
445.9	0.000
462.9	0.000
480.5	0.000
498.8	0.000
517.8	0.000
537.5	0.000
558.0	0.000
579.2	0.000
601.3	0.000
624.2	0.000
648.0	0.000
672.6	0.000
698.3	0.000
724.9	0.000
752.5	0.000
781.1	0.000
810.9	0.000
841.8	0.000
873.8	0.000
907.1	0.000
941.6	0.000
977.5	0.000
1015.	0.000
1053.	0.000
1094.	0.000
1135.	0.000
1178.	0.000
1223.	0.000
1270.	0.000
1318.	0.000
1368.	0.000
1421.	0.000
1475.	0.000
1531.	0.000
1589.	0.000
1650.	0.000
1712.	0.000
1778.	0.000
1845.	0.000
1916.	0.000
1989.	0.000
2064.	0.000
2143.	0.000
2225.	0.000
2309.	0.000
2397.	0.000
2489.	0.000
2583.	0.000
2682.	0.000
2784.	0.000
2890.	0.000
3000.	0.000
 
 
C1    Cl2    Attachment                                         
E/N (Td)	Energy loss coefficient (eV m3/s)
10.22	0.1048E-15
10.61	0.1086E-15
11.02	0.1125E-15
11.44	0.1164E-15
11.87	0.1202E-15
12.33	0.1241E-15
12.80	0.1280E-15
13.28	0.1318E-15
13.79	0.1356E-15
14.31	0.1394E-15
14.86	0.1432E-15
15.42	0.1469E-15
16.01	0.1506E-15
16.62	0.1542E-15
17.25	0.1578E-15
17.91	0.1614E-15
18.59	0.1650E-15
19.30	0.1686E-15
20.04	0.1721E-15
20.80	0.1756E-15
21.59	0.1791E-15
22.42	0.1825E-15
23.27	0.1860E-15
24.16	0.1894E-15
25.08	0.1929E-15
26.03	0.1963E-15
27.02	0.1997E-15
28.05	0.2031E-15
29.12	0.2065E-15
30.23	0.2099E-15
31.38	0.2133E-15
32.57	0.2167E-15
33.82	0.2201E-15
35.10	0.2236E-15
36.44	0.2270E-15
37.83	0.2305E-15
39.27	0.2340E-15
40.76	0.2376E-15
42.32	0.2411E-15
43.93	0.2448E-15
45.60	0.2485E-15
47.34	0.2523E-15
49.14	0.2561E-15
51.01	0.2601E-15
52.96	0.2642E-15
54.97	0.2684E-15
57.07	0.2727E-15
59.24	0.2772E-15
61.50	0.2819E-15
63.84	0.2868E-15
66.27	0.2919E-15
68.79	0.2972E-15
71.41	0.3028E-15
74.13	0.3088E-15
76.96	0.3150E-15
79.89	0.3216E-15
82.93	0.3286E-15
86.09	0.3361E-15
89.37	0.3440E-15
92.77	0.3523E-15
96.31	0.3613E-15
99.97	0.3708E-15
103.8	0.3809E-15
107.7	0.3917E-15
111.8	0.4031E-15
116.1	0.4153E-15
120.5	0.4282E-15
125.1	0.4420E-15
129.9	0.4565E-15
134.8	0.4720E-15
140.0	0.4883E-15
145.3	0.5055E-15
150.8	0.5237E-15
156.6	0.5428E-15
162.5	0.5629E-15
168.7	0.5839E-15
175.1	0.6059E-15
181.8	0.6289E-15
188.7	0.6528E-15
195.9	0.6777E-15
203.4	0.7035E-15
211.1	0.7304E-15
219.2	0.7580E-15
227.5	0.7865E-15
236.2	0.8160E-15
245.2	0.8463E-15
254.5	0.8775E-15
264.2	0.9097E-15
274.3	0.9428E-15
284.7	0.9769E-15
295.6	0.1012E-14
306.8	0.1049E-14
318.5	0.1086E-14
330.6	0.1125E-14
343.2	0.1166E-14
356.3	0.1208E-14
369.9	0.1252E-14
384.0	0.1298E-14
398.6	0.1346E-14
413.8	0.1396E-14
429.5	0.1449E-14
445.9	0.1504E-14
462.9	0.1562E-14
480.5	0.1623E-14
498.8	0.1687E-14
517.8	0.1753E-14
537.5	0.1823E-14
558.0	0.1896E-14
579.2	0.1972E-14
601.3	0.2051E-14
624.2	0.2133E-14
648.0	0.2219E-14
672.6	0.2308E-14
698.3	0.2400E-14
724.9	0.2495E-14
752.5	0.2594E-14
781.1	0.2696E-14
810.9	0.2801E-14
841.8	0.2910E-14
873.8	0.3022E-14
907.1	0.3137E-14
941.6	0.3256E-14
977.5	0.3378E-14
1015.	0.3504E-14
1053.	0.3634E-14
1094.	0.3768E-14
1135.	0.3907E-14
1178.	0.4050E-14
1223.	0.4198E-14
1270.	0.4353E-14
1318.	0.4514E-14
1368.	0.4682E-14
1421.	0.4860E-14
1475.	0.5046E-14
1531.	0.5244E-14
1589.	0.5454E-14
1650.	0.5678E-14
1712.	0.5917E-14
1778.	0.6173E-14
1845.	0.6449E-14
1916.	0.6749E-14
1989.	0.7072E-14
2064.	0.7423E-14
2143.	0.7806E-14
2225.	0.8221E-14
2309.	0.8673E-14
2397.	0.9167E-14
2489.	0.9706E-14
2583.	0.1029E-13
2682.	0.1093E-13
2784.	0.1163E-13
2890.	0.1239E-13
3000.	0.1322E-13
 
 
C2    Cl2    Effective (momentum)                               
E/N (Td)	Energy loss coefficient (eV m3/s)
10.22	0.6174E-18
10.61	0.6530E-18
11.02	0.6889E-18
11.44	0.7252E-18
11.87	0.7618E-18
12.33	0.7988E-18
12.80	0.8361E-18
13.28	0.8739E-18
13.79	0.9120E-18
14.31	0.9507E-18
14.86	0.9898E-18
15.42	0.1030E-17
16.01	0.1070E-17
16.62	0.1111E-17
17.25	0.1153E-17
17.91	0.1196E-17
18.59	0.1240E-17
19.30	0.1285E-17
20.04	0.1331E-17
20.80	0.1379E-17
21.59	0.1427E-17
22.42	0.1478E-17
23.27	0.1529E-17
24.16	0.1583E-17
25.08	0.1638E-17
26.03	0.1695E-17
27.02	0.1754E-17
28.05	0.1815E-17
29.12	0.1878E-17
30.23	0.1943E-17
31.38	0.2011E-17
32.57	0.2082E-17
33.82	0.2155E-17
35.10	0.2231E-17
36.44	0.2309E-17
37.83	0.2391E-17
39.27	0.2476E-17
40.76	0.2564E-17
42.32	0.2656E-17
43.93	0.2751E-17
45.60	0.2850E-17
47.34	0.2953E-17
49.14	0.3060E-17
51.01	0.3171E-17
52.96	0.3286E-17
54.97	0.3406E-17
57.07	0.3531E-17
59.24	0.3661E-17
61.50	0.3795E-17
63.84	0.3935E-17
66.27	0.4081E-17
68.79	0.4232E-17
71.41	0.4389E-17
74.13	0.4552E-17
76.96	0.4722E-17
79.89	0.4898E-17
82.93	0.5082E-17
86.09	0.5272E-17
89.37	0.5470E-17
92.77	0.5676E-17
96.31	0.5890E-17
99.97	0.6113E-17
103.8	0.6344E-17
107.7	0.6585E-17
111.8	0.6836E-17
116.1	0.7097E-17
120.5	0.7368E-17
125.1	0.7651E-17
129.9	0.7946E-17
134.8	0.8253E-17
140.0	0.8573E-17
145.3	0.8906E-17
150.8	0.9254E-17
156.6	0.9617E-17
162.5	0.9996E-17
168.7	0.1039E-16
175.1	0.1080E-16
181.8	0.1123E-16
188.7	0.1168E-16
195.9	0.1215E-16
203.4	0.1265E-16
211.1	0.1316E-16
219.2	0.1369E-16
227.5	0.1425E-16
236.2	0.1483E-16
245.2	0.1543E-16
254.5	0.1606E-16
264.2	0.1671E-16
274.3	0.1738E-16
284.7	0.1807E-16
295.6	0.1879E-16
306.8	0.1953E-16
318.5	0.2029E-16
330.6	0.2107E-16
343.2	0.2188E-16
356.3	0.2270E-16
369.9	0.2354E-16
384.0	0.2439E-16
398.6	0.2527E-16
413.8	0.2616E-16
429.5	0.2707E-16
445.9	0.2800E-16
462.9	0.2895E-16
480.5	0.2992E-16
498.8	0.3090E-16
517.8	0.3191E-16
537.5	0.3294E-16
558.0	0.3399E-16
579.2	0.3507E-16
601.3	0.3617E-16
624.2	0.3730E-16
648.0	0.3847E-16
672.6	0.3966E-16
698.3	0.4089E-16
724.9	0.4216E-16
752.5	0.4347E-16
781.1	0.4482E-16
810.9	0.4622E-16
841.8	0.4767E-16
873.8	0.4918E-16
907.1	0.5074E-16
941.6	0.5236E-16
977.5	0.5405E-16
1015.	0.5580E-16
1053.	0.5764E-16
1094.	0.5955E-16
1135.	0.6154E-16
1178.	0.6362E-16
1223.	0.6580E-16
1270.	0.6808E-16
1318.	0.7046E-16
1368.	0.7295E-16
1421.	0.7557E-16
1475.	0.7832E-16
1531.	0.8119E-16
1589.	0.8422E-16
1650.	0.8739E-16
1712.	0.9072E-16
1778.	0.9421E-16
1845.	0.9788E-16
1916.	0.1018E-15
1989.	0.1058E-15
2064.	0.1101E-15
2143.	0.1146E-15
2225.	0.1193E-15
2309.	0.1243E-15
2397.	0.1296E-15
2489.	0.1351E-15
2583.	0.1409E-15
2682.	0.1471E-15
2784.	0.1536E-15
2890.	0.1604E-15
3000.	0.1676E-15
 
 
C3    Cl2    Excitation    0.069 eV                             
E/N (Td)	Energy loss coefficient (eV m3/s)
10.22	0.5837E-15
10.61	0.5850E-15
11.02	0.5860E-15
11.44	0.5868E-15
11.87	0.5873E-15
12.33	0.5876E-15
12.80	0.5877E-15
13.28	0.5876E-15
13.79	0.5874E-15
14.31	0.5871E-15
14.86	0.5867E-15
15.42	0.5861E-15
16.01	0.5854E-15
16.62	0.5846E-15
17.25	0.5838E-15
17.91	0.5828E-15
18.59	0.5818E-15
19.30	0.5807E-15
20.04	0.5795E-15
20.80	0.5782E-15
21.59	0.5769E-15
22.42	0.5755E-15
23.27	0.5741E-15
24.16	0.5725E-15
25.08	0.5709E-15
26.03	0.5693E-15
27.02	0.5675E-15
28.05	0.5657E-15
29.12	0.5638E-15
30.23	0.5619E-15
31.38	0.5599E-15
32.57	0.5578E-15
33.82	0.5557E-15
35.10	0.5534E-15
36.44	0.5511E-15
37.83	0.5488E-15
39.27	0.5464E-15
40.76	0.5439E-15
42.32	0.5413E-15
43.93	0.5386E-15
45.60	0.5359E-15
47.34	0.5331E-15
49.14	0.5303E-15
51.01	0.5273E-15
52.96	0.5243E-15
54.97	0.5212E-15
57.07	0.5180E-15
59.24	0.5148E-15
61.50	0.5114E-15
63.84	0.5080E-15
66.27	0.5046E-15
68.79	0.5010E-15
71.41	0.4973E-15
74.13	0.4936E-15
76.96	0.4898E-15
79.89	0.4859E-15
82.93	0.4819E-15
86.09	0.4778E-15
89.37	0.4737E-15
92.77	0.4694E-15
96.31	0.4651E-15
99.97	0.4607E-15
103.8	0.4561E-15
107.7	0.4515E-15
111.8	0.4468E-15
116.1	0.4420E-15
120.5	0.4371E-15
125.1	0.4320E-15
129.9	0.4269E-15
134.8	0.4217E-15
140.0	0.4163E-15
145.3	0.4108E-15
150.8	0.4053E-15
156.6	0.3995E-15
162.5	0.3937E-15
168.7	0.3878E-15
175.1	0.3817E-15
181.8	0.3755E-15
188.7	0.3691E-15
195.9	0.3626E-15
203.4	0.3560E-15
211.1	0.3493E-15
219.2	0.3425E-15
227.5	0.3355E-15
236.2	0.3284E-15
245.2	0.3213E-15
254.5	0.3140E-15
264.2	0.3067E-15
274.3	0.2993E-15
284.7	0.2919E-15
295.6	0.2844E-15
306.8	0.2770E-15
318.5	0.2695E-15
330.6	0.2621E-15
343.2	0.2548E-15
356.3	0.2475E-15
369.9	0.2403E-15
384.0	0.2332E-15
398.6	0.2262E-15
413.8	0.2193E-15
429.5	0.2126E-15
445.9	0.2060E-15
462.9	0.1995E-15
480.5	0.1932E-15
498.8	0.1870E-15
517.8	0.1810E-15
537.5	0.1751E-15
558.0	0.1693E-15
579.2	0.1637E-15
601.3	0.1583E-15
624.2	0.1530E-15
648.0	0.1478E-15
672.6	0.1428E-15
698.3	0.1379E-15
724.9	0.1332E-15
752.5	0.1286E-15
781.1	0.1241E-15
810.9	0.1197E-15
841.8	0.1155E-15
873.8	0.1114E-15
907.1	0.1074E-15
941.6	0.1035E-15
977.5	0.9976E-16
1015.	0.9611E-16
1053.	0.9257E-16
1094.	0.8914E-16
1135.	0.8581E-16
1178.	0.8258E-16
1223.	0.7946E-16
1270.	0.7643E-16
1318.	0.7350E-16
1368.	0.7066E-16
1421.	0.6793E-16
1475.	0.6527E-16
1531.	0.6270E-16
1589.	0.6019E-16
1650.	0.5779E-16
1712.	0.5547E-16
1778.	0.5325E-16
1845.	0.5108E-16
1916.	0.4897E-16
1989.	0.4696E-16
2064.	0.4501E-16
2143.	0.4313E-16
2225.	0.4133E-16
2309.	0.3958E-16
2397.	0.3792E-16
2489.	0.3630E-16
2583.	0.3475E-16
2682.	0.3325E-16
2784.	0.3180E-16
2890.	0.3042E-16
3000.	0.2908E-16
 
 
C4    Cl2    Excitation    2.50 eV                              
E/N (Td)	Energy loss coefficient (eV m3/s)
10.22	0.8982E-16
10.61	0.1054E-15
11.02	0.1227E-15
11.44	0.1419E-15
11.87	0.1629E-15
12.33	0.1859E-15
12.80	0.2109E-15
13.28	0.2380E-15
13.79	0.2673E-15
14.31	0.2989E-15
14.86	0.3328E-15
15.42	0.3691E-15
16.01	0.4078E-15
16.62	0.4492E-15
17.25	0.4932E-15
17.91	0.5399E-15
18.59	0.5894E-15
19.30	0.6419E-15
20.04	0.6974E-15
20.80	0.7560E-15
21.59	0.8177E-15
22.42	0.8828E-15
23.27	0.9513E-15
24.16	0.1023E-14
25.08	0.1099E-14
26.03	0.1178E-14
27.02	0.1262E-14
28.05	0.1349E-14
29.12	0.1440E-14
30.23	0.1536E-14
31.38	0.1636E-14
32.57	0.1740E-14
33.82	0.1850E-14
35.10	0.1964E-14
36.44	0.2082E-14
37.83	0.2206E-14
39.27	0.2336E-14
40.76	0.2470E-14
42.32	0.2610E-14
43.93	0.2756E-14
45.60	0.2908E-14
47.34	0.3066E-14
49.14	0.3230E-14
51.01	0.3401E-14
52.96	0.3578E-14
54.97	0.3763E-14
57.07	0.3954E-14
59.24	0.4152E-14
61.50	0.4358E-14
63.84	0.4572E-14
66.27	0.4794E-14
68.79	0.5024E-14
71.41	0.5263E-14
74.13	0.5510E-14
76.96	0.5767E-14
79.89	0.6032E-14
82.93	0.6307E-14
86.09	0.6592E-14
89.37	0.6887E-14
92.77	0.7192E-14
96.31	0.7508E-14
99.97	0.7834E-14
103.8	0.8172E-14
107.7	0.8520E-14
111.8	0.8880E-14
116.1	0.9252E-14
120.5	0.9635E-14
125.1	0.1003E-13
129.9	0.1044E-13
134.8	0.1086E-13
140.0	0.1129E-13
145.3	0.1173E-13
150.8	0.1218E-13
156.6	0.1265E-13
162.5	0.1312E-13
168.7	0.1360E-13
175.1	0.1410E-13
181.8	0.1460E-13
188.7	0.1510E-13
195.9	0.1562E-13
203.4	0.1613E-13
211.1	0.1665E-13
219.2	0.1717E-13
227.5	0.1768E-13
236.2	0.1819E-13
245.2	0.1869E-13
254.5	0.1918E-13
264.2	0.1966E-13
274.3	0.2012E-13
284.7	0.2056E-13
295.6	0.2099E-13
306.8	0.2138E-13
318.5	0.2176E-13
330.6	0.2210E-13
343.2	0.2242E-13
356.3	0.2270E-13
369.9	0.2296E-13
384.0	0.2318E-13
398.6	0.2337E-13
413.8	0.2353E-13
429.5	0.2366E-13
445.9	0.2376E-13
462.9	0.2383E-13
480.5	0.2387E-13
498.8	0.2388E-13
517.8	0.2387E-13
537.5	0.2382E-13
558.0	0.2376E-13
579.2	0.2367E-13
601.3	0.2355E-13
624.2	0.2341E-13
648.0	0.2326E-13
672.6	0.2308E-13
698.3	0.2288E-13
724.9	0.2267E-13
752.5	0.2243E-13
781.1	0.2218E-13
810.9	0.2192E-13
841.8	0.2164E-13
873.8	0.2135E-13
907.1	0.2104E-13
941.6	0.2072E-13
977.5	0.2040E-13
1015.	0.2006E-13
1053.	0.1971E-13
1094.	0.1935E-13
1135.	0.1899E-13
1178.	0.1862E-13
1223.	0.1825E-13
1270.	0.1787E-13
1318.	0.1748E-13
1368.	0.1709E-13
1421.	0.1670E-13
1475.	0.1631E-13
1531.	0.1591E-13
1589.	0.1551E-13
1650.	0.1512E-13
1712.	0.1472E-13
1778.	0.1433E-13
1845.	0.1394E-13
1916.	0.1355E-13
1989.	0.1316E-13
2064.	0.1277E-13
2143.	0.1239E-13
2225.	0.1201E-13
2309.	0.1164E-13
2397.	0.1127E-13
2489.	0.1091E-13
2583.	0.1056E-13
2682.	0.1021E-13
2784.	0.9860E-14
2890.	0.9523E-14
3000.	0.9190E-14
 
 
C5    Cl2    Excitation    3.12 eV                              
E/N (Td)	Energy loss coefficient (eV m3/s)
10.22	0.1865E-18
10.61	0.2561E-18
11.02	0.3489E-18
11.44	0.4694E-18
11.87	0.6240E-18
12.33	0.8205E-18
12.80	0.1067E-17
13.28	0.1375E-17
13.79	0.1755E-17
14.31	0.2221E-17
14.86	0.2787E-17
15.42	0.3469E-17
16.01	0.4290E-17
16.62	0.5259E-17
17.25	0.6412E-17
17.91	0.7770E-17
18.59	0.9359E-17
19.30	0.1121E-16
20.04	0.1335E-16
20.80	0.1583E-16
21.59	0.1867E-16
22.42	0.2192E-16
23.27	0.2563E-16
24.16	0.2984E-16
25.08	0.3460E-16
26.03	0.3997E-16
27.02	0.4601E-16
28.05	0.5277E-16
29.12	0.6033E-16
30.23	0.6875E-16
31.38	0.7811E-16
32.57	0.8849E-16
33.82	0.9997E-16
35.10	0.1126E-15
36.44	0.1266E-15
37.83	0.1420E-15
39.27	0.1588E-15
40.76	0.1772E-15
42.32	0.1974E-15
43.93	0.2194E-15
45.60	0.2434E-15
47.34	0.2696E-15
49.14	0.2980E-15
51.01	0.3290E-15
52.96	0.3625E-15
54.97	0.3989E-15
57.07	0.4383E-15
59.24	0.4811E-15
61.50	0.5272E-15
63.84	0.5772E-15
66.27	0.6313E-15
68.79	0.6898E-15
71.41	0.7531E-15
74.13	0.8214E-15
76.96	0.8954E-15
79.89	0.9753E-15
82.93	0.1062E-14
86.09	0.1155E-14
89.37	0.1257E-14
92.77	0.1366E-14
96.31	0.1485E-14
99.97	0.1614E-14
103.8	0.1754E-14
107.7	0.1906E-14
111.8	0.2072E-14
116.1	0.2252E-14
120.5	0.2448E-14
125.1	0.2662E-14
129.9	0.2896E-14
134.8	0.3152E-14
140.0	0.3431E-14
145.3	0.3737E-14
150.8	0.4072E-14
156.6	0.4439E-14
162.5	0.4841E-14
168.7	0.5281E-14
175.1	0.5763E-14
181.8	0.6292E-14
188.7	0.6870E-14
195.9	0.7501E-14
203.4	0.8190E-14
211.1	0.8941E-14
219.2	0.9756E-14
227.5	0.1064E-13
236.2	0.1159E-13
245.2	0.1262E-13
254.5	0.1372E-13
264.2	0.1490E-13
274.3	0.1615E-13
284.7	0.1747E-13
295.6	0.1887E-13
306.8	0.2034E-13
318.5	0.2187E-13
330.6	0.2347E-13
343.2	0.2512E-13
356.3	0.2683E-13
369.9	0.2858E-13
384.0	0.3038E-13
398.6	0.3221E-13
413.8	0.3408E-13
429.5	0.3597E-13
445.9	0.3789E-13
462.9	0.3982E-13
480.5	0.4177E-13
498.8	0.4373E-13
517.8	0.4570E-13
537.5	0.4768E-13
558.0	0.4966E-13
579.2	0.5164E-13
601.3	0.5362E-13
624.2	0.5560E-13
648.0	0.5758E-13
672.6	0.5955E-13
698.3	0.6152E-13
724.9	0.6348E-13
752.5	0.6543E-13
781.1	0.6737E-13
810.9	0.6931E-13
841.8	0.7123E-13
873.8	0.7314E-13
907.1	0.7505E-13
941.6	0.7694E-13
977.5	0.7881E-13
1015.	0.8068E-13
1053.	0.8253E-13
1094.	0.8436E-13
1135.	0.8618E-13
1178.	0.8799E-13
1223.	0.8978E-13
1270.	0.9155E-13
1318.	0.9331E-13
1368.	0.9504E-13
1421.	0.9676E-13
1475.	0.9846E-13
1531.	0.1001E-12
1589.	0.1018E-12
1650.	0.1035E-12
1712.	0.1051E-12
1778.	0.1067E-12
1845.	0.1083E-12
1916.	0.1098E-12
1989.	0.1114E-12
2064.	0.1129E-12
2143.	0.1144E-12
2225.	0.1159E-12
2309.	0.1173E-12
2397.	0.1188E-12
2489.	0.1202E-12
2583.	0.1216E-12
2682.	0.1229E-12
2784.	0.1243E-12
2890.	0.1256E-12
3000.	0.1269E-12
 
 
C6    Cl2    Excitation    9.25 eV                              
E/N (Td)	Energy loss coefficient (eV m3/s)
10.22	-0.1835-168
10.61	-0.1858-168
11.02	-0.1879-168
11.44	-0.1900-168
11.87	-0.1921-168
12.33	-0.1940-168
12.80	-0.1959-168
13.28	-0.1977-168
13.79	-0.1994-168
14.31	-0.2011-168
14.86	-0.2027-168
15.42	-0.2043-168
16.01	-0.2059-168
16.62	-0.2074-168
17.25	-0.2089-168
17.91	-0.2104-168
18.59	-0.2118-168
19.30	-0.2132-168
20.04	-0.2146-168
20.80	-0.2160-168
21.59	-0.2174-168
22.42	-0.2188-168
23.27	-0.2202-168
24.16	-0.2216-168
25.08	-0.2230-168
26.03	-0.2243-168
27.02	-0.2257-168
28.05	-0.2271-168
29.12	-0.2285-168
30.23	-0.2299-168
31.38	-0.2314-168
32.57	-0.2328-168
33.82	-0.2342-168
35.10	-0.2357-168
36.44	-0.2372-168
37.83	-0.2387-168
39.27	-0.2402-168
40.76	0.6239E-25
42.32	0.1539E-24
43.93	0.3679E-24
45.60	0.8534E-24
47.34	0.1923E-23
49.14	0.4211E-23
51.01	0.9872E-23
52.96	0.2073E-22
54.97	0.4249E-22
57.07	0.8507E-22
59.24	0.1666E-21
61.50	0.3216E-21
63.84	0.6040E-21
66.27	0.1112E-20
68.79	0.2010E-20
71.41	0.3567E-20
74.13	0.6233E-20
76.96	0.1069E-19
79.89	0.1803E-19
82.93	0.2995E-19
86.09	0.4903E-19
89.37	0.7919E-19
92.77	0.1260E-18
96.31	0.1980E-18
99.97	0.3070E-18
103.8	0.4704E-18
107.7	0.7130E-18
111.8	0.1067E-17
116.1	0.1580E-17
120.5	0.2316E-17
125.1	0.3358E-17
129.9	0.4822E-17
134.8	0.6862E-17
140.0	0.9667E-17
145.3	0.1349E-16
150.8	0.1867E-16
156.6	0.2560E-16
162.5	0.3481E-16
168.7	0.4695E-16
175.1	0.6278E-16
181.8	0.8327E-16
188.7	0.1096E-15
195.9	0.1430E-15
203.4	0.1853E-15
211.1	0.2381E-15
219.2	0.3037E-15
227.5	0.3843E-15
236.2	0.4827E-15
245.2	0.6018E-15
254.5	0.7448E-15
264.2	0.9150E-15
274.3	0.1116E-14
284.7	0.1351E-14
295.6	0.1625E-14
306.8	0.1940E-14
318.5	0.2302E-14
330.6	0.2713E-14
343.2	0.3178E-14
356.3	0.3701E-14
369.9	0.4284E-14
384.0	0.4931E-14
398.6	0.5647E-14
413.8	0.6435E-14
429.5	0.7298E-14
445.9	0.8240E-14
462.9	0.9264E-14
480.5	0.1037E-13
498.8	0.1157E-13
517.8	0.1287E-13
537.5	0.1425E-13
558.0	0.1575E-13
579.2	0.1734E-13
601.3	0.1905E-13
624.2	0.2086E-13
648.0	0.2280E-13
672.6	0.2485E-13
698.3	0.2703E-13
724.9	0.2934E-13
752.5	0.3179E-13
781.1	0.3436E-13
810.9	0.3708E-13
841.8	0.3995E-13
873.8	0.4296E-13
907.1	0.4612E-13
941.6	0.4943E-13
977.5	0.5290E-13
1015.	0.5652E-13
1053.	0.6030E-13
1094.	0.6425E-13
1135.	0.6835E-13
1178.	0.7262E-13
1223.	0.7705E-13
1270.	0.8165E-13
1318.	0.8641E-13
1368.	0.9132E-13
1421.	0.9642E-13
1475.	0.1017E-12
1531.	0.1071E-12
1589.	0.1126E-12
1650.	0.1183E-12
1712.	0.1242E-12
1778.	0.1302E-12
1845.	0.1364E-12
1916.	0.1427E-12
1989.	0.1491E-12
2064.	0.1557E-12
2143.	0.1624E-12
2225.	0.1692E-12
2309.	0.1761E-12
2397.	0.1832E-12
2489.	0.1903E-12
2583.	0.1976E-12
2682.	0.2050E-12
2784.	0.2124E-12
2890.	0.2200E-12
3000.	0.2276E-12
 
 
C7    Cl2    Ionization    11.49 eV                             
E/N (Td)	Energy loss coefficient (eV m3/s)
10.22	0.000
10.61	0.000
11.02	0.000
11.44	0.000
11.87	0.000
12.33	0.000
12.80	0.000
13.28	0.000
13.79	0.000
14.31	0.000
14.86	0.000
15.42	0.000
16.01	0.000
16.62	0.000
17.25	0.000
17.91	0.000
18.59	0.000
19.30	0.000
20.04	0.000
20.80	0.000
21.59	0.000
22.42	0.000
23.27	0.000
24.16	0.000
25.08	0.000
26.03	0.000
27.02	0.000
28.05	0.000
29.12	0.000
30.23	0.000
31.38	0.000
32.57	0.000
33.82	0.000
35.10	0.000
36.44	0.000
37.83	0.000
39.27	0.000
40.76	0.000
42.32	0.000
43.93	0.000
45.60	0.000
47.34	0.000
49.14	0.000
51.01	0.2155E-24
52.96	0.5301E-24
54.97	0.1263E-23
57.07	0.2921E-23
59.24	0.6556E-23
61.50	0.1773E-22
63.84	0.3844E-22
66.27	0.8131E-22
68.79	0.1679E-21
71.41	0.3389E-21
74.13	0.6791E-21
76.96	0.1316E-20
79.89	0.2498E-20
82.93	0.4653E-20
86.09	0.8507E-20
89.37	0.1531E-19
92.77	0.2703E-19
96.31	0.4695E-19
99.97	0.8029E-19
103.8	0.1352E-18
107.7	0.2247E-18
111.8	0.3677E-18
116.1	0.5935E-18
120.5	0.9454E-18
125.1	0.1487E-17
129.9	0.2310E-17
134.8	0.3548E-17
140.0	0.5382E-17
145.3	0.8071E-17
150.8	0.1197E-16
156.6	0.1756E-16
162.5	0.2549E-16
168.7	0.3662E-16
175.1	0.5207E-16
181.8	0.7328E-16
188.7	0.1021E-15
195.9	0.1409E-15
203.4	0.1926E-15
211.1	0.2607E-15
219.2	0.3496E-15
227.5	0.4643E-15
236.2	0.6111E-15
245.2	0.7968E-15
254.5	0.1030E-14
264.2	0.1319E-14
274.3	0.1675E-14
284.7	0.2107E-14
295.6	0.2630E-14
306.8	0.3254E-14
318.5	0.3995E-14
330.6	0.4865E-14
343.2	0.5880E-14
356.3	0.7054E-14
369.9	0.8403E-14
384.0	0.9939E-14
398.6	0.1168E-13
413.8	0.1365E-13
429.5	0.1585E-13
445.9	0.1830E-13
462.9	0.2102E-13
480.5	0.2402E-13
498.8	0.2732E-13
517.8	0.3093E-13
537.5	0.3488E-13
558.0	0.3918E-13
579.2	0.4383E-13
601.3	0.4887E-13
624.2	0.5431E-13
648.0	0.6016E-13
672.6	0.6644E-13
698.3	0.7318E-13
724.9	0.8039E-13
752.5	0.8809E-13
781.1	0.9630E-13
810.9	0.1050E-12
841.8	0.1143E-12
873.8	0.1242E-12
907.1	0.1346E-12
941.6	0.1456E-12
977.5	0.1573E-12
1015.	0.1695E-12
1053.	0.1825E-12
1094.	0.1961E-12
1135.	0.2104E-12
1178.	0.2255E-12
1223.	0.2412E-12
1270.	0.2577E-12
1318.	0.2750E-12
1368.	0.2930E-12
1421.	0.3119E-12
1475.	0.3315E-12
1531.	0.3519E-12
1589.	0.3733E-12
1650.	0.3954E-12
1712.	0.4184E-12
1778.	0.4422E-12
1845.	0.4669E-12
1916.	0.4925E-12
1989.	0.5190E-12
2064.	0.5464E-12
2143.	0.5748E-12
2225.	0.6040E-12
2309.	0.6342E-12
2397.	0.6652E-12
2489.	0.6972E-12
2583.	0.7301E-12
2682.	0.7639E-12
2784.	0.7987E-12
2890.	0.8343E-12
3000.	0.8709E-12
 
 
Cl2                                                             
E/N (Td)	Inelastic energy loss coefficient (eV m3/s)
10.22	0.7785E-15
10.61	0.7993E-15
11.02	0.8216E-15
11.44	0.8455E-15
11.87	0.8710E-15
12.33	0.8984E-15
12.80	0.9276E-15
13.28	0.9589E-15
13.79	0.9922E-15
14.31	0.1028E-14
14.86	0.1065E-14
15.42	0.1105E-14
16.01	0.1148E-14
16.62	0.1193E-14
17.25	0.1241E-14
17.91	0.1292E-14
18.59	0.1346E-14
19.30	0.1402E-14
20.04	0.1462E-14
20.80	0.1526E-14
21.59	0.1592E-14
22.42	0.1663E-14
23.27	0.1737E-14
24.16	0.1815E-14
25.08	0.1897E-14
26.03	0.1984E-14
27.02	0.2075E-14
28.05	0.2171E-14
29.12	0.2271E-14
30.23	0.2377E-14
31.38	0.2487E-14
32.57	0.2603E-14
33.82	0.2725E-14
35.10	0.2853E-14
36.44	0.2987E-14
37.83	0.3128E-14
39.27	0.3275E-14
40.76	0.3429E-14
42.32	0.3590E-14
43.93	0.3759E-14
45.60	0.3936E-14
47.34	0.4121E-14
49.14	0.4315E-14
51.01	0.4517E-14
52.96	0.4729E-14
54.97	0.4951E-14
57.07	0.5183E-14
59.24	0.5426E-14
61.50	0.5679E-14
63.84	0.5944E-14
66.27	0.6222E-14
68.79	0.6512E-14
71.41	0.6816E-14
74.13	0.7134E-14
76.96	0.7467E-14
79.89	0.7815E-14
82.93	0.8180E-14
86.09	0.8562E-14
89.37	0.8961E-14
92.77	0.9380E-14
96.31	0.9820E-14
99.97	0.1028E-13
103.8	0.1076E-13
107.7	0.1127E-13
111.8	0.1180E-13
116.1	0.1236E-13
120.5	0.1295E-13
125.1	0.1357E-13
129.9	0.1422E-13
134.8	0.1491E-13
140.0	0.1564E-13
145.3	0.1640E-13
150.8	0.1721E-13
156.6	0.1807E-13
162.5	0.1898E-13
168.7	0.1994E-13
175.1	0.2096E-13
181.8	0.2205E-13
188.7	0.2321E-13
195.9	0.2444E-13
203.4	0.2576E-13
211.1	0.2717E-13
219.2	0.2868E-13
227.5	0.3029E-13
236.2	0.3202E-13
245.2	0.3388E-13
254.5	0.3587E-13
264.2	0.3801E-13
274.3	0.4030E-13
284.7	0.4276E-13
295.6	0.4541E-13
306.8	0.4824E-13
318.5	0.5128E-13
330.6	0.5453E-13
343.2	0.5802E-13
356.3	0.6174E-13
369.9	0.6572E-13
384.0	0.6996E-13
398.6	0.7448E-13
413.8	0.7931E-13
429.5	0.8444E-13
445.9	0.8989E-13
462.9	0.9569E-13
480.5	0.1018E-12
498.8	0.1084E-12
517.8	0.1153E-12
537.5	0.1226E-12
558.0	0.1304E-12
579.2	0.1386E-12
601.3	0.1473E-12
624.2	0.1565E-12
648.0	0.1662E-12
672.6	0.1764E-12
698.3	0.1872E-12
724.9	0.1985E-12
752.5	0.2105E-12
781.1	0.2230E-12
810.9	0.2363E-12
841.8	0.2502E-12
873.8	0.2647E-12
907.1	0.2800E-12
941.6	0.2961E-12
977.5	0.3128E-12
1015.	0.3304E-12
1053.	0.3488E-12
1094.	0.3679E-12
1135.	0.3879E-12
1178.	0.4088E-12
1223.	0.4306E-12
1270.	0.4532E-12
1318.	0.4768E-12
1368.	0.5012E-12
1421.	0.5267E-12
1475.	0.5530E-12
1531.	0.5804E-12
1589.	0.6088E-12
1650.	0.6381E-12
1712.	0.6684E-12
1778.	0.6996E-12
1845.	0.7319E-12
1916.	0.7654E-12
1989.	0.7998E-12
2064.	0.8353E-12
2143.	0.8718E-12
2225.	0.9094E-12
2309.	0.9480E-12
2397.	0.9876E-12
2489.	0.1028E-11
2583.	0.1070E-11
2682.	0.1113E-11
2784.	0.1157E-11
2890.	0.1202E-11
3000.	0.1248E-11
 
 
