BOLSIG+ version: 03/2016
Collision input data:
--------------------------------------------------
F2                                                              
collisions.txt
 
 
 
Angular frequency / N (m3/s)               0.000    
Cosine of E-B field angle                  0.000    
Gas temperature (K)                        300.0    
Excitation temperature (K)                 300.0    
Transition energy (eV)                     0.000    
Ionization degree                          0.000    
Plasma density (1/m3)                     0.1000E+19
Ion charge parameter                       1.000    
Ion/neutral mass ratio                     1.000    
e-e momentum effects                       1.000    
Energy sharing                             1.000    
Growth model                               1.000    
Maxwellian mean energy (eV)                0.000    
# of grid points                           200.0    
Precision                                 0.1000E-09
Convergence                               0.1000E-03
Maximum # of iterations                    5000.    
Mole fraction F2                           1.000    
 
 
E/N (Td)    	Electric field / N (Td)                                         
0.1000E-02	0.1000E-02
0.1038E-02	0.1038E-02
0.1078E-02	0.1078E-02
0.1119E-02	0.1119E-02
0.1161E-02	0.1161E-02
0.1205E-02	0.1205E-02
0.1251E-02	0.1251E-02
0.1299E-02	0.1299E-02
0.1349E-02	0.1349E-02
0.1400E-02	0.1400E-02
0.1453E-02	0.1453E-02
0.1509E-02	0.1509E-02
0.1566E-02	0.1566E-02
0.1626E-02	0.1626E-02
0.1688E-02	0.1688E-02
0.1752E-02	0.1752E-02
0.1819E-02	0.1819E-02
0.1888E-02	0.1888E-02
0.1960E-02	0.1960E-02
0.2034E-02	0.2034E-02
0.2112E-02	0.2112E-02
0.2192E-02	0.2192E-02
0.2276E-02	0.2276E-02
0.2362E-02	0.2362E-02
0.2452E-02	0.2452E-02
0.2546E-02	0.2546E-02
0.2643E-02	0.2643E-02
0.2743E-02	0.2743E-02
0.2848E-02	0.2848E-02
0.2956E-02	0.2956E-02
0.3069E-02	0.3069E-02
0.3186E-02	0.3186E-02
0.3307E-02	0.3307E-02
0.3433E-02	0.3433E-02
0.3564E-02	0.3564E-02
0.3700E-02	0.3700E-02
0.3841E-02	0.3841E-02
0.3987E-02	0.3987E-02
0.4139E-02	0.4139E-02
0.4296E-02	0.4296E-02
0.4460E-02	0.4460E-02
0.4630E-02	0.4630E-02
0.4806E-02	0.4806E-02
0.4989E-02	0.4989E-02
0.5179E-02	0.5179E-02
0.5377E-02	0.5377E-02
0.5581E-02	0.5581E-02
0.5794E-02	0.5794E-02
0.6015E-02	0.6015E-02
0.6244E-02	0.6244E-02
0.6481E-02	0.6481E-02
0.6728E-02	0.6728E-02
0.6985E-02	0.6985E-02
0.7251E-02	0.7251E-02
0.7527E-02	0.7527E-02
0.7813E-02	0.7813E-02
0.8111E-02	0.8111E-02
0.8420E-02	0.8420E-02
0.8741E-02	0.8741E-02
0.9073E-02	0.9073E-02
0.9419E-02	0.9419E-02
0.9778E-02	0.9778E-02
0.1015E-01	0.1015E-01
0.1054E-01	0.1054E-01
0.1094E-01	0.1094E-01
0.1135E-01	0.1135E-01
0.1179E-01	0.1179E-01
0.1224E-01	0.1224E-01
0.1270E-01	0.1270E-01
0.1319E-01	0.1319E-01
0.1369E-01	0.1369E-01
0.1421E-01	0.1421E-01
0.1475E-01	0.1475E-01
0.1531E-01	0.1531E-01
0.1590E-01	0.1590E-01
0.1650E-01	0.1650E-01
0.1713E-01	0.1713E-01
0.1778E-01	0.1778E-01
0.1846E-01	0.1846E-01
0.1916E-01	0.1916E-01
0.1989E-01	0.1989E-01
0.2065E-01	0.2065E-01
0.2144E-01	0.2144E-01
0.2225E-01	0.2225E-01
0.2310E-01	0.2310E-01
0.2398E-01	0.2398E-01
0.2489E-01	0.2489E-01
0.2584E-01	0.2584E-01
0.2682E-01	0.2682E-01
0.2785E-01	0.2785E-01
0.2891E-01	0.2891E-01
0.3001E-01	0.3001E-01
0.3115E-01	0.3115E-01
0.3234E-01	0.3234E-01
0.3357E-01	0.3357E-01
0.3485E-01	0.3485E-01
0.3617E-01	0.3617E-01
0.3755E-01	0.3755E-01
0.3898E-01	0.3898E-01
0.4047E-01	0.4047E-01
0.4201E-01	0.4201E-01
0.4361E-01	0.4361E-01
0.4527E-01	0.4527E-01
0.4699E-01	0.4699E-01
0.4878E-01	0.4878E-01
0.5064E-01	0.5064E-01
0.5257E-01	0.5257E-01
0.5457E-01	0.5457E-01
0.5665E-01	0.5665E-01
0.5881E-01	0.5881E-01
0.6105E-01	0.6105E-01
0.6337E-01	0.6337E-01
0.6579E-01	0.6579E-01
0.6829E-01	0.6829E-01
0.7089E-01	0.7089E-01
0.7359E-01	0.7359E-01
0.7640E-01	0.7640E-01
0.7931E-01	0.7931E-01
0.8233E-01	0.8233E-01
0.8546E-01	0.8546E-01
0.8872E-01	0.8872E-01
0.9210E-01	0.9210E-01
0.9560E-01	0.9560E-01
0.9924E-01	0.9924E-01
0.1030	0.1030
0.1069	0.1069
0.1110	0.1110
0.1152	0.1152
0.1196	0.1196
0.1242	0.1242
0.1289	0.1289
0.1338	0.1338
0.1389	0.1389
0.1442	0.1442
0.1497	0.1497
0.1554	0.1554
0.1613	0.1613
0.1675	0.1675
0.1739	0.1739
0.1805	0.1805
0.1874	0.1874
0.1945	0.1945
0.2019	0.2019
0.2096	0.2096
0.2176	0.2176
0.2259	0.2259
0.2345	0.2345
0.2434	0.2434
0.2527	0.2527
0.2623	0.2623
0.2723	0.2723
0.2826	0.2826
0.2934	0.2934
0.3046	0.3046
0.3162	0.3162
0.3282	0.3282
0.3407	0.3407
0.3537	0.3537
0.3672	0.3672
0.3812	0.3812
0.3957	0.3957
0.4107	0.4107
0.4264	0.4264
0.4426	0.4426
0.4595	0.4595
0.4770	0.4770
0.4952	0.4952
0.5140	0.5140
0.5336	0.5336
0.5539	0.5539
0.5750	0.5750
0.5969	0.5969
0.6196	0.6196
0.6432	0.6432
0.6677	0.6677
0.6932	0.6932
0.7196	0.7196
0.7470	0.7470
0.7754	0.7754
0.8050	0.8050
0.8356	0.8356
0.8674	0.8674
0.9005	0.9005
0.9348	0.9348
0.9704	0.9704
1.007	1.007
1.046	1.046
1.086	1.086
1.127	1.127
1.170	1.170
1.214	1.214
1.261	1.261
1.309	1.309
1.358	1.358
1.410	1.410
1.464	1.464
1.520	1.520
1.578	1.578
1.638	1.638
1.700	1.700
1.765	1.765
1.832	1.832
1.902	1.902
1.974	1.974
2.049	2.049
2.127	2.127
2.208	2.208
2.293	2.293
2.380	2.380
2.470	2.470
2.565	2.565
2.662	2.662
2.764	2.764
2.869	2.869
2.978	2.978
3.092	3.092
3.209	3.209
3.332	3.332
3.458	3.458
3.590	3.590
3.727	3.727
3.869	3.869
4.016	4.016
4.169	4.169
4.328	4.328
4.493	4.493
4.664	4.664
4.841	4.841
5.026	5.026
5.217	5.217
5.416	5.416
5.622	5.622
5.836	5.836
6.059	6.059
6.289	6.289
6.529	6.529
6.778	6.778
7.036	7.036
7.304	7.304
7.582	7.582
7.871	7.871
8.170	8.170
8.482	8.482
8.805	8.805
9.140	9.140
9.488	9.488
9.849	9.849
10.22	10.22
10.61	10.61
11.02	11.02
11.44	11.44
11.87	11.87
12.33	12.33
12.80	12.80
13.28	13.28
13.79	13.79
14.31	14.31
14.86	14.86
15.42	15.42
16.01	16.01
16.62	16.62
17.25	17.25
17.91	17.91
18.59	18.59
19.30	19.30
20.04	20.04
20.80	20.80
21.59	21.59
22.42	22.42
23.27	23.27
24.16	24.16
25.08	25.08
26.03	26.03
27.02	27.02
28.05	28.05
29.12	29.12
30.23	30.23
31.38	31.38
32.57	32.57
33.82	33.82
35.10	35.10
36.44	36.44
37.83	37.83
39.27	39.27
40.76	40.76
42.32	42.32
43.93	43.93
45.60	45.60
47.34	47.34
49.14	49.14
51.01	51.01
52.96	52.96
54.97	54.97
57.07	57.07
59.24	59.24
61.50	61.50
63.84	63.84
66.27	66.27
68.79	68.79
71.41	71.41
74.13	74.13
76.96	76.96
79.89	79.89
82.93	82.93
86.09	86.09
89.37	89.37
92.77	92.77
96.31	96.31
99.97	99.97
103.8	103.8
107.7	107.7
111.8	111.8
116.1	116.1
120.5	120.5
125.1	125.1
129.9	129.9
134.8	134.8
140.0	140.0
145.3	145.3
150.8	150.8
156.6	156.6
162.5	162.5
168.7	168.7
175.1	175.1
181.8	181.8
188.7	188.7
195.9	195.9
203.4	203.4
211.1	211.1
219.2	219.2
227.5	227.5
236.2	236.2
245.2	245.2
254.5	254.5
264.2	264.2
274.3	274.3
284.7	284.7
295.6	295.6
306.8	306.8
318.5	318.5
330.6	330.6
343.2	343.2
356.3	356.3
369.9	369.9
384.0	384.0
398.6	398.6
413.8	413.8
429.5	429.5
445.9	445.9
462.9	462.9
480.5	480.5
498.8	498.8
517.8	517.8
537.5	537.5
558.0	558.0
579.2	579.2
601.3	601.3
624.2	624.2
648.0	648.0
672.6	672.6
698.3	698.3
724.9	724.9
752.5	752.5
781.1	781.1
810.9	810.9
841.8	841.8
873.8	873.8
907.1	907.1
941.6	941.6
977.5	977.5
1015.	1015.
1053.	1053.
1094.	1094.
1135.	1135.
1178.	1178.
1223.	1223.
1270.	1270.
1318.	1318.
1368.	1368.
1421.	1421.
1475.	1475.
1531.	1531.
1589.	1589.
1650.	1650.
1712.	1712.
1778.	1778.
1845.	1845.
1916.	1916.
1989.	1989.
2064.	2064.
2143.	2143.
2225.	2225.
2309.	2309.
2397.	2397.
2489.	2489.
2583.	2583.
2682.	2682.
2784.	2784.
2890.	2890.
 
 
E/N (Td)    	Grid type                                                       
0.1000E-02	2.000
0.1038E-02	3.000
0.1078E-02	3.000
0.1119E-02	3.000
0.1161E-02	3.000
0.1205E-02	3.000
0.1251E-02	3.000
0.1299E-02	3.000
0.1349E-02	3.000
0.1400E-02	3.000
0.1453E-02	3.000
0.1509E-02	3.000
0.1566E-02	3.000
0.1626E-02	3.000
0.1688E-02	3.000
0.1752E-02	3.000
0.1819E-02	3.000
0.1888E-02	3.000
0.1960E-02	3.000
0.2034E-02	3.000
0.2112E-02	3.000
0.2192E-02	3.000
0.2276E-02	3.000
0.2362E-02	3.000
0.2452E-02	3.000
0.2546E-02	3.000
0.2643E-02	3.000
0.2743E-02	3.000
0.2848E-02	3.000
0.2956E-02	3.000
0.3069E-02	3.000
0.3186E-02	3.000
0.3307E-02	3.000
0.3433E-02	3.000
0.3564E-02	3.000
0.3700E-02	3.000
0.3841E-02	3.000
0.3987E-02	3.000
0.4139E-02	3.000
0.4296E-02	3.000
0.4460E-02	3.000
0.4630E-02	3.000
0.4806E-02	3.000
0.4989E-02	3.000
0.5179E-02	3.000
0.5377E-02	3.000
0.5581E-02	3.000
0.5794E-02	3.000
0.6015E-02	3.000
0.6244E-02	3.000
0.6481E-02	3.000
0.6728E-02	3.000
0.6985E-02	3.000
0.7251E-02	3.000
0.7527E-02	3.000
0.7813E-02	3.000
0.8111E-02	3.000
0.8420E-02	3.000
0.8741E-02	3.000
0.9073E-02	3.000
0.9419E-02	3.000
0.9778E-02	3.000
0.1015E-01	3.000
0.1054E-01	3.000
0.1094E-01	3.000
0.1135E-01	3.000
0.1179E-01	3.000
0.1224E-01	3.000
0.1270E-01	3.000
0.1319E-01	3.000
0.1369E-01	3.000
0.1421E-01	3.000
0.1475E-01	3.000
0.1531E-01	3.000
0.1590E-01	3.000
0.1650E-01	3.000
0.1713E-01	3.000
0.1778E-01	3.000
0.1846E-01	3.000
0.1916E-01	3.000
0.1989E-01	3.000
0.2065E-01	3.000
0.2144E-01	3.000
0.2225E-01	3.000
0.2310E-01	3.000
0.2398E-01	3.000
0.2489E-01	3.000
0.2584E-01	3.000
0.2682E-01	3.000
0.2785E-01	3.000
0.2891E-01	3.000
0.3001E-01	3.000
0.3115E-01	3.000
0.3234E-01	3.000
0.3357E-01	3.000
0.3485E-01	3.000
0.3617E-01	3.000
0.3755E-01	3.000
0.3898E-01	3.000
0.4047E-01	3.000
0.4201E-01	3.000
0.4361E-01	3.000
0.4527E-01	3.000
0.4699E-01	3.000
0.4878E-01	3.000
0.5064E-01	3.000
0.5257E-01	3.000
0.5457E-01	3.000
0.5665E-01	3.000
0.5881E-01	3.000
0.6105E-01	3.000
0.6337E-01	3.000
0.6579E-01	3.000
0.6829E-01	3.000
0.7089E-01	3.000
0.7359E-01	3.000
0.7640E-01	3.000
0.7931E-01	3.000
0.8233E-01	3.000
0.8546E-01	3.000
0.8872E-01	3.000
0.9210E-01	3.000
0.9560E-01	3.000
0.9924E-01	3.000
0.1030	3.000
0.1069	3.000
0.1110	3.000
0.1152	3.000
0.1196	3.000
0.1242	3.000
0.1289	3.000
0.1338	3.000
0.1389	3.000
0.1442	3.000
0.1497	3.000
0.1554	3.000
0.1613	3.000
0.1675	3.000
0.1739	3.000
0.1805	3.000
0.1874	3.000
0.1945	3.000
0.2019	3.000
0.2096	3.000
0.2176	3.000
0.2259	3.000
0.2345	3.000
0.2434	3.000
0.2527	3.000
0.2623	3.000
0.2723	3.000
0.2826	3.000
0.2934	3.000
0.3046	3.000
0.3162	3.000
0.3282	3.000
0.3407	3.000
0.3537	3.000
0.3672	3.000
0.3812	3.000
0.3957	3.000
0.4107	3.000
0.4264	3.000
0.4426	3.000
0.4595	3.000
0.4770	3.000
0.4952	3.000
0.5140	3.000
0.5336	3.000
0.5539	3.000
0.5750	3.000
0.5969	3.000
0.6196	3.000
0.6432	3.000
0.6677	3.000
0.6932	3.000
0.7196	3.000
0.7470	3.000
0.7754	3.000
0.8050	3.000
0.8356	3.000
0.8674	3.000
0.9005	3.000
0.9348	3.000
0.9704	3.000
1.007	3.000
1.046	3.000
1.086	3.000
1.127	3.000
1.170	3.000
1.214	3.000
1.261	3.000
1.309	3.000
1.358	3.000
1.410	3.000
1.464	3.000
1.520	3.000
1.578	3.000
1.638	3.000
1.700	3.000
1.765	3.000
1.832	3.000
1.902	3.000
1.974	3.000
2.049	3.000
2.127	3.000
2.208	3.000
2.293	3.000
2.380	3.000
2.470	3.000
2.565	3.000
2.662	3.000
2.764	3.000
2.869	3.000
2.978	3.000
3.092	3.000
3.209	3.000
3.332	3.000
3.458	3.000
3.590	3.000
3.727	3.000
3.869	3.000
4.016	3.000
4.169	3.000
4.328	3.000
4.493	3.000
4.664	3.000
4.841	3.000
5.026	3.000
5.217	3.000
5.416	3.000
5.622	3.000
5.836	3.000
6.059	3.000
6.289	3.000
6.529	3.000
6.778	3.000
7.036	3.000
7.304	3.000
7.582	3.000
7.871	3.000
8.170	3.000
8.482	3.000
8.805	3.000
9.140	3.000
9.488	3.000
9.849	3.000
10.22	3.000
10.61	3.000
11.02	3.000
11.44	3.000
11.87	3.000
12.33	3.000
12.80	3.000
13.28	3.000
13.79	3.000
14.31	3.000
14.86	3.000
15.42	3.000
16.01	3.000
16.62	3.000
17.25	3.000
17.91	3.000
18.59	3.000
19.30	3.000
20.04	3.000
20.80	3.000
21.59	3.000
22.42	3.000
23.27	3.000
24.16	3.000
25.08	3.000
26.03	3.000
27.02	3.000
28.05	3.000
29.12	3.000
30.23	3.000
31.38	3.000
32.57	3.000
33.82	3.000
35.10	3.000
36.44	3.000
37.83	3.000
39.27	3.000
40.76	3.000
42.32	3.000
43.93	3.000
45.60	3.000
47.34	3.000
49.14	3.000
51.01	3.000
52.96	3.000
54.97	3.000
57.07	3.000
59.24	3.000
61.50	3.000
63.84	3.000
66.27	3.000
68.79	3.000
71.41	3.000
74.13	3.000
76.96	3.000
79.89	3.000
82.93	3.000
86.09	3.000
89.37	3.000
92.77	3.000
96.31	3.000
99.97	3.000
103.8	3.000
107.7	3.000
111.8	3.000
116.1	3.000
120.5	3.000
125.1	3.000
129.9	3.000
134.8	3.000
140.0	3.000
145.3	3.000
150.8	3.000
156.6	3.000
162.5	3.000
168.7	3.000
175.1	3.000
181.8	3.000
188.7	3.000
195.9	3.000
203.4	3.000
211.1	3.000
219.2	3.000
227.5	3.000
236.2	3.000
245.2	3.000
254.5	3.000
264.2	3.000
274.3	3.000
284.7	3.000
295.6	3.000
306.8	3.000
318.5	3.000
330.6	3.000
343.2	3.000
356.3	3.000
369.9	3.000
384.0	3.000
398.6	3.000
413.8	3.000
429.5	3.000
445.9	3.000
462.9	3.000
480.5	3.000
498.8	3.000
517.8	3.000
537.5	3.000
558.0	3.000
579.2	3.000
601.3	3.000
624.2	3.000
648.0	3.000
672.6	3.000
698.3	3.000
724.9	3.000
752.5	3.000
781.1	3.000
810.9	3.000
841.8	3.000
873.8	3.000
907.1	3.000
941.6	3.000
977.5	3.000
1015.	3.000
1053.	3.000
1094.	3.000
1135.	3.000
1178.	3.000
1223.	3.000
1270.	3.000
1318.	3.000
1368.	3.000
1421.	3.000
1475.	3.000
1531.	3.000
1589.	3.000
1650.	3.000
1712.	3.000
1778.	3.000
1845.	3.000
1916.	3.000
1989.	3.000
2064.	3.000
2143.	3.000
2225.	3.000
2309.	3.000
2397.	3.000
2489.	3.000
2583.	3.000
2682.	3.000
2784.	3.000
2890.	3.000
 
 
E/N (Td)    	Maximum energy                                                  
0.1000E-02	2000.
0.1038E-02	4.302
0.1078E-02	4.302
0.1119E-02	4.302
0.1161E-02	4.302
0.1205E-02	4.302
0.1251E-02	4.302
0.1299E-02	4.302
0.1349E-02	4.302
0.1400E-02	4.302
0.1453E-02	4.302
0.1509E-02	4.302
0.1566E-02	4.302
0.1626E-02	4.302
0.1688E-02	4.302
0.1752E-02	4.302
0.1819E-02	4.302
0.1888E-02	4.302
0.1960E-02	4.302
0.2034E-02	4.302
0.2112E-02	4.302
0.2192E-02	4.302
0.2276E-02	4.302
0.2362E-02	4.302
0.2452E-02	4.302
0.2546E-02	4.302
0.2643E-02	4.302
0.2743E-02	4.302
0.2848E-02	4.302
0.2956E-02	4.302
0.3069E-02	4.302
0.3186E-02	4.302
0.3307E-02	4.302
0.3433E-02	4.302
0.3564E-02	4.302
0.3700E-02	4.302
0.3841E-02	4.302
0.3987E-02	4.302
0.4139E-02	4.302
0.4296E-02	4.302
0.4460E-02	4.302
0.4630E-02	4.302
0.4806E-02	4.302
0.4989E-02	4.302
0.5179E-02	4.302
0.5377E-02	4.302
0.5581E-02	4.302
0.5794E-02	4.302
0.6015E-02	4.302
0.6244E-02	4.302
0.6481E-02	4.302
0.6728E-02	4.302
0.6985E-02	4.302
0.7251E-02	4.302
0.7527E-02	4.302
0.7813E-02	4.302
0.8111E-02	4.302
0.8420E-02	4.302
0.8741E-02	4.302
0.9073E-02	4.302
0.9419E-02	4.302
0.9778E-02	4.302
0.1015E-01	4.302
0.1054E-01	4.302
0.1094E-01	4.302
0.1135E-01	4.302
0.1179E-01	4.302
0.1224E-01	4.302
0.1270E-01	4.302
0.1319E-01	4.302
0.1369E-01	4.302
0.1421E-01	4.302
0.1475E-01	4.302
0.1531E-01	4.302
0.1590E-01	4.302
0.1650E-01	4.302
0.1713E-01	4.302
0.1778E-01	4.302
0.1846E-01	4.302
0.1916E-01	4.302
0.1989E-01	4.302
0.2065E-01	4.302
0.2144E-01	4.302
0.2225E-01	4.302
0.2310E-01	4.302
0.2398E-01	4.302
0.2489E-01	4.302
0.2584E-01	4.302
0.2682E-01	4.302
0.2785E-01	4.302
0.2891E-01	4.302
0.3001E-01	4.302
0.3115E-01	4.302
0.3234E-01	4.302
0.3357E-01	4.302
0.3485E-01	4.302
0.3617E-01	4.302
0.3755E-01	4.302
0.3898E-01	4.302
0.4047E-01	4.302
0.4201E-01	4.302
0.4361E-01	4.302
0.4527E-01	4.302
0.4699E-01	4.302
0.4878E-01	4.302
0.5064E-01	4.302
0.5257E-01	4.302
0.5457E-01	4.302
0.5665E-01	4.302
0.5881E-01	4.302
0.6105E-01	4.302
0.6337E-01	4.302
0.6579E-01	4.302
0.6829E-01	4.302
0.7089E-01	4.302
0.7359E-01	4.302
0.7640E-01	4.302
0.7931E-01	4.302
0.8233E-01	4.302
0.8546E-01	4.302
0.8872E-01	4.302
0.9210E-01	4.302
0.9560E-01	4.302
0.9924E-01	4.302
0.1030	4.302
0.1069	4.302
0.1110	4.302
0.1152	4.302
0.1196	4.302
0.1242	4.302
0.1289	4.302
0.1338	4.302
0.1389	4.302
0.1442	4.302
0.1497	4.302
0.1554	4.302
0.1613	4.302
0.1675	4.302
0.1739	4.302
0.1805	4.302
0.1874	4.302
0.1945	4.302
0.2019	4.302
0.2096	4.302
0.2176	4.302
0.2259	4.302
0.2345	4.302
0.2434	4.302
0.2527	4.302
0.2623	4.302
0.2723	4.302
0.2826	4.302
0.2934	4.302
0.3046	4.302
0.3162	4.302
0.3282	4.302
0.3407	4.302
0.3537	4.302
0.3672	4.302
0.3812	4.302
0.3957	4.302
0.4107	4.302
0.4264	4.302
0.4426	4.302
0.4595	4.302
0.4770	4.302
0.4952	4.302
0.5140	4.302
0.5336	4.302
0.5539	4.302
0.5750	4.302
0.5969	4.302
0.6196	4.302
0.6432	4.302
0.6677	4.302
0.6932	4.302
0.7196	4.302
0.7470	4.302
0.7754	4.302
0.8050	4.302
0.8356	4.302
0.8674	4.302
0.9005	4.302
0.9348	5.123
0.9704	5.123
1.007	5.123
1.046	5.123
1.086	5.123
1.127	5.123
1.170	5.123
1.214	5.123
1.261	5.123
1.309	5.123
1.358	5.123
1.410	5.123
1.464	5.123
1.520	5.123
1.578	5.123
1.638	5.123
1.700	5.123
1.765	5.123
1.832	5.123
1.902	5.123
1.974	5.123
2.049	6.102
2.127	6.102
2.208	6.102
2.293	6.102
2.380	6.102
2.470	6.102
2.565	6.102
2.662	6.102
2.764	6.102
2.869	6.102
2.978	6.102
3.092	6.102
3.209	6.102
3.332	6.102
3.458	7.267
3.590	7.267
3.727	7.267
3.869	7.267
4.016	7.267
4.169	7.267
4.328	7.267
4.493	7.267
4.664	7.267
4.841	7.267
5.026	7.267
5.217	8.655
5.416	8.655
5.622	8.655
5.836	8.655
6.059	8.655
6.289	8.655
6.529	8.655
6.778	8.655
7.036	8.655
7.304	10.31
7.582	10.31
7.871	10.31
8.170	10.31
8.482	10.31
8.805	10.31
9.140	10.31
9.488	12.27
9.849	12.27
10.22	12.27
10.61	12.27
11.02	12.27
11.44	12.27
11.87	14.60
12.33	14.60
12.80	14.60
13.28	14.60
13.79	14.60
14.31	14.60
14.86	17.35
15.42	17.35
16.01	17.35
16.62	17.35
17.25	17.35
17.91	17.35
18.59	20.59
19.30	20.59
20.04	20.59
20.80	20.59
21.59	20.59
22.42	20.59
23.27	20.59
24.16	24.43
25.08	24.43
26.03	24.43
27.02	24.43
28.05	24.43
29.12	24.43
30.23	24.43
31.38	28.97
32.57	28.97
33.82	28.97
35.10	28.97
36.44	28.97
37.83	28.97
39.27	28.97
40.76	34.33
42.32	34.33
43.93	34.33
45.60	34.33
47.34	34.33
49.14	34.33
51.01	40.67
52.96	40.67
54.97	40.67
57.07	40.67
59.24	40.67
61.50	40.67
63.84	48.17
66.27	48.17
68.79	48.17
71.41	48.17
74.13	48.17
76.96	48.17
79.89	57.03
82.93	57.03
86.09	57.03
89.37	57.03
92.77	57.03
96.31	67.50
99.97	67.50
103.8	67.50
107.7	67.50
111.8	67.50
116.1	79.88
120.5	79.88
125.1	79.88
129.9	79.88
134.8	79.88
140.0	94.52
145.3	94.52
150.8	94.52
156.6	94.52
162.5	94.52
168.7	111.8
175.1	111.8
181.8	111.8
188.7	111.8
195.9	132.3
203.4	132.3
211.1	132.3
219.2	132.3
227.5	156.4
236.2	156.4
245.2	156.4
254.5	185.0
264.2	185.0
274.3	185.0
284.7	185.0
295.6	218.8
306.8	218.8
318.5	218.8
330.6	258.7
343.2	258.7
356.3	258.7
369.9	305.9
384.0	305.9
398.6	305.9
413.8	361.7
429.5	361.7
445.9	361.7
462.9	427.6
480.5	427.6
498.8	427.6
517.8	505.6
537.5	505.6
558.0	505.6
579.2	597.7
601.3	597.7
624.2	706.6
648.0	706.6
672.6	706.6
698.3	835.4
724.9	835.4
752.5	835.4
781.1	987.6
810.9	987.6
841.8	1167.
873.8	1167.
907.1	1380.
941.6	1380.
977.5	1380.
1015.	1631.
1053.	1631.
1094.	1929.
1135.	1929.
1178.	1929.
1223.	2280.
1270.	2280.
1318.	2695.
1368.	2695.
1421.	3186.
1475.	3186.
1531.	3186.
1589.	3766.
1650.	3766.
1712.	4452.
1778.	4452.
1845.	4452.
1916.	5262.
1989.	5262.
2064.	6221.
2143.	6221.
2225.	6221.
2309.	7353.
2397.	7353.
2489.	7353.
2583.	8692.
2682.	8692.
2784.	0.1000E+05
2890.	0.1000E+05
 
 
E/N (Td)	Mean energy (eV)
0.1000E-02	1.660
0.1038E-02	1.656
0.1078E-02	1.656
0.1119E-02	1.656
0.1161E-02	1.656
0.1205E-02	1.656
0.1251E-02	1.656
0.1299E-02	1.656
0.1349E-02	1.656
0.1400E-02	1.656
0.1453E-02	1.656
0.1509E-02	1.656
0.1566E-02	1.656
0.1626E-02	1.656
0.1688E-02	1.656
0.1752E-02	1.656
0.1819E-02	1.656
0.1888E-02	1.656
0.1960E-02	1.656
0.2034E-02	1.656
0.2112E-02	1.656
0.2192E-02	1.656
0.2276E-02	1.656
0.2362E-02	1.656
0.2452E-02	1.656
0.2546E-02	1.656
0.2643E-02	1.656
0.2743E-02	1.656
0.2848E-02	1.656
0.2956E-02	1.656
0.3069E-02	1.656
0.3186E-02	1.656
0.3307E-02	1.656
0.3433E-02	1.656
0.3564E-02	1.656
0.3700E-02	1.656
0.3841E-02	1.656
0.3987E-02	1.656
0.4139E-02	1.656
0.4296E-02	1.656
0.4460E-02	1.656
0.4630E-02	1.656
0.4806E-02	1.656
0.4989E-02	1.656
0.5179E-02	1.656
0.5377E-02	1.656
0.5581E-02	1.656
0.5794E-02	1.656
0.6015E-02	1.656
0.6244E-02	1.656
0.6481E-02	1.656
0.6728E-02	1.656
0.6985E-02	1.656
0.7251E-02	1.656
0.7527E-02	1.656
0.7813E-02	1.656
0.8111E-02	1.656
0.8420E-02	1.657
0.8741E-02	1.657
0.9073E-02	1.657
0.9419E-02	1.657
0.9778E-02	1.657
0.1015E-01	1.657
0.1054E-01	1.657
0.1094E-01	1.657
0.1135E-01	1.657
0.1179E-01	1.657
0.1224E-01	1.657
0.1270E-01	1.657
0.1319E-01	1.657
0.1369E-01	1.657
0.1421E-01	1.657
0.1475E-01	1.657
0.1531E-01	1.657
0.1590E-01	1.657
0.1650E-01	1.657
0.1713E-01	1.657
0.1778E-01	1.657
0.1846E-01	1.657
0.1916E-01	1.657
0.1989E-01	1.657
0.2065E-01	1.657
0.2144E-01	1.657
0.2225E-01	1.657
0.2310E-01	1.657
0.2398E-01	1.657
0.2489E-01	1.657
0.2584E-01	1.657
0.2682E-01	1.657
0.2785E-01	1.657
0.2891E-01	1.657
0.3001E-01	1.657
0.3115E-01	1.657
0.3234E-01	1.657
0.3357E-01	1.657
0.3485E-01	1.657
0.3617E-01	1.657
0.3755E-01	1.657
0.3898E-01	1.657
0.4047E-01	1.657
0.4201E-01	1.657
0.4361E-01	1.657
0.4527E-01	1.657
0.4699E-01	1.658
0.4878E-01	1.658
0.5064E-01	1.658
0.5257E-01	1.658
0.5457E-01	1.658
0.5665E-01	1.658
0.5881E-01	1.658
0.6105E-01	1.658
0.6337E-01	1.658
0.6579E-01	1.659
0.6829E-01	1.659
0.7089E-01	1.659
0.7359E-01	1.659
0.7640E-01	1.659
0.7931E-01	1.659
0.8233E-01	1.660
0.8546E-01	1.660
0.8872E-01	1.660
0.9210E-01	1.660
0.9560E-01	1.661
0.9924E-01	1.661
0.1030	1.661
0.1069	1.662
0.1110	1.662
0.1152	1.663
0.1196	1.663
0.1242	1.664
0.1289	1.664
0.1338	1.665
0.1389	1.665
0.1442	1.666
0.1497	1.667
0.1554	1.668
0.1613	1.668
0.1675	1.669
0.1739	1.670
0.1805	1.671
0.1874	1.672
0.1945	1.673
0.2019	1.675
0.2096	1.676
0.2176	1.677
0.2259	1.679
0.2345	1.680
0.2434	1.682
0.2527	1.683
0.2623	1.685
0.2723	1.687
0.2826	1.689
0.2934	1.691
0.3046	1.694
0.3162	1.696
0.3282	1.699
0.3407	1.701
0.3537	1.704
0.3672	1.707
0.3812	1.710
0.3957	1.713
0.4107	1.717
0.4264	1.720
0.4426	1.724
0.4595	1.727
0.4770	1.731
0.4952	1.735
0.5140	1.740
0.5336	1.744
0.5539	1.748
0.5750	1.753
0.5969	1.758
0.6196	1.763
0.6432	1.768
0.6677	1.773
0.6932	1.779
0.7196	1.784
0.7470	1.790
0.7754	1.796
0.8050	1.802
0.8356	1.808
0.8674	1.815
0.9005	1.821
0.9348	1.828
0.9704	1.835
1.007	1.842
1.046	1.849
1.086	1.857
1.127	1.864
1.170	1.872
1.214	1.880
1.261	1.888
1.309	1.896
1.358	1.904
1.410	1.913
1.464	1.921
1.520	1.930
1.578	1.939
1.638	1.948
1.700	1.958
1.765	1.967
1.832	1.976
1.902	1.986
1.974	1.996
2.049	2.006
2.127	2.016
2.208	2.026
2.293	2.036
2.380	2.046
2.470	2.057
2.565	2.067
2.662	2.078
2.764	2.089
2.869	2.099
2.978	2.110
3.092	2.121
3.209	2.132
3.332	2.142
3.458	2.153
3.590	2.164
3.727	2.175
3.869	2.186
4.016	2.197
4.169	2.208
4.328	2.219
4.493	2.229
4.664	2.240
4.841	2.251
5.026	2.261
5.217	2.272
5.416	2.282
5.622	2.292
5.836	2.303
6.059	2.313
6.289	2.323
6.529	2.332
6.778	2.342
7.036	2.351
7.304	2.361
7.582	2.370
7.871	2.378
8.170	2.387
8.482	2.395
8.805	2.404
9.140	2.412
9.488	2.419
9.849	2.427
10.22	2.435
10.61	2.442
11.02	2.450
11.44	2.458
11.87	2.465
12.33	2.473
12.80	2.481
13.28	2.489
13.79	2.497
14.31	2.506
14.86	2.515
15.42	2.524
16.01	2.533
16.62	2.544
17.25	2.554
17.91	2.566
18.59	2.578
19.30	2.590
20.04	2.603
20.80	2.618
21.59	2.633
22.42	2.648
23.27	2.665
24.16	2.683
25.08	2.702
26.03	2.723
27.02	2.744
28.05	2.768
29.12	2.792
30.23	2.819
31.38	2.847
32.57	2.877
33.82	2.910
35.10	2.945
36.44	2.982
37.83	3.022
39.27	3.065
40.76	3.112
42.32	3.161
43.93	3.214
45.60	3.271
47.34	3.332
49.14	3.397
51.01	3.466
52.96	3.539
54.97	3.617
57.07	3.699
59.24	3.786
61.50	3.878
63.84	3.974
66.27	4.074
68.79	4.179
71.41	4.288
74.13	4.400
76.96	4.517
79.89	4.638
82.93	4.762
86.09	4.889
89.37	5.019
92.77	5.153
96.31	5.289
99.97	5.428
103.8	5.569
107.7	5.713
111.8	5.859
116.1	6.008
120.5	6.158
125.1	6.312
129.9	6.467
134.8	6.626
140.0	6.787
145.3	6.950
150.8	7.117
156.6	7.286
162.5	7.459
168.7	7.635
175.1	7.815
181.8	7.999
188.7	8.188
195.9	8.381
203.4	8.579
211.1	8.782
219.2	8.991
227.5	9.206
236.2	9.427
245.2	9.656
254.5	9.892
264.2	10.14
274.3	10.39
284.7	10.65
295.6	10.92
306.8	11.20
318.5	11.49
330.6	11.79
343.2	12.11
356.3	12.44
369.9	12.78
384.0	13.14
398.6	13.51
413.8	13.90
429.5	14.31
445.9	14.73
462.9	15.18
480.5	15.65
498.8	16.13
517.8	16.65
537.5	17.19
558.0	17.76
579.2	18.35
601.3	18.98
624.2	19.64
648.0	20.33
672.6	21.06
698.3	21.83
724.9	22.64
752.5	23.49
781.1	24.39
810.9	25.34
841.8	26.34
873.8	27.39
907.1	28.51
941.6	29.68
977.5	30.92
1015.	32.23
1053.	33.61
1094.	35.07
1135.	36.61
1178.	38.24
1223.	39.96
1270.	41.78
1318.	43.71
1368.	45.74
1421.	47.90
1475.	50.17
1531.	52.59
1589.	55.15
1650.	57.86
1712.	60.73
1778.	63.77
1845.	67.01
1916.	70.44
1989.	74.07
2064.	77.94
2143.	82.06
2225.	86.44
2309.	91.10
2397.	96.07
2489.	101.4
2583.	107.1
2682.	113.1
2784.	119.6
2890.	126.5
 
 
E/N (Td)	Mobility *N (1/m/V/s)
0.1000E-02	0.6093E+24
0.1038E-02	0.6056E+24
0.1078E-02	0.6056E+24
0.1119E-02	0.6056E+24
0.1161E-02	0.6056E+24
0.1205E-02	0.6056E+24
0.1251E-02	0.6056E+24
0.1299E-02	0.6056E+24
0.1349E-02	0.6056E+24
0.1400E-02	0.6056E+24
0.1453E-02	0.6056E+24
0.1509E-02	0.6056E+24
0.1566E-02	0.6056E+24
0.1626E-02	0.6056E+24
0.1688E-02	0.6056E+24
0.1752E-02	0.6056E+24
0.1819E-02	0.6056E+24
0.1888E-02	0.6056E+24
0.1960E-02	0.6056E+24
0.2034E-02	0.6056E+24
0.2112E-02	0.6056E+24
0.2192E-02	0.6056E+24
0.2276E-02	0.6056E+24
0.2362E-02	0.6056E+24
0.2452E-02	0.6056E+24
0.2546E-02	0.6056E+24
0.2643E-02	0.6056E+24
0.2743E-02	0.6056E+24
0.2848E-02	0.6056E+24
0.2956E-02	0.6056E+24
0.3069E-02	0.6056E+24
0.3186E-02	0.6057E+24
0.3307E-02	0.6057E+24
0.3433E-02	0.6057E+24
0.3564E-02	0.6057E+24
0.3700E-02	0.6057E+24
0.3841E-02	0.6057E+24
0.3987E-02	0.6057E+24
0.4139E-02	0.6057E+24
0.4296E-02	0.6057E+24
0.4460E-02	0.6057E+24
0.4630E-02	0.6057E+24
0.4806E-02	0.6057E+24
0.4989E-02	0.6057E+24
0.5179E-02	0.6057E+24
0.5377E-02	0.6057E+24
0.5581E-02	0.6057E+24
0.5794E-02	0.6057E+24
0.6015E-02	0.6057E+24
0.6244E-02	0.6057E+24
0.6481E-02	0.6057E+24
0.6728E-02	0.6057E+24
0.6985E-02	0.6057E+24
0.7251E-02	0.6057E+24
0.7527E-02	0.6057E+24
0.7813E-02	0.6057E+24
0.8111E-02	0.6057E+24
0.8420E-02	0.6057E+24
0.8741E-02	0.6057E+24
0.9073E-02	0.6057E+24
0.9419E-02	0.6057E+24
0.9778E-02	0.6057E+24
0.1015E-01	0.6057E+24
0.1054E-01	0.6057E+24
0.1094E-01	0.6057E+24
0.1135E-01	0.6057E+24
0.1179E-01	0.6057E+24
0.1224E-01	0.6057E+24
0.1270E-01	0.6057E+24
0.1319E-01	0.6057E+24
0.1369E-01	0.6057E+24
0.1421E-01	0.6057E+24
0.1475E-01	0.6057E+24
0.1531E-01	0.6058E+24
0.1590E-01	0.6058E+24
0.1650E-01	0.6058E+24
0.1713E-01	0.6058E+24
0.1778E-01	0.6058E+24
0.1846E-01	0.6058E+24
0.1916E-01	0.6058E+24
0.1989E-01	0.6058E+24
0.2065E-01	0.6058E+24
0.2144E-01	0.6059E+24
0.2225E-01	0.6059E+24
0.2310E-01	0.6059E+24
0.2398E-01	0.6059E+24
0.2489E-01	0.6059E+24
0.2584E-01	0.6060E+24
0.2682E-01	0.6060E+24
0.2785E-01	0.6060E+24
0.2891E-01	0.6060E+24
0.3001E-01	0.6061E+24
0.3115E-01	0.6061E+24
0.3234E-01	0.6061E+24
0.3357E-01	0.6062E+24
0.3485E-01	0.6062E+24
0.3617E-01	0.6063E+24
0.3755E-01	0.6063E+24
0.3898E-01	0.6064E+24
0.4047E-01	0.6064E+24
0.4201E-01	0.6065E+24
0.4361E-01	0.6066E+24
0.4527E-01	0.6066E+24
0.4699E-01	0.6067E+24
0.4878E-01	0.6068E+24
0.5064E-01	0.6069E+24
0.5257E-01	0.6070E+24
0.5457E-01	0.6071E+24
0.5665E-01	0.6072E+24
0.5881E-01	0.6073E+24
0.6105E-01	0.6074E+24
0.6337E-01	0.6076E+24
0.6579E-01	0.6077E+24
0.6829E-01	0.6079E+24
0.7089E-01	0.6080E+24
0.7359E-01	0.6082E+24
0.7640E-01	0.6084E+24
0.7931E-01	0.6086E+24
0.8233E-01	0.6088E+24
0.8546E-01	0.6091E+24
0.8872E-01	0.6094E+24
0.9210E-01	0.6096E+24
0.9560E-01	0.6099E+24
0.9924E-01	0.6103E+24
0.1030	0.6106E+24
0.1069	0.6110E+24
0.1110	0.6114E+24
0.1152	0.6118E+24
0.1196	0.6123E+24
0.1242	0.6128E+24
0.1289	0.6133E+24
0.1338	0.6139E+24
0.1389	0.6145E+24
0.1442	0.6151E+24
0.1497	0.6158E+24
0.1554	0.6166E+24
0.1613	0.6173E+24
0.1675	0.6182E+24
0.1739	0.6191E+24
0.1805	0.6201E+24
0.1874	0.6211E+24
0.1945	0.6222E+24
0.2019	0.6233E+24
0.2096	0.6245E+24
0.2176	0.6259E+24
0.2259	0.6272E+24
0.2345	0.6287E+24
0.2434	0.6302E+24
0.2527	0.6319E+24
0.2623	0.6336E+24
0.2723	0.6354E+24
0.2826	0.6373E+24
0.2934	0.6393E+24
0.3046	0.6414E+24
0.3162	0.6437E+24
0.3282	0.6460E+24
0.3407	0.6484E+24
0.3537	0.6509E+24
0.3672	0.6535E+24
0.3812	0.6562E+24
0.3957	0.6591E+24
0.4107	0.6620E+24
0.4264	0.6650E+24
0.4426	0.6682E+24
0.4595	0.6714E+24
0.4770	0.6748E+24
0.4952	0.6782E+24
0.5140	0.6817E+24
0.5336	0.6853E+24
0.5539	0.6890E+24
0.5750	0.6928E+24
0.5969	0.6967E+24
0.6196	0.7006E+24
0.6432	0.7047E+24
0.6677	0.7087E+24
0.6932	0.7129E+24
0.7196	0.7171E+24
0.7470	0.7214E+24
0.7754	0.7258E+24
0.8050	0.7302E+24
0.8356	0.7346E+24
0.8674	0.7391E+24
0.9005	0.7434E+24
0.9348	0.7480E+24
0.9704	0.7526E+24
1.007	0.7572E+24
1.046	0.7619E+24
1.086	0.7665E+24
1.127	0.7712E+24
1.170	0.7759E+24
1.214	0.7806E+24
1.261	0.7853E+24
1.309	0.7900E+24
1.358	0.7947E+24
1.410	0.7994E+24
1.464	0.8041E+24
1.520	0.8087E+24
1.578	0.8132E+24
1.638	0.8178E+24
1.700	0.8224E+24
1.765	0.8269E+24
1.832	0.8313E+24
1.902	0.8357E+24
1.974	0.8401E+24
2.049	0.8444E+24
2.127	0.8486E+24
2.208	0.8528E+24
2.293	0.8568E+24
2.380	0.8608E+24
2.470	0.8647E+24
2.565	0.8686E+24
2.662	0.8723E+24
2.764	0.8760E+24
2.869	0.8795E+24
2.978	0.8830E+24
3.092	0.8863E+24
3.209	0.8896E+24
3.332	0.8928E+24
3.458	0.8958E+24
3.590	0.8988E+24
3.727	0.9016E+24
3.869	0.9043E+24
4.016	0.9069E+24
4.169	0.9094E+24
4.328	0.9118E+24
4.493	0.9140E+24
4.664	0.9161E+24
4.841	0.9181E+24
5.026	0.9196E+24
5.217	0.9212E+24
5.416	0.9227E+24
5.622	0.9241E+24
5.836	0.9253E+24
6.059	0.9264E+24
6.289	0.9273E+24
6.529	0.9280E+24
6.778	0.9286E+24
7.036	0.9285E+24
7.304	0.9288E+24
7.582	0.9289E+24
7.871	0.9288E+24
8.170	0.9286E+24
8.482	0.9283E+24
8.805	0.9278E+24
9.140	0.9273E+24
9.488	0.9266E+24
9.849	0.9259E+24
10.22	0.9251E+24
10.61	0.9243E+24
11.02	0.9234E+24
11.44	0.9226E+24
11.87	0.9217E+24
12.33	0.9208E+24
12.80	0.9200E+24
13.28	0.9193E+24
13.79	0.9186E+24
14.31	0.9178E+24
14.86	0.9173E+24
15.42	0.9168E+24
16.01	0.9164E+24
16.62	0.9161E+24
17.25	0.9159E+24
17.91	0.9159E+24
18.59	0.9159E+24
19.30	0.9160E+24
20.04	0.9162E+24
20.80	0.9164E+24
21.59	0.9168E+24
22.42	0.9172E+24
23.27	0.9177E+24
24.16	0.9183E+24
25.08	0.9189E+24
26.03	0.9196E+24
27.02	0.9204E+24
28.05	0.9212E+24
29.12	0.9220E+24
30.23	0.9228E+24
31.38	0.9237E+24
32.57	0.9246E+24
33.82	0.9255E+24
35.10	0.9264E+24
36.44	0.9273E+24
37.83	0.9281E+24
39.27	0.9289E+24
40.76	0.9298E+24
42.32	0.9305E+24
43.93	0.9313E+24
45.60	0.9319E+24
47.34	0.9325E+24
49.14	0.9331E+24
51.01	0.9336E+24
52.96	0.9340E+24
54.97	0.9344E+24
57.07	0.9346E+24
59.24	0.9348E+24
61.50	0.9349E+24
63.84	0.9349E+24
66.27	0.9348E+24
68.79	0.9347E+24
71.41	0.9345E+24
74.13	0.9342E+24
76.96	0.9339E+24
79.89	0.9335E+24
82.93	0.9331E+24
86.09	0.9327E+24
89.37	0.9322E+24
92.77	0.9317E+24
96.31	0.9311E+24
99.97	0.9306E+24
103.8	0.9301E+24
107.7	0.9295E+24
111.8	0.9290E+24
116.1	0.9285E+24
120.5	0.9280E+24
125.1	0.9276E+24
129.9	0.9271E+24
134.8	0.9267E+24
140.0	0.9264E+24
145.3	0.9260E+24
150.8	0.9257E+24
156.6	0.9255E+24
162.5	0.9252E+24
168.7	0.9251E+24
175.1	0.9249E+24
181.8	0.9248E+24
188.7	0.9248E+24
195.9	0.9249E+24
203.4	0.9249E+24
211.1	0.9250E+24
219.2	0.9252E+24
227.5	0.9255E+24
236.2	0.9257E+24
245.2	0.9261E+24
254.5	0.9265E+24
264.2	0.9269E+24
274.3	0.9274E+24
284.7	0.9281E+24
295.6	0.9287E+24
306.8	0.9294E+24
318.5	0.9301E+24
330.6	0.9309E+24
343.2	0.9318E+24
356.3	0.9328E+24
369.9	0.9338E+24
384.0	0.9348E+24
398.6	0.9360E+24
413.8	0.9372E+24
429.5	0.9385E+24
445.9	0.9398E+24
462.9	0.9412E+24
480.5	0.9426E+24
498.8	0.9440E+24
517.8	0.9456E+24
537.5	0.9472E+24
558.0	0.9490E+24
579.2	0.9507E+24
601.3	0.9524E+24
624.2	0.9542E+24
648.0	0.9561E+24
672.6	0.9579E+24
698.3	0.9598E+24
724.9	0.9617E+24
752.5	0.9637E+24
781.1	0.9657E+24
810.9	0.9677E+24
841.8	0.9696E+24
873.8	0.9716E+24
907.1	0.9735E+24
941.6	0.9754E+24
977.5	0.9773E+24
1015.	0.9791E+24
1053.	0.9811E+24
1094.	0.9828E+24
1135.	0.9844E+24
1178.	0.9860E+24
1223.	0.9876E+24
1270.	0.9891E+24
1318.	0.9905E+24
1368.	0.9919E+24
1421.	0.9931E+24
1475.	0.9942E+24
1531.	0.9954E+24
1589.	0.9964E+24
1650.	0.9974E+24
1712.	0.9982E+24
1778.	0.9990E+24
1845.	0.1000E+25
1916.	0.1001E+25
1989.	0.1001E+25
2064.	0.1002E+25
2143.	0.1002E+25
2225.	0.1002E+25
2309.	0.1003E+25
2397.	0.1003E+25
2489.	0.1004E+25
2583.	0.1005E+25
2682.	0.1005E+25
2784.	0.1006E+25
2890.	0.1007E+25
 
 
E/N (Td)	Diffusion coefficient *N (1/m/s)
0.1000E-02	0.9695E+24
0.1038E-02	0.9680E+24
0.1078E-02	0.9680E+24
0.1119E-02	0.9680E+24
0.1161E-02	0.9680E+24
0.1205E-02	0.9680E+24
0.1251E-02	0.9680E+24
0.1299E-02	0.9680E+24
0.1349E-02	0.9680E+24
0.1400E-02	0.9680E+24
0.1453E-02	0.9680E+24
0.1509E-02	0.9680E+24
0.1566E-02	0.9680E+24
0.1626E-02	0.9680E+24
0.1688E-02	0.9680E+24
0.1752E-02	0.9680E+24
0.1819E-02	0.9680E+24
0.1888E-02	0.9680E+24
0.1960E-02	0.9680E+24
0.2034E-02	0.9680E+24
0.2112E-02	0.9680E+24
0.2192E-02	0.9680E+24
0.2276E-02	0.9680E+24
0.2362E-02	0.9680E+24
0.2452E-02	0.9680E+24
0.2546E-02	0.9680E+24
0.2643E-02	0.9680E+24
0.2743E-02	0.9680E+24
0.2848E-02	0.9680E+24
0.2956E-02	0.9680E+24
0.3069E-02	0.9680E+24
0.3186E-02	0.9680E+24
0.3307E-02	0.9680E+24
0.3433E-02	0.9680E+24
0.3564E-02	0.9680E+24
0.3700E-02	0.9680E+24
0.3841E-02	0.9680E+24
0.3987E-02	0.9680E+24
0.4139E-02	0.9680E+24
0.4296E-02	0.9680E+24
0.4460E-02	0.9680E+24
0.4630E-02	0.9680E+24
0.4806E-02	0.9680E+24
0.4989E-02	0.9680E+24
0.5179E-02	0.9680E+24
0.5377E-02	0.9680E+24
0.5581E-02	0.9680E+24
0.5794E-02	0.9680E+24
0.6015E-02	0.9680E+24
0.6244E-02	0.9680E+24
0.6481E-02	0.9681E+24
0.6728E-02	0.9681E+24
0.6985E-02	0.9681E+24
0.7251E-02	0.9681E+24
0.7527E-02	0.9681E+24
0.7813E-02	0.9681E+24
0.8111E-02	0.9681E+24
0.8420E-02	0.9681E+24
0.8741E-02	0.9681E+24
0.9073E-02	0.9681E+24
0.9419E-02	0.9681E+24
0.9778E-02	0.9681E+24
0.1015E-01	0.9681E+24
0.1054E-01	0.9681E+24
0.1094E-01	0.9681E+24
0.1135E-01	0.9681E+24
0.1179E-01	0.9681E+24
0.1224E-01	0.9681E+24
0.1270E-01	0.9681E+24
0.1319E-01	0.9681E+24
0.1369E-01	0.9681E+24
0.1421E-01	0.9681E+24
0.1475E-01	0.9681E+24
0.1531E-01	0.9681E+24
0.1590E-01	0.9681E+24
0.1650E-01	0.9681E+24
0.1713E-01	0.9681E+24
0.1778E-01	0.9681E+24
0.1846E-01	0.9681E+24
0.1916E-01	0.9681E+24
0.1989E-01	0.9681E+24
0.2065E-01	0.9681E+24
0.2144E-01	0.9681E+24
0.2225E-01	0.9681E+24
0.2310E-01	0.9681E+24
0.2398E-01	0.9682E+24
0.2489E-01	0.9682E+24
0.2584E-01	0.9682E+24
0.2682E-01	0.9682E+24
0.2785E-01	0.9682E+24
0.2891E-01	0.9682E+24
0.3001E-01	0.9682E+24
0.3115E-01	0.9682E+24
0.3234E-01	0.9683E+24
0.3357E-01	0.9683E+24
0.3485E-01	0.9683E+24
0.3617E-01	0.9683E+24
0.3755E-01	0.9683E+24
0.3898E-01	0.9683E+24
0.4047E-01	0.9684E+24
0.4201E-01	0.9684E+24
0.4361E-01	0.9684E+24
0.4527E-01	0.9685E+24
0.4699E-01	0.9685E+24
0.4878E-01	0.9685E+24
0.5064E-01	0.9686E+24
0.5257E-01	0.9686E+24
0.5457E-01	0.9686E+24
0.5665E-01	0.9687E+24
0.5881E-01	0.9687E+24
0.6105E-01	0.9688E+24
0.6337E-01	0.9688E+24
0.6579E-01	0.9689E+24
0.6829E-01	0.9690E+24
0.7089E-01	0.9691E+24
0.7359E-01	0.9691E+24
0.7640E-01	0.9692E+24
0.7931E-01	0.9693E+24
0.8233E-01	0.9694E+24
0.8546E-01	0.9695E+24
0.8872E-01	0.9696E+24
0.9210E-01	0.9697E+24
0.9560E-01	0.9699E+24
0.9924E-01	0.9700E+24
0.1030	0.9702E+24
0.1069	0.9703E+24
0.1110	0.9705E+24
0.1152	0.9707E+24
0.1196	0.9709E+24
0.1242	0.9711E+24
0.1289	0.9713E+24
0.1338	0.9716E+24
0.1389	0.9718E+24
0.1442	0.9721E+24
0.1497	0.9724E+24
0.1554	0.9728E+24
0.1613	0.9731E+24
0.1675	0.9735E+24
0.1739	0.9739E+24
0.1805	0.9743E+24
0.1874	0.9748E+24
0.1945	0.9753E+24
0.2019	0.9758E+24
0.2096	0.9764E+24
0.2176	0.9770E+24
0.2259	0.9776E+24
0.2345	0.9783E+24
0.2434	0.9791E+24
0.2527	0.9798E+24
0.2623	0.9807E+24
0.2723	0.9815E+24
0.2826	0.9825E+24
0.2934	0.9835E+24
0.3046	0.9845E+24
0.3162	0.9856E+24
0.3282	0.9868E+24
0.3407	0.9881E+24
0.3537	0.9894E+24
0.3672	0.9908E+24
0.3812	0.9922E+24
0.3957	0.9937E+24
0.4107	0.9954E+24
0.4264	0.9971E+24
0.4426	0.9988E+24
0.4595	0.1001E+25
0.4770	0.1003E+25
0.4952	0.1005E+25
0.5140	0.1007E+25
0.5336	0.1009E+25
0.5539	0.1011E+25
0.5750	0.1014E+25
0.5969	0.1016E+25
0.6196	0.1019E+25
0.6432	0.1022E+25
0.6677	0.1024E+25
0.6932	0.1027E+25
0.7196	0.1030E+25
0.7470	0.1034E+25
0.7754	0.1037E+25
0.8050	0.1040E+25
0.8356	0.1044E+25
0.8674	0.1047E+25
0.9005	0.1051E+25
0.9348	0.1055E+25
0.9704	0.1059E+25
1.007	0.1063E+25
1.046	0.1067E+25
1.086	0.1072E+25
1.127	0.1076E+25
1.170	0.1081E+25
1.214	0.1086E+25
1.261	0.1090E+25
1.309	0.1095E+25
1.358	0.1101E+25
1.410	0.1106E+25
1.464	0.1111E+25
1.520	0.1117E+25
1.578	0.1122E+25
1.638	0.1128E+25
1.700	0.1134E+25
1.765	0.1140E+25
1.832	0.1146E+25
1.902	0.1153E+25
1.974	0.1159E+25
2.049	0.1166E+25
2.127	0.1172E+25
2.208	0.1179E+25
2.293	0.1186E+25
2.380	0.1193E+25
2.470	0.1200E+25
2.565	0.1207E+25
2.662	0.1214E+25
2.764	0.1222E+25
2.869	0.1229E+25
2.978	0.1237E+25
3.092	0.1244E+25
3.209	0.1252E+25
3.332	0.1259E+25
3.458	0.1267E+25
3.590	0.1275E+25
3.727	0.1283E+25
3.869	0.1291E+25
4.016	0.1298E+25
4.169	0.1306E+25
4.328	0.1314E+25
4.493	0.1322E+25
4.664	0.1330E+25
4.841	0.1338E+25
5.026	0.1346E+25
5.217	0.1354E+25
5.416	0.1362E+25
5.622	0.1370E+25
5.836	0.1378E+25
6.059	0.1386E+25
6.289	0.1393E+25
6.529	0.1401E+25
6.778	0.1409E+25
7.036	0.1416E+25
7.304	0.1424E+25
7.582	0.1431E+25
7.871	0.1438E+25
8.170	0.1445E+25
8.482	0.1452E+25
8.805	0.1459E+25
9.140	0.1466E+25
9.488	0.1473E+25
9.849	0.1479E+25
10.22	0.1486E+25
10.61	0.1493E+25
11.02	0.1499E+25
11.44	0.1506E+25
11.87	0.1512E+25
12.33	0.1519E+25
12.80	0.1526E+25
13.28	0.1533E+25
13.79	0.1540E+25
14.31	0.1547E+25
14.86	0.1555E+25
15.42	0.1562E+25
16.01	0.1570E+25
16.62	0.1579E+25
17.25	0.1587E+25
17.91	0.1596E+25
18.59	0.1606E+25
19.30	0.1616E+25
20.04	0.1626E+25
20.80	0.1637E+25
21.59	0.1649E+25
22.42	0.1661E+25
23.27	0.1674E+25
24.16	0.1687E+25
25.08	0.1701E+25
26.03	0.1716E+25
27.02	0.1732E+25
28.05	0.1748E+25
29.12	0.1766E+25
30.23	0.1785E+25
31.38	0.1805E+25
32.57	0.1826E+25
33.82	0.1848E+25
35.10	0.1872E+25
36.44	0.1897E+25
37.83	0.1924E+25
39.27	0.1953E+25
40.76	0.1984E+25
42.32	0.2016E+25
43.93	0.2051E+25
45.60	0.2088E+25
47.34	0.2127E+25
49.14	0.2168E+25
51.01	0.2212E+25
52.96	0.2259E+25
54.97	0.2308E+25
57.07	0.2360E+25
59.24	0.2414E+25
61.50	0.2471E+25
63.84	0.2530E+25
66.27	0.2592E+25
68.79	0.2657E+25
71.41	0.2724E+25
74.13	0.2793E+25
76.96	0.2864E+25
79.89	0.2937E+25
82.93	0.3013E+25
86.09	0.3090E+25
89.37	0.3169E+25
92.77	0.3249E+25
96.31	0.3332E+25
99.97	0.3415E+25
103.8	0.3500E+25
107.7	0.3587E+25
111.8	0.3675E+25
116.1	0.3765E+25
120.5	0.3855E+25
125.1	0.3947E+25
129.9	0.4041E+25
134.8	0.4136E+25
140.0	0.4233E+25
145.3	0.4331E+25
150.8	0.4432E+25
156.6	0.4534E+25
162.5	0.4638E+25
168.7	0.4745E+25
175.1	0.4854E+25
181.8	0.4966E+25
188.7	0.5081E+25
195.9	0.5198E+25
203.4	0.5319E+25
211.1	0.5444E+25
219.2	0.5572E+25
227.5	0.5705E+25
236.2	0.5842E+25
245.2	0.5983E+25
254.5	0.6130E+25
264.2	0.6282E+25
274.3	0.6439E+25
284.7	0.6604E+25
295.6	0.6775E+25
306.8	0.6952E+25
318.5	0.7137E+25
330.6	0.7330E+25
343.2	0.7531E+25
356.3	0.7743E+25
369.9	0.7963E+25
384.0	0.8194E+25
398.6	0.8438E+25
413.8	0.8692E+25
429.5	0.8958E+25
445.9	0.9240E+25
462.9	0.9534E+25
480.5	0.9844E+25
498.8	0.1017E+26
517.8	0.1052E+26
537.5	0.1088E+26
558.0	0.1126E+26
579.2	0.1167E+26
601.3	0.1210E+26
624.2	0.1255E+26
648.0	0.1302E+26
672.6	0.1353E+26
698.3	0.1406E+26
724.9	0.1462E+26
752.5	0.1522E+26
781.1	0.1585E+26
810.9	0.1652E+26
841.8	0.1722E+26
873.8	0.1797E+26
907.1	0.1876E+26
941.6	0.1959E+26
977.5	0.2047E+26
1015.	0.2141E+26
1053.	0.2240E+26
1094.	0.2345E+26
1135.	0.2455E+26
1178.	0.2573E+26
1223.	0.2696E+26
1270.	0.2828E+26
1318.	0.2966E+26
1368.	0.3114E+26
1421.	0.3269E+26
1475.	0.3433E+26
1531.	0.3609E+26
1589.	0.3793E+26
1650.	0.3990E+26
1712.	0.4197E+26
1778.	0.4417E+26
1845.	0.4653E+26
1916.	0.4900E+26
1989.	0.5163E+26
2064.	0.5443E+26
2143.	0.5740E+26
2225.	0.6059E+26
2309.	0.6396E+26
2397.	0.6756E+26
2489.	0.7147E+26
2583.	0.7558E+26
2682.	0.8003E+26
2784.	0.8476E+26
2890.	0.8984E+26
 
 
E/N (Td)	Energy mobility *N (1/m/V/s)
0.1000E-02	0.1275E+25
0.1038E-02	0.1271E+25
0.1078E-02	0.1271E+25
0.1119E-02	0.1271E+25
0.1161E-02	0.1271E+25
0.1205E-02	0.1271E+25
0.1251E-02	0.1271E+25
0.1299E-02	0.1271E+25
0.1349E-02	0.1271E+25
0.1400E-02	0.1271E+25
0.1453E-02	0.1271E+25
0.1509E-02	0.1271E+25
0.1566E-02	0.1271E+25
0.1626E-02	0.1271E+25
0.1688E-02	0.1271E+25
0.1752E-02	0.1271E+25
0.1819E-02	0.1271E+25
0.1888E-02	0.1271E+25
0.1960E-02	0.1271E+25
0.2034E-02	0.1271E+25
0.2112E-02	0.1271E+25
0.2192E-02	0.1271E+25
0.2276E-02	0.1271E+25
0.2362E-02	0.1271E+25
0.2452E-02	0.1271E+25
0.2546E-02	0.1271E+25
0.2643E-02	0.1271E+25
0.2743E-02	0.1271E+25
0.2848E-02	0.1271E+25
0.2956E-02	0.1271E+25
0.3069E-02	0.1271E+25
0.3186E-02	0.1271E+25
0.3307E-02	0.1271E+25
0.3433E-02	0.1271E+25
0.3564E-02	0.1271E+25
0.3700E-02	0.1271E+25
0.3841E-02	0.1271E+25
0.3987E-02	0.1271E+25
0.4139E-02	0.1271E+25
0.4296E-02	0.1271E+25
0.4460E-02	0.1271E+25
0.4630E-02	0.1271E+25
0.4806E-02	0.1271E+25
0.4989E-02	0.1271E+25
0.5179E-02	0.1271E+25
0.5377E-02	0.1271E+25
0.5581E-02	0.1271E+25
0.5794E-02	0.1271E+25
0.6015E-02	0.1271E+25
0.6244E-02	0.1271E+25
0.6481E-02	0.1271E+25
0.6728E-02	0.1271E+25
0.6985E-02	0.1271E+25
0.7251E-02	0.1271E+25
0.7527E-02	0.1271E+25
0.7813E-02	0.1271E+25
0.8111E-02	0.1271E+25
0.8420E-02	0.1271E+25
0.8741E-02	0.1271E+25
0.9073E-02	0.1271E+25
0.9419E-02	0.1271E+25
0.9778E-02	0.1271E+25
0.1015E-01	0.1271E+25
0.1054E-01	0.1271E+25
0.1094E-01	0.1271E+25
0.1135E-01	0.1271E+25
0.1179E-01	0.1271E+25
0.1224E-01	0.1271E+25
0.1270E-01	0.1271E+25
0.1319E-01	0.1271E+25
0.1369E-01	0.1271E+25
0.1421E-01	0.1271E+25
0.1475E-01	0.1271E+25
0.1531E-01	0.1271E+25
0.1590E-01	0.1271E+25
0.1650E-01	0.1271E+25
0.1713E-01	0.1271E+25
0.1778E-01	0.1271E+25
0.1846E-01	0.1271E+25
0.1916E-01	0.1271E+25
0.1989E-01	0.1271E+25
0.2065E-01	0.1271E+25
0.2144E-01	0.1272E+25
0.2225E-01	0.1272E+25
0.2310E-01	0.1272E+25
0.2398E-01	0.1272E+25
0.2489E-01	0.1272E+25
0.2584E-01	0.1272E+25
0.2682E-01	0.1272E+25
0.2785E-01	0.1272E+25
0.2891E-01	0.1272E+25
0.3001E-01	0.1272E+25
0.3115E-01	0.1272E+25
0.3234E-01	0.1272E+25
0.3357E-01	0.1272E+25
0.3485E-01	0.1272E+25
0.3617E-01	0.1272E+25
0.3755E-01	0.1272E+25
0.3898E-01	0.1272E+25
0.4047E-01	0.1272E+25
0.4201E-01	0.1272E+25
0.4361E-01	0.1272E+25
0.4527E-01	0.1272E+25
0.4699E-01	0.1272E+25
0.4878E-01	0.1272E+25
0.5064E-01	0.1273E+25
0.5257E-01	0.1273E+25
0.5457E-01	0.1273E+25
0.5665E-01	0.1273E+25
0.5881E-01	0.1273E+25
0.6105E-01	0.1273E+25
0.6337E-01	0.1273E+25
0.6579E-01	0.1273E+25
0.6829E-01	0.1274E+25
0.7089E-01	0.1274E+25
0.7359E-01	0.1274E+25
0.7640E-01	0.1274E+25
0.7931E-01	0.1274E+25
0.8233E-01	0.1275E+25
0.8546E-01	0.1275E+25
0.8872E-01	0.1275E+25
0.9210E-01	0.1276E+25
0.9560E-01	0.1276E+25
0.9924E-01	0.1276E+25
0.1030	0.1277E+25
0.1069	0.1277E+25
0.1110	0.1277E+25
0.1152	0.1278E+25
0.1196	0.1278E+25
0.1242	0.1279E+25
0.1289	0.1280E+25
0.1338	0.1280E+25
0.1389	0.1281E+25
0.1442	0.1282E+25
0.1497	0.1282E+25
0.1554	0.1283E+25
0.1613	0.1284E+25
0.1675	0.1285E+25
0.1739	0.1286E+25
0.1805	0.1287E+25
0.1874	0.1288E+25
0.1945	0.1289E+25
0.2019	0.1290E+25
0.2096	0.1292E+25
0.2176	0.1293E+25
0.2259	0.1295E+25
0.2345	0.1296E+25
0.2434	0.1298E+25
0.2527	0.1300E+25
0.2623	0.1301E+25
0.2723	0.1303E+25
0.2826	0.1305E+25
0.2934	0.1307E+25
0.3046	0.1310E+25
0.3162	0.1312E+25
0.3282	0.1315E+25
0.3407	0.1317E+25
0.3537	0.1320E+25
0.3672	0.1323E+25
0.3812	0.1325E+25
0.3957	0.1328E+25
0.4107	0.1331E+25
0.4264	0.1335E+25
0.4426	0.1338E+25
0.4595	0.1341E+25
0.4770	0.1345E+25
0.4952	0.1348E+25
0.5140	0.1352E+25
0.5336	0.1356E+25
0.5539	0.1360E+25
0.5750	0.1364E+25
0.5969	0.1368E+25
0.6196	0.1372E+25
0.6432	0.1376E+25
0.6677	0.1380E+25
0.6932	0.1384E+25
0.7196	0.1388E+25
0.7470	0.1393E+25
0.7754	0.1397E+25
0.8050	0.1402E+25
0.8356	0.1406E+25
0.8674	0.1410E+25
0.9005	0.1415E+25
0.9348	0.1420E+25
0.9704	0.1424E+25
1.007	0.1429E+25
1.046	0.1433E+25
1.086	0.1438E+25
1.127	0.1442E+25
1.170	0.1447E+25
1.214	0.1451E+25
1.261	0.1456E+25
1.309	0.1460E+25
1.358	0.1465E+25
1.410	0.1469E+25
1.464	0.1474E+25
1.520	0.1478E+25
1.578	0.1482E+25
1.638	0.1487E+25
1.700	0.1491E+25
1.765	0.1495E+25
1.832	0.1499E+25
1.902	0.1503E+25
1.974	0.1507E+25
2.049	0.1511E+25
2.127	0.1515E+25
2.208	0.1518E+25
2.293	0.1522E+25
2.380	0.1526E+25
2.470	0.1529E+25
2.565	0.1532E+25
2.662	0.1536E+25
2.764	0.1539E+25
2.869	0.1542E+25
2.978	0.1545E+25
3.092	0.1548E+25
3.209	0.1550E+25
3.332	0.1553E+25
3.458	0.1556E+25
3.590	0.1558E+25
3.727	0.1560E+25
3.869	0.1563E+25
4.016	0.1565E+25
4.169	0.1567E+25
4.328	0.1569E+25
4.493	0.1570E+25
4.664	0.1572E+25
4.841	0.1574E+25
5.026	0.1575E+25
5.217	0.1576E+25
5.416	0.1577E+25
5.622	0.1578E+25
5.836	0.1579E+25
6.059	0.1580E+25
6.289	0.1581E+25
6.529	0.1581E+25
6.778	0.1582E+25
7.036	0.1582E+25
7.304	0.1582E+25
7.582	0.1582E+25
7.871	0.1582E+25
8.170	0.1582E+25
8.482	0.1582E+25
8.805	0.1582E+25
9.140	0.1582E+25
9.488	0.1581E+25
9.849	0.1581E+25
10.22	0.1580E+25
10.61	0.1580E+25
11.02	0.1579E+25
11.44	0.1579E+25
11.87	0.1578E+25
12.33	0.1578E+25
12.80	0.1577E+25
13.28	0.1577E+25
13.79	0.1576E+25
14.31	0.1576E+25
14.86	0.1575E+25
15.42	0.1575E+25
16.01	0.1575E+25
16.62	0.1575E+25
17.25	0.1575E+25
17.91	0.1575E+25
18.59	0.1575E+25
19.30	0.1575E+25
20.04	0.1575E+25
20.80	0.1575E+25
21.59	0.1575E+25
22.42	0.1576E+25
23.27	0.1576E+25
24.16	0.1576E+25
25.08	0.1577E+25
26.03	0.1577E+25
27.02	0.1577E+25
28.05	0.1577E+25
29.12	0.1578E+25
30.23	0.1578E+25
31.38	0.1578E+25
32.57	0.1578E+25
33.82	0.1579E+25
35.10	0.1579E+25
36.44	0.1579E+25
37.83	0.1578E+25
39.27	0.1578E+25
40.76	0.1578E+25
42.32	0.1577E+25
43.93	0.1577E+25
45.60	0.1576E+25
47.34	0.1575E+25
49.14	0.1574E+25
51.01	0.1573E+25
52.96	0.1572E+25
54.97	0.1571E+25
57.07	0.1569E+25
59.24	0.1568E+25
61.50	0.1566E+25
63.84	0.1564E+25
66.27	0.1563E+25
68.79	0.1561E+25
71.41	0.1559E+25
74.13	0.1557E+25
76.96	0.1556E+25
79.89	0.1554E+25
82.93	0.1552E+25
86.09	0.1551E+25
89.37	0.1549E+25
92.77	0.1548E+25
96.31	0.1546E+25
99.97	0.1545E+25
103.8	0.1544E+25
107.7	0.1543E+25
111.8	0.1542E+25
116.1	0.1541E+25
120.5	0.1541E+25
125.1	0.1540E+25
129.9	0.1540E+25
134.8	0.1540E+25
140.0	0.1540E+25
145.3	0.1540E+25
150.8	0.1540E+25
156.6	0.1541E+25
162.5	0.1541E+25
168.7	0.1542E+25
175.1	0.1543E+25
181.8	0.1544E+25
188.7	0.1545E+25
195.9	0.1547E+25
203.4	0.1548E+25
211.1	0.1550E+25
219.2	0.1552E+25
227.5	0.1554E+25
236.2	0.1556E+25
245.2	0.1559E+25
254.5	0.1561E+25
264.2	0.1564E+25
274.3	0.1567E+25
284.7	0.1570E+25
295.6	0.1574E+25
306.8	0.1577E+25
318.5	0.1581E+25
330.6	0.1585E+25
343.2	0.1589E+25
356.3	0.1593E+25
369.9	0.1598E+25
384.0	0.1603E+25
398.6	0.1608E+25
413.8	0.1613E+25
429.5	0.1618E+25
445.9	0.1624E+25
462.9	0.1630E+25
480.5	0.1635E+25
498.8	0.1642E+25
517.8	0.1648E+25
537.5	0.1655E+25
558.0	0.1662E+25
579.2	0.1669E+25
601.3	0.1676E+25
624.2	0.1683E+25
648.0	0.1690E+25
672.6	0.1698E+25
698.3	0.1706E+25
724.9	0.1713E+25
752.5	0.1722E+25
781.1	0.1729E+25
810.9	0.1737E+25
841.8	0.1745E+25
873.8	0.1753E+25
907.1	0.1761E+25
941.6	0.1769E+25
977.5	0.1777E+25
1015.	0.1784E+25
1053.	0.1792E+25
1094.	0.1799E+25
1135.	0.1806E+25
1178.	0.1813E+25
1223.	0.1820E+25
1270.	0.1826E+25
1318.	0.1832E+25
1368.	0.1838E+25
1421.	0.1844E+25
1475.	0.1849E+25
1531.	0.1854E+25
1589.	0.1859E+25
1650.	0.1864E+25
1712.	0.1868E+25
1778.	0.1871E+25
1845.	0.1875E+25
1916.	0.1878E+25
1989.	0.1882E+25
2064.	0.1884E+25
2143.	0.1887E+25
2225.	0.1890E+25
2309.	0.1892E+25
2397.	0.1894E+25
2489.	0.1897E+25
2583.	0.1899E+25
2682.	0.1902E+25
2784.	0.1905E+25
2890.	0.1907E+25
 
 
E/N (Td)	Energy diffusion coef. D*N (1/m/s)
0.1000E-02	0.9870E+24
0.1038E-02	0.9849E+24
0.1078E-02	0.9849E+24
0.1119E-02	0.9849E+24
0.1161E-02	0.9849E+24
0.1205E-02	0.9849E+24
0.1251E-02	0.9849E+24
0.1299E-02	0.9849E+24
0.1349E-02	0.9849E+24
0.1400E-02	0.9849E+24
0.1453E-02	0.9849E+24
0.1509E-02	0.9849E+24
0.1566E-02	0.9849E+24
0.1626E-02	0.9849E+24
0.1688E-02	0.9849E+24
0.1752E-02	0.9849E+24
0.1819E-02	0.9849E+24
0.1888E-02	0.9849E+24
0.1960E-02	0.9849E+24
0.2034E-02	0.9849E+24
0.2112E-02	0.9849E+24
0.2192E-02	0.9849E+24
0.2276E-02	0.9849E+24
0.2362E-02	0.9849E+24
0.2452E-02	0.9849E+24
0.2546E-02	0.9849E+24
0.2643E-02	0.9849E+24
0.2743E-02	0.9849E+24
0.2848E-02	0.9849E+24
0.2956E-02	0.9849E+24
0.3069E-02	0.9849E+24
0.3186E-02	0.9849E+24
0.3307E-02	0.9849E+24
0.3433E-02	0.9849E+24
0.3564E-02	0.9849E+24
0.3700E-02	0.9849E+24
0.3841E-02	0.9849E+24
0.3987E-02	0.9849E+24
0.4139E-02	0.9849E+24
0.4296E-02	0.9849E+24
0.4460E-02	0.9849E+24
0.4630E-02	0.9849E+24
0.4806E-02	0.9849E+24
0.4989E-02	0.9849E+24
0.5179E-02	0.9849E+24
0.5377E-02	0.9849E+24
0.5581E-02	0.9849E+24
0.5794E-02	0.9849E+24
0.6015E-02	0.9849E+24
0.6244E-02	0.9849E+24
0.6481E-02	0.9849E+24
0.6728E-02	0.9849E+24
0.6985E-02	0.9849E+24
0.7251E-02	0.9849E+24
0.7527E-02	0.9849E+24
0.7813E-02	0.9849E+24
0.8111E-02	0.9849E+24
0.8420E-02	0.9849E+24
0.8741E-02	0.9849E+24
0.9073E-02	0.9849E+24
0.9419E-02	0.9849E+24
0.9778E-02	0.9849E+24
0.1015E-01	0.9849E+24
0.1054E-01	0.9849E+24
0.1094E-01	0.9849E+24
0.1135E-01	0.9849E+24
0.1179E-01	0.9849E+24
0.1224E-01	0.9849E+24
0.1270E-01	0.9849E+24
0.1319E-01	0.9849E+24
0.1369E-01	0.9849E+24
0.1421E-01	0.9849E+24
0.1475E-01	0.9849E+24
0.1531E-01	0.9849E+24
0.1590E-01	0.9849E+24
0.1650E-01	0.9849E+24
0.1713E-01	0.9849E+24
0.1778E-01	0.9850E+24
0.1846E-01	0.9850E+24
0.1916E-01	0.9850E+24
0.1989E-01	0.9850E+24
0.2065E-01	0.9850E+24
0.2144E-01	0.9850E+24
0.2225E-01	0.9850E+24
0.2310E-01	0.9850E+24
0.2398E-01	0.9850E+24
0.2489E-01	0.9850E+24
0.2584E-01	0.9851E+24
0.2682E-01	0.9851E+24
0.2785E-01	0.9851E+24
0.2891E-01	0.9851E+24
0.3001E-01	0.9851E+24
0.3115E-01	0.9851E+24
0.3234E-01	0.9852E+24
0.3357E-01	0.9852E+24
0.3485E-01	0.9852E+24
0.3617E-01	0.9852E+24
0.3755E-01	0.9853E+24
0.3898E-01	0.9853E+24
0.4047E-01	0.9853E+24
0.4201E-01	0.9854E+24
0.4361E-01	0.9854E+24
0.4527E-01	0.9855E+24
0.4699E-01	0.9855E+24
0.4878E-01	0.9856E+24
0.5064E-01	0.9856E+24
0.5257E-01	0.9857E+24
0.5457E-01	0.9857E+24
0.5665E-01	0.9858E+24
0.5881E-01	0.9859E+24
0.6105E-01	0.9860E+24
0.6337E-01	0.9861E+24
0.6579E-01	0.9861E+24
0.6829E-01	0.9862E+24
0.7089E-01	0.9864E+24
0.7359E-01	0.9865E+24
0.7640E-01	0.9866E+24
0.7931E-01	0.9867E+24
0.8233E-01	0.9869E+24
0.8546E-01	0.9870E+24
0.8872E-01	0.9872E+24
0.9210E-01	0.9874E+24
0.9560E-01	0.9876E+24
0.9924E-01	0.9878E+24
0.1030	0.9880E+24
0.1069	0.9882E+24
0.1110	0.9885E+24
0.1152	0.9887E+24
0.1196	0.9890E+24
0.1242	0.9894E+24
0.1289	0.9897E+24
0.1338	0.9901E+24
0.1389	0.9905E+24
0.1442	0.9909E+24
0.1497	0.9913E+24
0.1554	0.9918E+24
0.1613	0.9923E+24
0.1675	0.9929E+24
0.1739	0.9935E+24
0.1805	0.9941E+24
0.1874	0.9948E+24
0.1945	0.9955E+24
0.2019	0.9963E+24
0.2096	0.9971E+24
0.2176	0.9980E+24
0.2259	0.9989E+24
0.2345	0.9999E+24
0.2434	0.1001E+25
0.2527	0.1002E+25
0.2623	0.1003E+25
0.2723	0.1005E+25
0.2826	0.1006E+25
0.2934	0.1007E+25
0.3046	0.1009E+25
0.3162	0.1010E+25
0.3282	0.1012E+25
0.3407	0.1014E+25
0.3537	0.1016E+25
0.3672	0.1018E+25
0.3812	0.1020E+25
0.3957	0.1022E+25
0.4107	0.1024E+25
0.4264	0.1027E+25
0.4426	0.1029E+25
0.4595	0.1032E+25
0.4770	0.1034E+25
0.4952	0.1037E+25
0.5140	0.1040E+25
0.5336	0.1043E+25
0.5539	0.1047E+25
0.5750	0.1050E+25
0.5969	0.1053E+25
0.6196	0.1057E+25
0.6432	0.1061E+25
0.6677	0.1065E+25
0.6932	0.1068E+25
0.7196	0.1073E+25
0.7470	0.1077E+25
0.7754	0.1081E+25
0.8050	0.1086E+25
0.8356	0.1090E+25
0.8674	0.1095E+25
0.9005	0.1100E+25
0.9348	0.1105E+25
0.9704	0.1111E+25
1.007	0.1116E+25
1.046	0.1122E+25
1.086	0.1127E+25
1.127	0.1133E+25
1.170	0.1139E+25
1.214	0.1145E+25
1.261	0.1152E+25
1.309	0.1158E+25
1.358	0.1165E+25
1.410	0.1172E+25
1.464	0.1179E+25
1.520	0.1186E+25
1.578	0.1193E+25
1.638	0.1200E+25
1.700	0.1208E+25
1.765	0.1215E+25
1.832	0.1223E+25
1.902	0.1231E+25
1.974	0.1239E+25
2.049	0.1247E+25
2.127	0.1256E+25
2.208	0.1264E+25
2.293	0.1272E+25
2.380	0.1281E+25
2.470	0.1290E+25
2.565	0.1299E+25
2.662	0.1308E+25
2.764	0.1317E+25
2.869	0.1326E+25
2.978	0.1335E+25
3.092	0.1345E+25
3.209	0.1354E+25
3.332	0.1364E+25
3.458	0.1373E+25
3.590	0.1383E+25
3.727	0.1393E+25
3.869	0.1402E+25
4.016	0.1412E+25
4.169	0.1422E+25
4.328	0.1432E+25
4.493	0.1442E+25
4.664	0.1452E+25
4.841	0.1462E+25
5.026	0.1473E+25
5.217	0.1483E+25
5.416	0.1493E+25
5.622	0.1503E+25
5.836	0.1513E+25
6.059	0.1524E+25
6.289	0.1534E+25
6.529	0.1544E+25
6.778	0.1554E+25
7.036	0.1565E+25
7.304	0.1575E+25
7.582	0.1585E+25
7.871	0.1596E+25
8.170	0.1606E+25
8.482	0.1616E+25
8.805	0.1626E+25
9.140	0.1636E+25
9.488	0.1647E+25
9.849	0.1657E+25
10.22	0.1667E+25
10.61	0.1678E+25
11.02	0.1688E+25
11.44	0.1699E+25
11.87	0.1710E+25
12.33	0.1721E+25
12.80	0.1732E+25
13.28	0.1744E+25
13.79	0.1756E+25
14.31	0.1769E+25
14.86	0.1782E+25
15.42	0.1795E+25
16.01	0.1809E+25
16.62	0.1823E+25
17.25	0.1839E+25
17.91	0.1854E+25
18.59	0.1871E+25
19.30	0.1889E+25
20.04	0.1907E+25
20.80	0.1926E+25
21.59	0.1946E+25
22.42	0.1968E+25
23.27	0.1991E+25
24.16	0.2015E+25
25.08	0.2040E+25
26.03	0.2067E+25
27.02	0.2096E+25
28.05	0.2126E+25
29.12	0.2159E+25
30.23	0.2193E+25
31.38	0.2230E+25
32.57	0.2270E+25
33.82	0.2312E+25
35.10	0.2357E+25
36.44	0.2405E+25
37.83	0.2456E+25
39.27	0.2512E+25
40.76	0.2570E+25
42.32	0.2633E+25
43.93	0.2699E+25
45.60	0.2770E+25
47.34	0.2845E+25
49.14	0.2924E+25
51.01	0.3008E+25
52.96	0.3096E+25
54.97	0.3188E+25
57.07	0.3283E+25
59.24	0.3383E+25
61.50	0.3487E+25
63.84	0.3593E+25
66.27	0.3703E+25
68.79	0.3816E+25
71.41	0.3931E+25
74.13	0.4049E+25
76.96	0.4169E+25
79.89	0.4291E+25
82.93	0.4414E+25
86.09	0.4539E+25
89.37	0.4666E+25
92.77	0.4794E+25
96.31	0.4923E+25
99.97	0.5054E+25
103.8	0.5186E+25
107.7	0.5320E+25
111.8	0.5455E+25
116.1	0.5592E+25
120.5	0.5731E+25
125.1	0.5871E+25
129.9	0.6014E+25
134.8	0.6160E+25
140.0	0.6309E+25
145.3	0.6460E+25
150.8	0.6615E+25
156.6	0.6774E+25
162.5	0.6937E+25
168.7	0.7105E+25
175.1	0.7278E+25
181.8	0.7456E+25
188.7	0.7641E+25
195.9	0.7831E+25
203.4	0.8029E+25
211.1	0.8234E+25
219.2	0.8448E+25
227.5	0.8670E+25
236.2	0.8902E+25
245.2	0.9145E+25
254.5	0.9398E+25
264.2	0.9664E+25
274.3	0.9942E+25
284.7	0.1024E+26
295.6	0.1054E+26
306.8	0.1087E+26
318.5	0.1121E+26
330.6	0.1157E+26
343.2	0.1195E+26
356.3	0.1235E+26
369.9	0.1277E+26
384.0	0.1322E+26
398.6	0.1370E+26
413.8	0.1420E+26
429.5	0.1474E+26
445.9	0.1531E+26
462.9	0.1591E+26
480.5	0.1656E+26
498.8	0.1724E+26
517.8	0.1797E+26
537.5	0.1874E+26
558.0	0.1958E+26
579.2	0.2046E+26
601.3	0.2140E+26
624.2	0.2240E+26
648.0	0.2347E+26
672.6	0.2461E+26
698.3	0.2582E+26
724.9	0.2712E+26
752.5	0.2851E+26
781.1	0.2999E+26
810.9	0.3157E+26
841.8	0.3325E+26
873.8	0.3505E+26
907.1	0.3696E+26
941.6	0.3900E+26
977.5	0.4119E+26
1015.	0.4352E+26
1053.	0.4602E+26
1094.	0.4867E+26
1135.	0.5149E+26
1178.	0.5452E+26
1223.	0.5773E+26
1270.	0.6119E+26
1318.	0.6485E+26
1368.	0.6877E+26
1421.	0.7294E+26
1475.	0.7738E+26
1531.	0.8216E+26
1589.	0.8722E+26
1650.	0.9270E+26
1712.	0.9848E+26
1778.	0.1047E+27
1845.	0.1113E+27
1916.	0.1184E+27
1989.	0.1260E+27
2064.	0.1342E+27
2143.	0.1429E+27
2225.	0.1524E+27
2309.	0.1624E+27
2397.	0.1733E+27
2489.	0.1851E+27
2583.	0.1978E+27
2682.	0.2116E+27
2784.	0.2263E+27
2890.	0.2424E+27
 
 
E/N (Td)	Total collision freq. /N (m3/s)
0.1000E-02	0.2095E-12
0.1038E-02	0.2095E-12
0.1078E-02	0.2095E-12
0.1119E-02	0.2095E-12
0.1161E-02	0.2095E-12
0.1205E-02	0.2095E-12
0.1251E-02	0.2095E-12
0.1299E-02	0.2095E-12
0.1349E-02	0.2095E-12
0.1400E-02	0.2095E-12
0.1453E-02	0.2095E-12
0.1509E-02	0.2095E-12
0.1566E-02	0.2095E-12
0.1626E-02	0.2095E-12
0.1688E-02	0.2095E-12
0.1752E-02	0.2095E-12
0.1819E-02	0.2095E-12
0.1888E-02	0.2095E-12
0.1960E-02	0.2095E-12
0.2034E-02	0.2095E-12
0.2112E-02	0.2095E-12
0.2192E-02	0.2095E-12
0.2276E-02	0.2095E-12
0.2362E-02	0.2095E-12
0.2452E-02	0.2095E-12
0.2546E-02	0.2095E-12
0.2643E-02	0.2095E-12
0.2743E-02	0.2095E-12
0.2848E-02	0.2095E-12
0.2956E-02	0.2095E-12
0.3069E-02	0.2095E-12
0.3186E-02	0.2095E-12
0.3307E-02	0.2095E-12
0.3433E-02	0.2095E-12
0.3564E-02	0.2095E-12
0.3700E-02	0.2095E-12
0.3841E-02	0.2095E-12
0.3987E-02	0.2095E-12
0.4139E-02	0.2095E-12
0.4296E-02	0.2095E-12
0.4460E-02	0.2095E-12
0.4630E-02	0.2095E-12
0.4806E-02	0.2095E-12
0.4989E-02	0.2095E-12
0.5179E-02	0.2095E-12
0.5377E-02	0.2095E-12
0.5581E-02	0.2095E-12
0.5794E-02	0.2095E-12
0.6015E-02	0.2095E-12
0.6244E-02	0.2095E-12
0.6481E-02	0.2095E-12
0.6728E-02	0.2095E-12
0.6985E-02	0.2095E-12
0.7251E-02	0.2095E-12
0.7527E-02	0.2095E-12
0.7813E-02	0.2095E-12
0.8111E-02	0.2095E-12
0.8420E-02	0.2095E-12
0.8741E-02	0.2095E-12
0.9073E-02	0.2095E-12
0.9419E-02	0.2095E-12
0.9778E-02	0.2095E-12
0.1015E-01	0.2095E-12
0.1054E-01	0.2095E-12
0.1094E-01	0.2095E-12
0.1135E-01	0.2095E-12
0.1179E-01	0.2095E-12
0.1224E-01	0.2095E-12
0.1270E-01	0.2095E-12
0.1319E-01	0.2095E-12
0.1369E-01	0.2095E-12
0.1421E-01	0.2095E-12
0.1475E-01	0.2095E-12
0.1531E-01	0.2095E-12
0.1590E-01	0.2095E-12
0.1650E-01	0.2095E-12
0.1713E-01	0.2095E-12
0.1778E-01	0.2095E-12
0.1846E-01	0.2095E-12
0.1916E-01	0.2095E-12
0.1989E-01	0.2095E-12
0.2065E-01	0.2095E-12
0.2144E-01	0.2095E-12
0.2225E-01	0.2095E-12
0.2310E-01	0.2095E-12
0.2398E-01	0.2095E-12
0.2489E-01	0.2095E-12
0.2584E-01	0.2095E-12
0.2682E-01	0.2095E-12
0.2785E-01	0.2095E-12
0.2891E-01	0.2095E-12
0.3001E-01	0.2095E-12
0.3115E-01	0.2095E-12
0.3234E-01	0.2095E-12
0.3357E-01	0.2095E-12
0.3485E-01	0.2095E-12
0.3617E-01	0.2095E-12
0.3755E-01	0.2095E-12
0.3898E-01	0.2095E-12
0.4047E-01	0.2095E-12
0.4201E-01	0.2095E-12
0.4361E-01	0.2095E-12
0.4527E-01	0.2095E-12
0.4699E-01	0.2095E-12
0.4878E-01	0.2095E-12
0.5064E-01	0.2095E-12
0.5257E-01	0.2095E-12
0.5457E-01	0.2095E-12
0.5665E-01	0.2095E-12
0.5881E-01	0.2095E-12
0.6105E-01	0.2095E-12
0.6337E-01	0.2095E-12
0.6579E-01	0.2095E-12
0.6829E-01	0.2095E-12
0.7089E-01	0.2095E-12
0.7359E-01	0.2095E-12
0.7640E-01	0.2095E-12
0.7931E-01	0.2095E-12
0.8233E-01	0.2095E-12
0.8546E-01	0.2095E-12
0.8872E-01	0.2096E-12
0.9210E-01	0.2096E-12
0.9560E-01	0.2096E-12
0.9924E-01	0.2096E-12
0.1030	0.2096E-12
0.1069	0.2096E-12
0.1110	0.2096E-12
0.1152	0.2096E-12
0.1196	0.2096E-12
0.1242	0.2096E-12
0.1289	0.2096E-12
0.1338	0.2096E-12
0.1389	0.2097E-12
0.1442	0.2097E-12
0.1497	0.2097E-12
0.1554	0.2097E-12
0.1613	0.2097E-12
0.1675	0.2097E-12
0.1739	0.2097E-12
0.1805	0.2098E-12
0.1874	0.2098E-12
0.1945	0.2098E-12
0.2019	0.2098E-12
0.2096	0.2099E-12
0.2176	0.2099E-12
0.2259	0.2099E-12
0.2345	0.2099E-12
0.2434	0.2100E-12
0.2527	0.2100E-12
0.2623	0.2100E-12
0.2723	0.2100E-12
0.2826	0.2101E-12
0.2934	0.2101E-12
0.3046	0.2101E-12
0.3162	0.2102E-12
0.3282	0.2102E-12
0.3407	0.2102E-12
0.3537	0.2103E-12
0.3672	0.2103E-12
0.3812	0.2104E-12
0.3957	0.2104E-12
0.4107	0.2104E-12
0.4264	0.2105E-12
0.4426	0.2105E-12
0.4595	0.2105E-12
0.4770	0.2106E-12
0.4952	0.2106E-12
0.5140	0.2106E-12
0.5336	0.2106E-12
0.5539	0.2107E-12
0.5750	0.2107E-12
0.5969	0.2107E-12
0.6196	0.2107E-12
0.6432	0.2108E-12
0.6677	0.2108E-12
0.6932	0.2108E-12
0.7196	0.2108E-12
0.7470	0.2108E-12
0.7754	0.2108E-12
0.8050	0.2108E-12
0.8356	0.2108E-12
0.8674	0.2108E-12
0.9005	0.2108E-12
0.9348	0.2107E-12
0.9704	0.2107E-12
1.007	0.2107E-12
1.046	0.2106E-12
1.086	0.2106E-12
1.127	0.2105E-12
1.170	0.2105E-12
1.214	0.2104E-12
1.261	0.2103E-12
1.309	0.2103E-12
1.358	0.2102E-12
1.410	0.2101E-12
1.464	0.2100E-12
1.520	0.2099E-12
1.578	0.2098E-12
1.638	0.2097E-12
1.700	0.2096E-12
1.765	0.2094E-12
1.832	0.2093E-12
1.902	0.2092E-12
1.974	0.2090E-12
2.049	0.2089E-12
2.127	0.2087E-12
2.208	0.2086E-12
2.293	0.2084E-12
2.380	0.2082E-12
2.470	0.2080E-12
2.565	0.2079E-12
2.662	0.2077E-12
2.764	0.2075E-12
2.869	0.2073E-12
2.978	0.2071E-12
3.092	0.2068E-12
3.209	0.2066E-12
3.332	0.2064E-12
3.458	0.2062E-12
3.590	0.2060E-12
3.727	0.2057E-12
3.869	0.2055E-12
4.016	0.2052E-12
4.169	0.2050E-12
4.328	0.2047E-12
4.493	0.2045E-12
4.664	0.2042E-12
4.841	0.2040E-12
5.026	0.2037E-12
5.217	0.2034E-12
5.416	0.2031E-12
5.622	0.2029E-12
5.836	0.2026E-12
6.059	0.2023E-12
6.289	0.2020E-12
6.529	0.2017E-12
6.778	0.2014E-12
7.036	0.2011E-12
7.304	0.2008E-12
7.582	0.2006E-12
7.871	0.2003E-12
8.170	0.2000E-12
8.482	0.1997E-12
8.805	0.1994E-12
9.140	0.1991E-12
9.488	0.1988E-12
9.849	0.1985E-12
10.22	0.1982E-12
10.61	0.1979E-12
11.02	0.1976E-12
11.44	0.1973E-12
11.87	0.1970E-12
12.33	0.1967E-12
12.80	0.1964E-12
13.28	0.1961E-12
13.79	0.1958E-12
14.31	0.1955E-12
14.86	0.1952E-12
15.42	0.1949E-12
16.01	0.1946E-12
16.62	0.1943E-12
17.25	0.1940E-12
17.91	0.1936E-12
18.59	0.1933E-12
19.30	0.1930E-12
20.04	0.1927E-12
20.80	0.1923E-12
21.59	0.1920E-12
22.42	0.1916E-12
23.27	0.1913E-12
24.16	0.1909E-12
25.08	0.1906E-12
26.03	0.1903E-12
27.02	0.1899E-12
28.05	0.1896E-12
29.12	0.1892E-12
30.23	0.1889E-12
31.38	0.1885E-12
32.57	0.1882E-12
33.82	0.1879E-12
35.10	0.1876E-12
36.44	0.1872E-12
37.83	0.1869E-12
39.27	0.1866E-12
40.76	0.1864E-12
42.32	0.1861E-12
43.93	0.1858E-12
45.60	0.1856E-12
47.34	0.1854E-12
49.14	0.1852E-12
51.01	0.1850E-12
52.96	0.1848E-12
54.97	0.1846E-12
57.07	0.1845E-12
59.24	0.1843E-12
61.50	0.1842E-12
63.84	0.1841E-12
66.27	0.1841E-12
68.79	0.1840E-12
71.41	0.1840E-12
74.13	0.1839E-12
76.96	0.1839E-12
79.89	0.1839E-12
82.93	0.1840E-12
86.09	0.1840E-12
89.37	0.1840E-12
92.77	0.1841E-12
96.31	0.1842E-12
99.97	0.1842E-12
103.8	0.1843E-12
107.7	0.1844E-12
111.8	0.1845E-12
116.1	0.1846E-12
120.5	0.1847E-12
125.1	0.1848E-12
129.9	0.1850E-12
134.8	0.1851E-12
140.0	0.1852E-12
145.3	0.1853E-12
150.8	0.1854E-12
156.6	0.1856E-12
162.5	0.1857E-12
168.7	0.1858E-12
175.1	0.1859E-12
181.8	0.1860E-12
188.7	0.1862E-12
195.9	0.1863E-12
203.4	0.1864E-12
211.1	0.1865E-12
219.2	0.1866E-12
227.5	0.1867E-12
236.2	0.1867E-12
245.2	0.1868E-12
254.5	0.1869E-12
264.2	0.1869E-12
274.3	0.1870E-12
284.7	0.1870E-12
295.6	0.1871E-12
306.8	0.1871E-12
318.5	0.1871E-12
330.6	0.1871E-12
343.2	0.1871E-12
356.3	0.1871E-12
369.9	0.1870E-12
384.0	0.1870E-12
398.6	0.1869E-12
413.8	0.1868E-12
429.5	0.1867E-12
445.9	0.1866E-12
462.9	0.1865E-12
480.5	0.1863E-12
498.8	0.1861E-12
517.8	0.1859E-12
537.5	0.1857E-12
558.0	0.1854E-12
579.2	0.1851E-12
601.3	0.1848E-12
624.2	0.1845E-12
648.0	0.1841E-12
672.6	0.1837E-12
698.3	0.1833E-12
724.9	0.1828E-12
752.5	0.1824E-12
781.1	0.1818E-12
810.9	0.1813E-12
841.8	0.1807E-12
873.8	0.1801E-12
907.1	0.1794E-12
941.6	0.1788E-12
977.5	0.1780E-12
1015.	0.1773E-12
1053.	0.1765E-12
1094.	0.1757E-12
1135.	0.1748E-12
1178.	0.1739E-12
1223.	0.1730E-12
1270.	0.1720E-12
1318.	0.1710E-12
1368.	0.1700E-12
1421.	0.1689E-12
1475.	0.1678E-12
1531.	0.1667E-12
1589.	0.1655E-12
1650.	0.1643E-12
1712.	0.1630E-12
1778.	0.1618E-12
1845.	0.1605E-12
1916.	0.1592E-12
1989.	0.1578E-12
2064.	0.1564E-12
2143.	0.1550E-12
2225.	0.1536E-12
2309.	0.1521E-12
2397.	0.1506E-12
2489.	0.1491E-12
2583.	0.1476E-12
2682.	0.1460E-12
2784.	0.1444E-12
2890.	0.1428E-12
 
 
E/N (Td)	Momentum frequency /N (m3/s)
0.1000E-02	0.2887E-12
0.1038E-02	0.2904E-12
0.1078E-02	0.2904E-12
0.1119E-02	0.2904E-12
0.1161E-02	0.2904E-12
0.1205E-02	0.2904E-12
0.1251E-02	0.2904E-12
0.1299E-02	0.2904E-12
0.1349E-02	0.2904E-12
0.1400E-02	0.2904E-12
0.1453E-02	0.2904E-12
0.1509E-02	0.2904E-12
0.1566E-02	0.2904E-12
0.1626E-02	0.2904E-12
0.1688E-02	0.2904E-12
0.1752E-02	0.2904E-12
0.1819E-02	0.2904E-12
0.1888E-02	0.2904E-12
0.1960E-02	0.2904E-12
0.2034E-02	0.2904E-12
0.2112E-02	0.2904E-12
0.2192E-02	0.2904E-12
0.2276E-02	0.2904E-12
0.2362E-02	0.2904E-12
0.2452E-02	0.2904E-12
0.2546E-02	0.2904E-12
0.2643E-02	0.2904E-12
0.2743E-02	0.2904E-12
0.2848E-02	0.2904E-12
0.2956E-02	0.2904E-12
0.3069E-02	0.2904E-12
0.3186E-02	0.2904E-12
0.3307E-02	0.2904E-12
0.3433E-02	0.2904E-12
0.3564E-02	0.2904E-12
0.3700E-02	0.2904E-12
0.3841E-02	0.2904E-12
0.3987E-02	0.2904E-12
0.4139E-02	0.2904E-12
0.4296E-02	0.2904E-12
0.4460E-02	0.2904E-12
0.4630E-02	0.2904E-12
0.4806E-02	0.2904E-12
0.4989E-02	0.2904E-12
0.5179E-02	0.2904E-12
0.5377E-02	0.2904E-12
0.5581E-02	0.2904E-12
0.5794E-02	0.2904E-12
0.6015E-02	0.2904E-12
0.6244E-02	0.2904E-12
0.6481E-02	0.2904E-12
0.6728E-02	0.2904E-12
0.6985E-02	0.2904E-12
0.7251E-02	0.2904E-12
0.7527E-02	0.2904E-12
0.7813E-02	0.2904E-12
0.8111E-02	0.2904E-12
0.8420E-02	0.2904E-12
0.8741E-02	0.2904E-12
0.9073E-02	0.2904E-12
0.9419E-02	0.2904E-12
0.9778E-02	0.2904E-12
0.1015E-01	0.2904E-12
0.1054E-01	0.2904E-12
0.1094E-01	0.2904E-12
0.1135E-01	0.2904E-12
0.1179E-01	0.2904E-12
0.1224E-01	0.2904E-12
0.1270E-01	0.2904E-12
0.1319E-01	0.2904E-12
0.1369E-01	0.2904E-12
0.1421E-01	0.2904E-12
0.1475E-01	0.2904E-12
0.1531E-01	0.2904E-12
0.1590E-01	0.2904E-12
0.1650E-01	0.2903E-12
0.1713E-01	0.2903E-12
0.1778E-01	0.2903E-12
0.1846E-01	0.2903E-12
0.1916E-01	0.2903E-12
0.1989E-01	0.2903E-12
0.2065E-01	0.2903E-12
0.2144E-01	0.2903E-12
0.2225E-01	0.2903E-12
0.2310E-01	0.2903E-12
0.2398E-01	0.2903E-12
0.2489E-01	0.2903E-12
0.2584E-01	0.2903E-12
0.2682E-01	0.2902E-12
0.2785E-01	0.2902E-12
0.2891E-01	0.2902E-12
0.3001E-01	0.2902E-12
0.3115E-01	0.2902E-12
0.3234E-01	0.2902E-12
0.3357E-01	0.2902E-12
0.3485E-01	0.2901E-12
0.3617E-01	0.2901E-12
0.3755E-01	0.2901E-12
0.3898E-01	0.2901E-12
0.4047E-01	0.2900E-12
0.4201E-01	0.2900E-12
0.4361E-01	0.2900E-12
0.4527E-01	0.2899E-12
0.4699E-01	0.2899E-12
0.4878E-01	0.2899E-12
0.5064E-01	0.2898E-12
0.5257E-01	0.2898E-12
0.5457E-01	0.2897E-12
0.5665E-01	0.2897E-12
0.5881E-01	0.2896E-12
0.6105E-01	0.2896E-12
0.6337E-01	0.2895E-12
0.6579E-01	0.2894E-12
0.6829E-01	0.2894E-12
0.7089E-01	0.2893E-12
0.7359E-01	0.2892E-12
0.7640E-01	0.2891E-12
0.7931E-01	0.2890E-12
0.8233E-01	0.2889E-12
0.8546E-01	0.2888E-12
0.8872E-01	0.2886E-12
0.9210E-01	0.2885E-12
0.9560E-01	0.2884E-12
0.9924E-01	0.2882E-12
0.1030	0.2880E-12
0.1069	0.2879E-12
0.1110	0.2877E-12
0.1152	0.2875E-12
0.1196	0.2873E-12
0.1242	0.2870E-12
0.1289	0.2868E-12
0.1338	0.2865E-12
0.1389	0.2862E-12
0.1442	0.2859E-12
0.1497	0.2856E-12
0.1554	0.2853E-12
0.1613	0.2849E-12
0.1675	0.2845E-12
0.1739	0.2841E-12
0.1805	0.2837E-12
0.1874	0.2832E-12
0.1945	0.2827E-12
0.2019	0.2822E-12
0.2096	0.2816E-12
0.2176	0.2810E-12
0.2259	0.2804E-12
0.2345	0.2798E-12
0.2434	0.2791E-12
0.2527	0.2784E-12
0.2623	0.2776E-12
0.2723	0.2768E-12
0.2826	0.2760E-12
0.2934	0.2751E-12
0.3046	0.2742E-12
0.3162	0.2733E-12
0.3282	0.2723E-12
0.3407	0.2713E-12
0.3537	0.2702E-12
0.3672	0.2691E-12
0.3812	0.2680E-12
0.3957	0.2669E-12
0.4107	0.2657E-12
0.4264	0.2645E-12
0.4426	0.2632E-12
0.4595	0.2620E-12
0.4770	0.2607E-12
0.4952	0.2593E-12
0.5140	0.2580E-12
0.5336	0.2566E-12
0.5539	0.2553E-12
0.5750	0.2539E-12
0.5969	0.2525E-12
0.6196	0.2510E-12
0.6432	0.2496E-12
0.6677	0.2482E-12
0.6932	0.2467E-12
0.7196	0.2453E-12
0.7470	0.2438E-12
0.7754	0.2423E-12
0.8050	0.2409E-12
0.8356	0.2394E-12
0.8674	0.2380E-12
0.9005	0.2366E-12
0.9348	0.2351E-12
0.9704	0.2337E-12
1.007	0.2323E-12
1.046	0.2309E-12
1.086	0.2295E-12
1.127	0.2281E-12
1.170	0.2267E-12
1.214	0.2253E-12
1.261	0.2240E-12
1.309	0.2226E-12
1.358	0.2213E-12
1.410	0.2200E-12
1.464	0.2187E-12
1.520	0.2175E-12
1.578	0.2163E-12
1.638	0.2151E-12
1.700	0.2139E-12
1.765	0.2127E-12
1.832	0.2116E-12
1.902	0.2105E-12
1.974	0.2093E-12
2.049	0.2083E-12
2.127	0.2073E-12
2.208	0.2063E-12
2.293	0.2053E-12
2.380	0.2043E-12
2.470	0.2034E-12
2.565	0.2025E-12
2.662	0.2016E-12
2.764	0.2008E-12
2.869	0.2000E-12
2.978	0.1992E-12
3.092	0.1984E-12
3.209	0.1977E-12
3.332	0.1970E-12
3.458	0.1963E-12
3.590	0.1957E-12
3.727	0.1951E-12
3.869	0.1945E-12
4.016	0.1939E-12
4.169	0.1934E-12
4.328	0.1929E-12
4.493	0.1924E-12
4.664	0.1920E-12
4.841	0.1916E-12
5.026	0.1913E-12
5.217	0.1909E-12
5.416	0.1906E-12
5.622	0.1903E-12
5.836	0.1901E-12
6.059	0.1899E-12
6.289	0.1897E-12
6.529	0.1895E-12
6.778	0.1894E-12
7.036	0.1894E-12
7.304	0.1894E-12
7.582	0.1894E-12
7.871	0.1894E-12
8.170	0.1894E-12
8.482	0.1895E-12
8.805	0.1896E-12
9.140	0.1897E-12
9.488	0.1898E-12
9.849	0.1900E-12
10.22	0.1901E-12
10.61	0.1903E-12
11.02	0.1905E-12
11.44	0.1906E-12
11.87	0.1908E-12
12.33	0.1910E-12
12.80	0.1912E-12
13.28	0.1913E-12
13.79	0.1915E-12
14.31	0.1916E-12
14.86	0.1918E-12
15.42	0.1918E-12
16.01	0.1919E-12
16.62	0.1920E-12
17.25	0.1920E-12
17.91	0.1920E-12
18.59	0.1920E-12
19.30	0.1920E-12
20.04	0.1920E-12
20.80	0.1919E-12
21.59	0.1919E-12
22.42	0.1918E-12
23.27	0.1917E-12
24.16	0.1915E-12
25.08	0.1914E-12
26.03	0.1913E-12
27.02	0.1911E-12
28.05	0.1909E-12
29.12	0.1908E-12
30.23	0.1906E-12
31.38	0.1904E-12
32.57	0.1902E-12
33.82	0.1900E-12
35.10	0.1899E-12
36.44	0.1897E-12
37.83	0.1895E-12
39.27	0.1893E-12
40.76	0.1892E-12
42.32	0.1890E-12
43.93	0.1889E-12
45.60	0.1887E-12
47.34	0.1886E-12
49.14	0.1885E-12
51.01	0.1884E-12
52.96	0.1883E-12
54.97	0.1882E-12
57.07	0.1882E-12
59.24	0.1882E-12
61.50	0.1881E-12
63.84	0.1881E-12
66.27	0.1881E-12
68.79	0.1882E-12
71.41	0.1882E-12
74.13	0.1883E-12
76.96	0.1883E-12
79.89	0.1884E-12
82.93	0.1885E-12
86.09	0.1886E-12
89.37	0.1887E-12
92.77	0.1888E-12
96.31	0.1889E-12
99.97	0.1890E-12
103.8	0.1891E-12
107.7	0.1892E-12
111.8	0.1893E-12
116.1	0.1894E-12
120.5	0.1895E-12
125.1	0.1896E-12
129.9	0.1897E-12
134.8	0.1898E-12
140.0	0.1899E-12
145.3	0.1899E-12
150.8	0.1900E-12
156.6	0.1901E-12
162.5	0.1901E-12
168.7	0.1901E-12
175.1	0.1902E-12
181.8	0.1902E-12
188.7	0.1902E-12
195.9	0.1902E-12
203.4	0.1902E-12
211.1	0.1901E-12
219.2	0.1901E-12
227.5	0.1901E-12
236.2	0.1900E-12
245.2	0.1899E-12
254.5	0.1898E-12
264.2	0.1898E-12
274.3	0.1896E-12
284.7	0.1895E-12
295.6	0.1894E-12
306.8	0.1892E-12
318.5	0.1891E-12
330.6	0.1889E-12
343.2	0.1888E-12
356.3	0.1886E-12
369.9	0.1884E-12
384.0	0.1881E-12
398.6	0.1879E-12
413.8	0.1877E-12
429.5	0.1874E-12
445.9	0.1872E-12
462.9	0.1869E-12
480.5	0.1866E-12
498.8	0.1863E-12
517.8	0.1860E-12
537.5	0.1857E-12
558.0	0.1853E-12
579.2	0.1850E-12
601.3	0.1847E-12
624.2	0.1843E-12
648.0	0.1840E-12
672.6	0.1836E-12
698.3	0.1833E-12
724.9	0.1829E-12
752.5	0.1825E-12
781.1	0.1821E-12
810.9	0.1818E-12
841.8	0.1814E-12
873.8	0.1810E-12
907.1	0.1807E-12
941.6	0.1803E-12
977.5	0.1800E-12
1015.	0.1796E-12
1053.	0.1793E-12
1094.	0.1790E-12
1135.	0.1787E-12
1178.	0.1784E-12
1223.	0.1781E-12
1270.	0.1778E-12
1318.	0.1776E-12
1368.	0.1773E-12
1421.	0.1771E-12
1475.	0.1769E-12
1531.	0.1767E-12
1589.	0.1765E-12
1650.	0.1763E-12
1712.	0.1762E-12
1778.	0.1761E-12
1845.	0.1759E-12
1916.	0.1758E-12
1989.	0.1757E-12
2064.	0.1756E-12
2143.	0.1755E-12
2225.	0.1755E-12
2309.	0.1754E-12
2397.	0.1753E-12
2489.	0.1752E-12
2583.	0.1751E-12
2682.	0.1750E-12
2784.	0.1749E-12
2890.	0.1747E-12
 
 
E/N (Td)	Total ionization freq. /N (m3/s)
0.1000E-02	0.000
0.1038E-02	0.000
0.1078E-02	0.000
0.1119E-02	0.000
0.1161E-02	0.000
0.1205E-02	0.000
0.1251E-02	0.000
0.1299E-02	0.000
0.1349E-02	0.000
0.1400E-02	0.000
0.1453E-02	0.000
0.1509E-02	0.000
0.1566E-02	0.000
0.1626E-02	0.000
0.1688E-02	0.000
0.1752E-02	0.000
0.1819E-02	0.000
0.1888E-02	0.000
0.1960E-02	0.000
0.2034E-02	0.000
0.2112E-02	0.000
0.2192E-02	0.000
0.2276E-02	0.000
0.2362E-02	0.000
0.2452E-02	0.000
0.2546E-02	0.000
0.2643E-02	0.000
0.2743E-02	0.000
0.2848E-02	0.000
0.2956E-02	0.000
0.3069E-02	0.000
0.3186E-02	0.000
0.3307E-02	0.000
0.3433E-02	0.000
0.3564E-02	0.000
0.3700E-02	0.000
0.3841E-02	0.000
0.3987E-02	0.000
0.4139E-02	0.000
0.4296E-02	0.000
0.4460E-02	0.000
0.4630E-02	0.000
0.4806E-02	0.000
0.4989E-02	0.000
0.5179E-02	0.000
0.5377E-02	0.000
0.5581E-02	0.000
0.5794E-02	0.000
0.6015E-02	0.000
0.6244E-02	0.000
0.6481E-02	0.000
0.6728E-02	0.000
0.6985E-02	0.000
0.7251E-02	0.000
0.7527E-02	0.000
0.7813E-02	0.000
0.8111E-02	0.000
0.8420E-02	0.000
0.8741E-02	0.000
0.9073E-02	0.000
0.9419E-02	0.000
0.9778E-02	0.000
0.1015E-01	0.000
0.1054E-01	0.000
0.1094E-01	0.000
0.1135E-01	0.000
0.1179E-01	0.000
0.1224E-01	0.000
0.1270E-01	0.000
0.1319E-01	0.000
0.1369E-01	0.000
0.1421E-01	0.000
0.1475E-01	0.000
0.1531E-01	0.000
0.1590E-01	0.000
0.1650E-01	0.000
0.1713E-01	0.000
0.1778E-01	0.000
0.1846E-01	0.000
0.1916E-01	0.000
0.1989E-01	0.000
0.2065E-01	0.000
0.2144E-01	0.000
0.2225E-01	0.000
0.2310E-01	0.000
0.2398E-01	0.000
0.2489E-01	0.000
0.2584E-01	0.000
0.2682E-01	0.000
0.2785E-01	0.000
0.2891E-01	0.000
0.3001E-01	0.000
0.3115E-01	0.000
0.3234E-01	0.000
0.3357E-01	0.000
0.3485E-01	0.000
0.3617E-01	0.000
0.3755E-01	0.000
0.3898E-01	0.000
0.4047E-01	0.000
0.4201E-01	0.000
0.4361E-01	0.000
0.4527E-01	0.000
0.4699E-01	0.000
0.4878E-01	0.000
0.5064E-01	0.000
0.5257E-01	0.000
0.5457E-01	0.000
0.5665E-01	0.000
0.5881E-01	0.000
0.6105E-01	0.000
0.6337E-01	0.000
0.6579E-01	0.000
0.6829E-01	0.000
0.7089E-01	0.000
0.7359E-01	0.000
0.7640E-01	0.000
0.7931E-01	0.000
0.8233E-01	0.000
0.8546E-01	0.000
0.8872E-01	0.000
0.9210E-01	0.000
0.9560E-01	0.000
0.9924E-01	0.000
0.1030	0.000
0.1069	0.000
0.1110	0.000
0.1152	0.000
0.1196	0.000
0.1242	0.000
0.1289	0.000
0.1338	0.000
0.1389	0.000
0.1442	0.000
0.1497	0.000
0.1554	0.000
0.1613	0.000
0.1675	0.000
0.1739	0.000
0.1805	0.000
0.1874	0.000
0.1945	0.000
0.2019	0.000
0.2096	0.000
0.2176	0.000
0.2259	0.000
0.2345	0.000
0.2434	0.000
0.2527	0.000
0.2623	0.000
0.2723	0.000
0.2826	0.000
0.2934	0.000
0.3046	0.000
0.3162	0.000
0.3282	0.000
0.3407	0.000
0.3537	0.000
0.3672	0.000
0.3812	0.000
0.3957	0.000
0.4107	0.000
0.4264	0.000
0.4426	0.000
0.4595	0.000
0.4770	0.000
0.4952	0.000
0.5140	0.000
0.5336	0.000
0.5539	0.000
0.5750	0.000
0.5969	0.000
0.6196	0.000
0.6432	0.000
0.6677	0.000
0.6932	0.000
0.7196	0.000
0.7470	0.000
0.7754	0.000
0.8050	0.000
0.8356	0.000
0.8674	0.000
0.9005	0.000
0.9348	0.000
0.9704	0.000
1.007	0.000
1.046	0.000
1.086	0.000
1.127	0.000
1.170	0.000
1.214	0.000
1.261	0.000
1.309	0.000
1.358	0.000
1.410	0.000
1.464	0.000
1.520	0.000
1.578	0.000
1.638	0.000
1.700	0.000
1.765	0.000
1.832	0.000
1.902	0.000
1.974	0.000
2.049	0.000
2.127	0.000
2.208	0.000
2.293	0.000
2.380	0.000
2.470	0.000
2.565	0.000
2.662	0.000
2.764	0.000
2.869	0.000
2.978	0.000
3.092	0.000
3.209	0.000
3.332	0.000
3.458	0.000
3.590	0.000
3.727	0.000
3.869	0.000
4.016	0.000
4.169	0.000
4.328	0.000
4.493	0.000
4.664	0.000
4.841	0.000
5.026	0.000
5.217	0.000
5.416	0.000
5.622	0.000
5.836	0.000
6.059	0.000
6.289	0.000
6.529	0.000
6.778	0.000
7.036	0.000
7.304	0.000
7.582	0.000
7.871	0.000
8.170	0.000
8.482	0.000
8.805	0.000
9.140	0.000
9.488	0.000
9.849	0.000
10.22	0.000
10.61	0.000
11.02	0.000
11.44	0.000
11.87	0.000
12.33	0.000
12.80	0.000
13.28	0.000
13.79	0.000
14.31	0.6837E-27
14.86	0.1800E-26
15.42	0.4578E-26
16.01	0.1127E-25
16.62	0.2689E-25
17.25	0.6222E-25
17.91	0.1629E-24
18.59	0.3613E-24
19.30	0.7806E-24
20.04	0.1645E-23
20.80	0.3385E-23
21.59	0.6805E-23
22.42	0.1338E-22
23.27	0.2587E-22
24.16	0.4878E-22
25.08	0.9014E-22
26.03	0.1634E-21
27.02	0.2909E-21
28.05	0.5087E-21
29.12	0.8742E-21
30.23	0.1480E-20
31.38	0.2461E-20
32.57	0.4028E-20
33.82	0.6493E-20
35.10	0.1031E-19
36.44	0.1615E-19
37.83	0.2492E-19
39.27	0.3799E-19
40.76	0.5707E-19
42.32	0.8463E-19
43.93	0.1239E-18
45.60	0.1792E-18
47.34	0.2560E-18
49.14	0.3616E-18
51.01	0.5046E-18
52.96	0.6963E-18
54.97	0.9505E-18
57.07	0.1284E-17
59.24	0.1716E-17
61.50	0.2271E-17
63.84	0.2977E-17
66.27	0.3865E-17
68.79	0.4973E-17
71.41	0.6342E-17
74.13	0.8021E-17
76.96	0.1007E-16
79.89	0.1253E-16
82.93	0.1548E-16
86.09	0.1900E-16
89.37	0.2315E-16
92.77	0.2803E-16
96.31	0.3372E-16
99.97	0.4034E-16
103.8	0.4798E-16
107.7	0.5677E-16
111.8	0.6683E-16
116.1	0.7830E-16
120.5	0.9131E-16
125.1	0.1060E-15
129.9	0.1226E-15
134.8	0.1413E-15
140.0	0.1621E-15
145.3	0.1854E-15
150.8	0.2114E-15
156.6	0.2403E-15
162.5	0.2723E-15
168.7	0.3077E-15
175.1	0.3468E-15
181.8	0.3899E-15
188.7	0.4373E-15
195.9	0.4894E-15
203.4	0.5465E-15
211.1	0.6091E-15
219.2	0.6775E-15
227.5	0.7521E-15
236.2	0.8336E-15
245.2	0.9223E-15
254.5	0.1019E-14
264.2	0.1124E-14
274.3	0.1237E-14
284.7	0.1361E-14
295.6	0.1495E-14
306.8	0.1639E-14
318.5	0.1796E-14
330.6	0.1965E-14
343.2	0.2147E-14
356.3	0.2343E-14
369.9	0.2554E-14
384.0	0.2781E-14
398.6	0.3026E-14
413.8	0.3288E-14
429.5	0.3568E-14
445.9	0.3869E-14
462.9	0.4191E-14
480.5	0.4535E-14
498.8	0.4901E-14
517.8	0.5292E-14
537.5	0.5709E-14
558.0	0.6153E-14
579.2	0.6624E-14
601.3	0.7123E-14
624.2	0.7653E-14
648.0	0.8213E-14
672.6	0.8805E-14
698.3	0.9429E-14
724.9	0.1009E-13
752.5	0.1078E-13
781.1	0.1151E-13
810.9	0.1228E-13
841.8	0.1308E-13
873.8	0.1392E-13
907.1	0.1479E-13
941.6	0.1570E-13
977.5	0.1666E-13
1015.	0.1764E-13
1053.	0.1868E-13
1094.	0.1974E-13
1135.	0.2084E-13
1178.	0.2198E-13
1223.	0.2316E-13
1270.	0.2437E-13
1318.	0.2562E-13
1368.	0.2690E-13
1421.	0.2821E-13
1475.	0.2955E-13
1531.	0.3093E-13
1589.	0.3233E-13
1650.	0.3376E-13
1712.	0.3522E-13
1778.	0.3670E-13
1845.	0.3820E-13
1916.	0.3972E-13
1989.	0.4125E-13
2064.	0.4280E-13
2143.	0.4437E-13
2225.	0.4594E-13
2309.	0.4752E-13
2397.	0.4911E-13
2489.	0.5071E-13
2583.	0.5230E-13
2682.	0.5388E-13
2784.	0.5546E-13
2890.	0.5703E-13
 
 
E/N (Td)	Total attachment freq. /N (m3/s)
0.1000E-02	0.7639E-15
0.1038E-02	0.7685E-15
0.1078E-02	0.7685E-15
0.1119E-02	0.7685E-15
0.1161E-02	0.7685E-15
0.1205E-02	0.7685E-15
0.1251E-02	0.7685E-15
0.1299E-02	0.7685E-15
0.1349E-02	0.7685E-15
0.1400E-02	0.7685E-15
0.1453E-02	0.7685E-15
0.1509E-02	0.7685E-15
0.1566E-02	0.7685E-15
0.1626E-02	0.7685E-15
0.1688E-02	0.7685E-15
0.1752E-02	0.7685E-15
0.1819E-02	0.7685E-15
0.1888E-02	0.7685E-15
0.1960E-02	0.7685E-15
0.2034E-02	0.7685E-15
0.2112E-02	0.7685E-15
0.2192E-02	0.7685E-15
0.2276E-02	0.7685E-15
0.2362E-02	0.7685E-15
0.2452E-02	0.7685E-15
0.2546E-02	0.7685E-15
0.2643E-02	0.7685E-15
0.2743E-02	0.7685E-15
0.2848E-02	0.7685E-15
0.2956E-02	0.7685E-15
0.3069E-02	0.7685E-15
0.3186E-02	0.7685E-15
0.3307E-02	0.7685E-15
0.3433E-02	0.7685E-15
0.3564E-02	0.7685E-15
0.3700E-02	0.7685E-15
0.3841E-02	0.7685E-15
0.3987E-02	0.7685E-15
0.4139E-02	0.7685E-15
0.4296E-02	0.7685E-15
0.4460E-02	0.7685E-15
0.4630E-02	0.7685E-15
0.4806E-02	0.7685E-15
0.4989E-02	0.7685E-15
0.5179E-02	0.7685E-15
0.5377E-02	0.7685E-15
0.5581E-02	0.7685E-15
0.5794E-02	0.7685E-15
0.6015E-02	0.7685E-15
0.6244E-02	0.7685E-15
0.6481E-02	0.7685E-15
0.6728E-02	0.7685E-15
0.6985E-02	0.7685E-15
0.7251E-02	0.7685E-15
0.7527E-02	0.7685E-15
0.7813E-02	0.7685E-15
0.8111E-02	0.7685E-15
0.8420E-02	0.7685E-15
0.8741E-02	0.7685E-15
0.9073E-02	0.7685E-15
0.9419E-02	0.7684E-15
0.9778E-02	0.7684E-15
0.1015E-01	0.7684E-15
0.1054E-01	0.7684E-15
0.1094E-01	0.7684E-15
0.1135E-01	0.7684E-15
0.1179E-01	0.7684E-15
0.1224E-01	0.7684E-15
0.1270E-01	0.7684E-15
0.1319E-01	0.7684E-15
0.1369E-01	0.7684E-15
0.1421E-01	0.7684E-15
0.1475E-01	0.7684E-15
0.1531E-01	0.7684E-15
0.1590E-01	0.7683E-15
0.1650E-01	0.7683E-15
0.1713E-01	0.7683E-15
0.1778E-01	0.7683E-15
0.1846E-01	0.7683E-15
0.1916E-01	0.7683E-15
0.1989E-01	0.7682E-15
0.2065E-01	0.7682E-15
0.2144E-01	0.7682E-15
0.2225E-01	0.7682E-15
0.2310E-01	0.7682E-15
0.2398E-01	0.7681E-15
0.2489E-01	0.7681E-15
0.2584E-01	0.7681E-15
0.2682E-01	0.7680E-15
0.2785E-01	0.7680E-15
0.2891E-01	0.7680E-15
0.3001E-01	0.7679E-15
0.3115E-01	0.7679E-15
0.3234E-01	0.7678E-15
0.3357E-01	0.7678E-15
0.3485E-01	0.7677E-15
0.3617E-01	0.7677E-15
0.3755E-01	0.7676E-15
0.3898E-01	0.7675E-15
0.4047E-01	0.7674E-15
0.4201E-01	0.7674E-15
0.4361E-01	0.7673E-15
0.4527E-01	0.7672E-15
0.4699E-01	0.7671E-15
0.4878E-01	0.7670E-15
0.5064E-01	0.7668E-15
0.5257E-01	0.7667E-15
0.5457E-01	0.7666E-15
0.5665E-01	0.7664E-15
0.5881E-01	0.7663E-15
0.6105E-01	0.7661E-15
0.6337E-01	0.7659E-15
0.6579E-01	0.7657E-15
0.6829E-01	0.7655E-15
0.7089E-01	0.7653E-15
0.7359E-01	0.7650E-15
0.7640E-01	0.7648E-15
0.7931E-01	0.7645E-15
0.8233E-01	0.7642E-15
0.8546E-01	0.7638E-15
0.8872E-01	0.7635E-15
0.9210E-01	0.7631E-15
0.9560E-01	0.7627E-15
0.9924E-01	0.7622E-15
0.1030	0.7618E-15
0.1069	0.7613E-15
0.1110	0.7607E-15
0.1152	0.7601E-15
0.1196	0.7595E-15
0.1242	0.7588E-15
0.1289	0.7581E-15
0.1338	0.7574E-15
0.1389	0.7565E-15
0.1442	0.7557E-15
0.1497	0.7547E-15
0.1554	0.7537E-15
0.1613	0.7527E-15
0.1675	0.7515E-15
0.1739	0.7503E-15
0.1805	0.7490E-15
0.1874	0.7476E-15
0.1945	0.7462E-15
0.2019	0.7446E-15
0.2096	0.7429E-15
0.2176	0.7412E-15
0.2259	0.7393E-15
0.2345	0.7374E-15
0.2434	0.7353E-15
0.2527	0.7331E-15
0.2623	0.7308E-15
0.2723	0.7284E-15
0.2826	0.7258E-15
0.2934	0.7231E-15
0.3046	0.7203E-15
0.3162	0.7173E-15
0.3282	0.7143E-15
0.3407	0.7110E-15
0.3537	0.7077E-15
0.3672	0.7042E-15
0.3812	0.7006E-15
0.3957	0.6968E-15
0.4107	0.6929E-15
0.4264	0.6889E-15
0.4426	0.6847E-15
0.4595	0.6805E-15
0.4770	0.6760E-15
0.4952	0.6715E-15
0.5140	0.6669E-15
0.5336	0.6621E-15
0.5539	0.6572E-15
0.5750	0.6522E-15
0.5969	0.6471E-15
0.6196	0.6419E-15
0.6432	0.6366E-15
0.6677	0.6312E-15
0.6932	0.6258E-15
0.7196	0.6202E-15
0.7470	0.6146E-15
0.7754	0.6088E-15
0.8050	0.6031E-15
0.8356	0.5972E-15
0.8674	0.5913E-15
0.9005	0.5854E-15
0.9348	0.5793E-15
0.9704	0.5733E-15
1.007	0.5672E-15
1.046	0.5611E-15
1.086	0.5549E-15
1.127	0.5487E-15
1.170	0.5426E-15
1.214	0.5364E-15
1.261	0.5302E-15
1.309	0.5240E-15
1.358	0.5178E-15
1.410	0.5116E-15
1.464	0.5055E-15
1.520	0.4994E-15
1.578	0.4934E-15
1.638	0.4874E-15
1.700	0.4814E-15
1.765	0.4755E-15
1.832	0.4697E-15
1.902	0.4640E-15
1.974	0.4583E-15
2.049	0.4528E-15
2.127	0.4473E-15
2.208	0.4420E-15
2.293	0.4368E-15
2.380	0.4318E-15
2.470	0.4269E-15
2.565	0.4221E-15
2.662	0.4175E-15
2.764	0.4131E-15
2.869	0.4089E-15
2.978	0.4048E-15
3.092	0.4009E-15
3.209	0.3973E-15
3.332	0.3938E-15
3.458	0.3906E-15
3.590	0.3876E-15
3.727	0.3848E-15
3.869	0.3823E-15
4.016	0.3800E-15
4.169	0.3780E-15
4.328	0.3762E-15
4.493	0.3748E-15
4.664	0.3735E-15
4.841	0.3726E-15
5.026	0.3720E-15
5.217	0.3717E-15
5.416	0.3716E-15
5.622	0.3719E-15
5.836	0.3725E-15
6.059	0.3734E-15
6.289	0.3747E-15
6.529	0.3763E-15
6.778	0.3782E-15
7.036	0.3804E-15
7.304	0.3829E-15
7.582	0.3858E-15
7.871	0.3890E-15
8.170	0.3925E-15
8.482	0.3964E-15
8.805	0.4005E-15
9.140	0.4048E-15
9.488	0.4095E-15
9.849	0.4144E-15
10.22	0.4195E-15
10.61	0.4248E-15
11.02	0.4304E-15
11.44	0.4361E-15
11.87	0.4419E-15
12.33	0.4480E-15
12.80	0.4541E-15
13.28	0.4604E-15
13.79	0.4668E-15
14.31	0.4732E-15
14.86	0.4798E-15
15.42	0.4864E-15
16.01	0.4931E-15
16.62	0.4998E-15
17.25	0.5066E-15
17.91	0.5134E-15
18.59	0.5202E-15
19.30	0.5270E-15
20.04	0.5339E-15
20.80	0.5407E-15
21.59	0.5474E-15
22.42	0.5541E-15
23.27	0.5608E-15
24.16	0.5673E-15
25.08	0.5738E-15
26.03	0.5801E-15
27.02	0.5862E-15
28.05	0.5921E-15
29.12	0.5977E-15
30.23	0.6031E-15
31.38	0.6082E-15
32.57	0.6129E-15
33.82	0.6172E-15
35.10	0.6210E-15
36.44	0.6244E-15
37.83	0.6273E-15
39.27	0.6296E-15
40.76	0.6313E-15
42.32	0.6324E-15
43.93	0.6328E-15
45.60	0.6325E-15
47.34	0.6315E-15
49.14	0.6297E-15
51.01	0.6272E-15
52.96	0.6240E-15
54.97	0.6201E-15
57.07	0.6155E-15
59.24	0.6102E-15
61.50	0.6042E-15
63.84	0.5976E-15
66.27	0.5905E-15
68.79	0.5828E-15
71.41	0.5747E-15
74.13	0.5661E-15
76.96	0.5572E-15
79.89	0.5480E-15
82.93	0.5384E-15
86.09	0.5287E-15
89.37	0.5187E-15
92.77	0.5086E-15
96.31	0.4984E-15
99.97	0.4882E-15
103.8	0.4779E-15
107.7	0.4676E-15
111.8	0.4573E-15
116.1	0.4471E-15
120.5	0.4369E-15
125.1	0.4267E-15
129.9	0.4167E-15
134.8	0.4066E-15
140.0	0.3968E-15
145.3	0.3870E-15
150.8	0.3773E-15
156.6	0.3677E-15
162.5	0.3583E-15
168.7	0.3489E-15
175.1	0.3397E-15
181.8	0.3306E-15
188.7	0.3216E-15
195.9	0.3128E-15
203.4	0.3040E-15
211.1	0.2954E-15
219.2	0.2870E-15
227.5	0.2787E-15
236.2	0.2705E-15
245.2	0.2624E-15
254.5	0.2545E-15
264.2	0.2467E-15
274.3	0.2390E-15
284.7	0.2315E-15
295.6	0.2241E-15
306.8	0.2169E-15
318.5	0.2098E-15
330.6	0.2029E-15
343.2	0.1961E-15
356.3	0.1894E-15
369.9	0.1829E-15
384.0	0.1765E-15
398.6	0.1703E-15
413.8	0.1642E-15
429.5	0.1582E-15
445.9	0.1524E-15
462.9	0.1467E-15
480.5	0.1412E-15
498.8	0.1358E-15
517.8	0.1305E-15
537.5	0.1254E-15
558.0	0.1204E-15
579.2	0.1155E-15
601.3	0.1108E-15
624.2	0.1062E-15
648.0	0.1018E-15
672.6	0.9740E-16
698.3	0.9320E-16
724.9	0.8913E-16
752.5	0.8519E-16
781.1	0.8137E-16
810.9	0.7767E-16
841.8	0.7410E-16
873.8	0.7064E-16
907.1	0.6731E-16
941.6	0.6410E-16
977.5	0.6102E-16
1015.	0.5805E-16
1053.	0.5516E-16
1094.	0.5241E-16
1135.	0.4977E-16
1178.	0.4724E-16
1223.	0.4481E-16
1270.	0.4249E-16
1318.	0.4026E-16
1368.	0.3809E-16
1421.	0.3605E-16
1475.	0.3411E-16
1531.	0.3225E-16
1589.	0.3047E-16
1650.	0.2880E-16
1712.	0.2719E-16
1778.	0.2565E-16
1845.	0.2418E-16
1916.	0.2279E-16
1989.	0.2144E-16
2064.	0.2019E-16
2143.	0.1900E-16
2225.	0.1788E-16
2309.	0.1681E-16
2397.	0.1579E-16
2489.	0.1483E-16
2583.	0.1392E-16
2682.	0.1305E-16
2784.	0.1223E-16
2890.	0.1145E-16
 
 
E/N (Td)	Townsend ioniz. coef. alpha/N (m2)
0.1000E-02	0.000
0.1038E-02	0.000
0.1078E-02	0.000
0.1119E-02	0.000
0.1161E-02	0.000
0.1205E-02	0.000
0.1251E-02	0.000
0.1299E-02	0.000
0.1349E-02	0.000
0.1400E-02	0.000
0.1453E-02	0.000
0.1509E-02	0.000
0.1566E-02	0.000
0.1626E-02	0.000
0.1688E-02	0.000
0.1752E-02	0.000
0.1819E-02	0.000
0.1888E-02	0.000
0.1960E-02	0.000
0.2034E-02	0.000
0.2112E-02	0.000
0.2192E-02	0.000
0.2276E-02	0.000
0.2362E-02	0.000
0.2452E-02	0.000
0.2546E-02	0.000
0.2643E-02	0.000
0.2743E-02	0.000
0.2848E-02	0.000
0.2956E-02	0.000
0.3069E-02	0.000
0.3186E-02	0.000
0.3307E-02	0.000
0.3433E-02	0.000
0.3564E-02	0.000
0.3700E-02	0.000
0.3841E-02	0.000
0.3987E-02	0.000
0.4139E-02	0.000
0.4296E-02	0.000
0.4460E-02	0.000
0.4630E-02	0.000
0.4806E-02	0.000
0.4989E-02	0.000
0.5179E-02	0.000
0.5377E-02	0.000
0.5581E-02	0.000
0.5794E-02	0.000
0.6015E-02	0.000
0.6244E-02	0.000
0.6481E-02	0.000
0.6728E-02	0.000
0.6985E-02	0.000
0.7251E-02	0.000
0.7527E-02	0.000
0.7813E-02	0.000
0.8111E-02	0.000
0.8420E-02	0.000
0.8741E-02	0.000
0.9073E-02	0.000
0.9419E-02	0.000
0.9778E-02	0.000
0.1015E-01	0.000
0.1054E-01	0.000
0.1094E-01	0.000
0.1135E-01	0.000
0.1179E-01	0.000
0.1224E-01	0.000
0.1270E-01	0.000
0.1319E-01	0.000
0.1369E-01	0.000
0.1421E-01	0.000
0.1475E-01	0.000
0.1531E-01	0.000
0.1590E-01	0.000
0.1650E-01	0.000
0.1713E-01	0.000
0.1778E-01	0.000
0.1846E-01	0.000
0.1916E-01	0.000
0.1989E-01	0.000
0.2065E-01	0.000
0.2144E-01	0.000
0.2225E-01	0.000
0.2310E-01	0.000
0.2398E-01	0.000
0.2489E-01	0.000
0.2584E-01	0.000
0.2682E-01	0.000
0.2785E-01	0.000
0.2891E-01	0.000
0.3001E-01	0.000
0.3115E-01	0.000
0.3234E-01	0.000
0.3357E-01	0.000
0.3485E-01	0.000
0.3617E-01	0.000
0.3755E-01	0.000
0.3898E-01	0.000
0.4047E-01	0.000
0.4201E-01	0.000
0.4361E-01	0.000
0.4527E-01	0.000
0.4699E-01	0.000
0.4878E-01	0.000
0.5064E-01	0.000
0.5257E-01	0.000
0.5457E-01	0.000
0.5665E-01	0.000
0.5881E-01	0.000
0.6105E-01	0.000
0.6337E-01	0.000
0.6579E-01	0.000
0.6829E-01	0.000
0.7089E-01	0.000
0.7359E-01	0.000
0.7640E-01	0.000
0.7931E-01	0.000
0.8233E-01	0.000
0.8546E-01	0.000
0.8872E-01	0.000
0.9210E-01	0.000
0.9560E-01	0.000
0.9924E-01	0.000
0.1030	0.000
0.1069	0.000
0.1110	0.000
0.1152	0.000
0.1196	0.000
0.1242	0.000
0.1289	0.000
0.1338	0.000
0.1389	0.000
0.1442	0.000
0.1497	0.000
0.1554	0.000
0.1613	0.000
0.1675	0.000
0.1739	0.000
0.1805	0.000
0.1874	0.000
0.1945	0.000
0.2019	0.000
0.2096	0.000
0.2176	0.000
0.2259	0.000
0.2345	0.000
0.2434	0.000
0.2527	0.000
0.2623	0.000
0.2723	0.000
0.2826	0.000
0.2934	0.000
0.3046	0.000
0.3162	0.000
0.3282	0.000
0.3407	0.000
0.3537	0.000
0.3672	0.000
0.3812	0.000
0.3957	0.000
0.4107	0.000
0.4264	0.000
0.4426	0.000
0.4595	0.000
0.4770	0.000
0.4952	0.000
0.5140	0.000
0.5336	0.000
0.5539	0.000
0.5750	0.000
0.5969	0.000
0.6196	0.000
0.6432	0.000
0.6677	0.000
0.6932	0.000
0.7196	0.000
0.7470	0.000
0.7754	0.000
0.8050	0.000
0.8356	0.000
0.8674	0.000
0.9005	0.000
0.9348	0.000
0.9704	0.000
1.007	0.000
1.046	0.000
1.086	0.000
1.127	0.000
1.170	0.000
1.214	0.000
1.261	0.000
1.309	0.000
1.358	0.000
1.410	0.000
1.464	0.000
1.520	0.000
1.578	0.000
1.638	0.000
1.700	0.000
1.765	0.000
1.832	0.000
1.902	0.000
1.974	0.000
2.049	0.000
2.127	0.000
2.208	0.000
2.293	0.000
2.380	0.000
2.470	0.000
2.565	0.000
2.662	0.000
2.764	0.000
2.869	0.000
2.978	0.000
3.092	0.000
3.209	0.000
3.332	0.000
3.458	0.000
3.590	0.000
3.727	0.000
3.869	0.000
4.016	0.000
4.169	0.000
4.328	0.000
4.493	0.000
4.664	0.000
4.841	0.000
5.026	0.000
5.217	0.000
5.416	0.000
5.622	0.000
5.836	0.000
6.059	0.000
6.289	0.000
6.529	0.000
6.778	0.000
7.036	0.000
7.304	0.000
7.582	0.000
7.871	0.000
8.170	0.000
8.482	0.000
8.805	0.000
9.140	0.000
9.488	0.000
9.849	0.000
10.22	0.000
10.61	0.000
11.02	0.000
11.44	0.000
11.87	0.000
12.33	0.000
12.80	0.000
13.28	0.000
13.79	0.000
14.31	0.5205E-31
14.86	0.1320E-30
15.42	0.3238E-30
16.01	0.7681E-30
16.62	0.1766E-29
17.25	0.3937E-29
17.91	0.9929E-29
18.59	0.2121E-28
19.30	0.4415E-28
20.04	0.8962E-28
20.80	0.1776E-27
21.59	0.3437E-27
22.42	0.6507E-27
23.27	0.1212E-26
24.16	0.2199E-26
25.08	0.3912E-26
26.03	0.6828E-26
27.02	0.1170E-25
28.05	0.1969E-25
29.12	0.3256E-25
30.23	0.5307E-25
31.38	0.8491E-25
32.57	0.1338E-24
33.82	0.2075E-24
35.10	0.3172E-24
36.44	0.4778E-24
37.83	0.7099E-24
39.27	0.1041E-23
40.76	0.1506E-23
42.32	0.2149E-23
43.93	0.3029E-23
45.60	0.4216E-23
47.34	0.5798E-23
49.14	0.7885E-23
51.01	0.1059E-22
52.96	0.1408E-22
54.97	0.1851E-22
57.07	0.2407E-22
59.24	0.3099E-22
61.50	0.3951E-22
63.84	0.4988E-22
66.27	0.6239E-22
68.79	0.7733E-22
71.41	0.9504E-22
74.13	0.1158E-21
76.96	0.1401E-21
79.89	0.1680E-21
82.93	0.2001E-21
86.09	0.2366E-21
89.37	0.2779E-21
92.77	0.3243E-21
96.31	0.3761E-21
99.97	0.4336E-21
103.8	0.4971E-21
107.7	0.5668E-21
111.8	0.6432E-21
116.1	0.7263E-21
120.5	0.8164E-21
125.1	0.9136E-21
129.9	0.1018E-20
134.8	0.1131E-20
140.0	0.1251E-20
145.3	0.1378E-20
150.8	0.1514E-20
156.6	0.1658E-20
162.5	0.1811E-20
168.7	0.1972E-20
175.1	0.2141E-20
181.8	0.2319E-20
188.7	0.2506E-20
195.9	0.2701E-20
203.4	0.2905E-20
211.1	0.3118E-20
219.2	0.3341E-20
227.5	0.3572E-20
236.2	0.3812E-20
245.2	0.4062E-20
254.5	0.4321E-20
264.2	0.4588E-20
274.3	0.4865E-20
284.7	0.5151E-20
295.6	0.5445E-20
306.8	0.5749E-20
318.5	0.6061E-20
330.6	0.6382E-20
343.2	0.6712E-20
356.3	0.7050E-20
369.9	0.7395E-20
384.0	0.7749E-20
398.6	0.8110E-20
413.8	0.8478E-20
429.5	0.8853E-20
445.9	0.9234E-20
462.9	0.9620E-20
480.5	0.1001E-19
498.8	0.1041E-19
517.8	0.1081E-19
537.5	0.1121E-19
558.0	0.1162E-19
579.2	0.1203E-19
601.3	0.1244E-19
624.2	0.1285E-19
648.0	0.1326E-19
672.6	0.1366E-19
698.3	0.1407E-19
724.9	0.1447E-19
752.5	0.1487E-19
781.1	0.1526E-19
810.9	0.1564E-19
841.8	0.1602E-19
873.8	0.1639E-19
907.1	0.1675E-19
941.6	0.1710E-19
977.5	0.1744E-19
1015.	0.1776E-19
1053.	0.1807E-19
1094.	0.1837E-19
1135.	0.1865E-19
1178.	0.1892E-19
1223.	0.1917E-19
1270.	0.1940E-19
1318.	0.1962E-19
1368.	0.1982E-19
1421.	0.2000E-19
1475.	0.2016E-19
1531.	0.2030E-19
1589.	0.2042E-19
1650.	0.2052E-19
1712.	0.2060E-19
1778.	0.2066E-19
1845.	0.2070E-19
1916.	0.2072E-19
1989.	0.2072E-19
2064.	0.2070E-19
2143.	0.2066E-19
2225.	0.2060E-19
2309.	0.2052E-19
2397.	0.2042E-19
2489.	0.2029E-19
2583.	0.2015E-19
2682.	0.1999E-19
2784.	0.1980E-19
2890.	0.1960E-19
 
 
E/N (Td)	Townsend attach. coef. eta/N (m2)
0.1000E-02	0.1254E-14
0.1038E-02	0.1222E-14
0.1078E-02	0.1178E-14
0.1119E-02	0.1134E-14
0.1161E-02	0.1093E-14
0.1205E-02	0.1053E-14
0.1251E-02	0.1014E-14
0.1299E-02	0.9768E-15
0.1349E-02	0.9409E-15
0.1400E-02	0.9064E-15
0.1453E-02	0.8732E-15
0.1509E-02	0.8411E-15
0.1566E-02	0.8103E-15
0.1626E-02	0.7805E-15
0.1688E-02	0.7519E-15
0.1752E-02	0.7243E-15
0.1819E-02	0.6977E-15
0.1888E-02	0.6721E-15
0.1960E-02	0.6475E-15
0.2034E-02	0.6237E-15
0.2112E-02	0.6008E-15
0.2192E-02	0.5788E-15
0.2276E-02	0.5576E-15
0.2362E-02	0.5371E-15
0.2452E-02	0.5174E-15
0.2546E-02	0.4984E-15
0.2643E-02	0.4801E-15
0.2743E-02	0.4625E-15
0.2848E-02	0.4455E-15
0.2956E-02	0.4292E-15
0.3069E-02	0.4134E-15
0.3186E-02	0.3983E-15
0.3307E-02	0.3837E-15
0.3433E-02	0.3696E-15
0.3564E-02	0.3560E-15
0.3700E-02	0.3430E-15
0.3841E-02	0.3304E-15
0.3987E-02	0.3183E-15
0.4139E-02	0.3066E-15
0.4296E-02	0.2953E-15
0.4460E-02	0.2845E-15
0.4630E-02	0.2741E-15
0.4806E-02	0.2640E-15
0.4989E-02	0.2543E-15
0.5179E-02	0.2450E-15
0.5377E-02	0.2360E-15
0.5581E-02	0.2273E-15
0.5794E-02	0.2190E-15
0.6015E-02	0.2110E-15
0.6244E-02	0.2032E-15
0.6481E-02	0.1958E-15
0.6728E-02	0.1886E-15
0.6985E-02	0.1817E-15
0.7251E-02	0.1750E-15
0.7527E-02	0.1686E-15
0.7813E-02	0.1624E-15
0.8111E-02	0.1564E-15
0.8420E-02	0.1507E-15
0.8741E-02	0.1452E-15
0.9073E-02	0.1398E-15
0.9419E-02	0.1347E-15
0.9778E-02	0.1298E-15
0.1015E-01	0.1250E-15
0.1054E-01	0.1204E-15
0.1094E-01	0.1160E-15
0.1135E-01	0.1117E-15
0.1179E-01	0.1076E-15
0.1224E-01	0.1037E-15
0.1270E-01	0.9987E-16
0.1319E-01	0.9621E-16
0.1369E-01	0.9267E-16
0.1421E-01	0.8927E-16
0.1475E-01	0.8599E-16
0.1531E-01	0.8284E-16
0.1590E-01	0.7980E-16
0.1650E-01	0.7687E-16
0.1713E-01	0.7404E-16
0.1778E-01	0.7132E-16
0.1846E-01	0.6870E-16
0.1916E-01	0.6618E-16
0.1989E-01	0.6375E-16
0.2065E-01	0.6141E-16
0.2144E-01	0.5915E-16
0.2225E-01	0.5698E-16
0.2310E-01	0.5488E-16
0.2398E-01	0.5287E-16
0.2489E-01	0.5092E-16
0.2584E-01	0.4905E-16
0.2682E-01	0.4725E-16
0.2785E-01	0.4551E-16
0.2891E-01	0.4384E-16
0.3001E-01	0.4222E-16
0.3115E-01	0.4067E-16
0.3234E-01	0.3917E-16
0.3357E-01	0.3773E-16
0.3485E-01	0.3634E-16
0.3617E-01	0.3500E-16
0.3755E-01	0.3371E-16
0.3898E-01	0.3247E-16
0.4047E-01	0.3127E-16
0.4201E-01	0.3012E-16
0.4361E-01	0.2901E-16
0.4527E-01	0.2794E-16
0.4699E-01	0.2690E-16
0.4878E-01	0.2591E-16
0.5064E-01	0.2495E-16
0.5257E-01	0.2403E-16
0.5457E-01	0.2314E-16
0.5665E-01	0.2228E-16
0.5881E-01	0.2146E-16
0.6105E-01	0.2066E-16
0.6337E-01	0.1989E-16
0.6579E-01	0.1915E-16
0.6829E-01	0.1844E-16
0.7089E-01	0.1775E-16
0.7359E-01	0.1709E-16
0.7640E-01	0.1645E-16
0.7931E-01	0.1584E-16
0.8233E-01	0.1525E-16
0.8546E-01	0.1467E-16
0.8872E-01	0.1412E-16
0.9210E-01	0.1359E-16
0.9560E-01	0.1308E-16
0.9924E-01	0.1259E-16
0.1030	0.1211E-16
0.1069	0.1165E-16
0.1110	0.1121E-16
0.1152	0.1078E-16
0.1196	0.1037E-16
0.1242	0.9971E-17
0.1289	0.9588E-17
0.1338	0.9218E-17
0.1389	0.8862E-17
0.1442	0.8518E-17
0.1497	0.8186E-17
0.1554	0.7866E-17
0.1613	0.7557E-17
0.1675	0.7258E-17
0.1739	0.6971E-17
0.1805	0.6693E-17
0.1874	0.6425E-17
0.1945	0.6166E-17
0.2019	0.5917E-17
0.2096	0.5676E-17
0.2176	0.5443E-17
0.2259	0.5219E-17
0.2345	0.5002E-17
0.2434	0.4793E-17
0.2527	0.4592E-17
0.2623	0.4397E-17
0.2723	0.4210E-17
0.2826	0.4029E-17
0.2934	0.3855E-17
0.3046	0.3687E-17
0.3162	0.3525E-17
0.3282	0.3369E-17
0.3407	0.3219E-17
0.3537	0.3074E-17
0.3672	0.2935E-17
0.3812	0.2801E-17
0.3957	0.2672E-17
0.4107	0.2548E-17
0.4264	0.2429E-17
0.4426	0.2315E-17
0.4595	0.2206E-17
0.4770	0.2100E-17
0.4952	0.2000E-17
0.5140	0.1903E-17
0.5336	0.1811E-17
0.5539	0.1722E-17
0.5750	0.1637E-17
0.5969	0.1556E-17
0.6196	0.1479E-17
0.6432	0.1405E-17
0.6677	0.1334E-17
0.6932	0.1266E-17
0.7196	0.1202E-17
0.7470	0.1140E-17
0.7754	0.1082E-17
0.8050	0.1026E-17
0.8356	0.9729E-18
0.8674	0.9223E-18
0.9005	0.8744E-18
0.9348	0.8286E-18
0.9704	0.7850E-18
1.007	0.7436E-18
1.046	0.7043E-18
1.086	0.6669E-18
1.127	0.6314E-18
1.170	0.5977E-18
1.214	0.5658E-18
1.261	0.5355E-18
1.309	0.5068E-18
1.358	0.4796E-18
1.410	0.4538E-18
1.464	0.4294E-18
1.520	0.4064E-18
1.578	0.3846E-18
1.638	0.3639E-18
1.700	0.3443E-18
1.765	0.3259E-18
1.832	0.3084E-18
1.902	0.2919E-18
1.974	0.2763E-18
2.049	0.2616E-18
2.127	0.2478E-18
2.208	0.2347E-18
2.293	0.2224E-18
2.380	0.2108E-18
2.470	0.1998E-18
2.565	0.1895E-18
2.662	0.1798E-18
2.764	0.1706E-18
2.869	0.1620E-18
2.978	0.1539E-18
3.092	0.1463E-18
3.209	0.1392E-18
3.332	0.1324E-18
3.458	0.1261E-18
3.590	0.1201E-18
3.727	0.1145E-18
3.869	0.1093E-18
4.016	0.1043E-18
4.169	0.9970E-19
4.328	0.9535E-19
4.493	0.9126E-19
4.664	0.8743E-19
4.841	0.8383E-19
5.026	0.8049E-19
5.217	0.7733E-19
5.416	0.7436E-19
5.622	0.7158E-19
5.836	0.6898E-19
6.059	0.6653E-19
6.289	0.6425E-19
6.529	0.6210E-19
6.778	0.6009E-19
7.036	0.5823E-19
7.304	0.5645E-19
7.582	0.5478E-19
7.871	0.5322E-19
8.170	0.5174E-19
8.482	0.5034E-19
8.805	0.4902E-19
9.140	0.4776E-19
9.488	0.4657E-19
9.849	0.4544E-19
10.22	0.4435E-19
10.61	0.4330E-19
11.02	0.4230E-19
11.44	0.4133E-19
11.87	0.4038E-19
12.33	0.3947E-19
12.80	0.3858E-19
13.28	0.3771E-19
13.79	0.3685E-19
14.31	0.3602E-19
14.86	0.3520E-19
15.42	0.3440E-19
16.01	0.3360E-19
16.62	0.3282E-19
17.25	0.3206E-19
17.91	0.3129E-19
18.59	0.3054E-19
19.30	0.2981E-19
20.04	0.2908E-19
20.80	0.2836E-19
21.59	0.2765E-19
22.42	0.2695E-19
23.27	0.2626E-19
24.16	0.2558E-19
25.08	0.2490E-19
26.03	0.2423E-19
27.02	0.2357E-19
28.05	0.2291E-19
29.12	0.2226E-19
30.23	0.2162E-19
31.38	0.2098E-19
32.57	0.2035E-19
33.82	0.1972E-19
35.10	0.1910E-19
36.44	0.1848E-19
37.83	0.1787E-19
39.27	0.1726E-19
40.76	0.1666E-19
42.32	0.1606E-19
43.93	0.1547E-19
45.60	0.1488E-19
47.34	0.1430E-19
49.14	0.1373E-19
51.01	0.1317E-19
52.96	0.1262E-19
54.97	0.1207E-19
57.07	0.1154E-19
59.24	0.1102E-19
61.50	0.1051E-19
63.84	0.1001E-19
66.27	0.9532E-20
68.79	0.9064E-20
71.41	0.8612E-20
74.13	0.8174E-20
76.96	0.7753E-20
79.89	0.7347E-20
82.93	0.6958E-20
86.09	0.6584E-20
89.37	0.6226E-20
92.77	0.5885E-20
96.31	0.5558E-20
99.97	0.5247E-20
103.8	0.4951E-20
107.7	0.4669E-20
111.8	0.4402E-20
116.1	0.4147E-20
120.5	0.3906E-20
125.1	0.3677E-20
129.9	0.3460E-20
134.8	0.3255E-20
140.0	0.3060E-20
145.3	0.2876E-20
150.8	0.2702E-20
156.6	0.2538E-20
162.5	0.2383E-20
168.7	0.2236E-20
175.1	0.2097E-20
181.8	0.1966E-20
188.7	0.1843E-20
195.9	0.1726E-20
203.4	0.1616E-20
211.1	0.1513E-20
219.2	0.1415E-20
227.5	0.1323E-20
236.2	0.1237E-20
245.2	0.1156E-20
254.5	0.1079E-20
264.2	0.1007E-20
274.3	0.9397E-21
284.7	0.8760E-21
295.6	0.8165E-21
306.8	0.7606E-21
318.5	0.7083E-21
330.6	0.6591E-21
343.2	0.6131E-21
356.3	0.5699E-21
369.9	0.5295E-21
384.0	0.4917E-21
398.6	0.4564E-21
413.8	0.4234E-21
429.5	0.3925E-21
445.9	0.3637E-21
462.9	0.3369E-21
480.5	0.3118E-21
498.8	0.2884E-21
517.8	0.2666E-21
537.5	0.2463E-21
558.0	0.2274E-21
579.2	0.2098E-21
601.3	0.1935E-21
624.2	0.1783E-21
648.0	0.1643E-21
672.6	0.1512E-21
698.3	0.1391E-21
724.9	0.1279E-21
752.5	0.1175E-21
781.1	0.1079E-21
810.9	0.9899E-22
841.8	0.9079E-22
873.8	0.8320E-22
907.1	0.7622E-22
941.6	0.6979E-22
977.5	0.6388E-22
1015.	0.5843E-22
1053.	0.5337E-22
1094.	0.4876E-22
1135.	0.4453E-22
1178.	0.4065E-22
1223.	0.3709E-22
1270.	0.3383E-22
1318.	0.3083E-22
1368.	0.2807E-22
1421.	0.2556E-22
1475.	0.2326E-22
1531.	0.2116E-22
1589.	0.1925E-22
1650.	0.1751E-22
1712.	0.1591E-22
1778.	0.1445E-22
1845.	0.1310E-22
1916.	0.1189E-22
1989.	0.1077E-22
2064.	0.9764E-23
2143.	0.8847E-23
2225.	0.8018E-23
2309.	0.7257E-23
2397.	0.6564E-23
2489.	0.5936E-23
2583.	0.5363E-23
2682.	0.4842E-23
2784.	0.4368E-23
2890.	0.3938E-23
 
 
E/N (Td)	Power /N (eV m3/s)
0.1000E-02	0.6093E-24
0.1038E-02	0.6527E-24
0.1078E-02	0.7033E-24
0.1119E-02	0.7579E-24
0.1161E-02	0.8167E-24
0.1205E-02	0.8801E-24
0.1251E-02	0.9485E-24
0.1299E-02	0.1022E-23
0.1349E-02	0.1101E-23
0.1400E-02	0.1187E-23
0.1453E-02	0.1279E-23
0.1509E-02	0.1378E-23
0.1566E-02	0.1485E-23
0.1626E-02	0.1601E-23
0.1688E-02	0.1725E-23
0.1752E-02	0.1859E-23
0.1819E-02	0.2003E-23
0.1888E-02	0.2159E-23
0.1960E-02	0.2326E-23
0.2034E-02	0.2507E-23
0.2112E-02	0.2701E-23
0.2192E-02	0.2911E-23
0.2276E-02	0.3137E-23
0.2362E-02	0.3380E-23
0.2452E-02	0.3643E-23
0.2546E-02	0.3925E-23
0.2643E-02	0.4230E-23
0.2743E-02	0.4559E-23
0.2848E-02	0.4912E-23
0.2956E-02	0.5294E-23
0.3069E-02	0.5705E-23
0.3186E-02	0.6147E-23
0.3307E-02	0.6625E-23
0.3433E-02	0.7139E-23
0.3564E-02	0.7693E-23
0.3700E-02	0.8290E-23
0.3841E-02	0.8934E-23
0.3987E-02	0.9627E-23
0.4139E-02	0.1037E-22
0.4296E-02	0.1118E-22
0.4460E-02	0.1205E-22
0.4630E-02	0.1298E-22
0.4806E-02	0.1399E-22
0.4989E-02	0.1508E-22
0.5179E-02	0.1625E-22
0.5377E-02	0.1751E-22
0.5581E-02	0.1887E-22
0.5794E-02	0.2033E-22
0.6015E-02	0.2191E-22
0.6244E-02	0.2361E-22
0.6481E-02	0.2544E-22
0.6728E-02	0.2742E-22
0.6985E-02	0.2955E-22
0.7251E-02	0.3184E-22
0.7527E-02	0.3431E-22
0.7813E-02	0.3698E-22
0.8111E-02	0.3985E-22
0.8420E-02	0.4294E-22
0.8741E-02	0.4627E-22
0.9073E-02	0.4986E-22
0.9419E-02	0.5373E-22
0.9778E-02	0.5791E-22
0.1015E-01	0.6240E-22
0.1054E-01	0.6725E-22
0.1094E-01	0.7247E-22
0.1135E-01	0.7809E-22
0.1179E-01	0.8415E-22
0.1224E-01	0.9069E-22
0.1270E-01	0.9773E-22
0.1319E-01	0.1053E-21
0.1369E-01	0.1135E-21
0.1421E-01	0.1223E-21
0.1475E-01	0.1318E-21
0.1531E-01	0.1420E-21
0.1590E-01	0.1531E-21
0.1650E-01	0.1649E-21
0.1713E-01	0.1777E-21
0.1778E-01	0.1915E-21
0.1846E-01	0.2064E-21
0.1916E-01	0.2224E-21
0.1989E-01	0.2397E-21
0.2065E-01	0.2583E-21
0.2144E-01	0.2784E-21
0.2225E-01	0.3000E-21
0.2310E-01	0.3233E-21
0.2398E-01	0.3484E-21
0.2489E-01	0.3755E-21
0.2584E-01	0.4046E-21
0.2682E-01	0.4361E-21
0.2785E-01	0.4699E-21
0.2891E-01	0.5064E-21
0.3001E-01	0.5458E-21
0.3115E-01	0.5882E-21
0.3234E-01	0.6338E-21
0.3357E-01	0.6831E-21
0.3485E-01	0.7362E-21
0.3617E-01	0.7934E-21
0.3755E-01	0.8550E-21
0.3898E-01	0.9215E-21
0.4047E-01	0.9931E-21
0.4201E-01	0.1070E-20
0.4361E-01	0.1153E-20
0.4527E-01	0.1243E-20
0.4699E-01	0.1340E-20
0.4878E-01	0.1444E-20
0.5064E-01	0.1556E-20
0.5257E-01	0.1677E-20
0.5457E-01	0.1808E-20
0.5665E-01	0.1949E-20
0.5881E-01	0.2100E-20
0.6105E-01	0.2264E-20
0.6337E-01	0.2440E-20
0.6579E-01	0.2630E-20
0.6829E-01	0.2835E-20
0.7089E-01	0.3056E-20
0.7359E-01	0.3294E-20
0.7640E-01	0.3551E-20
0.7931E-01	0.3828E-20
0.8233E-01	0.4127E-20
0.8546E-01	0.4449E-20
0.8872E-01	0.4796E-20
0.9210E-01	0.5171E-20
0.9560E-01	0.5575E-20
0.9924E-01	0.6011E-20
0.1030	0.6481E-20
0.1069	0.6988E-20
0.1110	0.7536E-20
0.1152	0.8126E-20
0.1196	0.8764E-20
0.1242	0.9452E-20
0.1289	0.1019E-19
0.1338	0.1100E-19
0.1389	0.1186E-19
0.1442	0.1280E-19
0.1497	0.1380E-19
0.1554	0.1489E-19
0.1613	0.1607E-19
0.1675	0.1734E-19
0.1739	0.1871E-19
0.1805	0.2020E-19
0.1874	0.2180E-19
0.1945	0.2354E-19
0.2019	0.2541E-19
0.2096	0.2744E-19
0.2176	0.2963E-19
0.2259	0.3200E-19
0.2345	0.3456E-19
0.2434	0.3734E-19
0.2527	0.4034E-19
0.2623	0.4359E-19
0.2723	0.4711E-19
0.2826	0.5092E-19
0.2934	0.5504E-19
0.3046	0.5951E-19
0.3162	0.6435E-19
0.3282	0.6959E-19
0.3407	0.7527E-19
0.3537	0.8143E-19
0.3672	0.8811E-19
0.3812	0.9534E-19
0.3957	0.1032E-18
0.4107	0.1117E-18
0.4264	0.1209E-18
0.4426	0.1309E-18
0.4595	0.1418E-18
0.4770	0.1535E-18
0.4952	0.1663E-18
0.5140	0.1801E-18
0.5336	0.1951E-18
0.5539	0.2114E-18
0.5750	0.2291E-18
0.5969	0.2482E-18
0.6196	0.2690E-18
0.6432	0.2916E-18
0.6677	0.3160E-18
0.6932	0.3425E-18
0.7196	0.3713E-18
0.7470	0.4025E-18
0.7754	0.4364E-18
0.8050	0.4731E-18
0.8356	0.5130E-18
0.8674	0.5561E-18
0.9005	0.6028E-18
0.9348	0.6536E-18
0.9704	0.7087E-18
1.007	0.7684E-18
1.046	0.8331E-18
1.086	0.9033E-18
1.127	0.9793E-18
1.170	0.1062E-17
1.214	0.1151E-17
1.261	0.1248E-17
1.309	0.1353E-17
1.358	0.1467E-17
1.410	0.1590E-17
1.464	0.1723E-17
1.520	0.1868E-17
1.578	0.2024E-17
1.638	0.2193E-17
1.700	0.2377E-17
1.765	0.2575E-17
1.832	0.2790E-17
1.902	0.3022E-17
1.974	0.3274E-17
2.049	0.3546E-17
2.127	0.3841E-17
2.208	0.4159E-17
2.293	0.4503E-17
2.380	0.4875E-17
2.470	0.5278E-17
2.565	0.5712E-17
2.662	0.6182E-17
2.764	0.6690E-17
2.869	0.7239E-17
2.978	0.7831E-17
3.092	0.8471E-17
3.209	0.9163E-17
3.332	0.9909E-17
3.458	0.1071E-16
3.590	0.1158E-16
3.727	0.1252E-16
3.869	0.1354E-16
4.016	0.1463E-16
4.169	0.1581E-16
4.328	0.1708E-16
4.493	0.1845E-16
4.664	0.1993E-16
4.841	0.2152E-16
5.026	0.2323E-16
5.217	0.2508E-16
5.416	0.2707E-16
5.622	0.2921E-16
5.836	0.3152E-16
6.059	0.3401E-16
6.289	0.3668E-16
6.529	0.3956E-16
6.778	0.4266E-16
7.036	0.4596E-16
7.304	0.4955E-16
7.582	0.5340E-16
7.871	0.5754E-16
8.170	0.6199E-16
8.482	0.6678E-16
8.805	0.7193E-16
9.140	0.7747E-16
9.488	0.8342E-16
9.849	0.8982E-16
10.22	0.9671E-16
10.61	0.1041E-15
11.02	0.1121E-15
11.44	0.1207E-15
11.87	0.1299E-15
12.33	0.1399E-15
12.80	0.1506E-15
13.28	0.1622E-15
13.79	0.1746E-15
14.31	0.1880E-15
14.86	0.2025E-15
15.42	0.2181E-15
16.01	0.2350E-15
16.62	0.2531E-15
17.25	0.2727E-15
17.91	0.2939E-15
18.59	0.3167E-15
19.30	0.3413E-15
20.04	0.3679E-15
20.80	0.3965E-15
21.59	0.4275E-15
22.42	0.4609E-15
23.27	0.4969E-15
24.16	0.5358E-15
25.08	0.5778E-15
26.03	0.6231E-15
27.02	0.6720E-15
28.05	0.7248E-15
29.12	0.7818E-15
30.23	0.8432E-15
31.38	0.9095E-15
32.57	0.9811E-15
33.82	0.1058E-14
35.10	0.1142E-14
36.44	0.1231E-14
37.83	0.1328E-14
39.27	0.1432E-14
40.76	0.1545E-14
42.32	0.1666E-14
43.93	0.1797E-14
45.60	0.1938E-14
47.34	0.2090E-14
49.14	0.2253E-14
51.01	0.2430E-14
52.96	0.2619E-14
54.97	0.2824E-14
57.07	0.3044E-14
59.24	0.3281E-14
61.50	0.3535E-14
63.84	0.3810E-14
66.27	0.4105E-14
68.79	0.4424E-14
71.41	0.4766E-14
74.13	0.5134E-14
76.96	0.5531E-14
79.89	0.5958E-14
82.93	0.6418E-14
86.09	0.6912E-14
89.37	0.7445E-14
92.77	0.8019E-14
96.31	0.8636E-14
99.97	0.9301E-14
103.8	0.1002E-13
107.7	0.1079E-13
111.8	0.1162E-13
116.1	0.1252E-13
120.5	0.1348E-13
125.1	0.1452E-13
129.9	0.1564E-13
134.8	0.1684E-13
140.0	0.1814E-13
145.3	0.1955E-13
150.8	0.2106E-13
156.6	0.2268E-13
162.5	0.2444E-13
168.7	0.2633E-13
175.1	0.2837E-13
181.8	0.3057E-13
188.7	0.3294E-13
195.9	0.3550E-13
203.4	0.3826E-13
211.1	0.4123E-13
219.2	0.4444E-13
227.5	0.4791E-13
236.2	0.5164E-13
245.2	0.5567E-13
254.5	0.6002E-13
264.2	0.6471E-13
274.3	0.6977E-13
284.7	0.7524E-13
295.6	0.8113E-13
306.8	0.8749E-13
318.5	0.9436E-13
330.6	0.1018E-12
343.2	0.1098E-12
356.3	0.1184E-12
369.9	0.1277E-12
384.0	0.1378E-12
398.6	0.1487E-12
413.8	0.1605E-12
429.5	0.1731E-12
445.9	0.1868E-12
462.9	0.2016E-12
480.5	0.2176E-12
498.8	0.2349E-12
517.8	0.2535E-12
537.5	0.2737E-12
558.0	0.2954E-12
579.2	0.3190E-12
601.3	0.3444E-12
624.2	0.3718E-12
648.0	0.4014E-12
672.6	0.4334E-12
698.3	0.4680E-12
724.9	0.5053E-12
752.5	0.5457E-12
781.1	0.5892E-12
810.9	0.6363E-12
841.8	0.6870E-12
873.8	0.7419E-12
907.1	0.8011E-12
941.6	0.8649E-12
977.5	0.9338E-12
1015.	0.1008E-11
1053.	0.1089E-11
1094.	0.1175E-11
1135.	0.1269E-11
1178.	0.1369E-11
1223.	0.1478E-11
1270.	0.1595E-11
1318.	0.1721E-11
1368.	0.1857E-11
1421.	0.2004E-11
1475.	0.2162E-11
1531.	0.2333E-11
1589.	0.2516E-11
1650.	0.2714E-11
1712.	0.2927E-11
1778.	0.3157E-11
1845.	0.3405E-11
1916.	0.3672E-11
1989.	0.3959E-11
2064.	0.4268E-11
2143.	0.4602E-11
2225.	0.4961E-11
2309.	0.5348E-11
2397.	0.5766E-11
2489.	0.6219E-11
2583.	0.6705E-11
2682.	0.7230E-11
2784.	0.7796E-11
2890.	0.8406E-11
 
 
E/N (Td)	Elastic power loss /N (eV m3/s)
0.1000E-02	0.1017E-16
0.1038E-02	0.1015E-16
0.1078E-02	0.1015E-16
0.1119E-02	0.1015E-16
0.1161E-02	0.1015E-16
0.1205E-02	0.1015E-16
0.1251E-02	0.1015E-16
0.1299E-02	0.1015E-16
0.1349E-02	0.1015E-16
0.1400E-02	0.1015E-16
0.1453E-02	0.1015E-16
0.1509E-02	0.1015E-16
0.1566E-02	0.1015E-16
0.1626E-02	0.1015E-16
0.1688E-02	0.1015E-16
0.1752E-02	0.1015E-16
0.1819E-02	0.1015E-16
0.1888E-02	0.1015E-16
0.1960E-02	0.1015E-16
0.2034E-02	0.1015E-16
0.2112E-02	0.1015E-16
0.2192E-02	0.1015E-16
0.2276E-02	0.1015E-16
0.2362E-02	0.1015E-16
0.2452E-02	0.1015E-16
0.2546E-02	0.1015E-16
0.2643E-02	0.1015E-16
0.2743E-02	0.1015E-16
0.2848E-02	0.1015E-16
0.2956E-02	0.1015E-16
0.3069E-02	0.1015E-16
0.3186E-02	0.1015E-16
0.3307E-02	0.1015E-16
0.3433E-02	0.1015E-16
0.3564E-02	0.1015E-16
0.3700E-02	0.1015E-16
0.3841E-02	0.1015E-16
0.3987E-02	0.1015E-16
0.4139E-02	0.1015E-16
0.4296E-02	0.1015E-16
0.4460E-02	0.1015E-16
0.4630E-02	0.1015E-16
0.4806E-02	0.1015E-16
0.4989E-02	0.1015E-16
0.5179E-02	0.1015E-16
0.5377E-02	0.1015E-16
0.5581E-02	0.1015E-16
0.5794E-02	0.1015E-16
0.6015E-02	0.1015E-16
0.6244E-02	0.1015E-16
0.6481E-02	0.1015E-16
0.6728E-02	0.1015E-16
0.6985E-02	0.1015E-16
0.7251E-02	0.1015E-16
0.7527E-02	0.1015E-16
0.7813E-02	0.1015E-16
0.8111E-02	0.1015E-16
0.8420E-02	0.1015E-16
0.8741E-02	0.1015E-16
0.9073E-02	0.1015E-16
0.9419E-02	0.1015E-16
0.9778E-02	0.1015E-16
0.1015E-01	0.1015E-16
0.1054E-01	0.1015E-16
0.1094E-01	0.1015E-16
0.1135E-01	0.1015E-16
0.1179E-01	0.1015E-16
0.1224E-01	0.1015E-16
0.1270E-01	0.1015E-16
0.1319E-01	0.1015E-16
0.1369E-01	0.1015E-16
0.1421E-01	0.1015E-16
0.1475E-01	0.1015E-16
0.1531E-01	0.1015E-16
0.1590E-01	0.1015E-16
0.1650E-01	0.1015E-16
0.1713E-01	0.1015E-16
0.1778E-01	0.1015E-16
0.1846E-01	0.1015E-16
0.1916E-01	0.1015E-16
0.1989E-01	0.1015E-16
0.2065E-01	0.1015E-16
0.2144E-01	0.1015E-16
0.2225E-01	0.1015E-16
0.2310E-01	0.1015E-16
0.2398E-01	0.1015E-16
0.2489E-01	0.1015E-16
0.2584E-01	0.1015E-16
0.2682E-01	0.1015E-16
0.2785E-01	0.1015E-16
0.2891E-01	0.1015E-16
0.3001E-01	0.1015E-16
0.3115E-01	0.1015E-16
0.3234E-01	0.1015E-16
0.3357E-01	0.1015E-16
0.3485E-01	0.1015E-16
0.3617E-01	0.1015E-16
0.3755E-01	0.1015E-16
0.3898E-01	0.1015E-16
0.4047E-01	0.1015E-16
0.4201E-01	0.1015E-16
0.4361E-01	0.1015E-16
0.4527E-01	0.1015E-16
0.4699E-01	0.1016E-16
0.4878E-01	0.1016E-16
0.5064E-01	0.1016E-16
0.5257E-01	0.1016E-16
0.5457E-01	0.1016E-16
0.5665E-01	0.1016E-16
0.5881E-01	0.1016E-16
0.6105E-01	0.1016E-16
0.6337E-01	0.1016E-16
0.6579E-01	0.1016E-16
0.6829E-01	0.1016E-16
0.7089E-01	0.1016E-16
0.7359E-01	0.1016E-16
0.7640E-01	0.1017E-16
0.7931E-01	0.1017E-16
0.8233E-01	0.1017E-16
0.8546E-01	0.1017E-16
0.8872E-01	0.1017E-16
0.9210E-01	0.1017E-16
0.9560E-01	0.1017E-16
0.9924E-01	0.1018E-16
0.1030	0.1018E-16
0.1069	0.1018E-16
0.1110	0.1018E-16
0.1152	0.1019E-16
0.1196	0.1019E-16
0.1242	0.1019E-16
0.1289	0.1020E-16
0.1338	0.1020E-16
0.1389	0.1020E-16
0.1442	0.1021E-16
0.1497	0.1021E-16
0.1554	0.1022E-16
0.1613	0.1022E-16
0.1675	0.1023E-16
0.1739	0.1023E-16
0.1805	0.1024E-16
0.1874	0.1024E-16
0.1945	0.1025E-16
0.2019	0.1026E-16
0.2096	0.1026E-16
0.2176	0.1027E-16
0.2259	0.1028E-16
0.2345	0.1029E-16
0.2434	0.1030E-16
0.2527	0.1031E-16
0.2623	0.1032E-16
0.2723	0.1033E-16
0.2826	0.1034E-16
0.2934	0.1036E-16
0.3046	0.1037E-16
0.3162	0.1038E-16
0.3282	0.1040E-16
0.3407	0.1041E-16
0.3537	0.1043E-16
0.3672	0.1044E-16
0.3812	0.1046E-16
0.3957	0.1048E-16
0.4107	0.1050E-16
0.4264	0.1052E-16
0.4426	0.1054E-16
0.4595	0.1056E-16
0.4770	0.1058E-16
0.4952	0.1060E-16
0.5140	0.1062E-16
0.5336	0.1065E-16
0.5539	0.1067E-16
0.5750	0.1070E-16
0.5969	0.1072E-16
0.6196	0.1075E-16
0.6432	0.1078E-16
0.6677	0.1080E-16
0.6932	0.1083E-16
0.7196	0.1086E-16
0.7470	0.1089E-16
0.7754	0.1092E-16
0.8050	0.1095E-16
0.8356	0.1098E-16
0.8674	0.1101E-16
0.9005	0.1105E-16
0.9348	0.1108E-16
0.9704	0.1111E-16
1.007	0.1115E-16
1.046	0.1118E-16
1.086	0.1122E-16
1.127	0.1125E-16
1.170	0.1129E-16
1.214	0.1133E-16
1.261	0.1137E-16
1.309	0.1140E-16
1.358	0.1144E-16
1.410	0.1148E-16
1.464	0.1152E-16
1.520	0.1156E-16
1.578	0.1160E-16
1.638	0.1164E-16
1.700	0.1168E-16
1.765	0.1173E-16
1.832	0.1177E-16
1.902	0.1181E-16
1.974	0.1185E-16
2.049	0.1190E-16
2.127	0.1194E-16
2.208	0.1199E-16
2.293	0.1203E-16
2.380	0.1207E-16
2.470	0.1212E-16
2.565	0.1216E-16
2.662	0.1221E-16
2.764	0.1225E-16
2.869	0.1230E-16
2.978	0.1234E-16
3.092	0.1239E-16
3.209	0.1243E-16
3.332	0.1248E-16
3.458	0.1252E-16
3.590	0.1257E-16
3.727	0.1261E-16
3.869	0.1266E-16
4.016	0.1270E-16
4.169	0.1275E-16
4.328	0.1279E-16
4.493	0.1284E-16
4.664	0.1288E-16
4.841	0.1292E-16
5.026	0.1296E-16
5.217	0.1301E-16
5.416	0.1305E-16
5.622	0.1309E-16
5.836	0.1313E-16
6.059	0.1317E-16
6.289	0.1321E-16
6.529	0.1324E-16
6.778	0.1328E-16
7.036	0.1332E-16
7.304	0.1335E-16
7.582	0.1338E-16
7.871	0.1342E-16
8.170	0.1345E-16
8.482	0.1348E-16
8.805	0.1351E-16
9.140	0.1354E-16
9.488	0.1357E-16
9.849	0.1360E-16
10.22	0.1363E-16
10.61	0.1366E-16
11.02	0.1368E-16
11.44	0.1371E-16
11.87	0.1374E-16
12.33	0.1377E-16
12.80	0.1380E-16
13.28	0.1383E-16
13.79	0.1386E-16
14.31	0.1390E-16
14.86	0.1393E-16
15.42	0.1397E-16
16.01	0.1401E-16
16.62	0.1405E-16
17.25	0.1409E-16
17.91	0.1414E-16
18.59	0.1419E-16
19.30	0.1424E-16
20.04	0.1430E-16
20.80	0.1436E-16
21.59	0.1443E-16
22.42	0.1450E-16
23.27	0.1458E-16
24.16	0.1466E-16
25.08	0.1475E-16
26.03	0.1484E-16
27.02	0.1494E-16
28.05	0.1505E-16
29.12	0.1517E-16
30.23	0.1529E-16
31.38	0.1543E-16
32.57	0.1558E-16
33.82	0.1573E-16
35.10	0.1591E-16
36.44	0.1609E-16
37.83	0.1629E-16
39.27	0.1651E-16
40.76	0.1674E-16
42.32	0.1699E-16
43.93	0.1726E-16
45.60	0.1756E-16
47.34	0.1787E-16
49.14	0.1821E-16
51.01	0.1857E-16
52.96	0.1895E-16
54.97	0.1936E-16
57.07	0.1980E-16
59.24	0.2026E-16
61.50	0.2075E-16
63.84	0.2126E-16
66.27	0.2180E-16
68.79	0.2236E-16
71.41	0.2295E-16
74.13	0.2356E-16
76.96	0.2420E-16
79.89	0.2485E-16
82.93	0.2553E-16
86.09	0.2622E-16
89.37	0.2693E-16
92.77	0.2766E-16
96.31	0.2841E-16
99.97	0.2917E-16
103.8	0.2995E-16
107.7	0.3074E-16
111.8	0.3155E-16
116.1	0.3236E-16
120.5	0.3320E-16
125.1	0.3404E-16
129.9	0.3490E-16
134.8	0.3577E-16
140.0	0.3665E-16
145.3	0.3755E-16
150.8	0.3846E-16
156.6	0.3939E-16
162.5	0.4033E-16
168.7	0.4129E-16
175.1	0.4227E-16
181.8	0.4327E-16
188.7	0.4429E-16
195.9	0.4534E-16
203.4	0.4640E-16
211.1	0.4749E-16
219.2	0.4861E-16
227.5	0.4975E-16
236.2	0.5093E-16
245.2	0.5213E-16
254.5	0.5337E-16
264.2	0.5464E-16
274.3	0.5595E-16
284.7	0.5731E-16
295.6	0.5870E-16
306.8	0.6014E-16
318.5	0.6162E-16
330.6	0.6315E-16
343.2	0.6473E-16
356.3	0.6637E-16
369.9	0.6807E-16
384.0	0.6982E-16
398.6	0.7164E-16
413.8	0.7352E-16
429.5	0.7548E-16
445.9	0.7751E-16
462.9	0.7961E-16
480.5	0.8180E-16
498.8	0.8407E-16
517.8	0.8643E-16
537.5	0.8888E-16
558.0	0.9144E-16
579.2	0.9409E-16
601.3	0.9686E-16
624.2	0.9973E-16
648.0	0.1027E-15
672.6	0.1058E-15
698.3	0.1091E-15
724.9	0.1124E-15
752.5	0.1160E-15
781.1	0.1196E-15
810.9	0.1234E-15
841.8	0.1274E-15
873.8	0.1315E-15
907.1	0.1358E-15
941.6	0.1402E-15
977.5	0.1449E-15
1015.	0.1497E-15
1053.	0.1548E-15
1094.	0.1600E-15
1135.	0.1654E-15
1178.	0.1711E-15
1223.	0.1770E-15
1270.	0.1832E-15
1318.	0.1896E-15
1368.	0.1962E-15
1421.	0.2032E-15
1475.	0.2104E-15
1531.	0.2179E-15
1589.	0.2257E-15
1650.	0.2339E-15
1712.	0.2424E-15
1778.	0.2513E-15
1845.	0.2606E-15
1916.	0.2702E-15
1989.	0.2803E-15
2064.	0.2908E-15
2143.	0.3018E-15
2225.	0.3133E-15
2309.	0.3253E-15
2397.	0.3378E-15
2489.	0.3511E-15
2583.	0.3649E-15
2682.	0.3794E-15
2784.	0.3945E-15
2890.	0.4104E-15
 
 
E/N (Td)	Inelastic power loss /N (eV m3/s)
0.1000E-02	0.1258E-14
0.1038E-02	0.1263E-14
0.1078E-02	0.1263E-14
0.1119E-02	0.1263E-14
0.1161E-02	0.1263E-14
0.1205E-02	0.1263E-14
0.1251E-02	0.1263E-14
0.1299E-02	0.1263E-14
0.1349E-02	0.1263E-14
0.1400E-02	0.1263E-14
0.1453E-02	0.1263E-14
0.1509E-02	0.1263E-14
0.1566E-02	0.1263E-14
0.1626E-02	0.1263E-14
0.1688E-02	0.1263E-14
0.1752E-02	0.1263E-14
0.1819E-02	0.1263E-14
0.1888E-02	0.1263E-14
0.1960E-02	0.1263E-14
0.2034E-02	0.1263E-14
0.2112E-02	0.1263E-14
0.2192E-02	0.1263E-14
0.2276E-02	0.1263E-14
0.2362E-02	0.1263E-14
0.2452E-02	0.1263E-14
0.2546E-02	0.1263E-14
0.2643E-02	0.1263E-14
0.2743E-02	0.1263E-14
0.2848E-02	0.1263E-14
0.2956E-02	0.1263E-14
0.3069E-02	0.1263E-14
0.3186E-02	0.1263E-14
0.3307E-02	0.1263E-14
0.3433E-02	0.1263E-14
0.3564E-02	0.1263E-14
0.3700E-02	0.1263E-14
0.3841E-02	0.1263E-14
0.3987E-02	0.1263E-14
0.4139E-02	0.1263E-14
0.4296E-02	0.1263E-14
0.4460E-02	0.1263E-14
0.4630E-02	0.1263E-14
0.4806E-02	0.1263E-14
0.4989E-02	0.1263E-14
0.5179E-02	0.1263E-14
0.5377E-02	0.1263E-14
0.5581E-02	0.1263E-14
0.5794E-02	0.1263E-14
0.6015E-02	0.1263E-14
0.6244E-02	0.1263E-14
0.6481E-02	0.1263E-14
0.6728E-02	0.1263E-14
0.6985E-02	0.1263E-14
0.7251E-02	0.1263E-14
0.7527E-02	0.1263E-14
0.7813E-02	0.1263E-14
0.8111E-02	0.1263E-14
0.8420E-02	0.1263E-14
0.8741E-02	0.1263E-14
0.9073E-02	0.1263E-14
0.9419E-02	0.1263E-14
0.9778E-02	0.1263E-14
0.1015E-01	0.1263E-14
0.1054E-01	0.1263E-14
0.1094E-01	0.1263E-14
0.1135E-01	0.1263E-14
0.1179E-01	0.1263E-14
0.1224E-01	0.1263E-14
0.1270E-01	0.1263E-14
0.1319E-01	0.1263E-14
0.1369E-01	0.1263E-14
0.1421E-01	0.1263E-14
0.1475E-01	0.1263E-14
0.1531E-01	0.1263E-14
0.1590E-01	0.1263E-14
0.1650E-01	0.1263E-14
0.1713E-01	0.1263E-14
0.1778E-01	0.1263E-14
0.1846E-01	0.1263E-14
0.1916E-01	0.1263E-14
0.1989E-01	0.1263E-14
0.2065E-01	0.1263E-14
0.2144E-01	0.1263E-14
0.2225E-01	0.1263E-14
0.2310E-01	0.1263E-14
0.2398E-01	0.1262E-14
0.2489E-01	0.1262E-14
0.2584E-01	0.1262E-14
0.2682E-01	0.1262E-14
0.2785E-01	0.1262E-14
0.2891E-01	0.1262E-14
0.3001E-01	0.1262E-14
0.3115E-01	0.1262E-14
0.3234E-01	0.1262E-14
0.3357E-01	0.1262E-14
0.3485E-01	0.1262E-14
0.3617E-01	0.1262E-14
0.3755E-01	0.1262E-14
0.3898E-01	0.1262E-14
0.4047E-01	0.1262E-14
0.4201E-01	0.1262E-14
0.4361E-01	0.1262E-14
0.4527E-01	0.1261E-14
0.4699E-01	0.1261E-14
0.4878E-01	0.1261E-14
0.5064E-01	0.1261E-14
0.5257E-01	0.1261E-14
0.5457E-01	0.1261E-14
0.5665E-01	0.1261E-14
0.5881E-01	0.1260E-14
0.6105E-01	0.1260E-14
0.6337E-01	0.1260E-14
0.6579E-01	0.1260E-14
0.6829E-01	0.1260E-14
0.7089E-01	0.1259E-14
0.7359E-01	0.1259E-14
0.7640E-01	0.1259E-14
0.7931E-01	0.1258E-14
0.8233E-01	0.1258E-14
0.8546E-01	0.1258E-14
0.8872E-01	0.1257E-14
0.9210E-01	0.1257E-14
0.9560E-01	0.1257E-14
0.9924E-01	0.1256E-14
0.1030	0.1256E-14
0.1069	0.1255E-14
0.1110	0.1254E-14
0.1152	0.1254E-14
0.1196	0.1253E-14
0.1242	0.1252E-14
0.1289	0.1252E-14
0.1338	0.1251E-14
0.1389	0.1250E-14
0.1442	0.1249E-14
0.1497	0.1248E-14
0.1554	0.1247E-14
0.1613	0.1246E-14
0.1675	0.1244E-14
0.1739	0.1243E-14
0.1805	0.1241E-14
0.1874	0.1240E-14
0.1945	0.1238E-14
0.2019	0.1237E-14
0.2096	0.1235E-14
0.2176	0.1233E-14
0.2259	0.1231E-14
0.2345	0.1229E-14
0.2434	0.1226E-14
0.2527	0.1224E-14
0.2623	0.1221E-14
0.2723	0.1219E-14
0.2826	0.1216E-14
0.2934	0.1213E-14
0.3046	0.1210E-14
0.3162	0.1206E-14
0.3282	0.1203E-14
0.3407	0.1199E-14
0.3537	0.1196E-14
0.3672	0.1192E-14
0.3812	0.1188E-14
0.3957	0.1183E-14
0.4107	0.1179E-14
0.4264	0.1175E-14
0.4426	0.1170E-14
0.4595	0.1165E-14
0.4770	0.1160E-14
0.4952	0.1155E-14
0.5140	0.1150E-14
0.5336	0.1144E-14
0.5539	0.1139E-14
0.5750	0.1133E-14
0.5969	0.1127E-14
0.6196	0.1121E-14
0.6432	0.1115E-14
0.6677	0.1109E-14
0.6932	0.1103E-14
0.7196	0.1096E-14
0.7470	0.1090E-14
0.7754	0.1083E-14
0.8050	0.1076E-14
0.8356	0.1070E-14
0.8674	0.1063E-14
0.9005	0.1056E-14
0.9348	0.1049E-14
0.9704	0.1042E-14
1.007	0.1034E-14
1.046	0.1027E-14
1.086	0.1020E-14
1.127	0.1013E-14
1.170	0.1005E-14
1.214	0.9980E-15
1.261	0.9907E-15
1.309	0.9834E-15
1.358	0.9760E-15
1.410	0.9687E-15
1.464	0.9615E-15
1.520	0.9543E-15
1.578	0.9472E-15
1.638	0.9400E-15
1.700	0.9330E-15
1.765	0.9261E-15
1.832	0.9193E-15
1.902	0.9127E-15
1.974	0.9062E-15
2.049	0.8998E-15
2.127	0.8936E-15
2.208	0.8877E-15
2.293	0.8819E-15
2.380	0.8764E-15
2.470	0.8712E-15
2.565	0.8662E-15
2.662	0.8616E-15
2.764	0.8572E-15
2.869	0.8532E-15
2.978	0.8496E-15
3.092	0.8464E-15
3.209	0.8435E-15
3.332	0.8412E-15
3.458	0.8393E-15
3.590	0.8378E-15
3.727	0.8369E-15
3.869	0.8366E-15
4.016	0.8368E-15
4.169	0.8376E-15
4.328	0.8390E-15
4.493	0.8410E-15
4.664	0.8438E-15
4.841	0.8472E-15
5.026	0.8514E-15
5.217	0.8564E-15
5.416	0.8622E-15
5.622	0.8687E-15
5.836	0.8762E-15
6.059	0.8845E-15
6.289	0.8937E-15
6.529	0.9039E-15
6.778	0.9150E-15
7.036	0.9270E-15
7.304	0.9401E-15
7.582	0.9542E-15
7.871	0.9693E-15
8.170	0.9855E-15
8.482	0.1003E-14
8.805	0.1021E-14
9.140	0.1040E-14
9.488	0.1061E-14
9.849	0.1082E-14
10.22	0.1105E-14
10.61	0.1128E-14
11.02	0.1153E-14
11.44	0.1179E-14
11.87	0.1206E-14
12.33	0.1234E-14
12.80	0.1263E-14
13.28	0.1294E-14
13.79	0.1326E-14
14.31	0.1360E-14
14.86	0.1395E-14
15.42	0.1432E-14
16.01	0.1470E-14
16.62	0.1511E-14
17.25	0.1553E-14
17.91	0.1597E-14
18.59	0.1643E-14
19.30	0.1692E-14
20.04	0.1743E-14
20.80	0.1797E-14
21.59	0.1854E-14
22.42	0.1914E-14
23.27	0.1977E-14
24.16	0.2044E-14
25.08	0.2114E-14
26.03	0.2188E-14
27.02	0.2266E-14
28.05	0.2348E-14
29.12	0.2436E-14
30.23	0.2528E-14
31.38	0.2626E-14
32.57	0.2729E-14
33.82	0.2839E-14
35.10	0.2954E-14
36.44	0.3077E-14
37.83	0.3208E-14
39.27	0.3346E-14
40.76	0.3493E-14
42.32	0.3648E-14
43.93	0.3813E-14
45.60	0.3989E-14
47.34	0.4175E-14
49.14	0.4373E-14
51.01	0.4583E-14
52.96	0.4806E-14
54.97	0.5044E-14
57.07	0.5296E-14
59.24	0.5564E-14
61.50	0.5849E-14
63.84	0.6152E-14
66.27	0.6474E-14
68.79	0.6816E-14
71.41	0.7180E-14
74.13	0.7567E-14
76.96	0.7979E-14
79.89	0.8417E-14
82.93	0.8882E-14
86.09	0.9378E-14
89.37	0.9906E-14
92.77	0.1047E-13
96.31	0.1107E-13
99.97	0.1170E-13
103.8	0.1238E-13
107.7	0.1311E-13
111.8	0.1388E-13
116.1	0.1470E-13
120.5	0.1557E-13
125.1	0.1651E-13
129.9	0.1750E-13
134.8	0.1857E-13
140.0	0.1970E-13
145.3	0.2091E-13
150.8	0.2220E-13
156.6	0.2357E-13
162.5	0.2504E-13
168.7	0.2660E-13
175.1	0.2827E-13
181.8	0.3005E-13
188.7	0.3195E-13
195.9	0.3398E-13
203.4	0.3613E-13
211.1	0.3843E-13
219.2	0.4089E-13
227.5	0.4350E-13
236.2	0.4628E-13
245.2	0.4925E-13
254.5	0.5240E-13
264.2	0.5576E-13
274.3	0.5934E-13
284.7	0.6315E-13
295.6	0.6720E-13
306.8	0.7150E-13
318.5	0.7607E-13
330.6	0.8093E-13
343.2	0.8609E-13
356.3	0.9156E-13
369.9	0.9737E-13
384.0	0.1035E-12
398.6	0.1101E-12
413.8	0.1170E-12
429.5	0.1243E-12
445.9	0.1320E-12
462.9	0.1402E-12
480.5	0.1488E-12
498.8	0.1579E-12
517.8	0.1675E-12
537.5	0.1776E-12
558.0	0.1882E-12
579.2	0.1994E-12
601.3	0.2112E-12
624.2	0.2235E-12
648.0	0.2364E-12
672.6	0.2499E-12
698.3	0.2641E-12
724.9	0.2788E-12
752.5	0.2943E-12
781.1	0.3103E-12
810.9	0.3271E-12
841.8	0.3445E-12
873.8	0.3625E-12
907.1	0.3812E-12
941.6	0.4006E-12
977.5	0.4206E-12
1015.	0.4412E-12
1053.	0.4626E-12
1094.	0.4845E-12
1135.	0.5071E-12
1178.	0.5302E-12
1223.	0.5540E-12
1270.	0.5783E-12
1318.	0.6031E-12
1368.	0.6285E-12
1421.	0.6544E-12
1475.	0.6807E-12
1531.	0.7075E-12
1589.	0.7347E-12
1650.	0.7622E-12
1712.	0.7901E-12
1778.	0.8182E-12
1845.	0.8468E-12
1916.	0.8754E-12
1989.	0.9041E-12
2064.	0.9331E-12
2143.	0.9622E-12
2225.	0.9912E-12
2309.	0.1020E-11
2397.	0.1049E-11
2489.	0.1079E-11
2583.	0.1107E-11
2682.	0.1136E-11
2784.	0.1164E-11
2890.	0.1193E-11
 
 
E/N (Td)	Growth power /N (eV m3/s)
0.1000E-02	-0.1268E-14
0.1038E-02	-0.1273E-14
0.1078E-02	-0.1273E-14
0.1119E-02	-0.1273E-14
0.1161E-02	-0.1273E-14
0.1205E-02	-0.1273E-14
0.1251E-02	-0.1273E-14
0.1299E-02	-0.1273E-14
0.1349E-02	-0.1273E-14
0.1400E-02	-0.1273E-14
0.1453E-02	-0.1273E-14
0.1509E-02	-0.1273E-14
0.1566E-02	-0.1273E-14
0.1626E-02	-0.1273E-14
0.1688E-02	-0.1273E-14
0.1752E-02	-0.1273E-14
0.1819E-02	-0.1273E-14
0.1888E-02	-0.1273E-14
0.1960E-02	-0.1273E-14
0.2034E-02	-0.1273E-14
0.2112E-02	-0.1273E-14
0.2192E-02	-0.1273E-14
0.2276E-02	-0.1273E-14
0.2362E-02	-0.1273E-14
0.2452E-02	-0.1273E-14
0.2546E-02	-0.1273E-14
0.2643E-02	-0.1273E-14
0.2743E-02	-0.1273E-14
0.2848E-02	-0.1273E-14
0.2956E-02	-0.1273E-14
0.3069E-02	-0.1273E-14
0.3186E-02	-0.1273E-14
0.3307E-02	-0.1273E-14
0.3433E-02	-0.1273E-14
0.3564E-02	-0.1273E-14
0.3700E-02	-0.1273E-14
0.3841E-02	-0.1273E-14
0.3987E-02	-0.1273E-14
0.4139E-02	-0.1273E-14
0.4296E-02	-0.1273E-14
0.4460E-02	-0.1273E-14
0.4630E-02	-0.1273E-14
0.4806E-02	-0.1273E-14
0.4989E-02	-0.1273E-14
0.5179E-02	-0.1273E-14
0.5377E-02	-0.1273E-14
0.5581E-02	-0.1273E-14
0.5794E-02	-0.1273E-14
0.6015E-02	-0.1273E-14
0.6244E-02	-0.1273E-14
0.6481E-02	-0.1273E-14
0.6728E-02	-0.1273E-14
0.6985E-02	-0.1273E-14
0.7251E-02	-0.1273E-14
0.7527E-02	-0.1273E-14
0.7813E-02	-0.1273E-14
0.8111E-02	-0.1273E-14
0.8420E-02	-0.1273E-14
0.8741E-02	-0.1273E-14
0.9073E-02	-0.1273E-14
0.9419E-02	-0.1273E-14
0.9778E-02	-0.1273E-14
0.1015E-01	-0.1273E-14
0.1054E-01	-0.1273E-14
0.1094E-01	-0.1273E-14
0.1135E-01	-0.1273E-14
0.1179E-01	-0.1273E-14
0.1224E-01	-0.1273E-14
0.1270E-01	-0.1273E-14
0.1319E-01	-0.1273E-14
0.1369E-01	-0.1273E-14
0.1421E-01	-0.1273E-14
0.1475E-01	-0.1273E-14
0.1531E-01	-0.1273E-14
0.1590E-01	-0.1273E-14
0.1650E-01	-0.1273E-14
0.1713E-01	-0.1273E-14
0.1778E-01	-0.1273E-14
0.1846E-01	-0.1273E-14
0.1916E-01	-0.1273E-14
0.1989E-01	-0.1273E-14
0.2065E-01	-0.1273E-14
0.2144E-01	-0.1273E-14
0.2225E-01	-0.1273E-14
0.2310E-01	-0.1273E-14
0.2398E-01	-0.1273E-14
0.2489E-01	-0.1273E-14
0.2584E-01	-0.1273E-14
0.2682E-01	-0.1272E-14
0.2785E-01	-0.1272E-14
0.2891E-01	-0.1272E-14
0.3001E-01	-0.1272E-14
0.3115E-01	-0.1272E-14
0.3234E-01	-0.1272E-14
0.3357E-01	-0.1272E-14
0.3485E-01	-0.1272E-14
0.3617E-01	-0.1272E-14
0.3755E-01	-0.1272E-14
0.3898E-01	-0.1272E-14
0.4047E-01	-0.1272E-14
0.4201E-01	-0.1272E-14
0.4361E-01	-0.1272E-14
0.4527E-01	-0.1272E-14
0.4699E-01	-0.1271E-14
0.4878E-01	-0.1271E-14
0.5064E-01	-0.1271E-14
0.5257E-01	-0.1271E-14
0.5457E-01	-0.1271E-14
0.5665E-01	-0.1271E-14
0.5881E-01	-0.1271E-14
0.6105E-01	-0.1270E-14
0.6337E-01	-0.1270E-14
0.6579E-01	-0.1270E-14
0.6829E-01	-0.1270E-14
0.7089E-01	-0.1269E-14
0.7359E-01	-0.1269E-14
0.7640E-01	-0.1269E-14
0.7931E-01	-0.1269E-14
0.8233E-01	-0.1268E-14
0.8546E-01	-0.1268E-14
0.8872E-01	-0.1268E-14
0.9210E-01	-0.1267E-14
0.9560E-01	-0.1267E-14
0.9924E-01	-0.1266E-14
0.1030	-0.1266E-14
0.1069	-0.1265E-14
0.1110	-0.1265E-14
0.1152	-0.1264E-14
0.1196	-0.1263E-14
0.1242	-0.1262E-14
0.1289	-0.1262E-14
0.1338	-0.1261E-14
0.1389	-0.1260E-14
0.1442	-0.1259E-14
0.1497	-0.1258E-14
0.1554	-0.1257E-14
0.1613	-0.1256E-14
0.1675	-0.1254E-14
0.1739	-0.1253E-14
0.1805	-0.1252E-14
0.1874	-0.1250E-14
0.1945	-0.1249E-14
0.2019	-0.1247E-14
0.2096	-0.1245E-14
0.2176	-0.1243E-14
0.2259	-0.1241E-14
0.2345	-0.1239E-14
0.2434	-0.1237E-14
0.2527	-0.1234E-14
0.2623	-0.1232E-14
0.2723	-0.1229E-14
0.2826	-0.1226E-14
0.2934	-0.1223E-14
0.3046	-0.1220E-14
0.3162	-0.1217E-14
0.3282	-0.1213E-14
0.3407	-0.1210E-14
0.3537	-0.1206E-14
0.3672	-0.1202E-14
0.3812	-0.1198E-14
0.3957	-0.1194E-14
0.4107	-0.1189E-14
0.4264	-0.1185E-14
0.4426	-0.1180E-14
0.4595	-0.1175E-14
0.4770	-0.1170E-14
0.4952	-0.1165E-14
0.5140	-0.1160E-14
0.5336	-0.1155E-14
0.5539	-0.1149E-14
0.5750	-0.1143E-14
0.5969	-0.1138E-14
0.6196	-0.1132E-14
0.6432	-0.1126E-14
0.6677	-0.1119E-14
0.6932	-0.1113E-14
0.7196	-0.1107E-14
0.7470	-0.1100E-14
0.7754	-0.1094E-14
0.8050	-0.1087E-14
0.8356	-0.1080E-14
0.8674	-0.1073E-14
0.9005	-0.1066E-14
0.9348	-0.1059E-14
0.9704	-0.1052E-14
1.007	-0.1045E-14
1.046	-0.1038E-14
1.086	-0.1030E-14
1.127	-0.1023E-14
1.170	-0.1016E-14
1.214	-0.1008E-14
1.261	-0.1001E-14
1.309	-0.9934E-15
1.358	-0.9860E-15
1.410	-0.9786E-15
1.464	-0.9713E-15
1.520	-0.9640E-15
1.578	-0.9568E-15
1.638	-0.9495E-15
1.700	-0.9424E-15
1.765	-0.9353E-15
1.832	-0.9283E-15
1.902	-0.9215E-15
1.974	-0.9148E-15
2.049	-0.9082E-15
2.127	-0.9018E-15
2.208	-0.8955E-15
2.293	-0.8895E-15
2.380	-0.8836E-15
2.470	-0.8780E-15
2.565	-0.8727E-15
2.662	-0.8676E-15
2.764	-0.8628E-15
2.869	-0.8583E-15
2.978	-0.8541E-15
3.092	-0.8503E-15
3.209	-0.8468E-15
3.332	-0.8438E-15
3.458	-0.8411E-15
3.590	-0.8388E-15
3.727	-0.8370E-15
3.869	-0.8357E-15
4.016	-0.8348E-15
4.169	-0.8345E-15
4.328	-0.8347E-15
4.493	-0.8354E-15
4.664	-0.8368E-15
4.841	-0.8387E-15
5.026	-0.8412E-15
5.217	-0.8443E-15
5.416	-0.8481E-15
5.622	-0.8526E-15
5.836	-0.8578E-15
6.059	-0.8637E-15
6.289	-0.8702E-15
6.529	-0.8776E-15
6.778	-0.8856E-15
7.036	-0.8944E-15
7.304	-0.9039E-15
7.582	-0.9142E-15
7.871	-0.9252E-15
8.170	-0.9370E-15
8.482	-0.9494E-15
8.805	-0.9625E-15
9.140	-0.9763E-15
9.488	-0.9907E-15
9.849	-0.1006E-14
10.22	-0.1021E-14
10.61	-0.1038E-14
11.02	-0.1054E-14
11.44	-0.1072E-14
11.87	-0.1090E-14
12.33	-0.1108E-14
12.80	-0.1127E-14
13.28	-0.1146E-14
13.79	-0.1166E-14
14.31	-0.1186E-14
14.86	-0.1206E-14
15.42	-0.1228E-14
16.01	-0.1249E-14
16.62	-0.1271E-14
17.25	-0.1294E-14
17.91	-0.1317E-14
18.59	-0.1341E-14
19.30	-0.1365E-14
20.04	-0.1390E-14
20.80	-0.1415E-14
21.59	-0.1441E-14
22.42	-0.1468E-14
23.27	-0.1495E-14
24.16	-0.1522E-14
25.08	-0.1551E-14
26.03	-0.1579E-14
27.02	-0.1609E-14
28.05	-0.1639E-14
29.12	-0.1669E-14
30.23	-0.1700E-14
31.38	-0.1732E-14
32.57	-0.1764E-14
33.82	-0.1796E-14
35.10	-0.1829E-14
36.44	-0.1862E-14
37.83	-0.1896E-14
39.27	-0.1930E-14
40.76	-0.1964E-14
42.32	-0.1999E-14
43.93	-0.2034E-14
45.60	-0.2068E-14
47.34	-0.2103E-14
49.14	-0.2138E-14
51.01	-0.2172E-14
52.96	-0.2206E-14
54.97	-0.2240E-14
57.07	-0.2272E-14
59.24	-0.2304E-14
61.50	-0.2334E-14
63.84	-0.2363E-14
66.27	-0.2390E-14
68.79	-0.2415E-14
71.41	-0.2437E-14
74.13	-0.2456E-14
76.96	-0.2472E-14
79.89	-0.2483E-14
82.93	-0.2490E-14
86.09	-0.2492E-14
89.37	-0.2488E-14
92.77	-0.2477E-14
96.31	-0.2458E-14
99.97	-0.2431E-14
103.8	-0.2394E-14
107.7	-0.2347E-14
111.8	-0.2288E-14
116.1	-0.2216E-14
120.5	-0.2128E-14
125.1	-0.2024E-14
129.9	-0.1902E-14
134.8	-0.1759E-14
140.0	-0.1593E-14
145.3	-0.1401E-14
150.8	-0.1181E-14
156.6	-0.9287E-15
162.5	-0.6414E-15
168.7	-0.3148E-15
175.1	0.5546E-16
181.8	0.4743E-15
188.7	0.9476E-15
195.9	0.1481E-14
203.4	0.2080E-14
211.1	0.2754E-14
219.2	0.3511E-14
227.5	0.4359E-14
236.2	0.5309E-14
245.2	0.6373E-14
254.5	0.7561E-14
264.2	0.8890E-14
274.3	0.1037E-13
284.7	0.1203E-13
295.6	0.1388E-13
306.8	0.1593E-13
318.5	0.1823E-13
330.6	0.2078E-13
343.2	0.2362E-13
356.3	0.2679E-13
369.9	0.3031E-13
384.0	0.3422E-13
398.6	0.3858E-13
413.8	0.4342E-13
429.5	0.4880E-13
445.9	0.5477E-13
462.9	0.6140E-13
480.5	0.6875E-13
498.8	0.7691E-13
517.8	0.8596E-13
537.5	0.9599E-13
558.0	0.1071E-12
579.2	0.1195E-12
601.3	0.1331E-12
624.2	0.1482E-12
648.0	0.1649E-12
672.6	0.1834E-12
698.3	0.2038E-12
724.9	0.2264E-12
752.5	0.2514E-12
781.1	0.2788E-12
810.9	0.3092E-12
841.8	0.3426E-12
873.8	0.3794E-12
907.1	0.4199E-12
941.6	0.4644E-12
977.5	0.5133E-12
1015.	0.5670E-12
1053.	0.6262E-12
1094.	0.6908E-12
1135.	0.7616E-12
1178.	0.8392E-12
1223.	0.9240E-12
1270.	0.1017E-11
1318.	0.1118E-11
1368.	0.1229E-11
1421.	0.1350E-11
1475.	0.1482E-11
1531.	0.1626E-11
1589.	0.1782E-11
1650.	0.1953E-11
1712.	0.2138E-11
1778.	0.2340E-11
1845.	0.2560E-11
1916.	0.2798E-11
1989.	0.3056E-11
2064.	0.3337E-11
2143.	0.3642E-11
2225.	0.3972E-11
2309.	0.4331E-11
2397.	0.4720E-11
2489.	0.5144E-11
2583.	0.5601E-11
2682.	0.6098E-11
2784.	0.6635E-11
2890.	0.7218E-11
 
 
E/N (Td)	Maximum energy
0.1000E-02	4.302
0.1038E-02	4.302
0.1078E-02	4.302
0.1119E-02	4.302
0.1161E-02	4.302
0.1205E-02	4.302
0.1251E-02	4.302
0.1299E-02	4.302
0.1349E-02	4.302
0.1400E-02	4.302
0.1453E-02	4.302
0.1509E-02	4.302
0.1566E-02	4.302
0.1626E-02	4.302
0.1688E-02	4.302
0.1752E-02	4.302
0.1819E-02	4.302
0.1888E-02	4.302
0.1960E-02	4.302
0.2034E-02	4.302
0.2112E-02	4.302
0.2192E-02	4.302
0.2276E-02	4.302
0.2362E-02	4.302
0.2452E-02	4.302
0.2546E-02	4.302
0.2643E-02	4.302
0.2743E-02	4.302
0.2848E-02	4.302
0.2956E-02	4.302
0.3069E-02	4.302
0.3186E-02	4.302
0.3307E-02	4.302
0.3433E-02	4.302
0.3564E-02	4.302
0.3700E-02	4.302
0.3841E-02	4.302
0.3987E-02	4.302
0.4139E-02	4.302
0.4296E-02	4.302
0.4460E-02	4.302
0.4630E-02	4.302
0.4806E-02	4.302
0.4989E-02	4.302
0.5179E-02	4.302
0.5377E-02	4.302
0.5581E-02	4.302
0.5794E-02	4.302
0.6015E-02	4.302
0.6244E-02	4.302
0.6481E-02	4.302
0.6728E-02	4.302
0.6985E-02	4.302
0.7251E-02	4.302
0.7527E-02	4.302
0.7813E-02	4.302
0.8111E-02	4.302
0.8420E-02	4.302
0.8741E-02	4.302
0.9073E-02	4.302
0.9419E-02	4.302
0.9778E-02	4.302
0.1015E-01	4.302
0.1054E-01	4.302
0.1094E-01	4.302
0.1135E-01	4.302
0.1179E-01	4.302
0.1224E-01	4.302
0.1270E-01	4.302
0.1319E-01	4.302
0.1369E-01	4.302
0.1421E-01	4.302
0.1475E-01	4.302
0.1531E-01	4.302
0.1590E-01	4.302
0.1650E-01	4.302
0.1713E-01	4.302
0.1778E-01	4.302
0.1846E-01	4.302
0.1916E-01	4.302
0.1989E-01	4.302
0.2065E-01	4.302
0.2144E-01	4.302
0.2225E-01	4.302
0.2310E-01	4.302
0.2398E-01	4.302
0.2489E-01	4.302
0.2584E-01	4.302
0.2682E-01	4.302
0.2785E-01	4.302
0.2891E-01	4.302
0.3001E-01	4.302
0.3115E-01	4.302
0.3234E-01	4.302
0.3357E-01	4.302
0.3485E-01	4.302
0.3617E-01	4.302
0.3755E-01	4.302
0.3898E-01	4.302
0.4047E-01	4.302
0.4201E-01	4.302
0.4361E-01	4.302
0.4527E-01	4.302
0.4699E-01	4.302
0.4878E-01	4.302
0.5064E-01	4.302
0.5257E-01	4.302
0.5457E-01	4.302
0.5665E-01	4.302
0.5881E-01	4.302
0.6105E-01	4.302
0.6337E-01	4.302
0.6579E-01	4.302
0.6829E-01	4.302
0.7089E-01	4.302
0.7359E-01	4.302
0.7640E-01	4.302
0.7931E-01	4.302
0.8233E-01	4.302
0.8546E-01	4.302
0.8872E-01	4.302
0.9210E-01	4.302
0.9560E-01	4.302
0.9924E-01	4.302
0.1030	4.302
0.1069	4.302
0.1110	4.302
0.1152	4.302
0.1196	4.302
0.1242	4.302
0.1289	4.302
0.1338	4.302
0.1389	4.302
0.1442	4.302
0.1497	4.302
0.1554	4.302
0.1613	4.302
0.1675	4.302
0.1739	4.302
0.1805	4.302
0.1874	4.302
0.1945	4.302
0.2019	4.302
0.2096	4.302
0.2176	4.302
0.2259	4.302
0.2345	4.302
0.2434	4.302
0.2527	4.302
0.2623	4.302
0.2723	4.302
0.2826	4.302
0.2934	4.302
0.3046	4.302
0.3162	4.302
0.3282	4.302
0.3407	4.302
0.3537	4.302
0.3672	4.302
0.3812	4.302
0.3957	4.302
0.4107	4.302
0.4264	4.302
0.4426	4.302
0.4595	4.302
0.4770	4.302
0.4952	4.302
0.5140	4.302
0.5336	4.302
0.5539	4.302
0.5750	4.302
0.5969	4.302
0.6196	4.302
0.6432	4.302
0.6677	4.302
0.6932	4.302
0.7196	4.302
0.7470	4.302
0.7754	4.302
0.8050	4.302
0.8356	4.302
0.8674	4.302
0.9005	5.123
0.9348	5.123
0.9704	5.123
1.007	5.123
1.046	5.123
1.086	5.123
1.127	5.123
1.170	5.123
1.214	5.123
1.261	5.123
1.309	5.123
1.358	5.123
1.410	5.123
1.464	5.123
1.520	5.123
1.578	5.123
1.638	5.123
1.700	5.123
1.765	5.123
1.832	5.123
1.902	5.123
1.974	6.102
2.049	6.102
2.127	6.102
2.208	6.102
2.293	6.102
2.380	6.102
2.470	6.102
2.565	6.102
2.662	6.102
2.764	6.102
2.869	6.102
2.978	6.102
3.092	6.102
3.209	6.102
3.332	7.267
3.458	7.267
3.590	7.267
3.727	7.267
3.869	7.267
4.016	7.267
4.169	7.267
4.328	7.267
4.493	7.267
4.664	7.267
4.841	7.267
5.026	8.655
5.217	8.655
5.416	8.655
5.622	8.655
5.836	8.655
6.059	8.655
6.289	8.655
6.529	8.655
6.778	8.655
7.036	10.31
7.304	10.31
7.582	10.31
7.871	10.31
8.170	10.31
8.482	10.31
8.805	10.31
9.140	12.27
9.488	12.27
9.849	12.27
10.22	12.27
10.61	12.27
11.02	12.27
11.44	14.60
11.87	14.60
12.33	14.60
12.80	14.60
13.28	14.60
13.79	14.60
14.31	17.35
14.86	17.35
15.42	17.35
16.01	17.35
16.62	17.35
17.25	17.35
17.91	20.59
18.59	20.59
19.30	20.59
20.04	20.59
20.80	20.59
21.59	20.59
22.42	20.59
23.27	24.43
24.16	24.43
25.08	24.43
26.03	24.43
27.02	24.43
28.05	24.43
29.12	24.43
30.23	28.97
31.38	28.97
32.57	28.97
33.82	28.97
35.10	28.97
36.44	28.97
37.83	28.97
39.27	34.33
40.76	34.33
42.32	34.33
43.93	34.33
45.60	34.33
47.34	34.33
49.14	40.67
51.01	40.67
52.96	40.67
54.97	40.67
57.07	40.67
59.24	40.67
61.50	48.17
63.84	48.17
66.27	48.17
68.79	48.17
71.41	48.17
74.13	48.17
76.96	57.03
79.89	57.03
82.93	57.03
86.09	57.03
89.37	57.03
92.77	67.50
96.31	67.50
99.97	67.50
103.8	67.50
107.7	67.50
111.8	79.88
116.1	79.88
120.5	79.88
125.1	79.88
129.9	79.88
134.8	94.52
140.0	94.52
145.3	94.52
150.8	94.52
156.6	94.52
162.5	111.8
168.7	111.8
175.1	111.8
181.8	111.8
188.7	132.3
195.9	132.3
203.4	132.3
211.1	132.3
219.2	156.4
227.5	156.4
236.2	156.4
245.2	185.0
254.5	185.0
264.2	185.0
274.3	185.0
284.7	218.8
295.6	218.8
306.8	218.8
318.5	258.7
330.6	258.7
343.2	258.7
356.3	305.9
369.9	305.9
384.0	305.9
398.6	361.7
413.8	361.7
429.5	361.7
445.9	427.6
462.9	427.6
480.5	427.6
498.8	505.6
517.8	505.6
537.5	505.6
558.0	597.7
579.2	597.7
601.3	706.6
624.2	706.6
648.0	706.6
672.6	835.4
698.3	835.4
724.9	835.4
752.5	987.6
781.1	987.6
810.9	1167.
841.8	1167.
873.8	1380.
907.1	1380.
941.6	1380.
977.5	1631.
1015.	1631.
1053.	1929.
1094.	1929.
1135.	1929.
1178.	2280.
1223.	2280.
1270.	2695.
1318.	2695.
1368.	3186.
1421.	3186.
1475.	3186.
1531.	3766.
1589.	3766.
1650.	4452.
1712.	4452.
1778.	4452.
1845.	5262.
1916.	5262.
1989.	6221.
2064.	6221.
2143.	6221.
2225.	7353.
2309.	7353.
2397.	7353.
2489.	8692.
2583.	8692.
2682.	0.1000E+05
2784.	0.1000E+05
2890.	0.1000E+05
 
 
E/N (Td)	# of iterations
0.1000E-02	388.0
0.1038E-02	129.0
0.1078E-02	129.0
0.1119E-02	129.0
0.1161E-02	129.0
0.1205E-02	129.0
0.1251E-02	129.0
0.1299E-02	129.0
0.1349E-02	129.0
0.1400E-02	129.0
0.1453E-02	129.0
0.1509E-02	129.0
0.1566E-02	129.0
0.1626E-02	129.0
0.1688E-02	129.0
0.1752E-02	129.0
0.1819E-02	129.0
0.1888E-02	129.0
0.1960E-02	129.0
0.2034E-02	129.0
0.2112E-02	129.0
0.2192E-02	129.0
0.2276E-02	129.0
0.2362E-02	129.0
0.2452E-02	129.0
0.2546E-02	129.0
0.2643E-02	129.0
0.2743E-02	129.0
0.2848E-02	129.0
0.2956E-02	129.0
0.3069E-02	129.0
0.3186E-02	129.0
0.3307E-02	129.0
0.3433E-02	129.0
0.3564E-02	129.0
0.3700E-02	129.0
0.3841E-02	129.0
0.3987E-02	129.0
0.4139E-02	129.0
0.4296E-02	129.0
0.4460E-02	129.0
0.4630E-02	129.0
0.4806E-02	129.0
0.4989E-02	129.0
0.5179E-02	129.0
0.5377E-02	129.0
0.5581E-02	129.0
0.5794E-02	129.0
0.6015E-02	129.0
0.6244E-02	129.0
0.6481E-02	129.0
0.6728E-02	129.0
0.6985E-02	129.0
0.7251E-02	129.0
0.7527E-02	129.0
0.7813E-02	129.0
0.8111E-02	129.0
0.8420E-02	129.0
0.8741E-02	129.0
0.9073E-02	129.0
0.9419E-02	129.0
0.9778E-02	129.0
0.1015E-01	129.0
0.1054E-01	129.0
0.1094E-01	129.0
0.1135E-01	129.0
0.1179E-01	129.0
0.1224E-01	129.0
0.1270E-01	129.0
0.1319E-01	129.0
0.1369E-01	129.0
0.1421E-01	129.0
0.1475E-01	129.0
0.1531E-01	129.0
0.1590E-01	129.0
0.1650E-01	129.0
0.1713E-01	129.0
0.1778E-01	129.0
0.1846E-01	129.0
0.1916E-01	129.0
0.1989E-01	129.0
0.2065E-01	129.0
0.2144E-01	129.0
0.2225E-01	129.0
0.2310E-01	129.0
0.2398E-01	129.0
0.2489E-01	129.0
0.2584E-01	129.0
0.2682E-01	129.0
0.2785E-01	129.0
0.2891E-01	129.0
0.3001E-01	129.0
0.3115E-01	129.0
0.3234E-01	129.0
0.3357E-01	129.0
0.3485E-01	129.0
0.3617E-01	129.0
0.3755E-01	129.0
0.3898E-01	129.0
0.4047E-01	129.0
0.4201E-01	129.0
0.4361E-01	128.0
0.4527E-01	128.0
0.4699E-01	128.0
0.4878E-01	128.0
0.5064E-01	128.0
0.5257E-01	128.0
0.5457E-01	128.0
0.5665E-01	128.0
0.5881E-01	128.0
0.6105E-01	128.0
0.6337E-01	128.0
0.6579E-01	128.0
0.6829E-01	128.0
0.7089E-01	127.0
0.7359E-01	127.0
0.7640E-01	127.0
0.7931E-01	127.0
0.8233E-01	127.0
0.8546E-01	127.0
0.8872E-01	126.0
0.9210E-01	126.0
0.9560E-01	126.0
0.9924E-01	126.0
0.1030	126.0
0.1069	125.0
0.1110	125.0
0.1152	125.0
0.1196	124.0
0.1242	124.0
0.1289	124.0
0.1338	123.0
0.1389	123.0
0.1442	122.0
0.1497	122.0
0.1554	121.0
0.1613	121.0
0.1675	120.0
0.1739	120.0
0.1805	119.0
0.1874	118.0
0.1945	117.0
0.2019	117.0
0.2096	116.0
0.2176	115.0
0.2259	114.0
0.2345	113.0
0.2434	112.0
0.2527	111.0
0.2623	109.0
0.2723	108.0
0.2826	107.0
0.2934	106.0
0.3046	104.0
0.3162	103.0
0.3282	101.0
0.3407	100.0
0.3537	98.00
0.3672	97.00
0.3812	95.00
0.3957	93.00
0.4107	91.00
0.4264	90.00
0.4426	88.00
0.4595	86.00
0.4770	84.00
0.4952	82.00
0.5140	80.00
0.5336	78.00
0.5539	76.00
0.5750	74.00
0.5969	72.00
0.6196	71.00
0.6432	69.00
0.6677	67.00
0.6932	65.00
0.7196	63.00
0.7470	61.00
0.7754	59.00
0.8050	57.00
0.8356	55.00
0.8674	53.00
0.9005	104.0
0.9348	52.00
0.9704	50.00
1.007	48.00
1.046	47.00
1.086	45.00
1.127	43.00
1.170	41.00
1.214	40.00
1.261	38.00
1.309	36.00
1.358	34.00
1.410	32.00
1.464	30.00
1.520	26.00
1.578	24.00
1.638	27.00
1.700	28.00
1.765	29.00
1.832	29.00
1.902	29.00
1.974	53.00
2.049	25.00
2.127	25.00
2.208	25.00
2.293	25.00
2.380	25.00
2.470	25.00
2.565	24.00
2.662	24.00
2.764	24.00
2.869	23.00
2.978	23.00
3.092	23.00
3.209	22.00
3.332	43.00
3.458	21.00
3.590	20.00
3.727	20.00
3.869	20.00
4.016	20.00
4.169	19.00
4.328	19.00
4.493	19.00
4.664	18.00
4.841	18.00
5.026	35.00
5.217	17.00
5.416	17.00
5.622	17.00
5.836	17.00
6.059	16.00
6.289	16.00
6.529	16.00
6.778	16.00
7.036	31.00
7.304	15.00
7.582	15.00
7.871	15.00
8.170	15.00
8.482	14.00
8.805	14.00
9.140	28.00
9.488	14.00
9.849	14.00
10.22	13.00
10.61	13.00
11.02	13.00
11.44	26.00
11.87	13.00
12.33	13.00
12.80	12.00
13.28	12.00
13.79	12.00
14.31	24.00
14.86	12.00
15.42	12.00
16.01	12.00
16.62	12.00
17.25	11.00
17.91	22.00
18.59	11.00
19.30	11.00
20.04	11.00
20.80	11.00
21.59	11.00
22.42	11.00
23.27	21.00
24.16	10.00
25.08	10.00
26.03	10.00
27.02	10.00
28.05	10.00
29.12	10.00
30.23	19.00
31.38	9.000
32.57	9.000
33.82	9.000
35.10	9.000
36.44	9.000
37.83	9.000
39.27	18.00
40.76	9.000
42.32	9.000
43.93	9.000
45.60	9.000
47.34	9.000
49.14	17.00
51.01	8.000
52.96	8.000
54.97	8.000
57.07	8.000
59.24	8.000
61.50	16.00
63.84	8.000
66.27	8.000
68.79	8.000
71.41	8.000
74.13	7.000
76.96	14.00
79.89	7.000
82.93	7.000
86.09	7.000
89.37	7.000
92.77	13.00
96.31	6.000
99.97	6.000
103.8	6.000
107.7	6.000
111.8	12.00
116.1	5.000
120.5	5.000
125.1	5.000
129.9	5.000
134.8	10.00
140.0	5.000
145.3	5.000
150.8	5.000
156.6	5.000
162.5	10.00
168.7	5.000
175.1	5.000
181.8	5.000
188.7	10.00
195.9	5.000
203.4	5.000
211.1	5.000
219.2	10.00
227.5	5.000
236.2	5.000
245.2	11.00
254.5	6.000
264.2	6.000
274.3	6.000
284.7	12.00
295.6	6.000
306.8	6.000
318.5	12.00
330.6	6.000
343.2	6.000
356.3	12.00
369.9	6.000
384.0	6.000
398.6	13.00
413.8	7.000
429.5	7.000
445.9	14.00
462.9	7.000
480.5	7.000
498.8	14.00
517.8	7.000
537.5	7.000
558.0	14.00
579.2	7.000
601.3	15.00
624.2	8.000
648.0	8.000
672.6	16.00
698.3	8.000
724.9	8.000
752.5	16.00
781.1	8.000
810.9	16.00
841.8	8.000
873.8	17.00
907.1	9.000
941.6	9.000
977.5	19.00
1015.	10.00
1053.	20.00
1094.	10.00
1135.	10.00
1178.	20.00
1223.	10.00
1270.	21.00
1318.	11.00
1368.	22.00
1421.	11.00
1475.	11.00
1531.	22.00
1589.	11.00
1650.	22.00
1712.	11.00
1778.	11.00
1845.	22.00
1916.	11.00
1989.	21.00
2064.	10.00
2143.	10.00
2225.	20.00
2309.	10.00
2397.	10.00
2489.	21.00
2583.	11.00
2682.	22.00
2784.	11.00
2890.	11.00
 
 
E/N (Td)	# of grid trials
0.1000E-02	3.000
0.1038E-02	1.000
0.1078E-02	1.000
0.1119E-02	1.000
0.1161E-02	1.000
0.1205E-02	1.000
0.1251E-02	1.000
0.1299E-02	1.000
0.1349E-02	1.000
0.1400E-02	1.000
0.1453E-02	1.000
0.1509E-02	1.000
0.1566E-02	1.000
0.1626E-02	1.000
0.1688E-02	1.000
0.1752E-02	1.000
0.1819E-02	1.000
0.1888E-02	1.000
0.1960E-02	1.000
0.2034E-02	1.000
0.2112E-02	1.000
0.2192E-02	1.000
0.2276E-02	1.000
0.2362E-02	1.000
0.2452E-02	1.000
0.2546E-02	1.000
0.2643E-02	1.000
0.2743E-02	1.000
0.2848E-02	1.000
0.2956E-02	1.000
0.3069E-02	1.000
0.3186E-02	1.000
0.3307E-02	1.000
0.3433E-02	1.000
0.3564E-02	1.000
0.3700E-02	1.000
0.3841E-02	1.000
0.3987E-02	1.000
0.4139E-02	1.000
0.4296E-02	1.000
0.4460E-02	1.000
0.4630E-02	1.000
0.4806E-02	1.000
0.4989E-02	1.000
0.5179E-02	1.000
0.5377E-02	1.000
0.5581E-02	1.000
0.5794E-02	1.000
0.6015E-02	1.000
0.6244E-02	1.000
0.6481E-02	1.000
0.6728E-02	1.000
0.6985E-02	1.000
0.7251E-02	1.000
0.7527E-02	1.000
0.7813E-02	1.000
0.8111E-02	1.000
0.8420E-02	1.000
0.8741E-02	1.000
0.9073E-02	1.000
0.9419E-02	1.000
0.9778E-02	1.000
0.1015E-01	1.000
0.1054E-01	1.000
0.1094E-01	1.000
0.1135E-01	1.000
0.1179E-01	1.000
0.1224E-01	1.000
0.1270E-01	1.000
0.1319E-01	1.000
0.1369E-01	1.000
0.1421E-01	1.000
0.1475E-01	1.000
0.1531E-01	1.000
0.1590E-01	1.000
0.1650E-01	1.000
0.1713E-01	1.000
0.1778E-01	1.000
0.1846E-01	1.000
0.1916E-01	1.000
0.1989E-01	1.000
0.2065E-01	1.000
0.2144E-01	1.000
0.2225E-01	1.000
0.2310E-01	1.000
0.2398E-01	1.000
0.2489E-01	1.000
0.2584E-01	1.000
0.2682E-01	1.000
0.2785E-01	1.000
0.2891E-01	1.000
0.3001E-01	1.000
0.3115E-01	1.000
0.3234E-01	1.000
0.3357E-01	1.000
0.3485E-01	1.000
0.3617E-01	1.000
0.3755E-01	1.000
0.3898E-01	1.000
0.4047E-01	1.000
0.4201E-01	1.000
0.4361E-01	1.000
0.4527E-01	1.000
0.4699E-01	1.000
0.4878E-01	1.000
0.5064E-01	1.000
0.5257E-01	1.000
0.5457E-01	1.000
0.5665E-01	1.000
0.5881E-01	1.000
0.6105E-01	1.000
0.6337E-01	1.000
0.6579E-01	1.000
0.6829E-01	1.000
0.7089E-01	1.000
0.7359E-01	1.000
0.7640E-01	1.000
0.7931E-01	1.000
0.8233E-01	1.000
0.8546E-01	1.000
0.8872E-01	1.000
0.9210E-01	1.000
0.9560E-01	1.000
0.9924E-01	1.000
0.1030	1.000
0.1069	1.000
0.1110	1.000
0.1152	1.000
0.1196	1.000
0.1242	1.000
0.1289	1.000
0.1338	1.000
0.1389	1.000
0.1442	1.000
0.1497	1.000
0.1554	1.000
0.1613	1.000
0.1675	1.000
0.1739	1.000
0.1805	1.000
0.1874	1.000
0.1945	1.000
0.2019	1.000
0.2096	1.000
0.2176	1.000
0.2259	1.000
0.2345	1.000
0.2434	1.000
0.2527	1.000
0.2623	1.000
0.2723	1.000
0.2826	1.000
0.2934	1.000
0.3046	1.000
0.3162	1.000
0.3282	1.000
0.3407	1.000
0.3537	1.000
0.3672	1.000
0.3812	1.000
0.3957	1.000
0.4107	1.000
0.4264	1.000
0.4426	1.000
0.4595	1.000
0.4770	1.000
0.4952	1.000
0.5140	1.000
0.5336	1.000
0.5539	1.000
0.5750	1.000
0.5969	1.000
0.6196	1.000
0.6432	1.000
0.6677	1.000
0.6932	1.000
0.7196	1.000
0.7470	1.000
0.7754	1.000
0.8050	1.000
0.8356	1.000
0.8674	1.000
0.9005	2.000
0.9348	1.000
0.9704	1.000
1.007	1.000
1.046	1.000
1.086	1.000
1.127	1.000
1.170	1.000
1.214	1.000
1.261	1.000
1.309	1.000
1.358	1.000
1.410	1.000
1.464	1.000
1.520	1.000
1.578	1.000
1.638	1.000
1.700	1.000
1.765	1.000
1.832	1.000
1.902	1.000
1.974	2.000
2.049	1.000
2.127	1.000
2.208	1.000
2.293	1.000
2.380	1.000
2.470	1.000
2.565	1.000
2.662	1.000
2.764	1.000
2.869	1.000
2.978	1.000
3.092	1.000
3.209	1.000
3.332	2.000
3.458	1.000
3.590	1.000
3.727	1.000
3.869	1.000
4.016	1.000
4.169	1.000
4.328	1.000
4.493	1.000
4.664	1.000
4.841	1.000
5.026	2.000
5.217	1.000
5.416	1.000
5.622	1.000
5.836	1.000
6.059	1.000
6.289	1.000
6.529	1.000
6.778	1.000
7.036	2.000
7.304	1.000
7.582	1.000
7.871	1.000
8.170	1.000
8.482	1.000
8.805	1.000
9.140	2.000
9.488	1.000
9.849	1.000
10.22	1.000
10.61	1.000
11.02	1.000
11.44	2.000
11.87	1.000
12.33	1.000
12.80	1.000
13.28	1.000
13.79	1.000
14.31	2.000
14.86	1.000
15.42	1.000
16.01	1.000
16.62	1.000
17.25	1.000
17.91	2.000
18.59	1.000
19.30	1.000
20.04	1.000
20.80	1.000
21.59	1.000
22.42	1.000
23.27	2.000
24.16	1.000
25.08	1.000
26.03	1.000
27.02	1.000
28.05	1.000
29.12	1.000
30.23	2.000
31.38	1.000
32.57	1.000
33.82	1.000
35.10	1.000
36.44	1.000
37.83	1.000
39.27	2.000
40.76	1.000
42.32	1.000
43.93	1.000
45.60	1.000
47.34	1.000
49.14	2.000
51.01	1.000
52.96	1.000
54.97	1.000
57.07	1.000
59.24	1.000
61.50	2.000
63.84	1.000
66.27	1.000
68.79	1.000
71.41	1.000
74.13	1.000
76.96	2.000
79.89	1.000
82.93	1.000
86.09	1.000
89.37	1.000
92.77	2.000
96.31	1.000
99.97	1.000
103.8	1.000
107.7	1.000
111.8	2.000
116.1	1.000
120.5	1.000
125.1	1.000
129.9	1.000
134.8	2.000
140.0	1.000
145.3	1.000
150.8	1.000
156.6	1.000
162.5	2.000
168.7	1.000
175.1	1.000
181.8	1.000
188.7	2.000
195.9	1.000
203.4	1.000
211.1	1.000
219.2	2.000
227.5	1.000
236.2	1.000
245.2	2.000
254.5	1.000
264.2	1.000
274.3	1.000
284.7	2.000
295.6	1.000
306.8	1.000
318.5	2.000
330.6	1.000
343.2	1.000
356.3	2.000
369.9	1.000
384.0	1.000
398.6	2.000
413.8	1.000
429.5	1.000
445.9	2.000
462.9	1.000
480.5	1.000
498.8	2.000
517.8	1.000
537.5	1.000
558.0	2.000
579.2	1.000
601.3	2.000
624.2	1.000
648.0	1.000
672.6	2.000
698.3	1.000
724.9	1.000
752.5	2.000
781.1	1.000
810.9	2.000
841.8	1.000
873.8	2.000
907.1	1.000
941.6	1.000
977.5	2.000
1015.	1.000
1053.	2.000
1094.	1.000
1135.	1.000
1178.	2.000
1223.	1.000
1270.	2.000
1318.	1.000
1368.	2.000
1421.	1.000
1475.	1.000
1531.	2.000
1589.	1.000
1650.	2.000
1712.	1.000
1778.	1.000
1845.	2.000
1916.	1.000
1989.	2.000
2064.	1.000
2143.	1.000
2225.	2.000
2309.	1.000
2397.	1.000
2489.	2.000
2583.	1.000
2682.	2.000
2784.	1.000
2890.	1.000
 
 
C1    F2    Attachment                                          
E/N (Td)	Rate coefficient (m3/s)
0.1000E-02	0.7639E-15
0.1038E-02	0.7685E-15
0.1078E-02	0.7685E-15
0.1119E-02	0.7685E-15
0.1161E-02	0.7685E-15
0.1205E-02	0.7685E-15
0.1251E-02	0.7685E-15
0.1299E-02	0.7685E-15
0.1349E-02	0.7685E-15
0.1400E-02	0.7685E-15
0.1453E-02	0.7685E-15
0.1509E-02	0.7685E-15
0.1566E-02	0.7685E-15
0.1626E-02	0.7685E-15
0.1688E-02	0.7685E-15
0.1752E-02	0.7685E-15
0.1819E-02	0.7685E-15
0.1888E-02	0.7685E-15
0.1960E-02	0.7685E-15
0.2034E-02	0.7685E-15
0.2112E-02	0.7685E-15
0.2192E-02	0.7685E-15
0.2276E-02	0.7685E-15
0.2362E-02	0.7685E-15
0.2452E-02	0.7685E-15
0.2546E-02	0.7685E-15
0.2643E-02	0.7685E-15
0.2743E-02	0.7685E-15
0.2848E-02	0.7685E-15
0.2956E-02	0.7685E-15
0.3069E-02	0.7685E-15
0.3186E-02	0.7685E-15
0.3307E-02	0.7685E-15
0.3433E-02	0.7685E-15
0.3564E-02	0.7685E-15
0.3700E-02	0.7685E-15
0.3841E-02	0.7685E-15
0.3987E-02	0.7685E-15
0.4139E-02	0.7685E-15
0.4296E-02	0.7685E-15
0.4460E-02	0.7685E-15
0.4630E-02	0.7685E-15
0.4806E-02	0.7685E-15
0.4989E-02	0.7685E-15
0.5179E-02	0.7685E-15
0.5377E-02	0.7685E-15
0.5581E-02	0.7685E-15
0.5794E-02	0.7685E-15
0.6015E-02	0.7685E-15
0.6244E-02	0.7685E-15
0.6481E-02	0.7685E-15
0.6728E-02	0.7685E-15
0.6985E-02	0.7685E-15
0.7251E-02	0.7685E-15
0.7527E-02	0.7685E-15
0.7813E-02	0.7685E-15
0.8111E-02	0.7685E-15
0.8420E-02	0.7685E-15
0.8741E-02	0.7685E-15
0.9073E-02	0.7685E-15
0.9419E-02	0.7685E-15
0.9778E-02	0.7685E-15
0.1015E-01	0.7684E-15
0.1054E-01	0.7684E-15
0.1094E-01	0.7684E-15
0.1135E-01	0.7684E-15
0.1179E-01	0.7684E-15
0.1224E-01	0.7684E-15
0.1270E-01	0.7684E-15
0.1319E-01	0.7684E-15
0.1369E-01	0.7684E-15
0.1421E-01	0.7684E-15
0.1475E-01	0.7684E-15
0.1531E-01	0.7684E-15
0.1590E-01	0.7684E-15
0.1650E-01	0.7683E-15
0.1713E-01	0.7683E-15
0.1778E-01	0.7683E-15
0.1846E-01	0.7683E-15
0.1916E-01	0.7683E-15
0.1989E-01	0.7683E-15
0.2065E-01	0.7682E-15
0.2144E-01	0.7682E-15
0.2225E-01	0.7682E-15
0.2310E-01	0.7682E-15
0.2398E-01	0.7681E-15
0.2489E-01	0.7681E-15
0.2584E-01	0.7681E-15
0.2682E-01	0.7680E-15
0.2785E-01	0.7680E-15
0.2891E-01	0.7680E-15
0.3001E-01	0.7679E-15
0.3115E-01	0.7679E-15
0.3234E-01	0.7678E-15
0.3357E-01	0.7678E-15
0.3485E-01	0.7677E-15
0.3617E-01	0.7677E-15
0.3755E-01	0.7676E-15
0.3898E-01	0.7675E-15
0.4047E-01	0.7675E-15
0.4201E-01	0.7674E-15
0.4361E-01	0.7673E-15
0.4527E-01	0.7672E-15
0.4699E-01	0.7671E-15
0.4878E-01	0.7670E-15
0.5064E-01	0.7668E-15
0.5257E-01	0.7667E-15
0.5457E-01	0.7666E-15
0.5665E-01	0.7664E-15
0.5881E-01	0.7663E-15
0.6105E-01	0.7661E-15
0.6337E-01	0.7659E-15
0.6579E-01	0.7657E-15
0.6829E-01	0.7655E-15
0.7089E-01	0.7653E-15
0.7359E-01	0.7650E-15
0.7640E-01	0.7648E-15
0.7931E-01	0.7645E-15
0.8233E-01	0.7642E-15
0.8546E-01	0.7638E-15
0.8872E-01	0.7635E-15
0.9210E-01	0.7631E-15
0.9560E-01	0.7627E-15
0.9924E-01	0.7623E-15
0.1030	0.7618E-15
0.1069	0.7613E-15
0.1110	0.7607E-15
0.1152	0.7602E-15
0.1196	0.7595E-15
0.1242	0.7589E-15
0.1289	0.7581E-15
0.1338	0.7574E-15
0.1389	0.7566E-15
0.1442	0.7557E-15
0.1497	0.7547E-15
0.1554	0.7537E-15
0.1613	0.7527E-15
0.1675	0.7515E-15
0.1739	0.7503E-15
0.1805	0.7490E-15
0.1874	0.7476E-15
0.1945	0.7462E-15
0.2019	0.7446E-15
0.2096	0.7430E-15
0.2176	0.7412E-15
0.2259	0.7393E-15
0.2345	0.7374E-15
0.2434	0.7353E-15
0.2527	0.7331E-15
0.2623	0.7308E-15
0.2723	0.7284E-15
0.2826	0.7258E-15
0.2934	0.7231E-15
0.3046	0.7203E-15
0.3162	0.7174E-15
0.3282	0.7143E-15
0.3407	0.7111E-15
0.3537	0.7077E-15
0.3672	0.7042E-15
0.3812	0.7006E-15
0.3957	0.6968E-15
0.4107	0.6929E-15
0.4264	0.6889E-15
0.4426	0.6847E-15
0.4595	0.6805E-15
0.4770	0.6760E-15
0.4952	0.6715E-15
0.5140	0.6669E-15
0.5336	0.6621E-15
0.5539	0.6572E-15
0.5750	0.6522E-15
0.5969	0.6471E-15
0.6196	0.6419E-15
0.6432	0.6366E-15
0.6677	0.6312E-15
0.6932	0.6258E-15
0.7196	0.6202E-15
0.7470	0.6146E-15
0.7754	0.6089E-15
0.8050	0.6031E-15
0.8356	0.5972E-15
0.8674	0.5913E-15
0.9005	0.5854E-15
0.9348	0.5794E-15
0.9704	0.5733E-15
1.007	0.5672E-15
1.046	0.5611E-15
1.086	0.5549E-15
1.127	0.5488E-15
1.170	0.5426E-15
1.214	0.5364E-15
1.261	0.5302E-15
1.309	0.5240E-15
1.358	0.5178E-15
1.410	0.5116E-15
1.464	0.5055E-15
1.520	0.4994E-15
1.578	0.4934E-15
1.638	0.4873E-15
1.700	0.4814E-15
1.765	0.4755E-15
1.832	0.4697E-15
1.902	0.4639E-15
1.974	0.4583E-15
2.049	0.4528E-15
2.127	0.4473E-15
2.208	0.4420E-15
2.293	0.4368E-15
2.380	0.4318E-15
2.470	0.4269E-15
2.565	0.4221E-15
2.662	0.4175E-15
2.764	0.4131E-15
2.869	0.4089E-15
2.978	0.4048E-15
3.092	0.4009E-15
3.209	0.3973E-15
3.332	0.3938E-15
3.458	0.3906E-15
3.590	0.3876E-15
3.727	0.3848E-15
3.869	0.3823E-15
4.016	0.3800E-15
4.169	0.3780E-15
4.328	0.3762E-15
4.493	0.3747E-15
4.664	0.3735E-15
4.841	0.3726E-15
5.026	0.3720E-15
5.217	0.3717E-15
5.416	0.3716E-15
5.622	0.3719E-15
5.836	0.3725E-15
6.059	0.3734E-15
6.289	0.3747E-15
6.529	0.3763E-15
6.778	0.3782E-15
7.036	0.3804E-15
7.304	0.3829E-15
7.582	0.3858E-15
7.871	0.3890E-15
8.170	0.3925E-15
8.482	0.3963E-15
8.805	0.4005E-15
9.140	0.4048E-15
9.488	0.4095E-15
9.849	0.4144E-15
10.22	0.4195E-15
10.61	0.4248E-15
11.02	0.4304E-15
11.44	0.4361E-15
11.87	0.4419E-15
12.33	0.4480E-15
12.80	0.4541E-15
13.28	0.4604E-15
13.79	0.4668E-15
14.31	0.4732E-15
14.86	0.4798E-15
15.42	0.4864E-15
16.01	0.4931E-15
16.62	0.4998E-15
17.25	0.5066E-15
17.91	0.5134E-15
18.59	0.5202E-15
19.30	0.5270E-15
20.04	0.5339E-15
20.80	0.5407E-15
21.59	0.5474E-15
22.42	0.5541E-15
23.27	0.5608E-15
24.16	0.5673E-15
25.08	0.5738E-15
26.03	0.5801E-15
27.02	0.5862E-15
28.05	0.5921E-15
29.12	0.5977E-15
30.23	0.6031E-15
31.38	0.6082E-15
32.57	0.6129E-15
33.82	0.6172E-15
35.10	0.6210E-15
36.44	0.6244E-15
37.83	0.6273E-15
39.27	0.6296E-15
40.76	0.6313E-15
42.32	0.6324E-15
43.93	0.6328E-15
45.60	0.6325E-15
47.34	0.6315E-15
49.14	0.6297E-15
51.01	0.6272E-15
52.96	0.6240E-15
54.97	0.6201E-15
57.07	0.6155E-15
59.24	0.6102E-15
61.50	0.6042E-15
63.84	0.5976E-15
66.27	0.5905E-15
68.79	0.5828E-15
71.41	0.5747E-15
74.13	0.5661E-15
76.96	0.5572E-15
79.89	0.5480E-15
82.93	0.5384E-15
86.09	0.5287E-15
89.37	0.5187E-15
92.77	0.5086E-15
96.31	0.4984E-15
99.97	0.4882E-15
103.8	0.4779E-15
107.7	0.4676E-15
111.8	0.4573E-15
116.1	0.4471E-15
120.5	0.4369E-15
125.1	0.4267E-15
129.9	0.4167E-15
134.8	0.4066E-15
140.0	0.3968E-15
145.3	0.3870E-15
150.8	0.3773E-15
156.6	0.3677E-15
162.5	0.3583E-15
168.7	0.3489E-15
175.1	0.3397E-15
181.8	0.3306E-15
188.7	0.3216E-15
195.9	0.3128E-15
203.4	0.3040E-15
211.1	0.2954E-15
219.2	0.2870E-15
227.5	0.2787E-15
236.2	0.2705E-15
245.2	0.2624E-15
254.5	0.2545E-15
264.2	0.2467E-15
274.3	0.2390E-15
284.7	0.2315E-15
295.6	0.2241E-15
306.8	0.2169E-15
318.5	0.2098E-15
330.6	0.2029E-15
343.2	0.1961E-15
356.3	0.1894E-15
369.9	0.1829E-15
384.0	0.1765E-15
398.6	0.1703E-15
413.8	0.1642E-15
429.5	0.1582E-15
445.9	0.1524E-15
462.9	0.1467E-15
480.5	0.1412E-15
498.8	0.1358E-15
517.8	0.1305E-15
537.5	0.1254E-15
558.0	0.1204E-15
579.2	0.1155E-15
601.3	0.1108E-15
624.2	0.1062E-15
648.0	0.1018E-15
672.6	0.9740E-16
698.3	0.9320E-16
724.9	0.8913E-16
752.5	0.8519E-16
781.1	0.8137E-16
810.9	0.7767E-16
841.8	0.7410E-16
873.8	0.7064E-16
907.1	0.6731E-16
941.6	0.6410E-16
977.5	0.6102E-16
1015.	0.5805E-16
1053.	0.5516E-16
1094.	0.5241E-16
1135.	0.4977E-16
1178.	0.4724E-16
1223.	0.4481E-16
1270.	0.4249E-16
1318.	0.4026E-16
1368.	0.3809E-16
1421.	0.3605E-16
1475.	0.3411E-16
1531.	0.3225E-16
1589.	0.3047E-16
1650.	0.2880E-16
1712.	0.2719E-16
1778.	0.2565E-16
1845.	0.2418E-16
1916.	0.2279E-16
1989.	0.2144E-16
2064.	0.2019E-16
2143.	0.1900E-16
2225.	0.1788E-16
2309.	0.1681E-16
2397.	0.1579E-16
2489.	0.1483E-16
2583.	0.1392E-16
2682.	0.1305E-16
2784.	0.1223E-16
2890.	0.1145E-16
 
 
C2    F2    Effective (momentum)                                
E/N (Td)	Rate coefficient (m3/s)
0.1000E-02	0.2095E-12
0.1038E-02	0.2095E-12
0.1078E-02	0.2095E-12
0.1119E-02	0.2095E-12
0.1161E-02	0.2095E-12
0.1205E-02	0.2095E-12
0.1251E-02	0.2095E-12
0.1299E-02	0.2095E-12
0.1349E-02	0.2095E-12
0.1400E-02	0.2095E-12
0.1453E-02	0.2095E-12
0.1509E-02	0.2095E-12
0.1566E-02	0.2095E-12
0.1626E-02	0.2095E-12
0.1688E-02	0.2095E-12
0.1752E-02	0.2095E-12
0.1819E-02	0.2095E-12
0.1888E-02	0.2095E-12
0.1960E-02	0.2095E-12
0.2034E-02	0.2095E-12
0.2112E-02	0.2095E-12
0.2192E-02	0.2095E-12
0.2276E-02	0.2095E-12
0.2362E-02	0.2095E-12
0.2452E-02	0.2095E-12
0.2546E-02	0.2095E-12
0.2643E-02	0.2095E-12
0.2743E-02	0.2095E-12
0.2848E-02	0.2095E-12
0.2956E-02	0.2095E-12
0.3069E-02	0.2095E-12
0.3186E-02	0.2095E-12
0.3307E-02	0.2095E-12
0.3433E-02	0.2095E-12
0.3564E-02	0.2095E-12
0.3700E-02	0.2095E-12
0.3841E-02	0.2095E-12
0.3987E-02	0.2095E-12
0.4139E-02	0.2095E-12
0.4296E-02	0.2095E-12
0.4460E-02	0.2095E-12
0.4630E-02	0.2095E-12
0.4806E-02	0.2095E-12
0.4989E-02	0.2095E-12
0.5179E-02	0.2095E-12
0.5377E-02	0.2095E-12
0.5581E-02	0.2095E-12
0.5794E-02	0.2095E-12
0.6015E-02	0.2095E-12
0.6244E-02	0.2095E-12
0.6481E-02	0.2095E-12
0.6728E-02	0.2095E-12
0.6985E-02	0.2095E-12
0.7251E-02	0.2095E-12
0.7527E-02	0.2095E-12
0.7813E-02	0.2095E-12
0.8111E-02	0.2095E-12
0.8420E-02	0.2095E-12
0.8741E-02	0.2095E-12
0.9073E-02	0.2095E-12
0.9419E-02	0.2095E-12
0.9778E-02	0.2095E-12
0.1015E-01	0.2095E-12
0.1054E-01	0.2095E-12
0.1094E-01	0.2095E-12
0.1135E-01	0.2095E-12
0.1179E-01	0.2095E-12
0.1224E-01	0.2095E-12
0.1270E-01	0.2095E-12
0.1319E-01	0.2095E-12
0.1369E-01	0.2095E-12
0.1421E-01	0.2095E-12
0.1475E-01	0.2095E-12
0.1531E-01	0.2095E-12
0.1590E-01	0.2095E-12
0.1650E-01	0.2095E-12
0.1713E-01	0.2095E-12
0.1778E-01	0.2095E-12
0.1846E-01	0.2095E-12
0.1916E-01	0.2095E-12
0.1989E-01	0.2095E-12
0.2065E-01	0.2095E-12
0.2144E-01	0.2095E-12
0.2225E-01	0.2095E-12
0.2310E-01	0.2095E-12
0.2398E-01	0.2095E-12
0.2489E-01	0.2095E-12
0.2584E-01	0.2095E-12
0.2682E-01	0.2095E-12
0.2785E-01	0.2095E-12
0.2891E-01	0.2095E-12
0.3001E-01	0.2095E-12
0.3115E-01	0.2095E-12
0.3234E-01	0.2095E-12
0.3357E-01	0.2095E-12
0.3485E-01	0.2095E-12
0.3617E-01	0.2095E-12
0.3755E-01	0.2095E-12
0.3898E-01	0.2095E-12
0.4047E-01	0.2095E-12
0.4201E-01	0.2095E-12
0.4361E-01	0.2095E-12
0.4527E-01	0.2095E-12
0.4699E-01	0.2095E-12
0.4878E-01	0.2095E-12
0.5064E-01	0.2095E-12
0.5257E-01	0.2095E-12
0.5457E-01	0.2095E-12
0.5665E-01	0.2095E-12
0.5881E-01	0.2095E-12
0.6105E-01	0.2095E-12
0.6337E-01	0.2095E-12
0.6579E-01	0.2095E-12
0.6829E-01	0.2095E-12
0.7089E-01	0.2095E-12
0.7359E-01	0.2095E-12
0.7640E-01	0.2095E-12
0.7931E-01	0.2095E-12
0.8233E-01	0.2095E-12
0.8546E-01	0.2095E-12
0.8872E-01	0.2096E-12
0.9210E-01	0.2096E-12
0.9560E-01	0.2096E-12
0.9924E-01	0.2096E-12
0.1030	0.2096E-12
0.1069	0.2096E-12
0.1110	0.2096E-12
0.1152	0.2096E-12
0.1196	0.2096E-12
0.1242	0.2096E-12
0.1289	0.2096E-12
0.1338	0.2096E-12
0.1389	0.2097E-12
0.1442	0.2097E-12
0.1497	0.2097E-12
0.1554	0.2097E-12
0.1613	0.2097E-12
0.1675	0.2097E-12
0.1739	0.2097E-12
0.1805	0.2098E-12
0.1874	0.2098E-12
0.1945	0.2098E-12
0.2019	0.2098E-12
0.2096	0.2099E-12
0.2176	0.2099E-12
0.2259	0.2099E-12
0.2345	0.2099E-12
0.2434	0.2100E-12
0.2527	0.2100E-12
0.2623	0.2100E-12
0.2723	0.2100E-12
0.2826	0.2101E-12
0.2934	0.2101E-12
0.3046	0.2101E-12
0.3162	0.2102E-12
0.3282	0.2102E-12
0.3407	0.2102E-12
0.3537	0.2103E-12
0.3672	0.2103E-12
0.3812	0.2104E-12
0.3957	0.2104E-12
0.4107	0.2104E-12
0.4264	0.2105E-12
0.4426	0.2105E-12
0.4595	0.2105E-12
0.4770	0.2106E-12
0.4952	0.2106E-12
0.5140	0.2106E-12
0.5336	0.2106E-12
0.5539	0.2107E-12
0.5750	0.2107E-12
0.5969	0.2107E-12
0.6196	0.2107E-12
0.6432	0.2108E-12
0.6677	0.2108E-12
0.6932	0.2108E-12
0.7196	0.2108E-12
0.7470	0.2108E-12
0.7754	0.2108E-12
0.8050	0.2108E-12
0.8356	0.2108E-12
0.8674	0.2108E-12
0.9005	0.2108E-12
0.9348	0.2107E-12
0.9704	0.2107E-12
1.007	0.2107E-12
1.046	0.2106E-12
1.086	0.2106E-12
1.127	0.2105E-12
1.170	0.2105E-12
1.214	0.2104E-12
1.261	0.2103E-12
1.309	0.2103E-12
1.358	0.2102E-12
1.410	0.2101E-12
1.464	0.2100E-12
1.520	0.2099E-12
1.578	0.2098E-12
1.638	0.2097E-12
1.700	0.2096E-12
1.765	0.2094E-12
1.832	0.2093E-12
1.902	0.2092E-12
1.974	0.2090E-12
2.049	0.2089E-12
2.127	0.2087E-12
2.208	0.2086E-12
2.293	0.2084E-12
2.380	0.2082E-12
2.470	0.2080E-12
2.565	0.2079E-12
2.662	0.2077E-12
2.764	0.2075E-12
2.869	0.2073E-12
2.978	0.2071E-12
3.092	0.2068E-12
3.209	0.2066E-12
3.332	0.2064E-12
3.458	0.2062E-12
3.590	0.2060E-12
3.727	0.2057E-12
3.869	0.2055E-12
4.016	0.2052E-12
4.169	0.2050E-12
4.328	0.2047E-12
4.493	0.2045E-12
4.664	0.2042E-12
4.841	0.2040E-12
5.026	0.2037E-12
5.217	0.2034E-12
5.416	0.2031E-12
5.622	0.2029E-12
5.836	0.2026E-12
6.059	0.2023E-12
6.289	0.2020E-12
6.529	0.2017E-12
6.778	0.2014E-12
7.036	0.2011E-12
7.304	0.2008E-12
7.582	0.2006E-12
7.871	0.2003E-12
8.170	0.2000E-12
8.482	0.1997E-12
8.805	0.1994E-12
9.140	0.1991E-12
9.488	0.1988E-12
9.849	0.1985E-12
10.22	0.1982E-12
10.61	0.1979E-12
11.02	0.1976E-12
11.44	0.1973E-12
11.87	0.1970E-12
12.33	0.1967E-12
12.80	0.1964E-12
13.28	0.1961E-12
13.79	0.1958E-12
14.31	0.1955E-12
14.86	0.1952E-12
15.42	0.1949E-12
16.01	0.1946E-12
16.62	0.1943E-12
17.25	0.1940E-12
17.91	0.1936E-12
18.59	0.1933E-12
19.30	0.1930E-12
20.04	0.1927E-12
20.80	0.1923E-12
21.59	0.1920E-12
22.42	0.1916E-12
23.27	0.1913E-12
24.16	0.1909E-12
25.08	0.1906E-12
26.03	0.1903E-12
27.02	0.1899E-12
28.05	0.1896E-12
29.12	0.1892E-12
30.23	0.1889E-12
31.38	0.1885E-12
32.57	0.1882E-12
33.82	0.1879E-12
35.10	0.1876E-12
36.44	0.1872E-12
37.83	0.1869E-12
39.27	0.1866E-12
40.76	0.1864E-12
42.32	0.1861E-12
43.93	0.1858E-12
45.60	0.1856E-12
47.34	0.1854E-12
49.14	0.1852E-12
51.01	0.1850E-12
52.96	0.1848E-12
54.97	0.1846E-12
57.07	0.1845E-12
59.24	0.1843E-12
61.50	0.1842E-12
63.84	0.1841E-12
66.27	0.1841E-12
68.79	0.1840E-12
71.41	0.1840E-12
74.13	0.1839E-12
76.96	0.1839E-12
79.89	0.1839E-12
82.93	0.1840E-12
86.09	0.1840E-12
89.37	0.1840E-12
92.77	0.1841E-12
96.31	0.1842E-12
99.97	0.1842E-12
103.8	0.1843E-12
107.7	0.1844E-12
111.8	0.1845E-12
116.1	0.1846E-12
120.5	0.1847E-12
125.1	0.1848E-12
129.9	0.1850E-12
134.8	0.1851E-12
140.0	0.1852E-12
145.3	0.1853E-12
150.8	0.1854E-12
156.6	0.1856E-12
162.5	0.1857E-12
168.7	0.1858E-12
175.1	0.1859E-12
181.8	0.1860E-12
188.7	0.1862E-12
195.9	0.1863E-12
203.4	0.1864E-12
211.1	0.1865E-12
219.2	0.1866E-12
227.5	0.1867E-12
236.2	0.1867E-12
245.2	0.1868E-12
254.5	0.1869E-12
264.2	0.1869E-12
274.3	0.1870E-12
284.7	0.1870E-12
295.6	0.1871E-12
306.8	0.1871E-12
318.5	0.1871E-12
330.6	0.1871E-12
343.2	0.1871E-12
356.3	0.1871E-12
369.9	0.1870E-12
384.0	0.1870E-12
398.6	0.1869E-12
413.8	0.1868E-12
429.5	0.1867E-12
445.9	0.1866E-12
462.9	0.1865E-12
480.5	0.1863E-12
498.8	0.1861E-12
517.8	0.1859E-12
537.5	0.1857E-12
558.0	0.1854E-12
579.2	0.1851E-12
601.3	0.1848E-12
624.2	0.1845E-12
648.0	0.1841E-12
672.6	0.1837E-12
698.3	0.1833E-12
724.9	0.1828E-12
752.5	0.1824E-12
781.1	0.1818E-12
810.9	0.1813E-12
841.8	0.1807E-12
873.8	0.1801E-12
907.1	0.1794E-12
941.6	0.1788E-12
977.5	0.1780E-12
1015.	0.1773E-12
1053.	0.1765E-12
1094.	0.1757E-12
1135.	0.1748E-12
1178.	0.1739E-12
1223.	0.1730E-12
1270.	0.1720E-12
1318.	0.1710E-12
1368.	0.1700E-12
1421.	0.1689E-12
1475.	0.1678E-12
1531.	0.1667E-12
1589.	0.1655E-12
1650.	0.1643E-12
1712.	0.1630E-12
1778.	0.1618E-12
1845.	0.1605E-12
1916.	0.1592E-12
1989.	0.1578E-12
2064.	0.1564E-12
2143.	0.1550E-12
2225.	0.1536E-12
2309.	0.1521E-12
2397.	0.1506E-12
2489.	0.1491E-12
2583.	0.1476E-12
2682.	0.1460E-12
2784.	0.1444E-12
2890.	0.1428E-12
 
 
C3    F2    Excitation    0.11 eV                               
E/N (Td)	Rate coefficient (m3/s)
0.1000E-02	0.6226E-15
0.1038E-02	0.6248E-15
0.1078E-02	0.6248E-15
0.1119E-02	0.6248E-15
0.1161E-02	0.6248E-15
0.1205E-02	0.6248E-15
0.1251E-02	0.6248E-15
0.1299E-02	0.6248E-15
0.1349E-02	0.6248E-15
0.1400E-02	0.6248E-15
0.1453E-02	0.6248E-15
0.1509E-02	0.6248E-15
0.1566E-02	0.6248E-15
0.1626E-02	0.6248E-15
0.1688E-02	0.6248E-15
0.1752E-02	0.6248E-15
0.1819E-02	0.6248E-15
0.1888E-02	0.6248E-15
0.1960E-02	0.6248E-15
0.2034E-02	0.6248E-15
0.2112E-02	0.6248E-15
0.2192E-02	0.6248E-15
0.2276E-02	0.6248E-15
0.2362E-02	0.6248E-15
0.2452E-02	0.6248E-15
0.2546E-02	0.6248E-15
0.2643E-02	0.6248E-15
0.2743E-02	0.6248E-15
0.2848E-02	0.6248E-15
0.2956E-02	0.6248E-15
0.3069E-02	0.6248E-15
0.3186E-02	0.6248E-15
0.3307E-02	0.6248E-15
0.3433E-02	0.6248E-15
0.3564E-02	0.6248E-15
0.3700E-02	0.6248E-15
0.3841E-02	0.6248E-15
0.3987E-02	0.6248E-15
0.4139E-02	0.6248E-15
0.4296E-02	0.6248E-15
0.4460E-02	0.6248E-15
0.4630E-02	0.6248E-15
0.4806E-02	0.6248E-15
0.4989E-02	0.6248E-15
0.5179E-02	0.6248E-15
0.5377E-02	0.6248E-15
0.5581E-02	0.6248E-15
0.5794E-02	0.6248E-15
0.6015E-02	0.6248E-15
0.6244E-02	0.6248E-15
0.6481E-02	0.6248E-15
0.6728E-02	0.6248E-15
0.6985E-02	0.6248E-15
0.7251E-02	0.6248E-15
0.7527E-02	0.6248E-15
0.7813E-02	0.6248E-15
0.8111E-02	0.6248E-15
0.8420E-02	0.6248E-15
0.8741E-02	0.6248E-15
0.9073E-02	0.6248E-15
0.9419E-02	0.6248E-15
0.9778E-02	0.6248E-15
0.1015E-01	0.6248E-15
0.1054E-01	0.6248E-15
0.1094E-01	0.6248E-15
0.1135E-01	0.6248E-15
0.1179E-01	0.6248E-15
0.1224E-01	0.6248E-15
0.1270E-01	0.6248E-15
0.1319E-01	0.6248E-15
0.1369E-01	0.6248E-15
0.1421E-01	0.6248E-15
0.1475E-01	0.6248E-15
0.1531E-01	0.6248E-15
0.1590E-01	0.6248E-15
0.1650E-01	0.6247E-15
0.1713E-01	0.6247E-15
0.1778E-01	0.6247E-15
0.1846E-01	0.6247E-15
0.1916E-01	0.6247E-15
0.1989E-01	0.6247E-15
0.2065E-01	0.6247E-15
0.2144E-01	0.6247E-15
0.2225E-01	0.6247E-15
0.2310E-01	0.6247E-15
0.2398E-01	0.6247E-15
0.2489E-01	0.6246E-15
0.2584E-01	0.6246E-15
0.2682E-01	0.6246E-15
0.2785E-01	0.6246E-15
0.2891E-01	0.6246E-15
0.3001E-01	0.6245E-15
0.3115E-01	0.6245E-15
0.3234E-01	0.6245E-15
0.3357E-01	0.6245E-15
0.3485E-01	0.6244E-15
0.3617E-01	0.6244E-15
0.3755E-01	0.6244E-15
0.3898E-01	0.6243E-15
0.4047E-01	0.6243E-15
0.4201E-01	0.6243E-15
0.4361E-01	0.6242E-15
0.4527E-01	0.6242E-15
0.4699E-01	0.6241E-15
0.4878E-01	0.6241E-15
0.5064E-01	0.6240E-15
0.5257E-01	0.6239E-15
0.5457E-01	0.6239E-15
0.5665E-01	0.6238E-15
0.5881E-01	0.6237E-15
0.6105E-01	0.6236E-15
0.6337E-01	0.6236E-15
0.6579E-01	0.6235E-15
0.6829E-01	0.6233E-15
0.7089E-01	0.6232E-15
0.7359E-01	0.6231E-15
0.7640E-01	0.6230E-15
0.7931E-01	0.6228E-15
0.8233E-01	0.6227E-15
0.8546E-01	0.6225E-15
0.8872E-01	0.6223E-15
0.9210E-01	0.6221E-15
0.9560E-01	0.6219E-15
0.9924E-01	0.6217E-15
0.1030	0.6215E-15
0.1069	0.6212E-15
0.1110	0.6210E-15
0.1152	0.6207E-15
0.1196	0.6204E-15
0.1242	0.6200E-15
0.1289	0.6197E-15
0.1338	0.6193E-15
0.1389	0.6189E-15
0.1442	0.6184E-15
0.1497	0.6180E-15
0.1554	0.6175E-15
0.1613	0.6169E-15
0.1675	0.6164E-15
0.1739	0.6158E-15
0.1805	0.6151E-15
0.1874	0.6144E-15
0.1945	0.6137E-15
0.2019	0.6129E-15
0.2096	0.6121E-15
0.2176	0.6112E-15
0.2259	0.6102E-15
0.2345	0.6092E-15
0.2434	0.6082E-15
0.2527	0.6071E-15
0.2623	0.6059E-15
0.2723	0.6047E-15
0.2826	0.6034E-15
0.2934	0.6020E-15
0.3046	0.6005E-15
0.3162	0.5990E-15
0.3282	0.5974E-15
0.3407	0.5958E-15
0.3537	0.5941E-15
0.3672	0.5922E-15
0.3812	0.5904E-15
0.3957	0.5884E-15
0.4107	0.5864E-15
0.4264	0.5843E-15
0.4426	0.5821E-15
0.4595	0.5798E-15
0.4770	0.5775E-15
0.4952	0.5751E-15
0.5140	0.5726E-15
0.5336	0.5700E-15
0.5539	0.5674E-15
0.5750	0.5647E-15
0.5969	0.5620E-15
0.6196	0.5592E-15
0.6432	0.5563E-15
0.6677	0.5533E-15
0.6932	0.5503E-15
0.7196	0.5472E-15
0.7470	0.5441E-15
0.7754	0.5409E-15
0.8050	0.5376E-15
0.8356	0.5343E-15
0.8674	0.5309E-15
0.9005	0.5275E-15
0.9348	0.5241E-15
0.9704	0.5206E-15
1.007	0.5170E-15
1.046	0.5134E-15
1.086	0.5098E-15
1.127	0.5061E-15
1.170	0.5024E-15
1.214	0.4986E-15
1.261	0.4949E-15
1.309	0.4911E-15
1.358	0.4872E-15
1.410	0.4834E-15
1.464	0.4795E-15
1.520	0.4756E-15
1.578	0.4718E-15
1.638	0.4679E-15
1.700	0.4639E-15
1.765	0.4600E-15
1.832	0.4561E-15
1.902	0.4522E-15
1.974	0.4484E-15
2.049	0.4445E-15
2.127	0.4407E-15
2.208	0.4369E-15
2.293	0.4331E-15
2.380	0.4293E-15
2.470	0.4256E-15
2.565	0.4220E-15
2.662	0.4184E-15
2.764	0.4148E-15
2.869	0.4113E-15
2.978	0.4079E-15
3.092	0.4046E-15
3.209	0.4013E-15
3.332	0.3981E-15
3.458	0.3950E-15
3.590	0.3920E-15
3.727	0.3890E-15
3.869	0.3862E-15
4.016	0.3835E-15
4.169	0.3809E-15
4.328	0.3784E-15
4.493	0.3760E-15
4.664	0.3737E-15
4.841	0.3716E-15
5.026	0.3696E-15
5.217	0.3677E-15
5.416	0.3660E-15
5.622	0.3644E-15
5.836	0.3630E-15
6.059	0.3617E-15
6.289	0.3606E-15
6.529	0.3597E-15
6.778	0.3589E-15
7.036	0.3583E-15
7.304	0.3579E-15
7.582	0.3576E-15
7.871	0.3575E-15
8.170	0.3576E-15
8.482	0.3578E-15
8.805	0.3581E-15
9.140	0.3586E-15
9.488	0.3593E-15
9.849	0.3600E-15
10.22	0.3609E-15
10.61	0.3619E-15
11.02	0.3630E-15
11.44	0.3641E-15
11.87	0.3653E-15
12.33	0.3665E-15
12.80	0.3678E-15
13.28	0.3691E-15
13.79	0.3704E-15
14.31	0.3717E-15
14.86	0.3730E-15
15.42	0.3743E-15
16.01	0.3755E-15
16.62	0.3768E-15
17.25	0.3779E-15
17.91	0.3791E-15
18.59	0.3802E-15
19.30	0.3812E-15
20.04	0.3821E-15
20.80	0.3830E-15
21.59	0.3838E-15
22.42	0.3845E-15
23.27	0.3851E-15
24.16	0.3856E-15
25.08	0.3860E-15
26.03	0.3862E-15
27.02	0.3864E-15
28.05	0.3863E-15
29.12	0.3862E-15
30.23	0.3858E-15
31.38	0.3853E-15
32.57	0.3845E-15
33.82	0.3836E-15
35.10	0.3824E-15
36.44	0.3810E-15
37.83	0.3793E-15
39.27	0.3774E-15
40.76	0.3751E-15
42.32	0.3726E-15
43.93	0.3698E-15
45.60	0.3667E-15
47.34	0.3633E-15
49.14	0.3595E-15
51.01	0.3555E-15
52.96	0.3512E-15
54.97	0.3466E-15
57.07	0.3417E-15
59.24	0.3366E-15
61.50	0.3312E-15
63.84	0.3256E-15
66.27	0.3198E-15
68.79	0.3139E-15
71.41	0.3078E-15
74.13	0.3016E-15
76.96	0.2953E-15
79.89	0.2889E-15
82.93	0.2825E-15
86.09	0.2761E-15
89.37	0.2697E-15
92.77	0.2633E-15
96.31	0.2569E-15
99.97	0.2506E-15
103.8	0.2444E-15
107.7	0.2382E-15
111.8	0.2322E-15
116.1	0.2262E-15
120.5	0.2203E-15
125.1	0.2145E-15
129.9	0.2088E-15
134.8	0.2031E-15
140.0	0.1976E-15
145.3	0.1923E-15
150.8	0.1870E-15
156.6	0.1818E-15
162.5	0.1767E-15
168.7	0.1717E-15
175.1	0.1667E-15
181.8	0.1619E-15
188.7	0.1572E-15
195.9	0.1525E-15
203.4	0.1480E-15
211.1	0.1435E-15
219.2	0.1392E-15
227.5	0.1349E-15
236.2	0.1307E-15
245.2	0.1265E-15
254.5	0.1225E-15
264.2	0.1185E-15
274.3	0.1147E-15
284.7	0.1109E-15
295.6	0.1072E-15
306.8	0.1035E-15
318.5	0.9999E-16
330.6	0.9653E-16
343.2	0.9314E-16
356.3	0.8982E-16
369.9	0.8659E-16
384.0	0.8343E-16
398.6	0.8036E-16
413.8	0.7736E-16
429.5	0.7443E-16
445.9	0.7159E-16
462.9	0.6881E-16
480.5	0.6611E-16
498.8	0.6348E-16
517.8	0.6092E-16
537.5	0.5843E-16
558.0	0.5601E-16
579.2	0.5367E-16
601.3	0.5139E-16
624.2	0.4919E-16
648.0	0.4705E-16
672.6	0.4497E-16
698.3	0.4296E-16
724.9	0.4103E-16
752.5	0.3915E-16
781.1	0.3734E-16
810.9	0.3560E-16
841.8	0.3392E-16
873.8	0.3229E-16
907.1	0.3072E-16
941.6	0.2922E-16
977.5	0.2778E-16
1015.	0.2639E-16
1053.	0.2505E-16
1094.	0.2377E-16
1135.	0.2255E-16
1178.	0.2138E-16
1223.	0.2025E-16
1270.	0.1919E-16
1318.	0.1816E-16
1368.	0.1717E-16
1421.	0.1623E-16
1475.	0.1534E-16
1531.	0.1449E-16
1589.	0.1368E-16
1650.	0.1292E-16
1712.	0.1219E-16
1778.	0.1149E-16
1845.	0.1082E-16
1916.	0.1020E-16
1989.	0.9586E-17
2064.	0.9020E-17
2143.	0.8483E-17
2225.	0.7979E-17
2309.	0.7497E-17
2397.	0.7039E-17
2489.	0.6610E-17
2583.	0.6199E-17
2682.	0.5811E-17
2784.	0.5444E-17
2890.	0.5096E-17
 
 
C4    F2    Excitation    0.22 eV                               
E/N (Td)	Rate coefficient (m3/s)
0.1000E-02	0.8516E-15
0.1038E-02	0.8547E-15
0.1078E-02	0.8547E-15
0.1119E-02	0.8547E-15
0.1161E-02	0.8547E-15
0.1205E-02	0.8547E-15
0.1251E-02	0.8547E-15
0.1299E-02	0.8547E-15
0.1349E-02	0.8547E-15
0.1400E-02	0.8547E-15
0.1453E-02	0.8547E-15
0.1509E-02	0.8547E-15
0.1566E-02	0.8547E-15
0.1626E-02	0.8547E-15
0.1688E-02	0.8547E-15
0.1752E-02	0.8547E-15
0.1819E-02	0.8547E-15
0.1888E-02	0.8547E-15
0.1960E-02	0.8547E-15
0.2034E-02	0.8547E-15
0.2112E-02	0.8547E-15
0.2192E-02	0.8547E-15
0.2276E-02	0.8547E-15
0.2362E-02	0.8547E-15
0.2452E-02	0.8547E-15
0.2546E-02	0.8547E-15
0.2643E-02	0.8547E-15
0.2743E-02	0.8547E-15
0.2848E-02	0.8547E-15
0.2956E-02	0.8547E-15
0.3069E-02	0.8547E-15
0.3186E-02	0.8547E-15
0.3307E-02	0.8547E-15
0.3433E-02	0.8547E-15
0.3564E-02	0.8547E-15
0.3700E-02	0.8547E-15
0.3841E-02	0.8547E-15
0.3987E-02	0.8546E-15
0.4139E-02	0.8546E-15
0.4296E-02	0.8546E-15
0.4460E-02	0.8546E-15
0.4630E-02	0.8546E-15
0.4806E-02	0.8546E-15
0.4989E-02	0.8546E-15
0.5179E-02	0.8546E-15
0.5377E-02	0.8546E-15
0.5581E-02	0.8546E-15
0.5794E-02	0.8546E-15
0.6015E-02	0.8546E-15
0.6244E-02	0.8546E-15
0.6481E-02	0.8546E-15
0.6728E-02	0.8546E-15
0.6985E-02	0.8546E-15
0.7251E-02	0.8546E-15
0.7527E-02	0.8546E-15
0.7813E-02	0.8546E-15
0.8111E-02	0.8546E-15
0.8420E-02	0.8546E-15
0.8741E-02	0.8546E-15
0.9073E-02	0.8546E-15
0.9419E-02	0.8546E-15
0.9778E-02	0.8546E-15
0.1015E-01	0.8546E-15
0.1054E-01	0.8546E-15
0.1094E-01	0.8546E-15
0.1135E-01	0.8546E-15
0.1179E-01	0.8546E-15
0.1224E-01	0.8546E-15
0.1270E-01	0.8546E-15
0.1319E-01	0.8546E-15
0.1369E-01	0.8546E-15
0.1421E-01	0.8546E-15
0.1475E-01	0.8546E-15
0.1531E-01	0.8546E-15
0.1590E-01	0.8545E-15
0.1650E-01	0.8545E-15
0.1713E-01	0.8545E-15
0.1778E-01	0.8545E-15
0.1846E-01	0.8545E-15
0.1916E-01	0.8545E-15
0.1989E-01	0.8545E-15
0.2065E-01	0.8545E-15
0.2144E-01	0.8545E-15
0.2225E-01	0.8544E-15
0.2310E-01	0.8544E-15
0.2398E-01	0.8544E-15
0.2489E-01	0.8544E-15
0.2584E-01	0.8544E-15
0.2682E-01	0.8543E-15
0.2785E-01	0.8543E-15
0.2891E-01	0.8543E-15
0.3001E-01	0.8543E-15
0.3115E-01	0.8542E-15
0.3234E-01	0.8542E-15
0.3357E-01	0.8542E-15
0.3485E-01	0.8541E-15
0.3617E-01	0.8541E-15
0.3755E-01	0.8541E-15
0.3898E-01	0.8540E-15
0.4047E-01	0.8540E-15
0.4201E-01	0.8539E-15
0.4361E-01	0.8538E-15
0.4527E-01	0.8538E-15
0.4699E-01	0.8537E-15
0.4878E-01	0.8536E-15
0.5064E-01	0.8536E-15
0.5257E-01	0.8535E-15
0.5457E-01	0.8534E-15
0.5665E-01	0.8533E-15
0.5881E-01	0.8532E-15
0.6105E-01	0.8531E-15
0.6337E-01	0.8529E-15
0.6579E-01	0.8528E-15
0.6829E-01	0.8527E-15
0.7089E-01	0.8525E-15
0.7359E-01	0.8523E-15
0.7640E-01	0.8522E-15
0.7931E-01	0.8520E-15
0.8233E-01	0.8518E-15
0.8546E-01	0.8516E-15
0.8872E-01	0.8513E-15
0.9210E-01	0.8511E-15
0.9560E-01	0.8508E-15
0.9924E-01	0.8505E-15
0.1030	0.8502E-15
0.1069	0.8499E-15
0.1110	0.8495E-15
0.1152	0.8491E-15
0.1196	0.8487E-15
0.1242	0.8482E-15
0.1289	0.8478E-15
0.1338	0.8473E-15
0.1389	0.8467E-15
0.1442	0.8461E-15
0.1497	0.8455E-15
0.1554	0.8448E-15
0.1613	0.8441E-15
0.1675	0.8433E-15
0.1739	0.8425E-15
0.1805	0.8417E-15
0.1874	0.8407E-15
0.1945	0.8397E-15
0.2019	0.8387E-15
0.2096	0.8376E-15
0.2176	0.8364E-15
0.2259	0.8351E-15
0.2345	0.8338E-15
0.2434	0.8324E-15
0.2527	0.8309E-15
0.2623	0.8294E-15
0.2723	0.8277E-15
0.2826	0.8260E-15
0.2934	0.8241E-15
0.3046	0.8222E-15
0.3162	0.8202E-15
0.3282	0.8180E-15
0.3407	0.8158E-15
0.3537	0.8135E-15
0.3672	0.8111E-15
0.3812	0.8086E-15
0.3957	0.8060E-15
0.4107	0.8032E-15
0.4264	0.8004E-15
0.4426	0.7975E-15
0.4595	0.7945E-15
0.4770	0.7913E-15
0.4952	0.7881E-15
0.5140	0.7848E-15
0.5336	0.7814E-15
0.5539	0.7779E-15
0.5750	0.7742E-15
0.5969	0.7705E-15
0.6196	0.7668E-15
0.6432	0.7629E-15
0.6677	0.7589E-15
0.6932	0.7549E-15
0.7196	0.7507E-15
0.7470	0.7465E-15
0.7754	0.7422E-15
0.8050	0.7379E-15
0.8356	0.7334E-15
0.8674	0.7289E-15
0.9005	0.7243E-15
0.9348	0.7197E-15
0.9704	0.7150E-15
1.007	0.7102E-15
1.046	0.7053E-15
1.086	0.7005E-15
1.127	0.6955E-15
1.170	0.6905E-15
1.214	0.6855E-15
1.261	0.6804E-15
1.309	0.6753E-15
1.358	0.6701E-15
1.410	0.6649E-15
1.464	0.6597E-15
1.520	0.6545E-15
1.578	0.6492E-15
1.638	0.6440E-15
1.700	0.6387E-15
1.765	0.6334E-15
1.832	0.6281E-15
1.902	0.6229E-15
1.974	0.6176E-15
2.049	0.6124E-15
2.127	0.6072E-15
2.208	0.6020E-15
2.293	0.5969E-15
2.380	0.5918E-15
2.470	0.5867E-15
2.565	0.5817E-15
2.662	0.5768E-15
2.764	0.5720E-15
2.869	0.5672E-15
2.978	0.5625E-15
3.092	0.5579E-15
3.209	0.5534E-15
3.332	0.5490E-15
3.458	0.5447E-15
3.590	0.5405E-15
3.727	0.5364E-15
3.869	0.5325E-15
4.016	0.5287E-15
4.169	0.5250E-15
4.328	0.5215E-15
4.493	0.5181E-15
4.664	0.5149E-15
4.841	0.5119E-15
5.026	0.5090E-15
5.217	0.5063E-15
5.416	0.5038E-15
5.622	0.5015E-15
5.836	0.4994E-15
6.059	0.4975E-15
6.289	0.4958E-15
6.529	0.4944E-15
6.778	0.4931E-15
7.036	0.4921E-15
7.304	0.4913E-15
7.582	0.4907E-15
7.871	0.4903E-15
8.170	0.4902E-15
8.482	0.4902E-15
8.805	0.4905E-15
9.140	0.4909E-15
9.488	0.4916E-15
9.849	0.4923E-15
10.22	0.4933E-15
10.61	0.4943E-15
11.02	0.4955E-15
11.44	0.4968E-15
11.87	0.4981E-15
12.33	0.4995E-15
12.80	0.5010E-15
13.28	0.5024E-15
13.79	0.5039E-15
14.31	0.5054E-15
14.86	0.5068E-15
15.42	0.5082E-15
16.01	0.5096E-15
16.62	0.5109E-15
17.25	0.5122E-15
17.91	0.5134E-15
18.59	0.5145E-15
19.30	0.5155E-15
20.04	0.5164E-15
20.80	0.5172E-15
21.59	0.5178E-15
22.42	0.5184E-15
23.27	0.5188E-15
24.16	0.5191E-15
25.08	0.5192E-15
26.03	0.5191E-15
27.02	0.5189E-15
28.05	0.5184E-15
29.12	0.5177E-15
30.23	0.5168E-15
31.38	0.5157E-15
32.57	0.5143E-15
33.82	0.5126E-15
35.10	0.5106E-15
36.44	0.5083E-15
37.83	0.5057E-15
39.27	0.5027E-15
40.76	0.4994E-15
42.32	0.4957E-15
43.93	0.4916E-15
45.60	0.4871E-15
47.34	0.4823E-15
49.14	0.4770E-15
51.01	0.4713E-15
52.96	0.4653E-15
54.97	0.4589E-15
57.07	0.4522E-15
59.24	0.4452E-15
61.50	0.4378E-15
63.84	0.4302E-15
66.27	0.4224E-15
68.79	0.4143E-15
71.41	0.4061E-15
74.13	0.3977E-15
76.96	0.3893E-15
79.89	0.3808E-15
82.93	0.3722E-15
86.09	0.3636E-15
89.37	0.3550E-15
92.77	0.3465E-15
96.31	0.3381E-15
99.97	0.3297E-15
103.8	0.3214E-15
107.7	0.3132E-15
111.8	0.3051E-15
116.1	0.2972E-15
120.5	0.2894E-15
125.1	0.2817E-15
129.9	0.2742E-15
134.8	0.2668E-15
140.0	0.2595E-15
145.3	0.2524E-15
150.8	0.2454E-15
156.6	0.2386E-15
162.5	0.2319E-15
168.7	0.2253E-15
175.1	0.2188E-15
181.8	0.2125E-15
188.7	0.2063E-15
195.9	0.2002E-15
203.4	0.1942E-15
211.1	0.1884E-15
219.2	0.1826E-15
227.5	0.1770E-15
236.2	0.1715E-15
245.2	0.1661E-15
254.5	0.1608E-15
264.2	0.1556E-15
274.3	0.1505E-15
284.7	0.1455E-15
295.6	0.1407E-15
306.8	0.1359E-15
318.5	0.1313E-15
330.6	0.1267E-15
343.2	0.1223E-15
356.3	0.1179E-15
369.9	0.1137E-15
384.0	0.1096E-15
398.6	0.1055E-15
413.8	0.1016E-15
429.5	0.9776E-16
445.9	0.9402E-16
462.9	0.9038E-16
480.5	0.8684E-16
498.8	0.8339E-16
517.8	0.8003E-16
537.5	0.7677E-16
558.0	0.7359E-16
579.2	0.7052E-16
601.3	0.6753E-16
624.2	0.6464E-16
648.0	0.6183E-16
672.6	0.5910E-16
698.3	0.5647E-16
724.9	0.5392E-16
752.5	0.5147E-16
781.1	0.4909E-16
810.9	0.4680E-16
841.8	0.4459E-16
873.8	0.4244E-16
907.1	0.4039E-16
941.6	0.3842E-16
977.5	0.3652E-16
1015.	0.3470E-16
1053.	0.3293E-16
1094.	0.3126E-16
1135.	0.2965E-16
1178.	0.2811E-16
1223.	0.2663E-16
1270.	0.2523E-16
1318.	0.2388E-16
1368.	0.2258E-16
1421.	0.2135E-16
1475.	0.2018E-16
1531.	0.1906E-16
1589.	0.1799E-16
1650.	0.1699E-16
1712.	0.1603E-16
1778.	0.1511E-16
1845.	0.1423E-16
1916.	0.1341E-16
1989.	0.1261E-16
2064.	0.1186E-16
2143.	0.1116E-16
2225.	0.1049E-16
2309.	0.9858E-17
2397.	0.9257E-17
2489.	0.8692E-17
2583.	0.8152E-17
2682.	0.7642E-17
2784.	0.7159E-17
2890.	0.6702E-17
 
 
C5    F2    Excitation    0.32 eV                               
E/N (Td)	Rate coefficient (m3/s)
0.1000E-02	0.6368E-15
0.1038E-02	0.6390E-15
0.1078E-02	0.6390E-15
0.1119E-02	0.6390E-15
0.1161E-02	0.6390E-15
0.1205E-02	0.6390E-15
0.1251E-02	0.6390E-15
0.1299E-02	0.6390E-15
0.1349E-02	0.6390E-15
0.1400E-02	0.6390E-15
0.1453E-02	0.6390E-15
0.1509E-02	0.6390E-15
0.1566E-02	0.6390E-15
0.1626E-02	0.6390E-15
0.1688E-02	0.6390E-15
0.1752E-02	0.6390E-15
0.1819E-02	0.6390E-15
0.1888E-02	0.6390E-15
0.1960E-02	0.6390E-15
0.2034E-02	0.6390E-15
0.2112E-02	0.6390E-15
0.2192E-02	0.6390E-15
0.2276E-02	0.6390E-15
0.2362E-02	0.6390E-15
0.2452E-02	0.6390E-15
0.2546E-02	0.6390E-15
0.2643E-02	0.6390E-15
0.2743E-02	0.6390E-15
0.2848E-02	0.6390E-15
0.2956E-02	0.6390E-15
0.3069E-02	0.6390E-15
0.3186E-02	0.6390E-15
0.3307E-02	0.6390E-15
0.3433E-02	0.6390E-15
0.3564E-02	0.6390E-15
0.3700E-02	0.6390E-15
0.3841E-02	0.6390E-15
0.3987E-02	0.6390E-15
0.4139E-02	0.6390E-15
0.4296E-02	0.6390E-15
0.4460E-02	0.6390E-15
0.4630E-02	0.6390E-15
0.4806E-02	0.6390E-15
0.4989E-02	0.6390E-15
0.5179E-02	0.6390E-15
0.5377E-02	0.6390E-15
0.5581E-02	0.6390E-15
0.5794E-02	0.6390E-15
0.6015E-02	0.6390E-15
0.6244E-02	0.6390E-15
0.6481E-02	0.6390E-15
0.6728E-02	0.6390E-15
0.6985E-02	0.6390E-15
0.7251E-02	0.6390E-15
0.7527E-02	0.6390E-15
0.7813E-02	0.6390E-15
0.8111E-02	0.6390E-15
0.8420E-02	0.6390E-15
0.8741E-02	0.6390E-15
0.9073E-02	0.6390E-15
0.9419E-02	0.6390E-15
0.9778E-02	0.6390E-15
0.1015E-01	0.6390E-15
0.1054E-01	0.6390E-15
0.1094E-01	0.6390E-15
0.1135E-01	0.6390E-15
0.1179E-01	0.6390E-15
0.1224E-01	0.6390E-15
0.1270E-01	0.6390E-15
0.1319E-01	0.6390E-15
0.1369E-01	0.6390E-15
0.1421E-01	0.6390E-15
0.1475E-01	0.6390E-15
0.1531E-01	0.6390E-15
0.1590E-01	0.6390E-15
0.1650E-01	0.6390E-15
0.1713E-01	0.6389E-15
0.1778E-01	0.6389E-15
0.1846E-01	0.6389E-15
0.1916E-01	0.6389E-15
0.1989E-01	0.6389E-15
0.2065E-01	0.6389E-15
0.2144E-01	0.6389E-15
0.2225E-01	0.6389E-15
0.2310E-01	0.6389E-15
0.2398E-01	0.6389E-15
0.2489E-01	0.6388E-15
0.2584E-01	0.6388E-15
0.2682E-01	0.6388E-15
0.2785E-01	0.6388E-15
0.2891E-01	0.6388E-15
0.3001E-01	0.6388E-15
0.3115E-01	0.6387E-15
0.3234E-01	0.6387E-15
0.3357E-01	0.6387E-15
0.3485E-01	0.6387E-15
0.3617E-01	0.6386E-15
0.3755E-01	0.6386E-15
0.3898E-01	0.6386E-15
0.4047E-01	0.6385E-15
0.4201E-01	0.6385E-15
0.4361E-01	0.6384E-15
0.4527E-01	0.6384E-15
0.4699E-01	0.6383E-15
0.4878E-01	0.6383E-15
0.5064E-01	0.6382E-15
0.5257E-01	0.6382E-15
0.5457E-01	0.6381E-15
0.5665E-01	0.6380E-15
0.5881E-01	0.6379E-15
0.6105E-01	0.6379E-15
0.6337E-01	0.6378E-15
0.6579E-01	0.6377E-15
0.6829E-01	0.6376E-15
0.7089E-01	0.6374E-15
0.7359E-01	0.6373E-15
0.7640E-01	0.6372E-15
0.7931E-01	0.6370E-15
0.8233E-01	0.6369E-15
0.8546E-01	0.6367E-15
0.8872E-01	0.6365E-15
0.9210E-01	0.6364E-15
0.9560E-01	0.6362E-15
0.9924E-01	0.6359E-15
0.1030	0.6357E-15
0.1069	0.6354E-15
0.1110	0.6352E-15
0.1152	0.6349E-15
0.1196	0.6346E-15
0.1242	0.6342E-15
0.1289	0.6339E-15
0.1338	0.6335E-15
0.1389	0.6331E-15
0.1442	0.6327E-15
0.1497	0.6322E-15
0.1554	0.6317E-15
0.1613	0.6312E-15
0.1675	0.6306E-15
0.1739	0.6300E-15
0.1805	0.6293E-15
0.1874	0.6286E-15
0.1945	0.6279E-15
0.2019	0.6271E-15
0.2096	0.6263E-15
0.2176	0.6254E-15
0.2259	0.6244E-15
0.2345	0.6235E-15
0.2434	0.6224E-15
0.2527	0.6213E-15
0.2623	0.6201E-15
0.2723	0.6189E-15
0.2826	0.6176E-15
0.2934	0.6162E-15
0.3046	0.6147E-15
0.3162	0.6132E-15
0.3282	0.6116E-15
0.3407	0.6100E-15
0.3537	0.6082E-15
0.3672	0.6064E-15
0.3812	0.6045E-15
0.3957	0.6026E-15
0.4107	0.6005E-15
0.4264	0.5984E-15
0.4426	0.5962E-15
0.4595	0.5940E-15
0.4770	0.5916E-15
0.4952	0.5892E-15
0.5140	0.5867E-15
0.5336	0.5842E-15
0.5539	0.5815E-15
0.5750	0.5788E-15
0.5969	0.5760E-15
0.6196	0.5732E-15
0.6432	0.5703E-15
0.6677	0.5673E-15
0.6932	0.5643E-15
0.7196	0.5612E-15
0.7470	0.5580E-15
0.7754	0.5548E-15
0.8050	0.5515E-15
0.8356	0.5482E-15
0.8674	0.5448E-15
0.9005	0.5413E-15
0.9348	0.5379E-15
0.9704	0.5343E-15
1.007	0.5307E-15
1.046	0.5271E-15
1.086	0.5234E-15
1.127	0.5197E-15
1.170	0.5159E-15
1.214	0.5122E-15
1.261	0.5083E-15
1.309	0.5045E-15
1.358	0.5006E-15
1.410	0.4967E-15
1.464	0.4928E-15
1.520	0.4888E-15
1.578	0.4849E-15
1.638	0.4809E-15
1.700	0.4769E-15
1.765	0.4730E-15
1.832	0.4690E-15
1.902	0.4650E-15
1.974	0.4611E-15
2.049	0.4571E-15
2.127	0.4532E-15
2.208	0.4493E-15
2.293	0.4454E-15
2.380	0.4415E-15
2.470	0.4377E-15
2.565	0.4339E-15
2.662	0.4302E-15
2.764	0.4265E-15
2.869	0.4229E-15
2.978	0.4193E-15
3.092	0.4158E-15
3.209	0.4124E-15
3.332	0.4090E-15
3.458	0.4057E-15
3.590	0.4025E-15
3.727	0.3994E-15
3.869	0.3964E-15
4.016	0.3935E-15
4.169	0.3906E-15
4.328	0.3879E-15
4.493	0.3853E-15
4.664	0.3828E-15
4.841	0.3805E-15
5.026	0.3782E-15
5.217	0.3761E-15
5.416	0.3742E-15
5.622	0.3723E-15
5.836	0.3706E-15
6.059	0.3691E-15
6.289	0.3677E-15
6.529	0.3665E-15
6.778	0.3655E-15
7.036	0.3646E-15
7.304	0.3639E-15
7.582	0.3633E-15
7.871	0.3629E-15
8.170	0.3627E-15
8.482	0.3626E-15
8.805	0.3626E-15
9.140	0.3628E-15
9.488	0.3632E-15
9.849	0.3636E-15
10.22	0.3642E-15
10.61	0.3648E-15
11.02	0.3655E-15
11.44	0.3663E-15
11.87	0.3671E-15
12.33	0.3680E-15
12.80	0.3689E-15
13.28	0.3698E-15
13.79	0.3707E-15
14.31	0.3716E-15
14.86	0.3724E-15
15.42	0.3733E-15
16.01	0.3741E-15
16.62	0.3748E-15
17.25	0.3755E-15
17.91	0.3761E-15
18.59	0.3767E-15
19.30	0.3771E-15
20.04	0.3775E-15
20.80	0.3778E-15
21.59	0.3781E-15
22.42	0.3782E-15
23.27	0.3782E-15
24.16	0.3781E-15
25.08	0.3778E-15
26.03	0.3775E-15
27.02	0.3770E-15
28.05	0.3763E-15
29.12	0.3755E-15
30.23	0.3746E-15
31.38	0.3734E-15
32.57	0.3721E-15
33.82	0.3705E-15
35.10	0.3688E-15
36.44	0.3668E-15
37.83	0.3646E-15
39.27	0.3622E-15
40.76	0.3595E-15
42.32	0.3565E-15
43.93	0.3533E-15
45.60	0.3498E-15
47.34	0.3461E-15
49.14	0.3420E-15
51.01	0.3377E-15
52.96	0.3332E-15
54.97	0.3284E-15
57.07	0.3234E-15
59.24	0.3181E-15
61.50	0.3127E-15
63.84	0.3071E-15
66.27	0.3013E-15
68.79	0.2954E-15
71.41	0.2894E-15
74.13	0.2833E-15
76.96	0.2772E-15
79.89	0.2710E-15
82.93	0.2648E-15
86.09	0.2586E-15
89.37	0.2524E-15
92.77	0.2462E-15
96.31	0.2401E-15
99.97	0.2341E-15
103.8	0.2281E-15
107.7	0.2223E-15
111.8	0.2165E-15
116.1	0.2108E-15
120.5	0.2052E-15
125.1	0.1998E-15
129.9	0.1944E-15
134.8	0.1891E-15
140.0	0.1839E-15
145.3	0.1789E-15
150.8	0.1739E-15
156.6	0.1690E-15
162.5	0.1643E-15
168.7	0.1596E-15
175.1	0.1550E-15
181.8	0.1505E-15
188.7	0.1461E-15
195.9	0.1418E-15
203.4	0.1375E-15
211.1	0.1334E-15
219.2	0.1293E-15
227.5	0.1253E-15
236.2	0.1214E-15
245.2	0.1176E-15
254.5	0.1138E-15
264.2	0.1102E-15
274.3	0.1066E-15
284.7	0.1030E-15
295.6	0.9960E-16
306.8	0.9623E-16
318.5	0.9295E-16
330.6	0.8973E-16
343.2	0.8659E-16
356.3	0.8351E-16
369.9	0.8051E-16
384.0	0.7759E-16
398.6	0.7474E-16
413.8	0.7195E-16
429.5	0.6924E-16
445.9	0.6660E-16
462.9	0.6402E-16
480.5	0.6151E-16
498.8	0.5907E-16
517.8	0.5669E-16
537.5	0.5439E-16
558.0	0.5214E-16
579.2	0.4996E-16
601.3	0.4785E-16
624.2	0.4580E-16
648.0	0.4381E-16
672.6	0.4188E-16
698.3	0.4001E-16
724.9	0.3821E-16
752.5	0.3647E-16
781.1	0.3479E-16
810.9	0.3316E-16
841.8	0.3160E-16
873.8	0.3008E-16
907.1	0.2863E-16
941.6	0.2723E-16
977.5	0.2589E-16
1015.	0.2460E-16
1053.	0.2334E-16
1094.	0.2215E-16
1135.	0.2101E-16
1178.	0.1992E-16
1223.	0.1888E-16
1270.	0.1788E-16
1318.	0.1693E-16
1368.	0.1600E-16
1421.	0.1513E-16
1475.	0.1430E-16
1531.	0.1351E-16
1589.	0.1275E-16
1650.	0.1204E-16
1712.	0.1136E-16
1778.	0.1071E-16
1845.	0.1009E-16
1916.	0.9504E-17
1989.	0.8937E-17
2064.	0.8409E-17
2143.	0.7909E-17
2225.	0.7438E-17
2309.	0.6988E-17
2397.	0.6562E-17
2489.	0.6161E-17
2583.	0.5778E-17
2682.	0.5417E-17
2784.	0.5074E-17
2890.	0.4750E-17
 
 
C6    F2    Excitation    0.42 eV                               
E/N (Td)	Rate coefficient (m3/s)
0.1000E-02	0.2244E-15
0.1038E-02	0.2253E-15
0.1078E-02	0.2253E-15
0.1119E-02	0.2253E-15
0.1161E-02	0.2253E-15
0.1205E-02	0.2253E-15
0.1251E-02	0.2253E-15
0.1299E-02	0.2253E-15
0.1349E-02	0.2253E-15
0.1400E-02	0.2253E-15
0.1453E-02	0.2253E-15
0.1509E-02	0.2253E-15
0.1566E-02	0.2253E-15
0.1626E-02	0.2253E-15
0.1688E-02	0.2253E-15
0.1752E-02	0.2253E-15
0.1819E-02	0.2253E-15
0.1888E-02	0.2253E-15
0.1960E-02	0.2253E-15
0.2034E-02	0.2253E-15
0.2112E-02	0.2253E-15
0.2192E-02	0.2253E-15
0.2276E-02	0.2253E-15
0.2362E-02	0.2253E-15
0.2452E-02	0.2253E-15
0.2546E-02	0.2253E-15
0.2643E-02	0.2253E-15
0.2743E-02	0.2253E-15
0.2848E-02	0.2253E-15
0.2956E-02	0.2253E-15
0.3069E-02	0.2253E-15
0.3186E-02	0.2253E-15
0.3307E-02	0.2253E-15
0.3433E-02	0.2253E-15
0.3564E-02	0.2253E-15
0.3700E-02	0.2253E-15
0.3841E-02	0.2253E-15
0.3987E-02	0.2253E-15
0.4139E-02	0.2253E-15
0.4296E-02	0.2253E-15
0.4460E-02	0.2253E-15
0.4630E-02	0.2253E-15
0.4806E-02	0.2253E-15
0.4989E-02	0.2253E-15
0.5179E-02	0.2253E-15
0.5377E-02	0.2253E-15
0.5581E-02	0.2253E-15
0.5794E-02	0.2253E-15
0.6015E-02	0.2253E-15
0.6244E-02	0.2253E-15
0.6481E-02	0.2253E-15
0.6728E-02	0.2253E-15
0.6985E-02	0.2253E-15
0.7251E-02	0.2253E-15
0.7527E-02	0.2253E-15
0.7813E-02	0.2253E-15
0.8111E-02	0.2253E-15
0.8420E-02	0.2253E-15
0.8741E-02	0.2253E-15
0.9073E-02	0.2253E-15
0.9419E-02	0.2253E-15
0.9778E-02	0.2253E-15
0.1015E-01	0.2253E-15
0.1054E-01	0.2253E-15
0.1094E-01	0.2253E-15
0.1135E-01	0.2253E-15
0.1179E-01	0.2253E-15
0.1224E-01	0.2253E-15
0.1270E-01	0.2253E-15
0.1319E-01	0.2253E-15
0.1369E-01	0.2253E-15
0.1421E-01	0.2253E-15
0.1475E-01	0.2253E-15
0.1531E-01	0.2252E-15
0.1590E-01	0.2252E-15
0.1650E-01	0.2252E-15
0.1713E-01	0.2252E-15
0.1778E-01	0.2252E-15
0.1846E-01	0.2252E-15
0.1916E-01	0.2252E-15
0.1989E-01	0.2252E-15
0.2065E-01	0.2252E-15
0.2144E-01	0.2252E-15
0.2225E-01	0.2252E-15
0.2310E-01	0.2252E-15
0.2398E-01	0.2252E-15
0.2489E-01	0.2252E-15
0.2584E-01	0.2252E-15
0.2682E-01	0.2252E-15
0.2785E-01	0.2252E-15
0.2891E-01	0.2252E-15
0.3001E-01	0.2252E-15
0.3115E-01	0.2252E-15
0.3234E-01	0.2252E-15
0.3357E-01	0.2251E-15
0.3485E-01	0.2251E-15
0.3617E-01	0.2251E-15
0.3755E-01	0.2251E-15
0.3898E-01	0.2251E-15
0.4047E-01	0.2251E-15
0.4201E-01	0.2251E-15
0.4361E-01	0.2251E-15
0.4527E-01	0.2250E-15
0.4699E-01	0.2250E-15
0.4878E-01	0.2250E-15
0.5064E-01	0.2250E-15
0.5257E-01	0.2249E-15
0.5457E-01	0.2249E-15
0.5665E-01	0.2249E-15
0.5881E-01	0.2249E-15
0.6105E-01	0.2248E-15
0.6337E-01	0.2248E-15
0.6579E-01	0.2248E-15
0.6829E-01	0.2247E-15
0.7089E-01	0.2247E-15
0.7359E-01	0.2246E-15
0.7640E-01	0.2246E-15
0.7931E-01	0.2245E-15
0.8233E-01	0.2245E-15
0.8546E-01	0.2244E-15
0.8872E-01	0.2244E-15
0.9210E-01	0.2243E-15
0.9560E-01	0.2242E-15
0.9924E-01	0.2241E-15
0.1030	0.2240E-15
0.1069	0.2239E-15
0.1110	0.2238E-15
0.1152	0.2237E-15
0.1196	0.2236E-15
0.1242	0.2235E-15
0.1289	0.2234E-15
0.1338	0.2232E-15
0.1389	0.2231E-15
0.1442	0.2229E-15
0.1497	0.2227E-15
0.1554	0.2225E-15
0.1613	0.2224E-15
0.1675	0.2221E-15
0.1739	0.2219E-15
0.1805	0.2217E-15
0.1874	0.2214E-15
0.1945	0.2211E-15
0.2019	0.2209E-15
0.2096	0.2205E-15
0.2176	0.2202E-15
0.2259	0.2199E-15
0.2345	0.2195E-15
0.2434	0.2191E-15
0.2527	0.2187E-15
0.2623	0.2183E-15
0.2723	0.2178E-15
0.2826	0.2173E-15
0.2934	0.2168E-15
0.3046	0.2163E-15
0.3162	0.2157E-15
0.3282	0.2151E-15
0.3407	0.2145E-15
0.3537	0.2139E-15
0.3672	0.2132E-15
0.3812	0.2125E-15
0.3957	0.2118E-15
0.4107	0.2110E-15
0.4264	0.2103E-15
0.4426	0.2095E-15
0.4595	0.2086E-15
0.4770	0.2078E-15
0.4952	0.2069E-15
0.5140	0.2060E-15
0.5336	0.2050E-15
0.5539	0.2041E-15
0.5750	0.2031E-15
0.5969	0.2021E-15
0.6196	0.2010E-15
0.6432	0.2000E-15
0.6677	0.1989E-15
0.6932	0.1978E-15
0.7196	0.1966E-15
0.7470	0.1955E-15
0.7754	0.1943E-15
0.8050	0.1931E-15
0.8356	0.1919E-15
0.8674	0.1907E-15
0.9005	0.1894E-15
0.9348	0.1882E-15
0.9704	0.1869E-15
1.007	0.1856E-15
1.046	0.1843E-15
1.086	0.1829E-15
1.127	0.1816E-15
1.170	0.1802E-15
1.214	0.1789E-15
1.261	0.1775E-15
1.309	0.1761E-15
1.358	0.1747E-15
1.410	0.1733E-15
1.464	0.1719E-15
1.520	0.1705E-15
1.578	0.1691E-15
1.638	0.1677E-15
1.700	0.1662E-15
1.765	0.1648E-15
1.832	0.1634E-15
1.902	0.1620E-15
1.974	0.1606E-15
2.049	0.1592E-15
2.127	0.1578E-15
2.208	0.1564E-15
2.293	0.1550E-15
2.380	0.1537E-15
2.470	0.1523E-15
2.565	0.1510E-15
2.662	0.1497E-15
2.764	0.1484E-15
2.869	0.1471E-15
2.978	0.1458E-15
3.092	0.1446E-15
3.209	0.1434E-15
3.332	0.1422E-15
3.458	0.1411E-15
3.590	0.1399E-15
3.727	0.1388E-15
3.869	0.1378E-15
4.016	0.1368E-15
4.169	0.1358E-15
4.328	0.1348E-15
4.493	0.1339E-15
4.664	0.1331E-15
4.841	0.1323E-15
5.026	0.1315E-15
5.217	0.1308E-15
5.416	0.1301E-15
5.622	0.1295E-15
5.836	0.1289E-15
6.059	0.1284E-15
6.289	0.1279E-15
6.529	0.1275E-15
6.778	0.1272E-15
7.036	0.1269E-15
7.304	0.1267E-15
7.582	0.1266E-15
7.871	0.1264E-15
8.170	0.1264E-15
8.482	0.1264E-15
8.805	0.1265E-15
9.140	0.1266E-15
9.488	0.1267E-15
9.849	0.1269E-15
10.22	0.1272E-15
10.61	0.1274E-15
11.02	0.1277E-15
11.44	0.1280E-15
11.87	0.1284E-15
12.33	0.1287E-15
12.80	0.1291E-15
13.28	0.1294E-15
13.79	0.1298E-15
14.31	0.1301E-15
14.86	0.1304E-15
15.42	0.1307E-15
16.01	0.1310E-15
16.62	0.1313E-15
17.25	0.1316E-15
17.91	0.1318E-15
18.59	0.1320E-15
19.30	0.1322E-15
20.04	0.1324E-15
20.80	0.1325E-15
21.59	0.1326E-15
22.42	0.1326E-15
23.27	0.1326E-15
24.16	0.1326E-15
25.08	0.1325E-15
26.03	0.1324E-15
27.02	0.1322E-15
28.05	0.1320E-15
29.12	0.1317E-15
30.23	0.1313E-15
31.38	0.1309E-15
32.57	0.1304E-15
33.82	0.1299E-15
35.10	0.1293E-15
36.44	0.1286E-15
37.83	0.1278E-15
39.27	0.1269E-15
40.76	0.1260E-15
42.32	0.1249E-15
43.93	0.1238E-15
45.60	0.1225E-15
47.34	0.1212E-15
49.14	0.1198E-15
51.01	0.1183E-15
52.96	0.1167E-15
54.97	0.1150E-15
57.07	0.1132E-15
59.24	0.1114E-15
61.50	0.1094E-15
63.84	0.1075E-15
66.27	0.1054E-15
68.79	0.1034E-15
71.41	0.1013E-15
74.13	0.9912E-16
76.96	0.9696E-16
79.89	0.9479E-16
82.93	0.9261E-16
86.09	0.9044E-16
89.37	0.8827E-16
92.77	0.8612E-16
96.31	0.8398E-16
99.97	0.8187E-16
103.8	0.7978E-16
107.7	0.7773E-16
111.8	0.7571E-16
116.1	0.7372E-16
120.5	0.7177E-16
125.1	0.6985E-16
129.9	0.6797E-16
134.8	0.6612E-16
140.0	0.6431E-16
145.3	0.6254E-16
150.8	0.6080E-16
156.6	0.5910E-16
162.5	0.5743E-16
168.7	0.5579E-16
175.1	0.5419E-16
181.8	0.5262E-16
188.7	0.5108E-16
195.9	0.4957E-16
203.4	0.4809E-16
211.1	0.4663E-16
219.2	0.4522E-16
227.5	0.4382E-16
236.2	0.4246E-16
245.2	0.4112E-16
254.5	0.3981E-16
264.2	0.3853E-16
274.3	0.3727E-16
284.7	0.3604E-16
295.6	0.3483E-16
306.8	0.3366E-16
318.5	0.3251E-16
330.6	0.3139E-16
343.2	0.3029E-16
356.3	0.2921E-16
369.9	0.2816E-16
384.0	0.2714E-16
398.6	0.2614E-16
413.8	0.2517E-16
429.5	0.2422E-16
445.9	0.2330E-16
462.9	0.2240E-16
480.5	0.2152E-16
498.8	0.2067E-16
517.8	0.1984E-16
537.5	0.1903E-16
558.0	0.1824E-16
579.2	0.1748E-16
601.3	0.1674E-16
624.2	0.1603E-16
648.0	0.1533E-16
672.6	0.1466E-16
698.3	0.1400E-16
724.9	0.1337E-16
752.5	0.1276E-16
781.1	0.1218E-16
810.9	0.1161E-16
841.8	0.1106E-16
873.8	0.1053E-16
907.1	0.1002E-16
941.6	0.9530E-17
977.5	0.9061E-17
1015.	0.8609E-17
1053.	0.8171E-17
1094.	0.7755E-17
1135.	0.7356E-17
1178.	0.6974E-17
1223.	0.6608E-17
1270.	0.6260E-17
1318.	0.5925E-17
1368.	0.5602E-17
1421.	0.5297E-17
1475.	0.5006E-17
1531.	0.4729E-17
1589.	0.4465E-17
1650.	0.4217E-17
1712.	0.3977E-17
1778.	0.3750E-17
1845.	0.3532E-17
1916.	0.3327E-17
1989.	0.3128E-17
2064.	0.2944E-17
2143.	0.2769E-17
2225.	0.2604E-17
2309.	0.2446E-17
2397.	0.2297E-17
2489.	0.2157E-17
2583.	0.2023E-17
2682.	0.1896E-17
2784.	0.1776E-17
2890.	0.1663E-17
 
 
C7    F2    Excitation    11.57 eV                              
E/N (Td)	Rate coefficient (m3/s)
0.1000E-02	0.000
0.1038E-02	0.000
0.1078E-02	0.000
0.1119E-02	0.000
0.1161E-02	0.000
0.1205E-02	0.000
0.1251E-02	0.000
0.1299E-02	0.000
0.1349E-02	0.000
0.1400E-02	0.000
0.1453E-02	0.000
0.1509E-02	0.000
0.1566E-02	0.000
0.1626E-02	0.000
0.1688E-02	0.000
0.1752E-02	0.000
0.1819E-02	0.000
0.1888E-02	0.000
0.1960E-02	0.000
0.2034E-02	0.000
0.2112E-02	0.000
0.2192E-02	0.000
0.2276E-02	0.000
0.2362E-02	0.000
0.2452E-02	0.000
0.2546E-02	0.000
0.2643E-02	0.000
0.2743E-02	0.000
0.2848E-02	0.000
0.2956E-02	0.000
0.3069E-02	0.000
0.3186E-02	0.000
0.3307E-02	0.000
0.3433E-02	0.000
0.3564E-02	0.000
0.3700E-02	0.000
0.3841E-02	0.000
0.3987E-02	0.000
0.4139E-02	0.000
0.4296E-02	0.000
0.4460E-02	0.000
0.4630E-02	0.000
0.4806E-02	0.000
0.4989E-02	0.000
0.5179E-02	0.000
0.5377E-02	0.000
0.5581E-02	0.000
0.5794E-02	0.000
0.6015E-02	0.000
0.6244E-02	0.000
0.6481E-02	0.000
0.6728E-02	0.000
0.6985E-02	0.000
0.7251E-02	0.000
0.7527E-02	0.000
0.7813E-02	0.000
0.8111E-02	0.000
0.8420E-02	0.000
0.8741E-02	0.000
0.9073E-02	0.000
0.9419E-02	0.000
0.9778E-02	0.000
0.1015E-01	0.000
0.1054E-01	0.000
0.1094E-01	0.000
0.1135E-01	0.000
0.1179E-01	0.000
0.1224E-01	0.000
0.1270E-01	0.000
0.1319E-01	0.000
0.1369E-01	0.000
0.1421E-01	0.000
0.1475E-01	0.000
0.1531E-01	0.000
0.1590E-01	0.000
0.1650E-01	0.000
0.1713E-01	0.000
0.1778E-01	0.000
0.1846E-01	0.000
0.1916E-01	0.000
0.1989E-01	0.000
0.2065E-01	0.000
0.2144E-01	0.000
0.2225E-01	0.000
0.2310E-01	0.000
0.2398E-01	0.000
0.2489E-01	0.000
0.2584E-01	0.000
0.2682E-01	0.000
0.2785E-01	0.000
0.2891E-01	0.000
0.3001E-01	0.000
0.3115E-01	0.000
0.3234E-01	0.000
0.3357E-01	0.000
0.3485E-01	0.000
0.3617E-01	0.000
0.3755E-01	0.000
0.3898E-01	0.000
0.4047E-01	0.000
0.4201E-01	0.000
0.4361E-01	0.000
0.4527E-01	0.000
0.4699E-01	0.000
0.4878E-01	0.000
0.5064E-01	0.000
0.5257E-01	0.000
0.5457E-01	0.000
0.5665E-01	0.000
0.5881E-01	0.000
0.6105E-01	0.000
0.6337E-01	0.000
0.6579E-01	0.000
0.6829E-01	0.000
0.7089E-01	0.000
0.7359E-01	0.000
0.7640E-01	0.000
0.7931E-01	0.000
0.8233E-01	0.000
0.8546E-01	0.000
0.8872E-01	0.000
0.9210E-01	0.000
0.9560E-01	0.000
0.9924E-01	0.000
0.1030	0.000
0.1069	0.000
0.1110	0.000
0.1152	0.000
0.1196	0.000
0.1242	0.000
0.1289	0.000
0.1338	0.000
0.1389	0.000
0.1442	0.000
0.1497	0.000
0.1554	0.000
0.1613	0.000
0.1675	0.000
0.1739	0.000
0.1805	0.000
0.1874	0.000
0.1945	0.000
0.2019	0.000
0.2096	0.000
0.2176	0.000
0.2259	0.000
0.2345	0.000
0.2434	0.000
0.2527	0.000
0.2623	0.000
0.2723	0.000
0.2826	0.000
0.2934	0.000
0.3046	0.000
0.3162	0.000
0.3282	0.000
0.3407	0.000
0.3537	0.000
0.3672	0.000
0.3812	0.000
0.3957	0.000
0.4107	0.000
0.4264	0.000
0.4426	0.000
0.4595	0.000
0.4770	0.000
0.4952	0.000
0.5140	0.000
0.5336	0.000
0.5539	0.000
0.5750	0.000
0.5969	0.000
0.6196	0.000
0.6432	0.000
0.6677	0.000
0.6932	0.000
0.7196	0.000
0.7470	0.000
0.7754	0.000
0.8050	0.000
0.8356	0.000
0.8674	0.000
0.9005	0.000
0.9348	0.000
0.9704	0.000
1.007	0.000
1.046	0.000
1.086	0.000
1.127	0.000
1.170	0.000
1.214	0.000
1.261	0.000
1.309	0.000
1.358	0.000
1.410	0.000
1.464	0.000
1.520	0.000
1.578	0.000
1.638	0.000
1.700	0.000
1.765	0.000
1.832	0.000
1.902	0.000
1.974	0.000
2.049	0.000
2.127	0.000
2.208	0.000
2.293	0.000
2.380	0.000
2.470	0.000
2.565	0.000
2.662	0.000
2.764	0.000
2.869	0.000
2.978	0.000
3.092	0.000
3.209	0.000
3.332	0.000
3.458	0.000
3.590	0.000
3.727	0.000
3.869	0.000
4.016	0.000
4.169	0.000
4.328	0.000
4.493	0.000
4.664	0.000
4.841	0.000
5.026	0.000
5.217	0.000
5.416	0.000
5.622	0.000
5.836	0.000
6.059	0.000
6.289	0.000
6.529	0.000
6.778	0.000
7.036	0.000
7.304	0.000
7.582	0.000
7.871	0.000
8.170	0.000
8.482	0.000
8.805	0.000
9.140	0.1826E-27
9.488	0.4954E-27
9.849	0.1295E-26
10.22	0.3267E-26
10.61	0.7965E-26
11.02	0.1878E-25
11.44	0.5896E-25
11.87	0.1339E-24
12.33	0.2954E-24
12.80	0.6346E-24
13.28	0.1328E-23
13.79	0.2710E-23
14.31	0.5474E-23
14.86	0.1067E-22
15.42	0.2036E-22
16.01	0.3804E-22
16.62	0.6968E-22
17.25	0.1252E-21
17.91	0.2217E-21
18.59	0.3842E-21
19.30	0.6549E-21
20.04	0.1098E-20
20.80	0.1814E-20
21.59	0.2953E-20
22.42	0.4738E-20
23.27	0.7513E-20
24.16	0.1173E-19
25.08	0.1809E-19
26.03	0.2756E-19
27.02	0.4149E-19
28.05	0.6174E-19
29.12	0.9086E-19
30.23	0.1324E-18
31.38	0.1907E-18
32.57	0.2718E-18
33.82	0.3836E-18
35.10	0.5361E-18
36.44	0.7420E-18
37.83	0.1017E-17
39.27	0.1382E-17
40.76	0.1860E-17
42.32	0.2481E-17
43.93	0.3279E-17
45.60	0.4296E-17
47.34	0.5581E-17
49.14	0.7190E-17
51.01	0.9183E-17
52.96	0.1163E-16
54.97	0.1462E-16
57.07	0.1822E-16
59.24	0.2254E-16
61.50	0.2768E-16
63.84	0.3374E-16
66.27	0.4082E-16
68.79	0.4906E-16
71.41	0.5855E-16
74.13	0.6943E-16
76.96	0.8183E-16
79.89	0.9584E-16
82.93	0.1116E-15
86.09	0.1292E-15
89.37	0.1488E-15
92.77	0.1706E-15
96.31	0.1945E-15
99.97	0.2208E-15
103.8	0.2494E-15
107.7	0.2807E-15
111.8	0.3146E-15
116.1	0.3512E-15
120.5	0.3907E-15
125.1	0.4332E-15
129.9	0.4787E-15
134.8	0.5274E-15
140.0	0.5794E-15
145.3	0.6348E-15
150.8	0.6938E-15
156.6	0.7564E-15
162.5	0.8227E-15
168.7	0.8930E-15
175.1	0.9673E-15
181.8	0.1046E-14
188.7	0.1129E-14
195.9	0.1216E-14
203.4	0.1308E-14
211.1	0.1405E-14
219.2	0.1506E-14
227.5	0.1613E-14
236.2	0.1725E-14
245.2	0.1843E-14
254.5	0.1967E-14
264.2	0.2096E-14
274.3	0.2231E-14
284.7	0.2373E-14
295.6	0.2521E-14
306.8	0.2676E-14
318.5	0.2837E-14
330.6	0.3006E-14
343.2	0.3182E-14
356.3	0.3365E-14
369.9	0.3555E-14
384.0	0.3754E-14
398.6	0.3960E-14
413.8	0.4174E-14
429.5	0.4396E-14
445.9	0.4627E-14
462.9	0.4865E-14
480.5	0.5112E-14
498.8	0.5367E-14
517.8	0.5631E-14
537.5	0.5903E-14
558.0	0.6183E-14
579.2	0.6472E-14
601.3	0.6769E-14
624.2	0.7073E-14
648.0	0.7386E-14
672.6	0.7706E-14
698.3	0.8033E-14
724.9	0.8368E-14
752.5	0.8710E-14
781.1	0.9058E-14
810.9	0.9412E-14
841.8	0.9772E-14
873.8	0.1014E-13
907.1	0.1051E-13
941.6	0.1088E-13
977.5	0.1126E-13
1015.	0.1164E-13
1053.	0.1202E-13
1094.	0.1241E-13
1135.	0.1280E-13
1178.	0.1318E-13
1223.	0.1357E-13
1270.	0.1396E-13
1318.	0.1435E-13
1368.	0.1473E-13
1421.	0.1512E-13
1475.	0.1550E-13
1531.	0.1587E-13
1589.	0.1625E-13
1650.	0.1662E-13
1712.	0.1698E-13
1778.	0.1734E-13
1845.	0.1769E-13
1916.	0.1804E-13
1989.	0.1837E-13
2064.	0.1870E-13
2143.	0.1903E-13
2225.	0.1934E-13
2309.	0.1965E-13
2397.	0.1994E-13
2489.	0.2023E-13
2583.	0.2051E-13
2682.	0.2078E-13
2784.	0.2104E-13
2890.	0.2129E-13
 
 
C8    F2    Excitation    13.08 eV                              
E/N (Td)	Rate coefficient (m3/s)
0.1000E-02	0.000
0.1038E-02	0.000
0.1078E-02	0.000
0.1119E-02	0.000
0.1161E-02	0.000
0.1205E-02	0.000
0.1251E-02	0.000
0.1299E-02	0.000
0.1349E-02	0.000
0.1400E-02	0.000
0.1453E-02	0.000
0.1509E-02	0.000
0.1566E-02	0.000
0.1626E-02	0.000
0.1688E-02	0.000
0.1752E-02	0.000
0.1819E-02	0.000
0.1888E-02	0.000
0.1960E-02	0.000
0.2034E-02	0.000
0.2112E-02	0.000
0.2192E-02	0.000
0.2276E-02	0.000
0.2362E-02	0.000
0.2452E-02	0.000
0.2546E-02	0.000
0.2643E-02	0.000
0.2743E-02	0.000
0.2848E-02	0.000
0.2956E-02	0.000
0.3069E-02	0.000
0.3186E-02	0.000
0.3307E-02	0.000
0.3433E-02	0.000
0.3564E-02	0.000
0.3700E-02	0.000
0.3841E-02	0.000
0.3987E-02	0.000
0.4139E-02	0.000
0.4296E-02	0.000
0.4460E-02	0.000
0.4630E-02	0.000
0.4806E-02	0.000
0.4989E-02	0.000
0.5179E-02	0.000
0.5377E-02	0.000
0.5581E-02	0.000
0.5794E-02	0.000
0.6015E-02	0.000
0.6244E-02	0.000
0.6481E-02	0.000
0.6728E-02	0.000
0.6985E-02	0.000
0.7251E-02	0.000
0.7527E-02	0.000
0.7813E-02	0.000
0.8111E-02	0.000
0.8420E-02	0.000
0.8741E-02	0.000
0.9073E-02	0.000
0.9419E-02	0.000
0.9778E-02	0.000
0.1015E-01	0.000
0.1054E-01	0.000
0.1094E-01	0.000
0.1135E-01	0.000
0.1179E-01	0.000
0.1224E-01	0.000
0.1270E-01	0.000
0.1319E-01	0.000
0.1369E-01	0.000
0.1421E-01	0.000
0.1475E-01	0.000
0.1531E-01	0.000
0.1590E-01	0.000
0.1650E-01	0.000
0.1713E-01	0.000
0.1778E-01	0.000
0.1846E-01	0.000
0.1916E-01	0.000
0.1989E-01	0.000
0.2065E-01	0.000
0.2144E-01	0.000
0.2225E-01	0.000
0.2310E-01	0.000
0.2398E-01	0.000
0.2489E-01	0.000
0.2584E-01	0.000
0.2682E-01	0.000
0.2785E-01	0.000
0.2891E-01	0.000
0.3001E-01	0.000
0.3115E-01	0.000
0.3234E-01	0.000
0.3357E-01	0.000
0.3485E-01	0.000
0.3617E-01	0.000
0.3755E-01	0.000
0.3898E-01	0.000
0.4047E-01	0.000
0.4201E-01	0.000
0.4361E-01	0.000
0.4527E-01	0.000
0.4699E-01	0.000
0.4878E-01	0.000
0.5064E-01	0.000
0.5257E-01	0.000
0.5457E-01	0.000
0.5665E-01	0.000
0.5881E-01	0.000
0.6105E-01	0.000
0.6337E-01	0.000
0.6579E-01	0.000
0.6829E-01	0.000
0.7089E-01	0.000
0.7359E-01	0.000
0.7640E-01	0.000
0.7931E-01	0.000
0.8233E-01	0.000
0.8546E-01	0.000
0.8872E-01	0.000
0.9210E-01	0.000
0.9560E-01	0.000
0.9924E-01	0.000
0.1030	0.000
0.1069	0.000
0.1110	0.000
0.1152	0.000
0.1196	0.000
0.1242	0.000
0.1289	0.000
0.1338	0.000
0.1389	0.000
0.1442	0.000
0.1497	0.000
0.1554	0.000
0.1613	0.000
0.1675	0.000
0.1739	0.000
0.1805	0.000
0.1874	0.000
0.1945	0.000
0.2019	0.000
0.2096	0.000
0.2176	0.000
0.2259	0.000
0.2345	0.000
0.2434	0.000
0.2527	0.000
0.2623	0.000
0.2723	0.000
0.2826	0.000
0.2934	0.000
0.3046	0.000
0.3162	0.000
0.3282	0.000
0.3407	0.000
0.3537	0.000
0.3672	0.000
0.3812	0.000
0.3957	0.000
0.4107	0.000
0.4264	0.000
0.4426	0.000
0.4595	0.000
0.4770	0.000
0.4952	0.000
0.5140	0.000
0.5336	0.000
0.5539	0.000
0.5750	0.000
0.5969	0.000
0.6196	0.000
0.6432	0.000
0.6677	0.000
0.6932	0.000
0.7196	0.000
0.7470	0.000
0.7754	0.000
0.8050	0.000
0.8356	0.000
0.8674	0.000
0.9005	0.000
0.9348	0.000
0.9704	0.000
1.007	0.000
1.046	0.000
1.086	0.000
1.127	0.000
1.170	0.000
1.214	0.000
1.261	0.000
1.309	0.000
1.358	0.000
1.410	0.000
1.464	0.000
1.520	0.000
1.578	0.000
1.638	0.000
1.700	0.000
1.765	0.000
1.832	0.000
1.902	0.000
1.974	0.000
2.049	0.000
2.127	0.000
2.208	0.000
2.293	0.000
2.380	0.000
2.470	0.000
2.565	0.000
2.662	0.000
2.764	0.000
2.869	0.000
2.978	0.000
3.092	0.000
3.209	0.000
3.332	0.000
3.458	0.000
3.590	0.000
3.727	0.000
3.869	0.000
4.016	0.000
4.169	0.000
4.328	0.000
4.493	0.000
4.664	0.000
4.841	0.000
5.026	0.000
5.217	0.000
5.416	0.000
5.622	0.000
5.836	0.000
6.059	0.000
6.289	0.000
6.529	0.000
6.778	0.000
7.036	0.000
7.304	0.000
7.582	0.000
7.871	0.000
8.170	0.000
8.482	0.000
8.805	0.000
9.140	0.000
9.488	0.000
9.849	0.000
10.22	0.000
10.61	0.000
11.02	0.000
11.44	0.7638E-28
11.87	0.1977E-27
12.33	0.4946E-27
12.80	0.1197E-26
13.28	0.2807E-26
13.79	0.6386E-26
14.31	0.1558E-25
14.86	0.3380E-25
15.42	0.7146E-25
16.01	0.1473E-24
16.62	0.2965E-24
17.25	0.5831E-24
17.91	0.1127E-23
18.59	0.2123E-23
19.30	0.3917E-23
20.04	0.7088E-23
20.80	0.1259E-22
21.59	0.2196E-22
22.42	0.3765E-22
23.27	0.6365E-22
24.16	0.1056E-21
25.08	0.1725E-21
26.03	0.2778E-21
27.02	0.4408E-21
28.05	0.6900E-21
29.12	0.1066E-20
30.23	0.1626E-20
31.38	0.2448E-20
32.57	0.3640E-20
33.82	0.5348E-20
35.10	0.7768E-20
36.44	0.1116E-19
37.83	0.1585E-19
39.27	0.2229E-19
40.76	0.3099E-19
42.32	0.4266E-19
43.93	0.5813E-19
45.60	0.7844E-19
47.34	0.1048E-18
49.14	0.1389E-18
51.01	0.1822E-18
52.96	0.2369E-18
54.97	0.3055E-18
57.07	0.3905E-18
59.24	0.4951E-18
61.50	0.6228E-18
63.84	0.7774E-18
66.27	0.9631E-18
68.79	0.1185E-17
71.41	0.1447E-17
74.13	0.1756E-17
76.96	0.2117E-17
79.89	0.2536E-17
82.93	0.3021E-17
86.09	0.3578E-17
89.37	0.4216E-17
92.77	0.4942E-17
96.31	0.5765E-17
99.97	0.6694E-17
103.8	0.7739E-17
107.7	0.8910E-17
111.8	0.1022E-16
116.1	0.1168E-16
120.5	0.1329E-16
125.1	0.1509E-16
129.9	0.1707E-16
134.8	0.1925E-16
140.0	0.2165E-16
145.3	0.2429E-16
150.8	0.2718E-16
156.6	0.3035E-16
162.5	0.3381E-16
168.7	0.3758E-16
175.1	0.4169E-16
181.8	0.4617E-16
188.7	0.5104E-16
195.9	0.5632E-16
203.4	0.6205E-16
211.1	0.6826E-16
219.2	0.7498E-16
227.5	0.8224E-16
236.2	0.9008E-16
245.2	0.9855E-16
254.5	0.1077E-15
264.2	0.1175E-15
274.3	0.1281E-15
284.7	0.1394E-15
295.6	0.1516E-15
306.8	0.1647E-15
318.5	0.1787E-15
330.6	0.1937E-15
343.2	0.2097E-15
356.3	0.2268E-15
369.9	0.2450E-15
384.0	0.2645E-15
398.6	0.2852E-15
413.8	0.3073E-15
429.5	0.3306E-15
445.9	0.3555E-15
462.9	0.3818E-15
480.5	0.4096E-15
498.8	0.4389E-15
517.8	0.4700E-15
537.5	0.5026E-15
558.0	0.5371E-15
579.2	0.5733E-15
601.3	0.6113E-15
624.2	0.6510E-15
648.0	0.6926E-15
672.6	0.7361E-15
698.3	0.7814E-15
724.9	0.8286E-15
752.5	0.8778E-15
781.1	0.9287E-15
810.9	0.9816E-15
841.8	0.1036E-14
873.8	0.1093E-14
907.1	0.1151E-14
941.6	0.1210E-14
977.5	0.1272E-14
1015.	0.1335E-14
1053.	0.1399E-14
1094.	0.1465E-14
1135.	0.1532E-14
1178.	0.1600E-14
1223.	0.1670E-14
1270.	0.1740E-14
1318.	0.1811E-14
1368.	0.1883E-14
1421.	0.1956E-14
1475.	0.2029E-14
1531.	0.2102E-14
1589.	0.2175E-14
1650.	0.2249E-14
1712.	0.2322E-14
1778.	0.2396E-14
1845.	0.2469E-14
1916.	0.2541E-14
1989.	0.2613E-14
2064.	0.2684E-14
2143.	0.2754E-14
2225.	0.2822E-14
2309.	0.2890E-14
2397.	0.2957E-14
2489.	0.3022E-14
2583.	0.3086E-14
2682.	0.3147E-14
2784.	0.3207E-14
2890.	0.3265E-14
 
 
C9    F2    Excitation    3.16 eV                               
E/N (Td)	Rate coefficient (m3/s)
0.1000E-02	0.1706E-21
0.1038E-02	0.1508E-21
0.1078E-02	0.1508E-21
0.1119E-02	0.1508E-21
0.1161E-02	0.1508E-21
0.1205E-02	0.1508E-21
0.1251E-02	0.1508E-21
0.1299E-02	0.1508E-21
0.1349E-02	0.1508E-21
0.1400E-02	0.1508E-21
0.1453E-02	0.1508E-21
0.1509E-02	0.1508E-21
0.1566E-02	0.1508E-21
0.1626E-02	0.1508E-21
0.1688E-02	0.1509E-21
0.1752E-02	0.1509E-21
0.1819E-02	0.1509E-21
0.1888E-02	0.1509E-21
0.1960E-02	0.1509E-21
0.2034E-02	0.1509E-21
0.2112E-02	0.1509E-21
0.2192E-02	0.1509E-21
0.2276E-02	0.1509E-21
0.2362E-02	0.1509E-21
0.2452E-02	0.1509E-21
0.2546E-02	0.1509E-21
0.2643E-02	0.1509E-21
0.2743E-02	0.1509E-21
0.2848E-02	0.1509E-21
0.2956E-02	0.1509E-21
0.3069E-02	0.1509E-21
0.3186E-02	0.1509E-21
0.3307E-02	0.1509E-21
0.3433E-02	0.1509E-21
0.3564E-02	0.1509E-21
0.3700E-02	0.1509E-21
0.3841E-02	0.1509E-21
0.3987E-02	0.1509E-21
0.4139E-02	0.1509E-21
0.4296E-02	0.1509E-21
0.4460E-02	0.1509E-21
0.4630E-02	0.1509E-21
0.4806E-02	0.1509E-21
0.4989E-02	0.1510E-21
0.5179E-02	0.1510E-21
0.5377E-02	0.1510E-21
0.5581E-02	0.1510E-21
0.5794E-02	0.1510E-21
0.6015E-02	0.1510E-21
0.6244E-02	0.1510E-21
0.6481E-02	0.1510E-21
0.6728E-02	0.1510E-21
0.6985E-02	0.1511E-21
0.7251E-02	0.1511E-21
0.7527E-02	0.1511E-21
0.7813E-02	0.1511E-21
0.8111E-02	0.1511E-21
0.8420E-02	0.1512E-21
0.8741E-02	0.1512E-21
0.9073E-02	0.1512E-21
0.9419E-02	0.1512E-21
0.9778E-02	0.1513E-21
0.1015E-01	0.1513E-21
0.1054E-01	0.1514E-21
0.1094E-01	0.1514E-21
0.1135E-01	0.1514E-21
0.1179E-01	0.1515E-21
0.1224E-01	0.1515E-21
0.1270E-01	0.1516E-21
0.1319E-01	0.1516E-21
0.1369E-01	0.1517E-21
0.1421E-01	0.1518E-21
0.1475E-01	0.1518E-21
0.1531E-01	0.1519E-21
0.1590E-01	0.1520E-21
0.1650E-01	0.1521E-21
0.1713E-01	0.1522E-21
0.1778E-01	0.1523E-21
0.1846E-01	0.1524E-21
0.1916E-01	0.1525E-21
0.1989E-01	0.1527E-21
0.2065E-01	0.1528E-21
0.2144E-01	0.1530E-21
0.2225E-01	0.1531E-21
0.2310E-01	0.1533E-21
0.2398E-01	0.1535E-21
0.2489E-01	0.1537E-21
0.2584E-01	0.1540E-21
0.2682E-01	0.1542E-21
0.2785E-01	0.1545E-21
0.2891E-01	0.1547E-21
0.3001E-01	0.1551E-21
0.3115E-01	0.1554E-21
0.3234E-01	0.1557E-21
0.3357E-01	0.1561E-21
0.3485E-01	0.1565E-21
0.3617E-01	0.1570E-21
0.3755E-01	0.1575E-21
0.3898E-01	0.1580E-21
0.4047E-01	0.1586E-21
0.4201E-01	0.1592E-21
0.4361E-01	0.1599E-21
0.4527E-01	0.1606E-21
0.4699E-01	0.1614E-21
0.4878E-01	0.1622E-21
0.5064E-01	0.1631E-21
0.5257E-01	0.1641E-21
0.5457E-01	0.1651E-21
0.5665E-01	0.1663E-21
0.5881E-01	0.1675E-21
0.6105E-01	0.1689E-21
0.6337E-01	0.1703E-21
0.6579E-01	0.1719E-21
0.6829E-01	0.1737E-21
0.7089E-01	0.1756E-21
0.7359E-01	0.1776E-21
0.7640E-01	0.1798E-21
0.7931E-01	0.1822E-21
0.8233E-01	0.1848E-21
0.8546E-01	0.1877E-21
0.8872E-01	0.1908E-21
0.9210E-01	0.1942E-21
0.9560E-01	0.1979E-21
0.9924E-01	0.2020E-21
0.1030	0.2065E-21
0.1069	0.2114E-21
0.1110	0.2167E-21
0.1152	0.2226E-21
0.1196	0.2291E-21
0.1242	0.2362E-21
0.1289	0.2441E-21
0.1338	0.2528E-21
0.1389	0.2624E-21
0.1442	0.2731E-21
0.1497	0.2849E-21
0.1554	0.2981E-21
0.1613	0.3128E-21
0.1675	0.3292E-21
0.1739	0.3476E-21
0.1805	0.3683E-21
0.1874	0.3915E-21
0.1945	0.4177E-21
0.2019	0.4473E-21
0.2096	0.4808E-21
0.2176	0.5189E-21
0.2259	0.5623E-21
0.2345	0.6119E-21
0.2434	0.6686E-21
0.2527	0.7338E-21
0.2623	0.8089E-21
0.2723	0.8955E-21
0.2826	0.9956E-21
0.2934	0.1112E-20
0.3046	0.1247E-20
0.3162	0.1404E-20
0.3282	0.1588E-20
0.3407	0.1804E-20
0.3537	0.2056E-20
0.3672	0.2353E-20
0.3812	0.2702E-20
0.3957	0.3114E-20
0.4107	0.3599E-20
0.4264	0.4172E-20
0.4426	0.4850E-20
0.4595	0.5652E-20
0.4770	0.6601E-20
0.4952	0.7725E-20
0.5140	0.9054E-20
0.5336	0.1063E-19
0.5539	0.1249E-19
0.5750	0.1470E-19
0.5969	0.1730E-19
0.6196	0.2038E-19
0.6432	0.2401E-19
0.6677	0.2830E-19
0.6932	0.3334E-19
0.7196	0.3928E-19
0.7470	0.4626E-19
0.7754	0.5445E-19
0.8050	0.6406E-19
0.8356	0.7529E-19
0.8674	0.8843E-19
0.9005	0.1037E-18
0.9348	0.1215E-18
0.9704	0.1423E-18
1.007	0.1664E-18
1.046	0.1943E-18
1.086	0.2266E-18
1.127	0.2639E-18
1.170	0.3069E-18
1.214	0.3564E-18
1.261	0.4133E-18
1.309	0.4785E-18
1.358	0.5530E-18
1.410	0.6381E-18
1.464	0.7351E-18
1.520	0.8454E-18
1.578	0.9702E-18
1.638	0.1112E-17
1.700	0.1272E-17
1.765	0.1453E-17
1.832	0.1656E-17
1.902	0.1885E-17
1.974	0.2140E-17
2.049	0.2427E-17
2.127	0.2746E-17
2.208	0.3102E-17
2.293	0.3496E-17
2.380	0.3934E-17
2.470	0.4419E-17
2.565	0.4953E-17
2.662	0.5542E-17
2.764	0.6189E-17
2.869	0.6898E-17
2.978	0.7674E-17
3.092	0.8522E-17
3.209	0.9446E-17
3.332	0.1045E-16
3.458	0.1154E-16
3.590	0.1272E-16
3.727	0.1400E-16
3.869	0.1538E-16
4.016	0.1686E-16
4.169	0.1846E-16
4.328	0.2017E-16
4.493	0.2200E-16
4.664	0.2396E-16
4.841	0.2606E-16
5.026	0.2829E-16
5.217	0.3066E-16
5.416	0.3318E-16
5.622	0.3585E-16
5.836	0.3868E-16
6.059	0.4166E-16
6.289	0.4481E-16
6.529	0.4813E-16
6.778	0.5162E-16
7.036	0.5527E-16
7.304	0.5910E-16
7.582	0.6311E-16
7.871	0.6730E-16
8.170	0.7167E-16
8.482	0.7622E-16
8.805	0.8095E-16
9.140	0.8586E-16
9.488	0.9097E-16
9.849	0.9627E-16
10.22	0.1018E-15
10.61	0.1075E-15
11.02	0.1134E-15
11.44	0.1195E-15
11.87	0.1259E-15
12.33	0.1325E-15
12.80	0.1394E-15
13.28	0.1465E-15
13.79	0.1539E-15
14.31	0.1617E-15
14.86	0.1698E-15
15.42	0.1782E-15
16.01	0.1871E-15
16.62	0.1963E-15
17.25	0.2060E-15
17.91	0.2161E-15
18.59	0.2267E-15
19.30	0.2379E-15
20.04	0.2496E-15
20.80	0.2619E-15
21.59	0.2749E-15
22.42	0.2885E-15
23.27	0.3028E-15
24.16	0.3180E-15
25.08	0.3339E-15
26.03	0.3507E-15
27.02	0.3684E-15
28.05	0.3871E-15
29.12	0.4067E-15
30.23	0.4275E-15
31.38	0.4494E-15
32.57	0.4725E-15
33.82	0.4969E-15
35.10	0.5225E-15
36.44	0.5496E-15
37.83	0.5780E-15
39.27	0.6080E-15
40.76	0.6394E-15
42.32	0.6724E-15
43.93	0.7070E-15
45.60	0.7431E-15
47.34	0.7808E-15
49.14	0.8200E-15
51.01	0.8608E-15
52.96	0.9030E-15
54.97	0.9466E-15
57.07	0.9915E-15
59.24	0.1038E-14
61.50	0.1085E-14
63.84	0.1132E-14
66.27	0.1181E-14
68.79	0.1230E-14
71.41	0.1280E-14
74.13	0.1330E-14
76.96	0.1380E-14
79.89	0.1430E-14
82.93	0.1479E-14
86.09	0.1528E-14
89.37	0.1577E-14
92.77	0.1625E-14
96.31	0.1672E-14
99.97	0.1718E-14
103.8	0.1763E-14
107.7	0.1807E-14
111.8	0.1850E-14
116.1	0.1892E-14
120.5	0.1932E-14
125.1	0.1971E-14
129.9	0.2010E-14
134.8	0.2046E-14
140.0	0.2082E-14
145.3	0.2117E-14
150.8	0.2150E-14
156.6	0.2182E-14
162.5	0.2213E-14
168.7	0.2243E-14
175.1	0.2271E-14
181.8	0.2299E-14
188.7	0.2326E-14
195.9	0.2351E-14
203.4	0.2376E-14
211.1	0.2399E-14
219.2	0.2421E-14
227.5	0.2443E-14
236.2	0.2463E-14
245.2	0.2482E-14
254.5	0.2501E-14
264.2	0.2518E-14
274.3	0.2534E-14
284.7	0.2549E-14
295.6	0.2564E-14
306.8	0.2577E-14
318.5	0.2589E-14
330.6	0.2600E-14
343.2	0.2610E-14
356.3	0.2618E-14
369.9	0.2626E-14
384.0	0.2633E-14
398.6	0.2638E-14
413.8	0.2642E-14
429.5	0.2646E-14
445.9	0.2648E-14
462.9	0.2649E-14
480.5	0.2649E-14
498.8	0.2647E-14
517.8	0.2645E-14
537.5	0.2642E-14
558.0	0.2637E-14
579.2	0.2631E-14
601.3	0.2624E-14
624.2	0.2616E-14
648.0	0.2608E-14
672.6	0.2598E-14
698.3	0.2587E-14
724.9	0.2575E-14
752.5	0.2562E-14
781.1	0.2548E-14
810.9	0.2533E-14
841.8	0.2517E-14
873.8	0.2501E-14
907.1	0.2483E-14
941.6	0.2465E-14
977.5	0.2446E-14
1015.	0.2427E-14
1053.	0.2407E-14
1094.	0.2386E-14
1135.	0.2364E-14
1178.	0.2342E-14
1223.	0.2320E-14
1270.	0.2297E-14
1318.	0.2274E-14
1368.	0.2250E-14
1421.	0.2226E-14
1475.	0.2202E-14
1531.	0.2177E-14
1589.	0.2152E-14
1650.	0.2127E-14
1712.	0.2102E-14
1778.	0.2076E-14
1845.	0.2051E-14
1916.	0.2025E-14
1989.	0.1999E-14
2064.	0.1973E-14
2143.	0.1947E-14
2225.	0.1921E-14
2309.	0.1895E-14
2397.	0.1869E-14
2489.	0.1843E-14
2583.	0.1817E-14
2682.	0.1791E-14
2784.	0.1765E-14
2890.	0.1739E-14
 
 
C10   F2    Excitation    4.34 eV                               
E/N (Td)	Rate coefficient (m3/s)
0.1000E-02	0.000
0.1038E-02	0.000
0.1078E-02	0.000
0.1119E-02	0.000
0.1161E-02	0.000
0.1205E-02	0.000
0.1251E-02	0.000
0.1299E-02	0.000
0.1349E-02	0.000
0.1400E-02	0.000
0.1453E-02	0.000
0.1509E-02	0.000
0.1566E-02	0.000
0.1626E-02	0.000
0.1688E-02	0.000
0.1752E-02	0.000
0.1819E-02	0.000
0.1888E-02	0.000
0.1960E-02	0.000
0.2034E-02	0.000
0.2112E-02	0.000
0.2192E-02	0.000
0.2276E-02	0.000
0.2362E-02	0.000
0.2452E-02	0.000
0.2546E-02	0.000
0.2643E-02	0.000
0.2743E-02	0.000
0.2848E-02	0.000
0.2956E-02	0.000
0.3069E-02	0.000
0.3186E-02	0.000
0.3307E-02	0.000
0.3433E-02	0.000
0.3564E-02	0.000
0.3700E-02	0.000
0.3841E-02	0.000
0.3987E-02	0.000
0.4139E-02	0.000
0.4296E-02	0.000
0.4460E-02	0.000
0.4630E-02	0.000
0.4806E-02	0.000
0.4989E-02	0.000
0.5179E-02	0.000
0.5377E-02	0.000
0.5581E-02	0.000
0.5794E-02	0.000
0.6015E-02	0.000
0.6244E-02	0.000
0.6481E-02	0.000
0.6728E-02	0.000
0.6985E-02	0.000
0.7251E-02	0.000
0.7527E-02	0.000
0.7813E-02	0.000
0.8111E-02	0.000
0.8420E-02	0.000
0.8741E-02	0.000
0.9073E-02	0.000
0.9419E-02	0.000
0.9778E-02	0.000
0.1015E-01	0.000
0.1054E-01	0.000
0.1094E-01	0.000
0.1135E-01	0.000
0.1179E-01	0.000
0.1224E-01	0.000
0.1270E-01	0.000
0.1319E-01	0.000
0.1369E-01	0.000
0.1421E-01	0.000
0.1475E-01	0.000
0.1531E-01	0.000
0.1590E-01	0.000
0.1650E-01	0.000
0.1713E-01	0.000
0.1778E-01	0.000
0.1846E-01	0.000
0.1916E-01	0.000
0.1989E-01	0.000
0.2065E-01	0.000
0.2144E-01	0.000
0.2225E-01	0.000
0.2310E-01	0.000
0.2398E-01	0.000
0.2489E-01	0.000
0.2584E-01	0.000
0.2682E-01	0.000
0.2785E-01	0.000
0.2891E-01	0.000
0.3001E-01	0.000
0.3115E-01	0.000
0.3234E-01	0.000
0.3357E-01	0.000
0.3485E-01	0.000
0.3617E-01	0.000
0.3755E-01	0.000
0.3898E-01	0.000
0.4047E-01	0.000
0.4201E-01	0.000
0.4361E-01	0.000
0.4527E-01	0.000
0.4699E-01	0.000
0.4878E-01	0.000
0.5064E-01	0.000
0.5257E-01	0.000
0.5457E-01	0.000
0.5665E-01	0.000
0.5881E-01	0.000
0.6105E-01	0.000
0.6337E-01	0.000
0.6579E-01	0.000
0.6829E-01	0.000
0.7089E-01	0.000
0.7359E-01	0.000
0.7640E-01	0.000
0.7931E-01	0.000
0.8233E-01	0.000
0.8546E-01	0.000
0.8872E-01	0.000
0.9210E-01	0.000
0.9560E-01	0.000
0.9924E-01	0.000
0.1030	0.000
0.1069	0.000
0.1110	0.000
0.1152	0.000
0.1196	0.000
0.1242	0.000
0.1289	0.000
0.1338	0.000
0.1389	0.000
0.1442	0.000
0.1497	0.000
0.1554	0.000
0.1613	0.000
0.1675	0.000
0.1739	0.000
0.1805	0.000
0.1874	0.000
0.1945	0.000
0.2019	0.000
0.2096	0.000
0.2176	0.000
0.2259	0.000
0.2345	0.000
0.2434	0.000
0.2527	0.000
0.2623	0.000
0.2723	0.000
0.2826	0.000
0.2934	0.000
0.3046	0.000
0.3162	0.000
0.3282	0.000
0.3407	0.000
0.3537	0.000
0.3672	0.000
0.3812	0.000
0.3957	0.000
0.4107	0.000
0.4264	0.000
0.4426	0.000
0.4595	0.000
0.4770	0.000
0.4952	0.000
0.5140	0.000
0.5336	0.000
0.5539	0.000
0.5750	0.000
0.5969	0.000
0.6196	0.000
0.6432	0.000
0.6677	0.000
0.6932	0.000
0.7196	0.000
0.7470	0.000
0.7754	0.000
0.8050	0.000
0.8356	0.000
0.8674	0.000
0.9005	0.3083E-28
0.9348	0.6934E-28
0.9704	0.1536E-27
1.007	0.3348E-27
1.046	0.7181E-27
1.086	0.1515E-26
1.127	0.3142E-26
1.170	0.6408E-26
1.214	0.1285E-25
1.261	0.2533E-25
1.309	0.4911E-25
1.358	0.9361E-25
1.410	0.1755E-24
1.464	0.3238E-24
1.520	0.5877E-24
1.578	0.1049E-23
1.638	0.1846E-23
1.700	0.3198E-23
1.765	0.5458E-23
1.832	0.9179E-23
1.902	0.1522E-22
1.974	0.2502E-22
2.049	0.4033E-22
2.127	0.6414E-22
2.208	0.1007E-21
2.293	0.1560E-21
2.380	0.2389E-21
2.470	0.3613E-21
2.565	0.5400E-21
2.662	0.7980E-21
2.764	0.1166E-20
2.869	0.1686E-20
2.978	0.2411E-20
3.092	0.3413E-20
3.209	0.4784E-20
3.332	0.6654E-20
3.458	0.9147E-20
3.590	0.1246E-19
3.727	0.1682E-19
3.869	0.2250E-19
4.016	0.2986E-19
4.169	0.3929E-19
4.328	0.5130E-19
4.493	0.6646E-19
4.664	0.8544E-19
4.841	0.1090E-18
5.026	0.1383E-18
5.217	0.1741E-18
5.416	0.2176E-18
5.622	0.2702E-18
5.836	0.3334E-18
6.059	0.4088E-18
6.289	0.4983E-18
6.529	0.6039E-18
6.778	0.7277E-18
7.036	0.8724E-18
7.304	0.1040E-17
7.582	0.1233E-17
7.871	0.1454E-17
8.170	0.1707E-17
8.482	0.1994E-17
8.805	0.2318E-17
9.140	0.2683E-17
9.488	0.3093E-17
9.849	0.3550E-17
10.22	0.4058E-17
10.61	0.4621E-17
11.02	0.5243E-17
11.44	0.5929E-17
11.87	0.6682E-17
12.33	0.7507E-17
12.80	0.8410E-17
13.28	0.9395E-17
13.79	0.1047E-16
14.31	0.1164E-16
14.86	0.1291E-16
15.42	0.1429E-16
16.01	0.1578E-16
16.62	0.1740E-16
17.25	0.1915E-16
17.91	0.2105E-16
18.59	0.2310E-16
19.30	0.2532E-16
20.04	0.2771E-16
20.80	0.3030E-16
21.59	0.3310E-16
22.42	0.3611E-16
23.27	0.3936E-16
24.16	0.4287E-16
25.08	0.4666E-16
26.03	0.5074E-16
27.02	0.5514E-16
28.05	0.5988E-16
29.12	0.6498E-16
30.23	0.7048E-16
31.38	0.7639E-16
32.57	0.8276E-16
33.82	0.8959E-16
35.10	0.9693E-16
36.44	0.1048E-15
37.83	0.1132E-15
39.27	0.1223E-15
40.76	0.1319E-15
42.32	0.1422E-15
43.93	0.1531E-15
45.60	0.1647E-15
47.34	0.1770E-15
49.14	0.1900E-15
51.01	0.2037E-15
52.96	0.2181E-15
54.97	0.2331E-15
57.07	0.2487E-15
59.24	0.2650E-15
61.50	0.2818E-15
63.84	0.2992E-15
66.27	0.3170E-15
68.79	0.3352E-15
71.41	0.3538E-15
74.13	0.3727E-15
76.96	0.3918E-15
79.89	0.4111E-15
82.93	0.4305E-15
86.09	0.4498E-15
89.37	0.4692E-15
92.77	0.4885E-15
96.31	0.5076E-15
99.97	0.5266E-15
103.8	0.5454E-15
107.7	0.5639E-15
111.8	0.5822E-15
116.1	0.6001E-15
120.5	0.6177E-15
125.1	0.6350E-15
129.9	0.6519E-15
134.8	0.6685E-15
140.0	0.6847E-15
145.3	0.7006E-15
150.8	0.7161E-15
156.6	0.7312E-15
162.5	0.7460E-15
168.7	0.7605E-15
175.1	0.7747E-15
181.8	0.7885E-15
188.7	0.8020E-15
195.9	0.8151E-15
203.4	0.8280E-15
211.1	0.8405E-15
219.2	0.8528E-15
227.5	0.8647E-15
236.2	0.8763E-15
245.2	0.8876E-15
254.5	0.8986E-15
264.2	0.9093E-15
274.3	0.9197E-15
284.7	0.9298E-15
295.6	0.9395E-15
306.8	0.9489E-15
318.5	0.9579E-15
330.6	0.9667E-15
343.2	0.9750E-15
356.3	0.9830E-15
369.9	0.9907E-15
384.0	0.9979E-15
398.6	0.1005E-14
413.8	0.1011E-14
429.5	0.1017E-14
445.9	0.1023E-14
462.9	0.1028E-14
480.5	0.1033E-14
498.8	0.1037E-14
517.8	0.1041E-14
537.5	0.1045E-14
558.0	0.1048E-14
579.2	0.1050E-14
601.3	0.1052E-14
624.2	0.1053E-14
648.0	0.1054E-14
672.6	0.1055E-14
698.3	0.1055E-14
724.9	0.1054E-14
752.5	0.1053E-14
781.1	0.1051E-14
810.9	0.1049E-14
841.8	0.1047E-14
873.8	0.1043E-14
907.1	0.1040E-14
941.6	0.1035E-14
977.5	0.1031E-14
1015.	0.1026E-14
1053.	0.1020E-14
1094.	0.1014E-14
1135.	0.1007E-14
1178.	0.1000E-14
1223.	0.9928E-15
1270.	0.9850E-15
1318.	0.9768E-15
1368.	0.9683E-15
1421.	0.9595E-15
1475.	0.9503E-15
1531.	0.9408E-15
1589.	0.9310E-15
1650.	0.9210E-15
1712.	0.9107E-15
1778.	0.9003E-15
1845.	0.8895E-15
1916.	0.8787E-15
1989.	0.8677E-15
2064.	0.8566E-15
2143.	0.8453E-15
2225.	0.8339E-15
2309.	0.8224E-15
2397.	0.8108E-15
2489.	0.7991E-15
2583.	0.7874E-15
2682.	0.7757E-15
2784.	0.7639E-15
2890.	0.7521E-15
 
 
C11   F2    Ionization    15.69 eV                              
E/N (Td)	Rate coefficient (m3/s)
0.1000E-02	0.000
0.1038E-02	0.000
0.1078E-02	0.000
0.1119E-02	0.000
0.1161E-02	0.000
0.1205E-02	0.000
0.1251E-02	0.000
0.1299E-02	0.000
0.1349E-02	0.000
0.1400E-02	0.000
0.1453E-02	0.000
0.1509E-02	0.000
0.1566E-02	0.000
0.1626E-02	0.000
0.1688E-02	0.000
0.1752E-02	0.000
0.1819E-02	0.000
0.1888E-02	0.000
0.1960E-02	0.000
0.2034E-02	0.000
0.2112E-02	0.000
0.2192E-02	0.000
0.2276E-02	0.000
0.2362E-02	0.000
0.2452E-02	0.000
0.2546E-02	0.000
0.2643E-02	0.000
0.2743E-02	0.000
0.2848E-02	0.000
0.2956E-02	0.000
0.3069E-02	0.000
0.3186E-02	0.000
0.3307E-02	0.000
0.3433E-02	0.000
0.3564E-02	0.000
0.3700E-02	0.000
0.3841E-02	0.000
0.3987E-02	0.000
0.4139E-02	0.000
0.4296E-02	0.000
0.4460E-02	0.000
0.4630E-02	0.000
0.4806E-02	0.000
0.4989E-02	0.000
0.5179E-02	0.000
0.5377E-02	0.000
0.5581E-02	0.000
0.5794E-02	0.000
0.6015E-02	0.000
0.6244E-02	0.000
0.6481E-02	0.000
0.6728E-02	0.000
0.6985E-02	0.000
0.7251E-02	0.000
0.7527E-02	0.000
0.7813E-02	0.000
0.8111E-02	0.000
0.8420E-02	0.000
0.8741E-02	0.000
0.9073E-02	0.000
0.9419E-02	0.000
0.9778E-02	0.000
0.1015E-01	0.000
0.1054E-01	0.000
0.1094E-01	0.000
0.1135E-01	0.000
0.1179E-01	0.000
0.1224E-01	0.000
0.1270E-01	0.000
0.1319E-01	0.000
0.1369E-01	0.000
0.1421E-01	0.000
0.1475E-01	0.000
0.1531E-01	0.000
0.1590E-01	0.000
0.1650E-01	0.000
0.1713E-01	0.000
0.1778E-01	0.000
0.1846E-01	0.000
0.1916E-01	0.000
0.1989E-01	0.000
0.2065E-01	0.000
0.2144E-01	0.000
0.2225E-01	0.000
0.2310E-01	0.000
0.2398E-01	0.000
0.2489E-01	0.000
0.2584E-01	0.000
0.2682E-01	0.000
0.2785E-01	0.000
0.2891E-01	0.000
0.3001E-01	0.000
0.3115E-01	0.000
0.3234E-01	0.000
0.3357E-01	0.000
0.3485E-01	0.000
0.3617E-01	0.000
0.3755E-01	0.000
0.3898E-01	0.000
0.4047E-01	0.000
0.4201E-01	0.000
0.4361E-01	0.000
0.4527E-01	0.000
0.4699E-01	0.000
0.4878E-01	0.000
0.5064E-01	0.000
0.5257E-01	0.000
0.5457E-01	0.000
0.5665E-01	0.000
0.5881E-01	0.000
0.6105E-01	0.000
0.6337E-01	0.000
0.6579E-01	0.000
0.6829E-01	0.000
0.7089E-01	0.000
0.7359E-01	0.000
0.7640E-01	0.000
0.7931E-01	0.000
0.8233E-01	0.000
0.8546E-01	0.000
0.8872E-01	0.000
0.9210E-01	0.000
0.9560E-01	0.000
0.9924E-01	0.000
0.1030	0.000
0.1069	0.000
0.1110	0.000
0.1152	0.000
0.1196	0.000
0.1242	0.000
0.1289	0.000
0.1338	0.000
0.1389	0.000
0.1442	0.000
0.1497	0.000
0.1554	0.000
0.1613	0.000
0.1675	0.000
0.1739	0.000
0.1805	0.000
0.1874	0.000
0.1945	0.000
0.2019	0.000
0.2096	0.000
0.2176	0.000
0.2259	0.000
0.2345	0.000
0.2434	0.000
0.2527	0.000
0.2623	0.000
0.2723	0.000
0.2826	0.000
0.2934	0.000
0.3046	0.000
0.3162	0.000
0.3282	0.000
0.3407	0.000
0.3537	0.000
0.3672	0.000
0.3812	0.000
0.3957	0.000
0.4107	0.000
0.4264	0.000
0.4426	0.000
0.4595	0.000
0.4770	0.000
0.4952	0.000
0.5140	0.000
0.5336	0.000
0.5539	0.000
0.5750	0.000
0.5969	0.000
0.6196	0.000
0.6432	0.000
0.6677	0.000
0.6932	0.000
0.7196	0.000
0.7470	0.000
0.7754	0.000
0.8050	0.000
0.8356	0.000
0.8674	0.000
0.9005	0.000
0.9348	0.000
0.9704	0.000
1.007	0.000
1.046	0.000
1.086	0.000
1.127	0.000
1.170	0.000
1.214	0.000
1.261	0.000
1.309	0.000
1.358	0.000
1.410	0.000
1.464	0.000
1.520	0.000
1.578	0.000
1.638	0.000
1.700	0.000
1.765	0.000
1.832	0.000
1.902	0.000
1.974	0.000
2.049	0.000
2.127	0.000
2.208	0.000
2.293	0.000
2.380	0.000
2.470	0.000
2.565	0.000
2.662	0.000
2.764	0.000
2.869	0.000
2.978	0.000
3.092	0.000
3.209	0.000
3.332	0.000
3.458	0.000
3.590	0.000
3.727	0.000
3.869	0.000
4.016	0.000
4.169	0.000
4.328	0.000
4.493	0.000
4.664	0.000
4.841	0.000
5.026	0.000
5.217	0.000
5.416	0.000
5.622	0.000
5.836	0.000
6.059	0.000
6.289	0.000
6.529	0.000
6.778	0.000
7.036	0.000
7.304	0.000
7.582	0.000
7.871	0.000
8.170	0.000
8.482	0.000
8.805	0.000
9.140	0.000
9.488	0.000
9.849	0.000
10.22	0.000
10.61	0.000
11.02	0.000
11.44	0.000
11.87	0.000
12.33	0.000
12.80	0.000
13.28	0.000
13.79	0.000
14.31	0.6838E-27
14.86	0.1800E-26
15.42	0.4578E-26
16.01	0.1127E-25
16.62	0.2689E-25
17.25	0.6222E-25
17.91	0.1629E-24
18.59	0.3613E-24
19.30	0.7807E-24
20.04	0.1645E-23
20.80	0.3385E-23
21.59	0.6805E-23
22.42	0.1338E-22
23.27	0.2587E-22
24.16	0.4878E-22
25.08	0.9014E-22
26.03	0.1634E-21
27.02	0.2909E-21
28.05	0.5087E-21
29.12	0.8742E-21
30.23	0.1480E-20
31.38	0.2461E-20
32.57	0.4028E-20
33.82	0.6494E-20
35.10	0.1031E-19
36.44	0.1615E-19
37.83	0.2492E-19
39.27	0.3799E-19
40.76	0.5707E-19
42.32	0.8463E-19
43.93	0.1239E-18
45.60	0.1792E-18
47.34	0.2560E-18
49.14	0.3616E-18
51.01	0.5046E-18
52.96	0.6964E-18
54.97	0.9505E-18
57.07	0.1284E-17
59.24	0.1716E-17
61.50	0.2271E-17
63.84	0.2977E-17
66.27	0.3865E-17
68.79	0.4973E-17
71.41	0.6342E-17
74.13	0.8022E-17
76.96	0.1007E-16
79.89	0.1253E-16
82.93	0.1548E-16
86.09	0.1900E-16
89.37	0.2315E-16
92.77	0.2803E-16
96.31	0.3372E-16
99.97	0.4034E-16
103.8	0.4798E-16
107.7	0.5677E-16
111.8	0.6683E-16
116.1	0.7830E-16
120.5	0.9131E-16
125.1	0.1060E-15
129.9	0.1226E-15
134.8	0.1413E-15
140.0	0.1621E-15
145.3	0.1854E-15
150.8	0.2114E-15
156.6	0.2403E-15
162.5	0.2723E-15
168.7	0.3077E-15
175.1	0.3468E-15
181.8	0.3899E-15
188.7	0.4373E-15
195.9	0.4894E-15
203.4	0.5465E-15
211.1	0.6091E-15
219.2	0.6775E-15
227.5	0.7521E-15
236.2	0.8336E-15
245.2	0.9223E-15
254.5	0.1019E-14
264.2	0.1124E-14
274.3	0.1237E-14
284.7	0.1361E-14
295.6	0.1495E-14
306.8	0.1639E-14
318.5	0.1796E-14
330.6	0.1965E-14
343.2	0.2147E-14
356.3	0.2343E-14
369.9	0.2554E-14
384.0	0.2781E-14
398.6	0.3026E-14
413.8	0.3288E-14
429.5	0.3568E-14
445.9	0.3869E-14
462.9	0.4191E-14
480.5	0.4535E-14
498.8	0.4901E-14
517.8	0.5292E-14
537.5	0.5709E-14
558.0	0.6153E-14
579.2	0.6624E-14
601.3	0.7124E-14
624.2	0.7653E-14
648.0	0.8213E-14
672.6	0.8805E-14
698.3	0.9429E-14
724.9	0.1009E-13
752.5	0.1078E-13
781.1	0.1151E-13
810.9	0.1228E-13
841.8	0.1308E-13
873.8	0.1392E-13
907.1	0.1479E-13
941.6	0.1570E-13
977.5	0.1666E-13
1015.	0.1764E-13
1053.	0.1868E-13
1094.	0.1974E-13
1135.	0.2084E-13
1178.	0.2198E-13
1223.	0.2316E-13
1270.	0.2437E-13
1318.	0.2562E-13
1368.	0.2690E-13
1421.	0.2821E-13
1475.	0.2955E-13
1531.	0.3093E-13
1589.	0.3233E-13
1650.	0.3376E-13
1712.	0.3522E-13
1778.	0.3670E-13
1845.	0.3820E-13
1916.	0.3972E-13
1989.	0.4125E-13
2064.	0.4280E-13
2143.	0.4437E-13
2225.	0.4594E-13
2309.	0.4752E-13
2397.	0.4911E-13
2489.	0.5071E-13
2583.	0.5230E-13
2682.	0.5388E-13
2784.	0.5546E-13
2890.	0.5703E-13
 
 
C1    F2    Attachment                                          
E/N (Td)	Inverse rate coefficient (m2)
0.1000E-02	0.000
0.1038E-02	0.000
0.1078E-02	0.000
0.1119E-02	0.000
0.1161E-02	0.000
0.1205E-02	0.000
0.1251E-02	0.000
0.1299E-02	0.000
0.1349E-02	0.000
0.1400E-02	0.000
0.1453E-02	0.000
0.1509E-02	0.000
0.1566E-02	0.000
0.1626E-02	0.000
0.1688E-02	0.000
0.1752E-02	0.000
0.1819E-02	0.000
0.1888E-02	0.000
0.1960E-02	0.000
0.2034E-02	0.000
0.2112E-02	0.000
0.2192E-02	0.000
0.2276E-02	0.000
0.2362E-02	0.000
0.2452E-02	0.000
0.2546E-02	0.000
0.2643E-02	0.000
0.2743E-02	0.000
0.2848E-02	0.000
0.2956E-02	0.000
0.3069E-02	0.000
0.3186E-02	0.000
0.3307E-02	0.000
0.3433E-02	0.000
0.3564E-02	0.000
0.3700E-02	0.000
0.3841E-02	0.000
0.3987E-02	0.000
0.4139E-02	0.000
0.4296E-02	0.000
0.4460E-02	0.000
0.4630E-02	0.000
0.4806E-02	0.000
0.4989E-02	0.000
0.5179E-02	0.000
0.5377E-02	0.000
0.5581E-02	0.000
0.5794E-02	0.000
0.6015E-02	0.000
0.6244E-02	0.000
0.6481E-02	0.000
0.6728E-02	0.000
0.6985E-02	0.000
0.7251E-02	0.000
0.7527E-02	0.000
0.7813E-02	0.000
0.8111E-02	0.000
0.8420E-02	0.000
0.8741E-02	0.000
0.9073E-02	0.000
0.9419E-02	0.000
0.9778E-02	0.000
0.1015E-01	0.000
0.1054E-01	0.000
0.1094E-01	0.000
0.1135E-01	0.000
0.1179E-01	0.000
0.1224E-01	0.000
0.1270E-01	0.000
0.1319E-01	0.000
0.1369E-01	0.000
0.1421E-01	0.000
0.1475E-01	0.000
0.1531E-01	0.000
0.1590E-01	0.000
0.1650E-01	0.000
0.1713E-01	0.000
0.1778E-01	0.000
0.1846E-01	0.000
0.1916E-01	0.000
0.1989E-01	0.000
0.2065E-01	0.000
0.2144E-01	0.000
0.2225E-01	0.000
0.2310E-01	0.000
0.2398E-01	0.000
0.2489E-01	0.000
0.2584E-01	0.000
0.2682E-01	0.000
0.2785E-01	0.000
0.2891E-01	0.000
0.3001E-01	0.000
0.3115E-01	0.000
0.3234E-01	0.000
0.3357E-01	0.000
0.3485E-01	0.000
0.3617E-01	0.000
0.3755E-01	0.000
0.3898E-01	0.000
0.4047E-01	0.000
0.4201E-01	0.000
0.4361E-01	0.000
0.4527E-01	0.000
0.4699E-01	0.000
0.4878E-01	0.000
0.5064E-01	0.000
0.5257E-01	0.000
0.5457E-01	0.000
0.5665E-01	0.000
0.5881E-01	0.000
0.6105E-01	0.000
0.6337E-01	0.000
0.6579E-01	0.000
0.6829E-01	0.000
0.7089E-01	0.000
0.7359E-01	0.000
0.7640E-01	0.000
0.7931E-01	0.000
0.8233E-01	0.000
0.8546E-01	0.000
0.8872E-01	0.000
0.9210E-01	0.000
0.9560E-01	0.000
0.9924E-01	0.000
0.1030	0.000
0.1069	0.000
0.1110	0.000
0.1152	0.000
0.1196	0.000
0.1242	0.000
0.1289	0.000
0.1338	0.000
0.1389	0.000
0.1442	0.000
0.1497	0.000
0.1554	0.000
0.1613	0.000
0.1675	0.000
0.1739	0.000
0.1805	0.000
0.1874	0.000
0.1945	0.000
0.2019	0.000
0.2096	0.000
0.2176	0.000
0.2259	0.000
0.2345	0.000
0.2434	0.000
0.2527	0.000
0.2623	0.000
0.2723	0.000
0.2826	0.000
0.2934	0.000
0.3046	0.000
0.3162	0.000
0.3282	0.000
0.3407	0.000
0.3537	0.000
0.3672	0.000
0.3812	0.000
0.3957	0.000
0.4107	0.000
0.4264	0.000
0.4426	0.000
0.4595	0.000
0.4770	0.000
0.4952	0.000
0.5140	0.000
0.5336	0.000
0.5539	0.000
0.5750	0.000
0.5969	0.000
0.6196	0.000
0.6432	0.000
0.6677	0.000
0.6932	0.000
0.7196	0.000
0.7470	0.000
0.7754	0.000
0.8050	0.000
0.8356	0.000
0.8674	0.000
0.9005	0.000
0.9348	0.000
0.9704	0.000
1.007	0.000
1.046	0.000
1.086	0.000
1.127	0.000
1.170	0.000
1.214	0.000
1.261	0.000
1.309	0.000
1.358	0.000
1.410	0.000
1.464	0.000
1.520	0.000
1.578	0.000
1.638	0.000
1.700	0.000
1.765	0.000
1.832	0.000
1.902	0.000
1.974	0.000
2.049	0.000
2.127	0.000
2.208	0.000
2.293	0.000
2.380	0.000
2.470	0.000
2.565	0.000
2.662	0.000
2.764	0.000
2.869	0.000
2.978	0.000
3.092	0.000
3.209	0.000
3.332	0.000
3.458	0.000
3.590	0.000
3.727	0.000
3.869	0.000
4.016	0.000
4.169	0.000
4.328	0.000
4.493	0.000
4.664	0.000
4.841	0.000
5.026	0.000
5.217	0.000
5.416	0.000
5.622	0.000
5.836	0.000
6.059	0.000
6.289	0.000
6.529	0.000
6.778	0.000
7.036	0.000
7.304	0.000
7.582	0.000
7.871	0.000
8.170	0.000
8.482	0.000
8.805	0.000
9.140	0.000
9.488	0.000
9.849	0.000
10.22	0.000
10.61	0.000
11.02	0.000
11.44	0.000
11.87	0.000
12.33	0.000
12.80	0.000
13.28	0.000
13.79	0.000
14.31	0.000
14.86	0.000
15.42	0.000
16.01	0.000
16.62	0.000
17.25	0.000
17.91	0.000
18.59	0.000
19.30	0.000
20.04	0.000
20.80	0.000
21.59	0.000
22.42	0.000
23.27	0.000
24.16	0.000
25.08	0.000
26.03	0.000
27.02	0.000
28.05	0.000
29.12	0.000
30.23	0.000
31.38	0.000
32.57	0.000
33.82	0.000
35.10	0.000
36.44	0.000
37.83	0.000
39.27	0.000
40.76	0.000
42.32	0.000
43.93	0.000
45.60	0.000
47.34	0.000
49.14	0.000
51.01	0.000
52.96	0.000
54.97	0.000
57.07	0.000
59.24	0.000
61.50	0.000
63.84	0.000
66.27	0.000
68.79	0.000
71.41	0.000
74.13	0.000
76.96	0.000
79.89	0.000
82.93	0.000
86.09	0.000
89.37	0.000
92.77	0.000
96.31	0.000
99.97	0.000
103.8	0.000
107.7	0.000
111.8	0.000
116.1	0.000
120.5	0.000
125.1	0.000
129.9	0.000
134.8	0.000
140.0	0.000
145.3	0.000
150.8	0.000
156.6	0.000
162.5	0.000
168.7	0.000
175.1	0.000
181.8	0.000
188.7	0.000
195.9	0.000
203.4	0.000
211.1	0.000
219.2	0.000
227.5	0.000
236.2	0.000
245.2	0.000
254.5	0.000
264.2	0.000
274.3	0.000
284.7	0.000
295.6	0.000
306.8	0.000
318.5	0.000
330.6	0.000
343.2	0.000
356.3	0.000
369.9	0.000
384.0	0.000
398.6	0.000
413.8	0.000
429.5	0.000
445.9	0.000
462.9	0.000
480.5	0.000
498.8	0.000
517.8	0.000
537.5	0.000
558.0	0.000
579.2	0.000
601.3	0.000
624.2	0.000
648.0	0.000
672.6	0.000
698.3	0.000
724.9	0.000
752.5	0.000
781.1	0.000
810.9	0.000
841.8	0.000
873.8	0.000
907.1	0.000
941.6	0.000
977.5	0.000
1015.	0.000
1053.	0.000
1094.	0.000
1135.	0.000
1178.	0.000
1223.	0.000
1270.	0.000
1318.	0.000
1368.	0.000
1421.	0.000
1475.	0.000
1531.	0.000
1589.	0.000
1650.	0.000
1712.	0.000
1778.	0.000
1845.	0.000
1916.	0.000
1989.	0.000
2064.	0.000
2143.	0.000
2225.	0.000
2309.	0.000
2397.	0.000
2489.	0.000
2583.	0.000
2682.	0.000
2784.	0.000
2890.	0.000
 
 
C2    F2    Effective (momentum)                                
E/N (Td)	Inverse rate coefficient (m2)
0.1000E-02	0.000
0.1038E-02	0.000
0.1078E-02	0.000
0.1119E-02	0.000
0.1161E-02	0.000
0.1205E-02	0.000
0.1251E-02	0.000
0.1299E-02	0.000
0.1349E-02	0.000
0.1400E-02	0.000
0.1453E-02	0.000
0.1509E-02	0.000
0.1566E-02	0.000
0.1626E-02	0.000
0.1688E-02	0.000
0.1752E-02	0.000
0.1819E-02	0.000
0.1888E-02	0.000
0.1960E-02	0.000
0.2034E-02	0.000
0.2112E-02	0.000
0.2192E-02	0.000
0.2276E-02	0.000
0.2362E-02	0.000
0.2452E-02	0.000
0.2546E-02	0.000
0.2643E-02	0.000
0.2743E-02	0.000
0.2848E-02	0.000
0.2956E-02	0.000
0.3069E-02	0.000
0.3186E-02	0.000
0.3307E-02	0.000
0.3433E-02	0.000
0.3564E-02	0.000
0.3700E-02	0.000
0.3841E-02	0.000
0.3987E-02	0.000
0.4139E-02	0.000
0.4296E-02	0.000
0.4460E-02	0.000
0.4630E-02	0.000
0.4806E-02	0.000
0.4989E-02	0.000
0.5179E-02	0.000
0.5377E-02	0.000
0.5581E-02	0.000
0.5794E-02	0.000
0.6015E-02	0.000
0.6244E-02	0.000
0.6481E-02	0.000
0.6728E-02	0.000
0.6985E-02	0.000
0.7251E-02	0.000
0.7527E-02	0.000
0.7813E-02	0.000
0.8111E-02	0.000
0.8420E-02	0.000
0.8741E-02	0.000
0.9073E-02	0.000
0.9419E-02	0.000
0.9778E-02	0.000
0.1015E-01	0.000
0.1054E-01	0.000
0.1094E-01	0.000
0.1135E-01	0.000
0.1179E-01	0.000
0.1224E-01	0.000
0.1270E-01	0.000
0.1319E-01	0.000
0.1369E-01	0.000
0.1421E-01	0.000
0.1475E-01	0.000
0.1531E-01	0.000
0.1590E-01	0.000
0.1650E-01	0.000
0.1713E-01	0.000
0.1778E-01	0.000
0.1846E-01	0.000
0.1916E-01	0.000
0.1989E-01	0.000
0.2065E-01	0.000
0.2144E-01	0.000
0.2225E-01	0.000
0.2310E-01	0.000
0.2398E-01	0.000
0.2489E-01	0.000
0.2584E-01	0.000
0.2682E-01	0.000
0.2785E-01	0.000
0.2891E-01	0.000
0.3001E-01	0.000
0.3115E-01	0.000
0.3234E-01	0.000
0.3357E-01	0.000
0.3485E-01	0.000
0.3617E-01	0.000
0.3755E-01	0.000
0.3898E-01	0.000
0.4047E-01	0.000
0.4201E-01	0.000
0.4361E-01	0.000
0.4527E-01	0.000
0.4699E-01	0.000
0.4878E-01	0.000
0.5064E-01	0.000
0.5257E-01	0.000
0.5457E-01	0.000
0.5665E-01	0.000
0.5881E-01	0.000
0.6105E-01	0.000
0.6337E-01	0.000
0.6579E-01	0.000
0.6829E-01	0.000
0.7089E-01	0.000
0.7359E-01	0.000
0.7640E-01	0.000
0.7931E-01	0.000
0.8233E-01	0.000
0.8546E-01	0.000
0.8872E-01	0.000
0.9210E-01	0.000
0.9560E-01	0.000
0.9924E-01	0.000
0.1030	0.000
0.1069	0.000
0.1110	0.000
0.1152	0.000
0.1196	0.000
0.1242	0.000
0.1289	0.000
0.1338	0.000
0.1389	0.000
0.1442	0.000
0.1497	0.000
0.1554	0.000
0.1613	0.000
0.1675	0.000
0.1739	0.000
0.1805	0.000
0.1874	0.000
0.1945	0.000
0.2019	0.000
0.2096	0.000
0.2176	0.000
0.2259	0.000
0.2345	0.000
0.2434	0.000
0.2527	0.000
0.2623	0.000
0.2723	0.000
0.2826	0.000
0.2934	0.000
0.3046	0.000
0.3162	0.000
0.3282	0.000
0.3407	0.000
0.3537	0.000
0.3672	0.000
0.3812	0.000
0.3957	0.000
0.4107	0.000
0.4264	0.000
0.4426	0.000
0.4595	0.000
0.4770	0.000
0.4952	0.000
0.5140	0.000
0.5336	0.000
0.5539	0.000
0.5750	0.000
0.5969	0.000
0.6196	0.000
0.6432	0.000
0.6677	0.000
0.6932	0.000
0.7196	0.000
0.7470	0.000
0.7754	0.000
0.8050	0.000
0.8356	0.000
0.8674	0.000
0.9005	0.000
0.9348	0.000
0.9704	0.000
1.007	0.000
1.046	0.000
1.086	0.000
1.127	0.000
1.170	0.000
1.214	0.000
1.261	0.000
1.309	0.000
1.358	0.000
1.410	0.000
1.464	0.000
1.520	0.000
1.578	0.000
1.638	0.000
1.700	0.000
1.765	0.000
1.832	0.000
1.902	0.000
1.974	0.000
2.049	0.000
2.127	0.000
2.208	0.000
2.293	0.000
2.380	0.000
2.470	0.000
2.565	0.000
2.662	0.000
2.764	0.000
2.869	0.000
2.978	0.000
3.092	0.000
3.209	0.000
3.332	0.000
3.458	0.000
3.590	0.000
3.727	0.000
3.869	0.000
4.016	0.000
4.169	0.000
4.328	0.000
4.493	0.000
4.664	0.000
4.841	0.000
5.026	0.000
5.217	0.000
5.416	0.000
5.622	0.000
5.836	0.000
6.059	0.000
6.289	0.000
6.529	0.000
6.778	0.000
7.036	0.000
7.304	0.000
7.582	0.000
7.871	0.000
8.170	0.000
8.482	0.000
8.805	0.000
9.140	0.000
9.488	0.000
9.849	0.000
10.22	0.000
10.61	0.000
11.02	0.000
11.44	0.000
11.87	0.000
12.33	0.000
12.80	0.000
13.28	0.000
13.79	0.000
14.31	0.000
14.86	0.000
15.42	0.000
16.01	0.000
16.62	0.000
17.25	0.000
17.91	0.000
18.59	0.000
19.30	0.000
20.04	0.000
20.80	0.000
21.59	0.000
22.42	0.000
23.27	0.000
24.16	0.000
25.08	0.000
26.03	0.000
27.02	0.000
28.05	0.000
29.12	0.000
30.23	0.000
31.38	0.000
32.57	0.000
33.82	0.000
35.10	0.000
36.44	0.000
37.83	0.000
39.27	0.000
40.76	0.000
42.32	0.000
43.93	0.000
45.60	0.000
47.34	0.000
49.14	0.000
51.01	0.000
52.96	0.000
54.97	0.000
57.07	0.000
59.24	0.000
61.50	0.000
63.84	0.000
66.27	0.000
68.79	0.000
71.41	0.000
74.13	0.000
76.96	0.000
79.89	0.000
82.93	0.000
86.09	0.000
89.37	0.000
92.77	0.000
96.31	0.000
99.97	0.000
103.8	0.000
107.7	0.000
111.8	0.000
116.1	0.000
120.5	0.000
125.1	0.000
129.9	0.000
134.8	0.000
140.0	0.000
145.3	0.000
150.8	0.000
156.6	0.000
162.5	0.000
168.7	0.000
175.1	0.000
181.8	0.000
188.7	0.000
195.9	0.000
203.4	0.000
211.1	0.000
219.2	0.000
227.5	0.000
236.2	0.000
245.2	0.000
254.5	0.000
264.2	0.000
274.3	0.000
284.7	0.000
295.6	0.000
306.8	0.000
318.5	0.000
330.6	0.000
343.2	0.000
356.3	0.000
369.9	0.000
384.0	0.000
398.6	0.000
413.8	0.000
429.5	0.000
445.9	0.000
462.9	0.000
480.5	0.000
498.8	0.000
517.8	0.000
537.5	0.000
558.0	0.000
579.2	0.000
601.3	0.000
624.2	0.000
648.0	0.000
672.6	0.000
698.3	0.000
724.9	0.000
752.5	0.000
781.1	0.000
810.9	0.000
841.8	0.000
873.8	0.000
907.1	0.000
941.6	0.000
977.5	0.000
1015.	0.000
1053.	0.000
1094.	0.000
1135.	0.000
1178.	0.000
1223.	0.000
1270.	0.000
1318.	0.000
1368.	0.000
1421.	0.000
1475.	0.000
1531.	0.000
1589.	0.000
1650.	0.000
1712.	0.000
1778.	0.000
1845.	0.000
1916.	0.000
1989.	0.000
2064.	0.000
2143.	0.000
2225.	0.000
2309.	0.000
2397.	0.000
2489.	0.000
2583.	0.000
2682.	0.000
2784.	0.000
2890.	0.000
 
 
C3    F2    Excitation    0.11 eV                               
E/N (Td)	Inverse rate coefficient (m2)
0.1000E-02	0.5795E-15
0.1038E-02	0.5816E-15
0.1078E-02	0.5816E-15
0.1119E-02	0.5816E-15
0.1161E-02	0.5816E-15
0.1205E-02	0.5816E-15
0.1251E-02	0.5816E-15
0.1299E-02	0.5816E-15
0.1349E-02	0.5816E-15
0.1400E-02	0.5816E-15
0.1453E-02	0.5816E-15
0.1509E-02	0.5816E-15
0.1566E-02	0.5816E-15
0.1626E-02	0.5816E-15
0.1688E-02	0.5816E-15
0.1752E-02	0.5816E-15
0.1819E-02	0.5816E-15
0.1888E-02	0.5816E-15
0.1960E-02	0.5816E-15
0.2034E-02	0.5816E-15
0.2112E-02	0.5816E-15
0.2192E-02	0.5816E-15
0.2276E-02	0.5816E-15
0.2362E-02	0.5816E-15
0.2452E-02	0.5816E-15
0.2546E-02	0.5816E-15
0.2643E-02	0.5816E-15
0.2743E-02	0.5816E-15
0.2848E-02	0.5816E-15
0.2956E-02	0.5816E-15
0.3069E-02	0.5816E-15
0.3186E-02	0.5816E-15
0.3307E-02	0.5816E-15
0.3433E-02	0.5816E-15
0.3564E-02	0.5816E-15
0.3700E-02	0.5816E-15
0.3841E-02	0.5816E-15
0.3987E-02	0.5816E-15
0.4139E-02	0.5816E-15
0.4296E-02	0.5816E-15
0.4460E-02	0.5816E-15
0.4630E-02	0.5816E-15
0.4806E-02	0.5816E-15
0.4989E-02	0.5816E-15
0.5179E-02	0.5816E-15
0.5377E-02	0.5816E-15
0.5581E-02	0.5816E-15
0.5794E-02	0.5816E-15
0.6015E-02	0.5816E-15
0.6244E-02	0.5816E-15
0.6481E-02	0.5816E-15
0.6728E-02	0.5816E-15
0.6985E-02	0.5816E-15
0.7251E-02	0.5816E-15
0.7527E-02	0.5816E-15
0.7813E-02	0.5816E-15
0.8111E-02	0.5816E-15
0.8420E-02	0.5816E-15
0.8741E-02	0.5816E-15
0.9073E-02	0.5816E-15
0.9419E-02	0.5816E-15
0.9778E-02	0.5816E-15
0.1015E-01	0.5816E-15
0.1054E-01	0.5816E-15
0.1094E-01	0.5816E-15
0.1135E-01	0.5816E-15
0.1179E-01	0.5816E-15
0.1224E-01	0.5816E-15
0.1270E-01	0.5816E-15
0.1319E-01	0.5816E-15
0.1369E-01	0.5816E-15
0.1421E-01	0.5816E-15
0.1475E-01	0.5816E-15
0.1531E-01	0.5816E-15
0.1590E-01	0.5816E-15
0.1650E-01	0.5816E-15
0.1713E-01	0.5815E-15
0.1778E-01	0.5815E-15
0.1846E-01	0.5815E-15
0.1916E-01	0.5815E-15
0.1989E-01	0.5815E-15
0.2065E-01	0.5815E-15
0.2144E-01	0.5815E-15
0.2225E-01	0.5815E-15
0.2310E-01	0.5815E-15
0.2398E-01	0.5815E-15
0.2489E-01	0.5814E-15
0.2584E-01	0.5814E-15
0.2682E-01	0.5814E-15
0.2785E-01	0.5814E-15
0.2891E-01	0.5814E-15
0.3001E-01	0.5814E-15
0.3115E-01	0.5813E-15
0.3234E-01	0.5813E-15
0.3357E-01	0.5813E-15
0.3485E-01	0.5813E-15
0.3617E-01	0.5812E-15
0.3755E-01	0.5812E-15
0.3898E-01	0.5812E-15
0.4047E-01	0.5811E-15
0.4201E-01	0.5811E-15
0.4361E-01	0.5811E-15
0.4527E-01	0.5810E-15
0.4699E-01	0.5810E-15
0.4878E-01	0.5809E-15
0.5064E-01	0.5809E-15
0.5257E-01	0.5808E-15
0.5457E-01	0.5807E-15
0.5665E-01	0.5807E-15
0.5881E-01	0.5806E-15
0.6105E-01	0.5805E-15
0.6337E-01	0.5804E-15
0.6579E-01	0.5803E-15
0.6829E-01	0.5802E-15
0.7089E-01	0.5801E-15
0.7359E-01	0.5800E-15
0.7640E-01	0.5799E-15
0.7931E-01	0.5797E-15
0.8233E-01	0.5796E-15
0.8546E-01	0.5794E-15
0.8872E-01	0.5793E-15
0.9210E-01	0.5791E-15
0.9560E-01	0.5789E-15
0.9924E-01	0.5787E-15
0.1030	0.5785E-15
0.1069	0.5782E-15
0.1110	0.5780E-15
0.1152	0.5777E-15
0.1196	0.5774E-15
0.1242	0.5771E-15
0.1289	0.5767E-15
0.1338	0.5764E-15
0.1389	0.5760E-15
0.1442	0.5756E-15
0.1497	0.5751E-15
0.1554	0.5746E-15
0.1613	0.5741E-15
0.1675	0.5736E-15
0.1739	0.5730E-15
0.1805	0.5724E-15
0.1874	0.5717E-15
0.1945	0.5710E-15
0.2019	0.5703E-15
0.2096	0.5695E-15
0.2176	0.5687E-15
0.2259	0.5678E-15
0.2345	0.5668E-15
0.2434	0.5658E-15
0.2527	0.5648E-15
0.2623	0.5637E-15
0.2723	0.5625E-15
0.2826	0.5612E-15
0.2934	0.5600E-15
0.3046	0.5586E-15
0.3162	0.5572E-15
0.3282	0.5556E-15
0.3407	0.5541E-15
0.3537	0.5524E-15
0.3672	0.5507E-15
0.3812	0.5490E-15
0.3957	0.5471E-15
0.4107	0.5452E-15
0.4264	0.5432E-15
0.4426	0.5411E-15
0.4595	0.5390E-15
0.4770	0.5368E-15
0.4952	0.5345E-15
0.5140	0.5322E-15
0.5336	0.5298E-15
0.5539	0.5273E-15
0.5750	0.5248E-15
0.5969	0.5222E-15
0.6196	0.5195E-15
0.6432	0.5168E-15
0.6677	0.5140E-15
0.6932	0.5112E-15
0.7196	0.5083E-15
0.7470	0.5054E-15
0.7754	0.5024E-15
0.8050	0.4993E-15
0.8356	0.4962E-15
0.8674	0.4931E-15
0.9005	0.4899E-15
0.9348	0.4866E-15
0.9704	0.4834E-15
1.007	0.4800E-15
1.046	0.4767E-15
1.086	0.4733E-15
1.127	0.4699E-15
1.170	0.4664E-15
1.214	0.4629E-15
1.261	0.4594E-15
1.309	0.4559E-15
1.358	0.4523E-15
1.410	0.4488E-15
1.464	0.4452E-15
1.520	0.4416E-15
1.578	0.4380E-15
1.638	0.4344E-15
1.700	0.4308E-15
1.765	0.4272E-15
1.832	0.4236E-15
1.902	0.4201E-15
1.974	0.4165E-15
2.049	0.4130E-15
2.127	0.4095E-15
2.208	0.4060E-15
2.293	0.4026E-15
2.380	0.3991E-15
2.470	0.3958E-15
2.565	0.3925E-15
2.662	0.3892E-15
2.764	0.3860E-15
2.869	0.3829E-15
2.978	0.3798E-15
3.092	0.3768E-15
3.209	0.3739E-15
3.332	0.3711E-15
3.458	0.3683E-15
3.590	0.3657E-15
3.727	0.3631E-15
3.869	0.3607E-15
4.016	0.3583E-15
4.169	0.3560E-15
4.328	0.3539E-15
4.493	0.3519E-15
4.664	0.3499E-15
4.841	0.3482E-15
5.026	0.3465E-15
5.217	0.3450E-15
5.416	0.3436E-15
5.622	0.3423E-15
5.836	0.3412E-15
6.059	0.3403E-15
6.289	0.3395E-15
6.529	0.3389E-15
6.778	0.3384E-15
7.036	0.3380E-15
7.304	0.3378E-15
7.582	0.3378E-15
7.871	0.3380E-15
8.170	0.3383E-15
8.482	0.3387E-15
8.805	0.3393E-15
9.140	0.3400E-15
9.488	0.3409E-15
9.849	0.3418E-15
10.22	0.3429E-15
10.61	0.3441E-15
11.02	0.3453E-15
11.44	0.3466E-15
11.87	0.3480E-15
12.33	0.3495E-15
12.80	0.3509E-15
13.28	0.3524E-15
13.79	0.3540E-15
14.31	0.3555E-15
14.86	0.3570E-15
15.42	0.3585E-15
16.01	0.3600E-15
16.62	0.3615E-15
17.25	0.3630E-15
17.91	0.3644E-15
18.59	0.3658E-15
19.30	0.3671E-15
20.04	0.3683E-15
20.80	0.3695E-15
21.59	0.3707E-15
22.42	0.3717E-15
23.27	0.3727E-15
24.16	0.3736E-15
25.08	0.3744E-15
26.03	0.3750E-15
27.02	0.3755E-15
28.05	0.3759E-15
29.12	0.3762E-15
30.23	0.3762E-15
31.38	0.3761E-15
32.57	0.3758E-15
33.82	0.3753E-15
35.10	0.3745E-15
36.44	0.3735E-15
37.83	0.3723E-15
39.27	0.3708E-15
40.76	0.3689E-15
42.32	0.3668E-15
43.93	0.3644E-15
45.60	0.3617E-15
47.34	0.3586E-15
49.14	0.3553E-15
51.01	0.3516E-15
52.96	0.3476E-15
54.97	0.3433E-15
57.07	0.3387E-15
59.24	0.3339E-15
61.50	0.3288E-15
63.84	0.3234E-15
66.27	0.3179E-15
68.79	0.3122E-15
71.41	0.3063E-15
74.13	0.3003E-15
76.96	0.2942E-15
79.89	0.2880E-15
82.93	0.2817E-15
86.09	0.2755E-15
89.37	0.2692E-15
92.77	0.2629E-15
96.31	0.2567E-15
99.97	0.2504E-15
103.8	0.2443E-15
107.7	0.2382E-15
111.8	0.2322E-15
116.1	0.2263E-15
120.5	0.2204E-15
125.1	0.2146E-15
129.9	0.2090E-15
134.8	0.2034E-15
140.0	0.1979E-15
145.3	0.1926E-15
150.8	0.1873E-15
156.6	0.1821E-15
162.5	0.1770E-15
168.7	0.1720E-15
175.1	0.1671E-15
181.8	0.1623E-15
188.7	0.1575E-15
195.9	0.1529E-15
203.4	0.1483E-15
211.1	0.1438E-15
219.2	0.1395E-15
227.5	0.1352E-15
236.2	0.1309E-15
245.2	0.1268E-15
254.5	0.1228E-15
264.2	0.1188E-15
274.3	0.1149E-15
284.7	0.1111E-15
295.6	0.1074E-15
306.8	0.1037E-15
318.5	0.1002E-15
330.6	0.9669E-16
343.2	0.9328E-16
356.3	0.8995E-16
369.9	0.8671E-16
384.0	0.8355E-16
398.6	0.8046E-16
413.8	0.7745E-16
429.5	0.7452E-16
445.9	0.7166E-16
462.9	0.6888E-16
480.5	0.6617E-16
498.8	0.6353E-16
517.8	0.6096E-16
537.5	0.5847E-16
558.0	0.5604E-16
579.2	0.5369E-16
601.3	0.5142E-16
624.2	0.4921E-16
648.0	0.4706E-16
672.6	0.4498E-16
698.3	0.4297E-16
724.9	0.4103E-16
752.5	0.3916E-16
781.1	0.3735E-16
810.9	0.3560E-16
841.8	0.3391E-16
873.8	0.3228E-16
907.1	0.3072E-16
941.6	0.2921E-16
977.5	0.2777E-16
1015.	0.2639E-16
1053.	0.2504E-16
1094.	0.2376E-16
1135.	0.2254E-16
1178.	0.2137E-16
1223.	0.2024E-16
1270.	0.1918E-16
1318.	0.1815E-16
1368.	0.1716E-16
1421.	0.1622E-16
1475.	0.1533E-16
1531.	0.1448E-16
1589.	0.1367E-16
1650.	0.1291E-16
1712.	0.1218E-16
1778.	0.1148E-16
1845.	0.1082E-16
1916.	0.1019E-16
1989.	0.9581E-17
2064.	0.9015E-17
2143.	0.8479E-17
2225.	0.7975E-17
2309.	0.7493E-17
2397.	0.7035E-17
2489.	0.6606E-17
2583.	0.6196E-17
2682.	0.5809E-17
2784.	0.5441E-17
2890.	0.5094E-17
 
 
C4    F2    Excitation    0.22 eV                               
E/N (Td)	Inverse rate coefficient (m2)
0.1000E-02	0.7406E-15
0.1038E-02	0.7433E-15
0.1078E-02	0.7433E-15
0.1119E-02	0.7433E-15
0.1161E-02	0.7433E-15
0.1205E-02	0.7433E-15
0.1251E-02	0.7433E-15
0.1299E-02	0.7433E-15
0.1349E-02	0.7433E-15
0.1400E-02	0.7433E-15
0.1453E-02	0.7433E-15
0.1509E-02	0.7433E-15
0.1566E-02	0.7433E-15
0.1626E-02	0.7433E-15
0.1688E-02	0.7433E-15
0.1752E-02	0.7433E-15
0.1819E-02	0.7433E-15
0.1888E-02	0.7433E-15
0.1960E-02	0.7433E-15
0.2034E-02	0.7433E-15
0.2112E-02	0.7433E-15
0.2192E-02	0.7433E-15
0.2276E-02	0.7433E-15
0.2362E-02	0.7433E-15
0.2452E-02	0.7433E-15
0.2546E-02	0.7433E-15
0.2643E-02	0.7433E-15
0.2743E-02	0.7433E-15
0.2848E-02	0.7433E-15
0.2956E-02	0.7433E-15
0.3069E-02	0.7433E-15
0.3186E-02	0.7433E-15
0.3307E-02	0.7433E-15
0.3433E-02	0.7433E-15
0.3564E-02	0.7433E-15
0.3700E-02	0.7433E-15
0.3841E-02	0.7433E-15
0.3987E-02	0.7433E-15
0.4139E-02	0.7433E-15
0.4296E-02	0.7433E-15
0.4460E-02	0.7433E-15
0.4630E-02	0.7433E-15
0.4806E-02	0.7433E-15
0.4989E-02	0.7433E-15
0.5179E-02	0.7433E-15
0.5377E-02	0.7433E-15
0.5581E-02	0.7433E-15
0.5794E-02	0.7433E-15
0.6015E-02	0.7433E-15
0.6244E-02	0.7433E-15
0.6481E-02	0.7433E-15
0.6728E-02	0.7433E-15
0.6985E-02	0.7433E-15
0.7251E-02	0.7433E-15
0.7527E-02	0.7433E-15
0.7813E-02	0.7433E-15
0.8111E-02	0.7433E-15
0.8420E-02	0.7433E-15
0.8741E-02	0.7433E-15
0.9073E-02	0.7433E-15
0.9419E-02	0.7433E-15
0.9778E-02	0.7433E-15
0.1015E-01	0.7433E-15
0.1054E-01	0.7433E-15
0.1094E-01	0.7433E-15
0.1135E-01	0.7433E-15
0.1179E-01	0.7433E-15
0.1224E-01	0.7433E-15
0.1270E-01	0.7433E-15
0.1319E-01	0.7432E-15
0.1369E-01	0.7432E-15
0.1421E-01	0.7432E-15
0.1475E-01	0.7432E-15
0.1531E-01	0.7432E-15
0.1590E-01	0.7432E-15
0.1650E-01	0.7432E-15
0.1713E-01	0.7432E-15
0.1778E-01	0.7432E-15
0.1846E-01	0.7432E-15
0.1916E-01	0.7432E-15
0.1989E-01	0.7432E-15
0.2065E-01	0.7432E-15
0.2144E-01	0.7431E-15
0.2225E-01	0.7431E-15
0.2310E-01	0.7431E-15
0.2398E-01	0.7431E-15
0.2489E-01	0.7431E-15
0.2584E-01	0.7431E-15
0.2682E-01	0.7430E-15
0.2785E-01	0.7430E-15
0.2891E-01	0.7430E-15
0.3001E-01	0.7430E-15
0.3115E-01	0.7429E-15
0.3234E-01	0.7429E-15
0.3357E-01	0.7429E-15
0.3485E-01	0.7428E-15
0.3617E-01	0.7428E-15
0.3755E-01	0.7428E-15
0.3898E-01	0.7427E-15
0.4047E-01	0.7427E-15
0.4201E-01	0.7426E-15
0.4361E-01	0.7426E-15
0.4527E-01	0.7425E-15
0.4699E-01	0.7425E-15
0.4878E-01	0.7424E-15
0.5064E-01	0.7423E-15
0.5257E-01	0.7422E-15
0.5457E-01	0.7422E-15
0.5665E-01	0.7421E-15
0.5881E-01	0.7420E-15
0.6105E-01	0.7419E-15
0.6337E-01	0.7418E-15
0.6579E-01	0.7417E-15
0.6829E-01	0.7415E-15
0.7089E-01	0.7414E-15
0.7359E-01	0.7412E-15
0.7640E-01	0.7411E-15
0.7931E-01	0.7409E-15
0.8233E-01	0.7407E-15
0.8546E-01	0.7405E-15
0.8872E-01	0.7403E-15
0.9210E-01	0.7401E-15
0.9560E-01	0.7398E-15
0.9924E-01	0.7396E-15
0.1030	0.7393E-15
0.1069	0.7390E-15
0.1110	0.7387E-15
0.1152	0.7383E-15
0.1196	0.7379E-15
0.1242	0.7375E-15
0.1289	0.7371E-15
0.1338	0.7367E-15
0.1389	0.7362E-15
0.1442	0.7356E-15
0.1497	0.7351E-15
0.1554	0.7345E-15
0.1613	0.7338E-15
0.1675	0.7331E-15
0.1739	0.7324E-15
0.1805	0.7316E-15
0.1874	0.7308E-15
0.1945	0.7299E-15
0.2019	0.7290E-15
0.2096	0.7280E-15
0.2176	0.7269E-15
0.2259	0.7258E-15
0.2345	0.7246E-15
0.2434	0.7233E-15
0.2527	0.7220E-15
0.2623	0.7206E-15
0.2723	0.7191E-15
0.2826	0.7176E-15
0.2934	0.7159E-15
0.3046	0.7142E-15
0.3162	0.7124E-15
0.3282	0.7105E-15
0.3407	0.7085E-15
0.3537	0.7064E-15
0.3672	0.7043E-15
0.3812	0.7020E-15
0.3957	0.6997E-15
0.4107	0.6973E-15
0.4264	0.6948E-15
0.4426	0.6922E-15
0.4595	0.6895E-15
0.4770	0.6867E-15
0.4952	0.6839E-15
0.5140	0.6809E-15
0.5336	0.6779E-15
0.5539	0.6748E-15
0.5750	0.6716E-15
0.5969	0.6683E-15
0.6196	0.6650E-15
0.6432	0.6616E-15
0.6677	0.6581E-15
0.6932	0.6545E-15
0.7196	0.6509E-15
0.7470	0.6472E-15
0.7754	0.6434E-15
0.8050	0.6396E-15
0.8356	0.6357E-15
0.8674	0.6318E-15
0.9005	0.6278E-15
0.9348	0.6237E-15
0.9704	0.6196E-15
1.007	0.6154E-15
1.046	0.6112E-15
1.086	0.6070E-15
1.127	0.6027E-15
1.170	0.5984E-15
1.214	0.5940E-15
1.261	0.5896E-15
1.309	0.5852E-15
1.358	0.5808E-15
1.410	0.5763E-15
1.464	0.5719E-15
1.520	0.5674E-15
1.578	0.5629E-15
1.638	0.5584E-15
1.700	0.5539E-15
1.765	0.5494E-15
1.832	0.5450E-15
1.902	0.5405E-15
1.974	0.5361E-15
2.049	0.5317E-15
2.127	0.5274E-15
2.208	0.5230E-15
2.293	0.5188E-15
2.380	0.5146E-15
2.470	0.5104E-15
2.565	0.5063E-15
2.662	0.5023E-15
2.764	0.4983E-15
2.869	0.4944E-15
2.978	0.4906E-15
3.092	0.4869E-15
3.209	0.4833E-15
3.332	0.4799E-15
3.458	0.4765E-15
3.590	0.4732E-15
3.727	0.4700E-15
3.869	0.4670E-15
4.016	0.4641E-15
4.169	0.4614E-15
4.328	0.4588E-15
4.493	0.4563E-15
4.664	0.4540E-15
4.841	0.4518E-15
5.026	0.4498E-15
5.217	0.4479E-15
5.416	0.4463E-15
5.622	0.4448E-15
5.836	0.4435E-15
6.059	0.4424E-15
6.289	0.4415E-15
6.529	0.4408E-15
6.778	0.4402E-15
7.036	0.4398E-15
7.304	0.4397E-15
7.582	0.4398E-15
7.871	0.4400E-15
8.170	0.4405E-15
8.482	0.4411E-15
8.805	0.4420E-15
9.140	0.4430E-15
9.488	0.4441E-15
9.849	0.4454E-15
10.22	0.4469E-15
10.61	0.4484E-15
11.02	0.4501E-15
11.44	0.4518E-15
11.87	0.4537E-15
12.33	0.4556E-15
12.80	0.4575E-15
13.28	0.4595E-15
13.79	0.4615E-15
14.31	0.4636E-15
14.86	0.4656E-15
15.42	0.4676E-15
16.01	0.4696E-15
16.62	0.4716E-15
17.25	0.4736E-15
17.91	0.4754E-15
18.59	0.4773E-15
19.30	0.4791E-15
20.04	0.4808E-15
20.80	0.4825E-15
21.59	0.4840E-15
22.42	0.4855E-15
23.27	0.4869E-15
24.16	0.4881E-15
25.08	0.4892E-15
26.03	0.4902E-15
27.02	0.4909E-15
28.05	0.4916E-15
29.12	0.4920E-15
30.23	0.4922E-15
31.38	0.4921E-15
32.57	0.4918E-15
33.82	0.4912E-15
35.10	0.4904E-15
36.44	0.4892E-15
37.83	0.4876E-15
39.27	0.4857E-15
40.76	0.4835E-15
42.32	0.4808E-15
43.93	0.4777E-15
45.60	0.4743E-15
47.34	0.4703E-15
49.14	0.4660E-15
51.01	0.4613E-15
52.96	0.4561E-15
54.97	0.4505E-15
57.07	0.4446E-15
59.24	0.4383E-15
61.50	0.4317E-15
63.84	0.4247E-15
66.27	0.4175E-15
68.79	0.4100E-15
71.41	0.4024E-15
74.13	0.3945E-15
76.96	0.3865E-15
79.89	0.3784E-15
82.93	0.3703E-15
86.09	0.3620E-15
89.37	0.3538E-15
92.77	0.3456E-15
96.31	0.3374E-15
99.97	0.3292E-15
103.8	0.3212E-15
107.7	0.3132E-15
111.8	0.3053E-15
116.1	0.2975E-15
120.5	0.2898E-15
125.1	0.2823E-15
129.9	0.2748E-15
134.8	0.2675E-15
140.0	0.2603E-15
145.3	0.2532E-15
150.8	0.2463E-15
156.6	0.2395E-15
162.5	0.2328E-15
168.7	0.2262E-15
175.1	0.2198E-15
181.8	0.2134E-15
188.7	0.2072E-15
195.9	0.2011E-15
203.4	0.1951E-15
211.1	0.1892E-15
219.2	0.1834E-15
227.5	0.1778E-15
236.2	0.1722E-15
245.2	0.1668E-15
254.5	0.1615E-15
264.2	0.1562E-15
274.3	0.1511E-15
284.7	0.1461E-15
295.6	0.1412E-15
306.8	0.1364E-15
318.5	0.1317E-15
330.6	0.1272E-15
343.2	0.1227E-15
356.3	0.1183E-15
369.9	0.1140E-15
384.0	0.1099E-15
398.6	0.1058E-15
413.8	0.1018E-15
429.5	0.9799E-16
445.9	0.9423E-16
462.9	0.9057E-16
480.5	0.8700E-16
498.8	0.8353E-16
517.8	0.8016E-16
537.5	0.7688E-16
558.0	0.7369E-16
579.2	0.7059E-16
601.3	0.6760E-16
624.2	0.6469E-16
648.0	0.6187E-16
672.6	0.5913E-16
698.3	0.5649E-16
724.9	0.5394E-16
752.5	0.5148E-16
781.1	0.4909E-16
810.9	0.4680E-16
841.8	0.4458E-16
873.8	0.4244E-16
907.1	0.4038E-16
941.6	0.3840E-16
977.5	0.3651E-16
1015.	0.3468E-16
1053.	0.3291E-16
1094.	0.3123E-16
1135.	0.2962E-16
1178.	0.2809E-16
1223.	0.2661E-16
1270.	0.2521E-16
1318.	0.2386E-16
1368.	0.2255E-16
1421.	0.2133E-16
1475.	0.2015E-16
1531.	0.1904E-16
1589.	0.1797E-16
1650.	0.1697E-16
1712.	0.1601E-16
1778.	0.1509E-16
1845.	0.1422E-16
1916.	0.1339E-16
1989.	0.1259E-16
2064.	0.1185E-16
2143.	0.1114E-16
2225.	0.1048E-16
2309.	0.9848E-17
2397.	0.9247E-17
2489.	0.8683E-17
2583.	0.8144E-17
2682.	0.7635E-17
2784.	0.7152E-17
2890.	0.6696E-17
 
 
C5    F2    Excitation    0.32 eV                               
E/N (Td)	Inverse rate coefficient (m2)
0.1000E-02	0.5130E-15
0.1038E-02	0.5149E-15
0.1078E-02	0.5149E-15
0.1119E-02	0.5149E-15
0.1161E-02	0.5149E-15
0.1205E-02	0.5149E-15
0.1251E-02	0.5149E-15
0.1299E-02	0.5149E-15
0.1349E-02	0.5149E-15
0.1400E-02	0.5149E-15
0.1453E-02	0.5149E-15
0.1509E-02	0.5149E-15
0.1566E-02	0.5149E-15
0.1626E-02	0.5149E-15
0.1688E-02	0.5149E-15
0.1752E-02	0.5149E-15
0.1819E-02	0.5149E-15
0.1888E-02	0.5149E-15
0.1960E-02	0.5149E-15
0.2034E-02	0.5149E-15
0.2112E-02	0.5149E-15
0.2192E-02	0.5149E-15
0.2276E-02	0.5149E-15
0.2362E-02	0.5149E-15
0.2452E-02	0.5149E-15
0.2546E-02	0.5149E-15
0.2643E-02	0.5149E-15
0.2743E-02	0.5149E-15
0.2848E-02	0.5149E-15
0.2956E-02	0.5149E-15
0.3069E-02	0.5149E-15
0.3186E-02	0.5149E-15
0.3307E-02	0.5149E-15
0.3433E-02	0.5149E-15
0.3564E-02	0.5149E-15
0.3700E-02	0.5149E-15
0.3841E-02	0.5149E-15
0.3987E-02	0.5149E-15
0.4139E-02	0.5149E-15
0.4296E-02	0.5149E-15
0.4460E-02	0.5149E-15
0.4630E-02	0.5149E-15
0.4806E-02	0.5149E-15
0.4989E-02	0.5149E-15
0.5179E-02	0.5149E-15
0.5377E-02	0.5149E-15
0.5581E-02	0.5149E-15
0.5794E-02	0.5149E-15
0.6015E-02	0.5149E-15
0.6244E-02	0.5149E-15
0.6481E-02	0.5149E-15
0.6728E-02	0.5149E-15
0.6985E-02	0.5149E-15
0.7251E-02	0.5149E-15
0.7527E-02	0.5149E-15
0.7813E-02	0.5149E-15
0.8111E-02	0.5149E-15
0.8420E-02	0.5149E-15
0.8741E-02	0.5149E-15
0.9073E-02	0.5149E-15
0.9419E-02	0.5149E-15
0.9778E-02	0.5149E-15
0.1015E-01	0.5149E-15
0.1054E-01	0.5149E-15
0.1094E-01	0.5149E-15
0.1135E-01	0.5149E-15
0.1179E-01	0.5149E-15
0.1224E-01	0.5149E-15
0.1270E-01	0.5149E-15
0.1319E-01	0.5149E-15
0.1369E-01	0.5149E-15
0.1421E-01	0.5149E-15
0.1475E-01	0.5149E-15
0.1531E-01	0.5149E-15
0.1590E-01	0.5149E-15
0.1650E-01	0.5149E-15
0.1713E-01	0.5149E-15
0.1778E-01	0.5149E-15
0.1846E-01	0.5148E-15
0.1916E-01	0.5148E-15
0.1989E-01	0.5148E-15
0.2065E-01	0.5148E-15
0.2144E-01	0.5148E-15
0.2225E-01	0.5148E-15
0.2310E-01	0.5148E-15
0.2398E-01	0.5148E-15
0.2489E-01	0.5148E-15
0.2584E-01	0.5148E-15
0.2682E-01	0.5147E-15
0.2785E-01	0.5147E-15
0.2891E-01	0.5147E-15
0.3001E-01	0.5147E-15
0.3115E-01	0.5147E-15
0.3234E-01	0.5147E-15
0.3357E-01	0.5146E-15
0.3485E-01	0.5146E-15
0.3617E-01	0.5146E-15
0.3755E-01	0.5146E-15
0.3898E-01	0.5145E-15
0.4047E-01	0.5145E-15
0.4201E-01	0.5145E-15
0.4361E-01	0.5144E-15
0.4527E-01	0.5144E-15
0.4699E-01	0.5143E-15
0.4878E-01	0.5143E-15
0.5064E-01	0.5142E-15
0.5257E-01	0.5142E-15
0.5457E-01	0.5141E-15
0.5665E-01	0.5141E-15
0.5881E-01	0.5140E-15
0.6105E-01	0.5139E-15
0.6337E-01	0.5139E-15
0.6579E-01	0.5138E-15
0.6829E-01	0.5137E-15
0.7089E-01	0.5136E-15
0.7359E-01	0.5135E-15
0.7640E-01	0.5134E-15
0.7931E-01	0.5133E-15
0.8233E-01	0.5131E-15
0.8546E-01	0.5130E-15
0.8872E-01	0.5128E-15
0.9210E-01	0.5127E-15
0.9560E-01	0.5125E-15
0.9924E-01	0.5123E-15
0.1030	0.5121E-15
0.1069	0.5119E-15
0.1110	0.5117E-15
0.1152	0.5115E-15
0.1196	0.5112E-15
0.1242	0.5109E-15
0.1289	0.5106E-15
0.1338	0.5103E-15
0.1389	0.5100E-15
0.1442	0.5096E-15
0.1497	0.5092E-15
0.1554	0.5088E-15
0.1613	0.5083E-15
0.1675	0.5079E-15
0.1739	0.5074E-15
0.1805	0.5068E-15
0.1874	0.5062E-15
0.1945	0.5056E-15
0.2019	0.5050E-15
0.2096	0.5043E-15
0.2176	0.5035E-15
0.2259	0.5027E-15
0.2345	0.5019E-15
0.2434	0.5010E-15
0.2527	0.5001E-15
0.2623	0.4991E-15
0.2723	0.4981E-15
0.2826	0.4970E-15
0.2934	0.4959E-15
0.3046	0.4947E-15
0.3162	0.4934E-15
0.3282	0.4921E-15
0.3407	0.4907E-15
0.3537	0.4893E-15
0.3672	0.4878E-15
0.3812	0.4863E-15
0.3957	0.4846E-15
0.4107	0.4830E-15
0.4264	0.4812E-15
0.4426	0.4794E-15
0.4595	0.4775E-15
0.4770	0.4756E-15
0.4952	0.4736E-15
0.5140	0.4716E-15
0.5336	0.4695E-15
0.5539	0.4673E-15
0.5750	0.4651E-15
0.5969	0.4629E-15
0.6196	0.4606E-15
0.6432	0.4582E-15
0.6677	0.4558E-15
0.6932	0.4533E-15
0.7196	0.4508E-15
0.7470	0.4482E-15
0.7754	0.4456E-15
0.8050	0.4430E-15
0.8356	0.4403E-15
0.8674	0.4376E-15
0.9005	0.4348E-15
0.9348	0.4320E-15
0.9704	0.4292E-15
1.007	0.4263E-15
1.046	0.4234E-15
1.086	0.4205E-15
1.127	0.4175E-15
1.170	0.4145E-15
1.214	0.4115E-15
1.261	0.4085E-15
1.309	0.4055E-15
1.358	0.4024E-15
1.410	0.3993E-15
1.464	0.3963E-15
1.520	0.3932E-15
1.578	0.3901E-15
1.638	0.3870E-15
1.700	0.3840E-15
1.765	0.3809E-15
1.832	0.3778E-15
1.902	0.3748E-15
1.974	0.3718E-15
2.049	0.3688E-15
2.127	0.3658E-15
2.208	0.3628E-15
2.293	0.3599E-15
2.380	0.3570E-15
2.470	0.3542E-15
2.565	0.3514E-15
2.662	0.3487E-15
2.764	0.3460E-15
2.869	0.3434E-15
2.978	0.3408E-15
3.092	0.3383E-15
3.209	0.3359E-15
3.332	0.3336E-15
3.458	0.3313E-15
3.590	0.3291E-15
3.727	0.3270E-15
3.869	0.3250E-15
4.016	0.3231E-15
4.169	0.3212E-15
4.328	0.3195E-15
4.493	0.3179E-15
4.664	0.3164E-15
4.841	0.3150E-15
5.026	0.3136E-15
5.217	0.3124E-15
5.416	0.3114E-15
5.622	0.3105E-15
5.836	0.3097E-15
6.059	0.3090E-15
6.289	0.3085E-15
6.529	0.3080E-15
6.778	0.3078E-15
7.036	0.3075E-15
7.304	0.3075E-15
7.582	0.3077E-15
7.871	0.3080E-15
8.170	0.3084E-15
8.482	0.3089E-15
8.805	0.3095E-15
9.140	0.3103E-15
9.488	0.3112E-15
9.849	0.3122E-15
10.22	0.3133E-15
10.61	0.3144E-15
11.02	0.3156E-15
11.44	0.3169E-15
11.87	0.3183E-15
12.33	0.3197E-15
12.80	0.3211E-15
13.28	0.3226E-15
13.79	0.3240E-15
14.31	0.3255E-15
14.86	0.3270E-15
15.42	0.3285E-15
16.01	0.3300E-15
16.62	0.3314E-15
17.25	0.3329E-15
17.91	0.3343E-15
18.59	0.3356E-15
19.30	0.3370E-15
20.04	0.3383E-15
20.80	0.3395E-15
21.59	0.3407E-15
22.42	0.3418E-15
23.27	0.3429E-15
24.16	0.3438E-15
25.08	0.3447E-15
26.03	0.3454E-15
27.02	0.3461E-15
28.05	0.3466E-15
29.12	0.3470E-15
30.23	0.3472E-15
31.38	0.3473E-15
32.57	0.3472E-15
33.82	0.3468E-15
35.10	0.3463E-15
36.44	0.3455E-15
37.83	0.3445E-15
39.27	0.3433E-15
40.76	0.3418E-15
42.32	0.3400E-15
43.93	0.3379E-15
45.60	0.3355E-15
47.34	0.3328E-15
49.14	0.3298E-15
51.01	0.3265E-15
52.96	0.3229E-15
54.97	0.3190E-15
57.07	0.3149E-15
59.24	0.3104E-15
61.50	0.3058E-15
63.84	0.3009E-15
66.27	0.2958E-15
68.79	0.2906E-15
71.41	0.2852E-15
74.13	0.2796E-15
76.96	0.2740E-15
79.89	0.2683E-15
82.93	0.2625E-15
86.09	0.2567E-15
89.37	0.2509E-15
92.77	0.2451E-15
96.31	0.2393E-15
99.97	0.2335E-15
103.8	0.2278E-15
107.7	0.2222E-15
111.8	0.2166E-15
116.1	0.2111E-15
120.5	0.2056E-15
125.1	0.2003E-15
129.9	0.1950E-15
134.8	0.1898E-15
140.0	0.1847E-15
145.3	0.1797E-15
150.8	0.1748E-15
156.6	0.1699E-15
162.5	0.1652E-15
168.7	0.1605E-15
175.1	0.1559E-15
181.8	0.1514E-15
188.7	0.1470E-15
195.9	0.1427E-15
203.4	0.1384E-15
211.1	0.1342E-15
219.2	0.1301E-15
227.5	0.1261E-15
236.2	0.1222E-15
245.2	0.1183E-15
254.5	0.1145E-15
264.2	0.1108E-15
274.3	0.1072E-15
284.7	0.1036E-15
295.6	0.1002E-15
306.8	0.9675E-16
318.5	0.9343E-16
330.6	0.9018E-16
343.2	0.8701E-16
356.3	0.8390E-16
369.9	0.8087E-16
384.0	0.7791E-16
398.6	0.7503E-16
413.8	0.7222E-16
429.5	0.6948E-16
445.9	0.6681E-16
462.9	0.6421E-16
480.5	0.6168E-16
498.8	0.5922E-16
517.8	0.5683E-16
537.5	0.5450E-16
558.0	0.5223E-16
579.2	0.5004E-16
601.3	0.4792E-16
624.2	0.4585E-16
648.0	0.4386E-16
672.6	0.4191E-16
698.3	0.4004E-16
724.9	0.3823E-16
752.5	0.3648E-16
781.1	0.3479E-16
810.9	0.3317E-16
841.8	0.3159E-16
873.8	0.3007E-16
907.1	0.2861E-16
941.6	0.2721E-16
977.5	0.2587E-16
1015.	0.2458E-16
1053.	0.2332E-16
1094.	0.2213E-16
1135.	0.2099E-16
1178.	0.1990E-16
1223.	0.1885E-16
1270.	0.1786E-16
1318.	0.1690E-16
1368.	0.1598E-16
1421.	0.1511E-16
1475.	0.1428E-16
1531.	0.1349E-16
1589.	0.1273E-16
1650.	0.1203E-16
1712.	0.1134E-16
1778.	0.1069E-16
1845.	0.1007E-16
1916.	0.9488E-17
1989.	0.8921E-17
2064.	0.8395E-17
2143.	0.7895E-17
2225.	0.7427E-17
2309.	0.6977E-17
2397.	0.6551E-17
2489.	0.6152E-17
2583.	0.5770E-17
2682.	0.5409E-17
2784.	0.5067E-17
2890.	0.4744E-17
 
 
C6    F2    Excitation    0.42 eV                               
E/N (Td)	Inverse rate coefficient (m2)
0.1000E-02	0.1659E-15
0.1038E-02	0.1665E-15
0.1078E-02	0.1665E-15
0.1119E-02	0.1665E-15
0.1161E-02	0.1665E-15
0.1205E-02	0.1665E-15
0.1251E-02	0.1665E-15
0.1299E-02	0.1665E-15
0.1349E-02	0.1665E-15
0.1400E-02	0.1665E-15
0.1453E-02	0.1665E-15
0.1509E-02	0.1665E-15
0.1566E-02	0.1665E-15
0.1626E-02	0.1665E-15
0.1688E-02	0.1665E-15
0.1752E-02	0.1665E-15
0.1819E-02	0.1665E-15
0.1888E-02	0.1665E-15
0.1960E-02	0.1665E-15
0.2034E-02	0.1665E-15
0.2112E-02	0.1665E-15
0.2192E-02	0.1665E-15
0.2276E-02	0.1665E-15
0.2362E-02	0.1665E-15
0.2452E-02	0.1665E-15
0.2546E-02	0.1665E-15
0.2643E-02	0.1665E-15
0.2743E-02	0.1665E-15
0.2848E-02	0.1665E-15
0.2956E-02	0.1665E-15
0.3069E-02	0.1665E-15
0.3186E-02	0.1665E-15
0.3307E-02	0.1665E-15
0.3433E-02	0.1665E-15
0.3564E-02	0.1665E-15
0.3700E-02	0.1665E-15
0.3841E-02	0.1665E-15
0.3987E-02	0.1665E-15
0.4139E-02	0.1665E-15
0.4296E-02	0.1665E-15
0.4460E-02	0.1665E-15
0.4630E-02	0.1665E-15
0.4806E-02	0.1665E-15
0.4989E-02	0.1665E-15
0.5179E-02	0.1665E-15
0.5377E-02	0.1665E-15
0.5581E-02	0.1665E-15
0.5794E-02	0.1665E-15
0.6015E-02	0.1665E-15
0.6244E-02	0.1665E-15
0.6481E-02	0.1665E-15
0.6728E-02	0.1665E-15
0.6985E-02	0.1665E-15
0.7251E-02	0.1665E-15
0.7527E-02	0.1665E-15
0.7813E-02	0.1665E-15
0.8111E-02	0.1665E-15
0.8420E-02	0.1665E-15
0.8741E-02	0.1665E-15
0.9073E-02	0.1665E-15
0.9419E-02	0.1665E-15
0.9778E-02	0.1665E-15
0.1015E-01	0.1665E-15
0.1054E-01	0.1665E-15
0.1094E-01	0.1665E-15
0.1135E-01	0.1665E-15
0.1179E-01	0.1665E-15
0.1224E-01	0.1665E-15
0.1270E-01	0.1665E-15
0.1319E-01	0.1665E-15
0.1369E-01	0.1665E-15
0.1421E-01	0.1665E-15
0.1475E-01	0.1665E-15
0.1531E-01	0.1665E-15
0.1590E-01	0.1665E-15
0.1650E-01	0.1665E-15
0.1713E-01	0.1665E-15
0.1778E-01	0.1665E-15
0.1846E-01	0.1665E-15
0.1916E-01	0.1665E-15
0.1989E-01	0.1665E-15
0.2065E-01	0.1665E-15
0.2144E-01	0.1665E-15
0.2225E-01	0.1664E-15
0.2310E-01	0.1664E-15
0.2398E-01	0.1664E-15
0.2489E-01	0.1664E-15
0.2584E-01	0.1664E-15
0.2682E-01	0.1664E-15
0.2785E-01	0.1664E-15
0.2891E-01	0.1664E-15
0.3001E-01	0.1664E-15
0.3115E-01	0.1664E-15
0.3234E-01	0.1664E-15
0.3357E-01	0.1664E-15
0.3485E-01	0.1664E-15
0.3617E-01	0.1664E-15
0.3755E-01	0.1664E-15
0.3898E-01	0.1664E-15
0.4047E-01	0.1663E-15
0.4201E-01	0.1663E-15
0.4361E-01	0.1663E-15
0.4527E-01	0.1663E-15
0.4699E-01	0.1663E-15
0.4878E-01	0.1663E-15
0.5064E-01	0.1663E-15
0.5257E-01	0.1662E-15
0.5457E-01	0.1662E-15
0.5665E-01	0.1662E-15
0.5881E-01	0.1662E-15
0.6105E-01	0.1662E-15
0.6337E-01	0.1661E-15
0.6579E-01	0.1661E-15
0.6829E-01	0.1661E-15
0.7089E-01	0.1661E-15
0.7359E-01	0.1660E-15
0.7640E-01	0.1660E-15
0.7931E-01	0.1659E-15
0.8233E-01	0.1659E-15
0.8546E-01	0.1659E-15
0.8872E-01	0.1658E-15
0.9210E-01	0.1658E-15
0.9560E-01	0.1657E-15
0.9924E-01	0.1656E-15
0.1030	0.1656E-15
0.1069	0.1655E-15
0.1110	0.1654E-15
0.1152	0.1654E-15
0.1196	0.1653E-15
0.1242	0.1652E-15
0.1289	0.1651E-15
0.1338	0.1650E-15
0.1389	0.1649E-15
0.1442	0.1647E-15
0.1497	0.1646E-15
0.1554	0.1645E-15
0.1613	0.1643E-15
0.1675	0.1642E-15
0.1739	0.1640E-15
0.1805	0.1638E-15
0.1874	0.1636E-15
0.1945	0.1634E-15
0.2019	0.1632E-15
0.2096	0.1630E-15
0.2176	0.1628E-15
0.2259	0.1625E-15
0.2345	0.1622E-15
0.2434	0.1620E-15
0.2527	0.1617E-15
0.2623	0.1613E-15
0.2723	0.1610E-15
0.2826	0.1606E-15
0.2934	0.1603E-15
0.3046	0.1599E-15
0.3162	0.1595E-15
0.3282	0.1590E-15
0.3407	0.1586E-15
0.3537	0.1581E-15
0.3672	0.1576E-15
0.3812	0.1571E-15
0.3957	0.1566E-15
0.4107	0.1561E-15
0.4264	0.1555E-15
0.4426	0.1549E-15
0.4595	0.1543E-15
0.4770	0.1537E-15
0.4952	0.1531E-15
0.5140	0.1524E-15
0.5336	0.1517E-15
0.5539	0.1510E-15
0.5750	0.1503E-15
0.5969	0.1496E-15
0.6196	0.1488E-15
0.6432	0.1481E-15
0.6677	0.1473E-15
0.6932	0.1465E-15
0.7196	0.1457E-15
0.7470	0.1449E-15
0.7754	0.1440E-15
0.8050	0.1432E-15
0.8356	0.1423E-15
0.8674	0.1415E-15
0.9005	0.1406E-15
0.9348	0.1397E-15
0.9704	0.1388E-15
1.007	0.1379E-15
1.046	0.1369E-15
1.086	0.1360E-15
1.127	0.1351E-15
1.170	0.1341E-15
1.214	0.1332E-15
1.261	0.1322E-15
1.309	0.1312E-15
1.358	0.1303E-15
1.410	0.1293E-15
1.464	0.1283E-15
1.520	0.1274E-15
1.578	0.1264E-15
1.638	0.1254E-15
1.700	0.1245E-15
1.765	0.1235E-15
1.832	0.1225E-15
1.902	0.1216E-15
1.974	0.1206E-15
2.049	0.1197E-15
2.127	0.1188E-15
2.208	0.1179E-15
2.293	0.1170E-15
2.380	0.1161E-15
2.470	0.1152E-15
2.565	0.1143E-15
2.662	0.1135E-15
2.764	0.1127E-15
2.869	0.1119E-15
2.978	0.1111E-15
3.092	0.1104E-15
3.209	0.1096E-15
3.332	0.1089E-15
3.458	0.1082E-15
3.590	0.1076E-15
3.727	0.1070E-15
3.869	0.1064E-15
4.016	0.1058E-15
4.169	0.1053E-15
4.328	0.1048E-15
4.493	0.1043E-15
4.664	0.1039E-15
4.841	0.1035E-15
5.026	0.1032E-15
5.217	0.1029E-15
5.416	0.1026E-15
5.622	0.1024E-15
5.836	0.1022E-15
6.059	0.1020E-15
6.289	0.1019E-15
6.529	0.1019E-15
6.778	0.1019E-15
7.036	0.1019E-15
7.304	0.1020E-15
7.582	0.1021E-15
7.871	0.1022E-15
8.170	0.1025E-15
8.482	0.1027E-15
8.805	0.1030E-15
9.140	0.1033E-15
9.488	0.1037E-15
9.849	0.1041E-15
10.22	0.1045E-15
10.61	0.1050E-15
11.02	0.1055E-15
11.44	0.1060E-15
11.87	0.1065E-15
12.33	0.1071E-15
12.80	0.1076E-15
13.28	0.1082E-15
13.79	0.1088E-15
14.31	0.1093E-15
14.86	0.1099E-15
15.42	0.1105E-15
16.01	0.1111E-15
16.62	0.1117E-15
17.25	0.1122E-15
17.91	0.1128E-15
18.59	0.1134E-15
19.30	0.1139E-15
20.04	0.1145E-15
20.80	0.1150E-15
21.59	0.1155E-15
22.42	0.1160E-15
23.27	0.1165E-15
24.16	0.1169E-15
25.08	0.1173E-15
26.03	0.1177E-15
27.02	0.1180E-15
28.05	0.1183E-15
29.12	0.1186E-15
30.23	0.1188E-15
31.38	0.1189E-15
32.57	0.1190E-15
33.82	0.1190E-15
35.10	0.1189E-15
36.44	0.1187E-15
37.83	0.1185E-15
39.27	0.1182E-15
40.76	0.1178E-15
42.32	0.1172E-15
43.93	0.1166E-15
45.60	0.1159E-15
47.34	0.1150E-15
49.14	0.1141E-15
51.01	0.1130E-15
52.96	0.1119E-15
54.97	0.1106E-15
57.07	0.1092E-15
59.24	0.1078E-15
61.50	0.1062E-15
63.84	0.1046E-15
66.27	0.1029E-15
68.79	0.1011E-15
71.41	0.9925E-16
74.13	0.9737E-16
76.96	0.9545E-16
79.89	0.9350E-16
82.93	0.9153E-16
86.09	0.8954E-16
89.37	0.8754E-16
92.77	0.8554E-16
96.31	0.8354E-16
99.97	0.8156E-16
103.8	0.7958E-16
107.7	0.7763E-16
111.8	0.7570E-16
116.1	0.7378E-16
120.5	0.7190E-16
125.1	0.7004E-16
129.9	0.6821E-16
134.8	0.6640E-16
140.0	0.6462E-16
145.3	0.6288E-16
150.8	0.6116E-16
156.6	0.5948E-16
162.5	0.5782E-16
168.7	0.5619E-16
175.1	0.5459E-16
181.8	0.5302E-16
188.7	0.5147E-16
195.9	0.4996E-16
203.4	0.4847E-16
211.1	0.4701E-16
219.2	0.4558E-16
227.5	0.4417E-16
236.2	0.4279E-16
245.2	0.4144E-16
254.5	0.4012E-16
264.2	0.3882E-16
274.3	0.3754E-16
284.7	0.3629E-16
295.6	0.3508E-16
306.8	0.3388E-16
318.5	0.3272E-16
330.6	0.3158E-16
343.2	0.3047E-16
356.3	0.2938E-16
369.9	0.2832E-16
384.0	0.2728E-16
398.6	0.2627E-16
413.8	0.2529E-16
429.5	0.2433E-16
445.9	0.2339E-16
462.9	0.2248E-16
480.5	0.2160E-16
498.8	0.2073E-16
517.8	0.1989E-16
537.5	0.1908E-16
558.0	0.1829E-16
579.2	0.1752E-16
601.3	0.1677E-16
624.2	0.1605E-16
648.0	0.1535E-16
672.6	0.1467E-16
698.3	0.1402E-16
724.9	0.1338E-16
752.5	0.1277E-16
781.1	0.1218E-16
810.9	0.1161E-16
841.8	0.1106E-16
873.8	0.1052E-16
907.1	0.1001E-16
941.6	0.9523E-17
977.5	0.9054E-17
1015.	0.8600E-17
1053.	0.8162E-17
1094.	0.7745E-17
1135.	0.7346E-17
1178.	0.6964E-17
1223.	0.6598E-17
1270.	0.6250E-17
1318.	0.5915E-17
1368.	0.5591E-17
1421.	0.5287E-17
1475.	0.4997E-17
1531.	0.4720E-17
1589.	0.4456E-17
1650.	0.4208E-17
1712.	0.3969E-17
1778.	0.3742E-17
1845.	0.3525E-17
1916.	0.3320E-17
1989.	0.3122E-17
2064.	0.2937E-17
2143.	0.2763E-17
2225.	0.2599E-17
2309.	0.2441E-17
2397.	0.2293E-17
2489.	0.2153E-17
2583.	0.2019E-17
2682.	0.1893E-17
2784.	0.1773E-17
2890.	0.1660E-17
 
 
C7    F2    Excitation    11.57 eV                              
E/N (Td)	Inverse rate coefficient (m2)
0.1000E-02	0.3156E-14
0.1038E-02	0.3151E-14
0.1078E-02	0.3151E-14
0.1119E-02	0.3151E-14
0.1161E-02	0.3151E-14
0.1205E-02	0.3151E-14
0.1251E-02	0.3151E-14
0.1299E-02	0.3151E-14
0.1349E-02	0.3151E-14
0.1400E-02	0.3151E-14
0.1453E-02	0.3151E-14
0.1509E-02	0.3151E-14
0.1566E-02	0.3151E-14
0.1626E-02	0.3151E-14
0.1688E-02	0.3151E-14
0.1752E-02	0.3151E-14
0.1819E-02	0.3151E-14
0.1888E-02	0.3151E-14
0.1960E-02	0.3151E-14
0.2034E-02	0.3151E-14
0.2112E-02	0.3151E-14
0.2192E-02	0.3151E-14
0.2276E-02	0.3151E-14
0.2362E-02	0.3151E-14
0.2452E-02	0.3151E-14
0.2546E-02	0.3151E-14
0.2643E-02	0.3151E-14
0.2743E-02	0.3151E-14
0.2848E-02	0.3151E-14
0.2956E-02	0.3151E-14
0.3069E-02	0.3151E-14
0.3186E-02	0.3151E-14
0.3307E-02	0.3151E-14
0.3433E-02	0.3151E-14
0.3564E-02	0.3151E-14
0.3700E-02	0.3151E-14
0.3841E-02	0.3151E-14
0.3987E-02	0.3151E-14
0.4139E-02	0.3151E-14
0.4296E-02	0.3151E-14
0.4460E-02	0.3151E-14
0.4630E-02	0.3151E-14
0.4806E-02	0.3151E-14
0.4989E-02	0.3151E-14
0.5179E-02	0.3151E-14
0.5377E-02	0.3151E-14
0.5581E-02	0.3151E-14
0.5794E-02	0.3151E-14
0.6015E-02	0.3151E-14
0.6244E-02	0.3151E-14
0.6481E-02	0.3151E-14
0.6728E-02	0.3151E-14
0.6985E-02	0.3151E-14
0.7251E-02	0.3151E-14
0.7527E-02	0.3151E-14
0.7813E-02	0.3151E-14
0.8111E-02	0.3151E-14
0.8420E-02	0.3151E-14
0.8741E-02	0.3151E-14
0.9073E-02	0.3151E-14
0.9419E-02	0.3151E-14
0.9778E-02	0.3151E-14
0.1015E-01	0.3151E-14
0.1054E-01	0.3151E-14
0.1094E-01	0.3151E-14
0.1135E-01	0.3151E-14
0.1179E-01	0.3151E-14
0.1224E-01	0.3151E-14
0.1270E-01	0.3151E-14
0.1319E-01	0.3151E-14
0.1369E-01	0.3151E-14
0.1421E-01	0.3151E-14
0.1475E-01	0.3151E-14
0.1531E-01	0.3151E-14
0.1590E-01	0.3151E-14
0.1650E-01	0.3151E-14
0.1713E-01	0.3151E-14
0.1778E-01	0.3151E-14
0.1846E-01	0.3151E-14
0.1916E-01	0.3151E-14
0.1989E-01	0.3151E-14
0.2065E-01	0.3151E-14
0.2144E-01	0.3151E-14
0.2225E-01	0.3151E-14
0.2310E-01	0.3151E-14
0.2398E-01	0.3151E-14
0.2489E-01	0.3151E-14
0.2584E-01	0.3151E-14
0.2682E-01	0.3151E-14
0.2785E-01	0.3151E-14
0.2891E-01	0.3152E-14
0.3001E-01	0.3152E-14
0.3115E-01	0.3152E-14
0.3234E-01	0.3152E-14
0.3357E-01	0.3152E-14
0.3485E-01	0.3152E-14
0.3617E-01	0.3152E-14
0.3755E-01	0.3152E-14
0.3898E-01	0.3152E-14
0.4047E-01	0.3152E-14
0.4201E-01	0.3152E-14
0.4361E-01	0.3152E-14
0.4527E-01	0.3152E-14
0.4699E-01	0.3152E-14
0.4878E-01	0.3153E-14
0.5064E-01	0.3153E-14
0.5257E-01	0.3153E-14
0.5457E-01	0.3153E-14
0.5665E-01	0.3153E-14
0.5881E-01	0.3153E-14
0.6105E-01	0.3153E-14
0.6337E-01	0.3154E-14
0.6579E-01	0.3154E-14
0.6829E-01	0.3154E-14
0.7089E-01	0.3154E-14
0.7359E-01	0.3155E-14
0.7640E-01	0.3155E-14
0.7931E-01	0.3155E-14
0.8233E-01	0.3156E-14
0.8546E-01	0.3156E-14
0.8872E-01	0.3156E-14
0.9210E-01	0.3157E-14
0.9560E-01	0.3157E-14
0.9924E-01	0.3158E-14
0.1030	0.3158E-14
0.1069	0.3159E-14
0.1110	0.3159E-14
0.1152	0.3160E-14
0.1196	0.3161E-14
0.1242	0.3161E-14
0.1289	0.3162E-14
0.1338	0.3163E-14
0.1389	0.3164E-14
0.1442	0.3165E-14
0.1497	0.3166E-14
0.1554	0.3167E-14
0.1613	0.3168E-14
0.1675	0.3169E-14
0.1739	0.3171E-14
0.1805	0.3172E-14
0.1874	0.3173E-14
0.1945	0.3175E-14
0.2019	0.3177E-14
0.2096	0.3179E-14
0.2176	0.3181E-14
0.2259	0.3183E-14
0.2345	0.3185E-14
0.2434	0.3187E-14
0.2527	0.3190E-14
0.2623	0.3192E-14
0.2723	0.3195E-14
0.2826	0.3198E-14
0.2934	0.3201E-14
0.3046	0.3205E-14
0.3162	0.3208E-14
0.3282	0.3212E-14
0.3407	0.3216E-14
0.3537	0.3220E-14
0.3672	0.3224E-14
0.3812	0.3228E-14
0.3957	0.3233E-14
0.4107	0.3238E-14
0.4264	0.3243E-14
0.4426	0.3248E-14
0.4595	0.3254E-14
0.4770	0.3259E-14
0.4952	0.3265E-14
0.5140	0.3272E-14
0.5336	0.3278E-14
0.5539	0.3285E-14
0.5750	0.3291E-14
0.5969	0.3299E-14
0.6196	0.3306E-14
0.6432	0.3314E-14
0.6677	0.3321E-14
0.6932	0.3330E-14
0.7196	0.3338E-14
0.7470	0.3347E-14
0.7754	0.3355E-14
0.8050	0.3365E-14
0.8356	0.3374E-14
0.8674	0.3384E-14
0.9005	0.3394E-14
0.9348	0.3404E-14
0.9704	0.3414E-14
1.007	0.3425E-14
1.046	0.3436E-14
1.086	0.3447E-14
1.127	0.3459E-14
1.170	0.3471E-14
1.214	0.3483E-14
1.261	0.3496E-14
1.309	0.3508E-14
1.358	0.3522E-14
1.410	0.3535E-14
1.464	0.3549E-14
1.520	0.3562E-14
1.578	0.3577E-14
1.638	0.3591E-14
1.700	0.3606E-14
1.765	0.3621E-14
1.832	0.3636E-14
1.902	0.3652E-14
1.974	0.3668E-14
2.049	0.3684E-14
2.127	0.3700E-14
2.208	0.3717E-14
2.293	0.3733E-14
2.380	0.3751E-14
2.470	0.3768E-14
2.565	0.3785E-14
2.662	0.3803E-14
2.764	0.3821E-14
2.869	0.3839E-14
2.978	0.3857E-14
3.092	0.3875E-14
3.209	0.3894E-14
3.332	0.3912E-14
3.458	0.3931E-14
3.590	0.3950E-14
3.727	0.3969E-14
3.869	0.3988E-14
4.016	0.4007E-14
4.169	0.4026E-14
4.328	0.4045E-14
4.493	0.4065E-14
4.664	0.4084E-14
4.841	0.4103E-14
5.026	0.4122E-14
5.217	0.4141E-14
5.416	0.4160E-14
5.622	0.4179E-14
5.836	0.4198E-14
6.059	0.4216E-14
6.289	0.4235E-14
6.529	0.4253E-14
6.778	0.4271E-14
7.036	0.4289E-14
7.304	0.4307E-14
7.582	0.4324E-14
7.871	0.4341E-14
8.170	0.4358E-14
8.482	0.4374E-14
8.805	0.4391E-14
9.140	0.4407E-14
9.488	0.4422E-14
9.849	0.4438E-14
10.22	0.4453E-14
10.61	0.4469E-14
11.02	0.4484E-14
11.44	0.4500E-14
11.87	0.4515E-14
12.33	0.4531E-14
12.80	0.4547E-14
13.28	0.4563E-14
13.79	0.4580E-14
14.31	0.4598E-14
14.86	0.4615E-14
15.42	0.4634E-14
16.01	0.4653E-14
16.62	0.4674E-14
17.25	0.4695E-14
17.91	0.4717E-14
18.59	0.4740E-14
19.30	0.4765E-14
20.04	0.4790E-14
20.80	0.4817E-14
21.59	0.4846E-14
22.42	0.4876E-14
23.27	0.4907E-14
24.16	0.4941E-14
25.08	0.4976E-14
26.03	0.5014E-14
27.02	0.5053E-14
28.05	0.5095E-14
29.12	0.5139E-14
30.23	0.5186E-14
31.38	0.5236E-14
32.57	0.5289E-14
33.82	0.5345E-14
35.10	0.5405E-14
36.44	0.5468E-14
37.83	0.5535E-14
39.27	0.5606E-14
40.76	0.5681E-14
42.32	0.5761E-14
43.93	0.5846E-14
45.60	0.5935E-14
47.34	0.6030E-14
49.14	0.6130E-14
51.01	0.6234E-14
52.96	0.6344E-14
54.97	0.6460E-14
57.07	0.6580E-14
59.24	0.6705E-14
61.50	0.6835E-14
63.84	0.6970E-14
66.27	0.7109E-14
68.79	0.7252E-14
71.41	0.7399E-14
74.13	0.7549E-14
76.96	0.7702E-14
79.89	0.7858E-14
82.93	0.8016E-14
86.09	0.8177E-14
89.37	0.8338E-14
92.77	0.8501E-14
96.31	0.8665E-14
99.97	0.8830E-14
103.8	0.8995E-14
107.7	0.9161E-14
111.8	0.9326E-14
116.1	0.9492E-14
120.5	0.9658E-14
125.1	0.9823E-14
129.9	0.9988E-14
134.8	0.1015E-13
140.0	0.1032E-13
145.3	0.1048E-13
150.8	0.1065E-13
156.6	0.1081E-13
162.5	0.1098E-13
168.7	0.1114E-13
175.1	0.1131E-13
181.8	0.1147E-13
188.7	0.1164E-13
195.9	0.1180E-13
203.4	0.1197E-13
211.1	0.1214E-13
219.2	0.1230E-13
227.5	0.1247E-13
236.2	0.1264E-13
245.2	0.1282E-13
254.5	0.1299E-13
264.2	0.1316E-13
274.3	0.1334E-13
284.7	0.1351E-13
295.6	0.1369E-13
306.8	0.1387E-13
318.5	0.1405E-13
330.6	0.1424E-13
343.2	0.1442E-13
356.3	0.1461E-13
369.9	0.1480E-13
384.0	0.1499E-13
398.6	0.1518E-13
413.8	0.1537E-13
429.5	0.1557E-13
445.9	0.1577E-13
462.9	0.1597E-13
480.5	0.1617E-13
498.8	0.1637E-13
517.8	0.1658E-13
537.5	0.1679E-13
558.0	0.1700E-13
579.2	0.1721E-13
601.3	0.1742E-13
624.2	0.1763E-13
648.0	0.1785E-13
672.6	0.1807E-13
698.3	0.1828E-13
724.9	0.1850E-13
752.5	0.1872E-13
781.1	0.1894E-13
810.9	0.1917E-13
841.8	0.1939E-13
873.8	0.1961E-13
907.1	0.1983E-13
941.6	0.2005E-13
977.5	0.2027E-13
1015.	0.2049E-13
1053.	0.2071E-13
1094.	0.2093E-13
1135.	0.2114E-13
1178.	0.2136E-13
1223.	0.2157E-13
1270.	0.2178E-13
1318.	0.2198E-13
1368.	0.2218E-13
1421.	0.2238E-13
1475.	0.2258E-13
1531.	0.2277E-13
1589.	0.2296E-13
1650.	0.2314E-13
1712.	0.2332E-13
1778.	0.2349E-13
1845.	0.2366E-13
1916.	0.2382E-13
1989.	0.2398E-13
2064.	0.2413E-13
2143.	0.2427E-13
2225.	0.2441E-13
2309.	0.2454E-13
2397.	0.2466E-13
2489.	0.2478E-13
2583.	0.2489E-13
2682.	0.2499E-13
2784.	0.2509E-13
2890.	0.2518E-13
 
 
C8    F2    Excitation    13.08 eV                              
E/N (Td)	Inverse rate coefficient (m2)
0.1000E-02	0.1876E-15
0.1038E-02	0.1873E-15
0.1078E-02	0.1873E-15
0.1119E-02	0.1873E-15
0.1161E-02	0.1873E-15
0.1205E-02	0.1873E-15
0.1251E-02	0.1873E-15
0.1299E-02	0.1873E-15
0.1349E-02	0.1873E-15
0.1400E-02	0.1873E-15
0.1453E-02	0.1873E-15
0.1509E-02	0.1873E-15
0.1566E-02	0.1873E-15
0.1626E-02	0.1873E-15
0.1688E-02	0.1873E-15
0.1752E-02	0.1873E-15
0.1819E-02	0.1873E-15
0.1888E-02	0.1873E-15
0.1960E-02	0.1873E-15
0.2034E-02	0.1873E-15
0.2112E-02	0.1873E-15
0.2192E-02	0.1873E-15
0.2276E-02	0.1873E-15
0.2362E-02	0.1873E-15
0.2452E-02	0.1873E-15
0.2546E-02	0.1873E-15
0.2643E-02	0.1873E-15
0.2743E-02	0.1873E-15
0.2848E-02	0.1873E-15
0.2956E-02	0.1873E-15
0.3069E-02	0.1873E-15
0.3186E-02	0.1873E-15
0.3307E-02	0.1873E-15
0.3433E-02	0.1873E-15
0.3564E-02	0.1873E-15
0.3700E-02	0.1873E-15
0.3841E-02	0.1873E-15
0.3987E-02	0.1873E-15
0.4139E-02	0.1873E-15
0.4296E-02	0.1873E-15
0.4460E-02	0.1873E-15
0.4630E-02	0.1873E-15
0.4806E-02	0.1873E-15
0.4989E-02	0.1873E-15
0.5179E-02	0.1873E-15
0.5377E-02	0.1873E-15
0.5581E-02	0.1873E-15
0.5794E-02	0.1873E-15
0.6015E-02	0.1873E-15
0.6244E-02	0.1873E-15
0.6481E-02	0.1873E-15
0.6728E-02	0.1873E-15
0.6985E-02	0.1873E-15
0.7251E-02	0.1873E-15
0.7527E-02	0.1873E-15
0.7813E-02	0.1873E-15
0.8111E-02	0.1873E-15
0.8420E-02	0.1873E-15
0.8741E-02	0.1873E-15
0.9073E-02	0.1873E-15
0.9419E-02	0.1873E-15
0.9778E-02	0.1873E-15
0.1015E-01	0.1873E-15
0.1054E-01	0.1873E-15
0.1094E-01	0.1873E-15
0.1135E-01	0.1873E-15
0.1179E-01	0.1873E-15
0.1224E-01	0.1873E-15
0.1270E-01	0.1873E-15
0.1319E-01	0.1873E-15
0.1369E-01	0.1873E-15
0.1421E-01	0.1873E-15
0.1475E-01	0.1873E-15
0.1531E-01	0.1873E-15
0.1590E-01	0.1873E-15
0.1650E-01	0.1873E-15
0.1713E-01	0.1873E-15
0.1778E-01	0.1873E-15
0.1846E-01	0.1873E-15
0.1916E-01	0.1874E-15
0.1989E-01	0.1874E-15
0.2065E-01	0.1874E-15
0.2144E-01	0.1874E-15
0.2225E-01	0.1874E-15
0.2310E-01	0.1874E-15
0.2398E-01	0.1874E-15
0.2489E-01	0.1874E-15
0.2584E-01	0.1874E-15
0.2682E-01	0.1874E-15
0.2785E-01	0.1874E-15
0.2891E-01	0.1874E-15
0.3001E-01	0.1874E-15
0.3115E-01	0.1874E-15
0.3234E-01	0.1874E-15
0.3357E-01	0.1874E-15
0.3485E-01	0.1874E-15
0.3617E-01	0.1874E-15
0.3755E-01	0.1874E-15
0.3898E-01	0.1874E-15
0.4047E-01	0.1874E-15
0.4201E-01	0.1874E-15
0.4361E-01	0.1874E-15
0.4527E-01	0.1874E-15
0.4699E-01	0.1874E-15
0.4878E-01	0.1874E-15
0.5064E-01	0.1874E-15
0.5257E-01	0.1874E-15
0.5457E-01	0.1874E-15
0.5665E-01	0.1874E-15
0.5881E-01	0.1875E-15
0.6105E-01	0.1875E-15
0.6337E-01	0.1875E-15
0.6579E-01	0.1875E-15
0.6829E-01	0.1875E-15
0.7089E-01	0.1875E-15
0.7359E-01	0.1875E-15
0.7640E-01	0.1875E-15
0.7931E-01	0.1875E-15
0.8233E-01	0.1876E-15
0.8546E-01	0.1876E-15
0.8872E-01	0.1876E-15
0.9210E-01	0.1876E-15
0.9560E-01	0.1876E-15
0.9924E-01	0.1877E-15
0.1030	0.1877E-15
0.1069	0.1877E-15
0.1110	0.1877E-15
0.1152	0.1878E-15
0.1196	0.1878E-15
0.1242	0.1878E-15
0.1289	0.1879E-15
0.1338	0.1879E-15
0.1389	0.1880E-15
0.1442	0.1880E-15
0.1497	0.1881E-15
0.1554	0.1881E-15
0.1613	0.1882E-15
0.1675	0.1882E-15
0.1739	0.1883E-15
0.1805	0.1884E-15
0.1874	0.1884E-15
0.1945	0.1885E-15
0.2019	0.1886E-15
0.2096	0.1887E-15
0.2176	0.1888E-15
0.2259	0.1889E-15
0.2345	0.1890E-15
0.2434	0.1891E-15
0.2527	0.1892E-15
0.2623	0.1894E-15
0.2723	0.1895E-15
0.2826	0.1896E-15
0.2934	0.1898E-15
0.3046	0.1899E-15
0.3162	0.1901E-15
0.3282	0.1903E-15
0.3407	0.1905E-15
0.3537	0.1907E-15
0.3672	0.1909E-15
0.3812	0.1911E-15
0.3957	0.1913E-15
0.4107	0.1915E-15
0.4264	0.1918E-15
0.4426	0.1920E-15
0.4595	0.1923E-15
0.4770	0.1926E-15
0.4952	0.1928E-15
0.5140	0.1931E-15
0.5336	0.1934E-15
0.5539	0.1938E-15
0.5750	0.1941E-15
0.5969	0.1944E-15
0.6196	0.1947E-15
0.6432	0.1951E-15
0.6677	0.1955E-15
0.6932	0.1958E-15
0.7196	0.1962E-15
0.7470	0.1966E-15
0.7754	0.1970E-15
0.8050	0.1975E-15
0.8356	0.1979E-15
0.8674	0.1983E-15
0.9005	0.1988E-15
0.9348	0.1992E-15
0.9704	0.1997E-15
1.007	0.2002E-15
1.046	0.2007E-15
1.086	0.2012E-15
1.127	0.2017E-15
1.170	0.2022E-15
1.214	0.2028E-15
1.261	0.2033E-15
1.309	0.2039E-15
1.358	0.2044E-15
1.410	0.2050E-15
1.464	0.2056E-15
1.520	0.2062E-15
1.578	0.2068E-15
1.638	0.2074E-15
1.700	0.2080E-15
1.765	0.2087E-15
1.832	0.2093E-15
1.902	0.2100E-15
1.974	0.2106E-15
2.049	0.2113E-15
2.127	0.2119E-15
2.208	0.2126E-15
2.293	0.2133E-15
2.380	0.2140E-15
2.470	0.2147E-15
2.565	0.2154E-15
2.662	0.2161E-15
2.764	0.2168E-15
2.869	0.2175E-15
2.978	0.2182E-15
3.092	0.2189E-15
3.209	0.2196E-15
3.332	0.2204E-15
3.458	0.2211E-15
3.590	0.2218E-15
3.727	0.2225E-15
3.869	0.2232E-15
4.016	0.2239E-15
4.169	0.2246E-15
4.328	0.2254E-15
4.493	0.2261E-15
4.664	0.2267E-15
4.841	0.2274E-15
5.026	0.2281E-15
5.217	0.2288E-15
5.416	0.2295E-15
5.622	0.2301E-15
5.836	0.2308E-15
6.059	0.2314E-15
6.289	0.2321E-15
6.529	0.2327E-15
6.778	0.2333E-15
7.036	0.2339E-15
7.304	0.2345E-15
7.582	0.2350E-15
7.871	0.2356E-15
8.170	0.2361E-15
8.482	0.2366E-15
8.805	0.2372E-15
9.140	0.2376E-15
9.488	0.2381E-15
9.849	0.2386E-15
10.22	0.2391E-15
10.61	0.2395E-15
11.02	0.2400E-15
11.44	0.2405E-15
11.87	0.2409E-15
12.33	0.2414E-15
12.80	0.2419E-15
13.28	0.2424E-15
13.79	0.2429E-15
14.31	0.2434E-15
14.86	0.2439E-15
15.42	0.2445E-15
16.01	0.2451E-15
16.62	0.2457E-15
17.25	0.2464E-15
17.91	0.2471E-15
18.59	0.2479E-15
19.30	0.2487E-15
20.04	0.2495E-15
20.80	0.2505E-15
21.59	0.2514E-15
22.42	0.2525E-15
23.27	0.2536E-15
24.16	0.2548E-15
25.08	0.2561E-15
26.03	0.2575E-15
27.02	0.2591E-15
28.05	0.2607E-15
29.12	0.2625E-15
30.23	0.2644E-15
31.38	0.2665E-15
32.57	0.2687E-15
33.82	0.2712E-15
35.10	0.2739E-15
36.44	0.2768E-15
37.83	0.2800E-15
39.27	0.2834E-15
40.76	0.2872E-15
42.32	0.2913E-15
43.93	0.2957E-15
45.60	0.3006E-15
47.34	0.3058E-15
49.14	0.3115E-15
51.01	0.3176E-15
52.96	0.3242E-15
54.97	0.3313E-15
57.07	0.3388E-15
59.24	0.3469E-15
61.50	0.3555E-15
63.84	0.3647E-15
66.27	0.3743E-15
68.79	0.3845E-15
71.41	0.3952E-15
74.13	0.4064E-15
76.96	0.4180E-15
79.89	0.4302E-15
82.93	0.4428E-15
86.09	0.4559E-15
89.37	0.4693E-15
92.77	0.4832E-15
96.31	0.4975E-15
99.97	0.5122E-15
103.8	0.5272E-15
107.7	0.5426E-15
111.8	0.5583E-15
116.1	0.5744E-15
120.5	0.5908E-15
125.1	0.6075E-15
129.9	0.6245E-15
134.8	0.6419E-15
140.0	0.6596E-15
145.3	0.6777E-15
150.8	0.6961E-15
156.6	0.7149E-15
162.5	0.7341E-15
168.7	0.7536E-15
175.1	0.7736E-15
181.8	0.7940E-15
188.7	0.8149E-15
195.9	0.8362E-15
203.4	0.8580E-15
211.1	0.8803E-15
219.2	0.9032E-15
227.5	0.9266E-15
236.2	0.9506E-15
245.2	0.9752E-15
254.5	0.1000E-14
264.2	0.1026E-14
274.3	0.1053E-14
284.7	0.1080E-14
295.6	0.1108E-14
306.8	0.1137E-14
318.5	0.1166E-14
330.6	0.1197E-14
343.2	0.1228E-14
356.3	0.1260E-14
369.9	0.1292E-14
384.0	0.1326E-14
398.6	0.1361E-14
413.8	0.1396E-14
429.5	0.1433E-14
445.9	0.1470E-14
462.9	0.1508E-14
480.5	0.1548E-14
498.8	0.1588E-14
517.8	0.1629E-14
537.5	0.1671E-14
558.0	0.1715E-14
579.2	0.1759E-14
601.3	0.1804E-14
624.2	0.1850E-14
648.0	0.1897E-14
672.6	0.1945E-14
698.3	0.1994E-14
724.9	0.2044E-14
752.5	0.2095E-14
781.1	0.2147E-14
810.9	0.2199E-14
841.8	0.2252E-14
873.8	0.2306E-14
907.1	0.2361E-14
941.6	0.2416E-14
977.5	0.2471E-14
1015.	0.2527E-14
1053.	0.2584E-14
1094.	0.2640E-14
1135.	0.2697E-14
1178.	0.2754E-14
1223.	0.2812E-14
1270.	0.2869E-14
1318.	0.2926E-14
1368.	0.2983E-14
1421.	0.3039E-14
1475.	0.3096E-14
1531.	0.3152E-14
1589.	0.3207E-14
1650.	0.3262E-14
1712.	0.3316E-14
1778.	0.3369E-14
1845.	0.3421E-14
1916.	0.3472E-14
1989.	0.3522E-14
2064.	0.3571E-14
2143.	0.3619E-14
2225.	0.3665E-14
2309.	0.3710E-14
2397.	0.3753E-14
2489.	0.3795E-14
2583.	0.3835E-14
2682.	0.3873E-14
2784.	0.3909E-14
2890.	0.3944E-14
 
 
C9    F2    Excitation    3.16 eV                               
E/N (Td)	Inverse rate coefficient (m2)
0.1000E-02	0.3365E-14
0.1038E-02	0.3361E-14
0.1078E-02	0.3361E-14
0.1119E-02	0.3361E-14
0.1161E-02	0.3361E-14
0.1205E-02	0.3361E-14
0.1251E-02	0.3361E-14
0.1299E-02	0.3361E-14
0.1349E-02	0.3361E-14
0.1400E-02	0.3361E-14
0.1453E-02	0.3361E-14
0.1509E-02	0.3361E-14
0.1566E-02	0.3361E-14
0.1626E-02	0.3361E-14
0.1688E-02	0.3361E-14
0.1752E-02	0.3361E-14
0.1819E-02	0.3361E-14
0.1888E-02	0.3361E-14
0.1960E-02	0.3361E-14
0.2034E-02	0.3361E-14
0.2112E-02	0.3361E-14
0.2192E-02	0.3361E-14
0.2276E-02	0.3361E-14
0.2362E-02	0.3361E-14
0.2452E-02	0.3361E-14
0.2546E-02	0.3361E-14
0.2643E-02	0.3361E-14
0.2743E-02	0.3361E-14
0.2848E-02	0.3361E-14
0.2956E-02	0.3361E-14
0.3069E-02	0.3361E-14
0.3186E-02	0.3361E-14
0.3307E-02	0.3361E-14
0.3433E-02	0.3361E-14
0.3564E-02	0.3361E-14
0.3700E-02	0.3361E-14
0.3841E-02	0.3361E-14
0.3987E-02	0.3361E-14
0.4139E-02	0.3361E-14
0.4296E-02	0.3361E-14
0.4460E-02	0.3361E-14
0.4630E-02	0.3361E-14
0.4806E-02	0.3361E-14
0.4989E-02	0.3361E-14
0.5179E-02	0.3361E-14
0.5377E-02	0.3361E-14
0.5581E-02	0.3361E-14
0.5794E-02	0.3361E-14
0.6015E-02	0.3361E-14
0.6244E-02	0.3361E-14
0.6481E-02	0.3361E-14
0.6728E-02	0.3361E-14
0.6985E-02	0.3361E-14
0.7251E-02	0.3361E-14
0.7527E-02	0.3361E-14
0.7813E-02	0.3361E-14
0.8111E-02	0.3361E-14
0.8420E-02	0.3361E-14
0.8741E-02	0.3361E-14
0.9073E-02	0.3361E-14
0.9419E-02	0.3361E-14
0.9778E-02	0.3361E-14
0.1015E-01	0.3361E-14
0.1054E-01	0.3361E-14
0.1094E-01	0.3361E-14
0.1135E-01	0.3361E-14
0.1179E-01	0.3361E-14
0.1224E-01	0.3361E-14
0.1270E-01	0.3361E-14
0.1319E-01	0.3361E-14
0.1369E-01	0.3361E-14
0.1421E-01	0.3361E-14
0.1475E-01	0.3361E-14
0.1531E-01	0.3361E-14
0.1590E-01	0.3361E-14
0.1650E-01	0.3362E-14
0.1713E-01	0.3362E-14
0.1778E-01	0.3362E-14
0.1846E-01	0.3362E-14
0.1916E-01	0.3362E-14
0.1989E-01	0.3362E-14
0.2065E-01	0.3362E-14
0.2144E-01	0.3362E-14
0.2225E-01	0.3362E-14
0.2310E-01	0.3362E-14
0.2398E-01	0.3362E-14
0.2489E-01	0.3362E-14
0.2584E-01	0.3362E-14
0.2682E-01	0.3362E-14
0.2785E-01	0.3362E-14
0.2891E-01	0.3362E-14
0.3001E-01	0.3362E-14
0.3115E-01	0.3362E-14
0.3234E-01	0.3362E-14
0.3357E-01	0.3362E-14
0.3485E-01	0.3362E-14
0.3617E-01	0.3362E-14
0.3755E-01	0.3362E-14
0.3898E-01	0.3362E-14
0.4047E-01	0.3362E-14
0.4201E-01	0.3362E-14
0.4361E-01	0.3362E-14
0.4527E-01	0.3363E-14
0.4699E-01	0.3363E-14
0.4878E-01	0.3363E-14
0.5064E-01	0.3363E-14
0.5257E-01	0.3363E-14
0.5457E-01	0.3363E-14
0.5665E-01	0.3363E-14
0.5881E-01	0.3363E-14
0.6105E-01	0.3364E-14
0.6337E-01	0.3364E-14
0.6579E-01	0.3364E-14
0.6829E-01	0.3364E-14
0.7089E-01	0.3364E-14
0.7359E-01	0.3364E-14
0.7640E-01	0.3365E-14
0.7931E-01	0.3365E-14
0.8233E-01	0.3365E-14
0.8546E-01	0.3366E-14
0.8872E-01	0.3366E-14
0.9210E-01	0.3366E-14
0.9560E-01	0.3367E-14
0.9924E-01	0.3367E-14
0.1030	0.3367E-14
0.1069	0.3368E-14
0.1110	0.3368E-14
0.1152	0.3369E-14
0.1196	0.3369E-14
0.1242	0.3370E-14
0.1289	0.3371E-14
0.1338	0.3371E-14
0.1389	0.3372E-14
0.1442	0.3373E-14
0.1497	0.3374E-14
0.1554	0.3375E-14
0.1613	0.3376E-14
0.1675	0.3377E-14
0.1739	0.3378E-14
0.1805	0.3379E-14
0.1874	0.3380E-14
0.1945	0.3382E-14
0.2019	0.3383E-14
0.2096	0.3385E-14
0.2176	0.3386E-14
0.2259	0.3388E-14
0.2345	0.3390E-14
0.2434	0.3392E-14
0.2527	0.3394E-14
0.2623	0.3396E-14
0.2723	0.3399E-14
0.2826	0.3401E-14
0.2934	0.3404E-14
0.3046	0.3406E-14
0.3162	0.3409E-14
0.3282	0.3412E-14
0.3407	0.3415E-14
0.3537	0.3419E-14
0.3672	0.3422E-14
0.3812	0.3426E-14
0.3957	0.3430E-14
0.4107	0.3434E-14
0.4264	0.3438E-14
0.4426	0.3442E-14
0.4595	0.3446E-14
0.4770	0.3451E-14
0.4952	0.3456E-14
0.5140	0.3461E-14
0.5336	0.3466E-14
0.5539	0.3471E-14
0.5750	0.3476E-14
0.5969	0.3482E-14
0.6196	0.3488E-14
0.6432	0.3494E-14
0.6677	0.3500E-14
0.6932	0.3506E-14
0.7196	0.3512E-14
0.7470	0.3519E-14
0.7754	0.3525E-14
0.8050	0.3532E-14
0.8356	0.3539E-14
0.8674	0.3547E-14
0.9005	0.3554E-14
0.9348	0.3561E-14
0.9704	0.3569E-14
1.007	0.3577E-14
1.046	0.3585E-14
1.086	0.3593E-14
1.127	0.3601E-14
1.170	0.3609E-14
1.214	0.3618E-14
1.261	0.3627E-14
1.309	0.3635E-14
1.358	0.3644E-14
1.410	0.3653E-14
1.464	0.3662E-14
1.520	0.3671E-14
1.578	0.3681E-14
1.638	0.3690E-14
1.700	0.3700E-14
1.765	0.3709E-14
1.832	0.3719E-14
1.902	0.3729E-14
1.974	0.3738E-14
2.049	0.3748E-14
2.127	0.3758E-14
2.208	0.3768E-14
2.293	0.3777E-14
2.380	0.3787E-14
2.470	0.3797E-14
2.565	0.3807E-14
2.662	0.3817E-14
2.764	0.3826E-14
2.869	0.3836E-14
2.978	0.3845E-14
3.092	0.3855E-14
3.209	0.3864E-14
3.332	0.3874E-14
3.458	0.3883E-14
3.590	0.3892E-14
3.727	0.3901E-14
3.869	0.3909E-14
4.016	0.3918E-14
4.169	0.3926E-14
4.328	0.3934E-14
4.493	0.3942E-14
4.664	0.3950E-14
4.841	0.3957E-14
5.026	0.3965E-14
5.217	0.3972E-14
5.416	0.3978E-14
5.622	0.3985E-14
5.836	0.3991E-14
6.059	0.3997E-14
6.289	0.4002E-14
6.529	0.4007E-14
6.778	0.4012E-14
7.036	0.4017E-14
7.304	0.4021E-14
7.582	0.4024E-14
7.871	0.4028E-14
8.170	0.4031E-14
8.482	0.4033E-14
8.805	0.4035E-14
9.140	0.4037E-14
9.488	0.4039E-14
9.849	0.4040E-14
10.22	0.4041E-14
10.61	0.4042E-14
11.02	0.4042E-14
11.44	0.4043E-14
11.87	0.4043E-14
12.33	0.4043E-14
12.80	0.4043E-14
13.28	0.4043E-14
13.79	0.4043E-14
14.31	0.4043E-14
14.86	0.4042E-14
15.42	0.4042E-14
16.01	0.4042E-14
16.62	0.4042E-14
17.25	0.4042E-14
17.91	0.4042E-14
18.59	0.4042E-14
19.30	0.4043E-14
20.04	0.4043E-14
20.80	0.4043E-14
21.59	0.4044E-14
22.42	0.4045E-14
23.27	0.4046E-14
24.16	0.4047E-14
25.08	0.4048E-14
26.03	0.4049E-14
27.02	0.4051E-14
28.05	0.4052E-14
29.12	0.4054E-14
30.23	0.4056E-14
31.38	0.4058E-14
32.57	0.4060E-14
33.82	0.4062E-14
35.10	0.4065E-14
36.44	0.4068E-14
37.83	0.4070E-14
39.27	0.4073E-14
40.76	0.4076E-14
42.32	0.4080E-14
43.93	0.4083E-14
45.60	0.4086E-14
47.34	0.4089E-14
49.14	0.4093E-14
51.01	0.4096E-14
52.96	0.4099E-14
54.97	0.4102E-14
57.07	0.4105E-14
59.24	0.4108E-14
61.50	0.4110E-14
63.84	0.4112E-14
66.27	0.4114E-14
68.79	0.4115E-14
71.41	0.4116E-14
74.13	0.4116E-14
76.96	0.4116E-14
79.89	0.4116E-14
82.93	0.4114E-14
86.09	0.4113E-14
89.37	0.4111E-14
92.77	0.4108E-14
96.31	0.4105E-14
99.97	0.4101E-14
103.8	0.4096E-14
107.7	0.4091E-14
111.8	0.4086E-14
116.1	0.4080E-14
120.5	0.4074E-14
125.1	0.4067E-14
129.9	0.4059E-14
134.8	0.4051E-14
140.0	0.4043E-14
145.3	0.4034E-14
150.8	0.4025E-14
156.6	0.4015E-14
162.5	0.4004E-14
168.7	0.3994E-14
175.1	0.3982E-14
181.8	0.3970E-14
188.7	0.3958E-14
195.9	0.3945E-14
203.4	0.3932E-14
211.1	0.3918E-14
219.2	0.3903E-14
227.5	0.3888E-14
236.2	0.3873E-14
245.2	0.3857E-14
254.5	0.3840E-14
264.2	0.3822E-14
274.3	0.3804E-14
284.7	0.3785E-14
295.6	0.3766E-14
306.8	0.3746E-14
318.5	0.3725E-14
330.6	0.3704E-14
343.2	0.3682E-14
356.3	0.3659E-14
369.9	0.3635E-14
384.0	0.3611E-14
398.6	0.3586E-14
413.8	0.3561E-14
429.5	0.3535E-14
445.9	0.3508E-14
462.9	0.3480E-14
480.5	0.3452E-14
498.8	0.3423E-14
517.8	0.3393E-14
537.5	0.3363E-14
558.0	0.3332E-14
579.2	0.3301E-14
601.3	0.3269E-14
624.2	0.3236E-14
648.0	0.3203E-14
672.6	0.3170E-14
698.3	0.3136E-14
724.9	0.3102E-14
752.5	0.3067E-14
781.1	0.3032E-14
810.9	0.2996E-14
841.8	0.2961E-14
873.8	0.2925E-14
907.1	0.2888E-14
941.6	0.2852E-14
977.5	0.2816E-14
1015.	0.2779E-14
1053.	0.2742E-14
1094.	0.2706E-14
1135.	0.2669E-14
1178.	0.2633E-14
1223.	0.2596E-14
1270.	0.2560E-14
1318.	0.2523E-14
1368.	0.2487E-14
1421.	0.2451E-14
1475.	0.2415E-14
1531.	0.2380E-14
1589.	0.2344E-14
1650.	0.2309E-14
1712.	0.2274E-14
1778.	0.2240E-14
1845.	0.2205E-14
1916.	0.2171E-14
1989.	0.2137E-14
2064.	0.2104E-14
2143.	0.2071E-14
2225.	0.2038E-14
2309.	0.2006E-14
2397.	0.1973E-14
2489.	0.1941E-14
2583.	0.1909E-14
2682.	0.1878E-14
2784.	0.1847E-14
2890.	0.1816E-14
 
 
C10   F2    Excitation    4.34 eV                               
E/N (Td)	Inverse rate coefficient (m2)
0.1000E-02	0.1635E-14
0.1038E-02	0.1634E-14
0.1078E-02	0.1634E-14
0.1119E-02	0.1634E-14
0.1161E-02	0.1634E-14
0.1205E-02	0.1634E-14
0.1251E-02	0.1634E-14
0.1299E-02	0.1634E-14
0.1349E-02	0.1634E-14
0.1400E-02	0.1634E-14
0.1453E-02	0.1634E-14
0.1509E-02	0.1634E-14
0.1566E-02	0.1634E-14
0.1626E-02	0.1634E-14
0.1688E-02	0.1634E-14
0.1752E-02	0.1634E-14
0.1819E-02	0.1634E-14
0.1888E-02	0.1634E-14
0.1960E-02	0.1634E-14
0.2034E-02	0.1634E-14
0.2112E-02	0.1634E-14
0.2192E-02	0.1634E-14
0.2276E-02	0.1634E-14
0.2362E-02	0.1634E-14
0.2452E-02	0.1634E-14
0.2546E-02	0.1634E-14
0.2643E-02	0.1634E-14
0.2743E-02	0.1634E-14
0.2848E-02	0.1634E-14
0.2956E-02	0.1634E-14
0.3069E-02	0.1634E-14
0.3186E-02	0.1634E-14
0.3307E-02	0.1634E-14
0.3433E-02	0.1634E-14
0.3564E-02	0.1634E-14
0.3700E-02	0.1634E-14
0.3841E-02	0.1634E-14
0.3987E-02	0.1634E-14
0.4139E-02	0.1634E-14
0.4296E-02	0.1634E-14
0.4460E-02	0.1634E-14
0.4630E-02	0.1634E-14
0.4806E-02	0.1634E-14
0.4989E-02	0.1634E-14
0.5179E-02	0.1634E-14
0.5377E-02	0.1634E-14
0.5581E-02	0.1634E-14
0.5794E-02	0.1634E-14
0.6015E-02	0.1634E-14
0.6244E-02	0.1634E-14
0.6481E-02	0.1634E-14
0.6728E-02	0.1634E-14
0.6985E-02	0.1634E-14
0.7251E-02	0.1634E-14
0.7527E-02	0.1634E-14
0.7813E-02	0.1634E-14
0.8111E-02	0.1634E-14
0.8420E-02	0.1634E-14
0.8741E-02	0.1634E-14
0.9073E-02	0.1634E-14
0.9419E-02	0.1634E-14
0.9778E-02	0.1634E-14
0.1015E-01	0.1634E-14
0.1054E-01	0.1634E-14
0.1094E-01	0.1634E-14
0.1135E-01	0.1634E-14
0.1179E-01	0.1634E-14
0.1224E-01	0.1634E-14
0.1270E-01	0.1634E-14
0.1319E-01	0.1634E-14
0.1369E-01	0.1634E-14
0.1421E-01	0.1634E-14
0.1475E-01	0.1634E-14
0.1531E-01	0.1634E-14
0.1590E-01	0.1634E-14
0.1650E-01	0.1634E-14
0.1713E-01	0.1634E-14
0.1778E-01	0.1634E-14
0.1846E-01	0.1634E-14
0.1916E-01	0.1634E-14
0.1989E-01	0.1634E-14
0.2065E-01	0.1634E-14
0.2144E-01	0.1634E-14
0.2225E-01	0.1634E-14
0.2310E-01	0.1634E-14
0.2398E-01	0.1634E-14
0.2489E-01	0.1634E-14
0.2584E-01	0.1634E-14
0.2682E-01	0.1634E-14
0.2785E-01	0.1634E-14
0.2891E-01	0.1634E-14
0.3001E-01	0.1634E-14
0.3115E-01	0.1634E-14
0.3234E-01	0.1634E-14
0.3357E-01	0.1634E-14
0.3485E-01	0.1634E-14
0.3617E-01	0.1635E-14
0.3755E-01	0.1635E-14
0.3898E-01	0.1635E-14
0.4047E-01	0.1635E-14
0.4201E-01	0.1635E-14
0.4361E-01	0.1635E-14
0.4527E-01	0.1635E-14
0.4699E-01	0.1635E-14
0.4878E-01	0.1635E-14
0.5064E-01	0.1635E-14
0.5257E-01	0.1635E-14
0.5457E-01	0.1635E-14
0.5665E-01	0.1635E-14
0.5881E-01	0.1635E-14
0.6105E-01	0.1635E-14
0.6337E-01	0.1635E-14
0.6579E-01	0.1635E-14
0.6829E-01	0.1635E-14
0.7089E-01	0.1635E-14
0.7359E-01	0.1635E-14
0.7640E-01	0.1635E-14
0.7931E-01	0.1635E-14
0.8233E-01	0.1635E-14
0.8546E-01	0.1635E-14
0.8872E-01	0.1635E-14
0.9210E-01	0.1635E-14
0.9560E-01	0.1635E-14
0.9924E-01	0.1636E-14
0.1030	0.1636E-14
0.1069	0.1636E-14
0.1110	0.1636E-14
0.1152	0.1636E-14
0.1196	0.1636E-14
0.1242	0.1636E-14
0.1289	0.1636E-14
0.1338	0.1636E-14
0.1389	0.1637E-14
0.1442	0.1637E-14
0.1497	0.1637E-14
0.1554	0.1637E-14
0.1613	0.1637E-14
0.1675	0.1638E-14
0.1739	0.1638E-14
0.1805	0.1638E-14
0.1874	0.1638E-14
0.1945	0.1639E-14
0.2019	0.1639E-14
0.2096	0.1639E-14
0.2176	0.1640E-14
0.2259	0.1640E-14
0.2345	0.1640E-14
0.2434	0.1641E-14
0.2527	0.1641E-14
0.2623	0.1642E-14
0.2723	0.1642E-14
0.2826	0.1643E-14
0.2934	0.1643E-14
0.3046	0.1644E-14
0.3162	0.1644E-14
0.3282	0.1645E-14
0.3407	0.1646E-14
0.3537	0.1646E-14
0.3672	0.1647E-14
0.3812	0.1648E-14
0.3957	0.1649E-14
0.4107	0.1649E-14
0.4264	0.1650E-14
0.4426	0.1651E-14
0.4595	0.1652E-14
0.4770	0.1653E-14
0.4952	0.1654E-14
0.5140	0.1655E-14
0.5336	0.1656E-14
0.5539	0.1657E-14
0.5750	0.1658E-14
0.5969	0.1660E-14
0.6196	0.1661E-14
0.6432	0.1662E-14
0.6677	0.1663E-14
0.6932	0.1665E-14
0.7196	0.1666E-14
0.7470	0.1667E-14
0.7754	0.1669E-14
0.8050	0.1670E-14
0.8356	0.1672E-14
0.8674	0.1673E-14
0.9005	0.1675E-14
0.9348	0.1676E-14
0.9704	0.1678E-14
1.007	0.1680E-14
1.046	0.1681E-14
1.086	0.1683E-14
1.127	0.1685E-14
1.170	0.1686E-14
1.214	0.1688E-14
1.261	0.1690E-14
1.309	0.1692E-14
1.358	0.1694E-14
1.410	0.1696E-14
1.464	0.1698E-14
1.520	0.1700E-14
1.578	0.1702E-14
1.638	0.1704E-14
1.700	0.1706E-14
1.765	0.1708E-14
1.832	0.1710E-14
1.902	0.1712E-14
1.974	0.1714E-14
2.049	0.1716E-14
2.127	0.1718E-14
2.208	0.1720E-14
2.293	0.1723E-14
2.380	0.1725E-14
2.470	0.1727E-14
2.565	0.1729E-14
2.662	0.1731E-14
2.764	0.1733E-14
2.869	0.1735E-14
2.978	0.1737E-14
3.092	0.1739E-14
3.209	0.1741E-14
3.332	0.1743E-14
3.458	0.1745E-14
3.590	0.1747E-14
3.727	0.1749E-14
3.869	0.1751E-14
4.016	0.1753E-14
4.169	0.1755E-14
4.328	0.1757E-14
4.493	0.1759E-14
4.664	0.1760E-14
4.841	0.1762E-14
5.026	0.1764E-14
5.217	0.1765E-14
5.416	0.1767E-14
5.622	0.1768E-14
5.836	0.1770E-14
6.059	0.1771E-14
6.289	0.1772E-14
6.529	0.1774E-14
6.778	0.1775E-14
7.036	0.1776E-14
7.304	0.1777E-14
7.582	0.1778E-14
7.871	0.1778E-14
8.170	0.1779E-14
8.482	0.1780E-14
8.805	0.1780E-14
9.140	0.1781E-14
9.488	0.1781E-14
9.849	0.1781E-14
10.22	0.1782E-14
10.61	0.1782E-14
11.02	0.1782E-14
11.44	0.1782E-14
11.87	0.1782E-14
12.33	0.1782E-14
12.80	0.1782E-14
13.28	0.1782E-14
13.79	0.1782E-14
14.31	0.1782E-14
14.86	0.1782E-14
15.42	0.1782E-14
16.01	0.1782E-14
16.62	0.1782E-14
17.25	0.1781E-14
17.91	0.1781E-14
18.59	0.1781E-14
19.30	0.1781E-14
20.04	0.1781E-14
20.80	0.1781E-14
21.59	0.1781E-14
22.42	0.1781E-14
23.27	0.1781E-14
24.16	0.1781E-14
25.08	0.1781E-14
26.03	0.1781E-14
27.02	0.1781E-14
28.05	0.1781E-14
29.12	0.1781E-14
30.23	0.1780E-14
31.38	0.1780E-14
32.57	0.1780E-14
33.82	0.1780E-14
35.10	0.1780E-14
36.44	0.1780E-14
37.83	0.1780E-14
39.27	0.1780E-14
40.76	0.1779E-14
42.32	0.1779E-14
43.93	0.1779E-14
45.60	0.1779E-14
47.34	0.1778E-14
49.14	0.1778E-14
51.01	0.1777E-14
52.96	0.1776E-14
54.97	0.1776E-14
57.07	0.1775E-14
59.24	0.1774E-14
61.50	0.1773E-14
63.84	0.1771E-14
66.27	0.1770E-14
68.79	0.1768E-14
71.41	0.1767E-14
74.13	0.1765E-14
76.96	0.1763E-14
79.89	0.1761E-14
82.93	0.1759E-14
86.09	0.1756E-14
89.37	0.1754E-14
92.77	0.1751E-14
96.31	0.1748E-14
99.97	0.1745E-14
103.8	0.1742E-14
107.7	0.1739E-14
111.8	0.1736E-14
116.1	0.1732E-14
120.5	0.1729E-14
125.1	0.1725E-14
129.9	0.1721E-14
134.8	0.1718E-14
140.0	0.1714E-14
145.3	0.1710E-14
150.8	0.1705E-14
156.6	0.1701E-14
162.5	0.1697E-14
168.7	0.1692E-14
175.1	0.1688E-14
181.8	0.1683E-14
188.7	0.1678E-14
195.9	0.1673E-14
203.4	0.1668E-14
211.1	0.1663E-14
219.2	0.1657E-14
227.5	0.1652E-14
236.2	0.1646E-14
245.2	0.1640E-14
254.5	0.1634E-14
264.2	0.1628E-14
274.3	0.1621E-14
284.7	0.1615E-14
295.6	0.1608E-14
306.8	0.1601E-14
318.5	0.1594E-14
330.6	0.1586E-14
343.2	0.1579E-14
356.3	0.1571E-14
369.9	0.1563E-14
384.0	0.1554E-14
398.6	0.1546E-14
413.8	0.1537E-14
429.5	0.1528E-14
445.9	0.1518E-14
462.9	0.1509E-14
480.5	0.1499E-14
498.8	0.1489E-14
517.8	0.1478E-14
537.5	0.1467E-14
558.0	0.1456E-14
579.2	0.1445E-14
601.3	0.1433E-14
624.2	0.1421E-14
648.0	0.1409E-14
672.6	0.1397E-14
698.3	0.1384E-14
724.9	0.1371E-14
752.5	0.1357E-14
781.1	0.1344E-14
810.9	0.1330E-14
841.8	0.1316E-14
873.8	0.1301E-14
907.1	0.1287E-14
941.6	0.1272E-14
977.5	0.1257E-14
1015.	0.1242E-14
1053.	0.1227E-14
1094.	0.1211E-14
1135.	0.1195E-14
1178.	0.1180E-14
1223.	0.1164E-14
1270.	0.1148E-14
1318.	0.1132E-14
1368.	0.1115E-14
1421.	0.1099E-14
1475.	0.1083E-14
1531.	0.1067E-14
1589.	0.1050E-14
1650.	0.1034E-14
1712.	0.1018E-14
1778.	0.1002E-14
1845.	0.9854E-15
1916.	0.9693E-15
1989.	0.9534E-15
2064.	0.9375E-15
2143.	0.9216E-15
2225.	0.9060E-15
2309.	0.8904E-15
2397.	0.8749E-15
2489.	0.8594E-15
2583.	0.8442E-15
2682.	0.8291E-15
2784.	0.8141E-15
2890.	0.7992E-15
 
 
C11   F2    Ionization    15.69 eV                              
E/N (Td)	Inverse rate coefficient (m2)
0.1000E-02	0.000
0.1038E-02	0.000
0.1078E-02	0.000
0.1119E-02	0.000
0.1161E-02	0.000
0.1205E-02	0.000
0.1251E-02	0.000
0.1299E-02	0.000
0.1349E-02	0.000
0.1400E-02	0.000
0.1453E-02	0.000
0.1509E-02	0.000
0.1566E-02	0.000
0.1626E-02	0.000
0.1688E-02	0.000
0.1752E-02	0.000
0.1819E-02	0.000
0.1888E-02	0.000
0.1960E-02	0.000
0.2034E-02	0.000
0.2112E-02	0.000
0.2192E-02	0.000
0.2276E-02	0.000
0.2362E-02	0.000
0.2452E-02	0.000
0.2546E-02	0.000
0.2643E-02	0.000
0.2743E-02	0.000
0.2848E-02	0.000
0.2956E-02	0.000
0.3069E-02	0.000
0.3186E-02	0.000
0.3307E-02	0.000
0.3433E-02	0.000
0.3564E-02	0.000
0.3700E-02	0.000
0.3841E-02	0.000
0.3987E-02	0.000
0.4139E-02	0.000
0.4296E-02	0.000
0.4460E-02	0.000
0.4630E-02	0.000
0.4806E-02	0.000
0.4989E-02	0.000
0.5179E-02	0.000
0.5377E-02	0.000
0.5581E-02	0.000
0.5794E-02	0.000
0.6015E-02	0.000
0.6244E-02	0.000
0.6481E-02	0.000
0.6728E-02	0.000
0.6985E-02	0.000
0.7251E-02	0.000
0.7527E-02	0.000
0.7813E-02	0.000
0.8111E-02	0.000
0.8420E-02	0.000
0.8741E-02	0.000
0.9073E-02	0.000
0.9419E-02	0.000
0.9778E-02	0.000
0.1015E-01	0.000
0.1054E-01	0.000
0.1094E-01	0.000
0.1135E-01	0.000
0.1179E-01	0.000
0.1224E-01	0.000
0.1270E-01	0.000
0.1319E-01	0.000
0.1369E-01	0.000
0.1421E-01	0.000
0.1475E-01	0.000
0.1531E-01	0.000
0.1590E-01	0.000
0.1650E-01	0.000
0.1713E-01	0.000
0.1778E-01	0.000
0.1846E-01	0.000
0.1916E-01	0.000
0.1989E-01	0.000
0.2065E-01	0.000
0.2144E-01	0.000
0.2225E-01	0.000
0.2310E-01	0.000
0.2398E-01	0.000
0.2489E-01	0.000
0.2584E-01	0.000
0.2682E-01	0.000
0.2785E-01	0.000
0.2891E-01	0.000
0.3001E-01	0.000
0.3115E-01	0.000
0.3234E-01	0.000
0.3357E-01	0.000
0.3485E-01	0.000
0.3617E-01	0.000
0.3755E-01	0.000
0.3898E-01	0.000
0.4047E-01	0.000
0.4201E-01	0.000
0.4361E-01	0.000
0.4527E-01	0.000
0.4699E-01	0.000
0.4878E-01	0.000
0.5064E-01	0.000
0.5257E-01	0.000
0.5457E-01	0.000
0.5665E-01	0.000
0.5881E-01	0.000
0.6105E-01	0.000
0.6337E-01	0.000
0.6579E-01	0.000
0.6829E-01	0.000
0.7089E-01	0.000
0.7359E-01	0.000
0.7640E-01	0.000
0.7931E-01	0.000
0.8233E-01	0.000
0.8546E-01	0.000
0.8872E-01	0.000
0.9210E-01	0.000
0.9560E-01	0.000
0.9924E-01	0.000
0.1030	0.000
0.1069	0.000
0.1110	0.000
0.1152	0.000
0.1196	0.000
0.1242	0.000
0.1289	0.000
0.1338	0.000
0.1389	0.000
0.1442	0.000
0.1497	0.000
0.1554	0.000
0.1613	0.000
0.1675	0.000
0.1739	0.000
0.1805	0.000
0.1874	0.000
0.1945	0.000
0.2019	0.000
0.2096	0.000
0.2176	0.000
0.2259	0.000
0.2345	0.000
0.2434	0.000
0.2527	0.000
0.2623	0.000
0.2723	0.000
0.2826	0.000
0.2934	0.000
0.3046	0.000
0.3162	0.000
0.3282	0.000
0.3407	0.000
0.3537	0.000
0.3672	0.000
0.3812	0.000
0.3957	0.000
0.4107	0.000
0.4264	0.000
0.4426	0.000
0.4595	0.000
0.4770	0.000
0.4952	0.000
0.5140	0.000
0.5336	0.000
0.5539	0.000
0.5750	0.000
0.5969	0.000
0.6196	0.000
0.6432	0.000
0.6677	0.000
0.6932	0.000
0.7196	0.000
0.7470	0.000
0.7754	0.000
0.8050	0.000
0.8356	0.000
0.8674	0.000
0.9005	0.000
0.9348	0.000
0.9704	0.000
1.007	0.000
1.046	0.000
1.086	0.000
1.127	0.000
1.170	0.000
1.214	0.000
1.261	0.000
1.309	0.000
1.358	0.000
1.410	0.000
1.464	0.000
1.520	0.000
1.578	0.000
1.638	0.000
1.700	0.000
1.765	0.000
1.832	0.000
1.902	0.000
1.974	0.000
2.049	0.000
2.127	0.000
2.208	0.000
2.293	0.000
2.380	0.000
2.470	0.000
2.565	0.000
2.662	0.000
2.764	0.000
2.869	0.000
2.978	0.000
3.092	0.000
3.209	0.000
3.332	0.000
3.458	0.000
3.590	0.000
3.727	0.000
3.869	0.000
4.016	0.000
4.169	0.000
4.328	0.000
4.493	0.000
4.664	0.000
4.841	0.000
5.026	0.000
5.217	0.000
5.416	0.000
5.622	0.000
5.836	0.000
6.059	0.000
6.289	0.000
6.529	0.000
6.778	0.000
7.036	0.000
7.304	0.000
7.582	0.000
7.871	0.000
8.170	0.000
8.482	0.000
8.805	0.000
9.140	0.000
9.488	0.000
9.849	0.000
10.22	0.000
10.61	0.000
11.02	0.000
11.44	0.000
11.87	0.000
12.33	0.000
12.80	0.000
13.28	0.000
13.79	0.000
14.31	0.000
14.86	0.000
15.42	0.000
16.01	0.000
16.62	0.000
17.25	0.000
17.91	0.000
18.59	0.000
19.30	0.000
20.04	0.000
20.80	0.000
21.59	0.000
22.42	0.000
23.27	0.000
24.16	0.000
25.08	0.000
26.03	0.000
27.02	0.000
28.05	0.000
29.12	0.000
30.23	0.000
31.38	0.000
32.57	0.000
33.82	0.000
35.10	0.000
36.44	0.000
37.83	0.000
39.27	0.000
40.76	0.000
42.32	0.000
43.93	0.000
45.60	0.000
47.34	0.000
49.14	0.000
51.01	0.000
52.96	0.000
54.97	0.000
57.07	0.000
59.24	0.000
61.50	0.000
63.84	0.000
66.27	0.000
68.79	0.000
71.41	0.000
74.13	0.000
76.96	0.000
79.89	0.000
82.93	0.000
86.09	0.000
89.37	0.000
92.77	0.000
96.31	0.000
99.97	0.000
103.8	0.000
107.7	0.000
111.8	0.000
116.1	0.000
120.5	0.000
125.1	0.000
129.9	0.000
134.8	0.000
140.0	0.000
145.3	0.000
150.8	0.000
156.6	0.000
162.5	0.000
168.7	0.000
175.1	0.000
181.8	0.000
188.7	0.000
195.9	0.000
203.4	0.000
211.1	0.000
219.2	0.000
227.5	0.000
236.2	0.000
245.2	0.000
254.5	0.000
264.2	0.000
274.3	0.000
284.7	0.000
295.6	0.000
306.8	0.000
318.5	0.000
330.6	0.000
343.2	0.000
356.3	0.000
369.9	0.000
384.0	0.000
398.6	0.000
413.8	0.000
429.5	0.000
445.9	0.000
462.9	0.000
480.5	0.000
498.8	0.000
517.8	0.000
537.5	0.000
558.0	0.000
579.2	0.000
601.3	0.000
624.2	0.000
648.0	0.000
672.6	0.000
698.3	0.000
724.9	0.000
752.5	0.000
781.1	0.000
810.9	0.000
841.8	0.000
873.8	0.000
907.1	0.000
941.6	0.000
977.5	0.000
1015.	0.000
1053.	0.000
1094.	0.000
1135.	0.000
1178.	0.000
1223.	0.000
1270.	0.000
1318.	0.000
1368.	0.000
1421.	0.000
1475.	0.000
1531.	0.000
1589.	0.000
1650.	0.000
1712.	0.000
1778.	0.000
1845.	0.000
1916.	0.000
1989.	0.000
2064.	0.000
2143.	0.000
2225.	0.000
2309.	0.000
2397.	0.000
2489.	0.000
2583.	0.000
2682.	0.000
2784.	0.000
2890.	0.000
 
 
C1    F2    Attachment                                          
E/N (Td)	Energy loss coefficient (eV m3/s)
0.1000E-02	0.7034E-15
0.1038E-02	0.7063E-15
0.1078E-02	0.7063E-15
0.1119E-02	0.7063E-15
0.1161E-02	0.7063E-15
0.1205E-02	0.7063E-15
0.1251E-02	0.7063E-15
0.1299E-02	0.7063E-15
0.1349E-02	0.7063E-15
0.1400E-02	0.7063E-15
0.1453E-02	0.7063E-15
0.1509E-02	0.7063E-15
0.1566E-02	0.7063E-15
0.1626E-02	0.7063E-15
0.1688E-02	0.7063E-15
0.1752E-02	0.7063E-15
0.1819E-02	0.7063E-15
0.1888E-02	0.7063E-15
0.1960E-02	0.7063E-15
0.2034E-02	0.7063E-15
0.2112E-02	0.7063E-15
0.2192E-02	0.7063E-15
0.2276E-02	0.7063E-15
0.2362E-02	0.7063E-15
0.2452E-02	0.7063E-15
0.2546E-02	0.7063E-15
0.2643E-02	0.7063E-15
0.2743E-02	0.7063E-15
0.2848E-02	0.7063E-15
0.2956E-02	0.7063E-15
0.3069E-02	0.7063E-15
0.3186E-02	0.7063E-15
0.3307E-02	0.7063E-15
0.3433E-02	0.7063E-15
0.3564E-02	0.7063E-15
0.3700E-02	0.7063E-15
0.3841E-02	0.7063E-15
0.3987E-02	0.7063E-15
0.4139E-02	0.7063E-15
0.4296E-02	0.7063E-15
0.4460E-02	0.7063E-15
0.4630E-02	0.7063E-15
0.4806E-02	0.7063E-15
0.4989E-02	0.7063E-15
0.5179E-02	0.7063E-15
0.5377E-02	0.7063E-15
0.5581E-02	0.7063E-15
0.5794E-02	0.7063E-15
0.6015E-02	0.7063E-15
0.6244E-02	0.7063E-15
0.6481E-02	0.7063E-15
0.6728E-02	0.7063E-15
0.6985E-02	0.7063E-15
0.7251E-02	0.7063E-15
0.7527E-02	0.7063E-15
0.7813E-02	0.7063E-15
0.8111E-02	0.7063E-15
0.8420E-02	0.7063E-15
0.8741E-02	0.7063E-15
0.9073E-02	0.7063E-15
0.9419E-02	0.7063E-15
0.9778E-02	0.7063E-15
0.1015E-01	0.7063E-15
0.1054E-01	0.7063E-15
0.1094E-01	0.7063E-15
0.1135E-01	0.7063E-15
0.1179E-01	0.7063E-15
0.1224E-01	0.7063E-15
0.1270E-01	0.7063E-15
0.1319E-01	0.7063E-15
0.1369E-01	0.7063E-15
0.1421E-01	0.7063E-15
0.1475E-01	0.7063E-15
0.1531E-01	0.7063E-15
0.1590E-01	0.7062E-15
0.1650E-01	0.7062E-15
0.1713E-01	0.7062E-15
0.1778E-01	0.7062E-15
0.1846E-01	0.7062E-15
0.1916E-01	0.7062E-15
0.1989E-01	0.7062E-15
0.2065E-01	0.7062E-15
0.2144E-01	0.7062E-15
0.2225E-01	0.7061E-15
0.2310E-01	0.7061E-15
0.2398E-01	0.7061E-15
0.2489E-01	0.7061E-15
0.2584E-01	0.7061E-15
0.2682E-01	0.7060E-15
0.2785E-01	0.7060E-15
0.2891E-01	0.7060E-15
0.3001E-01	0.7060E-15
0.3115E-01	0.7059E-15
0.3234E-01	0.7059E-15
0.3357E-01	0.7059E-15
0.3485E-01	0.7058E-15
0.3617E-01	0.7058E-15
0.3755E-01	0.7057E-15
0.3898E-01	0.7057E-15
0.4047E-01	0.7057E-15
0.4201E-01	0.7056E-15
0.4361E-01	0.7055E-15
0.4527E-01	0.7055E-15
0.4699E-01	0.7054E-15
0.4878E-01	0.7053E-15
0.5064E-01	0.7053E-15
0.5257E-01	0.7052E-15
0.5457E-01	0.7051E-15
0.5665E-01	0.7050E-15
0.5881E-01	0.7049E-15
0.6105E-01	0.7048E-15
0.6337E-01	0.7046E-15
0.6579E-01	0.7045E-15
0.6829E-01	0.7044E-15
0.7089E-01	0.7042E-15
0.7359E-01	0.7041E-15
0.7640E-01	0.7039E-15
0.7931E-01	0.7037E-15
0.8233E-01	0.7035E-15
0.8546E-01	0.7033E-15
0.8872E-01	0.7030E-15
0.9210E-01	0.7028E-15
0.9560E-01	0.7025E-15
0.9924E-01	0.7022E-15
0.1030	0.7019E-15
0.1069	0.7016E-15
0.1110	0.7012E-15
0.1152	0.7009E-15
0.1196	0.7004E-15
0.1242	0.7000E-15
0.1289	0.6995E-15
0.1338	0.6990E-15
0.1389	0.6985E-15
0.1442	0.6979E-15
0.1497	0.6973E-15
0.1554	0.6966E-15
0.1613	0.6959E-15
0.1675	0.6952E-15
0.1739	0.6944E-15
0.1805	0.6935E-15
0.1874	0.6926E-15
0.1945	0.6916E-15
0.2019	0.6906E-15
0.2096	0.6895E-15
0.2176	0.6884E-15
0.2259	0.6871E-15
0.2345	0.6858E-15
0.2434	0.6845E-15
0.2527	0.6830E-15
0.2623	0.6815E-15
0.2723	0.6799E-15
0.2826	0.6782E-15
0.2934	0.6764E-15
0.3046	0.6746E-15
0.3162	0.6726E-15
0.3282	0.6706E-15
0.3407	0.6684E-15
0.3537	0.6662E-15
0.3672	0.6639E-15
0.3812	0.6615E-15
0.3957	0.6590E-15
0.4107	0.6564E-15
0.4264	0.6537E-15
0.4426	0.6510E-15
0.4595	0.6481E-15
0.4770	0.6452E-15
0.4952	0.6422E-15
0.5140	0.6391E-15
0.5336	0.6359E-15
0.5539	0.6327E-15
0.5750	0.6293E-15
0.5969	0.6259E-15
0.6196	0.6225E-15
0.6432	0.6189E-15
0.6677	0.6153E-15
0.6932	0.6117E-15
0.7196	0.6080E-15
0.7470	0.6042E-15
0.7754	0.6004E-15
0.8050	0.5965E-15
0.8356	0.5926E-15
0.8674	0.5886E-15
0.9005	0.5846E-15
0.9348	0.5806E-15
0.9704	0.5765E-15
1.007	0.5725E-15
1.046	0.5683E-15
1.086	0.5642E-15
1.127	0.5601E-15
1.170	0.5559E-15
1.214	0.5517E-15
1.261	0.5475E-15
1.309	0.5434E-15
1.358	0.5392E-15
1.410	0.5350E-15
1.464	0.5309E-15
1.520	0.5267E-15
1.578	0.5227E-15
1.638	0.5186E-15
1.700	0.5145E-15
1.765	0.5105E-15
1.832	0.5065E-15
1.902	0.5026E-15
1.974	0.4987E-15
2.049	0.4949E-15
2.127	0.4911E-15
2.208	0.4874E-15
2.293	0.4838E-15
2.380	0.4803E-15
2.470	0.4768E-15
2.565	0.4734E-15
2.662	0.4701E-15
2.764	0.4669E-15
2.869	0.4638E-15
2.978	0.4608E-15
3.092	0.4579E-15
3.209	0.4552E-15
3.332	0.4525E-15
3.458	0.4500E-15
3.590	0.4476E-15
3.727	0.4453E-15
3.869	0.4431E-15
4.016	0.4411E-15
4.169	0.4392E-15
4.328	0.4375E-15
4.493	0.4359E-15
4.664	0.4345E-15
4.841	0.4333E-15
5.026	0.4322E-15
5.217	0.4313E-15
5.416	0.4305E-15
5.622	0.4300E-15
5.836	0.4296E-15
6.059	0.4294E-15
6.289	0.4294E-15
6.529	0.4296E-15
6.778	0.4300E-15
7.036	0.4306E-15
7.304	0.4314E-15
7.582	0.4324E-15
7.871	0.4336E-15
8.170	0.4349E-15
8.482	0.4365E-15
8.805	0.4382E-15
9.140	0.4401E-15
9.488	0.4422E-15
9.849	0.4444E-15
10.22	0.4468E-15
10.61	0.4493E-15
11.02	0.4519E-15
11.44	0.4546E-15
11.87	0.4574E-15
12.33	0.4603E-15
12.80	0.4633E-15
13.28	0.4663E-15
13.79	0.4694E-15
14.31	0.4725E-15
14.86	0.4757E-15
15.42	0.4789E-15
16.01	0.4821E-15
16.62	0.4854E-15
17.25	0.4887E-15
17.91	0.4920E-15
18.59	0.4954E-15
19.30	0.4987E-15
20.04	0.5021E-15
20.80	0.5055E-15
21.59	0.5088E-15
22.42	0.5122E-15
23.27	0.5156E-15
24.16	0.5189E-15
25.08	0.5223E-15
26.03	0.5256E-15
27.02	0.5288E-15
28.05	0.5320E-15
29.12	0.5351E-15
30.23	0.5382E-15
31.38	0.5411E-15
32.57	0.5439E-15
33.82	0.5466E-15
35.10	0.5492E-15
36.44	0.5515E-15
37.83	0.5537E-15
39.27	0.5557E-15
40.76	0.5574E-15
42.32	0.5588E-15
43.93	0.5600E-15
45.60	0.5608E-15
47.34	0.5614E-15
49.14	0.5616E-15
51.01	0.5615E-15
52.96	0.5610E-15
54.97	0.5602E-15
57.07	0.5591E-15
59.24	0.5575E-15
61.50	0.5556E-15
63.84	0.5534E-15
66.27	0.5509E-15
68.79	0.5480E-15
71.41	0.5448E-15
74.13	0.5413E-15
76.96	0.5376E-15
79.89	0.5335E-15
82.93	0.5293E-15
86.09	0.5248E-15
89.37	0.5201E-15
92.77	0.5152E-15
96.31	0.5102E-15
99.97	0.5050E-15
103.8	0.4997E-15
107.7	0.4942E-15
111.8	0.4887E-15
116.1	0.4831E-15
120.5	0.4773E-15
125.1	0.4715E-15
129.9	0.4656E-15
134.8	0.4597E-15
140.0	0.4537E-15
145.3	0.4476E-15
150.8	0.4415E-15
156.6	0.4354E-15
162.5	0.4292E-15
168.7	0.4230E-15
175.1	0.4167E-15
181.8	0.4104E-15
188.7	0.4041E-15
195.9	0.3977E-15
203.4	0.3913E-15
211.1	0.3849E-15
219.2	0.3785E-15
227.5	0.3720E-15
236.2	0.3655E-15
245.2	0.3590E-15
254.5	0.3525E-15
264.2	0.3459E-15
274.3	0.3393E-15
284.7	0.3327E-15
295.6	0.3261E-15
306.8	0.3195E-15
318.5	0.3129E-15
330.6	0.3062E-15
343.2	0.2995E-15
356.3	0.2929E-15
369.9	0.2862E-15
384.0	0.2795E-15
398.6	0.2729E-15
413.8	0.2662E-15
429.5	0.2595E-15
445.9	0.2529E-15
462.9	0.2462E-15
480.5	0.2396E-15
498.8	0.2330E-15
517.8	0.2264E-15
537.5	0.2198E-15
558.0	0.2134E-15
579.2	0.2069E-15
601.3	0.2005E-15
624.2	0.1941E-15
648.0	0.1878E-15
672.6	0.1816E-15
698.3	0.1754E-15
724.9	0.1692E-15
752.5	0.1633E-15
781.1	0.1573E-15
810.9	0.1516E-15
841.8	0.1458E-15
873.8	0.1402E-15
907.1	0.1346E-15
941.6	0.1291E-15
977.5	0.1239E-15
1015.	0.1187E-15
1053.	0.1137E-15
1094.	0.1088E-15
1135.	0.1039E-15
1178.	0.9936E-16
1223.	0.9478E-16
1270.	0.9051E-16
1318.	0.8620E-16
1368.	0.8218E-16
1421.	0.7815E-16
1475.	0.7426E-16
1531.	0.7067E-16
1589.	0.6705E-16
1650.	0.6377E-16
1712.	0.6041E-16
1778.	0.5719E-16
1845.	0.5422E-16
1916.	0.5126E-16
1989.	0.4860E-16
2064.	0.4588E-16
2143.	0.4328E-16
2225.	0.4100E-16
2309.	0.3862E-16
2397.	0.3635E-16
2489.	0.3437E-16
2583.	0.3230E-16
2682.	0.3053E-16
2784.	0.2865E-16
2890.	0.2686E-16
 
 
C2    F2    Effective (momentum)                                
E/N (Td)	Energy loss coefficient (eV m3/s)
0.1000E-02	0.1017E-16
0.1038E-02	0.1015E-16
0.1078E-02	0.1015E-16
0.1119E-02	0.1015E-16
0.1161E-02	0.1015E-16
0.1205E-02	0.1015E-16
0.1251E-02	0.1015E-16
0.1299E-02	0.1015E-16
0.1349E-02	0.1015E-16
0.1400E-02	0.1015E-16
0.1453E-02	0.1015E-16
0.1509E-02	0.1015E-16
0.1566E-02	0.1015E-16
0.1626E-02	0.1015E-16
0.1688E-02	0.1015E-16
0.1752E-02	0.1015E-16
0.1819E-02	0.1015E-16
0.1888E-02	0.1015E-16
0.1960E-02	0.1015E-16
0.2034E-02	0.1015E-16
0.2112E-02	0.1015E-16
0.2192E-02	0.1015E-16
0.2276E-02	0.1015E-16
0.2362E-02	0.1015E-16
0.2452E-02	0.1015E-16
0.2546E-02	0.1015E-16
0.2643E-02	0.1015E-16
0.2743E-02	0.1015E-16
0.2848E-02	0.1015E-16
0.2956E-02	0.1015E-16
0.3069E-02	0.1015E-16
0.3186E-02	0.1015E-16
0.3307E-02	0.1015E-16
0.3433E-02	0.1015E-16
0.3564E-02	0.1015E-16
0.3700E-02	0.1015E-16
0.3841E-02	0.1015E-16
0.3987E-02	0.1015E-16
0.4139E-02	0.1015E-16
0.4296E-02	0.1015E-16
0.4460E-02	0.1015E-16
0.4630E-02	0.1015E-16
0.4806E-02	0.1015E-16
0.4989E-02	0.1015E-16
0.5179E-02	0.1015E-16
0.5377E-02	0.1015E-16
0.5581E-02	0.1015E-16
0.5794E-02	0.1015E-16
0.6015E-02	0.1015E-16
0.6244E-02	0.1015E-16
0.6481E-02	0.1015E-16
0.6728E-02	0.1015E-16
0.6985E-02	0.1015E-16
0.7251E-02	0.1015E-16
0.7527E-02	0.1015E-16
0.7813E-02	0.1015E-16
0.8111E-02	0.1015E-16
0.8420E-02	0.1015E-16
0.8741E-02	0.1015E-16
0.9073E-02	0.1015E-16
0.9419E-02	0.1015E-16
0.9778E-02	0.1015E-16
0.1015E-01	0.1015E-16
0.1054E-01	0.1015E-16
0.1094E-01	0.1015E-16
0.1135E-01	0.1015E-16
0.1179E-01	0.1015E-16
0.1224E-01	0.1015E-16
0.1270E-01	0.1015E-16
0.1319E-01	0.1015E-16
0.1369E-01	0.1015E-16
0.1421E-01	0.1015E-16
0.1475E-01	0.1015E-16
0.1531E-01	0.1015E-16
0.1590E-01	0.1015E-16
0.1650E-01	0.1015E-16
0.1713E-01	0.1015E-16
0.1778E-01	0.1015E-16
0.1846E-01	0.1015E-16
0.1916E-01	0.1015E-16
0.1989E-01	0.1015E-16
0.2065E-01	0.1015E-16
0.2144E-01	0.1015E-16
0.2225E-01	0.1015E-16
0.2310E-01	0.1015E-16
0.2398E-01	0.1015E-16
0.2489E-01	0.1015E-16
0.2584E-01	0.1015E-16
0.2682E-01	0.1015E-16
0.2785E-01	0.1015E-16
0.2891E-01	0.1015E-16
0.3001E-01	0.1015E-16
0.3115E-01	0.1015E-16
0.3234E-01	0.1015E-16
0.3357E-01	0.1015E-16
0.3485E-01	0.1015E-16
0.3617E-01	0.1015E-16
0.3755E-01	0.1015E-16
0.3898E-01	0.1015E-16
0.4047E-01	0.1015E-16
0.4201E-01	0.1015E-16
0.4361E-01	0.1015E-16
0.4527E-01	0.1015E-16
0.4699E-01	0.1016E-16
0.4878E-01	0.1016E-16
0.5064E-01	0.1016E-16
0.5257E-01	0.1016E-16
0.5457E-01	0.1016E-16
0.5665E-01	0.1016E-16
0.5881E-01	0.1016E-16
0.6105E-01	0.1016E-16
0.6337E-01	0.1016E-16
0.6579E-01	0.1016E-16
0.6829E-01	0.1016E-16
0.7089E-01	0.1016E-16
0.7359E-01	0.1016E-16
0.7640E-01	0.1017E-16
0.7931E-01	0.1017E-16
0.8233E-01	0.1017E-16
0.8546E-01	0.1017E-16
0.8872E-01	0.1017E-16
0.9210E-01	0.1017E-16
0.9560E-01	0.1017E-16
0.9924E-01	0.1018E-16
0.1030	0.1018E-16
0.1069	0.1018E-16
0.1110	0.1018E-16
0.1152	0.1019E-16
0.1196	0.1019E-16
0.1242	0.1019E-16
0.1289	0.1020E-16
0.1338	0.1020E-16
0.1389	0.1020E-16
0.1442	0.1021E-16
0.1497	0.1021E-16
0.1554	0.1022E-16
0.1613	0.1022E-16
0.1675	0.1023E-16
0.1739	0.1023E-16
0.1805	0.1024E-16
0.1874	0.1024E-16
0.1945	0.1025E-16
0.2019	0.1026E-16
0.2096	0.1026E-16
0.2176	0.1027E-16
0.2259	0.1028E-16
0.2345	0.1029E-16
0.2434	0.1030E-16
0.2527	0.1031E-16
0.2623	0.1032E-16
0.2723	0.1033E-16
0.2826	0.1034E-16
0.2934	0.1036E-16
0.3046	0.1037E-16
0.3162	0.1038E-16
0.3282	0.1040E-16
0.3407	0.1041E-16
0.3537	0.1043E-16
0.3672	0.1044E-16
0.3812	0.1046E-16
0.3957	0.1048E-16
0.4107	0.1050E-16
0.4264	0.1052E-16
0.4426	0.1054E-16
0.4595	0.1056E-16
0.4770	0.1058E-16
0.4952	0.1060E-16
0.5140	0.1062E-16
0.5336	0.1065E-16
0.5539	0.1067E-16
0.5750	0.1070E-16
0.5969	0.1072E-16
0.6196	0.1075E-16
0.6432	0.1078E-16
0.6677	0.1080E-16
0.6932	0.1083E-16
0.7196	0.1086E-16
0.7470	0.1089E-16
0.7754	0.1092E-16
0.8050	0.1095E-16
0.8356	0.1098E-16
0.8674	0.1101E-16
0.9005	0.1105E-16
0.9348	0.1108E-16
0.9704	0.1111E-16
1.007	0.1115E-16
1.046	0.1118E-16
1.086	0.1122E-16
1.127	0.1125E-16
1.170	0.1129E-16
1.214	0.1133E-16
1.261	0.1137E-16
1.309	0.1140E-16
1.358	0.1144E-16
1.410	0.1148E-16
1.464	0.1152E-16
1.520	0.1156E-16
1.578	0.1160E-16
1.638	0.1164E-16
1.700	0.1168E-16
1.765	0.1173E-16
1.832	0.1177E-16
1.902	0.1181E-16
1.974	0.1185E-16
2.049	0.1190E-16
2.127	0.1194E-16
2.208	0.1199E-16
2.293	0.1203E-16
2.380	0.1207E-16
2.470	0.1212E-16
2.565	0.1216E-16
2.662	0.1221E-16
2.764	0.1225E-16
2.869	0.1230E-16
2.978	0.1234E-16
3.092	0.1239E-16
3.209	0.1243E-16
3.332	0.1248E-16
3.458	0.1252E-16
3.590	0.1257E-16
3.727	0.1261E-16
3.869	0.1266E-16
4.016	0.1270E-16
4.169	0.1275E-16
4.328	0.1279E-16
4.493	0.1284E-16
4.664	0.1288E-16
4.841	0.1292E-16
5.026	0.1296E-16
5.217	0.1301E-16
5.416	0.1305E-16
5.622	0.1309E-16
5.836	0.1313E-16
6.059	0.1317E-16
6.289	0.1321E-16
6.529	0.1324E-16
6.778	0.1328E-16
7.036	0.1332E-16
7.304	0.1335E-16
7.582	0.1338E-16
7.871	0.1342E-16
8.170	0.1345E-16
8.482	0.1348E-16
8.805	0.1351E-16
9.140	0.1354E-16
9.488	0.1357E-16
9.849	0.1360E-16
10.22	0.1363E-16
10.61	0.1366E-16
11.02	0.1368E-16
11.44	0.1371E-16
11.87	0.1374E-16
12.33	0.1377E-16
12.80	0.1380E-16
13.28	0.1383E-16
13.79	0.1386E-16
14.31	0.1390E-16
14.86	0.1393E-16
15.42	0.1397E-16
16.01	0.1401E-16
16.62	0.1405E-16
17.25	0.1409E-16
17.91	0.1414E-16
18.59	0.1419E-16
19.30	0.1424E-16
20.04	0.1430E-16
20.80	0.1436E-16
21.59	0.1443E-16
22.42	0.1450E-16
23.27	0.1458E-16
24.16	0.1466E-16
25.08	0.1475E-16
26.03	0.1484E-16
27.02	0.1494E-16
28.05	0.1505E-16
29.12	0.1517E-16
30.23	0.1529E-16
31.38	0.1543E-16
32.57	0.1558E-16
33.82	0.1573E-16
35.10	0.1591E-16
36.44	0.1609E-16
37.83	0.1629E-16
39.27	0.1651E-16
40.76	0.1674E-16
42.32	0.1699E-16
43.93	0.1726E-16
45.60	0.1756E-16
47.34	0.1787E-16
49.14	0.1821E-16
51.01	0.1857E-16
52.96	0.1895E-16
54.97	0.1936E-16
57.07	0.1980E-16
59.24	0.2026E-16
61.50	0.2075E-16
63.84	0.2126E-16
66.27	0.2180E-16
68.79	0.2236E-16
71.41	0.2295E-16
74.13	0.2356E-16
76.96	0.2420E-16
79.89	0.2485E-16
82.93	0.2553E-16
86.09	0.2622E-16
89.37	0.2693E-16
92.77	0.2766E-16
96.31	0.2841E-16
99.97	0.2917E-16
103.8	0.2995E-16
107.7	0.3074E-16
111.8	0.3155E-16
116.1	0.3236E-16
120.5	0.3320E-16
125.1	0.3404E-16
129.9	0.3490E-16
134.8	0.3577E-16
140.0	0.3665E-16
145.3	0.3755E-16
150.8	0.3846E-16
156.6	0.3939E-16
162.5	0.4033E-16
168.7	0.4129E-16
175.1	0.4227E-16
181.8	0.4327E-16
188.7	0.4429E-16
195.9	0.4534E-16
203.4	0.4640E-16
211.1	0.4749E-16
219.2	0.4861E-16
227.5	0.4975E-16
236.2	0.5093E-16
245.2	0.5213E-16
254.5	0.5337E-16
264.2	0.5464E-16
274.3	0.5595E-16
284.7	0.5731E-16
295.6	0.5870E-16
306.8	0.6014E-16
318.5	0.6162E-16
330.6	0.6315E-16
343.2	0.6473E-16
356.3	0.6637E-16
369.9	0.6807E-16
384.0	0.6982E-16
398.6	0.7164E-16
413.8	0.7352E-16
429.5	0.7548E-16
445.9	0.7751E-16
462.9	0.7961E-16
480.5	0.8180E-16
498.8	0.8407E-16
517.8	0.8643E-16
537.5	0.8888E-16
558.0	0.9144E-16
579.2	0.9409E-16
601.3	0.9686E-16
624.2	0.9973E-16
648.0	0.1027E-15
672.6	0.1058E-15
698.3	0.1091E-15
724.9	0.1124E-15
752.5	0.1160E-15
781.1	0.1196E-15
810.9	0.1234E-15
841.8	0.1274E-15
873.8	0.1315E-15
907.1	0.1358E-15
941.6	0.1402E-15
977.5	0.1449E-15
1015.	0.1497E-15
1053.	0.1548E-15
1094.	0.1600E-15
1135.	0.1654E-15
1178.	0.1711E-15
1223.	0.1770E-15
1270.	0.1832E-15
1318.	0.1896E-15
1368.	0.1962E-15
1421.	0.2032E-15
1475.	0.2104E-15
1531.	0.2179E-15
1589.	0.2257E-15
1650.	0.2339E-15
1712.	0.2424E-15
1778.	0.2513E-15
1845.	0.2606E-15
1916.	0.2702E-15
1989.	0.2803E-15
2064.	0.2908E-15
2143.	0.3018E-15
2225.	0.3133E-15
2309.	0.3253E-15
2397.	0.3378E-15
2489.	0.3511E-15
2583.	0.3649E-15
2682.	0.3794E-15
2784.	0.3945E-15
2890.	0.4104E-15
 
 
C3    F2    Excitation    0.11 eV                               
E/N (Td)	Energy loss coefficient (eV m3/s)
0.1000E-02	0.6731E-16
0.1038E-02	0.6755E-16
0.1078E-02	0.6755E-16
0.1119E-02	0.6755E-16
0.1161E-02	0.6755E-16
0.1205E-02	0.6755E-16
0.1251E-02	0.6755E-16
0.1299E-02	0.6755E-16
0.1349E-02	0.6755E-16
0.1400E-02	0.6755E-16
0.1453E-02	0.6755E-16
0.1509E-02	0.6755E-16
0.1566E-02	0.6755E-16
0.1626E-02	0.6755E-16
0.1688E-02	0.6755E-16
0.1752E-02	0.6755E-16
0.1819E-02	0.6755E-16
0.1888E-02	0.6755E-16
0.1960E-02	0.6755E-16
0.2034E-02	0.6755E-16
0.2112E-02	0.6755E-16
0.2192E-02	0.6755E-16
0.2276E-02	0.6755E-16
0.2362E-02	0.6755E-16
0.2452E-02	0.6755E-16
0.2546E-02	0.6755E-16
0.2643E-02	0.6755E-16
0.2743E-02	0.6755E-16
0.2848E-02	0.6755E-16
0.2956E-02	0.6755E-16
0.3069E-02	0.6755E-16
0.3186E-02	0.6755E-16
0.3307E-02	0.6755E-16
0.3433E-02	0.6755E-16
0.3564E-02	0.6755E-16
0.3700E-02	0.6755E-16
0.3841E-02	0.6755E-16
0.3987E-02	0.6755E-16
0.4139E-02	0.6755E-16
0.4296E-02	0.6755E-16
0.4460E-02	0.6755E-16
0.4630E-02	0.6755E-16
0.4806E-02	0.6755E-16
0.4989E-02	0.6755E-16
0.5179E-02	0.6755E-16
0.5377E-02	0.6755E-16
0.5581E-02	0.6755E-16
0.5794E-02	0.6755E-16
0.6015E-02	0.6755E-16
0.6244E-02	0.6755E-16
0.6481E-02	0.6755E-16
0.6728E-02	0.6755E-16
0.6985E-02	0.6755E-16
0.7251E-02	0.6755E-16
0.7527E-02	0.6755E-16
0.7813E-02	0.6755E-16
0.8111E-02	0.6755E-16
0.8420E-02	0.6755E-16
0.8741E-02	0.6755E-16
0.9073E-02	0.6755E-16
0.9419E-02	0.6755E-16
0.9778E-02	0.6755E-16
0.1015E-01	0.6755E-16
0.1054E-01	0.6755E-16
0.1094E-01	0.6755E-16
0.1135E-01	0.6755E-16
0.1179E-01	0.6755E-16
0.1224E-01	0.6755E-16
0.1270E-01	0.6755E-16
0.1319E-01	0.6755E-16
0.1369E-01	0.6755E-16
0.1421E-01	0.6755E-16
0.1475E-01	0.6755E-16
0.1531E-01	0.6754E-16
0.1590E-01	0.6754E-16
0.1650E-01	0.6754E-16
0.1713E-01	0.6754E-16
0.1778E-01	0.6754E-16
0.1846E-01	0.6754E-16
0.1916E-01	0.6754E-16
0.1989E-01	0.6754E-16
0.2065E-01	0.6754E-16
0.2144E-01	0.6754E-16
0.2225E-01	0.6754E-16
0.2310E-01	0.6753E-16
0.2398E-01	0.6753E-16
0.2489E-01	0.6753E-16
0.2584E-01	0.6753E-16
0.2682E-01	0.6753E-16
0.2785E-01	0.6753E-16
0.2891E-01	0.6752E-16
0.3001E-01	0.6752E-16
0.3115E-01	0.6752E-16
0.3234E-01	0.6752E-16
0.3357E-01	0.6751E-16
0.3485E-01	0.6751E-16
0.3617E-01	0.6751E-16
0.3755E-01	0.6750E-16
0.3898E-01	0.6750E-16
0.4047E-01	0.6750E-16
0.4201E-01	0.6749E-16
0.4361E-01	0.6749E-16
0.4527E-01	0.6748E-16
0.4699E-01	0.6748E-16
0.4878E-01	0.6747E-16
0.5064E-01	0.6746E-16
0.5257E-01	0.6746E-16
0.5457E-01	0.6745E-16
0.5665E-01	0.6744E-16
0.5881E-01	0.6743E-16
0.6105E-01	0.6742E-16
0.6337E-01	0.6741E-16
0.6579E-01	0.6740E-16
0.6829E-01	0.6739E-16
0.7089E-01	0.6738E-16
0.7359E-01	0.6737E-16
0.7640E-01	0.6735E-16
0.7931E-01	0.6734E-16
0.8233E-01	0.6732E-16
0.8546E-01	0.6730E-16
0.8872E-01	0.6728E-16
0.9210E-01	0.6726E-16
0.9560E-01	0.6724E-16
0.9924E-01	0.6722E-16
0.1030	0.6719E-16
0.1069	0.6716E-16
0.1110	0.6713E-16
0.1152	0.6710E-16
0.1196	0.6707E-16
0.1242	0.6703E-16
0.1289	0.6699E-16
0.1338	0.6695E-16
0.1389	0.6691E-16
0.1442	0.6686E-16
0.1497	0.6681E-16
0.1554	0.6676E-16
0.1613	0.6670E-16
0.1675	0.6664E-16
0.1739	0.6657E-16
0.1805	0.6650E-16
0.1874	0.6643E-16
0.1945	0.6635E-16
0.2019	0.6626E-16
0.2096	0.6617E-16
0.2176	0.6608E-16
0.2259	0.6597E-16
0.2345	0.6587E-16
0.2434	0.6575E-16
0.2527	0.6563E-16
0.2623	0.6551E-16
0.2723	0.6537E-16
0.2826	0.6523E-16
0.2934	0.6508E-16
0.3046	0.6493E-16
0.3162	0.6476E-16
0.3282	0.6459E-16
0.3407	0.6441E-16
0.3537	0.6423E-16
0.3672	0.6403E-16
0.3812	0.6383E-16
0.3957	0.6361E-16
0.4107	0.6340E-16
0.4264	0.6317E-16
0.4426	0.6293E-16
0.4595	0.6269E-16
0.4770	0.6243E-16
0.4952	0.6217E-16
0.5140	0.6191E-16
0.5336	0.6163E-16
0.5539	0.6135E-16
0.5750	0.6106E-16
0.5969	0.6076E-16
0.6196	0.6045E-16
0.6432	0.6014E-16
0.6677	0.5982E-16
0.6932	0.5949E-16
0.7196	0.5916E-16
0.7470	0.5882E-16
0.7754	0.5848E-16
0.8050	0.5812E-16
0.8356	0.5777E-16
0.8674	0.5740E-16
0.9005	0.5703E-16
0.9348	0.5666E-16
0.9704	0.5628E-16
1.007	0.5590E-16
1.046	0.5551E-16
1.086	0.5511E-16
1.127	0.5472E-16
1.170	0.5432E-16
1.214	0.5391E-16
1.261	0.5350E-16
1.309	0.5309E-16
1.358	0.5268E-16
1.410	0.5226E-16
1.464	0.5184E-16
1.520	0.5142E-16
1.578	0.5101E-16
1.638	0.5058E-16
1.700	0.5016E-16
1.765	0.4974E-16
1.832	0.4932E-16
1.902	0.4890E-16
1.974	0.4848E-16
2.049	0.4806E-16
2.127	0.4764E-16
2.208	0.4723E-16
2.293	0.4682E-16
2.380	0.4642E-16
2.470	0.4602E-16
2.565	0.4562E-16
2.662	0.4523E-16
2.764	0.4485E-16
2.869	0.4447E-16
2.978	0.4410E-16
3.092	0.4374E-16
3.209	0.4338E-16
3.332	0.4304E-16
3.458	0.4270E-16
3.590	0.4238E-16
3.727	0.4206E-16
3.869	0.4175E-16
4.016	0.4146E-16
4.169	0.4117E-16
4.328	0.4090E-16
4.493	0.4064E-16
4.664	0.4040E-16
4.841	0.4017E-16
5.026	0.3995E-16
5.217	0.3975E-16
5.416	0.3957E-16
5.622	0.3939E-16
5.836	0.3924E-16
6.059	0.3910E-16
6.289	0.3898E-16
6.529	0.3888E-16
6.778	0.3880E-16
7.036	0.3873E-16
7.304	0.3868E-16
7.582	0.3865E-16
7.871	0.3864E-16
8.170	0.3865E-16
8.482	0.3867E-16
8.805	0.3871E-16
9.140	0.3876E-16
9.488	0.3883E-16
9.849	0.3892E-16
10.22	0.3901E-16
10.61	0.3911E-16
11.02	0.3923E-16
11.44	0.3935E-16
11.87	0.3948E-16
12.33	0.3961E-16
12.80	0.3975E-16
13.28	0.3989E-16
13.79	0.4003E-16
14.31	0.4017E-16
14.86	0.4031E-16
15.42	0.4045E-16
16.01	0.4059E-16
16.62	0.4072E-16
17.25	0.4084E-16
17.91	0.4097E-16
18.59	0.4108E-16
19.30	0.4119E-16
20.04	0.4129E-16
20.80	0.4139E-16
21.59	0.4147E-16
22.42	0.4155E-16
23.27	0.4161E-16
24.16	0.4167E-16
25.08	0.4171E-16
26.03	0.4173E-16
27.02	0.4175E-16
28.05	0.4174E-16
29.12	0.4172E-16
30.23	0.4168E-16
31.38	0.4163E-16
32.57	0.4155E-16
33.82	0.4144E-16
35.10	0.4131E-16
36.44	0.4116E-16
37.83	0.4098E-16
39.27	0.4077E-16
40.76	0.4053E-16
42.32	0.4026E-16
43.93	0.3995E-16
45.60	0.3962E-16
47.34	0.3925E-16
49.14	0.3884E-16
51.01	0.3841E-16
52.96	0.3794E-16
54.97	0.3744E-16
57.07	0.3691E-16
59.24	0.3636E-16
61.50	0.3577E-16
63.84	0.3517E-16
66.27	0.3455E-16
68.79	0.3390E-16
71.41	0.3324E-16
74.13	0.3257E-16
76.96	0.3189E-16
79.89	0.3121E-16
82.93	0.3052E-16
86.09	0.2982E-16
89.37	0.2913E-16
92.77	0.2844E-16
96.31	0.2775E-16
99.97	0.2707E-16
103.8	0.2640E-16
107.7	0.2573E-16
111.8	0.2507E-16
116.1	0.2443E-16
120.5	0.2379E-16
125.1	0.2316E-16
129.9	0.2255E-16
134.8	0.2194E-16
140.0	0.2135E-16
145.3	0.2076E-16
150.8	0.2019E-16
156.6	0.1963E-16
162.5	0.1908E-16
168.7	0.1854E-16
175.1	0.1801E-16
181.8	0.1749E-16
188.7	0.1698E-16
195.9	0.1648E-16
203.4	0.1598E-16
211.1	0.1550E-16
219.2	0.1503E-16
227.5	0.1457E-16
236.2	0.1411E-16
245.2	0.1367E-16
254.5	0.1323E-16
264.2	0.1280E-16
274.3	0.1239E-16
284.7	0.1197E-16
295.6	0.1157E-16
306.8	0.1118E-16
318.5	0.1080E-16
330.6	0.1043E-16
343.2	0.1006E-16
356.3	0.9701E-17
369.9	0.9352E-17
384.0	0.9011E-17
398.6	0.8679E-17
413.8	0.8355E-17
429.5	0.8039E-17
445.9	0.7732E-17
462.9	0.7432E-17
480.5	0.7140E-17
498.8	0.6856E-17
517.8	0.6580E-17
537.5	0.6311E-17
558.0	0.6050E-17
579.2	0.5796E-17
601.3	0.5551E-17
624.2	0.5312E-17
648.0	0.5081E-17
672.6	0.4857E-17
698.3	0.4641E-17
724.9	0.4431E-17
752.5	0.4229E-17
781.1	0.4034E-17
810.9	0.3845E-17
841.8	0.3663E-17
873.8	0.3487E-17
907.1	0.3318E-17
941.6	0.3156E-17
977.5	0.3001E-17
1015.	0.2851E-17
1053.	0.2705E-17
1094.	0.2567E-17
1135.	0.2435E-17
1178.	0.2309E-17
1223.	0.2188E-17
1270.	0.2072E-17
1318.	0.1961E-17
1368.	0.1854E-17
1421.	0.1753E-17
1475.	0.1657E-17
1531.	0.1565E-17
1589.	0.1478E-17
1650.	0.1396E-17
1712.	0.1316E-17
1778.	0.1241E-17
1845.	0.1169E-17
1916.	0.1101E-17
1989.	0.1035E-17
2064.	0.9743E-18
2143.	0.9163E-18
2225.	0.8619E-18
2309.	0.8097E-18
2397.	0.7603E-18
2489.	0.7139E-18
2583.	0.6696E-18
2682.	0.6277E-18
2784.	0.5880E-18
2890.	0.5505E-18
 
 
C4    F2    Excitation    0.22 eV                               
E/N (Td)	Energy loss coefficient (eV m3/s)
0.1000E-02	0.1864E-15
0.1038E-02	0.1871E-15
0.1078E-02	0.1871E-15
0.1119E-02	0.1871E-15
0.1161E-02	0.1871E-15
0.1205E-02	0.1871E-15
0.1251E-02	0.1871E-15
0.1299E-02	0.1871E-15
0.1349E-02	0.1871E-15
0.1400E-02	0.1871E-15
0.1453E-02	0.1871E-15
0.1509E-02	0.1871E-15
0.1566E-02	0.1871E-15
0.1626E-02	0.1871E-15
0.1688E-02	0.1871E-15
0.1752E-02	0.1871E-15
0.1819E-02	0.1871E-15
0.1888E-02	0.1871E-15
0.1960E-02	0.1871E-15
0.2034E-02	0.1871E-15
0.2112E-02	0.1871E-15
0.2192E-02	0.1871E-15
0.2276E-02	0.1871E-15
0.2362E-02	0.1871E-15
0.2452E-02	0.1871E-15
0.2546E-02	0.1871E-15
0.2643E-02	0.1871E-15
0.2743E-02	0.1871E-15
0.2848E-02	0.1871E-15
0.2956E-02	0.1871E-15
0.3069E-02	0.1871E-15
0.3186E-02	0.1871E-15
0.3307E-02	0.1871E-15
0.3433E-02	0.1871E-15
0.3564E-02	0.1871E-15
0.3700E-02	0.1871E-15
0.3841E-02	0.1871E-15
0.3987E-02	0.1871E-15
0.4139E-02	0.1871E-15
0.4296E-02	0.1871E-15
0.4460E-02	0.1871E-15
0.4630E-02	0.1871E-15
0.4806E-02	0.1871E-15
0.4989E-02	0.1871E-15
0.5179E-02	0.1871E-15
0.5377E-02	0.1871E-15
0.5581E-02	0.1871E-15
0.5794E-02	0.1871E-15
0.6015E-02	0.1871E-15
0.6244E-02	0.1871E-15
0.6481E-02	0.1871E-15
0.6728E-02	0.1871E-15
0.6985E-02	0.1871E-15
0.7251E-02	0.1871E-15
0.7527E-02	0.1871E-15
0.7813E-02	0.1871E-15
0.8111E-02	0.1871E-15
0.8420E-02	0.1871E-15
0.8741E-02	0.1871E-15
0.9073E-02	0.1871E-15
0.9419E-02	0.1871E-15
0.9778E-02	0.1871E-15
0.1015E-01	0.1871E-15
0.1054E-01	0.1871E-15
0.1094E-01	0.1871E-15
0.1135E-01	0.1871E-15
0.1179E-01	0.1871E-15
0.1224E-01	0.1871E-15
0.1270E-01	0.1871E-15
0.1319E-01	0.1871E-15
0.1369E-01	0.1871E-15
0.1421E-01	0.1871E-15
0.1475E-01	0.1871E-15
0.1531E-01	0.1871E-15
0.1590E-01	0.1871E-15
0.1650E-01	0.1871E-15
0.1713E-01	0.1871E-15
0.1778E-01	0.1871E-15
0.1846E-01	0.1871E-15
0.1916E-01	0.1871E-15
0.1989E-01	0.1871E-15
0.2065E-01	0.1871E-15
0.2144E-01	0.1871E-15
0.2225E-01	0.1870E-15
0.2310E-01	0.1870E-15
0.2398E-01	0.1870E-15
0.2489E-01	0.1870E-15
0.2584E-01	0.1870E-15
0.2682E-01	0.1870E-15
0.2785E-01	0.1870E-15
0.2891E-01	0.1870E-15
0.3001E-01	0.1870E-15
0.3115E-01	0.1870E-15
0.3234E-01	0.1870E-15
0.3357E-01	0.1870E-15
0.3485E-01	0.1870E-15
0.3617E-01	0.1870E-15
0.3755E-01	0.1870E-15
0.3898E-01	0.1870E-15
0.4047E-01	0.1869E-15
0.4201E-01	0.1869E-15
0.4361E-01	0.1869E-15
0.4527E-01	0.1869E-15
0.4699E-01	0.1869E-15
0.4878E-01	0.1869E-15
0.5064E-01	0.1869E-15
0.5257E-01	0.1868E-15
0.5457E-01	0.1868E-15
0.5665E-01	0.1868E-15
0.5881E-01	0.1868E-15
0.6105E-01	0.1867E-15
0.6337E-01	0.1867E-15
0.6579E-01	0.1867E-15
0.6829E-01	0.1867E-15
0.7089E-01	0.1866E-15
0.7359E-01	0.1866E-15
0.7640E-01	0.1866E-15
0.7931E-01	0.1865E-15
0.8233E-01	0.1865E-15
0.8546E-01	0.1864E-15
0.8872E-01	0.1864E-15
0.9210E-01	0.1863E-15
0.9560E-01	0.1863E-15
0.9924E-01	0.1862E-15
0.1030	0.1861E-15
0.1069	0.1860E-15
0.1110	0.1860E-15
0.1152	0.1859E-15
0.1196	0.1858E-15
0.1242	0.1857E-15
0.1289	0.1856E-15
0.1338	0.1855E-15
0.1389	0.1854E-15
0.1442	0.1852E-15
0.1497	0.1851E-15
0.1554	0.1849E-15
0.1613	0.1848E-15
0.1675	0.1846E-15
0.1739	0.1844E-15
0.1805	0.1843E-15
0.1874	0.1840E-15
0.1945	0.1838E-15
0.2019	0.1836E-15
0.2096	0.1834E-15
0.2176	0.1831E-15
0.2259	0.1828E-15
0.2345	0.1825E-15
0.2434	0.1822E-15
0.2527	0.1819E-15
0.2623	0.1816E-15
0.2723	0.1812E-15
0.2826	0.1808E-15
0.2934	0.1804E-15
0.3046	0.1800E-15
0.3162	0.1795E-15
0.3282	0.1791E-15
0.3407	0.1786E-15
0.3537	0.1781E-15
0.3672	0.1776E-15
0.3812	0.1770E-15
0.3957	0.1764E-15
0.4107	0.1758E-15
0.4264	0.1752E-15
0.4426	0.1746E-15
0.4595	0.1739E-15
0.4770	0.1732E-15
0.4952	0.1725E-15
0.5140	0.1718E-15
0.5336	0.1711E-15
0.5539	0.1703E-15
0.5750	0.1695E-15
0.5969	0.1687E-15
0.6196	0.1679E-15
0.6432	0.1670E-15
0.6677	0.1661E-15
0.6932	0.1653E-15
0.7196	0.1643E-15
0.7470	0.1634E-15
0.7754	0.1625E-15
0.8050	0.1615E-15
0.8356	0.1606E-15
0.8674	0.1596E-15
0.9005	0.1586E-15
0.9348	0.1575E-15
0.9704	0.1565E-15
1.007	0.1555E-15
1.046	0.1544E-15
1.086	0.1533E-15
1.127	0.1523E-15
1.170	0.1512E-15
1.214	0.1501E-15
1.261	0.1489E-15
1.309	0.1478E-15
1.358	0.1467E-15
1.410	0.1456E-15
1.464	0.1444E-15
1.520	0.1433E-15
1.578	0.1421E-15
1.638	0.1410E-15
1.700	0.1398E-15
1.765	0.1387E-15
1.832	0.1375E-15
1.902	0.1364E-15
1.974	0.1352E-15
2.049	0.1341E-15
2.127	0.1329E-15
2.208	0.1318E-15
2.293	0.1307E-15
2.380	0.1295E-15
2.470	0.1284E-15
2.565	0.1274E-15
2.662	0.1263E-15
2.764	0.1252E-15
2.869	0.1242E-15
2.978	0.1231E-15
3.092	0.1221E-15
3.209	0.1211E-15
3.332	0.1202E-15
3.458	0.1192E-15
3.590	0.1183E-15
3.727	0.1174E-15
3.869	0.1166E-15
4.016	0.1157E-15
4.169	0.1149E-15
4.328	0.1142E-15
4.493	0.1134E-15
4.664	0.1127E-15
4.841	0.1121E-15
5.026	0.1114E-15
5.217	0.1108E-15
5.416	0.1103E-15
5.622	0.1098E-15
5.836	0.1093E-15
6.059	0.1089E-15
6.289	0.1085E-15
6.529	0.1082E-15
6.778	0.1079E-15
7.036	0.1077E-15
7.304	0.1075E-15
7.582	0.1074E-15
7.871	0.1073E-15
8.170	0.1073E-15
8.482	0.1073E-15
8.805	0.1074E-15
9.140	0.1075E-15
9.488	0.1076E-15
9.849	0.1078E-15
10.22	0.1080E-15
10.61	0.1082E-15
11.02	0.1085E-15
11.44	0.1088E-15
11.87	0.1090E-15
12.33	0.1094E-15
12.80	0.1097E-15
13.28	0.1100E-15
13.79	0.1103E-15
14.31	0.1106E-15
14.86	0.1110E-15
15.42	0.1113E-15
16.01	0.1116E-15
16.62	0.1118E-15
17.25	0.1121E-15
17.91	0.1124E-15
18.59	0.1126E-15
19.30	0.1128E-15
20.04	0.1130E-15
20.80	0.1132E-15
21.59	0.1134E-15
22.42	0.1135E-15
23.27	0.1136E-15
24.16	0.1136E-15
25.08	0.1137E-15
26.03	0.1136E-15
27.02	0.1136E-15
28.05	0.1135E-15
29.12	0.1133E-15
30.23	0.1131E-15
31.38	0.1129E-15
32.57	0.1126E-15
33.82	0.1122E-15
35.10	0.1118E-15
36.44	0.1113E-15
37.83	0.1107E-15
39.27	0.1101E-15
40.76	0.1093E-15
42.32	0.1085E-15
43.93	0.1076E-15
45.60	0.1066E-15
47.34	0.1056E-15
49.14	0.1044E-15
51.01	0.1032E-15
52.96	0.1019E-15
54.97	0.1005E-15
57.07	0.9900E-16
59.24	0.9745E-16
61.50	0.9584E-16
63.84	0.9418E-16
66.27	0.9246E-16
68.79	0.9070E-16
71.41	0.8890E-16
74.13	0.8707E-16
76.96	0.8522E-16
79.89	0.8335E-16
82.93	0.8147E-16
86.09	0.7960E-16
89.37	0.7772E-16
92.77	0.7586E-16
96.31	0.7400E-16
99.97	0.7217E-16
103.8	0.7035E-16
107.7	0.6856E-16
111.8	0.6680E-16
116.1	0.6506E-16
120.5	0.6335E-16
125.1	0.6167E-16
129.9	0.6003E-16
134.8	0.5840E-16
140.0	0.5682E-16
145.3	0.5526E-16
150.8	0.5373E-16
156.6	0.5223E-16
162.5	0.5076E-16
168.7	0.4932E-16
175.1	0.4791E-16
181.8	0.4652E-16
188.7	0.4516E-16
195.9	0.4383E-16
203.4	0.4252E-16
211.1	0.4123E-16
219.2	0.3998E-16
227.5	0.3875E-16
236.2	0.3754E-16
245.2	0.3636E-16
254.5	0.3520E-16
264.2	0.3406E-16
274.3	0.3295E-16
284.7	0.3186E-16
295.6	0.3079E-16
306.8	0.2975E-16
318.5	0.2874E-16
330.6	0.2774E-16
343.2	0.2677E-16
356.3	0.2582E-16
369.9	0.2489E-16
384.0	0.2398E-16
398.6	0.2310E-16
413.8	0.2224E-16
429.5	0.2140E-16
445.9	0.2058E-16
462.9	0.1979E-16
480.5	0.1901E-16
498.8	0.1825E-16
517.8	0.1752E-16
537.5	0.1681E-16
558.0	0.1611E-16
579.2	0.1544E-16
601.3	0.1478E-16
624.2	0.1415E-16
648.0	0.1353E-16
672.6	0.1294E-16
698.3	0.1236E-16
724.9	0.1180E-16
752.5	0.1127E-16
781.1	0.1075E-16
810.9	0.1024E-16
841.8	0.9760E-17
873.8	0.9291E-17
907.1	0.8842E-17
941.6	0.8410E-17
977.5	0.7996E-17
1015.	0.7596E-17
1053.	0.7210E-17
1094.	0.6842E-17
1135.	0.6490E-17
1178.	0.6153E-17
1223.	0.5830E-17
1270.	0.5523E-17
1318.	0.5227E-17
1368.	0.4942E-17
1421.	0.4673E-17
1475.	0.4416E-17
1531.	0.4172E-17
1589.	0.3939E-17
1650.	0.3720E-17
1712.	0.3509E-17
1778.	0.3308E-17
1845.	0.3116E-17
1916.	0.2935E-17
1989.	0.2760E-17
2064.	0.2597E-17
2143.	0.2442E-17
2225.	0.2297E-17
2309.	0.2158E-17
2397.	0.2026E-17
2489.	0.1903E-17
2583.	0.1784E-17
2682.	0.1673E-17
2784.	0.1567E-17
2890.	0.1467E-17
 
 
C5    F2    Excitation    0.32 eV                               
E/N (Td)	Energy loss coefficient (eV m3/s)
0.1000E-02	0.2063E-15
0.1038E-02	0.2070E-15
0.1078E-02	0.2070E-15
0.1119E-02	0.2070E-15
0.1161E-02	0.2070E-15
0.1205E-02	0.2070E-15
0.1251E-02	0.2070E-15
0.1299E-02	0.2070E-15
0.1349E-02	0.2070E-15
0.1400E-02	0.2070E-15
0.1453E-02	0.2070E-15
0.1509E-02	0.2070E-15
0.1566E-02	0.2070E-15
0.1626E-02	0.2070E-15
0.1688E-02	0.2070E-15
0.1752E-02	0.2070E-15
0.1819E-02	0.2070E-15
0.1888E-02	0.2070E-15
0.1960E-02	0.2070E-15
0.2034E-02	0.2070E-15
0.2112E-02	0.2070E-15
0.2192E-02	0.2070E-15
0.2276E-02	0.2070E-15
0.2362E-02	0.2070E-15
0.2452E-02	0.2070E-15
0.2546E-02	0.2070E-15
0.2643E-02	0.2070E-15
0.2743E-02	0.2070E-15
0.2848E-02	0.2070E-15
0.2956E-02	0.2070E-15
0.3069E-02	0.2070E-15
0.3186E-02	0.2070E-15
0.3307E-02	0.2070E-15
0.3433E-02	0.2070E-15
0.3564E-02	0.2070E-15
0.3700E-02	0.2070E-15
0.3841E-02	0.2070E-15
0.3987E-02	0.2070E-15
0.4139E-02	0.2070E-15
0.4296E-02	0.2070E-15
0.4460E-02	0.2070E-15
0.4630E-02	0.2070E-15
0.4806E-02	0.2070E-15
0.4989E-02	0.2070E-15
0.5179E-02	0.2070E-15
0.5377E-02	0.2070E-15
0.5581E-02	0.2070E-15
0.5794E-02	0.2070E-15
0.6015E-02	0.2070E-15
0.6244E-02	0.2070E-15
0.6481E-02	0.2070E-15
0.6728E-02	0.2070E-15
0.6985E-02	0.2070E-15
0.7251E-02	0.2070E-15
0.7527E-02	0.2070E-15
0.7813E-02	0.2070E-15
0.8111E-02	0.2070E-15
0.8420E-02	0.2070E-15
0.8741E-02	0.2070E-15
0.9073E-02	0.2070E-15
0.9419E-02	0.2070E-15
0.9778E-02	0.2070E-15
0.1015E-01	0.2070E-15
0.1054E-01	0.2070E-15
0.1094E-01	0.2070E-15
0.1135E-01	0.2070E-15
0.1179E-01	0.2070E-15
0.1224E-01	0.2070E-15
0.1270E-01	0.2070E-15
0.1319E-01	0.2070E-15
0.1369E-01	0.2070E-15
0.1421E-01	0.2070E-15
0.1475E-01	0.2070E-15
0.1531E-01	0.2070E-15
0.1590E-01	0.2070E-15
0.1650E-01	0.2070E-15
0.1713E-01	0.2070E-15
0.1778E-01	0.2070E-15
0.1846E-01	0.2070E-15
0.1916E-01	0.2070E-15
0.1989E-01	0.2070E-15
0.2065E-01	0.2070E-15
0.2144E-01	0.2070E-15
0.2225E-01	0.2070E-15
0.2310E-01	0.2070E-15
0.2398E-01	0.2070E-15
0.2489E-01	0.2070E-15
0.2584E-01	0.2070E-15
0.2682E-01	0.2070E-15
0.2785E-01	0.2070E-15
0.2891E-01	0.2070E-15
0.3001E-01	0.2070E-15
0.3115E-01	0.2069E-15
0.3234E-01	0.2069E-15
0.3357E-01	0.2069E-15
0.3485E-01	0.2069E-15
0.3617E-01	0.2069E-15
0.3755E-01	0.2069E-15
0.3898E-01	0.2069E-15
0.4047E-01	0.2069E-15
0.4201E-01	0.2069E-15
0.4361E-01	0.2068E-15
0.4527E-01	0.2068E-15
0.4699E-01	0.2068E-15
0.4878E-01	0.2068E-15
0.5064E-01	0.2068E-15
0.5257E-01	0.2068E-15
0.5457E-01	0.2067E-15
0.5665E-01	0.2067E-15
0.5881E-01	0.2067E-15
0.6105E-01	0.2067E-15
0.6337E-01	0.2066E-15
0.6579E-01	0.2066E-15
0.6829E-01	0.2066E-15
0.7089E-01	0.2065E-15
0.7359E-01	0.2065E-15
0.7640E-01	0.2064E-15
0.7931E-01	0.2064E-15
0.8233E-01	0.2064E-15
0.8546E-01	0.2063E-15
0.8872E-01	0.2062E-15
0.9210E-01	0.2062E-15
0.9560E-01	0.2061E-15
0.9924E-01	0.2060E-15
0.1030	0.2060E-15
0.1069	0.2059E-15
0.1110	0.2058E-15
0.1152	0.2057E-15
0.1196	0.2056E-15
0.1242	0.2055E-15
0.1289	0.2054E-15
0.1338	0.2053E-15
0.1389	0.2051E-15
0.1442	0.2050E-15
0.1497	0.2048E-15
0.1554	0.2047E-15
0.1613	0.2045E-15
0.1675	0.2043E-15
0.1739	0.2041E-15
0.1805	0.2039E-15
0.1874	0.2037E-15
0.1945	0.2034E-15
0.2019	0.2032E-15
0.2096	0.2029E-15
0.2176	0.2026E-15
0.2259	0.2023E-15
0.2345	0.2020E-15
0.2434	0.2017E-15
0.2527	0.2013E-15
0.2623	0.2009E-15
0.2723	0.2005E-15
0.2826	0.2001E-15
0.2934	0.1996E-15
0.3046	0.1992E-15
0.3162	0.1987E-15
0.3282	0.1982E-15
0.3407	0.1976E-15
0.3537	0.1971E-15
0.3672	0.1965E-15
0.3812	0.1959E-15
0.3957	0.1952E-15
0.4107	0.1946E-15
0.4264	0.1939E-15
0.4426	0.1932E-15
0.4595	0.1924E-15
0.4770	0.1917E-15
0.4952	0.1909E-15
0.5140	0.1901E-15
0.5336	0.1893E-15
0.5539	0.1884E-15
0.5750	0.1875E-15
0.5969	0.1866E-15
0.6196	0.1857E-15
0.6432	0.1848E-15
0.6677	0.1838E-15
0.6932	0.1828E-15
0.7196	0.1818E-15
0.7470	0.1808E-15
0.7754	0.1798E-15
0.8050	0.1787E-15
0.8356	0.1776E-15
0.8674	0.1765E-15
0.9005	0.1754E-15
0.9348	0.1743E-15
0.9704	0.1731E-15
1.007	0.1720E-15
1.046	0.1708E-15
1.086	0.1696E-15
1.127	0.1684E-15
1.170	0.1672E-15
1.214	0.1659E-15
1.261	0.1647E-15
1.309	0.1634E-15
1.358	0.1622E-15
1.410	0.1609E-15
1.464	0.1597E-15
1.520	0.1584E-15
1.578	0.1571E-15
1.638	0.1558E-15
1.700	0.1545E-15
1.765	0.1532E-15
1.832	0.1519E-15
1.902	0.1507E-15
1.974	0.1494E-15
2.049	0.1481E-15
2.127	0.1468E-15
2.208	0.1456E-15
2.293	0.1443E-15
2.380	0.1431E-15
2.470	0.1418E-15
2.565	0.1406E-15
2.662	0.1394E-15
2.764	0.1382E-15
2.869	0.1370E-15
2.978	0.1359E-15
3.092	0.1347E-15
3.209	0.1336E-15
3.332	0.1325E-15
3.458	0.1315E-15
3.590	0.1304E-15
3.727	0.1294E-15
3.869	0.1284E-15
4.016	0.1275E-15
4.169	0.1266E-15
4.328	0.1257E-15
4.493	0.1248E-15
4.664	0.1240E-15
4.841	0.1233E-15
5.026	0.1225E-15
5.217	0.1219E-15
5.416	0.1212E-15
5.622	0.1206E-15
5.836	0.1201E-15
6.059	0.1196E-15
6.289	0.1191E-15
6.529	0.1188E-15
6.778	0.1184E-15
7.036	0.1181E-15
7.304	0.1179E-15
7.582	0.1177E-15
7.871	0.1176E-15
8.170	0.1175E-15
8.482	0.1175E-15
8.805	0.1175E-15
9.140	0.1176E-15
9.488	0.1177E-15
9.849	0.1178E-15
10.22	0.1180E-15
10.61	0.1182E-15
11.02	0.1184E-15
11.44	0.1187E-15
11.87	0.1190E-15
12.33	0.1192E-15
12.80	0.1195E-15
13.28	0.1198E-15
13.79	0.1201E-15
14.31	0.1204E-15
14.86	0.1207E-15
15.42	0.1209E-15
16.01	0.1212E-15
16.62	0.1214E-15
17.25	0.1217E-15
17.91	0.1219E-15
18.59	0.1220E-15
19.30	0.1222E-15
20.04	0.1223E-15
20.80	0.1224E-15
21.59	0.1225E-15
22.42	0.1225E-15
23.27	0.1225E-15
24.16	0.1225E-15
25.08	0.1224E-15
26.03	0.1223E-15
27.02	0.1221E-15
28.05	0.1219E-15
29.12	0.1217E-15
30.23	0.1214E-15
31.38	0.1210E-15
32.57	0.1205E-15
33.82	0.1201E-15
35.10	0.1195E-15
36.44	0.1188E-15
37.83	0.1181E-15
39.27	0.1173E-15
40.76	0.1165E-15
42.32	0.1155E-15
43.93	0.1145E-15
45.60	0.1133E-15
47.34	0.1121E-15
49.14	0.1108E-15
51.01	0.1094E-15
52.96	0.1080E-15
54.97	0.1064E-15
57.07	0.1048E-15
59.24	0.1031E-15
61.50	0.1013E-15
63.84	0.9950E-16
66.27	0.9763E-16
68.79	0.9572E-16
71.41	0.9377E-16
74.13	0.9180E-16
76.96	0.8980E-16
79.89	0.8780E-16
82.93	0.8578E-16
86.09	0.8377E-16
89.37	0.8177E-16
92.77	0.7978E-16
96.31	0.7780E-16
99.97	0.7585E-16
103.8	0.7392E-16
107.7	0.7202E-16
111.8	0.7015E-16
116.1	0.6831E-16
120.5	0.6650E-16
125.1	0.6472E-16
129.9	0.6298E-16
134.8	0.6127E-16
140.0	0.5959E-16
145.3	0.5795E-16
150.8	0.5634E-16
156.6	0.5476E-16
162.5	0.5322E-16
168.7	0.5170E-16
175.1	0.5022E-16
181.8	0.4876E-16
188.7	0.4733E-16
195.9	0.4593E-16
203.4	0.4456E-16
211.1	0.4321E-16
219.2	0.4190E-16
227.5	0.4060E-16
236.2	0.3934E-16
245.2	0.3810E-16
254.5	0.3688E-16
264.2	0.3569E-16
274.3	0.3453E-16
284.7	0.3338E-16
295.6	0.3227E-16
306.8	0.3118E-16
318.5	0.3012E-16
330.6	0.2907E-16
343.2	0.2805E-16
356.3	0.2706E-16
369.9	0.2609E-16
384.0	0.2514E-16
398.6	0.2421E-16
413.8	0.2331E-16
429.5	0.2243E-16
445.9	0.2158E-16
462.9	0.2074E-16
480.5	0.1993E-16
498.8	0.1914E-16
517.8	0.1837E-16
537.5	0.1762E-16
558.0	0.1689E-16
579.2	0.1619E-16
601.3	0.1550E-16
624.2	0.1484E-16
648.0	0.1419E-16
672.6	0.1357E-16
698.3	0.1296E-16
724.9	0.1238E-16
752.5	0.1182E-16
781.1	0.1127E-16
810.9	0.1075E-16
841.8	0.1024E-16
873.8	0.9746E-17
907.1	0.9275E-17
941.6	0.8822E-17
977.5	0.8388E-17
1015.	0.7969E-17
1053.	0.7563E-17
1094.	0.7178E-17
1135.	0.6808E-17
1178.	0.6455E-17
1223.	0.6116E-17
1270.	0.5794E-17
1318.	0.5484E-17
1368.	0.5185E-17
1421.	0.4903E-17
1475.	0.4634E-17
1531.	0.4377E-17
1589.	0.4132E-17
1650.	0.3902E-17
1712.	0.3681E-17
1778.	0.3470E-17
1845.	0.3269E-17
1916.	0.3079E-17
1989.	0.2895E-17
2064.	0.2725E-17
2143.	0.2562E-17
2225.	0.2410E-17
2309.	0.2264E-17
2397.	0.2126E-17
2489.	0.1996E-17
2583.	0.1872E-17
2682.	0.1755E-17
2784.	0.1644E-17
2890.	0.1539E-17
 
 
C6    F2    Excitation    0.42 eV                               
E/N (Td)	Energy loss coefficient (eV m3/s)
0.1000E-02	0.9449E-16
0.1038E-02	0.9484E-16
0.1078E-02	0.9484E-16
0.1119E-02	0.9484E-16
0.1161E-02	0.9484E-16
0.1205E-02	0.9484E-16
0.1251E-02	0.9484E-16
0.1299E-02	0.9484E-16
0.1349E-02	0.9484E-16
0.1400E-02	0.9484E-16
0.1453E-02	0.9484E-16
0.1509E-02	0.9484E-16
0.1566E-02	0.9484E-16
0.1626E-02	0.9484E-16
0.1688E-02	0.9484E-16
0.1752E-02	0.9484E-16
0.1819E-02	0.9484E-16
0.1888E-02	0.9484E-16
0.1960E-02	0.9484E-16
0.2034E-02	0.9484E-16
0.2112E-02	0.9484E-16
0.2192E-02	0.9484E-16
0.2276E-02	0.9484E-16
0.2362E-02	0.9484E-16
0.2452E-02	0.9484E-16
0.2546E-02	0.9484E-16
0.2643E-02	0.9484E-16
0.2743E-02	0.9484E-16
0.2848E-02	0.9484E-16
0.2956E-02	0.9484E-16
0.3069E-02	0.9484E-16
0.3186E-02	0.9484E-16
0.3307E-02	0.9484E-16
0.3433E-02	0.9484E-16
0.3564E-02	0.9484E-16
0.3700E-02	0.9484E-16
0.3841E-02	0.9484E-16
0.3987E-02	0.9484E-16
0.4139E-02	0.9484E-16
0.4296E-02	0.9484E-16
0.4460E-02	0.9484E-16
0.4630E-02	0.9484E-16
0.4806E-02	0.9484E-16
0.4989E-02	0.9484E-16
0.5179E-02	0.9484E-16
0.5377E-02	0.9484E-16
0.5581E-02	0.9484E-16
0.5794E-02	0.9484E-16
0.6015E-02	0.9484E-16
0.6244E-02	0.9484E-16
0.6481E-02	0.9484E-16
0.6728E-02	0.9484E-16
0.6985E-02	0.9484E-16
0.7251E-02	0.9484E-16
0.7527E-02	0.9484E-16
0.7813E-02	0.9484E-16
0.8111E-02	0.9484E-16
0.8420E-02	0.9484E-16
0.8741E-02	0.9484E-16
0.9073E-02	0.9484E-16
0.9419E-02	0.9484E-16
0.9778E-02	0.9484E-16
0.1015E-01	0.9484E-16
0.1054E-01	0.9484E-16
0.1094E-01	0.9484E-16
0.1135E-01	0.9484E-16
0.1179E-01	0.9483E-16
0.1224E-01	0.9483E-16
0.1270E-01	0.9483E-16
0.1319E-01	0.9483E-16
0.1369E-01	0.9483E-16
0.1421E-01	0.9483E-16
0.1475E-01	0.9483E-16
0.1531E-01	0.9483E-16
0.1590E-01	0.9483E-16
0.1650E-01	0.9483E-16
0.1713E-01	0.9483E-16
0.1778E-01	0.9483E-16
0.1846E-01	0.9482E-16
0.1916E-01	0.9482E-16
0.1989E-01	0.9482E-16
0.2065E-01	0.9482E-16
0.2144E-01	0.9482E-16
0.2225E-01	0.9482E-16
0.2310E-01	0.9482E-16
0.2398E-01	0.9481E-16
0.2489E-01	0.9481E-16
0.2584E-01	0.9481E-16
0.2682E-01	0.9481E-16
0.2785E-01	0.9480E-16
0.2891E-01	0.9480E-16
0.3001E-01	0.9480E-16
0.3115E-01	0.9479E-16
0.3234E-01	0.9479E-16
0.3357E-01	0.9479E-16
0.3485E-01	0.9478E-16
0.3617E-01	0.9478E-16
0.3755E-01	0.9477E-16
0.3898E-01	0.9477E-16
0.4047E-01	0.9476E-16
0.4201E-01	0.9475E-16
0.4361E-01	0.9475E-16
0.4527E-01	0.9474E-16
0.4699E-01	0.9473E-16
0.4878E-01	0.9472E-16
0.5064E-01	0.9471E-16
0.5257E-01	0.9470E-16
0.5457E-01	0.9469E-16
0.5665E-01	0.9468E-16
0.5881E-01	0.9467E-16
0.6105E-01	0.9466E-16
0.6337E-01	0.9464E-16
0.6579E-01	0.9463E-16
0.6829E-01	0.9461E-16
0.7089E-01	0.9459E-16
0.7359E-01	0.9457E-16
0.7640E-01	0.9455E-16
0.7931E-01	0.9453E-16
0.8233E-01	0.9451E-16
0.8546E-01	0.9448E-16
0.8872E-01	0.9445E-16
0.9210E-01	0.9442E-16
0.9560E-01	0.9439E-16
0.9924E-01	0.9436E-16
0.1030	0.9432E-16
0.1069	0.9428E-16
0.1110	0.9424E-16
0.1152	0.9419E-16
0.1196	0.9414E-16
0.1242	0.9409E-16
0.1289	0.9404E-16
0.1338	0.9398E-16
0.1389	0.9391E-16
0.1442	0.9384E-16
0.1497	0.9377E-16
0.1554	0.9369E-16
0.1613	0.9361E-16
0.1675	0.9352E-16
0.1739	0.9343E-16
0.1805	0.9332E-16
0.1874	0.9322E-16
0.1945	0.9310E-16
0.2019	0.9298E-16
0.2096	0.9285E-16
0.2176	0.9271E-16
0.2259	0.9256E-16
0.2345	0.9241E-16
0.2434	0.9225E-16
0.2527	0.9207E-16
0.2623	0.9189E-16
0.2723	0.9170E-16
0.2826	0.9149E-16
0.2934	0.9128E-16
0.3046	0.9106E-16
0.3162	0.9082E-16
0.3282	0.9057E-16
0.3407	0.9032E-16
0.3537	0.9005E-16
0.3672	0.8976E-16
0.3812	0.8947E-16
0.3957	0.8917E-16
0.4107	0.8885E-16
0.4264	0.8852E-16
0.4426	0.8818E-16
0.4595	0.8783E-16
0.4770	0.8747E-16
0.4952	0.8710E-16
0.5140	0.8671E-16
0.5336	0.8632E-16
0.5539	0.8591E-16
0.5750	0.8549E-16
0.5969	0.8507E-16
0.6196	0.8463E-16
0.6432	0.8418E-16
0.6677	0.8372E-16
0.6932	0.8326E-16
0.7196	0.8278E-16
0.7470	0.8230E-16
0.7754	0.8180E-16
0.8050	0.8130E-16
0.8356	0.8079E-16
0.8674	0.8027E-16
0.9005	0.7975E-16
0.9348	0.7921E-16
0.9704	0.7867E-16
1.007	0.7813E-16
1.046	0.7757E-16
1.086	0.7701E-16
1.127	0.7645E-16
1.170	0.7588E-16
1.214	0.7530E-16
1.261	0.7472E-16
1.309	0.7414E-16
1.358	0.7355E-16
1.410	0.7296E-16
1.464	0.7237E-16
1.520	0.7178E-16
1.578	0.7119E-16
1.638	0.7059E-16
1.700	0.6999E-16
1.765	0.6939E-16
1.832	0.6880E-16
1.902	0.6820E-16
1.974	0.6761E-16
2.049	0.6702E-16
2.127	0.6643E-16
2.208	0.6585E-16
2.293	0.6527E-16
2.380	0.6469E-16
2.470	0.6412E-16
2.565	0.6356E-16
2.662	0.6301E-16
2.764	0.6246E-16
2.869	0.6192E-16
2.978	0.6139E-16
3.092	0.6087E-16
3.209	0.6037E-16
3.332	0.5987E-16
3.458	0.5938E-16
3.590	0.5891E-16
3.727	0.5845E-16
3.869	0.5801E-16
4.016	0.5758E-16
4.169	0.5716E-16
4.328	0.5677E-16
4.493	0.5639E-16
4.664	0.5602E-16
4.841	0.5568E-16
5.026	0.5536E-16
5.217	0.5505E-16
5.416	0.5477E-16
5.622	0.5451E-16
5.836	0.5427E-16
6.059	0.5406E-16
6.289	0.5387E-16
6.529	0.5370E-16
6.778	0.5356E-16
7.036	0.5344E-16
7.304	0.5335E-16
7.582	0.5328E-16
7.871	0.5323E-16
8.170	0.5322E-16
8.482	0.5322E-16
8.805	0.5324E-16
9.140	0.5329E-16
9.488	0.5336E-16
9.849	0.5344E-16
10.22	0.5354E-16
10.61	0.5365E-16
11.02	0.5377E-16
11.44	0.5390E-16
11.87	0.5404E-16
12.33	0.5418E-16
12.80	0.5433E-16
13.28	0.5448E-16
13.79	0.5463E-16
14.31	0.5477E-16
14.86	0.5491E-16
15.42	0.5504E-16
16.01	0.5517E-16
16.62	0.5529E-16
17.25	0.5540E-16
17.91	0.5550E-16
18.59	0.5559E-16
19.30	0.5566E-16
20.04	0.5573E-16
20.80	0.5578E-16
21.59	0.5581E-16
22.42	0.5583E-16
23.27	0.5583E-16
24.16	0.5582E-16
25.08	0.5578E-16
26.03	0.5573E-16
27.02	0.5565E-16
28.05	0.5556E-16
29.12	0.5544E-16
30.23	0.5529E-16
31.38	0.5512E-16
32.57	0.5492E-16
33.82	0.5468E-16
35.10	0.5442E-16
36.44	0.5413E-16
37.83	0.5380E-16
39.27	0.5343E-16
40.76	0.5303E-16
42.32	0.5258E-16
43.93	0.5210E-16
45.60	0.5158E-16
47.34	0.5102E-16
49.14	0.5042E-16
51.01	0.4979E-16
52.96	0.4911E-16
54.97	0.4840E-16
57.07	0.4766E-16
59.24	0.4688E-16
61.50	0.4608E-16
63.84	0.4524E-16
66.27	0.4439E-16
68.79	0.4352E-16
71.41	0.4263E-16
74.13	0.4173E-16
76.96	0.4082E-16
79.89	0.3991E-16
82.93	0.3899E-16
86.09	0.3807E-16
89.37	0.3716E-16
92.77	0.3625E-16
96.31	0.3536E-16
99.97	0.3447E-16
103.8	0.3359E-16
107.7	0.3272E-16
111.8	0.3187E-16
116.1	0.3104E-16
120.5	0.3021E-16
125.1	0.2941E-16
129.9	0.2861E-16
134.8	0.2784E-16
140.0	0.2707E-16
145.3	0.2633E-16
150.8	0.2560E-16
156.6	0.2488E-16
162.5	0.2418E-16
168.7	0.2349E-16
175.1	0.2281E-16
181.8	0.2215E-16
188.7	0.2150E-16
195.9	0.2087E-16
203.4	0.2024E-16
211.1	0.1963E-16
219.2	0.1904E-16
227.5	0.1845E-16
236.2	0.1787E-16
245.2	0.1731E-16
254.5	0.1676E-16
264.2	0.1622E-16
274.3	0.1569E-16
284.7	0.1517E-16
295.6	0.1466E-16
306.8	0.1417E-16
318.5	0.1369E-16
330.6	0.1321E-16
343.2	0.1275E-16
356.3	0.1230E-16
369.9	0.1186E-16
384.0	0.1143E-16
398.6	0.1101E-16
413.8	0.1060E-16
429.5	0.1020E-16
445.9	0.9809E-17
462.9	0.9430E-17
480.5	0.9060E-17
498.8	0.8701E-17
517.8	0.8351E-17
537.5	0.8012E-17
558.0	0.7680E-17
579.2	0.7360E-17
601.3	0.7049E-17
624.2	0.6747E-17
648.0	0.6454E-17
672.6	0.6170E-17
698.3	0.5895E-17
724.9	0.5630E-17
752.5	0.5374E-17
781.1	0.5126E-17
810.9	0.4887E-17
841.8	0.4656E-17
873.8	0.4433E-17
907.1	0.4218E-17
941.6	0.4012E-17
977.5	0.3815E-17
1015.	0.3624E-17
1053.	0.3440E-17
1094.	0.3265E-17
1135.	0.3097E-17
1178.	0.2936E-17
1223.	0.2782E-17
1270.	0.2635E-17
1318.	0.2495E-17
1368.	0.2358E-17
1421.	0.2230E-17
1475.	0.2108E-17
1531.	0.1991E-17
1589.	0.1880E-17
1650.	0.1775E-17
1712.	0.1674E-17
1778.	0.1579E-17
1845.	0.1487E-17
1916.	0.1401E-17
1989.	0.1317E-17
2064.	0.1239E-17
2143.	0.1166E-17
2225.	0.1096E-17
2309.	0.1030E-17
2397.	0.9671E-18
2489.	0.9080E-18
2583.	0.8516E-18
2682.	0.7984E-18
2784.	0.7479E-18
2890.	0.7001E-18
 
 
C7    F2    Excitation    11.57 eV                              
E/N (Td)	Energy loss coefficient (eV m3/s)
0.1000E-02	-0.1582-207
0.1038E-02	-0.1580-207
0.1078E-02	-0.1580-207
0.1119E-02	-0.1580-207
0.1161E-02	-0.1580-207
0.1205E-02	-0.1580-207
0.1251E-02	-0.1580-207
0.1299E-02	-0.1580-207
0.1349E-02	-0.1580-207
0.1400E-02	-0.1580-207
0.1453E-02	-0.1580-207
0.1509E-02	-0.1580-207
0.1566E-02	-0.1580-207
0.1626E-02	-0.1580-207
0.1688E-02	-0.1580-207
0.1752E-02	-0.1580-207
0.1819E-02	-0.1580-207
0.1888E-02	-0.1580-207
0.1960E-02	-0.1580-207
0.2034E-02	-0.1580-207
0.2112E-02	-0.1580-207
0.2192E-02	-0.1580-207
0.2276E-02	-0.1580-207
0.2362E-02	-0.1580-207
0.2452E-02	-0.1580-207
0.2546E-02	-0.1580-207
0.2643E-02	-0.1580-207
0.2743E-02	-0.1580-207
0.2848E-02	-0.1580-207
0.2956E-02	-0.1580-207
0.3069E-02	-0.1580-207
0.3186E-02	-0.1580-207
0.3307E-02	-0.1580-207
0.3433E-02	-0.1580-207
0.3564E-02	-0.1580-207
0.3700E-02	-0.1580-207
0.3841E-02	-0.1580-207
0.3987E-02	-0.1580-207
0.4139E-02	-0.1580-207
0.4296E-02	-0.1580-207
0.4460E-02	-0.1580-207
0.4630E-02	-0.1580-207
0.4806E-02	-0.1580-207
0.4989E-02	-0.1580-207
0.5179E-02	-0.1580-207
0.5377E-02	-0.1580-207
0.5581E-02	-0.1580-207
0.5794E-02	-0.1580-207
0.6015E-02	-0.1580-207
0.6244E-02	-0.1580-207
0.6481E-02	-0.1580-207
0.6728E-02	-0.1580-207
0.6985E-02	-0.1580-207
0.7251E-02	-0.1580-207
0.7527E-02	-0.1580-207
0.7813E-02	-0.1580-207
0.8111E-02	-0.1580-207
0.8420E-02	-0.1580-207
0.8741E-02	-0.1580-207
0.9073E-02	-0.1580-207
0.9419E-02	-0.1580-207
0.9778E-02	-0.1580-207
0.1015E-01	-0.1580-207
0.1054E-01	-0.1580-207
0.1094E-01	-0.1580-207
0.1135E-01	-0.1580-207
0.1179E-01	-0.1580-207
0.1224E-01	-0.1580-207
0.1270E-01	-0.1580-207
0.1319E-01	-0.1580-207
0.1369E-01	-0.1580-207
0.1421E-01	-0.1580-207
0.1475E-01	-0.1580-207
0.1531E-01	-0.1580-207
0.1590E-01	-0.1580-207
0.1650E-01	-0.1580-207
0.1713E-01	-0.1580-207
0.1778E-01	-0.1580-207
0.1846E-01	-0.1580-207
0.1916E-01	-0.1580-207
0.1989E-01	-0.1580-207
0.2065E-01	-0.1580-207
0.2144E-01	-0.1580-207
0.2225E-01	-0.1580-207
0.2310E-01	-0.1580-207
0.2398E-01	-0.1580-207
0.2489E-01	-0.1580-207
0.2584E-01	-0.1580-207
0.2682E-01	-0.1580-207
0.2785E-01	-0.1580-207
0.2891E-01	-0.1580-207
0.3001E-01	-0.1580-207
0.3115E-01	-0.1580-207
0.3234E-01	-0.1580-207
0.3357E-01	-0.1580-207
0.3485E-01	-0.1580-207
0.3617E-01	-0.1581-207
0.3755E-01	-0.1581-207
0.3898E-01	-0.1581-207
0.4047E-01	-0.1581-207
0.4201E-01	-0.1581-207
0.4361E-01	-0.1581-207
0.4527E-01	-0.1581-207
0.4699E-01	-0.1581-207
0.4878E-01	-0.1581-207
0.5064E-01	-0.1581-207
0.5257E-01	-0.1581-207
0.5457E-01	-0.1581-207
0.5665E-01	-0.1581-207
0.5881E-01	-0.1581-207
0.6105E-01	-0.1581-207
0.6337E-01	-0.1581-207
0.6579E-01	-0.1582-207
0.6829E-01	-0.1582-207
0.7089E-01	-0.1582-207
0.7359E-01	-0.1582-207
0.7640E-01	-0.1582-207
0.7931E-01	-0.1582-207
0.8233E-01	-0.1582-207
0.8546E-01	-0.1583-207
0.8872E-01	-0.1583-207
0.9210E-01	-0.1583-207
0.9560E-01	-0.1583-207
0.9924E-01	-0.1583-207
0.1030	-0.1584-207
0.1069	-0.1584-207
0.1110	-0.1584-207
0.1152	-0.1585-207
0.1196	-0.1585-207
0.1242	-0.1585-207
0.1289	-0.1586-207
0.1338	-0.1586-207
0.1389	-0.1586-207
0.1442	-0.1587-207
0.1497	-0.1587-207
0.1554	-0.1588-207
0.1613	-0.1589-207
0.1675	-0.1589-207
0.1739	-0.1590-207
0.1805	-0.1591-207
0.1874	-0.1591-207
0.1945	-0.1592-207
0.2019	-0.1593-207
0.2096	-0.1594-207
0.2176	-0.1595-207
0.2259	-0.1596-207
0.2345	-0.1597-207
0.2434	-0.1598-207
0.2527	-0.1600-207
0.2623	-0.1601-207
0.2723	-0.1602-207
0.2826	-0.1604-207
0.2934	-0.1605-207
0.3046	-0.1607-207
0.3162	-0.1609-207
0.3282	-0.1611-207
0.3407	-0.1612-207
0.3537	-0.1615-207
0.3672	-0.1617-207
0.3812	-0.1619-207
0.3957	-0.1621-207
0.4107	-0.1624-207
0.4264	-0.1626-207
0.4426	-0.1629-207
0.4595	-0.1632-207
0.4770	-0.1634-207
0.4952	-0.1637-207
0.5140	-0.1641-207
0.5336	-0.1644-207
0.5539	-0.1647-207
0.5750	-0.1651-207
0.5969	-0.1654-207
0.6196	-0.1658-207
0.6432	-0.1662-207
0.6677	-0.1666-207
0.6932	-0.1670-207
0.7196	-0.1674-207
0.7470	-0.1678-207
0.7754	-0.1683-207
0.8050	-0.1687-207
0.8356	-0.1692-207
0.8674	-0.1697-207
0.9005	-0.1702-207
0.9348	-0.1707-207
0.9704	-0.1712-207
1.007	-0.1718-207
1.046	-0.1723-207
1.086	-0.1729-207
1.127	-0.1735-207
1.170	-0.1741-207
1.214	-0.1747-207
1.261	-0.1753-207
1.309	-0.1759-207
1.358	-0.1766-207
1.410	-0.1773-207
1.464	-0.1779-207
1.520	-0.1786-207
1.578	-0.1793-207
1.638	-0.1801-207
1.700	-0.1808-207
1.765	-0.1816-207
1.832	-0.1823-207
1.902	-0.1831-207
1.974	-0.1839-207
2.049	-0.1847-207
2.127	-0.1855-207
2.208	-0.1864-207
2.293	-0.1872-207
2.380	-0.1881-207
2.470	-0.1889-207
2.565	-0.1898-207
2.662	-0.1907-207
2.764	-0.1916-207
2.869	-0.1925-207
2.978	-0.1934-207
3.092	-0.1943-207
3.209	-0.1953-207
3.332	-0.1962-207
3.458	-0.1971-207
3.590	-0.1981-207
3.727	-0.1990-207
3.869	-0.2000-207
4.016	-0.2009-207
4.169	-0.2019-207
4.328	-0.2029-207
4.493	-0.2038-207
4.664	-0.2048-207
4.841	-0.2057-207
5.026	-0.2067-207
5.217	-0.2077-207
5.416	-0.2086-207
5.622	-0.2096-207
5.836	-0.2105-207
6.059	-0.2114-207
6.289	-0.2124-207
6.529	-0.2133-207
6.778	-0.2142-207
7.036	-0.2151-207
7.304	-0.2160-207
7.582	-0.2168-207
7.871	-0.2177-207
8.170	-0.2185-207
8.482	-0.2194-207
8.805	-0.2202-207
9.140	0.2113E-26
9.488	0.5732E-26
9.849	0.1498E-25
10.22	0.3780E-25
10.61	0.9216E-25
11.02	0.2173E-24
11.44	0.6822E-24
11.87	0.1549E-23
12.33	0.3418E-23
12.80	0.7342E-23
13.28	0.1537E-22
13.79	0.3136E-22
14.31	0.6333E-22
14.86	0.1235E-21
15.42	0.2356E-21
16.01	0.4402E-21
16.62	0.8062E-21
17.25	0.1449E-20
17.91	0.2565E-20
18.59	0.4445E-20
19.30	0.7577E-20
20.04	0.1271E-19
20.80	0.2099E-19
21.59	0.3416E-19
22.42	0.5482E-19
23.27	0.8693E-19
24.16	0.1358E-18
25.08	0.2093E-18
26.03	0.3189E-18
27.02	0.4800E-18
28.05	0.7143E-18
29.12	0.1051E-17
30.23	0.1532E-17
31.38	0.2206E-17
32.57	0.3145E-17
33.82	0.4439E-17
35.10	0.6203E-17
36.44	0.8585E-17
37.83	0.1177E-16
39.27	0.1599E-16
40.76	0.2152E-16
42.32	0.2870E-16
43.93	0.3794E-16
45.60	0.4971E-16
47.34	0.6457E-16
49.14	0.8319E-16
51.01	0.1062E-15
52.96	0.1346E-15
54.97	0.1691E-15
57.07	0.2108E-15
59.24	0.2608E-15
61.50	0.3203E-15
63.84	0.3903E-15
66.27	0.4723E-15
68.79	0.5676E-15
71.41	0.6775E-15
74.13	0.8033E-15
76.96	0.9467E-15
79.89	0.1109E-14
82.93	0.1291E-14
86.09	0.1495E-14
89.37	0.1722E-14
92.77	0.1973E-14
96.31	0.2250E-14
99.97	0.2554E-14
103.8	0.2886E-14
107.7	0.3247E-14
111.8	0.3640E-14
116.1	0.4064E-14
120.5	0.4521E-14
125.1	0.5012E-14
129.9	0.5539E-14
134.8	0.6102E-14
140.0	0.6704E-14
145.3	0.7345E-14
150.8	0.8027E-14
156.6	0.8751E-14
162.5	0.9519E-14
168.7	0.1033E-13
175.1	0.1119E-13
181.8	0.1210E-13
188.7	0.1306E-13
195.9	0.1407E-13
203.4	0.1513E-13
211.1	0.1625E-13
219.2	0.1743E-13
227.5	0.1866E-13
236.2	0.1996E-13
245.2	0.2132E-13
254.5	0.2275E-13
264.2	0.2425E-13
274.3	0.2582E-13
284.7	0.2746E-13
295.6	0.2917E-13
306.8	0.3096E-13
318.5	0.3283E-13
330.6	0.3478E-13
343.2	0.3681E-13
356.3	0.3893E-13
369.9	0.4114E-13
384.0	0.4343E-13
398.6	0.4582E-13
413.8	0.4829E-13
429.5	0.5087E-13
445.9	0.5353E-13
462.9	0.5629E-13
480.5	0.5915E-13
498.8	0.6210E-13
517.8	0.6515E-13
537.5	0.6829E-13
558.0	0.7154E-13
579.2	0.7488E-13
601.3	0.7831E-13
624.2	0.8184E-13
648.0	0.8545E-13
672.6	0.8916E-13
698.3	0.9295E-13
724.9	0.9682E-13
752.5	0.1008E-12
781.1	0.1048E-12
810.9	0.1089E-12
841.8	0.1131E-12
873.8	0.1173E-12
907.1	0.1216E-12
941.6	0.1259E-12
977.5	0.1303E-12
1015.	0.1347E-12
1053.	0.1391E-12
1094.	0.1436E-12
1135.	0.1481E-12
1178.	0.1525E-12
1223.	0.1570E-12
1270.	0.1615E-12
1318.	0.1660E-12
1368.	0.1705E-12
1421.	0.1749E-12
1475.	0.1793E-12
1531.	0.1837E-12
1589.	0.1880E-12
1650.	0.1922E-12
1712.	0.1965E-12
1778.	0.2006E-12
1845.	0.2047E-12
1916.	0.2087E-12
1989.	0.2126E-12
2064.	0.2164E-12
2143.	0.2201E-12
2225.	0.2238E-12
2309.	0.2273E-12
2397.	0.2308E-12
2489.	0.2341E-12
2583.	0.2373E-12
2682.	0.2404E-12
2784.	0.2434E-12
2890.	0.2463E-12
 
 
C8    F2    Excitation    13.08 eV                              
E/N (Td)	Energy loss coefficient (eV m3/s)
0.1000E-02	-0.4575-234
0.1038E-02	-0.4569-234
0.1078E-02	-0.4569-234
0.1119E-02	-0.4569-234
0.1161E-02	-0.4569-234
0.1205E-02	-0.4569-234
0.1251E-02	-0.4569-234
0.1299E-02	-0.4569-234
0.1349E-02	-0.4569-234
0.1400E-02	-0.4569-234
0.1453E-02	-0.4569-234
0.1509E-02	-0.4569-234
0.1566E-02	-0.4569-234
0.1626E-02	-0.4569-234
0.1688E-02	-0.4569-234
0.1752E-02	-0.4569-234
0.1819E-02	-0.4569-234
0.1888E-02	-0.4569-234
0.1960E-02	-0.4569-234
0.2034E-02	-0.4569-234
0.2112E-02	-0.4569-234
0.2192E-02	-0.4569-234
0.2276E-02	-0.4569-234
0.2362E-02	-0.4569-234
0.2452E-02	-0.4569-234
0.2546E-02	-0.4569-234
0.2643E-02	-0.4569-234
0.2743E-02	-0.4569-234
0.2848E-02	-0.4569-234
0.2956E-02	-0.4569-234
0.3069E-02	-0.4569-234
0.3186E-02	-0.4569-234
0.3307E-02	-0.4569-234
0.3433E-02	-0.4569-234
0.3564E-02	-0.4569-234
0.3700E-02	-0.4569-234
0.3841E-02	-0.4569-234
0.3987E-02	-0.4569-234
0.4139E-02	-0.4569-234
0.4296E-02	-0.4569-234
0.4460E-02	-0.4569-234
0.4630E-02	-0.4569-234
0.4806E-02	-0.4569-234
0.4989E-02	-0.4569-234
0.5179E-02	-0.4569-234
0.5377E-02	-0.4569-234
0.5581E-02	-0.4569-234
0.5794E-02	-0.4569-234
0.6015E-02	-0.4569-234
0.6244E-02	-0.4569-234
0.6481E-02	-0.4569-234
0.6728E-02	-0.4569-234
0.6985E-02	-0.4569-234
0.7251E-02	-0.4569-234
0.7527E-02	-0.4569-234
0.7813E-02	-0.4569-234
0.8111E-02	-0.4569-234
0.8420E-02	-0.4569-234
0.8741E-02	-0.4569-234
0.9073E-02	-0.4569-234
0.9419E-02	-0.4569-234
0.9778E-02	-0.4569-234
0.1015E-01	-0.4569-234
0.1054E-01	-0.4569-234
0.1094E-01	-0.4569-234
0.1135E-01	-0.4569-234
0.1179E-01	-0.4569-234
0.1224E-01	-0.4569-234
0.1270E-01	-0.4569-234
0.1319E-01	-0.4569-234
0.1369E-01	-0.4569-234
0.1421E-01	-0.4569-234
0.1475E-01	-0.4569-234
0.1531E-01	-0.4569-234
0.1590E-01	-0.4569-234
0.1650E-01	-0.4569-234
0.1713E-01	-0.4569-234
0.1778E-01	-0.4569-234
0.1846E-01	-0.4569-234
0.1916E-01	-0.4569-234
0.1989E-01	-0.4569-234
0.2065E-01	-0.4569-234
0.2144E-01	-0.4569-234
0.2225E-01	-0.4569-234
0.2310E-01	-0.4569-234
0.2398E-01	-0.4569-234
0.2489E-01	-0.4570-234
0.2584E-01	-0.4570-234
0.2682E-01	-0.4570-234
0.2785E-01	-0.4570-234
0.2891E-01	-0.4570-234
0.3001E-01	-0.4570-234
0.3115E-01	-0.4570-234
0.3234E-01	-0.4570-234
0.3357E-01	-0.4570-234
0.3485E-01	-0.4570-234
0.3617E-01	-0.4570-234
0.3755E-01	-0.4570-234
0.3898E-01	-0.4570-234
0.4047E-01	-0.4570-234
0.4201E-01	-0.4570-234
0.4361E-01	-0.4571-234
0.4527E-01	-0.4571-234
0.4699E-01	-0.4571-234
0.4878E-01	-0.4571-234
0.5064E-01	-0.4571-234
0.5257E-01	-0.4571-234
0.5457E-01	-0.4571-234
0.5665E-01	-0.4572-234
0.5881E-01	-0.4572-234
0.6105E-01	-0.4572-234
0.6337E-01	-0.4572-234
0.6579E-01	-0.4573-234
0.6829E-01	-0.4573-234
0.7089E-01	-0.4573-234
0.7359E-01	-0.4573-234
0.7640E-01	-0.4574-234
0.7931E-01	-0.4574-234
0.8233E-01	-0.4575-234
0.8546E-01	-0.4575-234
0.8872E-01	-0.4575-234
0.9210E-01	-0.4576-234
0.9560E-01	-0.4576-234
0.9924E-01	-0.4577-234
0.1030	-0.4578-234
0.1069	-0.4578-234
0.1110	-0.4579-234
0.1152	-0.4580-234
0.1196	-0.4580-234
0.1242	-0.4581-234
0.1289	-0.4582-234
0.1338	-0.4583-234
0.1389	-0.4584-234
0.1442	-0.4585-234
0.1497	-0.4587-234
0.1554	-0.4588-234
0.1613	-0.4589-234
0.1675	-0.4591-234
0.1739	-0.4592-234
0.1805	-0.4594-234
0.1874	-0.4596-234
0.1945	-0.4598-234
0.2019	-0.4600-234
0.2096	-0.4602-234
0.2176	-0.4604-234
0.2259	-0.4607-234
0.2345	-0.4609-234
0.2434	-0.4612-234
0.2527	-0.4615-234
0.2623	-0.4618-234
0.2723	-0.4622-234
0.2826	-0.4625-234
0.2934	-0.4629-234
0.3046	-0.4633-234
0.3162	-0.4637-234
0.3282	-0.4641-234
0.3407	-0.4645-234
0.3537	-0.4650-234
0.3672	-0.4655-234
0.3812	-0.4660-234
0.3957	-0.4666-234
0.4107	-0.4671-234
0.4264	-0.4677-234
0.4426	-0.4683-234
0.4595	-0.4690-234
0.4770	-0.4696-234
0.4952	-0.4703-234
0.5140	-0.4710-234
0.5336	-0.4718-234
0.5539	-0.4725-234
0.5750	-0.4733-234
0.5969	-0.4741-234
0.6196	-0.4750-234
0.6432	-0.4758-234
0.6677	-0.4767-234
0.6932	-0.4776-234
0.7196	-0.4786-234
0.7470	-0.4796-234
0.7754	-0.4805-234
0.8050	-0.4816-234
0.8356	-0.4826-234
0.8674	-0.4837-234
0.9005	-0.4848-234
0.9348	-0.4859-234
0.9704	-0.4871-234
1.007	-0.4882-234
1.046	-0.4894-234
1.086	-0.4907-234
1.127	-0.4919-234
1.170	-0.4932-234
1.214	-0.4945-234
1.261	-0.4958-234
1.309	-0.4972-234
1.358	-0.4986-234
1.410	-0.5000-234
1.464	-0.5014-234
1.520	-0.5029-234
1.578	-0.5043-234
1.638	-0.5058-234
1.700	-0.5074-234
1.765	-0.5089-234
1.832	-0.5105-234
1.902	-0.5121-234
1.974	-0.5137-234
2.049	-0.5153-234
2.127	-0.5169-234
2.208	-0.5186-234
2.293	-0.5202-234
2.380	-0.5219-234
2.470	-0.5236-234
2.565	-0.5253-234
2.662	-0.5270-234
2.764	-0.5288-234
2.869	-0.5305-234
2.978	-0.5322-234
3.092	-0.5340-234
3.209	-0.5357-234
3.332	-0.5374-234
3.458	-0.5392-234
3.590	-0.5409-234
3.727	-0.5427-234
3.869	-0.5444-234
4.016	-0.5462-234
4.169	-0.5479-234
4.328	-0.5496-234
4.493	-0.5513-234
4.664	-0.5530-234
4.841	-0.5547-234
5.026	-0.5564-234
5.217	-0.5580-234
5.416	-0.5597-234
5.622	-0.5613-234
5.836	-0.5629-234
6.059	-0.5644-234
6.289	-0.5660-234
6.529	-0.5675-234
6.778	-0.5690-234
7.036	-0.5704-234
7.304	-0.5718-234
7.582	-0.5732-234
7.871	-0.5746-234
8.170	-0.5759-234
8.482	-0.5772-234
8.805	-0.5784-234
9.140	-0.5796-234
9.488	-0.5808-234
9.849	-0.5819-234
10.22	-0.5831-234
10.61	-0.5842-234
11.02	-0.5853-234
11.44	0.9991E-27
11.87	0.2586E-26
12.33	0.6469E-26
12.80	0.1566E-25
13.28	0.3672E-25
13.79	0.8353E-25
14.31	0.2037E-24
14.86	0.4421E-24
15.42	0.9347E-24
16.01	0.1927E-23
16.62	0.3878E-23
17.25	0.7628E-23
17.91	0.1475E-22
18.59	0.2777E-22
19.30	0.5123E-22
20.04	0.9271E-22
20.80	0.1647E-21
21.59	0.2872E-21
22.42	0.4925E-21
23.27	0.8325E-21
24.16	0.1381E-20
25.08	0.2257E-20
26.03	0.3633E-20
27.02	0.5766E-20
28.05	0.9025E-20
29.12	0.1394E-19
30.23	0.2127E-19
31.38	0.3202E-19
32.57	0.4761E-19
33.82	0.6995E-19
35.10	0.1016E-18
36.44	0.1459E-18
37.83	0.2073E-18
39.27	0.2915E-18
40.76	0.4053E-18
42.32	0.5579E-18
43.93	0.7603E-18
45.60	0.1026E-17
47.34	0.1371E-17
49.14	0.1816E-17
51.01	0.2383E-17
52.96	0.3099E-17
54.97	0.3995E-17
57.07	0.5108E-17
59.24	0.6476E-17
61.50	0.8146E-17
63.84	0.1017E-16
66.27	0.1260E-16
68.79	0.1549E-16
71.41	0.1892E-16
74.13	0.2296E-16
76.96	0.2769E-16
79.89	0.3317E-16
82.93	0.3952E-16
86.09	0.4681E-16
89.37	0.5515E-16
92.77	0.6464E-16
96.31	0.7541E-16
99.97	0.8756E-16
103.8	0.1012E-15
107.7	0.1165E-15
111.8	0.1337E-15
116.1	0.1527E-15
120.5	0.1739E-15
125.1	0.1973E-15
129.9	0.2232E-15
134.8	0.2518E-15
140.0	0.2832E-15
145.3	0.3177E-15
150.8	0.3555E-15
156.6	0.3969E-15
162.5	0.4422E-15
168.7	0.4916E-15
175.1	0.5454E-15
181.8	0.6039E-15
188.7	0.6676E-15
195.9	0.7367E-15
203.4	0.8116E-15
211.1	0.8928E-15
219.2	0.9807E-15
227.5	0.1076E-14
236.2	0.1178E-14
245.2	0.1289E-14
254.5	0.1408E-14
264.2	0.1537E-14
274.3	0.1675E-14
284.7	0.1824E-14
295.6	0.1983E-14
306.8	0.2154E-14
318.5	0.2337E-14
330.6	0.2533E-14
343.2	0.2743E-14
356.3	0.2966E-14
369.9	0.3205E-14
384.0	0.3460E-14
398.6	0.3731E-14
413.8	0.4019E-14
429.5	0.4325E-14
445.9	0.4650E-14
462.9	0.4993E-14
480.5	0.5357E-14
498.8	0.5741E-14
517.8	0.6147E-14
537.5	0.6575E-14
558.0	0.7025E-14
579.2	0.7499E-14
601.3	0.7995E-14
624.2	0.8515E-14
648.0	0.9060E-14
672.6	0.9628E-14
698.3	0.1022E-13
724.9	0.1084E-13
752.5	0.1148E-13
781.1	0.1215E-13
810.9	0.1284E-13
841.8	0.1355E-13
873.8	0.1429E-13
907.1	0.1505E-13
941.6	0.1583E-13
977.5	0.1664E-13
1015.	0.1746E-13
1053.	0.1830E-13
1094.	0.1916E-13
1135.	0.2004E-13
1178.	0.2093E-13
1223.	0.2184E-13
1270.	0.2276E-13
1318.	0.2369E-13
1368.	0.2463E-13
1421.	0.2558E-13
1475.	0.2653E-13
1531.	0.2749E-13
1589.	0.2845E-13
1650.	0.2942E-13
1712.	0.3038E-13
1778.	0.3134E-13
1845.	0.3229E-13
1916.	0.3324E-13
1989.	0.3417E-13
2064.	0.3510E-13
2143.	0.3602E-13
2225.	0.3692E-13
2309.	0.3781E-13
2397.	0.3868E-13
2489.	0.3953E-13
2583.	0.4036E-13
2682.	0.4117E-13
2784.	0.4195E-13
2890.	0.4271E-13
 
 
C9    F2    Excitation    3.16 eV                               
E/N (Td)	Energy loss coefficient (eV m3/s)
0.1000E-02	0.5391E-21
0.1038E-02	0.4767E-21
0.1078E-02	0.4767E-21
0.1119E-02	0.4767E-21
0.1161E-02	0.4767E-21
0.1205E-02	0.4767E-21
0.1251E-02	0.4767E-21
0.1299E-02	0.4767E-21
0.1349E-02	0.4767E-21
0.1400E-02	0.4767E-21
0.1453E-02	0.4767E-21
0.1509E-02	0.4767E-21
0.1566E-02	0.4767E-21
0.1626E-02	0.4767E-21
0.1688E-02	0.4767E-21
0.1752E-02	0.4767E-21
0.1819E-02	0.4767E-21
0.1888E-02	0.4767E-21
0.1960E-02	0.4767E-21
0.2034E-02	0.4767E-21
0.2112E-02	0.4767E-21
0.2192E-02	0.4767E-21
0.2276E-02	0.4767E-21
0.2362E-02	0.4767E-21
0.2452E-02	0.4767E-21
0.2546E-02	0.4767E-21
0.2643E-02	0.4767E-21
0.2743E-02	0.4768E-21
0.2848E-02	0.4768E-21
0.2956E-02	0.4768E-21
0.3069E-02	0.4768E-21
0.3186E-02	0.4768E-21
0.3307E-02	0.4768E-21
0.3433E-02	0.4768E-21
0.3564E-02	0.4768E-21
0.3700E-02	0.4768E-21
0.3841E-02	0.4769E-21
0.3987E-02	0.4769E-21
0.4139E-02	0.4769E-21
0.4296E-02	0.4769E-21
0.4460E-02	0.4769E-21
0.4630E-02	0.4770E-21
0.4806E-02	0.4770E-21
0.4989E-02	0.4770E-21
0.5179E-02	0.4770E-21
0.5377E-02	0.4771E-21
0.5581E-02	0.4771E-21
0.5794E-02	0.4771E-21
0.6015E-02	0.4772E-21
0.6244E-02	0.4772E-21
0.6481E-02	0.4773E-21
0.6728E-02	0.4773E-21
0.6985E-02	0.4774E-21
0.7251E-02	0.4774E-21
0.7527E-02	0.4775E-21
0.7813E-02	0.4775E-21
0.8111E-02	0.4776E-21
0.8420E-02	0.4777E-21
0.8741E-02	0.4778E-21
0.9073E-02	0.4779E-21
0.9419E-02	0.4779E-21
0.9778E-02	0.4780E-21
0.1015E-01	0.4782E-21
0.1054E-01	0.4783E-21
0.1094E-01	0.4784E-21
0.1135E-01	0.4785E-21
0.1179E-01	0.4787E-21
0.1224E-01	0.4788E-21
0.1270E-01	0.4790E-21
0.1319E-01	0.4792E-21
0.1369E-01	0.4794E-21
0.1421E-01	0.4796E-21
0.1475E-01	0.4798E-21
0.1531E-01	0.4801E-21
0.1590E-01	0.4804E-21
0.1650E-01	0.4806E-21
0.1713E-01	0.4810E-21
0.1778E-01	0.4813E-21
0.1846E-01	0.4817E-21
0.1916E-01	0.4820E-21
0.1989E-01	0.4825E-21
0.2065E-01	0.4829E-21
0.2144E-01	0.4834E-21
0.2225E-01	0.4839E-21
0.2310E-01	0.4845E-21
0.2398E-01	0.4851E-21
0.2489E-01	0.4858E-21
0.2584E-01	0.4865E-21
0.2682E-01	0.4873E-21
0.2785E-01	0.4881E-21
0.2891E-01	0.4890E-21
0.3001E-01	0.4900E-21
0.3115E-01	0.4910E-21
0.3234E-01	0.4921E-21
0.3357E-01	0.4934E-21
0.3485E-01	0.4947E-21
0.3617E-01	0.4961E-21
0.3755E-01	0.4976E-21
0.3898E-01	0.4993E-21
0.4047E-01	0.5011E-21
0.4201E-01	0.5030E-21
0.4361E-01	0.5052E-21
0.4527E-01	0.5074E-21
0.4699E-01	0.5099E-21
0.4878E-01	0.5125E-21
0.5064E-01	0.5154E-21
0.5257E-01	0.5185E-21
0.5457E-01	0.5218E-21
0.5665E-01	0.5255E-21
0.5881E-01	0.5294E-21
0.6105E-01	0.5337E-21
0.6337E-01	0.5383E-21
0.6579E-01	0.5433E-21
0.6829E-01	0.5488E-21
0.7089E-01	0.5548E-21
0.7359E-01	0.5612E-21
0.7640E-01	0.5682E-21
0.7931E-01	0.5758E-21
0.8233E-01	0.5841E-21
0.8546E-01	0.5931E-21
0.8872E-01	0.6030E-21
0.9210E-01	0.6138E-21
0.9560E-01	0.6255E-21
0.9924E-01	0.6384E-21
0.1030	0.6524E-21
0.1069	0.6679E-21
0.1110	0.6848E-21
0.1152	0.7034E-21
0.1196	0.7239E-21
0.1242	0.7464E-21
0.1289	0.7712E-21
0.1338	0.7988E-21
0.1389	0.8291E-21
0.1442	0.8629E-21
0.1497	0.9003E-21
0.1554	0.9420E-21
0.1613	0.9884E-21
0.1675	0.1040E-20
0.1739	0.1098E-20
0.1805	0.1164E-20
0.1874	0.1237E-20
0.1945	0.1320E-20
0.2019	0.1413E-20
0.2096	0.1519E-20
0.2176	0.1640E-20
0.2259	0.1777E-20
0.2345	0.1934E-20
0.2434	0.2113E-20
0.2527	0.2319E-20
0.2623	0.2556E-20
0.2723	0.2830E-20
0.2826	0.3146E-20
0.2934	0.3513E-20
0.3046	0.3940E-20
0.3162	0.4438E-20
0.3282	0.5020E-20
0.3407	0.5700E-20
0.3537	0.6498E-20
0.3672	0.7435E-20
0.3812	0.8539E-20
0.3957	0.9839E-20
0.4107	0.1137E-19
0.4264	0.1318E-19
0.4426	0.1533E-19
0.4595	0.1786E-19
0.4770	0.2086E-19
0.4952	0.2441E-19
0.5140	0.2861E-19
0.5336	0.3359E-19
0.5539	0.3947E-19
0.5750	0.4644E-19
0.5969	0.5467E-19
0.6196	0.6439E-19
0.6432	0.7587E-19
0.6677	0.8941E-19
0.6932	0.1054E-18
0.7196	0.1241E-18
0.7470	0.1462E-18
0.7754	0.1721E-18
0.8050	0.2024E-18
0.8356	0.2379E-18
0.8674	0.2794E-18
0.9005	0.3276E-18
0.9348	0.3840E-18
0.9704	0.4496E-18
1.007	0.5257E-18
1.046	0.6139E-18
1.086	0.7160E-18
1.127	0.8339E-18
1.170	0.9699E-18
1.214	0.1126E-17
1.261	0.1306E-17
1.309	0.1512E-17
1.358	0.1748E-17
1.410	0.2017E-17
1.464	0.2323E-17
1.520	0.2671E-17
1.578	0.3066E-17
1.638	0.3514E-17
1.700	0.4021E-17
1.765	0.4592E-17
1.832	0.5235E-17
1.902	0.5956E-17
1.974	0.6764E-17
2.049	0.7668E-17
2.127	0.8677E-17
2.208	0.9801E-17
2.293	0.1105E-16
2.380	0.1243E-16
2.470	0.1396E-16
2.565	0.1565E-16
2.662	0.1751E-16
2.764	0.1956E-16
2.869	0.2180E-16
2.978	0.2425E-16
3.092	0.2693E-16
3.209	0.2985E-16
3.332	0.3302E-16
3.458	0.3647E-16
3.590	0.4020E-16
3.727	0.4423E-16
3.869	0.4859E-16
4.016	0.5328E-16
4.169	0.5832E-16
4.328	0.6373E-16
4.493	0.6953E-16
4.664	0.7573E-16
4.841	0.8234E-16
5.026	0.8938E-16
5.217	0.9688E-16
5.416	0.1048E-15
5.622	0.1133E-15
5.836	0.1222E-15
6.059	0.1317E-15
6.289	0.1416E-15
6.529	0.1521E-15
6.778	0.1631E-15
7.036	0.1747E-15
7.304	0.1868E-15
7.582	0.1994E-15
7.871	0.2127E-15
8.170	0.2265E-15
8.482	0.2409E-15
8.805	0.2558E-15
9.140	0.2713E-15
9.488	0.2875E-15
9.849	0.3042E-15
10.22	0.3216E-15
10.61	0.3396E-15
11.02	0.3583E-15
11.44	0.3777E-15
11.87	0.3978E-15
12.33	0.4187E-15
12.80	0.4404E-15
13.28	0.4630E-15
13.79	0.4865E-15
14.31	0.5110E-15
14.86	0.5365E-15
15.42	0.5632E-15
16.01	0.5911E-15
16.62	0.6203E-15
17.25	0.6508E-15
17.91	0.6828E-15
18.59	0.7164E-15
19.30	0.7516E-15
20.04	0.7887E-15
20.80	0.8276E-15
21.59	0.8686E-15
22.42	0.9116E-15
23.27	0.9570E-15
24.16	0.1005E-14
25.08	0.1055E-14
26.03	0.1108E-14
27.02	0.1164E-14
28.05	0.1223E-14
29.12	0.1285E-14
30.23	0.1351E-14
31.38	0.1420E-14
32.57	0.1493E-14
33.82	0.1570E-14
35.10	0.1651E-14
36.44	0.1737E-14
37.83	0.1827E-14
39.27	0.1921E-14
40.76	0.2021E-14
42.32	0.2125E-14
43.93	0.2234E-14
45.60	0.2348E-14
47.34	0.2467E-14
49.14	0.2591E-14
51.01	0.2720E-14
52.96	0.2854E-14
54.97	0.2991E-14
57.07	0.3133E-14
59.24	0.3279E-14
61.50	0.3427E-14
63.84	0.3579E-14
66.27	0.3733E-14
68.79	0.3888E-14
71.41	0.4045E-14
74.13	0.4203E-14
76.96	0.4361E-14
79.89	0.4518E-14
82.93	0.4675E-14
86.09	0.4830E-14
89.37	0.4983E-14
92.77	0.5134E-14
96.31	0.5283E-14
99.97	0.5428E-14
103.8	0.5571E-14
107.7	0.5710E-14
111.8	0.5845E-14
116.1	0.5977E-14
120.5	0.6105E-14
125.1	0.6230E-14
129.9	0.6350E-14
134.8	0.6467E-14
140.0	0.6579E-14
145.3	0.6688E-14
150.8	0.6794E-14
156.6	0.6895E-14
162.5	0.6993E-14
168.7	0.7087E-14
175.1	0.7178E-14
181.8	0.7265E-14
188.7	0.7349E-14
195.9	0.7430E-14
203.4	0.7507E-14
211.1	0.7581E-14
219.2	0.7652E-14
227.5	0.7719E-14
236.2	0.7783E-14
245.2	0.7844E-14
254.5	0.7902E-14
264.2	0.7957E-14
274.3	0.8008E-14
284.7	0.8056E-14
295.6	0.8101E-14
306.8	0.8142E-14
318.5	0.8180E-14
330.6	0.8215E-14
343.2	0.8246E-14
356.3	0.8274E-14
369.9	0.8298E-14
384.0	0.8319E-14
398.6	0.8336E-14
413.8	0.8350E-14
429.5	0.8360E-14
445.9	0.8367E-14
462.9	0.8370E-14
480.5	0.8370E-14
498.8	0.8366E-14
517.8	0.8358E-14
537.5	0.8347E-14
558.0	0.8333E-14
579.2	0.8315E-14
601.3	0.8293E-14
624.2	0.8268E-14
648.0	0.8240E-14
672.6	0.8208E-14
698.3	0.8174E-14
724.9	0.8136E-14
752.5	0.8095E-14
781.1	0.8051E-14
810.9	0.8004E-14
841.8	0.7954E-14
873.8	0.7902E-14
907.1	0.7847E-14
941.6	0.7790E-14
977.5	0.7730E-14
1015.	0.7669E-14
1053.	0.7605E-14
1094.	0.7539E-14
1135.	0.7471E-14
1178.	0.7402E-14
1223.	0.7331E-14
1270.	0.7259E-14
1318.	0.7185E-14
1368.	0.7110E-14
1421.	0.7034E-14
1475.	0.6957E-14
1531.	0.6879E-14
1589.	0.6801E-14
1650.	0.6721E-14
1712.	0.6641E-14
1778.	0.6561E-14
1845.	0.6480E-14
1916.	0.6398E-14
1989.	0.6317E-14
2064.	0.6235E-14
2143.	0.6153E-14
2225.	0.6071E-14
2309.	0.5989E-14
2397.	0.5907E-14
2489.	0.5824E-14
2583.	0.5741E-14
2682.	0.5659E-14
2784.	0.5576E-14
2890.	0.5494E-14
 
 
C10   F2    Excitation    4.34 eV                               
E/N (Td)	Energy loss coefficient (eV m3/s)
0.1000E-02	-0.8788E-87
0.1038E-02	-0.8784E-87
0.1078E-02	-0.8784E-87
0.1119E-02	-0.8784E-87
0.1161E-02	-0.8784E-87
0.1205E-02	-0.8784E-87
0.1251E-02	-0.8784E-87
0.1299E-02	-0.8784E-87
0.1349E-02	-0.8784E-87
0.1400E-02	-0.8784E-87
0.1453E-02	-0.8784E-87
0.1509E-02	-0.8784E-87
0.1566E-02	-0.8784E-87
0.1626E-02	-0.8784E-87
0.1688E-02	-0.8784E-87
0.1752E-02	-0.8784E-87
0.1819E-02	-0.8784E-87
0.1888E-02	-0.8784E-87
0.1960E-02	-0.8784E-87
0.2034E-02	-0.8784E-87
0.2112E-02	-0.8784E-87
0.2192E-02	-0.8784E-87
0.2276E-02	-0.8784E-87
0.2362E-02	-0.8784E-87
0.2452E-02	-0.8784E-87
0.2546E-02	-0.8784E-87
0.2643E-02	-0.8784E-87
0.2743E-02	-0.8784E-87
0.2848E-02	-0.8784E-87
0.2956E-02	-0.8784E-87
0.3069E-02	-0.8784E-87
0.3186E-02	-0.8784E-87
0.3307E-02	-0.8784E-87
0.3433E-02	-0.8784E-87
0.3564E-02	-0.8784E-87
0.3700E-02	-0.8784E-87
0.3841E-02	-0.8784E-87
0.3987E-02	-0.8784E-87
0.4139E-02	-0.8784E-87
0.4296E-02	-0.8784E-87
0.4460E-02	-0.8784E-87
0.4630E-02	-0.8784E-87
0.4806E-02	-0.8784E-87
0.4989E-02	-0.8784E-87
0.5179E-02	-0.8784E-87
0.5377E-02	-0.8784E-87
0.5581E-02	-0.8784E-87
0.5794E-02	-0.8784E-87
0.6015E-02	-0.8784E-87
0.6244E-02	-0.8784E-87
0.6481E-02	-0.8784E-87
0.6728E-02	-0.8784E-87
0.6985E-02	-0.8784E-87
0.7251E-02	-0.8784E-87
0.7527E-02	-0.8784E-87
0.7813E-02	-0.8784E-87
0.8111E-02	-0.8784E-87
0.8420E-02	-0.8784E-87
0.8741E-02	-0.8784E-87
0.9073E-02	-0.8784E-87
0.9419E-02	-0.8784E-87
0.9778E-02	-0.8784E-87
0.1015E-01	-0.8784E-87
0.1054E-01	-0.8784E-87
0.1094E-01	-0.8784E-87
0.1135E-01	-0.8784E-87
0.1179E-01	-0.8784E-87
0.1224E-01	-0.8784E-87
0.1270E-01	-0.8784E-87
0.1319E-01	-0.8784E-87
0.1369E-01	-0.8784E-87
0.1421E-01	-0.8784E-87
0.1475E-01	-0.8784E-87
0.1531E-01	-0.8784E-87
0.1590E-01	-0.8784E-87
0.1650E-01	-0.8784E-87
0.1713E-01	-0.8784E-87
0.1778E-01	-0.8784E-87
0.1846E-01	-0.8784E-87
0.1916E-01	-0.8784E-87
0.1989E-01	-0.8784E-87
0.2065E-01	-0.8784E-87
0.2144E-01	-0.8784E-87
0.2225E-01	-0.8784E-87
0.2310E-01	-0.8784E-87
0.2398E-01	-0.8784E-87
0.2489E-01	-0.8784E-87
0.2584E-01	-0.8784E-87
0.2682E-01	-0.8784E-87
0.2785E-01	-0.8784E-87
0.2891E-01	-0.8784E-87
0.3001E-01	-0.8784E-87
0.3115E-01	-0.8784E-87
0.3234E-01	-0.8784E-87
0.3357E-01	-0.8784E-87
0.3485E-01	-0.8784E-87
0.3617E-01	-0.8784E-87
0.3755E-01	-0.8785E-87
0.3898E-01	-0.8785E-87
0.4047E-01	-0.8785E-87
0.4201E-01	-0.8785E-87
0.4361E-01	-0.8785E-87
0.4527E-01	-0.8785E-87
0.4699E-01	-0.8785E-87
0.4878E-01	-0.8785E-87
0.5064E-01	-0.8785E-87
0.5257E-01	-0.8785E-87
0.5457E-01	-0.8786E-87
0.5665E-01	-0.8786E-87
0.5881E-01	-0.8786E-87
0.6105E-01	-0.8786E-87
0.6337E-01	-0.8786E-87
0.6579E-01	-0.8786E-87
0.6829E-01	-0.8787E-87
0.7089E-01	-0.8787E-87
0.7359E-01	-0.8787E-87
0.7640E-01	-0.8787E-87
0.7931E-01	-0.8788E-87
0.8233E-01	-0.8788E-87
0.8546E-01	-0.8788E-87
0.8872E-01	-0.8789E-87
0.9210E-01	-0.8789E-87
0.9560E-01	-0.8790E-87
0.9924E-01	-0.8790E-87
0.1030	-0.8790E-87
0.1069	-0.8791E-87
0.1110	-0.8791E-87
0.1152	-0.8792E-87
0.1196	-0.8793E-87
0.1242	-0.8793E-87
0.1289	-0.8794E-87
0.1338	-0.8795E-87
0.1389	-0.8796E-87
0.1442	-0.8797E-87
0.1497	-0.8798E-87
0.1554	-0.8799E-87
0.1613	-0.8800E-87
0.1675	-0.8801E-87
0.1739	-0.8802E-87
0.1805	-0.8804E-87
0.1874	-0.8805E-87
0.1945	-0.8806E-87
0.2019	-0.8808E-87
0.2096	-0.8810E-87
0.2176	-0.8812E-87
0.2259	-0.8814E-87
0.2345	-0.8816E-87
0.2434	-0.8818E-87
0.2527	-0.8820E-87
0.2623	-0.8823E-87
0.2723	-0.8825E-87
0.2826	-0.8828E-87
0.2934	-0.8831E-87
0.3046	-0.8834E-87
0.3162	-0.8837E-87
0.3282	-0.8841E-87
0.3407	-0.8844E-87
0.3537	-0.8848E-87
0.3672	-0.8852E-87
0.3812	-0.8856E-87
0.3957	-0.8860E-87
0.4107	-0.8864E-87
0.4264	-0.8869E-87
0.4426	-0.8874E-87
0.4595	-0.8879E-87
0.4770	-0.8884E-87
0.4952	-0.8889E-87
0.5140	-0.8895E-87
0.5336	-0.8901E-87
0.5539	-0.8907E-87
0.5750	-0.8913E-87
0.5969	-0.8919E-87
0.6196	-0.8925E-87
0.6432	-0.8932E-87
0.6677	-0.8939E-87
0.6932	-0.8946E-87
0.7196	-0.8953E-87
0.7470	-0.8961E-87
0.7754	-0.8968E-87
0.8050	-0.8976E-87
0.8356	-0.8984E-87
0.8674	-0.8992E-87
0.9005	0.1338E-27
0.9348	0.3009E-27
0.9704	0.6666E-27
1.007	0.1453E-26
1.046	0.3116E-26
1.086	0.6574E-26
1.127	0.1364E-25
1.170	0.2781E-25
1.214	0.5576E-25
1.261	0.1099E-24
1.309	0.2131E-24
1.358	0.4063E-24
1.410	0.7618E-24
1.464	0.1405E-23
1.520	0.2550E-23
1.578	0.4554E-23
1.638	0.8011E-23
1.700	0.1388E-22
1.765	0.2369E-22
1.832	0.3984E-22
1.902	0.6604E-22
1.974	0.1086E-21
2.049	0.1750E-21
2.127	0.2784E-21
2.208	0.4369E-21
2.293	0.6772E-21
2.380	0.1037E-20
2.470	0.1568E-20
2.565	0.2344E-20
2.662	0.3463E-20
2.764	0.5061E-20
2.869	0.7316E-20
2.978	0.1046E-19
3.092	0.1481E-19
3.209	0.2076E-19
3.332	0.2888E-19
3.458	0.3970E-19
3.590	0.5406E-19
3.727	0.7298E-19
3.869	0.9766E-19
4.016	0.1296E-18
4.169	0.1705E-18
4.328	0.2226E-18
4.493	0.2884E-18
4.664	0.3708E-18
4.841	0.4733E-18
5.026	0.6003E-18
5.217	0.7554E-18
5.416	0.9442E-18
5.622	0.1173E-17
5.836	0.1447E-17
6.059	0.1774E-17
6.289	0.2163E-17
6.529	0.2621E-17
6.778	0.3158E-17
7.036	0.3786E-17
7.304	0.4512E-17
7.582	0.5350E-17
7.871	0.6311E-17
8.170	0.7407E-17
8.482	0.8653E-17
8.805	0.1006E-16
9.140	0.1165E-16
9.488	0.1342E-16
9.849	0.1541E-16
10.22	0.1761E-16
10.61	0.2006E-16
11.02	0.2276E-16
11.44	0.2573E-16
11.87	0.2900E-16
12.33	0.3258E-16
12.80	0.3650E-16
13.28	0.4078E-16
13.79	0.4544E-16
14.31	0.5051E-16
14.86	0.5602E-16
15.42	0.6200E-16
16.01	0.6849E-16
16.62	0.7552E-16
17.25	0.8313E-16
17.91	0.9136E-16
18.59	0.1003E-15
19.30	0.1099E-15
20.04	0.1203E-15
20.80	0.1315E-15
21.59	0.1436E-15
22.42	0.1567E-15
23.27	0.1708E-15
24.16	0.1861E-15
25.08	0.2025E-15
26.03	0.2202E-15
27.02	0.2393E-15
28.05	0.2599E-15
29.12	0.2820E-15
30.23	0.3059E-15
31.38	0.3316E-15
32.57	0.3592E-15
33.82	0.3888E-15
35.10	0.4207E-15
36.44	0.4549E-15
37.83	0.4915E-15
39.27	0.5306E-15
40.76	0.5725E-15
42.32	0.6171E-15
43.93	0.6646E-15
45.60	0.7150E-15
47.34	0.7684E-15
49.14	0.8247E-15
51.01	0.8841E-15
52.96	0.9464E-15
54.97	0.1012E-14
57.07	0.1080E-14
59.24	0.1150E-14
61.50	0.1223E-14
63.84	0.1298E-14
66.27	0.1376E-14
68.79	0.1455E-14
71.41	0.1536E-14
74.13	0.1618E-14
76.96	0.1701E-14
79.89	0.1784E-14
82.93	0.1868E-14
86.09	0.1952E-14
89.37	0.2036E-14
92.77	0.2120E-14
96.31	0.2203E-14
99.97	0.2286E-14
103.8	0.2367E-14
107.7	0.2447E-14
111.8	0.2527E-14
116.1	0.2604E-14
120.5	0.2681E-14
125.1	0.2756E-14
129.9	0.2829E-14
134.8	0.2901E-14
140.0	0.2972E-14
145.3	0.3040E-14
150.8	0.3108E-14
156.6	0.3174E-14
162.5	0.3238E-14
168.7	0.3301E-14
175.1	0.3362E-14
181.8	0.3422E-14
188.7	0.3481E-14
195.9	0.3538E-14
203.4	0.3594E-14
211.1	0.3648E-14
219.2	0.3701E-14
227.5	0.3753E-14
236.2	0.3803E-14
245.2	0.3852E-14
254.5	0.3900E-14
264.2	0.3946E-14
274.3	0.3991E-14
284.7	0.4035E-14
295.6	0.4077E-14
306.8	0.4118E-14
318.5	0.4157E-14
330.6	0.4195E-14
343.2	0.4232E-14
356.3	0.4266E-14
369.9	0.4300E-14
384.0	0.4331E-14
398.6	0.4361E-14
413.8	0.4389E-14
429.5	0.4415E-14
445.9	0.4440E-14
462.9	0.4462E-14
480.5	0.4483E-14
498.8	0.4502E-14
517.8	0.4519E-14
537.5	0.4534E-14
558.0	0.4547E-14
579.2	0.4557E-14
601.3	0.4566E-14
624.2	0.4572E-14
648.0	0.4576E-14
672.6	0.4578E-14
698.3	0.4578E-14
724.9	0.4575E-14
752.5	0.4570E-14
781.1	0.4563E-14
810.9	0.4554E-14
841.8	0.4542E-14
873.8	0.4528E-14
907.1	0.4512E-14
941.6	0.4494E-14
977.5	0.4473E-14
1015.	0.4451E-14
1053.	0.4426E-14
1094.	0.4400E-14
1135.	0.4371E-14
1178.	0.4341E-14
1223.	0.4309E-14
1270.	0.4275E-14
1318.	0.4240E-14
1368.	0.4203E-14
1421.	0.4164E-14
1475.	0.4124E-14
1531.	0.4083E-14
1589.	0.4041E-14
1650.	0.3997E-14
1712.	0.3953E-14
1778.	0.3907E-14
1845.	0.3861E-14
1916.	0.3814E-14
1989.	0.3766E-14
2064.	0.3718E-14
2143.	0.3669E-14
2225.	0.3619E-14
2309.	0.3569E-14
2397.	0.3519E-14
2489.	0.3468E-14
2583.	0.3417E-14
2682.	0.3366E-14
2784.	0.3315E-14
2890.	0.3264E-14
 
 
C11   F2    Ionization    15.69 eV                              
E/N (Td)	Energy loss coefficient (eV m3/s)
0.1000E-02	0.000
0.1038E-02	0.000
0.1078E-02	0.000
0.1119E-02	0.000
0.1161E-02	0.000
0.1205E-02	0.000
0.1251E-02	0.000
0.1299E-02	0.000
0.1349E-02	0.000
0.1400E-02	0.000
0.1453E-02	0.000
0.1509E-02	0.000
0.1566E-02	0.000
0.1626E-02	0.000
0.1688E-02	0.000
0.1752E-02	0.000
0.1819E-02	0.000
0.1888E-02	0.000
0.1960E-02	0.000
0.2034E-02	0.000
0.2112E-02	0.000
0.2192E-02	0.000
0.2276E-02	0.000
0.2362E-02	0.000
0.2452E-02	0.000
0.2546E-02	0.000
0.2643E-02	0.000
0.2743E-02	0.000
0.2848E-02	0.000
0.2956E-02	0.000
0.3069E-02	0.000
0.3186E-02	0.000
0.3307E-02	0.000
0.3433E-02	0.000
0.3564E-02	0.000
0.3700E-02	0.000
0.3841E-02	0.000
0.3987E-02	0.000
0.4139E-02	0.000
0.4296E-02	0.000
0.4460E-02	0.000
0.4630E-02	0.000
0.4806E-02	0.000
0.4989E-02	0.000
0.5179E-02	0.000
0.5377E-02	0.000
0.5581E-02	0.000
0.5794E-02	0.000
0.6015E-02	0.000
0.6244E-02	0.000
0.6481E-02	0.000
0.6728E-02	0.000
0.6985E-02	0.000
0.7251E-02	0.000
0.7527E-02	0.000
0.7813E-02	0.000
0.8111E-02	0.000
0.8420E-02	0.000
0.8741E-02	0.000
0.9073E-02	0.000
0.9419E-02	0.000
0.9778E-02	0.000
0.1015E-01	0.000
0.1054E-01	0.000
0.1094E-01	0.000
0.1135E-01	0.000
0.1179E-01	0.000
0.1224E-01	0.000
0.1270E-01	0.000
0.1319E-01	0.000
0.1369E-01	0.000
0.1421E-01	0.000
0.1475E-01	0.000
0.1531E-01	0.000
0.1590E-01	0.000
0.1650E-01	0.000
0.1713E-01	0.000
0.1778E-01	0.000
0.1846E-01	0.000
0.1916E-01	0.000
0.1989E-01	0.000
0.2065E-01	0.000
0.2144E-01	0.000
0.2225E-01	0.000
0.2310E-01	0.000
0.2398E-01	0.000
0.2489E-01	0.000
0.2584E-01	0.000
0.2682E-01	0.000
0.2785E-01	0.000
0.2891E-01	0.000
0.3001E-01	0.000
0.3115E-01	0.000
0.3234E-01	0.000
0.3357E-01	0.000
0.3485E-01	0.000
0.3617E-01	0.000
0.3755E-01	0.000
0.3898E-01	0.000
0.4047E-01	0.000
0.4201E-01	0.000
0.4361E-01	0.000
0.4527E-01	0.000
0.4699E-01	0.000
0.4878E-01	0.000
0.5064E-01	0.000
0.5257E-01	0.000
0.5457E-01	0.000
0.5665E-01	0.000
0.5881E-01	0.000
0.6105E-01	0.000
0.6337E-01	0.000
0.6579E-01	0.000
0.6829E-01	0.000
0.7089E-01	0.000
0.7359E-01	0.000
0.7640E-01	0.000
0.7931E-01	0.000
0.8233E-01	0.000
0.8546E-01	0.000
0.8872E-01	0.000
0.9210E-01	0.000
0.9560E-01	0.000
0.9924E-01	0.000
0.1030	0.000
0.1069	0.000
0.1110	0.000
0.1152	0.000
0.1196	0.000
0.1242	0.000
0.1289	0.000
0.1338	0.000
0.1389	0.000
0.1442	0.000
0.1497	0.000
0.1554	0.000
0.1613	0.000
0.1675	0.000
0.1739	0.000
0.1805	0.000
0.1874	0.000
0.1945	0.000
0.2019	0.000
0.2096	0.000
0.2176	0.000
0.2259	0.000
0.2345	0.000
0.2434	0.000
0.2527	0.000
0.2623	0.000
0.2723	0.000
0.2826	0.000
0.2934	0.000
0.3046	0.000
0.3162	0.000
0.3282	0.000
0.3407	0.000
0.3537	0.000
0.3672	0.000
0.3812	0.000
0.3957	0.000
0.4107	0.000
0.4264	0.000
0.4426	0.000
0.4595	0.000
0.4770	0.000
0.4952	0.000
0.5140	0.000
0.5336	0.000
0.5539	0.000
0.5750	0.000
0.5969	0.000
0.6196	0.000
0.6432	0.000
0.6677	0.000
0.6932	0.000
0.7196	0.000
0.7470	0.000
0.7754	0.000
0.8050	0.000
0.8356	0.000
0.8674	0.000
0.9005	0.000
0.9348	0.000
0.9704	0.000
1.007	0.000
1.046	0.000
1.086	0.000
1.127	0.000
1.170	0.000
1.214	0.000
1.261	0.000
1.309	0.000
1.358	0.000
1.410	0.000
1.464	0.000
1.520	0.000
1.578	0.000
1.638	0.000
1.700	0.000
1.765	0.000
1.832	0.000
1.902	0.000
1.974	0.000
2.049	0.000
2.127	0.000
2.208	0.000
2.293	0.000
2.380	0.000
2.470	0.000
2.565	0.000
2.662	0.000
2.764	0.000
2.869	0.000
2.978	0.000
3.092	0.000
3.209	0.000
3.332	0.000
3.458	0.000
3.590	0.000
3.727	0.000
3.869	0.000
4.016	0.000
4.169	0.000
4.328	0.000
4.493	0.000
4.664	0.000
4.841	0.000
5.026	0.000
5.217	0.000
5.416	0.000
5.622	0.000
5.836	0.000
6.059	0.000
6.289	0.000
6.529	0.000
6.778	0.000
7.036	0.000
7.304	0.000
7.582	0.000
7.871	0.000
8.170	0.000
8.482	0.000
8.805	0.000
9.140	0.000
9.488	0.000
9.849	0.000
10.22	0.000
10.61	0.000
11.02	0.000
11.44	0.000
11.87	0.000
12.33	0.000
12.80	0.000
13.28	0.000
13.79	0.000
14.31	0.1073E-25
14.86	0.2824E-25
15.42	0.7183E-25
16.01	0.1769E-24
16.62	0.4219E-24
17.25	0.9762E-24
17.91	0.2556E-23
18.59	0.5669E-23
19.30	0.1225E-22
20.04	0.2581E-22
20.80	0.5311E-22
21.59	0.1068E-21
22.42	0.2099E-21
23.27	0.4060E-21
24.16	0.7653E-21
25.08	0.1414E-20
26.03	0.2564E-20
27.02	0.4565E-20
28.05	0.7981E-20
29.12	0.1372E-19
30.23	0.2323E-19
31.38	0.3862E-19
32.57	0.6321E-19
33.82	0.1019E-18
35.10	0.1618E-18
36.44	0.2533E-18
37.83	0.3910E-18
39.27	0.5960E-18
40.76	0.8954E-18
42.32	0.1328E-17
43.93	0.1944E-17
45.60	0.2811E-17
47.34	0.4016E-17
49.14	0.5673E-17
51.01	0.7917E-17
52.96	0.1093E-16
54.97	0.1491E-16
57.07	0.2014E-16
59.24	0.2692E-16
61.50	0.3564E-16
63.84	0.4671E-16
66.27	0.6064E-16
68.79	0.7802E-16
71.41	0.9951E-16
74.13	0.1259E-15
76.96	0.1579E-15
79.89	0.1966E-15
82.93	0.2429E-15
86.09	0.2980E-15
89.37	0.3632E-15
92.77	0.4398E-15
96.31	0.5291E-15
99.97	0.6329E-15
103.8	0.7528E-15
107.7	0.8907E-15
111.8	0.1049E-14
116.1	0.1228E-14
120.5	0.1433E-14
125.1	0.1664E-14
129.9	0.1924E-14
134.8	0.2216E-14
140.0	0.2544E-14
145.3	0.2910E-14
150.8	0.3317E-14
156.6	0.3770E-14
162.5	0.4272E-14
168.7	0.4828E-14
175.1	0.5441E-14
181.8	0.6118E-14
188.7	0.6862E-14
195.9	0.7679E-14
203.4	0.8575E-14
211.1	0.9556E-14
219.2	0.1063E-13
227.5	0.1180E-13
236.2	0.1308E-13
245.2	0.1447E-13
254.5	0.1598E-13
264.2	0.1763E-13
274.3	0.1942E-13
284.7	0.2135E-13
295.6	0.2345E-13
306.8	0.2572E-13
318.5	0.2817E-13
330.6	0.3082E-13
343.2	0.3368E-13
356.3	0.3676E-13
369.9	0.4007E-13
384.0	0.4364E-13
398.6	0.4747E-13
413.8	0.5158E-13
429.5	0.5599E-13
445.9	0.6071E-13
462.9	0.6576E-13
480.5	0.7115E-13
498.8	0.7690E-13
517.8	0.8304E-13
537.5	0.8957E-13
558.0	0.9654E-13
579.2	0.1039E-12
601.3	0.1118E-12
624.2	0.1201E-12
648.0	0.1289E-12
672.6	0.1381E-12
698.3	0.1479E-12
724.9	0.1583E-12
752.5	0.1692E-12
781.1	0.1806E-12
810.9	0.1926E-12
841.8	0.2052E-12
873.8	0.2183E-12
907.1	0.2321E-12
941.6	0.2464E-12
977.5	0.2613E-12
1015.	0.2768E-12
1053.	0.2930E-12
1094.	0.3097E-12
1135.	0.3270E-12
1178.	0.3449E-12
1223.	0.3633E-12
1270.	0.3824E-12
1318.	0.4019E-12
1368.	0.4220E-12
1421.	0.4426E-12
1475.	0.4637E-12
1531.	0.4853E-12
1589.	0.5073E-12
1650.	0.5297E-12
1712.	0.5526E-12
1778.	0.5758E-12
1845.	0.5994E-12
1916.	0.6232E-12
1989.	0.6473E-12
2064.	0.6716E-12
2143.	0.6962E-12
2225.	0.7208E-12
2309.	0.7456E-12
2397.	0.7705E-12
2489.	0.7956E-12
2583.	0.8205E-12
2682.	0.8454E-12
2784.	0.8701E-12
2890.	0.8948E-12
 
 
F2                                                              
E/N (Td)	Inelastic energy loss coefficient (eV m3/s)
0.1000E-02	0.1258E-14
0.1038E-02	0.1263E-14
0.1078E-02	0.1263E-14
0.1119E-02	0.1263E-14
0.1161E-02	0.1263E-14
0.1205E-02	0.1263E-14
0.1251E-02	0.1263E-14
0.1299E-02	0.1263E-14
0.1349E-02	0.1263E-14
0.1400E-02	0.1263E-14
0.1453E-02	0.1263E-14
0.1509E-02	0.1263E-14
0.1566E-02	0.1263E-14
0.1626E-02	0.1263E-14
0.1688E-02	0.1263E-14
0.1752E-02	0.1263E-14
0.1819E-02	0.1263E-14
0.1888E-02	0.1263E-14
0.1960E-02	0.1263E-14
0.2034E-02	0.1263E-14
0.2112E-02	0.1263E-14
0.2192E-02	0.1263E-14
0.2276E-02	0.1263E-14
0.2362E-02	0.1263E-14
0.2452E-02	0.1263E-14
0.2546E-02	0.1263E-14
0.2643E-02	0.1263E-14
0.2743E-02	0.1263E-14
0.2848E-02	0.1263E-14
0.2956E-02	0.1263E-14
0.3069E-02	0.1263E-14
0.3186E-02	0.1263E-14
0.3307E-02	0.1263E-14
0.3433E-02	0.1263E-14
0.3564E-02	0.1263E-14
0.3700E-02	0.1263E-14
0.3841E-02	0.1263E-14
0.3987E-02	0.1263E-14
0.4139E-02	0.1263E-14
0.4296E-02	0.1263E-14
0.4460E-02	0.1263E-14
0.4630E-02	0.1263E-14
0.4806E-02	0.1263E-14
0.4989E-02	0.1263E-14
0.5179E-02	0.1263E-14
0.5377E-02	0.1263E-14
0.5581E-02	0.1263E-14
0.5794E-02	0.1263E-14
0.6015E-02	0.1263E-14
0.6244E-02	0.1263E-14
0.6481E-02	0.1263E-14
0.6728E-02	0.1263E-14
0.6985E-02	0.1263E-14
0.7251E-02	0.1263E-14
0.7527E-02	0.1263E-14
0.7813E-02	0.1263E-14
0.8111E-02	0.1263E-14
0.8420E-02	0.1263E-14
0.8741E-02	0.1263E-14
0.9073E-02	0.1263E-14
0.9419E-02	0.1263E-14
0.9778E-02	0.1263E-14
0.1015E-01	0.1263E-14
0.1054E-01	0.1263E-14
0.1094E-01	0.1263E-14
0.1135E-01	0.1263E-14
0.1179E-01	0.1263E-14
0.1224E-01	0.1263E-14
0.1270E-01	0.1263E-14
0.1319E-01	0.1263E-14
0.1369E-01	0.1263E-14
0.1421E-01	0.1263E-14
0.1475E-01	0.1263E-14
0.1531E-01	0.1263E-14
0.1590E-01	0.1263E-14
0.1650E-01	0.1263E-14
0.1713E-01	0.1263E-14
0.1778E-01	0.1263E-14
0.1846E-01	0.1263E-14
0.1916E-01	0.1263E-14
0.1989E-01	0.1263E-14
0.2065E-01	0.1263E-14
0.2144E-01	0.1263E-14
0.2225E-01	0.1263E-14
0.2310E-01	0.1263E-14
0.2398E-01	0.1262E-14
0.2489E-01	0.1262E-14
0.2584E-01	0.1262E-14
0.2682E-01	0.1262E-14
0.2785E-01	0.1262E-14
0.2891E-01	0.1262E-14
0.3001E-01	0.1262E-14
0.3115E-01	0.1262E-14
0.3234E-01	0.1262E-14
0.3357E-01	0.1262E-14
0.3485E-01	0.1262E-14
0.3617E-01	0.1262E-14
0.3755E-01	0.1262E-14
0.3898E-01	0.1262E-14
0.4047E-01	0.1262E-14
0.4201E-01	0.1262E-14
0.4361E-01	0.1262E-14
0.4527E-01	0.1261E-14
0.4699E-01	0.1261E-14
0.4878E-01	0.1261E-14
0.5064E-01	0.1261E-14
0.5257E-01	0.1261E-14
0.5457E-01	0.1261E-14
0.5665E-01	0.1261E-14
0.5881E-01	0.1260E-14
0.6105E-01	0.1260E-14
0.6337E-01	0.1260E-14
0.6579E-01	0.1260E-14
0.6829E-01	0.1260E-14
0.7089E-01	0.1259E-14
0.7359E-01	0.1259E-14
0.7640E-01	0.1259E-14
0.7931E-01	0.1258E-14
0.8233E-01	0.1258E-14
0.8546E-01	0.1258E-14
0.8872E-01	0.1257E-14
0.9210E-01	0.1257E-14
0.9560E-01	0.1257E-14
0.9924E-01	0.1256E-14
0.1030	0.1256E-14
0.1069	0.1255E-14
0.1110	0.1254E-14
0.1152	0.1254E-14
0.1196	0.1253E-14
0.1242	0.1252E-14
0.1289	0.1252E-14
0.1338	0.1251E-14
0.1389	0.1250E-14
0.1442	0.1249E-14
0.1497	0.1248E-14
0.1554	0.1247E-14
0.1613	0.1246E-14
0.1675	0.1244E-14
0.1739	0.1243E-14
0.1805	0.1241E-14
0.1874	0.1240E-14
0.1945	0.1238E-14
0.2019	0.1237E-14
0.2096	0.1235E-14
0.2176	0.1233E-14
0.2259	0.1231E-14
0.2345	0.1229E-14
0.2434	0.1226E-14
0.2527	0.1224E-14
0.2623	0.1221E-14
0.2723	0.1219E-14
0.2826	0.1216E-14
0.2934	0.1213E-14
0.3046	0.1210E-14
0.3162	0.1206E-14
0.3282	0.1203E-14
0.3407	0.1199E-14
0.3537	0.1196E-14
0.3672	0.1192E-14
0.3812	0.1188E-14
0.3957	0.1183E-14
0.4107	0.1179E-14
0.4264	0.1175E-14
0.4426	0.1170E-14
0.4595	0.1165E-14
0.4770	0.1160E-14
0.4952	0.1155E-14
0.5140	0.1150E-14
0.5336	0.1144E-14
0.5539	0.1139E-14
0.5750	0.1133E-14
0.5969	0.1127E-14
0.6196	0.1121E-14
0.6432	0.1115E-14
0.6677	0.1109E-14
0.6932	0.1103E-14
0.7196	0.1096E-14
0.7470	0.1090E-14
0.7754	0.1083E-14
0.8050	0.1076E-14
0.8356	0.1070E-14
0.8674	0.1063E-14
0.9005	0.1056E-14
0.9348	0.1049E-14
0.9704	0.1042E-14
1.007	0.1034E-14
1.046	0.1027E-14
1.086	0.1020E-14
1.127	0.1013E-14
1.170	0.1005E-14
1.214	0.9980E-15
1.261	0.9907E-15
1.309	0.9834E-15
1.358	0.9760E-15
1.410	0.9687E-15
1.464	0.9615E-15
1.520	0.9543E-15
1.578	0.9472E-15
1.638	0.9400E-15
1.700	0.9330E-15
1.765	0.9261E-15
1.832	0.9193E-15
1.902	0.9127E-15
1.974	0.9062E-15
2.049	0.8998E-15
2.127	0.8936E-15
2.208	0.8877E-15
2.293	0.8819E-15
2.380	0.8764E-15
2.470	0.8712E-15
2.565	0.8662E-15
2.662	0.8616E-15
2.764	0.8572E-15
2.869	0.8532E-15
2.978	0.8496E-15
3.092	0.8464E-15
3.209	0.8435E-15
3.332	0.8412E-15
3.458	0.8393E-15
3.590	0.8378E-15
3.727	0.8369E-15
3.869	0.8366E-15
4.016	0.8368E-15
4.169	0.8376E-15
4.328	0.8390E-15
4.493	0.8410E-15
4.664	0.8438E-15
4.841	0.8472E-15
5.026	0.8514E-15
5.217	0.8564E-15
5.416	0.8622E-15
5.622	0.8687E-15
5.836	0.8762E-15
6.059	0.8845E-15
6.289	0.8937E-15
6.529	0.9039E-15
6.778	0.9150E-15
7.036	0.9270E-15
7.304	0.9401E-15
7.582	0.9542E-15
7.871	0.9693E-15
8.170	0.9855E-15
8.482	0.1003E-14
8.805	0.1021E-14
9.140	0.1040E-14
9.488	0.1061E-14
9.849	0.1082E-14
10.22	0.1105E-14
10.61	0.1128E-14
11.02	0.1153E-14
11.44	0.1179E-14
11.87	0.1206E-14
12.33	0.1234E-14
12.80	0.1263E-14
13.28	0.1294E-14
13.79	0.1326E-14
14.31	0.1360E-14
14.86	0.1395E-14
15.42	0.1432E-14
16.01	0.1470E-14
16.62	0.1511E-14
17.25	0.1553E-14
17.91	0.1597E-14
18.59	0.1643E-14
19.30	0.1692E-14
20.04	0.1743E-14
20.80	0.1797E-14
21.59	0.1854E-14
22.42	0.1914E-14
23.27	0.1977E-14
24.16	0.2044E-14
25.08	0.2114E-14
26.03	0.2188E-14
27.02	0.2266E-14
28.05	0.2348E-14
29.12	0.2436E-14
30.23	0.2528E-14
31.38	0.2626E-14
32.57	0.2729E-14
33.82	0.2839E-14
35.10	0.2954E-14
36.44	0.3077E-14
37.83	0.3208E-14
39.27	0.3346E-14
40.76	0.3493E-14
42.32	0.3648E-14
43.93	0.3813E-14
45.60	0.3989E-14
47.34	0.4175E-14
49.14	0.4373E-14
51.01	0.4583E-14
52.96	0.4806E-14
54.97	0.5044E-14
57.07	0.5296E-14
59.24	0.5564E-14
61.50	0.5849E-14
63.84	0.6152E-14
66.27	0.6474E-14
68.79	0.6816E-14
71.41	0.7180E-14
74.13	0.7567E-14
76.96	0.7979E-14
79.89	0.8417E-14
82.93	0.8882E-14
86.09	0.9378E-14
89.37	0.9906E-14
92.77	0.1047E-13
96.31	0.1107E-13
99.97	0.1170E-13
103.8	0.1238E-13
107.7	0.1311E-13
111.8	0.1388E-13
116.1	0.1470E-13
120.5	0.1557E-13
125.1	0.1651E-13
129.9	0.1750E-13
134.8	0.1857E-13
140.0	0.1970E-13
145.3	0.2091E-13
150.8	0.2220E-13
156.6	0.2357E-13
162.5	0.2504E-13
168.7	0.2660E-13
175.1	0.2827E-13
181.8	0.3005E-13
188.7	0.3195E-13
195.9	0.3398E-13
203.4	0.3613E-13
211.1	0.3843E-13
219.2	0.4089E-13
227.5	0.4350E-13
236.2	0.4628E-13
245.2	0.4925E-13
254.5	0.5240E-13
264.2	0.5576E-13
274.3	0.5934E-13
284.7	0.6315E-13
295.6	0.6720E-13
306.8	0.7150E-13
318.5	0.7607E-13
330.6	0.8093E-13
343.2	0.8609E-13
356.3	0.9156E-13
369.9	0.9737E-13
384.0	0.1035E-12
398.6	0.1101E-12
413.8	0.1170E-12
429.5	0.1243E-12
445.9	0.1320E-12
462.9	0.1402E-12
480.5	0.1488E-12
498.8	0.1579E-12
517.8	0.1675E-12
537.5	0.1776E-12
558.0	0.1882E-12
579.2	0.1994E-12
601.3	0.2112E-12
624.2	0.2235E-12
648.0	0.2364E-12
672.6	0.2499E-12
698.3	0.2641E-12
724.9	0.2788E-12
752.5	0.2943E-12
781.1	0.3103E-12
810.9	0.3271E-12
841.8	0.3445E-12
873.8	0.3625E-12
907.1	0.3812E-12
941.6	0.4006E-12
977.5	0.4206E-12
1015.	0.4412E-12
1053.	0.4626E-12
1094.	0.4845E-12
1135.	0.5071E-12
1178.	0.5302E-12
1223.	0.5540E-12
1270.	0.5783E-12
1318.	0.6031E-12
1368.	0.6285E-12
1421.	0.6544E-12
1475.	0.6807E-12
1531.	0.7075E-12
1589.	0.7347E-12
1650.	0.7622E-12
1712.	0.7901E-12
1778.	0.8182E-12
1845.	0.8468E-12
1916.	0.8754E-12
1989.	0.9041E-12
2064.	0.9331E-12
2143.	0.9622E-12
2225.	0.9912E-12
2309.	0.1020E-11
2397.	0.1049E-11
2489.	0.1079E-11
2583.	0.1107E-11
2682.	0.1136E-11
2784.	0.1164E-11
2890.	0.1193E-11
 
 
