BOLSIG+ version: 03/2016
Collision input data:
--------------------------------------------------
H                                                               
collisions.txt
 
 
 
Angular frequency / N (m3/s)               0.000    
Cosine of E-B field angle                  0.000    
Gas temperature (K)                        300.0    
Excitation temperature (K)                 300.0    
Transition energy (eV)                     0.000    
Ionization degree                          0.000    
Plasma density (1/m3)                     0.1000E+19
Ion charge parameter                       1.000    
Ion/neutral mass ratio                     1.000    
e-e momentum effects                       1.000    
Energy sharing                             1.000    
Growth model                               1.000    
Maxwellian mean energy (eV)                0.000    
# of grid points                           200.0    
Precision                                 0.1000E-09
Convergence                               0.1000E-03
Maximum # of iterations                    5000.    
Mole fraction H                            1.000    
 
 
E/N (Td)    	Electric field / N (Td)                                         
0.1000E-02	0.1000E-02
0.1038E-02	0.1038E-02
0.1078E-02	0.1078E-02
0.1119E-02	0.1119E-02
0.1161E-02	0.1161E-02
0.1205E-02	0.1205E-02
0.1251E-02	0.1251E-02
0.1299E-02	0.1299E-02
0.1349E-02	0.1349E-02
0.1400E-02	0.1400E-02
0.1453E-02	0.1453E-02
0.1509E-02	0.1509E-02
0.1566E-02	0.1566E-02
0.1626E-02	0.1626E-02
0.1688E-02	0.1688E-02
0.1752E-02	0.1752E-02
0.1819E-02	0.1819E-02
0.1888E-02	0.1888E-02
0.1960E-02	0.1960E-02
0.2034E-02	0.2034E-02
0.2112E-02	0.2112E-02
0.2192E-02	0.2192E-02
0.2276E-02	0.2276E-02
0.2362E-02	0.2362E-02
0.2452E-02	0.2452E-02
0.2546E-02	0.2546E-02
0.2643E-02	0.2643E-02
0.2743E-02	0.2743E-02
0.2848E-02	0.2848E-02
0.2956E-02	0.2956E-02
0.3069E-02	0.3069E-02
0.3186E-02	0.3186E-02
0.3307E-02	0.3307E-02
0.3433E-02	0.3433E-02
0.3564E-02	0.3564E-02
0.3700E-02	0.3700E-02
0.3841E-02	0.3841E-02
0.3987E-02	0.3987E-02
0.4139E-02	0.4139E-02
0.4296E-02	0.4296E-02
0.4460E-02	0.4460E-02
0.4630E-02	0.4630E-02
0.4806E-02	0.4806E-02
0.4989E-02	0.4989E-02
0.5179E-02	0.5179E-02
0.5377E-02	0.5377E-02
0.5581E-02	0.5581E-02
0.5794E-02	0.5794E-02
0.6015E-02	0.6015E-02
0.6244E-02	0.6244E-02
0.6481E-02	0.6481E-02
0.6728E-02	0.6728E-02
0.6985E-02	0.6985E-02
0.7251E-02	0.7251E-02
0.7527E-02	0.7527E-02
0.7813E-02	0.7813E-02
0.8111E-02	0.8111E-02
0.8420E-02	0.8420E-02
0.8741E-02	0.8741E-02
0.9073E-02	0.9073E-02
0.9419E-02	0.9419E-02
0.9778E-02	0.9778E-02
0.1015E-01	0.1015E-01
0.1054E-01	0.1054E-01
0.1094E-01	0.1094E-01
0.1135E-01	0.1135E-01
0.1179E-01	0.1179E-01
0.1224E-01	0.1224E-01
0.1270E-01	0.1270E-01
0.1319E-01	0.1319E-01
0.1369E-01	0.1369E-01
0.1421E-01	0.1421E-01
0.1475E-01	0.1475E-01
0.1531E-01	0.1531E-01
0.1590E-01	0.1590E-01
0.1650E-01	0.1650E-01
0.1713E-01	0.1713E-01
0.1778E-01	0.1778E-01
0.1846E-01	0.1846E-01
0.1916E-01	0.1916E-01
0.1989E-01	0.1989E-01
0.2065E-01	0.2065E-01
0.2144E-01	0.2144E-01
0.2225E-01	0.2225E-01
0.2310E-01	0.2310E-01
0.2398E-01	0.2398E-01
0.2489E-01	0.2489E-01
0.2584E-01	0.2584E-01
0.2682E-01	0.2682E-01
0.2785E-01	0.2785E-01
0.2891E-01	0.2891E-01
0.3001E-01	0.3001E-01
0.3115E-01	0.3115E-01
0.3234E-01	0.3234E-01
0.3357E-01	0.3357E-01
0.3485E-01	0.3485E-01
0.3617E-01	0.3617E-01
0.3755E-01	0.3755E-01
0.3898E-01	0.3898E-01
0.4047E-01	0.4047E-01
0.4201E-01	0.4201E-01
0.4361E-01	0.4361E-01
0.4527E-01	0.4527E-01
0.4699E-01	0.4699E-01
0.4878E-01	0.4878E-01
0.5064E-01	0.5064E-01
0.5257E-01	0.5257E-01
0.5457E-01	0.5457E-01
0.5665E-01	0.5665E-01
0.5881E-01	0.5881E-01
0.6105E-01	0.6105E-01
0.6337E-01	0.6337E-01
0.6579E-01	0.6579E-01
0.6829E-01	0.6829E-01
0.7089E-01	0.7089E-01
0.7359E-01	0.7359E-01
0.7640E-01	0.7640E-01
0.7931E-01	0.7931E-01
0.8233E-01	0.8233E-01
0.8546E-01	0.8546E-01
0.8872E-01	0.8872E-01
0.9210E-01	0.9210E-01
0.9560E-01	0.9560E-01
0.9924E-01	0.9924E-01
0.1030	0.1030
0.1069	0.1069
0.1110	0.1110
0.1152	0.1152
0.1196	0.1196
0.1242	0.1242
0.1289	0.1289
0.1338	0.1338
0.1389	0.1389
0.1442	0.1442
0.1497	0.1497
0.1554	0.1554
0.1613	0.1613
0.1675	0.1675
0.1739	0.1739
0.1805	0.1805
0.1874	0.1874
0.1945	0.1945
0.2019	0.2019
0.2096	0.2096
0.2176	0.2176
0.2259	0.2259
0.2345	0.2345
0.2434	0.2434
0.2527	0.2527
0.2623	0.2623
0.2723	0.2723
0.2826	0.2826
0.2934	0.2934
0.3046	0.3046
0.3162	0.3162
0.3282	0.3282
0.3407	0.3407
0.3537	0.3537
0.3672	0.3672
0.3812	0.3812
0.3957	0.3957
0.4107	0.4107
0.4264	0.4264
0.4426	0.4426
0.4595	0.4595
0.4770	0.4770
0.4952	0.4952
0.5140	0.5140
0.5336	0.5336
0.5539	0.5539
0.5750	0.5750
0.5969	0.5969
0.6196	0.6196
0.6432	0.6432
0.6677	0.6677
0.6932	0.6932
0.7196	0.7196
0.7470	0.7470
0.7754	0.7754
0.8050	0.8050
0.8356	0.8356
0.8674	0.8674
0.9005	0.9005
0.9348	0.9348
0.9704	0.9704
1.007	1.007
1.046	1.046
1.086	1.086
1.127	1.127
1.170	1.170
1.214	1.214
1.261	1.261
1.309	1.309
1.358	1.358
1.410	1.410
1.464	1.464
1.520	1.520
1.578	1.578
1.638	1.638
1.700	1.700
1.765	1.765
1.832	1.832
1.902	1.902
1.974	1.974
2.049	2.049
2.127	2.127
2.208	2.208
2.293	2.293
2.380	2.380
2.470	2.470
2.565	2.565
2.662	2.662
2.764	2.764
2.869	2.869
2.978	2.978
3.092	3.092
3.209	3.209
3.332	3.332
3.458	3.458
3.590	3.590
3.727	3.727
3.869	3.869
4.016	4.016
4.169	4.169
4.328	4.328
4.493	4.493
4.664	4.664
4.841	4.841
5.026	5.026
5.217	5.217
5.416	5.416
5.622	5.622
5.836	5.836
6.059	6.059
6.289	6.289
6.529	6.529
6.778	6.778
7.036	7.036
7.304	7.304
7.582	7.582
7.871	7.871
8.170	8.170
8.482	8.482
8.805	8.805
9.140	9.140
9.488	9.488
9.849	9.849
10.22	10.22
10.61	10.61
11.02	11.02
11.44	11.44
11.87	11.87
12.33	12.33
12.80	12.80
13.28	13.28
13.79	13.79
14.31	14.31
14.86	14.86
15.42	15.42
16.01	16.01
16.62	16.62
17.25	17.25
17.91	17.91
18.59	18.59
19.30	19.30
20.04	20.04
20.80	20.80
21.59	21.59
22.42	22.42
23.27	23.27
24.16	24.16
25.08	25.08
26.03	26.03
27.02	27.02
28.05	28.05
29.12	29.12
30.23	30.23
31.38	31.38
32.57	32.57
33.82	33.82
35.10	35.10
36.44	36.44
37.83	37.83
39.27	39.27
40.76	40.76
42.32	42.32
43.93	43.93
45.60	45.60
47.34	47.34
49.14	49.14
51.01	51.01
52.96	52.96
54.97	54.97
57.07	57.07
59.24	59.24
61.50	61.50
63.84	63.84
66.27	66.27
68.79	68.79
71.41	71.41
74.13	74.13
76.96	76.96
79.89	79.89
82.93	82.93
86.09	86.09
89.37	89.37
92.77	92.77
96.31	96.31
99.97	99.97
103.8	103.8
107.7	107.7
111.8	111.8
116.1	116.1
120.5	120.5
125.1	125.1
129.9	129.9
134.8	134.8
140.0	140.0
145.3	145.3
150.8	150.8
156.6	156.6
162.5	162.5
168.7	168.7
175.1	175.1
181.8	181.8
188.7	188.7
195.9	195.9
203.4	203.4
211.1	211.1
219.2	219.2
227.5	227.5
236.2	236.2
245.2	245.2
254.5	254.5
264.2	264.2
274.3	274.3
284.7	284.7
295.6	295.6
306.8	306.8
318.5	318.5
330.6	330.6
343.2	343.2
356.3	356.3
369.9	369.9
384.0	384.0
398.6	398.6
413.8	413.8
429.5	429.5
445.9	445.9
462.9	462.9
480.5	480.5
498.8	498.8
517.8	517.8
537.5	537.5
558.0	558.0
579.2	579.2
601.3	601.3
624.2	624.2
648.0	648.0
672.6	672.6
698.3	698.3
724.9	724.9
752.5	752.5
781.1	781.1
810.9	810.9
841.8	841.8
873.8	873.8
907.1	907.1
941.6	941.6
977.5	977.5
1015.	1015.
1053.	1053.
1094.	1094.
1135.	1135.
1178.	1178.
1223.	1223.
1270.	1270.
1318.	1318.
1368.	1368.
 
 
E/N (Td)    	Grid type                                                       
0.1000E-02	2.000
0.1038E-02	3.000
0.1078E-02	3.000
0.1119E-02	3.000
0.1161E-02	3.000
0.1205E-02	3.000
0.1251E-02	3.000
0.1299E-02	3.000
0.1349E-02	3.000
0.1400E-02	3.000
0.1453E-02	3.000
0.1509E-02	3.000
0.1566E-02	3.000
0.1626E-02	3.000
0.1688E-02	3.000
0.1752E-02	3.000
0.1819E-02	3.000
0.1888E-02	3.000
0.1960E-02	3.000
0.2034E-02	3.000
0.2112E-02	3.000
0.2192E-02	3.000
0.2276E-02	3.000
0.2362E-02	3.000
0.2452E-02	3.000
0.2546E-02	3.000
0.2643E-02	3.000
0.2743E-02	3.000
0.2848E-02	3.000
0.2956E-02	3.000
0.3069E-02	3.000
0.3186E-02	3.000
0.3307E-02	3.000
0.3433E-02	3.000
0.3564E-02	3.000
0.3700E-02	3.000
0.3841E-02	3.000
0.3987E-02	3.000
0.4139E-02	3.000
0.4296E-02	3.000
0.4460E-02	3.000
0.4630E-02	3.000
0.4806E-02	3.000
0.4989E-02	3.000
0.5179E-02	3.000
0.5377E-02	3.000
0.5581E-02	3.000
0.5794E-02	3.000
0.6015E-02	3.000
0.6244E-02	3.000
0.6481E-02	3.000
0.6728E-02	3.000
0.6985E-02	3.000
0.7251E-02	3.000
0.7527E-02	3.000
0.7813E-02	3.000
0.8111E-02	3.000
0.8420E-02	3.000
0.8741E-02	3.000
0.9073E-02	3.000
0.9419E-02	3.000
0.9778E-02	3.000
0.1015E-01	3.000
0.1054E-01	3.000
0.1094E-01	3.000
0.1135E-01	3.000
0.1179E-01	3.000
0.1224E-01	3.000
0.1270E-01	3.000
0.1319E-01	3.000
0.1369E-01	3.000
0.1421E-01	3.000
0.1475E-01	3.000
0.1531E-01	3.000
0.1590E-01	3.000
0.1650E-01	3.000
0.1713E-01	3.000
0.1778E-01	3.000
0.1846E-01	3.000
0.1916E-01	3.000
0.1989E-01	3.000
0.2065E-01	3.000
0.2144E-01	3.000
0.2225E-01	3.000
0.2310E-01	3.000
0.2398E-01	3.000
0.2489E-01	3.000
0.2584E-01	3.000
0.2682E-01	3.000
0.2785E-01	3.000
0.2891E-01	3.000
0.3001E-01	3.000
0.3115E-01	3.000
0.3234E-01	3.000
0.3357E-01	3.000
0.3485E-01	3.000
0.3617E-01	3.000
0.3755E-01	3.000
0.3898E-01	3.000
0.4047E-01	3.000
0.4201E-01	3.000
0.4361E-01	3.000
0.4527E-01	3.000
0.4699E-01	3.000
0.4878E-01	3.000
0.5064E-01	3.000
0.5257E-01	3.000
0.5457E-01	3.000
0.5665E-01	3.000
0.5881E-01	3.000
0.6105E-01	3.000
0.6337E-01	3.000
0.6579E-01	3.000
0.6829E-01	3.000
0.7089E-01	3.000
0.7359E-01	3.000
0.7640E-01	3.000
0.7931E-01	3.000
0.8233E-01	3.000
0.8546E-01	3.000
0.8872E-01	3.000
0.9210E-01	3.000
0.9560E-01	3.000
0.9924E-01	3.000
0.1030	3.000
0.1069	3.000
0.1110	3.000
0.1152	3.000
0.1196	3.000
0.1242	3.000
0.1289	3.000
0.1338	3.000
0.1389	3.000
0.1442	3.000
0.1497	3.000
0.1554	3.000
0.1613	3.000
0.1675	3.000
0.1739	3.000
0.1805	3.000
0.1874	3.000
0.1945	3.000
0.2019	3.000
0.2096	3.000
0.2176	3.000
0.2259	3.000
0.2345	3.000
0.2434	3.000
0.2527	3.000
0.2623	3.000
0.2723	3.000
0.2826	3.000
0.2934	3.000
0.3046	3.000
0.3162	3.000
0.3282	3.000
0.3407	3.000
0.3537	3.000
0.3672	3.000
0.3812	3.000
0.3957	3.000
0.4107	3.000
0.4264	3.000
0.4426	3.000
0.4595	3.000
0.4770	3.000
0.4952	3.000
0.5140	3.000
0.5336	3.000
0.5539	3.000
0.5750	3.000
0.5969	3.000
0.6196	3.000
0.6432	3.000
0.6677	3.000
0.6932	3.000
0.7196	3.000
0.7470	3.000
0.7754	3.000
0.8050	3.000
0.8356	3.000
0.8674	3.000
0.9005	3.000
0.9348	3.000
0.9704	3.000
1.007	3.000
1.046	3.000
1.086	3.000
1.127	3.000
1.170	3.000
1.214	3.000
1.261	3.000
1.309	3.000
1.358	3.000
1.410	3.000
1.464	3.000
1.520	3.000
1.578	3.000
1.638	3.000
1.700	3.000
1.765	3.000
1.832	3.000
1.902	3.000
1.974	3.000
2.049	3.000
2.127	3.000
2.208	3.000
2.293	3.000
2.380	3.000
2.470	3.000
2.565	3.000
2.662	3.000
2.764	3.000
2.869	3.000
2.978	3.000
3.092	3.000
3.209	3.000
3.332	3.000
3.458	3.000
3.590	3.000
3.727	3.000
3.869	3.000
4.016	3.000
4.169	3.000
4.328	3.000
4.493	3.000
4.664	3.000
4.841	3.000
5.026	3.000
5.217	3.000
5.416	3.000
5.622	3.000
5.836	3.000
6.059	3.000
6.289	3.000
6.529	3.000
6.778	3.000
7.036	3.000
7.304	3.000
7.582	3.000
7.871	3.000
8.170	3.000
8.482	3.000
8.805	3.000
9.140	3.000
9.488	3.000
9.849	3.000
10.22	3.000
10.61	3.000
11.02	3.000
11.44	3.000
11.87	3.000
12.33	3.000
12.80	3.000
13.28	3.000
13.79	3.000
14.31	3.000
14.86	3.000
15.42	3.000
16.01	3.000
16.62	3.000
17.25	3.000
17.91	3.000
18.59	3.000
19.30	3.000
20.04	3.000
20.80	3.000
21.59	3.000
22.42	3.000
23.27	3.000
24.16	3.000
25.08	3.000
26.03	3.000
27.02	3.000
28.05	3.000
29.12	3.000
30.23	3.000
31.38	3.000
32.57	3.000
33.82	3.000
35.10	3.000
36.44	3.000
37.83	3.000
39.27	3.000
40.76	3.000
42.32	3.000
43.93	3.000
45.60	3.000
47.34	3.000
49.14	3.000
51.01	3.000
52.96	3.000
54.97	3.000
57.07	3.000
59.24	3.000
61.50	3.000
63.84	3.000
66.27	3.000
68.79	3.000
71.41	3.000
74.13	3.000
76.96	3.000
79.89	3.000
82.93	3.000
86.09	3.000
89.37	3.000
92.77	3.000
96.31	3.000
99.97	3.000
103.8	3.000
107.7	3.000
111.8	3.000
116.1	3.000
120.5	3.000
125.1	3.000
129.9	3.000
134.8	3.000
140.0	3.000
145.3	3.000
150.8	3.000
156.6	3.000
162.5	3.000
168.7	3.000
175.1	3.000
181.8	3.000
188.7	3.000
195.9	3.000
203.4	3.000
211.1	3.000
219.2	3.000
227.5	3.000
236.2	3.000
245.2	3.000
254.5	3.000
264.2	3.000
274.3	3.000
284.7	3.000
295.6	3.000
306.8	3.000
318.5	3.000
330.6	3.000
343.2	3.000
356.3	3.000
369.9	3.000
384.0	3.000
398.6	3.000
413.8	3.000
429.5	3.000
445.9	3.000
462.9	3.000
480.5	3.000
498.8	3.000
517.8	3.000
537.5	3.000
558.0	3.000
579.2	3.000
601.3	3.000
624.2	3.000
648.0	3.000
672.6	3.000
698.3	3.000
724.9	3.000
752.5	3.000
781.1	3.000
810.9	3.000
841.8	3.000
873.8	3.000
907.1	3.000
941.6	3.000
977.5	3.000
1015.	3.000
1053.	3.000
1094.	3.000
1135.	3.000
1178.	3.000
1223.	3.000
1270.	3.000
1318.	3.000
1368.	3.000
 
 
E/N (Td)    	Maximum energy                                                  
0.1000E-02	2000.
0.1038E-02	0.6442
0.1078E-02	0.6442
0.1119E-02	0.6442
0.1161E-02	0.6442
0.1205E-02	0.6442
0.1251E-02	0.6442
0.1299E-02	0.6442
0.1349E-02	0.6442
0.1400E-02	0.6442
0.1453E-02	0.6442
0.1509E-02	0.6442
0.1566E-02	0.6442
0.1626E-02	0.6442
0.1688E-02	0.6442
0.1752E-02	0.6442
0.1819E-02	0.6442
0.1888E-02	0.6442
0.1960E-02	0.6442
0.2034E-02	0.6442
0.2112E-02	0.6442
0.2192E-02	0.6442
0.2276E-02	0.6442
0.2362E-02	0.6442
0.2452E-02	0.6442
0.2546E-02	0.6442
0.2643E-02	0.6442
0.2743E-02	0.6442
0.2848E-02	0.6442
0.2956E-02	0.6442
0.3069E-02	0.6442
0.3186E-02	0.6442
0.3307E-02	0.6442
0.3433E-02	0.6442
0.3564E-02	0.6442
0.3700E-02	0.6442
0.3841E-02	0.6442
0.3987E-02	0.6442
0.4139E-02	0.6442
0.4296E-02	0.6442
0.4460E-02	0.6442
0.4630E-02	0.6442
0.4806E-02	0.6442
0.4989E-02	0.6442
0.5179E-02	0.6442
0.5377E-02	0.6442
0.5581E-02	0.6442
0.5794E-02	0.6442
0.6015E-02	0.6442
0.6244E-02	0.6442
0.6481E-02	0.6442
0.6728E-02	0.6442
0.6985E-02	0.6442
0.7251E-02	0.6442
0.7527E-02	0.6442
0.7813E-02	0.6442
0.8111E-02	0.6442
0.8420E-02	0.6442
0.8741E-02	0.6442
0.9073E-02	0.6442
0.9419E-02	0.6442
0.9778E-02	0.6442
0.1015E-01	0.6442
0.1054E-01	0.6442
0.1094E-01	0.6442
0.1135E-01	0.6442
0.1179E-01	0.6442
0.1224E-01	0.6442
0.1270E-01	0.6442
0.1319E-01	0.6442
0.1369E-01	0.6442
0.1421E-01	0.6442
0.1475E-01	0.6442
0.1531E-01	0.6442
0.1590E-01	0.6442
0.1650E-01	0.6442
0.1713E-01	0.6442
0.1778E-01	0.6442
0.1846E-01	0.6442
0.1916E-01	0.6442
0.1989E-01	0.6442
0.2065E-01	0.6442
0.2144E-01	0.6442
0.2225E-01	0.6442
0.2310E-01	0.6442
0.2398E-01	0.6442
0.2489E-01	0.6442
0.2584E-01	0.6442
0.2682E-01	0.6442
0.2785E-01	0.6442
0.2891E-01	0.6442
0.3001E-01	0.6442
0.3115E-01	0.6442
0.3234E-01	0.6442
0.3357E-01	0.6442
0.3485E-01	0.6442
0.3617E-01	0.6442
0.3755E-01	0.6442
0.3898E-01	0.6442
0.4047E-01	0.6442
0.4201E-01	0.6442
0.4361E-01	0.6442
0.4527E-01	0.6442
0.4699E-01	0.6442
0.4878E-01	0.6442
0.5064E-01	0.6442
0.5257E-01	0.6442
0.5457E-01	0.6442
0.5665E-01	0.6442
0.5881E-01	0.6442
0.6105E-01	0.6442
0.6337E-01	0.6442
0.6579E-01	0.6442
0.6829E-01	0.6442
0.7089E-01	0.6442
0.7359E-01	0.6442
0.7640E-01	0.6442
0.7931E-01	0.6442
0.8233E-01	0.6442
0.8546E-01	0.6442
0.8872E-01	0.6442
0.9210E-01	0.6442
0.9560E-01	0.6442
0.9924E-01	0.6442
0.1030	0.6442
0.1069	0.6442
0.1110	0.6442
0.1152	0.6442
0.1196	0.6442
0.1242	0.6442
0.1289	0.6442
0.1338	0.6442
0.1389	0.6442
0.1442	0.6442
0.1497	0.6442
0.1554	0.6442
0.1613	0.6442
0.1675	0.6442
0.1739	0.6442
0.1805	0.6442
0.1874	0.6442
0.1945	0.6442
0.2019	0.6442
0.2096	0.6442
0.2176	0.6442
0.2259	0.6442
0.2345	0.6442
0.2434	0.6442
0.2527	0.6442
0.2623	0.6442
0.2723	0.6442
0.2826	0.6442
0.2934	0.6442
0.3046	0.6442
0.3162	0.6442
0.3282	0.6442
0.3407	0.6442
0.3537	0.6442
0.3672	0.6442
0.3812	0.7672
0.3957	0.7672
0.4107	0.7672
0.4264	0.7672
0.4426	0.7672
0.4595	0.7672
0.4770	0.7672
0.4952	0.7672
0.5140	0.7672
0.5336	0.7672
0.5539	0.7672
0.5750	0.7672
0.5969	0.7672
0.6196	0.7672
0.6432	0.7672
0.6677	0.7672
0.6932	0.7672
0.7196	0.7672
0.7470	0.7672
0.7754	0.7672
0.8050	0.7672
0.8356	0.7672
0.8674	0.9137
0.9005	0.9137
0.9348	0.9137
0.9704	0.9137
1.007	0.9137
1.046	0.9137
1.086	0.9137
1.127	0.9137
1.170	0.9137
1.214	0.9137
1.261	1.088
1.309	1.088
1.358	1.088
1.410	1.088
1.464	1.088
1.520	1.088
1.578	1.088
1.638	1.088
1.700	1.296
1.765	1.296
1.832	1.296
1.902	1.296
1.974	1.296
2.049	1.296
2.127	1.544
2.208	1.544
2.293	1.544
2.380	1.544
2.470	1.544
2.565	1.839
2.662	1.839
2.764	1.839
2.869	1.839
2.978	2.190
3.092	2.190
3.209	2.190
3.332	2.190
3.458	2.608
3.590	2.608
3.727	2.608
3.869	2.608
4.016	3.106
4.169	3.106
4.328	3.106
4.493	3.699
4.664	3.699
4.841	3.699
5.026	3.699
5.217	4.406
5.416	4.406
5.622	4.406
5.836	5.247
6.059	5.247
6.289	6.250
6.529	6.250
6.778	6.250
7.036	7.443
7.304	7.443
7.582	8.865
7.871	8.865
8.170	8.865
8.482	10.56
8.805	10.56
9.140	10.56
9.488	12.57
9.849	12.57
10.22	12.57
10.61	12.57
11.02	12.57
11.44	14.95
11.87	14.95
12.33	14.95
12.80	14.95
13.28	14.95
13.79	17.76
14.31	17.76
14.86	17.76
15.42	17.76
16.01	17.76
16.62	17.76
17.25	21.08
17.91	21.08
18.59	21.08
19.30	21.08
20.04	21.08
20.80	21.08
21.59	21.08
22.42	25.01
23.27	25.01
24.16	25.01
25.08	25.01
26.03	25.01
27.02	25.01
28.05	25.01
29.12	29.65
30.23	29.65
31.38	29.65
32.57	29.65
33.82	29.65
35.10	29.65
36.44	35.14
37.83	35.14
39.27	35.14
40.76	35.14
42.32	35.14
43.93	35.14
45.60	41.63
47.34	41.63
49.14	41.63
51.01	41.63
52.96	41.63
54.97	41.63
57.07	49.30
59.24	49.30
61.50	49.30
63.84	49.30
66.27	49.30
68.79	58.36
71.41	58.36
74.13	58.36
76.96	58.36
79.89	58.36
82.93	69.08
86.09	69.08
89.37	69.08
92.77	69.08
96.31	81.74
99.97	81.74
103.8	81.74
107.7	81.74
111.8	81.74
116.1	96.71
120.5	96.71
125.1	96.71
129.9	114.4
134.8	114.4
140.0	114.4
145.3	114.4
150.8	135.3
156.6	135.3
162.5	135.3
168.7	160.1
175.1	160.1
181.8	160.1
188.7	189.3
195.9	189.3
203.4	189.3
211.1	223.9
219.2	223.9
227.5	223.9
236.2	264.7
245.2	264.7
254.5	313.0
264.2	313.0
274.3	313.0
284.7	370.1
295.6	370.1
306.8	437.5
318.5	437.5
330.6	517.3
343.2	517.3
356.3	611.5
369.9	611.5
384.0	611.5
398.6	723.0
413.8	723.0
429.5	854.7
445.9	854.7
462.9	1010.
480.5	1010.
498.8	1194.
517.8	1194.
537.5	1412.
558.0	1412.
579.2	1669.
601.3	1669.
624.2	1973.
648.0	1973.
672.6	2333.
698.3	2333.
724.9	2757.
752.5	2757.
781.1	3260.
810.9	3260.
841.8	3853.
873.8	3853.
907.1	3853.
941.6	4555.
977.5	4555.
1015.	5384.
1053.	5384.
1094.	6365.
1135.	6365.
1178.	7524.
1223.	7524.
1270.	8894.
1318.	8894.
1368.	0.1000E+05
 
 
E/N (Td)	Mean energy (eV)
0.1000E-02	0.3877E-01
0.1038E-02	0.3878E-01
0.1078E-02	0.3878E-01
0.1119E-02	0.3878E-01
0.1161E-02	0.3878E-01
0.1205E-02	0.3878E-01
0.1251E-02	0.3878E-01
0.1299E-02	0.3878E-01
0.1349E-02	0.3878E-01
0.1400E-02	0.3878E-01
0.1453E-02	0.3878E-01
0.1509E-02	0.3878E-01
0.1566E-02	0.3878E-01
0.1626E-02	0.3878E-01
0.1688E-02	0.3878E-01
0.1752E-02	0.3878E-01
0.1819E-02	0.3878E-01
0.1888E-02	0.3878E-01
0.1960E-02	0.3878E-01
0.2034E-02	0.3878E-01
0.2112E-02	0.3878E-01
0.2192E-02	0.3878E-01
0.2276E-02	0.3878E-01
0.2362E-02	0.3878E-01
0.2452E-02	0.3878E-01
0.2546E-02	0.3878E-01
0.2643E-02	0.3878E-01
0.2743E-02	0.3878E-01
0.2848E-02	0.3878E-01
0.2956E-02	0.3878E-01
0.3069E-02	0.3878E-01
0.3186E-02	0.3878E-01
0.3307E-02	0.3878E-01
0.3433E-02	0.3878E-01
0.3564E-02	0.3878E-01
0.3700E-02	0.3878E-01
0.3841E-02	0.3878E-01
0.3987E-02	0.3878E-01
0.4139E-02	0.3878E-01
0.4296E-02	0.3878E-01
0.4460E-02	0.3878E-01
0.4630E-02	0.3878E-01
0.4806E-02	0.3878E-01
0.4989E-02	0.3878E-01
0.5179E-02	0.3878E-01
0.5377E-02	0.3878E-01
0.5581E-02	0.3878E-01
0.5794E-02	0.3878E-01
0.6015E-02	0.3878E-01
0.6244E-02	0.3878E-01
0.6481E-02	0.3878E-01
0.6728E-02	0.3878E-01
0.6985E-02	0.3878E-01
0.7251E-02	0.3878E-01
0.7527E-02	0.3878E-01
0.7813E-02	0.3878E-01
0.8111E-02	0.3878E-01
0.8420E-02	0.3878E-01
0.8741E-02	0.3878E-01
0.9073E-02	0.3879E-01
0.9419E-02	0.3879E-01
0.9778E-02	0.3879E-01
0.1015E-01	0.3879E-01
0.1054E-01	0.3879E-01
0.1094E-01	0.3879E-01
0.1135E-01	0.3879E-01
0.1179E-01	0.3879E-01
0.1224E-01	0.3879E-01
0.1270E-01	0.3879E-01
0.1319E-01	0.3879E-01
0.1369E-01	0.3879E-01
0.1421E-01	0.3879E-01
0.1475E-01	0.3880E-01
0.1531E-01	0.3880E-01
0.1590E-01	0.3880E-01
0.1650E-01	0.3880E-01
0.1713E-01	0.3880E-01
0.1778E-01	0.3880E-01
0.1846E-01	0.3880E-01
0.1916E-01	0.3881E-01
0.1989E-01	0.3881E-01
0.2065E-01	0.3881E-01
0.2144E-01	0.3881E-01
0.2225E-01	0.3882E-01
0.2310E-01	0.3882E-01
0.2398E-01	0.3882E-01
0.2489E-01	0.3883E-01
0.2584E-01	0.3883E-01
0.2682E-01	0.3883E-01
0.2785E-01	0.3884E-01
0.2891E-01	0.3884E-01
0.3001E-01	0.3885E-01
0.3115E-01	0.3885E-01
0.3234E-01	0.3886E-01
0.3357E-01	0.3886E-01
0.3485E-01	0.3887E-01
0.3617E-01	0.3888E-01
0.3755E-01	0.3888E-01
0.3898E-01	0.3889E-01
0.4047E-01	0.3890E-01
0.4201E-01	0.3891E-01
0.4361E-01	0.3892E-01
0.4527E-01	0.3893E-01
0.4699E-01	0.3894E-01
0.4878E-01	0.3896E-01
0.5064E-01	0.3897E-01
0.5257E-01	0.3898E-01
0.5457E-01	0.3900E-01
0.5665E-01	0.3902E-01
0.5881E-01	0.3904E-01
0.6105E-01	0.3906E-01
0.6337E-01	0.3908E-01
0.6579E-01	0.3910E-01
0.6829E-01	0.3912E-01
0.7089E-01	0.3915E-01
0.7359E-01	0.3918E-01
0.7640E-01	0.3921E-01
0.7931E-01	0.3924E-01
0.8233E-01	0.3928E-01
0.8546E-01	0.3931E-01
0.8872E-01	0.3935E-01
0.9210E-01	0.3940E-01
0.9560E-01	0.3944E-01
0.9924E-01	0.3949E-01
0.1030	0.3955E-01
0.1069	0.3961E-01
0.1110	0.3967E-01
0.1152	0.3973E-01
0.1196	0.3980E-01
0.1242	0.3988E-01
0.1289	0.3996E-01
0.1338	0.4005E-01
0.1389	0.4014E-01
0.1442	0.4024E-01
0.1497	0.4035E-01
0.1554	0.4046E-01
0.1613	0.4058E-01
0.1675	0.4071E-01
0.1739	0.4085E-01
0.1805	0.4099E-01
0.1874	0.4115E-01
0.1945	0.4132E-01
0.2019	0.4150E-01
0.2096	0.4169E-01
0.2176	0.4189E-01
0.2259	0.4210E-01
0.2345	0.4233E-01
0.2434	0.4257E-01
0.2527	0.4283E-01
0.2623	0.4310E-01
0.2723	0.4339E-01
0.2826	0.4369E-01
0.2934	0.4402E-01
0.3046	0.4436E-01
0.3162	0.4473E-01
0.3282	0.4511E-01
0.3407	0.4552E-01
0.3537	0.4595E-01
0.3672	0.4640E-01
0.3812	0.4688E-01
0.3957	0.4738E-01
0.4107	0.4791E-01
0.4264	0.4847E-01
0.4426	0.4906E-01
0.4595	0.4968E-01
0.4770	0.5034E-01
0.4952	0.5102E-01
0.5140	0.5175E-01
0.5336	0.5251E-01
0.5539	0.5330E-01
0.5750	0.5414E-01
0.5969	0.5502E-01
0.6196	0.5594E-01
0.6432	0.5691E-01
0.6677	0.5792E-01
0.6932	0.5898E-01
0.7196	0.6010E-01
0.7470	0.6126E-01
0.7754	0.6248E-01
0.8050	0.6376E-01
0.8356	0.6510E-01
0.8674	0.6650E-01
0.9005	0.6797E-01
0.9348	0.6950E-01
0.9704	0.7111E-01
1.007	0.7279E-01
1.046	0.7454E-01
1.086	0.7638E-01
1.127	0.7831E-01
1.170	0.8032E-01
1.214	0.8243E-01
1.261	0.8463E-01
1.309	0.8694E-01
1.358	0.8935E-01
1.410	0.9188E-01
1.464	0.9453E-01
1.520	0.9730E-01
1.578	0.1002
1.638	0.1032
1.700	0.1064
1.765	0.1098
1.832	0.1133
1.902	0.1169
1.974	0.1208
2.049	0.1248
2.127	0.1291
2.208	0.1336
2.293	0.1383
2.380	0.1432
2.470	0.1484
2.565	0.1539
2.662	0.1596
2.764	0.1657
2.869	0.1721
2.978	0.1788
3.092	0.1859
3.209	0.1935
3.332	0.2014
3.458	0.2098
3.590	0.2187
3.727	0.2281
3.869	0.2380
4.016	0.2486
4.169	0.2598
4.328	0.2716
4.493	0.2842
4.664	0.2975
4.841	0.3118
5.026	0.3268
5.217	0.3429
5.416	0.3601
5.622	0.3783
5.836	0.3978
6.059	0.4186
6.289	0.4409
6.529	0.4646
6.778	0.4900
7.036	0.5172
7.304	0.5463
7.582	0.5775
7.871	0.6109
8.170	0.6468
8.482	0.6854
8.805	0.7267
9.140	0.7711
9.488	0.8189
9.849	0.8703
10.22	0.9257
10.61	0.9854
11.02	1.050
11.44	1.119
11.87	1.194
12.33	1.275
12.80	1.362
13.28	1.454
13.79	1.552
14.31	1.655
14.86	1.762
15.42	1.871
16.01	1.981
16.62	2.092
17.25	2.200
17.91	2.305
18.59	2.406
19.30	2.502
20.04	2.593
20.80	2.678
21.59	2.757
22.42	2.832
23.27	2.903
24.16	2.969
25.08	3.031
26.03	3.090
27.02	3.147
28.05	3.203
29.12	3.255
30.23	3.305
31.38	3.353
32.57	3.401
33.82	3.448
35.10	3.493
36.44	3.539
37.83	3.585
39.27	3.631
40.76	3.677
42.32	3.724
43.93	3.770
45.60	3.817
47.34	3.866
49.14	3.915
51.01	3.966
52.96	4.018
54.97	4.071
57.07	4.125
59.24	4.181
61.50	4.239
63.84	4.298
66.27	4.359
68.79	4.422
71.41	4.488
74.13	4.556
76.96	4.626
79.89	4.700
82.93	4.776
86.09	4.855
89.37	4.936
92.77	5.021
96.31	5.109
99.97	5.202
103.8	5.299
107.7	5.400
111.8	5.505
116.1	5.616
120.5	5.731
125.1	5.853
129.9	5.980
134.8	6.113
140.0	6.253
145.3	6.401
150.8	6.556
156.6	6.718
162.5	6.889
168.7	7.069
175.1	7.260
181.8	7.462
188.7	7.674
195.9	7.898
203.4	8.136
211.1	8.386
219.2	8.651
227.5	8.931
236.2	9.228
245.2	9.541
254.5	9.875
264.2	10.23
274.3	10.61
284.7	11.00
295.6	11.42
306.8	11.87
318.5	12.35
330.6	12.86
343.2	13.40
356.3	13.97
369.9	14.57
384.0	15.22
398.6	15.90
413.8	16.63
429.5	17.41
445.9	18.24
462.9	19.12
480.5	20.05
498.8	21.05
517.8	22.11
537.5	23.24
558.0	24.45
579.2	25.73
601.3	27.09
624.2	28.55
648.0	30.11
672.6	31.78
698.3	33.56
724.9	35.46
752.5	37.50
781.1	39.68
810.9	42.03
841.8	44.53
873.8	47.23
907.1	50.12
941.6	53.23
977.5	56.59
1015.	60.21
1053.	64.10
1094.	68.32
1135.	72.90
1178.	77.85
1223.	83.23
1270.	89.08
1318.	95.45
1368.	102.4
 
 
E/N (Td)	Mobility *N (1/m/V/s)
0.1000E-02	0.3542E+25
0.1038E-02	0.3539E+25
0.1078E-02	0.3539E+25
0.1119E-02	0.3539E+25
0.1161E-02	0.3539E+25
0.1205E-02	0.3539E+25
0.1251E-02	0.3539E+25
0.1299E-02	0.3539E+25
0.1349E-02	0.3539E+25
0.1400E-02	0.3539E+25
0.1453E-02	0.3539E+25
0.1509E-02	0.3539E+25
0.1566E-02	0.3539E+25
0.1626E-02	0.3539E+25
0.1688E-02	0.3539E+25
0.1752E-02	0.3539E+25
0.1819E-02	0.3539E+25
0.1888E-02	0.3539E+25
0.1960E-02	0.3539E+25
0.2034E-02	0.3539E+25
0.2112E-02	0.3539E+25
0.2192E-02	0.3539E+25
0.2276E-02	0.3539E+25
0.2362E-02	0.3539E+25
0.2452E-02	0.3539E+25
0.2546E-02	0.3539E+25
0.2643E-02	0.3539E+25
0.2743E-02	0.3539E+25
0.2848E-02	0.3539E+25
0.2956E-02	0.3539E+25
0.3069E-02	0.3539E+25
0.3186E-02	0.3539E+25
0.3307E-02	0.3539E+25
0.3433E-02	0.3539E+25
0.3564E-02	0.3539E+25
0.3700E-02	0.3539E+25
0.3841E-02	0.3539E+25
0.3987E-02	0.3539E+25
0.4139E-02	0.3539E+25
0.4296E-02	0.3539E+25
0.4460E-02	0.3539E+25
0.4630E-02	0.3539E+25
0.4806E-02	0.3539E+25
0.4989E-02	0.3539E+25
0.5179E-02	0.3539E+25
0.5377E-02	0.3539E+25
0.5581E-02	0.3539E+25
0.5794E-02	0.3539E+25
0.6015E-02	0.3539E+25
0.6244E-02	0.3539E+25
0.6481E-02	0.3539E+25
0.6728E-02	0.3539E+25
0.6985E-02	0.3539E+25
0.7251E-02	0.3539E+25
0.7527E-02	0.3539E+25
0.7813E-02	0.3539E+25
0.8111E-02	0.3539E+25
0.8420E-02	0.3539E+25
0.8741E-02	0.3539E+25
0.9073E-02	0.3539E+25
0.9419E-02	0.3539E+25
0.9778E-02	0.3539E+25
0.1015E-01	0.3539E+25
0.1054E-01	0.3539E+25
0.1094E-01	0.3539E+25
0.1135E-01	0.3539E+25
0.1179E-01	0.3539E+25
0.1224E-01	0.3539E+25
0.1270E-01	0.3539E+25
0.1319E-01	0.3538E+25
0.1369E-01	0.3538E+25
0.1421E-01	0.3538E+25
0.1475E-01	0.3538E+25
0.1531E-01	0.3538E+25
0.1590E-01	0.3538E+25
0.1650E-01	0.3538E+25
0.1713E-01	0.3538E+25
0.1778E-01	0.3538E+25
0.1846E-01	0.3537E+25
0.1916E-01	0.3537E+25
0.1989E-01	0.3537E+25
0.2065E-01	0.3537E+25
0.2144E-01	0.3537E+25
0.2225E-01	0.3537E+25
0.2310E-01	0.3536E+25
0.2398E-01	0.3536E+25
0.2489E-01	0.3536E+25
0.2584E-01	0.3536E+25
0.2682E-01	0.3535E+25
0.2785E-01	0.3535E+25
0.2891E-01	0.3535E+25
0.3001E-01	0.3534E+25
0.3115E-01	0.3534E+25
0.3234E-01	0.3533E+25
0.3357E-01	0.3533E+25
0.3485E-01	0.3533E+25
0.3617E-01	0.3532E+25
0.3755E-01	0.3531E+25
0.3898E-01	0.3531E+25
0.4047E-01	0.3530E+25
0.4201E-01	0.3529E+25
0.4361E-01	0.3529E+25
0.4527E-01	0.3528E+25
0.4699E-01	0.3527E+25
0.4878E-01	0.3526E+25
0.5064E-01	0.3525E+25
0.5257E-01	0.3524E+25
0.5457E-01	0.3523E+25
0.5665E-01	0.3522E+25
0.5881E-01	0.3520E+25
0.6105E-01	0.3519E+25
0.6337E-01	0.3517E+25
0.6579E-01	0.3515E+25
0.6829E-01	0.3514E+25
0.7089E-01	0.3512E+25
0.7359E-01	0.3510E+25
0.7640E-01	0.3508E+25
0.7931E-01	0.3505E+25
0.8233E-01	0.3503E+25
0.8546E-01	0.3500E+25
0.8872E-01	0.3497E+25
0.9210E-01	0.3494E+25
0.9560E-01	0.3491E+25
0.9924E-01	0.3487E+25
0.1030	0.3484E+25
0.1069	0.3480E+25
0.1110	0.3476E+25
0.1152	0.3471E+25
0.1196	0.3466E+25
0.1242	0.3461E+25
0.1289	0.3456E+25
0.1338	0.3450E+25
0.1389	0.3444E+25
0.1442	0.3438E+25
0.1497	0.3431E+25
0.1554	0.3424E+25
0.1613	0.3416E+25
0.1675	0.3409E+25
0.1739	0.3400E+25
0.1805	0.3391E+25
0.1874	0.3382E+25
0.1945	0.3372E+25
0.2019	0.3362E+25
0.2096	0.3351E+25
0.2176	0.3340E+25
0.2259	0.3329E+25
0.2345	0.3316E+25
0.2434	0.3304E+25
0.2527	0.3290E+25
0.2623	0.3276E+25
0.2723	0.3262E+25
0.2826	0.3247E+25
0.2934	0.3231E+25
0.3046	0.3215E+25
0.3162	0.3198E+25
0.3282	0.3181E+25
0.3407	0.3163E+25
0.3537	0.3145E+25
0.3672	0.3126E+25
0.3812	0.3106E+25
0.3957	0.3086E+25
0.4107	0.3065E+25
0.4264	0.3044E+25
0.4426	0.3022E+25
0.4595	0.3000E+25
0.4770	0.2977E+25
0.4952	0.2954E+25
0.5140	0.2930E+25
0.5336	0.2906E+25
0.5539	0.2882E+25
0.5750	0.2857E+25
0.5969	0.2831E+25
0.6196	0.2806E+25
0.6432	0.2779E+25
0.6677	0.2753E+25
0.6932	0.2726E+25
0.7196	0.2699E+25
0.7470	0.2672E+25
0.7754	0.2645E+25
0.8050	0.2617E+25
0.8356	0.2590E+25
0.8674	0.2562E+25
0.9005	0.2534E+25
0.9348	0.2506E+25
0.9704	0.2478E+25
1.007	0.2449E+25
1.046	0.2421E+25
1.086	0.2393E+25
1.127	0.2365E+25
1.170	0.2337E+25
1.214	0.2309E+25
1.261	0.2281E+25
1.309	0.2253E+25
1.358	0.2226E+25
1.410	0.2198E+25
1.464	0.2171E+25
1.520	0.2144E+25
1.578	0.2117E+25
1.638	0.2091E+25
1.700	0.2064E+25
1.765	0.2038E+25
1.832	0.2013E+25
1.902	0.1987E+25
1.974	0.1962E+25
2.049	0.1938E+25
2.127	0.1913E+25
2.208	0.1889E+25
2.293	0.1866E+25
2.380	0.1842E+25
2.470	0.1819E+25
2.565	0.1797E+25
2.662	0.1775E+25
2.764	0.1753E+25
2.869	0.1732E+25
2.978	0.1711E+25
3.092	0.1691E+25
3.209	0.1671E+25
3.332	0.1652E+25
3.458	0.1633E+25
3.590	0.1614E+25
3.727	0.1596E+25
3.869	0.1578E+25
4.016	0.1561E+25
4.169	0.1544E+25
4.328	0.1528E+25
4.493	0.1512E+25
4.664	0.1496E+25
4.841	0.1481E+25
5.026	0.1467E+25
5.217	0.1453E+25
5.416	0.1439E+25
5.622	0.1426E+25
5.836	0.1413E+25
6.059	0.1401E+25
6.289	0.1389E+25
6.529	0.1378E+25
6.778	0.1367E+25
7.036	0.1356E+25
7.304	0.1346E+25
7.582	0.1337E+25
7.871	0.1328E+25
8.170	0.1319E+25
8.482	0.1311E+25
8.805	0.1303E+25
9.140	0.1295E+25
9.488	0.1288E+25
9.849	0.1282E+25
10.22	0.1275E+25
10.61	0.1270E+25
11.02	0.1264E+25
11.44	0.1260E+25
11.87	0.1256E+25
12.33	0.1252E+25
12.80	0.1249E+25
13.28	0.1247E+25
13.79	0.1245E+25
14.31	0.1244E+25
14.86	0.1244E+25
15.42	0.1244E+25
16.01	0.1245E+25
16.62	0.1247E+25
17.25	0.1249E+25
17.91	0.1251E+25
18.59	0.1253E+25
19.30	0.1256E+25
20.04	0.1259E+25
20.80	0.1262E+25
21.59	0.1265E+25
22.42	0.1267E+25
23.27	0.1270E+25
24.16	0.1273E+25
25.08	0.1275E+25
26.03	0.1277E+25
27.02	0.1280E+25
28.05	0.1281E+25
29.12	0.1283E+25
30.23	0.1285E+25
31.38	0.1288E+25
32.57	0.1289E+25
33.82	0.1291E+25
35.10	0.1294E+25
36.44	0.1296E+25
37.83	0.1298E+25
39.27	0.1300E+25
40.76	0.1302E+25
42.32	0.1304E+25
43.93	0.1306E+25
45.60	0.1308E+25
47.34	0.1311E+25
49.14	0.1313E+25
51.01	0.1315E+25
52.96	0.1317E+25
54.97	0.1319E+25
57.07	0.1322E+25
59.24	0.1325E+25
61.50	0.1327E+25
63.84	0.1330E+25
66.27	0.1333E+25
68.79	0.1336E+25
71.41	0.1339E+25
74.13	0.1343E+25
76.96	0.1346E+25
79.89	0.1348E+25
82.93	0.1352E+25
86.09	0.1356E+25
89.37	0.1359E+25
92.77	0.1364E+25
96.31	0.1369E+25
99.97	0.1373E+25
103.8	0.1377E+25
107.7	0.1382E+25
111.8	0.1388E+25
116.1	0.1393E+25
120.5	0.1399E+25
125.1	0.1403E+25
129.9	0.1408E+25
134.8	0.1414E+25
140.0	0.1419E+25
145.3	0.1425E+25
150.8	0.1431E+25
156.6	0.1437E+25
162.5	0.1442E+25
168.7	0.1449E+25
175.1	0.1455E+25
181.8	0.1463E+25
188.7	0.1470E+25
195.9	0.1477E+25
203.4	0.1484E+25
211.1	0.1491E+25
219.2	0.1498E+25
227.5	0.1505E+25
236.2	0.1512E+25
245.2	0.1518E+25
254.5	0.1524E+25
264.2	0.1531E+25
274.3	0.1539E+25
284.7	0.1545E+25
295.6	0.1550E+25
306.8	0.1556E+25
318.5	0.1561E+25
330.6	0.1567E+25
343.2	0.1572E+25
356.3	0.1577E+25
369.9	0.1581E+25
384.0	0.1584E+25
398.6	0.1588E+25
413.8	0.1590E+25
429.5	0.1593E+25
445.9	0.1597E+25
462.9	0.1598E+25
480.5	0.1599E+25
498.8	0.1600E+25
517.8	0.1601E+25
537.5	0.1601E+25
558.0	0.1601E+25
579.2	0.1600E+25
601.3	0.1598E+25
624.2	0.1597E+25
648.0	0.1595E+25
672.6	0.1593E+25
698.3	0.1591E+25
724.9	0.1589E+25
752.5	0.1587E+25
781.1	0.1585E+25
810.9	0.1583E+25
841.8	0.1581E+25
873.8	0.1579E+25
907.1	0.1576E+25
941.6	0.1575E+25
977.5	0.1573E+25
1015.	0.1572E+25
1053.	0.1571E+25
1094.	0.1570E+25
1135.	0.1571E+25
1178.	0.1571E+25
1223.	0.1573E+25
1270.	0.1575E+25
1318.	0.1578E+25
1368.	0.1582E+25
 
 
E/N (Td)	Diffusion coefficient *N (1/m/s)
0.1000E-02	0.9158E+23
0.1038E-02	0.9162E+23
0.1078E-02	0.9162E+23
0.1119E-02	0.9162E+23
0.1161E-02	0.9162E+23
0.1205E-02	0.9162E+23
0.1251E-02	0.9162E+23
0.1299E-02	0.9162E+23
0.1349E-02	0.9162E+23
0.1400E-02	0.9162E+23
0.1453E-02	0.9162E+23
0.1509E-02	0.9162E+23
0.1566E-02	0.9162E+23
0.1626E-02	0.9162E+23
0.1688E-02	0.9162E+23
0.1752E-02	0.9162E+23
0.1819E-02	0.9162E+23
0.1888E-02	0.9162E+23
0.1960E-02	0.9162E+23
0.2034E-02	0.9162E+23
0.2112E-02	0.9162E+23
0.2192E-02	0.9162E+23
0.2276E-02	0.9162E+23
0.2362E-02	0.9162E+23
0.2452E-02	0.9162E+23
0.2546E-02	0.9162E+23
0.2643E-02	0.9162E+23
0.2743E-02	0.9162E+23
0.2848E-02	0.9162E+23
0.2956E-02	0.9162E+23
0.3069E-02	0.9162E+23
0.3186E-02	0.9162E+23
0.3307E-02	0.9162E+23
0.3433E-02	0.9162E+23
0.3564E-02	0.9162E+23
0.3700E-02	0.9162E+23
0.3841E-02	0.9162E+23
0.3987E-02	0.9162E+23
0.4139E-02	0.9162E+23
0.4296E-02	0.9162E+23
0.4460E-02	0.9162E+23
0.4630E-02	0.9162E+23
0.4806E-02	0.9162E+23
0.4989E-02	0.9162E+23
0.5179E-02	0.9163E+23
0.5377E-02	0.9163E+23
0.5581E-02	0.9163E+23
0.5794E-02	0.9163E+23
0.6015E-02	0.9163E+23
0.6244E-02	0.9163E+23
0.6481E-02	0.9163E+23
0.6728E-02	0.9163E+23
0.6985E-02	0.9163E+23
0.7251E-02	0.9163E+23
0.7527E-02	0.9163E+23
0.7813E-02	0.9163E+23
0.8111E-02	0.9163E+23
0.8420E-02	0.9163E+23
0.8741E-02	0.9163E+23
0.9073E-02	0.9163E+23
0.9419E-02	0.9163E+23
0.9778E-02	0.9163E+23
0.1015E-01	0.9163E+23
0.1054E-01	0.9163E+23
0.1094E-01	0.9163E+23
0.1135E-01	0.9164E+23
0.1179E-01	0.9164E+23
0.1224E-01	0.9164E+23
0.1270E-01	0.9164E+23
0.1319E-01	0.9164E+23
0.1369E-01	0.9164E+23
0.1421E-01	0.9164E+23
0.1475E-01	0.9164E+23
0.1531E-01	0.9165E+23
0.1590E-01	0.9165E+23
0.1650E-01	0.9165E+23
0.1713E-01	0.9165E+23
0.1778E-01	0.9165E+23
0.1846E-01	0.9166E+23
0.1916E-01	0.9166E+23
0.1989E-01	0.9166E+23
0.2065E-01	0.9167E+23
0.2144E-01	0.9167E+23
0.2225E-01	0.9167E+23
0.2310E-01	0.9168E+23
0.2398E-01	0.9168E+23
0.2489E-01	0.9169E+23
0.2584E-01	0.9169E+23
0.2682E-01	0.9170E+23
0.2785E-01	0.9170E+23
0.2891E-01	0.9171E+23
0.3001E-01	0.9171E+23
0.3115E-01	0.9172E+23
0.3234E-01	0.9173E+23
0.3357E-01	0.9174E+23
0.3485E-01	0.9175E+23
0.3617E-01	0.9176E+23
0.3755E-01	0.9177E+23
0.3898E-01	0.9178E+23
0.4047E-01	0.9179E+23
0.4201E-01	0.9180E+23
0.4361E-01	0.9182E+23
0.4527E-01	0.9183E+23
0.4699E-01	0.9185E+23
0.4878E-01	0.9186E+23
0.5064E-01	0.9188E+23
0.5257E-01	0.9190E+23
0.5457E-01	0.9192E+23
0.5665E-01	0.9195E+23
0.5881E-01	0.9197E+23
0.6105E-01	0.9200E+23
0.6337E-01	0.9203E+23
0.6579E-01	0.9206E+23
0.6829E-01	0.9209E+23
0.7089E-01	0.9213E+23
0.7359E-01	0.9217E+23
0.7640E-01	0.9221E+23
0.7931E-01	0.9225E+23
0.8233E-01	0.9230E+23
0.8546E-01	0.9235E+23
0.8872E-01	0.9240E+23
0.9210E-01	0.9246E+23
0.9560E-01	0.9252E+23
0.9924E-01	0.9259E+23
0.1030	0.9266E+23
0.1069	0.9274E+23
0.1110	0.9282E+23
0.1152	0.9291E+23
0.1196	0.9300E+23
0.1242	0.9310E+23
0.1289	0.9321E+23
0.1338	0.9333E+23
0.1389	0.9345E+23
0.1442	0.9358E+23
0.1497	0.9372E+23
0.1554	0.9387E+23
0.1613	0.9403E+23
0.1675	0.9419E+23
0.1739	0.9437E+23
0.1805	0.9456E+23
0.1874	0.9477E+23
0.1945	0.9498E+23
0.2019	0.9521E+23
0.2096	0.9545E+23
0.2176	0.9571E+23
0.2259	0.9598E+23
0.2345	0.9627E+23
0.2434	0.9658E+23
0.2527	0.9690E+23
0.2623	0.9724E+23
0.2723	0.9760E+23
0.2826	0.9798E+23
0.2934	0.9838E+23
0.3046	0.9881E+23
0.3162	0.9925E+23
0.3282	0.9972E+23
0.3407	0.1002E+24
0.3537	0.1007E+24
0.3672	0.1013E+24
0.3812	0.1018E+24
0.3957	0.1024E+24
0.4107	0.1031E+24
0.4264	0.1037E+24
0.4426	0.1044E+24
0.4595	0.1051E+24
0.4770	0.1059E+24
0.4952	0.1067E+24
0.5140	0.1075E+24
0.5336	0.1083E+24
0.5539	0.1092E+24
0.5750	0.1101E+24
0.5969	0.1111E+24
0.6196	0.1121E+24
0.6432	0.1131E+24
0.6677	0.1142E+24
0.6932	0.1153E+24
0.7196	0.1165E+24
0.7470	0.1177E+24
0.7754	0.1190E+24
0.8050	0.1203E+24
0.8356	0.1217E+24
0.8674	0.1231E+24
0.9005	0.1246E+24
0.9348	0.1261E+24
0.9704	0.1277E+24
1.007	0.1293E+24
1.046	0.1310E+24
1.086	0.1328E+24
1.127	0.1346E+24
1.170	0.1365E+24
1.214	0.1385E+24
1.261	0.1405E+24
1.309	0.1426E+24
1.358	0.1448E+24
1.410	0.1471E+24
1.464	0.1495E+24
1.520	0.1520E+24
1.578	0.1546E+24
1.638	0.1572E+24
1.700	0.1600E+24
1.765	0.1629E+24
1.832	0.1659E+24
1.902	0.1690E+24
1.974	0.1723E+24
2.049	0.1757E+24
2.127	0.1793E+24
2.208	0.1830E+24
2.293	0.1868E+24
2.380	0.1909E+24
2.470	0.1952E+24
2.565	0.1996E+24
2.662	0.2043E+24
2.764	0.2092E+24
2.869	0.2143E+24
2.978	0.2197E+24
3.092	0.2254E+24
3.209	0.2314E+24
3.332	0.2377E+24
3.458	0.2443E+24
3.590	0.2513E+24
3.727	0.2586E+24
3.869	0.2664E+24
4.016	0.2746E+24
4.169	0.2833E+24
4.328	0.2926E+24
4.493	0.3023E+24
4.664	0.3126E+24
4.841	0.3236E+24
5.026	0.3353E+24
5.217	0.3477E+24
5.416	0.3609E+24
5.622	0.3750E+24
5.836	0.3899E+24
6.059	0.4060E+24
6.289	0.4231E+24
6.529	0.4414E+24
6.778	0.4609E+24
7.036	0.4819E+24
7.304	0.5044E+24
7.582	0.5284E+24
7.871	0.5542E+24
8.170	0.5820E+24
8.482	0.6117E+24
8.805	0.6437E+24
9.140	0.6780E+24
9.488	0.7150E+24
9.849	0.7549E+24
10.22	0.7981E+24
10.61	0.8447E+24
11.02	0.8951E+24
11.44	0.9498E+24
11.87	0.1009E+25
12.33	0.1073E+25
12.80	0.1142E+25
13.28	0.1216E+25
13.79	0.1295E+25
14.31	0.1379E+25
14.86	0.1466E+25
15.42	0.1557E+25
16.01	0.1648E+25
16.62	0.1741E+25
17.25	0.1832E+25
17.91	0.1921E+25
18.59	0.2007E+25
19.30	0.2089E+25
20.04	0.2168E+25
20.80	0.2242E+25
21.59	0.2311E+25
22.42	0.2377E+25
23.27	0.2439E+25
24.16	0.2498E+25
25.08	0.2554E+25
26.03	0.2607E+25
27.02	0.2658E+25
28.05	0.2708E+25
29.12	0.2755E+25
30.23	0.2801E+25
31.38	0.2845E+25
32.57	0.2889E+25
33.82	0.2932E+25
35.10	0.2974E+25
36.44	0.3017E+25
37.83	0.3060E+25
39.27	0.3103E+25
40.76	0.3147E+25
42.32	0.3191E+25
43.93	0.3235E+25
45.60	0.3281E+25
47.34	0.3327E+25
49.14	0.3375E+25
51.01	0.3424E+25
52.96	0.3475E+25
54.97	0.3526E+25
57.07	0.3580E+25
59.24	0.3635E+25
61.50	0.3692E+25
63.84	0.3751E+25
66.27	0.3813E+25
68.79	0.3877E+25
71.41	0.3944E+25
74.13	0.4013E+25
76.96	0.4085E+25
79.89	0.4159E+25
82.93	0.4237E+25
86.09	0.4319E+25
89.37	0.4405E+25
92.77	0.4497E+25
96.31	0.4591E+25
99.97	0.4691E+25
103.8	0.4795E+25
107.7	0.4904E+25
111.8	0.5024E+25
116.1	0.5145E+25
120.5	0.5273E+25
125.1	0.5403E+25
129.9	0.5545E+25
134.8	0.5694E+25
140.0	0.5852E+25
145.3	0.6018E+25
150.8	0.6194E+25
156.6	0.6380E+25
162.5	0.6569E+25
168.7	0.6777E+25
175.1	0.6996E+25
181.8	0.7238E+25
188.7	0.7485E+25
195.9	0.7745E+25
203.4	0.8026E+25
211.1	0.8319E+25
219.2	0.8629E+25
227.5	0.8958E+25
236.2	0.9307E+25
245.2	0.9672E+25
254.5	0.1006E+26
264.2	0.1048E+26
274.3	0.1093E+26
284.7	0.1140E+26
295.6	0.1188E+26
306.8	0.1240E+26
318.5	0.1296E+26
330.6	0.1355E+26
343.2	0.1417E+26
356.3	0.1483E+26
369.9	0.1553E+26
384.0	0.1626E+26
398.6	0.1703E+26
413.8	0.1785E+26
429.5	0.1872E+26
445.9	0.1967E+26
462.9	0.2064E+26
480.5	0.2166E+26
498.8	0.2276E+26
517.8	0.2393E+26
537.5	0.2516E+26
558.0	0.2647E+26
579.2	0.2786E+26
601.3	0.2931E+26
624.2	0.3087E+26
648.0	0.3255E+26
672.6	0.3432E+26
698.3	0.3622E+26
724.9	0.3824E+26
752.5	0.4042E+26
781.1	0.4275E+26
810.9	0.4528E+26
841.8	0.4796E+26
873.8	0.5086E+26
907.1	0.5398E+26
941.6	0.5736E+26
977.5	0.6105E+26
1015.	0.6503E+26
1053.	0.6935E+26
1094.	0.7408E+26
1135.	0.7928E+26
1178.	0.8494E+26
1223.	0.9119E+26
1270.	0.9805E+26
1318.	0.1056E+27
1368.	0.1140E+27
 
 
E/N (Td)	Energy mobility *N (1/m/V/s)
0.1000E-02	0.4751E+25
0.1038E-02	0.4753E+25
0.1078E-02	0.4753E+25
0.1119E-02	0.4753E+25
0.1161E-02	0.4753E+25
0.1205E-02	0.4753E+25
0.1251E-02	0.4753E+25
0.1299E-02	0.4753E+25
0.1349E-02	0.4753E+25
0.1400E-02	0.4753E+25
0.1453E-02	0.4753E+25
0.1509E-02	0.4753E+25
0.1566E-02	0.4753E+25
0.1626E-02	0.4753E+25
0.1688E-02	0.4753E+25
0.1752E-02	0.4753E+25
0.1819E-02	0.4753E+25
0.1888E-02	0.4753E+25
0.1960E-02	0.4753E+25
0.2034E-02	0.4753E+25
0.2112E-02	0.4753E+25
0.2192E-02	0.4753E+25
0.2276E-02	0.4753E+25
0.2362E-02	0.4753E+25
0.2452E-02	0.4753E+25
0.2546E-02	0.4753E+25
0.2643E-02	0.4753E+25
0.2743E-02	0.4753E+25
0.2848E-02	0.4753E+25
0.2956E-02	0.4753E+25
0.3069E-02	0.4753E+25
0.3186E-02	0.4753E+25
0.3307E-02	0.4753E+25
0.3433E-02	0.4753E+25
0.3564E-02	0.4753E+25
0.3700E-02	0.4753E+25
0.3841E-02	0.4753E+25
0.3987E-02	0.4753E+25
0.4139E-02	0.4753E+25
0.4296E-02	0.4753E+25
0.4460E-02	0.4753E+25
0.4630E-02	0.4753E+25
0.4806E-02	0.4753E+25
0.4989E-02	0.4753E+25
0.5179E-02	0.4753E+25
0.5377E-02	0.4753E+25
0.5581E-02	0.4753E+25
0.5794E-02	0.4753E+25
0.6015E-02	0.4753E+25
0.6244E-02	0.4753E+25
0.6481E-02	0.4753E+25
0.6728E-02	0.4753E+25
0.6985E-02	0.4753E+25
0.7251E-02	0.4753E+25
0.7527E-02	0.4753E+25
0.7813E-02	0.4753E+25
0.8111E-02	0.4753E+25
0.8420E-02	0.4753E+25
0.8741E-02	0.4753E+25
0.9073E-02	0.4753E+25
0.9419E-02	0.4753E+25
0.9778E-02	0.4752E+25
0.1015E-01	0.4752E+25
0.1054E-01	0.4752E+25
0.1094E-01	0.4752E+25
0.1135E-01	0.4752E+25
0.1179E-01	0.4752E+25
0.1224E-01	0.4752E+25
0.1270E-01	0.4752E+25
0.1319E-01	0.4752E+25
0.1369E-01	0.4752E+25
0.1421E-01	0.4752E+25
0.1475E-01	0.4752E+25
0.1531E-01	0.4752E+25
0.1590E-01	0.4752E+25
0.1650E-01	0.4752E+25
0.1713E-01	0.4752E+25
0.1778E-01	0.4752E+25
0.1846E-01	0.4752E+25
0.1916E-01	0.4751E+25
0.1989E-01	0.4751E+25
0.2065E-01	0.4751E+25
0.2144E-01	0.4751E+25
0.2225E-01	0.4751E+25
0.2310E-01	0.4751E+25
0.2398E-01	0.4751E+25
0.2489E-01	0.4750E+25
0.2584E-01	0.4750E+25
0.2682E-01	0.4750E+25
0.2785E-01	0.4750E+25
0.2891E-01	0.4750E+25
0.3001E-01	0.4749E+25
0.3115E-01	0.4749E+25
0.3234E-01	0.4749E+25
0.3357E-01	0.4749E+25
0.3485E-01	0.4748E+25
0.3617E-01	0.4748E+25
0.3755E-01	0.4747E+25
0.3898E-01	0.4747E+25
0.4047E-01	0.4747E+25
0.4201E-01	0.4746E+25
0.4361E-01	0.4746E+25
0.4527E-01	0.4745E+25
0.4699E-01	0.4744E+25
0.4878E-01	0.4744E+25
0.5064E-01	0.4743E+25
0.5257E-01	0.4742E+25
0.5457E-01	0.4742E+25
0.5665E-01	0.4741E+25
0.5881E-01	0.4740E+25
0.6105E-01	0.4739E+25
0.6337E-01	0.4738E+25
0.6579E-01	0.4737E+25
0.6829E-01	0.4735E+25
0.7089E-01	0.4734E+25
0.7359E-01	0.4733E+25
0.7640E-01	0.4731E+25
0.7931E-01	0.4729E+25
0.8233E-01	0.4728E+25
0.8546E-01	0.4726E+25
0.8872E-01	0.4724E+25
0.9210E-01	0.4722E+25
0.9560E-01	0.4719E+25
0.9924E-01	0.4717E+25
0.1030	0.4714E+25
0.1069	0.4711E+25
0.1110	0.4708E+25
0.1152	0.4705E+25
0.1196	0.4701E+25
0.1242	0.4698E+25
0.1289	0.4694E+25
0.1338	0.4689E+25
0.1389	0.4685E+25
0.1442	0.4680E+25
0.1497	0.4675E+25
0.1554	0.4669E+25
0.1613	0.4663E+25
0.1675	0.4657E+25
0.1739	0.4650E+25
0.1805	0.4643E+25
0.1874	0.4635E+25
0.1945	0.4627E+25
0.2019	0.4619E+25
0.2096	0.4610E+25
0.2176	0.4600E+25
0.2259	0.4590E+25
0.2345	0.4579E+25
0.2434	0.4568E+25
0.2527	0.4556E+25
0.2623	0.4544E+25
0.2723	0.4531E+25
0.2826	0.4517E+25
0.2934	0.4502E+25
0.3046	0.4487E+25
0.3162	0.4471E+25
0.3282	0.4454E+25
0.3407	0.4437E+25
0.3537	0.4419E+25
0.3672	0.4400E+25
0.3812	0.4381E+25
0.3957	0.4360E+25
0.4107	0.4339E+25
0.4264	0.4317E+25
0.4426	0.4294E+25
0.4595	0.4270E+25
0.4770	0.4246E+25
0.4952	0.4221E+25
0.5140	0.4195E+25
0.5336	0.4168E+25
0.5539	0.4140E+25
0.5750	0.4112E+25
0.5969	0.4083E+25
0.6196	0.4054E+25
0.6432	0.4024E+25
0.6677	0.3993E+25
0.6932	0.3962E+25
0.7196	0.3930E+25
0.7470	0.3897E+25
0.7754	0.3864E+25
0.8050	0.3831E+25
0.8356	0.3797E+25
0.8674	0.3763E+25
0.9005	0.3728E+25
0.9348	0.3693E+25
0.9704	0.3658E+25
1.007	0.3623E+25
1.046	0.3587E+25
1.086	0.3551E+25
1.127	0.3515E+25
1.170	0.3479E+25
1.214	0.3443E+25
1.261	0.3407E+25
1.309	0.3370E+25
1.358	0.3334E+25
1.410	0.3298E+25
1.464	0.3262E+25
1.520	0.3226E+25
1.578	0.3191E+25
1.638	0.3155E+25
1.700	0.3120E+25
1.765	0.3085E+25
1.832	0.3051E+25
1.902	0.3017E+25
1.974	0.2983E+25
2.049	0.2949E+25
2.127	0.2916E+25
2.208	0.2884E+25
2.293	0.2852E+25
2.380	0.2820E+25
2.470	0.2789E+25
2.565	0.2759E+25
2.662	0.2729E+25
2.764	0.2699E+25
2.869	0.2671E+25
2.978	0.2642E+25
3.092	0.2615E+25
3.209	0.2587E+25
3.332	0.2561E+25
3.458	0.2535E+25
3.590	0.2509E+25
3.727	0.2485E+25
3.869	0.2460E+25
4.016	0.2437E+25
4.169	0.2414E+25
4.328	0.2392E+25
4.493	0.2370E+25
4.664	0.2349E+25
4.841	0.2329E+25
5.026	0.2310E+25
5.217	0.2291E+25
5.416	0.2273E+25
5.622	0.2256E+25
5.836	0.2239E+25
6.059	0.2224E+25
6.289	0.2209E+25
6.529	0.2194E+25
6.778	0.2180E+25
7.036	0.2167E+25
7.304	0.2155E+25
7.582	0.2143E+25
7.871	0.2131E+25
8.170	0.2121E+25
8.482	0.2111E+25
8.805	0.2102E+25
9.140	0.2093E+25
9.488	0.2085E+25
9.849	0.2078E+25
10.22	0.2072E+25
10.61	0.2066E+25
11.02	0.2062E+25
11.44	0.2059E+25
11.87	0.2057E+25
12.33	0.2056E+25
12.80	0.2057E+25
13.28	0.2059E+25
13.79	0.2063E+25
14.31	0.2068E+25
14.86	0.2074E+25
15.42	0.2080E+25
16.01	0.2088E+25
16.62	0.2095E+25
17.25	0.2103E+25
17.91	0.2111E+25
18.59	0.2119E+25
19.30	0.2127E+25
20.04	0.2134E+25
20.80	0.2141E+25
21.59	0.2149E+25
22.42	0.2156E+25
23.27	0.2162E+25
24.16	0.2168E+25
25.08	0.2173E+25
26.03	0.2179E+25
27.02	0.2184E+25
28.05	0.2186E+25
29.12	0.2191E+25
30.23	0.2196E+25
31.38	0.2200E+25
32.57	0.2205E+25
33.82	0.2209E+25
35.10	0.2215E+25
36.44	0.2219E+25
37.83	0.2224E+25
39.27	0.2228E+25
40.76	0.2233E+25
42.32	0.2238E+25
43.93	0.2244E+25
45.60	0.2250E+25
47.34	0.2255E+25
49.14	0.2260E+25
51.01	0.2266E+25
52.96	0.2272E+25
54.97	0.2277E+25
57.07	0.2283E+25
59.24	0.2290E+25
61.50	0.2297E+25
63.84	0.2304E+25
66.27	0.2312E+25
68.79	0.2319E+25
71.41	0.2327E+25
74.13	0.2335E+25
76.96	0.2344E+25
79.89	0.2349E+25
82.93	0.2358E+25
86.09	0.2368E+25
89.37	0.2377E+25
92.77	0.2389E+25
96.31	0.2400E+25
99.97	0.2410E+25
103.8	0.2421E+25
107.7	0.2433E+25
111.8	0.2447E+25
116.1	0.2459E+25
120.5	0.2471E+25
125.1	0.2481E+25
129.9	0.2494E+25
134.8	0.2507E+25
140.0	0.2520E+25
145.3	0.2534E+25
150.8	0.2547E+25
156.6	0.2561E+25
162.5	0.2572E+25
168.7	0.2586E+25
175.1	0.2600E+25
181.8	0.2617E+25
188.7	0.2631E+25
195.9	0.2645E+25
203.4	0.2659E+25
211.1	0.2672E+25
219.2	0.2686E+25
227.5	0.2698E+25
236.2	0.2711E+25
245.2	0.2722E+25
254.5	0.2734E+25
264.2	0.2745E+25
274.3	0.2757E+25
284.7	0.2766E+25
295.6	0.2774E+25
306.8	0.2782E+25
318.5	0.2790E+25
330.6	0.2796E+25
343.2	0.2802E+25
356.3	0.2807E+25
369.9	0.2811E+25
384.0	0.2813E+25
398.6	0.2815E+25
413.8	0.2816E+25
429.5	0.2816E+25
445.9	0.2817E+25
462.9	0.2816E+25
480.5	0.2814E+25
498.8	0.2811E+25
517.8	0.2809E+25
537.5	0.2806E+25
558.0	0.2802E+25
579.2	0.2799E+25
601.3	0.2795E+25
624.2	0.2792E+25
648.0	0.2788E+25
672.6	0.2785E+25
698.3	0.2782E+25
724.9	0.2780E+25
752.5	0.2779E+25
781.1	0.2778E+25
810.9	0.2778E+25
841.8	0.2779E+25
873.8	0.2781E+25
907.1	0.2784E+25
941.6	0.2789E+25
977.5	0.2795E+25
1015.	0.2802E+25
1053.	0.2812E+25
1094.	0.2822E+25
1135.	0.2835E+25
1178.	0.2850E+25
1223.	0.2868E+25
1270.	0.2887E+25
1318.	0.2909E+25
1368.	0.2933E+25
 
 
E/N (Td)	Energy diffusion coef. D*N (1/m/s)
0.1000E-02	0.1228E+24
0.1038E-02	0.1228E+24
0.1078E-02	0.1228E+24
0.1119E-02	0.1228E+24
0.1161E-02	0.1228E+24
0.1205E-02	0.1228E+24
0.1251E-02	0.1228E+24
0.1299E-02	0.1228E+24
0.1349E-02	0.1228E+24
0.1400E-02	0.1228E+24
0.1453E-02	0.1228E+24
0.1509E-02	0.1228E+24
0.1566E-02	0.1228E+24
0.1626E-02	0.1228E+24
0.1688E-02	0.1228E+24
0.1752E-02	0.1228E+24
0.1819E-02	0.1228E+24
0.1888E-02	0.1228E+24
0.1960E-02	0.1228E+24
0.2034E-02	0.1228E+24
0.2112E-02	0.1228E+24
0.2192E-02	0.1228E+24
0.2276E-02	0.1228E+24
0.2362E-02	0.1228E+24
0.2452E-02	0.1228E+24
0.2546E-02	0.1228E+24
0.2643E-02	0.1228E+24
0.2743E-02	0.1228E+24
0.2848E-02	0.1228E+24
0.2956E-02	0.1228E+24
0.3069E-02	0.1228E+24
0.3186E-02	0.1228E+24
0.3307E-02	0.1228E+24
0.3433E-02	0.1228E+24
0.3564E-02	0.1228E+24
0.3700E-02	0.1228E+24
0.3841E-02	0.1228E+24
0.3987E-02	0.1228E+24
0.4139E-02	0.1228E+24
0.4296E-02	0.1228E+24
0.4460E-02	0.1228E+24
0.4630E-02	0.1228E+24
0.4806E-02	0.1228E+24
0.4989E-02	0.1228E+24
0.5179E-02	0.1228E+24
0.5377E-02	0.1228E+24
0.5581E-02	0.1228E+24
0.5794E-02	0.1228E+24
0.6015E-02	0.1228E+24
0.6244E-02	0.1228E+24
0.6481E-02	0.1228E+24
0.6728E-02	0.1228E+24
0.6985E-02	0.1228E+24
0.7251E-02	0.1228E+24
0.7527E-02	0.1228E+24
0.7813E-02	0.1228E+24
0.8111E-02	0.1228E+24
0.8420E-02	0.1228E+24
0.8741E-02	0.1228E+24
0.9073E-02	0.1228E+24
0.9419E-02	0.1228E+24
0.9778E-02	0.1228E+24
0.1015E-01	0.1228E+24
0.1054E-01	0.1228E+24
0.1094E-01	0.1228E+24
0.1135E-01	0.1228E+24
0.1179E-01	0.1228E+24
0.1224E-01	0.1228E+24
0.1270E-01	0.1228E+24
0.1319E-01	0.1228E+24
0.1369E-01	0.1228E+24
0.1421E-01	0.1228E+24
0.1475E-01	0.1228E+24
0.1531E-01	0.1228E+24
0.1590E-01	0.1228E+24
0.1650E-01	0.1228E+24
0.1713E-01	0.1228E+24
0.1778E-01	0.1228E+24
0.1846E-01	0.1228E+24
0.1916E-01	0.1228E+24
0.1989E-01	0.1228E+24
0.2065E-01	0.1228E+24
0.2144E-01	0.1228E+24
0.2225E-01	0.1228E+24
0.2310E-01	0.1228E+24
0.2398E-01	0.1228E+24
0.2489E-01	0.1228E+24
0.2584E-01	0.1229E+24
0.2682E-01	0.1229E+24
0.2785E-01	0.1229E+24
0.2891E-01	0.1229E+24
0.3001E-01	0.1229E+24
0.3115E-01	0.1229E+24
0.3234E-01	0.1229E+24
0.3357E-01	0.1229E+24
0.3485E-01	0.1229E+24
0.3617E-01	0.1229E+24
0.3755E-01	0.1229E+24
0.3898E-01	0.1229E+24
0.4047E-01	0.1229E+24
0.4201E-01	0.1229E+24
0.4361E-01	0.1230E+24
0.4527E-01	0.1230E+24
0.4699E-01	0.1230E+24
0.4878E-01	0.1230E+24
0.5064E-01	0.1230E+24
0.5257E-01	0.1230E+24
0.5457E-01	0.1230E+24
0.5665E-01	0.1231E+24
0.5881E-01	0.1231E+24
0.6105E-01	0.1231E+24
0.6337E-01	0.1231E+24
0.6579E-01	0.1231E+24
0.6829E-01	0.1232E+24
0.7089E-01	0.1232E+24
0.7359E-01	0.1232E+24
0.7640E-01	0.1233E+24
0.7931E-01	0.1233E+24
0.8233E-01	0.1233E+24
0.8546E-01	0.1234E+24
0.8872E-01	0.1234E+24
0.9210E-01	0.1235E+24
0.9560E-01	0.1235E+24
0.9924E-01	0.1236E+24
0.1030	0.1237E+24
0.1069	0.1237E+24
0.1110	0.1238E+24
0.1152	0.1239E+24
0.1196	0.1239E+24
0.1242	0.1240E+24
0.1289	0.1241E+24
0.1338	0.1242E+24
0.1389	0.1243E+24
0.1442	0.1244E+24
0.1497	0.1246E+24
0.1554	0.1247E+24
0.1613	0.1248E+24
0.1675	0.1250E+24
0.1739	0.1251E+24
0.1805	0.1253E+24
0.1874	0.1255E+24
0.1945	0.1257E+24
0.2019	0.1259E+24
0.2096	0.1261E+24
0.2176	0.1264E+24
0.2259	0.1266E+24
0.2345	0.1269E+24
0.2434	0.1272E+24
0.2527	0.1275E+24
0.2623	0.1278E+24
0.2723	0.1282E+24
0.2826	0.1285E+24
0.2934	0.1289E+24
0.3046	0.1293E+24
0.3162	0.1298E+24
0.3282	0.1302E+24
0.3407	0.1307E+24
0.3537	0.1312E+24
0.3672	0.1318E+24
0.3812	0.1324E+24
0.3957	0.1330E+24
0.4107	0.1336E+24
0.4264	0.1343E+24
0.4426	0.1350E+24
0.4595	0.1358E+24
0.4770	0.1366E+24
0.4952	0.1375E+24
0.5140	0.1383E+24
0.5336	0.1393E+24
0.5539	0.1402E+24
0.5750	0.1413E+24
0.5969	0.1423E+24
0.6196	0.1435E+24
0.6432	0.1446E+24
0.6677	0.1459E+24
0.6932	0.1472E+24
0.7196	0.1485E+24
0.7470	0.1499E+24
0.7754	0.1514E+24
0.8050	0.1530E+24
0.8356	0.1546E+24
0.8674	0.1562E+24
0.9005	0.1580E+24
0.9348	0.1598E+24
0.9704	0.1618E+24
1.007	0.1638E+24
1.046	0.1658E+24
1.086	0.1680E+24
1.127	0.1703E+24
1.170	0.1727E+24
1.214	0.1751E+24
1.261	0.1777E+24
1.309	0.1804E+24
1.358	0.1832E+24
1.410	0.1862E+24
1.464	0.1892E+24
1.520	0.1925E+24
1.578	0.1958E+24
1.638	0.1993E+24
1.700	0.2030E+24
1.765	0.2068E+24
1.832	0.2108E+24
1.902	0.2151E+24
1.974	0.2195E+24
2.049	0.2241E+24
2.127	0.2290E+24
2.208	0.2341E+24
2.293	0.2395E+24
2.380	0.2452E+24
2.470	0.2511E+24
2.565	0.2574E+24
2.662	0.2641E+24
2.764	0.2710E+24
2.869	0.2784E+24
2.978	0.2862E+24
3.092	0.2944E+24
3.209	0.3032E+24
3.332	0.3124E+24
3.458	0.3221E+24
3.590	0.3324E+24
3.727	0.3433E+24
3.869	0.3549E+24
4.016	0.3673E+24
4.169	0.3804E+24
4.328	0.3943E+24
4.493	0.4091E+24
4.664	0.4249E+24
4.841	0.4418E+24
5.026	0.4598E+24
5.217	0.4791E+24
5.416	0.4997E+24
5.622	0.5219E+24
5.836	0.5455E+24
6.059	0.5710E+24
6.289	0.5982E+24
6.529	0.6275E+24
6.778	0.6589E+24
7.036	0.6927E+24
7.304	0.7290E+24
7.582	0.7680E+24
7.871	0.8101E+24
8.170	0.8555E+24
8.482	0.9043E+24
8.805	0.9570E+24
9.140	0.1014E+25
9.488	0.1076E+25
9.849	0.1143E+25
10.22	0.1216E+25
10.61	0.1295E+25
11.02	0.1382E+25
11.44	0.1476E+25
11.87	0.1580E+25
12.33	0.1692E+25
12.80	0.1812E+25
13.28	0.1941E+25
13.79	0.2078E+25
14.31	0.2220E+25
14.86	0.2365E+25
15.42	0.2513E+25
16.01	0.2659E+25
16.62	0.2803E+25
17.25	0.2942E+25
17.91	0.3076E+25
18.59	0.3202E+25
19.30	0.3322E+25
20.04	0.3435E+25
20.80	0.3541E+25
21.59	0.3639E+25
22.42	0.3733E+25
23.27	0.3821E+25
24.16	0.3904E+25
25.08	0.3983E+25
26.03	0.4059E+25
27.02	0.4132E+25
28.05	0.4203E+25
29.12	0.4271E+25
30.23	0.4337E+25
31.38	0.4402E+25
32.57	0.4466E+25
33.82	0.4530E+25
35.10	0.4594E+25
36.44	0.4658E+25
37.83	0.4723E+25
39.27	0.4789E+25
40.76	0.4857E+25
42.32	0.4925E+25
43.93	0.4997E+25
45.60	0.5069E+25
47.34	0.5144E+25
49.14	0.5222E+25
51.01	0.5302E+25
52.96	0.5385E+25
54.97	0.5471E+25
57.07	0.5561E+25
59.24	0.5655E+25
61.50	0.5754E+25
63.84	0.5857E+25
66.27	0.5966E+25
68.79	0.6079E+25
71.41	0.6199E+25
74.13	0.6324E+25
76.96	0.6455E+25
79.89	0.6586E+25
82.93	0.6731E+25
86.09	0.6884E+25
89.37	0.7046E+25
92.77	0.7222E+25
96.31	0.7402E+25
99.97	0.7593E+25
103.8	0.7794E+25
107.7	0.8007E+25
111.8	0.8243E+25
116.1	0.8481E+25
120.5	0.8734E+25
125.1	0.8992E+25
129.9	0.9275E+25
134.8	0.9575E+25
140.0	0.9893E+25
145.3	0.1023E+26
150.8	0.1059E+26
156.6	0.1097E+26
162.5	0.1136E+26
168.7	0.1179E+26
175.1	0.1224E+26
181.8	0.1274E+26
188.7	0.1326E+26
195.9	0.1380E+26
203.4	0.1439E+26
211.1	0.1500E+26
219.2	0.1566E+26
227.5	0.1635E+26
236.2	0.1709E+26
245.2	0.1787E+26
254.5	0.1870E+26
264.2	0.1959E+26
274.3	0.2054E+26
284.7	0.2154E+26
295.6	0.2259E+26
306.8	0.2372E+26
318.5	0.2492E+26
330.6	0.2620E+26
343.2	0.2756E+26
356.3	0.2900E+26
369.9	0.3053E+26
384.0	0.3215E+26
398.6	0.3389E+26
413.8	0.3573E+26
429.5	0.3770E+26
445.9	0.3982E+26
462.9	0.4207E+26
480.5	0.4448E+26
498.8	0.4707E+26
517.8	0.4985E+26
537.5	0.5283E+26
558.0	0.5603E+26
579.2	0.5948E+26
601.3	0.6323E+26
624.2	0.6726E+26
648.0	0.7166E+26
672.6	0.7640E+26
698.3	0.8157E+26
724.9	0.8719E+26
752.5	0.9335E+26
781.1	0.1001E+27
810.9	0.1074E+27
841.8	0.1155E+27
873.8	0.1243E+27
907.1	0.1341E+27
941.6	0.1449E+27
977.5	0.1569E+27
1015.	0.1701E+27
1053.	0.1849E+27
1094.	0.2012E+27
1135.	0.2194E+27
1178.	0.2398E+27
1223.	0.2627E+27
1270.	0.2882E+27
1318.	0.3168E+27
1368.	0.3491E+27
 
 
E/N (Td)	Total collision freq. /N (m3/s)
0.1000E-02	0.4216E-13
0.1038E-02	0.4216E-13
0.1078E-02	0.4216E-13
0.1119E-02	0.4216E-13
0.1161E-02	0.4216E-13
0.1205E-02	0.4216E-13
0.1251E-02	0.4216E-13
0.1299E-02	0.4216E-13
0.1349E-02	0.4216E-13
0.1400E-02	0.4216E-13
0.1453E-02	0.4216E-13
0.1509E-02	0.4216E-13
0.1566E-02	0.4216E-13
0.1626E-02	0.4216E-13
0.1688E-02	0.4216E-13
0.1752E-02	0.4216E-13
0.1819E-02	0.4216E-13
0.1888E-02	0.4216E-13
0.1960E-02	0.4216E-13
0.2034E-02	0.4216E-13
0.2112E-02	0.4216E-13
0.2192E-02	0.4216E-13
0.2276E-02	0.4216E-13
0.2362E-02	0.4216E-13
0.2452E-02	0.4216E-13
0.2546E-02	0.4216E-13
0.2643E-02	0.4216E-13
0.2743E-02	0.4216E-13
0.2848E-02	0.4216E-13
0.2956E-02	0.4216E-13
0.3069E-02	0.4216E-13
0.3186E-02	0.4216E-13
0.3307E-02	0.4216E-13
0.3433E-02	0.4216E-13
0.3564E-02	0.4216E-13
0.3700E-02	0.4216E-13
0.3841E-02	0.4216E-13
0.3987E-02	0.4216E-13
0.4139E-02	0.4216E-13
0.4296E-02	0.4216E-13
0.4460E-02	0.4216E-13
0.4630E-02	0.4216E-13
0.4806E-02	0.4216E-13
0.4989E-02	0.4216E-13
0.5179E-02	0.4216E-13
0.5377E-02	0.4216E-13
0.5581E-02	0.4216E-13
0.5794E-02	0.4216E-13
0.6015E-02	0.4216E-13
0.6244E-02	0.4216E-13
0.6481E-02	0.4216E-13
0.6728E-02	0.4216E-13
0.6985E-02	0.4216E-13
0.7251E-02	0.4216E-13
0.7527E-02	0.4216E-13
0.7813E-02	0.4216E-13
0.8111E-02	0.4216E-13
0.8420E-02	0.4216E-13
0.8741E-02	0.4216E-13
0.9073E-02	0.4216E-13
0.9419E-02	0.4216E-13
0.9778E-02	0.4216E-13
0.1015E-01	0.4216E-13
0.1054E-01	0.4216E-13
0.1094E-01	0.4216E-13
0.1135E-01	0.4216E-13
0.1179E-01	0.4216E-13
0.1224E-01	0.4216E-13
0.1270E-01	0.4216E-13
0.1319E-01	0.4217E-13
0.1369E-01	0.4217E-13
0.1421E-01	0.4217E-13
0.1475E-01	0.4217E-13
0.1531E-01	0.4217E-13
0.1590E-01	0.4217E-13
0.1650E-01	0.4217E-13
0.1713E-01	0.4217E-13
0.1778E-01	0.4217E-13
0.1846E-01	0.4217E-13
0.1916E-01	0.4217E-13
0.1989E-01	0.4218E-13
0.2065E-01	0.4218E-13
0.2144E-01	0.4218E-13
0.2225E-01	0.4218E-13
0.2310E-01	0.4218E-13
0.2398E-01	0.4218E-13
0.2489E-01	0.4219E-13
0.2584E-01	0.4219E-13
0.2682E-01	0.4219E-13
0.2785E-01	0.4219E-13
0.2891E-01	0.4220E-13
0.3001E-01	0.4220E-13
0.3115E-01	0.4220E-13
0.3234E-01	0.4221E-13
0.3357E-01	0.4221E-13
0.3485E-01	0.4221E-13
0.3617E-01	0.4222E-13
0.3755E-01	0.4222E-13
0.3898E-01	0.4223E-13
0.4047E-01	0.4223E-13
0.4201E-01	0.4224E-13
0.4361E-01	0.4225E-13
0.4527E-01	0.4225E-13
0.4699E-01	0.4226E-13
0.4878E-01	0.4227E-13
0.5064E-01	0.4228E-13
0.5257E-01	0.4228E-13
0.5457E-01	0.4229E-13
0.5665E-01	0.4230E-13
0.5881E-01	0.4232E-13
0.6105E-01	0.4233E-13
0.6337E-01	0.4234E-13
0.6579E-01	0.4235E-13
0.6829E-01	0.4237E-13
0.7089E-01	0.4239E-13
0.7359E-01	0.4240E-13
0.7640E-01	0.4242E-13
0.7931E-01	0.4244E-13
0.8233E-01	0.4246E-13
0.8546E-01	0.4249E-13
0.8872E-01	0.4251E-13
0.9210E-01	0.4254E-13
0.9560E-01	0.4256E-13
0.9924E-01	0.4259E-13
0.1030	0.4263E-13
0.1069	0.4266E-13
0.1110	0.4270E-13
0.1152	0.4274E-13
0.1196	0.4278E-13
0.1242	0.4283E-13
0.1289	0.4287E-13
0.1338	0.4293E-13
0.1389	0.4298E-13
0.1442	0.4304E-13
0.1497	0.4310E-13
0.1554	0.4317E-13
0.1613	0.4324E-13
0.1675	0.4332E-13
0.1739	0.4340E-13
0.1805	0.4348E-13
0.1874	0.4357E-13
0.1945	0.4367E-13
0.2019	0.4377E-13
0.2096	0.4388E-13
0.2176	0.4400E-13
0.2259	0.4412E-13
0.2345	0.4425E-13
0.2434	0.4438E-13
0.2527	0.4453E-13
0.2623	0.4468E-13
0.2723	0.4484E-13
0.2826	0.4501E-13
0.2934	0.4519E-13
0.3046	0.4538E-13
0.3162	0.4557E-13
0.3282	0.4578E-13
0.3407	0.4600E-13
0.3537	0.4622E-13
0.3672	0.4646E-13
0.3812	0.4671E-13
0.3957	0.4697E-13
0.4107	0.4725E-13
0.4264	0.4754E-13
0.4426	0.4783E-13
0.4595	0.4815E-13
0.4770	0.4847E-13
0.4952	0.4881E-13
0.5140	0.4916E-13
0.5336	0.4953E-13
0.5539	0.4991E-13
0.5750	0.5031E-13
0.5969	0.5072E-13
0.6196	0.5115E-13
0.6432	0.5159E-13
0.6677	0.5205E-13
0.6932	0.5252E-13
0.7196	0.5301E-13
0.7470	0.5352E-13
0.7754	0.5404E-13
0.8050	0.5458E-13
0.8356	0.5514E-13
0.8674	0.5571E-13
0.9005	0.5631E-13
0.9348	0.5692E-13
0.9704	0.5755E-13
1.007	0.5819E-13
1.046	0.5886E-13
1.086	0.5954E-13
1.127	0.6024E-13
1.170	0.6096E-13
1.214	0.6170E-13
1.261	0.6246E-13
1.309	0.6324E-13
1.358	0.6403E-13
1.410	0.6485E-13
1.464	0.6568E-13
1.520	0.6654E-13
1.578	0.6741E-13
1.638	0.6830E-13
1.700	0.6921E-13
1.765	0.7015E-13
1.832	0.7110E-13
1.902	0.7207E-13
1.974	0.7305E-13
2.049	0.7406E-13
2.127	0.7509E-13
2.208	0.7613E-13
2.293	0.7719E-13
2.380	0.7827E-13
2.470	0.7937E-13
2.565	0.8049E-13
2.662	0.8162E-13
2.764	0.8277E-13
2.869	0.8393E-13
2.978	0.8511E-13
3.092	0.8631E-13
3.209	0.8752E-13
3.332	0.8874E-13
3.458	0.8998E-13
3.590	0.9123E-13
3.727	0.9248E-13
3.869	0.9375E-13
4.016	0.9503E-13
4.169	0.9632E-13
4.328	0.9762E-13
4.493	0.9892E-13
4.664	0.1002E-12
4.841	0.1015E-12
5.026	0.1029E-12
5.217	0.1042E-12
5.416	0.1055E-12
5.622	0.1068E-12
5.836	0.1081E-12
6.059	0.1094E-12
6.289	0.1107E-12
6.529	0.1120E-12
6.778	0.1133E-12
7.036	0.1146E-12
7.304	0.1158E-12
7.582	0.1171E-12
7.871	0.1183E-12
8.170	0.1195E-12
8.482	0.1207E-12
8.805	0.1219E-12
9.140	0.1231E-12
9.488	0.1242E-12
9.849	0.1253E-12
10.22	0.1264E-12
10.61	0.1274E-12
11.02	0.1284E-12
11.44	0.1294E-12
11.87	0.1304E-12
12.33	0.1313E-12
12.80	0.1321E-12
13.28	0.1329E-12
13.79	0.1337E-12
14.31	0.1344E-12
14.86	0.1350E-12
15.42	0.1355E-12
16.01	0.1360E-12
16.62	0.1364E-12
17.25	0.1368E-12
17.91	0.1371E-12
18.59	0.1373E-12
19.30	0.1375E-12
20.04	0.1377E-12
20.80	0.1378E-12
21.59	0.1379E-12
22.42	0.1379E-12
23.27	0.1380E-12
24.16	0.1380E-12
25.08	0.1380E-12
26.03	0.1380E-12
27.02	0.1380E-12
28.05	0.1380E-12
29.12	0.1380E-12
30.23	0.1380E-12
31.38	0.1380E-12
32.57	0.1380E-12
33.82	0.1379E-12
35.10	0.1379E-12
36.44	0.1379E-12
37.83	0.1379E-12
39.27	0.1379E-12
40.76	0.1378E-12
42.32	0.1378E-12
43.93	0.1378E-12
45.60	0.1377E-12
47.34	0.1377E-12
49.14	0.1377E-12
51.01	0.1376E-12
52.96	0.1376E-12
54.97	0.1375E-12
57.07	0.1374E-12
59.24	0.1374E-12
61.50	0.1373E-12
63.84	0.1372E-12
66.27	0.1371E-12
68.79	0.1371E-12
71.41	0.1370E-12
74.13	0.1369E-12
76.96	0.1368E-12
79.89	0.1366E-12
82.93	0.1365E-12
86.09	0.1364E-12
89.37	0.1362E-12
92.77	0.1361E-12
96.31	0.1359E-12
99.97	0.1358E-12
103.8	0.1356E-12
107.7	0.1354E-12
111.8	0.1352E-12
116.1	0.1350E-12
120.5	0.1348E-12
125.1	0.1345E-12
129.9	0.1343E-12
134.8	0.1340E-12
140.0	0.1337E-12
145.3	0.1334E-12
150.8	0.1331E-12
156.6	0.1328E-12
162.5	0.1325E-12
168.7	0.1321E-12
175.1	0.1317E-12
181.8	0.1313E-12
188.7	0.1309E-12
195.9	0.1305E-12
203.4	0.1300E-12
211.1	0.1296E-12
219.2	0.1291E-12
227.5	0.1286E-12
236.2	0.1281E-12
245.2	0.1275E-12
254.5	0.1270E-12
264.2	0.1264E-12
274.3	0.1258E-12
284.7	0.1252E-12
295.6	0.1246E-12
306.8	0.1240E-12
318.5	0.1233E-12
330.6	0.1226E-12
343.2	0.1219E-12
356.3	0.1213E-12
369.9	0.1206E-12
384.0	0.1198E-12
398.6	0.1191E-12
413.8	0.1184E-12
429.5	0.1177E-12
445.9	0.1169E-12
462.9	0.1162E-12
480.5	0.1154E-12
498.8	0.1147E-12
517.8	0.1139E-12
537.5	0.1132E-12
558.0	0.1125E-12
579.2	0.1117E-12
601.3	0.1110E-12
624.2	0.1103E-12
648.0	0.1096E-12
672.6	0.1089E-12
698.3	0.1082E-12
724.9	0.1075E-12
752.5	0.1068E-12
781.1	0.1061E-12
810.9	0.1054E-12
841.8	0.1048E-12
873.8	0.1041E-12
907.1	0.1035E-12
941.6	0.1028E-12
977.5	0.1022E-12
1015.	0.1015E-12
1053.	0.1009E-12
1094.	0.1003E-12
1135.	0.9962E-13
1178.	0.9897E-13
1223.	0.9833E-13
1270.	0.9767E-13
1318.	0.9699E-13
1368.	0.9631E-13
 
 
E/N (Td)	Momentum frequency /N (m3/s)
0.1000E-02	0.4966E-13
0.1038E-02	0.4969E-13
0.1078E-02	0.4969E-13
0.1119E-02	0.4969E-13
0.1161E-02	0.4969E-13
0.1205E-02	0.4969E-13
0.1251E-02	0.4969E-13
0.1299E-02	0.4969E-13
0.1349E-02	0.4969E-13
0.1400E-02	0.4969E-13
0.1453E-02	0.4969E-13
0.1509E-02	0.4969E-13
0.1566E-02	0.4969E-13
0.1626E-02	0.4969E-13
0.1688E-02	0.4969E-13
0.1752E-02	0.4969E-13
0.1819E-02	0.4969E-13
0.1888E-02	0.4969E-13
0.1960E-02	0.4969E-13
0.2034E-02	0.4969E-13
0.2112E-02	0.4969E-13
0.2192E-02	0.4969E-13
0.2276E-02	0.4969E-13
0.2362E-02	0.4969E-13
0.2452E-02	0.4969E-13
0.2546E-02	0.4969E-13
0.2643E-02	0.4969E-13
0.2743E-02	0.4969E-13
0.2848E-02	0.4969E-13
0.2956E-02	0.4969E-13
0.3069E-02	0.4969E-13
0.3186E-02	0.4969E-13
0.3307E-02	0.4969E-13
0.3433E-02	0.4969E-13
0.3564E-02	0.4969E-13
0.3700E-02	0.4969E-13
0.3841E-02	0.4969E-13
0.3987E-02	0.4969E-13
0.4139E-02	0.4969E-13
0.4296E-02	0.4969E-13
0.4460E-02	0.4969E-13
0.4630E-02	0.4969E-13
0.4806E-02	0.4969E-13
0.4989E-02	0.4969E-13
0.5179E-02	0.4969E-13
0.5377E-02	0.4969E-13
0.5581E-02	0.4969E-13
0.5794E-02	0.4970E-13
0.6015E-02	0.4970E-13
0.6244E-02	0.4970E-13
0.6481E-02	0.4970E-13
0.6728E-02	0.4970E-13
0.6985E-02	0.4970E-13
0.7251E-02	0.4970E-13
0.7527E-02	0.4970E-13
0.7813E-02	0.4970E-13
0.8111E-02	0.4970E-13
0.8420E-02	0.4970E-13
0.8741E-02	0.4970E-13
0.9073E-02	0.4970E-13
0.9419E-02	0.4970E-13
0.9778E-02	0.4970E-13
0.1015E-01	0.4970E-13
0.1054E-01	0.4970E-13
0.1094E-01	0.4970E-13
0.1135E-01	0.4970E-13
0.1179E-01	0.4970E-13
0.1224E-01	0.4970E-13
0.1270E-01	0.4971E-13
0.1319E-01	0.4971E-13
0.1369E-01	0.4971E-13
0.1421E-01	0.4971E-13
0.1475E-01	0.4971E-13
0.1531E-01	0.4971E-13
0.1590E-01	0.4971E-13
0.1650E-01	0.4971E-13
0.1713E-01	0.4972E-13
0.1778E-01	0.4972E-13
0.1846E-01	0.4972E-13
0.1916E-01	0.4972E-13
0.1989E-01	0.4972E-13
0.2065E-01	0.4973E-13
0.2144E-01	0.4973E-13
0.2225E-01	0.4973E-13
0.2310E-01	0.4974E-13
0.2398E-01	0.4974E-13
0.2489E-01	0.4974E-13
0.2584E-01	0.4975E-13
0.2682E-01	0.4975E-13
0.2785E-01	0.4975E-13
0.2891E-01	0.4976E-13
0.3001E-01	0.4976E-13
0.3115E-01	0.4977E-13
0.3234E-01	0.4978E-13
0.3357E-01	0.4978E-13
0.3485E-01	0.4979E-13
0.3617E-01	0.4980E-13
0.3755E-01	0.4981E-13
0.3898E-01	0.4981E-13
0.4047E-01	0.4982E-13
0.4201E-01	0.4983E-13
0.4361E-01	0.4984E-13
0.4527E-01	0.4986E-13
0.4699E-01	0.4987E-13
0.4878E-01	0.4988E-13
0.5064E-01	0.4990E-13
0.5257E-01	0.4991E-13
0.5457E-01	0.4993E-13
0.5665E-01	0.4995E-13
0.5881E-01	0.4996E-13
0.6105E-01	0.4999E-13
0.6337E-01	0.5001E-13
0.6579E-01	0.5003E-13
0.6829E-01	0.5006E-13
0.7089E-01	0.5008E-13
0.7359E-01	0.5011E-13
0.7640E-01	0.5014E-13
0.7931E-01	0.5018E-13
0.8233E-01	0.5021E-13
0.8546E-01	0.5025E-13
0.8872E-01	0.5029E-13
0.9210E-01	0.5034E-13
0.9560E-01	0.5038E-13
0.9924E-01	0.5043E-13
0.1030	0.5049E-13
0.1069	0.5055E-13
0.1110	0.5061E-13
0.1152	0.5067E-13
0.1196	0.5074E-13
0.1242	0.5082E-13
0.1289	0.5089E-13
0.1338	0.5098E-13
0.1389	0.5107E-13
0.1442	0.5116E-13
0.1497	0.5126E-13
0.1554	0.5137E-13
0.1613	0.5148E-13
0.1675	0.5160E-13
0.1739	0.5173E-13
0.1805	0.5186E-13
0.1874	0.5200E-13
0.1945	0.5215E-13
0.2019	0.5231E-13
0.2096	0.5248E-13
0.2176	0.5266E-13
0.2259	0.5284E-13
0.2345	0.5304E-13
0.2434	0.5324E-13
0.2527	0.5346E-13
0.2623	0.5368E-13
0.2723	0.5392E-13
0.2826	0.5417E-13
0.2934	0.5443E-13
0.3046	0.5470E-13
0.3162	0.5499E-13
0.3282	0.5529E-13
0.3407	0.5560E-13
0.3537	0.5593E-13
0.3672	0.5627E-13
0.3812	0.5662E-13
0.3957	0.5699E-13
0.4107	0.5738E-13
0.4264	0.5778E-13
0.4426	0.5819E-13
0.4595	0.5863E-13
0.4770	0.5907E-13
0.4952	0.5954E-13
0.5140	0.6002E-13
0.5336	0.6052E-13
0.5539	0.6104E-13
0.5750	0.6157E-13
0.5969	0.6212E-13
0.6196	0.6269E-13
0.6432	0.6328E-13
0.6677	0.6389E-13
0.6932	0.6451E-13
0.7196	0.6515E-13
0.7470	0.6582E-13
0.7754	0.6650E-13
0.8050	0.6720E-13
0.8356	0.6792E-13
0.8674	0.6866E-13
0.9005	0.6942E-13
0.9348	0.7020E-13
0.9704	0.7099E-13
1.007	0.7181E-13
1.046	0.7264E-13
1.086	0.7350E-13
1.127	0.7437E-13
1.170	0.7526E-13
1.214	0.7618E-13
1.261	0.7711E-13
1.309	0.7806E-13
1.358	0.7902E-13
1.410	0.8001E-13
1.464	0.8101E-13
1.520	0.8203E-13
1.578	0.8307E-13
1.638	0.8413E-13
1.700	0.8520E-13
1.765	0.8628E-13
1.832	0.8738E-13
1.902	0.8850E-13
1.974	0.8963E-13
2.049	0.9078E-13
2.127	0.9193E-13
2.208	0.9310E-13
2.293	0.9428E-13
2.380	0.9547E-13
2.470	0.9667E-13
2.565	0.9788E-13
2.662	0.9909E-13
2.764	0.1003E-12
2.869	0.1015E-12
2.978	0.1028E-12
3.092	0.1040E-12
3.209	0.1052E-12
3.332	0.1065E-12
3.458	0.1077E-12
3.590	0.1090E-12
3.727	0.1102E-12
3.869	0.1114E-12
4.016	0.1127E-12
4.169	0.1139E-12
4.328	0.1151E-12
4.493	0.1163E-12
4.664	0.1175E-12
4.841	0.1187E-12
5.026	0.1199E-12
5.217	0.1211E-12
5.416	0.1222E-12
5.622	0.1234E-12
5.836	0.1245E-12
6.059	0.1256E-12
6.289	0.1266E-12
6.529	0.1277E-12
6.778	0.1287E-12
7.036	0.1297E-12
7.304	0.1306E-12
7.582	0.1316E-12
7.871	0.1325E-12
8.170	0.1333E-12
8.482	0.1342E-12
8.805	0.1350E-12
9.140	0.1358E-12
9.488	0.1365E-12
9.849	0.1372E-12
10.22	0.1379E-12
10.61	0.1385E-12
11.02	0.1391E-12
11.44	0.1396E-12
11.87	0.1401E-12
12.33	0.1405E-12
12.80	0.1408E-12
13.28	0.1411E-12
13.79	0.1413E-12
14.31	0.1414E-12
14.86	0.1414E-12
15.42	0.1414E-12
16.01	0.1413E-12
16.62	0.1411E-12
17.25	0.1409E-12
17.91	0.1406E-12
18.59	0.1403E-12
19.30	0.1400E-12
20.04	0.1397E-12
20.80	0.1394E-12
21.59	0.1391E-12
22.42	0.1388E-12
23.27	0.1385E-12
24.16	0.1382E-12
25.08	0.1379E-12
26.03	0.1377E-12
27.02	0.1374E-12
28.05	0.1373E-12
29.12	0.1370E-12
30.23	0.1368E-12
31.38	0.1366E-12
32.57	0.1364E-12
33.82	0.1362E-12
35.10	0.1360E-12
36.44	0.1357E-12
37.83	0.1355E-12
39.27	0.1353E-12
40.76	0.1351E-12
42.32	0.1349E-12
43.93	0.1347E-12
45.60	0.1344E-12
47.34	0.1342E-12
49.14	0.1340E-12
51.01	0.1337E-12
52.96	0.1335E-12
54.97	0.1333E-12
57.07	0.1330E-12
59.24	0.1328E-12
61.50	0.1325E-12
63.84	0.1322E-12
66.27	0.1319E-12
68.79	0.1316E-12
71.41	0.1313E-12
74.13	0.1310E-12
76.96	0.1307E-12
79.89	0.1305E-12
82.93	0.1301E-12
86.09	0.1297E-12
89.37	0.1294E-12
92.77	0.1289E-12
96.31	0.1285E-12
99.97	0.1281E-12
103.8	0.1277E-12
107.7	0.1273E-12
111.8	0.1267E-12
116.1	0.1262E-12
120.5	0.1258E-12
125.1	0.1254E-12
129.9	0.1249E-12
134.8	0.1244E-12
140.0	0.1239E-12
145.3	0.1234E-12
150.8	0.1229E-12
156.6	0.1224E-12
162.5	0.1220E-12
168.7	0.1214E-12
175.1	0.1209E-12
181.8	0.1202E-12
188.7	0.1196E-12
195.9	0.1191E-12
203.4	0.1185E-12
211.1	0.1180E-12
219.2	0.1174E-12
227.5	0.1169E-12
236.2	0.1164E-12
245.2	0.1159E-12
254.5	0.1154E-12
264.2	0.1149E-12
274.3	0.1143E-12
284.7	0.1138E-12
295.6	0.1135E-12
306.8	0.1131E-12
318.5	0.1126E-12
330.6	0.1123E-12
343.2	0.1119E-12
356.3	0.1115E-12
369.9	0.1112E-12
384.0	0.1110E-12
398.6	0.1108E-12
413.8	0.1106E-12
429.5	0.1104E-12
445.9	0.1102E-12
462.9	0.1100E-12
480.5	0.1100E-12
498.8	0.1099E-12
517.8	0.1099E-12
537.5	0.1099E-12
558.0	0.1099E-12
579.2	0.1099E-12
601.3	0.1101E-12
624.2	0.1102E-12
648.0	0.1103E-12
672.6	0.1104E-12
698.3	0.1105E-12
724.9	0.1107E-12
752.5	0.1108E-12
781.1	0.1110E-12
810.9	0.1111E-12
841.8	0.1113E-12
873.8	0.1114E-12
907.1	0.1116E-12
941.6	0.1117E-12
977.5	0.1118E-12
1015.	0.1119E-12
1053.	0.1120E-12
1094.	0.1120E-12
1135.	0.1120E-12
1178.	0.1119E-12
1223.	0.1118E-12
1270.	0.1117E-12
1318.	0.1115E-12
1368.	0.1112E-12
 
 
E/N (Td)	Total ionization freq. /N (m3/s)
0.1000E-02	0.000
0.1038E-02	0.000
0.1078E-02	0.000
0.1119E-02	0.000
0.1161E-02	0.000
0.1205E-02	0.000
0.1251E-02	0.000
0.1299E-02	0.000
0.1349E-02	0.000
0.1400E-02	0.000
0.1453E-02	0.000
0.1509E-02	0.000
0.1566E-02	0.000
0.1626E-02	0.000
0.1688E-02	0.000
0.1752E-02	0.000
0.1819E-02	0.000
0.1888E-02	0.000
0.1960E-02	0.000
0.2034E-02	0.000
0.2112E-02	0.000
0.2192E-02	0.000
0.2276E-02	0.000
0.2362E-02	0.000
0.2452E-02	0.000
0.2546E-02	0.000
0.2643E-02	0.000
0.2743E-02	0.000
0.2848E-02	0.000
0.2956E-02	0.000
0.3069E-02	0.000
0.3186E-02	0.000
0.3307E-02	0.000
0.3433E-02	0.000
0.3564E-02	0.000
0.3700E-02	0.000
0.3841E-02	0.000
0.3987E-02	0.000
0.4139E-02	0.000
0.4296E-02	0.000
0.4460E-02	0.000
0.4630E-02	0.000
0.4806E-02	0.000
0.4989E-02	0.000
0.5179E-02	0.000
0.5377E-02	0.000
0.5581E-02	0.000
0.5794E-02	0.000
0.6015E-02	0.000
0.6244E-02	0.000
0.6481E-02	0.000
0.6728E-02	0.000
0.6985E-02	0.000
0.7251E-02	0.000
0.7527E-02	0.000
0.7813E-02	0.000
0.8111E-02	0.000
0.8420E-02	0.000
0.8741E-02	0.000
0.9073E-02	0.000
0.9419E-02	0.000
0.9778E-02	0.000
0.1015E-01	0.000
0.1054E-01	0.000
0.1094E-01	0.000
0.1135E-01	0.000
0.1179E-01	0.000
0.1224E-01	0.000
0.1270E-01	0.000
0.1319E-01	0.000
0.1369E-01	0.000
0.1421E-01	0.000
0.1475E-01	0.000
0.1531E-01	0.000
0.1590E-01	0.000
0.1650E-01	0.000
0.1713E-01	0.000
0.1778E-01	0.000
0.1846E-01	0.000
0.1916E-01	0.000
0.1989E-01	0.000
0.2065E-01	0.000
0.2144E-01	0.000
0.2225E-01	0.000
0.2310E-01	0.000
0.2398E-01	0.000
0.2489E-01	0.000
0.2584E-01	0.000
0.2682E-01	0.000
0.2785E-01	0.000
0.2891E-01	0.000
0.3001E-01	0.000
0.3115E-01	0.000
0.3234E-01	0.000
0.3357E-01	0.000
0.3485E-01	0.000
0.3617E-01	0.000
0.3755E-01	0.000
0.3898E-01	0.000
0.4047E-01	0.000
0.4201E-01	0.000
0.4361E-01	0.000
0.4527E-01	0.000
0.4699E-01	0.000
0.4878E-01	0.000
0.5064E-01	0.000
0.5257E-01	0.000
0.5457E-01	0.000
0.5665E-01	0.000
0.5881E-01	0.000
0.6105E-01	0.000
0.6337E-01	0.000
0.6579E-01	0.000
0.6829E-01	0.000
0.7089E-01	0.000
0.7359E-01	0.000
0.7640E-01	0.000
0.7931E-01	0.000
0.8233E-01	0.000
0.8546E-01	0.000
0.8872E-01	0.000
0.9210E-01	0.000
0.9560E-01	0.000
0.9924E-01	0.000
0.1030	0.000
0.1069	0.000
0.1110	0.000
0.1152	0.000
0.1196	0.000
0.1242	0.000
0.1289	0.000
0.1338	0.000
0.1389	0.000
0.1442	0.000
0.1497	0.000
0.1554	0.000
0.1613	0.000
0.1675	0.000
0.1739	0.000
0.1805	0.000
0.1874	0.000
0.1945	0.000
0.2019	0.000
0.2096	0.000
0.2176	0.000
0.2259	0.000
0.2345	0.000
0.2434	0.000
0.2527	0.000
0.2623	0.000
0.2723	0.000
0.2826	0.000
0.2934	0.000
0.3046	0.000
0.3162	0.000
0.3282	0.000
0.3407	0.000
0.3537	0.000
0.3672	0.000
0.3812	0.000
0.3957	0.000
0.4107	0.000
0.4264	0.000
0.4426	0.000
0.4595	0.000
0.4770	0.000
0.4952	0.000
0.5140	0.000
0.5336	0.000
0.5539	0.000
0.5750	0.000
0.5969	0.000
0.6196	0.000
0.6432	0.000
0.6677	0.000
0.6932	0.000
0.7196	0.000
0.7470	0.000
0.7754	0.000
0.8050	0.000
0.8356	0.000
0.8674	0.000
0.9005	0.000
0.9348	0.000
0.9704	0.000
1.007	0.000
1.046	0.000
1.086	0.000
1.127	0.000
1.170	0.000
1.214	0.000
1.261	0.000
1.309	0.000
1.358	0.000
1.410	0.000
1.464	0.000
1.520	0.000
1.578	0.000
1.638	0.000
1.700	0.000
1.765	0.000
1.832	0.000
1.902	0.000
1.974	0.000
2.049	0.000
2.127	0.000
2.208	0.000
2.293	0.000
2.380	0.000
2.470	0.000
2.565	0.000
2.662	0.000
2.764	0.000
2.869	0.000
2.978	0.000
3.092	0.000
3.209	0.000
3.332	0.000
3.458	0.000
3.590	0.000
3.727	0.000
3.869	0.000
4.016	0.000
4.169	0.000
4.328	0.000
4.493	0.000
4.664	0.000
4.841	0.000
5.026	0.000
5.217	0.000
5.416	0.000
5.622	0.000
5.836	0.000
6.059	0.000
6.289	0.000
6.529	0.000
6.778	0.000
7.036	0.000
7.304	0.000
7.582	0.000
7.871	0.000
8.170	0.000
8.482	0.000
8.805	0.000
9.140	0.000
9.488	0.000
9.849	0.000
10.22	0.000
10.61	0.000
11.02	0.3899E-26
11.44	0.1545E-25
11.87	0.5594E-25
12.33	0.1860E-24
12.80	0.5710E-24
13.28	0.1753E-23
13.79	0.4691E-23
14.31	0.1175E-22
14.86	0.2766E-22
15.42	0.6145E-22
16.01	0.1293E-21
16.62	0.2580E-21
17.25	0.4937E-21
17.91	0.9057E-21
18.59	0.1599E-20
19.30	0.2725E-20
20.04	0.4499E-20
20.80	0.7217E-20
21.59	0.1131E-19
22.42	0.1726E-19
23.27	0.2577E-19
24.16	0.3774E-19
25.08	0.5429E-19
26.03	0.7683E-19
27.02	0.1071E-18
28.05	0.1471E-18
29.12	0.1997E-18
30.23	0.2681E-18
31.38	0.3560E-18
32.57	0.4681E-18
33.82	0.6096E-18
35.10	0.7879E-18
36.44	0.1009E-17
37.83	0.1282E-17
39.27	0.1618E-17
40.76	0.2028E-17
42.32	0.2526E-17
43.93	0.3130E-17
45.60	0.3853E-17
47.34	0.4717E-17
49.14	0.5746E-17
51.01	0.6966E-17
52.96	0.8406E-17
54.97	0.1010E-16
57.07	0.1208E-16
59.24	0.1440E-16
61.50	0.1710E-16
63.84	0.2023E-16
66.27	0.2386E-16
68.79	0.2804E-16
71.41	0.3285E-16
74.13	0.3836E-16
76.96	0.4468E-16
79.89	0.5181E-16
82.93	0.6001E-16
86.09	0.6934E-16
89.37	0.7991E-16
92.77	0.9195E-16
96.31	0.1055E-15
99.97	0.1207E-15
103.8	0.1379E-15
107.7	0.1571E-15
111.8	0.1789E-15
116.1	0.2030E-15
120.5	0.2300E-15
125.1	0.2599E-15
129.9	0.2933E-15
134.8	0.3305E-15
140.0	0.3717E-15
145.3	0.4173E-15
150.8	0.4677E-15
156.6	0.5234E-15
162.5	0.5841E-15
168.7	0.6515E-15
175.1	0.7256E-15
181.8	0.8078E-15
188.7	0.8967E-15
195.9	0.9940E-15
203.4	0.1100E-14
211.1	0.1216E-14
219.2	0.1342E-14
227.5	0.1478E-14
236.2	0.1626E-14
245.2	0.1785E-14
254.5	0.1957E-14
264.2	0.2143E-14
274.3	0.2345E-14
284.7	0.2559E-14
295.6	0.2786E-14
306.8	0.3031E-14
318.5	0.3293E-14
330.6	0.3571E-14
343.2	0.3867E-14
356.3	0.4179E-14
369.9	0.4509E-14
384.0	0.4855E-14
398.6	0.5220E-14
413.8	0.5601E-14
429.5	0.6002E-14
445.9	0.6426E-14
462.9	0.6862E-14
480.5	0.7312E-14
498.8	0.7781E-14
517.8	0.8270E-14
537.5	0.8771E-14
558.0	0.9287E-14
579.2	0.9816E-14
601.3	0.1035E-13
624.2	0.1091E-13
648.0	0.1147E-13
672.6	0.1205E-13
698.3	0.1263E-13
724.9	0.1322E-13
752.5	0.1382E-13
781.1	0.1443E-13
810.9	0.1504E-13
841.8	0.1565E-13
873.8	0.1626E-13
907.1	0.1687E-13
941.6	0.1747E-13
977.5	0.1808E-13
1015.	0.1868E-13
1053.	0.1926E-13
1094.	0.1984E-13
1135.	0.2042E-13
1178.	0.2098E-13
1223.	0.2153E-13
1270.	0.2206E-13
1318.	0.2258E-13
1368.	0.2308E-13
 
 
E/N (Td)	Townsend ioniz. coef. alpha/N (m2)
0.1000E-02	0.000
0.1038E-02	0.000
0.1078E-02	0.000
0.1119E-02	0.000
0.1161E-02	0.000
0.1205E-02	0.000
0.1251E-02	0.000
0.1299E-02	0.000
0.1349E-02	0.000
0.1400E-02	0.000
0.1453E-02	0.000
0.1509E-02	0.000
0.1566E-02	0.000
0.1626E-02	0.000
0.1688E-02	0.000
0.1752E-02	0.000
0.1819E-02	0.000
0.1888E-02	0.000
0.1960E-02	0.000
0.2034E-02	0.000
0.2112E-02	0.000
0.2192E-02	0.000
0.2276E-02	0.000
0.2362E-02	0.000
0.2452E-02	0.000
0.2546E-02	0.000
0.2643E-02	0.000
0.2743E-02	0.000
0.2848E-02	0.000
0.2956E-02	0.000
0.3069E-02	0.000
0.3186E-02	0.000
0.3307E-02	0.000
0.3433E-02	0.000
0.3564E-02	0.000
0.3700E-02	0.000
0.3841E-02	0.000
0.3987E-02	0.000
0.4139E-02	0.000
0.4296E-02	0.000
0.4460E-02	0.000
0.4630E-02	0.000
0.4806E-02	0.000
0.4989E-02	0.000
0.5179E-02	0.000
0.5377E-02	0.000
0.5581E-02	0.000
0.5794E-02	0.000
0.6015E-02	0.000
0.6244E-02	0.000
0.6481E-02	0.000
0.6728E-02	0.000
0.6985E-02	0.000
0.7251E-02	0.000
0.7527E-02	0.000
0.7813E-02	0.000
0.8111E-02	0.000
0.8420E-02	0.000
0.8741E-02	0.000
0.9073E-02	0.000
0.9419E-02	0.000
0.9778E-02	0.000
0.1015E-01	0.000
0.1054E-01	0.000
0.1094E-01	0.000
0.1135E-01	0.000
0.1179E-01	0.000
0.1224E-01	0.000
0.1270E-01	0.000
0.1319E-01	0.000
0.1369E-01	0.000
0.1421E-01	0.000
0.1475E-01	0.000
0.1531E-01	0.000
0.1590E-01	0.000
0.1650E-01	0.000
0.1713E-01	0.000
0.1778E-01	0.000
0.1846E-01	0.000
0.1916E-01	0.000
0.1989E-01	0.000
0.2065E-01	0.000
0.2144E-01	0.000
0.2225E-01	0.000
0.2310E-01	0.000
0.2398E-01	0.000
0.2489E-01	0.000
0.2584E-01	0.000
0.2682E-01	0.000
0.2785E-01	0.000
0.2891E-01	0.000
0.3001E-01	0.000
0.3115E-01	0.000
0.3234E-01	0.000
0.3357E-01	0.000
0.3485E-01	0.000
0.3617E-01	0.000
0.3755E-01	0.000
0.3898E-01	0.000
0.4047E-01	0.000
0.4201E-01	0.000
0.4361E-01	0.000
0.4527E-01	0.000
0.4699E-01	0.000
0.4878E-01	0.000
0.5064E-01	0.000
0.5257E-01	0.000
0.5457E-01	0.000
0.5665E-01	0.000
0.5881E-01	0.000
0.6105E-01	0.000
0.6337E-01	0.000
0.6579E-01	0.000
0.6829E-01	0.000
0.7089E-01	0.000
0.7359E-01	0.000
0.7640E-01	0.000
0.7931E-01	0.000
0.8233E-01	0.000
0.8546E-01	0.000
0.8872E-01	0.000
0.9210E-01	0.000
0.9560E-01	0.000
0.9924E-01	0.000
0.1030	0.000
0.1069	0.000
0.1110	0.000
0.1152	0.000
0.1196	0.000
0.1242	0.000
0.1289	0.000
0.1338	0.000
0.1389	0.000
0.1442	0.000
0.1497	0.000
0.1554	0.000
0.1613	0.000
0.1675	0.000
0.1739	0.000
0.1805	0.000
0.1874	0.000
0.1945	0.000
0.2019	0.000
0.2096	0.000
0.2176	0.000
0.2259	0.000
0.2345	0.000
0.2434	0.000
0.2527	0.000
0.2623	0.000
0.2723	0.000
0.2826	0.000
0.2934	0.000
0.3046	0.000
0.3162	0.000
0.3282	0.000
0.3407	0.000
0.3537	0.000
0.3672	0.000
0.3812	0.000
0.3957	0.000
0.4107	0.000
0.4264	0.000
0.4426	0.000
0.4595	0.000
0.4770	0.000
0.4952	0.000
0.5140	0.000
0.5336	0.000
0.5539	0.000
0.5750	0.000
0.5969	0.000
0.6196	0.000
0.6432	0.000
0.6677	0.000
0.6932	0.000
0.7196	0.000
0.7470	0.000
0.7754	0.000
0.8050	0.000
0.8356	0.000
0.8674	0.000
0.9005	0.000
0.9348	0.000
0.9704	0.000
1.007	0.000
1.046	0.000
1.086	0.000
1.127	0.000
1.170	0.000
1.214	0.000
1.261	0.000
1.309	0.000
1.358	0.000
1.410	0.000
1.464	0.000
1.520	0.000
1.578	0.000
1.638	0.000
1.700	0.000
1.765	0.000
1.832	0.000
1.902	0.000
1.974	0.000
2.049	0.000
2.127	0.000
2.208	0.000
2.293	0.000
2.380	0.000
2.470	0.000
2.565	0.000
2.662	0.000
2.764	0.000
2.869	0.000
2.978	0.000
3.092	0.000
3.209	0.000
3.332	0.000
3.458	0.000
3.590	0.000
3.727	0.000
3.869	0.000
4.016	0.000
4.169	0.000
4.328	0.000
4.493	0.000
4.664	0.000
4.841	0.000
5.026	0.000
5.217	0.000
5.416	0.000
5.622	0.000
5.836	0.000
6.059	0.000
6.289	0.000
6.529	0.000
6.778	0.000
7.036	0.000
7.304	0.000
7.582	0.000
7.871	0.000
8.170	0.000
8.482	0.000
8.805	0.000
9.140	0.000
9.488	0.000
9.849	0.000
10.22	0.000
10.61	0.000
11.02	0.2799E-30
11.44	0.1072E-29
11.87	0.3752E-29
12.33	0.1206E-28
12.80	0.3573E-28
13.28	0.1059E-27
13.79	0.2733E-27
14.31	0.6599E-27
14.86	0.1497E-26
15.42	0.3202E-26
16.01	0.6488E-26
16.62	0.1245E-25
17.25	0.2292E-25
17.91	0.4043E-25
18.59	0.6860E-25
19.30	0.1124E-24
20.04	0.1784E-24
20.80	0.2750E-24
21.59	0.4143E-24
22.42	0.6076E-24
23.27	0.8722E-24
24.16	0.1228E-23
25.08	0.1698E-23
26.03	0.2310E-23
27.02	0.3097E-23
28.05	0.4091E-23
29.12	0.5344E-23
30.23	0.6899E-23
31.38	0.8812E-23
32.57	0.1114E-22
33.82	0.1396E-22
35.10	0.1735E-22
36.44	0.2137E-22
37.83	0.2613E-22
39.27	0.3171E-22
40.76	0.3823E-22
42.32	0.4579E-22
43.93	0.5454E-22
45.60	0.6457E-22
47.34	0.7603E-22
49.14	0.8907E-22
51.01	0.1038E-21
52.96	0.1205E-21
54.97	0.1392E-21
57.07	0.1601E-21
59.24	0.1835E-21
61.50	0.2095E-21
63.84	0.2382E-21
66.27	0.2700E-21
68.79	0.3050E-21
71.41	0.3434E-21
74.13	0.3854E-21
76.96	0.4313E-21
79.89	0.4811E-21
82.93	0.5353E-21
86.09	0.5942E-21
89.37	0.6577E-21
92.77	0.7264E-21
96.31	0.8002E-21
99.97	0.8794E-21
103.8	0.9643E-21
107.7	0.1055E-20
111.8	0.1152E-20
116.1	0.1255E-20
120.5	0.1365E-20
125.1	0.1481E-20
129.9	0.1604E-20
134.8	0.1734E-20
140.0	0.1871E-20
145.3	0.2015E-20
150.8	0.2167E-20
156.6	0.2326E-20
162.5	0.2492E-20
168.7	0.2666E-20
175.1	0.2847E-20
181.8	0.3036E-20
188.7	0.3232E-20
195.9	0.3435E-20
203.4	0.3645E-20
211.1	0.3863E-20
219.2	0.4087E-20
227.5	0.4317E-20
236.2	0.4554E-20
245.2	0.4797E-20
254.5	0.5045E-20
264.2	0.5298E-20
274.3	0.5555E-20
284.7	0.5817E-20
295.6	0.6083E-20
306.8	0.6351E-20
318.5	0.6621E-20
330.6	0.6893E-20
343.2	0.7166E-20
356.3	0.7438E-20
369.9	0.7710E-20
384.0	0.7980E-20
398.6	0.8248E-20
413.8	0.8512E-20
429.5	0.8772E-20
445.9	0.9026E-20
462.9	0.9274E-20
480.5	0.9518E-20
498.8	0.9752E-20
517.8	0.9976E-20
537.5	0.1019E-19
558.0	0.1040E-19
579.2	0.1059E-19
601.3	0.1078E-19
624.2	0.1094E-19
648.0	0.1110E-19
672.6	0.1124E-19
698.3	0.1137E-19
724.9	0.1148E-19
752.5	0.1158E-19
781.1	0.1165E-19
810.9	0.1171E-19
841.8	0.1176E-19
873.8	0.1179E-19
907.1	0.1179E-19
941.6	0.1178E-19
977.5	0.1175E-19
1015.	0.1171E-19
1053.	0.1164E-19
1094.	0.1156E-19
1135.	0.1145E-19
1178.	0.1133E-19
1223.	0.1119E-19
1270.	0.1103E-19
1318.	0.1086E-19
1368.	0.1067E-19
 
 
E/N (Td)	Power /N (eV m3/s)
0.1000E-02	0.3542E-23
0.1038E-02	0.3814E-23
0.1078E-02	0.4110E-23
0.1119E-02	0.4429E-23
0.1161E-02	0.4773E-23
0.1205E-02	0.5144E-23
0.1251E-02	0.5543E-23
0.1299E-02	0.5973E-23
0.1349E-02	0.6437E-23
0.1400E-02	0.6936E-23
0.1453E-02	0.7475E-23
0.1509E-02	0.8055E-23
0.1566E-02	0.8680E-23
0.1626E-02	0.9354E-23
0.1688E-02	0.1008E-22
0.1752E-02	0.1086E-22
0.1819E-02	0.1171E-22
0.1888E-02	0.1261E-22
0.1960E-02	0.1359E-22
0.2034E-02	0.1465E-22
0.2112E-02	0.1579E-22
0.2192E-02	0.1701E-22
0.2276E-02	0.1833E-22
0.2362E-02	0.1975E-22
0.2452E-02	0.2129E-22
0.2546E-02	0.2294E-22
0.2643E-02	0.2472E-22
0.2743E-02	0.2664E-22
0.2848E-02	0.2871E-22
0.2956E-02	0.3094E-22
0.3069E-02	0.3334E-22
0.3186E-02	0.3593E-22
0.3307E-02	0.3871E-22
0.3433E-02	0.4172E-22
0.3564E-02	0.4496E-22
0.3700E-02	0.4845E-22
0.3841E-02	0.5221E-22
0.3987E-02	0.5626E-22
0.4139E-02	0.6063E-22
0.4296E-02	0.6533E-22
0.4460E-02	0.7040E-22
0.4630E-02	0.7587E-22
0.4806E-02	0.8176E-22
0.4989E-02	0.8810E-22
0.5179E-02	0.9494E-22
0.5377E-02	0.1023E-21
0.5581E-02	0.1103E-21
0.5794E-02	0.1188E-21
0.6015E-02	0.1280E-21
0.6244E-02	0.1380E-21
0.6481E-02	0.1487E-21
0.6728E-02	0.1602E-21
0.6985E-02	0.1727E-21
0.7251E-02	0.1861E-21
0.7527E-02	0.2005E-21
0.7813E-02	0.2161E-21
0.8111E-02	0.2328E-21
0.8420E-02	0.2509E-21
0.8741E-02	0.2704E-21
0.9073E-02	0.2914E-21
0.9419E-02	0.3140E-21
0.9778E-02	0.3383E-21
0.1015E-01	0.3646E-21
0.1054E-01	0.3929E-21
0.1094E-01	0.4234E-21
0.1135E-01	0.4562E-21
0.1179E-01	0.4916E-21
0.1224E-01	0.5298E-21
0.1270E-01	0.5709E-21
0.1319E-01	0.6152E-21
0.1369E-01	0.6629E-21
0.1421E-01	0.7144E-21
0.1475E-01	0.7698E-21
0.1531E-01	0.8296E-21
0.1590E-01	0.8939E-21
0.1650E-01	0.9633E-21
0.1713E-01	0.1038E-20
0.1778E-01	0.1119E-20
0.1846E-01	0.1205E-20
0.1916E-01	0.1299E-20
0.1989E-01	0.1400E-20
0.2065E-01	0.1508E-20
0.2144E-01	0.1625E-20
0.2225E-01	0.1751E-20
0.2310E-01	0.1887E-20
0.2398E-01	0.2033E-20
0.2489E-01	0.2191E-20
0.2584E-01	0.2361E-20
0.2682E-01	0.2544E-20
0.2785E-01	0.2741E-20
0.2891E-01	0.2954E-20
0.3001E-01	0.3183E-20
0.3115E-01	0.3429E-20
0.3234E-01	0.3695E-20
0.3357E-01	0.3981E-20
0.3485E-01	0.4290E-20
0.3617E-01	0.4622E-20
0.3755E-01	0.4980E-20
0.3898E-01	0.5366E-20
0.4047E-01	0.5781E-20
0.4201E-01	0.6229E-20
0.4361E-01	0.6711E-20
0.4527E-01	0.7230E-20
0.4699E-01	0.7789E-20
0.4878E-01	0.8391E-20
0.5064E-01	0.9040E-20
0.5257E-01	0.9739E-20
0.5457E-01	0.1049E-19
0.5665E-01	0.1130E-19
0.5881E-01	0.1217E-19
0.6105E-01	0.1311E-19
0.6337E-01	0.1413E-19
0.6579E-01	0.1521E-19
0.6829E-01	0.1639E-19
0.7089E-01	0.1765E-19
0.7359E-01	0.1901E-19
0.7640E-01	0.2047E-19
0.7931E-01	0.2205E-19
0.8233E-01	0.2374E-19
0.8546E-01	0.2556E-19
0.8872E-01	0.2753E-19
0.9210E-01	0.2964E-19
0.9560E-01	0.3191E-19
0.9924E-01	0.3435E-19
0.1030	0.3698E-19
0.1069	0.3980E-19
0.1110	0.4284E-19
0.1152	0.4610E-19
0.1196	0.4961E-19
0.1242	0.5339E-19
0.1289	0.5744E-19
0.1338	0.6180E-19
0.1389	0.6648E-19
0.1442	0.7151E-19
0.1497	0.7691E-19
0.1554	0.8271E-19
0.1613	0.8893E-19
0.1675	0.9561E-19
0.1739	0.1028E-18
0.1805	0.1105E-18
0.1874	0.1187E-18
0.1945	0.1276E-18
0.2019	0.1371E-18
0.2096	0.1472E-18
0.2176	0.1581E-18
0.2259	0.1698E-18
0.2345	0.1823E-18
0.2434	0.1957E-18
0.2527	0.2100E-18
0.2623	0.2254E-18
0.2723	0.2418E-18
0.2826	0.2594E-18
0.2934	0.2782E-18
0.3046	0.2983E-18
0.3162	0.3198E-18
0.3282	0.3427E-18
0.3407	0.3672E-18
0.3537	0.3934E-18
0.3672	0.4214E-18
0.3812	0.4513E-18
0.3957	0.4832E-18
0.4107	0.5172E-18
0.4264	0.5535E-18
0.4426	0.5921E-18
0.4595	0.6334E-18
0.4770	0.6774E-18
0.4952	0.7243E-18
0.5140	0.7742E-18
0.5336	0.8275E-18
0.5539	0.8841E-18
0.5750	0.9445E-18
0.5969	0.1009E-17
0.6196	0.1077E-17
0.6432	0.1150E-17
0.6677	0.1228E-17
0.6932	0.1310E-17
0.7196	0.1398E-17
0.7470	0.1491E-17
0.7754	0.1590E-17
0.8050	0.1696E-17
0.8356	0.1808E-17
0.8674	0.1928E-17
0.9005	0.2055E-17
0.9348	0.2189E-17
0.9704	0.2333E-17
1.007	0.2485E-17
1.046	0.2648E-17
1.086	0.2820E-17
1.127	0.3003E-17
1.170	0.3198E-17
1.214	0.3405E-17
1.261	0.3625E-17
1.309	0.3859E-17
1.358	0.4107E-17
1.410	0.4372E-17
1.464	0.4653E-17
1.520	0.4951E-17
1.578	0.5269E-17
1.638	0.5607E-17
1.700	0.5966E-17
1.765	0.6348E-17
1.832	0.6755E-17
1.902	0.7187E-17
1.974	0.7648E-17
2.049	0.8137E-17
2.127	0.8658E-17
2.208	0.9213E-17
2.293	0.9804E-17
2.380	0.1043E-16
2.470	0.1110E-16
2.565	0.1182E-16
2.662	0.1258E-16
2.764	0.1339E-16
2.869	0.1426E-16
2.978	0.1518E-16
3.092	0.1616E-16
3.209	0.1721E-16
3.332	0.1833E-16
3.458	0.1953E-16
3.590	0.2080E-16
3.727	0.2217E-16
3.869	0.2362E-16
4.016	0.2518E-16
4.169	0.2684E-16
4.328	0.2862E-16
4.493	0.3052E-16
4.664	0.3255E-16
4.841	0.3472E-16
5.026	0.3705E-16
5.217	0.3954E-16
5.416	0.4221E-16
5.622	0.4507E-16
5.836	0.4813E-16
6.059	0.5142E-16
6.289	0.5495E-16
6.529	0.5873E-16
6.778	0.6279E-16
7.036	0.6714E-16
7.304	0.7182E-16
7.582	0.7685E-16
7.871	0.8225E-16
8.170	0.8805E-16
8.482	0.9429E-16
8.805	0.1010E-15
9.140	0.1082E-15
9.488	0.1160E-15
9.849	0.1243E-15
10.22	0.1333E-15
10.61	0.1430E-15
11.02	0.1535E-15
11.44	0.1648E-15
11.87	0.1770E-15
12.33	0.1902E-15
12.80	0.2045E-15
13.28	0.2199E-15
13.79	0.2367E-15
14.31	0.2549E-15
14.86	0.2746E-15
15.42	0.2960E-15
16.01	0.3192E-15
16.62	0.3444E-15
17.25	0.3717E-15
17.91	0.4013E-15
18.59	0.4333E-15
19.30	0.4680E-15
20.04	0.5054E-15
20.80	0.5458E-15
21.59	0.5896E-15
22.42	0.6368E-15
23.27	0.6877E-15
24.16	0.7425E-15
25.08	0.8017E-15
26.03	0.8656E-15
27.02	0.9344E-15
28.05	0.1008E-14
29.12	0.1088E-14
30.23	0.1175E-14
31.38	0.1268E-14
32.57	0.1368E-14
33.82	0.1477E-14
35.10	0.1594E-14
36.44	0.1721E-14
37.83	0.1857E-14
39.27	0.2004E-14
40.76	0.2163E-14
42.32	0.2334E-14
43.93	0.2521E-14
45.60	0.2721E-14
47.34	0.2937E-14
49.14	0.3170E-14
51.01	0.3422E-14
52.96	0.3695E-14
54.97	0.3987E-14
57.07	0.4305E-14
59.24	0.4649E-14
61.50	0.5020E-14
63.84	0.5421E-14
66.27	0.5855E-14
68.79	0.6324E-14
71.41	0.6831E-14
74.13	0.7380E-14
76.96	0.7973E-14
79.89	0.8604E-14
82.93	0.9297E-14
86.09	0.1005E-13
89.37	0.1086E-13
92.77	0.1174E-13
96.31	0.1269E-13
99.97	0.1372E-13
103.8	0.1484E-13
107.7	0.1604E-13
111.8	0.1737E-13
116.1	0.1878E-13
120.5	0.2031E-13
125.1	0.2195E-13
129.9	0.2375E-13
134.8	0.2569E-13
140.0	0.2780E-13
145.3	0.3008E-13
150.8	0.3256E-13
156.6	0.3523E-13
162.5	0.3809E-13
168.7	0.4123E-13
175.1	0.4464E-13
181.8	0.4838E-13
188.7	0.5237E-13
195.9	0.5669E-13
203.4	0.6140E-13
211.1	0.6647E-13
219.2	0.7196E-13
227.5	0.7790E-13
236.2	0.8432E-13
245.2	0.9124E-13
254.5	0.9875E-13
264.2	0.1069E-12
274.3	0.1158E-12
284.7	0.1253E-12
295.6	0.1354E-12
306.8	0.1464E-12
318.5	0.1584E-12
330.6	0.1713E-12
343.2	0.1852E-12
356.3	0.2002E-12
369.9	0.2163E-12
384.0	0.2336E-12
398.6	0.2523E-12
413.8	0.2723E-12
429.5	0.2939E-12
445.9	0.3174E-12
462.9	0.3424E-12
480.5	0.3691E-12
498.8	0.3980E-12
517.8	0.4292E-12
537.5	0.4626E-12
558.0	0.4984E-12
579.2	0.5369E-12
601.3	0.5778E-12
624.2	0.6221E-12
648.0	0.6698E-12
672.6	0.7210E-12
698.3	0.7758E-12
724.9	0.8349E-12
752.5	0.8985E-12
781.1	0.9668E-12
810.9	0.1041E-11
841.8	0.1120E-11
873.8	0.1205E-11
907.1	0.1297E-11
941.6	0.1396E-11
977.5	0.1503E-11
1015.	0.1619E-11
1053.	0.1743E-11
1094.	0.1878E-11
1135.	0.2024E-11
1178.	0.2182E-11
1223.	0.2353E-11
1270.	0.2539E-11
1318.	0.2742E-11
1368.	0.2962E-11
 
 
E/N (Td)	Elastic power loss /N (eV m3/s)
0.1000E-02	0.3545E-23
0.1038E-02	0.3829E-23
0.1078E-02	0.4126E-23
0.1119E-02	0.4446E-23
0.1161E-02	0.4791E-23
0.1205E-02	0.5163E-23
0.1251E-02	0.5564E-23
0.1299E-02	0.5995E-23
0.1349E-02	0.6461E-23
0.1400E-02	0.6962E-23
0.1453E-02	0.7502E-23
0.1509E-02	0.8085E-23
0.1566E-02	0.8712E-23
0.1626E-02	0.9388E-23
0.1688E-02	0.1012E-22
0.1752E-02	0.1090E-22
0.1819E-02	0.1175E-22
0.1888E-02	0.1266E-22
0.1960E-02	0.1364E-22
0.2034E-02	0.1470E-22
0.2112E-02	0.1584E-22
0.2192E-02	0.1707E-22
0.2276E-02	0.1840E-22
0.2362E-02	0.1983E-22
0.2452E-02	0.2136E-22
0.2546E-02	0.2302E-22
0.2643E-02	0.2481E-22
0.2743E-02	0.2674E-22
0.2848E-02	0.2881E-22
0.2956E-02	0.3105E-22
0.3069E-02	0.3346E-22
0.3186E-02	0.3605E-22
0.3307E-02	0.3885E-22
0.3433E-02	0.4187E-22
0.3564E-02	0.4512E-22
0.3700E-02	0.4862E-22
0.3841E-02	0.5239E-22
0.3987E-02	0.5646E-22
0.4139E-02	0.6084E-22
0.4296E-02	0.6556E-22
0.4460E-02	0.7065E-22
0.4630E-02	0.7614E-22
0.4806E-02	0.8205E-22
0.4989E-02	0.8842E-22
0.5179E-02	0.9528E-22
0.5377E-02	0.1027E-21
0.5581E-02	0.1106E-21
0.5794E-02	0.1192E-21
0.6015E-02	0.1285E-21
0.6244E-02	0.1385E-21
0.6481E-02	0.1492E-21
0.6728E-02	0.1608E-21
0.6985E-02	0.1733E-21
0.7251E-02	0.1867E-21
0.7527E-02	0.2012E-21
0.7813E-02	0.2168E-21
0.8111E-02	0.2336E-21
0.8420E-02	0.2518E-21
0.8741E-02	0.2713E-21
0.9073E-02	0.2924E-21
0.9419E-02	0.3151E-21
0.9778E-02	0.3395E-21
0.1015E-01	0.3659E-21
0.1054E-01	0.3943E-21
0.1094E-01	0.4249E-21
0.1135E-01	0.4578E-21
0.1179E-01	0.4934E-21
0.1224E-01	0.5317E-21
0.1270E-01	0.5729E-21
0.1319E-01	0.6174E-21
0.1369E-01	0.6653E-21
0.1421E-01	0.7169E-21
0.1475E-01	0.7725E-21
0.1531E-01	0.8325E-21
0.1590E-01	0.8971E-21
0.1650E-01	0.9667E-21
0.1713E-01	0.1042E-20
0.1778E-01	0.1122E-20
0.1846E-01	0.1210E-20
0.1916E-01	0.1303E-20
0.1989E-01	0.1404E-20
0.2065E-01	0.1513E-20
0.2144E-01	0.1631E-20
0.2225E-01	0.1757E-20
0.2310E-01	0.1894E-20
0.2398E-01	0.2040E-20
0.2489E-01	0.2199E-20
0.2584E-01	0.2369E-20
0.2682E-01	0.2553E-20
0.2785E-01	0.2751E-20
0.2891E-01	0.2964E-20
0.3001E-01	0.3194E-20
0.3115E-01	0.3441E-20
0.3234E-01	0.3708E-20
0.3357E-01	0.3995E-20
0.3485E-01	0.4304E-20
0.3617E-01	0.4638E-20
0.3755E-01	0.4997E-20
0.3898E-01	0.5384E-20
0.4047E-01	0.5801E-20
0.4201E-01	0.6250E-20
0.4361E-01	0.6733E-20
0.4527E-01	0.7254E-20
0.4699E-01	0.7815E-20
0.4878E-01	0.8419E-20
0.5064E-01	0.9070E-20
0.5257E-01	0.9771E-20
0.5457E-01	0.1053E-19
0.5665E-01	0.1134E-19
0.5881E-01	0.1221E-19
0.6105E-01	0.1316E-19
0.6337E-01	0.1417E-19
0.6579E-01	0.1526E-19
0.6829E-01	0.1644E-19
0.7089E-01	0.1771E-19
0.7359E-01	0.1907E-19
0.7640E-01	0.2053E-19
0.7931E-01	0.2211E-19
0.8233E-01	0.2381E-19
0.8546E-01	0.2564E-19
0.8872E-01	0.2761E-19
0.9210E-01	0.2972E-19
0.9560E-01	0.3200E-19
0.9924E-01	0.3445E-19
0.1030	0.3708E-19
0.1069	0.3991E-19
0.1110	0.4295E-19
0.1152	0.4623E-19
0.1196	0.4974E-19
0.1242	0.5352E-19
0.1289	0.5758E-19
0.1338	0.6195E-19
0.1389	0.6664E-19
0.1442	0.7167E-19
0.1497	0.7708E-19
0.1554	0.8288E-19
0.1613	0.8912E-19
0.1675	0.9580E-19
0.1739	0.1030E-18
0.1805	0.1107E-18
0.1874	0.1189E-18
0.1945	0.1278E-18
0.2019	0.1373E-18
0.2096	0.1475E-18
0.2176	0.1584E-18
0.2259	0.1700E-18
0.2345	0.1826E-18
0.2434	0.1960E-18
0.2527	0.2103E-18
0.2623	0.2257E-18
0.2723	0.2421E-18
0.2826	0.2597E-18
0.2934	0.2785E-18
0.3046	0.2985E-18
0.3162	0.3200E-18
0.3282	0.3430E-18
0.3407	0.3675E-18
0.3537	0.3937E-18
0.3672	0.4218E-18
0.3812	0.4516E-18
0.3957	0.4835E-18
0.4107	0.5175E-18
0.4264	0.5538E-18
0.4426	0.5925E-18
0.4595	0.6338E-18
0.4770	0.6777E-18
0.4952	0.7246E-18
0.5140	0.7746E-18
0.5336	0.8278E-18
0.5539	0.8844E-18
0.5750	0.9448E-18
0.5969	0.1009E-17
0.6196	0.1077E-17
0.6432	0.1150E-17
0.6677	0.1228E-17
0.6932	0.1310E-17
0.7196	0.1398E-17
0.7470	0.1491E-17
0.7754	0.1591E-17
0.8050	0.1696E-17
0.8356	0.1808E-17
0.8674	0.1928E-17
0.9005	0.2055E-17
0.9348	0.2190E-17
0.9704	0.2333E-17
1.007	0.2486E-17
1.046	0.2648E-17
1.086	0.2820E-17
1.127	0.3003E-17
1.170	0.3198E-17
1.214	0.3405E-17
1.261	0.3625E-17
1.309	0.3859E-17
1.358	0.4108E-17
1.410	0.4372E-17
1.464	0.4653E-17
1.520	0.4952E-17
1.578	0.5269E-17
1.638	0.5607E-17
1.700	0.5966E-17
1.765	0.6349E-17
1.832	0.6755E-17
1.902	0.7188E-17
1.974	0.7648E-17
2.049	0.8137E-17
2.127	0.8659E-17
2.208	0.9214E-17
2.293	0.9805E-17
2.380	0.1043E-16
2.470	0.1110E-16
2.565	0.1182E-16
2.662	0.1258E-16
2.764	0.1339E-16
2.869	0.1426E-16
2.978	0.1518E-16
3.092	0.1616E-16
3.209	0.1721E-16
3.332	0.1833E-16
3.458	0.1953E-16
3.590	0.2080E-16
3.727	0.2217E-16
3.869	0.2362E-16
4.016	0.2518E-16
4.169	0.2684E-16
4.328	0.2862E-16
4.493	0.3051E-16
4.664	0.3255E-16
4.841	0.3472E-16
5.026	0.3705E-16
5.217	0.3954E-16
5.416	0.4221E-16
5.622	0.4507E-16
5.836	0.4813E-16
6.059	0.5142E-16
6.289	0.5494E-16
6.529	0.5873E-16
6.778	0.6277E-16
7.036	0.6713E-16
7.304	0.7181E-16
7.582	0.7683E-16
7.871	0.8223E-16
8.170	0.8804E-16
8.482	0.9428E-16
8.805	0.1010E-15
9.140	0.1082E-15
9.488	0.1160E-15
9.849	0.1243E-15
10.22	0.1333E-15
10.61	0.1430E-15
11.02	0.1535E-15
11.44	0.1647E-15
11.87	0.1768E-15
12.33	0.1898E-15
12.80	0.2037E-15
13.28	0.2184E-15
13.79	0.2339E-15
14.31	0.2501E-15
14.86	0.2669E-15
15.42	0.2839E-15
16.01	0.3010E-15
16.62	0.3179E-15
17.25	0.3345E-15
17.91	0.3504E-15
18.59	0.3657E-15
19.30	0.3801E-15
20.04	0.3937E-15
20.80	0.4063E-15
21.59	0.4180E-15
22.42	0.4290E-15
23.27	0.4393E-15
24.16	0.4489E-15
25.08	0.4579E-15
26.03	0.4664E-15
27.02	0.4745E-15
28.05	0.4825E-15
29.12	0.4899E-15
30.23	0.4969E-15
31.38	0.5038E-15
32.57	0.5105E-15
33.82	0.5170E-15
35.10	0.5233E-15
36.44	0.5297E-15
37.83	0.5360E-15
39.27	0.5423E-15
40.76	0.5486E-15
42.32	0.5550E-15
43.93	0.5612E-15
45.60	0.5677E-15
47.34	0.5742E-15
49.14	0.5808E-15
51.01	0.5876E-15
52.96	0.5944E-15
54.97	0.6015E-15
57.07	0.6086E-15
59.24	0.6159E-15
61.50	0.6233E-15
63.84	0.6309E-15
66.27	0.6388E-15
68.79	0.6468E-15
71.41	0.6551E-15
74.13	0.6636E-15
76.96	0.6724E-15
79.89	0.6817E-15
82.93	0.6910E-15
86.09	0.7006E-15
89.37	0.7106E-15
92.77	0.7208E-15
96.31	0.7314E-15
99.97	0.7424E-15
103.8	0.7539E-15
107.7	0.7658E-15
111.8	0.7780E-15
116.1	0.7908E-15
120.5	0.8042E-15
125.1	0.8181E-15
129.9	0.8325E-15
134.8	0.8475E-15
140.0	0.8632E-15
145.3	0.8795E-15
150.8	0.8966E-15
156.6	0.9144E-15
162.5	0.9330E-15
168.7	0.9525E-15
175.1	0.9729E-15
181.8	0.9945E-15
188.7	0.1017E-14
195.9	0.1041E-14
203.4	0.1065E-14
211.1	0.1091E-14
219.2	0.1119E-14
227.5	0.1148E-14
236.2	0.1178E-14
245.2	0.1210E-14
254.5	0.1244E-14
264.2	0.1280E-14
274.3	0.1318E-14
284.7	0.1358E-14
295.6	0.1400E-14
306.8	0.1445E-14
318.5	0.1492E-14
330.6	0.1543E-14
343.2	0.1596E-14
356.3	0.1653E-14
369.9	0.1713E-14
384.0	0.1776E-14
398.6	0.1844E-14
413.8	0.1916E-14
429.5	0.1992E-14
445.9	0.2074E-14
462.9	0.2161E-14
480.5	0.2252E-14
498.8	0.2350E-14
517.8	0.2454E-14
537.5	0.2565E-14
558.0	0.2683E-14
579.2	0.2808E-14
601.3	0.2940E-14
624.2	0.3082E-14
648.0	0.3233E-14
672.6	0.3393E-14
698.3	0.3563E-14
724.9	0.3745E-14
752.5	0.3938E-14
781.1	0.4144E-14
810.9	0.4364E-14
841.8	0.4597E-14
873.8	0.4844E-14
907.1	0.5108E-14
941.6	0.5389E-14
977.5	0.5690E-14
1015.	0.6009E-14
1053.	0.6348E-14
1094.	0.6711E-14
1135.	0.7099E-14
1178.	0.7511E-14
1223.	0.7952E-14
1270.	0.8422E-14
1318.	0.8925E-14
1368.	0.9460E-14
 
 
E/N (Td)	Inelastic power loss /N (eV m3/s)
0.1000E-02	-0.8548-183
0.1038E-02	-0.8553-183
0.1078E-02	-0.8553-183
0.1119E-02	-0.8553-183
0.1161E-02	-0.8553-183
0.1205E-02	-0.8553-183
0.1251E-02	-0.8553-183
0.1299E-02	-0.8553-183
0.1349E-02	-0.8553-183
0.1400E-02	-0.8553-183
0.1453E-02	-0.8553-183
0.1509E-02	-0.8553-183
0.1566E-02	-0.8553-183
0.1626E-02	-0.8553-183
0.1688E-02	-0.8553-183
0.1752E-02	-0.8553-183
0.1819E-02	-0.8553-183
0.1888E-02	-0.8553-183
0.1960E-02	-0.8553-183
0.2034E-02	-0.8553-183
0.2112E-02	-0.8553-183
0.2192E-02	-0.8553-183
0.2276E-02	-0.8553-183
0.2362E-02	-0.8553-183
0.2452E-02	-0.8553-183
0.2546E-02	-0.8553-183
0.2643E-02	-0.8553-183
0.2743E-02	-0.8553-183
0.2848E-02	-0.8553-183
0.2956E-02	-0.8553-183
0.3069E-02	-0.8553-183
0.3186E-02	-0.8553-183
0.3307E-02	-0.8553-183
0.3433E-02	-0.8553-183
0.3564E-02	-0.8553-183
0.3700E-02	-0.8553-183
0.3841E-02	-0.8553-183
0.3987E-02	-0.8553-183
0.4139E-02	-0.8553-183
0.4296E-02	-0.8553-183
0.4460E-02	-0.8553-183
0.4630E-02	-0.8553-183
0.4806E-02	-0.8553-183
0.4989E-02	-0.8553-183
0.5179E-02	-0.8553-183
0.5377E-02	-0.8553-183
0.5581E-02	-0.8553-183
0.5794E-02	-0.8553-183
0.6015E-02	-0.8553-183
0.6244E-02	-0.8553-183
0.6481E-02	-0.8553-183
0.6728E-02	-0.8553-183
0.6985E-02	-0.8553-183
0.7251E-02	-0.8553-183
0.7527E-02	-0.8553-183
0.7813E-02	-0.8553-183
0.8111E-02	-0.8553-183
0.8420E-02	-0.8553-183
0.8741E-02	-0.8553-183
0.9073E-02	-0.8553-183
0.9419E-02	-0.8553-183
0.9778E-02	-0.8552-183
0.1015E-01	-0.8552-183
0.1054E-01	-0.8552-183
0.1094E-01	-0.8552-183
0.1135E-01	-0.8552-183
0.1179E-01	-0.8552-183
0.1224E-01	-0.8552-183
0.1270E-01	-0.8552-183
0.1319E-01	-0.8552-183
0.1369E-01	-0.8552-183
0.1421E-01	-0.8552-183
0.1475E-01	-0.8552-183
0.1531E-01	-0.8552-183
0.1590E-01	-0.8551-183
0.1650E-01	-0.8551-183
0.1713E-01	-0.8551-183
0.1778E-01	-0.8551-183
0.1846E-01	-0.8551-183
0.1916E-01	-0.8551-183
0.1989E-01	-0.8550-183
0.2065E-01	-0.8550-183
0.2144E-01	-0.8550-183
0.2225E-01	-0.8550-183
0.2310E-01	-0.8549-183
0.2398E-01	-0.8549-183
0.2489E-01	-0.8549-183
0.2584E-01	-0.8549-183
0.2682E-01	-0.8548-183
0.2785E-01	-0.8548-183
0.2891E-01	-0.8547-183
0.3001E-01	-0.8547-183
0.3115E-01	-0.8547-183
0.3234E-01	-0.8546-183
0.3357E-01	-0.8545-183
0.3485E-01	-0.8545-183
0.3617E-01	-0.8544-183
0.3755E-01	-0.8544-183
0.3898E-01	-0.8543-183
0.4047E-01	-0.8542-183
0.4201E-01	-0.8541-183
0.4361E-01	-0.8540-183
0.4527E-01	-0.8539-183
0.4699E-01	-0.8538-183
0.4878E-01	-0.8537-183
0.5064E-01	-0.8536-183
0.5257E-01	-0.8534-183
0.5457E-01	-0.8533-183
0.5665E-01	-0.8531-183
0.5881E-01	-0.8530-183
0.6105E-01	-0.8528-183
0.6337E-01	-0.8526-183
0.6579E-01	-0.8524-183
0.6829E-01	-0.8522-183
0.7089E-01	-0.8519-183
0.7359E-01	-0.8517-183
0.7640E-01	-0.8514-183
0.7931E-01	-0.8511-183
0.8233E-01	-0.8508-183
0.8546E-01	-0.8504-183
0.8872E-01	-0.8500-183
0.9210E-01	-0.8496-183
0.9560E-01	-0.8492-183
0.9924E-01	-0.8487-183
0.1030	-0.8482-183
0.1069	-0.8477-183
0.1110	-0.8471-183
0.1152	-0.8465-183
0.1196	-0.8458-183
0.1242	-0.8451-183
0.1289	-0.8443-183
0.1338	-0.8435-183
0.1389	-0.8421-183
0.1442	-0.8412-183
0.1497	-0.8402-183
0.1554	-0.8391-183
0.1613	-0.8380-183
0.1675	-0.8367-183
0.1739	-0.8354-183
0.1805	-0.8338-183
0.1874	-0.8323-183
0.1945	-0.8307-183
0.2019	-0.8290-183
0.2096	-0.8272-183
0.2176	-0.8252-183
0.2259	-0.8231-183
0.2345	-0.8209-183
0.2434	-0.8186-183
0.2527	-0.8161-183
0.2623	-0.8134-183
0.2723	-0.8106-183
0.2826	-0.8077-183
0.2934	-0.8046-183
0.3046	-0.8013-183
0.3162	-0.7978-183
0.3282	-0.7942-183
0.3407	-0.7904-183
0.3537	-0.7864-183
0.3672	-0.7821-183
0.3812	-0.7777-183
0.3957	-0.7731-183
0.4107	-0.7682-183
0.4264	-0.7632-183
0.4426	-0.7579-183
0.4595	-0.7525-183
0.4770	-0.7468-183
0.4952	-0.7409-183
0.5140	-0.7348-183
0.5336	-0.7285-183
0.5539	-0.7220-183
0.5750	-0.7152-183
0.5969	-0.7083-183
0.6196	-0.7012-183
0.6432	-0.6939-183
0.6677	-0.6865-183
0.6932	-0.6788-183
0.7196	-0.6710-183
0.7470	-0.6631-183
0.7754	-0.6550-183
0.8050	-0.6468-183
0.8356	-0.6384-183
0.8674	-0.6299-183
0.9005	-0.6214-183
0.9348	-0.6127-183
0.9704	-0.6039-183
1.007	-0.5951-183
1.046	-0.5862-183
1.086	-0.5773-183
1.127	-0.5683-183
1.170	-0.5593-183
1.214	-0.5503-183
1.261	-0.5413-183
1.309	-0.5322-183
1.358	-0.5232-183
1.410	-0.5142-183
1.464	-0.5052-183
1.520	-0.4963-183
1.578	-0.4874-183
1.638	-0.4785-183
1.700	-0.4697-183
1.765	-0.4610-183
1.832	-0.4524-183
1.902	-0.4438-183
1.974	-0.4353-183
2.049	-0.4268-183
2.127	-0.4185-183
2.208	-0.4103-183
2.293	-0.4021-183
2.380	-0.3940-183
2.470	-0.3861-183
2.565	-0.3782-183
2.662	-0.3705-183
2.764	-0.3628-183
2.869	-0.3553-183
2.978	-0.3478-183
3.092	-0.3405-183
3.209	-0.3333-183
3.332	-0.3261-183
3.458	-0.3191-183
3.590	-0.3122-183
3.727	-0.3054-183
3.869	-0.2987-183
4.016	-0.2921-183
4.169	-0.2857-183
4.328	-0.2793-183
4.493	-0.2730-183
4.664	-0.2669-183
4.841	-0.2609-183
5.026	-0.2550-183
5.217	-0.2491-183
5.416	-0.2434-183
5.622	-0.2378-183
5.836	-0.2323-183
6.059	-0.2270-183
6.289	-0.2217-183
6.529	-0.2165-183
6.778	-0.2115-183
7.036	-0.2065-183
7.304	-0.2017-183
7.582	-0.1970-183
7.871	-0.1924-183
8.170	0.1335E-23
8.482	0.6581E-23
8.805	0.2912E-22
9.140	0.1243E-21
9.488	0.4537E-21
9.849	0.1511E-20
10.22	0.4621E-20
10.61	0.1303E-19
11.02	0.3428E-19
11.44	0.8332E-19
11.87	0.1892E-18
12.33	0.4033E-18
12.80	0.8096E-18
13.28	0.1536E-17
13.79	0.2765E-17
14.31	0.4736E-17
14.86	0.7746E-17
15.42	0.1214E-16
16.01	0.1829E-16
16.62	0.2647E-16
17.25	0.3724E-16
17.91	0.5086E-16
18.59	0.6764E-16
19.30	0.8784E-16
20.04	0.1117E-15
20.80	0.1394E-15
21.59	0.1716E-15
22.42	0.2077E-15
23.27	0.2483E-15
24.16	0.2935E-15
25.08	0.3437E-15
26.03	0.3989E-15
27.02	0.4596E-15
28.05	0.5250E-15
29.12	0.5976E-15
30.23	0.6766E-15
31.38	0.7625E-15
32.57	0.8560E-15
33.82	0.9573E-15
35.10	0.1068E-14
36.44	0.1187E-14
37.83	0.1316E-14
39.27	0.1456E-14
40.76	0.1607E-14
42.32	0.1770E-14
43.93	0.1948E-14
45.60	0.2138E-14
47.34	0.2344E-14
49.14	0.2567E-14
51.01	0.2807E-14
52.96	0.3067E-14
54.97	0.3345E-14
57.07	0.3647E-14
59.24	0.3973E-14
61.50	0.4324E-14
63.84	0.4703E-14
66.27	0.5113E-14
68.79	0.5554E-14
71.41	0.6029E-14
74.13	0.6542E-14
76.96	0.7094E-14
79.89	0.7678E-14
82.93	0.8318E-14
86.09	0.9008E-14
89.37	0.9752E-14
92.77	0.1056E-13
96.31	0.1142E-13
99.97	0.1235E-13
103.8	0.1335E-13
107.7	0.1443E-13
111.8	0.1560E-13
116.1	0.1685E-13
120.5	0.1819E-13
125.1	0.1962E-13
129.9	0.2116E-13
134.8	0.2283E-13
140.0	0.2461E-13
145.3	0.2653E-13
150.8	0.2859E-13
156.6	0.3080E-13
162.5	0.3313E-13
168.7	0.3567E-13
175.1	0.3839E-13
181.8	0.4136E-13
188.7	0.4447E-13
195.9	0.4780E-13
203.4	0.5138E-13
211.1	0.5518E-13
219.2	0.5923E-13
227.5	0.6355E-13
236.2	0.6814E-13
245.2	0.7300E-13
254.5	0.7818E-13
264.2	0.8368E-13
274.3	0.8956E-13
284.7	0.9573E-13
295.6	0.1022E-12
306.8	0.1090E-12
318.5	0.1163E-12
330.6	0.1238E-12
343.2	0.1318E-12
356.3	0.1402E-12
369.9	0.1489E-12
384.0	0.1579E-12
398.6	0.1674E-12
413.8	0.1772E-12
429.5	0.1874E-12
445.9	0.1981E-12
462.9	0.2091E-12
480.5	0.2203E-12
498.8	0.2319E-12
517.8	0.2439E-12
537.5	0.2561E-12
558.0	0.2687E-12
579.2	0.2814E-12
601.3	0.2943E-12
624.2	0.3075E-12
648.0	0.3210E-12
672.6	0.3346E-12
698.3	0.3483E-12
724.9	0.3622E-12
752.5	0.3762E-12
781.1	0.3903E-12
810.9	0.4046E-12
841.8	0.4187E-12
873.8	0.4328E-12
907.1	0.4468E-12
941.6	0.4607E-12
977.5	0.4746E-12
1015.	0.4883E-12
1053.	0.5016E-12
1094.	0.5150E-12
1135.	0.5281E-12
1178.	0.5409E-12
1223.	0.5533E-12
1270.	0.5655E-12
1318.	0.5773E-12
1368.	0.5887E-12
 
 
E/N (Td)	Growth power /N (eV m3/s)
0.1000E-02	0.000
0.1038E-02	0.000
0.1078E-02	0.000
0.1119E-02	0.000
0.1161E-02	0.000
0.1205E-02	0.000
0.1251E-02	0.000
0.1299E-02	0.000
0.1349E-02	0.000
0.1400E-02	0.000
0.1453E-02	0.000
0.1509E-02	0.000
0.1566E-02	0.000
0.1626E-02	0.000
0.1688E-02	0.000
0.1752E-02	0.000
0.1819E-02	0.000
0.1888E-02	0.000
0.1960E-02	0.000
0.2034E-02	0.000
0.2112E-02	0.000
0.2192E-02	0.000
0.2276E-02	0.000
0.2362E-02	0.000
0.2452E-02	0.000
0.2546E-02	0.000
0.2643E-02	0.000
0.2743E-02	0.000
0.2848E-02	0.000
0.2956E-02	0.000
0.3069E-02	0.000
0.3186E-02	0.000
0.3307E-02	0.000
0.3433E-02	0.000
0.3564E-02	0.000
0.3700E-02	0.000
0.3841E-02	0.000
0.3987E-02	0.000
0.4139E-02	0.000
0.4296E-02	0.000
0.4460E-02	0.000
0.4630E-02	0.000
0.4806E-02	0.000
0.4989E-02	0.000
0.5179E-02	0.000
0.5377E-02	0.000
0.5581E-02	0.000
0.5794E-02	0.000
0.6015E-02	0.000
0.6244E-02	0.000
0.6481E-02	0.000
0.6728E-02	0.000
0.6985E-02	0.000
0.7251E-02	0.000
0.7527E-02	0.000
0.7813E-02	0.000
0.8111E-02	0.000
0.8420E-02	0.000
0.8741E-02	0.000
0.9073E-02	0.000
0.9419E-02	0.000
0.9778E-02	0.000
0.1015E-01	0.000
0.1054E-01	0.000
0.1094E-01	0.000
0.1135E-01	0.000
0.1179E-01	0.000
0.1224E-01	0.000
0.1270E-01	0.000
0.1319E-01	0.000
0.1369E-01	0.000
0.1421E-01	0.000
0.1475E-01	0.000
0.1531E-01	0.000
0.1590E-01	0.000
0.1650E-01	0.000
0.1713E-01	0.000
0.1778E-01	0.000
0.1846E-01	0.000
0.1916E-01	0.000
0.1989E-01	0.000
0.2065E-01	0.000
0.2144E-01	0.000
0.2225E-01	0.000
0.2310E-01	0.000
0.2398E-01	0.000
0.2489E-01	0.000
0.2584E-01	0.000
0.2682E-01	0.000
0.2785E-01	0.000
0.2891E-01	0.000
0.3001E-01	0.000
0.3115E-01	0.000
0.3234E-01	0.000
0.3357E-01	0.000
0.3485E-01	0.000
0.3617E-01	0.000
0.3755E-01	0.000
0.3898E-01	0.000
0.4047E-01	0.000
0.4201E-01	0.000
0.4361E-01	0.000
0.4527E-01	0.000
0.4699E-01	0.000
0.4878E-01	0.000
0.5064E-01	0.000
0.5257E-01	0.000
0.5457E-01	0.000
0.5665E-01	0.000
0.5881E-01	0.000
0.6105E-01	0.000
0.6337E-01	0.000
0.6579E-01	0.000
0.6829E-01	0.000
0.7089E-01	0.000
0.7359E-01	0.000
0.7640E-01	0.000
0.7931E-01	0.000
0.8233E-01	0.000
0.8546E-01	0.000
0.8872E-01	0.000
0.9210E-01	0.000
0.9560E-01	0.000
0.9924E-01	0.000
0.1030	0.000
0.1069	0.000
0.1110	0.000
0.1152	0.000
0.1196	0.000
0.1242	0.000
0.1289	0.000
0.1338	0.000
0.1389	0.000
0.1442	0.000
0.1497	0.000
0.1554	0.000
0.1613	0.000
0.1675	0.000
0.1739	0.000
0.1805	0.000
0.1874	0.000
0.1945	0.000
0.2019	0.000
0.2096	0.000
0.2176	0.000
0.2259	0.000
0.2345	0.000
0.2434	0.000
0.2527	0.000
0.2623	0.000
0.2723	0.000
0.2826	0.000
0.2934	0.000
0.3046	0.000
0.3162	0.000
0.3282	0.000
0.3407	0.000
0.3537	0.000
0.3672	0.000
0.3812	0.000
0.3957	0.000
0.4107	0.000
0.4264	0.000
0.4426	0.000
0.4595	0.000
0.4770	0.000
0.4952	0.000
0.5140	0.000
0.5336	0.000
0.5539	0.000
0.5750	0.000
0.5969	0.000
0.6196	0.000
0.6432	0.000
0.6677	0.000
0.6932	0.000
0.7196	0.000
0.7470	0.000
0.7754	0.000
0.8050	0.000
0.8356	0.000
0.8674	0.000
0.9005	0.000
0.9348	0.000
0.9704	0.000
1.007	0.000
1.046	0.000
1.086	0.000
1.127	0.000
1.170	0.000
1.214	0.000
1.261	0.000
1.309	0.000
1.358	0.000
1.410	0.000
1.464	0.000
1.520	0.000
1.578	0.000
1.638	0.000
1.700	0.000
1.765	0.000
1.832	0.000
1.902	0.000
1.974	0.000
2.049	0.000
2.127	0.000
2.208	0.000
2.293	0.000
2.380	0.000
2.470	0.000
2.565	0.000
2.662	0.000
2.764	0.000
2.869	0.000
2.978	0.000
3.092	0.000
3.209	0.000
3.332	0.000
3.458	0.000
3.590	0.000
3.727	0.000
3.869	0.000
4.016	0.000
4.169	0.000
4.328	0.000
4.493	0.000
4.664	0.000
4.841	0.000
5.026	0.000
5.217	0.000
5.416	0.000
5.622	0.000
5.836	0.000
6.059	0.000
6.289	0.000
6.529	0.000
6.778	0.000
7.036	0.000
7.304	0.000
7.582	0.000
7.871	0.000
8.170	0.000
8.482	0.000
8.805	0.000
9.140	0.000
9.488	0.000
9.849	0.000
10.22	0.000
10.61	0.000
11.02	0.4094E-26
11.44	0.1729E-25
11.87	0.6681E-25
12.33	0.2372E-24
12.80	0.7775E-24
13.28	0.2549E-23
13.79	0.7282E-23
14.31	0.1945E-22
14.86	0.4873E-22
15.42	0.1150E-21
16.01	0.2563E-21
16.62	0.5398E-21
17.25	0.1086E-20
17.91	0.2088E-20
18.59	0.3847E-20
19.30	0.6818E-20
20.04	0.1167E-19
20.80	0.1933E-19
21.59	0.3120E-19
22.42	0.4889E-19
23.27	0.7481E-19
24.16	0.1120E-18
25.08	0.1646E-18
26.03	0.2374E-18
27.02	0.3371E-18
28.05	0.4710E-18
29.12	0.6500E-18
30.23	0.8860E-18
31.38	0.1194E-17
32.57	0.1592E-17
33.82	0.2102E-17
35.10	0.2752E-17
36.44	0.3571E-17
37.83	0.4598E-17
39.27	0.5876E-17
40.76	0.7458E-17
42.32	0.9406E-17
43.93	0.1180E-16
45.60	0.1471E-16
47.34	0.1824E-16
49.14	0.2250E-16
51.01	0.2763E-16
52.96	0.3378E-16
54.97	0.4111E-16
57.07	0.4985E-16
59.24	0.6021E-16
61.50	0.7248E-16
63.84	0.8695E-16
66.27	0.1040E-15
68.79	0.1240E-15
71.41	0.1474E-15
74.13	0.1748E-15
76.96	0.2067E-15
79.89	0.2436E-15
82.93	0.2867E-15
86.09	0.3366E-15
89.37	0.3945E-15
92.77	0.4617E-15
96.31	0.5390E-15
99.97	0.6280E-15
103.8	0.7306E-15
107.7	0.8484E-15
111.8	0.9848E-15
116.1	0.1140E-14
120.5	0.1318E-14
125.1	0.1521E-14
129.9	0.1754E-14
134.8	0.2020E-14
140.0	0.2324E-14
145.3	0.2671E-14
150.8	0.3067E-14
156.6	0.3517E-14
162.5	0.4024E-14
168.7	0.4607E-14
175.1	0.5268E-14
181.8	0.6029E-14
188.7	0.6883E-14
195.9	0.7852E-14
203.4	0.8955E-14
211.1	0.1020E-13
219.2	0.1161E-13
227.5	0.1320E-13
236.2	0.1501E-13
245.2	0.1704E-13
254.5	0.1933E-13
264.2	0.2193E-13
274.3	0.2487E-13
284.7	0.2817E-13
295.6	0.3184E-13
306.8	0.3600E-13
318.5	0.4068E-13
330.6	0.4592E-13
343.2	0.5181E-13
356.3	0.5839E-13
369.9	0.6574E-13
384.0	0.7391E-13
398.6	0.8306E-13
413.8	0.9319E-13
429.5	0.1045E-12
445.9	0.1173E-12
462.9	0.1313E-12
480.5	0.1467E-12
498.8	0.1639E-12
517.8	0.1830E-12
537.5	0.2040E-12
558.0	0.2272E-12
579.2	0.2527E-12
601.3	0.2807E-12
624.2	0.3117E-12
648.0	0.3458E-12
672.6	0.3832E-12
698.3	0.4242E-12
724.9	0.4692E-12
752.5	0.5187E-12
781.1	0.5728E-12
810.9	0.6325E-12
841.8	0.6974E-12
873.8	0.7683E-12
907.1	0.8459E-12
941.6	0.9308E-12
977.5	0.1024E-11
1015.	0.1125E-11
1053.	0.1236E-11
1094.	0.1357E-11
1135.	0.1490E-11
1178.	0.1635E-11
1223.	0.1794E-11
1270.	0.1967E-11
1318.	0.2158E-11
1368.	0.2366E-11
 
 
E/N (Td)	Maximum energy
0.1000E-02	0.6442
0.1038E-02	0.6442
0.1078E-02	0.6442
0.1119E-02	0.6442
0.1161E-02	0.6442
0.1205E-02	0.6442
0.1251E-02	0.6442
0.1299E-02	0.6442
0.1349E-02	0.6442
0.1400E-02	0.6442
0.1453E-02	0.6442
0.1509E-02	0.6442
0.1566E-02	0.6442
0.1626E-02	0.6442
0.1688E-02	0.6442
0.1752E-02	0.6442
0.1819E-02	0.6442
0.1888E-02	0.6442
0.1960E-02	0.6442
0.2034E-02	0.6442
0.2112E-02	0.6442
0.2192E-02	0.6442
0.2276E-02	0.6442
0.2362E-02	0.6442
0.2452E-02	0.6442
0.2546E-02	0.6442
0.2643E-02	0.6442
0.2743E-02	0.6442
0.2848E-02	0.6442
0.2956E-02	0.6442
0.3069E-02	0.6442
0.3186E-02	0.6442
0.3307E-02	0.6442
0.3433E-02	0.6442
0.3564E-02	0.6442
0.3700E-02	0.6442
0.3841E-02	0.6442
0.3987E-02	0.6442
0.4139E-02	0.6442
0.4296E-02	0.6442
0.4460E-02	0.6442
0.4630E-02	0.6442
0.4806E-02	0.6442
0.4989E-02	0.6442
0.5179E-02	0.6442
0.5377E-02	0.6442
0.5581E-02	0.6442
0.5794E-02	0.6442
0.6015E-02	0.6442
0.6244E-02	0.6442
0.6481E-02	0.6442
0.6728E-02	0.6442
0.6985E-02	0.6442
0.7251E-02	0.6442
0.7527E-02	0.6442
0.7813E-02	0.6442
0.8111E-02	0.6442
0.8420E-02	0.6442
0.8741E-02	0.6442
0.9073E-02	0.6442
0.9419E-02	0.6442
0.9778E-02	0.6442
0.1015E-01	0.6442
0.1054E-01	0.6442
0.1094E-01	0.6442
0.1135E-01	0.6442
0.1179E-01	0.6442
0.1224E-01	0.6442
0.1270E-01	0.6442
0.1319E-01	0.6442
0.1369E-01	0.6442
0.1421E-01	0.6442
0.1475E-01	0.6442
0.1531E-01	0.6442
0.1590E-01	0.6442
0.1650E-01	0.6442
0.1713E-01	0.6442
0.1778E-01	0.6442
0.1846E-01	0.6442
0.1916E-01	0.6442
0.1989E-01	0.6442
0.2065E-01	0.6442
0.2144E-01	0.6442
0.2225E-01	0.6442
0.2310E-01	0.6442
0.2398E-01	0.6442
0.2489E-01	0.6442
0.2584E-01	0.6442
0.2682E-01	0.6442
0.2785E-01	0.6442
0.2891E-01	0.6442
0.3001E-01	0.6442
0.3115E-01	0.6442
0.3234E-01	0.6442
0.3357E-01	0.6442
0.3485E-01	0.6442
0.3617E-01	0.6442
0.3755E-01	0.6442
0.3898E-01	0.6442
0.4047E-01	0.6442
0.4201E-01	0.6442
0.4361E-01	0.6442
0.4527E-01	0.6442
0.4699E-01	0.6442
0.4878E-01	0.6442
0.5064E-01	0.6442
0.5257E-01	0.6442
0.5457E-01	0.6442
0.5665E-01	0.6442
0.5881E-01	0.6442
0.6105E-01	0.6442
0.6337E-01	0.6442
0.6579E-01	0.6442
0.6829E-01	0.6442
0.7089E-01	0.6442
0.7359E-01	0.6442
0.7640E-01	0.6442
0.7931E-01	0.6442
0.8233E-01	0.6442
0.8546E-01	0.6442
0.8872E-01	0.6442
0.9210E-01	0.6442
0.9560E-01	0.6442
0.9924E-01	0.6442
0.1030	0.6442
0.1069	0.6442
0.1110	0.6442
0.1152	0.6442
0.1196	0.6442
0.1242	0.6442
0.1289	0.6442
0.1338	0.6442
0.1389	0.6442
0.1442	0.6442
0.1497	0.6442
0.1554	0.6442
0.1613	0.6442
0.1675	0.6442
0.1739	0.6442
0.1805	0.6442
0.1874	0.6442
0.1945	0.6442
0.2019	0.6442
0.2096	0.6442
0.2176	0.6442
0.2259	0.6442
0.2345	0.6442
0.2434	0.6442
0.2527	0.6442
0.2623	0.6442
0.2723	0.6442
0.2826	0.6442
0.2934	0.6442
0.3046	0.6442
0.3162	0.6442
0.3282	0.6442
0.3407	0.6442
0.3537	0.6442
0.3672	0.7672
0.3812	0.7672
0.3957	0.7672
0.4107	0.7672
0.4264	0.7672
0.4426	0.7672
0.4595	0.7672
0.4770	0.7672
0.4952	0.7672
0.5140	0.7672
0.5336	0.7672
0.5539	0.7672
0.5750	0.7672
0.5969	0.7672
0.6196	0.7672
0.6432	0.7672
0.6677	0.7672
0.6932	0.7672
0.7196	0.7672
0.7470	0.7672
0.7754	0.7672
0.8050	0.7672
0.8356	0.9137
0.8674	0.9137
0.9005	0.9137
0.9348	0.9137
0.9704	0.9137
1.007	0.9137
1.046	0.9137
1.086	0.9137
1.127	0.9137
1.170	0.9137
1.214	1.088
1.261	1.088
1.309	1.088
1.358	1.088
1.410	1.088
1.464	1.088
1.520	1.088
1.578	1.088
1.638	1.296
1.700	1.296
1.765	1.296
1.832	1.296
1.902	1.296
1.974	1.296
2.049	1.544
2.127	1.544
2.208	1.544
2.293	1.544
2.380	1.544
2.470	1.839
2.565	1.839
2.662	1.839
2.764	1.839
2.869	2.190
2.978	2.190
3.092	2.190
3.209	2.190
3.332	2.608
3.458	2.608
3.590	2.608
3.727	2.608
3.869	3.106
4.016	3.106
4.169	3.106
4.328	3.699
4.493	3.699
4.664	3.699
4.841	3.699
5.026	4.406
5.217	4.406
5.416	4.406
5.622	5.247
5.836	5.247
6.059	6.250
6.289	6.250
6.529	6.250
6.778	7.443
7.036	7.443
7.304	8.865
7.582	8.865
7.871	8.865
8.170	10.56
8.482	10.56
8.805	10.56
9.140	12.57
9.488	12.57
9.849	12.57
10.22	12.57
10.61	12.57
11.02	14.95
11.44	14.95
11.87	14.95
12.33	14.95
12.80	14.95
13.28	17.76
13.79	17.76
14.31	17.76
14.86	17.76
15.42	17.76
16.01	17.76
16.62	21.08
17.25	21.08
17.91	21.08
18.59	21.08
19.30	21.08
20.04	21.08
20.80	21.08
21.59	25.01
22.42	25.01
23.27	25.01
24.16	25.01
25.08	25.01
26.03	25.01
27.02	25.01
28.05	29.65
29.12	29.65
30.23	29.65
31.38	29.65
32.57	29.65
33.82	29.65
35.10	35.14
36.44	35.14
37.83	35.14
39.27	35.14
40.76	35.14
42.32	35.14
43.93	41.63
45.60	41.63
47.34	41.63
49.14	41.63
51.01	41.63
52.96	41.63
54.97	49.30
57.07	49.30
59.24	49.30
61.50	49.30
63.84	49.30
66.27	58.36
68.79	58.36
71.41	58.36
74.13	58.36
76.96	58.36
79.89	69.08
82.93	69.08
86.09	69.08
89.37	69.08
92.77	81.74
96.31	81.74
99.97	81.74
103.8	81.74
107.7	81.74
111.8	96.71
116.1	96.71
120.5	96.71
125.1	114.4
129.9	114.4
134.8	114.4
140.0	114.4
145.3	135.3
150.8	135.3
156.6	135.3
162.5	160.1
168.7	160.1
175.1	160.1
181.8	189.3
188.7	189.3
195.9	189.3
203.4	223.9
211.1	223.9
219.2	223.9
227.5	264.7
236.2	264.7
245.2	313.0
254.5	313.0
264.2	313.0
274.3	370.1
284.7	370.1
295.6	437.5
306.8	437.5
318.5	517.3
330.6	517.3
343.2	611.5
356.3	611.5
369.9	611.5
384.0	723.0
398.6	723.0
413.8	854.7
429.5	854.7
445.9	1010.
462.9	1010.
480.5	1194.
498.8	1194.
517.8	1412.
537.5	1412.
558.0	1669.
579.2	1669.
601.3	1973.
624.2	1973.
648.0	2333.
672.6	2333.
698.3	2757.
724.9	2757.
752.5	3260.
781.1	3260.
810.9	3853.
841.8	3853.
873.8	3853.
907.1	4555.
941.6	4555.
977.5	5384.
1015.	5384.
1053.	6365.
1094.	6365.
1135.	7524.
1178.	7524.
1223.	8894.
1270.	8894.
1318.	0.1000E+05
1368.	0.1000E+05
 
 
E/N (Td)	# of iterations
0.1000E-02	21.00
0.1038E-02	3.000
0.1078E-02	3.000
0.1119E-02	3.000
0.1161E-02	3.000
0.1205E-02	3.000
0.1251E-02	3.000
0.1299E-02	3.000
0.1349E-02	3.000
0.1400E-02	3.000
0.1453E-02	3.000
0.1509E-02	3.000
0.1566E-02	3.000
0.1626E-02	3.000
0.1688E-02	3.000
0.1752E-02	3.000
0.1819E-02	3.000
0.1888E-02	3.000
0.1960E-02	3.000
0.2034E-02	3.000
0.2112E-02	3.000
0.2192E-02	3.000
0.2276E-02	3.000
0.2362E-02	3.000
0.2452E-02	3.000
0.2546E-02	3.000
0.2643E-02	3.000
0.2743E-02	3.000
0.2848E-02	3.000
0.2956E-02	3.000
0.3069E-02	3.000
0.3186E-02	3.000
0.3307E-02	3.000
0.3433E-02	3.000
0.3564E-02	3.000
0.3700E-02	3.000
0.3841E-02	3.000
0.3987E-02	3.000
0.4139E-02	3.000
0.4296E-02	3.000
0.4460E-02	3.000
0.4630E-02	3.000
0.4806E-02	3.000
0.4989E-02	3.000
0.5179E-02	3.000
0.5377E-02	3.000
0.5581E-02	3.000
0.5794E-02	3.000
0.6015E-02	3.000
0.6244E-02	3.000
0.6481E-02	3.000
0.6728E-02	3.000
0.6985E-02	3.000
0.7251E-02	3.000
0.7527E-02	3.000
0.7813E-02	3.000
0.8111E-02	3.000
0.8420E-02	3.000
0.8741E-02	3.000
0.9073E-02	3.000
0.9419E-02	3.000
0.9778E-02	3.000
0.1015E-01	3.000
0.1054E-01	3.000
0.1094E-01	3.000
0.1135E-01	3.000
0.1179E-01	3.000
0.1224E-01	3.000
0.1270E-01	3.000
0.1319E-01	3.000
0.1369E-01	3.000
0.1421E-01	3.000
0.1475E-01	3.000
0.1531E-01	3.000
0.1590E-01	3.000
0.1650E-01	3.000
0.1713E-01	3.000
0.1778E-01	3.000
0.1846E-01	3.000
0.1916E-01	3.000
0.1989E-01	3.000
0.2065E-01	3.000
0.2144E-01	3.000
0.2225E-01	3.000
0.2310E-01	3.000
0.2398E-01	3.000
0.2489E-01	3.000
0.2584E-01	3.000
0.2682E-01	3.000
0.2785E-01	3.000
0.2891E-01	3.000
0.3001E-01	3.000
0.3115E-01	3.000
0.3234E-01	3.000
0.3357E-01	3.000
0.3485E-01	3.000
0.3617E-01	3.000
0.3755E-01	3.000
0.3898E-01	3.000
0.4047E-01	3.000
0.4201E-01	3.000
0.4361E-01	3.000
0.4527E-01	3.000
0.4699E-01	3.000
0.4878E-01	3.000
0.5064E-01	3.000
0.5257E-01	3.000
0.5457E-01	3.000
0.5665E-01	3.000
0.5881E-01	3.000
0.6105E-01	3.000
0.6337E-01	3.000
0.6579E-01	3.000
0.6829E-01	3.000
0.7089E-01	3.000
0.7359E-01	3.000
0.7640E-01	3.000
0.7931E-01	3.000
0.8233E-01	3.000
0.8546E-01	3.000
0.8872E-01	3.000
0.9210E-01	3.000
0.9560E-01	3.000
0.9924E-01	3.000
0.1030	3.000
0.1069	3.000
0.1110	3.000
0.1152	3.000
0.1196	3.000
0.1242	3.000
0.1289	3.000
0.1338	3.000
0.1389	3.000
0.1442	3.000
0.1497	3.000
0.1554	3.000
0.1613	3.000
0.1675	3.000
0.1739	3.000
0.1805	3.000
0.1874	3.000
0.1945	3.000
0.2019	3.000
0.2096	3.000
0.2176	3.000
0.2259	3.000
0.2345	3.000
0.2434	3.000
0.2527	3.000
0.2623	3.000
0.2723	3.000
0.2826	3.000
0.2934	3.000
0.3046	3.000
0.3162	3.000
0.3282	3.000
0.3407	3.000
0.3537	3.000
0.3672	7.000
0.3812	4.000
0.3957	4.000
0.4107	4.000
0.4264	4.000
0.4426	4.000
0.4595	4.000
0.4770	4.000
0.4952	4.000
0.5140	4.000
0.5336	4.000
0.5539	4.000
0.5750	4.000
0.5969	3.000
0.6196	3.000
0.6432	3.000
0.6677	3.000
0.6932	3.000
0.7196	3.000
0.7470	3.000
0.7754	3.000
0.8050	3.000
0.8356	7.000
0.8674	3.000
0.9005	3.000
0.9348	3.000
0.9704	3.000
1.007	3.000
1.046	3.000
1.086	3.000
1.127	3.000
1.170	3.000
1.214	6.000
1.261	3.000
1.309	3.000
1.358	3.000
1.410	3.000
1.464	3.000
1.520	3.000
1.578	3.000
1.638	6.000
1.700	3.000
1.765	3.000
1.832	3.000
1.902	3.000
1.974	3.000
2.049	6.000
2.127	3.000
2.208	3.000
2.293	3.000
2.380	3.000
2.470	6.000
2.565	3.000
2.662	3.000
2.764	3.000
2.869	6.000
2.978	3.000
3.092	3.000
3.209	3.000
3.332	6.000
3.458	3.000
3.590	3.000
3.727	3.000
3.869	6.000
4.016	3.000
4.169	3.000
4.328	6.000
4.493	3.000
4.664	3.000
4.841	3.000
5.026	6.000
5.217	3.000
5.416	3.000
5.622	7.000
5.836	3.000
6.059	7.000
6.289	4.000
6.529	3.000
6.778	7.000
7.036	4.000
7.304	7.000
7.582	4.000
7.871	4.000
8.170	7.000
8.482	4.000
8.805	4.000
9.140	8.000
9.488	4.000
9.849	4.000
10.22	4.000
10.61	4.000
11.02	8.000
11.44	4.000
11.87	4.000
12.33	4.000
12.80	4.000
13.28	8.000
13.79	4.000
14.31	4.000
14.86	4.000
15.42	4.000
16.01	4.000
16.62	8.000
17.25	4.000
17.91	4.000
18.59	4.000
19.30	4.000
20.04	4.000
20.80	4.000
21.59	8.000
22.42	4.000
23.27	4.000
24.16	4.000
25.08	4.000
26.03	4.000
27.02	4.000
28.05	8.000
29.12	4.000
30.23	4.000
31.38	4.000
32.57	4.000
33.82	4.000
35.10	8.000
36.44	4.000
37.83	4.000
39.27	4.000
40.76	4.000
42.32	4.000
43.93	8.000
45.60	4.000
47.34	4.000
49.14	4.000
51.01	4.000
52.96	4.000
54.97	8.000
57.07	4.000
59.24	4.000
61.50	4.000
63.84	4.000
66.27	8.000
68.79	4.000
71.41	4.000
74.13	4.000
76.96	4.000
79.89	9.000
82.93	4.000
86.09	4.000
89.37	4.000
92.77	9.000
96.31	5.000
99.97	5.000
103.8	5.000
107.7	4.000
111.8	9.000
116.1	5.000
120.5	5.000
125.1	10.00
129.9	5.000
134.8	5.000
140.0	5.000
145.3	10.00
150.8	5.000
156.6	5.000
162.5	11.00
168.7	6.000
175.1	6.000
181.8	12.00
188.7	6.000
195.9	6.000
203.4	12.00
211.1	6.000
219.2	6.000
227.5	12.00
236.2	6.000
245.2	12.00
254.5	6.000
264.2	6.000
274.3	13.00
284.7	7.000
295.6	14.00
306.8	7.000
318.5	14.00
330.6	7.000
343.2	14.00
356.3	7.000
369.9	7.000
384.0	15.00
398.6	8.000
413.8	16.00
429.5	8.000
445.9	16.00
462.9	8.000
480.5	16.00
498.8	8.000
517.8	17.00
537.5	9.000
558.0	18.00
579.2	9.000
601.3	18.00
624.2	9.000
648.0	18.00
672.6	9.000
698.3	19.00
724.9	10.00
752.5	20.00
781.1	10.00
810.9	20.00
841.8	10.00
873.8	10.00
907.1	20.00
941.6	10.00
977.5	21.00
1015.	11.00
1053.	22.00
1094.	11.00
1135.	22.00
1178.	11.00
1223.	22.00
1270.	11.00
1318.	22.00
1368.	11.00
 
 
E/N (Td)	# of grid trials
0.1000E-02	5.000
0.1038E-02	1.000
0.1078E-02	1.000
0.1119E-02	1.000
0.1161E-02	1.000
0.1205E-02	1.000
0.1251E-02	1.000
0.1299E-02	1.000
0.1349E-02	1.000
0.1400E-02	1.000
0.1453E-02	1.000
0.1509E-02	1.000
0.1566E-02	1.000
0.1626E-02	1.000
0.1688E-02	1.000
0.1752E-02	1.000
0.1819E-02	1.000
0.1888E-02	1.000
0.1960E-02	1.000
0.2034E-02	1.000
0.2112E-02	1.000
0.2192E-02	1.000
0.2276E-02	1.000
0.2362E-02	1.000
0.2452E-02	1.000
0.2546E-02	1.000
0.2643E-02	1.000
0.2743E-02	1.000
0.2848E-02	1.000
0.2956E-02	1.000
0.3069E-02	1.000
0.3186E-02	1.000
0.3307E-02	1.000
0.3433E-02	1.000
0.3564E-02	1.000
0.3700E-02	1.000
0.3841E-02	1.000
0.3987E-02	1.000
0.4139E-02	1.000
0.4296E-02	1.000
0.4460E-02	1.000
0.4630E-02	1.000
0.4806E-02	1.000
0.4989E-02	1.000
0.5179E-02	1.000
0.5377E-02	1.000
0.5581E-02	1.000
0.5794E-02	1.000
0.6015E-02	1.000
0.6244E-02	1.000
0.6481E-02	1.000
0.6728E-02	1.000
0.6985E-02	1.000
0.7251E-02	1.000
0.7527E-02	1.000
0.7813E-02	1.000
0.8111E-02	1.000
0.8420E-02	1.000
0.8741E-02	1.000
0.9073E-02	1.000
0.9419E-02	1.000
0.9778E-02	1.000
0.1015E-01	1.000
0.1054E-01	1.000
0.1094E-01	1.000
0.1135E-01	1.000
0.1179E-01	1.000
0.1224E-01	1.000
0.1270E-01	1.000
0.1319E-01	1.000
0.1369E-01	1.000
0.1421E-01	1.000
0.1475E-01	1.000
0.1531E-01	1.000
0.1590E-01	1.000
0.1650E-01	1.000
0.1713E-01	1.000
0.1778E-01	1.000
0.1846E-01	1.000
0.1916E-01	1.000
0.1989E-01	1.000
0.2065E-01	1.000
0.2144E-01	1.000
0.2225E-01	1.000
0.2310E-01	1.000
0.2398E-01	1.000
0.2489E-01	1.000
0.2584E-01	1.000
0.2682E-01	1.000
0.2785E-01	1.000
0.2891E-01	1.000
0.3001E-01	1.000
0.3115E-01	1.000
0.3234E-01	1.000
0.3357E-01	1.000
0.3485E-01	1.000
0.3617E-01	1.000
0.3755E-01	1.000
0.3898E-01	1.000
0.4047E-01	1.000
0.4201E-01	1.000
0.4361E-01	1.000
0.4527E-01	1.000
0.4699E-01	1.000
0.4878E-01	1.000
0.5064E-01	1.000
0.5257E-01	1.000
0.5457E-01	1.000
0.5665E-01	1.000
0.5881E-01	1.000
0.6105E-01	1.000
0.6337E-01	1.000
0.6579E-01	1.000
0.6829E-01	1.000
0.7089E-01	1.000
0.7359E-01	1.000
0.7640E-01	1.000
0.7931E-01	1.000
0.8233E-01	1.000
0.8546E-01	1.000
0.8872E-01	1.000
0.9210E-01	1.000
0.9560E-01	1.000
0.9924E-01	1.000
0.1030	1.000
0.1069	1.000
0.1110	1.000
0.1152	1.000
0.1196	1.000
0.1242	1.000
0.1289	1.000
0.1338	1.000
0.1389	1.000
0.1442	1.000
0.1497	1.000
0.1554	1.000
0.1613	1.000
0.1675	1.000
0.1739	1.000
0.1805	1.000
0.1874	1.000
0.1945	1.000
0.2019	1.000
0.2096	1.000
0.2176	1.000
0.2259	1.000
0.2345	1.000
0.2434	1.000
0.2527	1.000
0.2623	1.000
0.2723	1.000
0.2826	1.000
0.2934	1.000
0.3046	1.000
0.3162	1.000
0.3282	1.000
0.3407	1.000
0.3537	1.000
0.3672	2.000
0.3812	1.000
0.3957	1.000
0.4107	1.000
0.4264	1.000
0.4426	1.000
0.4595	1.000
0.4770	1.000
0.4952	1.000
0.5140	1.000
0.5336	1.000
0.5539	1.000
0.5750	1.000
0.5969	1.000
0.6196	1.000
0.6432	1.000
0.6677	1.000
0.6932	1.000
0.7196	1.000
0.7470	1.000
0.7754	1.000
0.8050	1.000
0.8356	2.000
0.8674	1.000
0.9005	1.000
0.9348	1.000
0.9704	1.000
1.007	1.000
1.046	1.000
1.086	1.000
1.127	1.000
1.170	1.000
1.214	2.000
1.261	1.000
1.309	1.000
1.358	1.000
1.410	1.000
1.464	1.000
1.520	1.000
1.578	1.000
1.638	2.000
1.700	1.000
1.765	1.000
1.832	1.000
1.902	1.000
1.974	1.000
2.049	2.000
2.127	1.000
2.208	1.000
2.293	1.000
2.380	1.000
2.470	2.000
2.565	1.000
2.662	1.000
2.764	1.000
2.869	2.000
2.978	1.000
3.092	1.000
3.209	1.000
3.332	2.000
3.458	1.000
3.590	1.000
3.727	1.000
3.869	2.000
4.016	1.000
4.169	1.000
4.328	2.000
4.493	1.000
4.664	1.000
4.841	1.000
5.026	2.000
5.217	1.000
5.416	1.000
5.622	2.000
5.836	1.000
6.059	2.000
6.289	1.000
6.529	1.000
6.778	2.000
7.036	1.000
7.304	2.000
7.582	1.000
7.871	1.000
8.170	2.000
8.482	1.000
8.805	1.000
9.140	2.000
9.488	1.000
9.849	1.000
10.22	1.000
10.61	1.000
11.02	2.000
11.44	1.000
11.87	1.000
12.33	1.000
12.80	1.000
13.28	2.000
13.79	1.000
14.31	1.000
14.86	1.000
15.42	1.000
16.01	1.000
16.62	2.000
17.25	1.000
17.91	1.000
18.59	1.000
19.30	1.000
20.04	1.000
20.80	1.000
21.59	2.000
22.42	1.000
23.27	1.000
24.16	1.000
25.08	1.000
26.03	1.000
27.02	1.000
28.05	2.000
29.12	1.000
30.23	1.000
31.38	1.000
32.57	1.000
33.82	1.000
35.10	2.000
36.44	1.000
37.83	1.000
39.27	1.000
40.76	1.000
42.32	1.000
43.93	2.000
45.60	1.000
47.34	1.000
49.14	1.000
51.01	1.000
52.96	1.000
54.97	2.000
57.07	1.000
59.24	1.000
61.50	1.000
63.84	1.000
66.27	2.000
68.79	1.000
71.41	1.000
74.13	1.000
76.96	1.000
79.89	2.000
82.93	1.000
86.09	1.000
89.37	1.000
92.77	2.000
96.31	1.000
99.97	1.000
103.8	1.000
107.7	1.000
111.8	2.000
116.1	1.000
120.5	1.000
125.1	2.000
129.9	1.000
134.8	1.000
140.0	1.000
145.3	2.000
150.8	1.000
156.6	1.000
162.5	2.000
168.7	1.000
175.1	1.000
181.8	2.000
188.7	1.000
195.9	1.000
203.4	2.000
211.1	1.000
219.2	1.000
227.5	2.000
236.2	1.000
245.2	2.000
254.5	1.000
264.2	1.000
274.3	2.000
284.7	1.000
295.6	2.000
306.8	1.000
318.5	2.000
330.6	1.000
343.2	2.000
356.3	1.000
369.9	1.000
384.0	2.000
398.6	1.000
413.8	2.000
429.5	1.000
445.9	2.000
462.9	1.000
480.5	2.000
498.8	1.000
517.8	2.000
537.5	1.000
558.0	2.000
579.2	1.000
601.3	2.000
624.2	1.000
648.0	2.000
672.6	1.000
698.3	2.000
724.9	1.000
752.5	2.000
781.1	1.000
810.9	2.000
841.8	1.000
873.8	1.000
907.1	2.000
941.6	1.000
977.5	2.000
1015.	1.000
1053.	2.000
1094.	1.000
1135.	2.000
1178.	1.000
1223.	2.000
1270.	1.000
1318.	2.000
1368.	1.000
 
 
C1    H    Elastic                                              
E/N (Td)	Rate coefficient (m3/s)
0.1000E-02	0.4216E-13
0.1038E-02	0.4216E-13
0.1078E-02	0.4216E-13
0.1119E-02	0.4216E-13
0.1161E-02	0.4216E-13
0.1205E-02	0.4216E-13
0.1251E-02	0.4216E-13
0.1299E-02	0.4216E-13
0.1349E-02	0.4216E-13
0.1400E-02	0.4216E-13
0.1453E-02	0.4216E-13
0.1509E-02	0.4216E-13
0.1566E-02	0.4216E-13
0.1626E-02	0.4216E-13
0.1688E-02	0.4216E-13
0.1752E-02	0.4216E-13
0.1819E-02	0.4216E-13
0.1888E-02	0.4216E-13
0.1960E-02	0.4216E-13
0.2034E-02	0.4216E-13
0.2112E-02	0.4216E-13
0.2192E-02	0.4216E-13
0.2276E-02	0.4216E-13
0.2362E-02	0.4216E-13
0.2452E-02	0.4216E-13
0.2546E-02	0.4216E-13
0.2643E-02	0.4216E-13
0.2743E-02	0.4216E-13
0.2848E-02	0.4216E-13
0.2956E-02	0.4216E-13
0.3069E-02	0.4216E-13
0.3186E-02	0.4216E-13
0.3307E-02	0.4216E-13
0.3433E-02	0.4216E-13
0.3564E-02	0.4216E-13
0.3700E-02	0.4216E-13
0.3841E-02	0.4216E-13
0.3987E-02	0.4216E-13
0.4139E-02	0.4216E-13
0.4296E-02	0.4216E-13
0.4460E-02	0.4216E-13
0.4630E-02	0.4216E-13
0.4806E-02	0.4216E-13
0.4989E-02	0.4216E-13
0.5179E-02	0.4216E-13
0.5377E-02	0.4216E-13
0.5581E-02	0.4216E-13
0.5794E-02	0.4216E-13
0.6015E-02	0.4216E-13
0.6244E-02	0.4216E-13
0.6481E-02	0.4216E-13
0.6728E-02	0.4216E-13
0.6985E-02	0.4216E-13
0.7251E-02	0.4216E-13
0.7527E-02	0.4216E-13
0.7813E-02	0.4216E-13
0.8111E-02	0.4216E-13
0.8420E-02	0.4216E-13
0.8741E-02	0.4216E-13
0.9073E-02	0.4216E-13
0.9419E-02	0.4216E-13
0.9778E-02	0.4216E-13
0.1015E-01	0.4216E-13
0.1054E-01	0.4216E-13
0.1094E-01	0.4216E-13
0.1135E-01	0.4216E-13
0.1179E-01	0.4216E-13
0.1224E-01	0.4216E-13
0.1270E-01	0.4216E-13
0.1319E-01	0.4217E-13
0.1369E-01	0.4217E-13
0.1421E-01	0.4217E-13
0.1475E-01	0.4217E-13
0.1531E-01	0.4217E-13
0.1590E-01	0.4217E-13
0.1650E-01	0.4217E-13
0.1713E-01	0.4217E-13
0.1778E-01	0.4217E-13
0.1846E-01	0.4217E-13
0.1916E-01	0.4217E-13
0.1989E-01	0.4218E-13
0.2065E-01	0.4218E-13
0.2144E-01	0.4218E-13
0.2225E-01	0.4218E-13
0.2310E-01	0.4218E-13
0.2398E-01	0.4218E-13
0.2489E-01	0.4219E-13
0.2584E-01	0.4219E-13
0.2682E-01	0.4219E-13
0.2785E-01	0.4219E-13
0.2891E-01	0.4220E-13
0.3001E-01	0.4220E-13
0.3115E-01	0.4220E-13
0.3234E-01	0.4221E-13
0.3357E-01	0.4221E-13
0.3485E-01	0.4221E-13
0.3617E-01	0.4222E-13
0.3755E-01	0.4222E-13
0.3898E-01	0.4223E-13
0.4047E-01	0.4223E-13
0.4201E-01	0.4224E-13
0.4361E-01	0.4225E-13
0.4527E-01	0.4225E-13
0.4699E-01	0.4226E-13
0.4878E-01	0.4227E-13
0.5064E-01	0.4228E-13
0.5257E-01	0.4228E-13
0.5457E-01	0.4229E-13
0.5665E-01	0.4230E-13
0.5881E-01	0.4232E-13
0.6105E-01	0.4233E-13
0.6337E-01	0.4234E-13
0.6579E-01	0.4235E-13
0.6829E-01	0.4237E-13
0.7089E-01	0.4239E-13
0.7359E-01	0.4240E-13
0.7640E-01	0.4242E-13
0.7931E-01	0.4244E-13
0.8233E-01	0.4246E-13
0.8546E-01	0.4249E-13
0.8872E-01	0.4251E-13
0.9210E-01	0.4254E-13
0.9560E-01	0.4256E-13
0.9924E-01	0.4259E-13
0.1030	0.4263E-13
0.1069	0.4266E-13
0.1110	0.4270E-13
0.1152	0.4274E-13
0.1196	0.4278E-13
0.1242	0.4283E-13
0.1289	0.4287E-13
0.1338	0.4293E-13
0.1389	0.4298E-13
0.1442	0.4304E-13
0.1497	0.4310E-13
0.1554	0.4317E-13
0.1613	0.4324E-13
0.1675	0.4332E-13
0.1739	0.4340E-13
0.1805	0.4348E-13
0.1874	0.4357E-13
0.1945	0.4367E-13
0.2019	0.4377E-13
0.2096	0.4388E-13
0.2176	0.4400E-13
0.2259	0.4412E-13
0.2345	0.4425E-13
0.2434	0.4438E-13
0.2527	0.4453E-13
0.2623	0.4468E-13
0.2723	0.4484E-13
0.2826	0.4501E-13
0.2934	0.4519E-13
0.3046	0.4538E-13
0.3162	0.4557E-13
0.3282	0.4578E-13
0.3407	0.4600E-13
0.3537	0.4622E-13
0.3672	0.4646E-13
0.3812	0.4671E-13
0.3957	0.4697E-13
0.4107	0.4725E-13
0.4264	0.4754E-13
0.4426	0.4783E-13
0.4595	0.4815E-13
0.4770	0.4847E-13
0.4952	0.4881E-13
0.5140	0.4916E-13
0.5336	0.4953E-13
0.5539	0.4991E-13
0.5750	0.5031E-13
0.5969	0.5072E-13
0.6196	0.5115E-13
0.6432	0.5159E-13
0.6677	0.5205E-13
0.6932	0.5252E-13
0.7196	0.5301E-13
0.7470	0.5352E-13
0.7754	0.5404E-13
0.8050	0.5458E-13
0.8356	0.5514E-13
0.8674	0.5571E-13
0.9005	0.5631E-13
0.9348	0.5692E-13
0.9704	0.5755E-13
1.007	0.5819E-13
1.046	0.5886E-13
1.086	0.5954E-13
1.127	0.6024E-13
1.170	0.6096E-13
1.214	0.6170E-13
1.261	0.6246E-13
1.309	0.6324E-13
1.358	0.6403E-13
1.410	0.6485E-13
1.464	0.6568E-13
1.520	0.6654E-13
1.578	0.6741E-13
1.638	0.6830E-13
1.700	0.6921E-13
1.765	0.7015E-13
1.832	0.7110E-13
1.902	0.7207E-13
1.974	0.7305E-13
2.049	0.7406E-13
2.127	0.7509E-13
2.208	0.7613E-13
2.293	0.7719E-13
2.380	0.7827E-13
2.470	0.7937E-13
2.565	0.8049E-13
2.662	0.8162E-13
2.764	0.8277E-13
2.869	0.8393E-13
2.978	0.8511E-13
3.092	0.8631E-13
3.209	0.8752E-13
3.332	0.8874E-13
3.458	0.8998E-13
3.590	0.9123E-13
3.727	0.9248E-13
3.869	0.9375E-13
4.016	0.9503E-13
4.169	0.9632E-13
4.328	0.9762E-13
4.493	0.9892E-13
4.664	0.1002E-12
4.841	0.1015E-12
5.026	0.1029E-12
5.217	0.1042E-12
5.416	0.1055E-12
5.622	0.1068E-12
5.836	0.1081E-12
6.059	0.1094E-12
6.289	0.1107E-12
6.529	0.1120E-12
6.778	0.1133E-12
7.036	0.1146E-12
7.304	0.1158E-12
7.582	0.1171E-12
7.871	0.1183E-12
8.170	0.1195E-12
8.482	0.1207E-12
8.805	0.1219E-12
9.140	0.1231E-12
9.488	0.1242E-12
9.849	0.1253E-12
10.22	0.1264E-12
10.61	0.1274E-12
11.02	0.1284E-12
11.44	0.1294E-12
11.87	0.1304E-12
12.33	0.1313E-12
12.80	0.1321E-12
13.28	0.1329E-12
13.79	0.1337E-12
14.31	0.1344E-12
14.86	0.1350E-12
15.42	0.1355E-12
16.01	0.1360E-12
16.62	0.1364E-12
17.25	0.1368E-12
17.91	0.1371E-12
18.59	0.1373E-12
19.30	0.1375E-12
20.04	0.1376E-12
20.80	0.1378E-12
21.59	0.1378E-12
22.42	0.1379E-12
23.27	0.1379E-12
24.16	0.1380E-12
25.08	0.1380E-12
26.03	0.1380E-12
27.02	0.1380E-12
28.05	0.1380E-12
29.12	0.1379E-12
30.23	0.1379E-12
31.38	0.1379E-12
32.57	0.1379E-12
33.82	0.1379E-12
35.10	0.1378E-12
36.44	0.1378E-12
37.83	0.1378E-12
39.27	0.1377E-12
40.76	0.1377E-12
42.32	0.1376E-12
43.93	0.1376E-12
45.60	0.1375E-12
47.34	0.1375E-12
49.14	0.1374E-12
51.01	0.1373E-12
52.96	0.1373E-12
54.97	0.1372E-12
57.07	0.1371E-12
59.24	0.1370E-12
61.50	0.1369E-12
63.84	0.1368E-12
66.27	0.1367E-12
68.79	0.1365E-12
71.41	0.1364E-12
74.13	0.1362E-12
76.96	0.1361E-12
79.89	0.1359E-12
82.93	0.1357E-12
86.09	0.1355E-12
89.37	0.1353E-12
92.77	0.1351E-12
96.31	0.1349E-12
99.97	0.1346E-12
103.8	0.1343E-12
107.7	0.1340E-12
111.8	0.1337E-12
116.1	0.1334E-12
120.5	0.1330E-12
125.1	0.1327E-12
129.9	0.1323E-12
134.8	0.1319E-12
140.0	0.1314E-12
145.3	0.1310E-12
150.8	0.1305E-12
156.6	0.1299E-12
162.5	0.1294E-12
168.7	0.1288E-12
175.1	0.1282E-12
181.8	0.1275E-12
188.7	0.1269E-12
195.9	0.1261E-12
203.4	0.1254E-12
211.1	0.1246E-12
219.2	0.1237E-12
227.5	0.1229E-12
236.2	0.1219E-12
245.2	0.1210E-12
254.5	0.1200E-12
264.2	0.1189E-12
274.3	0.1178E-12
284.7	0.1167E-12
295.6	0.1155E-12
306.8	0.1143E-12
318.5	0.1130E-12
330.6	0.1117E-12
343.2	0.1103E-12
356.3	0.1089E-12
369.9	0.1075E-12
384.0	0.1060E-12
398.6	0.1044E-12
413.8	0.1029E-12
429.5	0.1013E-12
445.9	0.9963E-13
462.9	0.9796E-13
480.5	0.9628E-13
498.8	0.9456E-13
517.8	0.9279E-13
537.5	0.9102E-13
558.0	0.8922E-13
579.2	0.8741E-13
601.3	0.8562E-13
624.2	0.8378E-13
648.0	0.8194E-13
672.6	0.8008E-13
698.3	0.7823E-13
724.9	0.7638E-13
752.5	0.7452E-13
781.1	0.7266E-13
810.9	0.7079E-13
841.8	0.6894E-13
873.8	0.6711E-13
907.1	0.6529E-13
941.6	0.6348E-13
977.5	0.6167E-13
1015.	0.5989E-13
1053.	0.5815E-13
1094.	0.5640E-13
1135.	0.5465E-13
1178.	0.5294E-13
1223.	0.5125E-13
1270.	0.4958E-13
1318.	0.4792E-13
1368.	0.4629E-13
 
 
C2    H    Excitation    10.20 eV                               
E/N (Td)	Rate coefficient (m3/s)
0.1000E-02	0.000
0.1038E-02	0.000
0.1078E-02	0.000
0.1119E-02	0.000
0.1161E-02	0.000
0.1205E-02	0.000
0.1251E-02	0.000
0.1299E-02	0.000
0.1349E-02	0.000
0.1400E-02	0.000
0.1453E-02	0.000
0.1509E-02	0.000
0.1566E-02	0.000
0.1626E-02	0.000
0.1688E-02	0.000
0.1752E-02	0.000
0.1819E-02	0.000
0.1888E-02	0.000
0.1960E-02	0.000
0.2034E-02	0.000
0.2112E-02	0.000
0.2192E-02	0.000
0.2276E-02	0.000
0.2362E-02	0.000
0.2452E-02	0.000
0.2546E-02	0.000
0.2643E-02	0.000
0.2743E-02	0.000
0.2848E-02	0.000
0.2956E-02	0.000
0.3069E-02	0.000
0.3186E-02	0.000
0.3307E-02	0.000
0.3433E-02	0.000
0.3564E-02	0.000
0.3700E-02	0.000
0.3841E-02	0.000
0.3987E-02	0.000
0.4139E-02	0.000
0.4296E-02	0.000
0.4460E-02	0.000
0.4630E-02	0.000
0.4806E-02	0.000
0.4989E-02	0.000
0.5179E-02	0.000
0.5377E-02	0.000
0.5581E-02	0.000
0.5794E-02	0.000
0.6015E-02	0.000
0.6244E-02	0.000
0.6481E-02	0.000
0.6728E-02	0.000
0.6985E-02	0.000
0.7251E-02	0.000
0.7527E-02	0.000
0.7813E-02	0.000
0.8111E-02	0.000
0.8420E-02	0.000
0.8741E-02	0.000
0.9073E-02	0.000
0.9419E-02	0.000
0.9778E-02	0.000
0.1015E-01	0.000
0.1054E-01	0.000
0.1094E-01	0.000
0.1135E-01	0.000
0.1179E-01	0.000
0.1224E-01	0.000
0.1270E-01	0.000
0.1319E-01	0.000
0.1369E-01	0.000
0.1421E-01	0.000
0.1475E-01	0.000
0.1531E-01	0.000
0.1590E-01	0.000
0.1650E-01	0.000
0.1713E-01	0.000
0.1778E-01	0.000
0.1846E-01	0.000
0.1916E-01	0.000
0.1989E-01	0.000
0.2065E-01	0.000
0.2144E-01	0.000
0.2225E-01	0.000
0.2310E-01	0.000
0.2398E-01	0.000
0.2489E-01	0.000
0.2584E-01	0.000
0.2682E-01	0.000
0.2785E-01	0.000
0.2891E-01	0.000
0.3001E-01	0.000
0.3115E-01	0.000
0.3234E-01	0.000
0.3357E-01	0.000
0.3485E-01	0.000
0.3617E-01	0.000
0.3755E-01	0.000
0.3898E-01	0.000
0.4047E-01	0.000
0.4201E-01	0.000
0.4361E-01	0.000
0.4527E-01	0.000
0.4699E-01	0.000
0.4878E-01	0.000
0.5064E-01	0.000
0.5257E-01	0.000
0.5457E-01	0.000
0.5665E-01	0.000
0.5881E-01	0.000
0.6105E-01	0.000
0.6337E-01	0.000
0.6579E-01	0.000
0.6829E-01	0.000
0.7089E-01	0.000
0.7359E-01	0.000
0.7640E-01	0.000
0.7931E-01	0.000
0.8233E-01	0.000
0.8546E-01	0.000
0.8872E-01	0.000
0.9210E-01	0.000
0.9560E-01	0.000
0.9924E-01	0.000
0.1030	0.000
0.1069	0.000
0.1110	0.000
0.1152	0.000
0.1196	0.000
0.1242	0.000
0.1289	0.000
0.1338	0.000
0.1389	0.000
0.1442	0.000
0.1497	0.000
0.1554	0.000
0.1613	0.000
0.1675	0.000
0.1739	0.000
0.1805	0.000
0.1874	0.000
0.1945	0.000
0.2019	0.000
0.2096	0.000
0.2176	0.000
0.2259	0.000
0.2345	0.000
0.2434	0.000
0.2527	0.000
0.2623	0.000
0.2723	0.000
0.2826	0.000
0.2934	0.000
0.3046	0.000
0.3162	0.000
0.3282	0.000
0.3407	0.000
0.3537	0.000
0.3672	0.000
0.3812	0.000
0.3957	0.000
0.4107	0.000
0.4264	0.000
0.4426	0.000
0.4595	0.000
0.4770	0.000
0.4952	0.000
0.5140	0.000
0.5336	0.000
0.5539	0.000
0.5750	0.000
0.5969	0.000
0.6196	0.000
0.6432	0.000
0.6677	0.000
0.6932	0.000
0.7196	0.000
0.7470	0.000
0.7754	0.000
0.8050	0.000
0.8356	0.000
0.8674	0.000
0.9005	0.000
0.9348	0.000
0.9704	0.000
1.007	0.000
1.046	0.000
1.086	0.000
1.127	0.000
1.170	0.000
1.214	0.000
1.261	0.000
1.309	0.000
1.358	0.000
1.410	0.000
1.464	0.000
1.520	0.000
1.578	0.000
1.638	0.000
1.700	0.000
1.765	0.000
1.832	0.000
1.902	0.000
1.974	0.000
2.049	0.000
2.127	0.000
2.208	0.000
2.293	0.000
2.380	0.000
2.470	0.000
2.565	0.000
2.662	0.000
2.764	0.000
2.869	0.000
2.978	0.000
3.092	0.000
3.209	0.000
3.332	0.000
3.458	0.000
3.590	0.000
3.727	0.000
3.869	0.000
4.016	0.000
4.169	0.000
4.328	0.000
4.493	0.000
4.664	0.000
4.841	0.000
5.026	0.000
5.217	0.000
5.416	0.000
5.622	0.000
5.836	0.000
6.059	0.000
6.289	0.000
6.529	0.000
6.778	0.000
7.036	0.000
7.304	0.000
7.582	0.000
7.871	0.000
8.170	0.8430E-25
8.482	0.4153E-24
8.805	0.1837E-23
9.140	0.7844E-23
9.488	0.2861E-22
9.849	0.9531E-22
10.22	0.2914E-21
10.61	0.8216E-21
11.02	0.2161E-20
11.44	0.5253E-20
11.87	0.1193E-19
12.33	0.2544E-19
12.80	0.5108E-19
13.28	0.9696E-19
13.79	0.1746E-18
14.31	0.2992E-18
14.86	0.4896E-18
15.42	0.7679E-18
16.01	0.1158E-17
16.62	0.1677E-17
17.25	0.2361E-17
17.91	0.3228E-17
18.59	0.4296E-17
19.30	0.5585E-17
20.04	0.7110E-17
20.80	0.8886E-17
21.59	0.1095E-16
22.42	0.1327E-16
23.27	0.1588E-16
24.16	0.1879E-16
25.08	0.2203E-16
26.03	0.2561E-16
27.02	0.2954E-16
28.05	0.3378E-16
29.12	0.3850E-16
30.23	0.4364E-16
31.38	0.4924E-16
32.57	0.5533E-16
33.82	0.6194E-16
35.10	0.6918E-16
36.44	0.7696E-16
37.83	0.8538E-16
39.27	0.9449E-16
40.76	0.1043E-15
42.32	0.1150E-15
43.93	0.1266E-15
45.60	0.1390E-15
47.34	0.1523E-15
49.14	0.1667E-15
51.01	0.1823E-15
52.96	0.1990E-15
54.97	0.2169E-15
57.07	0.2362E-15
59.24	0.2570E-15
61.50	0.2793E-15
63.84	0.3033E-15
66.27	0.3291E-15
68.79	0.3567E-15
71.41	0.3864E-15
74.13	0.4181E-15
76.96	0.4521E-15
79.89	0.4879E-15
82.93	0.5268E-15
86.09	0.5685E-15
89.37	0.6131E-15
92.77	0.6614E-15
96.31	0.7124E-15
99.97	0.7669E-15
103.8	0.8251E-15
107.7	0.8872E-15
111.8	0.9544E-15
116.1	0.1025E-14
120.5	0.1101E-14
125.1	0.1180E-14
129.9	0.1266E-14
134.8	0.1357E-14
140.0	0.1454E-14
145.3	0.1557E-14
150.8	0.1667E-14
156.6	0.1784E-14
162.5	0.1905E-14
168.7	0.2037E-14
175.1	0.2176E-14
181.8	0.2327E-14
188.7	0.2484E-14
195.9	0.2651E-14
203.4	0.2828E-14
211.1	0.3014E-14
219.2	0.3210E-14
227.5	0.3418E-14
236.2	0.3637E-14
245.2	0.3866E-14
254.5	0.4109E-14
264.2	0.4364E-14
274.3	0.4636E-14
284.7	0.4917E-14
295.6	0.5208E-14
306.8	0.5516E-14
318.5	0.5839E-14
330.6	0.6174E-14
343.2	0.6525E-14
356.3	0.6889E-14
369.9	0.7266E-14
384.0	0.7655E-14
398.6	0.8059E-14
413.8	0.8474E-14
429.5	0.8905E-14
445.9	0.9355E-14
462.9	0.9810E-14
480.5	0.1027E-13
498.8	0.1075E-13
517.8	0.1124E-13
537.5	0.1174E-13
558.0	0.1225E-13
579.2	0.1277E-13
601.3	0.1328E-13
624.2	0.1382E-13
648.0	0.1435E-13
672.6	0.1490E-13
698.3	0.1544E-13
724.9	0.1599E-13
752.5	0.1654E-13
781.1	0.1709E-13
810.9	0.1766E-13
841.8	0.1821E-13
873.8	0.1876E-13
907.1	0.1931E-13
941.6	0.1985E-13
977.5	0.2039E-13
1015.	0.2093E-13
1053.	0.2145E-13
1094.	0.2197E-13
1135.	0.2248E-13
1178.	0.2298E-13
1223.	0.2347E-13
1270.	0.2395E-13
1318.	0.2441E-13
1368.	0.2486E-13
 
 
C3    H    Excitation    10.20 eV                               
E/N (Td)	Rate coefficient (m3/s)
0.1000E-02	0.000
0.1038E-02	0.000
0.1078E-02	0.000
0.1119E-02	0.000
0.1161E-02	0.000
0.1205E-02	0.000
0.1251E-02	0.000
0.1299E-02	0.000
0.1349E-02	0.000
0.1400E-02	0.000
0.1453E-02	0.000
0.1509E-02	0.000
0.1566E-02	0.000
0.1626E-02	0.000
0.1688E-02	0.000
0.1752E-02	0.000
0.1819E-02	0.000
0.1888E-02	0.000
0.1960E-02	0.000
0.2034E-02	0.000
0.2112E-02	0.000
0.2192E-02	0.000
0.2276E-02	0.000
0.2362E-02	0.000
0.2452E-02	0.000
0.2546E-02	0.000
0.2643E-02	0.000
0.2743E-02	0.000
0.2848E-02	0.000
0.2956E-02	0.000
0.3069E-02	0.000
0.3186E-02	0.000
0.3307E-02	0.000
0.3433E-02	0.000
0.3564E-02	0.000
0.3700E-02	0.000
0.3841E-02	0.000
0.3987E-02	0.000
0.4139E-02	0.000
0.4296E-02	0.000
0.4460E-02	0.000
0.4630E-02	0.000
0.4806E-02	0.000
0.4989E-02	0.000
0.5179E-02	0.000
0.5377E-02	0.000
0.5581E-02	0.000
0.5794E-02	0.000
0.6015E-02	0.000
0.6244E-02	0.000
0.6481E-02	0.000
0.6728E-02	0.000
0.6985E-02	0.000
0.7251E-02	0.000
0.7527E-02	0.000
0.7813E-02	0.000
0.8111E-02	0.000
0.8420E-02	0.000
0.8741E-02	0.000
0.9073E-02	0.000
0.9419E-02	0.000
0.9778E-02	0.000
0.1015E-01	0.000
0.1054E-01	0.000
0.1094E-01	0.000
0.1135E-01	0.000
0.1179E-01	0.000
0.1224E-01	0.000
0.1270E-01	0.000
0.1319E-01	0.000
0.1369E-01	0.000
0.1421E-01	0.000
0.1475E-01	0.000
0.1531E-01	0.000
0.1590E-01	0.000
0.1650E-01	0.000
0.1713E-01	0.000
0.1778E-01	0.000
0.1846E-01	0.000
0.1916E-01	0.000
0.1989E-01	0.000
0.2065E-01	0.000
0.2144E-01	0.000
0.2225E-01	0.000
0.2310E-01	0.000
0.2398E-01	0.000
0.2489E-01	0.000
0.2584E-01	0.000
0.2682E-01	0.000
0.2785E-01	0.000
0.2891E-01	0.000
0.3001E-01	0.000
0.3115E-01	0.000
0.3234E-01	0.000
0.3357E-01	0.000
0.3485E-01	0.000
0.3617E-01	0.000
0.3755E-01	0.000
0.3898E-01	0.000
0.4047E-01	0.000
0.4201E-01	0.000
0.4361E-01	0.000
0.4527E-01	0.000
0.4699E-01	0.000
0.4878E-01	0.000
0.5064E-01	0.000
0.5257E-01	0.000
0.5457E-01	0.000
0.5665E-01	0.000
0.5881E-01	0.000
0.6105E-01	0.000
0.6337E-01	0.000
0.6579E-01	0.000
0.6829E-01	0.000
0.7089E-01	0.000
0.7359E-01	0.000
0.7640E-01	0.000
0.7931E-01	0.000
0.8233E-01	0.000
0.8546E-01	0.000
0.8872E-01	0.000
0.9210E-01	0.000
0.9560E-01	0.000
0.9924E-01	0.000
0.1030	0.000
0.1069	0.000
0.1110	0.000
0.1152	0.000
0.1196	0.000
0.1242	0.000
0.1289	0.000
0.1338	0.000
0.1389	0.000
0.1442	0.000
0.1497	0.000
0.1554	0.000
0.1613	0.000
0.1675	0.000
0.1739	0.000
0.1805	0.000
0.1874	0.000
0.1945	0.000
0.2019	0.000
0.2096	0.000
0.2176	0.000
0.2259	0.000
0.2345	0.000
0.2434	0.000
0.2527	0.000
0.2623	0.000
0.2723	0.000
0.2826	0.000
0.2934	0.000
0.3046	0.000
0.3162	0.000
0.3282	0.000
0.3407	0.000
0.3537	0.000
0.3672	0.000
0.3812	0.000
0.3957	0.000
0.4107	0.000
0.4264	0.000
0.4426	0.000
0.4595	0.000
0.4770	0.000
0.4952	0.000
0.5140	0.000
0.5336	0.000
0.5539	0.000
0.5750	0.000
0.5969	0.000
0.6196	0.000
0.6432	0.000
0.6677	0.000
0.6932	0.000
0.7196	0.000
0.7470	0.000
0.7754	0.000
0.8050	0.000
0.8356	0.000
0.8674	0.000
0.9005	0.000
0.9348	0.000
0.9704	0.000
1.007	0.000
1.046	0.000
1.086	0.000
1.127	0.000
1.170	0.000
1.214	0.000
1.261	0.000
1.309	0.000
1.358	0.000
1.410	0.000
1.464	0.000
1.520	0.000
1.578	0.000
1.638	0.000
1.700	0.000
1.765	0.000
1.832	0.000
1.902	0.000
1.974	0.000
2.049	0.000
2.127	0.000
2.208	0.000
2.293	0.000
2.380	0.000
2.470	0.000
2.565	0.000
2.662	0.000
2.764	0.000
2.869	0.000
2.978	0.000
3.092	0.000
3.209	0.000
3.332	0.000
3.458	0.000
3.590	0.000
3.727	0.000
3.869	0.000
4.016	0.000
4.169	0.000
4.328	0.000
4.493	0.000
4.664	0.000
4.841	0.000
5.026	0.000
5.217	0.000
5.416	0.000
5.622	0.000
5.836	0.000
6.059	0.000
6.289	0.000
6.529	0.000
6.778	0.000
7.036	0.000
7.304	0.000
7.582	0.000
7.871	0.000
8.170	0.4657E-25
8.482	0.2298E-24
8.805	0.1018E-23
9.140	0.4345E-23
9.488	0.1586E-22
9.849	0.5287E-22
10.22	0.1617E-21
10.61	0.4560E-21
11.02	0.1200E-20
11.44	0.2915E-20
11.87	0.6620E-20
12.33	0.1410E-19
12.80	0.2829E-19
13.28	0.5365E-19
13.79	0.9647E-19
14.31	0.1651E-18
14.86	0.2697E-18
15.42	0.4222E-18
16.01	0.6353E-18
16.62	0.9179E-18
17.25	0.1289E-17
17.91	0.1758E-17
18.59	0.2333E-17
19.30	0.3023E-17
20.04	0.3835E-17
20.80	0.4776E-17
21.59	0.5863E-17
22.42	0.7076E-17
23.27	0.8431E-17
24.16	0.9934E-17
25.08	0.1159E-16
26.03	0.1340E-16
27.02	0.1538E-16
28.05	0.1750E-16
29.12	0.1982E-16
30.23	0.2234E-16
31.38	0.2505E-16
32.57	0.2797E-16
33.82	0.3110E-16
35.10	0.3450E-16
36.44	0.3810E-16
37.83	0.4196E-16
39.27	0.4608E-16
40.76	0.5049E-16
42.32	0.5519E-16
43.93	0.6023E-16
45.60	0.6556E-16
47.34	0.7123E-16
49.14	0.7726E-16
51.01	0.8366E-16
52.96	0.9046E-16
54.97	0.9762E-16
57.07	0.1052E-15
59.24	0.1133E-15
61.50	0.1218E-15
63.84	0.1308E-15
66.27	0.1404E-15
68.79	0.1504E-15
71.41	0.1610E-15
74.13	0.1721E-15
76.96	0.1838E-15
79.89	0.1958E-15
82.93	0.2087E-15
86.09	0.2222E-15
89.37	0.2364E-15
92.77	0.2514E-15
96.31	0.2670E-15
99.97	0.2832E-15
103.8	0.3002E-15
107.7	0.3179E-15
111.8	0.3367E-15
116.1	0.3559E-15
120.5	0.3759E-15
125.1	0.3964E-15
129.9	0.4180E-15
134.8	0.4405E-15
140.0	0.4637E-15
145.3	0.4878E-15
150.8	0.5127E-15
156.6	0.5385E-15
162.5	0.5644E-15
168.7	0.5919E-15
175.1	0.6201E-15
181.8	0.6501E-15
188.7	0.6800E-15
195.9	0.7107E-15
203.4	0.7424E-15
211.1	0.7747E-15
219.2	0.8077E-15
227.5	0.8413E-15
236.2	0.8757E-15
245.2	0.9103E-15
254.5	0.9458E-15
264.2	0.9819E-15
274.3	0.1019E-14
284.7	0.1056E-14
295.6	0.1092E-14
306.8	0.1130E-14
318.5	0.1168E-14
330.6	0.1206E-14
343.2	0.1244E-14
356.3	0.1281E-14
369.9	0.1319E-14
384.0	0.1356E-14
398.6	0.1394E-14
413.8	0.1430E-14
429.5	0.1466E-14
445.9	0.1503E-14
462.9	0.1539E-14
480.5	0.1572E-14
498.8	0.1606E-14
517.8	0.1640E-14
537.5	0.1672E-14
558.0	0.1704E-14
579.2	0.1734E-14
601.3	0.1762E-14
624.2	0.1790E-14
648.0	0.1817E-14
672.6	0.1843E-14
698.3	0.1868E-14
724.9	0.1891E-14
752.5	0.1913E-14
781.1	0.1934E-14
810.9	0.1954E-14
841.8	0.1972E-14
873.8	0.1989E-14
907.1	0.2004E-14
941.6	0.2018E-14
977.5	0.2030E-14
1015.	0.2041E-14
1053.	0.2050E-14
1094.	0.2058E-14
1135.	0.2065E-14
1178.	0.2070E-14
1223.	0.2073E-14
1270.	0.2075E-14
1318.	0.2075E-14
1368.	0.2074E-14
 
 
C4    H    Ionization    13.60 eV                               
E/N (Td)	Rate coefficient (m3/s)
0.1000E-02	0.000
0.1038E-02	0.000
0.1078E-02	0.000
0.1119E-02	0.000
0.1161E-02	0.000
0.1205E-02	0.000
0.1251E-02	0.000
0.1299E-02	0.000
0.1349E-02	0.000
0.1400E-02	0.000
0.1453E-02	0.000
0.1509E-02	0.000
0.1566E-02	0.000
0.1626E-02	0.000
0.1688E-02	0.000
0.1752E-02	0.000
0.1819E-02	0.000
0.1888E-02	0.000
0.1960E-02	0.000
0.2034E-02	0.000
0.2112E-02	0.000
0.2192E-02	0.000
0.2276E-02	0.000
0.2362E-02	0.000
0.2452E-02	0.000
0.2546E-02	0.000
0.2643E-02	0.000
0.2743E-02	0.000
0.2848E-02	0.000
0.2956E-02	0.000
0.3069E-02	0.000
0.3186E-02	0.000
0.3307E-02	0.000
0.3433E-02	0.000
0.3564E-02	0.000
0.3700E-02	0.000
0.3841E-02	0.000
0.3987E-02	0.000
0.4139E-02	0.000
0.4296E-02	0.000
0.4460E-02	0.000
0.4630E-02	0.000
0.4806E-02	0.000
0.4989E-02	0.000
0.5179E-02	0.000
0.5377E-02	0.000
0.5581E-02	0.000
0.5794E-02	0.000
0.6015E-02	0.000
0.6244E-02	0.000
0.6481E-02	0.000
0.6728E-02	0.000
0.6985E-02	0.000
0.7251E-02	0.000
0.7527E-02	0.000
0.7813E-02	0.000
0.8111E-02	0.000
0.8420E-02	0.000
0.8741E-02	0.000
0.9073E-02	0.000
0.9419E-02	0.000
0.9778E-02	0.000
0.1015E-01	0.000
0.1054E-01	0.000
0.1094E-01	0.000
0.1135E-01	0.000
0.1179E-01	0.000
0.1224E-01	0.000
0.1270E-01	0.000
0.1319E-01	0.000
0.1369E-01	0.000
0.1421E-01	0.000
0.1475E-01	0.000
0.1531E-01	0.000
0.1590E-01	0.000
0.1650E-01	0.000
0.1713E-01	0.000
0.1778E-01	0.000
0.1846E-01	0.000
0.1916E-01	0.000
0.1989E-01	0.000
0.2065E-01	0.000
0.2144E-01	0.000
0.2225E-01	0.000
0.2310E-01	0.000
0.2398E-01	0.000
0.2489E-01	0.000
0.2584E-01	0.000
0.2682E-01	0.000
0.2785E-01	0.000
0.2891E-01	0.000
0.3001E-01	0.000
0.3115E-01	0.000
0.3234E-01	0.000
0.3357E-01	0.000
0.3485E-01	0.000
0.3617E-01	0.000
0.3755E-01	0.000
0.3898E-01	0.000
0.4047E-01	0.000
0.4201E-01	0.000
0.4361E-01	0.000
0.4527E-01	0.000
0.4699E-01	0.000
0.4878E-01	0.000
0.5064E-01	0.000
0.5257E-01	0.000
0.5457E-01	0.000
0.5665E-01	0.000
0.5881E-01	0.000
0.6105E-01	0.000
0.6337E-01	0.000
0.6579E-01	0.000
0.6829E-01	0.000
0.7089E-01	0.000
0.7359E-01	0.000
0.7640E-01	0.000
0.7931E-01	0.000
0.8233E-01	0.000
0.8546E-01	0.000
0.8872E-01	0.000
0.9210E-01	0.000
0.9560E-01	0.000
0.9924E-01	0.000
0.1030	0.000
0.1069	0.000
0.1110	0.000
0.1152	0.000
0.1196	0.000
0.1242	0.000
0.1289	0.000
0.1338	0.000
0.1389	0.000
0.1442	0.000
0.1497	0.000
0.1554	0.000
0.1613	0.000
0.1675	0.000
0.1739	0.000
0.1805	0.000
0.1874	0.000
0.1945	0.000
0.2019	0.000
0.2096	0.000
0.2176	0.000
0.2259	0.000
0.2345	0.000
0.2434	0.000
0.2527	0.000
0.2623	0.000
0.2723	0.000
0.2826	0.000
0.2934	0.000
0.3046	0.000
0.3162	0.000
0.3282	0.000
0.3407	0.000
0.3537	0.000
0.3672	0.000
0.3812	0.000
0.3957	0.000
0.4107	0.000
0.4264	0.000
0.4426	0.000
0.4595	0.000
0.4770	0.000
0.4952	0.000
0.5140	0.000
0.5336	0.000
0.5539	0.000
0.5750	0.000
0.5969	0.000
0.6196	0.000
0.6432	0.000
0.6677	0.000
0.6932	0.000
0.7196	0.000
0.7470	0.000
0.7754	0.000
0.8050	0.000
0.8356	0.000
0.8674	0.000
0.9005	0.000
0.9348	0.000
0.9704	0.000
1.007	0.000
1.046	0.000
1.086	0.000
1.127	0.000
1.170	0.000
1.214	0.000
1.261	0.000
1.309	0.000
1.358	0.000
1.410	0.000
1.464	0.000
1.520	0.000
1.578	0.000
1.638	0.000
1.700	0.000
1.765	0.000
1.832	0.000
1.902	0.000
1.974	0.000
2.049	0.000
2.127	0.000
2.208	0.000
2.293	0.000
2.380	0.000
2.470	0.000
2.565	0.000
2.662	0.000
2.764	0.000
2.869	0.000
2.978	0.000
3.092	0.000
3.209	0.000
3.332	0.000
3.458	0.000
3.590	0.000
3.727	0.000
3.869	0.000
4.016	0.000
4.169	0.000
4.328	0.000
4.493	0.000
4.664	0.000
4.841	0.000
5.026	0.000
5.217	0.000
5.416	0.000
5.622	0.000
5.836	0.000
6.059	0.000
6.289	0.000
6.529	0.000
6.778	0.000
7.036	0.000
7.304	0.000
7.582	0.000
7.871	0.000
8.170	0.000
8.482	0.000
8.805	0.000
9.140	0.000
9.488	0.000
9.849	0.000
10.22	0.000
10.61	0.000
11.02	0.3899E-26
11.44	0.1545E-25
11.87	0.5594E-25
12.33	0.1860E-24
12.80	0.5710E-24
13.28	0.1753E-23
13.79	0.4691E-23
14.31	0.1175E-22
14.86	0.2766E-22
15.42	0.6145E-22
16.01	0.1293E-21
16.62	0.2580E-21
17.25	0.4937E-21
17.91	0.9057E-21
18.59	0.1599E-20
19.30	0.2725E-20
20.04	0.4499E-20
20.80	0.7217E-20
21.59	0.1131E-19
22.42	0.1726E-19
23.27	0.2577E-19
24.16	0.3774E-19
25.08	0.5429E-19
26.03	0.7683E-19
27.02	0.1071E-18
28.05	0.1471E-18
29.12	0.1997E-18
30.23	0.2681E-18
31.38	0.3560E-18
32.57	0.4681E-18
33.82	0.6096E-18
35.10	0.7879E-18
36.44	0.1009E-17
37.83	0.1282E-17
39.27	0.1618E-17
40.76	0.2028E-17
42.32	0.2526E-17
43.93	0.3130E-17
45.60	0.3853E-17
47.34	0.4717E-17
49.14	0.5746E-17
51.01	0.6966E-17
52.96	0.8406E-17
54.97	0.1010E-16
57.07	0.1208E-16
59.24	0.1440E-16
61.50	0.1710E-16
63.84	0.2023E-16
66.27	0.2386E-16
68.79	0.2804E-16
71.41	0.3285E-16
74.13	0.3836E-16
76.96	0.4468E-16
79.89	0.5181E-16
82.93	0.6001E-16
86.09	0.6934E-16
89.37	0.7991E-16
92.77	0.9195E-16
96.31	0.1055E-15
99.97	0.1207E-15
103.8	0.1379E-15
107.7	0.1571E-15
111.8	0.1789E-15
116.1	0.2030E-15
120.5	0.2300E-15
125.1	0.2599E-15
129.9	0.2933E-15
134.8	0.3305E-15
140.0	0.3717E-15
145.3	0.4173E-15
150.8	0.4677E-15
156.6	0.5234E-15
162.5	0.5841E-15
168.7	0.6515E-15
175.1	0.7256E-15
181.8	0.8078E-15
188.7	0.8967E-15
195.9	0.9940E-15
203.4	0.1100E-14
211.1	0.1216E-14
219.2	0.1342E-14
227.5	0.1478E-14
236.2	0.1626E-14
245.2	0.1785E-14
254.5	0.1957E-14
264.2	0.2143E-14
274.3	0.2345E-14
284.7	0.2559E-14
295.6	0.2786E-14
306.8	0.3031E-14
318.5	0.3293E-14
330.6	0.3571E-14
343.2	0.3867E-14
356.3	0.4179E-14
369.9	0.4509E-14
384.0	0.4855E-14
398.6	0.5220E-14
413.8	0.5601E-14
429.5	0.6002E-14
445.9	0.6426E-14
462.9	0.6862E-14
480.5	0.7312E-14
498.8	0.7781E-14
517.8	0.8270E-14
537.5	0.8771E-14
558.0	0.9287E-14
579.2	0.9816E-14
601.3	0.1035E-13
624.2	0.1091E-13
648.0	0.1147E-13
672.6	0.1205E-13
698.3	0.1263E-13
724.9	0.1322E-13
752.5	0.1382E-13
781.1	0.1443E-13
810.9	0.1504E-13
841.8	0.1565E-13
873.8	0.1626E-13
907.1	0.1687E-13
941.6	0.1747E-13
977.5	0.1808E-13
1015.	0.1868E-13
1053.	0.1926E-13
1094.	0.1984E-13
1135.	0.2042E-13
1178.	0.2098E-13
1223.	0.2153E-13
1270.	0.2206E-13
1318.	0.2258E-13
1368.	0.2308E-13
 
 
C1    H    Elastic                                              
E/N (Td)	Inverse rate coefficient (m2)
0.1000E-02	0.000
0.1038E-02	0.000
0.1078E-02	0.000
0.1119E-02	0.000
0.1161E-02	0.000
0.1205E-02	0.000
0.1251E-02	0.000
0.1299E-02	0.000
0.1349E-02	0.000
0.1400E-02	0.000
0.1453E-02	0.000
0.1509E-02	0.000
0.1566E-02	0.000
0.1626E-02	0.000
0.1688E-02	0.000
0.1752E-02	0.000
0.1819E-02	0.000
0.1888E-02	0.000
0.1960E-02	0.000
0.2034E-02	0.000
0.2112E-02	0.000
0.2192E-02	0.000
0.2276E-02	0.000
0.2362E-02	0.000
0.2452E-02	0.000
0.2546E-02	0.000
0.2643E-02	0.000
0.2743E-02	0.000
0.2848E-02	0.000
0.2956E-02	0.000
0.3069E-02	0.000
0.3186E-02	0.000
0.3307E-02	0.000
0.3433E-02	0.000
0.3564E-02	0.000
0.3700E-02	0.000
0.3841E-02	0.000
0.3987E-02	0.000
0.4139E-02	0.000
0.4296E-02	0.000
0.4460E-02	0.000
0.4630E-02	0.000
0.4806E-02	0.000
0.4989E-02	0.000
0.5179E-02	0.000
0.5377E-02	0.000
0.5581E-02	0.000
0.5794E-02	0.000
0.6015E-02	0.000
0.6244E-02	0.000
0.6481E-02	0.000
0.6728E-02	0.000
0.6985E-02	0.000
0.7251E-02	0.000
0.7527E-02	0.000
0.7813E-02	0.000
0.8111E-02	0.000
0.8420E-02	0.000
0.8741E-02	0.000
0.9073E-02	0.000
0.9419E-02	0.000
0.9778E-02	0.000
0.1015E-01	0.000
0.1054E-01	0.000
0.1094E-01	0.000
0.1135E-01	0.000
0.1179E-01	0.000
0.1224E-01	0.000
0.1270E-01	0.000
0.1319E-01	0.000
0.1369E-01	0.000
0.1421E-01	0.000
0.1475E-01	0.000
0.1531E-01	0.000
0.1590E-01	0.000
0.1650E-01	0.000
0.1713E-01	0.000
0.1778E-01	0.000
0.1846E-01	0.000
0.1916E-01	0.000
0.1989E-01	0.000
0.2065E-01	0.000
0.2144E-01	0.000
0.2225E-01	0.000
0.2310E-01	0.000
0.2398E-01	0.000
0.2489E-01	0.000
0.2584E-01	0.000
0.2682E-01	0.000
0.2785E-01	0.000
0.2891E-01	0.000
0.3001E-01	0.000
0.3115E-01	0.000
0.3234E-01	0.000
0.3357E-01	0.000
0.3485E-01	0.000
0.3617E-01	0.000
0.3755E-01	0.000
0.3898E-01	0.000
0.4047E-01	0.000
0.4201E-01	0.000
0.4361E-01	0.000
0.4527E-01	0.000
0.4699E-01	0.000
0.4878E-01	0.000
0.5064E-01	0.000
0.5257E-01	0.000
0.5457E-01	0.000
0.5665E-01	0.000
0.5881E-01	0.000
0.6105E-01	0.000
0.6337E-01	0.000
0.6579E-01	0.000
0.6829E-01	0.000
0.7089E-01	0.000
0.7359E-01	0.000
0.7640E-01	0.000
0.7931E-01	0.000
0.8233E-01	0.000
0.8546E-01	0.000
0.8872E-01	0.000
0.9210E-01	0.000
0.9560E-01	0.000
0.9924E-01	0.000
0.1030	0.000
0.1069	0.000
0.1110	0.000
0.1152	0.000
0.1196	0.000
0.1242	0.000
0.1289	0.000
0.1338	0.000
0.1389	0.000
0.1442	0.000
0.1497	0.000
0.1554	0.000
0.1613	0.000
0.1675	0.000
0.1739	0.000
0.1805	0.000
0.1874	0.000
0.1945	0.000
0.2019	0.000
0.2096	0.000
0.2176	0.000
0.2259	0.000
0.2345	0.000
0.2434	0.000
0.2527	0.000
0.2623	0.000
0.2723	0.000
0.2826	0.000
0.2934	0.000
0.3046	0.000
0.3162	0.000
0.3282	0.000
0.3407	0.000
0.3537	0.000
0.3672	0.000
0.3812	0.000
0.3957	0.000
0.4107	0.000
0.4264	0.000
0.4426	0.000
0.4595	0.000
0.4770	0.000
0.4952	0.000
0.5140	0.000
0.5336	0.000
0.5539	0.000
0.5750	0.000
0.5969	0.000
0.6196	0.000
0.6432	0.000
0.6677	0.000
0.6932	0.000
0.7196	0.000
0.7470	0.000
0.7754	0.000
0.8050	0.000
0.8356	0.000
0.8674	0.000
0.9005	0.000
0.9348	0.000
0.9704	0.000
1.007	0.000
1.046	0.000
1.086	0.000
1.127	0.000
1.170	0.000
1.214	0.000
1.261	0.000
1.309	0.000
1.358	0.000
1.410	0.000
1.464	0.000
1.520	0.000
1.578	0.000
1.638	0.000
1.700	0.000
1.765	0.000
1.832	0.000
1.902	0.000
1.974	0.000
2.049	0.000
2.127	0.000
2.208	0.000
2.293	0.000
2.380	0.000
2.470	0.000
2.565	0.000
2.662	0.000
2.764	0.000
2.869	0.000
2.978	0.000
3.092	0.000
3.209	0.000
3.332	0.000
3.458	0.000
3.590	0.000
3.727	0.000
3.869	0.000
4.016	0.000
4.169	0.000
4.328	0.000
4.493	0.000
4.664	0.000
4.841	0.000
5.026	0.000
5.217	0.000
5.416	0.000
5.622	0.000
5.836	0.000
6.059	0.000
6.289	0.000
6.529	0.000
6.778	0.000
7.036	0.000
7.304	0.000
7.582	0.000
7.871	0.000
8.170	0.000
8.482	0.000
8.805	0.000
9.140	0.000
9.488	0.000
9.849	0.000
10.22	0.000
10.61	0.000
11.02	0.000
11.44	0.000
11.87	0.000
12.33	0.000
12.80	0.000
13.28	0.000
13.79	0.000
14.31	0.000
14.86	0.000
15.42	0.000
16.01	0.000
16.62	0.000
17.25	0.000
17.91	0.000
18.59	0.000
19.30	0.000
20.04	0.000
20.80	0.000
21.59	0.000
22.42	0.000
23.27	0.000
24.16	0.000
25.08	0.000
26.03	0.000
27.02	0.000
28.05	0.000
29.12	0.000
30.23	0.000
31.38	0.000
32.57	0.000
33.82	0.000
35.10	0.000
36.44	0.000
37.83	0.000
39.27	0.000
40.76	0.000
42.32	0.000
43.93	0.000
45.60	0.000
47.34	0.000
49.14	0.000
51.01	0.000
52.96	0.000
54.97	0.000
57.07	0.000
59.24	0.000
61.50	0.000
63.84	0.000
66.27	0.000
68.79	0.000
71.41	0.000
74.13	0.000
76.96	0.000
79.89	0.000
82.93	0.000
86.09	0.000
89.37	0.000
92.77	0.000
96.31	0.000
99.97	0.000
103.8	0.000
107.7	0.000
111.8	0.000
116.1	0.000
120.5	0.000
125.1	0.000
129.9	0.000
134.8	0.000
140.0	0.000
145.3	0.000
150.8	0.000
156.6	0.000
162.5	0.000
168.7	0.000
175.1	0.000
181.8	0.000
188.7	0.000
195.9	0.000
203.4	0.000
211.1	0.000
219.2	0.000
227.5	0.000
236.2	0.000
245.2	0.000
254.5	0.000
264.2	0.000
274.3	0.000
284.7	0.000
295.6	0.000
306.8	0.000
318.5	0.000
330.6	0.000
343.2	0.000
356.3	0.000
369.9	0.000
384.0	0.000
398.6	0.000
413.8	0.000
429.5	0.000
445.9	0.000
462.9	0.000
480.5	0.000
498.8	0.000
517.8	0.000
537.5	0.000
558.0	0.000
579.2	0.000
601.3	0.000
624.2	0.000
648.0	0.000
672.6	0.000
698.3	0.000
724.9	0.000
752.5	0.000
781.1	0.000
810.9	0.000
841.8	0.000
873.8	0.000
907.1	0.000
941.6	0.000
977.5	0.000
1015.	0.000
1053.	0.000
1094.	0.000
1135.	0.000
1178.	0.000
1223.	0.000
1270.	0.000
1318.	0.000
1368.	0.000
 
 
C2    H    Excitation    10.20 eV                               
E/N (Td)	Inverse rate coefficient (m2)
0.1000E-02	0.1260E-12
0.1038E-02	0.1261E-12
0.1078E-02	0.1261E-12
0.1119E-02	0.1261E-12
0.1161E-02	0.1261E-12
0.1205E-02	0.1261E-12
0.1251E-02	0.1261E-12
0.1299E-02	0.1261E-12
0.1349E-02	0.1261E-12
0.1400E-02	0.1261E-12
0.1453E-02	0.1261E-12
0.1509E-02	0.1261E-12
0.1566E-02	0.1261E-12
0.1626E-02	0.1261E-12
0.1688E-02	0.1261E-12
0.1752E-02	0.1261E-12
0.1819E-02	0.1261E-12
0.1888E-02	0.1261E-12
0.1960E-02	0.1261E-12
0.2034E-02	0.1261E-12
0.2112E-02	0.1261E-12
0.2192E-02	0.1261E-12
0.2276E-02	0.1261E-12
0.2362E-02	0.1261E-12
0.2452E-02	0.1261E-12
0.2546E-02	0.1261E-12
0.2643E-02	0.1261E-12
0.2743E-02	0.1261E-12
0.2848E-02	0.1261E-12
0.2956E-02	0.1261E-12
0.3069E-02	0.1261E-12
0.3186E-02	0.1261E-12
0.3307E-02	0.1261E-12
0.3433E-02	0.1261E-12
0.3564E-02	0.1261E-12
0.3700E-02	0.1261E-12
0.3841E-02	0.1261E-12
0.3987E-02	0.1261E-12
0.4139E-02	0.1261E-12
0.4296E-02	0.1261E-12
0.4460E-02	0.1261E-12
0.4630E-02	0.1261E-12
0.4806E-02	0.1261E-12
0.4989E-02	0.1261E-12
0.5179E-02	0.1261E-12
0.5377E-02	0.1261E-12
0.5581E-02	0.1261E-12
0.5794E-02	0.1261E-12
0.6015E-02	0.1261E-12
0.6244E-02	0.1261E-12
0.6481E-02	0.1261E-12
0.6728E-02	0.1261E-12
0.6985E-02	0.1261E-12
0.7251E-02	0.1261E-12
0.7527E-02	0.1261E-12
0.7813E-02	0.1261E-12
0.8111E-02	0.1261E-12
0.8420E-02	0.1261E-12
0.8741E-02	0.1261E-12
0.9073E-02	0.1261E-12
0.9419E-02	0.1261E-12
0.9778E-02	0.1261E-12
0.1015E-01	0.1261E-12
0.1054E-01	0.1261E-12
0.1094E-01	0.1261E-12
0.1135E-01	0.1261E-12
0.1179E-01	0.1261E-12
0.1224E-01	0.1261E-12
0.1270E-01	0.1261E-12
0.1319E-01	0.1261E-12
0.1369E-01	0.1261E-12
0.1421E-01	0.1261E-12
0.1475E-01	0.1261E-12
0.1531E-01	0.1261E-12
0.1590E-01	0.1261E-12
0.1650E-01	0.1261E-12
0.1713E-01	0.1261E-12
0.1778E-01	0.1261E-12
0.1846E-01	0.1261E-12
0.1916E-01	0.1261E-12
0.1989E-01	0.1261E-12
0.2065E-01	0.1261E-12
0.2144E-01	0.1261E-12
0.2225E-01	0.1261E-12
0.2310E-01	0.1261E-12
0.2398E-01	0.1261E-12
0.2489E-01	0.1261E-12
0.2584E-01	0.1260E-12
0.2682E-01	0.1260E-12
0.2785E-01	0.1260E-12
0.2891E-01	0.1260E-12
0.3001E-01	0.1260E-12
0.3115E-01	0.1260E-12
0.3234E-01	0.1260E-12
0.3357E-01	0.1260E-12
0.3485E-01	0.1260E-12
0.3617E-01	0.1260E-12
0.3755E-01	0.1260E-12
0.3898E-01	0.1260E-12
0.4047E-01	0.1259E-12
0.4201E-01	0.1259E-12
0.4361E-01	0.1259E-12
0.4527E-01	0.1259E-12
0.4699E-01	0.1259E-12
0.4878E-01	0.1259E-12
0.5064E-01	0.1259E-12
0.5257E-01	0.1258E-12
0.5457E-01	0.1258E-12
0.5665E-01	0.1258E-12
0.5881E-01	0.1258E-12
0.6105E-01	0.1257E-12
0.6337E-01	0.1257E-12
0.6579E-01	0.1257E-12
0.6829E-01	0.1256E-12
0.7089E-01	0.1256E-12
0.7359E-01	0.1256E-12
0.7640E-01	0.1255E-12
0.7931E-01	0.1255E-12
0.8233E-01	0.1254E-12
0.8546E-01	0.1254E-12
0.8872E-01	0.1253E-12
0.9210E-01	0.1253E-12
0.9560E-01	0.1252E-12
0.9924E-01	0.1251E-12
0.1030	0.1251E-12
0.1069	0.1250E-12
0.1110	0.1249E-12
0.1152	0.1248E-12
0.1196	0.1247E-12
0.1242	0.1246E-12
0.1289	0.1245E-12
0.1338	0.1243E-12
0.1389	0.1241E-12
0.1442	0.1240E-12
0.1497	0.1238E-12
0.1554	0.1237E-12
0.1613	0.1235E-12
0.1675	0.1233E-12
0.1739	0.1231E-12
0.1805	0.1229E-12
0.1874	0.1227E-12
0.1945	0.1224E-12
0.2019	0.1222E-12
0.2096	0.1219E-12
0.2176	0.1216E-12
0.2259	0.1213E-12
0.2345	0.1209E-12
0.2434	0.1206E-12
0.2527	0.1202E-12
0.2623	0.1198E-12
0.2723	0.1194E-12
0.2826	0.1189E-12
0.2934	0.1185E-12
0.3046	0.1180E-12
0.3162	0.1175E-12
0.3282	0.1169E-12
0.3407	0.1163E-12
0.3537	0.1157E-12
0.3672	0.1151E-12
0.3812	0.1144E-12
0.3957	0.1137E-12
0.4107	0.1130E-12
0.4264	0.1122E-12
0.4426	0.1114E-12
0.4595	0.1106E-12
0.4770	0.1097E-12
0.4952	0.1088E-12
0.5140	0.1079E-12
0.5336	0.1069E-12
0.5539	0.1059E-12
0.5750	0.1049E-12
0.5969	0.1039E-12
0.6196	0.1028E-12
0.6432	0.1017E-12
0.6677	0.1005E-12
0.6932	0.9937E-13
0.7196	0.9818E-13
0.7470	0.9696E-13
0.7754	0.9573E-13
0.8050	0.9447E-13
0.8356	0.9320E-13
0.8674	0.9190E-13
0.9005	0.9059E-13
0.9348	0.8927E-13
0.9704	0.8793E-13
1.007	0.8659E-13
1.046	0.8523E-13
1.086	0.8386E-13
1.127	0.8249E-13
1.170	0.8112E-13
1.214	0.7974E-13
1.261	0.7837E-13
1.309	0.7699E-13
1.358	0.7561E-13
1.410	0.7424E-13
1.464	0.7287E-13
1.520	0.7151E-13
1.578	0.7016E-13
1.638	0.6882E-13
1.700	0.6748E-13
1.765	0.6616E-13
1.832	0.6485E-13
1.902	0.6355E-13
1.974	0.6226E-13
2.049	0.6099E-13
2.127	0.5974E-13
2.208	0.5850E-13
2.293	0.5727E-13
2.380	0.5606E-13
2.470	0.5487E-13
2.565	0.5370E-13
2.662	0.5255E-13
2.764	0.5141E-13
2.869	0.5029E-13
2.978	0.4919E-13
3.092	0.4810E-13
3.209	0.4704E-13
3.332	0.4599E-13
3.458	0.4497E-13
3.590	0.4396E-13
3.727	0.4297E-13
3.869	0.4200E-13
4.016	0.4104E-13
4.169	0.4011E-13
4.328	0.3919E-13
4.493	0.3830E-13
4.664	0.3742E-13
4.841	0.3656E-13
5.026	0.3572E-13
5.217	0.3490E-13
5.416	0.3409E-13
5.622	0.3330E-13
5.836	0.3254E-13
6.059	0.3178E-13
6.289	0.3105E-13
6.529	0.3034E-13
6.778	0.2964E-13
7.036	0.2897E-13
7.304	0.2831E-13
7.582	0.2767E-13
7.871	0.2704E-13
8.170	0.2644E-13
8.482	0.2585E-13
8.805	0.2529E-13
9.140	0.2474E-13
9.488	0.2421E-13
9.849	0.2370E-13
10.22	0.2321E-13
10.61	0.2275E-13
11.02	0.2230E-13
11.44	0.2187E-13
11.87	0.2147E-13
12.33	0.2108E-13
12.80	0.2072E-13
13.28	0.2039E-13
13.79	0.2007E-13
14.31	0.1979E-13
14.86	0.1953E-13
15.42	0.1930E-13
16.01	0.1909E-13
16.62	0.1892E-13
17.25	0.1876E-13
17.91	0.1863E-13
18.59	0.1852E-13
19.30	0.1843E-13
20.04	0.1836E-13
20.80	0.1830E-13
21.59	0.1825E-13
22.42	0.1821E-13
23.27	0.1817E-13
24.16	0.1814E-13
25.08	0.1812E-13
26.03	0.1810E-13
27.02	0.1808E-13
28.05	0.1806E-13
29.12	0.1805E-13
30.23	0.1804E-13
31.38	0.1803E-13
32.57	0.1801E-13
33.82	0.1800E-13
35.10	0.1799E-13
36.44	0.1798E-13
37.83	0.1797E-13
39.27	0.1797E-13
40.76	0.1796E-13
42.32	0.1795E-13
43.93	0.1794E-13
45.60	0.1794E-13
47.34	0.1793E-13
49.14	0.1793E-13
51.01	0.1792E-13
52.96	0.1792E-13
54.97	0.1792E-13
57.07	0.1792E-13
59.24	0.1792E-13
61.50	0.1792E-13
63.84	0.1792E-13
66.27	0.1792E-13
68.79	0.1793E-13
71.41	0.1793E-13
74.13	0.1794E-13
76.96	0.1795E-13
79.89	0.1796E-13
82.93	0.1797E-13
86.09	0.1798E-13
89.37	0.1800E-13
92.77	0.1802E-13
96.31	0.1804E-13
99.97	0.1806E-13
103.8	0.1808E-13
107.7	0.1811E-13
111.8	0.1814E-13
116.1	0.1817E-13
120.5	0.1820E-13
125.1	0.1824E-13
129.9	0.1828E-13
134.8	0.1832E-13
140.0	0.1837E-13
145.3	0.1842E-13
150.8	0.1847E-13
156.6	0.1853E-13
162.5	0.1859E-13
168.7	0.1865E-13
175.1	0.1873E-13
181.8	0.1880E-13
188.7	0.1888E-13
195.9	0.1897E-13
203.4	0.1906E-13
211.1	0.1915E-13
219.2	0.1926E-13
227.5	0.1936E-13
236.2	0.1948E-13
245.2	0.1960E-13
254.5	0.1972E-13
264.2	0.1986E-13
274.3	0.2000E-13
284.7	0.2015E-13
295.6	0.2030E-13
306.8	0.2046E-13
318.5	0.2063E-13
330.6	0.2081E-13
343.2	0.2100E-13
356.3	0.2119E-13
369.9	0.2139E-13
384.0	0.2159E-13
398.6	0.2181E-13
413.8	0.2203E-13
429.5	0.2225E-13
445.9	0.2249E-13
462.9	0.2273E-13
480.5	0.2298E-13
498.8	0.2323E-13
517.8	0.2349E-13
537.5	0.2375E-13
558.0	0.2402E-13
579.2	0.2429E-13
601.3	0.2456E-13
624.2	0.2484E-13
648.0	0.2512E-13
672.6	0.2540E-13
698.3	0.2569E-13
724.9	0.2597E-13
752.5	0.2626E-13
781.1	0.2655E-13
810.9	0.2683E-13
841.8	0.2712E-13
873.8	0.2740E-13
907.1	0.2768E-13
941.6	0.2795E-13
977.5	0.2822E-13
1015.	0.2849E-13
1053.	0.2875E-13
1094.	0.2900E-13
1135.	0.2925E-13
1178.	0.2949E-13
1223.	0.2972E-13
1270.	0.2994E-13
1318.	0.3015E-13
1368.	0.3035E-13
 
 
C3    H    Excitation    10.20 eV                               
E/N (Td)	Inverse rate coefficient (m2)
0.1000E-02	0.6098E-13
0.1038E-02	0.6102E-13
0.1078E-02	0.6102E-13
0.1119E-02	0.6102E-13
0.1161E-02	0.6102E-13
0.1205E-02	0.6102E-13
0.1251E-02	0.6102E-13
0.1299E-02	0.6102E-13
0.1349E-02	0.6102E-13
0.1400E-02	0.6102E-13
0.1453E-02	0.6102E-13
0.1509E-02	0.6102E-13
0.1566E-02	0.6102E-13
0.1626E-02	0.6102E-13
0.1688E-02	0.6102E-13
0.1752E-02	0.6102E-13
0.1819E-02	0.6102E-13
0.1888E-02	0.6102E-13
0.1960E-02	0.6102E-13
0.2034E-02	0.6102E-13
0.2112E-02	0.6102E-13
0.2192E-02	0.6102E-13
0.2276E-02	0.6102E-13
0.2362E-02	0.6102E-13
0.2452E-02	0.6102E-13
0.2546E-02	0.6102E-13
0.2643E-02	0.6102E-13
0.2743E-02	0.6102E-13
0.2848E-02	0.6102E-13
0.2956E-02	0.6102E-13
0.3069E-02	0.6102E-13
0.3186E-02	0.6102E-13
0.3307E-02	0.6102E-13
0.3433E-02	0.6102E-13
0.3564E-02	0.6102E-13
0.3700E-02	0.6102E-13
0.3841E-02	0.6102E-13
0.3987E-02	0.6102E-13
0.4139E-02	0.6102E-13
0.4296E-02	0.6102E-13
0.4460E-02	0.6102E-13
0.4630E-02	0.6102E-13
0.4806E-02	0.6102E-13
0.4989E-02	0.6102E-13
0.5179E-02	0.6102E-13
0.5377E-02	0.6102E-13
0.5581E-02	0.6102E-13
0.5794E-02	0.6102E-13
0.6015E-02	0.6102E-13
0.6244E-02	0.6102E-13
0.6481E-02	0.6102E-13
0.6728E-02	0.6102E-13
0.6985E-02	0.6102E-13
0.7251E-02	0.6102E-13
0.7527E-02	0.6102E-13
0.7813E-02	0.6102E-13
0.8111E-02	0.6102E-13
0.8420E-02	0.6101E-13
0.8741E-02	0.6101E-13
0.9073E-02	0.6101E-13
0.9419E-02	0.6101E-13
0.9778E-02	0.6101E-13
0.1015E-01	0.6101E-13
0.1054E-01	0.6101E-13
0.1094E-01	0.6101E-13
0.1135E-01	0.6101E-13
0.1179E-01	0.6101E-13
0.1224E-01	0.6101E-13
0.1270E-01	0.6101E-13
0.1319E-01	0.6101E-13
0.1369E-01	0.6101E-13
0.1421E-01	0.6101E-13
0.1475E-01	0.6101E-13
0.1531E-01	0.6101E-13
0.1590E-01	0.6101E-13
0.1650E-01	0.6101E-13
0.1713E-01	0.6100E-13
0.1778E-01	0.6100E-13
0.1846E-01	0.6100E-13
0.1916E-01	0.6100E-13
0.1989E-01	0.6100E-13
0.2065E-01	0.6100E-13
0.2144E-01	0.6100E-13
0.2225E-01	0.6099E-13
0.2310E-01	0.6099E-13
0.2398E-01	0.6099E-13
0.2489E-01	0.6099E-13
0.2584E-01	0.6099E-13
0.2682E-01	0.6098E-13
0.2785E-01	0.6098E-13
0.2891E-01	0.6098E-13
0.3001E-01	0.6098E-13
0.3115E-01	0.6097E-13
0.3234E-01	0.6097E-13
0.3357E-01	0.6097E-13
0.3485E-01	0.6096E-13
0.3617E-01	0.6096E-13
0.3755E-01	0.6095E-13
0.3898E-01	0.6095E-13
0.4047E-01	0.6094E-13
0.4201E-01	0.6094E-13
0.4361E-01	0.6093E-13
0.4527E-01	0.6092E-13
0.4699E-01	0.6091E-13
0.4878E-01	0.6091E-13
0.5064E-01	0.6090E-13
0.5257E-01	0.6089E-13
0.5457E-01	0.6088E-13
0.5665E-01	0.6087E-13
0.5881E-01	0.6086E-13
0.6105E-01	0.6084E-13
0.6337E-01	0.6083E-13
0.6579E-01	0.6082E-13
0.6829E-01	0.6080E-13
0.7089E-01	0.6078E-13
0.7359E-01	0.6077E-13
0.7640E-01	0.6075E-13
0.7931E-01	0.6073E-13
0.8233E-01	0.6070E-13
0.8546E-01	0.6068E-13
0.8872E-01	0.6065E-13
0.9210E-01	0.6063E-13
0.9560E-01	0.6060E-13
0.9924E-01	0.6056E-13
0.1030	0.6053E-13
0.1069	0.6049E-13
0.1110	0.6045E-13
0.1152	0.6041E-13
0.1196	0.6036E-13
0.1242	0.6031E-13
0.1289	0.6026E-13
0.1338	0.6020E-13
0.1389	0.6011E-13
0.1442	0.6004E-13
0.1497	0.5998E-13
0.1554	0.5990E-13
0.1613	0.5982E-13
0.1675	0.5974E-13
0.1739	0.5965E-13
0.1805	0.5954E-13
0.1874	0.5944E-13
0.1945	0.5933E-13
0.2019	0.5921E-13
0.2096	0.5909E-13
0.2176	0.5895E-13
0.2259	0.5881E-13
0.2345	0.5866E-13
0.2434	0.5850E-13
0.2527	0.5833E-13
0.2623	0.5815E-13
0.2723	0.5797E-13
0.2826	0.5777E-13
0.2934	0.5755E-13
0.3046	0.5733E-13
0.3162	0.5710E-13
0.3282	0.5686E-13
0.3407	0.5660E-13
0.3537	0.5633E-13
0.3672	0.5604E-13
0.3812	0.5574E-13
0.3957	0.5543E-13
0.4107	0.5511E-13
0.4264	0.5477E-13
0.4426	0.5442E-13
0.4595	0.5405E-13
0.4770	0.5367E-13
0.4952	0.5328E-13
0.5140	0.5287E-13
0.5336	0.5245E-13
0.5539	0.5202E-13
0.5750	0.5157E-13
0.5969	0.5111E-13
0.6196	0.5064E-13
0.6432	0.5016E-13
0.6677	0.4966E-13
0.6932	0.4915E-13
0.7196	0.4864E-13
0.7470	0.4811E-13
0.7754	0.4758E-13
0.8050	0.4703E-13
0.8356	0.4648E-13
0.8674	0.4592E-13
0.9005	0.4535E-13
0.9348	0.4478E-13
0.9704	0.4420E-13
1.007	0.4362E-13
1.046	0.4303E-13
1.086	0.4244E-13
1.127	0.4185E-13
1.170	0.4125E-13
1.214	0.4066E-13
1.261	0.4006E-13
1.309	0.3946E-13
1.358	0.3886E-13
1.410	0.3826E-13
1.464	0.3767E-13
1.520	0.3707E-13
1.578	0.3648E-13
1.638	0.3588E-13
1.700	0.3529E-13
1.765	0.3471E-13
1.832	0.3412E-13
1.902	0.3354E-13
1.974	0.3297E-13
2.049	0.3240E-13
2.127	0.3183E-13
2.208	0.3126E-13
2.293	0.3070E-13
2.380	0.3015E-13
2.470	0.2960E-13
2.565	0.2905E-13
2.662	0.2851E-13
2.764	0.2797E-13
2.869	0.2744E-13
2.978	0.2691E-13
3.092	0.2639E-13
3.209	0.2587E-13
3.332	0.2536E-13
3.458	0.2485E-13
3.590	0.2435E-13
3.727	0.2385E-13
3.869	0.2336E-13
4.016	0.2287E-13
4.169	0.2239E-13
4.328	0.2191E-13
4.493	0.2144E-13
4.664	0.2098E-13
4.841	0.2052E-13
5.026	0.2006E-13
5.217	0.1961E-13
5.416	0.1917E-13
5.622	0.1873E-13
5.836	0.1830E-13
6.059	0.1787E-13
6.289	0.1745E-13
6.529	0.1703E-13
6.778	0.1663E-13
7.036	0.1622E-13
7.304	0.1582E-13
7.582	0.1543E-13
7.871	0.1505E-13
8.170	0.1467E-13
8.482	0.1429E-13
8.805	0.1393E-13
9.140	0.1357E-13
9.488	0.1321E-13
9.849	0.1287E-13
10.22	0.1253E-13
10.61	0.1219E-13
11.02	0.1187E-13
11.44	0.1154E-13
11.87	0.1123E-13
12.33	0.1092E-13
12.80	0.1062E-13
13.28	0.1033E-13
13.79	0.1005E-13
14.31	0.9782E-14
14.86	0.9524E-14
15.42	0.9280E-14
16.01	0.9053E-14
16.62	0.8841E-14
17.25	0.8648E-14
17.91	0.8472E-14
18.59	0.8313E-14
19.30	0.8170E-14
20.04	0.8042E-14
20.80	0.7927E-14
21.59	0.7826E-14
22.42	0.7734E-14
23.27	0.7651E-14
24.16	0.7575E-14
25.08	0.7505E-14
26.03	0.7441E-14
27.02	0.7382E-14
28.05	0.7323E-14
29.12	0.7270E-14
30.23	0.7220E-14
31.38	0.7172E-14
32.57	0.7125E-14
33.82	0.7080E-14
35.10	0.7037E-14
36.44	0.6994E-14
37.83	0.6951E-14
39.27	0.6909E-14
40.76	0.6867E-14
42.32	0.6826E-14
43.93	0.6785E-14
45.60	0.6744E-14
47.34	0.6703E-14
49.14	0.6663E-14
51.01	0.6622E-14
52.96	0.6581E-14
54.97	0.6539E-14
57.07	0.6498E-14
59.24	0.6457E-14
61.50	0.6416E-14
63.84	0.6374E-14
66.27	0.6332E-14
68.79	0.6290E-14
71.41	0.6247E-14
74.13	0.6205E-14
76.96	0.6161E-14
79.89	0.6116E-14
82.93	0.6072E-14
86.09	0.6028E-14
89.37	0.5984E-14
92.77	0.5940E-14
96.31	0.5894E-14
99.97	0.5848E-14
103.8	0.5802E-14
107.7	0.5755E-14
111.8	0.5708E-14
116.1	0.5660E-14
120.5	0.5612E-14
125.1	0.5563E-14
129.9	0.5514E-14
134.8	0.5464E-14
140.0	0.5414E-14
145.3	0.5363E-14
150.8	0.5312E-14
156.6	0.5260E-14
162.5	0.5208E-14
168.7	0.5155E-14
175.1	0.5102E-14
181.8	0.5050E-14
188.7	0.4996E-14
195.9	0.4942E-14
203.4	0.4888E-14
211.1	0.4833E-14
219.2	0.4778E-14
227.5	0.4723E-14
236.2	0.4668E-14
245.2	0.4613E-14
254.5	0.4557E-14
264.2	0.4502E-14
274.3	0.4446E-14
284.7	0.4391E-14
295.6	0.4336E-14
306.8	0.4281E-14
318.5	0.4227E-14
330.6	0.4172E-14
343.2	0.4118E-14
356.3	0.4064E-14
369.9	0.4011E-14
384.0	0.3959E-14
398.6	0.3907E-14
413.8	0.3856E-14
429.5	0.3805E-14
445.9	0.3754E-14
462.9	0.3705E-14
480.5	0.3657E-14
498.8	0.3609E-14
517.8	0.3562E-14
537.5	0.3516E-14
558.0	0.3471E-14
579.2	0.3426E-14
601.3	0.3383E-14
624.2	0.3341E-14
648.0	0.3298E-14
672.6	0.3257E-14
698.3	0.3217E-14
724.9	0.3177E-14
752.5	0.3138E-14
781.1	0.3100E-14
810.9	0.3062E-14
841.8	0.3025E-14
873.8	0.2988E-14
907.1	0.2952E-14
941.6	0.2917E-14
977.5	0.2882E-14
1015.	0.2847E-14
1053.	0.2813E-14
1094.	0.2779E-14
1135.	0.2744E-14
1178.	0.2711E-14
1223.	0.2677E-14
1270.	0.2643E-14
1318.	0.2609E-14
1368.	0.2575E-14
 
 
C4    H    Ionization    13.60 eV                               
E/N (Td)	Inverse rate coefficient (m2)
0.1000E-02	0.000
0.1038E-02	0.000
0.1078E-02	0.000
0.1119E-02	0.000
0.1161E-02	0.000
0.1205E-02	0.000
0.1251E-02	0.000
0.1299E-02	0.000
0.1349E-02	0.000
0.1400E-02	0.000
0.1453E-02	0.000
0.1509E-02	0.000
0.1566E-02	0.000
0.1626E-02	0.000
0.1688E-02	0.000
0.1752E-02	0.000
0.1819E-02	0.000
0.1888E-02	0.000
0.1960E-02	0.000
0.2034E-02	0.000
0.2112E-02	0.000
0.2192E-02	0.000
0.2276E-02	0.000
0.2362E-02	0.000
0.2452E-02	0.000
0.2546E-02	0.000
0.2643E-02	0.000
0.2743E-02	0.000
0.2848E-02	0.000
0.2956E-02	0.000
0.3069E-02	0.000
0.3186E-02	0.000
0.3307E-02	0.000
0.3433E-02	0.000
0.3564E-02	0.000
0.3700E-02	0.000
0.3841E-02	0.000
0.3987E-02	0.000
0.4139E-02	0.000
0.4296E-02	0.000
0.4460E-02	0.000
0.4630E-02	0.000
0.4806E-02	0.000
0.4989E-02	0.000
0.5179E-02	0.000
0.5377E-02	0.000
0.5581E-02	0.000
0.5794E-02	0.000
0.6015E-02	0.000
0.6244E-02	0.000
0.6481E-02	0.000
0.6728E-02	0.000
0.6985E-02	0.000
0.7251E-02	0.000
0.7527E-02	0.000
0.7813E-02	0.000
0.8111E-02	0.000
0.8420E-02	0.000
0.8741E-02	0.000
0.9073E-02	0.000
0.9419E-02	0.000
0.9778E-02	0.000
0.1015E-01	0.000
0.1054E-01	0.000
0.1094E-01	0.000
0.1135E-01	0.000
0.1179E-01	0.000
0.1224E-01	0.000
0.1270E-01	0.000
0.1319E-01	0.000
0.1369E-01	0.000
0.1421E-01	0.000
0.1475E-01	0.000
0.1531E-01	0.000
0.1590E-01	0.000
0.1650E-01	0.000
0.1713E-01	0.000
0.1778E-01	0.000
0.1846E-01	0.000
0.1916E-01	0.000
0.1989E-01	0.000
0.2065E-01	0.000
0.2144E-01	0.000
0.2225E-01	0.000
0.2310E-01	0.000
0.2398E-01	0.000
0.2489E-01	0.000
0.2584E-01	0.000
0.2682E-01	0.000
0.2785E-01	0.000
0.2891E-01	0.000
0.3001E-01	0.000
0.3115E-01	0.000
0.3234E-01	0.000
0.3357E-01	0.000
0.3485E-01	0.000
0.3617E-01	0.000
0.3755E-01	0.000
0.3898E-01	0.000
0.4047E-01	0.000
0.4201E-01	0.000
0.4361E-01	0.000
0.4527E-01	0.000
0.4699E-01	0.000
0.4878E-01	0.000
0.5064E-01	0.000
0.5257E-01	0.000
0.5457E-01	0.000
0.5665E-01	0.000
0.5881E-01	0.000
0.6105E-01	0.000
0.6337E-01	0.000
0.6579E-01	0.000
0.6829E-01	0.000
0.7089E-01	0.000
0.7359E-01	0.000
0.7640E-01	0.000
0.7931E-01	0.000
0.8233E-01	0.000
0.8546E-01	0.000
0.8872E-01	0.000
0.9210E-01	0.000
0.9560E-01	0.000
0.9924E-01	0.000
0.1030	0.000
0.1069	0.000
0.1110	0.000
0.1152	0.000
0.1196	0.000
0.1242	0.000
0.1289	0.000
0.1338	0.000
0.1389	0.000
0.1442	0.000
0.1497	0.000
0.1554	0.000
0.1613	0.000
0.1675	0.000
0.1739	0.000
0.1805	0.000
0.1874	0.000
0.1945	0.000
0.2019	0.000
0.2096	0.000
0.2176	0.000
0.2259	0.000
0.2345	0.000
0.2434	0.000
0.2527	0.000
0.2623	0.000
0.2723	0.000
0.2826	0.000
0.2934	0.000
0.3046	0.000
0.3162	0.000
0.3282	0.000
0.3407	0.000
0.3537	0.000
0.3672	0.000
0.3812	0.000
0.3957	0.000
0.4107	0.000
0.4264	0.000
0.4426	0.000
0.4595	0.000
0.4770	0.000
0.4952	0.000
0.5140	0.000
0.5336	0.000
0.5539	0.000
0.5750	0.000
0.5969	0.000
0.6196	0.000
0.6432	0.000
0.6677	0.000
0.6932	0.000
0.7196	0.000
0.7470	0.000
0.7754	0.000
0.8050	0.000
0.8356	0.000
0.8674	0.000
0.9005	0.000
0.9348	0.000
0.9704	0.000
1.007	0.000
1.046	0.000
1.086	0.000
1.127	0.000
1.170	0.000
1.214	0.000
1.261	0.000
1.309	0.000
1.358	0.000
1.410	0.000
1.464	0.000
1.520	0.000
1.578	0.000
1.638	0.000
1.700	0.000
1.765	0.000
1.832	0.000
1.902	0.000
1.974	0.000
2.049	0.000
2.127	0.000
2.208	0.000
2.293	0.000
2.380	0.000
2.470	0.000
2.565	0.000
2.662	0.000
2.764	0.000
2.869	0.000
2.978	0.000
3.092	0.000
3.209	0.000
3.332	0.000
3.458	0.000
3.590	0.000
3.727	0.000
3.869	0.000
4.016	0.000
4.169	0.000
4.328	0.000
4.493	0.000
4.664	0.000
4.841	0.000
5.026	0.000
5.217	0.000
5.416	0.000
5.622	0.000
5.836	0.000
6.059	0.000
6.289	0.000
6.529	0.000
6.778	0.000
7.036	0.000
7.304	0.000
7.582	0.000
7.871	0.000
8.170	0.000
8.482	0.000
8.805	0.000
9.140	0.000
9.488	0.000
9.849	0.000
10.22	0.000
10.61	0.000
11.02	0.000
11.44	0.000
11.87	0.000
12.33	0.000
12.80	0.000
13.28	0.000
13.79	0.000
14.31	0.000
14.86	0.000
15.42	0.000
16.01	0.000
16.62	0.000
17.25	0.000
17.91	0.000
18.59	0.000
19.30	0.000
20.04	0.000
20.80	0.000
21.59	0.000
22.42	0.000
23.27	0.000
24.16	0.000
25.08	0.000
26.03	0.000
27.02	0.000
28.05	0.000
29.12	0.000
30.23	0.000
31.38	0.000
32.57	0.000
33.82	0.000
35.10	0.000
36.44	0.000
37.83	0.000
39.27	0.000
40.76	0.000
42.32	0.000
43.93	0.000
45.60	0.000
47.34	0.000
49.14	0.000
51.01	0.000
52.96	0.000
54.97	0.000
57.07	0.000
59.24	0.000
61.50	0.000
63.84	0.000
66.27	0.000
68.79	0.000
71.41	0.000
74.13	0.000
76.96	0.000
79.89	0.000
82.93	0.000
86.09	0.000
89.37	0.000
92.77	0.000
96.31	0.000
99.97	0.000
103.8	0.000
107.7	0.000
111.8	0.000
116.1	0.000
120.5	0.000
125.1	0.000
129.9	0.000
134.8	0.000
140.0	0.000
145.3	0.000
150.8	0.000
156.6	0.000
162.5	0.000
168.7	0.000
175.1	0.000
181.8	0.000
188.7	0.000
195.9	0.000
203.4	0.000
211.1	0.000
219.2	0.000
227.5	0.000
236.2	0.000
245.2	0.000
254.5	0.000
264.2	0.000
274.3	0.000
284.7	0.000
295.6	0.000
306.8	0.000
318.5	0.000
330.6	0.000
343.2	0.000
356.3	0.000
369.9	0.000
384.0	0.000
398.6	0.000
413.8	0.000
429.5	0.000
445.9	0.000
462.9	0.000
480.5	0.000
498.8	0.000
517.8	0.000
537.5	0.000
558.0	0.000
579.2	0.000
601.3	0.000
624.2	0.000
648.0	0.000
672.6	0.000
698.3	0.000
724.9	0.000
752.5	0.000
781.1	0.000
810.9	0.000
841.8	0.000
873.8	0.000
907.1	0.000
941.6	0.000
977.5	0.000
1015.	0.000
1053.	0.000
1094.	0.000
1135.	0.000
1178.	0.000
1223.	0.000
1270.	0.000
1318.	0.000
1368.	0.000
 
 
C1    H    Elastic                                              
E/N (Td)	Energy loss coefficient (eV m3/s)
0.1000E-02	0.3545E-23
0.1038E-02	0.3829E-23
0.1078E-02	0.4126E-23
0.1119E-02	0.4446E-23
0.1161E-02	0.4791E-23
0.1205E-02	0.5163E-23
0.1251E-02	0.5564E-23
0.1299E-02	0.5995E-23
0.1349E-02	0.6461E-23
0.1400E-02	0.6962E-23
0.1453E-02	0.7502E-23
0.1509E-02	0.8085E-23
0.1566E-02	0.8712E-23
0.1626E-02	0.9388E-23
0.1688E-02	0.1012E-22
0.1752E-02	0.1090E-22
0.1819E-02	0.1175E-22
0.1888E-02	0.1266E-22
0.1960E-02	0.1364E-22
0.2034E-02	0.1470E-22
0.2112E-02	0.1584E-22
0.2192E-02	0.1707E-22
0.2276E-02	0.1840E-22
0.2362E-02	0.1983E-22
0.2452E-02	0.2136E-22
0.2546E-02	0.2302E-22
0.2643E-02	0.2481E-22
0.2743E-02	0.2674E-22
0.2848E-02	0.2881E-22
0.2956E-02	0.3105E-22
0.3069E-02	0.3346E-22
0.3186E-02	0.3605E-22
0.3307E-02	0.3885E-22
0.3433E-02	0.4187E-22
0.3564E-02	0.4512E-22
0.3700E-02	0.4862E-22
0.3841E-02	0.5239E-22
0.3987E-02	0.5646E-22
0.4139E-02	0.6084E-22
0.4296E-02	0.6556E-22
0.4460E-02	0.7065E-22
0.4630E-02	0.7614E-22
0.4806E-02	0.8205E-22
0.4989E-02	0.8842E-22
0.5179E-02	0.9528E-22
0.5377E-02	0.1027E-21
0.5581E-02	0.1106E-21
0.5794E-02	0.1192E-21
0.6015E-02	0.1285E-21
0.6244E-02	0.1385E-21
0.6481E-02	0.1492E-21
0.6728E-02	0.1608E-21
0.6985E-02	0.1733E-21
0.7251E-02	0.1867E-21
0.7527E-02	0.2012E-21
0.7813E-02	0.2168E-21
0.8111E-02	0.2336E-21
0.8420E-02	0.2518E-21
0.8741E-02	0.2713E-21
0.9073E-02	0.2924E-21
0.9419E-02	0.3151E-21
0.9778E-02	0.3395E-21
0.1015E-01	0.3659E-21
0.1054E-01	0.3943E-21
0.1094E-01	0.4249E-21
0.1135E-01	0.4578E-21
0.1179E-01	0.4934E-21
0.1224E-01	0.5317E-21
0.1270E-01	0.5729E-21
0.1319E-01	0.6174E-21
0.1369E-01	0.6653E-21
0.1421E-01	0.7169E-21
0.1475E-01	0.7725E-21
0.1531E-01	0.8325E-21
0.1590E-01	0.8971E-21
0.1650E-01	0.9667E-21
0.1713E-01	0.1042E-20
0.1778E-01	0.1122E-20
0.1846E-01	0.1210E-20
0.1916E-01	0.1303E-20
0.1989E-01	0.1404E-20
0.2065E-01	0.1513E-20
0.2144E-01	0.1631E-20
0.2225E-01	0.1757E-20
0.2310E-01	0.1894E-20
0.2398E-01	0.2040E-20
0.2489E-01	0.2199E-20
0.2584E-01	0.2369E-20
0.2682E-01	0.2553E-20
0.2785E-01	0.2751E-20
0.2891E-01	0.2964E-20
0.3001E-01	0.3194E-20
0.3115E-01	0.3441E-20
0.3234E-01	0.3708E-20
0.3357E-01	0.3995E-20
0.3485E-01	0.4304E-20
0.3617E-01	0.4638E-20
0.3755E-01	0.4997E-20
0.3898E-01	0.5384E-20
0.4047E-01	0.5801E-20
0.4201E-01	0.6250E-20
0.4361E-01	0.6733E-20
0.4527E-01	0.7254E-20
0.4699E-01	0.7815E-20
0.4878E-01	0.8419E-20
0.5064E-01	0.9070E-20
0.5257E-01	0.9771E-20
0.5457E-01	0.1053E-19
0.5665E-01	0.1134E-19
0.5881E-01	0.1221E-19
0.6105E-01	0.1316E-19
0.6337E-01	0.1417E-19
0.6579E-01	0.1526E-19
0.6829E-01	0.1644E-19
0.7089E-01	0.1771E-19
0.7359E-01	0.1907E-19
0.7640E-01	0.2053E-19
0.7931E-01	0.2211E-19
0.8233E-01	0.2381E-19
0.8546E-01	0.2564E-19
0.8872E-01	0.2761E-19
0.9210E-01	0.2972E-19
0.9560E-01	0.3200E-19
0.9924E-01	0.3445E-19
0.1030	0.3708E-19
0.1069	0.3991E-19
0.1110	0.4295E-19
0.1152	0.4623E-19
0.1196	0.4974E-19
0.1242	0.5352E-19
0.1289	0.5758E-19
0.1338	0.6195E-19
0.1389	0.6664E-19
0.1442	0.7167E-19
0.1497	0.7708E-19
0.1554	0.8288E-19
0.1613	0.8912E-19
0.1675	0.9580E-19
0.1739	0.1030E-18
0.1805	0.1107E-18
0.1874	0.1189E-18
0.1945	0.1278E-18
0.2019	0.1373E-18
0.2096	0.1475E-18
0.2176	0.1584E-18
0.2259	0.1700E-18
0.2345	0.1826E-18
0.2434	0.1960E-18
0.2527	0.2103E-18
0.2623	0.2257E-18
0.2723	0.2421E-18
0.2826	0.2597E-18
0.2934	0.2785E-18
0.3046	0.2985E-18
0.3162	0.3200E-18
0.3282	0.3430E-18
0.3407	0.3675E-18
0.3537	0.3937E-18
0.3672	0.4218E-18
0.3812	0.4516E-18
0.3957	0.4835E-18
0.4107	0.5175E-18
0.4264	0.5538E-18
0.4426	0.5925E-18
0.4595	0.6338E-18
0.4770	0.6777E-18
0.4952	0.7246E-18
0.5140	0.7746E-18
0.5336	0.8278E-18
0.5539	0.8844E-18
0.5750	0.9448E-18
0.5969	0.1009E-17
0.6196	0.1077E-17
0.6432	0.1150E-17
0.6677	0.1228E-17
0.6932	0.1310E-17
0.7196	0.1398E-17
0.7470	0.1491E-17
0.7754	0.1591E-17
0.8050	0.1696E-17
0.8356	0.1808E-17
0.8674	0.1928E-17
0.9005	0.2055E-17
0.9348	0.2190E-17
0.9704	0.2333E-17
1.007	0.2486E-17
1.046	0.2648E-17
1.086	0.2820E-17
1.127	0.3003E-17
1.170	0.3198E-17
1.214	0.3405E-17
1.261	0.3625E-17
1.309	0.3859E-17
1.358	0.4108E-17
1.410	0.4372E-17
1.464	0.4653E-17
1.520	0.4952E-17
1.578	0.5269E-17
1.638	0.5607E-17
1.700	0.5966E-17
1.765	0.6349E-17
1.832	0.6755E-17
1.902	0.7188E-17
1.974	0.7648E-17
2.049	0.8137E-17
2.127	0.8659E-17
2.208	0.9214E-17
2.293	0.9805E-17
2.380	0.1043E-16
2.470	0.1110E-16
2.565	0.1182E-16
2.662	0.1258E-16
2.764	0.1339E-16
2.869	0.1426E-16
2.978	0.1518E-16
3.092	0.1616E-16
3.209	0.1721E-16
3.332	0.1833E-16
3.458	0.1953E-16
3.590	0.2080E-16
3.727	0.2217E-16
3.869	0.2362E-16
4.016	0.2518E-16
4.169	0.2684E-16
4.328	0.2862E-16
4.493	0.3051E-16
4.664	0.3255E-16
4.841	0.3472E-16
5.026	0.3705E-16
5.217	0.3954E-16
5.416	0.4221E-16
5.622	0.4507E-16
5.836	0.4813E-16
6.059	0.5142E-16
6.289	0.5494E-16
6.529	0.5873E-16
6.778	0.6277E-16
7.036	0.6713E-16
7.304	0.7181E-16
7.582	0.7683E-16
7.871	0.8223E-16
8.170	0.8804E-16
8.482	0.9428E-16
8.805	0.1010E-15
9.140	0.1082E-15
9.488	0.1160E-15
9.849	0.1243E-15
10.22	0.1333E-15
10.61	0.1430E-15
11.02	0.1535E-15
11.44	0.1647E-15
11.87	0.1768E-15
12.33	0.1898E-15
12.80	0.2037E-15
13.28	0.2184E-15
13.79	0.2339E-15
14.31	0.2501E-15
14.86	0.2668E-15
15.42	0.2839E-15
16.01	0.3009E-15
16.62	0.3179E-15
17.25	0.3344E-15
17.91	0.3504E-15
18.59	0.3656E-15
19.30	0.3800E-15
20.04	0.3935E-15
20.80	0.4062E-15
21.59	0.4178E-15
22.42	0.4288E-15
23.27	0.4390E-15
24.16	0.4486E-15
25.08	0.4575E-15
26.03	0.4660E-15
27.02	0.4739E-15
28.05	0.4819E-15
29.12	0.4892E-15
30.23	0.4961E-15
31.38	0.5029E-15
32.57	0.5095E-15
33.82	0.5159E-15
35.10	0.5220E-15
36.44	0.5282E-15
37.83	0.5344E-15
39.27	0.5405E-15
40.76	0.5467E-15
42.32	0.5528E-15
43.93	0.5588E-15
45.60	0.5650E-15
47.34	0.5713E-15
49.14	0.5776E-15
51.01	0.5840E-15
52.96	0.5905E-15
54.97	0.5971E-15
57.07	0.6038E-15
59.24	0.6106E-15
61.50	0.6176E-15
63.84	0.6247E-15
66.27	0.6319E-15
68.79	0.6393E-15
71.41	0.6468E-15
74.13	0.6546E-15
76.96	0.6625E-15
79.89	0.6709E-15
82.93	0.6792E-15
86.09	0.6877E-15
89.37	0.6964E-15
92.77	0.7053E-15
96.31	0.7145E-15
99.97	0.7240E-15
103.8	0.7337E-15
107.7	0.7437E-15
111.8	0.7538E-15
116.1	0.7644E-15
120.5	0.7752E-15
125.1	0.7865E-15
129.9	0.7979E-15
134.8	0.8097E-15
140.0	0.8218E-15
145.3	0.8343E-15
150.8	0.8471E-15
156.6	0.8602E-15
162.5	0.8737E-15
168.7	0.8876E-15
175.1	0.9018E-15
181.8	0.9165E-15
188.7	0.9315E-15
195.9	0.9470E-15
203.4	0.9628E-15
211.1	0.9791E-15
219.2	0.9957E-15
227.5	0.1013E-14
236.2	0.1030E-14
245.2	0.1048E-14
254.5	0.1066E-14
264.2	0.1085E-14
274.3	0.1105E-14
284.7	0.1124E-14
295.6	0.1144E-14
306.8	0.1164E-14
318.5	0.1185E-14
330.6	0.1207E-14
343.2	0.1229E-14
356.3	0.1251E-14
369.9	0.1273E-14
384.0	0.1296E-14
398.6	0.1320E-14
413.8	0.1344E-14
429.5	0.1368E-14
445.9	0.1394E-14
462.9	0.1419E-14
480.5	0.1445E-14
498.8	0.1472E-14
517.8	0.1499E-14
537.5	0.1527E-14
558.0	0.1556E-14
579.2	0.1585E-14
601.3	0.1614E-14
624.2	0.1645E-14
648.0	0.1676E-14
672.6	0.1708E-14
698.3	0.1742E-14
724.9	0.1775E-14
752.5	0.1811E-14
781.1	0.1846E-14
810.9	0.1884E-14
841.8	0.1922E-14
873.8	0.1962E-14
907.1	0.2003E-14
941.6	0.2045E-14
977.5	0.2089E-14
1015.	0.2133E-14
1053.	0.2180E-14
1094.	0.2229E-14
1135.	0.2279E-14
1178.	0.2332E-14
1223.	0.2386E-14
1270.	0.2442E-14
1318.	0.2502E-14
1368.	0.2563E-14
 
 
C2    H    Excitation    10.20 eV                               
E/N (Td)	Energy loss coefficient (eV m3/s)
0.1000E-02	-0.5761-183
0.1038E-02	-0.5764-183
0.1078E-02	-0.5764-183
0.1119E-02	-0.5764-183
0.1161E-02	-0.5764-183
0.1205E-02	-0.5764-183
0.1251E-02	-0.5764-183
0.1299E-02	-0.5764-183
0.1349E-02	-0.5764-183
0.1400E-02	-0.5764-183
0.1453E-02	-0.5764-183
0.1509E-02	-0.5764-183
0.1566E-02	-0.5764-183
0.1626E-02	-0.5764-183
0.1688E-02	-0.5764-183
0.1752E-02	-0.5764-183
0.1819E-02	-0.5764-183
0.1888E-02	-0.5764-183
0.1960E-02	-0.5764-183
0.2034E-02	-0.5764-183
0.2112E-02	-0.5764-183
0.2192E-02	-0.5764-183
0.2276E-02	-0.5764-183
0.2362E-02	-0.5764-183
0.2452E-02	-0.5764-183
0.2546E-02	-0.5764-183
0.2643E-02	-0.5764-183
0.2743E-02	-0.5764-183
0.2848E-02	-0.5764-183
0.2956E-02	-0.5764-183
0.3069E-02	-0.5764-183
0.3186E-02	-0.5764-183
0.3307E-02	-0.5764-183
0.3433E-02	-0.5764-183
0.3564E-02	-0.5764-183
0.3700E-02	-0.5764-183
0.3841E-02	-0.5764-183
0.3987E-02	-0.5764-183
0.4139E-02	-0.5764-183
0.4296E-02	-0.5764-183
0.4460E-02	-0.5764-183
0.4630E-02	-0.5764-183
0.4806E-02	-0.5764-183
0.4989E-02	-0.5764-183
0.5179E-02	-0.5764-183
0.5377E-02	-0.5764-183
0.5581E-02	-0.5764-183
0.5794E-02	-0.5764-183
0.6015E-02	-0.5764-183
0.6244E-02	-0.5764-183
0.6481E-02	-0.5764-183
0.6728E-02	-0.5764-183
0.6985E-02	-0.5764-183
0.7251E-02	-0.5764-183
0.7527E-02	-0.5764-183
0.7813E-02	-0.5764-183
0.8111E-02	-0.5764-183
0.8420E-02	-0.5764-183
0.8741E-02	-0.5764-183
0.9073E-02	-0.5764-183
0.9419E-02	-0.5764-183
0.9778E-02	-0.5764-183
0.1015E-01	-0.5764-183
0.1054E-01	-0.5764-183
0.1094E-01	-0.5764-183
0.1135E-01	-0.5764-183
0.1179E-01	-0.5764-183
0.1224E-01	-0.5764-183
0.1270E-01	-0.5763-183
0.1319E-01	-0.5763-183
0.1369E-01	-0.5763-183
0.1421E-01	-0.5763-183
0.1475E-01	-0.5763-183
0.1531E-01	-0.5763-183
0.1590E-01	-0.5763-183
0.1650E-01	-0.5763-183
0.1713E-01	-0.5763-183
0.1778E-01	-0.5763-183
0.1846E-01	-0.5763-183
0.1916E-01	-0.5762-183
0.1989E-01	-0.5762-183
0.2065E-01	-0.5762-183
0.2144E-01	-0.5762-183
0.2225E-01	-0.5762-183
0.2310E-01	-0.5762-183
0.2398E-01	-0.5762-183
0.2489E-01	-0.5761-183
0.2584E-01	-0.5761-183
0.2682E-01	-0.5761-183
0.2785E-01	-0.5761-183
0.2891E-01	-0.5760-183
0.3001E-01	-0.5760-183
0.3115E-01	-0.5760-183
0.3234E-01	-0.5759-183
0.3357E-01	-0.5759-183
0.3485E-01	-0.5759-183
0.3617E-01	-0.5758-183
0.3755E-01	-0.5758-183
0.3898E-01	-0.5757-183
0.4047E-01	-0.5757-183
0.4201E-01	-0.5756-183
0.4361E-01	-0.5755-183
0.4527E-01	-0.5755-183
0.4699E-01	-0.5754-183
0.4878E-01	-0.5753-183
0.5064E-01	-0.5752-183
0.5257E-01	-0.5751-183
0.5457E-01	-0.5750-183
0.5665E-01	-0.5749-183
0.5881E-01	-0.5748-183
0.6105E-01	-0.5747-183
0.6337E-01	-0.5746-183
0.6579E-01	-0.5744-183
0.6829E-01	-0.5743-183
0.7089E-01	-0.5741-183
0.7359E-01	-0.5739-183
0.7640E-01	-0.5737-183
0.7931E-01	-0.5735-183
0.8233E-01	-0.5733-183
0.8546E-01	-0.5731-183
0.8872E-01	-0.5728-183
0.9210E-01	-0.5725-183
0.9560E-01	-0.5722-183
0.9924E-01	-0.5719-183
0.1030	-0.5716-183
0.1069	-0.5712-183
0.1110	-0.5708-183
0.1152	-0.5704-183
0.1196	-0.5699-183
0.1242	-0.5694-183
0.1289	-0.5689-183
0.1338	-0.5683-183
0.1389	-0.5674-183
0.1442	-0.5668-183
0.1497	-0.5661-183
0.1554	-0.5653-183
0.1613	-0.5645-183
0.1675	-0.5637-183
0.1739	-0.5628-183
0.1805	-0.5617-183
0.1874	-0.5606-183
0.1945	-0.5595-183
0.2019	-0.5584-183
0.2096	-0.5571-183
0.2176	-0.5557-183
0.2259	-0.5543-183
0.2345	-0.5528-183
0.2434	-0.5512-183
0.2527	-0.5495-183
0.2623	-0.5476-183
0.2723	-0.5457-183
0.2826	-0.5437-183
0.2934	-0.5415-183
0.3046	-0.5393-183
0.3162	-0.5369-183
0.3282	-0.5344-183
0.3407	-0.5317-183
0.3537	-0.5289-183
0.3672	-0.5260-183
0.3812	-0.5229-183
0.3957	-0.5197-183
0.4107	-0.5164-183
0.4264	-0.5129-183
0.4426	-0.5092-183
0.4595	-0.5054-183
0.4770	-0.5015-183
0.4952	-0.4974-183
0.5140	-0.4931-183
0.5336	-0.4887-183
0.5539	-0.4842-183
0.5750	-0.4795-183
0.5969	-0.4747-183
0.6196	-0.4698-183
0.6432	-0.4647-183
0.6677	-0.4595-183
0.6932	-0.4542-183
0.7196	-0.4487-183
0.7470	-0.4432-183
0.7754	-0.4375-183
0.8050	-0.4318-183
0.8356	-0.4260-183
0.8674	-0.4201-183
0.9005	-0.4141-183
0.9348	-0.4080-183
0.9704	-0.4019-183
1.007	-0.3958-183
1.046	-0.3895-183
1.086	-0.3833-183
1.127	-0.3770-183
1.170	-0.3708-183
1.214	-0.3645-183
1.261	-0.3582-183
1.309	-0.3519-183
1.358	-0.3456-183
1.410	-0.3393-183
1.464	-0.3331-183
1.520	-0.3269-183
1.578	-0.3207-183
1.638	-0.3145-183
1.700	-0.3084-183
1.765	-0.3024-183
1.832	-0.2964-183
1.902	-0.2904-183
1.974	-0.2846-183
2.049	-0.2788-183
2.127	-0.2730-183
2.208	-0.2674-183
2.293	-0.2618-183
2.380	-0.2562-183
2.470	-0.2508-183
2.565	-0.2454-183
2.662	-0.2402-183
2.764	-0.2350-183
2.869	-0.2298-183
2.978	-0.2248-183
3.092	-0.2199-183
3.209	-0.2150-183
3.332	-0.2102-183
3.458	-0.2055-183
3.590	-0.2009-183
3.727	-0.1964-183
3.869	-0.1919-183
4.016	-0.1876-183
4.169	-0.1833-183
4.328	-0.1791-183
4.493	-0.1750-183
4.664	-0.1710-183
4.841	-0.1671-183
5.026	-0.1633-183
5.217	-0.1595-183
5.416	-0.1558-183
5.622	-0.1522-183
5.836	-0.1487-183
6.059	-0.1453-183
6.289	-0.1419-183
6.529	-0.1387-183
6.778	-0.1355-183
7.036	-0.1324-183
7.304	-0.1294-183
7.582	-0.1264-183
7.871	-0.1236-183
8.170	0.8607E-24
8.482	0.4240E-23
8.805	0.1875E-22
9.140	0.8009E-22
9.488	0.2922E-21
9.849	0.9732E-21
10.22	0.2975E-20
10.61	0.8389E-20
11.02	0.2207E-19
11.44	0.5364E-19
11.87	0.1219E-18
12.33	0.2598E-18
12.80	0.5216E-18
13.28	0.9900E-18
13.79	0.1783E-17
14.31	0.3055E-17
14.86	0.5000E-17
15.42	0.7841E-17
16.01	0.1182E-16
16.62	0.1712E-16
17.25	0.2411E-16
17.91	0.3296E-16
18.59	0.4387E-16
19.30	0.5703E-16
20.04	0.7261E-16
20.80	0.9074E-16
21.59	0.1118E-15
22.42	0.1355E-15
23.27	0.1621E-15
24.16	0.1919E-15
25.08	0.2250E-15
26.03	0.2615E-15
27.02	0.3016E-15
28.05	0.3450E-15
29.12	0.3931E-15
30.23	0.4456E-15
31.38	0.5028E-15
32.57	0.5650E-15
33.82	0.6326E-15
35.10	0.7065E-15
36.44	0.7859E-15
37.83	0.8720E-15
39.27	0.9650E-15
40.76	0.1066E-14
42.32	0.1174E-14
43.93	0.1292E-14
45.60	0.1419E-14
47.34	0.1556E-14
49.14	0.1703E-14
51.01	0.1861E-14
52.96	0.2032E-14
54.97	0.2215E-14
57.07	0.2413E-14
59.24	0.2625E-14
61.50	0.2853E-14
63.84	0.3098E-14
66.27	0.3362E-14
68.79	0.3644E-14
71.41	0.3946E-14
74.13	0.4271E-14
76.96	0.4618E-14
79.89	0.4983E-14
82.93	0.5381E-14
86.09	0.5807E-14
89.37	0.6263E-14
92.77	0.6756E-14
96.31	0.7277E-14
99.97	0.7834E-14
103.8	0.8429E-14
107.7	0.9063E-14
111.8	0.9751E-14
116.1	0.1047E-13
120.5	0.1124E-13
125.1	0.1206E-13
129.9	0.1293E-13
134.8	0.1386E-13
140.0	0.1486E-13
145.3	0.1591E-13
150.8	0.1703E-13
156.6	0.1823E-13
162.5	0.1947E-13
168.7	0.2081E-13
175.1	0.2224E-13
181.8	0.2379E-13
188.7	0.2539E-13
195.9	0.2709E-13
203.4	0.2890E-13
211.1	0.3080E-13
219.2	0.3282E-13
227.5	0.3494E-13
236.2	0.3718E-13
245.2	0.3953E-13
254.5	0.4201E-13
264.2	0.4463E-13
274.3	0.4740E-13
284.7	0.5028E-13
295.6	0.5326E-13
306.8	0.5641E-13
318.5	0.5972E-13
330.6	0.6316E-13
343.2	0.6675E-13
356.3	0.7048E-13
369.9	0.7434E-13
384.0	0.7833E-13
398.6	0.8248E-13
413.8	0.8673E-13
429.5	0.9115E-13
445.9	0.9577E-13
462.9	0.1004E-12
480.5	0.1052E-12
498.8	0.1101E-12
517.8	0.1152E-12
537.5	0.1203E-12
558.0	0.1255E-12
579.2	0.1309E-12
601.3	0.1362E-12
624.2	0.1416E-12
648.0	0.1472E-12
672.6	0.1528E-12
698.3	0.1584E-12
724.9	0.1641E-12
752.5	0.1698E-12
781.1	0.1755E-12
810.9	0.1813E-12
841.8	0.1871E-12
873.8	0.1928E-12
907.1	0.1985E-12
941.6	0.2041E-12
977.5	0.2098E-12
1015.	0.2154E-12
1053.	0.2208E-12
1094.	0.2263E-12
1135.	0.2317E-12
1178.	0.2370E-12
1223.	0.2421E-12
1270.	0.2472E-12
1318.	0.2522E-12
1368.	0.2570E-12
 
 
C3    H    Excitation    10.20 eV                               
E/N (Td)	Energy loss coefficient (eV m3/s)
0.1000E-02	-0.2787-183
0.1038E-02	-0.2789-183
0.1078E-02	-0.2789-183
0.1119E-02	-0.2789-183
0.1161E-02	-0.2789-183
0.1205E-02	-0.2789-183
0.1251E-02	-0.2789-183
0.1299E-02	-0.2789-183
0.1349E-02	-0.2789-183
0.1400E-02	-0.2789-183
0.1453E-02	-0.2789-183
0.1509E-02	-0.2789-183
0.1566E-02	-0.2789-183
0.1626E-02	-0.2789-183
0.1688E-02	-0.2789-183
0.1752E-02	-0.2789-183
0.1819E-02	-0.2789-183
0.1888E-02	-0.2789-183
0.1960E-02	-0.2789-183
0.2034E-02	-0.2789-183
0.2112E-02	-0.2789-183
0.2192E-02	-0.2789-183
0.2276E-02	-0.2789-183
0.2362E-02	-0.2789-183
0.2452E-02	-0.2789-183
0.2546E-02	-0.2789-183
0.2643E-02	-0.2789-183
0.2743E-02	-0.2789-183
0.2848E-02	-0.2789-183
0.2956E-02	-0.2789-183
0.3069E-02	-0.2789-183
0.3186E-02	-0.2789-183
0.3307E-02	-0.2789-183
0.3433E-02	-0.2789-183
0.3564E-02	-0.2789-183
0.3700E-02	-0.2789-183
0.3841E-02	-0.2789-183
0.3987E-02	-0.2789-183
0.4139E-02	-0.2789-183
0.4296E-02	-0.2789-183
0.4460E-02	-0.2789-183
0.4630E-02	-0.2789-183
0.4806E-02	-0.2789-183
0.4989E-02	-0.2789-183
0.5179E-02	-0.2789-183
0.5377E-02	-0.2789-183
0.5581E-02	-0.2789-183
0.5794E-02	-0.2789-183
0.6015E-02	-0.2789-183
0.6244E-02	-0.2789-183
0.6481E-02	-0.2789-183
0.6728E-02	-0.2789-183
0.6985E-02	-0.2789-183
0.7251E-02	-0.2789-183
0.7527E-02	-0.2789-183
0.7813E-02	-0.2789-183
0.8111E-02	-0.2789-183
0.8420E-02	-0.2789-183
0.8741E-02	-0.2789-183
0.9073E-02	-0.2789-183
0.9419E-02	-0.2789-183
0.9778E-02	-0.2789-183
0.1015E-01	-0.2789-183
0.1054E-01	-0.2789-183
0.1094E-01	-0.2789-183
0.1135E-01	-0.2789-183
0.1179E-01	-0.2789-183
0.1224E-01	-0.2789-183
0.1270E-01	-0.2789-183
0.1319E-01	-0.2789-183
0.1369E-01	-0.2789-183
0.1421E-01	-0.2788-183
0.1475E-01	-0.2788-183
0.1531E-01	-0.2788-183
0.1590E-01	-0.2788-183
0.1650E-01	-0.2788-183
0.1713E-01	-0.2788-183
0.1778E-01	-0.2788-183
0.1846E-01	-0.2788-183
0.1916E-01	-0.2788-183
0.1989E-01	-0.2788-183
0.2065E-01	-0.2788-183
0.2144E-01	-0.2788-183
0.2225E-01	-0.2788-183
0.2310E-01	-0.2788-183
0.2398E-01	-0.2788-183
0.2489E-01	-0.2788-183
0.2584E-01	-0.2787-183
0.2682E-01	-0.2787-183
0.2785E-01	-0.2787-183
0.2891E-01	-0.2787-183
0.3001E-01	-0.2787-183
0.3115E-01	-0.2787-183
0.3234E-01	-0.2787-183
0.3357E-01	-0.2786-183
0.3485E-01	-0.2786-183
0.3617E-01	-0.2786-183
0.3755E-01	-0.2786-183
0.3898E-01	-0.2786-183
0.4047E-01	-0.2785-183
0.4201E-01	-0.2785-183
0.4361E-01	-0.2785-183
0.4527E-01	-0.2785-183
0.4699E-01	-0.2784-183
0.4878E-01	-0.2784-183
0.5064E-01	-0.2783-183
0.5257E-01	-0.2783-183
0.5457E-01	-0.2783-183
0.5665E-01	-0.2782-183
0.5881E-01	-0.2782-183
0.6105E-01	-0.2781-183
0.6337E-01	-0.2780-183
0.6579E-01	-0.2780-183
0.6829E-01	-0.2779-183
0.7089E-01	-0.2778-183
0.7359E-01	-0.2777-183
0.7640E-01	-0.2776-183
0.7931E-01	-0.2776-183
0.8233E-01	-0.2775-183
0.8546E-01	-0.2773-183
0.8872E-01	-0.2772-183
0.9210E-01	-0.2771-183
0.9560E-01	-0.2770-183
0.9924E-01	-0.2768-183
0.1030	-0.2767-183
0.1069	-0.2765-183
0.1110	-0.2763-183
0.1152	-0.2761-183
0.1196	-0.2759-183
0.1242	-0.2757-183
0.1289	-0.2754-183
0.1338	-0.2752-183
0.1389	-0.2747-183
0.1442	-0.2744-183
0.1497	-0.2741-183
0.1554	-0.2738-183
0.1613	-0.2734-183
0.1675	-0.2730-183
0.1739	-0.2726-183
0.1805	-0.2721-183
0.1874	-0.2717-183
0.1945	-0.2712-183
0.2019	-0.2706-183
0.2096	-0.2701-183
0.2176	-0.2694-183
0.2259	-0.2688-183
0.2345	-0.2681-183
0.2434	-0.2674-183
0.2527	-0.2666-183
0.2623	-0.2658-183
0.2723	-0.2649-183
0.2826	-0.2640-183
0.2934	-0.2631-183
0.3046	-0.2621-183
0.3162	-0.2610-183
0.3282	-0.2599-183
0.3407	-0.2587-183
0.3537	-0.2574-183
0.3672	-0.2561-183
0.3812	-0.2548-183
0.3957	-0.2534-183
0.4107	-0.2519-183
0.4264	-0.2503-183
0.4426	-0.2487-183
0.4595	-0.2471-183
0.4770	-0.2453-183
0.4952	-0.2435-183
0.5140	-0.2417-183
0.5336	-0.2397-183
0.5539	-0.2378-183
0.5750	-0.2357-183
0.5969	-0.2336-183
0.6196	-0.2315-183
0.6432	-0.2292-183
0.6677	-0.2270-183
0.6932	-0.2247-183
0.7196	-0.2223-183
0.7470	-0.2199-183
0.7754	-0.2175-183
0.8050	-0.2150-183
0.8356	-0.2124-183
0.8674	-0.2099-183
0.9005	-0.2073-183
0.9348	-0.2047-183
0.9704	-0.2020-183
1.007	-0.1994-183
1.046	-0.1967-183
1.086	-0.1940-183
1.127	-0.1913-183
1.170	-0.1886-183
1.214	-0.1858-183
1.261	-0.1831-183
1.309	-0.1804-183
1.358	-0.1776-183
1.410	-0.1749-183
1.464	-0.1722-183
1.520	-0.1694-183
1.578	-0.1667-183
1.638	-0.1640-183
1.700	-0.1613-183
1.765	-0.1586-183
1.832	-0.1560-183
1.902	-0.1533-183
1.974	-0.1507-183
2.049	-0.1481-183
2.127	-0.1455-183
2.208	-0.1429-183
2.293	-0.1403-183
2.380	-0.1378-183
2.470	-0.1353-183
2.565	-0.1328-183
2.662	-0.1303-183
2.764	-0.1278-183
2.869	-0.1254-183
2.978	-0.1230-183
3.092	-0.1206-183
3.209	-0.1183-183
3.332	-0.1159-183
3.458	-0.1136-183
3.590	-0.1113-183
3.727	-0.1090-183
3.869	-0.1068-183
4.016	-0.1045-183
4.169	-0.1023-183
4.328	-0.1002-183
4.493	-0.9801-184
4.664	-0.9588-184
4.841	-0.9377-184
5.026	-0.9170-184
5.217	-0.8964-184
5.416	-0.8761-184
5.622	-0.8561-184
5.836	-0.8363-184
6.059	-0.8168-184
6.289	-0.7975-184
6.529	-0.7785-184
6.778	-0.7599-184
7.036	-0.7414-184
7.304	-0.7233-184
7.582	-0.7053-184
7.871	-0.6877-184
8.170	0.4755E-24
8.482	0.2347E-23
8.805	0.1040E-22
9.140	0.4436E-22
9.488	0.1620E-21
9.849	0.5398E-21
10.22	0.1651E-20
10.61	0.4656E-20
11.02	0.1225E-19
11.44	0.2977E-19
11.87	0.6759E-19
12.33	0.1440E-18
12.80	0.2889E-18
13.28	0.5478E-18
13.79	0.9851E-18
14.31	0.1686E-17
14.86	0.2754E-17
15.42	0.4312E-17
16.01	0.6487E-17
16.62	0.9373E-17
17.25	0.1316E-16
17.91	0.1795E-16
18.59	0.2382E-16
19.30	0.3087E-16
20.04	0.3916E-16
20.80	0.4876E-16
21.59	0.5987E-16
22.42	0.7225E-16
23.27	0.8609E-16
24.16	0.1014E-15
25.08	0.1183E-15
26.03	0.1369E-15
27.02	0.1571E-15
28.05	0.1787E-15
29.12	0.2024E-15
30.23	0.2281E-15
31.38	0.2558E-15
32.57	0.2856E-15
33.82	0.3176E-15
35.10	0.3523E-15
36.44	0.3891E-15
37.83	0.4285E-15
39.27	0.4706E-15
40.76	0.5156E-15
42.32	0.5636E-15
43.93	0.6151E-15
45.60	0.6696E-15
47.34	0.7275E-15
49.14	0.7891E-15
51.01	0.8544E-15
52.96	0.9238E-15
54.97	0.9970E-15
57.07	0.1075E-14
59.24	0.1157E-14
61.50	0.1244E-14
63.84	0.1336E-14
66.27	0.1434E-14
68.79	0.1536E-14
71.41	0.1644E-14
74.13	0.1758E-14
76.96	0.1877E-14
79.89	0.2000E-14
82.93	0.2131E-14
86.09	0.2269E-14
89.37	0.2414E-14
92.77	0.2568E-14
96.31	0.2727E-14
99.97	0.2893E-14
103.8	0.3066E-14
107.7	0.3247E-14
111.8	0.3439E-14
116.1	0.3635E-14
120.5	0.3840E-14
125.1	0.4050E-14
129.9	0.4270E-14
134.8	0.4500E-14
140.0	0.4737E-14
145.3	0.4983E-14
150.8	0.5238E-14
156.6	0.5501E-14
162.5	0.5766E-14
168.7	0.6047E-14
175.1	0.6335E-14
181.8	0.6642E-14
188.7	0.6947E-14
195.9	0.7262E-14
203.4	0.7586E-14
211.1	0.7916E-14
219.2	0.8253E-14
227.5	0.8597E-14
236.2	0.8948E-14
245.2	0.9302E-14
254.5	0.9666E-14
264.2	0.1003E-13
274.3	0.1041E-13
284.7	0.1079E-13
295.6	0.1116E-13
306.8	0.1155E-13
318.5	0.1194E-13
330.6	0.1232E-13
343.2	0.1271E-13
356.3	0.1310E-13
369.9	0.1349E-13
384.0	0.1387E-13
398.6	0.1425E-13
413.8	0.1462E-13
429.5	0.1500E-13
445.9	0.1538E-13
462.9	0.1574E-13
480.5	0.1608E-13
498.8	0.1643E-13
517.8	0.1678E-13
537.5	0.1711E-13
558.0	0.1744E-13
579.2	0.1775E-13
601.3	0.1804E-13
624.2	0.1833E-13
648.0	0.1861E-13
672.6	0.1888E-13
698.3	0.1913E-13
724.9	0.1938E-13
752.5	0.1960E-13
781.1	0.1982E-13
810.9	0.2004E-13
841.8	0.2023E-13
873.8	0.2040E-13
907.1	0.2056E-13
941.6	0.2071E-13
977.5	0.2084E-13
1015.	0.2096E-13
1053.	0.2106E-13
1094.	0.2115E-13
1135.	0.2123E-13
1178.	0.2129E-13
1223.	0.2133E-13
1270.	0.2136E-13
1318.	0.2137E-13
1368.	0.2137E-13
 
 
C4    H    Ionization    13.60 eV                               
E/N (Td)	Energy loss coefficient (eV m3/s)
0.1000E-02	0.000
0.1038E-02	0.000
0.1078E-02	0.000
0.1119E-02	0.000
0.1161E-02	0.000
0.1205E-02	0.000
0.1251E-02	0.000
0.1299E-02	0.000
0.1349E-02	0.000
0.1400E-02	0.000
0.1453E-02	0.000
0.1509E-02	0.000
0.1566E-02	0.000
0.1626E-02	0.000
0.1688E-02	0.000
0.1752E-02	0.000
0.1819E-02	0.000
0.1888E-02	0.000
0.1960E-02	0.000
0.2034E-02	0.000
0.2112E-02	0.000
0.2192E-02	0.000
0.2276E-02	0.000
0.2362E-02	0.000
0.2452E-02	0.000
0.2546E-02	0.000
0.2643E-02	0.000
0.2743E-02	0.000
0.2848E-02	0.000
0.2956E-02	0.000
0.3069E-02	0.000
0.3186E-02	0.000
0.3307E-02	0.000
0.3433E-02	0.000
0.3564E-02	0.000
0.3700E-02	0.000
0.3841E-02	0.000
0.3987E-02	0.000
0.4139E-02	0.000
0.4296E-02	0.000
0.4460E-02	0.000
0.4630E-02	0.000
0.4806E-02	0.000
0.4989E-02	0.000
0.5179E-02	0.000
0.5377E-02	0.000
0.5581E-02	0.000
0.5794E-02	0.000
0.6015E-02	0.000
0.6244E-02	0.000
0.6481E-02	0.000
0.6728E-02	0.000
0.6985E-02	0.000
0.7251E-02	0.000
0.7527E-02	0.000
0.7813E-02	0.000
0.8111E-02	0.000
0.8420E-02	0.000
0.8741E-02	0.000
0.9073E-02	0.000
0.9419E-02	0.000
0.9778E-02	0.000
0.1015E-01	0.000
0.1054E-01	0.000
0.1094E-01	0.000
0.1135E-01	0.000
0.1179E-01	0.000
0.1224E-01	0.000
0.1270E-01	0.000
0.1319E-01	0.000
0.1369E-01	0.000
0.1421E-01	0.000
0.1475E-01	0.000
0.1531E-01	0.000
0.1590E-01	0.000
0.1650E-01	0.000
0.1713E-01	0.000
0.1778E-01	0.000
0.1846E-01	0.000
0.1916E-01	0.000
0.1989E-01	0.000
0.2065E-01	0.000
0.2144E-01	0.000
0.2225E-01	0.000
0.2310E-01	0.000
0.2398E-01	0.000
0.2489E-01	0.000
0.2584E-01	0.000
0.2682E-01	0.000
0.2785E-01	0.000
0.2891E-01	0.000
0.3001E-01	0.000
0.3115E-01	0.000
0.3234E-01	0.000
0.3357E-01	0.000
0.3485E-01	0.000
0.3617E-01	0.000
0.3755E-01	0.000
0.3898E-01	0.000
0.4047E-01	0.000
0.4201E-01	0.000
0.4361E-01	0.000
0.4527E-01	0.000
0.4699E-01	0.000
0.4878E-01	0.000
0.5064E-01	0.000
0.5257E-01	0.000
0.5457E-01	0.000
0.5665E-01	0.000
0.5881E-01	0.000
0.6105E-01	0.000
0.6337E-01	0.000
0.6579E-01	0.000
0.6829E-01	0.000
0.7089E-01	0.000
0.7359E-01	0.000
0.7640E-01	0.000
0.7931E-01	0.000
0.8233E-01	0.000
0.8546E-01	0.000
0.8872E-01	0.000
0.9210E-01	0.000
0.9560E-01	0.000
0.9924E-01	0.000
0.1030	0.000
0.1069	0.000
0.1110	0.000
0.1152	0.000
0.1196	0.000
0.1242	0.000
0.1289	0.000
0.1338	0.000
0.1389	0.000
0.1442	0.000
0.1497	0.000
0.1554	0.000
0.1613	0.000
0.1675	0.000
0.1739	0.000
0.1805	0.000
0.1874	0.000
0.1945	0.000
0.2019	0.000
0.2096	0.000
0.2176	0.000
0.2259	0.000
0.2345	0.000
0.2434	0.000
0.2527	0.000
0.2623	0.000
0.2723	0.000
0.2826	0.000
0.2934	0.000
0.3046	0.000
0.3162	0.000
0.3282	0.000
0.3407	0.000
0.3537	0.000
0.3672	0.000
0.3812	0.000
0.3957	0.000
0.4107	0.000
0.4264	0.000
0.4426	0.000
0.4595	0.000
0.4770	0.000
0.4952	0.000
0.5140	0.000
0.5336	0.000
0.5539	0.000
0.5750	0.000
0.5969	0.000
0.6196	0.000
0.6432	0.000
0.6677	0.000
0.6932	0.000
0.7196	0.000
0.7470	0.000
0.7754	0.000
0.8050	0.000
0.8356	0.000
0.8674	0.000
0.9005	0.000
0.9348	0.000
0.9704	0.000
1.007	0.000
1.046	0.000
1.086	0.000
1.127	0.000
1.170	0.000
1.214	0.000
1.261	0.000
1.309	0.000
1.358	0.000
1.410	0.000
1.464	0.000
1.520	0.000
1.578	0.000
1.638	0.000
1.700	0.000
1.765	0.000
1.832	0.000
1.902	0.000
1.974	0.000
2.049	0.000
2.127	0.000
2.208	0.000
2.293	0.000
2.380	0.000
2.470	0.000
2.565	0.000
2.662	0.000
2.764	0.000
2.869	0.000
2.978	0.000
3.092	0.000
3.209	0.000
3.332	0.000
3.458	0.000
3.590	0.000
3.727	0.000
3.869	0.000
4.016	0.000
4.169	0.000
4.328	0.000
4.493	0.000
4.664	0.000
4.841	0.000
5.026	0.000
5.217	0.000
5.416	0.000
5.622	0.000
5.836	0.000
6.059	0.000
6.289	0.000
6.529	0.000
6.778	0.000
7.036	0.000
7.304	0.000
7.582	0.000
7.871	0.000
8.170	0.000
8.482	0.000
8.805	0.000
9.140	0.000
9.488	0.000
9.849	0.000
10.22	0.000
10.61	0.000
11.02	0.5308E-25
11.44	0.2103E-24
11.87	0.7616E-24
12.33	0.2533E-23
12.80	0.7774E-23
13.28	0.2386E-22
13.79	0.6387E-22
14.31	0.1600E-21
14.86	0.3766E-21
15.42	0.8367E-21
16.01	0.1761E-20
16.62	0.3513E-20
17.25	0.6722E-20
17.91	0.1233E-19
18.59	0.2177E-19
19.30	0.3710E-19
20.04	0.6126E-19
20.80	0.9826E-19
21.59	0.1541E-18
22.42	0.2350E-18
23.27	0.3509E-18
24.16	0.5139E-18
25.08	0.7392E-18
26.03	0.1046E-17
27.02	0.1458E-17
28.05	0.2002E-17
29.12	0.2719E-17
30.23	0.3650E-17
31.38	0.4848E-17
32.57	0.6373E-17
33.82	0.8301E-17
35.10	0.1073E-16
36.44	0.1374E-16
37.83	0.1746E-16
39.27	0.2204E-16
40.76	0.2762E-16
42.32	0.3440E-16
43.93	0.4262E-16
45.60	0.5246E-16
47.34	0.6423E-16
49.14	0.7825E-16
51.01	0.9486E-16
52.96	0.1145E-15
54.97	0.1375E-15
57.07	0.1645E-15
59.24	0.1961E-15
61.50	0.2328E-15
63.84	0.2755E-15
66.27	0.3249E-15
68.79	0.3818E-15
71.41	0.4473E-15
74.13	0.5225E-15
76.96	0.6085E-15
79.89	0.7057E-15
82.93	0.8174E-15
86.09	0.9444E-15
89.37	0.1088E-14
92.77	0.1252E-14
96.31	0.1437E-14
99.97	0.1644E-14
103.8	0.1878E-14
107.7	0.2140E-14
111.8	0.2437E-14
116.1	0.2766E-14
120.5	0.3133E-14
125.1	0.3540E-14
129.9	0.3996E-14
134.8	0.4502E-14
140.0	0.5063E-14
145.3	0.5685E-14
150.8	0.6372E-14
156.6	0.7131E-14
162.5	0.7958E-14
168.7	0.8877E-14
175.1	0.9886E-14
181.8	0.1101E-13
188.7	0.1222E-13
195.9	0.1354E-13
203.4	0.1500E-13
211.1	0.1657E-13
219.2	0.1829E-13
227.5	0.2015E-13
236.2	0.2216E-13
245.2	0.2433E-13
254.5	0.2668E-13
264.2	0.2922E-13
274.3	0.3196E-13
284.7	0.3488E-13
295.6	0.3799E-13
306.8	0.4133E-13
318.5	0.4490E-13
330.6	0.4869E-13
343.2	0.5273E-13
356.3	0.5699E-13
369.9	0.6150E-13
384.0	0.6622E-13
398.6	0.7121E-13
413.8	0.7641E-13
429.5	0.8189E-13
445.9	0.8768E-13
462.9	0.9364E-13
480.5	0.9978E-13
498.8	0.1062E-12
517.8	0.1129E-12
537.5	0.1197E-12
558.0	0.1268E-12
579.2	0.1340E-12
601.3	0.1414E-12
624.2	0.1490E-12
648.0	0.1568E-12
672.6	0.1646E-12
698.3	0.1726E-12
724.9	0.1808E-12
752.5	0.1890E-12
781.1	0.1973E-12
810.9	0.2057E-12
841.8	0.2141E-12
873.8	0.2225E-12
907.1	0.2308E-12
941.6	0.2392E-12
977.5	0.2475E-12
1015.	0.2558E-12
1053.	0.2639E-12
1094.	0.2720E-12
1135.	0.2800E-12
1178.	0.2878E-12
1223.	0.2954E-12
1270.	0.3029E-12
1318.	0.3102E-12
1368.	0.3172E-12
 
 
H                                                               
E/N (Td)	Inelastic energy loss coefficient (eV m3/s)
0.1000E-02	-0.8548-183
0.1038E-02	-0.8553-183
0.1078E-02	-0.8553-183
0.1119E-02	-0.8553-183
0.1161E-02	-0.8553-183
0.1205E-02	-0.8553-183
0.1251E-02	-0.8553-183
0.1299E-02	-0.8553-183
0.1349E-02	-0.8553-183
0.1400E-02	-0.8553-183
0.1453E-02	-0.8553-183
0.1509E-02	-0.8553-183
0.1566E-02	-0.8553-183
0.1626E-02	-0.8553-183
0.1688E-02	-0.8553-183
0.1752E-02	-0.8553-183
0.1819E-02	-0.8553-183
0.1888E-02	-0.8553-183
0.1960E-02	-0.8553-183
0.2034E-02	-0.8553-183
0.2112E-02	-0.8553-183
0.2192E-02	-0.8553-183
0.2276E-02	-0.8553-183
0.2362E-02	-0.8553-183
0.2452E-02	-0.8553-183
0.2546E-02	-0.8553-183
0.2643E-02	-0.8553-183
0.2743E-02	-0.8553-183
0.2848E-02	-0.8553-183
0.2956E-02	-0.8553-183
0.3069E-02	-0.8553-183
0.3186E-02	-0.8553-183
0.3307E-02	-0.8553-183
0.3433E-02	-0.8553-183
0.3564E-02	-0.8553-183
0.3700E-02	-0.8553-183
0.3841E-02	-0.8553-183
0.3987E-02	-0.8553-183
0.4139E-02	-0.8553-183
0.4296E-02	-0.8553-183
0.4460E-02	-0.8553-183
0.4630E-02	-0.8553-183
0.4806E-02	-0.8553-183
0.4989E-02	-0.8553-183
0.5179E-02	-0.8553-183
0.5377E-02	-0.8553-183
0.5581E-02	-0.8553-183
0.5794E-02	-0.8553-183
0.6015E-02	-0.8553-183
0.6244E-02	-0.8553-183
0.6481E-02	-0.8553-183
0.6728E-02	-0.8553-183
0.6985E-02	-0.8553-183
0.7251E-02	-0.8553-183
0.7527E-02	-0.8553-183
0.7813E-02	-0.8553-183
0.8111E-02	-0.8553-183
0.8420E-02	-0.8553-183
0.8741E-02	-0.8553-183
0.9073E-02	-0.8553-183
0.9419E-02	-0.8553-183
0.9778E-02	-0.8552-183
0.1015E-01	-0.8552-183
0.1054E-01	-0.8552-183
0.1094E-01	-0.8552-183
0.1135E-01	-0.8552-183
0.1179E-01	-0.8552-183
0.1224E-01	-0.8552-183
0.1270E-01	-0.8552-183
0.1319E-01	-0.8552-183
0.1369E-01	-0.8552-183
0.1421E-01	-0.8552-183
0.1475E-01	-0.8552-183
0.1531E-01	-0.8552-183
0.1590E-01	-0.8551-183
0.1650E-01	-0.8551-183
0.1713E-01	-0.8551-183
0.1778E-01	-0.8551-183
0.1846E-01	-0.8551-183
0.1916E-01	-0.8551-183
0.1989E-01	-0.8550-183
0.2065E-01	-0.8550-183
0.2144E-01	-0.8550-183
0.2225E-01	-0.8550-183
0.2310E-01	-0.8549-183
0.2398E-01	-0.8549-183
0.2489E-01	-0.8549-183
0.2584E-01	-0.8549-183
0.2682E-01	-0.8548-183
0.2785E-01	-0.8548-183
0.2891E-01	-0.8547-183
0.3001E-01	-0.8547-183
0.3115E-01	-0.8547-183
0.3234E-01	-0.8546-183
0.3357E-01	-0.8545-183
0.3485E-01	-0.8545-183
0.3617E-01	-0.8544-183
0.3755E-01	-0.8544-183
0.3898E-01	-0.8543-183
0.4047E-01	-0.8542-183
0.4201E-01	-0.8541-183
0.4361E-01	-0.8540-183
0.4527E-01	-0.8539-183
0.4699E-01	-0.8538-183
0.4878E-01	-0.8537-183
0.5064E-01	-0.8536-183
0.5257E-01	-0.8534-183
0.5457E-01	-0.8533-183
0.5665E-01	-0.8531-183
0.5881E-01	-0.8530-183
0.6105E-01	-0.8528-183
0.6337E-01	-0.8526-183
0.6579E-01	-0.8524-183
0.6829E-01	-0.8522-183
0.7089E-01	-0.8519-183
0.7359E-01	-0.8517-183
0.7640E-01	-0.8514-183
0.7931E-01	-0.8511-183
0.8233E-01	-0.8508-183
0.8546E-01	-0.8504-183
0.8872E-01	-0.8500-183
0.9210E-01	-0.8496-183
0.9560E-01	-0.8492-183
0.9924E-01	-0.8487-183
0.1030	-0.8482-183
0.1069	-0.8477-183
0.1110	-0.8471-183
0.1152	-0.8465-183
0.1196	-0.8458-183
0.1242	-0.8451-183
0.1289	-0.8443-183
0.1338	-0.8435-183
0.1389	-0.8421-183
0.1442	-0.8412-183
0.1497	-0.8402-183
0.1554	-0.8391-183
0.1613	-0.8380-183
0.1675	-0.8367-183
0.1739	-0.8354-183
0.1805	-0.8338-183
0.1874	-0.8323-183
0.1945	-0.8307-183
0.2019	-0.8290-183
0.2096	-0.8272-183
0.2176	-0.8252-183
0.2259	-0.8231-183
0.2345	-0.8209-183
0.2434	-0.8186-183
0.2527	-0.8161-183
0.2623	-0.8134-183
0.2723	-0.8106-183
0.2826	-0.8077-183
0.2934	-0.8046-183
0.3046	-0.8013-183
0.3162	-0.7978-183
0.3282	-0.7942-183
0.3407	-0.7904-183
0.3537	-0.7864-183
0.3672	-0.7821-183
0.3812	-0.7777-183
0.3957	-0.7731-183
0.4107	-0.7682-183
0.4264	-0.7632-183
0.4426	-0.7579-183
0.4595	-0.7525-183
0.4770	-0.7468-183
0.4952	-0.7409-183
0.5140	-0.7348-183
0.5336	-0.7285-183
0.5539	-0.7220-183
0.5750	-0.7152-183
0.5969	-0.7083-183
0.6196	-0.7012-183
0.6432	-0.6939-183
0.6677	-0.6865-183
0.6932	-0.6788-183
0.7196	-0.6710-183
0.7470	-0.6631-183
0.7754	-0.6550-183
0.8050	-0.6468-183
0.8356	-0.6384-183
0.8674	-0.6299-183
0.9005	-0.6214-183
0.9348	-0.6127-183
0.9704	-0.6039-183
1.007	-0.5951-183
1.046	-0.5862-183
1.086	-0.5773-183
1.127	-0.5683-183
1.170	-0.5593-183
1.214	-0.5503-183
1.261	-0.5413-183
1.309	-0.5322-183
1.358	-0.5232-183
1.410	-0.5142-183
1.464	-0.5052-183
1.520	-0.4963-183
1.578	-0.4874-183
1.638	-0.4785-183
1.700	-0.4697-183
1.765	-0.4610-183
1.832	-0.4524-183
1.902	-0.4438-183
1.974	-0.4353-183
2.049	-0.4268-183
2.127	-0.4185-183
2.208	-0.4103-183
2.293	-0.4021-183
2.380	-0.3940-183
2.470	-0.3861-183
2.565	-0.3782-183
2.662	-0.3705-183
2.764	-0.3628-183
2.869	-0.3553-183
2.978	-0.3478-183
3.092	-0.3405-183
3.209	-0.3333-183
3.332	-0.3261-183
3.458	-0.3191-183
3.590	-0.3122-183
3.727	-0.3054-183
3.869	-0.2987-183
4.016	-0.2921-183
4.169	-0.2857-183
4.328	-0.2793-183
4.493	-0.2730-183
4.664	-0.2669-183
4.841	-0.2609-183
5.026	-0.2550-183
5.217	-0.2491-183
5.416	-0.2434-183
5.622	-0.2378-183
5.836	-0.2323-183
6.059	-0.2270-183
6.289	-0.2217-183
6.529	-0.2165-183
6.778	-0.2115-183
7.036	-0.2065-183
7.304	-0.2017-183
7.582	-0.1970-183
7.871	-0.1924-183
8.170	0.1336E-23
8.482	0.6587E-23
8.805	0.2915E-22
9.140	0.1245E-21
9.488	0.4541E-21
9.849	0.1513E-20
10.22	0.4626E-20
10.61	0.1304E-19
11.02	0.3432E-19
11.44	0.8341E-19
11.87	0.1894E-18
12.33	0.4038E-18
12.80	0.8105E-18
13.28	0.1538E-17
13.79	0.2768E-17
14.31	0.4741E-17
14.86	0.7754E-17
15.42	0.1215E-16
16.01	0.1831E-16
16.62	0.2650E-16
17.25	0.3728E-16
17.91	0.5092E-16
18.59	0.6771E-16
19.30	0.8794E-16
20.04	0.1118E-15
20.80	0.1396E-15
21.59	0.1718E-15
22.42	0.2080E-15
23.27	0.2486E-15
24.16	0.2939E-15
25.08	0.3440E-15
26.03	0.3994E-15
27.02	0.4602E-15
28.05	0.5257E-15
29.12	0.5983E-15
30.23	0.6774E-15
31.38	0.7634E-15
32.57	0.8570E-15
33.82	0.9585E-15
35.10	0.1069E-14
36.44	0.1189E-14
37.83	0.1318E-14
39.27	0.1458E-14
40.76	0.1609E-14
42.32	0.1772E-14
43.93	0.1950E-14
45.60	0.2141E-14
47.34	0.2347E-14
49.14	0.2570E-14
51.01	0.2811E-14
52.96	0.3070E-14
54.97	0.3350E-14
57.07	0.3652E-14
59.24	0.3978E-14
61.50	0.4330E-14
63.84	0.4710E-14
66.27	0.5120E-14
68.79	0.5562E-14
71.41	0.6038E-14
74.13	0.6551E-14
76.96	0.7104E-14
79.89	0.7689E-14
82.93	0.8330E-14
86.09	0.9021E-14
89.37	0.9766E-14
92.77	0.1058E-13
96.31	0.1144E-13
99.97	0.1237E-13
103.8	0.1337E-13
107.7	0.1445E-13
111.8	0.1563E-13
116.1	0.1687E-13
120.5	0.1822E-13
125.1	0.1965E-13
129.9	0.2120E-13
134.8	0.2286E-13
140.0	0.2466E-13
145.3	0.2658E-13
150.8	0.2864E-13
156.6	0.3086E-13
162.5	0.3319E-13
168.7	0.3574E-13
175.1	0.3846E-13
181.8	0.4143E-13
188.7	0.4456E-13
195.9	0.4790E-13
203.4	0.5148E-13
211.1	0.5529E-13
219.2	0.5936E-13
227.5	0.6368E-13
236.2	0.6829E-13
245.2	0.7316E-13
254.5	0.7836E-13
264.2	0.8388E-13
274.3	0.8978E-13
284.7	0.9596E-13
295.6	0.1024E-12
306.8	0.1093E-12
318.5	0.1166E-12
330.6	0.1242E-12
343.2	0.1322E-12
356.3	0.1406E-12
369.9	0.1493E-12
384.0	0.1584E-12
398.6	0.1679E-12
413.8	0.1778E-12
429.5	0.1880E-12
445.9	0.1988E-12
462.9	0.2098E-12
480.5	0.2211E-12
498.8	0.2327E-12
517.8	0.2448E-12
537.5	0.2572E-12
558.0	0.2698E-12
579.2	0.2826E-12
601.3	0.2956E-12
624.2	0.3090E-12
648.0	0.3225E-12
672.6	0.3363E-12
698.3	0.3502E-12
724.9	0.3642E-12
752.5	0.3783E-12
781.1	0.3926E-12
810.9	0.4070E-12
841.8	0.4213E-12
873.8	0.4356E-12
907.1	0.4499E-12
941.6	0.4641E-12
977.5	0.4782E-12
1015.	0.4922E-12
1053.	0.5058E-12
1094.	0.5194E-12
1135.	0.5329E-12
1178.	0.5461E-12
1223.	0.5589E-12
1270.	0.5715E-12
1318.	0.5837E-12
1368.	0.5956E-12
 
 
