BOLSIG+ version: 03/2016
Collision input data:
--------------------------------------------------
HCl                                                             
collisions.txt
 
 
 
Angular frequency / N (m3/s)               0.000    
Cosine of E-B field angle                  0.000    
Gas temperature (K)                        300.0    
Excitation temperature (K)                 300.0    
Transition energy (eV)                     0.000    
Ionization degree                          0.000    
Plasma density (1/m3)                     0.1000E+19
Ion charge parameter                       1.000    
Ion/neutral mass ratio                     1.000    
e-e momentum effects                       1.000    
Energy sharing                             1.000    
Growth model                               1.000    
Maxwellian mean energy (eV)                0.000    
# of grid points                           200.0    
Precision                                 0.1000E-09
Convergence                               0.1000E-03
Maximum # of iterations                    5000.    
Mole fraction HCl                          1.000    
 
 
E/N (Td)    	Electric field / N (Td)                                         
0.1000E-02	0.1000E-02
0.1038E-02	0.1038E-02
0.1078E-02	0.1078E-02
0.1119E-02	0.1119E-02
0.1161E-02	0.1161E-02
0.1205E-02	0.1205E-02
0.1251E-02	0.1251E-02
0.1299E-02	0.1299E-02
0.1349E-02	0.1349E-02
0.1400E-02	0.1400E-02
0.1453E-02	0.1453E-02
0.1509E-02	0.1509E-02
0.1566E-02	0.1566E-02
0.1626E-02	0.1626E-02
0.1688E-02	0.1688E-02
0.1752E-02	0.1752E-02
0.1819E-02	0.1819E-02
0.1888E-02	0.1888E-02
0.1960E-02	0.1960E-02
0.2034E-02	0.2034E-02
0.2112E-02	0.2112E-02
0.2192E-02	0.2192E-02
0.2276E-02	0.2276E-02
0.2362E-02	0.2362E-02
0.2452E-02	0.2452E-02
0.2546E-02	0.2546E-02
0.2643E-02	0.2643E-02
0.2743E-02	0.2743E-02
0.2848E-02	0.2848E-02
0.2956E-02	0.2956E-02
0.3069E-02	0.3069E-02
0.3186E-02	0.3186E-02
0.3307E-02	0.3307E-02
0.3433E-02	0.3433E-02
0.3564E-02	0.3564E-02
0.3700E-02	0.3700E-02
0.3841E-02	0.3841E-02
0.3987E-02	0.3987E-02
0.4139E-02	0.4139E-02
0.4296E-02	0.4296E-02
0.4460E-02	0.4460E-02
0.4630E-02	0.4630E-02
0.4806E-02	0.4806E-02
0.4989E-02	0.4989E-02
0.5179E-02	0.5179E-02
0.5377E-02	0.5377E-02
0.5581E-02	0.5581E-02
0.5794E-02	0.5794E-02
0.6015E-02	0.6015E-02
0.6244E-02	0.6244E-02
0.6481E-02	0.6481E-02
0.6728E-02	0.6728E-02
0.6985E-02	0.6985E-02
0.7251E-02	0.7251E-02
0.7527E-02	0.7527E-02
0.7813E-02	0.7813E-02
0.8111E-02	0.8111E-02
0.8420E-02	0.8420E-02
0.8741E-02	0.8741E-02
0.9073E-02	0.9073E-02
0.9419E-02	0.9419E-02
0.9778E-02	0.9778E-02
0.1015E-01	0.1015E-01
0.1054E-01	0.1054E-01
0.1094E-01	0.1094E-01
0.1135E-01	0.1135E-01
0.1179E-01	0.1179E-01
0.1224E-01	0.1224E-01
0.1270E-01	0.1270E-01
0.1319E-01	0.1319E-01
0.1369E-01	0.1369E-01
0.1421E-01	0.1421E-01
0.1475E-01	0.1475E-01
0.1531E-01	0.1531E-01
0.1590E-01	0.1590E-01
0.1650E-01	0.1650E-01
0.1713E-01	0.1713E-01
0.1778E-01	0.1778E-01
0.1846E-01	0.1846E-01
0.1916E-01	0.1916E-01
0.1989E-01	0.1989E-01
0.2065E-01	0.2065E-01
0.2144E-01	0.2144E-01
0.2225E-01	0.2225E-01
0.2310E-01	0.2310E-01
0.2398E-01	0.2398E-01
0.2489E-01	0.2489E-01
0.2584E-01	0.2584E-01
0.2682E-01	0.2682E-01
0.2785E-01	0.2785E-01
0.2891E-01	0.2891E-01
0.3001E-01	0.3001E-01
0.3115E-01	0.3115E-01
0.3234E-01	0.3234E-01
0.3357E-01	0.3357E-01
0.3485E-01	0.3485E-01
0.3617E-01	0.3617E-01
0.3755E-01	0.3755E-01
0.3898E-01	0.3898E-01
0.4047E-01	0.4047E-01
0.4201E-01	0.4201E-01
0.4361E-01	0.4361E-01
0.4527E-01	0.4527E-01
0.4699E-01	0.4699E-01
0.4878E-01	0.4878E-01
0.5064E-01	0.5064E-01
0.5257E-01	0.5257E-01
0.5457E-01	0.5457E-01
0.5665E-01	0.5665E-01
0.5881E-01	0.5881E-01
0.6105E-01	0.6105E-01
0.6337E-01	0.6337E-01
0.6579E-01	0.6579E-01
0.6829E-01	0.6829E-01
0.7089E-01	0.7089E-01
0.7359E-01	0.7359E-01
0.7640E-01	0.7640E-01
0.7931E-01	0.7931E-01
0.8233E-01	0.8233E-01
0.8546E-01	0.8546E-01
0.8872E-01	0.8872E-01
0.9210E-01	0.9210E-01
0.9560E-01	0.9560E-01
0.9924E-01	0.9924E-01
0.1030	0.1030
0.1069	0.1069
0.1110	0.1110
0.1152	0.1152
0.1196	0.1196
0.1242	0.1242
0.1289	0.1289
0.1338	0.1338
0.1389	0.1389
0.1442	0.1442
0.1497	0.1497
0.1554	0.1554
0.1613	0.1613
0.1675	0.1675
0.1739	0.1739
0.1805	0.1805
0.1874	0.1874
0.1945	0.1945
0.2019	0.2019
0.2096	0.2096
0.2176	0.2176
0.2259	0.2259
0.2345	0.2345
0.2434	0.2434
0.2527	0.2527
0.2623	0.2623
0.2723	0.2723
0.2826	0.2826
0.2934	0.2934
0.3046	0.3046
0.3162	0.3162
0.3282	0.3282
0.3407	0.3407
0.3537	0.3537
0.3672	0.3672
0.3812	0.3812
0.3957	0.3957
0.4107	0.4107
0.4264	0.4264
0.4426	0.4426
0.4595	0.4595
0.4770	0.4770
0.4952	0.4952
0.5140	0.5140
0.5336	0.5336
0.5539	0.5539
0.5750	0.5750
0.5969	0.5969
0.6196	0.6196
0.6432	0.6432
0.6677	0.6677
0.6932	0.6932
0.7196	0.7196
0.7470	0.7470
0.7754	0.7754
0.8050	0.8050
0.8356	0.8356
0.8674	0.8674
0.9005	0.9005
0.9348	0.9348
0.9704	0.9704
1.007	1.007
1.046	1.046
1.086	1.086
1.127	1.127
1.170	1.170
1.214	1.214
1.261	1.261
1.309	1.309
1.358	1.358
1.410	1.410
1.464	1.464
1.520	1.520
1.578	1.578
1.638	1.638
1.700	1.700
1.765	1.765
1.832	1.832
1.902	1.902
1.974	1.974
2.049	2.049
2.127	2.127
2.208	2.208
2.293	2.293
2.380	2.380
2.470	2.470
2.565	2.565
2.662	2.662
2.764	2.764
2.869	2.869
2.978	2.978
3.092	3.092
3.209	3.209
3.332	3.332
3.458	3.458
3.590	3.590
3.727	3.727
3.869	3.869
4.016	4.016
4.169	4.169
4.328	4.328
4.493	4.493
4.664	4.664
4.841	4.841
5.026	5.026
5.217	5.217
5.416	5.416
5.622	5.622
5.836	5.836
6.059	6.059
6.289	6.289
6.529	6.529
6.778	6.778
7.036	7.036
7.304	7.304
7.582	7.582
7.871	7.871
8.170	8.170
8.482	8.482
8.805	8.805
9.140	9.140
9.488	9.488
9.849	9.849
10.22	10.22
10.61	10.61
11.02	11.02
11.44	11.44
11.87	11.87
12.33	12.33
12.80	12.80
13.28	13.28
13.79	13.79
14.31	14.31
14.86	14.86
15.42	15.42
16.01	16.01
16.62	16.62
17.25	17.25
17.91	17.91
18.59	18.59
19.30	19.30
20.04	20.04
20.80	20.80
21.59	21.59
22.42	22.42
23.27	23.27
24.16	24.16
25.08	25.08
26.03	26.03
27.02	27.02
28.05	28.05
29.12	29.12
30.23	30.23
31.38	31.38
32.57	32.57
33.82	33.82
35.10	35.10
36.44	36.44
37.83	37.83
39.27	39.27
40.76	40.76
42.32	42.32
43.93	43.93
45.60	45.60
47.34	47.34
49.14	49.14
51.01	51.01
52.96	52.96
54.97	54.97
57.07	57.07
59.24	59.24
61.50	61.50
63.84	63.84
66.27	66.27
68.79	68.79
71.41	71.41
74.13	74.13
76.96	76.96
79.89	79.89
82.93	82.93
86.09	86.09
89.37	89.37
92.77	92.77
96.31	96.31
99.97	99.97
103.8	103.8
107.7	107.7
111.8	111.8
116.1	116.1
120.5	120.5
125.1	125.1
129.9	129.9
134.8	134.8
140.0	140.0
145.3	145.3
150.8	150.8
156.6	156.6
162.5	162.5
168.7	168.7
175.1	175.1
181.8	181.8
188.7	188.7
195.9	195.9
203.4	203.4
211.1	211.1
219.2	219.2
227.5	227.5
236.2	236.2
245.2	245.2
254.5	254.5
264.2	264.2
274.3	274.3
284.7	284.7
295.6	295.6
306.8	306.8
318.5	318.5
330.6	330.6
343.2	343.2
356.3	356.3
369.9	369.9
384.0	384.0
398.6	398.6
413.8	413.8
429.5	429.5
445.9	445.9
462.9	462.9
480.5	480.5
498.8	498.8
517.8	517.8
537.5	537.5
558.0	558.0
579.2	579.2
601.3	601.3
624.2	624.2
648.0	648.0
672.6	672.6
698.3	698.3
724.9	724.9
752.5	752.5
781.1	781.1
810.9	810.9
841.8	841.8
873.8	873.8
907.1	907.1
941.6	941.6
977.5	977.5
1015.	1015.
1053.	1053.
1094.	1094.
1135.	1135.
1178.	1178.
1223.	1223.
1270.	1270.
1318.	1318.
1368.	1368.
1421.	1421.
1475.	1475.
1531.	1531.
1589.	1589.
1650.	1650.
1712.	1712.
1778.	1778.
1845.	1845.
1916.	1916.
1989.	1989.
2064.	2064.
2143.	2143.
2225.	2225.
2309.	2309.
2397.	2397.
2489.	2489.
2583.	2583.
2682.	2682.
2784.	2784.
2890.	2890.
3000.	3000.
 
 
E/N (Td)    	Grid type                                                       
0.1000E-02	2.000
0.1038E-02	3.000
0.1078E-02	3.000
0.1119E-02	3.000
0.1161E-02	3.000
0.1205E-02	3.000
0.1251E-02	3.000
0.1299E-02	3.000
0.1349E-02	3.000
0.1400E-02	3.000
0.1453E-02	3.000
0.1509E-02	3.000
0.1566E-02	3.000
0.1626E-02	3.000
0.1688E-02	3.000
0.1752E-02	3.000
0.1819E-02	3.000
0.1888E-02	3.000
0.1960E-02	3.000
0.2034E-02	3.000
0.2112E-02	3.000
0.2192E-02	3.000
0.2276E-02	3.000
0.2362E-02	3.000
0.2452E-02	3.000
0.2546E-02	3.000
0.2643E-02	3.000
0.2743E-02	3.000
0.2848E-02	3.000
0.2956E-02	3.000
0.3069E-02	3.000
0.3186E-02	3.000
0.3307E-02	3.000
0.3433E-02	3.000
0.3564E-02	3.000
0.3700E-02	3.000
0.3841E-02	3.000
0.3987E-02	3.000
0.4139E-02	3.000
0.4296E-02	3.000
0.4460E-02	3.000
0.4630E-02	3.000
0.4806E-02	3.000
0.4989E-02	3.000
0.5179E-02	3.000
0.5377E-02	3.000
0.5581E-02	3.000
0.5794E-02	3.000
0.6015E-02	3.000
0.6244E-02	3.000
0.6481E-02	3.000
0.6728E-02	3.000
0.6985E-02	3.000
0.7251E-02	3.000
0.7527E-02	3.000
0.7813E-02	3.000
0.8111E-02	3.000
0.8420E-02	3.000
0.8741E-02	3.000
0.9073E-02	3.000
0.9419E-02	3.000
0.9778E-02	3.000
0.1015E-01	3.000
0.1054E-01	3.000
0.1094E-01	3.000
0.1135E-01	3.000
0.1179E-01	3.000
0.1224E-01	3.000
0.1270E-01	3.000
0.1319E-01	3.000
0.1369E-01	3.000
0.1421E-01	3.000
0.1475E-01	3.000
0.1531E-01	3.000
0.1590E-01	3.000
0.1650E-01	3.000
0.1713E-01	3.000
0.1778E-01	3.000
0.1846E-01	3.000
0.1916E-01	3.000
0.1989E-01	3.000
0.2065E-01	3.000
0.2144E-01	3.000
0.2225E-01	3.000
0.2310E-01	3.000
0.2398E-01	3.000
0.2489E-01	3.000
0.2584E-01	3.000
0.2682E-01	3.000
0.2785E-01	3.000
0.2891E-01	3.000
0.3001E-01	3.000
0.3115E-01	3.000
0.3234E-01	3.000
0.3357E-01	3.000
0.3485E-01	3.000
0.3617E-01	3.000
0.3755E-01	3.000
0.3898E-01	3.000
0.4047E-01	3.000
0.4201E-01	3.000
0.4361E-01	3.000
0.4527E-01	3.000
0.4699E-01	3.000
0.4878E-01	3.000
0.5064E-01	3.000
0.5257E-01	3.000
0.5457E-01	3.000
0.5665E-01	3.000
0.5881E-01	3.000
0.6105E-01	3.000
0.6337E-01	3.000
0.6579E-01	3.000
0.6829E-01	3.000
0.7089E-01	3.000
0.7359E-01	3.000
0.7640E-01	3.000
0.7931E-01	3.000
0.8233E-01	3.000
0.8546E-01	3.000
0.8872E-01	3.000
0.9210E-01	3.000
0.9560E-01	3.000
0.9924E-01	3.000
0.1030	3.000
0.1069	3.000
0.1110	3.000
0.1152	3.000
0.1196	3.000
0.1242	3.000
0.1289	3.000
0.1338	3.000
0.1389	3.000
0.1442	3.000
0.1497	3.000
0.1554	3.000
0.1613	3.000
0.1675	3.000
0.1739	3.000
0.1805	3.000
0.1874	3.000
0.1945	3.000
0.2019	3.000
0.2096	3.000
0.2176	3.000
0.2259	3.000
0.2345	3.000
0.2434	3.000
0.2527	3.000
0.2623	3.000
0.2723	3.000
0.2826	3.000
0.2934	3.000
0.3046	3.000
0.3162	3.000
0.3282	3.000
0.3407	3.000
0.3537	3.000
0.3672	3.000
0.3812	3.000
0.3957	3.000
0.4107	3.000
0.4264	3.000
0.4426	3.000
0.4595	3.000
0.4770	3.000
0.4952	3.000
0.5140	3.000
0.5336	3.000
0.5539	3.000
0.5750	3.000
0.5969	3.000
0.6196	3.000
0.6432	3.000
0.6677	3.000
0.6932	3.000
0.7196	3.000
0.7470	3.000
0.7754	3.000
0.8050	3.000
0.8356	3.000
0.8674	3.000
0.9005	3.000
0.9348	3.000
0.9704	3.000
1.007	3.000
1.046	3.000
1.086	3.000
1.127	3.000
1.170	3.000
1.214	3.000
1.261	3.000
1.309	3.000
1.358	3.000
1.410	3.000
1.464	3.000
1.520	3.000
1.578	3.000
1.638	3.000
1.700	3.000
1.765	3.000
1.832	3.000
1.902	3.000
1.974	3.000
2.049	3.000
2.127	3.000
2.208	3.000
2.293	3.000
2.380	3.000
2.470	3.000
2.565	3.000
2.662	3.000
2.764	3.000
2.869	3.000
2.978	3.000
3.092	3.000
3.209	3.000
3.332	3.000
3.458	3.000
3.590	3.000
3.727	3.000
3.869	3.000
4.016	3.000
4.169	3.000
4.328	3.000
4.493	3.000
4.664	3.000
4.841	3.000
5.026	3.000
5.217	3.000
5.416	3.000
5.622	3.000
5.836	3.000
6.059	3.000
6.289	3.000
6.529	3.000
6.778	3.000
7.036	3.000
7.304	3.000
7.582	3.000
7.871	3.000
8.170	3.000
8.482	3.000
8.805	3.000
9.140	3.000
9.488	3.000
9.849	3.000
10.22	3.000
10.61	3.000
11.02	3.000
11.44	3.000
11.87	3.000
12.33	3.000
12.80	3.000
13.28	3.000
13.79	3.000
14.31	3.000
14.86	3.000
15.42	3.000
16.01	3.000
16.62	3.000
17.25	3.000
17.91	3.000
18.59	3.000
19.30	3.000
20.04	3.000
20.80	3.000
21.59	3.000
22.42	3.000
23.27	3.000
24.16	3.000
25.08	3.000
26.03	3.000
27.02	3.000
28.05	3.000
29.12	3.000
30.23	3.000
31.38	3.000
32.57	3.000
33.82	3.000
35.10	3.000
36.44	3.000
37.83	3.000
39.27	3.000
40.76	3.000
42.32	3.000
43.93	3.000
45.60	3.000
47.34	3.000
49.14	3.000
51.01	3.000
52.96	3.000
54.97	3.000
57.07	3.000
59.24	3.000
61.50	3.000
63.84	3.000
66.27	3.000
68.79	3.000
71.41	3.000
74.13	3.000
76.96	3.000
79.89	3.000
82.93	3.000
86.09	3.000
89.37	3.000
92.77	3.000
96.31	3.000
99.97	3.000
103.8	3.000
107.7	3.000
111.8	3.000
116.1	3.000
120.5	3.000
125.1	3.000
129.9	3.000
134.8	3.000
140.0	3.000
145.3	3.000
150.8	3.000
156.6	3.000
162.5	3.000
168.7	3.000
175.1	3.000
181.8	3.000
188.7	3.000
195.9	3.000
203.4	3.000
211.1	3.000
219.2	3.000
227.5	3.000
236.2	3.000
245.2	3.000
254.5	3.000
264.2	3.000
274.3	3.000
284.7	3.000
295.6	3.000
306.8	3.000
318.5	3.000
330.6	3.000
343.2	3.000
356.3	3.000
369.9	3.000
384.0	3.000
398.6	3.000
413.8	3.000
429.5	3.000
445.9	3.000
462.9	3.000
480.5	3.000
498.8	3.000
517.8	3.000
537.5	3.000
558.0	3.000
579.2	3.000
601.3	3.000
624.2	3.000
648.0	3.000
672.6	3.000
698.3	3.000
724.9	3.000
752.5	3.000
781.1	3.000
810.9	3.000
841.8	3.000
873.8	3.000
907.1	3.000
941.6	3.000
977.5	3.000
1015.	3.000
1053.	3.000
1094.	3.000
1135.	3.000
1178.	3.000
1223.	3.000
1270.	3.000
1318.	3.000
1368.	3.000
1421.	3.000
1475.	3.000
1531.	3.000
1589.	3.000
1650.	3.000
1712.	3.000
1778.	3.000
1845.	3.000
1916.	3.000
1989.	3.000
2064.	3.000
2143.	3.000
2225.	3.000
2309.	3.000
2397.	3.000
2489.	3.000
2583.	3.000
2682.	3.000
2784.	3.000
2890.	3.000
3000.	3.000
 
 
E/N (Td)    	Maximum energy                                                  
0.1000E-02	2000.
0.1038E-02	0.7500
0.1078E-02	0.7500
0.1119E-02	0.7500
0.1161E-02	0.7500
0.1205E-02	0.7500
0.1251E-02	0.7500
0.1299E-02	0.7500
0.1349E-02	0.7500
0.1400E-02	0.7500
0.1453E-02	0.7500
0.1509E-02	0.7500
0.1566E-02	0.7500
0.1626E-02	0.7500
0.1688E-02	0.7500
0.1752E-02	0.7500
0.1819E-02	0.7500
0.1888E-02	0.7500
0.1960E-02	0.7500
0.2034E-02	0.7500
0.2112E-02	0.7500
0.2192E-02	0.7500
0.2276E-02	0.7500
0.2362E-02	0.7500
0.2452E-02	0.7500
0.2546E-02	0.7500
0.2643E-02	0.7500
0.2743E-02	0.7500
0.2848E-02	0.7500
0.2956E-02	0.7500
0.3069E-02	0.7500
0.3186E-02	0.7500
0.3307E-02	0.7500
0.3433E-02	0.7500
0.3564E-02	0.7500
0.3700E-02	0.7500
0.3841E-02	0.7500
0.3987E-02	0.7500
0.4139E-02	0.7500
0.4296E-02	0.7500
0.4460E-02	0.7500
0.4630E-02	0.7500
0.4806E-02	0.7500
0.4989E-02	0.7500
0.5179E-02	0.7500
0.5377E-02	0.7500
0.5581E-02	0.7500
0.5794E-02	0.7500
0.6015E-02	0.7500
0.6244E-02	0.7500
0.6481E-02	0.7500
0.6728E-02	0.7500
0.6985E-02	0.7500
0.7251E-02	0.7500
0.7527E-02	0.7500
0.7813E-02	0.7500
0.8111E-02	0.7500
0.8420E-02	0.7500
0.8741E-02	0.7500
0.9073E-02	0.7500
0.9419E-02	0.7500
0.9778E-02	0.7500
0.1015E-01	0.7500
0.1054E-01	0.7500
0.1094E-01	0.7500
0.1135E-01	0.7500
0.1179E-01	0.7500
0.1224E-01	0.7500
0.1270E-01	0.7500
0.1319E-01	0.7500
0.1369E-01	0.7500
0.1421E-01	0.7500
0.1475E-01	0.7500
0.1531E-01	0.7500
0.1590E-01	0.7500
0.1650E-01	0.7500
0.1713E-01	0.7500
0.1778E-01	0.7500
0.1846E-01	0.7500
0.1916E-01	0.7500
0.1989E-01	0.7500
0.2065E-01	0.7500
0.2144E-01	0.7500
0.2225E-01	0.7500
0.2310E-01	0.7500
0.2398E-01	0.7500
0.2489E-01	0.7500
0.2584E-01	0.7500
0.2682E-01	0.7500
0.2785E-01	0.7500
0.2891E-01	0.7500
0.3001E-01	0.7500
0.3115E-01	0.7500
0.3234E-01	0.7500
0.3357E-01	0.7500
0.3485E-01	0.7500
0.3617E-01	0.7500
0.3755E-01	0.7500
0.3898E-01	0.7500
0.4047E-01	0.7500
0.4201E-01	0.7500
0.4361E-01	0.7500
0.4527E-01	0.7500
0.4699E-01	0.7500
0.4878E-01	0.7500
0.5064E-01	0.7500
0.5257E-01	0.7500
0.5457E-01	0.7500
0.5665E-01	0.7500
0.5881E-01	0.7500
0.6105E-01	0.7500
0.6337E-01	0.7500
0.6579E-01	0.7500
0.6829E-01	0.7500
0.7089E-01	0.7500
0.7359E-01	0.7500
0.7640E-01	0.7500
0.7931E-01	0.7500
0.8233E-01	0.7500
0.8546E-01	0.7500
0.8872E-01	0.7500
0.9210E-01	0.7500
0.9560E-01	0.7500
0.9924E-01	0.7500
0.1030	0.7500
0.1069	0.7500
0.1110	0.7500
0.1152	0.7500
0.1196	0.7500
0.1242	0.7500
0.1289	0.7500
0.1338	0.7500
0.1389	0.7500
0.1442	0.7500
0.1497	0.7500
0.1554	0.7500
0.1613	0.7500
0.1675	0.7500
0.1739	0.7500
0.1805	0.7500
0.1874	0.7500
0.1945	0.7500
0.2019	0.7500
0.2096	0.7500
0.2176	0.7500
0.2259	0.7500
0.2345	0.7500
0.2434	0.7500
0.2527	0.7500
0.2623	0.7500
0.2723	0.7500
0.2826	0.7500
0.2934	0.7500
0.3046	0.7500
0.3162	0.7500
0.3282	0.7500
0.3407	0.7500
0.3537	0.7500
0.3672	0.7500
0.3812	0.7500
0.3957	0.7500
0.4107	0.7500
0.4264	0.7500
0.4426	0.7500
0.4595	0.7500
0.4770	0.7500
0.4952	0.7500
0.5140	0.7500
0.5336	0.7500
0.5539	0.7500
0.5750	0.7500
0.5969	0.7500
0.6196	0.7500
0.6432	0.7500
0.6677	0.7500
0.6932	0.7500
0.7196	0.7500
0.7470	0.7500
0.7754	0.7500
0.8050	0.7500
0.8356	0.7500
0.8674	0.7500
0.9005	0.7500
0.9348	0.7500
0.9704	0.7500
1.007	0.7500
1.046	0.7500
1.086	0.7500
1.127	0.7500
1.170	0.7500
1.214	0.7500
1.261	0.7500
1.309	0.7500
1.358	0.7500
1.410	0.7500
1.464	0.7500
1.520	0.7500
1.578	0.7500
1.638	0.7500
1.700	0.7500
1.765	0.7500
1.832	0.7500
1.902	0.7500
1.974	0.7500
2.049	0.7500
2.127	0.7500
2.208	0.8933
2.293	0.8933
2.380	0.8933
2.470	0.8933
2.565	0.8933
2.662	0.8933
2.764	0.8933
2.869	0.8933
2.978	0.8933
3.092	0.8933
3.209	0.8933
3.332	0.8933
3.458	0.8933
3.590	0.8933
3.727	0.8933
3.869	0.8933
4.016	0.8933
4.169	0.8933
4.328	0.8933
4.493	0.8933
4.664	0.8933
4.841	0.8933
5.026	0.8933
5.217	0.8933
5.416	1.064
5.622	1.064
5.836	1.064
6.059	1.064
6.289	1.064
6.529	1.064
6.778	1.064
7.036	1.064
7.304	1.064
7.582	1.267
7.871	1.267
8.170	1.267
8.482	1.267
8.805	1.509
9.140	1.509
9.488	1.509
9.849	1.797
10.22	1.797
10.61	1.797
11.02	2.141
11.44	2.141
11.87	2.141
12.33	2.141
12.80	2.549
13.28	2.549
13.79	2.549
14.31	2.549
14.86	3.036
15.42	3.036
16.01	3.036
16.62	3.036
17.25	3.616
17.91	3.616
18.59	3.616
19.30	3.616
20.04	4.307
20.80	4.307
21.59	4.307
22.42	5.130
23.27	5.130
24.16	5.130
25.08	6.109
26.03	7.276
27.02	7.276
28.05	7.276
29.12	8.666
30.23	8.666
31.38	8.666
32.57	10.32
33.82	10.32
35.10	10.32
36.44	12.29
37.83	12.29
39.27	12.29
40.76	12.29
42.32	14.62
43.93	14.62
45.60	14.62
47.34	14.62
49.14	14.62
51.01	17.37
52.96	17.37
54.97	17.37
57.07	17.37
59.24	17.37
61.50	20.62
63.84	20.62
66.27	20.62
68.79	20.62
71.41	20.62
74.13	20.62
76.96	24.46
79.89	24.46
82.93	24.46
86.09	24.46
89.37	24.46
92.77	24.46
96.31	29.01
99.97	29.01
103.8	29.01
107.7	29.01
111.8	29.01
116.1	29.01
120.5	34.38
125.1	34.38
129.9	34.38
134.8	34.38
140.0	34.38
145.3	34.38
150.8	34.38
156.6	40.72
162.5	40.72
168.7	40.72
175.1	40.72
181.8	40.72
188.7	40.72
195.9	48.23
203.4	48.23
211.1	48.23
219.2	48.23
227.5	48.23
236.2	48.23
245.2	57.10
254.5	57.10
264.2	57.10
274.3	57.10
284.7	57.10
295.6	67.58
306.8	67.58
318.5	67.58
330.6	67.58
343.2	67.58
356.3	79.98
369.9	79.98
384.0	79.98
398.6	79.98
413.8	79.98
429.5	94.63
445.9	94.63
462.9	94.63
480.5	94.63
498.8	94.63
517.8	111.9
537.5	111.9
558.0	111.9
579.2	111.9
601.3	111.9
624.2	132.4
648.0	132.4
672.6	132.4
698.3	132.4
724.9	156.6
752.5	156.6
781.1	156.6
810.9	156.6
841.8	156.6
873.8	185.2
907.1	185.2
941.6	185.2
977.5	185.2
1015.	219.0
1053.	219.0
1094.	219.0
1135.	259.0
1178.	259.0
1223.	259.0
1270.	259.0
1318.	306.3
1368.	306.3
1421.	306.3
1475.	306.3
1531.	362.1
1589.	362.1
1650.	362.1
1712.	428.1
1778.	428.1
1845.	428.1
1916.	428.1
1989.	506.2
2064.	506.2
2143.	506.2
2225.	598.4
2309.	598.4
2397.	598.4
2489.	707.5
2583.	707.5
2682.	707.5
2784.	836.4
2890.	836.4
3000.	836.4
 
 
E/N (Td)	Mean energy (eV)
0.1000E-02	0.3877E-01
0.1038E-02	0.3878E-01
0.1078E-02	0.3878E-01
0.1119E-02	0.3878E-01
0.1161E-02	0.3878E-01
0.1205E-02	0.3878E-01
0.1251E-02	0.3878E-01
0.1299E-02	0.3878E-01
0.1349E-02	0.3878E-01
0.1400E-02	0.3878E-01
0.1453E-02	0.3878E-01
0.1509E-02	0.3878E-01
0.1566E-02	0.3878E-01
0.1626E-02	0.3878E-01
0.1688E-02	0.3878E-01
0.1752E-02	0.3878E-01
0.1819E-02	0.3878E-01
0.1888E-02	0.3878E-01
0.1960E-02	0.3878E-01
0.2034E-02	0.3878E-01
0.2112E-02	0.3878E-01
0.2192E-02	0.3878E-01
0.2276E-02	0.3878E-01
0.2362E-02	0.3878E-01
0.2452E-02	0.3878E-01
0.2546E-02	0.3878E-01
0.2643E-02	0.3878E-01
0.2743E-02	0.3878E-01
0.2848E-02	0.3878E-01
0.2956E-02	0.3878E-01
0.3069E-02	0.3878E-01
0.3186E-02	0.3878E-01
0.3307E-02	0.3878E-01
0.3433E-02	0.3878E-01
0.3564E-02	0.3878E-01
0.3700E-02	0.3878E-01
0.3841E-02	0.3878E-01
0.3987E-02	0.3878E-01
0.4139E-02	0.3878E-01
0.4296E-02	0.3878E-01
0.4460E-02	0.3878E-01
0.4630E-02	0.3878E-01
0.4806E-02	0.3878E-01
0.4989E-02	0.3878E-01
0.5179E-02	0.3878E-01
0.5377E-02	0.3878E-01
0.5581E-02	0.3878E-01
0.5794E-02	0.3878E-01
0.6015E-02	0.3878E-01
0.6244E-02	0.3878E-01
0.6481E-02	0.3878E-01
0.6728E-02	0.3878E-01
0.6985E-02	0.3878E-01
0.7251E-02	0.3878E-01
0.7527E-02	0.3878E-01
0.7813E-02	0.3878E-01
0.8111E-02	0.3878E-01
0.8420E-02	0.3878E-01
0.8741E-02	0.3878E-01
0.9073E-02	0.3878E-01
0.9419E-02	0.3878E-01
0.9778E-02	0.3878E-01
0.1015E-01	0.3878E-01
0.1054E-01	0.3878E-01
0.1094E-01	0.3878E-01
0.1135E-01	0.3878E-01
0.1179E-01	0.3878E-01
0.1224E-01	0.3878E-01
0.1270E-01	0.3878E-01
0.1319E-01	0.3878E-01
0.1369E-01	0.3878E-01
0.1421E-01	0.3878E-01
0.1475E-01	0.3878E-01
0.1531E-01	0.3878E-01
0.1590E-01	0.3878E-01
0.1650E-01	0.3878E-01
0.1713E-01	0.3878E-01
0.1778E-01	0.3878E-01
0.1846E-01	0.3878E-01
0.1916E-01	0.3878E-01
0.1989E-01	0.3878E-01
0.2065E-01	0.3878E-01
0.2144E-01	0.3878E-01
0.2225E-01	0.3878E-01
0.2310E-01	0.3878E-01
0.2398E-01	0.3878E-01
0.2489E-01	0.3878E-01
0.2584E-01	0.3878E-01
0.2682E-01	0.3878E-01
0.2785E-01	0.3878E-01
0.2891E-01	0.3879E-01
0.3001E-01	0.3879E-01
0.3115E-01	0.3879E-01
0.3234E-01	0.3879E-01
0.3357E-01	0.3879E-01
0.3485E-01	0.3879E-01
0.3617E-01	0.3879E-01
0.3755E-01	0.3879E-01
0.3898E-01	0.3879E-01
0.4047E-01	0.3879E-01
0.4201E-01	0.3879E-01
0.4361E-01	0.3879E-01
0.4527E-01	0.3879E-01
0.4699E-01	0.3880E-01
0.4878E-01	0.3880E-01
0.5064E-01	0.3880E-01
0.5257E-01	0.3880E-01
0.5457E-01	0.3880E-01
0.5665E-01	0.3880E-01
0.5881E-01	0.3881E-01
0.6105E-01	0.3881E-01
0.6337E-01	0.3881E-01
0.6579E-01	0.3881E-01
0.6829E-01	0.3882E-01
0.7089E-01	0.3882E-01
0.7359E-01	0.3882E-01
0.7640E-01	0.3882E-01
0.7931E-01	0.3883E-01
0.8233E-01	0.3883E-01
0.8546E-01	0.3884E-01
0.8872E-01	0.3884E-01
0.9210E-01	0.3885E-01
0.9560E-01	0.3885E-01
0.9924E-01	0.3886E-01
0.1030	0.3886E-01
0.1069	0.3887E-01
0.1110	0.3888E-01
0.1152	0.3888E-01
0.1196	0.3889E-01
0.1242	0.3890E-01
0.1289	0.3891E-01
0.1338	0.3892E-01
0.1389	0.3893E-01
0.1442	0.3894E-01
0.1497	0.3896E-01
0.1554	0.3897E-01
0.1613	0.3898E-01
0.1675	0.3900E-01
0.1739	0.3902E-01
0.1805	0.3904E-01
0.1874	0.3906E-01
0.1945	0.3908E-01
0.2019	0.3910E-01
0.2096	0.3913E-01
0.2176	0.3915E-01
0.2259	0.3918E-01
0.2345	0.3922E-01
0.2434	0.3925E-01
0.2527	0.3929E-01
0.2623	0.3933E-01
0.2723	0.3937E-01
0.2826	0.3942E-01
0.2934	0.3947E-01
0.3046	0.3952E-01
0.3162	0.3958E-01
0.3282	0.3964E-01
0.3407	0.3971E-01
0.3537	0.3978E-01
0.3672	0.3986E-01
0.3812	0.3995E-01
0.3957	0.4004E-01
0.4107	0.4015E-01
0.4264	0.4025E-01
0.4426	0.4037E-01
0.4595	0.4050E-01
0.4770	0.4064E-01
0.4952	0.4079E-01
0.5140	0.4095E-01
0.5336	0.4112E-01
0.5539	0.4131E-01
0.5750	0.4151E-01
0.5969	0.4173E-01
0.6196	0.4197E-01
0.6432	0.4223E-01
0.6677	0.4250E-01
0.6932	0.4280E-01
0.7196	0.4312E-01
0.7470	0.4347E-01
0.7754	0.4384E-01
0.8050	0.4424E-01
0.8356	0.4467E-01
0.8674	0.4512E-01
0.9005	0.4561E-01
0.9348	0.4614E-01
0.9704	0.4669E-01
1.007	0.4728E-01
1.046	0.4791E-01
1.086	0.4857E-01
1.127	0.4927E-01
1.170	0.5000E-01
1.214	0.5077E-01
1.261	0.5157E-01
1.309	0.5240E-01
1.358	0.5326E-01
1.410	0.5415E-01
1.464	0.5506E-01
1.520	0.5599E-01
1.578	0.5694E-01
1.638	0.5790E-01
1.700	0.5887E-01
1.765	0.5984E-01
1.832	0.6082E-01
1.902	0.6180E-01
1.974	0.6277E-01
2.049	0.6373E-01
2.127	0.6468E-01
2.208	0.6562E-01
2.293	0.6654E-01
2.380	0.6745E-01
2.470	0.6834E-01
2.565	0.6922E-01
2.662	0.7007E-01
2.764	0.7091E-01
2.869	0.7174E-01
2.978	0.7254E-01
3.092	0.7333E-01
3.209	0.7411E-01
3.332	0.7488E-01
3.458	0.7563E-01
3.590	0.7637E-01
3.727	0.7711E-01
3.869	0.7783E-01
4.016	0.7855E-01
4.169	0.7926E-01
4.328	0.7997E-01
4.493	0.8068E-01
4.664	0.8138E-01
4.841	0.8208E-01
5.026	0.8278E-01
5.217	0.8347E-01
5.416	0.8416E-01
5.622	0.8486E-01
5.836	0.8556E-01
6.059	0.8627E-01
6.289	0.8697E-01
6.529	0.8768E-01
6.778	0.8840E-01
7.036	0.8912E-01
7.304	0.8985E-01
7.582	0.9058E-01
7.871	0.9132E-01
8.170	0.9207E-01
8.482	0.9284E-01
8.805	0.9361E-01
9.140	0.9439E-01
9.488	0.9511E-01
9.849	0.9591E-01
10.22	0.9673E-01
10.61	0.9753E-01
11.02	0.9838E-01
11.44	0.9925E-01
11.87	0.1001
12.33	0.1011
12.80	0.1020
13.28	0.1030
13.79	0.1039
14.31	0.1049
14.86	0.1060
15.42	0.1070
16.01	0.1082
16.62	0.1094
17.25	0.1106
17.91	0.1119
18.59	0.1132
19.30	0.1144
20.04	0.1159
20.80	0.1175
21.59	0.1192
22.42	0.1211
23.27	0.1232
24.16	0.1255
25.08	0.1278
26.03	0.1307
27.02	0.1341
28.05	0.1373
29.12	0.1418
30.23	0.1471
31.38	0.1529
32.57	0.1602
33.82	0.1689
35.10	0.1793
36.44	0.1916
37.83	0.2064
39.27	0.2240
40.76	0.2450
42.32	0.2701
43.93	0.2998
45.60	0.3348
47.34	0.3759
49.14	0.4238
51.01	0.4791
52.96	0.5423
54.97	0.6137
57.07	0.6936
59.24	0.7823
61.50	0.8785
63.84	0.9821
66.27	1.092
68.79	1.208
71.41	1.328
74.13	1.451
76.96	1.577
79.89	1.705
82.93	1.834
86.09	1.963
89.37	2.092
92.77	2.218
96.31	2.345
99.97	2.472
103.8	2.597
107.7	2.722
111.8	2.846
116.1	2.969
120.5	3.092
125.1	3.215
129.9	3.338
134.8	3.461
140.0	3.584
145.3	3.708
150.8	3.833
156.6	3.958
162.5	4.085
168.7	4.212
175.1	4.340
181.8	4.469
188.7	4.600
195.9	4.731
203.4	4.864
211.1	4.997
219.2	5.132
227.5	5.268
236.2	5.405
245.2	5.543
254.5	5.681
264.2	5.822
274.3	5.963
284.7	6.106
295.6	6.250
306.8	6.395
318.5	6.542
330.6	6.690
343.2	6.841
356.3	6.993
369.9	7.148
384.0	7.305
398.6	7.464
413.8	7.627
429.5	7.792
445.9	7.960
462.9	8.132
480.5	8.308
498.8	8.488
517.8	8.672
537.5	8.860
558.0	9.053
579.2	9.250
601.3	9.453
624.2	9.662
648.0	9.876
672.6	10.10
698.3	10.32
724.9	10.56
752.5	10.80
781.1	11.05
810.9	11.30
841.8	11.56
873.8	11.84
907.1	12.12
941.6	12.41
977.5	12.71
1015.	13.02
1053.	13.34
1094.	13.67
1135.	14.01
1178.	14.37
1223.	14.73
1270.	15.12
1318.	15.51
1368.	15.92
1421.	16.34
1475.	16.78
1531.	17.23
1589.	17.70
1650.	18.19
1712.	18.70
1778.	19.22
1845.	19.77
1916.	20.34
1989.	20.93
2064.	21.54
2143.	22.17
2225.	22.83
2309.	23.52
2397.	24.24
2489.	24.98
2583.	25.75
2682.	26.56
2784.	27.40
2890.	28.28
3000.	29.19
 
 
E/N (Td)	Mobility *N (1/m/V/s)
0.1000E-02	0.1919E+24
0.1038E-02	0.1919E+24
0.1078E-02	0.1919E+24
0.1119E-02	0.1919E+24
0.1161E-02	0.1919E+24
0.1205E-02	0.1919E+24
0.1251E-02	0.1919E+24
0.1299E-02	0.1919E+24
0.1349E-02	0.1919E+24
0.1400E-02	0.1919E+24
0.1453E-02	0.1919E+24
0.1509E-02	0.1919E+24
0.1566E-02	0.1919E+24
0.1626E-02	0.1919E+24
0.1688E-02	0.1919E+24
0.1752E-02	0.1919E+24
0.1819E-02	0.1919E+24
0.1888E-02	0.1919E+24
0.1960E-02	0.1919E+24
0.2034E-02	0.1919E+24
0.2112E-02	0.1919E+24
0.2192E-02	0.1919E+24
0.2276E-02	0.1919E+24
0.2362E-02	0.1919E+24
0.2452E-02	0.1919E+24
0.2546E-02	0.1919E+24
0.2643E-02	0.1919E+24
0.2743E-02	0.1919E+24
0.2848E-02	0.1919E+24
0.2956E-02	0.1919E+24
0.3069E-02	0.1919E+24
0.3186E-02	0.1919E+24
0.3307E-02	0.1919E+24
0.3433E-02	0.1919E+24
0.3564E-02	0.1919E+24
0.3700E-02	0.1919E+24
0.3841E-02	0.1919E+24
0.3987E-02	0.1919E+24
0.4139E-02	0.1919E+24
0.4296E-02	0.1919E+24
0.4460E-02	0.1919E+24
0.4630E-02	0.1919E+24
0.4806E-02	0.1919E+24
0.4989E-02	0.1919E+24
0.5179E-02	0.1919E+24
0.5377E-02	0.1919E+24
0.5581E-02	0.1919E+24
0.5794E-02	0.1919E+24
0.6015E-02	0.1919E+24
0.6244E-02	0.1919E+24
0.6481E-02	0.1919E+24
0.6728E-02	0.1919E+24
0.6985E-02	0.1919E+24
0.7251E-02	0.1919E+24
0.7527E-02	0.1919E+24
0.7813E-02	0.1919E+24
0.8111E-02	0.1919E+24
0.8420E-02	0.1919E+24
0.8741E-02	0.1919E+24
0.9073E-02	0.1919E+24
0.9419E-02	0.1919E+24
0.9778E-02	0.1919E+24
0.1015E-01	0.1919E+24
0.1054E-01	0.1919E+24
0.1094E-01	0.1919E+24
0.1135E-01	0.1919E+24
0.1179E-01	0.1919E+24
0.1224E-01	0.1919E+24
0.1270E-01	0.1919E+24
0.1319E-01	0.1919E+24
0.1369E-01	0.1919E+24
0.1421E-01	0.1919E+24
0.1475E-01	0.1919E+24
0.1531E-01	0.1919E+24
0.1590E-01	0.1920E+24
0.1650E-01	0.1920E+24
0.1713E-01	0.1920E+24
0.1778E-01	0.1920E+24
0.1846E-01	0.1920E+24
0.1916E-01	0.1920E+24
0.1989E-01	0.1920E+24
0.2065E-01	0.1920E+24
0.2144E-01	0.1920E+24
0.2225E-01	0.1920E+24
0.2310E-01	0.1920E+24
0.2398E-01	0.1920E+24
0.2489E-01	0.1920E+24
0.2584E-01	0.1920E+24
0.2682E-01	0.1920E+24
0.2785E-01	0.1920E+24
0.2891E-01	0.1920E+24
0.3001E-01	0.1920E+24
0.3115E-01	0.1920E+24
0.3234E-01	0.1920E+24
0.3357E-01	0.1920E+24
0.3485E-01	0.1920E+24
0.3617E-01	0.1920E+24
0.3755E-01	0.1920E+24
0.3898E-01	0.1920E+24
0.4047E-01	0.1920E+24
0.4201E-01	0.1920E+24
0.4361E-01	0.1920E+24
0.4527E-01	0.1920E+24
0.4699E-01	0.1920E+24
0.4878E-01	0.1920E+24
0.5064E-01	0.1920E+24
0.5257E-01	0.1920E+24
0.5457E-01	0.1920E+24
0.5665E-01	0.1920E+24
0.5881E-01	0.1920E+24
0.6105E-01	0.1920E+24
0.6337E-01	0.1920E+24
0.6579E-01	0.1921E+24
0.6829E-01	0.1921E+24
0.7089E-01	0.1921E+24
0.7359E-01	0.1921E+24
0.7640E-01	0.1921E+24
0.7931E-01	0.1921E+24
0.8233E-01	0.1921E+24
0.8546E-01	0.1921E+24
0.8872E-01	0.1921E+24
0.9210E-01	0.1922E+24
0.9560E-01	0.1922E+24
0.9924E-01	0.1922E+24
0.1030	0.1922E+24
0.1069	0.1922E+24
0.1110	0.1923E+24
0.1152	0.1923E+24
0.1196	0.1923E+24
0.1242	0.1923E+24
0.1289	0.1924E+24
0.1338	0.1924E+24
0.1389	0.1924E+24
0.1442	0.1925E+24
0.1497	0.1925E+24
0.1554	0.1926E+24
0.1613	0.1926E+24
0.1675	0.1927E+24
0.1739	0.1927E+24
0.1805	0.1928E+24
0.1874	0.1929E+24
0.1945	0.1929E+24
0.2019	0.1930E+24
0.2096	0.1931E+24
0.2176	0.1932E+24
0.2259	0.1933E+24
0.2345	0.1934E+24
0.2434	0.1935E+24
0.2527	0.1936E+24
0.2623	0.1938E+24
0.2723	0.1939E+24
0.2826	0.1941E+24
0.2934	0.1942E+24
0.3046	0.1944E+24
0.3162	0.1946E+24
0.3282	0.1948E+24
0.3407	0.1950E+24
0.3537	0.1953E+24
0.3672	0.1956E+24
0.3812	0.1959E+24
0.3957	0.1962E+24
0.4107	0.1965E+24
0.4264	0.1969E+24
0.4426	0.1973E+24
0.4595	0.1977E+24
0.4770	0.1982E+24
0.4952	0.1987E+24
0.5140	0.1993E+24
0.5336	0.1999E+24
0.5539	0.2006E+24
0.5750	0.2013E+24
0.5969	0.2021E+24
0.6196	0.2029E+24
0.6432	0.2038E+24
0.6677	0.2048E+24
0.6932	0.2059E+24
0.7196	0.2071E+24
0.7470	0.2083E+24
0.7754	0.2097E+24
0.8050	0.2111E+24
0.8356	0.2127E+24
0.8674	0.2144E+24
0.9005	0.2163E+24
0.9348	0.2182E+24
0.9704	0.2203E+24
1.007	0.2226E+24
1.046	0.2250E+24
1.086	0.2275E+24
1.127	0.2302E+24
1.170	0.2331E+24
1.214	0.2361E+24
1.261	0.2392E+24
1.309	0.2425E+24
1.358	0.2459E+24
1.410	0.2495E+24
1.464	0.2532E+24
1.520	0.2569E+24
1.578	0.2608E+24
1.638	0.2647E+24
1.700	0.2687E+24
1.765	0.2727E+24
1.832	0.2767E+24
1.902	0.2808E+24
1.974	0.2849E+24
2.049	0.2889E+24
2.127	0.2930E+24
2.208	0.2969E+24
2.293	0.3008E+24
2.380	0.3047E+24
2.470	0.3085E+24
2.565	0.3122E+24
2.662	0.3159E+24
2.764	0.3195E+24
2.869	0.3230E+24
2.978	0.3265E+24
3.092	0.3299E+24
3.209	0.3333E+24
3.332	0.3366E+24
3.458	0.3398E+24
3.590	0.3430E+24
3.727	0.3461E+24
3.869	0.3492E+24
4.016	0.3523E+24
4.169	0.3554E+24
4.328	0.3584E+24
4.493	0.3614E+24
4.664	0.3644E+24
4.841	0.3674E+24
5.026	0.3704E+24
5.217	0.3734E+24
5.416	0.3764E+24
5.622	0.3793E+24
5.836	0.3823E+24
6.059	0.3854E+24
6.289	0.3884E+24
6.529	0.3914E+24
6.778	0.3945E+24
7.036	0.3976E+24
7.304	0.4009E+24
7.582	0.4040E+24
7.871	0.4073E+24
8.170	0.4105E+24
8.482	0.4140E+24
8.805	0.4173E+24
9.140	0.4207E+24
9.488	0.4239E+24
9.849	0.4274E+24
10.22	0.4310E+24
10.61	0.4348E+24
11.02	0.4386E+24
11.44	0.4425E+24
11.87	0.4465E+24
12.33	0.4511E+24
12.80	0.4553E+24
13.28	0.4597E+24
13.79	0.4641E+24
14.31	0.4691E+24
14.86	0.4739E+24
15.42	0.4788E+24
16.01	0.4839E+24
16.62	0.4909E+24
17.25	0.4964E+24
17.91	0.5022E+24
18.59	0.5083E+24
19.30	0.5129E+24
20.04	0.5197E+24
20.80	0.5267E+24
21.59	0.5352E+24
22.42	0.5432E+24
23.27	0.5516E+24
24.16	0.5618E+24
25.08	0.5744E+24
26.03	0.5848E+24
27.02	0.5960E+24
28.05	0.6052E+24
29.12	0.6182E+24
30.23	0.6321E+24
31.38	0.6467E+24
32.57	0.6629E+24
33.82	0.6802E+24
35.10	0.6993E+24
36.44	0.7191E+24
37.83	0.7400E+24
39.27	0.7620E+24
40.76	0.7853E+24
42.32	0.8090E+24
43.93	0.8333E+24
45.60	0.8577E+24
47.34	0.8819E+24
49.14	0.9055E+24
51.01	0.9279E+24
52.96	0.9486E+24
54.97	0.9671E+24
57.07	0.9829E+24
59.24	0.9960E+24
61.50	0.1005E+25
63.84	0.1011E+25
66.27	0.1013E+25
68.79	0.1012E+25
71.41	0.1008E+25
74.13	0.9994E+24
76.96	0.9897E+24
79.89	0.9780E+24
82.93	0.9645E+24
86.09	0.9497E+24
89.37	0.9339E+24
92.77	0.9167E+24
96.31	0.9001E+24
99.97	0.8835E+24
103.8	0.8670E+24
107.7	0.8507E+24
111.8	0.8348E+24
116.1	0.8192E+24
120.5	0.8044E+24
125.1	0.7901E+24
129.9	0.7765E+24
134.8	0.7635E+24
140.0	0.7511E+24
145.3	0.7393E+24
150.8	0.7281E+24
156.6	0.7175E+24
162.5	0.7075E+24
168.7	0.6981E+24
175.1	0.6892E+24
181.8	0.6807E+24
188.7	0.6729E+24
195.9	0.6654E+24
203.4	0.6583E+24
211.1	0.6516E+24
219.2	0.6453E+24
227.5	0.6393E+24
236.2	0.6337E+24
245.2	0.6283E+24
254.5	0.6232E+24
264.2	0.6183E+24
274.3	0.6137E+24
284.7	0.6093E+24
295.6	0.6051E+24
306.8	0.6010E+24
318.5	0.5971E+24
330.6	0.5933E+24
343.2	0.5897E+24
356.3	0.5861E+24
369.9	0.5827E+24
384.0	0.5793E+24
398.6	0.5760E+24
413.8	0.5727E+24
429.5	0.5695E+24
445.9	0.5664E+24
462.9	0.5632E+24
480.5	0.5601E+24
498.8	0.5570E+24
517.8	0.5540E+24
537.5	0.5509E+24
558.0	0.5478E+24
579.2	0.5447E+24
601.3	0.5415E+24
624.2	0.5384E+24
648.0	0.5352E+24
672.6	0.5321E+24
698.3	0.5289E+24
724.9	0.5256E+24
752.5	0.5223E+24
781.1	0.5189E+24
810.9	0.5155E+24
841.8	0.5120E+24
873.8	0.5085E+24
907.1	0.5049E+24
941.6	0.5013E+24
977.5	0.4976E+24
1015.	0.4938E+24
1053.	0.4900E+24
1094.	0.4862E+24
1135.	0.4822E+24
1178.	0.4782E+24
1223.	0.4742E+24
1270.	0.4701E+24
1318.	0.4660E+24
1368.	0.4617E+24
1421.	0.4575E+24
1475.	0.4531E+24
1531.	0.4488E+24
1589.	0.4443E+24
1650.	0.4399E+24
1712.	0.4354E+24
1778.	0.4309E+24
1845.	0.4263E+24
1916.	0.4217E+24
1989.	0.4171E+24
2064.	0.4125E+24
2143.	0.4078E+24
2225.	0.4032E+24
2309.	0.3985E+24
2397.	0.3939E+24
2489.	0.3892E+24
2583.	0.3846E+24
2682.	0.3800E+24
2784.	0.3754E+24
2890.	0.3708E+24
3000.	0.3662E+24
 
 
E/N (Td)	Diffusion coefficient *N (1/m/s)
0.1000E-02	0.4964E+22
0.1038E-02	0.4971E+22
0.1078E-02	0.4971E+22
0.1119E-02	0.4971E+22
0.1161E-02	0.4971E+22
0.1205E-02	0.4971E+22
0.1251E-02	0.4971E+22
0.1299E-02	0.4971E+22
0.1349E-02	0.4971E+22
0.1400E-02	0.4971E+22
0.1453E-02	0.4971E+22
0.1509E-02	0.4971E+22
0.1566E-02	0.4971E+22
0.1626E-02	0.4971E+22
0.1688E-02	0.4971E+22
0.1752E-02	0.4971E+22
0.1819E-02	0.4971E+22
0.1888E-02	0.4971E+22
0.1960E-02	0.4971E+22
0.2034E-02	0.4971E+22
0.2112E-02	0.4971E+22
0.2192E-02	0.4971E+22
0.2276E-02	0.4971E+22
0.2362E-02	0.4971E+22
0.2452E-02	0.4971E+22
0.2546E-02	0.4971E+22
0.2643E-02	0.4971E+22
0.2743E-02	0.4971E+22
0.2848E-02	0.4971E+22
0.2956E-02	0.4971E+22
0.3069E-02	0.4971E+22
0.3186E-02	0.4971E+22
0.3307E-02	0.4971E+22
0.3433E-02	0.4971E+22
0.3564E-02	0.4971E+22
0.3700E-02	0.4971E+22
0.3841E-02	0.4971E+22
0.3987E-02	0.4971E+22
0.4139E-02	0.4971E+22
0.4296E-02	0.4971E+22
0.4460E-02	0.4971E+22
0.4630E-02	0.4971E+22
0.4806E-02	0.4971E+22
0.4989E-02	0.4971E+22
0.5179E-02	0.4971E+22
0.5377E-02	0.4971E+22
0.5581E-02	0.4971E+22
0.5794E-02	0.4971E+22
0.6015E-02	0.4971E+22
0.6244E-02	0.4971E+22
0.6481E-02	0.4971E+22
0.6728E-02	0.4971E+22
0.6985E-02	0.4971E+22
0.7251E-02	0.4971E+22
0.7527E-02	0.4971E+22
0.7813E-02	0.4971E+22
0.8111E-02	0.4971E+22
0.8420E-02	0.4971E+22
0.8741E-02	0.4971E+22
0.9073E-02	0.4971E+22
0.9419E-02	0.4971E+22
0.9778E-02	0.4971E+22
0.1015E-01	0.4971E+22
0.1054E-01	0.4971E+22
0.1094E-01	0.4971E+22
0.1135E-01	0.4971E+22
0.1179E-01	0.4971E+22
0.1224E-01	0.4971E+22
0.1270E-01	0.4971E+22
0.1319E-01	0.4971E+22
0.1369E-01	0.4971E+22
0.1421E-01	0.4971E+22
0.1475E-01	0.4971E+22
0.1531E-01	0.4971E+22
0.1590E-01	0.4971E+22
0.1650E-01	0.4971E+22
0.1713E-01	0.4972E+22
0.1778E-01	0.4972E+22
0.1846E-01	0.4972E+22
0.1916E-01	0.4972E+22
0.1989E-01	0.4972E+22
0.2065E-01	0.4972E+22
0.2144E-01	0.4972E+22
0.2225E-01	0.4972E+22
0.2310E-01	0.4972E+22
0.2398E-01	0.4972E+22
0.2489E-01	0.4972E+22
0.2584E-01	0.4972E+22
0.2682E-01	0.4972E+22
0.2785E-01	0.4972E+22
0.2891E-01	0.4973E+22
0.3001E-01	0.4973E+22
0.3115E-01	0.4973E+22
0.3234E-01	0.4973E+22
0.3357E-01	0.4973E+22
0.3485E-01	0.4973E+22
0.3617E-01	0.4974E+22
0.3755E-01	0.4974E+22
0.3898E-01	0.4974E+22
0.4047E-01	0.4974E+22
0.4201E-01	0.4974E+22
0.4361E-01	0.4975E+22
0.4527E-01	0.4975E+22
0.4699E-01	0.4975E+22
0.4878E-01	0.4976E+22
0.5064E-01	0.4976E+22
0.5257E-01	0.4976E+22
0.5457E-01	0.4977E+22
0.5665E-01	0.4977E+22
0.5881E-01	0.4978E+22
0.6105E-01	0.4978E+22
0.6337E-01	0.4979E+22
0.6579E-01	0.4980E+22
0.6829E-01	0.4980E+22
0.7089E-01	0.4981E+22
0.7359E-01	0.4982E+22
0.7640E-01	0.4983E+22
0.7931E-01	0.4983E+22
0.8233E-01	0.4984E+22
0.8546E-01	0.4985E+22
0.8872E-01	0.4987E+22
0.9210E-01	0.4988E+22
0.9560E-01	0.4989E+22
0.9924E-01	0.4991E+22
0.1030	0.4992E+22
0.1069	0.4994E+22
0.1110	0.4995E+22
0.1152	0.4997E+22
0.1196	0.4999E+22
0.1242	0.5002E+22
0.1289	0.5004E+22
0.1338	0.5007E+22
0.1389	0.5009E+22
0.1442	0.5012E+22
0.1497	0.5016E+22
0.1554	0.5019E+22
0.1613	0.5023E+22
0.1675	0.5027E+22
0.1739	0.5032E+22
0.1805	0.5036E+22
0.1874	0.5041E+22
0.1945	0.5047E+22
0.2019	0.5053E+22
0.2096	0.5060E+22
0.2176	0.5067E+22
0.2259	0.5074E+22
0.2345	0.5082E+22
0.2434	0.5091E+22
0.2527	0.5101E+22
0.2623	0.5111E+22
0.2723	0.5122E+22
0.2826	0.5135E+22
0.2934	0.5148E+22
0.3046	0.5162E+22
0.3162	0.5177E+22
0.3282	0.5194E+22
0.3407	0.5212E+22
0.3537	0.5232E+22
0.3672	0.5253E+22
0.3812	0.5276E+22
0.3957	0.5301E+22
0.4107	0.5328E+22
0.4264	0.5358E+22
0.4426	0.5390E+22
0.4595	0.5424E+22
0.4770	0.5462E+22
0.4952	0.5503E+22
0.5140	0.5547E+22
0.5336	0.5596E+22
0.5539	0.5649E+22
0.5750	0.5706E+22
0.5969	0.5768E+22
0.6196	0.5835E+22
0.6432	0.5909E+22
0.6677	0.5989E+22
0.6932	0.6075E+22
0.7196	0.6169E+22
0.7470	0.6271E+22
0.7754	0.6381E+22
0.8050	0.6500E+22
0.8356	0.6629E+22
0.8674	0.6769E+22
0.9005	0.6919E+22
0.9348	0.7080E+22
0.9704	0.7253E+22
1.007	0.7439E+22
1.046	0.7637E+22
1.086	0.7848E+22
1.127	0.8072E+22
1.170	0.8309E+22
1.214	0.8560E+22
1.261	0.8823E+22
1.309	0.9099E+22
1.358	0.9387E+22
1.410	0.9686E+22
1.464	0.9996E+22
1.520	0.1031E+23
1.578	0.1064E+23
1.638	0.1098E+23
1.700	0.1132E+23
1.765	0.1166E+23
1.832	0.1201E+23
1.902	0.1236E+23
1.974	0.1271E+23
2.049	0.1306E+23
2.127	0.1341E+23
2.208	0.1375E+23
2.293	0.1409E+23
2.380	0.1443E+23
2.470	0.1476E+23
2.565	0.1509E+23
2.662	0.1541E+23
2.764	0.1573E+23
2.869	0.1604E+23
2.978	0.1635E+23
3.092	0.1665E+23
3.209	0.1695E+23
3.332	0.1724E+23
3.458	0.1753E+23
3.590	0.1782E+23
3.727	0.1810E+23
3.869	0.1839E+23
4.016	0.1867E+23
4.169	0.1894E+23
4.328	0.1922E+23
4.493	0.1950E+23
4.664	0.1978E+23
4.841	0.2006E+23
5.026	0.2034E+23
5.217	0.2062E+23
5.416	0.2091E+23
5.622	0.2119E+23
5.836	0.2148E+23
6.059	0.2178E+23
6.289	0.2207E+23
6.529	0.2237E+23
6.778	0.2268E+23
7.036	0.2299E+23
7.304	0.2333E+23
7.582	0.2366E+23
7.871	0.2399E+23
8.170	0.2433E+23
8.482	0.2470E+23
8.805	0.2506E+23
9.140	0.2544E+23
9.488	0.2581E+23
9.849	0.2620E+23
10.22	0.2661E+23
10.61	0.2706E+23
11.02	0.2750E+23
11.44	0.2796E+23
11.87	0.2844E+23
12.33	0.2900E+23
12.80	0.2952E+23
13.28	0.3007E+23
13.79	0.3065E+23
14.31	0.3132E+23
14.86	0.3196E+23
15.42	0.3265E+23
16.01	0.3339E+23
16.62	0.3436E+23
17.25	0.3521E+23
17.91	0.3615E+23
18.59	0.3717E+23
19.30	0.3822E+23
20.04	0.3948E+23
20.80	0.4089E+23
21.59	0.4270E+23
22.42	0.4454E+23
23.27	0.4665E+23
24.16	0.4938E+23
25.08	0.5280E+23
26.03	0.5618E+23
27.02	0.6017E+23
28.05	0.6497E+23
29.12	0.7057E+23
30.23	0.7722E+23
31.38	0.8562E+23
32.57	0.9507E+23
33.82	0.1063E+24
35.10	0.1197E+24
36.44	0.1354E+24
37.83	0.1539E+24
39.27	0.1757E+24
40.76	0.2010E+24
42.32	0.2304E+24
43.93	0.2641E+24
45.60	0.3027E+24
47.34	0.3462E+24
49.14	0.3950E+24
51.01	0.4490E+24
52.96	0.5082E+24
54.97	0.5720E+24
57.07	0.6401E+24
59.24	0.7123E+24
61.50	0.7866E+24
63.84	0.8627E+24
66.27	0.9395E+24
68.79	0.1016E+25
71.41	0.1092E+25
74.13	0.1164E+25
76.96	0.1235E+25
79.89	0.1303E+25
82.93	0.1369E+25
86.09	0.1430E+25
89.37	0.1489E+25
92.77	0.1542E+25
96.31	0.1594E+25
99.97	0.1643E+25
103.8	0.1690E+25
107.7	0.1734E+25
111.8	0.1776E+25
116.1	0.1816E+25
120.5	0.1855E+25
125.1	0.1892E+25
129.9	0.1929E+25
134.8	0.1964E+25
140.0	0.2000E+25
145.3	0.2034E+25
150.8	0.2069E+25
156.6	0.2103E+25
162.5	0.2137E+25
168.7	0.2172E+25
175.1	0.2206E+25
181.8	0.2241E+25
188.7	0.2276E+25
195.9	0.2312E+25
203.4	0.2347E+25
211.1	0.2383E+25
219.2	0.2420E+25
227.5	0.2457E+25
236.2	0.2494E+25
245.2	0.2532E+25
254.5	0.2570E+25
264.2	0.2609E+25
274.3	0.2648E+25
284.7	0.2687E+25
295.6	0.2727E+25
306.8	0.2768E+25
318.5	0.2809E+25
330.6	0.2850E+25
343.2	0.2892E+25
356.3	0.2934E+25
369.9	0.2977E+25
384.0	0.3021E+25
398.6	0.3065E+25
413.8	0.3110E+25
429.5	0.3156E+25
445.9	0.3202E+25
462.9	0.3249E+25
480.5	0.3297E+25
498.8	0.3346E+25
517.8	0.3395E+25
537.5	0.3445E+25
558.0	0.3497E+25
579.2	0.3549E+25
601.3	0.3602E+25
624.2	0.3656E+25
648.0	0.3711E+25
672.6	0.3767E+25
698.3	0.3824E+25
724.9	0.3882E+25
752.5	0.3942E+25
781.1	0.4002E+25
810.9	0.4063E+25
841.8	0.4126E+25
873.8	0.4189E+25
907.1	0.4254E+25
941.6	0.4321E+25
977.5	0.4388E+25
1015.	0.4457E+25
1053.	0.4527E+25
1094.	0.4599E+25
1135.	0.4672E+25
1178.	0.4747E+25
1223.	0.4822E+25
1270.	0.4901E+25
1318.	0.4980E+25
1368.	0.5060E+25
1421.	0.5142E+25
1475.	0.5225E+25
1531.	0.5311E+25
1589.	0.5398E+25
1650.	0.5487E+25
1712.	0.5577E+25
1778.	0.5670E+25
1845.	0.5764E+25
1916.	0.5862E+25
1989.	0.5961E+25
2064.	0.6062E+25
2143.	0.6166E+25
2225.	0.6273E+25
2309.	0.6382E+25
2397.	0.6495E+25
2489.	0.6610E+25
2583.	0.6729E+25
2682.	0.6852E+25
2784.	0.6977E+25
2890.	0.7107E+25
3000.	0.7241E+25
 
 
E/N (Td)	Energy mobility *N (1/m/V/s)
0.1000E-02	0.3971E+24
0.1038E-02	0.3972E+24
0.1078E-02	0.3972E+24
0.1119E-02	0.3972E+24
0.1161E-02	0.3972E+24
0.1205E-02	0.3972E+24
0.1251E-02	0.3972E+24
0.1299E-02	0.3972E+24
0.1349E-02	0.3972E+24
0.1400E-02	0.3972E+24
0.1453E-02	0.3972E+24
0.1509E-02	0.3972E+24
0.1566E-02	0.3972E+24
0.1626E-02	0.3972E+24
0.1688E-02	0.3972E+24
0.1752E-02	0.3972E+24
0.1819E-02	0.3972E+24
0.1888E-02	0.3972E+24
0.1960E-02	0.3972E+24
0.2034E-02	0.3972E+24
0.2112E-02	0.3972E+24
0.2192E-02	0.3972E+24
0.2276E-02	0.3972E+24
0.2362E-02	0.3972E+24
0.2452E-02	0.3972E+24
0.2546E-02	0.3972E+24
0.2643E-02	0.3972E+24
0.2743E-02	0.3972E+24
0.2848E-02	0.3972E+24
0.2956E-02	0.3972E+24
0.3069E-02	0.3972E+24
0.3186E-02	0.3972E+24
0.3307E-02	0.3972E+24
0.3433E-02	0.3972E+24
0.3564E-02	0.3972E+24
0.3700E-02	0.3972E+24
0.3841E-02	0.3972E+24
0.3987E-02	0.3972E+24
0.4139E-02	0.3972E+24
0.4296E-02	0.3972E+24
0.4460E-02	0.3972E+24
0.4630E-02	0.3972E+24
0.4806E-02	0.3972E+24
0.4989E-02	0.3972E+24
0.5179E-02	0.3972E+24
0.5377E-02	0.3972E+24
0.5581E-02	0.3972E+24
0.5794E-02	0.3972E+24
0.6015E-02	0.3972E+24
0.6244E-02	0.3972E+24
0.6481E-02	0.3972E+24
0.6728E-02	0.3972E+24
0.6985E-02	0.3972E+24
0.7251E-02	0.3972E+24
0.7527E-02	0.3972E+24
0.7813E-02	0.3972E+24
0.8111E-02	0.3972E+24
0.8420E-02	0.3972E+24
0.8741E-02	0.3972E+24
0.9073E-02	0.3972E+24
0.9419E-02	0.3972E+24
0.9778E-02	0.3972E+24
0.1015E-01	0.3972E+24
0.1054E-01	0.3972E+24
0.1094E-01	0.3972E+24
0.1135E-01	0.3972E+24
0.1179E-01	0.3972E+24
0.1224E-01	0.3972E+24
0.1270E-01	0.3973E+24
0.1319E-01	0.3973E+24
0.1369E-01	0.3973E+24
0.1421E-01	0.3973E+24
0.1475E-01	0.3973E+24
0.1531E-01	0.3973E+24
0.1590E-01	0.3973E+24
0.1650E-01	0.3973E+24
0.1713E-01	0.3973E+24
0.1778E-01	0.3973E+24
0.1846E-01	0.3973E+24
0.1916E-01	0.3973E+24
0.1989E-01	0.3973E+24
0.2065E-01	0.3973E+24
0.2144E-01	0.3973E+24
0.2225E-01	0.3973E+24
0.2310E-01	0.3973E+24
0.2398E-01	0.3973E+24
0.2489E-01	0.3973E+24
0.2584E-01	0.3973E+24
0.2682E-01	0.3973E+24
0.2785E-01	0.3973E+24
0.2891E-01	0.3973E+24
0.3001E-01	0.3973E+24
0.3115E-01	0.3973E+24
0.3234E-01	0.3973E+24
0.3357E-01	0.3973E+24
0.3485E-01	0.3974E+24
0.3617E-01	0.3974E+24
0.3755E-01	0.3974E+24
0.3898E-01	0.3974E+24
0.4047E-01	0.3974E+24
0.4201E-01	0.3974E+24
0.4361E-01	0.3974E+24
0.4527E-01	0.3974E+24
0.4699E-01	0.3975E+24
0.4878E-01	0.3975E+24
0.5064E-01	0.3975E+24
0.5257E-01	0.3975E+24
0.5457E-01	0.3975E+24
0.5665E-01	0.3976E+24
0.5881E-01	0.3976E+24
0.6105E-01	0.3976E+24
0.6337E-01	0.3976E+24
0.6579E-01	0.3977E+24
0.6829E-01	0.3977E+24
0.7089E-01	0.3977E+24
0.7359E-01	0.3978E+24
0.7640E-01	0.3978E+24
0.7931E-01	0.3979E+24
0.8233E-01	0.3979E+24
0.8546E-01	0.3980E+24
0.8872E-01	0.3980E+24
0.9210E-01	0.3981E+24
0.9560E-01	0.3982E+24
0.9924E-01	0.3982E+24
0.1030	0.3983E+24
0.1069	0.3984E+24
0.1110	0.3985E+24
0.1152	0.3986E+24
0.1196	0.3987E+24
0.1242	0.3988E+24
0.1289	0.3990E+24
0.1338	0.3991E+24
0.1389	0.3992E+24
0.1442	0.3994E+24
0.1497	0.3996E+24
0.1554	0.3997E+24
0.1613	0.3999E+24
0.1675	0.4002E+24
0.1739	0.4004E+24
0.1805	0.4006E+24
0.1874	0.4009E+24
0.1945	0.4012E+24
0.2019	0.4015E+24
0.2096	0.4018E+24
0.2176	0.4022E+24
0.2259	0.4026E+24
0.2345	0.4030E+24
0.2434	0.4035E+24
0.2527	0.4040E+24
0.2623	0.4045E+24
0.2723	0.4051E+24
0.2826	0.4058E+24
0.2934	0.4065E+24
0.3046	0.4072E+24
0.3162	0.4080E+24
0.3282	0.4089E+24
0.3407	0.4098E+24
0.3537	0.4109E+24
0.3672	0.4120E+24
0.3812	0.4132E+24
0.3957	0.4145E+24
0.4107	0.4160E+24
0.4264	0.4175E+24
0.4426	0.4192E+24
0.4595	0.4210E+24
0.4770	0.4230E+24
0.4952	0.4252E+24
0.5140	0.4275E+24
0.5336	0.4301E+24
0.5539	0.4328E+24
0.5750	0.4358E+24
0.5969	0.4391E+24
0.6196	0.4426E+24
0.6432	0.4464E+24
0.6677	0.4505E+24
0.6932	0.4549E+24
0.7196	0.4597E+24
0.7470	0.4649E+24
0.7754	0.4704E+24
0.8050	0.4764E+24
0.8356	0.4827E+24
0.8674	0.4895E+24
0.9005	0.4968E+24
0.9348	0.5045E+24
0.9704	0.5126E+24
1.007	0.5212E+24
1.046	0.5302E+24
1.086	0.5397E+24
1.127	0.5495E+24
1.170	0.5597E+24
1.214	0.5703E+24
1.261	0.5812E+24
1.309	0.5924E+24
1.358	0.6038E+24
1.410	0.6154E+24
1.464	0.6270E+24
1.520	0.6388E+24
1.578	0.6506E+24
1.638	0.6623E+24
1.700	0.6740E+24
1.765	0.6855E+24
1.832	0.6969E+24
1.902	0.7081E+24
1.974	0.7190E+24
2.049	0.7296E+24
2.127	0.7400E+24
2.208	0.7501E+24
2.293	0.7598E+24
2.380	0.7692E+24
2.470	0.7783E+24
2.565	0.7870E+24
2.662	0.7955E+24
2.764	0.8036E+24
2.869	0.8114E+24
2.978	0.8190E+24
3.092	0.8262E+24
3.209	0.8333E+24
3.332	0.8400E+24
3.458	0.8466E+24
3.590	0.8530E+24
3.727	0.8591E+24
3.869	0.8651E+24
4.016	0.8710E+24
4.169	0.8767E+24
4.328	0.8823E+24
4.493	0.8878E+24
4.664	0.8932E+24
4.841	0.8985E+24
5.026	0.9038E+24
5.217	0.9092E+24
5.416	0.9144E+24
5.622	0.9196E+24
5.836	0.9248E+24
6.059	0.9301E+24
6.289	0.9354E+24
6.529	0.9407E+24
6.778	0.9460E+24
7.036	0.9515E+24
7.304	0.9573E+24
7.582	0.9629E+24
7.871	0.9686E+24
8.170	0.9745E+24
8.482	0.9808E+24
8.805	0.9869E+24
9.140	0.9933E+24
9.488	0.9996E+24
9.849	0.1006E+25
10.22	0.1013E+25
10.61	0.1021E+25
11.02	0.1028E+25
11.44	0.1036E+25
11.87	0.1044E+25
12.33	0.1053E+25
12.80	0.1062E+25
13.28	0.1071E+25
13.79	0.1081E+25
14.31	0.1092E+25
14.86	0.1103E+25
15.42	0.1115E+25
16.01	0.1127E+25
16.62	0.1143E+25
17.25	0.1157E+25
17.91	0.1173E+25
18.59	0.1189E+25
19.30	0.1207E+25
20.04	0.1227E+25
20.80	0.1249E+25
21.59	0.1276E+25
22.42	0.1303E+25
23.27	0.1332E+25
24.16	0.1369E+25
25.08	0.1417E+25
26.03	0.1457E+25
27.02	0.1501E+25
28.05	0.1548E+25
29.12	0.1599E+25
30.23	0.1654E+25
31.38	0.1719E+25
32.57	0.1777E+25
33.82	0.1835E+25
35.10	0.1892E+25
36.44	0.1945E+25
37.83	0.1991E+25
39.27	0.2029E+25
40.76	0.2057E+25
42.32	0.2074E+25
43.93	0.2079E+25
45.60	0.2071E+25
47.34	0.2052E+25
49.14	0.2022E+25
51.01	0.1984E+25
52.96	0.1939E+25
54.97	0.1888E+25
57.07	0.1835E+25
59.24	0.1780E+25
61.50	0.1724E+25
63.84	0.1670E+25
66.27	0.1617E+25
68.79	0.1567E+25
71.41	0.1519E+25
74.13	0.1474E+25
76.96	0.1432E+25
79.89	0.1394E+25
82.93	0.1358E+25
86.09	0.1325E+25
89.37	0.1294E+25
92.77	0.1266E+25
96.31	0.1240E+25
99.97	0.1216E+25
103.8	0.1194E+25
107.7	0.1173E+25
111.8	0.1155E+25
116.1	0.1137E+25
120.5	0.1121E+25
125.1	0.1106E+25
129.9	0.1092E+25
134.8	0.1080E+25
140.0	0.1068E+25
145.3	0.1057E+25
150.8	0.1047E+25
156.6	0.1037E+25
162.5	0.1028E+25
168.7	0.1020E+25
175.1	0.1012E+25
181.8	0.1005E+25
188.7	0.9982E+24
195.9	0.9919E+24
203.4	0.9859E+24
211.1	0.9802E+24
219.2	0.9749E+24
227.5	0.9698E+24
236.2	0.9649E+24
245.2	0.9603E+24
254.5	0.9558E+24
264.2	0.9515E+24
274.3	0.9473E+24
284.7	0.9432E+24
295.6	0.9392E+24
306.8	0.9353E+24
318.5	0.9314E+24
330.6	0.9276E+24
343.2	0.9237E+24
356.3	0.9198E+24
369.9	0.9160E+24
384.0	0.9121E+24
398.6	0.9081E+24
413.8	0.9041E+24
429.5	0.9001E+24
445.9	0.8960E+24
462.9	0.8918E+24
480.5	0.8875E+24
498.8	0.8832E+24
517.8	0.8788E+24
537.5	0.8742E+24
558.0	0.8696E+24
579.2	0.8648E+24
601.3	0.8600E+24
624.2	0.8550E+24
648.0	0.8499E+24
672.6	0.8447E+24
698.3	0.8394E+24
724.9	0.8340E+24
752.5	0.8284E+24
781.1	0.8227E+24
810.9	0.8169E+24
841.8	0.8110E+24
873.8	0.8050E+24
907.1	0.7989E+24
941.6	0.7926E+24
977.5	0.7862E+24
1015.	0.7798E+24
1053.	0.7732E+24
1094.	0.7666E+24
1135.	0.7598E+24
1178.	0.7530E+24
1223.	0.7461E+24
1270.	0.7393E+24
1318.	0.7322E+24
1368.	0.7251E+24
1421.	0.7179E+24
1475.	0.7106E+24
1531.	0.7033E+24
1589.	0.6960E+24
1650.	0.6887E+24
1712.	0.6813E+24
1778.	0.6739E+24
1845.	0.6665E+24
1916.	0.6591E+24
1989.	0.6517E+24
2064.	0.6443E+24
2143.	0.6370E+24
2225.	0.6297E+24
2309.	0.6224E+24
2397.	0.6151E+24
2489.	0.6079E+24
2583.	0.6008E+24
2682.	0.5937E+24
2784.	0.5867E+24
2890.	0.5798E+24
3000.	0.5729E+24
 
 
E/N (Td)	Energy diffusion coef. D*N (1/m/s)
0.1000E-02	0.1027E+23
0.1038E-02	0.1027E+23
0.1078E-02	0.1027E+23
0.1119E-02	0.1027E+23
0.1161E-02	0.1027E+23
0.1205E-02	0.1027E+23
0.1251E-02	0.1027E+23
0.1299E-02	0.1027E+23
0.1349E-02	0.1027E+23
0.1400E-02	0.1027E+23
0.1453E-02	0.1027E+23
0.1509E-02	0.1027E+23
0.1566E-02	0.1027E+23
0.1626E-02	0.1027E+23
0.1688E-02	0.1027E+23
0.1752E-02	0.1027E+23
0.1819E-02	0.1027E+23
0.1888E-02	0.1027E+23
0.1960E-02	0.1027E+23
0.2034E-02	0.1027E+23
0.2112E-02	0.1027E+23
0.2192E-02	0.1027E+23
0.2276E-02	0.1027E+23
0.2362E-02	0.1027E+23
0.2452E-02	0.1027E+23
0.2546E-02	0.1027E+23
0.2643E-02	0.1027E+23
0.2743E-02	0.1027E+23
0.2848E-02	0.1027E+23
0.2956E-02	0.1027E+23
0.3069E-02	0.1027E+23
0.3186E-02	0.1027E+23
0.3307E-02	0.1027E+23
0.3433E-02	0.1027E+23
0.3564E-02	0.1027E+23
0.3700E-02	0.1027E+23
0.3841E-02	0.1027E+23
0.3987E-02	0.1027E+23
0.4139E-02	0.1027E+23
0.4296E-02	0.1027E+23
0.4460E-02	0.1027E+23
0.4630E-02	0.1027E+23
0.4806E-02	0.1027E+23
0.4989E-02	0.1027E+23
0.5179E-02	0.1027E+23
0.5377E-02	0.1027E+23
0.5581E-02	0.1027E+23
0.5794E-02	0.1027E+23
0.6015E-02	0.1027E+23
0.6244E-02	0.1027E+23
0.6481E-02	0.1027E+23
0.6728E-02	0.1027E+23
0.6985E-02	0.1027E+23
0.7251E-02	0.1027E+23
0.7527E-02	0.1027E+23
0.7813E-02	0.1027E+23
0.8111E-02	0.1027E+23
0.8420E-02	0.1027E+23
0.8741E-02	0.1027E+23
0.9073E-02	0.1027E+23
0.9419E-02	0.1027E+23
0.9778E-02	0.1027E+23
0.1015E-01	0.1027E+23
0.1054E-01	0.1027E+23
0.1094E-01	0.1027E+23
0.1135E-01	0.1027E+23
0.1179E-01	0.1027E+23
0.1224E-01	0.1027E+23
0.1270E-01	0.1027E+23
0.1319E-01	0.1027E+23
0.1369E-01	0.1027E+23
0.1421E-01	0.1027E+23
0.1475E-01	0.1027E+23
0.1531E-01	0.1027E+23
0.1590E-01	0.1027E+23
0.1650E-01	0.1027E+23
0.1713E-01	0.1027E+23
0.1778E-01	0.1027E+23
0.1846E-01	0.1027E+23
0.1916E-01	0.1027E+23
0.1989E-01	0.1027E+23
0.2065E-01	0.1027E+23
0.2144E-01	0.1027E+23
0.2225E-01	0.1027E+23
0.2310E-01	0.1027E+23
0.2398E-01	0.1027E+23
0.2489E-01	0.1027E+23
0.2584E-01	0.1027E+23
0.2682E-01	0.1027E+23
0.2785E-01	0.1028E+23
0.2891E-01	0.1028E+23
0.3001E-01	0.1028E+23
0.3115E-01	0.1028E+23
0.3234E-01	0.1028E+23
0.3357E-01	0.1028E+23
0.3485E-01	0.1028E+23
0.3617E-01	0.1028E+23
0.3755E-01	0.1028E+23
0.3898E-01	0.1028E+23
0.4047E-01	0.1028E+23
0.4201E-01	0.1028E+23
0.4361E-01	0.1028E+23
0.4527E-01	0.1028E+23
0.4699E-01	0.1028E+23
0.4878E-01	0.1029E+23
0.5064E-01	0.1029E+23
0.5257E-01	0.1029E+23
0.5457E-01	0.1029E+23
0.5665E-01	0.1029E+23
0.5881E-01	0.1029E+23
0.6105E-01	0.1030E+23
0.6337E-01	0.1030E+23
0.6579E-01	0.1030E+23
0.6829E-01	0.1030E+23
0.7089E-01	0.1030E+23
0.7359E-01	0.1031E+23
0.7640E-01	0.1031E+23
0.7931E-01	0.1031E+23
0.8233E-01	0.1032E+23
0.8546E-01	0.1032E+23
0.8872E-01	0.1032E+23
0.9210E-01	0.1033E+23
0.9560E-01	0.1033E+23
0.9924E-01	0.1034E+23
0.1030	0.1034E+23
0.1069	0.1035E+23
0.1110	0.1035E+23
0.1152	0.1036E+23
0.1196	0.1037E+23
0.1242	0.1037E+23
0.1289	0.1038E+23
0.1338	0.1039E+23
0.1389	0.1040E+23
0.1442	0.1041E+23
0.1497	0.1042E+23
0.1554	0.1043E+23
0.1613	0.1045E+23
0.1675	0.1046E+23
0.1739	0.1048E+23
0.1805	0.1049E+23
0.1874	0.1051E+23
0.1945	0.1053E+23
0.2019	0.1055E+23
0.2096	0.1057E+23
0.2176	0.1060E+23
0.2259	0.1062E+23
0.2345	0.1065E+23
0.2434	0.1068E+23
0.2527	0.1071E+23
0.2623	0.1075E+23
0.2723	0.1079E+23
0.2826	0.1083E+23
0.2934	0.1088E+23
0.3046	0.1092E+23
0.3162	0.1098E+23
0.3282	0.1104E+23
0.3407	0.1110E+23
0.3537	0.1117E+23
0.3672	0.1124E+23
0.3812	0.1132E+23
0.3957	0.1141E+23
0.4107	0.1151E+23
0.4264	0.1161E+23
0.4426	0.1172E+23
0.4595	0.1184E+23
0.4770	0.1198E+23
0.4952	0.1212E+23
0.5140	0.1228E+23
0.5336	0.1245E+23
0.5539	0.1264E+23
0.5750	0.1284E+23
0.5969	0.1306E+23
0.6196	0.1329E+23
0.6432	0.1355E+23
0.6677	0.1383E+23
0.6932	0.1413E+23
0.7196	0.1446E+23
0.7470	0.1481E+23
0.7754	0.1519E+23
0.8050	0.1560E+23
0.8356	0.1604E+23
0.8674	0.1651E+23
0.9005	0.1701E+23
0.9348	0.1754E+23
0.9704	0.1810E+23
1.007	0.1870E+23
1.046	0.1933E+23
1.086	0.1999E+23
1.127	0.2067E+23
1.170	0.2139E+23
1.214	0.2214E+23
1.261	0.2290E+23
1.309	0.2369E+23
1.358	0.2450E+23
1.410	0.2532E+23
1.464	0.2615E+23
1.520	0.2699E+23
1.578	0.2784E+23
1.638	0.2868E+23
1.700	0.2952E+23
1.765	0.3036E+23
1.832	0.3118E+23
1.902	0.3199E+23
1.974	0.3279E+23
2.049	0.3357E+23
2.127	0.3434E+23
2.208	0.3508E+23
2.293	0.3581E+23
2.380	0.3651E+23
2.470	0.3719E+23
2.565	0.3786E+23
2.662	0.3850E+23
2.764	0.3912E+23
2.869	0.3973E+23
2.978	0.4031E+23
3.092	0.4088E+23
3.209	0.4144E+23
3.332	0.4198E+23
3.458	0.4250E+23
3.590	0.4302E+23
3.727	0.4352E+23
3.869	0.4402E+23
4.016	0.4451E+23
4.169	0.4499E+23
4.328	0.4547E+23
4.493	0.4595E+23
4.664	0.4642E+23
4.841	0.4689E+23
5.026	0.4737E+23
5.217	0.4785E+23
5.416	0.4834E+23
5.622	0.4882E+23
5.836	0.4931E+23
6.059	0.4981E+23
6.289	0.5033E+23
6.529	0.5085E+23
6.778	0.5138E+23
7.036	0.5193E+23
7.304	0.5252E+23
7.582	0.5310E+23
7.871	0.5370E+23
8.170	0.5432E+23
8.482	0.5498E+23
8.805	0.5565E+23
9.140	0.5635E+23
9.488	0.5709E+23
9.849	0.5785E+23
10.22	0.5865E+23
10.61	0.5954E+23
11.02	0.6043E+23
11.44	0.6137E+23
11.87	0.6237E+23
12.33	0.6351E+23
12.80	0.6466E+23
13.28	0.6590E+23
13.79	0.6724E+23
14.31	0.6879E+23
14.86	0.7041E+23
15.42	0.7222E+23
16.01	0.7425E+23
16.62	0.7679E+23
17.25	0.7945E+23
17.91	0.8253E+23
18.59	0.8614E+23
19.30	0.9040E+23
20.04	0.9551E+23
20.80	0.1017E+24
21.59	0.1095E+24
22.42	0.1186E+24
23.27	0.1297E+24
24.16	0.1439E+24
25.08	0.1624E+24
26.03	0.1827E+24
27.02	0.2074E+24
28.05	0.2377E+24
29.12	0.2732E+24
30.23	0.3153E+24
31.38	0.3680E+24
32.57	0.4254E+24
33.82	0.4908E+24
35.10	0.5643E+24
36.44	0.6452E+24
37.83	0.7327E+24
39.27	0.8255E+24
40.76	0.9220E+24
42.32	0.1020E+25
43.93	0.1118E+25
45.60	0.1214E+25
47.34	0.1306E+25
49.14	0.1393E+25
51.01	0.1473E+25
52.96	0.1547E+25
54.97	0.1615E+25
57.07	0.1676E+25
59.24	0.1731E+25
61.50	0.1781E+25
63.84	0.1825E+25
66.27	0.1866E+25
68.79	0.1904E+25
71.41	0.1939E+25
74.13	0.1971E+25
76.96	0.2002E+25
79.89	0.2032E+25
82.93	0.2061E+25
86.09	0.2090E+25
89.37	0.2119E+25
92.77	0.2148E+25
96.31	0.2177E+25
99.97	0.2207E+25
103.8	0.2238E+25
107.7	0.2269E+25
111.8	0.2301E+25
116.1	0.2335E+25
120.5	0.2369E+25
125.1	0.2405E+25
129.9	0.2442E+25
134.8	0.2480E+25
140.0	0.2520E+25
145.3	0.2560E+25
150.8	0.2602E+25
156.6	0.2646E+25
162.5	0.2691E+25
168.7	0.2736E+25
175.1	0.2784E+25
181.8	0.2832E+25
188.7	0.2882E+25
195.9	0.2932E+25
203.4	0.2984E+25
211.1	0.3037E+25
219.2	0.3090E+25
227.5	0.3145E+25
236.2	0.3201E+25
245.2	0.3257E+25
254.5	0.3315E+25
264.2	0.3373E+25
274.3	0.3432E+25
284.7	0.3492E+25
295.6	0.3553E+25
306.8	0.3615E+25
318.5	0.3677E+25
330.6	0.3741E+25
343.2	0.3805E+25
356.3	0.3870E+25
369.9	0.3936E+25
384.0	0.4003E+25
398.6	0.4072E+25
413.8	0.4140E+25
429.5	0.4211E+25
445.9	0.4282E+25
462.9	0.4354E+25
480.5	0.4428E+25
498.8	0.4503E+25
517.8	0.4579E+25
537.5	0.4656E+25
558.0	0.4735E+25
579.2	0.4815E+25
601.3	0.4896E+25
624.2	0.4979E+25
648.0	0.5064E+25
672.6	0.5150E+25
698.3	0.5238E+25
724.9	0.5327E+25
752.5	0.5418E+25
781.1	0.5511E+25
810.9	0.5606E+25
841.8	0.5702E+25
873.8	0.5801E+25
907.1	0.5902E+25
941.6	0.6004E+25
977.5	0.6109E+25
1015.	0.6216E+25
1053.	0.6326E+25
1094.	0.6438E+25
1135.	0.6552E+25
1178.	0.6669E+25
1223.	0.6789E+25
1270.	0.6915E+25
1318.	0.7040E+25
1368.	0.7168E+25
1421.	0.7299E+25
1475.	0.7434E+25
1531.	0.7572E+25
1589.	0.7714E+25
1650.	0.7860E+25
1712.	0.8010E+25
1778.	0.8163E+25
1845.	0.8321E+25
1916.	0.8485E+25
1989.	0.8653E+25
2064.	0.8826E+25
2143.	0.9005E+25
2225.	0.9190E+25
2309.	0.9381E+25
2397.	0.9581E+25
2489.	0.9787E+25
2583.	0.1000E+26
2682.	0.1022E+26
2784.	0.1046E+26
2890.	0.1070E+26
3000.	0.1095E+26
 
 
E/N (Td)	Total collision freq. /N (m3/s)
0.1000E-02	0.1302E-11
0.1038E-02	0.1302E-11
0.1078E-02	0.1302E-11
0.1119E-02	0.1302E-11
0.1161E-02	0.1302E-11
0.1205E-02	0.1302E-11
0.1251E-02	0.1302E-11
0.1299E-02	0.1302E-11
0.1349E-02	0.1302E-11
0.1400E-02	0.1302E-11
0.1453E-02	0.1302E-11
0.1509E-02	0.1302E-11
0.1566E-02	0.1302E-11
0.1626E-02	0.1302E-11
0.1688E-02	0.1302E-11
0.1752E-02	0.1302E-11
0.1819E-02	0.1302E-11
0.1888E-02	0.1302E-11
0.1960E-02	0.1302E-11
0.2034E-02	0.1302E-11
0.2112E-02	0.1302E-11
0.2192E-02	0.1302E-11
0.2276E-02	0.1302E-11
0.2362E-02	0.1302E-11
0.2452E-02	0.1302E-11
0.2546E-02	0.1302E-11
0.2643E-02	0.1302E-11
0.2743E-02	0.1302E-11
0.2848E-02	0.1302E-11
0.2956E-02	0.1302E-11
0.3069E-02	0.1302E-11
0.3186E-02	0.1302E-11
0.3307E-02	0.1302E-11
0.3433E-02	0.1302E-11
0.3564E-02	0.1302E-11
0.3700E-02	0.1302E-11
0.3841E-02	0.1302E-11
0.3987E-02	0.1302E-11
0.4139E-02	0.1302E-11
0.4296E-02	0.1302E-11
0.4460E-02	0.1302E-11
0.4630E-02	0.1302E-11
0.4806E-02	0.1302E-11
0.4989E-02	0.1302E-11
0.5179E-02	0.1302E-11
0.5377E-02	0.1302E-11
0.5581E-02	0.1302E-11
0.5794E-02	0.1302E-11
0.6015E-02	0.1302E-11
0.6244E-02	0.1302E-11
0.6481E-02	0.1302E-11
0.6728E-02	0.1302E-11
0.6985E-02	0.1302E-11
0.7251E-02	0.1302E-11
0.7527E-02	0.1302E-11
0.7813E-02	0.1302E-11
0.8111E-02	0.1302E-11
0.8420E-02	0.1302E-11
0.8741E-02	0.1302E-11
0.9073E-02	0.1302E-11
0.9419E-02	0.1302E-11
0.9778E-02	0.1302E-11
0.1015E-01	0.1302E-11
0.1054E-01	0.1302E-11
0.1094E-01	0.1302E-11
0.1135E-01	0.1302E-11
0.1179E-01	0.1302E-11
0.1224E-01	0.1302E-11
0.1270E-01	0.1302E-11
0.1319E-01	0.1302E-11
0.1369E-01	0.1302E-11
0.1421E-01	0.1302E-11
0.1475E-01	0.1302E-11
0.1531E-01	0.1302E-11
0.1590E-01	0.1302E-11
0.1650E-01	0.1302E-11
0.1713E-01	0.1302E-11
0.1778E-01	0.1302E-11
0.1846E-01	0.1302E-11
0.1916E-01	0.1302E-11
0.1989E-01	0.1302E-11
0.2065E-01	0.1302E-11
0.2144E-01	0.1302E-11
0.2225E-01	0.1302E-11
0.2310E-01	0.1302E-11
0.2398E-01	0.1302E-11
0.2489E-01	0.1302E-11
0.2584E-01	0.1302E-11
0.2682E-01	0.1302E-11
0.2785E-01	0.1302E-11
0.2891E-01	0.1302E-11
0.3001E-01	0.1302E-11
0.3115E-01	0.1302E-11
0.3234E-01	0.1302E-11
0.3357E-01	0.1302E-11
0.3485E-01	0.1302E-11
0.3617E-01	0.1302E-11
0.3755E-01	0.1302E-11
0.3898E-01	0.1302E-11
0.4047E-01	0.1302E-11
0.4201E-01	0.1302E-11
0.4361E-01	0.1302E-11
0.4527E-01	0.1302E-11
0.4699E-01	0.1302E-11
0.4878E-01	0.1302E-11
0.5064E-01	0.1302E-11
0.5257E-01	0.1302E-11
0.5457E-01	0.1302E-11
0.5665E-01	0.1302E-11
0.5881E-01	0.1302E-11
0.6105E-01	0.1302E-11
0.6337E-01	0.1302E-11
0.6579E-01	0.1302E-11
0.6829E-01	0.1302E-11
0.7089E-01	0.1302E-11
0.7359E-01	0.1302E-11
0.7640E-01	0.1302E-11
0.7931E-01	0.1302E-11
0.8233E-01	0.1302E-11
0.8546E-01	0.1302E-11
0.8872E-01	0.1302E-11
0.9210E-01	0.1302E-11
0.9560E-01	0.1302E-11
0.9924E-01	0.1302E-11
0.1030	0.1302E-11
0.1069	0.1302E-11
0.1110	0.1301E-11
0.1152	0.1301E-11
0.1196	0.1301E-11
0.1242	0.1301E-11
0.1289	0.1301E-11
0.1338	0.1301E-11
0.1389	0.1301E-11
0.1442	0.1301E-11
0.1497	0.1301E-11
0.1554	0.1301E-11
0.1613	0.1301E-11
0.1675	0.1300E-11
0.1739	0.1300E-11
0.1805	0.1300E-11
0.1874	0.1300E-11
0.1945	0.1300E-11
0.2019	0.1300E-11
0.2096	0.1299E-11
0.2176	0.1299E-11
0.2259	0.1299E-11
0.2345	0.1299E-11
0.2434	0.1298E-11
0.2527	0.1298E-11
0.2623	0.1298E-11
0.2723	0.1297E-11
0.2826	0.1297E-11
0.2934	0.1296E-11
0.3046	0.1296E-11
0.3162	0.1295E-11
0.3282	0.1295E-11
0.3407	0.1294E-11
0.3537	0.1294E-11
0.3672	0.1293E-11
0.3812	0.1292E-11
0.3957	0.1292E-11
0.4107	0.1291E-11
0.4264	0.1290E-11
0.4426	0.1289E-11
0.4595	0.1288E-11
0.4770	0.1287E-11
0.4952	0.1285E-11
0.5140	0.1284E-11
0.5336	0.1283E-11
0.5539	0.1281E-11
0.5750	0.1279E-11
0.5969	0.1278E-11
0.6196	0.1276E-11
0.6432	0.1274E-11
0.6677	0.1272E-11
0.6932	0.1269E-11
0.7196	0.1267E-11
0.7470	0.1264E-11
0.7754	0.1261E-11
0.8050	0.1258E-11
0.8356	0.1255E-11
0.8674	0.1251E-11
0.9005	0.1247E-11
0.9348	0.1243E-11
0.9704	0.1239E-11
1.007	0.1235E-11
1.046	0.1230E-11
1.086	0.1225E-11
1.127	0.1220E-11
1.170	0.1214E-11
1.214	0.1209E-11
1.261	0.1203E-11
1.309	0.1197E-11
1.358	0.1191E-11
1.410	0.1185E-11
1.464	0.1178E-11
1.520	0.1172E-11
1.578	0.1165E-11
1.638	0.1158E-11
1.700	0.1152E-11
1.765	0.1145E-11
1.832	0.1138E-11
1.902	0.1132E-11
1.974	0.1125E-11
2.049	0.1119E-11
2.127	0.1112E-11
2.208	0.1106E-11
2.293	0.1100E-11
2.380	0.1094E-11
2.470	0.1088E-11
2.565	0.1082E-11
2.662	0.1076E-11
2.764	0.1070E-11
2.869	0.1065E-11
2.978	0.1060E-11
3.092	0.1054E-11
3.209	0.1049E-11
3.332	0.1044E-11
3.458	0.1039E-11
3.590	0.1034E-11
3.727	0.1029E-11
3.869	0.1024E-11
4.016	0.1019E-11
4.169	0.1014E-11
4.328	0.1009E-11
4.493	0.1004E-11
4.664	0.9995E-12
4.841	0.9947E-12
5.026	0.9899E-12
5.217	0.9851E-12
5.416	0.9804E-12
5.622	0.9756E-12
5.836	0.9709E-12
6.059	0.9662E-12
6.289	0.9614E-12
6.529	0.9567E-12
6.778	0.9520E-12
7.036	0.9473E-12
7.304	0.9427E-12
7.582	0.9380E-12
7.871	0.9333E-12
8.170	0.9286E-12
8.482	0.9238E-12
8.805	0.9191E-12
9.140	0.9144E-12
9.488	0.9102E-12
9.849	0.9055E-12
10.22	0.9008E-12
10.61	0.8963E-12
11.02	0.8916E-12
11.44	0.8868E-12
11.87	0.8821E-12
12.33	0.8768E-12
12.80	0.8720E-12
13.28	0.8672E-12
13.79	0.8624E-12
14.31	0.8575E-12
14.86	0.8526E-12
15.42	0.8476E-12
16.01	0.8426E-12
16.62	0.8362E-12
17.25	0.8312E-12
17.91	0.8260E-12
18.59	0.8208E-12
19.30	0.8171E-12
20.04	0.8117E-12
20.80	0.8061E-12
21.59	0.8011E-12
22.42	0.7953E-12
23.27	0.7893E-12
24.16	0.7845E-12
25.08	0.7806E-12
26.03	0.7738E-12
27.02	0.7668E-12
28.05	0.7643E-12
29.12	0.7564E-12
30.23	0.7481E-12
31.38	0.7411E-12
32.57	0.7317E-12
33.82	0.7217E-12
35.10	0.7107E-12
36.44	0.6991E-12
37.83	0.6866E-12
39.27	0.6731E-12
40.76	0.6585E-12
42.32	0.6428E-12
43.93	0.6259E-12
45.60	0.6078E-12
47.34	0.5884E-12
49.14	0.5679E-12
51.01	0.5464E-12
52.96	0.5240E-12
54.97	0.5009E-12
57.07	0.4775E-12
59.24	0.4537E-12
61.50	0.4303E-12
63.84	0.4076E-12
66.27	0.3856E-12
68.79	0.3648E-12
71.41	0.3453E-12
74.13	0.3275E-12
76.96	0.3111E-12
79.89	0.2963E-12
82.93	0.2832E-12
86.09	0.2716E-12
89.37	0.2616E-12
92.77	0.2531E-12
96.31	0.2458E-12
99.97	0.2396E-12
103.8	0.2346E-12
107.7	0.2304E-12
111.8	0.2272E-12
116.1	0.2247E-12
120.5	0.2228E-12
125.1	0.2215E-12
129.9	0.2207E-12
134.8	0.2203E-12
140.0	0.2203E-12
145.3	0.2207E-12
150.8	0.2212E-12
156.6	0.2221E-12
162.5	0.2231E-12
168.7	0.2243E-12
175.1	0.2256E-12
181.8	0.2271E-12
188.7	0.2286E-12
195.9	0.2302E-12
203.4	0.2318E-12
211.1	0.2335E-12
219.2	0.2353E-12
227.5	0.2370E-12
236.2	0.2387E-12
245.2	0.2405E-12
254.5	0.2422E-12
264.2	0.2440E-12
274.3	0.2457E-12
284.7	0.2474E-12
295.6	0.2491E-12
306.8	0.2507E-12
318.5	0.2524E-12
330.6	0.2540E-12
343.2	0.2556E-12
356.3	0.2572E-12
369.9	0.2588E-12
384.0	0.2603E-12
398.6	0.2619E-12
413.8	0.2634E-12
429.5	0.2649E-12
445.9	0.2664E-12
462.9	0.2679E-12
480.5	0.2694E-12
498.8	0.2709E-12
517.8	0.2724E-12
537.5	0.2739E-12
558.0	0.2754E-12
579.2	0.2768E-12
601.3	0.2783E-12
624.2	0.2798E-12
648.0	0.2813E-12
672.6	0.2828E-12
698.3	0.2843E-12
724.9	0.2858E-12
752.5	0.2873E-12
781.1	0.2888E-12
810.9	0.2904E-12
841.8	0.2919E-12
873.8	0.2935E-12
907.1	0.2950E-12
941.6	0.2966E-12
977.5	0.2982E-12
1015.	0.2999E-12
1053.	0.3015E-12
1094.	0.3032E-12
1135.	0.3049E-12
1178.	0.3066E-12
1223.	0.3083E-12
1270.	0.3101E-12
1318.	0.3119E-12
1368.	0.3137E-12
1421.	0.3156E-12
1475.	0.3174E-12
1531.	0.3193E-12
1589.	0.3213E-12
1650.	0.3232E-12
1712.	0.3252E-12
1778.	0.3273E-12
1845.	0.3293E-12
1916.	0.3314E-12
1989.	0.3336E-12
2064.	0.3357E-12
2143.	0.3379E-12
2225.	0.3402E-12
2309.	0.3424E-12
2397.	0.3447E-12
2489.	0.3471E-12
2583.	0.3495E-12
2682.	0.3519E-12
2784.	0.3543E-12
2890.	0.3568E-12
3000.	0.3593E-12
 
 
E/N (Td)	Momentum frequency /N (m3/s)
0.1000E-02	0.9164E-12
0.1038E-02	0.9163E-12
0.1078E-02	0.9163E-12
0.1119E-02	0.9163E-12
0.1161E-02	0.9163E-12
0.1205E-02	0.9163E-12
0.1251E-02	0.9163E-12
0.1299E-02	0.9163E-12
0.1349E-02	0.9163E-12
0.1400E-02	0.9163E-12
0.1453E-02	0.9163E-12
0.1509E-02	0.9163E-12
0.1566E-02	0.9163E-12
0.1626E-02	0.9163E-12
0.1688E-02	0.9163E-12
0.1752E-02	0.9163E-12
0.1819E-02	0.9163E-12
0.1888E-02	0.9163E-12
0.1960E-02	0.9163E-12
0.2034E-02	0.9163E-12
0.2112E-02	0.9163E-12
0.2192E-02	0.9163E-12
0.2276E-02	0.9163E-12
0.2362E-02	0.9163E-12
0.2452E-02	0.9163E-12
0.2546E-02	0.9163E-12
0.2643E-02	0.9163E-12
0.2743E-02	0.9163E-12
0.2848E-02	0.9163E-12
0.2956E-02	0.9163E-12
0.3069E-02	0.9163E-12
0.3186E-02	0.9163E-12
0.3307E-02	0.9163E-12
0.3433E-02	0.9163E-12
0.3564E-02	0.9163E-12
0.3700E-02	0.9163E-12
0.3841E-02	0.9163E-12
0.3987E-02	0.9163E-12
0.4139E-02	0.9163E-12
0.4296E-02	0.9163E-12
0.4460E-02	0.9163E-12
0.4630E-02	0.9163E-12
0.4806E-02	0.9163E-12
0.4989E-02	0.9163E-12
0.5179E-02	0.9163E-12
0.5377E-02	0.9163E-12
0.5581E-02	0.9163E-12
0.5794E-02	0.9163E-12
0.6015E-02	0.9163E-12
0.6244E-02	0.9163E-12
0.6481E-02	0.9163E-12
0.6728E-02	0.9163E-12
0.6985E-02	0.9163E-12
0.7251E-02	0.9163E-12
0.7527E-02	0.9163E-12
0.7813E-02	0.9163E-12
0.8111E-02	0.9163E-12
0.8420E-02	0.9163E-12
0.8741E-02	0.9163E-12
0.9073E-02	0.9163E-12
0.9419E-02	0.9163E-12
0.9778E-02	0.9163E-12
0.1015E-01	0.9163E-12
0.1054E-01	0.9163E-12
0.1094E-01	0.9163E-12
0.1135E-01	0.9163E-12
0.1179E-01	0.9163E-12
0.1224E-01	0.9163E-12
0.1270E-01	0.9163E-12
0.1319E-01	0.9163E-12
0.1369E-01	0.9163E-12
0.1421E-01	0.9163E-12
0.1475E-01	0.9163E-12
0.1531E-01	0.9163E-12
0.1590E-01	0.9163E-12
0.1650E-01	0.9163E-12
0.1713E-01	0.9163E-12
0.1778E-01	0.9163E-12
0.1846E-01	0.9163E-12
0.1916E-01	0.9163E-12
0.1989E-01	0.9163E-12
0.2065E-01	0.9163E-12
0.2144E-01	0.9163E-12
0.2225E-01	0.9163E-12
0.2310E-01	0.9163E-12
0.2398E-01	0.9163E-12
0.2489E-01	0.9163E-12
0.2584E-01	0.9162E-12
0.2682E-01	0.9162E-12
0.2785E-01	0.9162E-12
0.2891E-01	0.9162E-12
0.3001E-01	0.9162E-12
0.3115E-01	0.9162E-12
0.3234E-01	0.9162E-12
0.3357E-01	0.9162E-12
0.3485E-01	0.9162E-12
0.3617E-01	0.9162E-12
0.3755E-01	0.9162E-12
0.3898E-01	0.9161E-12
0.4047E-01	0.9161E-12
0.4201E-01	0.9161E-12
0.4361E-01	0.9161E-12
0.4527E-01	0.9161E-12
0.4699E-01	0.9161E-12
0.4878E-01	0.9160E-12
0.5064E-01	0.9160E-12
0.5257E-01	0.9160E-12
0.5457E-01	0.9160E-12
0.5665E-01	0.9159E-12
0.5881E-01	0.9159E-12
0.6105E-01	0.9159E-12
0.6337E-01	0.9158E-12
0.6579E-01	0.9158E-12
0.6829E-01	0.9158E-12
0.7089E-01	0.9157E-12
0.7359E-01	0.9157E-12
0.7640E-01	0.9156E-12
0.7931E-01	0.9156E-12
0.8233E-01	0.9155E-12
0.8546E-01	0.9154E-12
0.8872E-01	0.9154E-12
0.9210E-01	0.9153E-12
0.9560E-01	0.9152E-12
0.9924E-01	0.9151E-12
0.1030	0.9150E-12
0.1069	0.9149E-12
0.1110	0.9148E-12
0.1152	0.9147E-12
0.1196	0.9146E-12
0.1242	0.9144E-12
0.1289	0.9143E-12
0.1338	0.9141E-12
0.1389	0.9140E-12
0.1442	0.9138E-12
0.1497	0.9136E-12
0.1554	0.9134E-12
0.1613	0.9131E-12
0.1675	0.9129E-12
0.1739	0.9126E-12
0.1805	0.9123E-12
0.1874	0.9120E-12
0.1945	0.9117E-12
0.2019	0.9113E-12
0.2096	0.9109E-12
0.2176	0.9105E-12
0.2259	0.9100E-12
0.2345	0.9095E-12
0.2434	0.9090E-12
0.2527	0.9084E-12
0.2623	0.9078E-12
0.2723	0.9071E-12
0.2826	0.9064E-12
0.2934	0.9056E-12
0.3046	0.9047E-12
0.3162	0.9038E-12
0.3282	0.9028E-12
0.3407	0.9017E-12
0.3537	0.9006E-12
0.3672	0.8993E-12
0.3812	0.8980E-12
0.3957	0.8965E-12
0.4107	0.8950E-12
0.4264	0.8933E-12
0.4426	0.8914E-12
0.4595	0.8894E-12
0.4770	0.8873E-12
0.4952	0.8850E-12
0.5140	0.8825E-12
0.5336	0.8798E-12
0.5539	0.8769E-12
0.5750	0.8738E-12
0.5969	0.8704E-12
0.6196	0.8668E-12
0.6432	0.8629E-12
0.6677	0.8587E-12
0.6932	0.8542E-12
0.7196	0.8494E-12
0.7470	0.8443E-12
0.7754	0.8388E-12
0.8050	0.8330E-12
0.8356	0.8268E-12
0.8674	0.8202E-12
0.9005	0.8133E-12
0.9348	0.8059E-12
0.9704	0.7982E-12
1.007	0.7902E-12
1.046	0.7818E-12
1.086	0.7730E-12
1.127	0.7639E-12
1.170	0.7546E-12
1.214	0.7450E-12
1.261	0.7352E-12
1.309	0.7252E-12
1.358	0.7151E-12
1.410	0.7050E-12
1.464	0.6948E-12
1.520	0.6846E-12
1.578	0.6745E-12
1.638	0.6645E-12
1.700	0.6546E-12
1.765	0.6450E-12
1.832	0.6355E-12
1.902	0.6264E-12
1.974	0.6174E-12
2.049	0.6088E-12
2.127	0.6004E-12
2.208	0.5924E-12
2.293	0.5846E-12
2.380	0.5772E-12
2.470	0.5701E-12
2.565	0.5633E-12
2.662	0.5567E-12
2.764	0.5505E-12
2.869	0.5445E-12
2.978	0.5387E-12
3.092	0.5331E-12
3.209	0.5278E-12
3.332	0.5226E-12
3.458	0.5176E-12
3.590	0.5128E-12
3.727	0.5081E-12
3.869	0.5036E-12
4.016	0.4992E-12
4.169	0.4949E-12
4.328	0.4907E-12
4.493	0.4866E-12
4.664	0.4826E-12
4.841	0.4787E-12
5.026	0.4749E-12
5.217	0.4711E-12
5.416	0.4673E-12
5.622	0.4636E-12
5.836	0.4600E-12
6.059	0.4564E-12
6.289	0.4529E-12
6.529	0.4493E-12
6.778	0.4458E-12
7.036	0.4424E-12
7.304	0.4388E-12
7.582	0.4353E-12
7.871	0.4319E-12
8.170	0.4285E-12
8.482	0.4249E-12
8.805	0.4215E-12
9.140	0.4180E-12
9.488	0.4150E-12
9.849	0.4115E-12
10.22	0.4080E-12
10.61	0.4045E-12
11.02	0.4010E-12
11.44	0.3975E-12
11.87	0.3939E-12
12.33	0.3899E-12
12.80	0.3863E-12
13.28	0.3826E-12
13.79	0.3790E-12
14.31	0.3749E-12
14.86	0.3712E-12
15.42	0.3673E-12
16.01	0.3634E-12
16.62	0.3583E-12
17.25	0.3543E-12
17.91	0.3502E-12
18.59	0.3460E-12
19.30	0.3429E-12
20.04	0.3385E-12
20.80	0.3339E-12
21.59	0.3286E-12
22.42	0.3238E-12
23.27	0.3188E-12
24.16	0.3131E-12
25.08	0.3062E-12
26.03	0.3007E-12
27.02	0.2951E-12
28.05	0.2906E-12
29.12	0.2845E-12
30.23	0.2782E-12
31.38	0.2720E-12
32.57	0.2653E-12
33.82	0.2586E-12
35.10	0.2515E-12
36.44	0.2446E-12
37.83	0.2377E-12
39.27	0.2308E-12
40.76	0.2240E-12
42.32	0.2174E-12
43.93	0.2111E-12
45.60	0.2051E-12
47.34	0.1994E-12
49.14	0.1942E-12
51.01	0.1895E-12
52.96	0.1854E-12
54.97	0.1819E-12
57.07	0.1789E-12
59.24	0.1766E-12
61.50	0.1750E-12
63.84	0.1739E-12
66.27	0.1735E-12
68.79	0.1737E-12
71.41	0.1745E-12
74.13	0.1760E-12
76.96	0.1777E-12
79.89	0.1798E-12
82.93	0.1824E-12
86.09	0.1852E-12
89.37	0.1883E-12
92.77	0.1919E-12
96.31	0.1954E-12
99.97	0.1991E-12
103.8	0.2029E-12
107.7	0.2068E-12
111.8	0.2107E-12
116.1	0.2147E-12
120.5	0.2187E-12
125.1	0.2226E-12
129.9	0.2265E-12
134.8	0.2304E-12
140.0	0.2342E-12
145.3	0.2379E-12
150.8	0.2416E-12
156.6	0.2451E-12
162.5	0.2486E-12
168.7	0.2520E-12
175.1	0.2552E-12
181.8	0.2584E-12
188.7	0.2614E-12
195.9	0.2643E-12
203.4	0.2672E-12
211.1	0.2699E-12
219.2	0.2726E-12
227.5	0.2751E-12
236.2	0.2776E-12
245.2	0.2799E-12
254.5	0.2822E-12
264.2	0.2844E-12
274.3	0.2866E-12
284.7	0.2887E-12
295.6	0.2907E-12
306.8	0.2926E-12
318.5	0.2946E-12
330.6	0.2964E-12
343.2	0.2983E-12
356.3	0.3001E-12
369.9	0.3019E-12
384.0	0.3036E-12
398.6	0.3054E-12
413.8	0.3071E-12
429.5	0.3088E-12
445.9	0.3106E-12
462.9	0.3123E-12
480.5	0.3140E-12
498.8	0.3157E-12
517.8	0.3175E-12
537.5	0.3193E-12
558.0	0.3211E-12
579.2	0.3229E-12
601.3	0.3248E-12
624.2	0.3267E-12
648.0	0.3286E-12
672.6	0.3306E-12
698.3	0.3326E-12
724.9	0.3346E-12
752.5	0.3368E-12
781.1	0.3389E-12
810.9	0.3412E-12
841.8	0.3435E-12
873.8	0.3459E-12
907.1	0.3483E-12
941.6	0.3509E-12
977.5	0.3535E-12
1015.	0.3562E-12
1053.	0.3589E-12
1094.	0.3618E-12
1135.	0.3647E-12
1178.	0.3678E-12
1223.	0.3709E-12
1270.	0.3741E-12
1318.	0.3775E-12
1368.	0.3809E-12
1421.	0.3845E-12
1475.	0.3881E-12
1531.	0.3919E-12
1589.	0.3958E-12
1650.	0.3998E-12
1712.	0.4040E-12
1778.	0.4082E-12
1845.	0.4126E-12
1916.	0.4171E-12
1989.	0.4217E-12
2064.	0.4264E-12
2143.	0.4313E-12
2225.	0.4362E-12
2309.	0.4413E-12
2397.	0.4466E-12
2489.	0.4519E-12
2583.	0.4573E-12
2682.	0.4629E-12
2784.	0.4686E-12
2890.	0.4744E-12
3000.	0.4803E-12
 
 
E/N (Td)	Total ionization freq. /N (m3/s)
0.1000E-02	0.000
0.1038E-02	0.000
0.1078E-02	0.000
0.1119E-02	0.000
0.1161E-02	0.000
0.1205E-02	0.000
0.1251E-02	0.000
0.1299E-02	0.000
0.1349E-02	0.000
0.1400E-02	0.000
0.1453E-02	0.000
0.1509E-02	0.000
0.1566E-02	0.000
0.1626E-02	0.000
0.1688E-02	0.000
0.1752E-02	0.000
0.1819E-02	0.000
0.1888E-02	0.000
0.1960E-02	0.000
0.2034E-02	0.000
0.2112E-02	0.000
0.2192E-02	0.000
0.2276E-02	0.000
0.2362E-02	0.000
0.2452E-02	0.000
0.2546E-02	0.000
0.2643E-02	0.000
0.2743E-02	0.000
0.2848E-02	0.000
0.2956E-02	0.000
0.3069E-02	0.000
0.3186E-02	0.000
0.3307E-02	0.000
0.3433E-02	0.000
0.3564E-02	0.000
0.3700E-02	0.000
0.3841E-02	0.000
0.3987E-02	0.000
0.4139E-02	0.000
0.4296E-02	0.000
0.4460E-02	0.000
0.4630E-02	0.000
0.4806E-02	0.000
0.4989E-02	0.000
0.5179E-02	0.000
0.5377E-02	0.000
0.5581E-02	0.000
0.5794E-02	0.000
0.6015E-02	0.000
0.6244E-02	0.000
0.6481E-02	0.000
0.6728E-02	0.000
0.6985E-02	0.000
0.7251E-02	0.000
0.7527E-02	0.000
0.7813E-02	0.000
0.8111E-02	0.000
0.8420E-02	0.000
0.8741E-02	0.000
0.9073E-02	0.000
0.9419E-02	0.000
0.9778E-02	0.000
0.1015E-01	0.000
0.1054E-01	0.000
0.1094E-01	0.000
0.1135E-01	0.000
0.1179E-01	0.000
0.1224E-01	0.000
0.1270E-01	0.000
0.1319E-01	0.000
0.1369E-01	0.000
0.1421E-01	0.000
0.1475E-01	0.000
0.1531E-01	0.000
0.1590E-01	0.000
0.1650E-01	0.000
0.1713E-01	0.000
0.1778E-01	0.000
0.1846E-01	0.000
0.1916E-01	0.000
0.1989E-01	0.000
0.2065E-01	0.000
0.2144E-01	0.000
0.2225E-01	0.000
0.2310E-01	0.000
0.2398E-01	0.000
0.2489E-01	0.000
0.2584E-01	0.000
0.2682E-01	0.000
0.2785E-01	0.000
0.2891E-01	0.000
0.3001E-01	0.000
0.3115E-01	0.000
0.3234E-01	0.000
0.3357E-01	0.000
0.3485E-01	0.000
0.3617E-01	0.000
0.3755E-01	0.000
0.3898E-01	0.000
0.4047E-01	0.000
0.4201E-01	0.000
0.4361E-01	0.000
0.4527E-01	0.000
0.4699E-01	0.000
0.4878E-01	0.000
0.5064E-01	0.000
0.5257E-01	0.000
0.5457E-01	0.000
0.5665E-01	0.000
0.5881E-01	0.000
0.6105E-01	0.000
0.6337E-01	0.000
0.6579E-01	0.000
0.6829E-01	0.000
0.7089E-01	0.000
0.7359E-01	0.000
0.7640E-01	0.000
0.7931E-01	0.000
0.8233E-01	0.000
0.8546E-01	0.000
0.8872E-01	0.000
0.9210E-01	0.000
0.9560E-01	0.000
0.9924E-01	0.000
0.1030	0.000
0.1069	0.000
0.1110	0.000
0.1152	0.000
0.1196	0.000
0.1242	0.000
0.1289	0.000
0.1338	0.000
0.1389	0.000
0.1442	0.000
0.1497	0.000
0.1554	0.000
0.1613	0.000
0.1675	0.000
0.1739	0.000
0.1805	0.000
0.1874	0.000
0.1945	0.000
0.2019	0.000
0.2096	0.000
0.2176	0.000
0.2259	0.000
0.2345	0.000
0.2434	0.000
0.2527	0.000
0.2623	0.000
0.2723	0.000
0.2826	0.000
0.2934	0.000
0.3046	0.000
0.3162	0.000
0.3282	0.000
0.3407	0.000
0.3537	0.000
0.3672	0.000
0.3812	0.000
0.3957	0.000
0.4107	0.000
0.4264	0.000
0.4426	0.000
0.4595	0.000
0.4770	0.000
0.4952	0.000
0.5140	0.000
0.5336	0.000
0.5539	0.000
0.5750	0.000
0.5969	0.000
0.6196	0.000
0.6432	0.000
0.6677	0.000
0.6932	0.000
0.7196	0.000
0.7470	0.000
0.7754	0.000
0.8050	0.000
0.8356	0.000
0.8674	0.000
0.9005	0.000
0.9348	0.000
0.9704	0.000
1.007	0.000
1.046	0.000
1.086	0.000
1.127	0.000
1.170	0.000
1.214	0.000
1.261	0.000
1.309	0.000
1.358	0.000
1.410	0.000
1.464	0.000
1.520	0.000
1.578	0.000
1.638	0.000
1.700	0.000
1.765	0.000
1.832	0.000
1.902	0.000
1.974	0.000
2.049	0.000
2.127	0.000
2.208	0.000
2.293	0.000
2.380	0.000
2.470	0.000
2.565	0.000
2.662	0.000
2.764	0.000
2.869	0.000
2.978	0.000
3.092	0.000
3.209	0.000
3.332	0.000
3.458	0.000
3.590	0.000
3.727	0.000
3.869	0.000
4.016	0.000
4.169	0.000
4.328	0.000
4.493	0.000
4.664	0.000
4.841	0.000
5.026	0.000
5.217	0.000
5.416	0.000
5.622	0.000
5.836	0.000
6.059	0.000
6.289	0.000
6.529	0.000
6.778	0.000
7.036	0.000
7.304	0.000
7.582	0.000
7.871	0.000
8.170	0.000
8.482	0.000
8.805	0.000
9.140	0.000
9.488	0.000
9.849	0.000
10.22	0.000
10.61	0.000
11.02	0.000
11.44	0.000
11.87	0.000
12.33	0.000
12.80	0.000
13.28	0.000
13.79	0.000
14.31	0.000
14.86	0.000
15.42	0.000
16.01	0.000
16.62	0.000
17.25	0.000
17.91	0.000
18.59	0.000
19.30	0.000
20.04	0.000
20.80	0.000
21.59	0.000
22.42	0.000
23.27	0.000
24.16	0.000
25.08	0.000
26.03	0.000
27.02	0.000
28.05	0.000
29.12	0.000
30.23	0.000
31.38	0.000
32.57	0.000
33.82	0.000
35.10	0.000
36.44	0.000
37.83	0.000
39.27	0.000
40.76	0.2012E-23
42.32	0.5118E-23
43.93	0.1252E-22
45.60	0.2946E-22
47.34	0.6678E-22
49.14	0.1533E-21
51.01	0.3255E-21
52.96	0.6675E-21
54.97	0.1324E-20
57.07	0.2540E-20
59.24	0.4743E-20
61.50	0.8559E-20
63.84	0.1500E-19
66.27	0.2557E-19
68.79	0.4243E-19
71.41	0.6867E-19
74.13	0.1084E-18
76.96	0.1677E-18
79.89	0.2539E-18
82.93	0.3772E-18
86.09	0.5503E-18
89.37	0.7897E-18
92.77	0.1115E-17
96.31	0.1553E-17
99.97	0.2135E-17
103.8	0.2899E-17
107.7	0.3891E-17
111.8	0.5167E-17
116.1	0.6792E-17
120.5	0.8846E-17
125.1	0.1142E-16
129.9	0.1462E-16
134.8	0.1857E-16
140.0	0.2340E-16
145.3	0.2929E-16
150.8	0.3641E-16
156.6	0.4496E-16
162.5	0.5517E-16
168.7	0.6730E-16
175.1	0.8161E-16
181.8	0.9840E-16
188.7	0.1180E-15
195.9	0.1408E-15
203.4	0.1672E-15
211.1	0.1974E-15
219.2	0.2321E-15
227.5	0.2716E-15
236.2	0.3164E-15
245.2	0.3670E-15
254.5	0.4239E-15
264.2	0.4878E-15
274.3	0.5591E-15
284.7	0.6385E-15
295.6	0.7265E-15
306.8	0.8239E-15
318.5	0.9313E-15
330.6	0.1049E-14
343.2	0.1179E-14
356.3	0.1321E-14
369.9	0.1476E-14
384.0	0.1644E-14
398.6	0.1828E-14
413.8	0.2027E-14
429.5	0.2243E-14
445.9	0.2476E-14
462.9	0.2728E-14
480.5	0.3000E-14
498.8	0.3293E-14
517.8	0.3608E-14
537.5	0.3946E-14
558.0	0.4309E-14
579.2	0.4697E-14
601.3	0.5113E-14
624.2	0.5557E-14
648.0	0.6032E-14
672.6	0.6538E-14
698.3	0.7078E-14
724.9	0.7652E-14
752.5	0.8262E-14
781.1	0.8911E-14
810.9	0.9599E-14
841.8	0.1033E-13
873.8	0.1110E-13
907.1	0.1192E-13
941.6	0.1278E-13
977.5	0.1369E-13
1015.	0.1466E-13
1053.	0.1567E-13
1094.	0.1674E-13
1135.	0.1787E-13
1178.	0.1905E-13
1223.	0.2029E-13
1270.	0.2160E-13
1318.	0.2297E-13
1368.	0.2440E-13
1421.	0.2590E-13
1475.	0.2746E-13
1531.	0.2910E-13
1589.	0.3081E-13
1650.	0.3259E-13
1712.	0.3445E-13
1778.	0.3639E-13
1845.	0.3840E-13
1916.	0.4049E-13
1989.	0.4267E-13
2064.	0.4492E-13
2143.	0.4726E-13
2225.	0.4969E-13
2309.	0.5220E-13
2397.	0.5480E-13
2489.	0.5749E-13
2583.	0.6027E-13
2682.	0.6314E-13
2784.	0.6610E-13
2890.	0.6915E-13
3000.	0.7229E-13
 
 
E/N (Td)	Total attachment freq. /N (m3/s)
0.1000E-02	0.7016E-25
0.1038E-02	0.7022E-25
0.1078E-02	0.7022E-25
0.1119E-02	0.7022E-25
0.1161E-02	0.7022E-25
0.1205E-02	0.7022E-25
0.1251E-02	0.7022E-25
0.1299E-02	0.7022E-25
0.1349E-02	0.7022E-25
0.1400E-02	0.7022E-25
0.1453E-02	0.7022E-25
0.1509E-02	0.7022E-25
0.1566E-02	0.7022E-25
0.1626E-02	0.7022E-25
0.1688E-02	0.7022E-25
0.1752E-02	0.7022E-25
0.1819E-02	0.7022E-25
0.1888E-02	0.7022E-25
0.1960E-02	0.7022E-25
0.2034E-02	0.7022E-25
0.2112E-02	0.7022E-25
0.2192E-02	0.7022E-25
0.2276E-02	0.7022E-25
0.2362E-02	0.7022E-25
0.2452E-02	0.7022E-25
0.2546E-02	0.7022E-25
0.2643E-02	0.7022E-25
0.2743E-02	0.7022E-25
0.2848E-02	0.7022E-25
0.2956E-02	0.7022E-25
0.3069E-02	0.7022E-25
0.3186E-02	0.7022E-25
0.3307E-02	0.7022E-25
0.3433E-02	0.7022E-25
0.3564E-02	0.7022E-25
0.3700E-02	0.7022E-25
0.3841E-02	0.7022E-25
0.3987E-02	0.7022E-25
0.4139E-02	0.7022E-25
0.4296E-02	0.7022E-25
0.4460E-02	0.7023E-25
0.4630E-02	0.7023E-25
0.4806E-02	0.7023E-25
0.4989E-02	0.7023E-25
0.5179E-02	0.7023E-25
0.5377E-02	0.7023E-25
0.5581E-02	0.7023E-25
0.5794E-02	0.7023E-25
0.6015E-02	0.7023E-25
0.6244E-02	0.7023E-25
0.6481E-02	0.7023E-25
0.6728E-02	0.7023E-25
0.6985E-02	0.7023E-25
0.7251E-02	0.7023E-25
0.7527E-02	0.7024E-25
0.7813E-02	0.7024E-25
0.8111E-02	0.7024E-25
0.8420E-02	0.7024E-25
0.8741E-02	0.7024E-25
0.9073E-02	0.7024E-25
0.9419E-02	0.7025E-25
0.9778E-02	0.7025E-25
0.1015E-01	0.7025E-25
0.1054E-01	0.7025E-25
0.1094E-01	0.7025E-25
0.1135E-01	0.7026E-25
0.1179E-01	0.7026E-25
0.1224E-01	0.7026E-25
0.1270E-01	0.7027E-25
0.1319E-01	0.7027E-25
0.1369E-01	0.7027E-25
0.1421E-01	0.7028E-25
0.1475E-01	0.7028E-25
0.1531E-01	0.7029E-25
0.1590E-01	0.7029E-25
0.1650E-01	0.7030E-25
0.1713E-01	0.7031E-25
0.1778E-01	0.7031E-25
0.1846E-01	0.7032E-25
0.1916E-01	0.7033E-25
0.1989E-01	0.7034E-25
0.2065E-01	0.7035E-25
0.2144E-01	0.7036E-25
0.2225E-01	0.7037E-25
0.2310E-01	0.7038E-25
0.2398E-01	0.7039E-25
0.2489E-01	0.7040E-25
0.2584E-01	0.7042E-25
0.2682E-01	0.7043E-25
0.2785E-01	0.7045E-25
0.2891E-01	0.7047E-25
0.3001E-01	0.7049E-25
0.3115E-01	0.7051E-25
0.3234E-01	0.7053E-25
0.3357E-01	0.7055E-25
0.3485E-01	0.7058E-25
0.3617E-01	0.7061E-25
0.3755E-01	0.7064E-25
0.3898E-01	0.7067E-25
0.4047E-01	0.7070E-25
0.4201E-01	0.7074E-25
0.4361E-01	0.7078E-25
0.4527E-01	0.7083E-25
0.4699E-01	0.7087E-25
0.4878E-01	0.7092E-25
0.5064E-01	0.7098E-25
0.5257E-01	0.7104E-25
0.5457E-01	0.7110E-25
0.5665E-01	0.7117E-25
0.5881E-01	0.7125E-25
0.6105E-01	0.7133E-25
0.6337E-01	0.7141E-25
0.6579E-01	0.7151E-25
0.6829E-01	0.7161E-25
0.7089E-01	0.7172E-25
0.7359E-01	0.7183E-25
0.7640E-01	0.7196E-25
0.7931E-01	0.7210E-25
0.8233E-01	0.7224E-25
0.8546E-01	0.7240E-25
0.8872E-01	0.7257E-25
0.9210E-01	0.7276E-25
0.9560E-01	0.7296E-25
0.9924E-01	0.7317E-25
0.1030	0.7341E-25
0.1069	0.7366E-25
0.1110	0.7393E-25
0.1152	0.7423E-25
0.1196	0.7454E-25
0.1242	0.7489E-25
0.1289	0.7526E-25
0.1338	0.7566E-25
0.1389	0.7610E-25
0.1442	0.7657E-25
0.1497	0.7708E-25
0.1554	0.7763E-25
0.1613	0.7823E-25
0.1675	0.7888E-25
0.1739	0.7958E-25
0.1805	0.8035E-25
0.1874	0.8117E-25
0.1945	0.8207E-25
0.2019	0.8305E-25
0.2096	0.8411E-25
0.2176	0.8527E-25
0.2259	0.8652E-25
0.2345	0.8789E-25
0.2434	0.8938E-25
0.2527	0.9100E-25
0.2623	0.9277E-25
0.2723	0.9471E-25
0.2826	0.9682E-25
0.2934	0.9913E-25
0.3046	0.1017E-24
0.3162	0.1044E-24
0.3282	0.1074E-24
0.3407	0.1108E-24
0.3537	0.1144E-24
0.3672	0.1184E-24
0.3812	0.1228E-24
0.3957	0.1277E-24
0.4107	0.1330E-24
0.4264	0.1389E-24
0.4426	0.1454E-24
0.4595	0.1526E-24
0.4770	0.1605E-24
0.4952	0.1693E-24
0.5140	0.1790E-24
0.5336	0.1897E-24
0.5539	0.2016E-24
0.5750	0.2148E-24
0.5969	0.2293E-24
0.6196	0.2455E-24
0.6432	0.2634E-24
0.6677	0.2833E-24
0.6932	0.3053E-24
0.7196	0.3296E-24
0.7470	0.3566E-24
0.7754	0.3864E-24
0.8050	0.4193E-24
0.8356	0.4556E-24
0.8674	0.4957E-24
0.9005	0.5398E-24
0.9348	0.5882E-24
0.9704	0.6412E-24
1.007	0.6992E-24
1.046	0.7625E-24
1.086	0.8314E-24
1.127	0.9061E-24
1.170	0.9869E-24
1.214	0.1074E-23
1.261	0.1168E-23
1.309	0.1268E-23
1.358	0.1375E-23
1.410	0.1488E-23
1.464	0.1608E-23
1.520	0.1735E-23
1.578	0.1868E-23
1.638	0.2007E-23
1.700	0.2153E-23
1.765	0.2304E-23
1.832	0.2460E-23
1.902	0.2622E-23
1.974	0.2788E-23
2.049	0.2959E-23
2.127	0.3152E-23
2.208	0.3336E-23
2.293	0.3525E-23
2.380	0.3720E-23
2.470	0.3920E-23
2.565	0.4127E-23
2.662	0.4340E-23
2.764	0.4559E-23
2.869	0.4787E-23
2.978	0.5023E-23
3.092	0.5269E-23
3.209	0.5525E-23
3.332	0.5794E-23
3.458	0.6076E-23
3.590	0.6374E-23
3.727	0.6688E-23
3.869	0.7023E-23
4.016	0.7381E-23
4.169	0.7764E-23
4.328	0.8179E-23
4.493	0.8631E-23
4.664	0.9129E-23
4.841	0.9684E-23
5.026	0.1031E-22
5.217	0.1104E-22
5.416	0.1192E-22
5.622	0.1299E-22
5.836	0.1435E-22
6.059	0.1615E-22
6.289	0.1861E-22
6.529	0.2206E-22
6.778	0.2702E-22
7.036	0.3429E-22
7.304	0.4525E-22
7.582	0.6141E-22
7.871	0.8559E-22
8.170	0.1217E-21
8.482	0.1764E-21
8.805	0.2567E-21
9.140	0.3751E-21
9.488	0.5506E-21
9.849	0.8034E-21
10.22	0.1168E-20
10.61	0.1699E-20
11.02	0.2442E-20
11.44	0.3488E-20
11.87	0.4949E-20
12.33	0.7021E-20
12.80	0.9815E-20
13.28	0.1362E-19
13.79	0.1877E-19
14.31	0.2584E-19
14.86	0.3510E-19
15.42	0.4735E-19
16.01	0.6345E-19
16.62	0.8513E-19
17.25	0.1126E-18
17.91	0.1479E-18
18.59	0.1931E-18
19.30	0.2509E-18
20.04	0.3237E-18
20.80	0.4152E-18
21.59	0.5328E-18
22.42	0.6756E-18
23.27	0.8520E-18
24.16	0.1076E-17
25.08	0.1357E-17
26.03	0.1683E-17
27.02	0.2077E-17
28.05	0.2546E-17
29.12	0.3108E-17
30.23	0.3775E-17
31.38	0.4598E-17
32.57	0.5523E-17
33.82	0.6599E-17
35.10	0.7845E-17
36.44	0.9270E-17
37.83	0.1089E-16
39.27	0.1272E-16
40.76	0.1476E-16
42.32	0.1701E-16
43.93	0.1948E-16
45.60	0.2214E-16
47.34	0.2499E-16
49.14	0.2797E-16
51.01	0.3106E-16
52.96	0.3421E-16
54.97	0.3735E-16
57.07	0.4044E-16
59.24	0.4343E-16
61.50	0.4621E-16
63.84	0.4875E-16
66.27	0.5103E-16
68.79	0.5301E-16
71.41	0.5467E-16
74.13	0.5595E-16
76.96	0.5700E-16
79.89	0.5777E-16
82.93	0.5828E-16
86.09	0.5856E-16
89.37	0.5864E-16
92.77	0.5849E-16
96.31	0.5826E-16
99.97	0.5792E-16
103.8	0.5749E-16
107.7	0.5700E-16
111.8	0.5645E-16
116.1	0.5585E-16
120.5	0.5524E-16
125.1	0.5463E-16
129.9	0.5400E-16
134.8	0.5338E-16
140.0	0.5276E-16
145.3	0.5214E-16
150.8	0.5154E-16
156.6	0.5095E-16
162.5	0.5037E-16
168.7	0.4980E-16
175.1	0.4924E-16
181.8	0.4869E-16
188.7	0.4815E-16
195.9	0.4761E-16
203.4	0.4708E-16
211.1	0.4656E-16
219.2	0.4604E-16
227.5	0.4552E-16
236.2	0.4501E-16
245.2	0.4449E-16
254.5	0.4398E-16
264.2	0.4347E-16
274.3	0.4295E-16
284.7	0.4244E-16
295.6	0.4193E-16
306.8	0.4142E-16
318.5	0.4090E-16
330.6	0.4039E-16
343.2	0.3988E-16
356.3	0.3936E-16
369.9	0.3885E-16
384.0	0.3834E-16
398.6	0.3782E-16
413.8	0.3731E-16
429.5	0.3679E-16
445.9	0.3628E-16
462.9	0.3576E-16
480.5	0.3525E-16
498.8	0.3473E-16
517.8	0.3421E-16
537.5	0.3369E-16
558.0	0.3317E-16
579.2	0.3265E-16
601.3	0.3213E-16
624.2	0.3160E-16
648.0	0.3108E-16
672.6	0.3055E-16
698.3	0.3002E-16
724.9	0.2949E-16
752.5	0.2896E-16
781.1	0.2843E-16
810.9	0.2790E-16
841.8	0.2737E-16
873.8	0.2684E-16
907.1	0.2630E-16
941.6	0.2577E-16
977.5	0.2524E-16
1015.	0.2471E-16
1053.	0.2418E-16
1094.	0.2365E-16
1135.	0.2313E-16
1178.	0.2260E-16
1223.	0.2208E-16
1270.	0.2157E-16
1318.	0.2105E-16
1368.	0.2054E-16
1421.	0.2004E-16
1475.	0.1954E-16
1531.	0.1904E-16
1589.	0.1855E-16
1650.	0.1807E-16
1712.	0.1759E-16
1778.	0.1712E-16
1845.	0.1665E-16
1916.	0.1619E-16
1989.	0.1574E-16
2064.	0.1530E-16
2143.	0.1486E-16
2225.	0.1443E-16
2309.	0.1401E-16
2397.	0.1360E-16
2489.	0.1319E-16
2583.	0.1280E-16
2682.	0.1241E-16
2784.	0.1203E-16
2890.	0.1165E-16
3000.	0.1129E-16
 
 
E/N (Td)	Townsend ioniz. coef. alpha/N (m2)
0.1000E-02	0.000
0.1038E-02	0.000
0.1078E-02	0.000
0.1119E-02	0.000
0.1161E-02	0.000
0.1205E-02	0.000
0.1251E-02	0.000
0.1299E-02	0.000
0.1349E-02	0.000
0.1400E-02	0.000
0.1453E-02	0.000
0.1509E-02	0.000
0.1566E-02	0.000
0.1626E-02	0.000
0.1688E-02	0.000
0.1752E-02	0.000
0.1819E-02	0.000
0.1888E-02	0.000
0.1960E-02	0.000
0.2034E-02	0.000
0.2112E-02	0.000
0.2192E-02	0.000
0.2276E-02	0.000
0.2362E-02	0.000
0.2452E-02	0.000
0.2546E-02	0.000
0.2643E-02	0.000
0.2743E-02	0.000
0.2848E-02	0.000
0.2956E-02	0.000
0.3069E-02	0.000
0.3186E-02	0.000
0.3307E-02	0.000
0.3433E-02	0.000
0.3564E-02	0.000
0.3700E-02	0.000
0.3841E-02	0.000
0.3987E-02	0.000
0.4139E-02	0.000
0.4296E-02	0.000
0.4460E-02	0.000
0.4630E-02	0.000
0.4806E-02	0.000
0.4989E-02	0.000
0.5179E-02	0.000
0.5377E-02	0.000
0.5581E-02	0.000
0.5794E-02	0.000
0.6015E-02	0.000
0.6244E-02	0.000
0.6481E-02	0.000
0.6728E-02	0.000
0.6985E-02	0.000
0.7251E-02	0.000
0.7527E-02	0.000
0.7813E-02	0.000
0.8111E-02	0.000
0.8420E-02	0.000
0.8741E-02	0.000
0.9073E-02	0.000
0.9419E-02	0.000
0.9778E-02	0.000
0.1015E-01	0.000
0.1054E-01	0.000
0.1094E-01	0.000
0.1135E-01	0.000
0.1179E-01	0.000
0.1224E-01	0.000
0.1270E-01	0.000
0.1319E-01	0.000
0.1369E-01	0.000
0.1421E-01	0.000
0.1475E-01	0.000
0.1531E-01	0.000
0.1590E-01	0.000
0.1650E-01	0.000
0.1713E-01	0.000
0.1778E-01	0.000
0.1846E-01	0.000
0.1916E-01	0.000
0.1989E-01	0.000
0.2065E-01	0.000
0.2144E-01	0.000
0.2225E-01	0.000
0.2310E-01	0.000
0.2398E-01	0.000
0.2489E-01	0.000
0.2584E-01	0.000
0.2682E-01	0.000
0.2785E-01	0.000
0.2891E-01	0.000
0.3001E-01	0.000
0.3115E-01	0.000
0.3234E-01	0.000
0.3357E-01	0.000
0.3485E-01	0.000
0.3617E-01	0.000
0.3755E-01	0.000
0.3898E-01	0.000
0.4047E-01	0.000
0.4201E-01	0.000
0.4361E-01	0.000
0.4527E-01	0.000
0.4699E-01	0.000
0.4878E-01	0.000
0.5064E-01	0.000
0.5257E-01	0.000
0.5457E-01	0.000
0.5665E-01	0.000
0.5881E-01	0.000
0.6105E-01	0.000
0.6337E-01	0.000
0.6579E-01	0.000
0.6829E-01	0.000
0.7089E-01	0.000
0.7359E-01	0.000
0.7640E-01	0.000
0.7931E-01	0.000
0.8233E-01	0.000
0.8546E-01	0.000
0.8872E-01	0.000
0.9210E-01	0.000
0.9560E-01	0.000
0.9924E-01	0.000
0.1030	0.000
0.1069	0.000
0.1110	0.000
0.1152	0.000
0.1196	0.000
0.1242	0.000
0.1289	0.000
0.1338	0.000
0.1389	0.000
0.1442	0.000
0.1497	0.000
0.1554	0.000
0.1613	0.000
0.1675	0.000
0.1739	0.000
0.1805	0.000
0.1874	0.000
0.1945	0.000
0.2019	0.000
0.2096	0.000
0.2176	0.000
0.2259	0.000
0.2345	0.000
0.2434	0.000
0.2527	0.000
0.2623	0.000
0.2723	0.000
0.2826	0.000
0.2934	0.000
0.3046	0.000
0.3162	0.000
0.3282	0.000
0.3407	0.000
0.3537	0.000
0.3672	0.000
0.3812	0.000
0.3957	0.000
0.4107	0.000
0.4264	0.000
0.4426	0.000
0.4595	0.000
0.4770	0.000
0.4952	0.000
0.5140	0.000
0.5336	0.000
0.5539	0.000
0.5750	0.000
0.5969	0.000
0.6196	0.000
0.6432	0.000
0.6677	0.000
0.6932	0.000
0.7196	0.000
0.7470	0.000
0.7754	0.000
0.8050	0.000
0.8356	0.000
0.8674	0.000
0.9005	0.000
0.9348	0.000
0.9704	0.000
1.007	0.000
1.046	0.000
1.086	0.000
1.127	0.000
1.170	0.000
1.214	0.000
1.261	0.000
1.309	0.000
1.358	0.000
1.410	0.000
1.464	0.000
1.520	0.000
1.578	0.000
1.638	0.000
1.700	0.000
1.765	0.000
1.832	0.000
1.902	0.000
1.974	0.000
2.049	0.000
2.127	0.000
2.208	0.000
2.293	0.000
2.380	0.000
2.470	0.000
2.565	0.000
2.662	0.000
2.764	0.000
2.869	0.000
2.978	0.000
3.092	0.000
3.209	0.000
3.332	0.000
3.458	0.000
3.590	0.000
3.727	0.000
3.869	0.000
4.016	0.000
4.169	0.000
4.328	0.000
4.493	0.000
4.664	0.000
4.841	0.000
5.026	0.000
5.217	0.000
5.416	0.000
5.622	0.000
5.836	0.000
6.059	0.000
6.289	0.000
6.529	0.000
6.778	0.000
7.036	0.000
7.304	0.000
7.582	0.000
7.871	0.000
8.170	0.000
8.482	0.000
8.805	0.000
9.140	0.000
9.488	0.000
9.849	0.000
10.22	0.000
10.61	0.000
11.02	0.000
11.44	0.000
11.87	0.000
12.33	0.000
12.80	0.000
13.28	0.000
13.79	0.000
14.31	0.000
14.86	0.000
15.42	0.000
16.01	0.000
16.62	0.000
17.25	0.000
17.91	0.000
18.59	0.000
19.30	0.000
20.04	0.000
20.80	0.000
21.59	0.000
22.42	0.000
23.27	0.000
24.16	0.000
25.08	0.000
26.03	0.000
27.02	0.000
28.05	0.000
29.12	0.000
30.23	0.000
31.38	0.000
32.57	0.000
33.82	0.000
35.10	0.000
36.44	0.000
37.83	0.000
39.27	0.000
40.76	0.6285E-28
42.32	0.1495E-27
43.93	0.3420E-27
45.60	0.7533E-27
47.34	0.1600E-26
49.14	0.3446E-26
51.01	0.6876E-26
52.96	0.1329E-25
54.97	0.2490E-25
57.07	0.4529E-25
59.24	0.8039E-25
61.50	0.1384E-24
63.84	0.2324E-24
66.27	0.3806E-24
68.79	0.6092E-24
71.41	0.9539E-24
74.13	0.1464E-23
76.96	0.2201E-23
79.89	0.3250E-23
82.93	0.4716E-23
86.09	0.6731E-23
89.37	0.9461E-23
92.77	0.1311E-22
96.31	0.1792E-22
99.97	0.2417E-22
103.8	0.3222E-22
107.7	0.4246E-22
111.8	0.5535E-22
116.1	0.7142E-22
120.5	0.9126E-22
125.1	0.1155E-21
129.9	0.1450E-21
134.8	0.1804E-21
140.0	0.2227E-21
145.3	0.2727E-21
150.8	0.3316E-21
156.6	0.4002E-21
162.5	0.4798E-21
168.7	0.5714E-21
175.1	0.6761E-21
181.8	0.7951E-21
188.7	0.9295E-21
195.9	0.1080E-20
203.4	0.1248E-20
211.1	0.1435E-20
219.2	0.1641E-20
227.5	0.1867E-20
236.2	0.2114E-20
245.2	0.2382E-20
254.5	0.2673E-20
264.2	0.2986E-20
274.3	0.3321E-20
284.7	0.3680E-20
295.6	0.4062E-20
306.8	0.4468E-20
318.5	0.4897E-20
330.6	0.5349E-20
343.2	0.5825E-20
356.3	0.6325E-20
369.9	0.6847E-20
384.0	0.7393E-20
398.6	0.7962E-20
413.8	0.8554E-20
429.5	0.9168E-20
445.9	0.9806E-20
462.9	0.1047E-19
480.5	0.1115E-19
498.8	0.1185E-19
517.8	0.1258E-19
537.5	0.1333E-19
558.0	0.1410E-19
579.2	0.1489E-19
601.3	0.1570E-19
624.2	0.1654E-19
648.0	0.1739E-19
672.6	0.1827E-19
698.3	0.1917E-19
724.9	0.2009E-19
752.5	0.2102E-19
781.1	0.2198E-19
810.9	0.2296E-19
841.8	0.2396E-19
873.8	0.2498E-19
907.1	0.2602E-19
941.6	0.2708E-19
977.5	0.2816E-19
1015.	0.2925E-19
1053.	0.3036E-19
1094.	0.3149E-19
1135.	0.3264E-19
1178.	0.3380E-19
1223.	0.3498E-19
1270.	0.3618E-19
1318.	0.3739E-19
1368.	0.3861E-19
1421.	0.3985E-19
1475.	0.4110E-19
1531.	0.4236E-19
1589.	0.4363E-19
1650.	0.4492E-19
1712.	0.4621E-19
1778.	0.4751E-19
1845.	0.4881E-19
1916.	0.5012E-19
1989.	0.5144E-19
2064.	0.5276E-19
2143.	0.5408E-19
2225.	0.5540E-19
2309.	0.5672E-19
2397.	0.5804E-19
2489.	0.5936E-19
2583.	0.6066E-19
2682.	0.6196E-19
2784.	0.6326E-19
2890.	0.6454E-19
3000.	0.6580E-19
 
 
E/N (Td)	Townsend attach. coef. eta/N (m2)
0.1000E-02	0.3656E-24
0.1038E-02	0.3524E-24
0.1078E-02	0.3395E-24
0.1119E-02	0.3270E-24
0.1161E-02	0.3150E-24
0.1205E-02	0.3035E-24
0.1251E-02	0.2923E-24
0.1299E-02	0.2816E-24
0.1349E-02	0.2713E-24
0.1400E-02	0.2613E-24
0.1453E-02	0.2517E-24
0.1509E-02	0.2425E-24
0.1566E-02	0.2336E-24
0.1626E-02	0.2250E-24
0.1688E-02	0.2168E-24
0.1752E-02	0.2088E-24
0.1819E-02	0.2012E-24
0.1888E-02	0.1938E-24
0.1960E-02	0.1867E-24
0.2034E-02	0.1798E-24
0.2112E-02	0.1732E-24
0.2192E-02	0.1669E-24
0.2276E-02	0.1608E-24
0.2362E-02	0.1549E-24
0.2452E-02	0.1492E-24
0.2546E-02	0.1437E-24
0.2643E-02	0.1384E-24
0.2743E-02	0.1334E-24
0.2848E-02	0.1285E-24
0.2956E-02	0.1237E-24
0.3069E-02	0.1192E-24
0.3186E-02	0.1148E-24
0.3307E-02	0.1106E-24
0.3433E-02	0.1066E-24
0.3564E-02	0.1027E-24
0.3700E-02	0.9889E-25
0.3841E-02	0.9526E-25
0.3987E-02	0.9176E-25
0.4139E-02	0.8840E-25
0.4296E-02	0.8516E-25
0.4460E-02	0.8203E-25
0.4630E-02	0.7902E-25
0.4806E-02	0.7612E-25
0.4989E-02	0.7333E-25
0.5179E-02	0.7064E-25
0.5377E-02	0.6805E-25
0.5581E-02	0.6555E-25
0.5794E-02	0.6315E-25
0.6015E-02	0.6083E-25
0.6244E-02	0.5860E-25
0.6481E-02	0.5645E-25
0.6728E-02	0.5438E-25
0.6985E-02	0.5239E-25
0.7251E-02	0.5047E-25
0.7527E-02	0.4862E-25
0.7813E-02	0.4683E-25
0.8111E-02	0.4512E-25
0.8420E-02	0.4346E-25
0.8741E-02	0.4187E-25
0.9073E-02	0.4033E-25
0.9419E-02	0.3885E-25
0.9778E-02	0.3743E-25
0.1015E-01	0.3606E-25
0.1054E-01	0.3474E-25
0.1094E-01	0.3346E-25
0.1135E-01	0.3224E-25
0.1179E-01	0.3105E-25
0.1224E-01	0.2992E-25
0.1270E-01	0.2882E-25
0.1319E-01	0.2776E-25
0.1369E-01	0.2675E-25
0.1421E-01	0.2577E-25
0.1475E-01	0.2482E-25
0.1531E-01	0.2391E-25
0.1590E-01	0.2304E-25
0.1650E-01	0.2220E-25
0.1713E-01	0.2138E-25
0.1778E-01	0.2060E-25
0.1846E-01	0.1985E-25
0.1916E-01	0.1912E-25
0.1989E-01	0.1842E-25
0.2065E-01	0.1775E-25
0.2144E-01	0.1710E-25
0.2225E-01	0.1647E-25
0.2310E-01	0.1587E-25
0.2398E-01	0.1529E-25
0.2489E-01	0.1473E-25
0.2584E-01	0.1420E-25
0.2682E-01	0.1368E-25
0.2785E-01	0.1318E-25
0.2891E-01	0.1270E-25
0.3001E-01	0.1224E-25
0.3115E-01	0.1179E-25
0.3234E-01	0.1136E-25
0.3357E-01	0.1095E-25
0.3485E-01	0.1055E-25
0.3617E-01	0.1017E-25
0.3755E-01	0.9798E-26
0.3898E-01	0.9443E-26
0.4047E-01	0.9101E-26
0.4201E-01	0.8771E-26
0.4361E-01	0.8454E-26
0.4527E-01	0.8149E-26
0.4699E-01	0.7855E-26
0.4878E-01	0.7572E-26
0.5064E-01	0.7300E-26
0.5257E-01	0.7038E-26
0.5457E-01	0.6785E-26
0.5665E-01	0.6542E-26
0.5881E-01	0.6309E-26
0.6105E-01	0.6084E-26
0.6337E-01	0.5868E-26
0.6579E-01	0.5659E-26
0.6829E-01	0.5459E-26
0.7089E-01	0.5267E-26
0.7359E-01	0.5081E-26
0.7640E-01	0.4903E-26
0.7931E-01	0.4732E-26
0.8233E-01	0.4568E-26
0.8546E-01	0.4409E-26
0.8872E-01	0.4257E-26
0.9210E-01	0.4111E-26
0.9560E-01	0.3971E-26
0.9924E-01	0.3836E-26
0.1030	0.3707E-26
0.1069	0.3583E-26
0.1110	0.3464E-26
0.1152	0.3349E-26
0.1196	0.3240E-26
0.1242	0.3135E-26
0.1289	0.3034E-26
0.1338	0.2938E-26
0.1389	0.2846E-26
0.1442	0.2758E-26
0.1497	0.2674E-26
0.1554	0.2594E-26
0.1613	0.2517E-26
0.1675	0.2444E-26
0.1739	0.2375E-26
0.1805	0.2309E-26
0.1874	0.2246E-26
0.1945	0.2187E-26
0.2019	0.2131E-26
0.2096	0.2078E-26
0.2176	0.2029E-26
0.2259	0.1982E-26
0.2345	0.1938E-26
0.2434	0.1898E-26
0.2527	0.1860E-26
0.2623	0.1826E-26
0.2723	0.1794E-26
0.2826	0.1765E-26
0.2934	0.1739E-26
0.3046	0.1717E-26
0.3162	0.1697E-26
0.3282	0.1680E-26
0.3407	0.1667E-26
0.3537	0.1656E-26
0.3672	0.1649E-26
0.3812	0.1645E-26
0.3957	0.1645E-26
0.4107	0.1648E-26
0.4264	0.1655E-26
0.4426	0.1665E-26
0.4595	0.1679E-26
0.4770	0.1698E-26
0.4952	0.1720E-26
0.5140	0.1747E-26
0.5336	0.1778E-26
0.5539	0.1815E-26
0.5750	0.1855E-26
0.5969	0.1901E-26
0.6196	0.1953E-26
0.6432	0.2009E-26
0.6677	0.2071E-26
0.6932	0.2139E-26
0.7196	0.2212E-26
0.7470	0.2291E-26
0.7754	0.2376E-26
0.8050	0.2467E-26
0.8356	0.2563E-26
0.8674	0.2665E-26
0.9005	0.2772E-26
0.9348	0.2883E-26
0.9704	0.2999E-26
1.007	0.3119E-26
1.046	0.3241E-26
1.086	0.3366E-26
1.127	0.3493E-26
1.170	0.3620E-26
1.214	0.3746E-26
1.261	0.3872E-26
1.309	0.3995E-26
1.358	0.4114E-26
1.410	0.4230E-26
1.464	0.4340E-26
1.520	0.4444E-26
1.578	0.4541E-26
1.638	0.4631E-26
1.700	0.4713E-26
1.765	0.4787E-26
1.832	0.4852E-26
1.902	0.4909E-26
1.974	0.4958E-26
2.049	0.4999E-26
2.127	0.5057E-26
2.208	0.5087E-26
2.293	0.5111E-26
2.380	0.5130E-26
2.470	0.5144E-26
2.565	0.5154E-26
2.662	0.5160E-26
2.764	0.5164E-26
2.869	0.5165E-26
2.978	0.5166E-26
3.092	0.5166E-26
3.209	0.5166E-26
3.332	0.5167E-26
3.458	0.5170E-26
3.590	0.5176E-26
3.727	0.5185E-26
3.869	0.5198E-26
4.016	0.5216E-26
4.169	0.5240E-26
4.328	0.5273E-26
4.493	0.5315E-26
4.664	0.5371E-26
4.841	0.5444E-26
5.026	0.5541E-26
5.217	0.5669E-26
5.416	0.5846E-26
5.622	0.6090E-26
5.836	0.6432E-26
6.059	0.6919E-26
6.289	0.7618E-26
6.529	0.8631E-26
6.778	0.1011E-25
7.036	0.1226E-25
7.304	0.1545E-25
7.582	0.2005E-25
7.871	0.2670E-25
8.170	0.3630E-25
8.482	0.5025E-25
8.805	0.6987E-25
9.140	0.9755E-25
9.488	0.1369E-24
9.849	0.1908E-24
10.22	0.2651E-24
10.61	0.3681E-24
11.02	0.5053E-24
11.44	0.6892E-24
11.87	0.9335E-24
12.33	0.1263E-23
12.80	0.1685E-23
13.28	0.2231E-23
13.79	0.2934E-23
14.31	0.3849E-23
14.86	0.4985E-23
15.42	0.6411E-23
16.01	0.8189E-23
16.62	0.1043E-22
17.25	0.1314E-22
17.91	0.1644E-22
18.59	0.2043E-22
19.30	0.2534E-22
20.04	0.3108E-22
20.80	0.3789E-22
21.59	0.4610E-22
22.42	0.5549E-22
23.27	0.6637E-22
24.16	0.7929E-22
25.08	0.9424E-22
26.03	0.1106E-21
27.02	0.1289E-21
28.05	0.1500E-21
29.12	0.1727E-21
30.23	0.1976E-21
31.38	0.2266E-21
32.57	0.2558E-21
33.82	0.2869E-21
35.10	0.3196E-21
36.44	0.3538E-21
37.83	0.3890E-21
39.27	0.4250E-21
40.76	0.4610E-21
42.32	0.4969E-21
43.93	0.5322E-21
45.60	0.5662E-21
47.34	0.5985E-21
49.14	0.6286E-21
51.01	0.6562E-21
52.96	0.6810E-21
54.97	0.7026E-21
57.07	0.7209E-21
59.24	0.7361E-21
61.50	0.7474E-21
63.84	0.7552E-21
66.27	0.7598E-21
68.79	0.7611E-21
71.41	0.7595E-21
74.13	0.7552E-21
76.96	0.7484E-21
79.89	0.7395E-21
82.93	0.7287E-21
86.09	0.7163E-21
89.37	0.7026E-21
92.77	0.6878E-21
96.31	0.6721E-21
99.97	0.6558E-21
103.8	0.6390E-21
107.7	0.6219E-21
111.8	0.6046E-21
116.1	0.5872E-21
120.5	0.5699E-21
125.1	0.5526E-21
129.9	0.5355E-21
134.8	0.5186E-21
140.0	0.5019E-21
145.3	0.4855E-21
150.8	0.4694E-21
156.6	0.4536E-21
162.5	0.4380E-21
168.7	0.4228E-21
175.1	0.4080E-21
181.8	0.3934E-21
188.7	0.3791E-21
195.9	0.3652E-21
203.4	0.3517E-21
211.1	0.3384E-21
219.2	0.3255E-21
227.5	0.3130E-21
236.2	0.3007E-21
245.2	0.2888E-21
254.5	0.2773E-21
264.2	0.2661E-21
274.3	0.2552E-21
284.7	0.2446E-21
295.6	0.2344E-21
306.8	0.2246E-21
318.5	0.2151E-21
330.6	0.2059E-21
343.2	0.1970E-21
356.3	0.1885E-21
369.9	0.1803E-21
384.0	0.1724E-21
398.6	0.1647E-21
413.8	0.1574E-21
429.5	0.1504E-21
445.9	0.1437E-21
462.9	0.1372E-21
480.5	0.1310E-21
498.8	0.1250E-21
517.8	0.1193E-21
537.5	0.1138E-21
558.0	0.1085E-21
579.2	0.1035E-21
601.3	0.9866E-22
624.2	0.9404E-22
648.0	0.8961E-22
672.6	0.8537E-22
698.3	0.8130E-22
724.9	0.7741E-22
752.5	0.7370E-22
781.1	0.7014E-22
810.9	0.6675E-22
841.8	0.6350E-22
873.8	0.6040E-22
907.1	0.5743E-22
941.6	0.5459E-22
977.5	0.5189E-22
1015.	0.4931E-22
1053.	0.4684E-22
1094.	0.4449E-22
1135.	0.4225E-22
1178.	0.4011E-22
1223.	0.3807E-22
1270.	0.3612E-22
1318.	0.3427E-22
1368.	0.3251E-22
1421.	0.3084E-22
1475.	0.2924E-22
1531.	0.2772E-22
1589.	0.2628E-22
1650.	0.2490E-22
1712.	0.2359E-22
1778.	0.2235E-22
1845.	0.2117E-22
1916.	0.2005E-22
1989.	0.1898E-22
2064.	0.1797E-22
2143.	0.1700E-22
2225.	0.1609E-22
2309.	0.1522E-22
2397.	0.1440E-22
2489.	0.1362E-22
2583.	0.1288E-22
2682.	0.1217E-22
2784.	0.1151E-22
2890.	0.1088E-22
3000.	0.1028E-22
 
 
E/N (Td)	Power /N (eV m3/s)
0.1000E-02	0.1919E-24
0.1038E-02	0.2068E-24
0.1078E-02	0.2229E-24
0.1119E-02	0.2402E-24
0.1161E-02	0.2588E-24
0.1205E-02	0.2789E-24
0.1251E-02	0.3006E-24
0.1299E-02	0.3239E-24
0.1349E-02	0.3491E-24
0.1400E-02	0.3762E-24
0.1453E-02	0.4054E-24
0.1509E-02	0.4368E-24
0.1566E-02	0.4707E-24
0.1626E-02	0.5073E-24
0.1688E-02	0.5467E-24
0.1752E-02	0.5891E-24
0.1819E-02	0.6348E-24
0.1888E-02	0.6841E-24
0.1960E-02	0.7372E-24
0.2034E-02	0.7944E-24
0.2112E-02	0.8561E-24
0.2192E-02	0.9225E-24
0.2276E-02	0.9941E-24
0.2362E-02	0.1071E-23
0.2452E-02	0.1154E-23
0.2546E-02	0.1244E-23
0.2643E-02	0.1341E-23
0.2743E-02	0.1445E-23
0.2848E-02	0.1557E-23
0.2956E-02	0.1678E-23
0.3069E-02	0.1808E-23
0.3186E-02	0.1948E-23
0.3307E-02	0.2099E-23
0.3433E-02	0.2262E-23
0.3564E-02	0.2438E-23
0.3700E-02	0.2627E-23
0.3841E-02	0.2831E-23
0.3987E-02	0.3051E-23
0.4139E-02	0.3288E-23
0.4296E-02	0.3543E-23
0.4460E-02	0.3818E-23
0.4630E-02	0.4114E-23
0.4806E-02	0.4434E-23
0.4989E-02	0.4778E-23
0.5179E-02	0.5149E-23
0.5377E-02	0.5549E-23
0.5581E-02	0.5979E-23
0.5794E-02	0.6443E-23
0.6015E-02	0.6944E-23
0.6244E-02	0.7483E-23
0.6481E-02	0.8063E-23
0.6728E-02	0.8689E-23
0.6985E-02	0.9364E-23
0.7251E-02	0.1009E-22
0.7527E-02	0.1087E-22
0.7813E-02	0.1172E-22
0.8111E-02	0.1263E-22
0.8420E-02	0.1361E-22
0.8741E-02	0.1466E-22
0.9073E-02	0.1580E-22
0.9419E-02	0.1703E-22
0.9778E-02	0.1835E-22
0.1015E-01	0.1978E-22
0.1054E-01	0.2131E-22
0.1094E-01	0.2296E-22
0.1135E-01	0.2475E-22
0.1179E-01	0.2667E-22
0.1224E-01	0.2874E-22
0.1270E-01	0.3097E-22
0.1319E-01	0.3337E-22
0.1369E-01	0.3596E-22
0.1421E-01	0.3875E-22
0.1475E-01	0.4176E-22
0.1531E-01	0.4501E-22
0.1590E-01	0.4850E-22
0.1650E-01	0.5226E-22
0.1713E-01	0.5632E-22
0.1778E-01	0.6069E-22
0.1846E-01	0.6540E-22
0.1916E-01	0.7048E-22
0.1989E-01	0.7595E-22
0.2065E-01	0.8185E-22
0.2144E-01	0.8820E-22
0.2225E-01	0.9505E-22
0.2310E-01	0.1024E-21
0.2398E-01	0.1104E-21
0.2489E-01	0.1189E-21
0.2584E-01	0.1282E-21
0.2682E-01	0.1381E-21
0.2785E-01	0.1489E-21
0.2891E-01	0.1604E-21
0.3001E-01	0.1729E-21
0.3115E-01	0.1863E-21
0.3234E-01	0.2007E-21
0.3357E-01	0.2163E-21
0.3485E-01	0.2331E-21
0.3617E-01	0.2512E-21
0.3755E-01	0.2707E-21
0.3898E-01	0.2917E-21
0.4047E-01	0.3144E-21
0.4201E-01	0.3388E-21
0.4361E-01	0.3651E-21
0.4527E-01	0.3935E-21
0.4699E-01	0.4240E-21
0.4878E-01	0.4569E-21
0.5064E-01	0.4924E-21
0.5257E-01	0.5307E-21
0.5457E-01	0.5719E-21
0.5665E-01	0.6163E-21
0.5881E-01	0.6641E-21
0.6105E-01	0.7157E-21
0.6337E-01	0.7713E-21
0.6579E-01	0.8312E-21
0.6829E-01	0.8958E-21
0.7089E-01	0.9653E-21
0.7359E-01	0.1040E-20
0.7640E-01	0.1121E-20
0.7931E-01	0.1208E-20
0.8233E-01	0.1302E-20
0.8546E-01	0.1403E-20
0.8872E-01	0.1512E-20
0.9210E-01	0.1630E-20
0.9560E-01	0.1757E-20
0.9924E-01	0.1893E-20
0.1030	0.2040E-20
0.1069	0.2199E-20
0.1110	0.2370E-20
0.1152	0.2554E-20
0.1196	0.2753E-20
0.1242	0.2967E-20
0.1289	0.3198E-20
0.1338	0.3446E-20
0.1389	0.3715E-20
0.1442	0.4004E-20
0.1497	0.4316E-20
0.1554	0.4652E-20
0.1613	0.5014E-20
0.1675	0.5405E-20
0.1739	0.5826E-20
0.1805	0.6280E-20
0.1874	0.6770E-20
0.1945	0.7298E-20
0.2019	0.7868E-20
0.2096	0.8482E-20
0.2176	0.9145E-20
0.2259	0.9860E-20
0.2345	0.1063E-19
0.2434	0.1146E-19
0.2527	0.1236E-19
0.2623	0.1333E-19
0.2723	0.1437E-19
0.2826	0.1550E-19
0.2934	0.1672E-19
0.3046	0.1804E-19
0.3162	0.1946E-19
0.3282	0.2099E-19
0.3407	0.2264E-19
0.3537	0.2443E-19
0.3672	0.2637E-19
0.3812	0.2846E-19
0.3957	0.3071E-19
0.4107	0.3316E-19
0.4264	0.3580E-19
0.4426	0.3866E-19
0.4595	0.4175E-19
0.4770	0.4510E-19
0.4952	0.4873E-19
0.5140	0.5266E-19
0.5336	0.5692E-19
0.5539	0.6154E-19
0.5750	0.6655E-19
0.5969	0.7200E-19
0.6196	0.7791E-19
0.6432	0.8434E-19
0.6677	0.9133E-19
0.6932	0.9893E-19
0.7196	0.1072E-18
0.7470	0.1162E-18
0.7754	0.1261E-18
0.8050	0.1368E-18
0.8356	0.1485E-18
0.8674	0.1614E-18
0.9005	0.1754E-18
0.9348	0.1907E-18
0.9704	0.2075E-18
1.007	0.2259E-18
1.046	0.2460E-18
1.086	0.2681E-18
1.127	0.2924E-18
1.170	0.3190E-18
1.214	0.3481E-18
1.261	0.3802E-18
1.309	0.4153E-18
1.358	0.4539E-18
1.410	0.4961E-18
1.464	0.5425E-18
1.520	0.5933E-18
1.578	0.6489E-18
1.638	0.7098E-18
1.700	0.7764E-18
1.765	0.8492E-18
1.832	0.9288E-18
1.902	0.1016E-17
1.974	0.1110E-17
2.049	0.1213E-17
2.127	0.1326E-17
2.208	0.1448E-17
2.293	0.1581E-17
2.380	0.1726E-17
2.470	0.1883E-17
2.565	0.2054E-17
2.662	0.2239E-17
2.764	0.2440E-17
2.869	0.2659E-17
2.978	0.2896E-17
3.092	0.3153E-17
3.209	0.3433E-17
3.332	0.3735E-17
3.458	0.4064E-17
3.590	0.4421E-17
3.727	0.4808E-17
3.869	0.5227E-17
4.016	0.5683E-17
4.169	0.6177E-17
4.328	0.6713E-17
4.493	0.7295E-17
4.664	0.7927E-17
4.841	0.8612E-17
5.026	0.9356E-17
5.217	0.1016E-16
5.416	0.1104E-16
5.622	0.1199E-16
5.836	0.1302E-16
6.059	0.1415E-16
6.289	0.1536E-16
6.529	0.1669E-16
6.778	0.1812E-16
7.036	0.1968E-16
7.304	0.2138E-16
7.582	0.2323E-16
7.871	0.2523E-16
8.170	0.2740E-16
8.482	0.2978E-16
8.805	0.3235E-16
9.140	0.3515E-16
9.488	0.3816E-16
9.849	0.4146E-16
10.22	0.4506E-16
10.61	0.4898E-16
11.02	0.5325E-16
11.44	0.5789E-16
11.87	0.6294E-16
12.33	0.6853E-16
12.80	0.7454E-16
13.28	0.8109E-16
13.79	0.8824E-16
14.31	0.9611E-16
14.86	0.1046E-15
15.42	0.1139E-15
16.01	0.1241E-15
16.62	0.1356E-15
17.25	0.1478E-15
17.91	0.1611E-15
18.59	0.1757E-15
19.30	0.1911E-15
20.04	0.2086E-15
20.80	0.2279E-15
21.59	0.2495E-15
22.42	0.2729E-15
23.27	0.2987E-15
24.16	0.3278E-15
25.08	0.3612E-15
26.03	0.3963E-15
27.02	0.4352E-15
28.05	0.4762E-15
29.12	0.5242E-15
30.23	0.5776E-15
31.38	0.6368E-15
32.57	0.7034E-15
33.82	0.7778E-15
35.10	0.8617E-15
36.44	0.9548E-15
37.83	0.1059E-14
39.27	0.1175E-14
40.76	0.1305E-14
42.32	0.1449E-14
43.93	0.1608E-14
45.60	0.1784E-14
47.34	0.1976E-14
49.14	0.2187E-14
51.01	0.2415E-14
52.96	0.2660E-14
54.97	0.2923E-14
57.07	0.3201E-14
59.24	0.3495E-14
61.50	0.3802E-14
63.84	0.4121E-14
66.27	0.4451E-14
68.79	0.4791E-14
71.41	0.5141E-14
74.13	0.5492E-14
76.96	0.5862E-14
79.89	0.6241E-14
82.93	0.6633E-14
86.09	0.7038E-14
89.37	0.7459E-14
92.77	0.7889E-14
96.31	0.8348E-14
99.97	0.8830E-14
103.8	0.9337E-14
107.7	0.9873E-14
111.8	0.1044E-13
116.1	0.1104E-13
120.5	0.1168E-13
125.1	0.1237E-13
129.9	0.1310E-13
134.8	0.1388E-13
140.0	0.1471E-13
145.3	0.1560E-13
150.8	0.1656E-13
156.6	0.1759E-13
162.5	0.1869E-13
168.7	0.1987E-13
175.1	0.2114E-13
181.8	0.2250E-13
188.7	0.2397E-13
195.9	0.2554E-13
203.4	0.2723E-13
211.1	0.2905E-13
219.2	0.3100E-13
227.5	0.3309E-13
236.2	0.3535E-13
245.2	0.3777E-13
254.5	0.4037E-13
264.2	0.4316E-13
274.3	0.4617E-13
284.7	0.4939E-13
295.6	0.5286E-13
306.8	0.5658E-13
318.5	0.6058E-13
330.6	0.6487E-13
343.2	0.6947E-13
356.3	0.7441E-13
369.9	0.7971E-13
384.0	0.8540E-13
398.6	0.9151E-13
413.8	0.9805E-13
429.5	0.1051E-12
445.9	0.1126E-12
462.9	0.1207E-12
480.5	0.1293E-12
498.8	0.1386E-12
517.8	0.1485E-12
537.5	0.1592E-12
558.0	0.1706E-12
579.2	0.1827E-12
601.3	0.1958E-12
624.2	0.2098E-12
648.0	0.2247E-12
672.6	0.2407E-12
698.3	0.2579E-12
724.9	0.2762E-12
752.5	0.2957E-12
781.1	0.3166E-12
810.9	0.3389E-12
841.8	0.3628E-12
873.8	0.3883E-12
907.1	0.4155E-12
941.6	0.4445E-12
977.5	0.4754E-12
1015.	0.5085E-12
1053.	0.5437E-12
1094.	0.5813E-12
1135.	0.6214E-12
1178.	0.6641E-12
1223.	0.7096E-12
1270.	0.7581E-12
1318.	0.8097E-12
1368.	0.8647E-12
1421.	0.9231E-12
1475.	0.9854E-12
1531.	0.1052E-11
1589.	0.1122E-11
1650.	0.1197E-11
1712.	0.1277E-11
1778.	0.1362E-11
1845.	0.1452E-11
1916.	0.1548E-11
1989.	0.1649E-11
2064.	0.1758E-11
2143.	0.1873E-11
2225.	0.1995E-11
2309.	0.2125E-11
2397.	0.2264E-11
2489.	0.2410E-11
2583.	0.2567E-11
2682.	0.2733E-11
2784.	0.2909E-11
2890.	0.3097E-11
3000.	0.3296E-11
 
 
E/N (Td)	Elastic power loss /N (eV m3/s)
0.1000E-02	0.2949E-24
0.1038E-02	0.1909E-24
0.1078E-02	0.2068E-24
0.1119E-02	0.2240E-24
0.1161E-02	0.2425E-24
0.1205E-02	0.2624E-24
0.1251E-02	0.2839E-24
0.1299E-02	0.3070E-24
0.1349E-02	0.3320E-24
0.1400E-02	0.3588E-24
0.1453E-02	0.3878E-24
0.1509E-02	0.4190E-24
0.1566E-02	0.4526E-24
0.1626E-02	0.4889E-24
0.1688E-02	0.5280E-24
0.1752E-02	0.5700E-24
0.1819E-02	0.6154E-24
0.1888E-02	0.6643E-24
0.1960E-02	0.7170E-24
0.2034E-02	0.7737E-24
0.2112E-02	0.8349E-24
0.2192E-02	0.9008E-24
0.2276E-02	0.9719E-24
0.2362E-02	0.1048E-23
0.2452E-02	0.1131E-23
0.2546E-02	0.1220E-23
0.2643E-02	0.1316E-23
0.2743E-02	0.1419E-23
0.2848E-02	0.1530E-23
0.2956E-02	0.1650E-23
0.3069E-02	0.1779E-23
0.3186E-02	0.1918E-23
0.3307E-02	0.2068E-23
0.3433E-02	0.2230E-23
0.3564E-02	0.2404E-23
0.3700E-02	0.2592E-23
0.3841E-02	0.2794E-23
0.3987E-02	0.3012E-23
0.4139E-02	0.3247E-23
0.4296E-02	0.3500E-23
0.4460E-02	0.3773E-23
0.4630E-02	0.4067E-23
0.4806E-02	0.4384E-23
0.4989E-02	0.4725E-23
0.5179E-02	0.5093E-23
0.5377E-02	0.5490E-23
0.5581E-02	0.5917E-23
0.5794E-02	0.6378E-23
0.6015E-02	0.6874E-23
0.6244E-02	0.7408E-23
0.6481E-02	0.7985E-23
0.6728E-02	0.8605E-23
0.6985E-02	0.9275E-23
0.7251E-02	0.9996E-23
0.7527E-02	0.1077E-22
0.7813E-02	0.1161E-22
0.8111E-02	0.1251E-22
0.8420E-02	0.1348E-22
0.8741E-02	0.1453E-22
0.9073E-02	0.1566E-22
0.9419E-02	0.1688E-22
0.9778E-02	0.1819E-22
0.1015E-01	0.1960E-22
0.1054E-01	0.2113E-22
0.1094E-01	0.2277E-22
0.1135E-01	0.2453E-22
0.1179E-01	0.2644E-22
0.1224E-01	0.2849E-22
0.1270E-01	0.3071E-22
0.1319E-01	0.3309E-22
0.1369E-01	0.3566E-22
0.1421E-01	0.3843E-22
0.1475E-01	0.4141E-22
0.1531E-01	0.4463E-22
0.1590E-01	0.4810E-22
0.1650E-01	0.5183E-22
0.1713E-01	0.5585E-22
0.1778E-01	0.6019E-22
0.1846E-01	0.6487E-22
0.1916E-01	0.6990E-22
0.1989E-01	0.7533E-22
0.2065E-01	0.8118E-22
0.2144E-01	0.8748E-22
0.2225E-01	0.9427E-22
0.2310E-01	0.1016E-21
0.2398E-01	0.1095E-21
0.2489E-01	0.1180E-21
0.2584E-01	0.1271E-21
0.2682E-01	0.1370E-21
0.2785E-01	0.1476E-21
0.2891E-01	0.1591E-21
0.3001E-01	0.1715E-21
0.3115E-01	0.1848E-21
0.3234E-01	0.1991E-21
0.3357E-01	0.2146E-21
0.3485E-01	0.2312E-21
0.3617E-01	0.2492E-21
0.3755E-01	0.2685E-21
0.3898E-01	0.2894E-21
0.4047E-01	0.3118E-21
0.4201E-01	0.3360E-21
0.4361E-01	0.3621E-21
0.4527E-01	0.3902E-21
0.4699E-01	0.4205E-21
0.4878E-01	0.4532E-21
0.5064E-01	0.4884E-21
0.5257E-01	0.5263E-21
0.5457E-01	0.5672E-21
0.5665E-01	0.6112E-21
0.5881E-01	0.6586E-21
0.6105E-01	0.7098E-21
0.6337E-01	0.7649E-21
0.6579E-01	0.8243E-21
0.6829E-01	0.8883E-21
0.7089E-01	0.9573E-21
0.7359E-01	0.1032E-20
0.7640E-01	0.1112E-20
0.7931E-01	0.1198E-20
0.8233E-01	0.1291E-20
0.8546E-01	0.1391E-20
0.8872E-01	0.1499E-20
0.9210E-01	0.1616E-20
0.9560E-01	0.1741E-20
0.9924E-01	0.1877E-20
0.1030	0.2022E-20
0.1069	0.2179E-20
0.1110	0.2349E-20
0.1152	0.2531E-20
0.1196	0.2728E-20
0.1242	0.2940E-20
0.1289	0.3168E-20
0.1338	0.3414E-20
0.1389	0.3679E-20
0.1442	0.3965E-20
0.1497	0.4274E-20
0.1554	0.4606E-20
0.1613	0.4964E-20
0.1675	0.5350E-20
0.1739	0.5766E-20
0.1805	0.6214E-20
0.1874	0.6697E-20
0.1945	0.7218E-20
0.2019	0.7779E-20
0.2096	0.8384E-20
0.2176	0.9037E-20
0.2259	0.9740E-20
0.2345	0.1050E-19
0.2434	0.1131E-19
0.2527	0.1220E-19
0.2623	0.1314E-19
0.2723	0.1417E-19
0.2826	0.1527E-19
0.2934	0.1646E-19
0.3046	0.1774E-19
0.3162	0.1912E-19
0.3282	0.2061E-19
0.3407	0.2222E-19
0.3537	0.2395E-19
0.3672	0.2581E-19
0.3812	0.2782E-19
0.3957	0.2999E-19
0.4107	0.3233E-19
0.4264	0.3484E-19
0.4426	0.3755E-19
0.4595	0.4047E-19
0.4770	0.4361E-19
0.4952	0.4700E-19
0.5140	0.5064E-19
0.5336	0.5456E-19
0.5539	0.5877E-19
0.5750	0.6331E-19
0.5969	0.6818E-19
0.6196	0.7341E-19
0.6432	0.7902E-19
0.6677	0.8505E-19
0.6932	0.9150E-19
0.7196	0.9841E-19
0.7470	0.1058E-18
0.7754	0.1137E-18
0.8050	0.1221E-18
0.8356	0.1311E-18
0.8674	0.1406E-18
0.9005	0.1507E-18
0.9348	0.1614E-18
0.9704	0.1728E-18
1.007	0.1847E-18
1.046	0.1972E-18
1.086	0.2104E-18
1.127	0.2241E-18
1.170	0.2384E-18
1.214	0.2533E-18
1.261	0.2687E-18
1.309	0.2845E-18
1.358	0.3008E-18
1.410	0.3174E-18
1.464	0.3343E-18
1.520	0.3515E-18
1.578	0.3689E-18
1.638	0.3864E-18
1.700	0.4039E-18
1.765	0.4214E-18
1.832	0.4389E-18
1.902	0.4562E-18
1.974	0.4733E-18
2.049	0.4902E-18
2.127	0.5071E-18
2.208	0.5235E-18
2.293	0.5396E-18
2.380	0.5554E-18
2.470	0.5709E-18
2.565	0.5861E-18
2.662	0.6011E-18
2.764	0.6157E-18
2.869	0.6301E-18
2.978	0.6442E-18
3.092	0.6581E-18
3.209	0.6718E-18
3.332	0.6854E-18
3.458	0.6987E-18
3.590	0.7120E-18
3.727	0.7250E-18
3.869	0.7380E-18
4.016	0.7509E-18
4.169	0.7636E-18
4.328	0.7763E-18
4.493	0.7889E-18
4.664	0.8014E-18
4.841	0.8138E-18
5.026	0.8261E-18
5.217	0.8382E-18
5.416	0.8504E-18
5.622	0.8625E-18
5.836	0.8745E-18
6.059	0.8864E-18
6.289	0.8983E-18
6.529	0.9101E-18
6.778	0.9217E-18
7.036	0.9333E-18
7.304	0.9450E-18
7.582	0.9564E-18
7.871	0.9677E-18
8.170	0.9789E-18
8.482	0.9909E-18
8.805	0.1002E-17
9.140	0.1013E-17
9.488	0.1022E-17
9.849	0.1033E-17
10.22	0.1044E-17
10.61	0.1054E-17
11.02	0.1064E-17
11.44	0.1075E-17
11.87	0.1086E-17
12.33	0.1097E-17
12.80	0.1107E-17
13.28	0.1118E-17
13.79	0.1128E-17
14.31	0.1138E-17
14.86	0.1149E-17
15.42	0.1159E-17
16.01	0.1169E-17
16.62	0.1181E-17
17.25	0.1191E-17
17.91	0.1201E-17
18.59	0.1211E-17
19.30	0.1217E-17
20.04	0.1227E-17
20.80	0.1237E-17
21.59	0.1244E-17
22.42	0.1255E-17
23.27	0.1265E-17
24.16	0.1273E-17
25.08	0.1281E-17
26.03	0.1292E-17
27.02	0.1305E-17
28.05	0.1311E-17
29.12	0.1326E-17
30.23	0.1342E-17
31.38	0.1363E-17
32.57	0.1383E-17
33.82	0.1406E-17
35.10	0.1435E-17
36.44	0.1468E-17
37.83	0.1509E-17
39.27	0.1560E-17
40.76	0.1623E-17
42.32	0.1702E-17
43.93	0.1800E-17
45.60	0.1923E-17
47.34	0.2076E-17
49.14	0.2265E-17
51.01	0.2496E-17
52.96	0.2775E-17
54.97	0.3108E-17
57.07	0.3500E-17
59.24	0.3959E-17
61.50	0.4480E-17
63.84	0.5068E-17
66.27	0.5722E-17
68.79	0.6438E-17
71.41	0.7212E-17
74.13	0.8032E-17
76.96	0.8907E-17
79.89	0.9824E-17
82.93	0.1078E-16
86.09	0.1176E-16
89.37	0.1278E-16
92.77	0.1380E-16
96.31	0.1485E-16
99.97	0.1593E-16
103.8	0.1702E-16
107.7	0.1813E-16
111.8	0.1925E-16
116.1	0.2038E-16
120.5	0.2153E-16
125.1	0.2270E-16
129.9	0.2388E-16
134.8	0.2507E-16
140.0	0.2629E-16
145.3	0.2752E-16
150.8	0.2876E-16
156.6	0.3003E-16
162.5	0.3131E-16
168.7	0.3260E-16
175.1	0.3392E-16
181.8	0.3524E-16
188.7	0.3659E-16
195.9	0.3795E-16
203.4	0.3932E-16
211.1	0.4071E-16
219.2	0.4211E-16
227.5	0.4353E-16
236.2	0.4496E-16
245.2	0.4640E-16
254.5	0.4786E-16
264.2	0.4933E-16
274.3	0.5082E-16
284.7	0.5232E-16
295.6	0.5384E-16
306.8	0.5537E-16
318.5	0.5693E-16
330.6	0.5850E-16
343.2	0.6010E-16
356.3	0.6173E-16
369.9	0.6338E-16
384.0	0.6506E-16
398.6	0.6678E-16
413.8	0.6853E-16
429.5	0.7032E-16
445.9	0.7215E-16
462.9	0.7403E-16
480.5	0.7596E-16
498.8	0.7794E-16
517.8	0.7997E-16
537.5	0.8206E-16
558.0	0.8422E-16
579.2	0.8644E-16
601.3	0.8873E-16
624.2	0.9110E-16
648.0	0.9355E-16
672.6	0.9608E-16
698.3	0.9871E-16
724.9	0.1014E-15
752.5	0.1042E-15
781.1	0.1072E-15
810.9	0.1102E-15
841.8	0.1134E-15
873.8	0.1166E-15
907.1	0.1200E-15
941.6	0.1236E-15
977.5	0.1273E-15
1015.	0.1311E-15
1053.	0.1351E-15
1094.	0.1393E-15
1135.	0.1436E-15
1178.	0.1481E-15
1223.	0.1528E-15
1270.	0.1578E-15
1318.	0.1629E-15
1368.	0.1683E-15
1421.	0.1738E-15
1475.	0.1797E-15
1531.	0.1858E-15
1589.	0.1921E-15
1650.	0.1988E-15
1712.	0.2058E-15
1778.	0.2130E-15
1845.	0.2206E-15
1916.	0.2286E-15
1989.	0.2369E-15
2064.	0.2455E-15
2143.	0.2546E-15
2225.	0.2641E-15
2309.	0.2741E-15
2397.	0.2845E-15
2489.	0.2954E-15
2583.	0.3068E-15
2682.	0.3187E-15
2784.	0.3312E-15
2890.	0.3443E-15
3000.	0.3581E-15
 
 
E/N (Td)	Inelastic power loss /N (eV m3/s)
0.1000E-02	-0.1042E-24
0.1038E-02	-0.1647E-26
0.1078E-02	-0.1505E-26
0.1119E-02	-0.1353E-26
0.1161E-02	-0.1188E-26
0.1205E-02	-0.1011E-26
0.1251E-02	-0.8202E-27
0.1299E-02	-0.6145E-27
0.1349E-02	-0.3928E-27
0.1400E-02	-0.1539E-27
0.1453E-02	0.1035E-27
0.1509E-02	0.3809E-27
0.1566E-02	0.6799E-27
0.1626E-02	0.1002E-26
0.1688E-02	0.1349E-26
0.1752E-02	0.1723E-26
0.1819E-02	0.2126E-26
0.1888E-02	0.2561E-26
0.1960E-02	0.3029E-26
0.2034E-02	0.3534E-26
0.2112E-02	0.4077E-26
0.2192E-02	0.4663E-26
0.2276E-02	0.5295E-26
0.2362E-02	0.5975E-26
0.2452E-02	0.6708E-26
0.2546E-02	0.7498E-26
0.2643E-02	0.8350E-26
0.2743E-02	0.9267E-26
0.2848E-02	0.1026E-25
0.2956E-02	0.1132E-25
0.3069E-02	0.1247E-25
0.3186E-02	0.1371E-25
0.3307E-02	0.1504E-25
0.3433E-02	0.1648E-25
0.3564E-02	0.1803E-25
0.3700E-02	0.1970E-25
0.3841E-02	0.2149E-25
0.3987E-02	0.2343E-25
0.4139E-02	0.2552E-25
0.4296E-02	0.2777E-25
0.4460E-02	0.3020E-25
0.4630E-02	0.3281E-25
0.4806E-02	0.3563E-25
0.4989E-02	0.3866E-25
0.5179E-02	0.4193E-25
0.5377E-02	0.4546E-25
0.5581E-02	0.4926E-25
0.5794E-02	0.5335E-25
0.6015E-02	0.5776E-25
0.6244E-02	0.6252E-25
0.6481E-02	0.6764E-25
0.6728E-02	0.7316E-25
0.6985E-02	0.7912E-25
0.7251E-02	0.8553E-25
0.7527E-02	0.9244E-25
0.7813E-02	0.9989E-25
0.8111E-02	0.1079E-24
0.8420E-02	0.1166E-24
0.8741E-02	0.1259E-24
0.9073E-02	0.1359E-24
0.9419E-02	0.1468E-24
0.9778E-02	0.1584E-24
0.1015E-01	0.1710E-24
0.1054E-01	0.1846E-24
0.1094E-01	0.1992E-24
0.1135E-01	0.2149E-24
0.1179E-01	0.2319E-24
0.1224E-01	0.2502E-24
0.1270E-01	0.2699E-24
0.1319E-01	0.2912E-24
0.1369E-01	0.3141E-24
0.1421E-01	0.3388E-24
0.1475E-01	0.3654E-24
0.1531E-01	0.3941E-24
0.1590E-01	0.4250E-24
0.1650E-01	0.4583E-24
0.1713E-01	0.4943E-24
0.1778E-01	0.5330E-24
0.1846E-01	0.5747E-24
0.1916E-01	0.6198E-24
0.1989E-01	0.6683E-24
0.2065E-01	0.7206E-24
0.2144E-01	0.7770E-24
0.2225E-01	0.8379E-24
0.2310E-01	0.9035E-24
0.2398E-01	0.9742E-24
0.2489E-01	0.1050E-23
0.2584E-01	0.1133E-23
0.2682E-01	0.1221E-23
0.2785E-01	0.1317E-23
0.2891E-01	0.1420E-23
0.3001E-01	0.1532E-23
0.3115E-01	0.1652E-23
0.3234E-01	0.1781E-23
0.3357E-01	0.1921E-23
0.3485E-01	0.2072E-23
0.3617E-01	0.2235E-23
0.3755E-01	0.2411E-23
0.3898E-01	0.2601E-23
0.4047E-01	0.2805E-23
0.4201E-01	0.3027E-23
0.4361E-01	0.3265E-23
0.4527E-01	0.3523E-23
0.4699E-01	0.3802E-23
0.4878E-01	0.4103E-23
0.5064E-01	0.4429E-23
0.5257E-01	0.4781E-23
0.5457E-01	0.5161E-23
0.5665E-01	0.5573E-23
0.5881E-01	0.6018E-23
0.6105E-01	0.6499E-23
0.6337E-01	0.7021E-23
0.6579E-01	0.7585E-23
0.6829E-01	0.8197E-23
0.7089E-01	0.8859E-23
0.7359E-01	0.9578E-23
0.7640E-01	0.1036E-22
0.7931E-01	0.1120E-22
0.8233E-01	0.1212E-22
0.8546E-01	0.1312E-22
0.8872E-01	0.1420E-22
0.9210E-01	0.1538E-22
0.9560E-01	0.1666E-22
0.9924E-01	0.1806E-22
0.1030	0.1958E-22
0.1069	0.2124E-22
0.1110	0.2305E-22
0.1152	0.2503E-22
0.1196	0.2719E-22
0.1242	0.2956E-22
0.1289	0.3216E-22
0.1338	0.3501E-22
0.1389	0.3814E-22
0.1442	0.4158E-22
0.1497	0.4538E-22
0.1554	0.4956E-22
0.1613	0.5418E-22
0.1675	0.5929E-22
0.1739	0.6496E-22
0.1805	0.7125E-22
0.1874	0.7825E-22
0.1945	0.8604E-22
0.2019	0.9474E-22
0.2096	0.1045E-21
0.2176	0.1154E-21
0.2259	0.1277E-21
0.2345	0.1415E-21
0.2434	0.1570E-21
0.2527	0.1746E-21
0.2623	0.1946E-21
0.2723	0.2173E-21
0.2826	0.2432E-21
0.2934	0.2727E-21
0.3046	0.3066E-21
0.3162	0.3454E-21
0.3282	0.3901E-21
0.3407	0.4417E-21
0.3537	0.5013E-21
0.3672	0.5705E-21
0.3812	0.6509E-21
0.3957	0.7446E-21
0.4107	0.8540E-21
0.4264	0.9820E-21
0.4426	0.1132E-20
0.4595	0.1309E-20
0.4770	0.1517E-20
0.4952	0.1762E-20
0.5140	0.2052E-20
0.5336	0.2395E-20
0.5539	0.2801E-20
0.5750	0.3284E-20
0.5969	0.3858E-20
0.6196	0.4540E-20
0.6432	0.5352E-20
0.6677	0.6319E-20
0.6932	0.7472E-20
0.7196	0.8845E-20
0.7470	0.1048E-19
0.7754	0.1243E-19
0.8050	0.1475E-19
0.8356	0.1751E-19
0.8674	0.2079E-19
0.9005	0.2469E-19
0.9348	0.2930E-19
0.9704	0.3477E-19
1.007	0.4122E-19
1.046	0.4883E-19
1.086	0.5778E-19
1.127	0.6828E-19
1.170	0.8055E-19
1.214	0.9487E-19
1.261	0.1115E-18
1.309	0.1308E-18
1.358	0.1531E-18
1.410	0.1787E-18
1.464	0.2081E-18
1.520	0.2417E-18
1.578	0.2800E-18
1.638	0.3234E-18
1.700	0.3725E-18
1.765	0.4277E-18
1.832	0.4898E-18
1.902	0.5592E-18
1.974	0.6367E-18
2.049	0.7229E-18
2.127	0.8185E-18
2.208	0.9244E-18
2.293	0.1041E-17
2.380	0.1170E-17
2.470	0.1312E-17
2.565	0.1467E-17
2.662	0.1638E-17
2.764	0.1824E-17
2.869	0.2028E-17
2.978	0.2251E-17
3.092	0.2495E-17
3.209	0.2760E-17
3.332	0.3050E-17
3.458	0.3365E-17
3.590	0.3708E-17
3.727	0.4082E-17
3.869	0.4489E-17
4.016	0.4932E-17
4.169	0.5413E-17
4.328	0.5937E-17
4.493	0.6506E-17
4.664	0.7125E-17
4.841	0.7798E-17
5.026	0.8529E-17
5.217	0.9324E-17
5.416	0.1019E-16
5.622	0.1113E-16
5.836	0.1215E-16
6.059	0.1326E-16
6.289	0.1446E-16
6.529	0.1577E-16
6.778	0.1720E-16
7.036	0.1875E-16
7.304	0.2044E-16
7.582	0.2227E-16
7.871	0.2426E-16
8.170	0.2642E-16
8.482	0.2879E-16
8.805	0.3135E-16
9.140	0.3414E-16
9.488	0.3713E-16
9.849	0.4043E-16
10.22	0.4402E-16
10.61	0.4792E-16
11.02	0.5217E-16
11.44	0.5680E-16
11.87	0.6185E-16
12.33	0.6743E-16
12.80	0.7343E-16
13.28	0.7997E-16
13.79	0.8711E-16
14.31	0.9496E-16
14.86	0.1035E-15
15.42	0.1128E-15
16.01	0.1229E-15
16.62	0.1345E-15
17.25	0.1466E-15
17.91	0.1600E-15
18.59	0.1746E-15
19.30	0.1899E-15
20.04	0.2074E-15
20.80	0.2267E-15
21.59	0.2484E-15
22.42	0.2718E-15
23.27	0.2976E-15
24.16	0.3264E-15
25.08	0.3596E-15
26.03	0.3947E-15
27.02	0.4336E-15
28.05	0.4753E-15
29.12	0.5233E-15
30.23	0.5768E-15
31.38	0.6361E-15
32.57	0.7028E-15
33.82	0.7774E-15
35.10	0.8614E-15
36.44	0.9548E-15
37.83	0.1059E-14
39.27	0.1176E-14
40.76	0.1306E-14
42.32	0.1451E-14
43.93	0.1611E-14
45.60	0.1788E-14
47.34	0.1983E-14
49.14	0.2195E-14
51.01	0.2426E-14
52.96	0.2675E-14
54.97	0.2941E-14
57.07	0.3224E-14
59.24	0.3523E-14
61.50	0.3836E-14
63.84	0.4162E-14
66.27	0.4499E-14
68.79	0.4847E-14
71.41	0.5204E-14
74.13	0.5563E-14
76.96	0.5940E-14
79.89	0.6328E-14
82.93	0.6727E-14
86.09	0.7139E-14
89.37	0.7565E-14
92.77	0.8001E-14
96.31	0.8465E-14
99.97	0.8951E-14
103.8	0.9461E-14
107.7	0.9999E-14
111.8	0.1057E-13
116.1	0.1117E-13
120.5	0.1180E-13
125.1	0.1248E-13
129.9	0.1320E-13
134.8	0.1397E-13
140.0	0.1479E-13
145.3	0.1566E-13
150.8	0.1659E-13
156.6	0.1758E-13
162.5	0.1864E-13
168.7	0.1976E-13
175.1	0.2096E-13
181.8	0.2224E-13
188.7	0.2361E-13
195.9	0.2506E-13
203.4	0.2661E-13
211.1	0.2825E-13
219.2	0.3000E-13
227.5	0.3186E-13
236.2	0.3384E-13
245.2	0.3593E-13
254.5	0.3816E-13
264.2	0.4053E-13
274.3	0.4304E-13
284.7	0.4570E-13
295.6	0.4853E-13
306.8	0.5152E-13
318.5	0.5469E-13
330.6	0.5806E-13
343.2	0.6161E-13
356.3	0.6539E-13
369.9	0.6938E-13
384.0	0.7360E-13
398.6	0.7808E-13
413.8	0.8280E-13
429.5	0.8781E-13
445.9	0.9310E-13
462.9	0.9869E-13
480.5	0.1046E-12
498.8	0.1109E-12
517.8	0.1175E-12
537.5	0.1244E-12
558.0	0.1318E-12
579.2	0.1395E-12
601.3	0.1477E-12
624.2	0.1563E-12
648.0	0.1654E-12
672.6	0.1749E-12
698.3	0.1850E-12
724.9	0.1956E-12
752.5	0.2067E-12
781.1	0.2184E-12
810.9	0.2307E-12
841.8	0.2435E-12
873.8	0.2571E-12
907.1	0.2712E-12
941.6	0.2861E-12
977.5	0.3016E-12
1015.	0.3179E-12
1053.	0.3349E-12
1094.	0.3526E-12
1135.	0.3712E-12
1178.	0.3905E-12
1223.	0.4107E-12
1270.	0.4318E-12
1318.	0.4537E-12
1368.	0.4765E-12
1421.	0.5001E-12
1475.	0.5247E-12
1531.	0.5503E-12
1589.	0.5768E-12
1650.	0.6043E-12
1712.	0.6327E-12
1778.	0.6622E-12
1845.	0.6927E-12
1916.	0.7242E-12
1989.	0.7567E-12
2064.	0.7903E-12
2143.	0.8250E-12
2225.	0.8607E-12
2309.	0.8975E-12
2397.	0.9354E-12
2489.	0.9744E-12
2583.	0.1014E-11
2682.	0.1056E-11
2784.	0.1098E-11
2890.	0.1141E-11
3000.	0.1186E-11
 
 
E/N (Td)	Growth power /N (eV m3/s)
0.1000E-02	-0.2721E-26
0.1038E-02	-0.2723E-26
0.1078E-02	-0.2723E-26
0.1119E-02	-0.2723E-26
0.1161E-02	-0.2723E-26
0.1205E-02	-0.2723E-26
0.1251E-02	-0.2723E-26
0.1299E-02	-0.2723E-26
0.1349E-02	-0.2723E-26
0.1400E-02	-0.2723E-26
0.1453E-02	-0.2723E-26
0.1509E-02	-0.2723E-26
0.1566E-02	-0.2723E-26
0.1626E-02	-0.2723E-26
0.1688E-02	-0.2723E-26
0.1752E-02	-0.2723E-26
0.1819E-02	-0.2723E-26
0.1888E-02	-0.2723E-26
0.1960E-02	-0.2723E-26
0.2034E-02	-0.2723E-26
0.2112E-02	-0.2723E-26
0.2192E-02	-0.2723E-26
0.2276E-02	-0.2723E-26
0.2362E-02	-0.2723E-26
0.2452E-02	-0.2723E-26
0.2546E-02	-0.2723E-26
0.2643E-02	-0.2723E-26
0.2743E-02	-0.2723E-26
0.2848E-02	-0.2723E-26
0.2956E-02	-0.2723E-26
0.3069E-02	-0.2723E-26
0.3186E-02	-0.2723E-26
0.3307E-02	-0.2723E-26
0.3433E-02	-0.2723E-26
0.3564E-02	-0.2723E-26
0.3700E-02	-0.2723E-26
0.3841E-02	-0.2723E-26
0.3987E-02	-0.2724E-26
0.4139E-02	-0.2724E-26
0.4296E-02	-0.2724E-26
0.4460E-02	-0.2724E-26
0.4630E-02	-0.2724E-26
0.4806E-02	-0.2724E-26
0.4989E-02	-0.2724E-26
0.5179E-02	-0.2724E-26
0.5377E-02	-0.2724E-26
0.5581E-02	-0.2724E-26
0.5794E-02	-0.2724E-26
0.6015E-02	-0.2724E-26
0.6244E-02	-0.2724E-26
0.6481E-02	-0.2724E-26
0.6728E-02	-0.2724E-26
0.6985E-02	-0.2724E-26
0.7251E-02	-0.2724E-26
0.7527E-02	-0.2724E-26
0.7813E-02	-0.2724E-26
0.8111E-02	-0.2724E-26
0.8420E-02	-0.2724E-26
0.8741E-02	-0.2724E-26
0.9073E-02	-0.2724E-26
0.9419E-02	-0.2724E-26
0.9778E-02	-0.2724E-26
0.1015E-01	-0.2725E-26
0.1054E-01	-0.2725E-26
0.1094E-01	-0.2725E-26
0.1135E-01	-0.2725E-26
0.1179E-01	-0.2725E-26
0.1224E-01	-0.2725E-26
0.1270E-01	-0.2725E-26
0.1319E-01	-0.2725E-26
0.1369E-01	-0.2726E-26
0.1421E-01	-0.2726E-26
0.1475E-01	-0.2726E-26
0.1531E-01	-0.2726E-26
0.1590E-01	-0.2726E-26
0.1650E-01	-0.2727E-26
0.1713E-01	-0.2727E-26
0.1778E-01	-0.2727E-26
0.1846E-01	-0.2727E-26
0.1916E-01	-0.2728E-26
0.1989E-01	-0.2728E-26
0.2065E-01	-0.2728E-26
0.2144E-01	-0.2729E-26
0.2225E-01	-0.2729E-26
0.2310E-01	-0.2730E-26
0.2398E-01	-0.2730E-26
0.2489E-01	-0.2731E-26
0.2584E-01	-0.2731E-26
0.2682E-01	-0.2732E-26
0.2785E-01	-0.2733E-26
0.2891E-01	-0.2733E-26
0.3001E-01	-0.2734E-26
0.3115E-01	-0.2735E-26
0.3234E-01	-0.2736E-26
0.3357E-01	-0.2737E-26
0.3485E-01	-0.2738E-26
0.3617E-01	-0.2739E-26
0.3755E-01	-0.2740E-26
0.3898E-01	-0.2742E-26
0.4047E-01	-0.2743E-26
0.4201E-01	-0.2745E-26
0.4361E-01	-0.2746E-26
0.4527E-01	-0.2748E-26
0.4699E-01	-0.2750E-26
0.4878E-01	-0.2752E-26
0.5064E-01	-0.2754E-26
0.5257E-01	-0.2757E-26
0.5457E-01	-0.2759E-26
0.5665E-01	-0.2762E-26
0.5881E-01	-0.2765E-26
0.6105E-01	-0.2768E-26
0.6337E-01	-0.2772E-26
0.6579E-01	-0.2776E-26
0.6829E-01	-0.2780E-26
0.7089E-01	-0.2784E-26
0.7359E-01	-0.2789E-26
0.7640E-01	-0.2794E-26
0.7931E-01	-0.2800E-26
0.8233E-01	-0.2806E-26
0.8546E-01	-0.2812E-26
0.8872E-01	-0.2819E-26
0.9210E-01	-0.2827E-26
0.9560E-01	-0.2835E-26
0.9924E-01	-0.2844E-26
0.1030	-0.2853E-26
0.1069	-0.2863E-26
0.1110	-0.2874E-26
0.1152	-0.2886E-26
0.1196	-0.2899E-26
0.1242	-0.2913E-26
0.1289	-0.2929E-26
0.1338	-0.2945E-26
0.1389	-0.2963E-26
0.1442	-0.2982E-26
0.1497	-0.3003E-26
0.1554	-0.3026E-26
0.1613	-0.3050E-26
0.1675	-0.3077E-26
0.1739	-0.3105E-26
0.1805	-0.3137E-26
0.1874	-0.3171E-26
0.1945	-0.3208E-26
0.2019	-0.3248E-26
0.2096	-0.3291E-26
0.2176	-0.3339E-26
0.2259	-0.3391E-26
0.2345	-0.3447E-26
0.2434	-0.3508E-26
0.2527	-0.3575E-26
0.2623	-0.3649E-26
0.2723	-0.3729E-26
0.2826	-0.3817E-26
0.2934	-0.3913E-26
0.3046	-0.4018E-26
0.3162	-0.4133E-26
0.3282	-0.4260E-26
0.3407	-0.4399E-26
0.3537	-0.4553E-26
0.3672	-0.4722E-26
0.3812	-0.4908E-26
0.3957	-0.5114E-26
0.4107	-0.5341E-26
0.4264	-0.5593E-26
0.4426	-0.5872E-26
0.4595	-0.6181E-26
0.4770	-0.6524E-26
0.4952	-0.6905E-26
0.5140	-0.7330E-26
0.5336	-0.7802E-26
0.5539	-0.8329E-26
0.5750	-0.8916E-26
0.5969	-0.9572E-26
0.6196	-0.1030E-25
0.6432	-0.1112E-25
0.6677	-0.1204E-25
0.6932	-0.1307E-25
0.7196	-0.1421E-25
0.7470	-0.1550E-25
0.7754	-0.1694E-25
0.8050	-0.1855E-25
0.8356	-0.2035E-25
0.8674	-0.2237E-25
0.9005	-0.2462E-25
0.9348	-0.2714E-25
0.9704	-0.2994E-25
1.007	-0.3307E-25
1.046	-0.3654E-25
1.086	-0.4039E-25
1.127	-0.4465E-25
1.170	-0.4935E-25
1.214	-0.5453E-25
1.261	-0.6022E-25
1.309	-0.6644E-25
1.358	-0.7322E-25
1.410	-0.8059E-25
1.464	-0.8856E-25
1.520	-0.9715E-25
1.578	-0.1064E-24
1.638	-0.1162E-24
1.700	-0.1267E-24
1.765	-0.1379E-24
1.832	-0.1496E-24
1.902	-0.1620E-24
1.974	-0.1750E-24
2.049	-0.1886E-24
2.127	-0.2039E-24
2.208	-0.2189E-24
2.293	-0.2346E-24
2.380	-0.2509E-24
2.470	-0.2679E-24
2.565	-0.2857E-24
2.662	-0.3041E-24
2.764	-0.3233E-24
2.869	-0.3434E-24
2.978	-0.3644E-24
3.092	-0.3864E-24
3.209	-0.4095E-24
3.332	-0.4338E-24
3.458	-0.4596E-24
3.590	-0.4868E-24
3.727	-0.5157E-24
3.869	-0.5466E-24
4.016	-0.5798E-24
4.169	-0.6155E-24
4.328	-0.6541E-24
4.493	-0.6964E-24
4.664	-0.7429E-24
4.841	-0.7949E-24
5.026	-0.8538E-24
5.217	-0.9219E-24
5.416	-0.1003E-23
5.622	-0.1102E-23
5.836	-0.1228E-23
6.059	-0.1394E-23
6.289	-0.1618E-23
6.529	-0.1934E-23
6.778	-0.2389E-23
7.036	-0.3056E-23
7.304	-0.4066E-23
7.582	-0.5563E-23
7.871	-0.7816E-23
8.170	-0.1121E-22
8.482	-0.1638E-22
8.805	-0.2403E-22
9.140	-0.3541E-22
9.488	-0.5237E-22
9.849	-0.7707E-22
10.22	-0.1130E-21
10.61	-0.1657E-21
11.02	-0.2403E-21
11.44	-0.3462E-21
11.87	-0.4956E-21
12.33	-0.7099E-21
12.80	-0.1001E-20
13.28	-0.1403E-20
13.79	-0.1952E-20
14.31	-0.2712E-20
14.86	-0.3721E-20
15.42	-0.5070E-20
16.01	-0.6865E-20
16.62	-0.9321E-20
17.25	-0.1246E-19
17.91	-0.1656E-19
18.59	-0.2188E-19
19.30	-0.2871E-19
20.04	-0.3753E-19
20.80	-0.4880E-19
21.59	-0.6356E-19
22.42	-0.8187E-19
23.27	-0.1050E-18
24.16	-0.1352E-18
25.08	-0.1738E-18
26.03	-0.2204E-18
27.02	-0.2788E-18
28.05	-0.3505E-18
29.12	-0.4419E-18
30.23	-0.5565E-18
31.38	-0.7050E-18
32.57	-0.8871E-18
33.82	-0.1117E-17
35.10	-0.1410E-17
36.44	-0.1780E-17
37.83	-0.2252E-17
39.27	-0.2853E-17
40.76	-0.3622E-17
42.32	-0.4601E-17
43.93	-0.5846E-17
45.60	-0.7421E-17
47.34	-0.9401E-17
49.14	-0.1186E-16
51.01	-0.1489E-16
52.96	-0.1856E-16
54.97	-0.2293E-16
57.07	-0.2806E-16
59.24	-0.3398E-16
61.50	-0.4060E-16
63.84	-0.4788E-16
66.27	-0.5572E-16
68.79	-0.6400E-16
71.41	-0.7255E-16
74.13	-0.8103E-16
76.96	-0.8965E-16
79.89	-0.9810E-16
82.93	-0.1062E-15
86.09	-0.1139E-15
89.37	-0.1210E-15
92.77	-0.1273E-15
96.31	-0.1330E-15
99.97	-0.1379E-15
103.8	-0.1418E-15
107.7	-0.1446E-15
111.8	-0.1460E-15
116.1	-0.1457E-15
120.5	-0.1435E-15
125.1	-0.1389E-15
129.9	-0.1315E-15
134.8	-0.1205E-15
140.0	-0.1052E-15
145.3	-0.8475E-16
150.8	-0.5801E-16
156.6	-0.2371E-16
162.5	0.1962E-16
168.7	0.7370E-16
175.1	0.1405E-15
181.8	0.2222E-15
188.7	0.3215E-15
195.9	0.4411E-15
203.4	0.5840E-15
211.1	0.7540E-15
219.2	0.9549E-15
227.5	0.1191E-14
236.2	0.1467E-14
245.2	0.1788E-14
254.5	0.2159E-14
264.2	0.2587E-14
274.3	0.3078E-14
284.7	0.3639E-14
295.6	0.4279E-14
306.8	0.5004E-14
318.5	0.5825E-14
330.6	0.6752E-14
343.2	0.7793E-14
356.3	0.8962E-14
369.9	0.1027E-13
384.0	0.1173E-13
398.6	0.1336E-13
413.8	0.1518E-13
429.5	0.1719E-13
445.9	0.1942E-13
462.9	0.2190E-13
480.5	0.2463E-13
498.8	0.2766E-13
517.8	0.3099E-13
537.5	0.3467E-13
558.0	0.3871E-13
579.2	0.4315E-13
601.3	0.4803E-13
624.2	0.5339E-13
648.0	0.5927E-13
672.6	0.6571E-13
698.3	0.7277E-13
724.9	0.8048E-13
752.5	0.8891E-13
781.1	0.9812E-13
810.9	0.1082E-12
841.8	0.1191E-12
873.8	0.1311E-12
907.1	0.1441E-12
941.6	0.1583E-12
977.5	0.1737E-12
1015.	0.1905E-12
1053.	0.2088E-12
1094.	0.2286E-12
1135.	0.2501E-12
1178.	0.2734E-12
1223.	0.2987E-12
1270.	0.3262E-12
1318.	0.3559E-12
1368.	0.3881E-12
1421.	0.4229E-12
1475.	0.4605E-12
1531.	0.5012E-12
1589.	0.5452E-12
1650.	0.5927E-12
1712.	0.6440E-12
1778.	0.6993E-12
1845.	0.7590E-12
1916.	0.8233E-12
1989.	0.8927E-12
2064.	0.9674E-12
2143.	0.1048E-11
2225.	0.1135E-11
2309.	0.1228E-11
2397.	0.1328E-11
2489.	0.1436E-11
2583.	0.1552E-11
2682.	0.1677E-11
2784.	0.1811E-11
2890.	0.1956E-11
3000.	0.2110E-11
 
 
E/N (Td)	Maximum energy
0.1000E-02	0.7500
0.1038E-02	0.7500
0.1078E-02	0.7500
0.1119E-02	0.7500
0.1161E-02	0.7500
0.1205E-02	0.7500
0.1251E-02	0.7500
0.1299E-02	0.7500
0.1349E-02	0.7500
0.1400E-02	0.7500
0.1453E-02	0.7500
0.1509E-02	0.7500
0.1566E-02	0.7500
0.1626E-02	0.7500
0.1688E-02	0.7500
0.1752E-02	0.7500
0.1819E-02	0.7500
0.1888E-02	0.7500
0.1960E-02	0.7500
0.2034E-02	0.7500
0.2112E-02	0.7500
0.2192E-02	0.7500
0.2276E-02	0.7500
0.2362E-02	0.7500
0.2452E-02	0.7500
0.2546E-02	0.7500
0.2643E-02	0.7500
0.2743E-02	0.7500
0.2848E-02	0.7500
0.2956E-02	0.7500
0.3069E-02	0.7500
0.3186E-02	0.7500
0.3307E-02	0.7500
0.3433E-02	0.7500
0.3564E-02	0.7500
0.3700E-02	0.7500
0.3841E-02	0.7500
0.3987E-02	0.7500
0.4139E-02	0.7500
0.4296E-02	0.7500
0.4460E-02	0.7500
0.4630E-02	0.7500
0.4806E-02	0.7500
0.4989E-02	0.7500
0.5179E-02	0.7500
0.5377E-02	0.7500
0.5581E-02	0.7500
0.5794E-02	0.7500
0.6015E-02	0.7500
0.6244E-02	0.7500
0.6481E-02	0.7500
0.6728E-02	0.7500
0.6985E-02	0.7500
0.7251E-02	0.7500
0.7527E-02	0.7500
0.7813E-02	0.7500
0.8111E-02	0.7500
0.8420E-02	0.7500
0.8741E-02	0.7500
0.9073E-02	0.7500
0.9419E-02	0.7500
0.9778E-02	0.7500
0.1015E-01	0.7500
0.1054E-01	0.7500
0.1094E-01	0.7500
0.1135E-01	0.7500
0.1179E-01	0.7500
0.1224E-01	0.7500
0.1270E-01	0.7500
0.1319E-01	0.7500
0.1369E-01	0.7500
0.1421E-01	0.7500
0.1475E-01	0.7500
0.1531E-01	0.7500
0.1590E-01	0.7500
0.1650E-01	0.7500
0.1713E-01	0.7500
0.1778E-01	0.7500
0.1846E-01	0.7500
0.1916E-01	0.7500
0.1989E-01	0.7500
0.2065E-01	0.7500
0.2144E-01	0.7500
0.2225E-01	0.7500
0.2310E-01	0.7500
0.2398E-01	0.7500
0.2489E-01	0.7500
0.2584E-01	0.7500
0.2682E-01	0.7500
0.2785E-01	0.7500
0.2891E-01	0.7500
0.3001E-01	0.7500
0.3115E-01	0.7500
0.3234E-01	0.7500
0.3357E-01	0.7500
0.3485E-01	0.7500
0.3617E-01	0.7500
0.3755E-01	0.7500
0.3898E-01	0.7500
0.4047E-01	0.7500
0.4201E-01	0.7500
0.4361E-01	0.7500
0.4527E-01	0.7500
0.4699E-01	0.7500
0.4878E-01	0.7500
0.5064E-01	0.7500
0.5257E-01	0.7500
0.5457E-01	0.7500
0.5665E-01	0.7500
0.5881E-01	0.7500
0.6105E-01	0.7500
0.6337E-01	0.7500
0.6579E-01	0.7500
0.6829E-01	0.7500
0.7089E-01	0.7500
0.7359E-01	0.7500
0.7640E-01	0.7500
0.7931E-01	0.7500
0.8233E-01	0.7500
0.8546E-01	0.7500
0.8872E-01	0.7500
0.9210E-01	0.7500
0.9560E-01	0.7500
0.9924E-01	0.7500
0.1030	0.7500
0.1069	0.7500
0.1110	0.7500
0.1152	0.7500
0.1196	0.7500
0.1242	0.7500
0.1289	0.7500
0.1338	0.7500
0.1389	0.7500
0.1442	0.7500
0.1497	0.7500
0.1554	0.7500
0.1613	0.7500
0.1675	0.7500
0.1739	0.7500
0.1805	0.7500
0.1874	0.7500
0.1945	0.7500
0.2019	0.7500
0.2096	0.7500
0.2176	0.7500
0.2259	0.7500
0.2345	0.7500
0.2434	0.7500
0.2527	0.7500
0.2623	0.7500
0.2723	0.7500
0.2826	0.7500
0.2934	0.7500
0.3046	0.7500
0.3162	0.7500
0.3282	0.7500
0.3407	0.7500
0.3537	0.7500
0.3672	0.7500
0.3812	0.7500
0.3957	0.7500
0.4107	0.7500
0.4264	0.7500
0.4426	0.7500
0.4595	0.7500
0.4770	0.7500
0.4952	0.7500
0.5140	0.7500
0.5336	0.7500
0.5539	0.7500
0.5750	0.7500
0.5969	0.7500
0.6196	0.7500
0.6432	0.7500
0.6677	0.7500
0.6932	0.7500
0.7196	0.7500
0.7470	0.7500
0.7754	0.7500
0.8050	0.7500
0.8356	0.7500
0.8674	0.7500
0.9005	0.7500
0.9348	0.7500
0.9704	0.7500
1.007	0.7500
1.046	0.7500
1.086	0.7500
1.127	0.7500
1.170	0.7500
1.214	0.7500
1.261	0.7500
1.309	0.7500
1.358	0.7500
1.410	0.7500
1.464	0.7500
1.520	0.7500
1.578	0.7500
1.638	0.7500
1.700	0.7500
1.765	0.7500
1.832	0.7500
1.902	0.7500
1.974	0.7500
2.049	0.7500
2.127	0.8933
2.208	0.8933
2.293	0.8933
2.380	0.8933
2.470	0.8933
2.565	0.8933
2.662	0.8933
2.764	0.8933
2.869	0.8933
2.978	0.8933
3.092	0.8933
3.209	0.8933
3.332	0.8933
3.458	0.8933
3.590	0.8933
3.727	0.8933
3.869	0.8933
4.016	0.8933
4.169	0.8933
4.328	0.8933
4.493	0.8933
4.664	0.8933
4.841	0.8933
5.026	0.8933
5.217	1.064
5.416	1.064
5.622	1.064
5.836	1.064
6.059	1.064
6.289	1.064
6.529	1.064
6.778	1.064
7.036	1.064
7.304	1.267
7.582	1.267
7.871	1.267
8.170	1.267
8.482	1.509
8.805	1.509
9.140	1.509
9.488	1.797
9.849	1.797
10.22	1.797
10.61	2.141
11.02	2.141
11.44	2.141
11.87	2.141
12.33	2.549
12.80	2.549
13.28	2.549
13.79	2.549
14.31	3.036
14.86	3.036
15.42	3.036
16.01	3.036
16.62	3.616
17.25	3.616
17.91	3.616
18.59	3.616
19.30	4.307
20.04	4.307
20.80	4.307
21.59	5.130
22.42	5.130
23.27	5.130
24.16	6.109
25.08	7.276
26.03	7.276
27.02	7.276
28.05	8.666
29.12	8.666
30.23	8.666
31.38	10.32
32.57	10.32
33.82	10.32
35.10	12.29
36.44	12.29
37.83	12.29
39.27	12.29
40.76	14.62
42.32	14.62
43.93	14.62
45.60	14.62
47.34	14.62
49.14	17.37
51.01	17.37
52.96	17.37
54.97	17.37
57.07	17.37
59.24	20.62
61.50	20.62
63.84	20.62
66.27	20.62
68.79	20.62
71.41	20.62
74.13	24.46
76.96	24.46
79.89	24.46
82.93	24.46
86.09	24.46
89.37	24.46
92.77	29.01
96.31	29.01
99.97	29.01
103.8	29.01
107.7	29.01
111.8	29.01
116.1	34.38
120.5	34.38
125.1	34.38
129.9	34.38
134.8	34.38
140.0	34.38
145.3	34.38
150.8	40.72
156.6	40.72
162.5	40.72
168.7	40.72
175.1	40.72
181.8	40.72
188.7	48.23
195.9	48.23
203.4	48.23
211.1	48.23
219.2	48.23
227.5	48.23
236.2	57.10
245.2	57.10
254.5	57.10
264.2	57.10
274.3	57.10
284.7	67.58
295.6	67.58
306.8	67.58
318.5	67.58
330.6	67.58
343.2	79.98
356.3	79.98
369.9	79.98
384.0	79.98
398.6	79.98
413.8	94.63
429.5	94.63
445.9	94.63
462.9	94.63
480.5	94.63
498.8	111.9
517.8	111.9
537.5	111.9
558.0	111.9
579.2	111.9
601.3	132.4
624.2	132.4
648.0	132.4
672.6	132.4
698.3	156.6
724.9	156.6
752.5	156.6
781.1	156.6
810.9	156.6
841.8	185.2
873.8	185.2
907.1	185.2
941.6	185.2
977.5	219.0
1015.	219.0
1053.	219.0
1094.	259.0
1135.	259.0
1178.	259.0
1223.	259.0
1270.	306.3
1318.	306.3
1368.	306.3
1421.	306.3
1475.	362.1
1531.	362.1
1589.	362.1
1650.	428.1
1712.	428.1
1778.	428.1
1845.	428.1
1916.	506.2
1989.	506.2
2064.	506.2
2143.	598.4
2225.	598.4
2309.	598.4
2397.	707.5
2489.	707.5
2583.	707.5
2682.	836.4
2784.	836.4
2890.	836.4
3000.	988.8
 
 
E/N (Td)	# of iterations
0.1000E-02	16.00
0.1038E-02	4.000
0.1078E-02	4.000
0.1119E-02	4.000
0.1161E-02	4.000
0.1205E-02	4.000
0.1251E-02	4.000
0.1299E-02	4.000
0.1349E-02	4.000
0.1400E-02	4.000
0.1453E-02	4.000
0.1509E-02	4.000
0.1566E-02	4.000
0.1626E-02	4.000
0.1688E-02	4.000
0.1752E-02	4.000
0.1819E-02	4.000
0.1888E-02	4.000
0.1960E-02	4.000
0.2034E-02	4.000
0.2112E-02	4.000
0.2192E-02	4.000
0.2276E-02	4.000
0.2362E-02	4.000
0.2452E-02	4.000
0.2546E-02	4.000
0.2643E-02	4.000
0.2743E-02	4.000
0.2848E-02	4.000
0.2956E-02	4.000
0.3069E-02	4.000
0.3186E-02	4.000
0.3307E-02	4.000
0.3433E-02	4.000
0.3564E-02	4.000
0.3700E-02	4.000
0.3841E-02	4.000
0.3987E-02	4.000
0.4139E-02	4.000
0.4296E-02	4.000
0.4460E-02	4.000
0.4630E-02	4.000
0.4806E-02	4.000
0.4989E-02	4.000
0.5179E-02	4.000
0.5377E-02	4.000
0.5581E-02	4.000
0.5794E-02	4.000
0.6015E-02	4.000
0.6244E-02	4.000
0.6481E-02	4.000
0.6728E-02	4.000
0.6985E-02	4.000
0.7251E-02	4.000
0.7527E-02	4.000
0.7813E-02	4.000
0.8111E-02	4.000
0.8420E-02	4.000
0.8741E-02	4.000
0.9073E-02	4.000
0.9419E-02	4.000
0.9778E-02	4.000
0.1015E-01	4.000
0.1054E-01	4.000
0.1094E-01	4.000
0.1135E-01	4.000
0.1179E-01	4.000
0.1224E-01	4.000
0.1270E-01	4.000
0.1319E-01	4.000
0.1369E-01	4.000
0.1421E-01	4.000
0.1475E-01	4.000
0.1531E-01	4.000
0.1590E-01	4.000
0.1650E-01	4.000
0.1713E-01	4.000
0.1778E-01	4.000
0.1846E-01	4.000
0.1916E-01	4.000
0.1989E-01	4.000
0.2065E-01	4.000
0.2144E-01	4.000
0.2225E-01	4.000
0.2310E-01	4.000
0.2398E-01	4.000
0.2489E-01	4.000
0.2584E-01	4.000
0.2682E-01	4.000
0.2785E-01	4.000
0.2891E-01	4.000
0.3001E-01	4.000
0.3115E-01	4.000
0.3234E-01	4.000
0.3357E-01	4.000
0.3485E-01	4.000
0.3617E-01	4.000
0.3755E-01	4.000
0.3898E-01	4.000
0.4047E-01	4.000
0.4201E-01	4.000
0.4361E-01	4.000
0.4527E-01	4.000
0.4699E-01	4.000
0.4878E-01	4.000
0.5064E-01	4.000
0.5257E-01	4.000
0.5457E-01	4.000
0.5665E-01	4.000
0.5881E-01	4.000
0.6105E-01	4.000
0.6337E-01	4.000
0.6579E-01	4.000
0.6829E-01	4.000
0.7089E-01	4.000
0.7359E-01	4.000
0.7640E-01	4.000
0.7931E-01	4.000
0.8233E-01	4.000
0.8546E-01	4.000
0.8872E-01	4.000
0.9210E-01	4.000
0.9560E-01	4.000
0.9924E-01	4.000
0.1030	4.000
0.1069	4.000
0.1110	4.000
0.1152	4.000
0.1196	4.000
0.1242	4.000
0.1289	4.000
0.1338	4.000
0.1389	4.000
0.1442	4.000
0.1497	4.000
0.1554	4.000
0.1613	4.000
0.1675	4.000
0.1739	4.000
0.1805	4.000
0.1874	4.000
0.1945	4.000
0.2019	4.000
0.2096	4.000
0.2176	4.000
0.2259	4.000
0.2345	4.000
0.2434	4.000
0.2527	4.000
0.2623	4.000
0.2723	4.000
0.2826	4.000
0.2934	4.000
0.3046	4.000
0.3162	4.000
0.3282	4.000
0.3407	4.000
0.3537	4.000
0.3672	4.000
0.3812	4.000
0.3957	4.000
0.4107	4.000
0.4264	4.000
0.4426	4.000
0.4595	4.000
0.4770	4.000
0.4952	4.000
0.5140	4.000
0.5336	4.000
0.5539	4.000
0.5750	4.000
0.5969	4.000
0.6196	4.000
0.6432	4.000
0.6677	4.000
0.6932	4.000
0.7196	4.000
0.7470	4.000
0.7754	4.000
0.8050	4.000
0.8356	4.000
0.8674	4.000
0.9005	4.000
0.9348	5.000
0.9704	5.000
1.007	5.000
1.046	5.000
1.086	5.000
1.127	5.000
1.170	5.000
1.214	5.000
1.261	5.000
1.309	5.000
1.358	5.000
1.410	5.000
1.464	5.000
1.520	5.000
1.578	5.000
1.638	5.000
1.700	5.000
1.765	4.000
1.832	4.000
1.902	4.000
1.974	4.000
2.049	4.000
2.127	9.000
2.208	5.000
2.293	5.000
2.380	5.000
2.470	4.000
2.565	4.000
2.662	4.000
2.764	4.000
2.869	4.000
2.978	4.000
3.092	4.000
3.209	4.000
3.332	4.000
3.458	4.000
3.590	4.000
3.727	4.000
3.869	4.000
4.016	4.000
4.169	4.000
4.328	4.000
4.493	4.000
4.664	4.000
4.841	4.000
5.026	4.000
5.217	8.000
5.416	4.000
5.622	4.000
5.836	4.000
6.059	4.000
6.289	4.000
6.529	4.000
6.778	4.000
7.036	4.000
7.304	8.000
7.582	4.000
7.871	4.000
8.170	4.000
8.482	8.000
8.805	4.000
9.140	4.000
9.488	8.000
9.849	4.000
10.22	4.000
10.61	8.000
11.02	4.000
11.44	4.000
11.87	4.000
12.33	8.000
12.80	4.000
13.28	4.000
13.79	4.000
14.31	8.000
14.86	4.000
15.42	4.000
16.01	4.000
16.62	8.000
17.25	4.000
17.91	4.000
18.59	4.000
19.30	8.000
20.04	4.000
20.80	4.000
21.59	8.000
22.42	4.000
23.27	4.000
24.16	8.000
25.08	8.000
26.03	4.000
27.02	4.000
28.05	9.000
29.12	5.000
30.23	5.000
31.38	10.00
32.57	5.000
33.82	5.000
35.10	10.00
36.44	5.000
37.83	5.000
39.27	5.000
40.76	10.00
42.32	5.000
43.93	5.000
45.60	5.000
47.34	5.000
49.14	10.00
51.01	5.000
52.96	5.000
54.97	5.000
57.07	5.000
59.24	9.000
61.50	5.000
63.84	4.000
66.27	4.000
68.79	5.000
71.41	5.000
74.13	9.000
76.96	5.000
79.89	5.000
82.93	5.000
86.09	5.000
89.37	5.000
92.77	10.00
96.31	5.000
99.97	5.000
103.8	5.000
107.7	4.000
111.8	4.000
116.1	8.000
120.5	4.000
125.1	4.000
129.9	4.000
134.8	4.000
140.0	4.000
145.3	4.000
150.8	8.000
156.6	4.000
162.5	4.000
168.7	4.000
175.1	4.000
181.8	4.000
188.7	8.000
195.9	5.000
203.4	5.000
211.1	5.000
219.2	5.000
227.5	5.000
236.2	10.00
245.2	5.000
254.5	5.000
264.2	5.000
274.3	5.000
284.7	11.00
295.6	6.000
306.8	6.000
318.5	6.000
330.6	6.000
343.2	12.00
356.3	6.000
369.9	6.000
384.0	6.000
398.6	6.000
413.8	12.00
429.5	6.000
445.9	6.000
462.9	6.000
480.5	6.000
498.8	12.00
517.8	6.000
537.5	6.000
558.0	6.000
579.2	6.000
601.3	13.00
624.2	6.000
648.0	6.000
672.6	6.000
698.3	13.00
724.9	6.000
752.5	6.000
781.1	6.000
810.9	6.000
841.8	13.00
873.8	7.000
907.1	7.000
941.6	6.000
977.5	13.00
1015.	7.000
1053.	7.000
1094.	14.00
1135.	7.000
1178.	7.000
1223.	7.000
1270.	14.00
1318.	7.000
1368.	7.000
1421.	7.000
1475.	14.00
1531.	7.000
1589.	7.000
1650.	15.00
1712.	8.000
1778.	8.000
1845.	8.000
1916.	16.00
1989.	8.000
2064.	8.000
2143.	16.00
2225.	8.000
2309.	8.000
2397.	16.00
2489.	8.000
2583.	8.000
2682.	17.00
2784.	9.000
2890.	9.000
3000.	18.00
 
 
E/N (Td)	# of grid trials
0.1000E-02	2.000
0.1038E-02	1.000
0.1078E-02	1.000
0.1119E-02	1.000
0.1161E-02	1.000
0.1205E-02	1.000
0.1251E-02	1.000
0.1299E-02	1.000
0.1349E-02	1.000
0.1400E-02	1.000
0.1453E-02	1.000
0.1509E-02	1.000
0.1566E-02	1.000
0.1626E-02	1.000
0.1688E-02	1.000
0.1752E-02	1.000
0.1819E-02	1.000
0.1888E-02	1.000
0.1960E-02	1.000
0.2034E-02	1.000
0.2112E-02	1.000
0.2192E-02	1.000
0.2276E-02	1.000
0.2362E-02	1.000
0.2452E-02	1.000
0.2546E-02	1.000
0.2643E-02	1.000
0.2743E-02	1.000
0.2848E-02	1.000
0.2956E-02	1.000
0.3069E-02	1.000
0.3186E-02	1.000
0.3307E-02	1.000
0.3433E-02	1.000
0.3564E-02	1.000
0.3700E-02	1.000
0.3841E-02	1.000
0.3987E-02	1.000
0.4139E-02	1.000
0.4296E-02	1.000
0.4460E-02	1.000
0.4630E-02	1.000
0.4806E-02	1.000
0.4989E-02	1.000
0.5179E-02	1.000
0.5377E-02	1.000
0.5581E-02	1.000
0.5794E-02	1.000
0.6015E-02	1.000
0.6244E-02	1.000
0.6481E-02	1.000
0.6728E-02	1.000
0.6985E-02	1.000
0.7251E-02	1.000
0.7527E-02	1.000
0.7813E-02	1.000
0.8111E-02	1.000
0.8420E-02	1.000
0.8741E-02	1.000
0.9073E-02	1.000
0.9419E-02	1.000
0.9778E-02	1.000
0.1015E-01	1.000
0.1054E-01	1.000
0.1094E-01	1.000
0.1135E-01	1.000
0.1179E-01	1.000
0.1224E-01	1.000
0.1270E-01	1.000
0.1319E-01	1.000
0.1369E-01	1.000
0.1421E-01	1.000
0.1475E-01	1.000
0.1531E-01	1.000
0.1590E-01	1.000
0.1650E-01	1.000
0.1713E-01	1.000
0.1778E-01	1.000
0.1846E-01	1.000
0.1916E-01	1.000
0.1989E-01	1.000
0.2065E-01	1.000
0.2144E-01	1.000
0.2225E-01	1.000
0.2310E-01	1.000
0.2398E-01	1.000
0.2489E-01	1.000
0.2584E-01	1.000
0.2682E-01	1.000
0.2785E-01	1.000
0.2891E-01	1.000
0.3001E-01	1.000
0.3115E-01	1.000
0.3234E-01	1.000
0.3357E-01	1.000
0.3485E-01	1.000
0.3617E-01	1.000
0.3755E-01	1.000
0.3898E-01	1.000
0.4047E-01	1.000
0.4201E-01	1.000
0.4361E-01	1.000
0.4527E-01	1.000
0.4699E-01	1.000
0.4878E-01	1.000
0.5064E-01	1.000
0.5257E-01	1.000
0.5457E-01	1.000
0.5665E-01	1.000
0.5881E-01	1.000
0.6105E-01	1.000
0.6337E-01	1.000
0.6579E-01	1.000
0.6829E-01	1.000
0.7089E-01	1.000
0.7359E-01	1.000
0.7640E-01	1.000
0.7931E-01	1.000
0.8233E-01	1.000
0.8546E-01	1.000
0.8872E-01	1.000
0.9210E-01	1.000
0.9560E-01	1.000
0.9924E-01	1.000
0.1030	1.000
0.1069	1.000
0.1110	1.000
0.1152	1.000
0.1196	1.000
0.1242	1.000
0.1289	1.000
0.1338	1.000
0.1389	1.000
0.1442	1.000
0.1497	1.000
0.1554	1.000
0.1613	1.000
0.1675	1.000
0.1739	1.000
0.1805	1.000
0.1874	1.000
0.1945	1.000
0.2019	1.000
0.2096	1.000
0.2176	1.000
0.2259	1.000
0.2345	1.000
0.2434	1.000
0.2527	1.000
0.2623	1.000
0.2723	1.000
0.2826	1.000
0.2934	1.000
0.3046	1.000
0.3162	1.000
0.3282	1.000
0.3407	1.000
0.3537	1.000
0.3672	1.000
0.3812	1.000
0.3957	1.000
0.4107	1.000
0.4264	1.000
0.4426	1.000
0.4595	1.000
0.4770	1.000
0.4952	1.000
0.5140	1.000
0.5336	1.000
0.5539	1.000
0.5750	1.000
0.5969	1.000
0.6196	1.000
0.6432	1.000
0.6677	1.000
0.6932	1.000
0.7196	1.000
0.7470	1.000
0.7754	1.000
0.8050	1.000
0.8356	1.000
0.8674	1.000
0.9005	1.000
0.9348	1.000
0.9704	1.000
1.007	1.000
1.046	1.000
1.086	1.000
1.127	1.000
1.170	1.000
1.214	1.000
1.261	1.000
1.309	1.000
1.358	1.000
1.410	1.000
1.464	1.000
1.520	1.000
1.578	1.000
1.638	1.000
1.700	1.000
1.765	1.000
1.832	1.000
1.902	1.000
1.974	1.000
2.049	1.000
2.127	2.000
2.208	1.000
2.293	1.000
2.380	1.000
2.470	1.000
2.565	1.000
2.662	1.000
2.764	1.000
2.869	1.000
2.978	1.000
3.092	1.000
3.209	1.000
3.332	1.000
3.458	1.000
3.590	1.000
3.727	1.000
3.869	1.000
4.016	1.000
4.169	1.000
4.328	1.000
4.493	1.000
4.664	1.000
4.841	1.000
5.026	1.000
5.217	2.000
5.416	1.000
5.622	1.000
5.836	1.000
6.059	1.000
6.289	1.000
6.529	1.000
6.778	1.000
7.036	1.000
7.304	2.000
7.582	1.000
7.871	1.000
8.170	1.000
8.482	2.000
8.805	1.000
9.140	1.000
9.488	2.000
9.849	1.000
10.22	1.000
10.61	2.000
11.02	1.000
11.44	1.000
11.87	1.000
12.33	2.000
12.80	1.000
13.28	1.000
13.79	1.000
14.31	2.000
14.86	1.000
15.42	1.000
16.01	1.000
16.62	2.000
17.25	1.000
17.91	1.000
18.59	1.000
19.30	2.000
20.04	1.000
20.80	1.000
21.59	2.000
22.42	1.000
23.27	1.000
24.16	2.000
25.08	2.000
26.03	1.000
27.02	1.000
28.05	2.000
29.12	1.000
30.23	1.000
31.38	2.000
32.57	1.000
33.82	1.000
35.10	2.000
36.44	1.000
37.83	1.000
39.27	1.000
40.76	2.000
42.32	1.000
43.93	1.000
45.60	1.000
47.34	1.000
49.14	2.000
51.01	1.000
52.96	1.000
54.97	1.000
57.07	1.000
59.24	2.000
61.50	1.000
63.84	1.000
66.27	1.000
68.79	1.000
71.41	1.000
74.13	2.000
76.96	1.000
79.89	1.000
82.93	1.000
86.09	1.000
89.37	1.000
92.77	2.000
96.31	1.000
99.97	1.000
103.8	1.000
107.7	1.000
111.8	1.000
116.1	2.000
120.5	1.000
125.1	1.000
129.9	1.000
134.8	1.000
140.0	1.000
145.3	1.000
150.8	2.000
156.6	1.000
162.5	1.000
168.7	1.000
175.1	1.000
181.8	1.000
188.7	2.000
195.9	1.000
203.4	1.000
211.1	1.000
219.2	1.000
227.5	1.000
236.2	2.000
245.2	1.000
254.5	1.000
264.2	1.000
274.3	1.000
284.7	2.000
295.6	1.000
306.8	1.000
318.5	1.000
330.6	1.000
343.2	2.000
356.3	1.000
369.9	1.000
384.0	1.000
398.6	1.000
413.8	2.000
429.5	1.000
445.9	1.000
462.9	1.000
480.5	1.000
498.8	2.000
517.8	1.000
537.5	1.000
558.0	1.000
579.2	1.000
601.3	2.000
624.2	1.000
648.0	1.000
672.6	1.000
698.3	2.000
724.9	1.000
752.5	1.000
781.1	1.000
810.9	1.000
841.8	2.000
873.8	1.000
907.1	1.000
941.6	1.000
977.5	2.000
1015.	1.000
1053.	1.000
1094.	2.000
1135.	1.000
1178.	1.000
1223.	1.000
1270.	2.000
1318.	1.000
1368.	1.000
1421.	1.000
1475.	2.000
1531.	1.000
1589.	1.000
1650.	2.000
1712.	1.000
1778.	1.000
1845.	1.000
1916.	2.000
1989.	1.000
2064.	1.000
2143.	2.000
2225.	1.000
2309.	1.000
2397.	2.000
2489.	1.000
2583.	1.000
2682.	2.000
2784.	1.000
2890.	1.000
3000.	2.000
 
 
C1    HCl    Attachment                                         
E/N (Td)	Rate coefficient (m3/s)
0.1000E-02	0.7016E-25
0.1038E-02	0.7022E-25
0.1078E-02	0.7022E-25
0.1119E-02	0.7022E-25
0.1161E-02	0.7022E-25
0.1205E-02	0.7022E-25
0.1251E-02	0.7022E-25
0.1299E-02	0.7022E-25
0.1349E-02	0.7022E-25
0.1400E-02	0.7022E-25
0.1453E-02	0.7022E-25
0.1509E-02	0.7022E-25
0.1566E-02	0.7022E-25
0.1626E-02	0.7022E-25
0.1688E-02	0.7022E-25
0.1752E-02	0.7022E-25
0.1819E-02	0.7022E-25
0.1888E-02	0.7022E-25
0.1960E-02	0.7022E-25
0.2034E-02	0.7022E-25
0.2112E-02	0.7022E-25
0.2192E-02	0.7022E-25
0.2276E-02	0.7022E-25
0.2362E-02	0.7022E-25
0.2452E-02	0.7022E-25
0.2546E-02	0.7022E-25
0.2643E-02	0.7022E-25
0.2743E-02	0.7022E-25
0.2848E-02	0.7022E-25
0.2956E-02	0.7022E-25
0.3069E-02	0.7022E-25
0.3186E-02	0.7022E-25
0.3307E-02	0.7022E-25
0.3433E-02	0.7022E-25
0.3564E-02	0.7022E-25
0.3700E-02	0.7022E-25
0.3841E-02	0.7022E-25
0.3987E-02	0.7022E-25
0.4139E-02	0.7022E-25
0.4296E-02	0.7022E-25
0.4460E-02	0.7023E-25
0.4630E-02	0.7023E-25
0.4806E-02	0.7023E-25
0.4989E-02	0.7023E-25
0.5179E-02	0.7023E-25
0.5377E-02	0.7023E-25
0.5581E-02	0.7023E-25
0.5794E-02	0.7023E-25
0.6015E-02	0.7023E-25
0.6244E-02	0.7023E-25
0.6481E-02	0.7023E-25
0.6728E-02	0.7023E-25
0.6985E-02	0.7023E-25
0.7251E-02	0.7023E-25
0.7527E-02	0.7024E-25
0.7813E-02	0.7024E-25
0.8111E-02	0.7024E-25
0.8420E-02	0.7024E-25
0.8741E-02	0.7024E-25
0.9073E-02	0.7024E-25
0.9419E-02	0.7025E-25
0.9778E-02	0.7025E-25
0.1015E-01	0.7025E-25
0.1054E-01	0.7025E-25
0.1094E-01	0.7025E-25
0.1135E-01	0.7026E-25
0.1179E-01	0.7026E-25
0.1224E-01	0.7026E-25
0.1270E-01	0.7027E-25
0.1319E-01	0.7027E-25
0.1369E-01	0.7027E-25
0.1421E-01	0.7028E-25
0.1475E-01	0.7028E-25
0.1531E-01	0.7029E-25
0.1590E-01	0.7029E-25
0.1650E-01	0.7030E-25
0.1713E-01	0.7031E-25
0.1778E-01	0.7031E-25
0.1846E-01	0.7032E-25
0.1916E-01	0.7033E-25
0.1989E-01	0.7034E-25
0.2065E-01	0.7035E-25
0.2144E-01	0.7036E-25
0.2225E-01	0.7037E-25
0.2310E-01	0.7038E-25
0.2398E-01	0.7039E-25
0.2489E-01	0.7040E-25
0.2584E-01	0.7042E-25
0.2682E-01	0.7043E-25
0.2785E-01	0.7045E-25
0.2891E-01	0.7047E-25
0.3001E-01	0.7049E-25
0.3115E-01	0.7051E-25
0.3234E-01	0.7053E-25
0.3357E-01	0.7055E-25
0.3485E-01	0.7058E-25
0.3617E-01	0.7061E-25
0.3755E-01	0.7064E-25
0.3898E-01	0.7067E-25
0.4047E-01	0.7070E-25
0.4201E-01	0.7074E-25
0.4361E-01	0.7078E-25
0.4527E-01	0.7083E-25
0.4699E-01	0.7087E-25
0.4878E-01	0.7092E-25
0.5064E-01	0.7098E-25
0.5257E-01	0.7104E-25
0.5457E-01	0.7110E-25
0.5665E-01	0.7117E-25
0.5881E-01	0.7125E-25
0.6105E-01	0.7133E-25
0.6337E-01	0.7141E-25
0.6579E-01	0.7151E-25
0.6829E-01	0.7161E-25
0.7089E-01	0.7172E-25
0.7359E-01	0.7183E-25
0.7640E-01	0.7196E-25
0.7931E-01	0.7210E-25
0.8233E-01	0.7224E-25
0.8546E-01	0.7240E-25
0.8872E-01	0.7257E-25
0.9210E-01	0.7276E-25
0.9560E-01	0.7296E-25
0.9924E-01	0.7317E-25
0.1030	0.7341E-25
0.1069	0.7366E-25
0.1110	0.7393E-25
0.1152	0.7423E-25
0.1196	0.7454E-25
0.1242	0.7489E-25
0.1289	0.7526E-25
0.1338	0.7566E-25
0.1389	0.7610E-25
0.1442	0.7657E-25
0.1497	0.7708E-25
0.1554	0.7763E-25
0.1613	0.7823E-25
0.1675	0.7888E-25
0.1739	0.7958E-25
0.1805	0.8035E-25
0.1874	0.8117E-25
0.1945	0.8207E-25
0.2019	0.8305E-25
0.2096	0.8411E-25
0.2176	0.8527E-25
0.2259	0.8652E-25
0.2345	0.8789E-25
0.2434	0.8938E-25
0.2527	0.9100E-25
0.2623	0.9277E-25
0.2723	0.9471E-25
0.2826	0.9682E-25
0.2934	0.9913E-25
0.3046	0.1017E-24
0.3162	0.1044E-24
0.3282	0.1074E-24
0.3407	0.1108E-24
0.3537	0.1144E-24
0.3672	0.1184E-24
0.3812	0.1228E-24
0.3957	0.1277E-24
0.4107	0.1330E-24
0.4264	0.1389E-24
0.4426	0.1454E-24
0.4595	0.1526E-24
0.4770	0.1605E-24
0.4952	0.1693E-24
0.5140	0.1790E-24
0.5336	0.1897E-24
0.5539	0.2016E-24
0.5750	0.2148E-24
0.5969	0.2293E-24
0.6196	0.2455E-24
0.6432	0.2634E-24
0.6677	0.2833E-24
0.6932	0.3053E-24
0.7196	0.3296E-24
0.7470	0.3566E-24
0.7754	0.3864E-24
0.8050	0.4193E-24
0.8356	0.4556E-24
0.8674	0.4957E-24
0.9005	0.5398E-24
0.9348	0.5882E-24
0.9704	0.6412E-24
1.007	0.6992E-24
1.046	0.7625E-24
1.086	0.8314E-24
1.127	0.9061E-24
1.170	0.9869E-24
1.214	0.1074E-23
1.261	0.1168E-23
1.309	0.1268E-23
1.358	0.1375E-23
1.410	0.1488E-23
1.464	0.1608E-23
1.520	0.1735E-23
1.578	0.1868E-23
1.638	0.2007E-23
1.700	0.2153E-23
1.765	0.2304E-23
1.832	0.2460E-23
1.902	0.2622E-23
1.974	0.2788E-23
2.049	0.2959E-23
2.127	0.3152E-23
2.208	0.3336E-23
2.293	0.3525E-23
2.380	0.3720E-23
2.470	0.3920E-23
2.565	0.4127E-23
2.662	0.4340E-23
2.764	0.4559E-23
2.869	0.4787E-23
2.978	0.5023E-23
3.092	0.5269E-23
3.209	0.5525E-23
3.332	0.5794E-23
3.458	0.6076E-23
3.590	0.6374E-23
3.727	0.6688E-23
3.869	0.7023E-23
4.016	0.7381E-23
4.169	0.7764E-23
4.328	0.8179E-23
4.493	0.8631E-23
4.664	0.9129E-23
4.841	0.9684E-23
5.026	0.1031E-22
5.217	0.1104E-22
5.416	0.1192E-22
5.622	0.1299E-22
5.836	0.1435E-22
6.059	0.1615E-22
6.289	0.1861E-22
6.529	0.2206E-22
6.778	0.2702E-22
7.036	0.3429E-22
7.304	0.4525E-22
7.582	0.6141E-22
7.871	0.8559E-22
8.170	0.1217E-21
8.482	0.1764E-21
8.805	0.2567E-21
9.140	0.3751E-21
9.488	0.5506E-21
9.849	0.8034E-21
10.22	0.1168E-20
10.61	0.1699E-20
11.02	0.2442E-20
11.44	0.3488E-20
11.87	0.4949E-20
12.33	0.7021E-20
12.80	0.9815E-20
13.28	0.1362E-19
13.79	0.1877E-19
14.31	0.2584E-19
14.86	0.3510E-19
15.42	0.4735E-19
16.01	0.6345E-19
16.62	0.8513E-19
17.25	0.1126E-18
17.91	0.1479E-18
18.59	0.1931E-18
19.30	0.2509E-18
20.04	0.3237E-18
20.80	0.4152E-18
21.59	0.5328E-18
22.42	0.6756E-18
23.27	0.8520E-18
24.16	0.1076E-17
25.08	0.1357E-17
26.03	0.1683E-17
27.02	0.2077E-17
28.05	0.2546E-17
29.12	0.3108E-17
30.23	0.3775E-17
31.38	0.4598E-17
32.57	0.5523E-17
33.82	0.6599E-17
35.10	0.7845E-17
36.44	0.9270E-17
37.83	0.1089E-16
39.27	0.1272E-16
40.76	0.1476E-16
42.32	0.1701E-16
43.93	0.1948E-16
45.60	0.2214E-16
47.34	0.2499E-16
49.14	0.2797E-16
51.01	0.3106E-16
52.96	0.3421E-16
54.97	0.3735E-16
57.07	0.4044E-16
59.24	0.4343E-16
61.50	0.4621E-16
63.84	0.4875E-16
66.27	0.5103E-16
68.79	0.5301E-16
71.41	0.5467E-16
74.13	0.5595E-16
76.96	0.5700E-16
79.89	0.5777E-16
82.93	0.5828E-16
86.09	0.5856E-16
89.37	0.5864E-16
92.77	0.5849E-16
96.31	0.5826E-16
99.97	0.5792E-16
103.8	0.5749E-16
107.7	0.5700E-16
111.8	0.5645E-16
116.1	0.5585E-16
120.5	0.5524E-16
125.1	0.5463E-16
129.9	0.5400E-16
134.8	0.5338E-16
140.0	0.5276E-16
145.3	0.5214E-16
150.8	0.5154E-16
156.6	0.5095E-16
162.5	0.5037E-16
168.7	0.4980E-16
175.1	0.4924E-16
181.8	0.4869E-16
188.7	0.4815E-16
195.9	0.4761E-16
203.4	0.4708E-16
211.1	0.4656E-16
219.2	0.4604E-16
227.5	0.4552E-16
236.2	0.4501E-16
245.2	0.4449E-16
254.5	0.4398E-16
264.2	0.4347E-16
274.3	0.4295E-16
284.7	0.4244E-16
295.6	0.4193E-16
306.8	0.4142E-16
318.5	0.4090E-16
330.6	0.4039E-16
343.2	0.3988E-16
356.3	0.3936E-16
369.9	0.3885E-16
384.0	0.3834E-16
398.6	0.3782E-16
413.8	0.3731E-16
429.5	0.3679E-16
445.9	0.3628E-16
462.9	0.3576E-16
480.5	0.3525E-16
498.8	0.3473E-16
517.8	0.3421E-16
537.5	0.3369E-16
558.0	0.3317E-16
579.2	0.3265E-16
601.3	0.3213E-16
624.2	0.3160E-16
648.0	0.3108E-16
672.6	0.3055E-16
698.3	0.3002E-16
724.9	0.2949E-16
752.5	0.2896E-16
781.1	0.2843E-16
810.9	0.2790E-16
841.8	0.2737E-16
873.8	0.2684E-16
907.1	0.2630E-16
941.6	0.2577E-16
977.5	0.2524E-16
1015.	0.2471E-16
1053.	0.2418E-16
1094.	0.2365E-16
1135.	0.2313E-16
1178.	0.2260E-16
1223.	0.2208E-16
1270.	0.2157E-16
1318.	0.2105E-16
1368.	0.2054E-16
1421.	0.2004E-16
1475.	0.1954E-16
1531.	0.1904E-16
1589.	0.1855E-16
1650.	0.1807E-16
1712.	0.1759E-16
1778.	0.1712E-16
1845.	0.1665E-16
1916.	0.1619E-16
1989.	0.1574E-16
2064.	0.1530E-16
2143.	0.1486E-16
2225.	0.1443E-16
2309.	0.1401E-16
2397.	0.1360E-16
2489.	0.1319E-16
2583.	0.1280E-16
2682.	0.1241E-16
2784.	0.1203E-16
2890.	0.1165E-16
3000.	0.1129E-16
 
 
C2    HCl    Elastic                                            
E/N (Td)	Rate coefficient (m3/s)
0.1000E-02	0.1302E-11
0.1038E-02	0.1302E-11
0.1078E-02	0.1302E-11
0.1119E-02	0.1302E-11
0.1161E-02	0.1302E-11
0.1205E-02	0.1302E-11
0.1251E-02	0.1302E-11
0.1299E-02	0.1302E-11
0.1349E-02	0.1302E-11
0.1400E-02	0.1302E-11
0.1453E-02	0.1302E-11
0.1509E-02	0.1302E-11
0.1566E-02	0.1302E-11
0.1626E-02	0.1302E-11
0.1688E-02	0.1302E-11
0.1752E-02	0.1302E-11
0.1819E-02	0.1302E-11
0.1888E-02	0.1302E-11
0.1960E-02	0.1302E-11
0.2034E-02	0.1302E-11
0.2112E-02	0.1302E-11
0.2192E-02	0.1302E-11
0.2276E-02	0.1302E-11
0.2362E-02	0.1302E-11
0.2452E-02	0.1302E-11
0.2546E-02	0.1302E-11
0.2643E-02	0.1302E-11
0.2743E-02	0.1302E-11
0.2848E-02	0.1302E-11
0.2956E-02	0.1302E-11
0.3069E-02	0.1302E-11
0.3186E-02	0.1302E-11
0.3307E-02	0.1302E-11
0.3433E-02	0.1302E-11
0.3564E-02	0.1302E-11
0.3700E-02	0.1302E-11
0.3841E-02	0.1302E-11
0.3987E-02	0.1302E-11
0.4139E-02	0.1302E-11
0.4296E-02	0.1302E-11
0.4460E-02	0.1302E-11
0.4630E-02	0.1302E-11
0.4806E-02	0.1302E-11
0.4989E-02	0.1302E-11
0.5179E-02	0.1302E-11
0.5377E-02	0.1302E-11
0.5581E-02	0.1302E-11
0.5794E-02	0.1302E-11
0.6015E-02	0.1302E-11
0.6244E-02	0.1302E-11
0.6481E-02	0.1302E-11
0.6728E-02	0.1302E-11
0.6985E-02	0.1302E-11
0.7251E-02	0.1302E-11
0.7527E-02	0.1302E-11
0.7813E-02	0.1302E-11
0.8111E-02	0.1302E-11
0.8420E-02	0.1302E-11
0.8741E-02	0.1302E-11
0.9073E-02	0.1302E-11
0.9419E-02	0.1302E-11
0.9778E-02	0.1302E-11
0.1015E-01	0.1302E-11
0.1054E-01	0.1302E-11
0.1094E-01	0.1302E-11
0.1135E-01	0.1302E-11
0.1179E-01	0.1302E-11
0.1224E-01	0.1302E-11
0.1270E-01	0.1302E-11
0.1319E-01	0.1302E-11
0.1369E-01	0.1302E-11
0.1421E-01	0.1302E-11
0.1475E-01	0.1302E-11
0.1531E-01	0.1302E-11
0.1590E-01	0.1302E-11
0.1650E-01	0.1302E-11
0.1713E-01	0.1302E-11
0.1778E-01	0.1302E-11
0.1846E-01	0.1302E-11
0.1916E-01	0.1302E-11
0.1989E-01	0.1302E-11
0.2065E-01	0.1302E-11
0.2144E-01	0.1302E-11
0.2225E-01	0.1302E-11
0.2310E-01	0.1302E-11
0.2398E-01	0.1302E-11
0.2489E-01	0.1302E-11
0.2584E-01	0.1302E-11
0.2682E-01	0.1302E-11
0.2785E-01	0.1302E-11
0.2891E-01	0.1302E-11
0.3001E-01	0.1302E-11
0.3115E-01	0.1302E-11
0.3234E-01	0.1302E-11
0.3357E-01	0.1302E-11
0.3485E-01	0.1302E-11
0.3617E-01	0.1302E-11
0.3755E-01	0.1302E-11
0.3898E-01	0.1302E-11
0.4047E-01	0.1302E-11
0.4201E-01	0.1302E-11
0.4361E-01	0.1302E-11
0.4527E-01	0.1302E-11
0.4699E-01	0.1302E-11
0.4878E-01	0.1302E-11
0.5064E-01	0.1302E-11
0.5257E-01	0.1302E-11
0.5457E-01	0.1302E-11
0.5665E-01	0.1302E-11
0.5881E-01	0.1302E-11
0.6105E-01	0.1302E-11
0.6337E-01	0.1302E-11
0.6579E-01	0.1302E-11
0.6829E-01	0.1302E-11
0.7089E-01	0.1302E-11
0.7359E-01	0.1302E-11
0.7640E-01	0.1302E-11
0.7931E-01	0.1302E-11
0.8233E-01	0.1302E-11
0.8546E-01	0.1302E-11
0.8872E-01	0.1302E-11
0.9210E-01	0.1302E-11
0.9560E-01	0.1302E-11
0.9924E-01	0.1302E-11
0.1030	0.1302E-11
0.1069	0.1302E-11
0.1110	0.1301E-11
0.1152	0.1301E-11
0.1196	0.1301E-11
0.1242	0.1301E-11
0.1289	0.1301E-11
0.1338	0.1301E-11
0.1389	0.1301E-11
0.1442	0.1301E-11
0.1497	0.1301E-11
0.1554	0.1301E-11
0.1613	0.1301E-11
0.1675	0.1300E-11
0.1739	0.1300E-11
0.1805	0.1300E-11
0.1874	0.1300E-11
0.1945	0.1300E-11
0.2019	0.1300E-11
0.2096	0.1299E-11
0.2176	0.1299E-11
0.2259	0.1299E-11
0.2345	0.1299E-11
0.2434	0.1298E-11
0.2527	0.1298E-11
0.2623	0.1298E-11
0.2723	0.1297E-11
0.2826	0.1297E-11
0.2934	0.1296E-11
0.3046	0.1296E-11
0.3162	0.1295E-11
0.3282	0.1295E-11
0.3407	0.1294E-11
0.3537	0.1294E-11
0.3672	0.1293E-11
0.3812	0.1292E-11
0.3957	0.1292E-11
0.4107	0.1291E-11
0.4264	0.1290E-11
0.4426	0.1289E-11
0.4595	0.1288E-11
0.4770	0.1287E-11
0.4952	0.1285E-11
0.5140	0.1284E-11
0.5336	0.1283E-11
0.5539	0.1281E-11
0.5750	0.1279E-11
0.5969	0.1278E-11
0.6196	0.1276E-11
0.6432	0.1274E-11
0.6677	0.1272E-11
0.6932	0.1269E-11
0.7196	0.1267E-11
0.7470	0.1264E-11
0.7754	0.1261E-11
0.8050	0.1258E-11
0.8356	0.1255E-11
0.8674	0.1251E-11
0.9005	0.1247E-11
0.9348	0.1243E-11
0.9704	0.1239E-11
1.007	0.1235E-11
1.046	0.1230E-11
1.086	0.1225E-11
1.127	0.1220E-11
1.170	0.1214E-11
1.214	0.1209E-11
1.261	0.1203E-11
1.309	0.1197E-11
1.358	0.1191E-11
1.410	0.1185E-11
1.464	0.1178E-11
1.520	0.1172E-11
1.578	0.1165E-11
1.638	0.1158E-11
1.700	0.1152E-11
1.765	0.1145E-11
1.832	0.1138E-11
1.902	0.1132E-11
1.974	0.1125E-11
2.049	0.1119E-11
2.127	0.1112E-11
2.208	0.1106E-11
2.293	0.1100E-11
2.380	0.1094E-11
2.470	0.1088E-11
2.565	0.1082E-11
2.662	0.1076E-11
2.764	0.1070E-11
2.869	0.1065E-11
2.978	0.1060E-11
3.092	0.1054E-11
3.209	0.1049E-11
3.332	0.1044E-11
3.458	0.1039E-11
3.590	0.1034E-11
3.727	0.1029E-11
3.869	0.1024E-11
4.016	0.1019E-11
4.169	0.1014E-11
4.328	0.1009E-11
4.493	0.1004E-11
4.664	0.9995E-12
4.841	0.9947E-12
5.026	0.9899E-12
5.217	0.9851E-12
5.416	0.9803E-12
5.622	0.9756E-12
5.836	0.9709E-12
6.059	0.9661E-12
6.289	0.9614E-12
6.529	0.9567E-12
6.778	0.9520E-12
7.036	0.9473E-12
7.304	0.9426E-12
7.582	0.9379E-12
7.871	0.9333E-12
8.170	0.9286E-12
8.482	0.9237E-12
8.805	0.9190E-12
9.140	0.9143E-12
9.488	0.9101E-12
9.849	0.9054E-12
10.22	0.9007E-12
10.61	0.8962E-12
11.02	0.8914E-12
11.44	0.8867E-12
11.87	0.8819E-12
12.33	0.8766E-12
12.80	0.8718E-12
13.28	0.8670E-12
13.79	0.8621E-12
14.31	0.8572E-12
14.86	0.8523E-12
15.42	0.8473E-12
16.01	0.8423E-12
16.62	0.8359E-12
17.25	0.8307E-12
17.91	0.8256E-12
18.59	0.8203E-12
19.30	0.8165E-12
20.04	0.8111E-12
20.80	0.8055E-12
21.59	0.8004E-12
22.42	0.7945E-12
23.27	0.7885E-12
24.16	0.7835E-12
25.08	0.7796E-12
26.03	0.7727E-12
27.02	0.7656E-12
28.05	0.7630E-12
29.12	0.7550E-12
30.23	0.7465E-12
31.38	0.7393E-12
32.57	0.7298E-12
33.82	0.7195E-12
35.10	0.7083E-12
36.44	0.6965E-12
37.83	0.6837E-12
39.27	0.6699E-12
40.76	0.6549E-12
42.32	0.6389E-12
43.93	0.6215E-12
45.60	0.6030E-12
47.34	0.5832E-12
49.14	0.5621E-12
51.01	0.5401E-12
52.96	0.5171E-12
54.97	0.4934E-12
57.07	0.4693E-12
59.24	0.4449E-12
61.50	0.4209E-12
63.84	0.3975E-12
66.27	0.3750E-12
68.79	0.3536E-12
71.41	0.3336E-12
74.13	0.3152E-12
76.96	0.2984E-12
79.89	0.2832E-12
82.93	0.2697E-12
86.09	0.2578E-12
89.37	0.2475E-12
92.77	0.2389E-12
96.31	0.2313E-12
99.97	0.2250E-12
103.8	0.2198E-12
107.7	0.2155E-12
111.8	0.2122E-12
116.1	0.2096E-12
120.5	0.2077E-12
125.1	0.2064E-12
129.9	0.2056E-12
134.8	0.2052E-12
140.0	0.2052E-12
145.3	0.2055E-12
150.8	0.2061E-12
156.6	0.2069E-12
162.5	0.2079E-12
168.7	0.2091E-12
175.1	0.2104E-12
181.8	0.2119E-12
188.7	0.2133E-12
195.9	0.2149E-12
203.4	0.2165E-12
211.1	0.2181E-12
219.2	0.2198E-12
227.5	0.2214E-12
236.2	0.2230E-12
245.2	0.2246E-12
254.5	0.2262E-12
264.2	0.2278E-12
274.3	0.2294E-12
284.7	0.2308E-12
295.6	0.2323E-12
306.8	0.2337E-12
318.5	0.2351E-12
330.6	0.2364E-12
343.2	0.2377E-12
356.3	0.2390E-12
369.9	0.2401E-12
384.0	0.2413E-12
398.6	0.2424E-12
413.8	0.2435E-12
429.5	0.2445E-12
445.9	0.2455E-12
462.9	0.2464E-12
480.5	0.2473E-12
498.8	0.2482E-12
517.8	0.2490E-12
537.5	0.2498E-12
558.0	0.2505E-12
579.2	0.2512E-12
601.3	0.2518E-12
624.2	0.2524E-12
648.0	0.2530E-12
672.6	0.2535E-12
698.3	0.2539E-12
724.9	0.2543E-12
752.5	0.2547E-12
781.1	0.2550E-12
810.9	0.2553E-12
841.8	0.2555E-12
873.8	0.2557E-12
907.1	0.2559E-12
941.6	0.2559E-12
977.5	0.2560E-12
1015.	0.2560E-12
1053.	0.2559E-12
1094.	0.2558E-12
1135.	0.2556E-12
1178.	0.2554E-12
1223.	0.2551E-12
1270.	0.2547E-12
1318.	0.2544E-12
1368.	0.2539E-12
1421.	0.2534E-12
1475.	0.2529E-12
1531.	0.2523E-12
1589.	0.2516E-12
1650.	0.2509E-12
1712.	0.2502E-12
1778.	0.2493E-12
1845.	0.2485E-12
1916.	0.2475E-12
1989.	0.2466E-12
2064.	0.2455E-12
2143.	0.2444E-12
2225.	0.2433E-12
2309.	0.2421E-12
2397.	0.2409E-12
2489.	0.2396E-12
2583.	0.2382E-12
2682.	0.2368E-12
2784.	0.2354E-12
2890.	0.2339E-12
3000.	0.2323E-12
 
 
C3    HCl    Excitation    0.35 eV                              
E/N (Td)	Rate coefficient (m3/s)
0.1000E-02	0.8738E-19
0.1038E-02	0.8739E-19
0.1078E-02	0.8739E-19
0.1119E-02	0.8739E-19
0.1161E-02	0.8739E-19
0.1205E-02	0.8739E-19
0.1251E-02	0.8739E-19
0.1299E-02	0.8739E-19
0.1349E-02	0.8739E-19
0.1400E-02	0.8739E-19
0.1453E-02	0.8739E-19
0.1509E-02	0.8739E-19
0.1566E-02	0.8739E-19
0.1626E-02	0.8739E-19
0.1688E-02	0.8739E-19
0.1752E-02	0.8739E-19
0.1819E-02	0.8739E-19
0.1888E-02	0.8739E-19
0.1960E-02	0.8739E-19
0.2034E-02	0.8739E-19
0.2112E-02	0.8739E-19
0.2192E-02	0.8739E-19
0.2276E-02	0.8739E-19
0.2362E-02	0.8739E-19
0.2452E-02	0.8739E-19
0.2546E-02	0.8739E-19
0.2643E-02	0.8739E-19
0.2743E-02	0.8739E-19
0.2848E-02	0.8739E-19
0.2956E-02	0.8739E-19
0.3069E-02	0.8739E-19
0.3186E-02	0.8739E-19
0.3307E-02	0.8739E-19
0.3433E-02	0.8739E-19
0.3564E-02	0.8739E-19
0.3700E-02	0.8739E-19
0.3841E-02	0.8739E-19
0.3987E-02	0.8739E-19
0.4139E-02	0.8739E-19
0.4296E-02	0.8739E-19
0.4460E-02	0.8739E-19
0.4630E-02	0.8739E-19
0.4806E-02	0.8739E-19
0.4989E-02	0.8739E-19
0.5179E-02	0.8739E-19
0.5377E-02	0.8739E-19
0.5581E-02	0.8739E-19
0.5794E-02	0.8739E-19
0.6015E-02	0.8739E-19
0.6244E-02	0.8739E-19
0.6481E-02	0.8739E-19
0.6728E-02	0.8739E-19
0.6985E-02	0.8739E-19
0.7251E-02	0.8739E-19
0.7527E-02	0.8739E-19
0.7813E-02	0.8739E-19
0.8111E-02	0.8739E-19
0.8420E-02	0.8739E-19
0.8741E-02	0.8739E-19
0.9073E-02	0.8739E-19
0.9419E-02	0.8739E-19
0.9778E-02	0.8739E-19
0.1015E-01	0.8739E-19
0.1054E-01	0.8739E-19
0.1094E-01	0.8739E-19
0.1135E-01	0.8739E-19
0.1179E-01	0.8739E-19
0.1224E-01	0.8739E-19
0.1270E-01	0.8739E-19
0.1319E-01	0.8739E-19
0.1369E-01	0.8739E-19
0.1421E-01	0.8739E-19
0.1475E-01	0.8739E-19
0.1531E-01	0.8739E-19
0.1590E-01	0.8739E-19
0.1650E-01	0.8739E-19
0.1713E-01	0.8739E-19
0.1778E-01	0.8739E-19
0.1846E-01	0.8739E-19
0.1916E-01	0.8739E-19
0.1989E-01	0.8739E-19
0.2065E-01	0.8739E-19
0.2144E-01	0.8739E-19
0.2225E-01	0.8739E-19
0.2310E-01	0.8739E-19
0.2398E-01	0.8739E-19
0.2489E-01	0.8739E-19
0.2584E-01	0.8739E-19
0.2682E-01	0.8739E-19
0.2785E-01	0.8739E-19
0.2891E-01	0.8739E-19
0.3001E-01	0.8739E-19
0.3115E-01	0.8739E-19
0.3234E-01	0.8740E-19
0.3357E-01	0.8740E-19
0.3485E-01	0.8740E-19
0.3617E-01	0.8740E-19
0.3755E-01	0.8740E-19
0.3898E-01	0.8740E-19
0.4047E-01	0.8740E-19
0.4201E-01	0.8740E-19
0.4361E-01	0.8740E-19
0.4527E-01	0.8741E-19
0.4699E-01	0.8741E-19
0.4878E-01	0.8741E-19
0.5064E-01	0.8741E-19
0.5257E-01	0.8741E-19
0.5457E-01	0.8742E-19
0.5665E-01	0.8742E-19
0.5881E-01	0.8742E-19
0.6105E-01	0.8742E-19
0.6337E-01	0.8743E-19
0.6579E-01	0.8743E-19
0.6829E-01	0.8743E-19
0.7089E-01	0.8744E-19
0.7359E-01	0.8744E-19
0.7640E-01	0.8744E-19
0.7931E-01	0.8745E-19
0.8233E-01	0.8745E-19
0.8546E-01	0.8746E-19
0.8872E-01	0.8747E-19
0.9210E-01	0.8747E-19
0.9560E-01	0.8748E-19
0.9924E-01	0.8749E-19
0.1030	0.8750E-19
0.1069	0.8750E-19
0.1110	0.8751E-19
0.1152	0.8752E-19
0.1196	0.8754E-19
0.1242	0.8755E-19
0.1289	0.8756E-19
0.1338	0.8758E-19
0.1389	0.8759E-19
0.1442	0.8761E-19
0.1497	0.8763E-19
0.1554	0.8765E-19
0.1613	0.8767E-19
0.1675	0.8770E-19
0.1739	0.8772E-19
0.1805	0.8775E-19
0.1874	0.8779E-19
0.1945	0.8782E-19
0.2019	0.8786E-19
0.2096	0.8791E-19
0.2176	0.8795E-19
0.2259	0.8801E-19
0.2345	0.8807E-19
0.2434	0.8813E-19
0.2527	0.8821E-19
0.2623	0.8829E-19
0.2723	0.8838E-19
0.2826	0.8848E-19
0.2934	0.8860E-19
0.3046	0.8873E-19
0.3162	0.8888E-19
0.3282	0.8904E-19
0.3407	0.8923E-19
0.3537	0.8945E-19
0.3672	0.8969E-19
0.3812	0.8998E-19
0.3957	0.9030E-19
0.4107	0.9067E-19
0.4264	0.9110E-19
0.4426	0.9160E-19
0.4595	0.9218E-19
0.4770	0.9285E-19
0.4952	0.9364E-19
0.5140	0.9456E-19
0.5336	0.9564E-19
0.5539	0.9691E-19
0.5750	0.9840E-19
0.5969	0.1002E-18
0.6196	0.1022E-18
0.6432	0.1047E-18
0.6677	0.1076E-18
0.6932	0.1111E-18
0.7196	0.1152E-18
0.7470	0.1200E-18
0.7754	0.1258E-18
0.8050	0.1326E-18
0.8356	0.1408E-18
0.8674	0.1504E-18
0.9005	0.1618E-18
0.9348	0.1752E-18
0.9704	0.1911E-18
1.007	0.2099E-18
1.046	0.2320E-18
1.086	0.2579E-18
1.127	0.2882E-18
1.170	0.3237E-18
1.214	0.3650E-18
1.261	0.4130E-18
1.309	0.4686E-18
1.358	0.5328E-18
1.410	0.6066E-18
1.464	0.6912E-18
1.520	0.7878E-18
1.578	0.8977E-18
1.638	0.1022E-17
1.700	0.1163E-17
1.765	0.1322E-17
1.832	0.1500E-17
1.902	0.1699E-17
1.974	0.1922E-17
2.049	0.2169E-17
2.127	0.2443E-17
2.208	0.2747E-17
2.293	0.3082E-17
2.380	0.3451E-17
2.470	0.3858E-17
2.565	0.4303E-17
2.662	0.4792E-17
2.764	0.5327E-17
2.869	0.5912E-17
2.978	0.6552E-17
3.092	0.7249E-17
3.209	0.8010E-17
3.332	0.8840E-17
3.458	0.9744E-17
3.590	0.1073E-16
3.727	0.1180E-16
3.869	0.1296E-16
4.016	0.1423E-16
4.169	0.1561E-16
4.328	0.1711E-16
4.493	0.1875E-16
4.664	0.2052E-16
4.841	0.2245E-16
5.026	0.2454E-16
5.217	0.2682E-16
5.416	0.2930E-16
5.622	0.3199E-16
5.836	0.3491E-16
6.059	0.3809E-16
6.289	0.4155E-16
6.529	0.4531E-16
6.778	0.4939E-16
7.036	0.5383E-16
7.304	0.5867E-16
7.582	0.6391E-16
7.871	0.6962E-16
8.170	0.7582E-16
8.482	0.8260E-16
8.805	0.8993E-16
9.140	0.9791E-16
9.488	0.1065E-15
9.849	0.1159E-15
10.22	0.1262E-15
10.61	0.1374E-15
11.02	0.1496E-15
11.44	0.1628E-15
11.87	0.1773E-15
12.33	0.1933E-15
12.80	0.2104E-15
13.28	0.2291E-15
13.79	0.2495E-15
14.31	0.2719E-15
14.86	0.2962E-15
15.42	0.3226E-15
16.01	0.3515E-15
16.62	0.3844E-15
17.25	0.4189E-15
17.91	0.4566E-15
18.59	0.4978E-15
19.30	0.5409E-15
20.04	0.5901E-15
20.80	0.6439E-15
21.59	0.7043E-15
22.42	0.7691E-15
23.27	0.8401E-15
24.16	0.9189E-15
25.08	0.1009E-14
26.03	0.1104E-14
27.02	0.1208E-14
28.05	0.1319E-14
29.12	0.1445E-14
30.23	0.1584E-14
31.38	0.1736E-14
32.57	0.1906E-14
33.82	0.2094E-14
35.10	0.2303E-14
36.44	0.2532E-14
37.83	0.2785E-14
39.27	0.3063E-14
40.76	0.3369E-14
42.32	0.3703E-14
43.93	0.4067E-14
45.60	0.4462E-14
47.34	0.4886E-14
49.14	0.5337E-14
51.01	0.5815E-14
52.96	0.6315E-14
54.97	0.6830E-14
57.07	0.7356E-14
59.24	0.7882E-14
61.50	0.8403E-14
63.84	0.8909E-14
66.27	0.9394E-14
68.79	0.9848E-14
71.41	0.1027E-13
74.13	0.1063E-13
76.96	0.1097E-13
79.89	0.1126E-13
82.93	0.1151E-13
86.09	0.1172E-13
89.37	0.1188E-13
92.77	0.1200E-13
96.31	0.1208E-13
99.97	0.1214E-13
103.8	0.1216E-13
107.7	0.1216E-13
111.8	0.1213E-13
116.1	0.1207E-13
120.5	0.1200E-13
125.1	0.1190E-13
129.9	0.1180E-13
134.8	0.1167E-13
140.0	0.1154E-13
145.3	0.1139E-13
150.8	0.1124E-13
156.6	0.1108E-13
162.5	0.1091E-13
168.7	0.1073E-13
175.1	0.1055E-13
181.8	0.1037E-13
188.7	0.1019E-13
195.9	0.9999E-14
203.4	0.9812E-14
211.1	0.9624E-14
219.2	0.9437E-14
227.5	0.9250E-14
236.2	0.9066E-14
245.2	0.8883E-14
254.5	0.8701E-14
264.2	0.8522E-14
274.3	0.8346E-14
284.7	0.8172E-14
295.6	0.8001E-14
306.8	0.7833E-14
318.5	0.7667E-14
330.6	0.7505E-14
343.2	0.7345E-14
356.3	0.7188E-14
369.9	0.7033E-14
384.0	0.6881E-14
398.6	0.6731E-14
413.8	0.6583E-14
429.5	0.6438E-14
445.9	0.6294E-14
462.9	0.6153E-14
480.5	0.6014E-14
498.8	0.5877E-14
517.8	0.5741E-14
537.5	0.5607E-14
558.0	0.5475E-14
579.2	0.5345E-14
601.3	0.5216E-14
624.2	0.5089E-14
648.0	0.4963E-14
672.6	0.4840E-14
698.3	0.4717E-14
724.9	0.4597E-14
752.5	0.4478E-14
781.1	0.4360E-14
810.9	0.4245E-14
841.8	0.4131E-14
873.8	0.4019E-14
907.1	0.3908E-14
941.6	0.3799E-14
977.5	0.3692E-14
1015.	0.3586E-14
1053.	0.3483E-14
1094.	0.3381E-14
1135.	0.3280E-14
1178.	0.3182E-14
1223.	0.3085E-14
1270.	0.2990E-14
1318.	0.2897E-14
1368.	0.2806E-14
1421.	0.2717E-14
1475.	0.2629E-14
1531.	0.2543E-14
1589.	0.2459E-14
1650.	0.2377E-14
1712.	0.2297E-14
1778.	0.2218E-14
1845.	0.2142E-14
1916.	0.2067E-14
1989.	0.1994E-14
2064.	0.1923E-14
2143.	0.1853E-14
2225.	0.1786E-14
2309.	0.1720E-14
2397.	0.1656E-14
2489.	0.1594E-14
2583.	0.1533E-14
2682.	0.1474E-14
2784.	0.1417E-14
2890.	0.1361E-14
3000.	0.1307E-14
 
 
C4    HCl    Excitation    0.69 eV                              
E/N (Td)	Rate coefficient (m3/s)
0.1000E-02	0.3452E-26
0.1038E-02	0.3452E-26
0.1078E-02	0.3452E-26
0.1119E-02	0.3452E-26
0.1161E-02	0.3452E-26
0.1205E-02	0.3452E-26
0.1251E-02	0.3452E-26
0.1299E-02	0.3452E-26
0.1349E-02	0.3452E-26
0.1400E-02	0.3452E-26
0.1453E-02	0.3452E-26
0.1509E-02	0.3452E-26
0.1566E-02	0.3452E-26
0.1626E-02	0.3452E-26
0.1688E-02	0.3452E-26
0.1752E-02	0.3452E-26
0.1819E-02	0.3452E-26
0.1888E-02	0.3452E-26
0.1960E-02	0.3452E-26
0.2034E-02	0.3452E-26
0.2112E-02	0.3452E-26
0.2192E-02	0.3452E-26
0.2276E-02	0.3452E-26
0.2362E-02	0.3452E-26
0.2452E-02	0.3452E-26
0.2546E-02	0.3452E-26
0.2643E-02	0.3452E-26
0.2743E-02	0.3452E-26
0.2848E-02	0.3452E-26
0.2956E-02	0.3452E-26
0.3069E-02	0.3452E-26
0.3186E-02	0.3452E-26
0.3307E-02	0.3452E-26
0.3433E-02	0.3452E-26
0.3564E-02	0.3452E-26
0.3700E-02	0.3452E-26
0.3841E-02	0.3452E-26
0.3987E-02	0.3452E-26
0.4139E-02	0.3452E-26
0.4296E-02	0.3452E-26
0.4460E-02	0.3452E-26
0.4630E-02	0.3452E-26
0.4806E-02	0.3452E-26
0.4989E-02	0.3452E-26
0.5179E-02	0.3452E-26
0.5377E-02	0.3452E-26
0.5581E-02	0.3452E-26
0.5794E-02	0.3452E-26
0.6015E-02	0.3452E-26
0.6244E-02	0.3452E-26
0.6481E-02	0.3452E-26
0.6728E-02	0.3452E-26
0.6985E-02	0.3452E-26
0.7251E-02	0.3452E-26
0.7527E-02	0.3452E-26
0.7813E-02	0.3452E-26
0.8111E-02	0.3452E-26
0.8420E-02	0.3452E-26
0.8741E-02	0.3452E-26
0.9073E-02	0.3452E-26
0.9419E-02	0.3452E-26
0.9778E-02	0.3452E-26
0.1015E-01	0.3452E-26
0.1054E-01	0.3452E-26
0.1094E-01	0.3452E-26
0.1135E-01	0.3452E-26
0.1179E-01	0.3452E-26
0.1224E-01	0.3452E-26
0.1270E-01	0.3452E-26
0.1319E-01	0.3452E-26
0.1369E-01	0.3452E-26
0.1421E-01	0.3452E-26
0.1475E-01	0.3452E-26
0.1531E-01	0.3452E-26
0.1590E-01	0.3452E-26
0.1650E-01	0.3452E-26
0.1713E-01	0.3452E-26
0.1778E-01	0.3452E-26
0.1846E-01	0.3452E-26
0.1916E-01	0.3452E-26
0.1989E-01	0.3452E-26
0.2065E-01	0.3452E-26
0.2144E-01	0.3452E-26
0.2225E-01	0.3452E-26
0.2310E-01	0.3452E-26
0.2398E-01	0.3452E-26
0.2489E-01	0.3453E-26
0.2584E-01	0.3453E-26
0.2682E-01	0.3453E-26
0.2785E-01	0.3453E-26
0.2891E-01	0.3453E-26
0.3001E-01	0.3453E-26
0.3115E-01	0.3453E-26
0.3234E-01	0.3453E-26
0.3357E-01	0.3453E-26
0.3485E-01	0.3453E-26
0.3617E-01	0.3453E-26
0.3755E-01	0.3454E-26
0.3898E-01	0.3454E-26
0.4047E-01	0.3454E-26
0.4201E-01	0.3454E-26
0.4361E-01	0.3454E-26
0.4527E-01	0.3454E-26
0.4699E-01	0.3455E-26
0.4878E-01	0.3455E-26
0.5064E-01	0.3455E-26
0.5257E-01	0.3455E-26
0.5457E-01	0.3456E-26
0.5665E-01	0.3456E-26
0.5881E-01	0.3456E-26
0.6105E-01	0.3457E-26
0.6337E-01	0.3457E-26
0.6579E-01	0.3457E-26
0.6829E-01	0.3458E-26
0.7089E-01	0.3458E-26
0.7359E-01	0.3459E-26
0.7640E-01	0.3459E-26
0.7931E-01	0.3460E-26
0.8233E-01	0.3460E-26
0.8546E-01	0.3461E-26
0.8872E-01	0.3462E-26
0.9210E-01	0.3463E-26
0.9560E-01	0.3464E-26
0.9924E-01	0.3465E-26
0.1030	0.3466E-26
0.1069	0.3467E-26
0.1110	0.3468E-26
0.1152	0.3469E-26
0.1196	0.3471E-26
0.1242	0.3472E-26
0.1289	0.3474E-26
0.1338	0.3476E-26
0.1389	0.3478E-26
0.1442	0.3480E-26
0.1497	0.3482E-26
0.1554	0.3485E-26
0.1613	0.3487E-26
0.1675	0.3490E-26
0.1739	0.3494E-26
0.1805	0.3497E-26
0.1874	0.3501E-26
0.1945	0.3506E-26
0.2019	0.3510E-26
0.2096	0.3515E-26
0.2176	0.3521E-26
0.2259	0.3527E-26
0.2345	0.3534E-26
0.2434	0.3542E-26
0.2527	0.3550E-26
0.2623	0.3560E-26
0.2723	0.3570E-26
0.2826	0.3581E-26
0.2934	0.3594E-26
0.3046	0.3609E-26
0.3162	0.3625E-26
0.3282	0.3643E-26
0.3407	0.3664E-26
0.3537	0.3687E-26
0.3672	0.3713E-26
0.3812	0.3744E-26
0.3957	0.3778E-26
0.4107	0.3819E-26
0.4264	0.3865E-26
0.4426	0.3919E-26
0.4595	0.3982E-26
0.4770	0.4056E-26
0.4952	0.4144E-26
0.5140	0.4248E-26
0.5336	0.4372E-26
0.5539	0.4520E-26
0.5750	0.4699E-26
0.5969	0.4916E-26
0.6196	0.5180E-26
0.6432	0.5501E-26
0.6677	0.5894E-26
0.6932	0.6378E-26
0.7196	0.6973E-26
0.7470	0.7707E-26
0.7754	0.8614E-26
0.8050	0.9736E-26
0.8356	0.1112E-25
0.8674	0.1284E-25
0.9005	0.1497E-25
0.9348	0.1759E-25
0.9704	0.2083E-25
1.007	0.2481E-25
1.046	0.2971E-25
1.086	0.3570E-25
1.127	0.4301E-25
1.170	0.5190E-25
1.214	0.6266E-25
1.261	0.7565E-25
1.309	0.9124E-25
1.358	0.1099E-24
1.410	0.1320E-24
1.464	0.1582E-24
1.520	0.1890E-24
1.578	0.2251E-24
1.638	0.2671E-24
1.700	0.3158E-24
1.765	0.3719E-24
1.832	0.4362E-24
1.902	0.5095E-24
1.974	0.5927E-24
2.049	0.6866E-24
2.127	0.1079E-23
2.208	0.1263E-23
2.293	0.1474E-23
2.380	0.1715E-23
2.470	0.1989E-23
2.565	0.2300E-23
2.662	0.2651E-23
2.764	0.3048E-23
2.869	0.3496E-23
2.978	0.3998E-23
3.092	0.4562E-23
3.209	0.5194E-23
3.332	0.5901E-23
3.458	0.6689E-23
3.590	0.7569E-23
3.727	0.8548E-23
3.869	0.9638E-23
4.016	0.1085E-22
4.169	0.1219E-22
4.328	0.1369E-22
4.493	0.1534E-22
4.664	0.1718E-22
4.841	0.1922E-22
5.026	0.2150E-22
5.217	0.2393E-22
5.416	0.2680E-22
5.622	0.3010E-22
5.836	0.3401E-22
6.059	0.3882E-22
6.289	0.4502E-22
6.529	0.5343E-22
6.778	0.6545E-22
7.036	0.8335E-22
7.304	0.1117E-21
7.582	0.1552E-21
7.871	0.2238E-21
8.170	0.3323E-21
8.482	0.5056E-21
8.805	0.7731E-21
9.140	0.1187E-20
9.488	0.1827E-20
9.849	0.2788E-20
10.22	0.4225E-20
10.61	0.6385E-20
11.02	0.9508E-20
11.44	0.1403E-19
11.87	0.2051E-19
12.33	0.2992E-19
12.80	0.4293E-19
13.28	0.6104E-19
13.79	0.8607E-19
14.31	0.1211E-18
14.86	0.1680E-18
15.42	0.2313E-18
16.01	0.3163E-18
16.62	0.4329E-18
17.25	0.5839E-18
17.91	0.7829E-18
18.59	0.1044E-17
19.30	0.1385E-17
20.04	0.1827E-17
20.80	0.2398E-17
21.59	0.3152E-17
22.42	0.4098E-17
23.27	0.5307E-17
24.16	0.6894E-17
25.08	0.8959E-17
26.03	0.1146E-16
27.02	0.1460E-16
28.05	0.1853E-16
29.12	0.2344E-16
30.23	0.2956E-16
31.38	0.3746E-16
32.57	0.4688E-16
33.82	0.5845E-16
35.10	0.7263E-16
36.44	0.8984E-16
37.83	0.1106E-15
39.27	0.1356E-15
40.76	0.1654E-15
42.32	0.2006E-15
43.93	0.2419E-15
45.60	0.2898E-15
47.34	0.3447E-15
49.14	0.4070E-15
51.01	0.4766E-15
52.96	0.5533E-15
54.97	0.6366E-15
57.07	0.7256E-15
59.24	0.8197E-15
61.50	0.9162E-15
63.84	0.1014E-14
66.27	0.1112E-14
68.79	0.1207E-14
71.41	0.1299E-14
74.13	0.1384E-14
76.96	0.1465E-14
79.89	0.1539E-14
82.93	0.1605E-14
86.09	0.1664E-14
89.37	0.1715E-14
92.77	0.1756E-14
96.31	0.1792E-14
99.97	0.1820E-14
103.8	0.1842E-14
107.7	0.1857E-14
111.8	0.1867E-14
116.1	0.1871E-14
120.5	0.1870E-14
125.1	0.1865E-14
129.9	0.1856E-14
134.8	0.1844E-14
140.0	0.1828E-14
145.3	0.1810E-14
150.8	0.1789E-14
156.6	0.1766E-14
162.5	0.1741E-14
168.7	0.1714E-14
175.1	0.1686E-14
181.8	0.1657E-14
188.7	0.1628E-14
195.9	0.1597E-14
203.4	0.1567E-14
211.1	0.1535E-14
219.2	0.1504E-14
227.5	0.1473E-14
236.2	0.1442E-14
245.2	0.1411E-14
254.5	0.1380E-14
264.2	0.1350E-14
274.3	0.1320E-14
284.7	0.1290E-14
295.6	0.1261E-14
306.8	0.1233E-14
318.5	0.1205E-14
330.6	0.1177E-14
343.2	0.1150E-14
356.3	0.1124E-14
369.9	0.1097E-14
384.0	0.1072E-14
398.6	0.1047E-14
413.8	0.1022E-14
429.5	0.9974E-15
445.9	0.9734E-15
462.9	0.9498E-15
480.5	0.9265E-15
498.8	0.9036E-15
517.8	0.8811E-15
537.5	0.8589E-15
558.0	0.8371E-15
579.2	0.8156E-15
601.3	0.7945E-15
624.2	0.7736E-15
648.0	0.7531E-15
672.6	0.7329E-15
698.3	0.7129E-15
724.9	0.6934E-15
752.5	0.6741E-15
781.1	0.6552E-15
810.9	0.6366E-15
841.8	0.6185E-15
873.8	0.6005E-15
907.1	0.5829E-15
941.6	0.5656E-15
977.5	0.5487E-15
1015.	0.5320E-15
1053.	0.5157E-15
1094.	0.4997E-15
1135.	0.4841E-15
1178.	0.4688E-15
1223.	0.4538E-15
1270.	0.4391E-15
1318.	0.4248E-15
1368.	0.4108E-15
1421.	0.3971E-15
1475.	0.3837E-15
1531.	0.3707E-15
1589.	0.3579E-15
1650.	0.3455E-15
1712.	0.3334E-15
1778.	0.3216E-15
1845.	0.3101E-15
1916.	0.2989E-15
1989.	0.2881E-15
2064.	0.2775E-15
2143.	0.2672E-15
2225.	0.2572E-15
2309.	0.2474E-15
2397.	0.2380E-15
2489.	0.2288E-15
2583.	0.2199E-15
2682.	0.2113E-15
2784.	0.2030E-15
2890.	0.1949E-15
3000.	0.1870E-15
 
 
C5    HCl    Excitation    5.29 eV                              
E/N (Td)	Rate coefficient (m3/s)
0.1000E-02	0.000
0.1038E-02	0.000
0.1078E-02	0.000
0.1119E-02	0.000
0.1161E-02	0.000
0.1205E-02	0.000
0.1251E-02	0.000
0.1299E-02	0.000
0.1349E-02	0.000
0.1400E-02	0.000
0.1453E-02	0.000
0.1509E-02	0.000
0.1566E-02	0.000
0.1626E-02	0.000
0.1688E-02	0.000
0.1752E-02	0.000
0.1819E-02	0.000
0.1888E-02	0.000
0.1960E-02	0.000
0.2034E-02	0.000
0.2112E-02	0.000
0.2192E-02	0.000
0.2276E-02	0.000
0.2362E-02	0.000
0.2452E-02	0.000
0.2546E-02	0.000
0.2643E-02	0.000
0.2743E-02	0.000
0.2848E-02	0.000
0.2956E-02	0.000
0.3069E-02	0.000
0.3186E-02	0.000
0.3307E-02	0.000
0.3433E-02	0.000
0.3564E-02	0.000
0.3700E-02	0.000
0.3841E-02	0.000
0.3987E-02	0.000
0.4139E-02	0.000
0.4296E-02	0.000
0.4460E-02	0.000
0.4630E-02	0.000
0.4806E-02	0.000
0.4989E-02	0.000
0.5179E-02	0.000
0.5377E-02	0.000
0.5581E-02	0.000
0.5794E-02	0.000
0.6015E-02	0.000
0.6244E-02	0.000
0.6481E-02	0.000
0.6728E-02	0.000
0.6985E-02	0.000
0.7251E-02	0.000
0.7527E-02	0.000
0.7813E-02	0.000
0.8111E-02	0.000
0.8420E-02	0.000
0.8741E-02	0.000
0.9073E-02	0.000
0.9419E-02	0.000
0.9778E-02	0.000
0.1015E-01	0.000
0.1054E-01	0.000
0.1094E-01	0.000
0.1135E-01	0.000
0.1179E-01	0.000
0.1224E-01	0.000
0.1270E-01	0.000
0.1319E-01	0.000
0.1369E-01	0.000
0.1421E-01	0.000
0.1475E-01	0.000
0.1531E-01	0.000
0.1590E-01	0.000
0.1650E-01	0.000
0.1713E-01	0.000
0.1778E-01	0.000
0.1846E-01	0.000
0.1916E-01	0.000
0.1989E-01	0.000
0.2065E-01	0.000
0.2144E-01	0.000
0.2225E-01	0.000
0.2310E-01	0.000
0.2398E-01	0.000
0.2489E-01	0.000
0.2584E-01	0.000
0.2682E-01	0.000
0.2785E-01	0.000
0.2891E-01	0.000
0.3001E-01	0.000
0.3115E-01	0.000
0.3234E-01	0.000
0.3357E-01	0.000
0.3485E-01	0.000
0.3617E-01	0.000
0.3755E-01	0.000
0.3898E-01	0.000
0.4047E-01	0.000
0.4201E-01	0.000
0.4361E-01	0.000
0.4527E-01	0.000
0.4699E-01	0.000
0.4878E-01	0.000
0.5064E-01	0.000
0.5257E-01	0.000
0.5457E-01	0.000
0.5665E-01	0.000
0.5881E-01	0.000
0.6105E-01	0.000
0.6337E-01	0.000
0.6579E-01	0.000
0.6829E-01	0.000
0.7089E-01	0.000
0.7359E-01	0.000
0.7640E-01	0.000
0.7931E-01	0.000
0.8233E-01	0.000
0.8546E-01	0.000
0.8872E-01	0.000
0.9210E-01	0.000
0.9560E-01	0.000
0.9924E-01	0.000
0.1030	0.000
0.1069	0.000
0.1110	0.000
0.1152	0.000
0.1196	0.000
0.1242	0.000
0.1289	0.000
0.1338	0.000
0.1389	0.000
0.1442	0.000
0.1497	0.000
0.1554	0.000
0.1613	0.000
0.1675	0.000
0.1739	0.000
0.1805	0.000
0.1874	0.000
0.1945	0.000
0.2019	0.000
0.2096	0.000
0.2176	0.000
0.2259	0.000
0.2345	0.000
0.2434	0.000
0.2527	0.000
0.2623	0.000
0.2723	0.000
0.2826	0.000
0.2934	0.000
0.3046	0.000
0.3162	0.000
0.3282	0.000
0.3407	0.000
0.3537	0.000
0.3672	0.000
0.3812	0.000
0.3957	0.000
0.4107	0.000
0.4264	0.000
0.4426	0.000
0.4595	0.000
0.4770	0.000
0.4952	0.000
0.5140	0.000
0.5336	0.000
0.5539	0.000
0.5750	0.000
0.5969	0.000
0.6196	0.000
0.6432	0.000
0.6677	0.000
0.6932	0.000
0.7196	0.000
0.7470	0.000
0.7754	0.000
0.8050	0.000
0.8356	0.000
0.8674	0.000
0.9005	0.000
0.9348	0.000
0.9704	0.000
1.007	0.000
1.046	0.000
1.086	0.000
1.127	0.000
1.170	0.000
1.214	0.000
1.261	0.000
1.309	0.000
1.358	0.000
1.410	0.000
1.464	0.000
1.520	0.000
1.578	0.000
1.638	0.000
1.700	0.000
1.765	0.000
1.832	0.000
1.902	0.000
1.974	0.000
2.049	0.000
2.127	0.000
2.208	0.000
2.293	0.000
2.380	0.000
2.470	0.000
2.565	0.000
2.662	0.000
2.764	0.000
2.869	0.000
2.978	0.000
3.092	0.000
3.209	0.000
3.332	0.000
3.458	0.000
3.590	0.000
3.727	0.000
3.869	0.000
4.016	0.000
4.169	0.000
4.328	0.000
4.493	0.000
4.664	0.000
4.841	0.000
5.026	0.000
5.217	0.000
5.416	0.000
5.622	0.000
5.836	0.000
6.059	0.000
6.289	0.000
6.529	0.000
6.778	0.000
7.036	0.000
7.304	0.000
7.582	0.000
7.871	0.000
8.170	0.000
8.482	0.000
8.805	0.000
9.140	0.000
9.488	0.000
9.849	0.000
10.22	0.000
10.61	0.000
11.02	0.000
11.44	0.000
11.87	0.000
12.33	0.000
12.80	0.000
13.28	0.000
13.79	0.000
14.31	0.000
14.86	0.000
15.42	0.000
16.01	0.000
16.62	0.000
17.25	0.000
17.91	0.000
18.59	0.000
19.30	0.000
20.04	0.000
20.80	0.000
21.59	0.000
22.42	0.000
23.27	0.000
24.16	0.3379E-23
25.08	0.1906E-22
26.03	0.4844E-22
27.02	0.1191E-21
28.05	0.2861E-21
29.12	0.6606E-21
30.23	0.1479E-20
31.38	0.3249E-20
32.57	0.6851E-20
33.82	0.1404E-19
35.10	0.2802E-19
36.44	0.5434E-19
37.83	0.1026E-18
39.27	0.1886E-18
40.76	0.3379E-18
42.32	0.5901E-18
43.93	0.1005E-17
45.60	0.1669E-17
47.34	0.2705E-17
49.14	0.4281E-17
51.01	0.6614E-17
52.96	0.9981E-17
54.97	0.1472E-16
57.07	0.2123E-16
59.24	0.2997E-16
61.50	0.4139E-16
63.84	0.5601E-16
66.27	0.7433E-16
68.79	0.9684E-16
71.41	0.1240E-15
74.13	0.1560E-15
76.96	0.1936E-15
79.89	0.2369E-15
82.93	0.2862E-15
86.09	0.3418E-15
89.37	0.4038E-15
92.77	0.4720E-15
96.31	0.5474E-15
99.97	0.6299E-15
103.8	0.7195E-15
107.7	0.8164E-15
111.8	0.9209E-15
116.1	0.1033E-14
120.5	0.1153E-14
125.1	0.1281E-14
129.9	0.1417E-14
134.8	0.1562E-14
140.0	0.1715E-14
145.3	0.1878E-14
150.8	0.2049E-14
156.6	0.2229E-14
162.5	0.2418E-14
168.7	0.2617E-14
175.1	0.2824E-14
181.8	0.3042E-14
188.7	0.3269E-14
195.9	0.3505E-14
203.4	0.3751E-14
211.1	0.4006E-14
219.2	0.4271E-14
227.5	0.4545E-14
236.2	0.4828E-14
245.2	0.5121E-14
254.5	0.5424E-14
264.2	0.5736E-14
274.3	0.6057E-14
284.7	0.6388E-14
295.6	0.6729E-14
306.8	0.7079E-14
318.5	0.7439E-14
330.6	0.7810E-14
343.2	0.8191E-14
356.3	0.8582E-14
369.9	0.8985E-14
384.0	0.9398E-14
398.6	0.9823E-14
413.8	0.1026E-13
429.5	0.1071E-13
445.9	0.1117E-13
462.9	0.1164E-13
480.5	0.1213E-13
498.8	0.1263E-13
517.8	0.1315E-13
537.5	0.1368E-13
558.0	0.1422E-13
579.2	0.1478E-13
601.3	0.1535E-13
624.2	0.1594E-13
648.0	0.1655E-13
672.6	0.1717E-13
698.3	0.1781E-13
724.9	0.1846E-13
752.5	0.1913E-13
781.1	0.1982E-13
810.9	0.2053E-13
841.8	0.2125E-13
873.8	0.2199E-13
907.1	0.2274E-13
941.6	0.2352E-13
977.5	0.2431E-13
1015.	0.2512E-13
1053.	0.2594E-13
1094.	0.2678E-13
1135.	0.2764E-13
1178.	0.2851E-13
1223.	0.2940E-13
1270.	0.3030E-13
1318.	0.3122E-13
1368.	0.3215E-13
1421.	0.3309E-13
1475.	0.3405E-13
1531.	0.3502E-13
1589.	0.3600E-13
1650.	0.3698E-13
1712.	0.3798E-13
1778.	0.3899E-13
1845.	0.4000E-13
1916.	0.4101E-13
1989.	0.4204E-13
2064.	0.4306E-13
2143.	0.4409E-13
2225.	0.4511E-13
2309.	0.4614E-13
2397.	0.4716E-13
2489.	0.4818E-13
2583.	0.4920E-13
2682.	0.5020E-13
2784.	0.5120E-13
2890.	0.5219E-13
3000.	0.5316E-13
 
 
C6    HCl    Ionization    12.50 eV                             
E/N (Td)	Rate coefficient (m3/s)
0.1000E-02	0.000
0.1038E-02	0.000
0.1078E-02	0.000
0.1119E-02	0.000
0.1161E-02	0.000
0.1205E-02	0.000
0.1251E-02	0.000
0.1299E-02	0.000
0.1349E-02	0.000
0.1400E-02	0.000
0.1453E-02	0.000
0.1509E-02	0.000
0.1566E-02	0.000
0.1626E-02	0.000
0.1688E-02	0.000
0.1752E-02	0.000
0.1819E-02	0.000
0.1888E-02	0.000
0.1960E-02	0.000
0.2034E-02	0.000
0.2112E-02	0.000
0.2192E-02	0.000
0.2276E-02	0.000
0.2362E-02	0.000
0.2452E-02	0.000
0.2546E-02	0.000
0.2643E-02	0.000
0.2743E-02	0.000
0.2848E-02	0.000
0.2956E-02	0.000
0.3069E-02	0.000
0.3186E-02	0.000
0.3307E-02	0.000
0.3433E-02	0.000
0.3564E-02	0.000
0.3700E-02	0.000
0.3841E-02	0.000
0.3987E-02	0.000
0.4139E-02	0.000
0.4296E-02	0.000
0.4460E-02	0.000
0.4630E-02	0.000
0.4806E-02	0.000
0.4989E-02	0.000
0.5179E-02	0.000
0.5377E-02	0.000
0.5581E-02	0.000
0.5794E-02	0.000
0.6015E-02	0.000
0.6244E-02	0.000
0.6481E-02	0.000
0.6728E-02	0.000
0.6985E-02	0.000
0.7251E-02	0.000
0.7527E-02	0.000
0.7813E-02	0.000
0.8111E-02	0.000
0.8420E-02	0.000
0.8741E-02	0.000
0.9073E-02	0.000
0.9419E-02	0.000
0.9778E-02	0.000
0.1015E-01	0.000
0.1054E-01	0.000
0.1094E-01	0.000
0.1135E-01	0.000
0.1179E-01	0.000
0.1224E-01	0.000
0.1270E-01	0.000
0.1319E-01	0.000
0.1369E-01	0.000
0.1421E-01	0.000
0.1475E-01	0.000
0.1531E-01	0.000
0.1590E-01	0.000
0.1650E-01	0.000
0.1713E-01	0.000
0.1778E-01	0.000
0.1846E-01	0.000
0.1916E-01	0.000
0.1989E-01	0.000
0.2065E-01	0.000
0.2144E-01	0.000
0.2225E-01	0.000
0.2310E-01	0.000
0.2398E-01	0.000
0.2489E-01	0.000
0.2584E-01	0.000
0.2682E-01	0.000
0.2785E-01	0.000
0.2891E-01	0.000
0.3001E-01	0.000
0.3115E-01	0.000
0.3234E-01	0.000
0.3357E-01	0.000
0.3485E-01	0.000
0.3617E-01	0.000
0.3755E-01	0.000
0.3898E-01	0.000
0.4047E-01	0.000
0.4201E-01	0.000
0.4361E-01	0.000
0.4527E-01	0.000
0.4699E-01	0.000
0.4878E-01	0.000
0.5064E-01	0.000
0.5257E-01	0.000
0.5457E-01	0.000
0.5665E-01	0.000
0.5881E-01	0.000
0.6105E-01	0.000
0.6337E-01	0.000
0.6579E-01	0.000
0.6829E-01	0.000
0.7089E-01	0.000
0.7359E-01	0.000
0.7640E-01	0.000
0.7931E-01	0.000
0.8233E-01	0.000
0.8546E-01	0.000
0.8872E-01	0.000
0.9210E-01	0.000
0.9560E-01	0.000
0.9924E-01	0.000
0.1030	0.000
0.1069	0.000
0.1110	0.000
0.1152	0.000
0.1196	0.000
0.1242	0.000
0.1289	0.000
0.1338	0.000
0.1389	0.000
0.1442	0.000
0.1497	0.000
0.1554	0.000
0.1613	0.000
0.1675	0.000
0.1739	0.000
0.1805	0.000
0.1874	0.000
0.1945	0.000
0.2019	0.000
0.2096	0.000
0.2176	0.000
0.2259	0.000
0.2345	0.000
0.2434	0.000
0.2527	0.000
0.2623	0.000
0.2723	0.000
0.2826	0.000
0.2934	0.000
0.3046	0.000
0.3162	0.000
0.3282	0.000
0.3407	0.000
0.3537	0.000
0.3672	0.000
0.3812	0.000
0.3957	0.000
0.4107	0.000
0.4264	0.000
0.4426	0.000
0.4595	0.000
0.4770	0.000
0.4952	0.000
0.5140	0.000
0.5336	0.000
0.5539	0.000
0.5750	0.000
0.5969	0.000
0.6196	0.000
0.6432	0.000
0.6677	0.000
0.6932	0.000
0.7196	0.000
0.7470	0.000
0.7754	0.000
0.8050	0.000
0.8356	0.000
0.8674	0.000
0.9005	0.000
0.9348	0.000
0.9704	0.000
1.007	0.000
1.046	0.000
1.086	0.000
1.127	0.000
1.170	0.000
1.214	0.000
1.261	0.000
1.309	0.000
1.358	0.000
1.410	0.000
1.464	0.000
1.520	0.000
1.578	0.000
1.638	0.000
1.700	0.000
1.765	0.000
1.832	0.000
1.902	0.000
1.974	0.000
2.049	0.000
2.127	0.000
2.208	0.000
2.293	0.000
2.380	0.000
2.470	0.000
2.565	0.000
2.662	0.000
2.764	0.000
2.869	0.000
2.978	0.000
3.092	0.000
3.209	0.000
3.332	0.000
3.458	0.000
3.590	0.000
3.727	0.000
3.869	0.000
4.016	0.000
4.169	0.000
4.328	0.000
4.493	0.000
4.664	0.000
4.841	0.000
5.026	0.000
5.217	0.000
5.416	0.000
5.622	0.000
5.836	0.000
6.059	0.000
6.289	0.000
6.529	0.000
6.778	0.000
7.036	0.000
7.304	0.000
7.582	0.000
7.871	0.000
8.170	0.000
8.482	0.000
8.805	0.000
9.140	0.000
9.488	0.000
9.849	0.000
10.22	0.000
10.61	0.000
11.02	0.000
11.44	0.000
11.87	0.000
12.33	0.000
12.80	0.000
13.28	0.000
13.79	0.000
14.31	0.000
14.86	0.000
15.42	0.000
16.01	0.000
16.62	0.000
17.25	0.000
17.91	0.000
18.59	0.000
19.30	0.000
20.04	0.000
20.80	0.000
21.59	0.000
22.42	0.000
23.27	0.000
24.16	0.000
25.08	0.000
26.03	0.000
27.02	0.000
28.05	0.000
29.12	0.000
30.23	0.000
31.38	0.000
32.57	0.000
33.82	0.000
35.10	0.000
36.44	0.000
37.83	0.000
39.27	0.000
40.76	0.2012E-23
42.32	0.5118E-23
43.93	0.1252E-22
45.60	0.2946E-22
47.34	0.6678E-22
49.14	0.1533E-21
51.01	0.3255E-21
52.96	0.6675E-21
54.97	0.1324E-20
57.07	0.2540E-20
59.24	0.4743E-20
61.50	0.8559E-20
63.84	0.1500E-19
66.27	0.2557E-19
68.79	0.4243E-19
71.41	0.6867E-19
74.13	0.1084E-18
76.96	0.1677E-18
79.89	0.2539E-18
82.93	0.3772E-18
86.09	0.5503E-18
89.37	0.7897E-18
92.77	0.1115E-17
96.31	0.1553E-17
99.97	0.2135E-17
103.8	0.2899E-17
107.7	0.3891E-17
111.8	0.5167E-17
116.1	0.6792E-17
120.5	0.8846E-17
125.1	0.1142E-16
129.9	0.1462E-16
134.8	0.1857E-16
140.0	0.2340E-16
145.3	0.2929E-16
150.8	0.3641E-16
156.6	0.4496E-16
162.5	0.5517E-16
168.7	0.6730E-16
175.1	0.8161E-16
181.8	0.9840E-16
188.7	0.1180E-15
195.9	0.1408E-15
203.4	0.1672E-15
211.1	0.1974E-15
219.2	0.2321E-15
227.5	0.2716E-15
236.2	0.3164E-15
245.2	0.3670E-15
254.5	0.4239E-15
264.2	0.4878E-15
274.3	0.5591E-15
284.7	0.6385E-15
295.6	0.7265E-15
306.8	0.8239E-15
318.5	0.9313E-15
330.6	0.1049E-14
343.2	0.1179E-14
356.3	0.1321E-14
369.9	0.1476E-14
384.0	0.1644E-14
398.6	0.1828E-14
413.8	0.2027E-14
429.5	0.2243E-14
445.9	0.2476E-14
462.9	0.2728E-14
480.5	0.3000E-14
498.8	0.3293E-14
517.8	0.3608E-14
537.5	0.3946E-14
558.0	0.4309E-14
579.2	0.4697E-14
601.3	0.5113E-14
624.2	0.5557E-14
648.0	0.6032E-14
672.6	0.6538E-14
698.3	0.7078E-14
724.9	0.7652E-14
752.5	0.8262E-14
781.1	0.8911E-14
810.9	0.9599E-14
841.8	0.1033E-13
873.8	0.1110E-13
907.1	0.1192E-13
941.6	0.1278E-13
977.5	0.1369E-13
1015.	0.1466E-13
1053.	0.1567E-13
1094.	0.1674E-13
1135.	0.1787E-13
1178.	0.1905E-13
1223.	0.2029E-13
1270.	0.2160E-13
1318.	0.2297E-13
1368.	0.2440E-13
1421.	0.2590E-13
1475.	0.2746E-13
1531.	0.2910E-13
1589.	0.3081E-13
1650.	0.3259E-13
1712.	0.3445E-13
1778.	0.3639E-13
1845.	0.3840E-13
1916.	0.4049E-13
1989.	0.4267E-13
2064.	0.4492E-13
2143.	0.4726E-13
2225.	0.4969E-13
2309.	0.5220E-13
2397.	0.5480E-13
2489.	0.5749E-13
2583.	0.6027E-13
2682.	0.6314E-13
2784.	0.6610E-13
2890.	0.6915E-13
3000.	0.7229E-13
 
 
C1    HCl    Attachment                                         
E/N (Td)	Inverse rate coefficient (m2)
0.1000E-02	0.000
0.1038E-02	0.000
0.1078E-02	0.000
0.1119E-02	0.000
0.1161E-02	0.000
0.1205E-02	0.000
0.1251E-02	0.000
0.1299E-02	0.000
0.1349E-02	0.000
0.1400E-02	0.000
0.1453E-02	0.000
0.1509E-02	0.000
0.1566E-02	0.000
0.1626E-02	0.000
0.1688E-02	0.000
0.1752E-02	0.000
0.1819E-02	0.000
0.1888E-02	0.000
0.1960E-02	0.000
0.2034E-02	0.000
0.2112E-02	0.000
0.2192E-02	0.000
0.2276E-02	0.000
0.2362E-02	0.000
0.2452E-02	0.000
0.2546E-02	0.000
0.2643E-02	0.000
0.2743E-02	0.000
0.2848E-02	0.000
0.2956E-02	0.000
0.3069E-02	0.000
0.3186E-02	0.000
0.3307E-02	0.000
0.3433E-02	0.000
0.3564E-02	0.000
0.3700E-02	0.000
0.3841E-02	0.000
0.3987E-02	0.000
0.4139E-02	0.000
0.4296E-02	0.000
0.4460E-02	0.000
0.4630E-02	0.000
0.4806E-02	0.000
0.4989E-02	0.000
0.5179E-02	0.000
0.5377E-02	0.000
0.5581E-02	0.000
0.5794E-02	0.000
0.6015E-02	0.000
0.6244E-02	0.000
0.6481E-02	0.000
0.6728E-02	0.000
0.6985E-02	0.000
0.7251E-02	0.000
0.7527E-02	0.000
0.7813E-02	0.000
0.8111E-02	0.000
0.8420E-02	0.000
0.8741E-02	0.000
0.9073E-02	0.000
0.9419E-02	0.000
0.9778E-02	0.000
0.1015E-01	0.000
0.1054E-01	0.000
0.1094E-01	0.000
0.1135E-01	0.000
0.1179E-01	0.000
0.1224E-01	0.000
0.1270E-01	0.000
0.1319E-01	0.000
0.1369E-01	0.000
0.1421E-01	0.000
0.1475E-01	0.000
0.1531E-01	0.000
0.1590E-01	0.000
0.1650E-01	0.000
0.1713E-01	0.000
0.1778E-01	0.000
0.1846E-01	0.000
0.1916E-01	0.000
0.1989E-01	0.000
0.2065E-01	0.000
0.2144E-01	0.000
0.2225E-01	0.000
0.2310E-01	0.000
0.2398E-01	0.000
0.2489E-01	0.000
0.2584E-01	0.000
0.2682E-01	0.000
0.2785E-01	0.000
0.2891E-01	0.000
0.3001E-01	0.000
0.3115E-01	0.000
0.3234E-01	0.000
0.3357E-01	0.000
0.3485E-01	0.000
0.3617E-01	0.000
0.3755E-01	0.000
0.3898E-01	0.000
0.4047E-01	0.000
0.4201E-01	0.000
0.4361E-01	0.000
0.4527E-01	0.000
0.4699E-01	0.000
0.4878E-01	0.000
0.5064E-01	0.000
0.5257E-01	0.000
0.5457E-01	0.000
0.5665E-01	0.000
0.5881E-01	0.000
0.6105E-01	0.000
0.6337E-01	0.000
0.6579E-01	0.000
0.6829E-01	0.000
0.7089E-01	0.000
0.7359E-01	0.000
0.7640E-01	0.000
0.7931E-01	0.000
0.8233E-01	0.000
0.8546E-01	0.000
0.8872E-01	0.000
0.9210E-01	0.000
0.9560E-01	0.000
0.9924E-01	0.000
0.1030	0.000
0.1069	0.000
0.1110	0.000
0.1152	0.000
0.1196	0.000
0.1242	0.000
0.1289	0.000
0.1338	0.000
0.1389	0.000
0.1442	0.000
0.1497	0.000
0.1554	0.000
0.1613	0.000
0.1675	0.000
0.1739	0.000
0.1805	0.000
0.1874	0.000
0.1945	0.000
0.2019	0.000
0.2096	0.000
0.2176	0.000
0.2259	0.000
0.2345	0.000
0.2434	0.000
0.2527	0.000
0.2623	0.000
0.2723	0.000
0.2826	0.000
0.2934	0.000
0.3046	0.000
0.3162	0.000
0.3282	0.000
0.3407	0.000
0.3537	0.000
0.3672	0.000
0.3812	0.000
0.3957	0.000
0.4107	0.000
0.4264	0.000
0.4426	0.000
0.4595	0.000
0.4770	0.000
0.4952	0.000
0.5140	0.000
0.5336	0.000
0.5539	0.000
0.5750	0.000
0.5969	0.000
0.6196	0.000
0.6432	0.000
0.6677	0.000
0.6932	0.000
0.7196	0.000
0.7470	0.000
0.7754	0.000
0.8050	0.000
0.8356	0.000
0.8674	0.000
0.9005	0.000
0.9348	0.000
0.9704	0.000
1.007	0.000
1.046	0.000
1.086	0.000
1.127	0.000
1.170	0.000
1.214	0.000
1.261	0.000
1.309	0.000
1.358	0.000
1.410	0.000
1.464	0.000
1.520	0.000
1.578	0.000
1.638	0.000
1.700	0.000
1.765	0.000
1.832	0.000
1.902	0.000
1.974	0.000
2.049	0.000
2.127	0.000
2.208	0.000
2.293	0.000
2.380	0.000
2.470	0.000
2.565	0.000
2.662	0.000
2.764	0.000
2.869	0.000
2.978	0.000
3.092	0.000
3.209	0.000
3.332	0.000
3.458	0.000
3.590	0.000
3.727	0.000
3.869	0.000
4.016	0.000
4.169	0.000
4.328	0.000
4.493	0.000
4.664	0.000
4.841	0.000
5.026	0.000
5.217	0.000
5.416	0.000
5.622	0.000
5.836	0.000
6.059	0.000
6.289	0.000
6.529	0.000
6.778	0.000
7.036	0.000
7.304	0.000
7.582	0.000
7.871	0.000
8.170	0.000
8.482	0.000
8.805	0.000
9.140	0.000
9.488	0.000
9.849	0.000
10.22	0.000
10.61	0.000
11.02	0.000
11.44	0.000
11.87	0.000
12.33	0.000
12.80	0.000
13.28	0.000
13.79	0.000
14.31	0.000
14.86	0.000
15.42	0.000
16.01	0.000
16.62	0.000
17.25	0.000
17.91	0.000
18.59	0.000
19.30	0.000
20.04	0.000
20.80	0.000
21.59	0.000
22.42	0.000
23.27	0.000
24.16	0.000
25.08	0.000
26.03	0.000
27.02	0.000
28.05	0.000
29.12	0.000
30.23	0.000
31.38	0.000
32.57	0.000
33.82	0.000
35.10	0.000
36.44	0.000
37.83	0.000
39.27	0.000
40.76	0.000
42.32	0.000
43.93	0.000
45.60	0.000
47.34	0.000
49.14	0.000
51.01	0.000
52.96	0.000
54.97	0.000
57.07	0.000
59.24	0.000
61.50	0.000
63.84	0.000
66.27	0.000
68.79	0.000
71.41	0.000
74.13	0.000
76.96	0.000
79.89	0.000
82.93	0.000
86.09	0.000
89.37	0.000
92.77	0.000
96.31	0.000
99.97	0.000
103.8	0.000
107.7	0.000
111.8	0.000
116.1	0.000
120.5	0.000
125.1	0.000
129.9	0.000
134.8	0.000
140.0	0.000
145.3	0.000
150.8	0.000
156.6	0.000
162.5	0.000
168.7	0.000
175.1	0.000
181.8	0.000
188.7	0.000
195.9	0.000
203.4	0.000
211.1	0.000
219.2	0.000
227.5	0.000
236.2	0.000
245.2	0.000
254.5	0.000
264.2	0.000
274.3	0.000
284.7	0.000
295.6	0.000
306.8	0.000
318.5	0.000
330.6	0.000
343.2	0.000
356.3	0.000
369.9	0.000
384.0	0.000
398.6	0.000
413.8	0.000
429.5	0.000
445.9	0.000
462.9	0.000
480.5	0.000
498.8	0.000
517.8	0.000
537.5	0.000
558.0	0.000
579.2	0.000
601.3	0.000
624.2	0.000
648.0	0.000
672.6	0.000
698.3	0.000
724.9	0.000
752.5	0.000
781.1	0.000
810.9	0.000
841.8	0.000
873.8	0.000
907.1	0.000
941.6	0.000
977.5	0.000
1015.	0.000
1053.	0.000
1094.	0.000
1135.	0.000
1178.	0.000
1223.	0.000
1270.	0.000
1318.	0.000
1368.	0.000
1421.	0.000
1475.	0.000
1531.	0.000
1589.	0.000
1650.	0.000
1712.	0.000
1778.	0.000
1845.	0.000
1916.	0.000
1989.	0.000
2064.	0.000
2143.	0.000
2225.	0.000
2309.	0.000
2397.	0.000
2489.	0.000
2583.	0.000
2682.	0.000
2784.	0.000
2890.	0.000
3000.	0.000
 
 
C2    HCl    Elastic                                            
E/N (Td)	Inverse rate coefficient (m2)
0.1000E-02	0.000
0.1038E-02	0.000
0.1078E-02	0.000
0.1119E-02	0.000
0.1161E-02	0.000
0.1205E-02	0.000
0.1251E-02	0.000
0.1299E-02	0.000
0.1349E-02	0.000
0.1400E-02	0.000
0.1453E-02	0.000
0.1509E-02	0.000
0.1566E-02	0.000
0.1626E-02	0.000
0.1688E-02	0.000
0.1752E-02	0.000
0.1819E-02	0.000
0.1888E-02	0.000
0.1960E-02	0.000
0.2034E-02	0.000
0.2112E-02	0.000
0.2192E-02	0.000
0.2276E-02	0.000
0.2362E-02	0.000
0.2452E-02	0.000
0.2546E-02	0.000
0.2643E-02	0.000
0.2743E-02	0.000
0.2848E-02	0.000
0.2956E-02	0.000
0.3069E-02	0.000
0.3186E-02	0.000
0.3307E-02	0.000
0.3433E-02	0.000
0.3564E-02	0.000
0.3700E-02	0.000
0.3841E-02	0.000
0.3987E-02	0.000
0.4139E-02	0.000
0.4296E-02	0.000
0.4460E-02	0.000
0.4630E-02	0.000
0.4806E-02	0.000
0.4989E-02	0.000
0.5179E-02	0.000
0.5377E-02	0.000
0.5581E-02	0.000
0.5794E-02	0.000
0.6015E-02	0.000
0.6244E-02	0.000
0.6481E-02	0.000
0.6728E-02	0.000
0.6985E-02	0.000
0.7251E-02	0.000
0.7527E-02	0.000
0.7813E-02	0.000
0.8111E-02	0.000
0.8420E-02	0.000
0.8741E-02	0.000
0.9073E-02	0.000
0.9419E-02	0.000
0.9778E-02	0.000
0.1015E-01	0.000
0.1054E-01	0.000
0.1094E-01	0.000
0.1135E-01	0.000
0.1179E-01	0.000
0.1224E-01	0.000
0.1270E-01	0.000
0.1319E-01	0.000
0.1369E-01	0.000
0.1421E-01	0.000
0.1475E-01	0.000
0.1531E-01	0.000
0.1590E-01	0.000
0.1650E-01	0.000
0.1713E-01	0.000
0.1778E-01	0.000
0.1846E-01	0.000
0.1916E-01	0.000
0.1989E-01	0.000
0.2065E-01	0.000
0.2144E-01	0.000
0.2225E-01	0.000
0.2310E-01	0.000
0.2398E-01	0.000
0.2489E-01	0.000
0.2584E-01	0.000
0.2682E-01	0.000
0.2785E-01	0.000
0.2891E-01	0.000
0.3001E-01	0.000
0.3115E-01	0.000
0.3234E-01	0.000
0.3357E-01	0.000
0.3485E-01	0.000
0.3617E-01	0.000
0.3755E-01	0.000
0.3898E-01	0.000
0.4047E-01	0.000
0.4201E-01	0.000
0.4361E-01	0.000
0.4527E-01	0.000
0.4699E-01	0.000
0.4878E-01	0.000
0.5064E-01	0.000
0.5257E-01	0.000
0.5457E-01	0.000
0.5665E-01	0.000
0.5881E-01	0.000
0.6105E-01	0.000
0.6337E-01	0.000
0.6579E-01	0.000
0.6829E-01	0.000
0.7089E-01	0.000
0.7359E-01	0.000
0.7640E-01	0.000
0.7931E-01	0.000
0.8233E-01	0.000
0.8546E-01	0.000
0.8872E-01	0.000
0.9210E-01	0.000
0.9560E-01	0.000
0.9924E-01	0.000
0.1030	0.000
0.1069	0.000
0.1110	0.000
0.1152	0.000
0.1196	0.000
0.1242	0.000
0.1289	0.000
0.1338	0.000
0.1389	0.000
0.1442	0.000
0.1497	0.000
0.1554	0.000
0.1613	0.000
0.1675	0.000
0.1739	0.000
0.1805	0.000
0.1874	0.000
0.1945	0.000
0.2019	0.000
0.2096	0.000
0.2176	0.000
0.2259	0.000
0.2345	0.000
0.2434	0.000
0.2527	0.000
0.2623	0.000
0.2723	0.000
0.2826	0.000
0.2934	0.000
0.3046	0.000
0.3162	0.000
0.3282	0.000
0.3407	0.000
0.3537	0.000
0.3672	0.000
0.3812	0.000
0.3957	0.000
0.4107	0.000
0.4264	0.000
0.4426	0.000
0.4595	0.000
0.4770	0.000
0.4952	0.000
0.5140	0.000
0.5336	0.000
0.5539	0.000
0.5750	0.000
0.5969	0.000
0.6196	0.000
0.6432	0.000
0.6677	0.000
0.6932	0.000
0.7196	0.000
0.7470	0.000
0.7754	0.000
0.8050	0.000
0.8356	0.000
0.8674	0.000
0.9005	0.000
0.9348	0.000
0.9704	0.000
1.007	0.000
1.046	0.000
1.086	0.000
1.127	0.000
1.170	0.000
1.214	0.000
1.261	0.000
1.309	0.000
1.358	0.000
1.410	0.000
1.464	0.000
1.520	0.000
1.578	0.000
1.638	0.000
1.700	0.000
1.765	0.000
1.832	0.000
1.902	0.000
1.974	0.000
2.049	0.000
2.127	0.000
2.208	0.000
2.293	0.000
2.380	0.000
2.470	0.000
2.565	0.000
2.662	0.000
2.764	0.000
2.869	0.000
2.978	0.000
3.092	0.000
3.209	0.000
3.332	0.000
3.458	0.000
3.590	0.000
3.727	0.000
3.869	0.000
4.016	0.000
4.169	0.000
4.328	0.000
4.493	0.000
4.664	0.000
4.841	0.000
5.026	0.000
5.217	0.000
5.416	0.000
5.622	0.000
5.836	0.000
6.059	0.000
6.289	0.000
6.529	0.000
6.778	0.000
7.036	0.000
7.304	0.000
7.582	0.000
7.871	0.000
8.170	0.000
8.482	0.000
8.805	0.000
9.140	0.000
9.488	0.000
9.849	0.000
10.22	0.000
10.61	0.000
11.02	0.000
11.44	0.000
11.87	0.000
12.33	0.000
12.80	0.000
13.28	0.000
13.79	0.000
14.31	0.000
14.86	0.000
15.42	0.000
16.01	0.000
16.62	0.000
17.25	0.000
17.91	0.000
18.59	0.000
19.30	0.000
20.04	0.000
20.80	0.000
21.59	0.000
22.42	0.000
23.27	0.000
24.16	0.000
25.08	0.000
26.03	0.000
27.02	0.000
28.05	0.000
29.12	0.000
30.23	0.000
31.38	0.000
32.57	0.000
33.82	0.000
35.10	0.000
36.44	0.000
37.83	0.000
39.27	0.000
40.76	0.000
42.32	0.000
43.93	0.000
45.60	0.000
47.34	0.000
49.14	0.000
51.01	0.000
52.96	0.000
54.97	0.000
57.07	0.000
59.24	0.000
61.50	0.000
63.84	0.000
66.27	0.000
68.79	0.000
71.41	0.000
74.13	0.000
76.96	0.000
79.89	0.000
82.93	0.000
86.09	0.000
89.37	0.000
92.77	0.000
96.31	0.000
99.97	0.000
103.8	0.000
107.7	0.000
111.8	0.000
116.1	0.000
120.5	0.000
125.1	0.000
129.9	0.000
134.8	0.000
140.0	0.000
145.3	0.000
150.8	0.000
156.6	0.000
162.5	0.000
168.7	0.000
175.1	0.000
181.8	0.000
188.7	0.000
195.9	0.000
203.4	0.000
211.1	0.000
219.2	0.000
227.5	0.000
236.2	0.000
245.2	0.000
254.5	0.000
264.2	0.000
274.3	0.000
284.7	0.000
295.6	0.000
306.8	0.000
318.5	0.000
330.6	0.000
343.2	0.000
356.3	0.000
369.9	0.000
384.0	0.000
398.6	0.000
413.8	0.000
429.5	0.000
445.9	0.000
462.9	0.000
480.5	0.000
498.8	0.000
517.8	0.000
537.5	0.000
558.0	0.000
579.2	0.000
601.3	0.000
624.2	0.000
648.0	0.000
672.6	0.000
698.3	0.000
724.9	0.000
752.5	0.000
781.1	0.000
810.9	0.000
841.8	0.000
873.8	0.000
907.1	0.000
941.6	0.000
977.5	0.000
1015.	0.000
1053.	0.000
1094.	0.000
1135.	0.000
1178.	0.000
1223.	0.000
1270.	0.000
1318.	0.000
1368.	0.000
1421.	0.000
1475.	0.000
1531.	0.000
1589.	0.000
1650.	0.000
1712.	0.000
1778.	0.000
1845.	0.000
1916.	0.000
1989.	0.000
2064.	0.000
2143.	0.000
2225.	0.000
2309.	0.000
2397.	0.000
2489.	0.000
2583.	0.000
2682.	0.000
2784.	0.000
2890.	0.000
3000.	0.000
 
 
C3    HCl    Excitation    0.35 eV                              
E/N (Td)	Inverse rate coefficient (m2)
0.1000E-02	0.6371E-13
0.1038E-02	0.6372E-13
0.1078E-02	0.6372E-13
0.1119E-02	0.6372E-13
0.1161E-02	0.6372E-13
0.1205E-02	0.6372E-13
0.1251E-02	0.6372E-13
0.1299E-02	0.6372E-13
0.1349E-02	0.6372E-13
0.1400E-02	0.6372E-13
0.1453E-02	0.6372E-13
0.1509E-02	0.6372E-13
0.1566E-02	0.6372E-13
0.1626E-02	0.6372E-13
0.1688E-02	0.6372E-13
0.1752E-02	0.6372E-13
0.1819E-02	0.6372E-13
0.1888E-02	0.6372E-13
0.1960E-02	0.6372E-13
0.2034E-02	0.6372E-13
0.2112E-02	0.6372E-13
0.2192E-02	0.6372E-13
0.2276E-02	0.6372E-13
0.2362E-02	0.6372E-13
0.2452E-02	0.6372E-13
0.2546E-02	0.6372E-13
0.2643E-02	0.6372E-13
0.2743E-02	0.6372E-13
0.2848E-02	0.6372E-13
0.2956E-02	0.6372E-13
0.3069E-02	0.6372E-13
0.3186E-02	0.6372E-13
0.3307E-02	0.6372E-13
0.3433E-02	0.6372E-13
0.3564E-02	0.6372E-13
0.3700E-02	0.6372E-13
0.3841E-02	0.6372E-13
0.3987E-02	0.6372E-13
0.4139E-02	0.6372E-13
0.4296E-02	0.6372E-13
0.4460E-02	0.6372E-13
0.4630E-02	0.6372E-13
0.4806E-02	0.6372E-13
0.4989E-02	0.6372E-13
0.5179E-02	0.6372E-13
0.5377E-02	0.6372E-13
0.5581E-02	0.6372E-13
0.5794E-02	0.6372E-13
0.6015E-02	0.6372E-13
0.6244E-02	0.6372E-13
0.6481E-02	0.6372E-13
0.6728E-02	0.6372E-13
0.6985E-02	0.6372E-13
0.7251E-02	0.6372E-13
0.7527E-02	0.6372E-13
0.7813E-02	0.6372E-13
0.8111E-02	0.6372E-13
0.8420E-02	0.6372E-13
0.8741E-02	0.6372E-13
0.9073E-02	0.6372E-13
0.9419E-02	0.6372E-13
0.9778E-02	0.6372E-13
0.1015E-01	0.6372E-13
0.1054E-01	0.6372E-13
0.1094E-01	0.6372E-13
0.1135E-01	0.6372E-13
0.1179E-01	0.6372E-13
0.1224E-01	0.6372E-13
0.1270E-01	0.6372E-13
0.1319E-01	0.6372E-13
0.1369E-01	0.6372E-13
0.1421E-01	0.6372E-13
0.1475E-01	0.6372E-13
0.1531E-01	0.6372E-13
0.1590E-01	0.6372E-13
0.1650E-01	0.6372E-13
0.1713E-01	0.6372E-13
0.1778E-01	0.6372E-13
0.1846E-01	0.6372E-13
0.1916E-01	0.6372E-13
0.1989E-01	0.6372E-13
0.2065E-01	0.6372E-13
0.2144E-01	0.6372E-13
0.2225E-01	0.6372E-13
0.2310E-01	0.6372E-13
0.2398E-01	0.6372E-13
0.2489E-01	0.6372E-13
0.2584E-01	0.6372E-13
0.2682E-01	0.6372E-13
0.2785E-01	0.6372E-13
0.2891E-01	0.6372E-13
0.3001E-01	0.6372E-13
0.3115E-01	0.6372E-13
0.3234E-01	0.6372E-13
0.3357E-01	0.6372E-13
0.3485E-01	0.6372E-13
0.3617E-01	0.6372E-13
0.3755E-01	0.6372E-13
0.3898E-01	0.6372E-13
0.4047E-01	0.6372E-13
0.4201E-01	0.6372E-13
0.4361E-01	0.6372E-13
0.4527E-01	0.6372E-13
0.4699E-01	0.6372E-13
0.4878E-01	0.6372E-13
0.5064E-01	0.6373E-13
0.5257E-01	0.6373E-13
0.5457E-01	0.6373E-13
0.5665E-01	0.6373E-13
0.5881E-01	0.6373E-13
0.6105E-01	0.6373E-13
0.6337E-01	0.6373E-13
0.6579E-01	0.6373E-13
0.6829E-01	0.6373E-13
0.7089E-01	0.6373E-13
0.7359E-01	0.6374E-13
0.7640E-01	0.6374E-13
0.7931E-01	0.6374E-13
0.8233E-01	0.6374E-13
0.8546E-01	0.6374E-13
0.8872E-01	0.6375E-13
0.9210E-01	0.6375E-13
0.9560E-01	0.6375E-13
0.9924E-01	0.6375E-13
0.1030	0.6376E-13
0.1069	0.6376E-13
0.1110	0.6376E-13
0.1152	0.6377E-13
0.1196	0.6377E-13
0.1242	0.6377E-13
0.1289	0.6378E-13
0.1338	0.6378E-13
0.1389	0.6379E-13
0.1442	0.6379E-13
0.1497	0.6380E-13
0.1554	0.6381E-13
0.1613	0.6381E-13
0.1675	0.6382E-13
0.1739	0.6383E-13
0.1805	0.6384E-13
0.1874	0.6385E-13
0.1945	0.6386E-13
0.2019	0.6387E-13
0.2096	0.6388E-13
0.2176	0.6389E-13
0.2259	0.6390E-13
0.2345	0.6392E-13
0.2434	0.6393E-13
0.2527	0.6395E-13
0.2623	0.6397E-13
0.2723	0.6399E-13
0.2826	0.6401E-13
0.2934	0.6403E-13
0.3046	0.6406E-13
0.3162	0.6408E-13
0.3282	0.6411E-13
0.3407	0.6414E-13
0.3537	0.6417E-13
0.3672	0.6421E-13
0.3812	0.6424E-13
0.3957	0.6429E-13
0.4107	0.6433E-13
0.4264	0.6437E-13
0.4426	0.6442E-13
0.4595	0.6448E-13
0.4770	0.6454E-13
0.4952	0.6460E-13
0.5140	0.6466E-13
0.5336	0.6473E-13
0.5539	0.6481E-13
0.5750	0.6489E-13
0.5969	0.6498E-13
0.6196	0.6507E-13
0.6432	0.6517E-13
0.6677	0.6527E-13
0.6932	0.6538E-13
0.7196	0.6550E-13
0.7470	0.6563E-13
0.7754	0.6576E-13
0.8050	0.6590E-13
0.8356	0.6605E-13
0.8674	0.6621E-13
0.9005	0.6637E-13
0.9348	0.6654E-13
0.9704	0.6672E-13
1.007	0.6691E-13
1.046	0.6711E-13
1.086	0.6731E-13
1.127	0.6752E-13
1.170	0.6774E-13
1.214	0.6796E-13
1.261	0.6819E-13
1.309	0.6842E-13
1.358	0.6865E-13
1.410	0.6889E-13
1.464	0.6913E-13
1.520	0.6937E-13
1.578	0.6961E-13
1.638	0.6985E-13
1.700	0.7008E-13
1.765	0.7032E-13
1.832	0.7055E-13
1.902	0.7078E-13
1.974	0.7100E-13
2.049	0.7122E-13
2.127	0.7144E-13
2.208	0.7166E-13
2.293	0.7187E-13
2.380	0.7207E-13
2.470	0.7228E-13
2.565	0.7248E-13
2.662	0.7268E-13
2.764	0.7288E-13
2.869	0.7307E-13
2.978	0.7327E-13
3.092	0.7346E-13
3.209	0.7366E-13
3.332	0.7385E-13
3.458	0.7404E-13
3.590	0.7423E-13
3.727	0.7442E-13
3.869	0.7462E-13
4.016	0.7481E-13
4.169	0.7500E-13
4.328	0.7518E-13
4.493	0.7537E-13
4.664	0.7555E-13
4.841	0.7574E-13
5.026	0.7592E-13
5.217	0.7609E-13
5.416	0.7626E-13
5.622	0.7643E-13
5.836	0.7660E-13
6.059	0.7676E-13
6.289	0.7691E-13
6.529	0.7706E-13
6.778	0.7721E-13
7.036	0.7735E-13
7.304	0.7748E-13
7.582	0.7761E-13
7.871	0.7773E-13
8.170	0.7784E-13
8.482	0.7797E-13
8.805	0.7807E-13
9.140	0.7817E-13
9.488	0.7822E-13
9.849	0.7830E-13
10.22	0.7837E-13
10.61	0.7841E-13
11.02	0.7847E-13
11.44	0.7852E-13
11.87	0.7856E-13
12.33	0.7861E-13
12.80	0.7864E-13
13.28	0.7865E-13
13.79	0.7866E-13
14.31	0.7868E-13
14.86	0.7867E-13
15.42	0.7864E-13
16.01	0.7861E-13
16.62	0.7860E-13
17.25	0.7854E-13
17.91	0.7847E-13
18.59	0.7839E-13
19.30	0.7821E-13
20.04	0.7810E-13
20.80	0.7797E-13
21.59	0.7766E-13
22.42	0.7750E-13
23.27	0.7732E-13
24.16	0.7690E-13
25.08	0.7655E-13
26.03	0.7630E-13
27.02	0.7601E-13
28.05	0.7547E-13
29.12	0.7511E-13
30.23	0.7470E-13
31.38	0.7432E-13
32.57	0.7379E-13
33.82	0.7319E-13
35.10	0.7251E-13
36.44	0.7175E-13
37.83	0.7088E-13
39.27	0.6990E-13
40.76	0.6881E-13
42.32	0.6758E-13
43.93	0.6622E-13
45.60	0.6471E-13
47.34	0.6305E-13
49.14	0.6125E-13
51.01	0.5930E-13
52.96	0.5722E-13
54.97	0.5502E-13
57.07	0.5272E-13
59.24	0.5034E-13
61.50	0.4793E-13
63.84	0.4550E-13
66.27	0.4310E-13
68.79	0.4074E-13
71.41	0.3845E-13
74.13	0.3630E-13
76.96	0.3422E-13
79.89	0.3226E-13
82.93	0.3043E-13
86.09	0.2873E-13
89.37	0.2716E-13
92.77	0.2574E-13
96.31	0.2441E-13
99.97	0.2319E-13
103.8	0.2206E-13
107.7	0.2103E-13
111.8	0.2009E-13
116.1	0.1922E-13
120.5	0.1842E-13
125.1	0.1768E-13
129.9	0.1699E-13
134.8	0.1635E-13
140.0	0.1576E-13
145.3	0.1520E-13
150.8	0.1468E-13
156.6	0.1419E-13
162.5	0.1373E-13
168.7	0.1329E-13
175.1	0.1288E-13
181.8	0.1248E-13
188.7	0.1211E-13
195.9	0.1175E-13
203.4	0.1141E-13
211.1	0.1108E-13
219.2	0.1077E-13
227.5	0.1047E-13
236.2	0.1018E-13
245.2	0.9909E-14
254.5	0.9645E-14
264.2	0.9391E-14
274.3	0.9146E-14
284.7	0.8908E-14
295.6	0.8681E-14
306.8	0.8461E-14
318.5	0.8248E-14
330.6	0.8042E-14
343.2	0.7842E-14
356.3	0.7648E-14
369.9	0.7460E-14
384.0	0.7277E-14
398.6	0.7098E-14
413.8	0.6926E-14
429.5	0.6756E-14
445.9	0.6590E-14
462.9	0.6428E-14
480.5	0.6269E-14
498.8	0.6114E-14
517.8	0.5961E-14
537.5	0.5812E-14
558.0	0.5665E-14
579.2	0.5521E-14
601.3	0.5380E-14
624.2	0.5241E-14
648.0	0.5105E-14
672.6	0.4971E-14
698.3	0.4839E-14
724.9	0.4710E-14
752.5	0.4582E-14
781.1	0.4458E-14
810.9	0.4335E-14
841.8	0.4215E-14
873.8	0.4096E-14
907.1	0.3980E-14
941.6	0.3865E-14
977.5	0.3753E-14
1015.	0.3643E-14
1053.	0.3535E-14
1094.	0.3428E-14
1135.	0.3324E-14
1178.	0.3222E-14
1223.	0.3123E-14
1270.	0.3025E-14
1318.	0.2929E-14
1368.	0.2835E-14
1421.	0.2743E-14
1475.	0.2653E-14
1531.	0.2565E-14
1589.	0.2479E-14
1650.	0.2395E-14
1712.	0.2314E-14
1778.	0.2234E-14
1845.	0.2155E-14
1916.	0.2079E-14
1989.	0.2005E-14
2064.	0.1933E-14
2143.	0.1863E-14
2225.	0.1794E-14
2309.	0.1727E-14
2397.	0.1662E-14
2489.	0.1599E-14
2583.	0.1538E-14
2682.	0.1479E-14
2784.	0.1421E-14
2890.	0.1365E-14
3000.	0.1311E-14
 
 
C4    HCl    Excitation    0.69 eV                              
E/N (Td)	Inverse rate coefficient (m2)
0.1000E-02	0.3731E-14
0.1038E-02	0.3731E-14
0.1078E-02	0.3731E-14
0.1119E-02	0.3731E-14
0.1161E-02	0.3731E-14
0.1205E-02	0.3731E-14
0.1251E-02	0.3731E-14
0.1299E-02	0.3731E-14
0.1349E-02	0.3731E-14
0.1400E-02	0.3731E-14
0.1453E-02	0.3731E-14
0.1509E-02	0.3731E-14
0.1566E-02	0.3731E-14
0.1626E-02	0.3731E-14
0.1688E-02	0.3731E-14
0.1752E-02	0.3731E-14
0.1819E-02	0.3731E-14
0.1888E-02	0.3731E-14
0.1960E-02	0.3731E-14
0.2034E-02	0.3731E-14
0.2112E-02	0.3731E-14
0.2192E-02	0.3731E-14
0.2276E-02	0.3731E-14
0.2362E-02	0.3731E-14
0.2452E-02	0.3731E-14
0.2546E-02	0.3731E-14
0.2643E-02	0.3731E-14
0.2743E-02	0.3731E-14
0.2848E-02	0.3731E-14
0.2956E-02	0.3731E-14
0.3069E-02	0.3731E-14
0.3186E-02	0.3731E-14
0.3307E-02	0.3731E-14
0.3433E-02	0.3731E-14
0.3564E-02	0.3731E-14
0.3700E-02	0.3731E-14
0.3841E-02	0.3731E-14
0.3987E-02	0.3731E-14
0.4139E-02	0.3731E-14
0.4296E-02	0.3731E-14
0.4460E-02	0.3731E-14
0.4630E-02	0.3731E-14
0.4806E-02	0.3731E-14
0.4989E-02	0.3731E-14
0.5179E-02	0.3731E-14
0.5377E-02	0.3731E-14
0.5581E-02	0.3731E-14
0.5794E-02	0.3731E-14
0.6015E-02	0.3731E-14
0.6244E-02	0.3731E-14
0.6481E-02	0.3731E-14
0.6728E-02	0.3731E-14
0.6985E-02	0.3731E-14
0.7251E-02	0.3731E-14
0.7527E-02	0.3731E-14
0.7813E-02	0.3731E-14
0.8111E-02	0.3731E-14
0.8420E-02	0.3731E-14
0.8741E-02	0.3731E-14
0.9073E-02	0.3731E-14
0.9419E-02	0.3731E-14
0.9778E-02	0.3731E-14
0.1015E-01	0.3731E-14
0.1054E-01	0.3731E-14
0.1094E-01	0.3731E-14
0.1135E-01	0.3731E-14
0.1179E-01	0.3731E-14
0.1224E-01	0.3731E-14
0.1270E-01	0.3731E-14
0.1319E-01	0.3731E-14
0.1369E-01	0.3731E-14
0.1421E-01	0.3731E-14
0.1475E-01	0.3731E-14
0.1531E-01	0.3731E-14
0.1590E-01	0.3731E-14
0.1650E-01	0.3731E-14
0.1713E-01	0.3731E-14
0.1778E-01	0.3731E-14
0.1846E-01	0.3731E-14
0.1916E-01	0.3732E-14
0.1989E-01	0.3732E-14
0.2065E-01	0.3732E-14
0.2144E-01	0.3732E-14
0.2225E-01	0.3732E-14
0.2310E-01	0.3732E-14
0.2398E-01	0.3732E-14
0.2489E-01	0.3732E-14
0.2584E-01	0.3732E-14
0.2682E-01	0.3732E-14
0.2785E-01	0.3732E-14
0.2891E-01	0.3732E-14
0.3001E-01	0.3732E-14
0.3115E-01	0.3732E-14
0.3234E-01	0.3732E-14
0.3357E-01	0.3732E-14
0.3485E-01	0.3732E-14
0.3617E-01	0.3732E-14
0.3755E-01	0.3732E-14
0.3898E-01	0.3732E-14
0.4047E-01	0.3732E-14
0.4201E-01	0.3732E-14
0.4361E-01	0.3733E-14
0.4527E-01	0.3733E-14
0.4699E-01	0.3733E-14
0.4878E-01	0.3733E-14
0.5064E-01	0.3733E-14
0.5257E-01	0.3733E-14
0.5457E-01	0.3733E-14
0.5665E-01	0.3733E-14
0.5881E-01	0.3734E-14
0.6105E-01	0.3734E-14
0.6337E-01	0.3734E-14
0.6579E-01	0.3734E-14
0.6829E-01	0.3734E-14
0.7089E-01	0.3735E-14
0.7359E-01	0.3735E-14
0.7640E-01	0.3735E-14
0.7931E-01	0.3736E-14
0.8233E-01	0.3736E-14
0.8546E-01	0.3736E-14
0.8872E-01	0.3737E-14
0.9210E-01	0.3737E-14
0.9560E-01	0.3738E-14
0.9924E-01	0.3738E-14
0.1030	0.3739E-14
0.1069	0.3739E-14
0.1110	0.3740E-14
0.1152	0.3740E-14
0.1196	0.3741E-14
0.1242	0.3742E-14
0.1289	0.3743E-14
0.1338	0.3743E-14
0.1389	0.3744E-14
0.1442	0.3745E-14
0.1497	0.3747E-14
0.1554	0.3748E-14
0.1613	0.3749E-14
0.1675	0.3750E-14
0.1739	0.3752E-14
0.1805	0.3753E-14
0.1874	0.3755E-14
0.1945	0.3757E-14
0.2019	0.3759E-14
0.2096	0.3761E-14
0.2176	0.3764E-14
0.2259	0.3766E-14
0.2345	0.3769E-14
0.2434	0.3772E-14
0.2527	0.3775E-14
0.2623	0.3778E-14
0.2723	0.3782E-14
0.2826	0.3786E-14
0.2934	0.3790E-14
0.3046	0.3794E-14
0.3162	0.3799E-14
0.3282	0.3804E-14
0.3407	0.3810E-14
0.3537	0.3816E-14
0.3672	0.3822E-14
0.3812	0.3829E-14
0.3957	0.3837E-14
0.4107	0.3845E-14
0.4264	0.3854E-14
0.4426	0.3863E-14
0.4595	0.3873E-14
0.4770	0.3884E-14
0.4952	0.3895E-14
0.5140	0.3907E-14
0.5336	0.3921E-14
0.5539	0.3935E-14
0.5750	0.3950E-14
0.5969	0.3966E-14
0.6196	0.3984E-14
0.6432	0.4002E-14
0.6677	0.4022E-14
0.6932	0.4043E-14
0.7196	0.4065E-14
0.7470	0.4089E-14
0.7754	0.4114E-14
0.8050	0.4141E-14
0.8356	0.4169E-14
0.8674	0.4199E-14
0.9005	0.4230E-14
0.9348	0.4263E-14
0.9704	0.4298E-14
1.007	0.4334E-14
1.046	0.4371E-14
1.086	0.4410E-14
1.127	0.4451E-14
1.170	0.4492E-14
1.214	0.4535E-14
1.261	0.4579E-14
1.309	0.4623E-14
1.358	0.4669E-14
1.410	0.4714E-14
1.464	0.4760E-14
1.520	0.4807E-14
1.578	0.4853E-14
1.638	0.4898E-14
1.700	0.4944E-14
1.765	0.4989E-14
1.832	0.5033E-14
1.902	0.5076E-14
1.974	0.5118E-14
2.049	0.5159E-14
2.127	0.5200E-14
2.208	0.5239E-14
2.293	0.5277E-14
2.380	0.5314E-14
2.470	0.5351E-14
2.565	0.5386E-14
2.662	0.5421E-14
2.764	0.5455E-14
2.869	0.5488E-14
2.978	0.5521E-14
3.092	0.5553E-14
3.209	0.5585E-14
3.332	0.5617E-14
3.458	0.5649E-14
3.590	0.5681E-14
3.727	0.5712E-14
3.869	0.5744E-14
4.016	0.5776E-14
4.169	0.5807E-14
4.328	0.5839E-14
4.493	0.5870E-14
4.664	0.5902E-14
4.841	0.5934E-14
5.026	0.5965E-14
5.217	0.5996E-14
5.416	0.6028E-14
5.622	0.6059E-14
5.836	0.6090E-14
6.059	0.6121E-14
6.289	0.6151E-14
6.529	0.6181E-14
6.778	0.6211E-14
7.036	0.6240E-14
7.304	0.6269E-14
7.582	0.6297E-14
7.871	0.6325E-14
8.170	0.6352E-14
8.482	0.6379E-14
8.805	0.6405E-14
9.140	0.6430E-14
9.488	0.6448E-14
9.849	0.6472E-14
10.22	0.6494E-14
10.61	0.6513E-14
11.02	0.6534E-14
11.44	0.6554E-14
11.87	0.6573E-14
12.33	0.6596E-14
12.80	0.6613E-14
13.28	0.6629E-14
13.79	0.6643E-14
14.31	0.6648E-14
14.86	0.6660E-14
15.42	0.6671E-14
16.01	0.6682E-14
16.62	0.6703E-14
17.25	0.6710E-14
17.91	0.6716E-14
18.59	0.6720E-14
19.30	0.6712E-14
20.04	0.6713E-14
20.80	0.6714E-14
21.59	0.6714E-14
22.42	0.6711E-14
23.27	0.6706E-14
24.16	0.6679E-14
25.08	0.6662E-14
26.03	0.6652E-14
27.02	0.6639E-14
28.05	0.6574E-14
29.12	0.6557E-14
30.23	0.6537E-14
31.38	0.6527E-14
32.57	0.6499E-14
33.82	0.6467E-14
35.10	0.6431E-14
36.44	0.6389E-14
37.83	0.6341E-14
39.27	0.6287E-14
40.76	0.6228E-14
42.32	0.6160E-14
43.93	0.6085E-14
45.60	0.6001E-14
47.34	0.5910E-14
49.14	0.5811E-14
51.01	0.5703E-14
52.96	0.5586E-14
54.97	0.5462E-14
57.07	0.5332E-14
59.24	0.5195E-14
61.50	0.5054E-14
63.84	0.4909E-14
66.27	0.4763E-14
68.79	0.4616E-14
71.41	0.4470E-14
74.13	0.4328E-14
76.96	0.4187E-14
79.89	0.4050E-14
82.93	0.3918E-14
86.09	0.3790E-14
89.37	0.3668E-14
92.77	0.3552E-14
96.31	0.3439E-14
99.97	0.3331E-14
103.8	0.3227E-14
107.7	0.3127E-14
111.8	0.3032E-14
116.1	0.2941E-14
120.5	0.2853E-14
125.1	0.2767E-14
129.9	0.2685E-14
134.8	0.2606E-14
140.0	0.2529E-14
145.3	0.2455E-14
150.8	0.2383E-14
156.6	0.2314E-14
162.5	0.2246E-14
168.7	0.2180E-14
175.1	0.2117E-14
181.8	0.2055E-14
188.7	0.1995E-14
195.9	0.1937E-14
203.4	0.1881E-14
211.1	0.1827E-14
219.2	0.1774E-14
227.5	0.1723E-14
236.2	0.1674E-14
245.2	0.1626E-14
254.5	0.1580E-14
264.2	0.1535E-14
274.3	0.1492E-14
284.7	0.1451E-14
295.6	0.1411E-14
306.8	0.1372E-14
318.5	0.1334E-14
330.6	0.1298E-14
343.2	0.1262E-14
356.3	0.1228E-14
369.9	0.1195E-14
384.0	0.1162E-14
398.6	0.1131E-14
413.8	0.1100E-14
429.5	0.1070E-14
445.9	0.1041E-14
462.9	0.1013E-14
480.5	0.9853E-15
498.8	0.9583E-15
517.8	0.9319E-15
537.5	0.9061E-15
558.0	0.8808E-15
579.2	0.8562E-15
601.3	0.8320E-15
624.2	0.8084E-15
648.0	0.7853E-15
672.6	0.7626E-15
698.3	0.7404E-15
724.9	0.7188E-15
752.5	0.6976E-15
781.1	0.6768E-15
810.9	0.6566E-15
841.8	0.6368E-15
873.8	0.6174E-15
907.1	0.5984E-15
941.6	0.5798E-15
977.5	0.5617E-15
1015.	0.5440E-15
1053.	0.5266E-15
1094.	0.5097E-15
1135.	0.4932E-15
1178.	0.4771E-15
1223.	0.4613E-15
1270.	0.4460E-15
1318.	0.4310E-15
1368.	0.4164E-15
1421.	0.4022E-15
1475.	0.3883E-15
1531.	0.3748E-15
1589.	0.3617E-15
1650.	0.3489E-15
1712.	0.3364E-15
1778.	0.3243E-15
1845.	0.3125E-15
1916.	0.3010E-15
1989.	0.2899E-15
2064.	0.2791E-15
2143.	0.2686E-15
2225.	0.2584E-15
2309.	0.2485E-15
2397.	0.2389E-15
2489.	0.2296E-15
2583.	0.2206E-15
2682.	0.2119E-15
2784.	0.2035E-15
2890.	0.1953E-15
3000.	0.1873E-15
 
 
C5    HCl    Excitation    5.29 eV                              
E/N (Td)	Inverse rate coefficient (m2)
0.1000E-02	0.6424E-16
0.1038E-02	0.6424E-16
0.1078E-02	0.6424E-16
0.1119E-02	0.6424E-16
0.1161E-02	0.6424E-16
0.1205E-02	0.6424E-16
0.1251E-02	0.6424E-16
0.1299E-02	0.6424E-16
0.1349E-02	0.6424E-16
0.1400E-02	0.6424E-16
0.1453E-02	0.6424E-16
0.1509E-02	0.6424E-16
0.1566E-02	0.6424E-16
0.1626E-02	0.6424E-16
0.1688E-02	0.6424E-16
0.1752E-02	0.6424E-16
0.1819E-02	0.6424E-16
0.1888E-02	0.6424E-16
0.1960E-02	0.6424E-16
0.2034E-02	0.6424E-16
0.2112E-02	0.6424E-16
0.2192E-02	0.6424E-16
0.2276E-02	0.6424E-16
0.2362E-02	0.6424E-16
0.2452E-02	0.6424E-16
0.2546E-02	0.6424E-16
0.2643E-02	0.6424E-16
0.2743E-02	0.6424E-16
0.2848E-02	0.6424E-16
0.2956E-02	0.6424E-16
0.3069E-02	0.6424E-16
0.3186E-02	0.6424E-16
0.3307E-02	0.6424E-16
0.3433E-02	0.6424E-16
0.3564E-02	0.6424E-16
0.3700E-02	0.6424E-16
0.3841E-02	0.6424E-16
0.3987E-02	0.6424E-16
0.4139E-02	0.6424E-16
0.4296E-02	0.6424E-16
0.4460E-02	0.6424E-16
0.4630E-02	0.6424E-16
0.4806E-02	0.6424E-16
0.4989E-02	0.6424E-16
0.5179E-02	0.6424E-16
0.5377E-02	0.6424E-16
0.5581E-02	0.6424E-16
0.5794E-02	0.6424E-16
0.6015E-02	0.6424E-16
0.6244E-02	0.6424E-16
0.6481E-02	0.6424E-16
0.6728E-02	0.6424E-16
0.6985E-02	0.6424E-16
0.7251E-02	0.6424E-16
0.7527E-02	0.6424E-16
0.7813E-02	0.6424E-16
0.8111E-02	0.6424E-16
0.8420E-02	0.6424E-16
0.8741E-02	0.6424E-16
0.9073E-02	0.6424E-16
0.9419E-02	0.6424E-16
0.9778E-02	0.6424E-16
0.1015E-01	0.6424E-16
0.1054E-01	0.6424E-16
0.1094E-01	0.6424E-16
0.1135E-01	0.6424E-16
0.1179E-01	0.6424E-16
0.1224E-01	0.6424E-16
0.1270E-01	0.6424E-16
0.1319E-01	0.6424E-16
0.1369E-01	0.6424E-16
0.1421E-01	0.6424E-16
0.1475E-01	0.6424E-16
0.1531E-01	0.6424E-16
0.1590E-01	0.6424E-16
0.1650E-01	0.6424E-16
0.1713E-01	0.6424E-16
0.1778E-01	0.6424E-16
0.1846E-01	0.6424E-16
0.1916E-01	0.6424E-16
0.1989E-01	0.6424E-16
0.2065E-01	0.6424E-16
0.2144E-01	0.6424E-16
0.2225E-01	0.6424E-16
0.2310E-01	0.6424E-16
0.2398E-01	0.6424E-16
0.2489E-01	0.6424E-16
0.2584E-01	0.6424E-16
0.2682E-01	0.6424E-16
0.2785E-01	0.6424E-16
0.2891E-01	0.6424E-16
0.3001E-01	0.6424E-16
0.3115E-01	0.6424E-16
0.3234E-01	0.6425E-16
0.3357E-01	0.6425E-16
0.3485E-01	0.6425E-16
0.3617E-01	0.6425E-16
0.3755E-01	0.6425E-16
0.3898E-01	0.6425E-16
0.4047E-01	0.6425E-16
0.4201E-01	0.6425E-16
0.4361E-01	0.6425E-16
0.4527E-01	0.6425E-16
0.4699E-01	0.6425E-16
0.4878E-01	0.6425E-16
0.5064E-01	0.6425E-16
0.5257E-01	0.6425E-16
0.5457E-01	0.6425E-16
0.5665E-01	0.6425E-16
0.5881E-01	0.6425E-16
0.6105E-01	0.6425E-16
0.6337E-01	0.6425E-16
0.6579E-01	0.6425E-16
0.6829E-01	0.6425E-16
0.7089E-01	0.6425E-16
0.7359E-01	0.6425E-16
0.7640E-01	0.6425E-16
0.7931E-01	0.6425E-16
0.8233E-01	0.6425E-16
0.8546E-01	0.6425E-16
0.8872E-01	0.6425E-16
0.9210E-01	0.6425E-16
0.9560E-01	0.6425E-16
0.9924E-01	0.6425E-16
0.1030	0.6425E-16
0.1069	0.6426E-16
0.1110	0.6426E-16
0.1152	0.6426E-16
0.1196	0.6426E-16
0.1242	0.6426E-16
0.1289	0.6426E-16
0.1338	0.6426E-16
0.1389	0.6426E-16
0.1442	0.6426E-16
0.1497	0.6427E-16
0.1554	0.6427E-16
0.1613	0.6427E-16
0.1675	0.6427E-16
0.1739	0.6427E-16
0.1805	0.6428E-16
0.1874	0.6428E-16
0.1945	0.6428E-16
0.2019	0.6429E-16
0.2096	0.6429E-16
0.2176	0.6429E-16
0.2259	0.6430E-16
0.2345	0.6430E-16
0.2434	0.6430E-16
0.2527	0.6431E-16
0.2623	0.6431E-16
0.2723	0.6432E-16
0.2826	0.6433E-16
0.2934	0.6433E-16
0.3046	0.6434E-16
0.3162	0.6435E-16
0.3282	0.6436E-16
0.3407	0.6437E-16
0.3537	0.6438E-16
0.3672	0.6439E-16
0.3812	0.6440E-16
0.3957	0.6441E-16
0.4107	0.6443E-16
0.4264	0.6444E-16
0.4426	0.6446E-16
0.4595	0.6448E-16
0.4770	0.6450E-16
0.4952	0.6452E-16
0.5140	0.6455E-16
0.5336	0.6457E-16
0.5539	0.6460E-16
0.5750	0.6464E-16
0.5969	0.6467E-16
0.6196	0.6471E-16
0.6432	0.6475E-16
0.6677	0.6480E-16
0.6932	0.6485E-16
0.7196	0.6490E-16
0.7470	0.6496E-16
0.7754	0.6503E-16
0.8050	0.6510E-16
0.8356	0.6518E-16
0.8674	0.6526E-16
0.9005	0.6535E-16
0.9348	0.6545E-16
0.9704	0.6555E-16
1.007	0.6567E-16
1.046	0.6579E-16
1.086	0.6592E-16
1.127	0.6606E-16
1.170	0.6621E-16
1.214	0.6637E-16
1.261	0.6654E-16
1.309	0.6672E-16
1.358	0.6690E-16
1.410	0.6709E-16
1.464	0.6729E-16
1.520	0.6750E-16
1.578	0.6771E-16
1.638	0.6793E-16
1.700	0.6815E-16
1.765	0.6837E-16
1.832	0.6860E-16
1.902	0.6883E-16
1.974	0.6905E-16
2.049	0.6928E-16
2.127	0.6950E-16
2.208	0.6973E-16
2.293	0.6995E-16
2.380	0.7016E-16
2.470	0.7037E-16
2.565	0.7058E-16
2.662	0.7078E-16
2.764	0.7098E-16
2.869	0.7117E-16
2.978	0.7136E-16
3.092	0.7155E-16
3.209	0.7173E-16
3.332	0.7191E-16
3.458	0.7209E-16
3.590	0.7226E-16
3.727	0.7243E-16
3.869	0.7260E-16
4.016	0.7277E-16
4.169	0.7294E-16
4.328	0.7311E-16
4.493	0.7328E-16
4.664	0.7345E-16
4.841	0.7362E-16
5.026	0.7380E-16
5.217	0.7399E-16
5.416	0.7417E-16
5.622	0.7436E-16
5.836	0.7455E-16
6.059	0.7474E-16
6.289	0.7495E-16
6.529	0.7516E-16
6.778	0.7537E-16
7.036	0.7560E-16
7.304	0.7584E-16
7.582	0.7608E-16
7.871	0.7633E-16
8.170	0.7660E-16
8.482	0.7687E-16
8.805	0.7716E-16
9.140	0.7746E-16
9.488	0.7778E-16
9.849	0.7812E-16
10.22	0.7848E-16
10.61	0.7887E-16
11.02	0.7928E-16
11.44	0.7972E-16
11.87	0.8019E-16
12.33	0.8072E-16
12.80	0.8130E-16
13.28	0.8194E-16
13.79	0.8266E-16
14.31	0.8349E-16
14.86	0.8443E-16
15.42	0.8553E-16
16.01	0.8684E-16
16.62	0.8847E-16
17.25	0.9034E-16
17.91	0.9261E-16
18.59	0.9538E-16
19.30	0.9873E-16
20.04	0.1029E-15
20.80	0.1081E-15
21.59	0.1148E-15
22.42	0.1229E-15
23.27	0.1329E-15
24.16	0.1459E-15
25.08	0.1622E-15
26.03	0.1817E-15
27.02	0.2058E-15
28.05	0.2354E-15
29.12	0.2721E-15
30.23	0.3171E-15
31.38	0.3742E-15
32.57	0.4417E-15
33.82	0.5236E-15
35.10	0.6227E-15
36.44	0.7415E-15
37.83	0.8833E-15
39.27	0.1052E-14
40.76	0.1250E-14
42.32	0.1482E-14
43.93	0.1752E-14
45.60	0.2062E-14
47.34	0.2414E-14
49.14	0.2812E-14
51.01	0.3255E-14
52.96	0.3742E-14
54.97	0.4271E-14
57.07	0.4838E-14
59.24	0.5440E-14
61.50	0.6065E-14
63.84	0.6707E-14
66.27	0.7359E-14
68.79	0.8013E-14
71.41	0.8661E-14
74.13	0.9285E-14
76.96	0.9905E-14
79.89	0.1050E-13
82.93	0.1108E-13
86.09	0.1163E-13
89.37	0.1216E-13
92.77	0.1265E-13
96.31	0.1314E-13
99.97	0.1360E-13
103.8	0.1405E-13
107.7	0.1448E-13
111.8	0.1490E-13
116.1	0.1531E-13
120.5	0.1572E-13
125.1	0.1611E-13
129.9	0.1651E-13
134.8	0.1690E-13
140.0	0.1730E-13
145.3	0.1769E-13
150.8	0.1809E-13
156.6	0.1850E-13
162.5	0.1890E-13
168.7	0.1932E-13
175.1	0.1974E-13
181.8	0.2016E-13
188.7	0.2060E-13
195.9	0.2104E-13
203.4	0.2148E-13
211.1	0.2193E-13
219.2	0.2239E-13
227.5	0.2286E-13
236.2	0.2333E-13
245.2	0.2381E-13
254.5	0.2429E-13
264.2	0.2478E-13
274.3	0.2527E-13
284.7	0.2577E-13
295.6	0.2628E-13
306.8	0.2679E-13
318.5	0.2730E-13
330.6	0.2782E-13
343.2	0.2834E-13
356.3	0.2887E-13
369.9	0.2941E-13
384.0	0.2995E-13
398.6	0.3050E-13
413.8	0.3106E-13
429.5	0.3162E-13
445.9	0.3219E-13
462.9	0.3276E-13
480.5	0.3335E-13
498.8	0.3394E-13
517.8	0.3454E-13
537.5	0.3515E-13
558.0	0.3577E-13
579.2	0.3640E-13
601.3	0.3703E-13
624.2	0.3768E-13
648.0	0.3833E-13
672.6	0.3900E-13
698.3	0.3967E-13
724.9	0.4036E-13
752.5	0.4105E-13
781.1	0.4175E-13
810.9	0.4246E-13
841.8	0.4318E-13
873.8	0.4391E-13
907.1	0.4465E-13
941.6	0.4540E-13
977.5	0.4616E-13
1015.	0.4692E-13
1053.	0.4769E-13
1094.	0.4847E-13
1135.	0.4926E-13
1178.	0.5005E-13
1223.	0.5085E-13
1270.	0.5166E-13
1318.	0.5246E-13
1368.	0.5328E-13
1421.	0.5409E-13
1475.	0.5491E-13
1531.	0.5573E-13
1589.	0.5656E-13
1650.	0.5738E-13
1712.	0.5820E-13
1778.	0.5902E-13
1845.	0.5984E-13
1916.	0.6065E-13
1989.	0.6146E-13
2064.	0.6226E-13
2143.	0.6306E-13
2225.	0.6385E-13
2309.	0.6462E-13
2397.	0.6539E-13
2489.	0.6615E-13
2583.	0.6689E-13
2682.	0.6762E-13
2784.	0.6834E-13
2890.	0.6903E-13
3000.	0.6971E-13
 
 
C6    HCl    Ionization    12.50 eV                             
E/N (Td)	Inverse rate coefficient (m2)
0.1000E-02	0.000
0.1038E-02	0.000
0.1078E-02	0.000
0.1119E-02	0.000
0.1161E-02	0.000
0.1205E-02	0.000
0.1251E-02	0.000
0.1299E-02	0.000
0.1349E-02	0.000
0.1400E-02	0.000
0.1453E-02	0.000
0.1509E-02	0.000
0.1566E-02	0.000
0.1626E-02	0.000
0.1688E-02	0.000
0.1752E-02	0.000
0.1819E-02	0.000
0.1888E-02	0.000
0.1960E-02	0.000
0.2034E-02	0.000
0.2112E-02	0.000
0.2192E-02	0.000
0.2276E-02	0.000
0.2362E-02	0.000
0.2452E-02	0.000
0.2546E-02	0.000
0.2643E-02	0.000
0.2743E-02	0.000
0.2848E-02	0.000
0.2956E-02	0.000
0.3069E-02	0.000
0.3186E-02	0.000
0.3307E-02	0.000
0.3433E-02	0.000
0.3564E-02	0.000
0.3700E-02	0.000
0.3841E-02	0.000
0.3987E-02	0.000
0.4139E-02	0.000
0.4296E-02	0.000
0.4460E-02	0.000
0.4630E-02	0.000
0.4806E-02	0.000
0.4989E-02	0.000
0.5179E-02	0.000
0.5377E-02	0.000
0.5581E-02	0.000
0.5794E-02	0.000
0.6015E-02	0.000
0.6244E-02	0.000
0.6481E-02	0.000
0.6728E-02	0.000
0.6985E-02	0.000
0.7251E-02	0.000
0.7527E-02	0.000
0.7813E-02	0.000
0.8111E-02	0.000
0.8420E-02	0.000
0.8741E-02	0.000
0.9073E-02	0.000
0.9419E-02	0.000
0.9778E-02	0.000
0.1015E-01	0.000
0.1054E-01	0.000
0.1094E-01	0.000
0.1135E-01	0.000
0.1179E-01	0.000
0.1224E-01	0.000
0.1270E-01	0.000
0.1319E-01	0.000
0.1369E-01	0.000
0.1421E-01	0.000
0.1475E-01	0.000
0.1531E-01	0.000
0.1590E-01	0.000
0.1650E-01	0.000
0.1713E-01	0.000
0.1778E-01	0.000
0.1846E-01	0.000
0.1916E-01	0.000
0.1989E-01	0.000
0.2065E-01	0.000
0.2144E-01	0.000
0.2225E-01	0.000
0.2310E-01	0.000
0.2398E-01	0.000
0.2489E-01	0.000
0.2584E-01	0.000
0.2682E-01	0.000
0.2785E-01	0.000
0.2891E-01	0.000
0.3001E-01	0.000
0.3115E-01	0.000
0.3234E-01	0.000
0.3357E-01	0.000
0.3485E-01	0.000
0.3617E-01	0.000
0.3755E-01	0.000
0.3898E-01	0.000
0.4047E-01	0.000
0.4201E-01	0.000
0.4361E-01	0.000
0.4527E-01	0.000
0.4699E-01	0.000
0.4878E-01	0.000
0.5064E-01	0.000
0.5257E-01	0.000
0.5457E-01	0.000
0.5665E-01	0.000
0.5881E-01	0.000
0.6105E-01	0.000
0.6337E-01	0.000
0.6579E-01	0.000
0.6829E-01	0.000
0.7089E-01	0.000
0.7359E-01	0.000
0.7640E-01	0.000
0.7931E-01	0.000
0.8233E-01	0.000
0.8546E-01	0.000
0.8872E-01	0.000
0.9210E-01	0.000
0.9560E-01	0.000
0.9924E-01	0.000
0.1030	0.000
0.1069	0.000
0.1110	0.000
0.1152	0.000
0.1196	0.000
0.1242	0.000
0.1289	0.000
0.1338	0.000
0.1389	0.000
0.1442	0.000
0.1497	0.000
0.1554	0.000
0.1613	0.000
0.1675	0.000
0.1739	0.000
0.1805	0.000
0.1874	0.000
0.1945	0.000
0.2019	0.000
0.2096	0.000
0.2176	0.000
0.2259	0.000
0.2345	0.000
0.2434	0.000
0.2527	0.000
0.2623	0.000
0.2723	0.000
0.2826	0.000
0.2934	0.000
0.3046	0.000
0.3162	0.000
0.3282	0.000
0.3407	0.000
0.3537	0.000
0.3672	0.000
0.3812	0.000
0.3957	0.000
0.4107	0.000
0.4264	0.000
0.4426	0.000
0.4595	0.000
0.4770	0.000
0.4952	0.000
0.5140	0.000
0.5336	0.000
0.5539	0.000
0.5750	0.000
0.5969	0.000
0.6196	0.000
0.6432	0.000
0.6677	0.000
0.6932	0.000
0.7196	0.000
0.7470	0.000
0.7754	0.000
0.8050	0.000
0.8356	0.000
0.8674	0.000
0.9005	0.000
0.9348	0.000
0.9704	0.000
1.007	0.000
1.046	0.000
1.086	0.000
1.127	0.000
1.170	0.000
1.214	0.000
1.261	0.000
1.309	0.000
1.358	0.000
1.410	0.000
1.464	0.000
1.520	0.000
1.578	0.000
1.638	0.000
1.700	0.000
1.765	0.000
1.832	0.000
1.902	0.000
1.974	0.000
2.049	0.000
2.127	0.000
2.208	0.000
2.293	0.000
2.380	0.000
2.470	0.000
2.565	0.000
2.662	0.000
2.764	0.000
2.869	0.000
2.978	0.000
3.092	0.000
3.209	0.000
3.332	0.000
3.458	0.000
3.590	0.000
3.727	0.000
3.869	0.000
4.016	0.000
4.169	0.000
4.328	0.000
4.493	0.000
4.664	0.000
4.841	0.000
5.026	0.000
5.217	0.000
5.416	0.000
5.622	0.000
5.836	0.000
6.059	0.000
6.289	0.000
6.529	0.000
6.778	0.000
7.036	0.000
7.304	0.000
7.582	0.000
7.871	0.000
8.170	0.000
8.482	0.000
8.805	0.000
9.140	0.000
9.488	0.000
9.849	0.000
10.22	0.000
10.61	0.000
11.02	0.000
11.44	0.000
11.87	0.000
12.33	0.000
12.80	0.000
13.28	0.000
13.79	0.000
14.31	0.000
14.86	0.000
15.42	0.000
16.01	0.000
16.62	0.000
17.25	0.000
17.91	0.000
18.59	0.000
19.30	0.000
20.04	0.000
20.80	0.000
21.59	0.000
22.42	0.000
23.27	0.000
24.16	0.000
25.08	0.000
26.03	0.000
27.02	0.000
28.05	0.000
29.12	0.000
30.23	0.000
31.38	0.000
32.57	0.000
33.82	0.000
35.10	0.000
36.44	0.000
37.83	0.000
39.27	0.000
40.76	0.000
42.32	0.000
43.93	0.000
45.60	0.000
47.34	0.000
49.14	0.000
51.01	0.000
52.96	0.000
54.97	0.000
57.07	0.000
59.24	0.000
61.50	0.000
63.84	0.000
66.27	0.000
68.79	0.000
71.41	0.000
74.13	0.000
76.96	0.000
79.89	0.000
82.93	0.000
86.09	0.000
89.37	0.000
92.77	0.000
96.31	0.000
99.97	0.000
103.8	0.000
107.7	0.000
111.8	0.000
116.1	0.000
120.5	0.000
125.1	0.000
129.9	0.000
134.8	0.000
140.0	0.000
145.3	0.000
150.8	0.000
156.6	0.000
162.5	0.000
168.7	0.000
175.1	0.000
181.8	0.000
188.7	0.000
195.9	0.000
203.4	0.000
211.1	0.000
219.2	0.000
227.5	0.000
236.2	0.000
245.2	0.000
254.5	0.000
264.2	0.000
274.3	0.000
284.7	0.000
295.6	0.000
306.8	0.000
318.5	0.000
330.6	0.000
343.2	0.000
356.3	0.000
369.9	0.000
384.0	0.000
398.6	0.000
413.8	0.000
429.5	0.000
445.9	0.000
462.9	0.000
480.5	0.000
498.8	0.000
517.8	0.000
537.5	0.000
558.0	0.000
579.2	0.000
601.3	0.000
624.2	0.000
648.0	0.000
672.6	0.000
698.3	0.000
724.9	0.000
752.5	0.000
781.1	0.000
810.9	0.000
841.8	0.000
873.8	0.000
907.1	0.000
941.6	0.000
977.5	0.000
1015.	0.000
1053.	0.000
1094.	0.000
1135.	0.000
1178.	0.000
1223.	0.000
1270.	0.000
1318.	0.000
1368.	0.000
1421.	0.000
1475.	0.000
1531.	0.000
1589.	0.000
1650.	0.000
1712.	0.000
1778.	0.000
1845.	0.000
1916.	0.000
1989.	0.000
2064.	0.000
2143.	0.000
2225.	0.000
2309.	0.000
2397.	0.000
2489.	0.000
2583.	0.000
2682.	0.000
2784.	0.000
2890.	0.000
3000.	0.000
 
 
C1    HCl    Attachment                                         
E/N (Td)	Energy loss coefficient (eV m3/s)
0.1000E-02	0.4055E-25
0.1038E-02	0.4058E-25
0.1078E-02	0.4058E-25
0.1119E-02	0.4058E-25
0.1161E-02	0.4058E-25
0.1205E-02	0.4058E-25
0.1251E-02	0.4058E-25
0.1299E-02	0.4058E-25
0.1349E-02	0.4058E-25
0.1400E-02	0.4058E-25
0.1453E-02	0.4058E-25
0.1509E-02	0.4058E-25
0.1566E-02	0.4058E-25
0.1626E-02	0.4058E-25
0.1688E-02	0.4058E-25
0.1752E-02	0.4058E-25
0.1819E-02	0.4059E-25
0.1888E-02	0.4059E-25
0.1960E-02	0.4059E-25
0.2034E-02	0.4059E-25
0.2112E-02	0.4059E-25
0.2192E-02	0.4059E-25
0.2276E-02	0.4059E-25
0.2362E-02	0.4059E-25
0.2452E-02	0.4059E-25
0.2546E-02	0.4059E-25
0.2643E-02	0.4059E-25
0.2743E-02	0.4059E-25
0.2848E-02	0.4059E-25
0.2956E-02	0.4059E-25
0.3069E-02	0.4059E-25
0.3186E-02	0.4059E-25
0.3307E-02	0.4059E-25
0.3433E-02	0.4059E-25
0.3564E-02	0.4059E-25
0.3700E-02	0.4059E-25
0.3841E-02	0.4059E-25
0.3987E-02	0.4059E-25
0.4139E-02	0.4059E-25
0.4296E-02	0.4059E-25
0.4460E-02	0.4059E-25
0.4630E-02	0.4059E-25
0.4806E-02	0.4059E-25
0.4989E-02	0.4059E-25
0.5179E-02	0.4059E-25
0.5377E-02	0.4059E-25
0.5581E-02	0.4059E-25
0.5794E-02	0.4059E-25
0.6015E-02	0.4059E-25
0.6244E-02	0.4059E-25
0.6481E-02	0.4059E-25
0.6728E-02	0.4059E-25
0.6985E-02	0.4059E-25
0.7251E-02	0.4059E-25
0.7527E-02	0.4059E-25
0.7813E-02	0.4060E-25
0.8111E-02	0.4060E-25
0.8420E-02	0.4060E-25
0.8741E-02	0.4060E-25
0.9073E-02	0.4060E-25
0.9419E-02	0.4060E-25
0.9778E-02	0.4060E-25
0.1015E-01	0.4060E-25
0.1054E-01	0.4060E-25
0.1094E-01	0.4061E-25
0.1135E-01	0.4061E-25
0.1179E-01	0.4061E-25
0.1224E-01	0.4061E-25
0.1270E-01	0.4061E-25
0.1319E-01	0.4062E-25
0.1369E-01	0.4062E-25
0.1421E-01	0.4062E-25
0.1475E-01	0.4062E-25
0.1531E-01	0.4063E-25
0.1590E-01	0.4063E-25
0.1650E-01	0.4063E-25
0.1713E-01	0.4064E-25
0.1778E-01	0.4064E-25
0.1846E-01	0.4065E-25
0.1916E-01	0.4065E-25
0.1989E-01	0.4066E-25
0.2065E-01	0.4066E-25
0.2144E-01	0.4067E-25
0.2225E-01	0.4067E-25
0.2310E-01	0.4068E-25
0.2398E-01	0.4069E-25
0.2489E-01	0.4070E-25
0.2584E-01	0.4070E-25
0.2682E-01	0.4071E-25
0.2785E-01	0.4072E-25
0.2891E-01	0.4073E-25
0.3001E-01	0.4075E-25
0.3115E-01	0.4076E-25
0.3234E-01	0.4077E-25
0.3357E-01	0.4079E-25
0.3485E-01	0.4080E-25
0.3617E-01	0.4082E-25
0.3755E-01	0.4084E-25
0.3898E-01	0.4086E-25
0.4047E-01	0.4088E-25
0.4201E-01	0.4090E-25
0.4361E-01	0.4092E-25
0.4527E-01	0.4095E-25
0.4699E-01	0.4098E-25
0.4878E-01	0.4101E-25
0.5064E-01	0.4104E-25
0.5257E-01	0.4108E-25
0.5457E-01	0.4112E-25
0.5665E-01	0.4116E-25
0.5881E-01	0.4121E-25
0.6105E-01	0.4125E-25
0.6337E-01	0.4131E-25
0.6579E-01	0.4136E-25
0.6829E-01	0.4142E-25
0.7089E-01	0.4149E-25
0.7359E-01	0.4156E-25
0.7640E-01	0.4164E-25
0.7931E-01	0.4172E-25
0.8233E-01	0.4181E-25
0.8546E-01	0.4190E-25
0.8872E-01	0.4201E-25
0.9210E-01	0.4212E-25
0.9560E-01	0.4224E-25
0.9924E-01	0.4237E-25
0.1030	0.4251E-25
0.1069	0.4266E-25
0.1110	0.4283E-25
0.1152	0.4301E-25
0.1196	0.4320E-25
0.1242	0.4341E-25
0.1289	0.4363E-25
0.1338	0.4388E-25
0.1389	0.4414E-25
0.1442	0.4443E-25
0.1497	0.4474E-25
0.1554	0.4507E-25
0.1613	0.4543E-25
0.1675	0.4583E-25
0.1739	0.4625E-25
0.1805	0.4672E-25
0.1874	0.4722E-25
0.1945	0.4777E-25
0.2019	0.4836E-25
0.2096	0.4901E-25
0.2176	0.4971E-25
0.2259	0.5047E-25
0.2345	0.5130E-25
0.2434	0.5221E-25
0.2527	0.5320E-25
0.2623	0.5428E-25
0.2723	0.5546E-25
0.2826	0.5674E-25
0.2934	0.5815E-25
0.3046	0.5970E-25
0.3162	0.6139E-25
0.3282	0.6324E-25
0.3407	0.6528E-25
0.3537	0.6751E-25
0.3672	0.6997E-25
0.3812	0.7267E-25
0.3957	0.7565E-25
0.4107	0.7893E-25
0.4264	0.8256E-25
0.4426	0.8655E-25
0.4595	0.9097E-25
0.4770	0.9586E-25
0.4952	0.1013E-24
0.5140	0.1073E-24
0.5336	0.1139E-24
0.5539	0.1212E-24
0.5750	0.1294E-24
0.5969	0.1384E-24
0.6196	0.1485E-24
0.6432	0.1596E-24
0.6677	0.1719E-24
0.6932	0.1856E-24
0.7196	0.2008E-24
0.7470	0.2176E-24
0.7754	0.2362E-24
0.8050	0.2568E-24
0.8356	0.2795E-24
0.8674	0.3046E-24
0.9005	0.3323E-24
0.9348	0.3627E-24
0.9704	0.3960E-24
1.007	0.4326E-24
1.046	0.4724E-24
1.086	0.5159E-24
1.127	0.5631E-24
1.170	0.6142E-24
1.214	0.6694E-24
1.261	0.7288E-24
1.309	0.7924E-24
1.358	0.8604E-24
1.410	0.9327E-24
1.464	0.1009E-23
1.520	0.1090E-23
1.578	0.1176E-23
1.638	0.1265E-23
1.700	0.1359E-23
1.765	0.1456E-23
1.832	0.1557E-23
1.902	0.1662E-23
1.974	0.1770E-23
2.049	0.1881E-23
2.127	0.2010E-23
2.208	0.2131E-23
2.293	0.2257E-23
2.380	0.2386E-23
2.470	0.2520E-23
2.565	0.2658E-23
2.662	0.2801E-23
2.764	0.2950E-23
2.869	0.3105E-23
2.978	0.3267E-23
3.092	0.3436E-23
3.209	0.3614E-23
3.332	0.3801E-23
3.458	0.3998E-23
3.590	0.4207E-23
3.727	0.4430E-23
3.869	0.4668E-23
4.016	0.4923E-23
4.169	0.5198E-23
4.328	0.5496E-23
4.493	0.5821E-23
4.664	0.6179E-23
4.841	0.6577E-23
5.026	0.7026E-23
5.217	0.7551E-23
5.416	0.8165E-23
5.622	0.8911E-23
5.836	0.9850E-23
6.059	0.1108E-22
6.289	0.1274E-22
6.529	0.1508E-22
6.778	0.1844E-22
7.036	0.2340E-22
7.304	0.3093E-22
7.582	0.4215E-22
7.871	0.5911E-22
8.170	0.8476E-22
8.482	0.1240E-21
8.805	0.1823E-21
9.140	0.2692E-21
9.488	0.3993E-21
9.849	0.5889E-21
10.22	0.8650E-21
10.61	0.1271E-20
11.02	0.1844E-20
11.44	0.2659E-20
11.87	0.3807E-20
12.33	0.5449E-20
12.80	0.7682E-20
13.28	0.1075E-19
13.79	0.1494E-19
14.31	0.2073E-19
14.86	0.2837E-19
15.42	0.3857E-19
16.01	0.5208E-19
16.62	0.7040E-19
17.25	0.9376E-19
17.91	0.1241E-18
18.59	0.1632E-18
19.30	0.2136E-18
20.04	0.2775E-18
20.80	0.3586E-18
21.59	0.4634E-18
22.42	0.5918E-18
23.27	0.7516E-18
24.16	0.9561E-18
25.08	0.1215E-17
26.03	0.1517E-17
27.02	0.1884E-17
28.05	0.2326E-17
29.12	0.2860E-17
30.23	0.3497E-17
31.38	0.4289E-17
32.57	0.5188E-17
33.82	0.6241E-17
35.10	0.7471E-17
36.44	0.8889E-17
37.83	0.1052E-16
39.27	0.1237E-16
40.76	0.1446E-16
42.32	0.1680E-16
43.93	0.1939E-16
45.60	0.2223E-16
47.34	0.2530E-16
49.14	0.2861E-16
51.01	0.3211E-16
52.96	0.3577E-16
54.97	0.3956E-16
57.07	0.4344E-16
59.24	0.4740E-16
61.50	0.5133E-16
63.84	0.5524E-16
66.27	0.5909E-16
68.79	0.6288E-16
71.41	0.6658E-16
74.13	0.7012E-16
76.96	0.7368E-16
79.89	0.7719E-16
82.93	0.8066E-16
86.09	0.8411E-16
89.37	0.8756E-16
92.77	0.9095E-16
96.31	0.9447E-16
99.97	0.9803E-16
103.8	0.1016E-15
107.7	0.1053E-15
111.8	0.1091E-15
116.1	0.1128E-15
120.5	0.1167E-15
125.1	0.1206E-15
129.9	0.1245E-15
134.8	0.1285E-15
140.0	0.1324E-15
145.3	0.1364E-15
150.8	0.1403E-15
156.6	0.1442E-15
162.5	0.1480E-15
168.7	0.1517E-15
175.1	0.1553E-15
181.8	0.1587E-15
188.7	0.1621E-15
195.9	0.1653E-15
203.4	0.1683E-15
211.1	0.1711E-15
219.2	0.1737E-15
227.5	0.1762E-15
236.2	0.1784E-15
245.2	0.1804E-15
254.5	0.1823E-15
264.2	0.1839E-15
274.3	0.1853E-15
284.7	0.1866E-15
295.6	0.1877E-15
306.8	0.1885E-15
318.5	0.1893E-15
330.6	0.1898E-15
343.2	0.1902E-15
356.3	0.1905E-15
369.9	0.1906E-15
384.0	0.1906E-15
398.6	0.1905E-15
413.8	0.1903E-15
429.5	0.1899E-15
445.9	0.1895E-15
462.9	0.1889E-15
480.5	0.1883E-15
498.8	0.1876E-15
517.8	0.1867E-15
537.5	0.1858E-15
558.0	0.1849E-15
579.2	0.1838E-15
601.3	0.1827E-15
624.2	0.1815E-15
648.0	0.1802E-15
672.6	0.1789E-15
698.3	0.1775E-15
724.9	0.1760E-15
752.5	0.1745E-15
781.1	0.1729E-15
810.9	0.1713E-15
841.8	0.1696E-15
873.8	0.1679E-15
907.1	0.1662E-15
941.6	0.1644E-15
977.5	0.1626E-15
1015.	0.1608E-15
1053.	0.1589E-15
1094.	0.1570E-15
1135.	0.1551E-15
1178.	0.1532E-15
1223.	0.1513E-15
1270.	0.1495E-15
1318.	0.1476E-15
1368.	0.1457E-15
1421.	0.1438E-15
1475.	0.1420E-15
1531.	0.1402E-15
1589.	0.1384E-15
1650.	0.1367E-15
1712.	0.1350E-15
1778.	0.1333E-15
1845.	0.1317E-15
1916.	0.1301E-15
1989.	0.1286E-15
2064.	0.1271E-15
2143.	0.1257E-15
2225.	0.1244E-15
2309.	0.1231E-15
2397.	0.1220E-15
2489.	0.1208E-15
2583.	0.1198E-15
2682.	0.1189E-15
2784.	0.1180E-15
2890.	0.1172E-15
3000.	0.1165E-15
 
 
C2    HCl    Elastic                                            
E/N (Td)	Energy loss coefficient (eV m3/s)
0.1000E-02	0.2949E-24
0.1038E-02	0.1909E-24
0.1078E-02	0.2068E-24
0.1119E-02	0.2240E-24
0.1161E-02	0.2425E-24
0.1205E-02	0.2624E-24
0.1251E-02	0.2839E-24
0.1299E-02	0.3070E-24
0.1349E-02	0.3320E-24
0.1400E-02	0.3588E-24
0.1453E-02	0.3878E-24
0.1509E-02	0.4190E-24
0.1566E-02	0.4526E-24
0.1626E-02	0.4889E-24
0.1688E-02	0.5280E-24
0.1752E-02	0.5700E-24
0.1819E-02	0.6154E-24
0.1888E-02	0.6643E-24
0.1960E-02	0.7170E-24
0.2034E-02	0.7737E-24
0.2112E-02	0.8349E-24
0.2192E-02	0.9008E-24
0.2276E-02	0.9719E-24
0.2362E-02	0.1048E-23
0.2452E-02	0.1131E-23
0.2546E-02	0.1220E-23
0.2643E-02	0.1316E-23
0.2743E-02	0.1419E-23
0.2848E-02	0.1530E-23
0.2956E-02	0.1650E-23
0.3069E-02	0.1779E-23
0.3186E-02	0.1918E-23
0.3307E-02	0.2068E-23
0.3433E-02	0.2230E-23
0.3564E-02	0.2404E-23
0.3700E-02	0.2592E-23
0.3841E-02	0.2794E-23
0.3987E-02	0.3012E-23
0.4139E-02	0.3247E-23
0.4296E-02	0.3500E-23
0.4460E-02	0.3773E-23
0.4630E-02	0.4067E-23
0.4806E-02	0.4384E-23
0.4989E-02	0.4725E-23
0.5179E-02	0.5093E-23
0.5377E-02	0.5490E-23
0.5581E-02	0.5917E-23
0.5794E-02	0.6378E-23
0.6015E-02	0.6874E-23
0.6244E-02	0.7408E-23
0.6481E-02	0.7985E-23
0.6728E-02	0.8605E-23
0.6985E-02	0.9275E-23
0.7251E-02	0.9996E-23
0.7527E-02	0.1077E-22
0.7813E-02	0.1161E-22
0.8111E-02	0.1251E-22
0.8420E-02	0.1348E-22
0.8741E-02	0.1453E-22
0.9073E-02	0.1566E-22
0.9419E-02	0.1688E-22
0.9778E-02	0.1819E-22
0.1015E-01	0.1960E-22
0.1054E-01	0.2113E-22
0.1094E-01	0.2277E-22
0.1135E-01	0.2453E-22
0.1179E-01	0.2644E-22
0.1224E-01	0.2849E-22
0.1270E-01	0.3071E-22
0.1319E-01	0.3309E-22
0.1369E-01	0.3566E-22
0.1421E-01	0.3843E-22
0.1475E-01	0.4141E-22
0.1531E-01	0.4463E-22
0.1590E-01	0.4810E-22
0.1650E-01	0.5183E-22
0.1713E-01	0.5585E-22
0.1778E-01	0.6019E-22
0.1846E-01	0.6487E-22
0.1916E-01	0.6990E-22
0.1989E-01	0.7533E-22
0.2065E-01	0.8118E-22
0.2144E-01	0.8748E-22
0.2225E-01	0.9427E-22
0.2310E-01	0.1016E-21
0.2398E-01	0.1095E-21
0.2489E-01	0.1180E-21
0.2584E-01	0.1271E-21
0.2682E-01	0.1370E-21
0.2785E-01	0.1476E-21
0.2891E-01	0.1591E-21
0.3001E-01	0.1715E-21
0.3115E-01	0.1848E-21
0.3234E-01	0.1991E-21
0.3357E-01	0.2146E-21
0.3485E-01	0.2312E-21
0.3617E-01	0.2492E-21
0.3755E-01	0.2685E-21
0.3898E-01	0.2894E-21
0.4047E-01	0.3118E-21
0.4201E-01	0.3360E-21
0.4361E-01	0.3621E-21
0.4527E-01	0.3902E-21
0.4699E-01	0.4205E-21
0.4878E-01	0.4532E-21
0.5064E-01	0.4884E-21
0.5257E-01	0.5263E-21
0.5457E-01	0.5672E-21
0.5665E-01	0.6112E-21
0.5881E-01	0.6586E-21
0.6105E-01	0.7098E-21
0.6337E-01	0.7649E-21
0.6579E-01	0.8243E-21
0.6829E-01	0.8883E-21
0.7089E-01	0.9573E-21
0.7359E-01	0.1032E-20
0.7640E-01	0.1112E-20
0.7931E-01	0.1198E-20
0.8233E-01	0.1291E-20
0.8546E-01	0.1391E-20
0.8872E-01	0.1499E-20
0.9210E-01	0.1616E-20
0.9560E-01	0.1741E-20
0.9924E-01	0.1877E-20
0.1030	0.2022E-20
0.1069	0.2179E-20
0.1110	0.2349E-20
0.1152	0.2531E-20
0.1196	0.2728E-20
0.1242	0.2940E-20
0.1289	0.3168E-20
0.1338	0.3414E-20
0.1389	0.3679E-20
0.1442	0.3965E-20
0.1497	0.4274E-20
0.1554	0.4606E-20
0.1613	0.4964E-20
0.1675	0.5350E-20
0.1739	0.5766E-20
0.1805	0.6214E-20
0.1874	0.6697E-20
0.1945	0.7218E-20
0.2019	0.7779E-20
0.2096	0.8384E-20
0.2176	0.9037E-20
0.2259	0.9740E-20
0.2345	0.1050E-19
0.2434	0.1131E-19
0.2527	0.1220E-19
0.2623	0.1314E-19
0.2723	0.1417E-19
0.2826	0.1527E-19
0.2934	0.1646E-19
0.3046	0.1774E-19
0.3162	0.1912E-19
0.3282	0.2061E-19
0.3407	0.2222E-19
0.3537	0.2395E-19
0.3672	0.2581E-19
0.3812	0.2782E-19
0.3957	0.2999E-19
0.4107	0.3233E-19
0.4264	0.3484E-19
0.4426	0.3755E-19
0.4595	0.4047E-19
0.4770	0.4361E-19
0.4952	0.4700E-19
0.5140	0.5064E-19
0.5336	0.5456E-19
0.5539	0.5877E-19
0.5750	0.6331E-19
0.5969	0.6818E-19
0.6196	0.7341E-19
0.6432	0.7903E-19
0.6677	0.8505E-19
0.6932	0.9150E-19
0.7196	0.9841E-19
0.7470	0.1058E-18
0.7754	0.1137E-18
0.8050	0.1221E-18
0.8356	0.1311E-18
0.8674	0.1406E-18
0.9005	0.1507E-18
0.9348	0.1614E-18
0.9704	0.1728E-18
1.007	0.1847E-18
1.046	0.1972E-18
1.086	0.2104E-18
1.127	0.2241E-18
1.170	0.2384E-18
1.214	0.2533E-18
1.261	0.2687E-18
1.309	0.2845E-18
1.358	0.3008E-18
1.410	0.3174E-18
1.464	0.3344E-18
1.520	0.3516E-18
1.578	0.3689E-18
1.638	0.3864E-18
1.700	0.4040E-18
1.765	0.4215E-18
1.832	0.4389E-18
1.902	0.4562E-18
1.974	0.4734E-18
2.049	0.4903E-18
2.127	0.5072E-18
2.208	0.5236E-18
2.293	0.5397E-18
2.380	0.5555E-18
2.470	0.5710E-18
2.565	0.5862E-18
2.662	0.6011E-18
2.764	0.6158E-18
2.869	0.6302E-18
2.978	0.6443E-18
3.092	0.6582E-18
3.209	0.6720E-18
3.332	0.6855E-18
3.458	0.6989E-18
3.590	0.7121E-18
3.727	0.7252E-18
3.869	0.7382E-18
4.016	0.7510E-18
4.169	0.7638E-18
4.328	0.7765E-18
4.493	0.7891E-18
4.664	0.8016E-18
4.841	0.8140E-18
5.026	0.8263E-18
5.217	0.8384E-18
5.416	0.8506E-18
5.622	0.8627E-18
5.836	0.8747E-18
6.059	0.8866E-18
6.289	0.8985E-18
6.529	0.9102E-18
6.778	0.9219E-18
7.036	0.9335E-18
7.304	0.9451E-18
7.582	0.9565E-18
7.871	0.9678E-18
8.170	0.9790E-18
8.482	0.9910E-18
8.805	0.1002E-17
9.140	0.1013E-17
9.488	0.1022E-17
9.849	0.1033E-17
10.22	0.1044E-17
10.61	0.1053E-17
11.02	0.1064E-17
11.44	0.1075E-17
11.87	0.1085E-17
12.33	0.1096E-17
12.80	0.1107E-17
13.28	0.1117E-17
13.79	0.1127E-17
14.31	0.1137E-17
14.86	0.1147E-17
15.42	0.1157E-17
16.01	0.1167E-17
16.62	0.1179E-17
17.25	0.1188E-17
17.91	0.1198E-17
18.59	0.1207E-17
19.30	0.1213E-17
20.04	0.1222E-17
20.80	0.1232E-17
21.59	0.1238E-17
22.42	0.1248E-17
23.27	0.1258E-17
24.16	0.1264E-17
25.08	0.1270E-17
26.03	0.1281E-17
27.02	0.1291E-17
28.05	0.1296E-17
29.12	0.1308E-17
30.23	0.1321E-17
31.38	0.1339E-17
32.57	0.1355E-17
33.82	0.1373E-17
35.10	0.1396E-17
36.44	0.1423E-17
37.83	0.1455E-17
39.27	0.1496E-17
40.76	0.1548E-17
42.32	0.1613E-17
43.93	0.1695E-17
45.60	0.1799E-17
47.34	0.1929E-17
49.14	0.2093E-17
51.01	0.2294E-17
52.96	0.2539E-17
54.97	0.2835E-17
57.07	0.3187E-17
59.24	0.3600E-17
61.50	0.4074E-17
63.84	0.4611E-17
66.27	0.5212E-17
68.79	0.5874E-17
71.41	0.6593E-17
74.13	0.7358E-17
76.96	0.8178E-17
79.89	0.9040E-17
82.93	0.9940E-17
86.09	0.1087E-16
89.37	0.1183E-16
92.77	0.1281E-16
96.31	0.1381E-16
99.97	0.1484E-16
103.8	0.1588E-16
107.7	0.1694E-16
111.8	0.1801E-16
116.1	0.1910E-16
120.5	0.2020E-16
125.1	0.2132E-16
129.9	0.2245E-16
134.8	0.2360E-16
140.0	0.2476E-16
145.3	0.2593E-16
150.8	0.2712E-16
156.6	0.2832E-16
162.5	0.2953E-16
168.7	0.3076E-16
175.1	0.3199E-16
181.8	0.3324E-16
188.7	0.3450E-16
195.9	0.3577E-16
203.4	0.3704E-16
211.1	0.3832E-16
219.2	0.3960E-16
227.5	0.4089E-16
236.2	0.4219E-16
245.2	0.4349E-16
254.5	0.4479E-16
264.2	0.4609E-16
274.3	0.4739E-16
284.7	0.4870E-16
295.6	0.5001E-16
306.8	0.5133E-16
318.5	0.5264E-16
330.6	0.5396E-16
343.2	0.5528E-16
356.3	0.5661E-16
369.9	0.5795E-16
384.0	0.5930E-16
398.6	0.6065E-16
413.8	0.6201E-16
429.5	0.6339E-16
445.9	0.6477E-16
462.9	0.6617E-16
480.5	0.6759E-16
498.8	0.6902E-16
517.8	0.7047E-16
537.5	0.7194E-16
558.0	0.7343E-16
579.2	0.7494E-16
601.3	0.7647E-16
624.2	0.7802E-16
648.0	0.7960E-16
672.6	0.8120E-16
698.3	0.8283E-16
724.9	0.8449E-16
752.5	0.8617E-16
781.1	0.8789E-16
810.9	0.8963E-16
841.8	0.9140E-16
873.8	0.9321E-16
907.1	0.9505E-16
941.6	0.9692E-16
977.5	0.9884E-16
1015.	0.1008E-15
1053.	0.1028E-15
1094.	0.1048E-15
1135.	0.1068E-15
1178.	0.1089E-15
1223.	0.1111E-15
1270.	0.1133E-15
1318.	0.1155E-15
1368.	0.1177E-15
1421.	0.1200E-15
1475.	0.1224E-15
1531.	0.1248E-15
1589.	0.1272E-15
1650.	0.1297E-15
1712.	0.1323E-15
1778.	0.1349E-15
1845.	0.1375E-15
1916.	0.1402E-15
1989.	0.1429E-15
2064.	0.1457E-15
2143.	0.1486E-15
2225.	0.1515E-15
2309.	0.1545E-15
2397.	0.1575E-15
2489.	0.1606E-15
2583.	0.1638E-15
2682.	0.1670E-15
2784.	0.1703E-15
2890.	0.1737E-15
3000.	0.1771E-15
 
 
C3    HCl    Excitation    0.35 eV                              
E/N (Td)	Energy loss coefficient (eV m3/s)
0.1000E-02	-0.1408E-24
0.1038E-02	-0.3826E-25
0.1078E-02	-0.3812E-25
0.1119E-02	-0.3797E-25
0.1161E-02	-0.3780E-25
0.1205E-02	-0.3762E-25
0.1251E-02	-0.3743E-25
0.1299E-02	-0.3723E-25
0.1349E-02	-0.3701E-25
0.1400E-02	-0.3677E-25
0.1453E-02	-0.3651E-25
0.1509E-02	-0.3623E-25
0.1566E-02	-0.3593E-25
0.1626E-02	-0.3561E-25
0.1688E-02	-0.3527E-25
0.1752E-02	-0.3489E-25
0.1819E-02	-0.3449E-25
0.1888E-02	-0.3405E-25
0.1960E-02	-0.3359E-25
0.2034E-02	-0.3308E-25
0.2112E-02	-0.3254E-25
0.2192E-02	-0.3195E-25
0.2276E-02	-0.3132E-25
0.2362E-02	-0.3064E-25
0.2452E-02	-0.2991E-25
0.2546E-02	-0.2912E-25
0.2643E-02	-0.2827E-25
0.2743E-02	-0.2735E-25
0.2848E-02	-0.2636E-25
0.2956E-02	-0.2530E-25
0.3069E-02	-0.2415E-25
0.3186E-02	-0.2291E-25
0.3307E-02	-0.2158E-25
0.3433E-02	-0.2014E-25
0.3564E-02	-0.1859E-25
0.3700E-02	-0.1692E-25
0.3841E-02	-0.1513E-25
0.3987E-02	-0.1319E-25
0.4139E-02	-0.1110E-25
0.4296E-02	-0.8850E-26
0.4460E-02	-0.6426E-26
0.4630E-02	-0.3812E-26
0.4806E-02	-0.9965E-27
0.4989E-02	0.2038E-26
0.5179E-02	0.5308E-26
0.5377E-02	0.8833E-26
0.5581E-02	0.1263E-25
0.5794E-02	0.1672E-25
0.6015E-02	0.2113E-25
0.6244E-02	0.2589E-25
0.6481E-02	0.3101E-25
0.6728E-02	0.3653E-25
0.6985E-02	0.4248E-25
0.7251E-02	0.4889E-25
0.7527E-02	0.5580E-25
0.7813E-02	0.6325E-25
0.8111E-02	0.7127E-25
0.8420E-02	0.7992E-25
0.8741E-02	0.8924E-25
0.9073E-02	0.9929E-25
0.9419E-02	0.1101E-24
0.9778E-02	0.1218E-24
0.1015E-01	0.1344E-24
0.1054E-01	0.1479E-24
0.1094E-01	0.1625E-24
0.1135E-01	0.1783E-24
0.1179E-01	0.1952E-24
0.1224E-01	0.2135E-24
0.1270E-01	0.2332E-24
0.1319E-01	0.2545E-24
0.1369E-01	0.2774E-24
0.1421E-01	0.3021E-24
0.1475E-01	0.3287E-24
0.1531E-01	0.3573E-24
0.1590E-01	0.3883E-24
0.1650E-01	0.4216E-24
0.1713E-01	0.4575E-24
0.1778E-01	0.4962E-24
0.1846E-01	0.5380E-24
0.1916E-01	0.5830E-24
0.1989E-01	0.6315E-24
0.2065E-01	0.6838E-24
0.2144E-01	0.7402E-24
0.2225E-01	0.8010E-24
0.2310E-01	0.8666E-24
0.2398E-01	0.9373E-24
0.2489E-01	0.1014E-23
0.2584E-01	0.1096E-23
0.2682E-01	0.1185E-23
0.2785E-01	0.1280E-23
0.2891E-01	0.1383E-23
0.3001E-01	0.1495E-23
0.3115E-01	0.1615E-23
0.3234E-01	0.1744E-23
0.3357E-01	0.1884E-23
0.3485E-01	0.2035E-23
0.3617E-01	0.2198E-23
0.3755E-01	0.2374E-23
0.3898E-01	0.2563E-23
0.4047E-01	0.2768E-23
0.4201E-01	0.2989E-23
0.4361E-01	0.3228E-23
0.4527E-01	0.3486E-23
0.4699E-01	0.3765E-23
0.4878E-01	0.4066E-23
0.5064E-01	0.4391E-23
0.5257E-01	0.4743E-23
0.5457E-01	0.5123E-23
0.5665E-01	0.5535E-23
0.5881E-01	0.5979E-23
0.6105E-01	0.6461E-23
0.6337E-01	0.6982E-23
0.6579E-01	0.7547E-23
0.6829E-01	0.8158E-23
0.7089E-01	0.8820E-23
0.7359E-01	0.9538E-23
0.7640E-01	0.1032E-22
0.7931E-01	0.1116E-22
0.8233E-01	0.1208E-22
0.8546E-01	0.1308E-22
0.8872E-01	0.1416E-22
0.9210E-01	0.1534E-22
0.9560E-01	0.1662E-22
0.9924E-01	0.1801E-22
0.1030	0.1954E-22
0.1069	0.2120E-22
0.1110	0.2301E-22
0.1152	0.2498E-22
0.1196	0.2715E-22
0.1242	0.2952E-22
0.1289	0.3211E-22
0.1338	0.3496E-22
0.1389	0.3809E-22
0.1442	0.4154E-22
0.1497	0.4533E-22
0.1554	0.4951E-22
0.1613	0.5413E-22
0.1675	0.5924E-22
0.1739	0.6491E-22
0.1805	0.7120E-22
0.1874	0.7819E-22
0.1945	0.8598E-22
0.2019	0.9468E-22
0.2096	0.1044E-21
0.2176	0.1153E-21
0.2259	0.1276E-21
0.2345	0.1414E-21
0.2434	0.1570E-21
0.2527	0.1746E-21
0.2623	0.1945E-21
0.2723	0.2172E-21
0.2826	0.2431E-21
0.2934	0.2726E-21
0.3046	0.3065E-21
0.3162	0.3453E-21
0.3282	0.3900E-21
0.3407	0.4415E-21
0.3537	0.5012E-21
0.3672	0.5703E-21
0.3812	0.6507E-21
0.3957	0.7444E-21
0.4107	0.8537E-21
0.4264	0.9817E-21
0.4426	0.1132E-20
0.4595	0.1308E-20
0.4770	0.1516E-20
0.4952	0.1761E-20
0.5140	0.2051E-20
0.5336	0.2394E-20
0.5539	0.2801E-20
0.5750	0.3284E-20
0.5969	0.3857E-20
0.6196	0.4539E-20
0.6432	0.5351E-20
0.6677	0.6318E-20
0.6932	0.7470E-20
0.7196	0.8843E-20
0.7470	0.1048E-19
0.7754	0.1243E-19
0.8050	0.1475E-19
0.8356	0.1751E-19
0.8674	0.2079E-19
0.9005	0.2468E-19
0.9348	0.2930E-19
0.9704	0.3476E-19
1.007	0.4122E-19
1.046	0.4883E-19
1.086	0.5777E-19
1.127	0.6827E-19
1.170	0.8054E-19
1.214	0.9486E-19
1.261	0.1115E-18
1.309	0.1308E-18
1.358	0.1531E-18
1.410	0.1787E-18
1.464	0.2081E-18
1.520	0.2417E-18
1.578	0.2800E-18
1.638	0.3234E-18
1.700	0.3724E-18
1.765	0.4277E-18
1.832	0.4897E-18
1.902	0.5592E-18
1.974	0.6367E-18
2.049	0.7229E-18
2.127	0.8185E-18
2.208	0.9243E-18
2.293	0.1041E-17
2.380	0.1170E-17
2.470	0.1312E-17
2.565	0.1467E-17
2.662	0.1638E-17
2.764	0.1824E-17
2.869	0.2028E-17
2.978	0.2251E-17
3.092	0.2495E-17
3.209	0.2760E-17
3.332	0.3050E-17
3.458	0.3365E-17
3.590	0.3708E-17
3.727	0.4082E-17
3.869	0.4489E-17
4.016	0.4932E-17
4.169	0.5413E-17
4.328	0.5936E-17
4.493	0.6506E-17
4.664	0.7125E-17
4.841	0.7798E-17
5.026	0.8529E-17
5.217	0.9324E-17
5.416	0.1019E-16
5.622	0.1113E-16
5.836	0.1215E-16
6.059	0.1326E-16
6.289	0.1446E-16
6.529	0.1577E-16
6.778	0.1720E-16
7.036	0.1875E-16
7.304	0.2044E-16
7.582	0.2227E-16
7.871	0.2426E-16
8.170	0.2642E-16
8.482	0.2879E-16
8.805	0.3135E-16
9.140	0.3413E-16
9.488	0.3713E-16
9.849	0.4043E-16
10.22	0.4401E-16
10.61	0.4791E-16
11.02	0.5216E-16
11.44	0.5679E-16
11.87	0.6183E-16
12.33	0.6741E-16
12.80	0.7340E-16
13.28	0.7992E-16
13.79	0.8703E-16
14.31	0.9486E-16
14.86	0.1033E-15
15.42	0.1126E-15
16.01	0.1226E-15
16.62	0.1341E-15
17.25	0.1462E-15
17.91	0.1593E-15
18.59	0.1737E-15
19.30	0.1887E-15
20.04	0.2059E-15
20.80	0.2247E-15
21.59	0.2458E-15
22.42	0.2684E-15
23.27	0.2932E-15
24.16	0.3207E-15
25.08	0.3522E-15
26.03	0.3852E-15
27.02	0.4216E-15
28.05	0.4601E-15
29.12	0.5042E-15
30.23	0.5529E-15
31.38	0.6059E-15
32.57	0.6652E-15
33.82	0.7308E-15
35.10	0.8036E-15
36.44	0.8836E-15
37.83	0.9718E-15
39.27	0.1069E-14
40.76	0.1176E-14
42.32	0.1292E-14
43.93	0.1420E-14
45.60	0.1557E-14
47.34	0.1705E-14
49.14	0.1863E-14
51.01	0.2030E-14
52.96	0.2204E-14
54.97	0.2384E-14
57.07	0.2567E-14
59.24	0.2751E-14
61.50	0.2933E-14
63.84	0.3110E-14
66.27	0.3279E-14
68.79	0.3438E-14
71.41	0.3584E-14
74.13	0.3711E-14
76.96	0.3829E-14
79.89	0.3931E-14
82.93	0.4018E-14
86.09	0.4090E-14
89.37	0.4148E-14
92.77	0.4187E-14
96.31	0.4218E-14
99.97	0.4237E-14
103.8	0.4245E-14
107.7	0.4243E-14
111.8	0.4233E-14
116.1	0.4213E-14
120.5	0.4187E-14
125.1	0.4155E-14
129.9	0.4117E-14
134.8	0.4075E-14
140.0	0.4028E-14
145.3	0.3977E-14
150.8	0.3923E-14
156.6	0.3866E-14
162.5	0.3807E-14
168.7	0.3746E-14
175.1	0.3684E-14
181.8	0.3620E-14
188.7	0.3556E-14
195.9	0.3491E-14
203.4	0.3425E-14
211.1	0.3360E-14
219.2	0.3294E-14
227.5	0.3229E-14
236.2	0.3165E-14
245.2	0.3101E-14
254.5	0.3038E-14
264.2	0.2975E-14
274.3	0.2913E-14
284.7	0.2853E-14
295.6	0.2793E-14
306.8	0.2734E-14
318.5	0.2677E-14
330.6	0.2620E-14
343.2	0.2564E-14
356.3	0.2509E-14
369.9	0.2455E-14
384.0	0.2402E-14
398.6	0.2350E-14
413.8	0.2298E-14
429.5	0.2247E-14
445.9	0.2197E-14
462.9	0.2148E-14
480.5	0.2099E-14
498.8	0.2052E-14
517.8	0.2004E-14
537.5	0.1957E-14
558.0	0.1911E-14
579.2	0.1866E-14
601.3	0.1821E-14
624.2	0.1777E-14
648.0	0.1733E-14
672.6	0.1690E-14
698.3	0.1647E-14
724.9	0.1605E-14
752.5	0.1563E-14
781.1	0.1522E-14
810.9	0.1482E-14
841.8	0.1442E-14
873.8	0.1403E-14
907.1	0.1364E-14
941.6	0.1326E-14
977.5	0.1289E-14
1015.	0.1252E-14
1053.	0.1216E-14
1094.	0.1180E-14
1135.	0.1145E-14
1178.	0.1111E-14
1223.	0.1077E-14
1270.	0.1044E-14
1318.	0.1011E-14
1368.	0.9796E-15
1421.	0.9484E-15
1475.	0.9178E-15
1531.	0.8879E-15
1589.	0.8586E-15
1650.	0.8299E-15
1712.	0.8019E-15
1778.	0.7745E-15
1845.	0.7477E-15
1916.	0.7216E-15
1989.	0.6961E-15
2064.	0.6713E-15
2143.	0.6471E-15
2225.	0.6235E-15
2309.	0.6005E-15
2397.	0.5781E-15
2489.	0.5563E-15
2583.	0.5352E-15
2682.	0.5146E-15
2784.	0.4946E-15
2890.	0.4752E-15
3000.	0.4564E-15
 
 
C4    HCl    Excitation    0.69 eV                              
E/N (Td)	Energy loss coefficient (eV m3/s)
0.1000E-02	-0.3972E-26
0.1038E-02	-0.3973E-26
0.1078E-02	-0.3973E-26
0.1119E-02	-0.3973E-26
0.1161E-02	-0.3973E-26
0.1205E-02	-0.3973E-26
0.1251E-02	-0.3973E-26
0.1299E-02	-0.3973E-26
0.1349E-02	-0.3973E-26
0.1400E-02	-0.3973E-26
0.1453E-02	-0.3973E-26
0.1509E-02	-0.3973E-26
0.1566E-02	-0.3973E-26
0.1626E-02	-0.3973E-26
0.1688E-02	-0.3973E-26
0.1752E-02	-0.3973E-26
0.1819E-02	-0.3973E-26
0.1888E-02	-0.3973E-26
0.1960E-02	-0.3973E-26
0.2034E-02	-0.3973E-26
0.2112E-02	-0.3973E-26
0.2192E-02	-0.3973E-26
0.2276E-02	-0.3973E-26
0.2362E-02	-0.3973E-26
0.2452E-02	-0.3973E-26
0.2546E-02	-0.3973E-26
0.2643E-02	-0.3973E-26
0.2743E-02	-0.3973E-26
0.2848E-02	-0.3973E-26
0.2956E-02	-0.3973E-26
0.3069E-02	-0.3973E-26
0.3186E-02	-0.3973E-26
0.3307E-02	-0.3973E-26
0.3433E-02	-0.3973E-26
0.3564E-02	-0.3973E-26
0.3700E-02	-0.3973E-26
0.3841E-02	-0.3973E-26
0.3987E-02	-0.3973E-26
0.4139E-02	-0.3973E-26
0.4296E-02	-0.3973E-26
0.4460E-02	-0.3973E-26
0.4630E-02	-0.3973E-26
0.4806E-02	-0.3973E-26
0.4989E-02	-0.3973E-26
0.5179E-02	-0.3973E-26
0.5377E-02	-0.3973E-26
0.5581E-02	-0.3973E-26
0.5794E-02	-0.3973E-26
0.6015E-02	-0.3973E-26
0.6244E-02	-0.3973E-26
0.6481E-02	-0.3973E-26
0.6728E-02	-0.3973E-26
0.6985E-02	-0.3973E-26
0.7251E-02	-0.3973E-26
0.7527E-02	-0.3973E-26
0.7813E-02	-0.3973E-26
0.8111E-02	-0.3973E-26
0.8420E-02	-0.3973E-26
0.8741E-02	-0.3973E-26
0.9073E-02	-0.3973E-26
0.9419E-02	-0.3973E-26
0.9778E-02	-0.3973E-26
0.1015E-01	-0.3973E-26
0.1054E-01	-0.3973E-26
0.1094E-01	-0.3973E-26
0.1135E-01	-0.3973E-26
0.1179E-01	-0.3973E-26
0.1224E-01	-0.3973E-26
0.1270E-01	-0.3973E-26
0.1319E-01	-0.3973E-26
0.1369E-01	-0.3973E-26
0.1421E-01	-0.3973E-26
0.1475E-01	-0.3973E-26
0.1531E-01	-0.3973E-26
0.1590E-01	-0.3973E-26
0.1650E-01	-0.3973E-26
0.1713E-01	-0.3973E-26
0.1778E-01	-0.3973E-26
0.1846E-01	-0.3973E-26
0.1916E-01	-0.3973E-26
0.1989E-01	-0.3973E-26
0.2065E-01	-0.3973E-26
0.2144E-01	-0.3973E-26
0.2225E-01	-0.3973E-26
0.2310E-01	-0.3973E-26
0.2398E-01	-0.3973E-26
0.2489E-01	-0.3973E-26
0.2584E-01	-0.3973E-26
0.2682E-01	-0.3973E-26
0.2785E-01	-0.3973E-26
0.2891E-01	-0.3973E-26
0.3001E-01	-0.3973E-26
0.3115E-01	-0.3973E-26
0.3234E-01	-0.3973E-26
0.3357E-01	-0.3973E-26
0.3485E-01	-0.3973E-26
0.3617E-01	-0.3973E-26
0.3755E-01	-0.3973E-26
0.3898E-01	-0.3973E-26
0.4047E-01	-0.3973E-26
0.4201E-01	-0.3973E-26
0.4361E-01	-0.3973E-26
0.4527E-01	-0.3973E-26
0.4699E-01	-0.3973E-26
0.4878E-01	-0.3973E-26
0.5064E-01	-0.3973E-26
0.5257E-01	-0.3973E-26
0.5457E-01	-0.3973E-26
0.5665E-01	-0.3974E-26
0.5881E-01	-0.3974E-26
0.6105E-01	-0.3974E-26
0.6337E-01	-0.3974E-26
0.6579E-01	-0.3974E-26
0.6829E-01	-0.3974E-26
0.7089E-01	-0.3974E-26
0.7359E-01	-0.3974E-26
0.7640E-01	-0.3974E-26
0.7931E-01	-0.3974E-26
0.8233E-01	-0.3974E-26
0.8546E-01	-0.3975E-26
0.8872E-01	-0.3975E-26
0.9210E-01	-0.3975E-26
0.9560E-01	-0.3975E-26
0.9924E-01	-0.3975E-26
0.1030	-0.3975E-26
0.1069	-0.3976E-26
0.1110	-0.3976E-26
0.1152	-0.3976E-26
0.1196	-0.3976E-26
0.1242	-0.3976E-26
0.1289	-0.3977E-26
0.1338	-0.3977E-26
0.1389	-0.3977E-26
0.1442	-0.3977E-26
0.1497	-0.3978E-26
0.1554	-0.3978E-26
0.1613	-0.3978E-26
0.1675	-0.3978E-26
0.1739	-0.3979E-26
0.1805	-0.3979E-26
0.1874	-0.3979E-26
0.1945	-0.3979E-26
0.2019	-0.3980E-26
0.2096	-0.3980E-26
0.2176	-0.3980E-26
0.2259	-0.3980E-26
0.2345	-0.3979E-26
0.2434	-0.3979E-26
0.2527	-0.3979E-26
0.2623	-0.3978E-26
0.2723	-0.3977E-26
0.2826	-0.3976E-26
0.2934	-0.3974E-26
0.3046	-0.3971E-26
0.3162	-0.3969E-26
0.3282	-0.3965E-26
0.3407	-0.3960E-26
0.3537	-0.3954E-26
0.3672	-0.3947E-26
0.3812	-0.3938E-26
0.3957	-0.3927E-26
0.4107	-0.3913E-26
0.4264	-0.3896E-26
0.4426	-0.3874E-26
0.4595	-0.3848E-26
0.4770	-0.3815E-26
0.4952	-0.3774E-26
0.5140	-0.3723E-26
0.5336	-0.3660E-26
0.5539	-0.3581E-26
0.5750	-0.3483E-26
0.5969	-0.3361E-26
0.6196	-0.3209E-26
0.6432	-0.3018E-26
0.6677	-0.2780E-26
0.6932	-0.2482E-26
0.7196	-0.2109E-26
0.7470	-0.1642E-26
0.7754	-0.1058E-26
0.8050	-0.3284E-27
0.8356	0.5828E-27
0.8674	0.1719E-26
0.9005	0.3134E-26
0.9348	0.4891E-26
0.9704	0.7069E-26
1.007	0.9761E-26
1.046	0.1308E-25
1.086	0.1715E-25
1.127	0.2213E-25
1.170	0.2821E-25
1.214	0.3557E-25
1.261	0.4447E-25
1.309	0.5517E-25
1.358	0.6796E-25
1.410	0.8318E-25
1.464	0.1012E-24
1.520	0.1224E-24
1.578	0.1473E-24
1.638	0.1763E-24
1.700	0.2098E-24
1.765	0.2485E-24
1.832	0.2928E-24
1.902	0.3434E-24
1.974	0.4008E-24
2.049	0.4657E-24
2.127	0.7369E-24
2.208	0.8640E-24
2.293	0.1010E-23
2.380	0.1176E-23
2.470	0.1365E-23
2.565	0.1580E-23
2.662	0.1823E-23
2.764	0.2097E-23
2.869	0.2406E-23
2.978	0.2753E-23
3.092	0.3143E-23
3.209	0.3580E-23
3.332	0.4068E-23
3.458	0.4613E-23
3.590	0.5220E-23
3.727	0.5897E-23
3.869	0.6650E-23
4.016	0.7487E-23
4.169	0.8416E-23
4.328	0.9447E-23
4.493	0.1059E-22
4.664	0.1186E-22
4.841	0.1327E-22
5.026	0.1485E-22
5.217	0.1653E-22
5.416	0.1851E-22
5.622	0.2079E-22
5.836	0.2349E-22
6.059	0.2681E-22
6.289	0.3110E-22
6.529	0.3691E-22
6.778	0.4521E-22
7.036	0.5759E-22
7.304	0.7716E-22
7.582	0.1072E-21
7.871	0.1547E-21
8.170	0.2296E-21
8.482	0.3493E-21
8.805	0.5342E-21
9.140	0.8200E-21
9.488	0.1263E-20
9.849	0.1927E-20
10.22	0.2919E-20
10.61	0.4412E-20
11.02	0.6570E-20
11.44	0.9694E-20
11.87	0.1417E-19
12.33	0.2068E-19
12.80	0.2966E-19
13.28	0.4218E-19
13.79	0.5948E-19
14.31	0.8370E-19
14.86	0.1161E-18
15.42	0.1599E-18
16.01	0.2186E-18
16.62	0.2991E-18
17.25	0.4035E-18
17.91	0.5410E-18
18.59	0.7212E-18
19.30	0.9573E-18
20.04	0.1262E-17
20.80	0.1657E-17
21.59	0.2178E-17
22.42	0.2832E-17
23.27	0.3667E-17
24.16	0.4764E-17
25.08	0.6191E-17
26.03	0.7917E-17
27.02	0.1009E-16
28.05	0.1280E-16
29.12	0.1620E-16
30.23	0.2043E-16
31.38	0.2589E-16
32.57	0.3240E-16
33.82	0.4039E-16
35.10	0.5019E-16
36.44	0.6208E-16
37.83	0.7646E-16
39.27	0.9372E-16
40.76	0.1143E-15
42.32	0.1386E-15
43.93	0.1672E-15
45.60	0.2003E-15
47.34	0.2382E-15
49.14	0.2812E-15
51.01	0.3293E-15
52.96	0.3824E-15
54.97	0.4399E-15
57.07	0.5015E-15
59.24	0.5665E-15
61.50	0.6331E-15
63.84	0.7008E-15
66.27	0.7682E-15
68.79	0.8342E-15
71.41	0.8977E-15
74.13	0.9565E-15
76.96	0.1012E-14
79.89	0.1063E-14
82.93	0.1109E-14
86.09	0.1150E-14
89.37	0.1185E-14
92.77	0.1214E-14
96.31	0.1238E-14
99.97	0.1258E-14
103.8	0.1273E-14
107.7	0.1284E-14
111.8	0.1290E-14
116.1	0.1293E-14
120.5	0.1293E-14
125.1	0.1289E-14
129.9	0.1283E-14
134.8	0.1274E-14
140.0	0.1263E-14
145.3	0.1251E-14
150.8	0.1236E-14
156.6	0.1220E-14
162.5	0.1203E-14
168.7	0.1185E-14
175.1	0.1165E-14
181.8	0.1145E-14
188.7	0.1125E-14
195.9	0.1104E-14
203.4	0.1083E-14
211.1	0.1061E-14
219.2	0.1039E-14
227.5	0.1018E-14
236.2	0.9964E-15
245.2	0.9750E-15
254.5	0.9538E-15
264.2	0.9328E-15
274.3	0.9121E-15
284.7	0.8918E-15
295.6	0.8717E-15
306.8	0.8520E-15
318.5	0.8326E-15
330.6	0.8135E-15
343.2	0.7949E-15
356.3	0.7765E-15
369.9	0.7584E-15
384.0	0.7407E-15
398.6	0.7232E-15
413.8	0.7061E-15
429.5	0.6893E-15
445.9	0.6727E-15
462.9	0.6564E-15
480.5	0.6403E-15
498.8	0.6245E-15
517.8	0.6089E-15
537.5	0.5936E-15
558.0	0.5785E-15
579.2	0.5637E-15
601.3	0.5490E-15
624.2	0.5346E-15
648.0	0.5205E-15
672.6	0.5065E-15
698.3	0.4927E-15
724.9	0.4792E-15
752.5	0.4659E-15
781.1	0.4528E-15
810.9	0.4400E-15
841.8	0.4274E-15
873.8	0.4150E-15
907.1	0.4029E-15
941.6	0.3909E-15
977.5	0.3792E-15
1015.	0.3677E-15
1053.	0.3564E-15
1094.	0.3454E-15
1135.	0.3346E-15
1178.	0.3240E-15
1223.	0.3136E-15
1270.	0.3035E-15
1318.	0.2936E-15
1368.	0.2839E-15
1421.	0.2744E-15
1475.	0.2652E-15
1531.	0.2562E-15
1589.	0.2474E-15
1650.	0.2388E-15
1712.	0.2304E-15
1778.	0.2223E-15
1845.	0.2143E-15
1916.	0.2066E-15
1989.	0.1991E-15
2064.	0.1918E-15
2143.	0.1846E-15
2225.	0.1777E-15
2309.	0.1710E-15
2397.	0.1645E-15
2489.	0.1581E-15
2583.	0.1520E-15
2682.	0.1460E-15
2784.	0.1403E-15
2890.	0.1347E-15
3000.	0.1292E-15
 
 
C5    HCl    Excitation    5.29 eV                              
E/N (Td)	Energy loss coefficient (eV m3/s)
0.1000E-02	-0.4626-104
0.1038E-02	-0.4626-104
0.1078E-02	-0.4626-104
0.1119E-02	-0.4626-104
0.1161E-02	-0.4626-104
0.1205E-02	-0.4626-104
0.1251E-02	-0.4626-104
0.1299E-02	-0.4626-104
0.1349E-02	-0.4626-104
0.1400E-02	-0.4626-104
0.1453E-02	-0.4626-104
0.1509E-02	-0.4626-104
0.1566E-02	-0.4626-104
0.1626E-02	-0.4626-104
0.1688E-02	-0.4626-104
0.1752E-02	-0.4626-104
0.1819E-02	-0.4626-104
0.1888E-02	-0.4626-104
0.1960E-02	-0.4626-104
0.2034E-02	-0.4626-104
0.2112E-02	-0.4626-104
0.2192E-02	-0.4626-104
0.2276E-02	-0.4626-104
0.2362E-02	-0.4626-104
0.2452E-02	-0.4626-104
0.2546E-02	-0.4626-104
0.2643E-02	-0.4626-104
0.2743E-02	-0.4626-104
0.2848E-02	-0.4626-104
0.2956E-02	-0.4626-104
0.3069E-02	-0.4626-104
0.3186E-02	-0.4626-104
0.3307E-02	-0.4626-104
0.3433E-02	-0.4626-104
0.3564E-02	-0.4626-104
0.3700E-02	-0.4626-104
0.3841E-02	-0.4626-104
0.3987E-02	-0.4626-104
0.4139E-02	-0.4626-104
0.4296E-02	-0.4626-104
0.4460E-02	-0.4626-104
0.4630E-02	-0.4626-104
0.4806E-02	-0.4626-104
0.4989E-02	-0.4626-104
0.5179E-02	-0.4626-104
0.5377E-02	-0.4626-104
0.5581E-02	-0.4626-104
0.5794E-02	-0.4626-104
0.6015E-02	-0.4626-104
0.6244E-02	-0.4626-104
0.6481E-02	-0.4626-104
0.6728E-02	-0.4626-104
0.6985E-02	-0.4626-104
0.7251E-02	-0.4626-104
0.7527E-02	-0.4626-104
0.7813E-02	-0.4626-104
0.8111E-02	-0.4626-104
0.8420E-02	-0.4626-104
0.8741E-02	-0.4626-104
0.9073E-02	-0.4626-104
0.9419E-02	-0.4626-104
0.9778E-02	-0.4626-104
0.1015E-01	-0.4626-104
0.1054E-01	-0.4626-104
0.1094E-01	-0.4626-104
0.1135E-01	-0.4626-104
0.1179E-01	-0.4626-104
0.1224E-01	-0.4626-104
0.1270E-01	-0.4626-104
0.1319E-01	-0.4626-104
0.1369E-01	-0.4626-104
0.1421E-01	-0.4626-104
0.1475E-01	-0.4626-104
0.1531E-01	-0.4626-104
0.1590E-01	-0.4626-104
0.1650E-01	-0.4626-104
0.1713E-01	-0.4626-104
0.1778E-01	-0.4626-104
0.1846E-01	-0.4626-104
0.1916E-01	-0.4626-104
0.1989E-01	-0.4626-104
0.2065E-01	-0.4626-104
0.2144E-01	-0.4626-104
0.2225E-01	-0.4626-104
0.2310E-01	-0.4626-104
0.2398E-01	-0.4626-104
0.2489E-01	-0.4626-104
0.2584E-01	-0.4626-104
0.2682E-01	-0.4626-104
0.2785E-01	-0.4626-104
0.2891E-01	-0.4626-104
0.3001E-01	-0.4626-104
0.3115E-01	-0.4626-104
0.3234E-01	-0.4626-104
0.3357E-01	-0.4626-104
0.3485E-01	-0.4626-104
0.3617E-01	-0.4626-104
0.3755E-01	-0.4626-104
0.3898E-01	-0.4626-104
0.4047E-01	-0.4626-104
0.4201E-01	-0.4626-104
0.4361E-01	-0.4626-104
0.4527E-01	-0.4626-104
0.4699E-01	-0.4626-104
0.4878E-01	-0.4626-104
0.5064E-01	-0.4626-104
0.5257E-01	-0.4626-104
0.5457E-01	-0.4626-104
0.5665E-01	-0.4626-104
0.5881E-01	-0.4626-104
0.6105E-01	-0.4626-104
0.6337E-01	-0.4626-104
0.6579E-01	-0.4626-104
0.6829E-01	-0.4626-104
0.7089E-01	-0.4626-104
0.7359E-01	-0.4626-104
0.7640E-01	-0.4626-104
0.7931E-01	-0.4626-104
0.8233E-01	-0.4626-104
0.8546E-01	-0.4626-104
0.8872E-01	-0.4626-104
0.9210E-01	-0.4626-104
0.9560E-01	-0.4626-104
0.9924E-01	-0.4627-104
0.1030	-0.4627-104
0.1069	-0.4627-104
0.1110	-0.4627-104
0.1152	-0.4627-104
0.1196	-0.4627-104
0.1242	-0.4627-104
0.1289	-0.4627-104
0.1338	-0.4627-104
0.1389	-0.4627-104
0.1442	-0.4627-104
0.1497	-0.4627-104
0.1554	-0.4628-104
0.1613	-0.4628-104
0.1675	-0.4628-104
0.1739	-0.4628-104
0.1805	-0.4628-104
0.1874	-0.4628-104
0.1945	-0.4629-104
0.2019	-0.4629-104
0.2096	-0.4629-104
0.2176	-0.4629-104
0.2259	-0.4630-104
0.2345	-0.4630-104
0.2434	-0.4630-104
0.2527	-0.4631-104
0.2623	-0.4631-104
0.2723	-0.4631-104
0.2826	-0.4632-104
0.2934	-0.4632-104
0.3046	-0.4633-104
0.3162	-0.4633-104
0.3282	-0.4634-104
0.3407	-0.4635-104
0.3537	-0.4635-104
0.3672	-0.4636-104
0.3812	-0.4637-104
0.3957	-0.4638-104
0.4107	-0.4639-104
0.4264	-0.4640-104
0.4426	-0.4641-104
0.4595	-0.4643-104
0.4770	-0.4644-104
0.4952	-0.4646-104
0.5140	-0.4648-104
0.5336	-0.4650-104
0.5539	-0.4652-104
0.5750	-0.4654-104
0.5969	-0.4657-104
0.6196	-0.4659-104
0.6432	-0.4662-104
0.6677	-0.4666-104
0.6932	-0.4669-104
0.7196	-0.4673-104
0.7470	-0.4678-104
0.7754	-0.4682-104
0.8050	-0.4687-104
0.8356	-0.4693-104
0.8674	-0.4699-104
0.9005	-0.4705-104
0.9348	-0.4713-104
0.9704	-0.4720-104
1.007	-0.4728-104
1.046	-0.4737-104
1.086	-0.4747-104
1.127	-0.4757-104
1.170	-0.4768-104
1.214	-0.4779-104
1.261	-0.4791-104
1.309	-0.4804-104
1.358	-0.4817-104
1.410	-0.4831-104
1.464	-0.4845-104
1.520	-0.4860-104
1.578	-0.4875-104
1.638	-0.4891-104
1.700	-0.4907-104
1.765	-0.4923-104
1.832	-0.4939-104
1.902	-0.4956-104
1.974	-0.4972-104
2.049	-0.4988-104
2.127	-0.5005-104
2.208	-0.5021-104
2.293	-0.5036-104
2.380	-0.5052-104
2.470	-0.5067-104
2.565	-0.5082-104
2.662	-0.5097-104
2.764	-0.5111-104
2.869	-0.5125-104
2.978	-0.5139-104
3.092	-0.5152-104
3.209	-0.5165-104
3.332	-0.5178-104
3.458	-0.5190-104
3.590	-0.5203-104
3.727	-0.5215-104
3.869	-0.5228-104
4.016	-0.5240-104
4.169	-0.5252-104
4.328	-0.5264-104
4.493	-0.5276-104
4.664	-0.5289-104
4.841	-0.5301-104
5.026	-0.5314-104
5.217	-0.5327-104
5.416	-0.5340-104
5.622	-0.5354-104
5.836	-0.5368-104
6.059	-0.5382-104
6.289	-0.5397-104
6.529	-0.5412-104
6.778	-0.5427-104
7.036	-0.5443-104
7.304	-0.5461-104
7.582	-0.5478-104
7.871	-0.5496-104
8.170	-0.5515-104
8.482	-0.5535-104
8.805	-0.5556-104
9.140	-0.5578-104
9.488	-0.5601-104
9.849	-0.5625-104
10.22	-0.5651-104
10.61	-0.5679-104
11.02	-0.5708-104
11.44	-0.5740-104
11.87	-0.5774-104
12.33	-0.5812-104
12.80	-0.5854-104
13.28	-0.5900-104
13.79	-0.5951-104
14.31	-0.6011-104
14.86	-0.6079-104
15.42	-0.6159-104
16.01	-0.6252-104
16.62	-0.6370-104
17.25	-0.6505-104
17.91	-0.6668-104
18.59	-0.6868-104
19.30	-0.7109-104
20.04	-0.7412-104
20.80	-0.7786-104
21.59	-0.8267-104
22.42	-0.8848-104
23.27	-0.9571-104
24.16	0.1788E-22
25.08	0.1008E-21
26.03	0.2563E-21
27.02	0.6302E-21
28.05	0.1514E-20
29.12	0.3495E-20
30.23	0.7826E-20
31.38	0.1719E-19
32.57	0.3624E-19
33.82	0.7428E-19
35.10	0.1482E-18
36.44	0.2874E-18
37.83	0.5426E-18
39.27	0.9977E-18
40.76	0.1788E-17
42.32	0.3121E-17
43.93	0.5315E-17
45.60	0.8829E-17
47.34	0.1431E-16
49.14	0.2265E-16
51.01	0.3499E-16
52.96	0.5280E-16
54.97	0.7787E-16
57.07	0.1123E-15
59.24	0.1585E-15
61.50	0.2190E-15
63.84	0.2963E-15
66.27	0.3932E-15
68.79	0.5123E-15
71.41	0.6560E-15
74.13	0.8252E-15
76.96	0.1024E-14
79.89	0.1253E-14
82.93	0.1514E-14
86.09	0.1808E-14
89.37	0.2136E-14
92.77	0.2497E-14
96.31	0.2896E-14
99.97	0.3332E-14
103.8	0.3806E-14
107.7	0.4319E-14
111.8	0.4872E-14
116.1	0.5464E-14
120.5	0.6099E-14
125.1	0.6776E-14
129.9	0.7498E-14
134.8	0.8264E-14
140.0	0.9075E-14
145.3	0.9933E-14
150.8	0.1084E-13
156.6	0.1179E-13
162.5	0.1279E-13
168.7	0.1384E-13
175.1	0.1494E-13
181.8	0.1609E-13
188.7	0.1729E-13
195.9	0.1854E-13
203.4	0.1984E-13
211.1	0.2119E-13
219.2	0.2259E-13
227.5	0.2404E-13
236.2	0.2554E-13
245.2	0.2709E-13
254.5	0.2869E-13
264.2	0.3034E-13
274.3	0.3204E-13
284.7	0.3379E-13
295.6	0.3560E-13
306.8	0.3745E-13
318.5	0.3936E-13
330.6	0.4132E-13
343.2	0.4333E-13
356.3	0.4540E-13
369.9	0.4753E-13
384.0	0.4972E-13
398.6	0.5197E-13
413.8	0.5428E-13
429.5	0.5665E-13
445.9	0.5909E-13
462.9	0.6160E-13
480.5	0.6418E-13
498.8	0.6683E-13
517.8	0.6956E-13
537.5	0.7236E-13
558.0	0.7524E-13
579.2	0.7819E-13
601.3	0.8123E-13
624.2	0.8434E-13
648.0	0.8755E-13
672.6	0.9084E-13
698.3	0.9422E-13
724.9	0.9768E-13
752.5	0.1012E-12
781.1	0.1049E-12
810.9	0.1086E-12
841.8	0.1124E-12
873.8	0.1163E-12
907.1	0.1203E-12
941.6	0.1244E-12
977.5	0.1286E-12
1015.	0.1329E-12
1053.	0.1372E-12
1094.	0.1417E-12
1135.	0.1462E-12
1178.	0.1508E-12
1223.	0.1555E-12
1270.	0.1603E-12
1318.	0.1652E-12
1368.	0.1701E-12
1421.	0.1751E-12
1475.	0.1802E-12
1531.	0.1853E-12
1589.	0.1905E-12
1650.	0.1957E-12
1712.	0.2010E-12
1778.	0.2063E-12
1845.	0.2116E-12
1916.	0.2170E-12
1989.	0.2224E-12
2064.	0.2278E-12
2143.	0.2333E-12
2225.	0.2387E-12
2309.	0.2441E-12
2397.	0.2495E-12
2489.	0.2549E-12
2583.	0.2603E-12
2682.	0.2656E-12
2784.	0.2709E-12
2890.	0.2761E-12
3000.	0.2813E-12
 
 
C6    HCl    Ionization    12.50 eV                             
E/N (Td)	Energy loss coefficient (eV m3/s)
0.1000E-02	0.000
0.1038E-02	0.000
0.1078E-02	0.000
0.1119E-02	0.000
0.1161E-02	0.000
0.1205E-02	0.000
0.1251E-02	0.000
0.1299E-02	0.000
0.1349E-02	0.000
0.1400E-02	0.000
0.1453E-02	0.000
0.1509E-02	0.000
0.1566E-02	0.000
0.1626E-02	0.000
0.1688E-02	0.000
0.1752E-02	0.000
0.1819E-02	0.000
0.1888E-02	0.000
0.1960E-02	0.000
0.2034E-02	0.000
0.2112E-02	0.000
0.2192E-02	0.000
0.2276E-02	0.000
0.2362E-02	0.000
0.2452E-02	0.000
0.2546E-02	0.000
0.2643E-02	0.000
0.2743E-02	0.000
0.2848E-02	0.000
0.2956E-02	0.000
0.3069E-02	0.000
0.3186E-02	0.000
0.3307E-02	0.000
0.3433E-02	0.000
0.3564E-02	0.000
0.3700E-02	0.000
0.3841E-02	0.000
0.3987E-02	0.000
0.4139E-02	0.000
0.4296E-02	0.000
0.4460E-02	0.000
0.4630E-02	0.000
0.4806E-02	0.000
0.4989E-02	0.000
0.5179E-02	0.000
0.5377E-02	0.000
0.5581E-02	0.000
0.5794E-02	0.000
0.6015E-02	0.000
0.6244E-02	0.000
0.6481E-02	0.000
0.6728E-02	0.000
0.6985E-02	0.000
0.7251E-02	0.000
0.7527E-02	0.000
0.7813E-02	0.000
0.8111E-02	0.000
0.8420E-02	0.000
0.8741E-02	0.000
0.9073E-02	0.000
0.9419E-02	0.000
0.9778E-02	0.000
0.1015E-01	0.000
0.1054E-01	0.000
0.1094E-01	0.000
0.1135E-01	0.000
0.1179E-01	0.000
0.1224E-01	0.000
0.1270E-01	0.000
0.1319E-01	0.000
0.1369E-01	0.000
0.1421E-01	0.000
0.1475E-01	0.000
0.1531E-01	0.000
0.1590E-01	0.000
0.1650E-01	0.000
0.1713E-01	0.000
0.1778E-01	0.000
0.1846E-01	0.000
0.1916E-01	0.000
0.1989E-01	0.000
0.2065E-01	0.000
0.2144E-01	0.000
0.2225E-01	0.000
0.2310E-01	0.000
0.2398E-01	0.000
0.2489E-01	0.000
0.2584E-01	0.000
0.2682E-01	0.000
0.2785E-01	0.000
0.2891E-01	0.000
0.3001E-01	0.000
0.3115E-01	0.000
0.3234E-01	0.000
0.3357E-01	0.000
0.3485E-01	0.000
0.3617E-01	0.000
0.3755E-01	0.000
0.3898E-01	0.000
0.4047E-01	0.000
0.4201E-01	0.000
0.4361E-01	0.000
0.4527E-01	0.000
0.4699E-01	0.000
0.4878E-01	0.000
0.5064E-01	0.000
0.5257E-01	0.000
0.5457E-01	0.000
0.5665E-01	0.000
0.5881E-01	0.000
0.6105E-01	0.000
0.6337E-01	0.000
0.6579E-01	0.000
0.6829E-01	0.000
0.7089E-01	0.000
0.7359E-01	0.000
0.7640E-01	0.000
0.7931E-01	0.000
0.8233E-01	0.000
0.8546E-01	0.000
0.8872E-01	0.000
0.9210E-01	0.000
0.9560E-01	0.000
0.9924E-01	0.000
0.1030	0.000
0.1069	0.000
0.1110	0.000
0.1152	0.000
0.1196	0.000
0.1242	0.000
0.1289	0.000
0.1338	0.000
0.1389	0.000
0.1442	0.000
0.1497	0.000
0.1554	0.000
0.1613	0.000
0.1675	0.000
0.1739	0.000
0.1805	0.000
0.1874	0.000
0.1945	0.000
0.2019	0.000
0.2096	0.000
0.2176	0.000
0.2259	0.000
0.2345	0.000
0.2434	0.000
0.2527	0.000
0.2623	0.000
0.2723	0.000
0.2826	0.000
0.2934	0.000
0.3046	0.000
0.3162	0.000
0.3282	0.000
0.3407	0.000
0.3537	0.000
0.3672	0.000
0.3812	0.000
0.3957	0.000
0.4107	0.000
0.4264	0.000
0.4426	0.000
0.4595	0.000
0.4770	0.000
0.4952	0.000
0.5140	0.000
0.5336	0.000
0.5539	0.000
0.5750	0.000
0.5969	0.000
0.6196	0.000
0.6432	0.000
0.6677	0.000
0.6932	0.000
0.7196	0.000
0.7470	0.000
0.7754	0.000
0.8050	0.000
0.8356	0.000
0.8674	0.000
0.9005	0.000
0.9348	0.000
0.9704	0.000
1.007	0.000
1.046	0.000
1.086	0.000
1.127	0.000
1.170	0.000
1.214	0.000
1.261	0.000
1.309	0.000
1.358	0.000
1.410	0.000
1.464	0.000
1.520	0.000
1.578	0.000
1.638	0.000
1.700	0.000
1.765	0.000
1.832	0.000
1.902	0.000
1.974	0.000
2.049	0.000
2.127	0.000
2.208	0.000
2.293	0.000
2.380	0.000
2.470	0.000
2.565	0.000
2.662	0.000
2.764	0.000
2.869	0.000
2.978	0.000
3.092	0.000
3.209	0.000
3.332	0.000
3.458	0.000
3.590	0.000
3.727	0.000
3.869	0.000
4.016	0.000
4.169	0.000
4.328	0.000
4.493	0.000
4.664	0.000
4.841	0.000
5.026	0.000
5.217	0.000
5.416	0.000
5.622	0.000
5.836	0.000
6.059	0.000
6.289	0.000
6.529	0.000
6.778	0.000
7.036	0.000
7.304	0.000
7.582	0.000
7.871	0.000
8.170	0.000
8.482	0.000
8.805	0.000
9.140	0.000
9.488	0.000
9.849	0.000
10.22	0.000
10.61	0.000
11.02	0.000
11.44	0.000
11.87	0.000
12.33	0.000
12.80	0.000
13.28	0.000
13.79	0.000
14.31	0.000
14.86	0.000
15.42	0.000
16.01	0.000
16.62	0.000
17.25	0.000
17.91	0.000
18.59	0.000
19.30	0.000
20.04	0.000
20.80	0.000
21.59	0.000
22.42	0.000
23.27	0.000
24.16	0.000
25.08	0.000
26.03	0.000
27.02	0.000
28.05	0.000
29.12	0.000
30.23	0.000
31.38	0.000
32.57	0.000
33.82	0.000
35.10	0.000
36.44	0.000
37.83	0.000
39.27	0.000
40.76	0.2515E-22
42.32	0.6398E-22
43.93	0.1565E-21
45.60	0.3683E-21
47.34	0.8348E-21
49.14	0.1917E-20
51.01	0.4069E-20
52.96	0.8344E-20
54.97	0.1655E-19
57.07	0.3176E-19
59.24	0.5929E-19
61.50	0.1070E-18
63.84	0.1875E-18
66.27	0.3196E-18
68.79	0.5304E-18
71.41	0.8584E-18
74.13	0.1356E-17
76.96	0.2096E-17
79.89	0.3174E-17
82.93	0.4715E-17
86.09	0.6879E-17
89.37	0.9871E-17
92.77	0.1394E-16
96.31	0.1941E-16
99.97	0.2669E-16
103.8	0.3624E-16
107.7	0.4864E-16
111.8	0.6459E-16
116.1	0.8491E-16
120.5	0.1106E-15
125.1	0.1428E-15
129.9	0.1827E-15
134.8	0.2321E-15
140.0	0.2926E-15
145.3	0.3662E-15
150.8	0.4551E-15
156.6	0.5620E-15
162.5	0.6897E-15
168.7	0.8412E-15
175.1	0.1020E-14
181.8	0.1230E-14
188.7	0.1476E-14
195.9	0.1760E-14
203.4	0.2089E-14
211.1	0.2468E-14
219.2	0.2901E-14
227.5	0.3395E-14
236.2	0.3955E-14
245.2	0.4588E-14
254.5	0.5300E-14
264.2	0.6098E-14
274.3	0.6989E-14
284.7	0.7981E-14
295.6	0.9082E-14
306.8	0.1030E-13
318.5	0.1164E-13
330.6	0.1312E-13
343.2	0.1474E-13
356.3	0.1651E-13
369.9	0.1845E-13
384.0	0.2056E-13
398.6	0.2285E-13
413.8	0.2534E-13
429.5	0.2804E-13
445.9	0.3095E-13
462.9	0.3411E-13
480.5	0.3750E-13
498.8	0.4117E-13
517.8	0.4510E-13
537.5	0.4933E-13
558.0	0.5386E-13
579.2	0.5872E-13
601.3	0.6391E-13
624.2	0.6947E-13
648.0	0.7540E-13
672.6	0.8173E-13
698.3	0.8848E-13
724.9	0.9566E-13
752.5	0.1033E-12
781.1	0.1114E-12
810.9	0.1200E-12
841.8	0.1291E-12
873.8	0.1388E-12
907.1	0.1490E-12
941.6	0.1598E-12
977.5	0.1712E-12
1015.	0.1832E-12
1053.	0.1959E-12
1094.	0.2093E-12
1135.	0.2234E-12
1178.	0.2381E-12
1223.	0.2537E-12
1270.	0.2700E-12
1318.	0.2871E-12
1368.	0.3050E-12
1421.	0.3237E-12
1475.	0.3433E-12
1531.	0.3638E-12
1589.	0.3852E-12
1650.	0.4075E-12
1712.	0.4307E-12
1778.	0.4549E-12
1845.	0.4800E-12
1916.	0.5062E-12
1989.	0.5334E-12
2064.	0.5616E-12
2143.	0.5909E-12
2225.	0.6212E-12
2309.	0.6526E-12
2397.	0.6851E-12
2489.	0.7187E-12
2583.	0.7535E-12
2682.	0.7894E-12
2784.	0.8264E-12
2890.	0.8645E-12
3000.	0.9037E-12
 
 
HCl                                                             
E/N (Td)	Inelastic energy loss coefficient (eV m3/s)
0.1000E-02	-0.1042E-24
0.1038E-02	-0.1648E-26
0.1078E-02	-0.1507E-26
0.1119E-02	-0.1354E-26
0.1161E-02	-0.1190E-26
0.1205E-02	-0.1013E-26
0.1251E-02	-0.8218E-27
0.1299E-02	-0.6161E-27
0.1349E-02	-0.3945E-27
0.1400E-02	-0.1556E-27
0.1453E-02	0.1018E-27
0.1509E-02	0.3792E-27
0.1566E-02	0.6781E-27
0.1626E-02	0.1000E-26
0.1688E-02	0.1347E-26
0.1752E-02	0.1721E-26
0.1819E-02	0.2124E-26
0.1888E-02	0.2559E-26
0.1960E-02	0.3027E-26
0.2034E-02	0.3531E-26
0.2112E-02	0.4075E-26
0.2192E-02	0.4661E-26
0.2276E-02	0.5292E-26
0.2362E-02	0.5972E-26
0.2452E-02	0.6705E-26
0.2546E-02	0.7495E-26
0.2643E-02	0.8347E-26
0.2743E-02	0.9264E-26
0.2848E-02	0.1025E-25
0.2956E-02	0.1132E-25
0.3069E-02	0.1247E-25
0.3186E-02	0.1370E-25
0.3307E-02	0.1504E-25
0.3433E-02	0.1647E-25
0.3564E-02	0.1802E-25
0.3700E-02	0.1969E-25
0.3841E-02	0.2149E-25
0.3987E-02	0.2343E-25
0.4139E-02	0.2551E-25
0.4296E-02	0.2776E-25
0.4460E-02	0.3019E-25
0.4630E-02	0.3280E-25
0.4806E-02	0.3562E-25
0.4989E-02	0.3865E-25
0.5179E-02	0.4193E-25
0.5377E-02	0.4545E-25
0.5581E-02	0.4925E-25
0.5794E-02	0.5334E-25
0.6015E-02	0.5775E-25
0.6244E-02	0.6251E-25
0.6481E-02	0.6763E-25
0.6728E-02	0.7315E-25
0.6985E-02	0.7910E-25
0.7251E-02	0.8551E-25
0.7527E-02	0.9242E-25
0.7813E-02	0.9987E-25
0.8111E-02	0.1079E-24
0.8420E-02	0.1165E-24
0.8741E-02	0.1259E-24
0.9073E-02	0.1359E-24
0.9419E-02	0.1467E-24
0.9778E-02	0.1584E-24
0.1015E-01	0.1710E-24
0.1054E-01	0.1845E-24
0.1094E-01	0.1992E-24
0.1135E-01	0.2149E-24
0.1179E-01	0.2319E-24
0.1224E-01	0.2502E-24
0.1270E-01	0.2699E-24
0.1319E-01	0.2911E-24
0.1369E-01	0.3140E-24
0.1421E-01	0.3387E-24
0.1475E-01	0.3653E-24
0.1531E-01	0.3940E-24
0.1590E-01	0.4249E-24
0.1650E-01	0.4582E-24
0.1713E-01	0.4942E-24
0.1778E-01	0.5329E-24
0.1846E-01	0.5746E-24
0.1916E-01	0.6197E-24
0.1989E-01	0.6682E-24
0.2065E-01	0.7205E-24
0.2144E-01	0.7769E-24
0.2225E-01	0.8377E-24
0.2310E-01	0.9033E-24
0.2398E-01	0.9740E-24
0.2489E-01	0.1050E-23
0.2584E-01	0.1133E-23
0.2682E-01	0.1221E-23
0.2785E-01	0.1317E-23
0.2891E-01	0.1420E-23
0.3001E-01	0.1531E-23
0.3115E-01	0.1652E-23
0.3234E-01	0.1781E-23
0.3357E-01	0.1921E-23
0.3485E-01	0.2072E-23
0.3617E-01	0.2235E-23
0.3755E-01	0.2410E-23
0.3898E-01	0.2600E-23
0.4047E-01	0.2805E-23
0.4201E-01	0.3026E-23
0.4361E-01	0.3265E-23
0.4527E-01	0.3523E-23
0.4699E-01	0.3802E-23
0.4878E-01	0.4103E-23
0.5064E-01	0.4428E-23
0.5257E-01	0.4780E-23
0.5457E-01	0.5160E-23
0.5665E-01	0.5572E-23
0.5881E-01	0.6017E-23
0.6105E-01	0.6498E-23
0.6337E-01	0.7020E-23
0.6579E-01	0.7584E-23
0.6829E-01	0.8195E-23
0.7089E-01	0.8858E-23
0.7359E-01	0.9576E-23
0.7640E-01	0.1035E-22
0.7931E-01	0.1120E-22
0.8233E-01	0.1212E-22
0.8546E-01	0.1311E-22
0.8872E-01	0.1420E-22
0.9210E-01	0.1538E-22
0.9560E-01	0.1666E-22
0.9924E-01	0.1805E-22
0.1030	0.1957E-22
0.1069	0.2123E-22
0.1110	0.2304E-22
0.1152	0.2502E-22
0.1196	0.2719E-22
0.1242	0.2956E-22
0.1289	0.3215E-22
0.1338	0.3500E-22
0.1389	0.3813E-22
0.1442	0.4158E-22
0.1497	0.4537E-22
0.1554	0.4955E-22
0.1613	0.5417E-22
0.1675	0.5928E-22
0.1739	0.6495E-22
0.1805	0.7124E-22
0.1874	0.7823E-22
0.1945	0.8603E-22
0.2019	0.9473E-22
0.2096	0.1045E-21
0.2176	0.1154E-21
0.2259	0.1276E-21
0.2345	0.1414E-21
0.2434	0.1570E-21
0.2527	0.1746E-21
0.2623	0.1946E-21
0.2723	0.2173E-21
0.2826	0.2431E-21
0.2934	0.2727E-21
0.3046	0.3065E-21
0.3162	0.3453E-21
0.3282	0.3900E-21
0.3407	0.4416E-21
0.3537	0.5012E-21
0.3672	0.5704E-21
0.3812	0.6508E-21
0.3957	0.7444E-21
0.4107	0.8538E-21
0.4264	0.9818E-21
0.4426	0.1132E-20
0.4595	0.1308E-20
0.4770	0.1516E-20
0.4952	0.1761E-20
0.5140	0.2051E-20
0.5336	0.2394E-20
0.5539	0.2801E-20
0.5750	0.3284E-20
0.5969	0.3857E-20
0.6196	0.4539E-20
0.6432	0.5351E-20
0.6677	0.6318E-20
0.6932	0.7471E-20
0.7196	0.8843E-20
0.7470	0.1048E-19
0.7754	0.1243E-19
0.8050	0.1475E-19
0.8356	0.1751E-19
0.8674	0.2079E-19
0.9005	0.2468E-19
0.9348	0.2930E-19
0.9704	0.3476E-19
1.007	0.4122E-19
1.046	0.4883E-19
1.086	0.5777E-19
1.127	0.6827E-19
1.170	0.8054E-19
1.214	0.9486E-19
1.261	0.1115E-18
1.309	0.1308E-18
1.358	0.1531E-18
1.410	0.1787E-18
1.464	0.2081E-18
1.520	0.2417E-18
1.578	0.2800E-18
1.638	0.3234E-18
1.700	0.3724E-18
1.765	0.4277E-18
1.832	0.4897E-18
1.902	0.5592E-18
1.974	0.6367E-18
2.049	0.7229E-18
2.127	0.8185E-18
2.208	0.9243E-18
2.293	0.1041E-17
2.380	0.1170E-17
2.470	0.1312E-17
2.565	0.1467E-17
2.662	0.1638E-17
2.764	0.1824E-17
2.869	0.2028E-17
2.978	0.2251E-17
3.092	0.2495E-17
3.209	0.2760E-17
3.332	0.3050E-17
3.458	0.3365E-17
3.590	0.3708E-17
3.727	0.4082E-17
3.869	0.4489E-17
4.016	0.4932E-17
4.169	0.5413E-17
4.328	0.5936E-17
4.493	0.6506E-17
4.664	0.7125E-17
4.841	0.7798E-17
5.026	0.8529E-17
5.217	0.9324E-17
5.416	0.1019E-16
5.622	0.1113E-16
5.836	0.1215E-16
6.059	0.1326E-16
6.289	0.1446E-16
6.529	0.1577E-16
6.778	0.1720E-16
7.036	0.1875E-16
7.304	0.2044E-16
7.582	0.2227E-16
7.871	0.2426E-16
8.170	0.2642E-16
8.482	0.2879E-16
8.805	0.3135E-16
9.140	0.3414E-16
9.488	0.3713E-16
9.849	0.4043E-16
10.22	0.4402E-16
10.61	0.4792E-16
11.02	0.5217E-16
11.44	0.5681E-16
11.87	0.6185E-16
12.33	0.6743E-16
12.80	0.7343E-16
13.28	0.7997E-16
13.79	0.8711E-16
14.31	0.9497E-16
14.86	0.1035E-15
15.42	0.1128E-15
16.01	0.1229E-15
16.62	0.1345E-15
17.25	0.1466E-15
17.91	0.1600E-15
18.59	0.1746E-15
19.30	0.1899E-15
20.04	0.2074E-15
20.80	0.2267E-15
21.59	0.2484E-15
22.42	0.2718E-15
23.27	0.2976E-15
24.16	0.3264E-15
25.08	0.3596E-15
26.03	0.3947E-15
27.02	0.4336E-15
28.05	0.4753E-15
29.12	0.5233E-15
30.23	0.5768E-15
31.38	0.6361E-15
32.57	0.7028E-15
33.82	0.7775E-15
35.10	0.8614E-15
36.44	0.9549E-15
37.83	0.1059E-14
39.27	0.1176E-14
40.76	0.1306E-14
42.32	0.1451E-14
43.93	0.1611E-14
45.60	0.1788E-14
47.34	0.1983E-14
49.14	0.2195E-14
51.01	0.2426E-14
52.96	0.2675E-14
54.97	0.2941E-14
57.07	0.3225E-14
59.24	0.3524E-14
61.50	0.3836E-14
63.84	0.4162E-14
66.27	0.4500E-14
68.79	0.4847E-14
71.41	0.5205E-14
74.13	0.5564E-14
76.96	0.5941E-14
79.89	0.6328E-14
82.93	0.6727E-14
86.09	0.7140E-14
89.37	0.7566E-14
92.77	0.8002E-14
96.31	0.8466E-14
99.97	0.8952E-14
103.8	0.9462E-14
107.7	0.1000E-13
111.8	0.1057E-13
116.1	0.1117E-13
120.5	0.1181E-13
125.1	0.1248E-13
129.9	0.1321E-13
134.8	0.1397E-13
140.0	0.1479E-13
145.3	0.1566E-13
150.8	0.1659E-13
156.6	0.1758E-13
162.5	0.1864E-13
168.7	0.1977E-13
175.1	0.2097E-13
181.8	0.2225E-13
188.7	0.2361E-13
195.9	0.2506E-13
203.4	0.2661E-13
211.1	0.2825E-13
219.2	0.3000E-13
227.5	0.3186E-13
236.2	0.3384E-13
245.2	0.3594E-13
254.5	0.3817E-13
264.2	0.4053E-13
274.3	0.4304E-13
284.7	0.4571E-13
295.6	0.4853E-13
306.8	0.5153E-13
318.5	0.5470E-13
330.6	0.5806E-13
343.2	0.6162E-13
356.3	0.6539E-13
369.9	0.6938E-13
384.0	0.7361E-13
398.6	0.7808E-13
413.8	0.8281E-13
429.5	0.8782E-13
445.9	0.9311E-13
462.9	0.9870E-13
480.5	0.1046E-12
498.8	0.1109E-12
517.8	0.1175E-12
537.5	0.1244E-12
558.0	0.1318E-12
579.2	0.1395E-12
601.3	0.1477E-12
624.2	0.1563E-12
648.0	0.1654E-12
672.6	0.1749E-12
698.3	0.1850E-12
724.9	0.1956E-12
752.5	0.2067E-12
781.1	0.2184E-12
810.9	0.2307E-12
841.8	0.2436E-12
873.8	0.2571E-12
907.1	0.2713E-12
941.6	0.2861E-12
977.5	0.3016E-12
1015.	0.3179E-12
1053.	0.3349E-12
1094.	0.3527E-12
1135.	0.3712E-12
1178.	0.3906E-12
1223.	0.4108E-12
1270.	0.4318E-12
1318.	0.4537E-12
1368.	0.4765E-12
1421.	0.5002E-12
1475.	0.5248E-12
1531.	0.5503E-12
1589.	0.5769E-12
1650.	0.6043E-12
1712.	0.6328E-12
1778.	0.6623E-12
1845.	0.6928E-12
1916.	0.7243E-12
1989.	0.7568E-12
2064.	0.7904E-12
2143.	0.8251E-12
2225.	0.8608E-12
2309.	0.8976E-12
2397.	0.9355E-12
2489.	0.9745E-12
2583.	0.1015E-11
2682.	0.1056E-11
2784.	0.1098E-11
2890.	0.1141E-11
3000.	0.1186E-11
 
 
